Solution,NDCG_Loss,Classification_Error,Complexity,Genome
1,0.9877030496613249,0.43137254901960786,2253.0,"2,1,2,4,1,1,1,2,2,1,3,4,2,1,1,1,1,4,3,4,4,2,1,4,3,4,4,1,2,2,1,4,4,2,1,4,2,4,1,4,4,3,1,3,4,3,3,1,2,2,1,2,3,2,1,2,1,4,3,3,1,2,4,2,3,4,1,1,2,1,2,2,2,1,1,2,2,1,2,3,2,4,3,1,1,3,1,1,1,1,1,1,3,4,2,1,2,3,2,1,1,3,2,4,3,4,2,1,2,4,2,2,2,2,4,3,1,2,4,1,3,1,4,2,1,4,2,4,1,2,4,2,2,1,3,3,3,4,4,2,2,4,3,1,2,2,3,3,2,3,3,3,4,4,1,4,1,1,1,3,4,2,2,1,2,4,4,4,3,4,2,4,3,2,1,4,3,4,2,2,2,3,4,4,3,3,3,2,3,2,1,2,2,3,2,2,4,2,3,2,2,4,1,4,2,4,3,1,3,2,4,2,4,2,3,1,3,1,2,1,1,1,4,2,4,1,2,2,2,3,1,1,2,3,1,4,3,4,1,1,1,1,2,2,2,1,2,3,4,1,3,1,4,2,3,3,1,4,4,4,4,2,2,4,2,2,4,2,2,4,4,1,1,3,4,3,1,2,3,1,1,4,3,1,1,4,1,2,3,4,4,2,3,2,2,2,2,1,1,1,4,2,2,3,4,4,3,1,1,1,4,1,2,3,1,1,2,3,2,4,1,3,3,3,4,2,1,2,3,1,3,3,1,1,1,3,4,3,2,3,1,2,3,3,4,2,2,4,3,4,2,4,1,1,4,3,2,4,3,3,2,1,3,2,2,3,3,2,1,3,3,2,3,4,2,4,4,3,2,4,2,2,1,1,1,3,2,4,2,1,1,2,1,2,2,2,2,1,3,4,2,2,2,1,4,2,3,4,2,1,3,4,4,4,3,2,4,2,2,2,4,3,1,1,1,1,3,1,1,3,4,3,1,1,2,1,2,2,4,1,1,2,4,4,1,2,3,2,1,1,2,3,2,4,1,1,1,4,3,1,2,3,1,2,3,4,2,2,3,1,2,3,1,1,2,4,2,3,1,4,3,1,4,1,3,1,2,1,1,1,1,4,4,3,1,1,2,4,1,1,2,1,1,2,2,2,2,3,3,3,1,3,1,3,2,3,1,1,2,2,4,4,1,2,4,1,1,2,1,2,1,4,4,2,3,3,1,4,2,3,2,2,3,3,1,1,3,2,2,3,4,1,2,2,1,2,1,1,1,2,4,3,2,3,3,4,4,2,4,3,3,1,3,3,1,4,3,4,1,1,1,4,4,2,1,4,2,2,1,1,4,1,3,2,2,2,3,4,1,1,2,2,1,4,4,3,4,3,3,2,1,3,4,1,2,3,3,3,4,2,3,2,1,1,3,1,1,3,2,2,2,1,1,1,4,2,2,4,1,3,4,1,3,3,4,1,1,3,3,1,1,4,2,2,1,3,1,3,3,4,3,4,2,3,1,2,2,1,2,2,1,2,2,4,1,2,1,3,4,3,1,1,3,3,1,4,1,3,1,1,1,2,3,3,2,2,1,2,3,3,4,1,4,3,4,2,1,2,4,3,3,1,1,1,2,1,2,3,4,4,2,4,2,2,3,2,3,3,2,2,2,3,2,3,4,2,1,3,3,1,3,2,1,3,1,1,3,2,3,4,3,2,4,3,1,4,2,4,1,1,2,2,2,2,2,1,1,1,1,3,1,4,1,4,2,3,1,2,2,4,1,3,2,3,1,3,2,2,2,2,4,2,4,3,1,4,1,3,3,3,3,2,1,2,4,4,2,2,1,3,4,1,3,4,1,2,2,3,3,2,2,3,3,3,4,3,2,2,2,1,3,1,3,1,3,4,1,3,3,2,2,3,1,2,2,1,1,3,3,1,2,2,1,1,2,1,3,1,1,2,1,2,3,4,3,1,4,3,2,4,4,3,2,3,2,1,1,2,1,3,2,4,4,3,3,3,3,4,1,1,3,2,2,2,1,1,1,4,2,3,1,2,2,3,1,1,1,3,1,3,2,2,1,2,1,1,2,1,1,4,1,2,4,4,2,1,2,2,4,2,4,4,4,4,1,3,2,1,1,1,2,3,1,2,3,1,3,4,3,3,4,3,1,2,1,3,3,3,1,4,4,4,1,1,1,1,1,4,2,4,2,3,4,4,1,1,1,1,3,4,3,1,1,3,1,1,2,1,2,3,4,2,4,1,1,1,2,4,3,1,2,3,1,1,2,2,1,4,1,2,2,2,4,3,4,2,4,1,4,1,4,1,4,3,1,1,4,4,1,4,2,4,3,1,3,3,2,2,3,1,3,4,1,1,4,1,2,1,1,1,1,3,3,3,2,4,4,2,1,2,1,1,2,1,3,3,3,3,2,3,1,2,2,3,4,4,3,3,1,1,3,3,4,3,4,3,1,4,4,4,3,2,4,1,3,4,3,2,2,3,3,3,4,3,1,2,4,4,2,2,1,1,1,4,1,1,1,3,3,4,2,1,3,3,4,2,1,3,4,4,3,4,2,4,2,2,3,2,2,1,2,3,2,3,2,2,1,3,2,3,4,1,3,4,1,3,3,2,2,3,3,1,4,1,1,3,1,3,4,1,4,1,4,2,1,2,1,1,1,3,1,1,3,1,3,3,1,2,2,1,1,4,1,2,4,4,3,2,1,1,4,1,4,3,4,1,4,1,1,1,2,3,4,1,1,2,3,2,1,3,3,1,4,3,3,3,4,2,1,2,2,4,2,1,1,4,3,1,4,4,2,4,3,2,1,1,1,2,1,1,3,3,3,3,1,1,4,2,1,2,1,1,3,3,3,3,1,3,3,2,2,4,2,2,2,2,1,4,3,3,3,3,1,3,4,1,1,2,4,2,1,3,2,3,4,1,3,1,2,3,4,1,2,2,2,1,2,4,4,1,2,2,2,2,4,3,3,2,1,4,2,2,3,2,3,2,3,2,1,1,1,4,4,1,1,2,1,3,4,2,2,4,1,1,3,3,1,1,2,2,1,4,2,4,2,3,2,4,4,1,4,3,1,2,2,1,1,3,2,1,2,2,4,2,4,2,3,1,1,2,2,2,1,4,1,3,1,4,3,3,3,4,4,2,1,4,4,2,3,4,4,1,1,1,4,1,3,4,2,4,2,2,4,4,2,3,1,4,2,2,1,1,2,4,2,2,1,1,4,4,1,1,3,4,1,4,1,2,4,3,2,3,3,1,1,2,1,4,2,1,2,1,3,3,4,4,4,2,3,4,1,1,1,4,2,1,4,4,1,1,3,3,3,3,2,2,1,1,4,2,2,2,2,3,1,1,4,2,4,2,1,1,2,2,4,1,3,4,3,3,1,4,3,2,4,3,3,4,1,3,1,1,2,1,4,4,2,3,3,1,3,1,2,3,4,3,2,1,1,4,2,1,3,1,2,2,2,2,2,3,2,4,4,2,4,3,1,1,2,1,3,1,1,1,1,1,1,3,1,1,1,3,3,3,2,4,2,2,1,2,4,3,4,1,3,3,3,3,2,1,2,3,1,3,3,1,1,1,2,4,2,1,4,3,2,1,2,1,3,1,1,3,2,1,3,2,2,2,3,4,1,1,4,2,2,2,3,1,3,4,4,2,4,2,1,2,3,4,3,3,1,3,2,2,2,2,3,3,3,4,1,3,4,1,4,1,1,2,4,3,1,1,2,3,1,1,4,1,3,1,1,1,2,2,4,1,2,1,4,4,4,3,2,2,4,4,3,4,4,3"
2,0.9877030496613249,0.43137254901960786,2253.0,"2,1,2,4,1,1,1,2,2,1,3,4,2,1,1,1,1,4,3,4,4,2,1,4,3,4,4,1,2,2,1,4,4,2,1,4,2,4,1,4,4,3,1,3,4,3,3,1,2,2,1,2,3,2,1,2,1,4,3,3,1,2,4,2,3,4,1,1,2,1,2,2,2,1,1,2,2,1,2,3,2,4,3,1,1,3,1,1,1,1,1,1,3,4,2,1,2,3,2,1,1,3,2,4,3,4,2,1,2,4,2,2,2,2,4,3,1,2,4,1,3,1,4,2,1,4,2,4,1,2,4,2,2,1,3,3,3,4,4,2,2,4,3,1,2,2,3,3,2,3,3,3,4,4,1,4,1,1,1,3,4,2,2,1,2,4,4,4,3,4,2,4,3,2,1,4,3,4,2,2,2,3,4,4,3,3,3,2,3,2,1,2,2,3,2,2,4,2,3,2,2,4,1,4,2,4,3,1,3,2,4,2,4,2,3,1,3,1,2,1,1,1,4,2,4,1,2,2,2,3,1,1,2,3,1,4,3,4,1,1,1,1,2,2,2,1,2,3,4,1,3,1,4,2,3,3,1,4,4,4,4,2,2,4,2,2,4,2,2,4,4,1,1,3,4,3,1,2,3,1,1,4,3,1,1,4,1,2,3,4,4,2,3,2,2,2,2,1,1,1,4,2,2,3,4,4,3,1,1,1,4,1,2,3,1,1,2,3,2,4,1,3,3,3,4,2,1,2,3,1,3,3,1,1,1,3,4,3,2,3,1,2,3,3,4,2,2,4,3,4,2,4,1,1,4,3,2,4,3,3,2,1,3,2,2,3,3,2,1,3,3,2,3,4,2,4,4,3,2,4,2,2,1,1,1,3,2,4,2,1,1,2,1,2,2,2,2,1,3,4,2,2,2,1,4,2,3,4,2,1,3,4,4,4,3,2,4,2,2,2,4,3,1,1,1,1,3,1,1,3,4,3,1,1,2,1,2,2,4,1,1,2,4,4,1,2,3,2,1,1,2,3,2,4,1,1,1,4,3,1,2,3,1,2,3,4,2,2,3,1,2,3,1,1,2,4,2,3,1,4,3,1,4,1,3,1,2,1,1,1,1,4,4,3,1,1,2,4,1,1,2,1,1,2,2,2,2,3,3,3,1,3,1,3,2,3,1,1,2,2,4,4,1,2,4,1,1,2,1,2,1,4,4,2,3,3,1,4,2,3,2,2,3,3,1,1,3,2,2,3,4,1,2,2,1,2,1,1,1,2,4,3,2,3,3,4,4,2,4,3,3,1,3,3,1,4,3,4,1,1,1,4,4,2,1,4,2,2,1,1,4,1,3,2,2,2,3,4,1,1,2,2,1,4,4,3,4,3,3,2,1,3,4,1,2,3,3,3,4,2,3,2,1,1,3,1,1,3,2,2,2,1,1,1,4,2,2,4,1,3,4,1,3,3,4,1,1,3,3,1,1,4,2,2,1,3,1,3,3,4,3,4,2,3,1,2,2,1,2,2,1,2,2,4,1,2,1,3,4,3,1,1,3,3,1,4,1,3,1,1,1,2,3,3,2,2,1,2,3,3,4,1,4,3,4,2,1,2,4,3,3,1,1,1,2,1,2,3,4,4,2,4,2,2,3,2,3,3,2,2,2,3,2,3,4,2,1,3,3,1,3,2,1,3,1,1,3,2,3,4,3,2,4,3,1,4,2,4,1,1,2,2,2,2,2,1,1,1,1,3,1,4,1,4,2,3,1,2,2,4,1,3,2,3,1,3,2,2,2,2,4,2,4,3,1,4,1,3,3,3,3,2,1,2,4,4,2,2,1,3,4,1,3,4,1,2,2,3,3,2,2,3,3,3,4,3,2,2,2,1,3,1,3,1,3,4,1,3,3,2,2,3,1,2,2,1,1,3,3,1,2,2,1,1,2,1,3,1,1,2,1,2,3,4,3,1,4,3,2,4,4,3,2,3,2,1,1,2,1,3,2,4,4,3,3,3,3,4,1,1,3,2,2,2,1,1,1,4,2,3,1,2,2,3,1,1,1,3,1,3,2,2,1,2,1,1,2,1,1,4,1,2,4,4,2,1,2,2,4,2,4,4,4,4,1,3,2,1,1,1,2,3,1,2,3,1,3,4,3,3,4,3,1,2,1,3,3,3,1,4,4,4,1,1,1,1,1,4,2,4,2,3,4,4,1,1,1,1,3,4,3,1,1,3,1,1,2,1,2,3,4,2,4,1,1,1,2,4,3,1,2,3,1,1,2,2,1,4,1,2,2,2,4,3,4,2,4,1,4,1,4,1,4,3,1,1,4,4,1,4,2,4,3,1,3,3,2,2,3,1,3,4,1,1,4,1,2,1,1,1,1,3,3,3,2,4,4,2,1,2,1,1,2,1,3,3,3,3,2,3,1,2,2,3,4,4,3,3,1,1,3,3,4,3,4,3,1,4,4,4,3,2,4,1,3,4,3,2,2,3,3,3,4,3,1,2,4,4,2,2,1,1,1,4,1,1,1,3,3,4,2,1,3,3,4,2,1,3,4,4,3,4,2,4,2,2,3,2,2,1,2,3,2,3,2,2,1,3,2,3,4,1,3,4,1,3,3,2,2,3,3,1,4,1,1,3,1,3,4,1,4,1,4,2,1,2,1,1,1,3,1,1,3,1,3,3,1,2,2,1,1,4,1,2,4,4,3,2,1,1,4,1,4,3,4,1,4,1,1,1,2,3,4,1,1,2,3,2,1,3,3,1,4,3,3,3,4,2,1,2,2,4,2,1,1,4,3,1,4,4,2,4,3,2,1,1,1,2,1,1,3,3,3,3,1,1,4,2,1,2,1,1,3,3,3,3,1,3,3,2,2,4,2,2,2,2,1,4,3,3,3,3,1,3,4,1,1,2,4,2,1,3,2,3,4,1,3,1,2,3,4,1,2,2,2,1,2,4,4,1,2,2,2,2,4,3,3,2,1,4,2,2,3,2,3,2,3,2,1,1,1,4,4,1,1,2,1,3,4,2,2,4,1,1,3,3,1,1,2,2,1,4,2,4,2,3,2,4,4,1,4,3,1,2,2,1,1,3,2,1,2,2,4,2,4,2,3,1,1,2,2,2,1,4,1,3,1,4,3,3,3,4,4,2,1,4,4,2,3,4,4,1,1,1,4,1,3,4,2,4,2,2,4,4,2,3,1,4,2,2,1,1,2,4,2,2,1,1,4,4,1,1,3,4,1,4,1,2,4,3,2,3,3,1,1,2,1,4,2,1,2,1,3,3,4,4,4,2,3,4,1,1,1,4,2,1,4,4,1,1,3,3,3,3,2,2,1,1,4,2,2,2,2,3,1,1,4,2,4,2,1,1,2,2,4,1,3,4,3,3,1,4,3,2,4,3,3,4,1,3,1,1,2,1,4,4,2,3,3,1,3,1,2,3,4,3,2,1,1,4,2,1,3,1,2,2,2,2,2,3,2,4,4,2,4,3,1,1,2,1,3,1,1,1,1,1,1,3,1,1,1,3,3,3,2,4,2,2,1,2,4,3,4,1,3,3,3,3,2,1,2,3,1,3,3,1,1,1,2,4,2,1,4,3,2,1,2,1,3,1,1,3,2,1,3,2,2,2,3,4,1,1,4,2,2,2,3,1,3,4,4,2,4,2,1,2,3,4,3,3,1,3,2,2,2,2,3,3,3,4,1,3,4,1,4,1,1,2,4,3,1,1,2,3,1,1,4,1,3,1,1,1,2,2,4,1,2,1,4,4,4,3,2,2,4,4,3,4,4,3"
3,0.9877030496613249,0.43137254901960786,2253.0,"2,1,2,4,1,1,1,2,2,1,3,4,2,1,1,1,1,4,3,4,4,2,1,4,3,4,4,1,2,2,1,4,4,2,1,4,2,4,1,4,4,3,1,3,4,3,3,1,2,2,1,2,3,2,1,2,1,4,3,3,1,2,4,2,3,4,1,1,2,1,2,2,2,1,1,2,2,1,2,3,2,4,3,1,1,3,1,1,1,1,1,1,3,4,2,1,2,3,2,1,1,3,2,4,3,4,2,1,2,4,2,2,2,2,4,3,1,2,4,1,3,1,4,2,1,4,2,4,1,2,4,2,2,1,3,3,3,4,4,2,2,4,3,1,2,2,3,3,2,3,3,3,4,4,1,4,1,1,1,3,4,2,2,1,2,4,4,4,3,4,2,4,3,2,1,4,3,4,2,2,2,3,4,4,3,3,3,2,3,2,1,2,2,3,2,2,4,2,3,2,2,4,1,4,2,4,3,1,3,2,4,2,4,2,3,1,3,1,2,1,1,1,4,2,4,1,2,2,2,3,1,1,2,3,1,4,3,4,1,1,1,1,2,2,2,1,2,3,4,1,3,1,4,2,3,3,1,4,4,4,4,2,2,4,2,2,4,2,2,4,4,1,1,3,4,3,1,2,3,1,1,4,3,1,1,4,1,2,3,4,4,2,3,2,2,2,2,1,1,1,4,2,2,3,4,4,3,1,1,1,4,1,2,3,1,1,2,3,2,4,1,3,3,3,4,2,1,2,3,1,3,3,1,1,1,3,4,3,2,3,1,2,3,3,4,2,2,4,3,4,2,4,1,1,4,3,2,4,3,3,2,1,3,2,2,3,3,2,1,3,3,2,3,4,2,4,4,3,2,4,2,2,1,1,1,3,2,4,2,1,1,2,1,2,2,2,2,1,3,4,2,2,2,1,4,2,3,4,2,1,3,4,4,4,3,2,4,2,2,2,4,3,1,1,1,1,3,1,1,3,4,3,1,1,2,1,2,2,4,1,1,2,4,4,1,2,3,2,1,1,2,3,2,4,1,1,1,4,3,1,2,3,1,2,3,4,2,2,3,1,2,3,1,1,2,4,2,3,1,4,3,1,4,1,3,1,2,1,1,1,1,4,4,3,1,1,2,4,1,1,2,1,1,2,2,2,2,3,3,3,1,3,1,3,2,3,1,1,2,2,4,4,1,2,4,1,1,2,1,2,1,4,4,2,3,3,1,4,2,3,2,2,3,3,1,1,3,2,2,3,4,1,2,2,1,2,1,1,1,2,4,3,2,3,3,4,4,2,4,3,3,1,3,3,1,4,3,4,1,1,1,4,4,2,1,4,2,2,1,1,4,1,3,2,2,2,3,4,1,1,2,2,1,4,4,3,4,3,3,2,1,3,4,1,2,3,3,3,4,2,3,2,1,1,3,1,1,3,2,2,2,1,1,1,4,2,2,4,1,3,4,1,3,3,4,1,1,3,3,1,1,4,2,2,1,3,1,3,3,4,3,4,2,3,1,2,2,1,2,2,1,2,2,4,1,2,1,3,4,3,1,1,3,3,1,4,1,3,1,1,1,2,3,3,2,2,1,2,3,3,4,1,4,3,4,2,1,2,4,3,3,1,1,1,2,1,2,3,4,4,2,4,2,2,3,2,3,3,2,2,2,3,2,3,4,2,1,3,3,1,3,2,1,3,1,1,3,2,3,4,3,2,4,3,1,4,2,4,1,1,2,2,2,2,2,1,1,1,1,3,1,4,1,4,2,3,1,2,2,4,1,3,2,3,1,3,2,2,2,2,4,2,4,3,1,4,1,3,3,3,3,2,1,2,4,4,2,2,1,3,4,1,3,4,1,2,2,3,3,2,2,3,3,3,4,3,2,2,2,1,3,1,3,1,3,4,1,3,3,2,2,3,1,2,2,1,1,3,3,1,2,2,1,1,2,1,3,1,1,2,1,2,3,4,3,1,4,3,2,4,4,3,2,3,2,1,1,2,1,3,2,4,4,3,3,3,3,4,1,1,3,2,2,2,1,1,1,4,2,3,1,2,2,3,1,1,1,3,1,3,2,2,1,2,1,1,2,1,1,4,1,2,4,4,2,1,2,2,4,2,4,4,4,4,1,3,2,1,1,1,2,3,1,2,3,1,3,4,3,3,4,3,1,2,1,3,3,3,1,4,4,4,1,1,1,1,1,4,2,4,2,3,4,4,1,1,1,1,3,4,3,1,1,3,1,1,2,1,2,3,4,2,4,1,1,1,2,4,3,1,2,3,1,1,2,2,1,4,1,2,2,2,4,3,4,2,4,1,4,1,4,1,4,3,1,1,4,4,1,4,2,4,3,1,3,3,2,2,3,1,3,4,1,1,4,1,2,1,1,1,1,3,3,3,2,4,4,2,1,2,1,1,2,1,3,3,3,3,2,3,1,2,2,3,4,4,3,3,1,1,3,3,4,3,4,3,1,4,4,4,3,2,4,1,3,4,3,2,2,3,3,3,4,3,1,2,4,4,2,2,1,1,1,4,1,1,1,3,3,4,2,1,3,3,4,2,1,3,4,4,3,4,2,4,2,2,3,2,2,1,2,3,2,3,2,2,1,3,2,3,4,1,3,4,1,3,3,2,2,3,3,1,4,1,1,3,1,3,4,1,4,1,4,2,1,2,1,1,1,3,1,1,3,1,3,3,1,2,2,1,1,4,1,2,4,4,3,2,1,1,4,1,4,3,4,1,4,1,1,1,2,3,4,1,1,2,3,2,1,3,3,1,4,3,3,3,4,2,1,2,2,4,2,1,1,4,3,1,4,4,2,4,3,2,1,1,1,2,1,1,3,3,3,3,1,1,4,2,1,2,1,1,3,3,3,3,1,3,3,2,2,4,2,2,2,2,1,4,3,3,3,3,1,3,4,1,1,2,4,2,1,3,2,3,4,1,3,1,2,3,4,1,2,2,2,1,2,4,4,1,2,2,2,2,4,3,3,2,1,4,2,2,3,2,3,2,3,2,1,1,1,4,4,1,1,2,1,3,4,2,2,4,1,1,3,3,1,1,2,2,1,4,2,4,2,3,2,4,4,1,4,3,1,2,2,1,1,3,2,1,2,2,4,2,4,2,3,1,1,2,2,2,1,4,1,3,1,4,3,3,3,4,4,2,1,4,4,2,3,4,4,1,1,1,4,1,3,4,2,4,2,2,4,4,2,3,1,4,2,2,1,1,2,4,2,2,1,1,4,4,1,1,3,4,1,4,1,2,4,3,2,3,3,1,1,2,1,4,2,1,2,1,3,3,4,4,4,2,3,4,1,1,1,4,2,1,4,4,1,1,3,3,3,3,2,2,1,1,4,2,2,2,2,3,1,1,4,2,4,2,1,1,2,2,4,1,3,4,3,3,1,4,3,2,4,3,3,4,1,3,1,1,2,1,4,4,2,3,3,1,3,1,2,3,4,3,2,1,1,4,2,1,3,1,2,2,2,2,2,3,2,4,4,2,4,3,1,1,2,1,3,1,1,1,1,1,1,3,1,1,1,3,3,3,2,4,2,2,1,2,4,3,4,1,3,3,3,3,2,1,2,3,1,3,3,1,1,1,2,4,2,1,4,3,2,1,2,1,3,1,1,3,2,1,3,2,2,2,3,4,1,1,4,2,2,2,3,1,3,4,4,2,4,2,1,2,3,4,3,3,1,3,2,2,2,2,3,3,3,4,1,3,4,1,4,1,1,2,4,3,1,1,2,3,1,1,4,1,3,1,1,1,2,2,4,1,2,1,4,4,4,3,2,2,4,4,3,4,4,3"
4,0.9877030496613249,0.43137254901960786,2253.0,"2,1,2,4,1,1,1,2,2,1,3,4,2,1,1,1,1,4,3,4,4,2,1,4,3,4,4,1,2,2,1,4,4,2,1,4,2,4,1,4,4,3,1,3,4,3,3,1,2,2,1,2,3,2,1,2,1,4,3,3,1,2,4,2,3,4,1,1,2,1,2,2,2,1,1,2,2,1,2,3,2,4,3,1,1,3,1,1,1,1,1,1,3,4,2,1,2,3,2,1,1,3,2,4,3,4,2,1,2,4,2,2,2,2,4,3,1,2,4,1,3,1,4,2,1,4,2,4,1,2,4,2,2,1,3,3,3,4,4,2,2,4,3,1,2,2,3,3,2,3,3,3,4,4,1,4,1,1,1,3,4,2,2,1,2,4,4,4,3,4,2,4,3,2,1,4,3,4,2,2,2,3,4,4,3,3,3,2,3,2,1,2,2,3,2,2,4,2,3,2,2,4,1,4,2,4,3,1,3,2,4,2,4,2,3,1,3,1,2,1,1,1,4,2,4,1,2,2,2,3,1,1,2,3,1,4,3,4,1,1,1,1,2,2,2,1,2,3,4,1,3,1,4,2,3,3,1,4,4,4,4,2,2,4,2,2,4,2,2,4,4,1,1,3,4,3,1,2,3,1,1,4,3,1,1,4,1,2,3,4,4,2,3,2,2,2,2,1,1,1,4,2,2,3,4,4,3,1,1,1,4,1,2,3,1,1,2,3,2,4,1,3,3,3,4,2,1,2,3,1,3,3,1,1,1,3,4,3,2,3,1,2,3,3,4,2,2,4,3,4,2,4,1,1,4,3,2,4,3,3,2,1,3,2,2,3,3,2,1,3,3,2,3,4,2,4,4,3,2,4,2,2,1,1,1,3,2,4,2,1,1,2,1,2,2,2,2,1,3,4,2,2,2,1,4,2,3,4,2,1,3,4,4,4,3,2,4,2,2,2,4,3,1,1,1,1,3,1,1,3,4,3,1,1,2,1,2,2,4,1,1,2,4,4,1,2,3,2,1,1,2,3,2,4,1,1,1,4,3,1,2,3,1,2,3,4,2,2,3,1,2,3,1,1,2,4,2,3,1,4,3,1,4,1,3,1,2,1,1,1,1,4,4,3,1,1,2,4,1,1,2,1,1,2,2,2,2,3,3,3,1,3,1,3,2,3,1,1,2,2,4,4,1,2,4,1,1,2,1,2,1,4,4,2,3,3,1,4,2,3,2,2,3,3,1,1,3,2,2,3,4,1,2,2,1,2,1,1,1,2,4,3,2,3,3,4,4,2,4,3,3,1,3,3,1,4,3,4,1,1,1,4,4,2,1,4,2,2,1,1,4,1,3,2,2,2,3,4,1,1,2,2,1,4,4,3,4,3,3,2,1,3,4,1,2,3,3,3,4,2,3,2,1,1,3,1,1,3,2,2,2,1,1,1,4,2,2,4,1,3,4,1,3,3,4,1,1,3,3,1,1,4,2,2,1,3,1,3,3,4,3,4,2,3,1,2,2,1,2,2,1,2,2,4,1,2,1,3,4,3,1,1,3,3,1,4,1,3,1,1,1,2,3,3,2,2,1,2,3,3,4,1,4,3,4,2,1,2,4,3,3,1,1,1,2,1,2,3,4,4,2,4,2,2,3,2,3,3,2,2,2,3,2,3,4,2,1,3,3,1,3,2,1,3,1,1,3,2,3,4,3,2,4,3,1,4,2,4,1,1,2,2,2,2,2,1,1,1,1,3,1,4,1,4,2,3,1,2,2,4,1,3,2,3,1,3,2,2,2,2,4,2,4,3,1,4,1,3,3,3,3,2,1,2,4,4,2,2,1,3,4,1,3,4,1,2,2,3,3,2,2,3,3,3,4,3,2,2,2,1,3,1,3,1,3,4,1,3,3,2,2,3,1,2,2,1,1,3,3,1,2,2,1,1,2,1,3,1,1,2,1,2,3,4,3,1,4,3,2,4,4,3,2,3,2,1,1,2,1,3,2,4,4,3,3,3,3,4,1,1,3,2,2,2,1,1,1,4,2,3,1,2,2,3,1,1,1,3,1,3,2,2,1,2,1,1,2,1,1,4,1,2,4,4,2,1,2,2,4,2,4,4,4,4,1,3,2,1,1,1,2,3,1,2,3,1,3,4,3,3,4,3,1,2,1,3,3,3,1,4,4,4,1,1,1,1,1,4,2,4,2,3,4,4,1,1,1,1,3,4,3,1,1,3,1,1,2,1,2,3,4,2,4,1,1,1,2,4,3,1,2,3,1,1,2,2,1,4,1,2,2,2,4,3,4,2,4,1,4,1,4,1,4,3,1,1,4,4,1,4,2,4,3,1,3,3,2,2,3,1,3,4,1,1,4,1,2,1,1,1,1,3,3,3,2,4,4,2,1,2,1,1,2,1,3,3,3,3,2,3,1,2,2,3,4,4,3,3,1,1,3,3,4,3,4,3,1,4,4,4,3,2,4,1,3,4,3,2,2,3,3,3,4,3,1,2,4,4,2,2,1,1,1,4,1,1,1,3,3,4,2,1,3,3,4,2,1,3,4,4,3,4,2,4,2,2,3,2,2,1,2,3,2,3,2,2,1,3,2,3,4,1,3,4,1,3,3,2,2,3,3,1,4,1,1,3,1,3,4,1,4,1,4,2,1,2,1,1,1,3,1,1,3,1,3,3,1,2,2,1,1,4,1,2,4,4,3,2,1,1,4,1,4,3,4,1,4,1,1,1,2,3,4,1,1,2,3,2,1,3,3,1,4,3,3,3,4,2,1,2,2,4,2,1,1,4,3,1,4,4,2,4,3,2,1,1,1,2,1,1,3,3,3,3,1,1,4,2,1,2,1,1,3,3,3,3,1,3,3,2,2,4,2,2,2,2,1,4,3,3,3,3,1,3,4,1,1,2,4,2,1,3,2,3,4,1,3,1,2,3,4,1,2,2,2,1,2,4,4,1,2,2,2,2,4,3,3,2,1,4,2,2,3,2,3,2,3,2,1,1,1,4,4,1,1,2,1,3,4,2,2,4,1,1,3,3,1,1,2,2,1,4,2,4,2,3,2,4,4,1,4,3,1,2,2,1,1,3,2,1,2,2,4,2,4,2,3,1,1,2,2,2,1,4,1,3,1,4,3,3,3,4,4,2,1,4,4,2,3,4,4,1,1,1,4,1,3,4,2,4,2,2,4,4,2,3,1,4,2,2,1,1,2,4,2,2,1,1,4,4,1,1,3,4,1,4,1,2,4,3,2,3,3,1,1,2,1,4,2,1,2,1,3,3,4,4,4,2,3,4,1,1,1,4,2,1,4,4,1,1,3,3,3,3,2,2,1,1,4,2,2,2,2,3,1,1,4,2,4,2,1,1,2,2,4,1,3,4,3,3,1,4,3,2,4,3,3,4,1,3,1,1,2,1,4,4,2,3,3,1,3,1,2,3,4,3,2,1,1,4,2,1,3,1,2,2,2,2,2,3,2,4,4,2,4,3,1,1,2,1,3,1,1,1,1,1,1,3,1,1,1,3,3,3,2,4,2,2,1,2,4,3,4,1,3,3,3,3,2,1,2,3,1,3,3,1,1,1,2,4,2,1,4,3,2,1,2,1,3,1,1,3,2,1,3,2,2,2,3,4,1,1,4,2,2,2,3,1,3,4,4,2,4,2,1,2,3,4,3,3,1,3,2,2,2,2,3,3,3,4,1,3,4,1,4,1,1,2,4,3,1,1,2,3,1,1,4,1,3,1,1,1,2,2,4,1,2,1,4,4,4,3,2,2,4,4,3,4,4,3"
5,0.9877030496613249,0.43137254901960786,2253.0,"2,1,2,4,1,1,1,2,2,1,3,4,2,1,1,1,1,4,3,4,4,2,1,4,3,4,4,1,2,2,1,4,4,2,1,4,2,4,1,4,4,3,1,3,4,3,3,1,2,2,1,2,3,2,1,2,1,4,3,3,1,2,4,2,3,4,1,1,2,1,2,2,2,1,1,2,2,1,2,3,2,4,3,1,1,3,1,1,1,1,1,1,3,4,2,1,2,3,2,1,1,3,2,4,3,4,2,1,2,4,2,2,2,2,4,3,1,2,4,1,3,1,4,2,1,4,2,4,1,2,4,2,2,1,3,3,3,4,4,2,2,4,3,1,2,2,3,3,2,3,3,3,4,4,1,4,1,1,1,3,4,2,2,1,2,4,4,4,3,4,2,4,3,2,1,4,3,4,2,2,2,3,4,4,3,3,3,2,3,2,1,2,2,3,2,2,4,2,3,2,2,4,1,4,2,4,3,1,3,2,4,2,4,2,3,1,3,1,2,1,1,1,4,2,4,1,2,2,2,3,1,1,2,3,1,4,3,4,1,1,1,1,2,2,2,1,2,3,4,1,3,1,4,2,3,3,1,4,4,4,4,2,2,4,2,2,4,2,2,4,4,1,1,3,4,3,1,2,3,1,1,4,3,1,1,4,1,2,3,4,4,2,3,2,2,2,2,1,1,1,4,2,2,3,4,4,3,1,1,1,4,1,2,3,1,1,2,3,2,4,1,3,3,3,4,2,1,2,3,1,3,3,1,1,1,3,4,3,2,3,1,2,3,3,4,2,2,4,3,4,2,4,1,1,4,3,2,4,3,3,2,1,3,2,2,3,3,2,1,3,3,2,3,4,2,4,4,3,2,4,2,2,1,1,1,3,2,4,2,1,1,2,1,2,2,2,2,1,3,4,2,2,2,1,4,2,3,4,2,1,3,4,4,4,3,2,4,2,2,2,4,3,1,1,1,1,3,1,1,3,4,3,1,1,2,1,2,2,4,1,1,2,4,4,1,2,3,2,1,1,2,3,2,4,1,1,1,4,3,1,2,3,1,2,3,4,2,2,3,1,2,3,1,1,2,4,2,3,1,4,3,1,4,1,3,1,2,1,1,1,1,4,4,3,1,1,2,4,1,1,2,1,1,2,2,2,2,3,3,3,1,3,1,3,2,3,1,1,2,2,4,4,1,2,4,1,1,2,1,2,1,4,4,2,3,3,1,4,2,3,2,2,3,3,1,1,3,2,2,3,4,1,2,2,1,2,1,1,1,2,4,3,2,3,3,4,4,2,4,3,3,1,3,3,1,4,3,4,1,1,1,4,4,2,1,4,2,2,1,1,4,1,3,2,2,2,3,4,1,1,2,2,1,4,4,3,4,3,3,2,1,3,4,1,2,3,3,3,4,2,3,2,1,1,3,1,1,3,2,2,2,1,1,1,4,2,2,4,1,3,4,1,3,3,4,1,1,3,3,1,1,4,2,2,1,3,1,3,3,4,3,4,2,3,1,2,2,1,2,2,1,2,2,4,1,2,1,3,4,3,1,1,3,3,1,4,1,3,1,1,1,2,3,3,2,2,1,2,3,3,4,1,4,3,4,2,1,2,4,3,3,1,1,1,2,1,2,3,4,4,2,4,2,2,3,2,3,3,2,2,2,3,2,3,4,2,1,3,3,1,3,2,1,3,1,1,3,2,3,4,3,2,4,3,1,4,2,4,1,1,2,2,2,2,2,1,1,1,1,3,1,4,1,4,2,3,1,2,2,4,1,3,2,3,1,3,2,2,2,2,4,2,4,3,1,4,1,3,3,3,3,2,1,2,4,4,2,2,1,3,4,1,3,4,1,2,2,3,3,2,2,3,3,3,4,3,2,2,2,1,3,1,3,1,3,4,1,3,3,2,2,3,1,2,2,1,1,3,3,1,2,2,1,1,2,1,3,1,1,2,1,2,3,4,3,1,4,3,2,4,4,3,2,3,2,1,1,2,1,3,2,4,4,3,3,3,3,4,1,1,3,2,2,2,1,1,1,4,2,3,1,2,2,3,1,1,1,3,1,3,2,2,1,2,1,1,2,1,1,4,1,2,4,4,2,1,2,2,4,2,4,4,4,4,1,3,2,1,1,1,2,3,1,2,3,1,3,4,3,3,4,3,1,2,1,3,3,3,1,4,4,4,1,1,1,1,1,4,2,4,2,3,4,4,1,1,1,1,3,4,3,1,1,3,1,1,2,1,2,3,4,2,4,1,1,1,2,4,3,1,2,3,1,1,2,2,1,4,1,2,2,2,4,3,4,2,4,1,4,1,4,1,4,3,1,1,4,4,1,4,2,4,3,1,3,3,2,2,3,1,3,4,1,1,4,1,2,1,1,1,1,3,3,3,2,4,4,2,1,2,1,1,2,1,3,3,3,3,2,3,1,2,2,3,4,4,3,3,1,1,3,3,4,3,4,3,1,4,4,4,3,2,4,1,3,4,3,2,2,3,3,3,4,3,1,2,4,4,2,2,1,1,1,4,1,1,1,3,3,4,2,1,3,3,4,2,1,3,4,4,3,4,2,4,2,2,3,2,2,1,2,3,2,3,2,2,1,3,2,3,4,1,3,4,1,3,3,2,2,3,3,1,4,1,1,3,1,3,4,1,4,1,4,2,1,2,1,1,1,3,1,1,3,1,3,3,1,2,2,1,1,4,1,2,4,4,3,2,1,1,4,1,4,3,4,1,4,1,1,1,2,3,4,1,1,2,3,2,1,3,3,1,4,3,3,3,4,2,1,2,2,4,2,1,1,4,3,1,4,4,2,4,3,2,1,1,1,2,1,1,3,3,3,3,1,1,4,2,1,2,1,1,3,3,3,3,1,3,3,2,2,4,2,2,2,2,1,4,3,3,3,3,1,3,4,1,1,2,4,2,1,3,2,3,4,1,3,1,2,3,4,1,2,2,2,1,2,4,4,1,2,2,2,2,4,3,3,2,1,4,2,2,3,2,3,2,3,2,1,1,1,4,4,1,1,2,1,3,4,2,2,4,1,1,3,3,1,1,2,2,1,4,2,4,2,3,2,4,4,1,4,3,1,2,2,1,1,3,2,1,2,2,4,2,4,2,3,1,1,2,2,2,1,4,1,3,1,4,3,3,3,4,4,2,1,4,4,2,3,4,4,1,1,1,4,1,3,4,2,4,2,2,4,4,2,3,1,4,2,2,1,1,2,4,2,2,1,1,4,4,1,1,3,4,1,4,1,2,4,3,2,3,3,1,1,2,1,4,2,1,2,1,3,3,4,4,4,2,3,4,1,1,1,4,2,1,4,4,1,1,3,3,3,3,2,2,1,1,4,2,2,2,2,3,1,1,4,2,4,2,1,1,2,2,4,1,3,4,3,3,1,4,3,2,4,3,3,4,1,3,1,1,2,1,4,4,2,3,3,1,3,1,2,3,4,3,2,1,1,4,2,1,3,1,2,2,2,2,2,3,2,4,4,2,4,3,1,1,2,1,3,1,1,1,1,1,1,3,1,1,1,3,3,3,2,4,2,2,1,2,4,3,4,1,3,3,3,3,2,1,2,3,1,3,3,1,1,1,2,4,2,1,4,3,2,1,2,1,3,1,1,3,2,1,3,2,2,2,3,4,1,1,4,2,2,2,3,1,3,4,4,2,4,2,1,2,3,4,3,3,1,3,2,2,2,2,3,3,3,4,1,3,4,1,4,1,1,2,4,3,1,1,2,3,1,1,4,1,3,1,1,1,2,2,4,1,2,1,4,4,4,3,2,2,4,4,3,4,4,3"
6,0.9877030496613249,0.43137254901960786,2253.0,"2,1,2,4,1,1,1,2,2,1,3,4,2,1,1,1,1,4,3,4,4,2,1,4,3,4,4,1,2,2,1,4,4,2,1,4,2,4,1,4,4,3,1,3,4,3,3,1,2,2,1,2,3,2,1,2,1,4,3,3,1,2,4,2,3,4,1,1,2,1,2,2,2,1,1,2,2,1,2,3,2,4,3,1,1,3,1,1,1,1,1,1,3,4,2,1,2,3,2,1,1,3,2,4,3,4,2,1,2,4,2,2,2,2,4,3,1,2,4,1,3,1,4,2,1,4,2,4,1,2,4,2,2,1,3,3,3,4,4,2,2,4,3,1,2,2,3,3,2,3,3,3,4,4,1,4,1,1,1,3,4,2,2,1,2,4,4,4,3,4,2,4,3,2,1,4,3,4,2,2,2,3,4,4,3,3,3,2,3,2,1,2,2,3,2,2,4,2,3,2,2,4,1,4,2,4,3,1,3,2,4,2,4,2,3,1,3,1,2,1,1,1,4,2,4,1,2,2,2,3,1,1,2,3,1,4,3,4,1,1,1,1,2,2,2,1,2,3,4,1,3,1,4,2,3,3,1,4,4,4,4,2,2,4,2,2,4,2,2,4,4,1,1,3,4,3,1,2,3,1,1,4,3,1,1,4,1,2,3,4,4,2,3,2,2,2,2,1,1,1,4,2,2,3,4,4,3,1,1,1,4,1,2,3,1,1,2,3,2,4,1,3,3,3,4,2,1,2,3,1,3,3,1,1,1,3,4,3,2,3,1,2,3,3,4,2,2,4,3,4,2,4,1,1,4,3,2,4,3,3,2,1,3,2,2,3,3,2,1,3,3,2,3,4,2,4,4,3,2,4,2,2,1,1,1,3,2,4,2,1,1,2,1,2,2,2,2,1,3,4,2,2,2,1,4,2,3,4,2,1,3,4,4,4,3,2,4,2,2,2,4,3,1,1,1,1,3,1,1,3,4,3,1,1,2,1,2,2,4,1,1,2,4,4,1,2,3,2,1,1,2,3,2,4,1,1,1,4,3,1,2,3,1,2,3,4,2,2,3,1,2,3,1,1,2,4,2,3,1,4,3,1,4,1,3,1,2,1,1,1,1,4,4,3,1,1,2,4,1,1,2,1,1,2,2,2,2,3,3,3,1,3,1,3,2,3,1,1,2,2,4,4,1,2,4,1,1,2,1,2,1,4,4,2,3,3,1,4,2,3,2,2,3,3,1,1,3,2,2,3,4,1,2,2,1,2,1,1,1,2,4,3,2,3,3,4,4,2,4,3,3,1,3,3,1,4,3,4,1,1,1,4,4,2,1,4,2,2,1,1,4,1,3,2,2,2,3,4,1,1,2,2,1,4,4,3,4,3,3,2,1,3,4,1,2,3,3,3,4,2,3,2,1,1,3,1,1,3,2,2,2,1,1,1,4,2,2,4,1,3,4,1,3,3,4,1,1,3,3,1,1,4,2,2,1,3,1,3,3,4,3,4,2,3,1,2,2,1,2,2,1,2,2,4,1,2,1,3,4,3,1,1,3,3,1,4,1,3,1,1,1,2,3,3,2,2,1,2,3,3,4,1,4,3,4,2,1,2,4,3,3,1,1,1,2,1,2,3,4,4,2,4,2,2,3,2,3,3,2,2,2,3,2,3,4,2,1,3,3,1,3,2,1,3,1,1,3,2,3,4,3,2,4,3,1,4,2,4,1,1,2,2,2,2,2,1,1,1,1,3,1,4,1,4,2,3,1,2,2,4,1,3,2,3,1,3,2,2,2,2,4,2,4,3,1,4,1,3,3,3,3,2,1,2,4,4,2,2,1,3,4,1,3,4,1,2,2,3,3,2,2,3,3,3,4,3,2,2,2,1,3,1,3,1,3,4,1,3,3,2,2,3,1,2,2,1,1,3,3,1,2,2,1,1,2,1,3,1,1,2,1,2,3,4,3,1,4,3,2,4,4,3,2,3,2,1,1,2,1,3,2,4,4,3,3,3,3,4,1,1,3,2,2,2,1,1,1,4,2,3,1,2,2,3,1,1,1,3,1,3,2,2,1,2,1,1,2,1,1,4,1,2,4,4,2,1,2,2,4,2,4,4,4,4,1,3,2,1,1,1,2,3,1,2,3,1,3,4,3,3,4,3,1,2,1,3,3,3,1,4,4,4,1,1,1,1,1,4,2,4,2,3,4,4,1,1,1,1,3,4,3,1,1,3,1,1,2,1,2,3,4,2,4,1,1,1,2,4,3,1,2,3,1,1,2,2,1,4,1,2,2,2,4,3,4,2,4,1,4,1,4,1,4,3,1,1,4,4,1,4,2,4,3,1,3,3,2,2,3,1,3,4,1,1,4,1,2,1,1,1,1,3,3,3,2,4,4,2,1,2,1,1,2,1,3,3,3,3,2,3,1,2,2,3,4,4,3,3,1,1,3,3,4,3,4,3,1,4,4,4,3,2,4,1,3,4,3,2,2,3,3,3,4,3,1,2,4,4,2,2,1,1,1,4,1,1,1,3,3,4,2,1,3,3,4,2,1,3,4,4,3,4,2,4,2,2,3,2,2,1,2,3,2,3,2,2,1,3,2,3,4,1,3,4,1,3,3,2,2,3,3,1,4,1,1,3,1,3,4,1,4,1,4,2,1,2,1,1,1,3,1,1,3,1,3,3,1,2,2,1,1,4,1,2,4,4,3,2,1,1,4,1,4,3,4,1,4,1,1,1,2,3,4,1,1,2,3,2,1,3,3,1,4,3,3,3,4,2,1,2,2,4,2,1,1,4,3,1,4,4,2,4,3,2,1,1,1,2,1,1,3,3,3,3,1,1,4,2,1,2,1,1,3,3,3,3,1,3,3,2,2,4,2,2,2,2,1,4,3,3,3,3,1,3,4,1,1,2,4,2,1,3,2,3,4,1,3,1,2,3,4,1,2,2,2,1,2,4,4,1,2,2,2,2,4,3,3,2,1,4,2,2,3,2,3,2,3,2,1,1,1,4,4,1,1,2,1,3,4,2,2,4,1,1,3,3,1,1,2,2,1,4,2,4,2,3,2,4,4,1,4,3,1,2,2,1,1,3,2,1,2,2,4,2,4,2,3,1,1,2,2,2,1,4,1,3,1,4,3,3,3,4,4,2,1,4,4,2,3,4,4,1,1,1,4,1,3,4,2,4,2,2,4,4,2,3,1,4,2,2,1,1,2,4,2,2,1,1,4,4,1,1,3,4,1,4,1,2,4,3,2,3,3,1,1,2,1,4,2,1,2,1,3,3,4,4,4,2,3,4,1,1,1,4,2,1,4,4,1,1,3,3,3,3,2,2,1,1,4,2,2,2,2,3,1,1,4,2,4,2,1,1,2,2,4,1,3,4,3,3,1,4,3,2,4,3,3,4,1,3,1,1,2,1,4,4,2,3,3,1,3,1,2,3,4,3,2,1,1,4,2,1,3,1,2,2,2,2,2,3,2,4,4,2,4,3,1,1,2,1,3,1,1,1,1,1,1,3,1,1,1,3,3,3,2,4,2,2,1,2,4,3,4,1,3,3,3,3,2,1,2,3,1,3,3,1,1,1,2,4,2,1,4,3,2,1,2,1,3,1,1,3,2,1,3,2,2,2,3,4,1,1,4,2,2,2,3,1,3,4,4,2,4,2,1,2,3,4,3,3,1,3,2,2,2,2,3,3,3,4,1,3,4,1,4,1,1,2,4,3,1,1,2,3,1,1,4,1,3,1,1,1,2,2,4,1,2,1,4,4,4,3,2,2,4,4,3,4,4,3"
7,0.9877030496613249,0.43137254901960786,2253.0,"2,1,2,4,1,1,1,2,2,1,3,4,2,1,1,1,1,4,3,4,4,2,1,4,3,4,4,1,2,2,1,4,4,2,1,4,2,4,1,4,4,3,1,3,4,3,3,1,2,2,1,2,3,2,1,2,1,4,3,3,1,2,4,2,3,4,1,1,2,1,2,2,2,1,1,2,2,1,2,3,2,4,3,1,1,3,1,1,1,1,1,1,3,4,2,1,2,3,2,1,1,3,2,4,3,4,2,1,2,4,2,2,2,2,4,3,1,2,4,1,3,1,4,2,1,4,2,4,1,2,4,2,2,1,3,3,3,4,4,2,2,4,3,1,2,2,3,3,2,3,3,3,4,4,1,4,1,1,1,3,4,2,2,1,2,4,4,4,3,4,2,4,3,2,1,4,3,4,2,2,2,3,4,4,3,3,3,2,3,2,1,2,2,3,2,2,4,2,3,2,2,4,1,4,2,4,3,1,3,2,4,2,4,2,3,1,3,1,2,1,1,1,4,2,4,1,2,2,2,3,1,1,2,3,1,4,3,4,1,1,1,1,2,2,2,1,2,3,4,1,3,1,4,2,3,3,1,4,4,4,4,2,2,4,2,2,4,2,2,4,4,1,1,3,4,3,1,2,3,1,1,4,3,1,1,4,1,2,3,4,4,2,3,2,2,2,2,1,1,1,4,2,2,3,4,4,3,1,1,1,4,1,2,3,1,1,2,3,2,4,1,3,3,3,4,2,1,2,3,1,3,3,1,1,1,3,4,3,2,3,1,2,3,3,4,2,2,4,3,4,2,4,1,1,4,3,2,4,3,3,2,1,3,2,2,3,3,2,1,3,3,2,3,4,2,4,4,3,2,4,2,2,1,1,1,3,2,4,2,1,1,2,1,2,2,2,2,1,3,4,2,2,2,1,4,2,3,4,2,1,3,4,4,4,3,2,4,2,2,2,4,3,1,1,1,1,3,1,1,3,4,3,1,1,2,1,2,2,4,1,1,2,4,4,1,2,3,2,1,1,2,3,2,4,1,1,1,4,3,1,2,3,1,2,3,4,2,2,3,1,2,3,1,1,2,4,2,3,1,4,3,1,4,1,3,1,2,1,1,1,1,4,4,3,1,1,2,4,1,1,2,1,1,2,2,2,2,3,3,3,1,3,1,3,2,3,1,1,2,2,4,4,1,2,4,1,1,2,1,2,1,4,4,2,3,3,1,4,2,3,2,2,3,3,1,1,3,2,2,3,4,1,2,2,1,2,1,1,1,2,4,3,2,3,3,4,4,2,4,3,3,1,3,3,1,4,3,4,1,1,1,4,4,2,1,4,2,2,1,1,4,1,3,2,2,2,3,4,1,1,2,2,1,4,4,3,4,3,3,2,1,3,4,1,2,3,3,3,4,2,3,2,1,1,3,1,1,3,2,2,2,1,1,1,4,2,2,4,1,3,4,1,3,3,4,1,1,3,3,1,1,4,2,2,1,3,1,3,3,4,3,4,2,3,1,2,2,1,2,2,1,2,2,4,1,2,1,3,4,3,1,1,3,3,1,4,1,3,1,1,1,2,3,3,2,2,1,2,3,3,4,1,4,3,4,2,1,2,4,3,3,1,1,1,2,1,2,3,4,4,2,4,2,2,3,2,3,3,2,2,2,3,2,3,4,2,1,3,3,1,3,2,1,3,1,1,3,2,3,4,3,2,4,3,1,4,2,4,1,1,2,2,2,2,2,1,1,1,1,3,1,4,1,4,2,3,1,2,2,4,1,3,2,3,1,3,2,2,2,2,4,2,4,3,1,4,1,3,3,3,3,2,1,2,4,4,2,2,1,3,4,1,3,4,1,2,2,3,3,2,2,3,3,3,4,3,2,2,2,1,3,1,3,1,3,4,1,3,3,2,2,3,1,2,2,1,1,3,3,1,2,2,1,1,2,1,3,1,1,2,1,2,3,4,3,1,4,3,2,4,4,3,2,3,2,1,1,2,1,3,2,4,4,3,3,3,3,4,1,1,3,2,2,2,1,1,1,4,2,3,1,2,2,3,1,1,1,3,1,3,2,2,1,2,1,1,2,1,1,4,1,2,4,4,2,1,2,2,4,2,4,4,4,4,1,3,2,1,1,1,2,3,1,2,3,1,3,4,3,3,4,3,1,2,1,3,3,3,1,4,4,4,1,1,1,1,1,4,2,4,2,3,4,4,1,1,1,1,3,4,3,1,1,3,1,1,2,1,2,3,4,2,4,1,1,1,2,4,3,1,2,3,1,1,2,2,1,4,1,2,2,2,4,3,4,2,4,1,4,1,4,1,4,3,1,1,4,4,1,4,2,4,3,1,3,3,2,2,3,1,3,4,1,1,4,1,2,1,1,1,1,3,3,3,2,4,4,2,1,2,1,1,2,1,3,3,3,3,2,3,1,2,2,3,4,4,3,3,1,1,3,3,4,3,4,3,1,4,4,4,3,2,4,1,3,4,3,2,2,3,3,3,4,3,1,2,4,4,2,2,1,1,1,4,1,1,1,3,3,4,2,1,3,3,4,2,1,3,4,4,3,4,2,4,2,2,3,2,2,1,2,3,2,3,2,2,1,3,2,3,4,1,3,4,1,3,3,2,2,3,3,1,4,1,1,3,1,3,4,1,4,1,4,2,1,2,1,1,1,3,1,1,3,1,3,3,1,2,2,1,1,4,1,2,4,4,3,2,1,1,4,1,4,3,4,1,4,1,1,1,2,3,4,1,1,2,3,2,1,3,3,1,4,3,3,3,4,2,1,2,2,4,2,1,1,4,3,1,4,4,2,4,3,2,1,1,1,2,1,1,3,3,3,3,1,1,4,2,1,2,1,1,3,3,3,3,1,3,3,2,2,4,2,2,2,2,1,4,3,3,3,3,1,3,4,1,1,2,4,2,1,3,2,3,4,1,3,1,2,3,4,1,2,2,2,1,2,4,4,1,2,2,2,2,4,3,3,2,1,4,2,2,3,2,3,2,3,2,1,1,1,4,4,1,1,2,1,3,4,2,2,4,1,1,3,3,1,1,2,2,1,4,2,4,2,3,2,4,4,1,4,3,1,2,2,1,1,3,2,1,2,2,4,2,4,2,3,1,1,2,2,2,1,4,1,3,1,4,3,3,3,4,4,2,1,4,4,2,3,4,4,1,1,1,4,1,3,4,2,4,2,2,4,4,2,3,1,4,2,2,1,1,2,4,2,2,1,1,4,4,1,1,3,4,1,4,1,2,4,3,2,3,3,1,1,2,1,4,2,1,2,1,3,3,4,4,4,2,3,4,1,1,1,4,2,1,4,4,1,1,3,3,3,3,2,2,1,1,4,2,2,2,2,3,1,1,4,2,4,2,1,1,2,2,4,1,3,4,3,3,1,4,3,2,4,3,3,4,1,3,1,1,2,1,4,4,2,3,3,1,3,1,2,3,4,3,2,1,1,4,2,1,3,1,2,2,2,2,2,3,2,4,4,2,4,3,1,1,2,1,3,1,1,1,1,1,1,3,1,1,1,3,3,3,2,4,2,2,1,2,4,3,4,1,3,3,3,3,2,1,2,3,1,3,3,1,1,1,2,4,2,1,4,3,2,1,2,1,3,1,1,3,2,1,3,2,2,2,3,4,1,1,4,2,2,2,3,1,3,4,4,2,4,2,1,2,3,4,3,3,1,3,2,2,2,2,3,3,3,4,1,3,4,1,4,1,1,2,4,3,1,1,2,3,1,1,4,1,3,1,1,1,2,2,4,1,2,1,4,4,4,3,2,2,4,4,3,4,4,3"
8,0.9877030496613249,0.43137254901960786,2253.0,"2,1,2,4,1,1,1,2,2,1,3,4,2,1,1,1,1,4,3,4,4,2,1,4,3,4,4,1,2,2,1,4,4,2,1,4,2,4,1,4,4,3,1,3,4,3,3,1,2,2,1,2,3,2,1,2,1,4,3,3,1,2,4,2,3,4,1,1,2,1,2,2,2,1,1,2,2,1,2,3,2,4,3,1,1,3,1,1,1,1,1,1,3,4,2,1,2,3,2,1,1,3,2,4,3,4,2,1,2,4,2,2,2,2,4,3,1,2,4,1,3,1,4,2,1,4,2,4,1,2,4,2,2,1,3,3,3,4,4,2,2,4,3,1,2,2,3,3,2,3,3,3,4,4,1,4,1,1,1,3,4,2,2,1,2,4,4,4,3,4,2,4,3,2,1,4,3,4,2,2,2,3,4,4,3,3,3,2,3,2,1,2,2,3,2,2,4,2,3,2,2,4,1,4,2,4,3,1,3,2,4,2,4,2,3,1,3,1,2,1,1,1,4,2,4,1,2,2,2,3,1,1,2,3,1,4,3,4,1,1,1,1,2,2,2,1,2,3,4,1,3,1,4,2,3,3,1,4,4,4,4,2,2,4,2,2,4,2,2,4,4,1,1,3,4,3,1,2,3,1,1,4,3,1,1,4,1,2,3,4,4,2,3,2,2,2,2,1,1,1,4,2,2,3,4,4,3,1,1,1,4,1,2,3,1,1,2,3,2,4,1,3,3,3,4,2,1,2,3,1,3,3,1,1,1,3,4,3,2,3,1,2,3,3,4,2,2,4,3,4,2,4,1,1,4,3,2,4,3,3,2,1,3,2,2,3,3,2,1,3,3,2,3,4,2,4,4,3,2,4,2,2,1,1,1,3,2,4,2,1,1,2,1,2,2,2,2,1,3,4,2,2,2,1,4,2,3,4,2,1,3,4,4,4,3,2,4,2,2,2,4,3,1,1,1,1,3,1,1,3,4,3,1,1,2,1,2,2,4,1,1,2,4,4,1,2,3,2,1,1,2,3,2,4,1,1,1,4,3,1,2,3,1,2,3,4,2,2,3,1,2,3,1,1,2,4,2,3,1,4,3,1,4,1,3,1,2,1,1,1,1,4,4,3,1,1,2,4,1,1,2,1,1,2,2,2,2,3,3,3,1,3,1,3,2,3,1,1,2,2,4,4,1,2,4,1,1,2,1,2,1,4,4,2,3,3,1,4,2,3,2,2,3,3,1,1,3,2,2,3,4,1,2,2,1,2,1,1,1,2,4,3,2,3,3,4,4,2,4,3,3,1,3,3,1,4,3,4,1,1,1,4,4,2,1,4,2,2,1,1,4,1,3,2,2,2,3,4,1,1,2,2,1,4,4,3,4,3,3,2,1,3,4,1,2,3,3,3,4,2,3,2,1,1,3,1,1,3,2,2,2,1,1,1,4,2,2,4,1,3,4,1,3,3,4,1,1,3,3,1,1,4,2,2,1,3,1,3,3,4,3,4,2,3,1,2,2,1,2,2,1,2,2,4,1,2,1,3,4,3,1,1,3,3,1,4,1,3,1,1,1,2,3,3,2,2,1,2,3,3,4,1,4,3,4,2,1,2,4,3,3,1,1,1,2,1,2,3,4,4,2,4,2,2,3,2,3,3,2,2,2,3,2,3,4,2,1,3,3,1,3,2,1,3,1,1,3,2,3,4,3,2,4,3,1,4,2,4,1,1,2,2,2,2,2,1,1,1,1,3,1,4,1,4,2,3,1,2,2,4,1,3,2,3,1,3,2,2,2,2,4,2,4,3,1,4,1,3,3,3,3,2,1,2,4,4,2,2,1,3,4,1,3,4,1,2,2,3,3,2,2,3,3,3,4,3,2,2,2,1,3,1,3,1,3,4,1,3,3,2,2,3,1,2,2,1,1,3,3,1,2,2,1,1,2,1,3,1,1,2,1,2,3,4,3,1,4,3,2,4,4,3,2,3,2,1,1,2,1,3,2,4,4,3,3,3,3,4,1,1,3,2,2,2,1,1,1,4,2,3,1,2,2,3,1,1,1,3,1,3,2,2,1,2,1,1,2,1,1,4,1,2,4,4,2,1,2,2,4,2,4,4,4,4,1,3,2,1,1,1,2,3,1,2,3,1,3,4,3,3,4,3,1,2,1,3,3,3,1,4,4,4,1,1,1,1,1,4,2,4,2,3,4,4,1,1,1,1,3,4,3,1,1,3,1,1,2,1,2,3,4,2,4,1,1,1,2,4,3,1,2,3,1,1,2,2,1,4,1,2,2,2,4,3,4,2,4,1,4,1,4,1,4,3,1,1,4,4,1,4,2,4,3,1,3,3,2,2,3,1,3,4,1,1,4,1,2,1,1,1,1,3,3,3,2,4,4,2,1,2,1,1,2,1,3,3,3,3,2,3,1,2,2,3,4,4,3,3,1,1,3,3,4,3,4,3,1,4,4,4,3,2,4,1,3,4,3,2,2,3,3,3,4,3,1,2,4,4,2,2,1,1,1,4,1,1,1,3,3,4,2,1,3,3,4,2,1,3,4,4,3,4,2,4,2,2,3,2,2,1,2,3,2,3,2,2,1,3,2,3,4,1,3,4,1,3,3,2,2,3,3,1,4,1,1,3,1,3,4,1,4,1,4,2,1,2,1,1,1,3,1,1,3,1,3,3,1,2,2,1,1,4,1,2,4,4,3,2,1,1,4,1,4,3,4,1,4,1,1,1,2,3,4,1,1,2,3,2,1,3,3,1,4,3,3,3,4,2,1,2,2,4,2,1,1,4,3,1,4,4,2,4,3,2,1,1,1,2,1,1,3,3,3,3,1,1,4,2,1,2,1,1,3,3,3,3,1,3,3,2,2,4,2,2,2,2,1,4,3,3,3,3,1,3,4,1,1,2,4,2,1,3,2,3,4,1,3,1,2,3,4,1,2,2,2,1,2,4,4,1,2,2,2,2,4,3,3,2,1,4,2,2,3,2,3,2,3,2,1,1,1,4,4,1,1,2,1,3,4,2,2,4,1,1,3,3,1,1,2,2,1,4,2,4,2,3,2,4,4,1,4,3,1,2,2,1,1,3,2,1,2,2,4,2,4,2,3,1,1,2,2,2,1,4,1,3,1,4,3,3,3,4,4,2,1,4,4,2,3,4,4,1,1,1,4,1,3,4,2,4,2,2,4,4,2,3,1,4,2,2,1,1,2,4,2,2,1,1,4,4,1,1,3,4,1,4,1,2,4,3,2,3,3,1,1,2,1,4,2,1,2,1,3,3,4,4,4,2,3,4,1,1,1,4,2,1,4,4,1,1,3,3,3,3,2,2,1,1,4,2,2,2,2,3,1,1,4,2,4,2,1,1,2,2,4,1,3,4,3,3,1,4,3,2,4,3,3,4,1,3,1,1,2,1,4,4,2,3,3,1,3,1,2,3,4,3,2,1,1,4,2,1,3,1,2,2,2,2,2,3,2,4,4,2,4,3,1,1,2,1,3,1,1,1,1,1,1,3,1,1,1,3,3,3,2,4,2,2,1,2,4,3,4,1,3,3,3,3,2,1,2,3,1,3,3,1,1,1,2,4,2,1,4,3,2,1,2,1,3,1,1,3,2,1,3,2,2,2,3,4,1,1,4,2,2,2,3,1,3,4,4,2,4,2,1,2,3,4,3,3,1,3,2,2,2,2,3,3,3,4,1,3,4,1,4,1,1,2,4,3,1,1,2,3,1,1,4,1,3,1,1,1,2,2,4,1,2,1,4,4,4,3,2,2,4,4,3,4,4,3"
9,0.9877030496613249,0.43137254901960786,2253.0,"2,1,2,4,1,1,1,2,2,1,3,4,2,1,1,1,1,4,3,4,4,2,1,4,3,4,4,1,2,2,1,4,4,2,1,4,2,4,1,4,4,3,1,3,4,3,3,1,2,2,1,2,3,2,1,2,1,4,3,3,1,2,4,2,3,4,1,1,2,1,2,2,2,1,1,2,2,1,2,3,2,4,3,1,1,3,1,1,1,1,1,1,3,4,2,1,2,3,2,1,1,3,2,4,3,4,2,1,2,4,2,2,2,2,4,3,1,2,4,1,3,1,4,2,1,4,2,4,1,2,4,2,2,1,3,3,3,4,4,2,2,4,3,1,2,2,3,3,2,3,3,3,4,4,1,4,1,1,1,3,4,2,2,1,2,4,4,4,3,4,2,4,3,2,1,4,3,4,2,2,2,3,4,4,3,3,3,2,3,2,1,2,2,3,2,2,4,2,3,2,2,4,1,4,2,4,3,1,3,2,4,2,4,2,3,1,3,1,2,1,1,1,4,2,4,1,2,2,2,3,1,1,2,3,1,4,3,4,1,1,1,1,2,2,2,1,2,3,4,1,3,1,4,2,3,3,1,4,4,4,4,2,2,4,2,2,4,2,2,4,4,1,1,3,4,3,1,2,3,1,1,4,3,1,1,4,1,2,3,4,4,2,3,2,2,2,2,1,1,1,4,2,2,3,4,4,3,1,1,1,4,1,2,3,1,1,2,3,2,4,1,3,3,3,4,2,1,2,3,1,3,3,1,1,1,3,4,3,2,3,1,2,3,3,4,2,2,4,3,4,2,4,1,1,4,3,2,4,3,3,2,1,3,2,2,3,3,2,1,3,3,2,3,4,2,4,4,3,2,4,2,2,1,1,1,3,2,4,2,1,1,2,1,2,2,2,2,1,3,4,2,2,2,1,4,2,3,4,2,1,3,4,4,4,3,2,4,2,2,2,4,3,1,1,1,1,3,1,1,3,4,3,1,1,2,1,2,2,4,1,1,2,4,4,1,2,3,2,1,1,2,3,2,4,1,1,1,4,3,1,2,3,1,2,3,4,2,2,3,1,2,3,1,1,2,4,2,3,1,4,3,1,4,1,3,1,2,1,1,1,1,4,4,3,1,1,2,4,1,1,2,1,1,2,2,2,2,3,3,3,1,3,1,3,2,3,1,1,2,2,4,4,1,2,4,1,1,2,1,2,1,4,4,2,3,3,1,4,2,3,2,2,3,3,1,1,3,2,2,3,4,1,2,2,1,2,1,1,1,2,4,3,2,3,3,4,4,2,4,3,3,1,3,3,1,4,3,4,1,1,1,4,4,2,1,4,2,2,1,1,4,1,3,2,2,2,3,4,1,1,2,2,1,4,4,3,4,3,3,2,1,3,4,1,2,3,3,3,4,2,3,2,1,1,3,1,1,3,2,2,2,1,1,1,4,2,2,4,1,3,4,1,3,3,4,1,1,3,3,1,1,4,2,2,1,3,1,3,3,4,3,4,2,3,1,2,2,1,2,2,1,2,2,4,1,2,1,3,4,3,1,1,3,3,1,4,1,3,1,1,1,2,3,3,2,2,1,2,3,3,4,1,4,3,4,2,1,2,4,3,3,1,1,1,2,1,2,3,4,4,2,4,2,2,3,2,3,3,2,2,2,3,2,3,4,2,1,3,3,1,3,2,1,3,1,1,3,2,3,4,3,2,4,3,1,4,2,4,1,1,2,2,2,2,2,1,1,1,1,3,1,4,1,4,2,3,1,2,2,4,1,3,2,3,1,3,2,2,2,2,4,2,4,3,1,4,1,3,3,3,3,2,1,2,4,4,2,2,1,3,4,1,3,4,1,2,2,3,3,2,2,3,3,3,4,3,2,2,2,1,3,1,3,1,3,4,1,3,3,2,2,3,1,2,2,1,1,3,3,1,2,2,1,1,2,1,3,1,1,2,1,2,3,4,3,1,4,3,2,4,4,3,2,3,2,1,1,2,1,3,2,4,4,3,3,3,3,4,1,1,3,2,2,2,1,1,1,4,2,3,1,2,2,3,1,1,1,3,1,3,2,2,1,2,1,1,2,1,1,4,1,2,4,4,2,1,2,2,4,2,4,4,4,4,1,3,2,1,1,1,2,3,1,2,3,1,3,4,3,3,4,3,1,2,1,3,3,3,1,4,4,4,1,1,1,1,1,4,2,4,2,3,4,4,1,1,1,1,3,4,3,1,1,3,1,1,2,1,2,3,4,2,4,1,1,1,2,4,3,1,2,3,1,1,2,2,1,4,1,2,2,2,4,3,4,2,4,1,4,1,4,1,4,3,1,1,4,4,1,4,2,4,3,1,3,3,2,2,3,1,3,4,1,1,4,1,2,1,1,1,1,3,3,3,2,4,4,2,1,2,1,1,2,1,3,3,3,3,2,3,1,2,2,3,4,4,3,3,1,1,3,3,4,3,4,3,1,4,4,4,3,2,4,1,3,4,3,2,2,3,3,3,4,3,1,2,4,4,2,2,1,1,1,4,1,1,1,3,3,4,2,1,3,3,4,2,1,3,4,4,3,4,2,4,2,2,3,2,2,1,2,3,2,3,2,2,1,3,2,3,4,1,3,4,1,3,3,2,2,3,3,1,4,1,1,3,1,3,4,1,4,1,4,2,1,2,1,1,1,3,1,1,3,1,3,3,1,2,2,1,1,4,1,2,4,4,3,2,1,1,4,1,4,3,4,1,4,1,1,1,2,3,4,1,1,2,3,2,1,3,3,1,4,3,3,3,4,2,1,2,2,4,2,1,1,4,3,1,4,4,2,4,3,2,1,1,1,2,1,1,3,3,3,3,1,1,4,2,1,2,1,1,3,3,3,3,1,3,3,2,2,4,2,2,2,2,1,4,3,3,3,3,1,3,4,1,1,2,4,2,1,3,2,3,4,1,3,1,2,3,4,1,2,2,2,1,2,4,4,1,2,2,2,2,4,3,3,2,1,4,2,2,3,2,3,2,3,2,1,1,1,4,4,1,1,2,1,3,4,2,2,4,1,1,3,3,1,1,2,2,1,4,2,4,2,3,2,4,4,1,4,3,1,2,2,1,1,3,2,1,2,2,4,2,4,2,3,1,1,2,2,2,1,4,1,3,1,4,3,3,3,4,4,2,1,4,4,2,3,4,4,1,1,1,4,1,3,4,2,4,2,2,4,4,2,3,1,4,2,2,1,1,2,4,2,2,1,1,4,4,1,1,3,4,1,4,1,2,4,3,2,3,3,1,1,2,1,4,2,1,2,1,3,3,4,4,4,2,3,4,1,1,1,4,2,1,4,4,1,1,3,3,3,3,2,2,1,1,4,2,2,2,2,3,1,1,4,2,4,2,1,1,2,2,4,1,3,4,3,3,1,4,3,2,4,3,3,4,1,3,1,1,2,1,4,4,2,3,3,1,3,1,2,3,4,3,2,1,1,4,2,1,3,1,2,2,2,2,2,3,2,4,4,2,4,3,1,1,2,1,3,1,1,1,1,1,1,3,1,1,1,3,3,3,2,4,2,2,1,2,4,3,4,1,3,3,3,3,2,1,2,3,1,3,3,1,1,1,2,4,2,1,4,3,2,1,2,1,3,1,1,3,2,1,3,2,2,2,3,4,1,1,4,2,2,2,3,1,3,4,4,2,4,2,1,2,3,4,3,3,1,3,2,2,2,2,3,3,3,4,1,3,4,1,4,1,1,2,4,3,1,1,2,3,1,1,4,1,3,1,1,1,2,2,4,1,2,1,4,4,4,3,2,2,4,4,3,4,4,3"
10,0.9877030496613249,0.43137254901960786,2253.0,"2,1,2,4,1,1,1,2,2,1,3,4,2,1,1,1,1,4,3,4,4,2,1,4,3,4,4,1,2,2,1,4,4,2,1,4,2,4,1,4,4,3,1,3,4,3,3,1,2,2,1,2,3,2,1,2,1,4,3,3,1,2,4,2,3,4,1,1,2,1,2,2,2,1,1,2,2,1,2,3,2,4,3,1,1,3,1,1,1,1,1,1,3,4,2,1,2,3,2,1,1,3,2,4,3,4,2,1,2,4,2,2,2,2,4,3,1,2,4,1,3,1,4,2,1,4,2,4,1,2,4,2,2,1,3,3,3,4,4,2,2,4,3,1,2,2,3,3,2,3,3,3,4,4,1,4,1,1,1,3,4,2,2,1,2,4,4,4,3,4,2,4,3,2,1,4,3,4,2,2,2,3,4,4,3,3,3,2,3,2,1,2,2,3,2,2,4,2,3,2,2,4,1,4,2,4,3,1,3,2,4,2,4,2,3,1,3,1,2,1,1,1,4,2,4,1,2,2,2,3,1,1,2,3,1,4,3,4,1,1,1,1,2,2,2,1,2,3,4,1,3,1,4,2,3,3,1,4,4,4,4,2,2,4,2,2,4,2,2,4,4,1,1,3,4,3,1,2,3,1,1,4,3,1,1,4,1,2,3,4,4,2,3,2,2,2,2,1,1,1,4,2,2,3,4,4,3,1,1,1,4,1,2,3,1,1,2,3,2,4,1,3,3,3,4,2,1,2,3,1,3,3,1,1,1,3,4,3,2,3,1,2,3,3,4,2,2,4,3,4,2,4,1,1,4,3,2,4,3,3,2,1,3,2,2,3,3,2,1,3,3,2,3,4,2,4,4,3,2,4,2,2,1,1,1,3,2,4,2,1,1,2,1,2,2,2,2,1,3,4,2,2,2,1,4,2,3,4,2,1,3,4,4,4,3,2,4,2,2,2,4,3,1,1,1,1,3,1,1,3,4,3,1,1,2,1,2,2,4,1,1,2,4,4,1,2,3,2,1,1,2,3,2,4,1,1,1,4,3,1,2,3,1,2,3,4,2,2,3,1,2,3,1,1,2,4,2,3,1,4,3,1,4,1,3,1,2,1,1,1,1,4,4,3,1,1,2,4,1,1,2,1,1,2,2,2,2,3,3,3,1,3,1,3,2,3,1,1,2,2,4,4,1,2,4,1,1,2,1,2,1,4,4,2,3,3,1,4,2,3,2,2,3,3,1,1,3,2,2,3,4,1,2,2,1,2,1,1,1,2,4,3,2,3,3,4,4,2,4,3,3,1,3,3,1,4,3,4,1,1,1,4,4,2,1,4,2,2,1,1,4,1,3,2,2,2,3,4,1,1,2,2,1,4,4,3,4,3,3,2,1,3,4,1,2,3,3,3,4,2,3,2,1,1,3,1,1,3,2,2,2,1,1,1,4,2,2,4,1,3,4,1,3,3,4,1,1,3,3,1,1,4,2,2,1,3,1,3,3,4,3,4,2,3,1,2,2,1,2,2,1,2,2,4,1,2,1,3,4,3,1,1,3,3,1,4,1,3,1,1,1,2,3,3,2,2,1,2,3,3,4,1,4,3,4,2,1,2,4,3,3,1,1,1,2,1,2,3,4,4,2,4,2,2,3,2,3,3,2,2,2,3,2,3,4,2,1,3,3,1,3,2,1,3,1,1,3,2,3,4,3,2,4,3,1,4,2,4,1,1,2,2,2,2,2,1,1,1,1,3,1,4,1,4,2,3,1,2,2,4,1,3,2,3,1,3,2,2,2,2,4,2,4,3,1,4,1,3,3,3,3,2,1,2,4,4,2,2,1,3,4,1,3,4,1,2,2,3,3,2,2,3,3,3,4,3,2,2,2,1,3,1,3,1,3,4,1,3,3,2,2,3,1,2,2,1,1,3,3,1,2,2,1,1,2,1,3,1,1,2,1,2,3,4,3,1,4,3,2,4,4,3,2,3,2,1,1,2,1,3,2,4,4,3,3,3,3,4,1,1,3,2,2,2,1,1,1,4,2,3,1,2,2,3,1,1,1,3,1,3,2,2,1,2,1,1,2,1,1,4,1,2,4,4,2,1,2,2,4,2,4,4,4,4,1,3,2,1,1,1,2,3,1,2,3,1,3,4,3,3,4,3,1,2,1,3,3,3,1,4,4,4,1,1,1,1,1,4,2,4,2,3,4,4,1,1,1,1,3,4,3,1,1,3,1,1,2,1,2,3,4,2,4,1,1,1,2,4,3,1,2,3,1,1,2,2,1,4,1,2,2,2,4,3,4,2,4,1,4,1,4,1,4,3,1,1,4,4,1,4,2,4,3,1,3,3,2,2,3,1,3,4,1,1,4,1,2,1,1,1,1,3,3,3,2,4,4,2,1,2,1,1,2,1,3,3,3,3,2,3,1,2,2,3,4,4,3,3,1,1,3,3,4,3,4,3,1,4,4,4,3,2,4,1,3,4,3,2,2,3,3,3,4,3,1,2,4,4,2,2,1,1,1,4,1,1,1,3,3,4,2,1,3,3,4,2,1,3,4,4,3,4,2,4,2,2,3,2,2,1,2,3,2,3,2,2,1,3,2,3,4,1,3,4,1,3,3,2,2,3,3,1,4,1,1,3,1,3,4,1,4,1,4,2,1,2,1,1,1,3,1,1,3,1,3,3,1,2,2,1,1,4,1,2,4,4,3,2,1,1,4,1,4,3,4,1,4,1,1,1,2,3,4,1,1,2,3,2,1,3,3,1,4,3,3,3,4,2,1,2,2,4,2,1,1,4,3,1,4,4,2,4,3,2,1,1,1,2,1,1,3,3,3,3,1,1,4,2,1,2,1,1,3,3,3,3,1,3,3,2,2,4,2,2,2,2,1,4,3,3,3,3,1,3,4,1,1,2,4,2,1,3,2,3,4,1,3,1,2,3,4,1,2,2,2,1,2,4,4,1,2,2,2,2,4,3,3,2,1,4,2,2,3,2,3,2,3,2,1,1,1,4,4,1,1,2,1,3,4,2,2,4,1,1,3,3,1,1,2,2,1,4,2,4,2,3,2,4,4,1,4,3,1,2,2,1,1,3,2,1,2,2,4,2,4,2,3,1,1,2,2,2,1,4,1,3,1,4,3,3,3,4,4,2,1,4,4,2,3,4,4,1,1,1,4,1,3,4,2,4,2,2,4,4,2,3,1,4,2,2,1,1,2,4,2,2,1,1,4,4,1,1,3,4,1,4,1,2,4,3,2,3,3,1,1,2,1,4,2,1,2,1,3,3,4,4,4,2,3,4,1,1,1,4,2,1,4,4,1,1,3,3,3,3,2,2,1,1,4,2,2,2,2,3,1,1,4,2,4,2,1,1,2,2,4,1,3,4,3,3,1,4,3,2,4,3,3,4,1,3,1,1,2,1,4,4,2,3,3,1,3,1,2,3,4,3,2,1,1,4,2,1,3,1,2,2,2,2,2,3,2,4,4,2,4,3,1,1,2,1,3,1,1,1,1,1,1,3,1,1,1,3,3,3,2,4,2,2,1,2,4,3,4,1,3,3,3,3,2,1,2,3,1,3,3,1,1,1,2,4,2,1,4,3,2,1,2,1,3,1,1,3,2,1,3,2,2,2,3,4,1,1,4,2,2,2,3,1,3,4,4,2,4,2,1,2,3,4,3,3,1,3,2,2,2,2,3,3,3,4,1,3,4,1,4,1,1,2,4,3,1,1,2,3,1,1,4,1,3,1,1,1,2,2,4,1,2,1,4,4,4,3,2,2,4,4,3,4,4,3"
11,0.9877030496613249,0.43137254901960786,2253.0,"2,1,2,4,1,1,1,2,2,1,3,4,2,1,1,1,1,4,3,4,4,2,1,4,3,4,4,1,2,2,1,4,4,2,1,4,2,4,1,4,4,3,1,3,4,3,3,1,2,2,1,2,3,2,1,2,1,4,3,3,1,2,4,2,3,4,1,1,2,1,2,2,2,1,1,2,2,1,2,3,2,4,3,1,1,3,1,1,1,1,1,1,3,4,2,1,2,3,2,1,1,3,2,4,3,4,2,1,2,4,2,2,2,2,4,3,1,2,4,1,3,1,4,2,1,4,2,4,1,2,4,2,2,1,3,3,3,4,4,2,2,4,3,1,2,2,3,3,2,3,3,3,4,4,1,4,1,1,1,3,4,2,2,1,2,4,4,4,3,4,2,4,3,2,1,4,3,4,2,2,2,3,4,4,3,3,3,2,3,2,1,2,2,3,2,2,4,2,3,2,2,4,1,4,2,4,3,1,3,2,4,2,4,2,3,1,3,1,2,1,1,1,4,2,4,1,2,2,2,3,1,1,2,3,1,4,3,4,1,1,1,1,2,2,2,1,2,3,4,1,3,1,4,2,3,3,1,4,4,4,4,2,2,4,2,2,4,2,2,4,4,1,1,3,4,3,1,2,3,1,1,4,3,1,1,4,1,2,3,4,4,2,3,2,2,2,2,1,1,1,4,2,2,3,4,4,3,1,1,1,4,1,2,3,1,1,2,3,2,4,1,3,3,3,4,2,1,2,3,1,3,3,1,1,1,3,4,3,2,3,1,2,3,3,4,2,2,4,3,4,2,4,1,1,4,3,2,4,3,3,2,1,3,2,2,3,3,2,1,3,3,2,3,4,2,4,4,3,2,4,2,2,1,1,1,3,2,4,2,1,1,2,1,2,2,2,2,1,3,4,2,2,2,1,4,2,3,4,2,1,3,4,4,4,3,2,4,2,2,2,4,3,1,1,1,1,3,1,1,3,4,3,1,1,2,1,2,2,4,1,1,2,4,4,1,2,3,2,1,1,2,3,2,4,1,1,1,4,3,1,2,3,1,2,3,4,2,2,3,1,2,3,1,1,2,4,2,3,1,4,3,1,4,1,3,1,2,1,1,1,1,4,4,3,1,1,2,4,1,1,2,1,1,2,2,2,2,3,3,3,1,3,1,3,2,3,1,1,2,2,4,4,1,2,4,1,1,2,1,2,1,4,4,2,3,3,1,4,2,3,2,2,3,3,1,1,3,2,2,3,4,1,2,2,1,2,1,1,1,2,4,3,2,3,3,4,4,2,4,3,3,1,3,3,1,4,3,4,1,1,1,4,4,2,1,4,2,2,1,1,4,1,3,2,2,2,3,4,1,1,2,2,1,4,4,3,4,3,3,2,1,3,4,1,2,3,3,3,4,2,3,2,1,1,3,1,1,3,2,2,2,1,1,1,4,2,2,4,1,3,4,1,3,3,4,1,1,3,3,1,1,4,2,2,1,3,1,3,3,4,3,4,2,3,1,2,2,1,2,2,1,2,2,4,1,2,1,3,4,3,1,1,3,3,1,4,1,3,1,1,1,2,3,3,2,2,1,2,3,3,4,1,4,3,4,2,1,2,4,3,3,1,1,1,2,1,2,3,4,4,2,4,2,2,3,2,3,3,2,2,2,3,2,3,4,2,1,3,3,1,3,2,1,3,1,1,3,2,3,4,3,2,4,3,1,4,2,4,1,1,2,2,2,2,2,1,1,1,1,3,1,4,1,4,2,3,1,2,2,4,1,3,2,3,1,3,2,2,2,2,4,2,4,3,1,4,1,3,3,3,3,2,1,2,4,4,2,2,1,3,4,1,3,4,1,2,2,3,3,2,2,3,3,3,4,3,2,2,2,1,3,1,3,1,3,4,1,3,3,2,2,3,1,2,2,1,1,3,3,1,2,2,1,1,2,1,3,1,1,2,1,2,3,4,3,1,4,3,2,4,4,3,2,3,2,1,1,2,1,3,2,4,4,3,3,3,3,4,1,1,3,2,2,2,1,1,1,4,2,3,1,2,2,3,1,1,1,3,1,3,2,2,1,2,1,1,2,1,1,4,1,2,4,4,2,1,2,2,4,2,4,4,4,4,1,3,2,1,1,1,2,3,1,2,3,1,3,4,3,3,4,3,1,2,1,3,3,3,1,4,4,4,1,1,1,1,1,4,2,4,2,3,4,4,1,1,1,1,3,4,3,1,1,3,1,1,2,1,2,3,4,2,4,1,1,1,2,4,3,1,2,3,1,1,2,2,1,4,1,2,2,2,4,3,4,2,4,1,4,1,4,1,4,3,1,1,4,4,1,4,2,4,3,1,3,3,2,2,3,1,3,4,1,1,4,1,2,1,1,1,1,3,3,3,2,4,4,2,1,2,1,1,2,1,3,3,3,3,2,3,1,2,2,3,4,4,3,3,1,1,3,3,4,3,4,3,1,4,4,4,3,2,4,1,3,4,3,2,2,3,3,3,4,3,1,2,4,4,2,2,1,1,1,4,1,1,1,3,3,4,2,1,3,3,4,2,1,3,4,4,3,4,2,4,2,2,3,2,2,1,2,3,2,3,2,2,1,3,2,3,4,1,3,4,1,3,3,2,2,3,3,1,4,1,1,3,1,3,4,1,4,1,4,2,1,2,1,1,1,3,1,1,3,1,3,3,1,2,2,1,1,4,1,2,4,4,3,2,1,1,4,1,4,3,4,1,4,1,1,1,2,3,4,1,1,2,3,2,1,3,3,1,4,3,3,3,4,2,1,2,2,4,2,1,1,4,3,1,4,4,2,4,3,2,1,1,1,2,1,1,3,3,3,3,1,1,4,2,1,2,1,1,3,3,3,3,1,3,3,2,2,4,2,2,2,2,1,4,3,3,3,3,1,3,4,1,1,2,4,2,1,3,2,3,4,1,3,1,2,3,4,1,2,2,2,1,2,4,4,1,2,2,2,2,4,3,3,2,1,4,2,2,3,2,3,2,3,2,1,1,1,4,4,1,1,2,1,3,4,2,2,4,1,1,3,3,1,1,2,2,1,4,2,4,2,3,2,4,4,1,4,3,1,2,2,1,1,3,2,1,2,2,4,2,4,2,3,1,1,2,2,2,1,4,1,3,1,4,3,3,3,4,4,2,1,4,4,2,3,4,4,1,1,1,4,1,3,4,2,4,2,2,4,4,2,3,1,4,2,2,1,1,2,4,2,2,1,1,4,4,1,1,3,4,1,4,1,2,4,3,2,3,3,1,1,2,1,4,2,1,2,1,3,3,4,4,4,2,3,4,1,1,1,4,2,1,4,4,1,1,3,3,3,3,2,2,1,1,4,2,2,2,2,3,1,1,4,2,4,2,1,1,2,2,4,1,3,4,3,3,1,4,3,2,4,3,3,4,1,3,1,1,2,1,4,4,2,3,3,1,3,1,2,3,4,3,2,1,1,4,2,1,3,1,2,2,2,2,2,3,2,4,4,2,4,3,1,1,2,1,3,1,1,1,1,1,1,3,1,1,1,3,3,3,2,4,2,2,1,2,4,3,4,1,3,3,3,3,2,1,2,3,1,3,3,1,1,1,2,4,2,1,4,3,2,1,2,1,3,1,1,3,2,1,3,2,2,2,3,4,1,1,4,2,2,2,3,1,3,4,4,2,4,2,1,2,3,4,3,3,1,3,2,2,2,2,3,3,3,4,1,3,4,1,4,1,1,2,4,3,1,1,2,3,1,1,4,1,3,1,1,1,2,2,4,1,2,1,4,4,4,3,2,2,4,4,3,4,4,3"
12,0.9877030496613249,0.43137254901960786,2253.0,"2,1,2,4,1,1,1,2,2,1,3,4,2,1,1,1,1,4,3,4,4,2,1,4,3,4,4,1,2,2,1,4,4,2,1,4,2,4,1,4,4,3,1,3,4,3,3,1,2,2,1,2,3,2,1,2,1,4,3,3,1,2,4,2,3,4,1,1,2,1,2,2,2,1,1,2,2,1,2,3,2,4,3,1,1,3,1,1,1,1,1,1,3,4,2,1,2,3,2,1,1,3,2,4,3,4,2,1,2,4,2,2,2,2,4,3,1,2,4,1,3,1,4,2,1,4,2,4,1,2,4,2,2,1,3,3,3,4,4,2,2,4,3,1,2,2,3,3,2,3,3,3,4,4,1,4,1,1,1,3,4,2,2,1,2,4,4,4,3,4,2,4,3,2,1,4,3,4,2,2,2,3,4,4,3,3,3,2,3,2,1,2,2,3,2,2,4,2,3,2,2,4,1,4,2,4,3,1,3,2,4,2,4,2,3,1,3,1,2,1,1,1,4,2,4,1,2,2,2,3,1,1,2,3,1,4,3,4,1,1,1,1,2,2,2,1,2,3,4,1,3,1,4,2,3,3,1,4,4,4,4,2,2,4,2,2,4,2,2,4,4,1,1,3,4,3,1,2,3,1,1,4,3,1,1,4,1,2,3,4,4,2,3,2,2,2,2,1,1,1,4,2,2,3,4,4,3,1,1,1,4,1,2,3,1,1,2,3,2,4,1,3,3,3,4,2,1,2,3,1,3,3,1,1,1,3,4,3,2,3,1,2,3,3,4,2,2,4,3,4,2,4,1,1,4,3,2,4,3,3,2,1,3,2,2,3,3,2,1,3,3,2,3,4,2,4,4,3,2,4,2,2,1,1,1,3,2,4,2,1,1,2,1,2,2,2,2,1,3,4,2,2,2,1,4,2,3,4,2,1,3,4,4,4,3,2,4,2,2,2,4,3,1,1,1,1,3,1,1,3,4,3,1,1,2,1,2,2,4,1,1,2,4,4,1,2,3,2,1,1,2,3,2,4,1,1,1,4,3,1,2,3,1,2,3,4,2,2,3,1,2,3,1,1,2,4,2,3,1,4,3,1,4,1,3,1,2,1,1,1,1,4,4,3,1,1,2,4,1,1,2,1,1,2,2,2,2,3,3,3,1,3,1,3,2,3,1,1,2,2,4,4,1,2,4,1,1,2,1,2,1,4,4,2,3,3,1,4,2,3,2,2,3,3,1,1,3,2,2,3,4,1,2,2,1,2,1,1,1,2,4,3,2,3,3,4,4,2,4,3,3,1,3,3,1,4,3,4,1,1,1,4,4,2,1,4,2,2,1,1,4,1,3,2,2,2,3,4,1,1,2,2,1,4,4,3,4,3,3,2,1,3,4,1,2,3,3,3,4,2,3,2,1,1,3,1,1,3,2,2,2,1,1,1,4,2,2,4,1,3,4,1,3,3,4,1,1,3,3,1,1,4,2,2,1,3,1,3,3,4,3,4,2,3,1,2,2,1,2,2,1,2,2,4,1,2,1,3,4,3,1,1,3,3,1,4,1,3,1,1,1,2,3,3,2,2,1,2,3,3,4,1,4,3,4,2,1,2,4,3,3,1,1,1,2,1,2,3,4,4,2,4,2,2,3,2,3,3,2,2,2,3,2,3,4,2,1,3,3,1,3,2,1,3,1,1,3,2,3,4,3,2,4,3,1,4,2,4,1,1,2,2,2,2,2,1,1,1,1,3,1,4,1,4,2,3,1,2,2,4,1,3,2,3,1,3,2,2,2,2,4,2,4,3,1,4,1,3,3,3,3,2,1,2,4,4,2,2,1,3,4,1,3,4,1,2,2,3,3,2,2,3,3,3,4,3,2,2,2,1,3,1,3,1,3,4,1,3,3,2,2,3,1,2,2,1,1,3,3,1,2,2,1,1,2,1,3,1,1,2,1,2,3,4,3,1,4,3,2,4,4,3,2,3,2,1,1,2,1,3,2,4,4,3,3,3,3,4,1,1,3,2,2,2,1,1,1,4,2,3,1,2,2,3,1,1,1,3,1,3,2,2,1,2,1,1,2,1,1,4,1,2,4,4,2,1,2,2,4,2,4,4,4,4,1,3,2,1,1,1,2,3,1,2,3,1,3,4,3,3,4,3,1,2,1,3,3,3,1,4,4,4,1,1,1,1,1,4,2,4,2,3,4,4,1,1,1,1,3,4,3,1,1,3,1,1,2,1,2,3,4,2,4,1,1,1,2,4,3,1,2,3,1,1,2,2,1,4,1,2,2,2,4,3,4,2,4,1,4,1,4,1,4,3,1,1,4,4,1,4,2,4,3,1,3,3,2,2,3,1,3,4,1,1,4,1,2,1,1,1,1,3,3,3,2,4,4,2,1,2,1,1,2,1,3,3,3,3,2,3,1,2,2,3,4,4,3,3,1,1,3,3,4,3,4,3,1,4,4,4,3,2,4,1,3,4,3,2,2,3,3,3,4,3,1,2,4,4,2,2,1,1,1,4,1,1,1,3,3,4,2,1,3,3,4,2,1,3,4,4,3,4,2,4,2,2,3,2,2,1,2,3,2,3,2,2,1,3,2,3,4,1,3,4,1,3,3,2,2,3,3,1,4,1,1,3,1,3,4,1,4,1,4,2,1,2,1,1,1,3,1,1,3,1,3,3,1,2,2,1,1,4,1,2,4,4,3,2,1,1,4,1,4,3,4,1,4,1,1,1,2,3,4,1,1,2,3,2,1,3,3,1,4,3,3,3,4,2,1,2,2,4,2,1,1,4,3,1,4,4,2,4,3,2,1,1,1,2,1,1,3,3,3,3,1,1,4,2,1,2,1,1,3,3,3,3,1,3,3,2,2,4,2,2,2,2,1,4,3,3,3,3,1,3,4,1,1,2,4,2,1,3,2,3,4,1,3,1,2,3,4,1,2,2,2,1,2,4,4,1,2,2,2,2,4,3,3,2,1,4,2,2,3,2,3,2,3,2,1,1,1,4,4,1,1,2,1,3,4,2,2,4,1,1,3,3,1,1,2,2,1,4,2,4,2,3,2,4,4,1,4,3,1,2,2,1,1,3,2,1,2,2,4,2,4,2,3,1,1,2,2,2,1,4,1,3,1,4,3,3,3,4,4,2,1,4,4,2,3,4,4,1,1,1,4,1,3,4,2,4,2,2,4,4,2,3,1,4,2,2,1,1,2,4,2,2,1,1,4,4,1,1,3,4,1,4,1,2,4,3,2,3,3,1,1,2,1,4,2,1,2,1,3,3,4,4,4,2,3,4,1,1,1,4,2,1,4,4,1,1,3,3,3,3,2,2,1,1,4,2,2,2,2,3,1,1,4,2,4,2,1,1,2,2,4,1,3,4,3,3,1,4,3,2,4,3,3,4,1,3,1,1,2,1,4,4,2,3,3,1,3,1,2,3,4,3,2,1,1,4,2,1,3,1,2,2,2,2,2,3,2,4,4,2,4,3,1,1,2,1,3,1,1,1,1,1,1,3,1,1,1,3,3,3,2,4,2,2,1,2,4,3,4,1,3,3,3,3,2,1,2,3,1,3,3,1,1,1,2,4,2,1,4,3,2,1,2,1,3,1,1,3,2,1,3,2,2,2,3,4,1,1,4,2,2,2,3,1,3,4,4,2,4,2,1,2,3,4,3,3,1,3,2,2,2,2,3,3,3,4,1,3,4,1,4,1,1,2,4,3,1,1,2,3,1,1,4,1,3,1,1,1,2,2,4,1,2,1,4,4,4,3,2,2,4,4,3,4,4,3"
13,0.9877030496613249,0.43137254901960786,2253.0,"2,1,2,4,1,1,1,2,2,1,3,4,2,1,1,1,1,4,3,4,4,2,1,4,3,4,4,1,2,2,1,4,4,2,1,4,2,4,1,4,4,3,1,3,4,3,3,1,2,2,1,2,3,2,1,2,1,4,3,3,1,2,4,2,3,4,1,1,2,1,2,2,2,1,1,2,2,1,2,3,2,4,3,1,1,3,1,1,1,1,1,1,3,4,2,1,2,3,2,1,1,3,2,4,3,4,2,1,2,4,2,2,2,2,4,3,1,2,4,1,3,1,4,2,1,4,2,4,1,2,4,2,2,1,3,3,3,4,4,2,2,4,3,1,2,2,3,3,2,3,3,3,4,4,1,4,1,1,1,3,4,2,2,1,2,4,4,4,3,4,2,4,3,2,1,4,3,4,2,2,2,3,4,4,3,3,3,2,3,2,1,2,2,3,2,2,4,2,3,2,2,4,1,4,2,4,3,1,3,2,4,2,4,2,3,1,3,1,2,1,1,1,4,2,4,1,2,2,2,3,1,1,2,3,1,4,3,4,1,1,1,1,2,2,2,1,2,3,4,1,3,1,4,2,3,3,1,4,4,4,4,2,2,4,2,2,4,2,2,4,4,1,1,3,4,3,1,2,3,1,1,4,3,1,1,4,1,2,3,4,4,2,3,2,2,2,2,1,1,1,4,2,2,3,4,4,3,1,1,1,4,1,2,3,1,1,2,3,2,4,1,3,3,3,4,2,1,2,3,1,3,3,1,1,1,3,4,3,2,3,1,2,3,3,4,2,2,4,3,4,2,4,1,1,4,3,2,4,3,3,2,1,3,2,2,3,3,2,1,3,3,2,3,4,2,4,4,3,2,4,2,2,1,1,1,3,2,4,2,1,1,2,1,2,2,2,2,1,3,4,2,2,2,1,4,2,3,4,2,1,3,4,4,4,3,2,4,2,2,2,4,3,1,1,1,1,3,1,1,3,4,3,1,1,2,1,2,2,4,1,1,2,4,4,1,2,3,2,1,1,2,3,2,4,1,1,1,4,3,1,2,3,1,2,3,4,2,2,3,1,2,3,1,1,2,4,2,3,1,4,3,1,4,1,3,1,2,1,1,1,1,4,4,3,1,1,2,4,1,1,2,1,1,2,2,2,2,3,3,3,1,3,1,3,2,3,1,1,2,2,4,4,1,2,4,1,1,2,1,2,1,4,4,2,3,3,1,4,2,3,2,2,3,3,1,1,3,2,2,3,4,1,2,2,1,2,1,1,1,2,4,3,2,3,3,4,4,2,4,3,3,1,3,3,1,4,3,4,1,1,1,4,4,2,1,4,2,2,1,1,4,1,3,2,2,2,3,4,1,1,2,2,1,4,4,3,4,3,3,2,1,3,4,1,2,3,3,3,4,2,3,2,1,1,3,1,1,3,2,2,2,1,1,1,4,2,2,4,1,3,4,1,3,3,4,1,1,3,3,1,1,4,2,2,1,3,1,3,3,4,3,4,2,3,1,2,2,1,2,2,1,2,2,4,1,2,1,3,4,3,1,1,3,3,1,4,1,3,1,1,1,2,3,3,2,2,1,2,3,3,4,1,4,3,4,2,1,2,4,3,3,1,1,1,2,1,2,3,4,4,2,4,2,2,3,2,3,3,2,2,2,3,2,3,4,2,1,3,3,1,3,2,1,3,1,1,3,2,3,4,3,2,4,3,1,4,2,4,1,1,2,2,2,2,2,1,1,1,1,3,1,4,1,4,2,3,1,2,2,4,1,3,2,3,1,3,2,2,2,2,4,2,4,3,1,4,1,3,3,3,3,2,1,2,4,4,2,2,1,3,4,1,3,4,1,2,2,3,3,2,2,3,3,3,4,3,2,2,2,1,3,1,3,1,3,4,1,3,3,2,2,3,1,2,2,1,1,3,3,1,2,2,1,1,2,1,3,1,1,2,1,2,3,4,3,1,4,3,2,4,4,3,2,3,2,1,1,2,1,3,2,4,4,3,3,3,3,4,1,1,3,2,2,2,1,1,1,4,2,3,1,2,2,3,1,1,1,3,1,3,2,2,1,2,1,1,2,1,1,4,1,2,4,4,2,1,2,2,4,2,4,4,4,4,1,3,2,1,1,1,2,3,1,2,3,1,3,4,3,3,4,3,1,2,1,3,3,3,1,4,4,4,1,1,1,1,1,4,2,4,2,3,4,4,1,1,1,1,3,4,3,1,1,3,1,1,2,1,2,3,4,2,4,1,1,1,2,4,3,1,2,3,1,1,2,2,1,4,1,2,2,2,4,3,4,2,4,1,4,1,4,1,4,3,1,1,4,4,1,4,2,4,3,1,3,3,2,2,3,1,3,4,1,1,4,1,2,1,1,1,1,3,3,3,2,4,4,2,1,2,1,1,2,1,3,3,3,3,2,3,1,2,2,3,4,4,3,3,1,1,3,3,4,3,4,3,1,4,4,4,3,2,4,1,3,4,3,2,2,3,3,3,4,3,1,2,4,4,2,2,1,1,1,4,1,1,1,3,3,4,2,1,3,3,4,2,1,3,4,4,3,4,2,4,2,2,3,2,2,1,2,3,2,3,2,2,1,3,2,3,4,1,3,4,1,3,3,2,2,3,3,1,4,1,1,3,1,3,4,1,4,1,4,2,1,2,1,1,1,3,1,1,3,1,3,3,1,2,2,1,1,4,1,2,4,4,3,2,1,1,4,1,4,3,4,1,4,1,1,1,2,3,4,1,1,2,3,2,1,3,3,1,4,3,3,3,4,2,1,2,2,4,2,1,1,4,3,1,4,4,2,4,3,2,1,1,1,2,1,1,3,3,3,3,1,1,4,2,1,2,1,1,3,3,3,3,1,3,3,2,2,4,2,2,2,2,1,4,3,3,3,3,1,3,4,1,1,2,4,2,1,3,2,3,4,1,3,1,2,3,4,1,2,2,2,1,2,4,4,1,2,2,2,2,4,3,3,2,1,4,2,2,3,2,3,2,3,2,1,1,1,4,4,1,1,2,1,3,4,2,2,4,1,1,3,3,1,1,2,2,1,4,2,4,2,3,2,4,4,1,4,3,1,2,2,1,1,3,2,1,2,2,4,2,4,2,3,1,1,2,2,2,1,4,1,3,1,4,3,3,3,4,4,2,1,4,4,2,3,4,4,1,1,1,4,1,3,4,2,4,2,2,4,4,2,3,1,4,2,2,1,1,2,4,2,2,1,1,4,4,1,1,3,4,1,4,1,2,4,3,2,3,3,1,1,2,1,4,2,1,2,1,3,3,4,4,4,2,3,4,1,1,1,4,2,1,4,4,1,1,3,3,3,3,2,2,1,1,4,2,2,2,2,3,1,1,4,2,4,2,1,1,2,2,4,1,3,4,3,3,1,4,3,2,4,3,3,4,1,3,1,1,2,1,4,4,2,3,3,1,3,1,2,3,4,3,2,1,1,4,2,1,3,1,2,2,2,2,2,3,2,4,4,2,4,3,1,1,2,1,3,1,1,1,1,1,1,3,1,1,1,3,3,3,2,4,2,2,1,2,4,3,4,1,3,3,3,3,2,1,2,3,1,3,3,1,1,1,2,4,2,1,4,3,2,1,2,1,3,1,1,3,2,1,3,2,2,2,3,4,1,1,4,2,2,2,3,1,3,4,4,2,4,2,1,2,3,4,3,3,1,3,2,2,2,2,3,3,3,4,1,3,4,1,4,1,1,2,4,3,1,1,2,3,1,1,4,1,3,1,1,1,2,2,4,1,2,1,4,4,4,3,2,2,4,4,3,4,4,3"
14,0.9877030496613249,0.43137254901960786,2253.0,"2,1,2,4,1,1,1,2,2,1,3,4,2,1,1,1,1,4,3,4,4,2,1,4,3,4,4,1,2,2,1,4,4,2,1,4,2,4,1,4,4,3,1,3,4,3,3,1,2,2,1,2,3,2,1,2,1,4,3,3,1,2,4,2,3,4,1,1,2,1,2,2,2,1,1,2,2,1,2,3,2,4,3,1,1,3,1,1,1,1,1,1,3,4,2,1,2,3,2,1,1,3,2,4,3,4,2,1,2,4,2,2,2,2,4,3,1,2,4,1,3,1,4,2,1,4,2,4,1,2,4,2,2,1,3,3,3,4,4,2,2,4,3,1,2,2,3,3,2,3,3,3,4,4,1,4,1,1,1,3,4,2,2,1,2,4,4,4,3,4,2,4,3,2,1,4,3,4,2,2,2,3,4,4,3,3,3,2,3,2,1,2,2,3,2,2,4,2,3,2,2,4,1,4,2,4,3,1,3,2,4,2,4,2,3,1,3,1,2,1,1,1,4,2,4,1,2,2,2,3,1,1,2,3,1,4,3,4,1,1,1,1,2,2,2,1,2,3,4,1,3,1,4,2,3,3,1,4,4,4,4,2,2,4,2,2,4,2,2,4,4,1,1,3,4,3,1,2,3,1,1,4,3,1,1,4,1,2,3,4,4,2,3,2,2,2,2,1,1,1,4,2,2,3,4,4,3,1,1,1,4,1,2,3,1,1,2,3,2,4,1,3,3,3,4,2,1,2,3,1,3,3,1,1,1,3,4,3,2,3,1,2,3,3,4,2,2,4,3,4,2,4,1,1,4,3,2,4,3,3,2,1,3,2,2,3,3,2,1,3,3,2,3,4,2,4,4,3,2,4,2,2,1,1,1,3,2,4,2,1,1,2,1,2,2,2,2,1,3,4,2,2,2,1,4,2,3,4,2,1,3,4,4,4,3,2,4,2,2,2,4,3,1,1,1,1,3,1,1,3,4,3,1,1,2,1,2,2,4,1,1,2,4,4,1,2,3,2,1,1,2,3,2,4,1,1,1,4,3,1,2,3,1,2,3,4,2,2,3,1,2,3,1,1,2,4,2,3,1,4,3,1,4,1,3,1,2,1,1,1,1,4,4,3,1,1,2,4,1,1,2,1,1,2,2,2,2,3,3,3,1,3,1,3,2,3,1,1,2,2,4,4,1,2,4,1,1,2,1,2,1,4,4,2,3,3,1,4,2,3,2,2,3,3,1,1,3,2,2,3,4,1,2,2,1,2,1,1,1,2,4,3,2,3,3,4,4,2,4,3,3,1,3,3,1,4,3,4,1,1,1,4,4,2,1,4,2,2,1,1,4,1,3,2,2,2,3,4,1,1,2,2,1,4,4,3,4,3,3,2,1,3,4,1,2,3,3,3,4,2,3,2,1,1,3,1,1,3,2,2,2,1,1,1,4,2,2,4,1,3,4,1,3,3,4,1,1,3,3,1,1,4,2,2,1,3,1,3,3,4,3,4,2,3,1,2,2,1,2,2,1,2,2,4,1,2,1,3,4,3,1,1,3,3,1,4,1,3,1,1,1,2,3,3,2,2,1,2,3,3,4,1,4,3,4,2,1,2,4,3,3,1,1,1,2,1,2,3,4,4,2,4,2,2,3,2,3,3,2,2,2,3,2,3,4,2,1,3,3,1,3,2,1,3,1,1,3,2,3,4,3,2,4,3,1,4,2,4,1,1,2,2,2,2,2,1,1,1,1,3,1,4,1,4,2,3,1,2,2,4,1,3,2,3,1,3,2,2,2,2,4,2,4,3,1,4,1,3,3,3,3,2,1,2,4,4,2,2,1,3,4,1,3,4,1,2,2,3,3,2,2,3,3,3,4,3,2,2,2,1,3,1,3,1,3,4,1,3,3,2,2,3,1,2,2,1,1,3,3,1,2,2,1,1,2,1,3,1,1,2,1,2,3,4,3,1,4,3,2,4,4,3,2,3,2,1,1,2,1,3,2,4,4,3,3,3,3,4,1,1,3,2,2,2,1,1,1,4,2,3,1,2,2,3,1,1,1,3,1,3,2,2,1,2,1,1,2,1,1,4,1,2,4,4,2,1,2,2,4,2,4,4,4,4,1,3,2,1,1,1,2,3,1,2,3,1,3,4,3,3,4,3,1,2,1,3,3,3,1,4,4,4,1,1,1,1,1,4,2,4,2,3,4,4,1,1,1,1,3,4,3,1,1,3,1,1,2,1,2,3,4,2,4,1,1,1,2,4,3,1,2,3,1,1,2,2,1,4,1,2,2,2,4,3,4,2,4,1,4,1,4,1,4,3,1,1,4,4,1,4,2,4,3,1,3,3,2,2,3,1,3,4,1,1,4,1,2,1,1,1,1,3,3,3,2,4,4,2,1,2,1,1,2,1,3,3,3,3,2,3,1,2,2,3,4,4,3,3,1,1,3,3,4,3,4,3,1,4,4,4,3,2,4,1,3,4,3,2,2,3,3,3,4,3,1,2,4,4,2,2,1,1,1,4,1,1,1,3,3,4,2,1,3,3,4,2,1,3,4,4,3,4,2,4,2,2,3,2,2,1,2,3,2,3,2,2,1,3,2,3,4,1,3,4,1,3,3,2,2,3,3,1,4,1,1,3,1,3,4,1,4,1,4,2,1,2,1,1,1,3,1,1,3,1,3,3,1,2,2,1,1,4,1,2,4,4,3,2,1,1,4,1,4,3,4,1,4,1,1,1,2,3,4,1,1,2,3,2,1,3,3,1,4,3,3,3,4,2,1,2,2,4,2,1,1,4,3,1,4,4,2,4,3,2,1,1,1,2,1,1,3,3,3,3,1,1,4,2,1,2,1,1,3,3,3,3,1,3,3,2,2,4,2,2,2,2,1,4,3,3,3,3,1,3,4,1,1,2,4,2,1,3,2,3,4,1,3,1,2,3,4,1,2,2,2,1,2,4,4,1,2,2,2,2,4,3,3,2,1,4,2,2,3,2,3,2,3,2,1,1,1,4,4,1,1,2,1,3,4,2,2,4,1,1,3,3,1,1,2,2,1,4,2,4,2,3,2,4,4,1,4,3,1,2,2,1,1,3,2,1,2,2,4,2,4,2,3,1,1,2,2,2,1,4,1,3,1,4,3,3,3,4,4,2,1,4,4,2,3,4,4,1,1,1,4,1,3,4,2,4,2,2,4,4,2,3,1,4,2,2,1,1,2,4,2,2,1,1,4,4,1,1,3,4,1,4,1,2,4,3,2,3,3,1,1,2,1,4,2,1,2,1,3,3,4,4,4,2,3,4,1,1,1,4,2,1,4,4,1,1,3,3,3,3,2,2,1,1,4,2,2,2,2,3,1,1,4,2,4,2,1,1,2,2,4,1,3,4,3,3,1,4,3,2,4,3,3,4,1,3,1,1,2,1,4,4,2,3,3,1,3,1,2,3,4,3,2,1,1,4,2,1,3,1,2,2,2,2,2,3,2,4,4,2,4,3,1,1,2,1,3,1,1,1,1,1,1,3,1,1,1,3,3,3,2,4,2,2,1,2,4,3,4,1,3,3,3,3,2,1,2,3,1,3,3,1,1,1,2,4,2,1,4,3,2,1,2,1,3,1,1,3,2,1,3,2,2,2,3,4,1,1,4,2,2,2,3,1,3,4,4,2,4,2,1,2,3,4,3,3,1,3,2,2,2,2,3,3,3,4,1,3,4,1,4,1,1,2,4,3,1,1,2,3,1,1,4,1,3,1,1,1,2,2,4,1,2,1,4,4,4,3,2,2,4,4,3,4,4,3"
15,0.9877030496613249,0.43137254901960786,2253.0,"2,1,2,4,1,1,1,2,2,1,3,4,2,1,1,1,1,4,3,4,4,2,1,4,3,4,4,1,2,2,1,4,4,2,1,4,2,4,1,4,4,3,1,3,4,3,3,1,2,2,1,2,3,2,1,2,1,4,3,3,1,2,4,2,3,4,1,1,2,1,2,2,2,1,1,2,2,1,2,3,2,4,3,1,1,3,1,1,1,1,1,1,3,4,2,1,2,3,2,1,1,3,2,4,3,4,2,1,2,4,2,2,2,2,4,3,1,2,4,1,3,1,4,2,1,4,2,4,1,2,4,2,2,1,3,3,3,4,4,2,2,4,3,1,2,2,3,3,2,3,3,3,4,4,1,4,1,1,1,3,4,2,2,1,2,4,4,4,3,4,2,4,3,2,1,4,3,4,2,2,2,3,4,4,3,3,3,2,3,2,1,2,2,3,2,2,4,2,3,2,2,4,1,4,2,4,3,1,3,2,4,2,4,2,3,1,3,1,2,1,1,1,4,2,4,1,2,2,2,3,1,1,2,3,1,4,3,4,1,1,1,1,2,2,2,1,2,3,4,1,3,1,4,2,3,3,1,4,4,4,4,2,2,4,2,2,4,2,2,4,4,1,1,3,4,3,1,2,3,1,1,4,3,1,1,4,1,2,3,4,4,2,3,2,2,2,2,1,1,1,4,2,2,3,4,4,3,1,1,1,4,1,2,3,1,1,2,3,2,4,1,3,3,3,4,2,1,2,3,1,3,3,1,1,1,3,4,3,2,3,1,2,3,3,4,2,2,4,3,4,2,4,1,1,4,3,2,4,3,3,2,1,3,2,2,3,3,2,1,3,3,2,3,4,2,4,4,3,2,4,2,2,1,1,1,3,2,4,2,1,1,2,1,2,2,2,2,1,3,4,2,2,2,1,4,2,3,4,2,1,3,4,4,4,3,2,4,2,2,2,4,3,1,1,1,1,3,1,1,3,4,3,1,1,2,1,2,2,4,1,1,2,4,4,1,2,3,2,1,1,2,3,2,4,1,1,1,4,3,1,2,3,1,2,3,4,2,2,3,1,2,3,1,1,2,4,2,3,1,4,3,1,4,1,3,1,2,1,1,1,1,4,4,3,1,1,2,4,1,1,2,1,1,2,2,2,2,3,3,3,1,3,1,3,2,3,1,1,2,2,4,4,1,2,4,1,1,2,1,2,1,4,4,2,3,3,1,4,2,3,2,2,3,3,1,1,3,2,2,3,4,1,2,2,1,2,1,1,1,2,4,3,2,3,3,4,4,2,4,3,3,1,3,3,1,4,3,4,1,1,1,4,4,2,1,4,2,2,1,1,4,1,3,2,2,2,3,4,1,1,2,2,1,4,4,3,4,3,3,2,1,3,4,1,2,3,3,3,4,2,3,2,1,1,3,1,1,3,2,2,2,1,1,1,4,2,2,4,1,3,4,1,3,3,4,1,1,3,3,1,1,4,2,2,1,3,1,3,3,4,3,4,2,3,1,2,2,1,2,2,1,2,2,4,1,2,1,3,4,3,1,1,3,3,1,4,1,3,1,1,1,2,3,3,2,2,1,2,3,3,4,1,4,3,4,2,1,2,4,3,3,1,1,1,2,1,2,3,4,4,2,4,2,2,3,2,3,3,2,2,2,3,2,3,4,2,1,3,3,1,3,2,1,3,1,1,3,2,3,4,3,2,4,3,1,4,2,4,1,1,2,2,2,2,2,1,1,1,1,3,1,4,1,4,2,3,1,2,2,4,1,3,2,3,1,3,2,2,2,2,4,2,4,3,1,4,1,3,3,3,3,2,1,2,4,4,2,2,1,3,4,1,3,4,1,2,2,3,3,2,2,3,3,3,4,3,2,2,2,1,3,1,3,1,3,4,1,3,3,2,2,3,1,2,2,1,1,3,3,1,2,2,1,1,2,1,3,1,1,2,1,2,3,4,3,1,4,3,2,4,4,3,2,3,2,1,1,2,1,3,2,4,4,3,3,3,3,4,1,1,3,2,2,2,1,1,1,4,2,3,1,2,2,3,1,1,1,3,1,3,2,2,1,2,1,1,2,1,1,4,1,2,4,4,2,1,2,2,4,2,4,4,4,4,1,3,2,1,1,1,2,3,1,2,3,1,3,4,3,3,4,3,1,2,1,3,3,3,1,4,4,4,1,1,1,1,1,4,2,4,2,3,4,4,1,1,1,1,3,4,3,1,1,3,1,1,2,1,2,3,4,2,4,1,1,1,2,4,3,1,2,3,1,1,2,2,1,4,1,2,2,2,4,3,4,2,4,1,4,1,4,1,4,3,1,1,4,4,1,4,2,4,3,1,3,3,2,2,3,1,3,4,1,1,4,1,2,1,1,1,1,3,3,3,2,4,4,2,1,2,1,1,2,1,3,3,3,3,2,3,1,2,2,3,4,4,3,3,1,1,3,3,4,3,4,3,1,4,4,4,3,2,4,1,3,4,3,2,2,3,3,3,4,3,1,2,4,4,2,2,1,1,1,4,1,1,1,3,3,4,2,1,3,3,4,2,1,3,4,4,3,4,2,4,2,2,3,2,2,1,2,3,2,3,2,2,1,3,2,3,4,1,3,4,1,3,3,2,2,3,3,1,4,1,1,3,1,3,4,1,4,1,4,2,1,2,1,1,1,3,1,1,3,1,3,3,1,2,2,1,1,4,1,2,4,4,3,2,1,1,4,1,4,3,4,1,4,1,1,1,2,3,4,1,1,2,3,2,1,3,3,1,4,3,3,3,4,2,1,2,2,4,2,1,1,4,3,1,4,4,2,4,3,2,1,1,1,2,1,1,3,3,3,3,1,1,4,2,1,2,1,1,3,3,3,3,1,3,3,2,2,4,2,2,2,2,1,4,3,3,3,3,1,3,4,1,1,2,4,2,1,3,2,3,4,1,3,1,2,3,4,1,2,2,2,1,2,4,4,1,2,2,2,2,4,3,3,2,1,4,2,2,3,2,3,2,3,2,1,1,1,4,4,1,1,2,1,3,4,2,2,4,1,1,3,3,1,1,2,2,1,4,2,4,2,3,2,4,4,1,4,3,1,2,2,1,1,3,2,1,2,2,4,2,4,2,3,1,1,2,2,2,1,4,1,3,1,4,3,3,3,4,4,2,1,4,4,2,3,4,4,1,1,1,4,1,3,4,2,4,2,2,4,4,2,3,1,4,2,2,1,1,2,4,2,2,1,1,4,4,1,1,3,4,1,4,1,2,4,3,2,3,3,1,1,2,1,4,2,1,2,1,3,3,4,4,4,2,3,4,1,1,1,4,2,1,4,4,1,1,3,3,3,3,2,2,1,1,4,2,2,2,2,3,1,1,4,2,4,2,1,1,2,2,4,1,3,4,3,3,1,4,3,2,4,3,3,4,1,3,1,1,2,1,4,4,2,3,3,1,3,1,2,3,4,3,2,1,1,4,2,1,3,1,2,2,2,2,2,3,2,4,4,2,4,3,1,1,2,1,3,1,1,1,1,1,1,3,1,1,1,3,3,3,2,4,2,2,1,2,4,3,4,1,3,3,3,3,2,1,2,3,1,3,3,1,1,1,2,4,2,1,4,3,2,1,2,1,3,1,1,3,2,1,3,2,2,2,3,4,1,1,4,2,2,2,3,1,3,4,4,2,4,2,1,2,3,4,3,3,1,3,2,2,2,2,3,3,3,4,1,3,4,1,4,1,1,2,4,3,1,1,2,3,1,1,4,1,3,1,1,1,2,2,4,1,2,1,4,4,4,3,2,2,4,4,3,4,4,3"
16,0.9877030496613249,0.43137254901960786,2253.0,"2,1,2,4,1,1,1,2,2,1,3,4,2,1,1,1,1,4,3,4,4,2,1,4,3,4,4,1,2,2,1,4,4,2,1,4,2,4,1,4,4,3,1,3,4,3,3,1,2,2,1,2,3,2,1,2,1,4,3,3,1,2,4,2,3,4,1,1,2,1,2,2,2,1,1,2,2,1,2,3,2,4,3,1,1,3,1,1,1,1,1,1,3,4,2,1,2,3,2,1,1,3,2,4,3,4,2,1,2,4,2,2,2,2,4,3,1,2,4,1,3,1,4,2,1,4,2,4,1,2,4,2,2,1,3,3,3,4,4,2,2,4,3,1,2,2,3,3,2,3,3,3,4,4,1,4,1,1,1,3,4,2,2,1,2,4,4,4,3,4,2,4,3,2,1,4,3,4,2,2,2,3,4,4,3,3,3,2,3,2,1,2,2,3,2,2,4,2,3,2,2,4,1,4,2,4,3,1,3,2,4,2,4,2,3,1,3,1,2,1,1,1,4,2,4,1,2,2,2,3,1,1,2,3,1,4,3,4,1,1,1,1,2,2,2,1,2,3,4,1,3,1,4,2,3,3,1,4,4,4,4,2,2,4,2,2,4,2,2,4,4,1,1,3,4,3,1,2,3,1,1,4,3,1,1,4,1,2,3,4,4,2,3,2,2,2,2,1,1,1,4,2,2,3,4,4,3,1,1,1,4,1,2,3,1,1,2,3,2,4,1,3,3,3,4,2,1,2,3,1,3,3,1,1,1,3,4,3,2,3,1,2,3,3,4,2,2,4,3,4,2,4,1,1,4,3,2,4,3,3,2,1,3,2,2,3,3,2,1,3,3,2,3,4,2,4,4,3,2,4,2,2,1,1,1,3,2,4,2,1,1,2,1,2,2,2,2,1,3,4,2,2,2,1,4,2,3,4,2,1,3,4,4,4,3,2,4,2,2,2,4,3,1,1,1,1,3,1,1,3,4,3,1,1,2,1,2,2,4,1,1,2,4,4,1,2,3,2,1,1,2,3,2,4,1,1,1,4,3,1,2,3,1,2,3,4,2,2,3,1,2,3,1,1,2,4,2,3,1,4,3,1,4,1,3,1,2,1,1,1,1,4,4,3,1,1,2,4,1,1,2,1,1,2,2,2,2,3,3,3,1,3,1,3,2,3,1,1,2,2,4,4,1,2,4,1,1,2,1,2,1,4,4,2,3,3,1,4,2,3,2,2,3,3,1,1,3,2,2,3,4,1,2,2,1,2,1,1,1,2,4,3,2,3,3,4,4,2,4,3,3,1,3,3,1,4,3,4,1,1,1,4,4,2,1,4,2,2,1,1,4,1,3,2,2,2,3,4,1,1,2,2,1,4,4,3,4,3,3,2,1,3,4,1,2,3,3,3,4,2,3,2,1,1,3,1,1,3,2,2,2,1,1,1,4,2,2,4,1,3,4,1,3,3,4,1,1,3,3,1,1,4,2,2,1,3,1,3,3,4,3,4,2,3,1,2,2,1,2,2,1,2,2,4,1,2,1,3,4,3,1,1,3,3,1,4,1,3,1,1,1,2,3,3,2,2,1,2,3,3,4,1,4,3,4,2,1,2,4,3,3,1,1,1,2,1,2,3,4,4,2,4,2,2,3,2,3,3,2,2,2,3,2,3,4,2,1,3,3,1,3,2,1,3,1,1,3,2,3,4,3,2,4,3,1,4,2,4,1,1,2,2,2,2,2,1,1,1,1,3,1,4,1,4,2,3,1,2,2,4,1,3,2,3,1,3,2,2,2,2,4,2,4,3,1,4,1,3,3,3,3,2,1,2,4,4,2,2,1,3,4,1,3,4,1,2,2,3,3,2,2,3,3,3,4,3,2,2,2,1,3,1,3,1,3,4,1,3,3,2,2,3,1,2,2,1,1,3,3,1,2,2,1,1,2,1,3,1,1,2,1,2,3,4,3,1,4,3,2,4,4,3,2,3,2,1,1,2,1,3,2,4,4,3,3,3,3,4,1,1,3,2,2,2,1,1,1,4,2,3,1,2,2,3,1,1,1,3,1,3,2,2,1,2,1,1,2,1,1,4,1,2,4,4,2,1,2,2,4,2,4,4,4,4,1,3,2,1,1,1,2,3,1,2,3,1,3,4,3,3,4,3,1,2,1,3,3,3,1,4,4,4,1,1,1,1,1,4,2,4,2,3,4,4,1,1,1,1,3,4,3,1,1,3,1,1,2,1,2,3,4,2,4,1,1,1,2,4,3,1,2,3,1,1,2,2,1,4,1,2,2,2,4,3,4,2,4,1,4,1,4,1,4,3,1,1,4,4,1,4,2,4,3,1,3,3,2,2,3,1,3,4,1,1,4,1,2,1,1,1,1,3,3,3,2,4,4,2,1,2,1,1,2,1,3,3,3,3,2,3,1,2,2,3,4,4,3,3,1,1,3,3,4,3,4,3,1,4,4,4,3,2,4,1,3,4,3,2,2,3,3,3,4,3,1,2,4,4,2,2,1,1,1,4,1,1,1,3,3,4,2,1,3,3,4,2,1,3,4,4,3,4,2,4,2,2,3,2,2,1,2,3,2,3,2,2,1,3,2,3,4,1,3,4,1,3,3,2,2,3,3,1,4,1,1,3,1,3,4,1,4,1,4,2,1,2,1,1,1,3,1,1,3,1,3,3,1,2,2,1,1,4,1,2,4,4,3,2,1,1,4,1,4,3,4,1,4,1,1,1,2,3,4,1,1,2,3,2,1,3,3,1,4,3,3,3,4,2,1,2,2,4,2,1,1,4,3,1,4,4,2,4,3,2,1,1,1,2,1,1,3,3,3,3,1,1,4,2,1,2,1,1,3,3,3,3,1,3,3,2,2,4,2,2,2,2,1,4,3,3,3,3,1,3,4,1,1,2,4,2,1,3,2,3,4,1,3,1,2,3,4,1,2,2,2,1,2,4,4,1,2,2,2,2,4,3,3,2,1,4,2,2,3,2,3,2,3,2,1,1,1,4,4,1,1,2,1,3,4,2,2,4,1,1,3,3,1,1,2,2,1,4,2,4,2,3,2,4,4,1,4,3,1,2,2,1,1,3,2,1,2,2,4,2,4,2,3,1,1,2,2,2,1,4,1,3,1,4,3,3,3,4,4,2,1,4,4,2,3,4,4,1,1,1,4,1,3,4,2,4,2,2,4,4,2,3,1,4,2,2,1,1,2,4,2,2,1,1,4,4,1,1,3,4,1,4,1,2,4,3,2,3,3,1,1,2,1,4,2,1,2,1,3,3,4,4,4,2,3,4,1,1,1,4,2,1,4,4,1,1,3,3,3,3,2,2,1,1,4,2,2,2,2,3,1,1,4,2,4,2,1,1,2,2,4,1,3,4,3,3,1,4,3,2,4,3,3,4,1,3,1,1,2,1,4,4,2,3,3,1,3,1,2,3,4,3,2,1,1,4,2,1,3,1,2,2,2,2,2,3,2,4,4,2,4,3,1,1,2,1,3,1,1,1,1,1,1,3,1,1,1,3,3,3,2,4,2,2,1,2,4,3,4,1,3,3,3,3,2,1,2,3,1,3,3,1,1,1,2,4,2,1,4,3,2,1,2,1,3,1,1,3,2,1,3,2,2,2,3,4,1,1,4,2,2,2,3,1,3,4,4,2,4,2,1,2,3,4,3,3,1,3,2,2,2,2,3,3,3,4,1,3,4,1,4,1,1,2,4,3,1,1,2,3,1,1,4,1,3,1,1,1,2,2,4,1,2,1,4,4,4,3,2,2,4,4,3,4,4,3"
17,0.9877030496613249,0.43137254901960786,2253.0,"2,1,2,4,1,1,1,2,2,1,3,4,2,1,1,1,1,4,3,4,4,2,1,4,3,4,4,1,2,2,1,4,4,2,1,4,2,4,1,4,4,3,1,3,4,3,3,1,2,2,1,2,3,2,1,2,1,4,3,3,1,2,4,2,3,4,1,1,2,1,2,2,2,1,1,2,2,1,2,3,2,4,3,1,1,3,1,1,1,1,1,1,3,4,2,1,2,3,2,1,1,3,2,4,3,4,2,1,2,4,2,2,2,2,4,3,1,2,4,1,3,1,4,2,1,4,2,4,1,2,4,2,2,1,3,3,3,4,4,2,2,4,3,1,2,2,3,3,2,3,3,3,4,4,1,4,1,1,1,3,4,2,2,1,2,4,4,4,3,4,2,4,3,2,1,4,3,4,2,2,2,3,4,4,3,3,3,2,3,2,1,2,2,3,2,2,4,2,3,2,2,4,1,4,2,4,3,1,3,2,4,2,4,2,3,1,3,1,2,1,1,1,4,2,4,1,2,2,2,3,1,1,2,3,1,4,3,4,1,1,1,1,2,2,2,1,2,3,4,1,3,1,4,2,3,3,1,4,4,4,4,2,2,4,2,2,4,2,2,4,4,1,1,3,4,3,1,2,3,1,1,4,3,1,1,4,1,2,3,4,4,2,3,2,2,2,2,1,1,1,4,2,2,3,4,4,3,1,1,1,4,1,2,3,1,1,2,3,2,4,1,3,3,3,4,2,1,2,3,1,3,3,1,1,1,3,4,3,2,3,1,2,3,3,4,2,2,4,3,4,2,4,1,1,4,3,2,4,3,3,2,1,3,2,2,3,3,2,1,3,3,2,3,4,2,4,4,3,2,4,2,2,1,1,1,3,2,4,2,1,1,2,1,2,2,2,2,1,3,4,2,2,2,1,4,2,3,4,2,1,3,4,4,4,3,2,4,2,2,2,4,3,1,1,1,1,3,1,1,3,4,3,1,1,2,1,2,2,4,1,1,2,4,4,1,2,3,2,1,1,2,3,2,4,1,1,1,4,3,1,2,3,1,2,3,4,2,2,3,1,2,3,1,1,2,4,2,3,1,4,3,1,4,1,3,1,2,1,1,1,1,4,4,3,1,1,2,4,1,1,2,1,1,2,2,2,2,3,3,3,1,3,1,3,2,3,1,1,2,2,4,4,1,2,4,1,1,2,1,2,1,4,4,2,3,3,1,4,2,3,2,2,3,3,1,1,3,2,2,3,4,1,2,2,1,2,1,1,1,2,4,3,2,3,3,4,4,2,4,3,3,1,3,3,1,4,3,4,1,1,1,4,4,2,1,4,2,2,1,1,4,1,3,2,2,2,3,4,1,1,2,2,1,4,4,3,4,3,3,2,1,3,4,1,2,3,3,3,4,2,3,2,1,1,3,1,1,3,2,2,2,1,1,1,4,2,2,4,1,3,4,1,3,3,4,1,1,3,3,1,1,4,2,2,1,3,1,3,3,4,3,4,2,3,1,2,2,1,2,2,1,2,2,4,1,2,1,3,4,3,1,1,3,3,1,4,1,3,1,1,1,2,3,3,2,2,1,2,3,3,4,1,4,3,4,2,1,2,4,3,3,1,1,1,2,1,2,3,4,4,2,4,2,2,3,2,3,3,2,2,2,3,2,3,4,2,1,3,3,1,3,2,1,3,1,1,3,2,3,4,3,2,4,3,1,4,2,4,1,1,2,2,2,2,2,1,1,1,1,3,1,4,1,4,2,3,1,2,2,4,1,3,2,3,1,3,2,2,2,2,4,2,4,3,1,4,1,3,3,3,3,2,1,2,4,4,2,2,1,3,4,1,3,4,1,2,2,3,3,2,2,3,3,3,4,3,2,2,2,1,3,1,3,1,3,4,1,3,3,2,2,3,1,2,2,1,1,3,3,1,2,2,1,1,2,1,3,1,1,2,1,2,3,4,3,1,4,3,2,4,4,3,2,3,2,1,1,2,1,3,2,4,4,3,3,3,3,4,1,1,3,2,2,2,1,1,1,4,2,3,1,2,2,3,1,1,1,3,1,3,2,2,1,2,1,1,2,1,1,4,1,2,4,4,2,1,2,2,4,2,4,4,4,4,1,3,2,1,1,1,2,3,1,2,3,1,3,4,3,3,4,3,1,2,1,3,3,3,1,4,4,4,1,1,1,1,1,4,2,4,2,3,4,4,1,1,1,1,3,4,3,1,1,3,1,1,2,1,2,3,4,2,4,1,1,1,2,4,3,1,2,3,1,1,2,2,1,4,1,2,2,2,4,3,4,2,4,1,4,1,4,1,4,3,1,1,4,4,1,4,2,4,3,1,3,3,2,2,3,1,3,4,1,1,4,1,2,1,1,1,1,3,3,3,2,4,4,2,1,2,1,1,2,1,3,3,3,3,2,3,1,2,2,3,4,4,3,3,1,1,3,3,4,3,4,3,1,4,4,4,3,2,4,1,3,4,3,2,2,3,3,3,4,3,1,2,4,4,2,2,1,1,1,4,1,1,1,3,3,4,2,1,3,3,4,2,1,3,4,4,3,4,2,4,2,2,3,2,2,1,2,3,2,3,2,2,1,3,2,3,4,1,3,4,1,3,3,2,2,3,3,1,4,1,1,3,1,3,4,1,4,1,4,2,1,2,1,1,1,3,1,1,3,1,3,3,1,2,2,1,1,4,1,2,4,4,3,2,1,1,4,1,4,3,4,1,4,1,1,1,2,3,4,1,1,2,3,2,1,3,3,1,4,3,3,3,4,2,1,2,2,4,2,1,1,4,3,1,4,4,2,4,3,2,1,1,1,2,1,1,3,3,3,3,1,1,4,2,1,2,1,1,3,3,3,3,1,3,3,2,2,4,2,2,2,2,1,4,3,3,3,3,1,3,4,1,1,2,4,2,1,3,2,3,4,1,3,1,2,3,4,1,2,2,2,1,2,4,4,1,2,2,2,2,4,3,3,2,1,4,2,2,3,2,3,2,3,2,1,1,1,4,4,1,1,2,1,3,4,2,2,4,1,1,3,3,1,1,2,2,1,4,2,4,2,3,2,4,4,1,4,3,1,2,2,1,1,3,2,1,2,2,4,2,4,2,3,1,1,2,2,2,1,4,1,3,1,4,3,3,3,4,4,2,1,4,4,2,3,4,4,1,1,1,4,1,3,4,2,4,2,2,4,4,2,3,1,4,2,2,1,1,2,4,2,2,1,1,4,4,1,1,3,4,1,4,1,2,4,3,2,3,3,1,1,2,1,4,2,1,2,1,3,3,4,4,4,2,3,4,1,1,1,4,2,1,4,4,1,1,3,3,3,3,2,2,1,1,4,2,2,2,2,3,1,1,4,2,4,2,1,1,2,2,4,1,3,4,3,3,1,4,3,2,4,3,3,4,1,3,1,1,2,1,4,4,2,3,3,1,3,1,2,3,4,3,2,1,1,4,2,1,3,1,2,2,2,2,2,3,2,4,4,2,4,3,1,1,2,1,3,1,1,1,1,1,1,3,1,1,1,3,3,3,2,4,2,2,1,2,4,3,4,1,3,3,3,3,2,1,2,3,1,3,3,1,1,1,2,4,2,1,4,3,2,1,2,1,3,1,1,3,2,1,3,2,2,2,3,4,1,1,4,2,2,2,3,1,3,4,4,2,4,2,1,2,3,4,3,3,1,3,2,2,2,2,3,3,3,4,1,3,4,1,4,1,1,2,4,3,1,1,2,3,1,1,4,1,3,1,1,1,2,2,4,1,2,1,4,4,4,3,2,2,4,4,3,4,4,3"
18,0.9877030496613249,0.43137254901960786,2253.0,"2,1,2,4,1,1,1,2,2,1,3,4,2,1,1,1,1,4,3,4,4,2,1,4,3,4,4,1,2,2,1,4,4,2,1,4,2,4,1,4,4,3,1,3,4,3,3,1,2,2,1,2,3,2,1,2,1,4,3,3,1,2,4,2,3,4,1,1,2,1,2,2,2,1,1,2,2,1,2,3,2,4,3,1,1,3,1,1,1,1,1,1,3,4,2,1,2,3,2,1,1,3,2,4,3,4,2,1,2,4,2,2,2,2,4,3,1,2,4,1,3,1,4,2,1,4,2,4,1,2,4,2,2,1,3,3,3,4,4,2,2,4,3,1,2,2,3,3,2,3,3,3,4,4,1,4,1,1,1,3,4,2,2,1,2,4,4,4,3,4,2,4,3,2,1,4,3,4,2,2,2,3,4,4,3,3,3,2,3,2,1,2,2,3,2,2,4,2,3,2,2,4,1,4,2,4,3,1,3,2,4,2,4,2,3,1,3,1,2,1,1,1,4,2,4,1,2,2,2,3,1,1,2,3,1,4,3,4,1,1,1,1,2,2,2,1,2,3,4,1,3,1,4,2,3,3,1,4,4,4,4,2,2,4,2,2,4,2,2,4,4,1,1,3,4,3,1,2,3,1,1,4,3,1,1,4,1,2,3,4,4,2,3,2,2,2,2,1,1,1,4,2,2,3,4,4,3,1,1,1,4,1,2,3,1,1,2,3,2,4,1,3,3,3,4,2,1,2,3,1,3,3,1,1,1,3,4,3,2,3,1,2,3,3,4,2,2,4,3,4,2,4,1,1,4,3,2,4,3,3,2,1,3,2,2,3,3,2,1,3,3,2,3,4,2,4,4,3,2,4,2,2,1,1,1,3,2,4,2,1,1,2,1,2,2,2,2,1,3,4,2,2,2,1,4,2,3,4,2,1,3,4,4,4,3,2,4,2,2,2,4,3,1,1,1,1,3,1,1,3,4,3,1,1,2,1,2,2,4,1,1,2,4,4,1,2,3,2,1,1,2,3,2,4,1,1,1,4,3,1,2,3,1,2,3,4,2,2,3,1,2,3,1,1,2,4,2,3,1,4,3,1,4,1,3,1,2,1,1,1,1,4,4,3,1,1,2,4,1,1,2,1,1,2,2,2,2,3,3,3,1,3,1,3,2,3,1,1,2,2,4,4,1,2,4,1,1,2,1,2,1,4,4,2,3,3,1,4,2,3,2,2,3,3,1,1,3,2,2,3,4,1,2,2,1,2,1,1,1,2,4,3,2,3,3,4,4,2,4,3,3,1,3,3,1,4,3,4,1,1,1,4,4,2,1,4,2,2,1,1,4,1,3,2,2,2,3,4,1,1,2,2,1,4,4,3,4,3,3,2,1,3,4,1,2,3,3,3,4,2,3,2,1,1,3,1,1,3,2,2,2,1,1,1,4,2,2,4,1,3,4,1,3,3,4,1,1,3,3,1,1,4,2,2,1,3,1,3,3,4,3,4,2,3,1,2,2,1,2,2,1,2,2,4,1,2,1,3,4,3,1,1,3,3,1,4,1,3,1,1,1,2,3,3,2,2,1,2,3,3,4,1,4,3,4,2,1,2,4,3,3,1,1,1,2,1,2,3,4,4,2,4,2,2,3,2,3,3,2,2,2,3,2,3,4,2,1,3,3,1,3,2,1,3,1,1,3,2,3,4,3,2,4,3,1,4,2,4,1,1,2,2,2,2,2,1,1,1,1,3,1,4,1,4,2,3,1,2,2,4,1,3,2,3,1,3,2,2,2,2,4,2,4,3,1,4,1,3,3,3,3,2,1,2,4,4,2,2,1,3,4,1,3,4,1,2,2,3,3,2,2,3,3,3,4,3,2,2,2,1,3,1,3,1,3,4,1,3,3,2,2,3,1,2,2,1,1,3,3,1,2,2,1,1,2,1,3,1,1,2,1,2,3,4,3,1,4,3,2,4,4,3,2,3,2,1,1,2,1,3,2,4,4,3,3,3,3,4,1,1,3,2,2,2,1,1,1,4,2,3,1,2,2,3,1,1,1,3,1,3,2,2,1,2,1,1,2,1,1,4,1,2,4,4,2,1,2,2,4,2,4,4,4,4,1,3,2,1,1,1,2,3,1,2,3,1,3,4,3,3,4,3,1,2,1,3,3,3,1,4,4,4,1,1,1,1,1,4,2,4,2,3,4,4,1,1,1,1,3,4,3,1,1,3,1,1,2,1,2,3,4,2,4,1,1,1,2,4,3,1,2,3,1,1,2,2,1,4,1,2,2,2,4,3,4,2,4,1,4,1,4,1,4,3,1,1,4,4,1,4,2,4,3,1,3,3,2,2,3,1,3,4,1,1,4,1,2,1,1,1,1,3,3,3,2,4,4,2,1,2,1,1,2,1,3,3,3,3,2,3,1,2,2,3,4,4,3,3,1,1,3,3,4,3,4,3,1,4,4,4,3,2,4,1,3,4,3,2,2,3,3,3,4,3,1,2,4,4,2,2,1,1,1,4,1,1,1,3,3,4,2,1,3,3,4,2,1,3,4,4,3,4,2,4,2,2,3,2,2,1,2,3,2,3,2,2,1,3,2,3,4,1,3,4,1,3,3,2,2,3,3,1,4,1,1,3,1,3,4,1,4,1,4,2,1,2,1,1,1,3,1,1,3,1,3,3,1,2,2,1,1,4,1,2,4,4,3,2,1,1,4,1,4,3,4,1,4,1,1,1,2,3,4,1,1,2,3,2,1,3,3,1,4,3,3,3,4,2,1,2,2,4,2,1,1,4,3,1,4,4,2,4,3,2,1,1,1,2,1,1,3,3,3,3,1,1,4,2,1,2,1,1,3,3,3,3,1,3,3,2,2,4,2,2,2,2,1,4,3,3,3,3,1,3,4,1,1,2,4,2,1,3,2,3,4,1,3,1,2,3,4,1,2,2,2,1,2,4,4,1,2,2,2,2,4,3,3,2,1,4,2,2,3,2,3,2,3,2,1,1,1,4,4,1,1,2,1,3,4,2,2,4,1,1,3,3,1,1,2,2,1,4,2,4,2,3,2,4,4,1,4,3,1,2,2,1,1,3,2,1,2,2,4,2,4,2,3,1,1,2,2,2,1,4,1,3,1,4,3,3,3,4,4,2,1,4,4,2,3,4,4,1,1,1,4,1,3,4,2,4,2,2,4,4,2,3,1,4,2,2,1,1,2,4,2,2,1,1,4,4,1,1,3,4,1,4,1,2,4,3,2,3,3,1,1,2,1,4,2,1,2,1,3,3,4,4,4,2,3,4,1,1,1,4,2,1,4,4,1,1,3,3,3,3,2,2,1,1,4,2,2,2,2,3,1,1,4,2,4,2,1,1,2,2,4,1,3,4,3,3,1,4,3,2,4,3,3,4,1,3,1,1,2,1,4,4,2,3,3,1,3,1,2,3,4,3,2,1,1,4,2,1,3,1,2,2,2,2,2,3,2,4,4,2,4,3,1,1,2,1,3,1,1,1,1,1,1,3,1,1,1,3,3,3,2,4,2,2,1,2,4,3,4,1,3,3,3,3,2,1,2,3,1,3,3,1,1,1,2,4,2,1,4,3,2,1,2,1,3,1,1,3,2,1,3,2,2,2,3,4,1,1,4,2,2,2,3,1,3,4,4,2,4,2,1,2,3,4,3,3,1,3,2,2,2,2,3,3,3,4,1,3,4,1,4,1,1,2,4,3,1,1,2,3,1,1,4,1,3,1,1,1,2,2,4,1,2,1,4,4,4,3,2,2,4,4,3,4,4,3"
19,0.9877030496613249,0.43137254901960786,2253.0,"2,1,2,4,1,1,1,2,2,1,3,4,2,1,1,1,1,4,3,4,4,2,1,4,3,4,4,1,2,2,1,4,4,2,1,4,2,4,1,4,4,3,1,3,4,3,3,1,2,2,1,2,3,2,1,2,1,4,3,3,1,2,4,2,3,4,1,1,2,1,2,2,2,1,1,2,2,1,2,3,2,4,3,1,1,3,1,1,1,1,1,1,3,4,2,1,2,3,2,1,1,3,2,4,3,4,2,1,2,4,2,2,2,2,4,3,1,2,4,1,3,1,4,2,1,4,2,4,1,2,4,2,2,1,3,3,3,4,4,2,2,4,3,1,2,2,3,3,2,3,3,3,4,4,1,4,1,1,1,3,4,2,2,1,2,4,4,4,3,4,2,4,3,2,1,4,3,4,2,2,2,3,4,4,3,3,3,2,3,2,1,2,2,3,2,2,4,2,3,2,2,4,1,4,2,4,3,1,3,2,4,2,4,2,3,1,3,1,2,1,1,1,4,2,4,1,2,2,2,3,1,1,2,3,1,4,3,4,1,1,1,1,2,2,2,1,2,3,4,1,3,1,4,2,3,3,1,4,4,4,4,2,2,4,2,2,4,2,2,4,4,1,1,3,4,3,1,2,3,1,1,4,3,1,1,4,1,2,3,4,4,2,3,2,2,2,2,1,1,1,4,2,2,3,4,4,3,1,1,1,4,1,2,3,1,1,2,3,2,4,1,3,3,3,4,2,1,2,3,1,3,3,1,1,1,3,4,3,2,3,1,2,3,3,4,2,2,4,3,4,2,4,1,1,4,3,2,4,3,3,2,1,3,2,2,3,3,2,1,3,3,2,3,4,2,4,4,3,2,4,2,2,1,1,1,3,2,4,2,1,1,2,1,2,2,2,2,1,3,4,2,2,2,1,4,2,3,4,2,1,3,4,4,4,3,2,4,2,2,2,4,3,1,1,1,1,3,1,1,3,4,3,1,1,2,1,2,2,4,1,1,2,4,4,1,2,3,2,1,1,2,3,2,4,1,1,1,4,3,1,2,3,1,2,3,4,2,2,3,1,2,3,1,1,2,4,2,3,1,4,3,1,4,1,3,1,2,1,1,1,1,4,4,3,1,1,2,4,1,1,2,1,1,2,2,2,2,3,3,3,1,3,1,3,2,3,1,1,2,2,4,4,1,2,4,1,1,2,1,2,1,4,4,2,3,3,1,4,2,3,2,2,3,3,1,1,3,2,2,3,4,1,2,2,1,2,1,1,1,2,4,3,2,3,3,4,4,2,4,3,3,1,3,3,1,4,3,4,1,1,1,4,4,2,1,4,2,2,1,1,4,1,3,2,2,2,3,4,1,1,2,2,1,4,4,3,4,3,3,2,1,3,4,1,2,3,3,3,4,2,3,2,1,1,3,1,1,3,2,2,2,1,1,1,4,2,2,4,1,3,4,1,3,3,4,1,1,3,3,1,1,4,2,2,1,3,1,3,3,4,3,4,2,3,1,2,2,1,2,2,1,2,2,4,1,2,1,3,4,3,1,1,3,3,1,4,1,3,1,1,1,2,3,3,2,2,1,2,3,3,4,1,4,3,4,2,1,2,4,3,3,1,1,1,2,1,2,3,4,4,2,4,2,2,3,2,3,3,2,2,2,3,2,3,4,2,1,3,3,1,3,2,1,3,1,1,3,2,3,4,3,2,4,3,1,4,2,4,1,1,2,2,2,2,2,1,1,1,1,3,1,4,1,4,2,3,1,2,2,4,1,3,2,3,1,3,2,2,2,2,4,2,4,3,1,4,1,3,3,3,3,2,1,2,4,4,2,2,1,3,4,1,3,4,1,2,2,3,3,2,2,3,3,3,4,3,2,2,2,1,3,1,3,1,3,4,1,3,3,2,2,3,1,2,2,1,1,3,3,1,2,2,1,1,2,1,3,1,1,2,1,2,3,4,3,1,4,3,2,4,4,3,2,3,2,1,1,2,1,3,2,4,4,3,3,3,3,4,1,1,3,2,2,2,1,1,1,4,2,3,1,2,2,3,1,1,1,3,1,3,2,2,1,2,1,1,2,1,1,4,1,2,4,4,2,1,2,2,4,2,4,4,4,4,1,3,2,1,1,1,2,3,1,2,3,1,3,4,3,3,4,3,1,2,1,3,3,3,1,4,4,4,1,1,1,1,1,4,2,4,2,3,4,4,1,1,1,1,3,4,3,1,1,3,1,1,2,1,2,3,4,2,4,1,1,1,2,4,3,1,2,3,1,1,2,2,1,4,1,2,2,2,4,3,4,2,4,1,4,1,4,1,4,3,1,1,4,4,1,4,2,4,3,1,3,3,2,2,3,1,3,4,1,1,4,1,2,1,1,1,1,3,3,3,2,4,4,2,1,2,1,1,2,1,3,3,3,3,2,3,1,2,2,3,4,4,3,3,1,1,3,3,4,3,4,3,1,4,4,4,3,2,4,1,3,4,3,2,2,3,3,3,4,3,1,2,4,4,2,2,1,1,1,4,1,1,1,3,3,4,2,1,3,3,4,2,1,3,4,4,3,4,2,4,2,2,3,2,2,1,2,3,2,3,2,2,1,3,2,3,4,1,3,4,1,3,3,2,2,3,3,1,4,1,1,3,1,3,4,1,4,1,4,2,1,2,1,1,1,3,1,1,3,1,3,3,1,2,2,1,1,4,1,2,4,4,3,2,1,1,4,1,4,3,4,1,4,1,1,1,2,3,4,1,1,2,3,2,1,3,3,1,4,3,3,3,4,2,1,2,2,4,2,1,1,4,3,1,4,4,2,4,3,2,1,1,1,2,1,1,3,3,3,3,1,1,4,2,1,2,1,1,3,3,3,3,1,3,3,2,2,4,2,2,2,2,1,4,3,3,3,3,1,3,4,1,1,2,4,2,1,3,2,3,4,1,3,1,2,3,4,1,2,2,2,1,2,4,4,1,2,2,2,2,4,3,3,2,1,4,2,2,3,2,3,2,3,2,1,1,1,4,4,1,1,2,1,3,4,2,2,4,1,1,3,3,1,1,2,2,1,4,2,4,2,3,2,4,4,1,4,3,1,2,2,1,1,3,2,1,2,2,4,2,4,2,3,1,1,2,2,2,1,4,1,3,1,4,3,3,3,4,4,2,1,4,4,2,3,4,4,1,1,1,4,1,3,4,2,4,2,2,4,4,2,3,1,4,2,2,1,1,2,4,2,2,1,1,4,4,1,1,3,4,1,4,1,2,4,3,2,3,3,1,1,2,1,4,2,1,2,1,3,3,4,4,4,2,3,4,1,1,1,4,2,1,4,4,1,1,3,3,3,3,2,2,1,1,4,2,2,2,2,3,1,1,4,2,4,2,1,1,2,2,4,1,3,4,3,3,1,4,3,2,4,3,3,4,1,3,1,1,2,1,4,4,2,3,3,1,3,1,2,3,4,3,2,1,1,4,2,1,3,1,2,2,2,2,2,3,2,4,4,2,4,3,1,1,2,1,3,1,1,1,1,1,1,3,1,1,1,3,3,3,2,4,2,2,1,2,4,3,4,1,3,3,3,3,2,1,2,3,1,3,3,1,1,1,2,4,2,1,4,3,2,1,2,1,3,1,1,3,2,1,3,2,2,2,3,4,1,1,4,2,2,2,3,1,3,4,4,2,4,2,1,2,3,4,3,3,1,3,2,2,2,2,3,3,3,4,1,3,4,1,4,1,1,2,4,3,1,1,2,3,1,1,4,1,3,1,1,1,2,2,4,1,2,1,4,4,4,3,2,2,4,4,3,4,4,3"
20,0.9877030496613249,0.43137254901960786,2253.0,"2,1,2,4,1,1,1,2,2,1,3,4,2,1,1,1,1,4,3,4,4,2,1,4,3,4,4,1,2,2,1,4,4,2,1,4,2,4,1,4,4,3,1,3,4,3,3,1,2,2,1,2,3,2,1,2,1,4,3,3,1,2,4,2,3,4,1,1,2,1,2,2,2,1,1,2,2,1,2,3,2,4,3,1,1,3,1,1,1,1,1,1,3,4,2,1,2,3,2,1,1,3,2,4,3,4,2,1,2,4,2,2,2,2,4,3,1,2,4,1,3,1,4,2,1,4,2,4,1,2,4,2,2,1,3,3,3,4,4,2,2,4,3,1,2,2,3,3,2,3,3,3,4,4,1,4,1,1,1,3,4,2,2,1,2,4,4,4,3,4,2,4,3,2,1,4,3,4,2,2,2,3,4,4,3,3,3,2,3,2,1,2,2,3,2,2,4,2,3,2,2,4,1,4,2,4,3,1,3,2,4,2,4,2,3,1,3,1,2,1,1,1,4,2,4,1,2,2,2,3,1,1,2,3,1,4,3,4,1,1,1,1,2,2,2,1,2,3,4,1,3,1,4,2,3,3,1,4,4,4,4,2,2,4,2,2,4,2,2,4,4,1,1,3,4,3,1,2,3,1,1,4,3,1,1,4,1,2,3,4,4,2,3,2,2,2,2,1,1,1,4,2,2,3,4,4,3,1,1,1,4,1,2,3,1,1,2,3,2,4,1,3,3,3,4,2,1,2,3,1,3,3,1,1,1,3,4,3,2,3,1,2,3,3,4,2,2,4,3,4,2,4,1,1,4,3,2,4,3,3,2,1,3,2,2,3,3,2,1,3,3,2,3,4,2,4,4,3,2,4,2,2,1,1,1,3,2,4,2,1,1,2,1,2,2,2,2,1,3,4,2,2,2,1,4,2,3,4,2,1,3,4,4,4,3,2,4,2,2,2,4,3,1,1,1,1,3,1,1,3,4,3,1,1,2,1,2,2,4,1,1,2,4,4,1,2,3,2,1,1,2,3,2,4,1,1,1,4,3,1,2,3,1,2,3,4,2,2,3,1,2,3,1,1,2,4,2,3,1,4,3,1,4,1,3,1,2,1,1,1,1,4,4,3,1,1,2,4,1,1,2,1,1,2,2,2,2,3,3,3,1,3,1,3,2,3,1,1,2,2,4,4,1,2,4,1,1,2,1,2,1,4,4,2,3,3,1,4,2,3,2,2,3,3,1,1,3,2,2,3,4,1,2,2,1,2,1,1,1,2,4,3,2,3,3,4,4,2,4,3,3,1,3,3,1,4,3,4,1,1,1,4,4,2,1,4,2,2,1,1,4,1,3,2,2,2,3,4,1,1,2,2,1,4,4,3,4,3,3,2,1,3,4,1,2,3,3,3,4,2,3,2,1,1,3,1,1,3,2,2,2,1,1,1,4,2,2,4,1,3,4,1,3,3,4,1,1,3,3,1,1,4,2,2,1,3,1,3,3,4,3,4,2,3,1,2,2,1,2,2,1,2,2,4,1,2,1,3,4,3,1,1,3,3,1,4,1,3,1,1,1,2,3,3,2,2,1,2,3,3,4,1,4,3,4,2,1,2,4,3,3,1,1,1,2,1,2,3,4,4,2,4,2,2,3,2,3,3,2,2,2,3,2,3,4,2,1,3,3,1,3,2,1,3,1,1,3,2,3,4,3,2,4,3,1,4,2,4,1,1,2,2,2,2,2,1,1,1,1,3,1,4,1,4,2,3,1,2,2,4,1,3,2,3,1,3,2,2,2,2,4,2,4,3,1,4,1,3,3,3,3,2,1,2,4,4,2,2,1,3,4,1,3,4,1,2,2,3,3,2,2,3,3,3,4,3,2,2,2,1,3,1,3,1,3,4,1,3,3,2,2,3,1,2,2,1,1,3,3,1,2,2,1,1,2,1,3,1,1,2,1,2,3,4,3,1,4,3,2,4,4,3,2,3,2,1,1,2,1,3,2,4,4,3,3,3,3,4,1,1,3,2,2,2,1,1,1,4,2,3,1,2,2,3,1,1,1,3,1,3,2,2,1,2,1,1,2,1,1,4,1,2,4,4,2,1,2,2,4,2,4,4,4,4,1,3,2,1,1,1,2,3,1,2,3,1,3,4,3,3,4,3,1,2,1,3,3,3,1,4,4,4,1,1,1,1,1,4,2,4,2,3,4,4,1,1,1,1,3,4,3,1,1,3,1,1,2,1,2,3,4,2,4,1,1,1,2,4,3,1,2,3,1,1,2,2,1,4,1,2,2,2,4,3,4,2,4,1,4,1,4,1,4,3,1,1,4,4,1,4,2,4,3,1,3,3,2,2,3,1,3,4,1,1,4,1,2,1,1,1,1,3,3,3,2,4,4,2,1,2,1,1,2,1,3,3,3,3,2,3,1,2,2,3,4,4,3,3,1,1,3,3,4,3,4,3,1,4,4,4,3,2,4,1,3,4,3,2,2,3,3,3,4,3,1,2,4,4,2,2,1,1,1,4,1,1,1,3,3,4,2,1,3,3,4,2,1,3,4,4,3,4,2,4,2,2,3,2,2,1,2,3,2,3,2,2,1,3,2,3,4,1,3,4,1,3,3,2,2,3,3,1,4,1,1,3,1,3,4,1,4,1,4,2,1,2,1,1,1,3,1,1,3,1,3,3,1,2,2,1,1,4,1,2,4,4,3,2,1,1,4,1,4,3,4,1,4,1,1,1,2,3,4,1,1,2,3,2,1,3,3,1,4,3,3,3,4,2,1,2,2,4,2,1,1,4,3,1,4,4,2,4,3,2,1,1,1,2,1,1,3,3,3,3,1,1,4,2,1,2,1,1,3,3,3,3,1,3,3,2,2,4,2,2,2,2,1,4,3,3,3,3,1,3,4,1,1,2,4,2,1,3,2,3,4,1,3,1,2,3,4,1,2,2,2,1,2,4,4,1,2,2,2,2,4,3,3,2,1,4,2,2,3,2,3,2,3,2,1,1,1,4,4,1,1,2,1,3,4,2,2,4,1,1,3,3,1,1,2,2,1,4,2,4,2,3,2,4,4,1,4,3,1,2,2,1,1,3,2,1,2,2,4,2,4,2,3,1,1,2,2,2,1,4,1,3,1,4,3,3,3,4,4,2,1,4,4,2,3,4,4,1,1,1,4,1,3,4,2,4,2,2,4,4,2,3,1,4,2,2,1,1,2,4,2,2,1,1,4,4,1,1,3,4,1,4,1,2,4,3,2,3,3,1,1,2,1,4,2,1,2,1,3,3,4,4,4,2,3,4,1,1,1,4,2,1,4,4,1,1,3,3,3,3,2,2,1,1,4,2,2,2,2,3,1,1,4,2,4,2,1,1,2,2,4,1,3,4,3,3,1,4,3,2,4,3,3,4,1,3,1,1,2,1,4,4,2,3,3,1,3,1,2,3,4,3,2,1,1,4,2,1,3,1,2,2,2,2,2,3,2,4,4,2,4,3,1,1,2,1,3,1,1,1,1,1,1,3,1,1,1,3,3,3,2,4,2,2,1,2,4,3,4,1,3,3,3,3,2,1,2,3,1,3,3,1,1,1,2,4,2,1,4,3,2,1,2,1,3,1,1,3,2,1,3,2,2,2,3,4,1,1,4,2,2,2,3,1,3,4,4,2,4,2,1,2,3,4,3,3,1,3,2,2,2,2,3,3,3,4,1,3,4,1,4,1,1,2,4,3,1,1,2,3,1,1,4,1,3,1,1,1,2,2,4,1,2,1,4,4,4,3,2,2,4,4,3,4,4,3"
21,0.9877030496613249,0.43137254901960786,2253.0,"2,1,2,4,1,1,1,2,2,1,3,4,2,1,1,1,1,4,3,4,4,2,1,4,3,4,4,1,2,2,1,4,4,2,1,4,2,4,1,4,4,3,1,3,4,3,3,1,2,2,1,2,3,2,1,2,1,4,3,3,1,2,4,2,3,4,1,1,2,1,2,2,2,1,1,2,2,1,2,3,2,4,3,1,1,3,1,1,1,1,1,1,3,4,2,1,2,3,2,1,1,3,2,4,3,4,2,1,2,4,2,2,2,2,4,3,1,2,4,1,3,1,4,2,1,4,2,4,1,2,4,2,2,1,3,3,3,4,4,2,2,4,3,1,2,2,3,3,2,3,3,3,4,4,1,4,1,1,1,3,4,2,2,1,2,4,4,4,3,4,2,4,3,2,1,4,3,4,2,2,2,3,4,4,3,3,3,2,3,2,1,2,2,3,2,2,4,2,3,2,2,4,1,4,2,4,3,1,3,2,4,2,4,2,3,1,3,1,2,1,1,1,4,2,4,1,2,2,2,3,1,1,2,3,1,4,3,4,1,1,1,1,2,2,2,1,2,3,4,1,3,1,4,2,3,3,1,4,4,4,4,2,2,4,2,2,4,2,2,4,4,1,1,3,4,3,1,2,3,1,1,4,3,1,1,4,1,2,3,4,4,2,3,2,2,2,2,1,1,1,4,2,2,3,4,4,3,1,1,1,4,1,2,3,1,1,2,3,2,4,1,3,3,3,4,2,1,2,3,1,3,3,1,1,1,3,4,3,2,3,1,2,3,3,4,2,2,4,3,4,2,4,1,1,4,3,2,4,3,3,2,1,3,2,2,3,3,2,1,3,3,2,3,4,2,4,4,3,2,4,2,2,1,1,1,3,2,4,2,1,1,2,1,2,2,2,2,1,3,4,2,2,2,1,4,2,3,4,2,1,3,4,4,4,3,2,4,2,2,2,4,3,1,1,1,1,3,1,1,3,4,3,1,1,2,1,2,2,4,1,1,2,4,4,1,2,3,2,1,1,2,3,2,4,1,1,1,4,3,1,2,3,1,2,3,4,2,2,3,1,2,3,1,1,2,4,2,3,1,4,3,1,4,1,3,1,2,1,1,1,1,4,4,3,1,1,2,4,1,1,2,1,1,2,2,2,2,3,3,3,1,3,1,3,2,3,1,1,2,2,4,4,1,2,4,1,1,2,1,2,1,4,4,2,3,3,1,4,2,3,2,2,3,3,1,1,3,2,2,3,4,1,2,2,1,2,1,1,1,2,4,3,2,3,3,4,4,2,4,3,3,1,3,3,1,4,3,4,1,1,1,4,4,2,1,4,2,2,1,1,4,1,3,2,2,2,3,4,1,1,2,2,1,4,4,3,4,3,3,2,1,3,4,1,2,3,3,3,4,2,3,2,1,1,3,1,1,3,2,2,2,1,1,1,4,2,2,4,1,3,4,1,3,3,4,1,1,3,3,1,1,4,2,2,1,3,1,3,3,4,3,4,2,3,1,2,2,1,2,2,1,2,2,4,1,2,1,3,4,3,1,1,3,3,1,4,1,3,1,1,1,2,3,3,2,2,1,2,3,3,4,1,4,3,4,2,1,2,4,3,3,1,1,1,2,1,2,3,4,4,2,4,2,2,3,2,3,3,2,2,2,3,2,3,4,2,1,3,3,1,3,2,1,3,1,1,3,2,3,4,3,2,4,3,1,4,2,4,1,1,2,2,2,2,2,1,1,1,1,3,1,4,1,4,2,3,1,2,2,4,1,3,2,3,1,3,2,2,2,2,4,2,4,3,1,4,1,3,3,3,3,2,1,2,4,4,2,2,1,3,4,1,3,4,1,2,2,3,3,2,2,3,3,3,4,3,2,2,2,1,3,1,3,1,3,4,1,3,3,2,2,3,1,2,2,1,1,3,3,1,2,2,1,1,2,1,3,1,1,2,1,2,3,4,3,1,4,3,2,4,4,3,2,3,2,1,1,2,1,3,2,4,4,3,3,3,3,4,1,1,3,2,2,2,1,1,1,4,2,3,1,2,2,3,1,1,1,3,1,3,2,2,1,2,1,1,2,1,1,4,1,2,4,4,2,1,2,2,4,2,4,4,4,4,1,3,2,1,1,1,2,3,1,2,3,1,3,4,3,3,4,3,1,2,1,3,3,3,1,4,4,4,1,1,1,1,1,4,2,4,2,3,4,4,1,1,1,1,3,4,3,1,1,3,1,1,2,1,2,3,4,2,4,1,1,1,2,4,3,1,2,3,1,1,2,2,1,4,1,2,2,2,4,3,4,2,4,1,4,1,4,1,4,3,1,1,4,4,1,4,2,4,3,1,3,3,2,2,3,1,3,4,1,1,4,1,2,1,1,1,1,3,3,3,2,4,4,2,1,2,1,1,2,1,3,3,3,3,2,3,1,2,2,3,4,4,3,3,1,1,3,3,4,3,4,3,1,4,4,4,3,2,4,1,3,4,3,2,2,3,3,3,4,3,1,2,4,4,2,2,1,1,1,4,1,1,1,3,3,4,2,1,3,3,4,2,1,3,4,4,3,4,2,4,2,2,3,2,2,1,2,3,2,3,2,2,1,3,2,3,4,1,3,4,1,3,3,2,2,3,3,1,4,1,1,3,1,3,4,1,4,1,4,2,1,2,1,1,1,3,1,1,3,1,3,3,1,2,2,1,1,4,1,2,4,4,3,2,1,1,4,1,4,3,4,1,4,1,1,1,2,3,4,1,1,2,3,2,1,3,3,1,4,3,3,3,4,2,1,2,2,4,2,1,1,4,3,1,4,4,2,4,3,2,1,1,1,2,1,1,3,3,3,3,1,1,4,2,1,2,1,1,3,3,3,3,1,3,3,2,2,4,2,2,2,2,1,4,3,3,3,3,1,3,4,1,1,2,4,2,1,3,2,3,4,1,3,1,2,3,4,1,2,2,2,1,2,4,4,1,2,2,2,2,4,3,3,2,1,4,2,2,3,2,3,2,3,2,1,1,1,4,4,1,1,2,1,3,4,2,2,4,1,1,3,3,1,1,2,2,1,4,2,4,2,3,2,4,4,1,4,3,1,2,2,1,1,3,2,1,2,2,4,2,4,2,3,1,1,2,2,2,1,4,1,3,1,4,3,3,3,4,4,2,1,4,4,2,3,4,4,1,1,1,4,1,3,4,2,4,2,2,4,4,2,3,1,4,2,2,1,1,2,4,2,2,1,1,4,4,1,1,3,4,1,4,1,2,4,3,2,3,3,1,1,2,1,4,2,1,2,1,3,3,4,4,4,2,3,4,1,1,1,4,2,1,4,4,1,1,3,3,3,3,2,2,1,1,4,2,2,2,2,3,1,1,4,2,4,2,1,1,2,2,4,1,3,4,3,3,1,4,3,2,4,3,3,4,1,3,1,1,2,1,4,4,2,3,3,1,3,1,2,3,4,3,2,1,1,4,2,1,3,1,2,2,2,2,2,3,2,4,4,2,4,3,1,1,2,1,3,1,1,1,1,1,1,3,1,1,1,3,3,3,2,4,2,2,1,2,4,3,4,1,3,3,3,3,2,1,2,3,1,3,3,1,1,1,2,4,2,1,4,3,2,1,2,1,3,1,1,3,2,1,3,2,2,2,3,4,1,1,4,2,2,2,3,1,3,4,4,2,4,2,1,2,3,4,3,3,1,3,2,2,2,2,3,3,3,4,1,3,4,1,4,1,1,2,4,3,1,1,2,3,1,1,4,1,3,1,1,1,2,2,4,1,2,1,4,4,4,3,2,2,4,4,3,4,4,3"
22,0.9877030496613249,0.43137254901960786,2253.0,"2,1,2,4,1,1,1,2,2,1,3,4,2,1,1,1,1,4,3,4,4,2,1,4,3,4,4,1,2,2,1,4,4,2,1,4,2,4,1,4,4,3,1,3,4,3,3,1,2,2,1,2,3,2,1,2,1,4,3,3,1,2,4,2,3,4,1,1,2,1,2,2,2,1,1,2,2,1,2,3,2,4,3,1,1,3,1,1,1,1,1,1,3,4,2,1,2,3,2,1,1,3,2,4,3,4,2,1,2,4,2,2,2,2,4,3,1,2,4,1,3,1,4,2,1,4,2,4,1,2,4,2,2,1,3,3,3,4,4,2,2,4,3,1,2,2,3,3,2,3,3,3,4,4,1,4,1,1,1,3,4,2,2,1,2,4,4,4,3,4,2,4,3,2,1,4,3,4,2,2,2,3,4,4,3,3,3,2,3,2,1,2,2,3,2,2,4,2,3,2,2,4,1,4,2,4,3,1,3,2,4,2,4,2,3,1,3,1,2,1,1,1,4,2,4,1,2,2,2,3,1,1,2,3,1,4,3,4,1,1,1,1,2,2,2,1,2,3,4,1,3,1,4,2,3,3,1,4,4,4,4,2,2,4,2,2,4,2,2,4,4,1,1,3,4,3,1,2,3,1,1,4,3,1,1,4,1,2,3,4,4,2,3,2,2,2,2,1,1,1,4,2,2,3,4,4,3,1,1,1,4,1,2,3,1,1,2,3,2,4,1,3,3,3,4,2,1,2,3,1,3,3,1,1,1,3,4,3,2,3,1,2,3,3,4,2,2,4,3,4,2,4,1,1,4,3,2,4,3,3,2,1,3,2,2,3,3,2,1,3,3,2,3,4,2,4,4,3,2,4,2,2,1,1,1,3,2,4,2,1,1,2,1,2,2,2,2,1,3,4,2,2,2,1,4,2,3,4,2,1,3,4,4,4,3,2,4,2,2,2,4,3,1,1,1,1,3,1,1,3,4,3,1,1,2,1,2,2,4,1,1,2,4,4,1,2,3,2,1,1,2,3,2,4,1,1,1,4,3,1,2,3,1,2,3,4,2,2,3,1,2,3,1,1,2,4,2,3,1,4,3,1,4,1,3,1,2,1,1,1,1,4,4,3,1,1,2,4,1,1,2,1,1,2,2,2,2,3,3,3,1,3,1,3,2,3,1,1,2,2,4,4,1,2,4,1,1,2,1,2,1,4,4,2,3,3,1,4,2,3,2,2,3,3,1,1,3,2,2,3,4,1,2,2,1,2,1,1,1,2,4,3,2,3,3,4,4,2,4,3,3,1,3,3,1,4,3,4,1,1,1,4,4,2,1,4,2,2,1,1,4,1,3,2,2,2,3,4,1,1,2,2,1,4,4,3,4,3,3,2,1,3,4,1,2,3,3,3,4,2,3,2,1,1,3,1,1,3,2,2,2,1,1,1,4,2,2,4,1,3,4,1,3,3,4,1,1,3,3,1,1,4,2,2,1,3,1,3,3,4,3,4,2,3,1,2,2,1,2,2,1,2,2,4,1,2,1,3,4,3,1,1,3,3,1,4,1,3,1,1,1,2,3,3,2,2,1,2,3,3,4,1,4,3,4,2,1,2,4,3,3,1,1,1,2,1,2,3,4,4,2,4,2,2,3,2,3,3,2,2,2,3,2,3,4,2,1,3,3,1,3,2,1,3,1,1,3,2,3,4,3,2,4,3,1,4,2,4,1,1,2,2,2,2,2,1,1,1,1,3,1,4,1,4,2,3,1,2,2,4,1,3,2,3,1,3,2,2,2,2,4,2,4,3,1,4,1,3,3,3,3,2,1,2,4,4,2,2,1,3,4,1,3,4,1,2,2,3,3,2,2,3,3,3,4,3,2,2,2,1,3,1,3,1,3,4,1,3,3,2,2,3,1,2,2,1,1,3,3,1,2,2,1,1,2,1,3,1,1,2,1,2,3,4,3,1,4,3,2,4,4,3,2,3,2,1,1,2,1,3,2,4,4,3,3,3,3,4,1,1,3,2,2,2,1,1,1,4,2,3,1,2,2,3,1,1,1,3,1,3,2,2,1,2,1,1,2,1,1,4,1,2,4,4,2,1,2,2,4,2,4,4,4,4,1,3,2,1,1,1,2,3,1,2,3,1,3,4,3,3,4,3,1,2,1,3,3,3,1,4,4,4,1,1,1,1,1,4,2,4,2,3,4,4,1,1,1,1,3,4,3,1,1,3,1,1,2,1,2,3,4,2,4,1,1,1,2,4,3,1,2,3,1,1,2,2,1,4,1,2,2,2,4,3,4,2,4,1,4,1,4,1,4,3,1,1,4,4,1,4,2,4,3,1,3,3,2,2,3,1,3,4,1,1,4,1,2,1,1,1,1,3,3,3,2,4,4,2,1,2,1,1,2,1,3,3,3,3,2,3,1,2,2,3,4,4,3,3,1,1,3,3,4,3,4,3,1,4,4,4,3,2,4,1,3,4,3,2,2,3,3,3,4,3,1,2,4,4,2,2,1,1,1,4,1,1,1,3,3,4,2,1,3,3,4,2,1,3,4,4,3,4,2,4,2,2,3,2,2,1,2,3,2,3,2,2,1,3,2,3,4,1,3,4,1,3,3,2,2,3,3,1,4,1,1,3,1,3,4,1,4,1,4,2,1,2,1,1,1,3,1,1,3,1,3,3,1,2,2,1,1,4,1,2,4,4,3,2,1,1,4,1,4,3,4,1,4,1,1,1,2,3,4,1,1,2,3,2,1,3,3,1,4,3,3,3,4,2,1,2,2,4,2,1,1,4,3,1,4,4,2,4,3,2,1,1,1,2,1,1,3,3,3,3,1,1,4,2,1,2,1,1,3,3,3,3,1,3,3,2,2,4,2,2,2,2,1,4,3,3,3,3,1,3,4,1,1,2,4,2,1,3,2,3,4,1,3,1,2,3,4,1,2,2,2,1,2,4,4,1,2,2,2,2,4,3,3,2,1,4,2,2,3,2,3,2,3,2,1,1,1,4,4,1,1,2,1,3,4,2,2,4,1,1,3,3,1,1,2,2,1,4,2,4,2,3,2,4,4,1,4,3,1,2,2,1,1,3,2,1,2,2,4,2,4,2,3,1,1,2,2,2,1,4,1,3,1,4,3,3,3,4,4,2,1,4,4,2,3,4,4,1,1,1,4,1,3,4,2,4,2,2,4,4,2,3,1,4,2,2,1,1,2,4,2,2,1,1,4,4,1,1,3,4,1,4,1,2,4,3,2,3,3,1,1,2,1,4,2,1,2,1,3,3,4,4,4,2,3,4,1,1,1,4,2,1,4,4,1,1,3,3,3,3,2,2,1,1,4,2,2,2,2,3,1,1,4,2,4,2,1,1,2,2,4,1,3,4,3,3,1,4,3,2,4,3,3,4,1,3,1,1,2,1,4,4,2,3,3,1,3,1,2,3,4,3,2,1,1,4,2,1,3,1,2,2,2,2,2,3,2,4,4,2,4,3,1,1,2,1,3,1,1,1,1,1,1,3,1,1,1,3,3,3,2,4,2,2,1,2,4,3,4,1,3,3,3,3,2,1,2,3,1,3,3,1,1,1,2,4,2,1,4,3,2,1,2,1,3,1,1,3,2,1,3,2,2,2,3,4,1,1,4,2,2,2,3,1,3,4,4,2,4,2,1,2,3,4,3,3,1,3,2,2,2,2,3,3,3,4,1,3,4,1,4,1,1,2,4,3,1,1,2,3,1,1,4,1,3,1,1,1,2,2,4,1,2,1,4,4,4,3,2,2,4,4,3,4,4,3"
23,0.9877030496613249,0.43137254901960786,2253.0,"2,1,2,4,1,1,1,2,2,1,3,4,2,1,1,1,1,4,3,4,4,2,1,4,3,4,4,1,2,2,1,4,4,2,1,4,2,4,1,4,4,3,1,3,4,3,3,1,2,2,1,2,3,2,1,2,1,4,3,3,1,2,4,2,3,4,1,1,2,1,2,2,2,1,1,2,2,1,2,3,2,4,3,1,1,3,1,1,1,1,1,1,3,4,2,1,2,3,2,1,1,3,2,4,3,4,2,1,2,4,2,2,2,2,4,3,1,2,4,1,3,1,4,2,1,4,2,4,1,2,4,2,2,1,3,3,3,4,4,2,2,4,3,1,2,2,3,3,2,3,3,3,4,4,1,4,1,1,1,3,4,2,2,1,2,4,4,4,3,4,2,4,3,2,1,4,3,4,2,2,2,3,4,4,3,3,3,2,3,2,1,2,2,3,2,2,4,2,3,2,2,4,1,4,2,4,3,1,3,2,4,2,4,2,3,1,3,1,2,1,1,1,4,2,4,1,2,2,2,3,1,1,2,3,1,4,3,4,1,1,1,1,2,2,2,1,2,3,4,1,3,1,4,2,3,3,1,4,4,4,4,2,2,4,2,2,4,2,2,4,4,1,1,3,4,3,1,2,3,1,1,4,3,1,1,4,1,2,3,4,4,2,3,2,2,2,2,1,1,1,4,2,2,3,4,4,3,1,1,1,4,1,2,3,1,1,2,3,2,4,1,3,3,3,4,2,1,2,3,1,3,3,1,1,1,3,4,3,2,3,1,2,3,3,4,2,2,4,3,4,2,4,1,1,4,3,2,4,3,3,2,1,3,2,2,3,3,2,1,3,3,2,3,4,2,4,4,3,2,4,2,2,1,1,1,3,2,4,2,1,1,2,1,2,2,2,2,1,3,4,2,2,2,1,4,2,3,4,2,1,3,4,4,4,3,2,4,2,2,2,4,3,1,1,1,1,3,1,1,3,4,3,1,1,2,1,2,2,4,1,1,2,4,4,1,2,3,2,1,1,2,3,2,4,1,1,1,4,3,1,2,3,1,2,3,4,2,2,3,1,2,3,1,1,2,4,2,3,1,4,3,1,4,1,3,1,2,1,1,1,1,4,4,3,1,1,2,4,1,1,2,1,1,2,2,2,2,3,3,3,1,3,1,3,2,3,1,1,2,2,4,4,1,2,4,1,1,2,1,2,1,4,4,2,3,3,1,4,2,3,2,2,3,3,1,1,3,2,2,3,4,1,2,2,1,2,1,1,1,2,4,3,2,3,3,4,4,2,4,3,3,1,3,3,1,4,3,4,1,1,1,4,4,2,1,4,2,2,1,1,4,1,3,2,2,2,3,4,1,1,2,2,1,4,4,3,4,3,3,2,1,3,4,1,2,3,3,3,4,2,3,2,1,1,3,1,1,3,2,2,2,1,1,1,4,2,2,4,1,3,4,1,3,3,4,1,1,3,3,1,1,4,2,2,1,3,1,3,3,4,3,4,2,3,1,2,2,1,2,2,1,2,2,4,1,2,1,3,4,3,1,1,3,3,1,4,1,3,1,1,1,2,3,3,2,2,1,2,3,3,4,1,4,3,4,2,1,2,4,3,3,1,1,1,2,1,2,3,4,4,2,4,2,2,3,2,3,3,2,2,2,3,2,3,4,2,1,3,3,1,3,2,1,3,1,1,3,2,3,4,3,2,4,3,1,4,2,4,1,1,2,2,2,2,2,1,1,1,1,3,1,4,1,4,2,3,1,2,2,4,1,3,2,3,1,3,2,2,2,2,4,2,4,3,1,4,1,3,3,3,3,2,1,2,4,4,2,2,1,3,4,1,3,4,1,2,2,3,3,2,2,3,3,3,4,3,2,2,2,1,3,1,3,1,3,4,1,3,3,2,2,3,1,2,2,1,1,3,3,1,2,2,1,1,2,1,3,1,1,2,1,2,3,4,3,1,4,3,2,4,4,3,2,3,2,1,1,2,1,3,2,4,4,3,3,3,3,4,1,1,3,2,2,2,1,1,1,4,2,3,1,2,2,3,1,1,1,3,1,3,2,2,1,2,1,1,2,1,1,4,1,2,4,4,2,1,2,2,4,2,4,4,4,4,1,3,2,1,1,1,2,3,1,2,3,1,3,4,3,3,4,3,1,2,1,3,3,3,1,4,4,4,1,1,1,1,1,4,2,4,2,3,4,4,1,1,1,1,3,4,3,1,1,3,1,1,2,1,2,3,4,2,4,1,1,1,2,4,3,1,2,3,1,1,2,2,1,4,1,2,2,2,4,3,4,2,4,1,4,1,4,1,4,3,1,1,4,4,1,4,2,4,3,1,3,3,2,2,3,1,3,4,1,1,4,1,2,1,1,1,1,3,3,3,2,4,4,2,1,2,1,1,2,1,3,3,3,3,2,3,1,2,2,3,4,4,3,3,1,1,3,3,4,3,4,3,1,4,4,4,3,2,4,1,3,4,3,2,2,3,3,3,4,3,1,2,4,4,2,2,1,1,1,4,1,1,1,3,3,4,2,1,3,3,4,2,1,3,4,4,3,4,2,4,2,2,3,2,2,1,2,3,2,3,2,2,1,3,2,3,4,1,3,4,1,3,3,2,2,3,3,1,4,1,1,3,1,3,4,1,4,1,4,2,1,2,1,1,1,3,1,1,3,1,3,3,1,2,2,1,1,4,1,2,4,4,3,2,1,1,4,1,4,3,4,1,4,1,1,1,2,3,4,1,1,2,3,2,1,3,3,1,4,3,3,3,4,2,1,2,2,4,2,1,1,4,3,1,4,4,2,4,3,2,1,1,1,2,1,1,3,3,3,3,1,1,4,2,1,2,1,1,3,3,3,3,1,3,3,2,2,4,2,2,2,2,1,4,3,3,3,3,1,3,4,1,1,2,4,2,1,3,2,3,4,1,3,1,2,3,4,1,2,2,2,1,2,4,4,1,2,2,2,2,4,3,3,2,1,4,2,2,3,2,3,2,3,2,1,1,1,4,4,1,1,2,1,3,4,2,2,4,1,1,3,3,1,1,2,2,1,4,2,4,2,3,2,4,4,1,4,3,1,2,2,1,1,3,2,1,2,2,4,2,4,2,3,1,1,2,2,2,1,4,1,3,1,4,3,3,3,4,4,2,1,4,4,2,3,4,4,1,1,1,4,1,3,4,2,4,2,2,4,4,2,3,1,4,2,2,1,1,2,4,2,2,1,1,4,4,1,1,3,4,1,4,1,2,4,3,2,3,3,1,1,2,1,4,2,1,2,1,3,3,4,4,4,2,3,4,1,1,1,4,2,1,4,4,1,1,3,3,3,3,2,2,1,1,4,2,2,2,2,3,1,1,4,2,4,2,1,1,2,2,4,1,3,4,3,3,1,4,3,2,4,3,3,4,1,3,1,1,2,1,4,4,2,3,3,1,3,1,2,3,4,3,2,1,1,4,2,1,3,1,2,2,2,2,2,3,2,4,4,2,4,3,1,1,2,1,3,1,1,1,1,1,1,3,1,1,1,3,3,3,2,4,2,2,1,2,4,3,4,1,3,3,3,3,2,1,2,3,1,3,3,1,1,1,2,4,2,1,4,3,2,1,2,1,3,1,1,3,2,1,3,2,2,2,3,4,1,1,4,2,2,2,3,1,3,4,4,2,4,2,1,2,3,4,3,3,1,3,2,2,2,2,3,3,3,4,1,3,4,1,4,1,1,2,4,3,1,1,2,3,1,1,4,1,3,1,1,1,2,2,4,1,2,1,4,4,4,3,2,2,4,4,3,4,4,3"
24,0.9877030496613249,0.43137254901960786,2253.0,"2,1,2,4,1,1,1,2,2,1,3,4,2,1,1,1,1,4,3,4,4,2,1,4,3,4,4,1,2,2,1,4,4,2,1,4,2,4,1,4,4,3,1,3,4,3,3,1,2,2,1,2,3,2,1,2,1,4,3,3,1,2,4,2,3,4,1,1,2,1,2,2,2,1,1,2,2,1,2,3,2,4,3,1,1,3,1,1,1,1,1,1,3,4,2,1,2,3,2,1,1,3,2,4,3,4,2,1,2,4,2,2,2,2,4,3,1,2,4,1,3,1,4,2,1,4,2,4,1,2,4,2,2,1,3,3,3,4,4,2,2,4,3,1,2,2,3,3,2,3,3,3,4,4,1,4,1,1,1,3,4,2,2,1,2,4,4,4,3,4,2,4,3,2,1,4,3,4,2,2,2,3,4,4,3,3,3,2,3,2,1,2,2,3,2,2,4,2,3,2,2,4,1,4,2,4,3,1,3,2,4,2,4,2,3,1,3,1,2,1,1,1,4,2,4,1,2,2,2,3,1,1,2,3,1,4,3,4,1,1,1,1,2,2,2,1,2,3,4,1,3,1,4,2,3,3,1,4,4,4,4,2,2,4,2,2,4,2,2,4,4,1,1,3,4,3,1,2,3,1,1,4,3,1,1,4,1,2,3,4,4,2,3,2,2,2,2,1,1,1,4,2,2,3,4,4,3,1,1,1,4,1,2,3,1,1,2,3,2,4,1,3,3,3,4,2,1,2,3,1,3,3,1,1,1,3,4,3,2,3,1,2,3,3,4,2,2,4,3,4,2,4,1,1,4,3,2,4,3,3,2,1,3,2,2,3,3,2,1,3,3,2,3,4,2,4,4,3,2,4,2,2,1,1,1,3,2,4,2,1,1,2,1,2,2,2,2,1,3,4,2,2,2,1,4,2,3,4,2,1,3,4,4,4,3,2,4,2,2,2,4,3,1,1,1,1,3,1,1,3,4,3,1,1,2,1,2,2,4,1,1,2,4,4,1,2,3,2,1,1,2,3,2,4,1,1,1,4,3,1,2,3,1,2,3,4,2,2,3,1,2,3,1,1,2,4,2,3,1,4,3,1,4,1,3,1,2,1,1,1,1,4,4,3,1,1,2,4,1,1,2,1,1,2,2,2,2,3,3,3,1,3,1,3,2,3,1,1,2,2,4,4,1,2,4,1,1,2,1,2,1,4,4,2,3,3,1,4,2,3,2,2,3,3,1,1,3,2,2,3,4,1,2,2,1,2,1,1,1,2,4,3,2,3,3,4,4,2,4,3,3,1,3,3,1,4,3,4,1,1,1,4,4,2,1,4,2,2,1,1,4,1,3,2,2,2,3,4,1,1,2,2,1,4,4,3,4,3,3,2,1,3,4,1,2,3,3,3,4,2,3,2,1,1,3,1,1,3,2,2,2,1,1,1,4,2,2,4,1,3,4,1,3,3,4,1,1,3,3,1,1,4,2,2,1,3,1,3,3,4,3,4,2,3,1,2,2,1,2,2,1,2,2,4,1,2,1,3,4,3,1,1,3,3,1,4,1,3,1,1,1,2,3,3,2,2,1,2,3,3,4,1,4,3,4,2,1,2,4,3,3,1,1,1,2,1,2,3,4,4,2,4,2,2,3,2,3,3,2,2,2,3,2,3,4,2,1,3,3,1,3,2,1,3,1,1,3,2,3,4,3,2,4,3,1,4,2,4,1,1,2,2,2,2,2,1,1,1,1,3,1,4,1,4,2,3,1,2,2,4,1,3,2,3,1,3,2,2,2,2,4,2,4,3,1,4,1,3,3,3,3,2,1,2,4,4,2,2,1,3,4,1,3,4,1,2,2,3,3,2,2,3,3,3,4,3,2,2,2,1,3,1,3,1,3,4,1,3,3,2,2,3,1,2,2,1,1,3,3,1,2,2,1,1,2,1,3,1,1,2,1,2,3,4,3,1,4,3,2,4,4,3,2,3,2,1,1,2,1,3,2,4,4,3,3,3,3,4,1,1,3,2,2,2,1,1,1,4,2,3,1,2,2,3,1,1,1,3,1,3,2,2,1,2,1,1,2,1,1,4,1,2,4,4,2,1,2,2,4,2,4,4,4,4,1,3,2,1,1,1,2,3,1,2,3,1,3,4,3,3,4,3,1,2,1,3,3,3,1,4,4,4,1,1,1,1,1,4,2,4,2,3,4,4,1,1,1,1,3,4,3,1,1,3,1,1,2,1,2,3,4,2,4,1,1,1,2,4,3,1,2,3,1,1,2,2,1,4,1,2,2,2,4,3,4,2,4,1,4,1,4,1,4,3,1,1,4,4,1,4,2,4,3,1,3,3,2,2,3,1,3,4,1,1,4,1,2,1,1,1,1,3,3,3,2,4,4,2,1,2,1,1,2,1,3,3,3,3,2,3,1,2,2,3,4,4,3,3,1,1,3,3,4,3,4,3,1,4,4,4,3,2,4,1,3,4,3,2,2,3,3,3,4,3,1,2,4,4,2,2,1,1,1,4,1,1,1,3,3,4,2,1,3,3,4,2,1,3,4,4,3,4,2,4,2,2,3,2,2,1,2,3,2,3,2,2,1,3,2,3,4,1,3,4,1,3,3,2,2,3,3,1,4,1,1,3,1,3,4,1,4,1,4,2,1,2,1,1,1,3,1,1,3,1,3,3,1,2,2,1,1,4,1,2,4,4,3,2,1,1,4,1,4,3,4,1,4,1,1,1,2,3,4,1,1,2,3,2,1,3,3,1,4,3,3,3,4,2,1,2,2,4,2,1,1,4,3,1,4,4,2,4,3,2,1,1,1,2,1,1,3,3,3,3,1,1,4,2,1,2,1,1,3,3,3,3,1,3,3,2,2,4,2,2,2,2,1,4,3,3,3,3,1,3,4,1,1,2,4,2,1,3,2,3,4,1,3,1,2,3,4,1,2,2,2,1,2,4,4,1,2,2,2,2,4,3,3,2,1,4,2,2,3,2,3,2,3,2,1,1,1,4,4,1,1,2,1,3,4,2,2,4,1,1,3,3,1,1,2,2,1,4,2,4,2,3,2,4,4,1,4,3,1,2,2,1,1,3,2,1,2,2,4,2,4,2,3,1,1,2,2,2,1,4,1,3,1,4,3,3,3,4,4,2,1,4,4,2,3,4,4,1,1,1,4,1,3,4,2,4,2,2,4,4,2,3,1,4,2,2,1,1,2,4,2,2,1,1,4,4,1,1,3,4,1,4,1,2,4,3,2,3,3,1,1,2,1,4,2,1,2,1,3,3,4,4,4,2,3,4,1,1,1,4,2,1,4,4,1,1,3,3,3,3,2,2,1,1,4,2,2,2,2,3,1,1,4,2,4,2,1,1,2,2,4,1,3,4,3,3,1,4,3,2,4,3,3,4,1,3,1,1,2,1,4,4,2,3,3,1,3,1,2,3,4,3,2,1,1,4,2,1,3,1,2,2,2,2,2,3,2,4,4,2,4,3,1,1,2,1,3,1,1,1,1,1,1,3,1,1,1,3,3,3,2,4,2,2,1,2,4,3,4,1,3,3,3,3,2,1,2,3,1,3,3,1,1,1,2,4,2,1,4,3,2,1,2,1,3,1,1,3,2,1,3,2,2,2,3,4,1,1,4,2,2,2,3,1,3,4,4,2,4,2,1,2,3,4,3,3,1,3,2,2,2,2,3,3,3,4,1,3,4,1,4,1,1,2,4,3,1,1,2,3,1,1,4,1,3,1,1,1,2,2,4,1,2,1,4,4,4,3,2,2,4,4,3,4,4,3"
25,0.9877030496613249,0.43137254901960786,2253.0,"2,1,2,4,1,1,1,2,2,1,3,4,2,1,1,1,1,4,3,4,4,2,1,4,3,4,4,1,2,2,1,4,4,2,1,4,2,4,1,4,4,3,1,3,4,3,3,1,2,2,1,2,3,2,1,2,1,4,3,3,1,2,4,2,3,4,1,1,2,1,2,2,2,1,1,2,2,1,2,3,2,4,3,1,1,3,1,1,1,1,1,1,3,4,2,1,2,3,2,1,1,3,2,4,3,4,2,1,2,4,2,2,2,2,4,3,1,2,4,1,3,1,4,2,1,4,2,4,1,2,4,2,2,1,3,3,3,4,4,2,2,4,3,1,2,2,3,3,2,3,3,3,4,4,1,4,1,1,1,3,4,2,2,1,2,4,4,4,3,4,2,4,3,2,1,4,3,4,2,2,2,3,4,4,3,3,3,2,3,2,1,2,2,3,2,2,4,2,3,2,2,4,1,4,2,4,3,1,3,2,4,2,4,2,3,1,3,1,2,1,1,1,4,2,4,1,2,2,2,3,1,1,2,3,1,4,3,4,1,1,1,1,2,2,2,1,2,3,4,1,3,1,4,2,3,3,1,4,4,4,4,2,2,4,2,2,4,2,2,4,4,1,1,3,4,3,1,2,3,1,1,4,3,1,1,4,1,2,3,4,4,2,3,2,2,2,2,1,1,1,4,2,2,3,4,4,3,1,1,1,4,1,2,3,1,1,2,3,2,4,1,3,3,3,4,2,1,2,3,1,3,3,1,1,1,3,4,3,2,3,1,2,3,3,4,2,2,4,3,4,2,4,1,1,4,3,2,4,3,3,2,1,3,2,2,3,3,2,1,3,3,2,3,4,2,4,4,3,2,4,2,2,1,1,1,3,2,4,2,1,1,2,1,2,2,2,2,1,3,4,2,2,2,1,4,2,3,4,2,1,3,4,4,4,3,2,4,2,2,2,4,3,1,1,1,1,3,1,1,3,4,3,1,1,2,1,2,2,4,1,1,2,4,4,1,2,3,2,1,1,2,3,2,4,1,1,1,4,3,1,2,3,1,2,3,4,2,2,3,1,2,3,1,1,2,4,2,3,1,4,3,1,4,1,3,1,2,1,1,1,1,4,4,3,1,1,2,4,1,1,2,1,1,2,2,2,2,3,3,3,1,3,1,3,2,3,1,1,2,2,4,4,1,2,4,1,1,2,1,2,1,4,4,2,3,3,1,4,2,3,2,2,3,3,1,1,3,2,2,3,4,1,2,2,1,2,1,1,1,2,4,3,2,3,3,4,4,2,4,3,3,1,3,3,1,4,3,4,1,1,1,4,4,2,1,4,2,2,1,1,4,1,3,2,2,2,3,4,1,1,2,2,1,4,4,3,4,3,3,2,1,3,4,1,2,3,3,3,4,2,3,2,1,1,3,1,1,3,2,2,2,1,1,1,4,2,2,4,1,3,4,1,3,3,4,1,1,3,3,1,1,4,2,2,1,3,1,3,3,4,3,4,2,3,1,2,2,1,2,2,1,2,2,4,1,2,1,3,4,3,1,1,3,3,1,4,1,3,1,1,1,2,3,3,2,2,1,2,3,3,4,1,4,3,4,2,1,2,4,3,3,1,1,1,2,1,2,3,4,4,2,4,2,2,3,2,3,3,2,2,2,3,2,3,4,2,1,3,3,1,3,2,1,3,1,1,3,2,3,4,3,2,4,3,1,4,2,4,1,1,2,2,2,2,2,1,1,1,1,3,1,4,1,4,2,3,1,2,2,4,1,3,2,3,1,3,2,2,2,2,4,2,4,3,1,4,1,3,3,3,3,2,1,2,4,4,2,2,1,3,4,1,3,4,1,2,2,3,3,2,2,3,3,3,4,3,2,2,2,1,3,1,3,1,3,4,1,3,3,2,2,3,1,2,2,1,1,3,3,1,2,2,1,1,2,1,3,1,1,2,1,2,3,4,3,1,4,3,2,4,4,3,2,3,2,1,1,2,1,3,2,4,4,3,3,3,3,4,1,1,3,2,2,2,1,1,1,4,2,3,1,2,2,3,1,1,1,3,1,3,2,2,1,2,1,1,2,1,1,4,1,2,4,4,2,1,2,2,4,2,4,4,4,4,1,3,2,1,1,1,2,3,1,2,3,1,3,4,3,3,4,3,1,2,1,3,3,3,1,4,4,4,1,1,1,1,1,4,2,4,2,3,4,4,1,1,1,1,3,4,3,1,1,3,1,1,2,1,2,3,4,2,4,1,1,1,2,4,3,1,2,3,1,1,2,2,1,4,1,2,2,2,4,3,4,2,4,1,4,1,4,1,4,3,1,1,4,4,1,4,2,4,3,1,3,3,2,2,3,1,3,4,1,1,4,1,2,1,1,1,1,3,3,3,2,4,4,2,1,2,1,1,2,1,3,3,3,3,2,3,1,2,2,3,4,4,3,3,1,1,3,3,4,3,4,3,1,4,4,4,3,2,4,1,3,4,3,2,2,3,3,3,4,3,1,2,4,4,2,2,1,1,1,4,1,1,1,3,3,4,2,1,3,3,4,2,1,3,4,4,3,4,2,4,2,2,3,2,2,1,2,3,2,3,2,2,1,3,2,3,4,1,3,4,1,3,3,2,2,3,3,1,4,1,1,3,1,3,4,1,4,1,4,2,1,2,1,1,1,3,1,1,3,1,3,3,1,2,2,1,1,4,1,2,4,4,3,2,1,1,4,1,4,3,4,1,4,1,1,1,2,3,4,1,1,2,3,2,1,3,3,1,4,3,3,3,4,2,1,2,2,4,2,1,1,4,3,1,4,4,2,4,3,2,1,1,1,2,1,1,3,3,3,3,1,1,4,2,1,2,1,1,3,3,3,3,1,3,3,2,2,4,2,2,2,2,1,4,3,3,3,3,1,3,4,1,1,2,4,2,1,3,2,3,4,1,3,1,2,3,4,1,2,2,2,1,2,4,4,1,2,2,2,2,4,3,3,2,1,4,2,2,3,2,3,2,3,2,1,1,1,4,4,1,1,2,1,3,4,2,2,4,1,1,3,3,1,1,2,2,1,4,2,4,2,3,2,4,4,1,4,3,1,2,2,1,1,3,2,1,2,2,4,2,4,2,3,1,1,2,2,2,1,4,1,3,1,4,3,3,3,4,4,2,1,4,4,2,3,4,4,1,1,1,4,1,3,4,2,4,2,2,4,4,2,3,1,4,2,2,1,1,2,4,2,2,1,1,4,4,1,1,3,4,1,4,1,2,4,3,2,3,3,1,1,2,1,4,2,1,2,1,3,3,4,4,4,2,3,4,1,1,1,4,2,1,4,4,1,1,3,3,3,3,2,2,1,1,4,2,2,2,2,3,1,1,4,2,4,2,1,1,2,2,4,1,3,4,3,3,1,4,3,2,4,3,3,4,1,3,1,1,2,1,4,4,2,3,3,1,3,1,2,3,4,3,2,1,1,4,2,1,3,1,2,2,2,2,2,3,2,4,4,2,4,3,1,1,2,1,3,1,1,1,1,1,1,3,1,1,1,3,3,3,2,4,2,2,1,2,4,3,4,1,3,3,3,3,2,1,2,3,1,3,3,1,1,1,2,4,2,1,4,3,2,1,2,1,3,1,1,3,2,1,3,2,2,2,3,4,1,1,4,2,2,2,3,1,3,4,4,2,4,2,1,2,3,4,3,3,1,3,2,2,2,2,3,3,3,4,1,3,4,1,4,1,1,2,4,3,1,1,2,3,1,1,4,1,3,1,1,1,2,2,4,1,2,1,4,4,4,3,2,2,4,4,3,4,4,3"
26,0.9877030496613249,0.43137254901960786,2253.0,"2,1,2,4,1,1,1,2,2,1,3,4,2,1,1,1,1,4,3,4,4,2,1,4,3,4,4,1,2,2,1,4,4,2,1,4,2,4,1,4,4,3,1,3,4,3,3,1,2,2,1,2,3,2,1,2,1,4,3,3,1,2,4,2,3,4,1,1,2,1,2,2,2,1,1,2,2,1,2,3,2,4,3,1,1,3,1,1,1,1,1,1,3,4,2,1,2,3,2,1,1,3,2,4,3,4,2,1,2,4,2,2,2,2,4,3,1,2,4,1,3,1,4,2,1,4,2,4,1,2,4,2,2,1,3,3,3,4,4,2,2,4,3,1,2,2,3,3,2,3,3,3,4,4,1,4,1,1,1,3,4,2,2,1,2,4,4,4,3,4,2,4,3,2,1,4,3,4,2,2,2,3,4,4,3,3,3,2,3,2,1,2,2,3,2,2,4,2,3,2,2,4,1,4,2,4,3,1,3,2,4,2,4,2,3,1,3,1,2,1,1,1,4,2,4,1,2,2,2,3,1,1,2,3,1,4,3,4,1,1,1,1,2,2,2,1,2,3,4,1,3,1,4,2,3,3,1,4,4,4,4,2,2,4,2,2,4,2,2,4,4,1,1,3,4,3,1,2,3,1,1,4,3,1,1,4,1,2,3,4,4,2,3,2,2,2,2,1,1,1,4,2,2,3,4,4,3,1,1,1,4,1,2,3,1,1,2,3,2,4,1,3,3,3,4,2,1,2,3,1,3,3,1,1,1,3,4,3,2,3,1,2,3,3,4,2,2,4,3,4,2,4,1,1,4,3,2,4,3,3,2,1,3,2,2,3,3,2,1,3,3,2,3,4,2,4,4,3,2,4,2,2,1,1,1,3,2,4,2,1,1,2,1,2,2,2,2,1,3,4,2,2,2,1,4,2,3,4,2,1,3,4,4,4,3,2,4,2,2,2,4,3,1,1,1,1,3,1,1,3,4,3,1,1,2,1,2,2,4,1,1,2,4,4,1,2,3,2,1,1,2,3,2,4,1,1,1,4,3,1,2,3,1,2,3,4,2,2,3,1,2,3,1,1,2,4,2,3,1,4,3,1,4,1,3,1,2,1,1,1,1,4,4,3,1,1,2,4,1,1,2,1,1,2,2,2,2,3,3,3,1,3,1,3,2,3,1,1,2,2,4,4,1,2,4,1,1,2,1,2,1,4,4,2,3,3,1,4,2,3,2,2,3,3,1,1,3,2,2,3,4,1,2,2,1,2,1,1,1,2,4,3,2,3,3,4,4,2,4,3,3,1,3,3,1,4,3,4,1,1,1,4,4,2,1,4,2,2,1,1,4,1,3,2,2,2,3,4,1,1,2,2,1,4,4,3,4,3,3,2,1,3,4,1,2,3,3,3,4,2,3,2,1,1,3,1,1,3,2,2,2,1,1,1,4,2,2,4,1,3,4,1,3,3,4,1,1,3,3,1,1,4,2,2,1,3,1,3,3,4,3,4,2,3,1,2,2,1,2,2,1,2,2,4,1,2,1,3,4,3,1,1,3,3,1,4,1,3,1,1,1,2,3,3,2,2,1,2,3,3,4,1,4,3,4,2,1,2,4,3,3,1,1,1,2,1,2,3,4,4,2,4,2,2,3,2,3,3,2,2,2,3,2,3,4,2,1,3,3,1,3,2,1,3,1,1,3,2,3,4,3,2,4,3,1,4,2,4,1,1,2,2,2,2,2,1,1,1,1,3,1,4,1,4,2,3,1,2,2,4,1,3,2,3,1,3,2,2,2,2,4,2,4,3,1,4,1,3,3,3,3,2,1,2,4,4,2,2,1,3,4,1,3,4,1,2,2,3,3,2,2,3,3,3,4,3,2,2,2,1,3,1,3,1,3,4,1,3,3,2,2,3,1,2,2,1,1,3,3,1,2,2,1,1,2,1,3,1,1,2,1,2,3,4,3,1,4,3,2,4,4,3,2,3,2,1,1,2,1,3,2,4,4,3,3,3,3,4,1,1,3,2,2,2,1,1,1,4,2,3,1,2,2,3,1,1,1,3,1,3,2,2,1,2,1,1,2,1,1,4,1,2,4,4,2,1,2,2,4,2,4,4,4,4,1,3,2,1,1,1,2,3,1,2,3,1,3,4,3,3,4,3,1,2,1,3,3,3,1,4,4,4,1,1,1,1,1,4,2,4,2,3,4,4,1,1,1,1,3,4,3,1,1,3,1,1,2,1,2,3,4,2,4,1,1,1,2,4,3,1,2,3,1,1,2,2,1,4,1,2,2,2,4,3,4,2,4,1,4,1,4,1,4,3,1,1,4,4,1,4,2,4,3,1,3,3,2,2,3,1,3,4,1,1,4,1,2,1,1,1,1,3,3,3,2,4,4,2,1,2,1,1,2,1,3,3,3,3,2,3,1,2,2,3,4,4,3,3,1,1,3,3,4,3,4,3,1,4,4,4,3,2,4,1,3,4,3,2,2,3,3,3,4,3,1,2,4,4,2,2,1,1,1,4,1,1,1,3,3,4,2,1,3,3,4,2,1,3,4,4,3,4,2,4,2,2,3,2,2,1,2,3,2,3,2,2,1,3,2,3,4,1,3,4,1,3,3,2,2,3,3,1,4,1,1,3,1,3,4,1,4,1,4,2,1,2,1,1,1,3,1,1,3,1,3,3,1,2,2,1,1,4,1,2,4,4,3,2,1,1,4,1,4,3,4,1,4,1,1,1,2,3,4,1,1,2,3,2,1,3,3,1,4,3,3,3,4,2,1,2,2,4,2,1,1,4,3,1,4,4,2,4,3,2,1,1,1,2,1,1,3,3,3,3,1,1,4,2,1,2,1,1,3,3,3,3,1,3,3,2,2,4,2,2,2,2,1,4,3,3,3,3,1,3,4,1,1,2,4,2,1,3,2,3,4,1,3,1,2,3,4,1,2,2,2,1,2,4,4,1,2,2,2,2,4,3,3,2,1,4,2,2,3,2,3,2,3,2,1,1,1,4,4,1,1,2,1,3,4,2,2,4,1,1,3,3,1,1,2,2,1,4,2,4,2,3,2,4,4,1,4,3,1,2,2,1,1,3,2,1,2,2,4,2,4,2,3,1,1,2,2,2,1,4,1,3,1,4,3,3,3,4,4,2,1,4,4,2,3,4,4,1,1,1,4,1,3,4,2,4,2,2,4,4,2,3,1,4,2,2,1,1,2,4,2,2,1,1,4,4,1,1,3,4,1,4,1,2,4,3,2,3,3,1,1,2,1,4,2,1,2,1,3,3,4,4,4,2,3,4,1,1,1,4,2,1,4,4,1,1,3,3,3,3,2,2,1,1,4,2,2,2,2,3,1,1,4,2,4,2,1,1,2,2,4,1,3,4,3,3,1,4,3,2,4,3,3,4,1,3,1,1,2,1,4,4,2,3,3,1,3,1,2,3,4,3,2,1,1,4,2,1,3,1,2,2,2,2,2,3,2,4,4,2,4,3,1,1,2,1,3,1,1,1,1,1,1,3,1,1,1,3,3,3,2,4,2,2,1,2,4,3,4,1,3,3,3,3,2,1,2,3,1,3,3,1,1,1,2,4,2,1,4,3,2,1,2,1,3,1,1,3,2,1,3,2,2,2,3,4,1,1,4,2,2,2,3,1,3,4,4,2,4,2,1,2,3,4,3,3,1,3,2,2,2,2,3,3,3,4,1,3,4,1,4,1,1,2,4,3,1,1,2,3,1,1,4,1,3,1,1,1,2,2,4,1,2,1,4,4,4,3,2,2,4,4,3,4,4,3"
27,0.9877030496613249,0.43137254901960786,2253.0,"2,1,2,4,1,1,1,2,2,1,3,4,2,1,1,1,1,4,3,4,4,2,1,4,3,4,4,1,2,2,1,4,4,2,1,4,2,4,1,4,4,3,1,3,4,3,3,1,2,2,1,2,3,2,1,2,1,4,3,3,1,2,4,2,3,4,1,1,2,1,2,2,2,1,1,2,2,1,2,3,2,4,3,1,1,3,1,1,1,1,1,1,3,4,2,1,2,3,2,1,1,3,2,4,3,4,2,1,2,4,2,2,2,2,4,3,1,2,4,1,3,1,4,2,1,4,2,4,1,2,4,2,2,1,3,3,3,4,4,2,2,4,3,1,2,2,3,3,2,3,3,3,4,4,1,4,1,1,1,3,4,2,2,1,2,4,4,4,3,4,2,4,3,2,1,4,3,4,2,2,2,3,4,4,3,3,3,2,3,2,1,2,2,3,2,2,4,2,3,2,2,4,1,4,2,4,3,1,3,2,4,2,4,2,3,1,3,1,2,1,1,1,4,2,4,1,2,2,2,3,1,1,2,3,1,4,3,4,1,1,1,1,2,2,2,1,2,3,4,1,3,1,4,2,3,3,1,4,4,4,4,2,2,4,2,2,4,2,2,4,4,1,1,3,4,3,1,2,3,1,1,4,3,1,1,4,1,2,3,4,4,2,3,2,2,2,2,1,1,1,4,2,2,3,4,4,3,1,1,1,4,1,2,3,1,1,2,3,2,4,1,3,3,3,4,2,1,2,3,1,3,3,1,1,1,3,4,3,2,3,1,2,3,3,4,2,2,4,3,4,2,4,1,1,4,3,2,4,3,3,2,1,3,2,2,3,3,2,1,3,3,2,3,4,2,4,4,3,2,4,2,2,1,1,1,3,2,4,2,1,1,2,1,2,2,2,2,1,3,4,2,2,2,1,4,2,3,4,2,1,3,4,4,4,3,2,4,2,2,2,4,3,1,1,1,1,3,1,1,3,4,3,1,1,2,1,2,2,4,1,1,2,4,4,1,2,3,2,1,1,2,3,2,4,1,1,1,4,3,1,2,3,1,2,3,4,2,2,3,1,2,3,1,1,2,4,2,3,1,4,3,1,4,1,3,1,2,1,1,1,1,4,4,3,1,1,2,4,1,1,2,1,1,2,2,2,2,3,3,3,1,3,1,3,2,3,1,1,2,2,4,4,1,2,4,1,1,2,1,2,1,4,4,2,3,3,1,4,2,3,2,2,3,3,1,1,3,2,2,3,4,1,2,2,1,2,1,1,1,2,4,3,2,3,3,4,4,2,4,3,3,1,3,3,1,4,3,4,1,1,1,4,4,2,1,4,2,2,1,1,4,1,3,2,2,2,3,4,1,1,2,2,1,4,4,3,4,3,3,2,1,3,4,1,2,3,3,3,4,2,3,2,1,1,3,1,1,3,2,2,2,1,1,1,4,2,2,4,1,3,4,1,3,3,4,1,1,3,3,1,1,4,2,2,1,3,1,3,3,4,3,4,2,3,1,2,2,1,2,2,1,2,2,4,1,2,1,3,4,3,1,1,3,3,1,4,1,3,1,1,1,2,3,3,2,2,1,2,3,3,4,1,4,3,4,2,1,2,4,3,3,1,1,1,2,1,2,3,4,4,2,4,2,2,3,2,3,3,2,2,2,3,2,3,4,2,1,3,3,1,3,2,1,3,1,1,3,2,3,4,3,2,4,3,1,4,2,4,1,1,2,2,2,2,2,1,1,1,1,3,1,4,1,4,2,3,1,2,2,4,1,3,2,3,1,3,2,2,2,2,4,2,4,3,1,4,1,3,3,3,3,2,1,2,4,4,2,2,1,3,4,1,3,4,1,2,2,3,3,2,2,3,3,3,4,3,2,2,2,1,3,1,3,1,3,4,1,3,3,2,2,3,1,2,2,1,1,3,3,1,2,2,1,1,2,1,3,1,1,2,1,2,3,4,3,1,4,3,2,4,4,3,2,3,2,1,1,2,1,3,2,4,4,3,3,3,3,4,1,1,3,2,2,2,1,1,1,4,2,3,1,2,2,3,1,1,1,3,1,3,2,2,1,2,1,1,2,1,1,4,1,2,4,4,2,1,2,2,4,2,4,4,4,4,1,3,2,1,1,1,2,3,1,2,3,1,3,4,3,3,4,3,1,2,1,3,3,3,1,4,4,4,1,1,1,1,1,4,2,4,2,3,4,4,1,1,1,1,3,4,3,1,1,3,1,1,2,1,2,3,4,2,4,1,1,1,2,4,3,1,2,3,1,1,2,2,1,4,1,2,2,2,4,3,4,2,4,1,4,1,4,1,4,3,1,1,4,4,1,4,2,4,3,1,3,3,2,2,3,1,3,4,1,1,4,1,2,1,1,1,1,3,3,3,2,4,4,2,1,2,1,1,2,1,3,3,3,3,2,3,1,2,2,3,4,4,3,3,1,1,3,3,4,3,4,3,1,4,4,4,3,2,4,1,3,4,3,2,2,3,3,3,4,3,1,2,4,4,2,2,1,1,1,4,1,1,1,3,3,4,2,1,3,3,4,2,1,3,4,4,3,4,2,4,2,2,3,2,2,1,2,3,2,3,2,2,1,3,2,3,4,1,3,4,1,3,3,2,2,3,3,1,4,1,1,3,1,3,4,1,4,1,4,2,1,2,1,1,1,3,1,1,3,1,3,3,1,2,2,1,1,4,1,2,4,4,3,2,1,1,4,1,4,3,4,1,4,1,1,1,2,3,4,1,1,2,3,2,1,3,3,1,4,3,3,3,4,2,1,2,2,4,2,1,1,4,3,1,4,4,2,4,3,2,1,1,1,2,1,1,3,3,3,3,1,1,4,2,1,2,1,1,3,3,3,3,1,3,3,2,2,4,2,2,2,2,1,4,3,3,3,3,1,3,4,1,1,2,4,2,1,3,2,3,4,1,3,1,2,3,4,1,2,2,2,1,2,4,4,1,2,2,2,2,4,3,3,2,1,4,2,2,3,2,3,2,3,2,1,1,1,4,4,1,1,2,1,3,4,2,2,4,1,1,3,3,1,1,2,2,1,4,2,4,2,3,2,4,4,1,4,3,1,2,2,1,1,3,2,1,2,2,4,2,4,2,3,1,1,2,2,2,1,4,1,3,1,4,3,3,3,4,4,2,1,4,4,2,3,4,4,1,1,1,4,1,3,4,2,4,2,2,4,4,2,3,1,4,2,2,1,1,2,4,2,2,1,1,4,4,1,1,3,4,1,4,1,2,4,3,2,3,3,1,1,2,1,4,2,1,2,1,3,3,4,4,4,2,3,4,1,1,1,4,2,1,4,4,1,1,3,3,3,3,2,2,1,1,4,2,2,2,2,3,1,1,4,2,4,2,1,1,2,2,4,1,3,4,3,3,1,4,3,2,4,3,3,4,1,3,1,1,2,1,4,4,2,3,3,1,3,1,2,3,4,3,2,1,1,4,2,1,3,1,2,2,2,2,2,3,2,4,4,2,4,3,1,1,2,1,3,1,1,1,1,1,1,3,1,1,1,3,3,3,2,4,2,2,1,2,4,3,4,1,3,3,3,3,2,1,2,3,1,3,3,1,1,1,2,4,2,1,4,3,2,1,2,1,3,1,1,3,2,1,3,2,2,2,3,4,1,1,4,2,2,2,3,1,3,4,4,2,4,2,1,2,3,4,3,3,1,3,2,2,2,2,3,3,3,4,1,3,4,1,4,1,1,2,4,3,1,1,2,3,1,1,4,1,3,1,1,1,2,2,4,1,2,1,4,4,4,3,2,2,4,4,3,4,4,3"
28,0.9877030496613249,0.43137254901960786,2253.0,"2,1,2,4,1,1,1,2,2,1,3,4,2,1,1,1,1,4,3,4,4,2,1,4,3,4,4,1,2,2,1,4,4,2,1,4,2,4,1,4,4,3,1,3,4,3,3,1,2,2,1,2,3,2,1,2,1,4,3,3,1,2,4,2,3,4,1,1,2,1,2,2,2,1,1,2,2,1,2,3,2,4,3,1,1,3,1,1,1,1,1,1,3,4,2,1,2,3,2,1,1,3,2,4,3,4,2,1,2,4,2,2,2,2,4,3,1,2,4,1,3,1,4,2,1,4,2,4,1,2,4,2,2,1,3,3,3,4,4,2,2,4,3,1,2,2,3,3,2,3,3,3,4,4,1,4,1,1,1,3,4,2,2,1,2,4,4,4,3,4,2,4,3,2,1,4,3,4,2,2,2,3,4,4,3,3,3,2,3,2,1,2,2,3,2,2,4,2,3,2,2,4,1,4,2,4,3,1,3,2,4,2,4,2,3,1,3,1,2,1,1,1,4,2,4,1,2,2,2,3,1,1,2,3,1,4,3,4,1,1,1,1,2,2,2,1,2,3,4,1,3,1,4,2,3,3,1,4,4,4,4,2,2,4,2,2,4,2,2,4,4,1,1,3,4,3,1,2,3,1,1,4,3,1,1,4,1,2,3,4,4,2,3,2,2,2,2,1,1,1,4,2,2,3,4,4,3,1,1,1,4,1,2,3,1,1,2,3,2,4,1,3,3,3,4,2,1,2,3,1,3,3,1,1,1,3,4,3,2,3,1,2,3,3,4,2,2,4,3,4,2,4,1,1,4,3,2,4,3,3,2,1,3,2,2,3,3,2,1,3,3,2,3,4,2,4,4,3,2,4,2,2,1,1,1,3,2,4,2,1,1,2,1,2,2,2,2,1,3,4,2,2,2,1,4,2,3,4,2,1,3,4,4,4,3,2,4,2,2,2,4,3,1,1,1,1,3,1,1,3,4,3,1,1,2,1,2,2,4,1,1,2,4,4,1,2,3,2,1,1,2,3,2,4,1,1,1,4,3,1,2,3,1,2,3,4,2,2,3,1,2,3,1,1,2,4,2,3,1,4,3,1,4,1,3,1,2,1,1,1,1,4,4,3,1,1,2,4,1,1,2,1,1,2,2,2,2,3,3,3,1,3,1,3,2,3,1,1,2,2,4,4,1,2,4,1,1,2,1,2,1,4,4,2,3,3,1,4,2,3,2,2,3,3,1,1,3,2,2,3,4,1,2,2,1,2,1,1,1,2,4,3,2,3,3,4,4,2,4,3,3,1,3,3,1,4,3,4,1,1,1,4,4,2,1,4,2,2,1,1,4,1,3,2,2,2,3,4,1,1,2,2,1,4,4,3,4,3,3,2,1,3,4,1,2,3,3,3,4,2,3,2,1,1,3,1,1,3,2,2,2,1,1,1,4,2,2,4,1,3,4,1,3,3,4,1,1,3,3,1,1,4,2,2,1,3,1,3,3,4,3,4,2,3,1,2,2,1,2,2,1,2,2,4,1,2,1,3,4,3,1,1,3,3,1,4,1,3,1,1,1,2,3,3,2,2,1,2,3,3,4,1,4,3,4,2,1,2,4,3,3,1,1,1,2,1,2,3,4,4,2,4,2,2,3,2,3,3,2,2,2,3,2,3,4,2,1,3,3,1,3,2,1,3,1,1,3,2,3,4,3,2,4,3,1,4,2,4,1,1,2,2,2,2,2,1,1,1,1,3,1,4,1,4,2,3,1,2,2,4,1,3,2,3,1,3,2,2,2,2,4,2,4,3,1,4,1,3,3,3,3,2,1,2,4,4,2,2,1,3,4,1,3,4,1,2,2,3,3,2,2,3,3,3,4,3,2,2,2,1,3,1,3,1,3,4,1,3,3,2,2,3,1,2,2,1,1,3,3,1,2,2,1,1,2,1,3,1,1,2,1,2,3,4,3,1,4,3,2,4,4,3,2,3,2,1,1,2,1,3,2,4,4,3,3,3,3,4,1,1,3,2,2,2,1,1,1,4,2,3,1,2,2,3,1,1,1,3,1,3,2,2,1,2,1,1,2,1,1,4,1,2,4,4,2,1,2,2,4,2,4,4,4,4,1,3,2,1,1,1,2,3,1,2,3,1,3,4,3,3,4,3,1,2,1,3,3,3,1,4,4,4,1,1,1,1,1,4,2,4,2,3,4,4,1,1,1,1,3,4,3,1,1,3,1,1,2,1,2,3,4,2,4,1,1,1,2,4,3,1,2,3,1,1,2,2,1,4,1,2,2,2,4,3,4,2,4,1,4,1,4,1,4,3,1,1,4,4,1,4,2,4,3,1,3,3,2,2,3,1,3,4,1,1,4,1,2,1,1,1,1,3,3,3,2,4,4,2,1,2,1,1,2,1,3,3,3,3,2,3,1,2,2,3,4,4,3,3,1,1,3,3,4,3,4,3,1,4,4,4,3,2,4,1,3,4,3,2,2,3,3,3,4,3,1,2,4,4,2,2,1,1,1,4,1,1,1,3,3,4,2,1,3,3,4,2,1,3,4,4,3,4,2,4,2,2,3,2,2,1,2,3,2,3,2,2,1,3,2,3,4,1,3,4,1,3,3,2,2,3,3,1,4,1,1,3,1,3,4,1,4,1,4,2,1,2,1,1,1,3,1,1,3,1,3,3,1,2,2,1,1,4,1,2,4,4,3,2,1,1,4,1,4,3,4,1,4,1,1,1,2,3,4,1,1,2,3,2,1,3,3,1,4,3,3,3,4,2,1,2,2,4,2,1,1,4,3,1,4,4,2,4,3,2,1,1,1,2,1,1,3,3,3,3,1,1,4,2,1,2,1,1,3,3,3,3,1,3,3,2,2,4,2,2,2,2,1,4,3,3,3,3,1,3,4,1,1,2,4,2,1,3,2,3,4,1,3,1,2,3,4,1,2,2,2,1,2,4,4,1,2,2,2,2,4,3,3,2,1,4,2,2,3,2,3,2,3,2,1,1,1,4,4,1,1,2,1,3,4,2,2,4,1,1,3,3,1,1,2,2,1,4,2,4,2,3,2,4,4,1,4,3,1,2,2,1,1,3,2,1,2,2,4,2,4,2,3,1,1,2,2,2,1,4,1,3,1,4,3,3,3,4,4,2,1,4,4,2,3,4,4,1,1,1,4,1,3,4,2,4,2,2,4,4,2,3,1,4,2,2,1,1,2,4,2,2,1,1,4,4,1,1,3,4,1,4,1,2,4,3,2,3,3,1,1,2,1,4,2,1,2,1,3,3,4,4,4,2,3,4,1,1,1,4,2,1,4,4,1,1,3,3,3,3,2,2,1,1,4,2,2,2,2,3,1,1,4,2,4,2,1,1,2,2,4,1,3,4,3,3,1,4,3,2,4,3,3,4,1,3,1,1,2,1,4,4,2,3,3,1,3,1,2,3,4,3,2,1,1,4,2,1,3,1,2,2,2,2,2,3,2,4,4,2,4,3,1,1,2,1,3,1,1,1,1,1,1,3,1,1,1,3,3,3,2,4,2,2,1,2,4,3,4,1,3,3,3,3,2,1,2,3,1,3,3,1,1,1,2,4,2,1,4,3,2,1,2,1,3,1,1,3,2,1,3,2,2,2,3,4,1,1,4,2,2,2,3,1,3,4,4,2,4,2,1,2,3,4,3,3,1,3,2,2,2,2,3,3,3,4,1,3,4,1,4,1,1,2,4,3,1,1,2,3,1,1,4,1,3,1,1,1,2,2,4,1,2,1,4,4,4,3,2,2,4,4,3,4,4,3"
29,0.9877030496613249,0.43137254901960786,2253.0,"2,1,2,4,1,1,1,2,2,1,3,4,2,1,1,1,1,4,3,4,4,2,1,4,3,4,4,1,2,2,1,4,4,2,1,4,2,4,1,4,4,3,1,3,4,3,3,1,2,2,1,2,3,2,1,2,1,4,3,3,1,2,4,2,3,4,1,1,2,1,2,2,2,1,1,2,2,1,2,3,2,4,3,1,1,3,1,1,1,1,1,1,3,4,2,1,2,3,2,1,1,3,2,4,3,4,2,1,2,4,2,2,2,2,4,3,1,2,4,1,3,1,4,2,1,4,2,4,1,2,4,2,2,1,3,3,3,4,4,2,2,4,3,1,2,2,3,3,2,3,3,3,4,4,1,4,1,1,1,3,4,2,2,1,2,4,4,4,3,4,2,4,3,2,1,4,3,4,2,2,2,3,4,4,3,3,3,2,3,2,1,2,2,3,2,2,4,2,3,2,2,4,1,4,2,4,3,1,3,2,4,2,4,2,3,1,3,1,2,1,1,1,4,2,4,1,2,2,2,3,1,1,2,3,1,4,3,4,1,1,1,1,2,2,2,1,2,3,4,1,3,1,4,2,3,3,1,4,4,4,4,2,2,4,2,2,4,2,2,4,4,1,1,3,4,3,1,2,3,1,1,4,3,1,1,4,1,2,3,4,4,2,3,2,2,2,2,1,1,1,4,2,2,3,4,4,3,1,1,1,4,1,2,3,1,1,2,3,2,4,1,3,3,3,4,2,1,2,3,1,3,3,1,1,1,3,4,3,2,3,1,2,3,3,4,2,2,4,3,4,2,4,1,1,4,3,2,4,3,3,2,1,3,2,2,3,3,2,1,3,3,2,3,4,2,4,4,3,2,4,2,2,1,1,1,3,2,4,2,1,1,2,1,2,2,2,2,1,3,4,2,2,2,1,4,2,3,4,2,1,3,4,4,4,3,2,4,2,2,2,4,3,1,1,1,1,3,1,1,3,4,3,1,1,2,1,2,2,4,1,1,2,4,4,1,2,3,2,1,1,2,3,2,4,1,1,1,4,3,1,2,3,1,2,3,4,2,2,3,1,2,3,1,1,2,4,2,3,1,4,3,1,4,1,3,1,2,1,1,1,1,4,4,3,1,1,2,4,1,1,2,1,1,2,2,2,2,3,3,3,1,3,1,3,2,3,1,1,2,2,4,4,1,2,4,1,1,2,1,2,1,4,4,2,3,3,1,4,2,3,2,2,3,3,1,1,3,2,2,3,4,1,2,2,1,2,1,1,1,2,4,3,2,3,3,4,4,2,4,3,3,1,3,3,1,4,3,4,1,1,1,4,4,2,1,4,2,2,1,1,4,1,3,2,2,2,3,4,1,1,2,2,1,4,4,3,4,3,3,2,1,3,4,1,2,3,3,3,4,2,3,2,1,1,3,1,1,3,2,2,2,1,1,1,4,2,2,4,1,3,4,1,3,3,4,1,1,3,3,1,1,4,2,2,1,3,1,3,3,4,3,4,2,3,1,2,2,1,2,2,1,2,2,4,1,2,1,3,4,3,1,1,3,3,1,4,1,3,1,1,1,2,3,3,2,2,1,2,3,3,4,1,4,3,4,2,1,2,4,3,3,1,1,1,2,1,2,3,4,4,2,4,2,2,3,2,3,3,2,2,2,3,2,3,4,2,1,3,3,1,3,2,1,3,1,1,3,2,3,4,3,2,4,3,1,4,2,4,1,1,2,2,2,2,2,1,1,1,1,3,1,4,1,4,2,3,1,2,2,4,1,3,2,3,1,3,2,2,2,2,4,2,4,3,1,4,1,3,3,3,3,2,1,2,4,4,2,2,1,3,4,1,3,4,1,2,2,3,3,2,2,3,3,3,4,3,2,2,2,1,3,1,3,1,3,4,1,3,3,2,2,3,1,2,2,1,1,3,3,1,2,2,1,1,2,1,3,1,1,2,1,2,3,4,3,1,4,3,2,4,4,3,2,3,2,1,1,2,1,3,2,4,4,3,3,3,3,4,1,1,3,2,2,2,1,1,1,4,2,3,1,2,2,3,1,1,1,3,1,3,2,2,1,2,1,1,2,1,1,4,1,2,4,4,2,1,2,2,4,2,4,4,4,4,1,3,2,1,1,1,2,3,1,2,3,1,3,4,3,3,4,3,1,2,1,3,3,3,1,4,4,4,1,1,1,1,1,4,2,4,2,3,4,4,1,1,1,1,3,4,3,1,1,3,1,1,2,1,2,3,4,2,4,1,1,1,2,4,3,1,2,3,1,1,2,2,1,4,1,2,2,2,4,3,4,2,4,1,4,1,4,1,4,3,1,1,4,4,1,4,2,4,3,1,3,3,2,2,3,1,3,4,1,1,4,1,2,1,1,1,1,3,3,3,2,4,4,2,1,2,1,1,2,1,3,3,3,3,2,3,1,2,2,3,4,4,3,3,1,1,3,3,4,3,4,3,1,4,4,4,3,2,4,1,3,4,3,2,2,3,3,3,4,3,1,2,4,4,2,2,1,1,1,4,1,1,1,3,3,4,2,1,3,3,4,2,1,3,4,4,3,4,2,4,2,2,3,2,2,1,2,3,2,3,2,2,1,3,2,3,4,1,3,4,1,3,3,2,2,3,3,1,4,1,1,3,1,3,4,1,4,1,4,2,1,2,1,1,1,3,1,1,3,1,3,3,1,2,2,1,1,4,1,2,4,4,3,2,1,1,4,1,4,3,4,1,4,1,1,1,2,3,4,1,1,2,3,2,1,3,3,1,4,3,3,3,4,2,1,2,2,4,2,1,1,4,3,1,4,4,2,4,3,2,1,1,1,2,1,1,3,3,3,3,1,1,4,2,1,2,1,1,3,3,3,3,1,3,3,2,2,4,2,2,2,2,1,4,3,3,3,3,1,3,4,1,1,2,4,2,1,3,2,3,4,1,3,1,2,3,4,1,2,2,2,1,2,4,4,1,2,2,2,2,4,3,3,2,1,4,2,2,3,2,3,2,3,2,1,1,1,4,4,1,1,2,1,3,4,2,2,4,1,1,3,3,1,1,2,2,1,4,2,4,2,3,2,4,4,1,4,3,1,2,2,1,1,3,2,1,2,2,4,2,4,2,3,1,1,2,2,2,1,4,1,3,1,4,3,3,3,4,4,2,1,4,4,2,3,4,4,1,1,1,4,1,3,4,2,4,2,2,4,4,2,3,1,4,2,2,1,1,2,4,2,2,1,1,4,4,1,1,3,4,1,4,1,2,4,3,2,3,3,1,1,2,1,4,2,1,2,1,3,3,4,4,4,2,3,4,1,1,1,4,2,1,4,4,1,1,3,3,3,3,2,2,1,1,4,2,2,2,2,3,1,1,4,2,4,2,1,1,2,2,4,1,3,4,3,3,1,4,3,2,4,3,3,4,1,3,1,1,2,1,4,4,2,3,3,1,3,1,2,3,4,3,2,1,1,4,2,1,3,1,2,2,2,2,2,3,2,4,4,2,4,3,1,1,2,1,3,1,1,1,1,1,1,3,1,1,1,3,3,3,2,4,2,2,1,2,4,3,4,1,3,3,3,3,2,1,2,3,1,3,3,1,1,1,2,4,2,1,4,3,2,1,2,1,3,1,1,3,2,1,3,2,2,2,3,4,1,1,4,2,2,2,3,1,3,4,4,2,4,2,1,2,3,4,3,3,1,3,2,2,2,2,3,3,3,4,1,3,4,1,4,1,1,2,4,3,1,1,2,3,1,1,4,1,3,1,1,1,2,2,4,1,2,1,4,4,4,3,2,2,4,4,3,4,4,3"
30,0.9877030496613249,0.43137254901960786,2253.0,"2,1,2,4,1,1,1,2,2,1,3,4,2,1,1,1,1,4,3,4,4,2,1,4,3,4,4,1,2,2,1,4,4,2,1,4,2,4,1,4,4,3,1,3,4,3,3,1,2,2,1,2,3,2,1,2,1,4,3,3,1,2,4,2,3,4,1,1,2,1,2,2,2,1,1,2,2,1,2,3,2,4,3,1,1,3,1,1,1,1,1,1,3,4,2,1,2,3,2,1,1,3,2,4,3,4,2,1,2,4,2,2,2,2,4,3,1,2,4,1,3,1,4,2,1,4,2,4,1,2,4,2,2,1,3,3,3,4,4,2,2,4,3,1,2,2,3,3,2,3,3,3,4,4,1,4,1,1,1,3,4,2,2,1,2,4,4,4,3,4,2,4,3,2,1,4,3,4,2,2,2,3,4,4,3,3,3,2,3,2,1,2,2,3,2,2,4,2,3,2,2,4,1,4,2,4,3,1,3,2,4,2,4,2,3,1,3,1,2,1,1,1,4,2,4,1,2,2,2,3,1,1,2,3,1,4,3,4,1,1,1,1,2,2,2,1,2,3,4,1,3,1,4,2,3,3,1,4,4,4,4,2,2,4,2,2,4,2,2,4,4,1,1,3,4,3,1,2,3,1,1,4,3,1,1,4,1,2,3,4,4,2,3,2,2,2,2,1,1,1,4,2,2,3,4,4,3,1,1,1,4,1,2,3,1,1,2,3,2,4,1,3,3,3,4,2,1,2,3,1,3,3,1,1,1,3,4,3,2,3,1,2,3,3,4,2,2,4,3,4,2,4,1,1,4,3,2,4,3,3,2,1,3,2,2,3,3,2,1,3,3,2,3,4,2,4,4,3,2,4,2,2,1,1,1,3,2,4,2,1,1,2,1,2,2,2,2,1,3,4,2,2,2,1,4,2,3,4,2,1,3,4,4,4,3,2,4,2,2,2,4,3,1,1,1,1,3,1,1,3,4,3,1,1,2,1,2,2,4,1,1,2,4,4,1,2,3,2,1,1,2,3,2,4,1,1,1,4,3,1,2,3,1,2,3,4,2,2,3,1,2,3,1,1,2,4,2,3,1,4,3,1,4,1,3,1,2,1,1,1,1,4,4,3,1,1,2,4,1,1,2,1,1,2,2,2,2,3,3,3,1,3,1,3,2,3,1,1,2,2,4,4,1,2,4,1,1,2,1,2,1,4,4,2,3,3,1,4,2,3,2,2,3,3,1,1,3,2,2,3,4,1,2,2,1,2,1,1,1,2,4,3,2,3,3,4,4,2,4,3,3,1,3,3,1,4,3,4,1,1,1,4,4,2,1,4,2,2,1,1,4,1,3,2,2,2,3,4,1,1,2,2,1,4,4,3,4,3,3,2,1,3,4,1,2,3,3,3,4,2,3,2,1,1,3,1,1,3,2,2,2,1,1,1,4,2,2,4,1,3,4,1,3,3,4,1,1,3,3,1,1,4,2,2,1,3,1,3,3,4,3,4,2,3,1,2,2,1,2,2,1,2,2,4,1,2,1,3,4,3,1,1,3,3,1,4,1,3,1,1,1,2,3,3,2,2,1,2,3,3,4,1,4,3,4,2,1,2,4,3,3,1,1,1,2,1,2,3,4,4,2,4,2,2,3,2,3,3,2,2,2,3,2,3,4,2,1,3,3,1,3,2,1,3,1,1,3,2,3,4,3,2,4,3,1,4,2,4,1,1,2,2,2,2,2,1,1,1,1,3,1,4,1,4,2,3,1,2,2,4,1,3,2,3,1,3,2,2,2,2,4,2,4,3,1,4,1,3,3,3,3,2,1,2,4,4,2,2,1,3,4,1,3,4,1,2,2,3,3,2,2,3,3,3,4,3,2,2,2,1,3,1,3,1,3,4,1,3,3,2,2,3,1,2,2,1,1,3,3,1,2,2,1,1,2,1,3,1,1,2,1,2,3,4,3,1,4,3,2,4,4,3,2,3,2,1,1,2,1,3,2,4,4,3,3,3,3,4,1,1,3,2,2,2,1,1,1,4,2,3,1,2,2,3,1,1,1,3,1,3,2,2,1,2,1,1,2,1,1,4,1,2,4,4,2,1,2,2,4,2,4,4,4,4,1,3,2,1,1,1,2,3,1,2,3,1,3,4,3,3,4,3,1,2,1,3,3,3,1,4,4,4,1,1,1,1,1,4,2,4,2,3,4,4,1,1,1,1,3,4,3,1,1,3,1,1,2,1,2,3,4,2,4,1,1,1,2,4,3,1,2,3,1,1,2,2,1,4,1,2,2,2,4,3,4,2,4,1,4,1,4,1,4,3,1,1,4,4,1,4,2,4,3,1,3,3,2,2,3,1,3,4,1,1,4,1,2,1,1,1,1,3,3,3,2,4,4,2,1,2,1,1,2,1,3,3,3,3,2,3,1,2,2,3,4,4,3,3,1,1,3,3,4,3,4,3,1,4,4,4,3,2,4,1,3,4,3,2,2,3,3,3,4,3,1,2,4,4,2,2,1,1,1,4,1,1,1,3,3,4,2,1,3,3,4,2,1,3,4,4,3,4,2,4,2,2,3,2,2,1,2,3,2,3,2,2,1,3,2,3,4,1,3,4,1,3,3,2,2,3,3,1,4,1,1,3,1,3,4,1,4,1,4,2,1,2,1,1,1,3,1,1,3,1,3,3,1,2,2,1,1,4,1,2,4,4,3,2,1,1,4,1,4,3,4,1,4,1,1,1,2,3,4,1,1,2,3,2,1,3,3,1,4,3,3,3,4,2,1,2,2,4,2,1,1,4,3,1,4,4,2,4,3,2,1,1,1,2,1,1,3,3,3,3,1,1,4,2,1,2,1,1,3,3,3,3,1,3,3,2,2,4,2,2,2,2,1,4,3,3,3,3,1,3,4,1,1,2,4,2,1,3,2,3,4,1,3,1,2,3,4,1,2,2,2,1,2,4,4,1,2,2,2,2,4,3,3,2,1,4,2,2,3,2,3,2,3,2,1,1,1,4,4,1,1,2,1,3,4,2,2,4,1,1,3,3,1,1,2,2,1,4,2,4,2,3,2,4,4,1,4,3,1,2,2,1,1,3,2,1,2,2,4,2,4,2,3,1,1,2,2,2,1,4,1,3,1,4,3,3,3,4,4,2,1,4,4,2,3,4,4,1,1,1,4,1,3,4,2,4,2,2,4,4,2,3,1,4,2,2,1,1,2,4,2,2,1,1,4,4,1,1,3,4,1,4,1,2,4,3,2,3,3,1,1,2,1,4,2,1,2,1,3,3,4,4,4,2,3,4,1,1,1,4,2,1,4,4,1,1,3,3,3,3,2,2,1,1,4,2,2,2,2,3,1,1,4,2,4,2,1,1,2,2,4,1,3,4,3,3,1,4,3,2,4,3,3,4,1,3,1,1,2,1,4,4,2,3,3,1,3,1,2,3,4,3,2,1,1,4,2,1,3,1,2,2,2,2,2,3,2,4,4,2,4,3,1,1,2,1,3,1,1,1,1,1,1,3,1,1,1,3,3,3,2,4,2,2,1,2,4,3,4,1,3,3,3,3,2,1,2,3,1,3,3,1,1,1,2,4,2,1,4,3,2,1,2,1,3,1,1,3,2,1,3,2,2,2,3,4,1,1,4,2,2,2,3,1,3,4,4,2,4,2,1,2,3,4,3,3,1,3,2,2,2,2,3,3,3,4,1,3,4,1,4,1,1,2,4,3,1,1,2,3,1,1,4,1,3,1,1,1,2,2,4,1,2,1,4,4,4,3,2,2,4,4,3,4,4,3"
31,0.9877030496613249,0.43137254901960786,2253.0,"2,1,2,4,1,1,1,2,2,1,3,4,2,1,1,1,1,4,3,4,4,2,1,4,3,4,4,1,2,2,1,4,4,2,1,4,2,4,1,4,4,3,1,3,4,3,3,1,2,2,1,2,3,2,1,2,1,4,3,3,1,2,4,2,3,4,1,1,2,1,2,2,2,1,1,2,2,1,2,3,2,4,3,1,1,3,1,1,1,1,1,1,3,4,2,1,2,3,2,1,1,3,2,4,3,4,2,1,2,4,2,2,2,2,4,3,1,2,4,1,3,1,4,2,1,4,2,4,1,2,4,2,2,1,3,3,3,4,4,2,2,4,3,1,2,2,3,3,2,3,3,3,4,4,1,4,1,1,1,3,4,2,2,1,2,4,4,4,3,4,2,4,3,2,1,4,3,4,2,2,2,3,4,4,3,3,3,2,3,2,1,2,2,3,2,2,4,2,3,2,2,4,1,4,2,4,3,1,3,2,4,2,4,2,3,1,3,1,2,1,1,1,4,2,4,1,2,2,2,3,1,1,2,3,1,4,3,4,1,1,1,1,2,2,2,1,2,3,4,1,3,1,4,2,3,3,1,4,4,4,4,2,2,4,2,2,4,2,2,4,4,1,1,3,4,3,1,2,3,1,1,4,3,1,1,4,1,2,3,4,4,2,3,2,2,2,2,1,1,1,4,2,2,3,4,4,3,1,1,1,4,1,2,3,1,1,2,3,2,4,1,3,3,3,4,2,1,2,3,1,3,3,1,1,1,3,4,3,2,3,1,2,3,3,4,2,2,4,3,4,2,4,1,1,4,3,2,4,3,3,2,1,3,2,2,3,3,2,1,3,3,2,3,4,2,4,4,3,2,4,2,2,1,1,1,3,2,4,2,1,1,2,1,2,2,2,2,1,3,4,2,2,2,1,4,2,3,4,2,1,3,4,4,4,3,2,4,2,2,2,4,3,1,1,1,1,3,1,1,3,4,3,1,1,2,1,2,2,4,1,1,2,4,4,1,2,3,2,1,1,2,3,2,4,1,1,1,4,3,1,2,3,1,2,3,4,2,2,3,1,2,3,1,1,2,4,2,3,1,4,3,1,4,1,3,1,2,1,1,1,1,4,4,3,1,1,2,4,1,1,2,1,1,2,2,2,2,3,3,3,1,3,1,3,2,3,1,1,2,2,4,4,1,2,4,1,1,2,1,2,1,4,4,2,3,3,1,4,2,3,2,2,3,3,1,1,3,2,2,3,4,1,2,2,1,2,1,1,1,2,4,3,2,3,3,4,4,2,4,3,3,1,3,3,1,4,3,4,1,1,1,4,4,2,1,4,2,2,1,1,4,1,3,2,2,2,3,4,1,1,2,2,1,4,4,3,4,3,3,2,1,3,4,1,2,3,3,3,4,2,3,2,1,1,3,1,1,3,2,2,2,1,1,1,4,2,2,4,1,3,4,1,3,3,4,1,1,3,3,1,1,4,2,2,1,3,1,3,3,4,3,4,2,3,1,2,2,1,2,2,1,2,2,4,1,2,1,3,4,3,1,1,3,3,1,4,1,3,1,1,1,2,3,3,2,2,1,2,3,3,4,1,4,3,4,2,1,2,4,3,3,1,1,1,2,1,2,3,4,4,2,4,2,2,3,2,3,3,2,2,2,3,2,3,4,2,1,3,3,1,3,2,1,3,1,1,3,2,3,4,3,2,4,3,1,4,2,4,1,1,2,2,2,2,2,1,1,1,1,3,1,4,1,4,2,3,1,2,2,4,1,3,2,3,1,3,2,2,2,2,4,2,4,3,1,4,1,3,3,3,3,2,1,2,4,4,2,2,1,3,4,1,3,4,1,2,2,3,3,2,2,3,3,3,4,3,2,2,2,1,3,1,3,1,3,4,1,3,3,2,2,3,1,2,2,1,1,3,3,1,2,2,1,1,2,1,3,1,1,2,1,2,3,4,3,1,4,3,2,4,4,3,2,3,2,1,1,2,1,3,2,4,4,3,3,3,3,4,1,1,3,2,2,2,1,1,1,4,2,3,1,2,2,3,1,1,1,3,1,3,2,2,1,2,1,1,2,1,1,4,1,2,4,4,2,1,2,2,4,2,4,4,4,4,1,3,2,1,1,1,2,3,1,2,3,1,3,4,3,3,4,3,1,2,1,3,3,3,1,4,4,4,1,1,1,1,1,4,2,4,2,3,4,4,1,1,1,1,3,4,3,1,1,3,1,1,2,1,2,3,4,2,4,1,1,1,2,4,3,1,2,3,1,1,2,2,1,4,1,2,2,2,4,3,4,2,4,1,4,1,4,1,4,3,1,1,4,4,1,4,2,4,3,1,3,3,2,2,3,1,3,4,1,1,4,1,2,1,1,1,1,3,3,3,2,4,4,2,1,2,1,1,2,1,3,3,3,3,2,3,1,2,2,3,4,4,3,3,1,1,3,3,4,3,4,3,1,4,4,4,3,2,4,1,3,4,3,2,2,3,3,3,4,3,1,2,4,4,2,2,1,1,1,4,1,1,1,3,3,4,2,1,3,3,4,2,1,3,4,4,3,4,2,4,2,2,3,2,2,1,2,3,2,3,2,2,1,3,2,3,4,1,3,4,1,3,3,2,2,3,3,1,4,1,1,3,1,3,4,1,4,1,4,2,1,2,1,1,1,3,1,1,3,1,3,3,1,2,2,1,1,4,1,2,4,4,3,2,1,1,4,1,4,3,4,1,4,1,1,1,2,3,4,1,1,2,3,2,1,3,3,1,4,3,3,3,4,2,1,2,2,4,2,1,1,4,3,1,4,4,2,4,3,2,1,1,1,2,1,1,3,3,3,3,1,1,4,2,1,2,1,1,3,3,3,3,1,3,3,2,2,4,2,2,2,2,1,4,3,3,3,3,1,3,4,1,1,2,4,2,1,3,2,3,4,1,3,1,2,3,4,1,2,2,2,1,2,4,4,1,2,2,2,2,4,3,3,2,1,4,2,2,3,2,3,2,3,2,1,1,1,4,4,1,1,2,1,3,4,2,2,4,1,1,3,3,1,1,2,2,1,4,2,4,2,3,2,4,4,1,4,3,1,2,2,1,1,3,2,1,2,2,4,2,4,2,3,1,1,2,2,2,1,4,1,3,1,4,3,3,3,4,4,2,1,4,4,2,3,4,4,1,1,1,4,1,3,4,2,4,2,2,4,4,2,3,1,4,2,2,1,1,2,4,2,2,1,1,4,4,1,1,3,4,1,4,1,2,4,3,2,3,3,1,1,2,1,4,2,1,2,1,3,3,4,4,4,2,3,4,1,1,1,4,2,1,4,4,1,1,3,3,3,3,2,2,1,1,4,2,2,2,2,3,1,1,4,2,4,2,1,1,2,2,4,1,3,4,3,3,1,4,3,2,4,3,3,4,1,3,1,1,2,1,4,4,2,3,3,1,3,1,2,3,4,3,2,1,1,4,2,1,3,1,2,2,2,2,2,3,2,4,4,2,4,3,1,1,2,1,3,1,1,1,1,1,1,3,1,1,1,3,3,3,2,4,2,2,1,2,4,3,4,1,3,3,3,3,2,1,2,3,1,3,3,1,1,1,2,4,2,1,4,3,2,1,2,1,3,1,1,3,2,1,3,2,2,2,3,4,1,1,4,2,2,2,3,1,3,4,4,2,4,2,1,2,3,4,3,3,1,3,2,2,2,2,3,3,3,4,1,3,4,1,4,1,1,2,4,3,1,1,2,3,1,1,4,1,3,1,1,1,2,2,4,1,2,1,4,4,4,3,2,2,4,4,3,4,4,3"
32,0.9877030496613249,0.43137254901960786,2253.0,"2,1,2,4,1,1,1,2,2,1,3,4,2,1,1,1,1,4,3,4,4,2,1,4,3,4,4,1,2,2,1,4,4,2,1,4,2,4,1,4,4,3,1,3,4,3,3,1,2,2,1,2,3,2,1,2,1,4,3,3,1,2,4,2,3,4,1,1,2,1,2,2,2,1,1,2,2,1,2,3,2,4,3,1,1,3,1,1,1,1,1,1,3,4,2,1,2,3,2,1,1,3,2,4,3,4,2,1,2,4,2,2,2,2,4,3,1,2,4,1,3,1,4,2,1,4,2,4,1,2,4,2,2,1,3,3,3,4,4,2,2,4,3,1,2,2,3,3,2,3,3,3,4,4,1,4,1,1,1,3,4,2,2,1,2,4,4,4,3,4,2,4,3,2,1,4,3,4,2,2,2,3,4,4,3,3,3,2,3,2,1,2,2,3,2,2,4,2,3,2,2,4,1,4,2,4,3,1,3,2,4,2,4,2,3,1,3,1,2,1,1,1,4,2,4,1,2,2,2,3,1,1,2,3,1,4,3,4,1,1,1,1,2,2,2,1,2,3,4,1,3,1,4,2,3,3,1,4,4,4,4,2,2,4,2,2,4,2,2,4,4,1,1,3,4,3,1,2,3,1,1,4,3,1,1,4,1,2,3,4,4,2,3,2,2,2,2,1,1,1,4,2,2,3,4,4,3,1,1,1,4,1,2,3,1,1,2,3,2,4,1,3,3,3,4,2,1,2,3,1,3,3,1,1,1,3,4,3,2,3,1,2,3,3,4,2,2,4,3,4,2,4,1,1,4,3,2,4,3,3,2,1,3,2,2,3,3,2,1,3,3,2,3,4,2,4,4,3,2,4,2,2,1,1,1,3,2,4,2,1,1,2,1,2,2,2,2,1,3,4,2,2,2,1,4,2,3,4,2,1,3,4,4,4,3,2,4,2,2,2,4,3,1,1,1,1,3,1,1,3,4,3,1,1,2,1,2,2,4,1,1,2,4,4,1,2,3,2,1,1,2,3,2,4,1,1,1,4,3,1,2,3,1,2,3,4,2,2,3,1,2,3,1,1,2,4,2,3,1,4,3,1,4,1,3,1,2,1,1,1,1,4,4,3,1,1,2,4,1,1,2,1,1,2,2,2,2,3,3,3,1,3,1,3,2,3,1,1,2,2,4,4,1,2,4,1,1,2,1,2,1,4,4,2,3,3,1,4,2,3,2,2,3,3,1,1,3,2,2,3,4,1,2,2,1,2,1,1,1,2,4,3,2,3,3,4,4,2,4,3,3,1,3,3,1,4,3,4,1,1,1,4,4,2,1,4,2,2,1,1,4,1,3,2,2,2,3,4,1,1,2,2,1,4,4,3,4,3,3,2,1,3,4,1,2,3,3,3,4,2,3,2,1,1,3,1,1,3,2,2,2,1,1,1,4,2,2,4,1,3,4,1,3,3,4,1,1,3,3,1,1,4,2,2,1,3,1,3,3,4,3,4,2,3,1,2,2,1,2,2,1,2,2,4,1,2,1,3,4,3,1,1,3,3,1,4,1,3,1,1,1,2,3,3,2,2,1,2,3,3,4,1,4,3,4,2,1,2,4,3,3,1,1,1,2,1,2,3,4,4,2,4,2,2,3,2,3,3,2,2,2,3,2,3,4,2,1,3,3,1,3,2,1,3,1,1,3,2,3,4,3,2,4,3,1,4,2,4,1,1,2,2,2,2,2,1,1,1,1,3,1,4,1,4,2,3,1,2,2,4,1,3,2,3,1,3,2,2,2,2,4,2,4,3,1,4,1,3,3,3,3,2,1,2,4,4,2,2,1,3,4,1,3,4,1,2,2,3,3,2,2,3,3,3,4,3,2,2,2,1,3,1,3,1,3,4,1,3,3,2,2,3,1,2,2,1,1,3,3,1,2,2,1,1,2,1,3,1,1,2,1,2,3,4,3,1,4,3,2,4,4,3,2,3,2,1,1,2,1,3,2,4,4,3,3,3,3,4,1,1,3,2,2,2,1,1,1,4,2,3,1,2,2,3,1,1,1,3,1,3,2,2,1,2,1,1,2,1,1,4,1,2,4,4,2,1,2,2,4,2,4,4,4,4,1,3,2,1,1,1,2,3,1,2,3,1,3,4,3,3,4,3,1,2,1,3,3,3,1,4,4,4,1,1,1,1,1,4,2,4,2,3,4,4,1,1,1,1,3,4,3,1,1,3,1,1,2,1,2,3,4,2,4,1,1,1,2,4,3,1,2,3,1,1,2,2,1,4,1,2,2,2,4,3,4,2,4,1,4,1,4,1,4,3,1,1,4,4,1,4,2,4,3,1,3,3,2,2,3,1,3,4,1,1,4,1,2,1,1,1,1,3,3,3,2,4,4,2,1,2,1,1,2,1,3,3,3,3,2,3,1,2,2,3,4,4,3,3,1,1,3,3,4,3,4,3,1,4,4,4,3,2,4,1,3,4,3,2,2,3,3,3,4,3,1,2,4,4,2,2,1,1,1,4,1,1,1,3,3,4,2,1,3,3,4,2,1,3,4,4,3,4,2,4,2,2,3,2,2,1,2,3,2,3,2,2,1,3,2,3,4,1,3,4,1,3,3,2,2,3,3,1,4,1,1,3,1,3,4,1,4,1,4,2,1,2,1,1,1,3,1,1,3,1,3,3,1,2,2,1,1,4,1,2,4,4,3,2,1,1,4,1,4,3,4,1,4,1,1,1,2,3,4,1,1,2,3,2,1,3,3,1,4,3,3,3,4,2,1,2,2,4,2,1,1,4,3,1,4,4,2,4,3,2,1,1,1,2,1,1,3,3,3,3,1,1,4,2,1,2,1,1,3,3,3,3,1,3,3,2,2,4,2,2,2,2,1,4,3,3,3,3,1,3,4,1,1,2,4,2,1,3,2,3,4,1,3,1,2,3,4,1,2,2,2,1,2,4,4,1,2,2,2,2,4,3,3,2,1,4,2,2,3,2,3,2,3,2,1,1,1,4,4,1,1,2,1,3,4,2,2,4,1,1,3,3,1,1,2,2,1,4,2,4,2,3,2,4,4,1,4,3,1,2,2,1,1,3,2,1,2,2,4,2,4,2,3,1,1,2,2,2,1,4,1,3,1,4,3,3,3,4,4,2,1,4,4,2,3,4,4,1,1,1,4,1,3,4,2,4,2,2,4,4,2,3,1,4,2,2,1,1,2,4,2,2,1,1,4,4,1,1,3,4,1,4,1,2,4,3,2,3,3,1,1,2,1,4,2,1,2,1,3,3,4,4,4,2,3,4,1,1,1,4,2,1,4,4,1,1,3,3,3,3,2,2,1,1,4,2,2,2,2,3,1,1,4,2,4,2,1,1,2,2,4,1,3,4,3,3,1,4,3,2,4,3,3,4,1,3,1,1,2,1,4,4,2,3,3,1,3,1,2,3,4,3,2,1,1,4,2,1,3,1,2,2,2,2,2,3,2,4,4,2,4,3,1,1,2,1,3,1,1,1,1,1,1,3,1,1,1,3,3,3,2,4,2,2,1,2,4,3,4,1,3,3,3,3,2,1,2,3,1,3,3,1,1,1,2,4,2,1,4,3,2,1,2,1,3,1,1,3,2,1,3,2,2,2,3,4,1,1,4,2,2,2,3,1,3,4,4,2,4,2,1,2,3,4,3,3,1,3,2,2,2,2,3,3,3,4,1,3,4,1,4,1,1,2,4,3,1,1,2,3,1,1,4,1,3,1,1,1,2,2,4,1,2,1,4,4,4,3,2,2,4,4,3,4,4,3"
33,0.9877030496613249,0.43137254901960786,2253.0,"2,1,2,4,1,1,1,2,2,1,3,4,2,1,1,1,1,4,3,4,4,2,1,4,3,4,4,1,2,2,1,4,4,2,1,4,2,4,1,4,4,3,1,3,4,3,3,1,2,2,1,2,3,2,1,2,1,4,3,3,1,2,4,2,3,4,1,1,2,1,2,2,2,1,1,2,2,1,2,3,2,4,3,1,1,3,1,1,1,1,1,1,3,4,2,1,2,3,2,1,1,3,2,4,3,4,2,1,2,4,2,2,2,2,4,3,1,2,4,1,3,1,4,2,1,4,2,4,1,2,4,2,2,1,3,3,3,4,4,2,2,4,3,1,2,2,3,3,2,3,3,3,4,4,1,4,1,1,1,3,4,2,2,1,2,4,4,4,3,4,2,4,3,2,1,4,3,4,2,2,2,3,4,4,3,3,3,2,3,2,1,2,2,3,2,2,4,2,3,2,2,4,1,4,2,4,3,1,3,2,4,2,4,2,3,1,3,1,2,1,1,1,4,2,4,1,2,2,2,3,1,1,2,3,1,4,3,4,1,1,1,1,2,2,2,1,2,3,4,1,3,1,4,2,3,3,1,4,4,4,4,2,2,4,2,2,4,2,2,4,4,1,1,3,4,3,1,2,3,1,1,4,3,1,1,4,1,2,3,4,4,2,3,2,2,2,2,1,1,1,4,2,2,3,4,4,3,1,1,1,4,1,2,3,1,1,2,3,2,4,1,3,3,3,4,2,1,2,3,1,3,3,1,1,1,3,4,3,2,3,1,2,3,3,4,2,2,4,3,4,2,4,1,1,4,3,2,4,3,3,2,1,3,2,2,3,3,2,1,3,3,2,3,4,2,4,4,3,2,4,2,2,1,1,1,3,2,4,2,1,1,2,1,2,2,2,2,1,3,4,2,2,2,1,4,2,3,4,2,1,3,4,4,4,3,2,4,2,2,2,4,3,1,1,1,1,3,1,1,3,4,3,1,1,2,1,2,2,4,1,1,2,4,4,1,2,3,2,1,1,2,3,2,4,1,1,1,4,3,1,2,3,1,2,3,4,2,2,3,1,2,3,1,1,2,4,2,3,1,4,3,1,4,1,3,1,2,1,1,1,1,4,4,3,1,1,2,4,1,1,2,1,1,2,2,2,2,3,3,3,1,3,1,3,2,3,1,1,2,2,4,4,1,2,4,1,1,2,1,2,1,4,4,2,3,3,1,4,2,3,2,2,3,3,1,1,3,2,2,3,4,1,2,2,1,2,1,1,1,2,4,3,2,3,3,4,4,2,4,3,3,1,3,3,1,4,3,4,1,1,1,4,4,2,1,4,2,2,1,1,4,1,3,2,2,2,3,4,1,1,2,2,1,4,4,3,4,3,3,2,1,3,4,1,2,3,3,3,4,2,3,2,1,1,3,1,1,3,2,2,2,1,1,1,4,2,2,4,1,3,4,1,3,3,4,1,1,3,3,1,1,4,2,2,1,3,1,3,3,4,3,4,2,3,1,2,2,1,2,2,1,2,2,4,1,2,1,3,4,3,1,1,3,3,1,4,1,3,1,1,1,2,3,3,2,2,1,2,3,3,4,1,4,3,4,2,1,2,4,3,3,1,1,1,2,1,2,3,4,4,2,4,2,2,3,2,3,3,2,2,2,3,2,3,4,2,1,3,3,1,3,2,1,3,1,1,3,2,3,4,3,2,4,3,1,4,2,4,1,1,2,2,2,2,2,1,1,1,1,3,1,4,1,4,2,3,1,2,2,4,1,3,2,3,1,3,2,2,2,2,4,2,4,3,1,4,1,3,3,3,3,2,1,2,4,4,2,2,1,3,4,1,3,4,1,2,2,3,3,2,2,3,3,3,4,3,2,2,2,1,3,1,3,1,3,4,1,3,3,2,2,3,1,2,2,1,1,3,3,1,2,2,1,1,2,1,3,1,1,2,1,2,3,4,3,1,4,3,2,4,4,3,2,3,2,1,1,2,1,3,2,4,4,3,3,3,3,4,1,1,3,2,2,2,1,1,1,4,2,3,1,2,2,3,1,1,1,3,1,3,2,2,1,2,1,1,2,1,1,4,1,2,4,4,2,1,2,2,4,2,4,4,4,4,1,3,2,1,1,1,2,3,1,2,3,1,3,4,3,3,4,3,1,2,1,3,3,3,1,4,4,4,1,1,1,1,1,4,2,4,2,3,4,4,1,1,1,1,3,4,3,1,1,3,1,1,2,1,2,3,4,2,4,1,1,1,2,4,3,1,2,3,1,1,2,2,1,4,1,2,2,2,4,3,4,2,4,1,4,1,4,1,4,3,1,1,4,4,1,4,2,4,3,1,3,3,2,2,3,1,3,4,1,1,4,1,2,1,1,1,1,3,3,3,2,4,4,2,1,2,1,1,2,1,3,3,3,3,2,3,1,2,2,3,4,4,3,3,1,1,3,3,4,3,4,3,1,4,4,4,3,2,4,1,3,4,3,2,2,3,3,3,4,3,1,2,4,4,2,2,1,1,1,4,1,1,1,3,3,4,2,1,3,3,4,2,1,3,4,4,3,4,2,4,2,2,3,2,2,1,2,3,2,3,2,2,1,3,2,3,4,1,3,4,1,3,3,2,2,3,3,1,4,1,1,3,1,3,4,1,4,1,4,2,1,2,1,1,1,3,1,1,3,1,3,3,1,2,2,1,1,4,1,2,4,4,3,2,1,1,4,1,4,3,4,1,4,1,1,1,2,3,4,1,1,2,3,2,1,3,3,1,4,3,3,3,4,2,1,2,2,4,2,1,1,4,3,1,4,4,2,4,3,2,1,1,1,2,1,1,3,3,3,3,1,1,4,2,1,2,1,1,3,3,3,3,1,3,3,2,2,4,2,2,2,2,1,4,3,3,3,3,1,3,4,1,1,2,4,2,1,3,2,3,4,1,3,1,2,3,4,1,2,2,2,1,2,4,4,1,2,2,2,2,4,3,3,2,1,4,2,2,3,2,3,2,3,2,1,1,1,4,4,1,1,2,1,3,4,2,2,4,1,1,3,3,1,1,2,2,1,4,2,4,2,3,2,4,4,1,4,3,1,2,2,1,1,3,2,1,2,2,4,2,4,2,3,1,1,2,2,2,1,4,1,3,1,4,3,3,3,4,4,2,1,4,4,2,3,4,4,1,1,1,4,1,3,4,2,4,2,2,4,4,2,3,1,4,2,2,1,1,2,4,2,2,1,1,4,4,1,1,3,4,1,4,1,2,4,3,2,3,3,1,1,2,1,4,2,1,2,1,3,3,4,4,4,2,3,4,1,1,1,4,2,1,4,4,1,1,3,3,3,3,2,2,1,1,4,2,2,2,2,3,1,1,4,2,4,2,1,1,2,2,4,1,3,4,3,3,1,4,3,2,4,3,3,4,1,3,1,1,2,1,4,4,2,3,3,1,3,1,2,3,4,3,2,1,1,4,2,1,3,1,2,2,2,2,2,3,2,4,4,2,4,3,1,1,2,1,3,1,1,1,1,1,1,3,1,1,1,3,3,3,2,4,2,2,1,2,4,3,4,1,3,3,3,3,2,1,2,3,1,3,3,1,1,1,2,4,2,1,4,3,2,1,2,1,3,1,1,3,2,1,3,2,2,2,3,4,1,1,4,2,2,2,3,1,3,4,4,2,4,2,1,2,3,4,3,3,1,3,2,2,2,2,3,3,3,4,1,3,4,1,4,1,1,2,4,3,1,1,2,3,1,1,4,1,3,1,1,1,2,2,4,1,2,1,4,4,4,3,2,2,4,4,3,4,4,3"
34,0.9877030496613249,0.43137254901960786,2253.0,"2,1,2,4,1,1,1,2,2,1,3,4,2,1,1,1,1,4,3,4,4,2,1,4,3,4,4,1,2,2,1,4,4,2,1,4,2,4,1,4,4,3,1,3,4,3,3,1,2,2,1,2,3,2,1,2,1,4,3,3,1,2,4,2,3,4,1,1,2,1,2,2,2,1,1,2,2,1,2,3,2,4,3,1,1,3,1,1,1,1,1,1,3,4,2,1,2,3,2,1,1,3,2,4,3,4,2,1,2,4,2,2,2,2,4,3,1,2,4,1,3,1,4,2,1,4,2,4,1,2,4,2,2,1,3,3,3,4,4,2,2,4,3,1,2,2,3,3,2,3,3,3,4,4,1,4,1,1,1,3,4,2,2,1,2,4,4,4,3,4,2,4,3,2,1,4,3,4,2,2,2,3,4,4,3,3,3,2,3,2,1,2,2,3,2,2,4,2,3,2,2,4,1,4,2,4,3,1,3,2,4,2,4,2,3,1,3,1,2,1,1,1,4,2,4,1,2,2,2,3,1,1,2,3,1,4,3,4,1,1,1,1,2,2,2,1,2,3,4,1,3,1,4,2,3,3,1,4,4,4,4,2,2,4,2,2,4,2,2,4,4,1,1,3,4,3,1,2,3,1,1,4,3,1,1,4,1,2,3,4,4,2,3,2,2,2,2,1,1,1,4,2,2,3,4,4,3,1,1,1,4,1,2,3,1,1,2,3,2,4,1,3,3,3,4,2,1,2,3,1,3,3,1,1,1,3,4,3,2,3,1,2,3,3,4,2,2,4,3,4,2,4,1,1,4,3,2,4,3,3,2,1,3,2,2,3,3,2,1,3,3,2,3,4,2,4,4,3,2,4,2,2,1,1,1,3,2,4,2,1,1,2,1,2,2,2,2,1,3,4,2,2,2,1,4,2,3,4,2,1,3,4,4,4,3,2,4,2,2,2,4,3,1,1,1,1,3,1,1,3,4,3,1,1,2,1,2,2,4,1,1,2,4,4,1,2,3,2,1,1,2,3,2,4,1,1,1,4,3,1,2,3,1,2,3,4,2,2,3,1,2,3,1,1,2,4,2,3,1,4,3,1,4,1,3,1,2,1,1,1,1,4,4,3,1,1,2,4,1,1,2,1,1,2,2,2,2,3,3,3,1,3,1,3,2,3,1,1,2,2,4,4,1,2,4,1,1,2,1,2,1,4,4,2,3,3,1,4,2,3,2,2,3,3,1,1,3,2,2,3,4,1,2,2,1,2,1,1,1,2,4,3,2,3,3,4,4,2,4,3,3,1,3,3,1,4,3,4,1,1,1,4,4,2,1,4,2,2,1,1,4,1,3,2,2,2,3,4,1,1,2,2,1,4,4,3,4,3,3,2,1,3,4,1,2,3,3,3,4,2,3,2,1,1,3,1,1,3,2,2,2,1,1,1,4,2,2,4,1,3,4,1,3,3,4,1,1,3,3,1,1,4,2,2,1,3,1,3,3,4,3,4,2,3,1,2,2,1,2,2,1,2,2,4,1,2,1,3,4,3,1,1,3,3,1,4,1,3,1,1,1,2,3,3,2,2,1,2,3,3,4,1,4,3,4,2,1,2,4,3,3,1,1,1,2,1,2,3,4,4,2,4,2,2,3,2,3,3,2,2,2,3,2,3,4,2,1,3,3,1,3,2,1,3,1,1,3,2,3,4,3,2,4,3,1,4,2,4,1,1,2,2,2,2,2,1,1,1,1,3,1,4,1,4,2,3,1,2,2,4,1,3,2,3,1,3,2,2,2,2,4,2,4,3,1,4,1,3,3,3,3,2,1,2,4,4,2,2,1,3,4,1,3,4,1,2,2,3,3,2,2,3,3,3,4,3,2,2,2,1,3,1,3,1,3,4,1,3,3,2,2,3,1,2,2,1,1,3,3,1,2,2,1,1,2,1,3,1,1,2,1,2,3,4,3,1,4,3,2,4,4,3,2,3,2,1,1,2,1,3,2,4,4,3,3,3,3,4,1,1,3,2,2,2,1,1,1,4,2,3,1,2,2,3,1,1,1,3,1,3,2,2,1,2,1,1,2,1,1,4,1,2,4,4,2,1,2,2,4,2,4,4,4,4,1,3,2,1,1,1,2,3,1,2,3,1,3,4,3,3,4,3,1,2,1,3,3,3,1,4,4,4,1,1,1,1,1,4,2,4,2,3,4,4,1,1,1,1,3,4,3,1,1,3,1,1,2,1,2,3,4,2,4,1,1,1,2,4,3,1,2,3,1,1,2,2,1,4,1,2,2,2,4,3,4,2,4,1,4,1,4,1,4,3,1,1,4,4,1,4,2,4,3,1,3,3,2,2,3,1,3,4,1,1,4,1,2,1,1,1,1,3,3,3,2,4,4,2,1,2,1,1,2,1,3,3,3,3,2,3,1,2,2,3,4,4,3,3,1,1,3,3,4,3,4,3,1,4,4,4,3,2,4,1,3,4,3,2,2,3,3,3,4,3,1,2,4,4,2,2,1,1,1,4,1,1,1,3,3,4,2,1,3,3,4,2,1,3,4,4,3,4,2,4,2,2,3,2,2,1,2,3,2,3,2,2,1,3,2,3,4,1,3,4,1,3,3,2,2,3,3,1,4,1,1,3,1,3,4,1,4,1,4,2,1,2,1,1,1,3,1,1,3,1,3,3,1,2,2,1,1,4,1,2,4,4,3,2,1,1,4,1,4,3,4,1,4,1,1,1,2,3,4,1,1,2,3,2,1,3,3,1,4,3,3,3,4,2,1,2,2,4,2,1,1,4,3,1,4,4,2,4,3,2,1,1,1,2,1,1,3,3,3,3,1,1,4,2,1,2,1,1,3,3,3,3,1,3,3,2,2,4,2,2,2,2,1,4,3,3,3,3,1,3,4,1,1,2,4,2,1,3,2,3,4,1,3,1,2,3,4,1,2,2,2,1,2,4,4,1,2,2,2,2,4,3,3,2,1,4,2,2,3,2,3,2,3,2,1,1,1,4,4,1,1,2,1,3,4,2,2,4,1,1,3,3,1,1,2,2,1,4,2,4,2,3,2,4,4,1,4,3,1,2,2,1,1,3,2,1,2,2,4,2,4,2,3,1,1,2,2,2,1,4,1,3,1,4,3,3,3,4,4,2,1,4,4,2,3,4,4,1,1,1,4,1,3,4,2,4,2,2,4,4,2,3,1,4,2,2,1,1,2,4,2,2,1,1,4,4,1,1,3,4,1,4,1,2,4,3,2,3,3,1,1,2,1,4,2,1,2,1,3,3,4,4,4,2,3,4,1,1,1,4,2,1,4,4,1,1,3,3,3,3,2,2,1,1,4,2,2,2,2,3,1,1,4,2,4,2,1,1,2,2,4,1,3,4,3,3,1,4,3,2,4,3,3,4,1,3,1,1,2,1,4,4,2,3,3,1,3,1,2,3,4,3,2,1,1,4,2,1,3,1,2,2,2,2,2,3,2,4,4,2,4,3,1,1,2,1,3,1,1,1,1,1,1,3,1,1,1,3,3,3,2,4,2,2,1,2,4,3,4,1,3,3,3,3,2,1,2,3,1,3,3,1,1,1,2,4,2,1,4,3,2,1,2,1,3,1,1,3,2,1,3,2,2,2,3,4,1,1,4,2,2,2,3,1,3,4,4,2,4,2,1,2,3,4,3,3,1,3,2,2,2,2,3,3,3,4,1,3,4,1,4,1,1,2,4,3,1,1,2,3,1,1,4,1,3,1,1,1,2,2,4,1,2,1,4,4,4,3,2,2,4,4,3,4,4,3"
35,0.9877030496613249,0.43137254901960786,2253.0,"2,1,2,4,1,1,1,2,2,1,3,4,2,1,1,1,1,4,3,4,4,2,1,4,3,4,4,1,2,2,1,4,4,2,1,4,2,4,1,4,4,3,1,3,4,3,3,1,2,2,1,2,3,2,1,2,1,4,3,3,1,2,4,2,3,4,1,1,2,1,2,2,2,1,1,2,2,1,2,3,2,4,3,1,1,3,1,1,1,1,1,1,3,4,2,1,2,3,2,1,1,3,2,4,3,4,2,1,2,4,2,2,2,2,4,3,1,2,4,1,3,1,4,2,1,4,2,4,1,2,4,2,2,1,3,3,3,4,4,2,2,4,3,1,2,2,3,3,2,3,3,3,4,4,1,4,1,1,1,3,4,2,2,1,2,4,4,4,3,4,2,4,3,2,1,4,3,4,2,2,2,3,4,4,3,3,3,2,3,2,1,2,2,3,2,2,4,2,3,2,2,4,1,4,2,4,3,1,3,2,4,2,4,2,3,1,3,1,2,1,1,1,4,2,4,1,2,2,2,3,1,1,2,3,1,4,3,4,1,1,1,1,2,2,2,1,2,3,4,1,3,1,4,2,3,3,1,4,4,4,4,2,2,4,2,2,4,2,2,4,4,1,1,3,4,3,1,2,3,1,1,4,3,1,1,4,1,2,3,4,4,2,3,2,2,2,2,1,1,1,4,2,2,3,4,4,3,1,1,1,4,1,2,3,1,1,2,3,2,4,1,3,3,3,4,2,1,2,3,1,3,3,1,1,1,3,4,3,2,3,1,2,3,3,4,2,2,4,3,4,2,4,1,1,4,3,2,4,3,3,2,1,3,2,2,3,3,2,1,3,3,2,3,4,2,4,4,3,2,4,2,2,1,1,1,3,2,4,2,1,1,2,1,2,2,2,2,1,3,4,2,2,2,1,4,2,3,4,2,1,3,4,4,4,3,2,4,2,2,2,4,3,1,1,1,1,3,1,1,3,4,3,1,1,2,1,2,2,4,1,1,2,4,4,1,2,3,2,1,1,2,3,2,4,1,1,1,4,3,1,2,3,1,2,3,4,2,2,3,1,2,3,1,1,2,4,2,3,1,4,3,1,4,1,3,1,2,1,1,1,1,4,4,3,1,1,2,4,1,1,2,1,1,2,2,2,2,3,3,3,1,3,1,3,2,3,1,1,2,2,4,4,1,2,4,1,1,2,1,2,1,4,4,2,3,3,1,4,2,3,2,2,3,3,1,1,3,2,2,3,4,1,2,2,1,2,1,1,1,2,4,3,2,3,3,4,4,2,4,3,3,1,3,3,1,4,3,4,1,1,1,4,4,2,1,4,2,2,1,1,4,1,3,2,2,2,3,4,1,1,2,2,1,4,4,3,4,3,3,2,1,3,4,1,2,3,3,3,4,2,3,2,1,1,3,1,1,3,2,2,2,1,1,1,4,2,2,4,1,3,4,1,3,3,4,1,1,3,3,1,1,4,2,2,1,3,1,3,3,4,3,4,2,3,1,2,2,1,2,2,1,2,2,4,1,2,1,3,4,3,1,1,3,3,1,4,1,3,1,1,1,2,3,3,2,2,1,2,3,3,4,1,4,3,4,2,1,2,4,3,3,1,1,1,2,1,2,3,4,4,2,4,2,2,3,2,3,3,2,2,2,3,2,3,4,2,1,3,3,1,3,2,1,3,1,1,3,2,3,4,3,2,4,3,1,4,2,4,1,1,2,2,2,2,2,1,1,1,1,3,1,4,1,4,2,3,1,2,2,4,1,3,2,3,1,3,2,2,2,2,4,2,4,3,1,4,1,3,3,3,3,2,1,2,4,4,2,2,1,3,4,1,3,4,1,2,2,3,3,2,2,3,3,3,4,3,2,2,2,1,3,1,3,1,3,4,1,3,3,2,2,3,1,2,2,1,1,3,3,1,2,2,1,1,2,1,3,1,1,2,1,2,3,4,3,1,4,3,2,4,4,3,2,3,2,1,1,2,1,3,2,4,4,3,3,3,3,4,1,1,3,2,2,2,1,1,1,4,2,3,1,2,2,3,1,1,1,3,1,3,2,2,1,2,1,1,2,1,1,4,1,2,4,4,2,1,2,2,4,2,4,4,4,4,1,3,2,1,1,1,2,3,1,2,3,1,3,4,3,3,4,3,1,2,1,3,3,3,1,4,4,4,1,1,1,1,1,4,2,4,2,3,4,4,1,1,1,1,3,4,3,1,1,3,1,1,2,1,2,3,4,2,4,1,1,1,2,4,3,1,2,3,1,1,2,2,1,4,1,2,2,2,4,3,4,2,4,1,4,1,4,1,4,3,1,1,4,4,1,4,2,4,3,1,3,3,2,2,3,1,3,4,1,1,4,1,2,1,1,1,1,3,3,3,2,4,4,2,1,2,1,1,2,1,3,3,3,3,2,3,1,2,2,3,4,4,3,3,1,1,3,3,4,3,4,3,1,4,4,4,3,2,4,1,3,4,3,2,2,3,3,3,4,3,1,2,4,4,2,2,1,1,1,4,1,1,1,3,3,4,2,1,3,3,4,2,1,3,4,4,3,4,2,4,2,2,3,2,2,1,2,3,2,3,2,2,1,3,2,3,4,1,3,4,1,3,3,2,2,3,3,1,4,1,1,3,1,3,4,1,4,1,4,2,1,2,1,1,1,3,1,1,3,1,3,3,1,2,2,1,1,4,1,2,4,4,3,2,1,1,4,1,4,3,4,1,4,1,1,1,2,3,4,1,1,2,3,2,1,3,3,1,4,3,3,3,4,2,1,2,2,4,2,1,1,4,3,1,4,4,2,4,3,2,1,1,1,2,1,1,3,3,3,3,1,1,4,2,1,2,1,1,3,3,3,3,1,3,3,2,2,4,2,2,2,2,1,4,3,3,3,3,1,3,4,1,1,2,4,2,1,3,2,3,4,1,3,1,2,3,4,1,2,2,2,1,2,4,4,1,2,2,2,2,4,3,3,2,1,4,2,2,3,2,3,2,3,2,1,1,1,4,4,1,1,2,1,3,4,2,2,4,1,1,3,3,1,1,2,2,1,4,2,4,2,3,2,4,4,1,4,3,1,2,2,1,1,3,2,1,2,2,4,2,4,2,3,1,1,2,2,2,1,4,1,3,1,4,3,3,3,4,4,2,1,4,4,2,3,4,4,1,1,1,4,1,3,4,2,4,2,2,4,4,2,3,1,4,2,2,1,1,2,4,2,2,1,1,4,4,1,1,3,4,1,4,1,2,4,3,2,3,3,1,1,2,1,4,2,1,2,1,3,3,4,4,4,2,3,4,1,1,1,4,2,1,4,4,1,1,3,3,3,3,2,2,1,1,4,2,2,2,2,3,1,1,4,2,4,2,1,1,2,2,4,1,3,4,3,3,1,4,3,2,4,3,3,4,1,3,1,1,2,1,4,4,2,3,3,1,3,1,2,3,4,3,2,1,1,4,2,1,3,1,2,2,2,2,2,3,2,4,4,2,4,3,1,1,2,1,3,1,1,1,1,1,1,3,1,1,1,3,3,3,2,4,2,2,1,2,4,3,4,1,3,3,3,3,2,1,2,3,1,3,3,1,1,1,2,4,2,1,4,3,2,1,2,1,3,1,1,3,2,1,3,2,2,2,3,4,1,1,4,2,2,2,3,1,3,4,4,2,4,2,1,2,3,4,3,3,1,3,2,2,2,2,3,3,3,4,1,3,4,1,4,1,1,2,4,3,1,1,2,3,1,1,4,1,3,1,1,1,2,2,4,1,2,1,4,4,4,3,2,2,4,4,3,4,4,3"
36,0.9877030496613249,0.43137254901960786,2253.0,"2,1,2,4,1,1,1,2,2,1,3,4,2,1,1,1,1,4,3,4,4,2,1,4,3,4,4,1,2,2,1,4,4,2,1,4,2,4,1,4,4,3,1,3,4,3,3,1,2,2,1,2,3,2,1,2,1,4,3,3,1,2,4,2,3,4,1,1,2,1,2,2,2,1,1,2,2,1,2,3,2,4,3,1,1,3,1,1,1,1,1,1,3,4,2,1,2,3,2,1,1,3,2,4,3,4,2,1,2,4,2,2,2,2,4,3,1,2,4,1,3,1,4,2,1,4,2,4,1,2,4,2,2,1,3,3,3,4,4,2,2,4,3,1,2,2,3,3,2,3,3,3,4,4,1,4,1,1,1,3,4,2,2,1,2,4,4,4,3,4,2,4,3,2,1,4,3,4,2,2,2,3,4,4,3,3,3,2,3,2,1,2,2,3,2,2,4,2,3,2,2,4,1,4,2,4,3,1,3,2,4,2,4,2,3,1,3,1,2,1,1,1,4,2,4,1,2,2,2,3,1,1,2,3,1,4,3,4,1,1,1,1,2,2,2,1,2,3,4,1,3,1,4,2,3,3,1,4,4,4,4,2,2,4,2,2,4,2,2,4,4,1,1,3,4,3,1,2,3,1,1,4,3,1,1,4,1,2,3,4,4,2,3,2,2,2,2,1,1,1,4,2,2,3,4,4,3,1,1,1,4,1,2,3,1,1,2,3,2,4,1,3,3,3,4,2,1,2,3,1,3,3,1,1,1,3,4,3,2,3,1,2,3,3,4,2,2,4,3,4,2,4,1,1,4,3,2,4,3,3,2,1,3,2,2,3,3,2,1,3,3,2,3,4,2,4,4,3,2,4,2,2,1,1,1,3,2,4,2,1,1,2,1,2,2,2,2,1,3,4,2,2,2,1,4,2,3,4,2,1,3,4,4,4,3,2,4,2,2,2,4,3,1,1,1,1,3,1,1,3,4,3,1,1,2,1,2,2,4,1,1,2,4,4,1,2,3,2,1,1,2,3,2,4,1,1,1,4,3,1,2,3,1,2,3,4,2,2,3,1,2,3,1,1,2,4,2,3,1,4,3,1,4,1,3,1,2,1,1,1,1,4,4,3,1,1,2,4,1,1,2,1,1,2,2,2,2,3,3,3,1,3,1,3,2,3,1,1,2,2,4,4,1,2,4,1,1,2,1,2,1,4,4,2,3,3,1,4,2,3,2,2,3,3,1,1,3,2,2,3,4,1,2,2,1,2,1,1,1,2,4,3,2,3,3,4,4,2,4,3,3,1,3,3,1,4,3,4,1,1,1,4,4,2,1,4,2,2,1,1,4,1,3,2,2,2,3,4,1,1,2,2,1,4,4,3,4,3,3,2,1,3,4,1,2,3,3,3,4,2,3,2,1,1,3,1,1,3,2,2,2,1,1,1,4,2,2,4,1,3,4,1,3,3,4,1,1,3,3,1,1,4,2,2,1,3,1,3,3,4,3,4,2,3,1,2,2,1,2,2,1,2,2,4,1,2,1,3,4,3,1,1,3,3,1,4,1,3,1,1,1,2,3,3,2,2,1,2,3,3,4,1,4,3,4,2,1,2,4,3,3,1,1,1,2,1,2,3,4,4,2,4,2,2,3,2,3,3,2,2,2,3,2,3,4,2,1,3,3,1,3,2,1,3,1,1,3,2,3,4,3,2,4,3,1,4,2,4,1,1,2,2,2,2,2,1,1,1,1,3,1,4,1,4,2,3,1,2,2,4,1,3,2,3,1,3,2,2,2,2,4,2,4,3,1,4,1,3,3,3,3,2,1,2,4,4,2,2,1,3,4,1,3,4,1,2,2,3,3,2,2,3,3,3,4,3,2,2,2,1,3,1,3,1,3,4,1,3,3,2,2,3,1,2,2,1,1,3,3,1,2,2,1,1,2,1,3,1,1,2,1,2,3,4,3,1,4,3,2,4,4,3,2,3,2,1,1,2,1,3,2,4,4,3,3,3,3,4,1,1,3,2,2,2,1,1,1,4,2,3,1,2,2,3,1,1,1,3,1,3,2,2,1,2,1,1,2,1,1,4,1,2,4,4,2,1,2,2,4,2,4,4,4,4,1,3,2,1,1,1,2,3,1,2,3,1,3,4,3,3,4,3,1,2,1,3,3,3,1,4,4,4,1,1,1,1,1,4,2,4,2,3,4,4,1,1,1,1,3,4,3,1,1,3,1,1,2,1,2,3,4,2,4,1,1,1,2,4,3,1,2,3,1,1,2,2,1,4,1,2,2,2,4,3,4,2,4,1,4,1,4,1,4,3,1,1,4,4,1,4,2,4,3,1,3,3,2,2,3,1,3,4,1,1,4,1,2,1,1,1,1,3,3,3,2,4,4,2,1,2,1,1,2,1,3,3,3,3,2,3,1,2,2,3,4,4,3,3,1,1,3,3,4,3,4,3,1,4,4,4,3,2,4,1,3,4,3,2,2,3,3,3,4,3,1,2,4,4,2,2,1,1,1,4,1,1,1,3,3,4,2,1,3,3,4,2,1,3,4,4,3,4,2,4,2,2,3,2,2,1,2,3,2,3,2,2,1,3,2,3,4,1,3,4,1,3,3,2,2,3,3,1,4,1,1,3,1,3,4,1,4,1,4,2,1,2,1,1,1,3,1,1,3,1,3,3,1,2,2,1,1,4,1,2,4,4,3,2,1,1,4,1,4,3,4,1,4,1,1,1,2,3,4,1,1,2,3,2,1,3,3,1,4,3,3,3,4,2,1,2,2,4,2,1,1,4,3,1,4,4,2,4,3,2,1,1,1,2,1,1,3,3,3,3,1,1,4,2,1,2,1,1,3,3,3,3,1,3,3,2,2,4,2,2,2,2,1,4,3,3,3,3,1,3,4,1,1,2,4,2,1,3,2,3,4,1,3,1,2,3,4,1,2,2,2,1,2,4,4,1,2,2,2,2,4,3,3,2,1,4,2,2,3,2,3,2,3,2,1,1,1,4,4,1,1,2,1,3,4,2,2,4,1,1,3,3,1,1,2,2,1,4,2,4,2,3,2,4,4,1,4,3,1,2,2,1,1,3,2,1,2,2,4,2,4,2,3,1,1,2,2,2,1,4,1,3,1,4,3,3,3,4,4,2,1,4,4,2,3,4,4,1,1,1,4,1,3,4,2,4,2,2,4,4,2,3,1,4,2,2,1,1,2,4,2,2,1,1,4,4,1,1,3,4,1,4,1,2,4,3,2,3,3,1,1,2,1,4,2,1,2,1,3,3,4,4,4,2,3,4,1,1,1,4,2,1,4,4,1,1,3,3,3,3,2,2,1,1,4,2,2,2,2,3,1,1,4,2,4,2,1,1,2,2,4,1,3,4,3,3,1,4,3,2,4,3,3,4,1,3,1,1,2,1,4,4,2,3,3,1,3,1,2,3,4,3,2,1,1,4,2,1,3,1,2,2,2,2,2,3,2,4,4,2,4,3,1,1,2,1,3,1,1,1,1,1,1,3,1,1,1,3,3,3,2,4,2,2,1,2,4,3,4,1,3,3,3,3,2,1,2,3,1,3,3,1,1,1,2,4,2,1,4,3,2,1,2,1,3,1,1,3,2,1,3,2,2,2,3,4,1,1,4,2,2,2,3,1,3,4,4,2,4,2,1,2,3,4,3,3,1,3,2,2,2,2,3,3,3,4,1,3,4,1,4,1,1,2,4,3,1,1,2,3,1,1,4,1,3,1,1,1,2,2,4,1,2,1,4,4,4,3,2,2,4,4,3,4,4,3"
37,0.9877030496613249,0.43137254901960786,2253.0,"2,1,2,4,1,1,1,2,2,1,3,4,2,1,1,1,1,4,3,4,4,2,1,4,3,4,4,1,2,2,1,4,4,2,1,4,2,4,1,4,4,3,1,3,4,3,3,1,2,2,1,2,3,2,1,2,1,4,3,3,1,2,4,2,3,4,1,1,2,1,2,2,2,1,1,2,2,1,2,3,2,4,3,1,1,3,1,1,1,1,1,1,3,4,2,1,2,3,2,1,1,3,2,4,3,4,2,1,2,4,2,2,2,2,4,3,1,2,4,1,3,1,4,2,1,4,2,4,1,2,4,2,2,1,3,3,3,4,4,2,2,4,3,1,2,2,3,3,2,3,3,3,4,4,1,4,1,1,1,3,4,2,2,1,2,4,4,4,3,4,2,4,3,2,1,4,3,4,2,2,2,3,4,4,3,3,3,2,3,2,1,2,2,3,2,2,4,2,3,2,2,4,1,4,2,4,3,1,3,2,4,2,4,2,3,1,3,1,2,1,1,1,4,2,4,1,2,2,2,3,1,1,2,3,1,4,3,4,1,1,1,1,2,2,2,1,2,3,4,1,3,1,4,2,3,3,1,4,4,4,4,2,2,4,2,2,4,2,2,4,4,1,1,3,4,3,1,2,3,1,1,4,3,1,1,4,1,2,3,4,4,2,3,2,2,2,2,1,1,1,4,2,2,3,4,4,3,1,1,1,4,1,2,3,1,1,2,3,2,4,1,3,3,3,4,2,1,2,3,1,3,3,1,1,1,3,4,3,2,3,1,2,3,3,4,2,2,4,3,4,2,4,1,1,4,3,2,4,3,3,2,1,3,2,2,3,3,2,1,3,3,2,3,4,2,4,4,3,2,4,2,2,1,1,1,3,2,4,2,1,1,2,1,2,2,2,2,1,3,4,2,2,2,1,4,2,3,4,2,1,3,4,4,4,3,2,4,2,2,2,4,3,1,1,1,1,3,1,1,3,4,3,1,1,2,1,2,2,4,1,1,2,4,4,1,2,3,2,1,1,2,3,2,4,1,1,1,4,3,1,2,3,1,2,3,4,2,2,3,1,2,3,1,1,2,4,2,3,1,4,3,1,4,1,3,1,2,1,1,1,1,4,4,3,1,1,2,4,1,1,2,1,1,2,2,2,2,3,3,3,1,3,1,3,2,3,1,1,2,2,4,4,1,2,4,1,1,2,1,2,1,4,4,2,3,3,1,4,2,3,2,2,3,3,1,1,3,2,2,3,4,1,2,2,1,2,1,1,1,2,4,3,2,3,3,4,4,2,4,3,3,1,3,3,1,4,3,4,1,1,1,4,4,2,1,4,2,2,1,1,4,1,3,2,2,2,3,4,1,1,2,2,1,4,4,3,4,3,3,2,1,3,4,1,2,3,3,3,4,2,3,2,1,1,3,1,1,3,2,2,2,1,1,1,4,2,2,4,1,3,4,1,3,3,4,1,1,3,3,1,1,4,2,2,1,3,1,3,3,4,3,4,2,3,1,2,2,1,2,2,1,2,2,4,1,2,1,3,4,3,1,1,3,3,1,4,1,3,1,1,1,2,3,3,2,2,1,2,3,3,4,1,4,3,4,2,1,2,4,3,3,1,1,1,2,1,2,3,4,4,2,4,2,2,3,2,3,3,2,2,2,3,2,3,4,2,1,3,3,1,3,2,1,3,1,1,3,2,3,4,3,2,4,3,1,4,2,4,1,1,2,2,2,2,2,1,1,1,1,3,1,4,1,4,2,3,1,2,2,4,1,3,2,3,1,3,2,2,2,2,4,2,4,3,1,4,1,3,3,3,3,2,1,2,4,4,2,2,1,3,4,1,3,4,1,2,2,3,3,2,2,3,3,3,4,3,2,2,2,1,3,1,3,1,3,4,1,3,3,2,2,3,1,2,2,1,1,3,3,1,2,2,1,1,2,1,3,1,1,2,1,2,3,4,3,1,4,3,2,4,4,3,2,3,2,1,1,2,1,3,2,4,4,3,3,3,3,4,1,1,3,2,2,2,1,1,1,4,2,3,1,2,2,3,1,1,1,3,1,3,2,2,1,2,1,1,2,1,1,4,1,2,4,4,2,1,2,2,4,2,4,4,4,4,1,3,2,1,1,1,2,3,1,2,3,1,3,4,3,3,4,3,1,2,1,3,3,3,1,4,4,4,1,1,1,1,1,4,2,4,2,3,4,4,1,1,1,1,3,4,3,1,1,3,1,1,2,1,2,3,4,2,4,1,1,1,2,4,3,1,2,3,1,1,2,2,1,4,1,2,2,2,4,3,4,2,4,1,4,1,4,1,4,3,1,1,4,4,1,4,2,4,3,1,3,3,2,2,3,1,3,4,1,1,4,1,2,1,1,1,1,3,3,3,2,4,4,2,1,2,1,1,2,1,3,3,3,3,2,3,1,2,2,3,4,4,3,3,1,1,3,3,4,3,4,3,1,4,4,4,3,2,4,1,3,4,3,2,2,3,3,3,4,3,1,2,4,4,2,2,1,1,1,4,1,1,1,3,3,4,2,1,3,3,4,2,1,3,4,4,3,4,2,4,2,2,3,2,2,1,2,3,2,3,2,2,1,3,2,3,4,1,3,4,1,3,3,2,2,3,3,1,4,1,1,3,1,3,4,1,4,1,4,2,1,2,1,1,1,3,1,1,3,1,3,3,1,2,2,1,1,4,1,2,4,4,3,2,1,1,4,1,4,3,4,1,4,1,1,1,2,3,4,1,1,2,3,2,1,3,3,1,4,3,3,3,4,2,1,2,2,4,2,1,1,4,3,1,4,4,2,4,3,2,1,1,1,2,1,1,3,3,3,3,1,1,4,2,1,2,1,1,3,3,3,3,1,3,3,2,2,4,2,2,2,2,1,4,3,3,3,3,1,3,4,1,1,2,4,2,1,3,2,3,4,1,3,1,2,3,4,1,2,2,2,1,2,4,4,1,2,2,2,2,4,3,3,2,1,4,2,2,3,2,3,2,3,2,1,1,1,4,4,1,1,2,1,3,4,2,2,4,1,1,3,3,1,1,2,2,1,4,2,4,2,3,2,4,4,1,4,3,1,2,2,1,1,3,2,1,2,2,4,2,4,2,3,1,1,2,2,2,1,4,1,3,1,4,3,3,3,4,4,2,1,4,4,2,3,4,4,1,1,1,4,1,3,4,2,4,2,2,4,4,2,3,1,4,2,2,1,1,2,4,2,2,1,1,4,4,1,1,3,4,1,4,1,2,4,3,2,3,3,1,1,2,1,4,2,1,2,1,3,3,4,4,4,2,3,4,1,1,1,4,2,1,4,4,1,1,3,3,3,3,2,2,1,1,4,2,2,2,2,3,1,1,4,2,4,2,1,1,2,2,4,1,3,4,3,3,1,4,3,2,4,3,3,4,1,3,1,1,2,1,4,4,2,3,3,1,3,1,2,3,4,3,2,1,1,4,2,1,3,1,2,2,2,2,2,3,2,4,4,2,4,3,1,1,2,1,3,1,1,1,1,1,1,3,1,1,1,3,3,3,2,4,2,2,1,2,4,3,4,1,3,3,3,3,2,1,2,3,1,3,3,1,1,1,2,4,2,1,4,3,2,1,2,1,3,1,1,3,2,1,3,2,2,2,3,4,1,1,4,2,2,2,3,1,3,4,4,2,4,2,1,2,3,4,3,3,1,3,2,2,2,2,3,3,3,4,1,3,4,1,4,1,1,2,4,3,1,1,2,3,1,1,4,1,3,1,1,1,2,2,4,1,2,1,4,4,4,3,2,2,4,4,3,4,4,3"
38,0.9877030496613249,0.43137254901960786,2253.0,"2,1,2,4,1,1,1,2,2,1,3,4,2,1,1,1,1,4,3,4,4,2,1,4,3,4,4,1,2,2,1,4,4,2,1,4,2,4,1,4,4,3,1,3,4,3,3,1,2,2,1,2,3,2,1,2,1,4,3,3,1,2,4,2,3,4,1,1,2,1,2,2,2,1,1,2,2,1,2,3,2,4,3,1,1,3,1,1,1,1,1,1,3,4,2,1,2,3,2,1,1,3,2,4,3,4,2,1,2,4,2,2,2,2,4,3,1,2,4,1,3,1,4,2,1,4,2,4,1,2,4,2,2,1,3,3,3,4,4,2,2,4,3,1,2,2,3,3,2,3,3,3,4,4,1,4,1,1,1,3,4,2,2,1,2,4,4,4,3,4,2,4,3,2,1,4,3,4,2,2,2,3,4,4,3,3,3,2,3,2,1,2,2,3,2,2,4,2,3,2,2,4,1,4,2,4,3,1,3,2,4,2,4,2,3,1,3,1,2,1,1,1,4,2,4,1,2,2,2,3,1,1,2,3,1,4,3,4,1,1,1,1,2,2,2,1,2,3,4,1,3,1,4,2,3,3,1,4,4,4,4,2,2,4,2,2,4,2,2,4,4,1,1,3,4,3,1,2,3,1,1,4,3,1,1,4,1,2,3,4,4,2,3,2,2,2,2,1,1,1,4,2,2,3,4,4,3,1,1,1,4,1,2,3,1,1,2,3,2,4,1,3,3,3,4,2,1,2,3,1,3,3,1,1,1,3,4,3,2,3,1,2,3,3,4,2,2,4,3,4,2,4,1,1,4,3,2,4,3,3,2,1,3,2,2,3,3,2,1,3,3,2,3,4,2,4,4,3,2,4,2,2,1,1,1,3,2,4,2,1,1,2,1,2,2,2,2,1,3,4,2,2,2,1,4,2,3,4,2,1,3,4,4,4,3,2,4,2,2,2,4,3,1,1,1,1,3,1,1,3,4,3,1,1,2,1,2,2,4,1,1,2,4,4,1,2,3,2,1,1,2,3,2,4,1,1,1,4,3,1,2,3,1,2,3,4,2,2,3,1,2,3,1,1,2,4,2,3,1,4,3,1,4,1,3,1,2,1,1,1,1,4,4,3,1,1,2,4,1,1,2,1,1,2,2,2,2,3,3,3,1,3,1,3,2,3,1,1,2,2,4,4,1,2,4,1,1,2,1,2,1,4,4,2,3,3,1,4,2,3,2,2,3,3,1,1,3,2,2,3,4,1,2,2,1,2,1,1,1,2,4,3,2,3,3,4,4,2,4,3,3,1,3,3,1,4,3,4,1,1,1,4,4,2,1,4,2,2,1,1,4,1,3,2,2,2,3,4,1,1,2,2,1,4,4,3,4,3,3,2,1,3,4,1,2,3,3,3,4,2,3,2,1,1,3,1,1,3,2,2,2,1,1,1,4,2,2,4,1,3,4,1,3,3,4,1,1,3,3,1,1,4,2,2,1,3,1,3,3,4,3,4,2,3,1,2,2,1,2,2,1,2,2,4,1,2,1,3,4,3,1,1,3,3,1,4,1,3,1,1,1,2,3,3,2,2,1,2,3,3,4,1,4,3,4,2,1,2,4,3,3,1,1,1,2,1,2,3,4,4,2,4,2,2,3,2,3,3,2,2,2,3,2,3,4,2,1,3,3,1,3,2,1,3,1,1,3,2,3,4,3,2,4,3,1,4,2,4,1,1,2,2,2,2,2,1,1,1,1,3,1,4,1,4,2,3,1,2,2,4,1,3,2,3,1,3,2,2,2,2,4,2,4,3,1,4,1,3,3,3,3,2,1,2,4,4,2,2,1,3,4,1,3,4,1,2,2,3,3,2,2,3,3,3,4,3,2,2,2,1,3,1,3,1,3,4,1,3,3,2,2,3,1,2,2,1,1,3,3,1,2,2,1,1,2,1,3,1,1,2,1,2,3,4,3,1,4,3,2,4,4,3,2,3,2,1,1,2,1,3,2,4,4,3,3,3,3,4,1,1,3,2,2,2,1,1,1,4,2,3,1,2,2,3,1,1,1,3,1,3,2,2,1,2,1,1,2,1,1,4,1,2,4,4,2,1,2,2,4,2,4,4,4,4,1,3,2,1,1,1,2,3,1,2,3,1,3,4,3,3,4,3,1,2,1,3,3,3,1,4,4,4,1,1,1,1,1,4,2,4,2,3,4,4,1,1,1,1,3,4,3,1,1,3,1,1,2,1,2,3,4,2,4,1,1,1,2,4,3,1,2,3,1,1,2,2,1,4,1,2,2,2,4,3,4,2,4,1,4,1,4,1,4,3,1,1,4,4,1,4,2,4,3,1,3,3,2,2,3,1,3,4,1,1,4,1,2,1,1,1,1,3,3,3,2,4,4,2,1,2,1,1,2,1,3,3,3,3,2,3,1,2,2,3,4,4,3,3,1,1,3,3,4,3,4,3,1,4,4,4,3,2,4,1,3,4,3,2,2,3,3,3,4,3,1,2,4,4,2,2,1,1,1,4,1,1,1,3,3,4,2,1,3,3,4,2,1,3,4,4,3,4,2,4,2,2,3,2,2,1,2,3,2,3,2,2,1,3,2,3,4,1,3,4,1,3,3,2,2,3,3,1,4,1,1,3,1,3,4,1,4,1,4,2,1,2,1,1,1,3,1,1,3,1,3,3,1,2,2,1,1,4,1,2,4,4,3,2,1,1,4,1,4,3,4,1,4,1,1,1,2,3,4,1,1,2,3,2,1,3,3,1,4,3,3,3,4,2,1,2,2,4,2,1,1,4,3,1,4,4,2,4,3,2,1,1,1,2,1,1,3,3,3,3,1,1,4,2,1,2,1,1,3,3,3,3,1,3,3,2,2,4,2,2,2,2,1,4,3,3,3,3,1,3,4,1,1,2,4,2,1,3,2,3,4,1,3,1,2,3,4,1,2,2,2,1,2,4,4,1,2,2,2,2,4,3,3,2,1,4,2,2,3,2,3,2,3,2,1,1,1,4,4,1,1,2,1,3,4,2,2,4,1,1,3,3,1,1,2,2,1,4,2,4,2,3,2,4,4,1,4,3,1,2,2,1,1,3,2,1,2,2,4,2,4,2,3,1,1,2,2,2,1,4,1,3,1,4,3,3,3,4,4,2,1,4,4,2,3,4,4,1,1,1,4,1,3,4,2,4,2,2,4,4,2,3,1,4,2,2,1,1,2,4,2,2,1,1,4,4,1,1,3,4,1,4,1,2,4,3,2,3,3,1,1,2,1,4,2,1,2,1,3,3,4,4,4,2,3,4,1,1,1,4,2,1,4,4,1,1,3,3,3,3,2,2,1,1,4,2,2,2,2,3,1,1,4,2,4,2,1,1,2,2,4,1,3,4,3,3,1,4,3,2,4,3,3,4,1,3,1,1,2,1,4,4,2,3,3,1,3,1,2,3,4,3,2,1,1,4,2,1,3,1,2,2,2,2,2,3,2,4,4,2,4,3,1,1,2,1,3,1,1,1,1,1,1,3,1,1,1,3,3,3,2,4,2,2,1,2,4,3,4,1,3,3,3,3,2,1,2,3,1,3,3,1,1,1,2,4,2,1,4,3,2,1,2,1,3,1,1,3,2,1,3,2,2,2,3,4,1,1,4,2,2,2,3,1,3,4,4,2,4,2,1,2,3,4,3,3,1,3,2,2,2,2,3,3,3,4,1,3,4,1,4,1,1,2,4,3,1,1,2,3,1,1,4,1,3,1,1,1,2,2,4,1,2,1,4,4,4,3,2,2,4,4,3,4,4,3"
39,0.9877030496613249,0.43137254901960786,2253.0,"2,1,2,4,1,1,1,2,2,1,3,4,2,1,1,1,1,4,3,4,4,2,1,4,3,4,4,1,2,2,1,4,4,2,1,4,2,4,1,4,4,3,1,3,4,3,3,1,2,2,1,2,3,2,1,2,1,4,3,3,1,2,4,2,3,4,1,1,2,1,2,2,2,1,1,2,2,1,2,3,2,4,3,1,1,3,1,1,1,1,1,1,3,4,2,1,2,3,2,1,1,3,2,4,3,4,2,1,2,4,2,2,2,2,4,3,1,2,4,1,3,1,4,2,1,4,2,4,1,2,4,2,2,1,3,3,3,4,4,2,2,4,3,1,2,2,3,3,2,3,3,3,4,4,1,4,1,1,1,3,4,2,2,1,2,4,4,4,3,4,2,4,3,2,1,4,3,4,2,2,2,3,4,4,3,3,3,2,3,2,1,2,2,3,2,2,4,2,3,2,2,4,1,4,2,4,3,1,3,2,4,2,4,2,3,1,3,1,2,1,1,1,4,2,4,1,2,2,2,3,1,1,2,3,1,4,3,4,1,1,1,1,2,2,2,1,2,3,4,1,3,1,4,2,3,3,1,4,4,4,4,2,2,4,2,2,4,2,2,4,4,1,1,3,4,3,1,2,3,1,1,4,3,1,1,4,1,2,3,4,4,2,3,2,2,2,2,1,1,1,4,2,2,3,4,4,3,1,1,1,4,1,2,3,1,1,2,3,2,4,1,3,3,3,4,2,1,2,3,1,3,3,1,1,1,3,4,3,2,3,1,2,3,3,4,2,2,4,3,4,2,4,1,1,4,3,2,4,3,3,2,1,3,2,2,3,3,2,1,3,3,2,3,4,2,4,4,3,2,4,2,2,1,1,1,3,2,4,2,1,1,2,1,2,2,2,2,1,3,4,2,2,2,1,4,2,3,4,2,1,3,4,4,4,3,2,4,2,2,2,4,3,1,1,1,1,3,1,1,3,4,3,1,1,2,1,2,2,4,1,1,2,4,4,1,2,3,2,1,1,2,3,2,4,1,1,1,4,3,1,2,3,1,2,3,4,2,2,3,1,2,3,1,1,2,4,2,3,1,4,3,1,4,1,3,1,2,1,1,1,1,4,4,3,1,1,2,4,1,1,2,1,1,2,2,2,2,3,3,3,1,3,1,3,2,3,1,1,2,2,4,4,1,2,4,1,1,2,1,2,1,4,4,2,3,3,1,4,2,3,2,2,3,3,1,1,3,2,2,3,4,1,2,2,1,2,1,1,1,2,4,3,2,3,3,4,4,2,4,3,3,1,3,3,1,4,3,4,1,1,1,4,4,2,1,4,2,2,1,1,4,1,3,2,2,2,3,4,1,1,2,2,1,4,4,3,4,3,3,2,1,3,4,1,2,3,3,3,4,2,3,2,1,1,3,1,1,3,2,2,2,1,1,1,4,2,2,4,1,3,4,1,3,3,4,1,1,3,3,1,1,4,2,2,1,3,1,3,3,4,3,4,2,3,1,2,2,1,2,2,1,2,2,4,1,2,1,3,4,3,1,1,3,3,1,4,1,3,1,1,1,2,3,3,2,2,1,2,3,3,4,1,4,3,4,2,1,2,4,3,3,1,1,1,2,1,2,3,4,4,2,4,2,2,3,2,3,3,2,2,2,3,2,3,4,2,1,3,3,1,3,2,1,3,1,1,3,2,3,4,3,2,4,3,1,4,2,4,1,1,2,2,2,2,2,1,1,1,1,3,1,4,1,4,2,3,1,2,2,4,1,3,2,3,1,3,2,2,2,2,4,2,4,3,1,4,1,3,3,3,3,2,1,2,4,4,2,2,1,3,4,1,3,4,1,2,2,3,3,2,2,3,3,3,4,3,2,2,2,1,3,1,3,1,3,4,1,3,3,2,2,3,1,2,2,1,1,3,3,1,2,2,1,1,2,1,3,1,1,2,1,2,3,4,3,1,4,3,2,4,4,3,2,3,2,1,1,2,1,3,2,4,4,3,3,3,3,4,1,1,3,2,2,2,1,1,1,4,2,3,1,2,2,3,1,1,1,3,1,3,2,2,1,2,1,1,2,1,1,4,1,2,4,4,2,1,2,2,4,2,4,4,4,4,1,3,2,1,1,1,2,3,1,2,3,1,3,4,3,3,4,3,1,2,1,3,3,3,1,4,4,4,1,1,1,1,1,4,2,4,2,3,4,4,1,1,1,1,3,4,3,1,1,3,1,1,2,1,2,3,4,2,4,1,1,1,2,4,3,1,2,3,1,1,2,2,1,4,1,2,2,2,4,3,4,2,4,1,4,1,4,1,4,3,1,1,4,4,1,4,2,4,3,1,3,3,2,2,3,1,3,4,1,1,4,1,2,1,1,1,1,3,3,3,2,4,4,2,1,2,1,1,2,1,3,3,3,3,2,3,1,2,2,3,4,4,3,3,1,1,3,3,4,3,4,3,1,4,4,4,3,2,4,1,3,4,3,2,2,3,3,3,4,3,1,2,4,4,2,2,1,1,1,4,1,1,1,3,3,4,2,1,3,3,4,2,1,3,4,4,3,4,2,4,2,2,3,2,2,1,2,3,2,3,2,2,1,3,2,3,4,1,3,4,1,3,3,2,2,3,3,1,4,1,1,3,1,3,4,1,4,1,4,2,1,2,1,1,1,3,1,1,3,1,3,3,1,2,2,1,1,4,1,2,4,4,3,2,1,1,4,1,4,3,4,1,4,1,1,1,2,3,4,1,1,2,3,2,1,3,3,1,4,3,3,3,4,2,1,2,2,4,2,1,1,4,3,1,4,4,2,4,3,2,1,1,1,2,1,1,3,3,3,3,1,1,4,2,1,2,1,1,3,3,3,3,1,3,3,2,2,4,2,2,2,2,1,4,3,3,3,3,1,3,4,1,1,2,4,2,1,3,2,3,4,1,3,1,2,3,4,1,2,2,2,1,2,4,4,1,2,2,2,2,4,3,3,2,1,4,2,2,3,2,3,2,3,2,1,1,1,4,4,1,1,2,1,3,4,2,2,4,1,1,3,3,1,1,2,2,1,4,2,4,2,3,2,4,4,1,4,3,1,2,2,1,1,3,2,1,2,2,4,2,4,2,3,1,1,2,2,2,1,4,1,3,1,4,3,3,3,4,4,2,1,4,4,2,3,4,4,1,1,1,4,1,3,4,2,4,2,2,4,4,2,3,1,4,2,2,1,1,2,4,2,2,1,1,4,4,1,1,3,4,1,4,1,2,4,3,2,3,3,1,1,2,1,4,2,1,2,1,3,3,4,4,4,2,3,4,1,1,1,4,2,1,4,4,1,1,3,3,3,3,2,2,1,1,4,2,2,2,2,3,1,1,4,2,4,2,1,1,2,2,4,1,3,4,3,3,1,4,3,2,4,3,3,4,1,3,1,1,2,1,4,4,2,3,3,1,3,1,2,3,4,3,2,1,1,4,2,1,3,1,2,2,2,2,2,3,2,4,4,2,4,3,1,1,2,1,3,1,1,1,1,1,1,3,1,1,1,3,3,3,2,4,2,2,1,2,4,3,4,1,3,3,3,3,2,1,2,3,1,3,3,1,1,1,2,4,2,1,4,3,2,1,2,1,3,1,1,3,2,1,3,2,2,2,3,4,1,1,4,2,2,2,3,1,3,4,4,2,4,2,1,2,3,4,3,3,1,3,2,2,2,2,3,3,3,4,1,3,4,1,4,1,1,2,4,3,1,1,2,3,1,1,4,1,3,1,1,1,2,2,4,1,2,1,4,4,4,3,2,2,4,4,3,4,4,3"
40,0.9877030496613249,0.43137254901960786,2253.0,"2,1,2,4,1,1,1,2,2,1,3,4,2,1,1,1,1,4,3,4,4,2,1,4,3,4,4,1,2,2,1,4,4,2,1,4,2,4,1,4,4,3,1,3,4,3,3,1,2,2,1,2,3,2,1,2,1,4,3,3,1,2,4,2,3,4,1,1,2,1,2,2,2,1,1,2,2,1,2,3,2,4,3,1,1,3,1,1,1,1,1,1,3,4,2,1,2,3,2,1,1,3,2,4,3,4,2,1,2,4,2,2,2,2,4,3,1,2,4,1,3,1,4,2,1,4,2,4,1,2,4,2,2,1,3,3,3,4,4,2,2,4,3,1,2,2,3,3,2,3,3,3,4,4,1,4,1,1,1,3,4,2,2,1,2,4,4,4,3,4,2,4,3,2,1,4,3,4,2,2,2,3,4,4,3,3,3,2,3,2,1,2,2,3,2,2,4,2,3,2,2,4,1,4,2,4,3,1,3,2,4,2,4,2,3,1,3,1,2,1,1,1,4,2,4,1,2,2,2,3,1,1,2,3,1,4,3,4,1,1,1,1,2,2,2,1,2,3,4,1,3,1,4,2,3,3,1,4,4,4,4,2,2,4,2,2,4,2,2,4,4,1,1,3,4,3,1,2,3,1,1,4,3,1,1,4,1,2,3,4,4,2,3,2,2,2,2,1,1,1,4,2,2,3,4,4,3,1,1,1,4,1,2,3,1,1,2,3,2,4,1,3,3,3,4,2,1,2,3,1,3,3,1,1,1,3,4,3,2,3,1,2,3,3,4,2,2,4,3,4,2,4,1,1,4,3,2,4,3,3,2,1,3,2,2,3,3,2,1,3,3,2,3,4,2,4,4,3,2,4,2,2,1,1,1,3,2,4,2,1,1,2,1,2,2,2,2,1,3,4,2,2,2,1,4,2,3,4,2,1,3,4,4,4,3,2,4,2,2,2,4,3,1,1,1,1,3,1,1,3,4,3,1,1,2,1,2,2,4,1,1,2,4,4,1,2,3,2,1,1,2,3,2,4,1,1,1,4,3,1,2,3,1,2,3,4,2,2,3,1,2,3,1,1,2,4,2,3,1,4,3,1,4,1,3,1,2,1,1,1,1,4,4,3,1,1,2,4,1,1,2,1,1,2,2,2,2,3,3,3,1,3,1,3,2,3,1,1,2,2,4,4,1,2,4,1,1,2,1,2,1,4,4,2,3,3,1,4,2,3,2,2,3,3,1,1,3,2,2,3,4,1,2,2,1,2,1,1,1,2,4,3,2,3,3,4,4,2,4,3,3,1,3,3,1,4,3,4,1,1,1,4,4,2,1,4,2,2,1,1,4,1,3,2,2,2,3,4,1,1,2,2,1,4,4,3,4,3,3,2,1,3,4,1,2,3,3,3,4,2,3,2,1,1,3,1,1,3,2,2,2,1,1,1,4,2,2,4,1,3,4,1,3,3,4,1,1,3,3,1,1,4,2,2,1,3,1,3,3,4,3,4,2,3,1,2,2,1,2,2,1,2,2,4,1,2,1,3,4,3,1,1,3,3,1,4,1,3,1,1,1,2,3,3,2,2,1,2,3,3,4,1,4,3,4,2,1,2,4,3,3,1,1,1,2,1,2,3,4,4,2,4,2,2,3,2,3,3,2,2,2,3,2,3,4,2,1,3,3,1,3,2,1,3,1,1,3,2,3,4,3,2,4,3,1,4,2,4,1,1,2,2,2,2,2,1,1,1,1,3,1,4,1,4,2,3,1,2,2,4,1,3,2,3,1,3,2,2,2,2,4,2,4,3,1,4,1,3,3,3,3,2,1,2,4,4,2,2,1,3,4,1,3,4,1,2,2,3,3,2,2,3,3,3,4,3,2,2,2,1,3,1,3,1,3,4,1,3,3,2,2,3,1,2,2,1,1,3,3,1,2,2,1,1,2,1,3,1,1,2,1,2,3,4,3,1,4,3,2,4,4,3,2,3,2,1,1,2,1,3,2,4,4,3,3,3,3,4,1,1,3,2,2,2,1,1,1,4,2,3,1,2,2,3,1,1,1,3,1,3,2,2,1,2,1,1,2,1,1,4,1,2,4,4,2,1,2,2,4,2,4,4,4,4,1,3,2,1,1,1,2,3,1,2,3,1,3,4,3,3,4,3,1,2,1,3,3,3,1,4,4,4,1,1,1,1,1,4,2,4,2,3,4,4,1,1,1,1,3,4,3,1,1,3,1,1,2,1,2,3,4,2,4,1,1,1,2,4,3,1,2,3,1,1,2,2,1,4,1,2,2,2,4,3,4,2,4,1,4,1,4,1,4,3,1,1,4,4,1,4,2,4,3,1,3,3,2,2,3,1,3,4,1,1,4,1,2,1,1,1,1,3,3,3,2,4,4,2,1,2,1,1,2,1,3,3,3,3,2,3,1,2,2,3,4,4,3,3,1,1,3,3,4,3,4,3,1,4,4,4,3,2,4,1,3,4,3,2,2,3,3,3,4,3,1,2,4,4,2,2,1,1,1,4,1,1,1,3,3,4,2,1,3,3,4,2,1,3,4,4,3,4,2,4,2,2,3,2,2,1,2,3,2,3,2,2,1,3,2,3,4,1,3,4,1,3,3,2,2,3,3,1,4,1,1,3,1,3,4,1,4,1,4,2,1,2,1,1,1,3,1,1,3,1,3,3,1,2,2,1,1,4,1,2,4,4,3,2,1,1,4,1,4,3,4,1,4,1,1,1,2,3,4,1,1,2,3,2,1,3,3,1,4,3,3,3,4,2,1,2,2,4,2,1,1,4,3,1,4,4,2,4,3,2,1,1,1,2,1,1,3,3,3,3,1,1,4,2,1,2,1,1,3,3,3,3,1,3,3,2,2,4,2,2,2,2,1,4,3,3,3,3,1,3,4,1,1,2,4,2,1,3,2,3,4,1,3,1,2,3,4,1,2,2,2,1,2,4,4,1,2,2,2,2,4,3,3,2,1,4,2,2,3,2,3,2,3,2,1,1,1,4,4,1,1,2,1,3,4,2,2,4,1,1,3,3,1,1,2,2,1,4,2,4,2,3,2,4,4,1,4,3,1,2,2,1,1,3,2,1,2,2,4,2,4,2,3,1,1,2,2,2,1,4,1,3,1,4,3,3,3,4,4,2,1,4,4,2,3,4,4,1,1,1,4,1,3,4,2,4,2,2,4,4,2,3,1,4,2,2,1,1,2,4,2,2,1,1,4,4,1,1,3,4,1,4,1,2,4,3,2,3,3,1,1,2,1,4,2,1,2,1,3,3,4,4,4,2,3,4,1,1,1,4,2,1,4,4,1,1,3,3,3,3,2,2,1,1,4,2,2,2,2,3,1,1,4,2,4,2,1,1,2,2,4,1,3,4,3,3,1,4,3,2,4,3,3,4,1,3,1,1,2,1,4,4,2,3,3,1,3,1,2,3,4,3,2,1,1,4,2,1,3,1,2,2,2,2,2,3,2,4,4,2,4,3,1,1,2,1,3,1,1,1,1,1,1,3,1,1,1,3,3,3,2,4,2,2,1,2,4,3,4,1,3,3,3,3,2,1,2,3,1,3,3,1,1,1,2,4,2,1,4,3,2,1,2,1,3,1,1,3,2,1,3,2,2,2,3,4,1,1,4,2,2,2,3,1,3,4,4,2,4,2,1,2,3,4,3,3,1,3,2,2,2,2,3,3,3,4,1,3,4,1,4,1,1,2,4,3,1,1,2,3,1,1,4,1,3,1,1,1,2,2,4,1,2,1,4,4,4,3,2,2,4,4,3,4,4,3"
41,0.9877030496613249,0.43137254901960786,2253.0,"2,1,2,4,1,1,1,2,2,1,3,4,2,1,1,1,1,4,3,4,4,2,1,4,3,4,4,1,2,2,1,4,4,2,1,4,2,4,1,4,4,3,1,3,4,3,3,1,2,2,1,2,3,2,1,2,1,4,3,3,1,2,4,2,3,4,1,1,2,1,2,2,2,1,1,2,2,1,2,3,2,4,3,1,1,3,1,1,1,1,1,1,3,4,2,1,2,3,2,1,1,3,2,4,3,4,2,1,2,4,2,2,2,2,4,3,1,2,4,1,3,1,4,2,1,4,2,4,1,2,4,2,2,1,3,3,3,4,4,2,2,4,3,1,2,2,3,3,2,3,3,3,4,4,1,4,1,1,1,3,4,2,2,1,2,4,4,4,3,4,2,4,3,2,1,4,3,4,2,2,2,3,4,4,3,3,3,2,3,2,1,2,2,3,2,2,4,2,3,2,2,4,1,4,2,4,3,1,3,2,4,2,4,2,3,1,3,1,2,1,1,1,4,2,4,1,2,2,2,3,1,1,2,3,1,4,3,4,1,1,1,1,2,2,2,1,2,3,4,1,3,1,4,2,3,3,1,4,4,4,4,2,2,4,2,2,4,2,2,4,4,1,1,3,4,3,1,2,3,1,1,4,3,1,1,4,1,2,3,4,4,2,3,2,2,2,2,1,1,1,4,2,2,3,4,4,3,1,1,1,4,1,2,3,1,1,2,3,2,4,1,3,3,3,4,2,1,2,3,1,3,3,1,1,1,3,4,3,2,3,1,2,3,3,4,2,2,4,3,4,2,4,1,1,4,3,2,4,3,3,2,1,3,2,2,3,3,2,1,3,3,2,3,4,2,4,4,3,2,4,2,2,1,1,1,3,2,4,2,1,1,2,1,2,2,2,2,1,3,4,2,2,2,1,4,2,3,4,2,1,3,4,4,4,3,2,4,2,2,2,4,3,1,1,1,1,3,1,1,3,4,3,1,1,2,1,2,2,4,1,1,2,4,4,1,2,3,2,1,1,2,3,2,4,1,1,1,4,3,1,2,3,1,2,3,4,2,2,3,1,2,3,1,1,2,4,2,3,1,4,3,1,4,1,3,1,2,1,1,1,1,4,4,3,1,1,2,4,1,1,2,1,1,2,2,2,2,3,3,3,1,3,1,3,2,3,1,1,2,2,4,4,1,2,4,1,1,2,1,2,1,4,4,2,3,3,1,4,2,3,2,2,3,3,1,1,3,2,2,3,4,1,2,2,1,2,1,1,1,2,4,3,2,3,3,4,4,2,4,3,3,1,3,3,1,4,3,4,1,1,1,4,4,2,1,4,2,2,1,1,4,1,3,2,2,2,3,4,1,1,2,2,1,4,4,3,4,3,3,2,1,3,4,1,2,3,3,3,4,2,3,2,1,1,3,1,1,3,2,2,2,1,1,1,4,2,2,4,1,3,4,1,3,3,4,1,1,3,3,1,1,4,2,2,1,3,1,3,3,4,3,4,2,3,1,2,2,1,2,2,1,2,2,4,1,2,1,3,4,3,1,1,3,3,1,4,1,3,1,1,1,2,3,3,2,2,1,2,3,3,4,1,4,3,4,2,1,2,4,3,3,1,1,1,2,1,2,3,4,4,2,4,2,2,3,2,3,3,2,2,2,3,2,3,4,2,1,3,3,1,3,2,1,3,1,1,3,2,3,4,3,2,4,3,1,4,2,4,1,1,2,2,2,2,2,1,1,1,1,3,1,4,1,4,2,3,1,2,2,4,1,3,2,3,1,3,2,2,2,2,4,2,4,3,1,4,1,3,3,3,3,2,1,2,4,4,2,2,1,3,4,1,3,4,1,2,2,3,3,2,2,3,3,3,4,3,2,2,2,1,3,1,3,1,3,4,1,3,3,2,2,3,1,2,2,1,1,3,3,1,2,2,1,1,2,1,3,1,1,2,1,2,3,4,3,1,4,3,2,4,4,3,2,3,2,1,1,2,1,3,2,4,4,3,3,3,3,4,1,1,3,2,2,2,1,1,1,4,2,3,1,2,2,3,1,1,1,3,1,3,2,2,1,2,1,1,2,1,1,4,1,2,4,4,2,1,2,2,4,2,4,4,4,4,1,3,2,1,1,1,2,3,1,2,3,1,3,4,3,3,4,3,1,2,1,3,3,3,1,4,4,4,1,1,1,1,1,4,2,4,2,3,4,4,1,1,1,1,3,4,3,1,1,3,1,1,2,1,2,3,4,2,4,1,1,1,2,4,3,1,2,3,1,1,2,2,1,4,1,2,2,2,4,3,4,2,4,1,4,1,4,1,4,3,1,1,4,4,1,4,2,4,3,1,3,3,2,2,3,1,3,4,1,1,4,1,2,1,1,1,1,3,3,3,2,4,4,2,1,2,1,1,2,1,3,3,3,3,2,3,1,2,2,3,4,4,3,3,1,1,3,3,4,3,4,3,1,4,4,4,3,2,4,1,3,4,3,2,2,3,3,3,4,3,1,2,4,4,2,2,1,1,1,4,1,1,1,3,3,4,2,1,3,3,4,2,1,3,4,4,3,4,2,4,2,2,3,2,2,1,2,3,2,3,2,2,1,3,2,3,4,1,3,4,1,3,3,2,2,3,3,1,4,1,1,3,1,3,4,1,4,1,4,2,1,2,1,1,1,3,1,1,3,1,3,3,1,2,2,1,1,4,1,2,4,4,3,2,1,1,4,1,4,3,4,1,4,1,1,1,2,3,4,1,1,2,3,2,1,3,3,1,4,3,3,3,4,2,1,2,2,4,2,1,1,4,3,1,4,4,2,4,3,2,1,1,1,2,1,1,3,3,3,3,1,1,4,2,1,2,1,1,3,3,3,3,1,3,3,2,2,4,2,2,2,2,1,4,3,3,3,3,1,3,4,1,1,2,4,2,1,3,2,3,4,1,3,1,2,3,4,1,2,2,2,1,2,4,4,1,2,2,2,2,4,3,3,2,1,4,2,2,3,2,3,2,3,2,1,1,1,4,4,1,1,2,1,3,4,2,2,4,1,1,3,3,1,1,2,2,1,4,2,4,2,3,2,4,4,1,4,3,1,2,2,1,1,3,2,1,2,2,4,2,4,2,3,1,1,2,2,2,1,4,1,3,1,4,3,3,3,4,4,2,1,4,4,2,3,4,4,1,1,1,4,1,3,4,2,4,2,2,4,4,2,3,1,4,2,2,1,1,2,4,2,2,1,1,4,4,1,1,3,4,1,4,1,2,4,3,2,3,3,1,1,2,1,4,2,1,2,1,3,3,4,4,4,2,3,4,1,1,1,4,2,1,4,4,1,1,3,3,3,3,2,2,1,1,4,2,2,2,2,3,1,1,4,2,4,2,1,1,2,2,4,1,3,4,3,3,1,4,3,2,4,3,3,4,1,3,1,1,2,1,4,4,2,3,3,1,3,1,2,3,4,3,2,1,1,4,2,1,3,1,2,2,2,2,2,3,2,4,4,2,4,3,1,1,2,1,3,1,1,1,1,1,1,3,1,1,1,3,3,3,2,4,2,2,1,2,4,3,4,1,3,3,3,3,2,1,2,3,1,3,3,1,1,1,2,4,2,1,4,3,2,1,2,1,3,1,1,3,2,1,3,2,2,2,3,4,1,1,4,2,2,2,3,1,3,4,4,2,4,2,1,2,3,4,3,3,1,3,2,2,2,2,3,3,3,4,1,3,4,1,4,1,1,2,4,3,1,1,2,3,1,1,4,1,3,1,1,1,2,2,4,1,2,1,4,4,4,3,2,2,4,4,3,4,4,3"
42,0.9877030496613249,0.43137254901960786,2253.0,"2,1,2,4,1,1,1,2,2,1,3,4,2,1,1,1,1,4,3,4,4,2,1,4,3,4,4,1,2,2,1,4,4,2,1,4,2,4,1,4,4,3,1,3,4,3,3,1,2,2,1,2,3,2,1,2,1,4,3,3,1,2,4,2,3,4,1,1,2,1,2,2,2,1,1,2,2,1,2,3,2,4,3,1,1,3,1,1,1,1,1,1,3,4,2,1,2,3,2,1,1,3,2,4,3,4,2,1,2,4,2,2,2,2,4,3,1,2,4,1,3,1,4,2,1,4,2,4,1,2,4,2,2,1,3,3,3,4,4,2,2,4,3,1,2,2,3,3,2,3,3,3,4,4,1,4,1,1,1,3,4,2,2,1,2,4,4,4,3,4,2,4,3,2,1,4,3,4,2,2,2,3,4,4,3,3,3,2,3,2,1,2,2,3,2,2,4,2,3,2,2,4,1,4,2,4,3,1,3,2,4,2,4,2,3,1,3,1,2,1,1,1,4,2,4,1,2,2,2,3,1,1,2,3,1,4,3,4,1,1,1,1,2,2,2,1,2,3,4,1,3,1,4,2,3,3,1,4,4,4,4,2,2,4,2,2,4,2,2,4,4,1,1,3,4,3,1,2,3,1,1,4,3,1,1,4,1,2,3,4,4,2,3,2,2,2,2,1,1,1,4,2,2,3,4,4,3,1,1,1,4,1,2,3,1,1,2,3,2,4,1,3,3,3,4,2,1,2,3,1,3,3,1,1,1,3,4,3,2,3,1,2,3,3,4,2,2,4,3,4,2,4,1,1,4,3,2,4,3,3,2,1,3,2,2,3,3,2,1,3,3,2,3,4,2,4,4,3,2,4,2,2,1,1,1,3,2,4,2,1,1,2,1,2,2,2,2,1,3,4,2,2,2,1,4,2,3,4,2,1,3,4,4,4,3,2,4,2,2,2,4,3,1,1,1,1,3,1,1,3,4,3,1,1,2,1,2,2,4,1,1,2,4,4,1,2,3,2,1,1,2,3,2,4,1,1,1,4,3,1,2,3,1,2,3,4,2,2,3,1,2,3,1,1,2,4,2,3,1,4,3,1,4,1,3,1,2,1,1,1,1,4,4,3,1,1,2,4,1,1,2,1,1,2,2,2,2,3,3,3,1,3,1,3,2,3,1,1,2,2,4,4,1,2,4,1,1,2,1,2,1,4,4,2,3,3,1,4,2,3,2,2,3,3,1,1,3,2,2,3,4,1,2,2,1,2,1,1,1,2,4,3,2,3,3,4,4,2,4,3,3,1,3,3,1,4,3,4,1,1,1,4,4,2,1,4,2,2,1,1,4,1,3,2,2,2,3,4,1,1,2,2,1,4,4,3,4,3,3,2,1,3,4,1,2,3,3,3,4,2,3,2,1,1,3,1,1,3,2,2,2,1,1,1,4,2,2,4,1,3,4,1,3,3,4,1,1,3,3,1,1,4,2,2,1,3,1,3,3,4,3,4,2,3,1,2,2,1,2,2,1,2,2,4,1,2,1,3,4,3,1,1,3,3,1,4,1,3,1,1,1,2,3,3,2,2,1,2,3,3,4,1,4,3,4,2,1,2,4,3,3,1,1,1,2,1,2,3,4,4,2,4,2,2,3,2,3,3,2,2,2,3,2,3,4,2,1,3,3,1,3,2,1,3,1,1,3,2,3,4,3,2,4,3,1,4,2,4,1,1,2,2,2,2,2,1,1,1,1,3,1,4,1,4,2,3,1,2,2,4,1,3,2,3,1,3,2,2,2,2,4,2,4,3,1,4,1,3,3,3,3,2,1,2,4,4,2,2,1,3,4,1,3,4,1,2,2,3,3,2,2,3,3,3,4,3,2,2,2,1,3,1,3,1,3,4,1,3,3,2,2,3,1,2,2,1,1,3,3,1,2,2,1,1,2,1,3,1,1,2,1,2,3,4,3,1,4,3,2,4,4,3,2,3,2,1,1,2,1,3,2,4,4,3,3,3,3,4,1,1,3,2,2,2,1,1,1,4,2,3,1,2,2,3,1,1,1,3,1,3,2,2,1,2,1,1,2,1,1,4,1,2,4,4,2,1,2,2,4,2,4,4,4,4,1,3,2,1,1,1,2,3,1,2,3,1,3,4,3,3,4,3,1,2,1,3,3,3,1,4,4,4,1,1,1,1,1,4,2,4,2,3,4,4,1,1,1,1,3,4,3,1,1,3,1,1,2,1,2,3,4,2,4,1,1,1,2,4,3,1,2,3,1,1,2,2,1,4,1,2,2,2,4,3,4,2,4,1,4,1,4,1,4,3,1,1,4,4,1,4,2,4,3,1,3,3,2,2,3,1,3,4,1,1,4,1,2,1,1,1,1,3,3,3,2,4,4,2,1,2,1,1,2,1,3,3,3,3,2,3,1,2,2,3,4,4,3,3,1,1,3,3,4,3,4,3,1,4,4,4,3,2,4,1,3,4,3,2,2,3,3,3,4,3,1,2,4,4,2,2,1,1,1,4,1,1,1,3,3,4,2,1,3,3,4,2,1,3,4,4,3,4,2,4,2,2,3,2,2,1,2,3,2,3,2,2,1,3,2,3,4,1,3,4,1,3,3,2,2,3,3,1,4,1,1,3,1,3,4,1,4,1,4,2,1,2,1,1,1,3,1,1,3,1,3,3,1,2,2,1,1,4,1,2,4,4,3,2,1,1,4,1,4,3,4,1,4,1,1,1,2,3,4,1,1,2,3,2,1,3,3,1,4,3,3,3,4,2,1,2,2,4,2,1,1,4,3,1,4,4,2,4,3,2,1,1,1,2,1,1,3,3,3,3,1,1,4,2,1,2,1,1,3,3,3,3,1,3,3,2,2,4,2,2,2,2,1,4,3,3,3,3,1,3,4,1,1,2,4,2,1,3,2,3,4,1,3,1,2,3,4,1,2,2,2,1,2,4,4,1,2,2,2,2,4,3,3,2,1,4,2,2,3,2,3,2,3,2,1,1,1,4,4,1,1,2,1,3,4,2,2,4,1,1,3,3,1,1,2,2,1,4,2,4,2,3,2,4,4,1,4,3,1,2,2,1,1,3,2,1,2,2,4,2,4,2,3,1,1,2,2,2,1,4,1,3,1,4,3,3,3,4,4,2,1,4,4,2,3,4,4,1,1,1,4,1,3,4,2,4,2,2,4,4,2,3,1,4,2,2,1,1,2,4,2,2,1,1,4,4,1,1,3,4,1,4,1,2,4,3,2,3,3,1,1,2,1,4,2,1,2,1,3,3,4,4,4,2,3,4,1,1,1,4,2,1,4,4,1,1,3,3,3,3,2,2,1,1,4,2,2,2,2,3,1,1,4,2,4,2,1,1,2,2,4,1,3,4,3,3,1,4,3,2,4,3,3,4,1,3,1,1,2,1,4,4,2,3,3,1,3,1,2,3,4,3,2,1,1,4,2,1,3,1,2,2,2,2,2,3,2,4,4,2,4,3,1,1,2,1,3,1,1,1,1,1,1,3,1,1,1,3,3,3,2,4,2,2,1,2,4,3,4,1,3,3,3,3,2,1,2,3,1,3,3,1,1,1,2,4,2,1,4,3,2,1,2,1,3,1,1,3,2,1,3,2,2,2,3,4,1,1,4,2,2,2,3,1,3,4,4,2,4,2,1,2,3,4,3,3,1,3,2,2,2,2,3,3,3,4,1,3,4,1,4,1,1,2,4,3,1,1,2,3,1,1,4,1,3,1,1,1,2,2,4,1,2,1,4,4,4,3,2,2,4,4,3,4,4,3"
43,0.9877030496613249,0.43137254901960786,2253.0,"2,1,2,4,1,1,1,2,2,1,3,4,2,1,1,1,1,4,3,4,4,2,1,4,3,4,4,1,2,2,1,4,4,2,1,4,2,4,1,4,4,3,1,3,4,3,3,1,2,2,1,2,3,2,1,2,1,4,3,3,1,2,4,2,3,4,1,1,2,1,2,2,2,1,1,2,2,1,2,3,2,4,3,1,1,3,1,1,1,1,1,1,3,4,2,1,2,3,2,1,1,3,2,4,3,4,2,1,2,4,2,2,2,2,4,3,1,2,4,1,3,1,4,2,1,4,2,4,1,2,4,2,2,1,3,3,3,4,4,2,2,4,3,1,2,2,3,3,2,3,3,3,4,4,1,4,1,1,1,3,4,2,2,1,2,4,4,4,3,4,2,4,3,2,1,4,3,4,2,2,2,3,4,4,3,3,3,2,3,2,1,2,2,3,2,2,4,2,3,2,2,4,1,4,2,4,3,1,3,2,4,2,4,2,3,1,3,1,2,1,1,1,4,2,4,1,2,2,2,3,1,1,2,3,1,4,3,4,1,1,1,1,2,2,2,1,2,3,4,1,3,1,4,2,3,3,1,4,4,4,4,2,2,4,2,2,4,2,2,4,4,1,1,3,4,3,1,2,3,1,1,4,3,1,1,4,1,2,3,4,4,2,3,2,2,2,2,1,1,1,4,2,2,3,4,4,3,1,1,1,4,1,2,3,1,1,2,3,2,4,1,3,3,3,4,2,1,2,3,1,3,3,1,1,1,3,4,3,2,3,1,2,3,3,4,2,2,4,3,4,2,4,1,1,4,3,2,4,3,3,2,1,3,2,2,3,3,2,1,3,3,2,3,4,2,4,4,3,2,4,2,2,1,1,1,3,2,4,2,1,1,2,1,2,2,2,2,1,3,4,2,2,2,1,4,2,3,4,2,1,3,4,4,4,3,2,4,2,2,2,4,3,1,1,1,1,3,1,1,3,4,3,1,1,2,1,2,2,4,1,1,2,4,4,1,2,3,2,1,1,2,3,2,4,1,1,1,4,3,1,2,3,1,2,3,4,2,2,3,1,2,3,1,1,2,4,2,3,1,4,3,1,4,1,3,1,2,1,1,1,1,4,4,3,1,1,2,4,1,1,2,1,1,2,2,2,2,3,3,3,1,3,1,3,2,3,1,1,2,2,4,4,1,2,4,1,1,2,1,2,1,4,4,2,3,3,1,4,2,3,2,2,3,3,1,1,3,2,2,3,4,1,2,2,1,2,1,1,1,2,4,3,2,3,3,4,4,2,4,3,3,1,3,3,1,4,3,4,1,1,1,4,4,2,1,4,2,2,1,1,4,1,3,2,2,2,3,4,1,1,2,2,1,4,4,3,4,3,3,2,1,3,4,1,2,3,3,3,4,2,3,2,1,1,3,1,1,3,2,2,2,1,1,1,4,2,2,4,1,3,4,1,3,3,4,1,1,3,3,1,1,4,2,2,1,3,1,3,3,4,3,4,2,3,1,2,2,1,2,2,1,2,2,4,1,2,1,3,4,3,1,1,3,3,1,4,1,3,1,1,1,2,3,3,2,2,1,2,3,3,4,1,4,3,4,2,1,2,4,3,3,1,1,1,2,1,2,3,4,4,2,4,2,2,3,2,3,3,2,2,2,3,2,3,4,2,1,3,3,1,3,2,1,3,1,1,3,2,3,4,3,2,4,3,1,4,2,4,1,1,2,2,2,2,2,1,1,1,1,3,1,4,1,4,2,3,1,2,2,4,1,3,2,3,1,3,2,2,2,2,4,2,4,3,1,4,1,3,3,3,3,2,1,2,4,4,2,2,1,3,4,1,3,4,1,2,2,3,3,2,2,3,3,3,4,3,2,2,2,1,3,1,3,1,3,4,1,3,3,2,2,3,1,2,2,1,1,3,3,1,2,2,1,1,2,1,3,1,1,2,1,2,3,4,3,1,4,3,2,4,4,3,2,3,2,1,1,2,1,3,2,4,4,3,3,3,3,4,1,1,3,2,2,2,1,1,1,4,2,3,1,2,2,3,1,1,1,3,1,3,2,2,1,2,1,1,2,1,1,4,1,2,4,4,2,1,2,2,4,2,4,4,4,4,1,3,2,1,1,1,2,3,1,2,3,1,3,4,3,3,4,3,1,2,1,3,3,3,1,4,4,4,1,1,1,1,1,4,2,4,2,3,4,4,1,1,1,1,3,4,3,1,1,3,1,1,2,1,2,3,4,2,4,1,1,1,2,4,3,1,2,3,1,1,2,2,1,4,1,2,2,2,4,3,4,2,4,1,4,1,4,1,4,3,1,1,4,4,1,4,2,4,3,1,3,3,2,2,3,1,3,4,1,1,4,1,2,1,1,1,1,3,3,3,2,4,4,2,1,2,1,1,2,1,3,3,3,3,2,3,1,2,2,3,4,4,3,3,1,1,3,3,4,3,4,3,1,4,4,4,3,2,4,1,3,4,3,2,2,3,3,3,4,3,1,2,4,4,2,2,1,1,1,4,1,1,1,3,3,4,2,1,3,3,4,2,1,3,4,4,3,4,2,4,2,2,3,2,2,1,2,3,2,3,2,2,1,3,2,3,4,1,3,4,1,3,3,2,2,3,3,1,4,1,1,3,1,3,4,1,4,1,4,2,1,2,1,1,1,3,1,1,3,1,3,3,1,2,2,1,1,4,1,2,4,4,3,2,1,1,4,1,4,3,4,1,4,1,1,1,2,3,4,1,1,2,3,2,1,3,3,1,4,3,3,3,4,2,1,2,2,4,2,1,1,4,3,1,4,4,2,4,3,2,1,1,1,2,1,1,3,3,3,3,1,1,4,2,1,2,1,1,3,3,3,3,1,3,3,2,2,4,2,2,2,2,1,4,3,3,3,3,1,3,4,1,1,2,4,2,1,3,2,3,4,1,3,1,2,3,4,1,2,2,2,1,2,4,4,1,2,2,2,2,4,3,3,2,1,4,2,2,3,2,3,2,3,2,1,1,1,4,4,1,1,2,1,3,4,2,2,4,1,1,3,3,1,1,2,2,1,4,2,4,2,3,2,4,4,1,4,3,1,2,2,1,1,3,2,1,2,2,4,2,4,2,3,1,1,2,2,2,1,4,1,3,1,4,3,3,3,4,4,2,1,4,4,2,3,4,4,1,1,1,4,1,3,4,2,4,2,2,4,4,2,3,1,4,2,2,1,1,2,4,2,2,1,1,4,4,1,1,3,4,1,4,1,2,4,3,2,3,3,1,1,2,1,4,2,1,2,1,3,3,4,4,4,2,3,4,1,1,1,4,2,1,4,4,1,1,3,3,3,3,2,2,1,1,4,2,2,2,2,3,1,1,4,2,4,2,1,1,2,2,4,1,3,4,3,3,1,4,3,2,4,3,3,4,1,3,1,1,2,1,4,4,2,3,3,1,3,1,2,3,4,3,2,1,1,4,2,1,3,1,2,2,2,2,2,3,2,4,4,2,4,3,1,1,2,1,3,1,1,1,1,1,1,3,1,1,1,3,3,3,2,4,2,2,1,2,4,3,4,1,3,3,3,3,2,1,2,3,1,3,3,1,1,1,2,4,2,1,4,3,2,1,2,1,3,1,1,3,2,1,3,2,2,2,3,4,1,1,4,2,2,2,3,1,3,4,4,2,4,2,1,2,3,4,3,3,1,3,2,2,2,2,3,3,3,4,1,3,4,1,4,1,1,2,4,3,1,1,2,3,1,1,4,1,3,1,1,1,2,2,4,1,2,1,4,4,4,3,2,2,4,4,3,4,4,3"
44,0.9877030496613249,0.43137254901960786,2253.0,"2,1,2,4,1,1,1,2,2,1,3,4,2,1,1,1,1,4,3,4,4,2,1,4,3,4,4,1,2,2,1,4,4,2,1,4,2,4,1,4,4,3,1,3,4,3,3,1,2,2,1,2,3,2,1,2,1,4,3,3,1,2,4,2,3,4,1,1,2,1,2,2,2,1,1,2,2,1,2,3,2,4,3,1,1,3,1,1,1,1,1,1,3,4,2,1,2,3,2,1,1,3,2,4,3,4,2,1,2,4,2,2,2,2,4,3,1,2,4,1,3,1,4,2,1,4,2,4,1,2,4,2,2,1,3,3,3,4,4,2,2,4,3,1,2,2,3,3,2,3,3,3,4,4,1,4,1,1,1,3,4,2,2,1,2,4,4,4,3,4,2,4,3,2,1,4,3,4,2,2,2,3,4,4,3,3,3,2,3,2,1,2,2,3,2,2,4,2,3,2,2,4,1,4,2,4,3,1,3,2,4,2,4,2,3,1,3,1,2,1,1,1,4,2,4,1,2,2,2,3,1,1,2,3,1,4,3,4,1,1,1,1,2,2,2,1,2,3,4,1,3,1,4,2,3,3,1,4,4,4,4,2,2,4,2,2,4,2,2,4,4,1,1,3,4,3,1,2,3,1,1,4,3,1,1,4,1,2,3,4,4,2,3,2,2,2,2,1,1,1,4,2,2,3,4,4,3,1,1,1,4,1,2,3,1,1,2,3,2,4,1,3,3,3,4,2,1,2,3,1,3,3,1,1,1,3,4,3,2,3,1,2,3,3,4,2,2,4,3,4,2,4,1,1,4,3,2,4,3,3,2,1,3,2,2,3,3,2,1,3,3,2,3,4,2,4,4,3,2,4,2,2,1,1,1,3,2,4,2,1,1,2,1,2,2,2,2,1,3,4,2,2,2,1,4,2,3,4,2,1,3,4,4,4,3,2,4,2,2,2,4,3,1,1,1,1,3,1,1,3,4,3,1,1,2,1,2,2,4,1,1,2,4,4,1,2,3,2,1,1,2,3,2,4,1,1,1,4,3,1,2,3,1,2,3,4,2,2,3,1,2,3,1,1,2,4,2,3,1,4,3,1,4,1,3,1,2,1,1,1,1,4,4,3,1,1,2,4,1,1,2,1,1,2,2,2,2,3,3,3,1,3,1,3,2,3,1,1,2,2,4,4,1,2,4,1,1,2,1,2,1,4,4,2,3,3,1,4,2,3,2,2,3,3,1,1,3,2,2,3,4,1,2,2,1,2,1,1,1,2,4,3,2,3,3,4,4,2,4,3,3,1,3,3,1,4,3,4,1,1,1,4,4,2,1,4,2,2,1,1,4,1,3,2,2,2,3,4,1,1,2,2,1,4,4,3,4,3,3,2,1,3,4,1,2,3,3,3,4,2,3,2,1,1,3,1,1,3,2,2,2,1,1,1,4,2,2,4,1,3,4,1,3,3,4,1,1,3,3,1,1,4,2,2,1,3,1,3,3,4,3,4,2,3,1,2,2,1,2,2,1,2,2,4,1,2,1,3,4,3,1,1,3,3,1,4,1,3,1,1,1,2,3,3,2,2,1,2,3,3,4,1,4,3,4,2,1,2,4,3,3,1,1,1,2,1,2,3,4,4,2,4,2,2,3,2,3,3,2,2,2,3,2,3,4,2,1,3,3,1,3,2,1,3,1,1,3,2,3,4,3,2,4,3,1,4,2,4,1,1,2,2,2,2,2,1,1,1,1,3,1,4,1,4,2,3,1,2,2,4,1,3,2,3,1,3,2,2,2,2,4,2,4,3,1,4,1,3,3,3,3,2,1,2,4,4,2,2,1,3,4,1,3,4,1,2,2,3,3,2,2,3,3,3,4,3,2,2,2,1,3,1,3,1,3,4,1,3,3,2,2,3,1,2,2,1,1,3,3,1,2,2,1,1,2,1,3,1,1,2,1,2,3,4,3,1,4,3,2,4,4,3,2,3,2,1,1,2,1,3,2,4,4,3,3,3,3,4,1,1,3,2,2,2,1,1,1,4,2,3,1,2,2,3,1,1,1,3,1,3,2,2,1,2,1,1,2,1,1,4,1,2,4,4,2,1,2,2,4,2,4,4,4,4,1,3,2,1,1,1,2,3,1,2,3,1,3,4,3,3,4,3,1,2,1,3,3,3,1,4,4,4,1,1,1,1,1,4,2,4,2,3,4,4,1,1,1,1,3,4,3,1,1,3,1,1,2,1,2,3,4,2,4,1,1,1,2,4,3,1,2,3,1,1,2,2,1,4,1,2,2,2,4,3,4,2,4,1,4,1,4,1,4,3,1,1,4,4,1,4,2,4,3,1,3,3,2,2,3,1,3,4,1,1,4,1,2,1,1,1,1,3,3,3,2,4,4,2,1,2,1,1,2,1,3,3,3,3,2,3,1,2,2,3,4,4,3,3,1,1,3,3,4,3,4,3,1,4,4,4,3,2,4,1,3,4,3,2,2,3,3,3,4,3,1,2,4,4,2,2,1,1,1,4,1,1,1,3,3,4,2,1,3,3,4,2,1,3,4,4,3,4,2,4,2,2,3,2,2,1,2,3,2,3,2,2,1,3,2,3,4,1,3,4,1,3,3,2,2,3,3,1,4,1,1,3,1,3,4,1,4,1,4,2,1,2,1,1,1,3,1,1,3,1,3,3,1,2,2,1,1,4,1,2,4,4,3,2,1,1,4,1,4,3,4,1,4,1,1,1,2,3,4,1,1,2,3,2,1,3,3,1,4,3,3,3,4,2,1,2,2,4,2,1,1,4,3,1,4,4,2,4,3,2,1,1,1,2,1,1,3,3,3,3,1,1,4,2,1,2,1,1,3,3,3,3,1,3,3,2,2,4,2,2,2,2,1,4,3,3,3,3,1,3,4,1,1,2,4,2,1,3,2,3,4,1,3,1,2,3,4,1,2,2,2,1,2,4,4,1,2,2,2,2,4,3,3,2,1,4,2,2,3,2,3,2,3,2,1,1,1,4,4,1,1,2,1,3,4,2,2,4,1,1,3,3,1,1,2,2,1,4,2,4,2,3,2,4,4,1,4,3,1,2,2,1,1,3,2,1,2,2,4,2,4,2,3,1,1,2,2,2,1,4,1,3,1,4,3,3,3,4,4,2,1,4,4,2,3,4,4,1,1,1,4,1,3,4,2,4,2,2,4,4,2,3,1,4,2,2,1,1,2,4,2,2,1,1,4,4,1,1,3,4,1,4,1,2,4,3,2,3,3,1,1,2,1,4,2,1,2,1,3,3,4,4,4,2,3,4,1,1,1,4,2,1,4,4,1,1,3,3,3,3,2,2,1,1,4,2,2,2,2,3,1,1,4,2,4,2,1,1,2,2,4,1,3,4,3,3,1,4,3,2,4,3,3,4,1,3,1,1,2,1,4,4,2,3,3,1,3,1,2,3,4,3,2,1,1,4,2,1,3,1,2,2,2,2,2,3,2,4,4,2,4,3,1,1,2,1,3,1,1,1,1,1,1,3,1,1,1,3,3,3,2,4,2,2,1,2,4,3,4,1,3,3,3,3,2,1,2,3,1,3,3,1,1,1,2,4,2,1,4,3,2,1,2,1,3,1,1,3,2,1,3,2,2,2,3,4,1,1,4,2,2,2,3,1,3,4,4,2,4,2,1,2,3,4,3,3,1,3,2,2,2,2,3,3,3,4,1,3,4,1,4,1,1,2,4,3,1,1,2,3,1,1,4,1,3,1,1,1,2,2,4,1,2,1,4,4,4,3,2,2,4,4,3,4,4,3"
45,0.9877030496613249,0.43137254901960786,2253.0,"2,1,2,4,1,1,1,2,2,1,3,4,2,1,1,1,1,4,3,4,4,2,1,4,3,4,4,1,2,2,1,4,4,2,1,4,2,4,1,4,4,3,1,3,4,3,3,1,2,2,1,2,3,2,1,2,1,4,3,3,1,2,4,2,3,4,1,1,2,1,2,2,2,1,1,2,2,1,2,3,2,4,3,1,1,3,1,1,1,1,1,1,3,4,2,1,2,3,2,1,1,3,2,4,3,4,2,1,2,4,2,2,2,2,4,3,1,2,4,1,3,1,4,2,1,4,2,4,1,2,4,2,2,1,3,3,3,4,4,2,2,4,3,1,2,2,3,3,2,3,3,3,4,4,1,4,1,1,1,3,4,2,2,1,2,4,4,4,3,4,2,4,3,2,1,4,3,4,2,2,2,3,4,4,3,3,3,2,3,2,1,2,2,3,2,2,4,2,3,2,2,4,1,4,2,4,3,1,3,2,4,2,4,2,3,1,3,1,2,1,1,1,4,2,4,1,2,2,2,3,1,1,2,3,1,4,3,4,1,1,1,1,2,2,2,1,2,3,4,1,3,1,4,2,3,3,1,4,4,4,4,2,2,4,2,2,4,2,2,4,4,1,1,3,4,3,1,2,3,1,1,4,3,1,1,4,1,2,3,4,4,2,3,2,2,2,2,1,1,1,4,2,2,3,4,4,3,1,1,1,4,1,2,3,1,1,2,3,2,4,1,3,3,3,4,2,1,2,3,1,3,3,1,1,1,3,4,3,2,3,1,2,3,3,4,2,2,4,3,4,2,4,1,1,4,3,2,4,3,3,2,1,3,2,2,3,3,2,1,3,3,2,3,4,2,4,4,3,2,4,2,2,1,1,1,3,2,4,2,1,1,2,1,2,2,2,2,1,3,4,2,2,2,1,4,2,3,4,2,1,3,4,4,4,3,2,4,2,2,2,4,3,1,1,1,1,3,1,1,3,4,3,1,1,2,1,2,2,4,1,1,2,4,4,1,2,3,2,1,1,2,3,2,4,1,1,1,4,3,1,2,3,1,2,3,4,2,2,3,1,2,3,1,1,2,4,2,3,1,4,3,1,4,1,3,1,2,1,1,1,1,4,4,3,1,1,2,4,1,1,2,1,1,2,2,2,2,3,3,3,1,3,1,3,2,3,1,1,2,2,4,4,1,2,4,1,1,2,1,2,1,4,4,2,3,3,1,4,2,3,2,2,3,3,1,1,3,2,2,3,4,1,2,2,1,2,1,1,1,2,4,3,2,3,3,4,4,2,4,3,3,1,3,3,1,4,3,4,1,1,1,4,4,2,1,4,2,2,1,1,4,1,3,2,2,2,3,4,1,1,2,2,1,4,4,3,4,3,3,2,1,3,4,1,2,3,3,3,4,2,3,2,1,1,3,1,1,3,2,2,2,1,1,1,4,2,2,4,1,3,4,1,3,3,4,1,1,3,3,1,1,4,2,2,1,3,1,3,3,4,3,4,2,3,1,2,2,1,2,2,1,2,2,4,1,2,1,3,4,3,1,1,3,3,1,4,1,3,1,1,1,2,3,3,2,2,1,2,3,3,4,1,4,3,4,2,1,2,4,3,3,1,1,1,2,1,2,3,4,4,2,4,2,2,3,2,3,3,2,2,2,3,2,3,4,2,1,3,3,1,3,2,1,3,1,1,3,2,3,4,3,2,4,3,1,4,2,4,1,1,2,2,2,2,2,1,1,1,1,3,1,4,1,4,2,3,1,2,2,4,1,3,2,3,1,3,2,2,2,2,4,2,4,3,1,4,1,3,3,3,3,2,1,2,4,4,2,2,1,3,4,1,3,4,1,2,2,3,3,2,2,3,3,3,4,3,2,2,2,1,3,1,3,1,3,4,1,3,3,2,2,3,1,2,2,1,1,3,3,1,2,2,1,1,2,1,3,1,1,2,1,2,3,4,3,1,4,3,2,4,4,3,2,3,2,1,1,2,1,3,2,4,4,3,3,3,3,4,1,1,3,2,2,2,1,1,1,4,2,3,1,2,2,3,1,1,1,3,1,3,2,2,1,2,1,1,2,1,1,4,1,2,4,4,2,1,2,2,4,2,4,4,4,4,1,3,2,1,1,1,2,3,1,2,3,1,3,4,3,3,4,3,1,2,1,3,3,3,1,4,4,4,1,1,1,1,1,4,2,4,2,3,4,4,1,1,1,1,3,4,3,1,1,3,1,1,2,1,2,3,4,2,4,1,1,1,2,4,3,1,2,3,1,1,2,2,1,4,1,2,2,2,4,3,4,2,4,1,4,1,4,1,4,3,1,1,4,4,1,4,2,4,3,1,3,3,2,2,3,1,3,4,1,1,4,1,2,1,1,1,1,3,3,3,2,4,4,2,1,2,1,1,2,1,3,3,3,3,2,3,1,2,2,3,4,4,3,3,1,1,3,3,4,3,4,3,1,4,4,4,3,2,4,1,3,4,3,2,2,3,3,3,4,3,1,2,4,4,2,2,1,1,1,4,1,1,1,3,3,4,2,1,3,3,4,2,1,3,4,4,3,4,2,4,2,2,3,2,2,1,2,3,2,3,2,2,1,3,2,3,4,1,3,4,1,3,3,2,2,3,3,1,4,1,1,3,1,3,4,1,4,1,4,2,1,2,1,1,1,3,1,1,3,1,3,3,1,2,2,1,1,4,1,2,4,4,3,2,1,1,4,1,4,3,4,1,4,1,1,1,2,3,4,1,1,2,3,2,1,3,3,1,4,3,3,3,4,2,1,2,2,4,2,1,1,4,3,1,4,4,2,4,3,2,1,1,1,2,1,1,3,3,3,3,1,1,4,2,1,2,1,1,3,3,3,3,1,3,3,2,2,4,2,2,2,2,1,4,3,3,3,3,1,3,4,1,1,2,4,2,1,3,2,3,4,1,3,1,2,3,4,1,2,2,2,1,2,4,4,1,2,2,2,2,4,3,3,2,1,4,2,2,3,2,3,2,3,2,1,1,1,4,4,1,1,2,1,3,4,2,2,4,1,1,3,3,1,1,2,2,1,4,2,4,2,3,2,4,4,1,4,3,1,2,2,1,1,3,2,1,2,2,4,2,4,2,3,1,1,2,2,2,1,4,1,3,1,4,3,3,3,4,4,2,1,4,4,2,3,4,4,1,1,1,4,1,3,4,2,4,2,2,4,4,2,3,1,4,2,2,1,1,2,4,2,2,1,1,4,4,1,1,3,4,1,4,1,2,4,3,2,3,3,1,1,2,1,4,2,1,2,1,3,3,4,4,4,2,3,4,1,1,1,4,2,1,4,4,1,1,3,3,3,3,2,2,1,1,4,2,2,2,2,3,1,1,4,2,4,2,1,1,2,2,4,1,3,4,3,3,1,4,3,2,4,3,3,4,1,3,1,1,2,1,4,4,2,3,3,1,3,1,2,3,4,3,2,1,1,4,2,1,3,1,2,2,2,2,2,3,2,4,4,2,4,3,1,1,2,1,3,1,1,1,1,1,1,3,1,1,1,3,3,3,2,4,2,2,1,2,4,3,4,1,3,3,3,3,2,1,2,3,1,3,3,1,1,1,2,4,2,1,4,3,2,1,2,1,3,1,1,3,2,1,3,2,2,2,3,4,1,1,4,2,2,2,3,1,3,4,4,2,4,2,1,2,3,4,3,3,1,3,2,2,2,2,3,3,3,4,1,3,4,1,4,1,1,2,4,3,1,1,2,3,1,1,4,1,3,1,1,1,2,2,4,1,2,1,4,4,4,3,2,2,4,4,3,4,4,3"
46,0.9877030496613249,0.43137254901960786,2253.0,"2,1,2,4,1,1,1,2,2,1,3,4,2,1,1,1,1,4,3,4,4,2,1,4,3,4,4,1,2,2,1,4,4,2,1,4,2,4,1,4,4,3,1,3,4,3,3,1,2,2,1,2,3,2,1,2,1,4,3,3,1,2,4,2,3,4,1,1,2,1,2,2,2,1,1,2,2,1,2,3,2,4,3,1,1,3,1,1,1,1,1,1,3,4,2,1,2,3,2,1,1,3,2,4,3,4,2,1,2,4,2,2,2,2,4,3,1,2,4,1,3,1,4,2,1,4,2,4,1,2,4,2,2,1,3,3,3,4,4,2,2,4,3,1,2,2,3,3,2,3,3,3,4,4,1,4,1,1,1,3,4,2,2,1,2,4,4,4,3,4,2,4,3,2,1,4,3,4,2,2,2,3,4,4,3,3,3,2,3,2,1,2,2,3,2,2,4,2,3,2,2,4,1,4,2,4,3,1,3,2,4,2,4,2,3,1,3,1,2,1,1,1,4,2,4,1,2,2,2,3,1,1,2,3,1,4,3,4,1,1,1,1,2,2,2,1,2,3,4,1,3,1,4,2,3,3,1,4,4,4,4,2,2,4,2,2,4,2,2,4,4,1,1,3,4,3,1,2,3,1,1,4,3,1,1,4,1,2,3,4,4,2,3,2,2,2,2,1,1,1,4,2,2,3,4,4,3,1,1,1,4,1,2,3,1,1,2,3,2,4,1,3,3,3,4,2,1,2,3,1,3,3,1,1,1,3,4,3,2,3,1,2,3,3,4,2,2,4,3,4,2,4,1,1,4,3,2,4,3,3,2,1,3,2,2,3,3,2,1,3,3,2,3,4,2,4,4,3,2,4,2,2,1,1,1,3,2,4,2,1,1,2,1,2,2,2,2,1,3,4,2,2,2,1,4,2,3,4,2,1,3,4,4,4,3,2,4,2,2,2,4,3,1,1,1,1,3,1,1,3,4,3,1,1,2,1,2,2,4,1,1,2,4,4,1,2,3,2,1,1,2,3,2,4,1,1,1,4,3,1,2,3,1,2,3,4,2,2,3,1,2,3,1,1,2,4,2,3,1,4,3,1,4,1,3,1,2,1,1,1,1,4,4,3,1,1,2,4,1,1,2,1,1,2,2,2,2,3,3,3,1,3,1,3,2,3,1,1,2,2,4,4,1,2,4,1,1,2,1,2,1,4,4,2,3,3,1,4,2,3,2,2,3,3,1,1,3,2,2,3,4,1,2,2,1,2,1,1,1,2,4,3,2,3,3,4,4,2,4,3,3,1,3,3,1,4,3,4,1,1,1,4,4,2,1,4,2,2,1,1,4,1,3,2,2,2,3,4,1,1,2,2,1,4,4,3,4,3,3,2,1,3,4,1,2,3,3,3,4,2,3,2,1,1,3,1,1,3,2,2,2,1,1,1,4,2,2,4,1,3,4,1,3,3,4,1,1,3,3,1,1,4,2,2,1,3,1,3,3,4,3,4,2,3,1,2,2,1,2,2,1,2,2,4,1,2,1,3,4,3,1,1,3,3,1,4,1,3,1,1,1,2,3,3,2,2,1,2,3,3,4,1,4,3,4,2,1,2,4,3,3,1,1,1,2,1,2,3,4,4,2,4,2,2,3,2,3,3,2,2,2,3,2,3,4,2,1,3,3,1,3,2,1,3,1,1,3,2,3,4,3,2,4,3,1,4,2,4,1,1,2,2,2,2,2,1,1,1,1,3,1,4,1,4,2,3,1,2,2,4,1,3,2,3,1,3,2,2,2,2,4,2,4,3,1,4,1,3,3,3,3,2,1,2,4,4,2,2,1,3,4,1,3,4,1,2,2,3,3,2,2,3,3,3,4,3,2,2,2,1,3,1,3,1,3,4,1,3,3,2,2,3,1,2,2,1,1,3,3,1,2,2,1,1,2,1,3,1,1,2,1,2,3,4,3,1,4,3,2,4,4,3,2,3,2,1,1,2,1,3,2,4,4,3,3,3,3,4,1,1,3,2,2,2,1,1,1,4,2,3,1,2,2,3,1,1,1,3,1,3,2,2,1,2,1,1,2,1,1,4,1,2,4,4,2,1,2,2,4,2,4,4,4,4,1,3,2,1,1,1,2,3,1,2,3,1,3,4,3,3,4,3,1,2,1,3,3,3,1,4,4,4,1,1,1,1,1,4,2,4,2,3,4,4,1,1,1,1,3,4,3,1,1,3,1,1,2,1,2,3,4,2,4,1,1,1,2,4,3,1,2,3,1,1,2,2,1,4,1,2,2,2,4,3,4,2,4,1,4,1,4,1,4,3,1,1,4,4,1,4,2,4,3,1,3,3,2,2,3,1,3,4,1,1,4,1,2,1,1,1,1,3,3,3,2,4,4,2,1,2,1,1,2,1,3,3,3,3,2,3,1,2,2,3,4,4,3,3,1,1,3,3,4,3,4,3,1,4,4,4,3,2,4,1,3,4,3,2,2,3,3,3,4,3,1,2,4,4,2,2,1,1,1,4,1,1,1,3,3,4,2,1,3,3,4,2,1,3,4,4,3,4,2,4,2,2,3,2,2,1,2,3,2,3,2,2,1,3,2,3,4,1,3,4,1,3,3,2,2,3,3,1,4,1,1,3,1,3,4,1,4,1,4,2,1,2,1,1,1,3,1,1,3,1,3,3,1,2,2,1,1,4,1,2,4,4,3,2,1,1,4,1,4,3,4,1,4,1,1,1,2,3,4,1,1,2,3,2,1,3,3,1,4,3,3,3,4,2,1,2,2,4,2,1,1,4,3,1,4,4,2,4,3,2,1,1,1,2,1,1,3,3,3,3,1,1,4,2,1,2,1,1,3,3,3,3,1,3,3,2,2,4,2,2,2,2,1,4,3,3,3,3,1,3,4,1,1,2,4,2,1,3,2,3,4,1,3,1,2,3,4,1,2,2,2,1,2,4,4,1,2,2,2,2,4,3,3,2,1,4,2,2,3,2,3,2,3,2,1,1,1,4,4,1,1,2,1,3,4,2,2,4,1,1,3,3,1,1,2,2,1,4,2,4,2,3,2,4,4,1,4,3,1,2,2,1,1,3,2,1,2,2,4,2,4,2,3,1,1,2,2,2,1,4,1,3,1,4,3,3,3,4,4,2,1,4,4,2,3,4,4,1,1,1,4,1,3,4,2,4,2,2,4,4,2,3,1,4,2,2,1,1,2,4,2,2,1,1,4,4,1,1,3,4,1,4,1,2,4,3,2,3,3,1,1,2,1,4,2,1,2,1,3,3,4,4,4,2,3,4,1,1,1,4,2,1,4,4,1,1,3,3,3,3,2,2,1,1,4,2,2,2,2,3,1,1,4,2,4,2,1,1,2,2,4,1,3,4,3,3,1,4,3,2,4,3,3,4,1,3,1,1,2,1,4,4,2,3,3,1,3,1,2,3,4,3,2,1,1,4,2,1,3,1,2,2,2,2,2,3,2,4,4,2,4,3,1,1,2,1,3,1,1,1,1,1,1,3,1,1,1,3,3,3,2,4,2,2,1,2,4,3,4,1,3,3,3,3,2,1,2,3,1,3,3,1,1,1,2,4,2,1,4,3,2,1,2,1,3,1,1,3,2,1,3,2,2,2,3,4,1,1,4,2,2,2,3,1,3,4,4,2,4,2,1,2,3,4,3,3,1,3,2,2,2,2,3,3,3,4,1,3,4,1,4,1,1,2,4,3,1,1,2,3,1,1,4,1,3,1,1,1,2,2,4,1,2,1,4,4,4,3,2,2,4,4,3,4,4,3"
47,0.9877030496613249,0.43137254901960786,2253.0,"2,1,2,4,1,1,1,2,2,1,3,4,2,1,1,1,1,4,3,4,4,2,1,4,3,4,4,1,2,2,1,4,4,2,1,4,2,4,1,4,4,3,1,3,4,3,3,1,2,2,1,2,3,2,1,2,1,4,3,3,1,2,4,2,3,4,1,1,2,1,2,2,2,1,1,2,2,1,2,3,2,4,3,1,1,3,1,1,1,1,1,1,3,4,2,1,2,3,2,1,1,3,2,4,3,4,2,1,2,4,2,2,2,2,4,3,1,2,4,1,3,1,4,2,1,4,2,4,1,2,4,2,2,1,3,3,3,4,4,2,2,4,3,1,2,2,3,3,2,3,3,3,4,4,1,4,1,1,1,3,4,2,2,1,2,4,4,4,3,4,2,4,3,2,1,4,3,4,2,2,2,3,4,4,3,3,3,2,3,2,1,2,2,3,2,2,4,2,3,2,2,4,1,4,2,4,3,1,3,2,4,2,4,2,3,1,3,1,2,1,1,1,4,2,4,1,2,2,2,3,1,1,2,3,1,4,3,4,1,1,1,1,2,2,2,1,2,3,4,1,3,1,4,2,3,3,1,4,4,4,4,2,2,4,2,2,4,2,2,4,4,1,1,3,4,3,1,2,3,1,1,4,3,1,1,4,1,2,3,4,4,2,3,2,2,2,2,1,1,1,4,2,2,3,4,4,3,1,1,1,4,1,2,3,1,1,2,3,2,4,1,3,3,3,4,2,1,2,3,1,3,3,1,1,1,3,4,3,2,3,1,2,3,3,4,2,2,4,3,4,2,4,1,1,4,3,2,4,3,3,2,1,3,2,2,3,3,2,1,3,3,2,3,4,2,4,4,3,2,4,2,2,1,1,1,3,2,4,2,1,1,2,1,2,2,2,2,1,3,4,2,2,2,1,4,2,3,4,2,1,3,4,4,4,3,2,4,2,2,2,4,3,1,1,1,1,3,1,1,3,4,3,1,1,2,1,2,2,4,1,1,2,4,4,1,2,3,2,1,1,2,3,2,4,1,1,1,4,3,1,2,3,1,2,3,4,2,2,3,1,2,3,1,1,2,4,2,3,1,4,3,1,4,1,3,1,2,1,1,1,1,4,4,3,1,1,2,4,1,1,2,1,1,2,2,2,2,3,3,3,1,3,1,3,2,3,1,1,2,2,4,4,1,2,4,1,1,2,1,2,1,4,4,2,3,3,1,4,2,3,2,2,3,3,1,1,3,2,2,3,4,1,2,2,1,2,1,1,1,2,4,3,2,3,3,4,4,2,4,3,3,1,3,3,1,4,3,4,1,1,1,4,4,2,1,4,2,2,1,1,4,1,3,2,2,2,3,4,1,1,2,2,1,4,4,3,4,3,3,2,1,3,4,1,2,3,3,3,4,2,3,2,1,1,3,1,1,3,2,2,2,1,1,1,4,2,2,4,1,3,4,1,3,3,4,1,1,3,3,1,1,4,2,2,1,3,1,3,3,4,3,4,2,3,1,2,2,1,2,2,1,2,2,4,1,2,1,3,4,3,1,1,3,3,1,4,1,3,1,1,1,2,3,3,2,2,1,2,3,3,4,1,4,3,4,2,1,2,4,3,3,1,1,1,2,1,2,3,4,4,2,4,2,2,3,2,3,3,2,2,2,3,2,3,4,2,1,3,3,1,3,2,1,3,1,1,3,2,3,4,3,2,4,3,1,4,2,4,1,1,2,2,2,2,2,1,1,1,1,3,1,4,1,4,2,3,1,2,2,4,1,3,2,3,1,3,2,2,2,2,4,2,4,3,1,4,1,3,3,3,3,2,1,2,4,4,2,2,1,3,4,1,3,4,1,2,2,3,3,2,2,3,3,3,4,3,2,2,2,1,3,1,3,1,3,4,1,3,3,2,2,3,1,2,2,1,1,3,3,1,2,2,1,1,2,1,3,1,1,2,1,2,3,4,3,1,4,3,2,4,4,3,2,3,2,1,1,2,1,3,2,4,4,3,3,3,3,4,1,1,3,2,2,2,1,1,1,4,2,3,1,2,2,3,1,1,1,3,1,3,2,2,1,2,1,1,2,1,1,4,1,2,4,4,2,1,2,2,4,2,4,4,4,4,1,3,2,1,1,1,2,3,1,2,3,1,3,4,3,3,4,3,1,2,1,3,3,3,1,4,4,4,1,1,1,1,1,4,2,4,2,3,4,4,1,1,1,1,3,4,3,1,1,3,1,1,2,1,2,3,4,2,4,1,1,1,2,4,3,1,2,3,1,1,2,2,1,4,1,2,2,2,4,3,4,2,4,1,4,1,4,1,4,3,1,1,4,4,1,4,2,4,3,1,3,3,2,2,3,1,3,4,1,1,4,1,2,1,1,1,1,3,3,3,2,4,4,2,1,2,1,1,2,1,3,3,3,3,2,3,1,2,2,3,4,4,3,3,1,1,3,3,4,3,4,3,1,4,4,4,3,2,4,1,3,4,3,2,2,3,3,3,4,3,1,2,4,4,2,2,1,1,1,4,1,1,1,3,3,4,2,1,3,3,4,2,1,3,4,4,3,4,2,4,2,2,3,2,2,1,2,3,2,3,2,2,1,3,2,3,4,1,3,4,1,3,3,2,2,3,3,1,4,1,1,3,1,3,4,1,4,1,4,2,1,2,1,1,1,3,1,1,3,1,3,3,1,2,2,1,1,4,1,2,4,4,3,2,1,1,4,1,4,3,4,1,4,1,1,1,2,3,4,1,1,2,3,2,1,3,3,1,4,3,3,3,4,2,1,2,2,4,2,1,1,4,3,1,4,4,2,4,3,2,1,1,1,2,1,1,3,3,3,3,1,1,4,2,1,2,1,1,3,3,3,3,1,3,3,2,2,4,2,2,2,2,1,4,3,3,3,3,1,3,4,1,1,2,4,2,1,3,2,3,4,1,3,1,2,3,4,1,2,2,2,1,2,4,4,1,2,2,2,2,4,3,3,2,1,4,2,2,3,2,3,2,3,2,1,1,1,4,4,1,1,2,1,3,4,2,2,4,1,1,3,3,1,1,2,2,1,4,2,4,2,3,2,4,4,1,4,3,1,2,2,1,1,3,2,1,2,2,4,2,4,2,3,1,1,2,2,2,1,4,1,3,1,4,3,3,3,4,4,2,1,4,4,2,3,4,4,1,1,1,4,1,3,4,2,4,2,2,4,4,2,3,1,4,2,2,1,1,2,4,2,2,1,1,4,4,1,1,3,4,1,4,1,2,4,3,2,3,3,1,1,2,1,4,2,1,2,1,3,3,4,4,4,2,3,4,1,1,1,4,2,1,4,4,1,1,3,3,3,3,2,2,1,1,4,2,2,2,2,3,1,1,4,2,4,2,1,1,2,2,4,1,3,4,3,3,1,4,3,2,4,3,3,4,1,3,1,1,2,1,4,4,2,3,3,1,3,1,2,3,4,3,2,1,1,4,2,1,3,1,2,2,2,2,2,3,2,4,4,2,4,3,1,1,2,1,3,1,1,1,1,1,1,3,1,1,1,3,3,3,2,4,2,2,1,2,4,3,4,1,3,3,3,3,2,1,2,3,1,3,3,1,1,1,2,4,2,1,4,3,2,1,2,1,3,1,1,3,2,1,3,2,2,2,3,4,1,1,4,2,2,2,3,1,3,4,4,2,4,2,1,2,3,4,3,3,1,3,2,2,2,2,3,3,3,4,1,3,4,1,4,1,1,2,4,3,1,1,2,3,1,1,4,1,3,1,1,1,2,2,4,1,2,1,4,4,4,3,2,2,4,4,3,4,4,3"
48,0.9877030496613249,0.43137254901960786,2253.0,"2,1,2,4,1,1,1,2,2,1,3,4,2,1,1,1,1,4,3,4,4,2,1,4,3,4,4,1,2,2,1,4,4,2,1,4,2,4,1,4,4,3,1,3,4,3,3,1,2,2,1,2,3,2,1,2,1,4,3,3,1,2,4,2,3,4,1,1,2,1,2,2,2,1,1,2,2,1,2,3,2,4,3,1,1,3,1,1,1,1,1,1,3,4,2,1,2,3,2,1,1,3,2,4,3,4,2,1,2,4,2,2,2,2,4,3,1,2,4,1,3,1,4,2,1,4,2,4,1,2,4,2,2,1,3,3,3,4,4,2,2,4,3,1,2,2,3,3,2,3,3,3,4,4,1,4,1,1,1,3,4,2,2,1,2,4,4,4,3,4,2,4,3,2,1,4,3,4,2,2,2,3,4,4,3,3,3,2,3,2,1,2,2,3,2,2,4,2,3,2,2,4,1,4,2,4,3,1,3,2,4,2,4,2,3,1,3,1,2,1,1,1,4,2,4,1,2,2,2,3,1,1,2,3,1,4,3,4,1,1,1,1,2,2,2,1,2,3,4,1,3,1,4,2,3,3,1,4,4,4,4,2,2,4,2,2,4,2,2,4,4,1,1,3,4,3,1,2,3,1,1,4,3,1,1,4,1,2,3,4,4,2,3,2,2,2,2,1,1,1,4,2,2,3,4,4,3,1,1,1,4,1,2,3,1,1,2,3,2,4,1,3,3,3,4,2,1,2,3,1,3,3,1,1,1,3,4,3,2,3,1,2,3,3,4,2,2,4,3,4,2,4,1,1,4,3,2,4,3,3,2,1,3,2,2,3,3,2,1,3,3,2,3,4,2,4,4,3,2,4,2,2,1,1,1,3,2,4,2,1,1,2,1,2,2,2,2,1,3,4,2,2,2,1,4,2,3,4,2,1,3,4,4,4,3,2,4,2,2,2,4,3,1,1,1,1,3,1,1,3,4,3,1,1,2,1,2,2,4,1,1,2,4,4,1,2,3,2,1,1,2,3,2,4,1,1,1,4,3,1,2,3,1,2,3,4,2,2,3,1,2,3,1,1,2,4,2,3,1,4,3,1,4,1,3,1,2,1,1,1,1,4,4,3,1,1,2,4,1,1,2,1,1,2,2,2,2,3,3,3,1,3,1,3,2,3,1,1,2,2,4,4,1,2,4,1,1,2,1,2,1,4,4,2,3,3,1,4,2,3,2,2,3,3,1,1,3,2,2,3,4,1,2,2,1,2,1,1,1,2,4,3,2,3,3,4,4,2,4,3,3,1,3,3,1,4,3,4,1,1,1,4,4,2,1,4,2,2,1,1,4,1,3,2,2,2,3,4,1,1,2,2,1,4,4,3,4,3,3,2,1,3,4,1,2,3,3,3,4,2,3,2,1,1,3,1,1,3,2,2,2,1,1,1,4,2,2,4,1,3,4,1,3,3,4,1,1,3,3,1,1,4,2,2,1,3,1,3,3,4,3,4,2,3,1,2,2,1,2,2,1,2,2,4,1,2,1,3,4,3,1,1,3,3,1,4,1,3,1,1,1,2,3,3,2,2,1,2,3,3,4,1,4,3,4,2,1,2,4,3,3,1,1,1,2,1,2,3,4,4,2,4,2,2,3,2,3,3,2,2,2,3,2,3,4,2,1,3,3,1,3,2,1,3,1,1,3,2,3,4,3,2,4,3,1,4,2,4,1,1,2,2,2,2,2,1,1,1,1,3,1,4,1,4,2,3,1,2,2,4,1,3,2,3,1,3,2,2,2,2,4,2,4,3,1,4,1,3,3,3,3,2,1,2,4,4,2,2,1,3,4,1,3,4,1,2,2,3,3,2,2,3,3,3,4,3,2,2,2,1,3,1,3,1,3,4,1,3,3,2,2,3,1,2,2,1,1,3,3,1,2,2,1,1,2,1,3,1,1,2,1,2,3,4,3,1,4,3,2,4,4,3,2,3,2,1,1,2,1,3,2,4,4,3,3,3,3,4,1,1,3,2,2,2,1,1,1,4,2,3,1,2,2,3,1,1,1,3,1,3,2,2,1,2,1,1,2,1,1,4,1,2,4,4,2,1,2,2,4,2,4,4,4,4,1,3,2,1,1,1,2,3,1,2,3,1,3,4,3,3,4,3,1,2,1,3,3,3,1,4,4,4,1,1,1,1,1,4,2,4,2,3,4,4,1,1,1,1,3,4,3,1,1,3,1,1,2,1,2,3,4,2,4,1,1,1,2,4,3,1,2,3,1,1,2,2,1,4,1,2,2,2,4,3,4,2,4,1,4,1,4,1,4,3,1,1,4,4,1,4,2,4,3,1,3,3,2,2,3,1,3,4,1,1,4,1,2,1,1,1,1,3,3,3,2,4,4,2,1,2,1,1,2,1,3,3,3,3,2,3,1,2,2,3,4,4,3,3,1,1,3,3,4,3,4,3,1,4,4,4,3,2,4,1,3,4,3,2,2,3,3,3,4,3,1,2,4,4,2,2,1,1,1,4,1,1,1,3,3,4,2,1,3,3,4,2,1,3,4,4,3,4,2,4,2,2,3,2,2,1,2,3,2,3,2,2,1,3,2,3,4,1,3,4,1,3,3,2,2,3,3,1,4,1,1,3,1,3,4,1,4,1,4,2,1,2,1,1,1,3,1,1,3,1,3,3,1,2,2,1,1,4,1,2,4,4,3,2,1,1,4,1,4,3,4,1,4,1,1,1,2,3,4,1,1,2,3,2,1,3,3,1,4,3,3,3,4,2,1,2,2,4,2,1,1,4,3,1,4,4,2,4,3,2,1,1,1,2,1,1,3,3,3,3,1,1,4,2,1,2,1,1,3,3,3,3,1,3,3,2,2,4,2,2,2,2,1,4,3,3,3,3,1,3,4,1,1,2,4,2,1,3,2,3,4,1,3,1,2,3,4,1,2,2,2,1,2,4,4,1,2,2,2,2,4,3,3,2,1,4,2,2,3,2,3,2,3,2,1,1,1,4,4,1,1,2,1,3,4,2,2,4,1,1,3,3,1,1,2,2,1,4,2,4,2,3,2,4,4,1,4,3,1,2,2,1,1,3,2,1,2,2,4,2,4,2,3,1,1,2,2,2,1,4,1,3,1,4,3,3,3,4,4,2,1,4,4,2,3,4,4,1,1,1,4,1,3,4,2,4,2,2,4,4,2,3,1,4,2,2,1,1,2,4,2,2,1,1,4,4,1,1,3,4,1,4,1,2,4,3,2,3,3,1,1,2,1,4,2,1,2,1,3,3,4,4,4,2,3,4,1,1,1,4,2,1,4,4,1,1,3,3,3,3,2,2,1,1,4,2,2,2,2,3,1,1,4,2,4,2,1,1,2,2,4,1,3,4,3,3,1,4,3,2,4,3,3,4,1,3,1,1,2,1,4,4,2,3,3,1,3,1,2,3,4,3,2,1,1,4,2,1,3,1,2,2,2,2,2,3,2,4,4,2,4,3,1,1,2,1,3,1,1,1,1,1,1,3,1,1,1,3,3,3,2,4,2,2,1,2,4,3,4,1,3,3,3,3,2,1,2,3,1,3,3,1,1,1,2,4,2,1,4,3,2,1,2,1,3,1,1,3,2,1,3,2,2,2,3,4,1,1,4,2,2,2,3,1,3,4,4,2,4,2,1,2,3,4,3,3,1,3,2,2,2,2,3,3,3,4,1,3,4,1,4,1,1,2,4,3,1,1,2,3,1,1,4,1,3,1,1,1,2,2,4,1,2,1,4,4,4,3,2,2,4,4,3,4,4,3"
49,0.9877030496613249,0.43137254901960786,2253.0,"2,1,2,4,1,1,1,2,2,1,3,4,2,1,1,1,1,4,3,4,4,2,1,4,3,4,4,1,2,2,1,4,4,2,1,4,2,4,1,4,4,3,1,3,4,3,3,1,2,2,1,2,3,2,1,2,1,4,3,3,1,2,4,2,3,4,1,1,2,1,2,2,2,1,1,2,2,1,2,3,2,4,3,1,1,3,1,1,1,1,1,1,3,4,2,1,2,3,2,1,1,3,2,4,3,4,2,1,2,4,2,2,2,2,4,3,1,2,4,1,3,1,4,2,1,4,2,4,1,2,4,2,2,1,3,3,3,4,4,2,2,4,3,1,2,2,3,3,2,3,3,3,4,4,1,4,1,1,1,3,4,2,2,1,2,4,4,4,3,4,2,4,3,2,1,4,3,4,2,2,2,3,4,4,3,3,3,2,3,2,1,2,2,3,2,2,4,2,3,2,2,4,1,4,2,4,3,1,3,2,4,2,4,2,3,1,3,1,2,1,1,1,4,2,4,1,2,2,2,3,1,1,2,3,1,4,3,4,1,1,1,1,2,2,2,1,2,3,4,1,3,1,4,2,3,3,1,4,4,4,4,2,2,4,2,2,4,2,2,4,4,1,1,3,4,3,1,2,3,1,1,4,3,1,1,4,1,2,3,4,4,2,3,2,2,2,2,1,1,1,4,2,2,3,4,4,3,1,1,1,4,1,2,3,1,1,2,3,2,4,1,3,3,3,4,2,1,2,3,1,3,3,1,1,1,3,4,3,2,3,1,2,3,3,4,2,2,4,3,4,2,4,1,1,4,3,2,4,3,3,2,1,3,2,2,3,3,2,1,3,3,2,3,4,2,4,4,3,2,4,2,2,1,1,1,3,2,4,2,1,1,2,1,2,2,2,2,1,3,4,2,2,2,1,4,2,3,4,2,1,3,4,4,4,3,2,4,2,2,2,4,3,1,1,1,1,3,1,1,3,4,3,1,1,2,1,2,2,4,1,1,2,4,4,1,2,3,2,1,1,2,3,2,4,1,1,1,4,3,1,2,3,1,2,3,4,2,2,3,1,2,3,1,1,2,4,2,3,1,4,3,1,4,1,3,1,2,1,1,1,1,4,4,3,1,1,2,4,1,1,2,1,1,2,2,2,2,3,3,3,1,3,1,3,2,3,1,1,2,2,4,4,1,2,4,1,1,2,1,2,1,4,4,2,3,3,1,4,2,3,2,2,3,3,1,1,3,2,2,3,4,1,2,2,1,2,1,1,1,2,4,3,2,3,3,4,4,2,4,3,3,1,3,3,1,4,3,4,1,1,1,4,4,2,1,4,2,2,1,1,4,1,3,2,2,2,3,4,1,1,2,2,1,4,4,3,4,3,3,2,1,3,4,1,2,3,3,3,4,2,3,2,1,1,3,1,1,3,2,2,2,1,1,1,4,2,2,4,1,3,4,1,3,3,4,1,1,3,3,1,1,4,2,2,1,3,1,3,3,4,3,4,2,3,1,2,2,1,2,2,1,2,2,4,1,2,1,3,4,3,1,1,3,3,1,4,1,3,1,1,1,2,3,3,2,2,1,2,3,3,4,1,4,3,4,2,1,2,4,3,3,1,1,1,2,1,2,3,4,4,2,4,2,2,3,2,3,3,2,2,2,3,2,3,4,2,1,3,3,1,3,2,1,3,1,1,3,2,3,4,3,2,4,3,1,4,2,4,1,1,2,2,2,2,2,1,1,1,1,3,1,4,1,4,2,3,1,2,2,4,1,3,2,3,1,3,2,2,2,2,4,2,4,3,1,4,1,3,3,3,3,2,1,2,4,4,2,2,1,3,4,1,3,4,1,2,2,3,3,2,2,3,3,3,4,3,2,2,2,1,3,1,3,1,3,4,1,3,3,2,2,3,1,2,2,1,1,3,3,1,2,2,1,1,2,1,3,1,1,2,1,2,3,4,3,1,4,3,2,4,4,3,2,3,2,1,1,2,1,3,2,4,4,3,3,3,3,4,1,1,3,2,2,2,1,1,1,4,2,3,1,2,2,3,1,1,1,3,1,3,2,2,1,2,1,1,2,1,1,4,1,2,4,4,2,1,2,2,4,2,4,4,4,4,1,3,2,1,1,1,2,3,1,2,3,1,3,4,3,3,4,3,1,2,1,3,3,3,1,4,4,4,1,1,1,1,1,4,2,4,2,3,4,4,1,1,1,1,3,4,3,1,1,3,1,1,2,1,2,3,4,2,4,1,1,1,2,4,3,1,2,3,1,1,2,2,1,4,1,2,2,2,4,3,4,2,4,1,4,1,4,1,4,3,1,1,4,4,1,4,2,4,3,1,3,3,2,2,3,1,3,4,1,1,4,1,2,1,1,1,1,3,3,3,2,4,4,2,1,2,1,1,2,1,3,3,3,3,2,3,1,2,2,3,4,4,3,3,1,1,3,3,4,3,4,3,1,4,4,4,3,2,4,1,3,4,3,2,2,3,3,3,4,3,1,2,4,4,2,2,1,1,1,4,1,1,1,3,3,4,2,1,3,3,4,2,1,3,4,4,3,4,2,4,2,2,3,2,2,1,2,3,2,3,2,2,1,3,2,3,4,1,3,4,1,3,3,2,2,3,3,1,4,1,1,3,1,3,4,1,4,1,4,2,1,2,1,1,1,3,1,1,3,1,3,3,1,2,2,1,1,4,1,2,4,4,3,2,1,1,4,1,4,3,4,1,4,1,1,1,2,3,4,1,1,2,3,2,1,3,3,1,4,3,3,3,4,2,1,2,2,4,2,1,1,4,3,1,4,4,2,4,3,2,1,1,1,2,1,1,3,3,3,3,1,1,4,2,1,2,1,1,3,3,3,3,1,3,3,2,2,4,2,2,2,2,1,4,3,3,3,3,1,3,4,1,1,2,4,2,1,3,2,3,4,1,3,1,2,3,4,1,2,2,2,1,2,4,4,1,2,2,2,2,4,3,3,2,1,4,2,2,3,2,3,2,3,2,1,1,1,4,4,1,1,2,1,3,4,2,2,4,1,1,3,3,1,1,2,2,1,4,2,4,2,3,2,4,4,1,4,3,1,2,2,1,1,3,2,1,2,2,4,2,4,2,3,1,1,2,2,2,1,4,1,3,1,4,3,3,3,4,4,2,1,4,4,2,3,4,4,1,1,1,4,1,3,4,2,4,2,2,4,4,2,3,1,4,2,2,1,1,2,4,2,2,1,1,4,4,1,1,3,4,1,4,1,2,4,3,2,3,3,1,1,2,1,4,2,1,2,1,3,3,4,4,4,2,3,4,1,1,1,4,2,1,4,4,1,1,3,3,3,3,2,2,1,1,4,2,2,2,2,3,1,1,4,2,4,2,1,1,2,2,4,1,3,4,3,3,1,4,3,2,4,3,3,4,1,3,1,1,2,1,4,4,2,3,3,1,3,1,2,3,4,3,2,1,1,4,2,1,3,1,2,2,2,2,2,3,2,4,4,2,4,3,1,1,2,1,3,1,1,1,1,1,1,3,1,1,1,3,3,3,2,4,2,2,1,2,4,3,4,1,3,3,3,3,2,1,2,3,1,3,3,1,1,1,2,4,2,1,4,3,2,1,2,1,3,1,1,3,2,1,3,2,2,2,3,4,1,1,4,2,2,2,3,1,3,4,4,2,4,2,1,2,3,4,3,3,1,3,2,2,2,2,3,3,3,4,1,3,4,1,4,1,1,2,4,3,1,1,2,3,1,1,4,1,3,1,1,1,2,2,4,1,2,1,4,4,4,3,2,2,4,4,3,4,4,3"
50,0.9877030496613249,0.43137254901960786,2253.0,"2,1,2,4,1,1,1,2,2,1,3,4,2,1,1,1,1,4,3,4,4,2,1,4,3,4,4,1,2,2,1,4,4,2,1,4,2,4,1,4,4,3,1,3,4,3,3,1,2,2,1,2,3,2,1,2,1,4,3,3,1,2,4,2,3,4,1,1,2,1,2,2,2,1,1,2,2,1,2,3,2,4,3,1,1,3,1,1,1,1,1,1,3,4,2,1,2,3,2,1,1,3,2,4,3,4,2,1,2,4,2,2,2,2,4,3,1,2,4,1,3,1,4,2,1,4,2,4,1,2,4,2,2,1,3,3,3,4,4,2,2,4,3,1,2,2,3,3,2,3,3,3,4,4,1,4,1,1,1,3,4,2,2,1,2,4,4,4,3,4,2,4,3,2,1,4,3,4,2,2,2,3,4,4,3,3,3,2,3,2,1,2,2,3,2,2,4,2,3,2,2,4,1,4,2,4,3,1,3,2,4,2,4,2,3,1,3,1,2,1,1,1,4,2,4,1,2,2,2,3,1,1,2,3,1,4,3,4,1,1,1,1,2,2,2,1,2,3,4,1,3,1,4,2,3,3,1,4,4,4,4,2,2,4,2,2,4,2,2,4,4,1,1,3,4,3,1,2,3,1,1,4,3,1,1,4,1,2,3,4,4,2,3,2,2,2,2,1,1,1,4,2,2,3,4,4,3,1,1,1,4,1,2,3,1,1,2,3,2,4,1,3,3,3,4,2,1,2,3,1,3,3,1,1,1,3,4,3,2,3,1,2,3,3,4,2,2,4,3,4,2,4,1,1,4,3,2,4,3,3,2,1,3,2,2,3,3,2,1,3,3,2,3,4,2,4,4,3,2,4,2,2,1,1,1,3,2,4,2,1,1,2,1,2,2,2,2,1,3,4,2,2,2,1,4,2,3,4,2,1,3,4,4,4,3,2,4,2,2,2,4,3,1,1,1,1,3,1,1,3,4,3,1,1,2,1,2,2,4,1,1,2,4,4,1,2,3,2,1,1,2,3,2,4,1,1,1,4,3,1,2,3,1,2,3,4,2,2,3,1,2,3,1,1,2,4,2,3,1,4,3,1,4,1,3,1,2,1,1,1,1,4,4,3,1,1,2,4,1,1,2,1,1,2,2,2,2,3,3,3,1,3,1,3,2,3,1,1,2,2,4,4,1,2,4,1,1,2,1,2,1,4,4,2,3,3,1,4,2,3,2,2,3,3,1,1,3,2,2,3,4,1,2,2,1,2,1,1,1,2,4,3,2,3,3,4,4,2,4,3,3,1,3,3,1,4,3,4,1,1,1,4,4,2,1,4,2,2,1,1,4,1,3,2,2,2,3,4,1,1,2,2,1,4,4,3,4,3,3,2,1,3,4,1,2,3,3,3,4,2,3,2,1,1,3,1,1,3,2,2,2,1,1,1,4,2,2,4,1,3,4,1,3,3,4,1,1,3,3,1,1,4,2,2,1,3,1,3,3,4,3,4,2,3,1,2,2,1,2,2,1,2,2,4,1,2,1,3,4,3,1,1,3,3,1,4,1,3,1,1,1,2,3,3,2,2,1,2,3,3,4,1,4,3,4,2,1,2,4,3,3,1,1,1,2,1,2,3,4,4,2,4,2,2,3,2,3,3,2,2,2,3,2,3,4,2,1,3,3,1,3,2,1,3,1,1,3,2,3,4,3,2,4,3,1,4,2,4,1,1,2,2,2,2,2,1,1,1,1,3,1,4,1,4,2,3,1,2,2,4,1,3,2,3,1,3,2,2,2,2,4,2,4,3,1,4,1,3,3,3,3,2,1,2,4,4,2,2,1,3,4,1,3,4,1,2,2,3,3,2,2,3,3,3,4,3,2,2,2,1,3,1,3,1,3,4,1,3,3,2,2,3,1,2,2,1,1,3,3,1,2,2,1,1,2,1,3,1,1,2,1,2,3,4,3,1,4,3,2,4,4,3,2,3,2,1,1,2,1,3,2,4,4,3,3,3,3,4,1,1,3,2,2,2,1,1,1,4,2,3,1,2,2,3,1,1,1,3,1,3,2,2,1,2,1,1,2,1,1,4,1,2,4,4,2,1,2,2,4,2,4,4,4,4,1,3,2,1,1,1,2,3,1,2,3,1,3,4,3,3,4,3,1,2,1,3,3,3,1,4,4,4,1,1,1,1,1,4,2,4,2,3,4,4,1,1,1,1,3,4,3,1,1,3,1,1,2,1,2,3,4,2,4,1,1,1,2,4,3,1,2,3,1,1,2,2,1,4,1,2,2,2,4,3,4,2,4,1,4,1,4,1,4,3,1,1,4,4,1,4,2,4,3,1,3,3,2,2,3,1,3,4,1,1,4,1,2,1,1,1,1,3,3,3,2,4,4,2,1,2,1,1,2,1,3,3,3,3,2,3,1,2,2,3,4,4,3,3,1,1,3,3,4,3,4,3,1,4,4,4,3,2,4,1,3,4,3,2,2,3,3,3,4,3,1,2,4,4,2,2,1,1,1,4,1,1,1,3,3,4,2,1,3,3,4,2,1,3,4,4,3,4,2,4,2,2,3,2,2,1,2,3,2,3,2,2,1,3,2,3,4,1,3,4,1,3,3,2,2,3,3,1,4,1,1,3,1,3,4,1,4,1,4,2,1,2,1,1,1,3,1,1,3,1,3,3,1,2,2,1,1,4,1,2,4,4,3,2,1,1,4,1,4,3,4,1,4,1,1,1,2,3,4,1,1,2,3,2,1,3,3,1,4,3,3,3,4,2,1,2,2,4,2,1,1,4,3,1,4,4,2,4,3,2,1,1,1,2,1,1,3,3,3,3,1,1,4,2,1,2,1,1,3,3,3,3,1,3,3,2,2,4,2,2,2,2,1,4,3,3,3,3,1,3,4,1,1,2,4,2,1,3,2,3,4,1,3,1,2,3,4,1,2,2,2,1,2,4,4,1,2,2,2,2,4,3,3,2,1,4,2,2,3,2,3,2,3,2,1,1,1,4,4,1,1,2,1,3,4,2,2,4,1,1,3,3,1,1,2,2,1,4,2,4,2,3,2,4,4,1,4,3,1,2,2,1,1,3,2,1,2,2,4,2,4,2,3,1,1,2,2,2,1,4,1,3,1,4,3,3,3,4,4,2,1,4,4,2,3,4,4,1,1,1,4,1,3,4,2,4,2,2,4,4,2,3,1,4,2,2,1,1,2,4,2,2,1,1,4,4,1,1,3,4,1,4,1,2,4,3,2,3,3,1,1,2,1,4,2,1,2,1,3,3,4,4,4,2,3,4,1,1,1,4,2,1,4,4,1,1,3,3,3,3,2,2,1,1,4,2,2,2,2,3,1,1,4,2,4,2,1,1,2,2,4,1,3,4,3,3,1,4,3,2,4,3,3,4,1,3,1,1,2,1,4,4,2,3,3,1,3,1,2,3,4,3,2,1,1,4,2,1,3,1,2,2,2,2,2,3,2,4,4,2,4,3,1,1,2,1,3,1,1,1,1,1,1,3,1,1,1,3,3,3,2,4,2,2,1,2,4,3,4,1,3,3,3,3,2,1,2,3,1,3,3,1,1,1,2,4,2,1,4,3,2,1,2,1,3,1,1,3,2,1,3,2,2,2,3,4,1,1,4,2,2,2,3,1,3,4,4,2,4,2,1,2,3,4,3,3,1,3,2,2,2,2,3,3,3,4,1,3,4,1,4,1,1,2,4,3,1,1,2,3,1,1,4,1,3,1,1,1,2,2,4,1,2,1,4,4,4,3,2,2,4,4,3,4,4,3"
51,0.9877030496613249,0.43137254901960786,2253.0,"2,1,2,4,1,1,1,2,2,1,3,4,2,1,1,1,1,4,3,4,4,2,1,4,3,4,4,1,2,2,1,4,4,2,1,4,2,4,1,4,4,3,1,3,4,3,3,1,2,2,1,2,3,2,1,2,1,4,3,3,1,2,4,2,3,4,1,1,2,1,2,2,2,1,1,2,2,1,2,3,2,4,3,1,1,3,1,1,1,1,1,1,3,4,2,1,2,3,2,1,1,3,2,4,3,4,2,1,2,4,2,2,2,2,4,3,1,2,4,1,3,1,4,2,1,4,2,4,1,2,4,2,2,1,3,3,3,4,4,2,2,4,3,1,2,2,3,3,2,3,3,3,4,4,1,4,1,1,1,3,4,2,2,1,2,4,4,4,3,4,2,4,3,2,1,4,3,4,2,2,2,3,4,4,3,3,3,2,3,2,1,2,2,3,2,2,4,2,3,2,2,4,1,4,2,4,3,1,3,2,4,2,4,2,3,1,3,1,2,1,1,1,4,2,4,1,2,2,2,3,1,1,2,3,1,4,3,4,1,1,1,1,2,2,2,1,2,3,4,1,3,1,4,2,3,3,1,4,4,4,4,2,2,4,2,2,4,2,2,4,4,1,1,3,4,3,1,2,3,1,1,4,3,1,1,4,1,2,3,4,4,2,3,2,2,2,2,1,1,1,4,2,2,3,4,4,3,1,1,1,4,1,2,3,1,1,2,3,2,4,1,3,3,3,4,2,1,2,3,1,3,3,1,1,1,3,4,3,2,3,1,2,3,3,4,2,2,4,3,4,2,4,1,1,4,3,2,4,3,3,2,1,3,2,2,3,3,2,1,3,3,2,3,4,2,4,4,3,2,4,2,2,1,1,1,3,2,4,2,1,1,2,1,2,2,2,2,1,3,4,2,2,2,1,4,2,3,4,2,1,3,4,4,4,3,2,4,2,2,2,4,3,1,1,1,1,3,1,1,3,4,3,1,1,2,1,2,2,4,1,1,2,4,4,1,2,3,2,1,1,2,3,2,4,1,1,1,4,3,1,2,3,1,2,3,4,2,2,3,1,2,3,1,1,2,4,2,3,1,4,3,1,4,1,3,1,2,1,1,1,1,4,4,3,1,1,2,4,1,1,2,1,1,2,2,2,2,3,3,3,1,3,1,3,2,3,1,1,2,2,4,4,1,2,4,1,1,2,1,2,1,4,4,2,3,3,1,4,2,3,2,2,3,3,1,1,3,2,2,3,4,1,2,2,1,2,1,1,1,2,4,3,2,3,3,4,4,2,4,3,3,1,3,3,1,4,3,4,1,1,1,4,4,2,1,4,2,2,1,1,4,1,3,2,2,2,3,4,1,1,2,2,1,4,4,3,4,3,3,2,1,3,4,1,2,3,3,3,4,2,3,2,1,1,3,1,1,3,2,2,2,1,1,1,4,2,2,4,1,3,4,1,3,3,4,1,1,3,3,1,1,4,2,2,1,3,1,3,3,4,3,4,2,3,1,2,2,1,2,2,1,2,2,4,1,2,1,3,4,3,1,1,3,3,1,4,1,3,1,1,1,2,3,3,2,2,1,2,3,3,4,1,4,3,4,2,1,2,4,3,3,1,1,1,2,1,2,3,4,4,2,4,2,2,3,2,3,3,2,2,2,3,2,3,4,2,1,3,3,1,3,2,1,3,1,1,3,2,3,4,3,2,4,3,1,4,2,4,1,1,2,2,2,2,2,1,1,1,1,3,1,4,1,4,2,3,1,2,2,4,1,3,2,3,1,3,2,2,2,2,4,2,4,3,1,4,1,3,3,3,3,2,1,2,4,4,2,2,1,3,4,1,3,4,1,2,2,3,3,2,2,3,3,3,4,3,2,2,2,1,3,1,3,1,3,4,1,3,3,2,2,3,1,2,2,1,1,3,3,1,2,2,1,1,2,1,3,1,1,2,1,2,3,4,3,1,4,3,2,4,4,3,2,3,2,1,1,2,1,3,2,4,4,3,3,3,3,4,1,1,3,2,2,2,1,1,1,4,2,3,1,2,2,3,1,1,1,3,1,3,2,2,1,2,1,1,2,1,1,4,1,2,4,4,2,1,2,2,4,2,4,4,4,4,1,3,2,1,1,1,2,3,1,2,3,1,3,4,3,3,4,3,1,2,1,3,3,3,1,4,4,4,1,1,1,1,1,4,2,4,2,3,4,4,1,1,1,1,3,4,3,1,1,3,1,1,2,1,2,3,4,2,4,1,1,1,2,4,3,1,2,3,1,1,2,2,1,4,1,2,2,2,4,3,4,2,4,1,4,1,4,1,4,3,1,1,4,4,1,4,2,4,3,1,3,3,2,2,3,1,3,4,1,1,4,1,2,1,1,1,1,3,3,3,2,4,4,2,1,2,1,1,2,1,3,3,3,3,2,3,1,2,2,3,4,4,3,3,1,1,3,3,4,3,4,3,1,4,4,4,3,2,4,1,3,4,3,2,2,3,3,3,4,3,1,2,4,4,2,2,1,1,1,4,1,1,1,3,3,4,2,1,3,3,4,2,1,3,4,4,3,4,2,4,2,2,3,2,2,1,2,3,2,3,2,2,1,3,2,3,4,1,3,4,1,3,3,2,2,3,3,1,4,1,1,3,1,3,4,1,4,1,4,2,1,2,1,1,1,3,1,1,3,1,3,3,1,2,2,1,1,4,1,2,4,4,3,2,1,1,4,1,4,3,4,1,4,1,1,1,2,3,4,1,1,2,3,2,1,3,3,1,4,3,3,3,4,2,1,2,2,4,2,1,1,4,3,1,4,4,2,4,3,2,1,1,1,2,1,1,3,3,3,3,1,1,4,2,1,2,1,1,3,3,3,3,1,3,3,2,2,4,2,2,2,2,1,4,3,3,3,3,1,3,4,1,1,2,4,2,1,3,2,3,4,1,3,1,2,3,4,1,2,2,2,1,2,4,4,1,2,2,2,2,4,3,3,2,1,4,2,2,3,2,3,2,3,2,1,1,1,4,4,1,1,2,1,3,4,2,2,4,1,1,3,3,1,1,2,2,1,4,2,4,2,3,2,4,4,1,4,3,1,2,2,1,1,3,2,1,2,2,4,2,4,2,3,1,1,2,2,2,1,4,1,3,1,4,3,3,3,4,4,2,1,4,4,2,3,4,4,1,1,1,4,1,3,4,2,4,2,2,4,4,2,3,1,4,2,2,1,1,2,4,2,2,1,1,4,4,1,1,3,4,1,4,1,2,4,3,2,3,3,1,1,2,1,4,2,1,2,1,3,3,4,4,4,2,3,4,1,1,1,4,2,1,4,4,1,1,3,3,3,3,2,2,1,1,4,2,2,2,2,3,1,1,4,2,4,2,1,1,2,2,4,1,3,4,3,3,1,4,3,2,4,3,3,4,1,3,1,1,2,1,4,4,2,3,3,1,3,1,2,3,4,3,2,1,1,4,2,1,3,1,2,2,2,2,2,3,2,4,4,2,4,3,1,1,2,1,3,1,1,1,1,1,1,3,1,1,1,3,3,3,2,4,2,2,1,2,4,3,4,1,3,3,3,3,2,1,2,3,1,3,3,1,1,1,2,4,2,1,4,3,2,1,2,1,3,1,1,3,2,1,3,2,2,2,3,4,1,1,4,2,2,2,3,1,3,4,4,2,4,2,1,2,3,4,3,3,1,3,2,2,2,2,3,3,3,4,1,3,4,1,4,1,1,2,4,3,1,1,2,3,1,1,4,1,3,1,1,1,2,2,4,1,2,1,4,4,4,3,2,2,4,4,3,4,4,3"
52,0.9877030496613249,0.43137254901960786,2253.0,"2,1,2,4,1,1,1,2,2,1,3,4,2,1,1,1,1,4,3,4,4,2,1,4,3,4,4,1,2,2,1,4,4,2,1,4,2,4,1,4,4,3,1,3,4,3,3,1,2,2,1,2,3,2,1,2,1,4,3,3,1,2,4,2,3,4,1,1,2,1,2,2,2,1,1,2,2,1,2,3,2,4,3,1,1,3,1,1,1,1,1,1,3,4,2,1,2,3,2,1,1,3,2,4,3,4,2,1,2,4,2,2,2,2,4,3,1,2,4,1,3,1,4,2,1,4,2,4,1,2,4,2,2,1,3,3,3,4,4,2,2,4,3,1,2,2,3,3,2,3,3,3,4,4,1,4,1,1,1,3,4,2,2,1,2,4,4,4,3,4,2,4,3,2,1,4,3,4,2,2,2,3,4,4,3,3,3,2,3,2,1,2,2,3,2,2,4,2,3,2,2,4,1,4,2,4,3,1,3,2,4,2,4,2,3,1,3,1,2,1,1,1,4,2,4,1,2,2,2,3,1,1,2,3,1,4,3,4,1,1,1,1,2,2,2,1,2,3,4,1,3,1,4,2,3,3,1,4,4,4,4,2,2,4,2,2,4,2,2,4,4,1,1,3,4,3,1,2,3,1,1,4,3,1,1,4,1,2,3,4,4,2,3,2,2,2,2,1,1,1,4,2,2,3,4,4,3,1,1,1,4,1,2,3,1,1,2,3,2,4,1,3,3,3,4,2,1,2,3,1,3,3,1,1,1,3,4,3,2,3,1,2,3,3,4,2,2,4,3,4,2,4,1,1,4,3,2,4,3,3,2,1,3,2,2,3,3,2,1,3,3,2,3,4,2,4,4,3,2,4,2,2,1,1,1,3,2,4,2,1,1,2,1,2,2,2,2,1,3,4,2,2,2,1,4,2,3,4,2,1,3,4,4,4,3,2,4,2,2,2,4,3,1,1,1,1,3,1,1,3,4,3,1,1,2,1,2,2,4,1,1,2,4,4,1,2,3,2,1,1,2,3,2,4,1,1,1,4,3,1,2,3,1,2,3,4,2,2,3,1,2,3,1,1,2,4,2,3,1,4,3,1,4,1,3,1,2,1,1,1,1,4,4,3,1,1,2,4,1,1,2,1,1,2,2,2,2,3,3,3,1,3,1,3,2,3,1,1,2,2,4,4,1,2,4,1,1,2,1,2,1,4,4,2,3,3,1,4,2,3,2,2,3,3,1,1,3,2,2,3,4,1,2,2,1,2,1,1,1,2,4,3,2,3,3,4,4,2,4,3,3,1,3,3,1,4,3,4,1,1,1,4,4,2,1,4,2,2,1,1,4,1,3,2,2,2,3,4,1,1,2,2,1,4,4,3,4,3,3,2,1,3,4,1,2,3,3,3,4,2,3,2,1,1,3,1,1,3,2,2,2,1,1,1,4,2,2,4,1,3,4,1,3,3,4,1,1,3,3,1,1,4,2,2,1,3,1,3,3,4,3,4,2,3,1,2,2,1,2,2,1,2,2,4,1,2,1,3,4,3,1,1,3,3,1,4,1,3,1,1,1,2,3,3,2,2,1,2,3,3,4,1,4,3,4,2,1,2,4,3,3,1,1,1,2,1,2,3,4,4,2,4,2,2,3,2,3,3,2,2,2,3,2,3,4,2,1,3,3,1,3,2,1,3,1,1,3,2,3,4,3,2,4,3,1,4,2,4,1,1,2,2,2,2,2,1,1,1,1,3,1,4,1,4,2,3,1,2,2,4,1,3,2,3,1,3,2,2,2,2,4,2,4,3,1,4,1,3,3,3,3,2,1,2,4,4,2,2,1,3,4,1,3,4,1,2,2,3,3,2,2,3,3,3,4,3,2,2,2,1,3,1,3,1,3,4,1,3,3,2,2,3,1,2,2,1,1,3,3,1,2,2,1,1,2,1,3,1,1,2,1,2,3,4,3,1,4,3,2,4,4,3,2,3,2,1,1,2,1,3,2,4,4,3,3,3,3,4,1,1,3,2,2,2,1,1,1,4,2,3,1,2,2,3,1,1,1,3,1,3,2,2,1,2,1,1,2,1,1,4,1,2,4,4,2,1,2,2,4,2,4,4,4,4,1,3,2,1,1,1,2,3,1,2,3,1,3,4,3,3,4,3,1,2,1,3,3,3,1,4,4,4,1,1,1,1,1,4,2,4,2,3,4,4,1,1,1,1,3,4,3,1,1,3,1,1,2,1,2,3,4,2,4,1,1,1,2,4,3,1,2,3,1,1,2,2,1,4,1,2,2,2,4,3,4,2,4,1,4,1,4,1,4,3,1,1,4,4,1,4,2,4,3,1,3,3,2,2,3,1,3,4,1,1,4,1,2,1,1,1,1,3,3,3,2,4,4,2,1,2,1,1,2,1,3,3,3,3,2,3,1,2,2,3,4,4,3,3,1,1,3,3,4,3,4,3,1,4,4,4,3,2,4,1,3,4,3,2,2,3,3,3,4,3,1,2,4,4,2,2,1,1,1,4,1,1,1,3,3,4,2,1,3,3,4,2,1,3,4,4,3,4,2,4,2,2,3,2,2,1,2,3,2,3,2,2,1,3,2,3,4,1,3,4,1,3,3,2,2,3,3,1,4,1,1,3,1,3,4,1,4,1,4,2,1,2,1,1,1,3,1,1,3,1,3,3,1,2,2,1,1,4,1,2,4,4,3,2,1,1,4,1,4,3,4,1,4,1,1,1,2,3,4,1,1,2,3,2,1,3,3,1,4,3,3,3,4,2,1,2,2,4,2,1,1,4,3,1,4,4,2,4,3,2,1,1,1,2,1,1,3,3,3,3,1,1,4,2,1,2,1,1,3,3,3,3,1,3,3,2,2,4,2,2,2,2,1,4,3,3,3,3,1,3,4,1,1,2,4,2,1,3,2,3,4,1,3,1,2,3,4,1,2,2,2,1,2,4,4,1,2,2,2,2,4,3,3,2,1,4,2,2,3,2,3,2,3,2,1,1,1,4,4,1,1,2,1,3,4,2,2,4,1,1,3,3,1,1,2,2,1,4,2,4,2,3,2,4,4,1,4,3,1,2,2,1,1,3,2,1,2,2,4,2,4,2,3,1,1,2,2,2,1,4,1,3,1,4,3,3,3,4,4,2,1,4,4,2,3,4,4,1,1,1,4,1,3,4,2,4,2,2,4,4,2,3,1,4,2,2,1,1,2,4,2,2,1,1,4,4,1,1,3,4,1,4,1,2,4,3,2,3,3,1,1,2,1,4,2,1,2,1,3,3,4,4,4,2,3,4,1,1,1,4,2,1,4,4,1,1,3,3,3,3,2,2,1,1,4,2,2,2,2,3,1,1,4,2,4,2,1,1,2,2,4,1,3,4,3,3,1,4,3,2,4,3,3,4,1,3,1,1,2,1,4,4,2,3,3,1,3,1,2,3,4,3,2,1,1,4,2,1,3,1,2,2,2,2,2,3,2,4,4,2,4,3,1,1,2,1,3,1,1,1,1,1,1,3,1,1,1,3,3,3,2,4,2,2,1,2,4,3,4,1,3,3,3,3,2,1,2,3,1,3,3,1,1,1,2,4,2,1,4,3,2,1,2,1,3,1,1,3,2,1,3,2,2,2,3,4,1,1,4,2,2,2,3,1,3,4,4,2,4,2,1,2,3,4,3,3,1,3,2,2,2,2,3,3,3,4,1,3,4,1,4,1,1,2,4,3,1,1,2,3,1,1,4,1,3,1,1,1,2,2,4,1,2,1,4,4,4,3,2,2,4,4,3,4,4,3"
53,0.9877030496613249,0.43137254901960786,2253.0,"2,1,2,4,1,1,1,2,2,1,3,4,2,1,1,1,1,4,3,4,4,2,1,4,3,4,4,1,2,2,1,4,4,2,1,4,2,4,1,4,4,3,1,3,4,3,3,1,2,2,1,2,3,2,1,2,1,4,3,3,1,2,4,2,3,4,1,1,2,1,2,2,2,1,1,2,2,1,2,3,2,4,3,1,1,3,1,1,1,1,1,1,3,4,2,1,2,3,2,1,1,3,2,4,3,4,2,1,2,4,2,2,2,2,4,3,1,2,4,1,3,1,4,2,1,4,2,4,1,2,4,2,2,1,3,3,3,4,4,2,2,4,3,1,2,2,3,3,2,3,3,3,4,4,1,4,1,1,1,3,4,2,2,1,2,4,4,4,3,4,2,4,3,2,1,4,3,4,2,2,2,3,4,4,3,3,3,2,3,2,1,2,2,3,2,2,4,2,3,2,2,4,1,4,2,4,3,1,3,2,4,2,4,2,3,1,3,1,2,1,1,1,4,2,4,1,2,2,2,3,1,1,2,3,1,4,3,4,1,1,1,1,2,2,2,1,2,3,4,1,3,1,4,2,3,3,1,4,4,4,4,2,2,4,2,2,4,2,2,4,4,1,1,3,4,3,1,2,3,1,1,4,3,1,1,4,1,2,3,4,4,2,3,2,2,2,2,1,1,1,4,2,2,3,4,4,3,1,1,1,4,1,2,3,1,1,2,3,2,4,1,3,3,3,4,2,1,2,3,1,3,3,1,1,1,3,4,3,2,3,1,2,3,3,4,2,2,4,3,4,2,4,1,1,4,3,2,4,3,3,2,1,3,2,2,3,3,2,1,3,3,2,3,4,2,4,4,3,2,4,2,2,1,1,1,3,2,4,2,1,1,2,1,2,2,2,2,1,3,4,2,2,2,1,4,2,3,4,2,1,3,4,4,4,3,2,4,2,2,2,4,3,1,1,1,1,3,1,1,3,4,3,1,1,2,1,2,2,4,1,1,2,4,4,1,2,3,2,1,1,2,3,2,4,1,1,1,4,3,1,2,3,1,2,3,4,2,2,3,1,2,3,1,1,2,4,2,3,1,4,3,1,4,1,3,1,2,1,1,1,1,4,4,3,1,1,2,4,1,1,2,1,1,2,2,2,2,3,3,3,1,3,1,3,2,3,1,1,2,2,4,4,1,2,4,1,1,2,1,2,1,4,4,2,3,3,1,4,2,3,2,2,3,3,1,1,3,2,2,3,4,1,2,2,1,2,1,1,1,2,4,3,2,3,3,4,4,2,4,3,3,1,3,3,1,4,3,4,1,1,1,4,4,2,1,4,2,2,1,1,4,1,3,2,2,2,3,4,1,1,2,2,1,4,4,3,4,3,3,2,1,3,4,1,2,3,3,3,4,2,3,2,1,1,3,1,1,3,2,2,2,1,1,1,4,2,2,4,1,3,4,1,3,3,4,1,1,3,3,1,1,4,2,2,1,3,1,3,3,4,3,4,2,3,1,2,2,1,2,2,1,2,2,4,1,2,1,3,4,3,1,1,3,3,1,4,1,3,1,1,1,2,3,3,2,2,1,2,3,3,4,1,4,3,4,2,1,2,4,3,3,1,1,1,2,1,2,3,4,4,2,4,2,2,3,2,3,3,2,2,2,3,2,3,4,2,1,3,3,1,3,2,1,3,1,1,3,2,3,4,3,2,4,3,1,4,2,4,1,1,2,2,2,2,2,1,1,1,1,3,1,4,1,4,2,3,1,2,2,4,1,3,2,3,1,3,2,2,2,2,4,2,4,3,1,4,1,3,3,3,3,2,1,2,4,4,2,2,1,3,4,1,3,4,1,2,2,3,3,2,2,3,3,3,4,3,2,2,2,1,3,1,3,1,3,4,1,3,3,2,2,3,1,2,2,1,1,3,3,1,2,2,1,1,2,1,3,1,1,2,1,2,3,4,3,1,4,3,2,4,4,3,2,3,2,1,1,2,1,3,2,4,4,3,3,3,3,4,1,1,3,2,2,2,1,1,1,4,2,3,1,2,2,3,1,1,1,3,1,3,2,2,1,2,1,1,2,1,1,4,1,2,4,4,2,1,2,2,4,2,4,4,4,4,1,3,2,1,1,1,2,3,1,2,3,1,3,4,3,3,4,3,1,2,1,3,3,3,1,4,4,4,1,1,1,1,1,4,2,4,2,3,4,4,1,1,1,1,3,4,3,1,1,3,1,1,2,1,2,3,4,2,4,1,1,1,2,4,3,1,2,3,1,1,2,2,1,4,1,2,2,2,4,3,4,2,4,1,4,1,4,1,4,3,1,1,4,4,1,4,2,4,3,1,3,3,2,2,3,1,3,4,1,1,4,1,2,1,1,1,1,3,3,3,2,4,4,2,1,2,1,1,2,1,3,3,3,3,2,3,1,2,2,3,4,4,3,3,1,1,3,3,4,3,4,3,1,4,4,4,3,2,4,1,3,4,3,2,2,3,3,3,4,3,1,2,4,4,2,2,1,1,1,4,1,1,1,3,3,4,2,1,3,3,4,2,1,3,4,4,3,4,2,4,2,2,3,2,2,1,2,3,2,3,2,2,1,3,2,3,4,1,3,4,1,3,3,2,2,3,3,1,4,1,1,3,1,3,4,1,4,1,4,2,1,2,1,1,1,3,1,1,3,1,3,3,1,2,2,1,1,4,1,2,4,4,3,2,1,1,4,1,4,3,4,1,4,1,1,1,2,3,4,1,1,2,3,2,1,3,3,1,4,3,3,3,4,2,1,2,2,4,2,1,1,4,3,1,4,4,2,4,3,2,1,1,1,2,1,1,3,3,3,3,1,1,4,2,1,2,1,1,3,3,3,3,1,3,3,2,2,4,2,2,2,2,1,4,3,3,3,3,1,3,4,1,1,2,4,2,1,3,2,3,4,1,3,1,2,3,4,1,2,2,2,1,2,4,4,1,2,2,2,2,4,3,3,2,1,4,2,2,3,2,3,2,3,2,1,1,1,4,4,1,1,2,1,3,4,2,2,4,1,1,3,3,1,1,2,2,1,4,2,4,2,3,2,4,4,1,4,3,1,2,2,1,1,3,2,1,2,2,4,2,4,2,3,1,1,2,2,2,1,4,1,3,1,4,3,3,3,4,4,2,1,4,4,2,3,4,4,1,1,1,4,1,3,4,2,4,2,2,4,4,2,3,1,4,2,2,1,1,2,4,2,2,1,1,4,4,1,1,3,4,1,4,1,2,4,3,2,3,3,1,1,2,1,4,2,1,2,1,3,3,4,4,4,2,3,4,1,1,1,4,2,1,4,4,1,1,3,3,3,3,2,2,1,1,4,2,2,2,2,3,1,1,4,2,4,2,1,1,2,2,4,1,3,4,3,3,1,4,3,2,4,3,3,4,1,3,1,1,2,1,4,4,2,3,3,1,3,1,2,3,4,3,2,1,1,4,2,1,3,1,2,2,2,2,2,3,2,4,4,2,4,3,1,1,2,1,3,1,1,1,1,1,1,3,1,1,1,3,3,3,2,4,2,2,1,2,4,3,4,1,3,3,3,3,2,1,2,3,1,3,3,1,1,1,2,4,2,1,4,3,2,1,2,1,3,1,1,3,2,1,3,2,2,2,3,4,1,1,4,2,2,2,3,1,3,4,4,2,4,2,1,2,3,4,3,3,1,3,2,2,2,2,3,3,3,4,1,3,4,1,4,1,1,2,4,3,1,1,2,3,1,1,4,1,3,1,1,1,2,2,4,1,2,1,4,4,4,3,2,2,4,4,3,4,4,3"
54,0.9877030496613249,0.43137254901960786,2253.0,"2,1,2,4,1,1,1,2,2,1,3,4,2,1,1,1,1,4,3,4,4,2,1,4,3,4,4,1,2,2,1,4,4,2,1,4,2,4,1,4,4,3,1,3,4,3,3,1,2,2,1,2,3,2,1,2,1,4,3,3,1,2,4,2,3,4,1,1,2,1,2,2,2,1,1,2,2,1,2,3,2,4,3,1,1,3,1,1,1,1,1,1,3,4,2,1,2,3,2,1,1,3,2,4,3,4,2,1,2,4,2,2,2,2,4,3,1,2,4,1,3,1,4,2,1,4,2,4,1,2,4,2,2,1,3,3,3,4,4,2,2,4,3,1,2,2,3,3,2,3,3,3,4,4,1,4,1,1,1,3,4,2,2,1,2,4,4,4,3,4,2,4,3,2,1,4,3,4,2,2,2,3,4,4,3,3,3,2,3,2,1,2,2,3,2,2,4,2,3,2,2,4,1,4,2,4,3,1,3,2,4,2,4,2,3,1,3,1,2,1,1,1,4,2,4,1,2,2,2,3,1,1,2,3,1,4,3,4,1,1,1,1,2,2,2,1,2,3,4,1,3,1,4,2,3,3,1,4,4,4,4,2,2,4,2,2,4,2,2,4,4,1,1,3,4,3,1,2,3,1,1,4,3,1,1,4,1,2,3,4,4,2,3,2,2,2,2,1,1,1,4,2,2,3,4,4,3,1,1,1,4,1,2,3,1,1,2,3,2,4,1,3,3,3,4,2,1,2,3,1,3,3,1,1,1,3,4,3,2,3,1,2,3,3,4,2,2,4,3,4,2,4,1,1,4,3,2,4,3,3,2,1,3,2,2,3,3,2,1,3,3,2,3,4,2,4,4,3,2,4,2,2,1,1,1,3,2,4,2,1,1,2,1,2,2,2,2,1,3,4,2,2,2,1,4,2,3,4,2,1,3,4,4,4,3,2,4,2,2,2,4,3,1,1,1,1,3,1,1,3,4,3,1,1,2,1,2,2,4,1,1,2,4,4,1,2,3,2,1,1,2,3,2,4,1,1,1,4,3,1,2,3,1,2,3,4,2,2,3,1,2,3,1,1,2,4,2,3,1,4,3,1,4,1,3,1,2,1,1,1,1,4,4,3,1,1,2,4,1,1,2,1,1,2,2,2,2,3,3,3,1,3,1,3,2,3,1,1,2,2,4,4,1,2,4,1,1,2,1,2,1,4,4,2,3,3,1,4,2,3,2,2,3,3,1,1,3,2,2,3,4,1,2,2,1,2,1,1,1,2,4,3,2,3,3,4,4,2,4,3,3,1,3,3,1,4,3,4,1,1,1,4,4,2,1,4,2,2,1,1,4,1,3,2,2,2,3,4,1,1,2,2,1,4,4,3,4,3,3,2,1,3,4,1,2,3,3,3,4,2,3,2,1,1,3,1,1,3,2,2,2,1,1,1,4,2,2,4,1,3,4,1,3,3,4,1,1,3,3,1,1,4,2,2,1,3,1,3,3,4,3,4,2,3,1,2,2,1,2,2,1,2,2,4,1,2,1,3,4,3,1,1,3,3,1,4,1,3,1,1,1,2,3,3,2,2,1,2,3,3,4,1,4,3,4,2,1,2,4,3,3,1,1,1,2,1,2,3,4,4,2,4,2,2,3,2,3,3,2,2,2,3,2,3,4,2,1,3,3,1,3,2,1,3,1,1,3,2,3,4,3,2,4,3,1,4,2,4,1,1,2,2,2,2,2,1,1,1,1,3,1,4,1,4,2,3,1,2,2,4,1,3,2,3,1,3,2,2,2,2,4,2,4,3,1,4,1,3,3,3,3,2,1,2,4,4,2,2,1,3,4,1,3,4,1,2,2,3,3,2,2,3,3,3,4,3,2,2,2,1,3,1,3,1,3,4,1,3,3,2,2,3,1,2,2,1,1,3,3,1,2,2,1,1,2,1,3,1,1,2,1,2,3,4,3,1,4,3,2,4,4,3,2,3,2,1,1,2,1,3,2,4,4,3,3,3,3,4,1,1,3,2,2,2,1,1,1,4,2,3,1,2,2,3,1,1,1,3,1,3,2,2,1,2,1,1,2,1,1,4,1,2,4,4,2,1,2,2,4,2,4,4,4,4,1,3,2,1,1,1,2,3,1,2,3,1,3,4,3,3,4,3,1,2,1,3,3,3,1,4,4,4,1,1,1,1,1,4,2,4,2,3,4,4,1,1,1,1,3,4,3,1,1,3,1,1,2,1,2,3,4,2,4,1,1,1,2,4,3,1,2,3,1,1,2,2,1,4,1,2,2,2,4,3,4,2,4,1,4,1,4,1,4,3,1,1,4,4,1,4,2,4,3,1,3,3,2,2,3,1,3,4,1,1,4,1,2,1,1,1,1,3,3,3,2,4,4,2,1,2,1,1,2,1,3,3,3,3,2,3,1,2,2,3,4,4,3,3,1,1,3,3,4,3,4,3,1,4,4,4,3,2,4,1,3,4,3,2,2,3,3,3,4,3,1,2,4,4,2,2,1,1,1,4,1,1,1,3,3,4,2,1,3,3,4,2,1,3,4,4,3,4,2,4,2,2,3,2,2,1,2,3,2,3,2,2,1,3,2,3,4,1,3,4,1,3,3,2,2,3,3,1,4,1,1,3,1,3,4,1,4,1,4,2,1,2,1,1,1,3,1,1,3,1,3,3,1,2,2,1,1,4,1,2,4,4,3,2,1,1,4,1,4,3,4,1,4,1,1,1,2,3,4,1,1,2,3,2,1,3,3,1,4,3,3,3,4,2,1,2,2,4,2,1,1,4,3,1,4,4,2,4,3,2,1,1,1,2,1,1,3,3,3,3,1,1,4,2,1,2,1,1,3,3,3,3,1,3,3,2,2,4,2,2,2,2,1,4,3,3,3,3,1,3,4,1,1,2,4,2,1,3,2,3,4,1,3,1,2,3,4,1,2,2,2,1,2,4,4,1,2,2,2,2,4,3,3,2,1,4,2,2,3,2,3,2,3,2,1,1,1,4,4,1,1,2,1,3,4,2,2,4,1,1,3,3,1,1,2,2,1,4,2,4,2,3,2,4,4,1,4,3,1,2,2,1,1,3,2,1,2,2,4,2,4,2,3,1,1,2,2,2,1,4,1,3,1,4,3,3,3,4,4,2,1,4,4,2,3,4,4,1,1,1,4,1,3,4,2,4,2,2,4,4,2,3,1,4,2,2,1,1,2,4,2,2,1,1,4,4,1,1,3,4,1,4,1,2,4,3,2,3,3,1,1,2,1,4,2,1,2,1,3,3,4,4,4,2,3,4,1,1,1,4,2,1,4,4,1,1,3,3,3,3,2,2,1,1,4,2,2,2,2,3,1,1,4,2,4,2,1,1,2,2,4,1,3,4,3,3,1,4,3,2,4,3,3,4,1,3,1,1,2,1,4,4,2,3,3,1,3,1,2,3,4,3,2,1,1,4,2,1,3,1,2,2,2,2,2,3,2,4,4,2,4,3,1,1,2,1,3,1,1,1,1,1,1,3,1,1,1,3,3,3,2,4,2,2,1,2,4,3,4,1,3,3,3,3,2,1,2,3,1,3,3,1,1,1,2,4,2,1,4,3,2,1,2,1,3,1,1,3,2,1,3,2,2,2,3,4,1,1,4,2,2,2,3,1,3,4,4,2,4,2,1,2,3,4,3,3,1,3,2,2,2,2,3,3,3,4,1,3,4,1,4,1,1,2,4,3,1,1,2,3,1,1,4,1,3,1,1,1,2,2,4,1,2,1,4,4,4,3,2,2,4,4,3,4,4,3"
55,0.9877030496613249,0.43137254901960786,2253.0,"2,1,2,4,1,1,1,2,2,1,3,4,2,1,1,1,1,4,3,4,4,2,1,4,3,4,4,1,2,2,1,4,4,2,1,4,2,4,1,4,4,3,1,3,4,3,3,1,2,2,1,2,3,2,1,2,1,4,3,3,1,2,4,2,3,4,1,1,2,1,2,2,2,1,1,2,2,1,2,3,2,4,3,1,1,3,1,1,1,1,1,1,3,4,2,1,2,3,2,1,1,3,2,4,3,4,2,1,2,4,2,2,2,2,4,3,1,2,4,1,3,1,4,2,1,4,2,4,1,2,4,2,2,1,3,3,3,4,4,2,2,4,3,1,2,2,3,3,2,3,3,3,4,4,1,4,1,1,1,3,4,2,2,1,2,4,4,4,3,4,2,4,3,2,1,4,3,4,2,2,2,3,4,4,3,3,3,2,3,2,1,2,2,3,2,2,4,2,3,2,2,4,1,4,2,4,3,1,3,2,4,2,4,2,3,1,3,1,2,1,1,1,4,2,4,1,2,2,2,3,1,1,2,3,1,4,3,4,1,1,1,1,2,2,2,1,2,3,4,1,3,1,4,2,3,3,1,4,4,4,4,2,2,4,2,2,4,2,2,4,4,1,1,3,4,3,1,2,3,1,1,4,3,1,1,4,1,2,3,4,4,2,3,2,2,2,2,1,1,1,4,2,2,3,4,4,3,1,1,1,4,1,2,3,1,1,2,3,2,4,1,3,3,3,4,2,1,2,3,1,3,3,1,1,1,3,4,3,2,3,1,2,3,3,4,2,2,4,3,4,2,4,1,1,4,3,2,4,3,3,2,1,3,2,2,3,3,2,1,3,3,2,3,4,2,4,4,3,2,4,2,2,1,1,1,3,2,4,2,1,1,2,1,2,2,2,2,1,3,4,2,2,2,1,4,2,3,4,2,1,3,4,4,4,3,2,4,2,2,2,4,3,1,1,1,1,3,1,1,3,4,3,1,1,2,1,2,2,4,1,1,2,4,4,1,2,3,2,1,1,2,3,2,4,1,1,1,4,3,1,2,3,1,2,3,4,2,2,3,1,2,3,1,1,2,4,2,3,1,4,3,1,4,1,3,1,2,1,1,1,1,4,4,3,1,1,2,4,1,1,2,1,1,2,2,2,2,3,3,3,1,3,1,3,2,3,1,1,2,2,4,4,1,2,4,1,1,2,1,2,1,4,4,2,3,3,1,4,2,3,2,2,3,3,1,1,3,2,2,3,4,1,2,2,1,2,1,1,1,2,4,3,2,3,3,4,4,2,4,3,3,1,3,3,1,4,3,4,1,1,1,4,4,2,1,4,2,2,1,1,4,1,3,2,2,2,3,4,1,1,2,2,1,4,4,3,4,3,3,2,1,3,4,1,2,3,3,3,4,2,3,2,1,1,3,1,1,3,2,2,2,1,1,1,4,2,2,4,1,3,4,1,3,3,4,1,1,3,3,1,1,4,2,2,1,3,1,3,3,4,3,4,2,3,1,2,2,1,2,2,1,2,2,4,1,2,1,3,4,3,1,1,3,3,1,4,1,3,1,1,1,2,3,3,2,2,1,2,3,3,4,1,4,3,4,2,1,2,4,3,3,1,1,1,2,1,2,3,4,4,2,4,2,2,3,2,3,3,2,2,2,3,2,3,4,2,1,3,3,1,3,2,1,3,1,1,3,2,3,4,3,2,4,3,1,4,2,4,1,1,2,2,2,2,2,1,1,1,1,3,1,4,1,4,2,3,1,2,2,4,1,3,2,3,1,3,2,2,2,2,4,2,4,3,1,4,1,3,3,3,3,2,1,2,4,4,2,2,1,3,4,1,3,4,1,2,2,3,3,2,2,3,3,3,4,3,2,2,2,1,3,1,3,1,3,4,1,3,3,2,2,3,1,2,2,1,1,3,3,1,2,2,1,1,2,1,3,1,1,2,1,2,3,4,3,1,4,3,2,4,4,3,2,3,2,1,1,2,1,3,2,4,4,3,3,3,3,4,1,1,3,2,2,2,1,1,1,4,2,3,1,2,2,3,1,1,1,3,1,3,2,2,1,2,1,1,2,1,1,4,1,2,4,4,2,1,2,2,4,2,4,4,4,4,1,3,2,1,1,1,2,3,1,2,3,1,3,4,3,3,4,3,1,2,1,3,3,3,1,4,4,4,1,1,1,1,1,4,2,4,2,3,4,4,1,1,1,1,3,4,3,1,1,3,1,1,2,1,2,3,4,2,4,1,1,1,2,4,3,1,2,3,1,1,2,2,1,4,1,2,2,2,4,3,4,2,4,1,4,1,4,1,4,3,1,1,4,4,1,4,2,4,3,1,3,3,2,2,3,1,3,4,1,1,4,1,2,1,1,1,1,3,3,3,2,4,4,2,1,2,1,1,2,1,3,3,3,3,2,3,1,2,2,3,4,4,3,3,1,1,3,3,4,3,4,3,1,4,4,4,3,2,4,1,3,4,3,2,2,3,3,3,4,3,1,2,4,4,2,2,1,1,1,4,1,1,1,3,3,4,2,1,3,3,4,2,1,3,4,4,3,4,2,4,2,2,3,2,2,1,2,3,2,3,2,2,1,3,2,3,4,1,3,4,1,3,3,2,2,3,3,1,4,1,1,3,1,3,4,1,4,1,4,2,1,2,1,1,1,3,1,1,3,1,3,3,1,2,2,1,1,4,1,2,4,4,3,2,1,1,4,1,4,3,4,1,4,1,1,1,2,3,4,1,1,2,3,2,1,3,3,1,4,3,3,3,4,2,1,2,2,4,2,1,1,4,3,1,4,4,2,4,3,2,1,1,1,2,1,1,3,3,3,3,1,1,4,2,1,2,1,1,3,3,3,3,1,3,3,2,2,4,2,2,2,2,1,4,3,3,3,3,1,3,4,1,1,2,4,2,1,3,2,3,4,1,3,1,2,3,4,1,2,2,2,1,2,4,4,1,2,2,2,2,4,3,3,2,1,4,2,2,3,2,3,2,3,2,1,1,1,4,4,1,1,2,1,3,4,2,2,4,1,1,3,3,1,1,2,2,1,4,2,4,2,3,2,4,4,1,4,3,1,2,2,1,1,3,2,1,2,2,4,2,4,2,3,1,1,2,2,2,1,4,1,3,1,4,3,3,3,4,4,2,1,4,4,2,3,4,4,1,1,1,4,1,3,4,2,4,2,2,4,4,2,3,1,4,2,2,1,1,2,4,2,2,1,1,4,4,1,1,3,4,1,4,1,2,4,3,2,3,3,1,1,2,1,4,2,1,2,1,3,3,4,4,4,2,3,4,1,1,1,4,2,1,4,4,1,1,3,3,3,3,2,2,1,1,4,2,2,2,2,3,1,1,4,2,4,2,1,1,2,2,4,1,3,4,3,3,1,4,3,2,4,3,3,4,1,3,1,1,2,1,4,4,2,3,3,1,3,1,2,3,4,3,2,1,1,4,2,1,3,1,2,2,2,2,2,3,2,4,4,2,4,3,1,1,2,1,3,1,1,1,1,1,1,3,1,1,1,3,3,3,2,4,2,2,1,2,4,3,4,1,3,3,3,3,2,1,2,3,1,3,3,1,1,1,2,4,2,1,4,3,2,1,2,1,3,1,1,3,2,1,3,2,2,2,3,4,1,1,4,2,2,2,3,1,3,4,4,2,4,2,1,2,3,4,3,3,1,3,2,2,2,2,3,3,3,4,1,3,4,1,4,1,1,2,4,3,1,1,2,3,1,1,4,1,3,1,1,1,2,2,4,1,2,1,4,4,4,3,2,2,4,4,3,4,4,3"
56,0.9877030496613249,0.43137254901960786,2253.0,"2,1,2,4,1,1,1,2,2,1,3,4,2,1,1,1,1,4,3,4,4,2,1,4,3,4,4,1,2,2,1,4,4,2,1,4,2,4,1,4,4,3,1,3,4,3,3,1,2,2,1,2,3,2,1,2,1,4,3,3,1,2,4,2,3,4,1,1,2,1,2,2,2,1,1,2,2,1,2,3,2,4,3,1,1,3,1,1,1,1,1,1,3,4,2,1,2,3,2,1,1,3,2,4,3,4,2,1,2,4,2,2,2,2,4,3,1,2,4,1,3,1,4,2,1,4,2,4,1,2,4,2,2,1,3,3,3,4,4,2,2,4,3,1,2,2,3,3,2,3,3,3,4,4,1,4,1,1,1,3,4,2,2,1,2,4,4,4,3,4,2,4,3,2,1,4,3,4,2,2,2,3,4,4,3,3,3,2,3,2,1,2,2,3,2,2,4,2,3,2,2,4,1,4,2,4,3,1,3,2,4,2,4,2,3,1,3,1,2,1,1,1,4,2,4,1,2,2,2,3,1,1,2,3,1,4,3,4,1,1,1,1,2,2,2,1,2,3,4,1,3,1,4,2,3,3,1,4,4,4,4,2,2,4,2,2,4,2,2,4,4,1,1,3,4,3,1,2,3,1,1,4,3,1,1,4,1,2,3,4,4,2,3,2,2,2,2,1,1,1,4,2,2,3,4,4,3,1,1,1,4,1,2,3,1,1,2,3,2,4,1,3,3,3,4,2,1,2,3,1,3,3,1,1,1,3,4,3,2,3,1,2,3,3,4,2,2,4,3,4,2,4,1,1,4,3,2,4,3,3,2,1,3,2,2,3,3,2,1,3,3,2,3,4,2,4,4,3,2,4,2,2,1,1,1,3,2,4,2,1,1,2,1,2,2,2,2,1,3,4,2,2,2,1,4,2,3,4,2,1,3,4,4,4,3,2,4,2,2,2,4,3,1,1,1,1,3,1,1,3,4,3,1,1,2,1,2,2,4,1,1,2,4,4,1,2,3,2,1,1,2,3,2,4,1,1,1,4,3,1,2,3,1,2,3,4,2,2,3,1,2,3,1,1,2,4,2,3,1,4,3,1,4,1,3,1,2,1,1,1,1,4,4,3,1,1,2,4,1,1,2,1,1,2,2,2,2,3,3,3,1,3,1,3,2,3,1,1,2,2,4,4,1,2,4,1,1,2,1,2,1,4,4,2,3,3,1,4,2,3,2,2,3,3,1,1,3,2,2,3,4,1,2,2,1,2,1,1,1,2,4,3,2,3,3,4,4,2,4,3,3,1,3,3,1,4,3,4,1,1,1,4,4,2,1,4,2,2,1,1,4,1,3,2,2,2,3,4,1,1,2,2,1,4,4,3,4,3,3,2,1,3,4,1,2,3,3,3,4,2,3,2,1,1,3,1,1,3,2,2,2,1,1,1,4,2,2,4,1,3,4,1,3,3,4,1,1,3,3,1,1,4,2,2,1,3,1,3,3,4,3,4,2,3,1,2,2,1,2,2,1,2,2,4,1,2,1,3,4,3,1,1,3,3,1,4,1,3,1,1,1,2,3,3,2,2,1,2,3,3,4,1,4,3,4,2,1,2,4,3,3,1,1,1,2,1,2,3,4,4,2,4,2,2,3,2,3,3,2,2,2,3,2,3,4,2,1,3,3,1,3,2,1,3,1,1,3,2,3,4,3,2,4,3,1,4,2,4,1,1,2,2,2,2,2,1,1,1,1,3,1,4,1,4,2,3,1,2,2,4,1,3,2,3,1,3,2,2,2,2,4,2,4,3,1,4,1,3,3,3,3,2,1,2,4,4,2,2,1,3,4,1,3,4,1,2,2,3,3,2,2,3,3,3,4,3,2,2,2,1,3,1,3,1,3,4,1,3,3,2,2,3,1,2,2,1,1,3,3,1,2,2,1,1,2,1,3,1,1,2,1,2,3,4,3,1,4,3,2,4,4,3,2,3,2,1,1,2,1,3,2,4,4,3,3,3,3,4,1,1,3,2,2,2,1,1,1,4,2,3,1,2,2,3,1,1,1,3,1,3,2,2,1,2,1,1,2,1,1,4,1,2,4,4,2,1,2,2,4,2,4,4,4,4,1,3,2,1,1,1,2,3,1,2,3,1,3,4,3,3,4,3,1,2,1,3,3,3,1,4,4,4,1,1,1,1,1,4,2,4,2,3,4,4,1,1,1,1,3,4,3,1,1,3,1,1,2,1,2,3,4,2,4,1,1,1,2,4,3,1,2,3,1,1,2,2,1,4,1,2,2,2,4,3,4,2,4,1,4,1,4,1,4,3,1,1,4,4,1,4,2,4,3,1,3,3,2,2,3,1,3,4,1,1,4,1,2,1,1,1,1,3,3,3,2,4,4,2,1,2,1,1,2,1,3,3,3,3,2,3,1,2,2,3,4,4,3,3,1,1,3,3,4,3,4,3,1,4,4,4,3,2,4,1,3,4,3,2,2,3,3,3,4,3,1,2,4,4,2,2,1,1,1,4,1,1,1,3,3,4,2,1,3,3,4,2,1,3,4,4,3,4,2,4,2,2,3,2,2,1,2,3,2,3,2,2,1,3,2,3,4,1,3,4,1,3,3,2,2,3,3,1,4,1,1,3,1,3,4,1,4,1,4,2,1,2,1,1,1,3,1,1,3,1,3,3,1,2,2,1,1,4,1,2,4,4,3,2,1,1,4,1,4,3,4,1,4,1,1,1,2,3,4,1,1,2,3,2,1,3,3,1,4,3,3,3,4,2,1,2,2,4,2,1,1,4,3,1,4,4,2,4,3,2,1,1,1,2,1,1,3,3,3,3,1,1,4,2,1,2,1,1,3,3,3,3,1,3,3,2,2,4,2,2,2,2,1,4,3,3,3,3,1,3,4,1,1,2,4,2,1,3,2,3,4,1,3,1,2,3,4,1,2,2,2,1,2,4,4,1,2,2,2,2,4,3,3,2,1,4,2,2,3,2,3,2,3,2,1,1,1,4,4,1,1,2,1,3,4,2,2,4,1,1,3,3,1,1,2,2,1,4,2,4,2,3,2,4,4,1,4,3,1,2,2,1,1,3,2,1,2,2,4,2,4,2,3,1,1,2,2,2,1,4,1,3,1,4,3,3,3,4,4,2,1,4,4,2,3,4,4,1,1,1,4,1,3,4,2,4,2,2,4,4,2,3,1,4,2,2,1,1,2,4,2,2,1,1,4,4,1,1,3,4,1,4,1,2,4,3,2,3,3,1,1,2,1,4,2,1,2,1,3,3,4,4,4,2,3,4,1,1,1,4,2,1,4,4,1,1,3,3,3,3,2,2,1,1,4,2,2,2,2,3,1,1,4,2,4,2,1,1,2,2,4,1,3,4,3,3,1,4,3,2,4,3,3,4,1,3,1,1,2,1,4,4,2,3,3,1,3,1,2,3,4,3,2,1,1,4,2,1,3,1,2,2,2,2,2,3,2,4,4,2,4,3,1,1,2,1,3,1,1,1,1,1,1,3,1,1,1,3,3,3,2,4,2,2,1,2,4,3,4,1,3,3,3,3,2,1,2,3,1,3,3,1,1,1,2,4,2,1,4,3,2,1,2,1,3,1,1,3,2,1,3,2,2,2,3,4,1,1,4,2,2,2,3,1,3,4,4,2,4,2,1,2,3,4,3,3,1,3,2,2,2,2,3,3,3,4,1,3,4,1,4,1,1,2,4,3,1,1,2,3,1,1,4,1,3,1,1,1,2,2,4,1,2,1,4,4,4,3,2,2,4,4,3,4,4,3"
57,0.9877030496613249,0.43137254901960786,2253.0,"2,1,2,4,1,1,1,2,2,1,3,4,2,1,1,1,1,4,3,4,4,2,1,4,3,4,4,1,2,2,1,4,4,2,1,4,2,4,1,4,4,3,1,3,4,3,3,1,2,2,1,2,3,2,1,2,1,4,3,3,1,2,4,2,3,4,1,1,2,1,2,2,2,1,1,2,2,1,2,3,2,4,3,1,1,3,1,1,1,1,1,1,3,4,2,1,2,3,2,1,1,3,2,4,3,4,2,1,2,4,2,2,2,2,4,3,1,2,4,1,3,1,4,2,1,4,2,4,1,2,4,2,2,1,3,3,3,4,4,2,2,4,3,1,2,2,3,3,2,3,3,3,4,4,1,4,1,1,1,3,4,2,2,1,2,4,4,4,3,4,2,4,3,2,1,4,3,4,2,2,2,3,4,4,3,3,3,2,3,2,1,2,2,3,2,2,4,2,3,2,2,4,1,4,2,4,3,1,3,2,4,2,4,2,3,1,3,1,2,1,1,1,4,2,4,1,2,2,2,3,1,1,2,3,1,4,3,4,1,1,1,1,2,2,2,1,2,3,4,1,3,1,4,2,3,3,1,4,4,4,4,2,2,4,2,2,4,2,2,4,4,1,1,3,4,3,1,2,3,1,1,4,3,1,1,4,1,2,3,4,4,2,3,2,2,2,2,1,1,1,4,2,2,3,4,4,3,1,1,1,4,1,2,3,1,1,2,3,2,4,1,3,3,3,4,2,1,2,3,1,3,3,1,1,1,3,4,3,2,3,1,2,3,3,4,2,2,4,3,4,2,4,1,1,4,3,2,4,3,3,2,1,3,2,2,3,3,2,1,3,3,2,3,4,2,4,4,3,2,4,2,2,1,1,1,3,2,4,2,1,1,2,1,2,2,2,2,1,3,4,2,2,2,1,4,2,3,4,2,1,3,4,4,4,3,2,4,2,2,2,4,3,1,1,1,1,3,1,1,3,4,3,1,1,2,1,2,2,4,1,1,2,4,4,1,2,3,2,1,1,2,3,2,4,1,1,1,4,3,1,2,3,1,2,3,4,2,2,3,1,2,3,1,1,2,4,2,3,1,4,3,1,4,1,3,1,2,1,1,1,1,4,4,3,1,1,2,4,1,1,2,1,1,2,2,2,2,3,3,3,1,3,1,3,2,3,1,1,2,2,4,4,1,2,4,1,1,2,1,2,1,4,4,2,3,3,1,4,2,3,2,2,3,3,1,1,3,2,2,3,4,1,2,2,1,2,1,1,1,2,4,3,2,3,3,4,4,2,4,3,3,1,3,3,1,4,3,4,1,1,1,4,4,2,1,4,2,2,1,1,4,1,3,2,2,2,3,4,1,1,2,2,1,4,4,3,4,3,3,2,1,3,4,1,2,3,3,3,4,2,3,2,1,1,3,1,1,3,2,2,2,1,1,1,4,2,2,4,1,3,4,1,3,3,4,1,1,3,3,1,1,4,2,2,1,3,1,3,3,4,3,4,2,3,1,2,2,1,2,2,1,2,2,4,1,2,1,3,4,3,1,1,3,3,1,4,1,3,1,1,1,2,3,3,2,2,1,2,3,3,4,1,4,3,4,2,1,2,4,3,3,1,1,1,2,1,2,3,4,4,2,4,2,2,3,2,3,3,2,2,2,3,2,3,4,2,1,3,3,1,3,2,1,3,1,1,3,2,3,4,3,2,4,3,1,4,2,4,1,1,2,2,2,2,2,1,1,1,1,3,1,4,1,4,2,3,1,2,2,4,1,3,2,3,1,3,2,2,2,2,4,2,4,3,1,4,1,3,3,3,3,2,1,2,4,4,2,2,1,3,4,1,3,4,1,2,2,3,3,2,2,3,3,3,4,3,2,2,2,1,3,1,3,1,3,4,1,3,3,2,2,3,1,2,2,1,1,3,3,1,2,2,1,1,2,1,3,1,1,2,1,2,3,4,3,1,4,3,2,4,4,3,2,3,2,1,1,2,1,3,2,4,4,3,3,3,3,4,1,1,3,2,2,2,1,1,1,4,2,3,1,2,2,3,1,1,1,3,1,3,2,2,1,2,1,1,2,1,1,4,1,2,4,4,2,1,2,2,4,2,4,4,4,4,1,3,2,1,1,1,2,3,1,2,3,1,3,4,3,3,4,3,1,2,1,3,3,3,1,4,4,4,1,1,1,1,1,4,2,4,2,3,4,4,1,1,1,1,3,4,3,1,1,3,1,1,2,1,2,3,4,2,4,1,1,1,2,4,3,1,2,3,1,1,2,2,1,4,1,2,2,2,4,3,4,2,4,1,4,1,4,1,4,3,1,1,4,4,1,4,2,4,3,1,3,3,2,2,3,1,3,4,1,1,4,1,2,1,1,1,1,3,3,3,2,4,4,2,1,2,1,1,2,1,3,3,3,3,2,3,1,2,2,3,4,4,3,3,1,1,3,3,4,3,4,3,1,4,4,4,3,2,4,1,3,4,3,2,2,3,3,3,4,3,1,2,4,4,2,2,1,1,1,4,1,1,1,3,3,4,2,1,3,3,4,2,1,3,4,4,3,4,2,4,2,2,3,2,2,1,2,3,2,3,2,2,1,3,2,3,4,1,3,4,1,3,3,2,2,3,3,1,4,1,1,3,1,3,4,1,4,1,4,2,1,2,1,1,1,3,1,1,3,1,3,3,1,2,2,1,1,4,1,2,4,4,3,2,1,1,4,1,4,3,4,1,4,1,1,1,2,3,4,1,1,2,3,2,1,3,3,1,4,3,3,3,4,2,1,2,2,4,2,1,1,4,3,1,4,4,2,4,3,2,1,1,1,2,1,1,3,3,3,3,1,1,4,2,1,2,1,1,3,3,3,3,1,3,3,2,2,4,2,2,2,2,1,4,3,3,3,3,1,3,4,1,1,2,4,2,1,3,2,3,4,1,3,1,2,3,4,1,2,2,2,1,2,4,4,1,2,2,2,2,4,3,3,2,1,4,2,2,3,2,3,2,3,2,1,1,1,4,4,1,1,2,1,3,4,2,2,4,1,1,3,3,1,1,2,2,1,4,2,4,2,3,2,4,4,1,4,3,1,2,2,1,1,3,2,1,2,2,4,2,4,2,3,1,1,2,2,2,1,4,1,3,1,4,3,3,3,4,4,2,1,4,4,2,3,4,4,1,1,1,4,1,3,4,2,4,2,2,4,4,2,3,1,4,2,2,1,1,2,4,2,2,1,1,4,4,1,1,3,4,1,4,1,2,4,3,2,3,3,1,1,2,1,4,2,1,2,1,3,3,4,4,4,2,3,4,1,1,1,4,2,1,4,4,1,1,3,3,3,3,2,2,1,1,4,2,2,2,2,3,1,1,4,2,4,2,1,1,2,2,4,1,3,4,3,3,1,4,3,2,4,3,3,4,1,3,1,1,2,1,4,4,2,3,3,1,3,1,2,3,4,3,2,1,1,4,2,1,3,1,2,2,2,2,2,3,2,4,4,2,4,3,1,1,2,1,3,1,1,1,1,1,1,3,1,1,1,3,3,3,2,4,2,2,1,2,4,3,4,1,3,3,3,3,2,1,2,3,1,3,3,1,1,1,2,4,2,1,4,3,2,1,2,1,3,1,1,3,2,1,3,2,2,2,3,4,1,1,4,2,2,2,3,1,3,4,4,2,4,2,1,2,3,4,3,3,1,3,2,2,2,2,3,3,3,4,1,3,4,1,4,1,1,2,4,3,1,1,2,3,1,1,4,1,3,1,1,1,2,2,4,1,2,1,4,4,4,3,2,2,4,4,3,4,4,3"
58,0.9877030496613249,0.43137254901960786,2253.0,"2,1,2,4,1,1,1,2,2,1,3,4,2,1,1,1,1,4,3,4,4,2,1,4,3,4,4,1,2,2,1,4,4,2,1,4,2,4,1,4,4,3,1,3,4,3,3,1,2,2,1,2,3,2,1,2,1,4,3,3,1,2,4,2,3,4,1,1,2,1,2,2,2,1,1,2,2,1,2,3,2,4,3,1,1,3,1,1,1,1,1,1,3,4,2,1,2,3,2,1,1,3,2,4,3,4,2,1,2,4,2,2,2,2,4,3,1,2,4,1,3,1,4,2,1,4,2,4,1,2,4,2,2,1,3,3,3,4,4,2,2,4,3,1,2,2,3,3,2,3,3,3,4,4,1,4,1,1,1,3,4,2,2,1,2,4,4,4,3,4,2,4,3,2,1,4,3,4,2,2,2,3,4,4,3,3,3,2,3,2,1,2,2,3,2,2,4,2,3,2,2,4,1,4,2,4,3,1,3,2,4,2,4,2,3,1,3,1,2,1,1,1,4,2,4,1,2,2,2,3,1,1,2,3,1,4,3,4,1,1,1,1,2,2,2,1,2,3,4,1,3,1,4,2,3,3,1,4,4,4,4,2,2,4,2,2,4,2,2,4,4,1,1,3,4,3,1,2,3,1,1,4,3,1,1,4,1,2,3,4,4,2,3,2,2,2,2,1,1,1,4,2,2,3,4,4,3,1,1,1,4,1,2,3,1,1,2,3,2,4,1,3,3,3,4,2,1,2,3,1,3,3,1,1,1,3,4,3,2,3,1,2,3,3,4,2,2,4,3,4,2,4,1,1,4,3,2,4,3,3,2,1,3,2,2,3,3,2,1,3,3,2,3,4,2,4,4,3,2,4,2,2,1,1,1,3,2,4,2,1,1,2,1,2,2,2,2,1,3,4,2,2,2,1,4,2,3,4,2,1,3,4,4,4,3,2,4,2,2,2,4,3,1,1,1,1,3,1,1,3,4,3,1,1,2,1,2,2,4,1,1,2,4,4,1,2,3,2,1,1,2,3,2,4,1,1,1,4,3,1,2,3,1,2,3,4,2,2,3,1,2,3,1,1,2,4,2,3,1,4,3,1,4,1,3,1,2,1,1,1,1,4,4,3,1,1,2,4,1,1,2,1,1,2,2,2,2,3,3,3,1,3,1,3,2,3,1,1,2,2,4,4,1,2,4,1,1,2,1,2,1,4,4,2,3,3,1,4,2,3,2,2,3,3,1,1,3,2,2,3,4,1,2,2,1,2,1,1,1,2,4,3,2,3,3,4,4,2,4,3,3,1,3,3,1,4,3,4,1,1,1,4,4,2,1,4,2,2,1,1,4,1,3,2,2,2,3,4,1,1,2,2,1,4,4,3,4,3,3,2,1,3,4,1,2,3,3,3,4,2,3,2,1,1,3,1,1,3,2,2,2,1,1,1,4,2,2,4,1,3,4,1,3,3,4,1,1,3,3,1,1,4,2,2,1,3,1,3,3,4,3,4,2,3,1,2,2,1,2,2,1,2,2,4,1,2,1,3,4,3,1,1,3,3,1,4,1,3,1,1,1,2,3,3,2,2,1,2,3,3,4,1,4,3,4,2,1,2,4,3,3,1,1,1,2,1,2,3,4,4,2,4,2,2,3,2,3,3,2,2,2,3,2,3,4,2,1,3,3,1,3,2,1,3,1,1,3,2,3,4,3,2,4,3,1,4,2,4,1,1,2,2,2,2,2,1,1,1,1,3,1,4,1,4,2,3,1,2,2,4,1,3,2,3,1,3,2,2,2,2,4,2,4,3,1,4,1,3,3,3,3,2,1,2,4,4,2,2,1,3,4,1,3,4,1,2,2,3,3,2,2,3,3,3,4,3,2,2,2,1,3,1,3,1,3,4,1,3,3,2,2,3,1,2,2,1,1,3,3,1,2,2,1,1,2,1,3,1,1,2,1,2,3,4,3,1,4,3,2,4,4,3,2,3,2,1,1,2,1,3,2,4,4,3,3,3,3,4,1,1,3,2,2,2,1,1,1,4,2,3,1,2,2,3,1,1,1,3,1,3,2,2,1,2,1,1,2,1,1,4,1,2,4,4,2,1,2,2,4,2,4,4,4,4,1,3,2,1,1,1,2,3,1,2,3,1,3,4,3,3,4,3,1,2,1,3,3,3,1,4,4,4,1,1,1,1,1,4,2,4,2,3,4,4,1,1,1,1,3,4,3,1,1,3,1,1,2,1,2,3,4,2,4,1,1,1,2,4,3,1,2,3,1,1,2,2,1,4,1,2,2,2,4,3,4,2,4,1,4,1,4,1,4,3,1,1,4,4,1,4,2,4,3,1,3,3,2,2,3,1,3,4,1,1,4,1,2,1,1,1,1,3,3,3,2,4,4,2,1,2,1,1,2,1,3,3,3,3,2,3,1,2,2,3,4,4,3,3,1,1,3,3,4,3,4,3,1,4,4,4,3,2,4,1,3,4,3,2,2,3,3,3,4,3,1,2,4,4,2,2,1,1,1,4,1,1,1,3,3,4,2,1,3,3,4,2,1,3,4,4,3,4,2,4,2,2,3,2,2,1,2,3,2,3,2,2,1,3,2,3,4,1,3,4,1,3,3,2,2,3,3,1,4,1,1,3,1,3,4,1,4,1,4,2,1,2,1,1,1,3,1,1,3,1,3,3,1,2,2,1,1,4,1,2,4,4,3,2,1,1,4,1,4,3,4,1,4,1,1,1,2,3,4,1,1,2,3,2,1,3,3,1,4,3,3,3,4,2,1,2,2,4,2,1,1,4,3,1,4,4,2,4,3,2,1,1,1,2,1,1,3,3,3,3,1,1,4,2,1,2,1,1,3,3,3,3,1,3,3,2,2,4,2,2,2,2,1,4,3,3,3,3,1,3,4,1,1,2,4,2,1,3,2,3,4,1,3,1,2,3,4,1,2,2,2,1,2,4,4,1,2,2,2,2,4,3,3,2,1,4,2,2,3,2,3,2,3,2,1,1,1,4,4,1,1,2,1,3,4,2,2,4,1,1,3,3,1,1,2,2,1,4,2,4,2,3,2,4,4,1,4,3,1,2,2,1,1,3,2,1,2,2,4,2,4,2,3,1,1,2,2,2,1,4,1,3,1,4,3,3,3,4,4,2,1,4,4,2,3,4,4,1,1,1,4,1,3,4,2,4,2,2,4,4,2,3,1,4,2,2,1,1,2,4,2,2,1,1,4,4,1,1,3,4,1,4,1,2,4,3,2,3,3,1,1,2,1,4,2,1,2,1,3,3,4,4,4,2,3,4,1,1,1,4,2,1,4,4,1,1,3,3,3,3,2,2,1,1,4,2,2,2,2,3,1,1,4,2,4,2,1,1,2,2,4,1,3,4,3,3,1,4,3,2,4,3,3,4,1,3,1,1,2,1,4,4,2,3,3,1,3,1,2,3,4,3,2,1,1,4,2,1,3,1,2,2,2,2,2,3,2,4,4,2,4,3,1,1,2,1,3,1,1,1,1,1,1,3,1,1,1,3,3,3,2,4,2,2,1,2,4,3,4,1,3,3,3,3,2,1,2,3,1,3,3,1,1,1,2,4,2,1,4,3,2,1,2,1,3,1,1,3,2,1,3,2,2,2,3,4,1,1,4,2,2,2,3,1,3,4,4,2,4,2,1,2,3,4,3,3,1,3,2,2,2,2,3,3,3,4,1,3,4,1,4,1,1,2,4,3,1,1,2,3,1,1,4,1,3,1,1,1,2,2,4,1,2,1,4,4,4,3,2,2,4,4,3,4,4,3"
59,0.9877030496613249,0.43137254901960786,2253.0,"2,1,2,4,1,1,1,2,2,1,3,4,2,1,1,1,1,4,3,4,4,2,1,4,3,4,4,1,2,2,1,4,4,2,1,4,2,4,1,4,4,3,1,3,4,3,3,1,2,2,1,2,3,2,1,2,1,4,3,3,1,2,4,2,3,4,1,1,2,1,2,2,2,1,1,2,2,1,2,3,2,4,3,1,1,3,1,1,1,1,1,1,3,4,2,1,2,3,2,1,1,3,2,4,3,4,2,1,2,4,2,2,2,2,4,3,1,2,4,1,3,1,4,2,1,4,2,4,1,2,4,2,2,1,3,3,3,4,4,2,2,4,3,1,2,2,3,3,2,3,3,3,4,4,1,4,1,1,1,3,4,2,2,1,2,4,4,4,3,4,2,4,3,2,1,4,3,4,2,2,2,3,4,4,3,3,3,2,3,2,1,2,2,3,2,2,4,2,3,2,2,4,1,4,2,4,3,1,3,2,4,2,4,2,3,1,3,1,2,1,1,1,4,2,4,1,2,2,2,3,1,1,2,3,1,4,3,4,1,1,1,1,2,2,2,1,2,3,4,1,3,1,4,2,3,3,1,4,4,4,4,2,2,4,2,2,4,2,2,4,4,1,1,3,4,3,1,2,3,1,1,4,3,1,1,4,1,2,3,4,4,2,3,2,2,2,2,1,1,1,4,2,2,3,4,4,3,1,1,1,4,1,2,3,1,1,2,3,2,4,1,3,3,3,4,2,1,2,3,1,3,3,1,1,1,3,4,3,2,3,1,2,3,3,4,2,2,4,3,4,2,4,1,1,4,3,2,4,3,3,2,1,3,2,2,3,3,2,1,3,3,2,3,4,2,4,4,3,2,4,2,2,1,1,1,3,2,4,2,1,1,2,1,2,2,2,2,1,3,4,2,2,2,1,4,2,3,4,2,1,3,4,4,4,3,2,4,2,2,2,4,3,1,1,1,1,3,1,1,3,4,3,1,1,2,1,2,2,4,1,1,2,4,4,1,2,3,2,1,1,2,3,2,4,1,1,1,4,3,1,2,3,1,2,3,4,2,2,3,1,2,3,1,1,2,4,2,3,1,4,3,1,4,1,3,1,2,1,1,1,1,4,4,3,1,1,2,4,1,1,2,1,1,2,2,2,2,3,3,3,1,3,1,3,2,3,1,1,2,2,4,4,1,2,4,1,1,2,1,2,1,4,4,2,3,3,1,4,2,3,2,2,3,3,1,1,3,2,2,3,4,1,2,2,1,2,1,1,1,2,4,3,2,3,3,4,4,2,4,3,3,1,3,3,1,4,3,4,1,1,1,4,4,2,1,4,2,2,1,1,4,1,3,2,2,2,3,4,1,1,2,2,1,4,4,3,4,3,3,2,1,3,4,1,2,3,3,3,4,2,3,2,1,1,3,1,1,3,2,2,2,1,1,1,4,2,2,4,1,3,4,1,3,3,4,1,1,3,3,1,1,4,2,2,1,3,1,3,3,4,3,4,2,3,1,2,2,1,2,2,1,2,2,4,1,2,1,3,4,3,1,1,3,3,1,4,1,3,1,1,1,2,3,3,2,2,1,2,3,3,4,1,4,3,4,2,1,2,4,3,3,1,1,1,2,1,2,3,4,4,2,4,2,2,3,2,3,3,2,2,2,3,2,3,4,2,1,3,3,1,3,2,1,3,1,1,3,2,3,4,3,2,4,3,1,4,2,4,1,1,2,2,2,2,2,1,1,1,1,3,1,4,1,4,2,3,1,2,2,4,1,3,2,3,1,3,2,2,2,2,4,2,4,3,1,4,1,3,3,3,3,2,1,2,4,4,2,2,1,3,4,1,3,4,1,2,2,3,3,2,2,3,3,3,4,3,2,2,2,1,3,1,3,1,3,4,1,3,3,2,2,3,1,2,2,1,1,3,3,1,2,2,1,1,2,1,3,1,1,2,1,2,3,4,3,1,4,3,2,4,4,3,2,3,2,1,1,2,1,3,2,4,4,3,3,3,3,4,1,1,3,2,2,2,1,1,1,4,2,3,1,2,2,3,1,1,1,3,1,3,2,2,1,2,1,1,2,1,1,4,1,2,4,4,2,1,2,2,4,2,4,4,4,4,1,3,2,1,1,1,2,3,1,2,3,1,3,4,3,3,4,3,1,2,1,3,3,3,1,4,4,4,1,1,1,1,1,4,2,4,2,3,4,4,1,1,1,1,3,4,3,1,1,3,1,1,2,1,2,3,4,2,4,1,1,1,2,4,3,1,2,3,1,1,2,2,1,4,1,2,2,2,4,3,4,2,4,1,4,1,4,1,4,3,1,1,4,4,1,4,2,4,3,1,3,3,2,2,3,1,3,4,1,1,4,1,2,1,1,1,1,3,3,3,2,4,4,2,1,2,1,1,2,1,3,3,3,3,2,3,1,2,2,3,4,4,3,3,1,1,3,3,4,3,4,3,1,4,4,4,3,2,4,1,3,4,3,2,2,3,3,3,4,3,1,2,4,4,2,2,1,1,1,4,1,1,1,3,3,4,2,1,3,3,4,2,1,3,4,4,3,4,2,4,2,2,3,2,2,1,2,3,2,3,2,2,1,3,2,3,4,1,3,4,1,3,3,2,2,3,3,1,4,1,1,3,1,3,4,1,4,1,4,2,1,2,1,1,1,3,1,1,3,1,3,3,1,2,2,1,1,4,1,2,4,4,3,2,1,1,4,1,4,3,4,1,4,1,1,1,2,3,4,1,1,2,3,2,1,3,3,1,4,3,3,3,4,2,1,2,2,4,2,1,1,4,3,1,4,4,2,4,3,2,1,1,1,2,1,1,3,3,3,3,1,1,4,2,1,2,1,1,3,3,3,3,1,3,3,2,2,4,2,2,2,2,1,4,3,3,3,3,1,3,4,1,1,2,4,2,1,3,2,3,4,1,3,1,2,3,4,1,2,2,2,1,2,4,4,1,2,2,2,2,4,3,3,2,1,4,2,2,3,2,3,2,3,2,1,1,1,4,4,1,1,2,1,3,4,2,2,4,1,1,3,3,1,1,2,2,1,4,2,4,2,3,2,4,4,1,4,3,1,2,2,1,1,3,2,1,2,2,4,2,4,2,3,1,1,2,2,2,1,4,1,3,1,4,3,3,3,4,4,2,1,4,4,2,3,4,4,1,1,1,4,1,3,4,2,4,2,2,4,4,2,3,1,4,2,2,1,1,2,4,2,2,1,1,4,4,1,1,3,4,1,4,1,2,4,3,2,3,3,1,1,2,1,4,2,1,2,1,3,3,4,4,4,2,3,4,1,1,1,4,2,1,4,4,1,1,3,3,3,3,2,2,1,1,4,2,2,2,2,3,1,1,4,2,4,2,1,1,2,2,4,1,3,4,3,3,1,4,3,2,4,3,3,4,1,3,1,1,2,1,4,4,2,3,3,1,3,1,2,3,4,3,2,1,1,4,2,1,3,1,2,2,2,2,2,3,2,4,4,2,4,3,1,1,2,1,3,1,1,1,1,1,1,3,1,1,1,3,3,3,2,4,2,2,1,2,4,3,4,1,3,3,3,3,2,1,2,3,1,3,3,1,1,1,2,4,2,1,4,3,2,1,2,1,3,1,1,3,2,1,3,2,2,2,3,4,1,1,4,2,2,2,3,1,3,4,4,2,4,2,1,2,3,4,3,3,1,3,2,2,2,2,3,3,3,4,1,3,4,1,4,1,1,2,4,3,1,1,2,3,1,1,4,1,3,1,1,1,2,2,4,1,2,1,4,4,4,3,2,2,4,4,3,4,4,3"
60,0.9877030496613249,0.43137254901960786,2253.0,"2,1,2,4,1,1,1,2,2,1,3,4,2,1,1,1,1,4,3,4,4,2,1,4,3,4,4,1,2,2,1,4,4,2,1,4,2,4,1,4,4,3,1,3,4,3,3,1,2,2,1,2,3,2,1,2,1,4,3,3,1,2,4,2,3,4,1,1,2,1,2,2,2,1,1,2,2,1,2,3,2,4,3,1,1,3,1,1,1,1,1,1,3,4,2,1,2,3,2,1,1,3,2,4,3,4,2,1,2,4,2,2,2,2,4,3,1,2,4,1,3,1,4,2,1,4,2,4,1,2,4,2,2,1,3,3,3,4,4,2,2,4,3,1,2,2,3,3,2,3,3,3,4,4,1,4,1,1,1,3,4,2,2,1,2,4,4,4,3,4,2,4,3,2,1,4,3,4,2,2,2,3,4,4,3,3,3,2,3,2,1,2,2,3,2,2,4,2,3,2,2,4,1,4,2,4,3,1,3,2,4,2,4,2,3,1,3,1,2,1,1,1,4,2,4,1,2,2,2,3,1,1,2,3,1,4,3,4,1,1,1,1,2,2,2,1,2,3,4,1,3,1,4,2,3,3,1,4,4,4,4,2,2,4,2,2,4,2,2,4,4,1,1,3,4,3,1,2,3,1,1,4,3,1,1,4,1,2,3,4,4,2,3,2,2,2,2,1,1,1,4,2,2,3,4,4,3,1,1,1,4,1,2,3,1,1,2,3,2,4,1,3,3,3,4,2,1,2,3,1,3,3,1,1,1,3,4,3,2,3,1,2,3,3,4,2,2,4,3,4,2,4,1,1,4,3,2,4,3,3,2,1,3,2,2,3,3,2,1,3,3,2,3,4,2,4,4,3,2,4,2,2,1,1,1,3,2,4,2,1,1,2,1,2,2,2,2,1,3,4,2,2,2,1,4,2,3,4,2,1,3,4,4,4,3,2,4,2,2,2,4,3,1,1,1,1,3,1,1,3,4,3,1,1,2,1,2,2,4,1,1,2,4,4,1,2,3,2,1,1,2,3,2,4,1,1,1,4,3,1,2,3,1,2,3,4,2,2,3,1,2,3,1,1,2,4,2,3,1,4,3,1,4,1,3,1,2,1,1,1,1,4,4,3,1,1,2,4,1,1,2,1,1,2,2,2,2,3,3,3,1,3,1,3,2,3,1,1,2,2,4,4,1,2,4,1,1,2,1,2,1,4,4,2,3,3,1,4,2,3,2,2,3,3,1,1,3,2,2,3,4,1,2,2,1,2,1,1,1,2,4,3,2,3,3,4,4,2,4,3,3,1,3,3,1,4,3,4,1,1,1,4,4,2,1,4,2,2,1,1,4,1,3,2,2,2,3,4,1,1,2,2,1,4,4,3,4,3,3,2,1,3,4,1,2,3,3,3,4,2,3,2,1,1,3,1,1,3,2,2,2,1,1,1,4,2,2,4,1,3,4,1,3,3,4,1,1,3,3,1,1,4,2,2,1,3,1,3,3,4,3,4,2,3,1,2,2,1,2,2,1,2,2,4,1,2,1,3,4,3,1,1,3,3,1,4,1,3,1,1,1,2,3,3,2,2,1,2,3,3,4,1,4,3,4,2,1,2,4,3,3,1,1,1,2,1,2,3,4,4,2,4,2,2,3,2,3,3,2,2,2,3,2,3,4,2,1,3,3,1,3,2,1,3,1,1,3,2,3,4,3,2,4,3,1,4,2,4,1,1,2,2,2,2,2,1,1,1,1,3,1,4,1,4,2,3,1,2,2,4,1,3,2,3,1,3,2,2,2,2,4,2,4,3,1,4,1,3,3,3,3,2,1,2,4,4,2,2,1,3,4,1,3,4,1,2,2,3,3,2,2,3,3,3,4,3,2,2,2,1,3,1,3,1,3,4,1,3,3,2,2,3,1,2,2,1,1,3,3,1,2,2,1,1,2,1,3,1,1,2,1,2,3,4,3,1,4,3,2,4,4,3,2,3,2,1,1,2,1,3,2,4,4,3,3,3,3,4,1,1,3,2,2,2,1,1,1,4,2,3,1,2,2,3,1,1,1,3,1,3,2,2,1,2,1,1,2,1,1,4,1,2,4,4,2,1,2,2,4,2,4,4,4,4,1,3,2,1,1,1,2,3,1,2,3,1,3,4,3,3,4,3,1,2,1,3,3,3,1,4,4,4,1,1,1,1,1,4,2,4,2,3,4,4,1,1,1,1,3,4,3,1,1,3,1,1,2,1,2,3,4,2,4,1,1,1,2,4,3,1,2,3,1,1,2,2,1,4,1,2,2,2,4,3,4,2,4,1,4,1,4,1,4,3,1,1,4,4,1,4,2,4,3,1,3,3,2,2,3,1,3,4,1,1,4,1,2,1,1,1,1,3,3,3,2,4,4,2,1,2,1,1,2,1,3,3,3,3,2,3,1,2,2,3,4,4,3,3,1,1,3,3,4,3,4,3,1,4,4,4,3,2,4,1,3,4,3,2,2,3,3,3,4,3,1,2,4,4,2,2,1,1,1,4,1,1,1,3,3,4,2,1,3,3,4,2,1,3,4,4,3,4,2,4,2,2,3,2,2,1,2,3,2,3,2,2,1,3,2,3,4,1,3,4,1,3,3,2,2,3,3,1,4,1,1,3,1,3,4,1,4,1,4,2,1,2,1,1,1,3,1,1,3,1,3,3,1,2,2,1,1,4,1,2,4,4,3,2,1,1,4,1,4,3,4,1,4,1,1,1,2,3,4,1,1,2,3,2,1,3,3,1,4,3,3,3,4,2,1,2,2,4,2,1,1,4,3,1,4,4,2,4,3,2,1,1,1,2,1,1,3,3,3,3,1,1,4,2,1,2,1,1,3,3,3,3,1,3,3,2,2,4,2,2,2,2,1,4,3,3,3,3,1,3,4,1,1,2,4,2,1,3,2,3,4,1,3,1,2,3,4,1,2,2,2,1,2,4,4,1,2,2,2,2,4,3,3,2,1,4,2,2,3,2,3,2,3,2,1,1,1,4,4,1,1,2,1,3,4,2,2,4,1,1,3,3,1,1,2,2,1,4,2,4,2,3,2,4,4,1,4,3,1,2,2,1,1,3,2,1,2,2,4,2,4,2,3,1,1,2,2,2,1,4,1,3,1,4,3,3,3,4,4,2,1,4,4,2,3,4,4,1,1,1,4,1,3,4,2,4,2,2,4,4,2,3,1,4,2,2,1,1,2,4,2,2,1,1,4,4,1,1,3,4,1,4,1,2,4,3,2,3,3,1,1,2,1,4,2,1,2,1,3,3,4,4,4,2,3,4,1,1,1,4,2,1,4,4,1,1,3,3,3,3,2,2,1,1,4,2,2,2,2,3,1,1,4,2,4,2,1,1,2,2,4,1,3,4,3,3,1,4,3,2,4,3,3,4,1,3,1,1,2,1,4,4,2,3,3,1,3,1,2,3,4,3,2,1,1,4,2,1,3,1,2,2,2,2,2,3,2,4,4,2,4,3,1,1,2,1,3,1,1,1,1,1,1,3,1,1,1,3,3,3,2,4,2,2,1,2,4,3,4,1,3,3,3,3,2,1,2,3,1,3,3,1,1,1,2,4,2,1,4,3,2,1,2,1,3,1,1,3,2,1,3,2,2,2,3,4,1,1,4,2,2,2,3,1,3,4,4,2,4,2,1,2,3,4,3,3,1,3,2,2,2,2,3,3,3,4,1,3,4,1,4,1,1,2,4,3,1,1,2,3,1,1,4,1,3,1,1,1,2,2,4,1,2,1,4,4,4,3,2,2,4,4,3,4,4,3"
61,0.9877030496613249,0.43137254901960786,2253.0,"2,1,2,4,1,1,1,2,2,1,3,4,2,1,1,1,1,4,3,4,4,2,1,4,3,4,4,1,2,2,1,4,4,2,1,4,2,4,1,4,4,3,1,3,4,3,3,1,2,2,1,2,3,2,1,2,1,4,3,3,1,2,4,2,3,4,1,1,2,1,2,2,2,1,1,2,2,1,2,3,2,4,3,1,1,3,1,1,1,1,1,1,3,4,2,1,2,3,2,1,1,3,2,4,3,4,2,1,2,4,2,2,2,2,4,3,1,2,4,1,3,1,4,2,1,4,2,4,1,2,4,2,2,1,3,3,3,4,4,2,2,4,3,1,2,2,3,3,2,3,3,3,4,4,1,4,1,1,1,3,4,2,2,1,2,4,4,4,3,4,2,4,3,2,1,4,3,4,2,2,2,3,4,4,3,3,3,2,3,2,1,2,2,3,2,2,4,2,3,2,2,4,1,4,2,4,3,1,3,2,4,2,4,2,3,1,3,1,2,1,1,1,4,2,4,1,2,2,2,3,1,1,2,3,1,4,3,4,1,1,1,1,2,2,2,1,2,3,4,1,3,1,4,2,3,3,1,4,4,4,4,2,2,4,2,2,4,2,2,4,4,1,1,3,4,3,1,2,3,1,1,4,3,1,1,4,1,2,3,4,4,2,3,2,2,2,2,1,1,1,4,2,2,3,4,4,3,1,1,1,4,1,2,3,1,1,2,3,2,4,1,3,3,3,4,2,1,2,3,1,3,3,1,1,1,3,4,3,2,3,1,2,3,3,4,2,2,4,3,4,2,4,1,1,4,3,2,4,3,3,2,1,3,2,2,3,3,2,1,3,3,2,3,4,2,4,4,3,2,4,2,2,1,1,1,3,2,4,2,1,1,2,1,2,2,2,2,1,3,4,2,2,2,1,4,2,3,4,2,1,3,4,4,4,3,2,4,2,2,2,4,3,1,1,1,1,3,1,1,3,4,3,1,1,2,1,2,2,4,1,1,2,4,4,1,2,3,2,1,1,2,3,2,4,1,1,1,4,3,1,2,3,1,2,3,4,2,2,3,1,2,3,1,1,2,4,2,3,1,4,3,1,4,1,3,1,2,1,1,1,1,4,4,3,1,1,2,4,1,1,2,1,1,2,2,2,2,3,3,3,1,3,1,3,2,3,1,1,2,2,4,4,1,2,4,1,1,2,1,2,1,4,4,2,3,3,1,4,2,3,2,2,3,3,1,1,3,2,2,3,4,1,2,2,1,2,1,1,1,2,4,3,2,3,3,4,4,2,4,3,3,1,3,3,1,4,3,4,1,1,1,4,4,2,1,4,2,2,1,1,4,1,3,2,2,2,3,4,1,1,2,2,1,4,4,3,4,3,3,2,1,3,4,1,2,3,3,3,4,2,3,2,1,1,3,1,1,3,2,2,2,1,1,1,4,2,2,4,1,3,4,1,3,3,4,1,1,3,3,1,1,4,2,2,1,3,1,3,3,4,3,4,2,3,1,2,2,1,2,2,1,2,2,4,1,2,1,3,4,3,1,1,3,3,1,4,1,3,1,1,1,2,3,3,2,2,1,2,3,3,4,1,4,3,4,2,1,2,4,3,3,1,1,1,2,1,2,3,4,4,2,4,2,2,3,2,3,3,2,2,2,3,2,3,4,2,1,3,3,1,3,2,1,3,1,1,3,2,3,4,3,2,4,3,1,4,2,4,1,1,2,2,2,2,2,1,1,1,1,3,1,4,1,4,2,3,1,2,2,4,1,3,2,3,1,3,2,2,2,2,4,2,4,3,1,4,1,3,3,3,3,2,1,2,4,4,2,2,1,3,4,1,3,4,1,2,2,3,3,2,2,3,3,3,4,3,2,2,2,1,3,1,3,1,3,4,1,3,3,2,2,3,1,2,2,1,1,3,3,1,2,2,1,1,2,1,3,1,1,2,1,2,3,4,3,1,4,3,2,4,4,3,2,3,2,1,1,2,1,3,2,4,4,3,3,3,3,4,1,1,3,2,2,2,1,1,1,4,2,3,1,2,2,3,1,1,1,3,1,3,2,2,1,2,1,1,2,1,1,4,1,2,4,4,2,1,2,2,4,2,4,4,4,4,1,3,2,1,1,1,2,3,1,2,3,1,3,4,3,3,4,3,1,2,1,3,3,3,1,4,4,4,1,1,1,1,1,4,2,4,2,3,4,4,1,1,1,1,3,4,3,1,1,3,1,1,2,1,2,3,4,2,4,1,1,1,2,4,3,1,2,3,1,1,2,2,1,4,1,2,2,2,4,3,4,2,4,1,4,1,4,1,4,3,1,1,4,4,1,4,2,4,3,1,3,3,2,2,3,1,3,4,1,1,4,1,2,1,1,1,1,3,3,3,2,4,4,2,1,2,1,1,2,1,3,3,3,3,2,3,1,2,2,3,4,4,3,3,1,1,3,3,4,3,4,3,1,4,4,4,3,2,4,1,3,4,3,2,2,3,3,3,4,3,1,2,4,4,2,2,1,1,1,4,1,1,1,3,3,4,2,1,3,3,4,2,1,3,4,4,3,4,2,4,2,2,3,2,2,1,2,3,2,3,2,2,1,3,2,3,4,1,3,4,1,3,3,2,2,3,3,1,4,1,1,3,1,3,4,1,4,1,4,2,1,2,1,1,1,3,1,1,3,1,3,3,1,2,2,1,1,4,1,2,4,4,3,2,1,1,4,1,4,3,4,1,4,1,1,1,2,3,4,1,1,2,3,2,1,3,3,1,4,3,3,3,4,2,1,2,2,4,2,1,1,4,3,1,4,4,2,4,3,2,1,1,1,2,1,1,3,3,3,3,1,1,4,2,1,2,1,1,3,3,3,3,1,3,3,2,2,4,2,2,2,2,1,4,3,3,3,3,1,3,4,1,1,2,4,2,1,3,2,3,4,1,3,1,2,3,4,1,2,2,2,1,2,4,4,1,2,2,2,2,4,3,3,2,1,4,2,2,3,2,3,2,3,2,1,1,1,4,4,1,1,2,1,3,4,2,2,4,1,1,3,3,1,1,2,2,1,4,2,4,2,3,2,4,4,1,4,3,1,2,2,1,1,3,2,1,2,2,4,2,4,2,3,1,1,2,2,2,1,4,1,3,1,4,3,3,3,4,4,2,1,4,4,2,3,4,4,1,1,1,4,1,3,4,2,4,2,2,4,4,2,3,1,4,2,2,1,1,2,4,2,2,1,1,4,4,1,1,3,4,1,4,1,2,4,3,2,3,3,1,1,2,1,4,2,1,2,1,3,3,4,4,4,2,3,4,1,1,1,4,2,1,4,4,1,1,3,3,3,3,2,2,1,1,4,2,2,2,2,3,1,1,4,2,4,2,1,1,2,2,4,1,3,4,3,3,1,4,3,2,4,3,3,4,1,3,1,1,2,1,4,4,2,3,3,1,3,1,2,3,4,3,2,1,1,4,2,1,3,1,2,2,2,2,2,3,2,4,4,2,4,3,1,1,2,1,3,1,1,1,1,1,1,3,1,1,1,3,3,3,2,4,2,2,1,2,4,3,4,1,3,3,3,3,2,1,2,3,1,3,3,1,1,1,2,4,2,1,4,3,2,1,2,1,3,1,1,3,2,1,3,2,2,2,3,4,1,1,4,2,2,2,3,1,3,4,4,2,4,2,1,2,3,4,3,3,1,3,2,2,2,2,3,3,3,4,1,3,4,1,4,1,1,2,4,3,1,1,2,3,1,1,4,1,3,1,1,1,2,2,4,1,2,1,4,4,4,3,2,2,4,4,3,4,4,3"
62,0.9877030496613249,0.43137254901960786,2253.0,"2,1,2,4,1,1,1,2,2,1,3,4,2,1,1,1,1,4,3,4,4,2,1,4,3,4,4,1,2,2,1,4,4,2,1,4,2,4,1,4,4,3,1,3,4,3,3,1,2,2,1,2,3,2,1,2,1,4,3,3,1,2,4,2,3,4,1,1,2,1,2,2,2,1,1,2,2,1,2,3,2,4,3,1,1,3,1,1,1,1,1,1,3,4,2,1,2,3,2,1,1,3,2,4,3,4,2,1,2,4,2,2,2,2,4,3,1,2,4,1,3,1,4,2,1,4,2,4,1,2,4,2,2,1,3,3,3,4,4,2,2,4,3,1,2,2,3,3,2,3,3,3,4,4,1,4,1,1,1,3,4,2,2,1,2,4,4,4,3,4,2,4,3,2,1,4,3,4,2,2,2,3,4,4,3,3,3,2,3,2,1,2,2,3,2,2,4,2,3,2,2,4,1,4,2,4,3,1,3,2,4,2,4,2,3,1,3,1,2,1,1,1,4,2,4,1,2,2,2,3,1,1,2,3,1,4,3,4,1,1,1,1,2,2,2,1,2,3,4,1,3,1,4,2,3,3,1,4,4,4,4,2,2,4,2,2,4,2,2,4,4,1,1,3,4,3,1,2,3,1,1,4,3,1,1,4,1,2,3,4,4,2,3,2,2,2,2,1,1,1,4,2,2,3,4,4,3,1,1,1,4,1,2,3,1,1,2,3,2,4,1,3,3,3,4,2,1,2,3,1,3,3,1,1,1,3,4,3,2,3,1,2,3,3,4,2,2,4,3,4,2,4,1,1,4,3,2,4,3,3,2,1,3,2,2,3,3,2,1,3,3,2,3,4,2,4,4,3,2,4,2,2,1,1,1,3,2,4,2,1,1,2,1,2,2,2,2,1,3,4,2,2,2,1,4,2,3,4,2,1,3,4,4,4,3,2,4,2,2,2,4,3,1,1,1,1,3,1,1,3,4,3,1,1,2,1,2,2,4,1,1,2,4,4,1,2,3,2,1,1,2,3,2,4,1,1,1,4,3,1,2,3,1,2,3,4,2,2,3,1,2,3,1,1,2,4,2,3,1,4,3,1,4,1,3,1,2,1,1,1,1,4,4,3,1,1,2,4,1,1,2,1,1,2,2,2,2,3,3,3,1,3,1,3,2,3,1,1,2,2,4,4,1,2,4,1,1,2,1,2,1,4,4,2,3,3,1,4,2,3,2,2,3,3,1,1,3,2,2,3,4,1,2,2,1,2,1,1,1,2,4,3,2,3,3,4,4,2,4,3,3,1,3,3,1,4,3,4,1,1,1,4,4,2,1,4,2,2,1,1,4,1,3,2,2,2,3,4,1,1,2,2,1,4,4,3,4,3,3,2,1,3,4,1,2,3,3,3,4,2,3,2,1,1,3,1,1,3,2,2,2,1,1,1,4,2,2,4,1,3,4,1,3,3,4,1,1,3,3,1,1,4,2,2,1,3,1,3,3,4,3,4,2,3,1,2,2,1,2,2,1,2,2,4,1,2,1,3,4,3,1,1,3,3,1,4,1,3,1,1,1,2,3,3,2,2,1,2,3,3,4,1,4,3,4,2,1,2,4,3,3,1,1,1,2,1,2,3,4,4,2,4,2,2,3,2,3,3,2,2,2,3,2,3,4,2,1,3,3,1,3,2,1,3,1,1,3,2,3,4,3,2,4,3,1,4,2,4,1,1,2,2,2,2,2,1,1,1,1,3,1,4,1,4,2,3,1,2,2,4,1,3,2,3,1,3,2,2,2,2,4,2,4,3,1,4,1,3,3,3,3,2,1,2,4,4,2,2,1,3,4,1,3,4,1,2,2,3,3,2,2,3,3,3,4,3,2,2,2,1,3,1,3,1,3,4,1,3,3,2,2,3,1,2,2,1,1,3,3,1,2,2,1,1,2,1,3,1,1,2,1,2,3,4,3,1,4,3,2,4,4,3,2,3,2,1,1,2,1,3,2,4,4,3,3,3,3,4,1,1,3,2,2,2,1,1,1,4,2,3,1,2,2,3,1,1,1,3,1,3,2,2,1,2,1,1,2,1,1,4,1,2,4,4,2,1,2,2,4,2,4,4,4,4,1,3,2,1,1,1,2,3,1,2,3,1,3,4,3,3,4,3,1,2,1,3,3,3,1,4,4,4,1,1,1,1,1,4,2,4,2,3,4,4,1,1,1,1,3,4,3,1,1,3,1,1,2,1,2,3,4,2,4,1,1,1,2,4,3,1,2,3,1,1,2,2,1,4,1,2,2,2,4,3,4,2,4,1,4,1,4,1,4,3,1,1,4,4,1,4,2,4,3,1,3,3,2,2,3,1,3,4,1,1,4,1,2,1,1,1,1,3,3,3,2,4,4,2,1,2,1,1,2,1,3,3,3,3,2,3,1,2,2,3,4,4,3,3,1,1,3,3,4,3,4,3,1,4,4,4,3,2,4,1,3,4,3,2,2,3,3,3,4,3,1,2,4,4,2,2,1,1,1,4,1,1,1,3,3,4,2,1,3,3,4,2,1,3,4,4,3,4,2,4,2,2,3,2,2,1,2,3,2,3,2,2,1,3,2,3,4,1,3,4,1,3,3,2,2,3,3,1,4,1,1,3,1,3,4,1,4,1,4,2,1,2,1,1,1,3,1,1,3,1,3,3,1,2,2,1,1,4,1,2,4,4,3,2,1,1,4,1,4,3,4,1,4,1,1,1,2,3,4,1,1,2,3,2,1,3,3,1,4,3,3,3,4,2,1,2,2,4,2,1,1,4,3,1,4,4,2,4,3,2,1,1,1,2,1,1,3,3,3,3,1,1,4,2,1,2,1,1,3,3,3,3,1,3,3,2,2,4,2,2,2,2,1,4,3,3,3,3,1,3,4,1,1,2,4,2,1,3,2,3,4,1,3,1,2,3,4,1,2,2,2,1,2,4,4,1,2,2,2,2,4,3,3,2,1,4,2,2,3,2,3,2,3,2,1,1,1,4,4,1,1,2,1,3,4,2,2,4,1,1,3,3,1,1,2,2,1,4,2,4,2,3,2,4,4,1,4,3,1,2,2,1,1,3,2,1,2,2,4,2,4,2,3,1,1,2,2,2,1,4,1,3,1,4,3,3,3,4,4,2,1,4,4,2,3,4,4,1,1,1,4,1,3,4,2,4,2,2,4,4,2,3,1,4,2,2,1,1,2,4,2,2,1,1,4,4,1,1,3,4,1,4,1,2,4,3,2,3,3,1,1,2,1,4,2,1,2,1,3,3,4,4,4,2,3,4,1,1,1,4,2,1,4,4,1,1,3,3,3,3,2,2,1,1,4,2,2,2,2,3,1,1,4,2,4,2,1,1,2,2,4,1,3,4,3,3,1,4,3,2,4,3,3,4,1,3,1,1,2,1,4,4,2,3,3,1,3,1,2,3,4,3,2,1,1,4,2,1,3,1,2,2,2,2,2,3,2,4,4,2,4,3,1,1,2,1,3,1,1,1,1,1,1,3,1,1,1,3,3,3,2,4,2,2,1,2,4,3,4,1,3,3,3,3,2,1,2,3,1,3,3,1,1,1,2,4,2,1,4,3,2,1,2,1,3,1,1,3,2,1,3,2,2,2,3,4,1,1,4,2,2,2,3,1,3,4,4,2,4,2,1,2,3,4,3,3,1,3,2,2,2,2,3,3,3,4,1,3,4,1,4,1,1,2,4,3,1,1,2,3,1,1,4,1,3,1,1,1,2,2,4,1,2,1,4,4,4,3,2,2,4,4,3,4,4,3"
63,0.9877030496613249,0.43137254901960786,2253.0,"2,1,2,4,1,1,1,2,2,1,3,4,2,1,1,1,1,4,3,4,4,2,1,4,3,4,4,1,2,2,1,4,4,2,1,4,2,4,1,4,4,3,1,3,4,3,3,1,2,2,1,2,3,2,1,2,1,4,3,3,1,2,4,2,3,4,1,1,2,1,2,2,2,1,1,2,2,1,2,3,2,4,3,1,1,3,1,1,1,1,1,1,3,4,2,1,2,3,2,1,1,3,2,4,3,4,2,1,2,4,2,2,2,2,4,3,1,2,4,1,3,1,4,2,1,4,2,4,1,2,4,2,2,1,3,3,3,4,4,2,2,4,3,1,2,2,3,3,2,3,3,3,4,4,1,4,1,1,1,3,4,2,2,1,2,4,4,4,3,4,2,4,3,2,1,4,3,4,2,2,2,3,4,4,3,3,3,2,3,2,1,2,2,3,2,2,4,2,3,2,2,4,1,4,2,4,3,1,3,2,4,2,4,2,3,1,3,1,2,1,1,1,4,2,4,1,2,2,2,3,1,1,2,3,1,4,3,4,1,1,1,1,2,2,2,1,2,3,4,1,3,1,4,2,3,3,1,4,4,4,4,2,2,4,2,2,4,2,2,4,4,1,1,3,4,3,1,2,3,1,1,4,3,1,1,4,1,2,3,4,4,2,3,2,2,2,2,1,1,1,4,2,2,3,4,4,3,1,1,1,4,1,2,3,1,1,2,3,2,4,1,3,3,3,4,2,1,2,3,1,3,3,1,1,1,3,4,3,2,3,1,2,3,3,4,2,2,4,3,4,2,4,1,1,4,3,2,4,3,3,2,1,3,2,2,3,3,2,1,3,3,2,3,4,2,4,4,3,2,4,2,2,1,1,1,3,2,4,2,1,1,2,1,2,2,2,2,1,3,4,2,2,2,1,4,2,3,4,2,1,3,4,4,4,3,2,4,2,2,2,4,3,1,1,1,1,3,1,1,3,4,3,1,1,2,1,2,2,4,1,1,2,4,4,1,2,3,2,1,1,2,3,2,4,1,1,1,4,3,1,2,3,1,2,3,4,2,2,3,1,2,3,1,1,2,4,2,3,1,4,3,1,4,1,3,1,2,1,1,1,1,4,4,3,1,1,2,4,1,1,2,1,1,2,2,2,2,3,3,3,1,3,1,3,2,3,1,1,2,2,4,4,1,2,4,1,1,2,1,2,1,4,4,2,3,3,1,4,2,3,2,2,3,3,1,1,3,2,2,3,4,1,2,2,1,2,1,1,1,2,4,3,2,3,3,4,4,2,4,3,3,1,3,3,1,4,3,4,1,1,1,4,4,2,1,4,2,2,1,1,4,1,3,2,2,2,3,4,1,1,2,2,1,4,4,3,4,3,3,2,1,3,4,1,2,3,3,3,4,2,3,2,1,1,3,1,1,3,2,2,2,1,1,1,4,2,2,4,1,3,4,1,3,3,4,1,1,3,3,1,1,4,2,2,1,3,1,3,3,4,3,4,2,3,1,2,2,1,2,2,1,2,2,4,1,2,1,3,4,3,1,1,3,3,1,4,1,3,1,1,1,2,3,3,2,2,1,2,3,3,4,1,4,3,4,2,1,2,4,3,3,1,1,1,2,1,2,3,4,4,2,4,2,2,3,2,3,3,2,2,2,3,2,3,4,2,1,3,3,1,3,2,1,3,1,1,3,2,3,4,3,2,4,3,1,4,2,4,1,1,2,2,2,2,2,1,1,1,1,3,1,4,1,4,2,3,1,2,2,4,1,3,2,3,1,3,2,2,2,2,4,2,4,3,1,4,1,3,3,3,3,2,1,2,4,4,2,2,1,3,4,1,3,4,1,2,2,3,3,2,2,3,3,3,4,3,2,2,2,1,3,1,3,1,3,4,1,3,3,2,2,3,1,2,2,1,1,3,3,1,2,2,1,1,2,1,3,1,1,2,1,2,3,4,3,1,4,3,2,4,4,3,2,3,2,1,1,2,1,3,2,4,4,3,3,3,3,4,1,1,3,2,2,2,1,1,1,4,2,3,1,2,2,3,1,1,1,3,1,3,2,2,1,2,1,1,2,1,1,4,1,2,4,4,2,1,2,2,4,2,4,4,4,4,1,3,2,1,1,1,2,3,1,2,3,1,3,4,3,3,4,3,1,2,1,3,3,3,1,4,4,4,1,1,1,1,1,4,2,4,2,3,4,4,1,1,1,1,3,4,3,1,1,3,1,1,2,1,2,3,4,2,4,1,1,1,2,4,3,1,2,3,1,1,2,2,1,4,1,2,2,2,4,3,4,2,4,1,4,1,4,1,4,3,1,1,4,4,1,4,2,4,3,1,3,3,2,2,3,1,3,4,1,1,4,1,2,1,1,1,1,3,3,3,2,4,4,2,1,2,1,1,2,1,3,3,3,3,2,3,1,2,2,3,4,4,3,3,1,1,3,3,4,3,4,3,1,4,4,4,3,2,4,1,3,4,3,2,2,3,3,3,4,3,1,2,4,4,2,2,1,1,1,4,1,1,1,3,3,4,2,1,3,3,4,2,1,3,4,4,3,4,2,4,2,2,3,2,2,1,2,3,2,3,2,2,1,3,2,3,4,1,3,4,1,3,3,2,2,3,3,1,4,1,1,3,1,3,4,1,4,1,4,2,1,2,1,1,1,3,1,1,3,1,3,3,1,2,2,1,1,4,1,2,4,4,3,2,1,1,4,1,4,3,4,1,4,1,1,1,2,3,4,1,1,2,3,2,1,3,3,1,4,3,3,3,4,2,1,2,2,4,2,1,1,4,3,1,4,4,2,4,3,2,1,1,1,2,1,1,3,3,3,3,1,1,4,2,1,2,1,1,3,3,3,3,1,3,3,2,2,4,2,2,2,2,1,4,3,3,3,3,1,3,4,1,1,2,4,2,1,3,2,3,4,1,3,1,2,3,4,1,2,2,2,1,2,4,4,1,2,2,2,2,4,3,3,2,1,4,2,2,3,2,3,2,3,2,1,1,1,4,4,1,1,2,1,3,4,2,2,4,1,1,3,3,1,1,2,2,1,4,2,4,2,3,2,4,4,1,4,3,1,2,2,1,1,3,2,1,2,2,4,2,4,2,3,1,1,2,2,2,1,4,1,3,1,4,3,3,3,4,4,2,1,4,4,2,3,4,4,1,1,1,4,1,3,4,2,4,2,2,4,4,2,3,1,4,2,2,1,1,2,4,2,2,1,1,4,4,1,1,3,4,1,4,1,2,4,3,2,3,3,1,1,2,1,4,2,1,2,1,3,3,4,4,4,2,3,4,1,1,1,4,2,1,4,4,1,1,3,3,3,3,2,2,1,1,4,2,2,2,2,3,1,1,4,2,4,2,1,1,2,2,4,1,3,4,3,3,1,4,3,2,4,3,3,4,1,3,1,1,2,1,4,4,2,3,3,1,3,1,2,3,4,3,2,1,1,4,2,1,3,1,2,2,2,2,2,3,2,4,4,2,4,3,1,1,2,1,3,1,1,1,1,1,1,3,1,1,1,3,3,3,2,4,2,2,1,2,4,3,4,1,3,3,3,3,2,1,2,3,1,3,3,1,1,1,2,4,2,1,4,3,2,1,2,1,3,1,1,3,2,1,3,2,2,2,3,4,1,1,4,2,2,2,3,1,3,4,4,2,4,2,1,2,3,4,3,3,1,3,2,2,2,2,3,3,3,4,1,3,4,1,4,1,1,2,4,3,1,1,2,3,1,1,4,1,3,1,1,1,2,2,4,1,2,1,4,4,4,3,2,2,4,4,3,4,4,3"
64,0.9877030496613249,0.43137254901960786,2253.0,"2,1,2,4,1,1,1,2,2,1,3,4,2,1,1,1,1,4,3,4,4,2,1,4,3,4,4,1,2,2,1,4,4,2,1,4,2,4,1,4,4,3,1,3,4,3,3,1,2,2,1,2,3,2,1,2,1,4,3,3,1,2,4,2,3,4,1,1,2,1,2,2,2,1,1,2,2,1,2,3,2,4,3,1,1,3,1,1,1,1,1,1,3,4,2,1,2,3,2,1,1,3,2,4,3,4,2,1,2,4,2,2,2,2,4,3,1,2,4,1,3,1,4,2,1,4,2,4,1,2,4,2,2,1,3,3,3,4,4,2,2,4,3,1,2,2,3,3,2,3,3,3,4,4,1,4,1,1,1,3,4,2,2,1,2,4,4,4,3,4,2,4,3,2,1,4,3,4,2,2,2,3,4,4,3,3,3,2,3,2,1,2,2,3,2,2,4,2,3,2,2,4,1,4,2,4,3,1,3,2,4,2,4,2,3,1,3,1,2,1,1,1,4,2,4,1,2,2,2,3,1,1,2,3,1,4,3,4,1,1,1,1,2,2,2,1,2,3,4,1,3,1,4,2,3,3,1,4,4,4,4,2,2,4,2,2,4,2,2,4,4,1,1,3,4,3,1,2,3,1,1,4,3,1,1,4,1,2,3,4,4,2,3,2,2,2,2,1,1,1,4,2,2,3,4,4,3,1,1,1,4,1,2,3,1,1,2,3,2,4,1,3,3,3,4,2,1,2,3,1,3,3,1,1,1,3,4,3,2,3,1,2,3,3,4,2,2,4,3,4,2,4,1,1,4,3,2,4,3,3,2,1,3,2,2,3,3,2,1,3,3,2,3,4,2,4,4,3,2,4,2,2,1,1,1,3,2,4,2,1,1,2,1,2,2,2,2,1,3,4,2,2,2,1,4,2,3,4,2,1,3,4,4,4,3,2,4,2,2,2,4,3,1,1,1,1,3,1,1,3,4,3,1,1,2,1,2,2,4,1,1,2,4,4,1,2,3,2,1,1,2,3,2,4,1,1,1,4,3,1,2,3,1,2,3,4,2,2,3,1,2,3,1,1,2,4,2,3,1,4,3,1,4,1,3,1,2,1,1,1,1,4,4,3,1,1,2,4,1,1,2,1,1,2,2,2,2,3,3,3,1,3,1,3,2,3,1,1,2,2,4,4,1,2,4,1,1,2,1,2,1,4,4,2,3,3,1,4,2,3,2,2,3,3,1,1,3,2,2,3,4,1,2,2,1,2,1,1,1,2,4,3,2,3,3,4,4,2,4,3,3,1,3,3,1,4,3,4,1,1,1,4,4,2,1,4,2,2,1,1,4,1,3,2,2,2,3,4,1,1,2,2,1,4,4,3,4,3,3,2,1,3,4,1,2,3,3,3,4,2,3,2,1,1,3,1,1,3,2,2,2,1,1,1,4,2,2,4,1,3,4,1,3,3,4,1,1,3,3,1,1,4,2,2,1,3,1,3,3,4,3,4,2,3,1,2,2,1,2,2,1,2,2,4,1,2,1,3,4,3,1,1,3,3,1,4,1,3,1,1,1,2,3,3,2,2,1,2,3,3,4,1,4,3,4,2,1,2,4,3,3,1,1,1,2,1,2,3,4,4,2,4,2,2,3,2,3,3,2,2,2,3,2,3,4,2,1,3,3,1,3,2,1,3,1,1,3,2,3,4,3,2,4,3,1,4,2,4,1,1,2,2,2,2,2,1,1,1,1,3,1,4,1,4,2,3,1,2,2,4,1,3,2,3,1,3,2,2,2,2,4,2,4,3,1,4,1,3,3,3,3,2,1,2,4,4,2,2,1,3,4,1,3,4,1,2,2,3,3,2,2,3,3,3,4,3,2,2,2,1,3,1,3,1,3,4,1,3,3,2,2,3,1,2,2,1,1,3,3,1,2,2,1,1,2,1,3,1,1,2,1,2,3,4,3,1,4,3,2,4,4,3,2,3,2,1,1,2,1,3,2,4,4,3,3,3,3,4,1,1,3,2,2,2,1,1,1,4,2,3,1,2,2,3,1,1,1,3,1,3,2,2,1,2,1,1,2,1,1,4,1,2,4,4,2,1,2,2,4,2,4,4,4,4,1,3,2,1,1,1,2,3,1,2,3,1,3,4,3,3,4,3,1,2,1,3,3,3,1,4,4,4,1,1,1,1,1,4,2,4,2,3,4,4,1,1,1,1,3,4,3,1,1,3,1,1,2,1,2,3,4,2,4,1,1,1,2,4,3,1,2,3,1,1,2,2,1,4,1,2,2,2,4,3,4,2,4,1,4,1,4,1,4,3,1,1,4,4,1,4,2,4,3,1,3,3,2,2,3,1,3,4,1,1,4,1,2,1,1,1,1,3,3,3,2,4,4,2,1,2,1,1,2,1,3,3,3,3,2,3,1,2,2,3,4,4,3,3,1,1,3,3,4,3,4,3,1,4,4,4,3,2,4,1,3,4,3,2,2,3,3,3,4,3,1,2,4,4,2,2,1,1,1,4,1,1,1,3,3,4,2,1,3,3,4,2,1,3,4,4,3,4,2,4,2,2,3,2,2,1,2,3,2,3,2,2,1,3,2,3,4,1,3,4,1,3,3,2,2,3,3,1,4,1,1,3,1,3,4,1,4,1,4,2,1,2,1,1,1,3,1,1,3,1,3,3,1,2,2,1,1,4,1,2,4,4,3,2,1,1,4,1,4,3,4,1,4,1,1,1,2,3,4,1,1,2,3,2,1,3,3,1,4,3,3,3,4,2,1,2,2,4,2,1,1,4,3,1,4,4,2,4,3,2,1,1,1,2,1,1,3,3,3,3,1,1,4,2,1,2,1,1,3,3,3,3,1,3,3,2,2,4,2,2,2,2,1,4,3,3,3,3,1,3,4,1,1,2,4,2,1,3,2,3,4,1,3,1,2,3,4,1,2,2,2,1,2,4,4,1,2,2,2,2,4,3,3,2,1,4,2,2,3,2,3,2,3,2,1,1,1,4,4,1,1,2,1,3,4,2,2,4,1,1,3,3,1,1,2,2,1,4,2,4,2,3,2,4,4,1,4,3,1,2,2,1,1,3,2,1,2,2,4,2,4,2,3,1,1,2,2,2,1,4,1,3,1,4,3,3,3,4,4,2,1,4,4,2,3,4,4,1,1,1,4,1,3,4,2,4,2,2,4,4,2,3,1,4,2,2,1,1,2,4,2,2,1,1,4,4,1,1,3,4,1,4,1,2,4,3,2,3,3,1,1,2,1,4,2,1,2,1,3,3,4,4,4,2,3,4,1,1,1,4,2,1,4,4,1,1,3,3,3,3,2,2,1,1,4,2,2,2,2,3,1,1,4,2,4,2,1,1,2,2,4,1,3,4,3,3,1,4,3,2,4,3,3,4,1,3,1,1,2,1,4,4,2,3,3,1,3,1,2,3,4,3,2,1,1,4,2,1,3,1,2,2,2,2,2,3,2,4,4,2,4,3,1,1,2,1,3,1,1,1,1,1,1,3,1,1,1,3,3,3,2,4,2,2,1,2,4,3,4,1,3,3,3,3,2,1,2,3,1,3,3,1,1,1,2,4,2,1,4,3,2,1,2,1,3,1,1,3,2,1,3,2,2,2,3,4,1,1,4,2,2,2,3,1,3,4,4,2,4,2,1,2,3,4,3,3,1,3,2,2,2,2,3,3,3,4,1,3,4,1,4,1,1,2,4,3,1,1,2,3,1,1,4,1,3,1,1,1,2,2,4,1,2,1,4,4,4,3,2,2,4,4,3,4,4,3"
65,0.9877030496613249,0.43137254901960786,2253.0,"2,1,2,4,1,1,1,2,2,1,3,4,2,1,1,1,1,4,3,4,4,2,1,4,3,4,4,1,2,2,1,4,4,2,1,4,2,4,1,4,4,3,1,3,4,3,3,1,2,2,1,2,3,2,1,2,1,4,3,3,1,2,4,2,3,4,1,1,2,1,2,2,2,1,1,2,2,1,2,3,2,4,3,1,1,3,1,1,1,1,1,1,3,4,2,1,2,3,2,1,1,3,2,4,3,4,2,1,2,4,2,2,2,2,4,3,1,2,4,1,3,1,4,2,1,4,2,4,1,2,4,2,2,1,3,3,3,4,4,2,2,4,3,1,2,2,3,3,2,3,3,3,4,4,1,4,1,1,1,3,4,2,2,1,2,4,4,4,3,4,2,4,3,2,1,4,3,4,2,2,2,3,4,4,3,3,3,2,3,2,1,2,2,3,2,2,4,2,3,2,2,4,1,4,2,4,3,1,3,2,4,2,4,2,3,1,3,1,2,1,1,1,4,2,4,1,2,2,2,3,1,1,2,3,1,4,3,4,1,1,1,1,2,2,2,1,2,3,4,1,3,1,4,2,3,3,1,4,4,4,4,2,2,4,2,2,4,2,2,4,4,1,1,3,4,3,1,2,3,1,1,4,3,1,1,4,1,2,3,4,4,2,3,2,2,2,2,1,1,1,4,2,2,3,4,4,3,1,1,1,4,1,2,3,1,1,2,3,2,4,1,3,3,3,4,2,1,2,3,1,3,3,1,1,1,3,4,3,2,3,1,2,3,3,4,2,2,4,3,4,2,4,1,1,4,3,2,4,3,3,2,1,3,2,2,3,3,2,1,3,3,2,3,4,2,4,4,3,2,4,2,2,1,1,1,3,2,4,2,1,1,2,1,2,2,2,2,1,3,4,2,2,2,1,4,2,3,4,2,1,3,4,4,4,3,2,4,2,2,2,4,3,1,1,1,1,3,1,1,3,4,3,1,1,2,1,2,2,4,1,1,2,4,4,1,2,3,2,1,1,2,3,2,4,1,1,1,4,3,1,2,3,1,2,3,4,2,2,3,1,2,3,1,1,2,4,2,3,1,4,3,1,4,1,3,1,2,1,1,1,1,4,4,3,1,1,2,4,1,1,2,1,1,2,2,2,2,3,3,3,1,3,1,3,2,3,1,1,2,2,4,4,1,2,4,1,1,2,1,2,1,4,4,2,3,3,1,4,2,3,2,2,3,3,1,1,3,2,2,3,4,1,2,2,1,2,1,1,1,2,4,3,2,3,3,4,4,2,4,3,3,1,3,3,1,4,3,4,1,1,1,4,4,2,1,4,2,2,1,1,4,1,3,2,2,2,3,4,1,1,2,2,1,4,4,3,4,3,3,2,1,3,4,1,2,3,3,3,4,2,3,2,1,1,3,1,1,3,2,2,2,1,1,1,4,2,2,4,1,3,4,1,3,3,4,1,1,3,3,1,1,4,2,2,1,3,1,3,3,4,3,4,2,3,1,2,2,1,2,2,1,2,2,4,1,2,1,3,4,3,1,1,3,3,1,4,1,3,1,1,1,2,3,3,2,2,1,2,3,3,4,1,4,3,4,2,1,2,4,3,3,1,1,1,2,1,2,3,4,4,2,4,2,2,3,2,3,3,2,2,2,3,2,3,4,2,1,3,3,1,3,2,1,3,1,1,3,2,3,4,3,2,4,3,1,4,2,4,1,1,2,2,2,2,2,1,1,1,1,3,1,4,1,4,2,3,1,2,2,4,1,3,2,3,1,3,2,2,2,2,4,2,4,3,1,4,1,3,3,3,3,2,1,2,4,4,2,2,1,3,4,1,3,4,1,2,2,3,3,2,2,3,3,3,4,3,2,2,2,1,3,1,3,1,3,4,1,3,3,2,2,3,1,2,2,1,1,3,3,1,2,2,1,1,2,1,3,1,1,2,1,2,3,4,3,1,4,3,2,4,4,3,2,3,2,1,1,2,1,3,2,4,4,3,3,3,3,4,1,1,3,2,2,2,1,1,1,4,2,3,1,2,2,3,1,1,1,3,1,3,2,2,1,2,1,1,2,1,1,4,1,2,4,4,2,1,2,2,4,2,4,4,4,4,1,3,2,1,1,1,2,3,1,2,3,1,3,4,3,3,4,3,1,2,1,3,3,3,1,4,4,4,1,1,1,1,1,4,2,4,2,3,4,4,1,1,1,1,3,4,3,1,1,3,1,1,2,1,2,3,4,2,4,1,1,1,2,4,3,1,2,3,1,1,2,2,1,4,1,2,2,2,4,3,4,2,4,1,4,1,4,1,4,3,1,1,4,4,1,4,2,4,3,1,3,3,2,2,3,1,3,4,1,1,4,1,2,1,1,1,1,3,3,3,2,4,4,2,1,2,1,1,2,1,3,3,3,3,2,3,1,2,2,3,4,4,3,3,1,1,3,3,4,3,4,3,1,4,4,4,3,2,4,1,3,4,3,2,2,3,3,3,4,3,1,2,4,4,2,2,1,1,1,4,1,1,1,3,3,4,2,1,3,3,4,2,1,3,4,4,3,4,2,4,2,2,3,2,2,1,2,3,2,3,2,2,1,3,2,3,4,1,3,4,1,3,3,2,2,3,3,1,4,1,1,3,1,3,4,1,4,1,4,2,1,2,1,1,1,3,1,1,3,1,3,3,1,2,2,1,1,4,1,2,4,4,3,2,1,1,4,1,4,3,4,1,4,1,1,1,2,3,4,1,1,2,3,2,1,3,3,1,4,3,3,3,4,2,1,2,2,4,2,1,1,4,3,1,4,4,2,4,3,2,1,1,1,2,1,1,3,3,3,3,1,1,4,2,1,2,1,1,3,3,3,3,1,3,3,2,2,4,2,2,2,2,1,4,3,3,3,3,1,3,4,1,1,2,4,2,1,3,2,3,4,1,3,1,2,3,4,1,2,2,2,1,2,4,4,1,2,2,2,2,4,3,3,2,1,4,2,2,3,2,3,2,3,2,1,1,1,4,4,1,1,2,1,3,4,2,2,4,1,1,3,3,1,1,2,2,1,4,2,4,2,3,2,4,4,1,4,3,1,2,2,1,1,3,2,1,2,2,4,2,4,2,3,1,1,2,2,2,1,4,1,3,1,4,3,3,3,4,4,2,1,4,4,2,3,4,4,1,1,1,4,1,3,4,2,4,2,2,4,4,2,3,1,4,2,2,1,1,2,4,2,2,1,1,4,4,1,1,3,4,1,4,1,2,4,3,2,3,3,1,1,2,1,4,2,1,2,1,3,3,4,4,4,2,3,4,1,1,1,4,2,1,4,4,1,1,3,3,3,3,2,2,1,1,4,2,2,2,2,3,1,1,4,2,4,2,1,1,2,2,4,1,3,4,3,3,1,4,3,2,4,3,3,4,1,3,1,1,2,1,4,4,2,3,3,1,3,1,2,3,4,3,2,1,1,4,2,1,3,1,2,2,2,2,2,3,2,4,4,2,4,3,1,1,2,1,3,1,1,1,1,1,1,3,1,1,1,3,3,3,2,4,2,2,1,2,4,3,4,1,3,3,3,3,2,1,2,3,1,3,3,1,1,1,2,4,2,1,4,3,2,1,2,1,3,1,1,3,2,1,3,2,2,2,3,4,1,1,4,2,2,2,3,1,3,4,4,2,4,2,1,2,3,4,3,3,1,3,2,2,2,2,3,3,3,4,1,3,4,1,4,1,1,2,4,3,1,1,2,3,1,1,4,1,3,1,1,1,2,2,4,1,2,1,4,4,4,3,2,2,4,4,3,4,4,3"
66,0.9877030496613249,0.43137254901960786,2253.0,"2,1,2,4,1,1,1,2,2,1,3,4,2,1,1,1,1,4,3,4,4,2,1,4,3,4,4,1,2,2,1,4,4,2,1,4,2,4,1,4,4,3,1,3,4,3,3,1,2,2,1,2,3,2,1,2,1,4,3,3,1,2,4,2,3,4,1,1,2,1,2,2,2,1,1,2,2,1,2,3,2,4,3,1,1,3,1,1,1,1,1,1,3,4,2,1,2,3,2,1,1,3,2,4,3,4,2,1,2,4,2,2,2,2,4,3,1,2,4,1,3,1,4,2,1,4,2,4,1,2,4,2,2,1,3,3,3,4,4,2,2,4,3,1,2,2,3,3,2,3,3,3,4,4,1,4,1,1,1,3,4,2,2,1,2,4,4,4,3,4,2,4,3,2,1,4,3,4,2,2,2,3,4,4,3,3,3,2,3,2,1,2,2,3,2,2,4,2,3,2,2,4,1,4,2,4,3,1,3,2,4,2,4,2,3,1,3,1,2,1,1,1,4,2,4,1,2,2,2,3,1,1,2,3,1,4,3,4,1,1,1,1,2,2,2,1,2,3,4,1,3,1,4,2,3,3,1,4,4,4,4,2,2,4,2,2,4,2,2,4,4,1,1,3,4,3,1,2,3,1,1,4,3,1,1,4,1,2,3,4,4,2,3,2,2,2,2,1,1,1,4,2,2,3,4,4,3,1,1,1,4,1,2,3,1,1,2,3,2,4,1,3,3,3,4,2,1,2,3,1,3,3,1,1,1,3,4,3,2,3,1,2,3,3,4,2,2,4,3,4,2,4,1,1,4,3,2,4,3,3,2,1,3,2,2,3,3,2,1,3,3,2,3,4,2,4,4,3,2,4,2,2,1,1,1,3,2,4,2,1,1,2,1,2,2,2,2,1,3,4,2,2,2,1,4,2,3,4,2,1,3,4,4,4,3,2,4,2,2,2,4,3,1,1,1,1,3,1,1,3,4,3,1,1,2,1,2,2,4,1,1,2,4,4,1,2,3,2,1,1,2,3,2,4,1,1,1,4,3,1,2,3,1,2,3,4,2,2,3,1,2,3,1,1,2,4,2,3,1,4,3,1,4,1,3,1,2,1,1,1,1,4,4,3,1,1,2,4,1,1,2,1,1,2,2,2,2,3,3,3,1,3,1,3,2,3,1,1,2,2,4,4,1,2,4,1,1,2,1,2,1,4,4,2,3,3,1,4,2,3,2,2,3,3,1,1,3,2,2,3,4,1,2,2,1,2,1,1,1,2,4,3,2,3,3,4,4,2,4,3,3,1,3,3,1,4,3,4,1,1,1,4,4,2,1,4,2,2,1,1,4,1,3,2,2,2,3,4,1,1,2,2,1,4,4,3,4,3,3,2,1,3,4,1,2,3,3,3,4,2,3,2,1,1,3,1,1,3,2,2,2,1,1,1,4,2,2,4,1,3,4,1,3,3,4,1,1,3,3,1,1,4,2,2,1,3,1,3,3,4,3,4,2,3,1,2,2,1,2,2,1,2,2,4,1,2,1,3,4,3,1,1,3,3,1,4,1,3,1,1,1,2,3,3,2,2,1,2,3,3,4,1,4,3,4,2,1,2,4,3,3,1,1,1,2,1,2,3,4,4,2,4,2,2,3,2,3,3,2,2,2,3,2,3,4,2,1,3,3,1,3,2,1,3,1,1,3,2,3,4,3,2,4,3,1,4,2,4,1,1,2,2,2,2,2,1,1,1,1,3,1,4,1,4,2,3,1,2,2,4,1,3,2,3,1,3,2,2,2,2,4,2,4,3,1,4,1,3,3,3,3,2,1,2,4,4,2,2,1,3,4,1,3,4,1,2,2,3,3,2,2,3,3,3,4,3,2,2,2,1,3,1,3,1,3,4,1,3,3,2,2,3,1,2,2,1,1,3,3,1,2,2,1,1,2,1,3,1,1,2,1,2,3,4,3,1,4,3,2,4,4,3,2,3,2,1,1,2,1,3,2,4,4,3,3,3,3,4,1,1,3,2,2,2,1,1,1,4,2,3,1,2,2,3,1,1,1,3,1,3,2,2,1,2,1,1,2,1,1,4,1,2,4,4,2,1,2,2,4,2,4,4,4,4,1,3,2,1,1,1,2,3,1,2,3,1,3,4,3,3,4,3,1,2,1,3,3,3,1,4,4,4,1,1,1,1,1,4,2,4,2,3,4,4,1,1,1,1,3,4,3,1,1,3,1,1,2,1,2,3,4,2,4,1,1,1,2,4,3,1,2,3,1,1,2,2,1,4,1,2,2,2,4,3,4,2,4,1,4,1,4,1,4,3,1,1,4,4,1,4,2,4,3,1,3,3,2,2,3,1,3,4,1,1,4,1,2,1,1,1,1,3,3,3,2,4,4,2,1,2,1,1,2,1,3,3,3,3,2,3,1,2,2,3,4,4,3,3,1,1,3,3,4,3,4,3,1,4,4,4,3,2,4,1,3,4,3,2,2,3,3,3,4,3,1,2,4,4,2,2,1,1,1,4,1,1,1,3,3,4,2,1,3,3,4,2,1,3,4,4,3,4,2,4,2,2,3,2,2,1,2,3,2,3,2,2,1,3,2,3,4,1,3,4,1,3,3,2,2,3,3,1,4,1,1,3,1,3,4,1,4,1,4,2,1,2,1,1,1,3,1,1,3,1,3,3,1,2,2,1,1,4,1,2,4,4,3,2,1,1,4,1,4,3,4,1,4,1,1,1,2,3,4,1,1,2,3,2,1,3,3,1,4,3,3,3,4,2,1,2,2,4,2,1,1,4,3,1,4,4,2,4,3,2,1,1,1,2,1,1,3,3,3,3,1,1,4,2,1,2,1,1,3,3,3,3,1,3,3,2,2,4,2,2,2,2,1,4,3,3,3,3,1,3,4,1,1,2,4,2,1,3,2,3,4,1,3,1,2,3,4,1,2,2,2,1,2,4,4,1,2,2,2,2,4,3,3,2,1,4,2,2,3,2,3,2,3,2,1,1,1,4,4,1,1,2,1,3,4,2,2,4,1,1,3,3,1,1,2,2,1,4,2,4,2,3,2,4,4,1,4,3,1,2,2,1,1,3,2,1,2,2,4,2,4,2,3,1,1,2,2,2,1,4,1,3,1,4,3,3,3,4,4,2,1,4,4,2,3,4,4,1,1,1,4,1,3,4,2,4,2,2,4,4,2,3,1,4,2,2,1,1,2,4,2,2,1,1,4,4,1,1,3,4,1,4,1,2,4,3,2,3,3,1,1,2,1,4,2,1,2,1,3,3,4,4,4,2,3,4,1,1,1,4,2,1,4,4,1,1,3,3,3,3,2,2,1,1,4,2,2,2,2,3,1,1,4,2,4,2,1,1,2,2,4,1,3,4,3,3,1,4,3,2,4,3,3,4,1,3,1,1,2,1,4,4,2,3,3,1,3,1,2,3,4,3,2,1,1,4,2,1,3,1,2,2,2,2,2,3,2,4,4,2,4,3,1,1,2,1,3,1,1,1,1,1,1,3,1,1,1,3,3,3,2,4,2,2,1,2,4,3,4,1,3,3,3,3,2,1,2,3,1,3,3,1,1,1,2,4,2,1,4,3,2,1,2,1,3,1,1,3,2,1,3,2,2,2,3,4,1,1,4,2,2,2,3,1,3,4,4,2,4,2,1,2,3,4,3,3,1,3,2,2,2,2,3,3,3,4,1,3,4,1,4,1,1,2,4,3,1,1,2,3,1,1,4,1,3,1,1,1,2,2,4,1,2,1,4,4,4,3,2,2,4,4,3,4,4,3"
67,0.9877030496613249,0.43137254901960786,2253.0,"2,1,2,4,1,1,1,2,2,1,3,4,2,1,1,1,1,4,3,4,4,2,1,4,3,4,4,1,2,2,1,4,4,2,1,4,2,4,1,4,4,3,1,3,4,3,3,1,2,2,1,2,3,2,1,2,1,4,3,3,1,2,4,2,3,4,1,1,2,1,2,2,2,1,1,2,2,1,2,3,2,4,3,1,1,3,1,1,1,1,1,1,3,4,2,1,2,3,2,1,1,3,2,4,3,4,2,1,2,4,2,2,2,2,4,3,1,2,4,1,3,1,4,2,1,4,2,4,1,2,4,2,2,1,3,3,3,4,4,2,2,4,3,1,2,2,3,3,2,3,3,3,4,4,1,4,1,1,1,3,4,2,2,1,2,4,4,4,3,4,2,4,3,2,1,4,3,4,2,2,2,3,4,4,3,3,3,2,3,2,1,2,2,3,2,2,4,2,3,2,2,4,1,4,2,4,3,1,3,2,4,2,4,2,3,1,3,1,2,1,1,1,4,2,4,1,2,2,2,3,1,1,2,3,1,4,3,4,1,1,1,1,2,2,2,1,2,3,4,1,3,1,4,2,3,3,1,4,4,4,4,2,2,4,2,2,4,2,2,4,4,1,1,3,4,3,1,2,3,1,1,4,3,1,1,4,1,2,3,4,4,2,3,2,2,2,2,1,1,1,4,2,2,3,4,4,3,1,1,1,4,1,2,3,1,1,2,3,2,4,1,3,3,3,4,2,1,2,3,1,3,3,1,1,1,3,4,3,2,3,1,2,3,3,4,2,2,4,3,4,2,4,1,1,4,3,2,4,3,3,2,1,3,2,2,3,3,2,1,3,3,2,3,4,2,4,4,3,2,4,2,2,1,1,1,3,2,4,2,1,1,2,1,2,2,2,2,1,3,4,2,2,2,1,4,2,3,4,2,1,3,4,4,4,3,2,4,2,2,2,4,3,1,1,1,1,3,1,1,3,4,3,1,1,2,1,2,2,4,1,1,2,4,4,1,2,3,2,1,1,2,3,2,4,1,1,1,4,3,1,2,3,1,2,3,4,2,2,3,1,2,3,1,1,2,4,2,3,1,4,3,1,4,1,3,1,2,1,1,1,1,4,4,3,1,1,2,4,1,1,2,1,1,2,2,2,2,3,3,3,1,3,1,3,2,3,1,1,2,2,4,4,1,2,4,1,1,2,1,2,1,4,4,2,3,3,1,4,2,3,2,2,3,3,1,1,3,2,2,3,4,1,2,2,1,2,1,1,1,2,4,3,2,3,3,4,4,2,4,3,3,1,3,3,1,4,3,4,1,1,1,4,4,2,1,4,2,2,1,1,4,1,3,2,2,2,3,4,1,1,2,2,1,4,4,3,4,3,3,2,1,3,4,1,2,3,3,3,4,2,3,2,1,1,3,1,1,3,2,2,2,1,1,1,4,2,2,4,1,3,4,1,3,3,4,1,1,3,3,1,1,4,2,2,1,3,1,3,3,4,3,4,2,3,1,2,2,1,2,2,1,2,2,4,1,2,1,3,4,3,1,1,3,3,1,4,1,3,1,1,1,2,3,3,2,2,1,2,3,3,4,1,4,3,4,2,1,2,4,3,3,1,1,1,2,1,2,3,4,4,2,4,2,2,3,2,3,3,2,2,2,3,2,3,4,2,1,3,3,1,3,2,1,3,1,1,3,2,3,4,3,2,4,3,1,4,2,4,1,1,2,2,2,2,2,1,1,1,1,3,1,4,1,4,2,3,1,2,2,4,1,3,2,3,1,3,2,2,2,2,4,2,4,3,1,4,1,3,3,3,3,2,1,2,4,4,2,2,1,3,4,1,3,4,1,2,2,3,3,2,2,3,3,3,4,3,2,2,2,1,3,1,3,1,3,4,1,3,3,2,2,3,1,2,2,1,1,3,3,1,2,2,1,1,2,1,3,1,1,2,1,2,3,4,3,1,4,3,2,4,4,3,2,3,2,1,1,2,1,3,2,4,4,3,3,3,3,4,1,1,3,2,2,2,1,1,1,4,2,3,1,2,2,3,1,1,1,3,1,3,2,2,1,2,1,1,2,1,1,4,1,2,4,4,2,1,2,2,4,2,4,4,4,4,1,3,2,1,1,1,2,3,1,2,3,1,3,4,3,3,4,3,1,2,1,3,3,3,1,4,4,4,1,1,1,1,1,4,2,4,2,3,4,4,1,1,1,1,3,4,3,1,1,3,1,1,2,1,2,3,4,2,4,1,1,1,2,4,3,1,2,3,1,1,2,2,1,4,1,2,2,2,4,3,4,2,4,1,4,1,4,1,4,3,1,1,4,4,1,4,2,4,3,1,3,3,2,2,3,1,3,4,1,1,4,1,2,1,1,1,1,3,3,3,2,4,4,2,1,2,1,1,2,1,3,3,3,3,2,3,1,2,2,3,4,4,3,3,1,1,3,3,4,3,4,3,1,4,4,4,3,2,4,1,3,4,3,2,2,3,3,3,4,3,1,2,4,4,2,2,1,1,1,4,1,1,1,3,3,4,2,1,3,3,4,2,1,3,4,4,3,4,2,4,2,2,3,2,2,1,2,3,2,3,2,2,1,3,2,3,4,1,3,4,1,3,3,2,2,3,3,1,4,1,1,3,1,3,4,1,4,1,4,2,1,2,1,1,1,3,1,1,3,1,3,3,1,2,2,1,1,4,1,2,4,4,3,2,1,1,4,1,4,3,4,1,4,1,1,1,2,3,4,1,1,2,3,2,1,3,3,1,4,3,3,3,4,2,1,2,2,4,2,1,1,4,3,1,4,4,2,4,3,2,1,1,1,2,1,1,3,3,3,3,1,1,4,2,1,2,1,1,3,3,3,3,1,3,3,2,2,4,2,2,2,2,1,4,3,3,3,3,1,3,4,1,1,2,4,2,1,3,2,3,4,1,3,1,2,3,4,1,2,2,2,1,2,4,4,1,2,2,2,2,4,3,3,2,1,4,2,2,3,2,3,2,3,2,1,1,1,4,4,1,1,2,1,3,4,2,2,4,1,1,3,3,1,1,2,2,1,4,2,4,2,3,2,4,4,1,4,3,1,2,2,1,1,3,2,1,2,2,4,2,4,2,3,1,1,2,2,2,1,4,1,3,1,4,3,3,3,4,4,2,1,4,4,2,3,4,4,1,1,1,4,1,3,4,2,4,2,2,4,4,2,3,1,4,2,2,1,1,2,4,2,2,1,1,4,4,1,1,3,4,1,4,1,2,4,3,2,3,3,1,1,2,1,4,2,1,2,1,3,3,4,4,4,2,3,4,1,1,1,4,2,1,4,4,1,1,3,3,3,3,2,2,1,1,4,2,2,2,2,3,1,1,4,2,4,2,1,1,2,2,4,1,3,4,3,3,1,4,3,2,4,3,3,4,1,3,1,1,2,1,4,4,2,3,3,1,3,1,2,3,4,3,2,1,1,4,2,1,3,1,2,2,2,2,2,3,2,4,4,2,4,3,1,1,2,1,3,1,1,1,1,1,1,3,1,1,1,3,3,3,2,4,2,2,1,2,4,3,4,1,3,3,3,3,2,1,2,3,1,3,3,1,1,1,2,4,2,1,4,3,2,1,2,1,3,1,1,3,2,1,3,2,2,2,3,4,1,1,4,2,2,2,3,1,3,4,4,2,4,2,1,2,3,4,3,3,1,3,2,2,2,2,3,3,3,4,1,3,4,1,4,1,1,2,4,3,1,1,2,3,1,1,4,1,3,1,1,1,2,2,4,1,2,1,4,4,4,3,2,2,4,4,3,4,4,3"
68,0.9877030496613249,0.43137254901960786,2253.0,"2,1,2,4,1,1,1,2,2,1,3,4,2,1,1,1,1,4,3,4,4,2,1,4,3,4,4,1,2,2,1,4,4,2,1,4,2,4,1,4,4,3,1,3,4,3,3,1,2,2,1,2,3,2,1,2,1,4,3,3,1,2,4,2,3,4,1,1,2,1,2,2,2,1,1,2,2,1,2,3,2,4,3,1,1,3,1,1,1,1,1,1,3,4,2,1,2,3,2,1,1,3,2,4,3,4,2,1,2,4,2,2,2,2,4,3,1,2,4,1,3,1,4,2,1,4,2,4,1,2,4,2,2,1,3,3,3,4,4,2,2,4,3,1,2,2,3,3,2,3,3,3,4,4,1,4,1,1,1,3,4,2,2,1,2,4,4,4,3,4,2,4,3,2,1,4,3,4,2,2,2,3,4,4,3,3,3,2,3,2,1,2,2,3,2,2,4,2,3,2,2,4,1,4,2,4,3,1,3,2,4,2,4,2,3,1,3,1,2,1,1,1,4,2,4,1,2,2,2,3,1,1,2,3,1,4,3,4,1,1,1,1,2,2,2,1,2,3,4,1,3,1,4,2,3,3,1,4,4,4,4,2,2,4,2,2,4,2,2,4,4,1,1,3,4,3,1,2,3,1,1,4,3,1,1,4,1,2,3,4,4,2,3,2,2,2,2,1,1,1,4,2,2,3,4,4,3,1,1,1,4,1,2,3,1,1,2,3,2,4,1,3,3,3,4,2,1,2,3,1,3,3,1,1,1,3,4,3,2,3,1,2,3,3,4,2,2,4,3,4,2,4,1,1,4,3,2,4,3,3,2,1,3,2,2,3,3,2,1,3,3,2,3,4,2,4,4,3,2,4,2,2,1,1,1,3,2,4,2,1,1,2,1,2,2,2,2,1,3,4,2,2,2,1,4,2,3,4,2,1,3,4,4,4,3,2,4,2,2,2,4,3,1,1,1,1,3,1,1,3,4,3,1,1,2,1,2,2,4,1,1,2,4,4,1,2,3,2,1,1,2,3,2,4,1,1,1,4,3,1,2,3,1,2,3,4,2,2,3,1,2,3,1,1,2,4,2,3,1,4,3,1,4,1,3,1,2,1,1,1,1,4,4,3,1,1,2,4,1,1,2,1,1,2,2,2,2,3,3,3,1,3,1,3,2,3,1,1,2,2,4,4,1,2,4,1,1,2,1,2,1,4,4,2,3,3,1,4,2,3,2,2,3,3,1,1,3,2,2,3,4,1,2,2,1,2,1,1,1,2,4,3,2,3,3,4,4,2,4,3,3,1,3,3,1,4,3,4,1,1,1,4,4,2,1,4,2,2,1,1,4,1,3,2,2,2,3,4,1,1,2,2,1,4,4,3,4,3,3,2,1,3,4,1,2,3,3,3,4,2,3,2,1,1,3,1,1,3,2,2,2,1,1,1,4,2,2,4,1,3,4,1,3,3,4,1,1,3,3,1,1,4,2,2,1,3,1,3,3,4,3,4,2,3,1,2,2,1,2,2,1,2,2,4,1,2,1,3,4,3,1,1,3,3,1,4,1,3,1,1,1,2,3,3,2,2,1,2,3,3,4,1,4,3,4,2,1,2,4,3,3,1,1,1,2,1,2,3,4,4,2,4,2,2,3,2,3,3,2,2,2,3,2,3,4,2,1,3,3,1,3,2,1,3,1,1,3,2,3,4,3,2,4,3,1,4,2,4,1,1,2,2,2,2,2,1,1,1,1,3,1,4,1,4,2,3,1,2,2,4,1,3,2,3,1,3,2,2,2,2,4,2,4,3,1,4,1,3,3,3,3,2,1,2,4,4,2,2,1,3,4,1,3,4,1,2,2,3,3,2,2,3,3,3,4,3,2,2,2,1,3,1,3,1,3,4,1,3,3,2,2,3,1,2,2,1,1,3,3,1,2,2,1,1,2,1,3,1,1,2,1,2,3,4,3,1,4,3,2,4,4,3,2,3,2,1,1,2,1,3,2,4,4,3,3,3,3,4,1,1,3,2,2,2,1,1,1,4,2,3,1,2,2,3,1,1,1,3,1,3,2,2,1,2,1,1,2,1,1,4,1,2,4,4,2,1,2,2,4,2,4,4,4,4,1,3,2,1,1,1,2,3,1,2,3,1,3,4,3,3,4,3,1,2,1,3,3,3,1,4,4,4,1,1,1,1,1,4,2,4,2,3,4,4,1,1,1,1,3,4,3,1,1,3,1,1,2,1,2,3,4,2,4,1,1,1,2,4,3,1,2,3,1,1,2,2,1,4,1,2,2,2,4,3,4,2,4,1,4,1,4,1,4,3,1,1,4,4,1,4,2,4,3,1,3,3,2,2,3,1,3,4,1,1,4,1,2,1,1,1,1,3,3,3,2,4,4,2,1,2,1,1,2,1,3,3,3,3,2,3,1,2,2,3,4,4,3,3,1,1,3,3,4,3,4,3,1,4,4,4,3,2,4,1,3,4,3,2,2,3,3,3,4,3,1,2,4,4,2,2,1,1,1,4,1,1,1,3,3,4,2,1,3,3,4,2,1,3,4,4,3,4,2,4,2,2,3,2,2,1,2,3,2,3,2,2,1,3,2,3,4,1,3,4,1,3,3,2,2,3,3,1,4,1,1,3,1,3,4,1,4,1,4,2,1,2,1,1,1,3,1,1,3,1,3,3,1,2,2,1,1,4,1,2,4,4,3,2,1,1,4,1,4,3,4,1,4,1,1,1,2,3,4,1,1,2,3,2,1,3,3,1,4,3,3,3,4,2,1,2,2,4,2,1,1,4,3,1,4,4,2,4,3,2,1,1,1,2,1,1,3,3,3,3,1,1,4,2,1,2,1,1,3,3,3,3,1,3,3,2,2,4,2,2,2,2,1,4,3,3,3,3,1,3,4,1,1,2,4,2,1,3,2,3,4,1,3,1,2,3,4,1,2,2,2,1,2,4,4,1,2,2,2,2,4,3,3,2,1,4,2,2,3,2,3,2,3,2,1,1,1,4,4,1,1,2,1,3,4,2,2,4,1,1,3,3,1,1,2,2,1,4,2,4,2,3,2,4,4,1,4,3,1,2,2,1,1,3,2,1,2,2,4,2,4,2,3,1,1,2,2,2,1,4,1,3,1,4,3,3,3,4,4,2,1,4,4,2,3,4,4,1,1,1,4,1,3,4,2,4,2,2,4,4,2,3,1,4,2,2,1,1,2,4,2,2,1,1,4,4,1,1,3,4,1,4,1,2,4,3,2,3,3,1,1,2,1,4,2,1,2,1,3,3,4,4,4,2,3,4,1,1,1,4,2,1,4,4,1,1,3,3,3,3,2,2,1,1,4,2,2,2,2,3,1,1,4,2,4,2,1,1,2,2,4,1,3,4,3,3,1,4,3,2,4,3,3,4,1,3,1,1,2,1,4,4,2,3,3,1,3,1,2,3,4,3,2,1,1,4,2,1,3,1,2,2,2,2,2,3,2,4,4,2,4,3,1,1,2,1,3,1,1,1,1,1,1,3,1,1,1,3,3,3,2,4,2,2,1,2,4,3,4,1,3,3,3,3,2,1,2,3,1,3,3,1,1,1,2,4,2,1,4,3,2,1,2,1,3,1,1,3,2,1,3,2,2,2,3,4,1,1,4,2,2,2,3,1,3,4,4,2,4,2,1,2,3,4,3,3,1,3,2,2,2,2,3,3,3,4,1,3,4,1,4,1,1,2,4,3,1,1,2,3,1,1,4,1,3,1,1,1,2,2,4,1,2,1,4,4,4,3,2,2,4,4,3,4,4,3"
69,0.9877030496613249,0.43137254901960786,2253.0,"2,1,2,4,1,1,1,2,2,1,3,4,2,1,1,1,1,4,3,4,4,2,1,4,3,4,4,1,2,2,1,4,4,2,1,4,2,4,1,4,4,3,1,3,4,3,3,1,2,2,1,2,3,2,1,2,1,4,3,3,1,2,4,2,3,4,1,1,2,1,2,2,2,1,1,2,2,1,2,3,2,4,3,1,1,3,1,1,1,1,1,1,3,4,2,1,2,3,2,1,1,3,2,4,3,4,2,1,2,4,2,2,2,2,4,3,1,2,4,1,3,1,4,2,1,4,2,4,1,2,4,2,2,1,3,3,3,4,4,2,2,4,3,1,2,2,3,3,2,3,3,3,4,4,1,4,1,1,1,3,4,2,2,1,2,4,4,4,3,4,2,4,3,2,1,4,3,4,2,2,2,3,4,4,3,3,3,2,3,2,1,2,2,3,2,2,4,2,3,2,2,4,1,4,2,4,3,1,3,2,4,2,4,2,3,1,3,1,2,1,1,1,4,2,4,1,2,2,2,3,1,1,2,3,1,4,3,4,1,1,1,1,2,2,2,1,2,3,4,1,3,1,4,2,3,3,1,4,4,4,4,2,2,4,2,2,4,2,2,4,4,1,1,3,4,3,1,2,3,1,1,4,3,1,1,4,1,2,3,4,4,2,3,2,2,2,2,1,1,1,4,2,2,3,4,4,3,1,1,1,4,1,2,3,1,1,2,3,2,4,1,3,3,3,4,2,1,2,3,1,3,3,1,1,1,3,4,3,2,3,1,2,3,3,4,2,2,4,3,4,2,4,1,1,4,3,2,4,3,3,2,1,3,2,2,3,3,2,1,3,3,2,3,4,2,4,4,3,2,4,2,2,1,1,1,3,2,4,2,1,1,2,1,2,2,2,2,1,3,4,2,2,2,1,4,2,3,4,2,1,3,4,4,4,3,2,4,2,2,2,4,3,1,1,1,1,3,1,1,3,4,3,1,1,2,1,2,2,4,1,1,2,4,4,1,2,3,2,1,1,2,3,2,4,1,1,1,4,3,1,2,3,1,2,3,4,2,2,3,1,2,3,1,1,2,4,2,3,1,4,3,1,4,1,3,1,2,1,1,1,1,4,4,3,1,1,2,4,1,1,2,1,1,2,2,2,2,3,3,3,1,3,1,3,2,3,1,1,2,2,4,4,1,2,4,1,1,2,1,2,1,4,4,2,3,3,1,4,2,3,2,2,3,3,1,1,3,2,2,3,4,1,2,2,1,2,1,1,1,2,4,3,2,3,3,4,4,2,4,3,3,1,3,3,1,4,3,4,1,1,1,4,4,2,1,4,2,2,1,1,4,1,3,2,2,2,3,4,1,1,2,2,1,4,4,3,4,3,3,2,1,3,4,1,2,3,3,3,4,2,3,2,1,1,3,1,1,3,2,2,2,1,1,1,4,2,2,4,1,3,4,1,3,3,4,1,1,3,3,1,1,4,2,2,1,3,1,3,3,4,3,4,2,3,1,2,2,1,2,2,1,2,2,4,1,2,1,3,4,3,1,1,3,3,1,4,1,3,1,1,1,2,3,3,2,2,1,2,3,3,4,1,4,3,4,2,1,2,4,3,3,1,1,1,2,1,2,3,4,4,2,4,2,2,3,2,3,3,2,2,2,3,2,3,4,2,1,3,3,1,3,2,1,3,1,1,3,2,3,4,3,2,4,3,1,4,2,4,1,1,2,2,2,2,2,1,1,1,1,3,1,4,1,4,2,3,1,2,2,4,1,3,2,3,1,3,2,2,2,2,4,2,4,3,1,4,1,3,3,3,3,2,1,2,4,4,2,2,1,3,4,1,3,4,1,2,2,3,3,2,2,3,3,3,4,3,2,2,2,1,3,1,3,1,3,4,1,3,3,2,2,3,1,2,2,1,1,3,3,1,2,2,1,1,2,1,3,1,1,2,1,2,3,4,3,1,4,3,2,4,4,3,2,3,2,1,1,2,1,3,2,4,4,3,3,3,3,4,1,1,3,2,2,2,1,1,1,4,2,3,1,2,2,3,1,1,1,3,1,3,2,2,1,2,1,1,2,1,1,4,1,2,4,4,2,1,2,2,4,2,4,4,4,4,1,3,2,1,1,1,2,3,1,2,3,1,3,4,3,3,4,3,1,2,1,3,3,3,1,4,4,4,1,1,1,1,1,4,2,4,2,3,4,4,1,1,1,1,3,4,3,1,1,3,1,1,2,1,2,3,4,2,4,1,1,1,2,4,3,1,2,3,1,1,2,2,1,4,1,2,2,2,4,3,4,2,4,1,4,1,4,1,4,3,1,1,4,4,1,4,2,4,3,1,3,3,2,2,3,1,3,4,1,1,4,1,2,1,1,1,1,3,3,3,2,4,4,2,1,2,1,1,2,1,3,3,3,3,2,3,1,2,2,3,4,4,3,3,1,1,3,3,4,3,4,3,1,4,4,4,3,2,4,1,3,4,3,2,2,3,3,3,4,3,1,2,4,4,2,2,1,1,1,4,1,1,1,3,3,4,2,1,3,3,4,2,1,3,4,4,3,4,2,4,2,2,3,2,2,1,2,3,2,3,2,2,1,3,2,3,4,1,3,4,1,3,3,2,2,3,3,1,4,1,1,3,1,3,4,1,4,1,4,2,1,2,1,1,1,3,1,1,3,1,3,3,1,2,2,1,1,4,1,2,4,4,3,2,1,1,4,1,4,3,4,1,4,1,1,1,2,3,4,1,1,2,3,2,1,3,3,1,4,3,3,3,4,2,1,2,2,4,2,1,1,4,3,1,4,4,2,4,3,2,1,1,1,2,1,1,3,3,3,3,1,1,4,2,1,2,1,1,3,3,3,3,1,3,3,2,2,4,2,2,2,2,1,4,3,3,3,3,1,3,4,1,1,2,4,2,1,3,2,3,4,1,3,1,2,3,4,1,2,2,2,1,2,4,4,1,2,2,2,2,4,3,3,2,1,4,2,2,3,2,3,2,3,2,1,1,1,4,4,1,1,2,1,3,4,2,2,4,1,1,3,3,1,1,2,2,1,4,2,4,2,3,2,4,4,1,4,3,1,2,2,1,1,3,2,1,2,2,4,2,4,2,3,1,1,2,2,2,1,4,1,3,1,4,3,3,3,4,4,2,1,4,4,2,3,4,4,1,1,1,4,1,3,4,2,4,2,2,4,4,2,3,1,4,2,2,1,1,2,4,2,2,1,1,4,4,1,1,3,4,1,4,1,2,4,3,2,3,3,1,1,2,1,4,2,1,2,1,3,3,4,4,4,2,3,4,1,1,1,4,2,1,4,4,1,1,3,3,3,3,2,2,1,1,4,2,2,2,2,3,1,1,4,2,4,2,1,1,2,2,4,1,3,4,3,3,1,4,3,2,4,3,3,4,1,3,1,1,2,1,4,4,2,3,3,1,3,1,2,3,4,3,2,1,1,4,2,1,3,1,2,2,2,2,2,3,2,4,4,2,4,3,1,1,2,1,3,1,1,1,1,1,1,3,1,1,1,3,3,3,2,4,2,2,1,2,4,3,4,1,3,3,3,3,2,1,2,3,1,3,3,1,1,1,2,4,2,1,4,3,2,1,2,1,3,1,1,3,2,1,3,2,2,2,3,4,1,1,4,2,2,2,3,1,3,4,4,2,4,2,1,2,3,4,3,3,1,3,2,2,2,2,3,3,3,4,1,3,4,1,4,1,1,2,4,3,1,1,2,3,1,1,4,1,3,1,1,1,2,2,4,1,2,1,4,4,4,3,2,2,4,4,3,4,4,3"
70,0.9877030496613249,0.43137254901960786,2253.0,"2,1,2,4,1,1,1,2,2,1,3,4,2,1,1,1,1,4,3,4,4,2,1,4,3,4,4,1,2,2,1,4,4,2,1,4,2,4,1,4,4,3,1,3,4,3,3,1,2,2,1,2,3,2,1,2,1,4,3,3,1,2,4,2,3,4,1,1,2,1,2,2,2,1,1,2,2,1,2,3,2,4,3,1,1,3,1,1,1,1,1,1,3,4,2,1,2,3,2,1,1,3,2,4,3,4,2,1,2,4,2,2,2,2,4,3,1,2,4,1,3,1,4,2,1,4,2,4,1,2,4,2,2,1,3,3,3,4,4,2,2,4,3,1,2,2,3,3,2,3,3,3,4,4,1,4,1,1,1,3,4,2,2,1,2,4,4,4,3,4,2,4,3,2,1,4,3,4,2,2,2,3,4,4,3,3,3,2,3,2,1,2,2,3,2,2,4,2,3,2,2,4,1,4,2,4,3,1,3,2,4,2,4,2,3,1,3,1,2,1,1,1,4,2,4,1,2,2,2,3,1,1,2,3,1,4,3,4,1,1,1,1,2,2,2,1,2,3,4,1,3,1,4,2,3,3,1,4,4,4,4,2,2,4,2,2,4,2,2,4,4,1,1,3,4,3,1,2,3,1,1,4,3,1,1,4,1,2,3,4,4,2,3,2,2,2,2,1,1,1,4,2,2,3,4,4,3,1,1,1,4,1,2,3,1,1,2,3,2,4,1,3,3,3,4,2,1,2,3,1,3,3,1,1,1,3,4,3,2,3,1,2,3,3,4,2,2,4,3,4,2,4,1,1,4,3,2,4,3,3,2,1,3,2,2,3,3,2,1,3,3,2,3,4,2,4,4,3,2,4,2,2,1,1,1,3,2,4,2,1,1,2,1,2,2,2,2,1,3,4,2,2,2,1,4,2,3,4,2,1,3,4,4,4,3,2,4,2,2,2,4,3,1,1,1,1,3,1,1,3,4,3,1,1,2,1,2,2,4,1,1,2,4,4,1,2,3,2,1,1,2,3,2,4,1,1,1,4,3,1,2,3,1,2,3,4,2,2,3,1,2,3,1,1,2,4,2,3,1,4,3,1,4,1,3,1,2,1,1,1,1,4,4,3,1,1,2,4,1,1,2,1,1,2,2,2,2,3,3,3,1,3,1,3,2,3,1,1,2,2,4,4,1,2,4,1,1,2,1,2,1,4,4,2,3,3,1,4,2,3,2,2,3,3,1,1,3,2,2,3,4,1,2,2,1,2,1,1,1,2,4,3,2,3,3,4,4,2,4,3,3,1,3,3,1,4,3,4,1,1,1,4,4,2,1,4,2,2,1,1,4,1,3,2,2,2,3,4,1,1,2,2,1,4,4,3,4,3,3,2,1,3,4,1,2,3,3,3,4,2,3,2,1,1,3,1,1,3,2,2,2,1,1,1,4,2,2,4,1,3,4,1,3,3,4,1,1,3,3,1,1,4,2,2,1,3,1,3,3,4,3,4,2,3,1,2,2,1,2,2,1,2,2,4,1,2,1,3,4,3,1,1,3,3,1,4,1,3,1,1,1,2,3,3,2,2,1,2,3,3,4,1,4,3,4,2,1,2,4,3,3,1,1,1,2,1,2,3,4,4,2,4,2,2,3,2,3,3,2,2,2,3,2,3,4,2,1,3,3,1,3,2,1,3,1,1,3,2,3,4,3,2,4,3,1,4,2,4,1,1,2,2,2,2,2,1,1,1,1,3,1,4,1,4,2,3,1,2,2,4,1,3,2,3,1,3,2,2,2,2,4,2,4,3,1,4,1,3,3,3,3,2,1,2,4,4,2,2,1,3,4,1,3,4,1,2,2,3,3,2,2,3,3,3,4,3,2,2,2,1,3,1,3,1,3,4,1,3,3,2,2,3,1,2,2,1,1,3,3,1,2,2,1,1,2,1,3,1,1,2,1,2,3,4,3,1,4,3,2,4,4,3,2,3,2,1,1,2,1,3,2,4,4,3,3,3,3,4,1,1,3,2,2,2,1,1,1,4,2,3,1,2,2,3,1,1,1,3,1,3,2,2,1,2,1,1,2,1,1,4,1,2,4,4,2,1,2,2,4,2,4,4,4,4,1,3,2,1,1,1,2,3,1,2,3,1,3,4,3,3,4,3,1,2,1,3,3,3,1,4,4,4,1,1,1,1,1,4,2,4,2,3,4,4,1,1,1,1,3,4,3,1,1,3,1,1,2,1,2,3,4,2,4,1,1,1,2,4,3,1,2,3,1,1,2,2,1,4,1,2,2,2,4,3,4,2,4,1,4,1,4,1,4,3,1,1,4,4,1,4,2,4,3,1,3,3,2,2,3,1,3,4,1,1,4,1,2,1,1,1,1,3,3,3,2,4,4,2,1,2,1,1,2,1,3,3,3,3,2,3,1,2,2,3,4,4,3,3,1,1,3,3,4,3,4,3,1,4,4,4,3,2,4,1,3,4,3,2,2,3,3,3,4,3,1,2,4,4,2,2,1,1,1,4,1,1,1,3,3,4,2,1,3,3,4,2,1,3,4,4,3,4,2,4,2,2,3,2,2,1,2,3,2,3,2,2,1,3,2,3,4,1,3,4,1,3,3,2,2,3,3,1,4,1,1,3,1,3,4,1,4,1,4,2,1,2,1,1,1,3,1,1,3,1,3,3,1,2,2,1,1,4,1,2,4,4,3,2,1,1,4,1,4,3,4,1,4,1,1,1,2,3,4,1,1,2,3,2,1,3,3,1,4,3,3,3,4,2,1,2,2,4,2,1,1,4,3,1,4,4,2,4,3,2,1,1,1,2,1,1,3,3,3,3,1,1,4,2,1,2,1,1,3,3,3,3,1,3,3,2,2,4,2,2,2,2,1,4,3,3,3,3,1,3,4,1,1,2,4,2,1,3,2,3,4,1,3,1,2,3,4,1,2,2,2,1,2,4,4,1,2,2,2,2,4,3,3,2,1,4,2,2,3,2,3,2,3,2,1,1,1,4,4,1,1,2,1,3,4,2,2,4,1,1,3,3,1,1,2,2,1,4,2,4,2,3,2,4,4,1,4,3,1,2,2,1,1,3,2,1,2,2,4,2,4,2,3,1,1,2,2,2,1,4,1,3,1,4,3,3,3,4,4,2,1,4,4,2,3,4,4,1,1,1,4,1,3,4,2,4,2,2,4,4,2,3,1,4,2,2,1,1,2,4,2,2,1,1,4,4,1,1,3,4,1,4,1,2,4,3,2,3,3,1,1,2,1,4,2,1,2,1,3,3,4,4,4,2,3,4,1,1,1,4,2,1,4,4,1,1,3,3,3,3,2,2,1,1,4,2,2,2,2,3,1,1,4,2,4,2,1,1,2,2,4,1,3,4,3,3,1,4,3,2,4,3,3,4,1,3,1,1,2,1,4,4,2,3,3,1,3,1,2,3,4,3,2,1,1,4,2,1,3,1,2,2,2,2,2,3,2,4,4,2,4,3,1,1,2,1,3,1,1,1,1,1,1,3,1,1,1,3,3,3,2,4,2,2,1,2,4,3,4,1,3,3,3,3,2,1,2,3,1,3,3,1,1,1,2,4,2,1,4,3,2,1,2,1,3,1,1,3,2,1,3,2,2,2,3,4,1,1,4,2,2,2,3,1,3,4,4,2,4,2,1,2,3,4,3,3,1,3,2,2,2,2,3,3,3,4,1,3,4,1,4,1,1,2,4,3,1,1,2,3,1,1,4,1,3,1,1,1,2,2,4,1,2,1,4,4,4,3,2,2,4,4,3,4,4,3"
71,0.9877030496613249,0.43137254901960786,2253.0,"2,1,2,4,1,1,1,2,2,1,3,4,2,1,1,1,1,4,3,4,4,2,1,4,3,4,4,1,2,2,1,4,4,2,1,4,2,4,1,4,4,3,1,3,4,3,3,1,2,2,1,2,3,2,1,2,1,4,3,3,1,2,4,2,3,4,1,1,2,1,2,2,2,1,1,2,2,1,2,3,2,4,3,1,1,3,1,1,1,1,1,1,3,4,2,1,2,3,2,1,1,3,2,4,3,4,2,1,2,4,2,2,2,2,4,3,1,2,4,1,3,1,4,2,1,4,2,4,1,2,4,2,2,1,3,3,3,4,4,2,2,4,3,1,2,2,3,3,2,3,3,3,4,4,1,4,1,1,1,3,4,2,2,1,2,4,4,4,3,4,2,4,3,2,1,4,3,4,2,2,2,3,4,4,3,3,3,2,3,2,1,2,2,3,2,2,4,2,3,2,2,4,1,4,2,4,3,1,3,2,4,2,4,2,3,1,3,1,2,1,1,1,4,2,4,1,2,2,2,3,1,1,2,3,1,4,3,4,1,1,1,1,2,2,2,1,2,3,4,1,3,1,4,2,3,3,1,4,4,4,4,2,2,4,2,2,4,2,2,4,4,1,1,3,4,3,1,2,3,1,1,4,3,1,1,4,1,2,3,4,4,2,3,2,2,2,2,1,1,1,4,2,2,3,4,4,3,1,1,1,4,1,2,3,1,1,2,3,2,4,1,3,3,3,4,2,1,2,3,1,3,3,1,1,1,3,4,3,2,3,1,2,3,3,4,2,2,4,3,4,2,4,1,1,4,3,2,4,3,3,2,1,3,2,2,3,3,2,1,3,3,2,3,4,2,4,4,3,2,4,2,2,1,1,1,3,2,4,2,1,1,2,1,2,2,2,2,1,3,4,2,2,2,1,4,2,3,4,2,1,3,4,4,4,3,2,4,2,2,2,4,3,1,1,1,1,3,1,1,3,4,3,1,1,2,1,2,2,4,1,1,2,4,4,1,2,3,2,1,1,2,3,2,4,1,1,1,4,3,1,2,3,1,2,3,4,2,2,3,1,2,3,1,1,2,4,2,3,1,4,3,1,4,1,3,1,2,1,1,1,1,4,4,3,1,1,2,4,1,1,2,1,1,2,2,2,2,3,3,3,1,3,1,3,2,3,1,1,2,2,4,4,1,2,4,1,1,2,1,2,1,4,4,2,3,3,1,4,2,3,2,2,3,3,1,1,3,2,2,3,4,1,2,2,1,2,1,1,1,2,4,3,2,3,3,4,4,2,4,3,3,1,3,3,1,4,3,4,1,1,1,4,4,2,1,4,2,2,1,1,4,1,3,2,2,2,3,4,1,1,2,2,1,4,4,3,4,3,3,2,1,3,4,1,2,3,3,3,4,2,3,2,1,1,3,1,1,3,2,2,2,1,1,1,4,2,2,4,1,3,4,1,3,3,4,1,1,3,3,1,1,4,2,2,1,3,1,3,3,4,3,4,2,3,1,2,2,1,2,2,1,2,2,4,1,2,1,3,4,3,1,1,3,3,1,4,1,3,1,1,1,2,3,3,2,2,1,2,3,3,4,1,4,3,4,2,1,2,4,3,3,1,1,1,2,1,2,3,4,4,2,4,2,2,3,2,3,3,2,2,2,3,2,3,4,2,1,3,3,1,3,2,1,3,1,1,3,2,3,4,3,2,4,3,1,4,2,4,1,1,2,2,2,2,2,1,1,1,1,3,1,4,1,4,2,3,1,2,2,4,1,3,2,3,1,3,2,2,2,2,4,2,4,3,1,4,1,3,3,3,3,2,1,2,4,4,2,2,1,3,4,1,3,4,1,2,2,3,3,2,2,3,3,3,4,3,2,2,2,1,3,1,3,1,3,4,1,3,3,2,2,3,1,2,2,1,1,3,3,1,2,2,1,1,2,1,3,1,1,2,1,2,3,4,3,1,4,3,2,4,4,3,2,3,2,1,1,2,1,3,2,4,4,3,3,3,3,4,1,1,3,2,2,2,1,1,1,4,2,3,1,2,2,3,1,1,1,3,1,3,2,2,1,2,1,1,2,1,1,4,1,2,4,4,2,1,2,2,4,2,4,4,4,4,1,3,2,1,1,1,2,3,1,2,3,1,3,4,3,3,4,3,1,2,1,3,3,3,1,4,4,4,1,1,1,1,1,4,2,4,2,3,4,4,1,1,1,1,3,4,3,1,1,3,1,1,2,1,2,3,4,2,4,1,1,1,2,4,3,1,2,3,1,1,2,2,1,4,1,2,2,2,4,3,4,2,4,1,4,1,4,1,4,3,1,1,4,4,1,4,2,4,3,1,3,3,2,2,3,1,3,4,1,1,4,1,2,1,1,1,1,3,3,3,2,4,4,2,1,2,1,1,2,1,3,3,3,3,2,3,1,2,2,3,4,4,3,3,1,1,3,3,4,3,4,3,1,4,4,4,3,2,4,1,3,4,3,2,2,3,3,3,4,3,1,2,4,4,2,2,1,1,1,4,1,1,1,3,3,4,2,1,3,3,4,2,1,3,4,4,3,4,2,4,2,2,3,2,2,1,2,3,2,3,2,2,1,3,2,3,4,1,3,4,1,3,3,2,2,3,3,1,4,1,1,3,1,3,4,1,4,1,4,2,1,2,1,1,1,3,1,1,3,1,3,3,1,2,2,1,1,4,1,2,4,4,3,2,1,1,4,1,4,3,4,1,4,1,1,1,2,3,4,1,1,2,3,2,1,3,3,1,4,3,3,3,4,2,1,2,2,4,2,1,1,4,3,1,4,4,2,4,3,2,1,1,1,2,1,1,3,3,3,3,1,1,4,2,1,2,1,1,3,3,3,3,1,3,3,2,2,4,2,2,2,2,1,4,3,3,3,3,1,3,4,1,1,2,4,2,1,3,2,3,4,1,3,1,2,3,4,1,2,2,2,1,2,4,4,1,2,2,2,2,4,3,3,2,1,4,2,2,3,2,3,2,3,2,1,1,1,4,4,1,1,2,1,3,4,2,2,4,1,1,3,3,1,1,2,2,1,4,2,4,2,3,2,4,4,1,4,3,1,2,2,1,1,3,2,1,2,2,4,2,4,2,3,1,1,2,2,2,1,4,1,3,1,4,3,3,3,4,4,2,1,4,4,2,3,4,4,1,1,1,4,1,3,4,2,4,2,2,4,4,2,3,1,4,2,2,1,1,2,4,2,2,1,1,4,4,1,1,3,4,1,4,1,2,4,3,2,3,3,1,1,2,1,4,2,1,2,1,3,3,4,4,4,2,3,4,1,1,1,4,2,1,4,4,1,1,3,3,3,3,2,2,1,1,4,2,2,2,2,3,1,1,4,2,4,2,1,1,2,2,4,1,3,4,3,3,1,4,3,2,4,3,3,4,1,3,1,1,2,1,4,4,2,3,3,1,3,1,2,3,4,3,2,1,1,4,2,1,3,1,2,2,2,2,2,3,2,4,4,2,4,3,1,1,2,1,3,1,1,1,1,1,1,3,1,1,1,3,3,3,2,4,2,2,1,2,4,3,4,1,3,3,3,3,2,1,2,3,1,3,3,1,1,1,2,4,2,1,4,3,2,1,2,1,3,1,1,3,2,1,3,2,2,2,3,4,1,1,4,2,2,2,3,1,3,4,4,2,4,2,1,2,3,4,3,3,1,3,2,2,2,2,3,3,3,4,1,3,4,1,4,1,1,2,4,3,1,1,2,3,1,1,4,1,3,1,1,1,2,2,4,1,2,1,4,4,4,3,2,2,4,4,3,4,4,3"
72,0.9877030496613249,0.43137254901960786,2253.0,"2,1,2,4,1,1,1,2,2,1,3,4,2,1,1,1,1,4,3,4,4,2,1,4,3,4,4,1,2,2,1,4,4,2,1,4,2,4,1,4,4,3,1,3,4,3,3,1,2,2,1,2,3,2,1,2,1,4,3,3,1,2,4,2,3,4,1,1,2,1,2,2,2,1,1,2,2,1,2,3,2,4,3,1,1,3,1,1,1,1,1,1,3,4,2,1,2,3,2,1,1,3,2,4,3,4,2,1,2,4,2,2,2,2,4,3,1,2,4,1,3,1,4,2,1,4,2,4,1,2,4,2,2,1,3,3,3,4,4,2,2,4,3,1,2,2,3,3,2,3,3,3,4,4,1,4,1,1,1,3,4,2,2,1,2,4,4,4,3,4,2,4,3,2,1,4,3,4,2,2,2,3,4,4,3,3,3,2,3,2,1,2,2,3,2,2,4,2,3,2,2,4,1,4,2,4,3,1,3,2,4,2,4,2,3,1,3,1,2,1,1,1,4,2,4,1,2,2,2,3,1,1,2,3,1,4,3,4,1,1,1,1,2,2,2,1,2,3,4,1,3,1,4,2,3,3,1,4,4,4,4,2,2,4,2,2,4,2,2,4,4,1,1,3,4,3,1,2,3,1,1,4,3,1,1,4,1,2,3,4,4,2,3,2,2,2,2,1,1,1,4,2,2,3,4,4,3,1,1,1,4,1,2,3,1,1,2,3,2,4,1,3,3,3,4,2,1,2,3,1,3,3,1,1,1,3,4,3,2,3,1,2,3,3,4,2,2,4,3,4,2,4,1,1,4,3,2,4,3,3,2,1,3,2,2,3,3,2,1,3,3,2,3,4,2,4,4,3,2,4,2,2,1,1,1,3,2,4,2,1,1,2,1,2,2,2,2,1,3,4,2,2,2,1,4,2,3,4,2,1,3,4,4,4,3,2,4,2,2,2,4,3,1,1,1,1,3,1,1,3,4,3,1,1,2,1,2,2,4,1,1,2,4,4,1,2,3,2,1,1,2,3,2,4,1,1,1,4,3,1,2,3,1,2,3,4,2,2,3,1,2,3,1,1,2,4,2,3,1,4,3,1,4,1,3,1,2,1,1,1,1,4,4,3,1,1,2,4,1,1,2,1,1,2,2,2,2,3,3,3,1,3,1,3,2,3,1,1,2,2,4,4,1,2,4,1,1,2,1,2,1,4,4,2,3,3,1,4,2,3,2,2,3,3,1,1,3,2,2,3,4,1,2,2,1,2,1,1,1,2,4,3,2,3,3,4,4,2,4,3,3,1,3,3,1,4,3,4,1,1,1,4,4,2,1,4,2,2,1,1,4,1,3,2,2,2,3,4,1,1,2,2,1,4,4,3,4,3,3,2,1,3,4,1,2,3,3,3,4,2,3,2,1,1,3,1,1,3,2,2,2,1,1,1,4,2,2,4,1,3,4,1,3,3,4,1,1,3,3,1,1,4,2,2,1,3,1,3,3,4,3,4,2,3,1,2,2,1,2,2,1,2,2,4,1,2,1,3,4,3,1,1,3,3,1,4,1,3,1,1,1,2,3,3,2,2,1,2,3,3,4,1,4,3,4,2,1,2,4,3,3,1,1,1,2,1,2,3,4,4,2,4,2,2,3,2,3,3,2,2,2,3,2,3,4,2,1,3,3,1,3,2,1,3,1,1,3,2,3,4,3,2,4,3,1,4,2,4,1,1,2,2,2,2,2,1,1,1,1,3,1,4,1,4,2,3,1,2,2,4,1,3,2,3,1,3,2,2,2,2,4,2,4,3,1,4,1,3,3,3,3,2,1,2,4,4,2,2,1,3,4,1,3,4,1,2,2,3,3,2,2,3,3,3,4,3,2,2,2,1,3,1,3,1,3,4,1,3,3,2,2,3,1,2,2,1,1,3,3,1,2,2,1,1,2,1,3,1,1,2,1,2,3,4,3,1,4,3,2,4,4,3,2,3,2,1,1,2,1,3,2,4,4,3,3,3,3,4,1,1,3,2,2,2,1,1,1,4,2,3,1,2,2,3,1,1,1,3,1,3,2,2,1,2,1,1,2,1,1,4,1,2,4,4,2,1,2,2,4,2,4,4,4,4,1,3,2,1,1,1,2,3,1,2,3,1,3,4,3,3,4,3,1,2,1,3,3,3,1,4,4,4,1,1,1,1,1,4,2,4,2,3,4,4,1,1,1,1,3,4,3,1,1,3,1,1,2,1,2,3,4,2,4,1,1,1,2,4,3,1,2,3,1,1,2,2,1,4,1,2,2,2,4,3,4,2,4,1,4,1,4,1,4,3,1,1,4,4,1,4,2,4,3,1,3,3,2,2,3,1,3,4,1,1,4,1,2,1,1,1,1,3,3,3,2,4,4,2,1,2,1,1,2,1,3,3,3,3,2,3,1,2,2,3,4,4,3,3,1,1,3,3,4,3,4,3,1,4,4,4,3,2,4,1,3,4,3,2,2,3,3,3,4,3,1,2,4,4,2,2,1,1,1,4,1,1,1,3,3,4,2,1,3,3,4,2,1,3,4,4,3,4,2,4,2,2,3,2,2,1,2,3,2,3,2,2,1,3,2,3,4,1,3,4,1,3,3,2,2,3,3,1,4,1,1,3,1,3,4,1,4,1,4,2,1,2,1,1,1,3,1,1,3,1,3,3,1,2,2,1,1,4,1,2,4,4,3,2,1,1,4,1,4,3,4,1,4,1,1,1,2,3,4,1,1,2,3,2,1,3,3,1,4,3,3,3,4,2,1,2,2,4,2,1,1,4,3,1,4,4,2,4,3,2,1,1,1,2,1,1,3,3,3,3,1,1,4,2,1,2,1,1,3,3,3,3,1,3,3,2,2,4,2,2,2,2,1,4,3,3,3,3,1,3,4,1,1,2,4,2,1,3,2,3,4,1,3,1,2,3,4,1,2,2,2,1,2,4,4,1,2,2,2,2,4,3,3,2,1,4,2,2,3,2,3,2,3,2,1,1,1,4,4,1,1,2,1,3,4,2,2,4,1,1,3,3,1,1,2,2,1,4,2,4,2,3,2,4,4,1,4,3,1,2,2,1,1,3,2,1,2,2,4,2,4,2,3,1,1,2,2,2,1,4,1,3,1,4,3,3,3,4,4,2,1,4,4,2,3,4,4,1,1,1,4,1,3,4,2,4,2,2,4,4,2,3,1,4,2,2,1,1,2,4,2,2,1,1,4,4,1,1,3,4,1,4,1,2,4,3,2,3,3,1,1,2,1,4,2,1,2,1,3,3,4,4,4,2,3,4,1,1,1,4,2,1,4,4,1,1,3,3,3,3,2,2,1,1,4,2,2,2,2,3,1,1,4,2,4,2,1,1,2,2,4,1,3,4,3,3,1,4,3,2,4,3,3,4,1,3,1,1,2,1,4,4,2,3,3,1,3,1,2,3,4,3,2,1,1,4,2,1,3,1,2,2,2,2,2,3,2,4,4,2,4,3,1,1,2,1,3,1,1,1,1,1,1,3,1,1,1,3,3,3,2,4,2,2,1,2,4,3,4,1,3,3,3,3,2,1,2,3,1,3,3,1,1,1,2,4,2,1,4,3,2,1,2,1,3,1,1,3,2,1,3,2,2,2,3,4,1,1,4,2,2,2,3,1,3,4,4,2,4,2,1,2,3,4,3,3,1,3,2,2,2,2,3,3,3,4,1,3,4,1,4,1,1,2,4,3,1,1,2,3,1,1,4,1,3,1,1,1,2,2,4,1,2,1,4,4,4,3,2,2,4,4,3,4,4,3"
73,0.9877030496613249,0.43137254901960786,2253.0,"2,1,2,4,1,1,1,2,2,1,3,4,2,1,1,1,1,4,3,4,4,2,1,4,3,4,4,1,2,2,1,4,4,2,1,4,2,4,1,4,4,3,1,3,4,3,3,1,2,2,1,2,3,2,1,2,1,4,3,3,1,2,4,2,3,4,1,1,2,1,2,2,2,1,1,2,2,1,2,3,2,4,3,1,1,3,1,1,1,1,1,1,3,4,2,1,2,3,2,1,1,3,2,4,3,4,2,1,2,4,2,2,2,2,4,3,1,2,4,1,3,1,4,2,1,4,2,4,1,2,4,2,2,1,3,3,3,4,4,2,2,4,3,1,2,2,3,3,2,3,3,3,4,4,1,4,1,1,1,3,4,2,2,1,2,4,4,4,3,4,2,4,3,2,1,4,3,4,2,2,2,3,4,4,3,3,3,2,3,2,1,2,2,3,2,2,4,2,3,2,2,4,1,4,2,4,3,1,3,2,4,2,4,2,3,1,3,1,2,1,1,1,4,2,4,1,2,2,2,3,1,1,2,3,1,4,3,4,1,1,1,1,2,2,2,1,2,3,4,1,3,1,4,2,3,3,1,4,4,4,4,2,2,4,2,2,4,2,2,4,4,1,1,3,4,3,1,2,3,1,1,4,3,1,1,4,1,2,3,4,4,2,3,2,2,2,2,1,1,1,4,2,2,3,4,4,3,1,1,1,4,1,2,3,1,1,2,3,2,4,1,3,3,3,4,2,1,2,3,1,3,3,1,1,1,3,4,3,2,3,1,2,3,3,4,2,2,4,3,4,2,4,1,1,4,3,2,4,3,3,2,1,3,2,2,3,3,2,1,3,3,2,3,4,2,4,4,3,2,4,2,2,1,1,1,3,2,4,2,1,1,2,1,2,2,2,2,1,3,4,2,2,2,1,4,2,3,4,2,1,3,4,4,4,3,2,4,2,2,2,4,3,1,1,1,1,3,1,1,3,4,3,1,1,2,1,2,2,4,1,1,2,4,4,1,2,3,2,1,1,2,3,2,4,1,1,1,4,3,1,2,3,1,2,3,4,2,2,3,1,2,3,1,1,2,4,2,3,1,4,3,1,4,1,3,1,2,1,1,1,1,4,4,3,1,1,2,4,1,1,2,1,1,2,2,2,2,3,3,3,1,3,1,3,2,3,1,1,2,2,4,4,1,2,4,1,1,2,1,2,1,4,4,2,3,3,1,4,2,3,2,2,3,3,1,1,3,2,2,3,4,1,2,2,1,2,1,1,1,2,4,3,2,3,3,4,4,2,4,3,3,1,3,3,1,4,3,4,1,1,1,4,4,2,1,4,2,2,1,1,4,1,3,2,2,2,3,4,1,1,2,2,1,4,4,3,4,3,3,2,1,3,4,1,2,3,3,3,4,2,3,2,1,1,3,1,1,3,2,2,2,1,1,1,4,2,2,4,1,3,4,1,3,3,4,1,1,3,3,1,1,4,2,2,1,3,1,3,3,4,3,4,2,3,1,2,2,1,2,2,1,2,2,4,1,2,1,3,4,3,1,1,3,3,1,4,1,3,1,1,1,2,3,3,2,2,1,2,3,3,4,1,4,3,4,2,1,2,4,3,3,1,1,1,2,1,2,3,4,4,2,4,2,2,3,2,3,3,2,2,2,3,2,3,4,2,1,3,3,1,3,2,1,3,1,1,3,2,3,4,3,2,4,3,1,4,2,4,1,1,2,2,2,2,2,1,1,1,1,3,1,4,1,4,2,3,1,2,2,4,1,3,2,3,1,3,2,2,2,2,4,2,4,3,1,4,1,3,3,3,3,2,1,2,4,4,2,2,1,3,4,1,3,4,1,2,2,3,3,2,2,3,3,3,4,3,2,2,2,1,3,1,3,1,3,4,1,3,3,2,2,3,1,2,2,1,1,3,3,1,2,2,1,1,2,1,3,1,1,2,1,2,3,4,3,1,4,3,2,4,4,3,2,3,2,1,1,2,1,3,2,4,4,3,3,3,3,4,1,1,3,2,2,2,1,1,1,4,2,3,1,2,2,3,1,1,1,3,1,3,2,2,1,2,1,1,2,1,1,4,1,2,4,4,2,1,2,2,4,2,4,4,4,4,1,3,2,1,1,1,2,3,1,2,3,1,3,4,3,3,4,3,1,2,1,3,3,3,1,4,4,4,1,1,1,1,1,4,2,4,2,3,4,4,1,1,1,1,3,4,3,1,1,3,1,1,2,1,2,3,4,2,4,1,1,1,2,4,3,1,2,3,1,1,2,2,1,4,1,2,2,2,4,3,4,2,4,1,4,1,4,1,4,3,1,1,4,4,1,4,2,4,3,1,3,3,2,2,3,1,3,4,1,1,4,1,2,1,1,1,1,3,3,3,2,4,4,2,1,2,1,1,2,1,3,3,3,3,2,3,1,2,2,3,4,4,3,3,1,1,3,3,4,3,4,3,1,4,4,4,3,2,4,1,3,4,3,2,2,3,3,3,4,3,1,2,4,4,2,2,1,1,1,4,1,1,1,3,3,4,2,1,3,3,4,2,1,3,4,4,3,4,2,4,2,2,3,2,2,1,2,3,2,3,2,2,1,3,2,3,4,1,3,4,1,3,3,2,2,3,3,1,4,1,1,3,1,3,4,1,4,1,4,2,1,2,1,1,1,3,1,1,3,1,3,3,1,2,2,1,1,4,1,2,4,4,3,2,1,1,4,1,4,3,4,1,4,1,1,1,2,3,4,1,1,2,3,2,1,3,3,1,4,3,3,3,4,2,1,2,2,4,2,1,1,4,3,1,4,4,2,4,3,2,1,1,1,2,1,1,3,3,3,3,1,1,4,2,1,2,1,1,3,3,3,3,1,3,3,2,2,4,2,2,2,2,1,4,3,3,3,3,1,3,4,1,1,2,4,2,1,3,2,3,4,1,3,1,2,3,4,1,2,2,2,1,2,4,4,1,2,2,2,2,4,3,3,2,1,4,2,2,3,2,3,2,3,2,1,1,1,4,4,1,1,2,1,3,4,2,2,4,1,1,3,3,1,1,2,2,1,4,2,4,2,3,2,4,4,1,4,3,1,2,2,1,1,3,2,1,2,2,4,2,4,2,3,1,1,2,2,2,1,4,1,3,1,4,3,3,3,4,4,2,1,4,4,2,3,4,4,1,1,1,4,1,3,4,2,4,2,2,4,4,2,3,1,4,2,2,1,1,2,4,2,2,1,1,4,4,1,1,3,4,1,4,1,2,4,3,2,3,3,1,1,2,1,4,2,1,2,1,3,3,4,4,4,2,3,4,1,1,1,4,2,1,4,4,1,1,3,3,3,3,2,2,1,1,4,2,2,2,2,3,1,1,4,2,4,2,1,1,2,2,4,1,3,4,3,3,1,4,3,2,4,3,3,4,1,3,1,1,2,1,4,4,2,3,3,1,3,1,2,3,4,3,2,1,1,4,2,1,3,1,2,2,2,2,2,3,2,4,4,2,4,3,1,1,2,1,3,1,1,1,1,1,1,3,1,1,1,3,3,3,2,4,2,2,1,2,4,3,4,1,3,3,3,3,2,1,2,3,1,3,3,1,1,1,2,4,2,1,4,3,2,1,2,1,3,1,1,3,2,1,3,2,2,2,3,4,1,1,4,2,2,2,3,1,3,4,4,2,4,2,1,2,3,4,3,3,1,3,2,2,2,2,3,3,3,4,1,3,4,1,4,1,1,2,4,3,1,1,2,3,1,1,4,1,3,1,1,1,2,2,4,1,2,1,4,4,4,3,2,2,4,4,3,4,4,3"
74,0.9877030496613249,0.43137254901960786,2253.0,"2,1,2,4,1,1,1,2,2,1,3,4,2,1,1,1,1,4,3,4,4,2,1,4,3,4,4,1,2,2,1,4,4,2,1,4,2,4,1,4,4,3,1,3,4,3,3,1,2,2,1,2,3,2,1,2,1,4,3,3,1,2,4,2,3,4,1,1,2,1,2,2,2,1,1,2,2,1,2,3,2,4,3,1,1,3,1,1,1,1,1,1,3,4,2,1,2,3,2,1,1,3,2,4,3,4,2,1,2,4,2,2,2,2,4,3,1,2,4,1,3,1,4,2,1,4,2,4,1,2,4,2,2,1,3,3,3,4,4,2,2,4,3,1,2,2,3,3,2,3,3,3,4,4,1,4,1,1,1,3,4,2,2,1,2,4,4,4,3,4,2,4,3,2,1,4,3,4,2,2,2,3,4,4,3,3,3,2,3,2,1,2,2,3,2,2,4,2,3,2,2,4,1,4,2,4,3,1,3,2,4,2,4,2,3,1,3,1,2,1,1,1,4,2,4,1,2,2,2,3,1,1,2,3,1,4,3,4,1,1,1,1,2,2,2,1,2,3,4,1,3,1,4,2,3,3,1,4,4,4,4,2,2,4,2,2,4,2,2,4,4,1,1,3,4,3,1,2,3,1,1,4,3,1,1,4,1,2,3,4,4,2,3,2,2,2,2,1,1,1,4,2,2,3,4,4,3,1,1,1,4,1,2,3,1,1,2,3,2,4,1,3,3,3,4,2,1,2,3,1,3,3,1,1,1,3,4,3,2,3,1,2,3,3,4,2,2,4,3,4,2,4,1,1,4,3,2,4,3,3,2,1,3,2,2,3,3,2,1,3,3,2,3,4,2,4,4,3,2,4,2,2,1,1,1,3,2,4,2,1,1,2,1,2,2,2,2,1,3,4,2,2,2,1,4,2,3,4,2,1,3,4,4,4,3,2,4,2,2,2,4,3,1,1,1,1,3,1,1,3,4,3,1,1,2,1,2,2,4,1,1,2,4,4,1,2,3,2,1,1,2,3,2,4,1,1,1,4,3,1,2,3,1,2,3,4,2,2,3,1,2,3,1,1,2,4,2,3,1,4,3,1,4,1,3,1,2,1,1,1,1,4,4,3,1,1,2,4,1,1,2,1,1,2,2,2,2,3,3,3,1,3,1,3,2,3,1,1,2,2,4,4,1,2,4,1,1,2,1,2,1,4,4,2,3,3,1,4,2,3,2,2,3,3,1,1,3,2,2,3,4,1,2,2,1,2,1,1,1,2,4,3,2,3,3,4,4,2,4,3,3,1,3,3,1,4,3,4,1,1,1,4,4,2,1,4,2,2,1,1,4,1,3,2,2,2,3,4,1,1,2,2,1,4,4,3,4,3,3,2,1,3,4,1,2,3,3,3,4,2,3,2,1,1,3,1,1,3,2,2,2,1,1,1,4,2,2,4,1,3,4,1,3,3,4,1,1,3,3,1,1,4,2,2,1,3,1,3,3,4,3,4,2,3,1,2,2,1,2,2,1,2,2,4,1,2,1,3,4,3,1,1,3,3,1,4,1,3,1,1,1,2,3,3,2,2,1,2,3,3,4,1,4,3,4,2,1,2,4,3,3,1,1,1,2,1,2,3,4,4,2,4,2,2,3,2,3,3,2,2,2,3,2,3,4,2,1,3,3,1,3,2,1,3,1,1,3,2,3,4,3,2,4,3,1,4,2,4,1,1,2,2,2,2,2,1,1,1,1,3,1,4,1,4,2,3,1,2,2,4,1,3,2,3,1,3,2,2,2,2,4,2,4,3,1,4,1,3,3,3,3,2,1,2,4,4,2,2,1,3,4,1,3,4,1,2,2,3,3,2,2,3,3,3,4,3,2,2,2,1,3,1,3,1,3,4,1,3,3,2,2,3,1,2,2,1,1,3,3,1,2,2,1,1,2,1,3,1,1,2,1,2,3,4,3,1,4,3,2,4,4,3,2,3,2,1,1,2,1,3,2,4,4,3,3,3,3,4,1,1,3,2,2,2,1,1,1,4,2,3,1,2,2,3,1,1,1,3,1,3,2,2,1,2,1,1,2,1,1,4,1,2,4,4,2,1,2,2,4,2,4,4,4,4,1,3,2,1,1,1,2,3,1,2,3,1,3,4,3,3,4,3,1,2,1,3,3,3,1,4,4,4,1,1,1,1,1,4,2,4,2,3,4,4,1,1,1,1,3,4,3,1,1,3,1,1,2,1,2,3,4,2,4,1,1,1,2,4,3,1,2,3,1,1,2,2,1,4,1,2,2,2,4,3,4,2,4,1,4,1,4,1,4,3,1,1,4,4,1,4,2,4,3,1,3,3,2,2,3,1,3,4,1,1,4,1,2,1,1,1,1,3,3,3,2,4,4,2,1,2,1,1,2,1,3,3,3,3,2,3,1,2,2,3,4,4,3,3,1,1,3,3,4,3,4,3,1,4,4,4,3,2,4,1,3,4,3,2,2,3,3,3,4,3,1,2,4,4,2,2,1,1,1,4,1,1,1,3,3,4,2,1,3,3,4,2,1,3,4,4,3,4,2,4,2,2,3,2,2,1,2,3,2,3,2,2,1,3,2,3,4,1,3,4,1,3,3,2,2,3,3,1,4,1,1,3,1,3,4,1,4,1,4,2,1,2,1,1,1,3,1,1,3,1,3,3,1,2,2,1,1,4,1,2,4,4,3,2,1,1,4,1,4,3,4,1,4,1,1,1,2,3,4,1,1,2,3,2,1,3,3,1,4,3,3,3,4,2,1,2,2,4,2,1,1,4,3,1,4,4,2,4,3,2,1,1,1,2,1,1,3,3,3,3,1,1,4,2,1,2,1,1,3,3,3,3,1,3,3,2,2,4,2,2,2,2,1,4,3,3,3,3,1,3,4,1,1,2,4,2,1,3,2,3,4,1,3,1,2,3,4,1,2,2,2,1,2,4,4,1,2,2,2,2,4,3,3,2,1,4,2,2,3,2,3,2,3,2,1,1,1,4,4,1,1,2,1,3,4,2,2,4,1,1,3,3,1,1,2,2,1,4,2,4,2,3,2,4,4,1,4,3,1,2,2,1,1,3,2,1,2,2,4,2,4,2,3,1,1,2,2,2,1,4,1,3,1,4,3,3,3,4,4,2,1,4,4,2,3,4,4,1,1,1,4,1,3,4,2,4,2,2,4,4,2,3,1,4,2,2,1,1,2,4,2,2,1,1,4,4,1,1,3,4,1,4,1,2,4,3,2,3,3,1,1,2,1,4,2,1,2,1,3,3,4,4,4,2,3,4,1,1,1,4,2,1,4,4,1,1,3,3,3,3,2,2,1,1,4,2,2,2,2,3,1,1,4,2,4,2,1,1,2,2,4,1,3,4,3,3,1,4,3,2,4,3,3,4,1,3,1,1,2,1,4,4,2,3,3,1,3,1,2,3,4,3,2,1,1,4,2,1,3,1,2,2,2,2,2,3,2,4,4,2,4,3,1,1,2,1,3,1,1,1,1,1,1,3,1,1,1,3,3,3,2,4,2,2,1,2,4,3,4,1,3,3,3,3,2,1,2,3,1,3,3,1,1,1,2,4,2,1,4,3,2,1,2,1,3,1,1,3,2,1,3,2,2,2,3,4,1,1,4,2,2,2,3,1,3,4,4,2,4,2,1,2,3,4,3,3,1,3,2,2,2,2,3,3,3,4,1,3,4,1,4,1,1,2,4,3,1,1,2,3,1,1,4,1,3,1,1,1,2,2,4,1,2,1,4,4,4,3,2,2,4,4,3,4,4,3"
75,0.9877030496613249,0.43137254901960786,2253.0,"2,1,2,4,1,1,1,2,2,1,3,4,2,1,1,1,1,4,3,4,4,2,1,4,3,4,4,1,2,2,1,4,4,2,1,4,2,4,1,4,4,3,1,3,4,3,3,1,2,2,1,2,3,2,1,2,1,4,3,3,1,2,4,2,3,4,1,1,2,1,2,2,2,1,1,2,2,1,2,3,2,4,3,1,1,3,1,1,1,1,1,1,3,4,2,1,2,3,2,1,1,3,2,4,3,4,2,1,2,4,2,2,2,2,4,3,1,2,4,1,3,1,4,2,1,4,2,4,1,2,4,2,2,1,3,3,3,4,4,2,2,4,3,1,2,2,3,3,2,3,3,3,4,4,1,4,1,1,1,3,4,2,2,1,2,4,4,4,3,4,2,4,3,2,1,4,3,4,2,2,2,3,4,4,3,3,3,2,3,2,1,2,2,3,2,2,4,2,3,2,2,4,1,4,2,4,3,1,3,2,4,2,4,2,3,1,3,1,2,1,1,1,4,2,4,1,2,2,2,3,1,1,2,3,1,4,3,4,1,1,1,1,2,2,2,1,2,3,4,1,3,1,4,2,3,3,1,4,4,4,4,2,2,4,2,2,4,2,2,4,4,1,1,3,4,3,1,2,3,1,1,4,3,1,1,4,1,2,3,4,4,2,3,2,2,2,2,1,1,1,4,2,2,3,4,4,3,1,1,1,4,1,2,3,1,1,2,3,2,4,1,3,3,3,4,2,1,2,3,1,3,3,1,1,1,3,4,3,2,3,1,2,3,3,4,2,2,4,3,4,2,4,1,1,4,3,2,4,3,3,2,1,3,2,2,3,3,2,1,3,3,2,3,4,2,4,4,3,2,4,2,2,1,1,1,3,2,4,2,1,1,2,1,2,2,2,2,1,3,4,2,2,2,1,4,2,3,4,2,1,3,4,4,4,3,2,4,2,2,2,4,3,1,1,1,1,3,1,1,3,4,3,1,1,2,1,2,2,4,1,1,2,4,4,1,2,3,2,1,1,2,3,2,4,1,1,1,4,3,1,2,3,1,2,3,4,2,2,3,1,2,3,1,1,2,4,2,3,1,4,3,1,4,1,3,1,2,1,1,1,1,4,4,3,1,1,2,4,1,1,2,1,1,2,2,2,2,3,3,3,1,3,1,3,2,3,1,1,2,2,4,4,1,2,4,1,1,2,1,2,1,4,4,2,3,3,1,4,2,3,2,2,3,3,1,1,3,2,2,3,4,1,2,2,1,2,1,1,1,2,4,3,2,3,3,4,4,2,4,3,3,1,3,3,1,4,3,4,1,1,1,4,4,2,1,4,2,2,1,1,4,1,3,2,2,2,3,4,1,1,2,2,1,4,4,3,4,3,3,2,1,3,4,1,2,3,3,3,4,2,3,2,1,1,3,1,1,3,2,2,2,1,1,1,4,2,2,4,1,3,4,1,3,3,4,1,1,3,3,1,1,4,2,2,1,3,1,3,3,4,3,4,2,3,1,2,2,1,2,2,1,2,2,4,1,2,1,3,4,3,1,1,3,3,1,4,1,3,1,1,1,2,3,3,2,2,1,2,3,3,4,1,4,3,4,2,1,2,4,3,3,1,1,1,2,1,2,3,4,4,2,4,2,2,3,2,3,3,2,2,2,3,2,3,4,2,1,3,3,1,3,2,1,3,1,1,3,2,3,4,3,2,4,3,1,4,2,4,1,1,2,2,2,2,2,1,1,1,1,3,1,4,1,4,2,3,1,2,2,4,1,3,2,3,1,3,2,2,2,2,4,2,4,3,1,4,1,3,3,3,3,2,1,2,4,4,2,2,1,3,4,1,3,4,1,2,2,3,3,2,2,3,3,3,4,3,2,2,2,1,3,1,3,1,3,4,1,3,3,2,2,3,1,2,2,1,1,3,3,1,2,2,1,1,2,1,3,1,1,2,1,2,3,4,3,1,4,3,2,4,4,3,2,3,2,1,1,2,1,3,2,4,4,3,3,3,3,4,1,1,3,2,2,2,1,1,1,4,2,3,1,2,2,3,1,1,1,3,1,3,2,2,1,2,1,1,2,1,1,4,1,2,4,4,2,1,2,2,4,2,4,4,4,4,1,3,2,1,1,1,2,3,1,2,3,1,3,4,3,3,4,3,1,2,1,3,3,3,1,4,4,4,1,1,1,1,1,4,2,4,2,3,4,4,1,1,1,1,3,4,3,1,1,3,1,1,2,1,2,3,4,2,4,1,1,1,2,4,3,1,2,3,1,1,2,2,1,4,1,2,2,2,4,3,4,2,4,1,4,1,4,1,4,3,1,1,4,4,1,4,2,4,3,1,3,3,2,2,3,1,3,4,1,1,4,1,2,1,1,1,1,3,3,3,2,4,4,2,1,2,1,1,2,1,3,3,3,3,2,3,1,2,2,3,4,4,3,3,1,1,3,3,4,3,4,3,1,4,4,4,3,2,4,1,3,4,3,2,2,3,3,3,4,3,1,2,4,4,2,2,1,1,1,4,1,1,1,3,3,4,2,1,3,3,4,2,1,3,4,4,3,4,2,4,2,2,3,2,2,1,2,3,2,3,2,2,1,3,2,3,4,1,3,4,1,3,3,2,2,3,3,1,4,1,1,3,1,3,4,1,4,1,4,2,1,2,1,1,1,3,1,1,3,1,3,3,1,2,2,1,1,4,1,2,4,4,3,2,1,1,4,1,4,3,4,1,4,1,1,1,2,3,4,1,1,2,3,2,1,3,3,1,4,3,3,3,4,2,1,2,2,4,2,1,1,4,3,1,4,4,2,4,3,2,1,1,1,2,1,1,3,3,3,3,1,1,4,2,1,2,1,1,3,3,3,3,1,3,3,2,2,4,2,2,2,2,1,4,3,3,3,3,1,3,4,1,1,2,4,2,1,3,2,3,4,1,3,1,2,3,4,1,2,2,2,1,2,4,4,1,2,2,2,2,4,3,3,2,1,4,2,2,3,2,3,2,3,2,1,1,1,4,4,1,1,2,1,3,4,2,2,4,1,1,3,3,1,1,2,2,1,4,2,4,2,3,2,4,4,1,4,3,1,2,2,1,1,3,2,1,2,2,4,2,4,2,3,1,1,2,2,2,1,4,1,3,1,4,3,3,3,4,4,2,1,4,4,2,3,4,4,1,1,1,4,1,3,4,2,4,2,2,4,4,2,3,1,4,2,2,1,1,2,4,2,2,1,1,4,4,1,1,3,4,1,4,1,2,4,3,2,3,3,1,1,2,1,4,2,1,2,1,3,3,4,4,4,2,3,4,1,1,1,4,2,1,4,4,1,1,3,3,3,3,2,2,1,1,4,2,2,2,2,3,1,1,4,2,4,2,1,1,2,2,4,1,3,4,3,3,1,4,3,2,4,3,3,4,1,3,1,1,2,1,4,4,2,3,3,1,3,1,2,3,4,3,2,1,1,4,2,1,3,1,2,2,2,2,2,3,2,4,4,2,4,3,1,1,2,1,3,1,1,1,1,1,1,3,1,1,1,3,3,3,2,4,2,2,1,2,4,3,4,1,3,3,3,3,2,1,2,3,1,3,3,1,1,1,2,4,2,1,4,3,2,1,2,1,3,1,1,3,2,1,3,2,2,2,3,4,1,1,4,2,2,2,3,1,3,4,4,2,4,2,1,2,3,4,3,3,1,3,2,2,2,2,3,3,3,4,1,3,4,1,4,1,1,2,4,3,1,1,2,3,1,1,4,1,3,1,1,1,2,2,4,1,2,1,4,4,4,3,2,2,4,4,3,4,4,3"
76,0.9877030496613249,0.43137254901960786,2253.0,"2,1,2,4,1,1,1,2,2,1,3,4,2,1,1,1,1,4,3,4,4,2,1,4,3,4,4,1,2,2,1,4,4,2,1,4,2,4,1,4,4,3,1,3,4,3,3,1,2,2,1,2,3,2,1,2,1,4,3,3,1,2,4,2,3,4,1,1,2,1,2,2,2,1,1,2,2,1,2,3,2,4,3,1,1,3,1,1,1,1,1,1,3,4,2,1,2,3,2,1,1,3,2,4,3,4,2,1,2,4,2,2,2,2,4,3,1,2,4,1,3,1,4,2,1,4,2,4,1,2,4,2,2,1,3,3,3,4,4,2,2,4,3,1,2,2,3,3,2,3,3,3,4,4,1,4,1,1,1,3,4,2,2,1,2,4,4,4,3,4,2,4,3,2,1,4,3,4,2,2,2,3,4,4,3,3,3,2,3,2,1,2,2,3,2,2,4,2,3,2,2,4,1,4,2,4,3,1,3,2,4,2,4,2,3,1,3,1,2,1,1,1,4,2,4,1,2,2,2,3,1,1,2,3,1,4,3,4,1,1,1,1,2,2,2,1,2,3,4,1,3,1,4,2,3,3,1,4,4,4,4,2,2,4,2,2,4,2,2,4,4,1,1,3,4,3,1,2,3,1,1,4,3,1,1,4,1,2,3,4,4,2,3,2,2,2,2,1,1,1,4,2,2,3,4,4,3,1,1,1,4,1,2,3,1,1,2,3,2,4,1,3,3,3,4,2,1,2,3,1,3,3,1,1,1,3,4,3,2,3,1,2,3,3,4,2,2,4,3,4,2,4,1,1,4,3,2,4,3,3,2,1,3,2,2,3,3,2,1,3,3,2,3,4,2,4,4,3,2,4,2,2,1,1,1,3,2,4,2,1,1,2,1,2,2,2,2,1,3,4,2,2,2,1,4,2,3,4,2,1,3,4,4,4,3,2,4,2,2,2,4,3,1,1,1,1,3,1,1,3,4,3,1,1,2,1,2,2,4,1,1,2,4,4,1,2,3,2,1,1,2,3,2,4,1,1,1,4,3,1,2,3,1,2,3,4,2,2,3,1,2,3,1,1,2,4,2,3,1,4,3,1,4,1,3,1,2,1,1,1,1,4,4,3,1,1,2,4,1,1,2,1,1,2,2,2,2,3,3,3,1,3,1,3,2,3,1,1,2,2,4,4,1,2,4,1,1,2,1,2,1,4,4,2,3,3,1,4,2,3,2,2,3,3,1,1,3,2,2,3,4,1,2,2,1,2,1,1,1,2,4,3,2,3,3,4,4,2,4,3,3,1,3,3,1,4,3,4,1,1,1,4,4,2,1,4,2,2,1,1,4,1,3,2,2,2,3,4,1,1,2,2,1,4,4,3,4,3,3,2,1,3,4,1,2,3,3,3,4,2,3,2,1,1,3,1,1,3,2,2,2,1,1,1,4,2,2,4,1,3,4,1,3,3,4,1,1,3,3,1,1,4,2,2,1,3,1,3,3,4,3,4,2,3,1,2,2,1,2,2,1,2,2,4,1,2,1,3,4,3,1,1,3,3,1,4,1,3,1,1,1,2,3,3,2,2,1,2,3,3,4,1,4,3,4,2,1,2,4,3,3,1,1,1,2,1,2,3,4,4,2,4,2,2,3,2,3,3,2,2,2,3,2,3,4,2,1,3,3,1,3,2,1,3,1,1,3,2,3,4,3,2,4,3,1,4,2,4,1,1,2,2,2,2,2,1,1,1,1,3,1,4,1,4,2,3,1,2,2,4,1,3,2,3,1,3,2,2,2,2,4,2,4,3,1,4,1,3,3,3,3,2,1,2,4,4,2,2,1,3,4,1,3,4,1,2,2,3,3,2,2,3,3,3,4,3,2,2,2,1,3,1,3,1,3,4,1,3,3,2,2,3,1,2,2,1,1,3,3,1,2,2,1,1,2,1,3,1,1,2,1,2,3,4,3,1,4,3,2,4,4,3,2,3,2,1,1,2,1,3,2,4,4,3,3,3,3,4,1,1,3,2,2,2,1,1,1,4,2,3,1,2,2,3,1,1,1,3,1,3,2,2,1,2,1,1,2,1,1,4,1,2,4,4,2,1,2,2,4,2,4,4,4,4,1,3,2,1,1,1,2,3,1,2,3,1,3,4,3,3,4,3,1,2,1,3,3,3,1,4,4,4,1,1,1,1,1,4,2,4,2,3,4,4,1,1,1,1,3,4,3,1,1,3,1,1,2,1,2,3,4,2,4,1,1,1,2,4,3,1,2,3,1,1,2,2,1,4,1,2,2,2,4,3,4,2,4,1,4,1,4,1,4,3,1,1,4,4,1,4,2,4,3,1,3,3,2,2,3,1,3,4,1,1,4,1,2,1,1,1,1,3,3,3,2,4,4,2,1,2,1,1,2,1,3,3,3,3,2,3,1,2,2,3,4,4,3,3,1,1,3,3,4,3,4,3,1,4,4,4,3,2,4,1,3,4,3,2,2,3,3,3,4,3,1,2,4,4,2,2,1,1,1,4,1,1,1,3,3,4,2,1,3,3,4,2,1,3,4,4,3,4,2,4,2,2,3,2,2,1,2,3,2,3,2,2,1,3,2,3,4,1,3,4,1,3,3,2,2,3,3,1,4,1,1,3,1,3,4,1,4,1,4,2,1,2,1,1,1,3,1,1,3,1,3,3,1,2,2,1,1,4,1,2,4,4,3,2,1,1,4,1,4,3,4,1,4,1,1,1,2,3,4,1,1,2,3,2,1,3,3,1,4,3,3,3,4,2,1,2,2,4,2,1,1,4,3,1,4,4,2,4,3,2,1,1,1,2,1,1,3,3,3,3,1,1,4,2,1,2,1,1,3,3,3,3,1,3,3,2,2,4,2,2,2,2,1,4,3,3,3,3,1,3,4,1,1,2,4,2,1,3,2,3,4,1,3,1,2,3,4,1,2,2,2,1,2,4,4,1,2,2,2,2,4,3,3,2,1,4,2,2,3,2,3,2,3,2,1,1,1,4,4,1,1,2,1,3,4,2,2,4,1,1,3,3,1,1,2,2,1,4,2,4,2,3,2,4,4,1,4,3,1,2,2,1,1,3,2,1,2,2,4,2,4,2,3,1,1,2,2,2,1,4,1,3,1,4,3,3,3,4,4,2,1,4,4,2,3,4,4,1,1,1,4,1,3,4,2,4,2,2,4,4,2,3,1,4,2,2,1,1,2,4,2,2,1,1,4,4,1,1,3,4,1,4,1,2,4,3,2,3,3,1,1,2,1,4,2,1,2,1,3,3,4,4,4,2,3,4,1,1,1,4,2,1,4,4,1,1,3,3,3,3,2,2,1,1,4,2,2,2,2,3,1,1,4,2,4,2,1,1,2,2,4,1,3,4,3,3,1,4,3,2,4,3,3,4,1,3,1,1,2,1,4,4,2,3,3,1,3,1,2,3,4,3,2,1,1,4,2,1,3,1,2,2,2,2,2,3,2,4,4,2,4,3,1,1,2,1,3,1,1,1,1,1,1,3,1,1,1,3,3,3,2,4,2,2,1,2,4,3,4,1,3,3,3,3,2,1,2,3,1,3,3,1,1,1,2,4,2,1,4,3,2,1,2,1,3,1,1,3,2,1,3,2,2,2,3,4,1,1,4,2,2,2,3,1,3,4,4,2,4,2,1,2,3,4,3,3,1,3,2,2,2,2,3,3,3,4,1,3,4,1,4,1,1,2,4,3,1,1,2,3,1,1,4,1,3,1,1,1,2,2,4,1,2,1,4,4,4,3,2,2,4,4,3,4,4,3"
77,0.9877030496613249,0.43137254901960786,2253.0,"2,1,2,4,1,1,1,2,2,1,3,4,2,1,1,1,1,4,3,4,4,2,1,4,3,4,4,1,2,2,1,4,4,2,1,4,2,4,1,4,4,3,1,3,4,3,3,1,2,2,1,2,3,2,1,2,1,4,3,3,1,2,4,2,3,4,1,1,2,1,2,2,2,1,1,2,2,1,2,3,2,4,3,1,1,3,1,1,1,1,1,1,3,4,2,1,2,3,2,1,1,3,2,4,3,4,2,1,2,4,2,2,2,2,4,3,1,2,4,1,3,1,4,2,1,4,2,4,1,2,4,2,2,1,3,3,3,4,4,2,2,4,3,1,2,2,3,3,2,3,3,3,4,4,1,4,1,1,1,3,4,2,2,1,2,4,4,4,3,4,2,4,3,2,1,4,3,4,2,2,2,3,4,4,3,3,3,2,3,2,1,2,2,3,2,2,4,2,3,2,2,4,1,4,2,4,3,1,3,2,4,2,4,2,3,1,3,1,2,1,1,1,4,2,4,1,2,2,2,3,1,1,2,3,1,4,3,4,1,1,1,1,2,2,2,1,2,3,4,1,3,1,4,2,3,3,1,4,4,4,4,2,2,4,2,2,4,2,2,4,4,1,1,3,4,3,1,2,3,1,1,4,3,1,1,4,1,2,3,4,4,2,3,2,2,2,2,1,1,1,4,2,2,3,4,4,3,1,1,1,4,1,2,3,1,1,2,3,2,4,1,3,3,3,4,2,1,2,3,1,3,3,1,1,1,3,4,3,2,3,1,2,3,3,4,2,2,4,3,4,2,4,1,1,4,3,2,4,3,3,2,1,3,2,2,3,3,2,1,3,3,2,3,4,2,4,4,3,2,4,2,2,1,1,1,3,2,4,2,1,1,2,1,2,2,2,2,1,3,4,2,2,2,1,4,2,3,4,2,1,3,4,4,4,3,2,4,2,2,2,4,3,1,1,1,1,3,1,1,3,4,3,1,1,2,1,2,2,4,1,1,2,4,4,1,2,3,2,1,1,2,3,2,4,1,1,1,4,3,1,2,3,1,2,3,4,2,2,3,1,2,3,1,1,2,4,2,3,1,4,3,1,4,1,3,1,2,1,1,1,1,4,4,3,1,1,2,4,1,1,2,1,1,2,2,2,2,3,3,3,1,3,1,3,2,3,1,1,2,2,4,4,1,2,4,1,1,2,1,2,1,4,4,2,3,3,1,4,2,3,2,2,3,3,1,1,3,2,2,3,4,1,2,2,1,2,1,1,1,2,4,3,2,3,3,4,4,2,4,3,3,1,3,3,1,4,3,4,1,1,1,4,4,2,1,4,2,2,1,1,4,1,3,2,2,2,3,4,1,1,2,2,1,4,4,3,4,3,3,2,1,3,4,1,2,3,3,3,4,2,3,2,1,1,3,1,1,3,2,2,2,1,1,1,4,2,2,4,1,3,4,1,3,3,4,1,1,3,3,1,1,4,2,2,1,3,1,3,3,4,3,4,2,3,1,2,2,1,2,2,1,2,2,4,1,2,1,3,4,3,1,1,3,3,1,4,1,3,1,1,1,2,3,3,2,2,1,2,3,3,4,1,4,3,4,2,1,2,4,3,3,1,1,1,2,1,2,3,4,4,2,4,2,2,3,2,3,3,2,2,2,3,2,3,4,2,1,3,3,1,3,2,1,3,1,1,3,2,3,4,3,2,4,3,1,4,2,4,1,1,2,2,2,2,2,1,1,1,1,3,1,4,1,4,2,3,1,2,2,4,1,3,2,3,1,3,2,2,2,2,4,2,4,3,1,4,1,3,3,3,3,2,1,2,4,4,2,2,1,3,4,1,3,4,1,2,2,3,3,2,2,3,3,3,4,3,2,2,2,1,3,1,3,1,3,4,1,3,3,2,2,3,1,2,2,1,1,3,3,1,2,2,1,1,2,1,3,1,1,2,1,2,3,4,3,1,4,3,2,4,4,3,2,3,2,1,1,2,1,3,2,4,4,3,3,3,3,4,1,1,3,2,2,2,1,1,1,4,2,3,1,2,2,3,1,1,1,3,1,3,2,2,1,2,1,1,2,1,1,4,1,2,4,4,2,1,2,2,4,2,4,4,4,4,1,3,2,1,1,1,2,3,1,2,3,1,3,4,3,3,4,3,1,2,1,3,3,3,1,4,4,4,1,1,1,1,1,4,2,4,2,3,4,4,1,1,1,1,3,4,3,1,1,3,1,1,2,1,2,3,4,2,4,1,1,1,2,4,3,1,2,3,1,1,2,2,1,4,1,2,2,2,4,3,4,2,4,1,4,1,4,1,4,3,1,1,4,4,1,4,2,4,3,1,3,3,2,2,3,1,3,4,1,1,4,1,2,1,1,1,1,3,3,3,2,4,4,2,1,2,1,1,2,1,3,3,3,3,2,3,1,2,2,3,4,4,3,3,1,1,3,3,4,3,4,3,1,4,4,4,3,2,4,1,3,4,3,2,2,3,3,3,4,3,1,2,4,4,2,2,1,1,1,4,1,1,1,3,3,4,2,1,3,3,4,2,1,3,4,4,3,4,2,4,2,2,3,2,2,1,2,3,2,3,2,2,1,3,2,3,4,1,3,4,1,3,3,2,2,3,3,1,4,1,1,3,1,3,4,1,4,1,4,2,1,2,1,1,1,3,1,1,3,1,3,3,1,2,2,1,1,4,1,2,4,4,3,2,1,1,4,1,4,3,4,1,4,1,1,1,2,3,4,1,1,2,3,2,1,3,3,1,4,3,3,3,4,2,1,2,2,4,2,1,1,4,3,1,4,4,2,4,3,2,1,1,1,2,1,1,3,3,3,3,1,1,4,2,1,2,1,1,3,3,3,3,1,3,3,2,2,4,2,2,2,2,1,4,3,3,3,3,1,3,4,1,1,2,4,2,1,3,2,3,4,1,3,1,2,3,4,1,2,2,2,1,2,4,4,1,2,2,2,2,4,3,3,2,1,4,2,2,3,2,3,2,3,2,1,1,1,4,4,1,1,2,1,3,4,2,2,4,1,1,3,3,1,1,2,2,1,4,2,4,2,3,2,4,4,1,4,3,1,2,2,1,1,3,2,1,2,2,4,2,4,2,3,1,1,2,2,2,1,4,1,3,1,4,3,3,3,4,4,2,1,4,4,2,3,4,4,1,1,1,4,1,3,4,2,4,2,2,4,4,2,3,1,4,2,2,1,1,2,4,2,2,1,1,4,4,1,1,3,4,1,4,1,2,4,3,2,3,3,1,1,2,1,4,2,1,2,1,3,3,4,4,4,2,3,4,1,1,1,4,2,1,4,4,1,1,3,3,3,3,2,2,1,1,4,2,2,2,2,3,1,1,4,2,4,2,1,1,2,2,4,1,3,4,3,3,1,4,3,2,4,3,3,4,1,3,1,1,2,1,4,4,2,3,3,1,3,1,2,3,4,3,2,1,1,4,2,1,3,1,2,2,2,2,2,3,2,4,4,2,4,3,1,1,2,1,3,1,1,1,1,1,1,3,1,1,1,3,3,3,2,4,2,2,1,2,4,3,4,1,3,3,3,3,2,1,2,3,1,3,3,1,1,1,2,4,2,1,4,3,2,1,2,1,3,1,1,3,2,1,3,2,2,2,3,4,1,1,4,2,2,2,3,1,3,4,4,2,4,2,1,2,3,4,3,3,1,3,2,2,2,2,3,3,3,4,1,3,4,1,4,1,1,2,4,3,1,1,2,3,1,1,4,1,3,1,1,1,2,2,4,1,2,1,4,4,4,3,2,2,4,4,3,4,4,3"
78,0.9877030496613249,0.43137254901960786,2253.0,"2,1,2,4,1,1,1,2,2,1,3,4,2,1,1,1,1,4,3,4,4,2,1,4,3,4,4,1,2,2,1,4,4,2,1,4,2,4,1,4,4,3,1,3,4,3,3,1,2,2,1,2,3,2,1,2,1,4,3,3,1,2,4,2,3,4,1,1,2,1,2,2,2,1,1,2,2,1,2,3,2,4,3,1,1,3,1,1,1,1,1,1,3,4,2,1,2,3,2,1,1,3,2,4,3,4,2,1,2,4,2,2,2,2,4,3,1,2,4,1,3,1,4,2,1,4,2,4,1,2,4,2,2,1,3,3,3,4,4,2,2,4,3,1,2,2,3,3,2,3,3,3,4,4,1,4,1,1,1,3,4,2,2,1,2,4,4,4,3,4,2,4,3,2,1,4,3,4,2,2,2,3,4,4,3,3,3,2,3,2,1,2,2,3,2,2,4,2,3,2,2,4,1,4,2,4,3,1,3,2,4,2,4,2,3,1,3,1,2,1,1,1,4,2,4,1,2,2,2,3,1,1,2,3,1,4,3,4,1,1,1,1,2,2,2,1,2,3,4,1,3,1,4,2,3,3,1,4,4,4,4,2,2,4,2,2,4,2,2,4,4,1,1,3,4,3,1,2,3,1,1,4,3,1,1,4,1,2,3,4,4,2,3,2,2,2,2,1,1,1,4,2,2,3,4,4,3,1,1,1,4,1,2,3,1,1,2,3,2,4,1,3,3,3,4,2,1,2,3,1,3,3,1,1,1,3,4,3,2,3,1,2,3,3,4,2,2,4,3,4,2,4,1,1,4,3,2,4,3,3,2,1,3,2,2,3,3,2,1,3,3,2,3,4,2,4,4,3,2,4,2,2,1,1,1,3,2,4,2,1,1,2,1,2,2,2,2,1,3,4,2,2,2,1,4,2,3,4,2,1,3,4,4,4,3,2,4,2,2,2,4,3,1,1,1,1,3,1,1,3,4,3,1,1,2,1,2,2,4,1,1,2,4,4,1,2,3,2,1,1,2,3,2,4,1,1,1,4,3,1,2,3,1,2,3,4,2,2,3,1,2,3,1,1,2,4,2,3,1,4,3,1,4,1,3,1,2,1,1,1,1,4,4,3,1,1,2,4,1,1,2,1,1,2,2,2,2,3,3,3,1,3,1,3,2,3,1,1,2,2,4,4,1,2,4,1,1,2,1,2,1,4,4,2,3,3,1,4,2,3,2,2,3,3,1,1,3,2,2,3,4,1,2,2,1,2,1,1,1,2,4,3,2,3,3,4,4,2,4,3,3,1,3,3,1,4,3,4,1,1,1,4,4,2,1,4,2,2,1,1,4,1,3,2,2,2,3,4,1,1,2,2,1,4,4,3,4,3,3,2,1,3,4,1,2,3,3,3,4,2,3,2,1,1,3,1,1,3,2,2,2,1,1,1,4,2,2,4,1,3,4,1,3,3,4,1,1,3,3,1,1,4,2,2,1,3,1,3,3,4,3,4,2,3,1,2,2,1,2,2,1,2,2,4,1,2,1,3,4,3,1,1,3,3,1,4,1,3,1,1,1,2,3,3,2,2,1,2,3,3,4,1,4,3,4,2,1,2,4,3,3,1,1,1,2,1,2,3,4,4,2,4,2,2,3,2,3,3,2,2,2,3,2,3,4,2,1,3,3,1,3,2,1,3,1,1,3,2,3,4,3,2,4,3,1,4,2,4,1,1,2,2,2,2,2,1,1,1,1,3,1,4,1,4,2,3,1,2,2,4,1,3,2,3,1,3,2,2,2,2,4,2,4,3,1,4,1,3,3,3,3,2,1,2,4,4,2,2,1,3,4,1,3,4,1,2,2,3,3,2,2,3,3,3,4,3,2,2,2,1,3,1,3,1,3,4,1,3,3,2,2,3,1,2,2,1,1,3,3,1,2,2,1,1,2,1,3,1,1,2,1,2,3,4,3,1,4,3,2,4,4,3,2,3,2,1,1,2,1,3,2,4,4,3,3,3,3,4,1,1,3,2,2,2,1,1,1,4,2,3,1,2,2,3,1,1,1,3,1,3,2,2,1,2,1,1,2,1,1,4,1,2,4,4,2,1,2,2,4,2,4,4,4,4,1,3,2,1,1,1,2,3,1,2,3,1,3,4,3,3,4,3,1,2,1,3,3,3,1,4,4,4,1,1,1,1,1,4,2,4,2,3,4,4,1,1,1,1,3,4,3,1,1,3,1,1,2,1,2,3,4,2,4,1,1,1,2,4,3,1,2,3,1,1,2,2,1,4,1,2,2,2,4,3,4,2,4,1,4,1,4,1,4,3,1,1,4,4,1,4,2,4,3,1,3,3,2,2,3,1,3,4,1,1,4,1,2,1,1,1,1,3,3,3,2,4,4,2,1,2,1,1,2,1,3,3,3,3,2,3,1,2,2,3,4,4,3,3,1,1,3,3,4,3,4,3,1,4,4,4,3,2,4,1,3,4,3,2,2,3,3,3,4,3,1,2,4,4,2,2,1,1,1,4,1,1,1,3,3,4,2,1,3,3,4,2,1,3,4,4,3,4,2,4,2,2,3,2,2,1,2,3,2,3,2,2,1,3,2,3,4,1,3,4,1,3,3,2,2,3,3,1,4,1,1,3,1,3,4,1,4,1,4,2,1,2,1,1,1,3,1,1,3,1,3,3,1,2,2,1,1,4,1,2,4,4,3,2,1,1,4,1,4,3,4,1,4,1,1,1,2,3,4,1,1,2,3,2,1,3,3,1,4,3,3,3,4,2,1,2,2,4,2,1,1,4,3,1,4,4,2,4,3,2,1,1,1,2,1,1,3,3,3,3,1,1,4,2,1,2,1,1,3,3,3,3,1,3,3,2,2,4,2,2,2,2,1,4,3,3,3,3,1,3,4,1,1,2,4,2,1,3,2,3,4,1,3,1,2,3,4,1,2,2,2,1,2,4,4,1,2,2,2,2,4,3,3,2,1,4,2,2,3,2,3,2,3,2,1,1,1,4,4,1,1,2,1,3,4,2,2,4,1,1,3,3,1,1,2,2,1,4,2,4,2,3,2,4,4,1,4,3,1,2,2,1,1,3,2,1,2,2,4,2,4,2,3,1,1,2,2,2,1,4,1,3,1,4,3,3,3,4,4,2,1,4,4,2,3,4,4,1,1,1,4,1,3,4,2,4,2,2,4,4,2,3,1,4,2,2,1,1,2,4,2,2,1,1,4,4,1,1,3,4,1,4,1,2,4,3,2,3,3,1,1,2,1,4,2,1,2,1,3,3,4,4,4,2,3,4,1,1,1,4,2,1,4,4,1,1,3,3,3,3,2,2,1,1,4,2,2,2,2,3,1,1,4,2,4,2,1,1,2,2,4,1,3,4,3,3,1,4,3,2,4,3,3,4,1,3,1,1,2,1,4,4,2,3,3,1,3,1,2,3,4,3,2,1,1,4,2,1,3,1,2,2,2,2,2,3,2,4,4,2,4,3,1,1,2,1,3,1,1,1,1,1,1,3,1,1,1,3,3,3,2,4,2,2,1,2,4,3,4,1,3,3,3,3,2,1,2,3,1,3,3,1,1,1,2,4,2,1,4,3,2,1,2,1,3,1,1,3,2,1,3,2,2,2,3,4,1,1,4,2,2,2,3,1,3,4,4,2,4,2,1,2,3,4,3,3,1,3,2,2,2,2,3,3,3,4,1,3,4,1,4,1,1,2,4,3,1,1,2,3,1,1,4,1,3,1,1,1,2,2,4,1,2,1,4,4,4,3,2,2,4,4,3,4,4,3"
79,0.9877030496613249,0.43137254901960786,2253.0,"2,1,2,4,1,1,1,2,2,1,3,4,2,1,1,1,1,4,3,4,4,2,1,4,3,4,4,1,2,2,1,4,4,2,1,4,2,4,1,4,4,3,1,3,4,3,3,1,2,2,1,2,3,2,1,2,1,4,3,3,1,2,4,2,3,4,1,1,2,1,2,2,2,1,1,2,2,1,2,3,2,4,3,1,1,3,1,1,1,1,1,1,3,4,2,1,2,3,2,1,1,3,2,4,3,4,2,1,2,4,2,2,2,2,4,3,1,2,4,1,3,1,4,2,1,4,2,4,1,2,4,2,2,1,3,3,3,4,4,2,2,4,3,1,2,2,3,3,2,3,3,3,4,4,1,4,1,1,1,3,4,2,2,1,2,4,4,4,3,4,2,4,3,2,1,4,3,4,2,2,2,3,4,4,3,3,3,2,3,2,1,2,2,3,2,2,4,2,3,2,2,4,1,4,2,4,3,1,3,2,4,2,4,2,3,1,3,1,2,1,1,1,4,2,4,1,2,2,2,3,1,1,2,3,1,4,3,4,1,1,1,1,2,2,2,1,2,3,4,1,3,1,4,2,3,3,1,4,4,4,4,2,2,4,2,2,4,2,2,4,4,1,1,3,4,3,1,2,3,1,1,4,3,1,1,4,1,2,3,4,4,2,3,2,2,2,2,1,1,1,4,2,2,3,4,4,3,1,1,1,4,1,2,3,1,1,2,3,2,4,1,3,3,3,4,2,1,2,3,1,3,3,1,1,1,3,4,3,2,3,1,2,3,3,4,2,2,4,3,4,2,4,1,1,4,3,2,4,3,3,2,1,3,2,2,3,3,2,1,3,3,2,3,4,2,4,4,3,2,4,2,2,1,1,1,3,2,4,2,1,1,2,1,2,2,2,2,1,3,4,2,2,2,1,4,2,3,4,2,1,3,4,4,4,3,2,4,2,2,2,4,3,1,1,1,1,3,1,1,3,4,3,1,1,2,1,2,2,4,1,1,2,4,4,1,2,3,2,1,1,2,3,2,4,1,1,1,4,3,1,2,3,1,2,3,4,2,2,3,1,2,3,1,1,2,4,2,3,1,4,3,1,4,1,3,1,2,1,1,1,1,4,4,3,1,1,2,4,1,1,2,1,1,2,2,2,2,3,3,3,1,3,1,3,2,3,1,1,2,2,4,4,1,2,4,1,1,2,1,2,1,4,4,2,3,3,1,4,2,3,2,2,3,3,1,1,3,2,2,3,4,1,2,2,1,2,1,1,1,2,4,3,2,3,3,4,4,2,4,3,3,1,3,3,1,4,3,4,1,1,1,4,4,2,1,4,2,2,1,1,4,1,3,2,2,2,3,4,1,1,2,2,1,4,4,3,4,3,3,2,1,3,4,1,2,3,3,3,4,2,3,2,1,1,3,1,1,3,2,2,2,1,1,1,4,2,2,4,1,3,4,1,3,3,4,1,1,3,3,1,1,4,2,2,1,3,1,3,3,4,3,4,2,3,1,2,2,1,2,2,1,2,2,4,1,2,1,3,4,3,1,1,3,3,1,4,1,3,1,1,1,2,3,3,2,2,1,2,3,3,4,1,4,3,4,2,1,2,4,3,3,1,1,1,2,1,2,3,4,4,2,4,2,2,3,2,3,3,2,2,2,3,2,3,4,2,1,3,3,1,3,2,1,3,1,1,3,2,3,4,3,2,4,3,1,4,2,4,1,1,2,2,2,2,2,1,1,1,1,3,1,4,1,4,2,3,1,2,2,4,1,3,2,3,1,3,2,2,2,2,4,2,4,3,1,4,1,3,3,3,3,2,1,2,4,4,2,2,1,3,4,1,3,4,1,2,2,3,3,2,2,3,3,3,4,3,2,2,2,1,3,1,3,1,3,4,1,3,3,2,2,3,1,2,2,1,1,3,3,1,2,2,1,1,2,1,3,1,1,2,1,2,3,4,3,1,4,3,2,4,4,3,2,3,2,1,1,2,1,3,2,4,4,3,3,3,3,4,1,1,3,2,2,2,1,1,1,4,2,3,1,2,2,3,1,1,1,3,1,3,2,2,1,2,1,1,2,1,1,4,1,2,4,4,2,1,2,2,4,2,4,4,4,4,1,3,2,1,1,1,2,3,1,2,3,1,3,4,3,3,4,3,1,2,1,3,3,3,1,4,4,4,1,1,1,1,1,4,2,4,2,3,4,4,1,1,1,1,3,4,3,1,1,3,1,1,2,1,2,3,4,2,4,1,1,1,2,4,3,1,2,3,1,1,2,2,1,4,1,2,2,2,4,3,4,2,4,1,4,1,4,1,4,3,1,1,4,4,1,4,2,4,3,1,3,3,2,2,3,1,3,4,1,1,4,1,2,1,1,1,1,3,3,3,2,4,4,2,1,2,1,1,2,1,3,3,3,3,2,3,1,2,2,3,4,4,3,3,1,1,3,3,4,3,4,3,1,4,4,4,3,2,4,1,3,4,3,2,2,3,3,3,4,3,1,2,4,4,2,2,1,1,1,4,1,1,1,3,3,4,2,1,3,3,4,2,1,3,4,4,3,4,2,4,2,2,3,2,2,1,2,3,2,3,2,2,1,3,2,3,4,1,3,4,1,3,3,2,2,3,3,1,4,1,1,3,1,3,4,1,4,1,4,2,1,2,1,1,1,3,1,1,3,1,3,3,1,2,2,1,1,4,1,2,4,4,3,2,1,1,4,1,4,3,4,1,4,1,1,1,2,3,4,1,1,2,3,2,1,3,3,1,4,3,3,3,4,2,1,2,2,4,2,1,1,4,3,1,4,4,2,4,3,2,1,1,1,2,1,1,3,3,3,3,1,1,4,2,1,2,1,1,3,3,3,3,1,3,3,2,2,4,2,2,2,2,1,4,3,3,3,3,1,3,4,1,1,2,4,2,1,3,2,3,4,1,3,1,2,3,4,1,2,2,2,1,2,4,4,1,2,2,2,2,4,3,3,2,1,4,2,2,3,2,3,2,3,2,1,1,1,4,4,1,1,2,1,3,4,2,2,4,1,1,3,3,1,1,2,2,1,4,2,4,2,3,2,4,4,1,4,3,1,2,2,1,1,3,2,1,2,2,4,2,4,2,3,1,1,2,2,2,1,4,1,3,1,4,3,3,3,4,4,2,1,4,4,2,3,4,4,1,1,1,4,1,3,4,2,4,2,2,4,4,2,3,1,4,2,2,1,1,2,4,2,2,1,1,4,4,1,1,3,4,1,4,1,2,4,3,2,3,3,1,1,2,1,4,2,1,2,1,3,3,4,4,4,2,3,4,1,1,1,4,2,1,4,4,1,1,3,3,3,3,2,2,1,1,4,2,2,2,2,3,1,1,4,2,4,2,1,1,2,2,4,1,3,4,3,3,1,4,3,2,4,3,3,4,1,3,1,1,2,1,4,4,2,3,3,1,3,1,2,3,4,3,2,1,1,4,2,1,3,1,2,2,2,2,2,3,2,4,4,2,4,3,1,1,2,1,3,1,1,1,1,1,1,3,1,1,1,3,3,3,2,4,2,2,1,2,4,3,4,1,3,3,3,3,2,1,2,3,1,3,3,1,1,1,2,4,2,1,4,3,2,1,2,1,3,1,1,3,2,1,3,2,2,2,3,4,1,1,4,2,2,2,3,1,3,4,4,2,4,2,1,2,3,4,3,3,1,3,2,2,2,2,3,3,3,4,1,3,4,1,4,1,1,2,4,3,1,1,2,3,1,1,4,1,3,1,1,1,2,2,4,1,2,1,4,4,4,3,2,2,4,4,3,4,4,3"
80,0.9877030496613249,0.43137254901960786,2253.0,"2,1,2,4,1,1,1,2,2,1,3,4,2,1,1,1,1,4,3,4,4,2,1,4,3,4,4,1,2,2,1,4,4,2,1,4,2,4,1,4,4,3,1,3,4,3,3,1,2,2,1,2,3,2,1,2,1,4,3,3,1,2,4,2,3,4,1,1,2,1,2,2,2,1,1,2,2,1,2,3,2,4,3,1,1,3,1,1,1,1,1,1,3,4,2,1,2,3,2,1,1,3,2,4,3,4,2,1,2,4,2,2,2,2,4,3,1,2,4,1,3,1,4,2,1,4,2,4,1,2,4,2,2,1,3,3,3,4,4,2,2,4,3,1,2,2,3,3,2,3,3,3,4,4,1,4,1,1,1,3,4,2,2,1,2,4,4,4,3,4,2,4,3,2,1,4,3,4,2,2,2,3,4,4,3,3,3,2,3,2,1,2,2,3,2,2,4,2,3,2,2,4,1,4,2,4,3,1,3,2,4,2,4,2,3,1,3,1,2,1,1,1,4,2,4,1,2,2,2,3,1,1,2,3,1,4,3,4,1,1,1,1,2,2,2,1,2,3,4,1,3,1,4,2,3,3,1,4,4,4,4,2,2,4,2,2,4,2,2,4,4,1,1,3,4,3,1,2,3,1,1,4,3,1,1,4,1,2,3,4,4,2,3,2,2,2,2,1,1,1,4,2,2,3,4,4,3,1,1,1,4,1,2,3,1,1,2,3,2,4,1,3,3,3,4,2,1,2,3,1,3,3,1,1,1,3,4,3,2,3,1,2,3,3,4,2,2,4,3,4,2,4,1,1,4,3,2,4,3,3,2,1,3,2,2,3,3,2,1,3,3,2,3,4,2,4,4,3,2,4,2,2,1,1,1,3,2,4,2,1,1,2,1,2,2,2,2,1,3,4,2,2,2,1,4,2,3,4,2,1,3,4,4,4,3,2,4,2,2,2,4,3,1,1,1,1,3,1,1,3,4,3,1,1,2,1,2,2,4,1,1,2,4,4,1,2,3,2,1,1,2,3,2,4,1,1,1,4,3,1,2,3,1,2,3,4,2,2,3,1,2,3,1,1,2,4,2,3,1,4,3,1,4,1,3,1,2,1,1,1,1,4,4,3,1,1,2,4,1,1,2,1,1,2,2,2,2,3,3,3,1,3,1,3,2,3,1,1,2,2,4,4,1,2,4,1,1,2,1,2,1,4,4,2,3,3,1,4,2,3,2,2,3,3,1,1,3,2,2,3,4,1,2,2,1,2,1,1,1,2,4,3,2,3,3,4,4,2,4,3,3,1,3,3,1,4,3,4,1,1,1,4,4,2,1,4,2,2,1,1,4,1,3,2,2,2,3,4,1,1,2,2,1,4,4,3,4,3,3,2,1,3,4,1,2,3,3,3,4,2,3,2,1,1,3,1,1,3,2,2,2,1,1,1,4,2,2,4,1,3,4,1,3,3,4,1,1,3,3,1,1,4,2,2,1,3,1,3,3,4,3,4,2,3,1,2,2,1,2,2,1,2,2,4,1,2,1,3,4,3,1,1,3,3,1,4,1,3,1,1,1,2,3,3,2,2,1,2,3,3,4,1,4,3,4,2,1,2,4,3,3,1,1,1,2,1,2,3,4,4,2,4,2,2,3,2,3,3,2,2,2,3,2,3,4,2,1,3,3,1,3,2,1,3,1,1,3,2,3,4,3,2,4,3,1,4,2,4,1,1,2,2,2,2,2,1,1,1,1,3,1,4,1,4,2,3,1,2,2,4,1,3,2,3,1,3,2,2,2,2,4,2,4,3,1,4,1,3,3,3,3,2,1,2,4,4,2,2,1,3,4,1,3,4,1,2,2,3,3,2,2,3,3,3,4,3,2,2,2,1,3,1,3,1,3,4,1,3,3,2,2,3,1,2,2,1,1,3,3,1,2,2,1,1,2,1,3,1,1,2,1,2,3,4,3,1,4,3,2,4,4,3,2,3,2,1,1,2,1,3,2,4,4,3,3,3,3,4,1,1,3,2,2,2,1,1,1,4,2,3,1,2,2,3,1,1,1,3,1,3,2,2,1,2,1,1,2,1,1,4,1,2,4,4,2,1,2,2,4,2,4,4,4,4,1,3,2,1,1,1,2,3,1,2,3,1,3,4,3,3,4,3,1,2,1,3,3,3,1,4,4,4,1,1,1,1,1,4,2,4,2,3,4,4,1,1,1,1,3,4,3,1,1,3,1,1,2,1,2,3,4,2,4,1,1,1,2,4,3,1,2,3,1,1,2,2,1,4,1,2,2,2,4,3,4,2,4,1,4,1,4,1,4,3,1,1,4,4,1,4,2,4,3,1,3,3,2,2,3,1,3,4,1,1,4,1,2,1,1,1,1,3,3,3,2,4,4,2,1,2,1,1,2,1,3,3,3,3,2,3,1,2,2,3,4,4,3,3,1,1,3,3,4,3,4,3,1,4,4,4,3,2,4,1,3,4,3,2,2,3,3,3,4,3,1,2,4,4,2,2,1,1,1,4,1,1,1,3,3,4,2,1,3,3,4,2,1,3,4,4,3,4,2,4,2,2,3,2,2,1,2,3,2,3,2,2,1,3,2,3,4,1,3,4,1,3,3,2,2,3,3,1,4,1,1,3,1,3,4,1,4,1,4,2,1,2,1,1,1,3,1,1,3,1,3,3,1,2,2,1,1,4,1,2,4,4,3,2,1,1,4,1,4,3,4,1,4,1,1,1,2,3,4,1,1,2,3,2,1,3,3,1,4,3,3,3,4,2,1,2,2,4,2,1,1,4,3,1,4,4,2,4,3,2,1,1,1,2,1,1,3,3,3,3,1,1,4,2,1,2,1,1,3,3,3,3,1,3,3,2,2,4,2,2,2,2,1,4,3,3,3,3,1,3,4,1,1,2,4,2,1,3,2,3,4,1,3,1,2,3,4,1,2,2,2,1,2,4,4,1,2,2,2,2,4,3,3,2,1,4,2,2,3,2,3,2,3,2,1,1,1,4,4,1,1,2,1,3,4,2,2,4,1,1,3,3,1,1,2,2,1,4,2,4,2,3,2,4,4,1,4,3,1,2,2,1,1,3,2,1,2,2,4,2,4,2,3,1,1,2,2,2,1,4,1,3,1,4,3,3,3,4,4,2,1,4,4,2,3,4,4,1,1,1,4,1,3,4,2,4,2,2,4,4,2,3,1,4,2,2,1,1,2,4,2,2,1,1,4,4,1,1,3,4,1,4,1,2,4,3,2,3,3,1,1,2,1,4,2,1,2,1,3,3,4,4,4,2,3,4,1,1,1,4,2,1,4,4,1,1,3,3,3,3,2,2,1,1,4,2,2,2,2,3,1,1,4,2,4,2,1,1,2,2,4,1,3,4,3,3,1,4,3,2,4,3,3,4,1,3,1,1,2,1,4,4,2,3,3,1,3,1,2,3,4,3,2,1,1,4,2,1,3,1,2,2,2,2,2,3,2,4,4,2,4,3,1,1,2,1,3,1,1,1,1,1,1,3,1,1,1,3,3,3,2,4,2,2,1,2,4,3,4,1,3,3,3,3,2,1,2,3,1,3,3,1,1,1,2,4,2,1,4,3,2,1,2,1,3,1,1,3,2,1,3,2,2,2,3,4,1,1,4,2,2,2,3,1,3,4,4,2,4,2,1,2,3,4,3,3,1,3,2,2,2,2,3,3,3,4,1,3,4,1,4,1,1,2,4,3,1,1,2,3,1,1,4,1,3,1,1,1,2,2,4,1,2,1,4,4,4,3,2,2,4,4,3,4,4,3"
81,0.9877030496613249,0.43137254901960786,2253.0,"2,1,2,4,1,1,1,2,2,1,3,4,2,1,1,1,1,4,3,4,4,2,1,4,3,4,4,1,2,2,1,4,4,2,1,4,2,4,1,4,4,3,1,3,4,3,3,1,2,2,1,2,3,2,1,2,1,4,3,3,1,2,4,2,3,4,1,1,2,1,2,2,2,1,1,2,2,1,2,3,2,4,3,1,1,3,1,1,1,1,1,1,3,4,2,1,2,3,2,1,1,3,2,4,3,4,2,1,2,4,2,2,2,2,4,3,1,2,4,1,3,1,4,2,1,4,2,4,1,2,4,2,2,1,3,3,3,4,4,2,2,4,3,1,2,2,3,3,2,3,3,3,4,4,1,4,1,1,1,3,4,2,2,1,2,4,4,4,3,4,2,4,3,2,1,4,3,4,2,2,2,3,4,4,3,3,3,2,3,2,1,2,2,3,2,2,4,2,3,2,2,4,1,4,2,4,3,1,3,2,4,2,4,2,3,1,3,1,2,1,1,1,4,2,4,1,2,2,2,3,1,1,2,3,1,4,3,4,1,1,1,1,2,2,2,1,2,3,4,1,3,1,4,2,3,3,1,4,4,4,4,2,2,4,2,2,4,2,2,4,4,1,1,3,4,3,1,2,3,1,1,4,3,1,1,4,1,2,3,4,4,2,3,2,2,2,2,1,1,1,4,2,2,3,4,4,3,1,1,1,4,1,2,3,1,1,2,3,2,4,1,3,3,3,4,2,1,2,3,1,3,3,1,1,1,3,4,3,2,3,1,2,3,3,4,2,2,4,3,4,2,4,1,1,4,3,2,4,3,3,2,1,3,2,2,3,3,2,1,3,3,2,3,4,2,4,4,3,2,4,2,2,1,1,1,3,2,4,2,1,1,2,1,2,2,2,2,1,3,4,2,2,2,1,4,2,3,4,2,1,3,4,4,4,3,2,4,2,2,2,4,3,1,1,1,1,3,1,1,3,4,3,1,1,2,1,2,2,4,1,1,2,4,4,1,2,3,2,1,1,2,3,2,4,1,1,1,4,3,1,2,3,1,2,3,4,2,2,3,1,2,3,1,1,2,4,2,3,1,4,3,1,4,1,3,1,2,1,1,1,1,4,4,3,1,1,2,4,1,1,2,1,1,2,2,2,2,3,3,3,1,3,1,3,2,3,1,1,2,2,4,4,1,2,4,1,1,2,1,2,1,4,4,2,3,3,1,4,2,3,2,2,3,3,1,1,3,2,2,3,4,1,2,2,1,2,1,1,1,2,4,3,2,3,3,4,4,2,4,3,3,1,3,3,1,4,3,4,1,1,1,4,4,2,1,4,2,2,1,1,4,1,3,2,2,2,3,4,1,1,2,2,1,4,4,3,4,3,3,2,1,3,4,1,2,3,3,3,4,2,3,2,1,1,3,1,1,3,2,2,2,1,1,1,4,2,2,4,1,3,4,1,3,3,4,1,1,3,3,1,1,4,2,2,1,3,1,3,3,4,3,4,2,3,1,2,2,1,2,2,1,2,2,4,1,2,1,3,4,3,1,1,3,3,1,4,1,3,1,1,1,2,3,3,2,2,1,2,3,3,4,1,4,3,4,2,1,2,4,3,3,1,1,1,2,1,2,3,4,4,2,4,2,2,3,2,3,3,2,2,2,3,2,3,4,2,1,3,3,1,3,2,1,3,1,1,3,2,3,4,3,2,4,3,1,4,2,4,1,1,2,2,2,2,2,1,1,1,1,3,1,4,1,4,2,3,1,2,2,4,1,3,2,3,1,3,2,2,2,2,4,2,4,3,1,4,1,3,3,3,3,2,1,2,4,4,2,2,1,3,4,1,3,4,1,2,2,3,3,2,2,3,3,3,4,3,2,2,2,1,3,1,3,1,3,4,1,3,3,2,2,3,1,2,2,1,1,3,3,1,2,2,1,1,2,1,3,1,1,2,1,2,3,4,3,1,4,3,2,4,4,3,2,3,2,1,1,2,1,3,2,4,4,3,3,3,3,4,1,1,3,2,2,2,1,1,1,4,2,3,1,2,2,3,1,1,1,3,1,3,2,2,1,2,1,1,2,1,1,4,1,2,4,4,2,1,2,2,4,2,4,4,4,4,1,3,2,1,1,1,2,3,1,2,3,1,3,4,3,3,4,3,1,2,1,3,3,3,1,4,4,4,1,1,1,1,1,4,2,4,2,3,4,4,1,1,1,1,3,4,3,1,1,3,1,1,2,1,2,3,4,2,4,1,1,1,2,4,3,1,2,3,1,1,2,2,1,4,1,2,2,2,4,3,4,2,4,1,4,1,4,1,4,3,1,1,4,4,1,4,2,4,3,1,3,3,2,2,3,1,3,4,1,1,4,1,2,1,1,1,1,3,3,3,2,4,4,2,1,2,1,1,2,1,3,3,3,3,2,3,1,2,2,3,4,4,3,3,1,1,3,3,4,3,4,3,1,4,4,4,3,2,4,1,3,4,3,2,2,3,3,3,4,3,1,2,4,4,2,2,1,1,1,4,1,1,1,3,3,4,2,1,3,3,4,2,1,3,4,4,3,4,2,4,2,2,3,2,2,1,2,3,2,3,2,2,1,3,2,3,4,1,3,4,1,3,3,2,2,3,3,1,4,1,1,3,1,3,4,1,4,1,4,2,1,2,1,1,1,3,1,1,3,1,3,3,1,2,2,1,1,4,1,2,4,4,3,2,1,1,4,1,4,3,4,1,4,1,1,1,2,3,4,1,1,2,3,2,1,3,3,1,4,3,3,3,4,2,1,2,2,4,2,1,1,4,3,1,4,4,2,4,3,2,1,1,1,2,1,1,3,3,3,3,1,1,4,2,1,2,1,1,3,3,3,3,1,3,3,2,2,4,2,2,2,2,1,4,3,3,3,3,1,3,4,1,1,2,4,2,1,3,2,3,4,1,3,1,2,3,4,1,2,2,2,1,2,4,4,1,2,2,2,2,4,3,3,2,1,4,2,2,3,2,3,2,3,2,1,1,1,4,4,1,1,2,1,3,4,2,2,4,1,1,3,3,1,1,2,2,1,4,2,4,2,3,2,4,4,1,4,3,1,2,2,1,1,3,2,1,2,2,4,2,4,2,3,1,1,2,2,2,1,4,1,3,1,4,3,3,3,4,4,2,1,4,4,2,3,4,4,1,1,1,4,1,3,4,2,4,2,2,4,4,2,3,1,4,2,2,1,1,2,4,2,2,1,1,4,4,1,1,3,4,1,4,1,2,4,3,2,3,3,1,1,2,1,4,2,1,2,1,3,3,4,4,4,2,3,4,1,1,1,4,2,1,4,4,1,1,3,3,3,3,2,2,1,1,4,2,2,2,2,3,1,1,4,2,4,2,1,1,2,2,4,1,3,4,3,3,1,4,3,2,4,3,3,4,1,3,1,1,2,1,4,4,2,3,3,1,3,1,2,3,4,3,2,1,1,4,2,1,3,1,2,2,2,2,2,3,2,4,4,2,4,3,1,1,2,1,3,1,1,1,1,1,1,3,1,1,1,3,3,3,2,4,2,2,1,2,4,3,4,1,3,3,3,3,2,1,2,3,1,3,3,1,1,1,2,4,2,1,4,3,2,1,2,1,3,1,1,3,2,1,3,2,2,2,3,4,1,1,4,2,2,2,3,1,3,4,4,2,4,2,1,2,3,4,3,3,1,3,2,2,2,2,3,3,3,4,1,3,4,1,4,1,1,2,4,3,1,1,2,3,1,1,4,1,3,1,1,1,2,2,4,1,2,1,4,4,4,3,2,2,4,4,3,4,4,3"
82,0.9877030496613249,0.43137254901960786,2253.0,"2,1,2,4,1,1,1,2,2,1,3,4,2,1,1,1,1,4,3,4,4,2,1,4,3,4,4,1,2,2,1,4,4,2,1,4,2,4,1,4,4,3,1,3,4,3,3,1,2,2,1,2,3,2,1,2,1,4,3,3,1,2,4,2,3,4,1,1,2,1,2,2,2,1,1,2,2,1,2,3,2,4,3,1,1,3,1,1,1,1,1,1,3,4,2,1,2,3,2,1,1,3,2,4,3,4,2,1,2,4,2,2,2,2,4,3,1,2,4,1,3,1,4,2,1,4,2,4,1,2,4,2,2,1,3,3,3,4,4,2,2,4,3,1,2,2,3,3,2,3,3,3,4,4,1,4,1,1,1,3,4,2,2,1,2,4,4,4,3,4,2,4,3,2,1,4,3,4,2,2,2,3,4,4,3,3,3,2,3,2,1,2,2,3,2,2,4,2,3,2,2,4,1,4,2,4,3,1,3,2,4,2,4,2,3,1,3,1,2,1,1,1,4,2,4,1,2,2,2,3,1,1,2,3,1,4,3,4,1,1,1,1,2,2,2,1,2,3,4,1,3,1,4,2,3,3,1,4,4,4,4,2,2,4,2,2,4,2,2,4,4,1,1,3,4,3,1,2,3,1,1,4,3,1,1,4,1,2,3,4,4,2,3,2,2,2,2,1,1,1,4,2,2,3,4,4,3,1,1,1,4,1,2,3,1,1,2,3,2,4,1,3,3,3,4,2,1,2,3,1,3,3,1,1,1,3,4,3,2,3,1,2,3,3,4,2,2,4,3,4,2,4,1,1,4,3,2,4,3,3,2,1,3,2,2,3,3,2,1,3,3,2,3,4,2,4,4,3,2,4,2,2,1,1,1,3,2,4,2,1,1,2,1,2,2,2,2,1,3,4,2,2,2,1,4,2,3,4,2,1,3,4,4,4,3,2,4,2,2,2,4,3,1,1,1,1,3,1,1,3,4,3,1,1,2,1,2,2,4,1,1,2,4,4,1,2,3,2,1,1,2,3,2,4,1,1,1,4,3,1,2,3,1,2,3,4,2,2,3,1,2,3,1,1,2,4,2,3,1,4,3,1,4,1,3,1,2,1,1,1,1,4,4,3,1,1,2,4,1,1,2,1,1,2,2,2,2,3,3,3,1,3,1,3,2,3,1,1,2,2,4,4,1,2,4,1,1,2,1,2,1,4,4,2,3,3,1,4,2,3,2,2,3,3,1,1,3,2,2,3,4,1,2,2,1,2,1,1,1,2,4,3,2,3,3,4,4,2,4,3,3,1,3,3,1,4,3,4,1,1,1,4,4,2,1,4,2,2,1,1,4,1,3,2,2,2,3,4,1,1,2,2,1,4,4,3,4,3,3,2,1,3,4,1,2,3,3,3,4,2,3,2,1,1,3,1,1,3,2,2,2,1,1,1,4,2,2,4,1,3,4,1,3,3,4,1,1,3,3,1,1,4,2,2,1,3,1,3,3,4,3,4,2,3,1,2,2,1,2,2,1,2,2,4,1,2,1,3,4,3,1,1,3,3,1,4,1,3,1,1,1,2,3,3,2,2,1,2,3,3,4,1,4,3,4,2,1,2,4,3,3,1,1,1,2,1,2,3,4,4,2,4,2,2,3,2,3,3,2,2,2,3,2,3,4,2,1,3,3,1,3,2,1,3,1,1,3,2,3,4,3,2,4,3,1,4,2,4,1,1,2,2,2,2,2,1,1,1,1,3,1,4,1,4,2,3,1,2,2,4,1,3,2,3,1,3,2,2,2,2,4,2,4,3,1,4,1,3,3,3,3,2,1,2,4,4,2,2,1,3,4,1,3,4,1,2,2,3,3,2,2,3,3,3,4,3,2,2,2,1,3,1,3,1,3,4,1,3,3,2,2,3,1,2,2,1,1,3,3,1,2,2,1,1,2,1,3,1,1,2,1,2,3,4,3,1,4,3,2,4,4,3,2,3,2,1,1,2,1,3,2,4,4,3,3,3,3,4,1,1,3,2,2,2,1,1,1,4,2,3,1,2,2,3,1,1,1,3,1,3,2,2,1,2,1,1,2,1,1,4,1,2,4,4,2,1,2,2,4,2,4,4,4,4,1,3,2,1,1,1,2,3,1,2,3,1,3,4,3,3,4,3,1,2,1,3,3,3,1,4,4,4,1,1,1,1,1,4,2,4,2,3,4,4,1,1,1,1,3,4,3,1,1,3,1,1,2,1,2,3,4,2,4,1,1,1,2,4,3,1,2,3,1,1,2,2,1,4,1,2,2,2,4,3,4,2,4,1,4,1,4,1,4,3,1,1,4,4,1,4,2,4,3,1,3,3,2,2,3,1,3,4,1,1,4,1,2,1,1,1,1,3,3,3,2,4,4,2,1,2,1,1,2,1,3,3,3,3,2,3,1,2,2,3,4,4,3,3,1,1,3,3,4,3,4,3,1,4,4,4,3,2,4,1,3,4,3,2,2,3,3,3,4,3,1,2,4,4,2,2,1,1,1,4,1,1,1,3,3,4,2,1,3,3,4,2,1,3,4,4,3,4,2,4,2,2,3,2,2,1,2,3,2,3,2,2,1,3,2,3,4,1,3,4,1,3,3,2,2,3,3,1,4,1,1,3,1,3,4,1,4,1,4,2,1,2,1,1,1,3,1,1,3,1,3,3,1,2,2,1,1,4,1,2,4,4,3,2,1,1,4,1,4,3,4,1,4,1,1,1,2,3,4,1,1,2,3,2,1,3,3,1,4,3,3,3,4,2,1,2,2,4,2,1,1,4,3,1,4,4,2,4,3,2,1,1,1,2,1,1,3,3,3,3,1,1,4,2,1,2,1,1,3,3,3,3,1,3,3,2,2,4,2,2,2,2,1,4,3,3,3,3,1,3,4,1,1,2,4,2,1,3,2,3,4,1,3,1,2,3,4,1,2,2,2,1,2,4,4,1,2,2,2,2,4,3,3,2,1,4,2,2,3,2,3,2,3,2,1,1,1,4,4,1,1,2,1,3,4,2,2,4,1,1,3,3,1,1,2,2,1,4,2,4,2,3,2,4,4,1,4,3,1,2,2,1,1,3,2,1,2,2,4,2,4,2,3,1,1,2,2,2,1,4,1,3,1,4,3,3,3,4,4,2,1,4,4,2,3,4,4,1,1,1,4,1,3,4,2,4,2,2,4,4,2,3,1,4,2,2,1,1,2,4,2,2,1,1,4,4,1,1,3,4,1,4,1,2,4,3,2,3,3,1,1,2,1,4,2,1,2,1,3,3,4,4,4,2,3,4,1,1,1,4,2,1,4,4,1,1,3,3,3,3,2,2,1,1,4,2,2,2,2,3,1,1,4,2,4,2,1,1,2,2,4,1,3,4,3,3,1,4,3,2,4,3,3,4,1,3,1,1,2,1,4,4,2,3,3,1,3,1,2,3,4,3,2,1,1,4,2,1,3,1,2,2,2,2,2,3,2,4,4,2,4,3,1,1,2,1,3,1,1,1,1,1,1,3,1,1,1,3,3,3,2,4,2,2,1,2,4,3,4,1,3,3,3,3,2,1,2,3,1,3,3,1,1,1,2,4,2,1,4,3,2,1,2,1,3,1,1,3,2,1,3,2,2,2,3,4,1,1,4,2,2,2,3,1,3,4,4,2,4,2,1,2,3,4,3,3,1,3,2,2,2,2,3,3,3,4,1,3,4,1,4,1,1,2,4,3,1,1,2,3,1,1,4,1,3,1,1,1,2,2,4,1,2,1,4,4,4,3,2,2,4,4,3,4,4,3"
83,0.9877030496613249,0.43137254901960786,2253.0,"2,1,2,4,1,1,1,2,2,1,3,4,2,1,1,1,1,4,3,4,4,2,1,4,3,4,4,1,2,2,1,4,4,2,1,4,2,4,1,4,4,3,1,3,4,3,3,1,2,2,1,2,3,2,1,2,1,4,3,3,1,2,4,2,3,4,1,1,2,1,2,2,2,1,1,2,2,1,2,3,2,4,3,1,1,3,1,1,1,1,1,1,3,4,2,1,2,3,2,1,1,3,2,4,3,4,2,1,2,4,2,2,2,2,4,3,1,2,4,1,3,1,4,2,1,4,2,4,1,2,4,2,2,1,3,3,3,4,4,2,2,4,3,1,2,2,3,3,2,3,3,3,4,4,1,4,1,1,1,3,4,2,2,1,2,4,4,4,3,4,2,4,3,2,1,4,3,4,2,2,2,3,4,4,3,3,3,2,3,2,1,2,2,3,2,2,4,2,3,2,2,4,1,4,2,4,3,1,3,2,4,2,4,2,3,1,3,1,2,1,1,1,4,2,4,1,2,2,2,3,1,1,2,3,1,4,3,4,1,1,1,1,2,2,2,1,2,3,4,1,3,1,4,2,3,3,1,4,4,4,4,2,2,4,2,2,4,2,2,4,4,1,1,3,4,3,1,2,3,1,1,4,3,1,1,4,1,2,3,4,4,2,3,2,2,2,2,1,1,1,4,2,2,3,4,4,3,1,1,1,4,1,2,3,1,1,2,3,2,4,1,3,3,3,4,2,1,2,3,1,3,3,1,1,1,3,4,3,2,3,1,2,3,3,4,2,2,4,3,4,2,4,1,1,4,3,2,4,3,3,2,1,3,2,2,3,3,2,1,3,3,2,3,4,2,4,4,3,2,4,2,2,1,1,1,3,2,4,2,1,1,2,1,2,2,2,2,1,3,4,2,2,2,1,4,2,3,4,2,1,3,4,4,4,3,2,4,2,2,2,4,3,1,1,1,1,3,1,1,3,4,3,1,1,2,1,2,2,4,1,1,2,4,4,1,2,3,2,1,1,2,3,2,4,1,1,1,4,3,1,2,3,1,2,3,4,2,2,3,1,2,3,1,1,2,4,2,3,1,4,3,1,4,1,3,1,2,1,1,1,1,4,4,3,1,1,2,4,1,1,2,1,1,2,2,2,2,3,3,3,1,3,1,3,2,3,1,1,2,2,4,4,1,2,4,1,1,2,1,2,1,4,4,2,3,3,1,4,2,3,2,2,3,3,1,1,3,2,2,3,4,1,2,2,1,2,1,1,1,2,4,3,2,3,3,4,4,2,4,3,3,1,3,3,1,4,3,4,1,1,1,4,4,2,1,4,2,2,1,1,4,1,3,2,2,2,3,4,1,1,2,2,1,4,4,3,4,3,3,2,1,3,4,1,2,3,3,3,4,2,3,2,1,1,3,1,1,3,2,2,2,1,1,1,4,2,2,4,1,3,4,1,3,3,4,1,1,3,3,1,1,4,2,2,1,3,1,3,3,4,3,4,2,3,1,2,2,1,2,2,1,2,2,4,1,2,1,3,4,3,1,1,3,3,1,4,1,3,1,1,1,2,3,3,2,2,1,2,3,3,4,1,4,3,4,2,1,2,4,3,3,1,1,1,2,1,2,3,4,4,2,4,2,2,3,2,3,3,2,2,2,3,2,3,4,2,1,3,3,1,3,2,1,3,1,1,3,2,3,4,3,2,4,3,1,4,2,4,1,1,2,2,2,2,2,1,1,1,1,3,1,4,1,4,2,3,1,2,2,4,1,3,2,3,1,3,2,2,2,2,4,2,4,3,1,4,1,3,3,3,3,2,1,2,4,4,2,2,1,3,4,1,3,4,1,2,2,3,3,2,2,3,3,3,4,3,2,2,2,1,3,1,3,1,3,4,1,3,3,2,2,3,1,2,2,1,1,3,3,1,2,2,1,1,2,1,3,1,1,2,1,2,3,4,3,1,4,3,2,4,4,3,2,3,2,1,1,2,1,3,2,4,4,3,3,3,3,4,1,1,3,2,2,2,1,1,1,4,2,3,1,2,2,3,1,1,1,3,1,3,2,2,1,2,1,1,2,1,1,4,1,2,4,4,2,1,2,2,4,2,4,4,4,4,1,3,2,1,1,1,2,3,1,2,3,1,3,4,3,3,4,3,1,2,1,3,3,3,1,4,4,4,1,1,1,1,1,4,2,4,2,3,4,4,1,1,1,1,3,4,3,1,1,3,1,1,2,1,2,3,4,2,4,1,1,1,2,4,3,1,2,3,1,1,2,2,1,4,1,2,2,2,4,3,4,2,4,1,4,1,4,1,4,3,1,1,4,4,1,4,2,4,3,1,3,3,2,2,3,1,3,4,1,1,4,1,2,1,1,1,1,3,3,3,2,4,4,2,1,2,1,1,2,1,3,3,3,3,2,3,1,2,2,3,4,4,3,3,1,1,3,3,4,3,4,3,1,4,4,4,3,2,4,1,3,4,3,2,2,3,3,3,4,3,1,2,4,4,2,2,1,1,1,4,1,1,1,3,3,4,2,1,3,3,4,2,1,3,4,4,3,4,2,4,2,2,3,2,2,1,2,3,2,3,2,2,1,3,2,3,4,1,3,4,1,3,3,2,2,3,3,1,4,1,1,3,1,3,4,1,4,1,4,2,1,2,1,1,1,3,1,1,3,1,3,3,1,2,2,1,1,4,1,2,4,4,3,2,1,1,4,1,4,3,4,1,4,1,1,1,2,3,4,1,1,2,3,2,1,3,3,1,4,3,3,3,4,2,1,2,2,4,2,1,1,4,3,1,4,4,2,4,3,2,1,1,1,2,1,1,3,3,3,3,1,1,4,2,1,2,1,1,3,3,3,3,1,3,3,2,2,4,2,2,2,2,1,4,3,3,3,3,1,3,4,1,1,2,4,2,1,3,2,3,4,1,3,1,2,3,4,1,2,2,2,1,2,4,4,1,2,2,2,2,4,3,3,2,1,4,2,2,3,2,3,2,3,2,1,1,1,4,4,1,1,2,1,3,4,2,2,4,1,1,3,3,1,1,2,2,1,4,2,4,2,3,2,4,4,1,4,3,1,2,2,1,1,3,2,1,2,2,4,2,4,2,3,1,1,2,2,2,1,4,1,3,1,4,3,3,3,4,4,2,1,4,4,2,3,4,4,1,1,1,4,1,3,4,2,4,2,2,4,4,2,3,1,4,2,2,1,1,2,4,2,2,1,1,4,4,1,1,3,4,1,4,1,2,4,3,2,3,3,1,1,2,1,4,2,1,2,1,3,3,4,4,4,2,3,4,1,1,1,4,2,1,4,4,1,1,3,3,3,3,2,2,1,1,4,2,2,2,2,3,1,1,4,2,4,2,1,1,2,2,4,1,3,4,3,3,1,4,3,2,4,3,3,4,1,3,1,1,2,1,4,4,2,3,3,1,3,1,2,3,4,3,2,1,1,4,2,1,3,1,2,2,2,2,2,3,2,4,4,2,4,3,1,1,2,1,3,1,1,1,1,1,1,3,1,1,1,3,3,3,2,4,2,2,1,2,4,3,4,1,3,3,3,3,2,1,2,3,1,3,3,1,1,1,2,4,2,1,4,3,2,1,2,1,3,1,1,3,2,1,3,2,2,2,3,4,1,1,4,2,2,2,3,1,3,4,4,2,4,2,1,2,3,4,3,3,1,3,2,2,2,2,3,3,3,4,1,3,4,1,4,1,1,2,4,3,1,1,2,3,1,1,4,1,3,1,1,1,2,2,4,1,2,1,4,4,4,3,2,2,4,4,3,4,4,3"
84,0.9877030496613249,0.43137254901960786,2253.0,"2,1,2,4,1,1,1,2,2,1,3,4,2,1,1,1,1,4,3,4,4,2,1,4,3,4,4,1,2,2,1,4,4,2,1,4,2,4,1,4,4,3,1,3,4,3,3,1,2,2,1,2,3,2,1,2,1,4,3,3,1,2,4,2,3,4,1,1,2,1,2,2,2,1,1,2,2,1,2,3,2,4,3,1,1,3,1,1,1,1,1,1,3,4,2,1,2,3,2,1,1,3,2,4,3,4,2,1,2,4,2,2,2,2,4,3,1,2,4,1,3,1,4,2,1,4,2,4,1,2,4,2,2,1,3,3,3,4,4,2,2,4,3,1,2,2,3,3,2,3,3,3,4,4,1,4,1,1,1,3,4,2,2,1,2,4,4,4,3,4,2,4,3,2,1,4,3,4,2,2,2,3,4,4,3,3,3,2,3,2,1,2,2,3,2,2,4,2,3,2,2,4,1,4,2,4,3,1,3,2,4,2,4,2,3,1,3,1,2,1,1,1,4,2,4,1,2,2,2,3,1,1,2,3,1,4,3,4,1,1,1,1,2,2,2,1,2,3,4,1,3,1,4,2,3,3,1,4,4,4,4,2,2,4,2,2,4,2,2,4,4,1,1,3,4,3,1,2,3,1,1,4,3,1,1,4,1,2,3,4,4,2,3,2,2,2,2,1,1,1,4,2,2,3,4,4,3,1,1,1,4,1,2,3,1,1,2,3,2,4,1,3,3,3,4,2,1,2,3,1,3,3,1,1,1,3,4,3,2,3,1,2,3,3,4,2,2,4,3,4,2,4,1,1,4,3,2,4,3,3,2,1,3,2,2,3,3,2,1,3,3,2,3,4,2,4,4,3,2,4,2,2,1,1,1,3,2,4,2,1,1,2,1,2,2,2,2,1,3,4,2,2,2,1,4,2,3,4,2,1,3,4,4,4,3,2,4,2,2,2,4,3,1,1,1,1,3,1,1,3,4,3,1,1,2,1,2,2,4,1,1,2,4,4,1,2,3,2,1,1,2,3,2,4,1,1,1,4,3,1,2,3,1,2,3,4,2,2,3,1,2,3,1,1,2,4,2,3,1,4,3,1,4,1,3,1,2,1,1,1,1,4,4,3,1,1,2,4,1,1,2,1,1,2,2,2,2,3,3,3,1,3,1,3,2,3,1,1,2,2,4,4,1,2,4,1,1,2,1,2,1,4,4,2,3,3,1,4,2,3,2,2,3,3,1,1,3,2,2,3,4,1,2,2,1,2,1,1,1,2,4,3,2,3,3,4,4,2,4,3,3,1,3,3,1,4,3,4,1,1,1,4,4,2,1,4,2,2,1,1,4,1,3,2,2,2,3,4,1,1,2,2,1,4,4,3,4,3,3,2,1,3,4,1,2,3,3,3,4,2,3,2,1,1,3,1,1,3,2,2,2,1,1,1,4,2,2,4,1,3,4,1,3,3,4,1,1,3,3,1,1,4,2,2,1,3,1,3,3,4,3,4,2,3,1,2,2,1,2,2,1,2,2,4,1,2,1,3,4,3,1,1,3,3,1,4,1,3,1,1,1,2,3,3,2,2,1,2,3,3,4,1,4,3,4,2,1,2,4,3,3,1,1,1,2,1,2,3,4,4,2,4,2,2,3,2,3,3,2,2,2,3,2,3,4,2,1,3,3,1,3,2,1,3,1,1,3,2,3,4,3,2,4,3,1,4,2,4,1,1,2,2,2,2,2,1,1,1,1,3,1,4,1,4,2,3,1,2,2,4,1,3,2,3,1,3,2,2,2,2,4,2,4,3,1,4,1,3,3,3,3,2,1,2,4,4,2,2,1,3,4,1,3,4,1,2,2,3,3,2,2,3,3,3,4,3,2,2,2,1,3,1,3,1,3,4,1,3,3,2,2,3,1,2,2,1,1,3,3,1,2,2,1,1,2,1,3,1,1,2,1,2,3,4,3,1,4,3,2,4,4,3,2,3,2,1,1,2,1,3,2,4,4,3,3,3,3,4,1,1,3,2,2,2,1,1,1,4,2,3,1,2,2,3,1,1,1,3,1,3,2,2,1,2,1,1,2,1,1,4,1,2,4,4,2,1,2,2,4,2,4,4,4,4,1,3,2,1,1,1,2,3,1,2,3,1,3,4,3,3,4,3,1,2,1,3,3,3,1,4,4,4,1,1,1,1,1,4,2,4,2,3,4,4,1,1,1,1,3,4,3,1,1,3,1,1,2,1,2,3,4,2,4,1,1,1,2,4,3,1,2,3,1,1,2,2,1,4,1,2,2,2,4,3,4,2,4,1,4,1,4,1,4,3,1,1,4,4,1,4,2,4,3,1,3,3,2,2,3,1,3,4,1,1,4,1,2,1,1,1,1,3,3,3,2,4,4,2,1,2,1,1,2,1,3,3,3,3,2,3,1,2,2,3,4,4,3,3,1,1,3,3,4,3,4,3,1,4,4,4,3,2,4,1,3,4,3,2,2,3,3,3,4,3,1,2,4,4,2,2,1,1,1,4,1,1,1,3,3,4,2,1,3,3,4,2,1,3,4,4,3,4,2,4,2,2,3,2,2,1,2,3,2,3,2,2,1,3,2,3,4,1,3,4,1,3,3,2,2,3,3,1,4,1,1,3,1,3,4,1,4,1,4,2,1,2,1,1,1,3,1,1,3,1,3,3,1,2,2,1,1,4,1,2,4,4,3,2,1,1,4,1,4,3,4,1,4,1,1,1,2,3,4,1,1,2,3,2,1,3,3,1,4,3,3,3,4,2,1,2,2,4,2,1,1,4,3,1,4,4,2,4,3,2,1,1,1,2,1,1,3,3,3,3,1,1,4,2,1,2,1,1,3,3,3,3,1,3,3,2,2,4,2,2,2,2,1,4,3,3,3,3,1,3,4,1,1,2,4,2,1,3,2,3,4,1,3,1,2,3,4,1,2,2,2,1,2,4,4,1,2,2,2,2,4,3,3,2,1,4,2,2,3,2,3,2,3,2,1,1,1,4,4,1,1,2,1,3,4,2,2,4,1,1,3,3,1,1,2,2,1,4,2,4,2,3,2,4,4,1,4,3,1,2,2,1,1,3,2,1,2,2,4,2,4,2,3,1,1,2,2,2,1,4,1,3,1,4,3,3,3,4,4,2,1,4,4,2,3,4,4,1,1,1,4,1,3,4,2,4,2,2,4,4,2,3,1,4,2,2,1,1,2,4,2,2,1,1,4,4,1,1,3,4,1,4,1,2,4,3,2,3,3,1,1,2,1,4,2,1,2,1,3,3,4,4,4,2,3,4,1,1,1,4,2,1,4,4,1,1,3,3,3,3,2,2,1,1,4,2,2,2,2,3,1,1,4,2,4,2,1,1,2,2,4,1,3,4,3,3,1,4,3,2,4,3,3,4,1,3,1,1,2,1,4,4,2,3,3,1,3,1,2,3,4,3,2,1,1,4,2,1,3,1,2,2,2,2,2,3,2,4,4,2,4,3,1,1,2,1,3,1,1,1,1,1,1,3,1,1,1,3,3,3,2,4,2,2,1,2,4,3,4,1,3,3,3,3,2,1,2,3,1,3,3,1,1,1,2,4,2,1,4,3,2,1,2,1,3,1,1,3,2,1,3,2,2,2,3,4,1,1,4,2,2,2,3,1,3,4,4,2,4,2,1,2,3,4,3,3,1,3,2,2,2,2,3,3,3,4,1,3,4,1,4,1,1,2,4,3,1,1,2,3,1,1,4,1,3,1,1,1,2,2,4,1,2,1,4,4,4,3,2,2,4,4,3,4,4,3"
85,0.9877030496613249,0.43137254901960786,2253.0,"2,1,2,4,1,1,1,2,2,1,3,4,2,1,1,1,1,4,3,4,4,2,1,4,3,4,4,1,2,2,1,4,4,2,1,4,2,4,1,4,4,3,1,3,4,3,3,1,2,2,1,2,3,2,1,2,1,4,3,3,1,2,4,2,3,4,1,1,2,1,2,2,2,1,1,2,2,1,2,3,2,4,3,1,1,3,1,1,1,1,1,1,3,4,2,1,2,3,2,1,1,3,2,4,3,4,2,1,2,4,2,2,2,2,4,3,1,2,4,1,3,1,4,2,1,4,2,4,1,2,4,2,2,1,3,3,3,4,4,2,2,4,3,1,2,2,3,3,2,3,3,3,4,4,1,4,1,1,1,3,4,2,2,1,2,4,4,4,3,4,2,4,3,2,1,4,3,4,2,2,2,3,4,4,3,3,3,2,3,2,1,2,2,3,2,2,4,2,3,2,2,4,1,4,2,4,3,1,3,2,4,2,4,2,3,1,3,1,2,1,1,1,4,2,4,1,2,2,2,3,1,1,2,3,1,4,3,4,1,1,1,1,2,2,2,1,2,3,4,1,3,1,4,2,3,3,1,4,4,4,4,2,2,4,2,2,4,2,2,4,4,1,1,3,4,3,1,2,3,1,1,4,3,1,1,4,1,2,3,4,4,2,3,2,2,2,2,1,1,1,4,2,2,3,4,4,3,1,1,1,4,1,2,3,1,1,2,3,2,4,1,3,3,3,4,2,1,2,3,1,3,3,1,1,1,3,4,3,2,3,1,2,3,3,4,2,2,4,3,4,2,4,1,1,4,3,2,4,3,3,2,1,3,2,2,3,3,2,1,3,3,2,3,4,2,4,4,3,2,4,2,2,1,1,1,3,2,4,2,1,1,2,1,2,2,2,2,1,3,4,2,2,2,1,4,2,3,4,2,1,3,4,4,4,3,2,4,2,2,2,4,3,1,1,1,1,3,1,1,3,4,3,1,1,2,1,2,2,4,1,1,2,4,4,1,2,3,2,1,1,2,3,2,4,1,1,1,4,3,1,2,3,1,2,3,4,2,2,3,1,2,3,1,1,2,4,2,3,1,4,3,1,4,1,3,1,2,1,1,1,1,4,4,3,1,1,2,4,1,1,2,1,1,2,2,2,2,3,3,3,1,3,1,3,2,3,1,1,2,2,4,4,1,2,4,1,1,2,1,2,1,4,4,2,3,3,1,4,2,3,2,2,3,3,1,1,3,2,2,3,4,1,2,2,1,2,1,1,1,2,4,3,2,3,3,4,4,2,4,3,3,1,3,3,1,4,3,4,1,1,1,4,4,2,1,4,2,2,1,1,4,1,3,2,2,2,3,4,1,1,2,2,1,4,4,3,4,3,3,2,1,3,4,1,2,3,3,3,4,2,3,2,1,1,3,1,1,3,2,2,2,1,1,1,4,2,2,4,1,3,4,1,3,3,4,1,1,3,3,1,1,4,2,2,1,3,1,3,3,4,3,4,2,3,1,2,2,1,2,2,1,2,2,4,1,2,1,3,4,3,1,1,3,3,1,4,1,3,1,1,1,2,3,3,2,2,1,2,3,3,4,1,4,3,4,2,1,2,4,3,3,1,1,1,2,1,2,3,4,4,2,4,2,2,3,2,3,3,2,2,2,3,2,3,4,2,1,3,3,1,3,2,1,3,1,1,3,2,3,4,3,2,4,3,1,4,2,4,1,1,2,2,2,2,2,1,1,1,1,3,1,4,1,4,2,3,1,2,2,4,1,3,2,3,1,3,2,2,2,2,4,2,4,3,1,4,1,3,3,3,3,2,1,2,4,4,2,2,1,3,4,1,3,4,1,2,2,3,3,2,2,3,3,3,4,3,2,2,2,1,3,1,3,1,3,4,1,3,3,2,2,3,1,2,2,1,1,3,3,1,2,2,1,1,2,1,3,1,1,2,1,2,3,4,3,1,4,3,2,4,4,3,2,3,2,1,1,2,1,3,2,4,4,3,3,3,3,4,1,1,3,2,2,2,1,1,1,4,2,3,1,2,2,3,1,1,1,3,1,3,2,2,1,2,1,1,2,1,1,4,1,2,4,4,2,1,2,2,4,2,4,4,4,4,1,3,2,1,1,1,2,3,1,2,3,1,3,4,3,3,4,3,1,2,1,3,3,3,1,4,4,4,1,1,1,1,1,4,2,4,2,3,4,4,1,1,1,1,3,4,3,1,1,3,1,1,2,1,2,3,4,2,4,1,1,1,2,4,3,1,2,3,1,1,2,2,1,4,1,2,2,2,4,3,4,2,4,1,4,1,4,1,4,3,1,1,4,4,1,4,2,4,3,1,3,3,2,2,3,1,3,4,1,1,4,1,2,1,1,1,1,3,3,3,2,4,4,2,1,2,1,1,2,1,3,3,3,3,2,3,1,2,2,3,4,4,3,3,1,1,3,3,4,3,4,3,1,4,4,4,3,2,4,1,3,4,3,2,2,3,3,3,4,3,1,2,4,4,2,2,1,1,1,4,1,1,1,3,3,4,2,1,3,3,4,2,1,3,4,4,3,4,2,4,2,2,3,2,2,1,2,3,2,3,2,2,1,3,2,3,4,1,3,4,1,3,3,2,2,3,3,1,4,1,1,3,1,3,4,1,4,1,4,2,1,2,1,1,1,3,1,1,3,1,3,3,1,2,2,1,1,4,1,2,4,4,3,2,1,1,4,1,4,3,4,1,4,1,1,1,2,3,4,1,1,2,3,2,1,3,3,1,4,3,3,3,4,2,1,2,2,4,2,1,1,4,3,1,4,4,2,4,3,2,1,1,1,2,1,1,3,3,3,3,1,1,4,2,1,2,1,1,3,3,3,3,1,3,3,2,2,4,2,2,2,2,1,4,3,3,3,3,1,3,4,1,1,2,4,2,1,3,2,3,4,1,3,1,2,3,4,1,2,2,2,1,2,4,4,1,2,2,2,2,4,3,3,2,1,4,2,2,3,2,3,2,3,2,1,1,1,4,4,1,1,2,1,3,4,2,2,4,1,1,3,3,1,1,2,2,1,4,2,4,2,3,2,4,4,1,4,3,1,2,2,1,1,3,2,1,2,2,4,2,4,2,3,1,1,2,2,2,1,4,1,3,1,4,3,3,3,4,4,2,1,4,4,2,3,4,4,1,1,1,4,1,3,4,2,4,2,2,4,4,2,3,1,4,2,2,1,1,2,4,2,2,1,1,4,4,1,1,3,4,1,4,1,2,4,3,2,3,3,1,1,2,1,4,2,1,2,1,3,3,4,4,4,2,3,4,1,1,1,4,2,1,4,4,1,1,3,3,3,3,2,2,1,1,4,2,2,2,2,3,1,1,4,2,4,2,1,1,2,2,4,1,3,4,3,3,1,4,3,2,4,3,3,4,1,3,1,1,2,1,4,4,2,3,3,1,3,1,2,3,4,3,2,1,1,4,2,1,3,1,2,2,2,2,2,3,2,4,4,2,4,3,1,1,2,1,3,1,1,1,1,1,1,3,1,1,1,3,3,3,2,4,2,2,1,2,4,3,4,1,3,3,3,3,2,1,2,3,1,3,3,1,1,1,2,4,2,1,4,3,2,1,2,1,3,1,1,3,2,1,3,2,2,2,3,4,1,1,4,2,2,2,3,1,3,4,4,2,4,2,1,2,3,4,3,3,1,3,2,2,2,2,3,3,3,4,1,3,4,1,4,1,1,2,4,3,1,1,2,3,1,1,4,1,3,1,1,1,2,2,4,1,2,1,4,4,4,3,2,2,4,4,3,4,4,3"
86,0.9877030496613249,0.43137254901960786,2253.0,"2,1,2,4,1,1,1,2,2,1,3,4,2,1,1,1,1,4,3,4,4,2,1,4,3,4,4,1,2,2,1,4,4,2,1,4,2,4,1,4,4,3,1,3,4,3,3,1,2,2,1,2,3,2,1,2,1,4,3,3,1,2,4,2,3,4,1,1,2,1,2,2,2,1,1,2,2,1,2,3,2,4,3,1,1,3,1,1,1,1,1,1,3,4,2,1,2,3,2,1,1,3,2,4,3,4,2,1,2,4,2,2,2,2,4,3,1,2,4,1,3,1,4,2,1,4,2,4,1,2,4,2,2,1,3,3,3,4,4,2,2,4,3,1,2,2,3,3,2,3,3,3,4,4,1,4,1,1,1,3,4,2,2,1,2,4,4,4,3,4,2,4,3,2,1,4,3,4,2,2,2,3,4,4,3,3,3,2,3,2,1,2,2,3,2,2,4,2,3,2,2,4,1,4,2,4,3,1,3,2,4,2,4,2,3,1,3,1,2,1,1,1,4,2,4,1,2,2,2,3,1,1,2,3,1,4,3,4,1,1,1,1,2,2,2,1,2,3,4,1,3,1,4,2,3,3,1,4,4,4,4,2,2,4,2,2,4,2,2,4,4,1,1,3,4,3,1,2,3,1,1,4,3,1,1,4,1,2,3,4,4,2,3,2,2,2,2,1,1,1,4,2,2,3,4,4,3,1,1,1,4,1,2,3,1,1,2,3,2,4,1,3,3,3,4,2,1,2,3,1,3,3,1,1,1,3,4,3,2,3,1,2,3,3,4,2,2,4,3,4,2,4,1,1,4,3,2,4,3,3,2,1,3,2,2,3,3,2,1,3,3,2,3,4,2,4,4,3,2,4,2,2,1,1,1,3,2,4,2,1,1,2,1,2,2,2,2,1,3,4,2,2,2,1,4,2,3,4,2,1,3,4,4,4,3,2,4,2,2,2,4,3,1,1,1,1,3,1,1,3,4,3,1,1,2,1,2,2,4,1,1,2,4,4,1,2,3,2,1,1,2,3,2,4,1,1,1,4,3,1,2,3,1,2,3,4,2,2,3,1,2,3,1,1,2,4,2,3,1,4,3,1,4,1,3,1,2,1,1,1,1,4,4,3,1,1,2,4,1,1,2,1,1,2,2,2,2,3,3,3,1,3,1,3,2,3,1,1,2,2,4,4,1,2,4,1,1,2,1,2,1,4,4,2,3,3,1,4,2,3,2,2,3,3,1,1,3,2,2,3,4,1,2,2,1,2,1,1,1,2,4,3,2,3,3,4,4,2,4,3,3,1,3,3,1,4,3,4,1,1,1,4,4,2,1,4,2,2,1,1,4,1,3,2,2,2,3,4,1,1,2,2,1,4,4,3,4,3,3,2,1,3,4,1,2,3,3,3,4,2,3,2,1,1,3,1,1,3,2,2,2,1,1,1,4,2,2,4,1,3,4,1,3,3,4,1,1,3,3,1,1,4,2,2,1,3,1,3,3,4,3,4,2,3,1,2,2,1,2,2,1,2,2,4,1,2,1,3,4,3,1,1,3,3,1,4,1,3,1,1,1,2,3,3,2,2,1,2,3,3,4,1,4,3,4,2,1,2,4,3,3,1,1,1,2,1,2,3,4,4,2,4,2,2,3,2,3,3,2,2,2,3,2,3,4,2,1,3,3,1,3,2,1,3,1,1,3,2,3,4,3,2,4,3,1,4,2,4,1,1,2,2,2,2,2,1,1,1,1,3,1,4,1,4,2,3,1,2,2,4,1,3,2,3,1,3,2,2,2,2,4,2,4,3,1,4,1,3,3,3,3,2,1,2,4,4,2,2,1,3,4,1,3,4,1,2,2,3,3,2,2,3,3,3,4,3,2,2,2,1,3,1,3,1,3,4,1,3,3,2,2,3,1,2,2,1,1,3,3,1,2,2,1,1,2,1,3,1,1,2,1,2,3,4,3,1,4,3,2,4,4,3,2,3,2,1,1,2,1,3,2,4,4,3,3,3,3,4,1,1,3,2,2,2,1,1,1,4,2,3,1,2,2,3,1,1,1,3,1,3,2,2,1,2,1,1,2,1,1,4,1,2,4,4,2,1,2,2,4,2,4,4,4,4,1,3,2,1,1,1,2,3,1,2,3,1,3,4,3,3,4,3,1,2,1,3,3,3,1,4,4,4,1,1,1,1,1,4,2,4,2,3,4,4,1,1,1,1,3,4,3,1,1,3,1,1,2,1,2,3,4,2,4,1,1,1,2,4,3,1,2,3,1,1,2,2,1,4,1,2,2,2,4,3,4,2,4,1,4,1,4,1,4,3,1,1,4,4,1,4,2,4,3,1,3,3,2,2,3,1,3,4,1,1,4,1,2,1,1,1,1,3,3,3,2,4,4,2,1,2,1,1,2,1,3,3,3,3,2,3,1,2,2,3,4,4,3,3,1,1,3,3,4,3,4,3,1,4,4,4,3,2,4,1,3,4,3,2,2,3,3,3,4,3,1,2,4,4,2,2,1,1,1,4,1,1,1,3,3,4,2,1,3,3,4,2,1,3,4,4,3,4,2,4,2,2,3,2,2,1,2,3,2,3,2,2,1,3,2,3,4,1,3,4,1,3,3,2,2,3,3,1,4,1,1,3,1,3,4,1,4,1,4,2,1,2,1,1,1,3,1,1,3,1,3,3,1,2,2,1,1,4,1,2,4,4,3,2,1,1,4,1,4,3,4,1,4,1,1,1,2,3,4,1,1,2,3,2,1,3,3,1,4,3,3,3,4,2,1,2,2,4,2,1,1,4,3,1,4,4,2,4,3,2,1,1,1,2,1,1,3,3,3,3,1,1,4,2,1,2,1,1,3,3,3,3,1,3,3,2,2,4,2,2,2,2,1,4,3,3,3,3,1,3,4,1,1,2,4,2,1,3,2,3,4,1,3,1,2,3,4,1,2,2,2,1,2,4,4,1,2,2,2,2,4,3,3,2,1,4,2,2,3,2,3,2,3,2,1,1,1,4,4,1,1,2,1,3,4,2,2,4,1,1,3,3,1,1,2,2,1,4,2,4,2,3,2,4,4,1,4,3,1,2,2,1,1,3,2,1,2,2,4,2,4,2,3,1,1,2,2,2,1,4,1,3,1,4,3,3,3,4,4,2,1,4,4,2,3,4,4,1,1,1,4,1,3,4,2,4,2,2,4,4,2,3,1,4,2,2,1,1,2,4,2,2,1,1,4,4,1,1,3,4,1,4,1,2,4,3,2,3,3,1,1,2,1,4,2,1,2,1,3,3,4,4,4,2,3,4,1,1,1,4,2,1,4,4,1,1,3,3,3,3,2,2,1,1,4,2,2,2,2,3,1,1,4,2,4,2,1,1,2,2,4,1,3,4,3,3,1,4,3,2,4,3,3,4,1,3,1,1,2,1,4,4,2,3,3,1,3,1,2,3,4,3,2,1,1,4,2,1,3,1,2,2,2,2,2,3,2,4,4,2,4,3,1,1,2,1,3,1,1,1,1,1,1,3,1,1,1,3,3,3,2,4,2,2,1,2,4,3,4,1,3,3,3,3,2,1,2,3,1,3,3,1,1,1,2,4,2,1,4,3,2,1,2,1,3,1,1,3,2,1,3,2,2,2,3,4,1,1,4,2,2,2,3,1,3,4,4,2,4,2,1,2,3,4,3,3,1,3,2,2,2,2,3,3,3,4,1,3,4,1,4,1,1,2,4,3,1,1,2,3,1,1,4,1,3,1,1,1,2,2,4,1,2,1,4,4,4,3,2,2,4,4,3,4,4,3"
87,0.9877030496613249,0.43137254901960786,2253.0,"2,1,2,4,1,1,1,2,2,1,3,4,2,1,1,1,1,4,3,4,4,2,1,4,3,4,4,1,2,2,1,4,4,2,1,4,2,4,1,4,4,3,1,3,4,3,3,1,2,2,1,2,3,2,1,2,1,4,3,3,1,2,4,2,3,4,1,1,2,1,2,2,2,1,1,2,2,1,2,3,2,4,3,1,1,3,1,1,1,1,1,1,3,4,2,1,2,3,2,1,1,3,2,4,3,4,2,1,2,4,2,2,2,2,4,3,1,2,4,1,3,1,4,2,1,4,2,4,1,2,4,2,2,1,3,3,3,4,4,2,2,4,3,1,2,2,3,3,2,3,3,3,4,4,1,4,1,1,1,3,4,2,2,1,2,4,4,4,3,4,2,4,3,2,1,4,3,4,2,2,2,3,4,4,3,3,3,2,3,2,1,2,2,3,2,2,4,2,3,2,2,4,1,4,2,4,3,1,3,2,4,2,4,2,3,1,3,1,2,1,1,1,4,2,4,1,2,2,2,3,1,1,2,3,1,4,3,4,1,1,1,1,2,2,2,1,2,3,4,1,3,1,4,2,3,3,1,4,4,4,4,2,2,4,2,2,4,2,2,4,4,1,1,3,4,3,1,2,3,1,1,4,3,1,1,4,1,2,3,4,4,2,3,2,2,2,2,1,1,1,4,2,2,3,4,4,3,1,1,1,4,1,2,3,1,1,2,3,2,4,1,3,3,3,4,2,1,2,3,1,3,3,1,1,1,3,4,3,2,3,1,2,3,3,4,2,2,4,3,4,2,4,1,1,4,3,2,4,3,3,2,1,3,2,2,3,3,2,1,3,3,2,3,4,2,4,4,3,2,4,2,2,1,1,1,3,2,4,2,1,1,2,1,2,2,2,2,1,3,4,2,2,2,1,4,2,3,4,2,1,3,4,4,4,3,2,4,2,2,2,4,3,1,1,1,1,3,1,1,3,4,3,1,1,2,1,2,2,4,1,1,2,4,4,1,2,3,2,1,1,2,3,2,4,1,1,1,4,3,1,2,3,1,2,3,4,2,2,3,1,2,3,1,1,2,4,2,3,1,4,3,1,4,1,3,1,2,1,1,1,1,4,4,3,1,1,2,4,1,1,2,1,1,2,2,2,2,3,3,3,1,3,1,3,2,3,1,1,2,2,4,4,1,2,4,1,1,2,1,2,1,4,4,2,3,3,1,4,2,3,2,2,3,3,1,1,3,2,2,3,4,1,2,2,1,2,1,1,1,2,4,3,2,3,3,4,4,2,4,3,3,1,3,3,1,4,3,4,1,1,1,4,4,2,1,4,2,2,1,1,4,1,3,2,2,2,3,4,1,1,2,2,1,4,4,3,4,3,3,2,1,3,4,1,2,3,3,3,4,2,3,2,1,1,3,1,1,3,2,2,2,1,1,1,4,2,2,4,1,3,4,1,3,3,4,1,1,3,3,1,1,4,2,2,1,3,1,3,3,4,3,4,2,3,1,2,2,1,2,2,1,2,2,4,1,2,1,3,4,3,1,1,3,3,1,4,1,3,1,1,1,2,3,3,2,2,1,2,3,3,4,1,4,3,4,2,1,2,4,3,3,1,1,1,2,1,2,3,4,4,2,4,2,2,3,2,3,3,2,2,2,3,2,3,4,2,1,3,3,1,3,2,1,3,1,1,3,2,3,4,3,2,4,3,1,4,2,4,1,1,2,2,2,2,2,1,1,1,1,3,1,4,1,4,2,3,1,2,2,4,1,3,2,3,1,3,2,2,2,2,4,2,4,3,1,4,1,3,3,3,3,2,1,2,4,4,2,2,1,3,4,1,3,4,1,2,2,3,3,2,2,3,3,3,4,3,2,2,2,1,3,1,3,1,3,4,1,3,3,2,2,3,1,2,2,1,1,3,3,1,2,2,1,1,2,1,3,1,1,2,1,2,3,4,3,1,4,3,2,4,4,3,2,3,2,1,1,2,1,3,2,4,4,3,3,3,3,4,1,1,3,2,2,2,1,1,1,4,2,3,1,2,2,3,1,1,1,3,1,3,2,2,1,2,1,1,2,1,1,4,1,2,4,4,2,1,2,2,4,2,4,4,4,4,1,3,2,1,1,1,2,3,1,2,3,1,3,4,3,3,4,3,1,2,1,3,3,3,1,4,4,4,1,1,1,1,1,4,2,4,2,3,4,4,1,1,1,1,3,4,3,1,1,3,1,1,2,1,2,3,4,2,4,1,1,1,2,4,3,1,2,3,1,1,2,2,1,4,1,2,2,2,4,3,4,2,4,1,4,1,4,1,4,3,1,1,4,4,1,4,2,4,3,1,3,3,2,2,3,1,3,4,1,1,4,1,2,1,1,1,1,3,3,3,2,4,4,2,1,2,1,1,2,1,3,3,3,3,2,3,1,2,2,3,4,4,3,3,1,1,3,3,4,3,4,3,1,4,4,4,3,2,4,1,3,4,3,2,2,3,3,3,4,3,1,2,4,4,2,2,1,1,1,4,1,1,1,3,3,4,2,1,3,3,4,2,1,3,4,4,3,4,2,4,2,2,3,2,2,1,2,3,2,3,2,2,1,3,2,3,4,1,3,4,1,3,3,2,2,3,3,1,4,1,1,3,1,3,4,1,4,1,4,2,1,2,1,1,1,3,1,1,3,1,3,3,1,2,2,1,1,4,1,2,4,4,3,2,1,1,4,1,4,3,4,1,4,1,1,1,2,3,4,1,1,2,3,2,1,3,3,1,4,3,3,3,4,2,1,2,2,4,2,1,1,4,3,1,4,4,2,4,3,2,1,1,1,2,1,1,3,3,3,3,1,1,4,2,1,2,1,1,3,3,3,3,1,3,3,2,2,4,2,2,2,2,1,4,3,3,3,3,1,3,4,1,1,2,4,2,1,3,2,3,4,1,3,1,2,3,4,1,2,2,2,1,2,4,4,1,2,2,2,2,4,3,3,2,1,4,2,2,3,2,3,2,3,2,1,1,1,4,4,1,1,2,1,3,4,2,2,4,1,1,3,3,1,1,2,2,1,4,2,4,2,3,2,4,4,1,4,3,1,2,2,1,1,3,2,1,2,2,4,2,4,2,3,1,1,2,2,2,1,4,1,3,1,4,3,3,3,4,4,2,1,4,4,2,3,4,4,1,1,1,4,1,3,4,2,4,2,2,4,4,2,3,1,4,2,2,1,1,2,4,2,2,1,1,4,4,1,1,3,4,1,4,1,2,4,3,2,3,3,1,1,2,1,4,2,1,2,1,3,3,4,4,4,2,3,4,1,1,1,4,2,1,4,4,1,1,3,3,3,3,2,2,1,1,4,2,2,2,2,3,1,1,4,2,4,2,1,1,2,2,4,1,3,4,3,3,1,4,3,2,4,3,3,4,1,3,1,1,2,1,4,4,2,3,3,1,3,1,2,3,4,3,2,1,1,4,2,1,3,1,2,2,2,2,2,3,2,4,4,2,4,3,1,1,2,1,3,1,1,1,1,1,1,3,1,1,1,3,3,3,2,4,2,2,1,2,4,3,4,1,3,3,3,3,2,1,2,3,1,3,3,1,1,1,2,4,2,1,4,3,2,1,2,1,3,1,1,3,2,1,3,2,2,2,3,4,1,1,4,2,2,2,3,1,3,4,4,2,4,2,1,2,3,4,3,3,1,3,2,2,2,2,3,3,3,4,1,3,4,1,4,1,1,2,4,3,1,1,2,3,1,1,4,1,3,1,1,1,2,2,4,1,2,1,4,4,4,3,2,2,4,4,3,4,4,3"
88,0.9877030496613249,0.43137254901960786,2253.0,"2,1,2,4,1,1,1,2,2,1,3,4,2,1,1,1,1,4,3,4,4,2,1,4,3,4,4,1,2,2,1,4,4,2,1,4,2,4,1,4,4,3,1,3,4,3,3,1,2,2,1,2,3,2,1,2,1,4,3,3,1,2,4,2,3,4,1,1,2,1,2,2,2,1,1,2,2,1,2,3,2,4,3,1,1,3,1,1,1,1,1,1,3,4,2,1,2,3,2,1,1,3,2,4,3,4,2,1,2,4,2,2,2,2,4,3,1,2,4,1,3,1,4,2,1,4,2,4,1,2,4,2,2,1,3,3,3,4,4,2,2,4,3,1,2,2,3,3,2,3,3,3,4,4,1,4,1,1,1,3,4,2,2,1,2,4,4,4,3,4,2,4,3,2,1,4,3,4,2,2,2,3,4,4,3,3,3,2,3,2,1,2,2,3,2,2,4,2,3,2,2,4,1,4,2,4,3,1,3,2,4,2,4,2,3,1,3,1,2,1,1,1,4,2,4,1,2,2,2,3,1,1,2,3,1,4,3,4,1,1,1,1,2,2,2,1,2,3,4,1,3,1,4,2,3,3,1,4,4,4,4,2,2,4,2,2,4,2,2,4,4,1,1,3,4,3,1,2,3,1,1,4,3,1,1,4,1,2,3,4,4,2,3,2,2,2,2,1,1,1,4,2,2,3,4,4,3,1,1,1,4,1,2,3,1,1,2,3,2,4,1,3,3,3,4,2,1,2,3,1,3,3,1,1,1,3,4,3,2,3,1,2,3,3,4,2,2,4,3,4,2,4,1,1,4,3,2,4,3,3,2,1,3,2,2,3,3,2,1,3,3,2,3,4,2,4,4,3,2,4,2,2,1,1,1,3,2,4,2,1,1,2,1,2,2,2,2,1,3,4,2,2,2,1,4,2,3,4,2,1,3,4,4,4,3,2,4,2,2,2,4,3,1,1,1,1,3,1,1,3,4,3,1,1,2,1,2,2,4,1,1,2,4,4,1,2,3,2,1,1,2,3,2,4,1,1,1,4,3,1,2,3,1,2,3,4,2,2,3,1,2,3,1,1,2,4,2,3,1,4,3,1,4,1,3,1,2,1,1,1,1,4,4,3,1,1,2,4,1,1,2,1,1,2,2,2,2,3,3,3,1,3,1,3,2,3,1,1,2,2,4,4,1,2,4,1,1,2,1,2,1,4,4,2,3,3,1,4,2,3,2,2,3,3,1,1,3,2,2,3,4,1,2,2,1,2,1,1,1,2,4,3,2,3,3,4,4,2,4,3,3,1,3,3,1,4,3,4,1,1,1,4,4,2,1,4,2,2,1,1,4,1,3,2,2,2,3,4,1,1,2,2,1,4,4,3,4,3,3,2,1,3,4,1,2,3,3,3,4,2,3,2,1,1,3,1,1,3,2,2,2,1,1,1,4,2,2,4,1,3,4,1,3,3,4,1,1,3,3,1,1,4,2,2,1,3,1,3,3,4,3,4,2,3,1,2,2,1,2,2,1,2,2,4,1,2,1,3,4,3,1,1,3,3,1,4,1,3,1,1,1,2,3,3,2,2,1,2,3,3,4,1,4,3,4,2,1,2,4,3,3,1,1,1,2,1,2,3,4,4,2,4,2,2,3,2,3,3,2,2,2,3,2,3,4,2,1,3,3,1,3,2,1,3,1,1,3,2,3,4,3,2,4,3,1,4,2,4,1,1,2,2,2,2,2,1,1,1,1,3,1,4,1,4,2,3,1,2,2,4,1,3,2,3,1,3,2,2,2,2,4,2,4,3,1,4,1,3,3,3,3,2,1,2,4,4,2,2,1,3,4,1,3,4,1,2,2,3,3,2,2,3,3,3,4,3,2,2,2,1,3,1,3,1,3,4,1,3,3,2,2,3,1,2,2,1,1,3,3,1,2,2,1,1,2,1,3,1,1,2,1,2,3,4,3,1,4,3,2,4,4,3,2,3,2,1,1,2,1,3,2,4,4,3,3,3,3,4,1,1,3,2,2,2,1,1,1,4,2,3,1,2,2,3,1,1,1,3,1,3,2,2,1,2,1,1,2,1,1,4,1,2,4,4,2,1,2,2,4,2,4,4,4,4,1,3,2,1,1,1,2,3,1,2,3,1,3,4,3,3,4,3,1,2,1,3,3,3,1,4,4,4,1,1,1,1,1,4,2,4,2,3,4,4,1,1,1,1,3,4,3,1,1,3,1,1,2,1,2,3,4,2,4,1,1,1,2,4,3,1,2,3,1,1,2,2,1,4,1,2,2,2,4,3,4,2,4,1,4,1,4,1,4,3,1,1,4,4,1,4,2,4,3,1,3,3,2,2,3,1,3,4,1,1,4,1,2,1,1,1,1,3,3,3,2,4,4,2,1,2,1,1,2,1,3,3,3,3,2,3,1,2,2,3,4,4,3,3,1,1,3,3,4,3,4,3,1,4,4,4,3,2,4,1,3,4,3,2,2,3,3,3,4,3,1,2,4,4,2,2,1,1,1,4,1,1,1,3,3,4,2,1,3,3,4,2,1,3,4,4,3,4,2,4,2,2,3,2,2,1,2,3,2,3,2,2,1,3,2,3,4,1,3,4,1,3,3,2,2,3,3,1,4,1,1,3,1,3,4,1,4,1,4,2,1,2,1,1,1,3,1,1,3,1,3,3,1,2,2,1,1,4,1,2,4,4,3,2,1,1,4,1,4,3,4,1,4,1,1,1,2,3,4,1,1,2,3,2,1,3,3,1,4,3,3,3,4,2,1,2,2,4,2,1,1,4,3,1,4,4,2,4,3,2,1,1,1,2,1,1,3,3,3,3,1,1,4,2,1,2,1,1,3,3,3,3,1,3,3,2,2,4,2,2,2,2,1,4,3,3,3,3,1,3,4,1,1,2,4,2,1,3,2,3,4,1,3,1,2,3,4,1,2,2,2,1,2,4,4,1,2,2,2,2,4,3,3,2,1,4,2,2,3,2,3,2,3,2,1,1,1,4,4,1,1,2,1,3,4,2,2,4,1,1,3,3,1,1,2,2,1,4,2,4,2,3,2,4,4,1,4,3,1,2,2,1,1,3,2,1,2,2,4,2,4,2,3,1,1,2,2,2,1,4,1,3,1,4,3,3,3,4,4,2,1,4,4,2,3,4,4,1,1,1,4,1,3,4,2,4,2,2,4,4,2,3,1,4,2,2,1,1,2,4,2,2,1,1,4,4,1,1,3,4,1,4,1,2,4,3,2,3,3,1,1,2,1,4,2,1,2,1,3,3,4,4,4,2,3,4,1,1,1,4,2,1,4,4,1,1,3,3,3,3,2,2,1,1,4,2,2,2,2,3,1,1,4,2,4,2,1,1,2,2,4,1,3,4,3,3,1,4,3,2,4,3,3,4,1,3,1,1,2,1,4,4,2,3,3,1,3,1,2,3,4,3,2,1,1,4,2,1,3,1,2,2,2,2,2,3,2,4,4,2,4,3,1,1,2,1,3,1,1,1,1,1,1,3,1,1,1,3,3,3,2,4,2,2,1,2,4,3,4,1,3,3,3,3,2,1,2,3,1,3,3,1,1,1,2,4,2,1,4,3,2,1,2,1,3,1,1,3,2,1,3,2,2,2,3,4,1,1,4,2,2,2,3,1,3,4,4,2,4,2,1,2,3,4,3,3,1,3,2,2,2,2,3,3,3,4,1,3,4,1,4,1,1,2,4,3,1,1,2,3,1,1,4,1,3,1,1,1,2,2,4,1,2,1,4,4,4,3,2,2,4,4,3,4,4,3"
89,0.9877030496613249,0.43137254901960786,2253.0,"2,1,2,4,1,1,1,2,2,1,3,4,2,1,1,1,1,4,3,4,4,2,1,4,3,4,4,1,2,2,1,4,4,2,1,4,2,4,1,4,4,3,1,3,4,3,3,1,2,2,1,2,3,2,1,2,1,4,3,3,1,2,4,2,3,4,1,1,2,1,2,2,2,1,1,2,2,1,2,3,2,4,3,1,1,3,1,1,1,1,1,1,3,4,2,1,2,3,2,1,1,3,2,4,3,4,2,1,2,4,2,2,2,2,4,3,1,2,4,1,3,1,4,2,1,4,2,4,1,2,4,2,2,1,3,3,3,4,4,2,2,4,3,1,2,2,3,3,2,3,3,3,4,4,1,4,1,1,1,3,4,2,2,1,2,4,4,4,3,4,2,4,3,2,1,4,3,4,2,2,2,3,4,4,3,3,3,2,3,2,1,2,2,3,2,2,4,2,3,2,2,4,1,4,2,4,3,1,3,2,4,2,4,2,3,1,3,1,2,1,1,1,4,2,4,1,2,2,2,3,1,1,2,3,1,4,3,4,1,1,1,1,2,2,2,1,2,3,4,1,3,1,4,2,3,3,1,4,4,4,4,2,2,4,2,2,4,2,2,4,4,1,1,3,4,3,1,2,3,1,1,4,3,1,1,4,1,2,3,4,4,2,3,2,2,2,2,1,1,1,4,2,2,3,4,4,3,1,1,1,4,1,2,3,1,1,2,3,2,4,1,3,3,3,4,2,1,2,3,1,3,3,1,1,1,3,4,3,2,3,1,2,3,3,4,2,2,4,3,4,2,4,1,1,4,3,2,4,3,3,2,1,3,2,2,3,3,2,1,3,3,2,3,4,2,4,4,3,2,4,2,2,1,1,1,3,2,4,2,1,1,2,1,2,2,2,2,1,3,4,2,2,2,1,4,2,3,4,2,1,3,4,4,4,3,2,4,2,2,2,4,3,1,1,1,1,3,1,1,3,4,3,1,1,2,1,2,2,4,1,1,2,4,4,1,2,3,2,1,1,2,3,2,4,1,1,1,4,3,1,2,3,1,2,3,4,2,2,3,1,2,3,1,1,2,4,2,3,1,4,3,1,4,1,3,1,2,1,1,1,1,4,4,3,1,1,2,4,1,1,2,1,1,2,2,2,2,3,3,3,1,3,1,3,2,3,1,1,2,2,4,4,1,2,4,1,1,2,1,2,1,4,4,2,3,3,1,4,2,3,2,2,3,3,1,1,3,2,2,3,4,1,2,2,1,2,1,1,1,2,4,3,2,3,3,4,4,2,4,3,3,1,3,3,1,4,3,4,1,1,1,4,4,2,1,4,2,2,1,1,4,1,3,2,2,2,3,4,1,1,2,2,1,4,4,3,4,3,3,2,1,3,4,1,2,3,3,3,4,2,3,2,1,1,3,1,1,3,2,2,2,1,1,1,4,2,2,4,1,3,4,1,3,3,4,1,1,3,3,1,1,4,2,2,1,3,1,3,3,4,3,4,2,3,1,2,2,1,2,2,1,2,2,4,1,2,1,3,4,3,1,1,3,3,1,4,1,3,1,1,1,2,3,3,2,2,1,2,3,3,4,1,4,3,4,2,1,2,4,3,3,1,1,1,2,1,2,3,4,4,2,4,2,2,3,2,3,3,2,2,2,3,2,3,4,2,1,3,3,1,3,2,1,3,1,1,3,2,3,4,3,2,4,3,1,4,2,4,1,1,2,2,2,2,2,1,1,1,1,3,1,4,1,4,2,3,1,2,2,4,1,3,2,3,1,3,2,2,2,2,4,2,4,3,1,4,1,3,3,3,3,2,1,2,4,4,2,2,1,3,4,1,3,4,1,2,2,3,3,2,2,3,3,3,4,3,2,2,2,1,3,1,3,1,3,4,1,3,3,2,2,3,1,2,2,1,1,3,3,1,2,2,1,1,2,1,3,1,1,2,1,2,3,4,3,1,4,3,2,4,4,3,2,3,2,1,1,2,1,3,2,4,4,3,3,3,3,4,1,1,3,2,2,2,1,1,1,4,2,3,1,2,2,3,1,1,1,3,1,3,2,2,1,2,1,1,2,1,1,4,1,2,4,4,2,1,2,2,4,2,4,4,4,4,1,3,2,1,1,1,2,3,1,2,3,1,3,4,3,3,4,3,1,2,1,3,3,3,1,4,4,4,1,1,1,1,1,4,2,4,2,3,4,4,1,1,1,1,3,4,3,1,1,3,1,1,2,1,2,3,4,2,4,1,1,1,2,4,3,1,2,3,1,1,2,2,1,4,1,2,2,2,4,3,4,2,4,1,4,1,4,1,4,3,1,1,4,4,1,4,2,4,3,1,3,3,2,2,3,1,3,4,1,1,4,1,2,1,1,1,1,3,3,3,2,4,4,2,1,2,1,1,2,1,3,3,3,3,2,3,1,2,2,3,4,4,3,3,1,1,3,3,4,3,4,3,1,4,4,4,3,2,4,1,3,4,3,2,2,3,3,3,4,3,1,2,4,4,2,2,1,1,1,4,1,1,1,3,3,4,2,1,3,3,4,2,1,3,4,4,3,4,2,4,2,2,3,2,2,1,2,3,2,3,2,2,1,3,2,3,4,1,3,4,1,3,3,2,2,3,3,1,4,1,1,3,1,3,4,1,4,1,4,2,1,2,1,1,1,3,1,1,3,1,3,3,1,2,2,1,1,4,1,2,4,4,3,2,1,1,4,1,4,3,4,1,4,1,1,1,2,3,4,1,1,2,3,2,1,3,3,1,4,3,3,3,4,2,1,2,2,4,2,1,1,4,3,1,4,4,2,4,3,2,1,1,1,2,1,1,3,3,3,3,1,1,4,2,1,2,1,1,3,3,3,3,1,3,3,2,2,4,2,2,2,2,1,4,3,3,3,3,1,3,4,1,1,2,4,2,1,3,2,3,4,1,3,1,2,3,4,1,2,2,2,1,2,4,4,1,2,2,2,2,4,3,3,2,1,4,2,2,3,2,3,2,3,2,1,1,1,4,4,1,1,2,1,3,4,2,2,4,1,1,3,3,1,1,2,2,1,4,2,4,2,3,2,4,4,1,4,3,1,2,2,1,1,3,2,1,2,2,4,2,4,2,3,1,1,2,2,2,1,4,1,3,1,4,3,3,3,4,4,2,1,4,4,2,3,4,4,1,1,1,4,1,3,4,2,4,2,2,4,4,2,3,1,4,2,2,1,1,2,4,2,2,1,1,4,4,1,1,3,4,1,4,1,2,4,3,2,3,3,1,1,2,1,4,2,1,2,1,3,3,4,4,4,2,3,4,1,1,1,4,2,1,4,4,1,1,3,3,3,3,2,2,1,1,4,2,2,2,2,3,1,1,4,2,4,2,1,1,2,2,4,1,3,4,3,3,1,4,3,2,4,3,3,4,1,3,1,1,2,1,4,4,2,3,3,1,3,1,2,3,4,3,2,1,1,4,2,1,3,1,2,2,2,2,2,3,2,4,4,2,4,3,1,1,2,1,3,1,1,1,1,1,1,3,1,1,1,3,3,3,2,4,2,2,1,2,4,3,4,1,3,3,3,3,2,1,2,3,1,3,3,1,1,1,2,4,2,1,4,3,2,1,2,1,3,1,1,3,2,1,3,2,2,2,3,4,1,1,4,2,2,2,3,1,3,4,4,2,4,2,1,2,3,4,3,3,1,3,2,2,2,2,3,3,3,4,1,3,4,1,4,1,1,2,4,3,1,1,2,3,1,1,4,1,3,1,1,1,2,2,4,1,2,1,4,4,4,3,2,2,4,4,3,4,4,3"
90,0.9877030496613249,0.43137254901960786,2253.0,"2,1,2,4,1,1,1,2,2,1,3,4,2,1,1,1,1,4,3,4,4,2,1,4,3,4,4,1,2,2,1,4,4,2,1,4,2,4,1,4,4,3,1,3,4,3,3,1,2,2,1,2,3,2,1,2,1,4,3,3,1,2,4,2,3,4,1,1,2,1,2,2,2,1,1,2,2,1,2,3,2,4,3,1,1,3,1,1,1,1,1,1,3,4,2,1,2,3,2,1,1,3,2,4,3,4,2,1,2,4,2,2,2,2,4,3,1,2,4,1,3,1,4,2,1,4,2,4,1,2,4,2,2,1,3,3,3,4,4,2,2,4,3,1,2,2,3,3,2,3,3,3,4,4,1,4,1,1,1,3,4,2,2,1,2,4,4,4,3,4,2,4,3,2,1,4,3,4,2,2,2,3,4,4,3,3,3,2,3,2,1,2,2,3,2,2,4,2,3,2,2,4,1,4,2,4,3,1,3,2,4,2,4,2,3,1,3,1,2,1,1,1,4,2,4,1,2,2,2,3,1,1,2,3,1,4,3,4,1,1,1,1,2,2,2,1,2,3,4,1,3,1,4,2,3,3,1,4,4,4,4,2,2,4,2,2,4,2,2,4,4,1,1,3,4,3,1,2,3,1,1,4,3,1,1,4,1,2,3,4,4,2,3,2,2,2,2,1,1,1,4,2,2,3,4,4,3,1,1,1,4,1,2,3,1,1,2,3,2,4,1,3,3,3,4,2,1,2,3,1,3,3,1,1,1,3,4,3,2,3,1,2,3,3,4,2,2,4,3,4,2,4,1,1,4,3,2,4,3,3,2,1,3,2,2,3,3,2,1,3,3,2,3,4,2,4,4,3,2,4,2,2,1,1,1,3,2,4,2,1,1,2,1,2,2,2,2,1,3,4,2,2,2,1,4,2,3,4,2,1,3,4,4,4,3,2,4,2,2,2,4,3,1,1,1,1,3,1,1,3,4,3,1,1,2,1,2,2,4,1,1,2,4,4,1,2,3,2,1,1,2,3,2,4,1,1,1,4,3,1,2,3,1,2,3,4,2,2,3,1,2,3,1,1,2,4,2,3,1,4,3,1,4,1,3,1,2,1,1,1,1,4,4,3,1,1,2,4,1,1,2,1,1,2,2,2,2,3,3,3,1,3,1,3,2,3,1,1,2,2,4,4,1,2,4,1,1,2,1,2,1,4,4,2,3,3,1,4,2,3,2,2,3,3,1,1,3,2,2,3,4,1,2,2,1,2,1,1,1,2,4,3,2,3,3,4,4,2,4,3,3,1,3,3,1,4,3,4,1,1,1,4,4,2,1,4,2,2,1,1,4,1,3,2,2,2,3,4,1,1,2,2,1,4,4,3,4,3,3,2,1,3,4,1,2,3,3,3,4,2,3,2,1,1,3,1,1,3,2,2,2,1,1,1,4,2,2,4,1,3,4,1,3,3,4,1,1,3,3,1,1,4,2,2,1,3,1,3,3,4,3,4,2,3,1,2,2,1,2,2,1,2,2,4,1,2,1,3,4,3,1,1,3,3,1,4,1,3,1,1,1,2,3,3,2,2,1,2,3,3,4,1,4,3,4,2,1,2,4,3,3,1,1,1,2,1,2,3,4,4,2,4,2,2,3,2,3,3,2,2,2,3,2,3,4,2,1,3,3,1,3,2,1,3,1,1,3,2,3,4,3,2,4,3,1,4,2,4,1,1,2,2,2,2,2,1,1,1,1,3,1,4,1,4,2,3,1,2,2,4,1,3,2,3,1,3,2,2,2,2,4,2,4,3,1,4,1,3,3,3,3,2,1,2,4,4,2,2,1,3,4,1,3,4,1,2,2,3,3,2,2,3,3,3,4,3,2,2,2,1,3,1,3,1,3,4,1,3,3,2,2,3,1,2,2,1,1,3,3,1,2,2,1,1,2,1,3,1,1,2,1,2,3,4,3,1,4,3,2,4,4,3,2,3,2,1,1,2,1,3,2,4,4,3,3,3,3,4,1,1,3,2,2,2,1,1,1,4,2,3,1,2,2,3,1,1,1,3,1,3,2,2,1,2,1,1,2,1,1,4,1,2,4,4,2,1,2,2,4,2,4,4,4,4,1,3,2,1,1,1,2,3,1,2,3,1,3,4,3,3,4,3,1,2,1,3,3,3,1,4,4,4,1,1,1,1,1,4,2,4,2,3,4,4,1,1,1,1,3,4,3,1,1,3,1,1,2,1,2,3,4,2,4,1,1,1,2,4,3,1,2,3,1,1,2,2,1,4,1,2,2,2,4,3,4,2,4,1,4,1,4,1,4,3,1,1,4,4,1,4,2,4,3,1,3,3,2,2,3,1,3,4,1,1,4,1,2,1,1,1,1,3,3,3,2,4,4,2,1,2,1,1,2,1,3,3,3,3,2,3,1,2,2,3,4,4,3,3,1,1,3,3,4,3,4,3,1,4,4,4,3,2,4,1,3,4,3,2,2,3,3,3,4,3,1,2,4,4,2,2,1,1,1,4,1,1,1,3,3,4,2,1,3,3,4,2,1,3,4,4,3,4,2,4,2,2,3,2,2,1,2,3,2,3,2,2,1,3,2,3,4,1,3,4,1,3,3,2,2,3,3,1,4,1,1,3,1,3,4,1,4,1,4,2,1,2,1,1,1,3,1,1,3,1,3,3,1,2,2,1,1,4,1,2,4,4,3,2,1,1,4,1,4,3,4,1,4,1,1,1,2,3,4,1,1,2,3,2,1,3,3,1,4,3,3,3,4,2,1,2,2,4,2,1,1,4,3,1,4,4,2,4,3,2,1,1,1,2,1,1,3,3,3,3,1,1,4,2,1,2,1,1,3,3,3,3,1,3,3,2,2,4,2,2,2,2,1,4,3,3,3,3,1,3,4,1,1,2,4,2,1,3,2,3,4,1,3,1,2,3,4,1,2,2,2,1,2,4,4,1,2,2,2,2,4,3,3,2,1,4,2,2,3,2,3,2,3,2,1,1,1,4,4,1,1,2,1,3,4,2,2,4,1,1,3,3,1,1,2,2,1,4,2,4,2,3,2,4,4,1,4,3,1,2,2,1,1,3,2,1,2,2,4,2,4,2,3,1,1,2,2,2,1,4,1,3,1,4,3,3,3,4,4,2,1,4,4,2,3,4,4,1,1,1,4,1,3,4,2,4,2,2,4,4,2,3,1,4,2,2,1,1,2,4,2,2,1,1,4,4,1,1,3,4,1,4,1,2,4,3,2,3,3,1,1,2,1,4,2,1,2,1,3,3,4,4,4,2,3,4,1,1,1,4,2,1,4,4,1,1,3,3,3,3,2,2,1,1,4,2,2,2,2,3,1,1,4,2,4,2,1,1,2,2,4,1,3,4,3,3,1,4,3,2,4,3,3,4,1,3,1,1,2,1,4,4,2,3,3,1,3,1,2,3,4,3,2,1,1,4,2,1,3,1,2,2,2,2,2,3,2,4,4,2,4,3,1,1,2,1,3,1,1,1,1,1,1,3,1,1,1,3,3,3,2,4,2,2,1,2,4,3,4,1,3,3,3,3,2,1,2,3,1,3,3,1,1,1,2,4,2,1,4,3,2,1,2,1,3,1,1,3,2,1,3,2,2,2,3,4,1,1,4,2,2,2,3,1,3,4,4,2,4,2,1,2,3,4,3,3,1,3,2,2,2,2,3,3,3,4,1,3,4,1,4,1,1,2,4,3,1,1,2,3,1,1,4,1,3,1,1,1,2,2,4,1,2,1,4,4,4,3,2,2,4,4,3,4,4,3"
91,0.9877030496613249,0.43137254901960786,2253.0,"2,1,2,4,1,1,1,2,2,1,3,4,2,1,1,1,1,4,3,4,4,2,1,4,3,4,4,1,2,2,1,4,4,2,1,4,2,4,1,4,4,3,1,3,4,3,3,1,2,2,1,2,3,2,1,2,1,4,3,3,1,2,4,2,3,4,1,1,2,1,2,2,2,1,1,2,2,1,2,3,2,4,3,1,1,3,1,1,1,1,1,1,3,4,2,1,2,3,2,1,1,3,2,4,3,4,2,1,2,4,2,2,2,2,4,3,1,2,4,1,3,1,4,2,1,4,2,4,1,2,4,2,2,1,3,3,3,4,4,2,2,4,3,1,2,2,3,3,2,3,3,3,4,4,1,4,1,1,1,3,4,2,2,1,2,4,4,4,3,4,2,4,3,2,1,4,3,4,2,2,2,3,4,4,3,3,3,2,3,2,1,2,2,3,2,2,4,2,3,2,2,4,1,4,2,4,3,1,3,2,4,2,4,2,3,1,3,1,2,1,1,1,4,2,4,1,2,2,2,3,1,1,2,3,1,4,3,4,1,1,1,1,2,2,2,1,2,3,4,1,3,1,4,2,3,3,1,4,4,4,4,2,2,4,2,2,4,2,2,4,4,1,1,3,4,3,1,2,3,1,1,4,3,1,1,4,1,2,3,4,4,2,3,2,2,2,2,1,1,1,4,2,2,3,4,4,3,1,1,1,4,1,2,3,1,1,2,3,2,4,1,3,3,3,4,2,1,2,3,1,3,3,1,1,1,3,4,3,2,3,1,2,3,3,4,2,2,4,3,4,2,4,1,1,4,3,2,4,3,3,2,1,3,2,2,3,3,2,1,3,3,2,3,4,2,4,4,3,2,4,2,2,1,1,1,3,2,4,2,1,1,2,1,2,2,2,2,1,3,4,2,2,2,1,4,2,3,4,2,1,3,4,4,4,3,2,4,2,2,2,4,3,1,1,1,1,3,1,1,3,4,3,1,1,2,1,2,2,4,1,1,2,4,4,1,2,3,2,1,1,2,3,2,4,1,1,1,4,3,1,2,3,1,2,3,4,2,2,3,1,2,3,1,1,2,4,2,3,1,4,3,1,4,1,3,1,2,1,1,1,1,4,4,3,1,1,2,4,1,1,2,1,1,2,2,2,2,3,3,3,1,3,1,3,2,3,1,1,2,2,4,4,1,2,4,1,1,2,1,2,1,4,4,2,3,3,1,4,2,3,2,2,3,3,1,1,3,2,2,3,4,1,2,2,1,2,1,1,1,2,4,3,2,3,3,4,4,2,4,3,3,1,3,3,1,4,3,4,1,1,1,4,4,2,1,4,2,2,1,1,4,1,3,2,2,2,3,4,1,1,2,2,1,4,4,3,4,3,3,2,1,3,4,1,2,3,3,3,4,2,3,2,1,1,3,1,1,3,2,2,2,1,1,1,4,2,2,4,1,3,4,1,3,3,4,1,1,3,3,1,1,4,2,2,1,3,1,3,3,4,3,4,2,3,1,2,2,1,2,2,1,2,2,4,1,2,1,3,4,3,1,1,3,3,1,4,1,3,1,1,1,2,3,3,2,2,1,2,3,3,4,1,4,3,4,2,1,2,4,3,3,1,1,1,2,1,2,3,4,4,2,4,2,2,3,2,3,3,2,2,2,3,2,3,4,2,1,3,3,1,3,2,1,3,1,1,3,2,3,4,3,2,4,3,1,4,2,4,1,1,2,2,2,2,2,1,1,1,1,3,1,4,1,4,2,3,1,2,2,4,1,3,2,3,1,3,2,2,2,2,4,2,4,3,1,4,1,3,3,3,3,2,1,2,4,4,2,2,1,3,4,1,3,4,1,2,2,3,3,2,2,3,3,3,4,3,2,2,2,1,3,1,3,1,3,4,1,3,3,2,2,3,1,2,2,1,1,3,3,1,2,2,1,1,2,1,3,1,1,2,1,2,3,4,3,1,4,3,2,4,4,3,2,3,2,1,1,2,1,3,2,4,4,3,3,3,3,4,1,1,3,2,2,2,1,1,1,4,2,3,1,2,2,3,1,1,1,3,1,3,2,2,1,2,1,1,2,1,1,4,1,2,4,4,2,1,2,2,4,2,4,4,4,4,1,3,2,1,1,1,2,3,1,2,3,1,3,4,3,3,4,3,1,2,1,3,3,3,1,4,4,4,1,1,1,1,1,4,2,4,2,3,4,4,1,1,1,1,3,4,3,1,1,3,1,1,2,1,2,3,4,2,4,1,1,1,2,4,3,1,2,3,1,1,2,2,1,4,1,2,2,2,4,3,4,2,4,1,4,1,4,1,4,3,1,1,4,4,1,4,2,4,3,1,3,3,2,2,3,1,3,4,1,1,4,1,2,1,1,1,1,3,3,3,2,4,4,2,1,2,1,1,2,1,3,3,3,3,2,3,1,2,2,3,4,4,3,3,1,1,3,3,4,3,4,3,1,4,4,4,3,2,4,1,3,4,3,2,2,3,3,3,4,3,1,2,4,4,2,2,1,1,1,4,1,1,1,3,3,4,2,1,3,3,4,2,1,3,4,4,3,4,2,4,2,2,3,2,2,1,2,3,2,3,2,2,1,3,2,3,4,1,3,4,1,3,3,2,2,3,3,1,4,1,1,3,1,3,4,1,4,1,4,2,1,2,1,1,1,3,1,1,3,1,3,3,1,2,2,1,1,4,1,2,4,4,3,2,1,1,4,1,4,3,4,1,4,1,1,1,2,3,4,1,1,2,3,2,1,3,3,1,4,3,3,3,4,2,1,2,2,4,2,1,1,4,3,1,4,4,2,4,3,2,1,1,1,2,1,1,3,3,3,3,1,1,4,2,1,2,1,1,3,3,3,3,1,3,3,2,2,4,2,2,2,2,1,4,3,3,3,3,1,3,4,1,1,2,4,2,1,3,2,3,4,1,3,1,2,3,4,1,2,2,2,1,2,4,4,1,2,2,2,2,4,3,3,2,1,4,2,2,3,2,3,2,3,2,1,1,1,4,4,1,1,2,1,3,4,2,2,4,1,1,3,3,1,1,2,2,1,4,2,4,2,3,2,4,4,1,4,3,1,2,2,1,1,3,2,1,2,2,4,2,4,2,3,1,1,2,2,2,1,4,1,3,1,4,3,3,3,4,4,2,1,4,4,2,3,4,4,1,1,1,4,1,3,4,2,4,2,2,4,4,2,3,1,4,2,2,1,1,2,4,2,2,1,1,4,4,1,1,3,4,1,4,1,2,4,3,2,3,3,1,1,2,1,4,2,1,2,1,3,3,4,4,4,2,3,4,1,1,1,4,2,1,4,4,1,1,3,3,3,3,2,2,1,1,4,2,2,2,2,3,1,1,4,2,4,2,1,1,2,2,4,1,3,4,3,3,1,4,3,2,4,3,3,4,1,3,1,1,2,1,4,4,2,3,3,1,3,1,2,3,4,3,2,1,1,4,2,1,3,1,2,2,2,2,2,3,2,4,4,2,4,3,1,1,2,1,3,1,1,1,1,1,1,3,1,1,1,3,3,3,2,4,2,2,1,2,4,3,4,1,3,3,3,3,2,1,2,3,1,3,3,1,1,1,2,4,2,1,4,3,2,1,2,1,3,1,1,3,2,1,3,2,2,2,3,4,1,1,4,2,2,2,3,1,3,4,4,2,4,2,1,2,3,4,3,3,1,3,2,2,2,2,3,3,3,4,1,3,4,1,4,1,1,2,4,3,1,1,2,3,1,1,4,1,3,1,1,1,2,2,4,1,2,1,4,4,4,3,2,2,4,4,3,4,4,3"
92,0.9877030496613249,0.43137254901960786,2253.0,"2,1,2,4,1,1,1,2,2,1,3,4,2,1,1,1,1,4,3,4,4,2,1,4,3,4,4,1,2,2,1,4,4,2,1,4,2,4,1,4,4,3,1,3,4,3,3,1,2,2,1,2,3,2,1,2,1,4,3,3,1,2,4,2,3,4,1,1,2,1,2,2,2,1,1,2,2,1,2,3,2,4,3,1,1,3,1,1,1,1,1,1,3,4,2,1,2,3,2,1,1,3,2,4,3,4,2,1,2,4,2,2,2,2,4,3,1,2,4,1,3,1,4,2,1,4,2,4,1,2,4,2,2,1,3,3,3,4,4,2,2,4,3,1,2,2,3,3,2,3,3,3,4,4,1,4,1,1,1,3,4,2,2,1,2,4,4,4,3,4,2,4,3,2,1,4,3,4,2,2,2,3,4,4,3,3,3,2,3,2,1,2,2,3,2,2,4,2,3,2,2,4,1,4,2,4,3,1,3,2,4,2,4,2,3,1,3,1,2,1,1,1,4,2,4,1,2,2,2,3,1,1,2,3,1,4,3,4,1,1,1,1,2,2,2,1,2,3,4,1,3,1,4,2,3,3,1,4,4,4,4,2,2,4,2,2,4,2,2,4,4,1,1,3,4,3,1,2,3,1,1,4,3,1,1,4,1,2,3,4,4,2,3,2,2,2,2,1,1,1,4,2,2,3,4,4,3,1,1,1,4,1,2,3,1,1,2,3,2,4,1,3,3,3,4,2,1,2,3,1,3,3,1,1,1,3,4,3,2,3,1,2,3,3,4,2,2,4,3,4,2,4,1,1,4,3,2,4,3,3,2,1,3,2,2,3,3,2,1,3,3,2,3,4,2,4,4,3,2,4,2,2,1,1,1,3,2,4,2,1,1,2,1,2,2,2,2,1,3,4,2,2,2,1,4,2,3,4,2,1,3,4,4,4,3,2,4,2,2,2,4,3,1,1,1,1,3,1,1,3,4,3,1,1,2,1,2,2,4,1,1,2,4,4,1,2,3,2,1,1,2,3,2,4,1,1,1,4,3,1,2,3,1,2,3,4,2,2,3,1,2,3,1,1,2,4,2,3,1,4,3,1,4,1,3,1,2,1,1,1,1,4,4,3,1,1,2,4,1,1,2,1,1,2,2,2,2,3,3,3,1,3,1,3,2,3,1,1,2,2,4,4,1,2,4,1,1,2,1,2,1,4,4,2,3,3,1,4,2,3,2,2,3,3,1,1,3,2,2,3,4,1,2,2,1,2,1,1,1,2,4,3,2,3,3,4,4,2,4,3,3,1,3,3,1,4,3,4,1,1,1,4,4,2,1,4,2,2,1,1,4,1,3,2,2,2,3,4,1,1,2,2,1,4,4,3,4,3,3,2,1,3,4,1,2,3,3,3,4,2,3,2,1,1,3,1,1,3,2,2,2,1,1,1,4,2,2,4,1,3,4,1,3,3,4,1,1,3,3,1,1,4,2,2,1,3,1,3,3,4,3,4,2,3,1,2,2,1,2,2,1,2,2,4,1,2,1,3,4,3,1,1,3,3,1,4,1,3,1,1,1,2,3,3,2,2,1,2,3,3,4,1,4,3,4,2,1,2,4,3,3,1,1,1,2,1,2,3,4,4,2,4,2,2,3,2,3,3,2,2,2,3,2,3,4,2,1,3,3,1,3,2,1,3,1,1,3,2,3,4,3,2,4,3,1,4,2,4,1,1,2,2,2,2,2,1,1,1,1,3,1,4,1,4,2,3,1,2,2,4,1,3,2,3,1,3,2,2,2,2,4,2,4,3,1,4,1,3,3,3,3,2,1,2,4,4,2,2,1,3,4,1,3,4,1,2,2,3,3,2,2,3,3,3,4,3,2,2,2,1,3,1,3,1,3,4,1,3,3,2,2,3,1,2,2,1,1,3,3,1,2,2,1,1,2,1,3,1,1,2,1,2,3,4,3,1,4,3,2,4,4,3,2,3,2,1,1,2,1,3,2,4,4,3,3,3,3,4,1,1,3,2,2,2,1,1,1,4,2,3,1,2,2,3,1,1,1,3,1,3,2,2,1,2,1,1,2,1,1,4,1,2,4,4,2,1,2,2,4,2,4,4,4,4,1,3,2,1,1,1,2,3,1,2,3,1,3,4,3,3,4,3,1,2,1,3,3,3,1,4,4,4,1,1,1,1,1,4,2,4,2,3,4,4,1,1,1,1,3,4,3,1,1,3,1,1,2,1,2,3,4,2,4,1,1,1,2,4,3,1,2,3,1,1,2,2,1,4,1,2,2,2,4,3,4,2,4,1,4,1,4,1,4,3,1,1,4,4,1,4,2,4,3,1,3,3,2,2,3,1,3,4,1,1,4,1,2,1,1,1,1,3,3,3,2,4,4,2,1,2,1,1,2,1,3,3,3,3,2,3,1,2,2,3,4,4,3,3,1,1,3,3,4,3,4,3,1,4,4,4,3,2,4,1,3,4,3,2,2,3,3,3,4,3,1,2,4,4,2,2,1,1,1,4,1,1,1,3,3,4,2,1,3,3,4,2,1,3,4,4,3,4,2,4,2,2,3,2,2,1,2,3,2,3,2,2,1,3,2,3,4,1,3,4,1,3,3,2,2,3,3,1,4,1,1,3,1,3,4,1,4,1,4,2,1,2,1,1,1,3,1,1,3,1,3,3,1,2,2,1,1,4,1,2,4,4,3,2,1,1,4,1,4,3,4,1,4,1,1,1,2,3,4,1,1,2,3,2,1,3,3,1,4,3,3,3,4,2,1,2,2,4,2,1,1,4,3,1,4,4,2,4,3,2,1,1,1,2,1,1,3,3,3,3,1,1,4,2,1,2,1,1,3,3,3,3,1,3,3,2,2,4,2,2,2,2,1,4,3,3,3,3,1,3,4,1,1,2,4,2,1,3,2,3,4,1,3,1,2,3,4,1,2,2,2,1,2,4,4,1,2,2,2,2,4,3,3,2,1,4,2,2,3,2,3,2,3,2,1,1,1,4,4,1,1,2,1,3,4,2,2,4,1,1,3,3,1,1,2,2,1,4,2,4,2,3,2,4,4,1,4,3,1,2,2,1,1,3,2,1,2,2,4,2,4,2,3,1,1,2,2,2,1,4,1,3,1,4,3,3,3,4,4,2,1,4,4,2,3,4,4,1,1,1,4,1,3,4,2,4,2,2,4,4,2,3,1,4,2,2,1,1,2,4,2,2,1,1,4,4,1,1,3,4,1,4,1,2,4,3,2,3,3,1,1,2,1,4,2,1,2,1,3,3,4,4,4,2,3,4,1,1,1,4,2,1,4,4,1,1,3,3,3,3,2,2,1,1,4,2,2,2,2,3,1,1,4,2,4,2,1,1,2,2,4,1,3,4,3,3,1,4,3,2,4,3,3,4,1,3,1,1,2,1,4,4,2,3,3,1,3,1,2,3,4,3,2,1,1,4,2,1,3,1,2,2,2,2,2,3,2,4,4,2,4,3,1,1,2,1,3,1,1,1,1,1,1,3,1,1,1,3,3,3,2,4,2,2,1,2,4,3,4,1,3,3,3,3,2,1,2,3,1,3,3,1,1,1,2,4,2,1,4,3,2,1,2,1,3,1,1,3,2,1,3,2,2,2,3,4,1,1,4,2,2,2,3,1,3,4,4,2,4,2,1,2,3,4,3,3,1,3,2,2,2,2,3,3,3,4,1,3,4,1,4,1,1,2,4,3,1,1,2,3,1,1,4,1,3,1,1,1,2,2,4,1,2,1,4,4,4,3,2,2,4,4,3,4,4,3"
93,0.9877030496613249,0.43137254901960786,2253.0,"2,1,2,4,1,1,1,2,2,1,3,4,2,1,1,1,1,4,3,4,4,2,1,4,3,4,4,1,2,2,1,4,4,2,1,4,2,4,1,4,4,3,1,3,4,3,3,1,2,2,1,2,3,2,1,2,1,4,3,3,1,2,4,2,3,4,1,1,2,1,2,2,2,1,1,2,2,1,2,3,2,4,3,1,1,3,1,1,1,1,1,1,3,4,2,1,2,3,2,1,1,3,2,4,3,4,2,1,2,4,2,2,2,2,4,3,1,2,4,1,3,1,4,2,1,4,2,4,1,2,4,2,2,1,3,3,3,4,4,2,2,4,3,1,2,2,3,3,2,3,3,3,4,4,1,4,1,1,1,3,4,2,2,1,2,4,4,4,3,4,2,4,3,2,1,4,3,4,2,2,2,3,4,4,3,3,3,2,3,2,1,2,2,3,2,2,4,2,3,2,2,4,1,4,2,4,3,1,3,2,4,2,4,2,3,1,3,1,2,1,1,1,4,2,4,1,2,2,2,3,1,1,2,3,1,4,3,4,1,1,1,1,2,2,2,1,2,3,4,1,3,1,4,2,3,3,1,4,4,4,4,2,2,4,2,2,4,2,2,4,4,1,1,3,4,3,1,2,3,1,1,4,3,1,1,4,1,2,3,4,4,2,3,2,2,2,2,1,1,1,4,2,2,3,4,4,3,1,1,1,4,1,2,3,1,1,2,3,2,4,1,3,3,3,4,2,1,2,3,1,3,3,1,1,1,3,4,3,2,3,1,2,3,3,4,2,2,4,3,4,2,4,1,1,4,3,2,4,3,3,2,1,3,2,2,3,3,2,1,3,3,2,3,4,2,4,4,3,2,4,2,2,1,1,1,3,2,4,2,1,1,2,1,2,2,2,2,1,3,4,2,2,2,1,4,2,3,4,2,1,3,4,4,4,3,2,4,2,2,2,4,3,1,1,1,1,3,1,1,3,4,3,1,1,2,1,2,2,4,1,1,2,4,4,1,2,3,2,1,1,2,3,2,4,1,1,1,4,3,1,2,3,1,2,3,4,2,2,3,1,2,3,1,1,2,4,2,3,1,4,3,1,4,1,3,1,2,1,1,1,1,4,4,3,1,1,2,4,1,1,2,1,1,2,2,2,2,3,3,3,1,3,1,3,2,3,1,1,2,2,4,4,1,2,4,1,1,2,1,2,1,4,4,2,3,3,1,4,2,3,2,2,3,3,1,1,3,2,2,3,4,1,2,2,1,2,1,1,1,2,4,3,2,3,3,4,4,2,4,3,3,1,3,3,1,4,3,4,1,1,1,4,4,2,1,4,2,2,1,1,4,1,3,2,2,2,3,4,1,1,2,2,1,4,4,3,4,3,3,2,1,3,4,1,2,3,3,3,4,2,3,2,1,1,3,1,1,3,2,2,2,1,1,1,4,2,2,4,1,3,4,1,3,3,4,1,1,3,3,1,1,4,2,2,1,3,1,3,3,4,3,4,2,3,1,2,2,1,2,2,1,2,2,4,1,2,1,3,4,3,1,1,3,3,1,4,1,3,1,1,1,2,3,3,2,2,1,2,3,3,4,1,4,3,4,2,1,2,4,3,3,1,1,1,2,1,2,3,4,4,2,4,2,2,3,2,3,3,2,2,2,3,2,3,4,2,1,3,3,1,3,2,1,3,1,1,3,2,3,4,3,2,4,3,1,4,2,4,1,1,2,2,2,2,2,1,1,1,1,3,1,4,1,4,2,3,1,2,2,4,1,3,2,3,1,3,2,2,2,2,4,2,4,3,1,4,1,3,3,3,3,2,1,2,4,4,2,2,1,3,4,1,3,4,1,2,2,3,3,2,2,3,3,3,4,3,2,2,2,1,3,1,3,1,3,4,1,3,3,2,2,3,1,2,2,1,1,3,3,1,2,2,1,1,2,1,3,1,1,2,1,2,3,4,3,1,4,3,2,4,4,3,2,3,2,1,1,2,1,3,2,4,4,3,3,3,3,4,1,1,3,2,2,2,1,1,1,4,2,3,1,2,2,3,1,1,1,3,1,3,2,2,1,2,1,1,2,1,1,4,1,2,4,4,2,1,2,2,4,2,4,4,4,4,1,3,2,1,1,1,2,3,1,2,3,1,3,4,3,3,4,3,1,2,1,3,3,3,1,4,4,4,1,1,1,1,1,4,2,4,2,3,4,4,1,1,1,1,3,4,3,1,1,3,1,1,2,1,2,3,4,2,4,1,1,1,2,4,3,1,2,3,1,1,2,2,1,4,1,2,2,2,4,3,4,2,4,1,4,1,4,1,4,3,1,1,4,4,1,4,2,4,3,1,3,3,2,2,3,1,3,4,1,1,4,1,2,1,1,1,1,3,3,3,2,4,4,2,1,2,1,1,2,1,3,3,3,3,2,3,1,2,2,3,4,4,3,3,1,1,3,3,4,3,4,3,1,4,4,4,3,2,4,1,3,4,3,2,2,3,3,3,4,3,1,2,4,4,2,2,1,1,1,4,1,1,1,3,3,4,2,1,3,3,4,2,1,3,4,4,3,4,2,4,2,2,3,2,2,1,2,3,2,3,2,2,1,3,2,3,4,1,3,4,1,3,3,2,2,3,3,1,4,1,1,3,1,3,4,1,4,1,4,2,1,2,1,1,1,3,1,1,3,1,3,3,1,2,2,1,1,4,1,2,4,4,3,2,1,1,4,1,4,3,4,1,4,1,1,1,2,3,4,1,1,2,3,2,1,3,3,1,4,3,3,3,4,2,1,2,2,4,2,1,1,4,3,1,4,4,2,4,3,2,1,1,1,2,1,1,3,3,3,3,1,1,4,2,1,2,1,1,3,3,3,3,1,3,3,2,2,4,2,2,2,2,1,4,3,3,3,3,1,3,4,1,1,2,4,2,1,3,2,3,4,1,3,1,2,3,4,1,2,2,2,1,2,4,4,1,2,2,2,2,4,3,3,2,1,4,2,2,3,2,3,2,3,2,1,1,1,4,4,1,1,2,1,3,4,2,2,4,1,1,3,3,1,1,2,2,1,4,2,4,2,3,2,4,4,1,4,3,1,2,2,1,1,3,2,1,2,2,4,2,4,2,3,1,1,2,2,2,1,4,1,3,1,4,3,3,3,4,4,2,1,4,4,2,3,4,4,1,1,1,4,1,3,4,2,4,2,2,4,4,2,3,1,4,2,2,1,1,2,4,2,2,1,1,4,4,1,1,3,4,1,4,1,2,4,3,2,3,3,1,1,2,1,4,2,1,2,1,3,3,4,4,4,2,3,4,1,1,1,4,2,1,4,4,1,1,3,3,3,3,2,2,1,1,4,2,2,2,2,3,1,1,4,2,4,2,1,1,2,2,4,1,3,4,3,3,1,4,3,2,4,3,3,4,1,3,1,1,2,1,4,4,2,3,3,1,3,1,2,3,4,3,2,1,1,4,2,1,3,1,2,2,2,2,2,3,2,4,4,2,4,3,1,1,2,1,3,1,1,1,1,1,1,3,1,1,1,3,3,3,2,4,2,2,1,2,4,3,4,1,3,3,3,3,2,1,2,3,1,3,3,1,1,1,2,4,2,1,4,3,2,1,2,1,3,1,1,3,2,1,3,2,2,2,3,4,1,1,4,2,2,2,3,1,3,4,4,2,4,2,1,2,3,4,3,3,1,3,2,2,2,2,3,3,3,4,1,3,4,1,4,1,1,2,4,3,1,1,2,3,1,1,4,1,3,1,1,1,2,2,4,1,2,1,4,4,4,3,2,2,4,4,3,4,4,3"
94,0.9877030496613249,0.43137254901960786,2253.0,"2,1,2,4,1,1,1,2,2,1,3,4,2,1,1,1,1,4,3,4,4,2,1,4,3,4,4,1,2,2,1,4,4,2,1,4,2,4,1,4,4,3,1,3,4,3,3,1,2,2,1,2,3,2,1,2,1,4,3,3,1,2,4,2,3,4,1,1,2,1,2,2,2,1,1,2,2,1,2,3,2,4,3,1,1,3,1,1,1,1,1,1,3,4,2,1,2,3,2,1,1,3,2,4,3,4,2,1,2,4,2,2,2,2,4,3,1,2,4,1,3,1,4,2,1,4,2,4,1,2,4,2,2,1,3,3,3,4,4,2,2,4,3,1,2,2,3,3,2,3,3,3,4,4,1,4,1,1,1,3,4,2,2,1,2,4,4,4,3,4,2,4,3,2,1,4,3,4,2,2,2,3,4,4,3,3,3,2,3,2,1,2,2,3,2,2,4,2,3,2,2,4,1,4,2,4,3,1,3,2,4,2,4,2,3,1,3,1,2,1,1,1,4,2,4,1,2,2,2,3,1,1,2,3,1,4,3,4,1,1,1,1,2,2,2,1,2,3,4,1,3,1,4,2,3,3,1,4,4,4,4,2,2,4,2,2,4,2,2,4,4,1,1,3,4,3,1,2,3,1,1,4,3,1,1,4,1,2,3,4,4,2,3,2,2,2,2,1,1,1,4,2,2,3,4,4,3,1,1,1,4,1,2,3,1,1,2,3,2,4,1,3,3,3,4,2,1,2,3,1,3,3,1,1,1,3,4,3,2,3,1,2,3,3,4,2,2,4,3,4,2,4,1,1,4,3,2,4,3,3,2,1,3,2,2,3,3,2,1,3,3,2,3,4,2,4,4,3,2,4,2,2,1,1,1,3,2,4,2,1,1,2,1,2,2,2,2,1,3,4,2,2,2,1,4,2,3,4,2,1,3,4,4,4,3,2,4,2,2,2,4,3,1,1,1,1,3,1,1,3,4,3,1,1,2,1,2,2,4,1,1,2,4,4,1,2,3,2,1,1,2,3,2,4,1,1,1,4,3,1,2,3,1,2,3,4,2,2,3,1,2,3,1,1,2,4,2,3,1,4,3,1,4,1,3,1,2,1,1,1,1,4,4,3,1,1,2,4,1,1,2,1,1,2,2,2,2,3,3,3,1,3,1,3,2,3,1,1,2,2,4,4,1,2,4,1,1,2,1,2,1,4,4,2,3,3,1,4,2,3,2,2,3,3,1,1,3,2,2,3,4,1,2,2,1,2,1,1,1,2,4,3,2,3,3,4,4,2,4,3,3,1,3,3,1,4,3,4,1,1,1,4,4,2,1,4,2,2,1,1,4,1,3,2,2,2,3,4,1,1,2,2,1,4,4,3,4,3,3,2,1,3,4,1,2,3,3,3,4,2,3,2,1,1,3,1,1,3,2,2,2,1,1,1,4,2,2,4,1,3,4,1,3,3,4,1,1,3,3,1,1,4,2,2,1,3,1,3,3,4,3,4,2,3,1,2,2,1,2,2,1,2,2,4,1,2,1,3,4,3,1,1,3,3,1,4,1,3,1,1,1,2,3,3,2,2,1,2,3,3,4,1,4,3,4,2,1,2,4,3,3,1,1,1,2,1,2,3,4,4,2,4,2,2,3,2,3,3,2,2,2,3,2,3,4,2,1,3,3,1,3,2,1,3,1,1,3,2,3,4,3,2,4,3,1,4,2,4,1,1,2,2,2,2,2,1,1,1,1,3,1,4,1,4,2,3,1,2,2,4,1,3,2,3,1,3,2,2,2,2,4,2,4,3,1,4,1,3,3,3,3,2,1,2,4,4,2,2,1,3,4,1,3,4,1,2,2,3,3,2,2,3,3,3,4,3,2,2,2,1,3,1,3,1,3,4,1,3,3,2,2,3,1,2,2,1,1,3,3,1,2,2,1,1,2,1,3,1,1,2,1,2,3,4,3,1,4,3,2,4,4,3,2,3,2,1,1,2,1,3,2,4,4,3,3,3,3,4,1,1,3,2,2,2,1,1,1,4,2,3,1,2,2,3,1,1,1,3,1,3,2,2,1,2,1,1,2,1,1,4,1,2,4,4,2,1,2,2,4,2,4,4,4,4,1,3,2,1,1,1,2,3,1,2,3,1,3,4,3,3,4,3,1,2,1,3,3,3,1,4,4,4,1,1,1,1,1,4,2,4,2,3,4,4,1,1,1,1,3,4,3,1,1,3,1,1,2,1,2,3,4,2,4,1,1,1,2,4,3,1,2,3,1,1,2,2,1,4,1,2,2,2,4,3,4,2,4,1,4,1,4,1,4,3,1,1,4,4,1,4,2,4,3,1,3,3,2,2,3,1,3,4,1,1,4,1,2,1,1,1,1,3,3,3,2,4,4,2,1,2,1,1,2,1,3,3,3,3,2,3,1,2,2,3,4,4,3,3,1,1,3,3,4,3,4,3,1,4,4,4,3,2,4,1,3,4,3,2,2,3,3,3,4,3,1,2,4,4,2,2,1,1,1,4,1,1,1,3,3,4,2,1,3,3,4,2,1,3,4,4,3,4,2,4,2,2,3,2,2,1,2,3,2,3,2,2,1,3,2,3,4,1,3,4,1,3,3,2,2,3,3,1,4,1,1,3,1,3,4,1,4,1,4,2,1,2,1,1,1,3,1,1,3,1,3,3,1,2,2,1,1,4,1,2,4,4,3,2,1,1,4,1,4,3,4,1,4,1,1,1,2,3,4,1,1,2,3,2,1,3,3,1,4,3,3,3,4,2,1,2,2,4,2,1,1,4,3,1,4,4,2,4,3,2,1,1,1,2,1,1,3,3,3,3,1,1,4,2,1,2,1,1,3,3,3,3,1,3,3,2,2,4,2,2,2,2,1,4,3,3,3,3,1,3,4,1,1,2,4,2,1,3,2,3,4,1,3,1,2,3,4,1,2,2,2,1,2,4,4,1,2,2,2,2,4,3,3,2,1,4,2,2,3,2,3,2,3,2,1,1,1,4,4,1,1,2,1,3,4,2,2,4,1,1,3,3,1,1,2,2,1,4,2,4,2,3,2,4,4,1,4,3,1,2,2,1,1,3,2,1,2,2,4,2,4,2,3,1,1,2,2,2,1,4,1,3,1,4,3,3,3,4,4,2,1,4,4,2,3,4,4,1,1,1,4,1,3,4,2,4,2,2,4,4,2,3,1,4,2,2,1,1,2,4,2,2,1,1,4,4,1,1,3,4,1,4,1,2,4,3,2,3,3,1,1,2,1,4,2,1,2,1,3,3,4,4,4,2,3,4,1,1,1,4,2,1,4,4,1,1,3,3,3,3,2,2,1,1,4,2,2,2,2,3,1,1,4,2,4,2,1,1,2,2,4,1,3,4,3,3,1,4,3,2,4,3,3,4,1,3,1,1,2,1,4,4,2,3,3,1,3,1,2,3,4,3,2,1,1,4,2,1,3,1,2,2,2,2,2,3,2,4,4,2,4,3,1,1,2,1,3,1,1,1,1,1,1,3,1,1,1,3,3,3,2,4,2,2,1,2,4,3,4,1,3,3,3,3,2,1,2,3,1,3,3,1,1,1,2,4,2,1,4,3,2,1,2,1,3,1,1,3,2,1,3,2,2,2,3,4,1,1,4,2,2,2,3,1,3,4,4,2,4,2,1,2,3,4,3,3,1,3,2,2,2,2,3,3,3,4,1,3,4,1,4,1,1,2,4,3,1,1,2,3,1,1,4,1,3,1,1,1,2,2,4,1,2,1,4,4,4,3,2,2,4,4,3,4,4,3"
95,0.9877030496613249,0.43137254901960786,2253.0,"2,1,2,4,1,1,1,2,2,1,3,4,2,1,1,1,1,4,3,4,4,2,1,4,3,4,4,1,2,2,1,4,4,2,1,4,2,4,1,4,4,3,1,3,4,3,3,1,2,2,1,2,3,2,1,2,1,4,3,3,1,2,4,2,3,4,1,1,2,1,2,2,2,1,1,2,2,1,2,3,2,4,3,1,1,3,1,1,1,1,1,1,3,4,2,1,2,3,2,1,1,3,2,4,3,4,2,1,2,4,2,2,2,2,4,3,1,2,4,1,3,1,4,2,1,4,2,4,1,2,4,2,2,1,3,3,3,4,4,2,2,4,3,1,2,2,3,3,2,3,3,3,4,4,1,4,1,1,1,3,4,2,2,1,2,4,4,4,3,4,2,4,3,2,1,4,3,4,2,2,2,3,4,4,3,3,3,2,3,2,1,2,2,3,2,2,4,2,3,2,2,4,1,4,2,4,3,1,3,2,4,2,4,2,3,1,3,1,2,1,1,1,4,2,4,1,2,2,2,3,1,1,2,3,1,4,3,4,1,1,1,1,2,2,2,1,2,3,4,1,3,1,4,2,3,3,1,4,4,4,4,2,2,4,2,2,4,2,2,4,4,1,1,3,4,3,1,2,3,1,1,4,3,1,1,4,1,2,3,4,4,2,3,2,2,2,2,1,1,1,4,2,2,3,4,4,3,1,1,1,4,1,2,3,1,1,2,3,2,4,1,3,3,3,4,2,1,2,3,1,3,3,1,1,1,3,4,3,2,3,1,2,3,3,4,2,2,4,3,4,2,4,1,1,4,3,2,4,3,3,2,1,3,2,2,3,3,2,1,3,3,2,3,4,2,4,4,3,2,4,2,2,1,1,1,3,2,4,2,1,1,2,1,2,2,2,2,1,3,4,2,2,2,1,4,2,3,4,2,1,3,4,4,4,3,2,4,2,2,2,4,3,1,1,1,1,3,1,1,3,4,3,1,1,2,1,2,2,4,1,1,2,4,4,1,2,3,2,1,1,2,3,2,4,1,1,1,4,3,1,2,3,1,2,3,4,2,2,3,1,2,3,1,1,2,4,2,3,1,4,3,1,4,1,3,1,2,1,1,1,1,4,4,3,1,1,2,4,1,1,2,1,1,2,2,2,2,3,3,3,1,3,1,3,2,3,1,1,2,2,4,4,1,2,4,1,1,2,1,2,1,4,4,2,3,3,1,4,2,3,2,2,3,3,1,1,3,2,2,3,4,1,2,2,1,2,1,1,1,2,4,3,2,3,3,4,4,2,4,3,3,1,3,3,1,4,3,4,1,1,1,4,4,2,1,4,2,2,1,1,4,1,3,2,2,2,3,4,1,1,2,2,1,4,4,3,4,3,3,2,1,3,4,1,2,3,3,3,4,2,3,2,1,1,3,1,1,3,2,2,2,1,1,1,4,2,2,4,1,3,4,1,3,3,4,1,1,3,3,1,1,4,2,2,1,3,1,3,3,4,3,4,2,3,1,2,2,1,2,2,1,2,2,4,1,2,1,3,4,3,1,1,3,3,1,4,1,3,1,1,1,2,3,3,2,2,1,2,3,3,4,1,4,3,4,2,1,2,4,3,3,1,1,1,2,1,2,3,4,4,2,4,2,2,3,2,3,3,2,2,2,3,2,3,4,2,1,3,3,1,3,2,1,3,1,1,3,2,3,4,3,2,4,3,1,4,2,4,1,1,2,2,2,2,2,1,1,1,1,3,1,4,1,4,2,3,1,2,2,4,1,3,2,3,1,3,2,2,2,2,4,2,4,3,1,4,1,3,3,3,3,2,1,2,4,4,2,2,1,3,4,1,3,4,1,2,2,3,3,2,2,3,3,3,4,3,2,2,2,1,3,1,3,1,3,4,1,3,3,2,2,3,1,2,2,1,1,3,3,1,2,2,1,1,2,1,3,1,1,2,1,2,3,4,3,1,4,3,2,4,4,3,2,3,2,1,1,2,1,3,2,4,4,3,3,3,3,4,1,1,3,2,2,2,1,1,1,4,2,3,1,2,2,3,1,1,1,3,1,3,2,2,1,2,1,1,2,1,1,4,1,2,4,4,2,1,2,2,4,2,4,4,4,4,1,3,2,1,1,1,2,3,1,2,3,1,3,4,3,3,4,3,1,2,1,3,3,3,1,4,4,4,1,1,1,1,1,4,2,4,2,3,4,4,1,1,1,1,3,4,3,1,1,3,1,1,2,1,2,3,4,2,4,1,1,1,2,4,3,1,2,3,1,1,2,2,1,4,1,2,2,2,4,3,4,2,4,1,4,1,4,1,4,3,1,1,4,4,1,4,2,4,3,1,3,3,2,2,3,1,3,4,1,1,4,1,2,1,1,1,1,3,3,3,2,4,4,2,1,2,1,1,2,1,3,3,3,3,2,3,1,2,2,3,4,4,3,3,1,1,3,3,4,3,4,3,1,4,4,4,3,2,4,1,3,4,3,2,2,3,3,3,4,3,1,2,4,4,2,2,1,1,1,4,1,1,1,3,3,4,2,1,3,3,4,2,1,3,4,4,3,4,2,4,2,2,3,2,2,1,2,3,2,3,2,2,1,3,2,3,4,1,3,4,1,3,3,2,2,3,3,1,4,1,1,3,1,3,4,1,4,1,4,2,1,2,1,1,1,3,1,1,3,1,3,3,1,2,2,1,1,4,1,2,4,4,3,2,1,1,4,1,4,3,4,1,4,1,1,1,2,3,4,1,1,2,3,2,1,3,3,1,4,3,3,3,4,2,1,2,2,4,2,1,1,4,3,1,4,4,2,4,3,2,1,1,1,2,1,1,3,3,3,3,1,1,4,2,1,2,1,1,3,3,3,3,1,3,3,2,2,4,2,2,2,2,1,4,3,3,3,3,1,3,4,1,1,2,4,2,1,3,2,3,4,1,3,1,2,3,4,1,2,2,2,1,2,4,4,1,2,2,2,2,4,3,3,2,1,4,2,2,3,2,3,2,3,2,1,1,1,4,4,1,1,2,1,3,4,2,2,4,1,1,3,3,1,1,2,2,1,4,2,4,2,3,2,4,4,1,4,3,1,2,2,1,1,3,2,1,2,2,4,2,4,2,3,1,1,2,2,2,1,4,1,3,1,4,3,3,3,4,4,2,1,4,4,2,3,4,4,1,1,1,4,1,3,4,2,4,2,2,4,4,2,3,1,4,2,2,1,1,2,4,2,2,1,1,4,4,1,1,3,4,1,4,1,2,4,3,2,3,3,1,1,2,1,4,2,1,2,1,3,3,4,4,4,2,3,4,1,1,1,4,2,1,4,4,1,1,3,3,3,3,2,2,1,1,4,2,2,2,2,3,1,1,4,2,4,2,1,1,2,2,4,1,3,4,3,3,1,4,3,2,4,3,3,4,1,3,1,1,2,1,4,4,2,3,3,1,3,1,2,3,4,3,2,1,1,4,2,1,3,1,2,2,2,2,2,3,2,4,4,2,4,3,1,1,2,1,3,1,1,1,1,1,1,3,1,1,1,3,3,3,2,4,2,2,1,2,4,3,4,1,3,3,3,3,2,1,2,3,1,3,3,1,1,1,2,4,2,1,4,3,2,1,2,1,3,1,1,3,2,1,3,2,2,2,3,4,1,1,4,2,2,2,3,1,3,4,4,2,4,2,1,2,3,4,3,3,1,3,2,2,2,2,3,3,3,4,1,3,4,1,4,1,1,2,4,3,1,1,2,3,1,1,4,1,3,1,1,1,2,2,4,1,2,1,4,4,4,3,2,2,4,4,3,4,4,3"
96,0.9877030496613249,0.43137254901960786,2253.0,"2,1,2,4,1,1,1,2,2,1,3,4,2,1,1,1,1,4,3,4,4,2,1,4,3,4,4,1,2,2,1,4,4,2,1,4,2,4,1,4,4,3,1,3,4,3,3,1,2,2,1,2,3,2,1,2,1,4,3,3,1,2,4,2,3,4,1,1,2,1,2,2,2,1,1,2,2,1,2,3,2,4,3,1,1,3,1,1,1,1,1,1,3,4,2,1,2,3,2,1,1,3,2,4,3,4,2,1,2,4,2,2,2,2,4,3,1,2,4,1,3,1,4,2,1,4,2,4,1,2,4,2,2,1,3,3,3,4,4,2,2,4,3,1,2,2,3,3,2,3,3,3,4,4,1,4,1,1,1,3,4,2,2,1,2,4,4,4,3,4,2,4,3,2,1,4,3,4,2,2,2,3,4,4,3,3,3,2,3,2,1,2,2,3,2,2,4,2,3,2,2,4,1,4,2,4,3,1,3,2,4,2,4,2,3,1,3,1,2,1,1,1,4,2,4,1,2,2,2,3,1,1,2,3,1,4,3,4,1,1,1,1,2,2,2,1,2,3,4,1,3,1,4,2,3,3,1,4,4,4,4,2,2,4,2,2,4,2,2,4,4,1,1,3,4,3,1,2,3,1,1,4,3,1,1,4,1,2,3,4,4,2,3,2,2,2,2,1,1,1,4,2,2,3,4,4,3,1,1,1,4,1,2,3,1,1,2,3,2,4,1,3,3,3,4,2,1,2,3,1,3,3,1,1,1,3,4,3,2,3,1,2,3,3,4,2,2,4,3,4,2,4,1,1,4,3,2,4,3,3,2,1,3,2,2,3,3,2,1,3,3,2,3,4,2,4,4,3,2,4,2,2,1,1,1,3,2,4,2,1,1,2,1,2,2,2,2,1,3,4,2,2,2,1,4,2,3,4,2,1,3,4,4,4,3,2,4,2,2,2,4,3,1,1,1,1,3,1,1,3,4,3,1,1,2,1,2,2,4,1,1,2,4,4,1,2,3,2,1,1,2,3,2,4,1,1,1,4,3,1,2,3,1,2,3,4,2,2,3,1,2,3,1,1,2,4,2,3,1,4,3,1,4,1,3,1,2,1,1,1,1,4,4,3,1,1,2,4,1,1,2,1,1,2,2,2,2,3,3,3,1,3,1,3,2,3,1,1,2,2,4,4,1,2,4,1,1,2,1,2,1,4,4,2,3,3,1,4,2,3,2,2,3,3,1,1,3,2,2,3,4,1,2,2,1,2,1,1,1,2,4,3,2,3,3,4,4,2,4,3,3,1,3,3,1,4,3,4,1,1,1,4,4,2,1,4,2,2,1,1,4,1,3,2,2,2,3,4,1,1,2,2,1,4,4,3,4,3,3,2,1,3,4,1,2,3,3,3,4,2,3,2,1,1,3,1,1,3,2,2,2,1,1,1,4,2,2,4,1,3,4,1,3,3,4,1,1,3,3,1,1,4,2,2,1,3,1,3,3,4,3,4,2,3,1,2,2,1,2,2,1,2,2,4,1,2,1,3,4,3,1,1,3,3,1,4,1,3,1,1,1,2,3,3,2,2,1,2,3,3,4,1,4,3,4,2,1,2,4,3,3,1,1,1,2,1,2,3,4,4,2,4,2,2,3,2,3,3,2,2,2,3,2,3,4,2,1,3,3,1,3,2,1,3,1,1,3,2,3,4,3,2,4,3,1,4,2,4,1,1,2,2,2,2,2,1,1,1,1,3,1,4,1,4,2,3,1,2,2,4,1,3,2,3,1,3,2,2,2,2,4,2,4,3,1,4,1,3,3,3,3,2,1,2,4,4,2,2,1,3,4,1,3,4,1,2,2,3,3,2,2,3,3,3,4,3,2,2,2,1,3,1,3,1,3,4,1,3,3,2,2,3,1,2,2,1,1,3,3,1,2,2,1,1,2,1,3,1,1,2,1,2,3,4,3,1,4,3,2,4,4,3,2,3,2,1,1,2,1,3,2,4,4,3,3,3,3,4,1,1,3,2,2,2,1,1,1,4,2,3,1,2,2,3,1,1,1,3,1,3,2,2,1,2,1,1,2,1,1,4,1,2,4,4,2,1,2,2,4,2,4,4,4,4,1,3,2,1,1,1,2,3,1,2,3,1,3,4,3,3,4,3,1,2,1,3,3,3,1,4,4,4,1,1,1,1,1,4,2,4,2,3,4,4,1,1,1,1,3,4,3,1,1,3,1,1,2,1,2,3,4,2,4,1,1,1,2,4,3,1,2,3,1,1,2,2,1,4,1,2,2,2,4,3,4,2,4,1,4,1,4,1,4,3,1,1,4,4,1,4,2,4,3,1,3,3,2,2,3,1,3,4,1,1,4,1,2,1,1,1,1,3,3,3,2,4,4,2,1,2,1,1,2,1,3,3,3,3,2,3,1,2,2,3,4,4,3,3,1,1,3,3,4,3,4,3,1,4,4,4,3,2,4,1,3,4,3,2,2,3,3,3,4,3,1,2,4,4,2,2,1,1,1,4,1,1,1,3,3,4,2,1,3,3,4,2,1,3,4,4,3,4,2,4,2,2,3,2,2,1,2,3,2,3,2,2,1,3,2,3,4,1,3,4,1,3,3,2,2,3,3,1,4,1,1,3,1,3,4,1,4,1,4,2,1,2,1,1,1,3,1,1,3,1,3,3,1,2,2,1,1,4,1,2,4,4,3,2,1,1,4,1,4,3,4,1,4,1,1,1,2,3,4,1,1,2,3,2,1,3,3,1,4,3,3,3,4,2,1,2,2,4,2,1,1,4,3,1,4,4,2,4,3,2,1,1,1,2,1,1,3,3,3,3,1,1,4,2,1,2,1,1,3,3,3,3,1,3,3,2,2,4,2,2,2,2,1,4,3,3,3,3,1,3,4,1,1,2,4,2,1,3,2,3,4,1,3,1,2,3,4,1,2,2,2,1,2,4,4,1,2,2,2,2,4,3,3,2,1,4,2,2,3,2,3,2,3,2,1,1,1,4,4,1,1,2,1,3,4,2,2,4,1,1,3,3,1,1,2,2,1,4,2,4,2,3,2,4,4,1,4,3,1,2,2,1,1,3,2,1,2,2,4,2,4,2,3,1,1,2,2,2,1,4,1,3,1,4,3,3,3,4,4,2,1,4,4,2,3,4,4,1,1,1,4,1,3,4,2,4,2,2,4,4,2,3,1,4,2,2,1,1,2,4,2,2,1,1,4,4,1,1,3,4,1,4,1,2,4,3,2,3,3,1,1,2,1,4,2,1,2,1,3,3,4,4,4,2,3,4,1,1,1,4,2,1,4,4,1,1,3,3,3,3,2,2,1,1,4,2,2,2,2,3,1,1,4,2,4,2,1,1,2,2,4,1,3,4,3,3,1,4,3,2,4,3,3,4,1,3,1,1,2,1,4,4,2,3,3,1,3,1,2,3,4,3,2,1,1,4,2,1,3,1,2,2,2,2,2,3,2,4,4,2,4,3,1,1,2,1,3,1,1,1,1,1,1,3,1,1,1,3,3,3,2,4,2,2,1,2,4,3,4,1,3,3,3,3,2,1,2,3,1,3,3,1,1,1,2,4,2,1,4,3,2,1,2,1,3,1,1,3,2,1,3,2,2,2,3,4,1,1,4,2,2,2,3,1,3,4,4,2,4,2,1,2,3,4,3,3,1,3,2,2,2,2,3,3,3,4,1,3,4,1,4,1,1,2,4,3,1,1,2,3,1,1,4,1,3,1,1,1,2,2,4,1,2,1,4,4,4,3,2,2,4,4,3,4,4,3"
97,0.9877030496613249,0.43137254901960786,2253.0,"2,1,2,4,1,1,1,2,2,1,3,4,2,1,1,1,1,4,3,4,4,2,1,4,3,4,4,1,2,2,1,4,4,2,1,4,2,4,1,4,4,3,1,3,4,3,3,1,2,2,1,2,3,2,1,2,1,4,3,3,1,2,4,2,3,4,1,1,2,1,2,2,2,1,1,2,2,1,2,3,2,4,3,1,1,3,1,1,1,1,1,1,3,4,2,1,2,3,2,1,1,3,2,4,3,4,2,1,2,4,2,2,2,2,4,3,1,2,4,1,3,1,4,2,1,4,2,4,1,2,4,2,2,1,3,3,3,4,4,2,2,4,3,1,2,2,3,3,2,3,3,3,4,4,1,4,1,1,1,3,4,2,2,1,2,4,4,4,3,4,2,4,3,2,1,4,3,4,2,2,2,3,4,4,3,3,3,2,3,2,1,2,2,3,2,2,4,2,3,2,2,4,1,4,2,4,3,1,3,2,4,2,4,2,3,1,3,1,2,1,1,1,4,2,4,1,2,2,2,3,1,1,2,3,1,4,3,4,1,1,1,1,2,2,2,1,2,3,4,1,3,1,4,2,3,3,1,4,4,4,4,2,2,4,2,2,4,2,2,4,4,1,1,3,4,3,1,2,3,1,1,4,3,1,1,4,1,2,3,4,4,2,3,2,2,2,2,1,1,1,4,2,2,3,4,4,3,1,1,1,4,1,2,3,1,1,2,3,2,4,1,3,3,3,4,2,1,2,3,1,3,3,1,1,1,3,4,3,2,3,1,2,3,3,4,2,2,4,3,4,2,4,1,1,4,3,2,4,3,3,2,1,3,2,2,3,3,2,1,3,3,2,3,4,2,4,4,3,2,4,2,2,1,1,1,3,2,4,2,1,1,2,1,2,2,2,2,1,3,4,2,2,2,1,4,2,3,4,2,1,3,4,4,4,3,2,4,2,2,2,4,3,1,1,1,1,3,1,1,3,4,3,1,1,2,1,2,2,4,1,1,2,4,4,1,2,3,2,1,1,2,3,2,4,1,1,1,4,3,1,2,3,1,2,3,4,2,2,3,1,2,3,1,1,2,4,2,3,1,4,3,1,4,1,3,1,2,1,1,1,1,4,4,3,1,1,2,4,1,1,2,1,1,2,2,2,2,3,3,3,1,3,1,3,2,3,1,1,2,2,4,4,1,2,4,1,1,2,1,2,1,4,4,2,3,3,1,4,2,3,2,2,3,3,1,1,3,2,2,3,4,1,2,2,1,2,1,1,1,2,4,3,2,3,3,4,4,2,4,3,3,1,3,3,1,4,3,4,1,1,1,4,4,2,1,4,2,2,1,1,4,1,3,2,2,2,3,4,1,1,2,2,1,4,4,3,4,3,3,2,1,3,4,1,2,3,3,3,4,2,3,2,1,1,3,1,1,3,2,2,2,1,1,1,4,2,2,4,1,3,4,1,3,3,4,1,1,3,3,1,1,4,2,2,1,3,1,3,3,4,3,4,2,3,1,2,2,1,2,2,1,2,2,4,1,2,1,3,4,3,1,1,3,3,1,4,1,3,1,1,1,2,3,3,2,2,1,2,3,3,4,1,4,3,4,2,1,2,4,3,3,1,1,1,2,1,2,3,4,4,2,4,2,2,3,2,3,3,2,2,2,3,2,3,4,2,1,3,3,1,3,2,1,3,1,1,3,2,3,4,3,2,4,3,1,4,2,4,1,1,2,2,2,2,2,1,1,1,1,3,1,4,1,4,2,3,1,2,2,4,1,3,2,3,1,3,2,2,2,2,4,2,4,3,1,4,1,3,3,3,3,2,1,2,4,4,2,2,1,3,4,1,3,4,1,2,2,3,3,2,2,3,3,3,4,3,2,2,2,1,3,1,3,1,3,4,1,3,3,2,2,3,1,2,2,1,1,3,3,1,2,2,1,1,2,1,3,1,1,2,1,2,3,4,3,1,4,3,2,4,4,3,2,3,2,1,1,2,1,3,2,4,4,3,3,3,3,4,1,1,3,2,2,2,1,1,1,4,2,3,1,2,2,3,1,1,1,3,1,3,2,2,1,2,1,1,2,1,1,4,1,2,4,4,2,1,2,2,4,2,4,4,4,4,1,3,2,1,1,1,2,3,1,2,3,1,3,4,3,3,4,3,1,2,1,3,3,3,1,4,4,4,1,1,1,1,1,4,2,4,2,3,4,4,1,1,1,1,3,4,3,1,1,3,1,1,2,1,2,3,4,2,4,1,1,1,2,4,3,1,2,3,1,1,2,2,1,4,1,2,2,2,4,3,4,2,4,1,4,1,4,1,4,3,1,1,4,4,1,4,2,4,3,1,3,3,2,2,3,1,3,4,1,1,4,1,2,1,1,1,1,3,3,3,2,4,4,2,1,2,1,1,2,1,3,3,3,3,2,3,1,2,2,3,4,4,3,3,1,1,3,3,4,3,4,3,1,4,4,4,3,2,4,1,3,4,3,2,2,3,3,3,4,3,1,2,4,4,2,2,1,1,1,4,1,1,1,3,3,4,2,1,3,3,4,2,1,3,4,4,3,4,2,4,2,2,3,2,2,1,2,3,2,3,2,2,1,3,2,3,4,1,3,4,1,3,3,2,2,3,3,1,4,1,1,3,1,3,4,1,4,1,4,2,1,2,1,1,1,3,1,1,3,1,3,3,1,2,2,1,1,4,1,2,4,4,3,2,1,1,4,1,4,3,4,1,4,1,1,1,2,3,4,1,1,2,3,2,1,3,3,1,4,3,3,3,4,2,1,2,2,4,2,1,1,4,3,1,4,4,2,4,3,2,1,1,1,2,1,1,3,3,3,3,1,1,4,2,1,2,1,1,3,3,3,3,1,3,3,2,2,4,2,2,2,2,1,4,3,3,3,3,1,3,4,1,1,2,4,2,1,3,2,3,4,1,3,1,2,3,4,1,2,2,2,1,2,4,4,1,2,2,2,2,4,3,3,2,1,4,2,2,3,2,3,2,3,2,1,1,1,4,4,1,1,2,1,3,4,2,2,4,1,1,3,3,1,1,2,2,1,4,2,4,2,3,2,4,4,1,4,3,1,2,2,1,1,3,2,1,2,2,4,2,4,2,3,1,1,2,2,2,1,4,1,3,1,4,3,3,3,4,4,2,1,4,4,2,3,4,4,1,1,1,4,1,3,4,2,4,2,2,4,4,2,3,1,4,2,2,1,1,2,4,2,2,1,1,4,4,1,1,3,4,1,4,1,2,4,3,2,3,3,1,1,2,1,4,2,1,2,1,3,3,4,4,4,2,3,4,1,1,1,4,2,1,4,4,1,1,3,3,3,3,2,2,1,1,4,2,2,2,2,3,1,1,4,2,4,2,1,1,2,2,4,1,3,4,3,3,1,4,3,2,4,3,3,4,1,3,1,1,2,1,4,4,2,3,3,1,3,1,2,3,4,3,2,1,1,4,2,1,3,1,2,2,2,2,2,3,2,4,4,2,4,3,1,1,2,1,3,1,1,1,1,1,1,3,1,1,1,3,3,3,2,4,2,2,1,2,4,3,4,1,3,3,3,3,2,1,2,3,1,3,3,1,1,1,2,4,2,1,4,3,2,1,2,1,3,1,1,3,2,1,3,2,2,2,3,4,1,1,4,2,2,2,3,1,3,4,4,2,4,2,1,2,3,4,3,3,1,3,2,2,2,2,3,3,3,4,1,3,4,1,4,1,1,2,4,3,1,1,2,3,1,1,4,1,3,1,1,1,2,2,4,1,2,1,4,4,4,3,2,2,4,4,3,4,4,3"
98,0.9877030496613249,0.43137254901960786,2253.0,"2,1,2,4,1,1,1,2,2,1,3,4,2,1,1,1,1,4,3,4,4,2,1,4,3,4,4,1,2,2,1,4,4,2,1,4,2,4,1,4,4,3,1,3,4,3,3,1,2,2,1,2,3,2,1,2,1,4,3,3,1,2,4,2,3,4,1,1,2,1,2,2,2,1,1,2,2,1,2,3,2,4,3,1,1,3,1,1,1,1,1,1,3,4,2,1,2,3,2,1,1,3,2,4,3,4,2,1,2,4,2,2,2,2,4,3,1,2,4,1,3,1,4,2,1,4,2,4,1,2,4,2,2,1,3,3,3,4,4,2,2,4,3,1,2,2,3,3,2,3,3,3,4,4,1,4,1,1,1,3,4,2,2,1,2,4,4,4,3,4,2,4,3,2,1,4,3,4,2,2,2,3,4,4,3,3,3,2,3,2,1,2,2,3,2,2,4,2,3,2,2,4,1,4,2,4,3,1,3,2,4,2,4,2,3,1,3,1,2,1,1,1,4,2,4,1,2,2,2,3,1,1,2,3,1,4,3,4,1,1,1,1,2,2,2,1,2,3,4,1,3,1,4,2,3,3,1,4,4,4,4,2,2,4,2,2,4,2,2,4,4,1,1,3,4,3,1,2,3,1,1,4,3,1,1,4,1,2,3,4,4,2,3,2,2,2,2,1,1,1,4,2,2,3,4,4,3,1,1,1,4,1,2,3,1,1,2,3,2,4,1,3,3,3,4,2,1,2,3,1,3,3,1,1,1,3,4,3,2,3,1,2,3,3,4,2,2,4,3,4,2,4,1,1,4,3,2,4,3,3,2,1,3,2,2,3,3,2,1,3,3,2,3,4,2,4,4,3,2,4,2,2,1,1,1,3,2,4,2,1,1,2,1,2,2,2,2,1,3,4,2,2,2,1,4,2,3,4,2,1,3,4,4,4,3,2,4,2,2,2,4,3,1,1,1,1,3,1,1,3,4,3,1,1,2,1,2,2,4,1,1,2,4,4,1,2,3,2,1,1,2,3,2,4,1,1,1,4,3,1,2,3,1,2,3,4,2,2,3,1,2,3,1,1,2,4,2,3,1,4,3,1,4,1,3,1,2,1,1,1,1,4,4,3,1,1,2,4,1,1,2,1,1,2,2,2,2,3,3,3,1,3,1,3,2,3,1,1,2,2,4,4,1,2,4,1,1,2,1,2,1,4,4,2,3,3,1,4,2,3,2,2,3,3,1,1,3,2,2,3,4,1,2,2,1,2,1,1,1,2,4,3,2,3,3,4,4,2,4,3,3,1,3,3,1,4,3,4,1,1,1,4,4,2,1,4,2,2,1,1,4,1,3,2,2,2,3,4,1,1,2,2,1,4,4,3,4,3,3,2,1,3,4,1,2,3,3,3,4,2,3,2,1,1,3,1,1,3,2,2,2,1,1,1,4,2,2,4,1,3,4,1,3,3,4,1,1,3,3,1,1,4,2,2,1,3,1,3,3,4,3,4,2,3,1,2,2,1,2,2,1,2,2,4,1,2,1,3,4,3,1,1,3,3,1,4,1,3,1,1,1,2,3,3,2,2,1,2,3,3,4,1,4,3,4,2,1,2,4,3,3,1,1,1,2,1,2,3,4,4,2,4,2,2,3,2,3,3,2,2,2,3,2,3,4,2,1,3,3,1,3,2,1,3,1,1,3,2,3,4,3,2,4,3,1,4,2,4,1,1,2,2,2,2,2,1,1,1,1,3,1,4,1,4,2,3,1,2,2,4,1,3,2,3,1,3,2,2,2,2,4,2,4,3,1,4,1,3,3,3,3,2,1,2,4,4,2,2,1,3,4,1,3,4,1,2,2,3,3,2,2,3,3,3,4,3,2,2,2,1,3,1,3,1,3,4,1,3,3,2,2,3,1,2,2,1,1,3,3,1,2,2,1,1,2,1,3,1,1,2,1,2,3,4,3,1,4,3,2,4,4,3,2,3,2,1,1,2,1,3,2,4,4,3,3,3,3,4,1,1,3,2,2,2,1,1,1,4,2,3,1,2,2,3,1,1,1,3,1,3,2,2,1,2,1,1,2,1,1,4,1,2,4,4,2,1,2,2,4,2,4,4,4,4,1,3,2,1,1,1,2,3,1,2,3,1,3,4,3,3,4,3,1,2,1,3,3,3,1,4,4,4,1,1,1,1,1,4,2,4,2,3,4,4,1,1,1,1,3,4,3,1,1,3,1,1,2,1,2,3,4,2,4,1,1,1,2,4,3,1,2,3,1,1,2,2,1,4,1,2,2,2,4,3,4,2,4,1,4,1,4,1,4,3,1,1,4,4,1,4,2,4,3,1,3,3,2,2,3,1,3,4,1,1,4,1,2,1,1,1,1,3,3,3,2,4,4,2,1,2,1,1,2,1,3,3,3,3,2,3,1,2,2,3,4,4,3,3,1,1,3,3,4,3,4,3,1,4,4,4,3,2,4,1,3,4,3,2,2,3,3,3,4,3,1,2,4,4,2,2,1,1,1,4,1,1,1,3,3,4,2,1,3,3,4,2,1,3,4,4,3,4,2,4,2,2,3,2,2,1,2,3,2,3,2,2,1,3,2,3,4,1,3,4,1,3,3,2,2,3,3,1,4,1,1,3,1,3,4,1,4,1,4,2,1,2,1,1,1,3,1,1,3,1,3,3,1,2,2,1,1,4,1,2,4,4,3,2,1,1,4,1,4,3,4,1,4,1,1,1,2,3,4,1,1,2,3,2,1,3,3,1,4,3,3,3,4,2,1,2,2,4,2,1,1,4,3,1,4,4,2,4,3,2,1,1,1,2,1,1,3,3,3,3,1,1,4,2,1,2,1,1,3,3,3,3,1,3,3,2,2,4,2,2,2,2,1,4,3,3,3,3,1,3,4,1,1,2,4,2,1,3,2,3,4,1,3,1,2,3,4,1,2,2,2,1,2,4,4,1,2,2,2,2,4,3,3,2,1,4,2,2,3,2,3,2,3,2,1,1,1,4,4,1,1,2,1,3,4,2,2,4,1,1,3,3,1,1,2,2,1,4,2,4,2,3,2,4,4,1,4,3,1,2,2,1,1,3,2,1,2,2,4,2,4,2,3,1,1,2,2,2,1,4,1,3,1,4,3,3,3,4,4,2,1,4,4,2,3,4,4,1,1,1,4,1,3,4,2,4,2,2,4,4,2,3,1,4,2,2,1,1,2,4,2,2,1,1,4,4,1,1,3,4,1,4,1,2,4,3,2,3,3,1,1,2,1,4,2,1,2,1,3,3,4,4,4,2,3,4,1,1,1,4,2,1,4,4,1,1,3,3,3,3,2,2,1,1,4,2,2,2,2,3,1,1,4,2,4,2,1,1,2,2,4,1,3,4,3,3,1,4,3,2,4,3,3,4,1,3,1,1,2,1,4,4,2,3,3,1,3,1,2,3,4,3,2,1,1,4,2,1,3,1,2,2,2,2,2,3,2,4,4,2,4,3,1,1,2,1,3,1,1,1,1,1,1,3,1,1,1,3,3,3,2,4,2,2,1,2,4,3,4,1,3,3,3,3,2,1,2,3,1,3,3,1,1,1,2,4,2,1,4,3,2,1,2,1,3,1,1,3,2,1,3,2,2,2,3,4,1,1,4,2,2,2,3,1,3,4,4,2,4,2,1,2,3,4,3,3,1,3,2,2,2,2,3,3,3,4,1,3,4,1,4,1,1,2,4,3,1,1,2,3,1,1,4,1,3,1,1,1,2,2,4,1,2,1,4,4,4,3,2,2,4,4,3,4,4,3"
99,0.9877030496613249,0.43137254901960786,2253.0,"2,1,2,4,1,1,1,2,2,1,3,4,2,1,1,1,1,4,3,4,4,2,1,4,3,4,4,1,2,2,1,4,4,2,1,4,2,4,1,4,4,3,1,3,4,3,3,1,2,2,1,2,3,2,1,2,1,4,3,3,1,2,4,2,3,4,1,1,2,1,2,2,2,1,1,2,2,1,2,3,2,4,3,1,1,3,1,1,1,1,1,1,3,4,2,1,2,3,2,1,1,3,2,4,3,4,2,1,2,4,2,2,2,2,4,3,1,2,4,1,3,1,4,2,1,4,2,4,1,2,4,2,2,1,3,3,3,4,4,2,2,4,3,1,2,2,3,3,2,3,3,3,4,4,1,4,1,1,1,3,4,2,2,1,2,4,4,4,3,4,2,4,3,2,1,4,3,4,2,2,2,3,4,4,3,3,3,2,3,2,1,2,2,3,2,2,4,2,3,2,2,4,1,4,2,4,3,1,3,2,4,2,4,2,3,1,3,1,2,1,1,1,4,2,4,1,2,2,2,3,1,1,2,3,1,4,3,4,1,1,1,1,2,2,2,1,2,3,4,1,3,1,4,2,3,3,1,4,4,4,4,2,2,4,2,2,4,2,2,4,4,1,1,3,4,3,1,2,3,1,1,4,3,1,1,4,1,2,3,4,4,2,3,2,2,2,2,1,1,1,4,2,2,3,4,4,3,1,1,1,4,1,2,3,1,1,2,3,2,4,1,3,3,3,4,2,1,2,3,1,3,3,1,1,1,3,4,3,2,3,1,2,3,3,4,2,2,4,3,4,2,4,1,1,4,3,2,4,3,3,2,1,3,2,2,3,3,2,1,3,3,2,3,4,2,4,4,3,2,4,2,2,1,1,1,3,2,4,2,1,1,2,1,2,2,2,2,1,3,4,2,2,2,1,4,2,3,4,2,1,3,4,4,4,3,2,4,2,2,2,4,3,1,1,1,1,3,1,1,3,4,3,1,1,2,1,2,2,4,1,1,2,4,4,1,2,3,2,1,1,2,3,2,4,1,1,1,4,3,1,2,3,1,2,3,4,2,2,3,1,2,3,1,1,2,4,2,3,1,4,3,1,4,1,3,1,2,1,1,1,1,4,4,3,1,1,2,4,1,1,2,1,1,2,2,2,2,3,3,3,1,3,1,3,2,3,1,1,2,2,4,4,1,2,4,1,1,2,1,2,1,4,4,2,3,3,1,4,2,3,2,2,3,3,1,1,3,2,2,3,4,1,2,2,1,2,1,1,1,2,4,3,2,3,3,4,4,2,4,3,3,1,3,3,1,4,3,4,1,1,1,4,4,2,1,4,2,2,1,1,4,1,3,2,2,2,3,4,1,1,2,2,1,4,4,3,4,3,3,2,1,3,4,1,2,3,3,3,4,2,3,2,1,1,3,1,1,3,2,2,2,1,1,1,4,2,2,4,1,3,4,1,3,3,4,1,1,3,3,1,1,4,2,2,1,3,1,3,3,4,3,4,2,3,1,2,2,1,2,2,1,2,2,4,1,2,1,3,4,3,1,1,3,3,1,4,1,3,1,1,1,2,3,3,2,2,1,2,3,3,4,1,4,3,4,2,1,2,4,3,3,1,1,1,2,1,2,3,4,4,2,4,2,2,3,2,3,3,2,2,2,3,2,3,4,2,1,3,3,1,3,2,1,3,1,1,3,2,3,4,3,2,4,3,1,4,2,4,1,1,2,2,2,2,2,1,1,1,1,3,1,4,1,4,2,3,1,2,2,4,1,3,2,3,1,3,2,2,2,2,4,2,4,3,1,4,1,3,3,3,3,2,1,2,4,4,2,2,1,3,4,1,3,4,1,2,2,3,3,2,2,3,3,3,4,3,2,2,2,1,3,1,3,1,3,4,1,3,3,2,2,3,1,2,2,1,1,3,3,1,2,2,1,1,2,1,3,1,1,2,1,2,3,4,3,1,4,3,2,4,4,3,2,3,2,1,1,2,1,3,2,4,4,3,3,3,3,4,1,1,3,2,2,2,1,1,1,4,2,3,1,2,2,3,1,1,1,3,1,3,2,2,1,2,1,1,2,1,1,4,1,2,4,4,2,1,2,2,4,2,4,4,4,4,1,3,2,1,1,1,2,3,1,2,3,1,3,4,3,3,4,3,1,2,1,3,3,3,1,4,4,4,1,1,1,1,1,4,2,4,2,3,4,4,1,1,1,1,3,4,3,1,1,3,1,1,2,1,2,3,4,2,4,1,1,1,2,4,3,1,2,3,1,1,2,2,1,4,1,2,2,2,4,3,4,2,4,1,4,1,4,1,4,3,1,1,4,4,1,4,2,4,3,1,3,3,2,2,3,1,3,4,1,1,4,1,2,1,1,1,1,3,3,3,2,4,4,2,1,2,1,1,2,1,3,3,3,3,2,3,1,2,2,3,4,4,3,3,1,1,3,3,4,3,4,3,1,4,4,4,3,2,4,1,3,4,3,2,2,3,3,3,4,3,1,2,4,4,2,2,1,1,1,4,1,1,1,3,3,4,2,1,3,3,4,2,1,3,4,4,3,4,2,4,2,2,3,2,2,1,2,3,2,3,2,2,1,3,2,3,4,1,3,4,1,3,3,2,2,3,3,1,4,1,1,3,1,3,4,1,4,1,4,2,1,2,1,1,1,3,1,1,3,1,3,3,1,2,2,1,1,4,1,2,4,4,3,2,1,1,4,1,4,3,4,1,4,1,1,1,2,3,4,1,1,2,3,2,1,3,3,1,4,3,3,3,4,2,1,2,2,4,2,1,1,4,3,1,4,4,2,4,3,2,1,1,1,2,1,1,3,3,3,3,1,1,4,2,1,2,1,1,3,3,3,3,1,3,3,2,2,4,2,2,2,2,1,4,3,3,3,3,1,3,4,1,1,2,4,2,1,3,2,3,4,1,3,1,2,3,4,1,2,2,2,1,2,4,4,1,2,2,2,2,4,3,3,2,1,4,2,2,3,2,3,2,3,2,1,1,1,4,4,1,1,2,1,3,4,2,2,4,1,1,3,3,1,1,2,2,1,4,2,4,2,3,2,4,4,1,4,3,1,2,2,1,1,3,2,1,2,2,4,2,4,2,3,1,1,2,2,2,1,4,1,3,1,4,3,3,3,4,4,2,1,4,4,2,3,4,4,1,1,1,4,1,3,4,2,4,2,2,4,4,2,3,1,4,2,2,1,1,2,4,2,2,1,1,4,4,1,1,3,4,1,4,1,2,4,3,2,3,3,1,1,2,1,4,2,1,2,1,3,3,4,4,4,2,3,4,1,1,1,4,2,1,4,4,1,1,3,3,3,3,2,2,1,1,4,2,2,2,2,3,1,1,4,2,4,2,1,1,2,2,4,1,3,4,3,3,1,4,3,2,4,3,3,4,1,3,1,1,2,1,4,4,2,3,3,1,3,1,2,3,4,3,2,1,1,4,2,1,3,1,2,2,2,2,2,3,2,4,4,2,4,3,1,1,2,1,3,1,1,1,1,1,1,3,1,1,1,3,3,3,2,4,2,2,1,2,4,3,4,1,3,3,3,3,2,1,2,3,1,3,3,1,1,1,2,4,2,1,4,3,2,1,2,1,3,1,1,3,2,1,3,2,2,2,3,4,1,1,4,2,2,2,3,1,3,4,4,2,4,2,1,2,3,4,3,3,1,3,2,2,2,2,3,3,3,4,1,3,4,1,4,1,1,2,4,3,1,1,2,3,1,1,4,1,3,1,1,1,2,2,4,1,2,1,4,4,4,3,2,2,4,4,3,4,4,3"
100,0.9877030496613249,0.43137254901960786,2253.0,"2,1,2,4,1,1,1,2,2,1,3,4,2,1,1,1,1,4,3,4,4,2,1,4,3,4,4,1,2,2,1,4,4,2,1,4,2,4,1,4,4,3,1,3,4,3,3,1,2,2,1,2,3,2,1,2,1,4,3,3,1,2,4,2,3,4,1,1,2,1,2,2,2,1,1,2,2,1,2,3,2,4,3,1,1,3,1,1,1,1,1,1,3,4,2,1,2,3,2,1,1,3,2,4,3,4,2,1,2,4,2,2,2,2,4,3,1,2,4,1,3,1,4,2,1,4,2,4,1,2,4,2,2,1,3,3,3,4,4,2,2,4,3,1,2,2,3,3,2,3,3,3,4,4,1,4,1,1,1,3,4,2,2,1,2,4,4,4,3,4,2,4,3,2,1,4,3,4,2,2,2,3,4,4,3,3,3,2,3,2,1,2,2,3,2,2,4,2,3,2,2,4,1,4,2,4,3,1,3,2,4,2,4,2,3,1,3,1,2,1,1,1,4,2,4,1,2,2,2,3,1,1,2,3,1,4,3,4,1,1,1,1,2,2,2,1,2,3,4,1,3,1,4,2,3,3,1,4,4,4,4,2,2,4,2,2,4,2,2,4,4,1,1,3,4,3,1,2,3,1,1,4,3,1,1,4,1,2,3,4,4,2,3,2,2,2,2,1,1,1,4,2,2,3,4,4,3,1,1,1,4,1,2,3,1,1,2,3,2,4,1,3,3,3,4,2,1,2,3,1,3,3,1,1,1,3,4,3,2,3,1,2,3,3,4,2,2,4,3,4,2,4,1,1,4,3,2,4,3,3,2,1,3,2,2,3,3,2,1,3,3,2,3,4,2,4,4,3,2,4,2,2,1,1,1,3,2,4,2,1,1,2,1,2,2,2,2,1,3,4,2,2,2,1,4,2,3,4,2,1,3,4,4,4,3,2,4,2,2,2,4,3,1,1,1,1,3,1,1,3,4,3,1,1,2,1,2,2,4,1,1,2,4,4,1,2,3,2,1,1,2,3,2,4,1,1,1,4,3,1,2,3,1,2,3,4,2,2,3,1,2,3,1,1,2,4,2,3,1,4,3,1,4,1,3,1,2,1,1,1,1,4,4,3,1,1,2,4,1,1,2,1,1,2,2,2,2,3,3,3,1,3,1,3,2,3,1,1,2,2,4,4,1,2,4,1,1,2,1,2,1,4,4,2,3,3,1,4,2,3,2,2,3,3,1,1,3,2,2,3,4,1,2,2,1,2,1,1,1,2,4,3,2,3,3,4,4,2,4,3,3,1,3,3,1,4,3,4,1,1,1,4,4,2,1,4,2,2,1,1,4,1,3,2,2,2,3,4,1,1,2,2,1,4,4,3,4,3,3,2,1,3,4,1,2,3,3,3,4,2,3,2,1,1,3,1,1,3,2,2,2,1,1,1,4,2,2,4,1,3,4,1,3,3,4,1,1,3,3,1,1,4,2,2,1,3,1,3,3,4,3,4,2,3,1,2,2,1,2,2,1,2,2,4,1,2,1,3,4,3,1,1,3,3,1,4,1,3,1,1,1,2,3,3,2,2,1,2,3,3,4,1,4,3,4,2,1,2,4,3,3,1,1,1,2,1,2,3,4,4,2,4,2,2,3,2,3,3,2,2,2,3,2,3,4,2,1,3,3,1,3,2,1,3,1,1,3,2,3,4,3,2,4,3,1,4,2,4,1,1,2,2,2,2,2,1,1,1,1,3,1,4,1,4,2,3,1,2,2,4,1,3,2,3,1,3,2,2,2,2,4,2,4,3,1,4,1,3,3,3,3,2,1,2,4,4,2,2,1,3,4,1,3,4,1,2,2,3,3,2,2,3,3,3,4,3,2,2,2,1,3,1,3,1,3,4,1,3,3,2,2,3,1,2,2,1,1,3,3,1,2,2,1,1,2,1,3,1,1,2,1,2,3,4,3,1,4,3,2,4,4,3,2,3,2,1,1,2,1,3,2,4,4,3,3,3,3,4,1,1,3,2,2,2,1,1,1,4,2,3,1,2,2,3,1,1,1,3,1,3,2,2,1,2,1,1,2,1,1,4,1,2,4,4,2,1,2,2,4,2,4,4,4,4,1,3,2,1,1,1,2,3,1,2,3,1,3,4,3,3,4,3,1,2,1,3,3,3,1,4,4,4,1,1,1,1,1,4,2,4,2,3,4,4,1,1,1,1,3,4,3,1,1,3,1,1,2,1,2,3,4,2,4,1,1,1,2,4,3,1,2,3,1,1,2,2,1,4,1,2,2,2,4,3,4,2,4,1,4,1,4,1,4,3,1,1,4,4,1,4,2,4,3,1,3,3,2,2,3,1,3,4,1,1,4,1,2,1,1,1,1,3,3,3,2,4,4,2,1,2,1,1,2,1,3,3,3,3,2,3,1,2,2,3,4,4,3,3,1,1,3,3,4,3,4,3,1,4,4,4,3,2,4,1,3,4,3,2,2,3,3,3,4,3,1,2,4,4,2,2,1,1,1,4,1,1,1,3,3,4,2,1,3,3,4,2,1,3,4,4,3,4,2,4,2,2,3,2,2,1,2,3,2,3,2,2,1,3,2,3,4,1,3,4,1,3,3,2,2,3,3,1,4,1,1,3,1,3,4,1,4,1,4,2,1,2,1,1,1,3,1,1,3,1,3,3,1,2,2,1,1,4,1,2,4,4,3,2,1,1,4,1,4,3,4,1,4,1,1,1,2,3,4,1,1,2,3,2,1,3,3,1,4,3,3,3,4,2,1,2,2,4,2,1,1,4,3,1,4,4,2,4,3,2,1,1,1,2,1,1,3,3,3,3,1,1,4,2,1,2,1,1,3,3,3,3,1,3,3,2,2,4,2,2,2,2,1,4,3,3,3,3,1,3,4,1,1,2,4,2,1,3,2,3,4,1,3,1,2,3,4,1,2,2,2,1,2,4,4,1,2,2,2,2,4,3,3,2,1,4,2,2,3,2,3,2,3,2,1,1,1,4,4,1,1,2,1,3,4,2,2,4,1,1,3,3,1,1,2,2,1,4,2,4,2,3,2,4,4,1,4,3,1,2,2,1,1,3,2,1,2,2,4,2,4,2,3,1,1,2,2,2,1,4,1,3,1,4,3,3,3,4,4,2,1,4,4,2,3,4,4,1,1,1,4,1,3,4,2,4,2,2,4,4,2,3,1,4,2,2,1,1,2,4,2,2,1,1,4,4,1,1,3,4,1,4,1,2,4,3,2,3,3,1,1,2,1,4,2,1,2,1,3,3,4,4,4,2,3,4,1,1,1,4,2,1,4,4,1,1,3,3,3,3,2,2,1,1,4,2,2,2,2,3,1,1,4,2,4,2,1,1,2,2,4,1,3,4,3,3,1,4,3,2,4,3,3,4,1,3,1,1,2,1,4,4,2,3,3,1,3,1,2,3,4,3,2,1,1,4,2,1,3,1,2,2,2,2,2,3,2,4,4,2,4,3,1,1,2,1,3,1,1,1,1,1,1,3,1,1,1,3,3,3,2,4,2,2,1,2,4,3,4,1,3,3,3,3,2,1,2,3,1,3,3,1,1,1,2,4,2,1,4,3,2,1,2,1,3,1,1,3,2,1,3,2,2,2,3,4,1,1,4,2,2,2,3,1,3,4,4,2,4,2,1,2,3,4,3,3,1,3,2,2,2,2,3,3,3,4,1,3,4,1,4,1,1,2,4,3,1,1,2,3,1,1,4,1,3,1,1,1,2,2,4,1,2,1,4,4,4,3,2,2,4,4,3,4,4,3"
101,0.9877030496613249,0.43137254901960786,2253.0,"2,1,2,4,1,1,1,2,2,1,3,4,2,1,1,1,1,4,3,4,4,2,1,4,3,4,4,1,2,2,1,4,4,2,1,4,2,4,1,4,4,3,1,3,4,3,3,1,2,2,1,2,3,2,1,2,1,4,3,3,1,2,4,2,3,4,1,1,2,1,2,2,2,1,1,2,2,1,2,3,2,4,3,1,1,3,1,1,1,1,1,1,3,4,2,1,2,3,2,1,1,3,2,4,3,4,2,1,2,4,2,2,2,2,4,3,1,2,4,1,3,1,4,2,1,4,2,4,1,2,4,2,2,1,3,3,3,4,4,2,2,4,3,1,2,2,3,3,2,3,3,3,4,4,1,4,1,1,1,3,4,2,2,1,2,4,4,4,3,4,2,4,3,2,1,4,3,4,2,2,2,3,4,4,3,3,3,2,3,2,1,2,2,3,2,2,4,2,3,2,2,4,1,4,2,4,3,1,3,2,4,2,4,2,3,1,3,1,2,1,1,1,4,2,4,1,2,2,2,3,1,1,2,3,1,4,3,4,1,1,1,1,2,2,2,1,2,3,4,1,3,1,4,2,3,3,1,4,4,4,4,2,2,4,2,2,4,2,2,4,4,1,1,3,4,3,1,2,3,1,1,4,3,1,1,4,1,2,3,4,4,2,3,2,2,2,2,1,1,1,4,2,2,3,4,4,3,1,1,1,4,1,2,3,1,1,2,3,2,4,1,3,3,3,4,2,1,2,3,1,3,3,1,1,1,3,4,3,2,3,1,2,3,3,4,2,2,4,3,4,2,4,1,1,4,3,2,4,3,3,2,1,3,2,2,3,3,2,1,3,3,2,3,4,2,4,4,3,2,4,2,2,1,1,1,3,2,4,2,1,1,2,1,2,2,2,2,1,3,4,2,2,2,1,4,2,3,4,2,1,3,4,4,4,3,2,4,2,2,2,4,3,1,1,1,1,3,1,1,3,4,3,1,1,2,1,2,2,4,1,1,2,4,4,1,2,3,2,1,1,2,3,2,4,1,1,1,4,3,1,2,3,1,2,3,4,2,2,3,1,2,3,1,1,2,4,2,3,1,4,3,1,4,1,3,1,2,1,1,1,1,4,4,3,1,1,2,4,1,1,2,1,1,2,2,2,2,3,3,3,1,3,1,3,2,3,1,1,2,2,4,4,1,2,4,1,1,2,1,2,1,4,4,2,3,3,1,4,2,3,2,2,3,3,1,1,3,2,2,3,4,1,2,2,1,2,1,1,1,2,4,3,2,3,3,4,4,2,4,3,3,1,3,3,1,4,3,4,1,1,1,4,4,2,1,4,2,2,1,1,4,1,3,2,2,2,3,4,1,1,2,2,1,4,4,3,4,3,3,2,1,3,4,1,2,3,3,3,4,2,3,2,1,1,3,1,1,3,2,2,2,1,1,1,4,2,2,4,1,3,4,1,3,3,4,1,1,3,3,1,1,4,2,2,1,3,1,3,3,4,3,4,2,3,1,2,2,1,2,2,1,2,2,4,1,2,1,3,4,3,1,1,3,3,1,4,1,3,1,1,1,2,3,3,2,2,1,2,3,3,4,1,4,3,4,2,1,2,4,3,3,1,1,1,2,1,2,3,4,4,2,4,2,2,3,2,3,3,2,2,2,3,2,3,4,2,1,3,3,1,3,2,1,3,1,1,3,2,3,4,3,2,4,3,1,4,2,4,1,1,2,2,2,2,2,1,1,1,1,3,1,4,1,4,2,3,1,2,2,4,1,3,2,3,1,3,2,2,2,2,4,2,4,3,1,4,1,3,3,3,3,2,1,2,4,4,2,2,1,3,4,1,3,4,1,2,2,3,3,2,2,3,3,3,4,3,2,2,2,1,3,1,3,1,3,4,1,3,3,2,2,3,1,2,2,1,1,3,3,1,2,2,1,1,2,1,3,1,1,2,1,2,3,4,3,1,4,3,2,4,4,3,2,3,2,1,1,2,1,3,2,4,4,3,3,3,3,4,1,1,3,2,2,2,1,1,1,4,2,3,1,2,2,3,1,1,1,3,1,3,2,2,1,2,1,1,2,1,1,4,1,2,4,4,2,1,2,2,4,2,4,4,4,4,1,3,2,1,1,1,2,3,1,2,3,1,3,4,3,3,4,3,1,2,1,3,3,3,1,4,4,4,1,1,1,1,1,4,2,4,2,3,4,4,1,1,1,1,3,4,3,1,1,3,1,1,2,1,2,3,4,2,4,1,1,1,2,4,3,1,2,3,1,1,2,2,1,4,1,2,2,2,4,3,4,2,4,1,4,1,4,1,4,3,1,1,4,4,1,4,2,4,3,1,3,3,2,2,3,1,3,4,1,1,4,1,2,1,1,1,1,3,3,3,2,4,4,2,1,2,1,1,2,1,3,3,3,3,2,3,1,2,2,3,4,4,3,3,1,1,3,3,4,3,4,3,1,4,4,4,3,2,4,1,3,4,3,2,2,3,3,3,4,3,1,2,4,4,2,2,1,1,1,4,1,1,1,3,3,4,2,1,3,3,4,2,1,3,4,4,3,4,2,4,2,2,3,2,2,1,2,3,2,3,2,2,1,3,2,3,4,1,3,4,1,3,3,2,2,3,3,1,4,1,1,3,1,3,4,1,4,1,4,2,1,2,1,1,1,3,1,1,3,1,3,3,1,2,2,1,1,4,1,2,4,4,3,2,1,1,4,1,4,3,4,1,4,1,1,1,2,3,4,1,1,2,3,2,1,3,3,1,4,3,3,3,4,2,1,2,2,4,2,1,1,4,3,1,4,4,2,4,3,2,1,1,1,2,1,1,3,3,3,3,1,1,4,2,1,2,1,1,3,3,3,3,1,3,3,2,2,4,2,2,2,2,1,4,3,3,3,3,1,3,4,1,1,2,4,2,1,3,2,3,4,1,3,1,2,3,4,1,2,2,2,1,2,4,4,1,2,2,2,2,4,3,3,2,1,4,2,2,3,2,3,2,3,2,1,1,1,4,4,1,1,2,1,3,4,2,2,4,1,1,3,3,1,1,2,2,1,4,2,4,2,3,2,4,4,1,4,3,1,2,2,1,1,3,2,1,2,2,4,2,4,2,3,1,1,2,2,2,1,4,1,3,1,4,3,3,3,4,4,2,1,4,4,2,3,4,4,1,1,1,4,1,3,4,2,4,2,2,4,4,2,3,1,4,2,2,1,1,2,4,2,2,1,1,4,4,1,1,3,4,1,4,1,2,4,3,2,3,3,1,1,2,1,4,2,1,2,1,3,3,4,4,4,2,3,4,1,1,1,4,2,1,4,4,1,1,3,3,3,3,2,2,1,1,4,2,2,2,2,3,1,1,4,2,4,2,1,1,2,2,4,1,3,4,3,3,1,4,3,2,4,3,3,4,1,3,1,1,2,1,4,4,2,3,3,1,3,1,2,3,4,3,2,1,1,4,2,1,3,1,2,2,2,2,2,3,2,4,4,2,4,3,1,1,2,1,3,1,1,1,1,1,1,3,1,1,1,3,3,3,2,4,2,2,1,2,4,3,4,1,3,3,3,3,2,1,2,3,1,3,3,1,1,1,2,4,2,1,4,3,2,1,2,1,3,1,1,3,2,1,3,2,2,2,3,4,1,1,4,2,2,2,3,1,3,4,4,2,4,2,1,2,3,4,3,3,1,3,2,2,2,2,3,3,3,4,1,3,4,1,4,1,1,2,4,3,1,1,2,3,1,1,4,1,3,1,1,1,2,2,4,1,2,1,4,4,4,3,2,2,4,4,3,4,4,3"
102,0.9877030496613249,0.43137254901960786,2253.0,"2,1,2,4,1,1,1,2,2,1,3,4,2,1,1,1,1,4,3,4,4,2,1,4,3,4,4,1,2,2,1,4,4,2,1,4,2,4,1,4,4,3,1,3,4,3,3,1,2,2,1,2,3,2,1,2,1,4,3,3,1,2,4,2,3,4,1,1,2,1,2,2,2,1,1,2,2,1,2,3,2,4,3,1,1,3,1,1,1,1,1,1,3,4,2,1,2,3,2,1,1,3,2,4,3,4,2,1,2,4,2,2,2,2,4,3,1,2,4,1,3,1,4,2,1,4,2,4,1,2,4,2,2,1,3,3,3,4,4,2,2,4,3,1,2,2,3,3,2,3,3,3,4,4,1,4,1,1,1,3,4,2,2,1,2,4,4,4,3,4,2,4,3,2,1,4,3,4,2,2,2,3,4,4,3,3,3,2,3,2,1,2,2,3,2,2,4,2,3,2,2,4,1,4,2,4,3,1,3,2,4,2,4,2,3,1,3,1,2,1,1,1,4,2,4,1,2,2,2,3,1,1,2,3,1,4,3,4,1,1,1,1,2,2,2,1,2,3,4,1,3,1,4,2,3,3,1,4,4,4,4,2,2,4,2,2,4,2,2,4,4,1,1,3,4,3,1,2,3,1,1,4,3,1,1,4,1,2,3,4,4,2,3,2,2,2,2,1,1,1,4,2,2,3,4,4,3,1,1,1,4,1,2,3,1,1,2,3,2,4,1,3,3,3,4,2,1,2,3,1,3,3,1,1,1,3,4,3,2,3,1,2,3,3,4,2,2,4,3,4,2,4,1,1,4,3,2,4,3,3,2,1,3,2,2,3,3,2,1,3,3,2,3,4,2,4,4,3,2,4,2,2,1,1,1,3,2,4,2,1,1,2,1,2,2,2,2,1,3,4,2,2,2,1,4,2,3,4,2,1,3,4,4,4,3,2,4,2,2,2,4,3,1,1,1,1,3,1,1,3,4,3,1,1,2,1,2,2,4,1,1,2,4,4,1,2,3,2,1,1,2,3,2,4,1,1,1,4,3,1,2,3,1,2,3,4,2,2,3,1,2,3,1,1,2,4,2,3,1,4,3,1,4,1,3,1,2,1,1,1,1,4,4,3,1,1,2,4,1,1,2,1,1,2,2,2,2,3,3,3,1,3,1,3,2,3,1,1,2,2,4,4,1,2,4,1,1,2,1,2,1,4,4,2,3,3,1,4,2,3,2,2,3,3,1,1,3,2,2,3,4,1,2,2,1,2,1,1,1,2,4,3,2,3,3,4,4,2,4,3,3,1,3,3,1,4,3,4,1,1,1,4,4,2,1,4,2,2,1,1,4,1,3,2,2,2,3,4,1,1,2,2,1,4,4,3,4,3,3,2,1,3,4,1,2,3,3,3,4,2,3,2,1,1,3,1,1,3,2,2,2,1,1,1,4,2,2,4,1,3,4,1,3,3,4,1,1,3,3,1,1,4,2,2,1,3,1,3,3,4,3,4,2,3,1,2,2,1,2,2,1,2,2,4,1,2,1,3,4,3,1,1,3,3,1,4,1,3,1,1,1,2,3,3,2,2,1,2,3,3,4,1,4,3,4,2,1,2,4,3,3,1,1,1,2,1,2,3,4,4,2,4,2,2,3,2,3,3,2,2,2,3,2,3,4,2,1,3,3,1,3,2,1,3,1,1,3,2,3,4,3,2,4,3,1,4,2,4,1,1,2,2,2,2,2,1,1,1,1,3,1,4,1,4,2,3,1,2,2,4,1,3,2,3,1,3,2,2,2,2,4,2,4,3,1,4,1,3,3,3,3,2,1,2,4,4,2,2,1,3,4,1,3,4,1,2,2,3,3,2,2,3,3,3,4,3,2,2,2,1,3,1,3,1,3,4,1,3,3,2,2,3,1,2,2,1,1,3,3,1,2,2,1,1,2,1,3,1,1,2,1,2,3,4,3,1,4,3,2,4,4,3,2,3,2,1,1,2,1,3,2,4,4,3,3,3,3,4,1,1,3,2,2,2,1,1,1,4,2,3,1,2,2,3,1,1,1,3,1,3,2,2,1,2,1,1,2,1,1,4,1,2,4,4,2,1,2,2,4,2,4,4,4,4,1,3,2,1,1,1,2,3,1,2,3,1,3,4,3,3,4,3,1,2,1,3,3,3,1,4,4,4,1,1,1,1,1,4,2,4,2,3,4,4,1,1,1,1,3,4,3,1,1,3,1,1,2,1,2,3,4,2,4,1,1,1,2,4,3,1,2,3,1,1,2,2,1,4,1,2,2,2,4,3,4,2,4,1,4,1,4,1,4,3,1,1,4,4,1,4,2,4,3,1,3,3,2,2,3,1,3,4,1,1,4,1,2,1,1,1,1,3,3,3,2,4,4,2,1,2,1,1,2,1,3,3,3,3,2,3,1,2,2,3,4,4,3,3,1,1,3,3,4,3,4,3,1,4,4,4,3,2,4,1,3,4,3,2,2,3,3,3,4,3,1,2,4,4,2,2,1,1,1,4,1,1,1,3,3,4,2,1,3,3,4,2,1,3,4,4,3,4,2,4,2,2,3,2,2,1,2,3,2,3,2,2,1,3,2,3,4,1,3,4,1,3,3,2,2,3,3,1,4,1,1,3,1,3,4,1,4,1,4,2,1,2,1,1,1,3,1,1,3,1,3,3,1,2,2,1,1,4,1,2,4,4,3,2,1,1,4,1,4,3,4,1,4,1,1,1,2,3,4,1,1,2,3,2,1,3,3,1,4,3,3,3,4,2,1,2,2,4,2,1,1,4,3,1,4,4,2,4,3,2,1,1,1,2,1,1,3,3,3,3,1,1,4,2,1,2,1,1,3,3,3,3,1,3,3,2,2,4,2,2,2,2,1,4,3,3,3,3,1,3,4,1,1,2,4,2,1,3,2,3,4,1,3,1,2,3,4,1,2,2,2,1,2,4,4,1,2,2,2,2,4,3,3,2,1,4,2,2,3,2,3,2,3,2,1,1,1,4,4,1,1,2,1,3,4,2,2,4,1,1,3,3,1,1,2,2,1,4,2,4,2,3,2,4,4,1,4,3,1,2,2,1,1,3,2,1,2,2,4,2,4,2,3,1,1,2,2,2,1,4,1,3,1,4,3,3,3,4,4,2,1,4,4,2,3,4,4,1,1,1,4,1,3,4,2,4,2,2,4,4,2,3,1,4,2,2,1,1,2,4,2,2,1,1,4,4,1,1,3,4,1,4,1,2,4,3,2,3,3,1,1,2,1,4,2,1,2,1,3,3,4,4,4,2,3,4,1,1,1,4,2,1,4,4,1,1,3,3,3,3,2,2,1,1,4,2,2,2,2,3,1,1,4,2,4,2,1,1,2,2,4,1,3,4,3,3,1,4,3,2,4,3,3,4,1,3,1,1,2,1,4,4,2,3,3,1,3,1,2,3,4,3,2,1,1,4,2,1,3,1,2,2,2,2,2,3,2,4,4,2,4,3,1,1,2,1,3,1,1,1,1,1,1,3,1,1,1,3,3,3,2,4,2,2,1,2,4,3,4,1,3,3,3,3,2,1,2,3,1,3,3,1,1,1,2,4,2,1,4,3,2,1,2,1,3,1,1,3,2,1,3,2,2,2,3,4,1,1,4,2,2,2,3,1,3,4,4,2,4,2,1,2,3,4,3,3,1,3,2,2,2,2,3,3,3,4,1,3,4,1,4,1,1,2,4,3,1,1,2,3,1,1,4,1,3,1,1,1,2,2,4,1,2,1,4,4,4,3,2,2,4,4,3,4,4,3"
103,0.9877030496613249,0.43137254901960786,2253.0,"2,1,2,4,1,1,1,2,2,1,3,4,2,1,1,1,1,4,3,4,4,2,1,4,3,4,4,1,2,2,1,4,4,2,1,4,2,4,1,4,4,3,1,3,4,3,3,1,2,2,1,2,3,2,1,2,1,4,3,3,1,2,4,2,3,4,1,1,2,1,2,2,2,1,1,2,2,1,2,3,2,4,3,1,1,3,1,1,1,1,1,1,3,4,2,1,2,3,2,1,1,3,2,4,3,4,2,1,2,4,2,2,2,2,4,3,1,2,4,1,3,1,4,2,1,4,2,4,1,2,4,2,2,1,3,3,3,4,4,2,2,4,3,1,2,2,3,3,2,3,3,3,4,4,1,4,1,1,1,3,4,2,2,1,2,4,4,4,3,4,2,4,3,2,1,4,3,4,2,2,2,3,4,4,3,3,3,2,3,2,1,2,2,3,2,2,4,2,3,2,2,4,1,4,2,4,3,1,3,2,4,2,4,2,3,1,3,1,2,1,1,1,4,2,4,1,2,2,2,3,1,1,2,3,1,4,3,4,1,1,1,1,2,2,2,1,2,3,4,1,3,1,4,2,3,3,1,4,4,4,4,2,2,4,2,2,4,2,2,4,4,1,1,3,4,3,1,2,3,1,1,4,3,1,1,4,1,2,3,4,4,2,3,2,2,2,2,1,1,1,4,2,2,3,4,4,3,1,1,1,4,1,2,3,1,1,2,3,2,4,1,3,3,3,4,2,1,2,3,1,3,3,1,1,1,3,4,3,2,3,1,2,3,3,4,2,2,4,3,4,2,4,1,1,4,3,2,4,3,3,2,1,3,2,2,3,3,2,1,3,3,2,3,4,2,4,4,3,2,4,2,2,1,1,1,3,2,4,2,1,1,2,1,2,2,2,2,1,3,4,2,2,2,1,4,2,3,4,2,1,3,4,4,4,3,2,4,2,2,2,4,3,1,1,1,1,3,1,1,3,4,3,1,1,2,1,2,2,4,1,1,2,4,4,1,2,3,2,1,1,2,3,2,4,1,1,1,4,3,1,2,3,1,2,3,4,2,2,3,1,2,3,1,1,2,4,2,3,1,4,3,1,4,1,3,1,2,1,1,1,1,4,4,3,1,1,2,4,1,1,2,1,1,2,2,2,2,3,3,3,1,3,1,3,2,3,1,1,2,2,4,4,1,2,4,1,1,2,1,2,1,4,4,2,3,3,1,4,2,3,2,2,3,3,1,1,3,2,2,3,4,1,2,2,1,2,1,1,1,2,4,3,2,3,3,4,4,2,4,3,3,1,3,3,1,4,3,4,1,1,1,4,4,2,1,4,2,2,1,1,4,1,3,2,2,2,3,4,1,1,2,2,1,4,4,3,4,3,3,2,1,3,4,1,2,3,3,3,4,2,3,2,1,1,3,1,1,3,2,2,2,1,1,1,4,2,2,4,1,3,4,1,3,3,4,1,1,3,3,1,1,4,2,2,1,3,1,3,3,4,3,4,2,3,1,2,2,1,2,2,1,2,2,4,1,2,1,3,4,3,1,1,3,3,1,4,1,3,1,1,1,2,3,3,2,2,1,2,3,3,4,1,4,3,4,2,1,2,4,3,3,1,1,1,2,1,2,3,4,4,2,4,2,2,3,2,3,3,2,2,2,3,2,3,4,2,1,3,3,1,3,2,1,3,1,1,3,2,3,4,3,2,4,3,1,4,2,4,1,1,2,2,2,2,2,1,1,1,1,3,1,4,1,4,2,3,1,2,2,4,1,3,2,3,1,3,2,2,2,2,4,2,4,3,1,4,1,3,3,3,3,2,1,2,4,4,2,2,1,3,4,1,3,4,1,2,2,3,3,2,2,3,3,3,4,3,2,2,2,1,3,1,3,1,3,4,1,3,3,2,2,3,1,2,2,1,1,3,3,1,2,2,1,1,2,1,3,1,1,2,1,2,3,4,3,1,4,3,2,4,4,3,2,3,2,1,1,2,1,3,2,4,4,3,3,3,3,4,1,1,3,2,2,2,1,1,1,4,2,3,1,2,2,3,1,1,1,3,1,3,2,2,1,2,1,1,2,1,1,4,1,2,4,4,2,1,2,2,4,2,4,4,4,4,1,3,2,1,1,1,2,3,1,2,3,1,3,4,3,3,4,3,1,2,1,3,3,3,1,4,4,4,1,1,1,1,1,4,2,4,2,3,4,4,1,1,1,1,3,4,3,1,1,3,1,1,2,1,2,3,4,2,4,1,1,1,2,4,3,1,2,3,1,1,2,2,1,4,1,2,2,2,4,3,4,2,4,1,4,1,4,1,4,3,1,1,4,4,1,4,2,4,3,1,3,3,2,2,3,1,3,4,1,1,4,1,2,1,1,1,1,3,3,3,2,4,4,2,1,2,1,1,2,1,3,3,3,3,2,3,1,2,2,3,4,4,3,3,1,1,3,3,4,3,4,3,1,4,4,4,3,2,4,1,3,4,3,2,2,3,3,3,4,3,1,2,4,4,2,2,1,1,1,4,1,1,1,3,3,4,2,1,3,3,4,2,1,3,4,4,3,4,2,4,2,2,3,2,2,1,2,3,2,3,2,2,1,3,2,3,4,1,3,4,1,3,3,2,2,3,3,1,4,1,1,3,1,3,4,1,4,1,4,2,1,2,1,1,1,3,1,1,3,1,3,3,1,2,2,1,1,4,1,2,4,4,3,2,1,1,4,1,4,3,4,1,4,1,1,1,2,3,4,1,1,2,3,2,1,3,3,1,4,3,3,3,4,2,1,2,2,4,2,1,1,4,3,1,4,4,2,4,3,2,1,1,1,2,1,1,3,3,3,3,1,1,4,2,1,2,1,1,3,3,3,3,1,3,3,2,2,4,2,2,2,2,1,4,3,3,3,3,1,3,4,1,1,2,4,2,1,3,2,3,4,1,3,1,2,3,4,1,2,2,2,1,2,4,4,1,2,2,2,2,4,3,3,2,1,4,2,2,3,2,3,2,3,2,1,1,1,4,4,1,1,2,1,3,4,2,2,4,1,1,3,3,1,1,2,2,1,4,2,4,2,3,2,4,4,1,4,3,1,2,2,1,1,3,2,1,2,2,4,2,4,2,3,1,1,2,2,2,1,4,1,3,1,4,3,3,3,4,4,2,1,4,4,2,3,4,4,1,1,1,4,1,3,4,2,4,2,2,4,4,2,3,1,4,2,2,1,1,2,4,2,2,1,1,4,4,1,1,3,4,1,4,1,2,4,3,2,3,3,1,1,2,1,4,2,1,2,1,3,3,4,4,4,2,3,4,1,1,1,4,2,1,4,4,1,1,3,3,3,3,2,2,1,1,4,2,2,2,2,3,1,1,4,2,4,2,1,1,2,2,4,1,3,4,3,3,1,4,3,2,4,3,3,4,1,3,1,1,2,1,4,4,2,3,3,1,3,1,2,3,4,3,2,1,1,4,2,1,3,1,2,2,2,2,2,3,2,4,4,2,4,3,1,1,2,1,3,1,1,1,1,1,1,3,1,1,1,3,3,3,2,4,2,2,1,2,4,3,4,1,3,3,3,3,2,1,2,3,1,3,3,1,1,1,2,4,2,1,4,3,2,1,2,1,3,1,1,3,2,1,3,2,2,2,3,4,1,1,4,2,2,2,3,1,3,4,4,2,4,2,1,2,3,4,3,3,1,3,2,2,2,2,3,3,3,4,1,3,4,1,4,1,1,2,4,3,1,1,2,3,1,1,4,1,3,1,1,1,2,2,4,1,2,1,4,4,4,3,2,2,4,4,3,4,4,3"
104,0.9877030496613249,0.43137254901960786,2253.0,"2,1,2,4,1,1,1,2,2,1,3,4,2,1,1,1,1,4,3,4,4,2,1,4,3,4,4,1,2,2,1,4,4,2,1,4,2,4,1,4,4,3,1,3,4,3,3,1,2,2,1,2,3,2,1,2,1,4,3,3,1,2,4,2,3,4,1,1,2,1,2,2,2,1,1,2,2,1,2,3,2,4,3,1,1,3,1,1,1,1,1,1,3,4,2,1,2,3,2,1,1,3,2,4,3,4,2,1,2,4,2,2,2,2,4,3,1,2,4,1,3,1,4,2,1,4,2,4,1,2,4,2,2,1,3,3,3,4,4,2,2,4,3,1,2,2,3,3,2,3,3,3,4,4,1,4,1,1,1,3,4,2,2,1,2,4,4,4,3,4,2,4,3,2,1,4,3,4,2,2,2,3,4,4,3,3,3,2,3,2,1,2,2,3,2,2,4,2,3,2,2,4,1,4,2,4,3,1,3,2,4,2,4,2,3,1,3,1,2,1,1,1,4,2,4,1,2,2,2,3,1,1,2,3,1,4,3,4,1,1,1,1,2,2,2,1,2,3,4,1,3,1,4,2,3,3,1,4,4,4,4,2,2,4,2,2,4,2,2,4,4,1,1,3,4,3,1,2,3,1,1,4,3,1,1,4,1,2,3,4,4,2,3,2,2,2,2,1,1,1,4,2,2,3,4,4,3,1,1,1,4,1,2,3,1,1,2,3,2,4,1,3,3,3,4,2,1,2,3,1,3,3,1,1,1,3,4,3,2,3,1,2,3,3,4,2,2,4,3,4,2,4,1,1,4,3,2,4,3,3,2,1,3,2,2,3,3,2,1,3,3,2,3,4,2,4,4,3,2,4,2,2,1,1,1,3,2,4,2,1,1,2,1,2,2,2,2,1,3,4,2,2,2,1,4,2,3,4,2,1,3,4,4,4,3,2,4,2,2,2,4,3,1,1,1,1,3,1,1,3,4,3,1,1,2,1,2,2,4,1,1,2,4,4,1,2,3,2,1,1,2,3,2,4,1,1,1,4,3,1,2,3,1,2,3,4,2,2,3,1,2,3,1,1,2,4,2,3,1,4,3,1,4,1,3,1,2,1,1,1,1,4,4,3,1,1,2,4,1,1,2,1,1,2,2,2,2,3,3,3,1,3,1,3,2,3,1,1,2,2,4,4,1,2,4,1,1,2,1,2,1,4,4,2,3,3,1,4,2,3,2,2,3,3,1,1,3,2,2,3,4,1,2,2,1,2,1,1,1,2,4,3,2,3,3,4,4,2,4,3,3,1,3,3,1,4,3,4,1,1,1,4,4,2,1,4,2,2,1,1,4,1,3,2,2,2,3,4,1,1,2,2,1,4,4,3,4,3,3,2,1,3,4,1,2,3,3,3,4,2,3,2,1,1,3,1,1,3,2,2,2,1,1,1,4,2,2,4,1,3,4,1,3,3,4,1,1,3,3,1,1,4,2,2,1,3,1,3,3,4,3,4,2,3,1,2,2,1,2,2,1,2,2,4,1,2,1,3,4,3,1,1,3,3,1,4,1,3,1,1,1,2,3,3,2,2,1,2,3,3,4,1,4,3,4,2,1,2,4,3,3,1,1,1,2,1,2,3,4,4,2,4,2,2,3,2,3,3,2,2,2,3,2,3,4,2,1,3,3,1,3,2,1,3,1,1,3,2,3,4,3,2,4,3,1,4,2,4,1,1,2,2,2,2,2,1,1,1,1,3,1,4,1,4,2,3,1,2,2,4,1,3,2,3,1,3,2,2,2,2,4,2,4,3,1,4,1,3,3,3,3,2,1,2,4,4,2,2,1,3,4,1,3,4,1,2,2,3,3,2,2,3,3,3,4,3,2,2,2,1,3,1,3,1,3,4,1,3,3,2,2,3,1,2,2,1,1,3,3,1,2,2,1,1,2,1,3,1,1,2,1,2,3,4,3,1,4,3,2,4,4,3,2,3,2,1,1,2,1,3,2,4,4,3,3,3,3,4,1,1,3,2,2,2,1,1,1,4,2,3,1,2,2,3,1,1,1,3,1,3,2,2,1,2,1,1,2,1,1,4,1,2,4,4,2,1,2,2,4,2,4,4,4,4,1,3,2,1,1,1,2,3,1,2,3,1,3,4,3,3,4,3,1,2,1,3,3,3,1,4,4,4,1,1,1,1,1,4,2,4,2,3,4,4,1,1,1,1,3,4,3,1,1,3,1,1,2,1,2,3,4,2,4,1,1,1,2,4,3,1,2,3,1,1,2,2,1,4,1,2,2,2,4,3,4,2,4,1,4,1,4,1,4,3,1,1,4,4,1,4,2,4,3,1,3,3,2,2,3,1,3,4,1,1,4,1,2,1,1,1,1,3,3,3,2,4,4,2,1,2,1,1,2,1,3,3,3,3,2,3,1,2,2,3,4,4,3,3,1,1,3,3,4,3,4,3,1,4,4,4,3,2,4,1,3,4,3,2,2,3,3,3,4,3,1,2,4,4,2,2,1,1,1,4,1,1,1,3,3,4,2,1,3,3,4,2,1,3,4,4,3,4,2,4,2,2,3,2,2,1,2,3,2,3,2,2,1,3,2,3,4,1,3,4,1,3,3,2,2,3,3,1,4,1,1,3,1,3,4,1,4,1,4,2,1,2,1,1,1,3,1,1,3,1,3,3,1,2,2,1,1,4,1,2,4,4,3,2,1,1,4,1,4,3,4,1,4,1,1,1,2,3,4,1,1,2,3,2,1,3,3,1,4,3,3,3,4,2,1,2,2,4,2,1,1,4,3,1,4,4,2,4,3,2,1,1,1,2,1,1,3,3,3,3,1,1,4,2,1,2,1,1,3,3,3,3,1,3,3,2,2,4,2,2,2,2,1,4,3,3,3,3,1,3,4,1,1,2,4,2,1,3,2,3,4,1,3,1,2,3,4,1,2,2,2,1,2,4,4,1,2,2,2,2,4,3,3,2,1,4,2,2,3,2,3,2,3,2,1,1,1,4,4,1,1,2,1,3,4,2,2,4,1,1,3,3,1,1,2,2,1,4,2,4,2,3,2,4,4,1,4,3,1,2,2,1,1,3,2,1,2,2,4,2,4,2,3,1,1,2,2,2,1,4,1,3,1,4,3,3,3,4,4,2,1,4,4,2,3,4,4,1,1,1,4,1,3,4,2,4,2,2,4,4,2,3,1,4,2,2,1,1,2,4,2,2,1,1,4,4,1,1,3,4,1,4,1,2,4,3,2,3,3,1,1,2,1,4,2,1,2,1,3,3,4,4,4,2,3,4,1,1,1,4,2,1,4,4,1,1,3,3,3,3,2,2,1,1,4,2,2,2,2,3,1,1,4,2,4,2,1,1,2,2,4,1,3,4,3,3,1,4,3,2,4,3,3,4,1,3,1,1,2,1,4,4,2,3,3,1,3,1,2,3,4,3,2,1,1,4,2,1,3,1,2,2,2,2,2,3,2,4,4,2,4,3,1,1,2,1,3,1,1,1,1,1,1,3,1,1,1,3,3,3,2,4,2,2,1,2,4,3,4,1,3,3,3,3,2,1,2,3,1,3,3,1,1,1,2,4,2,1,4,3,2,1,2,1,3,1,1,3,2,1,3,2,2,2,3,4,1,1,4,2,2,2,3,1,3,4,4,2,4,2,1,2,3,4,3,3,1,3,2,2,2,2,3,3,3,4,1,3,4,1,4,1,1,2,4,3,1,1,2,3,1,1,4,1,3,1,1,1,2,2,4,1,2,1,4,4,4,3,2,2,4,4,3,4,4,3"
105,0.9877030496613249,0.43137254901960786,2253.0,"2,1,2,4,1,1,1,2,2,1,3,4,2,1,1,1,1,4,3,4,4,2,1,4,3,4,4,1,2,2,1,4,4,2,1,4,2,4,1,4,4,3,1,3,4,3,3,1,2,2,1,2,3,2,1,2,1,4,3,3,1,2,4,2,3,4,1,1,2,1,2,2,2,1,1,2,2,1,2,3,2,4,3,1,1,3,1,1,1,1,1,1,3,4,2,1,2,3,2,1,1,3,2,4,3,4,2,1,2,4,2,2,2,2,4,3,1,2,4,1,3,1,4,2,1,4,2,4,1,2,4,2,2,1,3,3,3,4,4,2,2,4,3,1,2,2,3,3,2,3,3,3,4,4,1,4,1,1,1,3,4,2,2,1,2,4,4,4,3,4,2,4,3,2,1,4,3,4,2,2,2,3,4,4,3,3,3,2,3,2,1,2,2,3,2,2,4,2,3,2,2,4,1,4,2,4,3,1,3,2,4,2,4,2,3,1,3,1,2,1,1,1,4,2,4,1,2,2,2,3,1,1,2,3,1,4,3,4,1,1,1,1,2,2,2,1,2,3,4,1,3,1,4,2,3,3,1,4,4,4,4,2,2,4,2,2,4,2,2,4,4,1,1,3,4,3,1,2,3,1,1,4,3,1,1,4,1,2,3,4,4,2,3,2,2,2,2,1,1,1,4,2,2,3,4,4,3,1,1,1,4,1,2,3,1,1,2,3,2,4,1,3,3,3,4,2,1,2,3,1,3,3,1,1,1,3,4,3,2,3,1,2,3,3,4,2,2,4,3,4,2,4,1,1,4,3,2,4,3,3,2,1,3,2,2,3,3,2,1,3,3,2,3,4,2,4,4,3,2,4,2,2,1,1,1,3,2,4,2,1,1,2,1,2,2,2,2,1,3,4,2,2,2,1,4,2,3,4,2,1,3,4,4,4,3,2,4,2,2,2,4,3,1,1,1,1,3,1,1,3,4,3,1,1,2,1,2,2,4,1,1,2,4,4,1,2,3,2,1,1,2,3,2,4,1,1,1,4,3,1,2,3,1,2,3,4,2,2,3,1,2,3,1,1,2,4,2,3,1,4,3,1,4,1,3,1,2,1,1,1,1,4,4,3,1,1,2,4,1,1,2,1,1,2,2,2,2,3,3,3,1,3,1,3,2,3,1,1,2,2,4,4,1,2,4,1,1,2,1,2,1,4,4,2,3,3,1,4,2,3,2,2,3,3,1,1,3,2,2,3,4,1,2,2,1,2,1,1,1,2,4,3,2,3,3,4,4,2,4,3,3,1,3,3,1,4,3,4,1,1,1,4,4,2,1,4,2,2,1,1,4,1,3,2,2,2,3,4,1,1,2,2,1,4,4,3,4,3,3,2,1,3,4,1,2,3,3,3,4,2,3,2,1,1,3,1,1,3,2,2,2,1,1,1,4,2,2,4,1,3,4,1,3,3,4,1,1,3,3,1,1,4,2,2,1,3,1,3,3,4,3,4,2,3,1,2,2,1,2,2,1,2,2,4,1,2,1,3,4,3,1,1,3,3,1,4,1,3,1,1,1,2,3,3,2,2,1,2,3,3,4,1,4,3,4,2,1,2,4,3,3,1,1,1,2,1,2,3,4,4,2,4,2,2,3,2,3,3,2,2,2,3,2,3,4,2,1,3,3,1,3,2,1,3,1,1,3,2,3,4,3,2,4,3,1,4,2,4,1,1,2,2,2,2,2,1,1,1,1,3,1,4,1,4,2,3,1,2,2,4,1,3,2,3,1,3,2,2,2,2,4,2,4,3,1,4,1,3,3,3,3,2,1,2,4,4,2,2,1,3,4,1,3,4,1,2,2,3,3,2,2,3,3,3,4,3,2,2,2,1,3,1,3,1,3,4,1,3,3,2,2,3,1,2,2,1,1,3,3,1,2,2,1,1,2,1,3,1,1,2,1,2,3,4,3,1,4,3,2,4,4,3,2,3,2,1,1,2,1,3,2,4,4,3,3,3,3,4,1,1,3,2,2,2,1,1,1,4,2,3,1,2,2,3,1,1,1,3,1,3,2,2,1,2,1,1,2,1,1,4,1,2,4,4,2,1,2,2,4,2,4,4,4,4,1,3,2,1,1,1,2,3,1,2,3,1,3,4,3,3,4,3,1,2,1,3,3,3,1,4,4,4,1,1,1,1,1,4,2,4,2,3,4,4,1,1,1,1,3,4,3,1,1,3,1,1,2,1,2,3,4,2,4,1,1,1,2,4,3,1,2,3,1,1,2,2,1,4,1,2,2,2,4,3,4,2,4,1,4,1,4,1,4,3,1,1,4,4,1,4,2,4,3,1,3,3,2,2,3,1,3,4,1,1,4,1,2,1,1,1,1,3,3,3,2,4,4,2,1,2,1,1,2,1,3,3,3,3,2,3,1,2,2,3,4,4,3,3,1,1,3,3,4,3,4,3,1,4,4,4,3,2,4,1,3,4,3,2,2,3,3,3,4,3,1,2,4,4,2,2,1,1,1,4,1,1,1,3,3,4,2,1,3,3,4,2,1,3,4,4,3,4,2,4,2,2,3,2,2,1,2,3,2,3,2,2,1,3,2,3,4,1,3,4,1,3,3,2,2,3,3,1,4,1,1,3,1,3,4,1,4,1,4,2,1,2,1,1,1,3,1,1,3,1,3,3,1,2,2,1,1,4,1,2,4,4,3,2,1,1,4,1,4,3,4,1,4,1,1,1,2,3,4,1,1,2,3,2,1,3,3,1,4,3,3,3,4,2,1,2,2,4,2,1,1,4,3,1,4,4,2,4,3,2,1,1,1,2,1,1,3,3,3,3,1,1,4,2,1,2,1,1,3,3,3,3,1,3,3,2,2,4,2,2,2,2,1,4,3,3,3,3,1,3,4,1,1,2,4,2,1,3,2,3,4,1,3,1,2,3,4,1,2,2,2,1,2,4,4,1,2,2,2,2,4,3,3,2,1,4,2,2,3,2,3,2,3,2,1,1,1,4,4,1,1,2,1,3,4,2,2,4,1,1,3,3,1,1,2,2,1,4,2,4,2,3,2,4,4,1,4,3,1,2,2,1,1,3,2,1,2,2,4,2,4,2,3,1,1,2,2,2,1,4,1,3,1,4,3,3,3,4,4,2,1,4,4,2,3,4,4,1,1,1,4,1,3,4,2,4,2,2,4,4,2,3,1,4,2,2,1,1,2,4,2,2,1,1,4,4,1,1,3,4,1,4,1,2,4,3,2,3,3,1,1,2,1,4,2,1,2,1,3,3,4,4,4,2,3,4,1,1,1,4,2,1,4,4,1,1,3,3,3,3,2,2,1,1,4,2,2,2,2,3,1,1,4,2,4,2,1,1,2,2,4,1,3,4,3,3,1,4,3,2,4,3,3,4,1,3,1,1,2,1,4,4,2,3,3,1,3,1,2,3,4,3,2,1,1,4,2,1,3,1,2,2,2,2,2,3,2,4,4,2,4,3,1,1,2,1,3,1,1,1,1,1,1,3,1,1,1,3,3,3,2,4,2,2,1,2,4,3,4,1,3,3,3,3,2,1,2,3,1,3,3,1,1,1,2,4,2,1,4,3,2,1,2,1,3,1,1,3,2,1,3,2,2,2,3,4,1,1,4,2,2,2,3,1,3,4,4,2,4,2,1,2,3,4,3,3,1,3,2,2,2,2,3,3,3,4,1,3,4,1,4,1,1,2,4,3,1,1,2,3,1,1,4,1,3,1,1,1,2,2,4,1,2,1,4,4,4,3,2,2,4,4,3,4,4,3"
106,0.9877030496613249,0.43137254901960786,2253.0,"2,1,2,4,1,1,1,2,2,1,3,4,2,1,1,1,1,4,3,4,4,2,1,4,3,4,4,1,2,2,1,4,4,2,1,4,2,4,1,4,4,3,1,3,4,3,3,1,2,2,1,2,3,2,1,2,1,4,3,3,1,2,4,2,3,4,1,1,2,1,2,2,2,1,1,2,2,1,2,3,2,4,3,1,1,3,1,1,1,1,1,1,3,4,2,1,2,3,2,1,1,3,2,4,3,4,2,1,2,4,2,2,2,2,4,3,1,2,4,1,3,1,4,2,1,4,2,4,1,2,4,2,2,1,3,3,3,4,4,2,2,4,3,1,2,2,3,3,2,3,3,3,4,4,1,4,1,1,1,3,4,2,2,1,2,4,4,4,3,4,2,4,3,2,1,4,3,4,2,2,2,3,4,4,3,3,3,2,3,2,1,2,2,3,2,2,4,2,3,2,2,4,1,4,2,4,3,1,3,2,4,2,4,2,3,1,3,1,2,1,1,1,4,2,4,1,2,2,2,3,1,1,2,3,1,4,3,4,1,1,1,1,2,2,2,1,2,3,4,1,3,1,4,2,3,3,1,4,4,4,4,2,2,4,2,2,4,2,2,4,4,1,1,3,4,3,1,2,3,1,1,4,3,1,1,4,1,2,3,4,4,2,3,2,2,2,2,1,1,1,4,2,2,3,4,4,3,1,1,1,4,1,2,3,1,1,2,3,2,4,1,3,3,3,4,2,1,2,3,1,3,3,1,1,1,3,4,3,2,3,1,2,3,3,4,2,2,4,3,4,2,4,1,1,4,3,2,4,3,3,2,1,3,2,2,3,3,2,1,3,3,2,3,4,2,4,4,3,2,4,2,2,1,1,1,3,2,4,2,1,1,2,1,2,2,2,2,1,3,4,2,2,2,1,4,2,3,4,2,1,3,4,4,4,3,2,4,2,2,2,4,3,1,1,1,1,3,1,1,3,4,3,1,1,2,1,2,2,4,1,1,2,4,4,1,2,3,2,1,1,2,3,2,4,1,1,1,4,3,1,2,3,1,2,3,4,2,2,3,1,2,3,1,1,2,4,2,3,1,4,3,1,4,1,3,1,2,1,1,1,1,4,4,3,1,1,2,4,1,1,2,1,1,2,2,2,2,3,3,3,1,3,1,3,2,3,1,1,2,2,4,4,1,2,4,1,1,2,1,2,1,4,4,2,3,3,1,4,2,3,2,2,3,3,1,1,3,2,2,3,4,1,2,2,1,2,1,1,1,2,4,3,2,3,3,4,4,2,4,3,3,1,3,3,1,4,3,4,1,1,1,4,4,2,1,4,2,2,1,1,4,1,3,2,2,2,3,4,1,1,2,2,1,4,4,3,4,3,3,2,1,3,4,1,2,3,3,3,4,2,3,2,1,1,3,1,1,3,2,2,2,1,1,1,4,2,2,4,1,3,4,1,3,3,4,1,1,3,3,1,1,4,2,2,1,3,1,3,3,4,3,4,2,3,1,2,2,1,2,2,1,2,2,4,1,2,1,3,4,3,1,1,3,3,1,4,1,3,1,1,1,2,3,3,2,2,1,2,3,3,4,1,4,3,4,2,1,2,4,3,3,1,1,1,2,1,2,3,4,4,2,4,2,2,3,2,3,3,2,2,2,3,2,3,4,2,1,3,3,1,3,2,1,3,1,1,3,2,3,4,3,2,4,3,1,4,2,4,1,1,2,2,2,2,2,1,1,1,1,3,1,4,1,4,2,3,1,2,2,4,1,3,2,3,1,3,2,2,2,2,4,2,4,3,1,4,1,3,3,3,3,2,1,2,4,4,2,2,1,3,4,1,3,4,1,2,2,3,3,2,2,3,3,3,4,3,2,2,2,1,3,1,3,1,3,4,1,3,3,2,2,3,1,2,2,1,1,3,3,1,2,2,1,1,2,1,3,1,1,2,1,2,3,4,3,1,4,3,2,4,4,3,2,3,2,1,1,2,1,3,2,4,4,3,3,3,3,4,1,1,3,2,2,2,1,1,1,4,2,3,1,2,2,3,1,1,1,3,1,3,2,2,1,2,1,1,2,1,1,4,1,2,4,4,2,1,2,2,4,2,4,4,4,4,1,3,2,1,1,1,2,3,1,2,3,1,3,4,3,3,4,3,1,2,1,3,3,3,1,4,4,4,1,1,1,1,1,4,2,4,2,3,4,4,1,1,1,1,3,4,3,1,1,3,1,1,2,1,2,3,4,2,4,1,1,1,2,4,3,1,2,3,1,1,2,2,1,4,1,2,2,2,4,3,4,2,4,1,4,1,4,1,4,3,1,1,4,4,1,4,2,4,3,1,3,3,2,2,3,1,3,4,1,1,4,1,2,1,1,1,1,3,3,3,2,4,4,2,1,2,1,1,2,1,3,3,3,3,2,3,1,2,2,3,4,4,3,3,1,1,3,3,4,3,4,3,1,4,4,4,3,2,4,1,3,4,3,2,2,3,3,3,4,3,1,2,4,4,2,2,1,1,1,4,1,1,1,3,3,4,2,1,3,3,4,2,1,3,4,4,3,4,2,4,2,2,3,2,2,1,2,3,2,3,2,2,1,3,2,3,4,1,3,4,1,3,3,2,2,3,3,1,4,1,1,3,1,3,4,1,4,1,4,2,1,2,1,1,1,3,1,1,3,1,3,3,1,2,2,1,1,4,1,2,4,4,3,2,1,1,4,1,4,3,4,1,4,1,1,1,2,3,4,1,1,2,3,2,1,3,3,1,4,3,3,3,4,2,1,2,2,4,2,1,1,4,3,1,4,4,2,4,3,2,1,1,1,2,1,1,3,3,3,3,1,1,4,2,1,2,1,1,3,3,3,3,1,3,3,2,2,4,2,2,2,2,1,4,3,3,3,3,1,3,4,1,1,2,4,2,1,3,2,3,4,1,3,1,2,3,4,1,2,2,2,1,2,4,4,1,2,2,2,2,4,3,3,2,1,4,2,2,3,2,3,2,3,2,1,1,1,4,4,1,1,2,1,3,4,2,2,4,1,1,3,3,1,1,2,2,1,4,2,4,2,3,2,4,4,1,4,3,1,2,2,1,1,3,2,1,2,2,4,2,4,2,3,1,1,2,2,2,1,4,1,3,1,4,3,3,3,4,4,2,1,4,4,2,3,4,4,1,1,1,4,1,3,4,2,4,2,2,4,4,2,3,1,4,2,2,1,1,2,4,2,2,1,1,4,4,1,1,3,4,1,4,1,2,4,3,2,3,3,1,1,2,1,4,2,1,2,1,3,3,4,4,4,2,3,4,1,1,1,4,2,1,4,4,1,1,3,3,3,3,2,2,1,1,4,2,2,2,2,3,1,1,4,2,4,2,1,1,2,2,4,1,3,4,3,3,1,4,3,2,4,3,3,4,1,3,1,1,2,1,4,4,2,3,3,1,3,1,2,3,4,3,2,1,1,4,2,1,3,1,2,2,2,2,2,3,2,4,4,2,4,3,1,1,2,1,3,1,1,1,1,1,1,3,1,1,1,3,3,3,2,4,2,2,1,2,4,3,4,1,3,3,3,3,2,1,2,3,1,3,3,1,1,1,2,4,2,1,4,3,2,1,2,1,3,1,1,3,2,1,3,2,2,2,3,4,1,1,4,2,2,2,3,1,3,4,4,2,4,2,1,2,3,4,3,3,1,3,2,2,2,2,3,3,3,4,1,3,4,1,4,1,1,2,4,3,1,1,2,3,1,1,4,1,3,1,1,1,2,2,4,1,2,1,4,4,4,3,2,2,4,4,3,4,4,3"
107,0.9877030496613249,0.43137254901960786,2253.0,"2,1,2,4,1,1,1,2,2,1,3,4,2,1,1,1,1,4,3,4,4,2,1,4,3,4,4,1,2,2,1,4,4,2,1,4,2,4,1,4,4,3,1,3,4,3,3,1,2,2,1,2,3,2,1,2,1,4,3,3,1,2,4,2,3,4,1,1,2,1,2,2,2,1,1,2,2,1,2,3,2,4,3,1,1,3,1,1,1,1,1,1,3,4,2,1,2,3,2,1,1,3,2,4,3,4,2,1,2,4,2,2,2,2,4,3,1,2,4,1,3,1,4,2,1,4,2,4,1,2,4,2,2,1,3,3,3,4,4,2,2,4,3,1,2,2,3,3,2,3,3,3,4,4,1,4,1,1,1,3,4,2,2,1,2,4,4,4,3,4,2,4,3,2,1,4,3,4,2,2,2,3,4,4,3,3,3,2,3,2,1,2,2,3,2,2,4,2,3,2,2,4,1,4,2,4,3,1,3,2,4,2,4,2,3,1,3,1,2,1,1,1,4,2,4,1,2,2,2,3,1,1,2,3,1,4,3,4,1,1,1,1,2,2,2,1,2,3,4,1,3,1,4,2,3,3,1,4,4,4,4,2,2,4,2,2,4,2,2,4,4,1,1,3,4,3,1,2,3,1,1,4,3,1,1,4,1,2,3,4,4,2,3,2,2,2,2,1,1,1,4,2,2,3,4,4,3,1,1,1,4,1,2,3,1,1,2,3,2,4,1,3,3,3,4,2,1,2,3,1,3,3,1,1,1,3,4,3,2,3,1,2,3,3,4,2,2,4,3,4,2,4,1,1,4,3,2,4,3,3,2,1,3,2,2,3,3,2,1,3,3,2,3,4,2,4,4,3,2,4,2,2,1,1,1,3,2,4,2,1,1,2,1,2,2,2,2,1,3,4,2,2,2,1,4,2,3,4,2,1,3,4,4,4,3,2,4,2,2,2,4,3,1,1,1,1,3,1,1,3,4,3,1,1,2,1,2,2,4,1,1,2,4,4,1,2,3,2,1,1,2,3,2,4,1,1,1,4,3,1,2,3,1,2,3,4,2,2,3,1,2,3,1,1,2,4,2,3,1,4,3,1,4,1,3,1,2,1,1,1,1,4,4,3,1,1,2,4,1,1,2,1,1,2,2,2,2,3,3,3,1,3,1,3,2,3,1,1,2,2,4,4,1,2,4,1,1,2,1,2,1,4,4,2,3,3,1,4,2,3,2,2,3,3,1,1,3,2,2,3,4,1,2,2,1,2,1,1,1,2,4,3,2,3,3,4,4,2,4,3,3,1,3,3,1,4,3,4,1,1,1,4,4,2,1,4,2,2,1,1,4,1,3,2,2,2,3,4,1,1,2,2,1,4,4,3,4,3,3,2,1,3,4,1,2,3,3,3,4,2,3,2,1,1,3,1,1,3,2,2,2,1,1,1,4,2,2,4,1,3,4,1,3,3,4,1,1,3,3,1,1,4,2,2,1,3,1,3,3,4,3,4,2,3,1,2,2,1,2,2,1,2,2,4,1,2,1,3,4,3,1,1,3,3,1,4,1,3,1,1,1,2,3,3,2,2,1,2,3,3,4,1,4,3,4,2,1,2,4,3,3,1,1,1,2,1,2,3,4,4,2,4,2,2,3,2,3,3,2,2,2,3,2,3,4,2,1,3,3,1,3,2,1,3,1,1,3,2,3,4,3,2,4,3,1,4,2,4,1,1,2,2,2,2,2,1,1,1,1,3,1,4,1,4,2,3,1,2,2,4,1,3,2,3,1,3,2,2,2,2,4,2,4,3,1,4,1,3,3,3,3,2,1,2,4,4,2,2,1,3,4,1,3,4,1,2,2,3,3,2,2,3,3,3,4,3,2,2,2,1,3,1,3,1,3,4,1,3,3,2,2,3,1,2,2,1,1,3,3,1,2,2,1,1,2,1,3,1,1,2,1,2,3,4,3,1,4,3,2,4,4,3,2,3,2,1,1,2,1,3,2,4,4,3,3,3,3,4,1,1,3,2,2,2,1,1,1,4,2,3,1,2,2,3,1,1,1,3,1,3,2,2,1,2,1,1,2,1,1,4,1,2,4,4,2,1,2,2,4,2,4,4,4,4,1,3,2,1,1,1,2,3,1,2,3,1,3,4,3,3,4,3,1,2,1,3,3,3,1,4,4,4,1,1,1,1,1,4,2,4,2,3,4,4,1,1,1,1,3,4,3,1,1,3,1,1,2,1,2,3,4,2,4,1,1,1,2,4,3,1,2,3,1,1,2,2,1,4,1,2,2,2,4,3,4,2,4,1,4,1,4,1,4,3,1,1,4,4,1,4,2,4,3,1,3,3,2,2,3,1,3,4,1,1,4,1,2,1,1,1,1,3,3,3,2,4,4,2,1,2,1,1,2,1,3,3,3,3,2,3,1,2,2,3,4,4,3,3,1,1,3,3,4,3,4,3,1,4,4,4,3,2,4,1,3,4,3,2,2,3,3,3,4,3,1,2,4,4,2,2,1,1,1,4,1,1,1,3,3,4,2,1,3,3,4,2,1,3,4,4,3,4,2,4,2,2,3,2,2,1,2,3,2,3,2,2,1,3,2,3,4,1,3,4,1,3,3,2,2,3,3,1,4,1,1,3,1,3,4,1,4,1,4,2,1,2,1,1,1,3,1,1,3,1,3,3,1,2,2,1,1,4,1,2,4,4,3,2,1,1,4,1,4,3,4,1,4,1,1,1,2,3,4,1,1,2,3,2,1,3,3,1,4,3,3,3,4,2,1,2,2,4,2,1,1,4,3,1,4,4,2,4,3,2,1,1,1,2,1,1,3,3,3,3,1,1,4,2,1,2,1,1,3,3,3,3,1,3,3,2,2,4,2,2,2,2,1,4,3,3,3,3,1,3,4,1,1,2,4,2,1,3,2,3,4,1,3,1,2,3,4,1,2,2,2,1,2,4,4,1,2,2,2,2,4,3,3,2,1,4,2,2,3,2,3,2,3,2,1,1,1,4,4,1,1,2,1,3,4,2,2,4,1,1,3,3,1,1,2,2,1,4,2,4,2,3,2,4,4,1,4,3,1,2,2,1,1,3,2,1,2,2,4,2,4,2,3,1,1,2,2,2,1,4,1,3,1,4,3,3,3,4,4,2,1,4,4,2,3,4,4,1,1,1,4,1,3,4,2,4,2,2,4,4,2,3,1,4,2,2,1,1,2,4,2,2,1,1,4,4,1,1,3,4,1,4,1,2,4,3,2,3,3,1,1,2,1,4,2,1,2,1,3,3,4,4,4,2,3,4,1,1,1,4,2,1,4,4,1,1,3,3,3,3,2,2,1,1,4,2,2,2,2,3,1,1,4,2,4,2,1,1,2,2,4,1,3,4,3,3,1,4,3,2,4,3,3,4,1,3,1,1,2,1,4,4,2,3,3,1,3,1,2,3,4,3,2,1,1,4,2,1,3,1,2,2,2,2,2,3,2,4,4,2,4,3,1,1,2,1,3,1,1,1,1,1,1,3,1,1,1,3,3,3,2,4,2,2,1,2,4,3,4,1,3,3,3,3,2,1,2,3,1,3,3,1,1,1,2,4,2,1,4,3,2,1,2,1,3,1,1,3,2,1,3,2,2,2,3,4,1,1,4,2,2,2,3,1,3,4,4,2,4,2,1,2,3,4,3,3,1,3,2,2,2,2,3,3,3,4,1,3,4,1,4,1,1,2,4,3,1,1,2,3,1,1,4,1,3,1,1,1,2,2,4,1,2,1,4,4,4,3,2,2,4,4,3,4,4,3"
108,0.9877030496613249,0.43137254901960786,2253.0,"2,1,2,4,1,1,1,2,2,1,3,4,2,1,1,1,1,4,3,4,4,2,1,4,3,4,4,1,2,2,1,4,4,2,1,4,2,4,1,4,4,3,1,3,4,3,3,1,2,2,1,2,3,2,1,2,1,4,3,3,1,2,4,2,3,4,1,1,2,1,2,2,2,1,1,2,2,1,2,3,2,4,3,1,1,3,1,1,1,1,1,1,3,4,2,1,2,3,2,1,1,3,2,4,3,4,2,1,2,4,2,2,2,2,4,3,1,2,4,1,3,1,4,2,1,4,2,4,1,2,4,2,2,1,3,3,3,4,4,2,2,4,3,1,2,2,3,3,2,3,3,3,4,4,1,4,1,1,1,3,4,2,2,1,2,4,4,4,3,4,2,4,3,2,1,4,3,4,2,2,2,3,4,4,3,3,3,2,3,2,1,2,2,3,2,2,4,2,3,2,2,4,1,4,2,4,3,1,3,2,4,2,4,2,3,1,3,1,2,1,1,1,4,2,4,1,2,2,2,3,1,1,2,3,1,4,3,4,1,1,1,1,2,2,2,1,2,3,4,1,3,1,4,2,3,3,1,4,4,4,4,2,2,4,2,2,4,2,2,4,4,1,1,3,4,3,1,2,3,1,1,4,3,1,1,4,1,2,3,4,4,2,3,2,2,2,2,1,1,1,4,2,2,3,4,4,3,1,1,1,4,1,2,3,1,1,2,3,2,4,1,3,3,3,4,2,1,2,3,1,3,3,1,1,1,3,4,3,2,3,1,2,3,3,4,2,2,4,3,4,2,4,1,1,4,3,2,4,3,3,2,1,3,2,2,3,3,2,1,3,3,2,3,4,2,4,4,3,2,4,2,2,1,1,1,3,2,4,2,1,1,2,1,2,2,2,2,1,3,4,2,2,2,1,4,2,3,4,2,1,3,4,4,4,3,2,4,2,2,2,4,3,1,1,1,1,3,1,1,3,4,3,1,1,2,1,2,2,4,1,1,2,4,4,1,2,3,2,1,1,2,3,2,4,1,1,1,4,3,1,2,3,1,2,3,4,2,2,3,1,2,3,1,1,2,4,2,3,1,4,3,1,4,1,3,1,2,1,1,1,1,4,4,3,1,1,2,4,1,1,2,1,1,2,2,2,2,3,3,3,1,3,1,3,2,3,1,1,2,2,4,4,1,2,4,1,1,2,1,2,1,4,4,2,3,3,1,4,2,3,2,2,3,3,1,1,3,2,2,3,4,1,2,2,1,2,1,1,1,2,4,3,2,3,3,4,4,2,4,3,3,1,3,3,1,4,3,4,1,1,1,4,4,2,1,4,2,2,1,1,4,1,3,2,2,2,3,4,1,1,2,2,1,4,4,3,4,3,3,2,1,3,4,1,2,3,3,3,4,2,3,2,1,1,3,1,1,3,2,2,2,1,1,1,4,2,2,4,1,3,4,1,3,3,4,1,1,3,3,1,1,4,2,2,1,3,1,3,3,4,3,4,2,3,1,2,2,1,2,2,1,2,2,4,1,2,1,3,4,3,1,1,3,3,1,4,1,3,1,1,1,2,3,3,2,2,1,2,3,3,4,1,4,3,4,2,1,2,4,3,3,1,1,1,2,1,2,3,4,4,2,4,2,2,3,2,3,3,2,2,2,3,2,3,4,2,1,3,3,1,3,2,1,3,1,1,3,2,3,4,3,2,4,3,1,4,2,4,1,1,2,2,2,2,2,1,1,1,1,3,1,4,1,4,2,3,1,2,2,4,1,3,2,3,1,3,2,2,2,2,4,2,4,3,1,4,1,3,3,3,3,2,1,2,4,4,2,2,1,3,4,1,3,4,1,2,2,3,3,2,2,3,3,3,4,3,2,2,2,1,3,1,3,1,3,4,1,3,3,2,2,3,1,2,2,1,1,3,3,1,2,2,1,1,2,1,3,1,1,2,1,2,3,4,3,1,4,3,2,4,4,3,2,3,2,1,1,2,1,3,2,4,4,3,3,3,3,4,1,1,3,2,2,2,1,1,1,4,2,3,1,2,2,3,1,1,1,3,1,3,2,2,1,2,1,1,2,1,1,4,1,2,4,4,2,1,2,2,4,2,4,4,4,4,1,3,2,1,1,1,2,3,1,2,3,1,3,4,3,3,4,3,1,2,1,3,3,3,1,4,4,4,1,1,1,1,1,4,2,4,2,3,4,4,1,1,1,1,3,4,3,1,1,3,1,1,2,1,2,3,4,2,4,1,1,1,2,4,3,1,2,3,1,1,2,2,1,4,1,2,2,2,4,3,4,2,4,1,4,1,4,1,4,3,1,1,4,4,1,4,2,4,3,1,3,3,2,2,3,1,3,4,1,1,4,1,2,1,1,1,1,3,3,3,2,4,4,2,1,2,1,1,2,1,3,3,3,3,2,3,1,2,2,3,4,4,3,3,1,1,3,3,4,3,4,3,1,4,4,4,3,2,4,1,3,4,3,2,2,3,3,3,4,3,1,2,4,4,2,2,1,1,1,4,1,1,1,3,3,4,2,1,3,3,4,2,1,3,4,4,3,4,2,4,2,2,3,2,2,1,2,3,2,3,2,2,1,3,2,3,4,1,3,4,1,3,3,2,2,3,3,1,4,1,1,3,1,3,4,1,4,1,4,2,1,2,1,1,1,3,1,1,3,1,3,3,1,2,2,1,1,4,1,2,4,4,3,2,1,1,4,1,4,3,4,1,4,1,1,1,2,3,4,1,1,2,3,2,1,3,3,1,4,3,3,3,4,2,1,2,2,4,2,1,1,4,3,1,4,4,2,4,3,2,1,1,1,2,1,1,3,3,3,3,1,1,4,2,1,2,1,1,3,3,3,3,1,3,3,2,2,4,2,2,2,2,1,4,3,3,3,3,1,3,4,1,1,2,4,2,1,3,2,3,4,1,3,1,2,3,4,1,2,2,2,1,2,4,4,1,2,2,2,2,4,3,3,2,1,4,2,2,3,2,3,2,3,2,1,1,1,4,4,1,1,2,1,3,4,2,2,4,1,1,3,3,1,1,2,2,1,4,2,4,2,3,2,4,4,1,4,3,1,2,2,1,1,3,2,1,2,2,4,2,4,2,3,1,1,2,2,2,1,4,1,3,1,4,3,3,3,4,4,2,1,4,4,2,3,4,4,1,1,1,4,1,3,4,2,4,2,2,4,4,2,3,1,4,2,2,1,1,2,4,2,2,1,1,4,4,1,1,3,4,1,4,1,2,4,3,2,3,3,1,1,2,1,4,2,1,2,1,3,3,4,4,4,2,3,4,1,1,1,4,2,1,4,4,1,1,3,3,3,3,2,2,1,1,4,2,2,2,2,3,1,1,4,2,4,2,1,1,2,2,4,1,3,4,3,3,1,4,3,2,4,3,3,4,1,3,1,1,2,1,4,4,2,3,3,1,3,1,2,3,4,3,2,1,1,4,2,1,3,1,2,2,2,2,2,3,2,4,4,2,4,3,1,1,2,1,3,1,1,1,1,1,1,3,1,1,1,3,3,3,2,4,2,2,1,2,4,3,4,1,3,3,3,3,2,1,2,3,1,3,3,1,1,1,2,4,2,1,4,3,2,1,2,1,3,1,1,3,2,1,3,2,2,2,3,4,1,1,4,2,2,2,3,1,3,4,4,2,4,2,1,2,3,4,3,3,1,3,2,2,2,2,3,3,3,4,1,3,4,1,4,1,1,2,4,3,1,1,2,3,1,1,4,1,3,1,1,1,2,2,4,1,2,1,4,4,4,3,2,2,4,4,3,4,4,3"
109,0.9877030496613249,0.43137254901960786,2253.0,"2,1,2,4,1,1,1,2,2,1,3,4,2,1,1,1,1,4,3,4,4,2,1,4,3,4,4,1,2,2,1,4,4,2,1,4,2,4,1,4,4,3,1,3,4,3,3,1,2,2,1,2,3,2,1,2,1,4,3,3,1,2,4,2,3,4,1,1,2,1,2,2,2,1,1,2,2,1,2,3,2,4,3,1,1,3,1,1,1,1,1,1,3,4,2,1,2,3,2,1,1,3,2,4,3,4,2,1,2,4,2,2,2,2,4,3,1,2,4,1,3,1,4,2,1,4,2,4,1,2,4,2,2,1,3,3,3,4,4,2,2,4,3,1,2,2,3,3,2,3,3,3,4,4,1,4,1,1,1,3,4,2,2,1,2,4,4,4,3,4,2,4,3,2,1,4,3,4,2,2,2,3,4,4,3,3,3,2,3,2,1,2,2,3,2,2,4,2,3,2,2,4,1,4,2,4,3,1,3,2,4,2,4,2,3,1,3,1,2,1,1,1,4,2,4,1,2,2,2,3,1,1,2,3,1,4,3,4,1,1,1,1,2,2,2,1,2,3,4,1,3,1,4,2,3,3,1,4,4,4,4,2,2,4,2,2,4,2,2,4,4,1,1,3,4,3,1,2,3,1,1,4,3,1,1,4,1,2,3,4,4,2,3,2,2,2,2,1,1,1,4,2,2,3,4,4,3,1,1,1,4,1,2,3,1,1,2,3,2,4,1,3,3,3,4,2,1,2,3,1,3,3,1,1,1,3,4,3,2,3,1,2,3,3,4,2,2,4,3,4,2,4,1,1,4,3,2,4,3,3,2,1,3,2,2,3,3,2,1,3,3,2,3,4,2,4,4,3,2,4,2,2,1,1,1,3,2,4,2,1,1,2,1,2,2,2,2,1,3,4,2,2,2,1,4,2,3,4,2,1,3,4,4,4,3,2,4,2,2,2,4,3,1,1,1,1,3,1,1,3,4,3,1,1,2,1,2,2,4,1,1,2,4,4,1,2,3,2,1,1,2,3,2,4,1,1,1,4,3,1,2,3,1,2,3,4,2,2,3,1,2,3,1,1,2,4,2,3,1,4,3,1,4,1,3,1,2,1,1,1,1,4,4,3,1,1,2,4,1,1,2,1,1,2,2,2,2,3,3,3,1,3,1,3,2,3,1,1,2,2,4,4,1,2,4,1,1,2,1,2,1,4,4,2,3,3,1,4,2,3,2,2,3,3,1,1,3,2,2,3,4,1,2,2,1,2,1,1,1,2,4,3,2,3,3,4,4,2,4,3,3,1,3,3,1,4,3,4,1,1,1,4,4,2,1,4,2,2,1,1,4,1,3,2,2,2,3,4,1,1,2,2,1,4,4,3,4,3,3,2,1,3,4,1,2,3,3,3,4,2,3,2,1,1,3,1,1,3,2,2,2,1,1,1,4,2,2,4,1,3,4,1,3,3,4,1,1,3,3,1,1,4,2,2,1,3,1,3,3,4,3,4,2,3,1,2,2,1,2,2,1,2,2,4,1,2,1,3,4,3,1,1,3,3,1,4,1,3,1,1,1,2,3,3,2,2,1,2,3,3,4,1,4,3,4,2,1,2,4,3,3,1,1,1,2,1,2,3,4,4,2,4,2,2,3,2,3,3,2,2,2,3,2,3,4,2,1,3,3,1,3,2,1,3,1,1,3,2,3,4,3,2,4,3,1,4,2,4,1,1,2,2,2,2,2,1,1,1,1,3,1,4,1,4,2,3,1,2,2,4,1,3,2,3,1,3,2,2,2,2,4,2,4,3,1,4,1,3,3,3,3,2,1,2,4,4,2,2,1,3,4,1,3,4,1,2,2,3,3,2,2,3,3,3,4,3,2,2,2,1,3,1,3,1,3,4,1,3,3,2,2,3,1,2,2,1,1,3,3,1,2,2,1,1,2,1,3,1,1,2,1,2,3,4,3,1,4,3,2,4,4,3,2,3,2,1,1,2,1,3,2,4,4,3,3,3,3,4,1,1,3,2,2,2,1,1,1,4,2,3,1,2,2,3,1,1,1,3,1,3,2,2,1,2,1,1,2,1,1,4,1,2,4,4,2,1,2,2,4,2,4,4,4,4,1,3,2,1,1,1,2,3,1,2,3,1,3,4,3,3,4,3,1,2,1,3,3,3,1,4,4,4,1,1,1,1,1,4,2,4,2,3,4,4,1,1,1,1,3,4,3,1,1,3,1,1,2,1,2,3,4,2,4,1,1,1,2,4,3,1,2,3,1,1,2,2,1,4,1,2,2,2,4,3,4,2,4,1,4,1,4,1,4,3,1,1,4,4,1,4,2,4,3,1,3,3,2,2,3,1,3,4,1,1,4,1,2,1,1,1,1,3,3,3,2,4,4,2,1,2,1,1,2,1,3,3,3,3,2,3,1,2,2,3,4,4,3,3,1,1,3,3,4,3,4,3,1,4,4,4,3,2,4,1,3,4,3,2,2,3,3,3,4,3,1,2,4,4,2,2,1,1,1,4,1,1,1,3,3,4,2,1,3,3,4,2,1,3,4,4,3,4,2,4,2,2,3,2,2,1,2,3,2,3,2,2,1,3,2,3,4,1,3,4,1,3,3,2,2,3,3,1,4,1,1,3,1,3,4,1,4,1,4,2,1,2,1,1,1,3,1,1,3,1,3,3,1,2,2,1,1,4,1,2,4,4,3,2,1,1,4,1,4,3,4,1,4,1,1,1,2,3,4,1,1,2,3,2,1,3,3,1,4,3,3,3,4,2,1,2,2,4,2,1,1,4,3,1,4,4,2,4,3,2,1,1,1,2,1,1,3,3,3,3,1,1,4,2,1,2,1,1,3,3,3,3,1,3,3,2,2,4,2,2,2,2,1,4,3,3,3,3,1,3,4,1,1,2,4,2,1,3,2,3,4,1,3,1,2,3,4,1,2,2,2,1,2,4,4,1,2,2,2,2,4,3,3,2,1,4,2,2,3,2,3,2,3,2,1,1,1,4,4,1,1,2,1,3,4,2,2,4,1,1,3,3,1,1,2,2,1,4,2,4,2,3,2,4,4,1,4,3,1,2,2,1,1,3,2,1,2,2,4,2,4,2,3,1,1,2,2,2,1,4,1,3,1,4,3,3,3,4,4,2,1,4,4,2,3,4,4,1,1,1,4,1,3,4,2,4,2,2,4,4,2,3,1,4,2,2,1,1,2,4,2,2,1,1,4,4,1,1,3,4,1,4,1,2,4,3,2,3,3,1,1,2,1,4,2,1,2,1,3,3,4,4,4,2,3,4,1,1,1,4,2,1,4,4,1,1,3,3,3,3,2,2,1,1,4,2,2,2,2,3,1,1,4,2,4,2,1,1,2,2,4,1,3,4,3,3,1,4,3,2,4,3,3,4,1,3,1,1,2,1,4,4,2,3,3,1,3,1,2,3,4,3,2,1,1,4,2,1,3,1,2,2,2,2,2,3,2,4,4,2,4,3,1,1,2,1,3,1,1,1,1,1,1,3,1,1,1,3,3,3,2,4,2,2,1,2,4,3,4,1,3,3,3,3,2,1,2,3,1,3,3,1,1,1,2,4,2,1,4,3,2,1,2,1,3,1,1,3,2,1,3,2,2,2,3,4,1,1,4,2,2,2,3,1,3,4,4,2,4,2,1,2,3,4,3,3,1,3,2,2,2,2,3,3,3,4,1,3,4,1,4,1,1,2,4,3,1,1,2,3,1,1,4,1,3,1,1,1,2,2,4,1,2,1,4,4,4,3,2,2,4,4,3,4,4,3"
110,0.9877030496613249,0.43137254901960786,2253.0,"2,1,2,4,1,1,1,2,2,1,3,4,2,1,1,1,1,4,3,4,4,2,1,4,3,4,4,1,2,2,1,4,4,2,1,4,2,4,1,4,4,3,1,3,4,3,3,1,2,2,1,2,3,2,1,2,1,4,3,3,1,2,4,2,3,4,1,1,2,1,2,2,2,1,1,2,2,1,2,3,2,4,3,1,1,3,1,1,1,1,1,1,3,4,2,1,2,3,2,1,1,3,2,4,3,4,2,1,2,4,2,2,2,2,4,3,1,2,4,1,3,1,4,2,1,4,2,4,1,2,4,2,2,1,3,3,3,4,4,2,2,4,3,1,2,2,3,3,2,3,3,3,4,4,1,4,1,1,1,3,4,2,2,1,2,4,4,4,3,4,2,4,3,2,1,4,3,4,2,2,2,3,4,4,3,3,3,2,3,2,1,2,2,3,2,2,4,2,3,2,2,4,1,4,2,4,3,1,3,2,4,2,4,2,3,1,3,1,2,1,1,1,4,2,4,1,2,2,2,3,1,1,2,3,1,4,3,4,1,1,1,1,2,2,2,1,2,3,4,1,3,1,4,2,3,3,1,4,4,4,4,2,2,4,2,2,4,2,2,4,4,1,1,3,4,3,1,2,3,1,1,4,3,1,1,4,1,2,3,4,4,2,3,2,2,2,2,1,1,1,4,2,2,3,4,4,3,1,1,1,4,1,2,3,1,1,2,3,2,4,1,3,3,3,4,2,1,2,3,1,3,3,1,1,1,3,4,3,2,3,1,2,3,3,4,2,2,4,3,4,2,4,1,1,4,3,2,4,3,3,2,1,3,2,2,3,3,2,1,3,3,2,3,4,2,4,4,3,2,4,2,2,1,1,1,3,2,4,2,1,1,2,1,2,2,2,2,1,3,4,2,2,2,1,4,2,3,4,2,1,3,4,4,4,3,2,4,2,2,2,4,3,1,1,1,1,3,1,1,3,4,3,1,1,2,1,2,2,4,1,1,2,4,4,1,2,3,2,1,1,2,3,2,4,1,1,1,4,3,1,2,3,1,2,3,4,2,2,3,1,2,3,1,1,2,4,2,3,1,4,3,1,4,1,3,1,2,1,1,1,1,4,4,3,1,1,2,4,1,1,2,1,1,2,2,2,2,3,3,3,1,3,1,3,2,3,1,1,2,2,4,4,1,2,4,1,1,2,1,2,1,4,4,2,3,3,1,4,2,3,2,2,3,3,1,1,3,2,2,3,4,1,2,2,1,2,1,1,1,2,4,3,2,3,3,4,4,2,4,3,3,1,3,3,1,4,3,4,1,1,1,4,4,2,1,4,2,2,1,1,4,1,3,2,2,2,3,4,1,1,2,2,1,4,4,3,4,3,3,2,1,3,4,1,2,3,3,3,4,2,3,2,1,1,3,1,1,3,2,2,2,1,1,1,4,2,2,4,1,3,4,1,3,3,4,1,1,3,3,1,1,4,2,2,1,3,1,3,3,4,3,4,2,3,1,2,2,1,2,2,1,2,2,4,1,2,1,3,4,3,1,1,3,3,1,4,1,3,1,1,1,2,3,3,2,2,1,2,3,3,4,1,4,3,4,2,1,2,4,3,3,1,1,1,2,1,2,3,4,4,2,4,2,2,3,2,3,3,2,2,2,3,2,3,4,2,1,3,3,1,3,2,1,3,1,1,3,2,3,4,3,2,4,3,1,4,2,4,1,1,2,2,2,2,2,1,1,1,1,3,1,4,1,4,2,3,1,2,2,4,1,3,2,3,1,3,2,2,2,2,4,2,4,3,1,4,1,3,3,3,3,2,1,2,4,4,2,2,1,3,4,1,3,4,1,2,2,3,3,2,2,3,3,3,4,3,2,2,2,1,3,1,3,1,3,4,1,3,3,2,2,3,1,2,2,1,1,3,3,1,2,2,1,1,2,1,3,1,1,2,1,2,3,4,3,1,4,3,2,4,4,3,2,3,2,1,1,2,1,3,2,4,4,3,3,3,3,4,1,1,3,2,2,2,1,1,1,4,2,3,1,2,2,3,1,1,1,3,1,3,2,2,1,2,1,1,2,1,1,4,1,2,4,4,2,1,2,2,4,2,4,4,4,4,1,3,2,1,1,1,2,3,1,2,3,1,3,4,3,3,4,3,1,2,1,3,3,3,1,4,4,4,1,1,1,1,1,4,2,4,2,3,4,4,1,1,1,1,3,4,3,1,1,3,1,1,2,1,2,3,4,2,4,1,1,1,2,4,3,1,2,3,1,1,2,2,1,4,1,2,2,2,4,3,4,2,4,1,4,1,4,1,4,3,1,1,4,4,1,4,2,4,3,1,3,3,2,2,3,1,3,4,1,1,4,1,2,1,1,1,1,3,3,3,2,4,4,2,1,2,1,1,2,1,3,3,3,3,2,3,1,2,2,3,4,4,3,3,1,1,3,3,4,3,4,3,1,4,4,4,3,2,4,1,3,4,3,2,2,3,3,3,4,3,1,2,4,4,2,2,1,1,1,4,1,1,1,3,3,4,2,1,3,3,4,2,1,3,4,4,3,4,2,4,2,2,3,2,2,1,2,3,2,3,2,2,1,3,2,3,4,1,3,4,1,3,3,2,2,3,3,1,4,1,1,3,1,3,4,1,4,1,4,2,1,2,1,1,1,3,1,1,3,1,3,3,1,2,2,1,1,4,1,2,4,4,3,2,1,1,4,1,4,3,4,1,4,1,1,1,2,3,4,1,1,2,3,2,1,3,3,1,4,3,3,3,4,2,1,2,2,4,2,1,1,4,3,1,4,4,2,4,3,2,1,1,1,2,1,1,3,3,3,3,1,1,4,2,1,2,1,1,3,3,3,3,1,3,3,2,2,4,2,2,2,2,1,4,3,3,3,3,1,3,4,1,1,2,4,2,1,3,2,3,4,1,3,1,2,3,4,1,2,2,2,1,2,4,4,1,2,2,2,2,4,3,3,2,1,4,2,2,3,2,3,2,3,2,1,1,1,4,4,1,1,2,1,3,4,2,2,4,1,1,3,3,1,1,2,2,1,4,2,4,2,3,2,4,4,1,4,3,1,2,2,1,1,3,2,1,2,2,4,2,4,2,3,1,1,2,2,2,1,4,1,3,1,4,3,3,3,4,4,2,1,4,4,2,3,4,4,1,1,1,4,1,3,4,2,4,2,2,4,4,2,3,1,4,2,2,1,1,2,4,2,2,1,1,4,4,1,1,3,4,1,4,1,2,4,3,2,3,3,1,1,2,1,4,2,1,2,1,3,3,4,4,4,2,3,4,1,1,1,4,2,1,4,4,1,1,3,3,3,3,2,2,1,1,4,2,2,2,2,3,1,1,4,2,4,2,1,1,2,2,4,1,3,4,3,3,1,4,3,2,4,3,3,4,1,3,1,1,2,1,4,4,2,3,3,1,3,1,2,3,4,3,2,1,1,4,2,1,3,1,2,2,2,2,2,3,2,4,4,2,4,3,1,1,2,1,3,1,1,1,1,1,1,3,1,1,1,3,3,3,2,4,2,2,1,2,4,3,4,1,3,3,3,3,2,1,2,3,1,3,3,1,1,1,2,4,2,1,4,3,2,1,2,1,3,1,1,3,2,1,3,2,2,2,3,4,1,1,4,2,2,2,3,1,3,4,4,2,4,2,1,2,3,4,3,3,1,3,2,2,2,2,3,3,3,4,1,3,4,1,4,1,1,2,4,3,1,1,2,3,1,1,4,1,3,1,1,1,2,2,4,1,2,1,4,4,4,3,2,2,4,4,3,4,4,3"
111,0.9877030496613249,0.43137254901960786,2253.0,"2,1,2,4,1,1,1,2,2,1,3,4,2,1,1,1,1,4,3,4,4,2,1,4,3,4,4,1,2,2,1,4,4,2,1,4,2,4,1,4,4,3,1,3,4,3,3,1,2,2,1,2,3,2,1,2,1,4,3,3,1,2,4,2,3,4,1,1,2,1,2,2,2,1,1,2,2,1,2,3,2,4,3,1,1,3,1,1,1,1,1,1,3,4,2,1,2,3,2,1,1,3,2,4,3,4,2,1,2,4,2,2,2,2,4,3,1,2,4,1,3,1,4,2,1,4,2,4,1,2,4,2,2,1,3,3,3,4,4,2,2,4,3,1,2,2,3,3,2,3,3,3,4,4,1,4,1,1,1,3,4,2,2,1,2,4,4,4,3,4,2,4,3,2,1,4,3,4,2,2,2,3,4,4,3,3,3,2,3,2,1,2,2,3,2,2,4,2,3,2,2,4,1,4,2,4,3,1,3,2,4,2,4,2,3,1,3,1,2,1,1,1,4,2,4,1,2,2,2,3,1,1,2,3,1,4,3,4,1,1,1,1,2,2,2,1,2,3,4,1,3,1,4,2,3,3,1,4,4,4,4,2,2,4,2,2,4,2,2,4,4,1,1,3,4,3,1,2,3,1,1,4,3,1,1,4,1,2,3,4,4,2,3,2,2,2,2,1,1,1,4,2,2,3,4,4,3,1,1,1,4,1,2,3,1,1,2,3,2,4,1,3,3,3,4,2,1,2,3,1,3,3,1,1,1,3,4,3,2,3,1,2,3,3,4,2,2,4,3,4,2,4,1,1,4,3,2,4,3,3,2,1,3,2,2,3,3,2,1,3,3,2,3,4,2,4,4,3,2,4,2,2,1,1,1,3,2,4,2,1,1,2,1,2,2,2,2,1,3,4,2,2,2,1,4,2,3,4,2,1,3,4,4,4,3,2,4,2,2,2,4,3,1,1,1,1,3,1,1,3,4,3,1,1,2,1,2,2,4,1,1,2,4,4,1,2,3,2,1,1,2,3,2,4,1,1,1,4,3,1,2,3,1,2,3,4,2,2,3,1,2,3,1,1,2,4,2,3,1,4,3,1,4,1,3,1,2,1,1,1,1,4,4,3,1,1,2,4,1,1,2,1,1,2,2,2,2,3,3,3,1,3,1,3,2,3,1,1,2,2,4,4,1,2,4,1,1,2,1,2,1,4,4,2,3,3,1,4,2,3,2,2,3,3,1,1,3,2,2,3,4,1,2,2,1,2,1,1,1,2,4,3,2,3,3,4,4,2,4,3,3,1,3,3,1,4,3,4,1,1,1,4,4,2,1,4,2,2,1,1,4,1,3,2,2,2,3,4,1,1,2,2,1,4,4,3,4,3,3,2,1,3,4,1,2,3,3,3,4,2,3,2,1,1,3,1,1,3,2,2,2,1,1,1,4,2,2,4,1,3,4,1,3,3,4,1,1,3,3,1,1,4,2,2,1,3,1,3,3,4,3,4,2,3,1,2,2,1,2,2,1,2,2,4,1,2,1,3,4,3,1,1,3,3,1,4,1,3,1,1,1,2,3,3,2,2,1,2,3,3,4,1,4,3,4,2,1,2,4,3,3,1,1,1,2,1,2,3,4,4,2,4,2,2,3,2,3,3,2,2,2,3,2,3,4,2,1,3,3,1,3,2,1,3,1,1,3,2,3,4,3,2,4,3,1,4,2,4,1,1,2,2,2,2,2,1,1,1,1,3,1,4,1,4,2,3,1,2,2,4,1,3,2,3,1,3,2,2,2,2,4,2,4,3,1,4,1,3,3,3,3,2,1,2,4,4,2,2,1,3,4,1,3,4,1,2,2,3,3,2,2,3,3,3,4,3,2,2,2,1,3,1,3,1,3,4,1,3,3,2,2,3,1,2,2,1,1,3,3,1,2,2,1,1,2,1,3,1,1,2,1,2,3,4,3,1,4,3,2,4,4,3,2,3,2,1,1,2,1,3,2,4,4,3,3,3,3,4,1,1,3,2,2,2,1,1,1,4,2,3,1,2,2,3,1,1,1,3,1,3,2,2,1,2,1,1,2,1,1,4,1,2,4,4,2,1,2,2,4,2,4,4,4,4,1,3,2,1,1,1,2,3,1,2,3,1,3,4,3,3,4,3,1,2,1,3,3,3,1,4,4,4,1,1,1,1,1,4,2,4,2,3,4,4,1,1,1,1,3,4,3,1,1,3,1,1,2,1,2,3,4,2,4,1,1,1,2,4,3,1,2,3,1,1,2,2,1,4,1,2,2,2,4,3,4,2,4,1,4,1,4,1,4,3,1,1,4,4,1,4,2,4,3,1,3,3,2,2,3,1,3,4,1,1,4,1,2,1,1,1,1,3,3,3,2,4,4,2,1,2,1,1,2,1,3,3,3,3,2,3,1,2,2,3,4,4,3,3,1,1,3,3,4,3,4,3,1,4,4,4,3,2,4,1,3,4,3,2,2,3,3,3,4,3,1,2,4,4,2,2,1,1,1,4,1,1,1,3,3,4,2,1,3,3,4,2,1,3,4,4,3,4,2,4,2,2,3,2,2,1,2,3,2,3,2,2,1,3,2,3,4,1,3,4,1,3,3,2,2,3,3,1,4,1,1,3,1,3,4,1,4,1,4,2,1,2,1,1,1,3,1,1,3,1,3,3,1,2,2,1,1,4,1,2,4,4,3,2,1,1,4,1,4,3,4,1,4,1,1,1,2,3,4,1,1,2,3,2,1,3,3,1,4,3,3,3,4,2,1,2,2,4,2,1,1,4,3,1,4,4,2,4,3,2,1,1,1,2,1,1,3,3,3,3,1,1,4,2,1,2,1,1,3,3,3,3,1,3,3,2,2,4,2,2,2,2,1,4,3,3,3,3,1,3,4,1,1,2,4,2,1,3,2,3,4,1,3,1,2,3,4,1,2,2,2,1,2,4,4,1,2,2,2,2,4,3,3,2,1,4,2,2,3,2,3,2,3,2,1,1,1,4,4,1,1,2,1,3,4,2,2,4,1,1,3,3,1,1,2,2,1,4,2,4,2,3,2,4,4,1,4,3,1,2,2,1,1,3,2,1,2,2,4,2,4,2,3,1,1,2,2,2,1,4,1,3,1,4,3,3,3,4,4,2,1,4,4,2,3,4,4,1,1,1,4,1,3,4,2,4,2,2,4,4,2,3,1,4,2,2,1,1,2,4,2,2,1,1,4,4,1,1,3,4,1,4,1,2,4,3,2,3,3,1,1,2,1,4,2,1,2,1,3,3,4,4,4,2,3,4,1,1,1,4,2,1,4,4,1,1,3,3,3,3,2,2,1,1,4,2,2,2,2,3,1,1,4,2,4,2,1,1,2,2,4,1,3,4,3,3,1,4,3,2,4,3,3,4,1,3,1,1,2,1,4,4,2,3,3,1,3,1,2,3,4,3,2,1,1,4,2,1,3,1,2,2,2,2,2,3,2,4,4,2,4,3,1,1,2,1,3,1,1,1,1,1,1,3,1,1,1,3,3,3,2,4,2,2,1,2,4,3,4,1,3,3,3,3,2,1,2,3,1,3,3,1,1,1,2,4,2,1,4,3,2,1,2,1,3,1,1,3,2,1,3,2,2,2,3,4,1,1,4,2,2,2,3,1,3,4,4,2,4,2,1,2,3,4,3,3,1,3,2,2,2,2,3,3,3,4,1,3,4,1,4,1,1,2,4,3,1,1,2,3,1,1,4,1,3,1,1,1,2,2,4,1,2,1,4,4,4,3,2,2,4,4,3,4,4,3"
112,0.9877030496613249,0.43137254901960786,2253.0,"2,1,2,4,1,1,1,2,2,1,3,4,2,1,1,1,1,4,3,4,4,2,1,4,3,4,4,1,2,2,1,4,4,2,1,4,2,4,1,4,4,3,1,3,4,3,3,1,2,2,1,2,3,2,1,2,1,4,3,3,1,2,4,2,3,4,1,1,2,1,2,2,2,1,1,2,2,1,2,3,2,4,3,1,1,3,1,1,1,1,1,1,3,4,2,1,2,3,2,1,1,3,2,4,3,4,2,1,2,4,2,2,2,2,4,3,1,2,4,1,3,1,4,2,1,4,2,4,1,2,4,2,2,1,3,3,3,4,4,2,2,4,3,1,2,2,3,3,2,3,3,3,4,4,1,4,1,1,1,3,4,2,2,1,2,4,4,4,3,4,2,4,3,2,1,4,3,4,2,2,2,3,4,4,3,3,3,2,3,2,1,2,2,3,2,2,4,2,3,2,2,4,1,4,2,4,3,1,3,2,4,2,4,2,3,1,3,1,2,1,1,1,4,2,4,1,2,2,2,3,1,1,2,3,1,4,3,4,1,1,1,1,2,2,2,1,2,3,4,1,3,1,4,2,3,3,1,4,4,4,4,2,2,4,2,2,4,2,2,4,4,1,1,3,4,3,1,2,3,1,1,4,3,1,1,4,1,2,3,4,4,2,3,2,2,2,2,1,1,1,4,2,2,3,4,4,3,1,1,1,4,1,2,3,1,1,2,3,2,4,1,3,3,3,4,2,1,2,3,1,3,3,1,1,1,3,4,3,2,3,1,2,3,3,4,2,2,4,3,4,2,4,1,1,4,3,2,4,3,3,2,1,3,2,2,3,3,2,1,3,3,2,3,4,2,4,4,3,2,4,2,2,1,1,1,3,2,4,2,1,1,2,1,2,2,2,2,1,3,4,2,2,2,1,4,2,3,4,2,1,3,4,4,4,3,2,4,2,2,2,4,3,1,1,1,1,3,1,1,3,4,3,1,1,2,1,2,2,4,1,1,2,4,4,1,2,3,2,1,1,2,3,2,4,1,1,1,4,3,1,2,3,1,2,3,4,2,2,3,1,2,3,1,1,2,4,2,3,1,4,3,1,4,1,3,1,2,1,1,1,1,4,4,3,1,1,2,4,1,1,2,1,1,2,2,2,2,3,3,3,1,3,1,3,2,3,1,1,2,2,4,4,1,2,4,1,1,2,1,2,1,4,4,2,3,3,1,4,2,3,2,2,3,3,1,1,3,2,2,3,4,1,2,2,1,2,1,1,1,2,4,3,2,3,3,4,4,2,4,3,3,1,3,3,1,4,3,4,1,1,1,4,4,2,1,4,2,2,1,1,4,1,3,2,2,2,3,4,1,1,2,2,1,4,4,3,4,3,3,2,1,3,4,1,2,3,3,3,4,2,3,2,1,1,3,1,1,3,2,2,2,1,1,1,4,2,2,4,1,3,4,1,3,3,4,1,1,3,3,1,1,4,2,2,1,3,1,3,3,4,3,4,2,3,1,2,2,1,2,2,1,2,2,4,1,2,1,3,4,3,1,1,3,3,1,4,1,3,1,1,1,2,3,3,2,2,1,2,3,3,4,1,4,3,4,2,1,2,4,3,3,1,1,1,2,1,2,3,4,4,2,4,2,2,3,2,3,3,2,2,2,3,2,3,4,2,1,3,3,1,3,2,1,3,1,1,3,2,3,4,3,2,4,3,1,4,2,4,1,1,2,2,2,2,2,1,1,1,1,3,1,4,1,4,2,3,1,2,2,4,1,3,2,3,1,3,2,2,2,2,4,2,4,3,1,4,1,3,3,3,3,2,1,2,4,4,2,2,1,3,4,1,3,4,1,2,2,3,3,2,2,3,3,3,4,3,2,2,2,1,3,1,3,1,3,4,1,3,3,2,2,3,1,2,2,1,1,3,3,1,2,2,1,1,2,1,3,1,1,2,1,2,3,4,3,1,4,3,2,4,4,3,2,3,2,1,1,2,1,3,2,4,4,3,3,3,3,4,1,1,3,2,2,2,1,1,1,4,2,3,1,2,2,3,1,1,1,3,1,3,2,2,1,2,1,1,2,1,1,4,1,2,4,4,2,1,2,2,4,2,4,4,4,4,1,3,2,1,1,1,2,3,1,2,3,1,3,4,3,3,4,3,1,2,1,3,3,3,1,4,4,4,1,1,1,1,1,4,2,4,2,3,4,4,1,1,1,1,3,4,3,1,1,3,1,1,2,1,2,3,4,2,4,1,1,1,2,4,3,1,2,3,1,1,2,2,1,4,1,2,2,2,4,3,4,2,4,1,4,1,4,1,4,3,1,1,4,4,1,4,2,4,3,1,3,3,2,2,3,1,3,4,1,1,4,1,2,1,1,1,1,3,3,3,2,4,4,2,1,2,1,1,2,1,3,3,3,3,2,3,1,2,2,3,4,4,3,3,1,1,3,3,4,3,4,3,1,4,4,4,3,2,4,1,3,4,3,2,2,3,3,3,4,3,1,2,4,4,2,2,1,1,1,4,1,1,1,3,3,4,2,1,3,3,4,2,1,3,4,4,3,4,2,4,2,2,3,2,2,1,2,3,2,3,2,2,1,3,2,3,4,1,3,4,1,3,3,2,2,3,3,1,4,1,1,3,1,3,4,1,4,1,4,2,1,2,1,1,1,3,1,1,3,1,3,3,1,2,2,1,1,4,1,2,4,4,3,2,1,1,4,1,4,3,4,1,4,1,1,1,2,3,4,1,1,2,3,2,1,3,3,1,4,3,3,3,4,2,1,2,2,4,2,1,1,4,3,1,4,4,2,4,3,2,1,1,1,2,1,1,3,3,3,3,1,1,4,2,1,2,1,1,3,3,3,3,1,3,3,2,2,4,2,2,2,2,1,4,3,3,3,3,1,3,4,1,1,2,4,2,1,3,2,3,4,1,3,1,2,3,4,1,2,2,2,1,2,4,4,1,2,2,2,2,4,3,3,2,1,4,2,2,3,2,3,2,3,2,1,1,1,4,4,1,1,2,1,3,4,2,2,4,1,1,3,3,1,1,2,2,1,4,2,4,2,3,2,4,4,1,4,3,1,2,2,1,1,3,2,1,2,2,4,2,4,2,3,1,1,2,2,2,1,4,1,3,1,4,3,3,3,4,4,2,1,4,4,2,3,4,4,1,1,1,4,1,3,4,2,4,2,2,4,4,2,3,1,4,2,2,1,1,2,4,2,2,1,1,4,4,1,1,3,4,1,4,1,2,4,3,2,3,3,1,1,2,1,4,2,1,2,1,3,3,4,4,4,2,3,4,1,1,1,4,2,1,4,4,1,1,3,3,3,3,2,2,1,1,4,2,2,2,2,3,1,1,4,2,4,2,1,1,2,2,4,1,3,4,3,3,1,4,3,2,4,3,3,4,1,3,1,1,2,1,4,4,2,3,3,1,3,1,2,3,4,3,2,1,1,4,2,1,3,1,2,2,2,2,2,3,2,4,4,2,4,3,1,1,2,1,3,1,1,1,1,1,1,3,1,1,1,3,3,3,2,4,2,2,1,2,4,3,4,1,3,3,3,3,2,1,2,3,1,3,3,1,1,1,2,4,2,1,4,3,2,1,2,1,3,1,1,3,2,1,3,2,2,2,3,4,1,1,4,2,2,2,3,1,3,4,4,2,4,2,1,2,3,4,3,3,1,3,2,2,2,2,3,3,3,4,1,3,4,1,4,1,1,2,4,3,1,1,2,3,1,1,4,1,3,1,1,1,2,2,4,1,2,1,4,4,4,3,2,2,4,4,3,4,4,3"
113,0.9877030496613249,0.43137254901960786,2253.0,"2,1,2,4,1,1,1,2,2,1,3,4,2,1,1,1,1,4,3,4,4,2,1,4,3,4,4,1,2,2,1,4,4,2,1,4,2,4,1,4,4,3,1,3,4,3,3,1,2,2,1,2,3,2,1,2,1,4,3,3,1,2,4,2,3,4,1,1,2,1,2,2,2,1,1,2,2,1,2,3,2,4,3,1,1,3,1,1,1,1,1,1,3,4,2,1,2,3,2,1,1,3,2,4,3,4,2,1,2,4,2,2,2,2,4,3,1,2,4,1,3,1,4,2,1,4,2,4,1,2,4,2,2,1,3,3,3,4,4,2,2,4,3,1,2,2,3,3,2,3,3,3,4,4,1,4,1,1,1,3,4,2,2,1,2,4,4,4,3,4,2,4,3,2,1,4,3,4,2,2,2,3,4,4,3,3,3,2,3,2,1,2,2,3,2,2,4,2,3,2,2,4,1,4,2,4,3,1,3,2,4,2,4,2,3,1,3,1,2,1,1,1,4,2,4,1,2,2,2,3,1,1,2,3,1,4,3,4,1,1,1,1,2,2,2,1,2,3,4,1,3,1,4,2,3,3,1,4,4,4,4,2,2,4,2,2,4,2,2,4,4,1,1,3,4,3,1,2,3,1,1,4,3,1,1,4,1,2,3,4,4,2,3,2,2,2,2,1,1,1,4,2,2,3,4,4,3,1,1,1,4,1,2,3,1,1,2,3,2,4,1,3,3,3,4,2,1,2,3,1,3,3,1,1,1,3,4,3,2,3,1,2,3,3,4,2,2,4,3,4,2,4,1,1,4,3,2,4,3,3,2,1,3,2,2,3,3,2,1,3,3,2,3,4,2,4,4,3,2,4,2,2,1,1,1,3,2,4,2,1,1,2,1,2,2,2,2,1,3,4,2,2,2,1,4,2,3,4,2,1,3,4,4,4,3,2,4,2,2,2,4,3,1,1,1,1,3,1,1,3,4,3,1,1,2,1,2,2,4,1,1,2,4,4,1,2,3,2,1,1,2,3,2,4,1,1,1,4,3,1,2,3,1,2,3,4,2,2,3,1,2,3,1,1,2,4,2,3,1,4,3,1,4,1,3,1,2,1,1,1,1,4,4,3,1,1,2,4,1,1,2,1,1,2,2,2,2,3,3,3,1,3,1,3,2,3,1,1,2,2,4,4,1,2,4,1,1,2,1,2,1,4,4,2,3,3,1,4,2,3,2,2,3,3,1,1,3,2,2,3,4,1,2,2,1,2,1,1,1,2,4,3,2,3,3,4,4,2,4,3,3,1,3,3,1,4,3,4,1,1,1,4,4,2,1,4,2,2,1,1,4,1,3,2,2,2,3,4,1,1,2,2,1,4,4,3,4,3,3,2,1,3,4,1,2,3,3,3,4,2,3,2,1,1,3,1,1,3,2,2,2,1,1,1,4,2,2,4,1,3,4,1,3,3,4,1,1,3,3,1,1,4,2,2,1,3,1,3,3,4,3,4,2,3,1,2,2,1,2,2,1,2,2,4,1,2,1,3,4,3,1,1,3,3,1,4,1,3,1,1,1,2,3,3,2,2,1,2,3,3,4,1,4,3,4,2,1,2,4,3,3,1,1,1,2,1,2,3,4,4,2,4,2,2,3,2,3,3,2,2,2,3,2,3,4,2,1,3,3,1,3,2,1,3,1,1,3,2,3,4,3,2,4,3,1,4,2,4,1,1,2,2,2,2,2,1,1,1,1,3,1,4,1,4,2,3,1,2,2,4,1,3,2,3,1,3,2,2,2,2,4,2,4,3,1,4,1,3,3,3,3,2,1,2,4,4,2,2,1,3,4,1,3,4,1,2,2,3,3,2,2,3,3,3,4,3,2,2,2,1,3,1,3,1,3,4,1,3,3,2,2,3,1,2,2,1,1,3,3,1,2,2,1,1,2,1,3,1,1,2,1,2,3,4,3,1,4,3,2,4,4,3,2,3,2,1,1,2,1,3,2,4,4,3,3,3,3,4,1,1,3,2,2,2,1,1,1,4,2,3,1,2,2,3,1,1,1,3,1,3,2,2,1,2,1,1,2,1,1,4,1,2,4,4,2,1,2,2,4,2,4,4,4,4,1,3,2,1,1,1,2,3,1,2,3,1,3,4,3,3,4,3,1,2,1,3,3,3,1,4,4,4,1,1,1,1,1,4,2,4,2,3,4,4,1,1,1,1,3,4,3,1,1,3,1,1,2,1,2,3,4,2,4,1,1,1,2,4,3,1,2,3,1,1,2,2,1,4,1,2,2,2,4,3,4,2,4,1,4,1,4,1,4,3,1,1,4,4,1,4,2,4,3,1,3,3,2,2,3,1,3,4,1,1,4,1,2,1,1,1,1,3,3,3,2,4,4,2,1,2,1,1,2,1,3,3,3,3,2,3,1,2,2,3,4,4,3,3,1,1,3,3,4,3,4,3,1,4,4,4,3,2,4,1,3,4,3,2,2,3,3,3,4,3,1,2,4,4,2,2,1,1,1,4,1,1,1,3,3,4,2,1,3,3,4,2,1,3,4,4,3,4,2,4,2,2,3,2,2,1,2,3,2,3,2,2,1,3,2,3,4,1,3,4,1,3,3,2,2,3,3,1,4,1,1,3,1,3,4,1,4,1,4,2,1,2,1,1,1,3,1,1,3,1,3,3,1,2,2,1,1,4,1,2,4,4,3,2,1,1,4,1,4,3,4,1,4,1,1,1,2,3,4,1,1,2,3,2,1,3,3,1,4,3,3,3,4,2,1,2,2,4,2,1,1,4,3,1,4,4,2,4,3,2,1,1,1,2,1,1,3,3,3,3,1,1,4,2,1,2,1,1,3,3,3,3,1,3,3,2,2,4,2,2,2,2,1,4,3,3,3,3,1,3,4,1,1,2,4,2,1,3,2,3,4,1,3,1,2,3,4,1,2,2,2,1,2,4,4,1,2,2,2,2,4,3,3,2,1,4,2,2,3,2,3,2,3,2,1,1,1,4,4,1,1,2,1,3,4,2,2,4,1,1,3,3,1,1,2,2,1,4,2,4,2,3,2,4,4,1,4,3,1,2,2,1,1,3,2,1,2,2,4,2,4,2,3,1,1,2,2,2,1,4,1,3,1,4,3,3,3,4,4,2,1,4,4,2,3,4,4,1,1,1,4,1,3,4,2,4,2,2,4,4,2,3,1,4,2,2,1,1,2,4,2,2,1,1,4,4,1,1,3,4,1,4,1,2,4,3,2,3,3,1,1,2,1,4,2,1,2,1,3,3,4,4,4,2,3,4,1,1,1,4,2,1,4,4,1,1,3,3,3,3,2,2,1,1,4,2,2,2,2,3,1,1,4,2,4,2,1,1,2,2,4,1,3,4,3,3,1,4,3,2,4,3,3,4,1,3,1,1,2,1,4,4,2,3,3,1,3,1,2,3,4,3,2,1,1,4,2,1,3,1,2,2,2,2,2,3,2,4,4,2,4,3,1,1,2,1,3,1,1,1,1,1,1,3,1,1,1,3,3,3,2,4,2,2,1,2,4,3,4,1,3,3,3,3,2,1,2,3,1,3,3,1,1,1,2,4,2,1,4,3,2,1,2,1,3,1,1,3,2,1,3,2,2,2,3,4,1,1,4,2,2,2,3,1,3,4,4,2,4,2,1,2,3,4,3,3,1,3,2,2,2,2,3,3,3,4,1,3,4,1,4,1,1,2,4,3,1,1,2,3,1,1,4,1,3,1,1,1,2,2,4,1,2,1,4,4,4,3,2,2,4,4,3,4,4,3"
114,0.9877030496613249,0.43137254901960786,2253.0,"2,1,2,4,1,1,1,2,2,1,3,4,2,1,1,1,1,4,3,4,4,2,1,4,3,4,4,1,2,2,1,4,4,2,1,4,2,4,1,4,4,3,1,3,4,3,3,1,2,2,1,2,3,2,1,2,1,4,3,3,1,2,4,2,3,4,1,1,2,1,2,2,2,1,1,2,2,1,2,3,2,4,3,1,1,3,1,1,1,1,1,1,3,4,2,1,2,3,2,1,1,3,2,4,3,4,2,1,2,4,2,2,2,2,4,3,1,2,4,1,3,1,4,2,1,4,2,4,1,2,4,2,2,1,3,3,3,4,4,2,2,4,3,1,2,2,3,3,2,3,3,3,4,4,1,4,1,1,1,3,4,2,2,1,2,4,4,4,3,4,2,4,3,2,1,4,3,4,2,2,2,3,4,4,3,3,3,2,3,2,1,2,2,3,2,2,4,2,3,2,2,4,1,4,2,4,3,1,3,2,4,2,4,2,3,1,3,1,2,1,1,1,4,2,4,1,2,2,2,3,1,1,2,3,1,4,3,4,1,1,1,1,2,2,2,1,2,3,4,1,3,1,4,2,3,3,1,4,4,4,4,2,2,4,2,2,4,2,2,4,4,1,1,3,4,3,1,2,3,1,1,4,3,1,1,4,1,2,3,4,4,2,3,2,2,2,2,1,1,1,4,2,2,3,4,4,3,1,1,1,4,1,2,3,1,1,2,3,2,4,1,3,3,3,4,2,1,2,3,1,3,3,1,1,1,3,4,3,2,3,1,2,3,3,4,2,2,4,3,4,2,4,1,1,4,3,2,4,3,3,2,1,3,2,2,3,3,2,1,3,3,2,3,4,2,4,4,3,2,4,2,2,1,1,1,3,2,4,2,1,1,2,1,2,2,2,2,1,3,4,2,2,2,1,4,2,3,4,2,1,3,4,4,4,3,2,4,2,2,2,4,3,1,1,1,1,3,1,1,3,4,3,1,1,2,1,2,2,4,1,1,2,4,4,1,2,3,2,1,1,2,3,2,4,1,1,1,4,3,1,2,3,1,2,3,4,2,2,3,1,2,3,1,1,2,4,2,3,1,4,3,1,4,1,3,1,2,1,1,1,1,4,4,3,1,1,2,4,1,1,2,1,1,2,2,2,2,3,3,3,1,3,1,3,2,3,1,1,2,2,4,4,1,2,4,1,1,2,1,2,1,4,4,2,3,3,1,4,2,3,2,2,3,3,1,1,3,2,2,3,4,1,2,2,1,2,1,1,1,2,4,3,2,3,3,4,4,2,4,3,3,1,3,3,1,4,3,4,1,1,1,4,4,2,1,4,2,2,1,1,4,1,3,2,2,2,3,4,1,1,2,2,1,4,4,3,4,3,3,2,1,3,4,1,2,3,3,3,4,2,3,2,1,1,3,1,1,3,2,2,2,1,1,1,4,2,2,4,1,3,4,1,3,3,4,1,1,3,3,1,1,4,2,2,1,3,1,3,3,4,3,4,2,3,1,2,2,1,2,2,1,2,2,4,1,2,1,3,4,3,1,1,3,3,1,4,1,3,1,1,1,2,3,3,2,2,1,2,3,3,4,1,4,3,4,2,1,2,4,3,3,1,1,1,2,1,2,3,4,4,2,4,2,2,3,2,3,3,2,2,2,3,2,3,4,2,1,3,3,1,3,2,1,3,1,1,3,2,3,4,3,2,4,3,1,4,2,4,1,1,2,2,2,2,2,1,1,1,1,3,1,4,1,4,2,3,1,2,2,4,1,3,2,3,1,3,2,2,2,2,4,2,4,3,1,4,1,3,3,3,3,2,1,2,4,4,2,2,1,3,4,1,3,4,1,2,2,3,3,2,2,3,3,3,4,3,2,2,2,1,3,1,3,1,3,4,1,3,3,2,2,3,1,2,2,1,1,3,3,1,2,2,1,1,2,1,3,1,1,2,1,2,3,4,3,1,4,3,2,4,4,3,2,3,2,1,1,2,1,3,2,4,4,3,3,3,3,4,1,1,3,2,2,2,1,1,1,4,2,3,1,2,2,3,1,1,1,3,1,3,2,2,1,2,1,1,2,1,1,4,1,2,4,4,2,1,2,2,4,2,4,4,4,4,1,3,2,1,1,1,2,3,1,2,3,1,3,4,3,3,4,3,1,2,1,3,3,3,1,4,4,4,1,1,1,1,1,4,2,4,2,3,4,4,1,1,1,1,3,4,3,1,1,3,1,1,2,1,2,3,4,2,4,1,1,1,2,4,3,1,2,3,1,1,2,2,1,4,1,2,2,2,4,3,4,2,4,1,4,1,4,1,4,3,1,1,4,4,1,4,2,4,3,1,3,3,2,2,3,1,3,4,1,1,4,1,2,1,1,1,1,3,3,3,2,4,4,2,1,2,1,1,2,1,3,3,3,3,2,3,1,2,2,3,4,4,3,3,1,1,3,3,4,3,4,3,1,4,4,4,3,2,4,1,3,4,3,2,2,3,3,3,4,3,1,2,4,4,2,2,1,1,1,4,1,1,1,3,3,4,2,1,3,3,4,2,1,3,4,4,3,4,2,4,2,2,3,2,2,1,2,3,2,3,2,2,1,3,2,3,4,1,3,4,1,3,3,2,2,3,3,1,4,1,1,3,1,3,4,1,4,1,4,2,1,2,1,1,1,3,1,1,3,1,3,3,1,2,2,1,1,4,1,2,4,4,3,2,1,1,4,1,4,3,4,1,4,1,1,1,2,3,4,1,1,2,3,2,1,3,3,1,4,3,3,3,4,2,1,2,2,4,2,1,1,4,3,1,4,4,2,4,3,2,1,1,1,2,1,1,3,3,3,3,1,1,4,2,1,2,1,1,3,3,3,3,1,3,3,2,2,4,2,2,2,2,1,4,3,3,3,3,1,3,4,1,1,2,4,2,1,3,2,3,4,1,3,1,2,3,4,1,2,2,2,1,2,4,4,1,2,2,2,2,4,3,3,2,1,4,2,2,3,2,3,2,3,2,1,1,1,4,4,1,1,2,1,3,4,2,2,4,1,1,3,3,1,1,2,2,1,4,2,4,2,3,2,4,4,1,4,3,1,2,2,1,1,3,2,1,2,2,4,2,4,2,3,1,1,2,2,2,1,4,1,3,1,4,3,3,3,4,4,2,1,4,4,2,3,4,4,1,1,1,4,1,3,4,2,4,2,2,4,4,2,3,1,4,2,2,1,1,2,4,2,2,1,1,4,4,1,1,3,4,1,4,1,2,4,3,2,3,3,1,1,2,1,4,2,1,2,1,3,3,4,4,4,2,3,4,1,1,1,4,2,1,4,4,1,1,3,3,3,3,2,2,1,1,4,2,2,2,2,3,1,1,4,2,4,2,1,1,2,2,4,1,3,4,3,3,1,4,3,2,4,3,3,4,1,3,1,1,2,1,4,4,2,3,3,1,3,1,2,3,4,3,2,1,1,4,2,1,3,1,2,2,2,2,2,3,2,4,4,2,4,3,1,1,2,1,3,1,1,1,1,1,1,3,1,1,1,3,3,3,2,4,2,2,1,2,4,3,4,1,3,3,3,3,2,1,2,3,1,3,3,1,1,1,2,4,2,1,4,3,2,1,2,1,3,1,1,3,2,1,3,2,2,2,3,4,1,1,4,2,2,2,3,1,3,4,4,2,4,2,1,2,3,4,3,3,1,3,2,2,2,2,3,3,3,4,1,3,4,1,4,1,1,2,4,3,1,1,2,3,1,1,4,1,3,1,1,1,2,2,4,1,2,1,4,4,4,3,2,2,4,4,3,4,4,3"
115,0.9877030496613249,0.43137254901960786,2253.0,"2,1,2,4,1,1,1,2,2,1,3,4,2,1,1,1,1,4,3,4,4,2,1,4,3,4,4,1,2,2,1,4,4,2,1,4,2,4,1,4,4,3,1,3,4,3,3,1,2,2,1,2,3,2,1,2,1,4,3,3,1,2,4,2,3,4,1,1,2,1,2,2,2,1,1,2,2,1,2,3,2,4,3,1,1,3,1,1,1,1,1,1,3,4,2,1,2,3,2,1,1,3,2,4,3,4,2,1,2,4,2,2,2,2,4,3,1,2,4,1,3,1,4,2,1,4,2,4,1,2,4,2,2,1,3,3,3,4,4,2,2,4,3,1,2,2,3,3,2,3,3,3,4,4,1,4,1,1,1,3,4,2,2,1,2,4,4,4,3,4,2,4,3,2,1,4,3,4,2,2,2,3,4,4,3,3,3,2,3,2,1,2,2,3,2,2,4,2,3,2,2,4,1,4,2,4,3,1,3,2,4,2,4,2,3,1,3,1,2,1,1,1,4,2,4,1,2,2,2,3,1,1,2,3,1,4,3,4,1,1,1,1,2,2,2,1,2,3,4,1,3,1,4,2,3,3,1,4,4,4,4,2,2,4,2,2,4,2,2,4,4,1,1,3,4,3,1,2,3,1,1,4,3,1,1,4,1,2,3,4,4,2,3,2,2,2,2,1,1,1,4,2,2,3,4,4,3,1,1,1,4,1,2,3,1,1,2,3,2,4,1,3,3,3,4,2,1,2,3,1,3,3,1,1,1,3,4,3,2,3,1,2,3,3,4,2,2,4,3,4,2,4,1,1,4,3,2,4,3,3,2,1,3,2,2,3,3,2,1,3,3,2,3,4,2,4,4,3,2,4,2,2,1,1,1,3,2,4,2,1,1,2,1,2,2,2,2,1,3,4,2,2,2,1,4,2,3,4,2,1,3,4,4,4,3,2,4,2,2,2,4,3,1,1,1,1,3,1,1,3,4,3,1,1,2,1,2,2,4,1,1,2,4,4,1,2,3,2,1,1,2,3,2,4,1,1,1,4,3,1,2,3,1,2,3,4,2,2,3,1,2,3,1,1,2,4,2,3,1,4,3,1,4,1,3,1,2,1,1,1,1,4,4,3,1,1,2,4,1,1,2,1,1,2,2,2,2,3,3,3,1,3,1,3,2,3,1,1,2,2,4,4,1,2,4,1,1,2,1,2,1,4,4,2,3,3,1,4,2,3,2,2,3,3,1,1,3,2,2,3,4,1,2,2,1,2,1,1,1,2,4,3,2,3,3,4,4,2,4,3,3,1,3,3,1,4,3,4,1,1,1,4,4,2,1,4,2,2,1,1,4,1,3,2,2,2,3,4,1,1,2,2,1,4,4,3,4,3,3,2,1,3,4,1,2,3,3,3,4,2,3,2,1,1,3,1,1,3,2,2,2,1,1,1,4,2,2,4,1,3,4,1,3,3,4,1,1,3,3,1,1,4,2,2,1,3,1,3,3,4,3,4,2,3,1,2,2,1,2,2,1,2,2,4,1,2,1,3,4,3,1,1,3,3,1,4,1,3,1,1,1,2,3,3,2,2,1,2,3,3,4,1,4,3,4,2,1,2,4,3,3,1,1,1,2,1,2,3,4,4,2,4,2,2,3,2,3,3,2,2,2,3,2,3,4,2,1,3,3,1,3,2,1,3,1,1,3,2,3,4,3,2,4,3,1,4,2,4,1,1,2,2,2,2,2,1,1,1,1,3,1,4,1,4,2,3,1,2,2,4,1,3,2,3,1,3,2,2,2,2,4,2,4,3,1,4,1,3,3,3,3,2,1,2,4,4,2,2,1,3,4,1,3,4,1,2,2,3,3,2,2,3,3,3,4,3,2,2,2,1,3,1,3,1,3,4,1,3,3,2,2,3,1,2,2,1,1,3,3,1,2,2,1,1,2,1,3,1,1,2,1,2,3,4,3,1,4,3,2,4,4,3,2,3,2,1,1,2,1,3,2,4,4,3,3,3,3,4,1,1,3,2,2,2,1,1,1,4,2,3,1,2,2,3,1,1,1,3,1,3,2,2,1,2,1,1,2,1,1,4,1,2,4,4,2,1,2,2,4,2,4,4,4,4,1,3,2,1,1,1,2,3,1,2,3,1,3,4,3,3,4,3,1,2,1,3,3,3,1,4,4,4,1,1,1,1,1,4,2,4,2,3,4,4,1,1,1,1,3,4,3,1,1,3,1,1,2,1,2,3,4,2,4,1,1,1,2,4,3,1,2,3,1,1,2,2,1,4,1,2,2,2,4,3,4,2,4,1,4,1,4,1,4,3,1,1,4,4,1,4,2,4,3,1,3,3,2,2,3,1,3,4,1,1,4,1,2,1,1,1,1,3,3,3,2,4,4,2,1,2,1,1,2,1,3,3,3,3,2,3,1,2,2,3,4,4,3,3,1,1,3,3,4,3,4,3,1,4,4,4,3,2,4,1,3,4,3,2,2,3,3,3,4,3,1,2,4,4,2,2,1,1,1,4,1,1,1,3,3,4,2,1,3,3,4,2,1,3,4,4,3,4,2,4,2,2,3,2,2,1,2,3,2,3,2,2,1,3,2,3,4,1,3,4,1,3,3,2,2,3,3,1,4,1,1,3,1,3,4,1,4,1,4,2,1,2,1,1,1,3,1,1,3,1,3,3,1,2,2,1,1,4,1,2,4,4,3,2,1,1,4,1,4,3,4,1,4,1,1,1,2,3,4,1,1,2,3,2,1,3,3,1,4,3,3,3,4,2,1,2,2,4,2,1,1,4,3,1,4,4,2,4,3,2,1,1,1,2,1,1,3,3,3,3,1,1,4,2,1,2,1,1,3,3,3,3,1,3,3,2,2,4,2,2,2,2,1,4,3,3,3,3,1,3,4,1,1,2,4,2,1,3,2,3,4,1,3,1,2,3,4,1,2,2,2,1,2,4,4,1,2,2,2,2,4,3,3,2,1,4,2,2,3,2,3,2,3,2,1,1,1,4,4,1,1,2,1,3,4,2,2,4,1,1,3,3,1,1,2,2,1,4,2,4,2,3,2,4,4,1,4,3,1,2,2,1,1,3,2,1,2,2,4,2,4,2,3,1,1,2,2,2,1,4,1,3,1,4,3,3,3,4,4,2,1,4,4,2,3,4,4,1,1,1,4,1,3,4,2,4,2,2,4,4,2,3,1,4,2,2,1,1,2,4,2,2,1,1,4,4,1,1,3,4,1,4,1,2,4,3,2,3,3,1,1,2,1,4,2,1,2,1,3,3,4,4,4,2,3,4,1,1,1,4,2,1,4,4,1,1,3,3,3,3,2,2,1,1,4,2,2,2,2,3,1,1,4,2,4,2,1,1,2,2,4,1,3,4,3,3,1,4,3,2,4,3,3,4,1,3,1,1,2,1,4,4,2,3,3,1,3,1,2,3,4,3,2,1,1,4,2,1,3,1,2,2,2,2,2,3,2,4,4,2,4,3,1,1,2,1,3,1,1,1,1,1,1,3,1,1,1,3,3,3,2,4,2,2,1,2,4,3,4,1,3,3,3,3,2,1,2,3,1,3,3,1,1,1,2,4,2,1,4,3,2,1,2,1,3,1,1,3,2,1,3,2,2,2,3,4,1,1,4,2,2,2,3,1,3,4,4,2,4,2,1,2,3,4,3,3,1,3,2,2,2,2,3,3,3,4,1,3,4,1,4,1,1,2,4,3,1,1,2,3,1,1,4,1,3,1,1,1,2,2,4,1,2,1,4,4,4,3,2,2,4,4,3,4,4,3"
116,0.9877030496613249,0.43137254901960786,2253.0,"2,1,2,4,1,1,1,2,2,1,3,4,2,1,1,1,1,4,3,4,4,2,1,4,3,4,4,1,2,2,1,4,4,2,1,4,2,4,1,4,4,3,1,3,4,3,3,1,2,2,1,2,3,2,1,2,1,4,3,3,1,2,4,2,3,4,1,1,2,1,2,2,2,1,1,2,2,1,2,3,2,4,3,1,1,3,1,1,1,1,1,1,3,4,2,1,2,3,2,1,1,3,2,4,3,4,2,1,2,4,2,2,2,2,4,3,1,2,4,1,3,1,4,2,1,4,2,4,1,2,4,2,2,1,3,3,3,4,4,2,2,4,3,1,2,2,3,3,2,3,3,3,4,4,1,4,1,1,1,3,4,2,2,1,2,4,4,4,3,4,2,4,3,2,1,4,3,4,2,2,2,3,4,4,3,3,3,2,3,2,1,2,2,3,2,2,4,2,3,2,2,4,1,4,2,4,3,1,3,2,4,2,4,2,3,1,3,1,2,1,1,1,4,2,4,1,2,2,2,3,1,1,2,3,1,4,3,4,1,1,1,1,2,2,2,1,2,3,4,1,3,1,4,2,3,3,1,4,4,4,4,2,2,4,2,2,4,2,2,4,4,1,1,3,4,3,1,2,3,1,1,4,3,1,1,4,1,2,3,4,4,2,3,2,2,2,2,1,1,1,4,2,2,3,4,4,3,1,1,1,4,1,2,3,1,1,2,3,2,4,1,3,3,3,4,2,1,2,3,1,3,3,1,1,1,3,4,3,2,3,1,2,3,3,4,2,2,4,3,4,2,4,1,1,4,3,2,4,3,3,2,1,3,2,2,3,3,2,1,3,3,2,3,4,2,4,4,3,2,4,2,2,1,1,1,3,2,4,2,1,1,2,1,2,2,2,2,1,3,4,2,2,2,1,4,2,3,4,2,1,3,4,4,4,3,2,4,2,2,2,4,3,1,1,1,1,3,1,1,3,4,3,1,1,2,1,2,2,4,1,1,2,4,4,1,2,3,2,1,1,2,3,2,4,1,1,1,4,3,1,2,3,1,2,3,4,2,2,3,1,2,3,1,1,2,4,2,3,1,4,3,1,4,1,3,1,2,1,1,1,1,4,4,3,1,1,2,4,1,1,2,1,1,2,2,2,2,3,3,3,1,3,1,3,2,3,1,1,2,2,4,4,1,2,4,1,1,2,1,2,1,4,4,2,3,3,1,4,2,3,2,2,3,3,1,1,3,2,2,3,4,1,2,2,1,2,1,1,1,2,4,3,2,3,3,4,4,2,4,3,3,1,3,3,1,4,3,4,1,1,1,4,4,2,1,4,2,2,1,1,4,1,3,2,2,2,3,4,1,1,2,2,1,4,4,3,4,3,3,2,1,3,4,1,2,3,3,3,4,2,3,2,1,1,3,1,1,3,2,2,2,1,1,1,4,2,2,4,1,3,4,1,3,3,4,1,1,3,3,1,1,4,2,2,1,3,1,3,3,4,3,4,2,3,1,2,2,1,2,2,1,2,2,4,1,2,1,3,4,3,1,1,3,3,1,4,1,3,1,1,1,2,3,3,2,2,1,2,3,3,4,1,4,3,4,2,1,2,4,3,3,1,1,1,2,1,2,3,4,4,2,4,2,2,3,2,3,3,2,2,2,3,2,3,4,2,1,3,3,1,3,2,1,3,1,1,3,2,3,4,3,2,4,3,1,4,2,4,1,1,2,2,2,2,2,1,1,1,1,3,1,4,1,4,2,3,1,2,2,4,1,3,2,3,1,3,2,2,2,2,4,2,4,3,1,4,1,3,3,3,3,2,1,2,4,4,2,2,1,3,4,1,3,4,1,2,2,3,3,2,2,3,3,3,4,3,2,2,2,1,3,1,3,1,3,4,1,3,3,2,2,3,1,2,2,1,1,3,3,1,2,2,1,1,2,1,3,1,1,2,1,2,3,4,3,1,4,3,2,4,4,3,2,3,2,1,1,2,1,3,2,4,4,3,3,3,3,4,1,1,3,2,2,2,1,1,1,4,2,3,1,2,2,3,1,1,1,3,1,3,2,2,1,2,1,1,2,1,1,4,1,2,4,4,2,1,2,2,4,2,4,4,4,4,1,3,2,1,1,1,2,3,1,2,3,1,3,4,3,3,4,3,1,2,1,3,3,3,1,4,4,4,1,1,1,1,1,4,2,4,2,3,4,4,1,1,1,1,3,4,3,1,1,3,1,1,2,1,2,3,4,2,4,1,1,1,2,4,3,1,2,3,1,1,2,2,1,4,1,2,2,2,4,3,4,2,4,1,4,1,4,1,4,3,1,1,4,4,1,4,2,4,3,1,3,3,2,2,3,1,3,4,1,1,4,1,2,1,1,1,1,3,3,3,2,4,4,2,1,2,1,1,2,1,3,3,3,3,2,3,1,2,2,3,4,4,3,3,1,1,3,3,4,3,4,3,1,4,4,4,3,2,4,1,3,4,3,2,2,3,3,3,4,3,1,2,4,4,2,2,1,1,1,4,1,1,1,3,3,4,2,1,3,3,4,2,1,3,4,4,3,4,2,4,2,2,3,2,2,1,2,3,2,3,2,2,1,3,2,3,4,1,3,4,1,3,3,2,2,3,3,1,4,1,1,3,1,3,4,1,4,1,4,2,1,2,1,1,1,3,1,1,3,1,3,3,1,2,2,1,1,4,1,2,4,4,3,2,1,1,4,1,4,3,4,1,4,1,1,1,2,3,4,1,1,2,3,2,1,3,3,1,4,3,3,3,4,2,1,2,2,4,2,1,1,4,3,1,4,4,2,4,3,2,1,1,1,2,1,1,3,3,3,3,1,1,4,2,1,2,1,1,3,3,3,3,1,3,3,2,2,4,2,2,2,2,1,4,3,3,3,3,1,3,4,1,1,2,4,2,1,3,2,3,4,1,3,1,2,3,4,1,2,2,2,1,2,4,4,1,2,2,2,2,4,3,3,2,1,4,2,2,3,2,3,2,3,2,1,1,1,4,4,1,1,2,1,3,4,2,2,4,1,1,3,3,1,1,2,2,1,4,2,4,2,3,2,4,4,1,4,3,1,2,2,1,1,3,2,1,2,2,4,2,4,2,3,1,1,2,2,2,1,4,1,3,1,4,3,3,3,4,4,2,1,4,4,2,3,4,4,1,1,1,4,1,3,4,2,4,2,2,4,4,2,3,1,4,2,2,1,1,2,4,2,2,1,1,4,4,1,1,3,4,1,4,1,2,4,3,2,3,3,1,1,2,1,4,2,1,2,1,3,3,4,4,4,2,3,4,1,1,1,4,2,1,4,4,1,1,3,3,3,3,2,2,1,1,4,2,2,2,2,3,1,1,4,2,4,2,1,1,2,2,4,1,3,4,3,3,1,4,3,2,4,3,3,4,1,3,1,1,2,1,4,4,2,3,3,1,3,1,2,3,4,3,2,1,1,4,2,1,3,1,2,2,2,2,2,3,2,4,4,2,4,3,1,1,2,1,3,1,1,1,1,1,1,3,1,1,1,3,3,3,2,4,2,2,1,2,4,3,4,1,3,3,3,3,2,1,2,3,1,3,3,1,1,1,2,4,2,1,4,3,2,1,2,1,3,1,1,3,2,1,3,2,2,2,3,4,1,1,4,2,2,2,3,1,3,4,4,2,4,2,1,2,3,4,3,3,1,3,2,2,2,2,3,3,3,4,1,3,4,1,4,1,1,2,4,3,1,1,2,3,1,1,4,1,3,1,1,1,2,2,4,1,2,1,4,4,4,3,2,2,4,4,3,4,4,3"
117,0.9877030496613249,0.43137254901960786,2253.0,"2,1,2,4,1,1,1,2,2,1,3,4,2,1,1,1,1,4,3,4,4,2,1,4,3,4,4,1,2,2,1,4,4,2,1,4,2,4,1,4,4,3,1,3,4,3,3,1,2,2,1,2,3,2,1,2,1,4,3,3,1,2,4,2,3,4,1,1,2,1,2,2,2,1,1,2,2,1,2,3,2,4,3,1,1,3,1,1,1,1,1,1,3,4,2,1,2,3,2,1,1,3,2,4,3,4,2,1,2,4,2,2,2,2,4,3,1,2,4,1,3,1,4,2,1,4,2,4,1,2,4,2,2,1,3,3,3,4,4,2,2,4,3,1,2,2,3,3,2,3,3,3,4,4,1,4,1,1,1,3,4,2,2,1,2,4,4,4,3,4,2,4,3,2,1,4,3,4,2,2,2,3,4,4,3,3,3,2,3,2,1,2,2,3,2,2,4,2,3,2,2,4,1,4,2,4,3,1,3,2,4,2,4,2,3,1,3,1,2,1,1,1,4,2,4,1,2,2,2,3,1,1,2,3,1,4,3,4,1,1,1,1,2,2,2,1,2,3,4,1,3,1,4,2,3,3,1,4,4,4,4,2,2,4,2,2,4,2,2,4,4,1,1,3,4,3,1,2,3,1,1,4,3,1,1,4,1,2,3,4,4,2,3,2,2,2,2,1,1,1,4,2,2,3,4,4,3,1,1,1,4,1,2,3,1,1,2,3,2,4,1,3,3,3,4,2,1,2,3,1,3,3,1,1,1,3,4,3,2,3,1,2,3,3,4,2,2,4,3,4,2,4,1,1,4,3,2,4,3,3,2,1,3,2,2,3,3,2,1,3,3,2,3,4,2,4,4,3,2,4,2,2,1,1,1,3,2,4,2,1,1,2,1,2,2,2,2,1,3,4,2,2,2,1,4,2,3,4,2,1,3,4,4,4,3,2,4,2,2,2,4,3,1,1,1,1,3,1,1,3,4,3,1,1,2,1,2,2,4,1,1,2,4,4,1,2,3,2,1,1,2,3,2,4,1,1,1,4,3,1,2,3,1,2,3,4,2,2,3,1,2,3,1,1,2,4,2,3,1,4,3,1,4,1,3,1,2,1,1,1,1,4,4,3,1,1,2,4,1,1,2,1,1,2,2,2,2,3,3,3,1,3,1,3,2,3,1,1,2,2,4,4,1,2,4,1,1,2,1,2,1,4,4,2,3,3,1,4,2,3,2,2,3,3,1,1,3,2,2,3,4,1,2,2,1,2,1,1,1,2,4,3,2,3,3,4,4,2,4,3,3,1,3,3,1,4,3,4,1,1,1,4,4,2,1,4,2,2,1,1,4,1,3,2,2,2,3,4,1,1,2,2,1,4,4,3,4,3,3,2,1,3,4,1,2,3,3,3,4,2,3,2,1,1,3,1,1,3,2,2,2,1,1,1,4,2,2,4,1,3,4,1,3,3,4,1,1,3,3,1,1,4,2,2,1,3,1,3,3,4,3,4,2,3,1,2,2,1,2,2,1,2,2,4,1,2,1,3,4,3,1,1,3,3,1,4,1,3,1,1,1,2,3,3,2,2,1,2,3,3,4,1,4,3,4,2,1,2,4,3,3,1,1,1,2,1,2,3,4,4,2,4,2,2,3,2,3,3,2,2,2,3,2,3,4,2,1,3,3,1,3,2,1,3,1,1,3,2,3,4,3,2,4,3,1,4,2,4,1,1,2,2,2,2,2,1,1,1,1,3,1,4,1,4,2,3,1,2,2,4,1,3,2,3,1,3,2,2,2,2,4,2,4,3,1,4,1,3,3,3,3,2,1,2,4,4,2,2,1,3,4,1,3,4,1,2,2,3,3,2,2,3,3,3,4,3,2,2,2,1,3,1,3,1,3,4,1,3,3,2,2,3,1,2,2,1,1,3,3,1,2,2,1,1,2,1,3,1,1,2,1,2,3,4,3,1,4,3,2,4,4,3,2,3,2,1,1,2,1,3,2,4,4,3,3,3,3,4,1,1,3,2,2,2,1,1,1,4,2,3,1,2,2,3,1,1,1,3,1,3,2,2,1,2,1,1,2,1,1,4,1,2,4,4,2,1,2,2,4,2,4,4,4,4,1,3,2,1,1,1,2,3,1,2,3,1,3,4,3,3,4,3,1,2,1,3,3,3,1,4,4,4,1,1,1,1,1,4,2,4,2,3,4,4,1,1,1,1,3,4,3,1,1,3,1,1,2,1,2,3,4,2,4,1,1,1,2,4,3,1,2,3,1,1,2,2,1,4,1,2,2,2,4,3,4,2,4,1,4,1,4,1,4,3,1,1,4,4,1,4,2,4,3,1,3,3,2,2,3,1,3,4,1,1,4,1,2,1,1,1,1,3,3,3,2,4,4,2,1,2,1,1,2,1,3,3,3,3,2,3,1,2,2,3,4,4,3,3,1,1,3,3,4,3,4,3,1,4,4,4,3,2,4,1,3,4,3,2,2,3,3,3,4,3,1,2,4,4,2,2,1,1,1,4,1,1,1,3,3,4,2,1,3,3,4,2,1,3,4,4,3,4,2,4,2,2,3,2,2,1,2,3,2,3,2,2,1,3,2,3,4,1,3,4,1,3,3,2,2,3,3,1,4,1,1,3,1,3,4,1,4,1,4,2,1,2,1,1,1,3,1,1,3,1,3,3,1,2,2,1,1,4,1,2,4,4,3,2,1,1,4,1,4,3,4,1,4,1,1,1,2,3,4,1,1,2,3,2,1,3,3,1,4,3,3,3,4,2,1,2,2,4,2,1,1,4,3,1,4,4,2,4,3,2,1,1,1,2,1,1,3,3,3,3,1,1,4,2,1,2,1,1,3,3,3,3,1,3,3,2,2,4,2,2,2,2,1,4,3,3,3,3,1,3,4,1,1,2,4,2,1,3,2,3,4,1,3,1,2,3,4,1,2,2,2,1,2,4,4,1,2,2,2,2,4,3,3,2,1,4,2,2,3,2,3,2,3,2,1,1,1,4,4,1,1,2,1,3,4,2,2,4,1,1,3,3,1,1,2,2,1,4,2,4,2,3,2,4,4,1,4,3,1,2,2,1,1,3,2,1,2,2,4,2,4,2,3,1,1,2,2,2,1,4,1,3,1,4,3,3,3,4,4,2,1,4,4,2,3,4,4,1,1,1,4,1,3,4,2,4,2,2,4,4,2,3,1,4,2,2,1,1,2,4,2,2,1,1,4,4,1,1,3,4,1,4,1,2,4,3,2,3,3,1,1,2,1,4,2,1,2,1,3,3,4,4,4,2,3,4,1,1,1,4,2,1,4,4,1,1,3,3,3,3,2,2,1,1,4,2,2,2,2,3,1,1,4,2,4,2,1,1,2,2,4,1,3,4,3,3,1,4,3,2,4,3,3,4,1,3,1,1,2,1,4,4,2,3,3,1,3,1,2,3,4,3,2,1,1,4,2,1,3,1,2,2,2,2,2,3,2,4,4,2,4,3,1,1,2,1,3,1,1,1,1,1,1,3,1,1,1,3,3,3,2,4,2,2,1,2,4,3,4,1,3,3,3,3,2,1,2,3,1,3,3,1,1,1,2,4,2,1,4,3,2,1,2,1,3,1,1,3,2,1,3,2,2,2,3,4,1,1,4,2,2,2,3,1,3,4,4,2,4,2,1,2,3,4,3,3,1,3,2,2,2,2,3,3,3,4,1,3,4,1,4,1,1,2,4,3,1,1,2,3,1,1,4,1,3,1,1,1,2,2,4,1,2,1,4,4,4,3,2,2,4,4,3,4,4,3"
118,0.9877030496613249,0.43137254901960786,2253.0,"2,1,2,4,1,1,1,2,2,1,3,4,2,1,1,1,1,4,3,4,4,2,1,4,3,4,4,1,2,2,1,4,4,2,1,4,2,4,1,4,4,3,1,3,4,3,3,1,2,2,1,2,3,2,1,2,1,4,3,3,1,2,4,2,3,4,1,1,2,1,2,2,2,1,1,2,2,1,2,3,2,4,3,1,1,3,1,1,1,1,1,1,3,4,2,1,2,3,2,1,1,3,2,4,3,4,2,1,2,4,2,2,2,2,4,3,1,2,4,1,3,1,4,2,1,4,2,4,1,2,4,2,2,1,3,3,3,4,4,2,2,4,3,1,2,2,3,3,2,3,3,3,4,4,1,4,1,1,1,3,4,2,2,1,2,4,4,4,3,4,2,4,3,2,1,4,3,4,2,2,2,3,4,4,3,3,3,2,3,2,1,2,2,3,2,2,4,2,3,2,2,4,1,4,2,4,3,1,3,2,4,2,4,2,3,1,3,1,2,1,1,1,4,2,4,1,2,2,2,3,1,1,2,3,1,4,3,4,1,1,1,1,2,2,2,1,2,3,4,1,3,1,4,2,3,3,1,4,4,4,4,2,2,4,2,2,4,2,2,4,4,1,1,3,4,3,1,2,3,1,1,4,3,1,1,4,1,2,3,4,4,2,3,2,2,2,2,1,1,1,4,2,2,3,4,4,3,1,1,1,4,1,2,3,1,1,2,3,2,4,1,3,3,3,4,2,1,2,3,1,3,3,1,1,1,3,4,3,2,3,1,2,3,3,4,2,2,4,3,4,2,4,1,1,4,3,2,4,3,3,2,1,3,2,2,3,3,2,1,3,3,2,3,4,2,4,4,3,2,4,2,2,1,1,1,3,2,4,2,1,1,2,1,2,2,2,2,1,3,4,2,2,2,1,4,2,3,4,2,1,3,4,4,4,3,2,4,2,2,2,4,3,1,1,1,1,3,1,1,3,4,3,1,1,2,1,2,2,4,1,1,2,4,4,1,2,3,2,1,1,2,3,2,4,1,1,1,4,3,1,2,3,1,2,3,4,2,2,3,1,2,3,1,1,2,4,2,3,1,4,3,1,4,1,3,1,2,1,1,1,1,4,4,3,1,1,2,4,1,1,2,1,1,2,2,2,2,3,3,3,1,3,1,3,2,3,1,1,2,2,4,4,1,2,4,1,1,2,1,2,1,4,4,2,3,3,1,4,2,3,2,2,3,3,1,1,3,2,2,3,4,1,2,2,1,2,1,1,1,2,4,3,2,3,3,4,4,2,4,3,3,1,3,3,1,4,3,4,1,1,1,4,4,2,1,4,2,2,1,1,4,1,3,2,2,2,3,4,1,1,2,2,1,4,4,3,4,3,3,2,1,3,4,1,2,3,3,3,4,2,3,2,1,1,3,1,1,3,2,2,2,1,1,1,4,2,2,4,1,3,4,1,3,3,4,1,1,3,3,1,1,4,2,2,1,3,1,3,3,4,3,4,2,3,1,2,2,1,2,2,1,2,2,4,1,2,1,3,4,3,1,1,3,3,1,4,1,3,1,1,1,2,3,3,2,2,1,2,3,3,4,1,4,3,4,2,1,2,4,3,3,1,1,1,2,1,2,3,4,4,2,4,2,2,3,2,3,3,2,2,2,3,2,3,4,2,1,3,3,1,3,2,1,3,1,1,3,2,3,4,3,2,4,3,1,4,2,4,1,1,2,2,2,2,2,1,1,1,1,3,1,4,1,4,2,3,1,2,2,4,1,3,2,3,1,3,2,2,2,2,4,2,4,3,1,4,1,3,3,3,3,2,1,2,4,4,2,2,1,3,4,1,3,4,1,2,2,3,3,2,2,3,3,3,4,3,2,2,2,1,3,1,3,1,3,4,1,3,3,2,2,3,1,2,2,1,1,3,3,1,2,2,1,1,2,1,3,1,1,2,1,2,3,4,3,1,4,3,2,4,4,3,2,3,2,1,1,2,1,3,2,4,4,3,3,3,3,4,1,1,3,2,2,2,1,1,1,4,2,3,1,2,2,3,1,1,1,3,1,3,2,2,1,2,1,1,2,1,1,4,1,2,4,4,2,1,2,2,4,2,4,4,4,4,1,3,2,1,1,1,2,3,1,2,3,1,3,4,3,3,4,3,1,2,1,3,3,3,1,4,4,4,1,1,1,1,1,4,2,4,2,3,4,4,1,1,1,1,3,4,3,1,1,3,1,1,2,1,2,3,4,2,4,1,1,1,2,4,3,1,2,3,1,1,2,2,1,4,1,2,2,2,4,3,4,2,4,1,4,1,4,1,4,3,1,1,4,4,1,4,2,4,3,1,3,3,2,2,3,1,3,4,1,1,4,1,2,1,1,1,1,3,3,3,2,4,4,2,1,2,1,1,2,1,3,3,3,3,2,3,1,2,2,3,4,4,3,3,1,1,3,3,4,3,4,3,1,4,4,4,3,2,4,1,3,4,3,2,2,3,3,3,4,3,1,2,4,4,2,2,1,1,1,4,1,1,1,3,3,4,2,1,3,3,4,2,1,3,4,4,3,4,2,4,2,2,3,2,2,1,2,3,2,3,2,2,1,3,2,3,4,1,3,4,1,3,3,2,2,3,3,1,4,1,1,3,1,3,4,1,4,1,4,2,1,2,1,1,1,3,1,1,3,1,3,3,1,2,2,1,1,4,1,2,4,4,3,2,1,1,4,1,4,3,4,1,4,1,1,1,2,3,4,1,1,2,3,2,1,3,3,1,4,3,3,3,4,2,1,2,2,4,2,1,1,4,3,1,4,4,2,4,3,2,1,1,1,2,1,1,3,3,3,3,1,1,4,2,1,2,1,1,3,3,3,3,1,3,3,2,2,4,2,2,2,2,1,4,3,3,3,3,1,3,4,1,1,2,4,2,1,3,2,3,4,1,3,1,2,3,4,1,2,2,2,1,2,4,4,1,2,2,2,2,4,3,3,2,1,4,2,2,3,2,3,2,3,2,1,1,1,4,4,1,1,2,1,3,4,2,2,4,1,1,3,3,1,1,2,2,1,4,2,4,2,3,2,4,4,1,4,3,1,2,2,1,1,3,2,1,2,2,4,2,4,2,3,1,1,2,2,2,1,4,1,3,1,4,3,3,3,4,4,2,1,4,4,2,3,4,4,1,1,1,4,1,3,4,2,4,2,2,4,4,2,3,1,4,2,2,1,1,2,4,2,2,1,1,4,4,1,1,3,4,1,4,1,2,4,3,2,3,3,1,1,2,1,4,2,1,2,1,3,3,4,4,4,2,3,4,1,1,1,4,2,1,4,4,1,1,3,3,3,3,2,2,1,1,4,2,2,2,2,3,1,1,4,2,4,2,1,1,2,2,4,1,3,4,3,3,1,4,3,2,4,3,3,4,1,3,1,1,2,1,4,4,2,3,3,1,3,1,2,3,4,3,2,1,1,4,2,1,3,1,2,2,2,2,2,3,2,4,4,2,4,3,1,1,2,1,3,1,1,1,1,1,1,3,1,1,1,3,3,3,2,4,2,2,1,2,4,3,4,1,3,3,3,3,2,1,2,3,1,3,3,1,1,1,2,4,2,1,4,3,2,1,2,1,3,1,1,3,2,1,3,2,2,2,3,4,1,1,4,2,2,2,3,1,3,4,4,2,4,2,1,2,3,4,3,3,1,3,2,2,2,2,3,3,3,4,1,3,4,1,4,1,1,2,4,3,1,1,2,3,1,1,4,1,3,1,1,1,2,2,4,1,2,1,4,4,4,3,2,2,4,4,3,4,4,3"
119,0.9877030496613249,0.43137254901960786,2253.0,"2,1,2,4,1,1,1,2,2,1,3,4,2,1,1,1,1,4,3,4,4,2,1,4,3,4,4,1,2,2,1,4,4,2,1,4,2,4,1,4,4,3,1,3,4,3,3,1,2,2,1,2,3,2,1,2,1,4,3,3,1,2,4,2,3,4,1,1,2,1,2,2,2,1,1,2,2,1,2,3,2,4,3,1,1,3,1,1,1,1,1,1,3,4,2,1,2,3,2,1,1,3,2,4,3,4,2,1,2,4,2,2,2,2,4,3,1,2,4,1,3,1,4,2,1,4,2,4,1,2,4,2,2,1,3,3,3,4,4,2,2,4,3,1,2,2,3,3,2,3,3,3,4,4,1,4,1,1,1,3,4,2,2,1,2,4,4,4,3,4,2,4,3,2,1,4,3,4,2,2,2,3,4,4,3,3,3,2,3,2,1,2,2,3,2,2,4,2,3,2,2,4,1,4,2,4,3,1,3,2,4,2,4,2,3,1,3,1,2,1,1,1,4,2,4,1,2,2,2,3,1,1,2,3,1,4,3,4,1,1,1,1,2,2,2,1,2,3,4,1,3,1,4,2,3,3,1,4,4,4,4,2,2,4,2,2,4,2,2,4,4,1,1,3,4,3,1,2,3,1,1,4,3,1,1,4,1,2,3,4,4,2,3,2,2,2,2,1,1,1,4,2,2,3,4,4,3,1,1,1,4,1,2,3,1,1,2,3,2,4,1,3,3,3,4,2,1,2,3,1,3,3,1,1,1,3,4,3,2,3,1,2,3,3,4,2,2,4,3,4,2,4,1,1,4,3,2,4,3,3,2,1,3,2,2,3,3,2,1,3,3,2,3,4,2,4,4,3,2,4,2,2,1,1,1,3,2,4,2,1,1,2,1,2,2,2,2,1,3,4,2,2,2,1,4,2,3,4,2,1,3,4,4,4,3,2,4,2,2,2,4,3,1,1,1,1,3,1,1,3,4,3,1,1,2,1,2,2,4,1,1,2,4,4,1,2,3,2,1,1,2,3,2,4,1,1,1,4,3,1,2,3,1,2,3,4,2,2,3,1,2,3,1,1,2,4,2,3,1,4,3,1,4,1,3,1,2,1,1,1,1,4,4,3,1,1,2,4,1,1,2,1,1,2,2,2,2,3,3,3,1,3,1,3,2,3,1,1,2,2,4,4,1,2,4,1,1,2,1,2,1,4,4,2,3,3,1,4,2,3,2,2,3,3,1,1,3,2,2,3,4,1,2,2,1,2,1,1,1,2,4,3,2,3,3,4,4,2,4,3,3,1,3,3,1,4,3,4,1,1,1,4,4,2,1,4,2,2,1,1,4,1,3,2,2,2,3,4,1,1,2,2,1,4,4,3,4,3,3,2,1,3,4,1,2,3,3,3,4,2,3,2,1,1,3,1,1,3,2,2,2,1,1,1,4,2,2,4,1,3,4,1,3,3,4,1,1,3,3,1,1,4,2,2,1,3,1,3,3,4,3,4,2,3,1,2,2,1,2,2,1,2,2,4,1,2,1,3,4,3,1,1,3,3,1,4,1,3,1,1,1,2,3,3,2,2,1,2,3,3,4,1,4,3,4,2,1,2,4,3,3,1,1,1,2,1,2,3,4,4,2,4,2,2,3,2,3,3,2,2,2,3,2,3,4,2,1,3,3,1,3,2,1,3,1,1,3,2,3,4,3,2,4,3,1,4,2,4,1,1,2,2,2,2,2,1,1,1,1,3,1,4,1,4,2,3,1,2,2,4,1,3,2,3,1,3,2,2,2,2,4,2,4,3,1,4,1,3,3,3,3,2,1,2,4,4,2,2,1,3,4,1,3,4,1,2,2,3,3,2,2,3,3,3,4,3,2,2,2,1,3,1,3,1,3,4,1,3,3,2,2,3,1,2,2,1,1,3,3,1,2,2,1,1,2,1,3,1,1,2,1,2,3,4,3,1,4,3,2,4,4,3,2,3,2,1,1,2,1,3,2,4,4,3,3,3,3,4,1,1,3,2,2,2,1,1,1,4,2,3,1,2,2,3,1,1,1,3,1,3,2,2,1,2,1,1,2,1,1,4,1,2,4,4,2,1,2,2,4,2,4,4,4,4,1,3,2,1,1,1,2,3,1,2,3,1,3,4,3,3,4,3,1,2,1,3,3,3,1,4,4,4,1,1,1,1,1,4,2,4,2,3,4,4,1,1,1,1,3,4,3,1,1,3,1,1,2,1,2,3,4,2,4,1,1,1,2,4,3,1,2,3,1,1,2,2,1,4,1,2,2,2,4,3,4,2,4,1,4,1,4,1,4,3,1,1,4,4,1,4,2,4,3,1,3,3,2,2,3,1,3,4,1,1,4,1,2,1,1,1,1,3,3,3,2,4,4,2,1,2,1,1,2,1,3,3,3,3,2,3,1,2,2,3,4,4,3,3,1,1,3,3,4,3,4,3,1,4,4,4,3,2,4,1,3,4,3,2,2,3,3,3,4,3,1,2,4,4,2,2,1,1,1,4,1,1,1,3,3,4,2,1,3,3,4,2,1,3,4,4,3,4,2,4,2,2,3,2,2,1,2,3,2,3,2,2,1,3,2,3,4,1,3,4,1,3,3,2,2,3,3,1,4,1,1,3,1,3,4,1,4,1,4,2,1,2,1,1,1,3,1,1,3,1,3,3,1,2,2,1,1,4,1,2,4,4,3,2,1,1,4,1,4,3,4,1,4,1,1,1,2,3,4,1,1,2,3,2,1,3,3,1,4,3,3,3,4,2,1,2,2,4,2,1,1,4,3,1,4,4,2,4,3,2,1,1,1,2,1,1,3,3,3,3,1,1,4,2,1,2,1,1,3,3,3,3,1,3,3,2,2,4,2,2,2,2,1,4,3,3,3,3,1,3,4,1,1,2,4,2,1,3,2,3,4,1,3,1,2,3,4,1,2,2,2,1,2,4,4,1,2,2,2,2,4,3,3,2,1,4,2,2,3,2,3,2,3,2,1,1,1,4,4,1,1,2,1,3,4,2,2,4,1,1,3,3,1,1,2,2,1,4,2,4,2,3,2,4,4,1,4,3,1,2,2,1,1,3,2,1,2,2,4,2,4,2,3,1,1,2,2,2,1,4,1,3,1,4,3,3,3,4,4,2,1,4,4,2,3,4,4,1,1,1,4,1,3,4,2,4,2,2,4,4,2,3,1,4,2,2,1,1,2,4,2,2,1,1,4,4,1,1,3,4,1,4,1,2,4,3,2,3,3,1,1,2,1,4,2,1,2,1,3,3,4,4,4,2,3,4,1,1,1,4,2,1,4,4,1,1,3,3,3,3,2,2,1,1,4,2,2,2,2,3,1,1,4,2,4,2,1,1,2,2,4,1,3,4,3,3,1,4,3,2,4,3,3,4,1,3,1,1,2,1,4,4,2,3,3,1,3,1,2,3,4,3,2,1,1,4,2,1,3,1,2,2,2,2,2,3,2,4,4,2,4,3,1,1,2,1,3,1,1,1,1,1,1,3,1,1,1,3,3,3,2,4,2,2,1,2,4,3,4,1,3,3,3,3,2,1,2,3,1,3,3,1,1,1,2,4,2,1,4,3,2,1,2,1,3,1,1,3,2,1,3,2,2,2,3,4,1,1,4,2,2,2,3,1,3,4,4,2,4,2,1,2,3,4,3,3,1,3,2,2,2,2,3,3,3,4,1,3,4,1,4,1,1,2,4,3,1,1,2,3,1,1,4,1,3,1,1,1,2,2,4,1,2,1,4,4,4,3,2,2,4,4,3,4,4,3"
120,0.9877030496613249,0.43137254901960786,2253.0,"2,1,2,4,1,1,1,2,2,1,3,4,2,1,1,1,1,4,3,4,4,2,1,4,3,4,4,1,2,2,1,4,4,2,1,4,2,4,1,4,4,3,1,3,4,3,3,1,2,2,1,2,3,2,1,2,1,4,3,3,1,2,4,2,3,4,1,1,2,1,2,2,2,1,1,2,2,1,2,3,2,4,3,1,1,3,1,1,1,1,1,1,3,4,2,1,2,3,2,1,1,3,2,4,3,4,2,1,2,4,2,2,2,2,4,3,1,2,4,1,3,1,4,2,1,4,2,4,1,2,4,2,2,1,3,3,3,4,4,2,2,4,3,1,2,2,3,3,2,3,3,3,4,4,1,4,1,1,1,3,4,2,2,1,2,4,4,4,3,4,2,4,3,2,1,4,3,4,2,2,2,3,4,4,3,3,3,2,3,2,1,2,2,3,2,2,4,2,3,2,2,4,1,4,2,4,3,1,3,2,4,2,4,2,3,1,3,1,2,1,1,1,4,2,4,1,2,2,2,3,1,1,2,3,1,4,3,4,1,1,1,1,2,2,2,1,2,3,4,1,3,1,4,2,3,3,1,4,4,4,4,2,2,4,2,2,4,2,2,4,4,1,1,3,4,3,1,2,3,1,1,4,3,1,1,4,1,2,3,4,4,2,3,2,2,2,2,1,1,1,4,2,2,3,4,4,3,1,1,1,4,1,2,3,1,1,2,3,2,4,1,3,3,3,4,2,1,2,3,1,3,3,1,1,1,3,4,3,2,3,1,2,3,3,4,2,2,4,3,4,2,4,1,1,4,3,2,4,3,3,2,1,3,2,2,3,3,2,1,3,3,2,3,4,2,4,4,3,2,4,2,2,1,1,1,3,2,4,2,1,1,2,1,2,2,2,2,1,3,4,2,2,2,1,4,2,3,4,2,1,3,4,4,4,3,2,4,2,2,2,4,3,1,1,1,1,3,1,1,3,4,3,1,1,2,1,2,2,4,1,1,2,4,4,1,2,3,2,1,1,2,3,2,4,1,1,1,4,3,1,2,3,1,2,3,4,2,2,3,1,2,3,1,1,2,4,2,3,1,4,3,1,4,1,3,1,2,1,1,1,1,4,4,3,1,1,2,4,1,1,2,1,1,2,2,2,2,3,3,3,1,3,1,3,2,3,1,1,2,2,4,4,1,2,4,1,1,2,1,2,1,4,4,2,3,3,1,4,2,3,2,2,3,3,1,1,3,2,2,3,4,1,2,2,1,2,1,1,1,2,4,3,2,3,3,4,4,2,4,3,3,1,3,3,1,4,3,4,1,1,1,4,4,2,1,4,2,2,1,1,4,1,3,2,2,2,3,4,1,1,2,2,1,4,4,3,4,3,3,2,1,3,4,1,2,3,3,3,4,2,3,2,1,1,3,1,1,3,2,2,2,1,1,1,4,2,2,4,1,3,4,1,3,3,4,1,1,3,3,1,1,4,2,2,1,3,1,3,3,4,3,4,2,3,1,2,2,1,2,2,1,2,2,4,1,2,1,3,4,3,1,1,3,3,1,4,1,3,1,1,1,2,3,3,2,2,1,2,3,3,4,1,4,3,4,2,1,2,4,3,3,1,1,1,2,1,2,3,4,4,2,4,2,2,3,2,3,3,2,2,2,3,2,3,4,2,1,3,3,1,3,2,1,3,1,1,3,2,3,4,3,2,4,3,1,4,2,4,1,1,2,2,2,2,2,1,1,1,1,3,1,4,1,4,2,3,1,2,2,4,1,3,2,3,1,3,2,2,2,2,4,2,4,3,1,4,1,3,3,3,3,2,1,2,4,4,2,2,1,3,4,1,3,4,1,2,2,3,3,2,2,3,3,3,4,3,2,2,2,1,3,1,3,1,3,4,1,3,3,2,2,3,1,2,2,1,1,3,3,1,2,2,1,1,2,1,3,1,1,2,1,2,3,4,3,1,4,3,2,4,4,3,2,3,2,1,1,2,1,3,2,4,4,3,3,3,3,4,1,1,3,2,2,2,1,1,1,4,2,3,1,2,2,3,1,1,1,3,1,3,2,2,1,2,1,1,2,1,1,4,1,2,4,4,2,1,2,2,4,2,4,4,4,4,1,3,2,1,1,1,2,3,1,2,3,1,3,4,3,3,4,3,1,2,1,3,3,3,1,4,4,4,1,1,1,1,1,4,2,4,2,3,4,4,1,1,1,1,3,4,3,1,1,3,1,1,2,1,2,3,4,2,4,1,1,1,2,4,3,1,2,3,1,1,2,2,1,4,1,2,2,2,4,3,4,2,4,1,4,1,4,1,4,3,1,1,4,4,1,4,2,4,3,1,3,3,2,2,3,1,3,4,1,1,4,1,2,1,1,1,1,3,3,3,2,4,4,2,1,2,1,1,2,1,3,3,3,3,2,3,1,2,2,3,4,4,3,3,1,1,3,3,4,3,4,3,1,4,4,4,3,2,4,1,3,4,3,2,2,3,3,3,4,3,1,2,4,4,2,2,1,1,1,4,1,1,1,3,3,4,2,1,3,3,4,2,1,3,4,4,3,4,2,4,2,2,3,2,2,1,2,3,2,3,2,2,1,3,2,3,4,1,3,4,1,3,3,2,2,3,3,1,4,1,1,3,1,3,4,1,4,1,4,2,1,2,1,1,1,3,1,1,3,1,3,3,1,2,2,1,1,4,1,2,4,4,3,2,1,1,4,1,4,3,4,1,4,1,1,1,2,3,4,1,1,2,3,2,1,3,3,1,4,3,3,3,4,2,1,2,2,4,2,1,1,4,3,1,4,4,2,4,3,2,1,1,1,2,1,1,3,3,3,3,1,1,4,2,1,2,1,1,3,3,3,3,1,3,3,2,2,4,2,2,2,2,1,4,3,3,3,3,1,3,4,1,1,2,4,2,1,3,2,3,4,1,3,1,2,3,4,1,2,2,2,1,2,4,4,1,2,2,2,2,4,3,3,2,1,4,2,2,3,2,3,2,3,2,1,1,1,4,4,1,1,2,1,3,4,2,2,4,1,1,3,3,1,1,2,2,1,4,2,4,2,3,2,4,4,1,4,3,1,2,2,1,1,3,2,1,2,2,4,2,4,2,3,1,1,2,2,2,1,4,1,3,1,4,3,3,3,4,4,2,1,4,4,2,3,4,4,1,1,1,4,1,3,4,2,4,2,2,4,4,2,3,1,4,2,2,1,1,2,4,2,2,1,1,4,4,1,1,3,4,1,4,1,2,4,3,2,3,3,1,1,2,1,4,2,1,2,1,3,3,4,4,4,2,3,4,1,1,1,4,2,1,4,4,1,1,3,3,3,3,2,2,1,1,4,2,2,2,2,3,1,1,4,2,4,2,1,1,2,2,4,1,3,4,3,3,1,4,3,2,4,3,3,4,1,3,1,1,2,1,4,4,2,3,3,1,3,1,2,3,4,3,2,1,1,4,2,1,3,1,2,2,2,2,2,3,2,4,4,2,4,3,1,1,2,1,3,1,1,1,1,1,1,3,1,1,1,3,3,3,2,4,2,2,1,2,4,3,4,1,3,3,3,3,2,1,2,3,1,3,3,1,1,1,2,4,2,1,4,3,2,1,2,1,3,1,1,3,2,1,3,2,2,2,3,4,1,1,4,2,2,2,3,1,3,4,4,2,4,2,1,2,3,4,3,3,1,3,2,2,2,2,3,3,3,4,1,3,4,1,4,1,1,2,4,3,1,1,2,3,1,1,4,1,3,1,1,1,2,2,4,1,2,1,4,4,4,3,2,2,4,4,3,4,4,3"
121,0.9877030496613249,0.43137254901960786,2253.0,"2,1,2,4,1,1,1,2,2,1,3,4,2,1,1,1,1,4,3,4,4,2,1,4,3,4,4,1,2,2,1,4,4,2,1,4,2,4,1,4,4,3,1,3,4,3,3,1,2,2,1,2,3,2,1,2,1,4,3,3,1,2,4,2,3,4,1,1,2,1,2,2,2,1,1,2,2,1,2,3,2,4,3,1,1,3,1,1,1,1,1,1,3,4,2,1,2,3,2,1,1,3,2,4,3,4,2,1,2,4,2,2,2,2,4,3,1,2,4,1,3,1,4,2,1,4,2,4,1,2,4,2,2,1,3,3,3,4,4,2,2,4,3,1,2,2,3,3,2,3,3,3,4,4,1,4,1,1,1,3,4,2,2,1,2,4,4,4,3,4,2,4,3,2,1,4,3,4,2,2,2,3,4,4,3,3,3,2,3,2,1,2,2,3,2,2,4,2,3,2,2,4,1,4,2,4,3,1,3,2,4,2,4,2,3,1,3,1,2,1,1,1,4,2,4,1,2,2,2,3,1,1,2,3,1,4,3,4,1,1,1,1,2,2,2,1,2,3,4,1,3,1,4,2,3,3,1,4,4,4,4,2,2,4,2,2,4,2,2,4,4,1,1,3,4,3,1,2,3,1,1,4,3,1,1,4,1,2,3,4,4,2,3,2,2,2,2,1,1,1,4,2,2,3,4,4,3,1,1,1,4,1,2,3,1,1,2,3,2,4,1,3,3,3,4,2,1,2,3,1,3,3,1,1,1,3,4,3,2,3,1,2,3,3,4,2,2,4,3,4,2,4,1,1,4,3,2,4,3,3,2,1,3,2,2,3,3,2,1,3,3,2,3,4,2,4,4,3,2,4,2,2,1,1,1,3,2,4,2,1,1,2,1,2,2,2,2,1,3,4,2,2,2,1,4,2,3,4,2,1,3,4,4,4,3,2,4,2,2,2,4,3,1,1,1,1,3,1,1,3,4,3,1,1,2,1,2,2,4,1,1,2,4,4,1,2,3,2,1,1,2,3,2,4,1,1,1,4,3,1,2,3,1,2,3,4,2,2,3,1,2,3,1,1,2,4,2,3,1,4,3,1,4,1,3,1,2,1,1,1,1,4,4,3,1,1,2,4,1,1,2,1,1,2,2,2,2,3,3,3,1,3,1,3,2,3,1,1,2,2,4,4,1,2,4,1,1,2,1,2,1,4,4,2,3,3,1,4,2,3,2,2,3,3,1,1,3,2,2,3,4,1,2,2,1,2,1,1,1,2,4,3,2,3,3,4,4,2,4,3,3,1,3,3,1,4,3,4,1,1,1,4,4,2,1,4,2,2,1,1,4,1,3,2,2,2,3,4,1,1,2,2,1,4,4,3,4,3,3,2,1,3,4,1,2,3,3,3,4,2,3,2,1,1,3,1,1,3,2,2,2,1,1,1,4,2,2,4,1,3,4,1,3,3,4,1,1,3,3,1,1,4,2,2,1,3,1,3,3,4,3,4,2,3,1,2,2,1,2,2,1,2,2,4,1,2,1,3,4,3,1,1,3,3,1,4,1,3,1,1,1,2,3,3,2,2,1,2,3,3,4,1,4,3,4,2,1,2,4,3,3,1,1,1,2,1,2,3,4,4,2,4,2,2,3,2,3,3,2,2,2,3,2,3,4,2,1,3,3,1,3,2,1,3,1,1,3,2,3,4,3,2,4,3,1,4,2,4,1,1,2,2,2,2,2,1,1,1,1,3,1,4,1,4,2,3,1,2,2,4,1,3,2,3,1,3,2,2,2,2,4,2,4,3,1,4,1,3,3,3,3,2,1,2,4,4,2,2,1,3,4,1,3,4,1,2,2,3,3,2,2,3,3,3,4,3,2,2,2,1,3,1,3,1,3,4,1,3,3,2,2,3,1,2,2,1,1,3,3,1,2,2,1,1,2,1,3,1,1,2,1,2,3,4,3,1,4,3,2,4,4,3,2,3,2,1,1,2,1,3,2,4,4,3,3,3,3,4,1,1,3,2,2,2,1,1,1,4,2,3,1,2,2,3,1,1,1,3,1,3,2,2,1,2,1,1,2,1,1,4,1,2,4,4,2,1,2,2,4,2,4,4,4,4,1,3,2,1,1,1,2,3,1,2,3,1,3,4,3,3,4,3,1,2,1,3,3,3,1,4,4,4,1,1,1,1,1,4,2,4,2,3,4,4,1,1,1,1,3,4,3,1,1,3,1,1,2,1,2,3,4,2,4,1,1,1,2,4,3,1,2,3,1,1,2,2,1,4,1,2,2,2,4,3,4,2,4,1,4,1,4,1,4,3,1,1,4,4,1,4,2,4,3,1,3,3,2,2,3,1,3,4,1,1,4,1,2,1,1,1,1,3,3,3,2,4,4,2,1,2,1,1,2,1,3,3,3,3,2,3,1,2,2,3,4,4,3,3,1,1,3,3,4,3,4,3,1,4,4,4,3,2,4,1,3,4,3,2,2,3,3,3,4,3,1,2,4,4,2,2,1,1,1,4,1,1,1,3,3,4,2,1,3,3,4,2,1,3,4,4,3,4,2,4,2,2,3,2,2,1,2,3,2,3,2,2,1,3,2,3,4,1,3,4,1,3,3,2,2,3,3,1,4,1,1,3,1,3,4,1,4,1,4,2,1,2,1,1,1,3,1,1,3,1,3,3,1,2,2,1,1,4,1,2,4,4,3,2,1,1,4,1,4,3,4,1,4,1,1,1,2,3,4,1,1,2,3,2,1,3,3,1,4,3,3,3,4,2,1,2,2,4,2,1,1,4,3,1,4,4,2,4,3,2,1,1,1,2,1,1,3,3,3,3,1,1,4,2,1,2,1,1,3,3,3,3,1,3,3,2,2,4,2,2,2,2,1,4,3,3,3,3,1,3,4,1,1,2,4,2,1,3,2,3,4,1,3,1,2,3,4,1,2,2,2,1,2,4,4,1,2,2,2,2,4,3,3,2,1,4,2,2,3,2,3,2,3,2,1,1,1,4,4,1,1,2,1,3,4,2,2,4,1,1,3,3,1,1,2,2,1,4,2,4,2,3,2,4,4,1,4,3,1,2,2,1,1,3,2,1,2,2,4,2,4,2,3,1,1,2,2,2,1,4,1,3,1,4,3,3,3,4,4,2,1,4,4,2,3,4,4,1,1,1,4,1,3,4,2,4,2,2,4,4,2,3,1,4,2,2,1,1,2,4,2,2,1,1,4,4,1,1,3,4,1,4,1,2,4,3,2,3,3,1,1,2,1,4,2,1,2,1,3,3,4,4,4,2,3,4,1,1,1,4,2,1,4,4,1,1,3,3,3,3,2,2,1,1,4,2,2,2,2,3,1,1,4,2,4,2,1,1,2,2,4,1,3,4,3,3,1,4,3,2,4,3,3,4,1,3,1,1,2,1,4,4,2,3,3,1,3,1,2,3,4,3,2,1,1,4,2,1,3,1,2,2,2,2,2,3,2,4,4,2,4,3,1,1,2,1,3,1,1,1,1,1,1,3,1,1,1,3,3,3,2,4,2,2,1,2,4,3,4,1,3,3,3,3,2,1,2,3,1,3,3,1,1,1,2,4,2,1,4,3,2,1,2,1,3,1,1,3,2,1,3,2,2,2,3,4,1,1,4,2,2,2,3,1,3,4,4,2,4,2,1,2,3,4,3,3,1,3,2,2,2,2,3,3,3,4,1,3,4,1,4,1,1,2,4,3,1,1,2,3,1,1,4,1,3,1,1,1,2,2,4,1,2,1,4,4,4,3,2,2,4,4,3,4,4,3"
122,0.9877030496613249,0.43137254901960786,2253.0,"2,1,2,4,1,1,1,2,2,1,3,4,2,1,1,1,1,4,3,4,4,2,1,4,3,4,4,1,2,2,1,4,4,2,1,4,2,4,1,4,4,3,1,3,4,3,3,1,2,2,1,2,3,2,1,2,1,4,3,3,1,2,4,2,3,4,1,1,2,1,2,2,2,1,1,2,2,1,2,3,2,4,3,1,1,3,1,1,1,1,1,1,3,4,2,1,2,3,2,1,1,3,2,4,3,4,2,1,2,4,2,2,2,2,4,3,1,2,4,1,3,1,4,2,1,4,2,4,1,2,4,2,2,1,3,3,3,4,4,2,2,4,3,1,2,2,3,3,2,3,3,3,4,4,1,4,1,1,1,3,4,2,2,1,2,4,4,4,3,4,2,4,3,2,1,4,3,4,2,2,2,3,4,4,3,3,3,2,3,2,1,2,2,3,2,2,4,2,3,2,2,4,1,4,2,4,3,1,3,2,4,2,4,2,3,1,3,1,2,1,1,1,4,2,4,1,2,2,2,3,1,1,2,3,1,4,3,4,1,1,1,1,2,2,2,1,2,3,4,1,3,1,4,2,3,3,1,4,4,4,4,2,2,4,2,2,4,2,2,4,4,1,1,3,4,3,1,2,3,1,1,4,3,1,1,4,1,2,3,4,4,2,3,2,2,2,2,1,1,1,4,2,2,3,4,4,3,1,1,1,4,1,2,3,1,1,2,3,2,4,1,3,3,3,4,2,1,2,3,1,3,3,1,1,1,3,4,3,2,3,1,2,3,3,4,2,2,4,3,4,2,4,1,1,4,3,2,4,3,3,2,1,3,2,2,3,3,2,1,3,3,2,3,4,2,4,4,3,2,4,2,2,1,1,1,3,2,4,2,1,1,2,1,2,2,2,2,1,3,4,2,2,2,1,4,2,3,4,2,1,3,4,4,4,3,2,4,2,2,2,4,3,1,1,1,1,3,1,1,3,4,3,1,1,2,1,2,2,4,1,1,2,4,4,1,2,3,2,1,1,2,3,2,4,1,1,1,4,3,1,2,3,1,2,3,4,2,2,3,1,2,3,1,1,2,4,2,3,1,4,3,1,4,1,3,1,2,1,1,1,1,4,4,3,1,1,2,4,1,1,2,1,1,2,2,2,2,3,3,3,1,3,1,3,2,3,1,1,2,2,4,4,1,2,4,1,1,2,1,2,1,4,4,2,3,3,1,4,2,3,2,2,3,3,1,1,3,2,2,3,4,1,2,2,1,2,1,1,1,2,4,3,2,3,3,4,4,2,4,3,3,1,3,3,1,4,3,4,1,1,1,4,4,2,1,4,2,2,1,1,4,1,3,2,2,2,3,4,1,1,2,2,1,4,4,3,4,3,3,2,1,3,4,1,2,3,3,3,4,2,3,2,1,1,3,1,1,3,2,2,2,1,1,1,4,2,2,4,1,3,4,1,3,3,4,1,1,3,3,1,1,4,2,2,1,3,1,3,3,4,3,4,2,3,1,2,2,1,2,2,1,2,2,4,1,2,1,3,4,3,1,1,3,3,1,4,1,3,1,1,1,2,3,3,2,2,1,2,3,3,4,1,4,3,4,2,1,2,4,3,3,1,1,1,2,1,2,3,4,4,2,4,2,2,3,2,3,3,2,2,2,3,2,3,4,2,1,3,3,1,3,2,1,3,1,1,3,2,3,4,3,2,4,3,1,4,2,4,1,1,2,2,2,2,2,1,1,1,1,3,1,4,1,4,2,3,1,2,2,4,1,3,2,3,1,3,2,2,2,2,4,2,4,3,1,4,1,3,3,3,3,2,1,2,4,4,2,2,1,3,4,1,3,4,1,2,2,3,3,2,2,3,3,3,4,3,2,2,2,1,3,1,3,1,3,4,1,3,3,2,2,3,1,2,2,1,1,3,3,1,2,2,1,1,2,1,3,1,1,2,1,2,3,4,3,1,4,3,2,4,4,3,2,3,2,1,1,2,1,3,2,4,4,3,3,3,3,4,1,1,3,2,2,2,1,1,1,4,2,3,1,2,2,3,1,1,1,3,1,3,2,2,1,2,1,1,2,1,1,4,1,2,4,4,2,1,2,2,4,2,4,4,4,4,1,3,2,1,1,1,2,3,1,2,3,1,3,4,3,3,4,3,1,2,1,3,3,3,1,4,4,4,1,1,1,1,1,4,2,4,2,3,4,4,1,1,1,1,3,4,3,1,1,3,1,1,2,1,2,3,4,2,4,1,1,1,2,4,3,1,2,3,1,1,2,2,1,4,1,2,2,2,4,3,4,2,4,1,4,1,4,1,4,3,1,1,4,4,1,4,2,4,3,1,3,3,2,2,3,1,3,4,1,1,4,1,2,1,1,1,1,3,3,3,2,4,4,2,1,2,1,1,2,1,3,3,3,3,2,3,1,2,2,3,4,4,3,3,1,1,3,3,4,3,4,3,1,4,4,4,3,2,4,1,3,4,3,2,2,3,3,3,4,3,1,2,4,4,2,2,1,1,1,4,1,1,1,3,3,4,2,1,3,3,4,2,1,3,4,4,3,4,2,4,2,2,3,2,2,1,2,3,2,3,2,2,1,3,2,3,4,1,3,4,1,3,3,2,2,3,3,1,4,1,1,3,1,3,4,1,4,1,4,2,1,2,1,1,1,3,1,1,3,1,3,3,1,2,2,1,1,4,1,2,4,4,3,2,1,1,4,1,4,3,4,1,4,1,1,1,2,3,4,1,1,2,3,2,1,3,3,1,4,3,3,3,4,2,1,2,2,4,2,1,1,4,3,1,4,4,2,4,3,2,1,1,1,2,1,1,3,3,3,3,1,1,4,2,1,2,1,1,3,3,3,3,1,3,3,2,2,4,2,2,2,2,1,4,3,3,3,3,1,3,4,1,1,2,4,2,1,3,2,3,4,1,3,1,2,3,4,1,2,2,2,1,2,4,4,1,2,2,2,2,4,3,3,2,1,4,2,2,3,2,3,2,3,2,1,1,1,4,4,1,1,2,1,3,4,2,2,4,1,1,3,3,1,1,2,2,1,4,2,4,2,3,2,4,4,1,4,3,1,2,2,1,1,3,2,1,2,2,4,2,4,2,3,1,1,2,2,2,1,4,1,3,1,4,3,3,3,4,4,2,1,4,4,2,3,4,4,1,1,1,4,1,3,4,2,4,2,2,4,4,2,3,1,4,2,2,1,1,2,4,2,2,1,1,4,4,1,1,3,4,1,4,1,2,4,3,2,3,3,1,1,2,1,4,2,1,2,1,3,3,4,4,4,2,3,4,1,1,1,4,2,1,4,4,1,1,3,3,3,3,2,2,1,1,4,2,2,2,2,3,1,1,4,2,4,2,1,1,2,2,4,1,3,4,3,3,1,4,3,2,4,3,3,4,1,3,1,1,2,1,4,4,2,3,3,1,3,1,2,3,4,3,2,1,1,4,2,1,3,1,2,2,2,2,2,3,2,4,4,2,4,3,1,1,2,1,3,1,1,1,1,1,1,3,1,1,1,3,3,3,2,4,2,2,1,2,4,3,4,1,3,3,3,3,2,1,2,3,1,3,3,1,1,1,2,4,2,1,4,3,2,1,2,1,3,1,1,3,2,1,3,2,2,2,3,4,1,1,4,2,2,2,3,1,3,4,4,2,4,2,1,2,3,4,3,3,1,3,2,2,2,2,3,3,3,4,1,3,4,1,4,1,1,2,4,3,1,1,2,3,1,1,4,1,3,1,1,1,2,2,4,1,2,1,4,4,4,3,2,2,4,4,3,4,4,3"
123,0.9877030496613249,0.43137254901960786,2253.0,"2,1,2,4,1,1,1,2,2,1,3,4,2,1,1,1,1,4,3,4,4,2,1,4,3,4,4,1,2,2,1,4,4,2,1,4,2,4,1,4,4,3,1,3,4,3,3,1,2,2,1,2,3,2,1,2,1,4,3,3,1,2,4,2,3,4,1,1,2,1,2,2,2,1,1,2,2,1,2,3,2,4,3,1,1,3,1,1,1,1,1,1,3,4,2,1,2,3,2,1,1,3,2,4,3,4,2,1,2,4,2,2,2,2,4,3,1,2,4,1,3,1,4,2,1,4,2,4,1,2,4,2,2,1,3,3,3,4,4,2,2,4,3,1,2,2,3,3,2,3,3,3,4,4,1,4,1,1,1,3,4,2,2,1,2,4,4,4,3,4,2,4,3,2,1,4,3,4,2,2,2,3,4,4,3,3,3,2,3,2,1,2,2,3,2,2,4,2,3,2,2,4,1,4,2,4,3,1,3,2,4,2,4,2,3,1,3,1,2,1,1,1,4,2,4,1,2,2,2,3,1,1,2,3,1,4,3,4,1,1,1,1,2,2,2,1,2,3,4,1,3,1,4,2,3,3,1,4,4,4,4,2,2,4,2,2,4,2,2,4,4,1,1,3,4,3,1,2,3,1,1,4,3,1,1,4,1,2,3,4,4,2,3,2,2,2,2,1,1,1,4,2,2,3,4,4,3,1,1,1,4,1,2,3,1,1,2,3,2,4,1,3,3,3,4,2,1,2,3,1,3,3,1,1,1,3,4,3,2,3,1,2,3,3,4,2,2,4,3,4,2,4,1,1,4,3,2,4,3,3,2,1,3,2,2,3,3,2,1,3,3,2,3,4,2,4,4,3,2,4,2,2,1,1,1,3,2,4,2,1,1,2,1,2,2,2,2,1,3,4,2,2,2,1,4,2,3,4,2,1,3,4,4,4,3,2,4,2,2,2,4,3,1,1,1,1,3,1,1,3,4,3,1,1,2,1,2,2,4,1,1,2,4,4,1,2,3,2,1,1,2,3,2,4,1,1,1,4,3,1,2,3,1,2,3,4,2,2,3,1,2,3,1,1,2,4,2,3,1,4,3,1,4,1,3,1,2,1,1,1,1,4,4,3,1,1,2,4,1,1,2,1,1,2,2,2,2,3,3,3,1,3,1,3,2,3,1,1,2,2,4,4,1,2,4,1,1,2,1,2,1,4,4,2,3,3,1,4,2,3,2,2,3,3,1,1,3,2,2,3,4,1,2,2,1,2,1,1,1,2,4,3,2,3,3,4,4,2,4,3,3,1,3,3,1,4,3,4,1,1,1,4,4,2,1,4,2,2,1,1,4,1,3,2,2,2,3,4,1,1,2,2,1,4,4,3,4,3,3,2,1,3,4,1,2,3,3,3,4,2,3,2,1,1,3,1,1,3,2,2,2,1,1,1,4,2,2,4,1,3,4,1,3,3,4,1,1,3,3,1,1,4,2,2,1,3,1,3,3,4,3,4,2,3,1,2,2,1,2,2,1,2,2,4,1,2,1,3,4,3,1,1,3,3,1,4,1,3,1,1,1,2,3,3,2,2,1,2,3,3,4,1,4,3,4,2,1,2,4,3,3,1,1,1,2,1,2,3,4,4,2,4,2,2,3,2,3,3,2,2,2,3,2,3,4,2,1,3,3,1,3,2,1,3,1,1,3,2,3,4,3,2,4,3,1,4,2,4,1,1,2,2,2,2,2,1,1,1,1,3,1,4,1,4,2,3,1,2,2,4,1,3,2,3,1,3,2,2,2,2,4,2,4,3,1,4,1,3,3,3,3,2,1,2,4,4,2,2,1,3,4,1,3,4,1,2,2,3,3,2,2,3,3,3,4,3,2,2,2,1,3,1,3,1,3,4,1,3,3,2,2,3,1,2,2,1,1,3,3,1,2,2,1,1,2,1,3,1,1,2,1,2,3,4,3,1,4,3,2,4,4,3,2,3,2,1,1,2,1,3,2,4,4,3,3,3,3,4,1,1,3,2,2,2,1,1,1,4,2,3,1,2,2,3,1,1,1,3,1,3,2,2,1,2,1,1,2,1,1,4,1,2,4,4,2,1,2,2,4,2,4,4,4,4,1,3,2,1,1,1,2,3,1,2,3,1,3,4,3,3,4,3,1,2,1,3,3,3,1,4,4,4,1,1,1,1,1,4,2,4,2,3,4,4,1,1,1,1,3,4,3,1,1,3,1,1,2,1,2,3,4,2,4,1,1,1,2,4,3,1,2,3,1,1,2,2,1,4,1,2,2,2,4,3,4,2,4,1,4,1,4,1,4,3,1,1,4,4,1,4,2,4,3,1,3,3,2,2,3,1,3,4,1,1,4,1,2,1,1,1,1,3,3,3,2,4,4,2,1,2,1,1,2,1,3,3,3,3,2,3,1,2,2,3,4,4,3,3,1,1,3,3,4,3,4,3,1,4,4,4,3,2,4,1,3,4,3,2,2,3,3,3,4,3,1,2,4,4,2,2,1,1,1,4,1,1,1,3,3,4,2,1,3,3,4,2,1,3,4,4,3,4,2,4,2,2,3,2,2,1,2,3,2,3,2,2,1,3,2,3,4,1,3,4,1,3,3,2,2,3,3,1,4,1,1,3,1,3,4,1,4,1,4,2,1,2,1,1,1,3,1,1,3,1,3,3,1,2,2,1,1,4,1,2,4,4,3,2,1,1,4,1,4,3,4,1,4,1,1,1,2,3,4,1,1,2,3,2,1,3,3,1,4,3,3,3,4,2,1,2,2,4,2,1,1,4,3,1,4,4,2,4,3,2,1,1,1,2,1,1,3,3,3,3,1,1,4,2,1,2,1,1,3,3,3,3,1,3,3,2,2,4,2,2,2,2,1,4,3,3,3,3,1,3,4,1,1,2,4,2,1,3,2,3,4,1,3,1,2,3,4,1,2,2,2,1,2,4,4,1,2,2,2,2,4,3,3,2,1,4,2,2,3,2,3,2,3,2,1,1,1,4,4,1,1,2,1,3,4,2,2,4,1,1,3,3,1,1,2,2,1,4,2,4,2,3,2,4,4,1,4,3,1,2,2,1,1,3,2,1,2,2,4,2,4,2,3,1,1,2,2,2,1,4,1,3,1,4,3,3,3,4,4,2,1,4,4,2,3,4,4,1,1,1,4,1,3,4,2,4,2,2,4,4,2,3,1,4,2,2,1,1,2,4,2,2,1,1,4,4,1,1,3,4,1,4,1,2,4,3,2,3,3,1,1,2,1,4,2,1,2,1,3,3,4,4,4,2,3,4,1,1,1,4,2,1,4,4,1,1,3,3,3,3,2,2,1,1,4,2,2,2,2,3,1,1,4,2,4,2,1,1,2,2,4,1,3,4,3,3,1,4,3,2,4,3,3,4,1,3,1,1,2,1,4,4,2,3,3,1,3,1,2,3,4,3,2,1,1,4,2,1,3,1,2,2,2,2,2,3,2,4,4,2,4,3,1,1,2,1,3,1,1,1,1,1,1,3,1,1,1,3,3,3,2,4,2,2,1,2,4,3,4,1,3,3,3,3,2,1,2,3,1,3,3,1,1,1,2,4,2,1,4,3,2,1,2,1,3,1,1,3,2,1,3,2,2,2,3,4,1,1,4,2,2,2,3,1,3,4,4,2,4,2,1,2,3,4,3,3,1,3,2,2,2,2,3,3,3,4,1,3,4,1,4,1,1,2,4,3,1,1,2,3,1,1,4,1,3,1,1,1,2,2,4,1,2,1,4,4,4,3,2,2,4,4,3,4,4,3"
124,0.9877030496613249,0.43137254901960786,2253.0,"2,1,2,4,1,1,1,2,2,1,3,4,2,1,1,1,1,4,3,4,4,2,1,4,3,4,4,1,2,2,1,4,4,2,1,4,2,4,1,4,4,3,1,3,4,3,3,1,2,2,1,2,3,2,1,2,1,4,3,3,1,2,4,2,3,4,1,1,2,1,2,2,2,1,1,2,2,1,2,3,2,4,3,1,1,3,1,1,1,1,1,1,3,4,2,1,2,3,2,1,1,3,2,4,3,4,2,1,2,4,2,2,2,2,4,3,1,2,4,1,3,1,4,2,1,4,2,4,1,2,4,2,2,1,3,3,3,4,4,2,2,4,3,1,2,2,3,3,2,3,3,3,4,4,1,4,1,1,1,3,4,2,2,1,2,4,4,4,3,4,2,4,3,2,1,4,3,4,2,2,2,3,4,4,3,3,3,2,3,2,1,2,2,3,2,2,4,2,3,2,2,4,1,4,2,4,3,1,3,2,4,2,4,2,3,1,3,1,2,1,1,1,4,2,4,1,2,2,2,3,1,1,2,3,1,4,3,4,1,1,1,1,2,2,2,1,2,3,4,1,3,1,4,2,3,3,1,4,4,4,4,2,2,4,2,2,4,2,2,4,4,1,1,3,4,3,1,2,3,1,1,4,3,1,1,4,1,2,3,4,4,2,3,2,2,2,2,1,1,1,4,2,2,3,4,4,3,1,1,1,4,1,2,3,1,1,2,3,2,4,1,3,3,3,4,2,1,2,3,1,3,3,1,1,1,3,4,3,2,3,1,2,3,3,4,2,2,4,3,4,2,4,1,1,4,3,2,4,3,3,2,1,3,2,2,3,3,2,1,3,3,2,3,4,2,4,4,3,2,4,2,2,1,1,1,3,2,4,2,1,1,2,1,2,2,2,2,1,3,4,2,2,2,1,4,2,3,4,2,1,3,4,4,4,3,2,4,2,2,2,4,3,1,1,1,1,3,1,1,3,4,3,1,1,2,1,2,2,4,1,1,2,4,4,1,2,3,2,1,1,2,3,2,4,1,1,1,4,3,1,2,3,1,2,3,4,2,2,3,1,2,3,1,1,2,4,2,3,1,4,3,1,4,1,3,1,2,1,1,1,1,4,4,3,1,1,2,4,1,1,2,1,1,2,2,2,2,3,3,3,1,3,1,3,2,3,1,1,2,2,4,4,1,2,4,1,1,2,1,2,1,4,4,2,3,3,1,4,2,3,2,2,3,3,1,1,3,2,2,3,4,1,2,2,1,2,1,1,1,2,4,3,2,3,3,4,4,2,4,3,3,1,3,3,1,4,3,4,1,1,1,4,4,2,1,4,2,2,1,1,4,1,3,2,2,2,3,4,1,1,2,2,1,4,4,3,4,3,3,2,1,3,4,1,2,3,3,3,4,2,3,2,1,1,3,1,1,3,2,2,2,1,1,1,4,2,2,4,1,3,4,1,3,3,4,1,1,3,3,1,1,4,2,2,1,3,1,3,3,4,3,4,2,3,1,2,2,1,2,2,1,2,2,4,1,2,1,3,4,3,1,1,3,3,1,4,1,3,1,1,1,2,3,3,2,2,1,2,3,3,4,1,4,3,4,2,1,2,4,3,3,1,1,1,2,1,2,3,4,4,2,4,2,2,3,2,3,3,2,2,2,3,2,3,4,2,1,3,3,1,3,2,1,3,1,1,3,2,3,4,3,2,4,3,1,4,2,4,1,1,2,2,2,2,2,1,1,1,1,3,1,4,1,4,2,3,1,2,2,4,1,3,2,3,1,3,2,2,2,2,4,2,4,3,1,4,1,3,3,3,3,2,1,2,4,4,2,2,1,3,4,1,3,4,1,2,2,3,3,2,2,3,3,3,4,3,2,2,2,1,3,1,3,1,3,4,1,3,3,2,2,3,1,2,2,1,1,3,3,1,2,2,1,1,2,1,3,1,1,2,1,2,3,4,3,1,4,3,2,4,4,3,2,3,2,1,1,2,1,3,2,4,4,3,3,3,3,4,1,1,3,2,2,2,1,1,1,4,2,3,1,2,2,3,1,1,1,3,1,3,2,2,1,2,1,1,2,1,1,4,1,2,4,4,2,1,2,2,4,2,4,4,4,4,1,3,2,1,1,1,2,3,1,2,3,1,3,4,3,3,4,3,1,2,1,3,3,3,1,4,4,4,1,1,1,1,1,4,2,4,2,3,4,4,1,1,1,1,3,4,3,1,1,3,1,1,2,1,2,3,4,2,4,1,1,1,2,4,3,1,2,3,1,1,2,2,1,4,1,2,2,2,4,3,4,2,4,1,4,1,4,1,4,3,1,1,4,4,1,4,2,4,3,1,3,3,2,2,3,1,3,4,1,1,4,1,2,1,1,1,1,3,3,3,2,4,4,2,1,2,1,1,2,1,3,3,3,3,2,3,1,2,2,3,4,4,3,3,1,1,3,3,4,3,4,3,1,4,4,4,3,2,4,1,3,4,3,2,2,3,3,3,4,3,1,2,4,4,2,2,1,1,1,4,1,1,1,3,3,4,2,1,3,3,4,2,1,3,4,4,3,4,2,4,2,2,3,2,2,1,2,3,2,3,2,2,1,3,2,3,4,1,3,4,1,3,3,2,2,3,3,1,4,1,1,3,1,3,4,1,4,1,4,2,1,2,1,1,1,3,1,1,3,1,3,3,1,2,2,1,1,4,1,2,4,4,3,2,1,1,4,1,4,3,4,1,4,1,1,1,2,3,4,1,1,2,3,2,1,3,3,1,4,3,3,3,4,2,1,2,2,4,2,1,1,4,3,1,4,4,2,4,3,2,1,1,1,2,1,1,3,3,3,3,1,1,4,2,1,2,1,1,3,3,3,3,1,3,3,2,2,4,2,2,2,2,1,4,3,3,3,3,1,3,4,1,1,2,4,2,1,3,2,3,4,1,3,1,2,3,4,1,2,2,2,1,2,4,4,1,2,2,2,2,4,3,3,2,1,4,2,2,3,2,3,2,3,2,1,1,1,4,4,1,1,2,1,3,4,2,2,4,1,1,3,3,1,1,2,2,1,4,2,4,2,3,2,4,4,1,4,3,1,2,2,1,1,3,2,1,2,2,4,2,4,2,3,1,1,2,2,2,1,4,1,3,1,4,3,3,3,4,4,2,1,4,4,2,3,4,4,1,1,1,4,1,3,4,2,4,2,2,4,4,2,3,1,4,2,2,1,1,2,4,2,2,1,1,4,4,1,1,3,4,1,4,1,2,4,3,2,3,3,1,1,2,1,4,2,1,2,1,3,3,4,4,4,2,3,4,1,1,1,4,2,1,4,4,1,1,3,3,3,3,2,2,1,1,4,2,2,2,2,3,1,1,4,2,4,2,1,1,2,2,4,1,3,4,3,3,1,4,3,2,4,3,3,4,1,3,1,1,2,1,4,4,2,3,3,1,3,1,2,3,4,3,2,1,1,4,2,1,3,1,2,2,2,2,2,3,2,4,4,2,4,3,1,1,2,1,3,1,1,1,1,1,1,3,1,1,1,3,3,3,2,4,2,2,1,2,4,3,4,1,3,3,3,3,2,1,2,3,1,3,3,1,1,1,2,4,2,1,4,3,2,1,2,1,3,1,1,3,2,1,3,2,2,2,3,4,1,1,4,2,2,2,3,1,3,4,4,2,4,2,1,2,3,4,3,3,1,3,2,2,2,2,3,3,3,4,1,3,4,1,4,1,1,2,4,3,1,1,2,3,1,1,4,1,3,1,1,1,2,2,4,1,2,1,4,4,4,3,2,2,4,4,3,4,4,3"
125,0.9877030496613249,0.43137254901960786,2253.0,"2,1,2,4,1,1,1,2,2,1,3,4,2,1,1,1,1,4,3,4,4,2,1,4,3,4,4,1,2,2,1,4,4,2,1,4,2,4,1,4,4,3,1,3,4,3,3,1,2,2,1,2,3,2,1,2,1,4,3,3,1,2,4,2,3,4,1,1,2,1,2,2,2,1,1,2,2,1,2,3,2,4,3,1,1,3,1,1,1,1,1,1,3,4,2,1,2,3,2,1,1,3,2,4,3,4,2,1,2,4,2,2,2,2,4,3,1,2,4,1,3,1,4,2,1,4,2,4,1,2,4,2,2,1,3,3,3,4,4,2,2,4,3,1,2,2,3,3,2,3,3,3,4,4,1,4,1,1,1,3,4,2,2,1,2,4,4,4,3,4,2,4,3,2,1,4,3,4,2,2,2,3,4,4,3,3,3,2,3,2,1,2,2,3,2,2,4,2,3,2,2,4,1,4,2,4,3,1,3,2,4,2,4,2,3,1,3,1,2,1,1,1,4,2,4,1,2,2,2,3,1,1,2,3,1,4,3,4,1,1,1,1,2,2,2,1,2,3,4,1,3,1,4,2,3,3,1,4,4,4,4,2,2,4,2,2,4,2,2,4,4,1,1,3,4,3,1,2,3,1,1,4,3,1,1,4,1,2,3,4,4,2,3,2,2,2,2,1,1,1,4,2,2,3,4,4,3,1,1,1,4,1,2,3,1,1,2,3,2,4,1,3,3,3,4,2,1,2,3,1,3,3,1,1,1,3,4,3,2,3,1,2,3,3,4,2,2,4,3,4,2,4,1,1,4,3,2,4,3,3,2,1,3,2,2,3,3,2,1,3,3,2,3,4,2,4,4,3,2,4,2,2,1,1,1,3,2,4,2,1,1,2,1,2,2,2,2,1,3,4,2,2,2,1,4,2,3,4,2,1,3,4,4,4,3,2,4,2,2,2,4,3,1,1,1,1,3,1,1,3,4,3,1,1,2,1,2,2,4,1,1,2,4,4,1,2,3,2,1,1,2,3,2,4,1,1,1,4,3,1,2,3,1,2,3,4,2,2,3,1,2,3,1,1,2,4,2,3,1,4,3,1,4,1,3,1,2,1,1,1,1,4,4,3,1,1,2,4,1,1,2,1,1,2,2,2,2,3,3,3,1,3,1,3,2,3,1,1,2,2,4,4,1,2,4,1,1,2,1,2,1,4,4,2,3,3,1,4,2,3,2,2,3,3,1,1,3,2,2,3,4,1,2,2,1,2,1,1,1,2,4,3,2,3,3,4,4,2,4,3,3,1,3,3,1,4,3,4,1,1,1,4,4,2,1,4,2,2,1,1,4,1,3,2,2,2,3,4,1,1,2,2,1,4,4,3,4,3,3,2,1,3,4,1,2,3,3,3,4,2,3,2,1,1,3,1,1,3,2,2,2,1,1,1,4,2,2,4,1,3,4,1,3,3,4,1,1,3,3,1,1,4,2,2,1,3,1,3,3,4,3,4,2,3,1,2,2,1,2,2,1,2,2,4,1,2,1,3,4,3,1,1,3,3,1,4,1,3,1,1,1,2,3,3,2,2,1,2,3,3,4,1,4,3,4,2,1,2,4,3,3,1,1,1,2,1,2,3,4,4,2,4,2,2,3,2,3,3,2,2,2,3,2,3,4,2,1,3,3,1,3,2,1,3,1,1,3,2,3,4,3,2,4,3,1,4,2,4,1,1,2,2,2,2,2,1,1,1,1,3,1,4,1,4,2,3,1,2,2,4,1,3,2,3,1,3,2,2,2,2,4,2,4,3,1,4,1,3,3,3,3,2,1,2,4,4,2,2,1,3,4,1,3,4,1,2,2,3,3,2,2,3,3,3,4,3,2,2,2,1,3,1,3,1,3,4,1,3,3,2,2,3,1,2,2,1,1,3,3,1,2,2,1,1,2,1,3,1,1,2,1,2,3,4,3,1,4,3,2,4,4,3,2,3,2,1,1,2,1,3,2,4,4,3,3,3,3,4,1,1,3,2,2,2,1,1,1,4,2,3,1,2,2,3,1,1,1,3,1,3,2,2,1,2,1,1,2,1,1,4,1,2,4,4,2,1,2,2,4,2,4,4,4,4,1,3,2,1,1,1,2,3,1,2,3,1,3,4,3,3,4,3,1,2,1,3,3,3,1,4,4,4,1,1,1,1,1,4,2,4,2,3,4,4,1,1,1,1,3,4,3,1,1,3,1,1,2,1,2,3,4,2,4,1,1,1,2,4,3,1,2,3,1,1,2,2,1,4,1,2,2,2,4,3,4,2,4,1,4,1,4,1,4,3,1,1,4,4,1,4,2,4,3,1,3,3,2,2,3,1,3,4,1,1,4,1,2,1,1,1,1,3,3,3,2,4,4,2,1,2,1,1,2,1,3,3,3,3,2,3,1,2,2,3,4,4,3,3,1,1,3,3,4,3,4,3,1,4,4,4,3,2,4,1,3,4,3,2,2,3,3,3,4,3,1,2,4,4,2,2,1,1,1,4,1,1,1,3,3,4,2,1,3,3,4,2,1,3,4,4,3,4,2,4,2,2,3,2,2,1,2,3,2,3,2,2,1,3,2,3,4,1,3,4,1,3,3,2,2,3,3,1,4,1,1,3,1,3,4,1,4,1,4,2,1,2,1,1,1,3,1,1,3,1,3,3,1,2,2,1,1,4,1,2,4,4,3,2,1,1,4,1,4,3,4,1,4,1,1,1,2,3,4,1,1,2,3,2,1,3,3,1,4,3,3,3,4,2,1,2,2,4,2,1,1,4,3,1,4,4,2,4,3,2,1,1,1,2,1,1,3,3,3,3,1,1,4,2,1,2,1,1,3,3,3,3,1,3,3,2,2,4,2,2,2,2,1,4,3,3,3,3,1,3,4,1,1,2,4,2,1,3,2,3,4,1,3,1,2,3,4,1,2,2,2,1,2,4,4,1,2,2,2,2,4,3,3,2,1,4,2,2,3,2,3,2,3,2,1,1,1,4,4,1,1,2,1,3,4,2,2,4,1,1,3,3,1,1,2,2,1,4,2,4,2,3,2,4,4,1,4,3,1,2,2,1,1,3,2,1,2,2,4,2,4,2,3,1,1,2,2,2,1,4,1,3,1,4,3,3,3,4,4,2,1,4,4,2,3,4,4,1,1,1,4,1,3,4,2,4,2,2,4,4,2,3,1,4,2,2,1,1,2,4,2,2,1,1,4,4,1,1,3,4,1,4,1,2,4,3,2,3,3,1,1,2,1,4,2,1,2,1,3,3,4,4,4,2,3,4,1,1,1,4,2,1,4,4,1,1,3,3,3,3,2,2,1,1,4,2,2,2,2,3,1,1,4,2,4,2,1,1,2,2,4,1,3,4,3,3,1,4,3,2,4,3,3,4,1,3,1,1,2,1,4,4,2,3,3,1,3,1,2,3,4,3,2,1,1,4,2,1,3,1,2,2,2,2,2,3,2,4,4,2,4,3,1,1,2,1,3,1,1,1,1,1,1,3,1,1,1,3,3,3,2,4,2,2,1,2,4,3,4,1,3,3,3,3,2,1,2,3,1,3,3,1,1,1,2,4,2,1,4,3,2,1,2,1,3,1,1,3,2,1,3,2,2,2,3,4,1,1,4,2,2,2,3,1,3,4,4,2,4,2,1,2,3,4,3,3,1,3,2,2,2,2,3,3,3,4,1,3,4,1,4,1,1,2,4,3,1,1,2,3,1,1,4,1,3,1,1,1,2,2,4,1,2,1,4,4,4,3,2,2,4,4,3,4,4,3"
126,0.9877030496613249,0.43137254901960786,2253.0,"2,1,2,4,1,1,1,2,2,1,3,4,2,1,1,1,1,4,3,4,4,2,1,4,3,4,4,1,2,2,1,4,4,2,1,4,2,4,1,4,4,3,1,3,4,3,3,1,2,2,1,2,3,2,1,2,1,4,3,3,1,2,4,2,3,4,1,1,2,1,2,2,2,1,1,2,2,1,2,3,2,4,3,1,1,3,1,1,1,1,1,1,3,4,2,1,2,3,2,1,1,3,2,4,3,4,2,1,2,4,2,2,2,2,4,3,1,2,4,1,3,1,4,2,1,4,2,4,1,2,4,2,2,1,3,3,3,4,4,2,2,4,3,1,2,2,3,3,2,3,3,3,4,4,1,4,1,1,1,3,4,2,2,1,2,4,4,4,3,4,2,4,3,2,1,4,3,4,2,2,2,3,4,4,3,3,3,2,3,2,1,2,2,3,2,2,4,2,3,2,2,4,1,4,2,4,3,1,3,2,4,2,4,2,3,1,3,1,2,1,1,1,4,2,4,1,2,2,2,3,1,1,2,3,1,4,3,4,1,1,1,1,2,2,2,1,2,3,4,1,3,1,4,2,3,3,1,4,4,4,4,2,2,4,2,2,4,2,2,4,4,1,1,3,4,3,1,2,3,1,1,4,3,1,1,4,1,2,3,4,4,2,3,2,2,2,2,1,1,1,4,2,2,3,4,4,3,1,1,1,4,1,2,3,1,1,2,3,2,4,1,3,3,3,4,2,1,2,3,1,3,3,1,1,1,3,4,3,2,3,1,2,3,3,4,2,2,4,3,4,2,4,1,1,4,3,2,4,3,3,2,1,3,2,2,3,3,2,1,3,3,2,3,4,2,4,4,3,2,4,2,2,1,1,1,3,2,4,2,1,1,2,1,2,2,2,2,1,3,4,2,2,2,1,4,2,3,4,2,1,3,4,4,4,3,2,4,2,2,2,4,3,1,1,1,1,3,1,1,3,4,3,1,1,2,1,2,2,4,1,1,2,4,4,1,2,3,2,1,1,2,3,2,4,1,1,1,4,3,1,2,3,1,2,3,4,2,2,3,1,2,3,1,1,2,4,2,3,1,4,3,1,4,1,3,1,2,1,1,1,1,4,4,3,1,1,2,4,1,1,2,1,1,2,2,2,2,3,3,3,1,3,1,3,2,3,1,1,2,2,4,4,1,2,4,1,1,2,1,2,1,4,4,2,3,3,1,4,2,3,2,2,3,3,1,1,3,2,2,3,4,1,2,2,1,2,1,1,1,2,4,3,2,3,3,4,4,2,4,3,3,1,3,3,1,4,3,4,1,1,1,4,4,2,1,4,2,2,1,1,4,1,3,2,2,2,3,4,1,1,2,2,1,4,4,3,4,3,3,2,1,3,4,1,2,3,3,3,4,2,3,2,1,1,3,1,1,3,2,2,2,1,1,1,4,2,2,4,1,3,4,1,3,3,4,1,1,3,3,1,1,4,2,2,1,3,1,3,3,4,3,4,2,3,1,2,2,1,2,2,1,2,2,4,1,2,1,3,4,3,1,1,3,3,1,4,1,3,1,1,1,2,3,3,2,2,1,2,3,3,4,1,4,3,4,2,1,2,4,3,3,1,1,1,2,1,2,3,4,4,2,4,2,2,3,2,3,3,2,2,2,3,2,3,4,2,1,3,3,1,3,2,1,3,1,1,3,2,3,4,3,2,4,3,1,4,2,4,1,1,2,2,2,2,2,1,1,1,1,3,1,4,1,4,2,3,1,2,2,4,1,3,2,3,1,3,2,2,2,2,4,2,4,3,1,4,1,3,3,3,3,2,1,2,4,4,2,2,1,3,4,1,3,4,1,2,2,3,3,2,2,3,3,3,4,3,2,2,2,1,3,1,3,1,3,4,1,3,3,2,2,3,1,2,2,1,1,3,3,1,2,2,1,1,2,1,3,1,1,2,1,2,3,4,3,1,4,3,2,4,4,3,2,3,2,1,1,2,1,3,2,4,4,3,3,3,3,4,1,1,3,2,2,2,1,1,1,4,2,3,1,2,2,3,1,1,1,3,1,3,2,2,1,2,1,1,2,1,1,4,1,2,4,4,2,1,2,2,4,2,4,4,4,4,1,3,2,1,1,1,2,3,1,2,3,1,3,4,3,3,4,3,1,2,1,3,3,3,1,4,4,4,1,1,1,1,1,4,2,4,2,3,4,4,1,1,1,1,3,4,3,1,1,3,1,1,2,1,2,3,4,2,4,1,1,1,2,4,3,1,2,3,1,1,2,2,1,4,1,2,2,2,4,3,4,2,4,1,4,1,4,1,4,3,1,1,4,4,1,4,2,4,3,1,3,3,2,2,3,1,3,4,1,1,4,1,2,1,1,1,1,3,3,3,2,4,4,2,1,2,1,1,2,1,3,3,3,3,2,3,1,2,2,3,4,4,3,3,1,1,3,3,4,3,4,3,1,4,4,4,3,2,4,1,3,4,3,2,2,3,3,3,4,3,1,2,4,4,2,2,1,1,1,4,1,1,1,3,3,4,2,1,3,3,4,2,1,3,4,4,3,4,2,4,2,2,3,2,2,1,2,3,2,3,2,2,1,3,2,3,4,1,3,4,1,3,3,2,2,3,3,1,4,1,1,3,1,3,4,1,4,1,4,2,1,2,1,1,1,3,1,1,3,1,3,3,1,2,2,1,1,4,1,2,4,4,3,2,1,1,4,1,4,3,4,1,4,1,1,1,2,3,4,1,1,2,3,2,1,3,3,1,4,3,3,3,4,2,1,2,2,4,2,1,1,4,3,1,4,4,2,4,3,2,1,1,1,2,1,1,3,3,3,3,1,1,4,2,1,2,1,1,3,3,3,3,1,3,3,2,2,4,2,2,2,2,1,4,3,3,3,3,1,3,4,1,1,2,4,2,1,3,2,3,4,1,3,1,2,3,4,1,2,2,2,1,2,4,4,1,2,2,2,2,4,3,3,2,1,4,2,2,3,2,3,2,3,2,1,1,1,4,4,1,1,2,1,3,4,2,2,4,1,1,3,3,1,1,2,2,1,4,2,4,2,3,2,4,4,1,4,3,1,2,2,1,1,3,2,1,2,2,4,2,4,2,3,1,1,2,2,2,1,4,1,3,1,4,3,3,3,4,4,2,1,4,4,2,3,4,4,1,1,1,4,1,3,4,2,4,2,2,4,4,2,3,1,4,2,2,1,1,2,4,2,2,1,1,4,4,1,1,3,4,1,4,1,2,4,3,2,3,3,1,1,2,1,4,2,1,2,1,3,3,4,4,4,2,3,4,1,1,1,4,2,1,4,4,1,1,3,3,3,3,2,2,1,1,4,2,2,2,2,3,1,1,4,2,4,2,1,1,2,2,4,1,3,4,3,3,1,4,3,2,4,3,3,4,1,3,1,1,2,1,4,4,2,3,3,1,3,1,2,3,4,3,2,1,1,4,2,1,3,1,2,2,2,2,2,3,2,4,4,2,4,3,1,1,2,1,3,1,1,1,1,1,1,3,1,1,1,3,3,3,2,4,2,2,1,2,4,3,4,1,3,3,3,3,2,1,2,3,1,3,3,1,1,1,2,4,2,1,4,3,2,1,2,1,3,1,1,3,2,1,3,2,2,2,3,4,1,1,4,2,2,2,3,1,3,4,4,2,4,2,1,2,3,4,3,3,1,3,2,2,2,2,3,3,3,4,1,3,4,1,4,1,1,2,4,3,1,1,2,3,1,1,4,1,3,1,1,1,2,2,4,1,2,1,4,4,4,3,2,2,4,4,3,4,4,3"
127,0.9877030496613249,0.43137254901960786,2253.0,"2,1,2,4,1,1,1,2,2,1,3,4,2,1,1,1,1,4,3,4,4,2,1,4,3,4,4,1,2,2,1,4,4,2,1,4,2,4,1,4,4,3,1,3,4,3,3,1,2,2,1,2,3,2,1,2,1,4,3,3,1,2,4,2,3,4,1,1,2,1,2,2,2,1,1,2,2,1,2,3,2,4,3,1,1,3,1,1,1,1,1,1,3,4,2,1,2,3,2,1,1,3,2,4,3,4,2,1,2,4,2,2,2,2,4,3,1,2,4,1,3,1,4,2,1,4,2,4,1,2,4,2,2,1,3,3,3,4,4,2,2,4,3,1,2,2,3,3,2,3,3,3,4,4,1,4,1,1,1,3,4,2,2,1,2,4,4,4,3,4,2,4,3,2,1,4,3,4,2,2,2,3,4,4,3,3,3,2,3,2,1,2,2,3,2,2,4,2,3,2,2,4,1,4,2,4,3,1,3,2,4,2,4,2,3,1,3,1,2,1,1,1,4,2,4,1,2,2,2,3,1,1,2,3,1,4,3,4,1,1,1,1,2,2,2,1,2,3,4,1,3,1,4,2,3,3,1,4,4,4,4,2,2,4,2,2,4,2,2,4,4,1,1,3,4,3,1,2,3,1,1,4,3,1,1,4,1,2,3,4,4,2,3,2,2,2,2,1,1,1,4,2,2,3,4,4,3,1,1,1,4,1,2,3,1,1,2,3,2,4,1,3,3,3,4,2,1,2,3,1,3,3,1,1,1,3,4,3,2,3,1,2,3,3,4,2,2,4,3,4,2,4,1,1,4,3,2,4,3,3,2,1,3,2,2,3,3,2,1,3,3,2,3,4,2,4,4,3,2,4,2,2,1,1,1,3,2,4,2,1,1,2,1,2,2,2,2,1,3,4,2,2,2,1,4,2,3,4,2,1,3,4,4,4,3,2,4,2,2,2,4,3,1,1,1,1,3,1,1,3,4,3,1,1,2,1,2,2,4,1,1,2,4,4,1,2,3,2,1,1,2,3,2,4,1,1,1,4,3,1,2,3,1,2,3,4,2,2,3,1,2,3,1,1,2,4,2,3,1,4,3,1,4,1,3,1,2,1,1,1,1,4,4,3,1,1,2,4,1,1,2,1,1,2,2,2,2,3,3,3,1,3,1,3,2,3,1,1,2,2,4,4,1,2,4,1,1,2,1,2,1,4,4,2,3,3,1,4,2,3,2,2,3,3,1,1,3,2,2,3,4,1,2,2,1,2,1,1,1,2,4,3,2,3,3,4,4,2,4,3,3,1,3,3,1,4,3,4,1,1,1,4,4,2,1,4,2,2,1,1,4,1,3,2,2,2,3,4,1,1,2,2,1,4,4,3,4,3,3,2,1,3,4,1,2,3,3,3,4,2,3,2,1,1,3,1,1,3,2,2,2,1,1,1,4,2,2,4,1,3,4,1,3,3,4,1,1,3,3,1,1,4,2,2,1,3,1,3,3,4,3,4,2,3,1,2,2,1,2,2,1,2,2,4,1,2,1,3,4,3,1,1,3,3,1,4,1,3,1,1,1,2,3,3,2,2,1,2,3,3,4,1,4,3,4,2,1,2,4,3,3,1,1,1,2,1,2,3,4,4,2,4,2,2,3,2,3,3,2,2,2,3,2,3,4,2,1,3,3,1,3,2,1,3,1,1,3,2,3,4,3,2,4,3,1,4,2,4,1,1,2,2,2,2,2,1,1,1,1,3,1,4,1,4,2,3,1,2,2,4,1,3,2,3,1,3,2,2,2,2,4,2,4,3,1,4,1,3,3,3,3,2,1,2,4,4,2,2,1,3,4,1,3,4,1,2,2,3,3,2,2,3,3,3,4,3,2,2,2,1,3,1,3,1,3,4,1,3,3,2,2,3,1,2,2,1,1,3,3,1,2,2,1,1,2,1,3,1,1,2,1,2,3,4,3,1,4,3,2,4,4,3,2,3,2,1,1,2,1,3,2,4,4,3,3,3,3,4,1,1,3,2,2,2,1,1,1,4,2,3,1,2,2,3,1,1,1,3,1,3,2,2,1,2,1,1,2,1,1,4,1,2,4,4,2,1,2,2,4,2,4,4,4,4,1,3,2,1,1,1,2,3,1,2,3,1,3,4,3,3,4,3,1,2,1,3,3,3,1,4,4,4,1,1,1,1,1,4,2,4,2,3,4,4,1,1,1,1,3,4,3,1,1,3,1,1,2,1,2,3,4,2,4,1,1,1,2,4,3,1,2,3,1,1,2,2,1,4,1,2,2,2,4,3,4,2,4,1,4,1,4,1,4,3,1,1,4,4,1,4,2,4,3,1,3,3,2,2,3,1,3,4,1,1,4,1,2,1,1,1,1,3,3,3,2,4,4,2,1,2,1,1,2,1,3,3,3,3,2,3,1,2,2,3,4,4,3,3,1,1,3,3,4,3,4,3,1,4,4,4,3,2,4,1,3,4,3,2,2,3,3,3,4,3,1,2,4,4,2,2,1,1,1,4,1,1,1,3,3,4,2,1,3,3,4,2,1,3,4,4,3,4,2,4,2,2,3,2,2,1,2,3,2,3,2,2,1,3,2,3,4,1,3,4,1,3,3,2,2,3,3,1,4,1,1,3,1,3,4,1,4,1,4,2,1,2,1,1,1,3,1,1,3,1,3,3,1,2,2,1,1,4,1,2,4,4,3,2,1,1,4,1,4,3,4,1,4,1,1,1,2,3,4,1,1,2,3,2,1,3,3,1,4,3,3,3,4,2,1,2,2,4,2,1,1,4,3,1,4,4,2,4,3,2,1,1,1,2,1,1,3,3,3,3,1,1,4,2,1,2,1,1,3,3,3,3,1,3,3,2,2,4,2,2,2,2,1,4,3,3,3,3,1,3,4,1,1,2,4,2,1,3,2,3,4,1,3,1,2,3,4,1,2,2,2,1,2,4,4,1,2,2,2,2,4,3,3,2,1,4,2,2,3,2,3,2,3,2,1,1,1,4,4,1,1,2,1,3,4,2,2,4,1,1,3,3,1,1,2,2,1,4,2,4,2,3,2,4,4,1,4,3,1,2,2,1,1,3,2,1,2,2,4,2,4,2,3,1,1,2,2,2,1,4,1,3,1,4,3,3,3,4,4,2,1,4,4,2,3,4,4,1,1,1,4,1,3,4,2,4,2,2,4,4,2,3,1,4,2,2,1,1,2,4,2,2,1,1,4,4,1,1,3,4,1,4,1,2,4,3,2,3,3,1,1,2,1,4,2,1,2,1,3,3,4,4,4,2,3,4,1,1,1,4,2,1,4,4,1,1,3,3,3,3,2,2,1,1,4,2,2,2,2,3,1,1,4,2,4,2,1,1,2,2,4,1,3,4,3,3,1,4,3,2,4,3,3,4,1,3,1,1,2,1,4,4,2,3,3,1,3,1,2,3,4,3,2,1,1,4,2,1,3,1,2,2,2,2,2,3,2,4,4,2,4,3,1,1,2,1,3,1,1,1,1,1,1,3,1,1,1,3,3,3,2,4,2,2,1,2,4,3,4,1,3,3,3,3,2,1,2,3,1,3,3,1,1,1,2,4,2,1,4,3,2,1,2,1,3,1,1,3,2,1,3,2,2,2,3,4,1,1,4,2,2,2,3,1,3,4,4,2,4,2,1,2,3,4,3,3,1,3,2,2,2,2,3,3,3,4,1,3,4,1,4,1,1,2,4,3,1,1,2,3,1,1,4,1,3,1,1,1,2,2,4,1,2,1,4,4,4,3,2,2,4,4,3,4,4,3"
128,0.9877030496613249,0.43137254901960786,2253.0,"2,1,2,4,1,1,1,2,2,1,3,4,2,1,1,1,1,4,3,4,4,2,1,4,3,4,4,1,2,2,1,4,4,2,1,4,2,4,1,4,4,3,1,3,4,3,3,1,2,2,1,2,3,2,1,2,1,4,3,3,1,2,4,2,3,4,1,1,2,1,2,2,2,1,1,2,2,1,2,3,2,4,3,1,1,3,1,1,1,1,1,1,3,4,2,1,2,3,2,1,1,3,2,4,3,4,2,1,2,4,2,2,2,2,4,3,1,2,4,1,3,1,4,2,1,4,2,4,1,2,4,2,2,1,3,3,3,4,4,2,2,4,3,1,2,2,3,3,2,3,3,3,4,4,1,4,1,1,1,3,4,2,2,1,2,4,4,4,3,4,2,4,3,2,1,4,3,4,2,2,2,3,4,4,3,3,3,2,3,2,1,2,2,3,2,2,4,2,3,2,2,4,1,4,2,4,3,1,3,2,4,2,4,2,3,1,3,1,2,1,1,1,4,2,4,1,2,2,2,3,1,1,2,3,1,4,3,4,1,1,1,1,2,2,2,1,2,3,4,1,3,1,4,2,3,3,1,4,4,4,4,2,2,4,2,2,4,2,2,4,4,1,1,3,4,3,1,2,3,1,1,4,3,1,1,4,1,2,3,4,4,2,3,2,2,2,2,1,1,1,4,2,2,3,4,4,3,1,1,1,4,1,2,3,1,1,2,3,2,4,1,3,3,3,4,2,1,2,3,1,3,3,1,1,1,3,4,3,2,3,1,2,3,3,4,2,2,4,3,4,2,4,1,1,4,3,2,4,3,3,2,1,3,2,2,3,3,2,1,3,3,2,3,4,2,4,4,3,2,4,2,2,1,1,1,3,2,4,2,1,1,2,1,2,2,2,2,1,3,4,2,2,2,1,4,2,3,4,2,1,3,4,4,4,3,2,4,2,2,2,4,3,1,1,1,1,3,1,1,3,4,3,1,1,2,1,2,2,4,1,1,2,4,4,1,2,3,2,1,1,2,3,2,4,1,1,1,4,3,1,2,3,1,2,3,4,2,2,3,1,2,3,1,1,2,4,2,3,1,4,3,1,4,1,3,1,2,1,1,1,1,4,4,3,1,1,2,4,1,1,2,1,1,2,2,2,2,3,3,3,1,3,1,3,2,3,1,1,2,2,4,4,1,2,4,1,1,2,1,2,1,4,4,2,3,3,1,4,2,3,2,2,3,3,1,1,3,2,2,3,4,1,2,2,1,2,1,1,1,2,4,3,2,3,3,4,4,2,4,3,3,1,3,3,1,4,3,4,1,1,1,4,4,2,1,4,2,2,1,1,4,1,3,2,2,2,3,4,1,1,2,2,1,4,4,3,4,3,3,2,1,3,4,1,2,3,3,3,4,2,3,2,1,1,3,1,1,3,2,2,2,1,1,1,4,2,2,4,1,3,4,1,3,3,4,1,1,3,3,1,1,4,2,2,1,3,1,3,3,4,3,4,2,3,1,2,2,1,2,2,1,2,2,4,1,2,1,3,4,3,1,1,3,3,1,4,1,3,1,1,1,2,3,3,2,2,1,2,3,3,4,1,4,3,4,2,1,2,4,3,3,1,1,1,2,1,2,3,4,4,2,4,2,2,3,2,3,3,2,2,2,3,2,3,4,2,1,3,3,1,3,2,1,3,1,1,3,2,3,4,3,2,4,3,1,4,2,4,1,1,2,2,2,2,2,1,1,1,1,3,1,4,1,4,2,3,1,2,2,4,1,3,2,3,1,3,2,2,2,2,4,2,4,3,1,4,1,3,3,3,3,2,1,2,4,4,2,2,1,3,4,1,3,4,1,2,2,3,3,2,2,3,3,3,4,3,2,2,2,1,3,1,3,1,3,4,1,3,3,2,2,3,1,2,2,1,1,3,3,1,2,2,1,1,2,1,3,1,1,2,1,2,3,4,3,1,4,3,2,4,4,3,2,3,2,1,1,2,1,3,2,4,4,3,3,3,3,4,1,1,3,2,2,2,1,1,1,4,2,3,1,2,2,3,1,1,1,3,1,3,2,2,1,2,1,1,2,1,1,4,1,2,4,4,2,1,2,2,4,2,4,4,4,4,1,3,2,1,1,1,2,3,1,2,3,1,3,4,3,3,4,3,1,2,1,3,3,3,1,4,4,4,1,1,1,1,1,4,2,4,2,3,4,4,1,1,1,1,3,4,3,1,1,3,1,1,2,1,2,3,4,2,4,1,1,1,2,4,3,1,2,3,1,1,2,2,1,4,1,2,2,2,4,3,4,2,4,1,4,1,4,1,4,3,1,1,4,4,1,4,2,4,3,1,3,3,2,2,3,1,3,4,1,1,4,1,2,1,1,1,1,3,3,3,2,4,4,2,1,2,1,1,2,1,3,3,3,3,2,3,1,2,2,3,4,4,3,3,1,1,3,3,4,3,4,3,1,4,4,4,3,2,4,1,3,4,3,2,2,3,3,3,4,3,1,2,4,4,2,2,1,1,1,4,1,1,1,3,3,4,2,1,3,3,4,2,1,3,4,4,3,4,2,4,2,2,3,2,2,1,2,3,2,3,2,2,1,3,2,3,4,1,3,4,1,3,3,2,2,3,3,1,4,1,1,3,1,3,4,1,4,1,4,2,1,2,1,1,1,3,1,1,3,1,3,3,1,2,2,1,1,4,1,2,4,4,3,2,1,1,4,1,4,3,4,1,4,1,1,1,2,3,4,1,1,2,3,2,1,3,3,1,4,3,3,3,4,2,1,2,2,4,2,1,1,4,3,1,4,4,2,4,3,2,1,1,1,2,1,1,3,3,3,3,1,1,4,2,1,2,1,1,3,3,3,3,1,3,3,2,2,4,2,2,2,2,1,4,3,3,3,3,1,3,4,1,1,2,4,2,1,3,2,3,4,1,3,1,2,3,4,1,2,2,2,1,2,4,4,1,2,2,2,2,4,3,3,2,1,4,2,2,3,2,3,2,3,2,1,1,1,4,4,1,1,2,1,3,4,2,2,4,1,1,3,3,1,1,2,2,1,4,2,4,2,3,2,4,4,1,4,3,1,2,2,1,1,3,2,1,2,2,4,2,4,2,3,1,1,2,2,2,1,4,1,3,1,4,3,3,3,4,4,2,1,4,4,2,3,4,4,1,1,1,4,1,3,4,2,4,2,2,4,4,2,3,1,4,2,2,1,1,2,4,2,2,1,1,4,4,1,1,3,4,1,4,1,2,4,3,2,3,3,1,1,2,1,4,2,1,2,1,3,3,4,4,4,2,3,4,1,1,1,4,2,1,4,4,1,1,3,3,3,3,2,2,1,1,4,2,2,2,2,3,1,1,4,2,4,2,1,1,2,2,4,1,3,4,3,3,1,4,3,2,4,3,3,4,1,3,1,1,2,1,4,4,2,3,3,1,3,1,2,3,4,3,2,1,1,4,2,1,3,1,2,2,2,2,2,3,2,4,4,2,4,3,1,1,2,1,3,1,1,1,1,1,1,3,1,1,1,3,3,3,2,4,2,2,1,2,4,3,4,1,3,3,3,3,2,1,2,3,1,3,3,1,1,1,2,4,2,1,4,3,2,1,2,1,3,1,1,3,2,1,3,2,2,2,3,4,1,1,4,2,2,2,3,1,3,4,4,2,4,2,1,2,3,4,3,3,1,3,2,2,2,2,3,3,3,4,1,3,4,1,4,1,1,2,4,3,1,1,2,3,1,1,4,1,3,1,1,1,2,2,4,1,2,1,4,4,4,3,2,2,4,4,3,4,4,3"
129,0.9877030496613249,0.43137254901960786,2253.0,"2,1,2,4,1,1,1,2,2,1,3,4,2,1,1,1,1,4,3,4,4,2,1,4,3,4,4,1,2,2,1,4,4,2,1,4,2,4,1,4,4,3,1,3,4,3,3,1,2,2,1,2,3,2,1,2,1,4,3,3,1,2,4,2,3,4,1,1,2,1,2,2,2,1,1,2,2,1,2,3,2,4,3,1,1,3,1,1,1,1,1,1,3,4,2,1,2,3,2,1,1,3,2,4,3,4,2,1,2,4,2,2,2,2,4,3,1,2,4,1,3,1,4,2,1,4,2,4,1,2,4,2,2,1,3,3,3,4,4,2,2,4,3,1,2,2,3,3,2,3,3,3,4,4,1,4,1,1,1,3,4,2,2,1,2,4,4,4,3,4,2,4,3,2,1,4,3,4,2,2,2,3,4,4,3,3,3,2,3,2,1,2,2,3,2,2,4,2,3,2,2,4,1,4,2,4,3,1,3,2,4,2,4,2,3,1,3,1,2,1,1,1,4,2,4,1,2,2,2,3,1,1,2,3,1,4,3,4,1,1,1,1,2,2,2,1,2,3,4,1,3,1,4,2,3,3,1,4,4,4,4,2,2,4,2,2,4,2,2,4,4,1,1,3,4,3,1,2,3,1,1,4,3,1,1,4,1,2,3,4,4,2,3,2,2,2,2,1,1,1,4,2,2,3,4,4,3,1,1,1,4,1,2,3,1,1,2,3,2,4,1,3,3,3,4,2,1,2,3,1,3,3,1,1,1,3,4,3,2,3,1,2,3,3,4,2,2,4,3,4,2,4,1,1,4,3,2,4,3,3,2,1,3,2,2,3,3,2,1,3,3,2,3,4,2,4,4,3,2,4,2,2,1,1,1,3,2,4,2,1,1,2,1,2,2,2,2,1,3,4,2,2,2,1,4,2,3,4,2,1,3,4,4,4,3,2,4,2,2,2,4,3,1,1,1,1,3,1,1,3,4,3,1,1,2,1,2,2,4,1,1,2,4,4,1,2,3,2,1,1,2,3,2,4,1,1,1,4,3,1,2,3,1,2,3,4,2,2,3,1,2,3,1,1,2,4,2,3,1,4,3,1,4,1,3,1,2,1,1,1,1,4,4,3,1,1,2,4,1,1,2,1,1,2,2,2,2,3,3,3,1,3,1,3,2,3,1,1,2,2,4,4,1,2,4,1,1,2,1,2,1,4,4,2,3,3,1,4,2,3,2,2,3,3,1,1,3,2,2,3,4,1,2,2,1,2,1,1,1,2,4,3,2,3,3,4,4,2,4,3,3,1,3,3,1,4,3,4,1,1,1,4,4,2,1,4,2,2,1,1,4,1,3,2,2,2,3,4,1,1,2,2,1,4,4,3,4,3,3,2,1,3,4,1,2,3,3,3,4,2,3,2,1,1,3,1,1,3,2,2,2,1,1,1,4,2,2,4,1,3,4,1,3,3,4,1,1,3,3,1,1,4,2,2,1,3,1,3,3,4,3,4,2,3,1,2,2,1,2,2,1,2,2,4,1,2,1,3,4,3,1,1,3,3,1,4,1,3,1,1,1,2,3,3,2,2,1,2,3,3,4,1,4,3,4,2,1,2,4,3,3,1,1,1,2,1,2,3,4,4,2,4,2,2,3,2,3,3,2,2,2,3,2,3,4,2,1,3,3,1,3,2,1,3,1,1,3,2,3,4,3,2,4,3,1,4,2,4,1,1,2,2,2,2,2,1,1,1,1,3,1,4,1,4,2,3,1,2,2,4,1,3,2,3,1,3,2,2,2,2,4,2,4,3,1,4,1,3,3,3,3,2,1,2,4,4,2,2,1,3,4,1,3,4,1,2,2,3,3,2,2,3,3,3,4,3,2,2,2,1,3,1,3,1,3,4,1,3,3,2,2,3,1,2,2,1,1,3,3,1,2,2,1,1,2,1,3,1,1,2,1,2,3,4,3,1,4,3,2,4,4,3,2,3,2,1,1,2,1,3,2,4,4,3,3,3,3,4,1,1,3,2,2,2,1,1,1,4,2,3,1,2,2,3,1,1,1,3,1,3,2,2,1,2,1,1,2,1,1,4,1,2,4,4,2,1,2,2,4,2,4,4,4,4,1,3,2,1,1,1,2,3,1,2,3,1,3,4,3,3,4,3,1,2,1,3,3,3,1,4,4,4,1,1,1,1,1,4,2,4,2,3,4,4,1,1,1,1,3,4,3,1,1,3,1,1,2,1,2,3,4,2,4,1,1,1,2,4,3,1,2,3,1,1,2,2,1,4,1,2,2,2,4,3,4,2,4,1,4,1,4,1,4,3,1,1,4,4,1,4,2,4,3,1,3,3,2,2,3,1,3,4,1,1,4,1,2,1,1,1,1,3,3,3,2,4,4,2,1,2,1,1,2,1,3,3,3,3,2,3,1,2,2,3,4,4,3,3,1,1,3,3,4,3,4,3,1,4,4,4,3,2,4,1,3,4,3,2,2,3,3,3,4,3,1,2,4,4,2,2,1,1,1,4,1,1,1,3,3,4,2,1,3,3,4,2,1,3,4,4,3,4,2,4,2,2,3,2,2,1,2,3,2,3,2,2,1,3,2,3,4,1,3,4,1,3,3,2,2,3,3,1,4,1,1,3,1,3,4,1,4,1,4,2,1,2,1,1,1,3,1,1,3,1,3,3,1,2,2,1,1,4,1,2,4,4,3,2,1,1,4,1,4,3,4,1,4,1,1,1,2,3,4,1,1,2,3,2,1,3,3,1,4,3,3,3,4,2,1,2,2,4,2,1,1,4,3,1,4,4,2,4,3,2,1,1,1,2,1,1,3,3,3,3,1,1,4,2,1,2,1,1,3,3,3,3,1,3,3,2,2,4,2,2,2,2,1,4,3,3,3,3,1,3,4,1,1,2,4,2,1,3,2,3,4,1,3,1,2,3,4,1,2,2,2,1,2,4,4,1,2,2,2,2,4,3,3,2,1,4,2,2,3,2,3,2,3,2,1,1,1,4,4,1,1,2,1,3,4,2,2,4,1,1,3,3,1,1,2,2,1,4,2,4,2,3,2,4,4,1,4,3,1,2,2,1,1,3,2,1,2,2,4,2,4,2,3,1,1,2,2,2,1,4,1,3,1,4,3,3,3,4,4,2,1,4,4,2,3,4,4,1,1,1,4,1,3,4,2,4,2,2,4,4,2,3,1,4,2,2,1,1,2,4,2,2,1,1,4,4,1,1,3,4,1,4,1,2,4,3,2,3,3,1,1,2,1,4,2,1,2,1,3,3,4,4,4,2,3,4,1,1,1,4,2,1,4,4,1,1,3,3,3,3,2,2,1,1,4,2,2,2,2,3,1,1,4,2,4,2,1,1,2,2,4,1,3,4,3,3,1,4,3,2,4,3,3,4,1,3,1,1,2,1,4,4,2,3,3,1,3,1,2,3,4,3,2,1,1,4,2,1,3,1,2,2,2,2,2,3,2,4,4,2,4,3,1,1,2,1,3,1,1,1,1,1,1,3,1,1,1,3,3,3,2,4,2,2,1,2,4,3,4,1,3,3,3,3,2,1,2,3,1,3,3,1,1,1,2,4,2,1,4,3,2,1,2,1,3,1,1,3,2,1,3,2,2,2,3,4,1,1,4,2,2,2,3,1,3,4,4,2,4,2,1,2,3,4,3,3,1,3,2,2,2,2,3,3,3,4,1,3,4,1,4,1,1,2,4,3,1,1,2,3,1,1,4,1,3,1,1,1,2,2,4,1,2,1,4,4,4,3,2,2,4,4,3,4,4,3"
130,0.9877030496613249,0.43137254901960786,2253.0,"2,1,2,4,1,1,1,2,2,1,3,4,2,1,1,1,1,4,3,4,4,2,1,4,3,4,4,1,2,2,1,4,4,2,1,4,2,4,1,4,4,3,1,3,4,3,3,1,2,2,1,2,3,2,1,2,1,4,3,3,1,2,4,2,3,4,1,1,2,1,2,2,2,1,1,2,2,1,2,3,2,4,3,1,1,3,1,1,1,1,1,1,3,4,2,1,2,3,2,1,1,3,2,4,3,4,2,1,2,4,2,2,2,2,4,3,1,2,4,1,3,1,4,2,1,4,2,4,1,2,4,2,2,1,3,3,3,4,4,2,2,4,3,1,2,2,3,3,2,3,3,3,4,4,1,4,1,1,1,3,4,2,2,1,2,4,4,4,3,4,2,4,3,2,1,4,3,4,2,2,2,3,4,4,3,3,3,2,3,2,1,2,2,3,2,2,4,2,3,2,2,4,1,4,2,4,3,1,3,2,4,2,4,2,3,1,3,1,2,1,1,1,4,2,4,1,2,2,2,3,1,1,2,3,1,4,3,4,1,1,1,1,2,2,2,1,2,3,4,1,3,1,4,2,3,3,1,4,4,4,4,2,2,4,2,2,4,2,2,4,4,1,1,3,4,3,1,2,3,1,1,4,3,1,1,4,1,2,3,4,4,2,3,2,2,2,2,1,1,1,4,2,2,3,4,4,3,1,1,1,4,1,2,3,1,1,2,3,2,4,1,3,3,3,4,2,1,2,3,1,3,3,1,1,1,3,4,3,2,3,1,2,3,3,4,2,2,4,3,4,2,4,1,1,4,3,2,4,3,3,2,1,3,2,2,3,3,2,1,3,3,2,3,4,2,4,4,3,2,4,2,2,1,1,1,3,2,4,2,1,1,2,1,2,2,2,2,1,3,4,2,2,2,1,4,2,3,4,2,1,3,4,4,4,3,2,4,2,2,2,4,3,1,1,1,1,3,1,1,3,4,3,1,1,2,1,2,2,4,1,1,2,4,4,1,2,3,2,1,1,2,3,2,4,1,1,1,4,3,1,2,3,1,2,3,4,2,2,3,1,2,3,1,1,2,4,2,3,1,4,3,1,4,1,3,1,2,1,1,1,1,4,4,3,1,1,2,4,1,1,2,1,1,2,2,2,2,3,3,3,1,3,1,3,2,3,1,1,2,2,4,4,1,2,4,1,1,2,1,2,1,4,4,2,3,3,1,4,2,3,2,2,3,3,1,1,3,2,2,3,4,1,2,2,1,2,1,1,1,2,4,3,2,3,3,4,4,2,4,3,3,1,3,3,1,4,3,4,1,1,1,4,4,2,1,4,2,2,1,1,4,1,3,2,2,2,3,4,1,1,2,2,1,4,4,3,4,3,3,2,1,3,4,1,2,3,3,3,4,2,3,2,1,1,3,1,1,3,2,2,2,1,1,1,4,2,2,4,1,3,4,1,3,3,4,1,1,3,3,1,1,4,2,2,1,3,1,3,3,4,3,4,2,3,1,2,2,1,2,2,1,2,2,4,1,2,1,3,4,3,1,1,3,3,1,4,1,3,1,1,1,2,3,3,2,2,1,2,3,3,4,1,4,3,4,2,1,2,4,3,3,1,1,1,2,1,2,3,4,4,2,4,2,2,3,2,3,3,2,2,2,3,2,3,4,2,1,3,3,1,3,2,1,3,1,1,3,2,3,4,3,2,4,3,1,4,2,4,1,1,2,2,2,2,2,1,1,1,1,3,1,4,1,4,2,3,1,2,2,4,1,3,2,3,1,3,2,2,2,2,4,2,4,3,1,4,1,3,3,3,3,2,1,2,4,4,2,2,1,3,4,1,3,4,1,2,2,3,3,2,2,3,3,3,4,3,2,2,2,1,3,1,3,1,3,4,1,3,3,2,2,3,1,2,2,1,1,3,3,1,2,2,1,1,2,1,3,1,1,2,1,2,3,4,3,1,4,3,2,4,4,3,2,3,2,1,1,2,1,3,2,4,4,3,3,3,3,4,1,1,3,2,2,2,1,1,1,4,2,3,1,2,2,3,1,1,1,3,1,3,2,2,1,2,1,1,2,1,1,4,1,2,4,4,2,1,2,2,4,2,4,4,4,4,1,3,2,1,1,1,2,3,1,2,3,1,3,4,3,3,4,3,1,2,1,3,3,3,1,4,4,4,1,1,1,1,1,4,2,4,2,3,4,4,1,1,1,1,3,4,3,1,1,3,1,1,2,1,2,3,4,2,4,1,1,1,2,4,3,1,2,3,1,1,2,2,1,4,1,2,2,2,4,3,4,2,4,1,4,1,4,1,4,3,1,1,4,4,1,4,2,4,3,1,3,3,2,2,3,1,3,4,1,1,4,1,2,1,1,1,1,3,3,3,2,4,4,2,1,2,1,1,2,1,3,3,3,3,2,3,1,2,2,3,4,4,3,3,1,1,3,3,4,3,4,3,1,4,4,4,3,2,4,1,3,4,3,2,2,3,3,3,4,3,1,2,4,4,2,2,1,1,1,4,1,1,1,3,3,4,2,1,3,3,4,2,1,3,4,4,3,4,2,4,2,2,3,2,2,1,2,3,2,3,2,2,1,3,2,3,4,1,3,4,1,3,3,2,2,3,3,1,4,1,1,3,1,3,4,1,4,1,4,2,1,2,1,1,1,3,1,1,3,1,3,3,1,2,2,1,1,4,1,2,4,4,3,2,1,1,4,1,4,3,4,1,4,1,1,1,2,3,4,1,1,2,3,2,1,3,3,1,4,3,3,3,4,2,1,2,2,4,2,1,1,4,3,1,4,4,2,4,3,2,1,1,1,2,1,1,3,3,3,3,1,1,4,2,1,2,1,1,3,3,3,3,1,3,3,2,2,4,2,2,2,2,1,4,3,3,3,3,1,3,4,1,1,2,4,2,1,3,2,3,4,1,3,1,2,3,4,1,2,2,2,1,2,4,4,1,2,2,2,2,4,3,3,2,1,4,2,2,3,2,3,2,3,2,1,1,1,4,4,1,1,2,1,3,4,2,2,4,1,1,3,3,1,1,2,2,1,4,2,4,2,3,2,4,4,1,4,3,1,2,2,1,1,3,2,1,2,2,4,2,4,2,3,1,1,2,2,2,1,4,1,3,1,4,3,3,3,4,4,2,1,4,4,2,3,4,4,1,1,1,4,1,3,4,2,4,2,2,4,4,2,3,1,4,2,2,1,1,2,4,2,2,1,1,4,4,1,1,3,4,1,4,1,2,4,3,2,3,3,1,1,2,1,4,2,1,2,1,3,3,4,4,4,2,3,4,1,1,1,4,2,1,4,4,1,1,3,3,3,3,2,2,1,1,4,2,2,2,2,3,1,1,4,2,4,2,1,1,2,2,4,1,3,4,3,3,1,4,3,2,4,3,3,4,1,3,1,1,2,1,4,4,2,3,3,1,3,1,2,3,4,3,2,1,1,4,2,1,3,1,2,2,2,2,2,3,2,4,4,2,4,3,1,1,2,1,3,1,1,1,1,1,1,3,1,1,1,3,3,3,2,4,2,2,1,2,4,3,4,1,3,3,3,3,2,1,2,3,1,3,3,1,1,1,2,4,2,1,4,3,2,1,2,1,3,1,1,3,2,1,3,2,2,2,3,4,1,1,4,2,2,2,3,1,3,4,4,2,4,2,1,2,3,4,3,3,1,3,2,2,2,2,3,3,3,4,1,3,4,1,4,1,1,2,4,3,1,1,2,3,1,1,4,1,3,1,1,1,2,2,4,1,2,1,4,4,4,3,2,2,4,4,3,4,4,3"
131,0.9877030496613249,0.43137254901960786,2253.0,"2,1,2,4,1,1,1,2,2,1,3,4,2,1,1,1,1,4,3,4,4,2,1,4,3,4,4,1,2,2,1,4,4,2,1,4,2,4,1,4,4,3,1,3,4,3,3,1,2,2,1,2,3,2,1,2,1,4,3,3,1,2,4,2,3,4,1,1,2,1,2,2,2,1,1,2,2,1,2,3,2,4,3,1,1,3,1,1,1,1,1,1,3,4,2,1,2,3,2,1,1,3,2,4,3,4,2,1,2,4,2,2,2,2,4,3,1,2,4,1,3,1,4,2,1,4,2,4,1,2,4,2,2,1,3,3,3,4,4,2,2,4,3,1,2,2,3,3,2,3,3,3,4,4,1,4,1,1,1,3,4,2,2,1,2,4,4,4,3,4,2,4,3,2,1,4,3,4,2,2,2,3,4,4,3,3,3,2,3,2,1,2,2,3,2,2,4,2,3,2,2,4,1,4,2,4,3,1,3,2,4,2,4,2,3,1,3,1,2,1,1,1,4,2,4,1,2,2,2,3,1,1,2,3,1,4,3,4,1,1,1,1,2,2,2,1,2,3,4,1,3,1,4,2,3,3,1,4,4,4,4,2,2,4,2,2,4,2,2,4,4,1,1,3,4,3,1,2,3,1,1,4,3,1,1,4,1,2,3,4,4,2,3,2,2,2,2,1,1,1,4,2,2,3,4,4,3,1,1,1,4,1,2,3,1,1,2,3,2,4,1,3,3,3,4,2,1,2,3,1,3,3,1,1,1,3,4,3,2,3,1,2,3,3,4,2,2,4,3,4,2,4,1,1,4,3,2,4,3,3,2,1,3,2,2,3,3,2,1,3,3,2,3,4,2,4,4,3,2,4,2,2,1,1,1,3,2,4,2,1,1,2,1,2,2,2,2,1,3,4,2,2,2,1,4,2,3,4,2,1,3,4,4,4,3,2,4,2,2,2,4,3,1,1,1,1,3,1,1,3,4,3,1,1,2,1,2,2,4,1,1,2,4,4,1,2,3,2,1,1,2,3,2,4,1,1,1,4,3,1,2,3,1,2,3,4,2,2,3,1,2,3,1,1,2,4,2,3,1,4,3,1,4,1,3,1,2,1,1,1,1,4,4,3,1,1,2,4,1,1,2,1,1,2,2,2,2,3,3,3,1,3,1,3,2,3,1,1,2,2,4,4,1,2,4,1,1,2,1,2,1,4,4,2,3,3,1,4,2,3,2,2,3,3,1,1,3,2,2,3,4,1,2,2,1,2,1,1,1,2,4,3,2,3,3,4,4,2,4,3,3,1,3,3,1,4,3,4,1,1,1,4,4,2,1,4,2,2,1,1,4,1,3,2,2,2,3,4,1,1,2,2,1,4,4,3,4,3,3,2,1,3,4,1,2,3,3,3,4,2,3,2,1,1,3,1,1,3,2,2,2,1,1,1,4,2,2,4,1,3,4,1,3,3,4,1,1,3,3,1,1,4,2,2,1,3,1,3,3,4,3,4,2,3,1,2,2,1,2,2,1,2,2,4,1,2,1,3,4,3,1,1,3,3,1,4,1,3,1,1,1,2,3,3,2,2,1,2,3,3,4,1,4,3,4,2,1,2,4,3,3,1,1,1,2,1,2,3,4,4,2,4,2,2,3,2,3,3,2,2,2,3,2,3,4,2,1,3,3,1,3,2,1,3,1,1,3,2,3,4,3,2,4,3,1,4,2,4,1,1,2,2,2,2,2,1,1,1,1,3,1,4,1,4,2,3,1,2,2,4,1,3,2,3,1,3,2,2,2,2,4,2,4,3,1,4,1,3,3,3,3,2,1,2,4,4,2,2,1,3,4,1,3,4,1,2,2,3,3,2,2,3,3,3,4,3,2,2,2,1,3,1,3,1,3,4,1,3,3,2,2,3,1,2,2,1,1,3,3,1,2,2,1,1,2,1,3,1,1,2,1,2,3,4,3,1,4,3,2,4,4,3,2,3,2,1,1,2,1,3,2,4,4,3,3,3,3,4,1,1,3,2,2,2,1,1,1,4,2,3,1,2,2,3,1,1,1,3,1,3,2,2,1,2,1,1,2,1,1,4,1,2,4,4,2,1,2,2,4,2,4,4,4,4,1,3,2,1,1,1,2,3,1,2,3,1,3,4,3,3,4,3,1,2,1,3,3,3,1,4,4,4,1,1,1,1,1,4,2,4,2,3,4,4,1,1,1,1,3,4,3,1,1,3,1,1,2,1,2,3,4,2,4,1,1,1,2,4,3,1,2,3,1,1,2,2,1,4,1,2,2,2,4,3,4,2,4,1,4,1,4,1,4,3,1,1,4,4,1,4,2,4,3,1,3,3,2,2,3,1,3,4,1,1,4,1,2,1,1,1,1,3,3,3,2,4,4,2,1,2,1,1,2,1,3,3,3,3,2,3,1,2,2,3,4,4,3,3,1,1,3,3,4,3,4,3,1,4,4,4,3,2,4,1,3,4,3,2,2,3,3,3,4,3,1,2,4,4,2,2,1,1,1,4,1,1,1,3,3,4,2,1,3,3,4,2,1,3,4,4,3,4,2,4,2,2,3,2,2,1,2,3,2,3,2,2,1,3,2,3,4,1,3,4,1,3,3,2,2,3,3,1,4,1,1,3,1,3,4,1,4,1,4,2,1,2,1,1,1,3,1,1,3,1,3,3,1,2,2,1,1,4,1,2,4,4,3,2,1,1,4,1,4,3,4,1,4,1,1,1,2,3,4,1,1,2,3,2,1,3,3,1,4,3,3,3,4,2,1,2,2,4,2,1,1,4,3,1,4,4,2,4,3,2,1,1,1,2,1,1,3,3,3,3,1,1,4,2,1,2,1,1,3,3,3,3,1,3,3,2,2,4,2,2,2,2,1,4,3,3,3,3,1,3,4,1,1,2,4,2,1,3,2,3,4,1,3,1,2,3,4,1,2,2,2,1,2,4,4,1,2,2,2,2,4,3,3,2,1,4,2,2,3,2,3,2,3,2,1,1,1,4,4,1,1,2,1,3,4,2,2,4,1,1,3,3,1,1,2,2,1,4,2,4,2,3,2,4,4,1,4,3,1,2,2,1,1,3,2,1,2,2,4,2,4,2,3,1,1,2,2,2,1,4,1,3,1,4,3,3,3,4,4,2,1,4,4,2,3,4,4,1,1,1,4,1,3,4,2,4,2,2,4,4,2,3,1,4,2,2,1,1,2,4,2,2,1,1,4,4,1,1,3,4,1,4,1,2,4,3,2,3,3,1,1,2,1,4,2,1,2,1,3,3,4,4,4,2,3,4,1,1,1,4,2,1,4,4,1,1,3,3,3,3,2,2,1,1,4,2,2,2,2,3,1,1,4,2,4,2,1,1,2,2,4,1,3,4,3,3,1,4,3,2,4,3,3,4,1,3,1,1,2,1,4,4,2,3,3,1,3,1,2,3,4,3,2,1,1,4,2,1,3,1,2,2,2,2,2,3,2,4,4,2,4,3,1,1,2,1,3,1,1,1,1,1,1,3,1,1,1,3,3,3,2,4,2,2,1,2,4,3,4,1,3,3,3,3,2,1,2,3,1,3,3,1,1,1,2,4,2,1,4,3,2,1,2,1,3,1,1,3,2,1,3,2,2,2,3,4,1,1,4,2,2,2,3,1,3,4,4,2,4,2,1,2,3,4,3,3,1,3,2,2,2,2,3,3,3,4,1,3,4,1,4,1,1,2,4,3,1,1,2,3,1,1,4,1,3,1,1,1,2,2,4,1,2,1,4,4,4,3,2,2,4,4,3,4,4,3"
132,0.9877030496613249,0.43137254901960786,2253.0,"2,1,2,4,1,1,1,2,2,1,3,4,2,1,1,1,1,4,3,4,4,2,1,4,3,4,4,1,2,2,1,4,4,2,1,4,2,4,1,4,4,3,1,3,4,3,3,1,2,2,1,2,3,2,1,2,1,4,3,3,1,2,4,2,3,4,1,1,2,1,2,2,2,1,1,2,2,1,2,3,2,4,3,1,1,3,1,1,1,1,1,1,3,4,2,1,2,3,2,1,1,3,2,4,3,4,2,1,2,4,2,2,2,2,4,3,1,2,4,1,3,1,4,2,1,4,2,4,1,2,4,2,2,1,3,3,3,4,4,2,2,4,3,1,2,2,3,3,2,3,3,3,4,4,1,4,1,1,1,3,4,2,2,1,2,4,4,4,3,4,2,4,3,2,1,4,3,4,2,2,2,3,4,4,3,3,3,2,3,2,1,2,2,3,2,2,4,2,3,2,2,4,1,4,2,4,3,1,3,2,4,2,4,2,3,1,3,1,2,1,1,1,4,2,4,1,2,2,2,3,1,1,2,3,1,4,3,4,1,1,1,1,2,2,2,1,2,3,4,1,3,1,4,2,3,3,1,4,4,4,4,2,2,4,2,2,4,2,2,4,4,1,1,3,4,3,1,2,3,1,1,4,3,1,1,4,1,2,3,4,4,2,3,2,2,2,2,1,1,1,4,2,2,3,4,4,3,1,1,1,4,1,2,3,1,1,2,3,2,4,1,3,3,3,4,2,1,2,3,1,3,3,1,1,1,3,4,3,2,3,1,2,3,3,4,2,2,4,3,4,2,4,1,1,4,3,2,4,3,3,2,1,3,2,2,3,3,2,1,3,3,2,3,4,2,4,4,3,2,4,2,2,1,1,1,3,2,4,2,1,1,2,1,2,2,2,2,1,3,4,2,2,2,1,4,2,3,4,2,1,3,4,4,4,3,2,4,2,2,2,4,3,1,1,1,1,3,1,1,3,4,3,1,1,2,1,2,2,4,1,1,2,4,4,1,2,3,2,1,1,2,3,2,4,1,1,1,4,3,1,2,3,1,2,3,4,2,2,3,1,2,3,1,1,2,4,2,3,1,4,3,1,4,1,3,1,2,1,1,1,1,4,4,3,1,1,2,4,1,1,2,1,1,2,2,2,2,3,3,3,1,3,1,3,2,3,1,1,2,2,4,4,1,2,4,1,1,2,1,2,1,4,4,2,3,3,1,4,2,3,2,2,3,3,1,1,3,2,2,3,4,1,2,2,1,2,1,1,1,2,4,3,2,3,3,4,4,2,4,3,3,1,3,3,1,4,3,4,1,1,1,4,4,2,1,4,2,2,1,1,4,1,3,2,2,2,3,4,1,1,2,2,1,4,4,3,4,3,3,2,1,3,4,1,2,3,3,3,4,2,3,2,1,1,3,1,1,3,2,2,2,1,1,1,4,2,2,4,1,3,4,1,3,3,4,1,1,3,3,1,1,4,2,2,1,3,1,3,3,4,3,4,2,3,1,2,2,1,2,2,1,2,2,4,1,2,1,3,4,3,1,1,3,3,1,4,1,3,1,1,1,2,3,3,2,2,1,2,3,3,4,1,4,3,4,2,1,2,4,3,3,1,1,1,2,1,2,3,4,4,2,4,2,2,3,2,3,3,2,2,2,3,2,3,4,2,1,3,3,1,3,2,1,3,1,1,3,2,3,4,3,2,4,3,1,4,2,4,1,1,2,2,2,2,2,1,1,1,1,3,1,4,1,4,2,3,1,2,2,4,1,3,2,3,1,3,2,2,2,2,4,2,4,3,1,4,1,3,3,3,3,2,1,2,4,4,2,2,1,3,4,1,3,4,1,2,2,3,3,2,2,3,3,3,4,3,2,2,2,1,3,1,3,1,3,4,1,3,3,2,2,3,1,2,2,1,1,3,3,1,2,2,1,1,2,1,3,1,1,2,1,2,3,4,3,1,4,3,2,4,4,3,2,3,2,1,1,2,1,3,2,4,4,3,3,3,3,4,1,1,3,2,2,2,1,1,1,4,2,3,1,2,2,3,1,1,1,3,1,3,2,2,1,2,1,1,2,1,1,4,1,2,4,4,2,1,2,2,4,2,4,4,4,4,1,3,2,1,1,1,2,3,1,2,3,1,3,4,3,3,4,3,1,2,1,3,3,3,1,4,4,4,1,1,1,1,1,4,2,4,2,3,4,4,1,1,1,1,3,4,3,1,1,3,1,1,2,1,2,3,4,2,4,1,1,1,2,4,3,1,2,3,1,1,2,2,1,4,1,2,2,2,4,3,4,2,4,1,4,1,4,1,4,3,1,1,4,4,1,4,2,4,3,1,3,3,2,2,3,1,3,4,1,1,4,1,2,1,1,1,1,3,3,3,2,4,4,2,1,2,1,1,2,1,3,3,3,3,2,3,1,2,2,3,4,4,3,3,1,1,3,3,4,3,4,3,1,4,4,4,3,2,4,1,3,4,3,2,2,3,3,3,4,3,1,2,4,4,2,2,1,1,1,4,1,1,1,3,3,4,2,1,3,3,4,2,1,3,4,4,3,4,2,4,2,2,3,2,2,1,2,3,2,3,2,2,1,3,2,3,4,1,3,4,1,3,3,2,2,3,3,1,4,1,1,3,1,3,4,1,4,1,4,2,1,2,1,1,1,3,1,1,3,1,3,3,1,2,2,1,1,4,1,2,4,4,3,2,1,1,4,1,4,3,4,1,4,1,1,1,2,3,4,1,1,2,3,2,1,3,3,1,4,3,3,3,4,2,1,2,2,4,2,1,1,4,3,1,4,4,2,4,3,2,1,1,1,2,1,1,3,3,3,3,1,1,4,2,1,2,1,1,3,3,3,3,1,3,3,2,2,4,2,2,2,2,1,4,3,3,3,3,1,3,4,1,1,2,4,2,1,3,2,3,4,1,3,1,2,3,4,1,2,2,2,1,2,4,4,1,2,2,2,2,4,3,3,2,1,4,2,2,3,2,3,2,3,2,1,1,1,4,4,1,1,2,1,3,4,2,2,4,1,1,3,3,1,1,2,2,1,4,2,4,2,3,2,4,4,1,4,3,1,2,2,1,1,3,2,1,2,2,4,2,4,2,3,1,1,2,2,2,1,4,1,3,1,4,3,3,3,4,4,2,1,4,4,2,3,4,4,1,1,1,4,1,3,4,2,4,2,2,4,4,2,3,1,4,2,2,1,1,2,4,2,2,1,1,4,4,1,1,3,4,1,4,1,2,4,3,2,3,3,1,1,2,1,4,2,1,2,1,3,3,4,4,4,2,3,4,1,1,1,4,2,1,4,4,1,1,3,3,3,3,2,2,1,1,4,2,2,2,2,3,1,1,4,2,4,2,1,1,2,2,4,1,3,4,3,3,1,4,3,2,4,3,3,4,1,3,1,1,2,1,4,4,2,3,3,1,3,1,2,3,4,3,2,1,1,4,2,1,3,1,2,2,2,2,2,3,2,4,4,2,4,3,1,1,2,1,3,1,1,1,1,1,1,3,1,1,1,3,3,3,2,4,2,2,1,2,4,3,4,1,3,3,3,3,2,1,2,3,1,3,3,1,1,1,2,4,2,1,4,3,2,1,2,1,3,1,1,3,2,1,3,2,2,2,3,4,1,1,4,2,2,2,3,1,3,4,4,2,4,2,1,2,3,4,3,3,1,3,2,2,2,2,3,3,3,4,1,3,4,1,4,1,1,2,4,3,1,1,2,3,1,1,4,1,3,1,1,1,2,2,4,1,2,1,4,4,4,3,2,2,4,4,3,4,4,3"
133,0.9877030496613249,0.43137254901960786,2253.0,"2,1,2,4,1,1,1,2,2,1,3,4,2,1,1,1,1,4,3,4,4,2,1,4,3,4,4,1,2,2,1,4,4,2,1,4,2,4,1,4,4,3,1,3,4,3,3,1,2,2,1,2,3,2,1,2,1,4,3,3,1,2,4,2,3,4,1,1,2,1,2,2,2,1,1,2,2,1,2,3,2,4,3,1,1,3,1,1,1,1,1,1,3,4,2,1,2,3,2,1,1,3,2,4,3,4,2,1,2,4,2,2,2,2,4,3,1,2,4,1,3,1,4,2,1,4,2,4,1,2,4,2,2,1,3,3,3,4,4,2,2,4,3,1,2,2,3,3,2,3,3,3,4,4,1,4,1,1,1,3,4,2,2,1,2,4,4,4,3,4,2,4,3,2,1,4,3,4,2,2,2,3,4,4,3,3,3,2,3,2,1,2,2,3,2,2,4,2,3,2,2,4,1,4,2,4,3,1,3,2,4,2,4,2,3,1,3,1,2,1,1,1,4,2,4,1,2,2,2,3,1,1,2,3,1,4,3,4,1,1,1,1,2,2,2,1,2,3,4,1,3,1,4,2,3,3,1,4,4,4,4,2,2,4,2,2,4,2,2,4,4,1,1,3,4,3,1,2,3,1,1,4,3,1,1,4,1,2,3,4,4,2,3,2,2,2,2,1,1,1,4,2,2,3,4,4,3,1,1,1,4,1,2,3,1,1,2,3,2,4,1,3,3,3,4,2,1,2,3,1,3,3,1,1,1,3,4,3,2,3,1,2,3,3,4,2,2,4,3,4,2,4,1,1,4,3,2,4,3,3,2,1,3,2,2,3,3,2,1,3,3,2,3,4,2,4,4,3,2,4,2,2,1,1,1,3,2,4,2,1,1,2,1,2,2,2,2,1,3,4,2,2,2,1,4,2,3,4,2,1,3,4,4,4,3,2,4,2,2,2,4,3,1,1,1,1,3,1,1,3,4,3,1,1,2,1,2,2,4,1,1,2,4,4,1,2,3,2,1,1,2,3,2,4,1,1,1,4,3,1,2,3,1,2,3,4,2,2,3,1,2,3,1,1,2,4,2,3,1,4,3,1,4,1,3,1,2,1,1,1,1,4,4,3,1,1,2,4,1,1,2,1,1,2,2,2,2,3,3,3,1,3,1,3,2,3,1,1,2,2,4,4,1,2,4,1,1,2,1,2,1,4,4,2,3,3,1,4,2,3,2,2,3,3,1,1,3,2,2,3,4,1,2,2,1,2,1,1,1,2,4,3,2,3,3,4,4,2,4,3,3,1,3,3,1,4,3,4,1,1,1,4,4,2,1,4,2,2,1,1,4,1,3,2,2,2,3,4,1,1,2,2,1,4,4,3,4,3,3,2,1,3,4,1,2,3,3,3,4,2,3,2,1,1,3,1,1,3,2,2,2,1,1,1,4,2,2,4,1,3,4,1,3,3,4,1,1,3,3,1,1,4,2,2,1,3,1,3,3,4,3,4,2,3,1,2,2,1,2,2,1,2,2,4,1,2,1,3,4,3,1,1,3,3,1,4,1,3,1,1,1,2,3,3,2,2,1,2,3,3,4,1,4,3,4,2,1,2,4,3,3,1,1,1,2,1,2,3,4,4,2,4,2,2,3,2,3,3,2,2,2,3,2,3,4,2,1,3,3,1,3,2,1,3,1,1,3,2,3,4,3,2,4,3,1,4,2,4,1,1,2,2,2,2,2,1,1,1,1,3,1,4,1,4,2,3,1,2,2,4,1,3,2,3,1,3,2,2,2,2,4,2,4,3,1,4,1,3,3,3,3,2,1,2,4,4,2,2,1,3,4,1,3,4,1,2,2,3,3,2,2,3,3,3,4,3,2,2,2,1,3,1,3,1,3,4,1,3,3,2,2,3,1,2,2,1,1,3,3,1,2,2,1,1,2,1,3,1,1,2,1,2,3,4,3,1,4,3,2,4,4,3,2,3,2,1,1,2,1,3,2,4,4,3,3,3,3,4,1,1,3,2,2,2,1,1,1,4,2,3,1,2,2,3,1,1,1,3,1,3,2,2,1,2,1,1,2,1,1,4,1,2,4,4,2,1,2,2,4,2,4,4,4,4,1,3,2,1,1,1,2,3,1,2,3,1,3,4,3,3,4,3,1,2,1,3,3,3,1,4,4,4,1,1,1,1,1,4,2,4,2,3,4,4,1,1,1,1,3,4,3,1,1,3,1,1,2,1,2,3,4,2,4,1,1,1,2,4,3,1,2,3,1,1,2,2,1,4,1,2,2,2,4,3,4,2,4,1,4,1,4,1,4,3,1,1,4,4,1,4,2,4,3,1,3,3,2,2,3,1,3,4,1,1,4,1,2,1,1,1,1,3,3,3,2,4,4,2,1,2,1,1,2,1,3,3,3,3,2,3,1,2,2,3,4,4,3,3,1,1,3,3,4,3,4,3,1,4,4,4,3,2,4,1,3,4,3,2,2,3,3,3,4,3,1,2,4,4,2,2,1,1,1,4,1,1,1,3,3,4,2,1,3,3,4,2,1,3,4,4,3,4,2,4,2,2,3,2,2,1,2,3,2,3,2,2,1,3,2,3,4,1,3,4,1,3,3,2,2,3,3,1,4,1,1,3,1,3,4,1,4,1,4,2,1,2,1,1,1,3,1,1,3,1,3,3,1,2,2,1,1,4,1,2,4,4,3,2,1,1,4,1,4,3,4,1,4,1,1,1,2,3,4,1,1,2,3,2,1,3,3,1,4,3,3,3,4,2,1,2,2,4,2,1,1,4,3,1,4,4,2,4,3,2,1,1,1,2,1,1,3,3,3,3,1,1,4,2,1,2,1,1,3,3,3,3,1,3,3,2,2,4,2,2,2,2,1,4,3,3,3,3,1,3,4,1,1,2,4,2,1,3,2,3,4,1,3,1,2,3,4,1,2,2,2,1,2,4,4,1,2,2,2,2,4,3,3,2,1,4,2,2,3,2,3,2,3,2,1,1,1,4,4,1,1,2,1,3,4,2,2,4,1,1,3,3,1,1,2,2,1,4,2,4,2,3,2,4,4,1,4,3,1,2,2,1,1,3,2,1,2,2,4,2,4,2,3,1,1,2,2,2,1,4,1,3,1,4,3,3,3,4,4,2,1,4,4,2,3,4,4,1,1,1,4,1,3,4,2,4,2,2,4,4,2,3,1,4,2,2,1,1,2,4,2,2,1,1,4,4,1,1,3,4,1,4,1,2,4,3,2,3,3,1,1,2,1,4,2,1,2,1,3,3,4,4,4,2,3,4,1,1,1,4,2,1,4,4,1,1,3,3,3,3,2,2,1,1,4,2,2,2,2,3,1,1,4,2,4,2,1,1,2,2,4,1,3,4,3,3,1,4,3,2,4,3,3,4,1,3,1,1,2,1,4,4,2,3,3,1,3,1,2,3,4,3,2,1,1,4,2,1,3,1,2,2,2,2,2,3,2,4,4,2,4,3,1,1,2,1,3,1,1,1,1,1,1,3,1,1,1,3,3,3,2,4,2,2,1,2,4,3,4,1,3,3,3,3,2,1,2,3,1,3,3,1,1,1,2,4,2,1,4,3,2,1,2,1,3,1,1,3,2,1,3,2,2,2,3,4,1,1,4,2,2,2,3,1,3,4,4,2,4,2,1,2,3,4,3,3,1,3,2,2,2,2,3,3,3,4,1,3,4,1,4,1,1,2,4,3,1,1,2,3,1,1,4,1,3,1,1,1,2,2,4,1,2,1,4,4,4,3,2,2,4,4,3,4,4,3"
134,0.9877030496613249,0.43137254901960786,2253.0,"2,1,2,4,1,1,1,2,2,1,3,4,2,1,1,1,1,4,3,4,4,2,1,4,3,4,4,1,2,2,1,4,4,2,1,4,2,4,1,4,4,3,1,3,4,3,3,1,2,2,1,2,3,2,1,2,1,4,3,3,1,2,4,2,3,4,1,1,2,1,2,2,2,1,1,2,2,1,2,3,2,4,3,1,1,3,1,1,1,1,1,1,3,4,2,1,2,3,2,1,1,3,2,4,3,4,2,1,2,4,2,2,2,2,4,3,1,2,4,1,3,1,4,2,1,4,2,4,1,2,4,2,2,1,3,3,3,4,4,2,2,4,3,1,2,2,3,3,2,3,3,3,4,4,1,4,1,1,1,3,4,2,2,1,2,4,4,4,3,4,2,4,3,2,1,4,3,4,2,2,2,3,4,4,3,3,3,2,3,2,1,2,2,3,2,2,4,2,3,2,2,4,1,4,2,4,3,1,3,2,4,2,4,2,3,1,3,1,2,1,1,1,4,2,4,1,2,2,2,3,1,1,2,3,1,4,3,4,1,1,1,1,2,2,2,1,2,3,4,1,3,1,4,2,3,3,1,4,4,4,4,2,2,4,2,2,4,2,2,4,4,1,1,3,4,3,1,2,3,1,1,4,3,1,1,4,1,2,3,4,4,2,3,2,2,2,2,1,1,1,4,2,2,3,4,4,3,1,1,1,4,1,2,3,1,1,2,3,2,4,1,3,3,3,4,2,1,2,3,1,3,3,1,1,1,3,4,3,2,3,1,2,3,3,4,2,2,4,3,4,2,4,1,1,4,3,2,4,3,3,2,1,3,2,2,3,3,2,1,3,3,2,3,4,2,4,4,3,2,4,2,2,1,1,1,3,2,4,2,1,1,2,1,2,2,2,2,1,3,4,2,2,2,1,4,2,3,4,2,1,3,4,4,4,3,2,4,2,2,2,4,3,1,1,1,1,3,1,1,3,4,3,1,1,2,1,2,2,4,1,1,2,4,4,1,2,3,2,1,1,2,3,2,4,1,1,1,4,3,1,2,3,1,2,3,4,2,2,3,1,2,3,1,1,2,4,2,3,1,4,3,1,4,1,3,1,2,1,1,1,1,4,4,3,1,1,2,4,1,1,2,1,1,2,2,2,2,3,3,3,1,3,1,3,2,3,1,1,2,2,4,4,1,2,4,1,1,2,1,2,1,4,4,2,3,3,1,4,2,3,2,2,3,3,1,1,3,2,2,3,4,1,2,2,1,2,1,1,1,2,4,3,2,3,3,4,4,2,4,3,3,1,3,3,1,4,3,4,1,1,1,4,4,2,1,4,2,2,1,1,4,1,3,2,2,2,3,4,1,1,2,2,1,4,4,3,4,3,3,2,1,3,4,1,2,3,3,3,4,2,3,2,1,1,3,1,1,3,2,2,2,1,1,1,4,2,2,4,1,3,4,1,3,3,4,1,1,3,3,1,1,4,2,2,1,3,1,3,3,4,3,4,2,3,1,2,2,1,2,2,1,2,2,4,1,2,1,3,4,3,1,1,3,3,1,4,1,3,1,1,1,2,3,3,2,2,1,2,3,3,4,1,4,3,4,2,1,2,4,3,3,1,1,1,2,1,2,3,4,4,2,4,2,2,3,2,3,3,2,2,2,3,2,3,4,2,1,3,3,1,3,2,1,3,1,1,3,2,3,4,3,2,4,3,1,4,2,4,1,1,2,2,2,2,2,1,1,1,1,3,1,4,1,4,2,3,1,2,2,4,1,3,2,3,1,3,2,2,2,2,4,2,4,3,1,4,1,3,3,3,3,2,1,2,4,4,2,2,1,3,4,1,3,4,1,2,2,3,3,2,2,3,3,3,4,3,2,2,2,1,3,1,3,1,3,4,1,3,3,2,2,3,1,2,2,1,1,3,3,1,2,2,1,1,2,1,3,1,1,2,1,2,3,4,3,1,4,3,2,4,4,3,2,3,2,1,1,2,1,3,2,4,4,3,3,3,3,4,1,1,3,2,2,2,1,1,1,4,2,3,1,2,2,3,1,1,1,3,1,3,2,2,1,2,1,1,2,1,1,4,1,2,4,4,2,1,2,2,4,2,4,4,4,4,1,3,2,1,1,1,2,3,1,2,3,1,3,4,3,3,4,3,1,2,1,3,3,3,1,4,4,4,1,1,1,1,1,4,2,4,2,3,4,4,1,1,1,1,3,4,3,1,1,3,1,1,2,1,2,3,4,2,4,1,1,1,2,4,3,1,2,3,1,1,2,2,1,4,1,2,2,2,4,3,4,2,4,1,4,1,4,1,4,3,1,1,4,4,1,4,2,4,3,1,3,3,2,2,3,1,3,4,1,1,4,1,2,1,1,1,1,3,3,3,2,4,4,2,1,2,1,1,2,1,3,3,3,3,2,3,1,2,2,3,4,4,3,3,1,1,3,3,4,3,4,3,1,4,4,4,3,2,4,1,3,4,3,2,2,3,3,3,4,3,1,2,4,4,2,2,1,1,1,4,1,1,1,3,3,4,2,1,3,3,4,2,1,3,4,4,3,4,2,4,2,2,3,2,2,1,2,3,2,3,2,2,1,3,2,3,4,1,3,4,1,3,3,2,2,3,3,1,4,1,1,3,1,3,4,1,4,1,4,2,1,2,1,1,1,3,1,1,3,1,3,3,1,2,2,1,1,4,1,2,4,4,3,2,1,1,4,1,4,3,4,1,4,1,1,1,2,3,4,1,1,2,3,2,1,3,3,1,4,3,3,3,4,2,1,2,2,4,2,1,1,4,3,1,4,4,2,4,3,2,1,1,1,2,1,1,3,3,3,3,1,1,4,2,1,2,1,1,3,3,3,3,1,3,3,2,2,4,2,2,2,2,1,4,3,3,3,3,1,3,4,1,1,2,4,2,1,3,2,3,4,1,3,1,2,3,4,1,2,2,2,1,2,4,4,1,2,2,2,2,4,3,3,2,1,4,2,2,3,2,3,2,3,2,1,1,1,4,4,1,1,2,1,3,4,2,2,4,1,1,3,3,1,1,2,2,1,4,2,4,2,3,2,4,4,1,4,3,1,2,2,1,1,3,2,1,2,2,4,2,4,2,3,1,1,2,2,2,1,4,1,3,1,4,3,3,3,4,4,2,1,4,4,2,3,4,4,1,1,1,4,1,3,4,2,4,2,2,4,4,2,3,1,4,2,2,1,1,2,4,2,2,1,1,4,4,1,1,3,4,1,4,1,2,4,3,2,3,3,1,1,2,1,4,2,1,2,1,3,3,4,4,4,2,3,4,1,1,1,4,2,1,4,4,1,1,3,3,3,3,2,2,1,1,4,2,2,2,2,3,1,1,4,2,4,2,1,1,2,2,4,1,3,4,3,3,1,4,3,2,4,3,3,4,1,3,1,1,2,1,4,4,2,3,3,1,3,1,2,3,4,3,2,1,1,4,2,1,3,1,2,2,2,2,2,3,2,4,4,2,4,3,1,1,2,1,3,1,1,1,1,1,1,3,1,1,1,3,3,3,2,4,2,2,1,2,4,3,4,1,3,3,3,3,2,1,2,3,1,3,3,1,1,1,2,4,2,1,4,3,2,1,2,1,3,1,1,3,2,1,3,2,2,2,3,4,1,1,4,2,2,2,3,1,3,4,4,2,4,2,1,2,3,4,3,3,1,3,2,2,2,2,3,3,3,4,1,3,4,1,4,1,1,2,4,3,1,1,2,3,1,1,4,1,3,1,1,1,2,2,4,1,2,1,4,4,4,3,2,2,4,4,3,4,4,3"
135,0.9877030496613249,0.43137254901960786,2253.0,"2,1,2,4,1,1,1,2,2,1,3,4,2,1,1,1,1,4,3,4,4,2,1,4,3,4,4,1,2,2,1,4,4,2,1,4,2,4,1,4,4,3,1,3,4,3,3,1,2,2,1,2,3,2,1,2,1,4,3,3,1,2,4,2,3,4,1,1,2,1,2,2,2,1,1,2,2,1,2,3,2,4,3,1,1,3,1,1,1,1,1,1,3,4,2,1,2,3,2,1,1,3,2,4,3,4,2,1,2,4,2,2,2,2,4,3,1,2,4,1,3,1,4,2,1,4,2,4,1,2,4,2,2,1,3,3,3,4,4,2,2,4,3,1,2,2,3,3,2,3,3,3,4,4,1,4,1,1,1,3,4,2,2,1,2,4,4,4,3,4,2,4,3,2,1,4,3,4,2,2,2,3,4,4,3,3,3,2,3,2,1,2,2,3,2,2,4,2,3,2,2,4,1,4,2,4,3,1,3,2,4,2,4,2,3,1,3,1,2,1,1,1,4,2,4,1,2,2,2,3,1,1,2,3,1,4,3,4,1,1,1,1,2,2,2,1,2,3,4,1,3,1,4,2,3,3,1,4,4,4,4,2,2,4,2,2,4,2,2,4,4,1,1,3,4,3,1,2,3,1,1,4,3,1,1,4,1,2,3,4,4,2,3,2,2,2,2,1,1,1,4,2,2,3,4,4,3,1,1,1,4,1,2,3,1,1,2,3,2,4,1,3,3,3,4,2,1,2,3,1,3,3,1,1,1,3,4,3,2,3,1,2,3,3,4,2,2,4,3,4,2,4,1,1,4,3,2,4,3,3,2,1,3,2,2,3,3,2,1,3,3,2,3,4,2,4,4,3,2,4,2,2,1,1,1,3,2,4,2,1,1,2,1,2,2,2,2,1,3,4,2,2,2,1,4,2,3,4,2,1,3,4,4,4,3,2,4,2,2,2,4,3,1,1,1,1,3,1,1,3,4,3,1,1,2,1,2,2,4,1,1,2,4,4,1,2,3,2,1,1,2,3,2,4,1,1,1,4,3,1,2,3,1,2,3,4,2,2,3,1,2,3,1,1,2,4,2,3,1,4,3,1,4,1,3,1,2,1,1,1,1,4,4,3,1,1,2,4,1,1,2,1,1,2,2,2,2,3,3,3,1,3,1,3,2,3,1,1,2,2,4,4,1,2,4,1,1,2,1,2,1,4,4,2,3,3,1,4,2,3,2,2,3,3,1,1,3,2,2,3,4,1,2,2,1,2,1,1,1,2,4,3,2,3,3,4,4,2,4,3,3,1,3,3,1,4,3,4,1,1,1,4,4,2,1,4,2,2,1,1,4,1,3,2,2,2,3,4,1,1,2,2,1,4,4,3,4,3,3,2,1,3,4,1,2,3,3,3,4,2,3,2,1,1,3,1,1,3,2,2,2,1,1,1,4,2,2,4,1,3,4,1,3,3,4,1,1,3,3,1,1,4,2,2,1,3,1,3,3,4,3,4,2,3,1,2,2,1,2,2,1,2,2,4,1,2,1,3,4,3,1,1,3,3,1,4,1,3,1,1,1,2,3,3,2,2,1,2,3,3,4,1,4,3,4,2,1,2,4,3,3,1,1,1,2,1,2,3,4,4,2,4,2,2,3,2,3,3,2,2,2,3,2,3,4,2,1,3,3,1,3,2,1,3,1,1,3,2,3,4,3,2,4,3,1,4,2,4,1,1,2,2,2,2,2,1,1,1,1,3,1,4,1,4,2,3,1,2,2,4,1,3,2,3,1,3,2,2,2,2,4,2,4,3,1,4,1,3,3,3,3,2,1,2,4,4,2,2,1,3,4,1,3,4,1,2,2,3,3,2,2,3,3,3,4,3,2,2,2,1,3,1,3,1,3,4,1,3,3,2,2,3,1,2,2,1,1,3,3,1,2,2,1,1,2,1,3,1,1,2,1,2,3,4,3,1,4,3,2,4,4,3,2,3,2,1,1,2,1,3,2,4,4,3,3,3,3,4,1,1,3,2,2,2,1,1,1,4,2,3,1,2,2,3,1,1,1,3,1,3,2,2,1,2,1,1,2,1,1,4,1,2,4,4,2,1,2,2,4,2,4,4,4,4,1,3,2,1,1,1,2,3,1,2,3,1,3,4,3,3,4,3,1,2,1,3,3,3,1,4,4,4,1,1,1,1,1,4,2,4,2,3,4,4,1,1,1,1,3,4,3,1,1,3,1,1,2,1,2,3,4,2,4,1,1,1,2,4,3,1,2,3,1,1,2,2,1,4,1,2,2,2,4,3,4,2,4,1,4,1,4,1,4,3,1,1,4,4,1,4,2,4,3,1,3,3,2,2,3,1,3,4,1,1,4,1,2,1,1,1,1,3,3,3,2,4,4,2,1,2,1,1,2,1,3,3,3,3,2,3,1,2,2,3,4,4,3,3,1,1,3,3,4,3,4,3,1,4,4,4,3,2,4,1,3,4,3,2,2,3,3,3,4,3,1,2,4,4,2,2,1,1,1,4,1,1,1,3,3,4,2,1,3,3,4,2,1,3,4,4,3,4,2,4,2,2,3,2,2,1,2,3,2,3,2,2,1,3,2,3,4,1,3,4,1,3,3,2,2,3,3,1,4,1,1,3,1,3,4,1,4,1,4,2,1,2,1,1,1,3,1,1,3,1,3,3,1,2,2,1,1,4,1,2,4,4,3,2,1,1,4,1,4,3,4,1,4,1,1,1,2,3,4,1,1,2,3,2,1,3,3,1,4,3,3,3,4,2,1,2,2,4,2,1,1,4,3,1,4,4,2,4,3,2,1,1,1,2,1,1,3,3,3,3,1,1,4,2,1,2,1,1,3,3,3,3,1,3,3,2,2,4,2,2,2,2,1,4,3,3,3,3,1,3,4,1,1,2,4,2,1,3,2,3,4,1,3,1,2,3,4,1,2,2,2,1,2,4,4,1,2,2,2,2,4,3,3,2,1,4,2,2,3,2,3,2,3,2,1,1,1,4,4,1,1,2,1,3,4,2,2,4,1,1,3,3,1,1,2,2,1,4,2,4,2,3,2,4,4,1,4,3,1,2,2,1,1,3,2,1,2,2,4,2,4,2,3,1,1,2,2,2,1,4,1,3,1,4,3,3,3,4,4,2,1,4,4,2,3,4,4,1,1,1,4,1,3,4,2,4,2,2,4,4,2,3,1,4,2,2,1,1,2,4,2,2,1,1,4,4,1,1,3,4,1,4,1,2,4,3,2,3,3,1,1,2,1,4,2,1,2,1,3,3,4,4,4,2,3,4,1,1,1,4,2,1,4,4,1,1,3,3,3,3,2,2,1,1,4,2,2,2,2,3,1,1,4,2,4,2,1,1,2,2,4,1,3,4,3,3,1,4,3,2,4,3,3,4,1,3,1,1,2,1,4,4,2,3,3,1,3,1,2,3,4,3,2,1,1,4,2,1,3,1,2,2,2,2,2,3,2,4,4,2,4,3,1,1,2,1,3,1,1,1,1,1,1,3,1,1,1,3,3,3,2,4,2,2,1,2,4,3,4,1,3,3,3,3,2,1,2,3,1,3,3,1,1,1,2,4,2,1,4,3,2,1,2,1,3,1,1,3,2,1,3,2,2,2,3,4,1,1,4,2,2,2,3,1,3,4,4,2,4,2,1,2,3,4,3,3,1,3,2,2,2,2,3,3,3,4,1,3,4,1,4,1,1,2,4,3,1,1,2,3,1,1,4,1,3,1,1,1,2,2,4,1,2,1,4,4,4,3,2,2,4,4,3,4,4,3"
136,0.9877030496613249,0.43137254901960786,2253.0,"2,1,2,4,1,1,1,2,2,1,3,4,2,1,1,1,1,4,3,4,4,2,1,4,3,4,4,1,2,2,1,4,4,2,1,4,2,4,1,4,4,3,1,3,4,3,3,1,2,2,1,2,3,2,1,2,1,4,3,3,1,2,4,2,3,4,1,1,2,1,2,2,2,1,1,2,2,1,2,3,2,4,3,1,1,3,1,1,1,1,1,1,3,4,2,1,2,3,2,1,1,3,2,4,3,4,2,1,2,4,2,2,2,2,4,3,1,2,4,1,3,1,4,2,1,4,2,4,1,2,4,2,2,1,3,3,3,4,4,2,2,4,3,1,2,2,3,3,2,3,3,3,4,4,1,4,1,1,1,3,4,2,2,1,2,4,4,4,3,4,2,4,3,2,1,4,3,4,2,2,2,3,4,4,3,3,3,2,3,2,1,2,2,3,2,2,4,2,3,2,2,4,1,4,2,4,3,1,3,2,4,2,4,2,3,1,3,1,2,1,1,1,4,2,4,1,2,2,2,3,1,1,2,3,1,4,3,4,1,1,1,1,2,2,2,1,2,3,4,1,3,1,4,2,3,3,1,4,4,4,4,2,2,4,2,2,4,2,2,4,4,1,1,3,4,3,1,2,3,1,1,4,3,1,1,4,1,2,3,4,4,2,3,2,2,2,2,1,1,1,4,2,2,3,4,4,3,1,1,1,4,1,2,3,1,1,2,3,2,4,1,3,3,3,4,2,1,2,3,1,3,3,1,1,1,3,4,3,2,3,1,2,3,3,4,2,2,4,3,4,2,4,1,1,4,3,2,4,3,3,2,1,3,2,2,3,3,2,1,3,3,2,3,4,2,4,4,3,2,4,2,2,1,1,1,3,2,4,2,1,1,2,1,2,2,2,2,1,3,4,2,2,2,1,4,2,3,4,2,1,3,4,4,4,3,2,4,2,2,2,4,3,1,1,1,1,3,1,1,3,4,3,1,1,2,1,2,2,4,1,1,2,4,4,1,2,3,2,1,1,2,3,2,4,1,1,1,4,3,1,2,3,1,2,3,4,2,2,3,1,2,3,1,1,2,4,2,3,1,4,3,1,4,1,3,1,2,1,1,1,1,4,4,3,1,1,2,4,1,1,2,1,1,2,2,2,2,3,3,3,1,3,1,3,2,3,1,1,2,2,4,4,1,2,4,1,1,2,1,2,1,4,4,2,3,3,1,4,2,3,2,2,3,3,1,1,3,2,2,3,4,1,2,2,1,2,1,1,1,2,4,3,2,3,3,4,4,2,4,3,3,1,3,3,1,4,3,4,1,1,1,4,4,2,1,4,2,2,1,1,4,1,3,2,2,2,3,4,1,1,2,2,1,4,4,3,4,3,3,2,1,3,4,1,2,3,3,3,4,2,3,2,1,1,3,1,1,3,2,2,2,1,1,1,4,2,2,4,1,3,4,1,3,3,4,1,1,3,3,1,1,4,2,2,1,3,1,3,3,4,3,4,2,3,1,2,2,1,2,2,1,2,2,4,1,2,1,3,4,3,1,1,3,3,1,4,1,3,1,1,1,2,3,3,2,2,1,2,3,3,4,1,4,3,4,2,1,2,4,3,3,1,1,1,2,1,2,3,4,4,2,4,2,2,3,2,3,3,2,2,2,3,2,3,4,2,1,3,3,1,3,2,1,3,1,1,3,2,3,4,3,2,4,3,1,4,2,4,1,1,2,2,2,2,2,1,1,1,1,3,1,4,1,4,2,3,1,2,2,4,1,3,2,3,1,3,2,2,2,2,4,2,4,3,1,4,1,3,3,3,3,2,1,2,4,4,2,2,1,3,4,1,3,4,1,2,2,3,3,2,2,3,3,3,4,3,2,2,2,1,3,1,3,1,3,4,1,3,3,2,2,3,1,2,2,1,1,3,3,1,2,2,1,1,2,1,3,1,1,2,1,2,3,4,3,1,4,3,2,4,4,3,2,3,2,1,1,2,1,3,2,4,4,3,3,3,3,4,1,1,3,2,2,2,1,1,1,4,2,3,1,2,2,3,1,1,1,3,1,3,2,2,1,2,1,1,2,1,1,4,1,2,4,4,2,1,2,2,4,2,4,4,4,4,1,3,2,1,1,1,2,3,1,2,3,1,3,4,3,3,4,3,1,2,1,3,3,3,1,4,4,4,1,1,1,1,1,4,2,4,2,3,4,4,1,1,1,1,3,4,3,1,1,3,1,1,2,1,2,3,4,2,4,1,1,1,2,4,3,1,2,3,1,1,2,2,1,4,1,2,2,2,4,3,4,2,4,1,4,1,4,1,4,3,1,1,4,4,1,4,2,4,3,1,3,3,2,2,3,1,3,4,1,1,4,1,2,1,1,1,1,3,3,3,2,4,4,2,1,2,1,1,2,1,3,3,3,3,2,3,1,2,2,3,4,4,3,3,1,1,3,3,4,3,4,3,1,4,4,4,3,2,4,1,3,4,3,2,2,3,3,3,4,3,1,2,4,4,2,2,1,1,1,4,1,1,1,3,3,4,2,1,3,3,4,2,1,3,4,4,3,4,2,4,2,2,3,2,2,1,2,3,2,3,2,2,1,3,2,3,4,1,3,4,1,3,3,2,2,3,3,1,4,1,1,3,1,3,4,1,4,1,4,2,1,2,1,1,1,3,1,1,3,1,3,3,1,2,2,1,1,4,1,2,4,4,3,2,1,1,4,1,4,3,4,1,4,1,1,1,2,3,4,1,1,2,3,2,1,3,3,1,4,3,3,3,4,2,1,2,2,4,2,1,1,4,3,1,4,4,2,4,3,2,1,1,1,2,1,1,3,3,3,3,1,1,4,2,1,2,1,1,3,3,3,3,1,3,3,2,2,4,2,2,2,2,1,4,3,3,3,3,1,3,4,1,1,2,4,2,1,3,2,3,4,1,3,1,2,3,4,1,2,2,2,1,2,4,4,1,2,2,2,2,4,3,3,2,1,4,2,2,3,2,3,2,3,2,1,1,1,4,4,1,1,2,1,3,4,2,2,4,1,1,3,3,1,1,2,2,1,4,2,4,2,3,2,4,4,1,4,3,1,2,2,1,1,3,2,1,2,2,4,2,4,2,3,1,1,2,2,2,1,4,1,3,1,4,3,3,3,4,4,2,1,4,4,2,3,4,4,1,1,1,4,1,3,4,2,4,2,2,4,4,2,3,1,4,2,2,1,1,2,4,2,2,1,1,4,4,1,1,3,4,1,4,1,2,4,3,2,3,3,1,1,2,1,4,2,1,2,1,3,3,4,4,4,2,3,4,1,1,1,4,2,1,4,4,1,1,3,3,3,3,2,2,1,1,4,2,2,2,2,3,1,1,4,2,4,2,1,1,2,2,4,1,3,4,3,3,1,4,3,2,4,3,3,4,1,3,1,1,2,1,4,4,2,3,3,1,3,1,2,3,4,3,2,1,1,4,2,1,3,1,2,2,2,2,2,3,2,4,4,2,4,3,1,1,2,1,3,1,1,1,1,1,1,3,1,1,1,3,3,3,2,4,2,2,1,2,4,3,4,1,3,3,3,3,2,1,2,3,1,3,3,1,1,1,2,4,2,1,4,3,2,1,2,1,3,1,1,3,2,1,3,2,2,2,3,4,1,1,4,2,2,2,3,1,3,4,4,2,4,2,1,2,3,4,3,3,1,3,2,2,2,2,3,3,3,4,1,3,4,1,4,1,1,2,4,3,1,1,2,3,1,1,4,1,3,1,1,1,2,2,4,1,2,1,4,4,4,3,2,2,4,4,3,4,4,3"
137,0.9877030496613249,0.43137254901960786,2253.0,"2,1,2,4,1,1,1,2,2,1,3,4,2,1,1,1,1,4,3,4,4,2,1,4,3,4,4,1,2,2,1,4,4,2,1,4,2,4,1,4,4,3,1,3,4,3,3,1,2,2,1,2,3,2,1,2,1,4,3,3,1,2,4,2,3,4,1,1,2,1,2,2,2,1,1,2,2,1,2,3,2,4,3,1,1,3,1,1,1,1,1,1,3,4,2,1,2,3,2,1,1,3,2,4,3,4,2,1,2,4,2,2,2,2,4,3,1,2,4,1,3,1,4,2,1,4,2,4,1,2,4,2,2,1,3,3,3,4,4,2,2,4,3,1,2,2,3,3,2,3,3,3,4,4,1,4,1,1,1,3,4,2,2,1,2,4,4,4,3,4,2,4,3,2,1,4,3,4,2,2,2,3,4,4,3,3,3,2,3,2,1,2,2,3,2,2,4,2,3,2,2,4,1,4,2,4,3,1,3,2,4,2,4,2,3,1,3,1,2,1,1,1,4,2,4,1,2,2,2,3,1,1,2,3,1,4,3,4,1,1,1,1,2,2,2,1,2,3,4,1,3,1,4,2,3,3,1,4,4,4,4,2,2,4,2,2,4,2,2,4,4,1,1,3,4,3,1,2,3,1,1,4,3,1,1,4,1,2,3,4,4,2,3,2,2,2,2,1,1,1,4,2,2,3,4,4,3,1,1,1,4,1,2,3,1,1,2,3,2,4,1,3,3,3,4,2,1,2,3,1,3,3,1,1,1,3,4,3,2,3,1,2,3,3,4,2,2,4,3,4,2,4,1,1,4,3,2,4,3,3,2,1,3,2,2,3,3,2,1,3,3,2,3,4,2,4,4,3,2,4,2,2,1,1,1,3,2,4,2,1,1,2,1,2,2,2,2,1,3,4,2,2,2,1,4,2,3,4,2,1,3,4,4,4,3,2,4,2,2,2,4,3,1,1,1,1,3,1,1,3,4,3,1,1,2,1,2,2,4,1,1,2,4,4,1,2,3,2,1,1,2,3,2,4,1,1,1,4,3,1,2,3,1,2,3,4,2,2,3,1,2,3,1,1,2,4,2,3,1,4,3,1,4,1,3,1,2,1,1,1,1,4,4,3,1,1,2,4,1,1,2,1,1,2,2,2,2,3,3,3,1,3,1,3,2,3,1,1,2,2,4,4,1,2,4,1,1,2,1,2,1,4,4,2,3,3,1,4,2,3,2,2,3,3,1,1,3,2,2,3,4,1,2,2,1,2,1,1,1,2,4,3,2,3,3,4,4,2,4,3,3,1,3,3,1,4,3,4,1,1,1,4,4,2,1,4,2,2,1,1,4,1,3,2,2,2,3,4,1,1,2,2,1,4,4,3,4,3,3,2,1,3,4,1,2,3,3,3,4,2,3,2,1,1,3,1,1,3,2,2,2,1,1,1,4,2,2,4,1,3,4,1,3,3,4,1,1,3,3,1,1,4,2,2,1,3,1,3,3,4,3,4,2,3,1,2,2,1,2,2,1,2,2,4,1,2,1,3,4,3,1,1,3,3,1,4,1,3,1,1,1,2,3,3,2,2,1,2,3,3,4,1,4,3,4,2,1,2,4,3,3,1,1,1,2,1,2,3,4,4,2,4,2,2,3,2,3,3,2,2,2,3,2,3,4,2,1,3,3,1,3,2,1,3,1,1,3,2,3,4,3,2,4,3,1,4,2,4,1,1,2,2,2,2,2,1,1,1,1,3,1,4,1,4,2,3,1,2,2,4,1,3,2,3,1,3,2,2,2,2,4,2,4,3,1,4,1,3,3,3,3,2,1,2,4,4,2,2,1,3,4,1,3,4,1,2,2,3,3,2,2,3,3,3,4,3,2,2,2,1,3,1,3,1,3,4,1,3,3,2,2,3,1,2,2,1,1,3,3,1,2,2,1,1,2,1,3,1,1,2,1,2,3,4,3,1,4,3,2,4,4,3,2,3,2,1,1,2,1,3,2,4,4,3,3,3,3,4,1,1,3,2,2,2,1,1,1,4,2,3,1,2,2,3,1,1,1,3,1,3,2,2,1,2,1,1,2,1,1,4,1,2,4,4,2,1,2,2,4,2,4,4,4,4,1,3,2,1,1,1,2,3,1,2,3,1,3,4,3,3,4,3,1,2,1,3,3,3,1,4,4,4,1,1,1,1,1,4,2,4,2,3,4,4,1,1,1,1,3,4,3,1,1,3,1,1,2,1,2,3,4,2,4,1,1,1,2,4,3,1,2,3,1,1,2,2,1,4,1,2,2,2,4,3,4,2,4,1,4,1,4,1,4,3,1,1,4,4,1,4,2,4,3,1,3,3,2,2,3,1,3,4,1,1,4,1,2,1,1,1,1,3,3,3,2,4,4,2,1,2,1,1,2,1,3,3,3,3,2,3,1,2,2,3,4,4,3,3,1,1,3,3,4,3,4,3,1,4,4,4,3,2,4,1,3,4,3,2,2,3,3,3,4,3,1,2,4,4,2,2,1,1,1,4,1,1,1,3,3,4,2,1,3,3,4,2,1,3,4,4,3,4,2,4,2,2,3,2,2,1,2,3,2,3,2,2,1,3,2,3,4,1,3,4,1,3,3,2,2,3,3,1,4,1,1,3,1,3,4,1,4,1,4,2,1,2,1,1,1,3,1,1,3,1,3,3,1,2,2,1,1,4,1,2,4,4,3,2,1,1,4,1,4,3,4,1,4,1,1,1,2,3,4,1,1,2,3,2,1,3,3,1,4,3,3,3,4,2,1,2,2,4,2,1,1,4,3,1,4,4,2,4,3,2,1,1,1,2,1,1,3,3,3,3,1,1,4,2,1,2,1,1,3,3,3,3,1,3,3,2,2,4,2,2,2,2,1,4,3,3,3,3,1,3,4,1,1,2,4,2,1,3,2,3,4,1,3,1,2,3,4,1,2,2,2,1,2,4,4,1,2,2,2,2,4,3,3,2,1,4,2,2,3,2,3,2,3,2,1,1,1,4,4,1,1,2,1,3,4,2,2,4,1,1,3,3,1,1,2,2,1,4,2,4,2,3,2,4,4,1,4,3,1,2,2,1,1,3,2,1,2,2,4,2,4,2,3,1,1,2,2,2,1,4,1,3,1,4,3,3,3,4,4,2,1,4,4,2,3,4,4,1,1,1,4,1,3,4,2,4,2,2,4,4,2,3,1,4,2,2,1,1,2,4,2,2,1,1,4,4,1,1,3,4,1,4,1,2,4,3,2,3,3,1,1,2,1,4,2,1,2,1,3,3,4,4,4,2,3,4,1,1,1,4,2,1,4,4,1,1,3,3,3,3,2,2,1,1,4,2,2,2,2,3,1,1,4,2,4,2,1,1,2,2,4,1,3,4,3,3,1,4,3,2,4,3,3,4,1,3,1,1,2,1,4,4,2,3,3,1,3,1,2,3,4,3,2,1,1,4,2,1,3,1,2,2,2,2,2,3,2,4,4,2,4,3,1,1,2,1,3,1,1,1,1,1,1,3,1,1,1,3,3,3,2,4,2,2,1,2,4,3,4,1,3,3,3,3,2,1,2,3,1,3,3,1,1,1,2,4,2,1,4,3,2,1,2,1,3,1,1,3,2,1,3,2,2,2,3,4,1,1,4,2,2,2,3,1,3,4,4,2,4,2,1,2,3,4,3,3,1,3,2,2,2,2,3,3,3,4,1,3,4,1,4,1,1,2,4,3,1,1,2,3,1,1,4,1,3,1,1,1,2,2,4,1,2,1,4,4,4,3,2,2,4,4,3,4,4,3"
138,0.9877030496613249,0.43137254901960786,2253.0,"2,1,2,4,1,1,1,2,2,1,3,4,2,1,1,1,1,4,3,4,4,2,1,4,3,4,4,1,2,2,1,4,4,2,1,4,2,4,1,4,4,3,1,3,4,3,3,1,2,2,1,2,3,2,1,2,1,4,3,3,1,2,4,2,3,4,1,1,2,1,2,2,2,1,1,2,2,1,2,3,2,4,3,1,1,3,1,1,1,1,1,1,3,4,2,1,2,3,2,1,1,3,2,4,3,4,2,1,2,4,2,2,2,2,4,3,1,2,4,1,3,1,4,2,1,4,2,4,1,2,4,2,2,1,3,3,3,4,4,2,2,4,3,1,2,2,3,3,2,3,3,3,4,4,1,4,1,1,1,3,4,2,2,1,2,4,4,4,3,4,2,4,3,2,1,4,3,4,2,2,2,3,4,4,3,3,3,2,3,2,1,2,2,3,2,2,4,2,3,2,2,4,1,4,2,4,3,1,3,2,4,2,4,2,3,1,3,1,2,1,1,1,4,2,4,1,2,2,2,3,1,1,2,3,1,4,3,4,1,1,1,1,2,2,2,1,2,3,4,1,3,1,4,2,3,3,1,4,4,4,4,2,2,4,2,2,4,2,2,4,4,1,1,3,4,3,1,2,3,1,1,4,3,1,1,4,1,2,3,4,4,2,3,2,2,2,2,1,1,1,4,2,2,3,4,4,3,1,1,1,4,1,2,3,1,1,2,3,2,4,1,3,3,3,4,2,1,2,3,1,3,3,1,1,1,3,4,3,2,3,1,2,3,3,4,2,2,4,3,4,2,4,1,1,4,3,2,4,3,3,2,1,3,2,2,3,3,2,1,3,3,2,3,4,2,4,4,3,2,4,2,2,1,1,1,3,2,4,2,1,1,2,1,2,2,2,2,1,3,4,2,2,2,1,4,2,3,4,2,1,3,4,4,4,3,2,4,2,2,2,4,3,1,1,1,1,3,1,1,3,4,3,1,1,2,1,2,2,4,1,1,2,4,4,1,2,3,2,1,1,2,3,2,4,1,1,1,4,3,1,2,3,1,2,3,4,2,2,3,1,2,3,1,1,2,4,2,3,1,4,3,1,4,1,3,1,2,1,1,1,1,4,4,3,1,1,2,4,1,1,2,1,1,2,2,2,2,3,3,3,1,3,1,3,2,3,1,1,2,2,4,4,1,2,4,1,1,2,1,2,1,4,4,2,3,3,1,4,2,3,2,2,3,3,1,1,3,2,2,3,4,1,2,2,1,2,1,1,1,2,4,3,2,3,3,4,4,2,4,3,3,1,3,3,1,4,3,4,1,1,1,4,4,2,1,4,2,2,1,1,4,1,3,2,2,2,3,4,1,1,2,2,1,4,4,3,4,3,3,2,1,3,4,1,2,3,3,3,4,2,3,2,1,1,3,1,1,3,2,2,2,1,1,1,4,2,2,4,1,3,4,1,3,3,4,1,1,3,3,1,1,4,2,2,1,3,1,3,3,4,3,4,2,3,1,2,2,1,2,2,1,2,2,4,1,2,1,3,4,3,1,1,3,3,1,4,1,3,1,1,1,2,3,3,2,2,1,2,3,3,4,1,4,3,4,2,1,2,4,3,3,1,1,1,2,1,2,3,4,4,2,4,2,2,3,2,3,3,2,2,2,3,2,3,4,2,1,3,3,1,3,2,1,3,1,1,3,2,3,4,3,2,4,3,1,4,2,4,1,1,2,2,2,2,2,1,1,1,1,3,1,4,1,4,2,3,1,2,2,4,1,3,2,3,1,3,2,2,2,2,4,2,4,3,1,4,1,3,3,3,3,2,1,2,4,4,2,2,1,3,4,1,3,4,1,2,2,3,3,2,2,3,3,3,4,3,2,2,2,1,3,1,3,1,3,4,1,3,3,2,2,3,1,2,2,1,1,3,3,1,2,2,1,1,2,1,3,1,1,2,1,2,3,4,3,1,4,3,2,4,4,3,2,3,2,1,1,2,1,3,2,4,4,3,3,3,3,4,1,1,3,2,2,2,1,1,1,4,2,3,1,2,2,3,1,1,1,3,1,3,2,2,1,2,1,1,2,1,1,4,1,2,4,4,2,1,2,2,4,2,4,4,4,4,1,3,2,1,1,1,2,3,1,2,3,1,3,4,3,3,4,3,1,2,1,3,3,3,1,4,4,4,1,1,1,1,1,4,2,4,2,3,4,4,1,1,1,1,3,4,3,1,1,3,1,1,2,1,2,3,4,2,4,1,1,1,2,4,3,1,2,3,1,1,2,2,1,4,1,2,2,2,4,3,4,2,4,1,4,1,4,1,4,3,1,1,4,4,1,4,2,4,3,1,3,3,2,2,3,1,3,4,1,1,4,1,2,1,1,1,1,3,3,3,2,4,4,2,1,2,1,1,2,1,3,3,3,3,2,3,1,2,2,3,4,4,3,3,1,1,3,3,4,3,4,3,1,4,4,4,3,2,4,1,3,4,3,2,2,3,3,3,4,3,1,2,4,4,2,2,1,1,1,4,1,1,1,3,3,4,2,1,3,3,4,2,1,3,4,4,3,4,2,4,2,2,3,2,2,1,2,3,2,3,2,2,1,3,2,3,4,1,3,4,1,3,3,2,2,3,3,1,4,1,1,3,1,3,4,1,4,1,4,2,1,2,1,1,1,3,1,1,3,1,3,3,1,2,2,1,1,4,1,2,4,4,3,2,1,1,4,1,4,3,4,1,4,1,1,1,2,3,4,1,1,2,3,2,1,3,3,1,4,3,3,3,4,2,1,2,2,4,2,1,1,4,3,1,4,4,2,4,3,2,1,1,1,2,1,1,3,3,3,3,1,1,4,2,1,2,1,1,3,3,3,3,1,3,3,2,2,4,2,2,2,2,1,4,3,3,3,3,1,3,4,1,1,2,4,2,1,3,2,3,4,1,3,1,2,3,4,1,2,2,2,1,2,4,4,1,2,2,2,2,4,3,3,2,1,4,2,2,3,2,3,2,3,2,1,1,1,4,4,1,1,2,1,3,4,2,2,4,1,1,3,3,1,1,2,2,1,4,2,4,2,3,2,4,4,1,4,3,1,2,2,1,1,3,2,1,2,2,4,2,4,2,3,1,1,2,2,2,1,4,1,3,1,4,3,3,3,4,4,2,1,4,4,2,3,4,4,1,1,1,4,1,3,4,2,4,2,2,4,4,2,3,1,4,2,2,1,1,2,4,2,2,1,1,4,4,1,1,3,4,1,4,1,2,4,3,2,3,3,1,1,2,1,4,2,1,2,1,3,3,4,4,4,2,3,4,1,1,1,4,2,1,4,4,1,1,3,3,3,3,2,2,1,1,4,2,2,2,2,3,1,1,4,2,4,2,1,1,2,2,4,1,3,4,3,3,1,4,3,2,4,3,3,4,1,3,1,1,2,1,4,4,2,3,3,1,3,1,2,3,4,3,2,1,1,4,2,1,3,1,2,2,2,2,2,3,2,4,4,2,4,3,1,1,2,1,3,1,1,1,1,1,1,3,1,1,1,3,3,3,2,4,2,2,1,2,4,3,4,1,3,3,3,3,2,1,2,3,1,3,3,1,1,1,2,4,2,1,4,3,2,1,2,1,3,1,1,3,2,1,3,2,2,2,3,4,1,1,4,2,2,2,3,1,3,4,4,2,4,2,1,2,3,4,3,3,1,3,2,2,2,2,3,3,3,4,1,3,4,1,4,1,1,2,4,3,1,1,2,3,1,1,4,1,3,1,1,1,2,2,4,1,2,1,4,4,4,3,2,2,4,4,3,4,4,3"
139,0.9877030496613249,0.43137254901960786,2253.0,"2,1,2,4,1,1,1,2,2,1,3,4,2,1,1,1,1,4,3,4,4,2,1,4,3,4,4,1,2,2,1,4,4,2,1,4,2,4,1,4,4,3,1,3,4,3,3,1,2,2,1,2,3,2,1,2,1,4,3,3,1,2,4,2,3,4,1,1,2,1,2,2,2,1,1,2,2,1,2,3,2,4,3,1,1,3,1,1,1,1,1,1,3,4,2,1,2,3,2,1,1,3,2,4,3,4,2,1,2,4,2,2,2,2,4,3,1,2,4,1,3,1,4,2,1,4,2,4,1,2,4,2,2,1,3,3,3,4,4,2,2,4,3,1,2,2,3,3,2,3,3,3,4,4,1,4,1,1,1,3,4,2,2,1,2,4,4,4,3,4,2,4,3,2,1,4,3,4,2,2,2,3,4,4,3,3,3,2,3,2,1,2,2,3,2,2,4,2,3,2,2,4,1,4,2,4,3,1,3,2,4,2,4,2,3,1,3,1,2,1,1,1,4,2,4,1,2,2,2,3,1,1,2,3,1,4,3,4,1,1,1,1,2,2,2,1,2,3,4,1,3,1,4,2,3,3,1,4,4,4,4,2,2,4,2,2,4,2,2,4,4,1,1,3,4,3,1,2,3,1,1,4,3,1,1,4,1,2,3,4,4,2,3,2,2,2,2,1,1,1,4,2,2,3,4,4,3,1,1,1,4,1,2,3,1,1,2,3,2,4,1,3,3,3,4,2,1,2,3,1,3,3,1,1,1,3,4,3,2,3,1,2,3,3,4,2,2,4,3,4,2,4,1,1,4,3,2,4,3,3,2,1,3,2,2,3,3,2,1,3,3,2,3,4,2,4,4,3,2,4,2,2,1,1,1,3,2,4,2,1,1,2,1,2,2,2,2,1,3,4,2,2,2,1,4,2,3,4,2,1,3,4,4,4,3,2,4,2,2,2,4,3,1,1,1,1,3,1,1,3,4,3,1,1,2,1,2,2,4,1,1,2,4,4,1,2,3,2,1,1,2,3,2,4,1,1,1,4,3,1,2,3,1,2,3,4,2,2,3,1,2,3,1,1,2,4,2,3,1,4,3,1,4,1,3,1,2,1,1,1,1,4,4,3,1,1,2,4,1,1,2,1,1,2,2,2,2,3,3,3,1,3,1,3,2,3,1,1,2,2,4,4,1,2,4,1,1,2,1,2,1,4,4,2,3,3,1,4,2,3,2,2,3,3,1,1,3,2,2,3,4,1,2,2,1,2,1,1,1,2,4,3,2,3,3,4,4,2,4,3,3,1,3,3,1,4,3,4,1,1,1,4,4,2,1,4,2,2,1,1,4,1,3,2,2,2,3,4,1,1,2,2,1,4,4,3,4,3,3,2,1,3,4,1,2,3,3,3,4,2,3,2,1,1,3,1,1,3,2,2,2,1,1,1,4,2,2,4,1,3,4,1,3,3,4,1,1,3,3,1,1,4,2,2,1,3,1,3,3,4,3,4,2,3,1,2,2,1,2,2,1,2,2,4,1,2,1,3,4,3,1,1,3,3,1,4,1,3,1,1,1,2,3,3,2,2,1,2,3,3,4,1,4,3,4,2,1,2,4,3,3,1,1,1,2,1,2,3,4,4,2,4,2,2,3,2,3,3,2,2,2,3,2,3,4,2,1,3,3,1,3,2,1,3,1,1,3,2,3,4,3,2,4,3,1,4,2,4,1,1,2,2,2,2,2,1,1,1,1,3,1,4,1,4,2,3,1,2,2,4,1,3,2,3,1,3,2,2,2,2,4,2,4,3,1,4,1,3,3,3,3,2,1,2,4,4,2,2,1,3,4,1,3,4,1,2,2,3,3,2,2,3,3,3,4,3,2,2,2,1,3,1,3,1,3,4,1,3,3,2,2,3,1,2,2,1,1,3,3,1,2,2,1,1,2,1,3,1,1,2,1,2,3,4,3,1,4,3,2,4,4,3,2,3,2,1,1,2,1,3,2,4,4,3,3,3,3,4,1,1,3,2,2,2,1,1,1,4,2,3,1,2,2,3,1,1,1,3,1,3,2,2,1,2,1,1,2,1,1,4,1,2,4,4,2,1,2,2,4,2,4,4,4,4,1,3,2,1,1,1,2,3,1,2,3,1,3,4,3,3,4,3,1,2,1,3,3,3,1,4,4,4,1,1,1,1,1,4,2,4,2,3,4,4,1,1,1,1,3,4,3,1,1,3,1,1,2,1,2,3,4,2,4,1,1,1,2,4,3,1,2,3,1,1,2,2,1,4,1,2,2,2,4,3,4,2,4,1,4,1,4,1,4,3,1,1,4,4,1,4,2,4,3,1,3,3,2,2,3,1,3,4,1,1,4,1,2,1,1,1,1,3,3,3,2,4,4,2,1,2,1,1,2,1,3,3,3,3,2,3,1,2,2,3,4,4,3,3,1,1,3,3,4,3,4,3,1,4,4,4,3,2,4,1,3,4,3,2,2,3,3,3,4,3,1,2,4,4,2,2,1,1,1,4,1,1,1,3,3,4,2,1,3,3,4,2,1,3,4,4,3,4,2,4,2,2,3,2,2,1,2,3,2,3,2,2,1,3,2,3,4,1,3,4,1,3,3,2,2,3,3,1,4,1,1,3,1,3,4,1,4,1,4,2,1,2,1,1,1,3,1,1,3,1,3,3,1,2,2,1,1,4,1,2,4,4,3,2,1,1,4,1,4,3,4,1,4,1,1,1,2,3,4,1,1,2,3,2,1,3,3,1,4,3,3,3,4,2,1,2,2,4,2,1,1,4,3,1,4,4,2,4,3,2,1,1,1,2,1,1,3,3,3,3,1,1,4,2,1,2,1,1,3,3,3,3,1,3,3,2,2,4,2,2,2,2,1,4,3,3,3,3,1,3,4,1,1,2,4,2,1,3,2,3,4,1,3,1,2,3,4,1,2,2,2,1,2,4,4,1,2,2,2,2,4,3,3,2,1,4,2,2,3,2,3,2,3,2,1,1,1,4,4,1,1,2,1,3,4,2,2,4,1,1,3,3,1,1,2,2,1,4,2,4,2,3,2,4,4,1,4,3,1,2,2,1,1,3,2,1,2,2,4,2,4,2,3,1,1,2,2,2,1,4,1,3,1,4,3,3,3,4,4,2,1,4,4,2,3,4,4,1,1,1,4,1,3,4,2,4,2,2,4,4,2,3,1,4,2,2,1,1,2,4,2,2,1,1,4,4,1,1,3,4,1,4,1,2,4,3,2,3,3,1,1,2,1,4,2,1,2,1,3,3,4,4,4,2,3,4,1,1,1,4,2,1,4,4,1,1,3,3,3,3,2,2,1,1,4,2,2,2,2,3,1,1,4,2,4,2,1,1,2,2,4,1,3,4,3,3,1,4,3,2,4,3,3,4,1,3,1,1,2,1,4,4,2,3,3,1,3,1,2,3,4,3,2,1,1,4,2,1,3,1,2,2,2,2,2,3,2,4,4,2,4,3,1,1,2,1,3,1,1,1,1,1,1,3,1,1,1,3,3,3,2,4,2,2,1,2,4,3,4,1,3,3,3,3,2,1,2,3,1,3,3,1,1,1,2,4,2,1,4,3,2,1,2,1,3,1,1,3,2,1,3,2,2,2,3,4,1,1,4,2,2,2,3,1,3,4,4,2,4,2,1,2,3,4,3,3,1,3,2,2,2,2,3,3,3,4,1,3,4,1,4,1,1,2,4,3,1,1,2,3,1,1,4,1,3,1,1,1,2,2,4,1,2,1,4,4,4,3,2,2,4,4,3,4,4,3"
140,0.9877030496613249,0.43137254901960786,2253.0,"2,1,2,4,1,1,1,2,2,1,3,4,2,1,1,1,1,4,3,4,4,2,1,4,3,4,4,1,2,2,1,4,4,2,1,4,2,4,1,4,4,3,1,3,4,3,3,1,2,2,1,2,3,2,1,2,1,4,3,3,1,2,4,2,3,4,1,1,2,1,2,2,2,1,1,2,2,1,2,3,2,4,3,1,1,3,1,1,1,1,1,1,3,4,2,1,2,3,2,1,1,3,2,4,3,4,2,1,2,4,2,2,2,2,4,3,1,2,4,1,3,1,4,2,1,4,2,4,1,2,4,2,2,1,3,3,3,4,4,2,2,4,3,1,2,2,3,3,2,3,3,3,4,4,1,4,1,1,1,3,4,2,2,1,2,4,4,4,3,4,2,4,3,2,1,4,3,4,2,2,2,3,4,4,3,3,3,2,3,2,1,2,2,3,2,2,4,2,3,2,2,4,1,4,2,4,3,1,3,2,4,2,4,2,3,1,3,1,2,1,1,1,4,2,4,1,2,2,2,3,1,1,2,3,1,4,3,4,1,1,1,1,2,2,2,1,2,3,4,1,3,1,4,2,3,3,1,4,4,4,4,2,2,4,2,2,4,2,2,4,4,1,1,3,4,3,1,2,3,1,1,4,3,1,1,4,1,2,3,4,4,2,3,2,2,2,2,1,1,1,4,2,2,3,4,4,3,1,1,1,4,1,2,3,1,1,2,3,2,4,1,3,3,3,4,2,1,2,3,1,3,3,1,1,1,3,4,3,2,3,1,2,3,3,4,2,2,4,3,4,2,4,1,1,4,3,2,4,3,3,2,1,3,2,2,3,3,2,1,3,3,2,3,4,2,4,4,3,2,4,2,2,1,1,1,3,2,4,2,1,1,2,1,2,2,2,2,1,3,4,2,2,2,1,4,2,3,4,2,1,3,4,4,4,3,2,4,2,2,2,4,3,1,1,1,1,3,1,1,3,4,3,1,1,2,1,2,2,4,1,1,2,4,4,1,2,3,2,1,1,2,3,2,4,1,1,1,4,3,1,2,3,1,2,3,4,2,2,3,1,2,3,1,1,2,4,2,3,1,4,3,1,4,1,3,1,2,1,1,1,1,4,4,3,1,1,2,4,1,1,2,1,1,2,2,2,2,3,3,3,1,3,1,3,2,3,1,1,2,2,4,4,1,2,4,1,1,2,1,2,1,4,4,2,3,3,1,4,2,3,2,2,3,3,1,1,3,2,2,3,4,1,2,2,1,2,1,1,1,2,4,3,2,3,3,4,4,2,4,3,3,1,3,3,1,4,3,4,1,1,1,4,4,2,1,4,2,2,1,1,4,1,3,2,2,2,3,4,1,1,2,2,1,4,4,3,4,3,3,2,1,3,4,1,2,3,3,3,4,2,3,2,1,1,3,1,1,3,2,2,2,1,1,1,4,2,2,4,1,3,4,1,3,3,4,1,1,3,3,1,1,4,2,2,1,3,1,3,3,4,3,4,2,3,1,2,2,1,2,2,1,2,2,4,1,2,1,3,4,3,1,1,3,3,1,4,1,3,1,1,1,2,3,3,2,2,1,2,3,3,4,1,4,3,4,2,1,2,4,3,3,1,1,1,2,1,2,3,4,4,2,4,2,2,3,2,3,3,2,2,2,3,2,3,4,2,1,3,3,1,3,2,1,3,1,1,3,2,3,4,3,2,4,3,1,4,2,4,1,1,2,2,2,2,2,1,1,1,1,3,1,4,1,4,2,3,1,2,2,4,1,3,2,3,1,3,2,2,2,2,4,2,4,3,1,4,1,3,3,3,3,2,1,2,4,4,2,2,1,3,4,1,3,4,1,2,2,3,3,2,2,3,3,3,4,3,2,2,2,1,3,1,3,1,3,4,1,3,3,2,2,3,1,2,2,1,1,3,3,1,2,2,1,1,2,1,3,1,1,2,1,2,3,4,3,1,4,3,2,4,4,3,2,3,2,1,1,2,1,3,2,4,4,3,3,3,3,4,1,1,3,2,2,2,1,1,1,4,2,3,1,2,2,3,1,1,1,3,1,3,2,2,1,2,1,1,2,1,1,4,1,2,4,4,2,1,2,2,4,2,4,4,4,4,1,3,2,1,1,1,2,3,1,2,3,1,3,4,3,3,4,3,1,2,1,3,3,3,1,4,4,4,1,1,1,1,1,4,2,4,2,3,4,4,1,1,1,1,3,4,3,1,1,3,1,1,2,1,2,3,4,2,4,1,1,1,2,4,3,1,2,3,1,1,2,2,1,4,1,2,2,2,4,3,4,2,4,1,4,1,4,1,4,3,1,1,4,4,1,4,2,4,3,1,3,3,2,2,3,1,3,4,1,1,4,1,2,1,1,1,1,3,3,3,2,4,4,2,1,2,1,1,2,1,3,3,3,3,2,3,1,2,2,3,4,4,3,3,1,1,3,3,4,3,4,3,1,4,4,4,3,2,4,1,3,4,3,2,2,3,3,3,4,3,1,2,4,4,2,2,1,1,1,4,1,1,1,3,3,4,2,1,3,3,4,2,1,3,4,4,3,4,2,4,2,2,3,2,2,1,2,3,2,3,2,2,1,3,2,3,4,1,3,4,1,3,3,2,2,3,3,1,4,1,1,3,1,3,4,1,4,1,4,2,1,2,1,1,1,3,1,1,3,1,3,3,1,2,2,1,1,4,1,2,4,4,3,2,1,1,4,1,4,3,4,1,4,1,1,1,2,3,4,1,1,2,3,2,1,3,3,1,4,3,3,3,4,2,1,2,2,4,2,1,1,4,3,1,4,4,2,4,3,2,1,1,1,2,1,1,3,3,3,3,1,1,4,2,1,2,1,1,3,3,3,3,1,3,3,2,2,4,2,2,2,2,1,4,3,3,3,3,1,3,4,1,1,2,4,2,1,3,2,3,4,1,3,1,2,3,4,1,2,2,2,1,2,4,4,1,2,2,2,2,4,3,3,2,1,4,2,2,3,2,3,2,3,2,1,1,1,4,4,1,1,2,1,3,4,2,2,4,1,1,3,3,1,1,2,2,1,4,2,4,2,3,2,4,4,1,4,3,1,2,2,1,1,3,2,1,2,2,4,2,4,2,3,1,1,2,2,2,1,4,1,3,1,4,3,3,3,4,4,2,1,4,4,2,3,4,4,1,1,1,4,1,3,4,2,4,2,2,4,4,2,3,1,4,2,2,1,1,2,4,2,2,1,1,4,4,1,1,3,4,1,4,1,2,4,3,2,3,3,1,1,2,1,4,2,1,2,1,3,3,4,4,4,2,3,4,1,1,1,4,2,1,4,4,1,1,3,3,3,3,2,2,1,1,4,2,2,2,2,3,1,1,4,2,4,2,1,1,2,2,4,1,3,4,3,3,1,4,3,2,4,3,3,4,1,3,1,1,2,1,4,4,2,3,3,1,3,1,2,3,4,3,2,1,1,4,2,1,3,1,2,2,2,2,2,3,2,4,4,2,4,3,1,1,2,1,3,1,1,1,1,1,1,3,1,1,1,3,3,3,2,4,2,2,1,2,4,3,4,1,3,3,3,3,2,1,2,3,1,3,3,1,1,1,2,4,2,1,4,3,2,1,2,1,3,1,1,3,2,1,3,2,2,2,3,4,1,1,4,2,2,2,3,1,3,4,4,2,4,2,1,2,3,4,3,3,1,3,2,2,2,2,3,3,3,4,1,3,4,1,4,1,1,2,4,3,1,1,2,3,1,1,4,1,3,1,1,1,2,2,4,1,2,1,4,4,4,3,2,2,4,4,3,4,4,3"
141,0.9877030496613249,0.43137254901960786,2253.0,"2,1,2,4,1,1,1,2,2,1,3,4,2,1,1,1,1,4,3,4,4,2,1,4,3,4,4,1,2,2,1,4,4,2,1,4,2,4,1,4,4,3,1,3,4,3,3,1,2,2,1,2,3,2,1,2,1,4,3,3,1,2,4,2,3,4,1,1,2,1,2,2,2,1,1,2,2,1,2,3,2,4,3,1,1,3,1,1,1,1,1,1,3,4,2,1,2,3,2,1,1,3,2,4,3,4,2,1,2,4,2,2,2,2,4,3,1,2,4,1,3,1,4,2,1,4,2,4,1,2,4,2,2,1,3,3,3,4,4,2,2,4,3,1,2,2,3,3,2,3,3,3,4,4,1,4,1,1,1,3,4,2,2,1,2,4,4,4,3,4,2,4,3,2,1,4,3,4,2,2,2,3,4,4,3,3,3,2,3,2,1,2,2,3,2,2,4,2,3,2,2,4,1,4,2,4,3,1,3,2,4,2,4,2,3,1,3,1,2,1,1,1,4,2,4,1,2,2,2,3,1,1,2,3,1,4,3,4,1,1,1,1,2,2,2,1,2,3,4,1,3,1,4,2,3,3,1,4,4,4,4,2,2,4,2,2,4,2,2,4,4,1,1,3,4,3,1,2,3,1,1,4,3,1,1,4,1,2,3,4,4,2,3,2,2,2,2,1,1,1,4,2,2,3,4,4,3,1,1,1,4,1,2,3,1,1,2,3,2,4,1,3,3,3,4,2,1,2,3,1,3,3,1,1,1,3,4,3,2,3,1,2,3,3,4,2,2,4,3,4,2,4,1,1,4,3,2,4,3,3,2,1,3,2,2,3,3,2,1,3,3,2,3,4,2,4,4,3,2,4,2,2,1,1,1,3,2,4,2,1,1,2,1,2,2,2,2,1,3,4,2,2,2,1,4,2,3,4,2,1,3,4,4,4,3,2,4,2,2,2,4,3,1,1,1,1,3,1,1,3,4,3,1,1,2,1,2,2,4,1,1,2,4,4,1,2,3,2,1,1,2,3,2,4,1,1,1,4,3,1,2,3,1,2,3,4,2,2,3,1,2,3,1,1,2,4,2,3,1,4,3,1,4,1,3,1,2,1,1,1,1,4,4,3,1,1,2,4,1,1,2,1,1,2,2,2,2,3,3,3,1,3,1,3,2,3,1,1,2,2,4,4,1,2,4,1,1,2,1,2,1,4,4,2,3,3,1,4,2,3,2,2,3,3,1,1,3,2,2,3,4,1,2,2,1,2,1,1,1,2,4,3,2,3,3,4,4,2,4,3,3,1,3,3,1,4,3,4,1,1,1,4,4,2,1,4,2,2,1,1,4,1,3,2,2,2,3,4,1,1,2,2,1,4,4,3,4,3,3,2,1,3,4,1,2,3,3,3,4,2,3,2,1,1,3,1,1,3,2,2,2,1,1,1,4,2,2,4,1,3,4,1,3,3,4,1,1,3,3,1,1,4,2,2,1,3,1,3,3,4,3,4,2,3,1,2,2,1,2,2,1,2,2,4,1,2,1,3,4,3,1,1,3,3,1,4,1,3,1,1,1,2,3,3,2,2,1,2,3,3,4,1,4,3,4,2,1,2,4,3,3,1,1,1,2,1,2,3,4,4,2,4,2,2,3,2,3,3,2,2,2,3,2,3,4,2,1,3,3,1,3,2,1,3,1,1,3,2,3,4,3,2,4,3,1,4,2,4,1,1,2,2,2,2,2,1,1,1,1,3,1,4,1,4,2,3,1,2,2,4,1,3,2,3,1,3,2,2,2,2,4,2,4,3,1,4,1,3,3,3,3,2,1,2,4,4,2,2,1,3,4,1,3,4,1,2,2,3,3,2,2,3,3,3,4,3,2,2,2,1,3,1,3,1,3,4,1,3,3,2,2,3,1,2,2,1,1,3,3,1,2,2,1,1,2,1,3,1,1,2,1,2,3,4,3,1,4,3,2,4,4,3,2,3,2,1,1,2,1,3,2,4,4,3,3,3,3,4,1,1,3,2,2,2,1,1,1,4,2,3,1,2,2,3,1,1,1,3,1,3,2,2,1,2,1,1,2,1,1,4,1,2,4,4,2,1,2,2,4,2,4,4,4,4,1,3,2,1,1,1,2,3,1,2,3,1,3,4,3,3,4,3,1,2,1,3,3,3,1,4,4,4,1,1,1,1,1,4,2,4,2,3,4,4,1,1,1,1,3,4,3,1,1,3,1,1,2,1,2,3,4,2,4,1,1,1,2,4,3,1,2,3,1,1,2,2,1,4,1,2,2,2,4,3,4,2,4,1,4,1,4,1,4,3,1,1,4,4,1,4,2,4,3,1,3,3,2,2,3,1,3,4,1,1,4,1,2,1,1,1,1,3,3,3,2,4,4,2,1,2,1,1,2,1,3,3,3,3,2,3,1,2,2,3,4,4,3,3,1,1,3,3,4,3,4,3,1,4,4,4,3,2,4,1,3,4,3,2,2,3,3,3,4,3,1,2,4,4,2,2,1,1,1,4,1,1,1,3,3,4,2,1,3,3,4,2,1,3,4,4,3,4,2,4,2,2,3,2,2,1,2,3,2,3,2,2,1,3,2,3,4,1,3,4,1,3,3,2,2,3,3,1,4,1,1,3,1,3,4,1,4,1,4,2,1,2,1,1,1,3,1,1,3,1,3,3,1,2,2,1,1,4,1,2,4,4,3,2,1,1,4,1,4,3,4,1,4,1,1,1,2,3,4,1,1,2,3,2,1,3,3,1,4,3,3,3,4,2,1,2,2,4,2,1,1,4,3,1,4,4,2,4,3,2,1,1,1,2,1,1,3,3,3,3,1,1,4,2,1,2,1,1,3,3,3,3,1,3,3,2,2,4,2,2,2,2,1,4,3,3,3,3,1,3,4,1,1,2,4,2,1,3,2,3,4,1,3,1,2,3,4,1,2,2,2,1,2,4,4,1,2,2,2,2,4,3,3,2,1,4,2,2,3,2,3,2,3,2,1,1,1,4,4,1,1,2,1,3,4,2,2,4,1,1,3,3,1,1,2,2,1,4,2,4,2,3,2,4,4,1,4,3,1,2,2,1,1,3,2,1,2,2,4,2,4,2,3,1,1,2,2,2,1,4,1,3,1,4,3,3,3,4,4,2,1,4,4,2,3,4,4,1,1,1,4,1,3,4,2,4,2,2,4,4,2,3,1,4,2,2,1,1,2,4,2,2,1,1,4,4,1,1,3,4,1,4,1,2,4,3,2,3,3,1,1,2,1,4,2,1,2,1,3,3,4,4,4,2,3,4,1,1,1,4,2,1,4,4,1,1,3,3,3,3,2,2,1,1,4,2,2,2,2,3,1,1,4,2,4,2,1,1,2,2,4,1,3,4,3,3,1,4,3,2,4,3,3,4,1,3,1,1,2,1,4,4,2,3,3,1,3,1,2,3,4,3,2,1,1,4,2,1,3,1,2,2,2,2,2,3,2,4,4,2,4,3,1,1,2,1,3,1,1,1,1,1,1,3,1,1,1,3,3,3,2,4,2,2,1,2,4,3,4,1,3,3,3,3,2,1,2,3,1,3,3,1,1,1,2,4,2,1,4,3,2,1,2,1,3,1,1,3,2,1,3,2,2,2,3,4,1,1,4,2,2,2,3,1,3,4,4,2,4,2,1,2,3,4,3,3,1,3,2,2,2,2,3,3,3,4,1,3,4,1,4,1,1,2,4,3,1,1,2,3,1,1,4,1,3,1,1,1,2,2,4,1,2,1,4,4,4,3,2,2,4,4,3,4,4,3"
142,0.9877030496613249,0.43137254901960786,2253.0,"2,1,2,4,1,1,1,2,2,1,3,4,2,1,1,1,1,4,3,4,4,2,1,4,3,4,4,1,2,2,1,4,4,2,1,4,2,4,1,4,4,3,1,3,4,3,3,1,2,2,1,2,3,2,1,2,1,4,3,3,1,2,4,2,3,4,1,1,2,1,2,2,2,1,1,2,2,1,2,3,2,4,3,1,1,3,1,1,1,1,1,1,3,4,2,1,2,3,2,1,1,3,2,4,3,4,2,1,2,4,2,2,2,2,4,3,1,2,4,1,3,1,4,2,1,4,2,4,1,2,4,2,2,1,3,3,3,4,4,2,2,4,3,1,2,2,3,3,2,3,3,3,4,4,1,4,1,1,1,3,4,2,2,1,2,4,4,4,3,4,2,4,3,2,1,4,3,4,2,2,2,3,4,4,3,3,3,2,3,2,1,2,2,3,2,2,4,2,3,2,2,4,1,4,2,4,3,1,3,2,4,2,4,2,3,1,3,1,2,1,1,1,4,2,4,1,2,2,2,3,1,1,2,3,1,4,3,4,1,1,1,1,2,2,2,1,2,3,4,1,3,1,4,2,3,3,1,4,4,4,4,2,2,4,2,2,4,2,2,4,4,1,1,3,4,3,1,2,3,1,1,4,3,1,1,4,1,2,3,4,4,2,3,2,2,2,2,1,1,1,4,2,2,3,4,4,3,1,1,1,4,1,2,3,1,1,2,3,2,4,1,3,3,3,4,2,1,2,3,1,3,3,1,1,1,3,4,3,2,3,1,2,3,3,4,2,2,4,3,4,2,4,1,1,4,3,2,4,3,3,2,1,3,2,2,3,3,2,1,3,3,2,3,4,2,4,4,3,2,4,2,2,1,1,1,3,2,4,2,1,1,2,1,2,2,2,2,1,3,4,2,2,2,1,4,2,3,4,2,1,3,4,4,4,3,2,4,2,2,2,4,3,1,1,1,1,3,1,1,3,4,3,1,1,2,1,2,2,4,1,1,2,4,4,1,2,3,2,1,1,2,3,2,4,1,1,1,4,3,1,2,3,1,2,3,4,2,2,3,1,2,3,1,1,2,4,2,3,1,4,3,1,4,1,3,1,2,1,1,1,1,4,4,3,1,1,2,4,1,1,2,1,1,2,2,2,2,3,3,3,1,3,1,3,2,3,1,1,2,2,4,4,1,2,4,1,1,2,1,2,1,4,4,2,3,3,1,4,2,3,2,2,3,3,1,1,3,2,2,3,4,1,2,2,1,2,1,1,1,2,4,3,2,3,3,4,4,2,4,3,3,1,3,3,1,4,3,4,1,1,1,4,4,2,1,4,2,2,1,1,4,1,3,2,2,2,3,4,1,1,2,2,1,4,4,3,4,3,3,2,1,3,4,1,2,3,3,3,4,2,3,2,1,1,3,1,1,3,2,2,2,1,1,1,4,2,2,4,1,3,4,1,3,3,4,1,1,3,3,1,1,4,2,2,1,3,1,3,3,4,3,4,2,3,1,2,2,1,2,2,1,2,2,4,1,2,1,3,4,3,1,1,3,3,1,4,1,3,1,1,1,2,3,3,2,2,1,2,3,3,4,1,4,3,4,2,1,2,4,3,3,1,1,1,2,1,2,3,4,4,2,4,2,2,3,2,3,3,2,2,2,3,2,3,4,2,1,3,3,1,3,2,1,3,1,1,3,2,3,4,3,2,4,3,1,4,2,4,1,1,2,2,2,2,2,1,1,1,1,3,1,4,1,4,2,3,1,2,2,4,1,3,2,3,1,3,2,2,2,2,4,2,4,3,1,4,1,3,3,3,3,2,1,2,4,4,2,2,1,3,4,1,3,4,1,2,2,3,3,2,2,3,3,3,4,3,2,2,2,1,3,1,3,1,3,4,1,3,3,2,2,3,1,2,2,1,1,3,3,1,2,2,1,1,2,1,3,1,1,2,1,2,3,4,3,1,4,3,2,4,4,3,2,3,2,1,1,2,1,3,2,4,4,3,3,3,3,4,1,1,3,2,2,2,1,1,1,4,2,3,1,2,2,3,1,1,1,3,1,3,2,2,1,2,1,1,2,1,1,4,1,2,4,4,2,1,2,2,4,2,4,4,4,4,1,3,2,1,1,1,2,3,1,2,3,1,3,4,3,3,4,3,1,2,1,3,3,3,1,4,4,4,1,1,1,1,1,4,2,4,2,3,4,4,1,1,1,1,3,4,3,1,1,3,1,1,2,1,2,3,4,2,4,1,1,1,2,4,3,1,2,3,1,1,2,2,1,4,1,2,2,2,4,3,4,2,4,1,4,1,4,1,4,3,1,1,4,4,1,4,2,4,3,1,3,3,2,2,3,1,3,4,1,1,4,1,2,1,1,1,1,3,3,3,2,4,4,2,1,2,1,1,2,1,3,3,3,3,2,3,1,2,2,3,4,4,3,3,1,1,3,3,4,3,4,3,1,4,4,4,3,2,4,1,3,4,3,2,2,3,3,3,4,3,1,2,4,4,2,2,1,1,1,4,1,1,1,3,3,4,2,1,3,3,4,2,1,3,4,4,3,4,2,4,2,2,3,2,2,1,2,3,2,3,2,2,1,3,2,3,4,1,3,4,1,3,3,2,2,3,3,1,4,1,1,3,1,3,4,1,4,1,4,2,1,2,1,1,1,3,1,1,3,1,3,3,1,2,2,1,1,4,1,2,4,4,3,2,1,1,4,1,4,3,4,1,4,1,1,1,2,3,4,1,1,2,3,2,1,3,3,1,4,3,3,3,4,2,1,2,2,4,2,1,1,4,3,1,4,4,2,4,3,2,1,1,1,2,1,1,3,3,3,3,1,1,4,2,1,2,1,1,3,3,3,3,1,3,3,2,2,4,2,2,2,2,1,4,3,3,3,3,1,3,4,1,1,2,4,2,1,3,2,3,4,1,3,1,2,3,4,1,2,2,2,1,2,4,4,1,2,2,2,2,4,3,3,2,1,4,2,2,3,2,3,2,3,2,1,1,1,4,4,1,1,2,1,3,4,2,2,4,1,1,3,3,1,1,2,2,1,4,2,4,2,3,2,4,4,1,4,3,1,2,2,1,1,3,2,1,2,2,4,2,4,2,3,1,1,2,2,2,1,4,1,3,1,4,3,3,3,4,4,2,1,4,4,2,3,4,4,1,1,1,4,1,3,4,2,4,2,2,4,4,2,3,1,4,2,2,1,1,2,4,2,2,1,1,4,4,1,1,3,4,1,4,1,2,4,3,2,3,3,1,1,2,1,4,2,1,2,1,3,3,4,4,4,2,3,4,1,1,1,4,2,1,4,4,1,1,3,3,3,3,2,2,1,1,4,2,2,2,2,3,1,1,4,2,4,2,1,1,2,2,4,1,3,4,3,3,1,4,3,2,4,3,3,4,1,3,1,1,2,1,4,4,2,3,3,1,3,1,2,3,4,3,2,1,1,4,2,1,3,1,2,2,2,2,2,3,2,4,4,2,4,3,1,1,2,1,3,1,1,1,1,1,1,3,1,1,1,3,3,3,2,4,2,2,1,2,4,3,4,1,3,3,3,3,2,1,2,3,1,3,3,1,1,1,2,4,2,1,4,3,2,1,2,1,3,1,1,3,2,1,3,2,2,2,3,4,1,1,4,2,2,2,3,1,3,4,4,2,4,2,1,2,3,4,3,3,1,3,2,2,2,2,3,3,3,4,1,3,4,1,4,1,1,2,4,3,1,1,2,3,1,1,4,1,3,1,1,1,2,2,4,1,2,1,4,4,4,3,2,2,4,4,3,4,4,3"
143,0.9877030496613249,0.43137254901960786,2253.0,"2,1,2,4,1,1,1,2,2,1,3,4,2,1,1,1,1,4,3,4,4,2,1,4,3,4,4,1,2,2,1,4,4,2,1,4,2,4,1,4,4,3,1,3,4,3,3,1,2,2,1,2,3,2,1,2,1,4,3,3,1,2,4,2,3,4,1,1,2,1,2,2,2,1,1,2,2,1,2,3,2,4,3,1,1,3,1,1,1,1,1,1,3,4,2,1,2,3,2,1,1,3,2,4,3,4,2,1,2,4,2,2,2,2,4,3,1,2,4,1,3,1,4,2,1,4,2,4,1,2,4,2,2,1,3,3,3,4,4,2,2,4,3,1,2,2,3,3,2,3,3,3,4,4,1,4,1,1,1,3,4,2,2,1,2,4,4,4,3,4,2,4,3,2,1,4,3,4,2,2,2,3,4,4,3,3,3,2,3,2,1,2,2,3,2,2,4,2,3,2,2,4,1,4,2,4,3,1,3,2,4,2,4,2,3,1,3,1,2,1,1,1,4,2,4,1,2,2,2,3,1,1,2,3,1,4,3,4,1,1,1,1,2,2,2,1,2,3,4,1,3,1,4,2,3,3,1,4,4,4,4,2,2,4,2,2,4,2,2,4,4,1,1,3,4,3,1,2,3,1,1,4,3,1,1,4,1,2,3,4,4,2,3,2,2,2,2,1,1,1,4,2,2,3,4,4,3,1,1,1,4,1,2,3,1,1,2,3,2,4,1,3,3,3,4,2,1,2,3,1,3,3,1,1,1,3,4,3,2,3,1,2,3,3,4,2,2,4,3,4,2,4,1,1,4,3,2,4,3,3,2,1,3,2,2,3,3,2,1,3,3,2,3,4,2,4,4,3,2,4,2,2,1,1,1,3,2,4,2,1,1,2,1,2,2,2,2,1,3,4,2,2,2,1,4,2,3,4,2,1,3,4,4,4,3,2,4,2,2,2,4,3,1,1,1,1,3,1,1,3,4,3,1,1,2,1,2,2,4,1,1,2,4,4,1,2,3,2,1,1,2,3,2,4,1,1,1,4,3,1,2,3,1,2,3,4,2,2,3,1,2,3,1,1,2,4,2,3,1,4,3,1,4,1,3,1,2,1,1,1,1,4,4,3,1,1,2,4,1,1,2,1,1,2,2,2,2,3,3,3,1,3,1,3,2,3,1,1,2,2,4,4,1,2,4,1,1,2,1,2,1,4,4,2,3,3,1,4,2,3,2,2,3,3,1,1,3,2,2,3,4,1,2,2,1,2,1,1,1,2,4,3,2,3,3,4,4,2,4,3,3,1,3,3,1,4,3,4,1,1,1,4,4,2,1,4,2,2,1,1,4,1,3,2,2,2,3,4,1,1,2,2,1,4,4,3,4,3,3,2,1,3,4,1,2,3,3,3,4,2,3,2,1,1,3,1,1,3,2,2,2,1,1,1,4,2,2,4,1,3,4,1,3,3,4,1,1,3,3,1,1,4,2,2,1,3,1,3,3,4,3,4,2,3,1,2,2,1,2,2,1,2,2,4,1,2,1,3,4,3,1,1,3,3,1,4,1,3,1,1,1,2,3,3,2,2,1,2,3,3,4,1,4,3,4,2,1,2,4,3,3,1,1,1,2,1,2,3,4,4,2,4,2,2,3,2,3,3,2,2,2,3,2,3,4,2,1,3,3,1,3,2,1,3,1,1,3,2,3,4,3,2,4,3,1,4,2,4,1,1,2,2,2,2,2,1,1,1,1,3,1,4,1,4,2,3,1,2,2,4,1,3,2,3,1,3,2,2,2,2,4,2,4,3,1,4,1,3,3,3,3,2,1,2,4,4,2,2,1,3,4,1,3,4,1,2,2,3,3,2,2,3,3,3,4,3,2,2,2,1,3,1,3,1,3,4,1,3,3,2,2,3,1,2,2,1,1,3,3,1,2,2,1,1,2,1,3,1,1,2,1,2,3,4,3,1,4,3,2,4,4,3,2,3,2,1,1,2,1,3,2,4,4,3,3,3,3,4,1,1,3,2,2,2,1,1,1,4,2,3,1,2,2,3,1,1,1,3,1,3,2,2,1,2,1,1,2,1,1,4,1,2,4,4,2,1,2,2,4,2,4,4,4,4,1,3,2,1,1,1,2,3,1,2,3,1,3,4,3,3,4,3,1,2,1,3,3,3,1,4,4,4,1,1,1,1,1,4,2,4,2,3,4,4,1,1,1,1,3,4,3,1,1,3,1,1,2,1,2,3,4,2,4,1,1,1,2,4,3,1,2,3,1,1,2,2,1,4,1,2,2,2,4,3,4,2,4,1,4,1,4,1,4,3,1,1,4,4,1,4,2,4,3,1,3,3,2,2,3,1,3,4,1,1,4,1,2,1,1,1,1,3,3,3,2,4,4,2,1,2,1,1,2,1,3,3,3,3,2,3,1,2,2,3,4,4,3,3,1,1,3,3,4,3,4,3,1,4,4,4,3,2,4,1,3,4,3,2,2,3,3,3,4,3,1,2,4,4,2,2,1,1,1,4,1,1,1,3,3,4,2,1,3,3,4,2,1,3,4,4,3,4,2,4,2,2,3,2,2,1,2,3,2,3,2,2,1,3,2,3,4,1,3,4,1,3,3,2,2,3,3,1,4,1,1,3,1,3,4,1,4,1,4,2,1,2,1,1,1,3,1,1,3,1,3,3,1,2,2,1,1,4,1,2,4,4,3,2,1,1,4,1,4,3,4,1,4,1,1,1,2,3,4,1,1,2,3,2,1,3,3,1,4,3,3,3,4,2,1,2,2,4,2,1,1,4,3,1,4,4,2,4,3,2,1,1,1,2,1,1,3,3,3,3,1,1,4,2,1,2,1,1,3,3,3,3,1,3,3,2,2,4,2,2,2,2,1,4,3,3,3,3,1,3,4,1,1,2,4,2,1,3,2,3,4,1,3,1,2,3,4,1,2,2,2,1,2,4,4,1,2,2,2,2,4,3,3,2,1,4,2,2,3,2,3,2,3,2,1,1,1,4,4,1,1,2,1,3,4,2,2,4,1,1,3,3,1,1,2,2,1,4,2,4,2,3,2,4,4,1,4,3,1,2,2,1,1,3,2,1,2,2,4,2,4,2,3,1,1,2,2,2,1,4,1,3,1,4,3,3,3,4,4,2,1,4,4,2,3,4,4,1,1,1,4,1,3,4,2,4,2,2,4,4,2,3,1,4,2,2,1,1,2,4,2,2,1,1,4,4,1,1,3,4,1,4,1,2,4,3,2,3,3,1,1,2,1,4,2,1,2,1,3,3,4,4,4,2,3,4,1,1,1,4,2,1,4,4,1,1,3,3,3,3,2,2,1,1,4,2,2,2,2,3,1,1,4,2,4,2,1,1,2,2,4,1,3,4,3,3,1,4,3,2,4,3,3,4,1,3,1,1,2,1,4,4,2,3,3,1,3,1,2,3,4,3,2,1,1,4,2,1,3,1,2,2,2,2,2,3,2,4,4,2,4,3,1,1,2,1,3,1,1,1,1,1,1,3,1,1,1,3,3,3,2,4,2,2,1,2,4,3,4,1,3,3,3,3,2,1,2,3,1,3,3,1,1,1,2,4,2,1,4,3,2,1,2,1,3,1,1,3,2,1,3,2,2,2,3,4,1,1,4,2,2,2,3,1,3,4,4,2,4,2,1,2,3,4,3,3,1,3,2,2,2,2,3,3,3,4,1,3,4,1,4,1,1,2,4,3,1,1,2,3,1,1,4,1,3,1,1,1,2,2,4,1,2,1,4,4,4,3,2,2,4,4,3,4,4,3"
144,0.9877030496613249,0.43137254901960786,2253.0,"2,1,2,4,1,1,1,2,2,1,3,4,2,1,1,1,1,4,3,4,4,2,1,4,3,4,4,1,2,2,1,4,4,2,1,4,2,4,1,4,4,3,1,3,4,3,3,1,2,2,1,2,3,2,1,2,1,4,3,3,1,2,4,2,3,4,1,1,2,1,2,2,2,1,1,2,2,1,2,3,2,4,3,1,1,3,1,1,1,1,1,1,3,4,2,1,2,3,2,1,1,3,2,4,3,4,2,1,2,4,2,2,2,2,4,3,1,2,4,1,3,1,4,2,1,4,2,4,1,2,4,2,2,1,3,3,3,4,4,2,2,4,3,1,2,2,3,3,2,3,3,3,4,4,1,4,1,1,1,3,4,2,2,1,2,4,4,4,3,4,2,4,3,2,1,4,3,4,2,2,2,3,4,4,3,3,3,2,3,2,1,2,2,3,2,2,4,2,3,2,2,4,1,4,2,4,3,1,3,2,4,2,4,2,3,1,3,1,2,1,1,1,4,2,4,1,2,2,2,3,1,1,2,3,1,4,3,4,1,1,1,1,2,2,2,1,2,3,4,1,3,1,4,2,3,3,1,4,4,4,4,2,2,4,2,2,4,2,2,4,4,1,1,3,4,3,1,2,3,1,1,4,3,1,1,4,1,2,3,4,4,2,3,2,2,2,2,1,1,1,4,2,2,3,4,4,3,1,1,1,4,1,2,3,1,1,2,3,2,4,1,3,3,3,4,2,1,2,3,1,3,3,1,1,1,3,4,3,2,3,1,2,3,3,4,2,2,4,3,4,2,4,1,1,4,3,2,4,3,3,2,1,3,2,2,3,3,2,1,3,3,2,3,4,2,4,4,3,2,4,2,2,1,1,1,3,2,4,2,1,1,2,1,2,2,2,2,1,3,4,2,2,2,1,4,2,3,4,2,1,3,4,4,4,3,2,4,2,2,2,4,3,1,1,1,1,3,1,1,3,4,3,1,1,2,1,2,2,4,1,1,2,4,4,1,2,3,2,1,1,2,3,2,4,1,1,1,4,3,1,2,3,1,2,3,4,2,2,3,1,2,3,1,1,2,4,2,3,1,4,3,1,4,1,3,1,2,1,1,1,1,4,4,3,1,1,2,4,1,1,2,1,1,2,2,2,2,3,3,3,1,3,1,3,2,3,1,1,2,2,4,4,1,2,4,1,1,2,1,2,1,4,4,2,3,3,1,4,2,3,2,2,3,3,1,1,3,2,2,3,4,1,2,2,1,2,1,1,1,2,4,3,2,3,3,4,4,2,4,3,3,1,3,3,1,4,3,4,1,1,1,4,4,2,1,4,2,2,1,1,4,1,3,2,2,2,3,4,1,1,2,2,1,4,4,3,4,3,3,2,1,3,4,1,2,3,3,3,4,2,3,2,1,1,3,1,1,3,2,2,2,1,1,1,4,2,2,4,1,3,4,1,3,3,4,1,1,3,3,1,1,4,2,2,1,3,1,3,3,4,3,4,2,3,1,2,2,1,2,2,1,2,2,4,1,2,1,3,4,3,1,1,3,3,1,4,1,3,1,1,1,2,3,3,2,2,1,2,3,3,4,1,4,3,4,2,1,2,4,3,3,1,1,1,2,1,2,3,4,4,2,4,2,2,3,2,3,3,2,2,2,3,2,3,4,2,1,3,3,1,3,2,1,3,1,1,3,2,3,4,3,2,4,3,1,4,2,4,1,1,2,2,2,2,2,1,1,1,1,3,1,4,1,4,2,3,1,2,2,4,1,3,2,3,1,3,2,2,2,2,4,2,4,3,1,4,1,3,3,3,3,2,1,2,4,4,2,2,1,3,4,1,3,4,1,2,2,3,3,2,2,3,3,3,4,3,2,2,2,1,3,1,3,1,3,4,1,3,3,2,2,3,1,2,2,1,1,3,3,1,2,2,1,1,2,1,3,1,1,2,1,2,3,4,3,1,4,3,2,4,4,3,2,3,2,1,1,2,1,3,2,4,4,3,3,3,3,4,1,1,3,2,2,2,1,1,1,4,2,3,1,2,2,3,1,1,1,3,1,3,2,2,1,2,1,1,2,1,1,4,1,2,4,4,2,1,2,2,4,2,4,4,4,4,1,3,2,1,1,1,2,3,1,2,3,1,3,4,3,3,4,3,1,2,1,3,3,3,1,4,4,4,1,1,1,1,1,4,2,4,2,3,4,4,1,1,1,1,3,4,3,1,1,3,1,1,2,1,2,3,4,2,4,1,1,1,2,4,3,1,2,3,1,1,2,2,1,4,1,2,2,2,4,3,4,2,4,1,4,1,4,1,4,3,1,1,4,4,1,4,2,4,3,1,3,3,2,2,3,1,3,4,1,1,4,1,2,1,1,1,1,3,3,3,2,4,4,2,1,2,1,1,2,1,3,3,3,3,2,3,1,2,2,3,4,4,3,3,1,1,3,3,4,3,4,3,1,4,4,4,3,2,4,1,3,4,3,2,2,3,3,3,4,3,1,2,4,4,2,2,1,1,1,4,1,1,1,3,3,4,2,1,3,3,4,2,1,3,4,4,3,4,2,4,2,2,3,2,2,1,2,3,2,3,2,2,1,3,2,3,4,1,3,4,1,3,3,2,2,3,3,1,4,1,1,3,1,3,4,1,4,1,4,2,1,2,1,1,1,3,1,1,3,1,3,3,1,2,2,1,1,4,1,2,4,4,3,2,1,1,4,1,4,3,4,1,4,1,1,1,2,3,4,1,1,2,3,2,1,3,3,1,4,3,3,3,4,2,1,2,2,4,2,1,1,4,3,1,4,4,2,4,3,2,1,1,1,2,1,1,3,3,3,3,1,1,4,2,1,2,1,1,3,3,3,3,1,3,3,2,2,4,2,2,2,2,1,4,3,3,3,3,1,3,4,1,1,2,4,2,1,3,2,3,4,1,3,1,2,3,4,1,2,2,2,1,2,4,4,1,2,2,2,2,4,3,3,2,1,4,2,2,3,2,3,2,3,2,1,1,1,4,4,1,1,2,1,3,4,2,2,4,1,1,3,3,1,1,2,2,1,4,2,4,2,3,2,4,4,1,4,3,1,2,2,1,1,3,2,1,2,2,4,2,4,2,3,1,1,2,2,2,1,4,1,3,1,4,3,3,3,4,4,2,1,4,4,2,3,4,4,1,1,1,4,1,3,4,2,4,2,2,4,4,2,3,1,4,2,2,1,1,2,4,2,2,1,1,4,4,1,1,3,4,1,4,1,2,4,3,2,3,3,1,1,2,1,4,2,1,2,1,3,3,4,4,4,2,3,4,1,1,1,4,2,1,4,4,1,1,3,3,3,3,2,2,1,1,4,2,2,2,2,3,1,1,4,2,4,2,1,1,2,2,4,1,3,4,3,3,1,4,3,2,4,3,3,4,1,3,1,1,2,1,4,4,2,3,3,1,3,1,2,3,4,3,2,1,1,4,2,1,3,1,2,2,2,2,2,3,2,4,4,2,4,3,1,1,2,1,3,1,1,1,1,1,1,3,1,1,1,3,3,3,2,4,2,2,1,2,4,3,4,1,3,3,3,3,2,1,2,3,1,3,3,1,1,1,2,4,2,1,4,3,2,1,2,1,3,1,1,3,2,1,3,2,2,2,3,4,1,1,4,2,2,2,3,1,3,4,4,2,4,2,1,2,3,4,3,3,1,3,2,2,2,2,3,3,3,4,1,3,4,1,4,1,1,2,4,3,1,1,2,3,1,1,4,1,3,1,1,1,2,2,4,1,2,1,4,4,4,3,2,2,4,4,3,4,4,3"
145,0.9877030496613249,0.43137254901960786,2253.0,"2,1,2,4,1,1,1,2,2,1,3,4,2,1,1,1,1,4,3,4,4,2,1,4,3,4,4,1,2,2,1,4,4,2,1,4,2,4,1,4,4,3,1,3,4,3,3,1,2,2,1,2,3,2,1,2,1,4,3,3,1,2,4,2,3,4,1,1,2,1,2,2,2,1,1,2,2,1,2,3,2,4,3,1,1,3,1,1,1,1,1,1,3,4,2,1,2,3,2,1,1,3,2,4,3,4,2,1,2,4,2,2,2,2,4,3,1,2,4,1,3,1,4,2,1,4,2,4,1,2,4,2,2,1,3,3,3,4,4,2,2,4,3,1,2,2,3,3,2,3,3,3,4,4,1,4,1,1,1,3,4,2,2,1,2,4,4,4,3,4,2,4,3,2,1,4,3,4,2,2,2,3,4,4,3,3,3,2,3,2,1,2,2,3,2,2,4,2,3,2,2,4,1,4,2,4,3,1,3,2,4,2,4,2,3,1,3,1,2,1,1,1,4,2,4,1,2,2,2,3,1,1,2,3,1,4,3,4,1,1,1,1,2,2,2,1,2,3,4,1,3,1,4,2,3,3,1,4,4,4,4,2,2,4,2,2,4,2,2,4,4,1,1,3,4,3,1,2,3,1,1,4,3,1,1,4,1,2,3,4,4,2,3,2,2,2,2,1,1,1,4,2,2,3,4,4,3,1,1,1,4,1,2,3,1,1,2,3,2,4,1,3,3,3,4,2,1,2,3,1,3,3,1,1,1,3,4,3,2,3,1,2,3,3,4,2,2,4,3,4,2,4,1,1,4,3,2,4,3,3,2,1,3,2,2,3,3,2,1,3,3,2,3,4,2,4,4,3,2,4,2,2,1,1,1,3,2,4,2,1,1,2,1,2,2,2,2,1,3,4,2,2,2,1,4,2,3,4,2,1,3,4,4,4,3,2,4,2,2,2,4,3,1,1,1,1,3,1,1,3,4,3,1,1,2,1,2,2,4,1,1,2,4,4,1,2,3,2,1,1,2,3,2,4,1,1,1,4,3,1,2,3,1,2,3,4,2,2,3,1,2,3,1,1,2,4,2,3,1,4,3,1,4,1,3,1,2,1,1,1,1,4,4,3,1,1,2,4,1,1,2,1,1,2,2,2,2,3,3,3,1,3,1,3,2,3,1,1,2,2,4,4,1,2,4,1,1,2,1,2,1,4,4,2,3,3,1,4,2,3,2,2,3,3,1,1,3,2,2,3,4,1,2,2,1,2,1,1,1,2,4,3,2,3,3,4,4,2,4,3,3,1,3,3,1,4,3,4,1,1,1,4,4,2,1,4,2,2,1,1,4,1,3,2,2,2,3,4,1,1,2,2,1,4,4,3,4,3,3,2,1,3,4,1,2,3,3,3,4,2,3,2,1,1,3,1,1,3,2,2,2,1,1,1,4,2,2,4,1,3,4,1,3,3,4,1,1,3,3,1,1,4,2,2,1,3,1,3,3,4,3,4,2,3,1,2,2,1,2,2,1,2,2,4,1,2,1,3,4,3,1,1,3,3,1,4,1,3,1,1,1,2,3,3,2,2,1,2,3,3,4,1,4,3,4,2,1,2,4,3,3,1,1,1,2,1,2,3,4,4,2,4,2,2,3,2,3,3,2,2,2,3,2,3,4,2,1,3,3,1,3,2,1,3,1,1,3,2,3,4,3,2,4,3,1,4,2,4,1,1,2,2,2,2,2,1,1,1,1,3,1,4,1,4,2,3,1,2,2,4,1,3,2,3,1,3,2,2,2,2,4,2,4,3,1,4,1,3,3,3,3,2,1,2,4,4,2,2,1,3,4,1,3,4,1,2,2,3,3,2,2,3,3,3,4,3,2,2,2,1,3,1,3,1,3,4,1,3,3,2,2,3,1,2,2,1,1,3,3,1,2,2,1,1,2,1,3,1,1,2,1,2,3,4,3,1,4,3,2,4,4,3,2,3,2,1,1,2,1,3,2,4,4,3,3,3,3,4,1,1,3,2,2,2,1,1,1,4,2,3,1,2,2,3,1,1,1,3,1,3,2,2,1,2,1,1,2,1,1,4,1,2,4,4,2,1,2,2,4,2,4,4,4,4,1,3,2,1,1,1,2,3,1,2,3,1,3,4,3,3,4,3,1,2,1,3,3,3,1,4,4,4,1,1,1,1,1,4,2,4,2,3,4,4,1,1,1,1,3,4,3,1,1,3,1,1,2,1,2,3,4,2,4,1,1,1,2,4,3,1,2,3,1,1,2,2,1,4,1,2,2,2,4,3,4,2,4,1,4,1,4,1,4,3,1,1,4,4,1,4,2,4,3,1,3,3,2,2,3,1,3,4,1,1,4,1,2,1,1,1,1,3,3,3,2,4,4,2,1,2,1,1,2,1,3,3,3,3,2,3,1,2,2,3,4,4,3,3,1,1,3,3,4,3,4,3,1,4,4,4,3,2,4,1,3,4,3,2,2,3,3,3,4,3,1,2,4,4,2,2,1,1,1,4,1,1,1,3,3,4,2,1,3,3,4,2,1,3,4,4,3,4,2,4,2,2,3,2,2,1,2,3,2,3,2,2,1,3,2,3,4,1,3,4,1,3,3,2,2,3,3,1,4,1,1,3,1,3,4,1,4,1,4,2,1,2,1,1,1,3,1,1,3,1,3,3,1,2,2,1,1,4,1,2,4,4,3,2,1,1,4,1,4,3,4,1,4,1,1,1,2,3,4,1,1,2,3,2,1,3,3,1,4,3,3,3,4,2,1,2,2,4,2,1,1,4,3,1,4,4,2,4,3,2,1,1,1,2,1,1,3,3,3,3,1,1,4,2,1,2,1,1,3,3,3,3,1,3,3,2,2,4,2,2,2,2,1,4,3,3,3,3,1,3,4,1,1,2,4,2,1,3,2,3,4,1,3,1,2,3,4,1,2,2,2,1,2,4,4,1,2,2,2,2,4,3,3,2,1,4,2,2,3,2,3,2,3,2,1,1,1,4,4,1,1,2,1,3,4,2,2,4,1,1,3,3,1,1,2,2,1,4,2,4,2,3,2,4,4,1,4,3,1,2,2,1,1,3,2,1,2,2,4,2,4,2,3,1,1,2,2,2,1,4,1,3,1,4,3,3,3,4,4,2,1,4,4,2,3,4,4,1,1,1,4,1,3,4,2,4,2,2,4,4,2,3,1,4,2,2,1,1,2,4,2,2,1,1,4,4,1,1,3,4,1,4,1,2,4,3,2,3,3,1,1,2,1,4,2,1,2,1,3,3,4,4,4,2,3,4,1,1,1,4,2,1,4,4,1,1,3,3,3,3,2,2,1,1,4,2,2,2,2,3,1,1,4,2,4,2,1,1,2,2,4,1,3,4,3,3,1,4,3,2,4,3,3,4,1,3,1,1,2,1,4,4,2,3,3,1,3,1,2,3,4,3,2,1,1,4,2,1,3,1,2,2,2,2,2,3,2,4,4,2,4,3,1,1,2,1,3,1,1,1,1,1,1,3,1,1,1,3,3,3,2,4,2,2,1,2,4,3,4,1,3,3,3,3,2,1,2,3,1,3,3,1,1,1,2,4,2,1,4,3,2,1,2,1,3,1,1,3,2,1,3,2,2,2,3,4,1,1,4,2,2,2,3,1,3,4,4,2,4,2,1,2,3,4,3,3,1,3,2,2,2,2,3,3,3,4,1,3,4,1,4,1,1,2,4,3,1,1,2,3,1,1,4,1,3,1,1,1,2,2,4,1,2,1,4,4,4,3,2,2,4,4,3,4,4,3"
146,0.9877030496613249,0.43137254901960786,2253.0,"2,1,2,4,1,1,1,2,2,1,3,4,2,1,1,1,1,4,3,4,4,2,1,4,3,4,4,1,2,2,1,4,4,2,1,4,2,4,1,4,4,3,1,3,4,3,3,1,2,2,1,2,3,2,1,2,1,4,3,3,1,2,4,2,3,4,1,1,2,1,2,2,2,1,1,2,2,1,2,3,2,4,3,1,1,3,1,1,1,1,1,1,3,4,2,1,2,3,2,1,1,3,2,4,3,4,2,1,2,4,2,2,2,2,4,3,1,2,4,1,3,1,4,2,1,4,2,4,1,2,4,2,2,1,3,3,3,4,4,2,2,4,3,1,2,2,3,3,2,3,3,3,4,4,1,4,1,1,1,3,4,2,2,1,2,4,4,4,3,4,2,4,3,2,1,4,3,4,2,2,2,3,4,4,3,3,3,2,3,2,1,2,2,3,2,2,4,2,3,2,2,4,1,4,2,4,3,1,3,2,4,2,4,2,3,1,3,1,2,1,1,1,4,2,4,1,2,2,2,3,1,1,2,3,1,4,3,4,1,1,1,1,2,2,2,1,2,3,4,1,3,1,4,2,3,3,1,4,4,4,4,2,2,4,2,2,4,2,2,4,4,1,1,3,4,3,1,2,3,1,1,4,3,1,1,4,1,2,3,4,4,2,3,2,2,2,2,1,1,1,4,2,2,3,4,4,3,1,1,1,4,1,2,3,1,1,2,3,2,4,1,3,3,3,4,2,1,2,3,1,3,3,1,1,1,3,4,3,2,3,1,2,3,3,4,2,2,4,3,4,2,4,1,1,4,3,2,4,3,3,2,1,3,2,2,3,3,2,1,3,3,2,3,4,2,4,4,3,2,4,2,2,1,1,1,3,2,4,2,1,1,2,1,2,2,2,2,1,3,4,2,2,2,1,4,2,3,4,2,1,3,4,4,4,3,2,4,2,2,2,4,3,1,1,1,1,3,1,1,3,4,3,1,1,2,1,2,2,4,1,1,2,4,4,1,2,3,2,1,1,2,3,2,4,1,1,1,4,3,1,2,3,1,2,3,4,2,2,3,1,2,3,1,1,2,4,2,3,1,4,3,1,4,1,3,1,2,1,1,1,1,4,4,3,1,1,2,4,1,1,2,1,1,2,2,2,2,3,3,3,1,3,1,3,2,3,1,1,2,2,4,4,1,2,4,1,1,2,1,2,1,4,4,2,3,3,1,4,2,3,2,2,3,3,1,1,3,2,2,3,4,1,2,2,1,2,1,1,1,2,4,3,2,3,3,4,4,2,4,3,3,1,3,3,1,4,3,4,1,1,1,4,4,2,1,4,2,2,1,1,4,1,3,2,2,2,3,4,1,1,2,2,1,4,4,3,4,3,3,2,1,3,4,1,2,3,3,3,4,2,3,2,1,1,3,1,1,3,2,2,2,1,1,1,4,2,2,4,1,3,4,1,3,3,4,1,1,3,3,1,1,4,2,2,1,3,1,3,3,4,3,4,2,3,1,2,2,1,2,2,1,2,2,4,1,2,1,3,4,3,1,1,3,3,1,4,1,3,1,1,1,2,3,3,2,2,1,2,3,3,4,1,4,3,4,2,1,2,4,3,3,1,1,1,2,1,2,3,4,4,2,4,2,2,3,2,3,3,2,2,2,3,2,3,4,2,1,3,3,1,3,2,1,3,1,1,3,2,3,4,3,2,4,3,1,4,2,4,1,1,2,2,2,2,2,1,1,1,1,3,1,4,1,4,2,3,1,2,2,4,1,3,2,3,1,3,2,2,2,2,4,2,4,3,1,4,1,3,3,3,3,2,1,2,4,4,2,2,1,3,4,1,3,4,1,2,2,3,3,2,2,3,3,3,4,3,2,2,2,1,3,1,3,1,3,4,1,3,3,2,2,3,1,2,2,1,1,3,3,1,2,2,1,1,2,1,3,1,1,2,1,2,3,4,3,1,4,3,2,4,4,3,2,3,2,1,1,2,1,3,2,4,4,3,3,3,3,4,1,1,3,2,2,2,1,1,1,4,2,3,1,2,2,3,1,1,1,3,1,3,2,2,1,2,1,1,2,1,1,4,1,2,4,4,2,1,2,2,4,2,4,4,4,4,1,3,2,1,1,1,2,3,1,2,3,1,3,4,3,3,4,3,1,2,1,3,3,3,1,4,4,4,1,1,1,1,1,4,2,4,2,3,4,4,1,1,1,1,3,4,3,1,1,3,1,1,2,1,2,3,4,2,4,1,1,1,2,4,3,1,2,3,1,1,2,2,1,4,1,2,2,2,4,3,4,2,4,1,4,1,4,1,4,3,1,1,4,4,1,4,2,4,3,1,3,3,2,2,3,1,3,4,1,1,4,1,2,1,1,1,1,3,3,3,2,4,4,2,1,2,1,1,2,1,3,3,3,3,2,3,1,2,2,3,4,4,3,3,1,1,3,3,4,3,4,3,1,4,4,4,3,2,4,1,3,4,3,2,2,3,3,3,4,3,1,2,4,4,2,2,1,1,1,4,1,1,1,3,3,4,2,1,3,3,4,2,1,3,4,4,3,4,2,4,2,2,3,2,2,1,2,3,2,3,2,2,1,3,2,3,4,1,3,4,1,3,3,2,2,3,3,1,4,1,1,3,1,3,4,1,4,1,4,2,1,2,1,1,1,3,1,1,3,1,3,3,1,2,2,1,1,4,1,2,4,4,3,2,1,1,4,1,4,3,4,1,4,1,1,1,2,3,4,1,1,2,3,2,1,3,3,1,4,3,3,3,4,2,1,2,2,4,2,1,1,4,3,1,4,4,2,4,3,2,1,1,1,2,1,1,3,3,3,3,1,1,4,2,1,2,1,1,3,3,3,3,1,3,3,2,2,4,2,2,2,2,1,4,3,3,3,3,1,3,4,1,1,2,4,2,1,3,2,3,4,1,3,1,2,3,4,1,2,2,2,1,2,4,4,1,2,2,2,2,4,3,3,2,1,4,2,2,3,2,3,2,3,2,1,1,1,4,4,1,1,2,1,3,4,2,2,4,1,1,3,3,1,1,2,2,1,4,2,4,2,3,2,4,4,1,4,3,1,2,2,1,1,3,2,1,2,2,4,2,4,2,3,1,1,2,2,2,1,4,1,3,1,4,3,3,3,4,4,2,1,4,4,2,3,4,4,1,1,1,4,1,3,4,2,4,2,2,4,4,2,3,1,4,2,2,1,1,2,4,2,2,1,1,4,4,1,1,3,4,1,4,1,2,4,3,2,3,3,1,1,2,1,4,2,1,2,1,3,3,4,4,4,2,3,4,1,1,1,4,2,1,4,4,1,1,3,3,3,3,2,2,1,1,4,2,2,2,2,3,1,1,4,2,4,2,1,1,2,2,4,1,3,4,3,3,1,4,3,2,4,3,3,4,1,3,1,1,2,1,4,4,2,3,3,1,3,1,2,3,4,3,2,1,1,4,2,1,3,1,2,2,2,2,2,3,2,4,4,2,4,3,1,1,2,1,3,1,1,1,1,1,1,3,1,1,1,3,3,3,2,4,2,2,1,2,4,3,4,1,3,3,3,3,2,1,2,3,1,3,3,1,1,1,2,4,2,1,4,3,2,1,2,1,3,1,1,3,2,1,3,2,2,2,3,4,1,1,4,2,2,2,3,1,3,4,4,2,4,2,1,2,3,4,3,3,1,3,2,2,2,2,3,3,3,4,1,3,4,1,4,1,1,2,4,3,1,1,2,3,1,1,4,1,3,1,1,1,2,2,4,1,2,1,4,4,4,3,2,2,4,4,3,4,4,3"
147,0.9877030496613249,0.43137254901960786,2253.0,"2,1,2,4,1,1,1,2,2,1,3,4,2,1,1,1,1,4,3,4,4,2,1,4,3,4,4,1,2,2,1,4,4,2,1,4,2,4,1,4,4,3,1,3,4,3,3,1,2,2,1,2,3,2,1,2,1,4,3,3,1,2,4,2,3,4,1,1,2,1,2,2,2,1,1,2,2,1,2,3,2,4,3,1,1,3,1,1,1,1,1,1,3,4,2,1,2,3,2,1,1,3,2,4,3,4,2,1,2,4,2,2,2,2,4,3,1,2,4,1,3,1,4,2,1,4,2,4,1,2,4,2,2,1,3,3,3,4,4,2,2,4,3,1,2,2,3,3,2,3,3,3,4,4,1,4,1,1,1,3,4,2,2,1,2,4,4,4,3,4,2,4,3,2,1,4,3,4,2,2,2,3,4,4,3,3,3,2,3,2,1,2,2,3,2,2,4,2,3,2,2,4,1,4,2,4,3,1,3,2,4,2,4,2,3,1,3,1,2,1,1,1,4,2,4,1,2,2,2,3,1,1,2,3,1,4,3,4,1,1,1,1,2,2,2,1,2,3,4,1,3,1,4,2,3,3,1,4,4,4,4,2,2,4,2,2,4,2,2,4,4,1,1,3,4,3,1,2,3,1,1,4,3,1,1,4,1,2,3,4,4,2,3,2,2,2,2,1,1,1,4,2,2,3,4,4,3,1,1,1,4,1,2,3,1,1,2,3,2,4,1,3,3,3,4,2,1,2,3,1,3,3,1,1,1,3,4,3,2,3,1,2,3,3,4,2,2,4,3,4,2,4,1,1,4,3,2,4,3,3,2,1,3,2,2,3,3,2,1,3,3,2,3,4,2,4,4,3,2,4,2,2,1,1,1,3,2,4,2,1,1,2,1,2,2,2,2,1,3,4,2,2,2,1,4,2,3,4,2,1,3,4,4,4,3,2,4,2,2,2,4,3,1,1,1,1,3,1,1,3,4,3,1,1,2,1,2,2,4,1,1,2,4,4,1,2,3,2,1,1,2,3,2,4,1,1,1,4,3,1,2,3,1,2,3,4,2,2,3,1,2,3,1,1,2,4,2,3,1,4,3,1,4,1,3,1,2,1,1,1,1,4,4,3,1,1,2,4,1,1,2,1,1,2,2,2,2,3,3,3,1,3,1,3,2,3,1,1,2,2,4,4,1,2,4,1,1,2,1,2,1,4,4,2,3,3,1,4,2,3,2,2,3,3,1,1,3,2,2,3,4,1,2,2,1,2,1,1,1,2,4,3,2,3,3,4,4,2,4,3,3,1,3,3,1,4,3,4,1,1,1,4,4,2,1,4,2,2,1,1,4,1,3,2,2,2,3,4,1,1,2,2,1,4,4,3,4,3,3,2,1,3,4,1,2,3,3,3,4,2,3,2,1,1,3,1,1,3,2,2,2,1,1,1,4,2,2,4,1,3,4,1,3,3,4,1,1,3,3,1,1,4,2,2,1,3,1,3,3,4,3,4,2,3,1,2,2,1,2,2,1,2,2,4,1,2,1,3,4,3,1,1,3,3,1,4,1,3,1,1,1,2,3,3,2,2,1,2,3,3,4,1,4,3,4,2,1,2,4,3,3,1,1,1,2,1,2,3,4,4,2,4,2,2,3,2,3,3,2,2,2,3,2,3,4,2,1,3,3,1,3,2,1,3,1,1,3,2,3,4,3,2,4,3,1,4,2,4,1,1,2,2,2,2,2,1,1,1,1,3,1,4,1,4,2,3,1,2,2,4,1,3,2,3,1,3,2,2,2,2,4,2,4,3,1,4,1,3,3,3,3,2,1,2,4,4,2,2,1,3,4,1,3,4,1,2,2,3,3,2,2,3,3,3,4,3,2,2,2,1,3,1,3,1,3,4,1,3,3,2,2,3,1,2,2,1,1,3,3,1,2,2,1,1,2,1,3,1,1,2,1,2,3,4,3,1,4,3,2,4,4,3,2,3,2,1,1,2,1,3,2,4,4,3,3,3,3,4,1,1,3,2,2,2,1,1,1,4,2,3,1,2,2,3,1,1,1,3,1,3,2,2,1,2,1,1,2,1,1,4,1,2,4,4,2,1,2,2,4,2,4,4,4,4,1,3,2,1,1,1,2,3,1,2,3,1,3,4,3,3,4,3,1,2,1,3,3,3,1,4,4,4,1,1,1,1,1,4,2,4,2,3,4,4,1,1,1,1,3,4,3,1,1,3,1,1,2,1,2,3,4,2,4,1,1,1,2,4,3,1,2,3,1,1,2,2,1,4,1,2,2,2,4,3,4,2,4,1,4,1,4,1,4,3,1,1,4,4,1,4,2,4,3,1,3,3,2,2,3,1,3,4,1,1,4,1,2,1,1,1,1,3,3,3,2,4,4,2,1,2,1,1,2,1,3,3,3,3,2,3,1,2,2,3,4,4,3,3,1,1,3,3,4,3,4,3,1,4,4,4,3,2,4,1,3,4,3,2,2,3,3,3,4,3,1,2,4,4,2,2,1,1,1,4,1,1,1,3,3,4,2,1,3,3,4,2,1,3,4,4,3,4,2,4,2,2,3,2,2,1,2,3,2,3,2,2,1,3,2,3,4,1,3,4,1,3,3,2,2,3,3,1,4,1,1,3,1,3,4,1,4,1,4,2,1,2,1,1,1,3,1,1,3,1,3,3,1,2,2,1,1,4,1,2,4,4,3,2,1,1,4,1,4,3,4,1,4,1,1,1,2,3,4,1,1,2,3,2,1,3,3,1,4,3,3,3,4,2,1,2,2,4,2,1,1,4,3,1,4,4,2,4,3,2,1,1,1,2,1,1,3,3,3,3,1,1,4,2,1,2,1,1,3,3,3,3,1,3,3,2,2,4,2,2,2,2,1,4,3,3,3,3,1,3,4,1,1,2,4,2,1,3,2,3,4,1,3,1,2,3,4,1,2,2,2,1,2,4,4,1,2,2,2,2,4,3,3,2,1,4,2,2,3,2,3,2,3,2,1,1,1,4,4,1,1,2,1,3,4,2,2,4,1,1,3,3,1,1,2,2,1,4,2,4,2,3,2,4,4,1,4,3,1,2,2,1,1,3,2,1,2,2,4,2,4,2,3,1,1,2,2,2,1,4,1,3,1,4,3,3,3,4,4,2,1,4,4,2,3,4,4,1,1,1,4,1,3,4,2,4,2,2,4,4,2,3,1,4,2,2,1,1,2,4,2,2,1,1,4,4,1,1,3,4,1,4,1,2,4,3,2,3,3,1,1,2,1,4,2,1,2,1,3,3,4,4,4,2,3,4,1,1,1,4,2,1,4,4,1,1,3,3,3,3,2,2,1,1,4,2,2,2,2,3,1,1,4,2,4,2,1,1,2,2,4,1,3,4,3,3,1,4,3,2,4,3,3,4,1,3,1,1,2,1,4,4,2,3,3,1,3,1,2,3,4,3,2,1,1,4,2,1,3,1,2,2,2,2,2,3,2,4,4,2,4,3,1,1,2,1,3,1,1,1,1,1,1,3,1,1,1,3,3,3,2,4,2,2,1,2,4,3,4,1,3,3,3,3,2,1,2,3,1,3,3,1,1,1,2,4,2,1,4,3,2,1,2,1,3,1,1,3,2,1,3,2,2,2,3,4,1,1,4,2,2,2,3,1,3,4,4,2,4,2,1,2,3,4,3,3,1,3,2,2,2,2,3,3,3,4,1,3,4,1,4,1,1,2,4,3,1,1,2,3,1,1,4,1,3,1,1,1,2,2,4,1,2,1,4,4,4,3,2,2,4,4,3,4,4,3"
148,0.9877030496613249,0.43137254901960786,2253.0,"2,1,2,4,1,1,1,2,2,1,3,4,2,1,1,1,1,4,3,4,4,2,1,4,3,4,4,1,2,2,1,4,4,2,1,4,2,4,1,4,4,3,1,3,4,3,3,1,2,2,1,2,3,2,1,2,1,4,3,3,1,2,4,2,3,4,1,1,2,1,2,2,2,1,1,2,2,1,2,3,2,4,3,1,1,3,1,1,1,1,1,1,3,4,2,1,2,3,2,1,1,3,2,4,3,4,2,1,2,4,2,2,2,2,4,3,1,2,4,1,3,1,4,2,1,4,2,4,1,2,4,2,2,1,3,3,3,4,4,2,2,4,3,1,2,2,3,3,2,3,3,3,4,4,1,4,1,1,1,3,4,2,2,1,2,4,4,4,3,4,2,4,3,2,1,4,3,4,2,2,2,3,4,4,3,3,3,2,3,2,1,2,2,3,2,2,4,2,3,2,2,4,1,4,2,4,3,1,3,2,4,2,4,2,3,1,3,1,2,1,1,1,4,2,4,1,2,2,2,3,1,1,2,3,1,4,3,4,1,1,1,1,2,2,2,1,2,3,4,1,3,1,4,2,3,3,1,4,4,4,4,2,2,4,2,2,4,2,2,4,4,1,1,3,4,3,1,2,3,1,1,4,3,1,1,4,1,2,3,4,4,2,3,2,2,2,2,1,1,1,4,2,2,3,4,4,3,1,1,1,4,1,2,3,1,1,2,3,2,4,1,3,3,3,4,2,1,2,3,1,3,3,1,1,1,3,4,3,2,3,1,2,3,3,4,2,2,4,3,4,2,4,1,1,4,3,2,4,3,3,2,1,3,2,2,3,3,2,1,3,3,2,3,4,2,4,4,3,2,4,2,2,1,1,1,3,2,4,2,1,1,2,1,2,2,2,2,1,3,4,2,2,2,1,4,2,3,4,2,1,3,4,4,4,3,2,4,2,2,2,4,3,1,1,1,1,3,1,1,3,4,3,1,1,2,1,2,2,4,1,1,2,4,4,1,2,3,2,1,1,2,3,2,4,1,1,1,4,3,1,2,3,1,2,3,4,2,2,3,1,2,3,1,1,2,4,2,3,1,4,3,1,4,1,3,1,2,1,1,1,1,4,4,3,1,1,2,4,1,1,2,1,1,2,2,2,2,3,3,3,1,3,1,3,2,3,1,1,2,2,4,4,1,2,4,1,1,2,1,2,1,4,4,2,3,3,1,4,2,3,2,2,3,3,1,1,3,2,2,3,4,1,2,2,1,2,1,1,1,2,4,3,2,3,3,4,4,2,4,3,3,1,3,3,1,4,3,4,1,1,1,4,4,2,1,4,2,2,1,1,4,1,3,2,2,2,3,4,1,1,2,2,1,4,4,3,4,3,3,2,1,3,4,1,2,3,3,3,4,2,3,2,1,1,3,1,1,3,2,2,2,1,1,1,4,2,2,4,1,3,4,1,3,3,4,1,1,3,3,1,1,4,2,2,1,3,1,3,3,4,3,4,2,3,1,2,2,1,2,2,1,2,2,4,1,2,1,3,4,3,1,1,3,3,1,4,1,3,1,1,1,2,3,3,2,2,1,2,3,3,4,1,4,3,4,2,1,2,4,3,3,1,1,1,2,1,2,3,4,4,2,4,2,2,3,2,3,3,2,2,2,3,2,3,4,2,1,3,3,1,3,2,1,3,1,1,3,2,3,4,3,2,4,3,1,4,2,4,1,1,2,2,2,2,2,1,1,1,1,3,1,4,1,4,2,3,1,2,2,4,1,3,2,3,1,3,2,2,2,2,4,2,4,3,1,4,1,3,3,3,3,2,1,2,4,4,2,2,1,3,4,1,3,4,1,2,2,3,3,2,2,3,3,3,4,3,2,2,2,1,3,1,3,1,3,4,1,3,3,2,2,3,1,2,2,1,1,3,3,1,2,2,1,1,2,1,3,1,1,2,1,2,3,4,3,1,4,3,2,4,4,3,2,3,2,1,1,2,1,3,2,4,4,3,3,3,3,4,1,1,3,2,2,2,1,1,1,4,2,3,1,2,2,3,1,1,1,3,1,3,2,2,1,2,1,1,2,1,1,4,1,2,4,4,2,1,2,2,4,2,4,4,4,4,1,3,2,1,1,1,2,3,1,2,3,1,3,4,3,3,4,3,1,2,1,3,3,3,1,4,4,4,1,1,1,1,1,4,2,4,2,3,4,4,1,1,1,1,3,4,3,1,1,3,1,1,2,1,2,3,4,2,4,1,1,1,2,4,3,1,2,3,1,1,2,2,1,4,1,2,2,2,4,3,4,2,4,1,4,1,4,1,4,3,1,1,4,4,1,4,2,4,3,1,3,3,2,2,3,1,3,4,1,1,4,1,2,1,1,1,1,3,3,3,2,4,4,2,1,2,1,1,2,1,3,3,3,3,2,3,1,2,2,3,4,4,3,3,1,1,3,3,4,3,4,3,1,4,4,4,3,2,4,1,3,4,3,2,2,3,3,3,4,3,1,2,4,4,2,2,1,1,1,4,1,1,1,3,3,4,2,1,3,3,4,2,1,3,4,4,3,4,2,4,2,2,3,2,2,1,2,3,2,3,2,2,1,3,2,3,4,1,3,4,1,3,3,2,2,3,3,1,4,1,1,3,1,3,4,1,4,1,4,2,1,2,1,1,1,3,1,1,3,1,3,3,1,2,2,1,1,4,1,2,4,4,3,2,1,1,4,1,4,3,4,1,4,1,1,1,2,3,4,1,1,2,3,2,1,3,3,1,4,3,3,3,4,2,1,2,2,4,2,1,1,4,3,1,4,4,2,4,3,2,1,1,1,2,1,1,3,3,3,3,1,1,4,2,1,2,1,1,3,3,3,3,1,3,3,2,2,4,2,2,2,2,1,4,3,3,3,3,1,3,4,1,1,2,4,2,1,3,2,3,4,1,3,1,2,3,4,1,2,2,2,1,2,4,4,1,2,2,2,2,4,3,3,2,1,4,2,2,3,2,3,2,3,2,1,1,1,4,4,1,1,2,1,3,4,2,2,4,1,1,3,3,1,1,2,2,1,4,2,4,2,3,2,4,4,1,4,3,1,2,2,1,1,3,2,1,2,2,4,2,4,2,3,1,1,2,2,2,1,4,1,3,1,4,3,3,3,4,4,2,1,4,4,2,3,4,4,1,1,1,4,1,3,4,2,4,2,2,4,4,2,3,1,4,2,2,1,1,2,4,2,2,1,1,4,4,1,1,3,4,1,4,1,2,4,3,2,3,3,1,1,2,1,4,2,1,2,1,3,3,4,4,4,2,3,4,1,1,1,4,2,1,4,4,1,1,3,3,3,3,2,2,1,1,4,2,2,2,2,3,1,1,4,2,4,2,1,1,2,2,4,1,3,4,3,3,1,4,3,2,4,3,3,4,1,3,1,1,2,1,4,4,2,3,3,1,3,1,2,3,4,3,2,1,1,4,2,1,3,1,2,2,2,2,2,3,2,4,4,2,4,3,1,1,2,1,3,1,1,1,1,1,1,3,1,1,1,3,3,3,2,4,2,2,1,2,4,3,4,1,3,3,3,3,2,1,2,3,1,3,3,1,1,1,2,4,2,1,4,3,2,1,2,1,3,1,1,3,2,1,3,2,2,2,3,4,1,1,4,2,2,2,3,1,3,4,4,2,4,2,1,2,3,4,3,3,1,3,2,2,2,2,3,3,3,4,1,3,4,1,4,1,1,2,4,3,1,1,2,3,1,1,4,1,3,1,1,1,2,2,4,1,2,1,4,4,4,3,2,2,4,4,3,4,4,3"
149,0.9877030496613249,0.43137254901960786,2253.0,"2,1,2,4,1,1,1,2,2,1,3,4,2,1,1,1,1,4,3,4,4,2,1,4,3,4,4,1,2,2,1,4,4,2,1,4,2,4,1,4,4,3,1,3,4,3,3,1,2,2,1,2,3,2,1,2,1,4,3,3,1,2,4,2,3,4,1,1,2,1,2,2,2,1,1,2,2,1,2,3,2,4,3,1,1,3,1,1,1,1,1,1,3,4,2,1,2,3,2,1,1,3,2,4,3,4,2,1,2,4,2,2,2,2,4,3,1,2,4,1,3,1,4,2,1,4,2,4,1,2,4,2,2,1,3,3,3,4,4,2,2,4,3,1,2,2,3,3,2,3,3,3,4,4,1,4,1,1,1,3,4,2,2,1,2,4,4,4,3,4,2,4,3,2,1,4,3,4,2,2,2,3,4,4,3,3,3,2,3,2,1,2,2,3,2,2,4,2,3,2,2,4,1,4,2,4,3,1,3,2,4,2,4,2,3,1,3,1,2,1,1,1,4,2,4,1,2,2,2,3,1,1,2,3,1,4,3,4,1,1,1,1,2,2,2,1,2,3,4,1,3,1,4,2,3,3,1,4,4,4,4,2,2,4,2,2,4,2,2,4,4,1,1,3,4,3,1,2,3,1,1,4,3,1,1,4,1,2,3,4,4,2,3,2,2,2,2,1,1,1,4,2,2,3,4,4,3,1,1,1,4,1,2,3,1,1,2,3,2,4,1,3,3,3,4,2,1,2,3,1,3,3,1,1,1,3,4,3,2,3,1,2,3,3,4,2,2,4,3,4,2,4,1,1,4,3,2,4,3,3,2,1,3,2,2,3,3,2,1,3,3,2,3,4,2,4,4,3,2,4,2,2,1,1,1,3,2,4,2,1,1,2,1,2,2,2,2,1,3,4,2,2,2,1,4,2,3,4,2,1,3,4,4,4,3,2,4,2,2,2,4,3,1,1,1,1,3,1,1,3,4,3,1,1,2,1,2,2,4,1,1,2,4,4,1,2,3,2,1,1,2,3,2,4,1,1,1,4,3,1,2,3,1,2,3,4,2,2,3,1,2,3,1,1,2,4,2,3,1,4,3,1,4,1,3,1,2,1,1,1,1,4,4,3,1,1,2,4,1,1,2,1,1,2,2,2,2,3,3,3,1,3,1,3,2,3,1,1,2,2,4,4,1,2,4,1,1,2,1,2,1,4,4,2,3,3,1,4,2,3,2,2,3,3,1,1,3,2,2,3,4,1,2,2,1,2,1,1,1,2,4,3,2,3,3,4,4,2,4,3,3,1,3,3,1,4,3,4,1,1,1,4,4,2,1,4,2,2,1,1,4,1,3,2,2,2,3,4,1,1,2,2,1,4,4,3,4,3,3,2,1,3,4,1,2,3,3,3,4,2,3,2,1,1,3,1,1,3,2,2,2,1,1,1,4,2,2,4,1,3,4,1,3,3,4,1,1,3,3,1,1,4,2,2,1,3,1,3,3,4,3,4,2,3,1,2,2,1,2,2,1,2,2,4,1,2,1,3,4,3,1,1,3,3,1,4,1,3,1,1,1,2,3,3,2,2,1,2,3,3,4,1,4,3,4,2,1,2,4,3,3,1,1,1,2,1,2,3,4,4,2,4,2,2,3,2,3,3,2,2,2,3,2,3,4,2,1,3,3,1,3,2,1,3,1,1,3,2,3,4,3,2,4,3,1,4,2,4,1,1,2,2,2,2,2,1,1,1,1,3,1,4,1,4,2,3,1,2,2,4,1,3,2,3,1,3,2,2,2,2,4,2,4,3,1,4,1,3,3,3,3,2,1,2,4,4,2,2,1,3,4,1,3,4,1,2,2,3,3,2,2,3,3,3,4,3,2,2,2,1,3,1,3,1,3,4,1,3,3,2,2,3,1,2,2,1,1,3,3,1,2,2,1,1,2,1,3,1,1,2,1,2,3,4,3,1,4,3,2,4,4,3,2,3,2,1,1,2,1,3,2,4,4,3,3,3,3,4,1,1,3,2,2,2,1,1,1,4,2,3,1,2,2,3,1,1,1,3,1,3,2,2,1,2,1,1,2,1,1,4,1,2,4,4,2,1,2,2,4,2,4,4,4,4,1,3,2,1,1,1,2,3,1,2,3,1,3,4,3,3,4,3,1,2,1,3,3,3,1,4,4,4,1,1,1,1,1,4,2,4,2,3,4,4,1,1,1,1,3,4,3,1,1,3,1,1,2,1,2,3,4,2,4,1,1,1,2,4,3,1,2,3,1,1,2,2,1,4,1,2,2,2,4,3,4,2,4,1,4,1,4,1,4,3,1,1,4,4,1,4,2,4,3,1,3,3,2,2,3,1,3,4,1,1,4,1,2,1,1,1,1,3,3,3,2,4,4,2,1,2,1,1,2,1,3,3,3,3,2,3,1,2,2,3,4,4,3,3,1,1,3,3,4,3,4,3,1,4,4,4,3,2,4,1,3,4,3,2,2,3,3,3,4,3,1,2,4,4,2,2,1,1,1,4,1,1,1,3,3,4,2,1,3,3,4,2,1,3,4,4,3,4,2,4,2,2,3,2,2,1,2,3,2,3,2,2,1,3,2,3,4,1,3,4,1,3,3,2,2,3,3,1,4,1,1,3,1,3,4,1,4,1,4,2,1,2,1,1,1,3,1,1,3,1,3,3,1,2,2,1,1,4,1,2,4,4,3,2,1,1,4,1,4,3,4,1,4,1,1,1,2,3,4,1,1,2,3,2,1,3,3,1,4,3,3,3,4,2,1,2,2,4,2,1,1,4,3,1,4,4,2,4,3,2,1,1,1,2,1,1,3,3,3,3,1,1,4,2,1,2,1,1,3,3,3,3,1,3,3,2,2,4,2,2,2,2,1,4,3,3,3,3,1,3,4,1,1,2,4,2,1,3,2,3,4,1,3,1,2,3,4,1,2,2,2,1,2,4,4,1,2,2,2,2,4,3,3,2,1,4,2,2,3,2,3,2,3,2,1,1,1,4,4,1,1,2,1,3,4,2,2,4,1,1,3,3,1,1,2,2,1,4,2,4,2,3,2,4,4,1,4,3,1,2,2,1,1,3,2,1,2,2,4,2,4,2,3,1,1,2,2,2,1,4,1,3,1,4,3,3,3,4,4,2,1,4,4,2,3,4,4,1,1,1,4,1,3,4,2,4,2,2,4,4,2,3,1,4,2,2,1,1,2,4,2,2,1,1,4,4,1,1,3,4,1,4,1,2,4,3,2,3,3,1,1,2,1,4,2,1,2,1,3,3,4,4,4,2,3,4,1,1,1,4,2,1,4,4,1,1,3,3,3,3,2,2,1,1,4,2,2,2,2,3,1,1,4,2,4,2,1,1,2,2,4,1,3,4,3,3,1,4,3,2,4,3,3,4,1,3,1,1,2,1,4,4,2,3,3,1,3,1,2,3,4,3,2,1,1,4,2,1,3,1,2,2,2,2,2,3,2,4,4,2,4,3,1,1,2,1,3,1,1,1,1,1,1,3,1,1,1,3,3,3,2,4,2,2,1,2,4,3,4,1,3,3,3,3,2,1,2,3,1,3,3,1,1,1,2,4,2,1,4,3,2,1,2,1,3,1,1,3,2,1,3,2,2,2,3,4,1,1,4,2,2,2,3,1,3,4,4,2,4,2,1,2,3,4,3,3,1,3,2,2,2,2,3,3,3,4,1,3,4,1,4,1,1,2,4,3,1,1,2,3,1,1,4,1,3,1,1,1,2,2,4,1,2,1,4,4,4,3,2,2,4,4,3,4,4,3"
150,0.9877030496613249,0.43137254901960786,2253.0,"2,1,2,4,1,1,1,2,2,1,3,4,2,1,1,1,1,4,3,4,4,2,1,4,3,4,4,1,2,2,1,4,4,2,1,4,2,4,1,4,4,3,1,3,4,3,3,1,2,2,1,2,3,2,1,2,1,4,3,3,1,2,4,2,3,4,1,1,2,1,2,2,2,1,1,2,2,1,2,3,2,4,3,1,1,3,1,1,1,1,1,1,3,4,2,1,2,3,2,1,1,3,2,4,3,4,2,1,2,4,2,2,2,2,4,3,1,2,4,1,3,1,4,2,1,4,2,4,1,2,4,2,2,1,3,3,3,4,4,2,2,4,3,1,2,2,3,3,2,3,3,3,4,4,1,4,1,1,1,3,4,2,2,1,2,4,4,4,3,4,2,4,3,2,1,4,3,4,2,2,2,3,4,4,3,3,3,2,3,2,1,2,2,3,2,2,4,2,3,2,2,4,1,4,2,4,3,1,3,2,4,2,4,2,3,1,3,1,2,1,1,1,4,2,4,1,2,2,2,3,1,1,2,3,1,4,3,4,1,1,1,1,2,2,2,1,2,3,4,1,3,1,4,2,3,3,1,4,4,4,4,2,2,4,2,2,4,2,2,4,4,1,1,3,4,3,1,2,3,1,1,4,3,1,1,4,1,2,3,4,4,2,3,2,2,2,2,1,1,1,4,2,2,3,4,4,3,1,1,1,4,1,2,3,1,1,2,3,2,4,1,3,3,3,4,2,1,2,3,1,3,3,1,1,1,3,4,3,2,3,1,2,3,3,4,2,2,4,3,4,2,4,1,1,4,3,2,4,3,3,2,1,3,2,2,3,3,2,1,3,3,2,3,4,2,4,4,3,2,4,2,2,1,1,1,3,2,4,2,1,1,2,1,2,2,2,2,1,3,4,2,2,2,1,4,2,3,4,2,1,3,4,4,4,3,2,4,2,2,2,4,3,1,1,1,1,3,1,1,3,4,3,1,1,2,1,2,2,4,1,1,2,4,4,1,2,3,2,1,1,2,3,2,4,1,1,1,4,3,1,2,3,1,2,3,4,2,2,3,1,2,3,1,1,2,4,2,3,1,4,3,1,4,1,3,1,2,1,1,1,1,4,4,3,1,1,2,4,1,1,2,1,1,2,2,2,2,3,3,3,1,3,1,3,2,3,1,1,2,2,4,4,1,2,4,1,1,2,1,2,1,4,4,2,3,3,1,4,2,3,2,2,3,3,1,1,3,2,2,3,4,1,2,2,1,2,1,1,1,2,4,3,2,3,3,4,4,2,4,3,3,1,3,3,1,4,3,4,1,1,1,4,4,2,1,4,2,2,1,1,4,1,3,2,2,2,3,4,1,1,2,2,1,4,4,3,4,3,3,2,1,3,4,1,2,3,3,3,4,2,3,2,1,1,3,1,1,3,2,2,2,1,1,1,4,2,2,4,1,3,4,1,3,3,4,1,1,3,3,1,1,4,2,2,1,3,1,3,3,4,3,4,2,3,1,2,2,1,2,2,1,2,2,4,1,2,1,3,4,3,1,1,3,3,1,4,1,3,1,1,1,2,3,3,2,2,1,2,3,3,4,1,4,3,4,2,1,2,4,3,3,1,1,1,2,1,2,3,4,4,2,4,2,2,3,2,3,3,2,2,2,3,2,3,4,2,1,3,3,1,3,2,1,3,1,1,3,2,3,4,3,2,4,3,1,4,2,4,1,1,2,2,2,2,2,1,1,1,1,3,1,4,1,4,2,3,1,2,2,4,1,3,2,3,1,3,2,2,2,2,4,2,4,3,1,4,1,3,3,3,3,2,1,2,4,4,2,2,1,3,4,1,3,4,1,2,2,3,3,2,2,3,3,3,4,3,2,2,2,1,3,1,3,1,3,4,1,3,3,2,2,3,1,2,2,1,1,3,3,1,2,2,1,1,2,1,3,1,1,2,1,2,3,4,3,1,4,3,2,4,4,3,2,3,2,1,1,2,1,3,2,4,4,3,3,3,3,4,1,1,3,2,2,2,1,1,1,4,2,3,1,2,2,3,1,1,1,3,1,3,2,2,1,2,1,1,2,1,1,4,1,2,4,4,2,1,2,2,4,2,4,4,4,4,1,3,2,1,1,1,2,3,1,2,3,1,3,4,3,3,4,3,1,2,1,3,3,3,1,4,4,4,1,1,1,1,1,4,2,4,2,3,4,4,1,1,1,1,3,4,3,1,1,3,1,1,2,1,2,3,4,2,4,1,1,1,2,4,3,1,2,3,1,1,2,2,1,4,1,2,2,2,4,3,4,2,4,1,4,1,4,1,4,3,1,1,4,4,1,4,2,4,3,1,3,3,2,2,3,1,3,4,1,1,4,1,2,1,1,1,1,3,3,3,2,4,4,2,1,2,1,1,2,1,3,3,3,3,2,3,1,2,2,3,4,4,3,3,1,1,3,3,4,3,4,3,1,4,4,4,3,2,4,1,3,4,3,2,2,3,3,3,4,3,1,2,4,4,2,2,1,1,1,4,1,1,1,3,3,4,2,1,3,3,4,2,1,3,4,4,3,4,2,4,2,2,3,2,2,1,2,3,2,3,2,2,1,3,2,3,4,1,3,4,1,3,3,2,2,3,3,1,4,1,1,3,1,3,4,1,4,1,4,2,1,2,1,1,1,3,1,1,3,1,3,3,1,2,2,1,1,4,1,2,4,4,3,2,1,1,4,1,4,3,4,1,4,1,1,1,2,3,4,1,1,2,3,2,1,3,3,1,4,3,3,3,4,2,1,2,2,4,2,1,1,4,3,1,4,4,2,4,3,2,1,1,1,2,1,1,3,3,3,3,1,1,4,2,1,2,1,1,3,3,3,3,1,3,3,2,2,4,2,2,2,2,1,4,3,3,3,3,1,3,4,1,1,2,4,2,1,3,2,3,4,1,3,1,2,3,4,1,2,2,2,1,2,4,4,1,2,2,2,2,4,3,3,2,1,4,2,2,3,2,3,2,3,2,1,1,1,4,4,1,1,2,1,3,4,2,2,4,1,1,3,3,1,1,2,2,1,4,2,4,2,3,2,4,4,1,4,3,1,2,2,1,1,3,2,1,2,2,4,2,4,2,3,1,1,2,2,2,1,4,1,3,1,4,3,3,3,4,4,2,1,4,4,2,3,4,4,1,1,1,4,1,3,4,2,4,2,2,4,4,2,3,1,4,2,2,1,1,2,4,2,2,1,1,4,4,1,1,3,4,1,4,1,2,4,3,2,3,3,1,1,2,1,4,2,1,2,1,3,3,4,4,4,2,3,4,1,1,1,4,2,1,4,4,1,1,3,3,3,3,2,2,1,1,4,2,2,2,2,3,1,1,4,2,4,2,1,1,2,2,4,1,3,4,3,3,1,4,3,2,4,3,3,4,1,3,1,1,2,1,4,4,2,3,3,1,3,1,2,3,4,3,2,1,1,4,2,1,3,1,2,2,2,2,2,3,2,4,4,2,4,3,1,1,2,1,3,1,1,1,1,1,1,3,1,1,1,3,3,3,2,4,2,2,1,2,4,3,4,1,3,3,3,3,2,1,2,3,1,3,3,1,1,1,2,4,2,1,4,3,2,1,2,1,3,1,1,3,2,1,3,2,2,2,3,4,1,1,4,2,2,2,3,1,3,4,4,2,4,2,1,2,3,4,3,3,1,3,2,2,2,2,3,3,3,4,1,3,4,1,4,1,1,2,4,3,1,1,2,3,1,1,4,1,3,1,1,1,2,2,4,1,2,1,4,4,4,3,2,2,4,4,3,4,4,3"
151,0.9877030496613249,0.43137254901960786,2253.0,"2,1,2,4,1,1,1,2,2,1,3,4,2,1,1,1,1,4,3,4,4,2,1,4,3,4,4,1,2,2,1,4,4,2,1,4,2,4,1,4,4,3,1,3,4,3,3,1,2,2,1,2,3,2,1,2,1,4,3,3,1,2,4,2,3,4,1,1,2,1,2,2,2,1,1,2,2,1,2,3,2,4,3,1,1,3,1,1,1,1,1,1,3,4,2,1,2,3,2,1,1,3,2,4,3,4,2,1,2,4,2,2,2,2,4,3,1,2,4,1,3,1,4,2,1,4,2,4,1,2,4,2,2,1,3,3,3,4,4,2,2,4,3,1,2,2,3,3,2,3,3,3,4,4,1,4,1,1,1,3,4,2,2,1,2,4,4,4,3,4,2,4,3,2,1,4,3,4,2,2,2,3,4,4,3,3,3,2,3,2,1,2,2,3,2,2,4,2,3,2,2,4,1,4,2,4,3,1,3,2,4,2,4,2,3,1,3,1,2,1,1,1,4,2,4,1,2,2,2,3,1,1,2,3,1,4,3,4,1,1,1,1,2,2,2,1,2,3,4,1,3,1,4,2,3,3,1,4,4,4,4,2,2,4,2,2,4,2,2,4,4,1,1,3,4,3,1,2,3,1,1,4,3,1,1,4,1,2,3,4,4,2,3,2,2,2,2,1,1,1,4,2,2,3,4,4,3,1,1,1,4,1,2,3,1,1,2,3,2,4,1,3,3,3,4,2,1,2,3,1,3,3,1,1,1,3,4,3,2,3,1,2,3,3,4,2,2,4,3,4,2,4,1,1,4,3,2,4,3,3,2,1,3,2,2,3,3,2,1,3,3,2,3,4,2,4,4,3,2,4,2,2,1,1,1,3,2,4,2,1,1,2,1,2,2,2,2,1,3,4,2,2,2,1,4,2,3,4,2,1,3,4,4,4,3,2,4,2,2,2,4,3,1,1,1,1,3,1,1,3,4,3,1,1,2,1,2,2,4,1,1,2,4,4,1,2,3,2,1,1,2,3,2,4,1,1,1,4,3,1,2,3,1,2,3,4,2,2,3,1,2,3,1,1,2,4,2,3,1,4,3,1,4,1,3,1,2,1,1,1,1,4,4,3,1,1,2,4,1,1,2,1,1,2,2,2,2,3,3,3,1,3,1,3,2,3,1,1,2,2,4,4,1,2,4,1,1,2,1,2,1,4,4,2,3,3,1,4,2,3,2,2,3,3,1,1,3,2,2,3,4,1,2,2,1,2,1,1,1,2,4,3,2,3,3,4,4,2,4,3,3,1,3,3,1,4,3,4,1,1,1,4,4,2,1,4,2,2,1,1,4,1,3,2,2,2,3,4,1,1,2,2,1,4,4,3,4,3,3,2,1,3,4,1,2,3,3,3,4,2,3,2,1,1,3,1,1,3,2,2,2,1,1,1,4,2,2,4,1,3,4,1,3,3,4,1,1,3,3,1,1,4,2,2,1,3,1,3,3,4,3,4,2,3,1,2,2,1,2,2,1,2,2,4,1,2,1,3,4,3,1,1,3,3,1,4,1,3,1,1,1,2,3,3,2,2,1,2,3,3,4,1,4,3,4,2,1,2,4,3,3,1,1,1,2,1,2,3,4,4,2,4,2,2,3,2,3,3,2,2,2,3,2,3,4,2,1,3,3,1,3,2,1,3,1,1,3,2,3,4,3,2,4,3,1,4,2,4,1,1,2,2,2,2,2,1,1,1,1,3,1,4,1,4,2,3,1,2,2,4,1,3,2,3,1,3,2,2,2,2,4,2,4,3,1,4,1,3,3,3,3,2,1,2,4,4,2,2,1,3,4,1,3,4,1,2,2,3,3,2,2,3,3,3,4,3,2,2,2,1,3,1,3,1,3,4,1,3,3,2,2,3,1,2,2,1,1,3,3,1,2,2,1,1,2,1,3,1,1,2,1,2,3,4,3,1,4,3,2,4,4,3,2,3,2,1,1,2,1,3,2,4,4,3,3,3,3,4,1,1,3,2,2,2,1,1,1,4,2,3,1,2,2,3,1,1,1,3,1,3,2,2,1,2,1,1,2,1,1,4,1,2,4,4,2,1,2,2,4,2,4,4,4,4,1,3,2,1,1,1,2,3,1,2,3,1,3,4,3,3,4,3,1,2,1,3,3,3,1,4,4,4,1,1,1,1,1,4,2,4,2,3,4,4,1,1,1,1,3,4,3,1,1,3,1,1,2,1,2,3,4,2,4,1,1,1,2,4,3,1,2,3,1,1,2,2,1,4,1,2,2,2,4,3,4,2,4,1,4,1,4,1,4,3,1,1,4,4,1,4,2,4,3,1,3,3,2,2,3,1,3,4,1,1,4,1,2,1,1,1,1,3,3,3,2,4,4,2,1,2,1,1,2,1,3,3,3,3,2,3,1,2,2,3,4,4,3,3,1,1,3,3,4,3,4,3,1,4,4,4,3,2,4,1,3,4,3,2,2,3,3,3,4,3,1,2,4,4,2,2,1,1,1,4,1,1,1,3,3,4,2,1,3,3,4,2,1,3,4,4,3,4,2,4,2,2,3,2,2,1,2,3,2,3,2,2,1,3,2,3,4,1,3,4,1,3,3,2,2,3,3,1,4,1,1,3,1,3,4,1,4,1,4,2,1,2,1,1,1,3,1,1,3,1,3,3,1,2,2,1,1,4,1,2,4,4,3,2,1,1,4,1,4,3,4,1,4,1,1,1,2,3,4,1,1,2,3,2,1,3,3,1,4,3,3,3,4,2,1,2,2,4,2,1,1,4,3,1,4,4,2,4,3,2,1,1,1,2,1,1,3,3,3,3,1,1,4,2,1,2,1,1,3,3,3,3,1,3,3,2,2,4,2,2,2,2,1,4,3,3,3,3,1,3,4,1,1,2,4,2,1,3,2,3,4,1,3,1,2,3,4,1,2,2,2,1,2,4,4,1,2,2,2,2,4,3,3,2,1,4,2,2,3,2,3,2,3,2,1,1,1,4,4,1,1,2,1,3,4,2,2,4,1,1,3,3,1,1,2,2,1,4,2,4,2,3,2,4,4,1,4,3,1,2,2,1,1,3,2,1,2,2,4,2,4,2,3,1,1,2,2,2,1,4,1,3,1,4,3,3,3,4,4,2,1,4,4,2,3,4,4,1,1,1,4,1,3,4,2,4,2,2,4,4,2,3,1,4,2,2,1,1,2,4,2,2,1,1,4,4,1,1,3,4,1,4,1,2,4,3,2,3,3,1,1,2,1,4,2,1,2,1,3,3,4,4,4,2,3,4,1,1,1,4,2,1,4,4,1,1,3,3,3,3,2,2,1,1,4,2,2,2,2,3,1,1,4,2,4,2,1,1,2,2,4,1,3,4,3,3,1,4,3,2,4,3,3,4,1,3,1,1,2,1,4,4,2,3,3,1,3,1,2,3,4,3,2,1,1,4,2,1,3,1,2,2,2,2,2,3,2,4,4,2,4,3,1,1,2,1,3,1,1,1,1,1,1,3,1,1,1,3,3,3,2,4,2,2,1,2,4,3,4,1,3,3,3,3,2,1,2,3,1,3,3,1,1,1,2,4,2,1,4,3,2,1,2,1,3,1,1,3,2,1,3,2,2,2,3,4,1,1,4,2,2,2,3,1,3,4,4,2,4,2,1,2,3,4,3,3,1,3,2,2,2,2,3,3,3,4,1,3,4,1,4,1,1,2,4,3,1,1,2,3,1,1,4,1,3,1,1,1,2,2,4,1,2,1,4,4,4,3,2,2,4,4,3,4,4,3"
152,0.9877030496613249,0.43137254901960786,2253.0,"2,1,2,4,1,1,1,2,2,1,3,4,2,1,1,1,1,4,3,4,4,2,1,4,3,4,4,1,2,2,1,4,4,2,1,4,2,4,1,4,4,3,1,3,4,3,3,1,2,2,1,2,3,2,1,2,1,4,3,3,1,2,4,2,3,4,1,1,2,1,2,2,2,1,1,2,2,1,2,3,2,4,3,1,1,3,1,1,1,1,1,1,3,4,2,1,2,3,2,1,1,3,2,4,3,4,2,1,2,4,2,2,2,2,4,3,1,2,4,1,3,1,4,2,1,4,2,4,1,2,4,2,2,1,3,3,3,4,4,2,2,4,3,1,2,2,3,3,2,3,3,3,4,4,1,4,1,1,1,3,4,2,2,1,2,4,4,4,3,4,2,4,3,2,1,4,3,4,2,2,2,3,4,4,3,3,3,2,3,2,1,2,2,3,2,2,4,2,3,2,2,4,1,4,2,4,3,1,3,2,4,2,4,2,3,1,3,1,2,1,1,1,4,2,4,1,2,2,2,3,1,1,2,3,1,4,3,4,1,1,1,1,2,2,2,1,2,3,4,1,3,1,4,2,3,3,1,4,4,4,4,2,2,4,2,2,4,2,2,4,4,1,1,3,4,3,1,2,3,1,1,4,3,1,1,4,1,2,3,4,4,2,3,2,2,2,2,1,1,1,4,2,2,3,4,4,3,1,1,1,4,1,2,3,1,1,2,3,2,4,1,3,3,3,4,2,1,2,3,1,3,3,1,1,1,3,4,3,2,3,1,2,3,3,4,2,2,4,3,4,2,4,1,1,4,3,2,4,3,3,2,1,3,2,2,3,3,2,1,3,3,2,3,4,2,4,4,3,2,4,2,2,1,1,1,3,2,4,2,1,1,2,1,2,2,2,2,1,3,4,2,2,2,1,4,2,3,4,2,1,3,4,4,4,3,2,4,2,2,2,4,3,1,1,1,1,3,1,1,3,4,3,1,1,2,1,2,2,4,1,1,2,4,4,1,2,3,2,1,1,2,3,2,4,1,1,1,4,3,1,2,3,1,2,3,4,2,2,3,1,2,3,1,1,2,4,2,3,1,4,3,1,4,1,3,1,2,1,1,1,1,4,4,3,1,1,2,4,1,1,2,1,1,2,2,2,2,3,3,3,1,3,1,3,2,3,1,1,2,2,4,4,1,2,4,1,1,2,1,2,1,4,4,2,3,3,1,4,2,3,2,2,3,3,1,1,3,2,2,3,4,1,2,2,1,2,1,1,1,2,4,3,2,3,3,4,4,2,4,3,3,1,3,3,1,4,3,4,1,1,1,4,4,2,1,4,2,2,1,1,4,1,3,2,2,2,3,4,1,1,2,2,1,4,4,3,4,3,3,2,1,3,4,1,2,3,3,3,4,2,3,2,1,1,3,1,1,3,2,2,2,1,1,1,4,2,2,4,1,3,4,1,3,3,4,1,1,3,3,1,1,4,2,2,1,3,1,3,3,4,3,4,2,3,1,2,2,1,2,2,1,2,2,4,1,2,1,3,4,3,1,1,3,3,1,4,1,3,1,1,1,2,3,3,2,2,1,2,3,3,4,1,4,3,4,2,1,2,4,3,3,1,1,1,2,1,2,3,4,4,2,4,2,2,3,2,3,3,2,2,2,3,2,3,4,2,1,3,3,1,3,2,1,3,1,1,3,2,3,4,3,2,4,3,1,4,2,4,1,1,2,2,2,2,2,1,1,1,1,3,1,4,1,4,2,3,1,2,2,4,1,3,2,3,1,3,2,2,2,2,4,2,4,3,1,4,1,3,3,3,3,2,1,2,4,4,2,2,1,3,4,1,3,4,1,2,2,3,3,2,2,3,3,3,4,3,2,2,2,1,3,1,3,1,3,4,1,3,3,2,2,3,1,2,2,1,1,3,3,1,2,2,1,1,2,1,3,1,1,2,1,2,3,4,3,1,4,3,2,4,4,3,2,3,2,1,1,2,1,3,2,4,4,3,3,3,3,4,1,1,3,2,2,2,1,1,1,4,2,3,1,2,2,3,1,1,1,3,1,3,2,2,1,2,1,1,2,1,1,4,1,2,4,4,2,1,2,2,4,2,4,4,4,4,1,3,2,1,1,1,2,3,1,2,3,1,3,4,3,3,4,3,1,2,1,3,3,3,1,4,4,4,1,1,1,1,1,4,2,4,2,3,4,4,1,1,1,1,3,4,3,1,1,3,1,1,2,1,2,3,4,2,4,1,1,1,2,4,3,1,2,3,1,1,2,2,1,4,1,2,2,2,4,3,4,2,4,1,4,1,4,1,4,3,1,1,4,4,1,4,2,4,3,1,3,3,2,2,3,1,3,4,1,1,4,1,2,1,1,1,1,3,3,3,2,4,4,2,1,2,1,1,2,1,3,3,3,3,2,3,1,2,2,3,4,4,3,3,1,1,3,3,4,3,4,3,1,4,4,4,3,2,4,1,3,4,3,2,2,3,3,3,4,3,1,2,4,4,2,2,1,1,1,4,1,1,1,3,3,4,2,1,3,3,4,2,1,3,4,4,3,4,2,4,2,2,3,2,2,1,2,3,2,3,2,2,1,3,2,3,4,1,3,4,1,3,3,2,2,3,3,1,4,1,1,3,1,3,4,1,4,1,4,2,1,2,1,1,1,3,1,1,3,1,3,3,1,2,2,1,1,4,1,2,4,4,3,2,1,1,4,1,4,3,4,1,4,1,1,1,2,3,4,1,1,2,3,2,1,3,3,1,4,3,3,3,4,2,1,2,2,4,2,1,1,4,3,1,4,4,2,4,3,2,1,1,1,2,1,1,3,3,3,3,1,1,4,2,1,2,1,1,3,3,3,3,1,3,3,2,2,4,2,2,2,2,1,4,3,3,3,3,1,3,4,1,1,2,4,2,1,3,2,3,4,1,3,1,2,3,4,1,2,2,2,1,2,4,4,1,2,2,2,2,4,3,3,2,1,4,2,2,3,2,3,2,3,2,1,1,1,4,4,1,1,2,1,3,4,2,2,4,1,1,3,3,1,1,2,2,1,4,2,4,2,3,2,4,4,1,4,3,1,2,2,1,1,3,2,1,2,2,4,2,4,2,3,1,1,2,2,2,1,4,1,3,1,4,3,3,3,4,4,2,1,4,4,2,3,4,4,1,1,1,4,1,3,4,2,4,2,2,4,4,2,3,1,4,2,2,1,1,2,4,2,2,1,1,4,4,1,1,3,4,1,4,1,2,4,3,2,3,3,1,1,2,1,4,2,1,2,1,3,3,4,4,4,2,3,4,1,1,1,4,2,1,4,4,1,1,3,3,3,3,2,2,1,1,4,2,2,2,2,3,1,1,4,2,4,2,1,1,2,2,4,1,3,4,3,3,1,4,3,2,4,3,3,4,1,3,1,1,2,1,4,4,2,3,3,1,3,1,2,3,4,3,2,1,1,4,2,1,3,1,2,2,2,2,2,3,2,4,4,2,4,3,1,1,2,1,3,1,1,1,1,1,1,3,1,1,1,3,3,3,2,4,2,2,1,2,4,3,4,1,3,3,3,3,2,1,2,3,1,3,3,1,1,1,2,4,2,1,4,3,2,1,2,1,3,1,1,3,2,1,3,2,2,2,3,4,1,1,4,2,2,2,3,1,3,4,4,2,4,2,1,2,3,4,3,3,1,3,2,2,2,2,3,3,3,4,1,3,4,1,4,1,1,2,4,3,1,1,2,3,1,1,4,1,3,1,1,1,2,2,4,1,2,1,4,4,4,3,2,2,4,4,3,4,4,3"
153,0.9877030496613249,0.43137254901960786,2253.0,"2,1,2,4,1,1,1,2,2,1,3,4,2,1,1,1,1,4,3,4,4,2,1,4,3,4,4,1,2,2,1,4,4,2,1,4,2,4,1,4,4,3,1,3,4,3,3,1,2,2,1,2,3,2,1,2,1,4,3,3,1,2,4,2,3,4,1,1,2,1,2,2,2,1,1,2,2,1,2,3,2,4,3,1,1,3,1,1,1,1,1,1,3,4,2,1,2,3,2,1,1,3,2,4,3,4,2,1,2,4,2,2,2,2,4,3,1,2,4,1,3,1,4,2,1,4,2,4,1,2,4,2,2,1,3,3,3,4,4,2,2,4,3,1,2,2,3,3,2,3,3,3,4,4,1,4,1,1,1,3,4,2,2,1,2,4,4,4,3,4,2,4,3,2,1,4,3,4,2,2,2,3,4,4,3,3,3,2,3,2,1,2,2,3,2,2,4,2,3,2,2,4,1,4,2,4,3,1,3,2,4,2,4,2,3,1,3,1,2,1,1,1,4,2,4,1,2,2,2,3,1,1,2,3,1,4,3,4,1,1,1,1,2,2,2,1,2,3,4,1,3,1,4,2,3,3,1,4,4,4,4,2,2,4,2,2,4,2,2,4,4,1,1,3,4,3,1,2,3,1,1,4,3,1,1,4,1,2,3,4,4,2,3,2,2,2,2,1,1,1,4,2,2,3,4,4,3,1,1,1,4,1,2,3,1,1,2,3,2,4,1,3,3,3,4,2,1,2,3,1,3,3,1,1,1,3,4,3,2,3,1,2,3,3,4,2,2,4,3,4,2,4,1,1,4,3,2,4,3,3,2,1,3,2,2,3,3,2,1,3,3,2,3,4,2,4,4,3,2,4,2,2,1,1,1,3,2,4,2,1,1,2,1,2,2,2,2,1,3,4,2,2,2,1,4,2,3,4,2,1,3,4,4,4,3,2,4,2,2,2,4,3,1,1,1,1,3,1,1,3,4,3,1,1,2,1,2,2,4,1,1,2,4,4,1,2,3,2,1,1,2,3,2,4,1,1,1,4,3,1,2,3,1,2,3,4,2,2,3,1,2,3,1,1,2,4,2,3,1,4,3,1,4,1,3,1,2,1,1,1,1,4,4,3,1,1,2,4,1,1,2,1,1,2,2,2,2,3,3,3,1,3,1,3,2,3,1,1,2,2,4,4,1,2,4,1,1,2,1,2,1,4,4,2,3,3,1,4,2,3,2,2,3,3,1,1,3,2,2,3,4,1,2,2,1,2,1,1,1,2,4,3,2,3,3,4,4,2,4,3,3,1,3,3,1,4,3,4,1,1,1,4,4,2,1,4,2,2,1,1,4,1,3,2,2,2,3,4,1,1,2,2,1,4,4,3,4,3,3,2,1,3,4,1,2,3,3,3,4,2,3,2,1,1,3,1,1,3,2,2,2,1,1,1,4,2,2,4,1,3,4,1,3,3,4,1,1,3,3,1,1,4,2,2,1,3,1,3,3,4,3,4,2,3,1,2,2,1,2,2,1,2,2,4,1,2,1,3,4,3,1,1,3,3,1,4,1,3,1,1,1,2,3,3,2,2,1,2,3,3,4,1,4,3,4,2,1,2,4,3,3,1,1,1,2,1,2,3,4,4,2,4,2,2,3,2,3,3,2,2,2,3,2,3,4,2,1,3,3,1,3,2,1,3,1,1,3,2,3,4,3,2,4,3,1,4,2,4,1,1,2,2,2,2,2,1,1,1,1,3,1,4,1,4,2,3,1,2,2,4,1,3,2,3,1,3,2,2,2,2,4,2,4,3,1,4,1,3,3,3,3,2,1,2,4,4,2,2,1,3,4,1,3,4,1,2,2,3,3,2,2,3,3,3,4,3,2,2,2,1,3,1,3,1,3,4,1,3,3,2,2,3,1,2,2,1,1,3,3,1,2,2,1,1,2,1,3,1,1,2,1,2,3,4,3,1,4,3,2,4,4,3,2,3,2,1,1,2,1,3,2,4,4,3,3,3,3,4,1,1,3,2,2,2,1,1,1,4,2,3,1,2,2,3,1,1,1,3,1,3,2,2,1,2,1,1,2,1,1,4,1,2,4,4,2,1,2,2,4,2,4,4,4,4,1,3,2,1,1,1,2,3,1,2,3,1,3,4,3,3,4,3,1,2,1,3,3,3,1,4,4,4,1,1,1,1,1,4,2,4,2,3,4,4,1,1,1,1,3,4,3,1,1,3,1,1,2,1,2,3,4,2,4,1,1,1,2,4,3,1,2,3,1,1,2,2,1,4,1,2,2,2,4,3,4,2,4,1,4,1,4,1,4,3,1,1,4,4,1,4,2,4,3,1,3,3,2,2,3,1,3,4,1,1,4,1,2,1,1,1,1,3,3,3,2,4,4,2,1,2,1,1,2,1,3,3,3,3,2,3,1,2,2,3,4,4,3,3,1,1,3,3,4,3,4,3,1,4,4,4,3,2,4,1,3,4,3,2,2,3,3,3,4,3,1,2,4,4,2,2,1,1,1,4,1,1,1,3,3,4,2,1,3,3,4,2,1,3,4,4,3,4,2,4,2,2,3,2,2,1,2,3,2,3,2,2,1,3,2,3,4,1,3,4,1,3,3,2,2,3,3,1,4,1,1,3,1,3,4,1,4,1,4,2,1,2,1,1,1,3,1,1,3,1,3,3,1,2,2,1,1,4,1,2,4,4,3,2,1,1,4,1,4,3,4,1,4,1,1,1,2,3,4,1,1,2,3,2,1,3,3,1,4,3,3,3,4,2,1,2,2,4,2,1,1,4,3,1,4,4,2,4,3,2,1,1,1,2,1,1,3,3,3,3,1,1,4,2,1,2,1,1,3,3,3,3,1,3,3,2,2,4,2,2,2,2,1,4,3,3,3,3,1,3,4,1,1,2,4,2,1,3,2,3,4,1,3,1,2,3,4,1,2,2,2,1,2,4,4,1,2,2,2,2,4,3,3,2,1,4,2,2,3,2,3,2,3,2,1,1,1,4,4,1,1,2,1,3,4,2,2,4,1,1,3,3,1,1,2,2,1,4,2,4,2,3,2,4,4,1,4,3,1,2,2,1,1,3,2,1,2,2,4,2,4,2,3,1,1,2,2,2,1,4,1,3,1,4,3,3,3,4,4,2,1,4,4,2,3,4,4,1,1,1,4,1,3,4,2,4,2,2,4,4,2,3,1,4,2,2,1,1,2,4,2,2,1,1,4,4,1,1,3,4,1,4,1,2,4,3,2,3,3,1,1,2,1,4,2,1,2,1,3,3,4,4,4,2,3,4,1,1,1,4,2,1,4,4,1,1,3,3,3,3,2,2,1,1,4,2,2,2,2,3,1,1,4,2,4,2,1,1,2,2,4,1,3,4,3,3,1,4,3,2,4,3,3,4,1,3,1,1,2,1,4,4,2,3,3,1,3,1,2,3,4,3,2,1,1,4,2,1,3,1,2,2,2,2,2,3,2,4,4,2,4,3,1,1,2,1,3,1,1,1,1,1,1,3,1,1,1,3,3,3,2,4,2,2,1,2,4,3,4,1,3,3,3,3,2,1,2,3,1,3,3,1,1,1,2,4,2,1,4,3,2,1,2,1,3,1,1,3,2,1,3,2,2,2,3,4,1,1,4,2,2,2,3,1,3,4,4,2,4,2,1,2,3,4,3,3,1,3,2,2,2,2,3,3,3,4,1,3,4,1,4,1,1,2,4,3,1,1,2,3,1,1,4,1,3,1,1,1,2,2,4,1,2,1,4,4,4,3,2,2,4,4,3,4,4,3"
154,0.9877030496613249,0.43137254901960786,2253.0,"2,1,2,4,1,1,1,2,2,1,3,4,2,1,1,1,1,4,3,4,4,2,1,4,3,4,4,1,2,2,1,4,4,2,1,4,2,4,1,4,4,3,1,3,4,3,3,1,2,2,1,2,3,2,1,2,1,4,3,3,1,2,4,2,3,4,1,1,2,1,2,2,2,1,1,2,2,1,2,3,2,4,3,1,1,3,1,1,1,1,1,1,3,4,2,1,2,3,2,1,1,3,2,4,3,4,2,1,2,4,2,2,2,2,4,3,1,2,4,1,3,1,4,2,1,4,2,4,1,2,4,2,2,1,3,3,3,4,4,2,2,4,3,1,2,2,3,3,2,3,3,3,4,4,1,4,1,1,1,3,4,2,2,1,2,4,4,4,3,4,2,4,3,2,1,4,3,4,2,2,2,3,4,4,3,3,3,2,3,2,1,2,2,3,2,2,4,2,3,2,2,4,1,4,2,4,3,1,3,2,4,2,4,2,3,1,3,1,2,1,1,1,4,2,4,1,2,2,2,3,1,1,2,3,1,4,3,4,1,1,1,1,2,2,2,1,2,3,4,1,3,1,4,2,3,3,1,4,4,4,4,2,2,4,2,2,4,2,2,4,4,1,1,3,4,3,1,2,3,1,1,4,3,1,1,4,1,2,3,4,4,2,3,2,2,2,2,1,1,1,4,2,2,3,4,4,3,1,1,1,4,1,2,3,1,1,2,3,2,4,1,3,3,3,4,2,1,2,3,1,3,3,1,1,1,3,4,3,2,3,1,2,3,3,4,2,2,4,3,4,2,4,1,1,4,3,2,4,3,3,2,1,3,2,2,3,3,2,1,3,3,2,3,4,2,4,4,3,2,4,2,2,1,1,1,3,2,4,2,1,1,2,1,2,2,2,2,1,3,4,2,2,2,1,4,2,3,4,2,1,3,4,4,4,3,2,4,2,2,2,4,3,1,1,1,1,3,1,1,3,4,3,1,1,2,1,2,2,4,1,1,2,4,4,1,2,3,2,1,1,2,3,2,4,1,1,1,4,3,1,2,3,1,2,3,4,2,2,3,1,2,3,1,1,2,4,2,3,1,4,3,1,4,1,3,1,2,1,1,1,1,4,4,3,1,1,2,4,1,1,2,1,1,2,2,2,2,3,3,3,1,3,1,3,2,3,1,1,2,2,4,4,1,2,4,1,1,2,1,2,1,4,4,2,3,3,1,4,2,3,2,2,3,3,1,1,3,2,2,3,4,1,2,2,1,2,1,1,1,2,4,3,2,3,3,4,4,2,4,3,3,1,3,3,1,4,3,4,1,1,1,4,4,2,1,4,2,2,1,1,4,1,3,2,2,2,3,4,1,1,2,2,1,4,4,3,4,3,3,2,1,3,4,1,2,3,3,3,4,2,3,2,1,1,3,1,1,3,2,2,2,1,1,1,4,2,2,4,1,3,4,1,3,3,4,1,1,3,3,1,1,4,2,2,1,3,1,3,3,4,3,4,2,3,1,2,2,1,2,2,1,2,2,4,1,2,1,3,4,3,1,1,3,3,1,4,1,3,1,1,1,2,3,3,2,2,1,2,3,3,4,1,4,3,4,2,1,2,4,3,3,1,1,1,2,1,2,3,4,4,2,4,2,2,3,2,3,3,2,2,2,3,2,3,4,2,1,3,3,1,3,2,1,3,1,1,3,2,3,4,3,2,4,3,1,4,2,4,1,1,2,2,2,2,2,1,1,1,1,3,1,4,1,4,2,3,1,2,2,4,1,3,2,3,1,3,2,2,2,2,4,2,4,3,1,4,1,3,3,3,3,2,1,2,4,4,2,2,1,3,4,1,3,4,1,2,2,3,3,2,2,3,3,3,4,3,2,2,2,1,3,1,3,1,3,4,1,3,3,2,2,3,1,2,2,1,1,3,3,1,2,2,1,1,2,1,3,1,1,2,1,2,3,4,3,1,4,3,2,4,4,3,2,3,2,1,1,2,1,3,2,4,4,3,3,3,3,4,1,1,3,2,2,2,1,1,1,4,2,3,1,2,2,3,1,1,1,3,1,3,2,2,1,2,1,1,2,1,1,4,1,2,4,4,2,1,2,2,4,2,4,4,4,4,1,3,2,1,1,1,2,3,1,2,3,1,3,4,3,3,4,3,1,2,1,3,3,3,1,4,4,4,1,1,1,1,1,4,2,4,2,3,4,4,1,1,1,1,3,4,3,1,1,3,1,1,2,1,2,3,4,2,4,1,1,1,2,4,3,1,2,3,1,1,2,2,1,4,1,2,2,2,4,3,4,2,4,1,4,1,4,1,4,3,1,1,4,4,1,4,2,4,3,1,3,3,2,2,3,1,3,4,1,1,4,1,2,1,1,1,1,3,3,3,2,4,4,2,1,2,1,1,2,1,3,3,3,3,2,3,1,2,2,3,4,4,3,3,1,1,3,3,4,3,4,3,1,4,4,4,3,2,4,1,3,4,3,2,2,3,3,3,4,3,1,2,4,4,2,2,1,1,1,4,1,1,1,3,3,4,2,1,3,3,4,2,1,3,4,4,3,4,2,4,2,2,3,2,2,1,2,3,2,3,2,2,1,3,2,3,4,1,3,4,1,3,3,2,2,3,3,1,4,1,1,3,1,3,4,1,4,1,4,2,1,2,1,1,1,3,1,1,3,1,3,3,1,2,2,1,1,4,1,2,4,4,3,2,1,1,4,1,4,3,4,1,4,1,1,1,2,3,4,1,1,2,3,2,1,3,3,1,4,3,3,3,4,2,1,2,2,4,2,1,1,4,3,1,4,4,2,4,3,2,1,1,1,2,1,1,3,3,3,3,1,1,4,2,1,2,1,1,3,3,3,3,1,3,3,2,2,4,2,2,2,2,1,4,3,3,3,3,1,3,4,1,1,2,4,2,1,3,2,3,4,1,3,1,2,3,4,1,2,2,2,1,2,4,4,1,2,2,2,2,4,3,3,2,1,4,2,2,3,2,3,2,3,2,1,1,1,4,4,1,1,2,1,3,4,2,2,4,1,1,3,3,1,1,2,2,1,4,2,4,2,3,2,4,4,1,4,3,1,2,2,1,1,3,2,1,2,2,4,2,4,2,3,1,1,2,2,2,1,4,1,3,1,4,3,3,3,4,4,2,1,4,4,2,3,4,4,1,1,1,4,1,3,4,2,4,2,2,4,4,2,3,1,4,2,2,1,1,2,4,2,2,1,1,4,4,1,1,3,4,1,4,1,2,4,3,2,3,3,1,1,2,1,4,2,1,2,1,3,3,4,4,4,2,3,4,1,1,1,4,2,1,4,4,1,1,3,3,3,3,2,2,1,1,4,2,2,2,2,3,1,1,4,2,4,2,1,1,2,2,4,1,3,4,3,3,1,4,3,2,4,3,3,4,1,3,1,1,2,1,4,4,2,3,3,1,3,1,2,3,4,3,2,1,1,4,2,1,3,1,2,2,2,2,2,3,2,4,4,2,4,3,1,1,2,1,3,1,1,1,1,1,1,3,1,1,1,3,3,3,2,4,2,2,1,2,4,3,4,1,3,3,3,3,2,1,2,3,1,3,3,1,1,1,2,4,2,1,4,3,2,1,2,1,3,1,1,3,2,1,3,2,2,2,3,4,1,1,4,2,2,2,3,1,3,4,4,2,4,2,1,2,3,4,3,3,1,3,2,2,2,2,3,3,3,4,1,3,4,1,4,1,1,2,4,3,1,1,2,3,1,1,4,1,3,1,1,1,2,2,4,1,2,1,4,4,4,3,2,2,4,4,3,4,4,3"
155,0.9877030496613249,0.43137254901960786,2253.0,"2,1,2,4,1,1,1,2,2,1,3,4,2,1,1,1,1,4,3,4,4,2,1,4,3,4,4,1,2,2,1,4,4,2,1,4,2,4,1,4,4,3,1,3,4,3,3,1,2,2,1,2,3,2,1,2,1,4,3,3,1,2,4,2,3,4,1,1,2,1,2,2,2,1,1,2,2,1,2,3,2,4,3,1,1,3,1,1,1,1,1,1,3,4,2,1,2,3,2,1,1,3,2,4,3,4,2,1,2,4,2,2,2,2,4,3,1,2,4,1,3,1,4,2,1,4,2,4,1,2,4,2,2,1,3,3,3,4,4,2,2,4,3,1,2,2,3,3,2,3,3,3,4,4,1,4,1,1,1,3,4,2,2,1,2,4,4,4,3,4,2,4,3,2,1,4,3,4,2,2,2,3,4,4,3,3,3,2,3,2,1,2,2,3,2,2,4,2,3,2,2,4,1,4,2,4,3,1,3,2,4,2,4,2,3,1,3,1,2,1,1,1,4,2,4,1,2,2,2,3,1,1,2,3,1,4,3,4,1,1,1,1,2,2,2,1,2,3,4,1,3,1,4,2,3,3,1,4,4,4,4,2,2,4,2,2,4,2,2,4,4,1,1,3,4,3,1,2,3,1,1,4,3,1,1,4,1,2,3,4,4,2,3,2,2,2,2,1,1,1,4,2,2,3,4,4,3,1,1,1,4,1,2,3,1,1,2,3,2,4,1,3,3,3,4,2,1,2,3,1,3,3,1,1,1,3,4,3,2,3,1,2,3,3,4,2,2,4,3,4,2,4,1,1,4,3,2,4,3,3,2,1,3,2,2,3,3,2,1,3,3,2,3,4,2,4,4,3,2,4,2,2,1,1,1,3,2,4,2,1,1,2,1,2,2,2,2,1,3,4,2,2,2,1,4,2,3,4,2,1,3,4,4,4,3,2,4,2,2,2,4,3,1,1,1,1,3,1,1,3,4,3,1,1,2,1,2,2,4,1,1,2,4,4,1,2,3,2,1,1,2,3,2,4,1,1,1,4,3,1,2,3,1,2,3,4,2,2,3,1,2,3,1,1,2,4,2,3,1,4,3,1,4,1,3,1,2,1,1,1,1,4,4,3,1,1,2,4,1,1,2,1,1,2,2,2,2,3,3,3,1,3,1,3,2,3,1,1,2,2,4,4,1,2,4,1,1,2,1,2,1,4,4,2,3,3,1,4,2,3,2,2,3,3,1,1,3,2,2,3,4,1,2,2,1,2,1,1,1,2,4,3,2,3,3,4,4,2,4,3,3,1,3,3,1,4,3,4,1,1,1,4,4,2,1,4,2,2,1,1,4,1,3,2,2,2,3,4,1,1,2,2,1,4,4,3,4,3,3,2,1,3,4,1,2,3,3,3,4,2,3,2,1,1,3,1,1,3,2,2,2,1,1,1,4,2,2,4,1,3,4,1,3,3,4,1,1,3,3,1,1,4,2,2,1,3,1,3,3,4,3,4,2,3,1,2,2,1,2,2,1,2,2,4,1,2,1,3,4,3,1,1,3,3,1,4,1,3,1,1,1,2,3,3,2,2,1,2,3,3,4,1,4,3,4,2,1,2,4,3,3,1,1,1,2,1,2,3,4,4,2,4,2,2,3,2,3,3,2,2,2,3,2,3,4,2,1,3,3,1,3,2,1,3,1,1,3,2,3,4,3,2,4,3,1,4,2,4,1,1,2,2,2,2,2,1,1,1,1,3,1,4,1,4,2,3,1,2,2,4,1,3,2,3,1,3,2,2,2,2,4,2,4,3,1,4,1,3,3,3,3,2,1,2,4,4,2,2,1,3,4,1,3,4,1,2,2,3,3,2,2,3,3,3,4,3,2,2,2,1,3,1,3,1,3,4,1,3,3,2,2,3,1,2,2,1,1,3,3,1,2,2,1,1,2,1,3,1,1,2,1,2,3,4,3,1,4,3,2,4,4,3,2,3,2,1,1,2,1,3,2,4,4,3,3,3,3,4,1,1,3,2,2,2,1,1,1,4,2,3,1,2,2,3,1,1,1,3,1,3,2,2,1,2,1,1,2,1,1,4,1,2,4,4,2,1,2,2,4,2,4,4,4,4,1,3,2,1,1,1,2,3,1,2,3,1,3,4,3,3,4,3,1,2,1,3,3,3,1,4,4,4,1,1,1,1,1,4,2,4,2,3,4,4,1,1,1,1,3,4,3,1,1,3,1,1,2,1,2,3,4,2,4,1,1,1,2,4,3,1,2,3,1,1,2,2,1,4,1,2,2,2,4,3,4,2,4,1,4,1,4,1,4,3,1,1,4,4,1,4,2,4,3,1,3,3,2,2,3,1,3,4,1,1,4,1,2,1,1,1,1,3,3,3,2,4,4,2,1,2,1,1,2,1,3,3,3,3,2,3,1,2,2,3,4,4,3,3,1,1,3,3,4,3,4,3,1,4,4,4,3,2,4,1,3,4,3,2,2,3,3,3,4,3,1,2,4,4,2,2,1,1,1,4,1,1,1,3,3,4,2,1,3,3,4,2,1,3,4,4,3,4,2,4,2,2,3,2,2,1,2,3,2,3,2,2,1,3,2,3,4,1,3,4,1,3,3,2,2,3,3,1,4,1,1,3,1,3,4,1,4,1,4,2,1,2,1,1,1,3,1,1,3,1,3,3,1,2,2,1,1,4,1,2,4,4,3,2,1,1,4,1,4,3,4,1,4,1,1,1,2,3,4,1,1,2,3,2,1,3,3,1,4,3,3,3,4,2,1,2,2,4,2,1,1,4,3,1,4,4,2,4,3,2,1,1,1,2,1,1,3,3,3,3,1,1,4,2,1,2,1,1,3,3,3,3,1,3,3,2,2,4,2,2,2,2,1,4,3,3,3,3,1,3,4,1,1,2,4,2,1,3,2,3,4,1,3,1,2,3,4,1,2,2,2,1,2,4,4,1,2,2,2,2,4,3,3,2,1,4,2,2,3,2,3,2,3,2,1,1,1,4,4,1,1,2,1,3,4,2,2,4,1,1,3,3,1,1,2,2,1,4,2,4,2,3,2,4,4,1,4,3,1,2,2,1,1,3,2,1,2,2,4,2,4,2,3,1,1,2,2,2,1,4,1,3,1,4,3,3,3,4,4,2,1,4,4,2,3,4,4,1,1,1,4,1,3,4,2,4,2,2,4,4,2,3,1,4,2,2,1,1,2,4,2,2,1,1,4,4,1,1,3,4,1,4,1,2,4,3,2,3,3,1,1,2,1,4,2,1,2,1,3,3,4,4,4,2,3,4,1,1,1,4,2,1,4,4,1,1,3,3,3,3,2,2,1,1,4,2,2,2,2,3,1,1,4,2,4,2,1,1,2,2,4,1,3,4,3,3,1,4,3,2,4,3,3,4,1,3,1,1,2,1,4,4,2,3,3,1,3,1,2,3,4,3,2,1,1,4,2,1,3,1,2,2,2,2,2,3,2,4,4,2,4,3,1,1,2,1,3,1,1,1,1,1,1,3,1,1,1,3,3,3,2,4,2,2,1,2,4,3,4,1,3,3,3,3,2,1,2,3,1,3,3,1,1,1,2,4,2,1,4,3,2,1,2,1,3,1,1,3,2,1,3,2,2,2,3,4,1,1,4,2,2,2,3,1,3,4,4,2,4,2,1,2,3,4,3,3,1,3,2,2,2,2,3,3,3,4,1,3,4,1,4,1,1,2,4,3,1,1,2,3,1,1,4,1,3,1,1,1,2,2,4,1,2,1,4,4,4,3,2,2,4,4,3,4,4,3"
156,0.9877030496613249,0.43137254901960786,2253.0,"2,1,2,4,1,1,1,2,2,1,3,4,2,1,1,1,1,4,3,4,4,2,1,4,3,4,4,1,2,2,1,4,4,2,1,4,2,4,1,4,4,3,1,3,4,3,3,1,2,2,1,2,3,2,1,2,1,4,3,3,1,2,4,2,3,4,1,1,2,1,2,2,2,1,1,2,2,1,2,3,2,4,3,1,1,3,1,1,1,1,1,1,3,4,2,1,2,3,2,1,1,3,2,4,3,4,2,1,2,4,2,2,2,2,4,3,1,2,4,1,3,1,4,2,1,4,2,4,1,2,4,2,2,1,3,3,3,4,4,2,2,4,3,1,2,2,3,3,2,3,3,3,4,4,1,4,1,1,1,3,4,2,2,1,2,4,4,4,3,4,2,4,3,2,1,4,3,4,2,2,2,3,4,4,3,3,3,2,3,2,1,2,2,3,2,2,4,2,3,2,2,4,1,4,2,4,3,1,3,2,4,2,4,2,3,1,3,1,2,1,1,1,4,2,4,1,2,2,2,3,1,1,2,3,1,4,3,4,1,1,1,1,2,2,2,1,2,3,4,1,3,1,4,2,3,3,1,4,4,4,4,2,2,4,2,2,4,2,2,4,4,1,1,3,4,3,1,2,3,1,1,4,3,1,1,4,1,2,3,4,4,2,3,2,2,2,2,1,1,1,4,2,2,3,4,4,3,1,1,1,4,1,2,3,1,1,2,3,2,4,1,3,3,3,4,2,1,2,3,1,3,3,1,1,1,3,4,3,2,3,1,2,3,3,4,2,2,4,3,4,2,4,1,1,4,3,2,4,3,3,2,1,3,2,2,3,3,2,1,3,3,2,3,4,2,4,4,3,2,4,2,2,1,1,1,3,2,4,2,1,1,2,1,2,2,2,2,1,3,4,2,2,2,1,4,2,3,4,2,1,3,4,4,4,3,2,4,2,2,2,4,3,1,1,1,1,3,1,1,3,4,3,1,1,2,1,2,2,4,1,1,2,4,4,1,2,3,2,1,1,2,3,2,4,1,1,1,4,3,1,2,3,1,2,3,4,2,2,3,1,2,3,1,1,2,4,2,3,1,4,3,1,4,1,3,1,2,1,1,1,1,4,4,3,1,1,2,4,1,1,2,1,1,2,2,2,2,3,3,3,1,3,1,3,2,3,1,1,2,2,4,4,1,2,4,1,1,2,1,2,1,4,4,2,3,3,1,4,2,3,2,2,3,3,1,1,3,2,2,3,4,1,2,2,1,2,1,1,1,2,4,3,2,3,3,4,4,2,4,3,3,1,3,3,1,4,3,4,1,1,1,4,4,2,1,4,2,2,1,1,4,1,3,2,2,2,3,4,1,1,2,2,1,4,4,3,4,3,3,2,1,3,4,1,2,3,3,3,4,2,3,2,1,1,3,1,1,3,2,2,2,1,1,1,4,2,2,4,1,3,4,1,3,3,4,1,1,3,3,1,1,4,2,2,1,3,1,3,3,4,3,4,2,3,1,2,2,1,2,2,1,2,2,4,1,2,1,3,4,3,1,1,3,3,1,4,1,3,1,1,1,2,3,3,2,2,1,2,3,3,4,1,4,3,4,2,1,2,4,3,3,1,1,1,2,1,2,3,4,4,2,4,2,2,3,2,3,3,2,2,2,3,2,3,4,2,1,3,3,1,3,2,1,3,1,1,3,2,3,4,3,2,4,3,1,4,2,4,1,1,2,2,2,2,2,1,1,1,1,3,1,4,1,4,2,3,1,2,2,4,1,3,2,3,1,3,2,2,2,2,4,2,4,3,1,4,1,3,3,3,3,2,1,2,4,4,2,2,1,3,4,1,3,4,1,2,2,3,3,2,2,3,3,3,4,3,2,2,2,1,3,1,3,1,3,4,1,3,3,2,2,3,1,2,2,1,1,3,3,1,2,2,1,1,2,1,3,1,1,2,1,2,3,4,3,1,4,3,2,4,4,3,2,3,2,1,1,2,1,3,2,4,4,3,3,3,3,4,1,1,3,2,2,2,1,1,1,4,2,3,1,2,2,3,1,1,1,3,1,3,2,2,1,2,1,1,2,1,1,4,1,2,4,4,2,1,2,2,4,2,4,4,4,4,1,3,2,1,1,1,2,3,1,2,3,1,3,4,3,3,4,3,1,2,1,3,3,3,1,4,4,4,1,1,1,1,1,4,2,4,2,3,4,4,1,1,1,1,3,4,3,1,1,3,1,1,2,1,2,3,4,2,4,1,1,1,2,4,3,1,2,3,1,1,2,2,1,4,1,2,2,2,4,3,4,2,4,1,4,1,4,1,4,3,1,1,4,4,1,4,2,4,3,1,3,3,2,2,3,1,3,4,1,1,4,1,2,1,1,1,1,3,3,3,2,4,4,2,1,2,1,1,2,1,3,3,3,3,2,3,1,2,2,3,4,4,3,3,1,1,3,3,4,3,4,3,1,4,4,4,3,2,4,1,3,4,3,2,2,3,3,3,4,3,1,2,4,4,2,2,1,1,1,4,1,1,1,3,3,4,2,1,3,3,4,2,1,3,4,4,3,4,2,4,2,2,3,2,2,1,2,3,2,3,2,2,1,3,2,3,4,1,3,4,1,3,3,2,2,3,3,1,4,1,1,3,1,3,4,1,4,1,4,2,1,2,1,1,1,3,1,1,3,1,3,3,1,2,2,1,1,4,1,2,4,4,3,2,1,1,4,1,4,3,4,1,4,1,1,1,2,3,4,1,1,2,3,2,1,3,3,1,4,3,3,3,4,2,1,2,2,4,2,1,1,4,3,1,4,4,2,4,3,2,1,1,1,2,1,1,3,3,3,3,1,1,4,2,1,2,1,1,3,3,3,3,1,3,3,2,2,4,2,2,2,2,1,4,3,3,3,3,1,3,4,1,1,2,4,2,1,3,2,3,4,1,3,1,2,3,4,1,2,2,2,1,2,4,4,1,2,2,2,2,4,3,3,2,1,4,2,2,3,2,3,2,3,2,1,1,1,4,4,1,1,2,1,3,4,2,2,4,1,1,3,3,1,1,2,2,1,4,2,4,2,3,2,4,4,1,4,3,1,2,2,1,1,3,2,1,2,2,4,2,4,2,3,1,1,2,2,2,1,4,1,3,1,4,3,3,3,4,4,2,1,4,4,2,3,4,4,1,1,1,4,1,3,4,2,4,2,2,4,4,2,3,1,4,2,2,1,1,2,4,2,2,1,1,4,4,1,1,3,4,1,4,1,2,4,3,2,3,3,1,1,2,1,4,2,1,2,1,3,3,4,4,4,2,3,4,1,1,1,4,2,1,4,4,1,1,3,3,3,3,2,2,1,1,4,2,2,2,2,3,1,1,4,2,4,2,1,1,2,2,4,1,3,4,3,3,1,4,3,2,4,3,3,4,1,3,1,1,2,1,4,4,2,3,3,1,3,1,2,3,4,3,2,1,1,4,2,1,3,1,2,2,2,2,2,3,2,4,4,2,4,3,1,1,2,1,3,1,1,1,1,1,1,3,1,1,1,3,3,3,2,4,2,2,1,2,4,3,4,1,3,3,3,3,2,1,2,3,1,3,3,1,1,1,2,4,2,1,4,3,2,1,2,1,3,1,1,3,2,1,3,2,2,2,3,4,1,1,4,2,2,2,3,1,3,4,4,2,4,2,1,2,3,4,3,3,1,3,2,2,2,2,3,3,3,4,1,3,4,1,4,1,1,2,4,3,1,1,2,3,1,1,4,1,3,1,1,1,2,2,4,1,2,1,4,4,4,3,2,2,4,4,3,4,4,3"
157,0.9877030496613249,0.43137254901960786,2253.0,"2,1,2,4,1,1,1,2,2,1,3,4,2,1,1,1,1,4,3,4,4,2,1,4,3,4,4,1,2,2,1,4,4,2,1,4,2,4,1,4,4,3,1,3,4,3,3,1,2,2,1,2,3,2,1,2,1,4,3,3,1,2,4,2,3,4,1,1,2,1,2,2,2,1,1,2,2,1,2,3,2,4,3,1,1,3,1,1,1,1,1,1,3,4,2,1,2,3,2,1,1,3,2,4,3,4,2,1,2,4,2,2,2,2,4,3,1,2,4,1,3,1,4,2,1,4,2,4,1,2,4,2,2,1,3,3,3,4,4,2,2,4,3,1,2,2,3,3,2,3,3,3,4,4,1,4,1,1,1,3,4,2,2,1,2,4,4,4,3,4,2,4,3,2,1,4,3,4,2,2,2,3,4,4,3,3,3,2,3,2,1,2,2,3,2,2,4,2,3,2,2,4,1,4,2,4,3,1,3,2,4,2,4,2,3,1,3,1,2,1,1,1,4,2,4,1,2,2,2,3,1,1,2,3,1,4,3,4,1,1,1,1,2,2,2,1,2,3,4,1,3,1,4,2,3,3,1,4,4,4,4,2,2,4,2,2,4,2,2,4,4,1,1,3,4,3,1,2,3,1,1,4,3,1,1,4,1,2,3,4,4,2,3,2,2,2,2,1,1,1,4,2,2,3,4,4,3,1,1,1,4,1,2,3,1,1,2,3,2,4,1,3,3,3,4,2,1,2,3,1,3,3,1,1,1,3,4,3,2,3,1,2,3,3,4,2,2,4,3,4,2,4,1,1,4,3,2,4,3,3,2,1,3,2,2,3,3,2,1,3,3,2,3,4,2,4,4,3,2,4,2,2,1,1,1,3,2,4,2,1,1,2,1,2,2,2,2,1,3,4,2,2,2,1,4,2,3,4,2,1,3,4,4,4,3,2,4,2,2,2,4,3,1,1,1,1,3,1,1,3,4,3,1,1,2,1,2,2,4,1,1,2,4,4,1,2,3,2,1,1,2,3,2,4,1,1,1,4,3,1,2,3,1,2,3,4,2,2,3,1,2,3,1,1,2,4,2,3,1,4,3,1,4,1,3,1,2,1,1,1,1,4,4,3,1,1,2,4,1,1,2,1,1,2,2,2,2,3,3,3,1,3,1,3,2,3,1,1,2,2,4,4,1,2,4,1,1,2,1,2,1,4,4,2,3,3,1,4,2,3,2,2,3,3,1,1,3,2,2,3,4,1,2,2,1,2,1,1,1,2,4,3,2,3,3,4,4,2,4,3,3,1,3,3,1,4,3,4,1,1,1,4,4,2,1,4,2,2,1,1,4,1,3,2,2,2,3,4,1,1,2,2,1,4,4,3,4,3,3,2,1,3,4,1,2,3,3,3,4,2,3,2,1,1,3,1,1,3,2,2,2,1,1,1,4,2,2,4,1,3,4,1,3,3,4,1,1,3,3,1,1,4,2,2,1,3,1,3,3,4,3,4,2,3,1,2,2,1,2,2,1,2,2,4,1,2,1,3,4,3,1,1,3,3,1,4,1,3,1,1,1,2,3,3,2,2,1,2,3,3,4,1,4,3,4,2,1,2,4,3,3,1,1,1,2,1,2,3,4,4,2,4,2,2,3,2,3,3,2,2,2,3,2,3,4,2,1,3,3,1,3,2,1,3,1,1,3,2,3,4,3,2,4,3,1,4,2,4,1,1,2,2,2,2,2,1,1,1,1,3,1,4,1,4,2,3,1,2,2,4,1,3,2,3,1,3,2,2,2,2,4,2,4,3,1,4,1,3,3,3,3,2,1,2,4,4,2,2,1,3,4,1,3,4,1,2,2,3,3,2,2,3,3,3,4,3,2,2,2,1,3,1,3,1,3,4,1,3,3,2,2,3,1,2,2,1,1,3,3,1,2,2,1,1,2,1,3,1,1,2,1,2,3,4,3,1,4,3,2,4,4,3,2,3,2,1,1,2,1,3,2,4,4,3,3,3,3,4,1,1,3,2,2,2,1,1,1,4,2,3,1,2,2,3,1,1,1,3,1,3,2,2,1,2,1,1,2,1,1,4,1,2,4,4,2,1,2,2,4,2,4,4,4,4,1,3,2,1,1,1,2,3,1,2,3,1,3,4,3,3,4,3,1,2,1,3,3,3,1,4,4,4,1,1,1,1,1,4,2,4,2,3,4,4,1,1,1,1,3,4,3,1,1,3,1,1,2,1,2,3,4,2,4,1,1,1,2,4,3,1,2,3,1,1,2,2,1,4,1,2,2,2,4,3,4,2,4,1,4,1,4,1,4,3,1,1,4,4,1,4,2,4,3,1,3,3,2,2,3,1,3,4,1,1,4,1,2,1,1,1,1,3,3,3,2,4,4,2,1,2,1,1,2,1,3,3,3,3,2,3,1,2,2,3,4,4,3,3,1,1,3,3,4,3,4,3,1,4,4,4,3,2,4,1,3,4,3,2,2,3,3,3,4,3,1,2,4,4,2,2,1,1,1,4,1,1,1,3,3,4,2,1,3,3,4,2,1,3,4,4,3,4,2,4,2,2,3,2,2,1,2,3,2,3,2,2,1,3,2,3,4,1,3,4,1,3,3,2,2,3,3,1,4,1,1,3,1,3,4,1,4,1,4,2,1,2,1,1,1,3,1,1,3,1,3,3,1,2,2,1,1,4,1,2,4,4,3,2,1,1,4,1,4,3,4,1,4,1,1,1,2,3,4,1,1,2,3,2,1,3,3,1,4,3,3,3,4,2,1,2,2,4,2,1,1,4,3,1,4,4,2,4,3,2,1,1,1,2,1,1,3,3,3,3,1,1,4,2,1,2,1,1,3,3,3,3,1,3,3,2,2,4,2,2,2,2,1,4,3,3,3,3,1,3,4,1,1,2,4,2,1,3,2,3,4,1,3,1,2,3,4,1,2,2,2,1,2,4,4,1,2,2,2,2,4,3,3,2,1,4,2,2,3,2,3,2,3,2,1,1,1,4,4,1,1,2,1,3,4,2,2,4,1,1,3,3,1,1,2,2,1,4,2,4,2,3,2,4,4,1,4,3,1,2,2,1,1,3,2,1,2,2,4,2,4,2,3,1,1,2,2,2,1,4,1,3,1,4,3,3,3,4,4,2,1,4,4,2,3,4,4,1,1,1,4,1,3,4,2,4,2,2,4,4,2,3,1,4,2,2,1,1,2,4,2,2,1,1,4,4,1,1,3,4,1,4,1,2,4,3,2,3,3,1,1,2,1,4,2,1,2,1,3,3,4,4,4,2,3,4,1,1,1,4,2,1,4,4,1,1,3,3,3,3,2,2,1,1,4,2,2,2,2,3,1,1,4,2,4,2,1,1,2,2,4,1,3,4,3,3,1,4,3,2,4,3,3,4,1,3,1,1,2,1,4,4,2,3,3,1,3,1,2,3,4,3,2,1,1,4,2,1,3,1,2,2,2,2,2,3,2,4,4,2,4,3,1,1,2,1,3,1,1,1,1,1,1,3,1,1,1,3,3,3,2,4,2,2,1,2,4,3,4,1,3,3,3,3,2,1,2,3,1,3,3,1,1,1,2,4,2,1,4,3,2,1,2,1,3,1,1,3,2,1,3,2,2,2,3,4,1,1,4,2,2,2,3,1,3,4,4,2,4,2,1,2,3,4,3,3,1,3,2,2,2,2,3,3,3,4,1,3,4,1,4,1,1,2,4,3,1,1,2,3,1,1,4,1,3,1,1,1,2,2,4,1,2,1,4,4,4,3,2,2,4,4,3,4,4,3"
158,0.9877030496613249,0.43137254901960786,2253.0,"2,1,2,4,1,1,1,2,2,1,3,4,2,1,1,1,1,4,3,4,4,2,1,4,3,4,4,1,2,2,1,4,4,2,1,4,2,4,1,4,4,3,1,3,4,3,3,1,2,2,1,2,3,2,1,2,1,4,3,3,1,2,4,2,3,4,1,1,2,1,2,2,2,1,1,2,2,1,2,3,2,4,3,1,1,3,1,1,1,1,1,1,3,4,2,1,2,3,2,1,1,3,2,4,3,4,2,1,2,4,2,2,2,2,4,3,1,2,4,1,3,1,4,2,1,4,2,4,1,2,4,2,2,1,3,3,3,4,4,2,2,4,3,1,2,2,3,3,2,3,3,3,4,4,1,4,1,1,1,3,4,2,2,1,2,4,4,4,3,4,2,4,3,2,1,4,3,4,2,2,2,3,4,4,3,3,3,2,3,2,1,2,2,3,2,2,4,2,3,2,2,4,1,4,2,4,3,1,3,2,4,2,4,2,3,1,3,1,2,1,1,1,4,2,4,1,2,2,2,3,1,1,2,3,1,4,3,4,1,1,1,1,2,2,2,1,2,3,4,1,3,1,4,2,3,3,1,4,4,4,4,2,2,4,2,2,4,2,2,4,4,1,1,3,4,3,1,2,3,1,1,4,3,1,1,4,1,2,3,4,4,2,3,2,2,2,2,1,1,1,4,2,2,3,4,4,3,1,1,1,4,1,2,3,1,1,2,3,2,4,1,3,3,3,4,2,1,2,3,1,3,3,1,1,1,3,4,3,2,3,1,2,3,3,4,2,2,4,3,4,2,4,1,1,4,3,2,4,3,3,2,1,3,2,2,3,3,2,1,3,3,2,3,4,2,4,4,3,2,4,2,2,1,1,1,3,2,4,2,1,1,2,1,2,2,2,2,1,3,4,2,2,2,1,4,2,3,4,2,1,3,4,4,4,3,2,4,2,2,2,4,3,1,1,1,1,3,1,1,3,4,3,1,1,2,1,2,2,4,1,1,2,4,4,1,2,3,2,1,1,2,3,2,4,1,1,1,4,3,1,2,3,1,2,3,4,2,2,3,1,2,3,1,1,2,4,2,3,1,4,3,1,4,1,3,1,2,1,1,1,1,4,4,3,1,1,2,4,1,1,2,1,1,2,2,2,2,3,3,3,1,3,1,3,2,3,1,1,2,2,4,4,1,2,4,1,1,2,1,2,1,4,4,2,3,3,1,4,2,3,2,2,3,3,1,1,3,2,2,3,4,1,2,2,1,2,1,1,1,2,4,3,2,3,3,4,4,2,4,3,3,1,3,3,1,4,3,4,1,1,1,4,4,2,1,4,2,2,1,1,4,1,3,2,2,2,3,4,1,1,2,2,1,4,4,3,4,3,3,2,1,3,4,1,2,3,3,3,4,2,3,2,1,1,3,1,1,3,2,2,2,1,1,1,4,2,2,4,1,3,4,1,3,3,4,1,1,3,3,1,1,4,2,2,1,3,1,3,3,4,3,4,2,3,1,2,2,1,2,2,1,2,2,4,1,2,1,3,4,3,1,1,3,3,1,4,1,3,1,1,1,2,3,3,2,2,1,2,3,3,4,1,4,3,4,2,1,2,4,3,3,1,1,1,2,1,2,3,4,4,2,4,2,2,3,2,3,3,2,2,2,3,2,3,4,2,1,3,3,1,3,2,1,3,1,1,3,2,3,4,3,2,4,3,1,4,2,4,1,1,2,2,2,2,2,1,1,1,1,3,1,4,1,4,2,3,1,2,2,4,1,3,2,3,1,3,2,2,2,2,4,2,4,3,1,4,1,3,3,3,3,2,1,2,4,4,2,2,1,3,4,1,3,4,1,2,2,3,3,2,2,3,3,3,4,3,2,2,2,1,3,1,3,1,3,4,1,3,3,2,2,3,1,2,2,1,1,3,3,1,2,2,1,1,2,1,3,1,1,2,1,2,3,4,3,1,4,3,2,4,4,3,2,3,2,1,1,2,1,3,2,4,4,3,3,3,3,4,1,1,3,2,2,2,1,1,1,4,2,3,1,2,2,3,1,1,1,3,1,3,2,2,1,2,1,1,2,1,1,4,1,2,4,4,2,1,2,2,4,2,4,4,4,4,1,3,2,1,1,1,2,3,1,2,3,1,3,4,3,3,4,3,1,2,1,3,3,3,1,4,4,4,1,1,1,1,1,4,2,4,2,3,4,4,1,1,1,1,3,4,3,1,1,3,1,1,2,1,2,3,4,2,4,1,1,1,2,4,3,1,2,3,1,1,2,2,1,4,1,2,2,2,4,3,4,2,4,1,4,1,4,1,4,3,1,1,4,4,1,4,2,4,3,1,3,3,2,2,3,1,3,4,1,1,4,1,2,1,1,1,1,3,3,3,2,4,4,2,1,2,1,1,2,1,3,3,3,3,2,3,1,2,2,3,4,4,3,3,1,1,3,3,4,3,4,3,1,4,4,4,3,2,4,1,3,4,3,2,2,3,3,3,4,3,1,2,4,4,2,2,1,1,1,4,1,1,1,3,3,4,2,1,3,3,4,2,1,3,4,4,3,4,2,4,2,2,3,2,2,1,2,3,2,3,2,2,1,3,2,3,4,1,3,4,1,3,3,2,2,3,3,1,4,1,1,3,1,3,4,1,4,1,4,2,1,2,1,1,1,3,1,1,3,1,3,3,1,2,2,1,1,4,1,2,4,4,3,2,1,1,4,1,4,3,4,1,4,1,1,1,2,3,4,1,1,2,3,2,1,3,3,1,4,3,3,3,4,2,1,2,2,4,2,1,1,4,3,1,4,4,2,4,3,2,1,1,1,2,1,1,3,3,3,3,1,1,4,2,1,2,1,1,3,3,3,3,1,3,3,2,2,4,2,2,2,2,1,4,3,3,3,3,1,3,4,1,1,2,4,2,1,3,2,3,4,1,3,1,2,3,4,1,2,2,2,1,2,4,4,1,2,2,2,2,4,3,3,2,1,4,2,2,3,2,3,2,3,2,1,1,1,4,4,1,1,2,1,3,4,2,2,4,1,1,3,3,1,1,2,2,1,4,2,4,2,3,2,4,4,1,4,3,1,2,2,1,1,3,2,1,2,2,4,2,4,2,3,1,1,2,2,2,1,4,1,3,1,4,3,3,3,4,4,2,1,4,4,2,3,4,4,1,1,1,4,1,3,4,2,4,2,2,4,4,2,3,1,4,2,2,1,1,2,4,2,2,1,1,4,4,1,1,3,4,1,4,1,2,4,3,2,3,3,1,1,2,1,4,2,1,2,1,3,3,4,4,4,2,3,4,1,1,1,4,2,1,4,4,1,1,3,3,3,3,2,2,1,1,4,2,2,2,2,3,1,1,4,2,4,2,1,1,2,2,4,1,3,4,3,3,1,4,3,2,4,3,3,4,1,3,1,1,2,1,4,4,2,3,3,1,3,1,2,3,4,3,2,1,1,4,2,1,3,1,2,2,2,2,2,3,2,4,4,2,4,3,1,1,2,1,3,1,1,1,1,1,1,3,1,1,1,3,3,3,2,4,2,2,1,2,4,3,4,1,3,3,3,3,2,1,2,3,1,3,3,1,1,1,2,4,2,1,4,3,2,1,2,1,3,1,1,3,2,1,3,2,2,2,3,4,1,1,4,2,2,2,3,1,3,4,4,2,4,2,1,2,3,4,3,3,1,3,2,2,2,2,3,3,3,4,1,3,4,1,4,1,1,2,4,3,1,1,2,3,1,1,4,1,3,1,1,1,2,2,4,1,2,1,4,4,4,3,2,2,4,4,3,4,4,3"
159,0.9877030496613249,0.43137254901960786,2253.0,"2,1,2,4,1,1,1,2,2,1,3,4,2,1,1,1,1,4,3,4,4,2,1,4,3,4,4,1,2,2,1,4,4,2,1,4,2,4,1,4,4,3,1,3,4,3,3,1,2,2,1,2,3,2,1,2,1,4,3,3,1,2,4,2,3,4,1,1,2,1,2,2,2,1,1,2,2,1,2,3,2,4,3,1,1,3,1,1,1,1,1,1,3,4,2,1,2,3,2,1,1,3,2,4,3,4,2,1,2,4,2,2,2,2,4,3,1,2,4,1,3,1,4,2,1,4,2,4,1,2,4,2,2,1,3,3,3,4,4,2,2,4,3,1,2,2,3,3,2,3,3,3,4,4,1,4,1,1,1,3,4,2,2,1,2,4,4,4,3,4,2,4,3,2,1,4,3,4,2,2,2,3,4,4,3,3,3,2,3,2,1,2,2,3,2,2,4,2,3,2,2,4,1,4,2,4,3,1,3,2,4,2,4,2,3,1,3,1,2,1,1,1,4,2,4,1,2,2,2,3,1,1,2,3,1,4,3,4,1,1,1,1,2,2,2,1,2,3,4,1,3,1,4,2,3,3,1,4,4,4,4,2,2,4,2,2,4,2,2,4,4,1,1,3,4,3,1,2,3,1,1,4,3,1,1,4,1,2,3,4,4,2,3,2,2,2,2,1,1,1,4,2,2,3,4,4,3,1,1,1,4,1,2,3,1,1,2,3,2,4,1,3,3,3,4,2,1,2,3,1,3,3,1,1,1,3,4,3,2,3,1,2,3,3,4,2,2,4,3,4,2,4,1,1,4,3,2,4,3,3,2,1,3,2,2,3,3,2,1,3,3,2,3,4,2,4,4,3,2,4,2,2,1,1,1,3,2,4,2,1,1,2,1,2,2,2,2,1,3,4,2,2,2,1,4,2,3,4,2,1,3,4,4,4,3,2,4,2,2,2,4,3,1,1,1,1,3,1,1,3,4,3,1,1,2,1,2,2,4,1,1,2,4,4,1,2,3,2,1,1,2,3,2,4,1,1,1,4,3,1,2,3,1,2,3,4,2,2,3,1,2,3,1,1,2,4,2,3,1,4,3,1,4,1,3,1,2,1,1,1,1,4,4,3,1,1,2,4,1,1,2,1,1,2,2,2,2,3,3,3,1,3,1,3,2,3,1,1,2,2,4,4,1,2,4,1,1,2,1,2,1,4,4,2,3,3,1,4,2,3,2,2,3,3,1,1,3,2,2,3,4,1,2,2,1,2,1,1,1,2,4,3,2,3,3,4,4,2,4,3,3,1,3,3,1,4,3,4,1,1,1,4,4,2,1,4,2,2,1,1,4,1,3,2,2,2,3,4,1,1,2,2,1,4,4,3,4,3,3,2,1,3,4,1,2,3,3,3,4,2,3,2,1,1,3,1,1,3,2,2,2,1,1,1,4,2,2,4,1,3,4,1,3,3,4,1,1,3,3,1,1,4,2,2,1,3,1,3,3,4,3,4,2,3,1,2,2,1,2,2,1,2,2,4,1,2,1,3,4,3,1,1,3,3,1,4,1,3,1,1,1,2,3,3,2,2,1,2,3,3,4,1,4,3,4,2,1,2,4,3,3,1,1,1,2,1,2,3,4,4,2,4,2,2,3,2,3,3,2,2,2,3,2,3,4,2,1,3,3,1,3,2,1,3,1,1,3,2,3,4,3,2,4,3,1,4,2,4,1,1,2,2,2,2,2,1,1,1,1,3,1,4,1,4,2,3,1,2,2,4,1,3,2,3,1,3,2,2,2,2,4,2,4,3,1,4,1,3,3,3,3,2,1,2,4,4,2,2,1,3,4,1,3,4,1,2,2,3,3,2,2,3,3,3,4,3,2,2,2,1,3,1,3,1,3,4,1,3,3,2,2,3,1,2,2,1,1,3,3,1,2,2,1,1,2,1,3,1,1,2,1,2,3,4,3,1,4,3,2,4,4,3,2,3,2,1,1,2,1,3,2,4,4,3,3,3,3,4,1,1,3,2,2,2,1,1,1,4,2,3,1,2,2,3,1,1,1,3,1,3,2,2,1,2,1,1,2,1,1,4,1,2,4,4,2,1,2,2,4,2,4,4,4,4,1,3,2,1,1,1,2,3,1,2,3,1,3,4,3,3,4,3,1,2,1,3,3,3,1,4,4,4,1,1,1,1,1,4,2,4,2,3,4,4,1,1,1,1,3,4,3,1,1,3,1,1,2,1,2,3,4,2,4,1,1,1,2,4,3,1,2,3,1,1,2,2,1,4,1,2,2,2,4,3,4,2,4,1,4,1,4,1,4,3,1,1,4,4,1,4,2,4,3,1,3,3,2,2,3,1,3,4,1,1,4,1,2,1,1,1,1,3,3,3,2,4,4,2,1,2,1,1,2,1,3,3,3,3,2,3,1,2,2,3,4,4,3,3,1,1,3,3,4,3,4,3,1,4,4,4,3,2,4,1,3,4,3,2,2,3,3,3,4,3,1,2,4,4,2,2,1,1,1,4,1,1,1,3,3,4,2,1,3,3,4,2,1,3,4,4,3,4,2,4,2,2,3,2,2,1,2,3,2,3,2,2,1,3,2,3,4,1,3,4,1,3,3,2,2,3,3,1,4,1,1,3,1,3,4,1,4,1,4,2,1,2,1,1,1,3,1,1,3,1,3,3,1,2,2,1,1,4,1,2,4,4,3,2,1,1,4,1,4,3,4,1,4,1,1,1,2,3,4,1,1,2,3,2,1,3,3,1,4,3,3,3,4,2,1,2,2,4,2,1,1,4,3,1,4,4,2,4,3,2,1,1,1,2,1,1,3,3,3,3,1,1,4,2,1,2,1,1,3,3,3,3,1,3,3,2,2,4,2,2,2,2,1,4,3,3,3,3,1,3,4,1,1,2,4,2,1,3,2,3,4,1,3,1,2,3,4,1,2,2,2,1,2,4,4,1,2,2,2,2,4,3,3,2,1,4,2,2,3,2,3,2,3,2,1,1,1,4,4,1,1,2,1,3,4,2,2,4,1,1,3,3,1,1,2,2,1,4,2,4,2,3,2,4,4,1,4,3,1,2,2,1,1,3,2,1,2,2,4,2,4,2,3,1,1,2,2,2,1,4,1,3,1,4,3,3,3,4,4,2,1,4,4,2,3,4,4,1,1,1,4,1,3,4,2,4,2,2,4,4,2,3,1,4,2,2,1,1,2,4,2,2,1,1,4,4,1,1,3,4,1,4,1,2,4,3,2,3,3,1,1,2,1,4,2,1,2,1,3,3,4,4,4,2,3,4,1,1,1,4,2,1,4,4,1,1,3,3,3,3,2,2,1,1,4,2,2,2,2,3,1,1,4,2,4,2,1,1,2,2,4,1,3,4,3,3,1,4,3,2,4,3,3,4,1,3,1,1,2,1,4,4,2,3,3,1,3,1,2,3,4,3,2,1,1,4,2,1,3,1,2,2,2,2,2,3,2,4,4,2,4,3,1,1,2,1,3,1,1,1,1,1,1,3,1,1,1,3,3,3,2,4,2,2,1,2,4,3,4,1,3,3,3,3,2,1,2,3,1,3,3,1,1,1,2,4,2,1,4,3,2,1,2,1,3,1,1,3,2,1,3,2,2,2,3,4,1,1,4,2,2,2,3,1,3,4,4,2,4,2,1,2,3,4,3,3,1,3,2,2,2,2,3,3,3,4,1,3,4,1,4,1,1,2,4,3,1,1,2,3,1,1,4,1,3,1,1,1,2,2,4,1,2,1,4,4,4,3,2,2,4,4,3,4,4,3"
160,0.9877030496613249,0.43137254901960786,2253.0,"2,1,2,4,1,1,1,2,2,1,3,4,2,1,1,1,1,4,3,4,4,2,1,4,3,4,4,1,2,2,1,4,4,2,1,4,2,4,1,4,4,3,1,3,4,3,3,1,2,2,1,2,3,2,1,2,1,4,3,3,1,2,4,2,3,4,1,1,2,1,2,2,2,1,1,2,2,1,2,3,2,4,3,1,1,3,1,1,1,1,1,1,3,4,2,1,2,3,2,1,1,3,2,4,3,4,2,1,2,4,2,2,2,2,4,3,1,2,4,1,3,1,4,2,1,4,2,4,1,2,4,2,2,1,3,3,3,4,4,2,2,4,3,1,2,2,3,3,2,3,3,3,4,4,1,4,1,1,1,3,4,2,2,1,2,4,4,4,3,4,2,4,3,2,1,4,3,4,2,2,2,3,4,4,3,3,3,2,3,2,1,2,2,3,2,2,4,2,3,2,2,4,1,4,2,4,3,1,3,2,4,2,4,2,3,1,3,1,2,1,1,1,4,2,4,1,2,2,2,3,1,1,2,3,1,4,3,4,1,1,1,1,2,2,2,1,2,3,4,1,3,1,4,2,3,3,1,4,4,4,4,2,2,4,2,2,4,2,2,4,4,1,1,3,4,3,1,2,3,1,1,4,3,1,1,4,1,2,3,4,4,2,3,2,2,2,2,1,1,1,4,2,2,3,4,4,3,1,1,1,4,1,2,3,1,1,2,3,2,4,1,3,3,3,4,2,1,2,3,1,3,3,1,1,1,3,4,3,2,3,1,2,3,3,4,2,2,4,3,4,2,4,1,1,4,3,2,4,3,3,2,1,3,2,2,3,3,2,1,3,3,2,3,4,2,4,4,3,2,4,2,2,1,1,1,3,2,4,2,1,1,2,1,2,2,2,2,1,3,4,2,2,2,1,4,2,3,4,2,1,3,4,4,4,3,2,4,2,2,2,4,3,1,1,1,1,3,1,1,3,4,3,1,1,2,1,2,2,4,1,1,2,4,4,1,2,3,2,1,1,2,3,2,4,1,1,1,4,3,1,2,3,1,2,3,4,2,2,3,1,2,3,1,1,2,4,2,3,1,4,3,1,4,1,3,1,2,1,1,1,1,4,4,3,1,1,2,4,1,1,2,1,1,2,2,2,2,3,3,3,1,3,1,3,2,3,1,1,2,2,4,4,1,2,4,1,1,2,1,2,1,4,4,2,3,3,1,4,2,3,2,2,3,3,1,1,3,2,2,3,4,1,2,2,1,2,1,1,1,2,4,3,2,3,3,4,4,2,4,3,3,1,3,3,1,4,3,4,1,1,1,4,4,2,1,4,2,2,1,1,4,1,3,2,2,2,3,4,1,1,2,2,1,4,4,3,4,3,3,2,1,3,4,1,2,3,3,3,4,2,3,2,1,1,3,1,1,3,2,2,2,1,1,1,4,2,2,4,1,3,4,1,3,3,4,1,1,3,3,1,1,4,2,2,1,3,1,3,3,4,3,4,2,3,1,2,2,1,2,2,1,2,2,4,1,2,1,3,4,3,1,1,3,3,1,4,1,3,1,1,1,2,3,3,2,2,1,2,3,3,4,1,4,3,4,2,1,2,4,3,3,1,1,1,2,1,2,3,4,4,2,4,2,2,3,2,3,3,2,2,2,3,2,3,4,2,1,3,3,1,3,2,1,3,1,1,3,2,3,4,3,2,4,3,1,4,2,4,1,1,2,2,2,2,2,1,1,1,1,3,1,4,1,4,2,3,1,2,2,4,1,3,2,3,1,3,2,2,2,2,4,2,4,3,1,4,1,3,3,3,3,2,1,2,4,4,2,2,1,3,4,1,3,4,1,2,2,3,3,2,2,3,3,3,4,3,2,2,2,1,3,1,3,1,3,4,1,3,3,2,2,3,1,2,2,1,1,3,3,1,2,2,1,1,2,1,3,1,1,2,1,2,3,4,3,1,4,3,2,4,4,3,2,3,2,1,1,2,1,3,2,4,4,3,3,3,3,4,1,1,3,2,2,2,1,1,1,4,2,3,1,2,2,3,1,1,1,3,1,3,2,2,1,2,1,1,2,1,1,4,1,2,4,4,2,1,2,2,4,2,4,4,4,4,1,3,2,1,1,1,2,3,1,2,3,1,3,4,3,3,4,3,1,2,1,3,3,3,1,4,4,4,1,1,1,1,1,4,2,4,2,3,4,4,1,1,1,1,3,4,3,1,1,3,1,1,2,1,2,3,4,2,4,1,1,1,2,4,3,1,2,3,1,1,2,2,1,4,1,2,2,2,4,3,4,2,4,1,4,1,4,1,4,3,1,1,4,4,1,4,2,4,3,1,3,3,2,2,3,1,3,4,1,1,4,1,2,1,1,1,1,3,3,3,2,4,4,2,1,2,1,1,2,1,3,3,3,3,2,3,1,2,2,3,4,4,3,3,1,1,3,3,4,3,4,3,1,4,4,4,3,2,4,1,3,4,3,2,2,3,3,3,4,3,1,2,4,4,2,2,1,1,1,4,1,1,1,3,3,4,2,1,3,3,4,2,1,3,4,4,3,4,2,4,2,2,3,2,2,1,2,3,2,3,2,2,1,3,2,3,4,1,3,4,1,3,3,2,2,3,3,1,4,1,1,3,1,3,4,1,4,1,4,2,1,2,1,1,1,3,1,1,3,1,3,3,1,2,2,1,1,4,1,2,4,4,3,2,1,1,4,1,4,3,4,1,4,1,1,1,2,3,4,1,1,2,3,2,1,3,3,1,4,3,3,3,4,2,1,2,2,4,2,1,1,4,3,1,4,4,2,4,3,2,1,1,1,2,1,1,3,3,3,3,1,1,4,2,1,2,1,1,3,3,3,3,1,3,3,2,2,4,2,2,2,2,1,4,3,3,3,3,1,3,4,1,1,2,4,2,1,3,2,3,4,1,3,1,2,3,4,1,2,2,2,1,2,4,4,1,2,2,2,2,4,3,3,2,1,4,2,2,3,2,3,2,3,2,1,1,1,4,4,1,1,2,1,3,4,2,2,4,1,1,3,3,1,1,2,2,1,4,2,4,2,3,2,4,4,1,4,3,1,2,2,1,1,3,2,1,2,2,4,2,4,2,3,1,1,2,2,2,1,4,1,3,1,4,3,3,3,4,4,2,1,4,4,2,3,4,4,1,1,1,4,1,3,4,2,4,2,2,4,4,2,3,1,4,2,2,1,1,2,4,2,2,1,1,4,4,1,1,3,4,1,4,1,2,4,3,2,3,3,1,1,2,1,4,2,1,2,1,3,3,4,4,4,2,3,4,1,1,1,4,2,1,4,4,1,1,3,3,3,3,2,2,1,1,4,2,2,2,2,3,1,1,4,2,4,2,1,1,2,2,4,1,3,4,3,3,1,4,3,2,4,3,3,4,1,3,1,1,2,1,4,4,2,3,3,1,3,1,2,3,4,3,2,1,1,4,2,1,3,1,2,2,2,2,2,3,2,4,4,2,4,3,1,1,2,1,3,1,1,1,1,1,1,3,1,1,1,3,3,3,2,4,2,2,1,2,4,3,4,1,3,3,3,3,2,1,2,3,1,3,3,1,1,1,2,4,2,1,4,3,2,1,2,1,3,1,1,3,2,1,3,2,2,2,3,4,1,1,4,2,2,2,3,1,3,4,4,2,4,2,1,2,3,4,3,3,1,3,2,2,2,2,3,3,3,4,1,3,4,1,4,1,1,2,4,3,1,1,2,3,1,1,4,1,3,1,1,1,2,2,4,1,2,1,4,4,4,3,2,2,4,4,3,4,4,3"
161,0.9877030496613249,0.43137254901960786,2253.0,"2,1,2,4,1,1,1,2,2,1,3,4,2,1,1,1,1,4,3,4,4,2,1,4,3,4,4,1,2,2,1,4,4,2,1,4,2,4,1,4,4,3,1,3,4,3,3,1,2,2,1,2,3,2,1,2,1,4,3,3,1,2,4,2,3,4,1,1,2,1,2,2,2,1,1,2,2,1,2,3,2,4,3,1,1,3,1,1,1,1,1,1,3,4,2,1,2,3,2,1,1,3,2,4,3,4,2,1,2,4,2,2,2,2,4,3,1,2,4,1,3,1,4,2,1,4,2,4,1,2,4,2,2,1,3,3,3,4,4,2,2,4,3,1,2,2,3,3,2,3,3,3,4,4,1,4,1,1,1,3,4,2,2,1,2,4,4,4,3,4,2,4,3,2,1,4,3,4,2,2,2,3,4,4,3,3,3,2,3,2,1,2,2,3,2,2,4,2,3,2,2,4,1,4,2,4,3,1,3,2,4,2,4,2,3,1,3,1,2,1,1,1,4,2,4,1,2,2,2,3,1,1,2,3,1,4,3,4,1,1,1,1,2,2,2,1,2,3,4,1,3,1,4,2,3,3,1,4,4,4,4,2,2,4,2,2,4,2,2,4,4,1,1,3,4,3,1,2,3,1,1,4,3,1,1,4,1,2,3,4,4,2,3,2,2,2,2,1,1,1,4,2,2,3,4,4,3,1,1,1,4,1,2,3,1,1,2,3,2,4,1,3,3,3,4,2,1,2,3,1,3,3,1,1,1,3,4,3,2,3,1,2,3,3,4,2,2,4,3,4,2,4,1,1,4,3,2,4,3,3,2,1,3,2,2,3,3,2,1,3,3,2,3,4,2,4,4,3,2,4,2,2,1,1,1,3,2,4,2,1,1,2,1,2,2,2,2,1,3,4,2,2,2,1,4,2,3,4,2,1,3,4,4,4,3,2,4,2,2,2,4,3,1,1,1,1,3,1,1,3,4,3,1,1,2,1,2,2,4,1,1,2,4,4,1,2,3,2,1,1,2,3,2,4,1,1,1,4,3,1,2,3,1,2,3,4,2,2,3,1,2,3,1,1,2,4,2,3,1,4,3,1,4,1,3,1,2,1,1,1,1,4,4,3,1,1,2,4,1,1,2,1,1,2,2,2,2,3,3,3,1,3,1,3,2,3,1,1,2,2,4,4,1,2,4,1,1,2,1,2,1,4,4,2,3,3,1,4,2,3,2,2,3,3,1,1,3,2,2,3,4,1,2,2,1,2,1,1,1,2,4,3,2,3,3,4,4,2,4,3,3,1,3,3,1,4,3,4,1,1,1,4,4,2,1,4,2,2,1,1,4,1,3,2,2,2,3,4,1,1,2,2,1,4,4,3,4,3,3,2,1,3,4,1,2,3,3,3,4,2,3,2,1,1,3,1,1,3,2,2,2,1,1,1,4,2,2,4,1,3,4,1,3,3,4,1,1,3,3,1,1,4,2,2,1,3,1,3,3,4,3,4,2,3,1,2,2,1,2,2,1,2,2,4,1,2,1,3,4,3,1,1,3,3,1,4,1,3,1,1,1,2,3,3,2,2,1,2,3,3,4,1,4,3,4,2,1,2,4,3,3,1,1,1,2,1,2,3,4,4,2,4,2,2,3,2,3,3,2,2,2,3,2,3,4,2,1,3,3,1,3,2,1,3,1,1,3,2,3,4,3,2,4,3,1,4,2,4,1,1,2,2,2,2,2,1,1,1,1,3,1,4,1,4,2,3,1,2,2,4,1,3,2,3,1,3,2,2,2,2,4,2,4,3,1,4,1,3,3,3,3,2,1,2,4,4,2,2,1,3,4,1,3,4,1,2,2,3,3,2,2,3,3,3,4,3,2,2,2,1,3,1,3,1,3,4,1,3,3,2,2,3,1,2,2,1,1,3,3,1,2,2,1,1,2,1,3,1,1,2,1,2,3,4,3,1,4,3,2,4,4,3,2,3,2,1,1,2,1,3,2,4,4,3,3,3,3,4,1,1,3,2,2,2,1,1,1,4,2,3,1,2,2,3,1,1,1,3,1,3,2,2,1,2,1,1,2,1,1,4,1,2,4,4,2,1,2,2,4,2,4,4,4,4,1,3,2,1,1,1,2,3,1,2,3,1,3,4,3,3,4,3,1,2,1,3,3,3,1,4,4,4,1,1,1,1,1,4,2,4,2,3,4,4,1,1,1,1,3,4,3,1,1,3,1,1,2,1,2,3,4,2,4,1,1,1,2,4,3,1,2,3,1,1,2,2,1,4,1,2,2,2,4,3,4,2,4,1,4,1,4,1,4,3,1,1,4,4,1,4,2,4,3,1,3,3,2,2,3,1,3,4,1,1,4,1,2,1,1,1,1,3,3,3,2,4,4,2,1,2,1,1,2,1,3,3,3,3,2,3,1,2,2,3,4,4,3,3,1,1,3,3,4,3,4,3,1,4,4,4,3,2,4,1,3,4,3,2,2,3,3,3,4,3,1,2,4,4,2,2,1,1,1,4,1,1,1,3,3,4,2,1,3,3,4,2,1,3,4,4,3,4,2,4,2,2,3,2,2,1,2,3,2,3,2,2,1,3,2,3,4,1,3,4,1,3,3,2,2,3,3,1,4,1,1,3,1,3,4,1,4,1,4,2,1,2,1,1,1,3,1,1,3,1,3,3,1,2,2,1,1,4,1,2,4,4,3,2,1,1,4,1,4,3,4,1,4,1,1,1,2,3,4,1,1,2,3,2,1,3,3,1,4,3,3,3,4,2,1,2,2,4,2,1,1,4,3,1,4,4,2,4,3,2,1,1,1,2,1,1,3,3,3,3,1,1,4,2,1,2,1,1,3,3,3,3,1,3,3,2,2,4,2,2,2,2,1,4,3,3,3,3,1,3,4,1,1,2,4,2,1,3,2,3,4,1,3,1,2,3,4,1,2,2,2,1,2,4,4,1,2,2,2,2,4,3,3,2,1,4,2,2,3,2,3,2,3,2,1,1,1,4,4,1,1,2,1,3,4,2,2,4,1,1,3,3,1,1,2,2,1,4,2,4,2,3,2,4,4,1,4,3,1,2,2,1,1,3,2,1,2,2,4,2,4,2,3,1,1,2,2,2,1,4,1,3,1,4,3,3,3,4,4,2,1,4,4,2,3,4,4,1,1,1,4,1,3,4,2,4,2,2,4,4,2,3,1,4,2,2,1,1,2,4,2,2,1,1,4,4,1,1,3,4,1,4,1,2,4,3,2,3,3,1,1,2,1,4,2,1,2,1,3,3,4,4,4,2,3,4,1,1,1,4,2,1,4,4,1,1,3,3,3,3,2,2,1,1,4,2,2,2,2,3,1,1,4,2,4,2,1,1,2,2,4,1,3,4,3,3,1,4,3,2,4,3,3,4,1,3,1,1,2,1,4,4,2,3,3,1,3,1,2,3,4,3,2,1,1,4,2,1,3,1,2,2,2,2,2,3,2,4,4,2,4,3,1,1,2,1,3,1,1,1,1,1,1,3,1,1,1,3,3,3,2,4,2,2,1,2,4,3,4,1,3,3,3,3,2,1,2,3,1,3,3,1,1,1,2,4,2,1,4,3,2,1,2,1,3,1,1,3,2,1,3,2,2,2,3,4,1,1,4,2,2,2,3,1,3,4,4,2,4,2,1,2,3,4,3,3,1,3,2,2,2,2,3,3,3,4,1,3,4,1,4,1,1,2,4,3,1,1,2,3,1,1,4,1,3,1,1,1,2,2,4,1,2,1,4,4,4,3,2,2,4,4,3,4,4,3"
162,0.9877030496613249,0.43137254901960786,2253.0,"2,1,2,4,1,1,1,2,2,1,3,4,2,1,1,1,1,4,3,4,4,2,1,4,3,4,4,1,2,2,1,4,4,2,1,4,2,4,1,4,4,3,1,3,4,3,3,1,2,2,1,2,3,2,1,2,1,4,3,3,1,2,4,2,3,4,1,1,2,1,2,2,2,1,1,2,2,1,2,3,2,4,3,1,1,3,1,1,1,1,1,1,3,4,2,1,2,3,2,1,1,3,2,4,3,4,2,1,2,4,2,2,2,2,4,3,1,2,4,1,3,1,4,2,1,4,2,4,1,2,4,2,2,1,3,3,3,4,4,2,2,4,3,1,2,2,3,3,2,3,3,3,4,4,1,4,1,1,1,3,4,2,2,1,2,4,4,4,3,4,2,4,3,2,1,4,3,4,2,2,2,3,4,4,3,3,3,2,3,2,1,2,2,3,2,2,4,2,3,2,2,4,1,4,2,4,3,1,3,2,4,2,4,2,3,1,3,1,2,1,1,1,4,2,4,1,2,2,2,3,1,1,2,3,1,4,3,4,1,1,1,1,2,2,2,1,2,3,4,1,3,1,4,2,3,3,1,4,4,4,4,2,2,4,2,2,4,2,2,4,4,1,1,3,4,3,1,2,3,1,1,4,3,1,1,4,1,2,3,4,4,2,3,2,2,2,2,1,1,1,4,2,2,3,4,4,3,1,1,1,4,1,2,3,1,1,2,3,2,4,1,3,3,3,4,2,1,2,3,1,3,3,1,1,1,3,4,3,2,3,1,2,3,3,4,2,2,4,3,4,2,4,1,1,4,3,2,4,3,3,2,1,3,2,2,3,3,2,1,3,3,2,3,4,2,4,4,3,2,4,2,2,1,1,1,3,2,4,2,1,1,2,1,2,2,2,2,1,3,4,2,2,2,1,4,2,3,4,2,1,3,4,4,4,3,2,4,2,2,2,4,3,1,1,1,1,3,1,1,3,4,3,1,1,2,1,2,2,4,1,1,2,4,4,1,2,3,2,1,1,2,3,2,4,1,1,1,4,3,1,2,3,1,2,3,4,2,2,3,1,2,3,1,1,2,4,2,3,1,4,3,1,4,1,3,1,2,1,1,1,1,4,4,3,1,1,2,4,1,1,2,1,1,2,2,2,2,3,3,3,1,3,1,3,2,3,1,1,2,2,4,4,1,2,4,1,1,2,1,2,1,4,4,2,3,3,1,4,2,3,2,2,3,3,1,1,3,2,2,3,4,1,2,2,1,2,1,1,1,2,4,3,2,3,3,4,4,2,4,3,3,1,3,3,1,4,3,4,1,1,1,4,4,2,1,4,2,2,1,1,4,1,3,2,2,2,3,4,1,1,2,2,1,4,4,3,4,3,3,2,1,3,4,1,2,3,3,3,4,2,3,2,1,1,3,1,1,3,2,2,2,1,1,1,4,2,2,4,1,3,4,1,3,3,4,1,1,3,3,1,1,4,2,2,1,3,1,3,3,4,3,4,2,3,1,2,2,1,2,2,1,2,2,4,1,2,1,3,4,3,1,1,3,3,1,4,1,3,1,1,1,2,3,3,2,2,1,2,3,3,4,1,4,3,4,2,1,2,4,3,3,1,1,1,2,1,2,3,4,4,2,4,2,2,3,2,3,3,2,2,2,3,2,3,4,2,1,3,3,1,3,2,1,3,1,1,3,2,3,4,3,2,4,3,1,4,2,4,1,1,2,2,2,2,2,1,1,1,1,3,1,4,1,4,2,3,1,2,2,4,1,3,2,3,1,3,2,2,2,2,4,2,4,3,1,4,1,3,3,3,3,2,1,2,4,4,2,2,1,3,4,1,3,4,1,2,2,3,3,2,2,3,3,3,4,3,2,2,2,1,3,1,3,1,3,4,1,3,3,2,2,3,1,2,2,1,1,3,3,1,2,2,1,1,2,1,3,1,1,2,1,2,3,4,3,1,4,3,2,4,4,3,2,3,2,1,1,2,1,3,2,4,4,3,3,3,3,4,1,1,3,2,2,2,1,1,1,4,2,3,1,2,2,3,1,1,1,3,1,3,2,2,1,2,1,1,2,1,1,4,1,2,4,4,2,1,2,2,4,2,4,4,4,4,1,3,2,1,1,1,2,3,1,2,3,1,3,4,3,3,4,3,1,2,1,3,3,3,1,4,4,4,1,1,1,1,1,4,2,4,2,3,4,4,1,1,1,1,3,4,3,1,1,3,1,1,2,1,2,3,4,2,4,1,1,1,2,4,3,1,2,3,1,1,2,2,1,4,1,2,2,2,4,3,4,2,4,1,4,1,4,1,4,3,1,1,4,4,1,4,2,4,3,1,3,3,2,2,3,1,3,4,1,1,4,1,2,1,1,1,1,3,3,3,2,4,4,2,1,2,1,1,2,1,3,3,3,3,2,3,1,2,2,3,4,4,3,3,1,1,3,3,4,3,4,3,1,4,4,4,3,2,4,1,3,4,3,2,2,3,3,3,4,3,1,2,4,4,2,2,1,1,1,4,1,1,1,3,3,4,2,1,3,3,4,2,1,3,4,4,3,4,2,4,2,2,3,2,2,1,2,3,2,3,2,2,1,3,2,3,4,1,3,4,1,3,3,2,2,3,3,1,4,1,1,3,1,3,4,1,4,1,4,2,1,2,1,1,1,3,1,1,3,1,3,3,1,2,2,1,1,4,1,2,4,4,3,2,1,1,4,1,4,3,4,1,4,1,1,1,2,3,4,1,1,2,3,2,1,3,3,1,4,3,3,3,4,2,1,2,2,4,2,1,1,4,3,1,4,4,2,4,3,2,1,1,1,2,1,1,3,3,3,3,1,1,4,2,1,2,1,1,3,3,3,3,1,3,3,2,2,4,2,2,2,2,1,4,3,3,3,3,1,3,4,1,1,2,4,2,1,3,2,3,4,1,3,1,2,3,4,1,2,2,2,1,2,4,4,1,2,2,2,2,4,3,3,2,1,4,2,2,3,2,3,2,3,2,1,1,1,4,4,1,1,2,1,3,4,2,2,4,1,1,3,3,1,1,2,2,1,4,2,4,2,3,2,4,4,1,4,3,1,2,2,1,1,3,2,1,2,2,4,2,4,2,3,1,1,2,2,2,1,4,1,3,1,4,3,3,3,4,4,2,1,4,4,2,3,4,4,1,1,1,4,1,3,4,2,4,2,2,4,4,2,3,1,4,2,2,1,1,2,4,2,2,1,1,4,4,1,1,3,4,1,4,1,2,4,3,2,3,3,1,1,2,1,4,2,1,2,1,3,3,4,4,4,2,3,4,1,1,1,4,2,1,4,4,1,1,3,3,3,3,2,2,1,1,4,2,2,2,2,3,1,1,4,2,4,2,1,1,2,2,4,1,3,4,3,3,1,4,3,2,4,3,3,4,1,3,1,1,2,1,4,4,2,3,3,1,3,1,2,3,4,3,2,1,1,4,2,1,3,1,2,2,2,2,2,3,2,4,4,2,4,3,1,1,2,1,3,1,1,1,1,1,1,3,1,1,1,3,3,3,2,4,2,2,1,2,4,3,4,1,3,3,3,3,2,1,2,3,1,3,3,1,1,1,2,4,2,1,4,3,2,1,2,1,3,1,1,3,2,1,3,2,2,2,3,4,1,1,4,2,2,2,3,1,3,4,4,2,4,2,1,2,3,4,3,3,1,3,2,2,2,2,3,3,3,4,1,3,4,1,4,1,1,2,4,3,1,1,2,3,1,1,4,1,3,1,1,1,2,2,4,1,2,1,4,4,4,3,2,2,4,4,3,4,4,3"
163,0.9877030496613249,0.43137254901960786,2253.0,"2,1,2,4,1,1,1,2,2,1,3,4,2,1,1,1,1,4,3,4,4,2,1,4,3,4,4,1,2,2,1,4,4,2,1,4,2,4,1,4,4,3,1,3,4,3,3,1,2,2,1,2,3,2,1,2,1,4,3,3,1,2,4,2,3,4,1,1,2,1,2,2,2,1,1,2,2,1,2,3,2,4,3,1,1,3,1,1,1,1,1,1,3,4,2,1,2,3,2,1,1,3,2,4,3,4,2,1,2,4,2,2,2,2,4,3,1,2,4,1,3,1,4,2,1,4,2,4,1,2,4,2,2,1,3,3,3,4,4,2,2,4,3,1,2,2,3,3,2,3,3,3,4,4,1,4,1,1,1,3,4,2,2,1,2,4,4,4,3,4,2,4,3,2,1,4,3,4,2,2,2,3,4,4,3,3,3,2,3,2,1,2,2,3,2,2,4,2,3,2,2,4,1,4,2,4,3,1,3,2,4,2,4,2,3,1,3,1,2,1,1,1,4,2,4,1,2,2,2,3,1,1,2,3,1,4,3,4,1,1,1,1,2,2,2,1,2,3,4,1,3,1,4,2,3,3,1,4,4,4,4,2,2,4,2,2,4,2,2,4,4,1,1,3,4,3,1,2,3,1,1,4,3,1,1,4,1,2,3,4,4,2,3,2,2,2,2,1,1,1,4,2,2,3,4,4,3,1,1,1,4,1,2,3,1,1,2,3,2,4,1,3,3,3,4,2,1,2,3,1,3,3,1,1,1,3,4,3,2,3,1,2,3,3,4,2,2,4,3,4,2,4,1,1,4,3,2,4,3,3,2,1,3,2,2,3,3,2,1,3,3,2,3,4,2,4,4,3,2,4,2,2,1,1,1,3,2,4,2,1,1,2,1,2,2,2,2,1,3,4,2,2,2,1,4,2,3,4,2,1,3,4,4,4,3,2,4,2,2,2,4,3,1,1,1,1,3,1,1,3,4,3,1,1,2,1,2,2,4,1,1,2,4,4,1,2,3,2,1,1,2,3,2,4,1,1,1,4,3,1,2,3,1,2,3,4,2,2,3,1,2,3,1,1,2,4,2,3,1,4,3,1,4,1,3,1,2,1,1,1,1,4,4,3,1,1,2,4,1,1,2,1,1,2,2,2,2,3,3,3,1,3,1,3,2,3,1,1,2,2,4,4,1,2,4,1,1,2,1,2,1,4,4,2,3,3,1,4,2,3,2,2,3,3,1,1,3,2,2,3,4,1,2,2,1,2,1,1,1,2,4,3,2,3,3,4,4,2,4,3,3,1,3,3,1,4,3,4,1,1,1,4,4,2,1,4,2,2,1,1,4,1,3,2,2,2,3,4,1,1,2,2,1,4,4,3,4,3,3,2,1,3,4,1,2,3,3,3,4,2,3,2,1,1,3,1,1,3,2,2,2,1,1,1,4,2,2,4,1,3,4,1,3,3,4,1,1,3,3,1,1,4,2,2,1,3,1,3,3,4,3,4,2,3,1,2,2,1,2,2,1,2,2,4,1,2,1,3,4,3,1,1,3,3,1,4,1,3,1,1,1,2,3,3,2,2,1,2,3,3,4,1,4,3,4,2,1,2,4,3,3,1,1,1,2,1,2,3,4,4,2,4,2,2,3,2,3,3,2,2,2,3,2,3,4,2,1,3,3,1,3,2,1,3,1,1,3,2,3,4,3,2,4,3,1,4,2,4,1,1,2,2,2,2,2,1,1,1,1,3,1,4,1,4,2,3,1,2,2,4,1,3,2,3,1,3,2,2,2,2,4,2,4,3,1,4,1,3,3,3,3,2,1,2,4,4,2,2,1,3,4,1,3,4,1,2,2,3,3,2,2,3,3,3,4,3,2,2,2,1,3,1,3,1,3,4,1,3,3,2,2,3,1,2,2,1,1,3,3,1,2,2,1,1,2,1,3,1,1,2,1,2,3,4,3,1,4,3,2,4,4,3,2,3,2,1,1,2,1,3,2,4,4,3,3,3,3,4,1,1,3,2,2,2,1,1,1,4,2,3,1,2,2,3,1,1,1,3,1,3,2,2,1,2,1,1,2,1,1,4,1,2,4,4,2,1,2,2,4,2,4,4,4,4,1,3,2,1,1,1,2,3,1,2,3,1,3,4,3,3,4,3,1,2,1,3,3,3,1,4,4,4,1,1,1,1,1,4,2,4,2,3,4,4,1,1,1,1,3,4,3,1,1,3,1,1,2,1,2,3,4,2,4,1,1,1,2,4,3,1,2,3,1,1,2,2,1,4,1,2,2,2,4,3,4,2,4,1,4,1,4,1,4,3,1,1,4,4,1,4,2,4,3,1,3,3,2,2,3,1,3,4,1,1,4,1,2,1,1,1,1,3,3,3,2,4,4,2,1,2,1,1,2,1,3,3,3,3,2,3,1,2,2,3,4,4,3,3,1,1,3,3,4,3,4,3,1,4,4,4,3,2,4,1,3,4,3,2,2,3,3,3,4,3,1,2,4,4,2,2,1,1,1,4,1,1,1,3,3,4,2,1,3,3,4,2,1,3,4,4,3,4,2,4,2,2,3,2,2,1,2,3,2,3,2,2,1,3,2,3,4,1,3,4,1,3,3,2,2,3,3,1,4,1,1,3,1,3,4,1,4,1,4,2,1,2,1,1,1,3,1,1,3,1,3,3,1,2,2,1,1,4,1,2,4,4,3,2,1,1,4,1,4,3,4,1,4,1,1,1,2,3,4,1,1,2,3,2,1,3,3,1,4,3,3,3,4,2,1,2,2,4,2,1,1,4,3,1,4,4,2,4,3,2,1,1,1,2,1,1,3,3,3,3,1,1,4,2,1,2,1,1,3,3,3,3,1,3,3,2,2,4,2,2,2,2,1,4,3,3,3,3,1,3,4,1,1,2,4,2,1,3,2,3,4,1,3,1,2,3,4,1,2,2,2,1,2,4,4,1,2,2,2,2,4,3,3,2,1,4,2,2,3,2,3,2,3,2,1,1,1,4,4,1,1,2,1,3,4,2,2,4,1,1,3,3,1,1,2,2,1,4,2,4,2,3,2,4,4,1,4,3,1,2,2,1,1,3,2,1,2,2,4,2,4,2,3,1,1,2,2,2,1,4,1,3,1,4,3,3,3,4,4,2,1,4,4,2,3,4,4,1,1,1,4,1,3,4,2,4,2,2,4,4,2,3,1,4,2,2,1,1,2,4,2,2,1,1,4,4,1,1,3,4,1,4,1,2,4,3,2,3,3,1,1,2,1,4,2,1,2,1,3,3,4,4,4,2,3,4,1,1,1,4,2,1,4,4,1,1,3,3,3,3,2,2,1,1,4,2,2,2,2,3,1,1,4,2,4,2,1,1,2,2,4,1,3,4,3,3,1,4,3,2,4,3,3,4,1,3,1,1,2,1,4,4,2,3,3,1,3,1,2,3,4,3,2,1,1,4,2,1,3,1,2,2,2,2,2,3,2,4,4,2,4,3,1,1,2,1,3,1,1,1,1,1,1,3,1,1,1,3,3,3,2,4,2,2,1,2,4,3,4,1,3,3,3,3,2,1,2,3,1,3,3,1,1,1,2,4,2,1,4,3,2,1,2,1,3,1,1,3,2,1,3,2,2,2,3,4,1,1,4,2,2,2,3,1,3,4,4,2,4,2,1,2,3,4,3,3,1,3,2,2,2,2,3,3,3,4,1,3,4,1,4,1,1,2,4,3,1,1,2,3,1,1,4,1,3,1,1,1,2,2,4,1,2,1,4,4,4,3,2,2,4,4,3,4,4,3"
164,0.9877030496613249,0.43137254901960786,2253.0,"2,1,2,4,1,1,1,2,2,1,3,4,2,1,1,1,1,4,3,4,4,2,1,4,3,4,4,1,2,2,1,4,4,2,1,4,2,4,1,4,4,3,1,3,4,3,3,1,2,2,1,2,3,2,1,2,1,4,3,3,1,2,4,2,3,4,1,1,2,1,2,2,2,1,1,2,2,1,2,3,2,4,3,1,1,3,1,1,1,1,1,1,3,4,2,1,2,3,2,1,1,3,2,4,3,4,2,1,2,4,2,2,2,2,4,3,1,2,4,1,3,1,4,2,1,4,2,4,1,2,4,2,2,1,3,3,3,4,4,2,2,4,3,1,2,2,3,3,2,3,3,3,4,4,1,4,1,1,1,3,4,2,2,1,2,4,4,4,3,4,2,4,3,2,1,4,3,4,2,2,2,3,4,4,3,3,3,2,3,2,1,2,2,3,2,2,4,2,3,2,2,4,1,4,2,4,3,1,3,2,4,2,4,2,3,1,3,1,2,1,1,1,4,2,4,1,2,2,2,3,1,1,2,3,1,4,3,4,1,1,1,1,2,2,2,1,2,3,4,1,3,1,4,2,3,3,1,4,4,4,4,2,2,4,2,2,4,2,2,4,4,1,1,3,4,3,1,2,3,1,1,4,3,1,1,4,1,2,3,4,4,2,3,2,2,2,2,1,1,1,4,2,2,3,4,4,3,1,1,1,4,1,2,3,1,1,2,3,2,4,1,3,3,3,4,2,1,2,3,1,3,3,1,1,1,3,4,3,2,3,1,2,3,3,4,2,2,4,3,4,2,4,1,1,4,3,2,4,3,3,2,1,3,2,2,3,3,2,1,3,3,2,3,4,2,4,4,3,2,4,2,2,1,1,1,3,2,4,2,1,1,2,1,2,2,2,2,1,3,4,2,2,2,1,4,2,3,4,2,1,3,4,4,4,3,2,4,2,2,2,4,3,1,1,1,1,3,1,1,3,4,3,1,1,2,1,2,2,4,1,1,2,4,4,1,2,3,2,1,1,2,3,2,4,1,1,1,4,3,1,2,3,1,2,3,4,2,2,3,1,2,3,1,1,2,4,2,3,1,4,3,1,4,1,3,1,2,1,1,1,1,4,4,3,1,1,2,4,1,1,2,1,1,2,2,2,2,3,3,3,1,3,1,3,2,3,1,1,2,2,4,4,1,2,4,1,1,2,1,2,1,4,4,2,3,3,1,4,2,3,2,2,3,3,1,1,3,2,2,3,4,1,2,2,1,2,1,1,1,2,4,3,2,3,3,4,4,2,4,3,3,1,3,3,1,4,3,4,1,1,1,4,4,2,1,4,2,2,1,1,4,1,3,2,2,2,3,4,1,1,2,2,1,4,4,3,4,3,3,2,1,3,4,1,2,3,3,3,4,2,3,2,1,1,3,1,1,3,2,2,2,1,1,1,4,2,2,4,1,3,4,1,3,3,4,1,1,3,3,1,1,4,2,2,1,3,1,3,3,4,3,4,2,3,1,2,2,1,2,2,1,2,2,4,1,2,1,3,4,3,1,1,3,3,1,4,1,3,1,1,1,2,3,3,2,2,1,2,3,3,4,1,4,3,4,2,1,2,4,3,3,1,1,1,2,1,2,3,4,4,2,4,2,2,3,2,3,3,2,2,2,3,2,3,4,2,1,3,3,1,3,2,1,3,1,1,3,2,3,4,3,2,4,3,1,4,2,4,1,1,2,2,2,2,2,1,1,1,1,3,1,4,1,4,2,3,1,2,2,4,1,3,2,3,1,3,2,2,2,2,4,2,4,3,1,4,1,3,3,3,3,2,1,2,4,4,2,2,1,3,4,1,3,4,1,2,2,3,3,2,2,3,3,3,4,3,2,2,2,1,3,1,3,1,3,4,1,3,3,2,2,3,1,2,2,1,1,3,3,1,2,2,1,1,2,1,3,1,1,2,1,2,3,4,3,1,4,3,2,4,4,3,2,3,2,1,1,2,1,3,2,4,4,3,3,3,3,4,1,1,3,2,2,2,1,1,1,4,2,3,1,2,2,3,1,1,1,3,1,3,2,2,1,2,1,1,2,1,1,4,1,2,4,4,2,1,2,2,4,2,4,4,4,4,1,3,2,1,1,1,2,3,1,2,3,1,3,4,3,3,4,3,1,2,1,3,3,3,1,4,4,4,1,1,1,1,1,4,2,4,2,3,4,4,1,1,1,1,3,4,3,1,1,3,1,1,2,1,2,3,4,2,4,1,1,1,2,4,3,1,2,3,1,1,2,2,1,4,1,2,2,2,4,3,4,2,4,1,4,1,4,1,4,3,1,1,4,4,1,4,2,4,3,1,3,3,2,2,3,1,3,4,1,1,4,1,2,1,1,1,1,3,3,3,2,4,4,2,1,2,1,1,2,1,3,3,3,3,2,3,1,2,2,3,4,4,3,3,1,1,3,3,4,3,4,3,1,4,4,4,3,2,4,1,3,4,3,2,2,3,3,3,4,3,1,2,4,4,2,2,1,1,1,4,1,1,1,3,3,4,2,1,3,3,4,2,1,3,4,4,3,4,2,4,2,2,3,2,2,1,2,3,2,3,2,2,1,3,2,3,4,1,3,4,1,3,3,2,2,3,3,1,4,1,1,3,1,3,4,1,4,1,4,2,1,2,1,1,1,3,1,1,3,1,3,3,1,2,2,1,1,4,1,2,4,4,3,2,1,1,4,1,4,3,4,1,4,1,1,1,2,3,4,1,1,2,3,2,1,3,3,1,4,3,3,3,4,2,1,2,2,4,2,1,1,4,3,1,4,4,2,4,3,2,1,1,1,2,1,1,3,3,3,3,1,1,4,2,1,2,1,1,3,3,3,3,1,3,3,2,2,4,2,2,2,2,1,4,3,3,3,3,1,3,4,1,1,2,4,2,1,3,2,3,4,1,3,1,2,3,4,1,2,2,2,1,2,4,4,1,2,2,2,2,4,3,3,2,1,4,2,2,3,2,3,2,3,2,1,1,1,4,4,1,1,2,1,3,4,2,2,4,1,1,3,3,1,1,2,2,1,4,2,4,2,3,2,4,4,1,4,3,1,2,2,1,1,3,2,1,2,2,4,2,4,2,3,1,1,2,2,2,1,4,1,3,1,4,3,3,3,4,4,2,1,4,4,2,3,4,4,1,1,1,4,1,3,4,2,4,2,2,4,4,2,3,1,4,2,2,1,1,2,4,2,2,1,1,4,4,1,1,3,4,1,4,1,2,4,3,2,3,3,1,1,2,1,4,2,1,2,1,3,3,4,4,4,2,3,4,1,1,1,4,2,1,4,4,1,1,3,3,3,3,2,2,1,1,4,2,2,2,2,3,1,1,4,2,4,2,1,1,2,2,4,1,3,4,3,3,1,4,3,2,4,3,3,4,1,3,1,1,2,1,4,4,2,3,3,1,3,1,2,3,4,3,2,1,1,4,2,1,3,1,2,2,2,2,2,3,2,4,4,2,4,3,1,1,2,1,3,1,1,1,1,1,1,3,1,1,1,3,3,3,2,4,2,2,1,2,4,3,4,1,3,3,3,3,2,1,2,3,1,3,3,1,1,1,2,4,2,1,4,3,2,1,2,1,3,1,1,3,2,1,3,2,2,2,3,4,1,1,4,2,2,2,3,1,3,4,4,2,4,2,1,2,3,4,3,3,1,3,2,2,2,2,3,3,3,4,1,3,4,1,4,1,1,2,4,3,1,1,2,3,1,1,4,1,3,1,1,1,2,2,4,1,2,1,4,4,4,3,2,2,4,4,3,4,4,3"
165,0.9877030496613249,0.43137254901960786,2253.0,"2,1,2,4,1,1,1,2,2,1,3,4,2,1,1,1,1,4,3,4,4,2,1,4,3,4,4,1,2,2,1,4,4,2,1,4,2,4,1,4,4,3,1,3,4,3,3,1,2,2,1,2,3,2,1,2,1,4,3,3,1,2,4,2,3,4,1,1,2,1,2,2,2,1,1,2,2,1,2,3,2,4,3,1,1,3,1,1,1,1,1,1,3,4,2,1,2,3,2,1,1,3,2,4,3,4,2,1,2,4,2,2,2,2,4,3,1,2,4,1,3,1,4,2,1,4,2,4,1,2,4,2,2,1,3,3,3,4,4,2,2,4,3,1,2,2,3,3,2,3,3,3,4,4,1,4,1,1,1,3,4,2,2,1,2,4,4,4,3,4,2,4,3,2,1,4,3,4,2,2,2,3,4,4,3,3,3,2,3,2,1,2,2,3,2,2,4,2,3,2,2,4,1,4,2,4,3,1,3,2,4,2,4,2,3,1,3,1,2,1,1,1,4,2,4,1,2,2,2,3,1,1,2,3,1,4,3,4,1,1,1,1,2,2,2,1,2,3,4,1,3,1,4,2,3,3,1,4,4,4,4,2,2,4,2,2,4,2,2,4,4,1,1,3,4,3,1,2,3,1,1,4,3,1,1,4,1,2,3,4,4,2,3,2,2,2,2,1,1,1,4,2,2,3,4,4,3,1,1,1,4,1,2,3,1,1,2,3,2,4,1,3,3,3,4,2,1,2,3,1,3,3,1,1,1,3,4,3,2,3,1,2,3,3,4,2,2,4,3,4,2,4,1,1,4,3,2,4,3,3,2,1,3,2,2,3,3,2,1,3,3,2,3,4,2,4,4,3,2,4,2,2,1,1,1,3,2,4,2,1,1,2,1,2,2,2,2,1,3,4,2,2,2,1,4,2,3,4,2,1,3,4,4,4,3,2,4,2,2,2,4,3,1,1,1,1,3,1,1,3,4,3,1,1,2,1,2,2,4,1,1,2,4,4,1,2,3,2,1,1,2,3,2,4,1,1,1,4,3,1,2,3,1,2,3,4,2,2,3,1,2,3,1,1,2,4,2,3,1,4,3,1,4,1,3,1,2,1,1,1,1,4,4,3,1,1,2,4,1,1,2,1,1,2,2,2,2,3,3,3,1,3,1,3,2,3,1,1,2,2,4,4,1,2,4,1,1,2,1,2,1,4,4,2,3,3,1,4,2,3,2,2,3,3,1,1,3,2,2,3,4,1,2,2,1,2,1,1,1,2,4,3,2,3,3,4,4,2,4,3,3,1,3,3,1,4,3,4,1,1,1,4,4,2,1,4,2,2,1,1,4,1,3,2,2,2,3,4,1,1,2,2,1,4,4,3,4,3,3,2,1,3,4,1,2,3,3,3,4,2,3,2,1,1,3,1,1,3,2,2,2,1,1,1,4,2,2,4,1,3,4,1,3,3,4,1,1,3,3,1,1,4,2,2,1,3,1,3,3,4,3,4,2,3,1,2,2,1,2,2,1,2,2,4,1,2,1,3,4,3,1,1,3,3,1,4,1,3,1,1,1,2,3,3,2,2,1,2,3,3,4,1,4,3,4,2,1,2,4,3,3,1,1,1,2,1,2,3,4,4,2,4,2,2,3,2,3,3,2,2,2,3,2,3,4,2,1,3,3,1,3,2,1,3,1,1,3,2,3,4,3,2,4,3,1,4,2,4,1,1,2,2,2,2,2,1,1,1,1,3,1,4,1,4,2,3,1,2,2,4,1,3,2,3,1,3,2,2,2,2,4,2,4,3,1,4,1,3,3,3,3,2,1,2,4,4,2,2,1,3,4,1,3,4,1,2,2,3,3,2,2,3,3,3,4,3,2,2,2,1,3,1,3,1,3,4,1,3,3,2,2,3,1,2,2,1,1,3,3,1,2,2,1,1,2,1,3,1,1,2,1,2,3,4,3,1,4,3,2,4,4,3,2,3,2,1,1,2,1,3,2,4,4,3,3,3,3,4,1,1,3,2,2,2,1,1,1,4,2,3,1,2,2,3,1,1,1,3,1,3,2,2,1,2,1,1,2,1,1,4,1,2,4,4,2,1,2,2,4,2,4,4,4,4,1,3,2,1,1,1,2,3,1,2,3,1,3,4,3,3,4,3,1,2,1,3,3,3,1,4,4,4,1,1,1,1,1,4,2,4,2,3,4,4,1,1,1,1,3,4,3,1,1,3,1,1,2,1,2,3,4,2,4,1,1,1,2,4,3,1,2,3,1,1,2,2,1,4,1,2,2,2,4,3,4,2,4,1,4,1,4,1,4,3,1,1,4,4,1,4,2,4,3,1,3,3,2,2,3,1,3,4,1,1,4,1,2,1,1,1,1,3,3,3,2,4,4,2,1,2,1,1,2,1,3,3,3,3,2,3,1,2,2,3,4,4,3,3,1,1,3,3,4,3,4,3,1,4,4,4,3,2,4,1,3,4,3,2,2,3,3,3,4,3,1,2,4,4,2,2,1,1,1,4,1,1,1,3,3,4,2,1,3,3,4,2,1,3,4,4,3,4,2,4,2,2,3,2,2,1,2,3,2,3,2,2,1,3,2,3,4,1,3,4,1,3,3,2,2,3,3,1,4,1,1,3,1,3,4,1,4,1,4,2,1,2,1,1,1,3,1,1,3,1,3,3,1,2,2,1,1,4,1,2,4,4,3,2,1,1,4,1,4,3,4,1,4,1,1,1,2,3,4,1,1,2,3,2,1,3,3,1,4,3,3,3,4,2,1,2,2,4,2,1,1,4,3,1,4,4,2,4,3,2,1,1,1,2,1,1,3,3,3,3,1,1,4,2,1,2,1,1,3,3,3,3,1,3,3,2,2,4,2,2,2,2,1,4,3,3,3,3,1,3,4,1,1,2,4,2,1,3,2,3,4,1,3,1,2,3,4,1,2,2,2,1,2,4,4,1,2,2,2,2,4,3,3,2,1,4,2,2,3,2,3,2,3,2,1,1,1,4,4,1,1,2,1,3,4,2,2,4,1,1,3,3,1,1,2,2,1,4,2,4,2,3,2,4,4,1,4,3,1,2,2,1,1,3,2,1,2,2,4,2,4,2,3,1,1,2,2,2,1,4,1,3,1,4,3,3,3,4,4,2,1,4,4,2,3,4,4,1,1,1,4,1,3,4,2,4,2,2,4,4,2,3,1,4,2,2,1,1,2,4,2,2,1,1,4,4,1,1,3,4,1,4,1,2,4,3,2,3,3,1,1,2,1,4,2,1,2,1,3,3,4,4,4,2,3,4,1,1,1,4,2,1,4,4,1,1,3,3,3,3,2,2,1,1,4,2,2,2,2,3,1,1,4,2,4,2,1,1,2,2,4,1,3,4,3,3,1,4,3,2,4,3,3,4,1,3,1,1,2,1,4,4,2,3,3,1,3,1,2,3,4,3,2,1,1,4,2,1,3,1,2,2,2,2,2,3,2,4,4,2,4,3,1,1,2,1,3,1,1,1,1,1,1,3,1,1,1,3,3,3,2,4,2,2,1,2,4,3,4,1,3,3,3,3,2,1,2,3,1,3,3,1,1,1,2,4,2,1,4,3,2,1,2,1,3,1,1,3,2,1,3,2,2,2,3,4,1,1,4,2,2,2,3,1,3,4,4,2,4,2,1,2,3,4,3,3,1,3,2,2,2,2,3,3,3,4,1,3,4,1,4,1,1,2,4,3,1,1,2,3,1,1,4,1,3,1,1,1,2,2,4,1,2,1,4,4,4,3,2,2,4,4,3,4,4,3"
166,0.9877030496613249,0.43137254901960786,2253.0,"2,1,2,4,1,1,1,2,2,1,3,4,2,1,1,1,1,4,3,4,4,2,1,4,3,4,4,1,2,2,1,4,4,2,1,4,2,4,1,4,4,3,1,3,4,3,3,1,2,2,1,2,3,2,1,2,1,4,3,3,1,2,4,2,3,4,1,1,2,1,2,2,2,1,1,2,2,1,2,3,2,4,3,1,1,3,1,1,1,1,1,1,3,4,2,1,2,3,2,1,1,3,2,4,3,4,2,1,2,4,2,2,2,2,4,3,1,2,4,1,3,1,4,2,1,4,2,4,1,2,4,2,2,1,3,3,3,4,4,2,2,4,3,1,2,2,3,3,2,3,3,3,4,4,1,4,1,1,1,3,4,2,2,1,2,4,4,4,3,4,2,4,3,2,1,4,3,4,2,2,2,3,4,4,3,3,3,2,3,2,1,2,2,3,2,2,4,2,3,2,2,4,1,4,2,4,3,1,3,2,4,2,4,2,3,1,3,1,2,1,1,1,4,2,4,1,2,2,2,3,1,1,2,3,1,4,3,4,1,1,1,1,2,2,2,1,2,3,4,1,3,1,4,2,3,3,1,4,4,4,4,2,2,4,2,2,4,2,2,4,4,1,1,3,4,3,1,2,3,1,1,4,3,1,1,4,1,2,3,4,4,2,3,2,2,2,2,1,1,1,4,2,2,3,4,4,3,1,1,1,4,1,2,3,1,1,2,3,2,4,1,3,3,3,4,2,1,2,3,1,3,3,1,1,1,3,4,3,2,3,1,2,3,3,4,2,2,4,3,4,2,4,1,1,4,3,2,4,3,3,2,1,3,2,2,3,3,2,1,3,3,2,3,4,2,4,4,3,2,4,2,2,1,1,1,3,2,4,2,1,1,2,1,2,2,2,2,1,3,4,2,2,2,1,4,2,3,4,2,1,3,4,4,4,3,2,4,2,2,2,4,3,1,1,1,1,3,1,1,3,4,3,1,1,2,1,2,2,4,1,1,2,4,4,1,2,3,2,1,1,2,3,2,4,1,1,1,4,3,1,2,3,1,2,3,4,2,2,3,1,2,3,1,1,2,4,2,3,1,4,3,1,4,1,3,1,2,1,1,1,1,4,4,3,1,1,2,4,1,1,2,1,1,2,2,2,2,3,3,3,1,3,1,3,2,3,1,1,2,2,4,4,1,2,4,1,1,2,1,2,1,4,4,2,3,3,1,4,2,3,2,2,3,3,1,1,3,2,2,3,4,1,2,2,1,2,1,1,1,2,4,3,2,3,3,4,4,2,4,3,3,1,3,3,1,4,3,4,1,1,1,4,4,2,1,4,2,2,1,1,4,1,3,2,2,2,3,4,1,1,2,2,1,4,4,3,4,3,3,2,1,3,4,1,2,3,3,3,4,2,3,2,1,1,3,1,1,3,2,2,2,1,1,1,4,2,2,4,1,3,4,1,3,3,4,1,1,3,3,1,1,4,2,2,1,3,1,3,3,4,3,4,2,3,1,2,2,1,2,2,1,2,2,4,1,2,1,3,4,3,1,1,3,3,1,4,1,3,1,1,1,2,3,3,2,2,1,2,3,3,4,1,4,3,4,2,1,2,4,3,3,1,1,1,2,1,2,3,4,4,2,4,2,2,3,2,3,3,2,2,2,3,2,3,4,2,1,3,3,1,3,2,1,3,1,1,3,2,3,4,3,2,4,3,1,4,2,4,1,1,2,2,2,2,2,1,1,1,1,3,1,4,1,4,2,3,1,2,2,4,1,3,2,3,1,3,2,2,2,2,4,2,4,3,1,4,1,3,3,3,3,2,1,2,4,4,2,2,1,3,4,1,3,4,1,2,2,3,3,2,2,3,3,3,4,3,2,2,2,1,3,1,3,1,3,4,1,3,3,2,2,3,1,2,2,1,1,3,3,1,2,2,1,1,2,1,3,1,1,2,1,2,3,4,3,1,4,3,2,4,4,3,2,3,2,1,1,2,1,3,2,4,4,3,3,3,3,4,1,1,3,2,2,2,1,1,1,4,2,3,1,2,2,3,1,1,1,3,1,3,2,2,1,2,1,1,2,1,1,4,1,2,4,4,2,1,2,2,4,2,4,4,4,4,1,3,2,1,1,1,2,3,1,2,3,1,3,4,3,3,4,3,1,2,1,3,3,3,1,4,4,4,1,1,1,1,1,4,2,4,2,3,4,4,1,1,1,1,3,4,3,1,1,3,1,1,2,1,2,3,4,2,4,1,1,1,2,4,3,1,2,3,1,1,2,2,1,4,1,2,2,2,4,3,4,2,4,1,4,1,4,1,4,3,1,1,4,4,1,4,2,4,3,1,3,3,2,2,3,1,3,4,1,1,4,1,2,1,1,1,1,3,3,3,2,4,4,2,1,2,1,1,2,1,3,3,3,3,2,3,1,2,2,3,4,4,3,3,1,1,3,3,4,3,4,3,1,4,4,4,3,2,4,1,3,4,3,2,2,3,3,3,4,3,1,2,4,4,2,2,1,1,1,4,1,1,1,3,3,4,2,1,3,3,4,2,1,3,4,4,3,4,2,4,2,2,3,2,2,1,2,3,2,3,2,2,1,3,2,3,4,1,3,4,1,3,3,2,2,3,3,1,4,1,1,3,1,3,4,1,4,1,4,2,1,2,1,1,1,3,1,1,3,1,3,3,1,2,2,1,1,4,1,2,4,4,3,2,1,1,4,1,4,3,4,1,4,1,1,1,2,3,4,1,1,2,3,2,1,3,3,1,4,3,3,3,4,2,1,2,2,4,2,1,1,4,3,1,4,4,2,4,3,2,1,1,1,2,1,1,3,3,3,3,1,1,4,2,1,2,1,1,3,3,3,3,1,3,3,2,2,4,2,2,2,2,1,4,3,3,3,3,1,3,4,1,1,2,4,2,1,3,2,3,4,1,3,1,2,3,4,1,2,2,2,1,2,4,4,1,2,2,2,2,4,3,3,2,1,4,2,2,3,2,3,2,3,2,1,1,1,4,4,1,1,2,1,3,4,2,2,4,1,1,3,3,1,1,2,2,1,4,2,4,2,3,2,4,4,1,4,3,1,2,2,1,1,3,2,1,2,2,4,2,4,2,3,1,1,2,2,2,1,4,1,3,1,4,3,3,3,4,4,2,1,4,4,2,3,4,4,1,1,1,4,1,3,4,2,4,2,2,4,4,2,3,1,4,2,2,1,1,2,4,2,2,1,1,4,4,1,1,3,4,1,4,1,2,4,3,2,3,3,1,1,2,1,4,2,1,2,1,3,3,4,4,4,2,3,4,1,1,1,4,2,1,4,4,1,1,3,3,3,3,2,2,1,1,4,2,2,2,2,3,1,1,4,2,4,2,1,1,2,2,4,1,3,4,3,3,1,4,3,2,4,3,3,4,1,3,1,1,2,1,4,4,2,3,3,1,3,1,2,3,4,3,2,1,1,4,2,1,3,1,2,2,2,2,2,3,2,4,4,2,4,3,1,1,2,1,3,1,1,1,1,1,1,3,1,1,1,3,3,3,2,4,2,2,1,2,4,3,4,1,3,3,3,3,2,1,2,3,1,3,3,1,1,1,2,4,2,1,4,3,2,1,2,1,3,1,1,3,2,1,3,2,2,2,3,4,1,1,4,2,2,2,3,1,3,4,4,2,4,2,1,2,3,4,3,3,1,3,2,2,2,2,3,3,3,4,1,3,4,1,4,1,1,2,4,3,1,1,2,3,1,1,4,1,3,1,1,1,2,2,4,1,2,1,4,4,4,3,2,2,4,4,3,4,4,3"
167,0.9877030496613249,0.43137254901960786,2253.0,"2,1,2,4,1,1,1,2,2,1,3,4,2,1,1,1,1,4,3,4,4,2,1,4,3,4,4,1,2,2,1,4,4,2,1,4,2,4,1,4,4,3,1,3,4,3,3,1,2,2,1,2,3,2,1,2,1,4,3,3,1,2,4,2,3,4,1,1,2,1,2,2,2,1,1,2,2,1,2,3,2,4,3,1,1,3,1,1,1,1,1,1,3,4,2,1,2,3,2,1,1,3,2,4,3,4,2,1,2,4,2,2,2,2,4,3,1,2,4,1,3,1,4,2,1,4,2,4,1,2,4,2,2,1,3,3,3,4,4,2,2,4,3,1,2,2,3,3,2,3,3,3,4,4,1,4,1,1,1,3,4,2,2,1,2,4,4,4,3,4,2,4,3,2,1,4,3,4,2,2,2,3,4,4,3,3,3,2,3,2,1,2,2,3,2,2,4,2,3,2,2,4,1,4,2,4,3,1,3,2,4,2,4,2,3,1,3,1,2,1,1,1,4,2,4,1,2,2,2,3,1,1,2,3,1,4,3,4,1,1,1,1,2,2,2,1,2,3,4,1,3,1,4,2,3,3,1,4,4,4,4,2,2,4,2,2,4,2,2,4,4,1,1,3,4,3,1,2,3,1,1,4,3,1,1,4,1,2,3,4,4,2,3,2,2,2,2,1,1,1,4,2,2,3,4,4,3,1,1,1,4,1,2,3,1,1,2,3,2,4,1,3,3,3,4,2,1,2,3,1,3,3,1,1,1,3,4,3,2,3,1,2,3,3,4,2,2,4,3,4,2,4,1,1,4,3,2,4,3,3,2,1,3,2,2,3,3,2,1,3,3,2,3,4,2,4,4,3,2,4,2,2,1,1,1,3,2,4,2,1,1,2,1,2,2,2,2,1,3,4,2,2,2,1,4,2,3,4,2,1,3,4,4,4,3,2,4,2,2,2,4,3,1,1,1,1,3,1,1,3,4,3,1,1,2,1,2,2,4,1,1,2,4,4,1,2,3,2,1,1,2,3,2,4,1,1,1,4,3,1,2,3,1,2,3,4,2,2,3,1,2,3,1,1,2,4,2,3,1,4,3,1,4,1,3,1,2,1,1,1,1,4,4,3,1,1,2,4,1,1,2,1,1,2,2,2,2,3,3,3,1,3,1,3,2,3,1,1,2,2,4,4,1,2,4,1,1,2,1,2,1,4,4,2,3,3,1,4,2,3,2,2,3,3,1,1,3,2,2,3,4,1,2,2,1,2,1,1,1,2,4,3,2,3,3,4,4,2,4,3,3,1,3,3,1,4,3,4,1,1,1,4,4,2,1,4,2,2,1,1,4,1,3,2,2,2,3,4,1,1,2,2,1,4,4,3,4,3,3,2,1,3,4,1,2,3,3,3,4,2,3,2,1,1,3,1,1,3,2,2,2,1,1,1,4,2,2,4,1,3,4,1,3,3,4,1,1,3,3,1,1,4,2,2,1,3,1,3,3,4,3,4,2,3,1,2,2,1,2,2,1,2,2,4,1,2,1,3,4,3,1,1,3,3,1,4,1,3,1,1,1,2,3,3,2,2,1,2,3,3,4,1,4,3,4,2,1,2,4,3,3,1,1,1,2,1,2,3,4,4,2,4,2,2,3,2,3,3,2,2,2,3,2,3,4,2,1,3,3,1,3,2,1,3,1,1,3,2,3,4,3,2,4,3,1,4,2,4,1,1,2,2,2,2,2,1,1,1,1,3,1,4,1,4,2,3,1,2,2,4,1,3,2,3,1,3,2,2,2,2,4,2,4,3,1,4,1,3,3,3,3,2,1,2,4,4,2,2,1,3,4,1,3,4,1,2,2,3,3,2,2,3,3,3,4,3,2,2,2,1,3,1,3,1,3,4,1,3,3,2,2,3,1,2,2,1,1,3,3,1,2,2,1,1,2,1,3,1,1,2,1,2,3,4,3,1,4,3,2,4,4,3,2,3,2,1,1,2,1,3,2,4,4,3,3,3,3,4,1,1,3,2,2,2,1,1,1,4,2,3,1,2,2,3,1,1,1,3,1,3,2,2,1,2,1,1,2,1,1,4,1,2,4,4,2,1,2,2,4,2,4,4,4,4,1,3,2,1,1,1,2,3,1,2,3,1,3,4,3,3,4,3,1,2,1,3,3,3,1,4,4,4,1,1,1,1,1,4,2,4,2,3,4,4,1,1,1,1,3,4,3,1,1,3,1,1,2,1,2,3,4,2,4,1,1,1,2,4,3,1,2,3,1,1,2,2,1,4,1,2,2,2,4,3,4,2,4,1,4,1,4,1,4,3,1,1,4,4,1,4,2,4,3,1,3,3,2,2,3,1,3,4,1,1,4,1,2,1,1,1,1,3,3,3,2,4,4,2,1,2,1,1,2,1,3,3,3,3,2,3,1,2,2,3,4,4,3,3,1,1,3,3,4,3,4,3,1,4,4,4,3,2,4,1,3,4,3,2,2,3,3,3,4,3,1,2,4,4,2,2,1,1,1,4,1,1,1,3,3,4,2,1,3,3,4,2,1,3,4,4,3,4,2,4,2,2,3,2,2,1,2,3,2,3,2,2,1,3,2,3,4,1,3,4,1,3,3,2,2,3,3,1,4,1,1,3,1,3,4,1,4,1,4,2,1,2,1,1,1,3,1,1,3,1,3,3,1,2,2,1,1,4,1,2,4,4,3,2,1,1,4,1,4,3,4,1,4,1,1,1,2,3,4,1,1,2,3,2,1,3,3,1,4,3,3,3,4,2,1,2,2,4,2,1,1,4,3,1,4,4,2,4,3,2,1,1,1,2,1,1,3,3,3,3,1,1,4,2,1,2,1,1,3,3,3,3,1,3,3,2,2,4,2,2,2,2,1,4,3,3,3,3,1,3,4,1,1,2,4,2,1,3,2,3,4,1,3,1,2,3,4,1,2,2,2,1,2,4,4,1,2,2,2,2,4,3,3,2,1,4,2,2,3,2,3,2,3,2,1,1,1,4,4,1,1,2,1,3,4,2,2,4,1,1,3,3,1,1,2,2,1,4,2,4,2,3,2,4,4,1,4,3,1,2,2,1,1,3,2,1,2,2,4,2,4,2,3,1,1,2,2,2,1,4,1,3,1,4,3,3,3,4,4,2,1,4,4,2,3,4,4,1,1,1,4,1,3,4,2,4,2,2,4,4,2,3,1,4,2,2,1,1,2,4,2,2,1,1,4,4,1,1,3,4,1,4,1,2,4,3,2,3,3,1,1,2,1,4,2,1,2,1,3,3,4,4,4,2,3,4,1,1,1,4,2,1,4,4,1,1,3,3,3,3,2,2,1,1,4,2,2,2,2,3,1,1,4,2,4,2,1,1,2,2,4,1,3,4,3,3,1,4,3,2,4,3,3,4,1,3,1,1,2,1,4,4,2,3,3,1,3,1,2,3,4,3,2,1,1,4,2,1,3,1,2,2,2,2,2,3,2,4,4,2,4,3,1,1,2,1,3,1,1,1,1,1,1,3,1,1,1,3,3,3,2,4,2,2,1,2,4,3,4,1,3,3,3,3,2,1,2,3,1,3,3,1,1,1,2,4,2,1,4,3,2,1,2,1,3,1,1,3,2,1,3,2,2,2,3,4,1,1,4,2,2,2,3,1,3,4,4,2,4,2,1,2,3,4,3,3,1,3,2,2,2,2,3,3,3,4,1,3,4,1,4,1,1,2,4,3,1,1,2,3,1,1,4,1,3,1,1,1,2,2,4,1,2,1,4,4,4,3,2,2,4,4,3,4,4,3"
168,0.9877030496613249,0.43137254901960786,2253.0,"2,1,2,4,1,1,1,2,2,1,3,4,2,1,1,1,1,4,3,4,4,2,1,4,3,4,4,1,2,2,1,4,4,2,1,4,2,4,1,4,4,3,1,3,4,3,3,1,2,2,1,2,3,2,1,2,1,4,3,3,1,2,4,2,3,4,1,1,2,1,2,2,2,1,1,2,2,1,2,3,2,4,3,1,1,3,1,1,1,1,1,1,3,4,2,1,2,3,2,1,1,3,2,4,3,4,2,1,2,4,2,2,2,2,4,3,1,2,4,1,3,1,4,2,1,4,2,4,1,2,4,2,2,1,3,3,3,4,4,2,2,4,3,1,2,2,3,3,2,3,3,3,4,4,1,4,1,1,1,3,4,2,2,1,2,4,4,4,3,4,2,4,3,2,1,4,3,4,2,2,2,3,4,4,3,3,3,2,3,2,1,2,2,3,2,2,4,2,3,2,2,4,1,4,2,4,3,1,3,2,4,2,4,2,3,1,3,1,2,1,1,1,4,2,4,1,2,2,2,3,1,1,2,3,1,4,3,4,1,1,1,1,2,2,2,1,2,3,4,1,3,1,4,2,3,3,1,4,4,4,4,2,2,4,2,2,4,2,2,4,4,1,1,3,4,3,1,2,3,1,1,4,3,1,1,4,1,2,3,4,4,2,3,2,2,2,2,1,1,1,4,2,2,3,4,4,3,1,1,1,4,1,2,3,1,1,2,3,2,4,1,3,3,3,4,2,1,2,3,1,3,3,1,1,1,3,4,3,2,3,1,2,3,3,4,2,2,4,3,4,2,4,1,1,4,3,2,4,3,3,2,1,3,2,2,3,3,2,1,3,3,2,3,4,2,4,4,3,2,4,2,2,1,1,1,3,2,4,2,1,1,2,1,2,2,2,2,1,3,4,2,2,2,1,4,2,3,4,2,1,3,4,4,4,3,2,4,2,2,2,4,3,1,1,1,1,3,1,1,3,4,3,1,1,2,1,2,2,4,1,1,2,4,4,1,2,3,2,1,1,2,3,2,4,1,1,1,4,3,1,2,3,1,2,3,4,2,2,3,1,2,3,1,1,2,4,2,3,1,4,3,1,4,1,3,1,2,1,1,1,1,4,4,3,1,1,2,4,1,1,2,1,1,2,2,2,2,3,3,3,1,3,1,3,2,3,1,1,2,2,4,4,1,2,4,1,1,2,1,2,1,4,4,2,3,3,1,4,2,3,2,2,3,3,1,1,3,2,2,3,4,1,2,2,1,2,1,1,1,2,4,3,2,3,3,4,4,2,4,3,3,1,3,3,1,4,3,4,1,1,1,4,4,2,1,4,2,2,1,1,4,1,3,2,2,2,3,4,1,1,2,2,1,4,4,3,4,3,3,2,1,3,4,1,2,3,3,3,4,2,3,2,1,1,3,1,1,3,2,2,2,1,1,1,4,2,2,4,1,3,4,1,3,3,4,1,1,3,3,1,1,4,2,2,1,3,1,3,3,4,3,4,2,3,1,2,2,1,2,2,1,2,2,4,1,2,1,3,4,3,1,1,3,3,1,4,1,3,1,1,1,2,3,3,2,2,1,2,3,3,4,1,4,3,4,2,1,2,4,3,3,1,1,1,2,1,2,3,4,4,2,4,2,2,3,2,3,3,2,2,2,3,2,3,4,2,1,3,3,1,3,2,1,3,1,1,3,2,3,4,3,2,4,3,1,4,2,4,1,1,2,2,2,2,2,1,1,1,1,3,1,4,1,4,2,3,1,2,2,4,1,3,2,3,1,3,2,2,2,2,4,2,4,3,1,4,1,3,3,3,3,2,1,2,4,4,2,2,1,3,4,1,3,4,1,2,2,3,3,2,2,3,3,3,4,3,2,2,2,1,3,1,3,1,3,4,1,3,3,2,2,3,1,2,2,1,1,3,3,1,2,2,1,1,2,1,3,1,1,2,1,2,3,4,3,1,4,3,2,4,4,3,2,3,2,1,1,2,1,3,2,4,4,3,3,3,3,4,1,1,3,2,2,2,1,1,1,4,2,3,1,2,2,3,1,1,1,3,1,3,2,2,1,2,1,1,2,1,1,4,1,2,4,4,2,1,2,2,4,2,4,4,4,4,1,3,2,1,1,1,2,3,1,2,3,1,3,4,3,3,4,3,1,2,1,3,3,3,1,4,4,4,1,1,1,1,1,4,2,4,2,3,4,4,1,1,1,1,3,4,3,1,1,3,1,1,2,1,2,3,4,2,4,1,1,1,2,4,3,1,2,3,1,1,2,2,1,4,1,2,2,2,4,3,4,2,4,1,4,1,4,1,4,3,1,1,4,4,1,4,2,4,3,1,3,3,2,2,3,1,3,4,1,1,4,1,2,1,1,1,1,3,3,3,2,4,4,2,1,2,1,1,2,1,3,3,3,3,2,3,1,2,2,3,4,4,3,3,1,1,3,3,4,3,4,3,1,4,4,4,3,2,4,1,3,4,3,2,2,3,3,3,4,3,1,2,4,4,2,2,1,1,1,4,1,1,1,3,3,4,2,1,3,3,4,2,1,3,4,4,3,4,2,4,2,2,3,2,2,1,2,3,2,3,2,2,1,3,2,3,4,1,3,4,1,3,3,2,2,3,3,1,4,1,1,3,1,3,4,1,4,1,4,2,1,2,1,1,1,3,1,1,3,1,3,3,1,2,2,1,1,4,1,2,4,4,3,2,1,1,4,1,4,3,4,1,4,1,1,1,2,3,4,1,1,2,3,2,1,3,3,1,4,3,3,3,4,2,1,2,2,4,2,1,1,4,3,1,4,4,2,4,3,2,1,1,1,2,1,1,3,3,3,3,1,1,4,2,1,2,1,1,3,3,3,3,1,3,3,2,2,4,2,2,2,2,1,4,3,3,3,3,1,3,4,1,1,2,4,2,1,3,2,3,4,1,3,1,2,3,4,1,2,2,2,1,2,4,4,1,2,2,2,2,4,3,3,2,1,4,2,2,3,2,3,2,3,2,1,1,1,4,4,1,1,2,1,3,4,2,2,4,1,1,3,3,1,1,2,2,1,4,2,4,2,3,2,4,4,1,4,3,1,2,2,1,1,3,2,1,2,2,4,2,4,2,3,1,1,2,2,2,1,4,1,3,1,4,3,3,3,4,4,2,1,4,4,2,3,4,4,1,1,1,4,1,3,4,2,4,2,2,4,4,2,3,1,4,2,2,1,1,2,4,2,2,1,1,4,4,1,1,3,4,1,4,1,2,4,3,2,3,3,1,1,2,1,4,2,1,2,1,3,3,4,4,4,2,3,4,1,1,1,4,2,1,4,4,1,1,3,3,3,3,2,2,1,1,4,2,2,2,2,3,1,1,4,2,4,2,1,1,2,2,4,1,3,4,3,3,1,4,3,2,4,3,3,4,1,3,1,1,2,1,4,4,2,3,3,1,3,1,2,3,4,3,2,1,1,4,2,1,3,1,2,2,2,2,2,3,2,4,4,2,4,3,1,1,2,1,3,1,1,1,1,1,1,3,1,1,1,3,3,3,2,4,2,2,1,2,4,3,4,1,3,3,3,3,2,1,2,3,1,3,3,1,1,1,2,4,2,1,4,3,2,1,2,1,3,1,1,3,2,1,3,2,2,2,3,4,1,1,4,2,2,2,3,1,3,4,4,2,4,2,1,2,3,4,3,3,1,3,2,2,2,2,3,3,3,4,1,3,4,1,4,1,1,2,4,3,1,1,2,3,1,1,4,1,3,1,1,1,2,2,4,1,2,1,4,4,4,3,2,2,4,4,3,4,4,3"
169,0.9877030496613249,0.43137254901960786,2253.0,"2,1,2,4,1,1,1,2,2,1,3,4,2,1,1,1,1,4,3,4,4,2,1,4,3,4,4,1,2,2,1,4,4,2,1,4,2,4,1,4,4,3,1,3,4,3,3,1,2,2,1,2,3,2,1,2,1,4,3,3,1,2,4,2,3,4,1,1,2,1,2,2,2,1,1,2,2,1,2,3,2,4,3,1,1,3,1,1,1,1,1,1,3,4,2,1,2,3,2,1,1,3,2,4,3,4,2,1,2,4,2,2,2,2,4,3,1,2,4,1,3,1,4,2,1,4,2,4,1,2,4,2,2,1,3,3,3,4,4,2,2,4,3,1,2,2,3,3,2,3,3,3,4,4,1,4,1,1,1,3,4,2,2,1,2,4,4,4,3,4,2,4,3,2,1,4,3,4,2,2,2,3,4,4,3,3,3,2,3,2,1,2,2,3,2,2,4,2,3,2,2,4,1,4,2,4,3,1,3,2,4,2,4,2,3,1,3,1,2,1,1,1,4,2,4,1,2,2,2,3,1,1,2,3,1,4,3,4,1,1,1,1,2,2,2,1,2,3,4,1,3,1,4,2,3,3,1,4,4,4,4,2,2,4,2,2,4,2,2,4,4,1,1,3,4,3,1,2,3,1,1,4,3,1,1,4,1,2,3,4,4,2,3,2,2,2,2,1,1,1,4,2,2,3,4,4,3,1,1,1,4,1,2,3,1,1,2,3,2,4,1,3,3,3,4,2,1,2,3,1,3,3,1,1,1,3,4,3,2,3,1,2,3,3,4,2,2,4,3,4,2,4,1,1,4,3,2,4,3,3,2,1,3,2,2,3,3,2,1,3,3,2,3,4,2,4,4,3,2,4,2,2,1,1,1,3,2,4,2,1,1,2,1,2,2,2,2,1,3,4,2,2,2,1,4,2,3,4,2,1,3,4,4,4,3,2,4,2,2,2,4,3,1,1,1,1,3,1,1,3,4,3,1,1,2,1,2,2,4,1,1,2,4,4,1,2,3,2,1,1,2,3,2,4,1,1,1,4,3,1,2,3,1,2,3,4,2,2,3,1,2,3,1,1,2,4,2,3,1,4,3,1,4,1,3,1,2,1,1,1,1,4,4,3,1,1,2,4,1,1,2,1,1,2,2,2,2,3,3,3,1,3,1,3,2,3,1,1,2,2,4,4,1,2,4,1,1,2,1,2,1,4,4,2,3,3,1,4,2,3,2,2,3,3,1,1,3,2,2,3,4,1,2,2,1,2,1,1,1,2,4,3,2,3,3,4,4,2,4,3,3,1,3,3,1,4,3,4,1,1,1,4,4,2,1,4,2,2,1,1,4,1,3,2,2,2,3,4,1,1,2,2,1,4,4,3,4,3,3,2,1,3,4,1,2,3,3,3,4,2,3,2,1,1,3,1,1,3,2,2,2,1,1,1,4,2,2,4,1,3,4,1,3,3,4,1,1,3,3,1,1,4,2,2,1,3,1,3,3,4,3,4,2,3,1,2,2,1,2,2,1,2,2,4,1,2,1,3,4,3,1,1,3,3,1,4,1,3,1,1,1,2,3,3,2,2,1,2,3,3,4,1,4,3,4,2,1,2,4,3,3,1,1,1,2,1,2,3,4,4,2,4,2,2,3,2,3,3,2,2,2,3,2,3,4,2,1,3,3,1,3,2,1,3,1,1,3,2,3,4,3,2,4,3,1,4,2,4,1,1,2,2,2,2,2,1,1,1,1,3,1,4,1,4,2,3,1,2,2,4,1,3,2,3,1,3,2,2,2,2,4,2,4,3,1,4,1,3,3,3,3,2,1,2,4,4,2,2,1,3,4,1,3,4,1,2,2,3,3,2,2,3,3,3,4,3,2,2,2,1,3,1,3,1,3,4,1,3,3,2,2,3,1,2,2,1,1,3,3,1,2,2,1,1,2,1,3,1,1,2,1,2,3,4,3,1,4,3,2,4,4,3,2,3,2,1,1,2,1,3,2,4,4,3,3,3,3,4,1,1,3,2,2,2,1,1,1,4,2,3,1,2,2,3,1,1,1,3,1,3,2,2,1,2,1,1,2,1,1,4,1,2,4,4,2,1,2,2,4,2,4,4,4,4,1,3,2,1,1,1,2,3,1,2,3,1,3,4,3,3,4,3,1,2,1,3,3,3,1,4,4,4,1,1,1,1,1,4,2,4,2,3,4,4,1,1,1,1,3,4,3,1,1,3,1,1,2,1,2,3,4,2,4,1,1,1,2,4,3,1,2,3,1,1,2,2,1,4,1,2,2,2,4,3,4,2,4,1,4,1,4,1,4,3,1,1,4,4,1,4,2,4,3,1,3,3,2,2,3,1,3,4,1,1,4,1,2,1,1,1,1,3,3,3,2,4,4,2,1,2,1,1,2,1,3,3,3,3,2,3,1,2,2,3,4,4,3,3,1,1,3,3,4,3,4,3,1,4,4,4,3,2,4,1,3,4,3,2,2,3,3,3,4,3,1,2,4,4,2,2,1,1,1,4,1,1,1,3,3,4,2,1,3,3,4,2,1,3,4,4,3,4,2,4,2,2,3,2,2,1,2,3,2,3,2,2,1,3,2,3,4,1,3,4,1,3,3,2,2,3,3,1,4,1,1,3,1,3,4,1,4,1,4,2,1,2,1,1,1,3,1,1,3,1,3,3,1,2,2,1,1,4,1,2,4,4,3,2,1,1,4,1,4,3,4,1,4,1,1,1,2,3,4,1,1,2,3,2,1,3,3,1,4,3,3,3,4,2,1,2,2,4,2,1,1,4,3,1,4,4,2,4,3,2,1,1,1,2,1,1,3,3,3,3,1,1,4,2,1,2,1,1,3,3,3,3,1,3,3,2,2,4,2,2,2,2,1,4,3,3,3,3,1,3,4,1,1,2,4,2,1,3,2,3,4,1,3,1,2,3,4,1,2,2,2,1,2,4,4,1,2,2,2,2,4,3,3,2,1,4,2,2,3,2,3,2,3,2,1,1,1,4,4,1,1,2,1,3,4,2,2,4,1,1,3,3,1,1,2,2,1,4,2,4,2,3,2,4,4,1,4,3,1,2,2,1,1,3,2,1,2,2,4,2,4,2,3,1,1,2,2,2,1,4,1,3,1,4,3,3,3,4,4,2,1,4,4,2,3,4,4,1,1,1,4,1,3,4,2,4,2,2,4,4,2,3,1,4,2,2,1,1,2,4,2,2,1,1,4,4,1,1,3,4,1,4,1,2,4,3,2,3,3,1,1,2,1,4,2,1,2,1,3,3,4,4,4,2,3,4,1,1,1,4,2,1,4,4,1,1,3,3,3,3,2,2,1,1,4,2,2,2,2,3,1,1,4,2,4,2,1,1,2,2,4,1,3,4,3,3,1,4,3,2,4,3,3,4,1,3,1,1,2,1,4,4,2,3,3,1,3,1,2,3,4,3,2,1,1,4,2,1,3,1,2,2,2,2,2,3,2,4,4,2,4,3,1,1,2,1,3,1,1,1,1,1,1,3,1,1,1,3,3,3,2,4,2,2,1,2,4,3,4,1,3,3,3,3,2,1,2,3,1,3,3,1,1,1,2,4,2,1,4,3,2,1,2,1,3,1,1,3,2,1,3,2,2,2,3,4,1,1,4,2,2,2,3,1,3,4,4,2,4,2,1,2,3,4,3,3,1,3,2,2,2,2,3,3,3,4,1,3,4,1,4,1,1,2,4,3,1,1,2,3,1,1,4,1,3,1,1,1,2,2,4,1,2,1,4,4,4,3,2,2,4,4,3,4,4,3"
170,0.9877030496613249,0.43137254901960786,2253.0,"2,1,2,4,1,1,1,2,2,1,3,4,2,1,1,1,1,4,3,4,4,2,1,4,3,4,4,1,2,2,1,4,4,2,1,4,2,4,1,4,4,3,1,3,4,3,3,1,2,2,1,2,3,2,1,2,1,4,3,3,1,2,4,2,3,4,1,1,2,1,2,2,2,1,1,2,2,1,2,3,2,4,3,1,1,3,1,1,1,1,1,1,3,4,2,1,2,3,2,1,1,3,2,4,3,4,2,1,2,4,2,2,2,2,4,3,1,2,4,1,3,1,4,2,1,4,2,4,1,2,4,2,2,1,3,3,3,4,4,2,2,4,3,1,2,2,3,3,2,3,3,3,4,4,1,4,1,1,1,3,4,2,2,1,2,4,4,4,3,4,2,4,3,2,1,4,3,4,2,2,2,3,4,4,3,3,3,2,3,2,1,2,2,3,2,2,4,2,3,2,2,4,1,4,2,4,3,1,3,2,4,2,4,2,3,1,3,1,2,1,1,1,4,2,4,1,2,2,2,3,1,1,2,3,1,4,3,4,1,1,1,1,2,2,2,1,2,3,4,1,3,1,4,2,3,3,1,4,4,4,4,2,2,4,2,2,4,2,2,4,4,1,1,3,4,3,1,2,3,1,1,4,3,1,1,4,1,2,3,4,4,2,3,2,2,2,2,1,1,1,4,2,2,3,4,4,3,1,1,1,4,1,2,3,1,1,2,3,2,4,1,3,3,3,4,2,1,2,3,1,3,3,1,1,1,3,4,3,2,3,1,2,3,3,4,2,2,4,3,4,2,4,1,1,4,3,2,4,3,3,2,1,3,2,2,3,3,2,1,3,3,2,3,4,2,4,4,3,2,4,2,2,1,1,1,3,2,4,2,1,1,2,1,2,2,2,2,1,3,4,2,2,2,1,4,2,3,4,2,1,3,4,4,4,3,2,4,2,2,2,4,3,1,1,1,1,3,1,1,3,4,3,1,1,2,1,2,2,4,1,1,2,4,4,1,2,3,2,1,1,2,3,2,4,1,1,1,4,3,1,2,3,1,2,3,4,2,2,3,1,2,3,1,1,2,4,2,3,1,4,3,1,4,1,3,1,2,1,1,1,1,4,4,3,1,1,2,4,1,1,2,1,1,2,2,2,2,3,3,3,1,3,1,3,2,3,1,1,2,2,4,4,1,2,4,1,1,2,1,2,1,4,4,2,3,3,1,4,2,3,2,2,3,3,1,1,3,2,2,3,4,1,2,2,1,2,1,1,1,2,4,3,2,3,3,4,4,2,4,3,3,1,3,3,1,4,3,4,1,1,1,4,4,2,1,4,2,2,1,1,4,1,3,2,2,2,3,4,1,1,2,2,1,4,4,3,4,3,3,2,1,3,4,1,2,3,3,3,4,2,3,2,1,1,3,1,1,3,2,2,2,1,1,1,4,2,2,4,1,3,4,1,3,3,4,1,1,3,3,1,1,4,2,2,1,3,1,3,3,4,3,4,2,3,1,2,2,1,2,2,1,2,2,4,1,2,1,3,4,3,1,1,3,3,1,4,1,3,1,1,1,2,3,3,2,2,1,2,3,3,4,1,4,3,4,2,1,2,4,3,3,1,1,1,2,1,2,3,4,4,2,4,2,2,3,2,3,3,2,2,2,3,2,3,4,2,1,3,3,1,3,2,1,3,1,1,3,2,3,4,3,2,4,3,1,4,2,4,1,1,2,2,2,2,2,1,1,1,1,3,1,4,1,4,2,3,1,2,2,4,1,3,2,3,1,3,2,2,2,2,4,2,4,3,1,4,1,3,3,3,3,2,1,2,4,4,2,2,1,3,4,1,3,4,1,2,2,3,3,2,2,3,3,3,4,3,2,2,2,1,3,1,3,1,3,4,1,3,3,2,2,3,1,2,2,1,1,3,3,1,2,2,1,1,2,1,3,1,1,2,1,2,3,4,3,1,4,3,2,4,4,3,2,3,2,1,1,2,1,3,2,4,4,3,3,3,3,4,1,1,3,2,2,2,1,1,1,4,2,3,1,2,2,3,1,1,1,3,1,3,2,2,1,2,1,1,2,1,1,4,1,2,4,4,2,1,2,2,4,2,4,4,4,4,1,3,2,1,1,1,2,3,1,2,3,1,3,4,3,3,4,3,1,2,1,3,3,3,1,4,4,4,1,1,1,1,1,4,2,4,2,3,4,4,1,1,1,1,3,4,3,1,1,3,1,1,2,1,2,3,4,2,4,1,1,1,2,4,3,1,2,3,1,1,2,2,1,4,1,2,2,2,4,3,4,2,4,1,4,1,4,1,4,3,1,1,4,4,1,4,2,4,3,1,3,3,2,2,3,1,3,4,1,1,4,1,2,1,1,1,1,3,3,3,2,4,4,2,1,2,1,1,2,1,3,3,3,3,2,3,1,2,2,3,4,4,3,3,1,1,3,3,4,3,4,3,1,4,4,4,3,2,4,1,3,4,3,2,2,3,3,3,4,3,1,2,4,4,2,2,1,1,1,4,1,1,1,3,3,4,2,1,3,3,4,2,1,3,4,4,3,4,2,4,2,2,3,2,2,1,2,3,2,3,2,2,1,3,2,3,4,1,3,4,1,3,3,2,2,3,3,1,4,1,1,3,1,3,4,1,4,1,4,2,1,2,1,1,1,3,1,1,3,1,3,3,1,2,2,1,1,4,1,2,4,4,3,2,1,1,4,1,4,3,4,1,4,1,1,1,2,3,4,1,1,2,3,2,1,3,3,1,4,3,3,3,4,2,1,2,2,4,2,1,1,4,3,1,4,4,2,4,3,2,1,1,1,2,1,1,3,3,3,3,1,1,4,2,1,2,1,1,3,3,3,3,1,3,3,2,2,4,2,2,2,2,1,4,3,3,3,3,1,3,4,1,1,2,4,2,1,3,2,3,4,1,3,1,2,3,4,1,2,2,2,1,2,4,4,1,2,2,2,2,4,3,3,2,1,4,2,2,3,2,3,2,3,2,1,1,1,4,4,1,1,2,1,3,4,2,2,4,1,1,3,3,1,1,2,2,1,4,2,4,2,3,2,4,4,1,4,3,1,2,2,1,1,3,2,1,2,2,4,2,4,2,3,1,1,2,2,2,1,4,1,3,1,4,3,3,3,4,4,2,1,4,4,2,3,4,4,1,1,1,4,1,3,4,2,4,2,2,4,4,2,3,1,4,2,2,1,1,2,4,2,2,1,1,4,4,1,1,3,4,1,4,1,2,4,3,2,3,3,1,1,2,1,4,2,1,2,1,3,3,4,4,4,2,3,4,1,1,1,4,2,1,4,4,1,1,3,3,3,3,2,2,1,1,4,2,2,2,2,3,1,1,4,2,4,2,1,1,2,2,4,1,3,4,3,3,1,4,3,2,4,3,3,4,1,3,1,1,2,1,4,4,2,3,3,1,3,1,2,3,4,3,2,1,1,4,2,1,3,1,2,2,2,2,2,3,2,4,4,2,4,3,1,1,2,1,3,1,1,1,1,1,1,3,1,1,1,3,3,3,2,4,2,2,1,2,4,3,4,1,3,3,3,3,2,1,2,3,1,3,3,1,1,1,2,4,2,1,4,3,2,1,2,1,3,1,1,3,2,1,3,2,2,2,3,4,1,1,4,2,2,2,3,1,3,4,4,2,4,2,1,2,3,4,3,3,1,3,2,2,2,2,3,3,3,4,1,3,4,1,4,1,1,2,4,3,1,1,2,3,1,1,4,1,3,1,1,1,2,2,4,1,2,1,4,4,4,3,2,2,4,4,3,4,4,3"
171,0.9877030496613249,0.43137254901960786,2253.0,"2,1,2,4,1,1,1,2,2,1,3,4,2,1,1,1,1,4,3,4,4,2,1,4,3,4,4,1,2,2,1,4,4,2,1,4,2,4,1,4,4,3,1,3,4,3,3,1,2,2,1,2,3,2,1,2,1,4,3,3,1,2,4,2,3,4,1,1,2,1,2,2,2,1,1,2,2,1,2,3,2,4,3,1,1,3,1,1,1,1,1,1,3,4,2,1,2,3,2,1,1,3,2,4,3,4,2,1,2,4,2,2,2,2,4,3,1,2,4,1,3,1,4,2,1,4,2,4,1,2,4,2,2,1,3,3,3,4,4,2,2,4,3,1,2,2,3,3,2,3,3,3,4,4,1,4,1,1,1,3,4,2,2,1,2,4,4,4,3,4,2,4,3,2,1,4,3,4,2,2,2,3,4,4,3,3,3,2,3,2,1,2,2,3,2,2,4,2,3,2,2,4,1,4,2,4,3,1,3,2,4,2,4,2,3,1,3,1,2,1,1,1,4,2,4,1,2,2,2,3,1,1,2,3,1,4,3,4,1,1,1,1,2,2,2,1,2,3,4,1,3,1,4,2,3,3,1,4,4,4,4,2,2,4,2,2,4,2,2,4,4,1,1,3,4,3,1,2,3,1,1,4,3,1,1,4,1,2,3,4,4,2,3,2,2,2,2,1,1,1,4,2,2,3,4,4,3,1,1,1,4,1,2,3,1,1,2,3,2,4,1,3,3,3,4,2,1,2,3,1,3,3,1,1,1,3,4,3,2,3,1,2,3,3,4,2,2,4,3,4,2,4,1,1,4,3,2,4,3,3,2,1,3,2,2,3,3,2,1,3,3,2,3,4,2,4,4,3,2,4,2,2,1,1,1,3,2,4,2,1,1,2,1,2,2,2,2,1,3,4,2,2,2,1,4,2,3,4,2,1,3,4,4,4,3,2,4,2,2,2,4,3,1,1,1,1,3,1,1,3,4,3,1,1,2,1,2,2,4,1,1,2,4,4,1,2,3,2,1,1,2,3,2,4,1,1,1,4,3,1,2,3,1,2,3,4,2,2,3,1,2,3,1,1,2,4,2,3,1,4,3,1,4,1,3,1,2,1,1,1,1,4,4,3,1,1,2,4,1,1,2,1,1,2,2,2,2,3,3,3,1,3,1,3,2,3,1,1,2,2,4,4,1,2,4,1,1,2,1,2,1,4,4,2,3,3,1,4,2,3,2,2,3,3,1,1,3,2,2,3,4,1,2,2,1,2,1,1,1,2,4,3,2,3,3,4,4,2,4,3,3,1,3,3,1,4,3,4,1,1,1,4,4,2,1,4,2,2,1,1,4,1,3,2,2,2,3,4,1,1,2,2,1,4,4,3,4,3,3,2,1,3,4,1,2,3,3,3,4,2,3,2,1,1,3,1,1,3,2,2,2,1,1,1,4,2,2,4,1,3,4,1,3,3,4,1,1,3,3,1,1,4,2,2,1,3,1,3,3,4,3,4,2,3,1,2,2,1,2,2,1,2,2,4,1,2,1,3,4,3,1,1,3,3,1,4,1,3,1,1,1,2,3,3,2,2,1,2,3,3,4,1,4,3,4,2,1,2,4,3,3,1,1,1,2,1,2,3,4,4,2,4,2,2,3,2,3,3,2,2,2,3,2,3,4,2,1,3,3,1,3,2,1,3,1,1,3,2,3,4,3,2,4,3,1,4,2,4,1,1,2,2,2,2,2,1,1,1,1,3,1,4,1,4,2,3,1,2,2,4,1,3,2,3,1,3,2,2,2,2,4,2,4,3,1,4,1,3,3,3,3,2,1,2,4,4,2,2,1,3,4,1,3,4,1,2,2,3,3,2,2,3,3,3,4,3,2,2,2,1,3,1,3,1,3,4,1,3,3,2,2,3,1,2,2,1,1,3,3,1,2,2,1,1,2,1,3,1,1,2,1,2,3,4,3,1,4,3,2,4,4,3,2,3,2,1,1,2,1,3,2,4,4,3,3,3,3,4,1,1,3,2,2,2,1,1,1,4,2,3,1,2,2,3,1,1,1,3,1,3,2,2,1,2,1,1,2,1,1,4,1,2,4,4,2,1,2,2,4,2,4,4,4,4,1,3,2,1,1,1,2,3,1,2,3,1,3,4,3,3,4,3,1,2,1,3,3,3,1,4,4,4,1,1,1,1,1,4,2,4,2,3,4,4,1,1,1,1,3,4,3,1,1,3,1,1,2,1,2,3,4,2,4,1,1,1,2,4,3,1,2,3,1,1,2,2,1,4,1,2,2,2,4,3,4,2,4,1,4,1,4,1,4,3,1,1,4,4,1,4,2,4,3,1,3,3,2,2,3,1,3,4,1,1,4,1,2,1,1,1,1,3,3,3,2,4,4,2,1,2,1,1,2,1,3,3,3,3,2,3,1,2,2,3,4,4,3,3,1,1,3,3,4,3,4,3,1,4,4,4,3,2,4,1,3,4,3,2,2,3,3,3,4,3,1,2,4,4,2,2,1,1,1,4,1,1,1,3,3,4,2,1,3,3,4,2,1,3,4,4,3,4,2,4,2,2,3,2,2,1,2,3,2,3,2,2,1,3,2,3,4,1,3,4,1,3,3,2,2,3,3,1,4,1,1,3,1,3,4,1,4,1,4,2,1,2,1,1,1,3,1,1,3,1,3,3,1,2,2,1,1,4,1,2,4,4,3,2,1,1,4,1,4,3,4,1,4,1,1,1,2,3,4,1,1,2,3,2,1,3,3,1,4,3,3,3,4,2,1,2,2,4,2,1,1,4,3,1,4,4,2,4,3,2,1,1,1,2,1,1,3,3,3,3,1,1,4,2,1,2,1,1,3,3,3,3,1,3,3,2,2,4,2,2,2,2,1,4,3,3,3,3,1,3,4,1,1,2,4,2,1,3,2,3,4,1,3,1,2,3,4,1,2,2,2,1,2,4,4,1,2,2,2,2,4,3,3,2,1,4,2,2,3,2,3,2,3,2,1,1,1,4,4,1,1,2,1,3,4,2,2,4,1,1,3,3,1,1,2,2,1,4,2,4,2,3,2,4,4,1,4,3,1,2,2,1,1,3,2,1,2,2,4,2,4,2,3,1,1,2,2,2,1,4,1,3,1,4,3,3,3,4,4,2,1,4,4,2,3,4,4,1,1,1,4,1,3,4,2,4,2,2,4,4,2,3,1,4,2,2,1,1,2,4,2,2,1,1,4,4,1,1,3,4,1,4,1,2,4,3,2,3,3,1,1,2,1,4,2,1,2,1,3,3,4,4,4,2,3,4,1,1,1,4,2,1,4,4,1,1,3,3,3,3,2,2,1,1,4,2,2,2,2,3,1,1,4,2,4,2,1,1,2,2,4,1,3,4,3,3,1,4,3,2,4,3,3,4,1,3,1,1,2,1,4,4,2,3,3,1,3,1,2,3,4,3,2,1,1,4,2,1,3,1,2,2,2,2,2,3,2,4,4,2,4,3,1,1,2,1,3,1,1,1,1,1,1,3,1,1,1,3,3,3,2,4,2,2,1,2,4,3,4,1,3,3,3,3,2,1,2,3,1,3,3,1,1,1,2,4,2,1,4,3,2,1,2,1,3,1,1,3,2,1,3,2,2,2,3,4,1,1,4,2,2,2,3,1,3,4,4,2,4,2,1,2,3,4,3,3,1,3,2,2,2,2,3,3,3,4,1,3,4,1,4,1,1,2,4,3,1,1,2,3,1,1,4,1,3,1,1,1,2,2,4,1,2,1,4,4,4,3,2,2,4,4,3,4,4,3"
172,0.9877030496613249,0.43137254901960786,2253.0,"2,1,2,4,1,1,1,2,2,1,3,4,2,1,1,1,1,4,3,4,4,2,1,4,3,4,4,1,2,2,1,4,4,2,1,4,2,4,1,4,4,3,1,3,4,3,3,1,2,2,1,2,3,2,1,2,1,4,3,3,1,2,4,2,3,4,1,1,2,1,2,2,2,1,1,2,2,1,2,3,2,4,3,1,1,3,1,1,1,1,1,1,3,4,2,1,2,3,2,1,1,3,2,4,3,4,2,1,2,4,2,2,2,2,4,3,1,2,4,1,3,1,4,2,1,4,2,4,1,2,4,2,2,1,3,3,3,4,4,2,2,4,3,1,2,2,3,3,2,3,3,3,4,4,1,4,1,1,1,3,4,2,2,1,2,4,4,4,3,4,2,4,3,2,1,4,3,4,2,2,2,3,4,4,3,3,3,2,3,2,1,2,2,3,2,2,4,2,3,2,2,4,1,4,2,4,3,1,3,2,4,2,4,2,3,1,3,1,2,1,1,1,4,2,4,1,2,2,2,3,1,1,2,3,1,4,3,4,1,1,1,1,2,2,2,1,2,3,4,1,3,1,4,2,3,3,1,4,4,4,4,2,2,4,2,2,4,2,2,4,4,1,1,3,4,3,1,2,3,1,1,4,3,1,1,4,1,2,3,4,4,2,3,2,2,2,2,1,1,1,4,2,2,3,4,4,3,1,1,1,4,1,2,3,1,1,2,3,2,4,1,3,3,3,4,2,1,2,3,1,3,3,1,1,1,3,4,3,2,3,1,2,3,3,4,2,2,4,3,4,2,4,1,1,4,3,2,4,3,3,2,1,3,2,2,3,3,2,1,3,3,2,3,4,2,4,4,3,2,4,2,2,1,1,1,3,2,4,2,1,1,2,1,2,2,2,2,1,3,4,2,2,2,1,4,2,3,4,2,1,3,4,4,4,3,2,4,2,2,2,4,3,1,1,1,1,3,1,1,3,4,3,1,1,2,1,2,2,4,1,1,2,4,4,1,2,3,2,1,1,2,3,2,4,1,1,1,4,3,1,2,3,1,2,3,4,2,2,3,1,2,3,1,1,2,4,2,3,1,4,3,1,4,1,3,1,2,1,1,1,1,4,4,3,1,1,2,4,1,1,2,1,1,2,2,2,2,3,3,3,1,3,1,3,2,3,1,1,2,2,4,4,1,2,4,1,1,2,1,2,1,4,4,2,3,3,1,4,2,3,2,2,3,3,1,1,3,2,2,3,4,1,2,2,1,2,1,1,1,2,4,3,2,3,3,4,4,2,4,3,3,1,3,3,1,4,3,4,1,1,1,4,4,2,1,4,2,2,1,1,4,1,3,2,2,2,3,4,1,1,2,2,1,4,4,3,4,3,3,2,1,3,4,1,2,3,3,3,4,2,3,2,1,1,3,1,1,3,2,2,2,1,1,1,4,2,2,4,1,3,4,1,3,3,4,1,1,3,3,1,1,4,2,2,1,3,1,3,3,4,3,4,2,3,1,2,2,1,2,2,1,2,2,4,1,2,1,3,4,3,1,1,3,3,1,4,1,3,1,1,1,2,3,3,2,2,1,2,3,3,4,1,4,3,4,2,1,2,4,3,3,1,1,1,2,1,2,3,4,4,2,4,2,2,3,2,3,3,2,2,2,3,2,3,4,2,1,3,3,1,3,2,1,3,1,1,3,2,3,4,3,2,4,3,1,4,2,4,1,1,2,2,2,2,2,1,1,1,1,3,1,4,1,4,2,3,1,2,2,4,1,3,2,3,1,3,2,2,2,2,4,2,4,3,1,4,1,3,3,3,3,2,1,2,4,4,2,2,1,3,4,1,3,4,1,2,2,3,3,2,2,3,3,3,4,3,2,2,2,1,3,1,3,1,3,4,1,3,3,2,2,3,1,2,2,1,1,3,3,1,2,2,1,1,2,1,3,1,1,2,1,2,3,4,3,1,4,3,2,4,4,3,2,3,2,1,1,2,1,3,2,4,4,3,3,3,3,4,1,1,3,2,2,2,1,1,1,4,2,3,1,2,2,3,1,1,1,3,1,3,2,2,1,2,1,1,2,1,1,4,1,2,4,4,2,1,2,2,4,2,4,4,4,4,1,3,2,1,1,1,2,3,1,2,3,1,3,4,3,3,4,3,1,2,1,3,3,3,1,4,4,4,1,1,1,1,1,4,2,4,2,3,4,4,1,1,1,1,3,4,3,1,1,3,1,1,2,1,2,3,4,2,4,1,1,1,2,4,3,1,2,3,1,1,2,2,1,4,1,2,2,2,4,3,4,2,4,1,4,1,4,1,4,3,1,1,4,4,1,4,2,4,3,1,3,3,2,2,3,1,3,4,1,1,4,1,2,1,1,1,1,3,3,3,2,4,4,2,1,2,1,1,2,1,3,3,3,3,2,3,1,2,2,3,4,4,3,3,1,1,3,3,4,3,4,3,1,4,4,4,3,2,4,1,3,4,3,2,2,3,3,3,4,3,1,2,4,4,2,2,1,1,1,4,1,1,1,3,3,4,2,1,3,3,4,2,1,3,4,4,3,4,2,4,2,2,3,2,2,1,2,3,2,3,2,2,1,3,2,3,4,1,3,4,1,3,3,2,2,3,3,1,4,1,1,3,1,3,4,1,4,1,4,2,1,2,1,1,1,3,1,1,3,1,3,3,1,2,2,1,1,4,1,2,4,4,3,2,1,1,4,1,4,3,4,1,4,1,1,1,2,3,4,1,1,2,3,2,1,3,3,1,4,3,3,3,4,2,1,2,2,4,2,1,1,4,3,1,4,4,2,4,3,2,1,1,1,2,1,1,3,3,3,3,1,1,4,2,1,2,1,1,3,3,3,3,1,3,3,2,2,4,2,2,2,2,1,4,3,3,3,3,1,3,4,1,1,2,4,2,1,3,2,3,4,1,3,1,2,3,4,1,2,2,2,1,2,4,4,1,2,2,2,2,4,3,3,2,1,4,2,2,3,2,3,2,3,2,1,1,1,4,4,1,1,2,1,3,4,2,2,4,1,1,3,3,1,1,2,2,1,4,2,4,2,3,2,4,4,1,4,3,1,2,2,1,1,3,2,1,2,2,4,2,4,2,3,1,1,2,2,2,1,4,1,3,1,4,3,3,3,4,4,2,1,4,4,2,3,4,4,1,1,1,4,1,3,4,2,4,2,2,4,4,2,3,1,4,2,2,1,1,2,4,2,2,1,1,4,4,1,1,3,4,1,4,1,2,4,3,2,3,3,1,1,2,1,4,2,1,2,1,3,3,4,4,4,2,3,4,1,1,1,4,2,1,4,4,1,1,3,3,3,3,2,2,1,1,4,2,2,2,2,3,1,1,4,2,4,2,1,1,2,2,4,1,3,4,3,3,1,4,3,2,4,3,3,4,1,3,1,1,2,1,4,4,2,3,3,1,3,1,2,3,4,3,2,1,1,4,2,1,3,1,2,2,2,2,2,3,2,4,4,2,4,3,1,1,2,1,3,1,1,1,1,1,1,3,1,1,1,3,3,3,2,4,2,2,1,2,4,3,4,1,3,3,3,3,2,1,2,3,1,3,3,1,1,1,2,4,2,1,4,3,2,1,2,1,3,1,1,3,2,1,3,2,2,2,3,4,1,1,4,2,2,2,3,1,3,4,4,2,4,2,1,2,3,4,3,3,1,3,2,2,2,2,3,3,3,4,1,3,4,1,4,1,1,2,4,3,1,1,2,3,1,1,4,1,3,1,1,1,2,2,4,1,2,1,4,4,4,3,2,2,4,4,3,4,4,3"
173,0.9877030496613249,0.43137254901960786,2253.0,"2,1,2,4,1,1,1,2,2,1,3,4,2,1,1,1,1,4,3,4,4,2,1,4,3,4,4,1,2,2,1,4,4,2,1,4,2,4,1,4,4,3,1,3,4,3,3,1,2,2,1,2,3,2,1,2,1,4,3,3,1,2,4,2,3,4,1,1,2,1,2,2,2,1,1,2,2,1,2,3,2,4,3,1,1,3,1,1,1,1,1,1,3,4,2,1,2,3,2,1,1,3,2,4,3,4,2,1,2,4,2,2,2,2,4,3,1,2,4,1,3,1,4,2,1,4,2,4,1,2,4,2,2,1,3,3,3,4,4,2,2,4,3,1,2,2,3,3,2,3,3,3,4,4,1,4,1,1,1,3,4,2,2,1,2,4,4,4,3,4,2,4,3,2,1,4,3,4,2,2,2,3,4,4,3,3,3,2,3,2,1,2,2,3,2,2,4,2,3,2,2,4,1,4,2,4,3,1,3,2,4,2,4,2,3,1,3,1,2,1,1,1,4,2,4,1,2,2,2,3,1,1,2,3,1,4,3,4,1,1,1,1,2,2,2,1,2,3,4,1,3,1,4,2,3,3,1,4,4,4,4,2,2,4,2,2,4,2,2,4,4,1,1,3,4,3,1,2,3,1,1,4,3,1,1,4,1,2,3,4,4,2,3,2,2,2,2,1,1,1,4,2,2,3,4,4,3,1,1,1,4,1,2,3,1,1,2,3,2,4,1,3,3,3,4,2,1,2,3,1,3,3,1,1,1,3,4,3,2,3,1,2,3,3,4,2,2,4,3,4,2,4,1,1,4,3,2,4,3,3,2,1,3,2,2,3,3,2,1,3,3,2,3,4,2,4,4,3,2,4,2,2,1,1,1,3,2,4,2,1,1,2,1,2,2,2,2,1,3,4,2,2,2,1,4,2,3,4,2,1,3,4,4,4,3,2,4,2,2,2,4,3,1,1,1,1,3,1,1,3,4,3,1,1,2,1,2,2,4,1,1,2,4,4,1,2,3,2,1,1,2,3,2,4,1,1,1,4,3,1,2,3,1,2,3,4,2,2,3,1,2,3,1,1,2,4,2,3,1,4,3,1,4,1,3,1,2,1,1,1,1,4,4,3,1,1,2,4,1,1,2,1,1,2,2,2,2,3,3,3,1,3,1,3,2,3,1,1,2,2,4,4,1,2,4,1,1,2,1,2,1,4,4,2,3,3,1,4,2,3,2,2,3,3,1,1,3,2,2,3,4,1,2,2,1,2,1,1,1,2,4,3,2,3,3,4,4,2,4,3,3,1,3,3,1,4,3,4,1,1,1,4,4,2,1,4,2,2,1,1,4,1,3,2,2,2,3,4,1,1,2,2,1,4,4,3,4,3,3,2,1,3,4,1,2,3,3,3,4,2,3,2,1,1,3,1,1,3,2,2,2,1,1,1,4,2,2,4,1,3,4,1,3,3,4,1,1,3,3,1,1,4,2,2,1,3,1,3,3,4,3,4,2,3,1,2,2,1,2,2,1,2,2,4,1,2,1,3,4,3,1,1,3,3,1,4,1,3,1,1,1,2,3,3,2,2,1,2,3,3,4,1,4,3,4,2,1,2,4,3,3,1,1,1,2,1,2,3,4,4,2,4,2,2,3,2,3,3,2,2,2,3,2,3,4,2,1,3,3,1,3,2,1,3,1,1,3,2,3,4,3,2,4,3,1,4,2,4,1,1,2,2,2,2,2,1,1,1,1,3,1,4,1,4,2,3,1,2,2,4,1,3,2,3,1,3,2,2,2,2,4,2,4,3,1,4,1,3,3,3,3,2,1,2,4,4,2,2,1,3,4,1,3,4,1,2,2,3,3,2,2,3,3,3,4,3,2,2,2,1,3,1,3,1,3,4,1,3,3,2,2,3,1,2,2,1,1,3,3,1,2,2,1,1,2,1,3,1,1,2,1,2,3,4,3,1,4,3,2,4,4,3,2,3,2,1,1,2,1,3,2,4,4,3,3,3,3,4,1,1,3,2,2,2,1,1,1,4,2,3,1,2,2,3,1,1,1,3,1,3,2,2,1,2,1,1,2,1,1,4,1,2,4,4,2,1,2,2,4,2,4,4,4,4,1,3,2,1,1,1,2,3,1,2,3,1,3,4,3,3,4,3,1,2,1,3,3,3,1,4,4,4,1,1,1,1,1,4,2,4,2,3,4,4,1,1,1,1,3,4,3,1,1,3,1,1,2,1,2,3,4,2,4,1,1,1,2,4,3,1,2,3,1,1,2,2,1,4,1,2,2,2,4,3,4,2,4,1,4,1,4,1,4,3,1,1,4,4,1,4,2,4,3,1,3,3,2,2,3,1,3,4,1,1,4,1,2,1,1,1,1,3,3,3,2,4,4,2,1,2,1,1,2,1,3,3,3,3,2,3,1,2,2,3,4,4,3,3,1,1,3,3,4,3,4,3,1,4,4,4,3,2,4,1,3,4,3,2,2,3,3,3,4,3,1,2,4,4,2,2,1,1,1,4,1,1,1,3,3,4,2,1,3,3,4,2,1,3,4,4,3,4,2,4,2,2,3,2,2,1,2,3,2,3,2,2,1,3,2,3,4,1,3,4,1,3,3,2,2,3,3,1,4,1,1,3,1,3,4,1,4,1,4,2,1,2,1,1,1,3,1,1,3,1,3,3,1,2,2,1,1,4,1,2,4,4,3,2,1,1,4,1,4,3,4,1,4,1,1,1,2,3,4,1,1,2,3,2,1,3,3,1,4,3,3,3,4,2,1,2,2,4,2,1,1,4,3,1,4,4,2,4,3,2,1,1,1,2,1,1,3,3,3,3,1,1,4,2,1,2,1,1,3,3,3,3,1,3,3,2,2,4,2,2,2,2,1,4,3,3,3,3,1,3,4,1,1,2,4,2,1,3,2,3,4,1,3,1,2,3,4,1,2,2,2,1,2,4,4,1,2,2,2,2,4,3,3,2,1,4,2,2,3,2,3,2,3,2,1,1,1,4,4,1,1,2,1,3,4,2,2,4,1,1,3,3,1,1,2,2,1,4,2,4,2,3,2,4,4,1,4,3,1,2,2,1,1,3,2,1,2,2,4,2,4,2,3,1,1,2,2,2,1,4,1,3,1,4,3,3,3,4,4,2,1,4,4,2,3,4,4,1,1,1,4,1,3,4,2,4,2,2,4,4,2,3,1,4,2,2,1,1,2,4,2,2,1,1,4,4,1,1,3,4,1,4,1,2,4,3,2,3,3,1,1,2,1,4,2,1,2,1,3,3,4,4,4,2,3,4,1,1,1,4,2,1,4,4,1,1,3,3,3,3,2,2,1,1,4,2,2,2,2,3,1,1,4,2,4,2,1,1,2,2,4,1,3,4,3,3,1,4,3,2,4,3,3,4,1,3,1,1,2,1,4,4,2,3,3,1,3,1,2,3,4,3,2,1,1,4,2,1,3,1,2,2,2,2,2,3,2,4,4,2,4,3,1,1,2,1,3,1,1,1,1,1,1,3,1,1,1,3,3,3,2,4,2,2,1,2,4,3,4,1,3,3,3,3,2,1,2,3,1,3,3,1,1,1,2,4,2,1,4,3,2,1,2,1,3,1,1,3,2,1,3,2,2,2,3,4,1,1,4,2,2,2,3,1,3,4,4,2,4,2,1,2,3,4,3,3,1,3,2,2,2,2,3,3,3,4,1,3,4,1,4,1,1,2,4,3,1,1,2,3,1,1,4,1,3,1,1,1,2,2,4,1,2,1,4,4,4,3,2,2,4,4,3,4,4,3"
174,0.9877030496613249,0.43137254901960786,2253.0,"2,1,2,4,1,1,1,2,2,1,3,4,2,1,1,1,1,4,3,4,4,2,1,4,3,4,4,1,2,2,1,4,4,2,1,4,2,4,1,4,4,3,1,3,4,3,3,1,2,2,1,2,3,2,1,2,1,4,3,3,1,2,4,2,3,4,1,1,2,1,2,2,2,1,1,2,2,1,2,3,2,4,3,1,1,3,1,1,1,1,1,1,3,4,2,1,2,3,2,1,1,3,2,4,3,4,2,1,2,4,2,2,2,2,4,3,1,2,4,1,3,1,4,2,1,4,2,4,1,2,4,2,2,1,3,3,3,4,4,2,2,4,3,1,2,2,3,3,2,3,3,3,4,4,1,4,1,1,1,3,4,2,2,1,2,4,4,4,3,4,2,4,3,2,1,4,3,4,2,2,2,3,4,4,3,3,3,2,3,2,1,2,2,3,2,2,4,2,3,2,2,4,1,4,2,4,3,1,3,2,4,2,4,2,3,1,3,1,2,1,1,1,4,2,4,1,2,2,2,3,1,1,2,3,1,4,3,4,1,1,1,1,2,2,2,1,2,3,4,1,3,1,4,2,3,3,1,4,4,4,4,2,2,4,2,2,4,2,2,4,4,1,1,3,4,3,1,2,3,1,1,4,3,1,1,4,1,2,3,4,4,2,3,2,2,2,2,1,1,1,4,2,2,3,4,4,3,1,1,1,4,1,2,3,1,1,2,3,2,4,1,3,3,3,4,2,1,2,3,1,3,3,1,1,1,3,4,3,2,3,1,2,3,3,4,2,2,4,3,4,2,4,1,1,4,3,2,4,3,3,2,1,3,2,2,3,3,2,1,3,3,2,3,4,2,4,4,3,2,4,2,2,1,1,1,3,2,4,2,1,1,2,1,2,2,2,2,1,3,4,2,2,2,1,4,2,3,4,2,1,3,4,4,4,3,2,4,2,2,2,4,3,1,1,1,1,3,1,1,3,4,3,1,1,2,1,2,2,4,1,1,2,4,4,1,2,3,2,1,1,2,3,2,4,1,1,1,4,3,1,2,3,1,2,3,4,2,2,3,1,2,3,1,1,2,4,2,3,1,4,3,1,4,1,3,1,2,1,1,1,1,4,4,3,1,1,2,4,1,1,2,1,1,2,2,2,2,3,3,3,1,3,1,3,2,3,1,1,2,2,4,4,1,2,4,1,1,2,1,2,1,4,4,2,3,3,1,4,2,3,2,2,3,3,1,1,3,2,2,3,4,1,2,2,1,2,1,1,1,2,4,3,2,3,3,4,4,2,4,3,3,1,3,3,1,4,3,4,1,1,1,4,4,2,1,4,2,2,1,1,4,1,3,2,2,2,3,4,1,1,2,2,1,4,4,3,4,3,3,2,1,3,4,1,2,3,3,3,4,2,3,2,1,1,3,1,1,3,2,2,2,1,1,1,4,2,2,4,1,3,4,1,3,3,4,1,1,3,3,1,1,4,2,2,1,3,1,3,3,4,3,4,2,3,1,2,2,1,2,2,1,2,2,4,1,2,1,3,4,3,1,1,3,3,1,4,1,3,1,1,1,2,3,3,2,2,1,2,3,3,4,1,4,3,4,2,1,2,4,3,3,1,1,1,2,1,2,3,4,4,2,4,2,2,3,2,3,3,2,2,2,3,2,3,4,2,1,3,3,1,3,2,1,3,1,1,3,2,3,4,3,2,4,3,1,4,2,4,1,1,2,2,2,2,2,1,1,1,1,3,1,4,1,4,2,3,1,2,2,4,1,3,2,3,1,3,2,2,2,2,4,2,4,3,1,4,1,3,3,3,3,2,1,2,4,4,2,2,1,3,4,1,3,4,1,2,2,3,3,2,2,3,3,3,4,3,2,2,2,1,3,1,3,1,3,4,1,3,3,2,2,3,1,2,2,1,1,3,3,1,2,2,1,1,2,1,3,1,1,2,1,2,3,4,3,1,4,3,2,4,4,3,2,3,2,1,1,2,1,3,2,4,4,3,3,3,3,4,1,1,3,2,2,2,1,1,1,4,2,3,1,2,2,3,1,1,1,3,1,3,2,2,1,2,1,1,2,1,1,4,1,2,4,4,2,1,2,2,4,2,4,4,4,4,1,3,2,1,1,1,2,3,1,2,3,1,3,4,3,3,4,3,1,2,1,3,3,3,1,4,4,4,1,1,1,1,1,4,2,4,2,3,4,4,1,1,1,1,3,4,3,1,1,3,1,1,2,1,2,3,4,2,4,1,1,1,2,4,3,1,2,3,1,1,2,2,1,4,1,2,2,2,4,3,4,2,4,1,4,1,4,1,4,3,1,1,4,4,1,4,2,4,3,1,3,3,2,2,3,1,3,4,1,1,4,1,2,1,1,1,1,3,3,3,2,4,4,2,1,2,1,1,2,1,3,3,3,3,2,3,1,2,2,3,4,4,3,3,1,1,3,3,4,3,4,3,1,4,4,4,3,2,4,1,3,4,3,2,2,3,3,3,4,3,1,2,4,4,2,2,1,1,1,4,1,1,1,3,3,4,2,1,3,3,4,2,1,3,4,4,3,4,2,4,2,2,3,2,2,1,2,3,2,3,2,2,1,3,2,3,4,1,3,4,1,3,3,2,2,3,3,1,4,1,1,3,1,3,4,1,4,1,4,2,1,2,1,1,1,3,1,1,3,1,3,3,1,2,2,1,1,4,1,2,4,4,3,2,1,1,4,1,4,3,4,1,4,1,1,1,2,3,4,1,1,2,3,2,1,3,3,1,4,3,3,3,4,2,1,2,2,4,2,1,1,4,3,1,4,4,2,4,3,2,1,1,1,2,1,1,3,3,3,3,1,1,4,2,1,2,1,1,3,3,3,3,1,3,3,2,2,4,2,2,2,2,1,4,3,3,3,3,1,3,4,1,1,2,4,2,1,3,2,3,4,1,3,1,2,3,4,1,2,2,2,1,2,4,4,1,2,2,2,2,4,3,3,2,1,4,2,2,3,2,3,2,3,2,1,1,1,4,4,1,1,2,1,3,4,2,2,4,1,1,3,3,1,1,2,2,1,4,2,4,2,3,2,4,4,1,4,3,1,2,2,1,1,3,2,1,2,2,4,2,4,2,3,1,1,2,2,2,1,4,1,3,1,4,3,3,3,4,4,2,1,4,4,2,3,4,4,1,1,1,4,1,3,4,2,4,2,2,4,4,2,3,1,4,2,2,1,1,2,4,2,2,1,1,4,4,1,1,3,4,1,4,1,2,4,3,2,3,3,1,1,2,1,4,2,1,2,1,3,3,4,4,4,2,3,4,1,1,1,4,2,1,4,4,1,1,3,3,3,3,2,2,1,1,4,2,2,2,2,3,1,1,4,2,4,2,1,1,2,2,4,1,3,4,3,3,1,4,3,2,4,3,3,4,1,3,1,1,2,1,4,4,2,3,3,1,3,1,2,3,4,3,2,1,1,4,2,1,3,1,2,2,2,2,2,3,2,4,4,2,4,3,1,1,2,1,3,1,1,1,1,1,1,3,1,1,1,3,3,3,2,4,2,2,1,2,4,3,4,1,3,3,3,3,2,1,2,3,1,3,3,1,1,1,2,4,2,1,4,3,2,1,2,1,3,1,1,3,2,1,3,2,2,2,3,4,1,1,4,2,2,2,3,1,3,4,4,2,4,2,1,2,3,4,3,3,1,3,2,2,2,2,3,3,3,4,1,3,4,1,4,1,1,2,4,3,1,1,2,3,1,1,4,1,3,1,1,1,2,2,4,1,2,1,4,4,4,3,2,2,4,4,3,4,4,3"
175,0.9877030496613249,0.43137254901960786,2253.0,"2,1,2,4,1,1,1,2,2,1,3,4,2,1,1,1,1,4,3,4,4,2,1,4,3,4,4,1,2,2,1,4,4,2,1,4,2,4,1,4,4,3,1,3,4,3,3,1,2,2,1,2,3,2,1,2,1,4,3,3,1,2,4,2,3,4,1,1,2,1,2,2,2,1,1,2,2,1,2,3,2,4,3,1,1,3,1,1,1,1,1,1,3,4,2,1,2,3,2,1,1,3,2,4,3,4,2,1,2,4,2,2,2,2,4,3,1,2,4,1,3,1,4,2,1,4,2,4,1,2,4,2,2,1,3,3,3,4,4,2,2,4,3,1,2,2,3,3,2,3,3,3,4,4,1,4,1,1,1,3,4,2,2,1,2,4,4,4,3,4,2,4,3,2,1,4,3,4,2,2,2,3,4,4,3,3,3,2,3,2,1,2,2,3,2,2,4,2,3,2,2,4,1,4,2,4,3,1,3,2,4,2,4,2,3,1,3,1,2,1,1,1,4,2,4,1,2,2,2,3,1,1,2,3,1,4,3,4,1,1,1,1,2,2,2,1,2,3,4,1,3,1,4,2,3,3,1,4,4,4,4,2,2,4,2,2,4,2,2,4,4,1,1,3,4,3,1,2,3,1,1,4,3,1,1,4,1,2,3,4,4,2,3,2,2,2,2,1,1,1,4,2,2,3,4,4,3,1,1,1,4,1,2,3,1,1,2,3,2,4,1,3,3,3,4,2,1,2,3,1,3,3,1,1,1,3,4,3,2,3,1,2,3,3,4,2,2,4,3,4,2,4,1,1,4,3,2,4,3,3,2,1,3,2,2,3,3,2,1,3,3,2,3,4,2,4,4,3,2,4,2,2,1,1,1,3,2,4,2,1,1,2,1,2,2,2,2,1,3,4,2,2,2,1,4,2,3,4,2,1,3,4,4,4,3,2,4,2,2,2,4,3,1,1,1,1,3,1,1,3,4,3,1,1,2,1,2,2,4,1,1,2,4,4,1,2,3,2,1,1,2,3,2,4,1,1,1,4,3,1,2,3,1,2,3,4,2,2,3,1,2,3,1,1,2,4,2,3,1,4,3,1,4,1,3,1,2,1,1,1,1,4,4,3,1,1,2,4,1,1,2,1,1,2,2,2,2,3,3,3,1,3,1,3,2,3,1,1,2,2,4,4,1,2,4,1,1,2,1,2,1,4,4,2,3,3,1,4,2,3,2,2,3,3,1,1,3,2,2,3,4,1,2,2,1,2,1,1,1,2,4,3,2,3,3,4,4,2,4,3,3,1,3,3,1,4,3,4,1,1,1,4,4,2,1,4,2,2,1,1,4,1,3,2,2,2,3,4,1,1,2,2,1,4,4,3,4,3,3,2,1,3,4,1,2,3,3,3,4,2,3,2,1,1,3,1,1,3,2,2,2,1,1,1,4,2,2,4,1,3,4,1,3,3,4,1,1,3,3,1,1,4,2,2,1,3,1,3,3,4,3,4,2,3,1,2,2,1,2,2,1,2,2,4,1,2,1,3,4,3,1,1,3,3,1,4,1,3,1,1,1,2,3,3,2,2,1,2,3,3,4,1,4,3,4,2,1,2,4,3,3,1,1,1,2,1,2,3,4,4,2,4,2,2,3,2,3,3,2,2,2,3,2,3,4,2,1,3,3,1,3,2,1,3,1,1,3,2,3,4,3,2,4,3,1,4,2,4,1,1,2,2,2,2,2,1,1,1,1,3,1,4,1,4,2,3,1,2,2,4,1,3,2,3,1,3,2,2,2,2,4,2,4,3,1,4,1,3,3,3,3,2,1,2,4,4,2,2,1,3,4,1,3,4,1,2,2,3,3,2,2,3,3,3,4,3,2,2,2,1,3,1,3,1,3,4,1,3,3,2,2,3,1,2,2,1,1,3,3,1,2,2,1,1,2,1,3,1,1,2,1,2,3,4,3,1,4,3,2,4,4,3,2,3,2,1,1,2,1,3,2,4,4,3,3,3,3,4,1,1,3,2,2,2,1,1,1,4,2,3,1,2,2,3,1,1,1,3,1,3,2,2,1,2,1,1,2,1,1,4,1,2,4,4,2,1,2,2,4,2,4,4,4,4,1,3,2,1,1,1,2,3,1,2,3,1,3,4,3,3,4,3,1,2,1,3,3,3,1,4,4,4,1,1,1,1,1,4,2,4,2,3,4,4,1,1,1,1,3,4,3,1,1,3,1,1,2,1,2,3,4,2,4,1,1,1,2,4,3,1,2,3,1,1,2,2,1,4,1,2,2,2,4,3,4,2,4,1,4,1,4,1,4,3,1,1,4,4,1,4,2,4,3,1,3,3,2,2,3,1,3,4,1,1,4,1,2,1,1,1,1,3,3,3,2,4,4,2,1,2,1,1,2,1,3,3,3,3,2,3,1,2,2,3,4,4,3,3,1,1,3,3,4,3,4,3,1,4,4,4,3,2,4,1,3,4,3,2,2,3,3,3,4,3,1,2,4,4,2,2,1,1,1,4,1,1,1,3,3,4,2,1,3,3,4,2,1,3,4,4,3,4,2,4,2,2,3,2,2,1,2,3,2,3,2,2,1,3,2,3,4,1,3,4,1,3,3,2,2,3,3,1,4,1,1,3,1,3,4,1,4,1,4,2,1,2,1,1,1,3,1,1,3,1,3,3,1,2,2,1,1,4,1,2,4,4,3,2,1,1,4,1,4,3,4,1,4,1,1,1,2,3,4,1,1,2,3,2,1,3,3,1,4,3,3,3,4,2,1,2,2,4,2,1,1,4,3,1,4,4,2,4,3,2,1,1,1,2,1,1,3,3,3,3,1,1,4,2,1,2,1,1,3,3,3,3,1,3,3,2,2,4,2,2,2,2,1,4,3,3,3,3,1,3,4,1,1,2,4,2,1,3,2,3,4,1,3,1,2,3,4,1,2,2,2,1,2,4,4,1,2,2,2,2,4,3,3,2,1,4,2,2,3,2,3,2,3,2,1,1,1,4,4,1,1,2,1,3,4,2,2,4,1,1,3,3,1,1,2,2,1,4,2,4,2,3,2,4,4,1,4,3,1,2,2,1,1,3,2,1,2,2,4,2,4,2,3,1,1,2,2,2,1,4,1,3,1,4,3,3,3,4,4,2,1,4,4,2,3,4,4,1,1,1,4,1,3,4,2,4,2,2,4,4,2,3,1,4,2,2,1,1,2,4,2,2,1,1,4,4,1,1,3,4,1,4,1,2,4,3,2,3,3,1,1,2,1,4,2,1,2,1,3,3,4,4,4,2,3,4,1,1,1,4,2,1,4,4,1,1,3,3,3,3,2,2,1,1,4,2,2,2,2,3,1,1,4,2,4,2,1,1,2,2,4,1,3,4,3,3,1,4,3,2,4,3,3,4,1,3,1,1,2,1,4,4,2,3,3,1,3,1,2,3,4,3,2,1,1,4,2,1,3,1,2,2,2,2,2,3,2,4,4,2,4,3,1,1,2,1,3,1,1,1,1,1,1,3,1,1,1,3,3,3,2,4,2,2,1,2,4,3,4,1,3,3,3,3,2,1,2,3,1,3,3,1,1,1,2,4,2,1,4,3,2,1,2,1,3,1,1,3,2,1,3,2,2,2,3,4,1,1,4,2,2,2,3,1,3,4,4,2,4,2,1,2,3,4,3,3,1,3,2,2,2,2,3,3,3,4,1,3,4,1,4,1,1,2,4,3,1,1,2,3,1,1,4,1,3,1,1,1,2,2,4,1,2,1,4,4,4,3,2,2,4,4,3,4,4,3"
176,0.9877030496613249,0.43137254901960786,2253.0,"2,1,2,4,1,1,1,2,2,1,3,4,2,1,1,1,1,4,3,4,4,2,1,4,3,4,4,1,2,2,1,4,4,2,1,4,2,4,1,4,4,3,1,3,4,3,3,1,2,2,1,2,3,2,1,2,1,4,3,3,1,2,4,2,3,4,1,1,2,1,2,2,2,1,1,2,2,1,2,3,2,4,3,1,1,3,1,1,1,1,1,1,3,4,2,1,2,3,2,1,1,3,2,4,3,4,2,1,2,4,2,2,2,2,4,3,1,2,4,1,3,1,4,2,1,4,2,4,1,2,4,2,2,1,3,3,3,4,4,2,2,4,3,1,2,2,3,3,2,3,3,3,4,4,1,4,1,1,1,3,4,2,2,1,2,4,4,4,3,4,2,4,3,2,1,4,3,4,2,2,2,3,4,4,3,3,3,2,3,2,1,2,2,3,2,2,4,2,3,2,2,4,1,4,2,4,3,1,3,2,4,2,4,2,3,1,3,1,2,1,1,1,4,2,4,1,2,2,2,3,1,1,2,3,1,4,3,4,1,1,1,1,2,2,2,1,2,3,4,1,3,1,4,2,3,3,1,4,4,4,4,2,2,4,2,2,4,2,2,4,4,1,1,3,4,3,1,2,3,1,1,4,3,1,1,4,1,2,3,4,4,2,3,2,2,2,2,1,1,1,4,2,2,3,4,4,3,1,1,1,4,1,2,3,1,1,2,3,2,4,1,3,3,3,4,2,1,2,3,1,3,3,1,1,1,3,4,3,2,3,1,2,3,3,4,2,2,4,3,4,2,4,1,1,4,3,2,4,3,3,2,1,3,2,2,3,3,2,1,3,3,2,3,4,2,4,4,3,2,4,2,2,1,1,1,3,2,4,2,1,1,2,1,2,2,2,2,1,3,4,2,2,2,1,4,2,3,4,2,1,3,4,4,4,3,2,4,2,2,2,4,3,1,1,1,1,3,1,1,3,4,3,1,1,2,1,2,2,4,1,1,2,4,4,1,2,3,2,1,1,2,3,2,4,1,1,1,4,3,1,2,3,1,2,3,4,2,2,3,1,2,3,1,1,2,4,2,3,1,4,3,1,4,1,3,1,2,1,1,1,1,4,4,3,1,1,2,4,1,1,2,1,1,2,2,2,2,3,3,3,1,3,1,3,2,3,1,1,2,2,4,4,1,2,4,1,1,2,1,2,1,4,4,2,3,3,1,4,2,3,2,2,3,3,1,1,3,2,2,3,4,1,2,2,1,2,1,1,1,2,4,3,2,3,3,4,4,2,4,3,3,1,3,3,1,4,3,4,1,1,1,4,4,2,1,4,2,2,1,1,4,1,3,2,2,2,3,4,1,1,2,2,1,4,4,3,4,3,3,2,1,3,4,1,2,3,3,3,4,2,3,2,1,1,3,1,1,3,2,2,2,1,1,1,4,2,2,4,1,3,4,1,3,3,4,1,1,3,3,1,1,4,2,2,1,3,1,3,3,4,3,4,2,3,1,2,2,1,2,2,1,2,2,4,1,2,1,3,4,3,1,1,3,3,1,4,1,3,1,1,1,2,3,3,2,2,1,2,3,3,4,1,4,3,4,2,1,2,4,3,3,1,1,1,2,1,2,3,4,4,2,4,2,2,3,2,3,3,2,2,2,3,2,3,4,2,1,3,3,1,3,2,1,3,1,1,3,2,3,4,3,2,4,3,1,4,2,4,1,1,2,2,2,2,2,1,1,1,1,3,1,4,1,4,2,3,1,2,2,4,1,3,2,3,1,3,2,2,2,2,4,2,4,3,1,4,1,3,3,3,3,2,1,2,4,4,2,2,1,3,4,1,3,4,1,2,2,3,3,2,2,3,3,3,4,3,2,2,2,1,3,1,3,1,3,4,1,3,3,2,2,3,1,2,2,1,1,3,3,1,2,2,1,1,2,1,3,1,1,2,1,2,3,4,3,1,4,3,2,4,4,3,2,3,2,1,1,2,1,3,2,4,4,3,3,3,3,4,1,1,3,2,2,2,1,1,1,4,2,3,1,2,2,3,1,1,1,3,1,3,2,2,1,2,1,1,2,1,1,4,1,2,4,4,2,1,2,2,4,2,4,4,4,4,1,3,2,1,1,1,2,3,1,2,3,1,3,4,3,3,4,3,1,2,1,3,3,3,1,4,4,4,1,1,1,1,1,4,2,4,2,3,4,4,1,1,1,1,3,4,3,1,1,3,1,1,2,1,2,3,4,2,4,1,1,1,2,4,3,1,2,3,1,1,2,2,1,4,1,2,2,2,4,3,4,2,4,1,4,1,4,1,4,3,1,1,4,4,1,4,2,4,3,1,3,3,2,2,3,1,3,4,1,1,4,1,2,1,1,1,1,3,3,3,2,4,4,2,1,2,1,1,2,1,3,3,3,3,2,3,1,2,2,3,4,4,3,3,1,1,3,3,4,3,4,3,1,4,4,4,3,2,4,1,3,4,3,2,2,3,3,3,4,3,1,2,4,4,2,2,1,1,1,4,1,1,1,3,3,4,2,1,3,3,4,2,1,3,4,4,3,4,2,4,2,2,3,2,2,1,2,3,2,3,2,2,1,3,2,3,4,1,3,4,1,3,3,2,2,3,3,1,4,1,1,3,1,3,4,1,4,1,4,2,1,2,1,1,1,3,1,1,3,1,3,3,1,2,2,1,1,4,1,2,4,4,3,2,1,1,4,1,4,3,4,1,4,1,1,1,2,3,4,1,1,2,3,2,1,3,3,1,4,3,3,3,4,2,1,2,2,4,2,1,1,4,3,1,4,4,2,4,3,2,1,1,1,2,1,1,3,3,3,3,1,1,4,2,1,2,1,1,3,3,3,3,1,3,3,2,2,4,2,2,2,2,1,4,3,3,3,3,1,3,4,1,1,2,4,2,1,3,2,3,4,1,3,1,2,3,4,1,2,2,2,1,2,4,4,1,2,2,2,2,4,3,3,2,1,4,2,2,3,2,3,2,3,2,1,1,1,4,4,1,1,2,1,3,4,2,2,4,1,1,3,3,1,1,2,2,1,4,2,4,2,3,2,4,4,1,4,3,1,2,2,1,1,3,2,1,2,2,4,2,4,2,3,1,1,2,2,2,1,4,1,3,1,4,3,3,3,4,4,2,1,4,4,2,3,4,4,1,1,1,4,1,3,4,2,4,2,2,4,4,2,3,1,4,2,2,1,1,2,4,2,2,1,1,4,4,1,1,3,4,1,4,1,2,4,3,2,3,3,1,1,2,1,4,2,1,2,1,3,3,4,4,4,2,3,4,1,1,1,4,2,1,4,4,1,1,3,3,3,3,2,2,1,1,4,2,2,2,2,3,1,1,4,2,4,2,1,1,2,2,4,1,3,4,3,3,1,4,3,2,4,3,3,4,1,3,1,1,2,1,4,4,2,3,3,1,3,1,2,3,4,3,2,1,1,4,2,1,3,1,2,2,2,2,2,3,2,4,4,2,4,3,1,1,2,1,3,1,1,1,1,1,1,3,1,1,1,3,3,3,2,4,2,2,1,2,4,3,4,1,3,3,3,3,2,1,2,3,1,3,3,1,1,1,2,4,2,1,4,3,2,1,2,1,3,1,1,3,2,1,3,2,2,2,3,4,1,1,4,2,2,2,3,1,3,4,4,2,4,2,1,2,3,4,3,3,1,3,2,2,2,2,3,3,3,4,1,3,4,1,4,1,1,2,4,3,1,1,2,3,1,1,4,1,3,1,1,1,2,2,4,1,2,1,4,4,4,3,2,2,4,4,3,4,4,3"
177,0.9877030496613249,0.43137254901960786,2253.0,"2,1,2,4,1,1,1,2,2,1,3,4,2,1,1,1,1,4,3,4,4,2,1,4,3,4,4,1,2,2,1,4,4,2,1,4,2,4,1,4,4,3,1,3,4,3,3,1,2,2,1,2,3,2,1,2,1,4,3,3,1,2,4,2,3,4,1,1,2,1,2,2,2,1,1,2,2,1,2,3,2,4,3,1,1,3,1,1,1,1,1,1,3,4,2,1,2,3,2,1,1,3,2,4,3,4,2,1,2,4,2,2,2,2,4,3,1,2,4,1,3,1,4,2,1,4,2,4,1,2,4,2,2,1,3,3,3,4,4,2,2,4,3,1,2,2,3,3,2,3,3,3,4,4,1,4,1,1,1,3,4,2,2,1,2,4,4,4,3,4,2,4,3,2,1,4,3,4,2,2,2,3,4,4,3,3,3,2,3,2,1,2,2,3,2,2,4,2,3,2,2,4,1,4,2,4,3,1,3,2,4,2,4,2,3,1,3,1,2,1,1,1,4,2,4,1,2,2,2,3,1,1,2,3,1,4,3,4,1,1,1,1,2,2,2,1,2,3,4,1,3,1,4,2,3,3,1,4,4,4,4,2,2,4,2,2,4,2,2,4,4,1,1,3,4,3,1,2,3,1,1,4,3,1,1,4,1,2,3,4,4,2,3,2,2,2,2,1,1,1,4,2,2,3,4,4,3,1,1,1,4,1,2,3,1,1,2,3,2,4,1,3,3,3,4,2,1,2,3,1,3,3,1,1,1,3,4,3,2,3,1,2,3,3,4,2,2,4,3,4,2,4,1,1,4,3,2,4,3,3,2,1,3,2,2,3,3,2,1,3,3,2,3,4,2,4,4,3,2,4,2,2,1,1,1,3,2,4,2,1,1,2,1,2,2,2,2,1,3,4,2,2,2,1,4,2,3,4,2,1,3,4,4,4,3,2,4,2,2,2,4,3,1,1,1,1,3,1,1,3,4,3,1,1,2,1,2,2,4,1,1,2,4,4,1,2,3,2,1,1,2,3,2,4,1,1,1,4,3,1,2,3,1,2,3,4,2,2,3,1,2,3,1,1,2,4,2,3,1,4,3,1,4,1,3,1,2,1,1,1,1,4,4,3,1,1,2,4,1,1,2,1,1,2,2,2,2,3,3,3,1,3,1,3,2,3,1,1,2,2,4,4,1,2,4,1,1,2,1,2,1,4,4,2,3,3,1,4,2,3,2,2,3,3,1,1,3,2,2,3,4,1,2,2,1,2,1,1,1,2,4,3,2,3,3,4,4,2,4,3,3,1,3,3,1,4,3,4,1,1,1,4,4,2,1,4,2,2,1,1,4,1,3,2,2,2,3,4,1,1,2,2,1,4,4,3,4,3,3,2,1,3,4,1,2,3,3,3,4,2,3,2,1,1,3,1,1,3,2,2,2,1,1,1,4,2,2,4,1,3,4,1,3,3,4,1,1,3,3,1,1,4,2,2,1,3,1,3,3,4,3,4,2,3,1,2,2,1,2,2,1,2,2,4,1,2,1,3,4,3,1,1,3,3,1,4,1,3,1,1,1,2,3,3,2,2,1,2,3,3,4,1,4,3,4,2,1,2,4,3,3,1,1,1,2,1,2,3,4,4,2,4,2,2,3,2,3,3,2,2,2,3,2,3,4,2,1,3,3,1,3,2,1,3,1,1,3,2,3,4,3,2,4,3,1,4,2,4,1,1,2,2,2,2,2,1,1,1,1,3,1,4,1,4,2,3,1,2,2,4,1,3,2,3,1,3,2,2,2,2,4,2,4,3,1,4,1,3,3,3,3,2,1,2,4,4,2,2,1,3,4,1,3,4,1,2,2,3,3,2,2,3,3,3,4,3,2,2,2,1,3,1,3,1,3,4,1,3,3,2,2,3,1,2,2,1,1,3,3,1,2,2,1,1,2,1,3,1,1,2,1,2,3,4,3,1,4,3,2,4,4,3,2,3,2,1,1,2,1,3,2,4,4,3,3,3,3,4,1,1,3,2,2,2,1,1,1,4,2,3,1,2,2,3,1,1,1,3,1,3,2,2,1,2,1,1,2,1,1,4,1,2,4,4,2,1,2,2,4,2,4,4,4,4,1,3,2,1,1,1,2,3,1,2,3,1,3,4,3,3,4,3,1,2,1,3,3,3,1,4,4,4,1,1,1,1,1,4,2,4,2,3,4,4,1,1,1,1,3,4,3,1,1,3,1,1,2,1,2,3,4,2,4,1,1,1,2,4,3,1,2,3,1,1,2,2,1,4,1,2,2,2,4,3,4,2,4,1,4,1,4,1,4,3,1,1,4,4,1,4,2,4,3,1,3,3,2,2,3,1,3,4,1,1,4,1,2,1,1,1,1,3,3,3,2,4,4,2,1,2,1,1,2,1,3,3,3,3,2,3,1,2,2,3,4,4,3,3,1,1,3,3,4,3,4,3,1,4,4,4,3,2,4,1,3,4,3,2,2,3,3,3,4,3,1,2,4,4,2,2,1,1,1,4,1,1,1,3,3,4,2,1,3,3,4,2,1,3,4,4,3,4,2,4,2,2,3,2,2,1,2,3,2,3,2,2,1,3,2,3,4,1,3,4,1,3,3,2,2,3,3,1,4,1,1,3,1,3,4,1,4,1,4,2,1,2,1,1,1,3,1,1,3,1,3,3,1,2,2,1,1,4,1,2,4,4,3,2,1,1,4,1,4,3,4,1,4,1,1,1,2,3,4,1,1,2,3,2,1,3,3,1,4,3,3,3,4,2,1,2,2,4,2,1,1,4,3,1,4,4,2,4,3,2,1,1,1,2,1,1,3,3,3,3,1,1,4,2,1,2,1,1,3,3,3,3,1,3,3,2,2,4,2,2,2,2,1,4,3,3,3,3,1,3,4,1,1,2,4,2,1,3,2,3,4,1,3,1,2,3,4,1,2,2,2,1,2,4,4,1,2,2,2,2,4,3,3,2,1,4,2,2,3,2,3,2,3,2,1,1,1,4,4,1,1,2,1,3,4,2,2,4,1,1,3,3,1,1,2,2,1,4,2,4,2,3,2,4,4,1,4,3,1,2,2,1,1,3,2,1,2,2,4,2,4,2,3,1,1,2,2,2,1,4,1,3,1,4,3,3,3,4,4,2,1,4,4,2,3,4,4,1,1,1,4,1,3,4,2,4,2,2,4,4,2,3,1,4,2,2,1,1,2,4,2,2,1,1,4,4,1,1,3,4,1,4,1,2,4,3,2,3,3,1,1,2,1,4,2,1,2,1,3,3,4,4,4,2,3,4,1,1,1,4,2,1,4,4,1,1,3,3,3,3,2,2,1,1,4,2,2,2,2,3,1,1,4,2,4,2,1,1,2,2,4,1,3,4,3,3,1,4,3,2,4,3,3,4,1,3,1,1,2,1,4,4,2,3,3,1,3,1,2,3,4,3,2,1,1,4,2,1,3,1,2,2,2,2,2,3,2,4,4,2,4,3,1,1,2,1,3,1,1,1,1,1,1,3,1,1,1,3,3,3,2,4,2,2,1,2,4,3,4,1,3,3,3,3,2,1,2,3,1,3,3,1,1,1,2,4,2,1,4,3,2,1,2,1,3,1,1,3,2,1,3,2,2,2,3,4,1,1,4,2,2,2,3,1,3,4,4,2,4,2,1,2,3,4,3,3,1,3,2,2,2,2,3,3,3,4,1,3,4,1,4,1,1,2,4,3,1,1,2,3,1,1,4,1,3,1,1,1,2,2,4,1,2,1,4,4,4,3,2,2,4,4,3,4,4,3"
178,0.9877030496613249,0.43137254901960786,2253.0,"2,1,2,4,1,1,1,2,2,1,3,4,2,1,1,1,1,4,3,4,4,2,1,4,3,4,4,1,2,2,1,4,4,2,1,4,2,4,1,4,4,3,1,3,4,3,3,1,2,2,1,2,3,2,1,2,1,4,3,3,1,2,4,2,3,4,1,1,2,1,2,2,2,1,1,2,2,1,2,3,2,4,3,1,1,3,1,1,1,1,1,1,3,4,2,1,2,3,2,1,1,3,2,4,3,4,2,1,2,4,2,2,2,2,4,3,1,2,4,1,3,1,4,2,1,4,2,4,1,2,4,2,2,1,3,3,3,4,4,2,2,4,3,1,2,2,3,3,2,3,3,3,4,4,1,4,1,1,1,3,4,2,2,1,2,4,4,4,3,4,2,4,3,2,1,4,3,4,2,2,2,3,4,4,3,3,3,2,3,2,1,2,2,3,2,2,4,2,3,2,2,4,1,4,2,4,3,1,3,2,4,2,4,2,3,1,3,1,2,1,1,1,4,2,4,1,2,2,2,3,1,1,2,3,1,4,3,4,1,1,1,1,2,2,2,1,2,3,4,1,3,1,4,2,3,3,1,4,4,4,4,2,2,4,2,2,4,2,2,4,4,1,1,3,4,3,1,2,3,1,1,4,3,1,1,4,1,2,3,4,4,2,3,2,2,2,2,1,1,1,4,2,2,3,4,4,3,1,1,1,4,1,2,3,1,1,2,3,2,4,1,3,3,3,4,2,1,2,3,1,3,3,1,1,1,3,4,3,2,3,1,2,3,3,4,2,2,4,3,4,2,4,1,1,4,3,2,4,3,3,2,1,3,2,2,3,3,2,1,3,3,2,3,4,2,4,4,3,2,4,2,2,1,1,1,3,2,4,2,1,1,2,1,2,2,2,2,1,3,4,2,2,2,1,4,2,3,4,2,1,3,4,4,4,3,2,4,2,2,2,4,3,1,1,1,1,3,1,1,3,4,3,1,1,2,1,2,2,4,1,1,2,4,4,1,2,3,2,1,1,2,3,2,4,1,1,1,4,3,1,2,3,1,2,3,4,2,2,3,1,2,3,1,1,2,4,2,3,1,4,3,1,4,1,3,1,2,1,1,1,1,4,4,3,1,1,2,4,1,1,2,1,1,2,2,2,2,3,3,3,1,3,1,3,2,3,1,1,2,2,4,4,1,2,4,1,1,2,1,2,1,4,4,2,3,3,1,4,2,3,2,2,3,3,1,1,3,2,2,3,4,1,2,2,1,2,1,1,1,2,4,3,2,3,3,4,4,2,4,3,3,1,3,3,1,4,3,4,1,1,1,4,4,2,1,4,2,2,1,1,4,1,3,2,2,2,3,4,1,1,2,2,1,4,4,3,4,3,3,2,1,3,4,1,2,3,3,3,4,2,3,2,1,1,3,1,1,3,2,2,2,1,1,1,4,2,2,4,1,3,4,1,3,3,4,1,1,3,3,1,1,4,2,2,1,3,1,3,3,4,3,4,2,3,1,2,2,1,2,2,1,2,2,4,1,2,1,3,4,3,1,1,3,3,1,4,1,3,1,1,1,2,3,3,2,2,1,2,3,3,4,1,4,3,4,2,1,2,4,3,3,1,1,1,2,1,2,3,4,4,2,4,2,2,3,2,3,3,2,2,2,3,2,3,4,2,1,3,3,1,3,2,1,3,1,1,3,2,3,4,3,2,4,3,1,4,2,4,1,1,2,2,2,2,2,1,1,1,1,3,1,4,1,4,2,3,1,2,2,4,1,3,2,3,1,3,2,2,2,2,4,2,4,3,1,4,1,3,3,3,3,2,1,2,4,4,2,2,1,3,4,1,3,4,1,2,2,3,3,2,2,3,3,3,4,3,2,2,2,1,3,1,3,1,3,4,1,3,3,2,2,3,1,2,2,1,1,3,3,1,2,2,1,1,2,1,3,1,1,2,1,2,3,4,3,1,4,3,2,4,4,3,2,3,2,1,1,2,1,3,2,4,4,3,3,3,3,4,1,1,3,2,2,2,1,1,1,4,2,3,1,2,2,3,1,1,1,3,1,3,2,2,1,2,1,1,2,1,1,4,1,2,4,4,2,1,2,2,4,2,4,4,4,4,1,3,2,1,1,1,2,3,1,2,3,1,3,4,3,3,4,3,1,2,1,3,3,3,1,4,4,4,1,1,1,1,1,4,2,4,2,3,4,4,1,1,1,1,3,4,3,1,1,3,1,1,2,1,2,3,4,2,4,1,1,1,2,4,3,1,2,3,1,1,2,2,1,4,1,2,2,2,4,3,4,2,4,1,4,1,4,1,4,3,1,1,4,4,1,4,2,4,3,1,3,3,2,2,3,1,3,4,1,1,4,1,2,1,1,1,1,3,3,3,2,4,4,2,1,2,1,1,2,1,3,3,3,3,2,3,1,2,2,3,4,4,3,3,1,1,3,3,4,3,4,3,1,4,4,4,3,2,4,1,3,4,3,2,2,3,3,3,4,3,1,2,4,4,2,2,1,1,1,4,1,1,1,3,3,4,2,1,3,3,4,2,1,3,4,4,3,4,2,4,2,2,3,2,2,1,2,3,2,3,2,2,1,3,2,3,4,1,3,4,1,3,3,2,2,3,3,1,4,1,1,3,1,3,4,1,4,1,4,2,1,2,1,1,1,3,1,1,3,1,3,3,1,2,2,1,1,4,1,2,4,4,3,2,1,1,4,1,4,3,4,1,4,1,1,1,2,3,4,1,1,2,3,2,1,3,3,1,4,3,3,3,4,2,1,2,2,4,2,1,1,4,3,1,4,4,2,4,3,2,1,1,1,2,1,1,3,3,3,3,1,1,4,2,1,2,1,1,3,3,3,3,1,3,3,2,2,4,2,2,2,2,1,4,3,3,3,3,1,3,4,1,1,2,4,2,1,3,2,3,4,1,3,1,2,3,4,1,2,2,2,1,2,4,4,1,2,2,2,2,4,3,3,2,1,4,2,2,3,2,3,2,3,2,1,1,1,4,4,1,1,2,1,3,4,2,2,4,1,1,3,3,1,1,2,2,1,4,2,4,2,3,2,4,4,1,4,3,1,2,2,1,1,3,2,1,2,2,4,2,4,2,3,1,1,2,2,2,1,4,1,3,1,4,3,3,3,4,4,2,1,4,4,2,3,4,4,1,1,1,4,1,3,4,2,4,2,2,4,4,2,3,1,4,2,2,1,1,2,4,2,2,1,1,4,4,1,1,3,4,1,4,1,2,4,3,2,3,3,1,1,2,1,4,2,1,2,1,3,3,4,4,4,2,3,4,1,1,1,4,2,1,4,4,1,1,3,3,3,3,2,2,1,1,4,2,2,2,2,3,1,1,4,2,4,2,1,1,2,2,4,1,3,4,3,3,1,4,3,2,4,3,3,4,1,3,1,1,2,1,4,4,2,3,3,1,3,1,2,3,4,3,2,1,1,4,2,1,3,1,2,2,2,2,2,3,2,4,4,2,4,3,1,1,2,1,3,1,1,1,1,1,1,3,1,1,1,3,3,3,2,4,2,2,1,2,4,3,4,1,3,3,3,3,2,1,2,3,1,3,3,1,1,1,2,4,2,1,4,3,2,1,2,1,3,1,1,3,2,1,3,2,2,2,3,4,1,1,4,2,2,2,3,1,3,4,4,2,4,2,1,2,3,4,3,3,1,3,2,2,2,2,3,3,3,4,1,3,4,1,4,1,1,2,4,3,1,1,2,3,1,1,4,1,3,1,1,1,2,2,4,1,2,1,4,4,4,3,2,2,4,4,3,4,4,3"
179,0.9877030496613249,0.43137254901960786,2253.0,"2,1,2,4,1,1,1,2,2,1,3,4,2,1,1,1,1,4,3,4,4,2,1,4,3,4,4,1,2,2,1,4,4,2,1,4,2,4,1,4,4,3,1,3,4,3,3,1,2,2,1,2,3,2,1,2,1,4,3,3,1,2,4,2,3,4,1,1,2,1,2,2,2,1,1,2,2,1,2,3,2,4,3,1,1,3,1,1,1,1,1,1,3,4,2,1,2,3,2,1,1,3,2,4,3,4,2,1,2,4,2,2,2,2,4,3,1,2,4,1,3,1,4,2,1,4,2,4,1,2,4,2,2,1,3,3,3,4,4,2,2,4,3,1,2,2,3,3,2,3,3,3,4,4,1,4,1,1,1,3,4,2,2,1,2,4,4,4,3,4,2,4,3,2,1,4,3,4,2,2,2,3,4,4,3,3,3,2,3,2,1,2,2,3,2,2,4,2,3,2,2,4,1,4,2,4,3,1,3,2,4,2,4,2,3,1,3,1,2,1,1,1,4,2,4,1,2,2,2,3,1,1,2,3,1,4,3,4,1,1,1,1,2,2,2,1,2,3,4,1,3,1,4,2,3,3,1,4,4,4,4,2,2,4,2,2,4,2,2,4,4,1,1,3,4,3,1,2,3,1,1,4,3,1,1,4,1,2,3,4,4,2,3,2,2,2,2,1,1,1,4,2,2,3,4,4,3,1,1,1,4,1,2,3,1,1,2,3,2,4,1,3,3,3,4,2,1,2,3,1,3,3,1,1,1,3,4,3,2,3,1,2,3,3,4,2,2,4,3,4,2,4,1,1,4,3,2,4,3,3,2,1,3,2,2,3,3,2,1,3,3,2,3,4,2,4,4,3,2,4,2,2,1,1,1,3,2,4,2,1,1,2,1,2,2,2,2,1,3,4,2,2,2,1,4,2,3,4,2,1,3,4,4,4,3,2,4,2,2,2,4,3,1,1,1,1,3,1,1,3,4,3,1,1,2,1,2,2,4,1,1,2,4,4,1,2,3,2,1,1,2,3,2,4,1,1,1,4,3,1,2,3,1,2,3,4,2,2,3,1,2,3,1,1,2,4,2,3,1,4,3,1,4,1,3,1,2,1,1,1,1,4,4,3,1,1,2,4,1,1,2,1,1,2,2,2,2,3,3,3,1,3,1,3,2,3,1,1,2,2,4,4,1,2,4,1,1,2,1,2,1,4,4,2,3,3,1,4,2,3,2,2,3,3,1,1,3,2,2,3,4,1,2,2,1,2,1,1,1,2,4,3,2,3,3,4,4,2,4,3,3,1,3,3,1,4,3,4,1,1,1,4,4,2,1,4,2,2,1,1,4,1,3,2,2,2,3,4,1,1,2,2,1,4,4,3,4,3,3,2,1,3,4,1,2,3,3,3,4,2,3,2,1,1,3,1,1,3,2,2,2,1,1,1,4,2,2,4,1,3,4,1,3,3,4,1,1,3,3,1,1,4,2,2,1,3,1,3,3,4,3,4,2,3,1,2,2,1,2,2,1,2,2,4,1,2,1,3,4,3,1,1,3,3,1,4,1,3,1,1,1,2,3,3,2,2,1,2,3,3,4,1,4,3,4,2,1,2,4,3,3,1,1,1,2,1,2,3,4,4,2,4,2,2,3,2,3,3,2,2,2,3,2,3,4,2,1,3,3,1,3,2,1,3,1,1,3,2,3,4,3,2,4,3,1,4,2,4,1,1,2,2,2,2,2,1,1,1,1,3,1,4,1,4,2,3,1,2,2,4,1,3,2,3,1,3,2,2,2,2,4,2,4,3,1,4,1,3,3,3,3,2,1,2,4,4,2,2,1,3,4,1,3,4,1,2,2,3,3,2,2,3,3,3,4,3,2,2,2,1,3,1,3,1,3,4,1,3,3,2,2,3,1,2,2,1,1,3,3,1,2,2,1,1,2,1,3,1,1,2,1,2,3,4,3,1,4,3,2,4,4,3,2,3,2,1,1,2,1,3,2,4,4,3,3,3,3,4,1,1,3,2,2,2,1,1,1,4,2,3,1,2,2,3,1,1,1,3,1,3,2,2,1,2,1,1,2,1,1,4,1,2,4,4,2,1,2,2,4,2,4,4,4,4,1,3,2,1,1,1,2,3,1,2,3,1,3,4,3,3,4,3,1,2,1,3,3,3,1,4,4,4,1,1,1,1,1,4,2,4,2,3,4,4,1,1,1,1,3,4,3,1,1,3,1,1,2,1,2,3,4,2,4,1,1,1,2,4,3,1,2,3,1,1,2,2,1,4,1,2,2,2,4,3,4,2,4,1,4,1,4,1,4,3,1,1,4,4,1,4,2,4,3,1,3,3,2,2,3,1,3,4,1,1,4,1,2,1,1,1,1,3,3,3,2,4,4,2,1,2,1,1,2,1,3,3,3,3,2,3,1,2,2,3,4,4,3,3,1,1,3,3,4,3,4,3,1,4,4,4,3,2,4,1,3,4,3,2,2,3,3,3,4,3,1,2,4,4,2,2,1,1,1,4,1,1,1,3,3,4,2,1,3,3,4,2,1,3,4,4,3,4,2,4,2,2,3,2,2,1,2,3,2,3,2,2,1,3,2,3,4,1,3,4,1,3,3,2,2,3,3,1,4,1,1,3,1,3,4,1,4,1,4,2,1,2,1,1,1,3,1,1,3,1,3,3,1,2,2,1,1,4,1,2,4,4,3,2,1,1,4,1,4,3,4,1,4,1,1,1,2,3,4,1,1,2,3,2,1,3,3,1,4,3,3,3,4,2,1,2,2,4,2,1,1,4,3,1,4,4,2,4,3,2,1,1,1,2,1,1,3,3,3,3,1,1,4,2,1,2,1,1,3,3,3,3,1,3,3,2,2,4,2,2,2,2,1,4,3,3,3,3,1,3,4,1,1,2,4,2,1,3,2,3,4,1,3,1,2,3,4,1,2,2,2,1,2,4,4,1,2,2,2,2,4,3,3,2,1,4,2,2,3,2,3,2,3,2,1,1,1,4,4,1,1,2,1,3,4,2,2,4,1,1,3,3,1,1,2,2,1,4,2,4,2,3,2,4,4,1,4,3,1,2,2,1,1,3,2,1,2,2,4,2,4,2,3,1,1,2,2,2,1,4,1,3,1,4,3,3,3,4,4,2,1,4,4,2,3,4,4,1,1,1,4,1,3,4,2,4,2,2,4,4,2,3,1,4,2,2,1,1,2,4,2,2,1,1,4,4,1,1,3,4,1,4,1,2,4,3,2,3,3,1,1,2,1,4,2,1,2,1,3,3,4,4,4,2,3,4,1,1,1,4,2,1,4,4,1,1,3,3,3,3,2,2,1,1,4,2,2,2,2,3,1,1,4,2,4,2,1,1,2,2,4,1,3,4,3,3,1,4,3,2,4,3,3,4,1,3,1,1,2,1,4,4,2,3,3,1,3,1,2,3,4,3,2,1,1,4,2,1,3,1,2,2,2,2,2,3,2,4,4,2,4,3,1,1,2,1,3,1,1,1,1,1,1,3,1,1,1,3,3,3,2,4,2,2,1,2,4,3,4,1,3,3,3,3,2,1,2,3,1,3,3,1,1,1,2,4,2,1,4,3,2,1,2,1,3,1,1,3,2,1,3,2,2,2,3,4,1,1,4,2,2,2,3,1,3,4,4,2,4,2,1,2,3,4,3,3,1,3,2,2,2,2,3,3,3,4,1,3,4,1,4,1,1,2,4,3,1,1,2,3,1,1,4,1,3,1,1,1,2,2,4,1,2,1,4,4,4,3,2,2,4,4,3,4,4,3"
180,0.9877030496613249,0.43137254901960786,2253.0,"2,1,2,4,1,1,1,2,2,1,3,4,2,1,1,1,1,4,3,4,4,2,1,4,3,4,4,1,2,2,1,4,4,2,1,4,2,4,1,4,4,3,1,3,4,3,3,1,2,2,1,2,3,2,1,2,1,4,3,3,1,2,4,2,3,4,1,1,2,1,2,2,2,1,1,2,2,1,2,3,2,4,3,1,1,3,1,1,1,1,1,1,3,4,2,1,2,3,2,1,1,3,2,4,3,4,2,1,2,4,2,2,2,2,4,3,1,2,4,1,3,1,4,2,1,4,2,4,1,2,4,2,2,1,3,3,3,4,4,2,2,4,3,1,2,2,3,3,2,3,3,3,4,4,1,4,1,1,1,3,4,2,2,1,2,4,4,4,3,4,2,4,3,2,1,4,3,4,2,2,2,3,4,4,3,3,3,2,3,2,1,2,2,3,2,2,4,2,3,2,2,4,1,4,2,4,3,1,3,2,4,2,4,2,3,1,3,1,2,1,1,1,4,2,4,1,2,2,2,3,1,1,2,3,1,4,3,4,1,1,1,1,2,2,2,1,2,3,4,1,3,1,4,2,3,3,1,4,4,4,4,2,2,4,2,2,4,2,2,4,4,1,1,3,4,3,1,2,3,1,1,4,3,1,1,4,1,2,3,4,4,2,3,2,2,2,2,1,1,1,4,2,2,3,4,4,3,1,1,1,4,1,2,3,1,1,2,3,2,4,1,3,3,3,4,2,1,2,3,1,3,3,1,1,1,3,4,3,2,3,1,2,3,3,4,2,2,4,3,4,2,4,1,1,4,3,2,4,3,3,2,1,3,2,2,3,3,2,1,3,3,2,3,4,2,4,4,3,2,4,2,2,1,1,1,3,2,4,2,1,1,2,1,2,2,2,2,1,3,4,2,2,2,1,4,2,3,4,2,1,3,4,4,4,3,2,4,2,2,2,4,3,1,1,1,1,3,1,1,3,4,3,1,1,2,1,2,2,4,1,1,2,4,4,1,2,3,2,1,1,2,3,2,4,1,1,1,4,3,1,2,3,1,2,3,4,2,2,3,1,2,3,1,1,2,4,2,3,1,4,3,1,4,1,3,1,2,1,1,1,1,4,4,3,1,1,2,4,1,1,2,1,1,2,2,2,2,3,3,3,1,3,1,3,2,3,1,1,2,2,4,4,1,2,4,1,1,2,1,2,1,4,4,2,3,3,1,4,2,3,2,2,3,3,1,1,3,2,2,3,4,1,2,2,1,2,1,1,1,2,4,3,2,3,3,4,4,2,4,3,3,1,3,3,1,4,3,4,1,1,1,4,4,2,1,4,2,2,1,1,4,1,3,2,2,2,3,4,1,1,2,2,1,4,4,3,4,3,3,2,1,3,4,1,2,3,3,3,4,2,3,2,1,1,3,1,1,3,2,2,2,1,1,1,4,2,2,4,1,3,4,1,3,3,4,1,1,3,3,1,1,4,2,2,1,3,1,3,3,4,3,4,2,3,1,2,2,1,2,2,1,2,2,4,1,2,1,3,4,3,1,1,3,3,1,4,1,3,1,1,1,2,3,3,2,2,1,2,3,3,4,1,4,3,4,2,1,2,4,3,3,1,1,1,2,1,2,3,4,4,2,4,2,2,3,2,3,3,2,2,2,3,2,3,4,2,1,3,3,1,3,2,1,3,1,1,3,2,3,4,3,2,4,3,1,4,2,4,1,1,2,2,2,2,2,1,1,1,1,3,1,4,1,4,2,3,1,2,2,4,1,3,2,3,1,3,2,2,2,2,4,2,4,3,1,4,1,3,3,3,3,2,1,2,4,4,2,2,1,3,4,1,3,4,1,2,2,3,3,2,2,3,3,3,4,3,2,2,2,1,3,1,3,1,3,4,1,3,3,2,2,3,1,2,2,1,1,3,3,1,2,2,1,1,2,1,3,1,1,2,1,2,3,4,3,1,4,3,2,4,4,3,2,3,2,1,1,2,1,3,2,4,4,3,3,3,3,4,1,1,3,2,2,2,1,1,1,4,2,3,1,2,2,3,1,1,1,3,1,3,2,2,1,2,1,1,2,1,1,4,1,2,4,4,2,1,2,2,4,2,4,4,4,4,1,3,2,1,1,1,2,3,1,2,3,1,3,4,3,3,4,3,1,2,1,3,3,3,1,4,4,4,1,1,1,1,1,4,2,4,2,3,4,4,1,1,1,1,3,4,3,1,1,3,1,1,2,1,2,3,4,2,4,1,1,1,2,4,3,1,2,3,1,1,2,2,1,4,1,2,2,2,4,3,4,2,4,1,4,1,4,1,4,3,1,1,4,4,1,4,2,4,3,1,3,3,2,2,3,1,3,4,1,1,4,1,2,1,1,1,1,3,3,3,2,4,4,2,1,2,1,1,2,1,3,3,3,3,2,3,1,2,2,3,4,4,3,3,1,1,3,3,4,3,4,3,1,4,4,4,3,2,4,1,3,4,3,2,2,3,3,3,4,3,1,2,4,4,2,2,1,1,1,4,1,1,1,3,3,4,2,1,3,3,4,2,1,3,4,4,3,4,2,4,2,2,3,2,2,1,2,3,2,3,2,2,1,3,2,3,4,1,3,4,1,3,3,2,2,3,3,1,4,1,1,3,1,3,4,1,4,1,4,2,1,2,1,1,1,3,1,1,3,1,3,3,1,2,2,1,1,4,1,2,4,4,3,2,1,1,4,1,4,3,4,1,4,1,1,1,2,3,4,1,1,2,3,2,1,3,3,1,4,3,3,3,4,2,1,2,2,4,2,1,1,4,3,1,4,4,2,4,3,2,1,1,1,2,1,1,3,3,3,3,1,1,4,2,1,2,1,1,3,3,3,3,1,3,3,2,2,4,2,2,2,2,1,4,3,3,3,3,1,3,4,1,1,2,4,2,1,3,2,3,4,1,3,1,2,3,4,1,2,2,2,1,2,4,4,1,2,2,2,2,4,3,3,2,1,4,2,2,3,2,3,2,3,2,1,1,1,4,4,1,1,2,1,3,4,2,2,4,1,1,3,3,1,1,2,2,1,4,2,4,2,3,2,4,4,1,4,3,1,2,2,1,1,3,2,1,2,2,4,2,4,2,3,1,1,2,2,2,1,4,1,3,1,4,3,3,3,4,4,2,1,4,4,2,3,4,4,1,1,1,4,1,3,4,2,4,2,2,4,4,2,3,1,4,2,2,1,1,2,4,2,2,1,1,4,4,1,1,3,4,1,4,1,2,4,3,2,3,3,1,1,2,1,4,2,1,2,1,3,3,4,4,4,2,3,4,1,1,1,4,2,1,4,4,1,1,3,3,3,3,2,2,1,1,4,2,2,2,2,3,1,1,4,2,4,2,1,1,2,2,4,1,3,4,3,3,1,4,3,2,4,3,3,4,1,3,1,1,2,1,4,4,2,3,3,1,3,1,2,3,4,3,2,1,1,4,2,1,3,1,2,2,2,2,2,3,2,4,4,2,4,3,1,1,2,1,3,1,1,1,1,1,1,3,1,1,1,3,3,3,2,4,2,2,1,2,4,3,4,1,3,3,3,3,2,1,2,3,1,3,3,1,1,1,2,4,2,1,4,3,2,1,2,1,3,1,1,3,2,1,3,2,2,2,3,4,1,1,4,2,2,2,3,1,3,4,4,2,4,2,1,2,3,4,3,3,1,3,2,2,2,2,3,3,3,4,1,3,4,1,4,1,1,2,4,3,1,1,2,3,1,1,4,1,3,1,1,1,2,2,4,1,2,1,4,4,4,3,2,2,4,4,3,4,4,3"
181,0.9877030496613249,0.43137254901960786,2253.0,"2,1,2,4,1,1,1,2,2,1,3,4,2,1,1,1,1,4,3,4,4,2,1,4,3,4,4,1,2,2,1,4,4,2,1,4,2,4,1,4,4,3,1,3,4,3,3,1,2,2,1,2,3,2,1,2,1,4,3,3,1,2,4,2,3,4,1,1,2,1,2,2,2,1,1,2,2,1,2,3,2,4,3,1,1,3,1,1,1,1,1,1,3,4,2,1,2,3,2,1,1,3,2,4,3,4,2,1,2,4,2,2,2,2,4,3,1,2,4,1,3,1,4,2,1,4,2,4,1,2,4,2,2,1,3,3,3,4,4,2,2,4,3,1,2,2,3,3,2,3,3,3,4,4,1,4,1,1,1,3,4,2,2,1,2,4,4,4,3,4,2,4,3,2,1,4,3,4,2,2,2,3,4,4,3,3,3,2,3,2,1,2,2,3,2,2,4,2,3,2,2,4,1,4,2,4,3,1,3,2,4,2,4,2,3,1,3,1,2,1,1,1,4,2,4,1,2,2,2,3,1,1,2,3,1,4,3,4,1,1,1,1,2,2,2,1,2,3,4,1,3,1,4,2,3,3,1,4,4,4,4,2,2,4,2,2,4,2,2,4,4,1,1,3,4,3,1,2,3,1,1,4,3,1,1,4,1,2,3,4,4,2,3,2,2,2,2,1,1,1,4,2,2,3,4,4,3,1,1,1,4,1,2,3,1,1,2,3,2,4,1,3,3,3,4,2,1,2,3,1,3,3,1,1,1,3,4,3,2,3,1,2,3,3,4,2,2,4,3,4,2,4,1,1,4,3,2,4,3,3,2,1,3,2,2,3,3,2,1,3,3,2,3,4,2,4,4,3,2,4,2,2,1,1,1,3,2,4,2,1,1,2,1,2,2,2,2,1,3,4,2,2,2,1,4,2,3,4,2,1,3,4,4,4,3,2,4,2,2,2,4,3,1,1,1,1,3,1,1,3,4,3,1,1,2,1,2,2,4,1,1,2,4,4,1,2,3,2,1,1,2,3,2,4,1,1,1,4,3,1,2,3,1,2,3,4,2,2,3,1,2,3,1,1,2,4,2,3,1,4,3,1,4,1,3,1,2,1,1,1,1,4,4,3,1,1,2,4,1,1,2,1,1,2,2,2,2,3,3,3,1,3,1,3,2,3,1,1,2,2,4,4,1,2,4,1,1,2,1,2,1,4,4,2,3,3,1,4,2,3,2,2,3,3,1,1,3,2,2,3,4,1,2,2,1,2,1,1,1,2,4,3,2,3,3,4,4,2,4,3,3,1,3,3,1,4,3,4,1,1,1,4,4,2,1,4,2,2,1,1,4,1,3,2,2,2,3,4,1,1,2,2,1,4,4,3,4,3,3,2,1,3,4,1,2,3,3,3,4,2,3,2,1,1,3,1,1,3,2,2,2,1,1,1,4,2,2,4,1,3,4,1,3,3,4,1,1,3,3,1,1,4,2,2,1,3,1,3,3,4,3,4,2,3,1,2,2,1,2,2,1,2,2,4,1,2,1,3,4,3,1,1,3,3,1,4,1,3,1,1,1,2,3,3,2,2,1,2,3,3,4,1,4,3,4,2,1,2,4,3,3,1,1,1,2,1,2,3,4,4,2,4,2,2,3,2,3,3,2,2,2,3,2,3,4,2,1,3,3,1,3,2,1,3,1,1,3,2,3,4,3,2,4,3,1,4,2,4,1,1,2,2,2,2,2,1,1,1,1,3,1,4,1,4,2,3,1,2,2,4,1,3,2,3,1,3,2,2,2,2,4,2,4,3,1,4,1,3,3,3,3,2,1,2,4,4,2,2,1,3,4,1,3,4,1,2,2,3,3,2,2,3,3,3,4,3,2,2,2,1,3,1,3,1,3,4,1,3,3,2,2,3,1,2,2,1,1,3,3,1,2,2,1,1,2,1,3,1,1,2,1,2,3,4,3,1,4,3,2,4,4,3,2,3,2,1,1,2,1,3,2,4,4,3,3,3,3,4,1,1,3,2,2,2,1,1,1,4,2,3,1,2,2,3,1,1,1,3,1,3,2,2,1,2,1,1,2,1,1,4,1,2,4,4,2,1,2,2,4,2,4,4,4,4,1,3,2,1,1,1,2,3,1,2,3,1,3,4,3,3,4,3,1,2,1,3,3,3,1,4,4,4,1,1,1,1,1,4,2,4,2,3,4,4,1,1,1,1,3,4,3,1,1,3,1,1,2,1,2,3,4,2,4,1,1,1,2,4,3,1,2,3,1,1,2,2,1,4,1,2,2,2,4,3,4,2,4,1,4,1,4,1,4,3,1,1,4,4,1,4,2,4,3,1,3,3,2,2,3,1,3,4,1,1,4,1,2,1,1,1,1,3,3,3,2,4,4,2,1,2,1,1,2,1,3,3,3,3,2,3,1,2,2,3,4,4,3,3,1,1,3,3,4,3,4,3,1,4,4,4,3,2,4,1,3,4,3,2,2,3,3,3,4,3,1,2,4,4,2,2,1,1,1,4,1,1,1,3,3,4,2,1,3,3,4,2,1,3,4,4,3,4,2,4,2,2,3,2,2,1,2,3,2,3,2,2,1,3,2,3,4,1,3,4,1,3,3,2,2,3,3,1,4,1,1,3,1,3,4,1,4,1,4,2,1,2,1,1,1,3,1,1,3,1,3,3,1,2,2,1,1,4,1,2,4,4,3,2,1,1,4,1,4,3,4,1,4,1,1,1,2,3,4,1,1,2,3,2,1,3,3,1,4,3,3,3,4,2,1,2,2,4,2,1,1,4,3,1,4,4,2,4,3,2,1,1,1,2,1,1,3,3,3,3,1,1,4,2,1,2,1,1,3,3,3,3,1,3,3,2,2,4,2,2,2,2,1,4,3,3,3,3,1,3,4,1,1,2,4,2,1,3,2,3,4,1,3,1,2,3,4,1,2,2,2,1,2,4,4,1,2,2,2,2,4,3,3,2,1,4,2,2,3,2,3,2,3,2,1,1,1,4,4,1,1,2,1,3,4,2,2,4,1,1,3,3,1,1,2,2,1,4,2,4,2,3,2,4,4,1,4,3,1,2,2,1,1,3,2,1,2,2,4,2,4,2,3,1,1,2,2,2,1,4,1,3,1,4,3,3,3,4,4,2,1,4,4,2,3,4,4,1,1,1,4,1,3,4,2,4,2,2,4,4,2,3,1,4,2,2,1,1,2,4,2,2,1,1,4,4,1,1,3,4,1,4,1,2,4,3,2,3,3,1,1,2,1,4,2,1,2,1,3,3,4,4,4,2,3,4,1,1,1,4,2,1,4,4,1,1,3,3,3,3,2,2,1,1,4,2,2,2,2,3,1,1,4,2,4,2,1,1,2,2,4,1,3,4,3,3,1,4,3,2,4,3,3,4,1,3,1,1,2,1,4,4,2,3,3,1,3,1,2,3,4,3,2,1,1,4,2,1,3,1,2,2,2,2,2,3,2,4,4,2,4,3,1,1,2,1,3,1,1,1,1,1,1,3,1,1,1,3,3,3,2,4,2,2,1,2,4,3,4,1,3,3,3,3,2,1,2,3,1,3,3,1,1,1,2,4,2,1,4,3,2,1,2,1,3,1,1,3,2,1,3,2,2,2,3,4,1,1,4,2,2,2,3,1,3,4,4,2,4,2,1,2,3,4,3,3,1,3,2,2,2,2,3,3,3,4,1,3,4,1,4,1,1,2,4,3,1,1,2,3,1,1,4,1,3,1,1,1,2,2,4,1,2,1,4,4,4,3,2,2,4,4,3,4,4,3"
182,0.9877030496613249,0.43137254901960786,2253.0,"2,1,2,4,1,1,1,2,2,1,3,4,2,1,1,1,1,4,3,4,4,2,1,4,3,4,4,1,2,2,1,4,4,2,1,4,2,4,1,4,4,3,1,3,4,3,3,1,2,2,1,2,3,2,1,2,1,4,3,3,1,2,4,2,3,4,1,1,2,1,2,2,2,1,1,2,2,1,2,3,2,4,3,1,1,3,1,1,1,1,1,1,3,4,2,1,2,3,2,1,1,3,2,4,3,4,2,1,2,4,2,2,2,2,4,3,1,2,4,1,3,1,4,2,1,4,2,4,1,2,4,2,2,1,3,3,3,4,4,2,2,4,3,1,2,2,3,3,2,3,3,3,4,4,1,4,1,1,1,3,4,2,2,1,2,4,4,4,3,4,2,4,3,2,1,4,3,4,2,2,2,3,4,4,3,3,3,2,3,2,1,2,2,3,2,2,4,2,3,2,2,4,1,4,2,4,3,1,3,2,4,2,4,2,3,1,3,1,2,1,1,1,4,2,4,1,2,2,2,3,1,1,2,3,1,4,3,4,1,1,1,1,2,2,2,1,2,3,4,1,3,1,4,2,3,3,1,4,4,4,4,2,2,4,2,2,4,2,2,4,4,1,1,3,4,3,1,2,3,1,1,4,3,1,1,4,1,2,3,4,4,2,3,2,2,2,2,1,1,1,4,2,2,3,4,4,3,1,1,1,4,1,2,3,1,1,2,3,2,4,1,3,3,3,4,2,1,2,3,1,3,3,1,1,1,3,4,3,2,3,1,2,3,3,4,2,2,4,3,4,2,4,1,1,4,3,2,4,3,3,2,1,3,2,2,3,3,2,1,3,3,2,3,4,2,4,4,3,2,4,2,2,1,1,1,3,2,4,2,1,1,2,1,2,2,2,2,1,3,4,2,2,2,1,4,2,3,4,2,1,3,4,4,4,3,2,4,2,2,2,4,3,1,1,1,1,3,1,1,3,4,3,1,1,2,1,2,2,4,1,1,2,4,4,1,2,3,2,1,1,2,3,2,4,1,1,1,4,3,1,2,3,1,2,3,4,2,2,3,1,2,3,1,1,2,4,2,3,1,4,3,1,4,1,3,1,2,1,1,1,1,4,4,3,1,1,2,4,1,1,2,1,1,2,2,2,2,3,3,3,1,3,1,3,2,3,1,1,2,2,4,4,1,2,4,1,1,2,1,2,1,4,4,2,3,3,1,4,2,3,2,2,3,3,1,1,3,2,2,3,4,1,2,2,1,2,1,1,1,2,4,3,2,3,3,4,4,2,4,3,3,1,3,3,1,4,3,4,1,1,1,4,4,2,1,4,2,2,1,1,4,1,3,2,2,2,3,4,1,1,2,2,1,4,4,3,4,3,3,2,1,3,4,1,2,3,3,3,4,2,3,2,1,1,3,1,1,3,2,2,2,1,1,1,4,2,2,4,1,3,4,1,3,3,4,1,1,3,3,1,1,4,2,2,1,3,1,3,3,4,3,4,2,3,1,2,2,1,2,2,1,2,2,4,1,2,1,3,4,3,1,1,3,3,1,4,1,3,1,1,1,2,3,3,2,2,1,2,3,3,4,1,4,3,4,2,1,2,4,3,3,1,1,1,2,1,2,3,4,4,2,4,2,2,3,2,3,3,2,2,2,3,2,3,4,2,1,3,3,1,3,2,1,3,1,1,3,2,3,4,3,2,4,3,1,4,2,4,1,1,2,2,2,2,2,1,1,1,1,3,1,4,1,4,2,3,1,2,2,4,1,3,2,3,1,3,2,2,2,2,4,2,4,3,1,4,1,3,3,3,3,2,1,2,4,4,2,2,1,3,4,1,3,4,1,2,2,3,3,2,2,3,3,3,4,3,2,2,2,1,3,1,3,1,3,4,1,3,3,2,2,3,1,2,2,1,1,3,3,1,2,2,1,1,2,1,3,1,1,2,1,2,3,4,3,1,4,3,2,4,4,3,2,3,2,1,1,2,1,3,2,4,4,3,3,3,3,4,1,1,3,2,2,2,1,1,1,4,2,3,1,2,2,3,1,1,1,3,1,3,2,2,1,2,1,1,2,1,1,4,1,2,4,4,2,1,2,2,4,2,4,4,4,4,1,3,2,1,1,1,2,3,1,2,3,1,3,4,3,3,4,3,1,2,1,3,3,3,1,4,4,4,1,1,1,1,1,4,2,4,2,3,4,4,1,1,1,1,3,4,3,1,1,3,1,1,2,1,2,3,4,2,4,1,1,1,2,4,3,1,2,3,1,1,2,2,1,4,1,2,2,2,4,3,4,2,4,1,4,1,4,1,4,3,1,1,4,4,1,4,2,4,3,1,3,3,2,2,3,1,3,4,1,1,4,1,2,1,1,1,1,3,3,3,2,4,4,2,1,2,1,1,2,1,3,3,3,3,2,3,1,2,2,3,4,4,3,3,1,1,3,3,4,3,4,3,1,4,4,4,3,2,4,1,3,4,3,2,2,3,3,3,4,3,1,2,4,4,2,2,1,1,1,4,1,1,1,3,3,4,2,1,3,3,4,2,1,3,4,4,3,4,2,4,2,2,3,2,2,1,2,3,2,3,2,2,1,3,2,3,4,1,3,4,1,3,3,2,2,3,3,1,4,1,1,3,1,3,4,1,4,1,4,2,1,2,1,1,1,3,1,1,3,1,3,3,1,2,2,1,1,4,1,2,4,4,3,2,1,1,4,1,4,3,4,1,4,1,1,1,2,3,4,1,1,2,3,2,1,3,3,1,4,3,3,3,4,2,1,2,2,4,2,1,1,4,3,1,4,4,2,4,3,2,1,1,1,2,1,1,3,3,3,3,1,1,4,2,1,2,1,1,3,3,3,3,1,3,3,2,2,4,2,2,2,2,1,4,3,3,3,3,1,3,4,1,1,2,4,2,1,3,2,3,4,1,3,1,2,3,4,1,2,2,2,1,2,4,4,1,2,2,2,2,4,3,3,2,1,4,2,2,3,2,3,2,3,2,1,1,1,4,4,1,1,2,1,3,4,2,2,4,1,1,3,3,1,1,2,2,1,4,2,4,2,3,2,4,4,1,4,3,1,2,2,1,1,3,2,1,2,2,4,2,4,2,3,1,1,2,2,2,1,4,1,3,1,4,3,3,3,4,4,2,1,4,4,2,3,4,4,1,1,1,4,1,3,4,2,4,2,2,4,4,2,3,1,4,2,2,1,1,2,4,2,2,1,1,4,4,1,1,3,4,1,4,1,2,4,3,2,3,3,1,1,2,1,4,2,1,2,1,3,3,4,4,4,2,3,4,1,1,1,4,2,1,4,4,1,1,3,3,3,3,2,2,1,1,4,2,2,2,2,3,1,1,4,2,4,2,1,1,2,2,4,1,3,4,3,3,1,4,3,2,4,3,3,4,1,3,1,1,2,1,4,4,2,3,3,1,3,1,2,3,4,3,2,1,1,4,2,1,3,1,2,2,2,2,2,3,2,4,4,2,4,3,1,1,2,1,3,1,1,1,1,1,1,3,1,1,1,3,3,3,2,4,2,2,1,2,4,3,4,1,3,3,3,3,2,1,2,3,1,3,3,1,1,1,2,4,2,1,4,3,2,1,2,1,3,1,1,3,2,1,3,2,2,2,3,4,1,1,4,2,2,2,3,1,3,4,4,2,4,2,1,2,3,4,3,3,1,3,2,2,2,2,3,3,3,4,1,3,4,1,4,1,1,2,4,3,1,1,2,3,1,1,4,1,3,1,1,1,2,2,4,1,2,1,4,4,4,3,2,2,4,4,3,4,4,3"
183,0.9877030496613249,0.43137254901960786,2253.0,"2,1,2,4,1,1,1,2,2,1,3,4,2,1,1,1,1,4,3,4,4,2,1,4,3,4,4,1,2,2,1,4,4,2,1,4,2,4,1,4,4,3,1,3,4,3,3,1,2,2,1,2,3,2,1,2,1,4,3,3,1,2,4,2,3,4,1,1,2,1,2,2,2,1,1,2,2,1,2,3,2,4,3,1,1,3,1,1,1,1,1,1,3,4,2,1,2,3,2,1,1,3,2,4,3,4,2,1,2,4,2,2,2,2,4,3,1,2,4,1,3,1,4,2,1,4,2,4,1,2,4,2,2,1,3,3,3,4,4,2,2,4,3,1,2,2,3,3,2,3,3,3,4,4,1,4,1,1,1,3,4,2,2,1,2,4,4,4,3,4,2,4,3,2,1,4,3,4,2,2,2,3,4,4,3,3,3,2,3,2,1,2,2,3,2,2,4,2,3,2,2,4,1,4,2,4,3,1,3,2,4,2,4,2,3,1,3,1,2,1,1,1,4,2,4,1,2,2,2,3,1,1,2,3,1,4,3,4,1,1,1,1,2,2,2,1,2,3,4,1,3,1,4,2,3,3,1,4,4,4,4,2,2,4,2,2,4,2,2,4,4,1,1,3,4,3,1,2,3,1,1,4,3,1,1,4,1,2,3,4,4,2,3,2,2,2,2,1,1,1,4,2,2,3,4,4,3,1,1,1,4,1,2,3,1,1,2,3,2,4,1,3,3,3,4,2,1,2,3,1,3,3,1,1,1,3,4,3,2,3,1,2,3,3,4,2,2,4,3,4,2,4,1,1,4,3,2,4,3,3,2,1,3,2,2,3,3,2,1,3,3,2,3,4,2,4,4,3,2,4,2,2,1,1,1,3,2,4,2,1,1,2,1,2,2,2,2,1,3,4,2,2,2,1,4,2,3,4,2,1,3,4,4,4,3,2,4,2,2,2,4,3,1,1,1,1,3,1,1,3,4,3,1,1,2,1,2,2,4,1,1,2,4,4,1,2,3,2,1,1,2,3,2,4,1,1,1,4,3,1,2,3,1,2,3,4,2,2,3,1,2,3,1,1,2,4,2,3,1,4,3,1,4,1,3,1,2,1,1,1,1,4,4,3,1,1,2,4,1,1,2,1,1,2,2,2,2,3,3,3,1,3,1,3,2,3,1,1,2,2,4,4,1,2,4,1,1,2,1,2,1,4,4,2,3,3,1,4,2,3,2,2,3,3,1,1,3,2,2,3,4,1,2,2,1,2,1,1,1,2,4,3,2,3,3,4,4,2,4,3,3,1,3,3,1,4,3,4,1,1,1,4,4,2,1,4,2,2,1,1,4,1,3,2,2,2,3,4,1,1,2,2,1,4,4,3,4,3,3,2,1,3,4,1,2,3,3,3,4,2,3,2,1,1,3,1,1,3,2,2,2,1,1,1,4,2,2,4,1,3,4,1,3,3,4,1,1,3,3,1,1,4,2,2,1,3,1,3,3,4,3,4,2,3,1,2,2,1,2,2,1,2,2,4,1,2,1,3,4,3,1,1,3,3,1,4,1,3,1,1,1,2,3,3,2,2,1,2,3,3,4,1,4,3,4,2,1,2,4,3,3,1,1,1,2,1,2,3,4,4,2,4,2,2,3,2,3,3,2,2,2,3,2,3,4,2,1,3,3,1,3,2,1,3,1,1,3,2,3,4,3,2,4,3,1,4,2,4,1,1,2,2,2,2,2,1,1,1,1,3,1,4,1,4,2,3,1,2,2,4,1,3,2,3,1,3,2,2,2,2,4,2,4,3,1,4,1,3,3,3,3,2,1,2,4,4,2,2,1,3,4,1,3,4,1,2,2,3,3,2,2,3,3,3,4,3,2,2,2,1,3,1,3,1,3,4,1,3,3,2,2,3,1,2,2,1,1,3,3,1,2,2,1,1,2,1,3,1,1,2,1,2,3,4,3,1,4,3,2,4,4,3,2,3,2,1,1,2,1,3,2,4,4,3,3,3,3,4,1,1,3,2,2,2,1,1,1,4,2,3,1,2,2,3,1,1,1,3,1,3,2,2,1,2,1,1,2,1,1,4,1,2,4,4,2,1,2,2,4,2,4,4,4,4,1,3,2,1,1,1,2,3,1,2,3,1,3,4,3,3,4,3,1,2,1,3,3,3,1,4,4,4,1,1,1,1,1,4,2,4,2,3,4,4,1,1,1,1,3,4,3,1,1,3,1,1,2,1,2,3,4,2,4,1,1,1,2,4,3,1,2,3,1,1,2,2,1,4,1,2,2,2,4,3,4,2,4,1,4,1,4,1,4,3,1,1,4,4,1,4,2,4,3,1,3,3,2,2,3,1,3,4,1,1,4,1,2,1,1,1,1,3,3,3,2,4,4,2,1,2,1,1,2,1,3,3,3,3,2,3,1,2,2,3,4,4,3,3,1,1,3,3,4,3,4,3,1,4,4,4,3,2,4,1,3,4,3,2,2,3,3,3,4,3,1,2,4,4,2,2,1,1,1,4,1,1,1,3,3,4,2,1,3,3,4,2,1,3,4,4,3,4,2,4,2,2,3,2,2,1,2,3,2,3,2,2,1,3,2,3,4,1,3,4,1,3,3,2,2,3,3,1,4,1,1,3,1,3,4,1,4,1,4,2,1,2,1,1,1,3,1,1,3,1,3,3,1,2,2,1,1,4,1,2,4,4,3,2,1,1,4,1,4,3,4,1,4,1,1,1,2,3,4,1,1,2,3,2,1,3,3,1,4,3,3,3,4,2,1,2,2,4,2,1,1,4,3,1,4,4,2,4,3,2,1,1,1,2,1,1,3,3,3,3,1,1,4,2,1,2,1,1,3,3,3,3,1,3,3,2,2,4,2,2,2,2,1,4,3,3,3,3,1,3,4,1,1,2,4,2,1,3,2,3,4,1,3,1,2,3,4,1,2,2,2,1,2,4,4,1,2,2,2,2,4,3,3,2,1,4,2,2,3,2,3,2,3,2,1,1,1,4,4,1,1,2,1,3,4,2,2,4,1,1,3,3,1,1,2,2,1,4,2,4,2,3,2,4,4,1,4,3,1,2,2,1,1,3,2,1,2,2,4,2,4,2,3,1,1,2,2,2,1,4,1,3,1,4,3,3,3,4,4,2,1,4,4,2,3,4,4,1,1,1,4,1,3,4,2,4,2,2,4,4,2,3,1,4,2,2,1,1,2,4,2,2,1,1,4,4,1,1,3,4,1,4,1,2,4,3,2,3,3,1,1,2,1,4,2,1,2,1,3,3,4,4,4,2,3,4,1,1,1,4,2,1,4,4,1,1,3,3,3,3,2,2,1,1,4,2,2,2,2,3,1,1,4,2,4,2,1,1,2,2,4,1,3,4,3,3,1,4,3,2,4,3,3,4,1,3,1,1,2,1,4,4,2,3,3,1,3,1,2,3,4,3,2,1,1,4,2,1,3,1,2,2,2,2,2,3,2,4,4,2,4,3,1,1,2,1,3,1,1,1,1,1,1,3,1,1,1,3,3,3,2,4,2,2,1,2,4,3,4,1,3,3,3,3,2,1,2,3,1,3,3,1,1,1,2,4,2,1,4,3,2,1,2,1,3,1,1,3,2,1,3,2,2,2,3,4,1,1,4,2,2,2,3,1,3,4,4,2,4,2,1,2,3,4,3,3,1,3,2,2,2,2,3,3,3,4,1,3,4,1,4,1,1,2,4,3,1,1,2,3,1,1,4,1,3,1,1,1,2,2,4,1,2,1,4,4,4,3,2,2,4,4,3,4,4,3"
184,0.9877030496613249,0.43137254901960786,2253.0,"2,1,2,4,1,1,1,2,2,1,3,4,2,1,1,1,1,4,3,4,4,2,1,4,3,4,4,1,2,2,1,4,4,2,1,4,2,4,1,4,4,3,1,3,4,3,3,1,2,2,1,2,3,2,1,2,1,4,3,3,1,2,4,2,3,4,1,1,2,1,2,2,2,1,1,2,2,1,2,3,2,4,3,1,1,3,1,1,1,1,1,1,3,4,2,1,2,3,2,1,1,3,2,4,3,4,2,1,2,4,2,2,2,2,4,3,1,2,4,1,3,1,4,2,1,4,2,4,1,2,4,2,2,1,3,3,3,4,4,2,2,4,3,1,2,2,3,3,2,3,3,3,4,4,1,4,1,1,1,3,4,2,2,1,2,4,4,4,3,4,2,4,3,2,1,4,3,4,2,2,2,3,4,4,3,3,3,2,3,2,1,2,2,3,2,2,4,2,3,2,2,4,1,4,2,4,3,1,3,2,4,2,4,2,3,1,3,1,2,1,1,1,4,2,4,1,2,2,2,3,1,1,2,3,1,4,3,4,1,1,1,1,2,2,2,1,2,3,4,1,3,1,4,2,3,3,1,4,4,4,4,2,2,4,2,2,4,2,2,4,4,1,1,3,4,3,1,2,3,1,1,4,3,1,1,4,1,2,3,4,4,2,3,2,2,2,2,1,1,1,4,2,2,3,4,4,3,1,1,1,4,1,2,3,1,1,2,3,2,4,1,3,3,3,4,2,1,2,3,1,3,3,1,1,1,3,4,3,2,3,1,2,3,3,4,2,2,4,3,4,2,4,1,1,4,3,2,4,3,3,2,1,3,2,2,3,3,2,1,3,3,2,3,4,2,4,4,3,2,4,2,2,1,1,1,3,2,4,2,1,1,2,1,2,2,2,2,1,3,4,2,2,2,1,4,2,3,4,2,1,3,4,4,4,3,2,4,2,2,2,4,3,1,1,1,1,3,1,1,3,4,3,1,1,2,1,2,2,4,1,1,2,4,4,1,2,3,2,1,1,2,3,2,4,1,1,1,4,3,1,2,3,1,2,3,4,2,2,3,1,2,3,1,1,2,4,2,3,1,4,3,1,4,1,3,1,2,1,1,1,1,4,4,3,1,1,2,4,1,1,2,1,1,2,2,2,2,3,3,3,1,3,1,3,2,3,1,1,2,2,4,4,1,2,4,1,1,2,1,2,1,4,4,2,3,3,1,4,2,3,2,2,3,3,1,1,3,2,2,3,4,1,2,2,1,2,1,1,1,2,4,3,2,3,3,4,4,2,4,3,3,1,3,3,1,4,3,4,1,1,1,4,4,2,1,4,2,2,1,1,4,1,3,2,2,2,3,4,1,1,2,2,1,4,4,3,4,3,3,2,1,3,4,1,2,3,3,3,4,2,3,2,1,1,3,1,1,3,2,2,2,1,1,1,4,2,2,4,1,3,4,1,3,3,4,1,1,3,3,1,1,4,2,2,1,3,1,3,3,4,3,4,2,3,1,2,2,1,2,2,1,2,2,4,1,2,1,3,4,3,1,1,3,3,1,4,1,3,1,1,1,2,3,3,2,2,1,2,3,3,4,1,4,3,4,2,1,2,4,3,3,1,1,1,2,1,2,3,4,4,2,4,2,2,3,2,3,3,2,2,2,3,2,3,4,2,1,3,3,1,3,2,1,3,1,1,3,2,3,4,3,2,4,3,1,4,2,4,1,1,2,2,2,2,2,1,1,1,1,3,1,4,1,4,2,3,1,2,2,4,1,3,2,3,1,3,2,2,2,2,4,2,4,3,1,4,1,3,3,3,3,2,1,2,4,4,2,2,1,3,4,1,3,4,1,2,2,3,3,2,2,3,3,3,4,3,2,2,2,1,3,1,3,1,3,4,1,3,3,2,2,3,1,2,2,1,1,3,3,1,2,2,1,1,2,1,3,1,1,2,1,2,3,4,3,1,4,3,2,4,4,3,2,3,2,1,1,2,1,3,2,4,4,3,3,3,3,4,1,1,3,2,2,2,1,1,1,4,2,3,1,2,2,3,1,1,1,3,1,3,2,2,1,2,1,1,2,1,1,4,1,2,4,4,2,1,2,2,4,2,4,4,4,4,1,3,2,1,1,1,2,3,1,2,3,1,3,4,3,3,4,3,1,2,1,3,3,3,1,4,4,4,1,1,1,1,1,4,2,4,2,3,4,4,1,1,1,1,3,4,3,1,1,3,1,1,2,1,2,3,4,2,4,1,1,1,2,4,3,1,2,3,1,1,2,2,1,4,1,2,2,2,4,3,4,2,4,1,4,1,4,1,4,3,1,1,4,4,1,4,2,4,3,1,3,3,2,2,3,1,3,4,1,1,4,1,2,1,1,1,1,3,3,3,2,4,4,2,1,2,1,1,2,1,3,3,3,3,2,3,1,2,2,3,4,4,3,3,1,1,3,3,4,3,4,3,1,4,4,4,3,2,4,1,3,4,3,2,2,3,3,3,4,3,1,2,4,4,2,2,1,1,1,4,1,1,1,3,3,4,2,1,3,3,4,2,1,3,4,4,3,4,2,4,2,2,3,2,2,1,2,3,2,3,2,2,1,3,2,3,4,1,3,4,1,3,3,2,2,3,3,1,4,1,1,3,1,3,4,1,4,1,4,2,1,2,1,1,1,3,1,1,3,1,3,3,1,2,2,1,1,4,1,2,4,4,3,2,1,1,4,1,4,3,4,1,4,1,1,1,2,3,4,1,1,2,3,2,1,3,3,1,4,3,3,3,4,2,1,2,2,4,2,1,1,4,3,1,4,4,2,4,3,2,1,1,1,2,1,1,3,3,3,3,1,1,4,2,1,2,1,1,3,3,3,3,1,3,3,2,2,4,2,2,2,2,1,4,3,3,3,3,1,3,4,1,1,2,4,2,1,3,2,3,4,1,3,1,2,3,4,1,2,2,2,1,2,4,4,1,2,2,2,2,4,3,3,2,1,4,2,2,3,2,3,2,3,2,1,1,1,4,4,1,1,2,1,3,4,2,2,4,1,1,3,3,1,1,2,2,1,4,2,4,2,3,2,4,4,1,4,3,1,2,2,1,1,3,2,1,2,2,4,2,4,2,3,1,1,2,2,2,1,4,1,3,1,4,3,3,3,4,4,2,1,4,4,2,3,4,4,1,1,1,4,1,3,4,2,4,2,2,4,4,2,3,1,4,2,2,1,1,2,4,2,2,1,1,4,4,1,1,3,4,1,4,1,2,4,3,2,3,3,1,1,2,1,4,2,1,2,1,3,3,4,4,4,2,3,4,1,1,1,4,2,1,4,4,1,1,3,3,3,3,2,2,1,1,4,2,2,2,2,3,1,1,4,2,4,2,1,1,2,2,4,1,3,4,3,3,1,4,3,2,4,3,3,4,1,3,1,1,2,1,4,4,2,3,3,1,3,1,2,3,4,3,2,1,1,4,2,1,3,1,2,2,2,2,2,3,2,4,4,2,4,3,1,1,2,1,3,1,1,1,1,1,1,3,1,1,1,3,3,3,2,4,2,2,1,2,4,3,4,1,3,3,3,3,2,1,2,3,1,3,3,1,1,1,2,4,2,1,4,3,2,1,2,1,3,1,1,3,2,1,3,2,2,2,3,4,1,1,4,2,2,2,3,1,3,4,4,2,4,2,1,2,3,4,3,3,1,3,2,2,2,2,3,3,3,4,1,3,4,1,4,1,1,2,4,3,1,1,2,3,1,1,4,1,3,1,1,1,2,2,4,1,2,1,4,4,4,3,2,2,4,4,3,4,4,3"
185,0.9877030496613249,0.43137254901960786,2253.0,"2,1,2,4,1,1,1,2,2,1,3,4,2,1,1,1,1,4,3,4,4,2,1,4,3,4,4,1,2,2,1,4,4,2,1,4,2,4,1,4,4,3,1,3,4,3,3,1,2,2,1,2,3,2,1,2,1,4,3,3,1,2,4,2,3,4,1,1,2,1,2,2,2,1,1,2,2,1,2,3,2,4,3,1,1,3,1,1,1,1,1,1,3,4,2,1,2,3,2,1,1,3,2,4,3,4,2,1,2,4,2,2,2,2,4,3,1,2,4,1,3,1,4,2,1,4,2,4,1,2,4,2,2,1,3,3,3,4,4,2,2,4,3,1,2,2,3,3,2,3,3,3,4,4,1,4,1,1,1,3,4,2,2,1,2,4,4,4,3,4,2,4,3,2,1,4,3,4,2,2,2,3,4,4,3,3,3,2,3,2,1,2,2,3,2,2,4,2,3,2,2,4,1,4,2,4,3,1,3,2,4,2,4,2,3,1,3,1,2,1,1,1,4,2,4,1,2,2,2,3,1,1,2,3,1,4,3,4,1,1,1,1,2,2,2,1,2,3,4,1,3,1,4,2,3,3,1,4,4,4,4,2,2,4,2,2,4,2,2,4,4,1,1,3,4,3,1,2,3,1,1,4,3,1,1,4,1,2,3,4,4,2,3,2,2,2,2,1,1,1,4,2,2,3,4,4,3,1,1,1,4,1,2,3,1,1,2,3,2,4,1,3,3,3,4,2,1,2,3,1,3,3,1,1,1,3,4,3,2,3,1,2,3,3,4,2,2,4,3,4,2,4,1,1,4,3,2,4,3,3,2,1,3,2,2,3,3,2,1,3,3,2,3,4,2,4,4,3,2,4,2,2,1,1,1,3,2,4,2,1,1,2,1,2,2,2,2,1,3,4,2,2,2,1,4,2,3,4,2,1,3,4,4,4,3,2,4,2,2,2,4,3,1,1,1,1,3,1,1,3,4,3,1,1,2,1,2,2,4,1,1,2,4,4,1,2,3,2,1,1,2,3,2,4,1,1,1,4,3,1,2,3,1,2,3,4,2,2,3,1,2,3,1,1,2,4,2,3,1,4,3,1,4,1,3,1,2,1,1,1,1,4,4,3,1,1,2,4,1,1,2,1,1,2,2,2,2,3,3,3,1,3,1,3,2,3,1,1,2,2,4,4,1,2,4,1,1,2,1,2,1,4,4,2,3,3,1,4,2,3,2,2,3,3,1,1,3,2,2,3,4,1,2,2,1,2,1,1,1,2,4,3,2,3,3,4,4,2,4,3,3,1,3,3,1,4,3,4,1,1,1,4,4,2,1,4,2,2,1,1,4,1,3,2,2,2,3,4,1,1,2,2,1,4,4,3,4,3,3,2,1,3,4,1,2,3,3,3,4,2,3,2,1,1,3,1,1,3,2,2,2,1,1,1,4,2,2,4,1,3,4,1,3,3,4,1,1,3,3,1,1,4,2,2,1,3,1,3,3,4,3,4,2,3,1,2,2,1,2,2,1,2,2,4,1,2,1,3,4,3,1,1,3,3,1,4,1,3,1,1,1,2,3,3,2,2,1,2,3,3,4,1,4,3,4,2,1,2,4,3,3,1,1,1,2,1,2,3,4,4,2,4,2,2,3,2,3,3,2,2,2,3,2,3,4,2,1,3,3,1,3,2,1,3,1,1,3,2,3,4,3,2,4,3,1,4,2,4,1,1,2,2,2,2,2,1,1,1,1,3,1,4,1,4,2,3,1,2,2,4,1,3,2,3,1,3,2,2,2,2,4,2,4,3,1,4,1,3,3,3,3,2,1,2,4,4,2,2,1,3,4,1,3,4,1,2,2,3,3,2,2,3,3,3,4,3,2,2,2,1,3,1,3,1,3,4,1,3,3,2,2,3,1,2,2,1,1,3,3,1,2,2,1,1,2,1,3,1,1,2,1,2,3,4,3,1,4,3,2,4,4,3,2,3,2,1,1,2,1,3,2,4,4,3,3,3,3,4,1,1,3,2,2,2,1,1,1,4,2,3,1,2,2,3,1,1,1,3,1,3,2,2,1,2,1,1,2,1,1,4,1,2,4,4,2,1,2,2,4,2,4,4,4,4,1,3,2,1,1,1,2,3,1,2,3,1,3,4,3,3,4,3,1,2,1,3,3,3,1,4,4,4,1,1,1,1,1,4,2,4,2,3,4,4,1,1,1,1,3,4,3,1,1,3,1,1,2,1,2,3,4,2,4,1,1,1,2,4,3,1,2,3,1,1,2,2,1,4,1,2,2,2,4,3,4,2,4,1,4,1,4,1,4,3,1,1,4,4,1,4,2,4,3,1,3,3,2,2,3,1,3,4,1,1,4,1,2,1,1,1,1,3,3,3,2,4,4,2,1,2,1,1,2,1,3,3,3,3,2,3,1,2,2,3,4,4,3,3,1,1,3,3,4,3,4,3,1,4,4,4,3,2,4,1,3,4,3,2,2,3,3,3,4,3,1,2,4,4,2,2,1,1,1,4,1,1,1,3,3,4,2,1,3,3,4,2,1,3,4,4,3,4,2,4,2,2,3,2,2,1,2,3,2,3,2,2,1,3,2,3,4,1,3,4,1,3,3,2,2,3,3,1,4,1,1,3,1,3,4,1,4,1,4,2,1,2,1,1,1,3,1,1,3,1,3,3,1,2,2,1,1,4,1,2,4,4,3,2,1,1,4,1,4,3,4,1,4,1,1,1,2,3,4,1,1,2,3,2,1,3,3,1,4,3,3,3,4,2,1,2,2,4,2,1,1,4,3,1,4,4,2,4,3,2,1,1,1,2,1,1,3,3,3,3,1,1,4,2,1,2,1,1,3,3,3,3,1,3,3,2,2,4,2,2,2,2,1,4,3,3,3,3,1,3,4,1,1,2,4,2,1,3,2,3,4,1,3,1,2,3,4,1,2,2,2,1,2,4,4,1,2,2,2,2,4,3,3,2,1,4,2,2,3,2,3,2,3,2,1,1,1,4,4,1,1,2,1,3,4,2,2,4,1,1,3,3,1,1,2,2,1,4,2,4,2,3,2,4,4,1,4,3,1,2,2,1,1,3,2,1,2,2,4,2,4,2,3,1,1,2,2,2,1,4,1,3,1,4,3,3,3,4,4,2,1,4,4,2,3,4,4,1,1,1,4,1,3,4,2,4,2,2,4,4,2,3,1,4,2,2,1,1,2,4,2,2,1,1,4,4,1,1,3,4,1,4,1,2,4,3,2,3,3,1,1,2,1,4,2,1,2,1,3,3,4,4,4,2,3,4,1,1,1,4,2,1,4,4,1,1,3,3,3,3,2,2,1,1,4,2,2,2,2,3,1,1,4,2,4,2,1,1,2,2,4,1,3,4,3,3,1,4,3,2,4,3,3,4,1,3,1,1,2,1,4,4,2,3,3,1,3,1,2,3,4,3,2,1,1,4,2,1,3,1,2,2,2,2,2,3,2,4,4,2,4,3,1,1,2,1,3,1,1,1,1,1,1,3,1,1,1,3,3,3,2,4,2,2,1,2,4,3,4,1,3,3,3,3,2,1,2,3,1,3,3,1,1,1,2,4,2,1,4,3,2,1,2,1,3,1,1,3,2,1,3,2,2,2,3,4,1,1,4,2,2,2,3,1,3,4,4,2,4,2,1,2,3,4,3,3,1,3,2,2,2,2,3,3,3,4,1,3,4,1,4,1,1,2,4,3,1,1,2,3,1,1,4,1,3,1,1,1,2,2,4,1,2,1,4,4,4,3,2,2,4,4,3,4,4,3"
186,0.9877030496613249,0.43137254901960786,2253.0,"2,1,2,4,1,1,1,2,2,1,3,4,2,1,1,1,1,4,3,4,4,2,1,4,3,4,4,1,2,2,1,4,4,2,1,4,2,4,1,4,4,3,1,3,4,3,3,1,2,2,1,2,3,2,1,2,1,4,3,3,1,2,4,2,3,4,1,1,2,1,2,2,2,1,1,2,2,1,2,3,2,4,3,1,1,3,1,1,1,1,1,1,3,4,2,1,2,3,2,1,1,3,2,4,3,4,2,1,2,4,2,2,2,2,4,3,1,2,4,1,3,1,4,2,1,4,2,4,1,2,4,2,2,1,3,3,3,4,4,2,2,4,3,1,2,2,3,3,2,3,3,3,4,4,1,4,1,1,1,3,4,2,2,1,2,4,4,4,3,4,2,4,3,2,1,4,3,4,2,2,2,3,4,4,3,3,3,2,3,2,1,2,2,3,2,2,4,2,3,2,2,4,1,4,2,4,3,1,3,2,4,2,4,2,3,1,3,1,2,1,1,1,4,2,4,1,2,2,2,3,1,1,2,3,1,4,3,4,1,1,1,1,2,2,2,1,2,3,4,1,3,1,4,2,3,3,1,4,4,4,4,2,2,4,2,2,4,2,2,4,4,1,1,3,4,3,1,2,3,1,1,4,3,1,1,4,1,2,3,4,4,2,3,2,2,2,2,1,1,1,4,2,2,3,4,4,3,1,1,1,4,1,2,3,1,1,2,3,2,4,1,3,3,3,4,2,1,2,3,1,3,3,1,1,1,3,4,3,2,3,1,2,3,3,4,2,2,4,3,4,2,4,1,1,4,3,2,4,3,3,2,1,3,2,2,3,3,2,1,3,3,2,3,4,2,4,4,3,2,4,2,2,1,1,1,3,2,4,2,1,1,2,1,2,2,2,2,1,3,4,2,2,2,1,4,2,3,4,2,1,3,4,4,4,3,2,4,2,2,2,4,3,1,1,1,1,3,1,1,3,4,3,1,1,2,1,2,2,4,1,1,2,4,4,1,2,3,2,1,1,2,3,2,4,1,1,1,4,3,1,2,3,1,2,3,4,2,2,3,1,2,3,1,1,2,4,2,3,1,4,3,1,4,1,3,1,2,1,1,1,1,4,4,3,1,1,2,4,1,1,2,1,1,2,2,2,2,3,3,3,1,3,1,3,2,3,1,1,2,2,4,4,1,2,4,1,1,2,1,2,1,4,4,2,3,3,1,4,2,3,2,2,3,3,1,1,3,2,2,3,4,1,2,2,1,2,1,1,1,2,4,3,2,3,3,4,4,2,4,3,3,1,3,3,1,4,3,4,1,1,1,4,4,2,1,4,2,2,1,1,4,1,3,2,2,2,3,4,1,1,2,2,1,4,4,3,4,3,3,2,1,3,4,1,2,3,3,3,4,2,3,2,1,1,3,1,1,3,2,2,2,1,1,1,4,2,2,4,1,3,4,1,3,3,4,1,1,3,3,1,1,4,2,2,1,3,1,3,3,4,3,4,2,3,1,2,2,1,2,2,1,2,2,4,1,2,1,3,4,3,1,1,3,3,1,4,1,3,1,1,1,2,3,3,2,2,1,2,3,3,4,1,4,3,4,2,1,2,4,3,3,1,1,1,2,1,2,3,4,4,2,4,2,2,3,2,3,3,2,2,2,3,2,3,4,2,1,3,3,1,3,2,1,3,1,1,3,2,3,4,3,2,4,3,1,4,2,4,1,1,2,2,2,2,2,1,1,1,1,3,1,4,1,4,2,3,1,2,2,4,1,3,2,3,1,3,2,2,2,2,4,2,4,3,1,4,1,3,3,3,3,2,1,2,4,4,2,2,1,3,4,1,3,4,1,2,2,3,3,2,2,3,3,3,4,3,2,2,2,1,3,1,3,1,3,4,1,3,3,2,2,3,1,2,2,1,1,3,3,1,2,2,1,1,2,1,3,1,1,2,1,2,3,4,3,1,4,3,2,4,4,3,2,3,2,1,1,2,1,3,2,4,4,3,3,3,3,4,1,1,3,2,2,2,1,1,1,4,2,3,1,2,2,3,1,1,1,3,1,3,2,2,1,2,1,1,2,1,1,4,1,2,4,4,2,1,2,2,4,2,4,4,4,4,1,3,2,1,1,1,2,3,1,2,3,1,3,4,3,3,4,3,1,2,1,3,3,3,1,4,4,4,1,1,1,1,1,4,2,4,2,3,4,4,1,1,1,1,3,4,3,1,1,3,1,1,2,1,2,3,4,2,4,1,1,1,2,4,3,1,2,3,1,1,2,2,1,4,1,2,2,2,4,3,4,2,4,1,4,1,4,1,4,3,1,1,4,4,1,4,2,4,3,1,3,3,2,2,3,1,3,4,1,1,4,1,2,1,1,1,1,3,3,3,2,4,4,2,1,2,1,1,2,1,3,3,3,3,2,3,1,2,2,3,4,4,3,3,1,1,3,3,4,3,4,3,1,4,4,4,3,2,4,1,3,4,3,2,2,3,3,3,4,3,1,2,4,4,2,2,1,1,1,4,1,1,1,3,3,4,2,1,3,3,4,2,1,3,4,4,3,4,2,4,2,2,3,2,2,1,2,3,2,3,2,2,1,3,2,3,4,1,3,4,1,3,3,2,2,3,3,1,4,1,1,3,1,3,4,1,4,1,4,2,1,2,1,1,1,3,1,1,3,1,3,3,1,2,2,1,1,4,1,2,4,4,3,2,1,1,4,1,4,3,4,1,4,1,1,1,2,3,4,1,1,2,3,2,1,3,3,1,4,3,3,3,4,2,1,2,2,4,2,1,1,4,3,1,4,4,2,4,3,2,1,1,1,2,1,1,3,3,3,3,1,1,4,2,1,2,1,1,3,3,3,3,1,3,3,2,2,4,2,2,2,2,1,4,3,3,3,3,1,3,4,1,1,2,4,2,1,3,2,3,4,1,3,1,2,3,4,1,2,2,2,1,2,4,4,1,2,2,2,2,4,3,3,2,1,4,2,2,3,2,3,2,3,2,1,1,1,4,4,1,1,2,1,3,4,2,2,4,1,1,3,3,1,1,2,2,1,4,2,4,2,3,2,4,4,1,4,3,1,2,2,1,1,3,2,1,2,2,4,2,4,2,3,1,1,2,2,2,1,4,1,3,1,4,3,3,3,4,4,2,1,4,4,2,3,4,4,1,1,1,4,1,3,4,2,4,2,2,4,4,2,3,1,4,2,2,1,1,2,4,2,2,1,1,4,4,1,1,3,4,1,4,1,2,4,3,2,3,3,1,1,2,1,4,2,1,2,1,3,3,4,4,4,2,3,4,1,1,1,4,2,1,4,4,1,1,3,3,3,3,2,2,1,1,4,2,2,2,2,3,1,1,4,2,4,2,1,1,2,2,4,1,3,4,3,3,1,4,3,2,4,3,3,4,1,3,1,1,2,1,4,4,2,3,3,1,3,1,2,3,4,3,2,1,1,4,2,1,3,1,2,2,2,2,2,3,2,4,4,2,4,3,1,1,2,1,3,1,1,1,1,1,1,3,1,1,1,3,3,3,2,4,2,2,1,2,4,3,4,1,3,3,3,3,2,1,2,3,1,3,3,1,1,1,2,4,2,1,4,3,2,1,2,1,3,1,1,3,2,1,3,2,2,2,3,4,1,1,4,2,2,2,3,1,3,4,4,2,4,2,1,2,3,4,3,3,1,3,2,2,2,2,3,3,3,4,1,3,4,1,4,1,1,2,4,3,1,1,2,3,1,1,4,1,3,1,1,1,2,2,4,1,2,1,4,4,4,3,2,2,4,4,3,4,4,3"
187,0.9877030496613249,0.43137254901960786,2253.0,"2,1,2,4,1,1,1,2,2,1,3,4,2,1,1,1,1,4,3,4,4,2,1,4,3,4,4,1,2,2,1,4,4,2,1,4,2,4,1,4,4,3,1,3,4,3,3,1,2,2,1,2,3,2,1,2,1,4,3,3,1,2,4,2,3,4,1,1,2,1,2,2,2,1,1,2,2,1,2,3,2,4,3,1,1,3,1,1,1,1,1,1,3,4,2,1,2,3,2,1,1,3,2,4,3,4,2,1,2,4,2,2,2,2,4,3,1,2,4,1,3,1,4,2,1,4,2,4,1,2,4,2,2,1,3,3,3,4,4,2,2,4,3,1,2,2,3,3,2,3,3,3,4,4,1,4,1,1,1,3,4,2,2,1,2,4,4,4,3,4,2,4,3,2,1,4,3,4,2,2,2,3,4,4,3,3,3,2,3,2,1,2,2,3,2,2,4,2,3,2,2,4,1,4,2,4,3,1,3,2,4,2,4,2,3,1,3,1,2,1,1,1,4,2,4,1,2,2,2,3,1,1,2,3,1,4,3,4,1,1,1,1,2,2,2,1,2,3,4,1,3,1,4,2,3,3,1,4,4,4,4,2,2,4,2,2,4,2,2,4,4,1,1,3,4,3,1,2,3,1,1,4,3,1,1,4,1,2,3,4,4,2,3,2,2,2,2,1,1,1,4,2,2,3,4,4,3,1,1,1,4,1,2,3,1,1,2,3,2,4,1,3,3,3,4,2,1,2,3,1,3,3,1,1,1,3,4,3,2,3,1,2,3,3,4,2,2,4,3,4,2,4,1,1,4,3,2,4,3,3,2,1,3,2,2,3,3,2,1,3,3,2,3,4,2,4,4,3,2,4,2,2,1,1,1,3,2,4,2,1,1,2,1,2,2,2,2,1,3,4,2,2,2,1,4,2,3,4,2,1,3,4,4,4,3,2,4,2,2,2,4,3,1,1,1,1,3,1,1,3,4,3,1,1,2,1,2,2,4,1,1,2,4,4,1,2,3,2,1,1,2,3,2,4,1,1,1,4,3,1,2,3,1,2,3,4,2,2,3,1,2,3,1,1,2,4,2,3,1,4,3,1,4,1,3,1,2,1,1,1,1,4,4,3,1,1,2,4,1,1,2,1,1,2,2,2,2,3,3,3,1,3,1,3,2,3,1,1,2,2,4,4,1,2,4,1,1,2,1,2,1,4,4,2,3,3,1,4,2,3,2,2,3,3,1,1,3,2,2,3,4,1,2,2,1,2,1,1,1,2,4,3,2,3,3,4,4,2,4,3,3,1,3,3,1,4,3,4,1,1,1,4,4,2,1,4,2,2,1,1,4,1,3,2,2,2,3,4,1,1,2,2,1,4,4,3,4,3,3,2,1,3,4,1,2,3,3,3,4,2,3,2,1,1,3,1,1,3,2,2,2,1,1,1,4,2,2,4,1,3,4,1,3,3,4,1,1,3,3,1,1,4,2,2,1,3,1,3,3,4,3,4,2,3,1,2,2,1,2,2,1,2,2,4,1,2,1,3,4,3,1,1,3,3,1,4,1,3,1,1,1,2,3,3,2,2,1,2,3,3,4,1,4,3,4,2,1,2,4,3,3,1,1,1,2,1,2,3,4,4,2,4,2,2,3,2,3,3,2,2,2,3,2,3,4,2,1,3,3,1,3,2,1,3,1,1,3,2,3,4,3,2,4,3,1,4,2,4,1,1,2,2,2,2,2,1,1,1,1,3,1,4,1,4,2,3,1,2,2,4,1,3,2,3,1,3,2,2,2,2,4,2,4,3,1,4,1,3,3,3,3,2,1,2,4,4,2,2,1,3,4,1,3,4,1,2,2,3,3,2,2,3,3,3,4,3,2,2,2,1,3,1,3,1,3,4,1,3,3,2,2,3,1,2,2,1,1,3,3,1,2,2,1,1,2,1,3,1,1,2,1,2,3,4,3,1,4,3,2,4,4,3,2,3,2,1,1,2,1,3,2,4,4,3,3,3,3,4,1,1,3,2,2,2,1,1,1,4,2,3,1,2,2,3,1,1,1,3,1,3,2,2,1,2,1,1,2,1,1,4,1,2,4,4,2,1,2,2,4,2,4,4,4,4,1,3,2,1,1,1,2,3,1,2,3,1,3,4,3,3,4,3,1,2,1,3,3,3,1,4,4,4,1,1,1,1,1,4,2,4,2,3,4,4,1,1,1,1,3,4,3,1,1,3,1,1,2,1,2,3,4,2,4,1,1,1,2,4,3,1,2,3,1,1,2,2,1,4,1,2,2,2,4,3,4,2,4,1,4,1,4,1,4,3,1,1,4,4,1,4,2,4,3,1,3,3,2,2,3,1,3,4,1,1,4,1,2,1,1,1,1,3,3,3,2,4,4,2,1,2,1,1,2,1,3,3,3,3,2,3,1,2,2,3,4,4,3,3,1,1,3,3,4,3,4,3,1,4,4,4,3,2,4,1,3,4,3,2,2,3,3,3,4,3,1,2,4,4,2,2,1,1,1,4,1,1,1,3,3,4,2,1,3,3,4,2,1,3,4,4,3,4,2,4,2,2,3,2,2,1,2,3,2,3,2,2,1,3,2,3,4,1,3,4,1,3,3,2,2,3,3,1,4,1,1,3,1,3,4,1,4,1,4,2,1,2,1,1,1,3,1,1,3,1,3,3,1,2,2,1,1,4,1,2,4,4,3,2,1,1,4,1,4,3,4,1,4,1,1,1,2,3,4,1,1,2,3,2,1,3,3,1,4,3,3,3,4,2,1,2,2,4,2,1,1,4,3,1,4,4,2,4,3,2,1,1,1,2,1,1,3,3,3,3,1,1,4,2,1,2,1,1,3,3,3,3,1,3,3,2,2,4,2,2,2,2,1,4,3,3,3,3,1,3,4,1,1,2,4,2,1,3,2,3,4,1,3,1,2,3,4,1,2,2,2,1,2,4,4,1,2,2,2,2,4,3,3,2,1,4,2,2,3,2,3,2,3,2,1,1,1,4,4,1,1,2,1,3,4,2,2,4,1,1,3,3,1,1,2,2,1,4,2,4,2,3,2,4,4,1,4,3,1,2,2,1,1,3,2,1,2,2,4,2,4,2,3,1,1,2,2,2,1,4,1,3,1,4,3,3,3,4,4,2,1,4,4,2,3,4,4,1,1,1,4,1,3,4,2,4,2,2,4,4,2,3,1,4,2,2,1,1,2,4,2,2,1,1,4,4,1,1,3,4,1,4,1,2,4,3,2,3,3,1,1,2,1,4,2,1,2,1,3,3,4,4,4,2,3,4,1,1,1,4,2,1,4,4,1,1,3,3,3,3,2,2,1,1,4,2,2,2,2,3,1,1,4,2,4,2,1,1,2,2,4,1,3,4,3,3,1,4,3,2,4,3,3,4,1,3,1,1,2,1,4,4,2,3,3,1,3,1,2,3,4,3,2,1,1,4,2,1,3,1,2,2,2,2,2,3,2,4,4,2,4,3,1,1,2,1,3,1,1,1,1,1,1,3,1,1,1,3,3,3,2,4,2,2,1,2,4,3,4,1,3,3,3,3,2,1,2,3,1,3,3,1,1,1,2,4,2,1,4,3,2,1,2,1,3,1,1,3,2,1,3,2,2,2,3,4,1,1,4,2,2,2,3,1,3,4,4,2,4,2,1,2,3,4,3,3,1,3,2,2,2,2,3,3,3,4,1,3,4,1,4,1,1,2,4,3,1,1,2,3,1,1,4,1,3,1,1,1,2,2,4,1,2,1,4,4,4,3,2,2,4,4,3,4,4,3"
188,0.9877030496613249,0.43137254901960786,2253.0,"2,1,2,4,1,1,1,2,2,1,3,4,2,1,1,1,1,4,3,4,4,2,1,4,3,4,4,1,2,2,1,4,4,2,1,4,2,4,1,4,4,3,1,3,4,3,3,1,2,2,1,2,3,2,1,2,1,4,3,3,1,2,4,2,3,4,1,1,2,1,2,2,2,1,1,2,2,1,2,3,2,4,3,1,1,3,1,1,1,1,1,1,3,4,2,1,2,3,2,1,1,3,2,4,3,4,2,1,2,4,2,2,2,2,4,3,1,2,4,1,3,1,4,2,1,4,2,4,1,2,4,2,2,1,3,3,3,4,4,2,2,4,3,1,2,2,3,3,2,3,3,3,4,4,1,4,1,1,1,3,4,2,2,1,2,4,4,4,3,4,2,4,3,2,1,4,3,4,2,2,2,3,4,4,3,3,3,2,3,2,1,2,2,3,2,2,4,2,3,2,2,4,1,4,2,4,3,1,3,2,4,2,4,2,3,1,3,1,2,1,1,1,4,2,4,1,2,2,2,3,1,1,2,3,1,4,3,4,1,1,1,1,2,2,2,1,2,3,4,1,3,1,4,2,3,3,1,4,4,4,4,2,2,4,2,2,4,2,2,4,4,1,1,3,4,3,1,2,3,1,1,4,3,1,1,4,1,2,3,4,4,2,3,2,2,2,2,1,1,1,4,2,2,3,4,4,3,1,1,1,4,1,2,3,1,1,2,3,2,4,1,3,3,3,4,2,1,2,3,1,3,3,1,1,1,3,4,3,2,3,1,2,3,3,4,2,2,4,3,4,2,4,1,1,4,3,2,4,3,3,2,1,3,2,2,3,3,2,1,3,3,2,3,4,2,4,4,3,2,4,2,2,1,1,1,3,2,4,2,1,1,2,1,2,2,2,2,1,3,4,2,2,2,1,4,2,3,4,2,1,3,4,4,4,3,2,4,2,2,2,4,3,1,1,1,1,3,1,1,3,4,3,1,1,2,1,2,2,4,1,1,2,4,4,1,2,3,2,1,1,2,3,2,4,1,1,1,4,3,1,2,3,1,2,3,4,2,2,3,1,2,3,1,1,2,4,2,3,1,4,3,1,4,1,3,1,2,1,1,1,1,4,4,3,1,1,2,4,1,1,2,1,1,2,2,2,2,3,3,3,1,3,1,3,2,3,1,1,2,2,4,4,1,2,4,1,1,2,1,2,1,4,4,2,3,3,1,4,2,3,2,2,3,3,1,1,3,2,2,3,4,1,2,2,1,2,1,1,1,2,4,3,2,3,3,4,4,2,4,3,3,1,3,3,1,4,3,4,1,1,1,4,4,2,1,4,2,2,1,1,4,1,3,2,2,2,3,4,1,1,2,2,1,4,4,3,4,3,3,2,1,3,4,1,2,3,3,3,4,2,3,2,1,1,3,1,1,3,2,2,2,1,1,1,4,2,2,4,1,3,4,1,3,3,4,1,1,3,3,1,1,4,2,2,1,3,1,3,3,4,3,4,2,3,1,2,2,1,2,2,1,2,2,4,1,2,1,3,4,3,1,1,3,3,1,4,1,3,1,1,1,2,3,3,2,2,1,2,3,3,4,1,4,3,4,2,1,2,4,3,3,1,1,1,2,1,2,3,4,4,2,4,2,2,3,2,3,3,2,2,2,3,2,3,4,2,1,3,3,1,3,2,1,3,1,1,3,2,3,4,3,2,4,3,1,4,2,4,1,1,2,2,2,2,2,1,1,1,1,3,1,4,1,4,2,3,1,2,2,4,1,3,2,3,1,3,2,2,2,2,4,2,4,3,1,4,1,3,3,3,3,2,1,2,4,4,2,2,1,3,4,1,3,4,1,2,2,3,3,2,2,3,3,3,4,3,2,2,2,1,3,1,3,1,3,4,1,3,3,2,2,3,1,2,2,1,1,3,3,1,2,2,1,1,2,1,3,1,1,2,1,2,3,4,3,1,4,3,2,4,4,3,2,3,2,1,1,2,1,3,2,4,4,3,3,3,3,4,1,1,3,2,2,2,1,1,1,4,2,3,1,2,2,3,1,1,1,3,1,3,2,2,1,2,1,1,2,1,1,4,1,2,4,4,2,1,2,2,4,2,4,4,4,4,1,3,2,1,1,1,2,3,1,2,3,1,3,4,3,3,4,3,1,2,1,3,3,3,1,4,4,4,1,1,1,1,1,4,2,4,2,3,4,4,1,1,1,1,3,4,3,1,1,3,1,1,2,1,2,3,4,2,4,1,1,1,2,4,3,1,2,3,1,1,2,2,1,4,1,2,2,2,4,3,4,2,4,1,4,1,4,1,4,3,1,1,4,4,1,4,2,4,3,1,3,3,2,2,3,1,3,4,1,1,4,1,2,1,1,1,1,3,3,3,2,4,4,2,1,2,1,1,2,1,3,3,3,3,2,3,1,2,2,3,4,4,3,3,1,1,3,3,4,3,4,3,1,4,4,4,3,2,4,1,3,4,3,2,2,3,3,3,4,3,1,2,4,4,2,2,1,1,1,4,1,1,1,3,3,4,2,1,3,3,4,2,1,3,4,4,3,4,2,4,2,2,3,2,2,1,2,3,2,3,2,2,1,3,2,3,4,1,3,4,1,3,3,2,2,3,3,1,4,1,1,3,1,3,4,1,4,1,4,2,1,2,1,1,1,3,1,1,3,1,3,3,1,2,2,1,1,4,1,2,4,4,3,2,1,1,4,1,4,3,4,1,4,1,1,1,2,3,4,1,1,2,3,2,1,3,3,1,4,3,3,3,4,2,1,2,2,4,2,1,1,4,3,1,4,4,2,4,3,2,1,1,1,2,1,1,3,3,3,3,1,1,4,2,1,2,1,1,3,3,3,3,1,3,3,2,2,4,2,2,2,2,1,4,3,3,3,3,1,3,4,1,1,2,4,2,1,3,2,3,4,1,3,1,2,3,4,1,2,2,2,1,2,4,4,1,2,2,2,2,4,3,3,2,1,4,2,2,3,2,3,2,3,2,1,1,1,4,4,1,1,2,1,3,4,2,2,4,1,1,3,3,1,1,2,2,1,4,2,4,2,3,2,4,4,1,4,3,1,2,2,1,1,3,2,1,2,2,4,2,4,2,3,1,1,2,2,2,1,4,1,3,1,4,3,3,3,4,4,2,1,4,4,2,3,4,4,1,1,1,4,1,3,4,2,4,2,2,4,4,2,3,1,4,2,2,1,1,2,4,2,2,1,1,4,4,1,1,3,4,1,4,1,2,4,3,2,3,3,1,1,2,1,4,2,1,2,1,3,3,4,4,4,2,3,4,1,1,1,4,2,1,4,4,1,1,3,3,3,3,2,2,1,1,4,2,2,2,2,3,1,1,4,2,4,2,1,1,2,2,4,1,3,4,3,3,1,4,3,2,4,3,3,4,1,3,1,1,2,1,4,4,2,3,3,1,3,1,2,3,4,3,2,1,1,4,2,1,3,1,2,2,2,2,2,3,2,4,4,2,4,3,1,1,2,1,3,1,1,1,1,1,1,3,1,1,1,3,3,3,2,4,2,2,1,2,4,3,4,1,3,3,3,3,2,1,2,3,1,3,3,1,1,1,2,4,2,1,4,3,2,1,2,1,3,1,1,3,2,1,3,2,2,2,3,4,1,1,4,2,2,2,3,1,3,4,4,2,4,2,1,2,3,4,3,3,1,3,2,2,2,2,3,3,3,4,1,3,4,1,4,1,1,2,4,3,1,1,2,3,1,1,4,1,3,1,1,1,2,2,4,1,2,1,4,4,4,3,2,2,4,4,3,4,4,3"
189,0.9877030496613249,0.43137254901960786,2253.0,"2,1,2,4,1,1,1,2,2,1,3,4,2,1,1,1,1,4,3,4,4,2,1,4,3,4,4,1,2,2,1,4,4,2,1,4,2,4,1,4,4,3,1,3,4,3,3,1,2,2,1,2,3,2,1,2,1,4,3,3,1,2,4,2,3,4,1,1,2,1,2,2,2,1,1,2,2,1,2,3,2,4,3,1,1,3,1,1,1,1,1,1,3,4,2,1,2,3,2,1,1,3,2,4,3,4,2,1,2,4,2,2,2,2,4,3,1,2,4,1,3,1,4,2,1,4,2,4,1,2,4,2,2,1,3,3,3,4,4,2,2,4,3,1,2,2,3,3,2,3,3,3,4,4,1,4,1,1,1,3,4,2,2,1,2,4,4,4,3,4,2,4,3,2,1,4,3,4,2,2,2,3,4,4,3,3,3,2,3,2,1,2,2,3,2,2,4,2,3,2,2,4,1,4,2,4,3,1,3,2,4,2,4,2,3,1,3,1,2,1,1,1,4,2,4,1,2,2,2,3,1,1,2,3,1,4,3,4,1,1,1,1,2,2,2,1,2,3,4,1,3,1,4,2,3,3,1,4,4,4,4,2,2,4,2,2,4,2,2,4,4,1,1,3,4,3,1,2,3,1,1,4,3,1,1,4,1,2,3,4,4,2,3,2,2,2,2,1,1,1,4,2,2,3,4,4,3,1,1,1,4,1,2,3,1,1,2,3,2,4,1,3,3,3,4,2,1,2,3,1,3,3,1,1,1,3,4,3,2,3,1,2,3,3,4,2,2,4,3,4,2,4,1,1,4,3,2,4,3,3,2,1,3,2,2,3,3,2,1,3,3,2,3,4,2,4,4,3,2,4,2,2,1,1,1,3,2,4,2,1,1,2,1,2,2,2,2,1,3,4,2,2,2,1,4,2,3,4,2,1,3,4,4,4,3,2,4,2,2,2,4,3,1,1,1,1,3,1,1,3,4,3,1,1,2,1,2,2,4,1,1,2,4,4,1,2,3,2,1,1,2,3,2,4,1,1,1,4,3,1,2,3,1,2,3,4,2,2,3,1,2,3,1,1,2,4,2,3,1,4,3,1,4,1,3,1,2,1,1,1,1,4,4,3,1,1,2,4,1,1,2,1,1,2,2,2,2,3,3,3,1,3,1,3,2,3,1,1,2,2,4,4,1,2,4,1,1,2,1,2,1,4,4,2,3,3,1,4,2,3,2,2,3,3,1,1,3,2,2,3,4,1,2,2,1,2,1,1,1,2,4,3,2,3,3,4,4,2,4,3,3,1,3,3,1,4,3,4,1,1,1,4,4,2,1,4,2,2,1,1,4,1,3,2,2,2,3,4,1,1,2,2,1,4,4,3,4,3,3,2,1,3,4,1,2,3,3,3,4,2,3,2,1,1,3,1,1,3,2,2,2,1,1,1,4,2,2,4,1,3,4,1,3,3,4,1,1,3,3,1,1,4,2,2,1,3,1,3,3,4,3,4,2,3,1,2,2,1,2,2,1,2,2,4,1,2,1,3,4,3,1,1,3,3,1,4,1,3,1,1,1,2,3,3,2,2,1,2,3,3,4,1,4,3,4,2,1,2,4,3,3,1,1,1,2,1,2,3,4,4,2,4,2,2,3,2,3,3,2,2,2,3,2,3,4,2,1,3,3,1,3,2,1,3,1,1,3,2,3,4,3,2,4,3,1,4,2,4,1,1,2,2,2,2,2,1,1,1,1,3,1,4,1,4,2,3,1,2,2,4,1,3,2,3,1,3,2,2,2,2,4,2,4,3,1,4,1,3,3,3,3,2,1,2,4,4,2,2,1,3,4,1,3,4,1,2,2,3,3,2,2,3,3,3,4,3,2,2,2,1,3,1,3,1,3,4,1,3,3,2,2,3,1,2,2,1,1,3,3,1,2,2,1,1,2,1,3,1,1,2,1,2,3,4,3,1,4,3,2,4,4,3,2,3,2,1,1,2,1,3,2,4,4,3,3,3,3,4,1,1,3,2,2,2,1,1,1,4,2,3,1,2,2,3,1,1,1,3,1,3,2,2,1,2,1,1,2,1,1,4,1,2,4,4,2,1,2,2,4,2,4,4,4,4,1,3,2,1,1,1,2,3,1,2,3,1,3,4,3,3,4,3,1,2,1,3,3,3,1,4,4,4,1,1,1,1,1,4,2,4,2,3,4,4,1,1,1,1,3,4,3,1,1,3,1,1,2,1,2,3,4,2,4,1,1,1,2,4,3,1,2,3,1,1,2,2,1,4,1,2,2,2,4,3,4,2,4,1,4,1,4,1,4,3,1,1,4,4,1,4,2,4,3,1,3,3,2,2,3,1,3,4,1,1,4,1,2,1,1,1,1,3,3,3,2,4,4,2,1,2,1,1,2,1,3,3,3,3,2,3,1,2,2,3,4,4,3,3,1,1,3,3,4,3,4,3,1,4,4,4,3,2,4,1,3,4,3,2,2,3,3,3,4,3,1,2,4,4,2,2,1,1,1,4,1,1,1,3,3,4,2,1,3,3,4,2,1,3,4,4,3,4,2,4,2,2,3,2,2,1,2,3,2,3,2,2,1,3,2,3,4,1,3,4,1,3,3,2,2,3,3,1,4,1,1,3,1,3,4,1,4,1,4,2,1,2,1,1,1,3,1,1,3,1,3,3,1,2,2,1,1,4,1,2,4,4,3,2,1,1,4,1,4,3,4,1,4,1,1,1,2,3,4,1,1,2,3,2,1,3,3,1,4,3,3,3,4,2,1,2,2,4,2,1,1,4,3,1,4,4,2,4,3,2,1,1,1,2,1,1,3,3,3,3,1,1,4,2,1,2,1,1,3,3,3,3,1,3,3,2,2,4,2,2,2,2,1,4,3,3,3,3,1,3,4,1,1,2,4,2,1,3,2,3,4,1,3,1,2,3,4,1,2,2,2,1,2,4,4,1,2,2,2,2,4,3,3,2,1,4,2,2,3,2,3,2,3,2,1,1,1,4,4,1,1,2,1,3,4,2,2,4,1,1,3,3,1,1,2,2,1,4,2,4,2,3,2,4,4,1,4,3,1,2,2,1,1,3,2,1,2,2,4,2,4,2,3,1,1,2,2,2,1,4,1,3,1,4,3,3,3,4,4,2,1,4,4,2,3,4,4,1,1,1,4,1,3,4,2,4,2,2,4,4,2,3,1,4,2,2,1,1,2,4,2,2,1,1,4,4,1,1,3,4,1,4,1,2,4,3,2,3,3,1,1,2,1,4,2,1,2,1,3,3,4,4,4,2,3,4,1,1,1,4,2,1,4,4,1,1,3,3,3,3,2,2,1,1,4,2,2,2,2,3,1,1,4,2,4,2,1,1,2,2,4,1,3,4,3,3,1,4,3,2,4,3,3,4,1,3,1,1,2,1,4,4,2,3,3,1,3,1,2,3,4,3,2,1,1,4,2,1,3,1,2,2,2,2,2,3,2,4,4,2,4,3,1,1,2,1,3,1,1,1,1,1,1,3,1,1,1,3,3,3,2,4,2,2,1,2,4,3,4,1,3,3,3,3,2,1,2,3,1,3,3,1,1,1,2,4,2,1,4,3,2,1,2,1,3,1,1,3,2,1,3,2,2,2,3,4,1,1,4,2,2,2,3,1,3,4,4,2,4,2,1,2,3,4,3,3,1,3,2,2,2,2,3,3,3,4,1,3,4,1,4,1,1,2,4,3,1,1,2,3,1,1,4,1,3,1,1,1,2,2,4,1,2,1,4,4,4,3,2,2,4,4,3,4,4,3"
190,0.9877030496613249,0.43137254901960786,2253.0,"2,1,2,4,1,1,1,2,2,1,3,4,2,1,1,1,1,4,3,4,4,2,1,4,3,4,4,1,2,2,1,4,4,2,1,4,2,4,1,4,4,3,1,3,4,3,3,1,2,2,1,2,3,2,1,2,1,4,3,3,1,2,4,2,3,4,1,1,2,1,2,2,2,1,1,2,2,1,2,3,2,4,3,1,1,3,1,1,1,1,1,1,3,4,2,1,2,3,2,1,1,3,2,4,3,4,2,1,2,4,2,2,2,2,4,3,1,2,4,1,3,1,4,2,1,4,2,4,1,2,4,2,2,1,3,3,3,4,4,2,2,4,3,1,2,2,3,3,2,3,3,3,4,4,1,4,1,1,1,3,4,2,2,1,2,4,4,4,3,4,2,4,3,2,1,4,3,4,2,2,2,3,4,4,3,3,3,2,3,2,1,2,2,3,2,2,4,2,3,2,2,4,1,4,2,4,3,1,3,2,4,2,4,2,3,1,3,1,2,1,1,1,4,2,4,1,2,2,2,3,1,1,2,3,1,4,3,4,1,1,1,1,2,2,2,1,2,3,4,1,3,1,4,2,3,3,1,4,4,4,4,2,2,4,2,2,4,2,2,4,4,1,1,3,4,3,1,2,3,1,1,4,3,1,1,4,1,2,3,4,4,2,3,2,2,2,2,1,1,1,4,2,2,3,4,4,3,1,1,1,4,1,2,3,1,1,2,3,2,4,1,3,3,3,4,2,1,2,3,1,3,3,1,1,1,3,4,3,2,3,1,2,3,3,4,2,2,4,3,4,2,4,1,1,4,3,2,4,3,3,2,1,3,2,2,3,3,2,1,3,3,2,3,4,2,4,4,3,2,4,2,2,1,1,1,3,2,4,2,1,1,2,1,2,2,2,2,1,3,4,2,2,2,1,4,2,3,4,2,1,3,4,4,4,3,2,4,2,2,2,4,3,1,1,1,1,3,1,1,3,4,3,1,1,2,1,2,2,4,1,1,2,4,4,1,2,3,2,1,1,2,3,2,4,1,1,1,4,3,1,2,3,1,2,3,4,2,2,3,1,2,3,1,1,2,4,2,3,1,4,3,1,4,1,3,1,2,1,1,1,1,4,4,3,1,1,2,4,1,1,2,1,1,2,2,2,2,3,3,3,1,3,1,3,2,3,1,1,2,2,4,4,1,2,4,1,1,2,1,2,1,4,4,2,3,3,1,4,2,3,2,2,3,3,1,1,3,2,2,3,4,1,2,2,1,2,1,1,1,2,4,3,2,3,3,4,4,2,4,3,3,1,3,3,1,4,3,4,1,1,1,4,4,2,1,4,2,2,1,1,4,1,3,2,2,2,3,4,1,1,2,2,1,4,4,3,4,3,3,2,1,3,4,1,2,3,3,3,4,2,3,2,1,1,3,1,1,3,2,2,2,1,1,1,4,2,2,4,1,3,4,1,3,3,4,1,1,3,3,1,1,4,2,2,1,3,1,3,3,4,3,4,2,3,1,2,2,1,2,2,1,2,2,4,1,2,1,3,4,3,1,1,3,3,1,4,1,3,1,1,1,2,3,3,2,2,1,2,3,3,4,1,4,3,4,2,1,2,4,3,3,1,1,1,2,1,2,3,4,4,2,4,2,2,3,2,3,3,2,2,2,3,2,3,4,2,1,3,3,1,3,2,1,3,1,1,3,2,3,4,3,2,4,3,1,4,2,4,1,1,2,2,2,2,2,1,1,1,1,3,1,4,1,4,2,3,1,2,2,4,1,3,2,3,1,3,2,2,2,2,4,2,4,3,1,4,1,3,3,3,3,2,1,2,4,4,2,2,1,3,4,1,3,4,1,2,2,3,3,2,2,3,3,3,4,3,2,2,2,1,3,1,3,1,3,4,1,3,3,2,2,3,1,2,2,1,1,3,3,1,2,2,1,1,2,1,3,1,1,2,1,2,3,4,3,1,4,3,2,4,4,3,2,3,2,1,1,2,1,3,2,4,4,3,3,3,3,4,1,1,3,2,2,2,1,1,1,4,2,3,1,2,2,3,1,1,1,3,1,3,2,2,1,2,1,1,2,1,1,4,1,2,4,4,2,1,2,2,4,2,4,4,4,4,1,3,2,1,1,1,2,3,1,2,3,1,3,4,3,3,4,3,1,2,1,3,3,3,1,4,4,4,1,1,1,1,1,4,2,4,2,3,4,4,1,1,1,1,3,4,3,1,1,3,1,1,2,1,2,3,4,2,4,1,1,1,2,4,3,1,2,3,1,1,2,2,1,4,1,2,2,2,4,3,4,2,4,1,4,1,4,1,4,3,1,1,4,4,1,4,2,4,3,1,3,3,2,2,3,1,3,4,1,1,4,1,2,1,1,1,1,3,3,3,2,4,4,2,1,2,1,1,2,1,3,3,3,3,2,3,1,2,2,3,4,4,3,3,1,1,3,3,4,3,4,3,1,4,4,4,3,2,4,1,3,4,3,2,2,3,3,3,4,3,1,2,4,4,2,2,1,1,1,4,1,1,1,3,3,4,2,1,3,3,4,2,1,3,4,4,3,4,2,4,2,2,3,2,2,1,2,3,2,3,2,2,1,3,2,3,4,1,3,4,1,3,3,2,2,3,3,1,4,1,1,3,1,3,4,1,4,1,4,2,1,2,1,1,1,3,1,1,3,1,3,3,1,2,2,1,1,4,1,2,4,4,3,2,1,1,4,1,4,3,4,1,4,1,1,1,2,3,4,1,1,2,3,2,1,3,3,1,4,3,3,3,4,2,1,2,2,4,2,1,1,4,3,1,4,4,2,4,3,2,1,1,1,2,1,1,3,3,3,3,1,1,4,2,1,2,1,1,3,3,3,3,1,3,3,2,2,4,2,2,2,2,1,4,3,3,3,3,1,3,4,1,1,2,4,2,1,3,2,3,4,1,3,1,2,3,4,1,2,2,2,1,2,4,4,1,2,2,2,2,4,3,3,2,1,4,2,2,3,2,3,2,3,2,1,1,1,4,4,1,1,2,1,3,4,2,2,4,1,1,3,3,1,1,2,2,1,4,2,4,2,3,2,4,4,1,4,3,1,2,2,1,1,3,2,1,2,2,4,2,4,2,3,1,1,2,2,2,1,4,1,3,1,4,3,3,3,4,4,2,1,4,4,2,3,4,4,1,1,1,4,1,3,4,2,4,2,2,4,4,2,3,1,4,2,2,1,1,2,4,2,2,1,1,4,4,1,1,3,4,1,4,1,2,4,3,2,3,3,1,1,2,1,4,2,1,2,1,3,3,4,4,4,2,3,4,1,1,1,4,2,1,4,4,1,1,3,3,3,3,2,2,1,1,4,2,2,2,2,3,1,1,4,2,4,2,1,1,2,2,4,1,3,4,3,3,1,4,3,2,4,3,3,4,1,3,1,1,2,1,4,4,2,3,3,1,3,1,2,3,4,3,2,1,1,4,2,1,3,1,2,2,2,2,2,3,2,4,4,2,4,3,1,1,2,1,3,1,1,1,1,1,1,3,1,1,1,3,3,3,2,4,2,2,1,2,4,3,4,1,3,3,3,3,2,1,2,3,1,3,3,1,1,1,2,4,2,1,4,3,2,1,2,1,3,1,1,3,2,1,3,2,2,2,3,4,1,1,4,2,2,2,3,1,3,4,4,2,4,2,1,2,3,4,3,3,1,3,2,2,2,2,3,3,3,4,1,3,4,1,4,1,1,2,4,3,1,1,2,3,1,1,4,1,3,1,1,1,2,2,4,1,2,1,4,4,4,3,2,2,4,4,3,4,4,3"
191,0.9861763190294249,0.27450980392156865,7414.0,"1,12,15,4,1,5,5,9,8,4,11,3,12,5,14,8,6,5,8,15,9,9,3,3,2,1,15,3,14,8,8,1,9,1,8,6,5,6,9,11,12,7,4,2,2,6,4,13,15,13,8,15,8,3,7,13,8,4,2,7,2,12,7,14,5,10,7,8,1,7,15,1,8,10,14,12,6,1,4,2,7,3,3,2,5,12,9,4,3,4,11,13,4,1,8,9,3,15,1,3,13,10,15,9,8,6,8,7,3,6,13,6,5,11,1,10,14,9,6,4,5,5,1,9,11,6,5,9,11,10,11,8,8,6,7,8,12,4,4,13,1,10,10,13,15,9,13,6,8,3,5,12,14,14,7,13,9,7,1,14,3,1,15,13,4,4,6,14,6,7,5,10,7,12,9,7,3,3,14,8,8,11,7,3,3,3,15,4,11,15,7,5,11,3,13,3,14,13,4,12,9,8,11,6,10,10,14,3,8,3,10,8,6,11,10,7,9,6,7,13,4,11,15,3,5,5,2,2,13,3,6,2,6,12,11,14,12,11,9,4,11,4,5,3,2,4,9,7,9,2,14,1,4,2,3,3,1,4,4,4,4,2,2,4,2,2,4,2,2,4,4,1,1,3,4,3,1,2,3,1,1,4,3,1,1,4,1,2,3,4,4,2,3,2,2,2,2,1,1,1,4,2,2,3,4,4,3,1,1,1,4,1,2,3,1,1,10,4,15,3,3,10,15,15,8,7,14,14,12,6,12,7,5,8,8,7,8,2,8,1,12,14,6,2,1,15,6,15,8,9,4,11,1,9,5,4,13,6,15,4,14,13,5,11,1,6,7,12,7,12,2,11,2,3,1,1,3,4,3,7,15,4,8,11,14,4,15,9,3,15,11,15,8,3,8,14,10,7,13,6,7,11,14,7,4,10,10,3,15,9,1,6,7,9,9,8,6,2,10,10,8,7,12,4,2,3,8,7,14,11,11,4,10,8,10,4,2,2,15,14,7,7,9,3,12,11,6,2,1,4,6,6,2,11,2,10,14,4,8,1,11,13,14,8,2,8,11,12,4,1,1,3,12,9,4,8,5,3,10,14,11,11,1,10,7,2,14,5,2,10,15,8,15,12,14,4,6,13,8,8,4,8,13,15,12,10,6,12,14,14,14,12,12,3,5,14,11,13,3,9,4,7,8,5,8,14,8,7,12,10,14,5,12,5,12,6,8,8,6,10,12,4,11,10,10,11,1,10,7,1,13,15,13,10,14,10,9,1,1,2,4,3,2,3,3,4,4,2,4,3,3,1,3,3,1,4,3,4,1,1,1,4,4,2,1,4,2,2,1,1,4,1,3,2,2,2,3,4,1,1,2,2,1,4,4,3,4,3,3,2,1,3,4,1,2,3,3,3,4,2,3,2,1,1,3,1,1,3,2,2,2,1,1,1,4,2,2,4,1,3,4,1,3,3,4,1,1,3,3,1,1,4,2,2,1,3,1,3,3,4,3,4,2,3,1,2,2,1,2,2,1,2,2,4,1,2,1,3,4,3,1,1,3,3,1,4,1,3,1,1,1,2,3,3,2,2,1,2,3,3,4,1,4,3,4,2,1,2,4,3,3,1,1,1,2,1,2,3,4,4,2,4,2,2,3,2,3,3,2,2,2,3,2,3,4,2,1,3,3,1,3,2,1,3,1,1,3,2,3,4,3,2,4,3,1,4,2,4,1,1,2,2,2,2,2,4,1,3,1,2,4,3,3,2,2,4,3,2,1,4,2,2,4,2,1,3,2,4,2,2,4,3,4,4,1,1,3,4,4,3,2,2,2,3,2,2,3,1,3,1,3,4,3,3,3,4,3,1,4,2,4,1,2,1,4,2,4,2,4,4,2,2,1,4,3,4,4,1,3,3,1,1,1,4,4,2,3,4,3,1,2,2,1,1,2,1,3,1,1,2,1,2,3,4,3,1,4,3,2,4,4,3,2,3,2,1,1,2,1,3,2,4,4,3,3,3,3,4,1,1,3,2,2,2,1,1,1,4,2,3,1,2,2,3,1,1,1,3,1,3,2,2,1,3,3,3,3,1,3,4,2,3,3,1,2,4,3,3,2,4,4,4,4,4,1,3,2,1,1,1,2,3,1,2,3,1,3,4,3,3,4,3,1,2,1,3,3,3,1,4,4,4,1,1,1,1,1,4,2,4,2,3,4,4,1,1,1,1,3,4,3,1,1,3,1,1,2,1,2,3,4,2,4,1,1,1,2,4,3,1,2,3,1,1,2,2,1,4,1,2,2,2,4,3,4,2,4,1,4,1,4,1,4,3,1,1,4,4,1,4,2,4,3,1,3,3,2,2,3,1,3,4,1,1,4,1,2,1,1,1,1,3,3,3,2,4,4,2,1,2,1,1,2,1,3,3,3,3,2,3,1,2,2,3,4,4,3,3,1,1,3,3,4,3,4,3,1,4,4,4,3,2,4,1,3,4,3,2,2,3,3,3,4,3,1,2,4,4,2,2,1,1,1,4,1,1,1,3,3,4,2,1,3,3,4,2,1,3,4,4,3,4,2,4,2,2,3,2,2,1,2,3,2,3,2,2,1,4,4,3,2,4,3,3,2,4,3,4,2,3,3,1,4,1,1,3,1,3,4,1,4,1,4,2,1,2,1,1,1,3,1,1,3,1,3,3,1,2,2,1,1,4,1,2,4,4,3,2,1,1,4,1,4,3,4,1,4,1,1,1,2,3,4,1,1,2,3,2,1,3,3,1,4,3,3,3,4,2,1,2,2,4,2,1,1,4,3,1,4,4,2,4,3,2,1,1,1,2,1,1,3,3,3,3,1,1,4,2,1,2,1,1,3,3,3,3,1,3,3,2,2,4,2,2,2,2,1,4,3,3,3,3,13,4,13,9,15,9,10,13,3,14,13,2,15,9,2,11,9,9,5,9,4,12,14,15,2,3,14,12,3,4,5,9,10,4,11,10,11,3,13,11,15,9,15,4,1,10,11,12,8,2,4,4,9,7,1,5,1,13,1,11,3,9,14,5,13,13,8,1,3,9,11,15,15,8,2,15,10,8,2,4,12,11,13,11,12,1,10,11,15,13,2,6,7,14,15,3,15,9,12,5,12,5,12,4,12,11,11,3,7,14,10,8,4,8,11,10,14,15,3,6,4,6,8,11,15,13,5,13,2,11,4,4,13,6,4,7,13,15,12,3,5,14,7,9,11,7,15,4,2,1,2,15,10,15,14,4,10,3,13,7,6,4,10,1,8,12,14,2,3,1,9,4,10,14,3,4,10,5,5,14,9,9,3,14,2,15,5,3,4,14,13,15,2,13,13,11,4,3,6,11,11,12,11,8,5,5,2,13,14,14,5,12,13,2,10,3,11,1,8,13,13,7,5,14,4,7,11,4,11,8,3,5,13,11,5,4,11,8,7,13,7,11,11,6,15,14,2,8,14,12,13,9,3,4,9,10,11,14,1,6,7,2,1,4,6,7,14,2,11,7,2,11,2,9,10,3,3,12,8,5,11,7,3,8,9,3,5,9,3,7,5,4,4,8,6,11,8,1,6,10,8,4,10,3,10,6,12,15,9,6,14,8,2,11,14,5,10,14,9,12,8,13,9,7,9,10,8,7,8,12,14,9,8,7,12,5,3,1,7,9,6,2,6,15,15,8,10,5,8,12,8,7,12,10,11,14,1,11,7,10,6,9,13,13,8,5,4,14,9,5,13,14,13,8,5,6,4,3,5,14,8,12,12,15,9,10,1,10,13,2,2,8,5,1,13,3,15,9"
192,0.9861763190294249,0.27450980392156865,7414.0,"1,12,15,4,1,5,5,9,8,4,11,3,12,5,14,8,6,5,8,15,9,9,3,3,2,1,15,3,14,8,8,1,9,1,8,6,5,6,9,11,12,7,4,2,2,6,4,13,15,13,8,15,8,3,7,13,8,4,2,7,2,12,7,14,5,10,7,8,1,7,15,1,8,10,14,12,6,1,4,2,7,3,3,2,5,12,9,4,3,4,11,13,4,1,8,9,3,15,1,3,13,10,15,9,8,6,8,7,3,6,13,6,5,11,1,10,14,9,6,4,5,5,1,9,11,6,5,9,11,10,11,8,8,6,7,8,12,4,4,13,1,10,10,13,15,9,13,6,8,3,5,12,14,14,7,13,9,7,1,14,3,1,15,13,4,4,6,14,6,7,5,10,7,12,9,7,3,3,14,8,8,11,7,3,3,3,15,4,11,15,7,5,11,3,13,3,14,13,4,12,9,8,11,6,10,10,14,3,8,3,10,8,6,11,10,7,9,6,7,13,4,11,15,3,5,5,2,2,13,3,6,2,6,12,11,14,12,11,9,4,11,4,5,3,2,4,9,7,9,2,14,1,4,2,3,3,1,4,4,4,4,2,2,4,2,2,4,2,2,4,4,1,1,3,4,3,1,2,3,1,1,4,3,1,1,4,1,2,3,4,4,2,3,2,2,2,2,1,1,1,4,2,2,3,4,4,3,1,1,1,4,1,2,3,1,1,10,4,15,3,3,10,15,15,8,7,14,14,12,6,12,7,5,8,8,7,8,2,8,1,12,14,6,2,1,15,6,15,8,9,4,11,1,9,5,4,13,6,15,4,14,13,5,11,1,6,7,12,7,12,2,11,2,3,1,1,3,4,3,7,15,4,8,11,14,4,15,9,3,15,11,15,8,3,8,14,10,7,13,6,7,11,14,7,4,10,10,3,15,9,1,6,7,9,9,8,6,2,10,10,8,7,12,4,2,3,8,7,14,11,11,4,10,8,10,4,2,2,15,14,7,7,9,3,12,11,6,2,1,4,6,6,2,11,2,10,14,4,8,1,11,13,14,8,2,8,11,12,4,1,1,3,12,9,4,8,5,3,10,14,11,11,1,10,7,2,14,5,2,10,15,8,15,12,14,4,6,13,8,8,4,8,13,15,12,10,6,12,14,14,14,12,12,3,5,14,11,13,3,9,4,7,8,5,8,14,8,7,12,10,14,5,12,5,12,6,8,8,6,10,12,4,11,10,10,11,1,10,7,1,13,15,13,10,14,10,9,1,1,2,4,3,2,3,3,4,4,2,4,3,3,1,3,3,1,4,3,4,1,1,1,4,4,2,1,4,2,2,1,1,4,1,3,2,2,2,3,4,1,1,2,2,1,4,4,3,4,3,3,2,1,3,4,1,2,3,3,3,4,2,3,2,1,1,3,1,1,3,2,2,2,1,1,1,4,2,2,4,1,3,4,1,3,3,4,1,1,3,3,1,1,4,2,2,1,3,1,3,3,4,3,4,2,3,1,2,2,1,2,2,1,2,2,4,1,2,1,3,4,3,1,1,3,3,1,4,1,3,1,1,1,2,3,3,2,2,1,2,3,3,4,1,4,3,4,2,1,2,4,3,3,1,1,1,2,1,2,3,4,4,2,4,2,2,3,2,3,3,2,2,2,3,2,3,4,2,1,3,3,1,3,2,1,3,1,1,3,2,3,4,3,2,4,3,1,4,2,4,1,1,2,2,2,2,2,4,1,3,1,2,4,3,3,2,2,4,3,2,1,4,2,2,4,2,1,3,2,4,2,2,4,3,4,4,1,1,3,4,4,3,2,2,2,3,2,2,3,1,3,1,3,4,3,3,3,4,3,1,4,2,4,1,2,1,4,2,4,2,4,4,2,2,1,4,3,4,4,1,3,3,1,1,1,4,4,2,3,4,3,1,2,2,1,1,2,1,3,1,1,2,1,2,3,4,3,1,4,3,2,4,4,3,2,3,2,1,1,2,1,3,2,4,4,3,3,3,3,4,1,1,3,2,2,2,1,1,1,4,2,3,1,2,2,3,1,1,1,3,1,3,2,2,1,3,3,3,3,1,3,4,2,3,3,1,2,4,3,3,2,4,4,4,4,4,1,3,2,1,1,1,2,3,1,2,3,1,3,4,3,3,4,3,1,2,1,3,3,3,1,4,4,4,1,1,1,1,1,4,2,4,2,3,4,4,1,1,1,1,3,4,3,1,1,3,1,1,2,1,2,3,4,2,4,1,1,1,2,4,3,1,2,3,1,1,2,2,1,4,1,2,2,2,4,3,4,2,4,1,4,1,4,1,4,3,1,1,4,4,1,4,2,4,3,1,3,3,2,2,3,1,3,4,1,1,4,1,2,1,1,1,1,3,3,3,2,4,4,2,1,2,1,1,2,1,3,3,3,3,2,3,1,2,2,3,4,4,3,3,1,1,3,3,4,3,4,3,1,4,4,4,3,2,4,1,3,4,3,2,2,3,3,3,4,3,1,2,4,4,2,2,1,1,1,4,1,1,1,3,3,4,2,1,3,3,4,2,1,3,4,4,3,4,2,4,2,2,3,2,2,1,2,3,2,3,2,2,1,4,4,3,2,4,3,3,2,4,3,4,2,3,3,1,4,1,1,3,1,3,4,1,4,1,4,2,1,2,1,1,1,3,1,1,3,1,3,3,1,2,2,1,1,4,1,2,4,4,3,2,1,1,4,1,4,3,4,1,4,1,1,1,2,3,4,1,1,2,3,2,1,3,3,1,4,3,3,3,4,2,1,2,2,4,2,1,1,4,3,1,4,4,2,4,3,2,1,1,1,2,1,1,3,3,3,3,1,1,4,2,1,2,1,1,3,3,3,3,1,3,3,2,2,4,2,2,2,2,1,4,3,3,3,3,13,4,13,9,15,9,10,13,3,14,13,2,15,9,2,11,9,9,5,9,4,12,14,15,2,3,14,12,3,4,5,9,10,4,11,10,11,3,13,11,15,9,15,4,1,10,11,12,8,2,4,4,9,7,1,5,1,13,1,11,3,9,14,5,13,13,8,1,3,9,11,15,15,8,2,15,10,8,2,4,12,11,13,11,12,1,10,11,15,13,2,6,7,14,15,3,15,9,12,5,12,5,12,4,12,11,11,3,7,14,10,8,4,8,11,10,14,15,3,6,4,6,8,11,15,13,5,13,2,11,4,4,13,6,4,7,13,15,12,3,5,14,7,9,11,7,15,4,2,1,2,15,10,15,14,4,10,3,13,7,6,4,10,1,8,12,14,2,3,1,9,4,10,14,3,4,10,5,5,14,9,9,3,14,2,15,5,3,4,14,13,15,2,13,13,11,4,3,6,11,11,12,11,8,5,5,2,13,14,14,5,12,13,2,10,3,11,1,8,13,13,7,5,14,4,7,11,4,11,8,3,5,13,11,5,4,11,8,7,13,7,11,11,6,15,14,2,8,14,12,13,9,3,4,9,10,11,14,1,6,7,2,1,4,6,7,14,2,11,7,2,11,2,9,10,3,3,12,8,5,11,7,3,8,9,3,5,9,3,7,5,4,4,8,6,11,8,1,6,10,8,4,10,3,10,6,12,15,9,6,14,8,2,11,14,5,10,14,9,12,8,13,9,7,9,10,8,7,8,12,14,9,8,7,12,5,3,1,7,9,6,2,6,15,15,8,10,5,8,12,8,7,12,10,11,14,1,11,7,10,6,9,13,13,8,5,4,14,9,5,13,14,13,8,5,6,4,3,5,14,8,12,12,15,9,10,1,10,13,2,2,8,5,1,13,3,15,9"
193,0.9861763190294249,0.27450980392156865,7414.0,"1,12,15,4,1,5,5,9,8,4,11,3,12,5,14,8,6,5,8,15,9,9,3,3,2,1,15,3,14,8,8,1,9,1,8,6,5,6,9,11,12,7,4,2,2,6,4,13,15,13,8,15,8,3,7,13,8,4,2,7,2,12,7,14,5,10,7,8,1,7,15,1,8,10,14,12,6,1,4,2,7,3,3,2,5,12,9,4,3,4,11,13,4,1,8,9,3,15,1,3,13,10,15,9,8,6,8,7,3,6,13,6,5,11,1,10,14,9,6,4,5,5,1,9,11,6,5,9,11,10,11,8,8,6,7,8,12,4,4,13,1,10,10,13,15,9,13,6,8,3,5,12,14,14,7,13,9,7,1,14,3,1,15,13,4,4,6,14,6,7,5,10,7,12,9,7,3,3,14,8,8,11,7,3,3,3,15,4,11,15,7,5,11,3,13,3,14,13,4,12,9,8,11,6,10,10,14,3,8,3,10,8,6,11,10,7,9,6,7,13,4,11,15,3,5,5,2,2,13,3,6,2,6,12,11,14,12,11,9,4,11,4,5,3,2,4,9,7,9,2,14,1,4,2,3,3,1,4,4,4,4,2,2,4,2,2,4,2,2,4,4,1,1,3,4,3,1,2,3,1,1,4,3,1,1,4,1,2,3,4,4,2,3,2,2,2,2,1,1,1,4,2,2,3,4,4,3,1,1,1,4,1,2,3,1,1,10,4,15,3,3,10,15,15,8,7,14,14,12,6,12,7,5,8,8,7,8,2,8,1,12,14,6,2,1,15,6,15,8,9,4,11,1,9,5,4,13,6,15,4,14,13,5,11,1,6,7,12,7,12,2,11,2,3,1,1,3,4,3,7,15,4,8,11,14,4,15,9,3,15,11,15,8,3,8,14,10,7,13,6,7,11,14,7,4,10,10,3,15,9,1,6,7,9,9,8,6,2,10,10,8,7,12,4,2,3,8,7,14,11,11,4,10,8,10,4,2,2,15,14,7,7,9,3,12,11,6,2,1,4,6,6,2,11,2,10,14,4,8,1,11,13,14,8,2,8,11,12,4,1,1,3,12,9,4,8,5,3,10,14,11,11,1,10,7,2,14,5,2,10,15,8,15,12,14,4,6,13,8,8,4,8,13,15,12,10,6,12,14,14,14,12,12,3,5,14,11,13,3,9,4,7,8,5,8,14,8,7,12,10,14,5,12,5,12,6,8,8,6,10,12,4,11,10,10,11,1,10,7,1,13,15,13,10,14,10,9,1,1,2,4,3,2,3,3,4,4,2,4,3,3,1,3,3,1,4,3,4,1,1,1,4,4,2,1,4,2,2,1,1,4,1,3,2,2,2,3,4,1,1,2,2,1,4,4,3,4,3,3,2,1,3,4,1,2,3,3,3,4,2,3,2,1,1,3,1,1,3,2,2,2,1,1,1,4,2,2,4,1,3,4,1,3,3,4,1,1,3,3,1,1,4,2,2,1,3,1,3,3,4,3,4,2,3,1,2,2,1,2,2,1,2,2,4,1,2,1,3,4,3,1,1,3,3,1,4,1,3,1,1,1,2,3,3,2,2,1,2,3,3,4,1,4,3,4,2,1,2,4,3,3,1,1,1,2,1,2,3,4,4,2,4,2,2,3,2,3,3,2,2,2,3,2,3,4,2,1,3,3,1,3,2,1,3,1,1,3,2,3,4,3,2,4,3,1,4,2,4,1,1,2,2,2,2,2,4,1,3,1,2,4,3,3,2,2,4,3,2,1,4,2,2,4,2,1,3,2,4,2,2,4,3,4,4,1,1,3,4,4,3,2,2,2,3,2,2,3,1,3,1,3,4,3,3,3,4,3,1,4,2,4,1,2,1,4,2,4,2,4,4,2,2,1,4,3,4,4,1,3,3,1,1,1,4,4,2,3,4,3,1,2,2,1,1,2,1,3,1,1,2,1,2,3,4,3,1,4,3,2,4,4,3,2,3,2,1,1,2,1,3,2,4,4,3,3,3,3,4,1,1,3,2,2,2,1,1,1,4,2,3,1,2,2,3,1,1,1,3,1,3,2,2,1,3,3,3,3,1,3,4,2,3,3,1,2,4,3,3,2,4,4,4,4,4,1,3,2,1,1,1,2,3,1,2,3,1,3,4,3,3,4,3,1,2,1,3,3,3,1,4,4,4,1,1,1,1,1,4,2,4,2,3,4,4,1,1,1,1,3,4,3,1,1,3,1,1,2,1,2,3,4,2,4,1,1,1,2,4,3,1,2,3,1,1,2,2,1,4,1,2,2,2,4,3,4,2,4,1,4,1,4,1,4,3,1,1,4,4,1,4,2,4,3,1,3,3,2,2,3,1,3,4,1,1,4,1,2,1,1,1,1,3,3,3,2,4,4,2,1,2,1,1,2,1,3,3,3,3,2,3,1,2,2,3,4,4,3,3,1,1,3,3,4,3,4,3,1,4,4,4,3,2,4,1,3,4,3,2,2,3,3,3,4,3,1,2,4,4,2,2,1,1,1,4,1,1,1,3,3,4,2,1,3,3,4,2,1,3,4,4,3,4,2,4,2,2,3,2,2,1,2,3,2,3,2,2,1,4,4,3,2,4,3,3,2,4,3,4,2,3,3,1,4,1,1,3,1,3,4,1,4,1,4,2,1,2,1,1,1,3,1,1,3,1,3,3,1,2,2,1,1,4,1,2,4,4,3,2,1,1,4,1,4,3,4,1,4,1,1,1,2,3,4,1,1,2,3,2,1,3,3,1,4,3,3,3,4,2,1,2,2,4,2,1,1,4,3,1,4,4,2,4,3,2,1,1,1,2,1,1,3,3,3,3,1,1,4,2,1,2,1,1,3,3,3,3,1,3,3,2,2,4,2,2,2,2,1,4,3,3,3,3,13,4,13,9,15,9,10,13,3,14,13,2,15,9,2,11,9,9,5,9,4,12,14,15,2,3,14,12,3,4,5,9,10,4,11,10,11,3,13,11,15,9,15,4,1,10,11,12,8,2,4,4,9,7,1,5,1,13,1,11,3,9,14,5,13,13,8,1,3,9,11,15,15,8,2,15,10,8,2,4,12,11,13,11,12,1,10,11,15,13,2,6,7,14,15,3,15,9,12,5,12,5,12,4,12,11,11,3,7,14,10,8,4,8,11,10,14,15,3,6,4,6,8,11,15,13,5,13,2,11,4,4,13,6,4,7,13,15,12,3,5,14,7,9,11,7,15,4,2,1,2,15,10,15,14,4,10,3,13,7,6,4,10,1,8,12,14,2,3,1,9,4,10,14,3,4,10,5,5,14,9,9,3,14,2,15,5,3,4,14,13,15,2,13,13,11,4,3,6,11,11,12,11,8,5,5,2,13,14,14,5,12,13,2,10,3,11,1,8,13,13,7,5,14,4,7,11,4,11,8,3,5,13,11,5,4,11,8,7,13,7,11,11,6,15,14,2,8,14,12,13,9,3,4,9,10,11,14,1,6,7,2,1,4,6,7,14,2,11,7,2,11,2,9,10,3,3,12,8,5,11,7,3,8,9,3,5,9,3,7,5,4,4,8,6,11,8,1,6,10,8,4,10,3,10,6,12,15,9,6,14,8,2,11,14,5,10,14,9,12,8,13,9,7,9,10,8,7,8,12,14,9,8,7,12,5,3,1,7,9,6,2,6,15,15,8,10,5,8,12,8,7,12,10,11,14,1,11,7,10,6,9,13,13,8,5,4,14,9,5,13,14,13,8,5,6,4,3,5,14,8,12,12,15,9,10,1,10,13,2,2,8,5,1,13,3,15,9"
194,0.9861763190294249,0.27450980392156865,7414.0,"1,12,15,4,1,5,5,9,8,4,11,3,12,5,14,8,6,5,8,15,9,9,3,3,2,1,15,3,14,8,8,1,9,1,8,6,5,6,9,11,12,7,4,2,2,6,4,13,15,13,8,15,8,3,7,13,8,4,2,7,2,12,7,14,5,10,7,8,1,7,15,1,8,10,14,12,6,1,4,2,7,3,3,2,5,12,9,4,3,4,11,13,4,1,8,9,3,15,1,3,13,10,15,9,8,6,8,7,3,6,13,6,5,11,1,10,14,9,6,4,5,5,1,9,11,6,5,9,11,10,11,8,8,6,7,8,12,4,4,13,1,10,10,13,15,9,13,6,8,3,5,12,14,14,7,13,9,7,1,14,3,1,15,13,4,4,6,14,6,7,5,10,7,12,9,7,3,3,14,8,8,11,7,3,3,3,15,4,11,15,7,5,11,3,13,3,14,13,4,12,9,8,11,6,10,10,14,3,8,3,10,8,6,11,10,7,9,6,7,13,4,11,15,3,5,5,2,2,13,3,6,2,6,12,11,14,12,11,9,4,11,4,5,3,2,4,9,7,9,2,14,1,4,2,3,3,1,4,4,4,4,2,2,4,2,2,4,2,2,4,4,1,1,3,4,3,1,2,3,1,1,4,3,1,1,4,1,2,3,4,4,2,3,2,2,2,2,1,1,1,4,2,2,3,4,4,3,1,1,1,4,1,2,3,1,1,10,4,15,3,3,10,15,15,8,7,14,14,12,6,12,7,5,8,8,7,8,2,8,1,12,14,6,2,1,15,6,15,8,9,4,11,1,9,5,4,13,6,15,4,14,13,5,11,1,6,7,12,7,12,2,11,2,3,1,1,3,4,3,7,15,4,8,11,14,4,15,9,3,15,11,15,8,3,8,14,10,7,13,6,7,11,14,7,4,10,10,3,15,9,1,6,7,9,9,8,6,2,10,10,8,7,12,4,2,3,8,7,14,11,11,4,10,8,10,4,2,2,15,14,7,7,9,3,12,11,6,2,1,4,6,6,2,11,2,10,14,4,8,1,11,13,14,8,2,8,11,12,4,1,1,3,12,9,4,8,5,3,10,14,11,11,1,10,7,2,14,5,2,10,15,8,15,12,14,4,6,13,8,8,4,8,13,15,12,10,6,12,14,14,14,12,12,3,5,14,11,13,3,9,4,7,8,5,8,14,8,7,12,10,14,5,12,5,12,6,8,8,6,10,12,4,11,10,10,11,1,10,7,1,13,15,13,10,14,10,9,1,1,2,4,3,2,3,3,4,4,2,4,3,3,1,3,3,1,4,3,4,1,1,1,4,4,2,1,4,2,2,1,1,4,1,3,2,2,2,3,4,1,1,2,2,1,4,4,3,4,3,3,2,1,3,4,1,2,3,3,3,4,2,3,2,1,1,3,1,1,3,2,2,2,1,1,1,4,2,2,4,1,3,4,1,3,3,4,1,1,3,3,1,1,4,2,2,1,3,1,3,3,4,3,4,2,3,1,2,2,1,2,2,1,2,2,4,1,2,1,3,4,3,1,1,3,3,1,4,1,3,1,1,1,2,3,3,2,2,1,2,3,3,4,1,4,3,4,2,1,2,4,3,3,1,1,1,2,1,2,3,4,4,2,4,2,2,3,2,3,3,2,2,2,3,2,3,4,2,1,3,3,1,3,2,1,3,1,1,3,2,3,4,3,2,4,3,1,4,2,4,1,1,2,2,2,2,2,4,1,3,1,2,4,3,3,2,2,4,3,2,1,4,2,2,4,2,1,3,2,4,2,2,4,3,4,4,1,1,3,4,4,3,2,2,2,3,2,2,3,1,3,1,3,4,3,3,3,4,3,1,4,2,4,1,2,1,4,2,4,2,4,4,2,2,1,4,3,4,4,1,3,3,1,1,1,4,4,2,3,4,3,1,2,2,1,1,2,1,3,1,1,2,1,2,3,4,3,1,4,3,2,4,4,3,2,3,2,1,1,2,1,3,2,4,4,3,3,3,3,4,1,1,3,2,2,2,1,1,1,4,2,3,1,2,2,3,1,1,1,3,1,3,2,2,1,3,3,3,3,1,3,4,2,3,3,1,2,4,3,3,2,4,4,4,4,4,1,3,2,1,1,1,2,3,1,2,3,1,3,4,3,3,4,3,1,2,1,3,3,3,1,4,4,4,1,1,1,1,1,4,2,4,2,3,4,4,1,1,1,1,3,4,3,1,1,3,1,1,2,1,2,3,4,2,4,1,1,1,2,4,3,1,2,3,1,1,2,2,1,4,1,2,2,2,4,3,4,2,4,1,4,1,4,1,4,3,1,1,4,4,1,4,2,4,3,1,3,3,2,2,3,1,3,4,1,1,4,1,2,1,1,1,1,3,3,3,2,4,4,2,1,2,1,1,2,1,3,3,3,3,2,3,1,2,2,3,4,4,3,3,1,1,3,3,4,3,4,3,1,4,4,4,3,2,4,1,3,4,3,2,2,3,3,3,4,3,1,2,4,4,2,2,1,1,1,4,1,1,1,3,3,4,2,1,3,3,4,2,1,3,4,4,3,4,2,4,2,2,3,2,2,1,2,3,2,3,2,2,1,4,4,3,2,4,3,3,2,4,3,4,2,3,3,1,4,1,1,3,1,3,4,1,4,1,4,2,1,2,1,1,1,3,1,1,3,1,3,3,1,2,2,1,1,4,1,2,4,4,3,2,1,1,4,1,4,3,4,1,4,1,1,1,2,3,4,1,1,2,3,2,1,3,3,1,4,3,3,3,4,2,1,2,2,4,2,1,1,4,3,1,4,4,2,4,3,2,1,1,1,2,1,1,3,3,3,3,1,1,4,2,1,2,1,1,3,3,3,3,1,3,3,2,2,4,2,2,2,2,1,4,3,3,3,3,13,4,13,9,15,9,10,13,3,14,13,2,15,9,2,11,9,9,5,9,4,12,14,15,2,3,14,12,3,4,5,9,10,4,11,10,11,3,13,11,15,9,15,4,1,10,11,12,8,2,4,4,9,7,1,5,1,13,1,11,3,9,14,5,13,13,8,1,3,9,11,15,15,8,2,15,10,8,2,4,12,11,13,11,12,1,10,11,15,13,2,6,7,14,15,3,15,9,12,5,12,5,12,4,12,11,11,3,7,14,10,8,4,8,11,10,14,15,3,6,4,6,8,11,15,13,5,13,2,11,4,4,13,6,4,7,13,15,12,3,5,14,7,9,11,7,15,4,2,1,2,15,10,15,14,4,10,3,13,7,6,4,10,1,8,12,14,2,3,1,9,4,10,14,3,4,10,5,5,14,9,9,3,14,2,15,5,3,4,14,13,15,2,13,13,11,4,3,6,11,11,12,11,8,5,5,2,13,14,14,5,12,13,2,10,3,11,1,8,13,13,7,5,14,4,7,11,4,11,8,3,5,13,11,5,4,11,8,7,13,7,11,11,6,15,14,2,8,14,12,13,9,3,4,9,10,11,14,1,6,7,2,1,4,6,7,14,2,11,7,2,11,2,9,10,3,3,12,8,5,11,7,3,8,9,3,5,9,3,7,5,4,4,8,6,11,8,1,6,10,8,4,10,3,10,6,12,15,9,6,14,8,2,11,14,5,10,14,9,12,8,13,9,7,9,10,8,7,8,12,14,9,8,7,12,5,3,1,7,9,6,2,6,15,15,8,10,5,8,12,8,7,12,10,11,14,1,11,7,10,6,9,13,13,8,5,4,14,9,5,13,14,13,8,5,6,4,3,5,14,8,12,12,15,9,10,1,10,13,2,2,8,5,1,13,3,15,9"
195,0.9861763190294249,0.27450980392156865,7414.0,"1,12,15,4,1,5,5,9,8,4,11,3,12,5,14,8,6,5,8,15,9,9,3,3,2,1,15,3,14,8,8,1,9,1,8,6,5,6,9,11,12,7,4,2,2,6,4,13,15,13,8,15,8,3,7,13,8,4,2,7,2,12,7,14,5,10,7,8,1,7,15,1,8,10,14,12,6,1,4,2,7,3,3,2,5,12,9,4,3,4,11,13,4,1,8,9,3,15,1,3,13,10,15,9,8,6,8,7,3,6,13,6,5,11,1,10,14,9,6,4,5,5,1,9,11,6,5,9,11,10,11,8,8,6,7,8,12,4,4,13,1,10,10,13,15,9,13,6,8,3,5,12,14,14,7,13,9,7,1,14,3,1,15,13,4,4,6,14,6,7,5,10,7,12,9,7,3,3,14,8,8,11,7,3,3,3,15,4,11,15,7,5,11,3,13,3,14,13,4,12,9,8,11,6,10,10,14,3,8,3,10,8,6,11,10,7,9,6,7,13,4,11,15,3,5,5,2,2,13,3,6,2,6,12,11,14,12,11,9,4,11,4,5,3,2,4,9,7,9,2,14,1,4,2,3,3,1,4,4,4,4,2,2,4,2,2,4,2,2,4,4,1,1,3,4,3,1,2,3,1,1,4,3,1,1,4,1,2,3,4,4,2,3,2,2,2,2,1,1,1,4,2,2,3,4,4,3,1,1,1,4,1,2,3,1,1,10,4,15,3,3,10,15,15,8,7,14,14,12,6,12,7,5,8,8,7,8,2,8,1,12,14,6,2,1,15,6,15,8,9,4,11,1,9,5,4,13,6,15,4,14,13,5,11,1,6,7,12,7,12,2,11,2,3,1,1,3,4,3,7,15,4,8,11,14,4,15,9,3,15,11,15,8,3,8,14,10,7,13,6,7,11,14,7,4,10,10,3,15,9,1,6,7,9,9,8,6,2,10,10,8,7,12,4,2,3,8,7,14,11,11,4,10,8,10,4,2,2,15,14,7,7,9,3,12,11,6,2,1,4,6,6,2,11,2,10,14,4,8,1,11,13,14,8,2,8,11,12,4,1,1,3,12,9,4,8,5,3,10,14,11,11,1,10,7,2,14,5,2,10,15,8,15,12,14,4,6,13,8,8,4,8,13,15,12,10,6,12,14,14,14,12,12,3,5,14,11,13,3,9,4,7,8,5,8,14,8,7,12,10,14,5,12,5,12,6,8,8,6,10,12,4,11,10,10,11,1,10,7,1,13,15,13,10,14,10,9,1,1,2,4,3,2,3,3,4,4,2,4,3,3,1,3,3,1,4,3,4,1,1,1,4,4,2,1,4,2,2,1,1,4,1,3,2,2,2,3,4,1,1,2,2,1,4,4,3,4,3,3,2,1,3,4,1,2,3,3,3,4,2,3,2,1,1,3,1,1,3,2,2,2,1,1,1,4,2,2,4,1,3,4,1,3,3,4,1,1,3,3,1,1,4,2,2,1,3,1,3,3,4,3,4,2,3,1,2,2,1,2,2,1,2,2,4,1,2,1,3,4,3,1,1,3,3,1,4,1,3,1,1,1,2,3,3,2,2,1,2,3,3,4,1,4,3,4,2,1,2,4,3,3,1,1,1,2,1,2,3,4,4,2,4,2,2,3,2,3,3,2,2,2,3,2,3,4,2,1,3,3,1,3,2,1,3,1,1,3,2,3,4,3,2,4,3,1,4,2,4,1,1,2,2,2,2,2,4,1,3,1,2,4,3,3,2,2,4,3,2,1,4,2,2,4,2,1,3,2,4,2,2,4,3,4,4,1,1,3,4,4,3,2,2,2,3,2,2,3,1,3,1,3,4,3,3,3,4,3,1,4,2,4,1,2,1,4,2,4,2,4,4,2,2,1,4,3,4,4,1,3,3,1,1,1,4,4,2,3,4,3,1,2,2,1,1,2,1,3,1,1,2,1,2,3,4,3,1,4,3,2,4,4,3,2,3,2,1,1,2,1,3,2,4,4,3,3,3,3,4,1,1,3,2,2,2,1,1,1,4,2,3,1,2,2,3,1,1,1,3,1,3,2,2,1,3,3,3,3,1,3,4,2,3,3,1,2,4,3,3,2,4,4,4,4,4,1,3,2,1,1,1,2,3,1,2,3,1,3,4,3,3,4,3,1,2,1,3,3,3,1,4,4,4,1,1,1,1,1,4,2,4,2,3,4,4,1,1,1,1,3,4,3,1,1,3,1,1,2,1,2,3,4,2,4,1,1,1,2,4,3,1,2,3,1,1,2,2,1,4,1,2,2,2,4,3,4,2,4,1,4,1,4,1,4,3,1,1,4,4,1,4,2,4,3,1,3,3,2,2,3,1,3,4,1,1,4,1,2,1,1,1,1,3,3,3,2,4,4,2,1,2,1,1,2,1,3,3,3,3,2,3,1,2,2,3,4,4,3,3,1,1,3,3,4,3,4,3,1,4,4,4,3,2,4,1,3,4,3,2,2,3,3,3,4,3,1,2,4,4,2,2,1,1,1,4,1,1,1,3,3,4,2,1,3,3,4,2,1,3,4,4,3,4,2,4,2,2,3,2,2,1,2,3,2,3,2,2,1,4,4,3,2,4,3,3,2,4,3,4,2,3,3,1,4,1,1,3,1,3,4,1,4,1,4,2,1,2,1,1,1,3,1,1,3,1,3,3,1,2,2,1,1,4,1,2,4,4,3,2,1,1,4,1,4,3,4,1,4,1,1,1,2,3,4,1,1,2,3,2,1,3,3,1,4,3,3,3,4,2,1,2,2,4,2,1,1,4,3,1,4,4,2,4,3,2,1,1,1,2,1,1,3,3,3,3,1,1,4,2,1,2,1,1,3,3,3,3,1,3,3,2,2,4,2,2,2,2,1,4,3,3,3,3,13,4,13,9,15,9,10,13,3,14,13,2,15,9,2,11,9,9,5,9,4,12,14,15,2,3,14,12,3,4,5,9,10,4,11,10,11,3,13,11,15,9,15,4,1,10,11,12,8,2,4,4,9,7,1,5,1,13,1,11,3,9,14,5,13,13,8,1,3,9,11,15,15,8,2,15,10,8,2,4,12,11,13,11,12,1,10,11,15,13,2,6,7,14,15,3,15,9,12,5,12,5,12,4,12,11,11,3,7,14,10,8,4,8,11,10,14,15,3,6,4,6,8,11,15,13,5,13,2,11,4,4,13,6,4,7,13,15,12,3,5,14,7,9,11,7,15,4,2,1,2,15,10,15,14,4,10,3,13,7,6,4,10,1,8,12,14,2,3,1,9,4,10,14,3,4,10,5,5,14,9,9,3,14,2,15,5,3,4,14,13,15,2,13,13,11,4,3,6,11,11,12,11,8,5,5,2,13,14,14,5,12,13,2,10,3,11,1,8,13,13,7,5,14,4,7,11,4,11,8,3,5,13,11,5,4,11,8,7,13,7,11,11,6,15,14,2,8,14,12,13,9,3,4,9,10,11,14,1,6,7,2,1,4,6,7,14,2,11,7,2,11,2,9,10,3,3,12,8,5,11,7,3,8,9,3,5,9,3,7,5,4,4,8,6,11,8,1,6,10,8,4,10,3,10,6,12,15,9,6,14,8,2,11,14,5,10,14,9,12,8,13,9,7,9,10,8,7,8,12,14,9,8,7,12,5,3,1,7,9,6,2,6,15,15,8,10,5,8,12,8,7,12,10,11,14,1,11,7,10,6,9,13,13,8,5,4,14,9,5,13,14,13,8,5,6,4,3,5,14,8,12,12,15,9,10,1,10,13,2,2,8,5,1,13,3,15,9"
196,0.9861763190294249,0.27450980392156865,7414.0,"1,12,15,4,1,5,5,9,8,4,11,3,12,5,14,8,6,5,8,15,9,9,3,3,2,1,15,3,14,8,8,1,9,1,8,6,5,6,9,11,12,7,4,2,2,6,4,13,15,13,8,15,8,3,7,13,8,4,2,7,2,12,7,14,5,10,7,8,1,7,15,1,8,10,14,12,6,1,4,2,7,3,3,2,5,12,9,4,3,4,11,13,4,1,8,9,3,15,1,3,13,10,15,9,8,6,8,7,3,6,13,6,5,11,1,10,14,9,6,4,5,5,1,9,11,6,5,9,11,10,11,8,8,6,7,8,12,4,4,13,1,10,10,13,15,9,13,6,8,3,5,12,14,14,7,13,9,7,1,14,3,1,15,13,4,4,6,14,6,7,5,10,7,12,9,7,3,3,14,8,8,11,7,3,3,3,15,4,11,15,7,5,11,3,13,3,14,13,4,12,9,8,11,6,10,10,14,3,8,3,10,8,6,11,10,7,9,6,7,13,4,11,15,3,5,5,2,2,13,3,6,2,6,12,11,14,12,11,9,4,11,4,5,3,2,4,9,7,9,2,14,1,4,2,3,3,1,4,4,4,4,2,2,4,2,2,4,2,2,4,4,1,1,3,4,3,1,2,3,1,1,4,3,1,1,4,1,2,3,4,4,2,3,2,2,2,2,1,1,1,4,2,2,3,4,4,3,1,1,1,4,1,2,3,1,1,10,4,15,3,3,10,15,15,8,7,14,14,12,6,12,7,5,8,8,7,8,2,8,1,12,14,6,2,1,15,6,15,8,9,4,11,1,9,5,4,13,6,15,4,14,13,5,11,1,6,7,12,7,12,2,11,2,3,1,1,3,4,3,7,15,4,8,11,14,4,15,9,3,15,11,15,8,3,8,14,10,7,13,6,7,11,14,7,4,10,10,3,15,9,1,6,7,9,9,8,6,2,10,10,8,7,12,4,2,3,8,7,14,11,11,4,10,8,10,4,2,2,15,14,7,7,9,3,12,11,6,2,1,4,6,6,2,11,2,10,14,4,8,1,11,13,14,8,2,8,11,12,4,1,1,3,12,9,4,8,5,3,10,14,11,11,1,10,7,2,14,5,2,10,15,8,15,12,14,4,6,13,8,8,4,8,13,15,12,10,6,12,14,14,14,12,12,3,5,14,11,13,3,9,4,7,8,5,8,14,8,7,12,10,14,5,12,5,12,6,8,8,6,10,12,4,11,10,10,11,1,10,7,1,13,15,13,10,14,10,9,1,1,2,4,3,2,3,3,4,4,2,4,3,3,1,3,3,1,4,3,4,1,1,1,4,4,2,1,4,2,2,1,1,4,1,3,2,2,2,3,4,1,1,2,2,1,4,4,3,4,3,3,2,1,3,4,1,2,3,3,3,4,2,3,2,1,1,3,1,1,3,2,2,2,1,1,1,4,2,2,4,1,3,4,1,3,3,4,1,1,3,3,1,1,4,2,2,1,3,1,3,3,4,3,4,2,3,1,2,2,1,2,2,1,2,2,4,1,2,1,3,4,3,1,1,3,3,1,4,1,3,1,1,1,2,3,3,2,2,1,2,3,3,4,1,4,3,4,2,1,2,4,3,3,1,1,1,2,1,2,3,4,4,2,4,2,2,3,2,3,3,2,2,2,3,2,3,4,2,1,3,3,1,3,2,1,3,1,1,3,2,3,4,3,2,4,3,1,4,2,4,1,1,2,2,2,2,2,4,1,3,1,2,4,3,3,2,2,4,3,2,1,4,2,2,4,2,1,3,2,4,2,2,4,3,4,4,1,1,3,4,4,3,2,2,2,3,2,2,3,1,3,1,3,4,3,3,3,4,3,1,4,2,4,1,2,1,4,2,4,2,4,4,2,2,1,4,3,4,4,1,3,3,1,1,1,4,4,2,3,4,3,1,2,2,1,1,2,1,3,1,1,2,1,2,3,4,3,1,4,3,2,4,4,3,2,3,2,1,1,2,1,3,2,4,4,3,3,3,3,4,1,1,3,2,2,2,1,1,1,4,2,3,1,2,2,3,1,1,1,3,1,3,2,2,1,3,3,3,3,1,3,4,2,3,3,1,2,4,3,3,2,4,4,4,4,4,1,3,2,1,1,1,2,3,1,2,3,1,3,4,3,3,4,3,1,2,1,3,3,3,1,4,4,4,1,1,1,1,1,4,2,4,2,3,4,4,1,1,1,1,3,4,3,1,1,3,1,1,2,1,2,3,4,2,4,1,1,1,2,4,3,1,2,3,1,1,2,2,1,4,1,2,2,2,4,3,4,2,4,1,4,1,4,1,4,3,1,1,4,4,1,4,2,4,3,1,3,3,2,2,3,1,3,4,1,1,4,1,2,1,1,1,1,3,3,3,2,4,4,2,1,2,1,1,2,1,3,3,3,3,2,3,1,2,2,3,4,4,3,3,1,1,3,3,4,3,4,3,1,4,4,4,3,2,4,1,3,4,3,2,2,3,3,3,4,3,1,2,4,4,2,2,1,1,1,4,1,1,1,3,3,4,2,1,3,3,4,2,1,3,4,4,3,4,2,4,2,2,3,2,2,1,2,3,2,3,2,2,1,4,4,3,2,4,3,3,2,4,3,4,2,3,3,1,4,1,1,3,1,3,4,1,4,1,4,2,1,2,1,1,1,3,1,1,3,1,3,3,1,2,2,1,1,4,1,2,4,4,3,2,1,1,4,1,4,3,4,1,4,1,1,1,2,3,4,1,1,2,3,2,1,3,3,1,4,3,3,3,4,2,1,2,2,4,2,1,1,4,3,1,4,4,2,4,3,2,1,1,1,2,1,1,3,3,3,3,1,1,4,2,1,2,1,1,3,3,3,3,1,3,3,2,2,4,2,2,2,2,1,4,3,3,3,3,13,4,13,9,15,9,10,13,3,14,13,2,15,9,2,11,9,9,5,9,4,12,14,15,2,3,14,12,3,4,5,9,10,4,11,10,11,3,13,11,15,9,15,4,1,10,11,12,8,2,4,4,9,7,1,5,1,13,1,11,3,9,14,5,13,13,8,1,3,9,11,15,15,8,2,15,10,8,2,4,12,11,13,11,12,1,10,11,15,13,2,6,7,14,15,3,15,9,12,5,12,5,12,4,12,11,11,3,7,14,10,8,4,8,11,10,14,15,3,6,4,6,8,11,15,13,5,13,2,11,4,4,13,6,4,7,13,15,12,3,5,14,7,9,11,7,15,4,2,1,2,15,10,15,14,4,10,3,13,7,6,4,10,1,8,12,14,2,3,1,9,4,10,14,3,4,10,5,5,14,9,9,3,14,2,15,5,3,4,14,13,15,2,13,13,11,4,3,6,11,11,12,11,8,5,5,2,13,14,14,5,12,13,2,10,3,11,1,8,13,13,7,5,14,4,7,11,4,11,8,3,5,13,11,5,4,11,8,7,13,7,11,11,6,15,14,2,8,14,12,13,9,3,4,9,10,11,14,1,6,7,2,1,4,6,7,14,2,11,7,2,11,2,9,10,3,3,12,8,5,11,7,3,8,9,3,5,9,3,7,5,4,4,8,6,11,8,1,6,10,8,4,10,3,10,6,12,15,9,6,14,8,2,11,14,5,10,14,9,12,8,13,9,7,9,10,8,7,8,12,14,9,8,7,12,5,3,1,7,9,6,2,6,15,15,8,10,5,8,12,8,7,12,10,11,14,1,11,7,10,6,9,13,13,8,5,4,14,9,5,13,14,13,8,5,6,4,3,5,14,8,12,12,15,9,10,1,10,13,2,2,8,5,1,13,3,15,9"
197,0.9861763190294249,0.27450980392156865,7414.0,"1,12,15,4,1,5,5,9,8,4,11,3,12,5,14,8,6,5,8,15,9,9,3,3,2,1,15,3,14,8,8,1,9,1,8,6,5,6,9,11,12,7,4,2,2,6,4,13,15,13,8,15,8,3,7,13,8,4,2,7,2,12,7,14,5,10,7,8,1,7,15,1,8,10,14,12,6,1,4,2,7,3,3,2,5,12,9,4,3,4,11,13,4,1,8,9,3,15,1,3,13,10,15,9,8,6,8,7,3,6,13,6,5,11,1,10,14,9,6,4,5,5,1,9,11,6,5,9,11,10,11,8,8,6,7,8,12,4,4,13,1,10,10,13,15,9,13,6,8,3,5,12,14,14,7,13,9,7,1,14,3,1,15,13,4,4,6,14,6,7,5,10,7,12,9,7,3,3,14,8,8,11,7,3,3,3,15,4,11,15,7,5,11,3,13,3,14,13,4,12,9,8,11,6,10,10,14,3,8,3,10,8,6,11,10,7,9,6,7,13,4,11,15,3,5,5,2,2,13,3,6,2,6,12,11,14,12,11,9,4,11,4,5,3,2,4,9,7,9,2,14,1,4,2,3,3,1,4,4,4,4,2,2,4,2,2,4,2,2,4,4,1,1,3,4,3,1,2,3,1,1,4,3,1,1,4,1,2,3,4,4,2,3,2,2,2,2,1,1,1,4,2,2,3,4,4,3,1,1,1,4,1,2,3,1,1,10,4,15,3,3,10,15,15,8,7,14,14,12,6,12,7,5,8,8,7,8,2,8,1,12,14,6,2,1,15,6,15,8,9,4,11,1,9,5,4,13,6,15,4,14,13,5,11,1,6,7,12,7,12,2,11,2,3,1,1,3,4,3,7,15,4,8,11,14,4,15,9,3,15,11,15,8,3,8,14,10,7,13,6,7,11,14,7,4,10,10,3,15,9,1,6,7,9,9,8,6,2,10,10,8,7,12,4,2,3,8,7,14,11,11,4,10,8,10,4,2,2,15,14,7,7,9,3,12,11,6,2,1,4,6,6,2,11,2,10,14,4,8,1,11,13,14,8,2,8,11,12,4,1,1,3,12,9,4,8,5,3,10,14,11,11,1,10,7,2,14,5,2,10,15,8,15,12,14,4,6,13,8,8,4,8,13,15,12,10,6,12,14,14,14,12,12,3,5,14,11,13,3,9,4,7,8,5,8,14,8,7,12,10,14,5,12,5,12,6,8,8,6,10,12,4,11,10,10,11,1,10,7,1,13,15,13,10,14,10,9,1,1,2,4,3,2,3,3,4,4,2,4,3,3,1,3,3,1,4,3,4,1,1,1,4,4,2,1,4,2,2,1,1,4,1,3,2,2,2,3,4,1,1,2,2,1,4,4,3,4,3,3,2,1,3,4,1,2,3,3,3,4,2,3,2,1,1,3,1,1,3,2,2,2,1,1,1,4,2,2,4,1,3,4,1,3,3,4,1,1,3,3,1,1,4,2,2,1,3,1,3,3,4,3,4,2,3,1,2,2,1,2,2,1,2,2,4,1,2,1,3,4,3,1,1,3,3,1,4,1,3,1,1,1,2,3,3,2,2,1,2,3,3,4,1,4,3,4,2,1,2,4,3,3,1,1,1,2,1,2,3,4,4,2,4,2,2,3,2,3,3,2,2,2,3,2,3,4,2,1,3,3,1,3,2,1,3,1,1,3,2,3,4,3,2,4,3,1,4,2,4,1,1,2,2,2,2,2,4,1,3,1,2,4,3,3,2,2,4,3,2,1,4,2,2,4,2,1,3,2,4,2,2,4,3,4,4,1,1,3,4,4,3,2,2,2,3,2,2,3,1,3,1,3,4,3,3,3,4,3,1,4,2,4,1,2,1,4,2,4,2,4,4,2,2,1,4,3,4,4,1,3,3,1,1,1,4,4,2,3,4,3,1,2,2,1,1,2,1,3,1,1,2,1,2,3,4,3,1,4,3,2,4,4,3,2,3,2,1,1,2,1,3,2,4,4,3,3,3,3,4,1,1,3,2,2,2,1,1,1,4,2,3,1,2,2,3,1,1,1,3,1,3,2,2,1,3,3,3,3,1,3,4,2,3,3,1,2,4,3,3,2,4,4,4,4,4,1,3,2,1,1,1,2,3,1,2,3,1,3,4,3,3,4,3,1,2,1,3,3,3,1,4,4,4,1,1,1,1,1,4,2,4,2,3,4,4,1,1,1,1,3,4,3,1,1,3,1,1,2,1,2,3,4,2,4,1,1,1,2,4,3,1,2,3,1,1,2,2,1,4,1,2,2,2,4,3,4,2,4,1,4,1,4,1,4,3,1,1,4,4,1,4,2,4,3,1,3,3,2,2,3,1,3,4,1,1,4,1,2,1,1,1,1,3,3,3,2,4,4,2,1,2,1,1,2,1,3,3,3,3,2,3,1,2,2,3,4,4,3,3,1,1,3,3,4,3,4,3,1,4,4,4,3,2,4,1,3,4,3,2,2,3,3,3,4,3,1,2,4,4,2,2,1,1,1,4,1,1,1,3,3,4,2,1,3,3,4,2,1,3,4,4,3,4,2,4,2,2,3,2,2,1,2,3,2,3,2,2,1,4,4,3,2,4,3,3,2,4,3,4,2,3,3,1,4,1,1,3,1,3,4,1,4,1,4,2,1,2,1,1,1,3,1,1,3,1,3,3,1,2,2,1,1,4,1,2,4,4,3,2,1,1,4,1,4,3,4,1,4,1,1,1,2,3,4,1,1,2,3,2,1,3,3,1,4,3,3,3,4,2,1,2,2,4,2,1,1,4,3,1,4,4,2,4,3,2,1,1,1,2,1,1,3,3,3,3,1,1,4,2,1,2,1,1,3,3,3,3,1,3,3,2,2,4,2,2,2,2,1,4,3,3,3,3,13,4,13,9,15,9,10,13,3,14,13,2,15,9,2,11,9,9,5,9,4,12,14,15,2,3,14,12,3,4,5,9,10,4,11,10,11,3,13,11,15,9,15,4,1,10,11,12,8,2,4,4,9,7,1,5,1,13,1,11,3,9,14,5,13,13,8,1,3,9,11,15,15,8,2,15,10,8,2,4,12,11,13,11,12,1,10,11,15,13,2,6,7,14,15,3,15,9,12,5,12,5,12,4,12,11,11,3,7,14,10,8,4,8,11,10,14,15,3,6,4,6,8,11,15,13,5,13,2,11,4,4,13,6,4,7,13,15,12,3,5,14,7,9,11,7,15,4,2,1,2,15,10,15,14,4,10,3,13,7,6,4,10,1,8,12,14,2,3,1,9,4,10,14,3,4,10,5,5,14,9,9,3,14,2,15,5,3,4,14,13,15,2,13,13,11,4,3,6,11,11,12,11,8,5,5,2,13,14,14,5,12,13,2,10,3,11,1,8,13,13,7,5,14,4,7,11,4,11,8,3,5,13,11,5,4,11,8,7,13,7,11,11,6,15,14,2,8,14,12,13,9,3,4,9,10,11,14,1,6,7,2,1,4,6,7,14,2,11,7,2,11,2,9,10,3,3,12,8,5,11,7,3,8,9,3,5,9,3,7,5,4,4,8,6,11,8,1,6,10,8,4,10,3,10,6,12,15,9,6,14,8,2,11,14,5,10,14,9,12,8,13,9,7,9,10,8,7,8,12,14,9,8,7,12,5,3,1,7,9,6,2,6,15,15,8,10,5,8,12,8,7,12,10,11,14,1,11,7,10,6,9,13,13,8,5,4,14,9,5,13,14,13,8,5,6,4,3,5,14,8,12,12,15,9,10,1,10,13,2,2,8,5,1,13,3,15,9"
198,0.9861763190294249,0.27450980392156865,7414.0,"1,12,15,4,1,5,5,9,8,4,11,3,12,5,14,8,6,5,8,15,9,9,3,3,2,1,15,3,14,8,8,1,9,1,8,6,5,6,9,11,12,7,4,2,2,6,4,13,15,13,8,15,8,3,7,13,8,4,2,7,2,12,7,14,5,10,7,8,1,7,15,1,8,10,14,12,6,1,4,2,7,3,3,2,5,12,9,4,3,4,11,13,4,1,8,9,3,15,1,3,13,10,15,9,8,6,8,7,3,6,13,6,5,11,1,10,14,9,6,4,5,5,1,9,11,6,5,9,11,10,11,8,8,6,7,8,12,4,4,13,1,10,10,13,15,9,13,6,8,3,5,12,14,14,7,13,9,7,1,14,3,1,15,13,4,4,6,14,6,7,5,10,7,12,9,7,3,3,14,8,8,11,7,3,3,3,15,4,11,15,7,5,11,3,13,3,14,13,4,12,9,8,11,6,10,10,14,3,8,3,10,8,6,11,10,7,9,6,7,13,4,11,15,3,5,5,2,2,13,3,6,2,6,12,11,14,12,11,9,4,11,4,5,3,2,4,9,7,9,2,14,1,4,2,3,3,1,4,4,4,4,2,2,4,2,2,4,2,2,4,4,1,1,3,4,3,1,2,3,1,1,4,3,1,1,4,1,2,3,4,4,2,3,2,2,2,2,1,1,1,4,2,2,3,4,4,3,1,1,1,4,1,2,3,1,1,10,4,15,3,3,10,15,15,8,7,14,14,12,6,12,7,5,8,8,7,8,2,8,1,12,14,6,2,1,15,6,15,8,9,4,11,1,9,5,4,13,6,15,4,14,13,5,11,1,6,7,12,7,12,2,11,2,3,1,1,3,4,3,7,15,4,8,11,14,4,15,9,3,15,11,15,8,3,8,14,10,7,13,6,7,11,14,7,4,10,10,3,15,9,1,6,7,9,9,8,6,2,10,10,8,7,12,4,2,3,8,7,14,11,11,4,10,8,10,4,2,2,15,14,7,7,9,3,12,11,6,2,1,4,6,6,2,11,2,10,14,4,8,1,11,13,14,8,2,8,11,12,4,1,1,3,12,9,4,8,5,3,10,14,11,11,1,10,7,2,14,5,2,10,15,8,15,12,14,4,6,13,8,8,4,8,13,15,12,10,6,12,14,14,14,12,12,3,5,14,11,13,3,9,4,7,8,5,8,14,8,7,12,10,14,5,12,5,12,6,8,8,6,10,12,4,11,10,10,11,1,10,7,1,13,15,13,10,14,10,9,1,1,2,4,3,2,3,3,4,4,2,4,3,3,1,3,3,1,4,3,4,1,1,1,4,4,2,1,4,2,2,1,1,4,1,3,2,2,2,3,4,1,1,2,2,1,4,4,3,4,3,3,2,1,3,4,1,2,3,3,3,4,2,3,2,1,1,3,1,1,3,2,2,2,1,1,1,4,2,2,4,1,3,4,1,3,3,4,1,1,3,3,1,1,4,2,2,1,3,1,3,3,4,3,4,2,3,1,2,2,1,2,2,1,2,2,4,1,2,1,3,4,3,1,1,3,3,1,4,1,3,1,1,1,2,3,3,2,2,1,2,3,3,4,1,4,3,4,2,1,2,4,3,3,1,1,1,2,1,2,3,4,4,2,4,2,2,3,2,3,3,2,2,2,3,2,3,4,2,1,3,3,1,3,2,1,3,1,1,3,2,3,4,3,2,4,3,1,4,2,4,1,1,2,2,2,2,2,4,1,3,1,2,4,3,3,2,2,4,3,2,1,4,2,2,4,2,1,3,2,4,2,2,4,3,4,4,1,1,3,4,4,3,2,2,2,3,2,2,3,1,3,1,3,4,3,3,3,4,3,1,4,2,4,1,2,1,4,2,4,2,4,4,2,2,1,4,3,4,4,1,3,3,1,1,1,4,4,2,3,4,3,1,2,2,1,1,2,1,3,1,1,2,1,2,3,4,3,1,4,3,2,4,4,3,2,3,2,1,1,2,1,3,2,4,4,3,3,3,3,4,1,1,3,2,2,2,1,1,1,4,2,3,1,2,2,3,1,1,1,3,1,3,2,2,1,3,3,3,3,1,3,4,2,3,3,1,2,4,3,3,2,4,4,4,4,4,1,3,2,1,1,1,2,3,1,2,3,1,3,4,3,3,4,3,1,2,1,3,3,3,1,4,4,4,1,1,1,1,1,4,2,4,2,3,4,4,1,1,1,1,3,4,3,1,1,3,1,1,2,1,2,3,4,2,4,1,1,1,2,4,3,1,2,3,1,1,2,2,1,4,1,2,2,2,4,3,4,2,4,1,4,1,4,1,4,3,1,1,4,4,1,4,2,4,3,1,3,3,2,2,3,1,3,4,1,1,4,1,2,1,1,1,1,3,3,3,2,4,4,2,1,2,1,1,2,1,3,3,3,3,2,3,1,2,2,3,4,4,3,3,1,1,3,3,4,3,4,3,1,4,4,4,3,2,4,1,3,4,3,2,2,3,3,3,4,3,1,2,4,4,2,2,1,1,1,4,1,1,1,3,3,4,2,1,3,3,4,2,1,3,4,4,3,4,2,4,2,2,3,2,2,1,2,3,2,3,2,2,1,4,4,3,2,4,3,3,2,4,3,4,2,3,3,1,4,1,1,3,1,3,4,1,4,1,4,2,1,2,1,1,1,3,1,1,3,1,3,3,1,2,2,1,1,4,1,2,4,4,3,2,1,1,4,1,4,3,4,1,4,1,1,1,2,3,4,1,1,2,3,2,1,3,3,1,4,3,3,3,4,2,1,2,2,4,2,1,1,4,3,1,4,4,2,4,3,2,1,1,1,2,1,1,3,3,3,3,1,1,4,2,1,2,1,1,3,3,3,3,1,3,3,2,2,4,2,2,2,2,1,4,3,3,3,3,13,4,13,9,15,9,10,13,3,14,13,2,15,9,2,11,9,9,5,9,4,12,14,15,2,3,14,12,3,4,5,9,10,4,11,10,11,3,13,11,15,9,15,4,1,10,11,12,8,2,4,4,9,7,1,5,1,13,1,11,3,9,14,5,13,13,8,1,3,9,11,15,15,8,2,15,10,8,2,4,12,11,13,11,12,1,10,11,15,13,2,6,7,14,15,3,15,9,12,5,12,5,12,4,12,11,11,3,7,14,10,8,4,8,11,10,14,15,3,6,4,6,8,11,15,13,5,13,2,11,4,4,13,6,4,7,13,15,12,3,5,14,7,9,11,7,15,4,2,1,2,15,10,15,14,4,10,3,13,7,6,4,10,1,8,12,14,2,3,1,9,4,10,14,3,4,10,5,5,14,9,9,3,14,2,15,5,3,4,14,13,15,2,13,13,11,4,3,6,11,11,12,11,8,5,5,2,13,14,14,5,12,13,2,10,3,11,1,8,13,13,7,5,14,4,7,11,4,11,8,3,5,13,11,5,4,11,8,7,13,7,11,11,6,15,14,2,8,14,12,13,9,3,4,9,10,11,14,1,6,7,2,1,4,6,7,14,2,11,7,2,11,2,9,10,3,3,12,8,5,11,7,3,8,9,3,5,9,3,7,5,4,4,8,6,11,8,1,6,10,8,4,10,3,10,6,12,15,9,6,14,8,2,11,14,5,10,14,9,12,8,13,9,7,9,10,8,7,8,12,14,9,8,7,12,5,3,1,7,9,6,2,6,15,15,8,10,5,8,12,8,7,12,10,11,14,1,11,7,10,6,9,13,13,8,5,4,14,9,5,13,14,13,8,5,6,4,3,5,14,8,12,12,15,9,10,1,10,13,2,2,8,5,1,13,3,15,9"
199,0.9861763190294249,0.27450980392156865,7414.0,"1,12,15,4,1,5,5,9,8,4,11,3,12,5,14,8,6,5,8,15,9,9,3,3,2,1,15,3,14,8,8,1,9,1,8,6,5,6,9,11,12,7,4,2,2,6,4,13,15,13,8,15,8,3,7,13,8,4,2,7,2,12,7,14,5,10,7,8,1,7,15,1,8,10,14,12,6,1,4,2,7,3,3,2,5,12,9,4,3,4,11,13,4,1,8,9,3,15,1,3,13,10,15,9,8,6,8,7,3,6,13,6,5,11,1,10,14,9,6,4,5,5,1,9,11,6,5,9,11,10,11,8,8,6,7,8,12,4,4,13,1,10,10,13,15,9,13,6,8,3,5,12,14,14,7,13,9,7,1,14,3,1,15,13,4,4,6,14,6,7,5,10,7,12,9,7,3,3,14,8,8,11,7,3,3,3,15,4,11,15,7,5,11,3,13,3,14,13,4,12,9,8,11,6,10,10,14,3,8,3,10,8,6,11,10,7,9,6,7,13,4,11,15,3,5,5,2,2,13,3,6,2,6,12,11,14,12,11,9,4,11,4,5,3,2,4,9,7,9,2,14,1,4,2,3,3,1,4,4,4,4,2,2,4,2,2,4,2,2,4,4,1,1,3,4,3,1,2,3,1,1,4,3,1,1,4,1,2,3,4,4,2,3,2,2,2,2,1,1,1,4,2,2,3,4,4,3,1,1,1,4,1,2,3,1,1,10,4,15,3,3,10,15,15,8,7,14,14,12,6,12,7,5,8,8,7,8,2,8,1,12,14,6,2,1,15,6,15,8,9,4,11,1,9,5,4,13,6,15,4,14,13,5,11,1,6,7,12,7,12,2,11,2,3,1,1,3,4,3,7,15,4,8,11,14,4,15,9,3,15,11,15,8,3,8,14,10,7,13,6,7,11,14,7,4,10,10,3,15,9,1,6,7,9,9,8,6,2,10,10,8,7,12,4,2,3,8,7,14,11,11,4,10,8,10,4,2,2,15,14,7,7,9,3,12,11,6,2,1,4,6,6,2,11,2,10,14,4,8,1,11,13,14,8,2,8,11,12,4,1,1,3,12,9,4,8,5,3,10,14,11,11,1,10,7,2,14,5,2,10,15,8,15,12,14,4,6,13,8,8,4,8,13,15,12,10,6,12,14,14,14,12,12,3,5,14,11,13,3,9,4,7,8,5,8,14,8,7,12,10,14,5,12,5,12,6,8,8,6,10,12,4,11,10,10,11,1,10,7,1,13,15,13,10,14,10,9,1,1,2,4,3,2,3,3,4,4,2,4,3,3,1,3,3,1,4,3,4,1,1,1,4,4,2,1,4,2,2,1,1,4,1,3,2,2,2,3,4,1,1,2,2,1,4,4,3,4,3,3,2,1,3,4,1,2,3,3,3,4,2,3,2,1,1,3,1,1,3,2,2,2,1,1,1,4,2,2,4,1,3,4,1,3,3,4,1,1,3,3,1,1,4,2,2,1,3,1,3,3,4,3,4,2,3,1,2,2,1,2,2,1,2,2,4,1,2,1,3,4,3,1,1,3,3,1,4,1,3,1,1,1,2,3,3,2,2,1,2,3,3,4,1,4,3,4,2,1,2,4,3,3,1,1,1,2,1,2,3,4,4,2,4,2,2,3,2,3,3,2,2,2,3,2,3,4,2,1,3,3,1,3,2,1,3,1,1,3,2,3,4,3,2,4,3,1,4,2,4,1,1,2,2,2,2,2,4,1,3,1,2,4,3,3,2,2,4,3,2,1,4,2,2,4,2,1,3,2,4,2,2,4,3,4,4,1,1,3,4,4,3,2,2,2,3,2,2,3,1,3,1,3,4,3,3,3,4,3,1,4,2,4,1,2,1,4,2,4,2,4,4,2,2,1,4,3,4,4,1,3,3,1,1,1,4,4,2,3,4,3,1,2,2,1,1,2,1,3,1,1,2,1,2,3,4,3,1,4,3,2,4,4,3,2,3,2,1,1,2,1,3,2,4,4,3,3,3,3,4,1,1,3,2,2,2,1,1,1,4,2,3,1,2,2,3,1,1,1,3,1,3,2,2,1,3,3,3,3,1,3,4,2,3,3,1,2,4,3,3,2,4,4,4,4,4,1,3,2,1,1,1,2,3,1,2,3,1,3,4,3,3,4,3,1,2,1,3,3,3,1,4,4,4,1,1,1,1,1,4,2,4,2,3,4,4,1,1,1,1,3,4,3,1,1,3,1,1,2,1,2,3,4,2,4,1,1,1,2,4,3,1,2,3,1,1,2,2,1,4,1,2,2,2,4,3,4,2,4,1,4,1,4,1,4,3,1,1,4,4,1,4,2,4,3,1,3,3,2,2,3,1,3,4,1,1,4,1,2,1,1,1,1,3,3,3,2,4,4,2,1,2,1,1,2,1,3,3,3,3,2,3,1,2,2,3,4,4,3,3,1,1,3,3,4,3,4,3,1,4,4,4,3,2,4,1,3,4,3,2,2,3,3,3,4,3,1,2,4,4,2,2,1,1,1,4,1,1,1,3,3,4,2,1,3,3,4,2,1,3,4,4,3,4,2,4,2,2,3,2,2,1,2,3,2,3,2,2,1,4,4,3,2,4,3,3,2,4,3,4,2,3,3,1,4,1,1,3,1,3,4,1,4,1,4,2,1,2,1,1,1,3,1,1,3,1,3,3,1,2,2,1,1,4,1,2,4,4,3,2,1,1,4,1,4,3,4,1,4,1,1,1,2,3,4,1,1,2,3,2,1,3,3,1,4,3,3,3,4,2,1,2,2,4,2,1,1,4,3,1,4,4,2,4,3,2,1,1,1,2,1,1,3,3,3,3,1,1,4,2,1,2,1,1,3,3,3,3,1,3,3,2,2,4,2,2,2,2,1,4,3,3,3,3,13,4,13,9,15,9,10,13,3,14,13,2,15,9,2,11,9,9,5,9,4,12,14,15,2,3,14,12,3,4,5,9,10,4,11,10,11,3,13,11,15,9,15,4,1,10,11,12,8,2,4,4,9,7,1,5,1,13,1,11,3,9,14,5,13,13,8,1,3,9,11,15,15,8,2,15,10,8,2,4,12,11,13,11,12,1,10,11,15,13,2,6,7,14,15,3,15,9,12,5,12,5,12,4,12,11,11,3,7,14,10,8,4,8,11,10,14,15,3,6,4,6,8,11,15,13,5,13,2,11,4,4,13,6,4,7,13,15,12,3,5,14,7,9,11,7,15,4,2,1,2,15,10,15,14,4,10,3,13,7,6,4,10,1,8,12,14,2,3,1,9,4,10,14,3,4,10,5,5,14,9,9,3,14,2,15,5,3,4,14,13,15,2,13,13,11,4,3,6,11,11,12,11,8,5,5,2,13,14,14,5,12,13,2,10,3,11,1,8,13,13,7,5,14,4,7,11,4,11,8,3,5,13,11,5,4,11,8,7,13,7,11,11,6,15,14,2,8,14,12,13,9,3,4,9,10,11,14,1,6,7,2,1,4,6,7,14,2,11,7,2,11,2,9,10,3,3,12,8,5,11,7,3,8,9,3,5,9,3,7,5,4,4,8,6,11,8,1,6,10,8,4,10,3,10,6,12,15,9,6,14,8,2,11,14,5,10,14,9,12,8,13,9,7,9,10,8,7,8,12,14,9,8,7,12,5,3,1,7,9,6,2,6,15,15,8,10,5,8,12,8,7,12,10,11,14,1,11,7,10,6,9,13,13,8,5,4,14,9,5,13,14,13,8,5,6,4,3,5,14,8,12,12,15,9,10,1,10,13,2,2,8,5,1,13,3,15,9"
200,0.9861763190294249,0.27450980392156865,7414.0,"1,12,15,4,1,5,5,9,8,4,11,3,12,5,14,8,6,5,8,15,9,9,3,3,2,1,15,3,14,8,8,1,9,1,8,6,5,6,9,11,12,7,4,2,2,6,4,13,15,13,8,15,8,3,7,13,8,4,2,7,2,12,7,14,5,10,7,8,1,7,15,1,8,10,14,12,6,1,4,2,7,3,3,2,5,12,9,4,3,4,11,13,4,1,8,9,3,15,1,3,13,10,15,9,8,6,8,7,3,6,13,6,5,11,1,10,14,9,6,4,5,5,1,9,11,6,5,9,11,10,11,8,8,6,7,8,12,4,4,13,1,10,10,13,15,9,13,6,8,3,5,12,14,14,7,13,9,7,1,14,3,1,15,13,4,4,6,14,6,7,5,10,7,12,9,7,3,3,14,8,8,11,7,3,3,3,15,4,11,15,7,5,11,3,13,3,14,13,4,12,9,8,11,6,10,10,14,3,8,3,10,8,6,11,10,7,9,6,7,13,4,11,15,3,5,5,2,2,13,3,6,2,6,12,11,14,12,11,9,4,11,4,5,3,2,4,9,7,9,2,14,1,4,2,3,3,1,4,4,4,4,2,2,4,2,2,4,2,2,4,4,1,1,3,4,3,1,2,3,1,1,4,3,1,1,4,1,2,3,4,4,2,3,2,2,2,2,1,1,1,4,2,2,3,4,4,3,1,1,1,4,1,2,3,1,1,10,4,15,3,3,10,15,15,8,7,14,14,12,6,12,7,5,8,8,7,8,2,8,1,12,14,6,2,1,15,6,15,8,9,4,11,1,9,5,4,13,6,15,4,14,13,5,11,1,6,7,12,7,12,2,11,2,3,1,1,3,4,3,7,15,4,8,11,14,4,15,9,3,15,11,15,8,3,8,14,10,7,13,6,7,11,14,7,4,10,10,3,15,9,1,6,7,9,9,8,6,2,10,10,8,7,12,4,2,3,8,7,14,11,11,4,10,8,10,4,2,2,15,14,7,7,9,3,12,11,6,2,1,4,6,6,2,11,2,10,14,4,8,1,11,13,14,8,2,8,11,12,4,1,1,3,12,9,4,8,5,3,10,14,11,11,1,10,7,2,14,5,2,10,15,8,15,12,14,4,6,13,8,8,4,8,13,15,12,10,6,12,14,14,14,12,12,3,5,14,11,13,3,9,4,7,8,5,8,14,8,7,12,10,14,5,12,5,12,6,8,8,6,10,12,4,11,10,10,11,1,10,7,1,13,15,13,10,14,10,9,1,1,2,4,3,2,3,3,4,4,2,4,3,3,1,3,3,1,4,3,4,1,1,1,4,4,2,1,4,2,2,1,1,4,1,3,2,2,2,3,4,1,1,2,2,1,4,4,3,4,3,3,2,1,3,4,1,2,3,3,3,4,2,3,2,1,1,3,1,1,3,2,2,2,1,1,1,4,2,2,4,1,3,4,1,3,3,4,1,1,3,3,1,1,4,2,2,1,3,1,3,3,4,3,4,2,3,1,2,2,1,2,2,1,2,2,4,1,2,1,3,4,3,1,1,3,3,1,4,1,3,1,1,1,2,3,3,2,2,1,2,3,3,4,1,4,3,4,2,1,2,4,3,3,1,1,1,2,1,2,3,4,4,2,4,2,2,3,2,3,3,2,2,2,3,2,3,4,2,1,3,3,1,3,2,1,3,1,1,3,2,3,4,3,2,4,3,1,4,2,4,1,1,2,2,2,2,2,4,1,3,1,2,4,3,3,2,2,4,3,2,1,4,2,2,4,2,1,3,2,4,2,2,4,3,4,4,1,1,3,4,4,3,2,2,2,3,2,2,3,1,3,1,3,4,3,3,3,4,3,1,4,2,4,1,2,1,4,2,4,2,4,4,2,2,1,4,3,4,4,1,3,3,1,1,1,4,4,2,3,4,3,1,2,2,1,1,2,1,3,1,1,2,1,2,3,4,3,1,4,3,2,4,4,3,2,3,2,1,1,2,1,3,2,4,4,3,3,3,3,4,1,1,3,2,2,2,1,1,1,4,2,3,1,2,2,3,1,1,1,3,1,3,2,2,1,3,3,3,3,1,3,4,2,3,3,1,2,4,3,3,2,4,4,4,4,4,1,3,2,1,1,1,2,3,1,2,3,1,3,4,3,3,4,3,1,2,1,3,3,3,1,4,4,4,1,1,1,1,1,4,2,4,2,3,4,4,1,1,1,1,3,4,3,1,1,3,1,1,2,1,2,3,4,2,4,1,1,1,2,4,3,1,2,3,1,1,2,2,1,4,1,2,2,2,4,3,4,2,4,1,4,1,4,1,4,3,1,1,4,4,1,4,2,4,3,1,3,3,2,2,3,1,3,4,1,1,4,1,2,1,1,1,1,3,3,3,2,4,4,2,1,2,1,1,2,1,3,3,3,3,2,3,1,2,2,3,4,4,3,3,1,1,3,3,4,3,4,3,1,4,4,4,3,2,4,1,3,4,3,2,2,3,3,3,4,3,1,2,4,4,2,2,1,1,1,4,1,1,1,3,3,4,2,1,3,3,4,2,1,3,4,4,3,4,2,4,2,2,3,2,2,1,2,3,2,3,2,2,1,4,4,3,2,4,3,3,2,4,3,4,2,3,3,1,4,1,1,3,1,3,4,1,4,1,4,2,1,2,1,1,1,3,1,1,3,1,3,3,1,2,2,1,1,4,1,2,4,4,3,2,1,1,4,1,4,3,4,1,4,1,1,1,2,3,4,1,1,2,3,2,1,3,3,1,4,3,3,3,4,2,1,2,2,4,2,1,1,4,3,1,4,4,2,4,3,2,1,1,1,2,1,1,3,3,3,3,1,1,4,2,1,2,1,1,3,3,3,3,1,3,3,2,2,4,2,2,2,2,1,4,3,3,3,3,13,4,13,9,15,9,10,13,3,14,13,2,15,9,2,11,9,9,5,9,4,12,14,15,2,3,14,12,3,4,5,9,10,4,11,10,11,3,13,11,15,9,15,4,1,10,11,12,8,2,4,4,9,7,1,5,1,13,1,11,3,9,14,5,13,13,8,1,3,9,11,15,15,8,2,15,10,8,2,4,12,11,13,11,12,1,10,11,15,13,2,6,7,14,15,3,15,9,12,5,12,5,12,4,12,11,11,3,7,14,10,8,4,8,11,10,14,15,3,6,4,6,8,11,15,13,5,13,2,11,4,4,13,6,4,7,13,15,12,3,5,14,7,9,11,7,15,4,2,1,2,15,10,15,14,4,10,3,13,7,6,4,10,1,8,12,14,2,3,1,9,4,10,14,3,4,10,5,5,14,9,9,3,14,2,15,5,3,4,14,13,15,2,13,13,11,4,3,6,11,11,12,11,8,5,5,2,13,14,14,5,12,13,2,10,3,11,1,8,13,13,7,5,14,4,7,11,4,11,8,3,5,13,11,5,4,11,8,7,13,7,11,11,6,15,14,2,8,14,12,13,9,3,4,9,10,11,14,1,6,7,2,1,4,6,7,14,2,11,7,2,11,2,9,10,3,3,12,8,5,11,7,3,8,9,3,5,9,3,7,5,4,4,8,6,11,8,1,6,10,8,4,10,3,10,6,12,15,9,6,14,8,2,11,14,5,10,14,9,12,8,13,9,7,9,10,8,7,8,12,14,9,8,7,12,5,3,1,7,9,6,2,6,15,15,8,10,5,8,12,8,7,12,10,11,14,1,11,7,10,6,9,13,13,8,5,4,14,9,5,13,14,13,8,5,6,4,3,5,14,8,12,12,15,9,10,1,10,13,2,2,8,5,1,13,3,15,9"
201,0.9861763190294249,0.27450980392156865,7414.0,"1,12,15,4,1,5,5,9,8,4,11,3,12,5,14,8,6,5,8,15,9,9,3,3,2,1,15,3,14,8,8,1,9,1,8,6,5,6,9,11,12,7,4,2,2,6,4,13,15,13,8,15,8,3,7,13,8,4,2,7,2,12,7,14,5,10,7,8,1,7,15,1,8,10,14,12,6,1,4,2,7,3,3,2,5,12,9,4,3,4,11,13,4,1,8,9,3,15,1,3,13,10,15,9,8,6,8,7,3,6,13,6,5,11,1,10,14,9,6,4,5,5,1,9,11,6,5,9,11,10,11,8,8,6,7,8,12,4,4,13,1,10,10,13,15,9,13,6,8,3,5,12,14,14,7,13,9,7,1,14,3,1,15,13,4,4,6,14,6,7,5,10,7,12,9,7,3,3,14,8,8,11,7,3,3,3,15,4,11,15,7,5,11,3,13,3,14,13,4,12,9,8,11,6,10,10,14,3,8,3,10,8,6,11,10,7,9,6,7,13,4,11,15,3,5,5,2,2,13,3,6,2,6,12,11,14,12,11,9,4,11,4,5,3,2,4,9,7,9,2,14,1,4,2,3,3,1,4,4,4,4,2,2,4,2,2,4,2,2,4,4,1,1,3,4,3,1,2,3,1,1,4,3,1,1,4,1,2,3,4,4,2,3,2,2,2,2,1,1,1,4,2,2,3,4,4,3,1,1,1,4,1,2,3,1,1,10,4,15,3,3,10,15,15,8,7,14,14,12,6,12,7,5,8,8,7,8,2,8,1,12,14,6,2,1,15,6,15,8,9,4,11,1,9,5,4,13,6,15,4,14,13,5,11,1,6,7,12,7,12,2,11,2,3,1,1,3,4,3,7,15,4,8,11,14,4,15,9,3,15,11,15,8,3,8,14,10,7,13,6,7,11,14,7,4,10,10,3,15,9,1,6,7,9,9,8,6,2,10,10,8,7,12,4,2,3,8,7,14,11,11,4,10,8,10,4,2,2,15,14,7,7,9,3,12,11,6,2,1,4,6,6,2,11,2,10,14,4,8,1,11,13,14,8,2,8,11,12,4,1,1,3,12,9,4,8,5,3,10,14,11,11,1,10,7,2,14,5,2,10,15,8,15,12,14,4,6,13,8,8,4,8,13,15,12,10,6,12,14,14,14,12,12,3,5,14,11,13,3,9,4,7,8,5,8,14,8,7,12,10,14,5,12,5,12,6,8,8,6,10,12,4,11,10,10,11,1,10,7,1,13,15,13,10,14,10,9,1,1,2,4,3,2,3,3,4,4,2,4,3,3,1,3,3,1,4,3,4,1,1,1,4,4,2,1,4,2,2,1,1,4,1,3,2,2,2,3,4,1,1,2,2,1,4,4,3,4,3,3,2,1,3,4,1,2,3,3,3,4,2,3,2,1,1,3,1,1,3,2,2,2,1,1,1,4,2,2,4,1,3,4,1,3,3,4,1,1,3,3,1,1,4,2,2,1,3,1,3,3,4,3,4,2,3,1,2,2,1,2,2,1,2,2,4,1,2,1,3,4,3,1,1,3,3,1,4,1,3,1,1,1,2,3,3,2,2,1,2,3,3,4,1,4,3,4,2,1,2,4,3,3,1,1,1,2,1,2,3,4,4,2,4,2,2,3,2,3,3,2,2,2,3,2,3,4,2,1,3,3,1,3,2,1,3,1,1,3,2,3,4,3,2,4,3,1,4,2,4,1,1,2,2,2,2,2,4,1,3,1,2,4,3,3,2,2,4,3,2,1,4,2,2,4,2,1,3,2,4,2,2,4,3,4,4,1,1,3,4,4,3,2,2,2,3,2,2,3,1,3,1,3,4,3,3,3,4,3,1,4,2,4,1,2,1,4,2,4,2,4,4,2,2,1,4,3,4,4,1,3,3,1,1,1,4,4,2,3,4,3,1,2,2,1,1,2,1,3,1,1,2,1,2,3,4,3,1,4,3,2,4,4,3,2,3,2,1,1,2,1,3,2,4,4,3,3,3,3,4,1,1,3,2,2,2,1,1,1,4,2,3,1,2,2,3,1,1,1,3,1,3,2,2,1,3,3,3,3,1,3,4,2,3,3,1,2,4,3,3,2,4,4,4,4,4,1,3,2,1,1,1,2,3,1,2,3,1,3,4,3,3,4,3,1,2,1,3,3,3,1,4,4,4,1,1,1,1,1,4,2,4,2,3,4,4,1,1,1,1,3,4,3,1,1,3,1,1,2,1,2,3,4,2,4,1,1,1,2,4,3,1,2,3,1,1,2,2,1,4,1,2,2,2,4,3,4,2,4,1,4,1,4,1,4,3,1,1,4,4,1,4,2,4,3,1,3,3,2,2,3,1,3,4,1,1,4,1,2,1,1,1,1,3,3,3,2,4,4,2,1,2,1,1,2,1,3,3,3,3,2,3,1,2,2,3,4,4,3,3,1,1,3,3,4,3,4,3,1,4,4,4,3,2,4,1,3,4,3,2,2,3,3,3,4,3,1,2,4,4,2,2,1,1,1,4,1,1,1,3,3,4,2,1,3,3,4,2,1,3,4,4,3,4,2,4,2,2,3,2,2,1,2,3,2,3,2,2,1,4,4,3,2,4,3,3,2,4,3,4,2,3,3,1,4,1,1,3,1,3,4,1,4,1,4,2,1,2,1,1,1,3,1,1,3,1,3,3,1,2,2,1,1,4,1,2,4,4,3,2,1,1,4,1,4,3,4,1,4,1,1,1,2,3,4,1,1,2,3,2,1,3,3,1,4,3,3,3,4,2,1,2,2,4,2,1,1,4,3,1,4,4,2,4,3,2,1,1,1,2,1,1,3,3,3,3,1,1,4,2,1,2,1,1,3,3,3,3,1,3,3,2,2,4,2,2,2,2,1,4,3,3,3,3,13,4,13,9,15,9,10,13,3,14,13,2,15,9,2,11,9,9,5,9,4,12,14,15,2,3,14,12,3,4,5,9,10,4,11,10,11,3,13,11,15,9,15,4,1,10,11,12,8,2,4,4,9,7,1,5,1,13,1,11,3,9,14,5,13,13,8,1,3,9,11,15,15,8,2,15,10,8,2,4,12,11,13,11,12,1,10,11,15,13,2,6,7,14,15,3,15,9,12,5,12,5,12,4,12,11,11,3,7,14,10,8,4,8,11,10,14,15,3,6,4,6,8,11,15,13,5,13,2,11,4,4,13,6,4,7,13,15,12,3,5,14,7,9,11,7,15,4,2,1,2,15,10,15,14,4,10,3,13,7,6,4,10,1,8,12,14,2,3,1,9,4,10,14,3,4,10,5,5,14,9,9,3,14,2,15,5,3,4,14,13,15,2,13,13,11,4,3,6,11,11,12,11,8,5,5,2,13,14,14,5,12,13,2,10,3,11,1,8,13,13,7,5,14,4,7,11,4,11,8,3,5,13,11,5,4,11,8,7,13,7,11,11,6,15,14,2,8,14,12,13,9,3,4,9,10,11,14,1,6,7,2,1,4,6,7,14,2,11,7,2,11,2,9,10,3,3,12,8,5,11,7,3,8,9,3,5,9,3,7,5,4,4,8,6,11,8,1,6,10,8,4,10,3,10,6,12,15,9,6,14,8,2,11,14,5,10,14,9,12,8,13,9,7,9,10,8,7,8,12,14,9,8,7,12,5,3,1,7,9,6,2,6,15,15,8,10,5,8,12,8,7,12,10,11,14,1,11,7,10,6,9,13,13,8,5,4,14,9,5,13,14,13,8,5,6,4,3,5,14,8,12,12,15,9,10,1,10,13,2,2,8,5,1,13,3,15,9"
202,0.9861763190294249,0.27450980392156865,7414.0,"1,12,15,4,1,5,5,9,8,4,11,3,12,5,14,8,6,5,8,15,9,9,3,3,2,1,15,3,14,8,8,1,9,1,8,6,5,6,9,11,12,7,4,2,2,6,4,13,15,13,8,15,8,3,7,13,8,4,2,7,2,12,7,14,5,10,7,8,1,7,15,1,8,10,14,12,6,1,4,2,7,3,3,2,5,12,9,4,3,4,11,13,4,1,8,9,3,15,1,3,13,10,15,9,8,6,8,7,3,6,13,6,5,11,1,10,14,9,6,4,5,5,1,9,11,6,5,9,11,10,11,8,8,6,7,8,12,4,4,13,1,10,10,13,15,9,13,6,8,3,5,12,14,14,7,13,9,7,1,14,3,1,15,13,4,4,6,14,6,7,5,10,7,12,9,7,3,3,14,8,8,11,7,3,3,3,15,4,11,15,7,5,11,3,13,3,14,13,4,12,9,8,11,6,10,10,14,3,8,3,10,8,6,11,10,7,9,6,7,13,4,11,15,3,5,5,2,2,13,3,6,2,6,12,11,14,12,11,9,4,11,4,5,3,2,4,9,7,9,2,14,1,4,2,3,3,1,4,4,4,4,2,2,4,2,2,4,2,2,4,4,1,1,3,4,3,1,2,3,1,1,4,3,1,1,4,1,2,3,4,4,2,3,2,2,2,2,1,1,1,4,2,2,3,4,4,3,1,1,1,4,1,2,3,1,1,10,4,15,3,3,10,15,15,8,7,14,14,12,6,12,7,5,8,8,7,8,2,8,1,12,14,6,2,1,15,6,15,8,9,4,11,1,9,5,4,13,6,15,4,14,13,5,11,1,6,7,12,7,12,2,11,2,3,1,1,3,4,3,7,15,4,8,11,14,4,15,9,3,15,11,15,8,3,8,14,10,7,13,6,7,11,14,7,4,10,10,3,15,9,1,6,7,9,9,8,6,2,10,10,8,7,12,4,2,3,8,7,14,11,11,4,10,8,10,4,2,2,15,14,7,7,9,3,12,11,6,2,1,4,6,6,2,11,2,10,14,4,8,1,11,13,14,8,2,8,11,12,4,1,1,3,12,9,4,8,5,3,10,14,11,11,1,10,7,2,14,5,2,10,15,8,15,12,14,4,6,13,8,8,4,8,13,15,12,10,6,12,14,14,14,12,12,3,5,14,11,13,3,9,4,7,8,5,8,14,8,7,12,10,14,5,12,5,12,6,8,8,6,10,12,4,11,10,10,11,1,10,7,1,13,15,13,10,14,10,9,1,1,2,4,3,2,3,3,4,4,2,4,3,3,1,3,3,1,4,3,4,1,1,1,4,4,2,1,4,2,2,1,1,4,1,3,2,2,2,3,4,1,1,2,2,1,4,4,3,4,3,3,2,1,3,4,1,2,3,3,3,4,2,3,2,1,1,3,1,1,3,2,2,2,1,1,1,4,2,2,4,1,3,4,1,3,3,4,1,1,3,3,1,1,4,2,2,1,3,1,3,3,4,3,4,2,3,1,2,2,1,2,2,1,2,2,4,1,2,1,3,4,3,1,1,3,3,1,4,1,3,1,1,1,2,3,3,2,2,1,2,3,3,4,1,4,3,4,2,1,2,4,3,3,1,1,1,2,1,2,3,4,4,2,4,2,2,3,2,3,3,2,2,2,3,2,3,4,2,1,3,3,1,3,2,1,3,1,1,3,2,3,4,3,2,4,3,1,4,2,4,1,1,2,2,2,2,2,4,1,3,1,2,4,3,3,2,2,4,3,2,1,4,2,2,4,2,1,3,2,4,2,2,4,3,4,4,1,1,3,4,4,3,2,2,2,3,2,2,3,1,3,1,3,4,3,3,3,4,3,1,4,2,4,1,2,1,4,2,4,2,4,4,2,2,1,4,3,4,4,1,3,3,1,1,1,4,4,2,3,4,3,1,2,2,1,1,2,1,3,1,1,2,1,2,3,4,3,1,4,3,2,4,4,3,2,3,2,1,1,2,1,3,2,4,4,3,3,3,3,4,1,1,3,2,2,2,1,1,1,4,2,3,1,2,2,3,1,1,1,3,1,3,2,2,1,3,3,3,3,1,3,4,2,3,3,1,2,4,3,3,2,4,4,4,4,4,1,3,2,1,1,1,2,3,1,2,3,1,3,4,3,3,4,3,1,2,1,3,3,3,1,4,4,4,1,1,1,1,1,4,2,4,2,3,4,4,1,1,1,1,3,4,3,1,1,3,1,1,2,1,2,3,4,2,4,1,1,1,2,4,3,1,2,3,1,1,2,2,1,4,1,2,2,2,4,3,4,2,4,1,4,1,4,1,4,3,1,1,4,4,1,4,2,4,3,1,3,3,2,2,3,1,3,4,1,1,4,1,2,1,1,1,1,3,3,3,2,4,4,2,1,2,1,1,2,1,3,3,3,3,2,3,1,2,2,3,4,4,3,3,1,1,3,3,4,3,4,3,1,4,4,4,3,2,4,1,3,4,3,2,2,3,3,3,4,3,1,2,4,4,2,2,1,1,1,4,1,1,1,3,3,4,2,1,3,3,4,2,1,3,4,4,3,4,2,4,2,2,3,2,2,1,2,3,2,3,2,2,1,4,4,3,2,4,3,3,2,4,3,4,2,3,3,1,4,1,1,3,1,3,4,1,4,1,4,2,1,2,1,1,1,3,1,1,3,1,3,3,1,2,2,1,1,4,1,2,4,4,3,2,1,1,4,1,4,3,4,1,4,1,1,1,2,3,4,1,1,2,3,2,1,3,3,1,4,3,3,3,4,2,1,2,2,4,2,1,1,4,3,1,4,4,2,4,3,2,1,1,1,2,1,1,3,3,3,3,1,1,4,2,1,2,1,1,3,3,3,3,1,3,3,2,2,4,2,2,2,2,1,4,3,3,3,3,13,4,13,9,15,9,10,13,3,14,13,2,15,9,2,11,9,9,5,9,4,12,14,15,2,3,14,12,3,4,5,9,10,4,11,10,11,3,13,11,15,9,15,4,1,10,11,12,8,2,4,4,9,7,1,5,1,13,1,11,3,9,14,5,13,13,8,1,3,9,11,15,15,8,2,15,10,8,2,4,12,11,13,11,12,1,10,11,15,13,2,6,7,14,15,3,15,9,12,5,12,5,12,4,12,11,11,3,7,14,10,8,4,8,11,10,14,15,3,6,4,6,8,11,15,13,5,13,2,11,4,4,13,6,4,7,13,15,12,3,5,14,7,9,11,7,15,4,2,1,2,15,10,15,14,4,10,3,13,7,6,4,10,1,8,12,14,2,3,1,9,4,10,14,3,4,10,5,5,14,9,9,3,14,2,15,5,3,4,14,13,15,2,13,13,11,4,3,6,11,11,12,11,8,5,5,2,13,14,14,5,12,13,2,10,3,11,1,8,13,13,7,5,14,4,7,11,4,11,8,3,5,13,11,5,4,11,8,7,13,7,11,11,6,15,14,2,8,14,12,13,9,3,4,9,10,11,14,1,6,7,2,1,4,6,7,14,2,11,7,2,11,2,9,10,3,3,12,8,5,11,7,3,8,9,3,5,9,3,7,5,4,4,8,6,11,8,1,6,10,8,4,10,3,10,6,12,15,9,6,14,8,2,11,14,5,10,14,9,12,8,13,9,7,9,10,8,7,8,12,14,9,8,7,12,5,3,1,7,9,6,2,6,15,15,8,10,5,8,12,8,7,12,10,11,14,1,11,7,10,6,9,13,13,8,5,4,14,9,5,13,14,13,8,5,6,4,3,5,14,8,12,12,15,9,10,1,10,13,2,2,8,5,1,13,3,15,9"
203,0.9861763190294249,0.27450980392156865,7414.0,"1,12,15,4,1,5,5,9,8,4,11,3,12,5,14,8,6,5,8,15,9,9,3,3,2,1,15,3,14,8,8,1,9,1,8,6,5,6,9,11,12,7,4,2,2,6,4,13,15,13,8,15,8,3,7,13,8,4,2,7,2,12,7,14,5,10,7,8,1,7,15,1,8,10,14,12,6,1,4,2,7,3,3,2,5,12,9,4,3,4,11,13,4,1,8,9,3,15,1,3,13,10,15,9,8,6,8,7,3,6,13,6,5,11,1,10,14,9,6,4,5,5,1,9,11,6,5,9,11,10,11,8,8,6,7,8,12,4,4,13,1,10,10,13,15,9,13,6,8,3,5,12,14,14,7,13,9,7,1,14,3,1,15,13,4,4,6,14,6,7,5,10,7,12,9,7,3,3,14,8,8,11,7,3,3,3,15,4,11,15,7,5,11,3,13,3,14,13,4,12,9,8,11,6,10,10,14,3,8,3,10,8,6,11,10,7,9,6,7,13,4,11,15,3,5,5,2,2,13,3,6,2,6,12,11,14,12,11,9,4,11,4,5,3,2,4,9,7,9,2,14,1,4,2,3,3,1,4,4,4,4,2,2,4,2,2,4,2,2,4,4,1,1,3,4,3,1,2,3,1,1,4,3,1,1,4,1,2,3,4,4,2,3,2,2,2,2,1,1,1,4,2,2,3,4,4,3,1,1,1,4,1,2,3,1,1,10,4,15,3,3,10,15,15,8,7,14,14,12,6,12,7,5,8,8,7,8,2,8,1,12,14,6,2,1,15,6,15,8,9,4,11,1,9,5,4,13,6,15,4,14,13,5,11,1,6,7,12,7,12,2,11,2,3,1,1,3,4,3,7,15,4,8,11,14,4,15,9,3,15,11,15,8,3,8,14,10,7,13,6,7,11,14,7,4,10,10,3,15,9,1,6,7,9,9,8,6,2,10,10,8,7,12,4,2,3,8,7,14,11,11,4,10,8,10,4,2,2,15,14,7,7,9,3,12,11,6,2,1,4,6,6,2,11,2,10,14,4,8,1,11,13,14,8,2,8,11,12,4,1,1,3,12,9,4,8,5,3,10,14,11,11,1,10,7,2,14,5,2,10,15,8,15,12,14,4,6,13,8,8,4,8,13,15,12,10,6,12,14,14,14,12,12,3,5,14,11,13,3,9,4,7,8,5,8,14,8,7,12,10,14,5,12,5,12,6,8,8,6,10,12,4,11,10,10,11,1,10,7,1,13,15,13,10,14,10,9,1,1,2,4,3,2,3,3,4,4,2,4,3,3,1,3,3,1,4,3,4,1,1,1,4,4,2,1,4,2,2,1,1,4,1,3,2,2,2,3,4,1,1,2,2,1,4,4,3,4,3,3,2,1,3,4,1,2,3,3,3,4,2,3,2,1,1,3,1,1,3,2,2,2,1,1,1,4,2,2,4,1,3,4,1,3,3,4,1,1,3,3,1,1,4,2,2,1,3,1,3,3,4,3,4,2,3,1,2,2,1,2,2,1,2,2,4,1,2,1,3,4,3,1,1,3,3,1,4,1,3,1,1,1,2,3,3,2,2,1,2,3,3,4,1,4,3,4,2,1,2,4,3,3,1,1,1,2,1,2,3,4,4,2,4,2,2,3,2,3,3,2,2,2,3,2,3,4,2,1,3,3,1,3,2,1,3,1,1,3,2,3,4,3,2,4,3,1,4,2,4,1,1,2,2,2,2,2,4,1,3,1,2,4,3,3,2,2,4,3,2,1,4,2,2,4,2,1,3,2,4,2,2,4,3,4,4,1,1,3,4,4,3,2,2,2,3,2,2,3,1,3,1,3,4,3,3,3,4,3,1,4,2,4,1,2,1,4,2,4,2,4,4,2,2,1,4,3,4,4,1,3,3,1,1,1,4,4,2,3,4,3,1,2,2,1,1,2,1,3,1,1,2,1,2,3,4,3,1,4,3,2,4,4,3,2,3,2,1,1,2,1,3,2,4,4,3,3,3,3,4,1,1,3,2,2,2,1,1,1,4,2,3,1,2,2,3,1,1,1,3,1,3,2,2,1,3,3,3,3,1,3,4,2,3,3,1,2,4,3,3,2,4,4,4,4,4,1,3,2,1,1,1,2,3,1,2,3,1,3,4,3,3,4,3,1,2,1,3,3,3,1,4,4,4,1,1,1,1,1,4,2,4,2,3,4,4,1,1,1,1,3,4,3,1,1,3,1,1,2,1,2,3,4,2,4,1,1,1,2,4,3,1,2,3,1,1,2,2,1,4,1,2,2,2,4,3,4,2,4,1,4,1,4,1,4,3,1,1,4,4,1,4,2,4,3,1,3,3,2,2,3,1,3,4,1,1,4,1,2,1,1,1,1,3,3,3,2,4,4,2,1,2,1,1,2,1,3,3,3,3,2,3,1,2,2,3,4,4,3,3,1,1,3,3,4,3,4,3,1,4,4,4,3,2,4,1,3,4,3,2,2,3,3,3,4,3,1,2,4,4,2,2,1,1,1,4,1,1,1,3,3,4,2,1,3,3,4,2,1,3,4,4,3,4,2,4,2,2,3,2,2,1,2,3,2,3,2,2,1,4,4,3,2,4,3,3,2,4,3,4,2,3,3,1,4,1,1,3,1,3,4,1,4,1,4,2,1,2,1,1,1,3,1,1,3,1,3,3,1,2,2,1,1,4,1,2,4,4,3,2,1,1,4,1,4,3,4,1,4,1,1,1,2,3,4,1,1,2,3,2,1,3,3,1,4,3,3,3,4,2,1,2,2,4,2,1,1,4,3,1,4,4,2,4,3,2,1,1,1,2,1,1,3,3,3,3,1,1,4,2,1,2,1,1,3,3,3,3,1,3,3,2,2,4,2,2,2,2,1,4,3,3,3,3,13,4,13,9,15,9,10,13,3,14,13,2,15,9,2,11,9,9,5,9,4,12,14,15,2,3,14,12,3,4,5,9,10,4,11,10,11,3,13,11,15,9,15,4,1,10,11,12,8,2,4,4,9,7,1,5,1,13,1,11,3,9,14,5,13,13,8,1,3,9,11,15,15,8,2,15,10,8,2,4,12,11,13,11,12,1,10,11,15,13,2,6,7,14,15,3,15,9,12,5,12,5,12,4,12,11,11,3,7,14,10,8,4,8,11,10,14,15,3,6,4,6,8,11,15,13,5,13,2,11,4,4,13,6,4,7,13,15,12,3,5,14,7,9,11,7,15,4,2,1,2,15,10,15,14,4,10,3,13,7,6,4,10,1,8,12,14,2,3,1,9,4,10,14,3,4,10,5,5,14,9,9,3,14,2,15,5,3,4,14,13,15,2,13,13,11,4,3,6,11,11,12,11,8,5,5,2,13,14,14,5,12,13,2,10,3,11,1,8,13,13,7,5,14,4,7,11,4,11,8,3,5,13,11,5,4,11,8,7,13,7,11,11,6,15,14,2,8,14,12,13,9,3,4,9,10,11,14,1,6,7,2,1,4,6,7,14,2,11,7,2,11,2,9,10,3,3,12,8,5,11,7,3,8,9,3,5,9,3,7,5,4,4,8,6,11,8,1,6,10,8,4,10,3,10,6,12,15,9,6,14,8,2,11,14,5,10,14,9,12,8,13,9,7,9,10,8,7,8,12,14,9,8,7,12,5,3,1,7,9,6,2,6,15,15,8,10,5,8,12,8,7,12,10,11,14,1,11,7,10,6,9,13,13,8,5,4,14,9,5,13,14,13,8,5,6,4,3,5,14,8,12,12,15,9,10,1,10,13,2,2,8,5,1,13,3,15,9"
204,0.9861763190294249,0.27450980392156865,7414.0,"1,12,15,4,1,5,5,9,8,4,11,3,12,5,14,8,6,5,8,15,9,9,3,3,2,1,15,3,14,8,8,1,9,1,8,6,5,6,9,11,12,7,4,2,2,6,4,13,15,13,8,15,8,3,7,13,8,4,2,7,2,12,7,14,5,10,7,8,1,7,15,1,8,10,14,12,6,1,4,2,7,3,3,2,5,12,9,4,3,4,11,13,4,1,8,9,3,15,1,3,13,10,15,9,8,6,8,7,3,6,13,6,5,11,1,10,14,9,6,4,5,5,1,9,11,6,5,9,11,10,11,8,8,6,7,8,12,4,4,13,1,10,10,13,15,9,13,6,8,3,5,12,14,14,7,13,9,7,1,14,3,1,15,13,4,4,6,14,6,7,5,10,7,12,9,7,3,3,14,8,8,11,7,3,3,3,15,4,11,15,7,5,11,3,13,3,14,13,4,12,9,8,11,6,10,10,14,3,8,3,10,8,6,11,10,7,9,6,7,13,4,11,15,3,5,5,2,2,13,3,6,2,6,12,11,14,12,11,9,4,11,4,5,3,2,4,9,7,9,2,14,1,4,2,3,3,1,4,4,4,4,2,2,4,2,2,4,2,2,4,4,1,1,3,4,3,1,2,3,1,1,4,3,1,1,4,1,2,3,4,4,2,3,2,2,2,2,1,1,1,4,2,2,3,4,4,3,1,1,1,4,1,2,3,1,1,10,4,15,3,3,10,15,15,8,7,14,14,12,6,12,7,5,8,8,7,8,2,8,1,12,14,6,2,1,15,6,15,8,9,4,11,1,9,5,4,13,6,15,4,14,13,5,11,1,6,7,12,7,12,2,11,2,3,1,1,3,4,3,7,15,4,8,11,14,4,15,9,3,15,11,15,8,3,8,14,10,7,13,6,7,11,14,7,4,10,10,3,15,9,1,6,7,9,9,8,6,2,10,10,8,7,12,4,2,3,8,7,14,11,11,4,10,8,10,4,2,2,15,14,7,7,9,3,12,11,6,2,1,4,6,6,2,11,2,10,14,4,8,1,11,13,14,8,2,8,11,12,4,1,1,3,12,9,4,8,5,3,10,14,11,11,1,10,7,2,14,5,2,10,15,8,15,12,14,4,6,13,8,8,4,8,13,15,12,10,6,12,14,14,14,12,12,3,5,14,11,13,3,9,4,7,8,5,8,14,8,7,12,10,14,5,12,5,12,6,8,8,6,10,12,4,11,10,10,11,1,10,7,1,13,15,13,10,14,10,9,1,1,2,4,3,2,3,3,4,4,2,4,3,3,1,3,3,1,4,3,4,1,1,1,4,4,2,1,4,2,2,1,1,4,1,3,2,2,2,3,4,1,1,2,2,1,4,4,3,4,3,3,2,1,3,4,1,2,3,3,3,4,2,3,2,1,1,3,1,1,3,2,2,2,1,1,1,4,2,2,4,1,3,4,1,3,3,4,1,1,3,3,1,1,4,2,2,1,3,1,3,3,4,3,4,2,3,1,2,2,1,2,2,1,2,2,4,1,2,1,3,4,3,1,1,3,3,1,4,1,3,1,1,1,2,3,3,2,2,1,2,3,3,4,1,4,3,4,2,1,2,4,3,3,1,1,1,2,1,2,3,4,4,2,4,2,2,3,2,3,3,2,2,2,3,2,3,4,2,1,3,3,1,3,2,1,3,1,1,3,2,3,4,3,2,4,3,1,4,2,4,1,1,2,2,2,2,2,4,1,3,1,2,4,3,3,2,2,4,3,2,1,4,2,2,4,2,1,3,2,4,2,2,4,3,4,4,1,1,3,4,4,3,2,2,2,3,2,2,3,1,3,1,3,4,3,3,3,4,3,1,4,2,4,1,2,1,4,2,4,2,4,4,2,2,1,4,3,4,4,1,3,3,1,1,1,4,4,2,3,4,3,1,2,2,1,1,2,1,3,1,1,2,1,2,3,4,3,1,4,3,2,4,4,3,2,3,2,1,1,2,1,3,2,4,4,3,3,3,3,4,1,1,3,2,2,2,1,1,1,4,2,3,1,2,2,3,1,1,1,3,1,3,2,2,1,3,3,3,3,1,3,4,2,3,3,1,2,4,3,3,2,4,4,4,4,4,1,3,2,1,1,1,2,3,1,2,3,1,3,4,3,3,4,3,1,2,1,3,3,3,1,4,4,4,1,1,1,1,1,4,2,4,2,3,4,4,1,1,1,1,3,4,3,1,1,3,1,1,2,1,2,3,4,2,4,1,1,1,2,4,3,1,2,3,1,1,2,2,1,4,1,2,2,2,4,3,4,2,4,1,4,1,4,1,4,3,1,1,4,4,1,4,2,4,3,1,3,3,2,2,3,1,3,4,1,1,4,1,2,1,1,1,1,3,3,3,2,4,4,2,1,2,1,1,2,1,3,3,3,3,2,3,1,2,2,3,4,4,3,3,1,1,3,3,4,3,4,3,1,4,4,4,3,2,4,1,3,4,3,2,2,3,3,3,4,3,1,2,4,4,2,2,1,1,1,4,1,1,1,3,3,4,2,1,3,3,4,2,1,3,4,4,3,4,2,4,2,2,3,2,2,1,2,3,2,3,2,2,1,4,4,3,2,4,3,3,2,4,3,4,2,3,3,1,4,1,1,3,1,3,4,1,4,1,4,2,1,2,1,1,1,3,1,1,3,1,3,3,1,2,2,1,1,4,1,2,4,4,3,2,1,1,4,1,4,3,4,1,4,1,1,1,2,3,4,1,1,2,3,2,1,3,3,1,4,3,3,3,4,2,1,2,2,4,2,1,1,4,3,1,4,4,2,4,3,2,1,1,1,2,1,1,3,3,3,3,1,1,4,2,1,2,1,1,3,3,3,3,1,3,3,2,2,4,2,2,2,2,1,4,3,3,3,3,13,4,13,9,15,9,10,13,3,14,13,2,15,9,2,11,9,9,5,9,4,12,14,15,2,3,14,12,3,4,5,9,10,4,11,10,11,3,13,11,15,9,15,4,1,10,11,12,8,2,4,4,9,7,1,5,1,13,1,11,3,9,14,5,13,13,8,1,3,9,11,15,15,8,2,15,10,8,2,4,12,11,13,11,12,1,10,11,15,13,2,6,7,14,15,3,15,9,12,5,12,5,12,4,12,11,11,3,7,14,10,8,4,8,11,10,14,15,3,6,4,6,8,11,15,13,5,13,2,11,4,4,13,6,4,7,13,15,12,3,5,14,7,9,11,7,15,4,2,1,2,15,10,15,14,4,10,3,13,7,6,4,10,1,8,12,14,2,3,1,9,4,10,14,3,4,10,5,5,14,9,9,3,14,2,15,5,3,4,14,13,15,2,13,13,11,4,3,6,11,11,12,11,8,5,5,2,13,14,14,5,12,13,2,10,3,11,1,8,13,13,7,5,14,4,7,11,4,11,8,3,5,13,11,5,4,11,8,7,13,7,11,11,6,15,14,2,8,14,12,13,9,3,4,9,10,11,14,1,6,7,2,1,4,6,7,14,2,11,7,2,11,2,9,10,3,3,12,8,5,11,7,3,8,9,3,5,9,3,7,5,4,4,8,6,11,8,1,6,10,8,4,10,3,10,6,12,15,9,6,14,8,2,11,14,5,10,14,9,12,8,13,9,7,9,10,8,7,8,12,14,9,8,7,12,5,3,1,7,9,6,2,6,15,15,8,10,5,8,12,8,7,12,10,11,14,1,11,7,10,6,9,13,13,8,5,4,14,9,5,13,14,13,8,5,6,4,3,5,14,8,12,12,15,9,10,1,10,13,2,2,8,5,1,13,3,15,9"
205,0.9861763190294249,0.27450980392156865,7414.0,"1,12,15,4,1,5,5,9,8,4,11,3,12,5,14,8,6,5,8,15,9,9,3,3,2,1,15,3,14,8,8,1,9,1,8,6,5,6,9,11,12,7,4,2,2,6,4,13,15,13,8,15,8,3,7,13,8,4,2,7,2,12,7,14,5,10,7,8,1,7,15,1,8,10,14,12,6,1,4,2,7,3,3,2,5,12,9,4,3,4,11,13,4,1,8,9,3,15,1,3,13,10,15,9,8,6,8,7,3,6,13,6,5,11,1,10,14,9,6,4,5,5,1,9,11,6,5,9,11,10,11,8,8,6,7,8,12,4,4,13,1,10,10,13,15,9,13,6,8,3,5,12,14,14,7,13,9,7,1,14,3,1,15,13,4,4,6,14,6,7,5,10,7,12,9,7,3,3,14,8,8,11,7,3,3,3,15,4,11,15,7,5,11,3,13,3,14,13,4,12,9,8,11,6,10,10,14,3,8,3,10,8,6,11,10,7,9,6,7,13,4,11,15,3,5,5,2,2,13,3,6,2,6,12,11,14,12,11,9,4,11,4,5,3,2,4,9,7,9,2,14,1,4,2,3,3,1,4,4,4,4,2,2,4,2,2,4,2,2,4,4,1,1,3,4,3,1,2,3,1,1,4,3,1,1,4,1,2,3,4,4,2,3,2,2,2,2,1,1,1,4,2,2,3,4,4,3,1,1,1,4,1,2,3,1,1,10,4,15,3,3,10,15,15,8,7,14,14,12,6,12,7,5,8,8,7,8,2,8,1,12,14,6,2,1,15,6,15,8,9,4,11,1,9,5,4,13,6,15,4,14,13,5,11,1,6,7,12,7,12,2,11,2,3,1,1,3,4,3,7,15,4,8,11,14,4,15,9,3,15,11,15,8,3,8,14,10,7,13,6,7,11,14,7,4,10,10,3,15,9,1,6,7,9,9,8,6,2,10,10,8,7,12,4,2,3,8,7,14,11,11,4,10,8,10,4,2,2,15,14,7,7,9,3,12,11,6,2,1,4,6,6,2,11,2,10,14,4,8,1,11,13,14,8,2,8,11,12,4,1,1,3,12,9,4,8,5,3,10,14,11,11,1,10,7,2,14,5,2,10,15,8,15,12,14,4,6,13,8,8,4,8,13,15,12,10,6,12,14,14,14,12,12,3,5,14,11,13,3,9,4,7,8,5,8,14,8,7,12,10,14,5,12,5,12,6,8,8,6,10,12,4,11,10,10,11,1,10,7,1,13,15,13,10,14,10,9,1,1,2,4,3,2,3,3,4,4,2,4,3,3,1,3,3,1,4,3,4,1,1,1,4,4,2,1,4,2,2,1,1,4,1,3,2,2,2,3,4,1,1,2,2,1,4,4,3,4,3,3,2,1,3,4,1,2,3,3,3,4,2,3,2,1,1,3,1,1,3,2,2,2,1,1,1,4,2,2,4,1,3,4,1,3,3,4,1,1,3,3,1,1,4,2,2,1,3,1,3,3,4,3,4,2,3,1,2,2,1,2,2,1,2,2,4,1,2,1,3,4,3,1,1,3,3,1,4,1,3,1,1,1,2,3,3,2,2,1,2,3,3,4,1,4,3,4,2,1,2,4,3,3,1,1,1,2,1,2,3,4,4,2,4,2,2,3,2,3,3,2,2,2,3,2,3,4,2,1,3,3,1,3,2,1,3,1,1,3,2,3,4,3,2,4,3,1,4,2,4,1,1,2,2,2,2,2,4,1,3,1,2,4,3,3,2,2,4,3,2,1,4,2,2,4,2,1,3,2,4,2,2,4,3,4,4,1,1,3,4,4,3,2,2,2,3,2,2,3,1,3,1,3,4,3,3,3,4,3,1,4,2,4,1,2,1,4,2,4,2,4,4,2,2,1,4,3,4,4,1,3,3,1,1,1,4,4,2,3,4,3,1,2,2,1,1,2,1,3,1,1,2,1,2,3,4,3,1,4,3,2,4,4,3,2,3,2,1,1,2,1,3,2,4,4,3,3,3,3,4,1,1,3,2,2,2,1,1,1,4,2,3,1,2,2,3,1,1,1,3,1,3,2,2,1,3,3,3,3,1,3,4,2,3,3,1,2,4,3,3,2,4,4,4,4,4,1,3,2,1,1,1,2,3,1,2,3,1,3,4,3,3,4,3,1,2,1,3,3,3,1,4,4,4,1,1,1,1,1,4,2,4,2,3,4,4,1,1,1,1,3,4,3,1,1,3,1,1,2,1,2,3,4,2,4,1,1,1,2,4,3,1,2,3,1,1,2,2,1,4,1,2,2,2,4,3,4,2,4,1,4,1,4,1,4,3,1,1,4,4,1,4,2,4,3,1,3,3,2,2,3,1,3,4,1,1,4,1,2,1,1,1,1,3,3,3,2,4,4,2,1,2,1,1,2,1,3,3,3,3,2,3,1,2,2,3,4,4,3,3,1,1,3,3,4,3,4,3,1,4,4,4,3,2,4,1,3,4,3,2,2,3,3,3,4,3,1,2,4,4,2,2,1,1,1,4,1,1,1,3,3,4,2,1,3,3,4,2,1,3,4,4,3,4,2,4,2,2,3,2,2,1,2,3,2,3,2,2,1,4,4,3,2,4,3,3,2,4,3,4,2,3,3,1,4,1,1,3,1,3,4,1,4,1,4,2,1,2,1,1,1,3,1,1,3,1,3,3,1,2,2,1,1,4,1,2,4,4,3,2,1,1,4,1,4,3,4,1,4,1,1,1,2,3,4,1,1,2,3,2,1,3,3,1,4,3,3,3,4,2,1,2,2,4,2,1,1,4,3,1,4,4,2,4,3,2,1,1,1,2,1,1,3,3,3,3,1,1,4,2,1,2,1,1,3,3,3,3,1,3,3,2,2,4,2,2,2,2,1,4,3,3,3,3,13,4,13,9,15,9,10,13,3,14,13,2,15,9,2,11,9,9,5,9,4,12,14,15,2,3,14,12,3,4,5,9,10,4,11,10,11,3,13,11,15,9,15,4,1,10,11,12,8,2,4,4,9,7,1,5,1,13,1,11,3,9,14,5,13,13,8,1,3,9,11,15,15,8,2,15,10,8,2,4,12,11,13,11,12,1,10,11,15,13,2,6,7,14,15,3,15,9,12,5,12,5,12,4,12,11,11,3,7,14,10,8,4,8,11,10,14,15,3,6,4,6,8,11,15,13,5,13,2,11,4,4,13,6,4,7,13,15,12,3,5,14,7,9,11,7,15,4,2,1,2,15,10,15,14,4,10,3,13,7,6,4,10,1,8,12,14,2,3,1,9,4,10,14,3,4,10,5,5,14,9,9,3,14,2,15,5,3,4,14,13,15,2,13,13,11,4,3,6,11,11,12,11,8,5,5,2,13,14,14,5,12,13,2,10,3,11,1,8,13,13,7,5,14,4,7,11,4,11,8,3,5,13,11,5,4,11,8,7,13,7,11,11,6,15,14,2,8,14,12,13,9,3,4,9,10,11,14,1,6,7,2,1,4,6,7,14,2,11,7,2,11,2,9,10,3,3,12,8,5,11,7,3,8,9,3,5,9,3,7,5,4,4,8,6,11,8,1,6,10,8,4,10,3,10,6,12,15,9,6,14,8,2,11,14,5,10,14,9,12,8,13,9,7,9,10,8,7,8,12,14,9,8,7,12,5,3,1,7,9,6,2,6,15,15,8,10,5,8,12,8,7,12,10,11,14,1,11,7,10,6,9,13,13,8,5,4,14,9,5,13,14,13,8,5,6,4,3,5,14,8,12,12,15,9,10,1,10,13,2,2,8,5,1,13,3,15,9"
206,0.9861763190294249,0.27450980392156865,7414.0,"1,12,15,4,1,5,5,9,8,4,11,3,12,5,14,8,6,5,8,15,9,9,3,3,2,1,15,3,14,8,8,1,9,1,8,6,5,6,9,11,12,7,4,2,2,6,4,13,15,13,8,15,8,3,7,13,8,4,2,7,2,12,7,14,5,10,7,8,1,7,15,1,8,10,14,12,6,1,4,2,7,3,3,2,5,12,9,4,3,4,11,13,4,1,8,9,3,15,1,3,13,10,15,9,8,6,8,7,3,6,13,6,5,11,1,10,14,9,6,4,5,5,1,9,11,6,5,9,11,10,11,8,8,6,7,8,12,4,4,13,1,10,10,13,15,9,13,6,8,3,5,12,14,14,7,13,9,7,1,14,3,1,15,13,4,4,6,14,6,7,5,10,7,12,9,7,3,3,14,8,8,11,7,3,3,3,15,4,11,15,7,5,11,3,13,3,14,13,4,12,9,8,11,6,10,10,14,3,8,3,10,8,6,11,10,7,9,6,7,13,4,11,15,3,5,5,2,2,13,3,6,2,6,12,11,14,12,11,9,4,11,4,5,3,2,4,9,7,9,2,14,1,4,2,3,3,1,4,4,4,4,2,2,4,2,2,4,2,2,4,4,1,1,3,4,3,1,2,3,1,1,4,3,1,1,4,1,2,3,4,4,2,3,2,2,2,2,1,1,1,4,2,2,3,4,4,3,1,1,1,4,1,2,3,1,1,10,4,15,3,3,10,15,15,8,7,14,14,12,6,12,7,5,8,8,7,8,2,8,1,12,14,6,2,1,15,6,15,8,9,4,11,1,9,5,4,13,6,15,4,14,13,5,11,1,6,7,12,7,12,2,11,2,3,1,1,3,4,3,7,15,4,8,11,14,4,15,9,3,15,11,15,8,3,8,14,10,7,13,6,7,11,14,7,4,10,10,3,15,9,1,6,7,9,9,8,6,2,10,10,8,7,12,4,2,3,8,7,14,11,11,4,10,8,10,4,2,2,15,14,7,7,9,3,12,11,6,2,1,4,6,6,2,11,2,10,14,4,8,1,11,13,14,8,2,8,11,12,4,1,1,3,12,9,4,8,5,3,10,14,11,11,1,10,7,2,14,5,2,10,15,8,15,12,14,4,6,13,8,8,4,8,13,15,12,10,6,12,14,14,14,12,12,3,5,14,11,13,3,9,4,7,8,5,8,14,8,7,12,10,14,5,12,5,12,6,8,8,6,10,12,4,11,10,10,11,1,10,7,1,13,15,13,10,14,10,9,1,1,2,4,3,2,3,3,4,4,2,4,3,3,1,3,3,1,4,3,4,1,1,1,4,4,2,1,4,2,2,1,1,4,1,3,2,2,2,3,4,1,1,2,2,1,4,4,3,4,3,3,2,1,3,4,1,2,3,3,3,4,2,3,2,1,1,3,1,1,3,2,2,2,1,1,1,4,2,2,4,1,3,4,1,3,3,4,1,1,3,3,1,1,4,2,2,1,3,1,3,3,4,3,4,2,3,1,2,2,1,2,2,1,2,2,4,1,2,1,3,4,3,1,1,3,3,1,4,1,3,1,1,1,2,3,3,2,2,1,2,3,3,4,1,4,3,4,2,1,2,4,3,3,1,1,1,2,1,2,3,4,4,2,4,2,2,3,2,3,3,2,2,2,3,2,3,4,2,1,3,3,1,3,2,1,3,1,1,3,2,3,4,3,2,4,3,1,4,2,4,1,1,2,2,2,2,2,4,1,3,1,2,4,3,3,2,2,4,3,2,1,4,2,2,4,2,1,3,2,4,2,2,4,3,4,4,1,1,3,4,4,3,2,2,2,3,2,2,3,1,3,1,3,4,3,3,3,4,3,1,4,2,4,1,2,1,4,2,4,2,4,4,2,2,1,4,3,4,4,1,3,3,1,1,1,4,4,2,3,4,3,1,2,2,1,1,2,1,3,1,1,2,1,2,3,4,3,1,4,3,2,4,4,3,2,3,2,1,1,2,1,3,2,4,4,3,3,3,3,4,1,1,3,2,2,2,1,1,1,4,2,3,1,2,2,3,1,1,1,3,1,3,2,2,1,3,3,3,3,1,3,4,2,3,3,1,2,4,3,3,2,4,4,4,4,4,1,3,2,1,1,1,2,3,1,2,3,1,3,4,3,3,4,3,1,2,1,3,3,3,1,4,4,4,1,1,1,1,1,4,2,4,2,3,4,4,1,1,1,1,3,4,3,1,1,3,1,1,2,1,2,3,4,2,4,1,1,1,2,4,3,1,2,3,1,1,2,2,1,4,1,2,2,2,4,3,4,2,4,1,4,1,4,1,4,3,1,1,4,4,1,4,2,4,3,1,3,3,2,2,3,1,3,4,1,1,4,1,2,1,1,1,1,3,3,3,2,4,4,2,1,2,1,1,2,1,3,3,3,3,2,3,1,2,2,3,4,4,3,3,1,1,3,3,4,3,4,3,1,4,4,4,3,2,4,1,3,4,3,2,2,3,3,3,4,3,1,2,4,4,2,2,1,1,1,4,1,1,1,3,3,4,2,1,3,3,4,2,1,3,4,4,3,4,2,4,2,2,3,2,2,1,2,3,2,3,2,2,1,4,4,3,2,4,3,3,2,4,3,4,2,3,3,1,4,1,1,3,1,3,4,1,4,1,4,2,1,2,1,1,1,3,1,1,3,1,3,3,1,2,2,1,1,4,1,2,4,4,3,2,1,1,4,1,4,3,4,1,4,1,1,1,2,3,4,1,1,2,3,2,1,3,3,1,4,3,3,3,4,2,1,2,2,4,2,1,1,4,3,1,4,4,2,4,3,2,1,1,1,2,1,1,3,3,3,3,1,1,4,2,1,2,1,1,3,3,3,3,1,3,3,2,2,4,2,2,2,2,1,4,3,3,3,3,13,4,13,9,15,9,10,13,3,14,13,2,15,9,2,11,9,9,5,9,4,12,14,15,2,3,14,12,3,4,5,9,10,4,11,10,11,3,13,11,15,9,15,4,1,10,11,12,8,2,4,4,9,7,1,5,1,13,1,11,3,9,14,5,13,13,8,1,3,9,11,15,15,8,2,15,10,8,2,4,12,11,13,11,12,1,10,11,15,13,2,6,7,14,15,3,15,9,12,5,12,5,12,4,12,11,11,3,7,14,10,8,4,8,11,10,14,15,3,6,4,6,8,11,15,13,5,13,2,11,4,4,13,6,4,7,13,15,12,3,5,14,7,9,11,7,15,4,2,1,2,15,10,15,14,4,10,3,13,7,6,4,10,1,8,12,14,2,3,1,9,4,10,14,3,4,10,5,5,14,9,9,3,14,2,15,5,3,4,14,13,15,2,13,13,11,4,3,6,11,11,12,11,8,5,5,2,13,14,14,5,12,13,2,10,3,11,1,8,13,13,7,5,14,4,7,11,4,11,8,3,5,13,11,5,4,11,8,7,13,7,11,11,6,15,14,2,8,14,12,13,9,3,4,9,10,11,14,1,6,7,2,1,4,6,7,14,2,11,7,2,11,2,9,10,3,3,12,8,5,11,7,3,8,9,3,5,9,3,7,5,4,4,8,6,11,8,1,6,10,8,4,10,3,10,6,12,15,9,6,14,8,2,11,14,5,10,14,9,12,8,13,9,7,9,10,8,7,8,12,14,9,8,7,12,5,3,1,7,9,6,2,6,15,15,8,10,5,8,12,8,7,12,10,11,14,1,11,7,10,6,9,13,13,8,5,4,14,9,5,13,14,13,8,5,6,4,3,5,14,8,12,12,15,9,10,1,10,13,2,2,8,5,1,13,3,15,9"
207,0.9861763190294249,0.27450980392156865,7414.0,"1,12,15,4,1,5,5,9,8,4,11,3,12,5,14,8,6,5,8,15,9,9,3,3,2,1,15,3,14,8,8,1,9,1,8,6,5,6,9,11,12,7,4,2,2,6,4,13,15,13,8,15,8,3,7,13,8,4,2,7,2,12,7,14,5,10,7,8,1,7,15,1,8,10,14,12,6,1,4,2,7,3,3,2,5,12,9,4,3,4,11,13,4,1,8,9,3,15,1,3,13,10,15,9,8,6,8,7,3,6,13,6,5,11,1,10,14,9,6,4,5,5,1,9,11,6,5,9,11,10,11,8,8,6,7,8,12,4,4,13,1,10,10,13,15,9,13,6,8,3,5,12,14,14,7,13,9,7,1,14,3,1,15,13,4,4,6,14,6,7,5,10,7,12,9,7,3,3,14,8,8,11,7,3,3,3,15,4,11,15,7,5,11,3,13,3,14,13,4,12,9,8,11,6,10,10,14,3,8,3,10,8,6,11,10,7,9,6,7,13,4,11,15,3,5,5,2,2,13,3,6,2,6,12,11,14,12,11,9,4,11,4,5,3,2,4,9,7,9,2,14,1,4,2,3,3,1,4,4,4,4,2,2,4,2,2,4,2,2,4,4,1,1,3,4,3,1,2,3,1,1,4,3,1,1,4,1,2,3,4,4,2,3,2,2,2,2,1,1,1,4,2,2,3,4,4,3,1,1,1,4,1,2,3,1,1,10,4,15,3,3,10,15,15,8,7,14,14,12,6,12,7,5,8,8,7,8,2,8,1,12,14,6,2,1,15,6,15,8,9,4,11,1,9,5,4,13,6,15,4,14,13,5,11,1,6,7,12,7,12,2,11,2,3,1,1,3,4,3,7,15,4,8,11,14,4,15,9,3,15,11,15,8,3,8,14,10,7,13,6,7,11,14,7,4,10,10,3,15,9,1,6,7,9,9,8,6,2,10,10,8,7,12,4,2,3,8,7,14,11,11,4,10,8,10,4,2,2,15,14,7,7,9,3,12,11,6,2,1,4,6,6,2,11,2,10,14,4,8,1,11,13,14,8,2,8,11,12,4,1,1,3,12,9,4,8,5,3,10,14,11,11,1,10,7,2,14,5,2,10,15,8,15,12,14,4,6,13,8,8,4,8,13,15,12,10,6,12,14,14,14,12,12,3,5,14,11,13,3,9,4,7,8,5,8,14,8,7,12,10,14,5,12,5,12,6,8,8,6,10,12,4,11,10,10,11,1,10,7,1,13,15,13,10,14,10,9,1,1,2,4,3,2,3,3,4,4,2,4,3,3,1,3,3,1,4,3,4,1,1,1,4,4,2,1,4,2,2,1,1,4,1,3,2,2,2,3,4,1,1,2,2,1,4,4,3,4,3,3,2,1,3,4,1,2,3,3,3,4,2,3,2,1,1,3,1,1,3,2,2,2,1,1,1,4,2,2,4,1,3,4,1,3,3,4,1,1,3,3,1,1,4,2,2,1,3,1,3,3,4,3,4,2,3,1,2,2,1,2,2,1,2,2,4,1,2,1,3,4,3,1,1,3,3,1,4,1,3,1,1,1,2,3,3,2,2,1,2,3,3,4,1,4,3,4,2,1,2,4,3,3,1,1,1,2,1,2,3,4,4,2,4,2,2,3,2,3,3,2,2,2,3,2,3,4,2,1,3,3,1,3,2,1,3,1,1,3,2,3,4,3,2,4,3,1,4,2,4,1,1,2,2,2,2,2,4,1,3,1,2,4,3,3,2,2,4,3,2,1,4,2,2,4,2,1,3,2,4,2,2,4,3,4,4,1,1,3,4,4,3,2,2,2,3,2,2,3,1,3,1,3,4,3,3,3,4,3,1,4,2,4,1,2,1,4,2,4,2,4,4,2,2,1,4,3,4,4,1,3,3,1,1,1,4,4,2,3,4,3,1,2,2,1,1,2,1,3,1,1,2,1,2,3,4,3,1,4,3,2,4,4,3,2,3,2,1,1,2,1,3,2,4,4,3,3,3,3,4,1,1,3,2,2,2,1,1,1,4,2,3,1,2,2,3,1,1,1,3,1,3,2,2,1,3,3,3,3,1,3,4,2,3,3,1,2,4,3,3,2,4,4,4,4,4,1,3,2,1,1,1,2,3,1,2,3,1,3,4,3,3,4,3,1,2,1,3,3,3,1,4,4,4,1,1,1,1,1,4,2,4,2,3,4,4,1,1,1,1,3,4,3,1,1,3,1,1,2,1,2,3,4,2,4,1,1,1,2,4,3,1,2,3,1,1,2,2,1,4,1,2,2,2,4,3,4,2,4,1,4,1,4,1,4,3,1,1,4,4,1,4,2,4,3,1,3,3,2,2,3,1,3,4,1,1,4,1,2,1,1,1,1,3,3,3,2,4,4,2,1,2,1,1,2,1,3,3,3,3,2,3,1,2,2,3,4,4,3,3,1,1,3,3,4,3,4,3,1,4,4,4,3,2,4,1,3,4,3,2,2,3,3,3,4,3,1,2,4,4,2,2,1,1,1,4,1,1,1,3,3,4,2,1,3,3,4,2,1,3,4,4,3,4,2,4,2,2,3,2,2,1,2,3,2,3,2,2,1,4,4,3,2,4,3,3,2,4,3,4,2,3,3,1,4,1,1,3,1,3,4,1,4,1,4,2,1,2,1,1,1,3,1,1,3,1,3,3,1,2,2,1,1,4,1,2,4,4,3,2,1,1,4,1,4,3,4,1,4,1,1,1,2,3,4,1,1,2,3,2,1,3,3,1,4,3,3,3,4,2,1,2,2,4,2,1,1,4,3,1,4,4,2,4,3,2,1,1,1,2,1,1,3,3,3,3,1,1,4,2,1,2,1,1,3,3,3,3,1,3,3,2,2,4,2,2,2,2,1,4,3,3,3,3,13,4,13,9,15,9,10,13,3,14,13,2,15,9,2,11,9,9,5,9,4,12,14,15,2,3,14,12,3,4,5,9,10,4,11,10,11,3,13,11,15,9,15,4,1,10,11,12,8,2,4,4,9,7,1,5,1,13,1,11,3,9,14,5,13,13,8,1,3,9,11,15,15,8,2,15,10,8,2,4,12,11,13,11,12,1,10,11,15,13,2,6,7,14,15,3,15,9,12,5,12,5,12,4,12,11,11,3,7,14,10,8,4,8,11,10,14,15,3,6,4,6,8,11,15,13,5,13,2,11,4,4,13,6,4,7,13,15,12,3,5,14,7,9,11,7,15,4,2,1,2,15,10,15,14,4,10,3,13,7,6,4,10,1,8,12,14,2,3,1,9,4,10,14,3,4,10,5,5,14,9,9,3,14,2,15,5,3,4,14,13,15,2,13,13,11,4,3,6,11,11,12,11,8,5,5,2,13,14,14,5,12,13,2,10,3,11,1,8,13,13,7,5,14,4,7,11,4,11,8,3,5,13,11,5,4,11,8,7,13,7,11,11,6,15,14,2,8,14,12,13,9,3,4,9,10,11,14,1,6,7,2,1,4,6,7,14,2,11,7,2,11,2,9,10,3,3,12,8,5,11,7,3,8,9,3,5,9,3,7,5,4,4,8,6,11,8,1,6,10,8,4,10,3,10,6,12,15,9,6,14,8,2,11,14,5,10,14,9,12,8,13,9,7,9,10,8,7,8,12,14,9,8,7,12,5,3,1,7,9,6,2,6,15,15,8,10,5,8,12,8,7,12,10,11,14,1,11,7,10,6,9,13,13,8,5,4,14,9,5,13,14,13,8,5,6,4,3,5,14,8,12,12,15,9,10,1,10,13,2,2,8,5,1,13,3,15,9"
208,0.9861763190294249,0.27450980392156865,7414.0,"1,12,15,4,1,5,5,9,8,4,11,3,12,5,14,8,6,5,8,15,9,9,3,3,2,1,15,3,14,8,8,1,9,1,8,6,5,6,9,11,12,7,4,2,2,6,4,13,15,13,8,15,8,3,7,13,8,4,2,7,2,12,7,14,5,10,7,8,1,7,15,1,8,10,14,12,6,1,4,2,7,3,3,2,5,12,9,4,3,4,11,13,4,1,8,9,3,15,1,3,13,10,15,9,8,6,8,7,3,6,13,6,5,11,1,10,14,9,6,4,5,5,1,9,11,6,5,9,11,10,11,8,8,6,7,8,12,4,4,13,1,10,10,13,15,9,13,6,8,3,5,12,14,14,7,13,9,7,1,14,3,1,15,13,4,4,6,14,6,7,5,10,7,12,9,7,3,3,14,8,8,11,7,3,3,3,15,4,11,15,7,5,11,3,13,3,14,13,4,12,9,8,11,6,10,10,14,3,8,3,10,8,6,11,10,7,9,6,7,13,4,11,15,3,5,5,2,2,13,3,6,2,6,12,11,14,12,11,9,4,11,4,5,3,2,4,9,7,9,2,14,1,4,2,3,3,1,4,4,4,4,2,2,4,2,2,4,2,2,4,4,1,1,3,4,3,1,2,3,1,1,4,3,1,1,4,1,2,3,4,4,2,3,2,2,2,2,1,1,1,4,2,2,3,4,4,3,1,1,1,4,1,2,3,1,1,10,4,15,3,3,10,15,15,8,7,14,14,12,6,12,7,5,8,8,7,8,2,8,1,12,14,6,2,1,15,6,15,8,9,4,11,1,9,5,4,13,6,15,4,14,13,5,11,1,6,7,12,7,12,2,11,2,3,1,1,3,4,3,7,15,4,8,11,14,4,15,9,3,15,11,15,8,3,8,14,10,7,13,6,7,11,14,7,4,10,10,3,15,9,1,6,7,9,9,8,6,2,10,10,8,7,12,4,2,3,8,7,14,11,11,4,10,8,10,4,2,2,15,14,7,7,9,3,12,11,6,2,1,4,6,6,2,11,2,10,14,4,8,1,11,13,14,8,2,8,11,12,4,1,1,3,12,9,4,8,5,3,10,14,11,11,1,10,7,2,14,5,2,10,15,8,15,12,14,4,6,13,8,8,4,8,13,15,12,10,6,12,14,14,14,12,12,3,5,14,11,13,3,9,4,7,8,5,8,14,8,7,12,10,14,5,12,5,12,6,8,8,6,10,12,4,11,10,10,11,1,10,7,1,13,15,13,10,14,10,9,1,1,2,4,3,2,3,3,4,4,2,4,3,3,1,3,3,1,4,3,4,1,1,1,4,4,2,1,4,2,2,1,1,4,1,3,2,2,2,3,4,1,1,2,2,1,4,4,3,4,3,3,2,1,3,4,1,2,3,3,3,4,2,3,2,1,1,3,1,1,3,2,2,2,1,1,1,4,2,2,4,1,3,4,1,3,3,4,1,1,3,3,1,1,4,2,2,1,3,1,3,3,4,3,4,2,3,1,2,2,1,2,2,1,2,2,4,1,2,1,3,4,3,1,1,3,3,1,4,1,3,1,1,1,2,3,3,2,2,1,2,3,3,4,1,4,3,4,2,1,2,4,3,3,1,1,1,2,1,2,3,4,4,2,4,2,2,3,2,3,3,2,2,2,3,2,3,4,2,1,3,3,1,3,2,1,3,1,1,3,2,3,4,3,2,4,3,1,4,2,4,1,1,2,2,2,2,2,4,1,3,1,2,4,3,3,2,2,4,3,2,1,4,2,2,4,2,1,3,2,4,2,2,4,3,4,4,1,1,3,4,4,3,2,2,2,3,2,2,3,1,3,1,3,4,3,3,3,4,3,1,4,2,4,1,2,1,4,2,4,2,4,4,2,2,1,4,3,4,4,1,3,3,1,1,1,4,4,2,3,4,3,1,2,2,1,1,2,1,3,1,1,2,1,2,3,4,3,1,4,3,2,4,4,3,2,3,2,1,1,2,1,3,2,4,4,3,3,3,3,4,1,1,3,2,2,2,1,1,1,4,2,3,1,2,2,3,1,1,1,3,1,3,2,2,1,3,3,3,3,1,3,4,2,3,3,1,2,4,3,3,2,4,4,4,4,4,1,3,2,1,1,1,2,3,1,2,3,1,3,4,3,3,4,3,1,2,1,3,3,3,1,4,4,4,1,1,1,1,1,4,2,4,2,3,4,4,1,1,1,1,3,4,3,1,1,3,1,1,2,1,2,3,4,2,4,1,1,1,2,4,3,1,2,3,1,1,2,2,1,4,1,2,2,2,4,3,4,2,4,1,4,1,4,1,4,3,1,1,4,4,1,4,2,4,3,1,3,3,2,2,3,1,3,4,1,1,4,1,2,1,1,1,1,3,3,3,2,4,4,2,1,2,1,1,2,1,3,3,3,3,2,3,1,2,2,3,4,4,3,3,1,1,3,3,4,3,4,3,1,4,4,4,3,2,4,1,3,4,3,2,2,3,3,3,4,3,1,2,4,4,2,2,1,1,1,4,1,1,1,3,3,4,2,1,3,3,4,2,1,3,4,4,3,4,2,4,2,2,3,2,2,1,2,3,2,3,2,2,1,4,4,3,2,4,3,3,2,4,3,4,2,3,3,1,4,1,1,3,1,3,4,1,4,1,4,2,1,2,1,1,1,3,1,1,3,1,3,3,1,2,2,1,1,4,1,2,4,4,3,2,1,1,4,1,4,3,4,1,4,1,1,1,2,3,4,1,1,2,3,2,1,3,3,1,4,3,3,3,4,2,1,2,2,4,2,1,1,4,3,1,4,4,2,4,3,2,1,1,1,2,1,1,3,3,3,3,1,1,4,2,1,2,1,1,3,3,3,3,1,3,3,2,2,4,2,2,2,2,1,4,3,3,3,3,13,4,13,9,15,9,10,13,3,14,13,2,15,9,2,11,9,9,5,9,4,12,14,15,2,3,14,12,3,4,5,9,10,4,11,10,11,3,13,11,15,9,15,4,1,10,11,12,8,2,4,4,9,7,1,5,1,13,1,11,3,9,14,5,13,13,8,1,3,9,11,15,15,8,2,15,10,8,2,4,12,11,13,11,12,1,10,11,15,13,2,6,7,14,15,3,15,9,12,5,12,5,12,4,12,11,11,3,7,14,10,8,4,8,11,10,14,15,3,6,4,6,8,11,15,13,5,13,2,11,4,4,13,6,4,7,13,15,12,3,5,14,7,9,11,7,15,4,2,1,2,15,10,15,14,4,10,3,13,7,6,4,10,1,8,12,14,2,3,1,9,4,10,14,3,4,10,5,5,14,9,9,3,14,2,15,5,3,4,14,13,15,2,13,13,11,4,3,6,11,11,12,11,8,5,5,2,13,14,14,5,12,13,2,10,3,11,1,8,13,13,7,5,14,4,7,11,4,11,8,3,5,13,11,5,4,11,8,7,13,7,11,11,6,15,14,2,8,14,12,13,9,3,4,9,10,11,14,1,6,7,2,1,4,6,7,14,2,11,7,2,11,2,9,10,3,3,12,8,5,11,7,3,8,9,3,5,9,3,7,5,4,4,8,6,11,8,1,6,10,8,4,10,3,10,6,12,15,9,6,14,8,2,11,14,5,10,14,9,12,8,13,9,7,9,10,8,7,8,12,14,9,8,7,12,5,3,1,7,9,6,2,6,15,15,8,10,5,8,12,8,7,12,10,11,14,1,11,7,10,6,9,13,13,8,5,4,14,9,5,13,14,13,8,5,6,4,3,5,14,8,12,12,15,9,10,1,10,13,2,2,8,5,1,13,3,15,9"
209,0.9860660904947549,0.28431372549019607,7790.0,"1,12,15,4,1,5,5,9,8,4,11,3,12,5,14,8,6,5,8,15,9,9,3,3,2,1,15,3,14,8,8,1,9,1,8,6,5,6,9,11,12,7,4,2,2,6,4,13,15,13,8,15,8,3,7,13,8,4,2,7,2,12,7,14,5,10,7,8,1,7,15,1,8,10,14,12,6,1,4,2,7,3,3,2,5,12,9,4,3,4,11,13,4,1,8,9,3,15,1,3,13,10,15,9,8,6,8,7,3,6,13,6,5,11,1,10,14,9,6,4,5,5,1,9,11,6,5,9,11,10,11,8,8,6,7,8,12,4,4,13,1,10,10,13,15,9,13,6,8,3,5,12,14,14,7,13,9,7,1,14,3,1,15,13,4,4,6,14,6,7,5,10,7,12,9,7,3,3,14,8,8,11,7,3,3,3,15,4,11,15,7,5,11,3,13,3,14,13,4,12,9,8,11,6,10,10,14,3,8,3,10,8,6,11,10,7,9,6,7,13,4,11,15,3,5,5,2,2,13,3,6,2,6,12,11,14,12,11,9,4,11,4,5,3,2,4,9,7,9,2,14,2,4,11,3,9,2,13,4,4,9,12,10,3,14,14,4,7,8,12,15,1,8,6,6,12,3,9,7,12,13,13,5,1,4,8,6,10,15,15,12,12,13,10,2,7,2,15,7,5,4,8,10,13,3,6,8,3,8,12,12,7,14,15,6,6,10,4,15,3,3,10,15,15,8,7,14,14,12,6,12,7,5,8,8,7,8,2,8,1,12,14,6,2,1,15,6,15,8,9,4,11,1,9,5,4,13,6,15,4,14,13,5,11,1,6,7,12,7,12,2,11,2,3,1,1,3,4,3,7,15,4,8,11,14,4,15,9,3,15,11,15,8,3,8,14,10,7,13,6,7,11,14,7,4,10,10,3,15,9,1,6,7,9,9,8,6,2,10,10,8,7,12,4,2,3,8,7,14,11,11,4,10,8,10,4,2,2,15,14,7,7,9,3,12,11,6,2,1,4,6,6,2,11,2,10,14,4,8,1,11,13,14,8,2,8,11,12,4,1,1,3,12,9,4,8,5,3,10,14,11,11,1,10,7,2,14,5,2,10,15,8,15,12,14,4,6,13,8,8,4,8,13,15,12,10,6,12,14,14,14,12,12,3,5,14,11,13,3,9,4,7,8,5,8,14,8,7,12,10,14,5,12,5,12,6,8,8,6,10,12,4,11,10,10,11,1,10,7,1,13,15,13,10,14,10,9,1,1,2,4,3,2,3,3,4,4,2,4,3,3,1,3,3,1,4,3,4,1,1,1,4,4,2,1,4,2,2,1,1,4,1,3,2,2,2,3,4,1,1,2,2,1,4,4,3,4,3,3,2,1,3,4,1,2,3,3,3,4,2,3,2,1,1,3,1,1,3,2,2,2,1,1,1,4,2,2,4,1,3,4,1,3,3,4,1,1,3,3,1,1,4,2,2,1,3,1,3,3,4,3,4,2,3,1,2,2,1,2,2,1,2,2,4,1,2,1,3,4,3,1,1,3,3,1,4,1,3,1,1,1,2,3,3,2,2,1,2,3,3,4,1,4,3,4,2,1,2,4,3,3,1,1,1,2,1,2,3,4,4,2,4,2,2,3,2,3,3,2,2,2,3,2,3,4,2,1,3,3,1,3,2,1,3,1,1,3,2,3,4,3,2,4,3,1,4,2,4,1,1,2,2,2,2,2,4,1,3,1,2,4,3,3,2,2,4,3,2,1,4,2,2,4,2,1,3,2,4,2,2,4,3,4,4,1,1,3,4,4,3,2,2,2,3,2,2,3,1,3,1,3,4,3,3,3,4,3,1,4,2,4,1,2,1,4,2,4,2,4,4,2,2,1,4,3,4,4,1,3,3,1,1,1,4,4,2,3,4,3,1,2,2,1,1,2,1,3,1,1,2,1,2,3,4,3,1,4,3,2,4,4,3,2,3,2,1,1,2,1,3,2,4,4,3,3,3,3,4,1,1,3,2,2,2,1,1,1,4,2,3,1,2,2,3,1,1,1,3,1,3,2,2,1,3,3,3,3,1,3,4,2,3,3,1,2,4,3,3,2,4,4,4,4,4,1,3,2,1,1,1,2,3,1,2,3,1,3,4,3,3,4,3,1,2,1,3,3,3,1,4,4,4,1,1,1,1,1,4,2,4,2,3,4,4,1,1,1,1,3,4,3,1,1,3,1,1,2,1,2,3,4,2,4,1,1,1,2,4,3,1,2,3,1,1,2,2,1,4,1,2,2,2,4,3,4,2,4,1,4,1,4,1,4,3,1,1,4,4,1,4,2,4,3,1,3,3,2,2,3,1,3,4,1,1,4,1,2,1,1,1,1,3,3,3,2,4,4,2,1,2,1,1,2,1,3,3,3,3,2,3,1,2,2,3,4,4,3,3,1,1,3,3,4,3,4,3,1,4,4,4,3,2,4,1,3,4,3,2,2,3,3,3,4,3,1,2,4,4,2,2,1,1,1,4,1,1,1,3,3,4,2,1,3,3,4,2,1,3,4,4,3,4,2,4,2,2,3,2,2,1,2,3,2,3,2,2,1,4,4,3,2,4,3,3,2,4,3,4,2,3,3,1,4,1,1,3,1,3,4,1,4,1,4,2,1,2,1,1,1,3,1,1,3,1,3,3,1,2,2,1,1,4,1,2,4,4,3,2,1,1,4,1,4,3,4,1,4,1,1,1,2,3,4,1,1,2,3,2,1,3,3,1,4,3,3,3,4,2,1,2,2,4,2,1,1,4,3,1,4,4,2,4,3,2,1,1,1,2,1,1,3,3,3,3,1,1,4,2,1,2,1,1,3,3,3,3,1,3,3,2,2,4,2,2,2,2,1,4,3,3,3,3,13,4,13,9,15,9,10,13,3,14,13,2,15,9,2,11,9,9,5,9,4,12,14,15,2,3,14,12,3,4,5,9,10,4,11,10,11,3,13,11,15,9,15,4,1,10,11,12,8,2,4,4,9,7,1,5,1,13,1,11,3,9,14,5,13,13,8,1,3,9,11,15,15,8,2,15,10,8,2,4,12,11,13,11,12,1,10,11,15,13,2,6,7,14,15,3,15,9,12,5,12,5,12,4,12,11,11,3,7,14,10,8,4,8,11,10,14,15,3,6,4,6,8,11,15,13,5,13,2,11,4,4,13,6,4,7,13,15,12,3,5,14,7,9,11,7,15,4,2,1,2,15,10,15,14,4,10,3,13,7,6,4,10,1,8,12,14,2,3,1,9,4,10,14,3,4,10,5,5,14,9,9,3,14,2,15,5,3,4,14,13,15,2,13,13,11,4,3,6,11,11,12,11,8,5,5,2,13,14,14,5,12,13,2,10,3,11,1,8,13,13,7,5,14,4,7,11,4,11,8,3,5,13,11,5,4,11,8,7,13,7,11,11,6,15,14,2,8,14,12,13,9,3,4,9,10,11,14,1,6,7,2,1,4,6,7,14,2,11,7,2,11,2,9,10,3,3,12,8,5,11,7,3,8,9,3,5,9,3,7,5,4,4,8,6,11,8,1,6,10,8,4,10,3,10,6,12,15,9,6,14,8,2,11,14,5,10,14,9,12,8,13,9,7,9,10,8,7,8,12,14,9,8,7,12,5,3,1,7,9,6,2,6,15,15,8,10,5,8,12,8,7,12,10,11,14,1,11,7,10,6,9,13,13,8,5,4,14,9,5,13,14,13,8,5,6,4,3,5,14,8,12,12,15,9,10,1,10,13,2,2,8,5,1,13,3,15,9"
210,0.9855598166611533,0.4901960784313726,7808.0,"1,12,4,14,6,4,5,9,8,4,11,3,2,5,14,8,6,2,8,15,9,9,3,8,2,1,15,11,14,11,8,1,9,11,8,6,5,6,9,11,12,7,15,2,2,15,4,13,15,13,8,15,8,3,7,13,8,4,2,7,10,12,13,14,5,10,7,8,1,7,15,1,3,12,14,10,6,1,4,2,7,3,3,2,5,12,9,7,3,4,11,13,4,1,8,15,3,1,2,10,13,7,15,1,8,6,8,7,3,6,8,7,5,11,1,10,5,9,4,4,5,5,8,9,11,14,5,15,11,10,14,8,8,6,8,8,12,15,4,13,2,10,10,13,15,9,13,6,8,3,5,12,14,14,7,13,9,7,11,14,3,1,15,13,4,4,6,14,6,5,5,10,7,12,9,7,14,3,14,8,8,11,7,3,3,3,15,4,11,15,7,5,11,3,13,14,14,11,15,12,9,8,11,6,10,10,14,3,8,3,10,8,6,13,1,7,9,3,7,13,4,11,15,3,5,5,2,2,13,3,6,2,6,2,11,14,12,11,11,4,11,13,5,1,2,4,9,7,9,9,14,2,4,11,2,9,2,13,4,4,9,12,10,3,1,1,4,3,9,12,15,1,8,6,6,12,3,9,13,12,13,13,5,1,4,8,6,10,15,15,12,14,13,2,2,7,7,15,7,5,4,8,7,13,3,6,8,3,8,12,2,7,11,15,6,1,10,4,15,2,3,10,5,15,8,4,14,14,12,6,14,14,5,8,8,7,10,2,8,1,12,8,2,2,1,15,6,15,8,9,6,11,3,9,4,4,11,6,15,4,14,2,5,11,1,6,8,12,7,12,2,11,2,3,1,1,3,4,7,7,1,9,8,11,8,4,15,9,3,15,11,15,8,3,8,14,10,9,13,2,7,11,14,4,4,10,10,3,15,9,6,11,4,9,4,8,12,2,10,15,8,7,6,4,2,3,8,7,1,11,11,4,10,8,10,4,14,2,15,14,7,7,9,13,12,11,6,2,1,4,12,13,2,11,2,10,14,4,8,1,3,13,14,8,2,8,11,12,4,5,13,3,12,12,4,8,5,1,10,14,15,11,1,10,11,2,14,5,10,1,15,14,15,14,14,11,6,13,8,8,4,8,13,1,12,9,6,15,3,13,14,3,12,14,3,14,11,13,3,9,4,12,8,5,8,14,10,7,12,10,10,5,12,5,12,10,8,8,6,10,12,15,11,13,10,11,6,10,7,1,13,15,13,3,14,10,9,1,1,2,4,3,2,3,3,4,4,2,4,7,3,1,3,3,1,4,4,15,1,15,1,4,4,2,1,4,2,2,1,1,4,1,5,2,2,2,3,4,1,1,9,2,1,4,4,3,4,3,3,15,1,10,1,1,2,3,3,3,4,2,3,2,1,1,3,4,12,3,2,9,2,1,1,1,12,4,2,4,1,3,4,14,3,3,4,1,1,3,3,1,1,4,2,2,1,3,1,3,3,6,3,4,2,3,1,11,2,1,2,2,1,2,2,4,11,11,2,3,4,3,1,1,3,3,1,4,1,15,1,1,1,2,2,3,2,2,1,2,12,3,4,1,4,2,4,2,1,2,4,3,5,1,10,1,2,1,2,3,4,4,2,1,2,14,9,2,3,3,2,2,2,3,2,3,4,2,1,3,3,1,3,2,1,14,1,1,3,2,1,7,3,2,4,3,8,4,2,4,1,1,6,2,2,2,2,4,2,3,1,2,9,3,3,2,2,4,3,2,1,4,15,2,4,2,1,11,2,2,13,11,13,3,4,4,1,1,5,4,4,3,2,2,6,3,2,6,3,11,3,1,5,4,4,3,5,10,3,10,4,2,4,1,2,12,3,2,11,2,15,4,12,2,1,4,3,4,1,1,3,7,1,1,1,4,4,2,3,4,3,1,2,14,1,1,2,1,3,1,1,2,1,6,3,2,4,1,4,3,13,4,4,3,14,3,13,1,1,2,1,3,2,4,4,3,3,3,3,4,1,1,3,1,2,2,1,1,13,4,2,3,1,2,3,3,1,1,1,3,1,12,2,2,15,3,14,3,14,15,3,15,14,3,3,1,2,4,3,3,2,4,4,4,4,4,1,3,14,1,1,11,2,10,1,2,3,1,3,4,3,3,4,3,1,2,1,3,3,3,1,4,8,2,1,1,1,1,1,5,2,4,2,3,4,4,1,1,1,2,3,4,3,1,1,3,1,1,2,4,2,9,2,2,5,1,1,11,2,4,3,1,2,3,1,1,2,15,1,2,1,2,2,2,4,3,4,2,3,1,4,3,4,1,4,3,1,1,3,4,12,4,7,4,3,1,3,3,2,2,3,1,3,8,1,12,4,1,2,1,1,1,1,3,3,3,2,4,11,2,1,2,1,1,2,1,1,3,3,3,2,3,1,2,2,3,1,4,3,3,1,1,3,3,4,3,4,3,1,4,4,4,3,2,4,9,3,4,3,2,2,6,3,3,4,3,1,2,4,13,9,2,1,1,9,4,3,1,12,3,3,2,2,6,3,3,4,2,1,3,4,4,7,4,2,4,2,2,3,2,2,1,2,3,3,2,2,2,3,3,2,3,4,1,6,4,1,3,3,2,2,13,3,1,4,1,1,3,1,3,4,1,4,1,4,2,12,2,1,1,1,14,1,1,3,1,3,6,1,7,2,1,14,11,1,5,6,9,10,2,14,1,4,1,4,13,4,1,4,1,3,1,2,3,4,5,4,2,3,2,1,1,3,1,4,3,3,3,4,2,1,2,12,4,2,1,1,14,3,15,4,4,2,4,3,2,1,1,1,2,1,1,3,4,10,3,1,1,4,2,1,15,12,1,3,3,15,3,1,3,3,2,2,4,2,2,2,6,1,4,3,3,15,3,1,3,13,1,1,2,4,2,1,3,2,3,4,1,3,1,2,3,4,1,2,2,2,1,2,4,4,1,14,3,2,2,4,15,3,2,1,4,1,4,3,3,3,11,3,12,1,1,1,4,4,1,1,8,1,3,4,2,2,4,1,1,6,11,1,1,11,2,1,4,2,4,2,8,2,4,4,1,4,10,1,2,2,1,1,3,2,1,8,2,3,2,9,2,3,1,15,2,2,2,1,4,4,1,1,4,2,11,9,4,4,2,1,4,4,2,3,4,4,1,1,1,4,1,12,15,13,4,2,2,4,4,2,3,1,4,8,2,1,1,2,4,2,9,13,1,4,4,1,1,3,4,1,4,1,2,4,3,2,3,12,1,1,2,14,4,2,1,2,3,3,11,9,11,13,15,3,4,1,1,1,4,15,1,4,4,7,3,5,14,13,15,2,13,13,11,5,3,6,11,11,13,11,8,5,5,2,13,12,14,5,12,13,2,10,10,11,1,3,13,13,7,5,14,4,7,11,12,11,8,3,5,13,11,6,4,11,8,12,13,7,11,5,6,15,15,2,10,14,12,13,9,6,4,9,10,11,14,1,6,2,2,1,4,6,7,14,2,13,7,9,11,2,9,1,3,3,12,8,5,11,7,3,8,9,3,5,9,3,7,5,6,4,3,14,11,8,1,6,9,8,4,11,12,10,1,12,1,9,6,1,14,2,11,14,5,10,10,9,12,8,13,9,7,9,10,8,7,8,12,14,9,8,7,12,5,8,1,7,9,6,2,14,15,15,8,10,5,8,12,8,7,12,10,11,11,15,11,4,10,6,9,13,6,8,5,4,14,9,4,13,14,13,8,5,6,6,3,5,14,8,12,12,15,4,10,1,6,13,2,2,5,9,1,13,12,2,1"
