Solution,NDCG_Loss,Classification_Error,Complexity,Genome
1,0.9886279079380575,0.5196078431372549,2329.0,"2,2,3,4,1,1,4,1,1,2,4,1,1,4,2,2,3,4,1,1,4,4,4,2,1,1,4,3,1,2,2,2,3,3,3,3,1,2,1,3,2,3,4,4,4,3,1,4,4,3,4,1,3,2,1,1,2,1,1,4,3,1,1,3,4,1,4,2,3,1,1,2,4,4,3,1,3,2,4,2,3,1,1,3,1,3,3,3,4,1,2,1,3,4,4,2,4,4,2,2,4,3,3,3,3,4,3,1,2,1,1,2,2,2,4,1,4,2,3,2,1,3,4,4,4,4,1,2,1,3,1,2,2,2,3,2,1,4,2,1,4,2,1,1,3,3,2,1,2,2,4,1,1,2,2,2,4,1,2,1,3,2,3,2,2,3,1,2,1,1,3,4,2,3,3,1,2,2,2,2,3,3,3,4,2,4,4,3,2,2,2,4,1,2,1,1,2,2,3,2,1,4,3,4,3,4,2,1,3,3,1,2,1,1,3,3,2,2,2,2,1,2,4,4,3,3,1,3,1,4,3,1,3,3,3,1,2,4,1,3,1,1,4,2,1,2,4,2,3,3,1,3,2,1,1,2,1,4,2,2,1,2,1,3,2,3,2,1,4,3,4,4,2,2,2,3,2,4,2,2,1,4,2,3,2,1,1,3,3,1,2,1,4,4,3,1,3,4,1,4,1,2,4,1,2,1,4,1,4,4,4,2,2,4,4,2,2,3,2,3,4,3,4,1,2,4,1,2,4,1,1,2,3,3,3,4,2,3,1,1,1,4,3,3,2,2,1,2,4,1,3,4,3,4,1,2,2,2,2,1,2,3,2,4,3,3,1,2,2,1,4,1,4,2,1,2,4,1,1,4,4,3,2,2,1,1,3,4,3,3,4,2,4,1,1,3,2,2,3,3,2,4,1,3,2,3,1,2,3,3,1,4,3,3,1,1,4,2,1,4,1,4,1,3,2,3,2,4,3,3,4,1,3,2,3,3,2,1,3,3,2,1,4,3,4,3,1,3,1,3,4,3,4,2,2,3,4,2,3,3,2,4,1,3,1,2,3,2,1,3,2,4,4,3,2,4,3,2,2,3,4,2,4,4,3,4,3,2,4,2,1,2,1,3,3,1,1,3,3,2,3,3,4,1,2,1,3,3,2,1,3,1,2,1,1,2,4,2,3,1,1,1,4,4,1,4,2,2,1,4,2,4,2,2,2,1,4,2,3,3,2,4,1,1,1,2,1,1,2,2,2,2,1,3,4,1,3,4,3,2,1,4,3,1,1,2,2,3,3,2,2,1,4,1,1,1,2,4,2,1,2,4,2,3,3,2,1,1,4,1,3,4,1,4,3,2,2,1,4,2,3,2,3,1,1,2,2,3,3,3,2,2,3,1,2,3,2,4,1,1,3,3,2,1,3,3,1,3,1,3,2,3,1,1,3,2,1,1,1,2,4,3,2,4,3,2,4,3,3,2,4,2,4,1,1,3,3,3,3,4,4,3,4,1,1,4,2,1,2,1,4,4,3,3,1,2,2,2,1,2,4,2,1,3,3,4,1,4,1,1,3,2,1,4,3,1,4,1,1,1,4,4,3,4,3,3,3,2,2,3,4,3,1,3,4,3,1,2,4,4,4,3,3,2,1,4,2,1,2,3,1,2,1,1,2,4,2,4,2,1,2,1,3,1,3,4,2,3,2,3,3,3,4,1,4,3,2,1,3,1,3,1,1,4,2,4,1,1,2,3,1,4,4,2,1,3,4,3,2,3,2,4,2,1,3,4,1,3,2,2,3,2,3,1,3,4,4,2,3,1,2,2,1,4,1,1,1,1,3,1,4,1,4,3,2,4,3,1,3,1,4,1,3,4,1,1,1,2,2,3,3,1,4,2,1,4,3,2,1,2,2,1,4,3,2,1,2,2,3,4,2,3,1,1,1,3,2,1,3,4,3,3,4,3,1,2,3,3,1,1,4,3,3,3,2,3,1,3,1,1,1,2,3,1,3,2,3,4,1,2,1,1,4,3,4,1,4,2,1,1,3,2,2,3,3,3,4,3,4,4,2,1,2,1,2,3,4,4,4,2,3,2,1,3,1,4,4,4,4,1,1,1,1,1,4,4,4,2,4,2,1,3,3,2,4,2,1,1,3,4,2,2,1,1,4,2,1,1,2,2,4,2,2,3,4,2,1,1,1,3,1,2,2,2,2,4,1,2,4,2,4,2,3,3,2,1,1,4,4,4,3,1,3,4,4,2,2,2,3,1,4,1,3,1,1,2,2,2,1,4,1,2,2,4,4,2,2,3,3,4,4,3,1,1,3,1,2,1,4,3,1,1,2,2,3,4,4,2,1,2,1,2,2,3,2,1,1,3,1,3,1,3,1,1,4,3,2,1,1,3,2,2,4,4,2,3,3,1,4,4,4,2,3,2,3,4,3,3,4,3,2,1,1,1,2,3,2,3,4,3,1,4,3,4,3,2,3,1,2,2,1,1,1,4,3,2,2,4,3,1,4,3,3,2,2,3,4,2,3,3,2,2,2,2,4,1,2,4,3,1,2,3,4,4,1,1,3,1,3,2,3,2,1,1,1,3,4,4,2,1,1,2,3,2,2,2,2,3,3,3,1,1,2,2,2,4,2,4,1,3,1,2,3,4,3,3,2,4,3,4,3,1,3,2,2,2,4,1,4,3,4,4,2,3,4,4,2,2,2,3,3,2,1,4,2,2,3,1,1,4,2,2,4,1,1,2,2,3,2,1,2,2,4,1,1,1,1,3,4,1,4,3,3,1,2,1,4,1,1,2,3,4,3,2,1,3,1,1,3,4,2,4,3,2,1,1,1,1,1,1,2,3,4,2,4,3,4,3,1,2,2,3,1,3,1,3,3,1,2,1,3,3,2,1,2,4,4,4,4,1,4,2,4,4,3,2,2,2,4,2,2,3,2,4,2,3,2,4,2,2,2,4,3,1,4,4,1,2,1,1,1,2,3,1,1,3,3,3,4,3,4,3,3,3,4,1,3,3,4,1,4,1,3,4,1,4,2,2,3,4,4,3,2,3,2,2,3,4,3,1,2,4,3,3,4,2,1,1,3,1,4,3,1,3,2,1,4,1,1,3,3,2,3,3,1,3,2,4,2,2,1,1,2,1,1,4,4,1,2,1,2,2,2,3,4,1,2,4,1,1,3,4,2,2,4,3,4,2,3,1,4,3,3,2,1,1,4,3,2,2,3,1,4,1,3,1,1,4,1,4,4,3,4,3,2,3,2,1,2,2,2,1,1,1,2,3,4,1,1,3,3,3,1,4,2,3,4,1,2,3,2,1,3,4,4,2,4,4,1,1,4,2,4,1,2,2,3,3,4,3,1,2,1,3,1,2,3,1,1,3,2,4,1,2,3,1,2,2,2,2,1,2,1,3,4,1,3,2,3,2,1,2,1,1,1,4,3,4,2,2,1,1,1,2,2,2,4,4,2,1,4,4,1,3,3,2,4,3,3,3,1,1,1,2,2,3,3,4,1,1,1,2,3,2,2,4,1,2,3,3,1,2,2,3,1,3,1,1,3,2,2,1,3,2,4,2,1,2,3,4,4,2,1,2,2,4,3,4,1,4,3,1,1,2,3,4,1,3,3,1,3,2,1,3,2,3,3,2,2,2,3,3,1,3,1,4,1,1,4,1,1,4,4,2,1,2,4,1,2,4,2,1,4,1,4,1,2,1,2,1,3,2,1,1,1,3,4,1,3,1,2,2,1,2,4,1,4,1,2,3,1,2,2,3,1,3,3,1,3,4"
2,0.9886279079380575,0.5196078431372549,2329.0,"2,2,3,4,1,1,4,1,1,2,4,1,1,4,2,2,3,4,1,1,4,4,4,2,1,1,4,3,1,2,2,2,3,3,3,3,1,2,1,3,2,3,4,4,4,3,1,4,4,3,4,1,3,2,1,1,2,1,1,4,3,1,1,3,4,1,4,2,3,1,1,2,4,4,3,1,3,2,4,2,3,1,1,3,1,3,3,3,4,1,2,1,3,4,4,2,4,4,2,2,4,3,3,3,3,4,3,1,2,1,1,2,2,2,4,1,4,2,3,2,1,3,4,4,4,4,1,2,1,3,1,2,2,2,3,2,1,4,2,1,4,2,1,1,3,3,2,1,2,2,4,1,1,2,2,2,4,1,2,1,3,2,3,2,2,3,1,2,1,1,3,4,2,3,3,1,2,2,2,2,3,3,3,4,2,4,4,3,2,2,2,4,1,2,1,1,2,2,3,2,1,4,3,4,3,4,2,1,3,3,1,2,1,1,3,3,2,2,2,2,1,2,4,4,3,3,1,3,1,4,3,1,3,3,3,1,2,4,1,3,1,1,4,2,1,2,4,2,3,3,1,3,2,1,1,2,1,4,2,2,1,2,1,3,2,3,2,1,4,3,4,4,2,2,2,3,2,4,2,2,1,4,2,3,2,1,1,3,3,1,2,1,4,4,3,1,3,4,1,4,1,2,4,1,2,1,4,1,4,4,4,2,2,4,4,2,2,3,2,3,4,3,4,1,2,4,1,2,4,1,1,2,3,3,3,4,2,3,1,1,1,4,3,3,2,2,1,2,4,1,3,4,3,4,1,2,2,2,2,1,2,3,2,4,3,3,1,2,2,1,4,1,4,2,1,2,4,1,1,4,4,3,2,2,1,1,3,4,3,3,4,2,4,1,1,3,2,2,3,3,2,4,1,3,2,3,1,2,3,3,1,4,3,3,1,1,4,2,1,4,1,4,1,3,2,3,2,4,3,3,4,1,3,2,3,3,2,1,3,3,2,1,4,3,4,3,1,3,1,3,4,3,4,2,2,3,4,2,3,3,2,4,1,3,1,2,3,2,1,3,2,4,4,3,2,4,3,2,2,3,4,2,4,4,3,4,3,2,4,2,1,2,1,3,3,1,1,3,3,2,3,3,4,1,2,1,3,3,2,1,3,1,2,1,1,2,4,2,3,1,1,1,4,4,1,4,2,2,1,4,2,4,2,2,2,1,4,2,3,3,2,4,1,1,1,2,1,1,2,2,2,2,1,3,4,1,3,4,3,2,1,4,3,1,1,2,2,3,3,2,2,1,4,1,1,1,2,4,2,1,2,4,2,3,3,2,1,1,4,1,3,4,1,4,3,2,2,1,4,2,3,2,3,1,1,2,2,3,3,3,2,2,3,1,2,3,2,4,1,1,3,3,2,1,3,3,1,3,1,3,2,3,1,1,3,2,1,1,1,2,4,3,2,4,3,2,4,3,3,2,4,2,4,1,1,3,3,3,3,4,4,3,4,1,1,4,2,1,2,1,4,4,3,3,1,2,2,2,1,2,4,2,1,3,3,4,1,4,1,1,3,2,1,4,3,1,4,1,1,1,4,4,3,4,3,3,3,2,2,3,4,3,1,3,4,3,1,2,4,4,4,3,3,2,1,4,2,1,2,3,1,2,1,1,2,4,2,4,2,1,2,1,3,1,3,4,2,3,2,3,3,3,4,1,4,3,2,1,3,1,3,1,1,4,2,4,1,1,2,3,1,4,4,2,1,3,4,3,2,3,2,4,2,1,3,4,1,3,2,2,3,2,3,1,3,4,4,2,3,1,2,2,1,4,1,1,1,1,3,1,4,1,4,3,2,4,3,1,3,1,4,1,3,4,1,1,1,2,2,3,3,1,4,2,1,4,3,2,1,2,2,1,4,3,2,1,2,2,3,4,2,3,1,1,1,3,2,1,3,4,3,3,4,3,1,2,3,3,1,1,4,3,3,3,2,3,1,3,1,1,1,2,3,1,3,2,3,4,1,2,1,1,4,3,4,1,4,2,1,1,3,2,2,3,3,3,4,3,4,4,2,1,2,1,2,3,4,4,4,2,3,2,1,3,1,4,4,4,4,1,1,1,1,1,4,4,4,2,4,2,1,3,3,2,4,2,1,1,3,4,2,2,1,1,4,2,1,1,2,2,4,2,2,3,4,2,1,1,1,3,1,2,2,2,2,4,1,2,4,2,4,2,3,3,2,1,1,4,4,4,3,1,3,4,4,2,2,2,3,1,4,1,3,1,1,2,2,2,1,4,1,2,2,4,4,2,2,3,3,4,4,3,1,1,3,1,2,1,4,3,1,1,2,2,3,4,4,2,1,2,1,2,2,3,2,1,1,3,1,3,1,3,1,1,4,3,2,1,1,3,2,2,4,4,2,3,3,1,4,4,4,2,3,2,3,4,3,3,4,3,2,1,1,1,2,3,2,3,4,3,1,4,3,4,3,2,3,1,2,2,1,1,1,4,3,2,2,4,3,1,4,3,3,2,2,3,4,2,3,3,2,2,2,2,4,1,2,4,3,1,2,3,4,4,1,1,3,1,3,2,3,2,1,1,1,3,4,4,2,1,1,2,3,2,2,2,2,3,3,3,1,1,2,2,2,4,2,4,1,3,1,2,3,4,3,3,2,4,3,4,3,1,3,2,2,2,4,1,4,3,4,4,2,3,4,4,2,2,2,3,3,2,1,4,2,2,3,1,1,4,2,2,4,1,1,2,2,3,2,1,2,2,4,1,1,1,1,3,4,1,4,3,3,1,2,1,4,1,1,2,3,4,3,2,1,3,1,1,3,4,2,4,3,2,1,1,1,1,1,1,2,3,4,2,4,3,4,3,1,2,2,3,1,3,1,3,3,1,2,1,3,3,2,1,2,4,4,4,4,1,4,2,4,4,3,2,2,2,4,2,2,3,2,4,2,3,2,4,2,2,2,4,3,1,4,4,1,2,1,1,1,2,3,1,1,3,3,3,4,3,4,3,3,3,4,1,3,3,4,1,4,1,3,4,1,4,2,2,3,4,4,3,2,3,2,2,3,4,3,1,2,4,3,3,4,2,1,1,3,1,4,3,1,3,2,1,4,1,1,3,3,2,3,3,1,3,2,4,2,2,1,1,2,1,1,4,4,1,2,1,2,2,2,3,4,1,2,4,1,1,3,4,2,2,4,3,4,2,3,1,4,3,3,2,1,1,4,3,2,2,3,1,4,1,3,1,1,4,1,4,4,3,4,3,2,3,2,1,2,2,2,1,1,1,2,3,4,1,1,3,3,3,1,4,2,3,4,1,2,3,2,1,3,4,4,2,4,4,1,1,4,2,4,1,2,2,3,3,4,3,1,2,1,3,1,2,3,1,1,3,2,4,1,2,3,1,2,2,2,2,1,2,1,3,4,1,3,2,3,2,1,2,1,1,1,4,3,4,2,2,1,1,1,2,2,2,4,4,2,1,4,4,1,3,3,2,4,3,3,3,1,1,1,2,2,3,3,4,1,1,1,2,3,2,2,4,1,2,3,3,1,2,2,3,1,3,1,1,3,2,2,1,3,2,4,2,1,2,3,4,4,2,1,2,2,4,3,4,1,4,3,1,1,2,3,4,1,3,3,1,3,2,1,3,2,3,3,2,2,2,3,3,1,3,1,4,1,1,4,1,1,4,4,2,1,2,4,1,2,4,2,1,4,1,4,1,2,1,2,1,3,2,1,1,1,3,4,1,3,1,2,2,1,2,4,1,4,1,2,3,1,2,2,3,1,3,3,1,3,4"
3,0.9886279079380575,0.5196078431372549,2329.0,"2,2,3,4,1,1,4,1,1,2,4,1,1,4,2,2,3,4,1,1,4,4,4,2,1,1,4,3,1,2,2,2,3,3,3,3,1,2,1,3,2,3,4,4,4,3,1,4,4,3,4,1,3,2,1,1,2,1,1,4,3,1,1,3,4,1,4,2,3,1,1,2,4,4,3,1,3,2,4,2,3,1,1,3,1,3,3,3,4,1,2,1,3,4,4,2,4,4,2,2,4,3,3,3,3,4,3,1,2,1,1,2,2,2,4,1,4,2,3,2,1,3,4,4,4,4,1,2,1,3,1,2,2,2,3,2,1,4,2,1,4,2,1,1,3,3,2,1,2,2,4,1,1,2,2,2,4,1,2,1,3,2,3,2,2,3,1,2,1,1,3,4,2,3,3,1,2,2,2,2,3,3,3,4,2,4,4,3,2,2,2,4,1,2,1,1,2,2,3,2,1,4,3,4,3,4,2,1,3,3,1,2,1,1,3,3,2,2,2,2,1,2,4,4,3,3,1,3,1,4,3,1,3,3,3,1,2,4,1,3,1,1,4,2,1,2,4,2,3,3,1,3,2,1,1,2,1,4,2,2,1,2,1,3,2,3,2,1,4,3,4,4,2,2,2,3,2,4,2,2,1,4,2,3,2,1,1,3,3,1,2,1,4,4,3,1,3,4,1,4,1,2,4,1,2,1,4,1,4,4,4,2,2,4,4,2,2,3,2,3,4,3,4,1,2,4,1,2,4,1,1,2,3,3,3,4,2,3,1,1,1,4,3,3,2,2,1,2,4,1,3,4,3,4,1,2,2,2,2,1,2,3,2,4,3,3,1,2,2,1,4,1,4,2,1,2,4,1,1,4,4,3,2,2,1,1,3,4,3,3,4,2,4,1,1,3,2,2,3,3,2,4,1,3,2,3,1,2,3,3,1,4,3,3,1,1,4,2,1,4,1,4,1,3,2,3,2,4,3,3,4,1,3,2,3,3,2,1,3,3,2,1,4,3,4,3,1,3,1,3,4,3,4,2,2,3,4,2,3,3,2,4,1,3,1,2,3,2,1,3,2,4,4,3,2,4,3,2,2,3,4,2,4,4,3,4,3,2,4,2,1,2,1,3,3,1,1,3,3,2,3,3,4,1,2,1,3,3,2,1,3,1,2,1,1,2,4,2,3,1,1,1,4,4,1,4,2,2,1,4,2,4,2,2,2,1,4,2,3,3,2,4,1,1,1,2,1,1,2,2,2,2,1,3,4,1,3,4,3,2,1,4,3,1,1,2,2,3,3,2,2,1,4,1,1,1,2,4,2,1,2,4,2,3,3,2,1,1,4,1,3,4,1,4,3,2,2,1,4,2,3,2,3,1,1,2,2,3,3,3,2,2,3,1,2,3,2,4,1,1,3,3,2,1,3,3,1,3,1,3,2,3,1,1,3,2,1,1,1,2,4,3,2,4,3,2,4,3,3,2,4,2,4,1,1,3,3,3,3,4,4,3,4,1,1,4,2,1,2,1,4,4,3,3,1,2,2,2,1,2,4,2,1,3,3,4,1,4,1,1,3,2,1,4,3,1,4,1,1,1,4,4,3,4,3,3,3,2,2,3,4,3,1,3,4,3,1,2,4,4,4,3,3,2,1,4,2,1,2,3,1,2,1,1,2,4,2,4,2,1,2,1,3,1,3,4,2,3,2,3,3,3,4,1,4,3,2,1,3,1,3,1,1,4,2,4,1,1,2,3,1,4,4,2,1,3,4,3,2,3,2,4,2,1,3,4,1,3,2,2,3,2,3,1,3,4,4,2,3,1,2,2,1,4,1,1,1,1,3,1,4,1,4,3,2,4,3,1,3,1,4,1,3,4,1,1,1,2,2,3,3,1,4,2,1,4,3,2,1,2,2,1,4,3,2,1,2,2,3,4,2,3,1,1,1,3,2,1,3,4,3,3,4,3,1,2,3,3,1,1,4,3,3,3,2,3,1,3,1,1,1,2,3,1,3,2,3,4,1,2,1,1,4,3,4,1,4,2,1,1,3,2,2,3,3,3,4,3,4,4,2,1,2,1,2,3,4,4,4,2,3,2,1,3,1,4,4,4,4,1,1,1,1,1,4,4,4,2,4,2,1,3,3,2,4,2,1,1,3,4,2,2,1,1,4,2,1,1,2,2,4,2,2,3,4,2,1,1,1,3,1,2,2,2,2,4,1,2,4,2,4,2,3,3,2,1,1,4,4,4,3,1,3,4,4,2,2,2,3,1,4,1,3,1,1,2,2,2,1,4,1,2,2,4,4,2,2,3,3,4,4,3,1,1,3,1,2,1,4,3,1,1,2,2,3,4,4,2,1,2,1,2,2,3,2,1,1,3,1,3,1,3,1,1,4,3,2,1,1,3,2,2,4,4,2,3,3,1,4,4,4,2,3,2,3,4,3,3,4,3,2,1,1,1,2,3,2,3,4,3,1,4,3,4,3,2,3,1,2,2,1,1,1,4,3,2,2,4,3,1,4,3,3,2,2,3,4,2,3,3,2,2,2,2,4,1,2,4,3,1,2,3,4,4,1,1,3,1,3,2,3,2,1,1,1,3,4,4,2,1,1,2,3,2,2,2,2,3,3,3,1,1,2,2,2,4,2,4,1,3,1,2,3,4,3,3,2,4,3,4,3,1,3,2,2,2,4,1,4,3,4,4,2,3,4,4,2,2,2,3,3,2,1,4,2,2,3,1,1,4,2,2,4,1,1,2,2,3,2,1,2,2,4,1,1,1,1,3,4,1,4,3,3,1,2,1,4,1,1,2,3,4,3,2,1,3,1,1,3,4,2,4,3,2,1,1,1,1,1,1,2,3,4,2,4,3,4,3,1,2,2,3,1,3,1,3,3,1,2,1,3,3,2,1,2,4,4,4,4,1,4,2,4,4,3,2,2,2,4,2,2,3,2,4,2,3,2,4,2,2,2,4,3,1,4,4,1,2,1,1,1,2,3,1,1,3,3,3,4,3,4,3,3,3,4,1,3,3,4,1,4,1,3,4,1,4,2,2,3,4,4,3,2,3,2,2,3,4,3,1,2,4,3,3,4,2,1,1,3,1,4,3,1,3,2,1,4,1,1,3,3,2,3,3,1,3,2,4,2,2,1,1,2,1,1,4,4,1,2,1,2,2,2,3,4,1,2,4,1,1,3,4,2,2,4,3,4,2,3,1,4,3,3,2,1,1,4,3,2,2,3,1,4,1,3,1,1,4,1,4,4,3,4,3,2,3,2,1,2,2,2,1,1,1,2,3,4,1,1,3,3,3,1,4,2,3,4,1,2,3,2,1,3,4,4,2,4,4,1,1,4,2,4,1,2,2,3,3,4,3,1,2,1,3,1,2,3,1,1,3,2,4,1,2,3,1,2,2,2,2,1,2,1,3,4,1,3,2,3,2,1,2,1,1,1,4,3,4,2,2,1,1,1,2,2,2,4,4,2,1,4,4,1,3,3,2,4,3,3,3,1,1,1,2,2,3,3,4,1,1,1,2,3,2,2,4,1,2,3,3,1,2,2,3,1,3,1,1,3,2,2,1,3,2,4,2,1,2,3,4,4,2,1,2,2,4,3,4,1,4,3,1,1,2,3,4,1,3,3,1,3,2,1,3,2,3,3,2,2,2,3,3,1,3,1,4,1,1,4,1,1,4,4,2,1,2,4,1,2,4,2,1,4,1,4,1,2,1,2,1,3,2,1,1,1,3,4,1,3,1,2,2,1,2,4,1,4,1,2,3,1,2,2,3,1,3,3,1,3,4"
4,0.9886279079380575,0.5196078431372549,2329.0,"2,2,3,4,1,1,4,1,1,2,4,1,1,4,2,2,3,4,1,1,4,4,4,2,1,1,4,3,1,2,2,2,3,3,3,3,1,2,1,3,2,3,4,4,4,3,1,4,4,3,4,1,3,2,1,1,2,1,1,4,3,1,1,3,4,1,4,2,3,1,1,2,4,4,3,1,3,2,4,2,3,1,1,3,1,3,3,3,4,1,2,1,3,4,4,2,4,4,2,2,4,3,3,3,3,4,3,1,2,1,1,2,2,2,4,1,4,2,3,2,1,3,4,4,4,4,1,2,1,3,1,2,2,2,3,2,1,4,2,1,4,2,1,1,3,3,2,1,2,2,4,1,1,2,2,2,4,1,2,1,3,2,3,2,2,3,1,2,1,1,3,4,2,3,3,1,2,2,2,2,3,3,3,4,2,4,4,3,2,2,2,4,1,2,1,1,2,2,3,2,1,4,3,4,3,4,2,1,3,3,1,2,1,1,3,3,2,2,2,2,1,2,4,4,3,3,1,3,1,4,3,1,3,3,3,1,2,4,1,3,1,1,4,2,1,2,4,2,3,3,1,3,2,1,1,2,1,4,2,2,1,2,1,3,2,3,2,1,4,3,4,4,2,2,2,3,2,4,2,2,1,4,2,3,2,1,1,3,3,1,2,1,4,4,3,1,3,4,1,4,1,2,4,1,2,1,4,1,4,4,4,2,2,4,4,2,2,3,2,3,4,3,4,1,2,4,1,2,4,1,1,2,3,3,3,4,2,3,1,1,1,4,3,3,2,2,1,2,4,1,3,4,3,4,1,2,2,2,2,1,2,3,2,4,3,3,1,2,2,1,4,1,4,2,1,2,4,1,1,4,4,3,2,2,1,1,3,4,3,3,4,2,4,1,1,3,2,2,3,3,2,4,1,3,2,3,1,2,3,3,1,4,3,3,1,1,4,2,1,4,1,4,1,3,2,3,2,4,3,3,4,1,3,2,3,3,2,1,3,3,2,1,4,3,4,3,1,3,1,3,4,3,4,2,2,3,4,2,3,3,2,4,1,3,1,2,3,2,1,3,2,4,4,3,2,4,3,2,2,3,4,2,4,4,3,4,3,2,4,2,1,2,1,3,3,1,1,3,3,2,3,3,4,1,2,1,3,3,2,1,3,1,2,1,1,2,4,2,3,1,1,1,4,4,1,4,2,2,1,4,2,4,2,2,2,1,4,2,3,3,2,4,1,1,1,2,1,1,2,2,2,2,1,3,4,1,3,4,3,2,1,4,3,1,1,2,2,3,3,2,2,1,4,1,1,1,2,4,2,1,2,4,2,3,3,2,1,1,4,1,3,4,1,4,3,2,2,1,4,2,3,2,3,1,1,2,2,3,3,3,2,2,3,1,2,3,2,4,1,1,3,3,2,1,3,3,1,3,1,3,2,3,1,1,3,2,1,1,1,2,4,3,2,4,3,2,4,3,3,2,4,2,4,1,1,3,3,3,3,4,4,3,4,1,1,4,2,1,2,1,4,4,3,3,1,2,2,2,1,2,4,2,1,3,3,4,1,4,1,1,3,2,1,4,3,1,4,1,1,1,4,4,3,4,3,3,3,2,2,3,4,3,1,3,4,3,1,2,4,4,4,3,3,2,1,4,2,1,2,3,1,2,1,1,2,4,2,4,2,1,2,1,3,1,3,4,2,3,2,3,3,3,4,1,4,3,2,1,3,1,3,1,1,4,2,4,1,1,2,3,1,4,4,2,1,3,4,3,2,3,2,4,2,1,3,4,1,3,2,2,3,2,3,1,3,4,4,2,3,1,2,2,1,4,1,1,1,1,3,1,4,1,4,3,2,4,3,1,3,1,4,1,3,4,1,1,1,2,2,3,3,1,4,2,1,4,3,2,1,2,2,1,4,3,2,1,2,2,3,4,2,3,1,1,1,3,2,1,3,4,3,3,4,3,1,2,3,3,1,1,4,3,3,3,2,3,1,3,1,1,1,2,3,1,3,2,3,4,1,2,1,1,4,3,4,1,4,2,1,1,3,2,2,3,3,3,4,3,4,4,2,1,2,1,2,3,4,4,4,2,3,2,1,3,1,4,4,4,4,1,1,1,1,1,4,4,4,2,4,2,1,3,3,2,4,2,1,1,3,4,2,2,1,1,4,2,1,1,2,2,4,2,2,3,4,2,1,1,1,3,1,2,2,2,2,4,1,2,4,2,4,2,3,3,2,1,1,4,4,4,3,1,3,4,4,2,2,2,3,1,4,1,3,1,1,2,2,2,1,4,1,2,2,4,4,2,2,3,3,4,4,3,1,1,3,1,2,1,4,3,1,1,2,2,3,4,4,2,1,2,1,2,2,3,2,1,1,3,1,3,1,3,1,1,4,3,2,1,1,3,2,2,4,4,2,3,3,1,4,4,4,2,3,2,3,4,3,3,4,3,2,1,1,1,2,3,2,3,4,3,1,4,3,4,3,2,3,1,2,2,1,1,1,4,3,2,2,4,3,1,4,3,3,2,2,3,4,2,3,3,2,2,2,2,4,1,2,4,3,1,2,3,4,4,1,1,3,1,3,2,3,2,1,1,1,3,4,4,2,1,1,2,3,2,2,2,2,3,3,3,1,1,2,2,2,4,2,4,1,3,1,2,3,4,3,3,2,4,3,4,3,1,3,2,2,2,4,1,4,3,4,4,2,3,4,4,2,2,2,3,3,2,1,4,2,2,3,1,1,4,2,2,4,1,1,2,2,3,2,1,2,2,4,1,1,1,1,3,4,1,4,3,3,1,2,1,4,1,1,2,3,4,3,2,1,3,1,1,3,4,2,4,3,2,1,1,1,1,1,1,2,3,4,2,4,3,4,3,1,2,2,3,1,3,1,3,3,1,2,1,3,3,2,1,2,4,4,4,4,1,4,2,4,4,3,2,2,2,4,2,2,3,2,4,2,3,2,4,2,2,2,4,3,1,4,4,1,2,1,1,1,2,3,1,1,3,3,3,4,3,4,3,3,3,4,1,3,3,4,1,4,1,3,4,1,4,2,2,3,4,4,3,2,3,2,2,3,4,3,1,2,4,3,3,4,2,1,1,3,1,4,3,1,3,2,1,4,1,1,3,3,2,3,3,1,3,2,4,2,2,1,1,2,1,1,4,4,1,2,1,2,2,2,3,4,1,2,4,1,1,3,4,2,2,4,3,4,2,3,1,4,3,3,2,1,1,4,3,2,2,3,1,4,1,3,1,1,4,1,4,4,3,4,3,2,3,2,1,2,2,2,1,1,1,2,3,4,1,1,3,3,3,1,4,2,3,4,1,2,3,2,1,3,4,4,2,4,4,1,1,4,2,4,1,2,2,3,3,4,3,1,2,1,3,1,2,3,1,1,3,2,4,1,2,3,1,2,2,2,2,1,2,1,3,4,1,3,2,3,2,1,2,1,1,1,4,3,4,2,2,1,1,1,2,2,2,4,4,2,1,4,4,1,3,3,2,4,3,3,3,1,1,1,2,2,3,3,4,1,1,1,2,3,2,2,4,1,2,3,3,1,2,2,3,1,3,1,1,3,2,2,1,3,2,4,2,1,2,3,4,4,2,1,2,2,4,3,4,1,4,3,1,1,2,3,4,1,3,3,1,3,2,1,3,2,3,3,2,2,2,3,3,1,3,1,4,1,1,4,1,1,4,4,2,1,2,4,1,2,4,2,1,4,1,4,1,2,1,2,1,3,2,1,1,1,3,4,1,3,1,2,2,1,2,4,1,4,1,2,3,1,2,2,3,1,3,3,1,3,4"
5,0.9886279079380575,0.5196078431372549,2329.0,"2,2,3,4,1,1,4,1,1,2,4,1,1,4,2,2,3,4,1,1,4,4,4,2,1,1,4,3,1,2,2,2,3,3,3,3,1,2,1,3,2,3,4,4,4,3,1,4,4,3,4,1,3,2,1,1,2,1,1,4,3,1,1,3,4,1,4,2,3,1,1,2,4,4,3,1,3,2,4,2,3,1,1,3,1,3,3,3,4,1,2,1,3,4,4,2,4,4,2,2,4,3,3,3,3,4,3,1,2,1,1,2,2,2,4,1,4,2,3,2,1,3,4,4,4,4,1,2,1,3,1,2,2,2,3,2,1,4,2,1,4,2,1,1,3,3,2,1,2,2,4,1,1,2,2,2,4,1,2,1,3,2,3,2,2,3,1,2,1,1,3,4,2,3,3,1,2,2,2,2,3,3,3,4,2,4,4,3,2,2,2,4,1,2,1,1,2,2,3,2,1,4,3,4,3,4,2,1,3,3,1,2,1,1,3,3,2,2,2,2,1,2,4,4,3,3,1,3,1,4,3,1,3,3,3,1,2,4,1,3,1,1,4,2,1,2,4,2,3,3,1,3,2,1,1,2,1,4,2,2,1,2,1,3,2,3,2,1,4,3,4,4,2,2,2,3,2,4,2,2,1,4,2,3,2,1,1,3,3,1,2,1,4,4,3,1,3,4,1,4,1,2,4,1,2,1,4,1,4,4,4,2,2,4,4,2,2,3,2,3,4,3,4,1,2,4,1,2,4,1,1,2,3,3,3,4,2,3,1,1,1,4,3,3,2,2,1,2,4,1,3,4,3,4,1,2,2,2,2,1,2,3,2,4,3,3,1,2,2,1,4,1,4,2,1,2,4,1,1,4,4,3,2,2,1,1,3,4,3,3,4,2,4,1,1,3,2,2,3,3,2,4,1,3,2,3,1,2,3,3,1,4,3,3,1,1,4,2,1,4,1,4,1,3,2,3,2,4,3,3,4,1,3,2,3,3,2,1,3,3,2,1,4,3,4,3,1,3,1,3,4,3,4,2,2,3,4,2,3,3,2,4,1,3,1,2,3,2,1,3,2,4,4,3,2,4,3,2,2,3,4,2,4,4,3,4,3,2,4,2,1,2,1,3,3,1,1,3,3,2,3,3,4,1,2,1,3,3,2,1,3,1,2,1,1,2,4,2,3,1,1,1,4,4,1,4,2,2,1,4,2,4,2,2,2,1,4,2,3,3,2,4,1,1,1,2,1,1,2,2,2,2,1,3,4,1,3,4,3,2,1,4,3,1,1,2,2,3,3,2,2,1,4,1,1,1,2,4,2,1,2,4,2,3,3,2,1,1,4,1,3,4,1,4,3,2,2,1,4,2,3,2,3,1,1,2,2,3,3,3,2,2,3,1,2,3,2,4,1,1,3,3,2,1,3,3,1,3,1,3,2,3,1,1,3,2,1,1,1,2,4,3,2,4,3,2,4,3,3,2,4,2,4,1,1,3,3,3,3,4,4,3,4,1,1,4,2,1,2,1,4,4,3,3,1,2,2,2,1,2,4,2,1,3,3,4,1,4,1,1,3,2,1,4,3,1,4,1,1,1,4,4,3,4,3,3,3,2,2,3,4,3,1,3,4,3,1,2,4,4,4,3,3,2,1,4,2,1,2,3,1,2,1,1,2,4,2,4,2,1,2,1,3,1,3,4,2,3,2,3,3,3,4,1,4,3,2,1,3,1,3,1,1,4,2,4,1,1,2,3,1,4,4,2,1,3,4,3,2,3,2,4,2,1,3,4,1,3,2,2,3,2,3,1,3,4,4,2,3,1,2,2,1,4,1,1,1,1,3,1,4,1,4,3,2,4,3,1,3,1,4,1,3,4,1,1,1,2,2,3,3,1,4,2,1,4,3,2,1,2,2,1,4,3,2,1,2,2,3,4,2,3,1,1,1,3,2,1,3,4,3,3,4,3,1,2,3,3,1,1,4,3,3,3,2,3,1,3,1,1,1,2,3,1,3,2,3,4,1,2,1,1,4,3,4,1,4,2,1,1,3,2,2,3,3,3,4,3,4,4,2,1,2,1,2,3,4,4,4,2,3,2,1,3,1,4,4,4,4,1,1,1,1,1,4,4,4,2,4,2,1,3,3,2,4,2,1,1,3,4,2,2,1,1,4,2,1,1,2,2,4,2,2,3,4,2,1,1,1,3,1,2,2,2,2,4,1,2,4,2,4,2,3,3,2,1,1,4,4,4,3,1,3,4,4,2,2,2,3,1,4,1,3,1,1,2,2,2,1,4,1,2,2,4,4,2,2,3,3,4,4,3,1,1,3,1,2,1,4,3,1,1,2,2,3,4,4,2,1,2,1,2,2,3,2,1,1,3,1,3,1,3,1,1,4,3,2,1,1,3,2,2,4,4,2,3,3,1,4,4,4,2,3,2,3,4,3,3,4,3,2,1,1,1,2,3,2,3,4,3,1,4,3,4,3,2,3,1,2,2,1,1,1,4,3,2,2,4,3,1,4,3,3,2,2,3,4,2,3,3,2,2,2,2,4,1,2,4,3,1,2,3,4,4,1,1,3,1,3,2,3,2,1,1,1,3,4,4,2,1,1,2,3,2,2,2,2,3,3,3,1,1,2,2,2,4,2,4,1,3,1,2,3,4,3,3,2,4,3,4,3,1,3,2,2,2,4,1,4,3,4,4,2,3,4,4,2,2,2,3,3,2,1,4,2,2,3,1,1,4,2,2,4,1,1,2,2,3,2,1,2,2,4,1,1,1,1,3,4,1,4,3,3,1,2,1,4,1,1,2,3,4,3,2,1,3,1,1,3,4,2,4,3,2,1,1,1,1,1,1,2,3,4,2,4,3,4,3,1,2,2,3,1,3,1,3,3,1,2,1,3,3,2,1,2,4,4,4,4,1,4,2,4,4,3,2,2,2,4,2,2,3,2,4,2,3,2,4,2,2,2,4,3,1,4,4,1,2,1,1,1,2,3,1,1,3,3,3,4,3,4,3,3,3,4,1,3,3,4,1,4,1,3,4,1,4,2,2,3,4,4,3,2,3,2,2,3,4,3,1,2,4,3,3,4,2,1,1,3,1,4,3,1,3,2,1,4,1,1,3,3,2,3,3,1,3,2,4,2,2,1,1,2,1,1,4,4,1,2,1,2,2,2,3,4,1,2,4,1,1,3,4,2,2,4,3,4,2,3,1,4,3,3,2,1,1,4,3,2,2,3,1,4,1,3,1,1,4,1,4,4,3,4,3,2,3,2,1,2,2,2,1,1,1,2,3,4,1,1,3,3,3,1,4,2,3,4,1,2,3,2,1,3,4,4,2,4,4,1,1,4,2,4,1,2,2,3,3,4,3,1,2,1,3,1,2,3,1,1,3,2,4,1,2,3,1,2,2,2,2,1,2,1,3,4,1,3,2,3,2,1,2,1,1,1,4,3,4,2,2,1,1,1,2,2,2,4,4,2,1,4,4,1,3,3,2,4,3,3,3,1,1,1,2,2,3,3,4,1,1,1,2,3,2,2,4,1,2,3,3,1,2,2,3,1,3,1,1,3,2,2,1,3,2,4,2,1,2,3,4,4,2,1,2,2,4,3,4,1,4,3,1,1,2,3,4,1,3,3,1,3,2,1,3,2,3,3,2,2,2,3,3,1,3,1,4,1,1,4,1,1,4,4,2,1,2,4,1,2,4,2,1,4,1,4,1,2,1,2,1,3,2,1,1,1,3,4,1,3,1,2,2,1,2,4,1,4,1,2,3,1,2,2,3,1,3,3,1,3,4"
6,0.9886279079380575,0.5196078431372549,2329.0,"2,2,3,4,1,1,4,1,1,2,4,1,1,4,2,2,3,4,1,1,4,4,4,2,1,1,4,3,1,2,2,2,3,3,3,3,1,2,1,3,2,3,4,4,4,3,1,4,4,3,4,1,3,2,1,1,2,1,1,4,3,1,1,3,4,1,4,2,3,1,1,2,4,4,3,1,3,2,4,2,3,1,1,3,1,3,3,3,4,1,2,1,3,4,4,2,4,4,2,2,4,3,3,3,3,4,3,1,2,1,1,2,2,2,4,1,4,2,3,2,1,3,4,4,4,4,1,2,1,3,1,2,2,2,3,2,1,4,2,1,4,2,1,1,3,3,2,1,2,2,4,1,1,2,2,2,4,1,2,1,3,2,3,2,2,3,1,2,1,1,3,4,2,3,3,1,2,2,2,2,3,3,3,4,2,4,4,3,2,2,2,4,1,2,1,1,2,2,3,2,1,4,3,4,3,4,2,1,3,3,1,2,1,1,3,3,2,2,2,2,1,2,4,4,3,3,1,3,1,4,3,1,3,3,3,1,2,4,1,3,1,1,4,2,1,2,4,2,3,3,1,3,2,1,1,2,1,4,2,2,1,2,1,3,2,3,2,1,4,3,4,4,2,2,2,3,2,4,2,2,1,4,2,3,2,1,1,3,3,1,2,1,4,4,3,1,3,4,1,4,1,2,4,1,2,1,4,1,4,4,4,2,2,4,4,2,2,3,2,3,4,3,4,1,2,4,1,2,4,1,1,2,3,3,3,4,2,3,1,1,1,4,3,3,2,2,1,2,4,1,3,4,3,4,1,2,2,2,2,1,2,3,2,4,3,3,1,2,2,1,4,1,4,2,1,2,4,1,1,4,4,3,2,2,1,1,3,4,3,3,4,2,4,1,1,3,2,2,3,3,2,4,1,3,2,3,1,2,3,3,1,4,3,3,1,1,4,2,1,4,1,4,1,3,2,3,2,4,3,3,4,1,3,2,3,3,2,1,3,3,2,1,4,3,4,3,1,3,1,3,4,3,4,2,2,3,4,2,3,3,2,4,1,3,1,2,3,2,1,3,2,4,4,3,2,4,3,2,2,3,4,2,4,4,3,4,3,2,4,2,1,2,1,3,3,1,1,3,3,2,3,3,4,1,2,1,3,3,2,1,3,1,2,1,1,2,4,2,3,1,1,1,4,4,1,4,2,2,1,4,2,4,2,2,2,1,4,2,3,3,2,4,1,1,1,2,1,1,2,2,2,2,1,3,4,1,3,4,3,2,1,4,3,1,1,2,2,3,3,2,2,1,4,1,1,1,2,4,2,1,2,4,2,3,3,2,1,1,4,1,3,4,1,4,3,2,2,1,4,2,3,2,3,1,1,2,2,3,3,3,2,2,3,1,2,3,2,4,1,1,3,3,2,1,3,3,1,3,1,3,2,3,1,1,3,2,1,1,1,2,4,3,2,4,3,2,4,3,3,2,4,2,4,1,1,3,3,3,3,4,4,3,4,1,1,4,2,1,2,1,4,4,3,3,1,2,2,2,1,2,4,2,1,3,3,4,1,4,1,1,3,2,1,4,3,1,4,1,1,1,4,4,3,4,3,3,3,2,2,3,4,3,1,3,4,3,1,2,4,4,4,3,3,2,1,4,2,1,2,3,1,2,1,1,2,4,2,4,2,1,2,1,3,1,3,4,2,3,2,3,3,3,4,1,4,3,2,1,3,1,3,1,1,4,2,4,1,1,2,3,1,4,4,2,1,3,4,3,2,3,2,4,2,1,3,4,1,3,2,2,3,2,3,1,3,4,4,2,3,1,2,2,1,4,1,1,1,1,3,1,4,1,4,3,2,4,3,1,3,1,4,1,3,4,1,1,1,2,2,3,3,1,4,2,1,4,3,2,1,2,2,1,4,3,2,1,2,2,3,4,2,3,1,1,1,3,2,1,3,4,3,3,4,3,1,2,3,3,1,1,4,3,3,3,2,3,1,3,1,1,1,2,3,1,3,2,3,4,1,2,1,1,4,3,4,1,4,2,1,1,3,2,2,3,3,3,4,3,4,4,2,1,2,1,2,3,4,4,4,2,3,2,1,3,1,4,4,4,4,1,1,1,1,1,4,4,4,2,4,2,1,3,3,2,4,2,1,1,3,4,2,2,1,1,4,2,1,1,2,2,4,2,2,3,4,2,1,1,1,3,1,2,2,2,2,4,1,2,4,2,4,2,3,3,2,1,1,4,4,4,3,1,3,4,4,2,2,2,3,1,4,1,3,1,1,2,2,2,1,4,1,2,2,4,4,2,2,3,3,4,4,3,1,1,3,1,2,1,4,3,1,1,2,2,3,4,4,2,1,2,1,2,2,3,2,1,1,3,1,3,1,3,1,1,4,3,2,1,1,3,2,2,4,4,2,3,3,1,4,4,4,2,3,2,3,4,3,3,4,3,2,1,1,1,2,3,2,3,4,3,1,4,3,4,3,2,3,1,2,2,1,1,1,4,3,2,2,4,3,1,4,3,3,2,2,3,4,2,3,3,2,2,2,2,4,1,2,4,3,1,2,3,4,4,1,1,3,1,3,2,3,2,1,1,1,3,4,4,2,1,1,2,3,2,2,2,2,3,3,3,1,1,2,2,2,4,2,4,1,3,1,2,3,4,3,3,2,4,3,4,3,1,3,2,2,2,4,1,4,3,4,4,2,3,4,4,2,2,2,3,3,2,1,4,2,2,3,1,1,4,2,2,4,1,1,2,2,3,2,1,2,2,4,1,1,1,1,3,4,1,4,3,3,1,2,1,4,1,1,2,3,4,3,2,1,3,1,1,3,4,2,4,3,2,1,1,1,1,1,1,2,3,4,2,4,3,4,3,1,2,2,3,1,3,1,3,3,1,2,1,3,3,2,1,2,4,4,4,4,1,4,2,4,4,3,2,2,2,4,2,2,3,2,4,2,3,2,4,2,2,2,4,3,1,4,4,1,2,1,1,1,2,3,1,1,3,3,3,4,3,4,3,3,3,4,1,3,3,4,1,4,1,3,4,1,4,2,2,3,4,4,3,2,3,2,2,3,4,3,1,2,4,3,3,4,2,1,1,3,1,4,3,1,3,2,1,4,1,1,3,3,2,3,3,1,3,2,4,2,2,1,1,2,1,1,4,4,1,2,1,2,2,2,3,4,1,2,4,1,1,3,4,2,2,4,3,4,2,3,1,4,3,3,2,1,1,4,3,2,2,3,1,4,1,3,1,1,4,1,4,4,3,4,3,2,3,2,1,2,2,2,1,1,1,2,3,4,1,1,3,3,3,1,4,2,3,4,1,2,3,2,1,3,4,4,2,4,4,1,1,4,2,4,1,2,2,3,3,4,3,1,2,1,3,1,2,3,1,1,3,2,4,1,2,3,1,2,2,2,2,1,2,1,3,4,1,3,2,3,2,1,2,1,1,1,4,3,4,2,2,1,1,1,2,2,2,4,4,2,1,4,4,1,3,3,2,4,3,3,3,1,1,1,2,2,3,3,4,1,1,1,2,3,2,2,4,1,2,3,3,1,2,2,3,1,3,1,1,3,2,2,1,3,2,4,2,1,2,3,4,4,2,1,2,2,4,3,4,1,4,3,1,1,2,3,4,1,3,3,1,3,2,1,3,2,3,3,2,2,2,3,3,1,3,1,4,1,1,4,1,1,4,4,2,1,2,4,1,2,4,2,1,4,1,4,1,2,1,2,1,3,2,1,1,1,3,4,1,3,1,2,2,1,2,4,1,4,1,2,3,1,2,2,3,1,3,3,1,3,4"
7,0.9886279079380575,0.5196078431372549,2329.0,"2,2,3,4,1,1,4,1,1,2,4,1,1,4,2,2,3,4,1,1,4,4,4,2,1,1,4,3,1,2,2,2,3,3,3,3,1,2,1,3,2,3,4,4,4,3,1,4,4,3,4,1,3,2,1,1,2,1,1,4,3,1,1,3,4,1,4,2,3,1,1,2,4,4,3,1,3,2,4,2,3,1,1,3,1,3,3,3,4,1,2,1,3,4,4,2,4,4,2,2,4,3,3,3,3,4,3,1,2,1,1,2,2,2,4,1,4,2,3,2,1,3,4,4,4,4,1,2,1,3,1,2,2,2,3,2,1,4,2,1,4,2,1,1,3,3,2,1,2,2,4,1,1,2,2,2,4,1,2,1,3,2,3,2,2,3,1,2,1,1,3,4,2,3,3,1,2,2,2,2,3,3,3,4,2,4,4,3,2,2,2,4,1,2,1,1,2,2,3,2,1,4,3,4,3,4,2,1,3,3,1,2,1,1,3,3,2,2,2,2,1,2,4,4,3,3,1,3,1,4,3,1,3,3,3,1,2,4,1,3,1,1,4,2,1,2,4,2,3,3,1,3,2,1,1,2,1,4,2,2,1,2,1,3,2,3,2,1,4,3,4,4,2,2,2,3,2,4,2,2,1,4,2,3,2,1,1,3,3,1,2,1,4,4,3,1,3,4,1,4,1,2,4,1,2,1,4,1,4,4,4,2,2,4,4,2,2,3,2,3,4,3,4,1,2,4,1,2,4,1,1,2,3,3,3,4,2,3,1,1,1,4,3,3,2,2,1,2,4,1,3,4,3,4,1,2,2,2,2,1,2,3,2,4,3,3,1,2,2,1,4,1,4,2,1,2,4,1,1,4,4,3,2,2,1,1,3,4,3,3,4,2,4,1,1,3,2,2,3,3,2,4,1,3,2,3,1,2,3,3,1,4,3,3,1,1,4,2,1,4,1,4,1,3,2,3,2,4,3,3,4,1,3,2,3,3,2,1,3,3,2,1,4,3,4,3,1,3,1,3,4,3,4,2,2,3,4,2,3,3,2,4,1,3,1,2,3,2,1,3,2,4,4,3,2,4,3,2,2,3,4,2,4,4,3,4,3,2,4,2,1,2,1,3,3,1,1,3,3,2,3,3,4,1,2,1,3,3,2,1,3,1,2,1,1,2,4,2,3,1,1,1,4,4,1,4,2,2,1,4,2,4,2,2,2,1,4,2,3,3,2,4,1,1,1,2,1,1,2,2,2,2,1,3,4,1,3,4,3,2,1,4,3,1,1,2,2,3,3,2,2,1,4,1,1,1,2,4,2,1,2,4,2,3,3,2,1,1,4,1,3,4,1,4,3,2,2,1,4,2,3,2,3,1,1,2,2,3,3,3,2,2,3,1,2,3,2,4,1,1,3,3,2,1,3,3,1,3,1,3,2,3,1,1,3,2,1,1,1,2,4,3,2,4,3,2,4,3,3,2,4,2,4,1,1,3,3,3,3,4,4,3,4,1,1,4,2,1,2,1,4,4,3,3,1,2,2,2,1,2,4,2,1,3,3,4,1,4,1,1,3,2,1,4,3,1,4,1,1,1,4,4,3,4,3,3,3,2,2,3,4,3,1,3,4,3,1,2,4,4,4,3,3,2,1,4,2,1,2,3,1,2,1,1,2,4,2,4,2,1,2,1,3,1,3,4,2,3,2,3,3,3,4,1,4,3,2,1,3,1,3,1,1,4,2,4,1,1,2,3,1,4,4,2,1,3,4,3,2,3,2,4,2,1,3,4,1,3,2,2,3,2,3,1,3,4,4,2,3,1,2,2,1,4,1,1,1,1,3,1,4,1,4,3,2,4,3,1,3,1,4,1,3,4,1,1,1,2,2,3,3,1,4,2,1,4,3,2,1,2,2,1,4,3,2,1,2,2,3,4,2,3,1,1,1,3,2,1,3,4,3,3,4,3,1,2,3,3,1,1,4,3,3,3,2,3,1,3,1,1,1,2,3,1,3,2,3,4,1,2,1,1,4,3,4,1,4,2,1,1,3,2,2,3,3,3,4,3,4,4,2,1,2,1,2,3,4,4,4,2,3,2,1,3,1,4,4,4,4,1,1,1,1,1,4,4,4,2,4,2,1,3,3,2,4,2,1,1,3,4,2,2,1,1,4,2,1,1,2,2,4,2,2,3,4,2,1,1,1,3,1,2,2,2,2,4,1,2,4,2,4,2,3,3,2,1,1,4,4,4,3,1,3,4,4,2,2,2,3,1,4,1,3,1,1,2,2,2,1,4,1,2,2,4,4,2,2,3,3,4,4,3,1,1,3,1,2,1,4,3,1,1,2,2,3,4,4,2,1,2,1,2,2,3,2,1,1,3,1,3,1,3,1,1,4,3,2,1,1,3,2,2,4,4,2,3,3,1,4,4,4,2,3,2,3,4,3,3,4,3,2,1,1,1,2,3,2,3,4,3,1,4,3,4,3,2,3,1,2,2,1,1,1,4,3,2,2,4,3,1,4,3,3,2,2,3,4,2,3,3,2,2,2,2,4,1,2,4,3,1,2,3,4,4,1,1,3,1,3,2,3,2,1,1,1,3,4,4,2,1,1,2,3,2,2,2,2,3,3,3,1,1,2,2,2,4,2,4,1,3,1,2,3,4,3,3,2,4,3,4,3,1,3,2,2,2,4,1,4,3,4,4,2,3,4,4,2,2,2,3,3,2,1,4,2,2,3,1,1,4,2,2,4,1,1,2,2,3,2,1,2,2,4,1,1,1,1,3,4,1,4,3,3,1,2,1,4,1,1,2,3,4,3,2,1,3,1,1,3,4,2,4,3,2,1,1,1,1,1,1,2,3,4,2,4,3,4,3,1,2,2,3,1,3,1,3,3,1,2,1,3,3,2,1,2,4,4,4,4,1,4,2,4,4,3,2,2,2,4,2,2,3,2,4,2,3,2,4,2,2,2,4,3,1,4,4,1,2,1,1,1,2,3,1,1,3,3,3,4,3,4,3,3,3,4,1,3,3,4,1,4,1,3,4,1,4,2,2,3,4,4,3,2,3,2,2,3,4,3,1,2,4,3,3,4,2,1,1,3,1,4,3,1,3,2,1,4,1,1,3,3,2,3,3,1,3,2,4,2,2,1,1,2,1,1,4,4,1,2,1,2,2,2,3,4,1,2,4,1,1,3,4,2,2,4,3,4,2,3,1,4,3,3,2,1,1,4,3,2,2,3,1,4,1,3,1,1,4,1,4,4,3,4,3,2,3,2,1,2,2,2,1,1,1,2,3,4,1,1,3,3,3,1,4,2,3,4,1,2,3,2,1,3,4,4,2,4,4,1,1,4,2,4,1,2,2,3,3,4,3,1,2,1,3,1,2,3,1,1,3,2,4,1,2,3,1,2,2,2,2,1,2,1,3,4,1,3,2,3,2,1,2,1,1,1,4,3,4,2,2,1,1,1,2,2,2,4,4,2,1,4,4,1,3,3,2,4,3,3,3,1,1,1,2,2,3,3,4,1,1,1,2,3,2,2,4,1,2,3,3,1,2,2,3,1,3,1,1,3,2,2,1,3,2,4,2,1,2,3,4,4,2,1,2,2,4,3,4,1,4,3,1,1,2,3,4,1,3,3,1,3,2,1,3,2,3,3,2,2,2,3,3,1,3,1,4,1,1,4,1,1,4,4,2,1,2,4,1,2,4,2,1,4,1,4,1,2,1,2,1,3,2,1,1,1,3,4,1,3,1,2,2,1,2,4,1,4,1,2,3,1,2,2,3,1,3,3,1,3,4"
8,0.9886279079380575,0.5196078431372549,2329.0,"2,2,3,4,1,1,4,1,1,2,4,1,1,4,2,2,3,4,1,1,4,4,4,2,1,1,4,3,1,2,2,2,3,3,3,3,1,2,1,3,2,3,4,4,4,3,1,4,4,3,4,1,3,2,1,1,2,1,1,4,3,1,1,3,4,1,4,2,3,1,1,2,4,4,3,1,3,2,4,2,3,1,1,3,1,3,3,3,4,1,2,1,3,4,4,2,4,4,2,2,4,3,3,3,3,4,3,1,2,1,1,2,2,2,4,1,4,2,3,2,1,3,4,4,4,4,1,2,1,3,1,2,2,2,3,2,1,4,2,1,4,2,1,1,3,3,2,1,2,2,4,1,1,2,2,2,4,1,2,1,3,2,3,2,2,3,1,2,1,1,3,4,2,3,3,1,2,2,2,2,3,3,3,4,2,4,4,3,2,2,2,4,1,2,1,1,2,2,3,2,1,4,3,4,3,4,2,1,3,3,1,2,1,1,3,3,2,2,2,2,1,2,4,4,3,3,1,3,1,4,3,1,3,3,3,1,2,4,1,3,1,1,4,2,1,2,4,2,3,3,1,3,2,1,1,2,1,4,2,2,1,2,1,3,2,3,2,1,4,3,4,4,2,2,2,3,2,4,2,2,1,4,2,3,2,1,1,3,3,1,2,1,4,4,3,1,3,4,1,4,1,2,4,1,2,1,4,1,4,4,4,2,2,4,4,2,2,3,2,3,4,3,4,1,2,4,1,2,4,1,1,2,3,3,3,4,2,3,1,1,1,4,3,3,2,2,1,2,4,1,3,4,3,4,1,2,2,2,2,1,2,3,2,4,3,3,1,2,2,1,4,1,4,2,1,2,4,1,1,4,4,3,2,2,1,1,3,4,3,3,4,2,4,1,1,3,2,2,3,3,2,4,1,3,2,3,1,2,3,3,1,4,3,3,1,1,4,2,1,4,1,4,1,3,2,3,2,4,3,3,4,1,3,2,3,3,2,1,3,3,2,1,4,3,4,3,1,3,1,3,4,3,4,2,2,3,4,2,3,3,2,4,1,3,1,2,3,2,1,3,2,4,4,3,2,4,3,2,2,3,4,2,4,4,3,4,3,2,4,2,1,2,1,3,3,1,1,3,3,2,3,3,4,1,2,1,3,3,2,1,3,1,2,1,1,2,4,2,3,1,1,1,4,4,1,4,2,2,1,4,2,4,2,2,2,1,4,2,3,3,2,4,1,1,1,2,1,1,2,2,2,2,1,3,4,1,3,4,3,2,1,4,3,1,1,2,2,3,3,2,2,1,4,1,1,1,2,4,2,1,2,4,2,3,3,2,1,1,4,1,3,4,1,4,3,2,2,1,4,2,3,2,3,1,1,2,2,3,3,3,2,2,3,1,2,3,2,4,1,1,3,3,2,1,3,3,1,3,1,3,2,3,1,1,3,2,1,1,1,2,4,3,2,4,3,2,4,3,3,2,4,2,4,1,1,3,3,3,3,4,4,3,4,1,1,4,2,1,2,1,4,4,3,3,1,2,2,2,1,2,4,2,1,3,3,4,1,4,1,1,3,2,1,4,3,1,4,1,1,1,4,4,3,4,3,3,3,2,2,3,4,3,1,3,4,3,1,2,4,4,4,3,3,2,1,4,2,1,2,3,1,2,1,1,2,4,2,4,2,1,2,1,3,1,3,4,2,3,2,3,3,3,4,1,4,3,2,1,3,1,3,1,1,4,2,4,1,1,2,3,1,4,4,2,1,3,4,3,2,3,2,4,2,1,3,4,1,3,2,2,3,2,3,1,3,4,4,2,3,1,2,2,1,4,1,1,1,1,3,1,4,1,4,3,2,4,3,1,3,1,4,1,3,4,1,1,1,2,2,3,3,1,4,2,1,4,3,2,1,2,2,1,4,3,2,1,2,2,3,4,2,3,1,1,1,3,2,1,3,4,3,3,4,3,1,2,3,3,1,1,4,3,3,3,2,3,1,3,1,1,1,2,3,1,3,2,3,4,1,2,1,1,4,3,4,1,4,2,1,1,3,2,2,3,3,3,4,3,4,4,2,1,2,1,2,3,4,4,4,2,3,2,1,3,1,4,4,4,4,1,1,1,1,1,4,4,4,2,4,2,1,3,3,2,4,2,1,1,3,4,2,2,1,1,4,2,1,1,2,2,4,2,2,3,4,2,1,1,1,3,1,2,2,2,2,4,1,2,4,2,4,2,3,3,2,1,1,4,4,4,3,1,3,4,4,2,2,2,3,1,4,1,3,1,1,2,2,2,1,4,1,2,2,4,4,2,2,3,3,4,4,3,1,1,3,1,2,1,4,3,1,1,2,2,3,4,4,2,1,2,1,2,2,3,2,1,1,3,1,3,1,3,1,1,4,3,2,1,1,3,2,2,4,4,2,3,3,1,4,4,4,2,3,2,3,4,3,3,4,3,2,1,1,1,2,3,2,3,4,3,1,4,3,4,3,2,3,1,2,2,1,1,1,4,3,2,2,4,3,1,4,3,3,2,2,3,4,2,3,3,2,2,2,2,4,1,2,4,3,1,2,3,4,4,1,1,3,1,3,2,3,2,1,1,1,3,4,4,2,1,1,2,3,2,2,2,2,3,3,3,1,1,2,2,2,4,2,4,1,3,1,2,3,4,3,3,2,4,3,4,3,1,3,2,2,2,4,1,4,3,4,4,2,3,4,4,2,2,2,3,3,2,1,4,2,2,3,1,1,4,2,2,4,1,1,2,2,3,2,1,2,2,4,1,1,1,1,3,4,1,4,3,3,1,2,1,4,1,1,2,3,4,3,2,1,3,1,1,3,4,2,4,3,2,1,1,1,1,1,1,2,3,4,2,4,3,4,3,1,2,2,3,1,3,1,3,3,1,2,1,3,3,2,1,2,4,4,4,4,1,4,2,4,4,3,2,2,2,4,2,2,3,2,4,2,3,2,4,2,2,2,4,3,1,4,4,1,2,1,1,1,2,3,1,1,3,3,3,4,3,4,3,3,3,4,1,3,3,4,1,4,1,3,4,1,4,2,2,3,4,4,3,2,3,2,2,3,4,3,1,2,4,3,3,4,2,1,1,3,1,4,3,1,3,2,1,4,1,1,3,3,2,3,3,1,3,2,4,2,2,1,1,2,1,1,4,4,1,2,1,2,2,2,3,4,1,2,4,1,1,3,4,2,2,4,3,4,2,3,1,4,3,3,2,1,1,4,3,2,2,3,1,4,1,3,1,1,4,1,4,4,3,4,3,2,3,2,1,2,2,2,1,1,1,2,3,4,1,1,3,3,3,1,4,2,3,4,1,2,3,2,1,3,4,4,2,4,4,1,1,4,2,4,1,2,2,3,3,4,3,1,2,1,3,1,2,3,1,1,3,2,4,1,2,3,1,2,2,2,2,1,2,1,3,4,1,3,2,3,2,1,2,1,1,1,4,3,4,2,2,1,1,1,2,2,2,4,4,2,1,4,4,1,3,3,2,4,3,3,3,1,1,1,2,2,3,3,4,1,1,1,2,3,2,2,4,1,2,3,3,1,2,2,3,1,3,1,1,3,2,2,1,3,2,4,2,1,2,3,4,4,2,1,2,2,4,3,4,1,4,3,1,1,2,3,4,1,3,3,1,3,2,1,3,2,3,3,2,2,2,3,3,1,3,1,4,1,1,4,1,1,4,4,2,1,2,4,1,2,4,2,1,4,1,4,1,2,1,2,1,3,2,1,1,1,3,4,1,3,1,2,2,1,2,4,1,4,1,2,3,1,2,2,3,1,3,3,1,3,4"
9,0.9886279079380575,0.5196078431372549,2329.0,"2,2,3,4,1,1,4,1,1,2,4,1,1,4,2,2,3,4,1,1,4,4,4,2,1,1,4,3,1,2,2,2,3,3,3,3,1,2,1,3,2,3,4,4,4,3,1,4,4,3,4,1,3,2,1,1,2,1,1,4,3,1,1,3,4,1,4,2,3,1,1,2,4,4,3,1,3,2,4,2,3,1,1,3,1,3,3,3,4,1,2,1,3,4,4,2,4,4,2,2,4,3,3,3,3,4,3,1,2,1,1,2,2,2,4,1,4,2,3,2,1,3,4,4,4,4,1,2,1,3,1,2,2,2,3,2,1,4,2,1,4,2,1,1,3,3,2,1,2,2,4,1,1,2,2,2,4,1,2,1,3,2,3,2,2,3,1,2,1,1,3,4,2,3,3,1,2,2,2,2,3,3,3,4,2,4,4,3,2,2,2,4,1,2,1,1,2,2,3,2,1,4,3,4,3,4,2,1,3,3,1,2,1,1,3,3,2,2,2,2,1,2,4,4,3,3,1,3,1,4,3,1,3,3,3,1,2,4,1,3,1,1,4,2,1,2,4,2,3,3,1,3,2,1,1,2,1,4,2,2,1,2,1,3,2,3,2,1,4,3,4,4,2,2,2,3,2,4,2,2,1,4,2,3,2,1,1,3,3,1,2,1,4,4,3,1,3,4,1,4,1,2,4,1,2,1,4,1,4,4,4,2,2,4,4,2,2,3,2,3,4,3,4,1,2,4,1,2,4,1,1,2,3,3,3,4,2,3,1,1,1,4,3,3,2,2,1,2,4,1,3,4,3,4,1,2,2,2,2,1,2,3,2,4,3,3,1,2,2,1,4,1,4,2,1,2,4,1,1,4,4,3,2,2,1,1,3,4,3,3,4,2,4,1,1,3,2,2,3,3,2,4,1,3,2,3,1,2,3,3,1,4,3,3,1,1,4,2,1,4,1,4,1,3,2,3,2,4,3,3,4,1,3,2,3,3,2,1,3,3,2,1,4,3,4,3,1,3,1,3,4,3,4,2,2,3,4,2,3,3,2,4,1,3,1,2,3,2,1,3,2,4,4,3,2,4,3,2,2,3,4,2,4,4,3,4,3,2,4,2,1,2,1,3,3,1,1,3,3,2,3,3,4,1,2,1,3,3,2,1,3,1,2,1,1,2,4,2,3,1,1,1,4,4,1,4,2,2,1,4,2,4,2,2,2,1,4,2,3,3,2,4,1,1,1,2,1,1,2,2,2,2,1,3,4,1,3,4,3,2,1,4,3,1,1,2,2,3,3,2,2,1,4,1,1,1,2,4,2,1,2,4,2,3,3,2,1,1,4,1,3,4,1,4,3,2,2,1,4,2,3,2,3,1,1,2,2,3,3,3,2,2,3,1,2,3,2,4,1,1,3,3,2,1,3,3,1,3,1,3,2,3,1,1,3,2,1,1,1,2,4,3,2,4,3,2,4,3,3,2,4,2,4,1,1,3,3,3,3,4,4,3,4,1,1,4,2,1,2,1,4,4,3,3,1,2,2,2,1,2,4,2,1,3,3,4,1,4,1,1,3,2,1,4,3,1,4,1,1,1,4,4,3,4,3,3,3,2,2,3,4,3,1,3,4,3,1,2,4,4,4,3,3,2,1,4,2,1,2,3,1,2,1,1,2,4,2,4,2,1,2,1,3,1,3,4,2,3,2,3,3,3,4,1,4,3,2,1,3,1,3,1,1,4,2,4,1,1,2,3,1,4,4,2,1,3,4,3,2,3,2,4,2,1,3,4,1,3,2,2,3,2,3,1,3,4,4,2,3,1,2,2,1,4,1,1,1,1,3,1,4,1,4,3,2,4,3,1,3,1,4,1,3,4,1,1,1,2,2,3,3,1,4,2,1,4,3,2,1,2,2,1,4,3,2,1,2,2,3,4,2,3,1,1,1,3,2,1,3,4,3,3,4,3,1,2,3,3,1,1,4,3,3,3,2,3,1,3,1,1,1,2,3,1,3,2,3,4,1,2,1,1,4,3,4,1,4,2,1,1,3,2,2,3,3,3,4,3,4,4,2,1,2,1,2,3,4,4,4,2,3,2,1,3,1,4,4,4,4,1,1,1,1,1,4,4,4,2,4,2,1,3,3,2,4,2,1,1,3,4,2,2,1,1,4,2,1,1,2,2,4,2,2,3,4,2,1,1,1,3,1,2,2,2,2,4,1,2,4,2,4,2,3,3,2,1,1,4,4,4,3,1,3,4,4,2,2,2,3,1,4,1,3,1,1,2,2,2,1,4,1,2,2,4,4,2,2,3,3,4,4,3,1,1,3,1,2,1,4,3,1,1,2,2,3,4,4,2,1,2,1,2,2,3,2,1,1,3,1,3,1,3,1,1,4,3,2,1,1,3,2,2,4,4,2,3,3,1,4,4,4,2,3,2,3,4,3,3,4,3,2,1,1,1,2,3,2,3,4,3,1,4,3,4,3,2,3,1,2,2,1,1,1,4,3,2,2,4,3,1,4,3,3,2,2,3,4,2,3,3,2,2,2,2,4,1,2,4,3,1,2,3,4,4,1,1,3,1,3,2,3,2,1,1,1,3,4,4,2,1,1,2,3,2,2,2,2,3,3,3,1,1,2,2,2,4,2,4,1,3,1,2,3,4,3,3,2,4,3,4,3,1,3,2,2,2,4,1,4,3,4,4,2,3,4,4,2,2,2,3,3,2,1,4,2,2,3,1,1,4,2,2,4,1,1,2,2,3,2,1,2,2,4,1,1,1,1,3,4,1,4,3,3,1,2,1,4,1,1,2,3,4,3,2,1,3,1,1,3,4,2,4,3,2,1,1,1,1,1,1,2,3,4,2,4,3,4,3,1,2,2,3,1,3,1,3,3,1,2,1,3,3,2,1,2,4,4,4,4,1,4,2,4,4,3,2,2,2,4,2,2,3,2,4,2,3,2,4,2,2,2,4,3,1,4,4,1,2,1,1,1,2,3,1,1,3,3,3,4,3,4,3,3,3,4,1,3,3,4,1,4,1,3,4,1,4,2,2,3,4,4,3,2,3,2,2,3,4,3,1,2,4,3,3,4,2,1,1,3,1,4,3,1,3,2,1,4,1,1,3,3,2,3,3,1,3,2,4,2,2,1,1,2,1,1,4,4,1,2,1,2,2,2,3,4,1,2,4,1,1,3,4,2,2,4,3,4,2,3,1,4,3,3,2,1,1,4,3,2,2,3,1,4,1,3,1,1,4,1,4,4,3,4,3,2,3,2,1,2,2,2,1,1,1,2,3,4,1,1,3,3,3,1,4,2,3,4,1,2,3,2,1,3,4,4,2,4,4,1,1,4,2,4,1,2,2,3,3,4,3,1,2,1,3,1,2,3,1,1,3,2,4,1,2,3,1,2,2,2,2,1,2,1,3,4,1,3,2,3,2,1,2,1,1,1,4,3,4,2,2,1,1,1,2,2,2,4,4,2,1,4,4,1,3,3,2,4,3,3,3,1,1,1,2,2,3,3,4,1,1,1,2,3,2,2,4,1,2,3,3,1,2,2,3,1,3,1,1,3,2,2,1,3,2,4,2,1,2,3,4,4,2,1,2,2,4,3,4,1,4,3,1,1,2,3,4,1,3,3,1,3,2,1,3,2,3,3,2,2,2,3,3,1,3,1,4,1,1,4,1,1,4,4,2,1,2,4,1,2,4,2,1,4,1,4,1,2,1,2,1,3,2,1,1,1,3,4,1,3,1,2,2,1,2,4,1,4,1,2,3,1,2,2,3,1,3,3,1,3,4"
10,0.9886279079380575,0.5196078431372549,2329.0,"2,2,3,4,1,1,4,1,1,2,4,1,1,4,2,2,3,4,1,1,4,4,4,2,1,1,4,3,1,2,2,2,3,3,3,3,1,2,1,3,2,3,4,4,4,3,1,4,4,3,4,1,3,2,1,1,2,1,1,4,3,1,1,3,4,1,4,2,3,1,1,2,4,4,3,1,3,2,4,2,3,1,1,3,1,3,3,3,4,1,2,1,3,4,4,2,4,4,2,2,4,3,3,3,3,4,3,1,2,1,1,2,2,2,4,1,4,2,3,2,1,3,4,4,4,4,1,2,1,3,1,2,2,2,3,2,1,4,2,1,4,2,1,1,3,3,2,1,2,2,4,1,1,2,2,2,4,1,2,1,3,2,3,2,2,3,1,2,1,1,3,4,2,3,3,1,2,2,2,2,3,3,3,4,2,4,4,3,2,2,2,4,1,2,1,1,2,2,3,2,1,4,3,4,3,4,2,1,3,3,1,2,1,1,3,3,2,2,2,2,1,2,4,4,3,3,1,3,1,4,3,1,3,3,3,1,2,4,1,3,1,1,4,2,1,2,4,2,3,3,1,3,2,1,1,2,1,4,2,2,1,2,1,3,2,3,2,1,4,3,4,4,2,2,2,3,2,4,2,2,1,4,2,3,2,1,1,3,3,1,2,1,4,4,3,1,3,4,1,4,1,2,4,1,2,1,4,1,4,4,4,2,2,4,4,2,2,3,2,3,4,3,4,1,2,4,1,2,4,1,1,2,3,3,3,4,2,3,1,1,1,4,3,3,2,2,1,2,4,1,3,4,3,4,1,2,2,2,2,1,2,3,2,4,3,3,1,2,2,1,4,1,4,2,1,2,4,1,1,4,4,3,2,2,1,1,3,4,3,3,4,2,4,1,1,3,2,2,3,3,2,4,1,3,2,3,1,2,3,3,1,4,3,3,1,1,4,2,1,4,1,4,1,3,2,3,2,4,3,3,4,1,3,2,3,3,2,1,3,3,2,1,4,3,4,3,1,3,1,3,4,3,4,2,2,3,4,2,3,3,2,4,1,3,1,2,3,2,1,3,2,4,4,3,2,4,3,2,2,3,4,2,4,4,3,4,3,2,4,2,1,2,1,3,3,1,1,3,3,2,3,3,4,1,2,1,3,3,2,1,3,1,2,1,1,2,4,2,3,1,1,1,4,4,1,4,2,2,1,4,2,4,2,2,2,1,4,2,3,3,2,4,1,1,1,2,1,1,2,2,2,2,1,3,4,1,3,4,3,2,1,4,3,1,1,2,2,3,3,2,2,1,4,1,1,1,2,4,2,1,2,4,2,3,3,2,1,1,4,1,3,4,1,4,3,2,2,1,4,2,3,2,3,1,1,2,2,3,3,3,2,2,3,1,2,3,2,4,1,1,3,3,2,1,3,3,1,3,1,3,2,3,1,1,3,2,1,1,1,2,4,3,2,4,3,2,4,3,3,2,4,2,4,1,1,3,3,3,3,4,4,3,4,1,1,4,2,1,2,1,4,4,3,3,1,2,2,2,1,2,4,2,1,3,3,4,1,4,1,1,3,2,1,4,3,1,4,1,1,1,4,4,3,4,3,3,3,2,2,3,4,3,1,3,4,3,1,2,4,4,4,3,3,2,1,4,2,1,2,3,1,2,1,1,2,4,2,4,2,1,2,1,3,1,3,4,2,3,2,3,3,3,4,1,4,3,2,1,3,1,3,1,1,4,2,4,1,1,2,3,1,4,4,2,1,3,4,3,2,3,2,4,2,1,3,4,1,3,2,2,3,2,3,1,3,4,4,2,3,1,2,2,1,4,1,1,1,1,3,1,4,1,4,3,2,4,3,1,3,1,4,1,3,4,1,1,1,2,2,3,3,1,4,2,1,4,3,2,1,2,2,1,4,3,2,1,2,2,3,4,2,3,1,1,1,3,2,1,3,4,3,3,4,3,1,2,3,3,1,1,4,3,3,3,2,3,1,3,1,1,1,2,3,1,3,2,3,4,1,2,1,1,4,3,4,1,4,2,1,1,3,2,2,3,3,3,4,3,4,4,2,1,2,1,2,3,4,4,4,2,3,2,1,3,1,4,4,4,4,1,1,1,1,1,4,4,4,2,4,2,1,3,3,2,4,2,1,1,3,4,2,2,1,1,4,2,1,1,2,2,4,2,2,3,4,2,1,1,1,3,1,2,2,2,2,4,1,2,4,2,4,2,3,3,2,1,1,4,4,4,3,1,3,4,4,2,2,2,3,1,4,1,3,1,1,2,2,2,1,4,1,2,2,4,4,2,2,3,3,4,4,3,1,1,3,1,2,1,4,3,1,1,2,2,3,4,4,2,1,2,1,2,2,3,2,1,1,3,1,3,1,3,1,1,4,3,2,1,1,3,2,2,4,4,2,3,3,1,4,4,4,2,3,2,3,4,3,3,4,3,2,1,1,1,2,3,2,3,4,3,1,4,3,4,3,2,3,1,2,2,1,1,1,4,3,2,2,4,3,1,4,3,3,2,2,3,4,2,3,3,2,2,2,2,4,1,2,4,3,1,2,3,4,4,1,1,3,1,3,2,3,2,1,1,1,3,4,4,2,1,1,2,3,2,2,2,2,3,3,3,1,1,2,2,2,4,2,4,1,3,1,2,3,4,3,3,2,4,3,4,3,1,3,2,2,2,4,1,4,3,4,4,2,3,4,4,2,2,2,3,3,2,1,4,2,2,3,1,1,4,2,2,4,1,1,2,2,3,2,1,2,2,4,1,1,1,1,3,4,1,4,3,3,1,2,1,4,1,1,2,3,4,3,2,1,3,1,1,3,4,2,4,3,2,1,1,1,1,1,1,2,3,4,2,4,3,4,3,1,2,2,3,1,3,1,3,3,1,2,1,3,3,2,1,2,4,4,4,4,1,4,2,4,4,3,2,2,2,4,2,2,3,2,4,2,3,2,4,2,2,2,4,3,1,4,4,1,2,1,1,1,2,3,1,1,3,3,3,4,3,4,3,3,3,4,1,3,3,4,1,4,1,3,4,1,4,2,2,3,4,4,3,2,3,2,2,3,4,3,1,2,4,3,3,4,2,1,1,3,1,4,3,1,3,2,1,4,1,1,3,3,2,3,3,1,3,2,4,2,2,1,1,2,1,1,4,4,1,2,1,2,2,2,3,4,1,2,4,1,1,3,4,2,2,4,3,4,2,3,1,4,3,3,2,1,1,4,3,2,2,3,1,4,1,3,1,1,4,1,4,4,3,4,3,2,3,2,1,2,2,2,1,1,1,2,3,4,1,1,3,3,3,1,4,2,3,4,1,2,3,2,1,3,4,4,2,4,4,1,1,4,2,4,1,2,2,3,3,4,3,1,2,1,3,1,2,3,1,1,3,2,4,1,2,3,1,2,2,2,2,1,2,1,3,4,1,3,2,3,2,1,2,1,1,1,4,3,4,2,2,1,1,1,2,2,2,4,4,2,1,4,4,1,3,3,2,4,3,3,3,1,1,1,2,2,3,3,4,1,1,1,2,3,2,2,4,1,2,3,3,1,2,2,3,1,3,1,1,3,2,2,1,3,2,4,2,1,2,3,4,4,2,1,2,2,4,3,4,1,4,3,1,1,2,3,4,1,3,3,1,3,2,1,3,2,3,3,2,2,2,3,3,1,3,1,4,1,1,4,1,1,4,4,2,1,2,4,1,2,4,2,1,4,1,4,1,2,1,2,1,3,2,1,1,1,3,4,1,3,1,2,2,1,2,4,1,4,1,2,3,1,2,2,3,1,3,3,1,3,4"
11,0.9886279079380575,0.5196078431372549,2329.0,"2,2,3,4,1,1,4,1,1,2,4,1,1,4,2,2,3,4,1,1,4,4,4,2,1,1,4,3,1,2,2,2,3,3,3,3,1,2,1,3,2,3,4,4,4,3,1,4,4,3,4,1,3,2,1,1,2,1,1,4,3,1,1,3,4,1,4,2,3,1,1,2,4,4,3,1,3,2,4,2,3,1,1,3,1,3,3,3,4,1,2,1,3,4,4,2,4,4,2,2,4,3,3,3,3,4,3,1,2,1,1,2,2,2,4,1,4,2,3,2,1,3,4,4,4,4,1,2,1,3,1,2,2,2,3,2,1,4,2,1,4,2,1,1,3,3,2,1,2,2,4,1,1,2,2,2,4,1,2,1,3,2,3,2,2,3,1,2,1,1,3,4,2,3,3,1,2,2,2,2,3,3,3,4,2,4,4,3,2,2,2,4,1,2,1,1,2,2,3,2,1,4,3,4,3,4,2,1,3,3,1,2,1,1,3,3,2,2,2,2,1,2,4,4,3,3,1,3,1,4,3,1,3,3,3,1,2,4,1,3,1,1,4,2,1,2,4,2,3,3,1,3,2,1,1,2,1,4,2,2,1,2,1,3,2,3,2,1,4,3,4,4,2,2,2,3,2,4,2,2,1,4,2,3,2,1,1,3,3,1,2,1,4,4,3,1,3,4,1,4,1,2,4,1,2,1,4,1,4,4,4,2,2,4,4,2,2,3,2,3,4,3,4,1,2,4,1,2,4,1,1,2,3,3,3,4,2,3,1,1,1,4,3,3,2,2,1,2,4,1,3,4,3,4,1,2,2,2,2,1,2,3,2,4,3,3,1,2,2,1,4,1,4,2,1,2,4,1,1,4,4,3,2,2,1,1,3,4,3,3,4,2,4,1,1,3,2,2,3,3,2,4,1,3,2,3,1,2,3,3,1,4,3,3,1,1,4,2,1,4,1,4,1,3,2,3,2,4,3,3,4,1,3,2,3,3,2,1,3,3,2,1,4,3,4,3,1,3,1,3,4,3,4,2,2,3,4,2,3,3,2,4,1,3,1,2,3,2,1,3,2,4,4,3,2,4,3,2,2,3,4,2,4,4,3,4,3,2,4,2,1,2,1,3,3,1,1,3,3,2,3,3,4,1,2,1,3,3,2,1,3,1,2,1,1,2,4,2,3,1,1,1,4,4,1,4,2,2,1,4,2,4,2,2,2,1,4,2,3,3,2,4,1,1,1,2,1,1,2,2,2,2,1,3,4,1,3,4,3,2,1,4,3,1,1,2,2,3,3,2,2,1,4,1,1,1,2,4,2,1,2,4,2,3,3,2,1,1,4,1,3,4,1,4,3,2,2,1,4,2,3,2,3,1,1,2,2,3,3,3,2,2,3,1,2,3,2,4,1,1,3,3,2,1,3,3,1,3,1,3,2,3,1,1,3,2,1,1,1,2,4,3,2,4,3,2,4,3,3,2,4,2,4,1,1,3,3,3,3,4,4,3,4,1,1,4,2,1,2,1,4,4,3,3,1,2,2,2,1,2,4,2,1,3,3,4,1,4,1,1,3,2,1,4,3,1,4,1,1,1,4,4,3,4,3,3,3,2,2,3,4,3,1,3,4,3,1,2,4,4,4,3,3,2,1,4,2,1,2,3,1,2,1,1,2,4,2,4,2,1,2,1,3,1,3,4,2,3,2,3,3,3,4,1,4,3,2,1,3,1,3,1,1,4,2,4,1,1,2,3,1,4,4,2,1,3,4,3,2,3,2,4,2,1,3,4,1,3,2,2,3,2,3,1,3,4,4,2,3,1,2,2,1,4,1,1,1,1,3,1,4,1,4,3,2,4,3,1,3,1,4,1,3,4,1,1,1,2,2,3,3,1,4,2,1,4,3,2,1,2,2,1,4,3,2,1,2,2,3,4,2,3,1,1,1,3,2,1,3,4,3,3,4,3,1,2,3,3,1,1,4,3,3,3,2,3,1,3,1,1,1,2,3,1,3,2,3,4,1,2,1,1,4,3,4,1,4,2,1,1,3,2,2,3,3,3,4,3,4,4,2,1,2,1,2,3,4,4,4,2,3,2,1,3,1,4,4,4,4,1,1,1,1,1,4,4,4,2,4,2,1,3,3,2,4,2,1,1,3,4,2,2,1,1,4,2,1,1,2,2,4,2,2,3,4,2,1,1,1,3,1,2,2,2,2,4,1,2,4,2,4,2,3,3,2,1,1,4,4,4,3,1,3,4,4,2,2,2,3,1,4,1,3,1,1,2,2,2,1,4,1,2,2,4,4,2,2,3,3,4,4,3,1,1,3,1,2,1,4,3,1,1,2,2,3,4,4,2,1,2,1,2,2,3,2,1,1,3,1,3,1,3,1,1,4,3,2,1,1,3,2,2,4,4,2,3,3,1,4,4,4,2,3,2,3,4,3,3,4,3,2,1,1,1,2,3,2,3,4,3,1,4,3,4,3,2,3,1,2,2,1,1,1,4,3,2,2,4,3,1,4,3,3,2,2,3,4,2,3,3,2,2,2,2,4,1,2,4,3,1,2,3,4,4,1,1,3,1,3,2,3,2,1,1,1,3,4,4,2,1,1,2,3,2,2,2,2,3,3,3,1,1,2,2,2,4,2,4,1,3,1,2,3,4,3,3,2,4,3,4,3,1,3,2,2,2,4,1,4,3,4,4,2,3,4,4,2,2,2,3,3,2,1,4,2,2,3,1,1,4,2,2,4,1,1,2,2,3,2,1,2,2,4,1,1,1,1,3,4,1,4,3,3,1,2,1,4,1,1,2,3,4,3,2,1,3,1,1,3,4,2,4,3,2,1,1,1,1,1,1,2,3,4,2,4,3,4,3,1,2,2,3,1,3,1,3,3,1,2,1,3,3,2,1,2,4,4,4,4,1,4,2,4,4,3,2,2,2,4,2,2,3,2,4,2,3,2,4,2,2,2,4,3,1,4,4,1,2,1,1,1,2,3,1,1,3,3,3,4,3,4,3,3,3,4,1,3,3,4,1,4,1,3,4,1,4,2,2,3,4,4,3,2,3,2,2,3,4,3,1,2,4,3,3,4,2,1,1,3,1,4,3,1,3,2,1,4,1,1,3,3,2,3,3,1,3,2,4,2,2,1,1,2,1,1,4,4,1,2,1,2,2,2,3,4,1,2,4,1,1,3,4,2,2,4,3,4,2,3,1,4,3,3,2,1,1,4,3,2,2,3,1,4,1,3,1,1,4,1,4,4,3,4,3,2,3,2,1,2,2,2,1,1,1,2,3,4,1,1,3,3,3,1,4,2,3,4,1,2,3,2,1,3,4,4,2,4,4,1,1,4,2,4,1,2,2,3,3,4,3,1,2,1,3,1,2,3,1,1,3,2,4,1,2,3,1,2,2,2,2,1,2,1,3,4,1,3,2,3,2,1,2,1,1,1,4,3,4,2,2,1,1,1,2,2,2,4,4,2,1,4,4,1,3,3,2,4,3,3,3,1,1,1,2,2,3,3,4,1,1,1,2,3,2,2,4,1,2,3,3,1,2,2,3,1,3,1,1,3,2,2,1,3,2,4,2,1,2,3,4,4,2,1,2,2,4,3,4,1,4,3,1,1,2,3,4,1,3,3,1,3,2,1,3,2,3,3,2,2,2,3,3,1,3,1,4,1,1,4,1,1,4,4,2,1,2,4,1,2,4,2,1,4,1,4,1,2,1,2,1,3,2,1,1,1,3,4,1,3,1,2,2,1,2,4,1,4,1,2,3,1,2,2,3,1,3,3,1,3,4"
12,0.9886279079380575,0.5196078431372549,2329.0,"2,2,3,4,1,1,4,1,1,2,4,1,1,4,2,2,3,4,1,1,4,4,4,2,1,1,4,3,1,2,2,2,3,3,3,3,1,2,1,3,2,3,4,4,4,3,1,4,4,3,4,1,3,2,1,1,2,1,1,4,3,1,1,3,4,1,4,2,3,1,1,2,4,4,3,1,3,2,4,2,3,1,1,3,1,3,3,3,4,1,2,1,3,4,4,2,4,4,2,2,4,3,3,3,3,4,3,1,2,1,1,2,2,2,4,1,4,2,3,2,1,3,4,4,4,4,1,2,1,3,1,2,2,2,3,2,1,4,2,1,4,2,1,1,3,3,2,1,2,2,4,1,1,2,2,2,4,1,2,1,3,2,3,2,2,3,1,2,1,1,3,4,2,3,3,1,2,2,2,2,3,3,3,4,2,4,4,3,2,2,2,4,1,2,1,1,2,2,3,2,1,4,3,4,3,4,2,1,3,3,1,2,1,1,3,3,2,2,2,2,1,2,4,4,3,3,1,3,1,4,3,1,3,3,3,1,2,4,1,3,1,1,4,2,1,2,4,2,3,3,1,3,2,1,1,2,1,4,2,2,1,2,1,3,2,3,2,1,4,3,4,4,2,2,2,3,2,4,2,2,1,4,2,3,2,1,1,3,3,1,2,1,4,4,3,1,3,4,1,4,1,2,4,1,2,1,4,1,4,4,4,2,2,4,4,2,2,3,2,3,4,3,4,1,2,4,1,2,4,1,1,2,3,3,3,4,2,3,1,1,1,4,3,3,2,2,1,2,4,1,3,4,3,4,1,2,2,2,2,1,2,3,2,4,3,3,1,2,2,1,4,1,4,2,1,2,4,1,1,4,4,3,2,2,1,1,3,4,3,3,4,2,4,1,1,3,2,2,3,3,2,4,1,3,2,3,1,2,3,3,1,4,3,3,1,1,4,2,1,4,1,4,1,3,2,3,2,4,3,3,4,1,3,2,3,3,2,1,3,3,2,1,4,3,4,3,1,3,1,3,4,3,4,2,2,3,4,2,3,3,2,4,1,3,1,2,3,2,1,3,2,4,4,3,2,4,3,2,2,3,4,2,4,4,3,4,3,2,4,2,1,2,1,3,3,1,1,3,3,2,3,3,4,1,2,1,3,3,2,1,3,1,2,1,1,2,4,2,3,1,1,1,4,4,1,4,2,2,1,4,2,4,2,2,2,1,4,2,3,3,2,4,1,1,1,2,1,1,2,2,2,2,1,3,4,1,3,4,3,2,1,4,3,1,1,2,2,3,3,2,2,1,4,1,1,1,2,4,2,1,2,4,2,3,3,2,1,1,4,1,3,4,1,4,3,2,2,1,4,2,3,2,3,1,1,2,2,3,3,3,2,2,3,1,2,3,2,4,1,1,3,3,2,1,3,3,1,3,1,3,2,3,1,1,3,2,1,1,1,2,4,3,2,4,3,2,4,3,3,2,4,2,4,1,1,3,3,3,3,4,4,3,4,1,1,4,2,1,2,1,4,4,3,3,1,2,2,2,1,2,4,2,1,3,3,4,1,4,1,1,3,2,1,4,3,1,4,1,1,1,4,4,3,4,3,3,3,2,2,3,4,3,1,3,4,3,1,2,4,4,4,3,3,2,1,4,2,1,2,3,1,2,1,1,2,4,2,4,2,1,2,1,3,1,3,4,2,3,2,3,3,3,4,1,4,3,2,1,3,1,3,1,1,4,2,4,1,1,2,3,1,4,4,2,1,3,4,3,2,3,2,4,2,1,3,4,1,3,2,2,3,2,3,1,3,4,4,2,3,1,2,2,1,4,1,1,1,1,3,1,4,1,4,3,2,4,3,1,3,1,4,1,3,4,1,1,1,2,2,3,3,1,4,2,1,4,3,2,1,2,2,1,4,3,2,1,2,2,3,4,2,3,1,1,1,3,2,1,3,4,3,3,4,3,1,2,3,3,1,1,4,3,3,3,2,3,1,3,1,1,1,2,3,1,3,2,3,4,1,2,1,1,4,3,4,1,4,2,1,1,3,2,2,3,3,3,4,3,4,4,2,1,2,1,2,3,4,4,4,2,3,2,1,3,1,4,4,4,4,1,1,1,1,1,4,4,4,2,4,2,1,3,3,2,4,2,1,1,3,4,2,2,1,1,4,2,1,1,2,2,4,2,2,3,4,2,1,1,1,3,1,2,2,2,2,4,1,2,4,2,4,2,3,3,2,1,1,4,4,4,3,1,3,4,4,2,2,2,3,1,4,1,3,1,1,2,2,2,1,4,1,2,2,4,4,2,2,3,3,4,4,3,1,1,3,1,2,1,4,3,1,1,2,2,3,4,4,2,1,2,1,2,2,3,2,1,1,3,1,3,1,3,1,1,4,3,2,1,1,3,2,2,4,4,2,3,3,1,4,4,4,2,3,2,3,4,3,3,4,3,2,1,1,1,2,3,2,3,4,3,1,4,3,4,3,2,3,1,2,2,1,1,1,4,3,2,2,4,3,1,4,3,3,2,2,3,4,2,3,3,2,2,2,2,4,1,2,4,3,1,2,3,4,4,1,1,3,1,3,2,3,2,1,1,1,3,4,4,2,1,1,2,3,2,2,2,2,3,3,3,1,1,2,2,2,4,2,4,1,3,1,2,3,4,3,3,2,4,3,4,3,1,3,2,2,2,4,1,4,3,4,4,2,3,4,4,2,2,2,3,3,2,1,4,2,2,3,1,1,4,2,2,4,1,1,2,2,3,2,1,2,2,4,1,1,1,1,3,4,1,4,3,3,1,2,1,4,1,1,2,3,4,3,2,1,3,1,1,3,4,2,4,3,2,1,1,1,1,1,1,2,3,4,2,4,3,4,3,1,2,2,3,1,3,1,3,3,1,2,1,3,3,2,1,2,4,4,4,4,1,4,2,4,4,3,2,2,2,4,2,2,3,2,4,2,3,2,4,2,2,2,4,3,1,4,4,1,2,1,1,1,2,3,1,1,3,3,3,4,3,4,3,3,3,4,1,3,3,4,1,4,1,3,4,1,4,2,2,3,4,4,3,2,3,2,2,3,4,3,1,2,4,3,3,4,2,1,1,3,1,4,3,1,3,2,1,4,1,1,3,3,2,3,3,1,3,2,4,2,2,1,1,2,1,1,4,4,1,2,1,2,2,2,3,4,1,2,4,1,1,3,4,2,2,4,3,4,2,3,1,4,3,3,2,1,1,4,3,2,2,3,1,4,1,3,1,1,4,1,4,4,3,4,3,2,3,2,1,2,2,2,1,1,1,2,3,4,1,1,3,3,3,1,4,2,3,4,1,2,3,2,1,3,4,4,2,4,4,1,1,4,2,4,1,2,2,3,3,4,3,1,2,1,3,1,2,3,1,1,3,2,4,1,2,3,1,2,2,2,2,1,2,1,3,4,1,3,2,3,2,1,2,1,1,1,4,3,4,2,2,1,1,1,2,2,2,4,4,2,1,4,4,1,3,3,2,4,3,3,3,1,1,1,2,2,3,3,4,1,1,1,2,3,2,2,4,1,2,3,3,1,2,2,3,1,3,1,1,3,2,2,1,3,2,4,2,1,2,3,4,4,2,1,2,2,4,3,4,1,4,3,1,1,2,3,4,1,3,3,1,3,2,1,3,2,3,3,2,2,2,3,3,1,3,1,4,1,1,4,1,1,4,4,2,1,2,4,1,2,4,2,1,4,1,4,1,2,1,2,1,3,2,1,1,1,3,4,1,3,1,2,2,1,2,4,1,4,1,2,3,1,2,2,3,1,3,3,1,3,4"
13,0.9886279079380575,0.5196078431372549,2329.0,"2,2,3,4,1,1,4,1,1,2,4,1,1,4,2,2,3,4,1,1,4,4,4,2,1,1,4,3,1,2,2,2,3,3,3,3,1,2,1,3,2,3,4,4,4,3,1,4,4,3,4,1,3,2,1,1,2,1,1,4,3,1,1,3,4,1,4,2,3,1,1,2,4,4,3,1,3,2,4,2,3,1,1,3,1,3,3,3,4,1,2,1,3,4,4,2,4,4,2,2,4,3,3,3,3,4,3,1,2,1,1,2,2,2,4,1,4,2,3,2,1,3,4,4,4,4,1,2,1,3,1,2,2,2,3,2,1,4,2,1,4,2,1,1,3,3,2,1,2,2,4,1,1,2,2,2,4,1,2,1,3,2,3,2,2,3,1,2,1,1,3,4,2,3,3,1,2,2,2,2,3,3,3,4,2,4,4,3,2,2,2,4,1,2,1,1,2,2,3,2,1,4,3,4,3,4,2,1,3,3,1,2,1,1,3,3,2,2,2,2,1,2,4,4,3,3,1,3,1,4,3,1,3,3,3,1,2,4,1,3,1,1,4,2,1,2,4,2,3,3,1,3,2,1,1,2,1,4,2,2,1,2,1,3,2,3,2,1,4,3,4,4,2,2,2,3,2,4,2,2,1,4,2,3,2,1,1,3,3,1,2,1,4,4,3,1,3,4,1,4,1,2,4,1,2,1,4,1,4,4,4,2,2,4,4,2,2,3,2,3,4,3,4,1,2,4,1,2,4,1,1,2,3,3,3,4,2,3,1,1,1,4,3,3,2,2,1,2,4,1,3,4,3,4,1,2,2,2,2,1,2,3,2,4,3,3,1,2,2,1,4,1,4,2,1,2,4,1,1,4,4,3,2,2,1,1,3,4,3,3,4,2,4,1,1,3,2,2,3,3,2,4,1,3,2,3,1,2,3,3,1,4,3,3,1,1,4,2,1,4,1,4,1,3,2,3,2,4,3,3,4,1,3,2,3,3,2,1,3,3,2,1,4,3,4,3,1,3,1,3,4,3,4,2,2,3,4,2,3,3,2,4,1,3,1,2,3,2,1,3,2,4,4,3,2,4,3,2,2,3,4,2,4,4,3,4,3,2,4,2,1,2,1,3,3,1,1,3,3,2,3,3,4,1,2,1,3,3,2,1,3,1,2,1,1,2,4,2,3,1,1,1,4,4,1,4,2,2,1,4,2,4,2,2,2,1,4,2,3,3,2,4,1,1,1,2,1,1,2,2,2,2,1,3,4,1,3,4,3,2,1,4,3,1,1,2,2,3,3,2,2,1,4,1,1,1,2,4,2,1,2,4,2,3,3,2,1,1,4,1,3,4,1,4,3,2,2,1,4,2,3,2,3,1,1,2,2,3,3,3,2,2,3,1,2,3,2,4,1,1,3,3,2,1,3,3,1,3,1,3,2,3,1,1,3,2,1,1,1,2,4,3,2,4,3,2,4,3,3,2,4,2,4,1,1,3,3,3,3,4,4,3,4,1,1,4,2,1,2,1,4,4,3,3,1,2,2,2,1,2,4,2,1,3,3,4,1,4,1,1,3,2,1,4,3,1,4,1,1,1,4,4,3,4,3,3,3,2,2,3,4,3,1,3,4,3,1,2,4,4,4,3,3,2,1,4,2,1,2,3,1,2,1,1,2,4,2,4,2,1,2,1,3,1,3,4,2,3,2,3,3,3,4,1,4,3,2,1,3,1,3,1,1,4,2,4,1,1,2,3,1,4,4,2,1,3,4,3,2,3,2,4,2,1,3,4,1,3,2,2,3,2,3,1,3,4,4,2,3,1,2,2,1,4,1,1,1,1,3,1,4,1,4,3,2,4,3,1,3,1,4,1,3,4,1,1,1,2,2,3,3,1,4,2,1,4,3,2,1,2,2,1,4,3,2,1,2,2,3,4,2,3,1,1,1,3,2,1,3,4,3,3,4,3,1,2,3,3,1,1,4,3,3,3,2,3,1,3,1,1,1,2,3,1,3,2,3,4,1,2,1,1,4,3,4,1,4,2,1,1,3,2,2,3,3,3,4,3,4,4,2,1,2,1,2,3,4,4,4,2,3,2,1,3,1,4,4,4,4,1,1,1,1,1,4,4,4,2,4,2,1,3,3,2,4,2,1,1,3,4,2,2,1,1,4,2,1,1,2,2,4,2,2,3,4,2,1,1,1,3,1,2,2,2,2,4,1,2,4,2,4,2,3,3,2,1,1,4,4,4,3,1,3,4,4,2,2,2,3,1,4,1,3,1,1,2,2,2,1,4,1,2,2,4,4,2,2,3,3,4,4,3,1,1,3,1,2,1,4,3,1,1,2,2,3,4,4,2,1,2,1,2,2,3,2,1,1,3,1,3,1,3,1,1,4,3,2,1,1,3,2,2,4,4,2,3,3,1,4,4,4,2,3,2,3,4,3,3,4,3,2,1,1,1,2,3,2,3,4,3,1,4,3,4,3,2,3,1,2,2,1,1,1,4,3,2,2,4,3,1,4,3,3,2,2,3,4,2,3,3,2,2,2,2,4,1,2,4,3,1,2,3,4,4,1,1,3,1,3,2,3,2,1,1,1,3,4,4,2,1,1,2,3,2,2,2,2,3,3,3,1,1,2,2,2,4,2,4,1,3,1,2,3,4,3,3,2,4,3,4,3,1,3,2,2,2,4,1,4,3,4,4,2,3,4,4,2,2,2,3,3,2,1,4,2,2,3,1,1,4,2,2,4,1,1,2,2,3,2,1,2,2,4,1,1,1,1,3,4,1,4,3,3,1,2,1,4,1,1,2,3,4,3,2,1,3,1,1,3,4,2,4,3,2,1,1,1,1,1,1,2,3,4,2,4,3,4,3,1,2,2,3,1,3,1,3,3,1,2,1,3,3,2,1,2,4,4,4,4,1,4,2,4,4,3,2,2,2,4,2,2,3,2,4,2,3,2,4,2,2,2,4,3,1,4,4,1,2,1,1,1,2,3,1,1,3,3,3,4,3,4,3,3,3,4,1,3,3,4,1,4,1,3,4,1,4,2,2,3,4,4,3,2,3,2,2,3,4,3,1,2,4,3,3,4,2,1,1,3,1,4,3,1,3,2,1,4,1,1,3,3,2,3,3,1,3,2,4,2,2,1,1,2,1,1,4,4,1,2,1,2,2,2,3,4,1,2,4,1,1,3,4,2,2,4,3,4,2,3,1,4,3,3,2,1,1,4,3,2,2,3,1,4,1,3,1,1,4,1,4,4,3,4,3,2,3,2,1,2,2,2,1,1,1,2,3,4,1,1,3,3,3,1,4,2,3,4,1,2,3,2,1,3,4,4,2,4,4,1,1,4,2,4,1,2,2,3,3,4,3,1,2,1,3,1,2,3,1,1,3,2,4,1,2,3,1,2,2,2,2,1,2,1,3,4,1,3,2,3,2,1,2,1,1,1,4,3,4,2,2,1,1,1,2,2,2,4,4,2,1,4,4,1,3,3,2,4,3,3,3,1,1,1,2,2,3,3,4,1,1,1,2,3,2,2,4,1,2,3,3,1,2,2,3,1,3,1,1,3,2,2,1,3,2,4,2,1,2,3,4,4,2,1,2,2,4,3,4,1,4,3,1,1,2,3,4,1,3,3,1,3,2,1,3,2,3,3,2,2,2,3,3,1,3,1,4,1,1,4,1,1,4,4,2,1,2,4,1,2,4,2,1,4,1,4,1,2,1,2,1,3,2,1,1,1,3,4,1,3,1,2,2,1,2,4,1,4,1,2,3,1,2,2,3,1,3,3,1,3,4"
14,0.9886279079380575,0.5196078431372549,2329.0,"2,2,3,4,1,1,4,1,1,2,4,1,1,4,2,2,3,4,1,1,4,4,4,2,1,1,4,3,1,2,2,2,3,3,3,3,1,2,1,3,2,3,4,4,4,3,1,4,4,3,4,1,3,2,1,1,2,1,1,4,3,1,1,3,4,1,4,2,3,1,1,2,4,4,3,1,3,2,4,2,3,1,1,3,1,3,3,3,4,1,2,1,3,4,4,2,4,4,2,2,4,3,3,3,3,4,3,1,2,1,1,2,2,2,4,1,4,2,3,2,1,3,4,4,4,4,1,2,1,3,1,2,2,2,3,2,1,4,2,1,4,2,1,1,3,3,2,1,2,2,4,1,1,2,2,2,4,1,2,1,3,2,3,2,2,3,1,2,1,1,3,4,2,3,3,1,2,2,2,2,3,3,3,4,2,4,4,3,2,2,2,4,1,2,1,1,2,2,3,2,1,4,3,4,3,4,2,1,3,3,1,2,1,1,3,3,2,2,2,2,1,2,4,4,3,3,1,3,1,4,3,1,3,3,3,1,2,4,1,3,1,1,4,2,1,2,4,2,3,3,1,3,2,1,1,2,1,4,2,2,1,2,1,3,2,3,2,1,4,3,4,4,2,2,2,3,2,4,2,2,1,4,2,3,2,1,1,3,3,1,2,1,4,4,3,1,3,4,1,4,1,2,4,1,2,1,4,1,4,4,4,2,2,4,4,2,2,3,2,3,4,3,4,1,2,4,1,2,4,1,1,2,3,3,3,4,2,3,1,1,1,4,3,3,2,2,1,2,4,1,3,4,3,4,1,2,2,2,2,1,2,3,2,4,3,3,1,2,2,1,4,1,4,2,1,2,4,1,1,4,4,3,2,2,1,1,3,4,3,3,4,2,4,1,1,3,2,2,3,3,2,4,1,3,2,3,1,2,3,3,1,4,3,3,1,1,4,2,1,4,1,4,1,3,2,3,2,4,3,3,4,1,3,2,3,3,2,1,3,3,2,1,4,3,4,3,1,3,1,3,4,3,4,2,2,3,4,2,3,3,2,4,1,3,1,2,3,2,1,3,2,4,4,3,2,4,3,2,2,3,4,2,4,4,3,4,3,2,4,2,1,2,1,3,3,1,1,3,3,2,3,3,4,1,2,1,3,3,2,1,3,1,2,1,1,2,4,2,3,1,1,1,4,4,1,4,2,2,1,4,2,4,2,2,2,1,4,2,3,3,2,4,1,1,1,2,1,1,2,2,2,2,1,3,4,1,3,4,3,2,1,4,3,1,1,2,2,3,3,2,2,1,4,1,1,1,2,4,2,1,2,4,2,3,3,2,1,1,4,1,3,4,1,4,3,2,2,1,4,2,3,2,3,1,1,2,2,3,3,3,2,2,3,1,2,3,2,4,1,1,3,3,2,1,3,3,1,3,1,3,2,3,1,1,3,2,1,1,1,2,4,3,2,4,3,2,4,3,3,2,4,2,4,1,1,3,3,3,3,4,4,3,4,1,1,4,2,1,2,1,4,4,3,3,1,2,2,2,1,2,4,2,1,3,3,4,1,4,1,1,3,2,1,4,3,1,4,1,1,1,4,4,3,4,3,3,3,2,2,3,4,3,1,3,4,3,1,2,4,4,4,3,3,2,1,4,2,1,2,3,1,2,1,1,2,4,2,4,2,1,2,1,3,1,3,4,2,3,2,3,3,3,4,1,4,3,2,1,3,1,3,1,1,4,2,4,1,1,2,3,1,4,4,2,1,3,4,3,2,3,2,4,2,1,3,4,1,3,2,2,3,2,3,1,3,4,4,2,3,1,2,2,1,4,1,1,1,1,3,1,4,1,4,3,2,4,3,1,3,1,4,1,3,4,1,1,1,2,2,3,3,1,4,2,1,4,3,2,1,2,2,1,4,3,2,1,2,2,3,4,2,3,1,1,1,3,2,1,3,4,3,3,4,3,1,2,3,3,1,1,4,3,3,3,2,3,1,3,1,1,1,2,3,1,3,2,3,4,1,2,1,1,4,3,4,1,4,2,1,1,3,2,2,3,3,3,4,3,4,4,2,1,2,1,2,3,4,4,4,2,3,2,1,3,1,4,4,4,4,1,1,1,1,1,4,4,4,2,4,2,1,3,3,2,4,2,1,1,3,4,2,2,1,1,4,2,1,1,2,2,4,2,2,3,4,2,1,1,1,3,1,2,2,2,2,4,1,2,4,2,4,2,3,3,2,1,1,4,4,4,3,1,3,4,4,2,2,2,3,1,4,1,3,1,1,2,2,2,1,4,1,2,2,4,4,2,2,3,3,4,4,3,1,1,3,1,2,1,4,3,1,1,2,2,3,4,4,2,1,2,1,2,2,3,2,1,1,3,1,3,1,3,1,1,4,3,2,1,1,3,2,2,4,4,2,3,3,1,4,4,4,2,3,2,3,4,3,3,4,3,2,1,1,1,2,3,2,3,4,3,1,4,3,4,3,2,3,1,2,2,1,1,1,4,3,2,2,4,3,1,4,3,3,2,2,3,4,2,3,3,2,2,2,2,4,1,2,4,3,1,2,3,4,4,1,1,3,1,3,2,3,2,1,1,1,3,4,4,2,1,1,2,3,2,2,2,2,3,3,3,1,1,2,2,2,4,2,4,1,3,1,2,3,4,3,3,2,4,3,4,3,1,3,2,2,2,4,1,4,3,4,4,2,3,4,4,2,2,2,3,3,2,1,4,2,2,3,1,1,4,2,2,4,1,1,2,2,3,2,1,2,2,4,1,1,1,1,3,4,1,4,3,3,1,2,1,4,1,1,2,3,4,3,2,1,3,1,1,3,4,2,4,3,2,1,1,1,1,1,1,2,3,4,2,4,3,4,3,1,2,2,3,1,3,1,3,3,1,2,1,3,3,2,1,2,4,4,4,4,1,4,2,4,4,3,2,2,2,4,2,2,3,2,4,2,3,2,4,2,2,2,4,3,1,4,4,1,2,1,1,1,2,3,1,1,3,3,3,4,3,4,3,3,3,4,1,3,3,4,1,4,1,3,4,1,4,2,2,3,4,4,3,2,3,2,2,3,4,3,1,2,4,3,3,4,2,1,1,3,1,4,3,1,3,2,1,4,1,1,3,3,2,3,3,1,3,2,4,2,2,1,1,2,1,1,4,4,1,2,1,2,2,2,3,4,1,2,4,1,1,3,4,2,2,4,3,4,2,3,1,4,3,3,2,1,1,4,3,2,2,3,1,4,1,3,1,1,4,1,4,4,3,4,3,2,3,2,1,2,2,2,1,1,1,2,3,4,1,1,3,3,3,1,4,2,3,4,1,2,3,2,1,3,4,4,2,4,4,1,1,4,2,4,1,2,2,3,3,4,3,1,2,1,3,1,2,3,1,1,3,2,4,1,2,3,1,2,2,2,2,1,2,1,3,4,1,3,2,3,2,1,2,1,1,1,4,3,4,2,2,1,1,1,2,2,2,4,4,2,1,4,4,1,3,3,2,4,3,3,3,1,1,1,2,2,3,3,4,1,1,1,2,3,2,2,4,1,2,3,3,1,2,2,3,1,3,1,1,3,2,2,1,3,2,4,2,1,2,3,4,4,2,1,2,2,4,3,4,1,4,3,1,1,2,3,4,1,3,3,1,3,2,1,3,2,3,3,2,2,2,3,3,1,3,1,4,1,1,4,1,1,4,4,2,1,2,4,1,2,4,2,1,4,1,4,1,2,1,2,1,3,2,1,1,1,3,4,1,3,1,2,2,1,2,4,1,4,1,2,3,1,2,2,3,1,3,3,1,3,4"
15,0.9886279079380575,0.5196078431372549,2329.0,"2,2,3,4,1,1,4,1,1,2,4,1,1,4,2,2,3,4,1,1,4,4,4,2,1,1,4,3,1,2,2,2,3,3,3,3,1,2,1,3,2,3,4,4,4,3,1,4,4,3,4,1,3,2,1,1,2,1,1,4,3,1,1,3,4,1,4,2,3,1,1,2,4,4,3,1,3,2,4,2,3,1,1,3,1,3,3,3,4,1,2,1,3,4,4,2,4,4,2,2,4,3,3,3,3,4,3,1,2,1,1,2,2,2,4,1,4,2,3,2,1,3,4,4,4,4,1,2,1,3,1,2,2,2,3,2,1,4,2,1,4,2,1,1,3,3,2,1,2,2,4,1,1,2,2,2,4,1,2,1,3,2,3,2,2,3,1,2,1,1,3,4,2,3,3,1,2,2,2,2,3,3,3,4,2,4,4,3,2,2,2,4,1,2,1,1,2,2,3,2,1,4,3,4,3,4,2,1,3,3,1,2,1,1,3,3,2,2,2,2,1,2,4,4,3,3,1,3,1,4,3,1,3,3,3,1,2,4,1,3,1,1,4,2,1,2,4,2,3,3,1,3,2,1,1,2,1,4,2,2,1,2,1,3,2,3,2,1,4,3,4,4,2,2,2,3,2,4,2,2,1,4,2,3,2,1,1,3,3,1,2,1,4,4,3,1,3,4,1,4,1,2,4,1,2,1,4,1,4,4,4,2,2,4,4,2,2,3,2,3,4,3,4,1,2,4,1,2,4,1,1,2,3,3,3,4,2,3,1,1,1,4,3,3,2,2,1,2,4,1,3,4,3,4,1,2,2,2,2,1,2,3,2,4,3,3,1,2,2,1,4,1,4,2,1,2,4,1,1,4,4,3,2,2,1,1,3,4,3,3,4,2,4,1,1,3,2,2,3,3,2,4,1,3,2,3,1,2,3,3,1,4,3,3,1,1,4,2,1,4,1,4,1,3,2,3,2,4,3,3,4,1,3,2,3,3,2,1,3,3,2,1,4,3,4,3,1,3,1,3,4,3,4,2,2,3,4,2,3,3,2,4,1,3,1,2,3,2,1,3,2,4,4,3,2,4,3,2,2,3,4,2,4,4,3,4,3,2,4,2,1,2,1,3,3,1,1,3,3,2,3,3,4,1,2,1,3,3,2,1,3,1,2,1,1,2,4,2,3,1,1,1,4,4,1,4,2,2,1,4,2,4,2,2,2,1,4,2,3,3,2,4,1,1,1,2,1,1,2,2,2,2,1,3,4,1,3,4,3,2,1,4,3,1,1,2,2,3,3,2,2,1,4,1,1,1,2,4,2,1,2,4,2,3,3,2,1,1,4,1,3,4,1,4,3,2,2,1,4,2,3,2,3,1,1,2,2,3,3,3,2,2,3,1,2,3,2,4,1,1,3,3,2,1,3,3,1,3,1,3,2,3,1,1,3,2,1,1,1,2,4,3,2,4,3,2,4,3,3,2,4,2,4,1,1,3,3,3,3,4,4,3,4,1,1,4,2,1,2,1,4,4,3,3,1,2,2,2,1,2,4,2,1,3,3,4,1,4,1,1,3,2,1,4,3,1,4,1,1,1,4,4,3,4,3,3,3,2,2,3,4,3,1,3,4,3,1,2,4,4,4,3,3,2,1,4,2,1,2,3,1,2,1,1,2,4,2,4,2,1,2,1,3,1,3,4,2,3,2,3,3,3,4,1,4,3,2,1,3,1,3,1,1,4,2,4,1,1,2,3,1,4,4,2,1,3,4,3,2,3,2,4,2,1,3,4,1,3,2,2,3,2,3,1,3,4,4,2,3,1,2,2,1,4,1,1,1,1,3,1,4,1,4,3,2,4,3,1,3,1,4,1,3,4,1,1,1,2,2,3,3,1,4,2,1,4,3,2,1,2,2,1,4,3,2,1,2,2,3,4,2,3,1,1,1,3,2,1,3,4,3,3,4,3,1,2,3,3,1,1,4,3,3,3,2,3,1,3,1,1,1,2,3,1,3,2,3,4,1,2,1,1,4,3,4,1,4,2,1,1,3,2,2,3,3,3,4,3,4,4,2,1,2,1,2,3,4,4,4,2,3,2,1,3,1,4,4,4,4,1,1,1,1,1,4,4,4,2,4,2,1,3,3,2,4,2,1,1,3,4,2,2,1,1,4,2,1,1,2,2,4,2,2,3,4,2,1,1,1,3,1,2,2,2,2,4,1,2,4,2,4,2,3,3,2,1,1,4,4,4,3,1,3,4,4,2,2,2,3,1,4,1,3,1,1,2,2,2,1,4,1,2,2,4,4,2,2,3,3,4,4,3,1,1,3,1,2,1,4,3,1,1,2,2,3,4,4,2,1,2,1,2,2,3,2,1,1,3,1,3,1,3,1,1,4,3,2,1,1,3,2,2,4,4,2,3,3,1,4,4,4,2,3,2,3,4,3,3,4,3,2,1,1,1,2,3,2,3,4,3,1,4,3,4,3,2,3,1,2,2,1,1,1,4,3,2,2,4,3,1,4,3,3,2,2,3,4,2,3,3,2,2,2,2,4,1,2,4,3,1,2,3,4,4,1,1,3,1,3,2,3,2,1,1,1,3,4,4,2,1,1,2,3,2,2,2,2,3,3,3,1,1,2,2,2,4,2,4,1,3,1,2,3,4,3,3,2,4,3,4,3,1,3,2,2,2,4,1,4,3,4,4,2,3,4,4,2,2,2,3,3,2,1,4,2,2,3,1,1,4,2,2,4,1,1,2,2,3,2,1,2,2,4,1,1,1,1,3,4,1,4,3,3,1,2,1,4,1,1,2,3,4,3,2,1,3,1,1,3,4,2,4,3,2,1,1,1,1,1,1,2,3,4,2,4,3,4,3,1,2,2,3,1,3,1,3,3,1,2,1,3,3,2,1,2,4,4,4,4,1,4,2,4,4,3,2,2,2,4,2,2,3,2,4,2,3,2,4,2,2,2,4,3,1,4,4,1,2,1,1,1,2,3,1,1,3,3,3,4,3,4,3,3,3,4,1,3,3,4,1,4,1,3,4,1,4,2,2,3,4,4,3,2,3,2,2,3,4,3,1,2,4,3,3,4,2,1,1,3,1,4,3,1,3,2,1,4,1,1,3,3,2,3,3,1,3,2,4,2,2,1,1,2,1,1,4,4,1,2,1,2,2,2,3,4,1,2,4,1,1,3,4,2,2,4,3,4,2,3,1,4,3,3,2,1,1,4,3,2,2,3,1,4,1,3,1,1,4,1,4,4,3,4,3,2,3,2,1,2,2,2,1,1,1,2,3,4,1,1,3,3,3,1,4,2,3,4,1,2,3,2,1,3,4,4,2,4,4,1,1,4,2,4,1,2,2,3,3,4,3,1,2,1,3,1,2,3,1,1,3,2,4,1,2,3,1,2,2,2,2,1,2,1,3,4,1,3,2,3,2,1,2,1,1,1,4,3,4,2,2,1,1,1,2,2,2,4,4,2,1,4,4,1,3,3,2,4,3,3,3,1,1,1,2,2,3,3,4,1,1,1,2,3,2,2,4,1,2,3,3,1,2,2,3,1,3,1,1,3,2,2,1,3,2,4,2,1,2,3,4,4,2,1,2,2,4,3,4,1,4,3,1,1,2,3,4,1,3,3,1,3,2,1,3,2,3,3,2,2,2,3,3,1,3,1,4,1,1,4,1,1,4,4,2,1,2,4,1,2,4,2,1,4,1,4,1,2,1,2,1,3,2,1,1,1,3,4,1,3,1,2,2,1,2,4,1,4,1,2,3,1,2,2,3,1,3,3,1,3,4"
16,0.9886279079380575,0.5196078431372549,2329.0,"2,2,3,4,1,1,4,1,1,2,4,1,1,4,2,2,3,4,1,1,4,4,4,2,1,1,4,3,1,2,2,2,3,3,3,3,1,2,1,3,2,3,4,4,4,3,1,4,4,3,4,1,3,2,1,1,2,1,1,4,3,1,1,3,4,1,4,2,3,1,1,2,4,4,3,1,3,2,4,2,3,1,1,3,1,3,3,3,4,1,2,1,3,4,4,2,4,4,2,2,4,3,3,3,3,4,3,1,2,1,1,2,2,2,4,1,4,2,3,2,1,3,4,4,4,4,1,2,1,3,1,2,2,2,3,2,1,4,2,1,4,2,1,1,3,3,2,1,2,2,4,1,1,2,2,2,4,1,2,1,3,2,3,2,2,3,1,2,1,1,3,4,2,3,3,1,2,2,2,2,3,3,3,4,2,4,4,3,2,2,2,4,1,2,1,1,2,2,3,2,1,4,3,4,3,4,2,1,3,3,1,2,1,1,3,3,2,2,2,2,1,2,4,4,3,3,1,3,1,4,3,1,3,3,3,1,2,4,1,3,1,1,4,2,1,2,4,2,3,3,1,3,2,1,1,2,1,4,2,2,1,2,1,3,2,3,2,1,4,3,4,4,2,2,2,3,2,4,2,2,1,4,2,3,2,1,1,3,3,1,2,1,4,4,3,1,3,4,1,4,1,2,4,1,2,1,4,1,4,4,4,2,2,4,4,2,2,3,2,3,4,3,4,1,2,4,1,2,4,1,1,2,3,3,3,4,2,3,1,1,1,4,3,3,2,2,1,2,4,1,3,4,3,4,1,2,2,2,2,1,2,3,2,4,3,3,1,2,2,1,4,1,4,2,1,2,4,1,1,4,4,3,2,2,1,1,3,4,3,3,4,2,4,1,1,3,2,2,3,3,2,4,1,3,2,3,1,2,3,3,1,4,3,3,1,1,4,2,1,4,1,4,1,3,2,3,2,4,3,3,4,1,3,2,3,3,2,1,3,3,2,1,4,3,4,3,1,3,1,3,4,3,4,2,2,3,4,2,3,3,2,4,1,3,1,2,3,2,1,3,2,4,4,3,2,4,3,2,2,3,4,2,4,4,3,4,3,2,4,2,1,2,1,3,3,1,1,3,3,2,3,3,4,1,2,1,3,3,2,1,3,1,2,1,1,2,4,2,3,1,1,1,4,4,1,4,2,2,1,4,2,4,2,2,2,1,4,2,3,3,2,4,1,1,1,2,1,1,2,2,2,2,1,3,4,1,3,4,3,2,1,4,3,1,1,2,2,3,3,2,2,1,4,1,1,1,2,4,2,1,2,4,2,3,3,2,1,1,4,1,3,4,1,4,3,2,2,1,4,2,3,2,3,1,1,2,2,3,3,3,2,2,3,1,2,3,2,4,1,1,3,3,2,1,3,3,1,3,1,3,2,3,1,1,3,2,1,1,1,2,4,3,2,4,3,2,4,3,3,2,4,2,4,1,1,3,3,3,3,4,4,3,4,1,1,4,2,1,2,1,4,4,3,3,1,2,2,2,1,2,4,2,1,3,3,4,1,4,1,1,3,2,1,4,3,1,4,1,1,1,4,4,3,4,3,3,3,2,2,3,4,3,1,3,4,3,1,2,4,4,4,3,3,2,1,4,2,1,2,3,1,2,1,1,2,4,2,4,2,1,2,1,3,1,3,4,2,3,2,3,3,3,4,1,4,3,2,1,3,1,3,1,1,4,2,4,1,1,2,3,1,4,4,2,1,3,4,3,2,3,2,4,2,1,3,4,1,3,2,2,3,2,3,1,3,4,4,2,3,1,2,2,1,4,1,1,1,1,3,1,4,1,4,3,2,4,3,1,3,1,4,1,3,4,1,1,1,2,2,3,3,1,4,2,1,4,3,2,1,2,2,1,4,3,2,1,2,2,3,4,2,3,1,1,1,3,2,1,3,4,3,3,4,3,1,2,3,3,1,1,4,3,3,3,2,3,1,3,1,1,1,2,3,1,3,2,3,4,1,2,1,1,4,3,4,1,4,2,1,1,3,2,2,3,3,3,4,3,4,4,2,1,2,1,2,3,4,4,4,2,3,2,1,3,1,4,4,4,4,1,1,1,1,1,4,4,4,2,4,2,1,3,3,2,4,2,1,1,3,4,2,2,1,1,4,2,1,1,2,2,4,2,2,3,4,2,1,1,1,3,1,2,2,2,2,4,1,2,4,2,4,2,3,3,2,1,1,4,4,4,3,1,3,4,4,2,2,2,3,1,4,1,3,1,1,2,2,2,1,4,1,2,2,4,4,2,2,3,3,4,4,3,1,1,3,1,2,1,4,3,1,1,2,2,3,4,4,2,1,2,1,2,2,3,2,1,1,3,1,3,1,3,1,1,4,3,2,1,1,3,2,2,4,4,2,3,3,1,4,4,4,2,3,2,3,4,3,3,4,3,2,1,1,1,2,3,2,3,4,3,1,4,3,4,3,2,3,1,2,2,1,1,1,4,3,2,2,4,3,1,4,3,3,2,2,3,4,2,3,3,2,2,2,2,4,1,2,4,3,1,2,3,4,4,1,1,3,1,3,2,3,2,1,1,1,3,4,4,2,1,1,2,3,2,2,2,2,3,3,3,1,1,2,2,2,4,2,4,1,3,1,2,3,4,3,3,2,4,3,4,3,1,3,2,2,2,4,1,4,3,4,4,2,3,4,4,2,2,2,3,3,2,1,4,2,2,3,1,1,4,2,2,4,1,1,2,2,3,2,1,2,2,4,1,1,1,1,3,4,1,4,3,3,1,2,1,4,1,1,2,3,4,3,2,1,3,1,1,3,4,2,4,3,2,1,1,1,1,1,1,2,3,4,2,4,3,4,3,1,2,2,3,1,3,1,3,3,1,2,1,3,3,2,1,2,4,4,4,4,1,4,2,4,4,3,2,2,2,4,2,2,3,2,4,2,3,2,4,2,2,2,4,3,1,4,4,1,2,1,1,1,2,3,1,1,3,3,3,4,3,4,3,3,3,4,1,3,3,4,1,4,1,3,4,1,4,2,2,3,4,4,3,2,3,2,2,3,4,3,1,2,4,3,3,4,2,1,1,3,1,4,3,1,3,2,1,4,1,1,3,3,2,3,3,1,3,2,4,2,2,1,1,2,1,1,4,4,1,2,1,2,2,2,3,4,1,2,4,1,1,3,4,2,2,4,3,4,2,3,1,4,3,3,2,1,1,4,3,2,2,3,1,4,1,3,1,1,4,1,4,4,3,4,3,2,3,2,1,2,2,2,1,1,1,2,3,4,1,1,3,3,3,1,4,2,3,4,1,2,3,2,1,3,4,4,2,4,4,1,1,4,2,4,1,2,2,3,3,4,3,1,2,1,3,1,2,3,1,1,3,2,4,1,2,3,1,2,2,2,2,1,2,1,3,4,1,3,2,3,2,1,2,1,1,1,4,3,4,2,2,1,1,1,2,2,2,4,4,2,1,4,4,1,3,3,2,4,3,3,3,1,1,1,2,2,3,3,4,1,1,1,2,3,2,2,4,1,2,3,3,1,2,2,3,1,3,1,1,3,2,2,1,3,2,4,2,1,2,3,4,4,2,1,2,2,4,3,4,1,4,3,1,1,2,3,4,1,3,3,1,3,2,1,3,2,3,3,2,2,2,3,3,1,3,1,4,1,1,4,1,1,4,4,2,1,2,4,1,2,4,2,1,4,1,4,1,2,1,2,1,3,2,1,1,1,3,4,1,3,1,2,2,1,2,4,1,4,1,2,3,1,2,2,3,1,3,3,1,3,4"
17,0.9886279079380575,0.5196078431372549,2329.0,"2,2,3,4,1,1,4,1,1,2,4,1,1,4,2,2,3,4,1,1,4,4,4,2,1,1,4,3,1,2,2,2,3,3,3,3,1,2,1,3,2,3,4,4,4,3,1,4,4,3,4,1,3,2,1,1,2,1,1,4,3,1,1,3,4,1,4,2,3,1,1,2,4,4,3,1,3,2,4,2,3,1,1,3,1,3,3,3,4,1,2,1,3,4,4,2,4,4,2,2,4,3,3,3,3,4,3,1,2,1,1,2,2,2,4,1,4,2,3,2,1,3,4,4,4,4,1,2,1,3,1,2,2,2,3,2,1,4,2,1,4,2,1,1,3,3,2,1,2,2,4,1,1,2,2,2,4,1,2,1,3,2,3,2,2,3,1,2,1,1,3,4,2,3,3,1,2,2,2,2,3,3,3,4,2,4,4,3,2,2,2,4,1,2,1,1,2,2,3,2,1,4,3,4,3,4,2,1,3,3,1,2,1,1,3,3,2,2,2,2,1,2,4,4,3,3,1,3,1,4,3,1,3,3,3,1,2,4,1,3,1,1,4,2,1,2,4,2,3,3,1,3,2,1,1,2,1,4,2,2,1,2,1,3,2,3,2,1,4,3,4,4,2,2,2,3,2,4,2,2,1,4,2,3,2,1,1,3,3,1,2,1,4,4,3,1,3,4,1,4,1,2,4,1,2,1,4,1,4,4,4,2,2,4,4,2,2,3,2,3,4,3,4,1,2,4,1,2,4,1,1,2,3,3,3,4,2,3,1,1,1,4,3,3,2,2,1,2,4,1,3,4,3,4,1,2,2,2,2,1,2,3,2,4,3,3,1,2,2,1,4,1,4,2,1,2,4,1,1,4,4,3,2,2,1,1,3,4,3,3,4,2,4,1,1,3,2,2,3,3,2,4,1,3,2,3,1,2,3,3,1,4,3,3,1,1,4,2,1,4,1,4,1,3,2,3,2,4,3,3,4,1,3,2,3,3,2,1,3,3,2,1,4,3,4,3,1,3,1,3,4,3,4,2,2,3,4,2,3,3,2,4,1,3,1,2,3,2,1,3,2,4,4,3,2,4,3,2,2,3,4,2,4,4,3,4,3,2,4,2,1,2,1,3,3,1,1,3,3,2,3,3,4,1,2,1,3,3,2,1,3,1,2,1,1,2,4,2,3,1,1,1,4,4,1,4,2,2,1,4,2,4,2,2,2,1,4,2,3,3,2,4,1,1,1,2,1,1,2,2,2,2,1,3,4,1,3,4,3,2,1,4,3,1,1,2,2,3,3,2,2,1,4,1,1,1,2,4,2,1,2,4,2,3,3,2,1,1,4,1,3,4,1,4,3,2,2,1,4,2,3,2,3,1,1,2,2,3,3,3,2,2,3,1,2,3,2,4,1,1,3,3,2,1,3,3,1,3,1,3,2,3,1,1,3,2,1,1,1,2,4,3,2,4,3,2,4,3,3,2,4,2,4,1,1,3,3,3,3,4,4,3,4,1,1,4,2,1,2,1,4,4,3,3,1,2,2,2,1,2,4,2,1,3,3,4,1,4,1,1,3,2,1,4,3,1,4,1,1,1,4,4,3,4,3,3,3,2,2,3,4,3,1,3,4,3,1,2,4,4,4,3,3,2,1,4,2,1,2,3,1,2,1,1,2,4,2,4,2,1,2,1,3,1,3,4,2,3,2,3,3,3,4,1,4,3,2,1,3,1,3,1,1,4,2,4,1,1,2,3,1,4,4,2,1,3,4,3,2,3,2,4,2,1,3,4,1,3,2,2,3,2,3,1,3,4,4,2,3,1,2,2,1,4,1,1,1,1,3,1,4,1,4,3,2,4,3,1,3,1,4,1,3,4,1,1,1,2,2,3,3,1,4,2,1,4,3,2,1,2,2,1,4,3,2,1,2,2,3,4,2,3,1,1,1,3,2,1,3,4,3,3,4,3,1,2,3,3,1,1,4,3,3,3,2,3,1,3,1,1,1,2,3,1,3,2,3,4,1,2,1,1,4,3,4,1,4,2,1,1,3,2,2,3,3,3,4,3,4,4,2,1,2,1,2,3,4,4,4,2,3,2,1,3,1,4,4,4,4,1,1,1,1,1,4,4,4,2,4,2,1,3,3,2,4,2,1,1,3,4,2,2,1,1,4,2,1,1,2,2,4,2,2,3,4,2,1,1,1,3,1,2,2,2,2,4,1,2,4,2,4,2,3,3,2,1,1,4,4,4,3,1,3,4,4,2,2,2,3,1,4,1,3,1,1,2,2,2,1,4,1,2,2,4,4,2,2,3,3,4,4,3,1,1,3,1,2,1,4,3,1,1,2,2,3,4,4,2,1,2,1,2,2,3,2,1,1,3,1,3,1,3,1,1,4,3,2,1,1,3,2,2,4,4,2,3,3,1,4,4,4,2,3,2,3,4,3,3,4,3,2,1,1,1,2,3,2,3,4,3,1,4,3,4,3,2,3,1,2,2,1,1,1,4,3,2,2,4,3,1,4,3,3,2,2,3,4,2,3,3,2,2,2,2,4,1,2,4,3,1,2,3,4,4,1,1,3,1,3,2,3,2,1,1,1,3,4,4,2,1,1,2,3,2,2,2,2,3,3,3,1,1,2,2,2,4,2,4,1,3,1,2,3,4,3,3,2,4,3,4,3,1,3,2,2,2,4,1,4,3,4,4,2,3,4,4,2,2,2,3,3,2,1,4,2,2,3,1,1,4,2,2,4,1,1,2,2,3,2,1,2,2,4,1,1,1,1,3,4,1,4,3,3,1,2,1,4,1,1,2,3,4,3,2,1,3,1,1,3,4,2,4,3,2,1,1,1,1,1,1,2,3,4,2,4,3,4,3,1,2,2,3,1,3,1,3,3,1,2,1,3,3,2,1,2,4,4,4,4,1,4,2,4,4,3,2,2,2,4,2,2,3,2,4,2,3,2,4,2,2,2,4,3,1,4,4,1,2,1,1,1,2,3,1,1,3,3,3,4,3,4,3,3,3,4,1,3,3,4,1,4,1,3,4,1,4,2,2,3,4,4,3,2,3,2,2,3,4,3,1,2,4,3,3,4,2,1,1,3,1,4,3,1,3,2,1,4,1,1,3,3,2,3,3,1,3,2,4,2,2,1,1,2,1,1,4,4,1,2,1,2,2,2,3,4,1,2,4,1,1,3,4,2,2,4,3,4,2,3,1,4,3,3,2,1,1,4,3,2,2,3,1,4,1,3,1,1,4,1,4,4,3,4,3,2,3,2,1,2,2,2,1,1,1,2,3,4,1,1,3,3,3,1,4,2,3,4,1,2,3,2,1,3,4,4,2,4,4,1,1,4,2,4,1,2,2,3,3,4,3,1,2,1,3,1,2,3,1,1,3,2,4,1,2,3,1,2,2,2,2,1,2,1,3,4,1,3,2,3,2,1,2,1,1,1,4,3,4,2,2,1,1,1,2,2,2,4,4,2,1,4,4,1,3,3,2,4,3,3,3,1,1,1,2,2,3,3,4,1,1,1,2,3,2,2,4,1,2,3,3,1,2,2,3,1,3,1,1,3,2,2,1,3,2,4,2,1,2,3,4,4,2,1,2,2,4,3,4,1,4,3,1,1,2,3,4,1,3,3,1,3,2,1,3,2,3,3,2,2,2,3,3,1,3,1,4,1,1,4,1,1,4,4,2,1,2,4,1,2,4,2,1,4,1,4,1,2,1,2,1,3,2,1,1,1,3,4,1,3,1,2,2,1,2,4,1,4,1,2,3,1,2,2,3,1,3,3,1,3,4"
18,0.9886279079380575,0.5196078431372549,2329.0,"2,2,3,4,1,1,4,1,1,2,4,1,1,4,2,2,3,4,1,1,4,4,4,2,1,1,4,3,1,2,2,2,3,3,3,3,1,2,1,3,2,3,4,4,4,3,1,4,4,3,4,1,3,2,1,1,2,1,1,4,3,1,1,3,4,1,4,2,3,1,1,2,4,4,3,1,3,2,4,2,3,1,1,3,1,3,3,3,4,1,2,1,3,4,4,2,4,4,2,2,4,3,3,3,3,4,3,1,2,1,1,2,2,2,4,1,4,2,3,2,1,3,4,4,4,4,1,2,1,3,1,2,2,2,3,2,1,4,2,1,4,2,1,1,3,3,2,1,2,2,4,1,1,2,2,2,4,1,2,1,3,2,3,2,2,3,1,2,1,1,3,4,2,3,3,1,2,2,2,2,3,3,3,4,2,4,4,3,2,2,2,4,1,2,1,1,2,2,3,2,1,4,3,4,3,4,2,1,3,3,1,2,1,1,3,3,2,2,2,2,1,2,4,4,3,3,1,3,1,4,3,1,3,3,3,1,2,4,1,3,1,1,4,2,1,2,4,2,3,3,1,3,2,1,1,2,1,4,2,2,1,2,1,3,2,3,2,1,4,3,4,4,2,2,2,3,2,4,2,2,1,4,2,3,2,1,1,3,3,1,2,1,4,4,3,1,3,4,1,4,1,2,4,1,2,1,4,1,4,4,4,2,2,4,4,2,2,3,2,3,4,3,4,1,2,4,1,2,4,1,1,2,3,3,3,4,2,3,1,1,1,4,3,3,2,2,1,2,4,1,3,4,3,4,1,2,2,2,2,1,2,3,2,4,3,3,1,2,2,1,4,1,4,2,1,2,4,1,1,4,4,3,2,2,1,1,3,4,3,3,4,2,4,1,1,3,2,2,3,3,2,4,1,3,2,3,1,2,3,3,1,4,3,3,1,1,4,2,1,4,1,4,1,3,2,3,2,4,3,3,4,1,3,2,3,3,2,1,3,3,2,1,4,3,4,3,1,3,1,3,4,3,4,2,2,3,4,2,3,3,2,4,1,3,1,2,3,2,1,3,2,4,4,3,2,4,3,2,2,3,4,2,4,4,3,4,3,2,4,2,1,2,1,3,3,1,1,3,3,2,3,3,4,1,2,1,3,3,2,1,3,1,2,1,1,2,4,2,3,1,1,1,4,4,1,4,2,2,1,4,2,4,2,2,2,1,4,2,3,3,2,4,1,1,1,2,1,1,2,2,2,2,1,3,4,1,3,4,3,2,1,4,3,1,1,2,2,3,3,2,2,1,4,1,1,1,2,4,2,1,2,4,2,3,3,2,1,1,4,1,3,4,1,4,3,2,2,1,4,2,3,2,3,1,1,2,2,3,3,3,2,2,3,1,2,3,2,4,1,1,3,3,2,1,3,3,1,3,1,3,2,3,1,1,3,2,1,1,1,2,4,3,2,4,3,2,4,3,3,2,4,2,4,1,1,3,3,3,3,4,4,3,4,1,1,4,2,1,2,1,4,4,3,3,1,2,2,2,1,2,4,2,1,3,3,4,1,4,1,1,3,2,1,4,3,1,4,1,1,1,4,4,3,4,3,3,3,2,2,3,4,3,1,3,4,3,1,2,4,4,4,3,3,2,1,4,2,1,2,3,1,2,1,1,2,4,2,4,2,1,2,1,3,1,3,4,2,3,2,3,3,3,4,1,4,3,2,1,3,1,3,1,1,4,2,4,1,1,2,3,1,4,4,2,1,3,4,3,2,3,2,4,2,1,3,4,1,3,2,2,3,2,3,1,3,4,4,2,3,1,2,2,1,4,1,1,1,1,3,1,4,1,4,3,2,4,3,1,3,1,4,1,3,4,1,1,1,2,2,3,3,1,4,2,1,4,3,2,1,2,2,1,4,3,2,1,2,2,3,4,2,3,1,1,1,3,2,1,3,4,3,3,4,3,1,2,3,3,1,1,4,3,3,3,2,3,1,3,1,1,1,2,3,1,3,2,3,4,1,2,1,1,4,3,4,1,4,2,1,1,3,2,2,3,3,3,4,3,4,4,2,1,2,1,2,3,4,4,4,2,3,2,1,3,1,4,4,4,4,1,1,1,1,1,4,4,4,2,4,2,1,3,3,2,4,2,1,1,3,4,2,2,1,1,4,2,1,1,2,2,4,2,2,3,4,2,1,1,1,3,1,2,2,2,2,4,1,2,4,2,4,2,3,3,2,1,1,4,4,4,3,1,3,4,4,2,2,2,3,1,4,1,3,1,1,2,2,2,1,4,1,2,2,4,4,2,2,3,3,4,4,3,1,1,3,1,2,1,4,3,1,1,2,2,3,4,4,2,1,2,1,2,2,3,2,1,1,3,1,3,1,3,1,1,4,3,2,1,1,3,2,2,4,4,2,3,3,1,4,4,4,2,3,2,3,4,3,3,4,3,2,1,1,1,2,3,2,3,4,3,1,4,3,4,3,2,3,1,2,2,1,1,1,4,3,2,2,4,3,1,4,3,3,2,2,3,4,2,3,3,2,2,2,2,4,1,2,4,3,1,2,3,4,4,1,1,3,1,3,2,3,2,1,1,1,3,4,4,2,1,1,2,3,2,2,2,2,3,3,3,1,1,2,2,2,4,2,4,1,3,1,2,3,4,3,3,2,4,3,4,3,1,3,2,2,2,4,1,4,3,4,4,2,3,4,4,2,2,2,3,3,2,1,4,2,2,3,1,1,4,2,2,4,1,1,2,2,3,2,1,2,2,4,1,1,1,1,3,4,1,4,3,3,1,2,1,4,1,1,2,3,4,3,2,1,3,1,1,3,4,2,4,3,2,1,1,1,1,1,1,2,3,4,2,4,3,4,3,1,2,2,3,1,3,1,3,3,1,2,1,3,3,2,1,2,4,4,4,4,1,4,2,4,4,3,2,2,2,4,2,2,3,2,4,2,3,2,4,2,2,2,4,3,1,4,4,1,2,1,1,1,2,3,1,1,3,3,3,4,3,4,3,3,3,4,1,3,3,4,1,4,1,3,4,1,4,2,2,3,4,4,3,2,3,2,2,3,4,3,1,2,4,3,3,4,2,1,1,3,1,4,3,1,3,2,1,4,1,1,3,3,2,3,3,1,3,2,4,2,2,1,1,2,1,1,4,4,1,2,1,2,2,2,3,4,1,2,4,1,1,3,4,2,2,4,3,4,2,3,1,4,3,3,2,1,1,4,3,2,2,3,1,4,1,3,1,1,4,1,4,4,3,4,3,2,3,2,1,2,2,2,1,1,1,2,3,4,1,1,3,3,3,1,4,2,3,4,1,2,3,2,1,3,4,4,2,4,4,1,1,4,2,4,1,2,2,3,3,4,3,1,2,1,3,1,2,3,1,1,3,2,4,1,2,3,1,2,2,2,2,1,2,1,3,4,1,3,2,3,2,1,2,1,1,1,4,3,4,2,2,1,1,1,2,2,2,4,4,2,1,4,4,1,3,3,2,4,3,3,3,1,1,1,2,2,3,3,4,1,1,1,2,3,2,2,4,1,2,3,3,1,2,2,3,1,3,1,1,3,2,2,1,3,2,4,2,1,2,3,4,4,2,1,2,2,4,3,4,1,4,3,1,1,2,3,4,1,3,3,1,3,2,1,3,2,3,3,2,2,2,3,3,1,3,1,4,1,1,4,1,1,4,4,2,1,2,4,1,2,4,2,1,4,1,4,1,2,1,2,1,3,2,1,1,1,3,4,1,3,1,2,2,1,2,4,1,4,1,2,3,1,2,2,3,1,3,3,1,3,4"
19,0.9886279079380575,0.5196078431372549,2329.0,"2,2,3,4,1,1,4,1,1,2,4,1,1,4,2,2,3,4,1,1,4,4,4,2,1,1,4,3,1,2,2,2,3,3,3,3,1,2,1,3,2,3,4,4,4,3,1,4,4,3,4,1,3,2,1,1,2,1,1,4,3,1,1,3,4,1,4,2,3,1,1,2,4,4,3,1,3,2,4,2,3,1,1,3,1,3,3,3,4,1,2,1,3,4,4,2,4,4,2,2,4,3,3,3,3,4,3,1,2,1,1,2,2,2,4,1,4,2,3,2,1,3,4,4,4,4,1,2,1,3,1,2,2,2,3,2,1,4,2,1,4,2,1,1,3,3,2,1,2,2,4,1,1,2,2,2,4,1,2,1,3,2,3,2,2,3,1,2,1,1,3,4,2,3,3,1,2,2,2,2,3,3,3,4,2,4,4,3,2,2,2,4,1,2,1,1,2,2,3,2,1,4,3,4,3,4,2,1,3,3,1,2,1,1,3,3,2,2,2,2,1,2,4,4,3,3,1,3,1,4,3,1,3,3,3,1,2,4,1,3,1,1,4,2,1,2,4,2,3,3,1,3,2,1,1,2,1,4,2,2,1,2,1,3,2,3,2,1,4,3,4,4,2,2,2,3,2,4,2,2,1,4,2,3,2,1,1,3,3,1,2,1,4,4,3,1,3,4,1,4,1,2,4,1,2,1,4,1,4,4,4,2,2,4,4,2,2,3,2,3,4,3,4,1,2,4,1,2,4,1,1,2,3,3,3,4,2,3,1,1,1,4,3,3,2,2,1,2,4,1,3,4,3,4,1,2,2,2,2,1,2,3,2,4,3,3,1,2,2,1,4,1,4,2,1,2,4,1,1,4,4,3,2,2,1,1,3,4,3,3,4,2,4,1,1,3,2,2,3,3,2,4,1,3,2,3,1,2,3,3,1,4,3,3,1,1,4,2,1,4,1,4,1,3,2,3,2,4,3,3,4,1,3,2,3,3,2,1,3,3,2,1,4,3,4,3,1,3,1,3,4,3,4,2,2,3,4,2,3,3,2,4,1,3,1,2,3,2,1,3,2,4,4,3,2,4,3,2,2,3,4,2,4,4,3,4,3,2,4,2,1,2,1,3,3,1,1,3,3,2,3,3,4,1,2,1,3,3,2,1,3,1,2,1,1,2,4,2,3,1,1,1,4,4,1,4,2,2,1,4,2,4,2,2,2,1,4,2,3,3,2,4,1,1,1,2,1,1,2,2,2,2,1,3,4,1,3,4,3,2,1,4,3,1,1,2,2,3,3,2,2,1,4,1,1,1,2,4,2,1,2,4,2,3,3,2,1,1,4,1,3,4,1,4,3,2,2,1,4,2,3,2,3,1,1,2,2,3,3,3,2,2,3,1,2,3,2,4,1,1,3,3,2,1,3,3,1,3,1,3,2,3,1,1,3,2,1,1,1,2,4,3,2,4,3,2,4,3,3,2,4,2,4,1,1,3,3,3,3,4,4,3,4,1,1,4,2,1,2,1,4,4,3,3,1,2,2,2,1,2,4,2,1,3,3,4,1,4,1,1,3,2,1,4,3,1,4,1,1,1,4,4,3,4,3,3,3,2,2,3,4,3,1,3,4,3,1,2,4,4,4,3,3,2,1,4,2,1,2,3,1,2,1,1,2,4,2,4,2,1,2,1,3,1,3,4,2,3,2,3,3,3,4,1,4,3,2,1,3,1,3,1,1,4,2,4,1,1,2,3,1,4,4,2,1,3,4,3,2,3,2,4,2,1,3,4,1,3,2,2,3,2,3,1,3,4,4,2,3,1,2,2,1,4,1,1,1,1,3,1,4,1,4,3,2,4,3,1,3,1,4,1,3,4,1,1,1,2,2,3,3,1,4,2,1,4,3,2,1,2,2,1,4,3,2,1,2,2,3,4,2,3,1,1,1,3,2,1,3,4,3,3,4,3,1,2,3,3,1,1,4,3,3,3,2,3,1,3,1,1,1,2,3,1,3,2,3,4,1,2,1,1,4,3,4,1,4,2,1,1,3,2,2,3,3,3,4,3,4,4,2,1,2,1,2,3,4,4,4,2,3,2,1,3,1,4,4,4,4,1,1,1,1,1,4,4,4,2,4,2,1,3,3,2,4,2,1,1,3,4,2,2,1,1,4,2,1,1,2,2,4,2,2,3,4,2,1,1,1,3,1,2,2,2,2,4,1,2,4,2,4,2,3,3,2,1,1,4,4,4,3,1,3,4,4,2,2,2,3,1,4,1,3,1,1,2,2,2,1,4,1,2,2,4,4,2,2,3,3,4,4,3,1,1,3,1,2,1,4,3,1,1,2,2,3,4,4,2,1,2,1,2,2,3,2,1,1,3,1,3,1,3,1,1,4,3,2,1,1,3,2,2,4,4,2,3,3,1,4,4,4,2,3,2,3,4,3,3,4,3,2,1,1,1,2,3,2,3,4,3,1,4,3,4,3,2,3,1,2,2,1,1,1,4,3,2,2,4,3,1,4,3,3,2,2,3,4,2,3,3,2,2,2,2,4,1,2,4,3,1,2,3,4,4,1,1,3,1,3,2,3,2,1,1,1,3,4,4,2,1,1,2,3,2,2,2,2,3,3,3,1,1,2,2,2,4,2,4,1,3,1,2,3,4,3,3,2,4,3,4,3,1,3,2,2,2,4,1,4,3,4,4,2,3,4,4,2,2,2,3,3,2,1,4,2,2,3,1,1,4,2,2,4,1,1,2,2,3,2,1,2,2,4,1,1,1,1,3,4,1,4,3,3,1,2,1,4,1,1,2,3,4,3,2,1,3,1,1,3,4,2,4,3,2,1,1,1,1,1,1,2,3,4,2,4,3,4,3,1,2,2,3,1,3,1,3,3,1,2,1,3,3,2,1,2,4,4,4,4,1,4,2,4,4,3,2,2,2,4,2,2,3,2,4,2,3,2,4,2,2,2,4,3,1,4,4,1,2,1,1,1,2,3,1,1,3,3,3,4,3,4,3,3,3,4,1,3,3,4,1,4,1,3,4,1,4,2,2,3,4,4,3,2,3,2,2,3,4,3,1,2,4,3,3,4,2,1,1,3,1,4,3,1,3,2,1,4,1,1,3,3,2,3,3,1,3,2,4,2,2,1,1,2,1,1,4,4,1,2,1,2,2,2,3,4,1,2,4,1,1,3,4,2,2,4,3,4,2,3,1,4,3,3,2,1,1,4,3,2,2,3,1,4,1,3,1,1,4,1,4,4,3,4,3,2,3,2,1,2,2,2,1,1,1,2,3,4,1,1,3,3,3,1,4,2,3,4,1,2,3,2,1,3,4,4,2,4,4,1,1,4,2,4,1,2,2,3,3,4,3,1,2,1,3,1,2,3,1,1,3,2,4,1,2,3,1,2,2,2,2,1,2,1,3,4,1,3,2,3,2,1,2,1,1,1,4,3,4,2,2,1,1,1,2,2,2,4,4,2,1,4,4,1,3,3,2,4,3,3,3,1,1,1,2,2,3,3,4,1,1,1,2,3,2,2,4,1,2,3,3,1,2,2,3,1,3,1,1,3,2,2,1,3,2,4,2,1,2,3,4,4,2,1,2,2,4,3,4,1,4,3,1,1,2,3,4,1,3,3,1,3,2,1,3,2,3,3,2,2,2,3,3,1,3,1,4,1,1,4,1,1,4,4,2,1,2,4,1,2,4,2,1,4,1,4,1,2,1,2,1,3,2,1,1,1,3,4,1,3,1,2,2,1,2,4,1,4,1,2,3,1,2,2,3,1,3,3,1,3,4"
20,0.9886279079380575,0.5196078431372549,2329.0,"2,2,3,4,1,1,4,1,1,2,4,1,1,4,2,2,3,4,1,1,4,4,4,2,1,1,4,3,1,2,2,2,3,3,3,3,1,2,1,3,2,3,4,4,4,3,1,4,4,3,4,1,3,2,1,1,2,1,1,4,3,1,1,3,4,1,4,2,3,1,1,2,4,4,3,1,3,2,4,2,3,1,1,3,1,3,3,3,4,1,2,1,3,4,4,2,4,4,2,2,4,3,3,3,3,4,3,1,2,1,1,2,2,2,4,1,4,2,3,2,1,3,4,4,4,4,1,2,1,3,1,2,2,2,3,2,1,4,2,1,4,2,1,1,3,3,2,1,2,2,4,1,1,2,2,2,4,1,2,1,3,2,3,2,2,3,1,2,1,1,3,4,2,3,3,1,2,2,2,2,3,3,3,4,2,4,4,3,2,2,2,4,1,2,1,1,2,2,3,2,1,4,3,4,3,4,2,1,3,3,1,2,1,1,3,3,2,2,2,2,1,2,4,4,3,3,1,3,1,4,3,1,3,3,3,1,2,4,1,3,1,1,4,2,1,2,4,2,3,3,1,3,2,1,1,2,1,4,2,2,1,2,1,3,2,3,2,1,4,3,4,4,2,2,2,3,2,4,2,2,1,4,2,3,2,1,1,3,3,1,2,1,4,4,3,1,3,4,1,4,1,2,4,1,2,1,4,1,4,4,4,2,2,4,4,2,2,3,2,3,4,3,4,1,2,4,1,2,4,1,1,2,3,3,3,4,2,3,1,1,1,4,3,3,2,2,1,2,4,1,3,4,3,4,1,2,2,2,2,1,2,3,2,4,3,3,1,2,2,1,4,1,4,2,1,2,4,1,1,4,4,3,2,2,1,1,3,4,3,3,4,2,4,1,1,3,2,2,3,3,2,4,1,3,2,3,1,2,3,3,1,4,3,3,1,1,4,2,1,4,1,4,1,3,2,3,2,4,3,3,4,1,3,2,3,3,2,1,3,3,2,1,4,3,4,3,1,3,1,3,4,3,4,2,2,3,4,2,3,3,2,4,1,3,1,2,3,2,1,3,2,4,4,3,2,4,3,2,2,3,4,2,4,4,3,4,3,2,4,2,1,2,1,3,3,1,1,3,3,2,3,3,4,1,2,1,3,3,2,1,3,1,2,1,1,2,4,2,3,1,1,1,4,4,1,4,2,2,1,4,2,4,2,2,2,1,4,2,3,3,2,4,1,1,1,2,1,1,2,2,2,2,1,3,4,1,3,4,3,2,1,4,3,1,1,2,2,3,3,2,2,1,4,1,1,1,2,4,2,1,2,4,2,3,3,2,1,1,4,1,3,4,1,4,3,2,2,1,4,2,3,2,3,1,1,2,2,3,3,3,2,2,3,1,2,3,2,4,1,1,3,3,2,1,3,3,1,3,1,3,2,3,1,1,3,2,1,1,1,2,4,3,2,4,3,2,4,3,3,2,4,2,4,1,1,3,3,3,3,4,4,3,4,1,1,4,2,1,2,1,4,4,3,3,1,2,2,2,1,2,4,2,1,3,3,4,1,4,1,1,3,2,1,4,3,1,4,1,1,1,4,4,3,4,3,3,3,2,2,3,4,3,1,3,4,3,1,2,4,4,4,3,3,2,1,4,2,1,2,3,1,2,1,1,2,4,2,4,2,1,2,1,3,1,3,4,2,3,2,3,3,3,4,1,4,3,2,1,3,1,3,1,1,4,2,4,1,1,2,3,1,4,4,2,1,3,4,3,2,3,2,4,2,1,3,4,1,3,2,2,3,2,3,1,3,4,4,2,3,1,2,2,1,4,1,1,1,1,3,1,4,1,4,3,2,4,3,1,3,1,4,1,3,4,1,1,1,2,2,3,3,1,4,2,1,4,3,2,1,2,2,1,4,3,2,1,2,2,3,4,2,3,1,1,1,3,2,1,3,4,3,3,4,3,1,2,3,3,1,1,4,3,3,3,2,3,1,3,1,1,1,2,3,1,3,2,3,4,1,2,1,1,4,3,4,1,4,2,1,1,3,2,2,3,3,3,4,3,4,4,2,1,2,1,2,3,4,4,4,2,3,2,1,3,1,4,4,4,4,1,1,1,1,1,4,4,4,2,4,2,1,3,3,2,4,2,1,1,3,4,2,2,1,1,4,2,1,1,2,2,4,2,2,3,4,2,1,1,1,3,1,2,2,2,2,4,1,2,4,2,4,2,3,3,2,1,1,4,4,4,3,1,3,4,4,2,2,2,3,1,4,1,3,1,1,2,2,2,1,4,1,2,2,4,4,2,2,3,3,4,4,3,1,1,3,1,2,1,4,3,1,1,2,2,3,4,4,2,1,2,1,2,2,3,2,1,1,3,1,3,1,3,1,1,4,3,2,1,1,3,2,2,4,4,2,3,3,1,4,4,4,2,3,2,3,4,3,3,4,3,2,1,1,1,2,3,2,3,4,3,1,4,3,4,3,2,3,1,2,2,1,1,1,4,3,2,2,4,3,1,4,3,3,2,2,3,4,2,3,3,2,2,2,2,4,1,2,4,3,1,2,3,4,4,1,1,3,1,3,2,3,2,1,1,1,3,4,4,2,1,1,2,3,2,2,2,2,3,3,3,1,1,2,2,2,4,2,4,1,3,1,2,3,4,3,3,2,4,3,4,3,1,3,2,2,2,4,1,4,3,4,4,2,3,4,4,2,2,2,3,3,2,1,4,2,2,3,1,1,4,2,2,4,1,1,2,2,3,2,1,2,2,4,1,1,1,1,3,4,1,4,3,3,1,2,1,4,1,1,2,3,4,3,2,1,3,1,1,3,4,2,4,3,2,1,1,1,1,1,1,2,3,4,2,4,3,4,3,1,2,2,3,1,3,1,3,3,1,2,1,3,3,2,1,2,4,4,4,4,1,4,2,4,4,3,2,2,2,4,2,2,3,2,4,2,3,2,4,2,2,2,4,3,1,4,4,1,2,1,1,1,2,3,1,1,3,3,3,4,3,4,3,3,3,4,1,3,3,4,1,4,1,3,4,1,4,2,2,3,4,4,3,2,3,2,2,3,4,3,1,2,4,3,3,4,2,1,1,3,1,4,3,1,3,2,1,4,1,1,3,3,2,3,3,1,3,2,4,2,2,1,1,2,1,1,4,4,1,2,1,2,2,2,3,4,1,2,4,1,1,3,4,2,2,4,3,4,2,3,1,4,3,3,2,1,1,4,3,2,2,3,1,4,1,3,1,1,4,1,4,4,3,4,3,2,3,2,1,2,2,2,1,1,1,2,3,4,1,1,3,3,3,1,4,2,3,4,1,2,3,2,1,3,4,4,2,4,4,1,1,4,2,4,1,2,2,3,3,4,3,1,2,1,3,1,2,3,1,1,3,2,4,1,2,3,1,2,2,2,2,1,2,1,3,4,1,3,2,3,2,1,2,1,1,1,4,3,4,2,2,1,1,1,2,2,2,4,4,2,1,4,4,1,3,3,2,4,3,3,3,1,1,1,2,2,3,3,4,1,1,1,2,3,2,2,4,1,2,3,3,1,2,2,3,1,3,1,1,3,2,2,1,3,2,4,2,1,2,3,4,4,2,1,2,2,4,3,4,1,4,3,1,1,2,3,4,1,3,3,1,3,2,1,3,2,3,3,2,2,2,3,3,1,3,1,4,1,1,4,1,1,4,4,2,1,2,4,1,2,4,2,1,4,1,4,1,2,1,2,1,3,2,1,1,1,3,4,1,3,1,2,2,1,2,4,1,4,1,2,3,1,2,2,3,1,3,3,1,3,4"
21,0.9886279079380575,0.5196078431372549,2329.0,"2,2,3,4,1,1,4,1,1,2,4,1,1,4,2,2,3,4,1,1,4,4,4,2,1,1,4,3,1,2,2,2,3,3,3,3,1,2,1,3,2,3,4,4,4,3,1,4,4,3,4,1,3,2,1,1,2,1,1,4,3,1,1,3,4,1,4,2,3,1,1,2,4,4,3,1,3,2,4,2,3,1,1,3,1,3,3,3,4,1,2,1,3,4,4,2,4,4,2,2,4,3,3,3,3,4,3,1,2,1,1,2,2,2,4,1,4,2,3,2,1,3,4,4,4,4,1,2,1,3,1,2,2,2,3,2,1,4,2,1,4,2,1,1,3,3,2,1,2,2,4,1,1,2,2,2,4,1,2,1,3,2,3,2,2,3,1,2,1,1,3,4,2,3,3,1,2,2,2,2,3,3,3,4,2,4,4,3,2,2,2,4,1,2,1,1,2,2,3,2,1,4,3,4,3,4,2,1,3,3,1,2,1,1,3,3,2,2,2,2,1,2,4,4,3,3,1,3,1,4,3,1,3,3,3,1,2,4,1,3,1,1,4,2,1,2,4,2,3,3,1,3,2,1,1,2,1,4,2,2,1,2,1,3,2,3,2,1,4,3,4,4,2,2,2,3,2,4,2,2,1,4,2,3,2,1,1,3,3,1,2,1,4,4,3,1,3,4,1,4,1,2,4,1,2,1,4,1,4,4,4,2,2,4,4,2,2,3,2,3,4,3,4,1,2,4,1,2,4,1,1,2,3,3,3,4,2,3,1,1,1,4,3,3,2,2,1,2,4,1,3,4,3,4,1,2,2,2,2,1,2,3,2,4,3,3,1,2,2,1,4,1,4,2,1,2,4,1,1,4,4,3,2,2,1,1,3,4,3,3,4,2,4,1,1,3,2,2,3,3,2,4,1,3,2,3,1,2,3,3,1,4,3,3,1,1,4,2,1,4,1,4,1,3,2,3,2,4,3,3,4,1,3,2,3,3,2,1,3,3,2,1,4,3,4,3,1,3,1,3,4,3,4,2,2,3,4,2,3,3,2,4,1,3,1,2,3,2,1,3,2,4,4,3,2,4,3,2,2,3,4,2,4,4,3,4,3,2,4,2,1,2,1,3,3,1,1,3,3,2,3,3,4,1,2,1,3,3,2,1,3,1,2,1,1,2,4,2,3,1,1,1,4,4,1,4,2,2,1,4,2,4,2,2,2,1,4,2,3,3,2,4,1,1,1,2,1,1,2,2,2,2,1,3,4,1,3,4,3,2,1,4,3,1,1,2,2,3,3,2,2,1,4,1,1,1,2,4,2,1,2,4,2,3,3,2,1,1,4,1,3,4,1,4,3,2,2,1,4,2,3,2,3,1,1,2,2,3,3,3,2,2,3,1,2,3,2,4,1,1,3,3,2,1,3,3,1,3,1,3,2,3,1,1,3,2,1,1,1,2,4,3,2,4,3,2,4,3,3,2,4,2,4,1,1,3,3,3,3,4,4,3,4,1,1,4,2,1,2,1,4,4,3,3,1,2,2,2,1,2,4,2,1,3,3,4,1,4,1,1,3,2,1,4,3,1,4,1,1,1,4,4,3,4,3,3,3,2,2,3,4,3,1,3,4,3,1,2,4,4,4,3,3,2,1,4,2,1,2,3,1,2,1,1,2,4,2,4,2,1,2,1,3,1,3,4,2,3,2,3,3,3,4,1,4,3,2,1,3,1,3,1,1,4,2,4,1,1,2,3,1,4,4,2,1,3,4,3,2,3,2,4,2,1,3,4,1,3,2,2,3,2,3,1,3,4,4,2,3,1,2,2,1,4,1,1,1,1,3,1,4,1,4,3,2,4,3,1,3,1,4,1,3,4,1,1,1,2,2,3,3,1,4,2,1,4,3,2,1,2,2,1,4,3,2,1,2,2,3,4,2,3,1,1,1,3,2,1,3,4,3,3,4,3,1,2,3,3,1,1,4,3,3,3,2,3,1,3,1,1,1,2,3,1,3,2,3,4,1,2,1,1,4,3,4,1,4,2,1,1,3,2,2,3,3,3,4,3,4,4,2,1,2,1,2,3,4,4,4,2,3,2,1,3,1,4,4,4,4,1,1,1,1,1,4,4,4,2,4,2,1,3,3,2,4,2,1,1,3,4,2,2,1,1,4,2,1,1,2,2,4,2,2,3,4,2,1,1,1,3,1,2,2,2,2,4,1,2,4,2,4,2,3,3,2,1,1,4,4,4,3,1,3,4,4,2,2,2,3,1,4,1,3,1,1,2,2,2,1,4,1,2,2,4,4,2,2,3,3,4,4,3,1,1,3,1,2,1,4,3,1,1,2,2,3,4,4,2,1,2,1,2,2,3,2,1,1,3,1,3,1,3,1,1,4,3,2,1,1,3,2,2,4,4,2,3,3,1,4,4,4,2,3,2,3,4,3,3,4,3,2,1,1,1,2,3,2,3,4,3,1,4,3,4,3,2,3,1,2,2,1,1,1,4,3,2,2,4,3,1,4,3,3,2,2,3,4,2,3,3,2,2,2,2,4,1,2,4,3,1,2,3,4,4,1,1,3,1,3,2,3,2,1,1,1,3,4,4,2,1,1,2,3,2,2,2,2,3,3,3,1,1,2,2,2,4,2,4,1,3,1,2,3,4,3,3,2,4,3,4,3,1,3,2,2,2,4,1,4,3,4,4,2,3,4,4,2,2,2,3,3,2,1,4,2,2,3,1,1,4,2,2,4,1,1,2,2,3,2,1,2,2,4,1,1,1,1,3,4,1,4,3,3,1,2,1,4,1,1,2,3,4,3,2,1,3,1,1,3,4,2,4,3,2,1,1,1,1,1,1,2,3,4,2,4,3,4,3,1,2,2,3,1,3,1,3,3,1,2,1,3,3,2,1,2,4,4,4,4,1,4,2,4,4,3,2,2,2,4,2,2,3,2,4,2,3,2,4,2,2,2,4,3,1,4,4,1,2,1,1,1,2,3,1,1,3,3,3,4,3,4,3,3,3,4,1,3,3,4,1,4,1,3,4,1,4,2,2,3,4,4,3,2,3,2,2,3,4,3,1,2,4,3,3,4,2,1,1,3,1,4,3,1,3,2,1,4,1,1,3,3,2,3,3,1,3,2,4,2,2,1,1,2,1,1,4,4,1,2,1,2,2,2,3,4,1,2,4,1,1,3,4,2,2,4,3,4,2,3,1,4,3,3,2,1,1,4,3,2,2,3,1,4,1,3,1,1,4,1,4,4,3,4,3,2,3,2,1,2,2,2,1,1,1,2,3,4,1,1,3,3,3,1,4,2,3,4,1,2,3,2,1,3,4,4,2,4,4,1,1,4,2,4,1,2,2,3,3,4,3,1,2,1,3,1,2,3,1,1,3,2,4,1,2,3,1,2,2,2,2,1,2,1,3,4,1,3,2,3,2,1,2,1,1,1,4,3,4,2,2,1,1,1,2,2,2,4,4,2,1,4,4,1,3,3,2,4,3,3,3,1,1,1,2,2,3,3,4,1,1,1,2,3,2,2,4,1,2,3,3,1,2,2,3,1,3,1,1,3,2,2,1,3,2,4,2,1,2,3,4,4,2,1,2,2,4,3,4,1,4,3,1,1,2,3,4,1,3,3,1,3,2,1,3,2,3,3,2,2,2,3,3,1,3,1,4,1,1,4,1,1,4,4,2,1,2,4,1,2,4,2,1,4,1,4,1,2,1,2,1,3,2,1,1,1,3,4,1,3,1,2,2,1,2,4,1,4,1,2,3,1,2,2,3,1,3,3,1,3,4"
22,0.9886279079380575,0.5196078431372549,2329.0,"2,2,3,4,1,1,4,1,1,2,4,1,1,4,2,2,3,4,1,1,4,4,4,2,1,1,4,3,1,2,2,2,3,3,3,3,1,2,1,3,2,3,4,4,4,3,1,4,4,3,4,1,3,2,1,1,2,1,1,4,3,1,1,3,4,1,4,2,3,1,1,2,4,4,3,1,3,2,4,2,3,1,1,3,1,3,3,3,4,1,2,1,3,4,4,2,4,4,2,2,4,3,3,3,3,4,3,1,2,1,1,2,2,2,4,1,4,2,3,2,1,3,4,4,4,4,1,2,1,3,1,2,2,2,3,2,1,4,2,1,4,2,1,1,3,3,2,1,2,2,4,1,1,2,2,2,4,1,2,1,3,2,3,2,2,3,1,2,1,1,3,4,2,3,3,1,2,2,2,2,3,3,3,4,2,4,4,3,2,2,2,4,1,2,1,1,2,2,3,2,1,4,3,4,3,4,2,1,3,3,1,2,1,1,3,3,2,2,2,2,1,2,4,4,3,3,1,3,1,4,3,1,3,3,3,1,2,4,1,3,1,1,4,2,1,2,4,2,3,3,1,3,2,1,1,2,1,4,2,2,1,2,1,3,2,3,2,1,4,3,4,4,2,2,2,3,2,4,2,2,1,4,2,3,2,1,1,3,3,1,2,1,4,4,3,1,3,4,1,4,1,2,4,1,2,1,4,1,4,4,4,2,2,4,4,2,2,3,2,3,4,3,4,1,2,4,1,2,4,1,1,2,3,3,3,4,2,3,1,1,1,4,3,3,2,2,1,2,4,1,3,4,3,4,1,2,2,2,2,1,2,3,2,4,3,3,1,2,2,1,4,1,4,2,1,2,4,1,1,4,4,3,2,2,1,1,3,4,3,3,4,2,4,1,1,3,2,2,3,3,2,4,1,3,2,3,1,2,3,3,1,4,3,3,1,1,4,2,1,4,1,4,1,3,2,3,2,4,3,3,4,1,3,2,3,3,2,1,3,3,2,1,4,3,4,3,1,3,1,3,4,3,4,2,2,3,4,2,3,3,2,4,1,3,1,2,3,2,1,3,2,4,4,3,2,4,3,2,2,3,4,2,4,4,3,4,3,2,4,2,1,2,1,3,3,1,1,3,3,2,3,3,4,1,2,1,3,3,2,1,3,1,2,1,1,2,4,2,3,1,1,1,4,4,1,4,2,2,1,4,2,4,2,2,2,1,4,2,3,3,2,4,1,1,1,2,1,1,2,2,2,2,1,3,4,1,3,4,3,2,1,4,3,1,1,2,2,3,3,2,2,1,4,1,1,1,2,4,2,1,2,4,2,3,3,2,1,1,4,1,3,4,1,4,3,2,2,1,4,2,3,2,3,1,1,2,2,3,3,3,2,2,3,1,2,3,2,4,1,1,3,3,2,1,3,3,1,3,1,3,2,3,1,1,3,2,1,1,1,2,4,3,2,4,3,2,4,3,3,2,4,2,4,1,1,3,3,3,3,4,4,3,4,1,1,4,2,1,2,1,4,4,3,3,1,2,2,2,1,2,4,2,1,3,3,4,1,4,1,1,3,2,1,4,3,1,4,1,1,1,4,4,3,4,3,3,3,2,2,3,4,3,1,3,4,3,1,2,4,4,4,3,3,2,1,4,2,1,2,3,1,2,1,1,2,4,2,4,2,1,2,1,3,1,3,4,2,3,2,3,3,3,4,1,4,3,2,1,3,1,3,1,1,4,2,4,1,1,2,3,1,4,4,2,1,3,4,3,2,3,2,4,2,1,3,4,1,3,2,2,3,2,3,1,3,4,4,2,3,1,2,2,1,4,1,1,1,1,3,1,4,1,4,3,2,4,3,1,3,1,4,1,3,4,1,1,1,2,2,3,3,1,4,2,1,4,3,2,1,2,2,1,4,3,2,1,2,2,3,4,2,3,1,1,1,3,2,1,3,4,3,3,4,3,1,2,3,3,1,1,4,3,3,3,2,3,1,3,1,1,1,2,3,1,3,2,3,4,1,2,1,1,4,3,4,1,4,2,1,1,3,2,2,3,3,3,4,3,4,4,2,1,2,1,2,3,4,4,4,2,3,2,1,3,1,4,4,4,4,1,1,1,1,1,4,4,4,2,4,2,1,3,3,2,4,2,1,1,3,4,2,2,1,1,4,2,1,1,2,2,4,2,2,3,4,2,1,1,1,3,1,2,2,2,2,4,1,2,4,2,4,2,3,3,2,1,1,4,4,4,3,1,3,4,4,2,2,2,3,1,4,1,3,1,1,2,2,2,1,4,1,2,2,4,4,2,2,3,3,4,4,3,1,1,3,1,2,1,4,3,1,1,2,2,3,4,4,2,1,2,1,2,2,3,2,1,1,3,1,3,1,3,1,1,4,3,2,1,1,3,2,2,4,4,2,3,3,1,4,4,4,2,3,2,3,4,3,3,4,3,2,1,1,1,2,3,2,3,4,3,1,4,3,4,3,2,3,1,2,2,1,1,1,4,3,2,2,4,3,1,4,3,3,2,2,3,4,2,3,3,2,2,2,2,4,1,2,4,3,1,2,3,4,4,1,1,3,1,3,2,3,2,1,1,1,3,4,4,2,1,1,2,3,2,2,2,2,3,3,3,1,1,2,2,2,4,2,4,1,3,1,2,3,4,3,3,2,4,3,4,3,1,3,2,2,2,4,1,4,3,4,4,2,3,4,4,2,2,2,3,3,2,1,4,2,2,3,1,1,4,2,2,4,1,1,2,2,3,2,1,2,2,4,1,1,1,1,3,4,1,4,3,3,1,2,1,4,1,1,2,3,4,3,2,1,3,1,1,3,4,2,4,3,2,1,1,1,1,1,1,2,3,4,2,4,3,4,3,1,2,2,3,1,3,1,3,3,1,2,1,3,3,2,1,2,4,4,4,4,1,4,2,4,4,3,2,2,2,4,2,2,3,2,4,2,3,2,4,2,2,2,4,3,1,4,4,1,2,1,1,1,2,3,1,1,3,3,3,4,3,4,3,3,3,4,1,3,3,4,1,4,1,3,4,1,4,2,2,3,4,4,3,2,3,2,2,3,4,3,1,2,4,3,3,4,2,1,1,3,1,4,3,1,3,2,1,4,1,1,3,3,2,3,3,1,3,2,4,2,2,1,1,2,1,1,4,4,1,2,1,2,2,2,3,4,1,2,4,1,1,3,4,2,2,4,3,4,2,3,1,4,3,3,2,1,1,4,3,2,2,3,1,4,1,3,1,1,4,1,4,4,3,4,3,2,3,2,1,2,2,2,1,1,1,2,3,4,1,1,3,3,3,1,4,2,3,4,1,2,3,2,1,3,4,4,2,4,4,1,1,4,2,4,1,2,2,3,3,4,3,1,2,1,3,1,2,3,1,1,3,2,4,1,2,3,1,2,2,2,2,1,2,1,3,4,1,3,2,3,2,1,2,1,1,1,4,3,4,2,2,1,1,1,2,2,2,4,4,2,1,4,4,1,3,3,2,4,3,3,3,1,1,1,2,2,3,3,4,1,1,1,2,3,2,2,4,1,2,3,3,1,2,2,3,1,3,1,1,3,2,2,1,3,2,4,2,1,2,3,4,4,2,1,2,2,4,3,4,1,4,3,1,1,2,3,4,1,3,3,1,3,2,1,3,2,3,3,2,2,2,3,3,1,3,1,4,1,1,4,1,1,4,4,2,1,2,4,1,2,4,2,1,4,1,4,1,2,1,2,1,3,2,1,1,1,3,4,1,3,1,2,2,1,2,4,1,4,1,2,3,1,2,2,3,1,3,3,1,3,4"
23,0.9886279079380575,0.5196078431372549,2329.0,"2,2,3,4,1,1,4,1,1,2,4,1,1,4,2,2,3,4,1,1,4,4,4,2,1,1,4,3,1,2,2,2,3,3,3,3,1,2,1,3,2,3,4,4,4,3,1,4,4,3,4,1,3,2,1,1,2,1,1,4,3,1,1,3,4,1,4,2,3,1,1,2,4,4,3,1,3,2,4,2,3,1,1,3,1,3,3,3,4,1,2,1,3,4,4,2,4,4,2,2,4,3,3,3,3,4,3,1,2,1,1,2,2,2,4,1,4,2,3,2,1,3,4,4,4,4,1,2,1,3,1,2,2,2,3,2,1,4,2,1,4,2,1,1,3,3,2,1,2,2,4,1,1,2,2,2,4,1,2,1,3,2,3,2,2,3,1,2,1,1,3,4,2,3,3,1,2,2,2,2,3,3,3,4,2,4,4,3,2,2,2,4,1,2,1,1,2,2,3,2,1,4,3,4,3,4,2,1,3,3,1,2,1,1,3,3,2,2,2,2,1,2,4,4,3,3,1,3,1,4,3,1,3,3,3,1,2,4,1,3,1,1,4,2,1,2,4,2,3,3,1,3,2,1,1,2,1,4,2,2,1,2,1,3,2,3,2,1,4,3,4,4,2,2,2,3,2,4,2,2,1,4,2,3,2,1,1,3,3,1,2,1,4,4,3,1,3,4,1,4,1,2,4,1,2,1,4,1,4,4,4,2,2,4,4,2,2,3,2,3,4,3,4,1,2,4,1,2,4,1,1,2,3,3,3,4,2,3,1,1,1,4,3,3,2,2,1,2,4,1,3,4,3,4,1,2,2,2,2,1,2,3,2,4,3,3,1,2,2,1,4,1,4,2,1,2,4,1,1,4,4,3,2,2,1,1,3,4,3,3,4,2,4,1,1,3,2,2,3,3,2,4,1,3,2,3,1,2,3,3,1,4,3,3,1,1,4,2,1,4,1,4,1,3,2,3,2,4,3,3,4,1,3,2,3,3,2,1,3,3,2,1,4,3,4,3,1,3,1,3,4,3,4,2,2,3,4,2,3,3,2,4,1,3,1,2,3,2,1,3,2,4,4,3,2,4,3,2,2,3,4,2,4,4,3,4,3,2,4,2,1,2,1,3,3,1,1,3,3,2,3,3,4,1,2,1,3,3,2,1,3,1,2,1,1,2,4,2,3,1,1,1,4,4,1,4,2,2,1,4,2,4,2,2,2,1,4,2,3,3,2,4,1,1,1,2,1,1,2,2,2,2,1,3,4,1,3,4,3,2,1,4,3,1,1,2,2,3,3,2,2,1,4,1,1,1,2,4,2,1,2,4,2,3,3,2,1,1,4,1,3,4,1,4,3,2,2,1,4,2,3,2,3,1,1,2,2,3,3,3,2,2,3,1,2,3,2,4,1,1,3,3,2,1,3,3,1,3,1,3,2,3,1,1,3,2,1,1,1,2,4,3,2,4,3,2,4,3,3,2,4,2,4,1,1,3,3,3,3,4,4,3,4,1,1,4,2,1,2,1,4,4,3,3,1,2,2,2,1,2,4,2,1,3,3,4,1,4,1,1,3,2,1,4,3,1,4,1,1,1,4,4,3,4,3,3,3,2,2,3,4,3,1,3,4,3,1,2,4,4,4,3,3,2,1,4,2,1,2,3,1,2,1,1,2,4,2,4,2,1,2,1,3,1,3,4,2,3,2,3,3,3,4,1,4,3,2,1,3,1,3,1,1,4,2,4,1,1,2,3,1,4,4,2,1,3,4,3,2,3,2,4,2,1,3,4,1,3,2,2,3,2,3,1,3,4,4,2,3,1,2,2,1,4,1,1,1,1,3,1,4,1,4,3,2,4,3,1,3,1,4,1,3,4,1,1,1,2,2,3,3,1,4,2,1,4,3,2,1,2,2,1,4,3,2,1,2,2,3,4,2,3,1,1,1,3,2,1,3,4,3,3,4,3,1,2,3,3,1,1,4,3,3,3,2,3,1,3,1,1,1,2,3,1,3,2,3,4,1,2,1,1,4,3,4,1,4,2,1,1,3,2,2,3,3,3,4,3,4,4,2,1,2,1,2,3,4,4,4,2,3,2,1,3,1,4,4,4,4,1,1,1,1,1,4,4,4,2,4,2,1,3,3,2,4,2,1,1,3,4,2,2,1,1,4,2,1,1,2,2,4,2,2,3,4,2,1,1,1,3,1,2,2,2,2,4,1,2,4,2,4,2,3,3,2,1,1,4,4,4,3,1,3,4,4,2,2,2,3,1,4,1,3,1,1,2,2,2,1,4,1,2,2,4,4,2,2,3,3,4,4,3,1,1,3,1,2,1,4,3,1,1,2,2,3,4,4,2,1,2,1,2,2,3,2,1,1,3,1,3,1,3,1,1,4,3,2,1,1,3,2,2,4,4,2,3,3,1,4,4,4,2,3,2,3,4,3,3,4,3,2,1,1,1,2,3,2,3,4,3,1,4,3,4,3,2,3,1,2,2,1,1,1,4,3,2,2,4,3,1,4,3,3,2,2,3,4,2,3,3,2,2,2,2,4,1,2,4,3,1,2,3,4,4,1,1,3,1,3,2,3,2,1,1,1,3,4,4,2,1,1,2,3,2,2,2,2,3,3,3,1,1,2,2,2,4,2,4,1,3,1,2,3,4,3,3,2,4,3,4,3,1,3,2,2,2,4,1,4,3,4,4,2,3,4,4,2,2,2,3,3,2,1,4,2,2,3,1,1,4,2,2,4,1,1,2,2,3,2,1,2,2,4,1,1,1,1,3,4,1,4,3,3,1,2,1,4,1,1,2,3,4,3,2,1,3,1,1,3,4,2,4,3,2,1,1,1,1,1,1,2,3,4,2,4,3,4,3,1,2,2,3,1,3,1,3,3,1,2,1,3,3,2,1,2,4,4,4,4,1,4,2,4,4,3,2,2,2,4,2,2,3,2,4,2,3,2,4,2,2,2,4,3,1,4,4,1,2,1,1,1,2,3,1,1,3,3,3,4,3,4,3,3,3,4,1,3,3,4,1,4,1,3,4,1,4,2,2,3,4,4,3,2,3,2,2,3,4,3,1,2,4,3,3,4,2,1,1,3,1,4,3,1,3,2,1,4,1,1,3,3,2,3,3,1,3,2,4,2,2,1,1,2,1,1,4,4,1,2,1,2,2,2,3,4,1,2,4,1,1,3,4,2,2,4,3,4,2,3,1,4,3,3,2,1,1,4,3,2,2,3,1,4,1,3,1,1,4,1,4,4,3,4,3,2,3,2,1,2,2,2,1,1,1,2,3,4,1,1,3,3,3,1,4,2,3,4,1,2,3,2,1,3,4,4,2,4,4,1,1,4,2,4,1,2,2,3,3,4,3,1,2,1,3,1,2,3,1,1,3,2,4,1,2,3,1,2,2,2,2,1,2,1,3,4,1,3,2,3,2,1,2,1,1,1,4,3,4,2,2,1,1,1,2,2,2,4,4,2,1,4,4,1,3,3,2,4,3,3,3,1,1,1,2,2,3,3,4,1,1,1,2,3,2,2,4,1,2,3,3,1,2,2,3,1,3,1,1,3,2,2,1,3,2,4,2,1,2,3,4,4,2,1,2,2,4,3,4,1,4,3,1,1,2,3,4,1,3,3,1,3,2,1,3,2,3,3,2,2,2,3,3,1,3,1,4,1,1,4,1,1,4,4,2,1,2,4,1,2,4,2,1,4,1,4,1,2,1,2,1,3,2,1,1,1,3,4,1,3,1,2,2,1,2,4,1,4,1,2,3,1,2,2,3,1,3,3,1,3,4"
24,0.9886279079380575,0.5196078431372549,2329.0,"2,2,3,4,1,1,4,1,1,2,4,1,1,4,2,2,3,4,1,1,4,4,4,2,1,1,4,3,1,2,2,2,3,3,3,3,1,2,1,3,2,3,4,4,4,3,1,4,4,3,4,1,3,2,1,1,2,1,1,4,3,1,1,3,4,1,4,2,3,1,1,2,4,4,3,1,3,2,4,2,3,1,1,3,1,3,3,3,4,1,2,1,3,4,4,2,4,4,2,2,4,3,3,3,3,4,3,1,2,1,1,2,2,2,4,1,4,2,3,2,1,3,4,4,4,4,1,2,1,3,1,2,2,2,3,2,1,4,2,1,4,2,1,1,3,3,2,1,2,2,4,1,1,2,2,2,4,1,2,1,3,2,3,2,2,3,1,2,1,1,3,4,2,3,3,1,2,2,2,2,3,3,3,4,2,4,4,3,2,2,2,4,1,2,1,1,2,2,3,2,1,4,3,4,3,4,2,1,3,3,1,2,1,1,3,3,2,2,2,2,1,2,4,4,3,3,1,3,1,4,3,1,3,3,3,1,2,4,1,3,1,1,4,2,1,2,4,2,3,3,1,3,2,1,1,2,1,4,2,2,1,2,1,3,2,3,2,1,4,3,4,4,2,2,2,3,2,4,2,2,1,4,2,3,2,1,1,3,3,1,2,1,4,4,3,1,3,4,1,4,1,2,4,1,2,1,4,1,4,4,4,2,2,4,4,2,2,3,2,3,4,3,4,1,2,4,1,2,4,1,1,2,3,3,3,4,2,3,1,1,1,4,3,3,2,2,1,2,4,1,3,4,3,4,1,2,2,2,2,1,2,3,2,4,3,3,1,2,2,1,4,1,4,2,1,2,4,1,1,4,4,3,2,2,1,1,3,4,3,3,4,2,4,1,1,3,2,2,3,3,2,4,1,3,2,3,1,2,3,3,1,4,3,3,1,1,4,2,1,4,1,4,1,3,2,3,2,4,3,3,4,1,3,2,3,3,2,1,3,3,2,1,4,3,4,3,1,3,1,3,4,3,4,2,2,3,4,2,3,3,2,4,1,3,1,2,3,2,1,3,2,4,4,3,2,4,3,2,2,3,4,2,4,4,3,4,3,2,4,2,1,2,1,3,3,1,1,3,3,2,3,3,4,1,2,1,3,3,2,1,3,1,2,1,1,2,4,2,3,1,1,1,4,4,1,4,2,2,1,4,2,4,2,2,2,1,4,2,3,3,2,4,1,1,1,2,1,1,2,2,2,2,1,3,4,1,3,4,3,2,1,4,3,1,1,2,2,3,3,2,2,1,4,1,1,1,2,4,2,1,2,4,2,3,3,2,1,1,4,1,3,4,1,4,3,2,2,1,4,2,3,2,3,1,1,2,2,3,3,3,2,2,3,1,2,3,2,4,1,1,3,3,2,1,3,3,1,3,1,3,2,3,1,1,3,2,1,1,1,2,4,3,2,4,3,2,4,3,3,2,4,2,4,1,1,3,3,3,3,4,4,3,4,1,1,4,2,1,2,1,4,4,3,3,1,2,2,2,1,2,4,2,1,3,3,4,1,4,1,1,3,2,1,4,3,1,4,1,1,1,4,4,3,4,3,3,3,2,2,3,4,3,1,3,4,3,1,2,4,4,4,3,3,2,1,4,2,1,2,3,1,2,1,1,2,4,2,4,2,1,2,1,3,1,3,4,2,3,2,3,3,3,4,1,4,3,2,1,3,1,3,1,1,4,2,4,1,1,2,3,1,4,4,2,1,3,4,3,2,3,2,4,2,1,3,4,1,3,2,2,3,2,3,1,3,4,4,2,3,1,2,2,1,4,1,1,1,1,3,1,4,1,4,3,2,4,3,1,3,1,4,1,3,4,1,1,1,2,2,3,3,1,4,2,1,4,3,2,1,2,2,1,4,3,2,1,2,2,3,4,2,3,1,1,1,3,2,1,3,4,3,3,4,3,1,2,3,3,1,1,4,3,3,3,2,3,1,3,1,1,1,2,3,1,3,2,3,4,1,2,1,1,4,3,4,1,4,2,1,1,3,2,2,3,3,3,4,3,4,4,2,1,2,1,2,3,4,4,4,2,3,2,1,3,1,4,4,4,4,1,1,1,1,1,4,4,4,2,4,2,1,3,3,2,4,2,1,1,3,4,2,2,1,1,4,2,1,1,2,2,4,2,2,3,4,2,1,1,1,3,1,2,2,2,2,4,1,2,4,2,4,2,3,3,2,1,1,4,4,4,3,1,3,4,4,2,2,2,3,1,4,1,3,1,1,2,2,2,1,4,1,2,2,4,4,2,2,3,3,4,4,3,1,1,3,1,2,1,4,3,1,1,2,2,3,4,4,2,1,2,1,2,2,3,2,1,1,3,1,3,1,3,1,1,4,3,2,1,1,3,2,2,4,4,2,3,3,1,4,4,4,2,3,2,3,4,3,3,4,3,2,1,1,1,2,3,2,3,4,3,1,4,3,4,3,2,3,1,2,2,1,1,1,4,3,2,2,4,3,1,4,3,3,2,2,3,4,2,3,3,2,2,2,2,4,1,2,4,3,1,2,3,4,4,1,1,3,1,3,2,3,2,1,1,1,3,4,4,2,1,1,2,3,2,2,2,2,3,3,3,1,1,2,2,2,4,2,4,1,3,1,2,3,4,3,3,2,4,3,4,3,1,3,2,2,2,4,1,4,3,4,4,2,3,4,4,2,2,2,3,3,2,1,4,2,2,3,1,1,4,2,2,4,1,1,2,2,3,2,1,2,2,4,1,1,1,1,3,4,1,4,3,3,1,2,1,4,1,1,2,3,4,3,2,1,3,1,1,3,4,2,4,3,2,1,1,1,1,1,1,2,3,4,2,4,3,4,3,1,2,2,3,1,3,1,3,3,1,2,1,3,3,2,1,2,4,4,4,4,1,4,2,4,4,3,2,2,2,4,2,2,3,2,4,2,3,2,4,2,2,2,4,3,1,4,4,1,2,1,1,1,2,3,1,1,3,3,3,4,3,4,3,3,3,4,1,3,3,4,1,4,1,3,4,1,4,2,2,3,4,4,3,2,3,2,2,3,4,3,1,2,4,3,3,4,2,1,1,3,1,4,3,1,3,2,1,4,1,1,3,3,2,3,3,1,3,2,4,2,2,1,1,2,1,1,4,4,1,2,1,2,2,2,3,4,1,2,4,1,1,3,4,2,2,4,3,4,2,3,1,4,3,3,2,1,1,4,3,2,2,3,1,4,1,3,1,1,4,1,4,4,3,4,3,2,3,2,1,2,2,2,1,1,1,2,3,4,1,1,3,3,3,1,4,2,3,4,1,2,3,2,1,3,4,4,2,4,4,1,1,4,2,4,1,2,2,3,3,4,3,1,2,1,3,1,2,3,1,1,3,2,4,1,2,3,1,2,2,2,2,1,2,1,3,4,1,3,2,3,2,1,2,1,1,1,4,3,4,2,2,1,1,1,2,2,2,4,4,2,1,4,4,1,3,3,2,4,3,3,3,1,1,1,2,2,3,3,4,1,1,1,2,3,2,2,4,1,2,3,3,1,2,2,3,1,3,1,1,3,2,2,1,3,2,4,2,1,2,3,4,4,2,1,2,2,4,3,4,1,4,3,1,1,2,3,4,1,3,3,1,3,2,1,3,2,3,3,2,2,2,3,3,1,3,1,4,1,1,4,1,1,4,4,2,1,2,4,1,2,4,2,1,4,1,4,1,2,1,2,1,3,2,1,1,1,3,4,1,3,1,2,2,1,2,4,1,4,1,2,3,1,2,2,3,1,3,3,1,3,4"
25,0.9886279079380575,0.5196078431372549,2329.0,"2,2,3,4,1,1,4,1,1,2,4,1,1,4,2,2,3,4,1,1,4,4,4,2,1,1,4,3,1,2,2,2,3,3,3,3,1,2,1,3,2,3,4,4,4,3,1,4,4,3,4,1,3,2,1,1,2,1,1,4,3,1,1,3,4,1,4,2,3,1,1,2,4,4,3,1,3,2,4,2,3,1,1,3,1,3,3,3,4,1,2,1,3,4,4,2,4,4,2,2,4,3,3,3,3,4,3,1,2,1,1,2,2,2,4,1,4,2,3,2,1,3,4,4,4,4,1,2,1,3,1,2,2,2,3,2,1,4,2,1,4,2,1,1,3,3,2,1,2,2,4,1,1,2,2,2,4,1,2,1,3,2,3,2,2,3,1,2,1,1,3,4,2,3,3,1,2,2,2,2,3,3,3,4,2,4,4,3,2,2,2,4,1,2,1,1,2,2,3,2,1,4,3,4,3,4,2,1,3,3,1,2,1,1,3,3,2,2,2,2,1,2,4,4,3,3,1,3,1,4,3,1,3,3,3,1,2,4,1,3,1,1,4,2,1,2,4,2,3,3,1,3,2,1,1,2,1,4,2,2,1,2,1,3,2,3,2,1,4,3,4,4,2,2,2,3,2,4,2,2,1,4,2,3,2,1,1,3,3,1,2,1,4,4,3,1,3,4,1,4,1,2,4,1,2,1,4,1,4,4,4,2,2,4,4,2,2,3,2,3,4,3,4,1,2,4,1,2,4,1,1,2,3,3,3,4,2,3,1,1,1,4,3,3,2,2,1,2,4,1,3,4,3,4,1,2,2,2,2,1,2,3,2,4,3,3,1,2,2,1,4,1,4,2,1,2,4,1,1,4,4,3,2,2,1,1,3,4,3,3,4,2,4,1,1,3,2,2,3,3,2,4,1,3,2,3,1,2,3,3,1,4,3,3,1,1,4,2,1,4,1,4,1,3,2,3,2,4,3,3,4,1,3,2,3,3,2,1,3,3,2,1,4,3,4,3,1,3,1,3,4,3,4,2,2,3,4,2,3,3,2,4,1,3,1,2,3,2,1,3,2,4,4,3,2,4,3,2,2,3,4,2,4,4,3,4,3,2,4,2,1,2,1,3,3,1,1,3,3,2,3,3,4,1,2,1,3,3,2,1,3,1,2,1,1,2,4,2,3,1,1,1,4,4,1,4,2,2,1,4,2,4,2,2,2,1,4,2,3,3,2,4,1,1,1,2,1,1,2,2,2,2,1,3,4,1,3,4,3,2,1,4,3,1,1,2,2,3,3,2,2,1,4,1,1,1,2,4,2,1,2,4,2,3,3,2,1,1,4,1,3,4,1,4,3,2,2,1,4,2,3,2,3,1,1,2,2,3,3,3,2,2,3,1,2,3,2,4,1,1,3,3,2,1,3,3,1,3,1,3,2,3,1,1,3,2,1,1,1,2,4,3,2,4,3,2,4,3,3,2,4,2,4,1,1,3,3,3,3,4,4,3,4,1,1,4,2,1,2,1,4,4,3,3,1,2,2,2,1,2,4,2,1,3,3,4,1,4,1,1,3,2,1,4,3,1,4,1,1,1,4,4,3,4,3,3,3,2,2,3,4,3,1,3,4,3,1,2,4,4,4,3,3,2,1,4,2,1,2,3,1,2,1,1,2,4,2,4,2,1,2,1,3,1,3,4,2,3,2,3,3,3,4,1,4,3,2,1,3,1,3,1,1,4,2,4,1,1,2,3,1,4,4,2,1,3,4,3,2,3,2,4,2,1,3,4,1,3,2,2,3,2,3,1,3,4,4,2,3,1,2,2,1,4,1,1,1,1,3,1,4,1,4,3,2,4,3,1,3,1,4,1,3,4,1,1,1,2,2,3,3,1,4,2,1,4,3,2,1,2,2,1,4,3,2,1,2,2,3,4,2,3,1,1,1,3,2,1,3,4,3,3,4,3,1,2,3,3,1,1,4,3,3,3,2,3,1,3,1,1,1,2,3,1,3,2,3,4,1,2,1,1,4,3,4,1,4,2,1,1,3,2,2,3,3,3,4,3,4,4,2,1,2,1,2,3,4,4,4,2,3,2,1,3,1,4,4,4,4,1,1,1,1,1,4,4,4,2,4,2,1,3,3,2,4,2,1,1,3,4,2,2,1,1,4,2,1,1,2,2,4,2,2,3,4,2,1,1,1,3,1,2,2,2,2,4,1,2,4,2,4,2,3,3,2,1,1,4,4,4,3,1,3,4,4,2,2,2,3,1,4,1,3,1,1,2,2,2,1,4,1,2,2,4,4,2,2,3,3,4,4,3,1,1,3,1,2,1,4,3,1,1,2,2,3,4,4,2,1,2,1,2,2,3,2,1,1,3,1,3,1,3,1,1,4,3,2,1,1,3,2,2,4,4,2,3,3,1,4,4,4,2,3,2,3,4,3,3,4,3,2,1,1,1,2,3,2,3,4,3,1,4,3,4,3,2,3,1,2,2,1,1,1,4,3,2,2,4,3,1,4,3,3,2,2,3,4,2,3,3,2,2,2,2,4,1,2,4,3,1,2,3,4,4,1,1,3,1,3,2,3,2,1,1,1,3,4,4,2,1,1,2,3,2,2,2,2,3,3,3,1,1,2,2,2,4,2,4,1,3,1,2,3,4,3,3,2,4,3,4,3,1,3,2,2,2,4,1,4,3,4,4,2,3,4,4,2,2,2,3,3,2,1,4,2,2,3,1,1,4,2,2,4,1,1,2,2,3,2,1,2,2,4,1,1,1,1,3,4,1,4,3,3,1,2,1,4,1,1,2,3,4,3,2,1,3,1,1,3,4,2,4,3,2,1,1,1,1,1,1,2,3,4,2,4,3,4,3,1,2,2,3,1,3,1,3,3,1,2,1,3,3,2,1,2,4,4,4,4,1,4,2,4,4,3,2,2,2,4,2,2,3,2,4,2,3,2,4,2,2,2,4,3,1,4,4,1,2,1,1,1,2,3,1,1,3,3,3,4,3,4,3,3,3,4,1,3,3,4,1,4,1,3,4,1,4,2,2,3,4,4,3,2,3,2,2,3,4,3,1,2,4,3,3,4,2,1,1,3,1,4,3,1,3,2,1,4,1,1,3,3,2,3,3,1,3,2,4,2,2,1,1,2,1,1,4,4,1,2,1,2,2,2,3,4,1,2,4,1,1,3,4,2,2,4,3,4,2,3,1,4,3,3,2,1,1,4,3,2,2,3,1,4,1,3,1,1,4,1,4,4,3,4,3,2,3,2,1,2,2,2,1,1,1,2,3,4,1,1,3,3,3,1,4,2,3,4,1,2,3,2,1,3,4,4,2,4,4,1,1,4,2,4,1,2,2,3,3,4,3,1,2,1,3,1,2,3,1,1,3,2,4,1,2,3,1,2,2,2,2,1,2,1,3,4,1,3,2,3,2,1,2,1,1,1,4,3,4,2,2,1,1,1,2,2,2,4,4,2,1,4,4,1,3,3,2,4,3,3,3,1,1,1,2,2,3,3,4,1,1,1,2,3,2,2,4,1,2,3,3,1,2,2,3,1,3,1,1,3,2,2,1,3,2,4,2,1,2,3,4,4,2,1,2,2,4,3,4,1,4,3,1,1,2,3,4,1,3,3,1,3,2,1,3,2,3,3,2,2,2,3,3,1,3,1,4,1,1,4,1,1,4,4,2,1,2,4,1,2,4,2,1,4,1,4,1,2,1,2,1,3,2,1,1,1,3,4,1,3,1,2,2,1,2,4,1,4,1,2,3,1,2,2,3,1,3,3,1,3,4"
26,0.9886279079380575,0.5196078431372549,2329.0,"2,2,3,4,1,1,4,1,1,2,4,1,1,4,2,2,3,4,1,1,4,4,4,2,1,1,4,3,1,2,2,2,3,3,3,3,1,2,1,3,2,3,4,4,4,3,1,4,4,3,4,1,3,2,1,1,2,1,1,4,3,1,1,3,4,1,4,2,3,1,1,2,4,4,3,1,3,2,4,2,3,1,1,3,1,3,3,3,4,1,2,1,3,4,4,2,4,4,2,2,4,3,3,3,3,4,3,1,2,1,1,2,2,2,4,1,4,2,3,2,1,3,4,4,4,4,1,2,1,3,1,2,2,2,3,2,1,4,2,1,4,2,1,1,3,3,2,1,2,2,4,1,1,2,2,2,4,1,2,1,3,2,3,2,2,3,1,2,1,1,3,4,2,3,3,1,2,2,2,2,3,3,3,4,2,4,4,3,2,2,2,4,1,2,1,1,2,2,3,2,1,4,3,4,3,4,2,1,3,3,1,2,1,1,3,3,2,2,2,2,1,2,4,4,3,3,1,3,1,4,3,1,3,3,3,1,2,4,1,3,1,1,4,2,1,2,4,2,3,3,1,3,2,1,1,2,1,4,2,2,1,2,1,3,2,3,2,1,4,3,4,4,2,2,2,3,2,4,2,2,1,4,2,3,2,1,1,3,3,1,2,1,4,4,3,1,3,4,1,4,1,2,4,1,2,1,4,1,4,4,4,2,2,4,4,2,2,3,2,3,4,3,4,1,2,4,1,2,4,1,1,2,3,3,3,4,2,3,1,1,1,4,3,3,2,2,1,2,4,1,3,4,3,4,1,2,2,2,2,1,2,3,2,4,3,3,1,2,2,1,4,1,4,2,1,2,4,1,1,4,4,3,2,2,1,1,3,4,3,3,4,2,4,1,1,3,2,2,3,3,2,4,1,3,2,3,1,2,3,3,1,4,3,3,1,1,4,2,1,4,1,4,1,3,2,3,2,4,3,3,4,1,3,2,3,3,2,1,3,3,2,1,4,3,4,3,1,3,1,3,4,3,4,2,2,3,4,2,3,3,2,4,1,3,1,2,3,2,1,3,2,4,4,3,2,4,3,2,2,3,4,2,4,4,3,4,3,2,4,2,1,2,1,3,3,1,1,3,3,2,3,3,4,1,2,1,3,3,2,1,3,1,2,1,1,2,4,2,3,1,1,1,4,4,1,4,2,2,1,4,2,4,2,2,2,1,4,2,3,3,2,4,1,1,1,2,1,1,2,2,2,2,1,3,4,1,3,4,3,2,1,4,3,1,1,2,2,3,3,2,2,1,4,1,1,1,2,4,2,1,2,4,2,3,3,2,1,1,4,1,3,4,1,4,3,2,2,1,4,2,3,2,3,1,1,2,2,3,3,3,2,2,3,1,2,3,2,4,1,1,3,3,2,1,3,3,1,3,1,3,2,3,1,1,3,2,1,1,1,2,4,3,2,4,3,2,4,3,3,2,4,2,4,1,1,3,3,3,3,4,4,3,4,1,1,4,2,1,2,1,4,4,3,3,1,2,2,2,1,2,4,2,1,3,3,4,1,4,1,1,3,2,1,4,3,1,4,1,1,1,4,4,3,4,3,3,3,2,2,3,4,3,1,3,4,3,1,2,4,4,4,3,3,2,1,4,2,1,2,3,1,2,1,1,2,4,2,4,2,1,2,1,3,1,3,4,2,3,2,3,3,3,4,1,4,3,2,1,3,1,3,1,1,4,2,4,1,1,2,3,1,4,4,2,1,3,4,3,2,3,2,4,2,1,3,4,1,3,2,2,3,2,3,1,3,4,4,2,3,1,2,2,1,4,1,1,1,1,3,1,4,1,4,3,2,4,3,1,3,1,4,1,3,4,1,1,1,2,2,3,3,1,4,2,1,4,3,2,1,2,2,1,4,3,2,1,2,2,3,4,2,3,1,1,1,3,2,1,3,4,3,3,4,3,1,2,3,3,1,1,4,3,3,3,2,3,1,3,1,1,1,2,3,1,3,2,3,4,1,2,1,1,4,3,4,1,4,2,1,1,3,2,2,3,3,3,4,3,4,4,2,1,2,1,2,3,4,4,4,2,3,2,1,3,1,4,4,4,4,1,1,1,1,1,4,4,4,2,4,2,1,3,3,2,4,2,1,1,3,4,2,2,1,1,4,2,1,1,2,2,4,2,2,3,4,2,1,1,1,3,1,2,2,2,2,4,1,2,4,2,4,2,3,3,2,1,1,4,4,4,3,1,3,4,4,2,2,2,3,1,4,1,3,1,1,2,2,2,1,4,1,2,2,4,4,2,2,3,3,4,4,3,1,1,3,1,2,1,4,3,1,1,2,2,3,4,4,2,1,2,1,2,2,3,2,1,1,3,1,3,1,3,1,1,4,3,2,1,1,3,2,2,4,4,2,3,3,1,4,4,4,2,3,2,3,4,3,3,4,3,2,1,1,1,2,3,2,3,4,3,1,4,3,4,3,2,3,1,2,2,1,1,1,4,3,2,2,4,3,1,4,3,3,2,2,3,4,2,3,3,2,2,2,2,4,1,2,4,3,1,2,3,4,4,1,1,3,1,3,2,3,2,1,1,1,3,4,4,2,1,1,2,3,2,2,2,2,3,3,3,1,1,2,2,2,4,2,4,1,3,1,2,3,4,3,3,2,4,3,4,3,1,3,2,2,2,4,1,4,3,4,4,2,3,4,4,2,2,2,3,3,2,1,4,2,2,3,1,1,4,2,2,4,1,1,2,2,3,2,1,2,2,4,1,1,1,1,3,4,1,4,3,3,1,2,1,4,1,1,2,3,4,3,2,1,3,1,1,3,4,2,4,3,2,1,1,1,1,1,1,2,3,4,2,4,3,4,3,1,2,2,3,1,3,1,3,3,1,2,1,3,3,2,1,2,4,4,4,4,1,4,2,4,4,3,2,2,2,4,2,2,3,2,4,2,3,2,4,2,2,2,4,3,1,4,4,1,2,1,1,1,2,3,1,1,3,3,3,4,3,4,3,3,3,4,1,3,3,4,1,4,1,3,4,1,4,2,2,3,4,4,3,2,3,2,2,3,4,3,1,2,4,3,3,4,2,1,1,3,1,4,3,1,3,2,1,4,1,1,3,3,2,3,3,1,3,2,4,2,2,1,1,2,1,1,4,4,1,2,1,2,2,2,3,4,1,2,4,1,1,3,4,2,2,4,3,4,2,3,1,4,3,3,2,1,1,4,3,2,2,3,1,4,1,3,1,1,4,1,4,4,3,4,3,2,3,2,1,2,2,2,1,1,1,2,3,4,1,1,3,3,3,1,4,2,3,4,1,2,3,2,1,3,4,4,2,4,4,1,1,4,2,4,1,2,2,3,3,4,3,1,2,1,3,1,2,3,1,1,3,2,4,1,2,3,1,2,2,2,2,1,2,1,3,4,1,3,2,3,2,1,2,1,1,1,4,3,4,2,2,1,1,1,2,2,2,4,4,2,1,4,4,1,3,3,2,4,3,3,3,1,1,1,2,2,3,3,4,1,1,1,2,3,2,2,4,1,2,3,3,1,2,2,3,1,3,1,1,3,2,2,1,3,2,4,2,1,2,3,4,4,2,1,2,2,4,3,4,1,4,3,1,1,2,3,4,1,3,3,1,3,2,1,3,2,3,3,2,2,2,3,3,1,3,1,4,1,1,4,1,1,4,4,2,1,2,4,1,2,4,2,1,4,1,4,1,2,1,2,1,3,2,1,1,1,3,4,1,3,1,2,2,1,2,4,1,4,1,2,3,1,2,2,3,1,3,3,1,3,4"
27,0.9886279079380575,0.5196078431372549,2329.0,"2,2,3,4,1,1,4,1,1,2,4,1,1,4,2,2,3,4,1,1,4,4,4,2,1,1,4,3,1,2,2,2,3,3,3,3,1,2,1,3,2,3,4,4,4,3,1,4,4,3,4,1,3,2,1,1,2,1,1,4,3,1,1,3,4,1,4,2,3,1,1,2,4,4,3,1,3,2,4,2,3,1,1,3,1,3,3,3,4,1,2,1,3,4,4,2,4,4,2,2,4,3,3,3,3,4,3,1,2,1,1,2,2,2,4,1,4,2,3,2,1,3,4,4,4,4,1,2,1,3,1,2,2,2,3,2,1,4,2,1,4,2,1,1,3,3,2,1,2,2,4,1,1,2,2,2,4,1,2,1,3,2,3,2,2,3,1,2,1,1,3,4,2,3,3,1,2,2,2,2,3,3,3,4,2,4,4,3,2,2,2,4,1,2,1,1,2,2,3,2,1,4,3,4,3,4,2,1,3,3,1,2,1,1,3,3,2,2,2,2,1,2,4,4,3,3,1,3,1,4,3,1,3,3,3,1,2,4,1,3,1,1,4,2,1,2,4,2,3,3,1,3,2,1,1,2,1,4,2,2,1,2,1,3,2,3,2,1,4,3,4,4,2,2,2,3,2,4,2,2,1,4,2,3,2,1,1,3,3,1,2,1,4,4,3,1,3,4,1,4,1,2,4,1,2,1,4,1,4,4,4,2,2,4,4,2,2,3,2,3,4,3,4,1,2,4,1,2,4,1,1,2,3,3,3,4,2,3,1,1,1,4,3,3,2,2,1,2,4,1,3,4,3,4,1,2,2,2,2,1,2,3,2,4,3,3,1,2,2,1,4,1,4,2,1,2,4,1,1,4,4,3,2,2,1,1,3,4,3,3,4,2,4,1,1,3,2,2,3,3,2,4,1,3,2,3,1,2,3,3,1,4,3,3,1,1,4,2,1,4,1,4,1,3,2,3,2,4,3,3,4,1,3,2,3,3,2,1,3,3,2,1,4,3,4,3,1,3,1,3,4,3,4,2,2,3,4,2,3,3,2,4,1,3,1,2,3,2,1,3,2,4,4,3,2,4,3,2,2,3,4,2,4,4,3,4,3,2,4,2,1,2,1,3,3,1,1,3,3,2,3,3,4,1,2,1,3,3,2,1,3,1,2,1,1,2,4,2,3,1,1,1,4,4,1,4,2,2,1,4,2,4,2,2,2,1,4,2,3,3,2,4,1,1,1,2,1,1,2,2,2,2,1,3,4,1,3,4,3,2,1,4,3,1,1,2,2,3,3,2,2,1,4,1,1,1,2,4,2,1,2,4,2,3,3,2,1,1,4,1,3,4,1,4,3,2,2,1,4,2,3,2,3,1,1,2,2,3,3,3,2,2,3,1,2,3,2,4,1,1,3,3,2,1,3,3,1,3,1,3,2,3,1,1,3,2,1,1,1,2,4,3,2,4,3,2,4,3,3,2,4,2,4,1,1,3,3,3,3,4,4,3,4,1,1,4,2,1,2,1,4,4,3,3,1,2,2,2,1,2,4,2,1,3,3,4,1,4,1,1,3,2,1,4,3,1,4,1,1,1,4,4,3,4,3,3,3,2,2,3,4,3,1,3,4,3,1,2,4,4,4,3,3,2,1,4,2,1,2,3,1,2,1,1,2,4,2,4,2,1,2,1,3,1,3,4,2,3,2,3,3,3,4,1,4,3,2,1,3,1,3,1,1,4,2,4,1,1,2,3,1,4,4,2,1,3,4,3,2,3,2,4,2,1,3,4,1,3,2,2,3,2,3,1,3,4,4,2,3,1,2,2,1,4,1,1,1,1,3,1,4,1,4,3,2,4,3,1,3,1,4,1,3,4,1,1,1,2,2,3,3,1,4,2,1,4,3,2,1,2,2,1,4,3,2,1,2,2,3,4,2,3,1,1,1,3,2,1,3,4,3,3,4,3,1,2,3,3,1,1,4,3,3,3,2,3,1,3,1,1,1,2,3,1,3,2,3,4,1,2,1,1,4,3,4,1,4,2,1,1,3,2,2,3,3,3,4,3,4,4,2,1,2,1,2,3,4,4,4,2,3,2,1,3,1,4,4,4,4,1,1,1,1,1,4,4,4,2,4,2,1,3,3,2,4,2,1,1,3,4,2,2,1,1,4,2,1,1,2,2,4,2,2,3,4,2,1,1,1,3,1,2,2,2,2,4,1,2,4,2,4,2,3,3,2,1,1,4,4,4,3,1,3,4,4,2,2,2,3,1,4,1,3,1,1,2,2,2,1,4,1,2,2,4,4,2,2,3,3,4,4,3,1,1,3,1,2,1,4,3,1,1,2,2,3,4,4,2,1,2,1,2,2,3,2,1,1,3,1,3,1,3,1,1,4,3,2,1,1,3,2,2,4,4,2,3,3,1,4,4,4,2,3,2,3,4,3,3,4,3,2,1,1,1,2,3,2,3,4,3,1,4,3,4,3,2,3,1,2,2,1,1,1,4,3,2,2,4,3,1,4,3,3,2,2,3,4,2,3,3,2,2,2,2,4,1,2,4,3,1,2,3,4,4,1,1,3,1,3,2,3,2,1,1,1,3,4,4,2,1,1,2,3,2,2,2,2,3,3,3,1,1,2,2,2,4,2,4,1,3,1,2,3,4,3,3,2,4,3,4,3,1,3,2,2,2,4,1,4,3,4,4,2,3,4,4,2,2,2,3,3,2,1,4,2,2,3,1,1,4,2,2,4,1,1,2,2,3,2,1,2,2,4,1,1,1,1,3,4,1,4,3,3,1,2,1,4,1,1,2,3,4,3,2,1,3,1,1,3,4,2,4,3,2,1,1,1,1,1,1,2,3,4,2,4,3,4,3,1,2,2,3,1,3,1,3,3,1,2,1,3,3,2,1,2,4,4,4,4,1,4,2,4,4,3,2,2,2,4,2,2,3,2,4,2,3,2,4,2,2,2,4,3,1,4,4,1,2,1,1,1,2,3,1,1,3,3,3,4,3,4,3,3,3,4,1,3,3,4,1,4,1,3,4,1,4,2,2,3,4,4,3,2,3,2,2,3,4,3,1,2,4,3,3,4,2,1,1,3,1,4,3,1,3,2,1,4,1,1,3,3,2,3,3,1,3,2,4,2,2,1,1,2,1,1,4,4,1,2,1,2,2,2,3,4,1,2,4,1,1,3,4,2,2,4,3,4,2,3,1,4,3,3,2,1,1,4,3,2,2,3,1,4,1,3,1,1,4,1,4,4,3,4,3,2,3,2,1,2,2,2,1,1,1,2,3,4,1,1,3,3,3,1,4,2,3,4,1,2,3,2,1,3,4,4,2,4,4,1,1,4,2,4,1,2,2,3,3,4,3,1,2,1,3,1,2,3,1,1,3,2,4,1,2,3,1,2,2,2,2,1,2,1,3,4,1,3,2,3,2,1,2,1,1,1,4,3,4,2,2,1,1,1,2,2,2,4,4,2,1,4,4,1,3,3,2,4,3,3,3,1,1,1,2,2,3,3,4,1,1,1,2,3,2,2,4,1,2,3,3,1,2,2,3,1,3,1,1,3,2,2,1,3,2,4,2,1,2,3,4,4,2,1,2,2,4,3,4,1,4,3,1,1,2,3,4,1,3,3,1,3,2,1,3,2,3,3,2,2,2,3,3,1,3,1,4,1,1,4,1,1,4,4,2,1,2,4,1,2,4,2,1,4,1,4,1,2,1,2,1,3,2,1,1,1,3,4,1,3,1,2,2,1,2,4,1,4,1,2,3,1,2,2,3,1,3,3,1,3,4"
28,0.9886279079380575,0.5196078431372549,2329.0,"2,2,3,4,1,1,4,1,1,2,4,1,1,4,2,2,3,4,1,1,4,4,4,2,1,1,4,3,1,2,2,2,3,3,3,3,1,2,1,3,2,3,4,4,4,3,1,4,4,3,4,1,3,2,1,1,2,1,1,4,3,1,1,3,4,1,4,2,3,1,1,2,4,4,3,1,3,2,4,2,3,1,1,3,1,3,3,3,4,1,2,1,3,4,4,2,4,4,2,2,4,3,3,3,3,4,3,1,2,1,1,2,2,2,4,1,4,2,3,2,1,3,4,4,4,4,1,2,1,3,1,2,2,2,3,2,1,4,2,1,4,2,1,1,3,3,2,1,2,2,4,1,1,2,2,2,4,1,2,1,3,2,3,2,2,3,1,2,1,1,3,4,2,3,3,1,2,2,2,2,3,3,3,4,2,4,4,3,2,2,2,4,1,2,1,1,2,2,3,2,1,4,3,4,3,4,2,1,3,3,1,2,1,1,3,3,2,2,2,2,1,2,4,4,3,3,1,3,1,4,3,1,3,3,3,1,2,4,1,3,1,1,4,2,1,2,4,2,3,3,1,3,2,1,1,2,1,4,2,2,1,2,1,3,2,3,2,1,4,3,4,4,2,2,2,3,2,4,2,2,1,4,2,3,2,1,1,3,3,1,2,1,4,4,3,1,3,4,1,4,1,2,4,1,2,1,4,1,4,4,4,2,2,4,4,2,2,3,2,3,4,3,4,1,2,4,1,2,4,1,1,2,3,3,3,4,2,3,1,1,1,4,3,3,2,2,1,2,4,1,3,4,3,4,1,2,2,2,2,1,2,3,2,4,3,3,1,2,2,1,4,1,4,2,1,2,4,1,1,4,4,3,2,2,1,1,3,4,3,3,4,2,4,1,1,3,2,2,3,3,2,4,1,3,2,3,1,2,3,3,1,4,3,3,1,1,4,2,1,4,1,4,1,3,2,3,2,4,3,3,4,1,3,2,3,3,2,1,3,3,2,1,4,3,4,3,1,3,1,3,4,3,4,2,2,3,4,2,3,3,2,4,1,3,1,2,3,2,1,3,2,4,4,3,2,4,3,2,2,3,4,2,4,4,3,4,3,2,4,2,1,2,1,3,3,1,1,3,3,2,3,3,4,1,2,1,3,3,2,1,3,1,2,1,1,2,4,2,3,1,1,1,4,4,1,4,2,2,1,4,2,4,2,2,2,1,4,2,3,3,2,4,1,1,1,2,1,1,2,2,2,2,1,3,4,1,3,4,3,2,1,4,3,1,1,2,2,3,3,2,2,1,4,1,1,1,2,4,2,1,2,4,2,3,3,2,1,1,4,1,3,4,1,4,3,2,2,1,4,2,3,2,3,1,1,2,2,3,3,3,2,2,3,1,2,3,2,4,1,1,3,3,2,1,3,3,1,3,1,3,2,3,1,1,3,2,1,1,1,2,4,3,2,4,3,2,4,3,3,2,4,2,4,1,1,3,3,3,3,4,4,3,4,1,1,4,2,1,2,1,4,4,3,3,1,2,2,2,1,2,4,2,1,3,3,4,1,4,1,1,3,2,1,4,3,1,4,1,1,1,4,4,3,4,3,3,3,2,2,3,4,3,1,3,4,3,1,2,4,4,4,3,3,2,1,4,2,1,2,3,1,2,1,1,2,4,2,4,2,1,2,1,3,1,3,4,2,3,2,3,3,3,4,1,4,3,2,1,3,1,3,1,1,4,2,4,1,1,2,3,1,4,4,2,1,3,4,3,2,3,2,4,2,1,3,4,1,3,2,2,3,2,3,1,3,4,4,2,3,1,2,2,1,4,1,1,1,1,3,1,4,1,4,3,2,4,3,1,3,1,4,1,3,4,1,1,1,2,2,3,3,1,4,2,1,4,3,2,1,2,2,1,4,3,2,1,2,2,3,4,2,3,1,1,1,3,2,1,3,4,3,3,4,3,1,2,3,3,1,1,4,3,3,3,2,3,1,3,1,1,1,2,3,1,3,2,3,4,1,2,1,1,4,3,4,1,4,2,1,1,3,2,2,3,3,3,4,3,4,4,2,1,2,1,2,3,4,4,4,2,3,2,1,3,1,4,4,4,4,1,1,1,1,1,4,4,4,2,4,2,1,3,3,2,4,2,1,1,3,4,2,2,1,1,4,2,1,1,2,2,4,2,2,3,4,2,1,1,1,3,1,2,2,2,2,4,1,2,4,2,4,2,3,3,2,1,1,4,4,4,3,1,3,4,4,2,2,2,3,1,4,1,3,1,1,2,2,2,1,4,1,2,2,4,4,2,2,3,3,4,4,3,1,1,3,1,2,1,4,3,1,1,2,2,3,4,4,2,1,2,1,2,2,3,2,1,1,3,1,3,1,3,1,1,4,3,2,1,1,3,2,2,4,4,2,3,3,1,4,4,4,2,3,2,3,4,3,3,4,3,2,1,1,1,2,3,2,3,4,3,1,4,3,4,3,2,3,1,2,2,1,1,1,4,3,2,2,4,3,1,4,3,3,2,2,3,4,2,3,3,2,2,2,2,4,1,2,4,3,1,2,3,4,4,1,1,3,1,3,2,3,2,1,1,1,3,4,4,2,1,1,2,3,2,2,2,2,3,3,3,1,1,2,2,2,4,2,4,1,3,1,2,3,4,3,3,2,4,3,4,3,1,3,2,2,2,4,1,4,3,4,4,2,3,4,4,2,2,2,3,3,2,1,4,2,2,3,1,1,4,2,2,4,1,1,2,2,3,2,1,2,2,4,1,1,1,1,3,4,1,4,3,3,1,2,1,4,1,1,2,3,4,3,2,1,3,1,1,3,4,2,4,3,2,1,1,1,1,1,1,2,3,4,2,4,3,4,3,1,2,2,3,1,3,1,3,3,1,2,1,3,3,2,1,2,4,4,4,4,1,4,2,4,4,3,2,2,2,4,2,2,3,2,4,2,3,2,4,2,2,2,4,3,1,4,4,1,2,1,1,1,2,3,1,1,3,3,3,4,3,4,3,3,3,4,1,3,3,4,1,4,1,3,4,1,4,2,2,3,4,4,3,2,3,2,2,3,4,3,1,2,4,3,3,4,2,1,1,3,1,4,3,1,3,2,1,4,1,1,3,3,2,3,3,1,3,2,4,2,2,1,1,2,1,1,4,4,1,2,1,2,2,2,3,4,1,2,4,1,1,3,4,2,2,4,3,4,2,3,1,4,3,3,2,1,1,4,3,2,2,3,1,4,1,3,1,1,4,1,4,4,3,4,3,2,3,2,1,2,2,2,1,1,1,2,3,4,1,1,3,3,3,1,4,2,3,4,1,2,3,2,1,3,4,4,2,4,4,1,1,4,2,4,1,2,2,3,3,4,3,1,2,1,3,1,2,3,1,1,3,2,4,1,2,3,1,2,2,2,2,1,2,1,3,4,1,3,2,3,2,1,2,1,1,1,4,3,4,2,2,1,1,1,2,2,2,4,4,2,1,4,4,1,3,3,2,4,3,3,3,1,1,1,2,2,3,3,4,1,1,1,2,3,2,2,4,1,2,3,3,1,2,2,3,1,3,1,1,3,2,2,1,3,2,4,2,1,2,3,4,4,2,1,2,2,4,3,4,1,4,3,1,1,2,3,4,1,3,3,1,3,2,1,3,2,3,3,2,2,2,3,3,1,3,1,4,1,1,4,1,1,4,4,2,1,2,4,1,2,4,2,1,4,1,4,1,2,1,2,1,3,2,1,1,1,3,4,1,3,1,2,2,1,2,4,1,4,1,2,3,1,2,2,3,1,3,3,1,3,4"
29,0.9886279079380575,0.5196078431372549,2329.0,"2,2,3,4,1,1,4,1,1,2,4,1,1,4,2,2,3,4,1,1,4,4,4,2,1,1,4,3,1,2,2,2,3,3,3,3,1,2,1,3,2,3,4,4,4,3,1,4,4,3,4,1,3,2,1,1,2,1,1,4,3,1,1,3,4,1,4,2,3,1,1,2,4,4,3,1,3,2,4,2,3,1,1,3,1,3,3,3,4,1,2,1,3,4,4,2,4,4,2,2,4,3,3,3,3,4,3,1,2,1,1,2,2,2,4,1,4,2,3,2,1,3,4,4,4,4,1,2,1,3,1,2,2,2,3,2,1,4,2,1,4,2,1,1,3,3,2,1,2,2,4,1,1,2,2,2,4,1,2,1,3,2,3,2,2,3,1,2,1,1,3,4,2,3,3,1,2,2,2,2,3,3,3,4,2,4,4,3,2,2,2,4,1,2,1,1,2,2,3,2,1,4,3,4,3,4,2,1,3,3,1,2,1,1,3,3,2,2,2,2,1,2,4,4,3,3,1,3,1,4,3,1,3,3,3,1,2,4,1,3,1,1,4,2,1,2,4,2,3,3,1,3,2,1,1,2,1,4,2,2,1,2,1,3,2,3,2,1,4,3,4,4,2,2,2,3,2,4,2,2,1,4,2,3,2,1,1,3,3,1,2,1,4,4,3,1,3,4,1,4,1,2,4,1,2,1,4,1,4,4,4,2,2,4,4,2,2,3,2,3,4,3,4,1,2,4,1,2,4,1,1,2,3,3,3,4,2,3,1,1,1,4,3,3,2,2,1,2,4,1,3,4,3,4,1,2,2,2,2,1,2,3,2,4,3,3,1,2,2,1,4,1,4,2,1,2,4,1,1,4,4,3,2,2,1,1,3,4,3,3,4,2,4,1,1,3,2,2,3,3,2,4,1,3,2,3,1,2,3,3,1,4,3,3,1,1,4,2,1,4,1,4,1,3,2,3,2,4,3,3,4,1,3,2,3,3,2,1,3,3,2,1,4,3,4,3,1,3,1,3,4,3,4,2,2,3,4,2,3,3,2,4,1,3,1,2,3,2,1,3,2,4,4,3,2,4,3,2,2,3,4,2,4,4,3,4,3,2,4,2,1,2,1,3,3,1,1,3,3,2,3,3,4,1,2,1,3,3,2,1,3,1,2,1,1,2,4,2,3,1,1,1,4,4,1,4,2,2,1,4,2,4,2,2,2,1,4,2,3,3,2,4,1,1,1,2,1,1,2,2,2,2,1,3,4,1,3,4,3,2,1,4,3,1,1,2,2,3,3,2,2,1,4,1,1,1,2,4,2,1,2,4,2,3,3,2,1,1,4,1,3,4,1,4,3,2,2,1,4,2,3,2,3,1,1,2,2,3,3,3,2,2,3,1,2,3,2,4,1,1,3,3,2,1,3,3,1,3,1,3,2,3,1,1,3,2,1,1,1,2,4,3,2,4,3,2,4,3,3,2,4,2,4,1,1,3,3,3,3,4,4,3,4,1,1,4,2,1,2,1,4,4,3,3,1,2,2,2,1,2,4,2,1,3,3,4,1,4,1,1,3,2,1,4,3,1,4,1,1,1,4,4,3,4,3,3,3,2,2,3,4,3,1,3,4,3,1,2,4,4,4,3,3,2,1,4,2,1,2,3,1,2,1,1,2,4,2,4,2,1,2,1,3,1,3,4,2,3,2,3,3,3,4,1,4,3,2,1,3,1,3,1,1,4,2,4,1,1,2,3,1,4,4,2,1,3,4,3,2,3,2,4,2,1,3,4,1,3,2,2,3,2,3,1,3,4,4,2,3,1,2,2,1,4,1,1,1,1,3,1,4,1,4,3,2,4,3,1,3,1,4,1,3,4,1,1,1,2,2,3,3,1,4,2,1,4,3,2,1,2,2,1,4,3,2,1,2,2,3,4,2,3,1,1,1,3,2,1,3,4,3,3,4,3,1,2,3,3,1,1,4,3,3,3,2,3,1,3,1,1,1,2,3,1,3,2,3,4,1,2,1,1,4,3,4,1,4,2,1,1,3,2,2,3,3,3,4,3,4,4,2,1,2,1,2,3,4,4,4,2,3,2,1,3,1,4,4,4,4,1,1,1,1,1,4,4,4,2,4,2,1,3,3,2,4,2,1,1,3,4,2,2,1,1,4,2,1,1,2,2,4,2,2,3,4,2,1,1,1,3,1,2,2,2,2,4,1,2,4,2,4,2,3,3,2,1,1,4,4,4,3,1,3,4,4,2,2,2,3,1,4,1,3,1,1,2,2,2,1,4,1,2,2,4,4,2,2,3,3,4,4,3,1,1,3,1,2,1,4,3,1,1,2,2,3,4,4,2,1,2,1,2,2,3,2,1,1,3,1,3,1,3,1,1,4,3,2,1,1,3,2,2,4,4,2,3,3,1,4,4,4,2,3,2,3,4,3,3,4,3,2,1,1,1,2,3,2,3,4,3,1,4,3,4,3,2,3,1,2,2,1,1,1,4,3,2,2,4,3,1,4,3,3,2,2,3,4,2,3,3,2,2,2,2,4,1,2,4,3,1,2,3,4,4,1,1,3,1,3,2,3,2,1,1,1,3,4,4,2,1,1,2,3,2,2,2,2,3,3,3,1,1,2,2,2,4,2,4,1,3,1,2,3,4,3,3,2,4,3,4,3,1,3,2,2,2,4,1,4,3,4,4,2,3,4,4,2,2,2,3,3,2,1,4,2,2,3,1,1,4,2,2,4,1,1,2,2,3,2,1,2,2,4,1,1,1,1,3,4,1,4,3,3,1,2,1,4,1,1,2,3,4,3,2,1,3,1,1,3,4,2,4,3,2,1,1,1,1,1,1,2,3,4,2,4,3,4,3,1,2,2,3,1,3,1,3,3,1,2,1,3,3,2,1,2,4,4,4,4,1,4,2,4,4,3,2,2,2,4,2,2,3,2,4,2,3,2,4,2,2,2,4,3,1,4,4,1,2,1,1,1,2,3,1,1,3,3,3,4,3,4,3,3,3,4,1,3,3,4,1,4,1,3,4,1,4,2,2,3,4,4,3,2,3,2,2,3,4,3,1,2,4,3,3,4,2,1,1,3,1,4,3,1,3,2,1,4,1,1,3,3,2,3,3,1,3,2,4,2,2,1,1,2,1,1,4,4,1,2,1,2,2,2,3,4,1,2,4,1,1,3,4,2,2,4,3,4,2,3,1,4,3,3,2,1,1,4,3,2,2,3,1,4,1,3,1,1,4,1,4,4,3,4,3,2,3,2,1,2,2,2,1,1,1,2,3,4,1,1,3,3,3,1,4,2,3,4,1,2,3,2,1,3,4,4,2,4,4,1,1,4,2,4,1,2,2,3,3,4,3,1,2,1,3,1,2,3,1,1,3,2,4,1,2,3,1,2,2,2,2,1,2,1,3,4,1,3,2,3,2,1,2,1,1,1,4,3,4,2,2,1,1,1,2,2,2,4,4,2,1,4,4,1,3,3,2,4,3,3,3,1,1,1,2,2,3,3,4,1,1,1,2,3,2,2,4,1,2,3,3,1,2,2,3,1,3,1,1,3,2,2,1,3,2,4,2,1,2,3,4,4,2,1,2,2,4,3,4,1,4,3,1,1,2,3,4,1,3,3,1,3,2,1,3,2,3,3,2,2,2,3,3,1,3,1,4,1,1,4,1,1,4,4,2,1,2,4,1,2,4,2,1,4,1,4,1,2,1,2,1,3,2,1,1,1,3,4,1,3,1,2,2,1,2,4,1,4,1,2,3,1,2,2,3,1,3,3,1,3,4"
30,0.9886279079380575,0.5196078431372549,2329.0,"2,2,3,4,1,1,4,1,1,2,4,1,1,4,2,2,3,4,1,1,4,4,4,2,1,1,4,3,1,2,2,2,3,3,3,3,1,2,1,3,2,3,4,4,4,3,1,4,4,3,4,1,3,2,1,1,2,1,1,4,3,1,1,3,4,1,4,2,3,1,1,2,4,4,3,1,3,2,4,2,3,1,1,3,1,3,3,3,4,1,2,1,3,4,4,2,4,4,2,2,4,3,3,3,3,4,3,1,2,1,1,2,2,2,4,1,4,2,3,2,1,3,4,4,4,4,1,2,1,3,1,2,2,2,3,2,1,4,2,1,4,2,1,1,3,3,2,1,2,2,4,1,1,2,2,2,4,1,2,1,3,2,3,2,2,3,1,2,1,1,3,4,2,3,3,1,2,2,2,2,3,3,3,4,2,4,4,3,2,2,2,4,1,2,1,1,2,2,3,2,1,4,3,4,3,4,2,1,3,3,1,2,1,1,3,3,2,2,2,2,1,2,4,4,3,3,1,3,1,4,3,1,3,3,3,1,2,4,1,3,1,1,4,2,1,2,4,2,3,3,1,3,2,1,1,2,1,4,2,2,1,2,1,3,2,3,2,1,4,3,4,4,2,2,2,3,2,4,2,2,1,4,2,3,2,1,1,3,3,1,2,1,4,4,3,1,3,4,1,4,1,2,4,1,2,1,4,1,4,4,4,2,2,4,4,2,2,3,2,3,4,3,4,1,2,4,1,2,4,1,1,2,3,3,3,4,2,3,1,1,1,4,3,3,2,2,1,2,4,1,3,4,3,4,1,2,2,2,2,1,2,3,2,4,3,3,1,2,2,1,4,1,4,2,1,2,4,1,1,4,4,3,2,2,1,1,3,4,3,3,4,2,4,1,1,3,2,2,3,3,2,4,1,3,2,3,1,2,3,3,1,4,3,3,1,1,4,2,1,4,1,4,1,3,2,3,2,4,3,3,4,1,3,2,3,3,2,1,3,3,2,1,4,3,4,3,1,3,1,3,4,3,4,2,2,3,4,2,3,3,2,4,1,3,1,2,3,2,1,3,2,4,4,3,2,4,3,2,2,3,4,2,4,4,3,4,3,2,4,2,1,2,1,3,3,1,1,3,3,2,3,3,4,1,2,1,3,3,2,1,3,1,2,1,1,2,4,2,3,1,1,1,4,4,1,4,2,2,1,4,2,4,2,2,2,1,4,2,3,3,2,4,1,1,1,2,1,1,2,2,2,2,1,3,4,1,3,4,3,2,1,4,3,1,1,2,2,3,3,2,2,1,4,1,1,1,2,4,2,1,2,4,2,3,3,2,1,1,4,1,3,4,1,4,3,2,2,1,4,2,3,2,3,1,1,2,2,3,3,3,2,2,3,1,2,3,2,4,1,1,3,3,2,1,3,3,1,3,1,3,2,3,1,1,3,2,1,1,1,2,4,3,2,4,3,2,4,3,3,2,4,2,4,1,1,3,3,3,3,4,4,3,4,1,1,4,2,1,2,1,4,4,3,3,1,2,2,2,1,2,4,2,1,3,3,4,1,4,1,1,3,2,1,4,3,1,4,1,1,1,4,4,3,4,3,3,3,2,2,3,4,3,1,3,4,3,1,2,4,4,4,3,3,2,1,4,2,1,2,3,1,2,1,1,2,4,2,4,2,1,2,1,3,1,3,4,2,3,2,3,3,3,4,1,4,3,2,1,3,1,3,1,1,4,2,4,1,1,2,3,1,4,4,2,1,3,4,3,2,3,2,4,2,1,3,4,1,3,2,2,3,2,3,1,3,4,4,2,3,1,2,2,1,4,1,1,1,1,3,1,4,1,4,3,2,4,3,1,3,1,4,1,3,4,1,1,1,2,2,3,3,1,4,2,1,4,3,2,1,2,2,1,4,3,2,1,2,2,3,4,2,3,1,1,1,3,2,1,3,4,3,3,4,3,1,2,3,3,1,1,4,3,3,3,2,3,1,3,1,1,1,2,3,1,3,2,3,4,1,2,1,1,4,3,4,1,4,2,1,1,3,2,2,3,3,3,4,3,4,4,2,1,2,1,2,3,4,4,4,2,3,2,1,3,1,4,4,4,4,1,1,1,1,1,4,4,4,2,4,2,1,3,3,2,4,2,1,1,3,4,2,2,1,1,4,2,1,1,2,2,4,2,2,3,4,2,1,1,1,3,1,2,2,2,2,4,1,2,4,2,4,2,3,3,2,1,1,4,4,4,3,1,3,4,4,2,2,2,3,1,4,1,3,1,1,2,2,2,1,4,1,2,2,4,4,2,2,3,3,4,4,3,1,1,3,1,2,1,4,3,1,1,2,2,3,4,4,2,1,2,1,2,2,3,2,1,1,3,1,3,1,3,1,1,4,3,2,1,1,3,2,2,4,4,2,3,3,1,4,4,4,2,3,2,3,4,3,3,4,3,2,1,1,1,2,3,2,3,4,3,1,4,3,4,3,2,3,1,2,2,1,1,1,4,3,2,2,4,3,1,4,3,3,2,2,3,4,2,3,3,2,2,2,2,4,1,2,4,3,1,2,3,4,4,1,1,3,1,3,2,3,2,1,1,1,3,4,4,2,1,1,2,3,2,2,2,2,3,3,3,1,1,2,2,2,4,2,4,1,3,1,2,3,4,3,3,2,4,3,4,3,1,3,2,2,2,4,1,4,3,4,4,2,3,4,4,2,2,2,3,3,2,1,4,2,2,3,1,1,4,2,2,4,1,1,2,2,3,2,1,2,2,4,1,1,1,1,3,4,1,4,3,3,1,2,1,4,1,1,2,3,4,3,2,1,3,1,1,3,4,2,4,3,2,1,1,1,1,1,1,2,3,4,2,4,3,4,3,1,2,2,3,1,3,1,3,3,1,2,1,3,3,2,1,2,4,4,4,4,1,4,2,4,4,3,2,2,2,4,2,2,3,2,4,2,3,2,4,2,2,2,4,3,1,4,4,1,2,1,1,1,2,3,1,1,3,3,3,4,3,4,3,3,3,4,1,3,3,4,1,4,1,3,4,1,4,2,2,3,4,4,3,2,3,2,2,3,4,3,1,2,4,3,3,4,2,1,1,3,1,4,3,1,3,2,1,4,1,1,3,3,2,3,3,1,3,2,4,2,2,1,1,2,1,1,4,4,1,2,1,2,2,2,3,4,1,2,4,1,1,3,4,2,2,4,3,4,2,3,1,4,3,3,2,1,1,4,3,2,2,3,1,4,1,3,1,1,4,1,4,4,3,4,3,2,3,2,1,2,2,2,1,1,1,2,3,4,1,1,3,3,3,1,4,2,3,4,1,2,3,2,1,3,4,4,2,4,4,1,1,4,2,4,1,2,2,3,3,4,3,1,2,1,3,1,2,3,1,1,3,2,4,1,2,3,1,2,2,2,2,1,2,1,3,4,1,3,2,3,2,1,2,1,1,1,4,3,4,2,2,1,1,1,2,2,2,4,4,2,1,4,4,1,3,3,2,4,3,3,3,1,1,1,2,2,3,3,4,1,1,1,2,3,2,2,4,1,2,3,3,1,2,2,3,1,3,1,1,3,2,2,1,3,2,4,2,1,2,3,4,4,2,1,2,2,4,3,4,1,4,3,1,1,2,3,4,1,3,3,1,3,2,1,3,2,3,3,2,2,2,3,3,1,3,1,4,1,1,4,1,1,4,4,2,1,2,4,1,2,4,2,1,4,1,4,1,2,1,2,1,3,2,1,1,1,3,4,1,3,1,2,2,1,2,4,1,4,1,2,3,1,2,2,3,1,3,3,1,3,4"
31,0.9886279079380575,0.5196078431372549,2329.0,"2,2,3,4,1,1,4,1,1,2,4,1,1,4,2,2,3,4,1,1,4,4,4,2,1,1,4,3,1,2,2,2,3,3,3,3,1,2,1,3,2,3,4,4,4,3,1,4,4,3,4,1,3,2,1,1,2,1,1,4,3,1,1,3,4,1,4,2,3,1,1,2,4,4,3,1,3,2,4,2,3,1,1,3,1,3,3,3,4,1,2,1,3,4,4,2,4,4,2,2,4,3,3,3,3,4,3,1,2,1,1,2,2,2,4,1,4,2,3,2,1,3,4,4,4,4,1,2,1,3,1,2,2,2,3,2,1,4,2,1,4,2,1,1,3,3,2,1,2,2,4,1,1,2,2,2,4,1,2,1,3,2,3,2,2,3,1,2,1,1,3,4,2,3,3,1,2,2,2,2,3,3,3,4,2,4,4,3,2,2,2,4,1,2,1,1,2,2,3,2,1,4,3,4,3,4,2,1,3,3,1,2,1,1,3,3,2,2,2,2,1,2,4,4,3,3,1,3,1,4,3,1,3,3,3,1,2,4,1,3,1,1,4,2,1,2,4,2,3,3,1,3,2,1,1,2,1,4,2,2,1,2,1,3,2,3,2,1,4,3,4,4,2,2,2,3,2,4,2,2,1,4,2,3,2,1,1,3,3,1,2,1,4,4,3,1,3,4,1,4,1,2,4,1,2,1,4,1,4,4,4,2,2,4,4,2,2,3,2,3,4,3,4,1,2,4,1,2,4,1,1,2,3,3,3,4,2,3,1,1,1,4,3,3,2,2,1,2,4,1,3,4,3,4,1,2,2,2,2,1,2,3,2,4,3,3,1,2,2,1,4,1,4,2,1,2,4,1,1,4,4,3,2,2,1,1,3,4,3,3,4,2,4,1,1,3,2,2,3,3,2,4,1,3,2,3,1,2,3,3,1,4,3,3,1,1,4,2,1,4,1,4,1,3,2,3,2,4,3,3,4,1,3,2,3,3,2,1,3,3,2,1,4,3,4,3,1,3,1,3,4,3,4,2,2,3,4,2,3,3,2,4,1,3,1,2,3,2,1,3,2,4,4,3,2,4,3,2,2,3,4,2,4,4,3,4,3,2,4,2,1,2,1,3,3,1,1,3,3,2,3,3,4,1,2,1,3,3,2,1,3,1,2,1,1,2,4,2,3,1,1,1,4,4,1,4,2,2,1,4,2,4,2,2,2,1,4,2,3,3,2,4,1,1,1,2,1,1,2,2,2,2,1,3,4,1,3,4,3,2,1,4,3,1,1,2,2,3,3,2,2,1,4,1,1,1,2,4,2,1,2,4,2,3,3,2,1,1,4,1,3,4,1,4,3,2,2,1,4,2,3,2,3,1,1,2,2,3,3,3,2,2,3,1,2,3,2,4,1,1,3,3,2,1,3,3,1,3,1,3,2,3,1,1,3,2,1,1,1,2,4,3,2,4,3,2,4,3,3,2,4,2,4,1,1,3,3,3,3,4,4,3,4,1,1,4,2,1,2,1,4,4,3,3,1,2,2,2,1,2,4,2,1,3,3,4,1,4,1,1,3,2,1,4,3,1,4,1,1,1,4,4,3,4,3,3,3,2,2,3,4,3,1,3,4,3,1,2,4,4,4,3,3,2,1,4,2,1,2,3,1,2,1,1,2,4,2,4,2,1,2,1,3,1,3,4,2,3,2,3,3,3,4,1,4,3,2,1,3,1,3,1,1,4,2,4,1,1,2,3,1,4,4,2,1,3,4,3,2,3,2,4,2,1,3,4,1,3,2,2,3,2,3,1,3,4,4,2,3,1,2,2,1,4,1,1,1,1,3,1,4,1,4,3,2,4,3,1,3,1,4,1,3,4,1,1,1,2,2,3,3,1,4,2,1,4,3,2,1,2,2,1,4,3,2,1,2,2,3,4,2,3,1,1,1,3,2,1,3,4,3,3,4,3,1,2,3,3,1,1,4,3,3,3,2,3,1,3,1,1,1,2,3,1,3,2,3,4,1,2,1,1,4,3,4,1,4,2,1,1,3,2,2,3,3,3,4,3,4,4,2,1,2,1,2,3,4,4,4,2,3,2,1,3,1,4,4,4,4,1,1,1,1,1,4,4,4,2,4,2,1,3,3,2,4,2,1,1,3,4,2,2,1,1,4,2,1,1,2,2,4,2,2,3,4,2,1,1,1,3,1,2,2,2,2,4,1,2,4,2,4,2,3,3,2,1,1,4,4,4,3,1,3,4,4,2,2,2,3,1,4,1,3,1,1,2,2,2,1,4,1,2,2,4,4,2,2,3,3,4,4,3,1,1,3,1,2,1,4,3,1,1,2,2,3,4,4,2,1,2,1,2,2,3,2,1,1,3,1,3,1,3,1,1,4,3,2,1,1,3,2,2,4,4,2,3,3,1,4,4,4,2,3,2,3,4,3,3,4,3,2,1,1,1,2,3,2,3,4,3,1,4,3,4,3,2,3,1,2,2,1,1,1,4,3,2,2,4,3,1,4,3,3,2,2,3,4,2,3,3,2,2,2,2,4,1,2,4,3,1,2,3,4,4,1,1,3,1,3,2,3,2,1,1,1,3,4,4,2,1,1,2,3,2,2,2,2,3,3,3,1,1,2,2,2,4,2,4,1,3,1,2,3,4,3,3,2,4,3,4,3,1,3,2,2,2,4,1,4,3,4,4,2,3,4,4,2,2,2,3,3,2,1,4,2,2,3,1,1,4,2,2,4,1,1,2,2,3,2,1,2,2,4,1,1,1,1,3,4,1,4,3,3,1,2,1,4,1,1,2,3,4,3,2,1,3,1,1,3,4,2,4,3,2,1,1,1,1,1,1,2,3,4,2,4,3,4,3,1,2,2,3,1,3,1,3,3,1,2,1,3,3,2,1,2,4,4,4,4,1,4,2,4,4,3,2,2,2,4,2,2,3,2,4,2,3,2,4,2,2,2,4,3,1,4,4,1,2,1,1,1,2,3,1,1,3,3,3,4,3,4,3,3,3,4,1,3,3,4,1,4,1,3,4,1,4,2,2,3,4,4,3,2,3,2,2,3,4,3,1,2,4,3,3,4,2,1,1,3,1,4,3,1,3,2,1,4,1,1,3,3,2,3,3,1,3,2,4,2,2,1,1,2,1,1,4,4,1,2,1,2,2,2,3,4,1,2,4,1,1,3,4,2,2,4,3,4,2,3,1,4,3,3,2,1,1,4,3,2,2,3,1,4,1,3,1,1,4,1,4,4,3,4,3,2,3,2,1,2,2,2,1,1,1,2,3,4,1,1,3,3,3,1,4,2,3,4,1,2,3,2,1,3,4,4,2,4,4,1,1,4,2,4,1,2,2,3,3,4,3,1,2,1,3,1,2,3,1,1,3,2,4,1,2,3,1,2,2,2,2,1,2,1,3,4,1,3,2,3,2,1,2,1,1,1,4,3,4,2,2,1,1,1,2,2,2,4,4,2,1,4,4,1,3,3,2,4,3,3,3,1,1,1,2,2,3,3,4,1,1,1,2,3,2,2,4,1,2,3,3,1,2,2,3,1,3,1,1,3,2,2,1,3,2,4,2,1,2,3,4,4,2,1,2,2,4,3,4,1,4,3,1,1,2,3,4,1,3,3,1,3,2,1,3,2,3,3,2,2,2,3,3,1,3,1,4,1,1,4,1,1,4,4,2,1,2,4,1,2,4,2,1,4,1,4,1,2,1,2,1,3,2,1,1,1,3,4,1,3,1,2,2,1,2,4,1,4,1,2,3,1,2,2,3,1,3,3,1,3,4"
32,0.9886279079380575,0.5196078431372549,2329.0,"2,2,3,4,1,1,4,1,1,2,4,1,1,4,2,2,3,4,1,1,4,4,4,2,1,1,4,3,1,2,2,2,3,3,3,3,1,2,1,3,2,3,4,4,4,3,1,4,4,3,4,1,3,2,1,1,2,1,1,4,3,1,1,3,4,1,4,2,3,1,1,2,4,4,3,1,3,2,4,2,3,1,1,3,1,3,3,3,4,1,2,1,3,4,4,2,4,4,2,2,4,3,3,3,3,4,3,1,2,1,1,2,2,2,4,1,4,2,3,2,1,3,4,4,4,4,1,2,1,3,1,2,2,2,3,2,1,4,2,1,4,2,1,1,3,3,2,1,2,2,4,1,1,2,2,2,4,1,2,1,3,2,3,2,2,3,1,2,1,1,3,4,2,3,3,1,2,2,2,2,3,3,3,4,2,4,4,3,2,2,2,4,1,2,1,1,2,2,3,2,1,4,3,4,3,4,2,1,3,3,1,2,1,1,3,3,2,2,2,2,1,2,4,4,3,3,1,3,1,4,3,1,3,3,3,1,2,4,1,3,1,1,4,2,1,2,4,2,3,3,1,3,2,1,1,2,1,4,2,2,1,2,1,3,2,3,2,1,4,3,4,4,2,2,2,3,2,4,2,2,1,4,2,3,2,1,1,3,3,1,2,1,4,4,3,1,3,4,1,4,1,2,4,1,2,1,4,1,4,4,4,2,2,4,4,2,2,3,2,3,4,3,4,1,2,4,1,2,4,1,1,2,3,3,3,4,2,3,1,1,1,4,3,3,2,2,1,2,4,1,3,4,3,4,1,2,2,2,2,1,2,3,2,4,3,3,1,2,2,1,4,1,4,2,1,2,4,1,1,4,4,3,2,2,1,1,3,4,3,3,4,2,4,1,1,3,2,2,3,3,2,4,1,3,2,3,1,2,3,3,1,4,3,3,1,1,4,2,1,4,1,4,1,3,2,3,2,4,3,3,4,1,3,2,3,3,2,1,3,3,2,1,4,3,4,3,1,3,1,3,4,3,4,2,2,3,4,2,3,3,2,4,1,3,1,2,3,2,1,3,2,4,4,3,2,4,3,2,2,3,4,2,4,4,3,4,3,2,4,2,1,2,1,3,3,1,1,3,3,2,3,3,4,1,2,1,3,3,2,1,3,1,2,1,1,2,4,2,3,1,1,1,4,4,1,4,2,2,1,4,2,4,2,2,2,1,4,2,3,3,2,4,1,1,1,2,1,1,2,2,2,2,1,3,4,1,3,4,3,2,1,4,3,1,1,2,2,3,3,2,2,1,4,1,1,1,2,4,2,1,2,4,2,3,3,2,1,1,4,1,3,4,1,4,3,2,2,1,4,2,3,2,3,1,1,2,2,3,3,3,2,2,3,1,2,3,2,4,1,1,3,3,2,1,3,3,1,3,1,3,2,3,1,1,3,2,1,1,1,2,4,3,2,4,3,2,4,3,3,2,4,2,4,1,1,3,3,3,3,4,4,3,4,1,1,4,2,1,2,1,4,4,3,3,1,2,2,2,1,2,4,2,1,3,3,4,1,4,1,1,3,2,1,4,3,1,4,1,1,1,4,4,3,4,3,3,3,2,2,3,4,3,1,3,4,3,1,2,4,4,4,3,3,2,1,4,2,1,2,3,1,2,1,1,2,4,2,4,2,1,2,1,3,1,3,4,2,3,2,3,3,3,4,1,4,3,2,1,3,1,3,1,1,4,2,4,1,1,2,3,1,4,4,2,1,3,4,3,2,3,2,4,2,1,3,4,1,3,2,2,3,2,3,1,3,4,4,2,3,1,2,2,1,4,1,1,1,1,3,1,4,1,4,3,2,4,3,1,3,1,4,1,3,4,1,1,1,2,2,3,3,1,4,2,1,4,3,2,1,2,2,1,4,3,2,1,2,2,3,4,2,3,1,1,1,3,2,1,3,4,3,3,4,3,1,2,3,3,1,1,4,3,3,3,2,3,1,3,1,1,1,2,3,1,3,2,3,4,1,2,1,1,4,3,4,1,4,2,1,1,3,2,2,3,3,3,4,3,4,4,2,1,2,1,2,3,4,4,4,2,3,2,1,3,1,4,4,4,4,1,1,1,1,1,4,4,4,2,4,2,1,3,3,2,4,2,1,1,3,4,2,2,1,1,4,2,1,1,2,2,4,2,2,3,4,2,1,1,1,3,1,2,2,2,2,4,1,2,4,2,4,2,3,3,2,1,1,4,4,4,3,1,3,4,4,2,2,2,3,1,4,1,3,1,1,2,2,2,1,4,1,2,2,4,4,2,2,3,3,4,4,3,1,1,3,1,2,1,4,3,1,1,2,2,3,4,4,2,1,2,1,2,2,3,2,1,1,3,1,3,1,3,1,1,4,3,2,1,1,3,2,2,4,4,2,3,3,1,4,4,4,2,3,2,3,4,3,3,4,3,2,1,1,1,2,3,2,3,4,3,1,4,3,4,3,2,3,1,2,2,1,1,1,4,3,2,2,4,3,1,4,3,3,2,2,3,4,2,3,3,2,2,2,2,4,1,2,4,3,1,2,3,4,4,1,1,3,1,3,2,3,2,1,1,1,3,4,4,2,1,1,2,3,2,2,2,2,3,3,3,1,1,2,2,2,4,2,4,1,3,1,2,3,4,3,3,2,4,3,4,3,1,3,2,2,2,4,1,4,3,4,4,2,3,4,4,2,2,2,3,3,2,1,4,2,2,3,1,1,4,2,2,4,1,1,2,2,3,2,1,2,2,4,1,1,1,1,3,4,1,4,3,3,1,2,1,4,1,1,2,3,4,3,2,1,3,1,1,3,4,2,4,3,2,1,1,1,1,1,1,2,3,4,2,4,3,4,3,1,2,2,3,1,3,1,3,3,1,2,1,3,3,2,1,2,4,4,4,4,1,4,2,4,4,3,2,2,2,4,2,2,3,2,4,2,3,2,4,2,2,2,4,3,1,4,4,1,2,1,1,1,2,3,1,1,3,3,3,4,3,4,3,3,3,4,1,3,3,4,1,4,1,3,4,1,4,2,2,3,4,4,3,2,3,2,2,3,4,3,1,2,4,3,3,4,2,1,1,3,1,4,3,1,3,2,1,4,1,1,3,3,2,3,3,1,3,2,4,2,2,1,1,2,1,1,4,4,1,2,1,2,2,2,3,4,1,2,4,1,1,3,4,2,2,4,3,4,2,3,1,4,3,3,2,1,1,4,3,2,2,3,1,4,1,3,1,1,4,1,4,4,3,4,3,2,3,2,1,2,2,2,1,1,1,2,3,4,1,1,3,3,3,1,4,2,3,4,1,2,3,2,1,3,4,4,2,4,4,1,1,4,2,4,1,2,2,3,3,4,3,1,2,1,3,1,2,3,1,1,3,2,4,1,2,3,1,2,2,2,2,1,2,1,3,4,1,3,2,3,2,1,2,1,1,1,4,3,4,2,2,1,1,1,2,2,2,4,4,2,1,4,4,1,3,3,2,4,3,3,3,1,1,1,2,2,3,3,4,1,1,1,2,3,2,2,4,1,2,3,3,1,2,2,3,1,3,1,1,3,2,2,1,3,2,4,2,1,2,3,4,4,2,1,2,2,4,3,4,1,4,3,1,1,2,3,4,1,3,3,1,3,2,1,3,2,3,3,2,2,2,3,3,1,3,1,4,1,1,4,1,1,4,4,2,1,2,4,1,2,4,2,1,4,1,4,1,2,1,2,1,3,2,1,1,1,3,4,1,3,1,2,2,1,2,4,1,4,1,2,3,1,2,2,3,1,3,3,1,3,4"
33,0.9886279079380575,0.5196078431372549,2329.0,"2,2,3,4,1,1,4,1,1,2,4,1,1,4,2,2,3,4,1,1,4,4,4,2,1,1,4,3,1,2,2,2,3,3,3,3,1,2,1,3,2,3,4,4,4,3,1,4,4,3,4,1,3,2,1,1,2,1,1,4,3,1,1,3,4,1,4,2,3,1,1,2,4,4,3,1,3,2,4,2,3,1,1,3,1,3,3,3,4,1,2,1,3,4,4,2,4,4,2,2,4,3,3,3,3,4,3,1,2,1,1,2,2,2,4,1,4,2,3,2,1,3,4,4,4,4,1,2,1,3,1,2,2,2,3,2,1,4,2,1,4,2,1,1,3,3,2,1,2,2,4,1,1,2,2,2,4,1,2,1,3,2,3,2,2,3,1,2,1,1,3,4,2,3,3,1,2,2,2,2,3,3,3,4,2,4,4,3,2,2,2,4,1,2,1,1,2,2,3,2,1,4,3,4,3,4,2,1,3,3,1,2,1,1,3,3,2,2,2,2,1,2,4,4,3,3,1,3,1,4,3,1,3,3,3,1,2,4,1,3,1,1,4,2,1,2,4,2,3,3,1,3,2,1,1,2,1,4,2,2,1,2,1,3,2,3,2,1,4,3,4,4,2,2,2,3,2,4,2,2,1,4,2,3,2,1,1,3,3,1,2,1,4,4,3,1,3,4,1,4,1,2,4,1,2,1,4,1,4,4,4,2,2,4,4,2,2,3,2,3,4,3,4,1,2,4,1,2,4,1,1,2,3,3,3,4,2,3,1,1,1,4,3,3,2,2,1,2,4,1,3,4,3,4,1,2,2,2,2,1,2,3,2,4,3,3,1,2,2,1,4,1,4,2,1,2,4,1,1,4,4,3,2,2,1,1,3,4,3,3,4,2,4,1,1,3,2,2,3,3,2,4,1,3,2,3,1,2,3,3,1,4,3,3,1,1,4,2,1,4,1,4,1,3,2,3,2,4,3,3,4,1,3,2,3,3,2,1,3,3,2,1,4,3,4,3,1,3,1,3,4,3,4,2,2,3,4,2,3,3,2,4,1,3,1,2,3,2,1,3,2,4,4,3,2,4,3,2,2,3,4,2,4,4,3,4,3,2,4,2,1,2,1,3,3,1,1,3,3,2,3,3,4,1,2,1,3,3,2,1,3,1,2,1,1,2,4,2,3,1,1,1,4,4,1,4,2,2,1,4,2,4,2,2,2,1,4,2,3,3,2,4,1,1,1,2,1,1,2,2,2,2,1,3,4,1,3,4,3,2,1,4,3,1,1,2,2,3,3,2,2,1,4,1,1,1,2,4,2,1,2,4,2,3,3,2,1,1,4,1,3,4,1,4,3,2,2,1,4,2,3,2,3,1,1,2,2,3,3,3,2,2,3,1,2,3,2,4,1,1,3,3,2,1,3,3,1,3,1,3,2,3,1,1,3,2,1,1,1,2,4,3,2,4,3,2,4,3,3,2,4,2,4,1,1,3,3,3,3,4,4,3,4,1,1,4,2,1,2,1,4,4,3,3,1,2,2,2,1,2,4,2,1,3,3,4,1,4,1,1,3,2,1,4,3,1,4,1,1,1,4,4,3,4,3,3,3,2,2,3,4,3,1,3,4,3,1,2,4,4,4,3,3,2,1,4,2,1,2,3,1,2,1,1,2,4,2,4,2,1,2,1,3,1,3,4,2,3,2,3,3,3,4,1,4,3,2,1,3,1,3,1,1,4,2,4,1,1,2,3,1,4,4,2,1,3,4,3,2,3,2,4,2,1,3,4,1,3,2,2,3,2,3,1,3,4,4,2,3,1,2,2,1,4,1,1,1,1,3,1,4,1,4,3,2,4,3,1,3,1,4,1,3,4,1,1,1,2,2,3,3,1,4,2,1,4,3,2,1,2,2,1,4,3,2,1,2,2,3,4,2,3,1,1,1,3,2,1,3,4,3,3,4,3,1,2,3,3,1,1,4,3,3,3,2,3,1,3,1,1,1,2,3,1,3,2,3,4,1,2,1,1,4,3,4,1,4,2,1,1,3,2,2,3,3,3,4,3,4,4,2,1,2,1,2,3,4,4,4,2,3,2,1,3,1,4,4,4,4,1,1,1,1,1,4,4,4,2,4,2,1,3,3,2,4,2,1,1,3,4,2,2,1,1,4,2,1,1,2,2,4,2,2,3,4,2,1,1,1,3,1,2,2,2,2,4,1,2,4,2,4,2,3,3,2,1,1,4,4,4,3,1,3,4,4,2,2,2,3,1,4,1,3,1,1,2,2,2,1,4,1,2,2,4,4,2,2,3,3,4,4,3,1,1,3,1,2,1,4,3,1,1,2,2,3,4,4,2,1,2,1,2,2,3,2,1,1,3,1,3,1,3,1,1,4,3,2,1,1,3,2,2,4,4,2,3,3,1,4,4,4,2,3,2,3,4,3,3,4,3,2,1,1,1,2,3,2,3,4,3,1,4,3,4,3,2,3,1,2,2,1,1,1,4,3,2,2,4,3,1,4,3,3,2,2,3,4,2,3,3,2,2,2,2,4,1,2,4,3,1,2,3,4,4,1,1,3,1,3,2,3,2,1,1,1,3,4,4,2,1,1,2,3,2,2,2,2,3,3,3,1,1,2,2,2,4,2,4,1,3,1,2,3,4,3,3,2,4,3,4,3,1,3,2,2,2,4,1,4,3,4,4,2,3,4,4,2,2,2,3,3,2,1,4,2,2,3,1,1,4,2,2,4,1,1,2,2,3,2,1,2,2,4,1,1,1,1,3,4,1,4,3,3,1,2,1,4,1,1,2,3,4,3,2,1,3,1,1,3,4,2,4,3,2,1,1,1,1,1,1,2,3,4,2,4,3,4,3,1,2,2,3,1,3,1,3,3,1,2,1,3,3,2,1,2,4,4,4,4,1,4,2,4,4,3,2,2,2,4,2,2,3,2,4,2,3,2,4,2,2,2,4,3,1,4,4,1,2,1,1,1,2,3,1,1,3,3,3,4,3,4,3,3,3,4,1,3,3,4,1,4,1,3,4,1,4,2,2,3,4,4,3,2,3,2,2,3,4,3,1,2,4,3,3,4,2,1,1,3,1,4,3,1,3,2,1,4,1,1,3,3,2,3,3,1,3,2,4,2,2,1,1,2,1,1,4,4,1,2,1,2,2,2,3,4,1,2,4,1,1,3,4,2,2,4,3,4,2,3,1,4,3,3,2,1,1,4,3,2,2,3,1,4,1,3,1,1,4,1,4,4,3,4,3,2,3,2,1,2,2,2,1,1,1,2,3,4,1,1,3,3,3,1,4,2,3,4,1,2,3,2,1,3,4,4,2,4,4,1,1,4,2,4,1,2,2,3,3,4,3,1,2,1,3,1,2,3,1,1,3,2,4,1,2,3,1,2,2,2,2,1,2,1,3,4,1,3,2,3,2,1,2,1,1,1,4,3,4,2,2,1,1,1,2,2,2,4,4,2,1,4,4,1,3,3,2,4,3,3,3,1,1,1,2,2,3,3,4,1,1,1,2,3,2,2,4,1,2,3,3,1,2,2,3,1,3,1,1,3,2,2,1,3,2,4,2,1,2,3,4,4,2,1,2,2,4,3,4,1,4,3,1,1,2,3,4,1,3,3,1,3,2,1,3,2,3,3,2,2,2,3,3,1,3,1,4,1,1,4,1,1,4,4,2,1,2,4,1,2,4,2,1,4,1,4,1,2,1,2,1,3,2,1,1,1,3,4,1,3,1,2,2,1,2,4,1,4,1,2,3,1,2,2,3,1,3,3,1,3,4"
34,0.9886279079380575,0.5196078431372549,2329.0,"2,2,3,4,1,1,4,1,1,2,4,1,1,4,2,2,3,4,1,1,4,4,4,2,1,1,4,3,1,2,2,2,3,3,3,3,1,2,1,3,2,3,4,4,4,3,1,4,4,3,4,1,3,2,1,1,2,1,1,4,3,1,1,3,4,1,4,2,3,1,1,2,4,4,3,1,3,2,4,2,3,1,1,3,1,3,3,3,4,1,2,1,3,4,4,2,4,4,2,2,4,3,3,3,3,4,3,1,2,1,1,2,2,2,4,1,4,2,3,2,1,3,4,4,4,4,1,2,1,3,1,2,2,2,3,2,1,4,2,1,4,2,1,1,3,3,2,1,2,2,4,1,1,2,2,2,4,1,2,1,3,2,3,2,2,3,1,2,1,1,3,4,2,3,3,1,2,2,2,2,3,3,3,4,2,4,4,3,2,2,2,4,1,2,1,1,2,2,3,2,1,4,3,4,3,4,2,1,3,3,1,2,1,1,3,3,2,2,2,2,1,2,4,4,3,3,1,3,1,4,3,1,3,3,3,1,2,4,1,3,1,1,4,2,1,2,4,2,3,3,1,3,2,1,1,2,1,4,2,2,1,2,1,3,2,3,2,1,4,3,4,4,2,2,2,3,2,4,2,2,1,4,2,3,2,1,1,3,3,1,2,1,4,4,3,1,3,4,1,4,1,2,4,1,2,1,4,1,4,4,4,2,2,4,4,2,2,3,2,3,4,3,4,1,2,4,1,2,4,1,1,2,3,3,3,4,2,3,1,1,1,4,3,3,2,2,1,2,4,1,3,4,3,4,1,2,2,2,2,1,2,3,2,4,3,3,1,2,2,1,4,1,4,2,1,2,4,1,1,4,4,3,2,2,1,1,3,4,3,3,4,2,4,1,1,3,2,2,3,3,2,4,1,3,2,3,1,2,3,3,1,4,3,3,1,1,4,2,1,4,1,4,1,3,2,3,2,4,3,3,4,1,3,2,3,3,2,1,3,3,2,1,4,3,4,3,1,3,1,3,4,3,4,2,2,3,4,2,3,3,2,4,1,3,1,2,3,2,1,3,2,4,4,3,2,4,3,2,2,3,4,2,4,4,3,4,3,2,4,2,1,2,1,3,3,1,1,3,3,2,3,3,4,1,2,1,3,3,2,1,3,1,2,1,1,2,4,2,3,1,1,1,4,4,1,4,2,2,1,4,2,4,2,2,2,1,4,2,3,3,2,4,1,1,1,2,1,1,2,2,2,2,1,3,4,1,3,4,3,2,1,4,3,1,1,2,2,3,3,2,2,1,4,1,1,1,2,4,2,1,2,4,2,3,3,2,1,1,4,1,3,4,1,4,3,2,2,1,4,2,3,2,3,1,1,2,2,3,3,3,2,2,3,1,2,3,2,4,1,1,3,3,2,1,3,3,1,3,1,3,2,3,1,1,3,2,1,1,1,2,4,3,2,4,3,2,4,3,3,2,4,2,4,1,1,3,3,3,3,4,4,3,4,1,1,4,2,1,2,1,4,4,3,3,1,2,2,2,1,2,4,2,1,3,3,4,1,4,1,1,3,2,1,4,3,1,4,1,1,1,4,4,3,4,3,3,3,2,2,3,4,3,1,3,4,3,1,2,4,4,4,3,3,2,1,4,2,1,2,3,1,2,1,1,2,4,2,4,2,1,2,1,3,1,3,4,2,3,2,3,3,3,4,1,4,3,2,1,3,1,3,1,1,4,2,4,1,1,2,3,1,4,4,2,1,3,4,3,2,3,2,4,2,1,3,4,1,3,2,2,3,2,3,1,3,4,4,2,3,1,2,2,1,4,1,1,1,1,3,1,4,1,4,3,2,4,3,1,3,1,4,1,3,4,1,1,1,2,2,3,3,1,4,2,1,4,3,2,1,2,2,1,4,3,2,1,2,2,3,4,2,3,1,1,1,3,2,1,3,4,3,3,4,3,1,2,3,3,1,1,4,3,3,3,2,3,1,3,1,1,1,2,3,1,3,2,3,4,1,2,1,1,4,3,4,1,4,2,1,1,3,2,2,3,3,3,4,3,4,4,2,1,2,1,2,3,4,4,4,2,3,2,1,3,1,4,4,4,4,1,1,1,1,1,4,4,4,2,4,2,1,3,3,2,4,2,1,1,3,4,2,2,1,1,4,2,1,1,2,2,4,2,2,3,4,2,1,1,1,3,1,2,2,2,2,4,1,2,4,2,4,2,3,3,2,1,1,4,4,4,3,1,3,4,4,2,2,2,3,1,4,1,3,1,1,2,2,2,1,4,1,2,2,4,4,2,2,3,3,4,4,3,1,1,3,1,2,1,4,3,1,1,2,2,3,4,4,2,1,2,1,2,2,3,2,1,1,3,1,3,1,3,1,1,4,3,2,1,1,3,2,2,4,4,2,3,3,1,4,4,4,2,3,2,3,4,3,3,4,3,2,1,1,1,2,3,2,3,4,3,1,4,3,4,3,2,3,1,2,2,1,1,1,4,3,2,2,4,3,1,4,3,3,2,2,3,4,2,3,3,2,2,2,2,4,1,2,4,3,1,2,3,4,4,1,1,3,1,3,2,3,2,1,1,1,3,4,4,2,1,1,2,3,2,2,2,2,3,3,3,1,1,2,2,2,4,2,4,1,3,1,2,3,4,3,3,2,4,3,4,3,1,3,2,2,2,4,1,4,3,4,4,2,3,4,4,2,2,2,3,3,2,1,4,2,2,3,1,1,4,2,2,4,1,1,2,2,3,2,1,2,2,4,1,1,1,1,3,4,1,4,3,3,1,2,1,4,1,1,2,3,4,3,2,1,3,1,1,3,4,2,4,3,2,1,1,1,1,1,1,2,3,4,2,4,3,4,3,1,2,2,3,1,3,1,3,3,1,2,1,3,3,2,1,2,4,4,4,4,1,4,2,4,4,3,2,2,2,4,2,2,3,2,4,2,3,2,4,2,2,2,4,3,1,4,4,1,2,1,1,1,2,3,1,1,3,3,3,4,3,4,3,3,3,4,1,3,3,4,1,4,1,3,4,1,4,2,2,3,4,4,3,2,3,2,2,3,4,3,1,2,4,3,3,4,2,1,1,3,1,4,3,1,3,2,1,4,1,1,3,3,2,3,3,1,3,2,4,2,2,1,1,2,1,1,4,4,1,2,1,2,2,2,3,4,1,2,4,1,1,3,4,2,2,4,3,4,2,3,1,4,3,3,2,1,1,4,3,2,2,3,1,4,1,3,1,1,4,1,4,4,3,4,3,2,3,2,1,2,2,2,1,1,1,2,3,4,1,1,3,3,3,1,4,2,3,4,1,2,3,2,1,3,4,4,2,4,4,1,1,4,2,4,1,2,2,3,3,4,3,1,2,1,3,1,2,3,1,1,3,2,4,1,2,3,1,2,2,2,2,1,2,1,3,4,1,3,2,3,2,1,2,1,1,1,4,3,4,2,2,1,1,1,2,2,2,4,4,2,1,4,4,1,3,3,2,4,3,3,3,1,1,1,2,2,3,3,4,1,1,1,2,3,2,2,4,1,2,3,3,1,2,2,3,1,3,1,1,3,2,2,1,3,2,4,2,1,2,3,4,4,2,1,2,2,4,3,4,1,4,3,1,1,2,3,4,1,3,3,1,3,2,1,3,2,3,3,2,2,2,3,3,1,3,1,4,1,1,4,1,1,4,4,2,1,2,4,1,2,4,2,1,4,1,4,1,2,1,2,1,3,2,1,1,1,3,4,1,3,1,2,2,1,2,4,1,4,1,2,3,1,2,2,3,1,3,3,1,3,4"
35,0.9886279079380575,0.5196078431372549,2329.0,"2,2,3,4,1,1,4,1,1,2,4,1,1,4,2,2,3,4,1,1,4,4,4,2,1,1,4,3,1,2,2,2,3,3,3,3,1,2,1,3,2,3,4,4,4,3,1,4,4,3,4,1,3,2,1,1,2,1,1,4,3,1,1,3,4,1,4,2,3,1,1,2,4,4,3,1,3,2,4,2,3,1,1,3,1,3,3,3,4,1,2,1,3,4,4,2,4,4,2,2,4,3,3,3,3,4,3,1,2,1,1,2,2,2,4,1,4,2,3,2,1,3,4,4,4,4,1,2,1,3,1,2,2,2,3,2,1,4,2,1,4,2,1,1,3,3,2,1,2,2,4,1,1,2,2,2,4,1,2,1,3,2,3,2,2,3,1,2,1,1,3,4,2,3,3,1,2,2,2,2,3,3,3,4,2,4,4,3,2,2,2,4,1,2,1,1,2,2,3,2,1,4,3,4,3,4,2,1,3,3,1,2,1,1,3,3,2,2,2,2,1,2,4,4,3,3,1,3,1,4,3,1,3,3,3,1,2,4,1,3,1,1,4,2,1,2,4,2,3,3,1,3,2,1,1,2,1,4,2,2,1,2,1,3,2,3,2,1,4,3,4,4,2,2,2,3,2,4,2,2,1,4,2,3,2,1,1,3,3,1,2,1,4,4,3,1,3,4,1,4,1,2,4,1,2,1,4,1,4,4,4,2,2,4,4,2,2,3,2,3,4,3,4,1,2,4,1,2,4,1,1,2,3,3,3,4,2,3,1,1,1,4,3,3,2,2,1,2,4,1,3,4,3,4,1,2,2,2,2,1,2,3,2,4,3,3,1,2,2,1,4,1,4,2,1,2,4,1,1,4,4,3,2,2,1,1,3,4,3,3,4,2,4,1,1,3,2,2,3,3,2,4,1,3,2,3,1,2,3,3,1,4,3,3,1,1,4,2,1,4,1,4,1,3,2,3,2,4,3,3,4,1,3,2,3,3,2,1,3,3,2,1,4,3,4,3,1,3,1,3,4,3,4,2,2,3,4,2,3,3,2,4,1,3,1,2,3,2,1,3,2,4,4,3,2,4,3,2,2,3,4,2,4,4,3,4,3,2,4,2,1,2,1,3,3,1,1,3,3,2,3,3,4,1,2,1,3,3,2,1,3,1,2,1,1,2,4,2,3,1,1,1,4,4,1,4,2,2,1,4,2,4,2,2,2,1,4,2,3,3,2,4,1,1,1,2,1,1,2,2,2,2,1,3,4,1,3,4,3,2,1,4,3,1,1,2,2,3,3,2,2,1,4,1,1,1,2,4,2,1,2,4,2,3,3,2,1,1,4,1,3,4,1,4,3,2,2,1,4,2,3,2,3,1,1,2,2,3,3,3,2,2,3,1,2,3,2,4,1,1,3,3,2,1,3,3,1,3,1,3,2,3,1,1,3,2,1,1,1,2,4,3,2,4,3,2,4,3,3,2,4,2,4,1,1,3,3,3,3,4,4,3,4,1,1,4,2,1,2,1,4,4,3,3,1,2,2,2,1,2,4,2,1,3,3,4,1,4,1,1,3,2,1,4,3,1,4,1,1,1,4,4,3,4,3,3,3,2,2,3,4,3,1,3,4,3,1,2,4,4,4,3,3,2,1,4,2,1,2,3,1,2,1,1,2,4,2,4,2,1,2,1,3,1,3,4,2,3,2,3,3,3,4,1,4,3,2,1,3,1,3,1,1,4,2,4,1,1,2,3,1,4,4,2,1,3,4,3,2,3,2,4,2,1,3,4,1,3,2,2,3,2,3,1,3,4,4,2,3,1,2,2,1,4,1,1,1,1,3,1,4,1,4,3,2,4,3,1,3,1,4,1,3,4,1,1,1,2,2,3,3,1,4,2,1,4,3,2,1,2,2,1,4,3,2,1,2,2,3,4,2,3,1,1,1,3,2,1,3,4,3,3,4,3,1,2,3,3,1,1,4,3,3,3,2,3,1,3,1,1,1,2,3,1,3,2,3,4,1,2,1,1,4,3,4,1,4,2,1,1,3,2,2,3,3,3,4,3,4,4,2,1,2,1,2,3,4,4,4,2,3,2,1,3,1,4,4,4,4,1,1,1,1,1,4,4,4,2,4,2,1,3,3,2,4,2,1,1,3,4,2,2,1,1,4,2,1,1,2,2,4,2,2,3,4,2,1,1,1,3,1,2,2,2,2,4,1,2,4,2,4,2,3,3,2,1,1,4,4,4,3,1,3,4,4,2,2,2,3,1,4,1,3,1,1,2,2,2,1,4,1,2,2,4,4,2,2,3,3,4,4,3,1,1,3,1,2,1,4,3,1,1,2,2,3,4,4,2,1,2,1,2,2,3,2,1,1,3,1,3,1,3,1,1,4,3,2,1,1,3,2,2,4,4,2,3,3,1,4,4,4,2,3,2,3,4,3,3,4,3,2,1,1,1,2,3,2,3,4,3,1,4,3,4,3,2,3,1,2,2,1,1,1,4,3,2,2,4,3,1,4,3,3,2,2,3,4,2,3,3,2,2,2,2,4,1,2,4,3,1,2,3,4,4,1,1,3,1,3,2,3,2,1,1,1,3,4,4,2,1,1,2,3,2,2,2,2,3,3,3,1,1,2,2,2,4,2,4,1,3,1,2,3,4,3,3,2,4,3,4,3,1,3,2,2,2,4,1,4,3,4,4,2,3,4,4,2,2,2,3,3,2,1,4,2,2,3,1,1,4,2,2,4,1,1,2,2,3,2,1,2,2,4,1,1,1,1,3,4,1,4,3,3,1,2,1,4,1,1,2,3,4,3,2,1,3,1,1,3,4,2,4,3,2,1,1,1,1,1,1,2,3,4,2,4,3,4,3,1,2,2,3,1,3,1,3,3,1,2,1,3,3,2,1,2,4,4,4,4,1,4,2,4,4,3,2,2,2,4,2,2,3,2,4,2,3,2,4,2,2,2,4,3,1,4,4,1,2,1,1,1,2,3,1,1,3,3,3,4,3,4,3,3,3,4,1,3,3,4,1,4,1,3,4,1,4,2,2,3,4,4,3,2,3,2,2,3,4,3,1,2,4,3,3,4,2,1,1,3,1,4,3,1,3,2,1,4,1,1,3,3,2,3,3,1,3,2,4,2,2,1,1,2,1,1,4,4,1,2,1,2,2,2,3,4,1,2,4,1,1,3,4,2,2,4,3,4,2,3,1,4,3,3,2,1,1,4,3,2,2,3,1,4,1,3,1,1,4,1,4,4,3,4,3,2,3,2,1,2,2,2,1,1,1,2,3,4,1,1,3,3,3,1,4,2,3,4,1,2,3,2,1,3,4,4,2,4,4,1,1,4,2,4,1,2,2,3,3,4,3,1,2,1,3,1,2,3,1,1,3,2,4,1,2,3,1,2,2,2,2,1,2,1,3,4,1,3,2,3,2,1,2,1,1,1,4,3,4,2,2,1,1,1,2,2,2,4,4,2,1,4,4,1,3,3,2,4,3,3,3,1,1,1,2,2,3,3,4,1,1,1,2,3,2,2,4,1,2,3,3,1,2,2,3,1,3,1,1,3,2,2,1,3,2,4,2,1,2,3,4,4,2,1,2,2,4,3,4,1,4,3,1,1,2,3,4,1,3,3,1,3,2,1,3,2,3,3,2,2,2,3,3,1,3,1,4,1,1,4,1,1,4,4,2,1,2,4,1,2,4,2,1,4,1,4,1,2,1,2,1,3,2,1,1,1,3,4,1,3,1,2,2,1,2,4,1,4,1,2,3,1,2,2,3,1,3,3,1,3,4"
36,0.9886279079380575,0.5196078431372549,2329.0,"2,2,3,4,1,1,4,1,1,2,4,1,1,4,2,2,3,4,1,1,4,4,4,2,1,1,4,3,1,2,2,2,3,3,3,3,1,2,1,3,2,3,4,4,4,3,1,4,4,3,4,1,3,2,1,1,2,1,1,4,3,1,1,3,4,1,4,2,3,1,1,2,4,4,3,1,3,2,4,2,3,1,1,3,1,3,3,3,4,1,2,1,3,4,4,2,4,4,2,2,4,3,3,3,3,4,3,1,2,1,1,2,2,2,4,1,4,2,3,2,1,3,4,4,4,4,1,2,1,3,1,2,2,2,3,2,1,4,2,1,4,2,1,1,3,3,2,1,2,2,4,1,1,2,2,2,4,1,2,1,3,2,3,2,2,3,1,2,1,1,3,4,2,3,3,1,2,2,2,2,3,3,3,4,2,4,4,3,2,2,2,4,1,2,1,1,2,2,3,2,1,4,3,4,3,4,2,1,3,3,1,2,1,1,3,3,2,2,2,2,1,2,4,4,3,3,1,3,1,4,3,1,3,3,3,1,2,4,1,3,1,1,4,2,1,2,4,2,3,3,1,3,2,1,1,2,1,4,2,2,1,2,1,3,2,3,2,1,4,3,4,4,2,2,2,3,2,4,2,2,1,4,2,3,2,1,1,3,3,1,2,1,4,4,3,1,3,4,1,4,1,2,4,1,2,1,4,1,4,4,4,2,2,4,4,2,2,3,2,3,4,3,4,1,2,4,1,2,4,1,1,2,3,3,3,4,2,3,1,1,1,4,3,3,2,2,1,2,4,1,3,4,3,4,1,2,2,2,2,1,2,3,2,4,3,3,1,2,2,1,4,1,4,2,1,2,4,1,1,4,4,3,2,2,1,1,3,4,3,3,4,2,4,1,1,3,2,2,3,3,2,4,1,3,2,3,1,2,3,3,1,4,3,3,1,1,4,2,1,4,1,4,1,3,2,3,2,4,3,3,4,1,3,2,3,3,2,1,3,3,2,1,4,3,4,3,1,3,1,3,4,3,4,2,2,3,4,2,3,3,2,4,1,3,1,2,3,2,1,3,2,4,4,3,2,4,3,2,2,3,4,2,4,4,3,4,3,2,4,2,1,2,1,3,3,1,1,3,3,2,3,3,4,1,2,1,3,3,2,1,3,1,2,1,1,2,4,2,3,1,1,1,4,4,1,4,2,2,1,4,2,4,2,2,2,1,4,2,3,3,2,4,1,1,1,2,1,1,2,2,2,2,1,3,4,1,3,4,3,2,1,4,3,1,1,2,2,3,3,2,2,1,4,1,1,1,2,4,2,1,2,4,2,3,3,2,1,1,4,1,3,4,1,4,3,2,2,1,4,2,3,2,3,1,1,2,2,3,3,3,2,2,3,1,2,3,2,4,1,1,3,3,2,1,3,3,1,3,1,3,2,3,1,1,3,2,1,1,1,2,4,3,2,4,3,2,4,3,3,2,4,2,4,1,1,3,3,3,3,4,4,3,4,1,1,4,2,1,2,1,4,4,3,3,1,2,2,2,1,2,4,2,1,3,3,4,1,4,1,1,3,2,1,4,3,1,4,1,1,1,4,4,3,4,3,3,3,2,2,3,4,3,1,3,4,3,1,2,4,4,4,3,3,2,1,4,2,1,2,3,1,2,1,1,2,4,2,4,2,1,2,1,3,1,3,4,2,3,2,3,3,3,4,1,4,3,2,1,3,1,3,1,1,4,2,4,1,1,2,3,1,4,4,2,1,3,4,3,2,3,2,4,2,1,3,4,1,3,2,2,3,2,3,1,3,4,4,2,3,1,2,2,1,4,1,1,1,1,3,1,4,1,4,3,2,4,3,1,3,1,4,1,3,4,1,1,1,2,2,3,3,1,4,2,1,4,3,2,1,2,2,1,4,3,2,1,2,2,3,4,2,3,1,1,1,3,2,1,3,4,3,3,4,3,1,2,3,3,1,1,4,3,3,3,2,3,1,3,1,1,1,2,3,1,3,2,3,4,1,2,1,1,4,3,4,1,4,2,1,1,3,2,2,3,3,3,4,3,4,4,2,1,2,1,2,3,4,4,4,2,3,2,1,3,1,4,4,4,4,1,1,1,1,1,4,4,4,2,4,2,1,3,3,2,4,2,1,1,3,4,2,2,1,1,4,2,1,1,2,2,4,2,2,3,4,2,1,1,1,3,1,2,2,2,2,4,1,2,4,2,4,2,3,3,2,1,1,4,4,4,3,1,3,4,4,2,2,2,3,1,4,1,3,1,1,2,2,2,1,4,1,2,2,4,4,2,2,3,3,4,4,3,1,1,3,1,2,1,4,3,1,1,2,2,3,4,4,2,1,2,1,2,2,3,2,1,1,3,1,3,1,3,1,1,4,3,2,1,1,3,2,2,4,4,2,3,3,1,4,4,4,2,3,2,3,4,3,3,4,3,2,1,1,1,2,3,2,3,4,3,1,4,3,4,3,2,3,1,2,2,1,1,1,4,3,2,2,4,3,1,4,3,3,2,2,3,4,2,3,3,2,2,2,2,4,1,2,4,3,1,2,3,4,4,1,1,3,1,3,2,3,2,1,1,1,3,4,4,2,1,1,2,3,2,2,2,2,3,3,3,1,1,2,2,2,4,2,4,1,3,1,2,3,4,3,3,2,4,3,4,3,1,3,2,2,2,4,1,4,3,4,4,2,3,4,4,2,2,2,3,3,2,1,4,2,2,3,1,1,4,2,2,4,1,1,2,2,3,2,1,2,2,4,1,1,1,1,3,4,1,4,3,3,1,2,1,4,1,1,2,3,4,3,2,1,3,1,1,3,4,2,4,3,2,1,1,1,1,1,1,2,3,4,2,4,3,4,3,1,2,2,3,1,3,1,3,3,1,2,1,3,3,2,1,2,4,4,4,4,1,4,2,4,4,3,2,2,2,4,2,2,3,2,4,2,3,2,4,2,2,2,4,3,1,4,4,1,2,1,1,1,2,3,1,1,3,3,3,4,3,4,3,3,3,4,1,3,3,4,1,4,1,3,4,1,4,2,2,3,4,4,3,2,3,2,2,3,4,3,1,2,4,3,3,4,2,1,1,3,1,4,3,1,3,2,1,4,1,1,3,3,2,3,3,1,3,2,4,2,2,1,1,2,1,1,4,4,1,2,1,2,2,2,3,4,1,2,4,1,1,3,4,2,2,4,3,4,2,3,1,4,3,3,2,1,1,4,3,2,2,3,1,4,1,3,1,1,4,1,4,4,3,4,3,2,3,2,1,2,2,2,1,1,1,2,3,4,1,1,3,3,3,1,4,2,3,4,1,2,3,2,1,3,4,4,2,4,4,1,1,4,2,4,1,2,2,3,3,4,3,1,2,1,3,1,2,3,1,1,3,2,4,1,2,3,1,2,2,2,2,1,2,1,3,4,1,3,2,3,2,1,2,1,1,1,4,3,4,2,2,1,1,1,2,2,2,4,4,2,1,4,4,1,3,3,2,4,3,3,3,1,1,1,2,2,3,3,4,1,1,1,2,3,2,2,4,1,2,3,3,1,2,2,3,1,3,1,1,3,2,2,1,3,2,4,2,1,2,3,4,4,2,1,2,2,4,3,4,1,4,3,1,1,2,3,4,1,3,3,1,3,2,1,3,2,3,3,2,2,2,3,3,1,3,1,4,1,1,4,1,1,4,4,2,1,2,4,1,2,4,2,1,4,1,4,1,2,1,2,1,3,2,1,1,1,3,4,1,3,1,2,2,1,2,4,1,4,1,2,3,1,2,2,3,1,3,3,1,3,4"
37,0.9886279079380575,0.5196078431372549,2329.0,"2,2,3,4,1,1,4,1,1,2,4,1,1,4,2,2,3,4,1,1,4,4,4,2,1,1,4,3,1,2,2,2,3,3,3,3,1,2,1,3,2,3,4,4,4,3,1,4,4,3,4,1,3,2,1,1,2,1,1,4,3,1,1,3,4,1,4,2,3,1,1,2,4,4,3,1,3,2,4,2,3,1,1,3,1,3,3,3,4,1,2,1,3,4,4,2,4,4,2,2,4,3,3,3,3,4,3,1,2,1,1,2,2,2,4,1,4,2,3,2,1,3,4,4,4,4,1,2,1,3,1,2,2,2,3,2,1,4,2,1,4,2,1,1,3,3,2,1,2,2,4,1,1,2,2,2,4,1,2,1,3,2,3,2,2,3,1,2,1,1,3,4,2,3,3,1,2,2,2,2,3,3,3,4,2,4,4,3,2,2,2,4,1,2,1,1,2,2,3,2,1,4,3,4,3,4,2,1,3,3,1,2,1,1,3,3,2,2,2,2,1,2,4,4,3,3,1,3,1,4,3,1,3,3,3,1,2,4,1,3,1,1,4,2,1,2,4,2,3,3,1,3,2,1,1,2,1,4,2,2,1,2,1,3,2,3,2,1,4,3,4,4,2,2,2,3,2,4,2,2,1,4,2,3,2,1,1,3,3,1,2,1,4,4,3,1,3,4,1,4,1,2,4,1,2,1,4,1,4,4,4,2,2,4,4,2,2,3,2,3,4,3,4,1,2,4,1,2,4,1,1,2,3,3,3,4,2,3,1,1,1,4,3,3,2,2,1,2,4,1,3,4,3,4,1,2,2,2,2,1,2,3,2,4,3,3,1,2,2,1,4,1,4,2,1,2,4,1,1,4,4,3,2,2,1,1,3,4,3,3,4,2,4,1,1,3,2,2,3,3,2,4,1,3,2,3,1,2,3,3,1,4,3,3,1,1,4,2,1,4,1,4,1,3,2,3,2,4,3,3,4,1,3,2,3,3,2,1,3,3,2,1,4,3,4,3,1,3,1,3,4,3,4,2,2,3,4,2,3,3,2,4,1,3,1,2,3,2,1,3,2,4,4,3,2,4,3,2,2,3,4,2,4,4,3,4,3,2,4,2,1,2,1,3,3,1,1,3,3,2,3,3,4,1,2,1,3,3,2,1,3,1,2,1,1,2,4,2,3,1,1,1,4,4,1,4,2,2,1,4,2,4,2,2,2,1,4,2,3,3,2,4,1,1,1,2,1,1,2,2,2,2,1,3,4,1,3,4,3,2,1,4,3,1,1,2,2,3,3,2,2,1,4,1,1,1,2,4,2,1,2,4,2,3,3,2,1,1,4,1,3,4,1,4,3,2,2,1,4,2,3,2,3,1,1,2,2,3,3,3,2,2,3,1,2,3,2,4,1,1,3,3,2,1,3,3,1,3,1,3,2,3,1,1,3,2,1,1,1,2,4,3,2,4,3,2,4,3,3,2,4,2,4,1,1,3,3,3,3,4,4,3,4,1,1,4,2,1,2,1,4,4,3,3,1,2,2,2,1,2,4,2,1,3,3,4,1,4,1,1,3,2,1,4,3,1,4,1,1,1,4,4,3,4,3,3,3,2,2,3,4,3,1,3,4,3,1,2,4,4,4,3,3,2,1,4,2,1,2,3,1,2,1,1,2,4,2,4,2,1,2,1,3,1,3,4,2,3,2,3,3,3,4,1,4,3,2,1,3,1,3,1,1,4,2,4,1,1,2,3,1,4,4,2,1,3,4,3,2,3,2,4,2,1,3,4,1,3,2,2,3,2,3,1,3,4,4,2,3,1,2,2,1,4,1,1,1,1,3,1,4,1,4,3,2,4,3,1,3,1,4,1,3,4,1,1,1,2,2,3,3,1,4,2,1,4,3,2,1,2,2,1,4,3,2,1,2,2,3,4,2,3,1,1,1,3,2,1,3,4,3,3,4,3,1,2,3,3,1,1,4,3,3,3,2,3,1,3,1,1,1,2,3,1,3,2,3,4,1,2,1,1,4,3,4,1,4,2,1,1,3,2,2,3,3,3,4,3,4,4,2,1,2,1,2,3,4,4,4,2,3,2,1,3,1,4,4,4,4,1,1,1,1,1,4,4,4,2,4,2,1,3,3,2,4,2,1,1,3,4,2,2,1,1,4,2,1,1,2,2,4,2,2,3,4,2,1,1,1,3,1,2,2,2,2,4,1,2,4,2,4,2,3,3,2,1,1,4,4,4,3,1,3,4,4,2,2,2,3,1,4,1,3,1,1,2,2,2,1,4,1,2,2,4,4,2,2,3,3,4,4,3,1,1,3,1,2,1,4,3,1,1,2,2,3,4,4,2,1,2,1,2,2,3,2,1,1,3,1,3,1,3,1,1,4,3,2,1,1,3,2,2,4,4,2,3,3,1,4,4,4,2,3,2,3,4,3,3,4,3,2,1,1,1,2,3,2,3,4,3,1,4,3,4,3,2,3,1,2,2,1,1,1,4,3,2,2,4,3,1,4,3,3,2,2,3,4,2,3,3,2,2,2,2,4,1,2,4,3,1,2,3,4,4,1,1,3,1,3,2,3,2,1,1,1,3,4,4,2,1,1,2,3,2,2,2,2,3,3,3,1,1,2,2,2,4,2,4,1,3,1,2,3,4,3,3,2,4,3,4,3,1,3,2,2,2,4,1,4,3,4,4,2,3,4,4,2,2,2,3,3,2,1,4,2,2,3,1,1,4,2,2,4,1,1,2,2,3,2,1,2,2,4,1,1,1,1,3,4,1,4,3,3,1,2,1,4,1,1,2,3,4,3,2,1,3,1,1,3,4,2,4,3,2,1,1,1,1,1,1,2,3,4,2,4,3,4,3,1,2,2,3,1,3,1,3,3,1,2,1,3,3,2,1,2,4,4,4,4,1,4,2,4,4,3,2,2,2,4,2,2,3,2,4,2,3,2,4,2,2,2,4,3,1,4,4,1,2,1,1,1,2,3,1,1,3,3,3,4,3,4,3,3,3,4,1,3,3,4,1,4,1,3,4,1,4,2,2,3,4,4,3,2,3,2,2,3,4,3,1,2,4,3,3,4,2,1,1,3,1,4,3,1,3,2,1,4,1,1,3,3,2,3,3,1,3,2,4,2,2,1,1,2,1,1,4,4,1,2,1,2,2,2,3,4,1,2,4,1,1,3,4,2,2,4,3,4,2,3,1,4,3,3,2,1,1,4,3,2,2,3,1,4,1,3,1,1,4,1,4,4,3,4,3,2,3,2,1,2,2,2,1,1,1,2,3,4,1,1,3,3,3,1,4,2,3,4,1,2,3,2,1,3,4,4,2,4,4,1,1,4,2,4,1,2,2,3,3,4,3,1,2,1,3,1,2,3,1,1,3,2,4,1,2,3,1,2,2,2,2,1,2,1,3,4,1,3,2,3,2,1,2,1,1,1,4,3,4,2,2,1,1,1,2,2,2,4,4,2,1,4,4,1,3,3,2,4,3,3,3,1,1,1,2,2,3,3,4,1,1,1,2,3,2,2,4,1,2,3,3,1,2,2,3,1,3,1,1,3,2,2,1,3,2,4,2,1,2,3,4,4,2,1,2,2,4,3,4,1,4,3,1,1,2,3,4,1,3,3,1,3,2,1,3,2,3,3,2,2,2,3,3,1,3,1,4,1,1,4,1,1,4,4,2,1,2,4,1,2,4,2,1,4,1,4,1,2,1,2,1,3,2,1,1,1,3,4,1,3,1,2,2,1,2,4,1,4,1,2,3,1,2,2,3,1,3,3,1,3,4"
38,0.9886279079380575,0.5196078431372549,2329.0,"2,2,3,4,1,1,4,1,1,2,4,1,1,4,2,2,3,4,1,1,4,4,4,2,1,1,4,3,1,2,2,2,3,3,3,3,1,2,1,3,2,3,4,4,4,3,1,4,4,3,4,1,3,2,1,1,2,1,1,4,3,1,1,3,4,1,4,2,3,1,1,2,4,4,3,1,3,2,4,2,3,1,1,3,1,3,3,3,4,1,2,1,3,4,4,2,4,4,2,2,4,3,3,3,3,4,3,1,2,1,1,2,2,2,4,1,4,2,3,2,1,3,4,4,4,4,1,2,1,3,1,2,2,2,3,2,1,4,2,1,4,2,1,1,3,3,2,1,2,2,4,1,1,2,2,2,4,1,2,1,3,2,3,2,2,3,1,2,1,1,3,4,2,3,3,1,2,2,2,2,3,3,3,4,2,4,4,3,2,2,2,4,1,2,1,1,2,2,3,2,1,4,3,4,3,4,2,1,3,3,1,2,1,1,3,3,2,2,2,2,1,2,4,4,3,3,1,3,1,4,3,1,3,3,3,1,2,4,1,3,1,1,4,2,1,2,4,2,3,3,1,3,2,1,1,2,1,4,2,2,1,2,1,3,2,3,2,1,4,3,4,4,2,2,2,3,2,4,2,2,1,4,2,3,2,1,1,3,3,1,2,1,4,4,3,1,3,4,1,4,1,2,4,1,2,1,4,1,4,4,4,2,2,4,4,2,2,3,2,3,4,3,4,1,2,4,1,2,4,1,1,2,3,3,3,4,2,3,1,1,1,4,3,3,2,2,1,2,4,1,3,4,3,4,1,2,2,2,2,1,2,3,2,4,3,3,1,2,2,1,4,1,4,2,1,2,4,1,1,4,4,3,2,2,1,1,3,4,3,3,4,2,4,1,1,3,2,2,3,3,2,4,1,3,2,3,1,2,3,3,1,4,3,3,1,1,4,2,1,4,1,4,1,3,2,3,2,4,3,3,4,1,3,2,3,3,2,1,3,3,2,1,4,3,4,3,1,3,1,3,4,3,4,2,2,3,4,2,3,3,2,4,1,3,1,2,3,2,1,3,2,4,4,3,2,4,3,2,2,3,4,2,4,4,3,4,3,2,4,2,1,2,1,3,3,1,1,3,3,2,3,3,4,1,2,1,3,3,2,1,3,1,2,1,1,2,4,2,3,1,1,1,4,4,1,4,2,2,1,4,2,4,2,2,2,1,4,2,3,3,2,4,1,1,1,2,1,1,2,2,2,2,1,3,4,1,3,4,3,2,1,4,3,1,1,2,2,3,3,2,2,1,4,1,1,1,2,4,2,1,2,4,2,3,3,2,1,1,4,1,3,4,1,4,3,2,2,1,4,2,3,2,3,1,1,2,2,3,3,3,2,2,3,1,2,3,2,4,1,1,3,3,2,1,3,3,1,3,1,3,2,3,1,1,3,2,1,1,1,2,4,3,2,4,3,2,4,3,3,2,4,2,4,1,1,3,3,3,3,4,4,3,4,1,1,4,2,1,2,1,4,4,3,3,1,2,2,2,1,2,4,2,1,3,3,4,1,4,1,1,3,2,1,4,3,1,4,1,1,1,4,4,3,4,3,3,3,2,2,3,4,3,1,3,4,3,1,2,4,4,4,3,3,2,1,4,2,1,2,3,1,2,1,1,2,4,2,4,2,1,2,1,3,1,3,4,2,3,2,3,3,3,4,1,4,3,2,1,3,1,3,1,1,4,2,4,1,1,2,3,1,4,4,2,1,3,4,3,2,3,2,4,2,1,3,4,1,3,2,2,3,2,3,1,3,4,4,2,3,1,2,2,1,4,1,1,1,1,3,1,4,1,4,3,2,4,3,1,3,1,4,1,3,4,1,1,1,2,2,3,3,1,4,2,1,4,3,2,1,2,2,1,4,3,2,1,2,2,3,4,2,3,1,1,1,3,2,1,3,4,3,3,4,3,1,2,3,3,1,1,4,3,3,3,2,3,1,3,1,1,1,2,3,1,3,2,3,4,1,2,1,1,4,3,4,1,4,2,1,1,3,2,2,3,3,3,4,3,4,4,2,1,2,1,2,3,4,4,4,2,3,2,1,3,1,4,4,4,4,1,1,1,1,1,4,4,4,2,4,2,1,3,3,2,4,2,1,1,3,4,2,2,1,1,4,2,1,1,2,2,4,2,2,3,4,2,1,1,1,3,1,2,2,2,2,4,1,2,4,2,4,2,3,3,2,1,1,4,4,4,3,1,3,4,4,2,2,2,3,1,4,1,3,1,1,2,2,2,1,4,1,2,2,4,4,2,2,3,3,4,4,3,1,1,3,1,2,1,4,3,1,1,2,2,3,4,4,2,1,2,1,2,2,3,2,1,1,3,1,3,1,3,1,1,4,3,2,1,1,3,2,2,4,4,2,3,3,1,4,4,4,2,3,2,3,4,3,3,4,3,2,1,1,1,2,3,2,3,4,3,1,4,3,4,3,2,3,1,2,2,1,1,1,4,3,2,2,4,3,1,4,3,3,2,2,3,4,2,3,3,2,2,2,2,4,1,2,4,3,1,2,3,4,4,1,1,3,1,3,2,3,2,1,1,1,3,4,4,2,1,1,2,3,2,2,2,2,3,3,3,1,1,2,2,2,4,2,4,1,3,1,2,3,4,3,3,2,4,3,4,3,1,3,2,2,2,4,1,4,3,4,4,2,3,4,4,2,2,2,3,3,2,1,4,2,2,3,1,1,4,2,2,4,1,1,2,2,3,2,1,2,2,4,1,1,1,1,3,4,1,4,3,3,1,2,1,4,1,1,2,3,4,3,2,1,3,1,1,3,4,2,4,3,2,1,1,1,1,1,1,2,3,4,2,4,3,4,3,1,2,2,3,1,3,1,3,3,1,2,1,3,3,2,1,2,4,4,4,4,1,4,2,4,4,3,2,2,2,4,2,2,3,2,4,2,3,2,4,2,2,2,4,3,1,4,4,1,2,1,1,1,2,3,1,1,3,3,3,4,3,4,3,3,3,4,1,3,3,4,1,4,1,3,4,1,4,2,2,3,4,4,3,2,3,2,2,3,4,3,1,2,4,3,3,4,2,1,1,3,1,4,3,1,3,2,1,4,1,1,3,3,2,3,3,1,3,2,4,2,2,1,1,2,1,1,4,4,1,2,1,2,2,2,3,4,1,2,4,1,1,3,4,2,2,4,3,4,2,3,1,4,3,3,2,1,1,4,3,2,2,3,1,4,1,3,1,1,4,1,4,4,3,4,3,2,3,2,1,2,2,2,1,1,1,2,3,4,1,1,3,3,3,1,4,2,3,4,1,2,3,2,1,3,4,4,2,4,4,1,1,4,2,4,1,2,2,3,3,4,3,1,2,1,3,1,2,3,1,1,3,2,4,1,2,3,1,2,2,2,2,1,2,1,3,4,1,3,2,3,2,1,2,1,1,1,4,3,4,2,2,1,1,1,2,2,2,4,4,2,1,4,4,1,3,3,2,4,3,3,3,1,1,1,2,2,3,3,4,1,1,1,2,3,2,2,4,1,2,3,3,1,2,2,3,1,3,1,1,3,2,2,1,3,2,4,2,1,2,3,4,4,2,1,2,2,4,3,4,1,4,3,1,1,2,3,4,1,3,3,1,3,2,1,3,2,3,3,2,2,2,3,3,1,3,1,4,1,1,4,1,1,4,4,2,1,2,4,1,2,4,2,1,4,1,4,1,2,1,2,1,3,2,1,1,1,3,4,1,3,1,2,2,1,2,4,1,4,1,2,3,1,2,2,3,1,3,3,1,3,4"
39,0.9886279079380575,0.5196078431372549,2329.0,"2,2,3,4,1,1,4,1,1,2,4,1,1,4,2,2,3,4,1,1,4,4,4,2,1,1,4,3,1,2,2,2,3,3,3,3,1,2,1,3,2,3,4,4,4,3,1,4,4,3,4,1,3,2,1,1,2,1,1,4,3,1,1,3,4,1,4,2,3,1,1,2,4,4,3,1,3,2,4,2,3,1,1,3,1,3,3,3,4,1,2,1,3,4,4,2,4,4,2,2,4,3,3,3,3,4,3,1,2,1,1,2,2,2,4,1,4,2,3,2,1,3,4,4,4,4,1,2,1,3,1,2,2,2,3,2,1,4,2,1,4,2,1,1,3,3,2,1,2,2,4,1,1,2,2,2,4,1,2,1,3,2,3,2,2,3,1,2,1,1,3,4,2,3,3,1,2,2,2,2,3,3,3,4,2,4,4,3,2,2,2,4,1,2,1,1,2,2,3,2,1,4,3,4,3,4,2,1,3,3,1,2,1,1,3,3,2,2,2,2,1,2,4,4,3,3,1,3,1,4,3,1,3,3,3,1,2,4,1,3,1,1,4,2,1,2,4,2,3,3,1,3,2,1,1,2,1,4,2,2,1,2,1,3,2,3,2,1,4,3,4,4,2,2,2,3,2,4,2,2,1,4,2,3,2,1,1,3,3,1,2,1,4,4,3,1,3,4,1,4,1,2,4,1,2,1,4,1,4,4,4,2,2,4,4,2,2,3,2,3,4,3,4,1,2,4,1,2,4,1,1,2,3,3,3,4,2,3,1,1,1,4,3,3,2,2,1,2,4,1,3,4,3,4,1,2,2,2,2,1,2,3,2,4,3,3,1,2,2,1,4,1,4,2,1,2,4,1,1,4,4,3,2,2,1,1,3,4,3,3,4,2,4,1,1,3,2,2,3,3,2,4,1,3,2,3,1,2,3,3,1,4,3,3,1,1,4,2,1,4,1,4,1,3,2,3,2,4,3,3,4,1,3,2,3,3,2,1,3,3,2,1,4,3,4,3,1,3,1,3,4,3,4,2,2,3,4,2,3,3,2,4,1,3,1,2,3,2,1,3,2,4,4,3,2,4,3,2,2,3,4,2,4,4,3,4,3,2,4,2,1,2,1,3,3,1,1,3,3,2,3,3,4,1,2,1,3,3,2,1,3,1,2,1,1,2,4,2,3,1,1,1,4,4,1,4,2,2,1,4,2,4,2,2,2,1,4,2,3,3,2,4,1,1,1,2,1,1,2,2,2,2,1,3,4,1,3,4,3,2,1,4,3,1,1,2,2,3,3,2,2,1,4,1,1,1,2,4,2,1,2,4,2,3,3,2,1,1,4,1,3,4,1,4,3,2,2,1,4,2,3,2,3,1,1,2,2,3,3,3,2,2,3,1,2,3,2,4,1,1,3,3,2,1,3,3,1,3,1,3,2,3,1,1,3,2,1,1,1,2,4,3,2,4,3,2,4,3,3,2,4,2,4,1,1,3,3,3,3,4,4,3,4,1,1,4,2,1,2,1,4,4,3,3,1,2,2,2,1,2,4,2,1,3,3,4,1,4,1,1,3,2,1,4,3,1,4,1,1,1,4,4,3,4,3,3,3,2,2,3,4,3,1,3,4,3,1,2,4,4,4,3,3,2,1,4,2,1,2,3,1,2,1,1,2,4,2,4,2,1,2,1,3,1,3,4,2,3,2,3,3,3,4,1,4,3,2,1,3,1,3,1,1,4,2,4,1,1,2,3,1,4,4,2,1,3,4,3,2,3,2,4,2,1,3,4,1,3,2,2,3,2,3,1,3,4,4,2,3,1,2,2,1,4,1,1,1,1,3,1,4,1,4,3,2,4,3,1,3,1,4,1,3,4,1,1,1,2,2,3,3,1,4,2,1,4,3,2,1,2,2,1,4,3,2,1,2,2,3,4,2,3,1,1,1,3,2,1,3,4,3,3,4,3,1,2,3,3,1,1,4,3,3,3,2,3,1,3,1,1,1,2,3,1,3,2,3,4,1,2,1,1,4,3,4,1,4,2,1,1,3,2,2,3,3,3,4,3,4,4,2,1,2,1,2,3,4,4,4,2,3,2,1,3,1,4,4,4,4,1,1,1,1,1,4,4,4,2,4,2,1,3,3,2,4,2,1,1,3,4,2,2,1,1,4,2,1,1,2,2,4,2,2,3,4,2,1,1,1,3,1,2,2,2,2,4,1,2,4,2,4,2,3,3,2,1,1,4,4,4,3,1,3,4,4,2,2,2,3,1,4,1,3,1,1,2,2,2,1,4,1,2,2,4,4,2,2,3,3,4,4,3,1,1,3,1,2,1,4,3,1,1,2,2,3,4,4,2,1,2,1,2,2,3,2,1,1,3,1,3,1,3,1,1,4,3,2,1,1,3,2,2,4,4,2,3,3,1,4,4,4,2,3,2,3,4,3,3,4,3,2,1,1,1,2,3,2,3,4,3,1,4,3,4,3,2,3,1,2,2,1,1,1,4,3,2,2,4,3,1,4,3,3,2,2,3,4,2,3,3,2,2,2,2,4,1,2,4,3,1,2,3,4,4,1,1,3,1,3,2,3,2,1,1,1,3,4,4,2,1,1,2,3,2,2,2,2,3,3,3,1,1,2,2,2,4,2,4,1,3,1,2,3,4,3,3,2,4,3,4,3,1,3,2,2,2,4,1,4,3,4,4,2,3,4,4,2,2,2,3,3,2,1,4,2,2,3,1,1,4,2,2,4,1,1,2,2,3,2,1,2,2,4,1,1,1,1,3,4,1,4,3,3,1,2,1,4,1,1,2,3,4,3,2,1,3,1,1,3,4,2,4,3,2,1,1,1,1,1,1,2,3,4,2,4,3,4,3,1,2,2,3,1,3,1,3,3,1,2,1,3,3,2,1,2,4,4,4,4,1,4,2,4,4,3,2,2,2,4,2,2,3,2,4,2,3,2,4,2,2,2,4,3,1,4,4,1,2,1,1,1,2,3,1,1,3,3,3,4,3,4,3,3,3,4,1,3,3,4,1,4,1,3,4,1,4,2,2,3,4,4,3,2,3,2,2,3,4,3,1,2,4,3,3,4,2,1,1,3,1,4,3,1,3,2,1,4,1,1,3,3,2,3,3,1,3,2,4,2,2,1,1,2,1,1,4,4,1,2,1,2,2,2,3,4,1,2,4,1,1,3,4,2,2,4,3,4,2,3,1,4,3,3,2,1,1,4,3,2,2,3,1,4,1,3,1,1,4,1,4,4,3,4,3,2,3,2,1,2,2,2,1,1,1,2,3,4,1,1,3,3,3,1,4,2,3,4,1,2,3,2,1,3,4,4,2,4,4,1,1,4,2,4,1,2,2,3,3,4,3,1,2,1,3,1,2,3,1,1,3,2,4,1,2,3,1,2,2,2,2,1,2,1,3,4,1,3,2,3,2,1,2,1,1,1,4,3,4,2,2,1,1,1,2,2,2,4,4,2,1,4,4,1,3,3,2,4,3,3,3,1,1,1,2,2,3,3,4,1,1,1,2,3,2,2,4,1,2,3,3,1,2,2,3,1,3,1,1,3,2,2,1,3,2,4,2,1,2,3,4,4,2,1,2,2,4,3,4,1,4,3,1,1,2,3,4,1,3,3,1,3,2,1,3,2,3,3,2,2,2,3,3,1,3,1,4,1,1,4,1,1,4,4,2,1,2,4,1,2,4,2,1,4,1,4,1,2,1,2,1,3,2,1,1,1,3,4,1,3,1,2,2,1,2,4,1,4,1,2,3,1,2,2,3,1,3,3,1,3,4"
40,0.9886279079380575,0.5196078431372549,2329.0,"2,2,3,4,1,1,4,1,1,2,4,1,1,4,2,2,3,4,1,1,4,4,4,2,1,1,4,3,1,2,2,2,3,3,3,3,1,2,1,3,2,3,4,4,4,3,1,4,4,3,4,1,3,2,1,1,2,1,1,4,3,1,1,3,4,1,4,2,3,1,1,2,4,4,3,1,3,2,4,2,3,1,1,3,1,3,3,3,4,1,2,1,3,4,4,2,4,4,2,2,4,3,3,3,3,4,3,1,2,1,1,2,2,2,4,1,4,2,3,2,1,3,4,4,4,4,1,2,1,3,1,2,2,2,3,2,1,4,2,1,4,2,1,1,3,3,2,1,2,2,4,1,1,2,2,2,4,1,2,1,3,2,3,2,2,3,1,2,1,1,3,4,2,3,3,1,2,2,2,2,3,3,3,4,2,4,4,3,2,2,2,4,1,2,1,1,2,2,3,2,1,4,3,4,3,4,2,1,3,3,1,2,1,1,3,3,2,2,2,2,1,2,4,4,3,3,1,3,1,4,3,1,3,3,3,1,2,4,1,3,1,1,4,2,1,2,4,2,3,3,1,3,2,1,1,2,1,4,2,2,1,2,1,3,2,3,2,1,4,3,4,4,2,2,2,3,2,4,2,2,1,4,2,3,2,1,1,3,3,1,2,1,4,4,3,1,3,4,1,4,1,2,4,1,2,1,4,1,4,4,4,2,2,4,4,2,2,3,2,3,4,3,4,1,2,4,1,2,4,1,1,2,3,3,3,4,2,3,1,1,1,4,3,3,2,2,1,2,4,1,3,4,3,4,1,2,2,2,2,1,2,3,2,4,3,3,1,2,2,1,4,1,4,2,1,2,4,1,1,4,4,3,2,2,1,1,3,4,3,3,4,2,4,1,1,3,2,2,3,3,2,4,1,3,2,3,1,2,3,3,1,4,3,3,1,1,4,2,1,4,1,4,1,3,2,3,2,4,3,3,4,1,3,2,3,3,2,1,3,3,2,1,4,3,4,3,1,3,1,3,4,3,4,2,2,3,4,2,3,3,2,4,1,3,1,2,3,2,1,3,2,4,4,3,2,4,3,2,2,3,4,2,4,4,3,4,3,2,4,2,1,2,1,3,3,1,1,3,3,2,3,3,4,1,2,1,3,3,2,1,3,1,2,1,1,2,4,2,3,1,1,1,4,4,1,4,2,2,1,4,2,4,2,2,2,1,4,2,3,3,2,4,1,1,1,2,1,1,2,2,2,2,1,3,4,1,3,4,3,2,1,4,3,1,1,2,2,3,3,2,2,1,4,1,1,1,2,4,2,1,2,4,2,3,3,2,1,1,4,1,3,4,1,4,3,2,2,1,4,2,3,2,3,1,1,2,2,3,3,3,2,2,3,1,2,3,2,4,1,1,3,3,2,1,3,3,1,3,1,3,2,3,1,1,3,2,1,1,1,2,4,3,2,4,3,2,4,3,3,2,4,2,4,1,1,3,3,3,3,4,4,3,4,1,1,4,2,1,2,1,4,4,3,3,1,2,2,2,1,2,4,2,1,3,3,4,1,4,1,1,3,2,1,4,3,1,4,1,1,1,4,4,3,4,3,3,3,2,2,3,4,3,1,3,4,3,1,2,4,4,4,3,3,2,1,4,2,1,2,3,1,2,1,1,2,4,2,4,2,1,2,1,3,1,3,4,2,3,2,3,3,3,4,1,4,3,2,1,3,1,3,1,1,4,2,4,1,1,2,3,1,4,4,2,1,3,4,3,2,3,2,4,2,1,3,4,1,3,2,2,3,2,3,1,3,4,4,2,3,1,2,2,1,4,1,1,1,1,3,1,4,1,4,3,2,4,3,1,3,1,4,1,3,4,1,1,1,2,2,3,3,1,4,2,1,4,3,2,1,2,2,1,4,3,2,1,2,2,3,4,2,3,1,1,1,3,2,1,3,4,3,3,4,3,1,2,3,3,1,1,4,3,3,3,2,3,1,3,1,1,1,2,3,1,3,2,3,4,1,2,1,1,4,3,4,1,4,2,1,1,3,2,2,3,3,3,4,3,4,4,2,1,2,1,2,3,4,4,4,2,3,2,1,3,1,4,4,4,4,1,1,1,1,1,4,4,4,2,4,2,1,3,3,2,4,2,1,1,3,4,2,2,1,1,4,2,1,1,2,2,4,2,2,3,4,2,1,1,1,3,1,2,2,2,2,4,1,2,4,2,4,2,3,3,2,1,1,4,4,4,3,1,3,4,4,2,2,2,3,1,4,1,3,1,1,2,2,2,1,4,1,2,2,4,4,2,2,3,3,4,4,3,1,1,3,1,2,1,4,3,1,1,2,2,3,4,4,2,1,2,1,2,2,3,2,1,1,3,1,3,1,3,1,1,4,3,2,1,1,3,2,2,4,4,2,3,3,1,4,4,4,2,3,2,3,4,3,3,4,3,2,1,1,1,2,3,2,3,4,3,1,4,3,4,3,2,3,1,2,2,1,1,1,4,3,2,2,4,3,1,4,3,3,2,2,3,4,2,3,3,2,2,2,2,4,1,2,4,3,1,2,3,4,4,1,1,3,1,3,2,3,2,1,1,1,3,4,4,2,1,1,2,3,2,2,2,2,3,3,3,1,1,2,2,2,4,2,4,1,3,1,2,3,4,3,3,2,4,3,4,3,1,3,2,2,2,4,1,4,3,4,4,2,3,4,4,2,2,2,3,3,2,1,4,2,2,3,1,1,4,2,2,4,1,1,2,2,3,2,1,2,2,4,1,1,1,1,3,4,1,4,3,3,1,2,1,4,1,1,2,3,4,3,2,1,3,1,1,3,4,2,4,3,2,1,1,1,1,1,1,2,3,4,2,4,3,4,3,1,2,2,3,1,3,1,3,3,1,2,1,3,3,2,1,2,4,4,4,4,1,4,2,4,4,3,2,2,2,4,2,2,3,2,4,2,3,2,4,2,2,2,4,3,1,4,4,1,2,1,1,1,2,3,1,1,3,3,3,4,3,4,3,3,3,4,1,3,3,4,1,4,1,3,4,1,4,2,2,3,4,4,3,2,3,2,2,3,4,3,1,2,4,3,3,4,2,1,1,3,1,4,3,1,3,2,1,4,1,1,3,3,2,3,3,1,3,2,4,2,2,1,1,2,1,1,4,4,1,2,1,2,2,2,3,4,1,2,4,1,1,3,4,2,2,4,3,4,2,3,1,4,3,3,2,1,1,4,3,2,2,3,1,4,1,3,1,1,4,1,4,4,3,4,3,2,3,2,1,2,2,2,1,1,1,2,3,4,1,1,3,3,3,1,4,2,3,4,1,2,3,2,1,3,4,4,2,4,4,1,1,4,2,4,1,2,2,3,3,4,3,1,2,1,3,1,2,3,1,1,3,2,4,1,2,3,1,2,2,2,2,1,2,1,3,4,1,3,2,3,2,1,2,1,1,1,4,3,4,2,2,1,1,1,2,2,2,4,4,2,1,4,4,1,3,3,2,4,3,3,3,1,1,1,2,2,3,3,4,1,1,1,2,3,2,2,4,1,2,3,3,1,2,2,3,1,3,1,1,3,2,2,1,3,2,4,2,1,2,3,4,4,2,1,2,2,4,3,4,1,4,3,1,1,2,3,4,1,3,3,1,3,2,1,3,2,3,3,2,2,2,3,3,1,3,1,4,1,1,4,1,1,4,4,2,1,2,4,1,2,4,2,1,4,1,4,1,2,1,2,1,3,2,1,1,1,3,4,1,3,1,2,2,1,2,4,1,4,1,2,3,1,2,2,3,1,3,3,1,3,4"
41,0.9886279079380575,0.5196078431372549,2329.0,"2,2,3,4,1,1,4,1,1,2,4,1,1,4,2,2,3,4,1,1,4,4,4,2,1,1,4,3,1,2,2,2,3,3,3,3,1,2,1,3,2,3,4,4,4,3,1,4,4,3,4,1,3,2,1,1,2,1,1,4,3,1,1,3,4,1,4,2,3,1,1,2,4,4,3,1,3,2,4,2,3,1,1,3,1,3,3,3,4,1,2,1,3,4,4,2,4,4,2,2,4,3,3,3,3,4,3,1,2,1,1,2,2,2,4,1,4,2,3,2,1,3,4,4,4,4,1,2,1,3,1,2,2,2,3,2,1,4,2,1,4,2,1,1,3,3,2,1,2,2,4,1,1,2,2,2,4,1,2,1,3,2,3,2,2,3,1,2,1,1,3,4,2,3,3,1,2,2,2,2,3,3,3,4,2,4,4,3,2,2,2,4,1,2,1,1,2,2,3,2,1,4,3,4,3,4,2,1,3,3,1,2,1,1,3,3,2,2,2,2,1,2,4,4,3,3,1,3,1,4,3,1,3,3,3,1,2,4,1,3,1,1,4,2,1,2,4,2,3,3,1,3,2,1,1,2,1,4,2,2,1,2,1,3,2,3,2,1,4,3,4,4,2,2,2,3,2,4,2,2,1,4,2,3,2,1,1,3,3,1,2,1,4,4,3,1,3,4,1,4,1,2,4,1,2,1,4,1,4,4,4,2,2,4,4,2,2,3,2,3,4,3,4,1,2,4,1,2,4,1,1,2,3,3,3,4,2,3,1,1,1,4,3,3,2,2,1,2,4,1,3,4,3,4,1,2,2,2,2,1,2,3,2,4,3,3,1,2,2,1,4,1,4,2,1,2,4,1,1,4,4,3,2,2,1,1,3,4,3,3,4,2,4,1,1,3,2,2,3,3,2,4,1,3,2,3,1,2,3,3,1,4,3,3,1,1,4,2,1,4,1,4,1,3,2,3,2,4,3,3,4,1,3,2,3,3,2,1,3,3,2,1,4,3,4,3,1,3,1,3,4,3,4,2,2,3,4,2,3,3,2,4,1,3,1,2,3,2,1,3,2,4,4,3,2,4,3,2,2,3,4,2,4,4,3,4,3,2,4,2,1,2,1,3,3,1,1,3,3,2,3,3,4,1,2,1,3,3,2,1,3,1,2,1,1,2,4,2,3,1,1,1,4,4,1,4,2,2,1,4,2,4,2,2,2,1,4,2,3,3,2,4,1,1,1,2,1,1,2,2,2,2,1,3,4,1,3,4,3,2,1,4,3,1,1,2,2,3,3,2,2,1,4,1,1,1,2,4,2,1,2,4,2,3,3,2,1,1,4,1,3,4,1,4,3,2,2,1,4,2,3,2,3,1,1,2,2,3,3,3,2,2,3,1,2,3,2,4,1,1,3,3,2,1,3,3,1,3,1,3,2,3,1,1,3,2,1,1,1,2,4,3,2,4,3,2,4,3,3,2,4,2,4,1,1,3,3,3,3,4,4,3,4,1,1,4,2,1,2,1,4,4,3,3,1,2,2,2,1,2,4,2,1,3,3,4,1,4,1,1,3,2,1,4,3,1,4,1,1,1,4,4,3,4,3,3,3,2,2,3,4,3,1,3,4,3,1,2,4,4,4,3,3,2,1,4,2,1,2,3,1,2,1,1,2,4,2,4,2,1,2,1,3,1,3,4,2,3,2,3,3,3,4,1,4,3,2,1,3,1,3,1,1,4,2,4,1,1,2,3,1,4,4,2,1,3,4,3,2,3,2,4,2,1,3,4,1,3,2,2,3,2,3,1,3,4,4,2,3,1,2,2,1,4,1,1,1,1,3,1,4,1,4,3,2,4,3,1,3,1,4,1,3,4,1,1,1,2,2,3,3,1,4,2,1,4,3,2,1,2,2,1,4,3,2,1,2,2,3,4,2,3,1,1,1,3,2,1,3,4,3,3,4,3,1,2,3,3,1,1,4,3,3,3,2,3,1,3,1,1,1,2,3,1,3,2,3,4,1,2,1,1,4,3,4,1,4,2,1,1,3,2,2,3,3,3,4,3,4,4,2,1,2,1,2,3,4,4,4,2,3,2,1,3,1,4,4,4,4,1,1,1,1,1,4,4,4,2,4,2,1,3,3,2,4,2,1,1,3,4,2,2,1,1,4,2,1,1,2,2,4,2,2,3,4,2,1,1,1,3,1,2,2,2,2,4,1,2,4,2,4,2,3,3,2,1,1,4,4,4,3,1,3,4,4,2,2,2,3,1,4,1,3,1,1,2,2,2,1,4,1,2,2,4,4,2,2,3,3,4,4,3,1,1,3,1,2,1,4,3,1,1,2,2,3,4,4,2,1,2,1,2,2,3,2,1,1,3,1,3,1,3,1,1,4,3,2,1,1,3,2,2,4,4,2,3,3,1,4,4,4,2,3,2,3,4,3,3,4,3,2,1,1,1,2,3,2,3,4,3,1,4,3,4,3,2,3,1,2,2,1,1,1,4,3,2,2,4,3,1,4,3,3,2,2,3,4,2,3,3,2,2,2,2,4,1,2,4,3,1,2,3,4,4,1,1,3,1,3,2,3,2,1,1,1,3,4,4,2,1,1,2,3,2,2,2,2,3,3,3,1,1,2,2,2,4,2,4,1,3,1,2,3,4,3,3,2,4,3,4,3,1,3,2,2,2,4,1,4,3,4,4,2,3,4,4,2,2,2,3,3,2,1,4,2,2,3,1,1,4,2,2,4,1,1,2,2,3,2,1,2,2,4,1,1,1,1,3,4,1,4,3,3,1,2,1,4,1,1,2,3,4,3,2,1,3,1,1,3,4,2,4,3,2,1,1,1,1,1,1,2,3,4,2,4,3,4,3,1,2,2,3,1,3,1,3,3,1,2,1,3,3,2,1,2,4,4,4,4,1,4,2,4,4,3,2,2,2,4,2,2,3,2,4,2,3,2,4,2,2,2,4,3,1,4,4,1,2,1,1,1,2,3,1,1,3,3,3,4,3,4,3,3,3,4,1,3,3,4,1,4,1,3,4,1,4,2,2,3,4,4,3,2,3,2,2,3,4,3,1,2,4,3,3,4,2,1,1,3,1,4,3,1,3,2,1,4,1,1,3,3,2,3,3,1,3,2,4,2,2,1,1,2,1,1,4,4,1,2,1,2,2,2,3,4,1,2,4,1,1,3,4,2,2,4,3,4,2,3,1,4,3,3,2,1,1,4,3,2,2,3,1,4,1,3,1,1,4,1,4,4,3,4,3,2,3,2,1,2,2,2,1,1,1,2,3,4,1,1,3,3,3,1,4,2,3,4,1,2,3,2,1,3,4,4,2,4,4,1,1,4,2,4,1,2,2,3,3,4,3,1,2,1,3,1,2,3,1,1,3,2,4,1,2,3,1,2,2,2,2,1,2,1,3,4,1,3,2,3,2,1,2,1,1,1,4,3,4,2,2,1,1,1,2,2,2,4,4,2,1,4,4,1,3,3,2,4,3,3,3,1,1,1,2,2,3,3,4,1,1,1,2,3,2,2,4,1,2,3,3,1,2,2,3,1,3,1,1,3,2,2,1,3,2,4,2,1,2,3,4,4,2,1,2,2,4,3,4,1,4,3,1,1,2,3,4,1,3,3,1,3,2,1,3,2,3,3,2,2,2,3,3,1,3,1,4,1,1,4,1,1,4,4,2,1,2,4,1,2,4,2,1,4,1,4,1,2,1,2,1,3,2,1,1,1,3,4,1,3,1,2,2,1,2,4,1,4,1,2,3,1,2,2,3,1,3,3,1,3,4"
42,0.9886279079380575,0.5196078431372549,2329.0,"2,2,3,4,1,1,4,1,1,2,4,1,1,4,2,2,3,4,1,1,4,4,4,2,1,1,4,3,1,2,2,2,3,3,3,3,1,2,1,3,2,3,4,4,4,3,1,4,4,3,4,1,3,2,1,1,2,1,1,4,3,1,1,3,4,1,4,2,3,1,1,2,4,4,3,1,3,2,4,2,3,1,1,3,1,3,3,3,4,1,2,1,3,4,4,2,4,4,2,2,4,3,3,3,3,4,3,1,2,1,1,2,2,2,4,1,4,2,3,2,1,3,4,4,4,4,1,2,1,3,1,2,2,2,3,2,1,4,2,1,4,2,1,1,3,3,2,1,2,2,4,1,1,2,2,2,4,1,2,1,3,2,3,2,2,3,1,2,1,1,3,4,2,3,3,1,2,2,2,2,3,3,3,4,2,4,4,3,2,2,2,4,1,2,1,1,2,2,3,2,1,4,3,4,3,4,2,1,3,3,1,2,1,1,3,3,2,2,2,2,1,2,4,4,3,3,1,3,1,4,3,1,3,3,3,1,2,4,1,3,1,1,4,2,1,2,4,2,3,3,1,3,2,1,1,2,1,4,2,2,1,2,1,3,2,3,2,1,4,3,4,4,2,2,2,3,2,4,2,2,1,4,2,3,2,1,1,3,3,1,2,1,4,4,3,1,3,4,1,4,1,2,4,1,2,1,4,1,4,4,4,2,2,4,4,2,2,3,2,3,4,3,4,1,2,4,1,2,4,1,1,2,3,3,3,4,2,3,1,1,1,4,3,3,2,2,1,2,4,1,3,4,3,4,1,2,2,2,2,1,2,3,2,4,3,3,1,2,2,1,4,1,4,2,1,2,4,1,1,4,4,3,2,2,1,1,3,4,3,3,4,2,4,1,1,3,2,2,3,3,2,4,1,3,2,3,1,2,3,3,1,4,3,3,1,1,4,2,1,4,1,4,1,3,2,3,2,4,3,3,4,1,3,2,3,3,2,1,3,3,2,1,4,3,4,3,1,3,1,3,4,3,4,2,2,3,4,2,3,3,2,4,1,3,1,2,3,2,1,3,2,4,4,3,2,4,3,2,2,3,4,2,4,4,3,4,3,2,4,2,1,2,1,3,3,1,1,3,3,2,3,3,4,1,2,1,3,3,2,1,3,1,2,1,1,2,4,2,3,1,1,1,4,4,1,4,2,2,1,4,2,4,2,2,2,1,4,2,3,3,2,4,1,1,1,2,1,1,2,2,2,2,1,3,4,1,3,4,3,2,1,4,3,1,1,2,2,3,3,2,2,1,4,1,1,1,2,4,2,1,2,4,2,3,3,2,1,1,4,1,3,4,1,4,3,2,2,1,4,2,3,2,3,1,1,2,2,3,3,3,2,2,3,1,2,3,2,4,1,1,3,3,2,1,3,3,1,3,1,3,2,3,1,1,3,2,1,1,1,2,4,3,2,4,3,2,4,3,3,2,4,2,4,1,1,3,3,3,3,4,4,3,4,1,1,4,2,1,2,1,4,4,3,3,1,2,2,2,1,2,4,2,1,3,3,4,1,4,1,1,3,2,1,4,3,1,4,1,1,1,4,4,3,4,3,3,3,2,2,3,4,3,1,3,4,3,1,2,4,4,4,3,3,2,1,4,2,1,2,3,1,2,1,1,2,4,2,4,2,1,2,1,3,1,3,4,2,3,2,3,3,3,4,1,4,3,2,1,3,1,3,1,1,4,2,4,1,1,2,3,1,4,4,2,1,3,4,3,2,3,2,4,2,1,3,4,1,3,2,2,3,2,3,1,3,4,4,2,3,1,2,2,1,4,1,1,1,1,3,1,4,1,4,3,2,4,3,1,3,1,4,1,3,4,1,1,1,2,2,3,3,1,4,2,1,4,3,2,1,2,2,1,4,3,2,1,2,2,3,4,2,3,1,1,1,3,2,1,3,4,3,3,4,3,1,2,3,3,1,1,4,3,3,3,2,3,1,3,1,1,1,2,3,1,3,2,3,4,1,2,1,1,4,3,4,1,4,2,1,1,3,2,2,3,3,3,4,3,4,4,2,1,2,1,2,3,4,4,4,2,3,2,1,3,1,4,4,4,4,1,1,1,1,1,4,4,4,2,4,2,1,3,3,2,4,2,1,1,3,4,2,2,1,1,4,2,1,1,2,2,4,2,2,3,4,2,1,1,1,3,1,2,2,2,2,4,1,2,4,2,4,2,3,3,2,1,1,4,4,4,3,1,3,4,4,2,2,2,3,1,4,1,3,1,1,2,2,2,1,4,1,2,2,4,4,2,2,3,3,4,4,3,1,1,3,1,2,1,4,3,1,1,2,2,3,4,4,2,1,2,1,2,2,3,2,1,1,3,1,3,1,3,1,1,4,3,2,1,1,3,2,2,4,4,2,3,3,1,4,4,4,2,3,2,3,4,3,3,4,3,2,1,1,1,2,3,2,3,4,3,1,4,3,4,3,2,3,1,2,2,1,1,1,4,3,2,2,4,3,1,4,3,3,2,2,3,4,2,3,3,2,2,2,2,4,1,2,4,3,1,2,3,4,4,1,1,3,1,3,2,3,2,1,1,1,3,4,4,2,1,1,2,3,2,2,2,2,3,3,3,1,1,2,2,2,4,2,4,1,3,1,2,3,4,3,3,2,4,3,4,3,1,3,2,2,2,4,1,4,3,4,4,2,3,4,4,2,2,2,3,3,2,1,4,2,2,3,1,1,4,2,2,4,1,1,2,2,3,2,1,2,2,4,1,1,1,1,3,4,1,4,3,3,1,2,1,4,1,1,2,3,4,3,2,1,3,1,1,3,4,2,4,3,2,1,1,1,1,1,1,2,3,4,2,4,3,4,3,1,2,2,3,1,3,1,3,3,1,2,1,3,3,2,1,2,4,4,4,4,1,4,2,4,4,3,2,2,2,4,2,2,3,2,4,2,3,2,4,2,2,2,4,3,1,4,4,1,2,1,1,1,2,3,1,1,3,3,3,4,3,4,3,3,3,4,1,3,3,4,1,4,1,3,4,1,4,2,2,3,4,4,3,2,3,2,2,3,4,3,1,2,4,3,3,4,2,1,1,3,1,4,3,1,3,2,1,4,1,1,3,3,2,3,3,1,3,2,4,2,2,1,1,2,1,1,4,4,1,2,1,2,2,2,3,4,1,2,4,1,1,3,4,2,2,4,3,4,2,3,1,4,3,3,2,1,1,4,3,2,2,3,1,4,1,3,1,1,4,1,4,4,3,4,3,2,3,2,1,2,2,2,1,1,1,2,3,4,1,1,3,3,3,1,4,2,3,4,1,2,3,2,1,3,4,4,2,4,4,1,1,4,2,4,1,2,2,3,3,4,3,1,2,1,3,1,2,3,1,1,3,2,4,1,2,3,1,2,2,2,2,1,2,1,3,4,1,3,2,3,2,1,2,1,1,1,4,3,4,2,2,1,1,1,2,2,2,4,4,2,1,4,4,1,3,3,2,4,3,3,3,1,1,1,2,2,3,3,4,1,1,1,2,3,2,2,4,1,2,3,3,1,2,2,3,1,3,1,1,3,2,2,1,3,2,4,2,1,2,3,4,4,2,1,2,2,4,3,4,1,4,3,1,1,2,3,4,1,3,3,1,3,2,1,3,2,3,3,2,2,2,3,3,1,3,1,4,1,1,4,1,1,4,4,2,1,2,4,1,2,4,2,1,4,1,4,1,2,1,2,1,3,2,1,1,1,3,4,1,3,1,2,2,1,2,4,1,4,1,2,3,1,2,2,3,1,3,3,1,3,4"
43,0.9886279079380575,0.5196078431372549,2329.0,"2,2,3,4,1,1,4,1,1,2,4,1,1,4,2,2,3,4,1,1,4,4,4,2,1,1,4,3,1,2,2,2,3,3,3,3,1,2,1,3,2,3,4,4,4,3,1,4,4,3,4,1,3,2,1,1,2,1,1,4,3,1,1,3,4,1,4,2,3,1,1,2,4,4,3,1,3,2,4,2,3,1,1,3,1,3,3,3,4,1,2,1,3,4,4,2,4,4,2,2,4,3,3,3,3,4,3,1,2,1,1,2,2,2,4,1,4,2,3,2,1,3,4,4,4,4,1,2,1,3,1,2,2,2,3,2,1,4,2,1,4,2,1,1,3,3,2,1,2,2,4,1,1,2,2,2,4,1,2,1,3,2,3,2,2,3,1,2,1,1,3,4,2,3,3,1,2,2,2,2,3,3,3,4,2,4,4,3,2,2,2,4,1,2,1,1,2,2,3,2,1,4,3,4,3,4,2,1,3,3,1,2,1,1,3,3,2,2,2,2,1,2,4,4,3,3,1,3,1,4,3,1,3,3,3,1,2,4,1,3,1,1,4,2,1,2,4,2,3,3,1,3,2,1,1,2,1,4,2,2,1,2,1,3,2,3,2,1,4,3,4,4,2,2,2,3,2,4,2,2,1,4,2,3,2,1,1,3,3,1,2,1,4,4,3,1,3,4,1,4,1,2,4,1,2,1,4,1,4,4,4,2,2,4,4,2,2,3,2,3,4,3,4,1,2,4,1,2,4,1,1,2,3,3,3,4,2,3,1,1,1,4,3,3,2,2,1,2,4,1,3,4,3,4,1,2,2,2,2,1,2,3,2,4,3,3,1,2,2,1,4,1,4,2,1,2,4,1,1,4,4,3,2,2,1,1,3,4,3,3,4,2,4,1,1,3,2,2,3,3,2,4,1,3,2,3,1,2,3,3,1,4,3,3,1,1,4,2,1,4,1,4,1,3,2,3,2,4,3,3,4,1,3,2,3,3,2,1,3,3,2,1,4,3,4,3,1,3,1,3,4,3,4,2,2,3,4,2,3,3,2,4,1,3,1,2,3,2,1,3,2,4,4,3,2,4,3,2,2,3,4,2,4,4,3,4,3,2,4,2,1,2,1,3,3,1,1,3,3,2,3,3,4,1,2,1,3,3,2,1,3,1,2,1,1,2,4,2,3,1,1,1,4,4,1,4,2,2,1,4,2,4,2,2,2,1,4,2,3,3,2,4,1,1,1,2,1,1,2,2,2,2,1,3,4,1,3,4,3,2,1,4,3,1,1,2,2,3,3,2,2,1,4,1,1,1,2,4,2,1,2,4,2,3,3,2,1,1,4,1,3,4,1,4,3,2,2,1,4,2,3,2,3,1,1,2,2,3,3,3,2,2,3,1,2,3,2,4,1,1,3,3,2,1,3,3,1,3,1,3,2,3,1,1,3,2,1,1,1,2,4,3,2,4,3,2,4,3,3,2,4,2,4,1,1,3,3,3,3,4,4,3,4,1,1,4,2,1,2,1,4,4,3,3,1,2,2,2,1,2,4,2,1,3,3,4,1,4,1,1,3,2,1,4,3,1,4,1,1,1,4,4,3,4,3,3,3,2,2,3,4,3,1,3,4,3,1,2,4,4,4,3,3,2,1,4,2,1,2,3,1,2,1,1,2,4,2,4,2,1,2,1,3,1,3,4,2,3,2,3,3,3,4,1,4,3,2,1,3,1,3,1,1,4,2,4,1,1,2,3,1,4,4,2,1,3,4,3,2,3,2,4,2,1,3,4,1,3,2,2,3,2,3,1,3,4,4,2,3,1,2,2,1,4,1,1,1,1,3,1,4,1,4,3,2,4,3,1,3,1,4,1,3,4,1,1,1,2,2,3,3,1,4,2,1,4,3,2,1,2,2,1,4,3,2,1,2,2,3,4,2,3,1,1,1,3,2,1,3,4,3,3,4,3,1,2,3,3,1,1,4,3,3,3,2,3,1,3,1,1,1,2,3,1,3,2,3,4,1,2,1,1,4,3,4,1,4,2,1,1,3,2,2,3,3,3,4,3,4,4,2,1,2,1,2,3,4,4,4,2,3,2,1,3,1,4,4,4,4,1,1,1,1,1,4,4,4,2,4,2,1,3,3,2,4,2,1,1,3,4,2,2,1,1,4,2,1,1,2,2,4,2,2,3,4,2,1,1,1,3,1,2,2,2,2,4,1,2,4,2,4,2,3,3,2,1,1,4,4,4,3,1,3,4,4,2,2,2,3,1,4,1,3,1,1,2,2,2,1,4,1,2,2,4,4,2,2,3,3,4,4,3,1,1,3,1,2,1,4,3,1,1,2,2,3,4,4,2,1,2,1,2,2,3,2,1,1,3,1,3,1,3,1,1,4,3,2,1,1,3,2,2,4,4,2,3,3,1,4,4,4,2,3,2,3,4,3,3,4,3,2,1,1,1,2,3,2,3,4,3,1,4,3,4,3,2,3,1,2,2,1,1,1,4,3,2,2,4,3,1,4,3,3,2,2,3,4,2,3,3,2,2,2,2,4,1,2,4,3,1,2,3,4,4,1,1,3,1,3,2,3,2,1,1,1,3,4,4,2,1,1,2,3,2,2,2,2,3,3,3,1,1,2,2,2,4,2,4,1,3,1,2,3,4,3,3,2,4,3,4,3,1,3,2,2,2,4,1,4,3,4,4,2,3,4,4,2,2,2,3,3,2,1,4,2,2,3,1,1,4,2,2,4,1,1,2,2,3,2,1,2,2,4,1,1,1,1,3,4,1,4,3,3,1,2,1,4,1,1,2,3,4,3,2,1,3,1,1,3,4,2,4,3,2,1,1,1,1,1,1,2,3,4,2,4,3,4,3,1,2,2,3,1,3,1,3,3,1,2,1,3,3,2,1,2,4,4,4,4,1,4,2,4,4,3,2,2,2,4,2,2,3,2,4,2,3,2,4,2,2,2,4,3,1,4,4,1,2,1,1,1,2,3,1,1,3,3,3,4,3,4,3,3,3,4,1,3,3,4,1,4,1,3,4,1,4,2,2,3,4,4,3,2,3,2,2,3,4,3,1,2,4,3,3,4,2,1,1,3,1,4,3,1,3,2,1,4,1,1,3,3,2,3,3,1,3,2,4,2,2,1,1,2,1,1,4,4,1,2,1,2,2,2,3,4,1,2,4,1,1,3,4,2,2,4,3,4,2,3,1,4,3,3,2,1,1,4,3,2,2,3,1,4,1,3,1,1,4,1,4,4,3,4,3,2,3,2,1,2,2,2,1,1,1,2,3,4,1,1,3,3,3,1,4,2,3,4,1,2,3,2,1,3,4,4,2,4,4,1,1,4,2,4,1,2,2,3,3,4,3,1,2,1,3,1,2,3,1,1,3,2,4,1,2,3,1,2,2,2,2,1,2,1,3,4,1,3,2,3,2,1,2,1,1,1,4,3,4,2,2,1,1,1,2,2,2,4,4,2,1,4,4,1,3,3,2,4,3,3,3,1,1,1,2,2,3,3,4,1,1,1,2,3,2,2,4,1,2,3,3,1,2,2,3,1,3,1,1,3,2,2,1,3,2,4,2,1,2,3,4,4,2,1,2,2,4,3,4,1,4,3,1,1,2,3,4,1,3,3,1,3,2,1,3,2,3,3,2,2,2,3,3,1,3,1,4,1,1,4,1,1,4,4,2,1,2,4,1,2,4,2,1,4,1,4,1,2,1,2,1,3,2,1,1,1,3,4,1,3,1,2,2,1,2,4,1,4,1,2,3,1,2,2,3,1,3,3,1,3,4"
44,0.9886279079380575,0.5196078431372549,2329.0,"2,2,3,4,1,1,4,1,1,2,4,1,1,4,2,2,3,4,1,1,4,4,4,2,1,1,4,3,1,2,2,2,3,3,3,3,1,2,1,3,2,3,4,4,4,3,1,4,4,3,4,1,3,2,1,1,2,1,1,4,3,1,1,3,4,1,4,2,3,1,1,2,4,4,3,1,3,2,4,2,3,1,1,3,1,3,3,3,4,1,2,1,3,4,4,2,4,4,2,2,4,3,3,3,3,4,3,1,2,1,1,2,2,2,4,1,4,2,3,2,1,3,4,4,4,4,1,2,1,3,1,2,2,2,3,2,1,4,2,1,4,2,1,1,3,3,2,1,2,2,4,1,1,2,2,2,4,1,2,1,3,2,3,2,2,3,1,2,1,1,3,4,2,3,3,1,2,2,2,2,3,3,3,4,2,4,4,3,2,2,2,4,1,2,1,1,2,2,3,2,1,4,3,4,3,4,2,1,3,3,1,2,1,1,3,3,2,2,2,2,1,2,4,4,3,3,1,3,1,4,3,1,3,3,3,1,2,4,1,3,1,1,4,2,1,2,4,2,3,3,1,3,2,1,1,2,1,4,2,2,1,2,1,3,2,3,2,1,4,3,4,4,2,2,2,3,2,4,2,2,1,4,2,3,2,1,1,3,3,1,2,1,4,4,3,1,3,4,1,4,1,2,4,1,2,1,4,1,4,4,4,2,2,4,4,2,2,3,2,3,4,3,4,1,2,4,1,2,4,1,1,2,3,3,3,4,2,3,1,1,1,4,3,3,2,2,1,2,4,1,3,4,3,4,1,2,2,2,2,1,2,3,2,4,3,3,1,2,2,1,4,1,4,2,1,2,4,1,1,4,4,3,2,2,1,1,3,4,3,3,4,2,4,1,1,3,2,2,3,3,2,4,1,3,2,3,1,2,3,3,1,4,3,3,1,1,4,2,1,4,1,4,1,3,2,3,2,4,3,3,4,1,3,2,3,3,2,1,3,3,2,1,4,3,4,3,1,3,1,3,4,3,4,2,2,3,4,2,3,3,2,4,1,3,1,2,3,2,1,3,2,4,4,3,2,4,3,2,2,3,4,2,4,4,3,4,3,2,4,2,1,2,1,3,3,1,1,3,3,2,3,3,4,1,2,1,3,3,2,1,3,1,2,1,1,2,4,2,3,1,1,1,4,4,1,4,2,2,1,4,2,4,2,2,2,1,4,2,3,3,2,4,1,1,1,2,1,1,2,2,2,2,1,3,4,1,3,4,3,2,1,4,3,1,1,2,2,3,3,2,2,1,4,1,1,1,2,4,2,1,2,4,2,3,3,2,1,1,4,1,3,4,1,4,3,2,2,1,4,2,3,2,3,1,1,2,2,3,3,3,2,2,3,1,2,3,2,4,1,1,3,3,2,1,3,3,1,3,1,3,2,3,1,1,3,2,1,1,1,2,4,3,2,4,3,2,4,3,3,2,4,2,4,1,1,3,3,3,3,4,4,3,4,1,1,4,2,1,2,1,4,4,3,3,1,2,2,2,1,2,4,2,1,3,3,4,1,4,1,1,3,2,1,4,3,1,4,1,1,1,4,4,3,4,3,3,3,2,2,3,4,3,1,3,4,3,1,2,4,4,4,3,3,2,1,4,2,1,2,3,1,2,1,1,2,4,2,4,2,1,2,1,3,1,3,4,2,3,2,3,3,3,4,1,4,3,2,1,3,1,3,1,1,4,2,4,1,1,2,3,1,4,4,2,1,3,4,3,2,3,2,4,2,1,3,4,1,3,2,2,3,2,3,1,3,4,4,2,3,1,2,2,1,4,1,1,1,1,3,1,4,1,4,3,2,4,3,1,3,1,4,1,3,4,1,1,1,2,2,3,3,1,4,2,1,4,3,2,1,2,2,1,4,3,2,1,2,2,3,4,2,3,1,1,1,3,2,1,3,4,3,3,4,3,1,2,3,3,1,1,4,3,3,3,2,3,1,3,1,1,1,2,3,1,3,2,3,4,1,2,1,1,4,3,4,1,4,2,1,1,3,2,2,3,3,3,4,3,4,4,2,1,2,1,2,3,4,4,4,2,3,2,1,3,1,4,4,4,4,1,1,1,1,1,4,4,4,2,4,2,1,3,3,2,4,2,1,1,3,4,2,2,1,1,4,2,1,1,2,2,4,2,2,3,4,2,1,1,1,3,1,2,2,2,2,4,1,2,4,2,4,2,3,3,2,1,1,4,4,4,3,1,3,4,4,2,2,2,3,1,4,1,3,1,1,2,2,2,1,4,1,2,2,4,4,2,2,3,3,4,4,3,1,1,3,1,2,1,4,3,1,1,2,2,3,4,4,2,1,2,1,2,2,3,2,1,1,3,1,3,1,3,1,1,4,3,2,1,1,3,2,2,4,4,2,3,3,1,4,4,4,2,3,2,3,4,3,3,4,3,2,1,1,1,2,3,2,3,4,3,1,4,3,4,3,2,3,1,2,2,1,1,1,4,3,2,2,4,3,1,4,3,3,2,2,3,4,2,3,3,2,2,2,2,4,1,2,4,3,1,2,3,4,4,1,1,3,1,3,2,3,2,1,1,1,3,4,4,2,1,1,2,3,2,2,2,2,3,3,3,1,1,2,2,2,4,2,4,1,3,1,2,3,4,3,3,2,4,3,4,3,1,3,2,2,2,4,1,4,3,4,4,2,3,4,4,2,2,2,3,3,2,1,4,2,2,3,1,1,4,2,2,4,1,1,2,2,3,2,1,2,2,4,1,1,1,1,3,4,1,4,3,3,1,2,1,4,1,1,2,3,4,3,2,1,3,1,1,3,4,2,4,3,2,1,1,1,1,1,1,2,3,4,2,4,3,4,3,1,2,2,3,1,3,1,3,3,1,2,1,3,3,2,1,2,4,4,4,4,1,4,2,4,4,3,2,2,2,4,2,2,3,2,4,2,3,2,4,2,2,2,4,3,1,4,4,1,2,1,1,1,2,3,1,1,3,3,3,4,3,4,3,3,3,4,1,3,3,4,1,4,1,3,4,1,4,2,2,3,4,4,3,2,3,2,2,3,4,3,1,2,4,3,3,4,2,1,1,3,1,4,3,1,3,2,1,4,1,1,3,3,2,3,3,1,3,2,4,2,2,1,1,2,1,1,4,4,1,2,1,2,2,2,3,4,1,2,4,1,1,3,4,2,2,4,3,4,2,3,1,4,3,3,2,1,1,4,3,2,2,3,1,4,1,3,1,1,4,1,4,4,3,4,3,2,3,2,1,2,2,2,1,1,1,2,3,4,1,1,3,3,3,1,4,2,3,4,1,2,3,2,1,3,4,4,2,4,4,1,1,4,2,4,1,2,2,3,3,4,3,1,2,1,3,1,2,3,1,1,3,2,4,1,2,3,1,2,2,2,2,1,2,1,3,4,1,3,2,3,2,1,2,1,1,1,4,3,4,2,2,1,1,1,2,2,2,4,4,2,1,4,4,1,3,3,2,4,3,3,3,1,1,1,2,2,3,3,4,1,1,1,2,3,2,2,4,1,2,3,3,1,2,2,3,1,3,1,1,3,2,2,1,3,2,4,2,1,2,3,4,4,2,1,2,2,4,3,4,1,4,3,1,1,2,3,4,1,3,3,1,3,2,1,3,2,3,3,2,2,2,3,3,1,3,1,4,1,1,4,1,1,4,4,2,1,2,4,1,2,4,2,1,4,1,4,1,2,1,2,1,3,2,1,1,1,3,4,1,3,1,2,2,1,2,4,1,4,1,2,3,1,2,2,3,1,3,3,1,3,4"
45,0.9886279079380575,0.5196078431372549,2329.0,"2,2,3,4,1,1,4,1,1,2,4,1,1,4,2,2,3,4,1,1,4,4,4,2,1,1,4,3,1,2,2,2,3,3,3,3,1,2,1,3,2,3,4,4,4,3,1,4,4,3,4,1,3,2,1,1,2,1,1,4,3,1,1,3,4,1,4,2,3,1,1,2,4,4,3,1,3,2,4,2,3,1,1,3,1,3,3,3,4,1,2,1,3,4,4,2,4,4,2,2,4,3,3,3,3,4,3,1,2,1,1,2,2,2,4,1,4,2,3,2,1,3,4,4,4,4,1,2,1,3,1,2,2,2,3,2,1,4,2,1,4,2,1,1,3,3,2,1,2,2,4,1,1,2,2,2,4,1,2,1,3,2,3,2,2,3,1,2,1,1,3,4,2,3,3,1,2,2,2,2,3,3,3,4,2,4,4,3,2,2,2,4,1,2,1,1,2,2,3,2,1,4,3,4,3,4,2,1,3,3,1,2,1,1,3,3,2,2,2,2,1,2,4,4,3,3,1,3,1,4,3,1,3,3,3,1,2,4,1,3,1,1,4,2,1,2,4,2,3,3,1,3,2,1,1,2,1,4,2,2,1,2,1,3,2,3,2,1,4,3,4,4,2,2,2,3,2,4,2,2,1,4,2,3,2,1,1,3,3,1,2,1,4,4,3,1,3,4,1,4,1,2,4,1,2,1,4,1,4,4,4,2,2,4,4,2,2,3,2,3,4,3,4,1,2,4,1,2,4,1,1,2,3,3,3,4,2,3,1,1,1,4,3,3,2,2,1,2,4,1,3,4,3,4,1,2,2,2,2,1,2,3,2,4,3,3,1,2,2,1,4,1,4,2,1,2,4,1,1,4,4,3,2,2,1,1,3,4,3,3,4,2,4,1,1,3,2,2,3,3,2,4,1,3,2,3,1,2,3,3,1,4,3,3,1,1,4,2,1,4,1,4,1,3,2,3,2,4,3,3,4,1,3,2,3,3,2,1,3,3,2,1,4,3,4,3,1,3,1,3,4,3,4,2,2,3,4,2,3,3,2,4,1,3,1,2,3,2,1,3,2,4,4,3,2,4,3,2,2,3,4,2,4,4,3,4,3,2,4,2,1,2,1,3,3,1,1,3,3,2,3,3,4,1,2,1,3,3,2,1,3,1,2,1,1,2,4,2,3,1,1,1,4,4,1,4,2,2,1,4,2,4,2,2,2,1,4,2,3,3,2,4,1,1,1,2,1,1,2,2,2,2,1,3,4,1,3,4,3,2,1,4,3,1,1,2,2,3,3,2,2,1,4,1,1,1,2,4,2,1,2,4,2,3,3,2,1,1,4,1,3,4,1,4,3,2,2,1,4,2,3,2,3,1,1,2,2,3,3,3,2,2,3,1,2,3,2,4,1,1,3,3,2,1,3,3,1,3,1,3,2,3,1,1,3,2,1,1,1,2,4,3,2,4,3,2,4,3,3,2,4,2,4,1,1,3,3,3,3,4,4,3,4,1,1,4,2,1,2,1,4,4,3,3,1,2,2,2,1,2,4,2,1,3,3,4,1,4,1,1,3,2,1,4,3,1,4,1,1,1,4,4,3,4,3,3,3,2,2,3,4,3,1,3,4,3,1,2,4,4,4,3,3,2,1,4,2,1,2,3,1,2,1,1,2,4,2,4,2,1,2,1,3,1,3,4,2,3,2,3,3,3,4,1,4,3,2,1,3,1,3,1,1,4,2,4,1,1,2,3,1,4,4,2,1,3,4,3,2,3,2,4,2,1,3,4,1,3,2,2,3,2,3,1,3,4,4,2,3,1,2,2,1,4,1,1,1,1,3,1,4,1,4,3,2,4,3,1,3,1,4,1,3,4,1,1,1,2,2,3,3,1,4,2,1,4,3,2,1,2,2,1,4,3,2,1,2,2,3,4,2,3,1,1,1,3,2,1,3,4,3,3,4,3,1,2,3,3,1,1,4,3,3,3,2,3,1,3,1,1,1,2,3,1,3,2,3,4,1,2,1,1,4,3,4,1,4,2,1,1,3,2,2,3,3,3,4,3,4,4,2,1,2,1,2,3,4,4,4,2,3,2,1,3,1,4,4,4,4,1,1,1,1,1,4,4,4,2,4,2,1,3,3,2,4,2,1,1,3,4,2,2,1,1,4,2,1,1,2,2,4,2,2,3,4,2,1,1,1,3,1,2,2,2,2,4,1,2,4,2,4,2,3,3,2,1,1,4,4,4,3,1,3,4,4,2,2,2,3,1,4,1,3,1,1,2,2,2,1,4,1,2,2,4,4,2,2,3,3,4,4,3,1,1,3,1,2,1,4,3,1,1,2,2,3,4,4,2,1,2,1,2,2,3,2,1,1,3,1,3,1,3,1,1,4,3,2,1,1,3,2,2,4,4,2,3,3,1,4,4,4,2,3,2,3,4,3,3,4,3,2,1,1,1,2,3,2,3,4,3,1,4,3,4,3,2,3,1,2,2,1,1,1,4,3,2,2,4,3,1,4,3,3,2,2,3,4,2,3,3,2,2,2,2,4,1,2,4,3,1,2,3,4,4,1,1,3,1,3,2,3,2,1,1,1,3,4,4,2,1,1,2,3,2,2,2,2,3,3,3,1,1,2,2,2,4,2,4,1,3,1,2,3,4,3,3,2,4,3,4,3,1,3,2,2,2,4,1,4,3,4,4,2,3,4,4,2,2,2,3,3,2,1,4,2,2,3,1,1,4,2,2,4,1,1,2,2,3,2,1,2,2,4,1,1,1,1,3,4,1,4,3,3,1,2,1,4,1,1,2,3,4,3,2,1,3,1,1,3,4,2,4,3,2,1,1,1,1,1,1,2,3,4,2,4,3,4,3,1,2,2,3,1,3,1,3,3,1,2,1,3,3,2,1,2,4,4,4,4,1,4,2,4,4,3,2,2,2,4,2,2,3,2,4,2,3,2,4,2,2,2,4,3,1,4,4,1,2,1,1,1,2,3,1,1,3,3,3,4,3,4,3,3,3,4,1,3,3,4,1,4,1,3,4,1,4,2,2,3,4,4,3,2,3,2,2,3,4,3,1,2,4,3,3,4,2,1,1,3,1,4,3,1,3,2,1,4,1,1,3,3,2,3,3,1,3,2,4,2,2,1,1,2,1,1,4,4,1,2,1,2,2,2,3,4,1,2,4,1,1,3,4,2,2,4,3,4,2,3,1,4,3,3,2,1,1,4,3,2,2,3,1,4,1,3,1,1,4,1,4,4,3,4,3,2,3,2,1,2,2,2,1,1,1,2,3,4,1,1,3,3,3,1,4,2,3,4,1,2,3,2,1,3,4,4,2,4,4,1,1,4,2,4,1,2,2,3,3,4,3,1,2,1,3,1,2,3,1,1,3,2,4,1,2,3,1,2,2,2,2,1,2,1,3,4,1,3,2,3,2,1,2,1,1,1,4,3,4,2,2,1,1,1,2,2,2,4,4,2,1,4,4,1,3,3,2,4,3,3,3,1,1,1,2,2,3,3,4,1,1,1,2,3,2,2,4,1,2,3,3,1,2,2,3,1,3,1,1,3,2,2,1,3,2,4,2,1,2,3,4,4,2,1,2,2,4,3,4,1,4,3,1,1,2,3,4,1,3,3,1,3,2,1,3,2,3,3,2,2,2,3,3,1,3,1,4,1,1,4,1,1,4,4,2,1,2,4,1,2,4,2,1,4,1,4,1,2,1,2,1,3,2,1,1,1,3,4,1,3,1,2,2,1,2,4,1,4,1,2,3,1,2,2,3,1,3,3,1,3,4"
46,0.9886279079380575,0.5196078431372549,2329.0,"2,2,3,4,1,1,4,1,1,2,4,1,1,4,2,2,3,4,1,1,4,4,4,2,1,1,4,3,1,2,2,2,3,3,3,3,1,2,1,3,2,3,4,4,4,3,1,4,4,3,4,1,3,2,1,1,2,1,1,4,3,1,1,3,4,1,4,2,3,1,1,2,4,4,3,1,3,2,4,2,3,1,1,3,1,3,3,3,4,1,2,1,3,4,4,2,4,4,2,2,4,3,3,3,3,4,3,1,2,1,1,2,2,2,4,1,4,2,3,2,1,3,4,4,4,4,1,2,1,3,1,2,2,2,3,2,1,4,2,1,4,2,1,1,3,3,2,1,2,2,4,1,1,2,2,2,4,1,2,1,3,2,3,2,2,3,1,2,1,1,3,4,2,3,3,1,2,2,2,2,3,3,3,4,2,4,4,3,2,2,2,4,1,2,1,1,2,2,3,2,1,4,3,4,3,4,2,1,3,3,1,2,1,1,3,3,2,2,2,2,1,2,4,4,3,3,1,3,1,4,3,1,3,3,3,1,2,4,1,3,1,1,4,2,1,2,4,2,3,3,1,3,2,1,1,2,1,4,2,2,1,2,1,3,2,3,2,1,4,3,4,4,2,2,2,3,2,4,2,2,1,4,2,3,2,1,1,3,3,1,2,1,4,4,3,1,3,4,1,4,1,2,4,1,2,1,4,1,4,4,4,2,2,4,4,2,2,3,2,3,4,3,4,1,2,4,1,2,4,1,1,2,3,3,3,4,2,3,1,1,1,4,3,3,2,2,1,2,4,1,3,4,3,4,1,2,2,2,2,1,2,3,2,4,3,3,1,2,2,1,4,1,4,2,1,2,4,1,1,4,4,3,2,2,1,1,3,4,3,3,4,2,4,1,1,3,2,2,3,3,2,4,1,3,2,3,1,2,3,3,1,4,3,3,1,1,4,2,1,4,1,4,1,3,2,3,2,4,3,3,4,1,3,2,3,3,2,1,3,3,2,1,4,3,4,3,1,3,1,3,4,3,4,2,2,3,4,2,3,3,2,4,1,3,1,2,3,2,1,3,2,4,4,3,2,4,3,2,2,3,4,2,4,4,3,4,3,2,4,2,1,2,1,3,3,1,1,3,3,2,3,3,4,1,2,1,3,3,2,1,3,1,2,1,1,2,4,2,3,1,1,1,4,4,1,4,2,2,1,4,2,4,2,2,2,1,4,2,3,3,2,4,1,1,1,2,1,1,2,2,2,2,1,3,4,1,3,4,3,2,1,4,3,1,1,2,2,3,3,2,2,1,4,1,1,1,2,4,2,1,2,4,2,3,3,2,1,1,4,1,3,4,1,4,3,2,2,1,4,2,3,2,3,1,1,2,2,3,3,3,2,2,3,1,2,3,2,4,1,1,3,3,2,1,3,3,1,3,1,3,2,3,1,1,3,2,1,1,1,2,4,3,2,4,3,2,4,3,3,2,4,2,4,1,1,3,3,3,3,4,4,3,4,1,1,4,2,1,2,1,4,4,3,3,1,2,2,2,1,2,4,2,1,3,3,4,1,4,1,1,3,2,1,4,3,1,4,1,1,1,4,4,3,4,3,3,3,2,2,3,4,3,1,3,4,3,1,2,4,4,4,3,3,2,1,4,2,1,2,3,1,2,1,1,2,4,2,4,2,1,2,1,3,1,3,4,2,3,2,3,3,3,4,1,4,3,2,1,3,1,3,1,1,4,2,4,1,1,2,3,1,4,4,2,1,3,4,3,2,3,2,4,2,1,3,4,1,3,2,2,3,2,3,1,3,4,4,2,3,1,2,2,1,4,1,1,1,1,3,1,4,1,4,3,2,4,3,1,3,1,4,1,3,4,1,1,1,2,2,3,3,1,4,2,1,4,3,2,1,2,2,1,4,3,2,1,2,2,3,4,2,3,1,1,1,3,2,1,3,4,3,3,4,3,1,2,3,3,1,1,4,3,3,3,2,3,1,3,1,1,1,2,3,1,3,2,3,4,1,2,1,1,4,3,4,1,4,2,1,1,3,2,2,3,3,3,4,3,4,4,2,1,2,1,2,3,4,4,4,2,3,2,1,3,1,4,4,4,4,1,1,1,1,1,4,4,4,2,4,2,1,3,3,2,4,2,1,1,3,4,2,2,1,1,4,2,1,1,2,2,4,2,2,3,4,2,1,1,1,3,1,2,2,2,2,4,1,2,4,2,4,2,3,3,2,1,1,4,4,4,3,1,3,4,4,2,2,2,3,1,4,1,3,1,1,2,2,2,1,4,1,2,2,4,4,2,2,3,3,4,4,3,1,1,3,1,2,1,4,3,1,1,2,2,3,4,4,2,1,2,1,2,2,3,2,1,1,3,1,3,1,3,1,1,4,3,2,1,1,3,2,2,4,4,2,3,3,1,4,4,4,2,3,2,3,4,3,3,4,3,2,1,1,1,2,3,2,3,4,3,1,4,3,4,3,2,3,1,2,2,1,1,1,4,3,2,2,4,3,1,4,3,3,2,2,3,4,2,3,3,2,2,2,2,4,1,2,4,3,1,2,3,4,4,1,1,3,1,3,2,3,2,1,1,1,3,4,4,2,1,1,2,3,2,2,2,2,3,3,3,1,1,2,2,2,4,2,4,1,3,1,2,3,4,3,3,2,4,3,4,3,1,3,2,2,2,4,1,4,3,4,4,2,3,4,4,2,2,2,3,3,2,1,4,2,2,3,1,1,4,2,2,4,1,1,2,2,3,2,1,2,2,4,1,1,1,1,3,4,1,4,3,3,1,2,1,4,1,1,2,3,4,3,2,1,3,1,1,3,4,2,4,3,2,1,1,1,1,1,1,2,3,4,2,4,3,4,3,1,2,2,3,1,3,1,3,3,1,2,1,3,3,2,1,2,4,4,4,4,1,4,2,4,4,3,2,2,2,4,2,2,3,2,4,2,3,2,4,2,2,2,4,3,1,4,4,1,2,1,1,1,2,3,1,1,3,3,3,4,3,4,3,3,3,4,1,3,3,4,1,4,1,3,4,1,4,2,2,3,4,4,3,2,3,2,2,3,4,3,1,2,4,3,3,4,2,1,1,3,1,4,3,1,3,2,1,4,1,1,3,3,2,3,3,1,3,2,4,2,2,1,1,2,1,1,4,4,1,2,1,2,2,2,3,4,1,2,4,1,1,3,4,2,2,4,3,4,2,3,1,4,3,3,2,1,1,4,3,2,2,3,1,4,1,3,1,1,4,1,4,4,3,4,3,2,3,2,1,2,2,2,1,1,1,2,3,4,1,1,3,3,3,1,4,2,3,4,1,2,3,2,1,3,4,4,2,4,4,1,1,4,2,4,1,2,2,3,3,4,3,1,2,1,3,1,2,3,1,1,3,2,4,1,2,3,1,2,2,2,2,1,2,1,3,4,1,3,2,3,2,1,2,1,1,1,4,3,4,2,2,1,1,1,2,2,2,4,4,2,1,4,4,1,3,3,2,4,3,3,3,1,1,1,2,2,3,3,4,1,1,1,2,3,2,2,4,1,2,3,3,1,2,2,3,1,3,1,1,3,2,2,1,3,2,4,2,1,2,3,4,4,2,1,2,2,4,3,4,1,4,3,1,1,2,3,4,1,3,3,1,3,2,1,3,2,3,3,2,2,2,3,3,1,3,1,4,1,1,4,1,1,4,4,2,1,2,4,1,2,4,2,1,4,1,4,1,2,1,2,1,3,2,1,1,1,3,4,1,3,1,2,2,1,2,4,1,4,1,2,3,1,2,2,3,1,3,3,1,3,4"
47,0.9886279079380575,0.5196078431372549,2329.0,"2,2,3,4,1,1,4,1,1,2,4,1,1,4,2,2,3,4,1,1,4,4,4,2,1,1,4,3,1,2,2,2,3,3,3,3,1,2,1,3,2,3,4,4,4,3,1,4,4,3,4,1,3,2,1,1,2,1,1,4,3,1,1,3,4,1,4,2,3,1,1,2,4,4,3,1,3,2,4,2,3,1,1,3,1,3,3,3,4,1,2,1,3,4,4,2,4,4,2,2,4,3,3,3,3,4,3,1,2,1,1,2,2,2,4,1,4,2,3,2,1,3,4,4,4,4,1,2,1,3,1,2,2,2,3,2,1,4,2,1,4,2,1,1,3,3,2,1,2,2,4,1,1,2,2,2,4,1,2,1,3,2,3,2,2,3,1,2,1,1,3,4,2,3,3,1,2,2,2,2,3,3,3,4,2,4,4,3,2,2,2,4,1,2,1,1,2,2,3,2,1,4,3,4,3,4,2,1,3,3,1,2,1,1,3,3,2,2,2,2,1,2,4,4,3,3,1,3,1,4,3,1,3,3,3,1,2,4,1,3,1,1,4,2,1,2,4,2,3,3,1,3,2,1,1,2,1,4,2,2,1,2,1,3,2,3,2,1,4,3,4,4,2,2,2,3,2,4,2,2,1,4,2,3,2,1,1,3,3,1,2,1,4,4,3,1,3,4,1,4,1,2,4,1,2,1,4,1,4,4,4,2,2,4,4,2,2,3,2,3,4,3,4,1,2,4,1,2,4,1,1,2,3,3,3,4,2,3,1,1,1,4,3,3,2,2,1,2,4,1,3,4,3,4,1,2,2,2,2,1,2,3,2,4,3,3,1,2,2,1,4,1,4,2,1,2,4,1,1,4,4,3,2,2,1,1,3,4,3,3,4,2,4,1,1,3,2,2,3,3,2,4,1,3,2,3,1,2,3,3,1,4,3,3,1,1,4,2,1,4,1,4,1,3,2,3,2,4,3,3,4,1,3,2,3,3,2,1,3,3,2,1,4,3,4,3,1,3,1,3,4,3,4,2,2,3,4,2,3,3,2,4,1,3,1,2,3,2,1,3,2,4,4,3,2,4,3,2,2,3,4,2,4,4,3,4,3,2,4,2,1,2,1,3,3,1,1,3,3,2,3,3,4,1,2,1,3,3,2,1,3,1,2,1,1,2,4,2,3,1,1,1,4,4,1,4,2,2,1,4,2,4,2,2,2,1,4,2,3,3,2,4,1,1,1,2,1,1,2,2,2,2,1,3,4,1,3,4,3,2,1,4,3,1,1,2,2,3,3,2,2,1,4,1,1,1,2,4,2,1,2,4,2,3,3,2,1,1,4,1,3,4,1,4,3,2,2,1,4,2,3,2,3,1,1,2,2,3,3,3,2,2,3,1,2,3,2,4,1,1,3,3,2,1,3,3,1,3,1,3,2,3,1,1,3,2,1,1,1,2,4,3,2,4,3,2,4,3,3,2,4,2,4,1,1,3,3,3,3,4,4,3,4,1,1,4,2,1,2,1,4,4,3,3,1,2,2,2,1,2,4,2,1,3,3,4,1,4,1,1,3,2,1,4,3,1,4,1,1,1,4,4,3,4,3,3,3,2,2,3,4,3,1,3,4,3,1,2,4,4,4,3,3,2,1,4,2,1,2,3,1,2,1,1,2,4,2,4,2,1,2,1,3,1,3,4,2,3,2,3,3,3,4,1,4,3,2,1,3,1,3,1,1,4,2,4,1,1,2,3,1,4,4,2,1,3,4,3,2,3,2,4,2,1,3,4,1,3,2,2,3,2,3,1,3,4,4,2,3,1,2,2,1,4,1,1,1,1,3,1,4,1,4,3,2,4,3,1,3,1,4,1,3,4,1,1,1,2,2,3,3,1,4,2,1,4,3,2,1,2,2,1,4,3,2,1,2,2,3,4,2,3,1,1,1,3,2,1,3,4,3,3,4,3,1,2,3,3,1,1,4,3,3,3,2,3,1,3,1,1,1,2,3,1,3,2,3,4,1,2,1,1,4,3,4,1,4,2,1,1,3,2,2,3,3,3,4,3,4,4,2,1,2,1,2,3,4,4,4,2,3,2,1,3,1,4,4,4,4,1,1,1,1,1,4,4,4,2,4,2,1,3,3,2,4,2,1,1,3,4,2,2,1,1,4,2,1,1,2,2,4,2,2,3,4,2,1,1,1,3,1,2,2,2,2,4,1,2,4,2,4,2,3,3,2,1,1,4,4,4,3,1,3,4,4,2,2,2,3,1,4,1,3,1,1,2,2,2,1,4,1,2,2,4,4,2,2,3,3,4,4,3,1,1,3,1,2,1,4,3,1,1,2,2,3,4,4,2,1,2,1,2,2,3,2,1,1,3,1,3,1,3,1,1,4,3,2,1,1,3,2,2,4,4,2,3,3,1,4,4,4,2,3,2,3,4,3,3,4,3,2,1,1,1,2,3,2,3,4,3,1,4,3,4,3,2,3,1,2,2,1,1,1,4,3,2,2,4,3,1,4,3,3,2,2,3,4,2,3,3,2,2,2,2,4,1,2,4,3,1,2,3,4,4,1,1,3,1,3,2,3,2,1,1,1,3,4,4,2,1,1,2,3,2,2,2,2,3,3,3,1,1,2,2,2,4,2,4,1,3,1,2,3,4,3,3,2,4,3,4,3,1,3,2,2,2,4,1,4,3,4,4,2,3,4,4,2,2,2,3,3,2,1,4,2,2,3,1,1,4,2,2,4,1,1,2,2,3,2,1,2,2,4,1,1,1,1,3,4,1,4,3,3,1,2,1,4,1,1,2,3,4,3,2,1,3,1,1,3,4,2,4,3,2,1,1,1,1,1,1,2,3,4,2,4,3,4,3,1,2,2,3,1,3,1,3,3,1,2,1,3,3,2,1,2,4,4,4,4,1,4,2,4,4,3,2,2,2,4,2,2,3,2,4,2,3,2,4,2,2,2,4,3,1,4,4,1,2,1,1,1,2,3,1,1,3,3,3,4,3,4,3,3,3,4,1,3,3,4,1,4,1,3,4,1,4,2,2,3,4,4,3,2,3,2,2,3,4,3,1,2,4,3,3,4,2,1,1,3,1,4,3,1,3,2,1,4,1,1,3,3,2,3,3,1,3,2,4,2,2,1,1,2,1,1,4,4,1,2,1,2,2,2,3,4,1,2,4,1,1,3,4,2,2,4,3,4,2,3,1,4,3,3,2,1,1,4,3,2,2,3,1,4,1,3,1,1,4,1,4,4,3,4,3,2,3,2,1,2,2,2,1,1,1,2,3,4,1,1,3,3,3,1,4,2,3,4,1,2,3,2,1,3,4,4,2,4,4,1,1,4,2,4,1,2,2,3,3,4,3,1,2,1,3,1,2,3,1,1,3,2,4,1,2,3,1,2,2,2,2,1,2,1,3,4,1,3,2,3,2,1,2,1,1,1,4,3,4,2,2,1,1,1,2,2,2,4,4,2,1,4,4,1,3,3,2,4,3,3,3,1,1,1,2,2,3,3,4,1,1,1,2,3,2,2,4,1,2,3,3,1,2,2,3,1,3,1,1,3,2,2,1,3,2,4,2,1,2,3,4,4,2,1,2,2,4,3,4,1,4,3,1,1,2,3,4,1,3,3,1,3,2,1,3,2,3,3,2,2,2,3,3,1,3,1,4,1,1,4,1,1,4,4,2,1,2,4,1,2,4,2,1,4,1,4,1,2,1,2,1,3,2,1,1,1,3,4,1,3,1,2,2,1,2,4,1,4,1,2,3,1,2,2,3,1,3,3,1,3,4"
48,0.9886279079380575,0.5196078431372549,2329.0,"2,2,3,4,1,1,4,1,1,2,4,1,1,4,2,2,3,4,1,1,4,4,4,2,1,1,4,3,1,2,2,2,3,3,3,3,1,2,1,3,2,3,4,4,4,3,1,4,4,3,4,1,3,2,1,1,2,1,1,4,3,1,1,3,4,1,4,2,3,1,1,2,4,4,3,1,3,2,4,2,3,1,1,3,1,3,3,3,4,1,2,1,3,4,4,2,4,4,2,2,4,3,3,3,3,4,3,1,2,1,1,2,2,2,4,1,4,2,3,2,1,3,4,4,4,4,1,2,1,3,1,2,2,2,3,2,1,4,2,1,4,2,1,1,3,3,2,1,2,2,4,1,1,2,2,2,4,1,2,1,3,2,3,2,2,3,1,2,1,1,3,4,2,3,3,1,2,2,2,2,3,3,3,4,2,4,4,3,2,2,2,4,1,2,1,1,2,2,3,2,1,4,3,4,3,4,2,1,3,3,1,2,1,1,3,3,2,2,2,2,1,2,4,4,3,3,1,3,1,4,3,1,3,3,3,1,2,4,1,3,1,1,4,2,1,2,4,2,3,3,1,3,2,1,1,2,1,4,2,2,1,2,1,3,2,3,2,1,4,3,4,4,2,2,2,3,2,4,2,2,1,4,2,3,2,1,1,3,3,1,2,1,4,4,3,1,3,4,1,4,1,2,4,1,2,1,4,1,4,4,4,2,2,4,4,2,2,3,2,3,4,3,4,1,2,4,1,2,4,1,1,2,3,3,3,4,2,3,1,1,1,4,3,3,2,2,1,2,4,1,3,4,3,4,1,2,2,2,2,1,2,3,2,4,3,3,1,2,2,1,4,1,4,2,1,2,4,1,1,4,4,3,2,2,1,1,3,4,3,3,4,2,4,1,1,3,2,2,3,3,2,4,1,3,2,3,1,2,3,3,1,4,3,3,1,1,4,2,1,4,1,4,1,3,2,3,2,4,3,3,4,1,3,2,3,3,2,1,3,3,2,1,4,3,4,3,1,3,1,3,4,3,4,2,2,3,4,2,3,3,2,4,1,3,1,2,3,2,1,3,2,4,4,3,2,4,3,2,2,3,4,2,4,4,3,4,3,2,4,2,1,2,1,3,3,1,1,3,3,2,3,3,4,1,2,1,3,3,2,1,3,1,2,1,1,2,4,2,3,1,1,1,4,4,1,4,2,2,1,4,2,4,2,2,2,1,4,2,3,3,2,4,1,1,1,2,1,1,2,2,2,2,1,3,4,1,3,4,3,2,1,4,3,1,1,2,2,3,3,2,2,1,4,1,1,1,2,4,2,1,2,4,2,3,3,2,1,1,4,1,3,4,1,4,3,2,2,1,4,2,3,2,3,1,1,2,2,3,3,3,2,2,3,1,2,3,2,4,1,1,3,3,2,1,3,3,1,3,1,3,2,3,1,1,3,2,1,1,1,2,4,3,2,4,3,2,4,3,3,2,4,2,4,1,1,3,3,3,3,4,4,3,4,1,1,4,2,1,2,1,4,4,3,3,1,2,2,2,1,2,4,2,1,3,3,4,1,4,1,1,3,2,1,4,3,1,4,1,1,1,4,4,3,4,3,3,3,2,2,3,4,3,1,3,4,3,1,2,4,4,4,3,3,2,1,4,2,1,2,3,1,2,1,1,2,4,2,4,2,1,2,1,3,1,3,4,2,3,2,3,3,3,4,1,4,3,2,1,3,1,3,1,1,4,2,4,1,1,2,3,1,4,4,2,1,3,4,3,2,3,2,4,2,1,3,4,1,3,2,2,3,2,3,1,3,4,4,2,3,1,2,2,1,4,1,1,1,1,3,1,4,1,4,3,2,4,3,1,3,1,4,1,3,4,1,1,1,2,2,3,3,1,4,2,1,4,3,2,1,2,2,1,4,3,2,1,2,2,3,4,2,3,1,1,1,3,2,1,3,4,3,3,4,3,1,2,3,3,1,1,4,3,3,3,2,3,1,3,1,1,1,2,3,1,3,2,3,4,1,2,1,1,4,3,4,1,4,2,1,1,3,2,2,3,3,3,4,3,4,4,2,1,2,1,2,3,4,4,4,2,3,2,1,3,1,4,4,4,4,1,1,1,1,1,4,4,4,2,4,2,1,3,3,2,4,2,1,1,3,4,2,2,1,1,4,2,1,1,2,2,4,2,2,3,4,2,1,1,1,3,1,2,2,2,2,4,1,2,4,2,4,2,3,3,2,1,1,4,4,4,3,1,3,4,4,2,2,2,3,1,4,1,3,1,1,2,2,2,1,4,1,2,2,4,4,2,2,3,3,4,4,3,1,1,3,1,2,1,4,3,1,1,2,2,3,4,4,2,1,2,1,2,2,3,2,1,1,3,1,3,1,3,1,1,4,3,2,1,1,3,2,2,4,4,2,3,3,1,4,4,4,2,3,2,3,4,3,3,4,3,2,1,1,1,2,3,2,3,4,3,1,4,3,4,3,2,3,1,2,2,1,1,1,4,3,2,2,4,3,1,4,3,3,2,2,3,4,2,3,3,2,2,2,2,4,1,2,4,3,1,2,3,4,4,1,1,3,1,3,2,3,2,1,1,1,3,4,4,2,1,1,2,3,2,2,2,2,3,3,3,1,1,2,2,2,4,2,4,1,3,1,2,3,4,3,3,2,4,3,4,3,1,3,2,2,2,4,1,4,3,4,4,2,3,4,4,2,2,2,3,3,2,1,4,2,2,3,1,1,4,2,2,4,1,1,2,2,3,2,1,2,2,4,1,1,1,1,3,4,1,4,3,3,1,2,1,4,1,1,2,3,4,3,2,1,3,1,1,3,4,2,4,3,2,1,1,1,1,1,1,2,3,4,2,4,3,4,3,1,2,2,3,1,3,1,3,3,1,2,1,3,3,2,1,2,4,4,4,4,1,4,2,4,4,3,2,2,2,4,2,2,3,2,4,2,3,2,4,2,2,2,4,3,1,4,4,1,2,1,1,1,2,3,1,1,3,3,3,4,3,4,3,3,3,4,1,3,3,4,1,4,1,3,4,1,4,2,2,3,4,4,3,2,3,2,2,3,4,3,1,2,4,3,3,4,2,1,1,3,1,4,3,1,3,2,1,4,1,1,3,3,2,3,3,1,3,2,4,2,2,1,1,2,1,1,4,4,1,2,1,2,2,2,3,4,1,2,4,1,1,3,4,2,2,4,3,4,2,3,1,4,3,3,2,1,1,4,3,2,2,3,1,4,1,3,1,1,4,1,4,4,3,4,3,2,3,2,1,2,2,2,1,1,1,2,3,4,1,1,3,3,3,1,4,2,3,4,1,2,3,2,1,3,4,4,2,4,4,1,1,4,2,4,1,2,2,3,3,4,3,1,2,1,3,1,2,3,1,1,3,2,4,1,2,3,1,2,2,2,2,1,2,1,3,4,1,3,2,3,2,1,2,1,1,1,4,3,4,2,2,1,1,1,2,2,2,4,4,2,1,4,4,1,3,3,2,4,3,3,3,1,1,1,2,2,3,3,4,1,1,1,2,3,2,2,4,1,2,3,3,1,2,2,3,1,3,1,1,3,2,2,1,3,2,4,2,1,2,3,4,4,2,1,2,2,4,3,4,1,4,3,1,1,2,3,4,1,3,3,1,3,2,1,3,2,3,3,2,2,2,3,3,1,3,1,4,1,1,4,1,1,4,4,2,1,2,4,1,2,4,2,1,4,1,4,1,2,1,2,1,3,2,1,1,1,3,4,1,3,1,2,2,1,2,4,1,4,1,2,3,1,2,2,3,1,3,3,1,3,4"
49,0.9886279079380575,0.5196078431372549,2329.0,"2,2,3,4,1,1,4,1,1,2,4,1,1,4,2,2,3,4,1,1,4,4,4,2,1,1,4,3,1,2,2,2,3,3,3,3,1,2,1,3,2,3,4,4,4,3,1,4,4,3,4,1,3,2,1,1,2,1,1,4,3,1,1,3,4,1,4,2,3,1,1,2,4,4,3,1,3,2,4,2,3,1,1,3,1,3,3,3,4,1,2,1,3,4,4,2,4,4,2,2,4,3,3,3,3,4,3,1,2,1,1,2,2,2,4,1,4,2,3,2,1,3,4,4,4,4,1,2,1,3,1,2,2,2,3,2,1,4,2,1,4,2,1,1,3,3,2,1,2,2,4,1,1,2,2,2,4,1,2,1,3,2,3,2,2,3,1,2,1,1,3,4,2,3,3,1,2,2,2,2,3,3,3,4,2,4,4,3,2,2,2,4,1,2,1,1,2,2,3,2,1,4,3,4,3,4,2,1,3,3,1,2,1,1,3,3,2,2,2,2,1,2,4,4,3,3,1,3,1,4,3,1,3,3,3,1,2,4,1,3,1,1,4,2,1,2,4,2,3,3,1,3,2,1,1,2,1,4,2,2,1,2,1,3,2,3,2,1,4,3,4,4,2,2,2,3,2,4,2,2,1,4,2,3,2,1,1,3,3,1,2,1,4,4,3,1,3,4,1,4,1,2,4,1,2,1,4,1,4,4,4,2,2,4,4,2,2,3,2,3,4,3,4,1,2,4,1,2,4,1,1,2,3,3,3,4,2,3,1,1,1,4,3,3,2,2,1,2,4,1,3,4,3,4,1,2,2,2,2,1,2,3,2,4,3,3,1,2,2,1,4,1,4,2,1,2,4,1,1,4,4,3,2,2,1,1,3,4,3,3,4,2,4,1,1,3,2,2,3,3,2,4,1,3,2,3,1,2,3,3,1,4,3,3,1,1,4,2,1,4,1,4,1,3,2,3,2,4,3,3,4,1,3,2,3,3,2,1,3,3,2,1,4,3,4,3,1,3,1,3,4,3,4,2,2,3,4,2,3,3,2,4,1,3,1,2,3,2,1,3,2,4,4,3,2,4,3,2,2,3,4,2,4,4,3,4,3,2,4,2,1,2,1,3,3,1,1,3,3,2,3,3,4,1,2,1,3,3,2,1,3,1,2,1,1,2,4,2,3,1,1,1,4,4,1,4,2,2,1,4,2,4,2,2,2,1,4,2,3,3,2,4,1,1,1,2,1,1,2,2,2,2,1,3,4,1,3,4,3,2,1,4,3,1,1,2,2,3,3,2,2,1,4,1,1,1,2,4,2,1,2,4,2,3,3,2,1,1,4,1,3,4,1,4,3,2,2,1,4,2,3,2,3,1,1,2,2,3,3,3,2,2,3,1,2,3,2,4,1,1,3,3,2,1,3,3,1,3,1,3,2,3,1,1,3,2,1,1,1,2,4,3,2,4,3,2,4,3,3,2,4,2,4,1,1,3,3,3,3,4,4,3,4,1,1,4,2,1,2,1,4,4,3,3,1,2,2,2,1,2,4,2,1,3,3,4,1,4,1,1,3,2,1,4,3,1,4,1,1,1,4,4,3,4,3,3,3,2,2,3,4,3,1,3,4,3,1,2,4,4,4,3,3,2,1,4,2,1,2,3,1,2,1,1,2,4,2,4,2,1,2,1,3,1,3,4,2,3,2,3,3,3,4,1,4,3,2,1,3,1,3,1,1,4,2,4,1,1,2,3,1,4,4,2,1,3,4,3,2,3,2,4,2,1,3,4,1,3,2,2,3,2,3,1,3,4,4,2,3,1,2,2,1,4,1,1,1,1,3,1,4,1,4,3,2,4,3,1,3,1,4,1,3,4,1,1,1,2,2,3,3,1,4,2,1,4,3,2,1,2,2,1,4,3,2,1,2,2,3,4,2,3,1,1,1,3,2,1,3,4,3,3,4,3,1,2,3,3,1,1,4,3,3,3,2,3,1,3,1,1,1,2,3,1,3,2,3,4,1,2,1,1,4,3,4,1,4,2,1,1,3,2,2,3,3,3,4,3,4,4,2,1,2,1,2,3,4,4,4,2,3,2,1,3,1,4,4,4,4,1,1,1,1,1,4,4,4,2,4,2,1,3,3,2,4,2,1,1,3,4,2,2,1,1,4,2,1,1,2,2,4,2,2,3,4,2,1,1,1,3,1,2,2,2,2,4,1,2,4,2,4,2,3,3,2,1,1,4,4,4,3,1,3,4,4,2,2,2,3,1,4,1,3,1,1,2,2,2,1,4,1,2,2,4,4,2,2,3,3,4,4,3,1,1,3,1,2,1,4,3,1,1,2,2,3,4,4,2,1,2,1,2,2,3,2,1,1,3,1,3,1,3,1,1,4,3,2,1,1,3,2,2,4,4,2,3,3,1,4,4,4,2,3,2,3,4,3,3,4,3,2,1,1,1,2,3,2,3,4,3,1,4,3,4,3,2,3,1,2,2,1,1,1,4,3,2,2,4,3,1,4,3,3,2,2,3,4,2,3,3,2,2,2,2,4,1,2,4,3,1,2,3,4,4,1,1,3,1,3,2,3,2,1,1,1,3,4,4,2,1,1,2,3,2,2,2,2,3,3,3,1,1,2,2,2,4,2,4,1,3,1,2,3,4,3,3,2,4,3,4,3,1,3,2,2,2,4,1,4,3,4,4,2,3,4,4,2,2,2,3,3,2,1,4,2,2,3,1,1,4,2,2,4,1,1,2,2,3,2,1,2,2,4,1,1,1,1,3,4,1,4,3,3,1,2,1,4,1,1,2,3,4,3,2,1,3,1,1,3,4,2,4,3,2,1,1,1,1,1,1,2,3,4,2,4,3,4,3,1,2,2,3,1,3,1,3,3,1,2,1,3,3,2,1,2,4,4,4,4,1,4,2,4,4,3,2,2,2,4,2,2,3,2,4,2,3,2,4,2,2,2,4,3,1,4,4,1,2,1,1,1,2,3,1,1,3,3,3,4,3,4,3,3,3,4,1,3,3,4,1,4,1,3,4,1,4,2,2,3,4,4,3,2,3,2,2,3,4,3,1,2,4,3,3,4,2,1,1,3,1,4,3,1,3,2,1,4,1,1,3,3,2,3,3,1,3,2,4,2,2,1,1,2,1,1,4,4,1,2,1,2,2,2,3,4,1,2,4,1,1,3,4,2,2,4,3,4,2,3,1,4,3,3,2,1,1,4,3,2,2,3,1,4,1,3,1,1,4,1,4,4,3,4,3,2,3,2,1,2,2,2,1,1,1,2,3,4,1,1,3,3,3,1,4,2,3,4,1,2,3,2,1,3,4,4,2,4,4,1,1,4,2,4,1,2,2,3,3,4,3,1,2,1,3,1,2,3,1,1,3,2,4,1,2,3,1,2,2,2,2,1,2,1,3,4,1,3,2,3,2,1,2,1,1,1,4,3,4,2,2,1,1,1,2,2,2,4,4,2,1,4,4,1,3,3,2,4,3,3,3,1,1,1,2,2,3,3,4,1,1,1,2,3,2,2,4,1,2,3,3,1,2,2,3,1,3,1,1,3,2,2,1,3,2,4,2,1,2,3,4,4,2,1,2,2,4,3,4,1,4,3,1,1,2,3,4,1,3,3,1,3,2,1,3,2,3,3,2,2,2,3,3,1,3,1,4,1,1,4,1,1,4,4,2,1,2,4,1,2,4,2,1,4,1,4,1,2,1,2,1,3,2,1,1,1,3,4,1,3,1,2,2,1,2,4,1,4,1,2,3,1,2,2,3,1,3,3,1,3,4"
50,0.9886279079380575,0.5196078431372549,2329.0,"2,2,3,4,1,1,4,1,1,2,4,1,1,4,2,2,3,4,1,1,4,4,4,2,1,1,4,3,1,2,2,2,3,3,3,3,1,2,1,3,2,3,4,4,4,3,1,4,4,3,4,1,3,2,1,1,2,1,1,4,3,1,1,3,4,1,4,2,3,1,1,2,4,4,3,1,3,2,4,2,3,1,1,3,1,3,3,3,4,1,2,1,3,4,4,2,4,4,2,2,4,3,3,3,3,4,3,1,2,1,1,2,2,2,4,1,4,2,3,2,1,3,4,4,4,4,1,2,1,3,1,2,2,2,3,2,1,4,2,1,4,2,1,1,3,3,2,1,2,2,4,1,1,2,2,2,4,1,2,1,3,2,3,2,2,3,1,2,1,1,3,4,2,3,3,1,2,2,2,2,3,3,3,4,2,4,4,3,2,2,2,4,1,2,1,1,2,2,3,2,1,4,3,4,3,4,2,1,3,3,1,2,1,1,3,3,2,2,2,2,1,2,4,4,3,3,1,3,1,4,3,1,3,3,3,1,2,4,1,3,1,1,4,2,1,2,4,2,3,3,1,3,2,1,1,2,1,4,2,2,1,2,1,3,2,3,2,1,4,3,4,4,2,2,2,3,2,4,2,2,1,4,2,3,2,1,1,3,3,1,2,1,4,4,3,1,3,4,1,4,1,2,4,1,2,1,4,1,4,4,4,2,2,4,4,2,2,3,2,3,4,3,4,1,2,4,1,2,4,1,1,2,3,3,3,4,2,3,1,1,1,4,3,3,2,2,1,2,4,1,3,4,3,4,1,2,2,2,2,1,2,3,2,4,3,3,1,2,2,1,4,1,4,2,1,2,4,1,1,4,4,3,2,2,1,1,3,4,3,3,4,2,4,1,1,3,2,2,3,3,2,4,1,3,2,3,1,2,3,3,1,4,3,3,1,1,4,2,1,4,1,4,1,3,2,3,2,4,3,3,4,1,3,2,3,3,2,1,3,3,2,1,4,3,4,3,1,3,1,3,4,3,4,2,2,3,4,2,3,3,2,4,1,3,1,2,3,2,1,3,2,4,4,3,2,4,3,2,2,3,4,2,4,4,3,4,3,2,4,2,1,2,1,3,3,1,1,3,3,2,3,3,4,1,2,1,3,3,2,1,3,1,2,1,1,2,4,2,3,1,1,1,4,4,1,4,2,2,1,4,2,4,2,2,2,1,4,2,3,3,2,4,1,1,1,2,1,1,2,2,2,2,1,3,4,1,3,4,3,2,1,4,3,1,1,2,2,3,3,2,2,1,4,1,1,1,2,4,2,1,2,4,2,3,3,2,1,1,4,1,3,4,1,4,3,2,2,1,4,2,3,2,3,1,1,2,2,3,3,3,2,2,3,1,2,3,2,4,1,1,3,3,2,1,3,3,1,3,1,3,2,3,1,1,3,2,1,1,1,2,4,3,2,4,3,2,4,3,3,2,4,2,4,1,1,3,3,3,3,4,4,3,4,1,1,4,2,1,2,1,4,4,3,3,1,2,2,2,1,2,4,2,1,3,3,4,1,4,1,1,3,2,1,4,3,1,4,1,1,1,4,4,3,4,3,3,3,2,2,3,4,3,1,3,4,3,1,2,4,4,4,3,3,2,1,4,2,1,2,3,1,2,1,1,2,4,2,4,2,1,2,1,3,1,3,4,2,3,2,3,3,3,4,1,4,3,2,1,3,1,3,1,1,4,2,4,1,1,2,3,1,4,4,2,1,3,4,3,2,3,2,4,2,1,3,4,1,3,2,2,3,2,3,1,3,4,4,2,3,1,2,2,1,4,1,1,1,1,3,1,4,1,4,3,2,4,3,1,3,1,4,1,3,4,1,1,1,2,2,3,3,1,4,2,1,4,3,2,1,2,2,1,4,3,2,1,2,2,3,4,2,3,1,1,1,3,2,1,3,4,3,3,4,3,1,2,3,3,1,1,4,3,3,3,2,3,1,3,1,1,1,2,3,1,3,2,3,4,1,2,1,1,4,3,4,1,4,2,1,1,3,2,2,3,3,3,4,3,4,4,2,1,2,1,2,3,4,4,4,2,3,2,1,3,1,4,4,4,4,1,1,1,1,1,4,4,4,2,4,2,1,3,3,2,4,2,1,1,3,4,2,2,1,1,4,2,1,1,2,2,4,2,2,3,4,2,1,1,1,3,1,2,2,2,2,4,1,2,4,2,4,2,3,3,2,1,1,4,4,4,3,1,3,4,4,2,2,2,3,1,4,1,3,1,1,2,2,2,1,4,1,2,2,4,4,2,2,3,3,4,4,3,1,1,3,1,2,1,4,3,1,1,2,2,3,4,4,2,1,2,1,2,2,3,2,1,1,3,1,3,1,3,1,1,4,3,2,1,1,3,2,2,4,4,2,3,3,1,4,4,4,2,3,2,3,4,3,3,4,3,2,1,1,1,2,3,2,3,4,3,1,4,3,4,3,2,3,1,2,2,1,1,1,4,3,2,2,4,3,1,4,3,3,2,2,3,4,2,3,3,2,2,2,2,4,1,2,4,3,1,2,3,4,4,1,1,3,1,3,2,3,2,1,1,1,3,4,4,2,1,1,2,3,2,2,2,2,3,3,3,1,1,2,2,2,4,2,4,1,3,1,2,3,4,3,3,2,4,3,4,3,1,3,2,2,2,4,1,4,3,4,4,2,3,4,4,2,2,2,3,3,2,1,4,2,2,3,1,1,4,2,2,4,1,1,2,2,3,2,1,2,2,4,1,1,1,1,3,4,1,4,3,3,1,2,1,4,1,1,2,3,4,3,2,1,3,1,1,3,4,2,4,3,2,1,1,1,1,1,1,2,3,4,2,4,3,4,3,1,2,2,3,1,3,1,3,3,1,2,1,3,3,2,1,2,4,4,4,4,1,4,2,4,4,3,2,2,2,4,2,2,3,2,4,2,3,2,4,2,2,2,4,3,1,4,4,1,2,1,1,1,2,3,1,1,3,3,3,4,3,4,3,3,3,4,1,3,3,4,1,4,1,3,4,1,4,2,2,3,4,4,3,2,3,2,2,3,4,3,1,2,4,3,3,4,2,1,1,3,1,4,3,1,3,2,1,4,1,1,3,3,2,3,3,1,3,2,4,2,2,1,1,2,1,1,4,4,1,2,1,2,2,2,3,4,1,2,4,1,1,3,4,2,2,4,3,4,2,3,1,4,3,3,2,1,1,4,3,2,2,3,1,4,1,3,1,1,4,1,4,4,3,4,3,2,3,2,1,2,2,2,1,1,1,2,3,4,1,1,3,3,3,1,4,2,3,4,1,2,3,2,1,3,4,4,2,4,4,1,1,4,2,4,1,2,2,3,3,4,3,1,2,1,3,1,2,3,1,1,3,2,4,1,2,3,1,2,2,2,2,1,2,1,3,4,1,3,2,3,2,1,2,1,1,1,4,3,4,2,2,1,1,1,2,2,2,4,4,2,1,4,4,1,3,3,2,4,3,3,3,1,1,1,2,2,3,3,4,1,1,1,2,3,2,2,4,1,2,3,3,1,2,2,3,1,3,1,1,3,2,2,1,3,2,4,2,1,2,3,4,4,2,1,2,2,4,3,4,1,4,3,1,1,2,3,4,1,3,3,1,3,2,1,3,2,3,3,2,2,2,3,3,1,3,1,4,1,1,4,1,1,4,4,2,1,2,4,1,2,4,2,1,4,1,4,1,2,1,2,1,3,2,1,1,1,3,4,1,3,1,2,2,1,2,4,1,4,1,2,3,1,2,2,3,1,3,3,1,3,4"
51,0.9886279079380575,0.5196078431372549,2329.0,"2,2,3,4,1,1,4,1,1,2,4,1,1,4,2,2,3,4,1,1,4,4,4,2,1,1,4,3,1,2,2,2,3,3,3,3,1,2,1,3,2,3,4,4,4,3,1,4,4,3,4,1,3,2,1,1,2,1,1,4,3,1,1,3,4,1,4,2,3,1,1,2,4,4,3,1,3,2,4,2,3,1,1,3,1,3,3,3,4,1,2,1,3,4,4,2,4,4,2,2,4,3,3,3,3,4,3,1,2,1,1,2,2,2,4,1,4,2,3,2,1,3,4,4,4,4,1,2,1,3,1,2,2,2,3,2,1,4,2,1,4,2,1,1,3,3,2,1,2,2,4,1,1,2,2,2,4,1,2,1,3,2,3,2,2,3,1,2,1,1,3,4,2,3,3,1,2,2,2,2,3,3,3,4,2,4,4,3,2,2,2,4,1,2,1,1,2,2,3,2,1,4,3,4,3,4,2,1,3,3,1,2,1,1,3,3,2,2,2,2,1,2,4,4,3,3,1,3,1,4,3,1,3,3,3,1,2,4,1,3,1,1,4,2,1,2,4,2,3,3,1,3,2,1,1,2,1,4,2,2,1,2,1,3,2,3,2,1,4,3,4,4,2,2,2,3,2,4,2,2,1,4,2,3,2,1,1,3,3,1,2,1,4,4,3,1,3,4,1,4,1,2,4,1,2,1,4,1,4,4,4,2,2,4,4,2,2,3,2,3,4,3,4,1,2,4,1,2,4,1,1,2,3,3,3,4,2,3,1,1,1,4,3,3,2,2,1,2,4,1,3,4,3,4,1,2,2,2,2,1,2,3,2,4,3,3,1,2,2,1,4,1,4,2,1,2,4,1,1,4,4,3,2,2,1,1,3,4,3,3,4,2,4,1,1,3,2,2,3,3,2,4,1,3,2,3,1,2,3,3,1,4,3,3,1,1,4,2,1,4,1,4,1,3,2,3,2,4,3,3,4,1,3,2,3,3,2,1,3,3,2,1,4,3,4,3,1,3,1,3,4,3,4,2,2,3,4,2,3,3,2,4,1,3,1,2,3,2,1,3,2,4,4,3,2,4,3,2,2,3,4,2,4,4,3,4,3,2,4,2,1,2,1,3,3,1,1,3,3,2,3,3,4,1,2,1,3,3,2,1,3,1,2,1,1,2,4,2,3,1,1,1,4,4,1,4,2,2,1,4,2,4,2,2,2,1,4,2,3,3,2,4,1,1,1,2,1,1,2,2,2,2,1,3,4,1,3,4,3,2,1,4,3,1,1,2,2,3,3,2,2,1,4,1,1,1,2,4,2,1,2,4,2,3,3,2,1,1,4,1,3,4,1,4,3,2,2,1,4,2,3,2,3,1,1,2,2,3,3,3,2,2,3,1,2,3,2,4,1,1,3,3,2,1,3,3,1,3,1,3,2,3,1,1,3,2,1,1,1,2,4,3,2,4,3,2,4,3,3,2,4,2,4,1,1,3,3,3,3,4,4,3,4,1,1,4,2,1,2,1,4,4,3,3,1,2,2,2,1,2,4,2,1,3,3,4,1,4,1,1,3,2,1,4,3,1,4,1,1,1,4,4,3,4,3,3,3,2,2,3,4,3,1,3,4,3,1,2,4,4,4,3,3,2,1,4,2,1,2,3,1,2,1,1,2,4,2,4,2,1,2,1,3,1,3,4,2,3,2,3,3,3,4,1,4,3,2,1,3,1,3,1,1,4,2,4,1,1,2,3,1,4,4,2,1,3,4,3,2,3,2,4,2,1,3,4,1,3,2,2,3,2,3,1,3,4,4,2,3,1,2,2,1,4,1,1,1,1,3,1,4,1,4,3,2,4,3,1,3,1,4,1,3,4,1,1,1,2,2,3,3,1,4,2,1,4,3,2,1,2,2,1,4,3,2,1,2,2,3,4,2,3,1,1,1,3,2,1,3,4,3,3,4,3,1,2,3,3,1,1,4,3,3,3,2,3,1,3,1,1,1,2,3,1,3,2,3,4,1,2,1,1,4,3,4,1,4,2,1,1,3,2,2,3,3,3,4,3,4,4,2,1,2,1,2,3,4,4,4,2,3,2,1,3,1,4,4,4,4,1,1,1,1,1,4,4,4,2,4,2,1,3,3,2,4,2,1,1,3,4,2,2,1,1,4,2,1,1,2,2,4,2,2,3,4,2,1,1,1,3,1,2,2,2,2,4,1,2,4,2,4,2,3,3,2,1,1,4,4,4,3,1,3,4,4,2,2,2,3,1,4,1,3,1,1,2,2,2,1,4,1,2,2,4,4,2,2,3,3,4,4,3,1,1,3,1,2,1,4,3,1,1,2,2,3,4,4,2,1,2,1,2,2,3,2,1,1,3,1,3,1,3,1,1,4,3,2,1,1,3,2,2,4,4,2,3,3,1,4,4,4,2,3,2,3,4,3,3,4,3,2,1,1,1,2,3,2,3,4,3,1,4,3,4,3,2,3,1,2,2,1,1,1,4,3,2,2,4,3,1,4,3,3,2,2,3,4,2,3,3,2,2,2,2,4,1,2,4,3,1,2,3,4,4,1,1,3,1,3,2,3,2,1,1,1,3,4,4,2,1,1,2,3,2,2,2,2,3,3,3,1,1,2,2,2,4,2,4,1,3,1,2,3,4,3,3,2,4,3,4,3,1,3,2,2,2,4,1,4,3,4,4,2,3,4,4,2,2,2,3,3,2,1,4,2,2,3,1,1,4,2,2,4,1,1,2,2,3,2,1,2,2,4,1,1,1,1,3,4,1,4,3,3,1,2,1,4,1,1,2,3,4,3,2,1,3,1,1,3,4,2,4,3,2,1,1,1,1,1,1,2,3,4,2,4,3,4,3,1,2,2,3,1,3,1,3,3,1,2,1,3,3,2,1,2,4,4,4,4,1,4,2,4,4,3,2,2,2,4,2,2,3,2,4,2,3,2,4,2,2,2,4,3,1,4,4,1,2,1,1,1,2,3,1,1,3,3,3,4,3,4,3,3,3,4,1,3,3,4,1,4,1,3,4,1,4,2,2,3,4,4,3,2,3,2,2,3,4,3,1,2,4,3,3,4,2,1,1,3,1,4,3,1,3,2,1,4,1,1,3,3,2,3,3,1,3,2,4,2,2,1,1,2,1,1,4,4,1,2,1,2,2,2,3,4,1,2,4,1,1,3,4,2,2,4,3,4,2,3,1,4,3,3,2,1,1,4,3,2,2,3,1,4,1,3,1,1,4,1,4,4,3,4,3,2,3,2,1,2,2,2,1,1,1,2,3,4,1,1,3,3,3,1,4,2,3,4,1,2,3,2,1,3,4,4,2,4,4,1,1,4,2,4,1,2,2,3,3,4,3,1,2,1,3,1,2,3,1,1,3,2,4,1,2,3,1,2,2,2,2,1,2,1,3,4,1,3,2,3,2,1,2,1,1,1,4,3,4,2,2,1,1,1,2,2,2,4,4,2,1,4,4,1,3,3,2,4,3,3,3,1,1,1,2,2,3,3,4,1,1,1,2,3,2,2,4,1,2,3,3,1,2,2,3,1,3,1,1,3,2,2,1,3,2,4,2,1,2,3,4,4,2,1,2,2,4,3,4,1,4,3,1,1,2,3,4,1,3,3,1,3,2,1,3,2,3,3,2,2,2,3,3,1,3,1,4,1,1,4,1,1,4,4,2,1,2,4,1,2,4,2,1,4,1,4,1,2,1,2,1,3,2,1,1,1,3,4,1,3,1,2,2,1,2,4,1,4,1,2,3,1,2,2,3,1,3,3,1,3,4"
52,0.9886279079380575,0.5196078431372549,2329.0,"2,2,3,4,1,1,4,1,1,2,4,1,1,4,2,2,3,4,1,1,4,4,4,2,1,1,4,3,1,2,2,2,3,3,3,3,1,2,1,3,2,3,4,4,4,3,1,4,4,3,4,1,3,2,1,1,2,1,1,4,3,1,1,3,4,1,4,2,3,1,1,2,4,4,3,1,3,2,4,2,3,1,1,3,1,3,3,3,4,1,2,1,3,4,4,2,4,4,2,2,4,3,3,3,3,4,3,1,2,1,1,2,2,2,4,1,4,2,3,2,1,3,4,4,4,4,1,2,1,3,1,2,2,2,3,2,1,4,2,1,4,2,1,1,3,3,2,1,2,2,4,1,1,2,2,2,4,1,2,1,3,2,3,2,2,3,1,2,1,1,3,4,2,3,3,1,2,2,2,2,3,3,3,4,2,4,4,3,2,2,2,4,1,2,1,1,2,2,3,2,1,4,3,4,3,4,2,1,3,3,1,2,1,1,3,3,2,2,2,2,1,2,4,4,3,3,1,3,1,4,3,1,3,3,3,1,2,4,1,3,1,1,4,2,1,2,4,2,3,3,1,3,2,1,1,2,1,4,2,2,1,2,1,3,2,3,2,1,4,3,4,4,2,2,2,3,2,4,2,2,1,4,2,3,2,1,1,3,3,1,2,1,4,4,3,1,3,4,1,4,1,2,4,1,2,1,4,1,4,4,4,2,2,4,4,2,2,3,2,3,4,3,4,1,2,4,1,2,4,1,1,2,3,3,3,4,2,3,1,1,1,4,3,3,2,2,1,2,4,1,3,4,3,4,1,2,2,2,2,1,2,3,2,4,3,3,1,2,2,1,4,1,4,2,1,2,4,1,1,4,4,3,2,2,1,1,3,4,3,3,4,2,4,1,1,3,2,2,3,3,2,4,1,3,2,3,1,2,3,3,1,4,3,3,1,1,4,2,1,4,1,4,1,3,2,3,2,4,3,3,4,1,3,2,3,3,2,1,3,3,2,1,4,3,4,3,1,3,1,3,4,3,4,2,2,3,4,2,3,3,2,4,1,3,1,2,3,2,1,3,2,4,4,3,2,4,3,2,2,3,4,2,4,4,3,4,3,2,4,2,1,2,1,3,3,1,1,3,3,2,3,3,4,1,2,1,3,3,2,1,3,1,2,1,1,2,4,2,3,1,1,1,4,4,1,4,2,2,1,4,2,4,2,2,2,1,4,2,3,3,2,4,1,1,1,2,1,1,2,2,2,2,1,3,4,1,3,4,3,2,1,4,3,1,1,2,2,3,3,2,2,1,4,1,1,1,2,4,2,1,2,4,2,3,3,2,1,1,4,1,3,4,1,4,3,2,2,1,4,2,3,2,3,1,1,2,2,3,3,3,2,2,3,1,2,3,2,4,1,1,3,3,2,1,3,3,1,3,1,3,2,3,1,1,3,2,1,1,1,2,4,3,2,4,3,2,4,3,3,2,4,2,4,1,1,3,3,3,3,4,4,3,4,1,1,4,2,1,2,1,4,4,3,3,1,2,2,2,1,2,4,2,1,3,3,4,1,4,1,1,3,2,1,4,3,1,4,1,1,1,4,4,3,4,3,3,3,2,2,3,4,3,1,3,4,3,1,2,4,4,4,3,3,2,1,4,2,1,2,3,1,2,1,1,2,4,2,4,2,1,2,1,3,1,3,4,2,3,2,3,3,3,4,1,4,3,2,1,3,1,3,1,1,4,2,4,1,1,2,3,1,4,4,2,1,3,4,3,2,3,2,4,2,1,3,4,1,3,2,2,3,2,3,1,3,4,4,2,3,1,2,2,1,4,1,1,1,1,3,1,4,1,4,3,2,4,3,1,3,1,4,1,3,4,1,1,1,2,2,3,3,1,4,2,1,4,3,2,1,2,2,1,4,3,2,1,2,2,3,4,2,3,1,1,1,3,2,1,3,4,3,3,4,3,1,2,3,3,1,1,4,3,3,3,2,3,1,3,1,1,1,2,3,1,3,2,3,4,1,2,1,1,4,3,4,1,4,2,1,1,3,2,2,3,3,3,4,3,4,4,2,1,2,1,2,3,4,4,4,2,3,2,1,3,1,4,4,4,4,1,1,1,1,1,4,4,4,2,4,2,1,3,3,2,4,2,1,1,3,4,2,2,1,1,4,2,1,1,2,2,4,2,2,3,4,2,1,1,1,3,1,2,2,2,2,4,1,2,4,2,4,2,3,3,2,1,1,4,4,4,3,1,3,4,4,2,2,2,3,1,4,1,3,1,1,2,2,2,1,4,1,2,2,4,4,2,2,3,3,4,4,3,1,1,3,1,2,1,4,3,1,1,2,2,3,4,4,2,1,2,1,2,2,3,2,1,1,3,1,3,1,3,1,1,4,3,2,1,1,3,2,2,4,4,2,3,3,1,4,4,4,2,3,2,3,4,3,3,4,3,2,1,1,1,2,3,2,3,4,3,1,4,3,4,3,2,3,1,2,2,1,1,1,4,3,2,2,4,3,1,4,3,3,2,2,3,4,2,3,3,2,2,2,2,4,1,2,4,3,1,2,3,4,4,1,1,3,1,3,2,3,2,1,1,1,3,4,4,2,1,1,2,3,2,2,2,2,3,3,3,1,1,2,2,2,4,2,4,1,3,1,2,3,4,3,3,2,4,3,4,3,1,3,2,2,2,4,1,4,3,4,4,2,3,4,4,2,2,2,3,3,2,1,4,2,2,3,1,1,4,2,2,4,1,1,2,2,3,2,1,2,2,4,1,1,1,1,3,4,1,4,3,3,1,2,1,4,1,1,2,3,4,3,2,1,3,1,1,3,4,2,4,3,2,1,1,1,1,1,1,2,3,4,2,4,3,4,3,1,2,2,3,1,3,1,3,3,1,2,1,3,3,2,1,2,4,4,4,4,1,4,2,4,4,3,2,2,2,4,2,2,3,2,4,2,3,2,4,2,2,2,4,3,1,4,4,1,2,1,1,1,2,3,1,1,3,3,3,4,3,4,3,3,3,4,1,3,3,4,1,4,1,3,4,1,4,2,2,3,4,4,3,2,3,2,2,3,4,3,1,2,4,3,3,4,2,1,1,3,1,4,3,1,3,2,1,4,1,1,3,3,2,3,3,1,3,2,4,2,2,1,1,2,1,1,4,4,1,2,1,2,2,2,3,4,1,2,4,1,1,3,4,2,2,4,3,4,2,3,1,4,3,3,2,1,1,4,3,2,2,3,1,4,1,3,1,1,4,1,4,4,3,4,3,2,3,2,1,2,2,2,1,1,1,2,3,4,1,1,3,3,3,1,4,2,3,4,1,2,3,2,1,3,4,4,2,4,4,1,1,4,2,4,1,2,2,3,3,4,3,1,2,1,3,1,2,3,1,1,3,2,4,1,2,3,1,2,2,2,2,1,2,1,3,4,1,3,2,3,2,1,2,1,1,1,4,3,4,2,2,1,1,1,2,2,2,4,4,2,1,4,4,1,3,3,2,4,3,3,3,1,1,1,2,2,3,3,4,1,1,1,2,3,2,2,4,1,2,3,3,1,2,2,3,1,3,1,1,3,2,2,1,3,2,4,2,1,2,3,4,4,2,1,2,2,4,3,4,1,4,3,1,1,2,3,4,1,3,3,1,3,2,1,3,2,3,3,2,2,2,3,3,1,3,1,4,1,1,4,1,1,4,4,2,1,2,4,1,2,4,2,1,4,1,4,1,2,1,2,1,3,2,1,1,1,3,4,1,3,1,2,2,1,2,4,1,4,1,2,3,1,2,2,3,1,3,3,1,3,4"
53,0.9886279079380575,0.5196078431372549,2329.0,"2,2,3,4,1,1,4,1,1,2,4,1,1,4,2,2,3,4,1,1,4,4,4,2,1,1,4,3,1,2,2,2,3,3,3,3,1,2,1,3,2,3,4,4,4,3,1,4,4,3,4,1,3,2,1,1,2,1,1,4,3,1,1,3,4,1,4,2,3,1,1,2,4,4,3,1,3,2,4,2,3,1,1,3,1,3,3,3,4,1,2,1,3,4,4,2,4,4,2,2,4,3,3,3,3,4,3,1,2,1,1,2,2,2,4,1,4,2,3,2,1,3,4,4,4,4,1,2,1,3,1,2,2,2,3,2,1,4,2,1,4,2,1,1,3,3,2,1,2,2,4,1,1,2,2,2,4,1,2,1,3,2,3,2,2,3,1,2,1,1,3,4,2,3,3,1,2,2,2,2,3,3,3,4,2,4,4,3,2,2,2,4,1,2,1,1,2,2,3,2,1,4,3,4,3,4,2,1,3,3,1,2,1,1,3,3,2,2,2,2,1,2,4,4,3,3,1,3,1,4,3,1,3,3,3,1,2,4,1,3,1,1,4,2,1,2,4,2,3,3,1,3,2,1,1,2,1,4,2,2,1,2,1,3,2,3,2,1,4,3,4,4,2,2,2,3,2,4,2,2,1,4,2,3,2,1,1,3,3,1,2,1,4,4,3,1,3,4,1,4,1,2,4,1,2,1,4,1,4,4,4,2,2,4,4,2,2,3,2,3,4,3,4,1,2,4,1,2,4,1,1,2,3,3,3,4,2,3,1,1,1,4,3,3,2,2,1,2,4,1,3,4,3,4,1,2,2,2,2,1,2,3,2,4,3,3,1,2,2,1,4,1,4,2,1,2,4,1,1,4,4,3,2,2,1,1,3,4,3,3,4,2,4,1,1,3,2,2,3,3,2,4,1,3,2,3,1,2,3,3,1,4,3,3,1,1,4,2,1,4,1,4,1,3,2,3,2,4,3,3,4,1,3,2,3,3,2,1,3,3,2,1,4,3,4,3,1,3,1,3,4,3,4,2,2,3,4,2,3,3,2,4,1,3,1,2,3,2,1,3,2,4,4,3,2,4,3,2,2,3,4,2,4,4,3,4,3,2,4,2,1,2,1,3,3,1,1,3,3,2,3,3,4,1,2,1,3,3,2,1,3,1,2,1,1,2,4,2,3,1,1,1,4,4,1,4,2,2,1,4,2,4,2,2,2,1,4,2,3,3,2,4,1,1,1,2,1,1,2,2,2,2,1,3,4,1,3,4,3,2,1,4,3,1,1,2,2,3,3,2,2,1,4,1,1,1,2,4,2,1,2,4,2,3,3,2,1,1,4,1,3,4,1,4,3,2,2,1,4,2,3,2,3,1,1,2,2,3,3,3,2,2,3,1,2,3,2,4,1,1,3,3,2,1,3,3,1,3,1,3,2,3,1,1,3,2,1,1,1,2,4,3,2,4,3,2,4,3,3,2,4,2,4,1,1,3,3,3,3,4,4,3,4,1,1,4,2,1,2,1,4,4,3,3,1,2,2,2,1,2,4,2,1,3,3,4,1,4,1,1,3,2,1,4,3,1,4,1,1,1,4,4,3,4,3,3,3,2,2,3,4,3,1,3,4,3,1,2,4,4,4,3,3,2,1,4,2,1,2,3,1,2,1,1,2,4,2,4,2,1,2,1,3,1,3,4,2,3,2,3,3,3,4,1,4,3,2,1,3,1,3,1,1,4,2,4,1,1,2,3,1,4,4,2,1,3,4,3,2,3,2,4,2,1,3,4,1,3,2,2,3,2,3,1,3,4,4,2,3,1,2,2,1,4,1,1,1,1,3,1,4,1,4,3,2,4,3,1,3,1,4,1,3,4,1,1,1,2,2,3,3,1,4,2,1,4,3,2,1,2,2,1,4,3,2,1,2,2,3,4,2,3,1,1,1,3,2,1,3,4,3,3,4,3,1,2,3,3,1,1,4,3,3,3,2,3,1,3,1,1,1,2,3,1,3,2,3,4,1,2,1,1,4,3,4,1,4,2,1,1,3,2,2,3,3,3,4,3,4,4,2,1,2,1,2,3,4,4,4,2,3,2,1,3,1,4,4,4,4,1,1,1,1,1,4,4,4,2,4,2,1,3,3,2,4,2,1,1,3,4,2,2,1,1,4,2,1,1,2,2,4,2,2,3,4,2,1,1,1,3,1,2,2,2,2,4,1,2,4,2,4,2,3,3,2,1,1,4,4,4,3,1,3,4,4,2,2,2,3,1,4,1,3,1,1,2,2,2,1,4,1,2,2,4,4,2,2,3,3,4,4,3,1,1,3,1,2,1,4,3,1,1,2,2,3,4,4,2,1,2,1,2,2,3,2,1,1,3,1,3,1,3,1,1,4,3,2,1,1,3,2,2,4,4,2,3,3,1,4,4,4,2,3,2,3,4,3,3,4,3,2,1,1,1,2,3,2,3,4,3,1,4,3,4,3,2,3,1,2,2,1,1,1,4,3,2,2,4,3,1,4,3,3,2,2,3,4,2,3,3,2,2,2,2,4,1,2,4,3,1,2,3,4,4,1,1,3,1,3,2,3,2,1,1,1,3,4,4,2,1,1,2,3,2,2,2,2,3,3,3,1,1,2,2,2,4,2,4,1,3,1,2,3,4,3,3,2,4,3,4,3,1,3,2,2,2,4,1,4,3,4,4,2,3,4,4,2,2,2,3,3,2,1,4,2,2,3,1,1,4,2,2,4,1,1,2,2,3,2,1,2,2,4,1,1,1,1,3,4,1,4,3,3,1,2,1,4,1,1,2,3,4,3,2,1,3,1,1,3,4,2,4,3,2,1,1,1,1,1,1,2,3,4,2,4,3,4,3,1,2,2,3,1,3,1,3,3,1,2,1,3,3,2,1,2,4,4,4,4,1,4,2,4,4,3,2,2,2,4,2,2,3,2,4,2,3,2,4,2,2,2,4,3,1,4,4,1,2,1,1,1,2,3,1,1,3,3,3,4,3,4,3,3,3,4,1,3,3,4,1,4,1,3,4,1,4,2,2,3,4,4,3,2,3,2,2,3,4,3,1,2,4,3,3,4,2,1,1,3,1,4,3,1,3,2,1,4,1,1,3,3,2,3,3,1,3,2,4,2,2,1,1,2,1,1,4,4,1,2,1,2,2,2,3,4,1,2,4,1,1,3,4,2,2,4,3,4,2,3,1,4,3,3,2,1,1,4,3,2,2,3,1,4,1,3,1,1,4,1,4,4,3,4,3,2,3,2,1,2,2,2,1,1,1,2,3,4,1,1,3,3,3,1,4,2,3,4,1,2,3,2,1,3,4,4,2,4,4,1,1,4,2,4,1,2,2,3,3,4,3,1,2,1,3,1,2,3,1,1,3,2,4,1,2,3,1,2,2,2,2,1,2,1,3,4,1,3,2,3,2,1,2,1,1,1,4,3,4,2,2,1,1,1,2,2,2,4,4,2,1,4,4,1,3,3,2,4,3,3,3,1,1,1,2,2,3,3,4,1,1,1,2,3,2,2,4,1,2,3,3,1,2,2,3,1,3,1,1,3,2,2,1,3,2,4,2,1,2,3,4,4,2,1,2,2,4,3,4,1,4,3,1,1,2,3,4,1,3,3,1,3,2,1,3,2,3,3,2,2,2,3,3,1,3,1,4,1,1,4,1,1,4,4,2,1,2,4,1,2,4,2,1,4,1,4,1,2,1,2,1,3,2,1,1,1,3,4,1,3,1,2,2,1,2,4,1,4,1,2,3,1,2,2,3,1,3,3,1,3,4"
54,0.9886279079380575,0.5196078431372549,2329.0,"2,2,3,4,1,1,4,1,1,2,4,1,1,4,2,2,3,4,1,1,4,4,4,2,1,1,4,3,1,2,2,2,3,3,3,3,1,2,1,3,2,3,4,4,4,3,1,4,4,3,4,1,3,2,1,1,2,1,1,4,3,1,1,3,4,1,4,2,3,1,1,2,4,4,3,1,3,2,4,2,3,1,1,3,1,3,3,3,4,1,2,1,3,4,4,2,4,4,2,2,4,3,3,3,3,4,3,1,2,1,1,2,2,2,4,1,4,2,3,2,1,3,4,4,4,4,1,2,1,3,1,2,2,2,3,2,1,4,2,1,4,2,1,1,3,3,2,1,2,2,4,1,1,2,2,2,4,1,2,1,3,2,3,2,2,3,1,2,1,1,3,4,2,3,3,1,2,2,2,2,3,3,3,4,2,4,4,3,2,2,2,4,1,2,1,1,2,2,3,2,1,4,3,4,3,4,2,1,3,3,1,2,1,1,3,3,2,2,2,2,1,2,4,4,3,3,1,3,1,4,3,1,3,3,3,1,2,4,1,3,1,1,4,2,1,2,4,2,3,3,1,3,2,1,1,2,1,4,2,2,1,2,1,3,2,3,2,1,4,3,4,4,2,2,2,3,2,4,2,2,1,4,2,3,2,1,1,3,3,1,2,1,4,4,3,1,3,4,1,4,1,2,4,1,2,1,4,1,4,4,4,2,2,4,4,2,2,3,2,3,4,3,4,1,2,4,1,2,4,1,1,2,3,3,3,4,2,3,1,1,1,4,3,3,2,2,1,2,4,1,3,4,3,4,1,2,2,2,2,1,2,3,2,4,3,3,1,2,2,1,4,1,4,2,1,2,4,1,1,4,4,3,2,2,1,1,3,4,3,3,4,2,4,1,1,3,2,2,3,3,2,4,1,3,2,3,1,2,3,3,1,4,3,3,1,1,4,2,1,4,1,4,1,3,2,3,2,4,3,3,4,1,3,2,3,3,2,1,3,3,2,1,4,3,4,3,1,3,1,3,4,3,4,2,2,3,4,2,3,3,2,4,1,3,1,2,3,2,1,3,2,4,4,3,2,4,3,2,2,3,4,2,4,4,3,4,3,2,4,2,1,2,1,3,3,1,1,3,3,2,3,3,4,1,2,1,3,3,2,1,3,1,2,1,1,2,4,2,3,1,1,1,4,4,1,4,2,2,1,4,2,4,2,2,2,1,4,2,3,3,2,4,1,1,1,2,1,1,2,2,2,2,1,3,4,1,3,4,3,2,1,4,3,1,1,2,2,3,3,2,2,1,4,1,1,1,2,4,2,1,2,4,2,3,3,2,1,1,4,1,3,4,1,4,3,2,2,1,4,2,3,2,3,1,1,2,2,3,3,3,2,2,3,1,2,3,2,4,1,1,3,3,2,1,3,3,1,3,1,3,2,3,1,1,3,2,1,1,1,2,4,3,2,4,3,2,4,3,3,2,4,2,4,1,1,3,3,3,3,4,4,3,4,1,1,4,2,1,2,1,4,4,3,3,1,2,2,2,1,2,4,2,1,3,3,4,1,4,1,1,3,2,1,4,3,1,4,1,1,1,4,4,3,4,3,3,3,2,2,3,4,3,1,3,4,3,1,2,4,4,4,3,3,2,1,4,2,1,2,3,1,2,1,1,2,4,2,4,2,1,2,1,3,1,3,4,2,3,2,3,3,3,4,1,4,3,2,1,3,1,3,1,1,4,2,4,1,1,2,3,1,4,4,2,1,3,4,3,2,3,2,4,2,1,3,4,1,3,2,2,3,2,3,1,3,4,4,2,3,1,2,2,1,4,1,1,1,1,3,1,4,1,4,3,2,4,3,1,3,1,4,1,3,4,1,1,1,2,2,3,3,1,4,2,1,4,3,2,1,2,2,1,4,3,2,1,2,2,3,4,2,3,1,1,1,3,2,1,3,4,3,3,4,3,1,2,3,3,1,1,4,3,3,3,2,3,1,3,1,1,1,2,3,1,3,2,3,4,1,2,1,1,4,3,4,1,4,2,1,1,3,2,2,3,3,3,4,3,4,4,2,1,2,1,2,3,4,4,4,2,3,2,1,3,1,4,4,4,4,1,1,1,1,1,4,4,4,2,4,2,1,3,3,2,4,2,1,1,3,4,2,2,1,1,4,2,1,1,2,2,4,2,2,3,4,2,1,1,1,3,1,2,2,2,2,4,1,2,4,2,4,2,3,3,2,1,1,4,4,4,3,1,3,4,4,2,2,2,3,1,4,1,3,1,1,2,2,2,1,4,1,2,2,4,4,2,2,3,3,4,4,3,1,1,3,1,2,1,4,3,1,1,2,2,3,4,4,2,1,2,1,2,2,3,2,1,1,3,1,3,1,3,1,1,4,3,2,1,1,3,2,2,4,4,2,3,3,1,4,4,4,2,3,2,3,4,3,3,4,3,2,1,1,1,2,3,2,3,4,3,1,4,3,4,3,2,3,1,2,2,1,1,1,4,3,2,2,4,3,1,4,3,3,2,2,3,4,2,3,3,2,2,2,2,4,1,2,4,3,1,2,3,4,4,1,1,3,1,3,2,3,2,1,1,1,3,4,4,2,1,1,2,3,2,2,2,2,3,3,3,1,1,2,2,2,4,2,4,1,3,1,2,3,4,3,3,2,4,3,4,3,1,3,2,2,2,4,1,4,3,4,4,2,3,4,4,2,2,2,3,3,2,1,4,2,2,3,1,1,4,2,2,4,1,1,2,2,3,2,1,2,2,4,1,1,1,1,3,4,1,4,3,3,1,2,1,4,1,1,2,3,4,3,2,1,3,1,1,3,4,2,4,3,2,1,1,1,1,1,1,2,3,4,2,4,3,4,3,1,2,2,3,1,3,1,3,3,1,2,1,3,3,2,1,2,4,4,4,4,1,4,2,4,4,3,2,2,2,4,2,2,3,2,4,2,3,2,4,2,2,2,4,3,1,4,4,1,2,1,1,1,2,3,1,1,3,3,3,4,3,4,3,3,3,4,1,3,3,4,1,4,1,3,4,1,4,2,2,3,4,4,3,2,3,2,2,3,4,3,1,2,4,3,3,4,2,1,1,3,1,4,3,1,3,2,1,4,1,1,3,3,2,3,3,1,3,2,4,2,2,1,1,2,1,1,4,4,1,2,1,2,2,2,3,4,1,2,4,1,1,3,4,2,2,4,3,4,2,3,1,4,3,3,2,1,1,4,3,2,2,3,1,4,1,3,1,1,4,1,4,4,3,4,3,2,3,2,1,2,2,2,1,1,1,2,3,4,1,1,3,3,3,1,4,2,3,4,1,2,3,2,1,3,4,4,2,4,4,1,1,4,2,4,1,2,2,3,3,4,3,1,2,1,3,1,2,3,1,1,3,2,4,1,2,3,1,2,2,2,2,1,2,1,3,4,1,3,2,3,2,1,2,1,1,1,4,3,4,2,2,1,1,1,2,2,2,4,4,2,1,4,4,1,3,3,2,4,3,3,3,1,1,1,2,2,3,3,4,1,1,1,2,3,2,2,4,1,2,3,3,1,2,2,3,1,3,1,1,3,2,2,1,3,2,4,2,1,2,3,4,4,2,1,2,2,4,3,4,1,4,3,1,1,2,3,4,1,3,3,1,3,2,1,3,2,3,3,2,2,2,3,3,1,3,1,4,1,1,4,1,1,4,4,2,1,2,4,1,2,4,2,1,4,1,4,1,2,1,2,1,3,2,1,1,1,3,4,1,3,1,2,2,1,2,4,1,4,1,2,3,1,2,2,3,1,3,3,1,3,4"
55,0.9886279079380575,0.5196078431372549,2329.0,"2,2,3,4,1,1,4,1,1,2,4,1,1,4,2,2,3,4,1,1,4,4,4,2,1,1,4,3,1,2,2,2,3,3,3,3,1,2,1,3,2,3,4,4,4,3,1,4,4,3,4,1,3,2,1,1,2,1,1,4,3,1,1,3,4,1,4,2,3,1,1,2,4,4,3,1,3,2,4,2,3,1,1,3,1,3,3,3,4,1,2,1,3,4,4,2,4,4,2,2,4,3,3,3,3,4,3,1,2,1,1,2,2,2,4,1,4,2,3,2,1,3,4,4,4,4,1,2,1,3,1,2,2,2,3,2,1,4,2,1,4,2,1,1,3,3,2,1,2,2,4,1,1,2,2,2,4,1,2,1,3,2,3,2,2,3,1,2,1,1,3,4,2,3,3,1,2,2,2,2,3,3,3,4,2,4,4,3,2,2,2,4,1,2,1,1,2,2,3,2,1,4,3,4,3,4,2,1,3,3,1,2,1,1,3,3,2,2,2,2,1,2,4,4,3,3,1,3,1,4,3,1,3,3,3,1,2,4,1,3,1,1,4,2,1,2,4,2,3,3,1,3,2,1,1,2,1,4,2,2,1,2,1,3,2,3,2,1,4,3,4,4,2,2,2,3,2,4,2,2,1,4,2,3,2,1,1,3,3,1,2,1,4,4,3,1,3,4,1,4,1,2,4,1,2,1,4,1,4,4,4,2,2,4,4,2,2,3,2,3,4,3,4,1,2,4,1,2,4,1,1,2,3,3,3,4,2,3,1,1,1,4,3,3,2,2,1,2,4,1,3,4,3,4,1,2,2,2,2,1,2,3,2,4,3,3,1,2,2,1,4,1,4,2,1,2,4,1,1,4,4,3,2,2,1,1,3,4,3,3,4,2,4,1,1,3,2,2,3,3,2,4,1,3,2,3,1,2,3,3,1,4,3,3,1,1,4,2,1,4,1,4,1,3,2,3,2,4,3,3,4,1,3,2,3,3,2,1,3,3,2,1,4,3,4,3,1,3,1,3,4,3,4,2,2,3,4,2,3,3,2,4,1,3,1,2,3,2,1,3,2,4,4,3,2,4,3,2,2,3,4,2,4,4,3,4,3,2,4,2,1,2,1,3,3,1,1,3,3,2,3,3,4,1,2,1,3,3,2,1,3,1,2,1,1,2,4,2,3,1,1,1,4,4,1,4,2,2,1,4,2,4,2,2,2,1,4,2,3,3,2,4,1,1,1,2,1,1,2,2,2,2,1,3,4,1,3,4,3,2,1,4,3,1,1,2,2,3,3,2,2,1,4,1,1,1,2,4,2,1,2,4,2,3,3,2,1,1,4,1,3,4,1,4,3,2,2,1,4,2,3,2,3,1,1,2,2,3,3,3,2,2,3,1,2,3,2,4,1,1,3,3,2,1,3,3,1,3,1,3,2,3,1,1,3,2,1,1,1,2,4,3,2,4,3,2,4,3,3,2,4,2,4,1,1,3,3,3,3,4,4,3,4,1,1,4,2,1,2,1,4,4,3,3,1,2,2,2,1,2,4,2,1,3,3,4,1,4,1,1,3,2,1,4,3,1,4,1,1,1,4,4,3,4,3,3,3,2,2,3,4,3,1,3,4,3,1,2,4,4,4,3,3,2,1,4,2,1,2,3,1,2,1,1,2,4,2,4,2,1,2,1,3,1,3,4,2,3,2,3,3,3,4,1,4,3,2,1,3,1,3,1,1,4,2,4,1,1,2,3,1,4,4,2,1,3,4,3,2,3,2,4,2,1,3,4,1,3,2,2,3,2,3,1,3,4,4,2,3,1,2,2,1,4,1,1,1,1,3,1,4,1,4,3,2,4,3,1,3,1,4,1,3,4,1,1,1,2,2,3,3,1,4,2,1,4,3,2,1,2,2,1,4,3,2,1,2,2,3,4,2,3,1,1,1,3,2,1,3,4,3,3,4,3,1,2,3,3,1,1,4,3,3,3,2,3,1,3,1,1,1,2,3,1,3,2,3,4,1,2,1,1,4,3,4,1,4,2,1,1,3,2,2,3,3,3,4,3,4,4,2,1,2,1,2,3,4,4,4,2,3,2,1,3,1,4,4,4,4,1,1,1,1,1,4,4,4,2,4,2,1,3,3,2,4,2,1,1,3,4,2,2,1,1,4,2,1,1,2,2,4,2,2,3,4,2,1,1,1,3,1,2,2,2,2,4,1,2,4,2,4,2,3,3,2,1,1,4,4,4,3,1,3,4,4,2,2,2,3,1,4,1,3,1,1,2,2,2,1,4,1,2,2,4,4,2,2,3,3,4,4,3,1,1,3,1,2,1,4,3,1,1,2,2,3,4,4,2,1,2,1,2,2,3,2,1,1,3,1,3,1,3,1,1,4,3,2,1,1,3,2,2,4,4,2,3,3,1,4,4,4,2,3,2,3,4,3,3,4,3,2,1,1,1,2,3,2,3,4,3,1,4,3,4,3,2,3,1,2,2,1,1,1,4,3,2,2,4,3,1,4,3,3,2,2,3,4,2,3,3,2,2,2,2,4,1,2,4,3,1,2,3,4,4,1,1,3,1,3,2,3,2,1,1,1,3,4,4,2,1,1,2,3,2,2,2,2,3,3,3,1,1,2,2,2,4,2,4,1,3,1,2,3,4,3,3,2,4,3,4,3,1,3,2,2,2,4,1,4,3,4,4,2,3,4,4,2,2,2,3,3,2,1,4,2,2,3,1,1,4,2,2,4,1,1,2,2,3,2,1,2,2,4,1,1,1,1,3,4,1,4,3,3,1,2,1,4,1,1,2,3,4,3,2,1,3,1,1,3,4,2,4,3,2,1,1,1,1,1,1,2,3,4,2,4,3,4,3,1,2,2,3,1,3,1,3,3,1,2,1,3,3,2,1,2,4,4,4,4,1,4,2,4,4,3,2,2,2,4,2,2,3,2,4,2,3,2,4,2,2,2,4,3,1,4,4,1,2,1,1,1,2,3,1,1,3,3,3,4,3,4,3,3,3,4,1,3,3,4,1,4,1,3,4,1,4,2,2,3,4,4,3,2,3,2,2,3,4,3,1,2,4,3,3,4,2,1,1,3,1,4,3,1,3,2,1,4,1,1,3,3,2,3,3,1,3,2,4,2,2,1,1,2,1,1,4,4,1,2,1,2,2,2,3,4,1,2,4,1,1,3,4,2,2,4,3,4,2,3,1,4,3,3,2,1,1,4,3,2,2,3,1,4,1,3,1,1,4,1,4,4,3,4,3,2,3,2,1,2,2,2,1,1,1,2,3,4,1,1,3,3,3,1,4,2,3,4,1,2,3,2,1,3,4,4,2,4,4,1,1,4,2,4,1,2,2,3,3,4,3,1,2,1,3,1,2,3,1,1,3,2,4,1,2,3,1,2,2,2,2,1,2,1,3,4,1,3,2,3,2,1,2,1,1,1,4,3,4,2,2,1,1,1,2,2,2,4,4,2,1,4,4,1,3,3,2,4,3,3,3,1,1,1,2,2,3,3,4,1,1,1,2,3,2,2,4,1,2,3,3,1,2,2,3,1,3,1,1,3,2,2,1,3,2,4,2,1,2,3,4,4,2,1,2,2,4,3,4,1,4,3,1,1,2,3,4,1,3,3,1,3,2,1,3,2,3,3,2,2,2,3,3,1,3,1,4,1,1,4,1,1,4,4,2,1,2,4,1,2,4,2,1,4,1,4,1,2,1,2,1,3,2,1,1,1,3,4,1,3,1,2,2,1,2,4,1,4,1,2,3,1,2,2,3,1,3,3,1,3,4"
56,0.9886279079380575,0.5196078431372549,2329.0,"2,2,3,4,1,1,4,1,1,2,4,1,1,4,2,2,3,4,1,1,4,4,4,2,1,1,4,3,1,2,2,2,3,3,3,3,1,2,1,3,2,3,4,4,4,3,1,4,4,3,4,1,3,2,1,1,2,1,1,4,3,1,1,3,4,1,4,2,3,1,1,2,4,4,3,1,3,2,4,2,3,1,1,3,1,3,3,3,4,1,2,1,3,4,4,2,4,4,2,2,4,3,3,3,3,4,3,1,2,1,1,2,2,2,4,1,4,2,3,2,1,3,4,4,4,4,1,2,1,3,1,2,2,2,3,2,1,4,2,1,4,2,1,1,3,3,2,1,2,2,4,1,1,2,2,2,4,1,2,1,3,2,3,2,2,3,1,2,1,1,3,4,2,3,3,1,2,2,2,2,3,3,3,4,2,4,4,3,2,2,2,4,1,2,1,1,2,2,3,2,1,4,3,4,3,4,2,1,3,3,1,2,1,1,3,3,2,2,2,2,1,2,4,4,3,3,1,3,1,4,3,1,3,3,3,1,2,4,1,3,1,1,4,2,1,2,4,2,3,3,1,3,2,1,1,2,1,4,2,2,1,2,1,3,2,3,2,1,4,3,4,4,2,2,2,3,2,4,2,2,1,4,2,3,2,1,1,3,3,1,2,1,4,4,3,1,3,4,1,4,1,2,4,1,2,1,4,1,4,4,4,2,2,4,4,2,2,3,2,3,4,3,4,1,2,4,1,2,4,1,1,2,3,3,3,4,2,3,1,1,1,4,3,3,2,2,1,2,4,1,3,4,3,4,1,2,2,2,2,1,2,3,2,4,3,3,1,2,2,1,4,1,4,2,1,2,4,1,1,4,4,3,2,2,1,1,3,4,3,3,4,2,4,1,1,3,2,2,3,3,2,4,1,3,2,3,1,2,3,3,1,4,3,3,1,1,4,2,1,4,1,4,1,3,2,3,2,4,3,3,4,1,3,2,3,3,2,1,3,3,2,1,4,3,4,3,1,3,1,3,4,3,4,2,2,3,4,2,3,3,2,4,1,3,1,2,3,2,1,3,2,4,4,3,2,4,3,2,2,3,4,2,4,4,3,4,3,2,4,2,1,2,1,3,3,1,1,3,3,2,3,3,4,1,2,1,3,3,2,1,3,1,2,1,1,2,4,2,3,1,1,1,4,4,1,4,2,2,1,4,2,4,2,2,2,1,4,2,3,3,2,4,1,1,1,2,1,1,2,2,2,2,1,3,4,1,3,4,3,2,1,4,3,1,1,2,2,3,3,2,2,1,4,1,1,1,2,4,2,1,2,4,2,3,3,2,1,1,4,1,3,4,1,4,3,2,2,1,4,2,3,2,3,1,1,2,2,3,3,3,2,2,3,1,2,3,2,4,1,1,3,3,2,1,3,3,1,3,1,3,2,3,1,1,3,2,1,1,1,2,4,3,2,4,3,2,4,3,3,2,4,2,4,1,1,3,3,3,3,4,4,3,4,1,1,4,2,1,2,1,4,4,3,3,1,2,2,2,1,2,4,2,1,3,3,4,1,4,1,1,3,2,1,4,3,1,4,1,1,1,4,4,3,4,3,3,3,2,2,3,4,3,1,3,4,3,1,2,4,4,4,3,3,2,1,4,2,1,2,3,1,2,1,1,2,4,2,4,2,1,2,1,3,1,3,4,2,3,2,3,3,3,4,1,4,3,2,1,3,1,3,1,1,4,2,4,1,1,2,3,1,4,4,2,1,3,4,3,2,3,2,4,2,1,3,4,1,3,2,2,3,2,3,1,3,4,4,2,3,1,2,2,1,4,1,1,1,1,3,1,4,1,4,3,2,4,3,1,3,1,4,1,3,4,1,1,1,2,2,3,3,1,4,2,1,4,3,2,1,2,2,1,4,3,2,1,2,2,3,4,2,3,1,1,1,3,2,1,3,4,3,3,4,3,1,2,3,3,1,1,4,3,3,3,2,3,1,3,1,1,1,2,3,1,3,2,3,4,1,2,1,1,4,3,4,1,4,2,1,1,3,2,2,3,3,3,4,3,4,4,2,1,2,1,2,3,4,4,4,2,3,2,1,3,1,4,4,4,4,1,1,1,1,1,4,4,4,2,4,2,1,3,3,2,4,2,1,1,3,4,2,2,1,1,4,2,1,1,2,2,4,2,2,3,4,2,1,1,1,3,1,2,2,2,2,4,1,2,4,2,4,2,3,3,2,1,1,4,4,4,3,1,3,4,4,2,2,2,3,1,4,1,3,1,1,2,2,2,1,4,1,2,2,4,4,2,2,3,3,4,4,3,1,1,3,1,2,1,4,3,1,1,2,2,3,4,4,2,1,2,1,2,2,3,2,1,1,3,1,3,1,3,1,1,4,3,2,1,1,3,2,2,4,4,2,3,3,1,4,4,4,2,3,2,3,4,3,3,4,3,2,1,1,1,2,3,2,3,4,3,1,4,3,4,3,2,3,1,2,2,1,1,1,4,3,2,2,4,3,1,4,3,3,2,2,3,4,2,3,3,2,2,2,2,4,1,2,4,3,1,2,3,4,4,1,1,3,1,3,2,3,2,1,1,1,3,4,4,2,1,1,2,3,2,2,2,2,3,3,3,1,1,2,2,2,4,2,4,1,3,1,2,3,4,3,3,2,4,3,4,3,1,3,2,2,2,4,1,4,3,4,4,2,3,4,4,2,2,2,3,3,2,1,4,2,2,3,1,1,4,2,2,4,1,1,2,2,3,2,1,2,2,4,1,1,1,1,3,4,1,4,3,3,1,2,1,4,1,1,2,3,4,3,2,1,3,1,1,3,4,2,4,3,2,1,1,1,1,1,1,2,3,4,2,4,3,4,3,1,2,2,3,1,3,1,3,3,1,2,1,3,3,2,1,2,4,4,4,4,1,4,2,4,4,3,2,2,2,4,2,2,3,2,4,2,3,2,4,2,2,2,4,3,1,4,4,1,2,1,1,1,2,3,1,1,3,3,3,4,3,4,3,3,3,4,1,3,3,4,1,4,1,3,4,1,4,2,2,3,4,4,3,2,3,2,2,3,4,3,1,2,4,3,3,4,2,1,1,3,1,4,3,1,3,2,1,4,1,1,3,3,2,3,3,1,3,2,4,2,2,1,1,2,1,1,4,4,1,2,1,2,2,2,3,4,1,2,4,1,1,3,4,2,2,4,3,4,2,3,1,4,3,3,2,1,1,4,3,2,2,3,1,4,1,3,1,1,4,1,4,4,3,4,3,2,3,2,1,2,2,2,1,1,1,2,3,4,1,1,3,3,3,1,4,2,3,4,1,2,3,2,1,3,4,4,2,4,4,1,1,4,2,4,1,2,2,3,3,4,3,1,2,1,3,1,2,3,1,1,3,2,4,1,2,3,1,2,2,2,2,1,2,1,3,4,1,3,2,3,2,1,2,1,1,1,4,3,4,2,2,1,1,1,2,2,2,4,4,2,1,4,4,1,3,3,2,4,3,3,3,1,1,1,2,2,3,3,4,1,1,1,2,3,2,2,4,1,2,3,3,1,2,2,3,1,3,1,1,3,2,2,1,3,2,4,2,1,2,3,4,4,2,1,2,2,4,3,4,1,4,3,1,1,2,3,4,1,3,3,1,3,2,1,3,2,3,3,2,2,2,3,3,1,3,1,4,1,1,4,1,1,4,4,2,1,2,4,1,2,4,2,1,4,1,4,1,2,1,2,1,3,2,1,1,1,3,4,1,3,1,2,2,1,2,4,1,4,1,2,3,1,2,2,3,1,3,3,1,3,4"
57,0.9886279079380575,0.5196078431372549,2329.0,"2,2,3,4,1,1,4,1,1,2,4,1,1,4,2,2,3,4,1,1,4,4,4,2,1,1,4,3,1,2,2,2,3,3,3,3,1,2,1,3,2,3,4,4,4,3,1,4,4,3,4,1,3,2,1,1,2,1,1,4,3,1,1,3,4,1,4,2,3,1,1,2,4,4,3,1,3,2,4,2,3,1,1,3,1,3,3,3,4,1,2,1,3,4,4,2,4,4,2,2,4,3,3,3,3,4,3,1,2,1,1,2,2,2,4,1,4,2,3,2,1,3,4,4,4,4,1,2,1,3,1,2,2,2,3,2,1,4,2,1,4,2,1,1,3,3,2,1,2,2,4,1,1,2,2,2,4,1,2,1,3,2,3,2,2,3,1,2,1,1,3,4,2,3,3,1,2,2,2,2,3,3,3,4,2,4,4,3,2,2,2,4,1,2,1,1,2,2,3,2,1,4,3,4,3,4,2,1,3,3,1,2,1,1,3,3,2,2,2,2,1,2,4,4,3,3,1,3,1,4,3,1,3,3,3,1,2,4,1,3,1,1,4,2,1,2,4,2,3,3,1,3,2,1,1,2,1,4,2,2,1,2,1,3,2,3,2,1,4,3,4,4,2,2,2,3,2,4,2,2,1,4,2,3,2,1,1,3,3,1,2,1,4,4,3,1,3,4,1,4,1,2,4,1,2,1,4,1,4,4,4,2,2,4,4,2,2,3,2,3,4,3,4,1,2,4,1,2,4,1,1,2,3,3,3,4,2,3,1,1,1,4,3,3,2,2,1,2,4,1,3,4,3,4,1,2,2,2,2,1,2,3,2,4,3,3,1,2,2,1,4,1,4,2,1,2,4,1,1,4,4,3,2,2,1,1,3,4,3,3,4,2,4,1,1,3,2,2,3,3,2,4,1,3,2,3,1,2,3,3,1,4,3,3,1,1,4,2,1,4,1,4,1,3,2,3,2,4,3,3,4,1,3,2,3,3,2,1,3,3,2,1,4,3,4,3,1,3,1,3,4,3,4,2,2,3,4,2,3,3,2,4,1,3,1,2,3,2,1,3,2,4,4,3,2,4,3,2,2,3,4,2,4,4,3,4,3,2,4,2,1,2,1,3,3,1,1,3,3,2,3,3,4,1,2,1,3,3,2,1,3,1,2,1,1,2,4,2,3,1,1,1,4,4,1,4,2,2,1,4,2,4,2,2,2,1,4,2,3,3,2,4,1,1,1,2,1,1,2,2,2,2,1,3,4,1,3,4,3,2,1,4,3,1,1,2,2,3,3,2,2,1,4,1,1,1,2,4,2,1,2,4,2,3,3,2,1,1,4,1,3,4,1,4,3,2,2,1,4,2,3,2,3,1,1,2,2,3,3,3,2,2,3,1,2,3,2,4,1,1,3,3,2,1,3,3,1,3,1,3,2,3,1,1,3,2,1,1,1,2,4,3,2,4,3,2,4,3,3,2,4,2,4,1,1,3,3,3,3,4,4,3,4,1,1,4,2,1,2,1,4,4,3,3,1,2,2,2,1,2,4,2,1,3,3,4,1,4,1,1,3,2,1,4,3,1,4,1,1,1,4,4,3,4,3,3,3,2,2,3,4,3,1,3,4,3,1,2,4,4,4,3,3,2,1,4,2,1,2,3,1,2,1,1,2,4,2,4,2,1,2,1,3,1,3,4,2,3,2,3,3,3,4,1,4,3,2,1,3,1,3,1,1,4,2,4,1,1,2,3,1,4,4,2,1,3,4,3,2,3,2,4,2,1,3,4,1,3,2,2,3,2,3,1,3,4,4,2,3,1,2,2,1,4,1,1,1,1,3,1,4,1,4,3,2,4,3,1,3,1,4,1,3,4,1,1,1,2,2,3,3,1,4,2,1,4,3,2,1,2,2,1,4,3,2,1,2,2,3,4,2,3,1,1,1,3,2,1,3,4,3,3,4,3,1,2,3,3,1,1,4,3,3,3,2,3,1,3,1,1,1,2,3,1,3,2,3,4,1,2,1,1,4,3,4,1,4,2,1,1,3,2,2,3,3,3,4,3,4,4,2,1,2,1,2,3,4,4,4,2,3,2,1,3,1,4,4,4,4,1,1,1,1,1,4,4,4,2,4,2,1,3,3,2,4,2,1,1,3,4,2,2,1,1,4,2,1,1,2,2,4,2,2,3,4,2,1,1,1,3,1,2,2,2,2,4,1,2,4,2,4,2,3,3,2,1,1,4,4,4,3,1,3,4,4,2,2,2,3,1,4,1,3,1,1,2,2,2,1,4,1,2,2,4,4,2,2,3,3,4,4,3,1,1,3,1,2,1,4,3,1,1,2,2,3,4,4,2,1,2,1,2,2,3,2,1,1,3,1,3,1,3,1,1,4,3,2,1,1,3,2,2,4,4,2,3,3,1,4,4,4,2,3,2,3,4,3,3,4,3,2,1,1,1,2,3,2,3,4,3,1,4,3,4,3,2,3,1,2,2,1,1,1,4,3,2,2,4,3,1,4,3,3,2,2,3,4,2,3,3,2,2,2,2,4,1,2,4,3,1,2,3,4,4,1,1,3,1,3,2,3,2,1,1,1,3,4,4,2,1,1,2,3,2,2,2,2,3,3,3,1,1,2,2,2,4,2,4,1,3,1,2,3,4,3,3,2,4,3,4,3,1,3,2,2,2,4,1,4,3,4,4,2,3,4,4,2,2,2,3,3,2,1,4,2,2,3,1,1,4,2,2,4,1,1,2,2,3,2,1,2,2,4,1,1,1,1,3,4,1,4,3,3,1,2,1,4,1,1,2,3,4,3,2,1,3,1,1,3,4,2,4,3,2,1,1,1,1,1,1,2,3,4,2,4,3,4,3,1,2,2,3,1,3,1,3,3,1,2,1,3,3,2,1,2,4,4,4,4,1,4,2,4,4,3,2,2,2,4,2,2,3,2,4,2,3,2,4,2,2,2,4,3,1,4,4,1,2,1,1,1,2,3,1,1,3,3,3,4,3,4,3,3,3,4,1,3,3,4,1,4,1,3,4,1,4,2,2,3,4,4,3,2,3,2,2,3,4,3,1,2,4,3,3,4,2,1,1,3,1,4,3,1,3,2,1,4,1,1,3,3,2,3,3,1,3,2,4,2,2,1,1,2,1,1,4,4,1,2,1,2,2,2,3,4,1,2,4,1,1,3,4,2,2,4,3,4,2,3,1,4,3,3,2,1,1,4,3,2,2,3,1,4,1,3,1,1,4,1,4,4,3,4,3,2,3,2,1,2,2,2,1,1,1,2,3,4,1,1,3,3,3,1,4,2,3,4,1,2,3,2,1,3,4,4,2,4,4,1,1,4,2,4,1,2,2,3,3,4,3,1,2,1,3,1,2,3,1,1,3,2,4,1,2,3,1,2,2,2,2,1,2,1,3,4,1,3,2,3,2,1,2,1,1,1,4,3,4,2,2,1,1,1,2,2,2,4,4,2,1,4,4,1,3,3,2,4,3,3,3,1,1,1,2,2,3,3,4,1,1,1,2,3,2,2,4,1,2,3,3,1,2,2,3,1,3,1,1,3,2,2,1,3,2,4,2,1,2,3,4,4,2,1,2,2,4,3,4,1,4,3,1,1,2,3,4,1,3,3,1,3,2,1,3,2,3,3,2,2,2,3,3,1,3,1,4,1,1,4,1,1,4,4,2,1,2,4,1,2,4,2,1,4,1,4,1,2,1,2,1,3,2,1,1,1,3,4,1,3,1,2,2,1,2,4,1,4,1,2,3,1,2,2,3,1,3,3,1,3,4"
58,0.9886279079380575,0.5196078431372549,2329.0,"2,2,3,4,1,1,4,1,1,2,4,1,1,4,2,2,3,4,1,1,4,4,4,2,1,1,4,3,1,2,2,2,3,3,3,3,1,2,1,3,2,3,4,4,4,3,1,4,4,3,4,1,3,2,1,1,2,1,1,4,3,1,1,3,4,1,4,2,3,1,1,2,4,4,3,1,3,2,4,2,3,1,1,3,1,3,3,3,4,1,2,1,3,4,4,2,4,4,2,2,4,3,3,3,3,4,3,1,2,1,1,2,2,2,4,1,4,2,3,2,1,3,4,4,4,4,1,2,1,3,1,2,2,2,3,2,1,4,2,1,4,2,1,1,3,3,2,1,2,2,4,1,1,2,2,2,4,1,2,1,3,2,3,2,2,3,1,2,1,1,3,4,2,3,3,1,2,2,2,2,3,3,3,4,2,4,4,3,2,2,2,4,1,2,1,1,2,2,3,2,1,4,3,4,3,4,2,1,3,3,1,2,1,1,3,3,2,2,2,2,1,2,4,4,3,3,1,3,1,4,3,1,3,3,3,1,2,4,1,3,1,1,4,2,1,2,4,2,3,3,1,3,2,1,1,2,1,4,2,2,1,2,1,3,2,3,2,1,4,3,4,4,2,2,2,3,2,4,2,2,1,4,2,3,2,1,1,3,3,1,2,1,4,4,3,1,3,4,1,4,1,2,4,1,2,1,4,1,4,4,4,2,2,4,4,2,2,3,2,3,4,3,4,1,2,4,1,2,4,1,1,2,3,3,3,4,2,3,1,1,1,4,3,3,2,2,1,2,4,1,3,4,3,4,1,2,2,2,2,1,2,3,2,4,3,3,1,2,2,1,4,1,4,2,1,2,4,1,1,4,4,3,2,2,1,1,3,4,3,3,4,2,4,1,1,3,2,2,3,3,2,4,1,3,2,3,1,2,3,3,1,4,3,3,1,1,4,2,1,4,1,4,1,3,2,3,2,4,3,3,4,1,3,2,3,3,2,1,3,3,2,1,4,3,4,3,1,3,1,3,4,3,4,2,2,3,4,2,3,3,2,4,1,3,1,2,3,2,1,3,2,4,4,3,2,4,3,2,2,3,4,2,4,4,3,4,3,2,4,2,1,2,1,3,3,1,1,3,3,2,3,3,4,1,2,1,3,3,2,1,3,1,2,1,1,2,4,2,3,1,1,1,4,4,1,4,2,2,1,4,2,4,2,2,2,1,4,2,3,3,2,4,1,1,1,2,1,1,2,2,2,2,1,3,4,1,3,4,3,2,1,4,3,1,1,2,2,3,3,2,2,1,4,1,1,1,2,4,2,1,2,4,2,3,3,2,1,1,4,1,3,4,1,4,3,2,2,1,4,2,3,2,3,1,1,2,2,3,3,3,2,2,3,1,2,3,2,4,1,1,3,3,2,1,3,3,1,3,1,3,2,3,1,1,3,2,1,1,1,2,4,3,2,4,3,2,4,3,3,2,4,2,4,1,1,3,3,3,3,4,4,3,4,1,1,4,2,1,2,1,4,4,3,3,1,2,2,2,1,2,4,2,1,3,3,4,1,4,1,1,3,2,1,4,3,1,4,1,1,1,4,4,3,4,3,3,3,2,2,3,4,3,1,3,4,3,1,2,4,4,4,3,3,2,1,4,2,1,2,3,1,2,1,1,2,4,2,4,2,1,2,1,3,1,3,4,2,3,2,3,3,3,4,1,4,3,2,1,3,1,3,1,1,4,2,4,1,1,2,3,1,4,4,2,1,3,4,3,2,3,2,4,2,1,3,4,1,3,2,2,3,2,3,1,3,4,4,2,3,1,2,2,1,4,1,1,1,1,3,1,4,1,4,3,2,4,3,1,3,1,4,1,3,4,1,1,1,2,2,3,3,1,4,2,1,4,3,2,1,2,2,1,4,3,2,1,2,2,3,4,2,3,1,1,1,3,2,1,3,4,3,3,4,3,1,2,3,3,1,1,4,3,3,3,2,3,1,3,1,1,1,2,3,1,3,2,3,4,1,2,1,1,4,3,4,1,4,2,1,1,3,2,2,3,3,3,4,3,4,4,2,1,2,1,2,3,4,4,4,2,3,2,1,3,1,4,4,4,4,1,1,1,1,1,4,4,4,2,4,2,1,3,3,2,4,2,1,1,3,4,2,2,1,1,4,2,1,1,2,2,4,2,2,3,4,2,1,1,1,3,1,2,2,2,2,4,1,2,4,2,4,2,3,3,2,1,1,4,4,4,3,1,3,4,4,2,2,2,3,1,4,1,3,1,1,2,2,2,1,4,1,2,2,4,4,2,2,3,3,4,4,3,1,1,3,1,2,1,4,3,1,1,2,2,3,4,4,2,1,2,1,2,2,3,2,1,1,3,1,3,1,3,1,1,4,3,2,1,1,3,2,2,4,4,2,3,3,1,4,4,4,2,3,2,3,4,3,3,4,3,2,1,1,1,2,3,2,3,4,3,1,4,3,4,3,2,3,1,2,2,1,1,1,4,3,2,2,4,3,1,4,3,3,2,2,3,4,2,3,3,2,2,2,2,4,1,2,4,3,1,2,3,4,4,1,1,3,1,3,2,3,2,1,1,1,3,4,4,2,1,1,2,3,2,2,2,2,3,3,3,1,1,2,2,2,4,2,4,1,3,1,2,3,4,3,3,2,4,3,4,3,1,3,2,2,2,4,1,4,3,4,4,2,3,4,4,2,2,2,3,3,2,1,4,2,2,3,1,1,4,2,2,4,1,1,2,2,3,2,1,2,2,4,1,1,1,1,3,4,1,4,3,3,1,2,1,4,1,1,2,3,4,3,2,1,3,1,1,3,4,2,4,3,2,1,1,1,1,1,1,2,3,4,2,4,3,4,3,1,2,2,3,1,3,1,3,3,1,2,1,3,3,2,1,2,4,4,4,4,1,4,2,4,4,3,2,2,2,4,2,2,3,2,4,2,3,2,4,2,2,2,4,3,1,4,4,1,2,1,1,1,2,3,1,1,3,3,3,4,3,4,3,3,3,4,1,3,3,4,1,4,1,3,4,1,4,2,2,3,4,4,3,2,3,2,2,3,4,3,1,2,4,3,3,4,2,1,1,3,1,4,3,1,3,2,1,4,1,1,3,3,2,3,3,1,3,2,4,2,2,1,1,2,1,1,4,4,1,2,1,2,2,2,3,4,1,2,4,1,1,3,4,2,2,4,3,4,2,3,1,4,3,3,2,1,1,4,3,2,2,3,1,4,1,3,1,1,4,1,4,4,3,4,3,2,3,2,1,2,2,2,1,1,1,2,3,4,1,1,3,3,3,1,4,2,3,4,1,2,3,2,1,3,4,4,2,4,4,1,1,4,2,4,1,2,2,3,3,4,3,1,2,1,3,1,2,3,1,1,3,2,4,1,2,3,1,2,2,2,2,1,2,1,3,4,1,3,2,3,2,1,2,1,1,1,4,3,4,2,2,1,1,1,2,2,2,4,4,2,1,4,4,1,3,3,2,4,3,3,3,1,1,1,2,2,3,3,4,1,1,1,2,3,2,2,4,1,2,3,3,1,2,2,3,1,3,1,1,3,2,2,1,3,2,4,2,1,2,3,4,4,2,1,2,2,4,3,4,1,4,3,1,1,2,3,4,1,3,3,1,3,2,1,3,2,3,3,2,2,2,3,3,1,3,1,4,1,1,4,1,1,4,4,2,1,2,4,1,2,4,2,1,4,1,4,1,2,1,2,1,3,2,1,1,1,3,4,1,3,1,2,2,1,2,4,1,4,1,2,3,1,2,2,3,1,3,3,1,3,4"
59,0.9886279079380575,0.5196078431372549,2329.0,"2,2,3,4,1,1,4,1,1,2,4,1,1,4,2,2,3,4,1,1,4,4,4,2,1,1,4,3,1,2,2,2,3,3,3,3,1,2,1,3,2,3,4,4,4,3,1,4,4,3,4,1,3,2,1,1,2,1,1,4,3,1,1,3,4,1,4,2,3,1,1,2,4,4,3,1,3,2,4,2,3,1,1,3,1,3,3,3,4,1,2,1,3,4,4,2,4,4,2,2,4,3,3,3,3,4,3,1,2,1,1,2,2,2,4,1,4,2,3,2,1,3,4,4,4,4,1,2,1,3,1,2,2,2,3,2,1,4,2,1,4,2,1,1,3,3,2,1,2,2,4,1,1,2,2,2,4,1,2,1,3,2,3,2,2,3,1,2,1,1,3,4,2,3,3,1,2,2,2,2,3,3,3,4,2,4,4,3,2,2,2,4,1,2,1,1,2,2,3,2,1,4,3,4,3,4,2,1,3,3,1,2,1,1,3,3,2,2,2,2,1,2,4,4,3,3,1,3,1,4,3,1,3,3,3,1,2,4,1,3,1,1,4,2,1,2,4,2,3,3,1,3,2,1,1,2,1,4,2,2,1,2,1,3,2,3,2,1,4,3,4,4,2,2,2,3,2,4,2,2,1,4,2,3,2,1,1,3,3,1,2,1,4,4,3,1,3,4,1,4,1,2,4,1,2,1,4,1,4,4,4,2,2,4,4,2,2,3,2,3,4,3,4,1,2,4,1,2,4,1,1,2,3,3,3,4,2,3,1,1,1,4,3,3,2,2,1,2,4,1,3,4,3,4,1,2,2,2,2,1,2,3,2,4,3,3,1,2,2,1,4,1,4,2,1,2,4,1,1,4,4,3,2,2,1,1,3,4,3,3,4,2,4,1,1,3,2,2,3,3,2,4,1,3,2,3,1,2,3,3,1,4,3,3,1,1,4,2,1,4,1,4,1,3,2,3,2,4,3,3,4,1,3,2,3,3,2,1,3,3,2,1,4,3,4,3,1,3,1,3,4,3,4,2,2,3,4,2,3,3,2,4,1,3,1,2,3,2,1,3,2,4,4,3,2,4,3,2,2,3,4,2,4,4,3,4,3,2,4,2,1,2,1,3,3,1,1,3,3,2,3,3,4,1,2,1,3,3,2,1,3,1,2,1,1,2,4,2,3,1,1,1,4,4,1,4,2,2,1,4,2,4,2,2,2,1,4,2,3,3,2,4,1,1,1,2,1,1,2,2,2,2,1,3,4,1,3,4,3,2,1,4,3,1,1,2,2,3,3,2,2,1,4,1,1,1,2,4,2,1,2,4,2,3,3,2,1,1,4,1,3,4,1,4,3,2,2,1,4,2,3,2,3,1,1,2,2,3,3,3,2,2,3,1,2,3,2,4,1,1,3,3,2,1,3,3,1,3,1,3,2,3,1,1,3,2,1,1,1,2,4,3,2,4,3,2,4,3,3,2,4,2,4,1,1,3,3,3,3,4,4,3,4,1,1,4,2,1,2,1,4,4,3,3,1,2,2,2,1,2,4,2,1,3,3,4,1,4,1,1,3,2,1,4,3,1,4,1,1,1,4,4,3,4,3,3,3,2,2,3,4,3,1,3,4,3,1,2,4,4,4,3,3,2,1,4,2,1,2,3,1,2,1,1,2,4,2,4,2,1,2,1,3,1,3,4,2,3,2,3,3,3,4,1,4,3,2,1,3,1,3,1,1,4,2,4,1,1,2,3,1,4,4,2,1,3,4,3,2,3,2,4,2,1,3,4,1,3,2,2,3,2,3,1,3,4,4,2,3,1,2,2,1,4,1,1,1,1,3,1,4,1,4,3,2,4,3,1,3,1,4,1,3,4,1,1,1,2,2,3,3,1,4,2,1,4,3,2,1,2,2,1,4,3,2,1,2,2,3,4,2,3,1,1,1,3,2,1,3,4,3,3,4,3,1,2,3,3,1,1,4,3,3,3,2,3,1,3,1,1,1,2,3,1,3,2,3,4,1,2,1,1,4,3,4,1,4,2,1,1,3,2,2,3,3,3,4,3,4,4,2,1,2,1,2,3,4,4,4,2,3,2,1,3,1,4,4,4,4,1,1,1,1,1,4,4,4,2,4,2,1,3,3,2,4,2,1,1,3,4,2,2,1,1,4,2,1,1,2,2,4,2,2,3,4,2,1,1,1,3,1,2,2,2,2,4,1,2,4,2,4,2,3,3,2,1,1,4,4,4,3,1,3,4,4,2,2,2,3,1,4,1,3,1,1,2,2,2,1,4,1,2,2,4,4,2,2,3,3,4,4,3,1,1,3,1,2,1,4,3,1,1,2,2,3,4,4,2,1,2,1,2,2,3,2,1,1,3,1,3,1,3,1,1,4,3,2,1,1,3,2,2,4,4,2,3,3,1,4,4,4,2,3,2,3,4,3,3,4,3,2,1,1,1,2,3,2,3,4,3,1,4,3,4,3,2,3,1,2,2,1,1,1,4,3,2,2,4,3,1,4,3,3,2,2,3,4,2,3,3,2,2,2,2,4,1,2,4,3,1,2,3,4,4,1,1,3,1,3,2,3,2,1,1,1,3,4,4,2,1,1,2,3,2,2,2,2,3,3,3,1,1,2,2,2,4,2,4,1,3,1,2,3,4,3,3,2,4,3,4,3,1,3,2,2,2,4,1,4,3,4,4,2,3,4,4,2,2,2,3,3,2,1,4,2,2,3,1,1,4,2,2,4,1,1,2,2,3,2,1,2,2,4,1,1,1,1,3,4,1,4,3,3,1,2,1,4,1,1,2,3,4,3,2,1,3,1,1,3,4,2,4,3,2,1,1,1,1,1,1,2,3,4,2,4,3,4,3,1,2,2,3,1,3,1,3,3,1,2,1,3,3,2,1,2,4,4,4,4,1,4,2,4,4,3,2,2,2,4,2,2,3,2,4,2,3,2,4,2,2,2,4,3,1,4,4,1,2,1,1,1,2,3,1,1,3,3,3,4,3,4,3,3,3,4,1,3,3,4,1,4,1,3,4,1,4,2,2,3,4,4,3,2,3,2,2,3,4,3,1,2,4,3,3,4,2,1,1,3,1,4,3,1,3,2,1,4,1,1,3,3,2,3,3,1,3,2,4,2,2,1,1,2,1,1,4,4,1,2,1,2,2,2,3,4,1,2,4,1,1,3,4,2,2,4,3,4,2,3,1,4,3,3,2,1,1,4,3,2,2,3,1,4,1,3,1,1,4,1,4,4,3,4,3,2,3,2,1,2,2,2,1,1,1,2,3,4,1,1,3,3,3,1,4,2,3,4,1,2,3,2,1,3,4,4,2,4,4,1,1,4,2,4,1,2,2,3,3,4,3,1,2,1,3,1,2,3,1,1,3,2,4,1,2,3,1,2,2,2,2,1,2,1,3,4,1,3,2,3,2,1,2,1,1,1,4,3,4,2,2,1,1,1,2,2,2,4,4,2,1,4,4,1,3,3,2,4,3,3,3,1,1,1,2,2,3,3,4,1,1,1,2,3,2,2,4,1,2,3,3,1,2,2,3,1,3,1,1,3,2,2,1,3,2,4,2,1,2,3,4,4,2,1,2,2,4,3,4,1,4,3,1,1,2,3,4,1,3,3,1,3,2,1,3,2,3,3,2,2,2,3,3,1,3,1,4,1,1,4,1,1,4,4,2,1,2,4,1,2,4,2,1,4,1,4,1,2,1,2,1,3,2,1,1,1,3,4,1,3,1,2,2,1,2,4,1,4,1,2,3,1,2,2,3,1,3,3,1,3,4"
60,0.9886279079380575,0.5196078431372549,2329.0,"2,2,3,4,1,1,4,1,1,2,4,1,1,4,2,2,3,4,1,1,4,4,4,2,1,1,4,3,1,2,2,2,3,3,3,3,1,2,1,3,2,3,4,4,4,3,1,4,4,3,4,1,3,2,1,1,2,1,1,4,3,1,1,3,4,1,4,2,3,1,1,2,4,4,3,1,3,2,4,2,3,1,1,3,1,3,3,3,4,1,2,1,3,4,4,2,4,4,2,2,4,3,3,3,3,4,3,1,2,1,1,2,2,2,4,1,4,2,3,2,1,3,4,4,4,4,1,2,1,3,1,2,2,2,3,2,1,4,2,1,4,2,1,1,3,3,2,1,2,2,4,1,1,2,2,2,4,1,2,1,3,2,3,2,2,3,1,2,1,1,3,4,2,3,3,1,2,2,2,2,3,3,3,4,2,4,4,3,2,2,2,4,1,2,1,1,2,2,3,2,1,4,3,4,3,4,2,1,3,3,1,2,1,1,3,3,2,2,2,2,1,2,4,4,3,3,1,3,1,4,3,1,3,3,3,1,2,4,1,3,1,1,4,2,1,2,4,2,3,3,1,3,2,1,1,2,1,4,2,2,1,2,1,3,2,3,2,1,4,3,4,4,2,2,2,3,2,4,2,2,1,4,2,3,2,1,1,3,3,1,2,1,4,4,3,1,3,4,1,4,1,2,4,1,2,1,4,1,4,4,4,2,2,4,4,2,2,3,2,3,4,3,4,1,2,4,1,2,4,1,1,2,3,3,3,4,2,3,1,1,1,4,3,3,2,2,1,2,4,1,3,4,3,4,1,2,2,2,2,1,2,3,2,4,3,3,1,2,2,1,4,1,4,2,1,2,4,1,1,4,4,3,2,2,1,1,3,4,3,3,4,2,4,1,1,3,2,2,3,3,2,4,1,3,2,3,1,2,3,3,1,4,3,3,1,1,4,2,1,4,1,4,1,3,2,3,2,4,3,3,4,1,3,2,3,3,2,1,3,3,2,1,4,3,4,3,1,3,1,3,4,3,4,2,2,3,4,2,3,3,2,4,1,3,1,2,3,2,1,3,2,4,4,3,2,4,3,2,2,3,4,2,4,4,3,4,3,2,4,2,1,2,1,3,3,1,1,3,3,2,3,3,4,1,2,1,3,3,2,1,3,1,2,1,1,2,4,2,3,1,1,1,4,4,1,4,2,2,1,4,2,4,2,2,2,1,4,2,3,3,2,4,1,1,1,2,1,1,2,2,2,2,1,3,4,1,3,4,3,2,1,4,3,1,1,2,2,3,3,2,2,1,4,1,1,1,2,4,2,1,2,4,2,3,3,2,1,1,4,1,3,4,1,4,3,2,2,1,4,2,3,2,3,1,1,2,2,3,3,3,2,2,3,1,2,3,2,4,1,1,3,3,2,1,3,3,1,3,1,3,2,3,1,1,3,2,1,1,1,2,4,3,2,4,3,2,4,3,3,2,4,2,4,1,1,3,3,3,3,4,4,3,4,1,1,4,2,1,2,1,4,4,3,3,1,2,2,2,1,2,4,2,1,3,3,4,1,4,1,1,3,2,1,4,3,1,4,1,1,1,4,4,3,4,3,3,3,2,2,3,4,3,1,3,4,3,1,2,4,4,4,3,3,2,1,4,2,1,2,3,1,2,1,1,2,4,2,4,2,1,2,1,3,1,3,4,2,3,2,3,3,3,4,1,4,3,2,1,3,1,3,1,1,4,2,4,1,1,2,3,1,4,4,2,1,3,4,3,2,3,2,4,2,1,3,4,1,3,2,2,3,2,3,1,3,4,4,2,3,1,2,2,1,4,1,1,1,1,3,1,4,1,4,3,2,4,3,1,3,1,4,1,3,4,1,1,1,2,2,3,3,1,4,2,1,4,3,2,1,2,2,1,4,3,2,1,2,2,3,4,2,3,1,1,1,3,2,1,3,4,3,3,4,3,1,2,3,3,1,1,4,3,3,3,2,3,1,3,1,1,1,2,3,1,3,2,3,4,1,2,1,1,4,3,4,1,4,2,1,1,3,2,2,3,3,3,4,3,4,4,2,1,2,1,2,3,4,4,4,2,3,2,1,3,1,4,4,4,4,1,1,1,1,1,4,4,4,2,4,2,1,3,3,2,4,2,1,1,3,4,2,2,1,1,4,2,1,1,2,2,4,2,2,3,4,2,1,1,1,3,1,2,2,2,2,4,1,2,4,2,4,2,3,3,2,1,1,4,4,4,3,1,3,4,4,2,2,2,3,1,4,1,3,1,1,2,2,2,1,4,1,2,2,4,4,2,2,3,3,4,4,3,1,1,3,1,2,1,4,3,1,1,2,2,3,4,4,2,1,2,1,2,2,3,2,1,1,3,1,3,1,3,1,1,4,3,2,1,1,3,2,2,4,4,2,3,3,1,4,4,4,2,3,2,3,4,3,3,4,3,2,1,1,1,2,3,2,3,4,3,1,4,3,4,3,2,3,1,2,2,1,1,1,4,3,2,2,4,3,1,4,3,3,2,2,3,4,2,3,3,2,2,2,2,4,1,2,4,3,1,2,3,4,4,1,1,3,1,3,2,3,2,1,1,1,3,4,4,2,1,1,2,3,2,2,2,2,3,3,3,1,1,2,2,2,4,2,4,1,3,1,2,3,4,3,3,2,4,3,4,3,1,3,2,2,2,4,1,4,3,4,4,2,3,4,4,2,2,2,3,3,2,1,4,2,2,3,1,1,4,2,2,4,1,1,2,2,3,2,1,2,2,4,1,1,1,1,3,4,1,4,3,3,1,2,1,4,1,1,2,3,4,3,2,1,3,1,1,3,4,2,4,3,2,1,1,1,1,1,1,2,3,4,2,4,3,4,3,1,2,2,3,1,3,1,3,3,1,2,1,3,3,2,1,2,4,4,4,4,1,4,2,4,4,3,2,2,2,4,2,2,3,2,4,2,3,2,4,2,2,2,4,3,1,4,4,1,2,1,1,1,2,3,1,1,3,3,3,4,3,4,3,3,3,4,1,3,3,4,1,4,1,3,4,1,4,2,2,3,4,4,3,2,3,2,2,3,4,3,1,2,4,3,3,4,2,1,1,3,1,4,3,1,3,2,1,4,1,1,3,3,2,3,3,1,3,2,4,2,2,1,1,2,1,1,4,4,1,2,1,2,2,2,3,4,1,2,4,1,1,3,4,2,2,4,3,4,2,3,1,4,3,3,2,1,1,4,3,2,2,3,1,4,1,3,1,1,4,1,4,4,3,4,3,2,3,2,1,2,2,2,1,1,1,2,3,4,1,1,3,3,3,1,4,2,3,4,1,2,3,2,1,3,4,4,2,4,4,1,1,4,2,4,1,2,2,3,3,4,3,1,2,1,3,1,2,3,1,1,3,2,4,1,2,3,1,2,2,2,2,1,2,1,3,4,1,3,2,3,2,1,2,1,1,1,4,3,4,2,2,1,1,1,2,2,2,4,4,2,1,4,4,1,3,3,2,4,3,3,3,1,1,1,2,2,3,3,4,1,1,1,2,3,2,2,4,1,2,3,3,1,2,2,3,1,3,1,1,3,2,2,1,3,2,4,2,1,2,3,4,4,2,1,2,2,4,3,4,1,4,3,1,1,2,3,4,1,3,3,1,3,2,1,3,2,3,3,2,2,2,3,3,1,3,1,4,1,1,4,1,1,4,4,2,1,2,4,1,2,4,2,1,4,1,4,1,2,1,2,1,3,2,1,1,1,3,4,1,3,1,2,2,1,2,4,1,4,1,2,3,1,2,2,3,1,3,3,1,3,4"
61,0.9886279079380575,0.5196078431372549,2329.0,"2,2,3,4,1,1,4,1,1,2,4,1,1,4,2,2,3,4,1,1,4,4,4,2,1,1,4,3,1,2,2,2,3,3,3,3,1,2,1,3,2,3,4,4,4,3,1,4,4,3,4,1,3,2,1,1,2,1,1,4,3,1,1,3,4,1,4,2,3,1,1,2,4,4,3,1,3,2,4,2,3,1,1,3,1,3,3,3,4,1,2,1,3,4,4,2,4,4,2,2,4,3,3,3,3,4,3,1,2,1,1,2,2,2,4,1,4,2,3,2,1,3,4,4,4,4,1,2,1,3,1,2,2,2,3,2,1,4,2,1,4,2,1,1,3,3,2,1,2,2,4,1,1,2,2,2,4,1,2,1,3,2,3,2,2,3,1,2,1,1,3,4,2,3,3,1,2,2,2,2,3,3,3,4,2,4,4,3,2,2,2,4,1,2,1,1,2,2,3,2,1,4,3,4,3,4,2,1,3,3,1,2,1,1,3,3,2,2,2,2,1,2,4,4,3,3,1,3,1,4,3,1,3,3,3,1,2,4,1,3,1,1,4,2,1,2,4,2,3,3,1,3,2,1,1,2,1,4,2,2,1,2,1,3,2,3,2,1,4,3,4,4,2,2,2,3,2,4,2,2,1,4,2,3,2,1,1,3,3,1,2,1,4,4,3,1,3,4,1,4,1,2,4,1,2,1,4,1,4,4,4,2,2,4,4,2,2,3,2,3,4,3,4,1,2,4,1,2,4,1,1,2,3,3,3,4,2,3,1,1,1,4,3,3,2,2,1,2,4,1,3,4,3,4,1,2,2,2,2,1,2,3,2,4,3,3,1,2,2,1,4,1,4,2,1,2,4,1,1,4,4,3,2,2,1,1,3,4,3,3,4,2,4,1,1,3,2,2,3,3,2,4,1,3,2,3,1,2,3,3,1,4,3,3,1,1,4,2,1,4,1,4,1,3,2,3,2,4,3,3,4,1,3,2,3,3,2,1,3,3,2,1,4,3,4,3,1,3,1,3,4,3,4,2,2,3,4,2,3,3,2,4,1,3,1,2,3,2,1,3,2,4,4,3,2,4,3,2,2,3,4,2,4,4,3,4,3,2,4,2,1,2,1,3,3,1,1,3,3,2,3,3,4,1,2,1,3,3,2,1,3,1,2,1,1,2,4,2,3,1,1,1,4,4,1,4,2,2,1,4,2,4,2,2,2,1,4,2,3,3,2,4,1,1,1,2,1,1,2,2,2,2,1,3,4,1,3,4,3,2,1,4,3,1,1,2,2,3,3,2,2,1,4,1,1,1,2,4,2,1,2,4,2,3,3,2,1,1,4,1,3,4,1,4,3,2,2,1,4,2,3,2,3,1,1,2,2,3,3,3,2,2,3,1,2,3,2,4,1,1,3,3,2,1,3,3,1,3,1,3,2,3,1,1,3,2,1,1,1,2,4,3,2,4,3,2,4,3,3,2,4,2,4,1,1,3,3,3,3,4,4,3,4,1,1,4,2,1,2,1,4,4,3,3,1,2,2,2,1,2,4,2,1,3,3,4,1,4,1,1,3,2,1,4,3,1,4,1,1,1,4,4,3,4,3,3,3,2,2,3,4,3,1,3,4,3,1,2,4,4,4,3,3,2,1,4,2,1,2,3,1,2,1,1,2,4,2,4,2,1,2,1,3,1,3,4,2,3,2,3,3,3,4,1,4,3,2,1,3,1,3,1,1,4,2,4,1,1,2,3,1,4,4,2,1,3,4,3,2,3,2,4,2,1,3,4,1,3,2,2,3,2,3,1,3,4,4,2,3,1,2,2,1,4,1,1,1,1,3,1,4,1,4,3,2,4,3,1,3,1,4,1,3,4,1,1,1,2,2,3,3,1,4,2,1,4,3,2,1,2,2,1,4,3,2,1,2,2,3,4,2,3,1,1,1,3,2,1,3,4,3,3,4,3,1,2,3,3,1,1,4,3,3,3,2,3,1,3,1,1,1,2,3,1,3,2,3,4,1,2,1,1,4,3,4,1,4,2,1,1,3,2,2,3,3,3,4,3,4,4,2,1,2,1,2,3,4,4,4,2,3,2,1,3,1,4,4,4,4,1,1,1,1,1,4,4,4,2,4,2,1,3,3,2,4,2,1,1,3,4,2,2,1,1,4,2,1,1,2,2,4,2,2,3,4,2,1,1,1,3,1,2,2,2,2,4,1,2,4,2,4,2,3,3,2,1,1,4,4,4,3,1,3,4,4,2,2,2,3,1,4,1,3,1,1,2,2,2,1,4,1,2,2,4,4,2,2,3,3,4,4,3,1,1,3,1,2,1,4,3,1,1,2,2,3,4,4,2,1,2,1,2,2,3,2,1,1,3,1,3,1,3,1,1,4,3,2,1,1,3,2,2,4,4,2,3,3,1,4,4,4,2,3,2,3,4,3,3,4,3,2,1,1,1,2,3,2,3,4,3,1,4,3,4,3,2,3,1,2,2,1,1,1,4,3,2,2,4,3,1,4,3,3,2,2,3,4,2,3,3,2,2,2,2,4,1,2,4,3,1,2,3,4,4,1,1,3,1,3,2,3,2,1,1,1,3,4,4,2,1,1,2,3,2,2,2,2,3,3,3,1,1,2,2,2,4,2,4,1,3,1,2,3,4,3,3,2,4,3,4,3,1,3,2,2,2,4,1,4,3,4,4,2,3,4,4,2,2,2,3,3,2,1,4,2,2,3,1,1,4,2,2,4,1,1,2,2,3,2,1,2,2,4,1,1,1,1,3,4,1,4,3,3,1,2,1,4,1,1,2,3,4,3,2,1,3,1,1,3,4,2,4,3,2,1,1,1,1,1,1,2,3,4,2,4,3,4,3,1,2,2,3,1,3,1,3,3,1,2,1,3,3,2,1,2,4,4,4,4,1,4,2,4,4,3,2,2,2,4,2,2,3,2,4,2,3,2,4,2,2,2,4,3,1,4,4,1,2,1,1,1,2,3,1,1,3,3,3,4,3,4,3,3,3,4,1,3,3,4,1,4,1,3,4,1,4,2,2,3,4,4,3,2,3,2,2,3,4,3,1,2,4,3,3,4,2,1,1,3,1,4,3,1,3,2,1,4,1,1,3,3,2,3,3,1,3,2,4,2,2,1,1,2,1,1,4,4,1,2,1,2,2,2,3,4,1,2,4,1,1,3,4,2,2,4,3,4,2,3,1,4,3,3,2,1,1,4,3,2,2,3,1,4,1,3,1,1,4,1,4,4,3,4,3,2,3,2,1,2,2,2,1,1,1,2,3,4,1,1,3,3,3,1,4,2,3,4,1,2,3,2,1,3,4,4,2,4,4,1,1,4,2,4,1,2,2,3,3,4,3,1,2,1,3,1,2,3,1,1,3,2,4,1,2,3,1,2,2,2,2,1,2,1,3,4,1,3,2,3,2,1,2,1,1,1,4,3,4,2,2,1,1,1,2,2,2,4,4,2,1,4,4,1,3,3,2,4,3,3,3,1,1,1,2,2,3,3,4,1,1,1,2,3,2,2,4,1,2,3,3,1,2,2,3,1,3,1,1,3,2,2,1,3,2,4,2,1,2,3,4,4,2,1,2,2,4,3,4,1,4,3,1,1,2,3,4,1,3,3,1,3,2,1,3,2,3,3,2,2,2,3,3,1,3,1,4,1,1,4,1,1,4,4,2,1,2,4,1,2,4,2,1,4,1,4,1,2,1,2,1,3,2,1,1,1,3,4,1,3,1,2,2,1,2,4,1,4,1,2,3,1,2,2,3,1,3,3,1,3,4"
62,0.9886279079380575,0.5196078431372549,2329.0,"2,2,3,4,1,1,4,1,1,2,4,1,1,4,2,2,3,4,1,1,4,4,4,2,1,1,4,3,1,2,2,2,3,3,3,3,1,2,1,3,2,3,4,4,4,3,1,4,4,3,4,1,3,2,1,1,2,1,1,4,3,1,1,3,4,1,4,2,3,1,1,2,4,4,3,1,3,2,4,2,3,1,1,3,1,3,3,3,4,1,2,1,3,4,4,2,4,4,2,2,4,3,3,3,3,4,3,1,2,1,1,2,2,2,4,1,4,2,3,2,1,3,4,4,4,4,1,2,1,3,1,2,2,2,3,2,1,4,2,1,4,2,1,1,3,3,2,1,2,2,4,1,1,2,2,2,4,1,2,1,3,2,3,2,2,3,1,2,1,1,3,4,2,3,3,1,2,2,2,2,3,3,3,4,2,4,4,3,2,2,2,4,1,2,1,1,2,2,3,2,1,4,3,4,3,4,2,1,3,3,1,2,1,1,3,3,2,2,2,2,1,2,4,4,3,3,1,3,1,4,3,1,3,3,3,1,2,4,1,3,1,1,4,2,1,2,4,2,3,3,1,3,2,1,1,2,1,4,2,2,1,2,1,3,2,3,2,1,4,3,4,4,2,2,2,3,2,4,2,2,1,4,2,3,2,1,1,3,3,1,2,1,4,4,3,1,3,4,1,4,1,2,4,1,2,1,4,1,4,4,4,2,2,4,4,2,2,3,2,3,4,3,4,1,2,4,1,2,4,1,1,2,3,3,3,4,2,3,1,1,1,4,3,3,2,2,1,2,4,1,3,4,3,4,1,2,2,2,2,1,2,3,2,4,3,3,1,2,2,1,4,1,4,2,1,2,4,1,1,4,4,3,2,2,1,1,3,4,3,3,4,2,4,1,1,3,2,2,3,3,2,4,1,3,2,3,1,2,3,3,1,4,3,3,1,1,4,2,1,4,1,4,1,3,2,3,2,4,3,3,4,1,3,2,3,3,2,1,3,3,2,1,4,3,4,3,1,3,1,3,4,3,4,2,2,3,4,2,3,3,2,4,1,3,1,2,3,2,1,3,2,4,4,3,2,4,3,2,2,3,4,2,4,4,3,4,3,2,4,2,1,2,1,3,3,1,1,3,3,2,3,3,4,1,2,1,3,3,2,1,3,1,2,1,1,2,4,2,3,1,1,1,4,4,1,4,2,2,1,4,2,4,2,2,2,1,4,2,3,3,2,4,1,1,1,2,1,1,2,2,2,2,1,3,4,1,3,4,3,2,1,4,3,1,1,2,2,3,3,2,2,1,4,1,1,1,2,4,2,1,2,4,2,3,3,2,1,1,4,1,3,4,1,4,3,2,2,1,4,2,3,2,3,1,1,2,2,3,3,3,2,2,3,1,2,3,2,4,1,1,3,3,2,1,3,3,1,3,1,3,2,3,1,1,3,2,1,1,1,2,4,3,2,4,3,2,4,3,3,2,4,2,4,1,1,3,3,3,3,4,4,3,4,1,1,4,2,1,2,1,4,4,3,3,1,2,2,2,1,2,4,2,1,3,3,4,1,4,1,1,3,2,1,4,3,1,4,1,1,1,4,4,3,4,3,3,3,2,2,3,4,3,1,3,4,3,1,2,4,4,4,3,3,2,1,4,2,1,2,3,1,2,1,1,2,4,2,4,2,1,2,1,3,1,3,4,2,3,2,3,3,3,4,1,4,3,2,1,3,1,3,1,1,4,2,4,1,1,2,3,1,4,4,2,1,3,4,3,2,3,2,4,2,1,3,4,1,3,2,2,3,2,3,1,3,4,4,2,3,1,2,2,1,4,1,1,1,1,3,1,4,1,4,3,2,4,3,1,3,1,4,1,3,4,1,1,1,2,2,3,3,1,4,2,1,4,3,2,1,2,2,1,4,3,2,1,2,2,3,4,2,3,1,1,1,3,2,1,3,4,3,3,4,3,1,2,3,3,1,1,4,3,3,3,2,3,1,3,1,1,1,2,3,1,3,2,3,4,1,2,1,1,4,3,4,1,4,2,1,1,3,2,2,3,3,3,4,3,4,4,2,1,2,1,2,3,4,4,4,2,3,2,1,3,1,4,4,4,4,1,1,1,1,1,4,4,4,2,4,2,1,3,3,2,4,2,1,1,3,4,2,2,1,1,4,2,1,1,2,2,4,2,2,3,4,2,1,1,1,3,1,2,2,2,2,4,1,2,4,2,4,2,3,3,2,1,1,4,4,4,3,1,3,4,4,2,2,2,3,1,4,1,3,1,1,2,2,2,1,4,1,2,2,4,4,2,2,3,3,4,4,3,1,1,3,1,2,1,4,3,1,1,2,2,3,4,4,2,1,2,1,2,2,3,2,1,1,3,1,3,1,3,1,1,4,3,2,1,1,3,2,2,4,4,2,3,3,1,4,4,4,2,3,2,3,4,3,3,4,3,2,1,1,1,2,3,2,3,4,3,1,4,3,4,3,2,3,1,2,2,1,1,1,4,3,2,2,4,3,1,4,3,3,2,2,3,4,2,3,3,2,2,2,2,4,1,2,4,3,1,2,3,4,4,1,1,3,1,3,2,3,2,1,1,1,3,4,4,2,1,1,2,3,2,2,2,2,3,3,3,1,1,2,2,2,4,2,4,1,3,1,2,3,4,3,3,2,4,3,4,3,1,3,2,2,2,4,1,4,3,4,4,2,3,4,4,2,2,2,3,3,2,1,4,2,2,3,1,1,4,2,2,4,1,1,2,2,3,2,1,2,2,4,1,1,1,1,3,4,1,4,3,3,1,2,1,4,1,1,2,3,4,3,2,1,3,1,1,3,4,2,4,3,2,1,1,1,1,1,1,2,3,4,2,4,3,4,3,1,2,2,3,1,3,1,3,3,1,2,1,3,3,2,1,2,4,4,4,4,1,4,2,4,4,3,2,2,2,4,2,2,3,2,4,2,3,2,4,2,2,2,4,3,1,4,4,1,2,1,1,1,2,3,1,1,3,3,3,4,3,4,3,3,3,4,1,3,3,4,1,4,1,3,4,1,4,2,2,3,4,4,3,2,3,2,2,3,4,3,1,2,4,3,3,4,2,1,1,3,1,4,3,1,3,2,1,4,1,1,3,3,2,3,3,1,3,2,4,2,2,1,1,2,1,1,4,4,1,2,1,2,2,2,3,4,1,2,4,1,1,3,4,2,2,4,3,4,2,3,1,4,3,3,2,1,1,4,3,2,2,3,1,4,1,3,1,1,4,1,4,4,3,4,3,2,3,2,1,2,2,2,1,1,1,2,3,4,1,1,3,3,3,1,4,2,3,4,1,2,3,2,1,3,4,4,2,4,4,1,1,4,2,4,1,2,2,3,3,4,3,1,2,1,3,1,2,3,1,1,3,2,4,1,2,3,1,2,2,2,2,1,2,1,3,4,1,3,2,3,2,1,2,1,1,1,4,3,4,2,2,1,1,1,2,2,2,4,4,2,1,4,4,1,3,3,2,4,3,3,3,1,1,1,2,2,3,3,4,1,1,1,2,3,2,2,4,1,2,3,3,1,2,2,3,1,3,1,1,3,2,2,1,3,2,4,2,1,2,3,4,4,2,1,2,2,4,3,4,1,4,3,1,1,2,3,4,1,3,3,1,3,2,1,3,2,3,3,2,2,2,3,3,1,3,1,4,1,1,4,1,1,4,4,2,1,2,4,1,2,4,2,1,4,1,4,1,2,1,2,1,3,2,1,1,1,3,4,1,3,1,2,2,1,2,4,1,4,1,2,3,1,2,2,3,1,3,3,1,3,4"
63,0.9886279079380575,0.5196078431372549,2329.0,"2,2,3,4,1,1,4,1,1,2,4,1,1,4,2,2,3,4,1,1,4,4,4,2,1,1,4,3,1,2,2,2,3,3,3,3,1,2,1,3,2,3,4,4,4,3,1,4,4,3,4,1,3,2,1,1,2,1,1,4,3,1,1,3,4,1,4,2,3,1,1,2,4,4,3,1,3,2,4,2,3,1,1,3,1,3,3,3,4,1,2,1,3,4,4,2,4,4,2,2,4,3,3,3,3,4,3,1,2,1,1,2,2,2,4,1,4,2,3,2,1,3,4,4,4,4,1,2,1,3,1,2,2,2,3,2,1,4,2,1,4,2,1,1,3,3,2,1,2,2,4,1,1,2,2,2,4,1,2,1,3,2,3,2,2,3,1,2,1,1,3,4,2,3,3,1,2,2,2,2,3,3,3,4,2,4,4,3,2,2,2,4,1,2,1,1,2,2,3,2,1,4,3,4,3,4,2,1,3,3,1,2,1,1,3,3,2,2,2,2,1,2,4,4,3,3,1,3,1,4,3,1,3,3,3,1,2,4,1,3,1,1,4,2,1,2,4,2,3,3,1,3,2,1,1,2,1,4,2,2,1,2,1,3,2,3,2,1,4,3,4,4,2,2,2,3,2,4,2,2,1,4,2,3,2,1,1,3,3,1,2,1,4,4,3,1,3,4,1,4,1,2,4,1,2,1,4,1,4,4,4,2,2,4,4,2,2,3,2,3,4,3,4,1,2,4,1,2,4,1,1,2,3,3,3,4,2,3,1,1,1,4,3,3,2,2,1,2,4,1,3,4,3,4,1,2,2,2,2,1,2,3,2,4,3,3,1,2,2,1,4,1,4,2,1,2,4,1,1,4,4,3,2,2,1,1,3,4,3,3,4,2,4,1,1,3,2,2,3,3,2,4,1,3,2,3,1,2,3,3,1,4,3,3,1,1,4,2,1,4,1,4,1,3,2,3,2,4,3,3,4,1,3,2,3,3,2,1,3,3,2,1,4,3,4,3,1,3,1,3,4,3,4,2,2,3,4,2,3,3,2,4,1,3,1,2,3,2,1,3,2,4,4,3,2,4,3,2,2,3,4,2,4,4,3,4,3,2,4,2,1,2,1,3,3,1,1,3,3,2,3,3,4,1,2,1,3,3,2,1,3,1,2,1,1,2,4,2,3,1,1,1,4,4,1,4,2,2,1,4,2,4,2,2,2,1,4,2,3,3,2,4,1,1,1,2,1,1,2,2,2,2,1,3,4,1,3,4,3,2,1,4,3,1,1,2,2,3,3,2,2,1,4,1,1,1,2,4,2,1,2,4,2,3,3,2,1,1,4,1,3,4,1,4,3,2,2,1,4,2,3,2,3,1,1,2,2,3,3,3,2,2,3,1,2,3,2,4,1,1,3,3,2,1,3,3,1,3,1,3,2,3,1,1,3,2,1,1,1,2,4,3,2,4,3,2,4,3,3,2,4,2,4,1,1,3,3,3,3,4,4,3,4,1,1,4,2,1,2,1,4,4,3,3,1,2,2,2,1,2,4,2,1,3,3,4,1,4,1,1,3,2,1,4,3,1,4,1,1,1,4,4,3,4,3,3,3,2,2,3,4,3,1,3,4,3,1,2,4,4,4,3,3,2,1,4,2,1,2,3,1,2,1,1,2,4,2,4,2,1,2,1,3,1,3,4,2,3,2,3,3,3,4,1,4,3,2,1,3,1,3,1,1,4,2,4,1,1,2,3,1,4,4,2,1,3,4,3,2,3,2,4,2,1,3,4,1,3,2,2,3,2,3,1,3,4,4,2,3,1,2,2,1,4,1,1,1,1,3,1,4,1,4,3,2,4,3,1,3,1,4,1,3,4,1,1,1,2,2,3,3,1,4,2,1,4,3,2,1,2,2,1,4,3,2,1,2,2,3,4,2,3,1,1,1,3,2,1,3,4,3,3,4,3,1,2,3,3,1,1,4,3,3,3,2,3,1,3,1,1,1,2,3,1,3,2,3,4,1,2,1,1,4,3,4,1,4,2,1,1,3,2,2,3,3,3,4,3,4,4,2,1,2,1,2,3,4,4,4,2,3,2,1,3,1,4,4,4,4,1,1,1,1,1,4,4,4,2,4,2,1,3,3,2,4,2,1,1,3,4,2,2,1,1,4,2,1,1,2,2,4,2,2,3,4,2,1,1,1,3,1,2,2,2,2,4,1,2,4,2,4,2,3,3,2,1,1,4,4,4,3,1,3,4,4,2,2,2,3,1,4,1,3,1,1,2,2,2,1,4,1,2,2,4,4,2,2,3,3,4,4,3,1,1,3,1,2,1,4,3,1,1,2,2,3,4,4,2,1,2,1,2,2,3,2,1,1,3,1,3,1,3,1,1,4,3,2,1,1,3,2,2,4,4,2,3,3,1,4,4,4,2,3,2,3,4,3,3,4,3,2,1,1,1,2,3,2,3,4,3,1,4,3,4,3,2,3,1,2,2,1,1,1,4,3,2,2,4,3,1,4,3,3,2,2,3,4,2,3,3,2,2,2,2,4,1,2,4,3,1,2,3,4,4,1,1,3,1,3,2,3,2,1,1,1,3,4,4,2,1,1,2,3,2,2,2,2,3,3,3,1,1,2,2,2,4,2,4,1,3,1,2,3,4,3,3,2,4,3,4,3,1,3,2,2,2,4,1,4,3,4,4,2,3,4,4,2,2,2,3,3,2,1,4,2,2,3,1,1,4,2,2,4,1,1,2,2,3,2,1,2,2,4,1,1,1,1,3,4,1,4,3,3,1,2,1,4,1,1,2,3,4,3,2,1,3,1,1,3,4,2,4,3,2,1,1,1,1,1,1,2,3,4,2,4,3,4,3,1,2,2,3,1,3,1,3,3,1,2,1,3,3,2,1,2,4,4,4,4,1,4,2,4,4,3,2,2,2,4,2,2,3,2,4,2,3,2,4,2,2,2,4,3,1,4,4,1,2,1,1,1,2,3,1,1,3,3,3,4,3,4,3,3,3,4,1,3,3,4,1,4,1,3,4,1,4,2,2,3,4,4,3,2,3,2,2,3,4,3,1,2,4,3,3,4,2,1,1,3,1,4,3,1,3,2,1,4,1,1,3,3,2,3,3,1,3,2,4,2,2,1,1,2,1,1,4,4,1,2,1,2,2,2,3,4,1,2,4,1,1,3,4,2,2,4,3,4,2,3,1,4,3,3,2,1,1,4,3,2,2,3,1,4,1,3,1,1,4,1,4,4,3,4,3,2,3,2,1,2,2,2,1,1,1,2,3,4,1,1,3,3,3,1,4,2,3,4,1,2,3,2,1,3,4,4,2,4,4,1,1,4,2,4,1,2,2,3,3,4,3,1,2,1,3,1,2,3,1,1,3,2,4,1,2,3,1,2,2,2,2,1,2,1,3,4,1,3,2,3,2,1,2,1,1,1,4,3,4,2,2,1,1,1,2,2,2,4,4,2,1,4,4,1,3,3,2,4,3,3,3,1,1,1,2,2,3,3,4,1,1,1,2,3,2,2,4,1,2,3,3,1,2,2,3,1,3,1,1,3,2,2,1,3,2,4,2,1,2,3,4,4,2,1,2,2,4,3,4,1,4,3,1,1,2,3,4,1,3,3,1,3,2,1,3,2,3,3,2,2,2,3,3,1,3,1,4,1,1,4,1,1,4,4,2,1,2,4,1,2,4,2,1,4,1,4,1,2,1,2,1,3,2,1,1,1,3,4,1,3,1,2,2,1,2,4,1,4,1,2,3,1,2,2,3,1,3,3,1,3,4"
64,0.9886279079380575,0.5196078431372549,2329.0,"2,2,3,4,1,1,4,1,1,2,4,1,1,4,2,2,3,4,1,1,4,4,4,2,1,1,4,3,1,2,2,2,3,3,3,3,1,2,1,3,2,3,4,4,4,3,1,4,4,3,4,1,3,2,1,1,2,1,1,4,3,1,1,3,4,1,4,2,3,1,1,2,4,4,3,1,3,2,4,2,3,1,1,3,1,3,3,3,4,1,2,1,3,4,4,2,4,4,2,2,4,3,3,3,3,4,3,1,2,1,1,2,2,2,4,1,4,2,3,2,1,3,4,4,4,4,1,2,1,3,1,2,2,2,3,2,1,4,2,1,4,2,1,1,3,3,2,1,2,2,4,1,1,2,2,2,4,1,2,1,3,2,3,2,2,3,1,2,1,1,3,4,2,3,3,1,2,2,2,2,3,3,3,4,2,4,4,3,2,2,2,4,1,2,1,1,2,2,3,2,1,4,3,4,3,4,2,1,3,3,1,2,1,1,3,3,2,2,2,2,1,2,4,4,3,3,1,3,1,4,3,1,3,3,3,1,2,4,1,3,1,1,4,2,1,2,4,2,3,3,1,3,2,1,1,2,1,4,2,2,1,2,1,3,2,3,2,1,4,3,4,4,2,2,2,3,2,4,2,2,1,4,2,3,2,1,1,3,3,1,2,1,4,4,3,1,3,4,1,4,1,2,4,1,2,1,4,1,4,4,4,2,2,4,4,2,2,3,2,3,4,3,4,1,2,4,1,2,4,1,1,2,3,3,3,4,2,3,1,1,1,4,3,3,2,2,1,2,4,1,3,4,3,4,1,2,2,2,2,1,2,3,2,4,3,3,1,2,2,1,4,1,4,2,1,2,4,1,1,4,4,3,2,2,1,1,3,4,3,3,4,2,4,1,1,3,2,2,3,3,2,4,1,3,2,3,1,2,3,3,1,4,3,3,1,1,4,2,1,4,1,4,1,3,2,3,2,4,3,3,4,1,3,2,3,3,2,1,3,3,2,1,4,3,4,3,1,3,1,3,4,3,4,2,2,3,4,2,3,3,2,4,1,3,1,2,3,2,1,3,2,4,4,3,2,4,3,2,2,3,4,2,4,4,3,4,3,2,4,2,1,2,1,3,3,1,1,3,3,2,3,3,4,1,2,1,3,3,2,1,3,1,2,1,1,2,4,2,3,1,1,1,4,4,1,4,2,2,1,4,2,4,2,2,2,1,4,2,3,3,2,4,1,1,1,2,1,1,2,2,2,2,1,3,4,1,3,4,3,2,1,4,3,1,1,2,2,3,3,2,2,1,4,1,1,1,2,4,2,1,2,4,2,3,3,2,1,1,4,1,3,4,1,4,3,2,2,1,4,2,3,2,3,1,1,2,2,3,3,3,2,2,3,1,2,3,2,4,1,1,3,3,2,1,3,3,1,3,1,3,2,3,1,1,3,2,1,1,1,2,4,3,2,4,3,2,4,3,3,2,4,2,4,1,1,3,3,3,3,4,4,3,4,1,1,4,2,1,2,1,4,4,3,3,1,2,2,2,1,2,4,2,1,3,3,4,1,4,1,1,3,2,1,4,3,1,4,1,1,1,4,4,3,4,3,3,3,2,2,3,4,3,1,3,4,3,1,2,4,4,4,3,3,2,1,4,2,1,2,3,1,2,1,1,2,4,2,4,2,1,2,1,3,1,3,4,2,3,2,3,3,3,4,1,4,3,2,1,3,1,3,1,1,4,2,4,1,1,2,3,1,4,4,2,1,3,4,3,2,3,2,4,2,1,3,4,1,3,2,2,3,2,3,1,3,4,4,2,3,1,2,2,1,4,1,1,1,1,3,1,4,1,4,3,2,4,3,1,3,1,4,1,3,4,1,1,1,2,2,3,3,1,4,2,1,4,3,2,1,2,2,1,4,3,2,1,2,2,3,4,2,3,1,1,1,3,2,1,3,4,3,3,4,3,1,2,3,3,1,1,4,3,3,3,2,3,1,3,1,1,1,2,3,1,3,2,3,4,1,2,1,1,4,3,4,1,4,2,1,1,3,2,2,3,3,3,4,3,4,4,2,1,2,1,2,3,4,4,4,2,3,2,1,3,1,4,4,4,4,1,1,1,1,1,4,4,4,2,4,2,1,3,3,2,4,2,1,1,3,4,2,2,1,1,4,2,1,1,2,2,4,2,2,3,4,2,1,1,1,3,1,2,2,2,2,4,1,2,4,2,4,2,3,3,2,1,1,4,4,4,3,1,3,4,4,2,2,2,3,1,4,1,3,1,1,2,2,2,1,4,1,2,2,4,4,2,2,3,3,4,4,3,1,1,3,1,2,1,4,3,1,1,2,2,3,4,4,2,1,2,1,2,2,3,2,1,1,3,1,3,1,3,1,1,4,3,2,1,1,3,2,2,4,4,2,3,3,1,4,4,4,2,3,2,3,4,3,3,4,3,2,1,1,1,2,3,2,3,4,3,1,4,3,4,3,2,3,1,2,2,1,1,1,4,3,2,2,4,3,1,4,3,3,2,2,3,4,2,3,3,2,2,2,2,4,1,2,4,3,1,2,3,4,4,1,1,3,1,3,2,3,2,1,1,1,3,4,4,2,1,1,2,3,2,2,2,2,3,3,3,1,1,2,2,2,4,2,4,1,3,1,2,3,4,3,3,2,4,3,4,3,1,3,2,2,2,4,1,4,3,4,4,2,3,4,4,2,2,2,3,3,2,1,4,2,2,3,1,1,4,2,2,4,1,1,2,2,3,2,1,2,2,4,1,1,1,1,3,4,1,4,3,3,1,2,1,4,1,1,2,3,4,3,2,1,3,1,1,3,4,2,4,3,2,1,1,1,1,1,1,2,3,4,2,4,3,4,3,1,2,2,3,1,3,1,3,3,1,2,1,3,3,2,1,2,4,4,4,4,1,4,2,4,4,3,2,2,2,4,2,2,3,2,4,2,3,2,4,2,2,2,4,3,1,4,4,1,2,1,1,1,2,3,1,1,3,3,3,4,3,4,3,3,3,4,1,3,3,4,1,4,1,3,4,1,4,2,2,3,4,4,3,2,3,2,2,3,4,3,1,2,4,3,3,4,2,1,1,3,1,4,3,1,3,2,1,4,1,1,3,3,2,3,3,1,3,2,4,2,2,1,1,2,1,1,4,4,1,2,1,2,2,2,3,4,1,2,4,1,1,3,4,2,2,4,3,4,2,3,1,4,3,3,2,1,1,4,3,2,2,3,1,4,1,3,1,1,4,1,4,4,3,4,3,2,3,2,1,2,2,2,1,1,1,2,3,4,1,1,3,3,3,1,4,2,3,4,1,2,3,2,1,3,4,4,2,4,4,1,1,4,2,4,1,2,2,3,3,4,3,1,2,1,3,1,2,3,1,1,3,2,4,1,2,3,1,2,2,2,2,1,2,1,3,4,1,3,2,3,2,1,2,1,1,1,4,3,4,2,2,1,1,1,2,2,2,4,4,2,1,4,4,1,3,3,2,4,3,3,3,1,1,1,2,2,3,3,4,1,1,1,2,3,2,2,4,1,2,3,3,1,2,2,3,1,3,1,1,3,2,2,1,3,2,4,2,1,2,3,4,4,2,1,2,2,4,3,4,1,4,3,1,1,2,3,4,1,3,3,1,3,2,1,3,2,3,3,2,2,2,3,3,1,3,1,4,1,1,4,1,1,4,4,2,1,2,4,1,2,4,2,1,4,1,4,1,2,1,2,1,3,2,1,1,1,3,4,1,3,1,2,2,1,2,4,1,4,1,2,3,1,2,2,3,1,3,3,1,3,4"
65,0.9886279079380575,0.5196078431372549,2329.0,"2,2,3,4,1,1,4,1,1,2,4,1,1,4,2,2,3,4,1,1,4,4,4,2,1,1,4,3,1,2,2,2,3,3,3,3,1,2,1,3,2,3,4,4,4,3,1,4,4,3,4,1,3,2,1,1,2,1,1,4,3,1,1,3,4,1,4,2,3,1,1,2,4,4,3,1,3,2,4,2,3,1,1,3,1,3,3,3,4,1,2,1,3,4,4,2,4,4,2,2,4,3,3,3,3,4,3,1,2,1,1,2,2,2,4,1,4,2,3,2,1,3,4,4,4,4,1,2,1,3,1,2,2,2,3,2,1,4,2,1,4,2,1,1,3,3,2,1,2,2,4,1,1,2,2,2,4,1,2,1,3,2,3,2,2,3,1,2,1,1,3,4,2,3,3,1,2,2,2,2,3,3,3,4,2,4,4,3,2,2,2,4,1,2,1,1,2,2,3,2,1,4,3,4,3,4,2,1,3,3,1,2,1,1,3,3,2,2,2,2,1,2,4,4,3,3,1,3,1,4,3,1,3,3,3,1,2,4,1,3,1,1,4,2,1,2,4,2,3,3,1,3,2,1,1,2,1,4,2,2,1,2,1,3,2,3,2,1,4,3,4,4,2,2,2,3,2,4,2,2,1,4,2,3,2,1,1,3,3,1,2,1,4,4,3,1,3,4,1,4,1,2,4,1,2,1,4,1,4,4,4,2,2,4,4,2,2,3,2,3,4,3,4,1,2,4,1,2,4,1,1,2,3,3,3,4,2,3,1,1,1,4,3,3,2,2,1,2,4,1,3,4,3,4,1,2,2,2,2,1,2,3,2,4,3,3,1,2,2,1,4,1,4,2,1,2,4,1,1,4,4,3,2,2,1,1,3,4,3,3,4,2,4,1,1,3,2,2,3,3,2,4,1,3,2,3,1,2,3,3,1,4,3,3,1,1,4,2,1,4,1,4,1,3,2,3,2,4,3,3,4,1,3,2,3,3,2,1,3,3,2,1,4,3,4,3,1,3,1,3,4,3,4,2,2,3,4,2,3,3,2,4,1,3,1,2,3,2,1,3,2,4,4,3,2,4,3,2,2,3,4,2,4,4,3,4,3,2,4,2,1,2,1,3,3,1,1,3,3,2,3,3,4,1,2,1,3,3,2,1,3,1,2,1,1,2,4,2,3,1,1,1,4,4,1,4,2,2,1,4,2,4,2,2,2,1,4,2,3,3,2,4,1,1,1,2,1,1,2,2,2,2,1,3,4,1,3,4,3,2,1,4,3,1,1,2,2,3,3,2,2,1,4,1,1,1,2,4,2,1,2,4,2,3,3,2,1,1,4,1,3,4,1,4,3,2,2,1,4,2,3,2,3,1,1,2,2,3,3,3,2,2,3,1,2,3,2,4,1,1,3,3,2,1,3,3,1,3,1,3,2,3,1,1,3,2,1,1,1,2,4,3,2,4,3,2,4,3,3,2,4,2,4,1,1,3,3,3,3,4,4,3,4,1,1,4,2,1,2,1,4,4,3,3,1,2,2,2,1,2,4,2,1,3,3,4,1,4,1,1,3,2,1,4,3,1,4,1,1,1,4,4,3,4,3,3,3,2,2,3,4,3,1,3,4,3,1,2,4,4,4,3,3,2,1,4,2,1,2,3,1,2,1,1,2,4,2,4,2,1,2,1,3,1,3,4,2,3,2,3,3,3,4,1,4,3,2,1,3,1,3,1,1,4,2,4,1,1,2,3,1,4,4,2,1,3,4,3,2,3,2,4,2,1,3,4,1,3,2,2,3,2,3,1,3,4,4,2,3,1,2,2,1,4,1,1,1,1,3,1,4,1,4,3,2,4,3,1,3,1,4,1,3,4,1,1,1,2,2,3,3,1,4,2,1,4,3,2,1,2,2,1,4,3,2,1,2,2,3,4,2,3,1,1,1,3,2,1,3,4,3,3,4,3,1,2,3,3,1,1,4,3,3,3,2,3,1,3,1,1,1,2,3,1,3,2,3,4,1,2,1,1,4,3,4,1,4,2,1,1,3,2,2,3,3,3,4,3,4,4,2,1,2,1,2,3,4,4,4,2,3,2,1,3,1,4,4,4,4,1,1,1,1,1,4,4,4,2,4,2,1,3,3,2,4,2,1,1,3,4,2,2,1,1,4,2,1,1,2,2,4,2,2,3,4,2,1,1,1,3,1,2,2,2,2,4,1,2,4,2,4,2,3,3,2,1,1,4,4,4,3,1,3,4,4,2,2,2,3,1,4,1,3,1,1,2,2,2,1,4,1,2,2,4,4,2,2,3,3,4,4,3,1,1,3,1,2,1,4,3,1,1,2,2,3,4,4,2,1,2,1,2,2,3,2,1,1,3,1,3,1,3,1,1,4,3,2,1,1,3,2,2,4,4,2,3,3,1,4,4,4,2,3,2,3,4,3,3,4,3,2,1,1,1,2,3,2,3,4,3,1,4,3,4,3,2,3,1,2,2,1,1,1,4,3,2,2,4,3,1,4,3,3,2,2,3,4,2,3,3,2,2,2,2,4,1,2,4,3,1,2,3,4,4,1,1,3,1,3,2,3,2,1,1,1,3,4,4,2,1,1,2,3,2,2,2,2,3,3,3,1,1,2,2,2,4,2,4,1,3,1,2,3,4,3,3,2,4,3,4,3,1,3,2,2,2,4,1,4,3,4,4,2,3,4,4,2,2,2,3,3,2,1,4,2,2,3,1,1,4,2,2,4,1,1,2,2,3,2,1,2,2,4,1,1,1,1,3,4,1,4,3,3,1,2,1,4,1,1,2,3,4,3,2,1,3,1,1,3,4,2,4,3,2,1,1,1,1,1,1,2,3,4,2,4,3,4,3,1,2,2,3,1,3,1,3,3,1,2,1,3,3,2,1,2,4,4,4,4,1,4,2,4,4,3,2,2,2,4,2,2,3,2,4,2,3,2,4,2,2,2,4,3,1,4,4,1,2,1,1,1,2,3,1,1,3,3,3,4,3,4,3,3,3,4,1,3,3,4,1,4,1,3,4,1,4,2,2,3,4,4,3,2,3,2,2,3,4,3,1,2,4,3,3,4,2,1,1,3,1,4,3,1,3,2,1,4,1,1,3,3,2,3,3,1,3,2,4,2,2,1,1,2,1,1,4,4,1,2,1,2,2,2,3,4,1,2,4,1,1,3,4,2,2,4,3,4,2,3,1,4,3,3,2,1,1,4,3,2,2,3,1,4,1,3,1,1,4,1,4,4,3,4,3,2,3,2,1,2,2,2,1,1,1,2,3,4,1,1,3,3,3,1,4,2,3,4,1,2,3,2,1,3,4,4,2,4,4,1,1,4,2,4,1,2,2,3,3,4,3,1,2,1,3,1,2,3,1,1,3,2,4,1,2,3,1,2,2,2,2,1,2,1,3,4,1,3,2,3,2,1,2,1,1,1,4,3,4,2,2,1,1,1,2,2,2,4,4,2,1,4,4,1,3,3,2,4,3,3,3,1,1,1,2,2,3,3,4,1,1,1,2,3,2,2,4,1,2,3,3,1,2,2,3,1,3,1,1,3,2,2,1,3,2,4,2,1,2,3,4,4,2,1,2,2,4,3,4,1,4,3,1,1,2,3,4,1,3,3,1,3,2,1,3,2,3,3,2,2,2,3,3,1,3,1,4,1,1,4,1,1,4,4,2,1,2,4,1,2,4,2,1,4,1,4,1,2,1,2,1,3,2,1,1,1,3,4,1,3,1,2,2,1,2,4,1,4,1,2,3,1,2,2,3,1,3,3,1,3,4"
66,0.9886279079380575,0.5196078431372549,2329.0,"2,2,3,4,1,1,4,1,1,2,4,1,1,4,2,2,3,4,1,1,4,4,4,2,1,1,4,3,1,2,2,2,3,3,3,3,1,2,1,3,2,3,4,4,4,3,1,4,4,3,4,1,3,2,1,1,2,1,1,4,3,1,1,3,4,1,4,2,3,1,1,2,4,4,3,1,3,2,4,2,3,1,1,3,1,3,3,3,4,1,2,1,3,4,4,2,4,4,2,2,4,3,3,3,3,4,3,1,2,1,1,2,2,2,4,1,4,2,3,2,1,3,4,4,4,4,1,2,1,3,1,2,2,2,3,2,1,4,2,1,4,2,1,1,3,3,2,1,2,2,4,1,1,2,2,2,4,1,2,1,3,2,3,2,2,3,1,2,1,1,3,4,2,3,3,1,2,2,2,2,3,3,3,4,2,4,4,3,2,2,2,4,1,2,1,1,2,2,3,2,1,4,3,4,3,4,2,1,3,3,1,2,1,1,3,3,2,2,2,2,1,2,4,4,3,3,1,3,1,4,3,1,3,3,3,1,2,4,1,3,1,1,4,2,1,2,4,2,3,3,1,3,2,1,1,2,1,4,2,2,1,2,1,3,2,3,2,1,4,3,4,4,2,2,2,3,2,4,2,2,1,4,2,3,2,1,1,3,3,1,2,1,4,4,3,1,3,4,1,4,1,2,4,1,2,1,4,1,4,4,4,2,2,4,4,2,2,3,2,3,4,3,4,1,2,4,1,2,4,1,1,2,3,3,3,4,2,3,1,1,1,4,3,3,2,2,1,2,4,1,3,4,3,4,1,2,2,2,2,1,2,3,2,4,3,3,1,2,2,1,4,1,4,2,1,2,4,1,1,4,4,3,2,2,1,1,3,4,3,3,4,2,4,1,1,3,2,2,3,3,2,4,1,3,2,3,1,2,3,3,1,4,3,3,1,1,4,2,1,4,1,4,1,3,2,3,2,4,3,3,4,1,3,2,3,3,2,1,3,3,2,1,4,3,4,3,1,3,1,3,4,3,4,2,2,3,4,2,3,3,2,4,1,3,1,2,3,2,1,3,2,4,4,3,2,4,3,2,2,3,4,2,4,4,3,4,3,2,4,2,1,2,1,3,3,1,1,3,3,2,3,3,4,1,2,1,3,3,2,1,3,1,2,1,1,2,4,2,3,1,1,1,4,4,1,4,2,2,1,4,2,4,2,2,2,1,4,2,3,3,2,4,1,1,1,2,1,1,2,2,2,2,1,3,4,1,3,4,3,2,1,4,3,1,1,2,2,3,3,2,2,1,4,1,1,1,2,4,2,1,2,4,2,3,3,2,1,1,4,1,3,4,1,4,3,2,2,1,4,2,3,2,3,1,1,2,2,3,3,3,2,2,3,1,2,3,2,4,1,1,3,3,2,1,3,3,1,3,1,3,2,3,1,1,3,2,1,1,1,2,4,3,2,4,3,2,4,3,3,2,4,2,4,1,1,3,3,3,3,4,4,3,4,1,1,4,2,1,2,1,4,4,3,3,1,2,2,2,1,2,4,2,1,3,3,4,1,4,1,1,3,2,1,4,3,1,4,1,1,1,4,4,3,4,3,3,3,2,2,3,4,3,1,3,4,3,1,2,4,4,4,3,3,2,1,4,2,1,2,3,1,2,1,1,2,4,2,4,2,1,2,1,3,1,3,4,2,3,2,3,3,3,4,1,4,3,2,1,3,1,3,1,1,4,2,4,1,1,2,3,1,4,4,2,1,3,4,3,2,3,2,4,2,1,3,4,1,3,2,2,3,2,3,1,3,4,4,2,3,1,2,2,1,4,1,1,1,1,3,1,4,1,4,3,2,4,3,1,3,1,4,1,3,4,1,1,1,2,2,3,3,1,4,2,1,4,3,2,1,2,2,1,4,3,2,1,2,2,3,4,2,3,1,1,1,3,2,1,3,4,3,3,4,3,1,2,3,3,1,1,4,3,3,3,2,3,1,3,1,1,1,2,3,1,3,2,3,4,1,2,1,1,4,3,4,1,4,2,1,1,3,2,2,3,3,3,4,3,4,4,2,1,2,1,2,3,4,4,4,2,3,2,1,3,1,4,4,4,4,1,1,1,1,1,4,4,4,2,4,2,1,3,3,2,4,2,1,1,3,4,2,2,1,1,4,2,1,1,2,2,4,2,2,3,4,2,1,1,1,3,1,2,2,2,2,4,1,2,4,2,4,2,3,3,2,1,1,4,4,4,3,1,3,4,4,2,2,2,3,1,4,1,3,1,1,2,2,2,1,4,1,2,2,4,4,2,2,3,3,4,4,3,1,1,3,1,2,1,4,3,1,1,2,2,3,4,4,2,1,2,1,2,2,3,2,1,1,3,1,3,1,3,1,1,4,3,2,1,1,3,2,2,4,4,2,3,3,1,4,4,4,2,3,2,3,4,3,3,4,3,2,1,1,1,2,3,2,3,4,3,1,4,3,4,3,2,3,1,2,2,1,1,1,4,3,2,2,4,3,1,4,3,3,2,2,3,4,2,3,3,2,2,2,2,4,1,2,4,3,1,2,3,4,4,1,1,3,1,3,2,3,2,1,1,1,3,4,4,2,1,1,2,3,2,2,2,2,3,3,3,1,1,2,2,2,4,2,4,1,3,1,2,3,4,3,3,2,4,3,4,3,1,3,2,2,2,4,1,4,3,4,4,2,3,4,4,2,2,2,3,3,2,1,4,2,2,3,1,1,4,2,2,4,1,1,2,2,3,2,1,2,2,4,1,1,1,1,3,4,1,4,3,3,1,2,1,4,1,1,2,3,4,3,2,1,3,1,1,3,4,2,4,3,2,1,1,1,1,1,1,2,3,4,2,4,3,4,3,1,2,2,3,1,3,1,3,3,1,2,1,3,3,2,1,2,4,4,4,4,1,4,2,4,4,3,2,2,2,4,2,2,3,2,4,2,3,2,4,2,2,2,4,3,1,4,4,1,2,1,1,1,2,3,1,1,3,3,3,4,3,4,3,3,3,4,1,3,3,4,1,4,1,3,4,1,4,2,2,3,4,4,3,2,3,2,2,3,4,3,1,2,4,3,3,4,2,1,1,3,1,4,3,1,3,2,1,4,1,1,3,3,2,3,3,1,3,2,4,2,2,1,1,2,1,1,4,4,1,2,1,2,2,2,3,4,1,2,4,1,1,3,4,2,2,4,3,4,2,3,1,4,3,3,2,1,1,4,3,2,2,3,1,4,1,3,1,1,4,1,4,4,3,4,3,2,3,2,1,2,2,2,1,1,1,2,3,4,1,1,3,3,3,1,4,2,3,4,1,2,3,2,1,3,4,4,2,4,4,1,1,4,2,4,1,2,2,3,3,4,3,1,2,1,3,1,2,3,1,1,3,2,4,1,2,3,1,2,2,2,2,1,2,1,3,4,1,3,2,3,2,1,2,1,1,1,4,3,4,2,2,1,1,1,2,2,2,4,4,2,1,4,4,1,3,3,2,4,3,3,3,1,1,1,2,2,3,3,4,1,1,1,2,3,2,2,4,1,2,3,3,1,2,2,3,1,3,1,1,3,2,2,1,3,2,4,2,1,2,3,4,4,2,1,2,2,4,3,4,1,4,3,1,1,2,3,4,1,3,3,1,3,2,1,3,2,3,3,2,2,2,3,3,1,3,1,4,1,1,4,1,1,4,4,2,1,2,4,1,2,4,2,1,4,1,4,1,2,1,2,1,3,2,1,1,1,3,4,1,3,1,2,2,1,2,4,1,4,1,2,3,1,2,2,3,1,3,3,1,3,4"
67,0.9886279079380575,0.5196078431372549,2329.0,"2,2,3,4,1,1,4,1,1,2,4,1,1,4,2,2,3,4,1,1,4,4,4,2,1,1,4,3,1,2,2,2,3,3,3,3,1,2,1,3,2,3,4,4,4,3,1,4,4,3,4,1,3,2,1,1,2,1,1,4,3,1,1,3,4,1,4,2,3,1,1,2,4,4,3,1,3,2,4,2,3,1,1,3,1,3,3,3,4,1,2,1,3,4,4,2,4,4,2,2,4,3,3,3,3,4,3,1,2,1,1,2,2,2,4,1,4,2,3,2,1,3,4,4,4,4,1,2,1,3,1,2,2,2,3,2,1,4,2,1,4,2,1,1,3,3,2,1,2,2,4,1,1,2,2,2,4,1,2,1,3,2,3,2,2,3,1,2,1,1,3,4,2,3,3,1,2,2,2,2,3,3,3,4,2,4,4,3,2,2,2,4,1,2,1,1,2,2,3,2,1,4,3,4,3,4,2,1,3,3,1,2,1,1,3,3,2,2,2,2,1,2,4,4,3,3,1,3,1,4,3,1,3,3,3,1,2,4,1,3,1,1,4,2,1,2,4,2,3,3,1,3,2,1,1,2,1,4,2,2,1,2,1,3,2,3,2,1,4,3,4,4,2,2,2,3,2,4,2,2,1,4,2,3,2,1,1,3,3,1,2,1,4,4,3,1,3,4,1,4,1,2,4,1,2,1,4,1,4,4,4,2,2,4,4,2,2,3,2,3,4,3,4,1,2,4,1,2,4,1,1,2,3,3,3,4,2,3,1,1,1,4,3,3,2,2,1,2,4,1,3,4,3,4,1,2,2,2,2,1,2,3,2,4,3,3,1,2,2,1,4,1,4,2,1,2,4,1,1,4,4,3,2,2,1,1,3,4,3,3,4,2,4,1,1,3,2,2,3,3,2,4,1,3,2,3,1,2,3,3,1,4,3,3,1,1,4,2,1,4,1,4,1,3,2,3,2,4,3,3,4,1,3,2,3,3,2,1,3,3,2,1,4,3,4,3,1,3,1,3,4,3,4,2,2,3,4,2,3,3,2,4,1,3,1,2,3,2,1,3,2,4,4,3,2,4,3,2,2,3,4,2,4,4,3,4,3,2,4,2,1,2,1,3,3,1,1,3,3,2,3,3,4,1,2,1,3,3,2,1,3,1,2,1,1,2,4,2,3,1,1,1,4,4,1,4,2,2,1,4,2,4,2,2,2,1,4,2,3,3,2,4,1,1,1,2,1,1,2,2,2,2,1,3,4,1,3,4,3,2,1,4,3,1,1,2,2,3,3,2,2,1,4,1,1,1,2,4,2,1,2,4,2,3,3,2,1,1,4,1,3,4,1,4,3,2,2,1,4,2,3,2,3,1,1,2,2,3,3,3,2,2,3,1,2,3,2,4,1,1,3,3,2,1,3,3,1,3,1,3,2,3,1,1,3,2,1,1,1,2,4,3,2,4,3,2,4,3,3,2,4,2,4,1,1,3,3,3,3,4,4,3,4,1,1,4,2,1,2,1,4,4,3,3,1,2,2,2,1,2,4,2,1,3,3,4,1,4,1,1,3,2,1,4,3,1,4,1,1,1,4,4,3,4,3,3,3,2,2,3,4,3,1,3,4,3,1,2,4,4,4,3,3,2,1,4,2,1,2,3,1,2,1,1,2,4,2,4,2,1,2,1,3,1,3,4,2,3,2,3,3,3,4,1,4,3,2,1,3,1,3,1,1,4,2,4,1,1,2,3,1,4,4,2,1,3,4,3,2,3,2,4,2,1,3,4,1,3,2,2,3,2,3,1,3,4,4,2,3,1,2,2,1,4,1,1,1,1,3,1,4,1,4,3,2,4,3,1,3,1,4,1,3,4,1,1,1,2,2,3,3,1,4,2,1,4,3,2,1,2,2,1,4,3,2,1,2,2,3,4,2,3,1,1,1,3,2,1,3,4,3,3,4,3,1,2,3,3,1,1,4,3,3,3,2,3,1,3,1,1,1,2,3,1,3,2,3,4,1,2,1,1,4,3,4,1,4,2,1,1,3,2,2,3,3,3,4,3,4,4,2,1,2,1,2,3,4,4,4,2,3,2,1,3,1,4,4,4,4,1,1,1,1,1,4,4,4,2,4,2,1,3,3,2,4,2,1,1,3,4,2,2,1,1,4,2,1,1,2,2,4,2,2,3,4,2,1,1,1,3,1,2,2,2,2,4,1,2,4,2,4,2,3,3,2,1,1,4,4,4,3,1,3,4,4,2,2,2,3,1,4,1,3,1,1,2,2,2,1,4,1,2,2,4,4,2,2,3,3,4,4,3,1,1,3,1,2,1,4,3,1,1,2,2,3,4,4,2,1,2,1,2,2,3,2,1,1,3,1,3,1,3,1,1,4,3,2,1,1,3,2,2,4,4,2,3,3,1,4,4,4,2,3,2,3,4,3,3,4,3,2,1,1,1,2,3,2,3,4,3,1,4,3,4,3,2,3,1,2,2,1,1,1,4,3,2,2,4,3,1,4,3,3,2,2,3,4,2,3,3,2,2,2,2,4,1,2,4,3,1,2,3,4,4,1,1,3,1,3,2,3,2,1,1,1,3,4,4,2,1,1,2,3,2,2,2,2,3,3,3,1,1,2,2,2,4,2,4,1,3,1,2,3,4,3,3,2,4,3,4,3,1,3,2,2,2,4,1,4,3,4,4,2,3,4,4,2,2,2,3,3,2,1,4,2,2,3,1,1,4,2,2,4,1,1,2,2,3,2,1,2,2,4,1,1,1,1,3,4,1,4,3,3,1,2,1,4,1,1,2,3,4,3,2,1,3,1,1,3,4,2,4,3,2,1,1,1,1,1,1,2,3,4,2,4,3,4,3,1,2,2,3,1,3,1,3,3,1,2,1,3,3,2,1,2,4,4,4,4,1,4,2,4,4,3,2,2,2,4,2,2,3,2,4,2,3,2,4,2,2,2,4,3,1,4,4,1,2,1,1,1,2,3,1,1,3,3,3,4,3,4,3,3,3,4,1,3,3,4,1,4,1,3,4,1,4,2,2,3,4,4,3,2,3,2,2,3,4,3,1,2,4,3,3,4,2,1,1,3,1,4,3,1,3,2,1,4,1,1,3,3,2,3,3,1,3,2,4,2,2,1,1,2,1,1,4,4,1,2,1,2,2,2,3,4,1,2,4,1,1,3,4,2,2,4,3,4,2,3,1,4,3,3,2,1,1,4,3,2,2,3,1,4,1,3,1,1,4,1,4,4,3,4,3,2,3,2,1,2,2,2,1,1,1,2,3,4,1,1,3,3,3,1,4,2,3,4,1,2,3,2,1,3,4,4,2,4,4,1,1,4,2,4,1,2,2,3,3,4,3,1,2,1,3,1,2,3,1,1,3,2,4,1,2,3,1,2,2,2,2,1,2,1,3,4,1,3,2,3,2,1,2,1,1,1,4,3,4,2,2,1,1,1,2,2,2,4,4,2,1,4,4,1,3,3,2,4,3,3,3,1,1,1,2,2,3,3,4,1,1,1,2,3,2,2,4,1,2,3,3,1,2,2,3,1,3,1,1,3,2,2,1,3,2,4,2,1,2,3,4,4,2,1,2,2,4,3,4,1,4,3,1,1,2,3,4,1,3,3,1,3,2,1,3,2,3,3,2,2,2,3,3,1,3,1,4,1,1,4,1,1,4,4,2,1,2,4,1,2,4,2,1,4,1,4,1,2,1,2,1,3,2,1,1,1,3,4,1,3,1,2,2,1,2,4,1,4,1,2,3,1,2,2,3,1,3,3,1,3,4"
68,0.9886279079380575,0.5196078431372549,2329.0,"2,2,3,4,1,1,4,1,1,2,4,1,1,4,2,2,3,4,1,1,4,4,4,2,1,1,4,3,1,2,2,2,3,3,3,3,1,2,1,3,2,3,4,4,4,3,1,4,4,3,4,1,3,2,1,1,2,1,1,4,3,1,1,3,4,1,4,2,3,1,1,2,4,4,3,1,3,2,4,2,3,1,1,3,1,3,3,3,4,1,2,1,3,4,4,2,4,4,2,2,4,3,3,3,3,4,3,1,2,1,1,2,2,2,4,1,4,2,3,2,1,3,4,4,4,4,1,2,1,3,1,2,2,2,3,2,1,4,2,1,4,2,1,1,3,3,2,1,2,2,4,1,1,2,2,2,4,1,2,1,3,2,3,2,2,3,1,2,1,1,3,4,2,3,3,1,2,2,2,2,3,3,3,4,2,4,4,3,2,2,2,4,1,2,1,1,2,2,3,2,1,4,3,4,3,4,2,1,3,3,1,2,1,1,3,3,2,2,2,2,1,2,4,4,3,3,1,3,1,4,3,1,3,3,3,1,2,4,1,3,1,1,4,2,1,2,4,2,3,3,1,3,2,1,1,2,1,4,2,2,1,2,1,3,2,3,2,1,4,3,4,4,2,2,2,3,2,4,2,2,1,4,2,3,2,1,1,3,3,1,2,1,4,4,3,1,3,4,1,4,1,2,4,1,2,1,4,1,4,4,4,2,2,4,4,2,2,3,2,3,4,3,4,1,2,4,1,2,4,1,1,2,3,3,3,4,2,3,1,1,1,4,3,3,2,2,1,2,4,1,3,4,3,4,1,2,2,2,2,1,2,3,2,4,3,3,1,2,2,1,4,1,4,2,1,2,4,1,1,4,4,3,2,2,1,1,3,4,3,3,4,2,4,1,1,3,2,2,3,3,2,4,1,3,2,3,1,2,3,3,1,4,3,3,1,1,4,2,1,4,1,4,1,3,2,3,2,4,3,3,4,1,3,2,3,3,2,1,3,3,2,1,4,3,4,3,1,3,1,3,4,3,4,2,2,3,4,2,3,3,2,4,1,3,1,2,3,2,1,3,2,4,4,3,2,4,3,2,2,3,4,2,4,4,3,4,3,2,4,2,1,2,1,3,3,1,1,3,3,2,3,3,4,1,2,1,3,3,2,1,3,1,2,1,1,2,4,2,3,1,1,1,4,4,1,4,2,2,1,4,2,4,2,2,2,1,4,2,3,3,2,4,1,1,1,2,1,1,2,2,2,2,1,3,4,1,3,4,3,2,1,4,3,1,1,2,2,3,3,2,2,1,4,1,1,1,2,4,2,1,2,4,2,3,3,2,1,1,4,1,3,4,1,4,3,2,2,1,4,2,3,2,3,1,1,2,2,3,3,3,2,2,3,1,2,3,2,4,1,1,3,3,2,1,3,3,1,3,1,3,2,3,1,1,3,2,1,1,1,2,4,3,2,4,3,2,4,3,3,2,4,2,4,1,1,3,3,3,3,4,4,3,4,1,1,4,2,1,2,1,4,4,3,3,1,2,2,2,1,2,4,2,1,3,3,4,1,4,1,1,3,2,1,4,3,1,4,1,1,1,4,4,3,4,3,3,3,2,2,3,4,3,1,3,4,3,1,2,4,4,4,3,3,2,1,4,2,1,2,3,1,2,1,1,2,4,2,4,2,1,2,1,3,1,3,4,2,3,2,3,3,3,4,1,4,3,2,1,3,1,3,1,1,4,2,4,1,1,2,3,1,4,4,2,1,3,4,3,2,3,2,4,2,1,3,4,1,3,2,2,3,2,3,1,3,4,4,2,3,1,2,2,1,4,1,1,1,1,3,1,4,1,4,3,2,4,3,1,3,1,4,1,3,4,1,1,1,2,2,3,3,1,4,2,1,4,3,2,1,2,2,1,4,3,2,1,2,2,3,4,2,3,1,1,1,3,2,1,3,4,3,3,4,3,1,2,3,3,1,1,4,3,3,3,2,3,1,3,1,1,1,2,3,1,3,2,3,4,1,2,1,1,4,3,4,1,4,2,1,1,3,2,2,3,3,3,4,3,4,4,2,1,2,1,2,3,4,4,4,2,3,2,1,3,1,4,4,4,4,1,1,1,1,1,4,4,4,2,4,2,1,3,3,2,4,2,1,1,3,4,2,2,1,1,4,2,1,1,2,2,4,2,2,3,4,2,1,1,1,3,1,2,2,2,2,4,1,2,4,2,4,2,3,3,2,1,1,4,4,4,3,1,3,4,4,2,2,2,3,1,4,1,3,1,1,2,2,2,1,4,1,2,2,4,4,2,2,3,3,4,4,3,1,1,3,1,2,1,4,3,1,1,2,2,3,4,4,2,1,2,1,2,2,3,2,1,1,3,1,3,1,3,1,1,4,3,2,1,1,3,2,2,4,4,2,3,3,1,4,4,4,2,3,2,3,4,3,3,4,3,2,1,1,1,2,3,2,3,4,3,1,4,3,4,3,2,3,1,2,2,1,1,1,4,3,2,2,4,3,1,4,3,3,2,2,3,4,2,3,3,2,2,2,2,4,1,2,4,3,1,2,3,4,4,1,1,3,1,3,2,3,2,1,1,1,3,4,4,2,1,1,2,3,2,2,2,2,3,3,3,1,1,2,2,2,4,2,4,1,3,1,2,3,4,3,3,2,4,3,4,3,1,3,2,2,2,4,1,4,3,4,4,2,3,4,4,2,2,2,3,3,2,1,4,2,2,3,1,1,4,2,2,4,1,1,2,2,3,2,1,2,2,4,1,1,1,1,3,4,1,4,3,3,1,2,1,4,1,1,2,3,4,3,2,1,3,1,1,3,4,2,4,3,2,1,1,1,1,1,1,2,3,4,2,4,3,4,3,1,2,2,3,1,3,1,3,3,1,2,1,3,3,2,1,2,4,4,4,4,1,4,2,4,4,3,2,2,2,4,2,2,3,2,4,2,3,2,4,2,2,2,4,3,1,4,4,1,2,1,1,1,2,3,1,1,3,3,3,4,3,4,3,3,3,4,1,3,3,4,1,4,1,3,4,1,4,2,2,3,4,4,3,2,3,2,2,3,4,3,1,2,4,3,3,4,2,1,1,3,1,4,3,1,3,2,1,4,1,1,3,3,2,3,3,1,3,2,4,2,2,1,1,2,1,1,4,4,1,2,1,2,2,2,3,4,1,2,4,1,1,3,4,2,2,4,3,4,2,3,1,4,3,3,2,1,1,4,3,2,2,3,1,4,1,3,1,1,4,1,4,4,3,4,3,2,3,2,1,2,2,2,1,1,1,2,3,4,1,1,3,3,3,1,4,2,3,4,1,2,3,2,1,3,4,4,2,4,4,1,1,4,2,4,1,2,2,3,3,4,3,1,2,1,3,1,2,3,1,1,3,2,4,1,2,3,1,2,2,2,2,1,2,1,3,4,1,3,2,3,2,1,2,1,1,1,4,3,4,2,2,1,1,1,2,2,2,4,4,2,1,4,4,1,3,3,2,4,3,3,3,1,1,1,2,2,3,3,4,1,1,1,2,3,2,2,4,1,2,3,3,1,2,2,3,1,3,1,1,3,2,2,1,3,2,4,2,1,2,3,4,4,2,1,2,2,4,3,4,1,4,3,1,1,2,3,4,1,3,3,1,3,2,1,3,2,3,3,2,2,2,3,3,1,3,1,4,1,1,4,1,1,4,4,2,1,2,4,1,2,4,2,1,4,1,4,1,2,1,2,1,3,2,1,1,1,3,4,1,3,1,2,2,1,2,4,1,4,1,2,3,1,2,2,3,1,3,3,1,3,4"
69,0.9886279079380575,0.5196078431372549,2329.0,"2,2,3,4,1,1,4,1,1,2,4,1,1,4,2,2,3,4,1,1,4,4,4,2,1,1,4,3,1,2,2,2,3,3,3,3,1,2,1,3,2,3,4,4,4,3,1,4,4,3,4,1,3,2,1,1,2,1,1,4,3,1,1,3,4,1,4,2,3,1,1,2,4,4,3,1,3,2,4,2,3,1,1,3,1,3,3,3,4,1,2,1,3,4,4,2,4,4,2,2,4,3,3,3,3,4,3,1,2,1,1,2,2,2,4,1,4,2,3,2,1,3,4,4,4,4,1,2,1,3,1,2,2,2,3,2,1,4,2,1,4,2,1,1,3,3,2,1,2,2,4,1,1,2,2,2,4,1,2,1,3,2,3,2,2,3,1,2,1,1,3,4,2,3,3,1,2,2,2,2,3,3,3,4,2,4,4,3,2,2,2,4,1,2,1,1,2,2,3,2,1,4,3,4,3,4,2,1,3,3,1,2,1,1,3,3,2,2,2,2,1,2,4,4,3,3,1,3,1,4,3,1,3,3,3,1,2,4,1,3,1,1,4,2,1,2,4,2,3,3,1,3,2,1,1,2,1,4,2,2,1,2,1,3,2,3,2,1,4,3,4,4,2,2,2,3,2,4,2,2,1,4,2,3,2,1,1,3,3,1,2,1,4,4,3,1,3,4,1,4,1,2,4,1,2,1,4,1,4,4,4,2,2,4,4,2,2,3,2,3,4,3,4,1,2,4,1,2,4,1,1,2,3,3,3,4,2,3,1,1,1,4,3,3,2,2,1,2,4,1,3,4,3,4,1,2,2,2,2,1,2,3,2,4,3,3,1,2,2,1,4,1,4,2,1,2,4,1,1,4,4,3,2,2,1,1,3,4,3,3,4,2,4,1,1,3,2,2,3,3,2,4,1,3,2,3,1,2,3,3,1,4,3,3,1,1,4,2,1,4,1,4,1,3,2,3,2,4,3,3,4,1,3,2,3,3,2,1,3,3,2,1,4,3,4,3,1,3,1,3,4,3,4,2,2,3,4,2,3,3,2,4,1,3,1,2,3,2,1,3,2,4,4,3,2,4,3,2,2,3,4,2,4,4,3,4,3,2,4,2,1,2,1,3,3,1,1,3,3,2,3,3,4,1,2,1,3,3,2,1,3,1,2,1,1,2,4,2,3,1,1,1,4,4,1,4,2,2,1,4,2,4,2,2,2,1,4,2,3,3,2,4,1,1,1,2,1,1,2,2,2,2,1,3,4,1,3,4,3,2,1,4,3,1,1,2,2,3,3,2,2,1,4,1,1,1,2,4,2,1,2,4,2,3,3,2,1,1,4,1,3,4,1,4,3,2,2,1,4,2,3,2,3,1,1,2,2,3,3,3,2,2,3,1,2,3,2,4,1,1,3,3,2,1,3,3,1,3,1,3,2,3,1,1,3,2,1,1,1,2,4,3,2,4,3,2,4,3,3,2,4,2,4,1,1,3,3,3,3,4,4,3,4,1,1,4,2,1,2,1,4,4,3,3,1,2,2,2,1,2,4,2,1,3,3,4,1,4,1,1,3,2,1,4,3,1,4,1,1,1,4,4,3,4,3,3,3,2,2,3,4,3,1,3,4,3,1,2,4,4,4,3,3,2,1,4,2,1,2,3,1,2,1,1,2,4,2,4,2,1,2,1,3,1,3,4,2,3,2,3,3,3,4,1,4,3,2,1,3,1,3,1,1,4,2,4,1,1,2,3,1,4,4,2,1,3,4,3,2,3,2,4,2,1,3,4,1,3,2,2,3,2,3,1,3,4,4,2,3,1,2,2,1,4,1,1,1,1,3,1,4,1,4,3,2,4,3,1,3,1,4,1,3,4,1,1,1,2,2,3,3,1,4,2,1,4,3,2,1,2,2,1,4,3,2,1,2,2,3,4,2,3,1,1,1,3,2,1,3,4,3,3,4,3,1,2,3,3,1,1,4,3,3,3,2,3,1,3,1,1,1,2,3,1,3,2,3,4,1,2,1,1,4,3,4,1,4,2,1,1,3,2,2,3,3,3,4,3,4,4,2,1,2,1,2,3,4,4,4,2,3,2,1,3,1,4,4,4,4,1,1,1,1,1,4,4,4,2,4,2,1,3,3,2,4,2,1,1,3,4,2,2,1,1,4,2,1,1,2,2,4,2,2,3,4,2,1,1,1,3,1,2,2,2,2,4,1,2,4,2,4,2,3,3,2,1,1,4,4,4,3,1,3,4,4,2,2,2,3,1,4,1,3,1,1,2,2,2,1,4,1,2,2,4,4,2,2,3,3,4,4,3,1,1,3,1,2,1,4,3,1,1,2,2,3,4,4,2,1,2,1,2,2,3,2,1,1,3,1,3,1,3,1,1,4,3,2,1,1,3,2,2,4,4,2,3,3,1,4,4,4,2,3,2,3,4,3,3,4,3,2,1,1,1,2,3,2,3,4,3,1,4,3,4,3,2,3,1,2,2,1,1,1,4,3,2,2,4,3,1,4,3,3,2,2,3,4,2,3,3,2,2,2,2,4,1,2,4,3,1,2,3,4,4,1,1,3,1,3,2,3,2,1,1,1,3,4,4,2,1,1,2,3,2,2,2,2,3,3,3,1,1,2,2,2,4,2,4,1,3,1,2,3,4,3,3,2,4,3,4,3,1,3,2,2,2,4,1,4,3,4,4,2,3,4,4,2,2,2,3,3,2,1,4,2,2,3,1,1,4,2,2,4,1,1,2,2,3,2,1,2,2,4,1,1,1,1,3,4,1,4,3,3,1,2,1,4,1,1,2,3,4,3,2,1,3,1,1,3,4,2,4,3,2,1,1,1,1,1,1,2,3,4,2,4,3,4,3,1,2,2,3,1,3,1,3,3,1,2,1,3,3,2,1,2,4,4,4,4,1,4,2,4,4,3,2,2,2,4,2,2,3,2,4,2,3,2,4,2,2,2,4,3,1,4,4,1,2,1,1,1,2,3,1,1,3,3,3,4,3,4,3,3,3,4,1,3,3,4,1,4,1,3,4,1,4,2,2,3,4,4,3,2,3,2,2,3,4,3,1,2,4,3,3,4,2,1,1,3,1,4,3,1,3,2,1,4,1,1,3,3,2,3,3,1,3,2,4,2,2,1,1,2,1,1,4,4,1,2,1,2,2,2,3,4,1,2,4,1,1,3,4,2,2,4,3,4,2,3,1,4,3,3,2,1,1,4,3,2,2,3,1,4,1,3,1,1,4,1,4,4,3,4,3,2,3,2,1,2,2,2,1,1,1,2,3,4,1,1,3,3,3,1,4,2,3,4,1,2,3,2,1,3,4,4,2,4,4,1,1,4,2,4,1,2,2,3,3,4,3,1,2,1,3,1,2,3,1,1,3,2,4,1,2,3,1,2,2,2,2,1,2,1,3,4,1,3,2,3,2,1,2,1,1,1,4,3,4,2,2,1,1,1,2,2,2,4,4,2,1,4,4,1,3,3,2,4,3,3,3,1,1,1,2,2,3,3,4,1,1,1,2,3,2,2,4,1,2,3,3,1,2,2,3,1,3,1,1,3,2,2,1,3,2,4,2,1,2,3,4,4,2,1,2,2,4,3,4,1,4,3,1,1,2,3,4,1,3,3,1,3,2,1,3,2,3,3,2,2,2,3,3,1,3,1,4,1,1,4,1,1,4,4,2,1,2,4,1,2,4,2,1,4,1,4,1,2,1,2,1,3,2,1,1,1,3,4,1,3,1,2,2,1,2,4,1,4,1,2,3,1,2,2,3,1,3,3,1,3,4"
70,0.9886279079380575,0.5196078431372549,2329.0,"2,2,3,4,1,1,4,1,1,2,4,1,1,4,2,2,3,4,1,1,4,4,4,2,1,1,4,3,1,2,2,2,3,3,3,3,1,2,1,3,2,3,4,4,4,3,1,4,4,3,4,1,3,2,1,1,2,1,1,4,3,1,1,3,4,1,4,2,3,1,1,2,4,4,3,1,3,2,4,2,3,1,1,3,1,3,3,3,4,1,2,1,3,4,4,2,4,4,2,2,4,3,3,3,3,4,3,1,2,1,1,2,2,2,4,1,4,2,3,2,1,3,4,4,4,4,1,2,1,3,1,2,2,2,3,2,1,4,2,1,4,2,1,1,3,3,2,1,2,2,4,1,1,2,2,2,4,1,2,1,3,2,3,2,2,3,1,2,1,1,3,4,2,3,3,1,2,2,2,2,3,3,3,4,2,4,4,3,2,2,2,4,1,2,1,1,2,2,3,2,1,4,3,4,3,4,2,1,3,3,1,2,1,1,3,3,2,2,2,2,1,2,4,4,3,3,1,3,1,4,3,1,3,3,3,1,2,4,1,3,1,1,4,2,1,2,4,2,3,3,1,3,2,1,1,2,1,4,2,2,1,2,1,3,2,3,2,1,4,3,4,4,2,2,2,3,2,4,2,2,1,4,2,3,2,1,1,3,3,1,2,1,4,4,3,1,3,4,1,4,1,2,4,1,2,1,4,1,4,4,4,2,2,4,4,2,2,3,2,3,4,3,4,1,2,4,1,2,4,1,1,2,3,3,3,4,2,3,1,1,1,4,3,3,2,2,1,2,4,1,3,4,3,4,1,2,2,2,2,1,2,3,2,4,3,3,1,2,2,1,4,1,4,2,1,2,4,1,1,4,4,3,2,2,1,1,3,4,3,3,4,2,4,1,1,3,2,2,3,3,2,4,1,3,2,3,1,2,3,3,1,4,3,3,1,1,4,2,1,4,1,4,1,3,2,3,2,4,3,3,4,1,3,2,3,3,2,1,3,3,2,1,4,3,4,3,1,3,1,3,4,3,4,2,2,3,4,2,3,3,2,4,1,3,1,2,3,2,1,3,2,4,4,3,2,4,3,2,2,3,4,2,4,4,3,4,3,2,4,2,1,2,1,3,3,1,1,3,3,2,3,3,4,1,2,1,3,3,2,1,3,1,2,1,1,2,4,2,3,1,1,1,4,4,1,4,2,2,1,4,2,4,2,2,2,1,4,2,3,3,2,4,1,1,1,2,1,1,2,2,2,2,1,3,4,1,3,4,3,2,1,4,3,1,1,2,2,3,3,2,2,1,4,1,1,1,2,4,2,1,2,4,2,3,3,2,1,1,4,1,3,4,1,4,3,2,2,1,4,2,3,2,3,1,1,2,2,3,3,3,2,2,3,1,2,3,2,4,1,1,3,3,2,1,3,3,1,3,1,3,2,3,1,1,3,2,1,1,1,2,4,3,2,4,3,2,4,3,3,2,4,2,4,1,1,3,3,3,3,4,4,3,4,1,1,4,2,1,2,1,4,4,3,3,1,2,2,2,1,2,4,2,1,3,3,4,1,4,1,1,3,2,1,4,3,1,4,1,1,1,4,4,3,4,3,3,3,2,2,3,4,3,1,3,4,3,1,2,4,4,4,3,3,2,1,4,2,1,2,3,1,2,1,1,2,4,2,4,2,1,2,1,3,1,3,4,2,3,2,3,3,3,4,1,4,3,2,1,3,1,3,1,1,4,2,4,1,1,2,3,1,4,4,2,1,3,4,3,2,3,2,4,2,1,3,4,1,3,2,2,3,2,3,1,3,4,4,2,3,1,2,2,1,4,1,1,1,1,3,1,4,1,4,3,2,4,3,1,3,1,4,1,3,4,1,1,1,2,2,3,3,1,4,2,1,4,3,2,1,2,2,1,4,3,2,1,2,2,3,4,2,3,1,1,1,3,2,1,3,4,3,3,4,3,1,2,3,3,1,1,4,3,3,3,2,3,1,3,1,1,1,2,3,1,3,2,3,4,1,2,1,1,4,3,4,1,4,2,1,1,3,2,2,3,3,3,4,3,4,4,2,1,2,1,2,3,4,4,4,2,3,2,1,3,1,4,4,4,4,1,1,1,1,1,4,4,4,2,4,2,1,3,3,2,4,2,1,1,3,4,2,2,1,1,4,2,1,1,2,2,4,2,2,3,4,2,1,1,1,3,1,2,2,2,2,4,1,2,4,2,4,2,3,3,2,1,1,4,4,4,3,1,3,4,4,2,2,2,3,1,4,1,3,1,1,2,2,2,1,4,1,2,2,4,4,2,2,3,3,4,4,3,1,1,3,1,2,1,4,3,1,1,2,2,3,4,4,2,1,2,1,2,2,3,2,1,1,3,1,3,1,3,1,1,4,3,2,1,1,3,2,2,4,4,2,3,3,1,4,4,4,2,3,2,3,4,3,3,4,3,2,1,1,1,2,3,2,3,4,3,1,4,3,4,3,2,3,1,2,2,1,1,1,4,3,2,2,4,3,1,4,3,3,2,2,3,4,2,3,3,2,2,2,2,4,1,2,4,3,1,2,3,4,4,1,1,3,1,3,2,3,2,1,1,1,3,4,4,2,1,1,2,3,2,2,2,2,3,3,3,1,1,2,2,2,4,2,4,1,3,1,2,3,4,3,3,2,4,3,4,3,1,3,2,2,2,4,1,4,3,4,4,2,3,4,4,2,2,2,3,3,2,1,4,2,2,3,1,1,4,2,2,4,1,1,2,2,3,2,1,2,2,4,1,1,1,1,3,4,1,4,3,3,1,2,1,4,1,1,2,3,4,3,2,1,3,1,1,3,4,2,4,3,2,1,1,1,1,1,1,2,3,4,2,4,3,4,3,1,2,2,3,1,3,1,3,3,1,2,1,3,3,2,1,2,4,4,4,4,1,4,2,4,4,3,2,2,2,4,2,2,3,2,4,2,3,2,4,2,2,2,4,3,1,4,4,1,2,1,1,1,2,3,1,1,3,3,3,4,3,4,3,3,3,4,1,3,3,4,1,4,1,3,4,1,4,2,2,3,4,4,3,2,3,2,2,3,4,3,1,2,4,3,3,4,2,1,1,3,1,4,3,1,3,2,1,4,1,1,3,3,2,3,3,1,3,2,4,2,2,1,1,2,1,1,4,4,1,2,1,2,2,2,3,4,1,2,4,1,1,3,4,2,2,4,3,4,2,3,1,4,3,3,2,1,1,4,3,2,2,3,1,4,1,3,1,1,4,1,4,4,3,4,3,2,3,2,1,2,2,2,1,1,1,2,3,4,1,1,3,3,3,1,4,2,3,4,1,2,3,2,1,3,4,4,2,4,4,1,1,4,2,4,1,2,2,3,3,4,3,1,2,1,3,1,2,3,1,1,3,2,4,1,2,3,1,2,2,2,2,1,2,1,3,4,1,3,2,3,2,1,2,1,1,1,4,3,4,2,2,1,1,1,2,2,2,4,4,2,1,4,4,1,3,3,2,4,3,3,3,1,1,1,2,2,3,3,4,1,1,1,2,3,2,2,4,1,2,3,3,1,2,2,3,1,3,1,1,3,2,2,1,3,2,4,2,1,2,3,4,4,2,1,2,2,4,3,4,1,4,3,1,1,2,3,4,1,3,3,1,3,2,1,3,2,3,3,2,2,2,3,3,1,3,1,4,1,1,4,1,1,4,4,2,1,2,4,1,2,4,2,1,4,1,4,1,2,1,2,1,3,2,1,1,1,3,4,1,3,1,2,2,1,2,4,1,4,1,2,3,1,2,2,3,1,3,3,1,3,4"
71,0.9886279079380575,0.5196078431372549,2329.0,"2,2,3,4,1,1,4,1,1,2,4,1,1,4,2,2,3,4,1,1,4,4,4,2,1,1,4,3,1,2,2,2,3,3,3,3,1,2,1,3,2,3,4,4,4,3,1,4,4,3,4,1,3,2,1,1,2,1,1,4,3,1,1,3,4,1,4,2,3,1,1,2,4,4,3,1,3,2,4,2,3,1,1,3,1,3,3,3,4,1,2,1,3,4,4,2,4,4,2,2,4,3,3,3,3,4,3,1,2,1,1,2,2,2,4,1,4,2,3,2,1,3,4,4,4,4,1,2,1,3,1,2,2,2,3,2,1,4,2,1,4,2,1,1,3,3,2,1,2,2,4,1,1,2,2,2,4,1,2,1,3,2,3,2,2,3,1,2,1,1,3,4,2,3,3,1,2,2,2,2,3,3,3,4,2,4,4,3,2,2,2,4,1,2,1,1,2,2,3,2,1,4,3,4,3,4,2,1,3,3,1,2,1,1,3,3,2,2,2,2,1,2,4,4,3,3,1,3,1,4,3,1,3,3,3,1,2,4,1,3,1,1,4,2,1,2,4,2,3,3,1,3,2,1,1,2,1,4,2,2,1,2,1,3,2,3,2,1,4,3,4,4,2,2,2,3,2,4,2,2,1,4,2,3,2,1,1,3,3,1,2,1,4,4,3,1,3,4,1,4,1,2,4,1,2,1,4,1,4,4,4,2,2,4,4,2,2,3,2,3,4,3,4,1,2,4,1,2,4,1,1,2,3,3,3,4,2,3,1,1,1,4,3,3,2,2,1,2,4,1,3,4,3,4,1,2,2,2,2,1,2,3,2,4,3,3,1,2,2,1,4,1,4,2,1,2,4,1,1,4,4,3,2,2,1,1,3,4,3,3,4,2,4,1,1,3,2,2,3,3,2,4,1,3,2,3,1,2,3,3,1,4,3,3,1,1,4,2,1,4,1,4,1,3,2,3,2,4,3,3,4,1,3,2,3,3,2,1,3,3,2,1,4,3,4,3,1,3,1,3,4,3,4,2,2,3,4,2,3,3,2,4,1,3,1,2,3,2,1,3,2,4,4,3,2,4,3,2,2,3,4,2,4,4,3,4,3,2,4,2,1,2,1,3,3,1,1,3,3,2,3,3,4,1,2,1,3,3,2,1,3,1,2,1,1,2,4,2,3,1,1,1,4,4,1,4,2,2,1,4,2,4,2,2,2,1,4,2,3,3,2,4,1,1,1,2,1,1,2,2,2,2,1,3,4,1,3,4,3,2,1,4,3,1,1,2,2,3,3,2,2,1,4,1,1,1,2,4,2,1,2,4,2,3,3,2,1,1,4,1,3,4,1,4,3,2,2,1,4,2,3,2,3,1,1,2,2,3,3,3,2,2,3,1,2,3,2,4,1,1,3,3,2,1,3,3,1,3,1,3,2,3,1,1,3,2,1,1,1,2,4,3,2,4,3,2,4,3,3,2,4,2,4,1,1,3,3,3,3,4,4,3,4,1,1,4,2,1,2,1,4,4,3,3,1,2,2,2,1,2,4,2,1,3,3,4,1,4,1,1,3,2,1,4,3,1,4,1,1,1,4,4,3,4,3,3,3,2,2,3,4,3,1,3,4,3,1,2,4,4,4,3,3,2,1,4,2,1,2,3,1,2,1,1,2,4,2,4,2,1,2,1,3,1,3,4,2,3,2,3,3,3,4,1,4,3,2,1,3,1,3,1,1,4,2,4,1,1,2,3,1,4,4,2,1,3,4,3,2,3,2,4,2,1,3,4,1,3,2,2,3,2,3,1,3,4,4,2,3,1,2,2,1,4,1,1,1,1,3,1,4,1,4,3,2,4,3,1,3,1,4,1,3,4,1,1,1,2,2,3,3,1,4,2,1,4,3,2,1,2,2,1,4,3,2,1,2,2,3,4,2,3,1,1,1,3,2,1,3,4,3,3,4,3,1,2,3,3,1,1,4,3,3,3,2,3,1,3,1,1,1,2,3,1,3,2,3,4,1,2,1,1,4,3,4,1,4,2,1,1,3,2,2,3,3,3,4,3,4,4,2,1,2,1,2,3,4,4,4,2,3,2,1,3,1,4,4,4,4,1,1,1,1,1,4,4,4,2,4,2,1,3,3,2,4,2,1,1,3,4,2,2,1,1,4,2,1,1,2,2,4,2,2,3,4,2,1,1,1,3,1,2,2,2,2,4,1,2,4,2,4,2,3,3,2,1,1,4,4,4,3,1,3,4,4,2,2,2,3,1,4,1,3,1,1,2,2,2,1,4,1,2,2,4,4,2,2,3,3,4,4,3,1,1,3,1,2,1,4,3,1,1,2,2,3,4,4,2,1,2,1,2,2,3,2,1,1,3,1,3,1,3,1,1,4,3,2,1,1,3,2,2,4,4,2,3,3,1,4,4,4,2,3,2,3,4,3,3,4,3,2,1,1,1,2,3,2,3,4,3,1,4,3,4,3,2,3,1,2,2,1,1,1,4,3,2,2,4,3,1,4,3,3,2,2,3,4,2,3,3,2,2,2,2,4,1,2,4,3,1,2,3,4,4,1,1,3,1,3,2,3,2,1,1,1,3,4,4,2,1,1,2,3,2,2,2,2,3,3,3,1,1,2,2,2,4,2,4,1,3,1,2,3,4,3,3,2,4,3,4,3,1,3,2,2,2,4,1,4,3,4,4,2,3,4,4,2,2,2,3,3,2,1,4,2,2,3,1,1,4,2,2,4,1,1,2,2,3,2,1,2,2,4,1,1,1,1,3,4,1,4,3,3,1,2,1,4,1,1,2,3,4,3,2,1,3,1,1,3,4,2,4,3,2,1,1,1,1,1,1,2,3,4,2,4,3,4,3,1,2,2,3,1,3,1,3,3,1,2,1,3,3,2,1,2,4,4,4,4,1,4,2,4,4,3,2,2,2,4,2,2,3,2,4,2,3,2,4,2,2,2,4,3,1,4,4,1,2,1,1,1,2,3,1,1,3,3,3,4,3,4,3,3,3,4,1,3,3,4,1,4,1,3,4,1,4,2,2,3,4,4,3,2,3,2,2,3,4,3,1,2,4,3,3,4,2,1,1,3,1,4,3,1,3,2,1,4,1,1,3,3,2,3,3,1,3,2,4,2,2,1,1,2,1,1,4,4,1,2,1,2,2,2,3,4,1,2,4,1,1,3,4,2,2,4,3,4,2,3,1,4,3,3,2,1,1,4,3,2,2,3,1,4,1,3,1,1,4,1,4,4,3,4,3,2,3,2,1,2,2,2,1,1,1,2,3,4,1,1,3,3,3,1,4,2,3,4,1,2,3,2,1,3,4,4,2,4,4,1,1,4,2,4,1,2,2,3,3,4,3,1,2,1,3,1,2,3,1,1,3,2,4,1,2,3,1,2,2,2,2,1,2,1,3,4,1,3,2,3,2,1,2,1,1,1,4,3,4,2,2,1,1,1,2,2,2,4,4,2,1,4,4,1,3,3,2,4,3,3,3,1,1,1,2,2,3,3,4,1,1,1,2,3,2,2,4,1,2,3,3,1,2,2,3,1,3,1,1,3,2,2,1,3,2,4,2,1,2,3,4,4,2,1,2,2,4,3,4,1,4,3,1,1,2,3,4,1,3,3,1,3,2,1,3,2,3,3,2,2,2,3,3,1,3,1,4,1,1,4,1,1,4,4,2,1,2,4,1,2,4,2,1,4,1,4,1,2,1,2,1,3,2,1,1,1,3,4,1,3,1,2,2,1,2,4,1,4,1,2,3,1,2,2,3,1,3,3,1,3,4"
72,0.9886279079380575,0.5196078431372549,2329.0,"2,2,3,4,1,1,4,1,1,2,4,1,1,4,2,2,3,4,1,1,4,4,4,2,1,1,4,3,1,2,2,2,3,3,3,3,1,2,1,3,2,3,4,4,4,3,1,4,4,3,4,1,3,2,1,1,2,1,1,4,3,1,1,3,4,1,4,2,3,1,1,2,4,4,3,1,3,2,4,2,3,1,1,3,1,3,3,3,4,1,2,1,3,4,4,2,4,4,2,2,4,3,3,3,3,4,3,1,2,1,1,2,2,2,4,1,4,2,3,2,1,3,4,4,4,4,1,2,1,3,1,2,2,2,3,2,1,4,2,1,4,2,1,1,3,3,2,1,2,2,4,1,1,2,2,2,4,1,2,1,3,2,3,2,2,3,1,2,1,1,3,4,2,3,3,1,2,2,2,2,3,3,3,4,2,4,4,3,2,2,2,4,1,2,1,1,2,2,3,2,1,4,3,4,3,4,2,1,3,3,1,2,1,1,3,3,2,2,2,2,1,2,4,4,3,3,1,3,1,4,3,1,3,3,3,1,2,4,1,3,1,1,4,2,1,2,4,2,3,3,1,3,2,1,1,2,1,4,2,2,1,2,1,3,2,3,2,1,4,3,4,4,2,2,2,3,2,4,2,2,1,4,2,3,2,1,1,3,3,1,2,1,4,4,3,1,3,4,1,4,1,2,4,1,2,1,4,1,4,4,4,2,2,4,4,2,2,3,2,3,4,3,4,1,2,4,1,2,4,1,1,2,3,3,3,4,2,3,1,1,1,4,3,3,2,2,1,2,4,1,3,4,3,4,1,2,2,2,2,1,2,3,2,4,3,3,1,2,2,1,4,1,4,2,1,2,4,1,1,4,4,3,2,2,1,1,3,4,3,3,4,2,4,1,1,3,2,2,3,3,2,4,1,3,2,3,1,2,3,3,1,4,3,3,1,1,4,2,1,4,1,4,1,3,2,3,2,4,3,3,4,1,3,2,3,3,2,1,3,3,2,1,4,3,4,3,1,3,1,3,4,3,4,2,2,3,4,2,3,3,2,4,1,3,1,2,3,2,1,3,2,4,4,3,2,4,3,2,2,3,4,2,4,4,3,4,3,2,4,2,1,2,1,3,3,1,1,3,3,2,3,3,4,1,2,1,3,3,2,1,3,1,2,1,1,2,4,2,3,1,1,1,4,4,1,4,2,2,1,4,2,4,2,2,2,1,4,2,3,3,2,4,1,1,1,2,1,1,2,2,2,2,1,3,4,1,3,4,3,2,1,4,3,1,1,2,2,3,3,2,2,1,4,1,1,1,2,4,2,1,2,4,2,3,3,2,1,1,4,1,3,4,1,4,3,2,2,1,4,2,3,2,3,1,1,2,2,3,3,3,2,2,3,1,2,3,2,4,1,1,3,3,2,1,3,3,1,3,1,3,2,3,1,1,3,2,1,1,1,2,4,3,2,4,3,2,4,3,3,2,4,2,4,1,1,3,3,3,3,4,4,3,4,1,1,4,2,1,2,1,4,4,3,3,1,2,2,2,1,2,4,2,1,3,3,4,1,4,1,1,3,2,1,4,3,1,4,1,1,1,4,4,3,4,3,3,3,2,2,3,4,3,1,3,4,3,1,2,4,4,4,3,3,2,1,4,2,1,2,3,1,2,1,1,2,4,2,4,2,1,2,1,3,1,3,4,2,3,2,3,3,3,4,1,4,3,2,1,3,1,3,1,1,4,2,4,1,1,2,3,1,4,4,2,1,3,4,3,2,3,2,4,2,1,3,4,1,3,2,2,3,2,3,1,3,4,4,2,3,1,2,2,1,4,1,1,1,1,3,1,4,1,4,3,2,4,3,1,3,1,4,1,3,4,1,1,1,2,2,3,3,1,4,2,1,4,3,2,1,2,2,1,4,3,2,1,2,2,3,4,2,3,1,1,1,3,2,1,3,4,3,3,4,3,1,2,3,3,1,1,4,3,3,3,2,3,1,3,1,1,1,2,3,1,3,2,3,4,1,2,1,1,4,3,4,1,4,2,1,1,3,2,2,3,3,3,4,3,4,4,2,1,2,1,2,3,4,4,4,2,3,2,1,3,1,4,4,4,4,1,1,1,1,1,4,4,4,2,4,2,1,3,3,2,4,2,1,1,3,4,2,2,1,1,4,2,1,1,2,2,4,2,2,3,4,2,1,1,1,3,1,2,2,2,2,4,1,2,4,2,4,2,3,3,2,1,1,4,4,4,3,1,3,4,4,2,2,2,3,1,4,1,3,1,1,2,2,2,1,4,1,2,2,4,4,2,2,3,3,4,4,3,1,1,3,1,2,1,4,3,1,1,2,2,3,4,4,2,1,2,1,2,2,3,2,1,1,3,1,3,1,3,1,1,4,3,2,1,1,3,2,2,4,4,2,3,3,1,4,4,4,2,3,2,3,4,3,3,4,3,2,1,1,1,2,3,2,3,4,3,1,4,3,4,3,2,3,1,2,2,1,1,1,4,3,2,2,4,3,1,4,3,3,2,2,3,4,2,3,3,2,2,2,2,4,1,2,4,3,1,2,3,4,4,1,1,3,1,3,2,3,2,1,1,1,3,4,4,2,1,1,2,3,2,2,2,2,3,3,3,1,1,2,2,2,4,2,4,1,3,1,2,3,4,3,3,2,4,3,4,3,1,3,2,2,2,4,1,4,3,4,4,2,3,4,4,2,2,2,3,3,2,1,4,2,2,3,1,1,4,2,2,4,1,1,2,2,3,2,1,2,2,4,1,1,1,1,3,4,1,4,3,3,1,2,1,4,1,1,2,3,4,3,2,1,3,1,1,3,4,2,4,3,2,1,1,1,1,1,1,2,3,4,2,4,3,4,3,1,2,2,3,1,3,1,3,3,1,2,1,3,3,2,1,2,4,4,4,4,1,4,2,4,4,3,2,2,2,4,2,2,3,2,4,2,3,2,4,2,2,2,4,3,1,4,4,1,2,1,1,1,2,3,1,1,3,3,3,4,3,4,3,3,3,4,1,3,3,4,1,4,1,3,4,1,4,2,2,3,4,4,3,2,3,2,2,3,4,3,1,2,4,3,3,4,2,1,1,3,1,4,3,1,3,2,1,4,1,1,3,3,2,3,3,1,3,2,4,2,2,1,1,2,1,1,4,4,1,2,1,2,2,2,3,4,1,2,4,1,1,3,4,2,2,4,3,4,2,3,1,4,3,3,2,1,1,4,3,2,2,3,1,4,1,3,1,1,4,1,4,4,3,4,3,2,3,2,1,2,2,2,1,1,1,2,3,4,1,1,3,3,3,1,4,2,3,4,1,2,3,2,1,3,4,4,2,4,4,1,1,4,2,4,1,2,2,3,3,4,3,1,2,1,3,1,2,3,1,1,3,2,4,1,2,3,1,2,2,2,2,1,2,1,3,4,1,3,2,3,2,1,2,1,1,1,4,3,4,2,2,1,1,1,2,2,2,4,4,2,1,4,4,1,3,3,2,4,3,3,3,1,1,1,2,2,3,3,4,1,1,1,2,3,2,2,4,1,2,3,3,1,2,2,3,1,3,1,1,3,2,2,1,3,2,4,2,1,2,3,4,4,2,1,2,2,4,3,4,1,4,3,1,1,2,3,4,1,3,3,1,3,2,1,3,2,3,3,2,2,2,3,3,1,3,1,4,1,1,4,1,1,4,4,2,1,2,4,1,2,4,2,1,4,1,4,1,2,1,2,1,3,2,1,1,1,3,4,1,3,1,2,2,1,2,4,1,4,1,2,3,1,2,2,3,1,3,3,1,3,4"
73,0.9886279079380575,0.5196078431372549,2329.0,"2,2,3,4,1,1,4,1,1,2,4,1,1,4,2,2,3,4,1,1,4,4,4,2,1,1,4,3,1,2,2,2,3,3,3,3,1,2,1,3,2,3,4,4,4,3,1,4,4,3,4,1,3,2,1,1,2,1,1,4,3,1,1,3,4,1,4,2,3,1,1,2,4,4,3,1,3,2,4,2,3,1,1,3,1,3,3,3,4,1,2,1,3,4,4,2,4,4,2,2,4,3,3,3,3,4,3,1,2,1,1,2,2,2,4,1,4,2,3,2,1,3,4,4,4,4,1,2,1,3,1,2,2,2,3,2,1,4,2,1,4,2,1,1,3,3,2,1,2,2,4,1,1,2,2,2,4,1,2,1,3,2,3,2,2,3,1,2,1,1,3,4,2,3,3,1,2,2,2,2,3,3,3,4,2,4,4,3,2,2,2,4,1,2,1,1,2,2,3,2,1,4,3,4,3,4,2,1,3,3,1,2,1,1,3,3,2,2,2,2,1,2,4,4,3,3,1,3,1,4,3,1,3,3,3,1,2,4,1,3,1,1,4,2,1,2,4,2,3,3,1,3,2,1,1,2,1,4,2,2,1,2,1,3,2,3,2,1,4,3,4,4,2,2,2,3,2,4,2,2,1,4,2,3,2,1,1,3,3,1,2,1,4,4,3,1,3,4,1,4,1,2,4,1,2,1,4,1,4,4,4,2,2,4,4,2,2,3,2,3,4,3,4,1,2,4,1,2,4,1,1,2,3,3,3,4,2,3,1,1,1,4,3,3,2,2,1,2,4,1,3,4,3,4,1,2,2,2,2,1,2,3,2,4,3,3,1,2,2,1,4,1,4,2,1,2,4,1,1,4,4,3,2,2,1,1,3,4,3,3,4,2,4,1,1,3,2,2,3,3,2,4,1,3,2,3,1,2,3,3,1,4,3,3,1,1,4,2,1,4,1,4,1,3,2,3,2,4,3,3,4,1,3,2,3,3,2,1,3,3,2,1,4,3,4,3,1,3,1,3,4,3,4,2,2,3,4,2,3,3,2,4,1,3,1,2,3,2,1,3,2,4,4,3,2,4,3,2,2,3,4,2,4,4,3,4,3,2,4,2,1,2,1,3,3,1,1,3,3,2,3,3,4,1,2,1,3,3,2,1,3,1,2,1,1,2,4,2,3,1,1,1,4,4,1,4,2,2,1,4,2,4,2,2,2,1,4,2,3,3,2,4,1,1,1,2,1,1,2,2,2,2,1,3,4,1,3,4,3,2,1,4,3,1,1,2,2,3,3,2,2,1,4,1,1,1,2,4,2,1,2,4,2,3,3,2,1,1,4,1,3,4,1,4,3,2,2,1,4,2,3,2,3,1,1,2,2,3,3,3,2,2,3,1,2,3,2,4,1,1,3,3,2,1,3,3,1,3,1,3,2,3,1,1,3,2,1,1,1,2,4,3,2,4,3,2,4,3,3,2,4,2,4,1,1,3,3,3,3,4,4,3,4,1,1,4,2,1,2,1,4,4,3,3,1,2,2,2,1,2,4,2,1,3,3,4,1,4,1,1,3,2,1,4,3,1,4,1,1,1,4,4,3,4,3,3,3,2,2,3,4,3,1,3,4,3,1,2,4,4,4,3,3,2,1,4,2,1,2,3,1,2,1,1,2,4,2,4,2,1,2,1,3,1,3,4,2,3,2,3,3,3,4,1,4,3,2,1,3,1,3,1,1,4,2,4,1,1,2,3,1,4,4,2,1,3,4,3,2,3,2,4,2,1,3,4,1,3,2,2,3,2,3,1,3,4,4,2,3,1,2,2,1,4,1,1,1,1,3,1,4,1,4,3,2,4,3,1,3,1,4,1,3,4,1,1,1,2,2,3,3,1,4,2,1,4,3,2,1,2,2,1,4,3,2,1,2,2,3,4,2,3,1,1,1,3,2,1,3,4,3,3,4,3,1,2,3,3,1,1,4,3,3,3,2,3,1,3,1,1,1,2,3,1,3,2,3,4,1,2,1,1,4,3,4,1,4,2,1,1,3,2,2,3,3,3,4,3,4,4,2,1,2,1,2,3,4,4,4,2,3,2,1,3,1,4,4,4,4,1,1,1,1,1,4,4,4,2,4,2,1,3,3,2,4,2,1,1,3,4,2,2,1,1,4,2,1,1,2,2,4,2,2,3,4,2,1,1,1,3,1,2,2,2,2,4,1,2,4,2,4,2,3,3,2,1,1,4,4,4,3,1,3,4,4,2,2,2,3,1,4,1,3,1,1,2,2,2,1,4,1,2,2,4,4,2,2,3,3,4,4,3,1,1,3,1,2,1,4,3,1,1,2,2,3,4,4,2,1,2,1,2,2,3,2,1,1,3,1,3,1,3,1,1,4,3,2,1,1,3,2,2,4,4,2,3,3,1,4,4,4,2,3,2,3,4,3,3,4,3,2,1,1,1,2,3,2,3,4,3,1,4,3,4,3,2,3,1,2,2,1,1,1,4,3,2,2,4,3,1,4,3,3,2,2,3,4,2,3,3,2,2,2,2,4,1,2,4,3,1,2,3,4,4,1,1,3,1,3,2,3,2,1,1,1,3,4,4,2,1,1,2,3,2,2,2,2,3,3,3,1,1,2,2,2,4,2,4,1,3,1,2,3,4,3,3,2,4,3,4,3,1,3,2,2,2,4,1,4,3,4,4,2,3,4,4,2,2,2,3,3,2,1,4,2,2,3,1,1,4,2,2,4,1,1,2,2,3,2,1,2,2,4,1,1,1,1,3,4,1,4,3,3,1,2,1,4,1,1,2,3,4,3,2,1,3,1,1,3,4,2,4,3,2,1,1,1,1,1,1,2,3,4,2,4,3,4,3,1,2,2,3,1,3,1,3,3,1,2,1,3,3,2,1,2,4,4,4,4,1,4,2,4,4,3,2,2,2,4,2,2,3,2,4,2,3,2,4,2,2,2,4,3,1,4,4,1,2,1,1,1,2,3,1,1,3,3,3,4,3,4,3,3,3,4,1,3,3,4,1,4,1,3,4,1,4,2,2,3,4,4,3,2,3,2,2,3,4,3,1,2,4,3,3,4,2,1,1,3,1,4,3,1,3,2,1,4,1,1,3,3,2,3,3,1,3,2,4,2,2,1,1,2,1,1,4,4,1,2,1,2,2,2,3,4,1,2,4,1,1,3,4,2,2,4,3,4,2,3,1,4,3,3,2,1,1,4,3,2,2,3,1,4,1,3,1,1,4,1,4,4,3,4,3,2,3,2,1,2,2,2,1,1,1,2,3,4,1,1,3,3,3,1,4,2,3,4,1,2,3,2,1,3,4,4,2,4,4,1,1,4,2,4,1,2,2,3,3,4,3,1,2,1,3,1,2,3,1,1,3,2,4,1,2,3,1,2,2,2,2,1,2,1,3,4,1,3,2,3,2,1,2,1,1,1,4,3,4,2,2,1,1,1,2,2,2,4,4,2,1,4,4,1,3,3,2,4,3,3,3,1,1,1,2,2,3,3,4,1,1,1,2,3,2,2,4,1,2,3,3,1,2,2,3,1,3,1,1,3,2,2,1,3,2,4,2,1,2,3,4,4,2,1,2,2,4,3,4,1,4,3,1,1,2,3,4,1,3,3,1,3,2,1,3,2,3,3,2,2,2,3,3,1,3,1,4,1,1,4,1,1,4,4,2,1,2,4,1,2,4,2,1,4,1,4,1,2,1,2,1,3,2,1,1,1,3,4,1,3,1,2,2,1,2,4,1,4,1,2,3,1,2,2,3,1,3,3,1,3,4"
74,0.9886279079380575,0.5196078431372549,2329.0,"2,2,3,4,1,1,4,1,1,2,4,1,1,4,2,2,3,4,1,1,4,4,4,2,1,1,4,3,1,2,2,2,3,3,3,3,1,2,1,3,2,3,4,4,4,3,1,4,4,3,4,1,3,2,1,1,2,1,1,4,3,1,1,3,4,1,4,2,3,1,1,2,4,4,3,1,3,2,4,2,3,1,1,3,1,3,3,3,4,1,2,1,3,4,4,2,4,4,2,2,4,3,3,3,3,4,3,1,2,1,1,2,2,2,4,1,4,2,3,2,1,3,4,4,4,4,1,2,1,3,1,2,2,2,3,2,1,4,2,1,4,2,1,1,3,3,2,1,2,2,4,1,1,2,2,2,4,1,2,1,3,2,3,2,2,3,1,2,1,1,3,4,2,3,3,1,2,2,2,2,3,3,3,4,2,4,4,3,2,2,2,4,1,2,1,1,2,2,3,2,1,4,3,4,3,4,2,1,3,3,1,2,1,1,3,3,2,2,2,2,1,2,4,4,3,3,1,3,1,4,3,1,3,3,3,1,2,4,1,3,1,1,4,2,1,2,4,2,3,3,1,3,2,1,1,2,1,4,2,2,1,2,1,3,2,3,2,1,4,3,4,4,2,2,2,3,2,4,2,2,1,4,2,3,2,1,1,3,3,1,2,1,4,4,3,1,3,4,1,4,1,2,4,1,2,1,4,1,4,4,4,2,2,4,4,2,2,3,2,3,4,3,4,1,2,4,1,2,4,1,1,2,3,3,3,4,2,3,1,1,1,4,3,3,2,2,1,2,4,1,3,4,3,4,1,2,2,2,2,1,2,3,2,4,3,3,1,2,2,1,4,1,4,2,1,2,4,1,1,4,4,3,2,2,1,1,3,4,3,3,4,2,4,1,1,3,2,2,3,3,2,4,1,3,2,3,1,2,3,3,1,4,3,3,1,1,4,2,1,4,1,4,1,3,2,3,2,4,3,3,4,1,3,2,3,3,2,1,3,3,2,1,4,3,4,3,1,3,1,3,4,3,4,2,2,3,4,2,3,3,2,4,1,3,1,2,3,2,1,3,2,4,4,3,2,4,3,2,2,3,4,2,4,4,3,4,3,2,4,2,1,2,1,3,3,1,1,3,3,2,3,3,4,1,2,1,3,3,2,1,3,1,2,1,1,2,4,2,3,1,1,1,4,4,1,4,2,2,1,4,2,4,2,2,2,1,4,2,3,3,2,4,1,1,1,2,1,1,2,2,2,2,1,3,4,1,3,4,3,2,1,4,3,1,1,2,2,3,3,2,2,1,4,1,1,1,2,4,2,1,2,4,2,3,3,2,1,1,4,1,3,4,1,4,3,2,2,1,4,2,3,2,3,1,1,2,2,3,3,3,2,2,3,1,2,3,2,4,1,1,3,3,2,1,3,3,1,3,1,3,2,3,1,1,3,2,1,1,1,2,4,3,2,4,3,2,4,3,3,2,4,2,4,1,1,3,3,3,3,4,4,3,4,1,1,4,2,1,2,1,4,4,3,3,1,2,2,2,1,2,4,2,1,3,3,4,1,4,1,1,3,2,1,4,3,1,4,1,1,1,4,4,3,4,3,3,3,2,2,3,4,3,1,3,4,3,1,2,4,4,4,3,3,2,1,4,2,1,2,3,1,2,1,1,2,4,2,4,2,1,2,1,3,1,3,4,2,3,2,3,3,3,4,1,4,3,2,1,3,1,3,1,1,4,2,4,1,1,2,3,1,4,4,2,1,3,4,3,2,3,2,4,2,1,3,4,1,3,2,2,3,2,3,1,3,4,4,2,3,1,2,2,1,4,1,1,1,1,3,1,4,1,4,3,2,4,3,1,3,1,4,1,3,4,1,1,1,2,2,3,3,1,4,2,1,4,3,2,1,2,2,1,4,3,2,1,2,2,3,4,2,3,1,1,1,3,2,1,3,4,3,3,4,3,1,2,3,3,1,1,4,3,3,3,2,3,1,3,1,1,1,2,3,1,3,2,3,4,1,2,1,1,4,3,4,1,4,2,1,1,3,2,2,3,3,3,4,3,4,4,2,1,2,1,2,3,4,4,4,2,3,2,1,3,1,4,4,4,4,1,1,1,1,1,4,4,4,2,4,2,1,3,3,2,4,2,1,1,3,4,2,2,1,1,4,2,1,1,2,2,4,2,2,3,4,2,1,1,1,3,1,2,2,2,2,4,1,2,4,2,4,2,3,3,2,1,1,4,4,4,3,1,3,4,4,2,2,2,3,1,4,1,3,1,1,2,2,2,1,4,1,2,2,4,4,2,2,3,3,4,4,3,1,1,3,1,2,1,4,3,1,1,2,2,3,4,4,2,1,2,1,2,2,3,2,1,1,3,1,3,1,3,1,1,4,3,2,1,1,3,2,2,4,4,2,3,3,1,4,4,4,2,3,2,3,4,3,3,4,3,2,1,1,1,2,3,2,3,4,3,1,4,3,4,3,2,3,1,2,2,1,1,1,4,3,2,2,4,3,1,4,3,3,2,2,3,4,2,3,3,2,2,2,2,4,1,2,4,3,1,2,3,4,4,1,1,3,1,3,2,3,2,1,1,1,3,4,4,2,1,1,2,3,2,2,2,2,3,3,3,1,1,2,2,2,4,2,4,1,3,1,2,3,4,3,3,2,4,3,4,3,1,3,2,2,2,4,1,4,3,4,4,2,3,4,4,2,2,2,3,3,2,1,4,2,2,3,1,1,4,2,2,4,1,1,2,2,3,2,1,2,2,4,1,1,1,1,3,4,1,4,3,3,1,2,1,4,1,1,2,3,4,3,2,1,3,1,1,3,4,2,4,3,2,1,1,1,1,1,1,2,3,4,2,4,3,4,3,1,2,2,3,1,3,1,3,3,1,2,1,3,3,2,1,2,4,4,4,4,1,4,2,4,4,3,2,2,2,4,2,2,3,2,4,2,3,2,4,2,2,2,4,3,1,4,4,1,2,1,1,1,2,3,1,1,3,3,3,4,3,4,3,3,3,4,1,3,3,4,1,4,1,3,4,1,4,2,2,3,4,4,3,2,3,2,2,3,4,3,1,2,4,3,3,4,2,1,1,3,1,4,3,1,3,2,1,4,1,1,3,3,2,3,3,1,3,2,4,2,2,1,1,2,1,1,4,4,1,2,1,2,2,2,3,4,1,2,4,1,1,3,4,2,2,4,3,4,2,3,1,4,3,3,2,1,1,4,3,2,2,3,1,4,1,3,1,1,4,1,4,4,3,4,3,2,3,2,1,2,2,2,1,1,1,2,3,4,1,1,3,3,3,1,4,2,3,4,1,2,3,2,1,3,4,4,2,4,4,1,1,4,2,4,1,2,2,3,3,4,3,1,2,1,3,1,2,3,1,1,3,2,4,1,2,3,1,2,2,2,2,1,2,1,3,4,1,3,2,3,2,1,2,1,1,1,4,3,4,2,2,1,1,1,2,2,2,4,4,2,1,4,4,1,3,3,2,4,3,3,3,1,1,1,2,2,3,3,4,1,1,1,2,3,2,2,4,1,2,3,3,1,2,2,3,1,3,1,1,3,2,2,1,3,2,4,2,1,2,3,4,4,2,1,2,2,4,3,4,1,4,3,1,1,2,3,4,1,3,3,1,3,2,1,3,2,3,3,2,2,2,3,3,1,3,1,4,1,1,4,1,1,4,4,2,1,2,4,1,2,4,2,1,4,1,4,1,2,1,2,1,3,2,1,1,1,3,4,1,3,1,2,2,1,2,4,1,4,1,2,3,1,2,2,3,1,3,3,1,3,4"
75,0.9886279079380575,0.5196078431372549,2329.0,"2,2,3,4,1,1,4,1,1,2,4,1,1,4,2,2,3,4,1,1,4,4,4,2,1,1,4,3,1,2,2,2,3,3,3,3,1,2,1,3,2,3,4,4,4,3,1,4,4,3,4,1,3,2,1,1,2,1,1,4,3,1,1,3,4,1,4,2,3,1,1,2,4,4,3,1,3,2,4,2,3,1,1,3,1,3,3,3,4,1,2,1,3,4,4,2,4,4,2,2,4,3,3,3,3,4,3,1,2,1,1,2,2,2,4,1,4,2,3,2,1,3,4,4,4,4,1,2,1,3,1,2,2,2,3,2,1,4,2,1,4,2,1,1,3,3,2,1,2,2,4,1,1,2,2,2,4,1,2,1,3,2,3,2,2,3,1,2,1,1,3,4,2,3,3,1,2,2,2,2,3,3,3,4,2,4,4,3,2,2,2,4,1,2,1,1,2,2,3,2,1,4,3,4,3,4,2,1,3,3,1,2,1,1,3,3,2,2,2,2,1,2,4,4,3,3,1,3,1,4,3,1,3,3,3,1,2,4,1,3,1,1,4,2,1,2,4,2,3,3,1,3,2,1,1,2,1,4,2,2,1,2,1,3,2,3,2,1,4,3,4,4,2,2,2,3,2,4,2,2,1,4,2,3,2,1,1,3,3,1,2,1,4,4,3,1,3,4,1,4,1,2,4,1,2,1,4,1,4,4,4,2,2,4,4,2,2,3,2,3,4,3,4,1,2,4,1,2,4,1,1,2,3,3,3,4,2,3,1,1,1,4,3,3,2,2,1,2,4,1,3,4,3,4,1,2,2,2,2,1,2,3,2,4,3,3,1,2,2,1,4,1,4,2,1,2,4,1,1,4,4,3,2,2,1,1,3,4,3,3,4,2,4,1,1,3,2,2,3,3,2,4,1,3,2,3,1,2,3,3,1,4,3,3,1,1,4,2,1,4,1,4,1,3,2,3,2,4,3,3,4,1,3,2,3,3,2,1,3,3,2,1,4,3,4,3,1,3,1,3,4,3,4,2,2,3,4,2,3,3,2,4,1,3,1,2,3,2,1,3,2,4,4,3,2,4,3,2,2,3,4,2,4,4,3,4,3,2,4,2,1,2,1,3,3,1,1,3,3,2,3,3,4,1,2,1,3,3,2,1,3,1,2,1,1,2,4,2,3,1,1,1,4,4,1,4,2,2,1,4,2,4,2,2,2,1,4,2,3,3,2,4,1,1,1,2,1,1,2,2,2,2,1,3,4,1,3,4,3,2,1,4,3,1,1,2,2,3,3,2,2,1,4,1,1,1,2,4,2,1,2,4,2,3,3,2,1,1,4,1,3,4,1,4,3,2,2,1,4,2,3,2,3,1,1,2,2,3,3,3,2,2,3,1,2,3,2,4,1,1,3,3,2,1,3,3,1,3,1,3,2,3,1,1,3,2,1,1,1,2,4,3,2,4,3,2,4,3,3,2,4,2,4,1,1,3,3,3,3,4,4,3,4,1,1,4,2,1,2,1,4,4,3,3,1,2,2,2,1,2,4,2,1,3,3,4,1,4,1,1,3,2,1,4,3,1,4,1,1,1,4,4,3,4,3,3,3,2,2,3,4,3,1,3,4,3,1,2,4,4,4,3,3,2,1,4,2,1,2,3,1,2,1,1,2,4,2,4,2,1,2,1,3,1,3,4,2,3,2,3,3,3,4,1,4,3,2,1,3,1,3,1,1,4,2,4,1,1,2,3,1,4,4,2,1,3,4,3,2,3,2,4,2,1,3,4,1,3,2,2,3,2,3,1,3,4,4,2,3,1,2,2,1,4,1,1,1,1,3,1,4,1,4,3,2,4,3,1,3,1,4,1,3,4,1,1,1,2,2,3,3,1,4,2,1,4,3,2,1,2,2,1,4,3,2,1,2,2,3,4,2,3,1,1,1,3,2,1,3,4,3,3,4,3,1,2,3,3,1,1,4,3,3,3,2,3,1,3,1,1,1,2,3,1,3,2,3,4,1,2,1,1,4,3,4,1,4,2,1,1,3,2,2,3,3,3,4,3,4,4,2,1,2,1,2,3,4,4,4,2,3,2,1,3,1,4,4,4,4,1,1,1,1,1,4,4,4,2,4,2,1,3,3,2,4,2,1,1,3,4,2,2,1,1,4,2,1,1,2,2,4,2,2,3,4,2,1,1,1,3,1,2,2,2,2,4,1,2,4,2,4,2,3,3,2,1,1,4,4,4,3,1,3,4,4,2,2,2,3,1,4,1,3,1,1,2,2,2,1,4,1,2,2,4,4,2,2,3,3,4,4,3,1,1,3,1,2,1,4,3,1,1,2,2,3,4,4,2,1,2,1,2,2,3,2,1,1,3,1,3,1,3,1,1,4,3,2,1,1,3,2,2,4,4,2,3,3,1,4,4,4,2,3,2,3,4,3,3,4,3,2,1,1,1,2,3,2,3,4,3,1,4,3,4,3,2,3,1,2,2,1,1,1,4,3,2,2,4,3,1,4,3,3,2,2,3,4,2,3,3,2,2,2,2,4,1,2,4,3,1,2,3,4,4,1,1,3,1,3,2,3,2,1,1,1,3,4,4,2,1,1,2,3,2,2,2,2,3,3,3,1,1,2,2,2,4,2,4,1,3,1,2,3,4,3,3,2,4,3,4,3,1,3,2,2,2,4,1,4,3,4,4,2,3,4,4,2,2,2,3,3,2,1,4,2,2,3,1,1,4,2,2,4,1,1,2,2,3,2,1,2,2,4,1,1,1,1,3,4,1,4,3,3,1,2,1,4,1,1,2,3,4,3,2,1,3,1,1,3,4,2,4,3,2,1,1,1,1,1,1,2,3,4,2,4,3,4,3,1,2,2,3,1,3,1,3,3,1,2,1,3,3,2,1,2,4,4,4,4,1,4,2,4,4,3,2,2,2,4,2,2,3,2,4,2,3,2,4,2,2,2,4,3,1,4,4,1,2,1,1,1,2,3,1,1,3,3,3,4,3,4,3,3,3,4,1,3,3,4,1,4,1,3,4,1,4,2,2,3,4,4,3,2,3,2,2,3,4,3,1,2,4,3,3,4,2,1,1,3,1,4,3,1,3,2,1,4,1,1,3,3,2,3,3,1,3,2,4,2,2,1,1,2,1,1,4,4,1,2,1,2,2,2,3,4,1,2,4,1,1,3,4,2,2,4,3,4,2,3,1,4,3,3,2,1,1,4,3,2,2,3,1,4,1,3,1,1,4,1,4,4,3,4,3,2,3,2,1,2,2,2,1,1,1,2,3,4,1,1,3,3,3,1,4,2,3,4,1,2,3,2,1,3,4,4,2,4,4,1,1,4,2,4,1,2,2,3,3,4,3,1,2,1,3,1,2,3,1,1,3,2,4,1,2,3,1,2,2,2,2,1,2,1,3,4,1,3,2,3,2,1,2,1,1,1,4,3,4,2,2,1,1,1,2,2,2,4,4,2,1,4,4,1,3,3,2,4,3,3,3,1,1,1,2,2,3,3,4,1,1,1,2,3,2,2,4,1,2,3,3,1,2,2,3,1,3,1,1,3,2,2,1,3,2,4,2,1,2,3,4,4,2,1,2,2,4,3,4,1,4,3,1,1,2,3,4,1,3,3,1,3,2,1,3,2,3,3,2,2,2,3,3,1,3,1,4,1,1,4,1,1,4,4,2,1,2,4,1,2,4,2,1,4,1,4,1,2,1,2,1,3,2,1,1,1,3,4,1,3,1,2,2,1,2,4,1,4,1,2,3,1,2,2,3,1,3,3,1,3,4"
76,0.9886279079380575,0.5196078431372549,2329.0,"2,2,3,4,1,1,4,1,1,2,4,1,1,4,2,2,3,4,1,1,4,4,4,2,1,1,4,3,1,2,2,2,3,3,3,3,1,2,1,3,2,3,4,4,4,3,1,4,4,3,4,1,3,2,1,1,2,1,1,4,3,1,1,3,4,1,4,2,3,1,1,2,4,4,3,1,3,2,4,2,3,1,1,3,1,3,3,3,4,1,2,1,3,4,4,2,4,4,2,2,4,3,3,3,3,4,3,1,2,1,1,2,2,2,4,1,4,2,3,2,1,3,4,4,4,4,1,2,1,3,1,2,2,2,3,2,1,4,2,1,4,2,1,1,3,3,2,1,2,2,4,1,1,2,2,2,4,1,2,1,3,2,3,2,2,3,1,2,1,1,3,4,2,3,3,1,2,2,2,2,3,3,3,4,2,4,4,3,2,2,2,4,1,2,1,1,2,2,3,2,1,4,3,4,3,4,2,1,3,3,1,2,1,1,3,3,2,2,2,2,1,2,4,4,3,3,1,3,1,4,3,1,3,3,3,1,2,4,1,3,1,1,4,2,1,2,4,2,3,3,1,3,2,1,1,2,1,4,2,2,1,2,1,3,2,3,2,1,4,3,4,4,2,2,2,3,2,4,2,2,1,4,2,3,2,1,1,3,3,1,2,1,4,4,3,1,3,4,1,4,1,2,4,1,2,1,4,1,4,4,4,2,2,4,4,2,2,3,2,3,4,3,4,1,2,4,1,2,4,1,1,2,3,3,3,4,2,3,1,1,1,4,3,3,2,2,1,2,4,1,3,4,3,4,1,2,2,2,2,1,2,3,2,4,3,3,1,2,2,1,4,1,4,2,1,2,4,1,1,4,4,3,2,2,1,1,3,4,3,3,4,2,4,1,1,3,2,2,3,3,2,4,1,3,2,3,1,2,3,3,1,4,3,3,1,1,4,2,1,4,1,4,1,3,2,3,2,4,3,3,4,1,3,2,3,3,2,1,3,3,2,1,4,3,4,3,1,3,1,3,4,3,4,2,2,3,4,2,3,3,2,4,1,3,1,2,3,2,1,3,2,4,4,3,2,4,3,2,2,3,4,2,4,4,3,4,3,2,4,2,1,2,1,3,3,1,1,3,3,2,3,3,4,1,2,1,3,3,2,1,3,1,2,1,1,2,4,2,3,1,1,1,4,4,1,4,2,2,1,4,2,4,2,2,2,1,4,2,3,3,2,4,1,1,1,2,1,1,2,2,2,2,1,3,4,1,3,4,3,2,1,4,3,1,1,2,2,3,3,2,2,1,4,1,1,1,2,4,2,1,2,4,2,3,3,2,1,1,4,1,3,4,1,4,3,2,2,1,4,2,3,2,3,1,1,2,2,3,3,3,2,2,3,1,2,3,2,4,1,1,3,3,2,1,3,3,1,3,1,3,2,3,1,1,3,2,1,1,1,2,4,3,2,4,3,2,4,3,3,2,4,2,4,1,1,3,3,3,3,4,4,3,4,1,1,4,2,1,2,1,4,4,3,3,1,2,2,2,1,2,4,2,1,3,3,4,1,4,1,1,3,2,1,4,3,1,4,1,1,1,4,4,3,4,3,3,3,2,2,3,4,3,1,3,4,3,1,2,4,4,4,3,3,2,1,4,2,1,2,3,1,2,1,1,2,4,2,4,2,1,2,1,3,1,3,4,2,3,2,3,3,3,4,1,4,3,2,1,3,1,3,1,1,4,2,4,1,1,2,3,1,4,4,2,1,3,4,3,2,3,2,4,2,1,3,4,1,3,2,2,3,2,3,1,3,4,4,2,3,1,2,2,1,4,1,1,1,1,3,1,4,1,4,3,2,4,3,1,3,1,4,1,3,4,1,1,1,2,2,3,3,1,4,2,1,4,3,2,1,2,2,1,4,3,2,1,2,2,3,4,2,3,1,1,1,3,2,1,3,4,3,3,4,3,1,2,3,3,1,1,4,3,3,3,2,3,1,3,1,1,1,2,3,1,3,2,3,4,1,2,1,1,4,3,4,1,4,2,1,1,3,2,2,3,3,3,4,3,4,4,2,1,2,1,2,3,4,4,4,2,3,2,1,3,1,4,4,4,4,1,1,1,1,1,4,4,4,2,4,2,1,3,3,2,4,2,1,1,3,4,2,2,1,1,4,2,1,1,2,2,4,2,2,3,4,2,1,1,1,3,1,2,2,2,2,4,1,2,4,2,4,2,3,3,2,1,1,4,4,4,3,1,3,4,4,2,2,2,3,1,4,1,3,1,1,2,2,2,1,4,1,2,2,4,4,2,2,3,3,4,4,3,1,1,3,1,2,1,4,3,1,1,2,2,3,4,4,2,1,2,1,2,2,3,2,1,1,3,1,3,1,3,1,1,4,3,2,1,1,3,2,2,4,4,2,3,3,1,4,4,4,2,3,2,3,4,3,3,4,3,2,1,1,1,2,3,2,3,4,3,1,4,3,4,3,2,3,1,2,2,1,1,1,4,3,2,2,4,3,1,4,3,3,2,2,3,4,2,3,3,2,2,2,2,4,1,2,4,3,1,2,3,4,4,1,1,3,1,3,2,3,2,1,1,1,3,4,4,2,1,1,2,3,2,2,2,2,3,3,3,1,1,2,2,2,4,2,4,1,3,1,2,3,4,3,3,2,4,3,4,3,1,3,2,2,2,4,1,4,3,4,4,2,3,4,4,2,2,2,3,3,2,1,4,2,2,3,1,1,4,2,2,4,1,1,2,2,3,2,1,2,2,4,1,1,1,1,3,4,1,4,3,3,1,2,1,4,1,1,2,3,4,3,2,1,3,1,1,3,4,2,4,3,2,1,1,1,1,1,1,2,3,4,2,4,3,4,3,1,2,2,3,1,3,1,3,3,1,2,1,3,3,2,1,2,4,4,4,4,1,4,2,4,4,3,2,2,2,4,2,2,3,2,4,2,3,2,4,2,2,2,4,3,1,4,4,1,2,1,1,1,2,3,1,1,3,3,3,4,3,4,3,3,3,4,1,3,3,4,1,4,1,3,4,1,4,2,2,3,4,4,3,2,3,2,2,3,4,3,1,2,4,3,3,4,2,1,1,3,1,4,3,1,3,2,1,4,1,1,3,3,2,3,3,1,3,2,4,2,2,1,1,2,1,1,4,4,1,2,1,2,2,2,3,4,1,2,4,1,1,3,4,2,2,4,3,4,2,3,1,4,3,3,2,1,1,4,3,2,2,3,1,4,1,3,1,1,4,1,4,4,3,4,3,2,3,2,1,2,2,2,1,1,1,2,3,4,1,1,3,3,3,1,4,2,3,4,1,2,3,2,1,3,4,4,2,4,4,1,1,4,2,4,1,2,2,3,3,4,3,1,2,1,3,1,2,3,1,1,3,2,4,1,2,3,1,2,2,2,2,1,2,1,3,4,1,3,2,3,2,1,2,1,1,1,4,3,4,2,2,1,1,1,2,2,2,4,4,2,1,4,4,1,3,3,2,4,3,3,3,1,1,1,2,2,3,3,4,1,1,1,2,3,2,2,4,1,2,3,3,1,2,2,3,1,3,1,1,3,2,2,1,3,2,4,2,1,2,3,4,4,2,1,2,2,4,3,4,1,4,3,1,1,2,3,4,1,3,3,1,3,2,1,3,2,3,3,2,2,2,3,3,1,3,1,4,1,1,4,1,1,4,4,2,1,2,4,1,2,4,2,1,4,1,4,1,2,1,2,1,3,2,1,1,1,3,4,1,3,1,2,2,1,2,4,1,4,1,2,3,1,2,2,3,1,3,3,1,3,4"
77,0.9886279079380575,0.5196078431372549,2329.0,"2,2,3,4,1,1,4,1,1,2,4,1,1,4,2,2,3,4,1,1,4,4,4,2,1,1,4,3,1,2,2,2,3,3,3,3,1,2,1,3,2,3,4,4,4,3,1,4,4,3,4,1,3,2,1,1,2,1,1,4,3,1,1,3,4,1,4,2,3,1,1,2,4,4,3,1,3,2,4,2,3,1,1,3,1,3,3,3,4,1,2,1,3,4,4,2,4,4,2,2,4,3,3,3,3,4,3,1,2,1,1,2,2,2,4,1,4,2,3,2,1,3,4,4,4,4,1,2,1,3,1,2,2,2,3,2,1,4,2,1,4,2,1,1,3,3,2,1,2,2,4,1,1,2,2,2,4,1,2,1,3,2,3,2,2,3,1,2,1,1,3,4,2,3,3,1,2,2,2,2,3,3,3,4,2,4,4,3,2,2,2,4,1,2,1,1,2,2,3,2,1,4,3,4,3,4,2,1,3,3,1,2,1,1,3,3,2,2,2,2,1,2,4,4,3,3,1,3,1,4,3,1,3,3,3,1,2,4,1,3,1,1,4,2,1,2,4,2,3,3,1,3,2,1,1,2,1,4,2,2,1,2,1,3,2,3,2,1,4,3,4,4,2,2,2,3,2,4,2,2,1,4,2,3,2,1,1,3,3,1,2,1,4,4,3,1,3,4,1,4,1,2,4,1,2,1,4,1,4,4,4,2,2,4,4,2,2,3,2,3,4,3,4,1,2,4,1,2,4,1,1,2,3,3,3,4,2,3,1,1,1,4,3,3,2,2,1,2,4,1,3,4,3,4,1,2,2,2,2,1,2,3,2,4,3,3,1,2,2,1,4,1,4,2,1,2,4,1,1,4,4,3,2,2,1,1,3,4,3,3,4,2,4,1,1,3,2,2,3,3,2,4,1,3,2,3,1,2,3,3,1,4,3,3,1,1,4,2,1,4,1,4,1,3,2,3,2,4,3,3,4,1,3,2,3,3,2,1,3,3,2,1,4,3,4,3,1,3,1,3,4,3,4,2,2,3,4,2,3,3,2,4,1,3,1,2,3,2,1,3,2,4,4,3,2,4,3,2,2,3,4,2,4,4,3,4,3,2,4,2,1,2,1,3,3,1,1,3,3,2,3,3,4,1,2,1,3,3,2,1,3,1,2,1,1,2,4,2,3,1,1,1,4,4,1,4,2,2,1,4,2,4,2,2,2,1,4,2,3,3,2,4,1,1,1,2,1,1,2,2,2,2,1,3,4,1,3,4,3,2,1,4,3,1,1,2,2,3,3,2,2,1,4,1,1,1,2,4,2,1,2,4,2,3,3,2,1,1,4,1,3,4,1,4,3,2,2,1,4,2,3,2,3,1,1,2,2,3,3,3,2,2,3,1,2,3,2,4,1,1,3,3,2,1,3,3,1,3,1,3,2,3,1,1,3,2,1,1,1,2,4,3,2,4,3,2,4,3,3,2,4,2,4,1,1,3,3,3,3,4,4,3,4,1,1,4,2,1,2,1,4,4,3,3,1,2,2,2,1,2,4,2,1,3,3,4,1,4,1,1,3,2,1,4,3,1,4,1,1,1,4,4,3,4,3,3,3,2,2,3,4,3,1,3,4,3,1,2,4,4,4,3,3,2,1,4,2,1,2,3,1,2,1,1,2,4,2,4,2,1,2,1,3,1,3,4,2,3,2,3,3,3,4,1,4,3,2,1,3,1,3,1,1,4,2,4,1,1,2,3,1,4,4,2,1,3,4,3,2,3,2,4,2,1,3,4,1,3,2,2,3,2,3,1,3,4,4,2,3,1,2,2,1,4,1,1,1,1,3,1,4,1,4,3,2,4,3,1,3,1,4,1,3,4,1,1,1,2,2,3,3,1,4,2,1,4,3,2,1,2,2,1,4,3,2,1,2,2,3,4,2,3,1,1,1,3,2,1,3,4,3,3,4,3,1,2,3,3,1,1,4,3,3,3,2,3,1,3,1,1,1,2,3,1,3,2,3,4,1,2,1,1,4,3,4,1,4,2,1,1,3,2,2,3,3,3,4,3,4,4,2,1,2,1,2,3,4,4,4,2,3,2,1,3,1,4,4,4,4,1,1,1,1,1,4,4,4,2,4,2,1,3,3,2,4,2,1,1,3,4,2,2,1,1,4,2,1,1,2,2,4,2,2,3,4,2,1,1,1,3,1,2,2,2,2,4,1,2,4,2,4,2,3,3,2,1,1,4,4,4,3,1,3,4,4,2,2,2,3,1,4,1,3,1,1,2,2,2,1,4,1,2,2,4,4,2,2,3,3,4,4,3,1,1,3,1,2,1,4,3,1,1,2,2,3,4,4,2,1,2,1,2,2,3,2,1,1,3,1,3,1,3,1,1,4,3,2,1,1,3,2,2,4,4,2,3,3,1,4,4,4,2,3,2,3,4,3,3,4,3,2,1,1,1,2,3,2,3,4,3,1,4,3,4,3,2,3,1,2,2,1,1,1,4,3,2,2,4,3,1,4,3,3,2,2,3,4,2,3,3,2,2,2,2,4,1,2,4,3,1,2,3,4,4,1,1,3,1,3,2,3,2,1,1,1,3,4,4,2,1,1,2,3,2,2,2,2,3,3,3,1,1,2,2,2,4,2,4,1,3,1,2,3,4,3,3,2,4,3,4,3,1,3,2,2,2,4,1,4,3,4,4,2,3,4,4,2,2,2,3,3,2,1,4,2,2,3,1,1,4,2,2,4,1,1,2,2,3,2,1,2,2,4,1,1,1,1,3,4,1,4,3,3,1,2,1,4,1,1,2,3,4,3,2,1,3,1,1,3,4,2,4,3,2,1,1,1,1,1,1,2,3,4,2,4,3,4,3,1,2,2,3,1,3,1,3,3,1,2,1,3,3,2,1,2,4,4,4,4,1,4,2,4,4,3,2,2,2,4,2,2,3,2,4,2,3,2,4,2,2,2,4,3,1,4,4,1,2,1,1,1,2,3,1,1,3,3,3,4,3,4,3,3,3,4,1,3,3,4,1,4,1,3,4,1,4,2,2,3,4,4,3,2,3,2,2,3,4,3,1,2,4,3,3,4,2,1,1,3,1,4,3,1,3,2,1,4,1,1,3,3,2,3,3,1,3,2,4,2,2,1,1,2,1,1,4,4,1,2,1,2,2,2,3,4,1,2,4,1,1,3,4,2,2,4,3,4,2,3,1,4,3,3,2,1,1,4,3,2,2,3,1,4,1,3,1,1,4,1,4,4,3,4,3,2,3,2,1,2,2,2,1,1,1,2,3,4,1,1,3,3,3,1,4,2,3,4,1,2,3,2,1,3,4,4,2,4,4,1,1,4,2,4,1,2,2,3,3,4,3,1,2,1,3,1,2,3,1,1,3,2,4,1,2,3,1,2,2,2,2,1,2,1,3,4,1,3,2,3,2,1,2,1,1,1,4,3,4,2,2,1,1,1,2,2,2,4,4,2,1,4,4,1,3,3,2,4,3,3,3,1,1,1,2,2,3,3,4,1,1,1,2,3,2,2,4,1,2,3,3,1,2,2,3,1,3,1,1,3,2,2,1,3,2,4,2,1,2,3,4,4,2,1,2,2,4,3,4,1,4,3,1,1,2,3,4,1,3,3,1,3,2,1,3,2,3,3,2,2,2,3,3,1,3,1,4,1,1,4,1,1,4,4,2,1,2,4,1,2,4,2,1,4,1,4,1,2,1,2,1,3,2,1,1,1,3,4,1,3,1,2,2,1,2,4,1,4,1,2,3,1,2,2,3,1,3,3,1,3,4"
78,0.9886279079380575,0.5196078431372549,2329.0,"2,2,3,4,1,1,4,1,1,2,4,1,1,4,2,2,3,4,1,1,4,4,4,2,1,1,4,3,1,2,2,2,3,3,3,3,1,2,1,3,2,3,4,4,4,3,1,4,4,3,4,1,3,2,1,1,2,1,1,4,3,1,1,3,4,1,4,2,3,1,1,2,4,4,3,1,3,2,4,2,3,1,1,3,1,3,3,3,4,1,2,1,3,4,4,2,4,4,2,2,4,3,3,3,3,4,3,1,2,1,1,2,2,2,4,1,4,2,3,2,1,3,4,4,4,4,1,2,1,3,1,2,2,2,3,2,1,4,2,1,4,2,1,1,3,3,2,1,2,2,4,1,1,2,2,2,4,1,2,1,3,2,3,2,2,3,1,2,1,1,3,4,2,3,3,1,2,2,2,2,3,3,3,4,2,4,4,3,2,2,2,4,1,2,1,1,2,2,3,2,1,4,3,4,3,4,2,1,3,3,1,2,1,1,3,3,2,2,2,2,1,2,4,4,3,3,1,3,1,4,3,1,3,3,3,1,2,4,1,3,1,1,4,2,1,2,4,2,3,3,1,3,2,1,1,2,1,4,2,2,1,2,1,3,2,3,2,1,4,3,4,4,2,2,2,3,2,4,2,2,1,4,2,3,2,1,1,3,3,1,2,1,4,4,3,1,3,4,1,4,1,2,4,1,2,1,4,1,4,4,4,2,2,4,4,2,2,3,2,3,4,3,4,1,2,4,1,2,4,1,1,2,3,3,3,4,2,3,1,1,1,4,3,3,2,2,1,2,4,1,3,4,3,4,1,2,2,2,2,1,2,3,2,4,3,3,1,2,2,1,4,1,4,2,1,2,4,1,1,4,4,3,2,2,1,1,3,4,3,3,4,2,4,1,1,3,2,2,3,3,2,4,1,3,2,3,1,2,3,3,1,4,3,3,1,1,4,2,1,4,1,4,1,3,2,3,2,4,3,3,4,1,3,2,3,3,2,1,3,3,2,1,4,3,4,3,1,3,1,3,4,3,4,2,2,3,4,2,3,3,2,4,1,3,1,2,3,2,1,3,2,4,4,3,2,4,3,2,2,3,4,2,4,4,3,4,3,2,4,2,1,2,1,3,3,1,1,3,3,2,3,3,4,1,2,1,3,3,2,1,3,1,2,1,1,2,4,2,3,1,1,1,4,4,1,4,2,2,1,4,2,4,2,2,2,1,4,2,3,3,2,4,1,1,1,2,1,1,2,2,2,2,1,3,4,1,3,4,3,2,1,4,3,1,1,2,2,3,3,2,2,1,4,1,1,1,2,4,2,1,2,4,2,3,3,2,1,1,4,1,3,4,1,4,3,2,2,1,4,2,3,2,3,1,1,2,2,3,3,3,2,2,3,1,2,3,2,4,1,1,3,3,2,1,3,3,1,3,1,3,2,3,1,1,3,2,1,1,1,2,4,3,2,4,3,2,4,3,3,2,4,2,4,1,1,3,3,3,3,4,4,3,4,1,1,4,2,1,2,1,4,4,3,3,1,2,2,2,1,2,4,2,1,3,3,4,1,4,1,1,3,2,1,4,3,1,4,1,1,1,4,4,3,4,3,3,3,2,2,3,4,3,1,3,4,3,1,2,4,4,4,3,3,2,1,4,2,1,2,3,1,2,1,1,2,4,2,4,2,1,2,1,3,1,3,4,2,3,2,3,3,3,4,1,4,3,2,1,3,1,3,1,1,4,2,4,1,1,2,3,1,4,4,2,1,3,4,3,2,3,2,4,2,1,3,4,1,3,2,2,3,2,3,1,3,4,4,2,3,1,2,2,1,4,1,1,1,1,3,1,4,1,4,3,2,4,3,1,3,1,4,1,3,4,1,1,1,2,2,3,3,1,4,2,1,4,3,2,1,2,2,1,4,3,2,1,2,2,3,4,2,3,1,1,1,3,2,1,3,4,3,3,4,3,1,2,3,3,1,1,4,3,3,3,2,3,1,3,1,1,1,2,3,1,3,2,3,4,1,2,1,1,4,3,4,1,4,2,1,1,3,2,2,3,3,3,4,3,4,4,2,1,2,1,2,3,4,4,4,2,3,2,1,3,1,4,4,4,4,1,1,1,1,1,4,4,4,2,4,2,1,3,3,2,4,2,1,1,3,4,2,2,1,1,4,2,1,1,2,2,4,2,2,3,4,2,1,1,1,3,1,2,2,2,2,4,1,2,4,2,4,2,3,3,2,1,1,4,4,4,3,1,3,4,4,2,2,2,3,1,4,1,3,1,1,2,2,2,1,4,1,2,2,4,4,2,2,3,3,4,4,3,1,1,3,1,2,1,4,3,1,1,2,2,3,4,4,2,1,2,1,2,2,3,2,1,1,3,1,3,1,3,1,1,4,3,2,1,1,3,2,2,4,4,2,3,3,1,4,4,4,2,3,2,3,4,3,3,4,3,2,1,1,1,2,3,2,3,4,3,1,4,3,4,3,2,3,1,2,2,1,1,1,4,3,2,2,4,3,1,4,3,3,2,2,3,4,2,3,3,2,2,2,2,4,1,2,4,3,1,2,3,4,4,1,1,3,1,3,2,3,2,1,1,1,3,4,4,2,1,1,2,3,2,2,2,2,3,3,3,1,1,2,2,2,4,2,4,1,3,1,2,3,4,3,3,2,4,3,4,3,1,3,2,2,2,4,1,4,3,4,4,2,3,4,4,2,2,2,3,3,2,1,4,2,2,3,1,1,4,2,2,4,1,1,2,2,3,2,1,2,2,4,1,1,1,1,3,4,1,4,3,3,1,2,1,4,1,1,2,3,4,3,2,1,3,1,1,3,4,2,4,3,2,1,1,1,1,1,1,2,3,4,2,4,3,4,3,1,2,2,3,1,3,1,3,3,1,2,1,3,3,2,1,2,4,4,4,4,1,4,2,4,4,3,2,2,2,4,2,2,3,2,4,2,3,2,4,2,2,2,4,3,1,4,4,1,2,1,1,1,2,3,1,1,3,3,3,4,3,4,3,3,3,4,1,3,3,4,1,4,1,3,4,1,4,2,2,3,4,4,3,2,3,2,2,3,4,3,1,2,4,3,3,4,2,1,1,3,1,4,3,1,3,2,1,4,1,1,3,3,2,3,3,1,3,2,4,2,2,1,1,2,1,1,4,4,1,2,1,2,2,2,3,4,1,2,4,1,1,3,4,2,2,4,3,4,2,3,1,4,3,3,2,1,1,4,3,2,2,3,1,4,1,3,1,1,4,1,4,4,3,4,3,2,3,2,1,2,2,2,1,1,1,2,3,4,1,1,3,3,3,1,4,2,3,4,1,2,3,2,1,3,4,4,2,4,4,1,1,4,2,4,1,2,2,3,3,4,3,1,2,1,3,1,2,3,1,1,3,2,4,1,2,3,1,2,2,2,2,1,2,1,3,4,1,3,2,3,2,1,2,1,1,1,4,3,4,2,2,1,1,1,2,2,2,4,4,2,1,4,4,1,3,3,2,4,3,3,3,1,1,1,2,2,3,3,4,1,1,1,2,3,2,2,4,1,2,3,3,1,2,2,3,1,3,1,1,3,2,2,1,3,2,4,2,1,2,3,4,4,2,1,2,2,4,3,4,1,4,3,1,1,2,3,4,1,3,3,1,3,2,1,3,2,3,3,2,2,2,3,3,1,3,1,4,1,1,4,1,1,4,4,2,1,2,4,1,2,4,2,1,4,1,4,1,2,1,2,1,3,2,1,1,1,3,4,1,3,1,2,2,1,2,4,1,4,1,2,3,1,2,2,3,1,3,3,1,3,4"
79,0.9886279079380575,0.5196078431372549,2329.0,"2,2,3,4,1,1,4,1,1,2,4,1,1,4,2,2,3,4,1,1,4,4,4,2,1,1,4,3,1,2,2,2,3,3,3,3,1,2,1,3,2,3,4,4,4,3,1,4,4,3,4,1,3,2,1,1,2,1,1,4,3,1,1,3,4,1,4,2,3,1,1,2,4,4,3,1,3,2,4,2,3,1,1,3,1,3,3,3,4,1,2,1,3,4,4,2,4,4,2,2,4,3,3,3,3,4,3,1,2,1,1,2,2,2,4,1,4,2,3,2,1,3,4,4,4,4,1,2,1,3,1,2,2,2,3,2,1,4,2,1,4,2,1,1,3,3,2,1,2,2,4,1,1,2,2,2,4,1,2,1,3,2,3,2,2,3,1,2,1,1,3,4,2,3,3,1,2,2,2,2,3,3,3,4,2,4,4,3,2,2,2,4,1,2,1,1,2,2,3,2,1,4,3,4,3,4,2,1,3,3,1,2,1,1,3,3,2,2,2,2,1,2,4,4,3,3,1,3,1,4,3,1,3,3,3,1,2,4,1,3,1,1,4,2,1,2,4,2,3,3,1,3,2,1,1,2,1,4,2,2,1,2,1,3,2,3,2,1,4,3,4,4,2,2,2,3,2,4,2,2,1,4,2,3,2,1,1,3,3,1,2,1,4,4,3,1,3,4,1,4,1,2,4,1,2,1,4,1,4,4,4,2,2,4,4,2,2,3,2,3,4,3,4,1,2,4,1,2,4,1,1,2,3,3,3,4,2,3,1,1,1,4,3,3,2,2,1,2,4,1,3,4,3,4,1,2,2,2,2,1,2,3,2,4,3,3,1,2,2,1,4,1,4,2,1,2,4,1,1,4,4,3,2,2,1,1,3,4,3,3,4,2,4,1,1,3,2,2,3,3,2,4,1,3,2,3,1,2,3,3,1,4,3,3,1,1,4,2,1,4,1,4,1,3,2,3,2,4,3,3,4,1,3,2,3,3,2,1,3,3,2,1,4,3,4,3,1,3,1,3,4,3,4,2,2,3,4,2,3,3,2,4,1,3,1,2,3,2,1,3,2,4,4,3,2,4,3,2,2,3,4,2,4,4,3,4,3,2,4,2,1,2,1,3,3,1,1,3,3,2,3,3,4,1,2,1,3,3,2,1,3,1,2,1,1,2,4,2,3,1,1,1,4,4,1,4,2,2,1,4,2,4,2,2,2,1,4,2,3,3,2,4,1,1,1,2,1,1,2,2,2,2,1,3,4,1,3,4,3,2,1,4,3,1,1,2,2,3,3,2,2,1,4,1,1,1,2,4,2,1,2,4,2,3,3,2,1,1,4,1,3,4,1,4,3,2,2,1,4,2,3,2,3,1,1,2,2,3,3,3,2,2,3,1,2,3,2,4,1,1,3,3,2,1,3,3,1,3,1,3,2,3,1,1,3,2,1,1,1,2,4,3,2,4,3,2,4,3,3,2,4,2,4,1,1,3,3,3,3,4,4,3,4,1,1,4,2,1,2,1,4,4,3,3,1,2,2,2,1,2,4,2,1,3,3,4,1,4,1,1,3,2,1,4,3,1,4,1,1,1,4,4,3,4,3,3,3,2,2,3,4,3,1,3,4,3,1,2,4,4,4,3,3,2,1,4,2,1,2,3,1,2,1,1,2,4,2,4,2,1,2,1,3,1,3,4,2,3,2,3,3,3,4,1,4,3,2,1,3,1,3,1,1,4,2,4,1,1,2,3,1,4,4,2,1,3,4,3,2,3,2,4,2,1,3,4,1,3,2,2,3,2,3,1,3,4,4,2,3,1,2,2,1,4,1,1,1,1,3,1,4,1,4,3,2,4,3,1,3,1,4,1,3,4,1,1,1,2,2,3,3,1,4,2,1,4,3,2,1,2,2,1,4,3,2,1,2,2,3,4,2,3,1,1,1,3,2,1,3,4,3,3,4,3,1,2,3,3,1,1,4,3,3,3,2,3,1,3,1,1,1,2,3,1,3,2,3,4,1,2,1,1,4,3,4,1,4,2,1,1,3,2,2,3,3,3,4,3,4,4,2,1,2,1,2,3,4,4,4,2,3,2,1,3,1,4,4,4,4,1,1,1,1,1,4,4,4,2,4,2,1,3,3,2,4,2,1,1,3,4,2,2,1,1,4,2,1,1,2,2,4,2,2,3,4,2,1,1,1,3,1,2,2,2,2,4,1,2,4,2,4,2,3,3,2,1,1,4,4,4,3,1,3,4,4,2,2,2,3,1,4,1,3,1,1,2,2,2,1,4,1,2,2,4,4,2,2,3,3,4,4,3,1,1,3,1,2,1,4,3,1,1,2,2,3,4,4,2,1,2,1,2,2,3,2,1,1,3,1,3,1,3,1,1,4,3,2,1,1,3,2,2,4,4,2,3,3,1,4,4,4,2,3,2,3,4,3,3,4,3,2,1,1,1,2,3,2,3,4,3,1,4,3,4,3,2,3,1,2,2,1,1,1,4,3,2,2,4,3,1,4,3,3,2,2,3,4,2,3,3,2,2,2,2,4,1,2,4,3,1,2,3,4,4,1,1,3,1,3,2,3,2,1,1,1,3,4,4,2,1,1,2,3,2,2,2,2,3,3,3,1,1,2,2,2,4,2,4,1,3,1,2,3,4,3,3,2,4,3,4,3,1,3,2,2,2,4,1,4,3,4,4,2,3,4,4,2,2,2,3,3,2,1,4,2,2,3,1,1,4,2,2,4,1,1,2,2,3,2,1,2,2,4,1,1,1,1,3,4,1,4,3,3,1,2,1,4,1,1,2,3,4,3,2,1,3,1,1,3,4,2,4,3,2,1,1,1,1,1,1,2,3,4,2,4,3,4,3,1,2,2,3,1,3,1,3,3,1,2,1,3,3,2,1,2,4,4,4,4,1,4,2,4,4,3,2,2,2,4,2,2,3,2,4,2,3,2,4,2,2,2,4,3,1,4,4,1,2,1,1,1,2,3,1,1,3,3,3,4,3,4,3,3,3,4,1,3,3,4,1,4,1,3,4,1,4,2,2,3,4,4,3,2,3,2,2,3,4,3,1,2,4,3,3,4,2,1,1,3,1,4,3,1,3,2,1,4,1,1,3,3,2,3,3,1,3,2,4,2,2,1,1,2,1,1,4,4,1,2,1,2,2,2,3,4,1,2,4,1,1,3,4,2,2,4,3,4,2,3,1,4,3,3,2,1,1,4,3,2,2,3,1,4,1,3,1,1,4,1,4,4,3,4,3,2,3,2,1,2,2,2,1,1,1,2,3,4,1,1,3,3,3,1,4,2,3,4,1,2,3,2,1,3,4,4,2,4,4,1,1,4,2,4,1,2,2,3,3,4,3,1,2,1,3,1,2,3,1,1,3,2,4,1,2,3,1,2,2,2,2,1,2,1,3,4,1,3,2,3,2,1,2,1,1,1,4,3,4,2,2,1,1,1,2,2,2,4,4,2,1,4,4,1,3,3,2,4,3,3,3,1,1,1,2,2,3,3,4,1,1,1,2,3,2,2,4,1,2,3,3,1,2,2,3,1,3,1,1,3,2,2,1,3,2,4,2,1,2,3,4,4,2,1,2,2,4,3,4,1,4,3,1,1,2,3,4,1,3,3,1,3,2,1,3,2,3,3,2,2,2,3,3,1,3,1,4,1,1,4,1,1,4,4,2,1,2,4,1,2,4,2,1,4,1,4,1,2,1,2,1,3,2,1,1,1,3,4,1,3,1,2,2,1,2,4,1,4,1,2,3,1,2,2,3,1,3,3,1,3,4"
80,0.9886279079380575,0.5196078431372549,2329.0,"2,2,3,4,1,1,4,1,1,2,4,1,1,4,2,2,3,4,1,1,4,4,4,2,1,1,4,3,1,2,2,2,3,3,3,3,1,2,1,3,2,3,4,4,4,3,1,4,4,3,4,1,3,2,1,1,2,1,1,4,3,1,1,3,4,1,4,2,3,1,1,2,4,4,3,1,3,2,4,2,3,1,1,3,1,3,3,3,4,1,2,1,3,4,4,2,4,4,2,2,4,3,3,3,3,4,3,1,2,1,1,2,2,2,4,1,4,2,3,2,1,3,4,4,4,4,1,2,1,3,1,2,2,2,3,2,1,4,2,1,4,2,1,1,3,3,2,1,2,2,4,1,1,2,2,2,4,1,2,1,3,2,3,2,2,3,1,2,1,1,3,4,2,3,3,1,2,2,2,2,3,3,3,4,2,4,4,3,2,2,2,4,1,2,1,1,2,2,3,2,1,4,3,4,3,4,2,1,3,3,1,2,1,1,3,3,2,2,2,2,1,2,4,4,3,3,1,3,1,4,3,1,3,3,3,1,2,4,1,3,1,1,4,2,1,2,4,2,3,3,1,3,2,1,1,2,1,4,2,2,1,2,1,3,2,3,2,1,4,3,4,4,2,2,2,3,2,4,2,2,1,4,2,3,2,1,1,3,3,1,2,1,4,4,3,1,3,4,1,4,1,2,4,1,2,1,4,1,4,4,4,2,2,4,4,2,2,3,2,3,4,3,4,1,2,4,1,2,4,1,1,2,3,3,3,4,2,3,1,1,1,4,3,3,2,2,1,2,4,1,3,4,3,4,1,2,2,2,2,1,2,3,2,4,3,3,1,2,2,1,4,1,4,2,1,2,4,1,1,4,4,3,2,2,1,1,3,4,3,3,4,2,4,1,1,3,2,2,3,3,2,4,1,3,2,3,1,2,3,3,1,4,3,3,1,1,4,2,1,4,1,4,1,3,2,3,2,4,3,3,4,1,3,2,3,3,2,1,3,3,2,1,4,3,4,3,1,3,1,3,4,3,4,2,2,3,4,2,3,3,2,4,1,3,1,2,3,2,1,3,2,4,4,3,2,4,3,2,2,3,4,2,4,4,3,4,3,2,4,2,1,2,1,3,3,1,1,3,3,2,3,3,4,1,2,1,3,3,2,1,3,1,2,1,1,2,4,2,3,1,1,1,4,4,1,4,2,2,1,4,2,4,2,2,2,1,4,2,3,3,2,4,1,1,1,2,1,1,2,2,2,2,1,3,4,1,3,4,3,2,1,4,3,1,1,2,2,3,3,2,2,1,4,1,1,1,2,4,2,1,2,4,2,3,3,2,1,1,4,1,3,4,1,4,3,2,2,1,4,2,3,2,3,1,1,2,2,3,3,3,2,2,3,1,2,3,2,4,1,1,3,3,2,1,3,3,1,3,1,3,2,3,1,1,3,2,1,1,1,2,4,3,2,4,3,2,4,3,3,2,4,2,4,1,1,3,3,3,3,4,4,3,4,1,1,4,2,1,2,1,4,4,3,3,1,2,2,2,1,2,4,2,1,3,3,4,1,4,1,1,3,2,1,4,3,1,4,1,1,1,4,4,3,4,3,3,3,2,2,3,4,3,1,3,4,3,1,2,4,4,4,3,3,2,1,4,2,1,2,3,1,2,1,1,2,4,2,4,2,1,2,1,3,1,3,4,2,3,2,3,3,3,4,1,4,3,2,1,3,1,3,1,1,4,2,4,1,1,2,3,1,4,4,2,1,3,4,3,2,3,2,4,2,1,3,4,1,3,2,2,3,2,3,1,3,4,4,2,3,1,2,2,1,4,1,1,1,1,3,1,4,1,4,3,2,4,3,1,3,1,4,1,3,4,1,1,1,2,2,3,3,1,4,2,1,4,3,2,1,2,2,1,4,3,2,1,2,2,3,4,2,3,1,1,1,3,2,1,3,4,3,3,4,3,1,2,3,3,1,1,4,3,3,3,2,3,1,3,1,1,1,2,3,1,3,2,3,4,1,2,1,1,4,3,4,1,4,2,1,1,3,2,2,3,3,3,4,3,4,4,2,1,2,1,2,3,4,4,4,2,3,2,1,3,1,4,4,4,4,1,1,1,1,1,4,4,4,2,4,2,1,3,3,2,4,2,1,1,3,4,2,2,1,1,4,2,1,1,2,2,4,2,2,3,4,2,1,1,1,3,1,2,2,2,2,4,1,2,4,2,4,2,3,3,2,1,1,4,4,4,3,1,3,4,4,2,2,2,3,1,4,1,3,1,1,2,2,2,1,4,1,2,2,4,4,2,2,3,3,4,4,3,1,1,3,1,2,1,4,3,1,1,2,2,3,4,4,2,1,2,1,2,2,3,2,1,1,3,1,3,1,3,1,1,4,3,2,1,1,3,2,2,4,4,2,3,3,1,4,4,4,2,3,2,3,4,3,3,4,3,2,1,1,1,2,3,2,3,4,3,1,4,3,4,3,2,3,1,2,2,1,1,1,4,3,2,2,4,3,1,4,3,3,2,2,3,4,2,3,3,2,2,2,2,4,1,2,4,3,1,2,3,4,4,1,1,3,1,3,2,3,2,1,1,1,3,4,4,2,1,1,2,3,2,2,2,2,3,3,3,1,1,2,2,2,4,2,4,1,3,1,2,3,4,3,3,2,4,3,4,3,1,3,2,2,2,4,1,4,3,4,4,2,3,4,4,2,2,2,3,3,2,1,4,2,2,3,1,1,4,2,2,4,1,1,2,2,3,2,1,2,2,4,1,1,1,1,3,4,1,4,3,3,1,2,1,4,1,1,2,3,4,3,2,1,3,1,1,3,4,2,4,3,2,1,1,1,1,1,1,2,3,4,2,4,3,4,3,1,2,2,3,1,3,1,3,3,1,2,1,3,3,2,1,2,4,4,4,4,1,4,2,4,4,3,2,2,2,4,2,2,3,2,4,2,3,2,4,2,2,2,4,3,1,4,4,1,2,1,1,1,2,3,1,1,3,3,3,4,3,4,3,3,3,4,1,3,3,4,1,4,1,3,4,1,4,2,2,3,4,4,3,2,3,2,2,3,4,3,1,2,4,3,3,4,2,1,1,3,1,4,3,1,3,2,1,4,1,1,3,3,2,3,3,1,3,2,4,2,2,1,1,2,1,1,4,4,1,2,1,2,2,2,3,4,1,2,4,1,1,3,4,2,2,4,3,4,2,3,1,4,3,3,2,1,1,4,3,2,2,3,1,4,1,3,1,1,4,1,4,4,3,4,3,2,3,2,1,2,2,2,1,1,1,2,3,4,1,1,3,3,3,1,4,2,3,4,1,2,3,2,1,3,4,4,2,4,4,1,1,4,2,4,1,2,2,3,3,4,3,1,2,1,3,1,2,3,1,1,3,2,4,1,2,3,1,2,2,2,2,1,2,1,3,4,1,3,2,3,2,1,2,1,1,1,4,3,4,2,2,1,1,1,2,2,2,4,4,2,1,4,4,1,3,3,2,4,3,3,3,1,1,1,2,2,3,3,4,1,1,1,2,3,2,2,4,1,2,3,3,1,2,2,3,1,3,1,1,3,2,2,1,3,2,4,2,1,2,3,4,4,2,1,2,2,4,3,4,1,4,3,1,1,2,3,4,1,3,3,1,3,2,1,3,2,3,3,2,2,2,3,3,1,3,1,4,1,1,4,1,1,4,4,2,1,2,4,1,2,4,2,1,4,1,4,1,2,1,2,1,3,2,1,1,1,3,4,1,3,1,2,2,1,2,4,1,4,1,2,3,1,2,2,3,1,3,3,1,3,4"
81,0.9886279079380575,0.5196078431372549,2329.0,"2,2,3,4,1,1,4,1,1,2,4,1,1,4,2,2,3,4,1,1,4,4,4,2,1,1,4,3,1,2,2,2,3,3,3,3,1,2,1,3,2,3,4,4,4,3,1,4,4,3,4,1,3,2,1,1,2,1,1,4,3,1,1,3,4,1,4,2,3,1,1,2,4,4,3,1,3,2,4,2,3,1,1,3,1,3,3,3,4,1,2,1,3,4,4,2,4,4,2,2,4,3,3,3,3,4,3,1,2,1,1,2,2,2,4,1,4,2,3,2,1,3,4,4,4,4,1,2,1,3,1,2,2,2,3,2,1,4,2,1,4,2,1,1,3,3,2,1,2,2,4,1,1,2,2,2,4,1,2,1,3,2,3,2,2,3,1,2,1,1,3,4,2,3,3,1,2,2,2,2,3,3,3,4,2,4,4,3,2,2,2,4,1,2,1,1,2,2,3,2,1,4,3,4,3,4,2,1,3,3,1,2,1,1,3,3,2,2,2,2,1,2,4,4,3,3,1,3,1,4,3,1,3,3,3,1,2,4,1,3,1,1,4,2,1,2,4,2,3,3,1,3,2,1,1,2,1,4,2,2,1,2,1,3,2,3,2,1,4,3,4,4,2,2,2,3,2,4,2,2,1,4,2,3,2,1,1,3,3,1,2,1,4,4,3,1,3,4,1,4,1,2,4,1,2,1,4,1,4,4,4,2,2,4,4,2,2,3,2,3,4,3,4,1,2,4,1,2,4,1,1,2,3,3,3,4,2,3,1,1,1,4,3,3,2,2,1,2,4,1,3,4,3,4,1,2,2,2,2,1,2,3,2,4,3,3,1,2,2,1,4,1,4,2,1,2,4,1,1,4,4,3,2,2,1,1,3,4,3,3,4,2,4,1,1,3,2,2,3,3,2,4,1,3,2,3,1,2,3,3,1,4,3,3,1,1,4,2,1,4,1,4,1,3,2,3,2,4,3,3,4,1,3,2,3,3,2,1,3,3,2,1,4,3,4,3,1,3,1,3,4,3,4,2,2,3,4,2,3,3,2,4,1,3,1,2,3,2,1,3,2,4,4,3,2,4,3,2,2,3,4,2,4,4,3,4,3,2,4,2,1,2,1,3,3,1,1,3,3,2,3,3,4,1,2,1,3,3,2,1,3,1,2,1,1,2,4,2,3,1,1,1,4,4,1,4,2,2,1,4,2,4,2,2,2,1,4,2,3,3,2,4,1,1,1,2,1,1,2,2,2,2,1,3,4,1,3,4,3,2,1,4,3,1,1,2,2,3,3,2,2,1,4,1,1,1,2,4,2,1,2,4,2,3,3,2,1,1,4,1,3,4,1,4,3,2,2,1,4,2,3,2,3,1,1,2,2,3,3,3,2,2,3,1,2,3,2,4,1,1,3,3,2,1,3,3,1,3,1,3,2,3,1,1,3,2,1,1,1,2,4,3,2,4,3,2,4,3,3,2,4,2,4,1,1,3,3,3,3,4,4,3,4,1,1,4,2,1,2,1,4,4,3,3,1,2,2,2,1,2,4,2,1,3,3,4,1,4,1,1,3,2,1,4,3,1,4,1,1,1,4,4,3,4,3,3,3,2,2,3,4,3,1,3,4,3,1,2,4,4,4,3,3,2,1,4,2,1,2,3,1,2,1,1,2,4,2,4,2,1,2,1,3,1,3,4,2,3,2,3,3,3,4,1,4,3,2,1,3,1,3,1,1,4,2,4,1,1,2,3,1,4,4,2,1,3,4,3,2,3,2,4,2,1,3,4,1,3,2,2,3,2,3,1,3,4,4,2,3,1,2,2,1,4,1,1,1,1,3,1,4,1,4,3,2,4,3,1,3,1,4,1,3,4,1,1,1,2,2,3,3,1,4,2,1,4,3,2,1,2,2,1,4,3,2,1,2,2,3,4,2,3,1,1,1,3,2,1,3,4,3,3,4,3,1,2,3,3,1,1,4,3,3,3,2,3,1,3,1,1,1,2,3,1,3,2,3,4,1,2,1,1,4,3,4,1,4,2,1,1,3,2,2,3,3,3,4,3,4,4,2,1,2,1,2,3,4,4,4,2,3,2,1,3,1,4,4,4,4,1,1,1,1,1,4,4,4,2,4,2,1,3,3,2,4,2,1,1,3,4,2,2,1,1,4,2,1,1,2,2,4,2,2,3,4,2,1,1,1,3,1,2,2,2,2,4,1,2,4,2,4,2,3,3,2,1,1,4,4,4,3,1,3,4,4,2,2,2,3,1,4,1,3,1,1,2,2,2,1,4,1,2,2,4,4,2,2,3,3,4,4,3,1,1,3,1,2,1,4,3,1,1,2,2,3,4,4,2,1,2,1,2,2,3,2,1,1,3,1,3,1,3,1,1,4,3,2,1,1,3,2,2,4,4,2,3,3,1,4,4,4,2,3,2,3,4,3,3,4,3,2,1,1,1,2,3,2,3,4,3,1,4,3,4,3,2,3,1,2,2,1,1,1,4,3,2,2,4,3,1,4,3,3,2,2,3,4,2,3,3,2,2,2,2,4,1,2,4,3,1,2,3,4,4,1,1,3,1,3,2,3,2,1,1,1,3,4,4,2,1,1,2,3,2,2,2,2,3,3,3,1,1,2,2,2,4,2,4,1,3,1,2,3,4,3,3,2,4,3,4,3,1,3,2,2,2,4,1,4,3,4,4,2,3,4,4,2,2,2,3,3,2,1,4,2,2,3,1,1,4,2,2,4,1,1,2,2,3,2,1,2,2,4,1,1,1,1,3,4,1,4,3,3,1,2,1,4,1,1,2,3,4,3,2,1,3,1,1,3,4,2,4,3,2,1,1,1,1,1,1,2,3,4,2,4,3,4,3,1,2,2,3,1,3,1,3,3,1,2,1,3,3,2,1,2,4,4,4,4,1,4,2,4,4,3,2,2,2,4,2,2,3,2,4,2,3,2,4,2,2,2,4,3,1,4,4,1,2,1,1,1,2,3,1,1,3,3,3,4,3,4,3,3,3,4,1,3,3,4,1,4,1,3,4,1,4,2,2,3,4,4,3,2,3,2,2,3,4,3,1,2,4,3,3,4,2,1,1,3,1,4,3,1,3,2,1,4,1,1,3,3,2,3,3,1,3,2,4,2,2,1,1,2,1,1,4,4,1,2,1,2,2,2,3,4,1,2,4,1,1,3,4,2,2,4,3,4,2,3,1,4,3,3,2,1,1,4,3,2,2,3,1,4,1,3,1,1,4,1,4,4,3,4,3,2,3,2,1,2,2,2,1,1,1,2,3,4,1,1,3,3,3,1,4,2,3,4,1,2,3,2,1,3,4,4,2,4,4,1,1,4,2,4,1,2,2,3,3,4,3,1,2,1,3,1,2,3,1,1,3,2,4,1,2,3,1,2,2,2,2,1,2,1,3,4,1,3,2,3,2,1,2,1,1,1,4,3,4,2,2,1,1,1,2,2,2,4,4,2,1,4,4,1,3,3,2,4,3,3,3,1,1,1,2,2,3,3,4,1,1,1,2,3,2,2,4,1,2,3,3,1,2,2,3,1,3,1,1,3,2,2,1,3,2,4,2,1,2,3,4,4,2,1,2,2,4,3,4,1,4,3,1,1,2,3,4,1,3,3,1,3,2,1,3,2,3,3,2,2,2,3,3,1,3,1,4,1,1,4,1,1,4,4,2,1,2,4,1,2,4,2,1,4,1,4,1,2,1,2,1,3,2,1,1,1,3,4,1,3,1,2,2,1,2,4,1,4,1,2,3,1,2,2,3,1,3,3,1,3,4"
82,0.9886279079380575,0.5196078431372549,2329.0,"2,2,3,4,1,1,4,1,1,2,4,1,1,4,2,2,3,4,1,1,4,4,4,2,1,1,4,3,1,2,2,2,3,3,3,3,1,2,1,3,2,3,4,4,4,3,1,4,4,3,4,1,3,2,1,1,2,1,1,4,3,1,1,3,4,1,4,2,3,1,1,2,4,4,3,1,3,2,4,2,3,1,1,3,1,3,3,3,4,1,2,1,3,4,4,2,4,4,2,2,4,3,3,3,3,4,3,1,2,1,1,2,2,2,4,1,4,2,3,2,1,3,4,4,4,4,1,2,1,3,1,2,2,2,3,2,1,4,2,1,4,2,1,1,3,3,2,1,2,2,4,1,1,2,2,2,4,1,2,1,3,2,3,2,2,3,1,2,1,1,3,4,2,3,3,1,2,2,2,2,3,3,3,4,2,4,4,3,2,2,2,4,1,2,1,1,2,2,3,2,1,4,3,4,3,4,2,1,3,3,1,2,1,1,3,3,2,2,2,2,1,2,4,4,3,3,1,3,1,4,3,1,3,3,3,1,2,4,1,3,1,1,4,2,1,2,4,2,3,3,1,3,2,1,1,2,1,4,2,2,1,2,1,3,2,3,2,1,4,3,4,4,2,2,2,3,2,4,2,2,1,4,2,3,2,1,1,3,3,1,2,1,4,4,3,1,3,4,1,4,1,2,4,1,2,1,4,1,4,4,4,2,2,4,4,2,2,3,2,3,4,3,4,1,2,4,1,2,4,1,1,2,3,3,3,4,2,3,1,1,1,4,3,3,2,2,1,2,4,1,3,4,3,4,1,2,2,2,2,1,2,3,2,4,3,3,1,2,2,1,4,1,4,2,1,2,4,1,1,4,4,3,2,2,1,1,3,4,3,3,4,2,4,1,1,3,2,2,3,3,2,4,1,3,2,3,1,2,3,3,1,4,3,3,1,1,4,2,1,4,1,4,1,3,2,3,2,4,3,3,4,1,3,2,3,3,2,1,3,3,2,1,4,3,4,3,1,3,1,3,4,3,4,2,2,3,4,2,3,3,2,4,1,3,1,2,3,2,1,3,2,4,4,3,2,4,3,2,2,3,4,2,4,4,3,4,3,2,4,2,1,2,1,3,3,1,1,3,3,2,3,3,4,1,2,1,3,3,2,1,3,1,2,1,1,2,4,2,3,1,1,1,4,4,1,4,2,2,1,4,2,4,2,2,2,1,4,2,3,3,2,4,1,1,1,2,1,1,2,2,2,2,1,3,4,1,3,4,3,2,1,4,3,1,1,2,2,3,3,2,2,1,4,1,1,1,2,4,2,1,2,4,2,3,3,2,1,1,4,1,3,4,1,4,3,2,2,1,4,2,3,2,3,1,1,2,2,3,3,3,2,2,3,1,2,3,2,4,1,1,3,3,2,1,3,3,1,3,1,3,2,3,1,1,3,2,1,1,1,2,4,3,2,4,3,2,4,3,3,2,4,2,4,1,1,3,3,3,3,4,4,3,4,1,1,4,2,1,2,1,4,4,3,3,1,2,2,2,1,2,4,2,1,3,3,4,1,4,1,1,3,2,1,4,3,1,4,1,1,1,4,4,3,4,3,3,3,2,2,3,4,3,1,3,4,3,1,2,4,4,4,3,3,2,1,4,2,1,2,3,1,2,1,1,2,4,2,4,2,1,2,1,3,1,3,4,2,3,2,3,3,3,4,1,4,3,2,1,3,1,3,1,1,4,2,4,1,1,2,3,1,4,4,2,1,3,4,3,2,3,2,4,2,1,3,4,1,3,2,2,3,2,3,1,3,4,4,2,3,1,2,2,1,4,1,1,1,1,3,1,4,1,4,3,2,4,3,1,3,1,4,1,3,4,1,1,1,2,2,3,3,1,4,2,1,4,3,2,1,2,2,1,4,3,2,1,2,2,3,4,2,3,1,1,1,3,2,1,3,4,3,3,4,3,1,2,3,3,1,1,4,3,3,3,2,3,1,3,1,1,1,2,3,1,3,2,3,4,1,2,1,1,4,3,4,1,4,2,1,1,3,2,2,3,3,3,4,3,4,4,2,1,2,1,2,3,4,4,4,2,3,2,1,3,1,4,4,4,4,1,1,1,1,1,4,4,4,2,4,2,1,3,3,2,4,2,1,1,3,4,2,2,1,1,4,2,1,1,2,2,4,2,2,3,4,2,1,1,1,3,1,2,2,2,2,4,1,2,4,2,4,2,3,3,2,1,1,4,4,4,3,1,3,4,4,2,2,2,3,1,4,1,3,1,1,2,2,2,1,4,1,2,2,4,4,2,2,3,3,4,4,3,1,1,3,1,2,1,4,3,1,1,2,2,3,4,4,2,1,2,1,2,2,3,2,1,1,3,1,3,1,3,1,1,4,3,2,1,1,3,2,2,4,4,2,3,3,1,4,4,4,2,3,2,3,4,3,3,4,3,2,1,1,1,2,3,2,3,4,3,1,4,3,4,3,2,3,1,2,2,1,1,1,4,3,2,2,4,3,1,4,3,3,2,2,3,4,2,3,3,2,2,2,2,4,1,2,4,3,1,2,3,4,4,1,1,3,1,3,2,3,2,1,1,1,3,4,4,2,1,1,2,3,2,2,2,2,3,3,3,1,1,2,2,2,4,2,4,1,3,1,2,3,4,3,3,2,4,3,4,3,1,3,2,2,2,4,1,4,3,4,4,2,3,4,4,2,2,2,3,3,2,1,4,2,2,3,1,1,4,2,2,4,1,1,2,2,3,2,1,2,2,4,1,1,1,1,3,4,1,4,3,3,1,2,1,4,1,1,2,3,4,3,2,1,3,1,1,3,4,2,4,3,2,1,1,1,1,1,1,2,3,4,2,4,3,4,3,1,2,2,3,1,3,1,3,3,1,2,1,3,3,2,1,2,4,4,4,4,1,4,2,4,4,3,2,2,2,4,2,2,3,2,4,2,3,2,4,2,2,2,4,3,1,4,4,1,2,1,1,1,2,3,1,1,3,3,3,4,3,4,3,3,3,4,1,3,3,4,1,4,1,3,4,1,4,2,2,3,4,4,3,2,3,2,2,3,4,3,1,2,4,3,3,4,2,1,1,3,1,4,3,1,3,2,1,4,1,1,3,3,2,3,3,1,3,2,4,2,2,1,1,2,1,1,4,4,1,2,1,2,2,2,3,4,1,2,4,1,1,3,4,2,2,4,3,4,2,3,1,4,3,3,2,1,1,4,3,2,2,3,1,4,1,3,1,1,4,1,4,4,3,4,3,2,3,2,1,2,2,2,1,1,1,2,3,4,1,1,3,3,3,1,4,2,3,4,1,2,3,2,1,3,4,4,2,4,4,1,1,4,2,4,1,2,2,3,3,4,3,1,2,1,3,1,2,3,1,1,3,2,4,1,2,3,1,2,2,2,2,1,2,1,3,4,1,3,2,3,2,1,2,1,1,1,4,3,4,2,2,1,1,1,2,2,2,4,4,2,1,4,4,1,3,3,2,4,3,3,3,1,1,1,2,2,3,3,4,1,1,1,2,3,2,2,4,1,2,3,3,1,2,2,3,1,3,1,1,3,2,2,1,3,2,4,2,1,2,3,4,4,2,1,2,2,4,3,4,1,4,3,1,1,2,3,4,1,3,3,1,3,2,1,3,2,3,3,2,2,2,3,3,1,3,1,4,1,1,4,1,1,4,4,2,1,2,4,1,2,4,2,1,4,1,4,1,2,1,2,1,3,2,1,1,1,3,4,1,3,1,2,2,1,2,4,1,4,1,2,3,1,2,2,3,1,3,3,1,3,4"
83,0.9886279079380575,0.5196078431372549,2329.0,"2,2,3,4,1,1,4,1,1,2,4,1,1,4,2,2,3,4,1,1,4,4,4,2,1,1,4,3,1,2,2,2,3,3,3,3,1,2,1,3,2,3,4,4,4,3,1,4,4,3,4,1,3,2,1,1,2,1,1,4,3,1,1,3,4,1,4,2,3,1,1,2,4,4,3,1,3,2,4,2,3,1,1,3,1,3,3,3,4,1,2,1,3,4,4,2,4,4,2,2,4,3,3,3,3,4,3,1,2,1,1,2,2,2,4,1,4,2,3,2,1,3,4,4,4,4,1,2,1,3,1,2,2,2,3,2,1,4,2,1,4,2,1,1,3,3,2,1,2,2,4,1,1,2,2,2,4,1,2,1,3,2,3,2,2,3,1,2,1,1,3,4,2,3,3,1,2,2,2,2,3,3,3,4,2,4,4,3,2,2,2,4,1,2,1,1,2,2,3,2,1,4,3,4,3,4,2,1,3,3,1,2,1,1,3,3,2,2,2,2,1,2,4,4,3,3,1,3,1,4,3,1,3,3,3,1,2,4,1,3,1,1,4,2,1,2,4,2,3,3,1,3,2,1,1,2,1,4,2,2,1,2,1,3,2,3,2,1,4,3,4,4,2,2,2,3,2,4,2,2,1,4,2,3,2,1,1,3,3,1,2,1,4,4,3,1,3,4,1,4,1,2,4,1,2,1,4,1,4,4,4,2,2,4,4,2,2,3,2,3,4,3,4,1,2,4,1,2,4,1,1,2,3,3,3,4,2,3,1,1,1,4,3,3,2,2,1,2,4,1,3,4,3,4,1,2,2,2,2,1,2,3,2,4,3,3,1,2,2,1,4,1,4,2,1,2,4,1,1,4,4,3,2,2,1,1,3,4,3,3,4,2,4,1,1,3,2,2,3,3,2,4,1,3,2,3,1,2,3,3,1,4,3,3,1,1,4,2,1,4,1,4,1,3,2,3,2,4,3,3,4,1,3,2,3,3,2,1,3,3,2,1,4,3,4,3,1,3,1,3,4,3,4,2,2,3,4,2,3,3,2,4,1,3,1,2,3,2,1,3,2,4,4,3,2,4,3,2,2,3,4,2,4,4,3,4,3,2,4,2,1,2,1,3,3,1,1,3,3,2,3,3,4,1,2,1,3,3,2,1,3,1,2,1,1,2,4,2,3,1,1,1,4,4,1,4,2,2,1,4,2,4,2,2,2,1,4,2,3,3,2,4,1,1,1,2,1,1,2,2,2,2,1,3,4,1,3,4,3,2,1,4,3,1,1,2,2,3,3,2,2,1,4,1,1,1,2,4,2,1,2,4,2,3,3,2,1,1,4,1,3,4,1,4,3,2,2,1,4,2,3,2,3,1,1,2,2,3,3,3,2,2,3,1,2,3,2,4,1,1,3,3,2,1,3,3,1,3,1,3,2,3,1,1,3,2,1,1,1,2,4,3,2,4,3,2,4,3,3,2,4,2,4,1,1,3,3,3,3,4,4,3,4,1,1,4,2,1,2,1,4,4,3,3,1,2,2,2,1,2,4,2,1,3,3,4,1,4,1,1,3,2,1,4,3,1,4,1,1,1,4,4,3,4,3,3,3,2,2,3,4,3,1,3,4,3,1,2,4,4,4,3,3,2,1,4,2,1,2,3,1,2,1,1,2,4,2,4,2,1,2,1,3,1,3,4,2,3,2,3,3,3,4,1,4,3,2,1,3,1,3,1,1,4,2,4,1,1,2,3,1,4,4,2,1,3,4,3,2,3,2,4,2,1,3,4,1,3,2,2,3,2,3,1,3,4,4,2,3,1,2,2,1,4,1,1,1,1,3,1,4,1,4,3,2,4,3,1,3,1,4,1,3,4,1,1,1,2,2,3,3,1,4,2,1,4,3,2,1,2,2,1,4,3,2,1,2,2,3,4,2,3,1,1,1,3,2,1,3,4,3,3,4,3,1,2,3,3,1,1,4,3,3,3,2,3,1,3,1,1,1,2,3,1,3,2,3,4,1,2,1,1,4,3,4,1,4,2,1,1,3,2,2,3,3,3,4,3,4,4,2,1,2,1,2,3,4,4,4,2,3,2,1,3,1,4,4,4,4,1,1,1,1,1,4,4,4,2,4,2,1,3,3,2,4,2,1,1,3,4,2,2,1,1,4,2,1,1,2,2,4,2,2,3,4,2,1,1,1,3,1,2,2,2,2,4,1,2,4,2,4,2,3,3,2,1,1,4,4,4,3,1,3,4,4,2,2,2,3,1,4,1,3,1,1,2,2,2,1,4,1,2,2,4,4,2,2,3,3,4,4,3,1,1,3,1,2,1,4,3,1,1,2,2,3,4,4,2,1,2,1,2,2,3,2,1,1,3,1,3,1,3,1,1,4,3,2,1,1,3,2,2,4,4,2,3,3,1,4,4,4,2,3,2,3,4,3,3,4,3,2,1,1,1,2,3,2,3,4,3,1,4,3,4,3,2,3,1,2,2,1,1,1,4,3,2,2,4,3,1,4,3,3,2,2,3,4,2,3,3,2,2,2,2,4,1,2,4,3,1,2,3,4,4,1,1,3,1,3,2,3,2,1,1,1,3,4,4,2,1,1,2,3,2,2,2,2,3,3,3,1,1,2,2,2,4,2,4,1,3,1,2,3,4,3,3,2,4,3,4,3,1,3,2,2,2,4,1,4,3,4,4,2,3,4,4,2,2,2,3,3,2,1,4,2,2,3,1,1,4,2,2,4,1,1,2,2,3,2,1,2,2,4,1,1,1,1,3,4,1,4,3,3,1,2,1,4,1,1,2,3,4,3,2,1,3,1,1,3,4,2,4,3,2,1,1,1,1,1,1,2,3,4,2,4,3,4,3,1,2,2,3,1,3,1,3,3,1,2,1,3,3,2,1,2,4,4,4,4,1,4,2,4,4,3,2,2,2,4,2,2,3,2,4,2,3,2,4,2,2,2,4,3,1,4,4,1,2,1,1,1,2,3,1,1,3,3,3,4,3,4,3,3,3,4,1,3,3,4,1,4,1,3,4,1,4,2,2,3,4,4,3,2,3,2,2,3,4,3,1,2,4,3,3,4,2,1,1,3,1,4,3,1,3,2,1,4,1,1,3,3,2,3,3,1,3,2,4,2,2,1,1,2,1,1,4,4,1,2,1,2,2,2,3,4,1,2,4,1,1,3,4,2,2,4,3,4,2,3,1,4,3,3,2,1,1,4,3,2,2,3,1,4,1,3,1,1,4,1,4,4,3,4,3,2,3,2,1,2,2,2,1,1,1,2,3,4,1,1,3,3,3,1,4,2,3,4,1,2,3,2,1,3,4,4,2,4,4,1,1,4,2,4,1,2,2,3,3,4,3,1,2,1,3,1,2,3,1,1,3,2,4,1,2,3,1,2,2,2,2,1,2,1,3,4,1,3,2,3,2,1,2,1,1,1,4,3,4,2,2,1,1,1,2,2,2,4,4,2,1,4,4,1,3,3,2,4,3,3,3,1,1,1,2,2,3,3,4,1,1,1,2,3,2,2,4,1,2,3,3,1,2,2,3,1,3,1,1,3,2,2,1,3,2,4,2,1,2,3,4,4,2,1,2,2,4,3,4,1,4,3,1,1,2,3,4,1,3,3,1,3,2,1,3,2,3,3,2,2,2,3,3,1,3,1,4,1,1,4,1,1,4,4,2,1,2,4,1,2,4,2,1,4,1,4,1,2,1,2,1,3,2,1,1,1,3,4,1,3,1,2,2,1,2,4,1,4,1,2,3,1,2,2,3,1,3,3,1,3,4"
84,0.9886279079380575,0.5196078431372549,2329.0,"2,2,3,4,1,1,4,1,1,2,4,1,1,4,2,2,3,4,1,1,4,4,4,2,1,1,4,3,1,2,2,2,3,3,3,3,1,2,1,3,2,3,4,4,4,3,1,4,4,3,4,1,3,2,1,1,2,1,1,4,3,1,1,3,4,1,4,2,3,1,1,2,4,4,3,1,3,2,4,2,3,1,1,3,1,3,3,3,4,1,2,1,3,4,4,2,4,4,2,2,4,3,3,3,3,4,3,1,2,1,1,2,2,2,4,1,4,2,3,2,1,3,4,4,4,4,1,2,1,3,1,2,2,2,3,2,1,4,2,1,4,2,1,1,3,3,2,1,2,2,4,1,1,2,2,2,4,1,2,1,3,2,3,2,2,3,1,2,1,1,3,4,2,3,3,1,2,2,2,2,3,3,3,4,2,4,4,3,2,2,2,4,1,2,1,1,2,2,3,2,1,4,3,4,3,4,2,1,3,3,1,2,1,1,3,3,2,2,2,2,1,2,4,4,3,3,1,3,1,4,3,1,3,3,3,1,2,4,1,3,1,1,4,2,1,2,4,2,3,3,1,3,2,1,1,2,1,4,2,2,1,2,1,3,2,3,2,1,4,3,4,4,2,2,2,3,2,4,2,2,1,4,2,3,2,1,1,3,3,1,2,1,4,4,3,1,3,4,1,4,1,2,4,1,2,1,4,1,4,4,4,2,2,4,4,2,2,3,2,3,4,3,4,1,2,4,1,2,4,1,1,2,3,3,3,4,2,3,1,1,1,4,3,3,2,2,1,2,4,1,3,4,3,4,1,2,2,2,2,1,2,3,2,4,3,3,1,2,2,1,4,1,4,2,1,2,4,1,1,4,4,3,2,2,1,1,3,4,3,3,4,2,4,1,1,3,2,2,3,3,2,4,1,3,2,3,1,2,3,3,1,4,3,3,1,1,4,2,1,4,1,4,1,3,2,3,2,4,3,3,4,1,3,2,3,3,2,1,3,3,2,1,4,3,4,3,1,3,1,3,4,3,4,2,2,3,4,2,3,3,2,4,1,3,1,2,3,2,1,3,2,4,4,3,2,4,3,2,2,3,4,2,4,4,3,4,3,2,4,2,1,2,1,3,3,1,1,3,3,2,3,3,4,1,2,1,3,3,2,1,3,1,2,1,1,2,4,2,3,1,1,1,4,4,1,4,2,2,1,4,2,4,2,2,2,1,4,2,3,3,2,4,1,1,1,2,1,1,2,2,2,2,1,3,4,1,3,4,3,2,1,4,3,1,1,2,2,3,3,2,2,1,4,1,1,1,2,4,2,1,2,4,2,3,3,2,1,1,4,1,3,4,1,4,3,2,2,1,4,2,3,2,3,1,1,2,2,3,3,3,2,2,3,1,2,3,2,4,1,1,3,3,2,1,3,3,1,3,1,3,2,3,1,1,3,2,1,1,1,2,4,3,2,4,3,2,4,3,3,2,4,2,4,1,1,3,3,3,3,4,4,3,4,1,1,4,2,1,2,1,4,4,3,3,1,2,2,2,1,2,4,2,1,3,3,4,1,4,1,1,3,2,1,4,3,1,4,1,1,1,4,4,3,4,3,3,3,2,2,3,4,3,1,3,4,3,1,2,4,4,4,3,3,2,1,4,2,1,2,3,1,2,1,1,2,4,2,4,2,1,2,1,3,1,3,4,2,3,2,3,3,3,4,1,4,3,2,1,3,1,3,1,1,4,2,4,1,1,2,3,1,4,4,2,1,3,4,3,2,3,2,4,2,1,3,4,1,3,2,2,3,2,3,1,3,4,4,2,3,1,2,2,1,4,1,1,1,1,3,1,4,1,4,3,2,4,3,1,3,1,4,1,3,4,1,1,1,2,2,3,3,1,4,2,1,4,3,2,1,2,2,1,4,3,2,1,2,2,3,4,2,3,1,1,1,3,2,1,3,4,3,3,4,3,1,2,3,3,1,1,4,3,3,3,2,3,1,3,1,1,1,2,3,1,3,2,3,4,1,2,1,1,4,3,4,1,4,2,1,1,3,2,2,3,3,3,4,3,4,4,2,1,2,1,2,3,4,4,4,2,3,2,1,3,1,4,4,4,4,1,1,1,1,1,4,4,4,2,4,2,1,3,3,2,4,2,1,1,3,4,2,2,1,1,4,2,1,1,2,2,4,2,2,3,4,2,1,1,1,3,1,2,2,2,2,4,1,2,4,2,4,2,3,3,2,1,1,4,4,4,3,1,3,4,4,2,2,2,3,1,4,1,3,1,1,2,2,2,1,4,1,2,2,4,4,2,2,3,3,4,4,3,1,1,3,1,2,1,4,3,1,1,2,2,3,4,4,2,1,2,1,2,2,3,2,1,1,3,1,3,1,3,1,1,4,3,2,1,1,3,2,2,4,4,2,3,3,1,4,4,4,2,3,2,3,4,3,3,4,3,2,1,1,1,2,3,2,3,4,3,1,4,3,4,3,2,3,1,2,2,1,1,1,4,3,2,2,4,3,1,4,3,3,2,2,3,4,2,3,3,2,2,2,2,4,1,2,4,3,1,2,3,4,4,1,1,3,1,3,2,3,2,1,1,1,3,4,4,2,1,1,2,3,2,2,2,2,3,3,3,1,1,2,2,2,4,2,4,1,3,1,2,3,4,3,3,2,4,3,4,3,1,3,2,2,2,4,1,4,3,4,4,2,3,4,4,2,2,2,3,3,2,1,4,2,2,3,1,1,4,2,2,4,1,1,2,2,3,2,1,2,2,4,1,1,1,1,3,4,1,4,3,3,1,2,1,4,1,1,2,3,4,3,2,1,3,1,1,3,4,2,4,3,2,1,1,1,1,1,1,2,3,4,2,4,3,4,3,1,2,2,3,1,3,1,3,3,1,2,1,3,3,2,1,2,4,4,4,4,1,4,2,4,4,3,2,2,2,4,2,2,3,2,4,2,3,2,4,2,2,2,4,3,1,4,4,1,2,1,1,1,2,3,1,1,3,3,3,4,3,4,3,3,3,4,1,3,3,4,1,4,1,3,4,1,4,2,2,3,4,4,3,2,3,2,2,3,4,3,1,2,4,3,3,4,2,1,1,3,1,4,3,1,3,2,1,4,1,1,3,3,2,3,3,1,3,2,4,2,2,1,1,2,1,1,4,4,1,2,1,2,2,2,3,4,1,2,4,1,1,3,4,2,2,4,3,4,2,3,1,4,3,3,2,1,1,4,3,2,2,3,1,4,1,3,1,1,4,1,4,4,3,4,3,2,3,2,1,2,2,2,1,1,1,2,3,4,1,1,3,3,3,1,4,2,3,4,1,2,3,2,1,3,4,4,2,4,4,1,1,4,2,4,1,2,2,3,3,4,3,1,2,1,3,1,2,3,1,1,3,2,4,1,2,3,1,2,2,2,2,1,2,1,3,4,1,3,2,3,2,1,2,1,1,1,4,3,4,2,2,1,1,1,2,2,2,4,4,2,1,4,4,1,3,3,2,4,3,3,3,1,1,1,2,2,3,3,4,1,1,1,2,3,2,2,4,1,2,3,3,1,2,2,3,1,3,1,1,3,2,2,1,3,2,4,2,1,2,3,4,4,2,1,2,2,4,3,4,1,4,3,1,1,2,3,4,1,3,3,1,3,2,1,3,2,3,3,2,2,2,3,3,1,3,1,4,1,1,4,1,1,4,4,2,1,2,4,1,2,4,2,1,4,1,4,1,2,1,2,1,3,2,1,1,1,3,4,1,3,1,2,2,1,2,4,1,4,1,2,3,1,2,2,3,1,3,3,1,3,4"
85,0.9886279079380575,0.5196078431372549,2329.0,"2,2,3,4,1,1,4,1,1,2,4,1,1,4,2,2,3,4,1,1,4,4,4,2,1,1,4,3,1,2,2,2,3,3,3,3,1,2,1,3,2,3,4,4,4,3,1,4,4,3,4,1,3,2,1,1,2,1,1,4,3,1,1,3,4,1,4,2,3,1,1,2,4,4,3,1,3,2,4,2,3,1,1,3,1,3,3,3,4,1,2,1,3,4,4,2,4,4,2,2,4,3,3,3,3,4,3,1,2,1,1,2,2,2,4,1,4,2,3,2,1,3,4,4,4,4,1,2,1,3,1,2,2,2,3,2,1,4,2,1,4,2,1,1,3,3,2,1,2,2,4,1,1,2,2,2,4,1,2,1,3,2,3,2,2,3,1,2,1,1,3,4,2,3,3,1,2,2,2,2,3,3,3,4,2,4,4,3,2,2,2,4,1,2,1,1,2,2,3,2,1,4,3,4,3,4,2,1,3,3,1,2,1,1,3,3,2,2,2,2,1,2,4,4,3,3,1,3,1,4,3,1,3,3,3,1,2,4,1,3,1,1,4,2,1,2,4,2,3,3,1,3,2,1,1,2,1,4,2,2,1,2,1,3,2,3,2,1,4,3,4,4,2,2,2,3,2,4,2,2,1,4,2,3,2,1,1,3,3,1,2,1,4,4,3,1,3,4,1,4,1,2,4,1,2,1,4,1,4,4,4,2,2,4,4,2,2,3,2,3,4,3,4,1,2,4,1,2,4,1,1,2,3,3,3,4,2,3,1,1,1,4,3,3,2,2,1,2,4,1,3,4,3,4,1,2,2,2,2,1,2,3,2,4,3,3,1,2,2,1,4,1,4,2,1,2,4,1,1,4,4,3,2,2,1,1,3,4,3,3,4,2,4,1,1,3,2,2,3,3,2,4,1,3,2,3,1,2,3,3,1,4,3,3,1,1,4,2,1,4,1,4,1,3,2,3,2,4,3,3,4,1,3,2,3,3,2,1,3,3,2,1,4,3,4,3,1,3,1,3,4,3,4,2,2,3,4,2,3,3,2,4,1,3,1,2,3,2,1,3,2,4,4,3,2,4,3,2,2,3,4,2,4,4,3,4,3,2,4,2,1,2,1,3,3,1,1,3,3,2,3,3,4,1,2,1,3,3,2,1,3,1,2,1,1,2,4,2,3,1,1,1,4,4,1,4,2,2,1,4,2,4,2,2,2,1,4,2,3,3,2,4,1,1,1,2,1,1,2,2,2,2,1,3,4,1,3,4,3,2,1,4,3,1,1,2,2,3,3,2,2,1,4,1,1,1,2,4,2,1,2,4,2,3,3,2,1,1,4,1,3,4,1,4,3,2,2,1,4,2,3,2,3,1,1,2,2,3,3,3,2,2,3,1,2,3,2,4,1,1,3,3,2,1,3,3,1,3,1,3,2,3,1,1,3,2,1,1,1,2,4,3,2,4,3,2,4,3,3,2,4,2,4,1,1,3,3,3,3,4,4,3,4,1,1,4,2,1,2,1,4,4,3,3,1,2,2,2,1,2,4,2,1,3,3,4,1,4,1,1,3,2,1,4,3,1,4,1,1,1,4,4,3,4,3,3,3,2,2,3,4,3,1,3,4,3,1,2,4,4,4,3,3,2,1,4,2,1,2,3,1,2,1,1,2,4,2,4,2,1,2,1,3,1,3,4,2,3,2,3,3,3,4,1,4,3,2,1,3,1,3,1,1,4,2,4,1,1,2,3,1,4,4,2,1,3,4,3,2,3,2,4,2,1,3,4,1,3,2,2,3,2,3,1,3,4,4,2,3,1,2,2,1,4,1,1,1,1,3,1,4,1,4,3,2,4,3,1,3,1,4,1,3,4,1,1,1,2,2,3,3,1,4,2,1,4,3,2,1,2,2,1,4,3,2,1,2,2,3,4,2,3,1,1,1,3,2,1,3,4,3,3,4,3,1,2,3,3,1,1,4,3,3,3,2,3,1,3,1,1,1,2,3,1,3,2,3,4,1,2,1,1,4,3,4,1,4,2,1,1,3,2,2,3,3,3,4,3,4,4,2,1,2,1,2,3,4,4,4,2,3,2,1,3,1,4,4,4,4,1,1,1,1,1,4,4,4,2,4,2,1,3,3,2,4,2,1,1,3,4,2,2,1,1,4,2,1,1,2,2,4,2,2,3,4,2,1,1,1,3,1,2,2,2,2,4,1,2,4,2,4,2,3,3,2,1,1,4,4,4,3,1,3,4,4,2,2,2,3,1,4,1,3,1,1,2,2,2,1,4,1,2,2,4,4,2,2,3,3,4,4,3,1,1,3,1,2,1,4,3,1,1,2,2,3,4,4,2,1,2,1,2,2,3,2,1,1,3,1,3,1,3,1,1,4,3,2,1,1,3,2,2,4,4,2,3,3,1,4,4,4,2,3,2,3,4,3,3,4,3,2,1,1,1,2,3,2,3,4,3,1,4,3,4,3,2,3,1,2,2,1,1,1,4,3,2,2,4,3,1,4,3,3,2,2,3,4,2,3,3,2,2,2,2,4,1,2,4,3,1,2,3,4,4,1,1,3,1,3,2,3,2,1,1,1,3,4,4,2,1,1,2,3,2,2,2,2,3,3,3,1,1,2,2,2,4,2,4,1,3,1,2,3,4,3,3,2,4,3,4,3,1,3,2,2,2,4,1,4,3,4,4,2,3,4,4,2,2,2,3,3,2,1,4,2,2,3,1,1,4,2,2,4,1,1,2,2,3,2,1,2,2,4,1,1,1,1,3,4,1,4,3,3,1,2,1,4,1,1,2,3,4,3,2,1,3,1,1,3,4,2,4,3,2,1,1,1,1,1,1,2,3,4,2,4,3,4,3,1,2,2,3,1,3,1,3,3,1,2,1,3,3,2,1,2,4,4,4,4,1,4,2,4,4,3,2,2,2,4,2,2,3,2,4,2,3,2,4,2,2,2,4,3,1,4,4,1,2,1,1,1,2,3,1,1,3,3,3,4,3,4,3,3,3,4,1,3,3,4,1,4,1,3,4,1,4,2,2,3,4,4,3,2,3,2,2,3,4,3,1,2,4,3,3,4,2,1,1,3,1,4,3,1,3,2,1,4,1,1,3,3,2,3,3,1,3,2,4,2,2,1,1,2,1,1,4,4,1,2,1,2,2,2,3,4,1,2,4,1,1,3,4,2,2,4,3,4,2,3,1,4,3,3,2,1,1,4,3,2,2,3,1,4,1,3,1,1,4,1,4,4,3,4,3,2,3,2,1,2,2,2,1,1,1,2,3,4,1,1,3,3,3,1,4,2,3,4,1,2,3,2,1,3,4,4,2,4,4,1,1,4,2,4,1,2,2,3,3,4,3,1,2,1,3,1,2,3,1,1,3,2,4,1,2,3,1,2,2,2,2,1,2,1,3,4,1,3,2,3,2,1,2,1,1,1,4,3,4,2,2,1,1,1,2,2,2,4,4,2,1,4,4,1,3,3,2,4,3,3,3,1,1,1,2,2,3,3,4,1,1,1,2,3,2,2,4,1,2,3,3,1,2,2,3,1,3,1,1,3,2,2,1,3,2,4,2,1,2,3,4,4,2,1,2,2,4,3,4,1,4,3,1,1,2,3,4,1,3,3,1,3,2,1,3,2,3,3,2,2,2,3,3,1,3,1,4,1,1,4,1,1,4,4,2,1,2,4,1,2,4,2,1,4,1,4,1,2,1,2,1,3,2,1,1,1,3,4,1,3,1,2,2,1,2,4,1,4,1,2,3,1,2,2,3,1,3,3,1,3,4"
86,0.9886279079380575,0.5196078431372549,2329.0,"2,2,3,4,1,1,4,1,1,2,4,1,1,4,2,2,3,4,1,1,4,4,4,2,1,1,4,3,1,2,2,2,3,3,3,3,1,2,1,3,2,3,4,4,4,3,1,4,4,3,4,1,3,2,1,1,2,1,1,4,3,1,1,3,4,1,4,2,3,1,1,2,4,4,3,1,3,2,4,2,3,1,1,3,1,3,3,3,4,1,2,1,3,4,4,2,4,4,2,2,4,3,3,3,3,4,3,1,2,1,1,2,2,2,4,1,4,2,3,2,1,3,4,4,4,4,1,2,1,3,1,2,2,2,3,2,1,4,2,1,4,2,1,1,3,3,2,1,2,2,4,1,1,2,2,2,4,1,2,1,3,2,3,2,2,3,1,2,1,1,3,4,2,3,3,1,2,2,2,2,3,3,3,4,2,4,4,3,2,2,2,4,1,2,1,1,2,2,3,2,1,4,3,4,3,4,2,1,3,3,1,2,1,1,3,3,2,2,2,2,1,2,4,4,3,3,1,3,1,4,3,1,3,3,3,1,2,4,1,3,1,1,4,2,1,2,4,2,3,3,1,3,2,1,1,2,1,4,2,2,1,2,1,3,2,3,2,1,4,3,4,4,2,2,2,3,2,4,2,2,1,4,2,3,2,1,1,3,3,1,2,1,4,4,3,1,3,4,1,4,1,2,4,1,2,1,4,1,4,4,4,2,2,4,4,2,2,3,2,3,4,3,4,1,2,4,1,2,4,1,1,2,3,3,3,4,2,3,1,1,1,4,3,3,2,2,1,2,4,1,3,4,3,4,1,2,2,2,2,1,2,3,2,4,3,3,1,2,2,1,4,1,4,2,1,2,4,1,1,4,4,3,2,2,1,1,3,4,3,3,4,2,4,1,1,3,2,2,3,3,2,4,1,3,2,3,1,2,3,3,1,4,3,3,1,1,4,2,1,4,1,4,1,3,2,3,2,4,3,3,4,1,3,2,3,3,2,1,3,3,2,1,4,3,4,3,1,3,1,3,4,3,4,2,2,3,4,2,3,3,2,4,1,3,1,2,3,2,1,3,2,4,4,3,2,4,3,2,2,3,4,2,4,4,3,4,3,2,4,2,1,2,1,3,3,1,1,3,3,2,3,3,4,1,2,1,3,3,2,1,3,1,2,1,1,2,4,2,3,1,1,1,4,4,1,4,2,2,1,4,2,4,2,2,2,1,4,2,3,3,2,4,1,1,1,2,1,1,2,2,2,2,1,3,4,1,3,4,3,2,1,4,3,1,1,2,2,3,3,2,2,1,4,1,1,1,2,4,2,1,2,4,2,3,3,2,1,1,4,1,3,4,1,4,3,2,2,1,4,2,3,2,3,1,1,2,2,3,3,3,2,2,3,1,2,3,2,4,1,1,3,3,2,1,3,3,1,3,1,3,2,3,1,1,3,2,1,1,1,2,4,3,2,4,3,2,4,3,3,2,4,2,4,1,1,3,3,3,3,4,4,3,4,1,1,4,2,1,2,1,4,4,3,3,1,2,2,2,1,2,4,2,1,3,3,4,1,4,1,1,3,2,1,4,3,1,4,1,1,1,4,4,3,4,3,3,3,2,2,3,4,3,1,3,4,3,1,2,4,4,4,3,3,2,1,4,2,1,2,3,1,2,1,1,2,4,2,4,2,1,2,1,3,1,3,4,2,3,2,3,3,3,4,1,4,3,2,1,3,1,3,1,1,4,2,4,1,1,2,3,1,4,4,2,1,3,4,3,2,3,2,4,2,1,3,4,1,3,2,2,3,2,3,1,3,4,4,2,3,1,2,2,1,4,1,1,1,1,3,1,4,1,4,3,2,4,3,1,3,1,4,1,3,4,1,1,1,2,2,3,3,1,4,2,1,4,3,2,1,2,2,1,4,3,2,1,2,2,3,4,2,3,1,1,1,3,2,1,3,4,3,3,4,3,1,2,3,3,1,1,4,3,3,3,2,3,1,3,1,1,1,2,3,1,3,2,3,4,1,2,1,1,4,3,4,1,4,2,1,1,3,2,2,3,3,3,4,3,4,4,2,1,2,1,2,3,4,4,4,2,3,2,1,3,1,4,4,4,4,1,1,1,1,1,4,4,4,2,4,2,1,3,3,2,4,2,1,1,3,4,2,2,1,1,4,2,1,1,2,2,4,2,2,3,4,2,1,1,1,3,1,2,2,2,2,4,1,2,4,2,4,2,3,3,2,1,1,4,4,4,3,1,3,4,4,2,2,2,3,1,4,1,3,1,1,2,2,2,1,4,1,2,2,4,4,2,2,3,3,4,4,3,1,1,3,1,2,1,4,3,1,1,2,2,3,4,4,2,1,2,1,2,2,3,2,1,1,3,1,3,1,3,1,1,4,3,2,1,1,3,2,2,4,4,2,3,3,1,4,4,4,2,3,2,3,4,3,3,4,3,2,1,1,1,2,3,2,3,4,3,1,4,3,4,3,2,3,1,2,2,1,1,1,4,3,2,2,4,3,1,4,3,3,2,2,3,4,2,3,3,2,2,2,2,4,1,2,4,3,1,2,3,4,4,1,1,3,1,3,2,3,2,1,1,1,3,4,4,2,1,1,2,3,2,2,2,2,3,3,3,1,1,2,2,2,4,2,4,1,3,1,2,3,4,3,3,2,4,3,4,3,1,3,2,2,2,4,1,4,3,4,4,2,3,4,4,2,2,2,3,3,2,1,4,2,2,3,1,1,4,2,2,4,1,1,2,2,3,2,1,2,2,4,1,1,1,1,3,4,1,4,3,3,1,2,1,4,1,1,2,3,4,3,2,1,3,1,1,3,4,2,4,3,2,1,1,1,1,1,1,2,3,4,2,4,3,4,3,1,2,2,3,1,3,1,3,3,1,2,1,3,3,2,1,2,4,4,4,4,1,4,2,4,4,3,2,2,2,4,2,2,3,2,4,2,3,2,4,2,2,2,4,3,1,4,4,1,2,1,1,1,2,3,1,1,3,3,3,4,3,4,3,3,3,4,1,3,3,4,1,4,1,3,4,1,4,2,2,3,4,4,3,2,3,2,2,3,4,3,1,2,4,3,3,4,2,1,1,3,1,4,3,1,3,2,1,4,1,1,3,3,2,3,3,1,3,2,4,2,2,1,1,2,1,1,4,4,1,2,1,2,2,2,3,4,1,2,4,1,1,3,4,2,2,4,3,4,2,3,1,4,3,3,2,1,1,4,3,2,2,3,1,4,1,3,1,1,4,1,4,4,3,4,3,2,3,2,1,2,2,2,1,1,1,2,3,4,1,1,3,3,3,1,4,2,3,4,1,2,3,2,1,3,4,4,2,4,4,1,1,4,2,4,1,2,2,3,3,4,3,1,2,1,3,1,2,3,1,1,3,2,4,1,2,3,1,2,2,2,2,1,2,1,3,4,1,3,2,3,2,1,2,1,1,1,4,3,4,2,2,1,1,1,2,2,2,4,4,2,1,4,4,1,3,3,2,4,3,3,3,1,1,1,2,2,3,3,4,1,1,1,2,3,2,2,4,1,2,3,3,1,2,2,3,1,3,1,1,3,2,2,1,3,2,4,2,1,2,3,4,4,2,1,2,2,4,3,4,1,4,3,1,1,2,3,4,1,3,3,1,3,2,1,3,2,3,3,2,2,2,3,3,1,3,1,4,1,1,4,1,1,4,4,2,1,2,4,1,2,4,2,1,4,1,4,1,2,1,2,1,3,2,1,1,1,3,4,1,3,1,2,2,1,2,4,1,4,1,2,3,1,2,2,3,1,3,3,1,3,4"
87,0.9886279079380575,0.5196078431372549,2329.0,"2,2,3,4,1,1,4,1,1,2,4,1,1,4,2,2,3,4,1,1,4,4,4,2,1,1,4,3,1,2,2,2,3,3,3,3,1,2,1,3,2,3,4,4,4,3,1,4,4,3,4,1,3,2,1,1,2,1,1,4,3,1,1,3,4,1,4,2,3,1,1,2,4,4,3,1,3,2,4,2,3,1,1,3,1,3,3,3,4,1,2,1,3,4,4,2,4,4,2,2,4,3,3,3,3,4,3,1,2,1,1,2,2,2,4,1,4,2,3,2,1,3,4,4,4,4,1,2,1,3,1,2,2,2,3,2,1,4,2,1,4,2,1,1,3,3,2,1,2,2,4,1,1,2,2,2,4,1,2,1,3,2,3,2,2,3,1,2,1,1,3,4,2,3,3,1,2,2,2,2,3,3,3,4,2,4,4,3,2,2,2,4,1,2,1,1,2,2,3,2,1,4,3,4,3,4,2,1,3,3,1,2,1,1,3,3,2,2,2,2,1,2,4,4,3,3,1,3,1,4,3,1,3,3,3,1,2,4,1,3,1,1,4,2,1,2,4,2,3,3,1,3,2,1,1,2,1,4,2,2,1,2,1,3,2,3,2,1,4,3,4,4,2,2,2,3,2,4,2,2,1,4,2,3,2,1,1,3,3,1,2,1,4,4,3,1,3,4,1,4,1,2,4,1,2,1,4,1,4,4,4,2,2,4,4,2,2,3,2,3,4,3,4,1,2,4,1,2,4,1,1,2,3,3,3,4,2,3,1,1,1,4,3,3,2,2,1,2,4,1,3,4,3,4,1,2,2,2,2,1,2,3,2,4,3,3,1,2,2,1,4,1,4,2,1,2,4,1,1,4,4,3,2,2,1,1,3,4,3,3,4,2,4,1,1,3,2,2,3,3,2,4,1,3,2,3,1,2,3,3,1,4,3,3,1,1,4,2,1,4,1,4,1,3,2,3,2,4,3,3,4,1,3,2,3,3,2,1,3,3,2,1,4,3,4,3,1,3,1,3,4,3,4,2,2,3,4,2,3,3,2,4,1,3,1,2,3,2,1,3,2,4,4,3,2,4,3,2,2,3,4,2,4,4,3,4,3,2,4,2,1,2,1,3,3,1,1,3,3,2,3,3,4,1,2,1,3,3,2,1,3,1,2,1,1,2,4,2,3,1,1,1,4,4,1,4,2,2,1,4,2,4,2,2,2,1,4,2,3,3,2,4,1,1,1,2,1,1,2,2,2,2,1,3,4,1,3,4,3,2,1,4,3,1,1,2,2,3,3,2,2,1,4,1,1,1,2,4,2,1,2,4,2,3,3,2,1,1,4,1,3,4,1,4,3,2,2,1,4,2,3,2,3,1,1,2,2,3,3,3,2,2,3,1,2,3,2,4,1,1,3,3,2,1,3,3,1,3,1,3,2,3,1,1,3,2,1,1,1,2,4,3,2,4,3,2,4,3,3,2,4,2,4,1,1,3,3,3,3,4,4,3,4,1,1,4,2,1,2,1,4,4,3,3,1,2,2,2,1,2,4,2,1,3,3,4,1,4,1,1,3,2,1,4,3,1,4,1,1,1,4,4,3,4,3,3,3,2,2,3,4,3,1,3,4,3,1,2,4,4,4,3,3,2,1,4,2,1,2,3,1,2,1,1,2,4,2,4,2,1,2,1,3,1,3,4,2,3,2,3,3,3,4,1,4,3,2,1,3,1,3,1,1,4,2,4,1,1,2,3,1,4,4,2,1,3,4,3,2,3,2,4,2,1,3,4,1,3,2,2,3,2,3,1,3,4,4,2,3,1,2,2,1,4,1,1,1,1,3,1,4,1,4,3,2,4,3,1,3,1,4,1,3,4,1,1,1,2,2,3,3,1,4,2,1,4,3,2,1,2,2,1,4,3,2,1,2,2,3,4,2,3,1,1,1,3,2,1,3,4,3,3,4,3,1,2,3,3,1,1,4,3,3,3,2,3,1,3,1,1,1,2,3,1,3,2,3,4,1,2,1,1,4,3,4,1,4,2,1,1,3,2,2,3,3,3,4,3,4,4,2,1,2,1,2,3,4,4,4,2,3,2,1,3,1,4,4,4,4,1,1,1,1,1,4,4,4,2,4,2,1,3,3,2,4,2,1,1,3,4,2,2,1,1,4,2,1,1,2,2,4,2,2,3,4,2,1,1,1,3,1,2,2,2,2,4,1,2,4,2,4,2,3,3,2,1,1,4,4,4,3,1,3,4,4,2,2,2,3,1,4,1,3,1,1,2,2,2,1,4,1,2,2,4,4,2,2,3,3,4,4,3,1,1,3,1,2,1,4,3,1,1,2,2,3,4,4,2,1,2,1,2,2,3,2,1,1,3,1,3,1,3,1,1,4,3,2,1,1,3,2,2,4,4,2,3,3,1,4,4,4,2,3,2,3,4,3,3,4,3,2,1,1,1,2,3,2,3,4,3,1,4,3,4,3,2,3,1,2,2,1,1,1,4,3,2,2,4,3,1,4,3,3,2,2,3,4,2,3,3,2,2,2,2,4,1,2,4,3,1,2,3,4,4,1,1,3,1,3,2,3,2,1,1,1,3,4,4,2,1,1,2,3,2,2,2,2,3,3,3,1,1,2,2,2,4,2,4,1,3,1,2,3,4,3,3,2,4,3,4,3,1,3,2,2,2,4,1,4,3,4,4,2,3,4,4,2,2,2,3,3,2,1,4,2,2,3,1,1,4,2,2,4,1,1,2,2,3,2,1,2,2,4,1,1,1,1,3,4,1,4,3,3,1,2,1,4,1,1,2,3,4,3,2,1,3,1,1,3,4,2,4,3,2,1,1,1,1,1,1,2,3,4,2,4,3,4,3,1,2,2,3,1,3,1,3,3,1,2,1,3,3,2,1,2,4,4,4,4,1,4,2,4,4,3,2,2,2,4,2,2,3,2,4,2,3,2,4,2,2,2,4,3,1,4,4,1,2,1,1,1,2,3,1,1,3,3,3,4,3,4,3,3,3,4,1,3,3,4,1,4,1,3,4,1,4,2,2,3,4,4,3,2,3,2,2,3,4,3,1,2,4,3,3,4,2,1,1,3,1,4,3,1,3,2,1,4,1,1,3,3,2,3,3,1,3,2,4,2,2,1,1,2,1,1,4,4,1,2,1,2,2,2,3,4,1,2,4,1,1,3,4,2,2,4,3,4,2,3,1,4,3,3,2,1,1,4,3,2,2,3,1,4,1,3,1,1,4,1,4,4,3,4,3,2,3,2,1,2,2,2,1,1,1,2,3,4,1,1,3,3,3,1,4,2,3,4,1,2,3,2,1,3,4,4,2,4,4,1,1,4,2,4,1,2,2,3,3,4,3,1,2,1,3,1,2,3,1,1,3,2,4,1,2,3,1,2,2,2,2,1,2,1,3,4,1,3,2,3,2,1,2,1,1,1,4,3,4,2,2,1,1,1,2,2,2,4,4,2,1,4,4,1,3,3,2,4,3,3,3,1,1,1,2,2,3,3,4,1,1,1,2,3,2,2,4,1,2,3,3,1,2,2,3,1,3,1,1,3,2,2,1,3,2,4,2,1,2,3,4,4,2,1,2,2,4,3,4,1,4,3,1,1,2,3,4,1,3,3,1,3,2,1,3,2,3,3,2,2,2,3,3,1,3,1,4,1,1,4,1,1,4,4,2,1,2,4,1,2,4,2,1,4,1,4,1,2,1,2,1,3,2,1,1,1,3,4,1,3,1,2,2,1,2,4,1,4,1,2,3,1,2,2,3,1,3,3,1,3,4"
88,0.9886279079380575,0.5196078431372549,2329.0,"2,2,3,4,1,1,4,1,1,2,4,1,1,4,2,2,3,4,1,1,4,4,4,2,1,1,4,3,1,2,2,2,3,3,3,3,1,2,1,3,2,3,4,4,4,3,1,4,4,3,4,1,3,2,1,1,2,1,1,4,3,1,1,3,4,1,4,2,3,1,1,2,4,4,3,1,3,2,4,2,3,1,1,3,1,3,3,3,4,1,2,1,3,4,4,2,4,4,2,2,4,3,3,3,3,4,3,1,2,1,1,2,2,2,4,1,4,2,3,2,1,3,4,4,4,4,1,2,1,3,1,2,2,2,3,2,1,4,2,1,4,2,1,1,3,3,2,1,2,2,4,1,1,2,2,2,4,1,2,1,3,2,3,2,2,3,1,2,1,1,3,4,2,3,3,1,2,2,2,2,3,3,3,4,2,4,4,3,2,2,2,4,1,2,1,1,2,2,3,2,1,4,3,4,3,4,2,1,3,3,1,2,1,1,3,3,2,2,2,2,1,2,4,4,3,3,1,3,1,4,3,1,3,3,3,1,2,4,1,3,1,1,4,2,1,2,4,2,3,3,1,3,2,1,1,2,1,4,2,2,1,2,1,3,2,3,2,1,4,3,4,4,2,2,2,3,2,4,2,2,1,4,2,3,2,1,1,3,3,1,2,1,4,4,3,1,3,4,1,4,1,2,4,1,2,1,4,1,4,4,4,2,2,4,4,2,2,3,2,3,4,3,4,1,2,4,1,2,4,1,1,2,3,3,3,4,2,3,1,1,1,4,3,3,2,2,1,2,4,1,3,4,3,4,1,2,2,2,2,1,2,3,2,4,3,3,1,2,2,1,4,1,4,2,1,2,4,1,1,4,4,3,2,2,1,1,3,4,3,3,4,2,4,1,1,3,2,2,3,3,2,4,1,3,2,3,1,2,3,3,1,4,3,3,1,1,4,2,1,4,1,4,1,3,2,3,2,4,3,3,4,1,3,2,3,3,2,1,3,3,2,1,4,3,4,3,1,3,1,3,4,3,4,2,2,3,4,2,3,3,2,4,1,3,1,2,3,2,1,3,2,4,4,3,2,4,3,2,2,3,4,2,4,4,3,4,3,2,4,2,1,2,1,3,3,1,1,3,3,2,3,3,4,1,2,1,3,3,2,1,3,1,2,1,1,2,4,2,3,1,1,1,4,4,1,4,2,2,1,4,2,4,2,2,2,1,4,2,3,3,2,4,1,1,1,2,1,1,2,2,2,2,1,3,4,1,3,4,3,2,1,4,3,1,1,2,2,3,3,2,2,1,4,1,1,1,2,4,2,1,2,4,2,3,3,2,1,1,4,1,3,4,1,4,3,2,2,1,4,2,3,2,3,1,1,2,2,3,3,3,2,2,3,1,2,3,2,4,1,1,3,3,2,1,3,3,1,3,1,3,2,3,1,1,3,2,1,1,1,2,4,3,2,4,3,2,4,3,3,2,4,2,4,1,1,3,3,3,3,4,4,3,4,1,1,4,2,1,2,1,4,4,3,3,1,2,2,2,1,2,4,2,1,3,3,4,1,4,1,1,3,2,1,4,3,1,4,1,1,1,4,4,3,4,3,3,3,2,2,3,4,3,1,3,4,3,1,2,4,4,4,3,3,2,1,4,2,1,2,3,1,2,1,1,2,4,2,4,2,1,2,1,3,1,3,4,2,3,2,3,3,3,4,1,4,3,2,1,3,1,3,1,1,4,2,4,1,1,2,3,1,4,4,2,1,3,4,3,2,3,2,4,2,1,3,4,1,3,2,2,3,2,3,1,3,4,4,2,3,1,2,2,1,4,1,1,1,1,3,1,4,1,4,3,2,4,3,1,3,1,4,1,3,4,1,1,1,2,2,3,3,1,4,2,1,4,3,2,1,2,2,1,4,3,2,1,2,2,3,4,2,3,1,1,1,3,2,1,3,4,3,3,4,3,1,2,3,3,1,1,4,3,3,3,2,3,1,3,1,1,1,2,3,1,3,2,3,4,1,2,1,1,4,3,4,1,4,2,1,1,3,2,2,3,3,3,4,3,4,4,2,1,2,1,2,3,4,4,4,2,3,2,1,3,1,4,4,4,4,1,1,1,1,1,4,4,4,2,4,2,1,3,3,2,4,2,1,1,3,4,2,2,1,1,4,2,1,1,2,2,4,2,2,3,4,2,1,1,1,3,1,2,2,2,2,4,1,2,4,2,4,2,3,3,2,1,1,4,4,4,3,1,3,4,4,2,2,2,3,1,4,1,3,1,1,2,2,2,1,4,1,2,2,4,4,2,2,3,3,4,4,3,1,1,3,1,2,1,4,3,1,1,2,2,3,4,4,2,1,2,1,2,2,3,2,1,1,3,1,3,1,3,1,1,4,3,2,1,1,3,2,2,4,4,2,3,3,1,4,4,4,2,3,2,3,4,3,3,4,3,2,1,1,1,2,3,2,3,4,3,1,4,3,4,3,2,3,1,2,2,1,1,1,4,3,2,2,4,3,1,4,3,3,2,2,3,4,2,3,3,2,2,2,2,4,1,2,4,3,1,2,3,4,4,1,1,3,1,3,2,3,2,1,1,1,3,4,4,2,1,1,2,3,2,2,2,2,3,3,3,1,1,2,2,2,4,2,4,1,3,1,2,3,4,3,3,2,4,3,4,3,1,3,2,2,2,4,1,4,3,4,4,2,3,4,4,2,2,2,3,3,2,1,4,2,2,3,1,1,4,2,2,4,1,1,2,2,3,2,1,2,2,4,1,1,1,1,3,4,1,4,3,3,1,2,1,4,1,1,2,3,4,3,2,1,3,1,1,3,4,2,4,3,2,1,1,1,1,1,1,2,3,4,2,4,3,4,3,1,2,2,3,1,3,1,3,3,1,2,1,3,3,2,1,2,4,4,4,4,1,4,2,4,4,3,2,2,2,4,2,2,3,2,4,2,3,2,4,2,2,2,4,3,1,4,4,1,2,1,1,1,2,3,1,1,3,3,3,4,3,4,3,3,3,4,1,3,3,4,1,4,1,3,4,1,4,2,2,3,4,4,3,2,3,2,2,3,4,3,1,2,4,3,3,4,2,1,1,3,1,4,3,1,3,2,1,4,1,1,3,3,2,3,3,1,3,2,4,2,2,1,1,2,1,1,4,4,1,2,1,2,2,2,3,4,1,2,4,1,1,3,4,2,2,4,3,4,2,3,1,4,3,3,2,1,1,4,3,2,2,3,1,4,1,3,1,1,4,1,4,4,3,4,3,2,3,2,1,2,2,2,1,1,1,2,3,4,1,1,3,3,3,1,4,2,3,4,1,2,3,2,1,3,4,4,2,4,4,1,1,4,2,4,1,2,2,3,3,4,3,1,2,1,3,1,2,3,1,1,3,2,4,1,2,3,1,2,2,2,2,1,2,1,3,4,1,3,2,3,2,1,2,1,1,1,4,3,4,2,2,1,1,1,2,2,2,4,4,2,1,4,4,1,3,3,2,4,3,3,3,1,1,1,2,2,3,3,4,1,1,1,2,3,2,2,4,1,2,3,3,1,2,2,3,1,3,1,1,3,2,2,1,3,2,4,2,1,2,3,4,4,2,1,2,2,4,3,4,1,4,3,1,1,2,3,4,1,3,3,1,3,2,1,3,2,3,3,2,2,2,3,3,1,3,1,4,1,1,4,1,1,4,4,2,1,2,4,1,2,4,2,1,4,1,4,1,2,1,2,1,3,2,1,1,1,3,4,1,3,1,2,2,1,2,4,1,4,1,2,3,1,2,2,3,1,3,3,1,3,4"
89,0.9886279079380575,0.5196078431372549,2329.0,"2,2,3,4,1,1,4,1,1,2,4,1,1,4,2,2,3,4,1,1,4,4,4,2,1,1,4,3,1,2,2,2,3,3,3,3,1,2,1,3,2,3,4,4,4,3,1,4,4,3,4,1,3,2,1,1,2,1,1,4,3,1,1,3,4,1,4,2,3,1,1,2,4,4,3,1,3,2,4,2,3,1,1,3,1,3,3,3,4,1,2,1,3,4,4,2,4,4,2,2,4,3,3,3,3,4,3,1,2,1,1,2,2,2,4,1,4,2,3,2,1,3,4,4,4,4,1,2,1,3,1,2,2,2,3,2,1,4,2,1,4,2,1,1,3,3,2,1,2,2,4,1,1,2,2,2,4,1,2,1,3,2,3,2,2,3,1,2,1,1,3,4,2,3,3,1,2,2,2,2,3,3,3,4,2,4,4,3,2,2,2,4,1,2,1,1,2,2,3,2,1,4,3,4,3,4,2,1,3,3,1,2,1,1,3,3,2,2,2,2,1,2,4,4,3,3,1,3,1,4,3,1,3,3,3,1,2,4,1,3,1,1,4,2,1,2,4,2,3,3,1,3,2,1,1,2,1,4,2,2,1,2,1,3,2,3,2,1,4,3,4,4,2,2,2,3,2,4,2,2,1,4,2,3,2,1,1,3,3,1,2,1,4,4,3,1,3,4,1,4,1,2,4,1,2,1,4,1,4,4,4,2,2,4,4,2,2,3,2,3,4,3,4,1,2,4,1,2,4,1,1,2,3,3,3,4,2,3,1,1,1,4,3,3,2,2,1,2,4,1,3,4,3,4,1,2,2,2,2,1,2,3,2,4,3,3,1,2,2,1,4,1,4,2,1,2,4,1,1,4,4,3,2,2,1,1,3,4,3,3,4,2,4,1,1,3,2,2,3,3,2,4,1,3,2,3,1,2,3,3,1,4,3,3,1,1,4,2,1,4,1,4,1,3,2,3,2,4,3,3,4,1,3,2,3,3,2,1,3,3,2,1,4,3,4,3,1,3,1,3,4,3,4,2,2,3,4,2,3,3,2,4,1,3,1,2,3,2,1,3,2,4,4,3,2,4,3,2,2,3,4,2,4,4,3,4,3,2,4,2,1,2,1,3,3,1,1,3,3,2,3,3,4,1,2,1,3,3,2,1,3,1,2,1,1,2,4,2,3,1,1,1,4,4,1,4,2,2,1,4,2,4,2,2,2,1,4,2,3,3,2,4,1,1,1,2,1,1,2,2,2,2,1,3,4,1,3,4,3,2,1,4,3,1,1,2,2,3,3,2,2,1,4,1,1,1,2,4,2,1,2,4,2,3,3,2,1,1,4,1,3,4,1,4,3,2,2,1,4,2,3,2,3,1,1,2,2,3,3,3,2,2,3,1,2,3,2,4,1,1,3,3,2,1,3,3,1,3,1,3,2,3,1,1,3,2,1,1,1,2,4,3,2,4,3,2,4,3,3,2,4,2,4,1,1,3,3,3,3,4,4,3,4,1,1,4,2,1,2,1,4,4,3,3,1,2,2,2,1,2,4,2,1,3,3,4,1,4,1,1,3,2,1,4,3,1,4,1,1,1,4,4,3,4,3,3,3,2,2,3,4,3,1,3,4,3,1,2,4,4,4,3,3,2,1,4,2,1,2,3,1,2,1,1,2,4,2,4,2,1,2,1,3,1,3,4,2,3,2,3,3,3,4,1,4,3,2,1,3,1,3,1,1,4,2,4,1,1,2,3,1,4,4,2,1,3,4,3,2,3,2,4,2,1,3,4,1,3,2,2,3,2,3,1,3,4,4,2,3,1,2,2,1,4,1,1,1,1,3,1,4,1,4,3,2,4,3,1,3,1,4,1,3,4,1,1,1,2,2,3,3,1,4,2,1,4,3,2,1,2,2,1,4,3,2,1,2,2,3,4,2,3,1,1,1,3,2,1,3,4,3,3,4,3,1,2,3,3,1,1,4,3,3,3,2,3,1,3,1,1,1,2,3,1,3,2,3,4,1,2,1,1,4,3,4,1,4,2,1,1,3,2,2,3,3,3,4,3,4,4,2,1,2,1,2,3,4,4,4,2,3,2,1,3,1,4,4,4,4,1,1,1,1,1,4,4,4,2,4,2,1,3,3,2,4,2,1,1,3,4,2,2,1,1,4,2,1,1,2,2,4,2,2,3,4,2,1,1,1,3,1,2,2,2,2,4,1,2,4,2,4,2,3,3,2,1,1,4,4,4,3,1,3,4,4,2,2,2,3,1,4,1,3,1,1,2,2,2,1,4,1,2,2,4,4,2,2,3,3,4,4,3,1,1,3,1,2,1,4,3,1,1,2,2,3,4,4,2,1,2,1,2,2,3,2,1,1,3,1,3,1,3,1,1,4,3,2,1,1,3,2,2,4,4,2,3,3,1,4,4,4,2,3,2,3,4,3,3,4,3,2,1,1,1,2,3,2,3,4,3,1,4,3,4,3,2,3,1,2,2,1,1,1,4,3,2,2,4,3,1,4,3,3,2,2,3,4,2,3,3,2,2,2,2,4,1,2,4,3,1,2,3,4,4,1,1,3,1,3,2,3,2,1,1,1,3,4,4,2,1,1,2,3,2,2,2,2,3,3,3,1,1,2,2,2,4,2,4,1,3,1,2,3,4,3,3,2,4,3,4,3,1,3,2,2,2,4,1,4,3,4,4,2,3,4,4,2,2,2,3,3,2,1,4,2,2,3,1,1,4,2,2,4,1,1,2,2,3,2,1,2,2,4,1,1,1,1,3,4,1,4,3,3,1,2,1,4,1,1,2,3,4,3,2,1,3,1,1,3,4,2,4,3,2,1,1,1,1,1,1,2,3,4,2,4,3,4,3,1,2,2,3,1,3,1,3,3,1,2,1,3,3,2,1,2,4,4,4,4,1,4,2,4,4,3,2,2,2,4,2,2,3,2,4,2,3,2,4,2,2,2,4,3,1,4,4,1,2,1,1,1,2,3,1,1,3,3,3,4,3,4,3,3,3,4,1,3,3,4,1,4,1,3,4,1,4,2,2,3,4,4,3,2,3,2,2,3,4,3,1,2,4,3,3,4,2,1,1,3,1,4,3,1,3,2,1,4,1,1,3,3,2,3,3,1,3,2,4,2,2,1,1,2,1,1,4,4,1,2,1,2,2,2,3,4,1,2,4,1,1,3,4,2,2,4,3,4,2,3,1,4,3,3,2,1,1,4,3,2,2,3,1,4,1,3,1,1,4,1,4,4,3,4,3,2,3,2,1,2,2,2,1,1,1,2,3,4,1,1,3,3,3,1,4,2,3,4,1,2,3,2,1,3,4,4,2,4,4,1,1,4,2,4,1,2,2,3,3,4,3,1,2,1,3,1,2,3,1,1,3,2,4,1,2,3,1,2,2,2,2,1,2,1,3,4,1,3,2,3,2,1,2,1,1,1,4,3,4,2,2,1,1,1,2,2,2,4,4,2,1,4,4,1,3,3,2,4,3,3,3,1,1,1,2,2,3,3,4,1,1,1,2,3,2,2,4,1,2,3,3,1,2,2,3,1,3,1,1,3,2,2,1,3,2,4,2,1,2,3,4,4,2,1,2,2,4,3,4,1,4,3,1,1,2,3,4,1,3,3,1,3,2,1,3,2,3,3,2,2,2,3,3,1,3,1,4,1,1,4,1,1,4,4,2,1,2,4,1,2,4,2,1,4,1,4,1,2,1,2,1,3,2,1,1,1,3,4,1,3,1,2,2,1,2,4,1,4,1,2,3,1,2,2,3,1,3,3,1,3,4"
90,0.9886279079380575,0.5196078431372549,2329.0,"2,2,3,4,1,1,4,1,1,2,4,1,1,4,2,2,3,4,1,1,4,4,4,2,1,1,4,3,1,2,2,2,3,3,3,3,1,2,1,3,2,3,4,4,4,3,1,4,4,3,4,1,3,2,1,1,2,1,1,4,3,1,1,3,4,1,4,2,3,1,1,2,4,4,3,1,3,2,4,2,3,1,1,3,1,3,3,3,4,1,2,1,3,4,4,2,4,4,2,2,4,3,3,3,3,4,3,1,2,1,1,2,2,2,4,1,4,2,3,2,1,3,4,4,4,4,1,2,1,3,1,2,2,2,3,2,1,4,2,1,4,2,1,1,3,3,2,1,2,2,4,1,1,2,2,2,4,1,2,1,3,2,3,2,2,3,1,2,1,1,3,4,2,3,3,1,2,2,2,2,3,3,3,4,2,4,4,3,2,2,2,4,1,2,1,1,2,2,3,2,1,4,3,4,3,4,2,1,3,3,1,2,1,1,3,3,2,2,2,2,1,2,4,4,3,3,1,3,1,4,3,1,3,3,3,1,2,4,1,3,1,1,4,2,1,2,4,2,3,3,1,3,2,1,1,2,1,4,2,2,1,2,1,3,2,3,2,1,4,3,4,4,2,2,2,3,2,4,2,2,1,4,2,3,2,1,1,3,3,1,2,1,4,4,3,1,3,4,1,4,1,2,4,1,2,1,4,1,4,4,4,2,2,4,4,2,2,3,2,3,4,3,4,1,2,4,1,2,4,1,1,2,3,3,3,4,2,3,1,1,1,4,3,3,2,2,1,2,4,1,3,4,3,4,1,2,2,2,2,1,2,3,2,4,3,3,1,2,2,1,4,1,4,2,1,2,4,1,1,4,4,3,2,2,1,1,3,4,3,3,4,2,4,1,1,3,2,2,3,3,2,4,1,3,2,3,1,2,3,3,1,4,3,3,1,1,4,2,1,4,1,4,1,3,2,3,2,4,3,3,4,1,3,2,3,3,2,1,3,3,2,1,4,3,4,3,1,3,1,3,4,3,4,2,2,3,4,2,3,3,2,4,1,3,1,2,3,2,1,3,2,4,4,3,2,4,3,2,2,3,4,2,4,4,3,4,3,2,4,2,1,2,1,3,3,1,1,3,3,2,3,3,4,1,2,1,3,3,2,1,3,1,2,1,1,2,4,2,3,1,1,1,4,4,1,4,2,2,1,4,2,4,2,2,2,1,4,2,3,3,2,4,1,1,1,2,1,1,2,2,2,2,1,3,4,1,3,4,3,2,1,4,3,1,1,2,2,3,3,2,2,1,4,1,1,1,2,4,2,1,2,4,2,3,3,2,1,1,4,1,3,4,1,4,3,2,2,1,4,2,3,2,3,1,1,2,2,3,3,3,2,2,3,1,2,3,2,4,1,1,3,3,2,1,3,3,1,3,1,3,2,3,1,1,3,2,1,1,1,2,4,3,2,4,3,2,4,3,3,2,4,2,4,1,1,3,3,3,3,4,4,3,4,1,1,4,2,1,2,1,4,4,3,3,1,2,2,2,1,2,4,2,1,3,3,4,1,4,1,1,3,2,1,4,3,1,4,1,1,1,4,4,3,4,3,3,3,2,2,3,4,3,1,3,4,3,1,2,4,4,4,3,3,2,1,4,2,1,2,3,1,2,1,1,2,4,2,4,2,1,2,1,3,1,3,4,2,3,2,3,3,3,4,1,4,3,2,1,3,1,3,1,1,4,2,4,1,1,2,3,1,4,4,2,1,3,4,3,2,3,2,4,2,1,3,4,1,3,2,2,3,2,3,1,3,4,4,2,3,1,2,2,1,4,1,1,1,1,3,1,4,1,4,3,2,4,3,1,3,1,4,1,3,4,1,1,1,2,2,3,3,1,4,2,1,4,3,2,1,2,2,1,4,3,2,1,2,2,3,4,2,3,1,1,1,3,2,1,3,4,3,3,4,3,1,2,3,3,1,1,4,3,3,3,2,3,1,3,1,1,1,2,3,1,3,2,3,4,1,2,1,1,4,3,4,1,4,2,1,1,3,2,2,3,3,3,4,3,4,4,2,1,2,1,2,3,4,4,4,2,3,2,1,3,1,4,4,4,4,1,1,1,1,1,4,4,4,2,4,2,1,3,3,2,4,2,1,1,3,4,2,2,1,1,4,2,1,1,2,2,4,2,2,3,4,2,1,1,1,3,1,2,2,2,2,4,1,2,4,2,4,2,3,3,2,1,1,4,4,4,3,1,3,4,4,2,2,2,3,1,4,1,3,1,1,2,2,2,1,4,1,2,2,4,4,2,2,3,3,4,4,3,1,1,3,1,2,1,4,3,1,1,2,2,3,4,4,2,1,2,1,2,2,3,2,1,1,3,1,3,1,3,1,1,4,3,2,1,1,3,2,2,4,4,2,3,3,1,4,4,4,2,3,2,3,4,3,3,4,3,2,1,1,1,2,3,2,3,4,3,1,4,3,4,3,2,3,1,2,2,1,1,1,4,3,2,2,4,3,1,4,3,3,2,2,3,4,2,3,3,2,2,2,2,4,1,2,4,3,1,2,3,4,4,1,1,3,1,3,2,3,2,1,1,1,3,4,4,2,1,1,2,3,2,2,2,2,3,3,3,1,1,2,2,2,4,2,4,1,3,1,2,3,4,3,3,2,4,3,4,3,1,3,2,2,2,4,1,4,3,4,4,2,3,4,4,2,2,2,3,3,2,1,4,2,2,3,1,1,4,2,2,4,1,1,2,2,3,2,1,2,2,4,1,1,1,1,3,4,1,4,3,3,1,2,1,4,1,1,2,3,4,3,2,1,3,1,1,3,4,2,4,3,2,1,1,1,1,1,1,2,3,4,2,4,3,4,3,1,2,2,3,1,3,1,3,3,1,2,1,3,3,2,1,2,4,4,4,4,1,4,2,4,4,3,2,2,2,4,2,2,3,2,4,2,3,2,4,2,2,2,4,3,1,4,4,1,2,1,1,1,2,3,1,1,3,3,3,4,3,4,3,3,3,4,1,3,3,4,1,4,1,3,4,1,4,2,2,3,4,4,3,2,3,2,2,3,4,3,1,2,4,3,3,4,2,1,1,3,1,4,3,1,3,2,1,4,1,1,3,3,2,3,3,1,3,2,4,2,2,1,1,2,1,1,4,4,1,2,1,2,2,2,3,4,1,2,4,1,1,3,4,2,2,4,3,4,2,3,1,4,3,3,2,1,1,4,3,2,2,3,1,4,1,3,1,1,4,1,4,4,3,4,3,2,3,2,1,2,2,2,1,1,1,2,3,4,1,1,3,3,3,1,4,2,3,4,1,2,3,2,1,3,4,4,2,4,4,1,1,4,2,4,1,2,2,3,3,4,3,1,2,1,3,1,2,3,1,1,3,2,4,1,2,3,1,2,2,2,2,1,2,1,3,4,1,3,2,3,2,1,2,1,1,1,4,3,4,2,2,1,1,1,2,2,2,4,4,2,1,4,4,1,3,3,2,4,3,3,3,1,1,1,2,2,3,3,4,1,1,1,2,3,2,2,4,1,2,3,3,1,2,2,3,1,3,1,1,3,2,2,1,3,2,4,2,1,2,3,4,4,2,1,2,2,4,3,4,1,4,3,1,1,2,3,4,1,3,3,1,3,2,1,3,2,3,3,2,2,2,3,3,1,3,1,4,1,1,4,1,1,4,4,2,1,2,4,1,2,4,2,1,4,1,4,1,2,1,2,1,3,2,1,1,1,3,4,1,3,1,2,2,1,2,4,1,4,1,2,3,1,2,2,3,1,3,3,1,3,4"
91,0.9886279079380575,0.5196078431372549,2329.0,"2,2,3,4,1,1,4,1,1,2,4,1,1,4,2,2,3,4,1,1,4,4,4,2,1,1,4,3,1,2,2,2,3,3,3,3,1,2,1,3,2,3,4,4,4,3,1,4,4,3,4,1,3,2,1,1,2,1,1,4,3,1,1,3,4,1,4,2,3,1,1,2,4,4,3,1,3,2,4,2,3,1,1,3,1,3,3,3,4,1,2,1,3,4,4,2,4,4,2,2,4,3,3,3,3,4,3,1,2,1,1,2,2,2,4,1,4,2,3,2,1,3,4,4,4,4,1,2,1,3,1,2,2,2,3,2,1,4,2,1,4,2,1,1,3,3,2,1,2,2,4,1,1,2,2,2,4,1,2,1,3,2,3,2,2,3,1,2,1,1,3,4,2,3,3,1,2,2,2,2,3,3,3,4,2,4,4,3,2,2,2,4,1,2,1,1,2,2,3,2,1,4,3,4,3,4,2,1,3,3,1,2,1,1,3,3,2,2,2,2,1,2,4,4,3,3,1,3,1,4,3,1,3,3,3,1,2,4,1,3,1,1,4,2,1,2,4,2,3,3,1,3,2,1,1,2,1,4,2,2,1,2,1,3,2,3,2,1,4,3,4,4,2,2,2,3,2,4,2,2,1,4,2,3,2,1,1,3,3,1,2,1,4,4,3,1,3,4,1,4,1,2,4,1,2,1,4,1,4,4,4,2,2,4,4,2,2,3,2,3,4,3,4,1,2,4,1,2,4,1,1,2,3,3,3,4,2,3,1,1,1,4,3,3,2,2,1,2,4,1,3,4,3,4,1,2,2,2,2,1,2,3,2,4,3,3,1,2,2,1,4,1,4,2,1,2,4,1,1,4,4,3,2,2,1,1,3,4,3,3,4,2,4,1,1,3,2,2,3,3,2,4,1,3,2,3,1,2,3,3,1,4,3,3,1,1,4,2,1,4,1,4,1,3,2,3,2,4,3,3,4,1,3,2,3,3,2,1,3,3,2,1,4,3,4,3,1,3,1,3,4,3,4,2,2,3,4,2,3,3,2,4,1,3,1,2,3,2,1,3,2,4,4,3,2,4,3,2,2,3,4,2,4,4,3,4,3,2,4,2,1,2,1,3,3,1,1,3,3,2,3,3,4,1,2,1,3,3,2,1,3,1,2,1,1,2,4,2,3,1,1,1,4,4,1,4,2,2,1,4,2,4,2,2,2,1,4,2,3,3,2,4,1,1,1,2,1,1,2,2,2,2,1,3,4,1,3,4,3,2,1,4,3,1,1,2,2,3,3,2,2,1,4,1,1,1,2,4,2,1,2,4,2,3,3,2,1,1,4,1,3,4,1,4,3,2,2,1,4,2,3,2,3,1,1,2,2,3,3,3,2,2,3,1,2,3,2,4,1,1,3,3,2,1,3,3,1,3,1,3,2,3,1,1,3,2,1,1,1,2,4,3,2,4,3,2,4,3,3,2,4,2,4,1,1,3,3,3,3,4,4,3,4,1,1,4,2,1,2,1,4,4,3,3,1,2,2,2,1,2,4,2,1,3,3,4,1,4,1,1,3,2,1,4,3,1,4,1,1,1,4,4,3,4,3,3,3,2,2,3,4,3,1,3,4,3,1,2,4,4,4,3,3,2,1,4,2,1,2,3,1,2,1,1,2,4,2,4,2,1,2,1,3,1,3,4,2,3,2,3,3,3,4,1,4,3,2,1,3,1,3,1,1,4,2,4,1,1,2,3,1,4,4,2,1,3,4,3,2,3,2,4,2,1,3,4,1,3,2,2,3,2,3,1,3,4,4,2,3,1,2,2,1,4,1,1,1,1,3,1,4,1,4,3,2,4,3,1,3,1,4,1,3,4,1,1,1,2,2,3,3,1,4,2,1,4,3,2,1,2,2,1,4,3,2,1,2,2,3,4,2,3,1,1,1,3,2,1,3,4,3,3,4,3,1,2,3,3,1,1,4,3,3,3,2,3,1,3,1,1,1,2,3,1,3,2,3,4,1,2,1,1,4,3,4,1,4,2,1,1,3,2,2,3,3,3,4,3,4,4,2,1,2,1,2,3,4,4,4,2,3,2,1,3,1,4,4,4,4,1,1,1,1,1,4,4,4,2,4,2,1,3,3,2,4,2,1,1,3,4,2,2,1,1,4,2,1,1,2,2,4,2,2,3,4,2,1,1,1,3,1,2,2,2,2,4,1,2,4,2,4,2,3,3,2,1,1,4,4,4,3,1,3,4,4,2,2,2,3,1,4,1,3,1,1,2,2,2,1,4,1,2,2,4,4,2,2,3,3,4,4,3,1,1,3,1,2,1,4,3,1,1,2,2,3,4,4,2,1,2,1,2,2,3,2,1,1,3,1,3,1,3,1,1,4,3,2,1,1,3,2,2,4,4,2,3,3,1,4,4,4,2,3,2,3,4,3,3,4,3,2,1,1,1,2,3,2,3,4,3,1,4,3,4,3,2,3,1,2,2,1,1,1,4,3,2,2,4,3,1,4,3,3,2,2,3,4,2,3,3,2,2,2,2,4,1,2,4,3,1,2,3,4,4,1,1,3,1,3,2,3,2,1,1,1,3,4,4,2,1,1,2,3,2,2,2,2,3,3,3,1,1,2,2,2,4,2,4,1,3,1,2,3,4,3,3,2,4,3,4,3,1,3,2,2,2,4,1,4,3,4,4,2,3,4,4,2,2,2,3,3,2,1,4,2,2,3,1,1,4,2,2,4,1,1,2,2,3,2,1,2,2,4,1,1,1,1,3,4,1,4,3,3,1,2,1,4,1,1,2,3,4,3,2,1,3,1,1,3,4,2,4,3,2,1,1,1,1,1,1,2,3,4,2,4,3,4,3,1,2,2,3,1,3,1,3,3,1,2,1,3,3,2,1,2,4,4,4,4,1,4,2,4,4,3,2,2,2,4,2,2,3,2,4,2,3,2,4,2,2,2,4,3,1,4,4,1,2,1,1,1,2,3,1,1,3,3,3,4,3,4,3,3,3,4,1,3,3,4,1,4,1,3,4,1,4,2,2,3,4,4,3,2,3,2,2,3,4,3,1,2,4,3,3,4,2,1,1,3,1,4,3,1,3,2,1,4,1,1,3,3,2,3,3,1,3,2,4,2,2,1,1,2,1,1,4,4,1,2,1,2,2,2,3,4,1,2,4,1,1,3,4,2,2,4,3,4,2,3,1,4,3,3,2,1,1,4,3,2,2,3,1,4,1,3,1,1,4,1,4,4,3,4,3,2,3,2,1,2,2,2,1,1,1,2,3,4,1,1,3,3,3,1,4,2,3,4,1,2,3,2,1,3,4,4,2,4,4,1,1,4,2,4,1,2,2,3,3,4,3,1,2,1,3,1,2,3,1,1,3,2,4,1,2,3,1,2,2,2,2,1,2,1,3,4,1,3,2,3,2,1,2,1,1,1,4,3,4,2,2,1,1,1,2,2,2,4,4,2,1,4,4,1,3,3,2,4,3,3,3,1,1,1,2,2,3,3,4,1,1,1,2,3,2,2,4,1,2,3,3,1,2,2,3,1,3,1,1,3,2,2,1,3,2,4,2,1,2,3,4,4,2,1,2,2,4,3,4,1,4,3,1,1,2,3,4,1,3,3,1,3,2,1,3,2,3,3,2,2,2,3,3,1,3,1,4,1,1,4,1,1,4,4,2,1,2,4,1,2,4,2,1,4,1,4,1,2,1,2,1,3,2,1,1,1,3,4,1,3,1,2,2,1,2,4,1,4,1,2,3,1,2,2,3,1,3,3,1,3,4"
92,0.9886279079380575,0.5196078431372549,2329.0,"2,2,3,4,1,1,4,1,1,2,4,1,1,4,2,2,3,4,1,1,4,4,4,2,1,1,4,3,1,2,2,2,3,3,3,3,1,2,1,3,2,3,4,4,4,3,1,4,4,3,4,1,3,2,1,1,2,1,1,4,3,1,1,3,4,1,4,2,3,1,1,2,4,4,3,1,3,2,4,2,3,1,1,3,1,3,3,3,4,1,2,1,3,4,4,2,4,4,2,2,4,3,3,3,3,4,3,1,2,1,1,2,2,2,4,1,4,2,3,2,1,3,4,4,4,4,1,2,1,3,1,2,2,2,3,2,1,4,2,1,4,2,1,1,3,3,2,1,2,2,4,1,1,2,2,2,4,1,2,1,3,2,3,2,2,3,1,2,1,1,3,4,2,3,3,1,2,2,2,2,3,3,3,4,2,4,4,3,2,2,2,4,1,2,1,1,2,2,3,2,1,4,3,4,3,4,2,1,3,3,1,2,1,1,3,3,2,2,2,2,1,2,4,4,3,3,1,3,1,4,3,1,3,3,3,1,2,4,1,3,1,1,4,2,1,2,4,2,3,3,1,3,2,1,1,2,1,4,2,2,1,2,1,3,2,3,2,1,4,3,4,4,2,2,2,3,2,4,2,2,1,4,2,3,2,1,1,3,3,1,2,1,4,4,3,1,3,4,1,4,1,2,4,1,2,1,4,1,4,4,4,2,2,4,4,2,2,3,2,3,4,3,4,1,2,4,1,2,4,1,1,2,3,3,3,4,2,3,1,1,1,4,3,3,2,2,1,2,4,1,3,4,3,4,1,2,2,2,2,1,2,3,2,4,3,3,1,2,2,1,4,1,4,2,1,2,4,1,1,4,4,3,2,2,1,1,3,4,3,3,4,2,4,1,1,3,2,2,3,3,2,4,1,3,2,3,1,2,3,3,1,4,3,3,1,1,4,2,1,4,1,4,1,3,2,3,2,4,3,3,4,1,3,2,3,3,2,1,3,3,2,1,4,3,4,3,1,3,1,3,4,3,4,2,2,3,4,2,3,3,2,4,1,3,1,2,3,2,1,3,2,4,4,3,2,4,3,2,2,3,4,2,4,4,3,4,3,2,4,2,1,2,1,3,3,1,1,3,3,2,3,3,4,1,2,1,3,3,2,1,3,1,2,1,1,2,4,2,3,1,1,1,4,4,1,4,2,2,1,4,2,4,2,2,2,1,4,2,3,3,2,4,1,1,1,2,1,1,2,2,2,2,1,3,4,1,3,4,3,2,1,4,3,1,1,2,2,3,3,2,2,1,4,1,1,1,2,4,2,1,2,4,2,3,3,2,1,1,4,1,3,4,1,4,3,2,2,1,4,2,3,2,3,1,1,2,2,3,3,3,2,2,3,1,2,3,2,4,1,1,3,3,2,1,3,3,1,3,1,3,2,3,1,1,3,2,1,1,1,2,4,3,2,4,3,2,4,3,3,2,4,2,4,1,1,3,3,3,3,4,4,3,4,1,1,4,2,1,2,1,4,4,3,3,1,2,2,2,1,2,4,2,1,3,3,4,1,4,1,1,3,2,1,4,3,1,4,1,1,1,4,4,3,4,3,3,3,2,2,3,4,3,1,3,4,3,1,2,4,4,4,3,3,2,1,4,2,1,2,3,1,2,1,1,2,4,2,4,2,1,2,1,3,1,3,4,2,3,2,3,3,3,4,1,4,3,2,1,3,1,3,1,1,4,2,4,1,1,2,3,1,4,4,2,1,3,4,3,2,3,2,4,2,1,3,4,1,3,2,2,3,2,3,1,3,4,4,2,3,1,2,2,1,4,1,1,1,1,3,1,4,1,4,3,2,4,3,1,3,1,4,1,3,4,1,1,1,2,2,3,3,1,4,2,1,4,3,2,1,2,2,1,4,3,2,1,2,2,3,4,2,3,1,1,1,3,2,1,3,4,3,3,4,3,1,2,3,3,1,1,4,3,3,3,2,3,1,3,1,1,1,2,3,1,3,2,3,4,1,2,1,1,4,3,4,1,4,2,1,1,3,2,2,3,3,3,4,3,4,4,2,1,2,1,2,3,4,4,4,2,3,2,1,3,1,4,4,4,4,1,1,1,1,1,4,4,4,2,4,2,1,3,3,2,4,2,1,1,3,4,2,2,1,1,4,2,1,1,2,2,4,2,2,3,4,2,1,1,1,3,1,2,2,2,2,4,1,2,4,2,4,2,3,3,2,1,1,4,4,4,3,1,3,4,4,2,2,2,3,1,4,1,3,1,1,2,2,2,1,4,1,2,2,4,4,2,2,3,3,4,4,3,1,1,3,1,2,1,4,3,1,1,2,2,3,4,4,2,1,2,1,2,2,3,2,1,1,3,1,3,1,3,1,1,4,3,2,1,1,3,2,2,4,4,2,3,3,1,4,4,4,2,3,2,3,4,3,3,4,3,2,1,1,1,2,3,2,3,4,3,1,4,3,4,3,2,3,1,2,2,1,1,1,4,3,2,2,4,3,1,4,3,3,2,2,3,4,2,3,3,2,2,2,2,4,1,2,4,3,1,2,3,4,4,1,1,3,1,3,2,3,2,1,1,1,3,4,4,2,1,1,2,3,2,2,2,2,3,3,3,1,1,2,2,2,4,2,4,1,3,1,2,3,4,3,3,2,4,3,4,3,1,3,2,2,2,4,1,4,3,4,4,2,3,4,4,2,2,2,3,3,2,1,4,2,2,3,1,1,4,2,2,4,1,1,2,2,3,2,1,2,2,4,1,1,1,1,3,4,1,4,3,3,1,2,1,4,1,1,2,3,4,3,2,1,3,1,1,3,4,2,4,3,2,1,1,1,1,1,1,2,3,4,2,4,3,4,3,1,2,2,3,1,3,1,3,3,1,2,1,3,3,2,1,2,4,4,4,4,1,4,2,4,4,3,2,2,2,4,2,2,3,2,4,2,3,2,4,2,2,2,4,3,1,4,4,1,2,1,1,1,2,3,1,1,3,3,3,4,3,4,3,3,3,4,1,3,3,4,1,4,1,3,4,1,4,2,2,3,4,4,3,2,3,2,2,3,4,3,1,2,4,3,3,4,2,1,1,3,1,4,3,1,3,2,1,4,1,1,3,3,2,3,3,1,3,2,4,2,2,1,1,2,1,1,4,4,1,2,1,2,2,2,3,4,1,2,4,1,1,3,4,2,2,4,3,4,2,3,1,4,3,3,2,1,1,4,3,2,2,3,1,4,1,3,1,1,4,1,4,4,3,4,3,2,3,2,1,2,2,2,1,1,1,2,3,4,1,1,3,3,3,1,4,2,3,4,1,2,3,2,1,3,4,4,2,4,4,1,1,4,2,4,1,2,2,3,3,4,3,1,2,1,3,1,2,3,1,1,3,2,4,1,2,3,1,2,2,2,2,1,2,1,3,4,1,3,2,3,2,1,2,1,1,1,4,3,4,2,2,1,1,1,2,2,2,4,4,2,1,4,4,1,3,3,2,4,3,3,3,1,1,1,2,2,3,3,4,1,1,1,2,3,2,2,4,1,2,3,3,1,2,2,3,1,3,1,1,3,2,2,1,3,2,4,2,1,2,3,4,4,2,1,2,2,4,3,4,1,4,3,1,1,2,3,4,1,3,3,1,3,2,1,3,2,3,3,2,2,2,3,3,1,3,1,4,1,1,4,1,1,4,4,2,1,2,4,1,2,4,2,1,4,1,4,1,2,1,2,1,3,2,1,1,1,3,4,1,3,1,2,2,1,2,4,1,4,1,2,3,1,2,2,3,1,3,3,1,3,4"
93,0.9886279079380575,0.5196078431372549,2329.0,"2,2,3,4,1,1,4,1,1,2,4,1,1,4,2,2,3,4,1,1,4,4,4,2,1,1,4,3,1,2,2,2,3,3,3,3,1,2,1,3,2,3,4,4,4,3,1,4,4,3,4,1,3,2,1,1,2,1,1,4,3,1,1,3,4,1,4,2,3,1,1,2,4,4,3,1,3,2,4,2,3,1,1,3,1,3,3,3,4,1,2,1,3,4,4,2,4,4,2,2,4,3,3,3,3,4,3,1,2,1,1,2,2,2,4,1,4,2,3,2,1,3,4,4,4,4,1,2,1,3,1,2,2,2,3,2,1,4,2,1,4,2,1,1,3,3,2,1,2,2,4,1,1,2,2,2,4,1,2,1,3,2,3,2,2,3,1,2,1,1,3,4,2,3,3,1,2,2,2,2,3,3,3,4,2,4,4,3,2,2,2,4,1,2,1,1,2,2,3,2,1,4,3,4,3,4,2,1,3,3,1,2,1,1,3,3,2,2,2,2,1,2,4,4,3,3,1,3,1,4,3,1,3,3,3,1,2,4,1,3,1,1,4,2,1,2,4,2,3,3,1,3,2,1,1,2,1,4,2,2,1,2,1,3,2,3,2,1,4,3,4,4,2,2,2,3,2,4,2,2,1,4,2,3,2,1,1,3,3,1,2,1,4,4,3,1,3,4,1,4,1,2,4,1,2,1,4,1,4,4,4,2,2,4,4,2,2,3,2,3,4,3,4,1,2,4,1,2,4,1,1,2,3,3,3,4,2,3,1,1,1,4,3,3,2,2,1,2,4,1,3,4,3,4,1,2,2,2,2,1,2,3,2,4,3,3,1,2,2,1,4,1,4,2,1,2,4,1,1,4,4,3,2,2,1,1,3,4,3,3,4,2,4,1,1,3,2,2,3,3,2,4,1,3,2,3,1,2,3,3,1,4,3,3,1,1,4,2,1,4,1,4,1,3,2,3,2,4,3,3,4,1,3,2,3,3,2,1,3,3,2,1,4,3,4,3,1,3,1,3,4,3,4,2,2,3,4,2,3,3,2,4,1,3,1,2,3,2,1,3,2,4,4,3,2,4,3,2,2,3,4,2,4,4,3,4,3,2,4,2,1,2,1,3,3,1,1,3,3,2,3,3,4,1,2,1,3,3,2,1,3,1,2,1,1,2,4,2,3,1,1,1,4,4,1,4,2,2,1,4,2,4,2,2,2,1,4,2,3,3,2,4,1,1,1,2,1,1,2,2,2,2,1,3,4,1,3,4,3,2,1,4,3,1,1,2,2,3,3,2,2,1,4,1,1,1,2,4,2,1,2,4,2,3,3,2,1,1,4,1,3,4,1,4,3,2,2,1,4,2,3,2,3,1,1,2,2,3,3,3,2,2,3,1,2,3,2,4,1,1,3,3,2,1,3,3,1,3,1,3,2,3,1,1,3,2,1,1,1,2,4,3,2,4,3,2,4,3,3,2,4,2,4,1,1,3,3,3,3,4,4,3,4,1,1,4,2,1,2,1,4,4,3,3,1,2,2,2,1,2,4,2,1,3,3,4,1,4,1,1,3,2,1,4,3,1,4,1,1,1,4,4,3,4,3,3,3,2,2,3,4,3,1,3,4,3,1,2,4,4,4,3,3,2,1,4,2,1,2,3,1,2,1,1,2,4,2,4,2,1,2,1,3,1,3,4,2,3,2,3,3,3,4,1,4,3,2,1,3,1,3,1,1,4,2,4,1,1,2,3,1,4,4,2,1,3,4,3,2,3,2,4,2,1,3,4,1,3,2,2,3,2,3,1,3,4,4,2,3,1,2,2,1,4,1,1,1,1,3,1,4,1,4,3,2,4,3,1,3,1,4,1,3,4,1,1,1,2,2,3,3,1,4,2,1,4,3,2,1,2,2,1,4,3,2,1,2,2,3,4,2,3,1,1,1,3,2,1,3,4,3,3,4,3,1,2,3,3,1,1,4,3,3,3,2,3,1,3,1,1,1,2,3,1,3,2,3,4,1,2,1,1,4,3,4,1,4,2,1,1,3,2,2,3,3,3,4,3,4,4,2,1,2,1,2,3,4,4,4,2,3,2,1,3,1,4,4,4,4,1,1,1,1,1,4,4,4,2,4,2,1,3,3,2,4,2,1,1,3,4,2,2,1,1,4,2,1,1,2,2,4,2,2,3,4,2,1,1,1,3,1,2,2,2,2,4,1,2,4,2,4,2,3,3,2,1,1,4,4,4,3,1,3,4,4,2,2,2,3,1,4,1,3,1,1,2,2,2,1,4,1,2,2,4,4,2,2,3,3,4,4,3,1,1,3,1,2,1,4,3,1,1,2,2,3,4,4,2,1,2,1,2,2,3,2,1,1,3,1,3,1,3,1,1,4,3,2,1,1,3,2,2,4,4,2,3,3,1,4,4,4,2,3,2,3,4,3,3,4,3,2,1,1,1,2,3,2,3,4,3,1,4,3,4,3,2,3,1,2,2,1,1,1,4,3,2,2,4,3,1,4,3,3,2,2,3,4,2,3,3,2,2,2,2,4,1,2,4,3,1,2,3,4,4,1,1,3,1,3,2,3,2,1,1,1,3,4,4,2,1,1,2,3,2,2,2,2,3,3,3,1,1,2,2,2,4,2,4,1,3,1,2,3,4,3,3,2,4,3,4,3,1,3,2,2,2,4,1,4,3,4,4,2,3,4,4,2,2,2,3,3,2,1,4,2,2,3,1,1,4,2,2,4,1,1,2,2,3,2,1,2,2,4,1,1,1,1,3,4,1,4,3,3,1,2,1,4,1,1,2,3,4,3,2,1,3,1,1,3,4,2,4,3,2,1,1,1,1,1,1,2,3,4,2,4,3,4,3,1,2,2,3,1,3,1,3,3,1,2,1,3,3,2,1,2,4,4,4,4,1,4,2,4,4,3,2,2,2,4,2,2,3,2,4,2,3,2,4,2,2,2,4,3,1,4,4,1,2,1,1,1,2,3,1,1,3,3,3,4,3,4,3,3,3,4,1,3,3,4,1,4,1,3,4,1,4,2,2,3,4,4,3,2,3,2,2,3,4,3,1,2,4,3,3,4,2,1,1,3,1,4,3,1,3,2,1,4,1,1,3,3,2,3,3,1,3,2,4,2,2,1,1,2,1,1,4,4,1,2,1,2,2,2,3,4,1,2,4,1,1,3,4,2,2,4,3,4,2,3,1,4,3,3,2,1,1,4,3,2,2,3,1,4,1,3,1,1,4,1,4,4,3,4,3,2,3,2,1,2,2,2,1,1,1,2,3,4,1,1,3,3,3,1,4,2,3,4,1,2,3,2,1,3,4,4,2,4,4,1,1,4,2,4,1,2,2,3,3,4,3,1,2,1,3,1,2,3,1,1,3,2,4,1,2,3,1,2,2,2,2,1,2,1,3,4,1,3,2,3,2,1,2,1,1,1,4,3,4,2,2,1,1,1,2,2,2,4,4,2,1,4,4,1,3,3,2,4,3,3,3,1,1,1,2,2,3,3,4,1,1,1,2,3,2,2,4,1,2,3,3,1,2,2,3,1,3,1,1,3,2,2,1,3,2,4,2,1,2,3,4,4,2,1,2,2,4,3,4,1,4,3,1,1,2,3,4,1,3,3,1,3,2,1,3,2,3,3,2,2,2,3,3,1,3,1,4,1,1,4,1,1,4,4,2,1,2,4,1,2,4,2,1,4,1,4,1,2,1,2,1,3,2,1,1,1,3,4,1,3,1,2,2,1,2,4,1,4,1,2,3,1,2,2,3,1,3,3,1,3,4"
94,0.9886279079380575,0.5196078431372549,2329.0,"2,2,3,4,1,1,4,1,1,2,4,1,1,4,2,2,3,4,1,1,4,4,4,2,1,1,4,3,1,2,2,2,3,3,3,3,1,2,1,3,2,3,4,4,4,3,1,4,4,3,4,1,3,2,1,1,2,1,1,4,3,1,1,3,4,1,4,2,3,1,1,2,4,4,3,1,3,2,4,2,3,1,1,3,1,3,3,3,4,1,2,1,3,4,4,2,4,4,2,2,4,3,3,3,3,4,3,1,2,1,1,2,2,2,4,1,4,2,3,2,1,3,4,4,4,4,1,2,1,3,1,2,2,2,3,2,1,4,2,1,4,2,1,1,3,3,2,1,2,2,4,1,1,2,2,2,4,1,2,1,3,2,3,2,2,3,1,2,1,1,3,4,2,3,3,1,2,2,2,2,3,3,3,4,2,4,4,3,2,2,2,4,1,2,1,1,2,2,3,2,1,4,3,4,3,4,2,1,3,3,1,2,1,1,3,3,2,2,2,2,1,2,4,4,3,3,1,3,1,4,3,1,3,3,3,1,2,4,1,3,1,1,4,2,1,2,4,2,3,3,1,3,2,1,1,2,1,4,2,2,1,2,1,3,2,3,2,1,4,3,4,4,2,2,2,3,2,4,2,2,1,4,2,3,2,1,1,3,3,1,2,1,4,4,3,1,3,4,1,4,1,2,4,1,2,1,4,1,4,4,4,2,2,4,4,2,2,3,2,3,4,3,4,1,2,4,1,2,4,1,1,2,3,3,3,4,2,3,1,1,1,4,3,3,2,2,1,2,4,1,3,4,3,4,1,2,2,2,2,1,2,3,2,4,3,3,1,2,2,1,4,1,4,2,1,2,4,1,1,4,4,3,2,2,1,1,3,4,3,3,4,2,4,1,1,3,2,2,3,3,2,4,1,3,2,3,1,2,3,3,1,4,3,3,1,1,4,2,1,4,1,4,1,3,2,3,2,4,3,3,4,1,3,2,3,3,2,1,3,3,2,1,4,3,4,3,1,3,1,3,4,3,4,2,2,3,4,2,3,3,2,4,1,3,1,2,3,2,1,3,2,4,4,3,2,4,3,2,2,3,4,2,4,4,3,4,3,2,4,2,1,2,1,3,3,1,1,3,3,2,3,3,4,1,2,1,3,3,2,1,3,1,2,1,1,2,4,2,3,1,1,1,4,4,1,4,2,2,1,4,2,4,2,2,2,1,4,2,3,3,2,4,1,1,1,2,1,1,2,2,2,2,1,3,4,1,3,4,3,2,1,4,3,1,1,2,2,3,3,2,2,1,4,1,1,1,2,4,2,1,2,4,2,3,3,2,1,1,4,1,3,4,1,4,3,2,2,1,4,2,3,2,3,1,1,2,2,3,3,3,2,2,3,1,2,3,2,4,1,1,3,3,2,1,3,3,1,3,1,3,2,3,1,1,3,2,1,1,1,2,4,3,2,4,3,2,4,3,3,2,4,2,4,1,1,3,3,3,3,4,4,3,4,1,1,4,2,1,2,1,4,4,3,3,1,2,2,2,1,2,4,2,1,3,3,4,1,4,1,1,3,2,1,4,3,1,4,1,1,1,4,4,3,4,3,3,3,2,2,3,4,3,1,3,4,3,1,2,4,4,4,3,3,2,1,4,2,1,2,3,1,2,1,1,2,4,2,4,2,1,2,1,3,1,3,4,2,3,2,3,3,3,4,1,4,3,2,1,3,1,3,1,1,4,2,4,1,1,2,3,1,4,4,2,1,3,4,3,2,3,2,4,2,1,3,4,1,3,2,2,3,2,3,1,3,4,4,2,3,1,2,2,1,4,1,1,1,1,3,1,4,1,4,3,2,4,3,1,3,1,4,1,3,4,1,1,1,2,2,3,3,1,4,2,1,4,3,2,1,2,2,1,4,3,2,1,2,2,3,4,2,3,1,1,1,3,2,1,3,4,3,3,4,3,1,2,3,3,1,1,4,3,3,3,2,3,1,3,1,1,1,2,3,1,3,2,3,4,1,2,1,1,4,3,4,1,4,2,1,1,3,2,2,3,3,3,4,3,4,4,2,1,2,1,2,3,4,4,4,2,3,2,1,3,1,4,4,4,4,1,1,1,1,1,4,4,4,2,4,2,1,3,3,2,4,2,1,1,3,4,2,2,1,1,4,2,1,1,2,2,4,2,2,3,4,2,1,1,1,3,1,2,2,2,2,4,1,2,4,2,4,2,3,3,2,1,1,4,4,4,3,1,3,4,4,2,2,2,3,1,4,1,3,1,1,2,2,2,1,4,1,2,2,4,4,2,2,3,3,4,4,3,1,1,3,1,2,1,4,3,1,1,2,2,3,4,4,2,1,2,1,2,2,3,2,1,1,3,1,3,1,3,1,1,4,3,2,1,1,3,2,2,4,4,2,3,3,1,4,4,4,2,3,2,3,4,3,3,4,3,2,1,1,1,2,3,2,3,4,3,1,4,3,4,3,2,3,1,2,2,1,1,1,4,3,2,2,4,3,1,4,3,3,2,2,3,4,2,3,3,2,2,2,2,4,1,2,4,3,1,2,3,4,4,1,1,3,1,3,2,3,2,1,1,1,3,4,4,2,1,1,2,3,2,2,2,2,3,3,3,1,1,2,2,2,4,2,4,1,3,1,2,3,4,3,3,2,4,3,4,3,1,3,2,2,2,4,1,4,3,4,4,2,3,4,4,2,2,2,3,3,2,1,4,2,2,3,1,1,4,2,2,4,1,1,2,2,3,2,1,2,2,4,1,1,1,1,3,4,1,4,3,3,1,2,1,4,1,1,2,3,4,3,2,1,3,1,1,3,4,2,4,3,2,1,1,1,1,1,1,2,3,4,2,4,3,4,3,1,2,2,3,1,3,1,3,3,1,2,1,3,3,2,1,2,4,4,4,4,1,4,2,4,4,3,2,2,2,4,2,2,3,2,4,2,3,2,4,2,2,2,4,3,1,4,4,1,2,1,1,1,2,3,1,1,3,3,3,4,3,4,3,3,3,4,1,3,3,4,1,4,1,3,4,1,4,2,2,3,4,4,3,2,3,2,2,3,4,3,1,2,4,3,3,4,2,1,1,3,1,4,3,1,3,2,1,4,1,1,3,3,2,3,3,1,3,2,4,2,2,1,1,2,1,1,4,4,1,2,1,2,2,2,3,4,1,2,4,1,1,3,4,2,2,4,3,4,2,3,1,4,3,3,2,1,1,4,3,2,2,3,1,4,1,3,1,1,4,1,4,4,3,4,3,2,3,2,1,2,2,2,1,1,1,2,3,4,1,1,3,3,3,1,4,2,3,4,1,2,3,2,1,3,4,4,2,4,4,1,1,4,2,4,1,2,2,3,3,4,3,1,2,1,3,1,2,3,1,1,3,2,4,1,2,3,1,2,2,2,2,1,2,1,3,4,1,3,2,3,2,1,2,1,1,1,4,3,4,2,2,1,1,1,2,2,2,4,4,2,1,4,4,1,3,3,2,4,3,3,3,1,1,1,2,2,3,3,4,1,1,1,2,3,2,2,4,1,2,3,3,1,2,2,3,1,3,1,1,3,2,2,1,3,2,4,2,1,2,3,4,4,2,1,2,2,4,3,4,1,4,3,1,1,2,3,4,1,3,3,1,3,2,1,3,2,3,3,2,2,2,3,3,1,3,1,4,1,1,4,1,1,4,4,2,1,2,4,1,2,4,2,1,4,1,4,1,2,1,2,1,3,2,1,1,1,3,4,1,3,1,2,2,1,2,4,1,4,1,2,3,1,2,2,3,1,3,3,1,3,4"
95,0.9886279079380575,0.5196078431372549,2329.0,"2,2,3,4,1,1,4,1,1,2,4,1,1,4,2,2,3,4,1,1,4,4,4,2,1,1,4,3,1,2,2,2,3,3,3,3,1,2,1,3,2,3,4,4,4,3,1,4,4,3,4,1,3,2,1,1,2,1,1,4,3,1,1,3,4,1,4,2,3,1,1,2,4,4,3,1,3,2,4,2,3,1,1,3,1,3,3,3,4,1,2,1,3,4,4,2,4,4,2,2,4,3,3,3,3,4,3,1,2,1,1,2,2,2,4,1,4,2,3,2,1,3,4,4,4,4,1,2,1,3,1,2,2,2,3,2,1,4,2,1,4,2,1,1,3,3,2,1,2,2,4,1,1,2,2,2,4,1,2,1,3,2,3,2,2,3,1,2,1,1,3,4,2,3,3,1,2,2,2,2,3,3,3,4,2,4,4,3,2,2,2,4,1,2,1,1,2,2,3,2,1,4,3,4,3,4,2,1,3,3,1,2,1,1,3,3,2,2,2,2,1,2,4,4,3,3,1,3,1,4,3,1,3,3,3,1,2,4,1,3,1,1,4,2,1,2,4,2,3,3,1,3,2,1,1,2,1,4,2,2,1,2,1,3,2,3,2,1,4,3,4,4,2,2,2,3,2,4,2,2,1,4,2,3,2,1,1,3,3,1,2,1,4,4,3,1,3,4,1,4,1,2,4,1,2,1,4,1,4,4,4,2,2,4,4,2,2,3,2,3,4,3,4,1,2,4,1,2,4,1,1,2,3,3,3,4,2,3,1,1,1,4,3,3,2,2,1,2,4,1,3,4,3,4,1,2,2,2,2,1,2,3,2,4,3,3,1,2,2,1,4,1,4,2,1,2,4,1,1,4,4,3,2,2,1,1,3,4,3,3,4,2,4,1,1,3,2,2,3,3,2,4,1,3,2,3,1,2,3,3,1,4,3,3,1,1,4,2,1,4,1,4,1,3,2,3,2,4,3,3,4,1,3,2,3,3,2,1,3,3,2,1,4,3,4,3,1,3,1,3,4,3,4,2,2,3,4,2,3,3,2,4,1,3,1,2,3,2,1,3,2,4,4,3,2,4,3,2,2,3,4,2,4,4,3,4,3,2,4,2,1,2,1,3,3,1,1,3,3,2,3,3,4,1,2,1,3,3,2,1,3,1,2,1,1,2,4,2,3,1,1,1,4,4,1,4,2,2,1,4,2,4,2,2,2,1,4,2,3,3,2,4,1,1,1,2,1,1,2,2,2,2,1,3,4,1,3,4,3,2,1,4,3,1,1,2,2,3,3,2,2,1,4,1,1,1,2,4,2,1,2,4,2,3,3,2,1,1,4,1,3,4,1,4,3,2,2,1,4,2,3,2,3,1,1,2,2,3,3,3,2,2,3,1,2,3,2,4,1,1,3,3,2,1,3,3,1,3,1,3,2,3,1,1,3,2,1,1,1,2,4,3,2,4,3,2,4,3,3,2,4,2,4,1,1,3,3,3,3,4,4,3,4,1,1,4,2,1,2,1,4,4,3,3,1,2,2,2,1,2,4,2,1,3,3,4,1,4,1,1,3,2,1,4,3,1,4,1,1,1,4,4,3,4,3,3,3,2,2,3,4,3,1,3,4,3,1,2,4,4,4,3,3,2,1,4,2,1,2,3,1,2,1,1,2,4,2,4,2,1,2,1,3,1,3,4,2,3,2,3,3,3,4,1,4,3,2,1,3,1,3,1,1,4,2,4,1,1,2,3,1,4,4,2,1,3,4,3,2,3,2,4,2,1,3,4,1,3,2,2,3,2,3,1,3,4,4,2,3,1,2,2,1,4,1,1,1,1,3,1,4,1,4,3,2,4,3,1,3,1,4,1,3,4,1,1,1,2,2,3,3,1,4,2,1,4,3,2,1,2,2,1,4,3,2,1,2,2,3,4,2,3,1,1,1,3,2,1,3,4,3,3,4,3,1,2,3,3,1,1,4,3,3,3,2,3,1,3,1,1,1,2,3,1,3,2,3,4,1,2,1,1,4,3,4,1,4,2,1,1,3,2,2,3,3,3,4,3,4,4,2,1,2,1,2,3,4,4,4,2,3,2,1,3,1,4,4,4,4,1,1,1,1,1,4,4,4,2,4,2,1,3,3,2,4,2,1,1,3,4,2,2,1,1,4,2,1,1,2,2,4,2,2,3,4,2,1,1,1,3,1,2,2,2,2,4,1,2,4,2,4,2,3,3,2,1,1,4,4,4,3,1,3,4,4,2,2,2,3,1,4,1,3,1,1,2,2,2,1,4,1,2,2,4,4,2,2,3,3,4,4,3,1,1,3,1,2,1,4,3,1,1,2,2,3,4,4,2,1,2,1,2,2,3,2,1,1,3,1,3,1,3,1,1,4,3,2,1,1,3,2,2,4,4,2,3,3,1,4,4,4,2,3,2,3,4,3,3,4,3,2,1,1,1,2,3,2,3,4,3,1,4,3,4,3,2,3,1,2,2,1,1,1,4,3,2,2,4,3,1,4,3,3,2,2,3,4,2,3,3,2,2,2,2,4,1,2,4,3,1,2,3,4,4,1,1,3,1,3,2,3,2,1,1,1,3,4,4,2,1,1,2,3,2,2,2,2,3,3,3,1,1,2,2,2,4,2,4,1,3,1,2,3,4,3,3,2,4,3,4,3,1,3,2,2,2,4,1,4,3,4,4,2,3,4,4,2,2,2,3,3,2,1,4,2,2,3,1,1,4,2,2,4,1,1,2,2,3,2,1,2,2,4,1,1,1,1,3,4,1,4,3,3,1,2,1,4,1,1,2,3,4,3,2,1,3,1,1,3,4,2,4,3,2,1,1,1,1,1,1,2,3,4,2,4,3,4,3,1,2,2,3,1,3,1,3,3,1,2,1,3,3,2,1,2,4,4,4,4,1,4,2,4,4,3,2,2,2,4,2,2,3,2,4,2,3,2,4,2,2,2,4,3,1,4,4,1,2,1,1,1,2,3,1,1,3,3,3,4,3,4,3,3,3,4,1,3,3,4,1,4,1,3,4,1,4,2,2,3,4,4,3,2,3,2,2,3,4,3,1,2,4,3,3,4,2,1,1,3,1,4,3,1,3,2,1,4,1,1,3,3,2,3,3,1,3,2,4,2,2,1,1,2,1,1,4,4,1,2,1,2,2,2,3,4,1,2,4,1,1,3,4,2,2,4,3,4,2,3,1,4,3,3,2,1,1,4,3,2,2,3,1,4,1,3,1,1,4,1,4,4,3,4,3,2,3,2,1,2,2,2,1,1,1,2,3,4,1,1,3,3,3,1,4,2,3,4,1,2,3,2,1,3,4,4,2,4,4,1,1,4,2,4,1,2,2,3,3,4,3,1,2,1,3,1,2,3,1,1,3,2,4,1,2,3,1,2,2,2,2,1,2,1,3,4,1,3,2,3,2,1,2,1,1,1,4,3,4,2,2,1,1,1,2,2,2,4,4,2,1,4,4,1,3,3,2,4,3,3,3,1,1,1,2,2,3,3,4,1,1,1,2,3,2,2,4,1,2,3,3,1,2,2,3,1,3,1,1,3,2,2,1,3,2,4,2,1,2,3,4,4,2,1,2,2,4,3,4,1,4,3,1,1,2,3,4,1,3,3,1,3,2,1,3,2,3,3,2,2,2,3,3,1,3,1,4,1,1,4,1,1,4,4,2,1,2,4,1,2,4,2,1,4,1,4,1,2,1,2,1,3,2,1,1,1,3,4,1,3,1,2,2,1,2,4,1,4,1,2,3,1,2,2,3,1,3,3,1,3,4"
96,0.9886279079380575,0.5196078431372549,2329.0,"2,2,3,4,1,1,4,1,1,2,4,1,1,4,2,2,3,4,1,1,4,4,4,2,1,1,4,3,1,2,2,2,3,3,3,3,1,2,1,3,2,3,4,4,4,3,1,4,4,3,4,1,3,2,1,1,2,1,1,4,3,1,1,3,4,1,4,2,3,1,1,2,4,4,3,1,3,2,4,2,3,1,1,3,1,3,3,3,4,1,2,1,3,4,4,2,4,4,2,2,4,3,3,3,3,4,3,1,2,1,1,2,2,2,4,1,4,2,3,2,1,3,4,4,4,4,1,2,1,3,1,2,2,2,3,2,1,4,2,1,4,2,1,1,3,3,2,1,2,2,4,1,1,2,2,2,4,1,2,1,3,2,3,2,2,3,1,2,1,1,3,4,2,3,3,1,2,2,2,2,3,3,3,4,2,4,4,3,2,2,2,4,1,2,1,1,2,2,3,2,1,4,3,4,3,4,2,1,3,3,1,2,1,1,3,3,2,2,2,2,1,2,4,4,3,3,1,3,1,4,3,1,3,3,3,1,2,4,1,3,1,1,4,2,1,2,4,2,3,3,1,3,2,1,1,2,1,4,2,2,1,2,1,3,2,3,2,1,4,3,4,4,2,2,2,3,2,4,2,2,1,4,2,3,2,1,1,3,3,1,2,1,4,4,3,1,3,4,1,4,1,2,4,1,2,1,4,1,4,4,4,2,2,4,4,2,2,3,2,3,4,3,4,1,2,4,1,2,4,1,1,2,3,3,3,4,2,3,1,1,1,4,3,3,2,2,1,2,4,1,3,4,3,4,1,2,2,2,2,1,2,3,2,4,3,3,1,2,2,1,4,1,4,2,1,2,4,1,1,4,4,3,2,2,1,1,3,4,3,3,4,2,4,1,1,3,2,2,3,3,2,4,1,3,2,3,1,2,3,3,1,4,3,3,1,1,4,2,1,4,1,4,1,3,2,3,2,4,3,3,4,1,3,2,3,3,2,1,3,3,2,1,4,3,4,3,1,3,1,3,4,3,4,2,2,3,4,2,3,3,2,4,1,3,1,2,3,2,1,3,2,4,4,3,2,4,3,2,2,3,4,2,4,4,3,4,3,2,4,2,1,2,1,3,3,1,1,3,3,2,3,3,4,1,2,1,3,3,2,1,3,1,2,1,1,2,4,2,3,1,1,1,4,4,1,4,2,2,1,4,2,4,2,2,2,1,4,2,3,3,2,4,1,1,1,2,1,1,2,2,2,2,1,3,4,1,3,4,3,2,1,4,3,1,1,2,2,3,3,2,2,1,4,1,1,1,2,4,2,1,2,4,2,3,3,2,1,1,4,1,3,4,1,4,3,2,2,1,4,2,3,2,3,1,1,2,2,3,3,3,2,2,3,1,2,3,2,4,1,1,3,3,2,1,3,3,1,3,1,3,2,3,1,1,3,2,1,1,1,2,4,3,2,4,3,2,4,3,3,2,4,2,4,1,1,3,3,3,3,4,4,3,4,1,1,4,2,1,2,1,4,4,3,3,1,2,2,2,1,2,4,2,1,3,3,4,1,4,1,1,3,2,1,4,3,1,4,1,1,1,4,4,3,4,3,3,3,2,2,3,4,3,1,3,4,3,1,2,4,4,4,3,3,2,1,4,2,1,2,3,1,2,1,1,2,4,2,4,2,1,2,1,3,1,3,4,2,3,2,3,3,3,4,1,4,3,2,1,3,1,3,1,1,4,2,4,1,1,2,3,1,4,4,2,1,3,4,3,2,3,2,4,2,1,3,4,1,3,2,2,3,2,3,1,3,4,4,2,3,1,2,2,1,4,1,1,1,1,3,1,4,1,4,3,2,4,3,1,3,1,4,1,3,4,1,1,1,2,2,3,3,1,4,2,1,4,3,2,1,2,2,1,4,3,2,1,2,2,3,4,2,3,1,1,1,3,2,1,3,4,3,3,4,3,1,2,3,3,1,1,4,3,3,3,2,3,1,3,1,1,1,2,3,1,3,2,3,4,1,2,1,1,4,3,4,1,4,2,1,1,3,2,2,3,3,3,4,3,4,4,2,1,2,1,2,3,4,4,4,2,3,2,1,3,1,4,4,4,4,1,1,1,1,1,4,4,4,2,4,2,1,3,3,2,4,2,1,1,3,4,2,2,1,1,4,2,1,1,2,2,4,2,2,3,4,2,1,1,1,3,1,2,2,2,2,4,1,2,4,2,4,2,3,3,2,1,1,4,4,4,3,1,3,4,4,2,2,2,3,1,4,1,3,1,1,2,2,2,1,4,1,2,2,4,4,2,2,3,3,4,4,3,1,1,3,1,2,1,4,3,1,1,2,2,3,4,4,2,1,2,1,2,2,3,2,1,1,3,1,3,1,3,1,1,4,3,2,1,1,3,2,2,4,4,2,3,3,1,4,4,4,2,3,2,3,4,3,3,4,3,2,1,1,1,2,3,2,3,4,3,1,4,3,4,3,2,3,1,2,2,1,1,1,4,3,2,2,4,3,1,4,3,3,2,2,3,4,2,3,3,2,2,2,2,4,1,2,4,3,1,2,3,4,4,1,1,3,1,3,2,3,2,1,1,1,3,4,4,2,1,1,2,3,2,2,2,2,3,3,3,1,1,2,2,2,4,2,4,1,3,1,2,3,4,3,3,2,4,3,4,3,1,3,2,2,2,4,1,4,3,4,4,2,3,4,4,2,2,2,3,3,2,1,4,2,2,3,1,1,4,2,2,4,1,1,2,2,3,2,1,2,2,4,1,1,1,1,3,4,1,4,3,3,1,2,1,4,1,1,2,3,4,3,2,1,3,1,1,3,4,2,4,3,2,1,1,1,1,1,1,2,3,4,2,4,3,4,3,1,2,2,3,1,3,1,3,3,1,2,1,3,3,2,1,2,4,4,4,4,1,4,2,4,4,3,2,2,2,4,2,2,3,2,4,2,3,2,4,2,2,2,4,3,1,4,4,1,2,1,1,1,2,3,1,1,3,3,3,4,3,4,3,3,3,4,1,3,3,4,1,4,1,3,4,1,4,2,2,3,4,4,3,2,3,2,2,3,4,3,1,2,4,3,3,4,2,1,1,3,1,4,3,1,3,2,1,4,1,1,3,3,2,3,3,1,3,2,4,2,2,1,1,2,1,1,4,4,1,2,1,2,2,2,3,4,1,2,4,1,1,3,4,2,2,4,3,4,2,3,1,4,3,3,2,1,1,4,3,2,2,3,1,4,1,3,1,1,4,1,4,4,3,4,3,2,3,2,1,2,2,2,1,1,1,2,3,4,1,1,3,3,3,1,4,2,3,4,1,2,3,2,1,3,4,4,2,4,4,1,1,4,2,4,1,2,2,3,3,4,3,1,2,1,3,1,2,3,1,1,3,2,4,1,2,3,1,2,2,2,2,1,2,1,3,4,1,3,2,3,2,1,2,1,1,1,4,3,4,2,2,1,1,1,2,2,2,4,4,2,1,4,4,1,3,3,2,4,3,3,3,1,1,1,2,2,3,3,4,1,1,1,2,3,2,2,4,1,2,3,3,1,2,2,3,1,3,1,1,3,2,2,1,3,2,4,2,1,2,3,4,4,2,1,2,2,4,3,4,1,4,3,1,1,2,3,4,1,3,3,1,3,2,1,3,2,3,3,2,2,2,3,3,1,3,1,4,1,1,4,1,1,4,4,2,1,2,4,1,2,4,2,1,4,1,4,1,2,1,2,1,3,2,1,1,1,3,4,1,3,1,2,2,1,2,4,1,4,1,2,3,1,2,2,3,1,3,3,1,3,4"
97,0.9886279079380575,0.5196078431372549,2329.0,"2,2,3,4,1,1,4,1,1,2,4,1,1,4,2,2,3,4,1,1,4,4,4,2,1,1,4,3,1,2,2,2,3,3,3,3,1,2,1,3,2,3,4,4,4,3,1,4,4,3,4,1,3,2,1,1,2,1,1,4,3,1,1,3,4,1,4,2,3,1,1,2,4,4,3,1,3,2,4,2,3,1,1,3,1,3,3,3,4,1,2,1,3,4,4,2,4,4,2,2,4,3,3,3,3,4,3,1,2,1,1,2,2,2,4,1,4,2,3,2,1,3,4,4,4,4,1,2,1,3,1,2,2,2,3,2,1,4,2,1,4,2,1,1,3,3,2,1,2,2,4,1,1,2,2,2,4,1,2,1,3,2,3,2,2,3,1,2,1,1,3,4,2,3,3,1,2,2,2,2,3,3,3,4,2,4,4,3,2,2,2,4,1,2,1,1,2,2,3,2,1,4,3,4,3,4,2,1,3,3,1,2,1,1,3,3,2,2,2,2,1,2,4,4,3,3,1,3,1,4,3,1,3,3,3,1,2,4,1,3,1,1,4,2,1,2,4,2,3,3,1,3,2,1,1,2,1,4,2,2,1,2,1,3,2,3,2,1,4,3,4,4,2,2,2,3,2,4,2,2,1,4,2,3,2,1,1,3,3,1,2,1,4,4,3,1,3,4,1,4,1,2,4,1,2,1,4,1,4,4,4,2,2,4,4,2,2,3,2,3,4,3,4,1,2,4,1,2,4,1,1,2,3,3,3,4,2,3,1,1,1,4,3,3,2,2,1,2,4,1,3,4,3,4,1,2,2,2,2,1,2,3,2,4,3,3,1,2,2,1,4,1,4,2,1,2,4,1,1,4,4,3,2,2,1,1,3,4,3,3,4,2,4,1,1,3,2,2,3,3,2,4,1,3,2,3,1,2,3,3,1,4,3,3,1,1,4,2,1,4,1,4,1,3,2,3,2,4,3,3,4,1,3,2,3,3,2,1,3,3,2,1,4,3,4,3,1,3,1,3,4,3,4,2,2,3,4,2,3,3,2,4,1,3,1,2,3,2,1,3,2,4,4,3,2,4,3,2,2,3,4,2,4,4,3,4,3,2,4,2,1,2,1,3,3,1,1,3,3,2,3,3,4,1,2,1,3,3,2,1,3,1,2,1,1,2,4,2,3,1,1,1,4,4,1,4,2,2,1,4,2,4,2,2,2,1,4,2,3,3,2,4,1,1,1,2,1,1,2,2,2,2,1,3,4,1,3,4,3,2,1,4,3,1,1,2,2,3,3,2,2,1,4,1,1,1,2,4,2,1,2,4,2,3,3,2,1,1,4,1,3,4,1,4,3,2,2,1,4,2,3,2,3,1,1,2,2,3,3,3,2,2,3,1,2,3,2,4,1,1,3,3,2,1,3,3,1,3,1,3,2,3,1,1,3,2,1,1,1,2,4,3,2,4,3,2,4,3,3,2,4,2,4,1,1,3,3,3,3,4,4,3,4,1,1,4,2,1,2,1,4,4,3,3,1,2,2,2,1,2,4,2,1,3,3,4,1,4,1,1,3,2,1,4,3,1,4,1,1,1,4,4,3,4,3,3,3,2,2,3,4,3,1,3,4,3,1,2,4,4,4,3,3,2,1,4,2,1,2,3,1,2,1,1,2,4,2,4,2,1,2,1,3,1,3,4,2,3,2,3,3,3,4,1,4,3,2,1,3,1,3,1,1,4,2,4,1,1,2,3,1,4,4,2,1,3,4,3,2,3,2,4,2,1,3,4,1,3,2,2,3,2,3,1,3,4,4,2,3,1,2,2,1,4,1,1,1,1,3,1,4,1,4,3,2,4,3,1,3,1,4,1,3,4,1,1,1,2,2,3,3,1,4,2,1,4,3,2,1,2,2,1,4,3,2,1,2,2,3,4,2,3,1,1,1,3,2,1,3,4,3,3,4,3,1,2,3,3,1,1,4,3,3,3,2,3,1,3,1,1,1,2,3,1,3,2,3,4,1,2,1,1,4,3,4,1,4,2,1,1,3,2,2,3,3,3,4,3,4,4,2,1,2,1,2,3,4,4,4,2,3,2,1,3,1,4,4,4,4,1,1,1,1,1,4,4,4,2,4,2,1,3,3,2,4,2,1,1,3,4,2,2,1,1,4,2,1,1,2,2,4,2,2,3,4,2,1,1,1,3,1,2,2,2,2,4,1,2,4,2,4,2,3,3,2,1,1,4,4,4,3,1,3,4,4,2,2,2,3,1,4,1,3,1,1,2,2,2,1,4,1,2,2,4,4,2,2,3,3,4,4,3,1,1,3,1,2,1,4,3,1,1,2,2,3,4,4,2,1,2,1,2,2,3,2,1,1,3,1,3,1,3,1,1,4,3,2,1,1,3,2,2,4,4,2,3,3,1,4,4,4,2,3,2,3,4,3,3,4,3,2,1,1,1,2,3,2,3,4,3,1,4,3,4,3,2,3,1,2,2,1,1,1,4,3,2,2,4,3,1,4,3,3,2,2,3,4,2,3,3,2,2,2,2,4,1,2,4,3,1,2,3,4,4,1,1,3,1,3,2,3,2,1,1,1,3,4,4,2,1,1,2,3,2,2,2,2,3,3,3,1,1,2,2,2,4,2,4,1,3,1,2,3,4,3,3,2,4,3,4,3,1,3,2,2,2,4,1,4,3,4,4,2,3,4,4,2,2,2,3,3,2,1,4,2,2,3,1,1,4,2,2,4,1,1,2,2,3,2,1,2,2,4,1,1,1,1,3,4,1,4,3,3,1,2,1,4,1,1,2,3,4,3,2,1,3,1,1,3,4,2,4,3,2,1,1,1,1,1,1,2,3,4,2,4,3,4,3,1,2,2,3,1,3,1,3,3,1,2,1,3,3,2,1,2,4,4,4,4,1,4,2,4,4,3,2,2,2,4,2,2,3,2,4,2,3,2,4,2,2,2,4,3,1,4,4,1,2,1,1,1,2,3,1,1,3,3,3,4,3,4,3,3,3,4,1,3,3,4,1,4,1,3,4,1,4,2,2,3,4,4,3,2,3,2,2,3,4,3,1,2,4,3,3,4,2,1,1,3,1,4,3,1,3,2,1,4,1,1,3,3,2,3,3,1,3,2,4,2,2,1,1,2,1,1,4,4,1,2,1,2,2,2,3,4,1,2,4,1,1,3,4,2,2,4,3,4,2,3,1,4,3,3,2,1,1,4,3,2,2,3,1,4,1,3,1,1,4,1,4,4,3,4,3,2,3,2,1,2,2,2,1,1,1,2,3,4,1,1,3,3,3,1,4,2,3,4,1,2,3,2,1,3,4,4,2,4,4,1,1,4,2,4,1,2,2,3,3,4,3,1,2,1,3,1,2,3,1,1,3,2,4,1,2,3,1,2,2,2,2,1,2,1,3,4,1,3,2,3,2,1,2,1,1,1,4,3,4,2,2,1,1,1,2,2,2,4,4,2,1,4,4,1,3,3,2,4,3,3,3,1,1,1,2,2,3,3,4,1,1,1,2,3,2,2,4,1,2,3,3,1,2,2,3,1,3,1,1,3,2,2,1,3,2,4,2,1,2,3,4,4,2,1,2,2,4,3,4,1,4,3,1,1,2,3,4,1,3,3,1,3,2,1,3,2,3,3,2,2,2,3,3,1,3,1,4,1,1,4,1,1,4,4,2,1,2,4,1,2,4,2,1,4,1,4,1,2,1,2,1,3,2,1,1,1,3,4,1,3,1,2,2,1,2,4,1,4,1,2,3,1,2,2,3,1,3,3,1,3,4"
98,0.9886279079380575,0.5196078431372549,2329.0,"2,2,3,4,1,1,4,1,1,2,4,1,1,4,2,2,3,4,1,1,4,4,4,2,1,1,4,3,1,2,2,2,3,3,3,3,1,2,1,3,2,3,4,4,4,3,1,4,4,3,4,1,3,2,1,1,2,1,1,4,3,1,1,3,4,1,4,2,3,1,1,2,4,4,3,1,3,2,4,2,3,1,1,3,1,3,3,3,4,1,2,1,3,4,4,2,4,4,2,2,4,3,3,3,3,4,3,1,2,1,1,2,2,2,4,1,4,2,3,2,1,3,4,4,4,4,1,2,1,3,1,2,2,2,3,2,1,4,2,1,4,2,1,1,3,3,2,1,2,2,4,1,1,2,2,2,4,1,2,1,3,2,3,2,2,3,1,2,1,1,3,4,2,3,3,1,2,2,2,2,3,3,3,4,2,4,4,3,2,2,2,4,1,2,1,1,2,2,3,2,1,4,3,4,3,4,2,1,3,3,1,2,1,1,3,3,2,2,2,2,1,2,4,4,3,3,1,3,1,4,3,1,3,3,3,1,2,4,1,3,1,1,4,2,1,2,4,2,3,3,1,3,2,1,1,2,1,4,2,2,1,2,1,3,2,3,2,1,4,3,4,4,2,2,2,3,2,4,2,2,1,4,2,3,2,1,1,3,3,1,2,1,4,4,3,1,3,4,1,4,1,2,4,1,2,1,4,1,4,4,4,2,2,4,4,2,2,3,2,3,4,3,4,1,2,4,1,2,4,1,1,2,3,3,3,4,2,3,1,1,1,4,3,3,2,2,1,2,4,1,3,4,3,4,1,2,2,2,2,1,2,3,2,4,3,3,1,2,2,1,4,1,4,2,1,2,4,1,1,4,4,3,2,2,1,1,3,4,3,3,4,2,4,1,1,3,2,2,3,3,2,4,1,3,2,3,1,2,3,3,1,4,3,3,1,1,4,2,1,4,1,4,1,3,2,3,2,4,3,3,4,1,3,2,3,3,2,1,3,3,2,1,4,3,4,3,1,3,1,3,4,3,4,2,2,3,4,2,3,3,2,4,1,3,1,2,3,2,1,3,2,4,4,3,2,4,3,2,2,3,4,2,4,4,3,4,3,2,4,2,1,2,1,3,3,1,1,3,3,2,3,3,4,1,2,1,3,3,2,1,3,1,2,1,1,2,4,2,3,1,1,1,4,4,1,4,2,2,1,4,2,4,2,2,2,1,4,2,3,3,2,4,1,1,1,2,1,1,2,2,2,2,1,3,4,1,3,4,3,2,1,4,3,1,1,2,2,3,3,2,2,1,4,1,1,1,2,4,2,1,2,4,2,3,3,2,1,1,4,1,3,4,1,4,3,2,2,1,4,2,3,2,3,1,1,2,2,3,3,3,2,2,3,1,2,3,2,4,1,1,3,3,2,1,3,3,1,3,1,3,2,3,1,1,3,2,1,1,1,2,4,3,2,4,3,2,4,3,3,2,4,2,4,1,1,3,3,3,3,4,4,3,4,1,1,4,2,1,2,1,4,4,3,3,1,2,2,2,1,2,4,2,1,3,3,4,1,4,1,1,3,2,1,4,3,1,4,1,1,1,4,4,3,4,3,3,3,2,2,3,4,3,1,3,4,3,1,2,4,4,4,3,3,2,1,4,2,1,2,3,1,2,1,1,2,4,2,4,2,1,2,1,3,1,3,4,2,3,2,3,3,3,4,1,4,3,2,1,3,1,3,1,1,4,2,4,1,1,2,3,1,4,4,2,1,3,4,3,2,3,2,4,2,1,3,4,1,3,2,2,3,2,3,1,3,4,4,2,3,1,2,2,1,4,1,1,1,1,3,1,4,1,4,3,2,4,3,1,3,1,4,1,3,4,1,1,1,2,2,3,3,1,4,2,1,4,3,2,1,2,2,1,4,3,2,1,2,2,3,4,2,3,1,1,1,3,2,1,3,4,3,3,4,3,1,2,3,3,1,1,4,3,3,3,2,3,1,3,1,1,1,2,3,1,3,2,3,4,1,2,1,1,4,3,4,1,4,2,1,1,3,2,2,3,3,3,4,3,4,4,2,1,2,1,2,3,4,4,4,2,3,2,1,3,1,4,4,4,4,1,1,1,1,1,4,4,4,2,4,2,1,3,3,2,4,2,1,1,3,4,2,2,1,1,4,2,1,1,2,2,4,2,2,3,4,2,1,1,1,3,1,2,2,2,2,4,1,2,4,2,4,2,3,3,2,1,1,4,4,4,3,1,3,4,4,2,2,2,3,1,4,1,3,1,1,2,2,2,1,4,1,2,2,4,4,2,2,3,3,4,4,3,1,1,3,1,2,1,4,3,1,1,2,2,3,4,4,2,1,2,1,2,2,3,2,1,1,3,1,3,1,3,1,1,4,3,2,1,1,3,2,2,4,4,2,3,3,1,4,4,4,2,3,2,3,4,3,3,4,3,2,1,1,1,2,3,2,3,4,3,1,4,3,4,3,2,3,1,2,2,1,1,1,4,3,2,2,4,3,1,4,3,3,2,2,3,4,2,3,3,2,2,2,2,4,1,2,4,3,1,2,3,4,4,1,1,3,1,3,2,3,2,1,1,1,3,4,4,2,1,1,2,3,2,2,2,2,3,3,3,1,1,2,2,2,4,2,4,1,3,1,2,3,4,3,3,2,4,3,4,3,1,3,2,2,2,4,1,4,3,4,4,2,3,4,4,2,2,2,3,3,2,1,4,2,2,3,1,1,4,2,2,4,1,1,2,2,3,2,1,2,2,4,1,1,1,1,3,4,1,4,3,3,1,2,1,4,1,1,2,3,4,3,2,1,3,1,1,3,4,2,4,3,2,1,1,1,1,1,1,2,3,4,2,4,3,4,3,1,2,2,3,1,3,1,3,3,1,2,1,3,3,2,1,2,4,4,4,4,1,4,2,4,4,3,2,2,2,4,2,2,3,2,4,2,3,2,4,2,2,2,4,3,1,4,4,1,2,1,1,1,2,3,1,1,3,3,3,4,3,4,3,3,3,4,1,3,3,4,1,4,1,3,4,1,4,2,2,3,4,4,3,2,3,2,2,3,4,3,1,2,4,3,3,4,2,1,1,3,1,4,3,1,3,2,1,4,1,1,3,3,2,3,3,1,3,2,4,2,2,1,1,2,1,1,4,4,1,2,1,2,2,2,3,4,1,2,4,1,1,3,4,2,2,4,3,4,2,3,1,4,3,3,2,1,1,4,3,2,2,3,1,4,1,3,1,1,4,1,4,4,3,4,3,2,3,2,1,2,2,2,1,1,1,2,3,4,1,1,3,3,3,1,4,2,3,4,1,2,3,2,1,3,4,4,2,4,4,1,1,4,2,4,1,2,2,3,3,4,3,1,2,1,3,1,2,3,1,1,3,2,4,1,2,3,1,2,2,2,2,1,2,1,3,4,1,3,2,3,2,1,2,1,1,1,4,3,4,2,2,1,1,1,2,2,2,4,4,2,1,4,4,1,3,3,2,4,3,3,3,1,1,1,2,2,3,3,4,1,1,1,2,3,2,2,4,1,2,3,3,1,2,2,3,1,3,1,1,3,2,2,1,3,2,4,2,1,2,3,4,4,2,1,2,2,4,3,4,1,4,3,1,1,2,3,4,1,3,3,1,3,2,1,3,2,3,3,2,2,2,3,3,1,3,1,4,1,1,4,1,1,4,4,2,1,2,4,1,2,4,2,1,4,1,4,1,2,1,2,1,3,2,1,1,1,3,4,1,3,1,2,2,1,2,4,1,4,1,2,3,1,2,2,3,1,3,3,1,3,4"
99,0.9886279079380575,0.5196078431372549,2329.0,"2,2,3,4,1,1,4,1,1,2,4,1,1,4,2,2,3,4,1,1,4,4,4,2,1,1,4,3,1,2,2,2,3,3,3,3,1,2,1,3,2,3,4,4,4,3,1,4,4,3,4,1,3,2,1,1,2,1,1,4,3,1,1,3,4,1,4,2,3,1,1,2,4,4,3,1,3,2,4,2,3,1,1,3,1,3,3,3,4,1,2,1,3,4,4,2,4,4,2,2,4,3,3,3,3,4,3,1,2,1,1,2,2,2,4,1,4,2,3,2,1,3,4,4,4,4,1,2,1,3,1,2,2,2,3,2,1,4,2,1,4,2,1,1,3,3,2,1,2,2,4,1,1,2,2,2,4,1,2,1,3,2,3,2,2,3,1,2,1,1,3,4,2,3,3,1,2,2,2,2,3,3,3,4,2,4,4,3,2,2,2,4,1,2,1,1,2,2,3,2,1,4,3,4,3,4,2,1,3,3,1,2,1,1,3,3,2,2,2,2,1,2,4,4,3,3,1,3,1,4,3,1,3,3,3,1,2,4,1,3,1,1,4,2,1,2,4,2,3,3,1,3,2,1,1,2,1,4,2,2,1,2,1,3,2,3,2,1,4,3,4,4,2,2,2,3,2,4,2,2,1,4,2,3,2,1,1,3,3,1,2,1,4,4,3,1,3,4,1,4,1,2,4,1,2,1,4,1,4,4,4,2,2,4,4,2,2,3,2,3,4,3,4,1,2,4,1,2,4,1,1,2,3,3,3,4,2,3,1,1,1,4,3,3,2,2,1,2,4,1,3,4,3,4,1,2,2,2,2,1,2,3,2,4,3,3,1,2,2,1,4,1,4,2,1,2,4,1,1,4,4,3,2,2,1,1,3,4,3,3,4,2,4,1,1,3,2,2,3,3,2,4,1,3,2,3,1,2,3,3,1,4,3,3,1,1,4,2,1,4,1,4,1,3,2,3,2,4,3,3,4,1,3,2,3,3,2,1,3,3,2,1,4,3,4,3,1,3,1,3,4,3,4,2,2,3,4,2,3,3,2,4,1,3,1,2,3,2,1,3,2,4,4,3,2,4,3,2,2,3,4,2,4,4,3,4,3,2,4,2,1,2,1,3,3,1,1,3,3,2,3,3,4,1,2,1,3,3,2,1,3,1,2,1,1,2,4,2,3,1,1,1,4,4,1,4,2,2,1,4,2,4,2,2,2,1,4,2,3,3,2,4,1,1,1,2,1,1,2,2,2,2,1,3,4,1,3,4,3,2,1,4,3,1,1,2,2,3,3,2,2,1,4,1,1,1,2,4,2,1,2,4,2,3,3,2,1,1,4,1,3,4,1,4,3,2,2,1,4,2,3,2,3,1,1,2,2,3,3,3,2,2,3,1,2,3,2,4,1,1,3,3,2,1,3,3,1,3,1,3,2,3,1,1,3,2,1,1,1,2,4,3,2,4,3,2,4,3,3,2,4,2,4,1,1,3,3,3,3,4,4,3,4,1,1,4,2,1,2,1,4,4,3,3,1,2,2,2,1,2,4,2,1,3,3,4,1,4,1,1,3,2,1,4,3,1,4,1,1,1,4,4,3,4,3,3,3,2,2,3,4,3,1,3,4,3,1,2,4,4,4,3,3,2,1,4,2,1,2,3,1,2,1,1,2,4,2,4,2,1,2,1,3,1,3,4,2,3,2,3,3,3,4,1,4,3,2,1,3,1,3,1,1,4,2,4,1,1,2,3,1,4,4,2,1,3,4,3,2,3,2,4,2,1,3,4,1,3,2,2,3,2,3,1,3,4,4,2,3,1,2,2,1,4,1,1,1,1,3,1,4,1,4,3,2,4,3,1,3,1,4,1,3,4,1,1,1,2,2,3,3,1,4,2,1,4,3,2,1,2,2,1,4,3,2,1,2,2,3,4,2,3,1,1,1,3,2,1,3,4,3,3,4,3,1,2,3,3,1,1,4,3,3,3,2,3,1,3,1,1,1,2,3,1,3,2,3,4,1,2,1,1,4,3,4,1,4,2,1,1,3,2,2,3,3,3,4,3,4,4,2,1,2,1,2,3,4,4,4,2,3,2,1,3,1,4,4,4,4,1,1,1,1,1,4,4,4,2,4,2,1,3,3,2,4,2,1,1,3,4,2,2,1,1,4,2,1,1,2,2,4,2,2,3,4,2,1,1,1,3,1,2,2,2,2,4,1,2,4,2,4,2,3,3,2,1,1,4,4,4,3,1,3,4,4,2,2,2,3,1,4,1,3,1,1,2,2,2,1,4,1,2,2,4,4,2,2,3,3,4,4,3,1,1,3,1,2,1,4,3,1,1,2,2,3,4,4,2,1,2,1,2,2,3,2,1,1,3,1,3,1,3,1,1,4,3,2,1,1,3,2,2,4,4,2,3,3,1,4,4,4,2,3,2,3,4,3,3,4,3,2,1,1,1,2,3,2,3,4,3,1,4,3,4,3,2,3,1,2,2,1,1,1,4,3,2,2,4,3,1,4,3,3,2,2,3,4,2,3,3,2,2,2,2,4,1,2,4,3,1,2,3,4,4,1,1,3,1,3,2,3,2,1,1,1,3,4,4,2,1,1,2,3,2,2,2,2,3,3,3,1,1,2,2,2,4,2,4,1,3,1,2,3,4,3,3,2,4,3,4,3,1,3,2,2,2,4,1,4,3,4,4,2,3,4,4,2,2,2,3,3,2,1,4,2,2,3,1,1,4,2,2,4,1,1,2,2,3,2,1,2,2,4,1,1,1,1,3,4,1,4,3,3,1,2,1,4,1,1,2,3,4,3,2,1,3,1,1,3,4,2,4,3,2,1,1,1,1,1,1,2,3,4,2,4,3,4,3,1,2,2,3,1,3,1,3,3,1,2,1,3,3,2,1,2,4,4,4,4,1,4,2,4,4,3,2,2,2,4,2,2,3,2,4,2,3,2,4,2,2,2,4,3,1,4,4,1,2,1,1,1,2,3,1,1,3,3,3,4,3,4,3,3,3,4,1,3,3,4,1,4,1,3,4,1,4,2,2,3,4,4,3,2,3,2,2,3,4,3,1,2,4,3,3,4,2,1,1,3,1,4,3,1,3,2,1,4,1,1,3,3,2,3,3,1,3,2,4,2,2,1,1,2,1,1,4,4,1,2,1,2,2,2,3,4,1,2,4,1,1,3,4,2,2,4,3,4,2,3,1,4,3,3,2,1,1,4,3,2,2,3,1,4,1,3,1,1,4,1,4,4,3,4,3,2,3,2,1,2,2,2,1,1,1,2,3,4,1,1,3,3,3,1,4,2,3,4,1,2,3,2,1,3,4,4,2,4,4,1,1,4,2,4,1,2,2,3,3,4,3,1,2,1,3,1,2,3,1,1,3,2,4,1,2,3,1,2,2,2,2,1,2,1,3,4,1,3,2,3,2,1,2,1,1,1,4,3,4,2,2,1,1,1,2,2,2,4,4,2,1,4,4,1,3,3,2,4,3,3,3,1,1,1,2,2,3,3,4,1,1,1,2,3,2,2,4,1,2,3,3,1,2,2,3,1,3,1,1,3,2,2,1,3,2,4,2,1,2,3,4,4,2,1,2,2,4,3,4,1,4,3,1,1,2,3,4,1,3,3,1,3,2,1,3,2,3,3,2,2,2,3,3,1,3,1,4,1,1,4,1,1,4,4,2,1,2,4,1,2,4,2,1,4,1,4,1,2,1,2,1,3,2,1,1,1,3,4,1,3,1,2,2,1,2,4,1,4,1,2,3,1,2,2,3,1,3,3,1,3,4"
100,0.9886279079380575,0.5196078431372549,2329.0,"2,2,3,4,1,1,4,1,1,2,4,1,1,4,2,2,3,4,1,1,4,4,4,2,1,1,4,3,1,2,2,2,3,3,3,3,1,2,1,3,2,3,4,4,4,3,1,4,4,3,4,1,3,2,1,1,2,1,1,4,3,1,1,3,4,1,4,2,3,1,1,2,4,4,3,1,3,2,4,2,3,1,1,3,1,3,3,3,4,1,2,1,3,4,4,2,4,4,2,2,4,3,3,3,3,4,3,1,2,1,1,2,2,2,4,1,4,2,3,2,1,3,4,4,4,4,1,2,1,3,1,2,2,2,3,2,1,4,2,1,4,2,1,1,3,3,2,1,2,2,4,1,1,2,2,2,4,1,2,1,3,2,3,2,2,3,1,2,1,1,3,4,2,3,3,1,2,2,2,2,3,3,3,4,2,4,4,3,2,2,2,4,1,2,1,1,2,2,3,2,1,4,3,4,3,4,2,1,3,3,1,2,1,1,3,3,2,2,2,2,1,2,4,4,3,3,1,3,1,4,3,1,3,3,3,1,2,4,1,3,1,1,4,2,1,2,4,2,3,3,1,3,2,1,1,2,1,4,2,2,1,2,1,3,2,3,2,1,4,3,4,4,2,2,2,3,2,4,2,2,1,4,2,3,2,1,1,3,3,1,2,1,4,4,3,1,3,4,1,4,1,2,4,1,2,1,4,1,4,4,4,2,2,4,4,2,2,3,2,3,4,3,4,1,2,4,1,2,4,1,1,2,3,3,3,4,2,3,1,1,1,4,3,3,2,2,1,2,4,1,3,4,3,4,1,2,2,2,2,1,2,3,2,4,3,3,1,2,2,1,4,1,4,2,1,2,4,1,1,4,4,3,2,2,1,1,3,4,3,3,4,2,4,1,1,3,2,2,3,3,2,4,1,3,2,3,1,2,3,3,1,4,3,3,1,1,4,2,1,4,1,4,1,3,2,3,2,4,3,3,4,1,3,2,3,3,2,1,3,3,2,1,4,3,4,3,1,3,1,3,4,3,4,2,2,3,4,2,3,3,2,4,1,3,1,2,3,2,1,3,2,4,4,3,2,4,3,2,2,3,4,2,4,4,3,4,3,2,4,2,1,2,1,3,3,1,1,3,3,2,3,3,4,1,2,1,3,3,2,1,3,1,2,1,1,2,4,2,3,1,1,1,4,4,1,4,2,2,1,4,2,4,2,2,2,1,4,2,3,3,2,4,1,1,1,2,1,1,2,2,2,2,1,3,4,1,3,4,3,2,1,4,3,1,1,2,2,3,3,2,2,1,4,1,1,1,2,4,2,1,2,4,2,3,3,2,1,1,4,1,3,4,1,4,3,2,2,1,4,2,3,2,3,1,1,2,2,3,3,3,2,2,3,1,2,3,2,4,1,1,3,3,2,1,3,3,1,3,1,3,2,3,1,1,3,2,1,1,1,2,4,3,2,4,3,2,4,3,3,2,4,2,4,1,1,3,3,3,3,4,4,3,4,1,1,4,2,1,2,1,4,4,3,3,1,2,2,2,1,2,4,2,1,3,3,4,1,4,1,1,3,2,1,4,3,1,4,1,1,1,4,4,3,4,3,3,3,2,2,3,4,3,1,3,4,3,1,2,4,4,4,3,3,2,1,4,2,1,2,3,1,2,1,1,2,4,2,4,2,1,2,1,3,1,3,4,2,3,2,3,3,3,4,1,4,3,2,1,3,1,3,1,1,4,2,4,1,1,2,3,1,4,4,2,1,3,4,3,2,3,2,4,2,1,3,4,1,3,2,2,3,2,3,1,3,4,4,2,3,1,2,2,1,4,1,1,1,1,3,1,4,1,4,3,2,4,3,1,3,1,4,1,3,4,1,1,1,2,2,3,3,1,4,2,1,4,3,2,1,2,2,1,4,3,2,1,2,2,3,4,2,3,1,1,1,3,2,1,3,4,3,3,4,3,1,2,3,3,1,1,4,3,3,3,2,3,1,3,1,1,1,2,3,1,3,2,3,4,1,2,1,1,4,3,4,1,4,2,1,1,3,2,2,3,3,3,4,3,4,4,2,1,2,1,2,3,4,4,4,2,3,2,1,3,1,4,4,4,4,1,1,1,1,1,4,4,4,2,4,2,1,3,3,2,4,2,1,1,3,4,2,2,1,1,4,2,1,1,2,2,4,2,2,3,4,2,1,1,1,3,1,2,2,2,2,4,1,2,4,2,4,2,3,3,2,1,1,4,4,4,3,1,3,4,4,2,2,2,3,1,4,1,3,1,1,2,2,2,1,4,1,2,2,4,4,2,2,3,3,4,4,3,1,1,3,1,2,1,4,3,1,1,2,2,3,4,4,2,1,2,1,2,2,3,2,1,1,3,1,3,1,3,1,1,4,3,2,1,1,3,2,2,4,4,2,3,3,1,4,4,4,2,3,2,3,4,3,3,4,3,2,1,1,1,2,3,2,3,4,3,1,4,3,4,3,2,3,1,2,2,1,1,1,4,3,2,2,4,3,1,4,3,3,2,2,3,4,2,3,3,2,2,2,2,4,1,2,4,3,1,2,3,4,4,1,1,3,1,3,2,3,2,1,1,1,3,4,4,2,1,1,2,3,2,2,2,2,3,3,3,1,1,2,2,2,4,2,4,1,3,1,2,3,4,3,3,2,4,3,4,3,1,3,2,2,2,4,1,4,3,4,4,2,3,4,4,2,2,2,3,3,2,1,4,2,2,3,1,1,4,2,2,4,1,1,2,2,3,2,1,2,2,4,1,1,1,1,3,4,1,4,3,3,1,2,1,4,1,1,2,3,4,3,2,1,3,1,1,3,4,2,4,3,2,1,1,1,1,1,1,2,3,4,2,4,3,4,3,1,2,2,3,1,3,1,3,3,1,2,1,3,3,2,1,2,4,4,4,4,1,4,2,4,4,3,2,2,2,4,2,2,3,2,4,2,3,2,4,2,2,2,4,3,1,4,4,1,2,1,1,1,2,3,1,1,3,3,3,4,3,4,3,3,3,4,1,3,3,4,1,4,1,3,4,1,4,2,2,3,4,4,3,2,3,2,2,3,4,3,1,2,4,3,3,4,2,1,1,3,1,4,3,1,3,2,1,4,1,1,3,3,2,3,3,1,3,2,4,2,2,1,1,2,1,1,4,4,1,2,1,2,2,2,3,4,1,2,4,1,1,3,4,2,2,4,3,4,2,3,1,4,3,3,2,1,1,4,3,2,2,3,1,4,1,3,1,1,4,1,4,4,3,4,3,2,3,2,1,2,2,2,1,1,1,2,3,4,1,1,3,3,3,1,4,2,3,4,1,2,3,2,1,3,4,4,2,4,4,1,1,4,2,4,1,2,2,3,3,4,3,1,2,1,3,1,2,3,1,1,3,2,4,1,2,3,1,2,2,2,2,1,2,1,3,4,1,3,2,3,2,1,2,1,1,1,4,3,4,2,2,1,1,1,2,2,2,4,4,2,1,4,4,1,3,3,2,4,3,3,3,1,1,1,2,2,3,3,4,1,1,1,2,3,2,2,4,1,2,3,3,1,2,2,3,1,3,1,1,3,2,2,1,3,2,4,2,1,2,3,4,4,2,1,2,2,4,3,4,1,4,3,1,1,2,3,4,1,3,3,1,3,2,1,3,2,3,3,2,2,2,3,3,1,3,1,4,1,1,4,1,1,4,4,2,1,2,4,1,2,4,2,1,4,1,4,1,2,1,2,1,3,2,1,1,1,3,4,1,3,1,2,2,1,2,4,1,4,1,2,3,1,2,2,3,1,3,3,1,3,4"
101,0.9886279079380575,0.5196078431372549,2329.0,"2,2,3,4,1,1,4,1,1,2,4,1,1,4,2,2,3,4,1,1,4,4,4,2,1,1,4,3,1,2,2,2,3,3,3,3,1,2,1,3,2,3,4,4,4,3,1,4,4,3,4,1,3,2,1,1,2,1,1,4,3,1,1,3,4,1,4,2,3,1,1,2,4,4,3,1,3,2,4,2,3,1,1,3,1,3,3,3,4,1,2,1,3,4,4,2,4,4,2,2,4,3,3,3,3,4,3,1,2,1,1,2,2,2,4,1,4,2,3,2,1,3,4,4,4,4,1,2,1,3,1,2,2,2,3,2,1,4,2,1,4,2,1,1,3,3,2,1,2,2,4,1,1,2,2,2,4,1,2,1,3,2,3,2,2,3,1,2,1,1,3,4,2,3,3,1,2,2,2,2,3,3,3,4,2,4,4,3,2,2,2,4,1,2,1,1,2,2,3,2,1,4,3,4,3,4,2,1,3,3,1,2,1,1,3,3,2,2,2,2,1,2,4,4,3,3,1,3,1,4,3,1,3,3,3,1,2,4,1,3,1,1,4,2,1,2,4,2,3,3,1,3,2,1,1,2,1,4,2,2,1,2,1,3,2,3,2,1,4,3,4,4,2,2,2,3,2,4,2,2,1,4,2,3,2,1,1,3,3,1,2,1,4,4,3,1,3,4,1,4,1,2,4,1,2,1,4,1,4,4,4,2,2,4,4,2,2,3,2,3,4,3,4,1,2,4,1,2,4,1,1,2,3,3,3,4,2,3,1,1,1,4,3,3,2,2,1,2,4,1,3,4,3,4,1,2,2,2,2,1,2,3,2,4,3,3,1,2,2,1,4,1,4,2,1,2,4,1,1,4,4,3,2,2,1,1,3,4,3,3,4,2,4,1,1,3,2,2,3,3,2,4,1,3,2,3,1,2,3,3,1,4,3,3,1,1,4,2,1,4,1,4,1,3,2,3,2,4,3,3,4,1,3,2,3,3,2,1,3,3,2,1,4,3,4,3,1,3,1,3,4,3,4,2,2,3,4,2,3,3,2,4,1,3,1,2,3,2,1,3,2,4,4,3,2,4,3,2,2,3,4,2,4,4,3,4,3,2,4,2,1,2,1,3,3,1,1,3,3,2,3,3,4,1,2,1,3,3,2,1,3,1,2,1,1,2,4,2,3,1,1,1,4,4,1,4,2,2,1,4,2,4,2,2,2,1,4,2,3,3,2,4,1,1,1,2,1,1,2,2,2,2,1,3,4,1,3,4,3,2,1,4,3,1,1,2,2,3,3,2,2,1,4,1,1,1,2,4,2,1,2,4,2,3,3,2,1,1,4,1,3,4,1,4,3,2,2,1,4,2,3,2,3,1,1,2,2,3,3,3,2,2,3,1,2,3,2,4,1,1,3,3,2,1,3,3,1,3,1,3,2,3,1,1,3,2,1,1,1,2,4,3,2,4,3,2,4,3,3,2,4,2,4,1,1,3,3,3,3,4,4,3,4,1,1,4,2,1,2,1,4,4,3,3,1,2,2,2,1,2,4,2,1,3,3,4,1,4,1,1,3,2,1,4,3,1,4,1,1,1,4,4,3,4,3,3,3,2,2,3,4,3,1,3,4,3,1,2,4,4,4,3,3,2,1,4,2,1,2,3,1,2,1,1,2,4,2,4,2,1,2,1,3,1,3,4,2,3,2,3,3,3,4,1,4,3,2,1,3,1,3,1,1,4,2,4,1,1,2,3,1,4,4,2,1,3,4,3,2,3,2,4,2,1,3,4,1,3,2,2,3,2,3,1,3,4,4,2,3,1,2,2,1,4,1,1,1,1,3,1,4,1,4,3,2,4,3,1,3,1,4,1,3,4,1,1,1,2,2,3,3,1,4,2,1,4,3,2,1,2,2,1,4,3,2,1,2,2,3,4,2,3,1,1,1,3,2,1,3,4,3,3,4,3,1,2,3,3,1,1,4,3,3,3,2,3,1,3,1,1,1,2,3,1,3,2,3,4,1,2,1,1,4,3,4,1,4,2,1,1,3,2,2,3,3,3,4,3,4,4,2,1,2,1,2,3,4,4,4,2,3,2,1,3,1,4,4,4,4,1,1,1,1,1,4,4,4,2,4,2,1,3,3,2,4,2,1,1,3,4,2,2,1,1,4,2,1,1,2,2,4,2,2,3,4,2,1,1,1,3,1,2,2,2,2,4,1,2,4,2,4,2,3,3,2,1,1,4,4,4,3,1,3,4,4,2,2,2,3,1,4,1,3,1,1,2,2,2,1,4,1,2,2,4,4,2,2,3,3,4,4,3,1,1,3,1,2,1,4,3,1,1,2,2,3,4,4,2,1,2,1,2,2,3,2,1,1,3,1,3,1,3,1,1,4,3,2,1,1,3,2,2,4,4,2,3,3,1,4,4,4,2,3,2,3,4,3,3,4,3,2,1,1,1,2,3,2,3,4,3,1,4,3,4,3,2,3,1,2,2,1,1,1,4,3,2,2,4,3,1,4,3,3,2,2,3,4,2,3,3,2,2,2,2,4,1,2,4,3,1,2,3,4,4,1,1,3,1,3,2,3,2,1,1,1,3,4,4,2,1,1,2,3,2,2,2,2,3,3,3,1,1,2,2,2,4,2,4,1,3,1,2,3,4,3,3,2,4,3,4,3,1,3,2,2,2,4,1,4,3,4,4,2,3,4,4,2,2,2,3,3,2,1,4,2,2,3,1,1,4,2,2,4,1,1,2,2,3,2,1,2,2,4,1,1,1,1,3,4,1,4,3,3,1,2,1,4,1,1,2,3,4,3,2,1,3,1,1,3,4,2,4,3,2,1,1,1,1,1,1,2,3,4,2,4,3,4,3,1,2,2,3,1,3,1,3,3,1,2,1,3,3,2,1,2,4,4,4,4,1,4,2,4,4,3,2,2,2,4,2,2,3,2,4,2,3,2,4,2,2,2,4,3,1,4,4,1,2,1,1,1,2,3,1,1,3,3,3,4,3,4,3,3,3,4,1,3,3,4,1,4,1,3,4,1,4,2,2,3,4,4,3,2,3,2,2,3,4,3,1,2,4,3,3,4,2,1,1,3,1,4,3,1,3,2,1,4,1,1,3,3,2,3,3,1,3,2,4,2,2,1,1,2,1,1,4,4,1,2,1,2,2,2,3,4,1,2,4,1,1,3,4,2,2,4,3,4,2,3,1,4,3,3,2,1,1,4,3,2,2,3,1,4,1,3,1,1,4,1,4,4,3,4,3,2,3,2,1,2,2,2,1,1,1,2,3,4,1,1,3,3,3,1,4,2,3,4,1,2,3,2,1,3,4,4,2,4,4,1,1,4,2,4,1,2,2,3,3,4,3,1,2,1,3,1,2,3,1,1,3,2,4,1,2,3,1,2,2,2,2,1,2,1,3,4,1,3,2,3,2,1,2,1,1,1,4,3,4,2,2,1,1,1,2,2,2,4,4,2,1,4,4,1,3,3,2,4,3,3,3,1,1,1,2,2,3,3,4,1,1,1,2,3,2,2,4,1,2,3,3,1,2,2,3,1,3,1,1,3,2,2,1,3,2,4,2,1,2,3,4,4,2,1,2,2,4,3,4,1,4,3,1,1,2,3,4,1,3,3,1,3,2,1,3,2,3,3,2,2,2,3,3,1,3,1,4,1,1,4,1,1,4,4,2,1,2,4,1,2,4,2,1,4,1,4,1,2,1,2,1,3,2,1,1,1,3,4,1,3,1,2,2,1,2,4,1,4,1,2,3,1,2,2,3,1,3,3,1,3,4"
102,0.9886279079380575,0.5196078431372549,2329.0,"2,2,3,4,1,1,4,1,1,2,4,1,1,4,2,2,3,4,1,1,4,4,4,2,1,1,4,3,1,2,2,2,3,3,3,3,1,2,1,3,2,3,4,4,4,3,1,4,4,3,4,1,3,2,1,1,2,1,1,4,3,1,1,3,4,1,4,2,3,1,1,2,4,4,3,1,3,2,4,2,3,1,1,3,1,3,3,3,4,1,2,1,3,4,4,2,4,4,2,2,4,3,3,3,3,4,3,1,2,1,1,2,2,2,4,1,4,2,3,2,1,3,4,4,4,4,1,2,1,3,1,2,2,2,3,2,1,4,2,1,4,2,1,1,3,3,2,1,2,2,4,1,1,2,2,2,4,1,2,1,3,2,3,2,2,3,1,2,1,1,3,4,2,3,3,1,2,2,2,2,3,3,3,4,2,4,4,3,2,2,2,4,1,2,1,1,2,2,3,2,1,4,3,4,3,4,2,1,3,3,1,2,1,1,3,3,2,2,2,2,1,2,4,4,3,3,1,3,1,4,3,1,3,3,3,1,2,4,1,3,1,1,4,2,1,2,4,2,3,3,1,3,2,1,1,2,1,4,2,2,1,2,1,3,2,3,2,1,4,3,4,4,2,2,2,3,2,4,2,2,1,4,2,3,2,1,1,3,3,1,2,1,4,4,3,1,3,4,1,4,1,2,4,1,2,1,4,1,4,4,4,2,2,4,4,2,2,3,2,3,4,3,4,1,2,4,1,2,4,1,1,2,3,3,3,4,2,3,1,1,1,4,3,3,2,2,1,2,4,1,3,4,3,4,1,2,2,2,2,1,2,3,2,4,3,3,1,2,2,1,4,1,4,2,1,2,4,1,1,4,4,3,2,2,1,1,3,4,3,3,4,2,4,1,1,3,2,2,3,3,2,4,1,3,2,3,1,2,3,3,1,4,3,3,1,1,4,2,1,4,1,4,1,3,2,3,2,4,3,3,4,1,3,2,3,3,2,1,3,3,2,1,4,3,4,3,1,3,1,3,4,3,4,2,2,3,4,2,3,3,2,4,1,3,1,2,3,2,1,3,2,4,4,3,2,4,3,2,2,3,4,2,4,4,3,4,3,2,4,2,1,2,1,3,3,1,1,3,3,2,3,3,4,1,2,1,3,3,2,1,3,1,2,1,1,2,4,2,3,1,1,1,4,4,1,4,2,2,1,4,2,4,2,2,2,1,4,2,3,3,2,4,1,1,1,2,1,1,2,2,2,2,1,3,4,1,3,4,3,2,1,4,3,1,1,2,2,3,3,2,2,1,4,1,1,1,2,4,2,1,2,4,2,3,3,2,1,1,4,1,3,4,1,4,3,2,2,1,4,2,3,2,3,1,1,2,2,3,3,3,2,2,3,1,2,3,2,4,1,1,3,3,2,1,3,3,1,3,1,3,2,3,1,1,3,2,1,1,1,2,4,3,2,4,3,2,4,3,3,2,4,2,4,1,1,3,3,3,3,4,4,3,4,1,1,4,2,1,2,1,4,4,3,3,1,2,2,2,1,2,4,2,1,3,3,4,1,4,1,1,3,2,1,4,3,1,4,1,1,1,4,4,3,4,3,3,3,2,2,3,4,3,1,3,4,3,1,2,4,4,4,3,3,2,1,4,2,1,2,3,1,2,1,1,2,4,2,4,2,1,2,1,3,1,3,4,2,3,2,3,3,3,4,1,4,3,2,1,3,1,3,1,1,4,2,4,1,1,2,3,1,4,4,2,1,3,4,3,2,3,2,4,2,1,3,4,1,3,2,2,3,2,3,1,3,4,4,2,3,1,2,2,1,4,1,1,1,1,3,1,4,1,4,3,2,4,3,1,3,1,4,1,3,4,1,1,1,2,2,3,3,1,4,2,1,4,3,2,1,2,2,1,4,3,2,1,2,2,3,4,2,3,1,1,1,3,2,1,3,4,3,3,4,3,1,2,3,3,1,1,4,3,3,3,2,3,1,3,1,1,1,2,3,1,3,2,3,4,1,2,1,1,4,3,4,1,4,2,1,1,3,2,2,3,3,3,4,3,4,4,2,1,2,1,2,3,4,4,4,2,3,2,1,3,1,4,4,4,4,1,1,1,1,1,4,4,4,2,4,2,1,3,3,2,4,2,1,1,3,4,2,2,1,1,4,2,1,1,2,2,4,2,2,3,4,2,1,1,1,3,1,2,2,2,2,4,1,2,4,2,4,2,3,3,2,1,1,4,4,4,3,1,3,4,4,2,2,2,3,1,4,1,3,1,1,2,2,2,1,4,1,2,2,4,4,2,2,3,3,4,4,3,1,1,3,1,2,1,4,3,1,1,2,2,3,4,4,2,1,2,1,2,2,3,2,1,1,3,1,3,1,3,1,1,4,3,2,1,1,3,2,2,4,4,2,3,3,1,4,4,4,2,3,2,3,4,3,3,4,3,2,1,1,1,2,3,2,3,4,3,1,4,3,4,3,2,3,1,2,2,1,1,1,4,3,2,2,4,3,1,4,3,3,2,2,3,4,2,3,3,2,2,2,2,4,1,2,4,3,1,2,3,4,4,1,1,3,1,3,2,3,2,1,1,1,3,4,4,2,1,1,2,3,2,2,2,2,3,3,3,1,1,2,2,2,4,2,4,1,3,1,2,3,4,3,3,2,4,3,4,3,1,3,2,2,2,4,1,4,3,4,4,2,3,4,4,2,2,2,3,3,2,1,4,2,2,3,1,1,4,2,2,4,1,1,2,2,3,2,1,2,2,4,1,1,1,1,3,4,1,4,3,3,1,2,1,4,1,1,2,3,4,3,2,1,3,1,1,3,4,2,4,3,2,1,1,1,1,1,1,2,3,4,2,4,3,4,3,1,2,2,3,1,3,1,3,3,1,2,1,3,3,2,1,2,4,4,4,4,1,4,2,4,4,3,2,2,2,4,2,2,3,2,4,2,3,2,4,2,2,2,4,3,1,4,4,1,2,1,1,1,2,3,1,1,3,3,3,4,3,4,3,3,3,4,1,3,3,4,1,4,1,3,4,1,4,2,2,3,4,4,3,2,3,2,2,3,4,3,1,2,4,3,3,4,2,1,1,3,1,4,3,1,3,2,1,4,1,1,3,3,2,3,3,1,3,2,4,2,2,1,1,2,1,1,4,4,1,2,1,2,2,2,3,4,1,2,4,1,1,3,4,2,2,4,3,4,2,3,1,4,3,3,2,1,1,4,3,2,2,3,1,4,1,3,1,1,4,1,4,4,3,4,3,2,3,2,1,2,2,2,1,1,1,2,3,4,1,1,3,3,3,1,4,2,3,4,1,2,3,2,1,3,4,4,2,4,4,1,1,4,2,4,1,2,2,3,3,4,3,1,2,1,3,1,2,3,1,1,3,2,4,1,2,3,1,2,2,2,2,1,2,1,3,4,1,3,2,3,2,1,2,1,1,1,4,3,4,2,2,1,1,1,2,2,2,4,4,2,1,4,4,1,3,3,2,4,3,3,3,1,1,1,2,2,3,3,4,1,1,1,2,3,2,2,4,1,2,3,3,1,2,2,3,1,3,1,1,3,2,2,1,3,2,4,2,1,2,3,4,4,2,1,2,2,4,3,4,1,4,3,1,1,2,3,4,1,3,3,1,3,2,1,3,2,3,3,2,2,2,3,3,1,3,1,4,1,1,4,1,1,4,4,2,1,2,4,1,2,4,2,1,4,1,4,1,2,1,2,1,3,2,1,1,1,3,4,1,3,1,2,2,1,2,4,1,4,1,2,3,1,2,2,3,1,3,3,1,3,4"
103,0.9886279079380575,0.5196078431372549,2329.0,"2,2,3,4,1,1,4,1,1,2,4,1,1,4,2,2,3,4,1,1,4,4,4,2,1,1,4,3,1,2,2,2,3,3,3,3,1,2,1,3,2,3,4,4,4,3,1,4,4,3,4,1,3,2,1,1,2,1,1,4,3,1,1,3,4,1,4,2,3,1,1,2,4,4,3,1,3,2,4,2,3,1,1,3,1,3,3,3,4,1,2,1,3,4,4,2,4,4,2,2,4,3,3,3,3,4,3,1,2,1,1,2,2,2,4,1,4,2,3,2,1,3,4,4,4,4,1,2,1,3,1,2,2,2,3,2,1,4,2,1,4,2,1,1,3,3,2,1,2,2,4,1,1,2,2,2,4,1,2,1,3,2,3,2,2,3,1,2,1,1,3,4,2,3,3,1,2,2,2,2,3,3,3,4,2,4,4,3,2,2,2,4,1,2,1,1,2,2,3,2,1,4,3,4,3,4,2,1,3,3,1,2,1,1,3,3,2,2,2,2,1,2,4,4,3,3,1,3,1,4,3,1,3,3,3,1,2,4,1,3,1,1,4,2,1,2,4,2,3,3,1,3,2,1,1,2,1,4,2,2,1,2,1,3,2,3,2,1,4,3,4,4,2,2,2,3,2,4,2,2,1,4,2,3,2,1,1,3,3,1,2,1,4,4,3,1,3,4,1,4,1,2,4,1,2,1,4,1,4,4,4,2,2,4,4,2,2,3,2,3,4,3,4,1,2,4,1,2,4,1,1,2,3,3,3,4,2,3,1,1,1,4,3,3,2,2,1,2,4,1,3,4,3,4,1,2,2,2,2,1,2,3,2,4,3,3,1,2,2,1,4,1,4,2,1,2,4,1,1,4,4,3,2,2,1,1,3,4,3,3,4,2,4,1,1,3,2,2,3,3,2,4,1,3,2,3,1,2,3,3,1,4,3,3,1,1,4,2,1,4,1,4,1,3,2,3,2,4,3,3,4,1,3,2,3,3,2,1,3,3,2,1,4,3,4,3,1,3,1,3,4,3,4,2,2,3,4,2,3,3,2,4,1,3,1,2,3,2,1,3,2,4,4,3,2,4,3,2,2,3,4,2,4,4,3,4,3,2,4,2,1,2,1,3,3,1,1,3,3,2,3,3,4,1,2,1,3,3,2,1,3,1,2,1,1,2,4,2,3,1,1,1,4,4,1,4,2,2,1,4,2,4,2,2,2,1,4,2,3,3,2,4,1,1,1,2,1,1,2,2,2,2,1,3,4,1,3,4,3,2,1,4,3,1,1,2,2,3,3,2,2,1,4,1,1,1,2,4,2,1,2,4,2,3,3,2,1,1,4,1,3,4,1,4,3,2,2,1,4,2,3,2,3,1,1,2,2,3,3,3,2,2,3,1,2,3,2,4,1,1,3,3,2,1,3,3,1,3,1,3,2,3,1,1,3,2,1,1,1,2,4,3,2,4,3,2,4,3,3,2,4,2,4,1,1,3,3,3,3,4,4,3,4,1,1,4,2,1,2,1,4,4,3,3,1,2,2,2,1,2,4,2,1,3,3,4,1,4,1,1,3,2,1,4,3,1,4,1,1,1,4,4,3,4,3,3,3,2,2,3,4,3,1,3,4,3,1,2,4,4,4,3,3,2,1,4,2,1,2,3,1,2,1,1,2,4,2,4,2,1,2,1,3,1,3,4,2,3,2,3,3,3,4,1,4,3,2,1,3,1,3,1,1,4,2,4,1,1,2,3,1,4,4,2,1,3,4,3,2,3,2,4,2,1,3,4,1,3,2,2,3,2,3,1,3,4,4,2,3,1,2,2,1,4,1,1,1,1,3,1,4,1,4,3,2,4,3,1,3,1,4,1,3,4,1,1,1,2,2,3,3,1,4,2,1,4,3,2,1,2,2,1,4,3,2,1,2,2,3,4,2,3,1,1,1,3,2,1,3,4,3,3,4,3,1,2,3,3,1,1,4,3,3,3,2,3,1,3,1,1,1,2,3,1,3,2,3,4,1,2,1,1,4,3,4,1,4,2,1,1,3,2,2,3,3,3,4,3,4,4,2,1,2,1,2,3,4,4,4,2,3,2,1,3,1,4,4,4,4,1,1,1,1,1,4,4,4,2,4,2,1,3,3,2,4,2,1,1,3,4,2,2,1,1,4,2,1,1,2,2,4,2,2,3,4,2,1,1,1,3,1,2,2,2,2,4,1,2,4,2,4,2,3,3,2,1,1,4,4,4,3,1,3,4,4,2,2,2,3,1,4,1,3,1,1,2,2,2,1,4,1,2,2,4,4,2,2,3,3,4,4,3,1,1,3,1,2,1,4,3,1,1,2,2,3,4,4,2,1,2,1,2,2,3,2,1,1,3,1,3,1,3,1,1,4,3,2,1,1,3,2,2,4,4,2,3,3,1,4,4,4,2,3,2,3,4,3,3,4,3,2,1,1,1,2,3,2,3,4,3,1,4,3,4,3,2,3,1,2,2,1,1,1,4,3,2,2,4,3,1,4,3,3,2,2,3,4,2,3,3,2,2,2,2,4,1,2,4,3,1,2,3,4,4,1,1,3,1,3,2,3,2,1,1,1,3,4,4,2,1,1,2,3,2,2,2,2,3,3,3,1,1,2,2,2,4,2,4,1,3,1,2,3,4,3,3,2,4,3,4,3,1,3,2,2,2,4,1,4,3,4,4,2,3,4,4,2,2,2,3,3,2,1,4,2,2,3,1,1,4,2,2,4,1,1,2,2,3,2,1,2,2,4,1,1,1,1,3,4,1,4,3,3,1,2,1,4,1,1,2,3,4,3,2,1,3,1,1,3,4,2,4,3,2,1,1,1,1,1,1,2,3,4,2,4,3,4,3,1,2,2,3,1,3,1,3,3,1,2,1,3,3,2,1,2,4,4,4,4,1,4,2,4,4,3,2,2,2,4,2,2,3,2,4,2,3,2,4,2,2,2,4,3,1,4,4,1,2,1,1,1,2,3,1,1,3,3,3,4,3,4,3,3,3,4,1,3,3,4,1,4,1,3,4,1,4,2,2,3,4,4,3,2,3,2,2,3,4,3,1,2,4,3,3,4,2,1,1,3,1,4,3,1,3,2,1,4,1,1,3,3,2,3,3,1,3,2,4,2,2,1,1,2,1,1,4,4,1,2,1,2,2,2,3,4,1,2,4,1,1,3,4,2,2,4,3,4,2,3,1,4,3,3,2,1,1,4,3,2,2,3,1,4,1,3,1,1,4,1,4,4,3,4,3,2,3,2,1,2,2,2,1,1,1,2,3,4,1,1,3,3,3,1,4,2,3,4,1,2,3,2,1,3,4,4,2,4,4,1,1,4,2,4,1,2,2,3,3,4,3,1,2,1,3,1,2,3,1,1,3,2,4,1,2,3,1,2,2,2,2,1,2,1,3,4,1,3,2,3,2,1,2,1,1,1,4,3,4,2,2,1,1,1,2,2,2,4,4,2,1,4,4,1,3,3,2,4,3,3,3,1,1,1,2,2,3,3,4,1,1,1,2,3,2,2,4,1,2,3,3,1,2,2,3,1,3,1,1,3,2,2,1,3,2,4,2,1,2,3,4,4,2,1,2,2,4,3,4,1,4,3,1,1,2,3,4,1,3,3,1,3,2,1,3,2,3,3,2,2,2,3,3,1,3,1,4,1,1,4,1,1,4,4,2,1,2,4,1,2,4,2,1,4,1,4,1,2,1,2,1,3,2,1,1,1,3,4,1,3,1,2,2,1,2,4,1,4,1,2,3,1,2,2,3,1,3,3,1,3,4"
104,0.9886279079380575,0.5196078431372549,2329.0,"2,2,3,4,1,1,4,1,1,2,4,1,1,4,2,2,3,4,1,1,4,4,4,2,1,1,4,3,1,2,2,2,3,3,3,3,1,2,1,3,2,3,4,4,4,3,1,4,4,3,4,1,3,2,1,1,2,1,1,4,3,1,1,3,4,1,4,2,3,1,1,2,4,4,3,1,3,2,4,2,3,1,1,3,1,3,3,3,4,1,2,1,3,4,4,2,4,4,2,2,4,3,3,3,3,4,3,1,2,1,1,2,2,2,4,1,4,2,3,2,1,3,4,4,4,4,1,2,1,3,1,2,2,2,3,2,1,4,2,1,4,2,1,1,3,3,2,1,2,2,4,1,1,2,2,2,4,1,2,1,3,2,3,2,2,3,1,2,1,1,3,4,2,3,3,1,2,2,2,2,3,3,3,4,2,4,4,3,2,2,2,4,1,2,1,1,2,2,3,2,1,4,3,4,3,4,2,1,3,3,1,2,1,1,3,3,2,2,2,2,1,2,4,4,3,3,1,3,1,4,3,1,3,3,3,1,2,4,1,3,1,1,4,2,1,2,4,2,3,3,1,3,2,1,1,2,1,4,2,2,1,2,1,3,2,3,2,1,4,3,4,4,2,2,2,3,2,4,2,2,1,4,2,3,2,1,1,3,3,1,2,1,4,4,3,1,3,4,1,4,1,2,4,1,2,1,4,1,4,4,4,2,2,4,4,2,2,3,2,3,4,3,4,1,2,4,1,2,4,1,1,2,3,3,3,4,2,3,1,1,1,4,3,3,2,2,1,2,4,1,3,4,3,4,1,2,2,2,2,1,2,3,2,4,3,3,1,2,2,1,4,1,4,2,1,2,4,1,1,4,4,3,2,2,1,1,3,4,3,3,4,2,4,1,1,3,2,2,3,3,2,4,1,3,2,3,1,2,3,3,1,4,3,3,1,1,4,2,1,4,1,4,1,3,2,3,2,4,3,3,4,1,3,2,3,3,2,1,3,3,2,1,4,3,4,3,1,3,1,3,4,3,4,2,2,3,4,2,3,3,2,4,1,3,1,2,3,2,1,3,2,4,4,3,2,4,3,2,2,3,4,2,4,4,3,4,3,2,4,2,1,2,1,3,3,1,1,3,3,2,3,3,4,1,2,1,3,3,2,1,3,1,2,1,1,2,4,2,3,1,1,1,4,4,1,4,2,2,1,4,2,4,2,2,2,1,4,2,3,3,2,4,1,1,1,2,1,1,2,2,2,2,1,3,4,1,3,4,3,2,1,4,3,1,1,2,2,3,3,2,2,1,4,1,1,1,2,4,2,1,2,4,2,3,3,2,1,1,4,1,3,4,1,4,3,2,2,1,4,2,3,2,3,1,1,2,2,3,3,3,2,2,3,1,2,3,2,4,1,1,3,3,2,1,3,3,1,3,1,3,2,3,1,1,3,2,1,1,1,2,4,3,2,4,3,2,4,3,3,2,4,2,4,1,1,3,3,3,3,4,4,3,4,1,1,4,2,1,2,1,4,4,3,3,1,2,2,2,1,2,4,2,1,3,3,4,1,4,1,1,3,2,1,4,3,1,4,1,1,1,4,4,3,4,3,3,3,2,2,3,4,3,1,3,4,3,1,2,4,4,4,3,3,2,1,4,2,1,2,3,1,2,1,1,2,4,2,4,2,1,2,1,3,1,3,4,2,3,2,3,3,3,4,1,4,3,2,1,3,1,3,1,1,4,2,4,1,1,2,3,1,4,4,2,1,3,4,3,2,3,2,4,2,1,3,4,1,3,2,2,3,2,3,1,3,4,4,2,3,1,2,2,1,4,1,1,1,1,3,1,4,1,4,3,2,4,3,1,3,1,4,1,3,4,1,1,1,2,2,3,3,1,4,2,1,4,3,2,1,2,2,1,4,3,2,1,2,2,3,4,2,3,1,1,1,3,2,1,3,4,3,3,4,3,1,2,3,3,1,1,4,3,3,3,2,3,1,3,1,1,1,2,3,1,3,2,3,4,1,2,1,1,4,3,4,1,4,2,1,1,3,2,2,3,3,3,4,3,4,4,2,1,2,1,2,3,4,4,4,2,3,2,1,3,1,4,4,4,4,1,1,1,1,1,4,4,4,2,4,2,1,3,3,2,4,2,1,1,3,4,2,2,1,1,4,2,1,1,2,2,4,2,2,3,4,2,1,1,1,3,1,2,2,2,2,4,1,2,4,2,4,2,3,3,2,1,1,4,4,4,3,1,3,4,4,2,2,2,3,1,4,1,3,1,1,2,2,2,1,4,1,2,2,4,4,2,2,3,3,4,4,3,1,1,3,1,2,1,4,3,1,1,2,2,3,4,4,2,1,2,1,2,2,3,2,1,1,3,1,3,1,3,1,1,4,3,2,1,1,3,2,2,4,4,2,3,3,1,4,4,4,2,3,2,3,4,3,3,4,3,2,1,1,1,2,3,2,3,4,3,1,4,3,4,3,2,3,1,2,2,1,1,1,4,3,2,2,4,3,1,4,3,3,2,2,3,4,2,3,3,2,2,2,2,4,1,2,4,3,1,2,3,4,4,1,1,3,1,3,2,3,2,1,1,1,3,4,4,2,1,1,2,3,2,2,2,2,3,3,3,1,1,2,2,2,4,2,4,1,3,1,2,3,4,3,3,2,4,3,4,3,1,3,2,2,2,4,1,4,3,4,4,2,3,4,4,2,2,2,3,3,2,1,4,2,2,3,1,1,4,2,2,4,1,1,2,2,3,2,1,2,2,4,1,1,1,1,3,4,1,4,3,3,1,2,1,4,1,1,2,3,4,3,2,1,3,1,1,3,4,2,4,3,2,1,1,1,1,1,1,2,3,4,2,4,3,4,3,1,2,2,3,1,3,1,3,3,1,2,1,3,3,2,1,2,4,4,4,4,1,4,2,4,4,3,2,2,2,4,2,2,3,2,4,2,3,2,4,2,2,2,4,3,1,4,4,1,2,1,1,1,2,3,1,1,3,3,3,4,3,4,3,3,3,4,1,3,3,4,1,4,1,3,4,1,4,2,2,3,4,4,3,2,3,2,2,3,4,3,1,2,4,3,3,4,2,1,1,3,1,4,3,1,3,2,1,4,1,1,3,3,2,3,3,1,3,2,4,2,2,1,1,2,1,1,4,4,1,2,1,2,2,2,3,4,1,2,4,1,1,3,4,2,2,4,3,4,2,3,1,4,3,3,2,1,1,4,3,2,2,3,1,4,1,3,1,1,4,1,4,4,3,4,3,2,3,2,1,2,2,2,1,1,1,2,3,4,1,1,3,3,3,1,4,2,3,4,1,2,3,2,1,3,4,4,2,4,4,1,1,4,2,4,1,2,2,3,3,4,3,1,2,1,3,1,2,3,1,1,3,2,4,1,2,3,1,2,2,2,2,1,2,1,3,4,1,3,2,3,2,1,2,1,1,1,4,3,4,2,2,1,1,1,2,2,2,4,4,2,1,4,4,1,3,3,2,4,3,3,3,1,1,1,2,2,3,3,4,1,1,1,2,3,2,2,4,1,2,3,3,1,2,2,3,1,3,1,1,3,2,2,1,3,2,4,2,1,2,3,4,4,2,1,2,2,4,3,4,1,4,3,1,1,2,3,4,1,3,3,1,3,2,1,3,2,3,3,2,2,2,3,3,1,3,1,4,1,1,4,1,1,4,4,2,1,2,4,1,2,4,2,1,4,1,4,1,2,1,2,1,3,2,1,1,1,3,4,1,3,1,2,2,1,2,4,1,4,1,2,3,1,2,2,3,1,3,3,1,3,4"
105,0.9886279079380575,0.5196078431372549,2329.0,"2,2,3,4,1,1,4,1,1,2,4,1,1,4,2,2,3,4,1,1,4,4,4,2,1,1,4,3,1,2,2,2,3,3,3,3,1,2,1,3,2,3,4,4,4,3,1,4,4,3,4,1,3,2,1,1,2,1,1,4,3,1,1,3,4,1,4,2,3,1,1,2,4,4,3,1,3,2,4,2,3,1,1,3,1,3,3,3,4,1,2,1,3,4,4,2,4,4,2,2,4,3,3,3,3,4,3,1,2,1,1,2,2,2,4,1,4,2,3,2,1,3,4,4,4,4,1,2,1,3,1,2,2,2,3,2,1,4,2,1,4,2,1,1,3,3,2,1,2,2,4,1,1,2,2,2,4,1,2,1,3,2,3,2,2,3,1,2,1,1,3,4,2,3,3,1,2,2,2,2,3,3,3,4,2,4,4,3,2,2,2,4,1,2,1,1,2,2,3,2,1,4,3,4,3,4,2,1,3,3,1,2,1,1,3,3,2,2,2,2,1,2,4,4,3,3,1,3,1,4,3,1,3,3,3,1,2,4,1,3,1,1,4,2,1,2,4,2,3,3,1,3,2,1,1,2,1,4,2,2,1,2,1,3,2,3,2,1,4,3,4,4,2,2,2,3,2,4,2,2,1,4,2,3,2,1,1,3,3,1,2,1,4,4,3,1,3,4,1,4,1,2,4,1,2,1,4,1,4,4,4,2,2,4,4,2,2,3,2,3,4,3,4,1,2,4,1,2,4,1,1,2,3,3,3,4,2,3,1,1,1,4,3,3,2,2,1,2,4,1,3,4,3,4,1,2,2,2,2,1,2,3,2,4,3,3,1,2,2,1,4,1,4,2,1,2,4,1,1,4,4,3,2,2,1,1,3,4,3,3,4,2,4,1,1,3,2,2,3,3,2,4,1,3,2,3,1,2,3,3,1,4,3,3,1,1,4,2,1,4,1,4,1,3,2,3,2,4,3,3,4,1,3,2,3,3,2,1,3,3,2,1,4,3,4,3,1,3,1,3,4,3,4,2,2,3,4,2,3,3,2,4,1,3,1,2,3,2,1,3,2,4,4,3,2,4,3,2,2,3,4,2,4,4,3,4,3,2,4,2,1,2,1,3,3,1,1,3,3,2,3,3,4,1,2,1,3,3,2,1,3,1,2,1,1,2,4,2,3,1,1,1,4,4,1,4,2,2,1,4,2,4,2,2,2,1,4,2,3,3,2,4,1,1,1,2,1,1,2,2,2,2,1,3,4,1,3,4,3,2,1,4,3,1,1,2,2,3,3,2,2,1,4,1,1,1,2,4,2,1,2,4,2,3,3,2,1,1,4,1,3,4,1,4,3,2,2,1,4,2,3,2,3,1,1,2,2,3,3,3,2,2,3,1,2,3,2,4,1,1,3,3,2,1,3,3,1,3,1,3,2,3,1,1,3,2,1,1,1,2,4,3,2,4,3,2,4,3,3,2,4,2,4,1,1,3,3,3,3,4,4,3,4,1,1,4,2,1,2,1,4,4,3,3,1,2,2,2,1,2,4,2,1,3,3,4,1,4,1,1,3,2,1,4,3,1,4,1,1,1,4,4,3,4,3,3,3,2,2,3,4,3,1,3,4,3,1,2,4,4,4,3,3,2,1,4,2,1,2,3,1,2,1,1,2,4,2,4,2,1,2,1,3,1,3,4,2,3,2,3,3,3,4,1,4,3,2,1,3,1,3,1,1,4,2,4,1,1,2,3,1,4,4,2,1,3,4,3,2,3,2,4,2,1,3,4,1,3,2,2,3,2,3,1,3,4,4,2,3,1,2,2,1,4,1,1,1,1,3,1,4,1,4,3,2,4,3,1,3,1,4,1,3,4,1,1,1,2,2,3,3,1,4,2,1,4,3,2,1,2,2,1,4,3,2,1,2,2,3,4,2,3,1,1,1,3,2,1,3,4,3,3,4,3,1,2,3,3,1,1,4,3,3,3,2,3,1,3,1,1,1,2,3,1,3,2,3,4,1,2,1,1,4,3,4,1,4,2,1,1,3,2,2,3,3,3,4,3,4,4,2,1,2,1,2,3,4,4,4,2,3,2,1,3,1,4,4,4,4,1,1,1,1,1,4,4,4,2,4,2,1,3,3,2,4,2,1,1,3,4,2,2,1,1,4,2,1,1,2,2,4,2,2,3,4,2,1,1,1,3,1,2,2,2,2,4,1,2,4,2,4,2,3,3,2,1,1,4,4,4,3,1,3,4,4,2,2,2,3,1,4,1,3,1,1,2,2,2,1,4,1,2,2,4,4,2,2,3,3,4,4,3,1,1,3,1,2,1,4,3,1,1,2,2,3,4,4,2,1,2,1,2,2,3,2,1,1,3,1,3,1,3,1,1,4,3,2,1,1,3,2,2,4,4,2,3,3,1,4,4,4,2,3,2,3,4,3,3,4,3,2,1,1,1,2,3,2,3,4,3,1,4,3,4,3,2,3,1,2,2,1,1,1,4,3,2,2,4,3,1,4,3,3,2,2,3,4,2,3,3,2,2,2,2,4,1,2,4,3,1,2,3,4,4,1,1,3,1,3,2,3,2,1,1,1,3,4,4,2,1,1,2,3,2,2,2,2,3,3,3,1,1,2,2,2,4,2,4,1,3,1,2,3,4,3,3,2,4,3,4,3,1,3,2,2,2,4,1,4,3,4,4,2,3,4,4,2,2,2,3,3,2,1,4,2,2,3,1,1,4,2,2,4,1,1,2,2,3,2,1,2,2,4,1,1,1,1,3,4,1,4,3,3,1,2,1,4,1,1,2,3,4,3,2,1,3,1,1,3,4,2,4,3,2,1,1,1,1,1,1,2,3,4,2,4,3,4,3,1,2,2,3,1,3,1,3,3,1,2,1,3,3,2,1,2,4,4,4,4,1,4,2,4,4,3,2,2,2,4,2,2,3,2,4,2,3,2,4,2,2,2,4,3,1,4,4,1,2,1,1,1,2,3,1,1,3,3,3,4,3,4,3,3,3,4,1,3,3,4,1,4,1,3,4,1,4,2,2,3,4,4,3,2,3,2,2,3,4,3,1,2,4,3,3,4,2,1,1,3,1,4,3,1,3,2,1,4,1,1,3,3,2,3,3,1,3,2,4,2,2,1,1,2,1,1,4,4,1,2,1,2,2,2,3,4,1,2,4,1,1,3,4,2,2,4,3,4,2,3,1,4,3,3,2,1,1,4,3,2,2,3,1,4,1,3,1,1,4,1,4,4,3,4,3,2,3,2,1,2,2,2,1,1,1,2,3,4,1,1,3,3,3,1,4,2,3,4,1,2,3,2,1,3,4,4,2,4,4,1,1,4,2,4,1,2,2,3,3,4,3,1,2,1,3,1,2,3,1,1,3,2,4,1,2,3,1,2,2,2,2,1,2,1,3,4,1,3,2,3,2,1,2,1,1,1,4,3,4,2,2,1,1,1,2,2,2,4,4,2,1,4,4,1,3,3,2,4,3,3,3,1,1,1,2,2,3,3,4,1,1,1,2,3,2,2,4,1,2,3,3,1,2,2,3,1,3,1,1,3,2,2,1,3,2,4,2,1,2,3,4,4,2,1,2,2,4,3,4,1,4,3,1,1,2,3,4,1,3,3,1,3,2,1,3,2,3,3,2,2,2,3,3,1,3,1,4,1,1,4,1,1,4,4,2,1,2,4,1,2,4,2,1,4,1,4,1,2,1,2,1,3,2,1,1,1,3,4,1,3,1,2,2,1,2,4,1,4,1,2,3,1,2,2,3,1,3,3,1,3,4"
106,0.9886279079380575,0.5196078431372549,2329.0,"2,2,3,4,1,1,4,1,1,2,4,1,1,4,2,2,3,4,1,1,4,4,4,2,1,1,4,3,1,2,2,2,3,3,3,3,1,2,1,3,2,3,4,4,4,3,1,4,4,3,4,1,3,2,1,1,2,1,1,4,3,1,1,3,4,1,4,2,3,1,1,2,4,4,3,1,3,2,4,2,3,1,1,3,1,3,3,3,4,1,2,1,3,4,4,2,4,4,2,2,4,3,3,3,3,4,3,1,2,1,1,2,2,2,4,1,4,2,3,2,1,3,4,4,4,4,1,2,1,3,1,2,2,2,3,2,1,4,2,1,4,2,1,1,3,3,2,1,2,2,4,1,1,2,2,2,4,1,2,1,3,2,3,2,2,3,1,2,1,1,3,4,2,3,3,1,2,2,2,2,3,3,3,4,2,4,4,3,2,2,2,4,1,2,1,1,2,2,3,2,1,4,3,4,3,4,2,1,3,3,1,2,1,1,3,3,2,2,2,2,1,2,4,4,3,3,1,3,1,4,3,1,3,3,3,1,2,4,1,3,1,1,4,2,1,2,4,2,3,3,1,3,2,1,1,2,1,4,2,2,1,2,1,3,2,3,2,1,4,3,4,4,2,2,2,3,2,4,2,2,1,4,2,3,2,1,1,3,3,1,2,1,4,4,3,1,3,4,1,4,1,2,4,1,2,1,4,1,4,4,4,2,2,4,4,2,2,3,2,3,4,3,4,1,2,4,1,2,4,1,1,2,3,3,3,4,2,3,1,1,1,4,3,3,2,2,1,2,4,1,3,4,3,4,1,2,2,2,2,1,2,3,2,4,3,3,1,2,2,1,4,1,4,2,1,2,4,1,1,4,4,3,2,2,1,1,3,4,3,3,4,2,4,1,1,3,2,2,3,3,2,4,1,3,2,3,1,2,3,3,1,4,3,3,1,1,4,2,1,4,1,4,1,3,2,3,2,4,3,3,4,1,3,2,3,3,2,1,3,3,2,1,4,3,4,3,1,3,1,3,4,3,4,2,2,3,4,2,3,3,2,4,1,3,1,2,3,2,1,3,2,4,4,3,2,4,3,2,2,3,4,2,4,4,3,4,3,2,4,2,1,2,1,3,3,1,1,3,3,2,3,3,4,1,2,1,3,3,2,1,3,1,2,1,1,2,4,2,3,1,1,1,4,4,1,4,2,2,1,4,2,4,2,2,2,1,4,2,3,3,2,4,1,1,1,2,1,1,2,2,2,2,1,3,4,1,3,4,3,2,1,4,3,1,1,2,2,3,3,2,2,1,4,1,1,1,2,4,2,1,2,4,2,3,3,2,1,1,4,1,3,4,1,4,3,2,2,1,4,2,3,2,3,1,1,2,2,3,3,3,2,2,3,1,2,3,2,4,1,1,3,3,2,1,3,3,1,3,1,3,2,3,1,1,3,2,1,1,1,2,4,3,2,4,3,2,4,3,3,2,4,2,4,1,1,3,3,3,3,4,4,3,4,1,1,4,2,1,2,1,4,4,3,3,1,2,2,2,1,2,4,2,1,3,3,4,1,4,1,1,3,2,1,4,3,1,4,1,1,1,4,4,3,4,3,3,3,2,2,3,4,3,1,3,4,3,1,2,4,4,4,3,3,2,1,4,2,1,2,3,1,2,1,1,2,4,2,4,2,1,2,1,3,1,3,4,2,3,2,3,3,3,4,1,4,3,2,1,3,1,3,1,1,4,2,4,1,1,2,3,1,4,4,2,1,3,4,3,2,3,2,4,2,1,3,4,1,3,2,2,3,2,3,1,3,4,4,2,3,1,2,2,1,4,1,1,1,1,3,1,4,1,4,3,2,4,3,1,3,1,4,1,3,4,1,1,1,2,2,3,3,1,4,2,1,4,3,2,1,2,2,1,4,3,2,1,2,2,3,4,2,3,1,1,1,3,2,1,3,4,3,3,4,3,1,2,3,3,1,1,4,3,3,3,2,3,1,3,1,1,1,2,3,1,3,2,3,4,1,2,1,1,4,3,4,1,4,2,1,1,3,2,2,3,3,3,4,3,4,4,2,1,2,1,2,3,4,4,4,2,3,2,1,3,1,4,4,4,4,1,1,1,1,1,4,4,4,2,4,2,1,3,3,2,4,2,1,1,3,4,2,2,1,1,4,2,1,1,2,2,4,2,2,3,4,2,1,1,1,3,1,2,2,2,2,4,1,2,4,2,4,2,3,3,2,1,1,4,4,4,3,1,3,4,4,2,2,2,3,1,4,1,3,1,1,2,2,2,1,4,1,2,2,4,4,2,2,3,3,4,4,3,1,1,3,1,2,1,4,3,1,1,2,2,3,4,4,2,1,2,1,2,2,3,2,1,1,3,1,3,1,3,1,1,4,3,2,1,1,3,2,2,4,4,2,3,3,1,4,4,4,2,3,2,3,4,3,3,4,3,2,1,1,1,2,3,2,3,4,3,1,4,3,4,3,2,3,1,2,2,1,1,1,4,3,2,2,4,3,1,4,3,3,2,2,3,4,2,3,3,2,2,2,2,4,1,2,4,3,1,2,3,4,4,1,1,3,1,3,2,3,2,1,1,1,3,4,4,2,1,1,2,3,2,2,2,2,3,3,3,1,1,2,2,2,4,2,4,1,3,1,2,3,4,3,3,2,4,3,4,3,1,3,2,2,2,4,1,4,3,4,4,2,3,4,4,2,2,2,3,3,2,1,4,2,2,3,1,1,4,2,2,4,1,1,2,2,3,2,1,2,2,4,1,1,1,1,3,4,1,4,3,3,1,2,1,4,1,1,2,3,4,3,2,1,3,1,1,3,4,2,4,3,2,1,1,1,1,1,1,2,3,4,2,4,3,4,3,1,2,2,3,1,3,1,3,3,1,2,1,3,3,2,1,2,4,4,4,4,1,4,2,4,4,3,2,2,2,4,2,2,3,2,4,2,3,2,4,2,2,2,4,3,1,4,4,1,2,1,1,1,2,3,1,1,3,3,3,4,3,4,3,3,3,4,1,3,3,4,1,4,1,3,4,1,4,2,2,3,4,4,3,2,3,2,2,3,4,3,1,2,4,3,3,4,2,1,1,3,1,4,3,1,3,2,1,4,1,1,3,3,2,3,3,1,3,2,4,2,2,1,1,2,1,1,4,4,1,2,1,2,2,2,3,4,1,2,4,1,1,3,4,2,2,4,3,4,2,3,1,4,3,3,2,1,1,4,3,2,2,3,1,4,1,3,1,1,4,1,4,4,3,4,3,2,3,2,1,2,2,2,1,1,1,2,3,4,1,1,3,3,3,1,4,2,3,4,1,2,3,2,1,3,4,4,2,4,4,1,1,4,2,4,1,2,2,3,3,4,3,1,2,1,3,1,2,3,1,1,3,2,4,1,2,3,1,2,2,2,2,1,2,1,3,4,1,3,2,3,2,1,2,1,1,1,4,3,4,2,2,1,1,1,2,2,2,4,4,2,1,4,4,1,3,3,2,4,3,3,3,1,1,1,2,2,3,3,4,1,1,1,2,3,2,2,4,1,2,3,3,1,2,2,3,1,3,1,1,3,2,2,1,3,2,4,2,1,2,3,4,4,2,1,2,2,4,3,4,1,4,3,1,1,2,3,4,1,3,3,1,3,2,1,3,2,3,3,2,2,2,3,3,1,3,1,4,1,1,4,1,1,4,4,2,1,2,4,1,2,4,2,1,4,1,4,1,2,1,2,1,3,2,1,1,1,3,4,1,3,1,2,2,1,2,4,1,4,1,2,3,1,2,2,3,1,3,3,1,3,4"
107,0.9886279079380575,0.5196078431372549,2329.0,"2,2,3,4,1,1,4,1,1,2,4,1,1,4,2,2,3,4,1,1,4,4,4,2,1,1,4,3,1,2,2,2,3,3,3,3,1,2,1,3,2,3,4,4,4,3,1,4,4,3,4,1,3,2,1,1,2,1,1,4,3,1,1,3,4,1,4,2,3,1,1,2,4,4,3,1,3,2,4,2,3,1,1,3,1,3,3,3,4,1,2,1,3,4,4,2,4,4,2,2,4,3,3,3,3,4,3,1,2,1,1,2,2,2,4,1,4,2,3,2,1,3,4,4,4,4,1,2,1,3,1,2,2,2,3,2,1,4,2,1,4,2,1,1,3,3,2,1,2,2,4,1,1,2,2,2,4,1,2,1,3,2,3,2,2,3,1,2,1,1,3,4,2,3,3,1,2,2,2,2,3,3,3,4,2,4,4,3,2,2,2,4,1,2,1,1,2,2,3,2,1,4,3,4,3,4,2,1,3,3,1,2,1,1,3,3,2,2,2,2,1,2,4,4,3,3,1,3,1,4,3,1,3,3,3,1,2,4,1,3,1,1,4,2,1,2,4,2,3,3,1,3,2,1,1,2,1,4,2,2,1,2,1,3,2,3,2,1,4,3,4,4,2,2,2,3,2,4,2,2,1,4,2,3,2,1,1,3,3,1,2,1,4,4,3,1,3,4,1,4,1,2,4,1,2,1,4,1,4,4,4,2,2,4,4,2,2,3,2,3,4,3,4,1,2,4,1,2,4,1,1,2,3,3,3,4,2,3,1,1,1,4,3,3,2,2,1,2,4,1,3,4,3,4,1,2,2,2,2,1,2,3,2,4,3,3,1,2,2,1,4,1,4,2,1,2,4,1,1,4,4,3,2,2,1,1,3,4,3,3,4,2,4,1,1,3,2,2,3,3,2,4,1,3,2,3,1,2,3,3,1,4,3,3,1,1,4,2,1,4,1,4,1,3,2,3,2,4,3,3,4,1,3,2,3,3,2,1,3,3,2,1,4,3,4,3,1,3,1,3,4,3,4,2,2,3,4,2,3,3,2,4,1,3,1,2,3,2,1,3,2,4,4,3,2,4,3,2,2,3,4,2,4,4,3,4,3,2,4,2,1,2,1,3,3,1,1,3,3,2,3,3,4,1,2,1,3,3,2,1,3,1,2,1,1,2,4,2,3,1,1,1,4,4,1,4,2,2,1,4,2,4,2,2,2,1,4,2,3,3,2,4,1,1,1,2,1,1,2,2,2,2,1,3,4,1,3,4,3,2,1,4,3,1,1,2,2,3,3,2,2,1,4,1,1,1,2,4,2,1,2,4,2,3,3,2,1,1,4,1,3,4,1,4,3,2,2,1,4,2,3,2,3,1,1,2,2,3,3,3,2,2,3,1,2,3,2,4,1,1,3,3,2,1,3,3,1,3,1,3,2,3,1,1,3,2,1,1,1,2,4,3,2,4,3,2,4,3,3,2,4,2,4,1,1,3,3,3,3,4,4,3,4,1,1,4,2,1,2,1,4,4,3,3,1,2,2,2,1,2,4,2,1,3,3,4,1,4,1,1,3,2,1,4,3,1,4,1,1,1,4,4,3,4,3,3,3,2,2,3,4,3,1,3,4,3,1,2,4,4,4,3,3,2,1,4,2,1,2,3,1,2,1,1,2,4,2,4,2,1,2,1,3,1,3,4,2,3,2,3,3,3,4,1,4,3,2,1,3,1,3,1,1,4,2,4,1,1,2,3,1,4,4,2,1,3,4,3,2,3,2,4,2,1,3,4,1,3,2,2,3,2,3,1,3,4,4,2,3,1,2,2,1,4,1,1,1,1,3,1,4,1,4,3,2,4,3,1,3,1,4,1,3,4,1,1,1,2,2,3,3,1,4,2,1,4,3,2,1,2,2,1,4,3,2,1,2,2,3,4,2,3,1,1,1,3,2,1,3,4,3,3,4,3,1,2,3,3,1,1,4,3,3,3,2,3,1,3,1,1,1,2,3,1,3,2,3,4,1,2,1,1,4,3,4,1,4,2,1,1,3,2,2,3,3,3,4,3,4,4,2,1,2,1,2,3,4,4,4,2,3,2,1,3,1,4,4,4,4,1,1,1,1,1,4,4,4,2,4,2,1,3,3,2,4,2,1,1,3,4,2,2,1,1,4,2,1,1,2,2,4,2,2,3,4,2,1,1,1,3,1,2,2,2,2,4,1,2,4,2,4,2,3,3,2,1,1,4,4,4,3,1,3,4,4,2,2,2,3,1,4,1,3,1,1,2,2,2,1,4,1,2,2,4,4,2,2,3,3,4,4,3,1,1,3,1,2,1,4,3,1,1,2,2,3,4,4,2,1,2,1,2,2,3,2,1,1,3,1,3,1,3,1,1,4,3,2,1,1,3,2,2,4,4,2,3,3,1,4,4,4,2,3,2,3,4,3,3,4,3,2,1,1,1,2,3,2,3,4,3,1,4,3,4,3,2,3,1,2,2,1,1,1,4,3,2,2,4,3,1,4,3,3,2,2,3,4,2,3,3,2,2,2,2,4,1,2,4,3,1,2,3,4,4,1,1,3,1,3,2,3,2,1,1,1,3,4,4,2,1,1,2,3,2,2,2,2,3,3,3,1,1,2,2,2,4,2,4,1,3,1,2,3,4,3,3,2,4,3,4,3,1,3,2,2,2,4,1,4,3,4,4,2,3,4,4,2,2,2,3,3,2,1,4,2,2,3,1,1,4,2,2,4,1,1,2,2,3,2,1,2,2,4,1,1,1,1,3,4,1,4,3,3,1,2,1,4,1,1,2,3,4,3,2,1,3,1,1,3,4,2,4,3,2,1,1,1,1,1,1,2,3,4,2,4,3,4,3,1,2,2,3,1,3,1,3,3,1,2,1,3,3,2,1,2,4,4,4,4,1,4,2,4,4,3,2,2,2,4,2,2,3,2,4,2,3,2,4,2,2,2,4,3,1,4,4,1,2,1,1,1,2,3,1,1,3,3,3,4,3,4,3,3,3,4,1,3,3,4,1,4,1,3,4,1,4,2,2,3,4,4,3,2,3,2,2,3,4,3,1,2,4,3,3,4,2,1,1,3,1,4,3,1,3,2,1,4,1,1,3,3,2,3,3,1,3,2,4,2,2,1,1,2,1,1,4,4,1,2,1,2,2,2,3,4,1,2,4,1,1,3,4,2,2,4,3,4,2,3,1,4,3,3,2,1,1,4,3,2,2,3,1,4,1,3,1,1,4,1,4,4,3,4,3,2,3,2,1,2,2,2,1,1,1,2,3,4,1,1,3,3,3,1,4,2,3,4,1,2,3,2,1,3,4,4,2,4,4,1,1,4,2,4,1,2,2,3,3,4,3,1,2,1,3,1,2,3,1,1,3,2,4,1,2,3,1,2,2,2,2,1,2,1,3,4,1,3,2,3,2,1,2,1,1,1,4,3,4,2,2,1,1,1,2,2,2,4,4,2,1,4,4,1,3,3,2,4,3,3,3,1,1,1,2,2,3,3,4,1,1,1,2,3,2,2,4,1,2,3,3,1,2,2,3,1,3,1,1,3,2,2,1,3,2,4,2,1,2,3,4,4,2,1,2,2,4,3,4,1,4,3,1,1,2,3,4,1,3,3,1,3,2,1,3,2,3,3,2,2,2,3,3,1,3,1,4,1,1,4,1,1,4,4,2,1,2,4,1,2,4,2,1,4,1,4,1,2,1,2,1,3,2,1,1,1,3,4,1,3,1,2,2,1,2,4,1,4,1,2,3,1,2,2,3,1,3,3,1,3,4"
108,0.9886279079380575,0.5196078431372549,2329.0,"2,2,3,4,1,1,4,1,1,2,4,1,1,4,2,2,3,4,1,1,4,4,4,2,1,1,4,3,1,2,2,2,3,3,3,3,1,2,1,3,2,3,4,4,4,3,1,4,4,3,4,1,3,2,1,1,2,1,1,4,3,1,1,3,4,1,4,2,3,1,1,2,4,4,3,1,3,2,4,2,3,1,1,3,1,3,3,3,4,1,2,1,3,4,4,2,4,4,2,2,4,3,3,3,3,4,3,1,2,1,1,2,2,2,4,1,4,2,3,2,1,3,4,4,4,4,1,2,1,3,1,2,2,2,3,2,1,4,2,1,4,2,1,1,3,3,2,1,2,2,4,1,1,2,2,2,4,1,2,1,3,2,3,2,2,3,1,2,1,1,3,4,2,3,3,1,2,2,2,2,3,3,3,4,2,4,4,3,2,2,2,4,1,2,1,1,2,2,3,2,1,4,3,4,3,4,2,1,3,3,1,2,1,1,3,3,2,2,2,2,1,2,4,4,3,3,1,3,1,4,3,1,3,3,3,1,2,4,1,3,1,1,4,2,1,2,4,2,3,3,1,3,2,1,1,2,1,4,2,2,1,2,1,3,2,3,2,1,4,3,4,4,2,2,2,3,2,4,2,2,1,4,2,3,2,1,1,3,3,1,2,1,4,4,3,1,3,4,1,4,1,2,4,1,2,1,4,1,4,4,4,2,2,4,4,2,2,3,2,3,4,3,4,1,2,4,1,2,4,1,1,2,3,3,3,4,2,3,1,1,1,4,3,3,2,2,1,2,4,1,3,4,3,4,1,2,2,2,2,1,2,3,2,4,3,3,1,2,2,1,4,1,4,2,1,2,4,1,1,4,4,3,2,2,1,1,3,4,3,3,4,2,4,1,1,3,2,2,3,3,2,4,1,3,2,3,1,2,3,3,1,4,3,3,1,1,4,2,1,4,1,4,1,3,2,3,2,4,3,3,4,1,3,2,3,3,2,1,3,3,2,1,4,3,4,3,1,3,1,3,4,3,4,2,2,3,4,2,3,3,2,4,1,3,1,2,3,2,1,3,2,4,4,3,2,4,3,2,2,3,4,2,4,4,3,4,3,2,4,2,1,2,1,3,3,1,1,3,3,2,3,3,4,1,2,1,3,3,2,1,3,1,2,1,1,2,4,2,3,1,1,1,4,4,1,4,2,2,1,4,2,4,2,2,2,1,4,2,3,3,2,4,1,1,1,2,1,1,2,2,2,2,1,3,4,1,3,4,3,2,1,4,3,1,1,2,2,3,3,2,2,1,4,1,1,1,2,4,2,1,2,4,2,3,3,2,1,1,4,1,3,4,1,4,3,2,2,1,4,2,3,2,3,1,1,2,2,3,3,3,2,2,3,1,2,3,2,4,1,1,3,3,2,1,3,3,1,3,1,3,2,3,1,1,3,2,1,1,1,2,4,3,2,4,3,2,4,3,3,2,4,2,4,1,1,3,3,3,3,4,4,3,4,1,1,4,2,1,2,1,4,4,3,3,1,2,2,2,1,2,4,2,1,3,3,4,1,4,1,1,3,2,1,4,3,1,4,1,1,1,4,4,3,4,3,3,3,2,2,3,4,3,1,3,4,3,1,2,4,4,4,3,3,2,1,4,2,1,2,3,1,2,1,1,2,4,2,4,2,1,2,1,3,1,3,4,2,3,2,3,3,3,4,1,4,3,2,1,3,1,3,1,1,4,2,4,1,1,2,3,1,4,4,2,1,3,4,3,2,3,2,4,2,1,3,4,1,3,2,2,3,2,3,1,3,4,4,2,3,1,2,2,1,4,1,1,1,1,3,1,4,1,4,3,2,4,3,1,3,1,4,1,3,4,1,1,1,2,2,3,3,1,4,2,1,4,3,2,1,2,2,1,4,3,2,1,2,2,3,4,2,3,1,1,1,3,2,1,3,4,3,3,4,3,1,2,3,3,1,1,4,3,3,3,2,3,1,3,1,1,1,2,3,1,3,2,3,4,1,2,1,1,4,3,4,1,4,2,1,1,3,2,2,3,3,3,4,3,4,4,2,1,2,1,2,3,4,4,4,2,3,2,1,3,1,4,4,4,4,1,1,1,1,1,4,4,4,2,4,2,1,3,3,2,4,2,1,1,3,4,2,2,1,1,4,2,1,1,2,2,4,2,2,3,4,2,1,1,1,3,1,2,2,2,2,4,1,2,4,2,4,2,3,3,2,1,1,4,4,4,3,1,3,4,4,2,2,2,3,1,4,1,3,1,1,2,2,2,1,4,1,2,2,4,4,2,2,3,3,4,4,3,1,1,3,1,2,1,4,3,1,1,2,2,3,4,4,2,1,2,1,2,2,3,2,1,1,3,1,3,1,3,1,1,4,3,2,1,1,3,2,2,4,4,2,3,3,1,4,4,4,2,3,2,3,4,3,3,4,3,2,1,1,1,2,3,2,3,4,3,1,4,3,4,3,2,3,1,2,2,1,1,1,4,3,2,2,4,3,1,4,3,3,2,2,3,4,2,3,3,2,2,2,2,4,1,2,4,3,1,2,3,4,4,1,1,3,1,3,2,3,2,1,1,1,3,4,4,2,1,1,2,3,2,2,2,2,3,3,3,1,1,2,2,2,4,2,4,1,3,1,2,3,4,3,3,2,4,3,4,3,1,3,2,2,2,4,1,4,3,4,4,2,3,4,4,2,2,2,3,3,2,1,4,2,2,3,1,1,4,2,2,4,1,1,2,2,3,2,1,2,2,4,1,1,1,1,3,4,1,4,3,3,1,2,1,4,1,1,2,3,4,3,2,1,3,1,1,3,4,2,4,3,2,1,1,1,1,1,1,2,3,4,2,4,3,4,3,1,2,2,3,1,3,1,3,3,1,2,1,3,3,2,1,2,4,4,4,4,1,4,2,4,4,3,2,2,2,4,2,2,3,2,4,2,3,2,4,2,2,2,4,3,1,4,4,1,2,1,1,1,2,3,1,1,3,3,3,4,3,4,3,3,3,4,1,3,3,4,1,4,1,3,4,1,4,2,2,3,4,4,3,2,3,2,2,3,4,3,1,2,4,3,3,4,2,1,1,3,1,4,3,1,3,2,1,4,1,1,3,3,2,3,3,1,3,2,4,2,2,1,1,2,1,1,4,4,1,2,1,2,2,2,3,4,1,2,4,1,1,3,4,2,2,4,3,4,2,3,1,4,3,3,2,1,1,4,3,2,2,3,1,4,1,3,1,1,4,1,4,4,3,4,3,2,3,2,1,2,2,2,1,1,1,2,3,4,1,1,3,3,3,1,4,2,3,4,1,2,3,2,1,3,4,4,2,4,4,1,1,4,2,4,1,2,2,3,3,4,3,1,2,1,3,1,2,3,1,1,3,2,4,1,2,3,1,2,2,2,2,1,2,1,3,4,1,3,2,3,2,1,2,1,1,1,4,3,4,2,2,1,1,1,2,2,2,4,4,2,1,4,4,1,3,3,2,4,3,3,3,1,1,1,2,2,3,3,4,1,1,1,2,3,2,2,4,1,2,3,3,1,2,2,3,1,3,1,1,3,2,2,1,3,2,4,2,1,2,3,4,4,2,1,2,2,4,3,4,1,4,3,1,1,2,3,4,1,3,3,1,3,2,1,3,2,3,3,2,2,2,3,3,1,3,1,4,1,1,4,1,1,4,4,2,1,2,4,1,2,4,2,1,4,1,4,1,2,1,2,1,3,2,1,1,1,3,4,1,3,1,2,2,1,2,4,1,4,1,2,3,1,2,2,3,1,3,3,1,3,4"
109,0.9886279079380575,0.5196078431372549,2329.0,"2,2,3,4,1,1,4,1,1,2,4,1,1,4,2,2,3,4,1,1,4,4,4,2,1,1,4,3,1,2,2,2,3,3,3,3,1,2,1,3,2,3,4,4,4,3,1,4,4,3,4,1,3,2,1,1,2,1,1,4,3,1,1,3,4,1,4,2,3,1,1,2,4,4,3,1,3,2,4,2,3,1,1,3,1,3,3,3,4,1,2,1,3,4,4,2,4,4,2,2,4,3,3,3,3,4,3,1,2,1,1,2,2,2,4,1,4,2,3,2,1,3,4,4,4,4,1,2,1,3,1,2,2,2,3,2,1,4,2,1,4,2,1,1,3,3,2,1,2,2,4,1,1,2,2,2,4,1,2,1,3,2,3,2,2,3,1,2,1,1,3,4,2,3,3,1,2,2,2,2,3,3,3,4,2,4,4,3,2,2,2,4,1,2,1,1,2,2,3,2,1,4,3,4,3,4,2,1,3,3,1,2,1,1,3,3,2,2,2,2,1,2,4,4,3,3,1,3,1,4,3,1,3,3,3,1,2,4,1,3,1,1,4,2,1,2,4,2,3,3,1,3,2,1,1,2,1,4,2,2,1,2,1,3,2,3,2,1,4,3,4,4,2,2,2,3,2,4,2,2,1,4,2,3,2,1,1,3,3,1,2,1,4,4,3,1,3,4,1,4,1,2,4,1,2,1,4,1,4,4,4,2,2,4,4,2,2,3,2,3,4,3,4,1,2,4,1,2,4,1,1,2,3,3,3,4,2,3,1,1,1,4,3,3,2,2,1,2,4,1,3,4,3,4,1,2,2,2,2,1,2,3,2,4,3,3,1,2,2,1,4,1,4,2,1,2,4,1,1,4,4,3,2,2,1,1,3,4,3,3,4,2,4,1,1,3,2,2,3,3,2,4,1,3,2,3,1,2,3,3,1,4,3,3,1,1,4,2,1,4,1,4,1,3,2,3,2,4,3,3,4,1,3,2,3,3,2,1,3,3,2,1,4,3,4,3,1,3,1,3,4,3,4,2,2,3,4,2,3,3,2,4,1,3,1,2,3,2,1,3,2,4,4,3,2,4,3,2,2,3,4,2,4,4,3,4,3,2,4,2,1,2,1,3,3,1,1,3,3,2,3,3,4,1,2,1,3,3,2,1,3,1,2,1,1,2,4,2,3,1,1,1,4,4,1,4,2,2,1,4,2,4,2,2,2,1,4,2,3,3,2,4,1,1,1,2,1,1,2,2,2,2,1,3,4,1,3,4,3,2,1,4,3,1,1,2,2,3,3,2,2,1,4,1,1,1,2,4,2,1,2,4,2,3,3,2,1,1,4,1,3,4,1,4,3,2,2,1,4,2,3,2,3,1,1,2,2,3,3,3,2,2,3,1,2,3,2,4,1,1,3,3,2,1,3,3,1,3,1,3,2,3,1,1,3,2,1,1,1,2,4,3,2,4,3,2,4,3,3,2,4,2,4,1,1,3,3,3,3,4,4,3,4,1,1,4,2,1,2,1,4,4,3,3,1,2,2,2,1,2,4,2,1,3,3,4,1,4,1,1,3,2,1,4,3,1,4,1,1,1,4,4,3,4,3,3,3,2,2,3,4,3,1,3,4,3,1,2,4,4,4,3,3,2,1,4,2,1,2,3,1,2,1,1,2,4,2,4,2,1,2,1,3,1,3,4,2,3,2,3,3,3,4,1,4,3,2,1,3,1,3,1,1,4,2,4,1,1,2,3,1,4,4,2,1,3,4,3,2,3,2,4,2,1,3,4,1,3,2,2,3,2,3,1,3,4,4,2,3,1,2,2,1,4,1,1,1,1,3,1,4,1,4,3,2,4,3,1,3,1,4,1,3,4,1,1,1,2,2,3,3,1,4,2,1,4,3,2,1,2,2,1,4,3,2,1,2,2,3,4,2,3,1,1,1,3,2,1,3,4,3,3,4,3,1,2,3,3,1,1,4,3,3,3,2,3,1,3,1,1,1,2,3,1,3,2,3,4,1,2,1,1,4,3,4,1,4,2,1,1,3,2,2,3,3,3,4,3,4,4,2,1,2,1,2,3,4,4,4,2,3,2,1,3,1,4,4,4,4,1,1,1,1,1,4,4,4,2,4,2,1,3,3,2,4,2,1,1,3,4,2,2,1,1,4,2,1,1,2,2,4,2,2,3,4,2,1,1,1,3,1,2,2,2,2,4,1,2,4,2,4,2,3,3,2,1,1,4,4,4,3,1,3,4,4,2,2,2,3,1,4,1,3,1,1,2,2,2,1,4,1,2,2,4,4,2,2,3,3,4,4,3,1,1,3,1,2,1,4,3,1,1,2,2,3,4,4,2,1,2,1,2,2,3,2,1,1,3,1,3,1,3,1,1,4,3,2,1,1,3,2,2,4,4,2,3,3,1,4,4,4,2,3,2,3,4,3,3,4,3,2,1,1,1,2,3,2,3,4,3,1,4,3,4,3,2,3,1,2,2,1,1,1,4,3,2,2,4,3,1,4,3,3,2,2,3,4,2,3,3,2,2,2,2,4,1,2,4,3,1,2,3,4,4,1,1,3,1,3,2,3,2,1,1,1,3,4,4,2,1,1,2,3,2,2,2,2,3,3,3,1,1,2,2,2,4,2,4,1,3,1,2,3,4,3,3,2,4,3,4,3,1,3,2,2,2,4,1,4,3,4,4,2,3,4,4,2,2,2,3,3,2,1,4,2,2,3,1,1,4,2,2,4,1,1,2,2,3,2,1,2,2,4,1,1,1,1,3,4,1,4,3,3,1,2,1,4,1,1,2,3,4,3,2,1,3,1,1,3,4,2,4,3,2,1,1,1,1,1,1,2,3,4,2,4,3,4,3,1,2,2,3,1,3,1,3,3,1,2,1,3,3,2,1,2,4,4,4,4,1,4,2,4,4,3,2,2,2,4,2,2,3,2,4,2,3,2,4,2,2,2,4,3,1,4,4,1,2,1,1,1,2,3,1,1,3,3,3,4,3,4,3,3,3,4,1,3,3,4,1,4,1,3,4,1,4,2,2,3,4,4,3,2,3,2,2,3,4,3,1,2,4,3,3,4,2,1,1,3,1,4,3,1,3,2,1,4,1,1,3,3,2,3,3,1,3,2,4,2,2,1,1,2,1,1,4,4,1,2,1,2,2,2,3,4,1,2,4,1,1,3,4,2,2,4,3,4,2,3,1,4,3,3,2,1,1,4,3,2,2,3,1,4,1,3,1,1,4,1,4,4,3,4,3,2,3,2,1,2,2,2,1,1,1,2,3,4,1,1,3,3,3,1,4,2,3,4,1,2,3,2,1,3,4,4,2,4,4,1,1,4,2,4,1,2,2,3,3,4,3,1,2,1,3,1,2,3,1,1,3,2,4,1,2,3,1,2,2,2,2,1,2,1,3,4,1,3,2,3,2,1,2,1,1,1,4,3,4,2,2,1,1,1,2,2,2,4,4,2,1,4,4,1,3,3,2,4,3,3,3,1,1,1,2,2,3,3,4,1,1,1,2,3,2,2,4,1,2,3,3,1,2,2,3,1,3,1,1,3,2,2,1,3,2,4,2,1,2,3,4,4,2,1,2,2,4,3,4,1,4,3,1,1,2,3,4,1,3,3,1,3,2,1,3,2,3,3,2,2,2,3,3,1,3,1,4,1,1,4,1,1,4,4,2,1,2,4,1,2,4,2,1,4,1,4,1,2,1,2,1,3,2,1,1,1,3,4,1,3,1,2,2,1,2,4,1,4,1,2,3,1,2,2,3,1,3,3,1,3,4"
110,0.9886279079380575,0.5196078431372549,2329.0,"2,2,3,4,1,1,4,1,1,2,4,1,1,4,2,2,3,4,1,1,4,4,4,2,1,1,4,3,1,2,2,2,3,3,3,3,1,2,1,3,2,3,4,4,4,3,1,4,4,3,4,1,3,2,1,1,2,1,1,4,3,1,1,3,4,1,4,2,3,1,1,2,4,4,3,1,3,2,4,2,3,1,1,3,1,3,3,3,4,1,2,1,3,4,4,2,4,4,2,2,4,3,3,3,3,4,3,1,2,1,1,2,2,2,4,1,4,2,3,2,1,3,4,4,4,4,1,2,1,3,1,2,2,2,3,2,1,4,2,1,4,2,1,1,3,3,2,1,2,2,4,1,1,2,2,2,4,1,2,1,3,2,3,2,2,3,1,2,1,1,3,4,2,3,3,1,2,2,2,2,3,3,3,4,2,4,4,3,2,2,2,4,1,2,1,1,2,2,3,2,1,4,3,4,3,4,2,1,3,3,1,2,1,1,3,3,2,2,2,2,1,2,4,4,3,3,1,3,1,4,3,1,3,3,3,1,2,4,1,3,1,1,4,2,1,2,4,2,3,3,1,3,2,1,1,2,1,4,2,2,1,2,1,3,2,3,2,1,4,3,4,4,2,2,2,3,2,4,2,2,1,4,2,3,2,1,1,3,3,1,2,1,4,4,3,1,3,4,1,4,1,2,4,1,2,1,4,1,4,4,4,2,2,4,4,2,2,3,2,3,4,3,4,1,2,4,1,2,4,1,1,2,3,3,3,4,2,3,1,1,1,4,3,3,2,2,1,2,4,1,3,4,3,4,1,2,2,2,2,1,2,3,2,4,3,3,1,2,2,1,4,1,4,2,1,2,4,1,1,4,4,3,2,2,1,1,3,4,3,3,4,2,4,1,1,3,2,2,3,3,2,4,1,3,2,3,1,2,3,3,1,4,3,3,1,1,4,2,1,4,1,4,1,3,2,3,2,4,3,3,4,1,3,2,3,3,2,1,3,3,2,1,4,3,4,3,1,3,1,3,4,3,4,2,2,3,4,2,3,3,2,4,1,3,1,2,3,2,1,3,2,4,4,3,2,4,3,2,2,3,4,2,4,4,3,4,3,2,4,2,1,2,1,3,3,1,1,3,3,2,3,3,4,1,2,1,3,3,2,1,3,1,2,1,1,2,4,2,3,1,1,1,4,4,1,4,2,2,1,4,2,4,2,2,2,1,4,2,3,3,2,4,1,1,1,2,1,1,2,2,2,2,1,3,4,1,3,4,3,2,1,4,3,1,1,2,2,3,3,2,2,1,4,1,1,1,2,4,2,1,2,4,2,3,3,2,1,1,4,1,3,4,1,4,3,2,2,1,4,2,3,2,3,1,1,2,2,3,3,3,2,2,3,1,2,3,2,4,1,1,3,3,2,1,3,3,1,3,1,3,2,3,1,1,3,2,1,1,1,2,4,3,2,4,3,2,4,3,3,2,4,2,4,1,1,3,3,3,3,4,4,3,4,1,1,4,2,1,2,1,4,4,3,3,1,2,2,2,1,2,4,2,1,3,3,4,1,4,1,1,3,2,1,4,3,1,4,1,1,1,4,4,3,4,3,3,3,2,2,3,4,3,1,3,4,3,1,2,4,4,4,3,3,2,1,4,2,1,2,3,1,2,1,1,2,4,2,4,2,1,2,1,3,1,3,4,2,3,2,3,3,3,4,1,4,3,2,1,3,1,3,1,1,4,2,4,1,1,2,3,1,4,4,2,1,3,4,3,2,3,2,4,2,1,3,4,1,3,2,2,3,2,3,1,3,4,4,2,3,1,2,2,1,4,1,1,1,1,3,1,4,1,4,3,2,4,3,1,3,1,4,1,3,4,1,1,1,2,2,3,3,1,4,2,1,4,3,2,1,2,2,1,4,3,2,1,2,2,3,4,2,3,1,1,1,3,2,1,3,4,3,3,4,3,1,2,3,3,1,1,4,3,3,3,2,3,1,3,1,1,1,2,3,1,3,2,3,4,1,2,1,1,4,3,4,1,4,2,1,1,3,2,2,3,3,3,4,3,4,4,2,1,2,1,2,3,4,4,4,2,3,2,1,3,1,4,4,4,4,1,1,1,1,1,4,4,4,2,4,2,1,3,3,2,4,2,1,1,3,4,2,2,1,1,4,2,1,1,2,2,4,2,2,3,4,2,1,1,1,3,1,2,2,2,2,4,1,2,4,2,4,2,3,3,2,1,1,4,4,4,3,1,3,4,4,2,2,2,3,1,4,1,3,1,1,2,2,2,1,4,1,2,2,4,4,2,2,3,3,4,4,3,1,1,3,1,2,1,4,3,1,1,2,2,3,4,4,2,1,2,1,2,2,3,2,1,1,3,1,3,1,3,1,1,4,3,2,1,1,3,2,2,4,4,2,3,3,1,4,4,4,2,3,2,3,4,3,3,4,3,2,1,1,1,2,3,2,3,4,3,1,4,3,4,3,2,3,1,2,2,1,1,1,4,3,2,2,4,3,1,4,3,3,2,2,3,4,2,3,3,2,2,2,2,4,1,2,4,3,1,2,3,4,4,1,1,3,1,3,2,3,2,1,1,1,3,4,4,2,1,1,2,3,2,2,2,2,3,3,3,1,1,2,2,2,4,2,4,1,3,1,2,3,4,3,3,2,4,3,4,3,1,3,2,2,2,4,1,4,3,4,4,2,3,4,4,2,2,2,3,3,2,1,4,2,2,3,1,1,4,2,2,4,1,1,2,2,3,2,1,2,2,4,1,1,1,1,3,4,1,4,3,3,1,2,1,4,1,1,2,3,4,3,2,1,3,1,1,3,4,2,4,3,2,1,1,1,1,1,1,2,3,4,2,4,3,4,3,1,2,2,3,1,3,1,3,3,1,2,1,3,3,2,1,2,4,4,4,4,1,4,2,4,4,3,2,2,2,4,2,2,3,2,4,2,3,2,4,2,2,2,4,3,1,4,4,1,2,1,1,1,2,3,1,1,3,3,3,4,3,4,3,3,3,4,1,3,3,4,1,4,1,3,4,1,4,2,2,3,4,4,3,2,3,2,2,3,4,3,1,2,4,3,3,4,2,1,1,3,1,4,3,1,3,2,1,4,1,1,3,3,2,3,3,1,3,2,4,2,2,1,1,2,1,1,4,4,1,2,1,2,2,2,3,4,1,2,4,1,1,3,4,2,2,4,3,4,2,3,1,4,3,3,2,1,1,4,3,2,2,3,1,4,1,3,1,1,4,1,4,4,3,4,3,2,3,2,1,2,2,2,1,1,1,2,3,4,1,1,3,3,3,1,4,2,3,4,1,2,3,2,1,3,4,4,2,4,4,1,1,4,2,4,1,2,2,3,3,4,3,1,2,1,3,1,2,3,1,1,3,2,4,1,2,3,1,2,2,2,2,1,2,1,3,4,1,3,2,3,2,1,2,1,1,1,4,3,4,2,2,1,1,1,2,2,2,4,4,2,1,4,4,1,3,3,2,4,3,3,3,1,1,1,2,2,3,3,4,1,1,1,2,3,2,2,4,1,2,3,3,1,2,2,3,1,3,1,1,3,2,2,1,3,2,4,2,1,2,3,4,4,2,1,2,2,4,3,4,1,4,3,1,1,2,3,4,1,3,3,1,3,2,1,3,2,3,3,2,2,2,3,3,1,3,1,4,1,1,4,1,1,4,4,2,1,2,4,1,2,4,2,1,4,1,4,1,2,1,2,1,3,2,1,1,1,3,4,1,3,1,2,2,1,2,4,1,4,1,2,3,1,2,2,3,1,3,3,1,3,4"
111,0.9886279079380575,0.5196078431372549,2329.0,"2,2,3,4,1,1,4,1,1,2,4,1,1,4,2,2,3,4,1,1,4,4,4,2,1,1,4,3,1,2,2,2,3,3,3,3,1,2,1,3,2,3,4,4,4,3,1,4,4,3,4,1,3,2,1,1,2,1,1,4,3,1,1,3,4,1,4,2,3,1,1,2,4,4,3,1,3,2,4,2,3,1,1,3,1,3,3,3,4,1,2,1,3,4,4,2,4,4,2,2,4,3,3,3,3,4,3,1,2,1,1,2,2,2,4,1,4,2,3,2,1,3,4,4,4,4,1,2,1,3,1,2,2,2,3,2,1,4,2,1,4,2,1,1,3,3,2,1,2,2,4,1,1,2,2,2,4,1,2,1,3,2,3,2,2,3,1,2,1,1,3,4,2,3,3,1,2,2,2,2,3,3,3,4,2,4,4,3,2,2,2,4,1,2,1,1,2,2,3,2,1,4,3,4,3,4,2,1,3,3,1,2,1,1,3,3,2,2,2,2,1,2,4,4,3,3,1,3,1,4,3,1,3,3,3,1,2,4,1,3,1,1,4,2,1,2,4,2,3,3,1,3,2,1,1,2,1,4,2,2,1,2,1,3,2,3,2,1,4,3,4,4,2,2,2,3,2,4,2,2,1,4,2,3,2,1,1,3,3,1,2,1,4,4,3,1,3,4,1,4,1,2,4,1,2,1,4,1,4,4,4,2,2,4,4,2,2,3,2,3,4,3,4,1,2,4,1,2,4,1,1,2,3,3,3,4,2,3,1,1,1,4,3,3,2,2,1,2,4,1,3,4,3,4,1,2,2,2,2,1,2,3,2,4,3,3,1,2,2,1,4,1,4,2,1,2,4,1,1,4,4,3,2,2,1,1,3,4,3,3,4,2,4,1,1,3,2,2,3,3,2,4,1,3,2,3,1,2,3,3,1,4,3,3,1,1,4,2,1,4,1,4,1,3,2,3,2,4,3,3,4,1,3,2,3,3,2,1,3,3,2,1,4,3,4,3,1,3,1,3,4,3,4,2,2,3,4,2,3,3,2,4,1,3,1,2,3,2,1,3,2,4,4,3,2,4,3,2,2,3,4,2,4,4,3,4,3,2,4,2,1,2,1,3,3,1,1,3,3,2,3,3,4,1,2,1,3,3,2,1,3,1,2,1,1,2,4,2,3,1,1,1,4,4,1,4,2,2,1,4,2,4,2,2,2,1,4,2,3,3,2,4,1,1,1,2,1,1,2,2,2,2,1,3,4,1,3,4,3,2,1,4,3,1,1,2,2,3,3,2,2,1,4,1,1,1,2,4,2,1,2,4,2,3,3,2,1,1,4,1,3,4,1,4,3,2,2,1,4,2,3,2,3,1,1,2,2,3,3,3,2,2,3,1,2,3,2,4,1,1,3,3,2,1,3,3,1,3,1,3,2,3,1,1,3,2,1,1,1,2,4,3,2,4,3,2,4,3,3,2,4,2,4,1,1,3,3,3,3,4,4,3,4,1,1,4,2,1,2,1,4,4,3,3,1,2,2,2,1,2,4,2,1,3,3,4,1,4,1,1,3,2,1,4,3,1,4,1,1,1,4,4,3,4,3,3,3,2,2,3,4,3,1,3,4,3,1,2,4,4,4,3,3,2,1,4,2,1,2,3,1,2,1,1,2,4,2,4,2,1,2,1,3,1,3,4,2,3,2,3,3,3,4,1,4,3,2,1,3,1,3,1,1,4,2,4,1,1,2,3,1,4,4,2,1,3,4,3,2,3,2,4,2,1,3,4,1,3,2,2,3,2,3,1,3,4,4,2,3,1,2,2,1,4,1,1,1,1,3,1,4,1,4,3,2,4,3,1,3,1,4,1,3,4,1,1,1,2,2,3,3,1,4,2,1,4,3,2,1,2,2,1,4,3,2,1,2,2,3,4,2,3,1,1,1,3,2,1,3,4,3,3,4,3,1,2,3,3,1,1,4,3,3,3,2,3,1,3,1,1,1,2,3,1,3,2,3,4,1,2,1,1,4,3,4,1,4,2,1,1,3,2,2,3,3,3,4,3,4,4,2,1,2,1,2,3,4,4,4,2,3,2,1,3,1,4,4,4,4,1,1,1,1,1,4,4,4,2,4,2,1,3,3,2,4,2,1,1,3,4,2,2,1,1,4,2,1,1,2,2,4,2,2,3,4,2,1,1,1,3,1,2,2,2,2,4,1,2,4,2,4,2,3,3,2,1,1,4,4,4,3,1,3,4,4,2,2,2,3,1,4,1,3,1,1,2,2,2,1,4,1,2,2,4,4,2,2,3,3,4,4,3,1,1,3,1,2,1,4,3,1,1,2,2,3,4,4,2,1,2,1,2,2,3,2,1,1,3,1,3,1,3,1,1,4,3,2,1,1,3,2,2,4,4,2,3,3,1,4,4,4,2,3,2,3,4,3,3,4,3,2,1,1,1,2,3,2,3,4,3,1,4,3,4,3,2,3,1,2,2,1,1,1,4,3,2,2,4,3,1,4,3,3,2,2,3,4,2,3,3,2,2,2,2,4,1,2,4,3,1,2,3,4,4,1,1,3,1,3,2,3,2,1,1,1,3,4,4,2,1,1,2,3,2,2,2,2,3,3,3,1,1,2,2,2,4,2,4,1,3,1,2,3,4,3,3,2,4,3,4,3,1,3,2,2,2,4,1,4,3,4,4,2,3,4,4,2,2,2,3,3,2,1,4,2,2,3,1,1,4,2,2,4,1,1,2,2,3,2,1,2,2,4,1,1,1,1,3,4,1,4,3,3,1,2,1,4,1,1,2,3,4,3,2,1,3,1,1,3,4,2,4,3,2,1,1,1,1,1,1,2,3,4,2,4,3,4,3,1,2,2,3,1,3,1,3,3,1,2,1,3,3,2,1,2,4,4,4,4,1,4,2,4,4,3,2,2,2,4,2,2,3,2,4,2,3,2,4,2,2,2,4,3,1,4,4,1,2,1,1,1,2,3,1,1,3,3,3,4,3,4,3,3,3,4,1,3,3,4,1,4,1,3,4,1,4,2,2,3,4,4,3,2,3,2,2,3,4,3,1,2,4,3,3,4,2,1,1,3,1,4,3,1,3,2,1,4,1,1,3,3,2,3,3,1,3,2,4,2,2,1,1,2,1,1,4,4,1,2,1,2,2,2,3,4,1,2,4,1,1,3,4,2,2,4,3,4,2,3,1,4,3,3,2,1,1,4,3,2,2,3,1,4,1,3,1,1,4,1,4,4,3,4,3,2,3,2,1,2,2,2,1,1,1,2,3,4,1,1,3,3,3,1,4,2,3,4,1,2,3,2,1,3,4,4,2,4,4,1,1,4,2,4,1,2,2,3,3,4,3,1,2,1,3,1,2,3,1,1,3,2,4,1,2,3,1,2,2,2,2,1,2,1,3,4,1,3,2,3,2,1,2,1,1,1,4,3,4,2,2,1,1,1,2,2,2,4,4,2,1,4,4,1,3,3,2,4,3,3,3,1,1,1,2,2,3,3,4,1,1,1,2,3,2,2,4,1,2,3,3,1,2,2,3,1,3,1,1,3,2,2,1,3,2,4,2,1,2,3,4,4,2,1,2,2,4,3,4,1,4,3,1,1,2,3,4,1,3,3,1,3,2,1,3,2,3,3,2,2,2,3,3,1,3,1,4,1,1,4,1,1,4,4,2,1,2,4,1,2,4,2,1,4,1,4,1,2,1,2,1,3,2,1,1,1,3,4,1,3,1,2,2,1,2,4,1,4,1,2,3,1,2,2,3,1,3,3,1,3,4"
112,0.9886279079380575,0.5196078431372549,2329.0,"2,2,3,4,1,1,4,1,1,2,4,1,1,4,2,2,3,4,1,1,4,4,4,2,1,1,4,3,1,2,2,2,3,3,3,3,1,2,1,3,2,3,4,4,4,3,1,4,4,3,4,1,3,2,1,1,2,1,1,4,3,1,1,3,4,1,4,2,3,1,1,2,4,4,3,1,3,2,4,2,3,1,1,3,1,3,3,3,4,1,2,1,3,4,4,2,4,4,2,2,4,3,3,3,3,4,3,1,2,1,1,2,2,2,4,1,4,2,3,2,1,3,4,4,4,4,1,2,1,3,1,2,2,2,3,2,1,4,2,1,4,2,1,1,3,3,2,1,2,2,4,1,1,2,2,2,4,1,2,1,3,2,3,2,2,3,1,2,1,1,3,4,2,3,3,1,2,2,2,2,3,3,3,4,2,4,4,3,2,2,2,4,1,2,1,1,2,2,3,2,1,4,3,4,3,4,2,1,3,3,1,2,1,1,3,3,2,2,2,2,1,2,4,4,3,3,1,3,1,4,3,1,3,3,3,1,2,4,1,3,1,1,4,2,1,2,4,2,3,3,1,3,2,1,1,2,1,4,2,2,1,2,1,3,2,3,2,1,4,3,4,4,2,2,2,3,2,4,2,2,1,4,2,3,2,1,1,3,3,1,2,1,4,4,3,1,3,4,1,4,1,2,4,1,2,1,4,1,4,4,4,2,2,4,4,2,2,3,2,3,4,3,4,1,2,4,1,2,4,1,1,2,3,3,3,4,2,3,1,1,1,4,3,3,2,2,1,2,4,1,3,4,3,4,1,2,2,2,2,1,2,3,2,4,3,3,1,2,2,1,4,1,4,2,1,2,4,1,1,4,4,3,2,2,1,1,3,4,3,3,4,2,4,1,1,3,2,2,3,3,2,4,1,3,2,3,1,2,3,3,1,4,3,3,1,1,4,2,1,4,1,4,1,3,2,3,2,4,3,3,4,1,3,2,3,3,2,1,3,3,2,1,4,3,4,3,1,3,1,3,4,3,4,2,2,3,4,2,3,3,2,4,1,3,1,2,3,2,1,3,2,4,4,3,2,4,3,2,2,3,4,2,4,4,3,4,3,2,4,2,1,2,1,3,3,1,1,3,3,2,3,3,4,1,2,1,3,3,2,1,3,1,2,1,1,2,4,2,3,1,1,1,4,4,1,4,2,2,1,4,2,4,2,2,2,1,4,2,3,3,2,4,1,1,1,2,1,1,2,2,2,2,1,3,4,1,3,4,3,2,1,4,3,1,1,2,2,3,3,2,2,1,4,1,1,1,2,4,2,1,2,4,2,3,3,2,1,1,4,1,3,4,1,4,3,2,2,1,4,2,3,2,3,1,1,2,2,3,3,3,2,2,3,1,2,3,2,4,1,1,3,3,2,1,3,3,1,3,1,3,2,3,1,1,3,2,1,1,1,2,4,3,2,4,3,2,4,3,3,2,4,2,4,1,1,3,3,3,3,4,4,3,4,1,1,4,2,1,2,1,4,4,3,3,1,2,2,2,1,2,4,2,1,3,3,4,1,4,1,1,3,2,1,4,3,1,4,1,1,1,4,4,3,4,3,3,3,2,2,3,4,3,1,3,4,3,1,2,4,4,4,3,3,2,1,4,2,1,2,3,1,2,1,1,2,4,2,4,2,1,2,1,3,1,3,4,2,3,2,3,3,3,4,1,4,3,2,1,3,1,3,1,1,4,2,4,1,1,2,3,1,4,4,2,1,3,4,3,2,3,2,4,2,1,3,4,1,3,2,2,3,2,3,1,3,4,4,2,3,1,2,2,1,4,1,1,1,1,3,1,4,1,4,3,2,4,3,1,3,1,4,1,3,4,1,1,1,2,2,3,3,1,4,2,1,4,3,2,1,2,2,1,4,3,2,1,2,2,3,4,2,3,1,1,1,3,2,1,3,4,3,3,4,3,1,2,3,3,1,1,4,3,3,3,2,3,1,3,1,1,1,2,3,1,3,2,3,4,1,2,1,1,4,3,4,1,4,2,1,1,3,2,2,3,3,3,4,3,4,4,2,1,2,1,2,3,4,4,4,2,3,2,1,3,1,4,4,4,4,1,1,1,1,1,4,4,4,2,4,2,1,3,3,2,4,2,1,1,3,4,2,2,1,1,4,2,1,1,2,2,4,2,2,3,4,2,1,1,1,3,1,2,2,2,2,4,1,2,4,2,4,2,3,3,2,1,1,4,4,4,3,1,3,4,4,2,2,2,3,1,4,1,3,1,1,2,2,2,1,4,1,2,2,4,4,2,2,3,3,4,4,3,1,1,3,1,2,1,4,3,1,1,2,2,3,4,4,2,1,2,1,2,2,3,2,1,1,3,1,3,1,3,1,1,4,3,2,1,1,3,2,2,4,4,2,3,3,1,4,4,4,2,3,2,3,4,3,3,4,3,2,1,1,1,2,3,2,3,4,3,1,4,3,4,3,2,3,1,2,2,1,1,1,4,3,2,2,4,3,1,4,3,3,2,2,3,4,2,3,3,2,2,2,2,4,1,2,4,3,1,2,3,4,4,1,1,3,1,3,2,3,2,1,1,1,3,4,4,2,1,1,2,3,2,2,2,2,3,3,3,1,1,2,2,2,4,2,4,1,3,1,2,3,4,3,3,2,4,3,4,3,1,3,2,2,2,4,1,4,3,4,4,2,3,4,4,2,2,2,3,3,2,1,4,2,2,3,1,1,4,2,2,4,1,1,2,2,3,2,1,2,2,4,1,1,1,1,3,4,1,4,3,3,1,2,1,4,1,1,2,3,4,3,2,1,3,1,1,3,4,2,4,3,2,1,1,1,1,1,1,2,3,4,2,4,3,4,3,1,2,2,3,1,3,1,3,3,1,2,1,3,3,2,1,2,4,4,4,4,1,4,2,4,4,3,2,2,2,4,2,2,3,2,4,2,3,2,4,2,2,2,4,3,1,4,4,1,2,1,1,1,2,3,1,1,3,3,3,4,3,4,3,3,3,4,1,3,3,4,1,4,1,3,4,1,4,2,2,3,4,4,3,2,3,2,2,3,4,3,1,2,4,3,3,4,2,1,1,3,1,4,3,1,3,2,1,4,1,1,3,3,2,3,3,1,3,2,4,2,2,1,1,2,1,1,4,4,1,2,1,2,2,2,3,4,1,2,4,1,1,3,4,2,2,4,3,4,2,3,1,4,3,3,2,1,1,4,3,2,2,3,1,4,1,3,1,1,4,1,4,4,3,4,3,2,3,2,1,2,2,2,1,1,1,2,3,4,1,1,3,3,3,1,4,2,3,4,1,2,3,2,1,3,4,4,2,4,4,1,1,4,2,4,1,2,2,3,3,4,3,1,2,1,3,1,2,3,1,1,3,2,4,1,2,3,1,2,2,2,2,1,2,1,3,4,1,3,2,3,2,1,2,1,1,1,4,3,4,2,2,1,1,1,2,2,2,4,4,2,1,4,4,1,3,3,2,4,3,3,3,1,1,1,2,2,3,3,4,1,1,1,2,3,2,2,4,1,2,3,3,1,2,2,3,1,3,1,1,3,2,2,1,3,2,4,2,1,2,3,4,4,2,1,2,2,4,3,4,1,4,3,1,1,2,3,4,1,3,3,1,3,2,1,3,2,3,3,2,2,2,3,3,1,3,1,4,1,1,4,1,1,4,4,2,1,2,4,1,2,4,2,1,4,1,4,1,2,1,2,1,3,2,1,1,1,3,4,1,3,1,2,2,1,2,4,1,4,1,2,3,1,2,2,3,1,3,3,1,3,4"
113,0.9886279079380575,0.5196078431372549,2329.0,"2,2,3,4,1,1,4,1,1,2,4,1,1,4,2,2,3,4,1,1,4,4,4,2,1,1,4,3,1,2,2,2,3,3,3,3,1,2,1,3,2,3,4,4,4,3,1,4,4,3,4,1,3,2,1,1,2,1,1,4,3,1,1,3,4,1,4,2,3,1,1,2,4,4,3,1,3,2,4,2,3,1,1,3,1,3,3,3,4,1,2,1,3,4,4,2,4,4,2,2,4,3,3,3,3,4,3,1,2,1,1,2,2,2,4,1,4,2,3,2,1,3,4,4,4,4,1,2,1,3,1,2,2,2,3,2,1,4,2,1,4,2,1,1,3,3,2,1,2,2,4,1,1,2,2,2,4,1,2,1,3,2,3,2,2,3,1,2,1,1,3,4,2,3,3,1,2,2,2,2,3,3,3,4,2,4,4,3,2,2,2,4,1,2,1,1,2,2,3,2,1,4,3,4,3,4,2,1,3,3,1,2,1,1,3,3,2,2,2,2,1,2,4,4,3,3,1,3,1,4,3,1,3,3,3,1,2,4,1,3,1,1,4,2,1,2,4,2,3,3,1,3,2,1,1,2,1,4,2,2,1,2,1,3,2,3,2,1,4,3,4,4,2,2,2,3,2,4,2,2,1,4,2,3,2,1,1,3,3,1,2,1,4,4,3,1,3,4,1,4,1,2,4,1,2,1,4,1,4,4,4,2,2,4,4,2,2,3,2,3,4,3,4,1,2,4,1,2,4,1,1,2,3,3,3,4,2,3,1,1,1,4,3,3,2,2,1,2,4,1,3,4,3,4,1,2,2,2,2,1,2,3,2,4,3,3,1,2,2,1,4,1,4,2,1,2,4,1,1,4,4,3,2,2,1,1,3,4,3,3,4,2,4,1,1,3,2,2,3,3,2,4,1,3,2,3,1,2,3,3,1,4,3,3,1,1,4,2,1,4,1,4,1,3,2,3,2,4,3,3,4,1,3,2,3,3,2,1,3,3,2,1,4,3,4,3,1,3,1,3,4,3,4,2,2,3,4,2,3,3,2,4,1,3,1,2,3,2,1,3,2,4,4,3,2,4,3,2,2,3,4,2,4,4,3,4,3,2,4,2,1,2,1,3,3,1,1,3,3,2,3,3,4,1,2,1,3,3,2,1,3,1,2,1,1,2,4,2,3,1,1,1,4,4,1,4,2,2,1,4,2,4,2,2,2,1,4,2,3,3,2,4,1,1,1,2,1,1,2,2,2,2,1,3,4,1,3,4,3,2,1,4,3,1,1,2,2,3,3,2,2,1,4,1,1,1,2,4,2,1,2,4,2,3,3,2,1,1,4,1,3,4,1,4,3,2,2,1,4,2,3,2,3,1,1,2,2,3,3,3,2,2,3,1,2,3,2,4,1,1,3,3,2,1,3,3,1,3,1,3,2,3,1,1,3,2,1,1,1,2,4,3,2,4,3,2,4,3,3,2,4,2,4,1,1,3,3,3,3,4,4,3,4,1,1,4,2,1,2,1,4,4,3,3,1,2,2,2,1,2,4,2,1,3,3,4,1,4,1,1,3,2,1,4,3,1,4,1,1,1,4,4,3,4,3,3,3,2,2,3,4,3,1,3,4,3,1,2,4,4,4,3,3,2,1,4,2,1,2,3,1,2,1,1,2,4,2,4,2,1,2,1,3,1,3,4,2,3,2,3,3,3,4,1,4,3,2,1,3,1,3,1,1,4,2,4,1,1,2,3,1,4,4,2,1,3,4,3,2,3,2,4,2,1,3,4,1,3,2,2,3,2,3,1,3,4,4,2,3,1,2,2,1,4,1,1,1,1,3,1,4,1,4,3,2,4,3,1,3,1,4,1,3,4,1,1,1,2,2,3,3,1,4,2,1,4,3,2,1,2,2,1,4,3,2,1,2,2,3,4,2,3,1,1,1,3,2,1,3,4,3,3,4,3,1,2,3,3,1,1,4,3,3,3,2,3,1,3,1,1,1,2,3,1,3,2,3,4,1,2,1,1,4,3,4,1,4,2,1,1,3,2,2,3,3,3,4,3,4,4,2,1,2,1,2,3,4,4,4,2,3,2,1,3,1,4,4,4,4,1,1,1,1,1,4,4,4,2,4,2,1,3,3,2,4,2,1,1,3,4,2,2,1,1,4,2,1,1,2,2,4,2,2,3,4,2,1,1,1,3,1,2,2,2,2,4,1,2,4,2,4,2,3,3,2,1,1,4,4,4,3,1,3,4,4,2,2,2,3,1,4,1,3,1,1,2,2,2,1,4,1,2,2,4,4,2,2,3,3,4,4,3,1,1,3,1,2,1,4,3,1,1,2,2,3,4,4,2,1,2,1,2,2,3,2,1,1,3,1,3,1,3,1,1,4,3,2,1,1,3,2,2,4,4,2,3,3,1,4,4,4,2,3,2,3,4,3,3,4,3,2,1,1,1,2,3,2,3,4,3,1,4,3,4,3,2,3,1,2,2,1,1,1,4,3,2,2,4,3,1,4,3,3,2,2,3,4,2,3,3,2,2,2,2,4,1,2,4,3,1,2,3,4,4,1,1,3,1,3,2,3,2,1,1,1,3,4,4,2,1,1,2,3,2,2,2,2,3,3,3,1,1,2,2,2,4,2,4,1,3,1,2,3,4,3,3,2,4,3,4,3,1,3,2,2,2,4,1,4,3,4,4,2,3,4,4,2,2,2,3,3,2,1,4,2,2,3,1,1,4,2,2,4,1,1,2,2,3,2,1,2,2,4,1,1,1,1,3,4,1,4,3,3,1,2,1,4,1,1,2,3,4,3,2,1,3,1,1,3,4,2,4,3,2,1,1,1,1,1,1,2,3,4,2,4,3,4,3,1,2,2,3,1,3,1,3,3,1,2,1,3,3,2,1,2,4,4,4,4,1,4,2,4,4,3,2,2,2,4,2,2,3,2,4,2,3,2,4,2,2,2,4,3,1,4,4,1,2,1,1,1,2,3,1,1,3,3,3,4,3,4,3,3,3,4,1,3,3,4,1,4,1,3,4,1,4,2,2,3,4,4,3,2,3,2,2,3,4,3,1,2,4,3,3,4,2,1,1,3,1,4,3,1,3,2,1,4,1,1,3,3,2,3,3,1,3,2,4,2,2,1,1,2,1,1,4,4,1,2,1,2,2,2,3,4,1,2,4,1,1,3,4,2,2,4,3,4,2,3,1,4,3,3,2,1,1,4,3,2,2,3,1,4,1,3,1,1,4,1,4,4,3,4,3,2,3,2,1,2,2,2,1,1,1,2,3,4,1,1,3,3,3,1,4,2,3,4,1,2,3,2,1,3,4,4,2,4,4,1,1,4,2,4,1,2,2,3,3,4,3,1,2,1,3,1,2,3,1,1,3,2,4,1,2,3,1,2,2,2,2,1,2,1,3,4,1,3,2,3,2,1,2,1,1,1,4,3,4,2,2,1,1,1,2,2,2,4,4,2,1,4,4,1,3,3,2,4,3,3,3,1,1,1,2,2,3,3,4,1,1,1,2,3,2,2,4,1,2,3,3,1,2,2,3,1,3,1,1,3,2,2,1,3,2,4,2,1,2,3,4,4,2,1,2,2,4,3,4,1,4,3,1,1,2,3,4,1,3,3,1,3,2,1,3,2,3,3,2,2,2,3,3,1,3,1,4,1,1,4,1,1,4,4,2,1,2,4,1,2,4,2,1,4,1,4,1,2,1,2,1,3,2,1,1,1,3,4,1,3,1,2,2,1,2,4,1,4,1,2,3,1,2,2,3,1,3,3,1,3,4"
114,0.9886279079380575,0.5196078431372549,2329.0,"2,2,3,4,1,1,4,1,1,2,4,1,1,4,2,2,3,4,1,1,4,4,4,2,1,1,4,3,1,2,2,2,3,3,3,3,1,2,1,3,2,3,4,4,4,3,1,4,4,3,4,1,3,2,1,1,2,1,1,4,3,1,1,3,4,1,4,2,3,1,1,2,4,4,3,1,3,2,4,2,3,1,1,3,1,3,3,3,4,1,2,1,3,4,4,2,4,4,2,2,4,3,3,3,3,4,3,1,2,1,1,2,2,2,4,1,4,2,3,2,1,3,4,4,4,4,1,2,1,3,1,2,2,2,3,2,1,4,2,1,4,2,1,1,3,3,2,1,2,2,4,1,1,2,2,2,4,1,2,1,3,2,3,2,2,3,1,2,1,1,3,4,2,3,3,1,2,2,2,2,3,3,3,4,2,4,4,3,2,2,2,4,1,2,1,1,2,2,3,2,1,4,3,4,3,4,2,1,3,3,1,2,1,1,3,3,2,2,2,2,1,2,4,4,3,3,1,3,1,4,3,1,3,3,3,1,2,4,1,3,1,1,4,2,1,2,4,2,3,3,1,3,2,1,1,2,1,4,2,2,1,2,1,3,2,3,2,1,4,3,4,4,2,2,2,3,2,4,2,2,1,4,2,3,2,1,1,3,3,1,2,1,4,4,3,1,3,4,1,4,1,2,4,1,2,1,4,1,4,4,4,2,2,4,4,2,2,3,2,3,4,3,4,1,2,4,1,2,4,1,1,2,3,3,3,4,2,3,1,1,1,4,3,3,2,2,1,2,4,1,3,4,3,4,1,2,2,2,2,1,2,3,2,4,3,3,1,2,2,1,4,1,4,2,1,2,4,1,1,4,4,3,2,2,1,1,3,4,3,3,4,2,4,1,1,3,2,2,3,3,2,4,1,3,2,3,1,2,3,3,1,4,3,3,1,1,4,2,1,4,1,4,1,3,2,3,2,4,3,3,4,1,3,2,3,3,2,1,3,3,2,1,4,3,4,3,1,3,1,3,4,3,4,2,2,3,4,2,3,3,2,4,1,3,1,2,3,2,1,3,2,4,4,3,2,4,3,2,2,3,4,2,4,4,3,4,3,2,4,2,1,2,1,3,3,1,1,3,3,2,3,3,4,1,2,1,3,3,2,1,3,1,2,1,1,2,4,2,3,1,1,1,4,4,1,4,2,2,1,4,2,4,2,2,2,1,4,2,3,3,2,4,1,1,1,2,1,1,2,2,2,2,1,3,4,1,3,4,3,2,1,4,3,1,1,2,2,3,3,2,2,1,4,1,1,1,2,4,2,1,2,4,2,3,3,2,1,1,4,1,3,4,1,4,3,2,2,1,4,2,3,2,3,1,1,2,2,3,3,3,2,2,3,1,2,3,2,4,1,1,3,3,2,1,3,3,1,3,1,3,2,3,1,1,3,2,1,1,1,2,4,3,2,4,3,2,4,3,3,2,4,2,4,1,1,3,3,3,3,4,4,3,4,1,1,4,2,1,2,1,4,4,3,3,1,2,2,2,1,2,4,2,1,3,3,4,1,4,1,1,3,2,1,4,3,1,4,1,1,1,4,4,3,4,3,3,3,2,2,3,4,3,1,3,4,3,1,2,4,4,4,3,3,2,1,4,2,1,2,3,1,2,1,1,2,4,2,4,2,1,2,1,3,1,3,4,2,3,2,3,3,3,4,1,4,3,2,1,3,1,3,1,1,4,2,4,1,1,2,3,1,4,4,2,1,3,4,3,2,3,2,4,2,1,3,4,1,3,2,2,3,2,3,1,3,4,4,2,3,1,2,2,1,4,1,1,1,1,3,1,4,1,4,3,2,4,3,1,3,1,4,1,3,4,1,1,1,2,2,3,3,1,4,2,1,4,3,2,1,2,2,1,4,3,2,1,2,2,3,4,2,3,1,1,1,3,2,1,3,4,3,3,4,3,1,2,3,3,1,1,4,3,3,3,2,3,1,3,1,1,1,2,3,1,3,2,3,4,1,2,1,1,4,3,4,1,4,2,1,1,3,2,2,3,3,3,4,3,4,4,2,1,2,1,2,3,4,4,4,2,3,2,1,3,1,4,4,4,4,1,1,1,1,1,4,4,4,2,4,2,1,3,3,2,4,2,1,1,3,4,2,2,1,1,4,2,1,1,2,2,4,2,2,3,4,2,1,1,1,3,1,2,2,2,2,4,1,2,4,2,4,2,3,3,2,1,1,4,4,4,3,1,3,4,4,2,2,2,3,1,4,1,3,1,1,2,2,2,1,4,1,2,2,4,4,2,2,3,3,4,4,3,1,1,3,1,2,1,4,3,1,1,2,2,3,4,4,2,1,2,1,2,2,3,2,1,1,3,1,3,1,3,1,1,4,3,2,1,1,3,2,2,4,4,2,3,3,1,4,4,4,2,3,2,3,4,3,3,4,3,2,1,1,1,2,3,2,3,4,3,1,4,3,4,3,2,3,1,2,2,1,1,1,4,3,2,2,4,3,1,4,3,3,2,2,3,4,2,3,3,2,2,2,2,4,1,2,4,3,1,2,3,4,4,1,1,3,1,3,2,3,2,1,1,1,3,4,4,2,1,1,2,3,2,2,2,2,3,3,3,1,1,2,2,2,4,2,4,1,3,1,2,3,4,3,3,2,4,3,4,3,1,3,2,2,2,4,1,4,3,4,4,2,3,4,4,2,2,2,3,3,2,1,4,2,2,3,1,1,4,2,2,4,1,1,2,2,3,2,1,2,2,4,1,1,1,1,3,4,1,4,3,3,1,2,1,4,1,1,2,3,4,3,2,1,3,1,1,3,4,2,4,3,2,1,1,1,1,1,1,2,3,4,2,4,3,4,3,1,2,2,3,1,3,1,3,3,1,2,1,3,3,2,1,2,4,4,4,4,1,4,2,4,4,3,2,2,2,4,2,2,3,2,4,2,3,2,4,2,2,2,4,3,1,4,4,1,2,1,1,1,2,3,1,1,3,3,3,4,3,4,3,3,3,4,1,3,3,4,1,4,1,3,4,1,4,2,2,3,4,4,3,2,3,2,2,3,4,3,1,2,4,3,3,4,2,1,1,3,1,4,3,1,3,2,1,4,1,1,3,3,2,3,3,1,3,2,4,2,2,1,1,2,1,1,4,4,1,2,1,2,2,2,3,4,1,2,4,1,1,3,4,2,2,4,3,4,2,3,1,4,3,3,2,1,1,4,3,2,2,3,1,4,1,3,1,1,4,1,4,4,3,4,3,2,3,2,1,2,2,2,1,1,1,2,3,4,1,1,3,3,3,1,4,2,3,4,1,2,3,2,1,3,4,4,2,4,4,1,1,4,2,4,1,2,2,3,3,4,3,1,2,1,3,1,2,3,1,1,3,2,4,1,2,3,1,2,2,2,2,1,2,1,3,4,1,3,2,3,2,1,2,1,1,1,4,3,4,2,2,1,1,1,2,2,2,4,4,2,1,4,4,1,3,3,2,4,3,3,3,1,1,1,2,2,3,3,4,1,1,1,2,3,2,2,4,1,2,3,3,1,2,2,3,1,3,1,1,3,2,2,1,3,2,4,2,1,2,3,4,4,2,1,2,2,4,3,4,1,4,3,1,1,2,3,4,1,3,3,1,3,2,1,3,2,3,3,2,2,2,3,3,1,3,1,4,1,1,4,1,1,4,4,2,1,2,4,1,2,4,2,1,4,1,4,1,2,1,2,1,3,2,1,1,1,3,4,1,3,1,2,2,1,2,4,1,4,1,2,3,1,2,2,3,1,3,3,1,3,4"
115,0.9886279079380575,0.5196078431372549,2329.0,"2,2,3,4,1,1,4,1,1,2,4,1,1,4,2,2,3,4,1,1,4,4,4,2,1,1,4,3,1,2,2,2,3,3,3,3,1,2,1,3,2,3,4,4,4,3,1,4,4,3,4,1,3,2,1,1,2,1,1,4,3,1,1,3,4,1,4,2,3,1,1,2,4,4,3,1,3,2,4,2,3,1,1,3,1,3,3,3,4,1,2,1,3,4,4,2,4,4,2,2,4,3,3,3,3,4,3,1,2,1,1,2,2,2,4,1,4,2,3,2,1,3,4,4,4,4,1,2,1,3,1,2,2,2,3,2,1,4,2,1,4,2,1,1,3,3,2,1,2,2,4,1,1,2,2,2,4,1,2,1,3,2,3,2,2,3,1,2,1,1,3,4,2,3,3,1,2,2,2,2,3,3,3,4,2,4,4,3,2,2,2,4,1,2,1,1,2,2,3,2,1,4,3,4,3,4,2,1,3,3,1,2,1,1,3,3,2,2,2,2,1,2,4,4,3,3,1,3,1,4,3,1,3,3,3,1,2,4,1,3,1,1,4,2,1,2,4,2,3,3,1,3,2,1,1,2,1,4,2,2,1,2,1,3,2,3,2,1,4,3,4,4,2,2,2,3,2,4,2,2,1,4,2,3,2,1,1,3,3,1,2,1,4,4,3,1,3,4,1,4,1,2,4,1,2,1,4,1,4,4,4,2,2,4,4,2,2,3,2,3,4,3,4,1,2,4,1,2,4,1,1,2,3,3,3,4,2,3,1,1,1,4,3,3,2,2,1,2,4,1,3,4,3,4,1,2,2,2,2,1,2,3,2,4,3,3,1,2,2,1,4,1,4,2,1,2,4,1,1,4,4,3,2,2,1,1,3,4,3,3,4,2,4,1,1,3,2,2,3,3,2,4,1,3,2,3,1,2,3,3,1,4,3,3,1,1,4,2,1,4,1,4,1,3,2,3,2,4,3,3,4,1,3,2,3,3,2,1,3,3,2,1,4,3,4,3,1,3,1,3,4,3,4,2,2,3,4,2,3,3,2,4,1,3,1,2,3,2,1,3,2,4,4,3,2,4,3,2,2,3,4,2,4,4,3,4,3,2,4,2,1,2,1,3,3,1,1,3,3,2,3,3,4,1,2,1,3,3,2,1,3,1,2,1,1,2,4,2,3,1,1,1,4,4,1,4,2,2,1,4,2,4,2,2,2,1,4,2,3,3,2,4,1,1,1,2,1,1,2,2,2,2,1,3,4,1,3,4,3,2,1,4,3,1,1,2,2,3,3,2,2,1,4,1,1,1,2,4,2,1,2,4,2,3,3,2,1,1,4,1,3,4,1,4,3,2,2,1,4,2,3,2,3,1,1,2,2,3,3,3,2,2,3,1,2,3,2,4,1,1,3,3,2,1,3,3,1,3,1,3,2,3,1,1,3,2,1,1,1,2,4,3,2,4,3,2,4,3,3,2,4,2,4,1,1,3,3,3,3,4,4,3,4,1,1,4,2,1,2,1,4,4,3,3,1,2,2,2,1,2,4,2,1,3,3,4,1,4,1,1,3,2,1,4,3,1,4,1,1,1,4,4,3,4,3,3,3,2,2,3,4,3,1,3,4,3,1,2,4,4,4,3,3,2,1,4,2,1,2,3,1,2,1,1,2,4,2,4,2,1,2,1,3,1,3,4,2,3,2,3,3,3,4,1,4,3,2,1,3,1,3,1,1,4,2,4,1,1,2,3,1,4,4,2,1,3,4,3,2,3,2,4,2,1,3,4,1,3,2,2,3,2,3,1,3,4,4,2,3,1,2,2,1,4,1,1,1,1,3,1,4,1,4,3,2,4,3,1,3,1,4,1,3,4,1,1,1,2,2,3,3,1,4,2,1,4,3,2,1,2,2,1,4,3,2,1,2,2,3,4,2,3,1,1,1,3,2,1,3,4,3,3,4,3,1,2,3,3,1,1,4,3,3,3,2,3,1,3,1,1,1,2,3,1,3,2,3,4,1,2,1,1,4,3,4,1,4,2,1,1,3,2,2,3,3,3,4,3,4,4,2,1,2,1,2,3,4,4,4,2,3,2,1,3,1,4,4,4,4,1,1,1,1,1,4,4,4,2,4,2,1,3,3,2,4,2,1,1,3,4,2,2,1,1,4,2,1,1,2,2,4,2,2,3,4,2,1,1,1,3,1,2,2,2,2,4,1,2,4,2,4,2,3,3,2,1,1,4,4,4,3,1,3,4,4,2,2,2,3,1,4,1,3,1,1,2,2,2,1,4,1,2,2,4,4,2,2,3,3,4,4,3,1,1,3,1,2,1,4,3,1,1,2,2,3,4,4,2,1,2,1,2,2,3,2,1,1,3,1,3,1,3,1,1,4,3,2,1,1,3,2,2,4,4,2,3,3,1,4,4,4,2,3,2,3,4,3,3,4,3,2,1,1,1,2,3,2,3,4,3,1,4,3,4,3,2,3,1,2,2,1,1,1,4,3,2,2,4,3,1,4,3,3,2,2,3,4,2,3,3,2,2,2,2,4,1,2,4,3,1,2,3,4,4,1,1,3,1,3,2,3,2,1,1,1,3,4,4,2,1,1,2,3,2,2,2,2,3,3,3,1,1,2,2,2,4,2,4,1,3,1,2,3,4,3,3,2,4,3,4,3,1,3,2,2,2,4,1,4,3,4,4,2,3,4,4,2,2,2,3,3,2,1,4,2,2,3,1,1,4,2,2,4,1,1,2,2,3,2,1,2,2,4,1,1,1,1,3,4,1,4,3,3,1,2,1,4,1,1,2,3,4,3,2,1,3,1,1,3,4,2,4,3,2,1,1,1,1,1,1,2,3,4,2,4,3,4,3,1,2,2,3,1,3,1,3,3,1,2,1,3,3,2,1,2,4,4,4,4,1,4,2,4,4,3,2,2,2,4,2,2,3,2,4,2,3,2,4,2,2,2,4,3,1,4,4,1,2,1,1,1,2,3,1,1,3,3,3,4,3,4,3,3,3,4,1,3,3,4,1,4,1,3,4,1,4,2,2,3,4,4,3,2,3,2,2,3,4,3,1,2,4,3,3,4,2,1,1,3,1,4,3,1,3,2,1,4,1,1,3,3,2,3,3,1,3,2,4,2,2,1,1,2,1,1,4,4,1,2,1,2,2,2,3,4,1,2,4,1,1,3,4,2,2,4,3,4,2,3,1,4,3,3,2,1,1,4,3,2,2,3,1,4,1,3,1,1,4,1,4,4,3,4,3,2,3,2,1,2,2,2,1,1,1,2,3,4,1,1,3,3,3,1,4,2,3,4,1,2,3,2,1,3,4,4,2,4,4,1,1,4,2,4,1,2,2,3,3,4,3,1,2,1,3,1,2,3,1,1,3,2,4,1,2,3,1,2,2,2,2,1,2,1,3,4,1,3,2,3,2,1,2,1,1,1,4,3,4,2,2,1,1,1,2,2,2,4,4,2,1,4,4,1,3,3,2,4,3,3,3,1,1,1,2,2,3,3,4,1,1,1,2,3,2,2,4,1,2,3,3,1,2,2,3,1,3,1,1,3,2,2,1,3,2,4,2,1,2,3,4,4,2,1,2,2,4,3,4,1,4,3,1,1,2,3,4,1,3,3,1,3,2,1,3,2,3,3,2,2,2,3,3,1,3,1,4,1,1,4,1,1,4,4,2,1,2,4,1,2,4,2,1,4,1,4,1,2,1,2,1,3,2,1,1,1,3,4,1,3,1,2,2,1,2,4,1,4,1,2,3,1,2,2,3,1,3,3,1,3,4"
116,0.9886279079380575,0.5196078431372549,2329.0,"2,2,3,4,1,1,4,1,1,2,4,1,1,4,2,2,3,4,1,1,4,4,4,2,1,1,4,3,1,2,2,2,3,3,3,3,1,2,1,3,2,3,4,4,4,3,1,4,4,3,4,1,3,2,1,1,2,1,1,4,3,1,1,3,4,1,4,2,3,1,1,2,4,4,3,1,3,2,4,2,3,1,1,3,1,3,3,3,4,1,2,1,3,4,4,2,4,4,2,2,4,3,3,3,3,4,3,1,2,1,1,2,2,2,4,1,4,2,3,2,1,3,4,4,4,4,1,2,1,3,1,2,2,2,3,2,1,4,2,1,4,2,1,1,3,3,2,1,2,2,4,1,1,2,2,2,4,1,2,1,3,2,3,2,2,3,1,2,1,1,3,4,2,3,3,1,2,2,2,2,3,3,3,4,2,4,4,3,2,2,2,4,1,2,1,1,2,2,3,2,1,4,3,4,3,4,2,1,3,3,1,2,1,1,3,3,2,2,2,2,1,2,4,4,3,3,1,3,1,4,3,1,3,3,3,1,2,4,1,3,1,1,4,2,1,2,4,2,3,3,1,3,2,1,1,2,1,4,2,2,1,2,1,3,2,3,2,1,4,3,4,4,2,2,2,3,2,4,2,2,1,4,2,3,2,1,1,3,3,1,2,1,4,4,3,1,3,4,1,4,1,2,4,1,2,1,4,1,4,4,4,2,2,4,4,2,2,3,2,3,4,3,4,1,2,4,1,2,4,1,1,2,3,3,3,4,2,3,1,1,1,4,3,3,2,2,1,2,4,1,3,4,3,4,1,2,2,2,2,1,2,3,2,4,3,3,1,2,2,1,4,1,4,2,1,2,4,1,1,4,4,3,2,2,1,1,3,4,3,3,4,2,4,1,1,3,2,2,3,3,2,4,1,3,2,3,1,2,3,3,1,4,3,3,1,1,4,2,1,4,1,4,1,3,2,3,2,4,3,3,4,1,3,2,3,3,2,1,3,3,2,1,4,3,4,3,1,3,1,3,4,3,4,2,2,3,4,2,3,3,2,4,1,3,1,2,3,2,1,3,2,4,4,3,2,4,3,2,2,3,4,2,4,4,3,4,3,2,4,2,1,2,1,3,3,1,1,3,3,2,3,3,4,1,2,1,3,3,2,1,3,1,2,1,1,2,4,2,3,1,1,1,4,4,1,4,2,2,1,4,2,4,2,2,2,1,4,2,3,3,2,4,1,1,1,2,1,1,2,2,2,2,1,3,4,1,3,4,3,2,1,4,3,1,1,2,2,3,3,2,2,1,4,1,1,1,2,4,2,1,2,4,2,3,3,2,1,1,4,1,3,4,1,4,3,2,2,1,4,2,3,2,3,1,1,2,2,3,3,3,2,2,3,1,2,3,2,4,1,1,3,3,2,1,3,3,1,3,1,3,2,3,1,1,3,2,1,1,1,2,4,3,2,4,3,2,4,3,3,2,4,2,4,1,1,3,3,3,3,4,4,3,4,1,1,4,2,1,2,1,4,4,3,3,1,2,2,2,1,2,4,2,1,3,3,4,1,4,1,1,3,2,1,4,3,1,4,1,1,1,4,4,3,4,3,3,3,2,2,3,4,3,1,3,4,3,1,2,4,4,4,3,3,2,1,4,2,1,2,3,1,2,1,1,2,4,2,4,2,1,2,1,3,1,3,4,2,3,2,3,3,3,4,1,4,3,2,1,3,1,3,1,1,4,2,4,1,1,2,3,1,4,4,2,1,3,4,3,2,3,2,4,2,1,3,4,1,3,2,2,3,2,3,1,3,4,4,2,3,1,2,2,1,4,1,1,1,1,3,1,4,1,4,3,2,4,3,1,3,1,4,1,3,4,1,1,1,2,2,3,3,1,4,2,1,4,3,2,1,2,2,1,4,3,2,1,2,2,3,4,2,3,1,1,1,3,2,1,3,4,3,3,4,3,1,2,3,3,1,1,4,3,3,3,2,3,1,3,1,1,1,2,3,1,3,2,3,4,1,2,1,1,4,3,4,1,4,2,1,1,3,2,2,3,3,3,4,3,4,4,2,1,2,1,2,3,4,4,4,2,3,2,1,3,1,4,4,4,4,1,1,1,1,1,4,4,4,2,4,2,1,3,3,2,4,2,1,1,3,4,2,2,1,1,4,2,1,1,2,2,4,2,2,3,4,2,1,1,1,3,1,2,2,2,2,4,1,2,4,2,4,2,3,3,2,1,1,4,4,4,3,1,3,4,4,2,2,2,3,1,4,1,3,1,1,2,2,2,1,4,1,2,2,4,4,2,2,3,3,4,4,3,1,1,3,1,2,1,4,3,1,1,2,2,3,4,4,2,1,2,1,2,2,3,2,1,1,3,1,3,1,3,1,1,4,3,2,1,1,3,2,2,4,4,2,3,3,1,4,4,4,2,3,2,3,4,3,3,4,3,2,1,1,1,2,3,2,3,4,3,1,4,3,4,3,2,3,1,2,2,1,1,1,4,3,2,2,4,3,1,4,3,3,2,2,3,4,2,3,3,2,2,2,2,4,1,2,4,3,1,2,3,4,4,1,1,3,1,3,2,3,2,1,1,1,3,4,4,2,1,1,2,3,2,2,2,2,3,3,3,1,1,2,2,2,4,2,4,1,3,1,2,3,4,3,3,2,4,3,4,3,1,3,2,2,2,4,1,4,3,4,4,2,3,4,4,2,2,2,3,3,2,1,4,2,2,3,1,1,4,2,2,4,1,1,2,2,3,2,1,2,2,4,1,1,1,1,3,4,1,4,3,3,1,2,1,4,1,1,2,3,4,3,2,1,3,1,1,3,4,2,4,3,2,1,1,1,1,1,1,2,3,4,2,4,3,4,3,1,2,2,3,1,3,1,3,3,1,2,1,3,3,2,1,2,4,4,4,4,1,4,2,4,4,3,2,2,2,4,2,2,3,2,4,2,3,2,4,2,2,2,4,3,1,4,4,1,2,1,1,1,2,3,1,1,3,3,3,4,3,4,3,3,3,4,1,3,3,4,1,4,1,3,4,1,4,2,2,3,4,4,3,2,3,2,2,3,4,3,1,2,4,3,3,4,2,1,1,3,1,4,3,1,3,2,1,4,1,1,3,3,2,3,3,1,3,2,4,2,2,1,1,2,1,1,4,4,1,2,1,2,2,2,3,4,1,2,4,1,1,3,4,2,2,4,3,4,2,3,1,4,3,3,2,1,1,4,3,2,2,3,1,4,1,3,1,1,4,1,4,4,3,4,3,2,3,2,1,2,2,2,1,1,1,2,3,4,1,1,3,3,3,1,4,2,3,4,1,2,3,2,1,3,4,4,2,4,4,1,1,4,2,4,1,2,2,3,3,4,3,1,2,1,3,1,2,3,1,1,3,2,4,1,2,3,1,2,2,2,2,1,2,1,3,4,1,3,2,3,2,1,2,1,1,1,4,3,4,2,2,1,1,1,2,2,2,4,4,2,1,4,4,1,3,3,2,4,3,3,3,1,1,1,2,2,3,3,4,1,1,1,2,3,2,2,4,1,2,3,3,1,2,2,3,1,3,1,1,3,2,2,1,3,2,4,2,1,2,3,4,4,2,1,2,2,4,3,4,1,4,3,1,1,2,3,4,1,3,3,1,3,2,1,3,2,3,3,2,2,2,3,3,1,3,1,4,1,1,4,1,1,4,4,2,1,2,4,1,2,4,2,1,4,1,4,1,2,1,2,1,3,2,1,1,1,3,4,1,3,1,2,2,1,2,4,1,4,1,2,3,1,2,2,3,1,3,3,1,3,4"
117,0.9886279079380575,0.5196078431372549,2329.0,"2,2,3,4,1,1,4,1,1,2,4,1,1,4,2,2,3,4,1,1,4,4,4,2,1,1,4,3,1,2,2,2,3,3,3,3,1,2,1,3,2,3,4,4,4,3,1,4,4,3,4,1,3,2,1,1,2,1,1,4,3,1,1,3,4,1,4,2,3,1,1,2,4,4,3,1,3,2,4,2,3,1,1,3,1,3,3,3,4,1,2,1,3,4,4,2,4,4,2,2,4,3,3,3,3,4,3,1,2,1,1,2,2,2,4,1,4,2,3,2,1,3,4,4,4,4,1,2,1,3,1,2,2,2,3,2,1,4,2,1,4,2,1,1,3,3,2,1,2,2,4,1,1,2,2,2,4,1,2,1,3,2,3,2,2,3,1,2,1,1,3,4,2,3,3,1,2,2,2,2,3,3,3,4,2,4,4,3,2,2,2,4,1,2,1,1,2,2,3,2,1,4,3,4,3,4,2,1,3,3,1,2,1,1,3,3,2,2,2,2,1,2,4,4,3,3,1,3,1,4,3,1,3,3,3,1,2,4,1,3,1,1,4,2,1,2,4,2,3,3,1,3,2,1,1,2,1,4,2,2,1,2,1,3,2,3,2,1,4,3,4,4,2,2,2,3,2,4,2,2,1,4,2,3,2,1,1,3,3,1,2,1,4,4,3,1,3,4,1,4,1,2,4,1,2,1,4,1,4,4,4,2,2,4,4,2,2,3,2,3,4,3,4,1,2,4,1,2,4,1,1,2,3,3,3,4,2,3,1,1,1,4,3,3,2,2,1,2,4,1,3,4,3,4,1,2,2,2,2,1,2,3,2,4,3,3,1,2,2,1,4,1,4,2,1,2,4,1,1,4,4,3,2,2,1,1,3,4,3,3,4,2,4,1,1,3,2,2,3,3,2,4,1,3,2,3,1,2,3,3,1,4,3,3,1,1,4,2,1,4,1,4,1,3,2,3,2,4,3,3,4,1,3,2,3,3,2,1,3,3,2,1,4,3,4,3,1,3,1,3,4,3,4,2,2,3,4,2,3,3,2,4,1,3,1,2,3,2,1,3,2,4,4,3,2,4,3,2,2,3,4,2,4,4,3,4,3,2,4,2,1,2,1,3,3,1,1,3,3,2,3,3,4,1,2,1,3,3,2,1,3,1,2,1,1,2,4,2,3,1,1,1,4,4,1,4,2,2,1,4,2,4,2,2,2,1,4,2,3,3,2,4,1,1,1,2,1,1,2,2,2,2,1,3,4,1,3,4,3,2,1,4,3,1,1,2,2,3,3,2,2,1,4,1,1,1,2,4,2,1,2,4,2,3,3,2,1,1,4,1,3,4,1,4,3,2,2,1,4,2,3,2,3,1,1,2,2,3,3,3,2,2,3,1,2,3,2,4,1,1,3,3,2,1,3,3,1,3,1,3,2,3,1,1,3,2,1,1,1,2,4,3,2,4,3,2,4,3,3,2,4,2,4,1,1,3,3,3,3,4,4,3,4,1,1,4,2,1,2,1,4,4,3,3,1,2,2,2,1,2,4,2,1,3,3,4,1,4,1,1,3,2,1,4,3,1,4,1,1,1,4,4,3,4,3,3,3,2,2,3,4,3,1,3,4,3,1,2,4,4,4,3,3,2,1,4,2,1,2,3,1,2,1,1,2,4,2,4,2,1,2,1,3,1,3,4,2,3,2,3,3,3,4,1,4,3,2,1,3,1,3,1,1,4,2,4,1,1,2,3,1,4,4,2,1,3,4,3,2,3,2,4,2,1,3,4,1,3,2,2,3,2,3,1,3,4,4,2,3,1,2,2,1,4,1,1,1,1,3,1,4,1,4,3,2,4,3,1,3,1,4,1,3,4,1,1,1,2,2,3,3,1,4,2,1,4,3,2,1,2,2,1,4,3,2,1,2,2,3,4,2,3,1,1,1,3,2,1,3,4,3,3,4,3,1,2,3,3,1,1,4,3,3,3,2,3,1,3,1,1,1,2,3,1,3,2,3,4,1,2,1,1,4,3,4,1,4,2,1,1,3,2,2,3,3,3,4,3,4,4,2,1,2,1,2,3,4,4,4,2,3,2,1,3,1,4,4,4,4,1,1,1,1,1,4,4,4,2,4,2,1,3,3,2,4,2,1,1,3,4,2,2,1,1,4,2,1,1,2,2,4,2,2,3,4,2,1,1,1,3,1,2,2,2,2,4,1,2,4,2,4,2,3,3,2,1,1,4,4,4,3,1,3,4,4,2,2,2,3,1,4,1,3,1,1,2,2,2,1,4,1,2,2,4,4,2,2,3,3,4,4,3,1,1,3,1,2,1,4,3,1,1,2,2,3,4,4,2,1,2,1,2,2,3,2,1,1,3,1,3,1,3,1,1,4,3,2,1,1,3,2,2,4,4,2,3,3,1,4,4,4,2,3,2,3,4,3,3,4,3,2,1,1,1,2,3,2,3,4,3,1,4,3,4,3,2,3,1,2,2,1,1,1,4,3,2,2,4,3,1,4,3,3,2,2,3,4,2,3,3,2,2,2,2,4,1,2,4,3,1,2,3,4,4,1,1,3,1,3,2,3,2,1,1,1,3,4,4,2,1,1,2,3,2,2,2,2,3,3,3,1,1,2,2,2,4,2,4,1,3,1,2,3,4,3,3,2,4,3,4,3,1,3,2,2,2,4,1,4,3,4,4,2,3,4,4,2,2,2,3,3,2,1,4,2,2,3,1,1,4,2,2,4,1,1,2,2,3,2,1,2,2,4,1,1,1,1,3,4,1,4,3,3,1,2,1,4,1,1,2,3,4,3,2,1,3,1,1,3,4,2,4,3,2,1,1,1,1,1,1,2,3,4,2,4,3,4,3,1,2,2,3,1,3,1,3,3,1,2,1,3,3,2,1,2,4,4,4,4,1,4,2,4,4,3,2,2,2,4,2,2,3,2,4,2,3,2,4,2,2,2,4,3,1,4,4,1,2,1,1,1,2,3,1,1,3,3,3,4,3,4,3,3,3,4,1,3,3,4,1,4,1,3,4,1,4,2,2,3,4,4,3,2,3,2,2,3,4,3,1,2,4,3,3,4,2,1,1,3,1,4,3,1,3,2,1,4,1,1,3,3,2,3,3,1,3,2,4,2,2,1,1,2,1,1,4,4,1,2,1,2,2,2,3,4,1,2,4,1,1,3,4,2,2,4,3,4,2,3,1,4,3,3,2,1,1,4,3,2,2,3,1,4,1,3,1,1,4,1,4,4,3,4,3,2,3,2,1,2,2,2,1,1,1,2,3,4,1,1,3,3,3,1,4,2,3,4,1,2,3,2,1,3,4,4,2,4,4,1,1,4,2,4,1,2,2,3,3,4,3,1,2,1,3,1,2,3,1,1,3,2,4,1,2,3,1,2,2,2,2,1,2,1,3,4,1,3,2,3,2,1,2,1,1,1,4,3,4,2,2,1,1,1,2,2,2,4,4,2,1,4,4,1,3,3,2,4,3,3,3,1,1,1,2,2,3,3,4,1,1,1,2,3,2,2,4,1,2,3,3,1,2,2,3,1,3,1,1,3,2,2,1,3,2,4,2,1,2,3,4,4,2,1,2,2,4,3,4,1,4,3,1,1,2,3,4,1,3,3,1,3,2,1,3,2,3,3,2,2,2,3,3,1,3,1,4,1,1,4,1,1,4,4,2,1,2,4,1,2,4,2,1,4,1,4,1,2,1,2,1,3,2,1,1,1,3,4,1,3,1,2,2,1,2,4,1,4,1,2,3,1,2,2,3,1,3,3,1,3,4"
118,0.9886279079380575,0.5196078431372549,2329.0,"2,2,3,4,1,1,4,1,1,2,4,1,1,4,2,2,3,4,1,1,4,4,4,2,1,1,4,3,1,2,2,2,3,3,3,3,1,2,1,3,2,3,4,4,4,3,1,4,4,3,4,1,3,2,1,1,2,1,1,4,3,1,1,3,4,1,4,2,3,1,1,2,4,4,3,1,3,2,4,2,3,1,1,3,1,3,3,3,4,1,2,1,3,4,4,2,4,4,2,2,4,3,3,3,3,4,3,1,2,1,1,2,2,2,4,1,4,2,3,2,1,3,4,4,4,4,1,2,1,3,1,2,2,2,3,2,1,4,2,1,4,2,1,1,3,3,2,1,2,2,4,1,1,2,2,2,4,1,2,1,3,2,3,2,2,3,1,2,1,1,3,4,2,3,3,1,2,2,2,2,3,3,3,4,2,4,4,3,2,2,2,4,1,2,1,1,2,2,3,2,1,4,3,4,3,4,2,1,3,3,1,2,1,1,3,3,2,2,2,2,1,2,4,4,3,3,1,3,1,4,3,1,3,3,3,1,2,4,1,3,1,1,4,2,1,2,4,2,3,3,1,3,2,1,1,2,1,4,2,2,1,2,1,3,2,3,2,1,4,3,4,4,2,2,2,3,2,4,2,2,1,4,2,3,2,1,1,3,3,1,2,1,4,4,3,1,3,4,1,4,1,2,4,1,2,1,4,1,4,4,4,2,2,4,4,2,2,3,2,3,4,3,4,1,2,4,1,2,4,1,1,2,3,3,3,4,2,3,1,1,1,4,3,3,2,2,1,2,4,1,3,4,3,4,1,2,2,2,2,1,2,3,2,4,3,3,1,2,2,1,4,1,4,2,1,2,4,1,1,4,4,3,2,2,1,1,3,4,3,3,4,2,4,1,1,3,2,2,3,3,2,4,1,3,2,3,1,2,3,3,1,4,3,3,1,1,4,2,1,4,1,4,1,3,2,3,2,4,3,3,4,1,3,2,3,3,2,1,3,3,2,1,4,3,4,3,1,3,1,3,4,3,4,2,2,3,4,2,3,3,2,4,1,3,1,2,3,2,1,3,2,4,4,3,2,4,3,2,2,3,4,2,4,4,3,4,3,2,4,2,1,2,1,3,3,1,1,3,3,2,3,3,4,1,2,1,3,3,2,1,3,1,2,1,1,2,4,2,3,1,1,1,4,4,1,4,2,2,1,4,2,4,2,2,2,1,4,2,3,3,2,4,1,1,1,2,1,1,2,2,2,2,1,3,4,1,3,4,3,2,1,4,3,1,1,2,2,3,3,2,2,1,4,1,1,1,2,4,2,1,2,4,2,3,3,2,1,1,4,1,3,4,1,4,3,2,2,1,4,2,3,2,3,1,1,2,2,3,3,3,2,2,3,1,2,3,2,4,1,1,3,3,2,1,3,3,1,3,1,3,2,3,1,1,3,2,1,1,1,2,4,3,2,4,3,2,4,3,3,2,4,2,4,1,1,3,3,3,3,4,4,3,4,1,1,4,2,1,2,1,4,4,3,3,1,2,2,2,1,2,4,2,1,3,3,4,1,4,1,1,3,2,1,4,3,1,4,1,1,1,4,4,3,4,3,3,3,2,2,3,4,3,1,3,4,3,1,2,4,4,4,3,3,2,1,4,2,1,2,3,1,2,1,1,2,4,2,4,2,1,2,1,3,1,3,4,2,3,2,3,3,3,4,1,4,3,2,1,3,1,3,1,1,4,2,4,1,1,2,3,1,4,4,2,1,3,4,3,2,3,2,4,2,1,3,4,1,3,2,2,3,2,3,1,3,4,4,2,3,1,2,2,1,4,1,1,1,1,3,1,4,1,4,3,2,4,3,1,3,1,4,1,3,4,1,1,1,2,2,3,3,1,4,2,1,4,3,2,1,2,2,1,4,3,2,1,2,2,3,4,2,3,1,1,1,3,2,1,3,4,3,3,4,3,1,2,3,3,1,1,4,3,3,3,2,3,1,3,1,1,1,2,3,1,3,2,3,4,1,2,1,1,4,3,4,1,4,2,1,1,3,2,2,3,3,3,4,3,4,4,2,1,2,1,2,3,4,4,4,2,3,2,1,3,1,4,4,4,4,1,1,1,1,1,4,4,4,2,4,2,1,3,3,2,4,2,1,1,3,4,2,2,1,1,4,2,1,1,2,2,4,2,2,3,4,2,1,1,1,3,1,2,2,2,2,4,1,2,4,2,4,2,3,3,2,1,1,4,4,4,3,1,3,4,4,2,2,2,3,1,4,1,3,1,1,2,2,2,1,4,1,2,2,4,4,2,2,3,3,4,4,3,1,1,3,1,2,1,4,3,1,1,2,2,3,4,4,2,1,2,1,2,2,3,2,1,1,3,1,3,1,3,1,1,4,3,2,1,1,3,2,2,4,4,2,3,3,1,4,4,4,2,3,2,3,4,3,3,4,3,2,1,1,1,2,3,2,3,4,3,1,4,3,4,3,2,3,1,2,2,1,1,1,4,3,2,2,4,3,1,4,3,3,2,2,3,4,2,3,3,2,2,2,2,4,1,2,4,3,1,2,3,4,4,1,1,3,1,3,2,3,2,1,1,1,3,4,4,2,1,1,2,3,2,2,2,2,3,3,3,1,1,2,2,2,4,2,4,1,3,1,2,3,4,3,3,2,4,3,4,3,1,3,2,2,2,4,1,4,3,4,4,2,3,4,4,2,2,2,3,3,2,1,4,2,2,3,1,1,4,2,2,4,1,1,2,2,3,2,1,2,2,4,1,1,1,1,3,4,1,4,3,3,1,2,1,4,1,1,2,3,4,3,2,1,3,1,1,3,4,2,4,3,2,1,1,1,1,1,1,2,3,4,2,4,3,4,3,1,2,2,3,1,3,1,3,3,1,2,1,3,3,2,1,2,4,4,4,4,1,4,2,4,4,3,2,2,2,4,2,2,3,2,4,2,3,2,4,2,2,2,4,3,1,4,4,1,2,1,1,1,2,3,1,1,3,3,3,4,3,4,3,3,3,4,1,3,3,4,1,4,1,3,4,1,4,2,2,3,4,4,3,2,3,2,2,3,4,3,1,2,4,3,3,4,2,1,1,3,1,4,3,1,3,2,1,4,1,1,3,3,2,3,3,1,3,2,4,2,2,1,1,2,1,1,4,4,1,2,1,2,2,2,3,4,1,2,4,1,1,3,4,2,2,4,3,4,2,3,1,4,3,3,2,1,1,4,3,2,2,3,1,4,1,3,1,1,4,1,4,4,3,4,3,2,3,2,1,2,2,2,1,1,1,2,3,4,1,1,3,3,3,1,4,2,3,4,1,2,3,2,1,3,4,4,2,4,4,1,1,4,2,4,1,2,2,3,3,4,3,1,2,1,3,1,2,3,1,1,3,2,4,1,2,3,1,2,2,2,2,1,2,1,3,4,1,3,2,3,2,1,2,1,1,1,4,3,4,2,2,1,1,1,2,2,2,4,4,2,1,4,4,1,3,3,2,4,3,3,3,1,1,1,2,2,3,3,4,1,1,1,2,3,2,2,4,1,2,3,3,1,2,2,3,1,3,1,1,3,2,2,1,3,2,4,2,1,2,3,4,4,2,1,2,2,4,3,4,1,4,3,1,1,2,3,4,1,3,3,1,3,2,1,3,2,3,3,2,2,2,3,3,1,3,1,4,1,1,4,1,1,4,4,2,1,2,4,1,2,4,2,1,4,1,4,1,2,1,2,1,3,2,1,1,1,3,4,1,3,1,2,2,1,2,4,1,4,1,2,3,1,2,2,3,1,3,3,1,3,4"
119,0.9886279079380575,0.5196078431372549,2329.0,"2,2,3,4,1,1,4,1,1,2,4,1,1,4,2,2,3,4,1,1,4,4,4,2,1,1,4,3,1,2,2,2,3,3,3,3,1,2,1,3,2,3,4,4,4,3,1,4,4,3,4,1,3,2,1,1,2,1,1,4,3,1,1,3,4,1,4,2,3,1,1,2,4,4,3,1,3,2,4,2,3,1,1,3,1,3,3,3,4,1,2,1,3,4,4,2,4,4,2,2,4,3,3,3,3,4,3,1,2,1,1,2,2,2,4,1,4,2,3,2,1,3,4,4,4,4,1,2,1,3,1,2,2,2,3,2,1,4,2,1,4,2,1,1,3,3,2,1,2,2,4,1,1,2,2,2,4,1,2,1,3,2,3,2,2,3,1,2,1,1,3,4,2,3,3,1,2,2,2,2,3,3,3,4,2,4,4,3,2,2,2,4,1,2,1,1,2,2,3,2,1,4,3,4,3,4,2,1,3,3,1,2,1,1,3,3,2,2,2,2,1,2,4,4,3,3,1,3,1,4,3,1,3,3,3,1,2,4,1,3,1,1,4,2,1,2,4,2,3,3,1,3,2,1,1,2,1,4,2,2,1,2,1,3,2,3,2,1,4,3,4,4,2,2,2,3,2,4,2,2,1,4,2,3,2,1,1,3,3,1,2,1,4,4,3,1,3,4,1,4,1,2,4,1,2,1,4,1,4,4,4,2,2,4,4,2,2,3,2,3,4,3,4,1,2,4,1,2,4,1,1,2,3,3,3,4,2,3,1,1,1,4,3,3,2,2,1,2,4,1,3,4,3,4,1,2,2,2,2,1,2,3,2,4,3,3,1,2,2,1,4,1,4,2,1,2,4,1,1,4,4,3,2,2,1,1,3,4,3,3,4,2,4,1,1,3,2,2,3,3,2,4,1,3,2,3,1,2,3,3,1,4,3,3,1,1,4,2,1,4,1,4,1,3,2,3,2,4,3,3,4,1,3,2,3,3,2,1,3,3,2,1,4,3,4,3,1,3,1,3,4,3,4,2,2,3,4,2,3,3,2,4,1,3,1,2,3,2,1,3,2,4,4,3,2,4,3,2,2,3,4,2,4,4,3,4,3,2,4,2,1,2,1,3,3,1,1,3,3,2,3,3,4,1,2,1,3,3,2,1,3,1,2,1,1,2,4,2,3,1,1,1,4,4,1,4,2,2,1,4,2,4,2,2,2,1,4,2,3,3,2,4,1,1,1,2,1,1,2,2,2,2,1,3,4,1,3,4,3,2,1,4,3,1,1,2,2,3,3,2,2,1,4,1,1,1,2,4,2,1,2,4,2,3,3,2,1,1,4,1,3,4,1,4,3,2,2,1,4,2,3,2,3,1,1,2,2,3,3,3,2,2,3,1,2,3,2,4,1,1,3,3,2,1,3,3,1,3,1,3,2,3,1,1,3,2,1,1,1,2,4,3,2,4,3,2,4,3,3,2,4,2,4,1,1,3,3,3,3,4,4,3,4,1,1,4,2,1,2,1,4,4,3,3,1,2,2,2,1,2,4,2,1,3,3,4,1,4,1,1,3,2,1,4,3,1,4,1,1,1,4,4,3,4,3,3,3,2,2,3,4,3,1,3,4,3,1,2,4,4,4,3,3,2,1,4,2,1,2,3,1,2,1,1,2,4,2,4,2,1,2,1,3,1,3,4,2,3,2,3,3,3,4,1,4,3,2,1,3,1,3,1,1,4,2,4,1,1,2,3,1,4,4,2,1,3,4,3,2,3,2,4,2,1,3,4,1,3,2,2,3,2,3,1,3,4,4,2,3,1,2,2,1,4,1,1,1,1,3,1,4,1,4,3,2,4,3,1,3,1,4,1,3,4,1,1,1,2,2,3,3,1,4,2,1,4,3,2,1,2,2,1,4,3,2,1,2,2,3,4,2,3,1,1,1,3,2,1,3,4,3,3,4,3,1,2,3,3,1,1,4,3,3,3,2,3,1,3,1,1,1,2,3,1,3,2,3,4,1,2,1,1,4,3,4,1,4,2,1,1,3,2,2,3,3,3,4,3,4,4,2,1,2,1,2,3,4,4,4,2,3,2,1,3,1,4,4,4,4,1,1,1,1,1,4,4,4,2,4,2,1,3,3,2,4,2,1,1,3,4,2,2,1,1,4,2,1,1,2,2,4,2,2,3,4,2,1,1,1,3,1,2,2,2,2,4,1,2,4,2,4,2,3,3,2,1,1,4,4,4,3,1,3,4,4,2,2,2,3,1,4,1,3,1,1,2,2,2,1,4,1,2,2,4,4,2,2,3,3,4,4,3,1,1,3,1,2,1,4,3,1,1,2,2,3,4,4,2,1,2,1,2,2,3,2,1,1,3,1,3,1,3,1,1,4,3,2,1,1,3,2,2,4,4,2,3,3,1,4,4,4,2,3,2,3,4,3,3,4,3,2,1,1,1,2,3,2,3,4,3,1,4,3,4,3,2,3,1,2,2,1,1,1,4,3,2,2,4,3,1,4,3,3,2,2,3,4,2,3,3,2,2,2,2,4,1,2,4,3,1,2,3,4,4,1,1,3,1,3,2,3,2,1,1,1,3,4,4,2,1,1,2,3,2,2,2,2,3,3,3,1,1,2,2,2,4,2,4,1,3,1,2,3,4,3,3,2,4,3,4,3,1,3,2,2,2,4,1,4,3,4,4,2,3,4,4,2,2,2,3,3,2,1,4,2,2,3,1,1,4,2,2,4,1,1,2,2,3,2,1,2,2,4,1,1,1,1,3,4,1,4,3,3,1,2,1,4,1,1,2,3,4,3,2,1,3,1,1,3,4,2,4,3,2,1,1,1,1,1,1,2,3,4,2,4,3,4,3,1,2,2,3,1,3,1,3,3,1,2,1,3,3,2,1,2,4,4,4,4,1,4,2,4,4,3,2,2,2,4,2,2,3,2,4,2,3,2,4,2,2,2,4,3,1,4,4,1,2,1,1,1,2,3,1,1,3,3,3,4,3,4,3,3,3,4,1,3,3,4,1,4,1,3,4,1,4,2,2,3,4,4,3,2,3,2,2,3,4,3,1,2,4,3,3,4,2,1,1,3,1,4,3,1,3,2,1,4,1,1,3,3,2,3,3,1,3,2,4,2,2,1,1,2,1,1,4,4,1,2,1,2,2,2,3,4,1,2,4,1,1,3,4,2,2,4,3,4,2,3,1,4,3,3,2,1,1,4,3,2,2,3,1,4,1,3,1,1,4,1,4,4,3,4,3,2,3,2,1,2,2,2,1,1,1,2,3,4,1,1,3,3,3,1,4,2,3,4,1,2,3,2,1,3,4,4,2,4,4,1,1,4,2,4,1,2,2,3,3,4,3,1,2,1,3,1,2,3,1,1,3,2,4,1,2,3,1,2,2,2,2,1,2,1,3,4,1,3,2,3,2,1,2,1,1,1,4,3,4,2,2,1,1,1,2,2,2,4,4,2,1,4,4,1,3,3,2,4,3,3,3,1,1,1,2,2,3,3,4,1,1,1,2,3,2,2,4,1,2,3,3,1,2,2,3,1,3,1,1,3,2,2,1,3,2,4,2,1,2,3,4,4,2,1,2,2,4,3,4,1,4,3,1,1,2,3,4,1,3,3,1,3,2,1,3,2,3,3,2,2,2,3,3,1,3,1,4,1,1,4,1,1,4,4,2,1,2,4,1,2,4,2,1,4,1,4,1,2,1,2,1,3,2,1,1,1,3,4,1,3,1,2,2,1,2,4,1,4,1,2,3,1,2,2,3,1,3,3,1,3,4"
120,0.9886279079380575,0.5196078431372549,2329.0,"2,2,3,4,1,1,4,1,1,2,4,1,1,4,2,2,3,4,1,1,4,4,4,2,1,1,4,3,1,2,2,2,3,3,3,3,1,2,1,3,2,3,4,4,4,3,1,4,4,3,4,1,3,2,1,1,2,1,1,4,3,1,1,3,4,1,4,2,3,1,1,2,4,4,3,1,3,2,4,2,3,1,1,3,1,3,3,3,4,1,2,1,3,4,4,2,4,4,2,2,4,3,3,3,3,4,3,1,2,1,1,2,2,2,4,1,4,2,3,2,1,3,4,4,4,4,1,2,1,3,1,2,2,2,3,2,1,4,2,1,4,2,1,1,3,3,2,1,2,2,4,1,1,2,2,2,4,1,2,1,3,2,3,2,2,3,1,2,1,1,3,4,2,3,3,1,2,2,2,2,3,3,3,4,2,4,4,3,2,2,2,4,1,2,1,1,2,2,3,2,1,4,3,4,3,4,2,1,3,3,1,2,1,1,3,3,2,2,2,2,1,2,4,4,3,3,1,3,1,4,3,1,3,3,3,1,2,4,1,3,1,1,4,2,1,2,4,2,3,3,1,3,2,1,1,2,1,4,2,2,1,2,1,3,2,3,2,1,4,3,4,4,2,2,2,3,2,4,2,2,1,4,2,3,2,1,1,3,3,1,2,1,4,4,3,1,3,4,1,4,1,2,4,1,2,1,4,1,4,4,4,2,2,4,4,2,2,3,2,3,4,3,4,1,2,4,1,2,4,1,1,2,3,3,3,4,2,3,1,1,1,4,3,3,2,2,1,2,4,1,3,4,3,4,1,2,2,2,2,1,2,3,2,4,3,3,1,2,2,1,4,1,4,2,1,2,4,1,1,4,4,3,2,2,1,1,3,4,3,3,4,2,4,1,1,3,2,2,3,3,2,4,1,3,2,3,1,2,3,3,1,4,3,3,1,1,4,2,1,4,1,4,1,3,2,3,2,4,3,3,4,1,3,2,3,3,2,1,3,3,2,1,4,3,4,3,1,3,1,3,4,3,4,2,2,3,4,2,3,3,2,4,1,3,1,2,3,2,1,3,2,4,4,3,2,4,3,2,2,3,4,2,4,4,3,4,3,2,4,2,1,2,1,3,3,1,1,3,3,2,3,3,4,1,2,1,3,3,2,1,3,1,2,1,1,2,4,2,3,1,1,1,4,4,1,4,2,2,1,4,2,4,2,2,2,1,4,2,3,3,2,4,1,1,1,2,1,1,2,2,2,2,1,3,4,1,3,4,3,2,1,4,3,1,1,2,2,3,3,2,2,1,4,1,1,1,2,4,2,1,2,4,2,3,3,2,1,1,4,1,3,4,1,4,3,2,2,1,4,2,3,2,3,1,1,2,2,3,3,3,2,2,3,1,2,3,2,4,1,1,3,3,2,1,3,3,1,3,1,3,2,3,1,1,3,2,1,1,1,2,4,3,2,4,3,2,4,3,3,2,4,2,4,1,1,3,3,3,3,4,4,3,4,1,1,4,2,1,2,1,4,4,3,3,1,2,2,2,1,2,4,2,1,3,3,4,1,4,1,1,3,2,1,4,3,1,4,1,1,1,4,4,3,4,3,3,3,2,2,3,4,3,1,3,4,3,1,2,4,4,4,3,3,2,1,4,2,1,2,3,1,2,1,1,2,4,2,4,2,1,2,1,3,1,3,4,2,3,2,3,3,3,4,1,4,3,2,1,3,1,3,1,1,4,2,4,1,1,2,3,1,4,4,2,1,3,4,3,2,3,2,4,2,1,3,4,1,3,2,2,3,2,3,1,3,4,4,2,3,1,2,2,1,4,1,1,1,1,3,1,4,1,4,3,2,4,3,1,3,1,4,1,3,4,1,1,1,2,2,3,3,1,4,2,1,4,3,2,1,2,2,1,4,3,2,1,2,2,3,4,2,3,1,1,1,3,2,1,3,4,3,3,4,3,1,2,3,3,1,1,4,3,3,3,2,3,1,3,1,1,1,2,3,1,3,2,3,4,1,2,1,1,4,3,4,1,4,2,1,1,3,2,2,3,3,3,4,3,4,4,2,1,2,1,2,3,4,4,4,2,3,2,1,3,1,4,4,4,4,1,1,1,1,1,4,4,4,2,4,2,1,3,3,2,4,2,1,1,3,4,2,2,1,1,4,2,1,1,2,2,4,2,2,3,4,2,1,1,1,3,1,2,2,2,2,4,1,2,4,2,4,2,3,3,2,1,1,4,4,4,3,1,3,4,4,2,2,2,3,1,4,1,3,1,1,2,2,2,1,4,1,2,2,4,4,2,2,3,3,4,4,3,1,1,3,1,2,1,4,3,1,1,2,2,3,4,4,2,1,2,1,2,2,3,2,1,1,3,1,3,1,3,1,1,4,3,2,1,1,3,2,2,4,4,2,3,3,1,4,4,4,2,3,2,3,4,3,3,4,3,2,1,1,1,2,3,2,3,4,3,1,4,3,4,3,2,3,1,2,2,1,1,1,4,3,2,2,4,3,1,4,3,3,2,2,3,4,2,3,3,2,2,2,2,4,1,2,4,3,1,2,3,4,4,1,1,3,1,3,2,3,2,1,1,1,3,4,4,2,1,1,2,3,2,2,2,2,3,3,3,1,1,2,2,2,4,2,4,1,3,1,2,3,4,3,3,2,4,3,4,3,1,3,2,2,2,4,1,4,3,4,4,2,3,4,4,2,2,2,3,3,2,1,4,2,2,3,1,1,4,2,2,4,1,1,2,2,3,2,1,2,2,4,1,1,1,1,3,4,1,4,3,3,1,2,1,4,1,1,2,3,4,3,2,1,3,1,1,3,4,2,4,3,2,1,1,1,1,1,1,2,3,4,2,4,3,4,3,1,2,2,3,1,3,1,3,3,1,2,1,3,3,2,1,2,4,4,4,4,1,4,2,4,4,3,2,2,2,4,2,2,3,2,4,2,3,2,4,2,2,2,4,3,1,4,4,1,2,1,1,1,2,3,1,1,3,3,3,4,3,4,3,3,3,4,1,3,3,4,1,4,1,3,4,1,4,2,2,3,4,4,3,2,3,2,2,3,4,3,1,2,4,3,3,4,2,1,1,3,1,4,3,1,3,2,1,4,1,1,3,3,2,3,3,1,3,2,4,2,2,1,1,2,1,1,4,4,1,2,1,2,2,2,3,4,1,2,4,1,1,3,4,2,2,4,3,4,2,3,1,4,3,3,2,1,1,4,3,2,2,3,1,4,1,3,1,1,4,1,4,4,3,4,3,2,3,2,1,2,2,2,1,1,1,2,3,4,1,1,3,3,3,1,4,2,3,4,1,2,3,2,1,3,4,4,2,4,4,1,1,4,2,4,1,2,2,3,3,4,3,1,2,1,3,1,2,3,1,1,3,2,4,1,2,3,1,2,2,2,2,1,2,1,3,4,1,3,2,3,2,1,2,1,1,1,4,3,4,2,2,1,1,1,2,2,2,4,4,2,1,4,4,1,3,3,2,4,3,3,3,1,1,1,2,2,3,3,4,1,1,1,2,3,2,2,4,1,2,3,3,1,2,2,3,1,3,1,1,3,2,2,1,3,2,4,2,1,2,3,4,4,2,1,2,2,4,3,4,1,4,3,1,1,2,3,4,1,3,3,1,3,2,1,3,2,3,3,2,2,2,3,3,1,3,1,4,1,1,4,1,1,4,4,2,1,2,4,1,2,4,2,1,4,1,4,1,2,1,2,1,3,2,1,1,1,3,4,1,3,1,2,2,1,2,4,1,4,1,2,3,1,2,2,3,1,3,3,1,3,4"
121,0.9886279079380575,0.5196078431372549,2329.0,"2,2,3,4,1,1,4,1,1,2,4,1,1,4,2,2,3,4,1,1,4,4,4,2,1,1,4,3,1,2,2,2,3,3,3,3,1,2,1,3,2,3,4,4,4,3,1,4,4,3,4,1,3,2,1,1,2,1,1,4,3,1,1,3,4,1,4,2,3,1,1,2,4,4,3,1,3,2,4,2,3,1,1,3,1,3,3,3,4,1,2,1,3,4,4,2,4,4,2,2,4,3,3,3,3,4,3,1,2,1,1,2,2,2,4,1,4,2,3,2,1,3,4,4,4,4,1,2,1,3,1,2,2,2,3,2,1,4,2,1,4,2,1,1,3,3,2,1,2,2,4,1,1,2,2,2,4,1,2,1,3,2,3,2,2,3,1,2,1,1,3,4,2,3,3,1,2,2,2,2,3,3,3,4,2,4,4,3,2,2,2,4,1,2,1,1,2,2,3,2,1,4,3,4,3,4,2,1,3,3,1,2,1,1,3,3,2,2,2,2,1,2,4,4,3,3,1,3,1,4,3,1,3,3,3,1,2,4,1,3,1,1,4,2,1,2,4,2,3,3,1,3,2,1,1,2,1,4,2,2,1,2,1,3,2,3,2,1,4,3,4,4,2,2,2,3,2,4,2,2,1,4,2,3,2,1,1,3,3,1,2,1,4,4,3,1,3,4,1,4,1,2,4,1,2,1,4,1,4,4,4,2,2,4,4,2,2,3,2,3,4,3,4,1,2,4,1,2,4,1,1,2,3,3,3,4,2,3,1,1,1,4,3,3,2,2,1,2,4,1,3,4,3,4,1,2,2,2,2,1,2,3,2,4,3,3,1,2,2,1,4,1,4,2,1,2,4,1,1,4,4,3,2,2,1,1,3,4,3,3,4,2,4,1,1,3,2,2,3,3,2,4,1,3,2,3,1,2,3,3,1,4,3,3,1,1,4,2,1,4,1,4,1,3,2,3,2,4,3,3,4,1,3,2,3,3,2,1,3,3,2,1,4,3,4,3,1,3,1,3,4,3,4,2,2,3,4,2,3,3,2,4,1,3,1,2,3,2,1,3,2,4,4,3,2,4,3,2,2,3,4,2,4,4,3,4,3,2,4,2,1,2,1,3,3,1,1,3,3,2,3,3,4,1,2,1,3,3,2,1,3,1,2,1,1,2,4,2,3,1,1,1,4,4,1,4,2,2,1,4,2,4,2,2,2,1,4,2,3,3,2,4,1,1,1,2,1,1,2,2,2,2,1,3,4,1,3,4,3,2,1,4,3,1,1,2,2,3,3,2,2,1,4,1,1,1,2,4,2,1,2,4,2,3,3,2,1,1,4,1,3,4,1,4,3,2,2,1,4,2,3,2,3,1,1,2,2,3,3,3,2,2,3,1,2,3,2,4,1,1,3,3,2,1,3,3,1,3,1,3,2,3,1,1,3,2,1,1,1,2,4,3,2,4,3,2,4,3,3,2,4,2,4,1,1,3,3,3,3,4,4,3,4,1,1,4,2,1,2,1,4,4,3,3,1,2,2,2,1,2,4,2,1,3,3,4,1,4,1,1,3,2,1,4,3,1,4,1,1,1,4,4,3,4,3,3,3,2,2,3,4,3,1,3,4,3,1,2,4,4,4,3,3,2,1,4,2,1,2,3,1,2,1,1,2,4,2,4,2,1,2,1,3,1,3,4,2,3,2,3,3,3,4,1,4,3,2,1,3,1,3,1,1,4,2,4,1,1,2,3,1,4,4,2,1,3,4,3,2,3,2,4,2,1,3,4,1,3,2,2,3,2,3,1,3,4,4,2,3,1,2,2,1,4,1,1,1,1,3,1,4,1,4,3,2,4,3,1,3,1,4,1,3,4,1,1,1,2,2,3,3,1,4,2,1,4,3,2,1,2,2,1,4,3,2,1,2,2,3,4,2,3,1,1,1,3,2,1,3,4,3,3,4,3,1,2,3,3,1,1,4,3,3,3,2,3,1,3,1,1,1,2,3,1,3,2,3,4,1,2,1,1,4,3,4,1,4,2,1,1,3,2,2,3,3,3,4,3,4,4,2,1,2,1,2,3,4,4,4,2,3,2,1,3,1,4,4,4,4,1,1,1,1,1,4,4,4,2,4,2,1,3,3,2,4,2,1,1,3,4,2,2,1,1,4,2,1,1,2,2,4,2,2,3,4,2,1,1,1,3,1,2,2,2,2,4,1,2,4,2,4,2,3,3,2,1,1,4,4,4,3,1,3,4,4,2,2,2,3,1,4,1,3,1,1,2,2,2,1,4,1,2,2,4,4,2,2,3,3,4,4,3,1,1,3,1,2,1,4,3,1,1,2,2,3,4,4,2,1,2,1,2,2,3,2,1,1,3,1,3,1,3,1,1,4,3,2,1,1,3,2,2,4,4,2,3,3,1,4,4,4,2,3,2,3,4,3,3,4,3,2,1,1,1,2,3,2,3,4,3,1,4,3,4,3,2,3,1,2,2,1,1,1,4,3,2,2,4,3,1,4,3,3,2,2,3,4,2,3,3,2,2,2,2,4,1,2,4,3,1,2,3,4,4,1,1,3,1,3,2,3,2,1,1,1,3,4,4,2,1,1,2,3,2,2,2,2,3,3,3,1,1,2,2,2,4,2,4,1,3,1,2,3,4,3,3,2,4,3,4,3,1,3,2,2,2,4,1,4,3,4,4,2,3,4,4,2,2,2,3,3,2,1,4,2,2,3,1,1,4,2,2,4,1,1,2,2,3,2,1,2,2,4,1,1,1,1,3,4,1,4,3,3,1,2,1,4,1,1,2,3,4,3,2,1,3,1,1,3,4,2,4,3,2,1,1,1,1,1,1,2,3,4,2,4,3,4,3,1,2,2,3,1,3,1,3,3,1,2,1,3,3,2,1,2,4,4,4,4,1,4,2,4,4,3,2,2,2,4,2,2,3,2,4,2,3,2,4,2,2,2,4,3,1,4,4,1,2,1,1,1,2,3,1,1,3,3,3,4,3,4,3,3,3,4,1,3,3,4,1,4,1,3,4,1,4,2,2,3,4,4,3,2,3,2,2,3,4,3,1,2,4,3,3,4,2,1,1,3,1,4,3,1,3,2,1,4,1,1,3,3,2,3,3,1,3,2,4,2,2,1,1,2,1,1,4,4,1,2,1,2,2,2,3,4,1,2,4,1,1,3,4,2,2,4,3,4,2,3,1,4,3,3,2,1,1,4,3,2,2,3,1,4,1,3,1,1,4,1,4,4,3,4,3,2,3,2,1,2,2,2,1,1,1,2,3,4,1,1,3,3,3,1,4,2,3,4,1,2,3,2,1,3,4,4,2,4,4,1,1,4,2,4,1,2,2,3,3,4,3,1,2,1,3,1,2,3,1,1,3,2,4,1,2,3,1,2,2,2,2,1,2,1,3,4,1,3,2,3,2,1,2,1,1,1,4,3,4,2,2,1,1,1,2,2,2,4,4,2,1,4,4,1,3,3,2,4,3,3,3,1,1,1,2,2,3,3,4,1,1,1,2,3,2,2,4,1,2,3,3,1,2,2,3,1,3,1,1,3,2,2,1,3,2,4,2,1,2,3,4,4,2,1,2,2,4,3,4,1,4,3,1,1,2,3,4,1,3,3,1,3,2,1,3,2,3,3,2,2,2,3,3,1,3,1,4,1,1,4,1,1,4,4,2,1,2,4,1,2,4,2,1,4,1,4,1,2,1,2,1,3,2,1,1,1,3,4,1,3,1,2,2,1,2,4,1,4,1,2,3,1,2,2,3,1,3,3,1,3,4"
122,0.9886279079380575,0.5196078431372549,2329.0,"2,2,3,4,1,1,4,1,1,2,4,1,1,4,2,2,3,4,1,1,4,4,4,2,1,1,4,3,1,2,2,2,3,3,3,3,1,2,1,3,2,3,4,4,4,3,1,4,4,3,4,1,3,2,1,1,2,1,1,4,3,1,1,3,4,1,4,2,3,1,1,2,4,4,3,1,3,2,4,2,3,1,1,3,1,3,3,3,4,1,2,1,3,4,4,2,4,4,2,2,4,3,3,3,3,4,3,1,2,1,1,2,2,2,4,1,4,2,3,2,1,3,4,4,4,4,1,2,1,3,1,2,2,2,3,2,1,4,2,1,4,2,1,1,3,3,2,1,2,2,4,1,1,2,2,2,4,1,2,1,3,2,3,2,2,3,1,2,1,1,3,4,2,3,3,1,2,2,2,2,3,3,3,4,2,4,4,3,2,2,2,4,1,2,1,1,2,2,3,2,1,4,3,4,3,4,2,1,3,3,1,2,1,1,3,3,2,2,2,2,1,2,4,4,3,3,1,3,1,4,3,1,3,3,3,1,2,4,1,3,1,1,4,2,1,2,4,2,3,3,1,3,2,1,1,2,1,4,2,2,1,2,1,3,2,3,2,1,4,3,4,4,2,2,2,3,2,4,2,2,1,4,2,3,2,1,1,3,3,1,2,1,4,4,3,1,3,4,1,4,1,2,4,1,2,1,4,1,4,4,4,2,2,4,4,2,2,3,2,3,4,3,4,1,2,4,1,2,4,1,1,2,3,3,3,4,2,3,1,1,1,4,3,3,2,2,1,2,4,1,3,4,3,4,1,2,2,2,2,1,2,3,2,4,3,3,1,2,2,1,4,1,4,2,1,2,4,1,1,4,4,3,2,2,1,1,3,4,3,3,4,2,4,1,1,3,2,2,3,3,2,4,1,3,2,3,1,2,3,3,1,4,3,3,1,1,4,2,1,4,1,4,1,3,2,3,2,4,3,3,4,1,3,2,3,3,2,1,3,3,2,1,4,3,4,3,1,3,1,3,4,3,4,2,2,3,4,2,3,3,2,4,1,3,1,2,3,2,1,3,2,4,4,3,2,4,3,2,2,3,4,2,4,4,3,4,3,2,4,2,1,2,1,3,3,1,1,3,3,2,3,3,4,1,2,1,3,3,2,1,3,1,2,1,1,2,4,2,3,1,1,1,4,4,1,4,2,2,1,4,2,4,2,2,2,1,4,2,3,3,2,4,1,1,1,2,1,1,2,2,2,2,1,3,4,1,3,4,3,2,1,4,3,1,1,2,2,3,3,2,2,1,4,1,1,1,2,4,2,1,2,4,2,3,3,2,1,1,4,1,3,4,1,4,3,2,2,1,4,2,3,2,3,1,1,2,2,3,3,3,2,2,3,1,2,3,2,4,1,1,3,3,2,1,3,3,1,3,1,3,2,3,1,1,3,2,1,1,1,2,4,3,2,4,3,2,4,3,3,2,4,2,4,1,1,3,3,3,3,4,4,3,4,1,1,4,2,1,2,1,4,4,3,3,1,2,2,2,1,2,4,2,1,3,3,4,1,4,1,1,3,2,1,4,3,1,4,1,1,1,4,4,3,4,3,3,3,2,2,3,4,3,1,3,4,3,1,2,4,4,4,3,3,2,1,4,2,1,2,3,1,2,1,1,2,4,2,4,2,1,2,1,3,1,3,4,2,3,2,3,3,3,4,1,4,3,2,1,3,1,3,1,1,4,2,4,1,1,2,3,1,4,4,2,1,3,4,3,2,3,2,4,2,1,3,4,1,3,2,2,3,2,3,1,3,4,4,2,3,1,2,2,1,4,1,1,1,1,3,1,4,1,4,3,2,4,3,1,3,1,4,1,3,4,1,1,1,2,2,3,3,1,4,2,1,4,3,2,1,2,2,1,4,3,2,1,2,2,3,4,2,3,1,1,1,3,2,1,3,4,3,3,4,3,1,2,3,3,1,1,4,3,3,3,2,3,1,3,1,1,1,2,3,1,3,2,3,4,1,2,1,1,4,3,4,1,4,2,1,1,3,2,2,3,3,3,4,3,4,4,2,1,2,1,2,3,4,4,4,2,3,2,1,3,1,4,4,4,4,1,1,1,1,1,4,4,4,2,4,2,1,3,3,2,4,2,1,1,3,4,2,2,1,1,4,2,1,1,2,2,4,2,2,3,4,2,1,1,1,3,1,2,2,2,2,4,1,2,4,2,4,2,3,3,2,1,1,4,4,4,3,1,3,4,4,2,2,2,3,1,4,1,3,1,1,2,2,2,1,4,1,2,2,4,4,2,2,3,3,4,4,3,1,1,3,1,2,1,4,3,1,1,2,2,3,4,4,2,1,2,1,2,2,3,2,1,1,3,1,3,1,3,1,1,4,3,2,1,1,3,2,2,4,4,2,3,3,1,4,4,4,2,3,2,3,4,3,3,4,3,2,1,1,1,2,3,2,3,4,3,1,4,3,4,3,2,3,1,2,2,1,1,1,4,3,2,2,4,3,1,4,3,3,2,2,3,4,2,3,3,2,2,2,2,4,1,2,4,3,1,2,3,4,4,1,1,3,1,3,2,3,2,1,1,1,3,4,4,2,1,1,2,3,2,2,2,2,3,3,3,1,1,2,2,2,4,2,4,1,3,1,2,3,4,3,3,2,4,3,4,3,1,3,2,2,2,4,1,4,3,4,4,2,3,4,4,2,2,2,3,3,2,1,4,2,2,3,1,1,4,2,2,4,1,1,2,2,3,2,1,2,2,4,1,1,1,1,3,4,1,4,3,3,1,2,1,4,1,1,2,3,4,3,2,1,3,1,1,3,4,2,4,3,2,1,1,1,1,1,1,2,3,4,2,4,3,4,3,1,2,2,3,1,3,1,3,3,1,2,1,3,3,2,1,2,4,4,4,4,1,4,2,4,4,3,2,2,2,4,2,2,3,2,4,2,3,2,4,2,2,2,4,3,1,4,4,1,2,1,1,1,2,3,1,1,3,3,3,4,3,4,3,3,3,4,1,3,3,4,1,4,1,3,4,1,4,2,2,3,4,4,3,2,3,2,2,3,4,3,1,2,4,3,3,4,2,1,1,3,1,4,3,1,3,2,1,4,1,1,3,3,2,3,3,1,3,2,4,2,2,1,1,2,1,1,4,4,1,2,1,2,2,2,3,4,1,2,4,1,1,3,4,2,2,4,3,4,2,3,1,4,3,3,2,1,1,4,3,2,2,3,1,4,1,3,1,1,4,1,4,4,3,4,3,2,3,2,1,2,2,2,1,1,1,2,3,4,1,1,3,3,3,1,4,2,3,4,1,2,3,2,1,3,4,4,2,4,4,1,1,4,2,4,1,2,2,3,3,4,3,1,2,1,3,1,2,3,1,1,3,2,4,1,2,3,1,2,2,2,2,1,2,1,3,4,1,3,2,3,2,1,2,1,1,1,4,3,4,2,2,1,1,1,2,2,2,4,4,2,1,4,4,1,3,3,2,4,3,3,3,1,1,1,2,2,3,3,4,1,1,1,2,3,2,2,4,1,2,3,3,1,2,2,3,1,3,1,1,3,2,2,1,3,2,4,2,1,2,3,4,4,2,1,2,2,4,3,4,1,4,3,1,1,2,3,4,1,3,3,1,3,2,1,3,2,3,3,2,2,2,3,3,1,3,1,4,1,1,4,1,1,4,4,2,1,2,4,1,2,4,2,1,4,1,4,1,2,1,2,1,3,2,1,1,1,3,4,1,3,1,2,2,1,2,4,1,4,1,2,3,1,2,2,3,1,3,3,1,3,4"
123,0.9886279079380575,0.5196078431372549,2329.0,"2,2,3,4,1,1,4,1,1,2,4,1,1,4,2,2,3,4,1,1,4,4,4,2,1,1,4,3,1,2,2,2,3,3,3,3,1,2,1,3,2,3,4,4,4,3,1,4,4,3,4,1,3,2,1,1,2,1,1,4,3,1,1,3,4,1,4,2,3,1,1,2,4,4,3,1,3,2,4,2,3,1,1,3,1,3,3,3,4,1,2,1,3,4,4,2,4,4,2,2,4,3,3,3,3,4,3,1,2,1,1,2,2,2,4,1,4,2,3,2,1,3,4,4,4,4,1,2,1,3,1,2,2,2,3,2,1,4,2,1,4,2,1,1,3,3,2,1,2,2,4,1,1,2,2,2,4,1,2,1,3,2,3,2,2,3,1,2,1,1,3,4,2,3,3,1,2,2,2,2,3,3,3,4,2,4,4,3,2,2,2,4,1,2,1,1,2,2,3,2,1,4,3,4,3,4,2,1,3,3,1,2,1,1,3,3,2,2,2,2,1,2,4,4,3,3,1,3,1,4,3,1,3,3,3,1,2,4,1,3,1,1,4,2,1,2,4,2,3,3,1,3,2,1,1,2,1,4,2,2,1,2,1,3,2,3,2,1,4,3,4,4,2,2,2,3,2,4,2,2,1,4,2,3,2,1,1,3,3,1,2,1,4,4,3,1,3,4,1,4,1,2,4,1,2,1,4,1,4,4,4,2,2,4,4,2,2,3,2,3,4,3,4,1,2,4,1,2,4,1,1,2,3,3,3,4,2,3,1,1,1,4,3,3,2,2,1,2,4,1,3,4,3,4,1,2,2,2,2,1,2,3,2,4,3,3,1,2,2,1,4,1,4,2,1,2,4,1,1,4,4,3,2,2,1,1,3,4,3,3,4,2,4,1,1,3,2,2,3,3,2,4,1,3,2,3,1,2,3,3,1,4,3,3,1,1,4,2,1,4,1,4,1,3,2,3,2,4,3,3,4,1,3,2,3,3,2,1,3,3,2,1,4,3,4,3,1,3,1,3,4,3,4,2,2,3,4,2,3,3,2,4,1,3,1,2,3,2,1,3,2,4,4,3,2,4,3,2,2,3,4,2,4,4,3,4,3,2,4,2,1,2,1,3,3,1,1,3,3,2,3,3,4,1,2,1,3,3,2,1,3,1,2,1,1,2,4,2,3,1,1,1,4,4,1,4,2,2,1,4,2,4,2,2,2,1,4,2,3,3,2,4,1,1,1,2,1,1,2,2,2,2,1,3,4,1,3,4,3,2,1,4,3,1,1,2,2,3,3,2,2,1,4,1,1,1,2,4,2,1,2,4,2,3,3,2,1,1,4,1,3,4,1,4,3,2,2,1,4,2,3,2,3,1,1,2,2,3,3,3,2,2,3,1,2,3,2,4,1,1,3,3,2,1,3,3,1,3,1,3,2,3,1,1,3,2,1,1,1,2,4,3,2,4,3,2,4,3,3,2,4,2,4,1,1,3,3,3,3,4,4,3,4,1,1,4,2,1,2,1,4,4,3,3,1,2,2,2,1,2,4,2,1,3,3,4,1,4,1,1,3,2,1,4,3,1,4,1,1,1,4,4,3,4,3,3,3,2,2,3,4,3,1,3,4,3,1,2,4,4,4,3,3,2,1,4,2,1,2,3,1,2,1,1,2,4,2,4,2,1,2,1,3,1,3,4,2,3,2,3,3,3,4,1,4,3,2,1,3,1,3,1,1,4,2,4,1,1,2,3,1,4,4,2,1,3,4,3,2,3,2,4,2,1,3,4,1,3,2,2,3,2,3,1,3,4,4,2,3,1,2,2,1,4,1,1,1,1,3,1,4,1,4,3,2,4,3,1,3,1,4,1,3,4,1,1,1,2,2,3,3,1,4,2,1,4,3,2,1,2,2,1,4,3,2,1,2,2,3,4,2,3,1,1,1,3,2,1,3,4,3,3,4,3,1,2,3,3,1,1,4,3,3,3,2,3,1,3,1,1,1,2,3,1,3,2,3,4,1,2,1,1,4,3,4,1,4,2,1,1,3,2,2,3,3,3,4,3,4,4,2,1,2,1,2,3,4,4,4,2,3,2,1,3,1,4,4,4,4,1,1,1,1,1,4,4,4,2,4,2,1,3,3,2,4,2,1,1,3,4,2,2,1,1,4,2,1,1,2,2,4,2,2,3,4,2,1,1,1,3,1,2,2,2,2,4,1,2,4,2,4,2,3,3,2,1,1,4,4,4,3,1,3,4,4,2,2,2,3,1,4,1,3,1,1,2,2,2,1,4,1,2,2,4,4,2,2,3,3,4,4,3,1,1,3,1,2,1,4,3,1,1,2,2,3,4,4,2,1,2,1,2,2,3,2,1,1,3,1,3,1,3,1,1,4,3,2,1,1,3,2,2,4,4,2,3,3,1,4,4,4,2,3,2,3,4,3,3,4,3,2,1,1,1,2,3,2,3,4,3,1,4,3,4,3,2,3,1,2,2,1,1,1,4,3,2,2,4,3,1,4,3,3,2,2,3,4,2,3,3,2,2,2,2,4,1,2,4,3,1,2,3,4,4,1,1,3,1,3,2,3,2,1,1,1,3,4,4,2,1,1,2,3,2,2,2,2,3,3,3,1,1,2,2,2,4,2,4,1,3,1,2,3,4,3,3,2,4,3,4,3,1,3,2,2,2,4,1,4,3,4,4,2,3,4,4,2,2,2,3,3,2,1,4,2,2,3,1,1,4,2,2,4,1,1,2,2,3,2,1,2,2,4,1,1,1,1,3,4,1,4,3,3,1,2,1,4,1,1,2,3,4,3,2,1,3,1,1,3,4,2,4,3,2,1,1,1,1,1,1,2,3,4,2,4,3,4,3,1,2,2,3,1,3,1,3,3,1,2,1,3,3,2,1,2,4,4,4,4,1,4,2,4,4,3,2,2,2,4,2,2,3,2,4,2,3,2,4,2,2,2,4,3,1,4,4,1,2,1,1,1,2,3,1,1,3,3,3,4,3,4,3,3,3,4,1,3,3,4,1,4,1,3,4,1,4,2,2,3,4,4,3,2,3,2,2,3,4,3,1,2,4,3,3,4,2,1,1,3,1,4,3,1,3,2,1,4,1,1,3,3,2,3,3,1,3,2,4,2,2,1,1,2,1,1,4,4,1,2,1,2,2,2,3,4,1,2,4,1,1,3,4,2,2,4,3,4,2,3,1,4,3,3,2,1,1,4,3,2,2,3,1,4,1,3,1,1,4,1,4,4,3,4,3,2,3,2,1,2,2,2,1,1,1,2,3,4,1,1,3,3,3,1,4,2,3,4,1,2,3,2,1,3,4,4,2,4,4,1,1,4,2,4,1,2,2,3,3,4,3,1,2,1,3,1,2,3,1,1,3,2,4,1,2,3,1,2,2,2,2,1,2,1,3,4,1,3,2,3,2,1,2,1,1,1,4,3,4,2,2,1,1,1,2,2,2,4,4,2,1,4,4,1,3,3,2,4,3,3,3,1,1,1,2,2,3,3,4,1,1,1,2,3,2,2,4,1,2,3,3,1,2,2,3,1,3,1,1,3,2,2,1,3,2,4,2,1,2,3,4,4,2,1,2,2,4,3,4,1,4,3,1,1,2,3,4,1,3,3,1,3,2,1,3,2,3,3,2,2,2,3,3,1,3,1,4,1,1,4,1,1,4,4,2,1,2,4,1,2,4,2,1,4,1,4,1,2,1,2,1,3,2,1,1,1,3,4,1,3,1,2,2,1,2,4,1,4,1,2,3,1,2,2,3,1,3,3,1,3,4"
124,0.9886279079380575,0.5196078431372549,2329.0,"2,2,3,4,1,1,4,1,1,2,4,1,1,4,2,2,3,4,1,1,4,4,4,2,1,1,4,3,1,2,2,2,3,3,3,3,1,2,1,3,2,3,4,4,4,3,1,4,4,3,4,1,3,2,1,1,2,1,1,4,3,1,1,3,4,1,4,2,3,1,1,2,4,4,3,1,3,2,4,2,3,1,1,3,1,3,3,3,4,1,2,1,3,4,4,2,4,4,2,2,4,3,3,3,3,4,3,1,2,1,1,2,2,2,4,1,4,2,3,2,1,3,4,4,4,4,1,2,1,3,1,2,2,2,3,2,1,4,2,1,4,2,1,1,3,3,2,1,2,2,4,1,1,2,2,2,4,1,2,1,3,2,3,2,2,3,1,2,1,1,3,4,2,3,3,1,2,2,2,2,3,3,3,4,2,4,4,3,2,2,2,4,1,2,1,1,2,2,3,2,1,4,3,4,3,4,2,1,3,3,1,2,1,1,3,3,2,2,2,2,1,2,4,4,3,3,1,3,1,4,3,1,3,3,3,1,2,4,1,3,1,1,4,2,1,2,4,2,3,3,1,3,2,1,1,2,1,4,2,2,1,2,1,3,2,3,2,1,4,3,4,4,2,2,2,3,2,4,2,2,1,4,2,3,2,1,1,3,3,1,2,1,4,4,3,1,3,4,1,4,1,2,4,1,2,1,4,1,4,4,4,2,2,4,4,2,2,3,2,3,4,3,4,1,2,4,1,2,4,1,1,2,3,3,3,4,2,3,1,1,1,4,3,3,2,2,1,2,4,1,3,4,3,4,1,2,2,2,2,1,2,3,2,4,3,3,1,2,2,1,4,1,4,2,1,2,4,1,1,4,4,3,2,2,1,1,3,4,3,3,4,2,4,1,1,3,2,2,3,3,2,4,1,3,2,3,1,2,3,3,1,4,3,3,1,1,4,2,1,4,1,4,1,3,2,3,2,4,3,3,4,1,3,2,3,3,2,1,3,3,2,1,4,3,4,3,1,3,1,3,4,3,4,2,2,3,4,2,3,3,2,4,1,3,1,2,3,2,1,3,2,4,4,3,2,4,3,2,2,3,4,2,4,4,3,4,3,2,4,2,1,2,1,3,3,1,1,3,3,2,3,3,4,1,2,1,3,3,2,1,3,1,2,1,1,2,4,2,3,1,1,1,4,4,1,4,2,2,1,4,2,4,2,2,2,1,4,2,3,3,2,4,1,1,1,2,1,1,2,2,2,2,1,3,4,1,3,4,3,2,1,4,3,1,1,2,2,3,3,2,2,1,4,1,1,1,2,4,2,1,2,4,2,3,3,2,1,1,4,1,3,4,1,4,3,2,2,1,4,2,3,2,3,1,1,2,2,3,3,3,2,2,3,1,2,3,2,4,1,1,3,3,2,1,3,3,1,3,1,3,2,3,1,1,3,2,1,1,1,2,4,3,2,4,3,2,4,3,3,2,4,2,4,1,1,3,3,3,3,4,4,3,4,1,1,4,2,1,2,1,4,4,3,3,1,2,2,2,1,2,4,2,1,3,3,4,1,4,1,1,3,2,1,4,3,1,4,1,1,1,4,4,3,4,3,3,3,2,2,3,4,3,1,3,4,3,1,2,4,4,4,3,3,2,1,4,2,1,2,3,1,2,1,1,2,4,2,4,2,1,2,1,3,1,3,4,2,3,2,3,3,3,4,1,4,3,2,1,3,1,3,1,1,4,2,4,1,1,2,3,1,4,4,2,1,3,4,3,2,3,2,4,2,1,3,4,1,3,2,2,3,2,3,1,3,4,4,2,3,1,2,2,1,4,1,1,1,1,3,1,4,1,4,3,2,4,3,1,3,1,4,1,3,4,1,1,1,2,2,3,3,1,4,2,1,4,3,2,1,2,2,1,4,3,2,1,2,2,3,4,2,3,1,1,1,3,2,1,3,4,3,3,4,3,1,2,3,3,1,1,4,3,3,3,2,3,1,3,1,1,1,2,3,1,3,2,3,4,1,2,1,1,4,3,4,1,4,2,1,1,3,2,2,3,3,3,4,3,4,4,2,1,2,1,2,3,4,4,4,2,3,2,1,3,1,4,4,4,4,1,1,1,1,1,4,4,4,2,4,2,1,3,3,2,4,2,1,1,3,4,2,2,1,1,4,2,1,1,2,2,4,2,2,3,4,2,1,1,1,3,1,2,2,2,2,4,1,2,4,2,4,2,3,3,2,1,1,4,4,4,3,1,3,4,4,2,2,2,3,1,4,1,3,1,1,2,2,2,1,4,1,2,2,4,4,2,2,3,3,4,4,3,1,1,3,1,2,1,4,3,1,1,2,2,3,4,4,2,1,2,1,2,2,3,2,1,1,3,1,3,1,3,1,1,4,3,2,1,1,3,2,2,4,4,2,3,3,1,4,4,4,2,3,2,3,4,3,3,4,3,2,1,1,1,2,3,2,3,4,3,1,4,3,4,3,2,3,1,2,2,1,1,1,4,3,2,2,4,3,1,4,3,3,2,2,3,4,2,3,3,2,2,2,2,4,1,2,4,3,1,2,3,4,4,1,1,3,1,3,2,3,2,1,1,1,3,4,4,2,1,1,2,3,2,2,2,2,3,3,3,1,1,2,2,2,4,2,4,1,3,1,2,3,4,3,3,2,4,3,4,3,1,3,2,2,2,4,1,4,3,4,4,2,3,4,4,2,2,2,3,3,2,1,4,2,2,3,1,1,4,2,2,4,1,1,2,2,3,2,1,2,2,4,1,1,1,1,3,4,1,4,3,3,1,2,1,4,1,1,2,3,4,3,2,1,3,1,1,3,4,2,4,3,2,1,1,1,1,1,1,2,3,4,2,4,3,4,3,1,2,2,3,1,3,1,3,3,1,2,1,3,3,2,1,2,4,4,4,4,1,4,2,4,4,3,2,2,2,4,2,2,3,2,4,2,3,2,4,2,2,2,4,3,1,4,4,1,2,1,1,1,2,3,1,1,3,3,3,4,3,4,3,3,3,4,1,3,3,4,1,4,1,3,4,1,4,2,2,3,4,4,3,2,3,2,2,3,4,3,1,2,4,3,3,4,2,1,1,3,1,4,3,1,3,2,1,4,1,1,3,3,2,3,3,1,3,2,4,2,2,1,1,2,1,1,4,4,1,2,1,2,2,2,3,4,1,2,4,1,1,3,4,2,2,4,3,4,2,3,1,4,3,3,2,1,1,4,3,2,2,3,1,4,1,3,1,1,4,1,4,4,3,4,3,2,3,2,1,2,2,2,1,1,1,2,3,4,1,1,3,3,3,1,4,2,3,4,1,2,3,2,1,3,4,4,2,4,4,1,1,4,2,4,1,2,2,3,3,4,3,1,2,1,3,1,2,3,1,1,3,2,4,1,2,3,1,2,2,2,2,1,2,1,3,4,1,3,2,3,2,1,2,1,1,1,4,3,4,2,2,1,1,1,2,2,2,4,4,2,1,4,4,1,3,3,2,4,3,3,3,1,1,1,2,2,3,3,4,1,1,1,2,3,2,2,4,1,2,3,3,1,2,2,3,1,3,1,1,3,2,2,1,3,2,4,2,1,2,3,4,4,2,1,2,2,4,3,4,1,4,3,1,1,2,3,4,1,3,3,1,3,2,1,3,2,3,3,2,2,2,3,3,1,3,1,4,1,1,4,1,1,4,4,2,1,2,4,1,2,4,2,1,4,1,4,1,2,1,2,1,3,2,1,1,1,3,4,1,3,1,2,2,1,2,4,1,4,1,2,3,1,2,2,3,1,3,3,1,3,4"
125,0.9886279079380575,0.5196078431372549,2329.0,"2,2,3,4,1,1,4,1,1,2,4,1,1,4,2,2,3,4,1,1,4,4,4,2,1,1,4,3,1,2,2,2,3,3,3,3,1,2,1,3,2,3,4,4,4,3,1,4,4,3,4,1,3,2,1,1,2,1,1,4,3,1,1,3,4,1,4,2,3,1,1,2,4,4,3,1,3,2,4,2,3,1,1,3,1,3,3,3,4,1,2,1,3,4,4,2,4,4,2,2,4,3,3,3,3,4,3,1,2,1,1,2,2,2,4,1,4,2,3,2,1,3,4,4,4,4,1,2,1,3,1,2,2,2,3,2,1,4,2,1,4,2,1,1,3,3,2,1,2,2,4,1,1,2,2,2,4,1,2,1,3,2,3,2,2,3,1,2,1,1,3,4,2,3,3,1,2,2,2,2,3,3,3,4,2,4,4,3,2,2,2,4,1,2,1,1,2,2,3,2,1,4,3,4,3,4,2,1,3,3,1,2,1,1,3,3,2,2,2,2,1,2,4,4,3,3,1,3,1,4,3,1,3,3,3,1,2,4,1,3,1,1,4,2,1,2,4,2,3,3,1,3,2,1,1,2,1,4,2,2,1,2,1,3,2,3,2,1,4,3,4,4,2,2,2,3,2,4,2,2,1,4,2,3,2,1,1,3,3,1,2,1,4,4,3,1,3,4,1,4,1,2,4,1,2,1,4,1,4,4,4,2,2,4,4,2,2,3,2,3,4,3,4,1,2,4,1,2,4,1,1,2,3,3,3,4,2,3,1,1,1,4,3,3,2,2,1,2,4,1,3,4,3,4,1,2,2,2,2,1,2,3,2,4,3,3,1,2,2,1,4,1,4,2,1,2,4,1,1,4,4,3,2,2,1,1,3,4,3,3,4,2,4,1,1,3,2,2,3,3,2,4,1,3,2,3,1,2,3,3,1,4,3,3,1,1,4,2,1,4,1,4,1,3,2,3,2,4,3,3,4,1,3,2,3,3,2,1,3,3,2,1,4,3,4,3,1,3,1,3,4,3,4,2,2,3,4,2,3,3,2,4,1,3,1,2,3,2,1,3,2,4,4,3,2,4,3,2,2,3,4,2,4,4,3,4,3,2,4,2,1,2,1,3,3,1,1,3,3,2,3,3,4,1,2,1,3,3,2,1,3,1,2,1,1,2,4,2,3,1,1,1,4,4,1,4,2,2,1,4,2,4,2,2,2,1,4,2,3,3,2,4,1,1,1,2,1,1,2,2,2,2,1,3,4,1,3,4,3,2,1,4,3,1,1,2,2,3,3,2,2,1,4,1,1,1,2,4,2,1,2,4,2,3,3,2,1,1,4,1,3,4,1,4,3,2,2,1,4,2,3,2,3,1,1,2,2,3,3,3,2,2,3,1,2,3,2,4,1,1,3,3,2,1,3,3,1,3,1,3,2,3,1,1,3,2,1,1,1,2,4,3,2,4,3,2,4,3,3,2,4,2,4,1,1,3,3,3,3,4,4,3,4,1,1,4,2,1,2,1,4,4,3,3,1,2,2,2,1,2,4,2,1,3,3,4,1,4,1,1,3,2,1,4,3,1,4,1,1,1,4,4,3,4,3,3,3,2,2,3,4,3,1,3,4,3,1,2,4,4,4,3,3,2,1,4,2,1,2,3,1,2,1,1,2,4,2,4,2,1,2,1,3,1,3,4,2,3,2,3,3,3,4,1,4,3,2,1,3,1,3,1,1,4,2,4,1,1,2,3,1,4,4,2,1,3,4,3,2,3,2,4,2,1,3,4,1,3,2,2,3,2,3,1,3,4,4,2,3,1,2,2,1,4,1,1,1,1,3,1,4,1,4,3,2,4,3,1,3,1,4,1,3,4,1,1,1,2,2,3,3,1,4,2,1,4,3,2,1,2,2,1,4,3,2,1,2,2,3,4,2,3,1,1,1,3,2,1,3,4,3,3,4,3,1,2,3,3,1,1,4,3,3,3,2,3,1,3,1,1,1,2,3,1,3,2,3,4,1,2,1,1,4,3,4,1,4,2,1,1,3,2,2,3,3,3,4,3,4,4,2,1,2,1,2,3,4,4,4,2,3,2,1,3,1,4,4,4,4,1,1,1,1,1,4,4,4,2,4,2,1,3,3,2,4,2,1,1,3,4,2,2,1,1,4,2,1,1,2,2,4,2,2,3,4,2,1,1,1,3,1,2,2,2,2,4,1,2,4,2,4,2,3,3,2,1,1,4,4,4,3,1,3,4,4,2,2,2,3,1,4,1,3,1,1,2,2,2,1,4,1,2,2,4,4,2,2,3,3,4,4,3,1,1,3,1,2,1,4,3,1,1,2,2,3,4,4,2,1,2,1,2,2,3,2,1,1,3,1,3,1,3,1,1,4,3,2,1,1,3,2,2,4,4,2,3,3,1,4,4,4,2,3,2,3,4,3,3,4,3,2,1,1,1,2,3,2,3,4,3,1,4,3,4,3,2,3,1,2,2,1,1,1,4,3,2,2,4,3,1,4,3,3,2,2,3,4,2,3,3,2,2,2,2,4,1,2,4,3,1,2,3,4,4,1,1,3,1,3,2,3,2,1,1,1,3,4,4,2,1,1,2,3,2,2,2,2,3,3,3,1,1,2,2,2,4,2,4,1,3,1,2,3,4,3,3,2,4,3,4,3,1,3,2,2,2,4,1,4,3,4,4,2,3,4,4,2,2,2,3,3,2,1,4,2,2,3,1,1,4,2,2,4,1,1,2,2,3,2,1,2,2,4,1,1,1,1,3,4,1,4,3,3,1,2,1,4,1,1,2,3,4,3,2,1,3,1,1,3,4,2,4,3,2,1,1,1,1,1,1,2,3,4,2,4,3,4,3,1,2,2,3,1,3,1,3,3,1,2,1,3,3,2,1,2,4,4,4,4,1,4,2,4,4,3,2,2,2,4,2,2,3,2,4,2,3,2,4,2,2,2,4,3,1,4,4,1,2,1,1,1,2,3,1,1,3,3,3,4,3,4,3,3,3,4,1,3,3,4,1,4,1,3,4,1,4,2,2,3,4,4,3,2,3,2,2,3,4,3,1,2,4,3,3,4,2,1,1,3,1,4,3,1,3,2,1,4,1,1,3,3,2,3,3,1,3,2,4,2,2,1,1,2,1,1,4,4,1,2,1,2,2,2,3,4,1,2,4,1,1,3,4,2,2,4,3,4,2,3,1,4,3,3,2,1,1,4,3,2,2,3,1,4,1,3,1,1,4,1,4,4,3,4,3,2,3,2,1,2,2,2,1,1,1,2,3,4,1,1,3,3,3,1,4,2,3,4,1,2,3,2,1,3,4,4,2,4,4,1,1,4,2,4,1,2,2,3,3,4,3,1,2,1,3,1,2,3,1,1,3,2,4,1,2,3,1,2,2,2,2,1,2,1,3,4,1,3,2,3,2,1,2,1,1,1,4,3,4,2,2,1,1,1,2,2,2,4,4,2,1,4,4,1,3,3,2,4,3,3,3,1,1,1,2,2,3,3,4,1,1,1,2,3,2,2,4,1,2,3,3,1,2,2,3,1,3,1,1,3,2,2,1,3,2,4,2,1,2,3,4,4,2,1,2,2,4,3,4,1,4,3,1,1,2,3,4,1,3,3,1,3,2,1,3,2,3,3,2,2,2,3,3,1,3,1,4,1,1,4,1,1,4,4,2,1,2,4,1,2,4,2,1,4,1,4,1,2,1,2,1,3,2,1,1,1,3,4,1,3,1,2,2,1,2,4,1,4,1,2,3,1,2,2,3,1,3,3,1,3,4"
126,0.9886279079380575,0.5196078431372549,2329.0,"2,2,3,4,1,1,4,1,1,2,4,1,1,4,2,2,3,4,1,1,4,4,4,2,1,1,4,3,1,2,2,2,3,3,3,3,1,2,1,3,2,3,4,4,4,3,1,4,4,3,4,1,3,2,1,1,2,1,1,4,3,1,1,3,4,1,4,2,3,1,1,2,4,4,3,1,3,2,4,2,3,1,1,3,1,3,3,3,4,1,2,1,3,4,4,2,4,4,2,2,4,3,3,3,3,4,3,1,2,1,1,2,2,2,4,1,4,2,3,2,1,3,4,4,4,4,1,2,1,3,1,2,2,2,3,2,1,4,2,1,4,2,1,1,3,3,2,1,2,2,4,1,1,2,2,2,4,1,2,1,3,2,3,2,2,3,1,2,1,1,3,4,2,3,3,1,2,2,2,2,3,3,3,4,2,4,4,3,2,2,2,4,1,2,1,1,2,2,3,2,1,4,3,4,3,4,2,1,3,3,1,2,1,1,3,3,2,2,2,2,1,2,4,4,3,3,1,3,1,4,3,1,3,3,3,1,2,4,1,3,1,1,4,2,1,2,4,2,3,3,1,3,2,1,1,2,1,4,2,2,1,2,1,3,2,3,2,1,4,3,4,4,2,2,2,3,2,4,2,2,1,4,2,3,2,1,1,3,3,1,2,1,4,4,3,1,3,4,1,4,1,2,4,1,2,1,4,1,4,4,4,2,2,4,4,2,2,3,2,3,4,3,4,1,2,4,1,2,4,1,1,2,3,3,3,4,2,3,1,1,1,4,3,3,2,2,1,2,4,1,3,4,3,4,1,2,2,2,2,1,2,3,2,4,3,3,1,2,2,1,4,1,4,2,1,2,4,1,1,4,4,3,2,2,1,1,3,4,3,3,4,2,4,1,1,3,2,2,3,3,2,4,1,3,2,3,1,2,3,3,1,4,3,3,1,1,4,2,1,4,1,4,1,3,2,3,2,4,3,3,4,1,3,2,3,3,2,1,3,3,2,1,4,3,4,3,1,3,1,3,4,3,4,2,2,3,4,2,3,3,2,4,1,3,1,2,3,2,1,3,2,4,4,3,2,4,3,2,2,3,4,2,4,4,3,4,3,2,4,2,1,2,1,3,3,1,1,3,3,2,3,3,4,1,2,1,3,3,2,1,3,1,2,1,1,2,4,2,3,1,1,1,4,4,1,4,2,2,1,4,2,4,2,2,2,1,4,2,3,3,2,4,1,1,1,2,1,1,2,2,2,2,1,3,4,1,3,4,3,2,1,4,3,1,1,2,2,3,3,2,2,1,4,1,1,1,2,4,2,1,2,4,2,3,3,2,1,1,4,1,3,4,1,4,3,2,2,1,4,2,3,2,3,1,1,2,2,3,3,3,2,2,3,1,2,3,2,4,1,1,3,3,2,1,3,3,1,3,1,3,2,3,1,1,3,2,1,1,1,2,4,3,2,4,3,2,4,3,3,2,4,2,4,1,1,3,3,3,3,4,4,3,4,1,1,4,2,1,2,1,4,4,3,3,1,2,2,2,1,2,4,2,1,3,3,4,1,4,1,1,3,2,1,4,3,1,4,1,1,1,4,4,3,4,3,3,3,2,2,3,4,3,1,3,4,3,1,2,4,4,4,3,3,2,1,4,2,1,2,3,1,2,1,1,2,4,2,4,2,1,2,1,3,1,3,4,2,3,2,3,3,3,4,1,4,3,2,1,3,1,3,1,1,4,2,4,1,1,2,3,1,4,4,2,1,3,4,3,2,3,2,4,2,1,3,4,1,3,2,2,3,2,3,1,3,4,4,2,3,1,2,2,1,4,1,1,1,1,3,1,4,1,4,3,2,4,3,1,3,1,4,1,3,4,1,1,1,2,2,3,3,1,4,2,1,4,3,2,1,2,2,1,4,3,2,1,2,2,3,4,2,3,1,1,1,3,2,1,3,4,3,3,4,3,1,2,3,3,1,1,4,3,3,3,2,3,1,3,1,1,1,2,3,1,3,2,3,4,1,2,1,1,4,3,4,1,4,2,1,1,3,2,2,3,3,3,4,3,4,4,2,1,2,1,2,3,4,4,4,2,3,2,1,3,1,4,4,4,4,1,1,1,1,1,4,4,4,2,4,2,1,3,3,2,4,2,1,1,3,4,2,2,1,1,4,2,1,1,2,2,4,2,2,3,4,2,1,1,1,3,1,2,2,2,2,4,1,2,4,2,4,2,3,3,2,1,1,4,4,4,3,1,3,4,4,2,2,2,3,1,4,1,3,1,1,2,2,2,1,4,1,2,2,4,4,2,2,3,3,4,4,3,1,1,3,1,2,1,4,3,1,1,2,2,3,4,4,2,1,2,1,2,2,3,2,1,1,3,1,3,1,3,1,1,4,3,2,1,1,3,2,2,4,4,2,3,3,1,4,4,4,2,3,2,3,4,3,3,4,3,2,1,1,1,2,3,2,3,4,3,1,4,3,4,3,2,3,1,2,2,1,1,1,4,3,2,2,4,3,1,4,3,3,2,2,3,4,2,3,3,2,2,2,2,4,1,2,4,3,1,2,3,4,4,1,1,3,1,3,2,3,2,1,1,1,3,4,4,2,1,1,2,3,2,2,2,2,3,3,3,1,1,2,2,2,4,2,4,1,3,1,2,3,4,3,3,2,4,3,4,3,1,3,2,2,2,4,1,4,3,4,4,2,3,4,4,2,2,2,3,3,2,1,4,2,2,3,1,1,4,2,2,4,1,1,2,2,3,2,1,2,2,4,1,1,1,1,3,4,1,4,3,3,1,2,1,4,1,1,2,3,4,3,2,1,3,1,1,3,4,2,4,3,2,1,1,1,1,1,1,2,3,4,2,4,3,4,3,1,2,2,3,1,3,1,3,3,1,2,1,3,3,2,1,2,4,4,4,4,1,4,2,4,4,3,2,2,2,4,2,2,3,2,4,2,3,2,4,2,2,2,4,3,1,4,4,1,2,1,1,1,2,3,1,1,3,3,3,4,3,4,3,3,3,4,1,3,3,4,1,4,1,3,4,1,4,2,2,3,4,4,3,2,3,2,2,3,4,3,1,2,4,3,3,4,2,1,1,3,1,4,3,1,3,2,1,4,1,1,3,3,2,3,3,1,3,2,4,2,2,1,1,2,1,1,4,4,1,2,1,2,2,2,3,4,1,2,4,1,1,3,4,2,2,4,3,4,2,3,1,4,3,3,2,1,1,4,3,2,2,3,1,4,1,3,1,1,4,1,4,4,3,4,3,2,3,2,1,2,2,2,1,1,1,2,3,4,1,1,3,3,3,1,4,2,3,4,1,2,3,2,1,3,4,4,2,4,4,1,1,4,2,4,1,2,2,3,3,4,3,1,2,1,3,1,2,3,1,1,3,2,4,1,2,3,1,2,2,2,2,1,2,1,3,4,1,3,2,3,2,1,2,1,1,1,4,3,4,2,2,1,1,1,2,2,2,4,4,2,1,4,4,1,3,3,2,4,3,3,3,1,1,1,2,2,3,3,4,1,1,1,2,3,2,2,4,1,2,3,3,1,2,2,3,1,3,1,1,3,2,2,1,3,2,4,2,1,2,3,4,4,2,1,2,2,4,3,4,1,4,3,1,1,2,3,4,1,3,3,1,3,2,1,3,2,3,3,2,2,2,3,3,1,3,1,4,1,1,4,1,1,4,4,2,1,2,4,1,2,4,2,1,4,1,4,1,2,1,2,1,3,2,1,1,1,3,4,1,3,1,2,2,1,2,4,1,4,1,2,3,1,2,2,3,1,3,3,1,3,4"
127,0.9886279079380575,0.5196078431372549,2329.0,"2,2,3,4,1,1,4,1,1,2,4,1,1,4,2,2,3,4,1,1,4,4,4,2,1,1,4,3,1,2,2,2,3,3,3,3,1,2,1,3,2,3,4,4,4,3,1,4,4,3,4,1,3,2,1,1,2,1,1,4,3,1,1,3,4,1,4,2,3,1,1,2,4,4,3,1,3,2,4,2,3,1,1,3,1,3,3,3,4,1,2,1,3,4,4,2,4,4,2,2,4,3,3,3,3,4,3,1,2,1,1,2,2,2,4,1,4,2,3,2,1,3,4,4,4,4,1,2,1,3,1,2,2,2,3,2,1,4,2,1,4,2,1,1,3,3,2,1,2,2,4,1,1,2,2,2,4,1,2,1,3,2,3,2,2,3,1,2,1,1,3,4,2,3,3,1,2,2,2,2,3,3,3,4,2,4,4,3,2,2,2,4,1,2,1,1,2,2,3,2,1,4,3,4,3,4,2,1,3,3,1,2,1,1,3,3,2,2,2,2,1,2,4,4,3,3,1,3,1,4,3,1,3,3,3,1,2,4,1,3,1,1,4,2,1,2,4,2,3,3,1,3,2,1,1,2,1,4,2,2,1,2,1,3,2,3,2,1,4,3,4,4,2,2,2,3,2,4,2,2,1,4,2,3,2,1,1,3,3,1,2,1,4,4,3,1,3,4,1,4,1,2,4,1,2,1,4,1,4,4,4,2,2,4,4,2,2,3,2,3,4,3,4,1,2,4,1,2,4,1,1,2,3,3,3,4,2,3,1,1,1,4,3,3,2,2,1,2,4,1,3,4,3,4,1,2,2,2,2,1,2,3,2,4,3,3,1,2,2,1,4,1,4,2,1,2,4,1,1,4,4,3,2,2,1,1,3,4,3,3,4,2,4,1,1,3,2,2,3,3,2,4,1,3,2,3,1,2,3,3,1,4,3,3,1,1,4,2,1,4,1,4,1,3,2,3,2,4,3,3,4,1,3,2,3,3,2,1,3,3,2,1,4,3,4,3,1,3,1,3,4,3,4,2,2,3,4,2,3,3,2,4,1,3,1,2,3,2,1,3,2,4,4,3,2,4,3,2,2,3,4,2,4,4,3,4,3,2,4,2,1,2,1,3,3,1,1,3,3,2,3,3,4,1,2,1,3,3,2,1,3,1,2,1,1,2,4,2,3,1,1,1,4,4,1,4,2,2,1,4,2,4,2,2,2,1,4,2,3,3,2,4,1,1,1,2,1,1,2,2,2,2,1,3,4,1,3,4,3,2,1,4,3,1,1,2,2,3,3,2,2,1,4,1,1,1,2,4,2,1,2,4,2,3,3,2,1,1,4,1,3,4,1,4,3,2,2,1,4,2,3,2,3,1,1,2,2,3,3,3,2,2,3,1,2,3,2,4,1,1,3,3,2,1,3,3,1,3,1,3,2,3,1,1,3,2,1,1,1,2,4,3,2,4,3,2,4,3,3,2,4,2,4,1,1,3,3,3,3,4,4,3,4,1,1,4,2,1,2,1,4,4,3,3,1,2,2,2,1,2,4,2,1,3,3,4,1,4,1,1,3,2,1,4,3,1,4,1,1,1,4,4,3,4,3,3,3,2,2,3,4,3,1,3,4,3,1,2,4,4,4,3,3,2,1,4,2,1,2,3,1,2,1,1,2,4,2,4,2,1,2,1,3,1,3,4,2,3,2,3,3,3,4,1,4,3,2,1,3,1,3,1,1,4,2,4,1,1,2,3,1,4,4,2,1,3,4,3,2,3,2,4,2,1,3,4,1,3,2,2,3,2,3,1,3,4,4,2,3,1,2,2,1,4,1,1,1,1,3,1,4,1,4,3,2,4,3,1,3,1,4,1,3,4,1,1,1,2,2,3,3,1,4,2,1,4,3,2,1,2,2,1,4,3,2,1,2,2,3,4,2,3,1,1,1,3,2,1,3,4,3,3,4,3,1,2,3,3,1,1,4,3,3,3,2,3,1,3,1,1,1,2,3,1,3,2,3,4,1,2,1,1,4,3,4,1,4,2,1,1,3,2,2,3,3,3,4,3,4,4,2,1,2,1,2,3,4,4,4,2,3,2,1,3,1,4,4,4,4,1,1,1,1,1,4,4,4,2,4,2,1,3,3,2,4,2,1,1,3,4,2,2,1,1,4,2,1,1,2,2,4,2,2,3,4,2,1,1,1,3,1,2,2,2,2,4,1,2,4,2,4,2,3,3,2,1,1,4,4,4,3,1,3,4,4,2,2,2,3,1,4,1,3,1,1,2,2,2,1,4,1,2,2,4,4,2,2,3,3,4,4,3,1,1,3,1,2,1,4,3,1,1,2,2,3,4,4,2,1,2,1,2,2,3,2,1,1,3,1,3,1,3,1,1,4,3,2,1,1,3,2,2,4,4,2,3,3,1,4,4,4,2,3,2,3,4,3,3,4,3,2,1,1,1,2,3,2,3,4,3,1,4,3,4,3,2,3,1,2,2,1,1,1,4,3,2,2,4,3,1,4,3,3,2,2,3,4,2,3,3,2,2,2,2,4,1,2,4,3,1,2,3,4,4,1,1,3,1,3,2,3,2,1,1,1,3,4,4,2,1,1,2,3,2,2,2,2,3,3,3,1,1,2,2,2,4,2,4,1,3,1,2,3,4,3,3,2,4,3,4,3,1,3,2,2,2,4,1,4,3,4,4,2,3,4,4,2,2,2,3,3,2,1,4,2,2,3,1,1,4,2,2,4,1,1,2,2,3,2,1,2,2,4,1,1,1,1,3,4,1,4,3,3,1,2,1,4,1,1,2,3,4,3,2,1,3,1,1,3,4,2,4,3,2,1,1,1,1,1,1,2,3,4,2,4,3,4,3,1,2,2,3,1,3,1,3,3,1,2,1,3,3,2,1,2,4,4,4,4,1,4,2,4,4,3,2,2,2,4,2,2,3,2,4,2,3,2,4,2,2,2,4,3,1,4,4,1,2,1,1,1,2,3,1,1,3,3,3,4,3,4,3,3,3,4,1,3,3,4,1,4,1,3,4,1,4,2,2,3,4,4,3,2,3,2,2,3,4,3,1,2,4,3,3,4,2,1,1,3,1,4,3,1,3,2,1,4,1,1,3,3,2,3,3,1,3,2,4,2,2,1,1,2,1,1,4,4,1,2,1,2,2,2,3,4,1,2,4,1,1,3,4,2,2,4,3,4,2,3,1,4,3,3,2,1,1,4,3,2,2,3,1,4,1,3,1,1,4,1,4,4,3,4,3,2,3,2,1,2,2,2,1,1,1,2,3,4,1,1,3,3,3,1,4,2,3,4,1,2,3,2,1,3,4,4,2,4,4,1,1,4,2,4,1,2,2,3,3,4,3,1,2,1,3,1,2,3,1,1,3,2,4,1,2,3,1,2,2,2,2,1,2,1,3,4,1,3,2,3,2,1,2,1,1,1,4,3,4,2,2,1,1,1,2,2,2,4,4,2,1,4,4,1,3,3,2,4,3,3,3,1,1,1,2,2,3,3,4,1,1,1,2,3,2,2,4,1,2,3,3,1,2,2,3,1,3,1,1,3,2,2,1,3,2,4,2,1,2,3,4,4,2,1,2,2,4,3,4,1,4,3,1,1,2,3,4,1,3,3,1,3,2,1,3,2,3,3,2,2,2,3,3,1,3,1,4,1,1,4,1,1,4,4,2,1,2,4,1,2,4,2,1,4,1,4,1,2,1,2,1,3,2,1,1,1,3,4,1,3,1,2,2,1,2,4,1,4,1,2,3,1,2,2,3,1,3,3,1,3,4"
128,0.9886279079380575,0.5196078431372549,2329.0,"2,2,3,4,1,1,4,1,1,2,4,1,1,4,2,2,3,4,1,1,4,4,4,2,1,1,4,3,1,2,2,2,3,3,3,3,1,2,1,3,2,3,4,4,4,3,1,4,4,3,4,1,3,2,1,1,2,1,1,4,3,1,1,3,4,1,4,2,3,1,1,2,4,4,3,1,3,2,4,2,3,1,1,3,1,3,3,3,4,1,2,1,3,4,4,2,4,4,2,2,4,3,3,3,3,4,3,1,2,1,1,2,2,2,4,1,4,2,3,2,1,3,4,4,4,4,1,2,1,3,1,2,2,2,3,2,1,4,2,1,4,2,1,1,3,3,2,1,2,2,4,1,1,2,2,2,4,1,2,1,3,2,3,2,2,3,1,2,1,1,3,4,2,3,3,1,2,2,2,2,3,3,3,4,2,4,4,3,2,2,2,4,1,2,1,1,2,2,3,2,1,4,3,4,3,4,2,1,3,3,1,2,1,1,3,3,2,2,2,2,1,2,4,4,3,3,1,3,1,4,3,1,3,3,3,1,2,4,1,3,1,1,4,2,1,2,4,2,3,3,1,3,2,1,1,2,1,4,2,2,1,2,1,3,2,3,2,1,4,3,4,4,2,2,2,3,2,4,2,2,1,4,2,3,2,1,1,3,3,1,2,1,4,4,3,1,3,4,1,4,1,2,4,1,2,1,4,1,4,4,4,2,2,4,4,2,2,3,2,3,4,3,4,1,2,4,1,2,4,1,1,2,3,3,3,4,2,3,1,1,1,4,3,3,2,2,1,2,4,1,3,4,3,4,1,2,2,2,2,1,2,3,2,4,3,3,1,2,2,1,4,1,4,2,1,2,4,1,1,4,4,3,2,2,1,1,3,4,3,3,4,2,4,1,1,3,2,2,3,3,2,4,1,3,2,3,1,2,3,3,1,4,3,3,1,1,4,2,1,4,1,4,1,3,2,3,2,4,3,3,4,1,3,2,3,3,2,1,3,3,2,1,4,3,4,3,1,3,1,3,4,3,4,2,2,3,4,2,3,3,2,4,1,3,1,2,3,2,1,3,2,4,4,3,2,4,3,2,2,3,4,2,4,4,3,4,3,2,4,2,1,2,1,3,3,1,1,3,3,2,3,3,4,1,2,1,3,3,2,1,3,1,2,1,1,2,4,2,3,1,1,1,4,4,1,4,2,2,1,4,2,4,2,2,2,1,4,2,3,3,2,4,1,1,1,2,1,1,2,2,2,2,1,3,4,1,3,4,3,2,1,4,3,1,1,2,2,3,3,2,2,1,4,1,1,1,2,4,2,1,2,4,2,3,3,2,1,1,4,1,3,4,1,4,3,2,2,1,4,2,3,2,3,1,1,2,2,3,3,3,2,2,3,1,2,3,2,4,1,1,3,3,2,1,3,3,1,3,1,3,2,3,1,1,3,2,1,1,1,2,4,3,2,4,3,2,4,3,3,2,4,2,4,1,1,3,3,3,3,4,4,3,4,1,1,4,2,1,2,1,4,4,3,3,1,2,2,2,1,2,4,2,1,3,3,4,1,4,1,1,3,2,1,4,3,1,4,1,1,1,4,4,3,4,3,3,3,2,2,3,4,3,1,3,4,3,1,2,4,4,4,3,3,2,1,4,2,1,2,3,1,2,1,1,2,4,2,4,2,1,2,1,3,1,3,4,2,3,2,3,3,3,4,1,4,3,2,1,3,1,3,1,1,4,2,4,1,1,2,3,1,4,4,2,1,3,4,3,2,3,2,4,2,1,3,4,1,3,2,2,3,2,3,1,3,4,4,2,3,1,2,2,1,4,1,1,1,1,3,1,4,1,4,3,2,4,3,1,3,1,4,1,3,4,1,1,1,2,2,3,3,1,4,2,1,4,3,2,1,2,2,1,4,3,2,1,2,2,3,4,2,3,1,1,1,3,2,1,3,4,3,3,4,3,1,2,3,3,1,1,4,3,3,3,2,3,1,3,1,1,1,2,3,1,3,2,3,4,1,2,1,1,4,3,4,1,4,2,1,1,3,2,2,3,3,3,4,3,4,4,2,1,2,1,2,3,4,4,4,2,3,2,1,3,1,4,4,4,4,1,1,1,1,1,4,4,4,2,4,2,1,3,3,2,4,2,1,1,3,4,2,2,1,1,4,2,1,1,2,2,4,2,2,3,4,2,1,1,1,3,1,2,2,2,2,4,1,2,4,2,4,2,3,3,2,1,1,4,4,4,3,1,3,4,4,2,2,2,3,1,4,1,3,1,1,2,2,2,1,4,1,2,2,4,4,2,2,3,3,4,4,3,1,1,3,1,2,1,4,3,1,1,2,2,3,4,4,2,1,2,1,2,2,3,2,1,1,3,1,3,1,3,1,1,4,3,2,1,1,3,2,2,4,4,2,3,3,1,4,4,4,2,3,2,3,4,3,3,4,3,2,1,1,1,2,3,2,3,4,3,1,4,3,4,3,2,3,1,2,2,1,1,1,4,3,2,2,4,3,1,4,3,3,2,2,3,4,2,3,3,2,2,2,2,4,1,2,4,3,1,2,3,4,4,1,1,3,1,3,2,3,2,1,1,1,3,4,4,2,1,1,2,3,2,2,2,2,3,3,3,1,1,2,2,2,4,2,4,1,3,1,2,3,4,3,3,2,4,3,4,3,1,3,2,2,2,4,1,4,3,4,4,2,3,4,4,2,2,2,3,3,2,1,4,2,2,3,1,1,4,2,2,4,1,1,2,2,3,2,1,2,2,4,1,1,1,1,3,4,1,4,3,3,1,2,1,4,1,1,2,3,4,3,2,1,3,1,1,3,4,2,4,3,2,1,1,1,1,1,1,2,3,4,2,4,3,4,3,1,2,2,3,1,3,1,3,3,1,2,1,3,3,2,1,2,4,4,4,4,1,4,2,4,4,3,2,2,2,4,2,2,3,2,4,2,3,2,4,2,2,2,4,3,1,4,4,1,2,1,1,1,2,3,1,1,3,3,3,4,3,4,3,3,3,4,1,3,3,4,1,4,1,3,4,1,4,2,2,3,4,4,3,2,3,2,2,3,4,3,1,2,4,3,3,4,2,1,1,3,1,4,3,1,3,2,1,4,1,1,3,3,2,3,3,1,3,2,4,2,2,1,1,2,1,1,4,4,1,2,1,2,2,2,3,4,1,2,4,1,1,3,4,2,2,4,3,4,2,3,1,4,3,3,2,1,1,4,3,2,2,3,1,4,1,3,1,1,4,1,4,4,3,4,3,2,3,2,1,2,2,2,1,1,1,2,3,4,1,1,3,3,3,1,4,2,3,4,1,2,3,2,1,3,4,4,2,4,4,1,1,4,2,4,1,2,2,3,3,4,3,1,2,1,3,1,2,3,1,1,3,2,4,1,2,3,1,2,2,2,2,1,2,1,3,4,1,3,2,3,2,1,2,1,1,1,4,3,4,2,2,1,1,1,2,2,2,4,4,2,1,4,4,1,3,3,2,4,3,3,3,1,1,1,2,2,3,3,4,1,1,1,2,3,2,2,4,1,2,3,3,1,2,2,3,1,3,1,1,3,2,2,1,3,2,4,2,1,2,3,4,4,2,1,2,2,4,3,4,1,4,3,1,1,2,3,4,1,3,3,1,3,2,1,3,2,3,3,2,2,2,3,3,1,3,1,4,1,1,4,1,1,4,4,2,1,2,4,1,2,4,2,1,4,1,4,1,2,1,2,1,3,2,1,1,1,3,4,1,3,1,2,2,1,2,4,1,4,1,2,3,1,2,2,3,1,3,3,1,3,4"
129,0.9886279079380575,0.5196078431372549,2329.0,"2,2,3,4,1,1,4,1,1,2,4,1,1,4,2,2,3,4,1,1,4,4,4,2,1,1,4,3,1,2,2,2,3,3,3,3,1,2,1,3,2,3,4,4,4,3,1,4,4,3,4,1,3,2,1,1,2,1,1,4,3,1,1,3,4,1,4,2,3,1,1,2,4,4,3,1,3,2,4,2,3,1,1,3,1,3,3,3,4,1,2,1,3,4,4,2,4,4,2,2,4,3,3,3,3,4,3,1,2,1,1,2,2,2,4,1,4,2,3,2,1,3,4,4,4,4,1,2,1,3,1,2,2,2,3,2,1,4,2,1,4,2,1,1,3,3,2,1,2,2,4,1,1,2,2,2,4,1,2,1,3,2,3,2,2,3,1,2,1,1,3,4,2,3,3,1,2,2,2,2,3,3,3,4,2,4,4,3,2,2,2,4,1,2,1,1,2,2,3,2,1,4,3,4,3,4,2,1,3,3,1,2,1,1,3,3,2,2,2,2,1,2,4,4,3,3,1,3,1,4,3,1,3,3,3,1,2,4,1,3,1,1,4,2,1,2,4,2,3,3,1,3,2,1,1,2,1,4,2,2,1,2,1,3,2,3,2,1,4,3,4,4,2,2,2,3,2,4,2,2,1,4,2,3,2,1,1,3,3,1,2,1,4,4,3,1,3,4,1,4,1,2,4,1,2,1,4,1,4,4,4,2,2,4,4,2,2,3,2,3,4,3,4,1,2,4,1,2,4,1,1,2,3,3,3,4,2,3,1,1,1,4,3,3,2,2,1,2,4,1,3,4,3,4,1,2,2,2,2,1,2,3,2,4,3,3,1,2,2,1,4,1,4,2,1,2,4,1,1,4,4,3,2,2,1,1,3,4,3,3,4,2,4,1,1,3,2,2,3,3,2,4,1,3,2,3,1,2,3,3,1,4,3,3,1,1,4,2,1,4,1,4,1,3,2,3,2,4,3,3,4,1,3,2,3,3,2,1,3,3,2,1,4,3,4,3,1,3,1,3,4,3,4,2,2,3,4,2,3,3,2,4,1,3,1,2,3,2,1,3,2,4,4,3,2,4,3,2,2,3,4,2,4,4,3,4,3,2,4,2,1,2,1,3,3,1,1,3,3,2,3,3,4,1,2,1,3,3,2,1,3,1,2,1,1,2,4,2,3,1,1,1,4,4,1,4,2,2,1,4,2,4,2,2,2,1,4,2,3,3,2,4,1,1,1,2,1,1,2,2,2,2,1,3,4,1,3,4,3,2,1,4,3,1,1,2,2,3,3,2,2,1,4,1,1,1,2,4,2,1,2,4,2,3,3,2,1,1,4,1,3,4,1,4,3,2,2,1,4,2,3,2,3,1,1,2,2,3,3,3,2,2,3,1,2,3,2,4,1,1,3,3,2,1,3,3,1,3,1,3,2,3,1,1,3,2,1,1,1,2,4,3,2,4,3,2,4,3,3,2,4,2,4,1,1,3,3,3,3,4,4,3,4,1,1,4,2,1,2,1,4,4,3,3,1,2,2,2,1,2,4,2,1,3,3,4,1,4,1,1,3,2,1,4,3,1,4,1,1,1,4,4,3,4,3,3,3,2,2,3,4,3,1,3,4,3,1,2,4,4,4,3,3,2,1,4,2,1,2,3,1,2,1,1,2,4,2,4,2,1,2,1,3,1,3,4,2,3,2,3,3,3,4,1,4,3,2,1,3,1,3,1,1,4,2,4,1,1,2,3,1,4,4,2,1,3,4,3,2,3,2,4,2,1,3,4,1,3,2,2,3,2,3,1,3,4,4,2,3,1,2,2,1,4,1,1,1,1,3,1,4,1,4,3,2,4,3,1,3,1,4,1,3,4,1,1,1,2,2,3,3,1,4,2,1,4,3,2,1,2,2,1,4,3,2,1,2,2,3,4,2,3,1,1,1,3,2,1,3,4,3,3,4,3,1,2,3,3,1,1,4,3,3,3,2,3,1,3,1,1,1,2,3,1,3,2,3,4,1,2,1,1,4,3,4,1,4,2,1,1,3,2,2,3,3,3,4,3,4,4,2,1,2,1,2,3,4,4,4,2,3,2,1,3,1,4,4,4,4,1,1,1,1,1,4,4,4,2,4,2,1,3,3,2,4,2,1,1,3,4,2,2,1,1,4,2,1,1,2,2,4,2,2,3,4,2,1,1,1,3,1,2,2,2,2,4,1,2,4,2,4,2,3,3,2,1,1,4,4,4,3,1,3,4,4,2,2,2,3,1,4,1,3,1,1,2,2,2,1,4,1,2,2,4,4,2,2,3,3,4,4,3,1,1,3,1,2,1,4,3,1,1,2,2,3,4,4,2,1,2,1,2,2,3,2,1,1,3,1,3,1,3,1,1,4,3,2,1,1,3,2,2,4,4,2,3,3,1,4,4,4,2,3,2,3,4,3,3,4,3,2,1,1,1,2,3,2,3,4,3,1,4,3,4,3,2,3,1,2,2,1,1,1,4,3,2,2,4,3,1,4,3,3,2,2,3,4,2,3,3,2,2,2,2,4,1,2,4,3,1,2,3,4,4,1,1,3,1,3,2,3,2,1,1,1,3,4,4,2,1,1,2,3,2,2,2,2,3,3,3,1,1,2,2,2,4,2,4,1,3,1,2,3,4,3,3,2,4,3,4,3,1,3,2,2,2,4,1,4,3,4,4,2,3,4,4,2,2,2,3,3,2,1,4,2,2,3,1,1,4,2,2,4,1,1,2,2,3,2,1,2,2,4,1,1,1,1,3,4,1,4,3,3,1,2,1,4,1,1,2,3,4,3,2,1,3,1,1,3,4,2,4,3,2,1,1,1,1,1,1,2,3,4,2,4,3,4,3,1,2,2,3,1,3,1,3,3,1,2,1,3,3,2,1,2,4,4,4,4,1,4,2,4,4,3,2,2,2,4,2,2,3,2,4,2,3,2,4,2,2,2,4,3,1,4,4,1,2,1,1,1,2,3,1,1,3,3,3,4,3,4,3,3,3,4,1,3,3,4,1,4,1,3,4,1,4,2,2,3,4,4,3,2,3,2,2,3,4,3,1,2,4,3,3,4,2,1,1,3,1,4,3,1,3,2,1,4,1,1,3,3,2,3,3,1,3,2,4,2,2,1,1,2,1,1,4,4,1,2,1,2,2,2,3,4,1,2,4,1,1,3,4,2,2,4,3,4,2,3,1,4,3,3,2,1,1,4,3,2,2,3,1,4,1,3,1,1,4,1,4,4,3,4,3,2,3,2,1,2,2,2,1,1,1,2,3,4,1,1,3,3,3,1,4,2,3,4,1,2,3,2,1,3,4,4,2,4,4,1,1,4,2,4,1,2,2,3,3,4,3,1,2,1,3,1,2,3,1,1,3,2,4,1,2,3,1,2,2,2,2,1,2,1,3,4,1,3,2,3,2,1,2,1,1,1,4,3,4,2,2,1,1,1,2,2,2,4,4,2,1,4,4,1,3,3,2,4,3,3,3,1,1,1,2,2,3,3,4,1,1,1,2,3,2,2,4,1,2,3,3,1,2,2,3,1,3,1,1,3,2,2,1,3,2,4,2,1,2,3,4,4,2,1,2,2,4,3,4,1,4,3,1,1,2,3,4,1,3,3,1,3,2,1,3,2,3,3,2,2,2,3,3,1,3,1,4,1,1,4,1,1,4,4,2,1,2,4,1,2,4,2,1,4,1,4,1,2,1,2,1,3,2,1,1,1,3,4,1,3,1,2,2,1,2,4,1,4,1,2,3,1,2,2,3,1,3,3,1,3,4"
130,0.9886279079380575,0.5196078431372549,2329.0,"2,2,3,4,1,1,4,1,1,2,4,1,1,4,2,2,3,4,1,1,4,4,4,2,1,1,4,3,1,2,2,2,3,3,3,3,1,2,1,3,2,3,4,4,4,3,1,4,4,3,4,1,3,2,1,1,2,1,1,4,3,1,1,3,4,1,4,2,3,1,1,2,4,4,3,1,3,2,4,2,3,1,1,3,1,3,3,3,4,1,2,1,3,4,4,2,4,4,2,2,4,3,3,3,3,4,3,1,2,1,1,2,2,2,4,1,4,2,3,2,1,3,4,4,4,4,1,2,1,3,1,2,2,2,3,2,1,4,2,1,4,2,1,1,3,3,2,1,2,2,4,1,1,2,2,2,4,1,2,1,3,2,3,2,2,3,1,2,1,1,3,4,2,3,3,1,2,2,2,2,3,3,3,4,2,4,4,3,2,2,2,4,1,2,1,1,2,2,3,2,1,4,3,4,3,4,2,1,3,3,1,2,1,1,3,3,2,2,2,2,1,2,4,4,3,3,1,3,1,4,3,1,3,3,3,1,2,4,1,3,1,1,4,2,1,2,4,2,3,3,1,3,2,1,1,2,1,4,2,2,1,2,1,3,2,3,2,1,4,3,4,4,2,2,2,3,2,4,2,2,1,4,2,3,2,1,1,3,3,1,2,1,4,4,3,1,3,4,1,4,1,2,4,1,2,1,4,1,4,4,4,2,2,4,4,2,2,3,2,3,4,3,4,1,2,4,1,2,4,1,1,2,3,3,3,4,2,3,1,1,1,4,3,3,2,2,1,2,4,1,3,4,3,4,1,2,2,2,2,1,2,3,2,4,3,3,1,2,2,1,4,1,4,2,1,2,4,1,1,4,4,3,2,2,1,1,3,4,3,3,4,2,4,1,1,3,2,2,3,3,2,4,1,3,2,3,1,2,3,3,1,4,3,3,1,1,4,2,1,4,1,4,1,3,2,3,2,4,3,3,4,1,3,2,3,3,2,1,3,3,2,1,4,3,4,3,1,3,1,3,4,3,4,2,2,3,4,2,3,3,2,4,1,3,1,2,3,2,1,3,2,4,4,3,2,4,3,2,2,3,4,2,4,4,3,4,3,2,4,2,1,2,1,3,3,1,1,3,3,2,3,3,4,1,2,1,3,3,2,1,3,1,2,1,1,2,4,2,3,1,1,1,4,4,1,4,2,2,1,4,2,4,2,2,2,1,4,2,3,3,2,4,1,1,1,2,1,1,2,2,2,2,1,3,4,1,3,4,3,2,1,4,3,1,1,2,2,3,3,2,2,1,4,1,1,1,2,4,2,1,2,4,2,3,3,2,1,1,4,1,3,4,1,4,3,2,2,1,4,2,3,2,3,1,1,2,2,3,3,3,2,2,3,1,2,3,2,4,1,1,3,3,2,1,3,3,1,3,1,3,2,3,1,1,3,2,1,1,1,2,4,3,2,4,3,2,4,3,3,2,4,2,4,1,1,3,3,3,3,4,4,3,4,1,1,4,2,1,2,1,4,4,3,3,1,2,2,2,1,2,4,2,1,3,3,4,1,4,1,1,3,2,1,4,3,1,4,1,1,1,4,4,3,4,3,3,3,2,2,3,4,3,1,3,4,3,1,2,4,4,4,3,3,2,1,4,2,1,2,3,1,2,1,1,2,4,2,4,2,1,2,1,3,1,3,4,2,3,2,3,3,3,4,1,4,3,2,1,3,1,3,1,1,4,2,4,1,1,2,3,1,4,4,2,1,3,4,3,2,3,2,4,2,1,3,4,1,3,2,2,3,2,3,1,3,4,4,2,3,1,2,2,1,4,1,1,1,1,3,1,4,1,4,3,2,4,3,1,3,1,4,1,3,4,1,1,1,2,2,3,3,1,4,2,1,4,3,2,1,2,2,1,4,3,2,1,2,2,3,4,2,3,1,1,1,3,2,1,3,4,3,3,4,3,1,2,3,3,1,1,4,3,3,3,2,3,1,3,1,1,1,2,3,1,3,2,3,4,1,2,1,1,4,3,4,1,4,2,1,1,3,2,2,3,3,3,4,3,4,4,2,1,2,1,2,3,4,4,4,2,3,2,1,3,1,4,4,4,4,1,1,1,1,1,4,4,4,2,4,2,1,3,3,2,4,2,1,1,3,4,2,2,1,1,4,2,1,1,2,2,4,2,2,3,4,2,1,1,1,3,1,2,2,2,2,4,1,2,4,2,4,2,3,3,2,1,1,4,4,4,3,1,3,4,4,2,2,2,3,1,4,1,3,1,1,2,2,2,1,4,1,2,2,4,4,2,2,3,3,4,4,3,1,1,3,1,2,1,4,3,1,1,2,2,3,4,4,2,1,2,1,2,2,3,2,1,1,3,1,3,1,3,1,1,4,3,2,1,1,3,2,2,4,4,2,3,3,1,4,4,4,2,3,2,3,4,3,3,4,3,2,1,1,1,2,3,2,3,4,3,1,4,3,4,3,2,3,1,2,2,1,1,1,4,3,2,2,4,3,1,4,3,3,2,2,3,4,2,3,3,2,2,2,2,4,1,2,4,3,1,2,3,4,4,1,1,3,1,3,2,3,2,1,1,1,3,4,4,2,1,1,2,3,2,2,2,2,3,3,3,1,1,2,2,2,4,2,4,1,3,1,2,3,4,3,3,2,4,3,4,3,1,3,2,2,2,4,1,4,3,4,4,2,3,4,4,2,2,2,3,3,2,1,4,2,2,3,1,1,4,2,2,4,1,1,2,2,3,2,1,2,2,4,1,1,1,1,3,4,1,4,3,3,1,2,1,4,1,1,2,3,4,3,2,1,3,1,1,3,4,2,4,3,2,1,1,1,1,1,1,2,3,4,2,4,3,4,3,1,2,2,3,1,3,1,3,3,1,2,1,3,3,2,1,2,4,4,4,4,1,4,2,4,4,3,2,2,2,4,2,2,3,2,4,2,3,2,4,2,2,2,4,3,1,4,4,1,2,1,1,1,2,3,1,1,3,3,3,4,3,4,3,3,3,4,1,3,3,4,1,4,1,3,4,1,4,2,2,3,4,4,3,2,3,2,2,3,4,3,1,2,4,3,3,4,2,1,1,3,1,4,3,1,3,2,1,4,1,1,3,3,2,3,3,1,3,2,4,2,2,1,1,2,1,1,4,4,1,2,1,2,2,2,3,4,1,2,4,1,1,3,4,2,2,4,3,4,2,3,1,4,3,3,2,1,1,4,3,2,2,3,1,4,1,3,1,1,4,1,4,4,3,4,3,2,3,2,1,2,2,2,1,1,1,2,3,4,1,1,3,3,3,1,4,2,3,4,1,2,3,2,1,3,4,4,2,4,4,1,1,4,2,4,1,2,2,3,3,4,3,1,2,1,3,1,2,3,1,1,3,2,4,1,2,3,1,2,2,2,2,1,2,1,3,4,1,3,2,3,2,1,2,1,1,1,4,3,4,2,2,1,1,1,2,2,2,4,4,2,1,4,4,1,3,3,2,4,3,3,3,1,1,1,2,2,3,3,4,1,1,1,2,3,2,2,4,1,2,3,3,1,2,2,3,1,3,1,1,3,2,2,1,3,2,4,2,1,2,3,4,4,2,1,2,2,4,3,4,1,4,3,1,1,2,3,4,1,3,3,1,3,2,1,3,2,3,3,2,2,2,3,3,1,3,1,4,1,1,4,1,1,4,4,2,1,2,4,1,2,4,2,1,4,1,4,1,2,1,2,1,3,2,1,1,1,3,4,1,3,1,2,2,1,2,4,1,4,1,2,3,1,2,2,3,1,3,3,1,3,4"
131,0.9886279079380575,0.5196078431372549,2329.0,"2,2,3,4,1,1,4,1,1,2,4,1,1,4,2,2,3,4,1,1,4,4,4,2,1,1,4,3,1,2,2,2,3,3,3,3,1,2,1,3,2,3,4,4,4,3,1,4,4,3,4,1,3,2,1,1,2,1,1,4,3,1,1,3,4,1,4,2,3,1,1,2,4,4,3,1,3,2,4,2,3,1,1,3,1,3,3,3,4,1,2,1,3,4,4,2,4,4,2,2,4,3,3,3,3,4,3,1,2,1,1,2,2,2,4,1,4,2,3,2,1,3,4,4,4,4,1,2,1,3,1,2,2,2,3,2,1,4,2,1,4,2,1,1,3,3,2,1,2,2,4,1,1,2,2,2,4,1,2,1,3,2,3,2,2,3,1,2,1,1,3,4,2,3,3,1,2,2,2,2,3,3,3,4,2,4,4,3,2,2,2,4,1,2,1,1,2,2,3,2,1,4,3,4,3,4,2,1,3,3,1,2,1,1,3,3,2,2,2,2,1,2,4,4,3,3,1,3,1,4,3,1,3,3,3,1,2,4,1,3,1,1,4,2,1,2,4,2,3,3,1,3,2,1,1,2,1,4,2,2,1,2,1,3,2,3,2,1,4,3,4,4,2,2,2,3,2,4,2,2,1,4,2,3,2,1,1,3,3,1,2,1,4,4,3,1,3,4,1,4,1,2,4,1,2,1,4,1,4,4,4,2,2,4,4,2,2,3,2,3,4,3,4,1,2,4,1,2,4,1,1,2,3,3,3,4,2,3,1,1,1,4,3,3,2,2,1,2,4,1,3,4,3,4,1,2,2,2,2,1,2,3,2,4,3,3,1,2,2,1,4,1,4,2,1,2,4,1,1,4,4,3,2,2,1,1,3,4,3,3,4,2,4,1,1,3,2,2,3,3,2,4,1,3,2,3,1,2,3,3,1,4,3,3,1,1,4,2,1,4,1,4,1,3,2,3,2,4,3,3,4,1,3,2,3,3,2,1,3,3,2,1,4,3,4,3,1,3,1,3,4,3,4,2,2,3,4,2,3,3,2,4,1,3,1,2,3,2,1,3,2,4,4,3,2,4,3,2,2,3,4,2,4,4,3,4,3,2,4,2,1,2,1,3,3,1,1,3,3,2,3,3,4,1,2,1,3,3,2,1,3,1,2,1,1,2,4,2,3,1,1,1,4,4,1,4,2,2,1,4,2,4,2,2,2,1,4,2,3,3,2,4,1,1,1,2,1,1,2,2,2,2,1,3,4,1,3,4,3,2,1,4,3,1,1,2,2,3,3,2,2,1,4,1,1,1,2,4,2,1,2,4,2,3,3,2,1,1,4,1,3,4,1,4,3,2,2,1,4,2,3,2,3,1,1,2,2,3,3,3,2,2,3,1,2,3,2,4,1,1,3,3,2,1,3,3,1,3,1,3,2,3,1,1,3,2,1,1,1,2,4,3,2,4,3,2,4,3,3,2,4,2,4,1,1,3,3,3,3,4,4,3,4,1,1,4,2,1,2,1,4,4,3,3,1,2,2,2,1,2,4,2,1,3,3,4,1,4,1,1,3,2,1,4,3,1,4,1,1,1,4,4,3,4,3,3,3,2,2,3,4,3,1,3,4,3,1,2,4,4,4,3,3,2,1,4,2,1,2,3,1,2,1,1,2,4,2,4,2,1,2,1,3,1,3,4,2,3,2,3,3,3,4,1,4,3,2,1,3,1,3,1,1,4,2,4,1,1,2,3,1,4,4,2,1,3,4,3,2,3,2,4,2,1,3,4,1,3,2,2,3,2,3,1,3,4,4,2,3,1,2,2,1,4,1,1,1,1,3,1,4,1,4,3,2,4,3,1,3,1,4,1,3,4,1,1,1,2,2,3,3,1,4,2,1,4,3,2,1,2,2,1,4,3,2,1,2,2,3,4,2,3,1,1,1,3,2,1,3,4,3,3,4,3,1,2,3,3,1,1,4,3,3,3,2,3,1,3,1,1,1,2,3,1,3,2,3,4,1,2,1,1,4,3,4,1,4,2,1,1,3,2,2,3,3,3,4,3,4,4,2,1,2,1,2,3,4,4,4,2,3,2,1,3,1,4,4,4,4,1,1,1,1,1,4,4,4,2,4,2,1,3,3,2,4,2,1,1,3,4,2,2,1,1,4,2,1,1,2,2,4,2,2,3,4,2,1,1,1,3,1,2,2,2,2,4,1,2,4,2,4,2,3,3,2,1,1,4,4,4,3,1,3,4,4,2,2,2,3,1,4,1,3,1,1,2,2,2,1,4,1,2,2,4,4,2,2,3,3,4,4,3,1,1,3,1,2,1,4,3,1,1,2,2,3,4,4,2,1,2,1,2,2,3,2,1,1,3,1,3,1,3,1,1,4,3,2,1,1,3,2,2,4,4,2,3,3,1,4,4,4,2,3,2,3,4,3,3,4,3,2,1,1,1,2,3,2,3,4,3,1,4,3,4,3,2,3,1,2,2,1,1,1,4,3,2,2,4,3,1,4,3,3,2,2,3,4,2,3,3,2,2,2,2,4,1,2,4,3,1,2,3,4,4,1,1,3,1,3,2,3,2,1,1,1,3,4,4,2,1,1,2,3,2,2,2,2,3,3,3,1,1,2,2,2,4,2,4,1,3,1,2,3,4,3,3,2,4,3,4,3,1,3,2,2,2,4,1,4,3,4,4,2,3,4,4,2,2,2,3,3,2,1,4,2,2,3,1,1,4,2,2,4,1,1,2,2,3,2,1,2,2,4,1,1,1,1,3,4,1,4,3,3,1,2,1,4,1,1,2,3,4,3,2,1,3,1,1,3,4,2,4,3,2,1,1,1,1,1,1,2,3,4,2,4,3,4,3,1,2,2,3,1,3,1,3,3,1,2,1,3,3,2,1,2,4,4,4,4,1,4,2,4,4,3,2,2,2,4,2,2,3,2,4,2,3,2,4,2,2,2,4,3,1,4,4,1,2,1,1,1,2,3,1,1,3,3,3,4,3,4,3,3,3,4,1,3,3,4,1,4,1,3,4,1,4,2,2,3,4,4,3,2,3,2,2,3,4,3,1,2,4,3,3,4,2,1,1,3,1,4,3,1,3,2,1,4,1,1,3,3,2,3,3,1,3,2,4,2,2,1,1,2,1,1,4,4,1,2,1,2,2,2,3,4,1,2,4,1,1,3,4,2,2,4,3,4,2,3,1,4,3,3,2,1,1,4,3,2,2,3,1,4,1,3,1,1,4,1,4,4,3,4,3,2,3,2,1,2,2,2,1,1,1,2,3,4,1,1,3,3,3,1,4,2,3,4,1,2,3,2,1,3,4,4,2,4,4,1,1,4,2,4,1,2,2,3,3,4,3,1,2,1,3,1,2,3,1,1,3,2,4,1,2,3,1,2,2,2,2,1,2,1,3,4,1,3,2,3,2,1,2,1,1,1,4,3,4,2,2,1,1,1,2,2,2,4,4,2,1,4,4,1,3,3,2,4,3,3,3,1,1,1,2,2,3,3,4,1,1,1,2,3,2,2,4,1,2,3,3,1,2,2,3,1,3,1,1,3,2,2,1,3,2,4,2,1,2,3,4,4,2,1,2,2,4,3,4,1,4,3,1,1,2,3,4,1,3,3,1,3,2,1,3,2,3,3,2,2,2,3,3,1,3,1,4,1,1,4,1,1,4,4,2,1,2,4,1,2,4,2,1,4,1,4,1,2,1,2,1,3,2,1,1,1,3,4,1,3,1,2,2,1,2,4,1,4,1,2,3,1,2,2,3,1,3,3,1,3,4"
132,0.9886279079380575,0.5196078431372549,2329.0,"2,2,3,4,1,1,4,1,1,2,4,1,1,4,2,2,3,4,1,1,4,4,4,2,1,1,4,3,1,2,2,2,3,3,3,3,1,2,1,3,2,3,4,4,4,3,1,4,4,3,4,1,3,2,1,1,2,1,1,4,3,1,1,3,4,1,4,2,3,1,1,2,4,4,3,1,3,2,4,2,3,1,1,3,1,3,3,3,4,1,2,1,3,4,4,2,4,4,2,2,4,3,3,3,3,4,3,1,2,1,1,2,2,2,4,1,4,2,3,2,1,3,4,4,4,4,1,2,1,3,1,2,2,2,3,2,1,4,2,1,4,2,1,1,3,3,2,1,2,2,4,1,1,2,2,2,4,1,2,1,3,2,3,2,2,3,1,2,1,1,3,4,2,3,3,1,2,2,2,2,3,3,3,4,2,4,4,3,2,2,2,4,1,2,1,1,2,2,3,2,1,4,3,4,3,4,2,1,3,3,1,2,1,1,3,3,2,2,2,2,1,2,4,4,3,3,1,3,1,4,3,1,3,3,3,1,2,4,1,3,1,1,4,2,1,2,4,2,3,3,1,3,2,1,1,2,1,4,2,2,1,2,1,3,2,3,2,1,4,3,4,4,2,2,2,3,2,4,2,2,1,4,2,3,2,1,1,3,3,1,2,1,4,4,3,1,3,4,1,4,1,2,4,1,2,1,4,1,4,4,4,2,2,4,4,2,2,3,2,3,4,3,4,1,2,4,1,2,4,1,1,2,3,3,3,4,2,3,1,1,1,4,3,3,2,2,1,2,4,1,3,4,3,4,1,2,2,2,2,1,2,3,2,4,3,3,1,2,2,1,4,1,4,2,1,2,4,1,1,4,4,3,2,2,1,1,3,4,3,3,4,2,4,1,1,3,2,2,3,3,2,4,1,3,2,3,1,2,3,3,1,4,3,3,1,1,4,2,1,4,1,4,1,3,2,3,2,4,3,3,4,1,3,2,3,3,2,1,3,3,2,1,4,3,4,3,1,3,1,3,4,3,4,2,2,3,4,2,3,3,2,4,1,3,1,2,3,2,1,3,2,4,4,3,2,4,3,2,2,3,4,2,4,4,3,4,3,2,4,2,1,2,1,3,3,1,1,3,3,2,3,3,4,1,2,1,3,3,2,1,3,1,2,1,1,2,4,2,3,1,1,1,4,4,1,4,2,2,1,4,2,4,2,2,2,1,4,2,3,3,2,4,1,1,1,2,1,1,2,2,2,2,1,3,4,1,3,4,3,2,1,4,3,1,1,2,2,3,3,2,2,1,4,1,1,1,2,4,2,1,2,4,2,3,3,2,1,1,4,1,3,4,1,4,3,2,2,1,4,2,3,2,3,1,1,2,2,3,3,3,2,2,3,1,2,3,2,4,1,1,3,3,2,1,3,3,1,3,1,3,2,3,1,1,3,2,1,1,1,2,4,3,2,4,3,2,4,3,3,2,4,2,4,1,1,3,3,3,3,4,4,3,4,1,1,4,2,1,2,1,4,4,3,3,1,2,2,2,1,2,4,2,1,3,3,4,1,4,1,1,3,2,1,4,3,1,4,1,1,1,4,4,3,4,3,3,3,2,2,3,4,3,1,3,4,3,1,2,4,4,4,3,3,2,1,4,2,1,2,3,1,2,1,1,2,4,2,4,2,1,2,1,3,1,3,4,2,3,2,3,3,3,4,1,4,3,2,1,3,1,3,1,1,4,2,4,1,1,2,3,1,4,4,2,1,3,4,3,2,3,2,4,2,1,3,4,1,3,2,2,3,2,3,1,3,4,4,2,3,1,2,2,1,4,1,1,1,1,3,1,4,1,4,3,2,4,3,1,3,1,4,1,3,4,1,1,1,2,2,3,3,1,4,2,1,4,3,2,1,2,2,1,4,3,2,1,2,2,3,4,2,3,1,1,1,3,2,1,3,4,3,3,4,3,1,2,3,3,1,1,4,3,3,3,2,3,1,3,1,1,1,2,3,1,3,2,3,4,1,2,1,1,4,3,4,1,4,2,1,1,3,2,2,3,3,3,4,3,4,4,2,1,2,1,2,3,4,4,4,2,3,2,1,3,1,4,4,4,4,1,1,1,1,1,4,4,4,2,4,2,1,3,3,2,4,2,1,1,3,4,2,2,1,1,4,2,1,1,2,2,4,2,2,3,4,2,1,1,1,3,1,2,2,2,2,4,1,2,4,2,4,2,3,3,2,1,1,4,4,4,3,1,3,4,4,2,2,2,3,1,4,1,3,1,1,2,2,2,1,4,1,2,2,4,4,2,2,3,3,4,4,3,1,1,3,1,2,1,4,3,1,1,2,2,3,4,4,2,1,2,1,2,2,3,2,1,1,3,1,3,1,3,1,1,4,3,2,1,1,3,2,2,4,4,2,3,3,1,4,4,4,2,3,2,3,4,3,3,4,3,2,1,1,1,2,3,2,3,4,3,1,4,3,4,3,2,3,1,2,2,1,1,1,4,3,2,2,4,3,1,4,3,3,2,2,3,4,2,3,3,2,2,2,2,4,1,2,4,3,1,2,3,4,4,1,1,3,1,3,2,3,2,1,1,1,3,4,4,2,1,1,2,3,2,2,2,2,3,3,3,1,1,2,2,2,4,2,4,1,3,1,2,3,4,3,3,2,4,3,4,3,1,3,2,2,2,4,1,4,3,4,4,2,3,4,4,2,2,2,3,3,2,1,4,2,2,3,1,1,4,2,2,4,1,1,2,2,3,2,1,2,2,4,1,1,1,1,3,4,1,4,3,3,1,2,1,4,1,1,2,3,4,3,2,1,3,1,1,3,4,2,4,3,2,1,1,1,1,1,1,2,3,4,2,4,3,4,3,1,2,2,3,1,3,1,3,3,1,2,1,3,3,2,1,2,4,4,4,4,1,4,2,4,4,3,2,2,2,4,2,2,3,2,4,2,3,2,4,2,2,2,4,3,1,4,4,1,2,1,1,1,2,3,1,1,3,3,3,4,3,4,3,3,3,4,1,3,3,4,1,4,1,3,4,1,4,2,2,3,4,4,3,2,3,2,2,3,4,3,1,2,4,3,3,4,2,1,1,3,1,4,3,1,3,2,1,4,1,1,3,3,2,3,3,1,3,2,4,2,2,1,1,2,1,1,4,4,1,2,1,2,2,2,3,4,1,2,4,1,1,3,4,2,2,4,3,4,2,3,1,4,3,3,2,1,1,4,3,2,2,3,1,4,1,3,1,1,4,1,4,4,3,4,3,2,3,2,1,2,2,2,1,1,1,2,3,4,1,1,3,3,3,1,4,2,3,4,1,2,3,2,1,3,4,4,2,4,4,1,1,4,2,4,1,2,2,3,3,4,3,1,2,1,3,1,2,3,1,1,3,2,4,1,2,3,1,2,2,2,2,1,2,1,3,4,1,3,2,3,2,1,2,1,1,1,4,3,4,2,2,1,1,1,2,2,2,4,4,2,1,4,4,1,3,3,2,4,3,3,3,1,1,1,2,2,3,3,4,1,1,1,2,3,2,2,4,1,2,3,3,1,2,2,3,1,3,1,1,3,2,2,1,3,2,4,2,1,2,3,4,4,2,1,2,2,4,3,4,1,4,3,1,1,2,3,4,1,3,3,1,3,2,1,3,2,3,3,2,2,2,3,3,1,3,1,4,1,1,4,1,1,4,4,2,1,2,4,1,2,4,2,1,4,1,4,1,2,1,2,1,3,2,1,1,1,3,4,1,3,1,2,2,1,2,4,1,4,1,2,3,1,2,2,3,1,3,3,1,3,4"
133,0.9886279079380575,0.5196078431372549,2329.0,"2,2,3,4,1,1,4,1,1,2,4,1,1,4,2,2,3,4,1,1,4,4,4,2,1,1,4,3,1,2,2,2,3,3,3,3,1,2,1,3,2,3,4,4,4,3,1,4,4,3,4,1,3,2,1,1,2,1,1,4,3,1,1,3,4,1,4,2,3,1,1,2,4,4,3,1,3,2,4,2,3,1,1,3,1,3,3,3,4,1,2,1,3,4,4,2,4,4,2,2,4,3,3,3,3,4,3,1,2,1,1,2,2,2,4,1,4,2,3,2,1,3,4,4,4,4,1,2,1,3,1,2,2,2,3,2,1,4,2,1,4,2,1,1,3,3,2,1,2,2,4,1,1,2,2,2,4,1,2,1,3,2,3,2,2,3,1,2,1,1,3,4,2,3,3,1,2,2,2,2,3,3,3,4,2,4,4,3,2,2,2,4,1,2,1,1,2,2,3,2,1,4,3,4,3,4,2,1,3,3,1,2,1,1,3,3,2,2,2,2,1,2,4,4,3,3,1,3,1,4,3,1,3,3,3,1,2,4,1,3,1,1,4,2,1,2,4,2,3,3,1,3,2,1,1,2,1,4,2,2,1,2,1,3,2,3,2,1,4,3,4,4,2,2,2,3,2,4,2,2,1,4,2,3,2,1,1,3,3,1,2,1,4,4,3,1,3,4,1,4,1,2,4,1,2,1,4,1,4,4,4,2,2,4,4,2,2,3,2,3,4,3,4,1,2,4,1,2,4,1,1,2,3,3,3,4,2,3,1,1,1,4,3,3,2,2,1,2,4,1,3,4,3,4,1,2,2,2,2,1,2,3,2,4,3,3,1,2,2,1,4,1,4,2,1,2,4,1,1,4,4,3,2,2,1,1,3,4,3,3,4,2,4,1,1,3,2,2,3,3,2,4,1,3,2,3,1,2,3,3,1,4,3,3,1,1,4,2,1,4,1,4,1,3,2,3,2,4,3,3,4,1,3,2,3,3,2,1,3,3,2,1,4,3,4,3,1,3,1,3,4,3,4,2,2,3,4,2,3,3,2,4,1,3,1,2,3,2,1,3,2,4,4,3,2,4,3,2,2,3,4,2,4,4,3,4,3,2,4,2,1,2,1,3,3,1,1,3,3,2,3,3,4,1,2,1,3,3,2,1,3,1,2,1,1,2,4,2,3,1,1,1,4,4,1,4,2,2,1,4,2,4,2,2,2,1,4,2,3,3,2,4,1,1,1,2,1,1,2,2,2,2,1,3,4,1,3,4,3,2,1,4,3,1,1,2,2,3,3,2,2,1,4,1,1,1,2,4,2,1,2,4,2,3,3,2,1,1,4,1,3,4,1,4,3,2,2,1,4,2,3,2,3,1,1,2,2,3,3,3,2,2,3,1,2,3,2,4,1,1,3,3,2,1,3,3,1,3,1,3,2,3,1,1,3,2,1,1,1,2,4,3,2,4,3,2,4,3,3,2,4,2,4,1,1,3,3,3,3,4,4,3,4,1,1,4,2,1,2,1,4,4,3,3,1,2,2,2,1,2,4,2,1,3,3,4,1,4,1,1,3,2,1,4,3,1,4,1,1,1,4,4,3,4,3,3,3,2,2,3,4,3,1,3,4,3,1,2,4,4,4,3,3,2,1,4,2,1,2,3,1,2,1,1,2,4,2,4,2,1,2,1,3,1,3,4,2,3,2,3,3,3,4,1,4,3,2,1,3,1,3,1,1,4,2,4,1,1,2,3,1,4,4,2,1,3,4,3,2,3,2,4,2,1,3,4,1,3,2,2,3,2,3,1,3,4,4,2,3,1,2,2,1,4,1,1,1,1,3,1,4,1,4,3,2,4,3,1,3,1,4,1,3,4,1,1,1,2,2,3,3,1,4,2,1,4,3,2,1,2,2,1,4,3,2,1,2,2,3,4,2,3,1,1,1,3,2,1,3,4,3,3,4,3,1,2,3,3,1,1,4,3,3,3,2,3,1,3,1,1,1,2,3,1,3,2,3,4,1,2,1,1,4,3,4,1,4,2,1,1,3,2,2,3,3,3,4,3,4,4,2,1,2,1,2,3,4,4,4,2,3,2,1,3,1,4,4,4,4,1,1,1,1,1,4,4,4,2,4,2,1,3,3,2,4,2,1,1,3,4,2,2,1,1,4,2,1,1,2,2,4,2,2,3,4,2,1,1,1,3,1,2,2,2,2,4,1,2,4,2,4,2,3,3,2,1,1,4,4,4,3,1,3,4,4,2,2,2,3,1,4,1,3,1,1,2,2,2,1,4,1,2,2,4,4,2,2,3,3,4,4,3,1,1,3,1,2,1,4,3,1,1,2,2,3,4,4,2,1,2,1,2,2,3,2,1,1,3,1,3,1,3,1,1,4,3,2,1,1,3,2,2,4,4,2,3,3,1,4,4,4,2,3,2,3,4,3,3,4,3,2,1,1,1,2,3,2,3,4,3,1,4,3,4,3,2,3,1,2,2,1,1,1,4,3,2,2,4,3,1,4,3,3,2,2,3,4,2,3,3,2,2,2,2,4,1,2,4,3,1,2,3,4,4,1,1,3,1,3,2,3,2,1,1,1,3,4,4,2,1,1,2,3,2,2,2,2,3,3,3,1,1,2,2,2,4,2,4,1,3,1,2,3,4,3,3,2,4,3,4,3,1,3,2,2,2,4,1,4,3,4,4,2,3,4,4,2,2,2,3,3,2,1,4,2,2,3,1,1,4,2,2,4,1,1,2,2,3,2,1,2,2,4,1,1,1,1,3,4,1,4,3,3,1,2,1,4,1,1,2,3,4,3,2,1,3,1,1,3,4,2,4,3,2,1,1,1,1,1,1,2,3,4,2,4,3,4,3,1,2,2,3,1,3,1,3,3,1,2,1,3,3,2,1,2,4,4,4,4,1,4,2,4,4,3,2,2,2,4,2,2,3,2,4,2,3,2,4,2,2,2,4,3,1,4,4,1,2,1,1,1,2,3,1,1,3,3,3,4,3,4,3,3,3,4,1,3,3,4,1,4,1,3,4,1,4,2,2,3,4,4,3,2,3,2,2,3,4,3,1,2,4,3,3,4,2,1,1,3,1,4,3,1,3,2,1,4,1,1,3,3,2,3,3,1,3,2,4,2,2,1,1,2,1,1,4,4,1,2,1,2,2,2,3,4,1,2,4,1,1,3,4,2,2,4,3,4,2,3,1,4,3,3,2,1,1,4,3,2,2,3,1,4,1,3,1,1,4,1,4,4,3,4,3,2,3,2,1,2,2,2,1,1,1,2,3,4,1,1,3,3,3,1,4,2,3,4,1,2,3,2,1,3,4,4,2,4,4,1,1,4,2,4,1,2,2,3,3,4,3,1,2,1,3,1,2,3,1,1,3,2,4,1,2,3,1,2,2,2,2,1,2,1,3,4,1,3,2,3,2,1,2,1,1,1,4,3,4,2,2,1,1,1,2,2,2,4,4,2,1,4,4,1,3,3,2,4,3,3,3,1,1,1,2,2,3,3,4,1,1,1,2,3,2,2,4,1,2,3,3,1,2,2,3,1,3,1,1,3,2,2,1,3,2,4,2,1,2,3,4,4,2,1,2,2,4,3,4,1,4,3,1,1,2,3,4,1,3,3,1,3,2,1,3,2,3,3,2,2,2,3,3,1,3,1,4,1,1,4,1,1,4,4,2,1,2,4,1,2,4,2,1,4,1,4,1,2,1,2,1,3,2,1,1,1,3,4,1,3,1,2,2,1,2,4,1,4,1,2,3,1,2,2,3,1,3,3,1,3,4"
134,0.9886279079380575,0.5196078431372549,2329.0,"2,2,3,4,1,1,4,1,1,2,4,1,1,4,2,2,3,4,1,1,4,4,4,2,1,1,4,3,1,2,2,2,3,3,3,3,1,2,1,3,2,3,4,4,4,3,1,4,4,3,4,1,3,2,1,1,2,1,1,4,3,1,1,3,4,1,4,2,3,1,1,2,4,4,3,1,3,2,4,2,3,1,1,3,1,3,3,3,4,1,2,1,3,4,4,2,4,4,2,2,4,3,3,3,3,4,3,1,2,1,1,2,2,2,4,1,4,2,3,2,1,3,4,4,4,4,1,2,1,3,1,2,2,2,3,2,1,4,2,1,4,2,1,1,3,3,2,1,2,2,4,1,1,2,2,2,4,1,2,1,3,2,3,2,2,3,1,2,1,1,3,4,2,3,3,1,2,2,2,2,3,3,3,4,2,4,4,3,2,2,2,4,1,2,1,1,2,2,3,2,1,4,3,4,3,4,2,1,3,3,1,2,1,1,3,3,2,2,2,2,1,2,4,4,3,3,1,3,1,4,3,1,3,3,3,1,2,4,1,3,1,1,4,2,1,2,4,2,3,3,1,3,2,1,1,2,1,4,2,2,1,2,1,3,2,3,2,1,4,3,4,4,2,2,2,3,2,4,2,2,1,4,2,3,2,1,1,3,3,1,2,1,4,4,3,1,3,4,1,4,1,2,4,1,2,1,4,1,4,4,4,2,2,4,4,2,2,3,2,3,4,3,4,1,2,4,1,2,4,1,1,2,3,3,3,4,2,3,1,1,1,4,3,3,2,2,1,2,4,1,3,4,3,4,1,2,2,2,2,1,2,3,2,4,3,3,1,2,2,1,4,1,4,2,1,2,4,1,1,4,4,3,2,2,1,1,3,4,3,3,4,2,4,1,1,3,2,2,3,3,2,4,1,3,2,3,1,2,3,3,1,4,3,3,1,1,4,2,1,4,1,4,1,3,2,3,2,4,3,3,4,1,3,2,3,3,2,1,3,3,2,1,4,3,4,3,1,3,1,3,4,3,4,2,2,3,4,2,3,3,2,4,1,3,1,2,3,2,1,3,2,4,4,3,2,4,3,2,2,3,4,2,4,4,3,4,3,2,4,2,1,2,1,3,3,1,1,3,3,2,3,3,4,1,2,1,3,3,2,1,3,1,2,1,1,2,4,2,3,1,1,1,4,4,1,4,2,2,1,4,2,4,2,2,2,1,4,2,3,3,2,4,1,1,1,2,1,1,2,2,2,2,1,3,4,1,3,4,3,2,1,4,3,1,1,2,2,3,3,2,2,1,4,1,1,1,2,4,2,1,2,4,2,3,3,2,1,1,4,1,3,4,1,4,3,2,2,1,4,2,3,2,3,1,1,2,2,3,3,3,2,2,3,1,2,3,2,4,1,1,3,3,2,1,3,3,1,3,1,3,2,3,1,1,3,2,1,1,1,2,4,3,2,4,3,2,4,3,3,2,4,2,4,1,1,3,3,3,3,4,4,3,4,1,1,4,2,1,2,1,4,4,3,3,1,2,2,2,1,2,4,2,1,3,3,4,1,4,1,1,3,2,1,4,3,1,4,1,1,1,4,4,3,4,3,3,3,2,2,3,4,3,1,3,4,3,1,2,4,4,4,3,3,2,1,4,2,1,2,3,1,2,1,1,2,4,2,4,2,1,2,1,3,1,3,4,2,3,2,3,3,3,4,1,4,3,2,1,3,1,3,1,1,4,2,4,1,1,2,3,1,4,4,2,1,3,4,3,2,3,2,4,2,1,3,4,1,3,2,2,3,2,3,1,3,4,4,2,3,1,2,2,1,4,1,1,1,1,3,1,4,1,4,3,2,4,3,1,3,1,4,1,3,4,1,1,1,2,2,3,3,1,4,2,1,4,3,2,1,2,2,1,4,3,2,1,2,2,3,4,2,3,1,1,1,3,2,1,3,4,3,3,4,3,1,2,3,3,1,1,4,3,3,3,2,3,1,3,1,1,1,2,3,1,3,2,3,4,1,2,1,1,4,3,4,1,4,2,1,1,3,2,2,3,3,3,4,3,4,4,2,1,2,1,2,3,4,4,4,2,3,2,1,3,1,4,4,4,4,1,1,1,1,1,4,4,4,2,4,2,1,3,3,2,4,2,1,1,3,4,2,2,1,1,4,2,1,1,2,2,4,2,2,3,4,2,1,1,1,3,1,2,2,2,2,4,1,2,4,2,4,2,3,3,2,1,1,4,4,4,3,1,3,4,4,2,2,2,3,1,4,1,3,1,1,2,2,2,1,4,1,2,2,4,4,2,2,3,3,4,4,3,1,1,3,1,2,1,4,3,1,1,2,2,3,4,4,2,1,2,1,2,2,3,2,1,1,3,1,3,1,3,1,1,4,3,2,1,1,3,2,2,4,4,2,3,3,1,4,4,4,2,3,2,3,4,3,3,4,3,2,1,1,1,2,3,2,3,4,3,1,4,3,4,3,2,3,1,2,2,1,1,1,4,3,2,2,4,3,1,4,3,3,2,2,3,4,2,3,3,2,2,2,2,4,1,2,4,3,1,2,3,4,4,1,1,3,1,3,2,3,2,1,1,1,3,4,4,2,1,1,2,3,2,2,2,2,3,3,3,1,1,2,2,2,4,2,4,1,3,1,2,3,4,3,3,2,4,3,4,3,1,3,2,2,2,4,1,4,3,4,4,2,3,4,4,2,2,2,3,3,2,1,4,2,2,3,1,1,4,2,2,4,1,1,2,2,3,2,1,2,2,4,1,1,1,1,3,4,1,4,3,3,1,2,1,4,1,1,2,3,4,3,2,1,3,1,1,3,4,2,4,3,2,1,1,1,1,1,1,2,3,4,2,4,3,4,3,1,2,2,3,1,3,1,3,3,1,2,1,3,3,2,1,2,4,4,4,4,1,4,2,4,4,3,2,2,2,4,2,2,3,2,4,2,3,2,4,2,2,2,4,3,1,4,4,1,2,1,1,1,2,3,1,1,3,3,3,4,3,4,3,3,3,4,1,3,3,4,1,4,1,3,4,1,4,2,2,3,4,4,3,2,3,2,2,3,4,3,1,2,4,3,3,4,2,1,1,3,1,4,3,1,3,2,1,4,1,1,3,3,2,3,3,1,3,2,4,2,2,1,1,2,1,1,4,4,1,2,1,2,2,2,3,4,1,2,4,1,1,3,4,2,2,4,3,4,2,3,1,4,3,3,2,1,1,4,3,2,2,3,1,4,1,3,1,1,4,1,4,4,3,4,3,2,3,2,1,2,2,2,1,1,1,2,3,4,1,1,3,3,3,1,4,2,3,4,1,2,3,2,1,3,4,4,2,4,4,1,1,4,2,4,1,2,2,3,3,4,3,1,2,1,3,1,2,3,1,1,3,2,4,1,2,3,1,2,2,2,2,1,2,1,3,4,1,3,2,3,2,1,2,1,1,1,4,3,4,2,2,1,1,1,2,2,2,4,4,2,1,4,4,1,3,3,2,4,3,3,3,1,1,1,2,2,3,3,4,1,1,1,2,3,2,2,4,1,2,3,3,1,2,2,3,1,3,1,1,3,2,2,1,3,2,4,2,1,2,3,4,4,2,1,2,2,4,3,4,1,4,3,1,1,2,3,4,1,3,3,1,3,2,1,3,2,3,3,2,2,2,3,3,1,3,1,4,1,1,4,1,1,4,4,2,1,2,4,1,2,4,2,1,4,1,4,1,2,1,2,1,3,2,1,1,1,3,4,1,3,1,2,2,1,2,4,1,4,1,2,3,1,2,2,3,1,3,3,1,3,4"
135,0.9886279079380575,0.5196078431372549,2329.0,"2,2,3,4,1,1,4,1,1,2,4,1,1,4,2,2,3,4,1,1,4,4,4,2,1,1,4,3,1,2,2,2,3,3,3,3,1,2,1,3,2,3,4,4,4,3,1,4,4,3,4,1,3,2,1,1,2,1,1,4,3,1,1,3,4,1,4,2,3,1,1,2,4,4,3,1,3,2,4,2,3,1,1,3,1,3,3,3,4,1,2,1,3,4,4,2,4,4,2,2,4,3,3,3,3,4,3,1,2,1,1,2,2,2,4,1,4,2,3,2,1,3,4,4,4,4,1,2,1,3,1,2,2,2,3,2,1,4,2,1,4,2,1,1,3,3,2,1,2,2,4,1,1,2,2,2,4,1,2,1,3,2,3,2,2,3,1,2,1,1,3,4,2,3,3,1,2,2,2,2,3,3,3,4,2,4,4,3,2,2,2,4,1,2,1,1,2,2,3,2,1,4,3,4,3,4,2,1,3,3,1,2,1,1,3,3,2,2,2,2,1,2,4,4,3,3,1,3,1,4,3,1,3,3,3,1,2,4,1,3,1,1,4,2,1,2,4,2,3,3,1,3,2,1,1,2,1,4,2,2,1,2,1,3,2,3,2,1,4,3,4,4,2,2,2,3,2,4,2,2,1,4,2,3,2,1,1,3,3,1,2,1,4,4,3,1,3,4,1,4,1,2,4,1,2,1,4,1,4,4,4,2,2,4,4,2,2,3,2,3,4,3,4,1,2,4,1,2,4,1,1,2,3,3,3,4,2,3,1,1,1,4,3,3,2,2,1,2,4,1,3,4,3,4,1,2,2,2,2,1,2,3,2,4,3,3,1,2,2,1,4,1,4,2,1,2,4,1,1,4,4,3,2,2,1,1,3,4,3,3,4,2,4,1,1,3,2,2,3,3,2,4,1,3,2,3,1,2,3,3,1,4,3,3,1,1,4,2,1,4,1,4,1,3,2,3,2,4,3,3,4,1,3,2,3,3,2,1,3,3,2,1,4,3,4,3,1,3,1,3,4,3,4,2,2,3,4,2,3,3,2,4,1,3,1,2,3,2,1,3,2,4,4,3,2,4,3,2,2,3,4,2,4,4,3,4,3,2,4,2,1,2,1,3,3,1,1,3,3,2,3,3,4,1,2,1,3,3,2,1,3,1,2,1,1,2,4,2,3,1,1,1,4,4,1,4,2,2,1,4,2,4,2,2,2,1,4,2,3,3,2,4,1,1,1,2,1,1,2,2,2,2,1,3,4,1,3,4,3,2,1,4,3,1,1,2,2,3,3,2,2,1,4,1,1,1,2,4,2,1,2,4,2,3,3,2,1,1,4,1,3,4,1,4,3,2,2,1,4,2,3,2,3,1,1,2,2,3,3,3,2,2,3,1,2,3,2,4,1,1,3,3,2,1,3,3,1,3,1,3,2,3,1,1,3,2,1,1,1,2,4,3,2,4,3,2,4,3,3,2,4,2,4,1,1,3,3,3,3,4,4,3,4,1,1,4,2,1,2,1,4,4,3,3,1,2,2,2,1,2,4,2,1,3,3,4,1,4,1,1,3,2,1,4,3,1,4,1,1,1,4,4,3,4,3,3,3,2,2,3,4,3,1,3,4,3,1,2,4,4,4,3,3,2,1,4,2,1,2,3,1,2,1,1,2,4,2,4,2,1,2,1,3,1,3,4,2,3,2,3,3,3,4,1,4,3,2,1,3,1,3,1,1,4,2,4,1,1,2,3,1,4,4,2,1,3,4,3,2,3,2,4,2,1,3,4,1,3,2,2,3,2,3,1,3,4,4,2,3,1,2,2,1,4,1,1,1,1,3,1,4,1,4,3,2,4,3,1,3,1,4,1,3,4,1,1,1,2,2,3,3,1,4,2,1,4,3,2,1,2,2,1,4,3,2,1,2,2,3,4,2,3,1,1,1,3,2,1,3,4,3,3,4,3,1,2,3,3,1,1,4,3,3,3,2,3,1,3,1,1,1,2,3,1,3,2,3,4,1,2,1,1,4,3,4,1,4,2,1,1,3,2,2,3,3,3,4,3,4,4,2,1,2,1,2,3,4,4,4,2,3,2,1,3,1,4,4,4,4,1,1,1,1,1,4,4,4,2,4,2,1,3,3,2,4,2,1,1,3,4,2,2,1,1,4,2,1,1,2,2,4,2,2,3,4,2,1,1,1,3,1,2,2,2,2,4,1,2,4,2,4,2,3,3,2,1,1,4,4,4,3,1,3,4,4,2,2,2,3,1,4,1,3,1,1,2,2,2,1,4,1,2,2,4,4,2,2,3,3,4,4,3,1,1,3,1,2,1,4,3,1,1,2,2,3,4,4,2,1,2,1,2,2,3,2,1,1,3,1,3,1,3,1,1,4,3,2,1,1,3,2,2,4,4,2,3,3,1,4,4,4,2,3,2,3,4,3,3,4,3,2,1,1,1,2,3,2,3,4,3,1,4,3,4,3,2,3,1,2,2,1,1,1,4,3,2,2,4,3,1,4,3,3,2,2,3,4,2,3,3,2,2,2,2,4,1,2,4,3,1,2,3,4,4,1,1,3,1,3,2,3,2,1,1,1,3,4,4,2,1,1,2,3,2,2,2,2,3,3,3,1,1,2,2,2,4,2,4,1,3,1,2,3,4,3,3,2,4,3,4,3,1,3,2,2,2,4,1,4,3,4,4,2,3,4,4,2,2,2,3,3,2,1,4,2,2,3,1,1,4,2,2,4,1,1,2,2,3,2,1,2,2,4,1,1,1,1,3,4,1,4,3,3,1,2,1,4,1,1,2,3,4,3,2,1,3,1,1,3,4,2,4,3,2,1,1,1,1,1,1,2,3,4,2,4,3,4,3,1,2,2,3,1,3,1,3,3,1,2,1,3,3,2,1,2,4,4,4,4,1,4,2,4,4,3,2,2,2,4,2,2,3,2,4,2,3,2,4,2,2,2,4,3,1,4,4,1,2,1,1,1,2,3,1,1,3,3,3,4,3,4,3,3,3,4,1,3,3,4,1,4,1,3,4,1,4,2,2,3,4,4,3,2,3,2,2,3,4,3,1,2,4,3,3,4,2,1,1,3,1,4,3,1,3,2,1,4,1,1,3,3,2,3,3,1,3,2,4,2,2,1,1,2,1,1,4,4,1,2,1,2,2,2,3,4,1,2,4,1,1,3,4,2,2,4,3,4,2,3,1,4,3,3,2,1,1,4,3,2,2,3,1,4,1,3,1,1,4,1,4,4,3,4,3,2,3,2,1,2,2,2,1,1,1,2,3,4,1,1,3,3,3,1,4,2,3,4,1,2,3,2,1,3,4,4,2,4,4,1,1,4,2,4,1,2,2,3,3,4,3,1,2,1,3,1,2,3,1,1,3,2,4,1,2,3,1,2,2,2,2,1,2,1,3,4,1,3,2,3,2,1,2,1,1,1,4,3,4,2,2,1,1,1,2,2,2,4,4,2,1,4,4,1,3,3,2,4,3,3,3,1,1,1,2,2,3,3,4,1,1,1,2,3,2,2,4,1,2,3,3,1,2,2,3,1,3,1,1,3,2,2,1,3,2,4,2,1,2,3,4,4,2,1,2,2,4,3,4,1,4,3,1,1,2,3,4,1,3,3,1,3,2,1,3,2,3,3,2,2,2,3,3,1,3,1,4,1,1,4,1,1,4,4,2,1,2,4,1,2,4,2,1,4,1,4,1,2,1,2,1,3,2,1,1,1,3,4,1,3,1,2,2,1,2,4,1,4,1,2,3,1,2,2,3,1,3,3,1,3,4"
136,0.9886279079380575,0.5196078431372549,2329.0,"2,2,3,4,1,1,4,1,1,2,4,1,1,4,2,2,3,4,1,1,4,4,4,2,1,1,4,3,1,2,2,2,3,3,3,3,1,2,1,3,2,3,4,4,4,3,1,4,4,3,4,1,3,2,1,1,2,1,1,4,3,1,1,3,4,1,4,2,3,1,1,2,4,4,3,1,3,2,4,2,3,1,1,3,1,3,3,3,4,1,2,1,3,4,4,2,4,4,2,2,4,3,3,3,3,4,3,1,2,1,1,2,2,2,4,1,4,2,3,2,1,3,4,4,4,4,1,2,1,3,1,2,2,2,3,2,1,4,2,1,4,2,1,1,3,3,2,1,2,2,4,1,1,2,2,2,4,1,2,1,3,2,3,2,2,3,1,2,1,1,3,4,2,3,3,1,2,2,2,2,3,3,3,4,2,4,4,3,2,2,2,4,1,2,1,1,2,2,3,2,1,4,3,4,3,4,2,1,3,3,1,2,1,1,3,3,2,2,2,2,1,2,4,4,3,3,1,3,1,4,3,1,3,3,3,1,2,4,1,3,1,1,4,2,1,2,4,2,3,3,1,3,2,1,1,2,1,4,2,2,1,2,1,3,2,3,2,1,4,3,4,4,2,2,2,3,2,4,2,2,1,4,2,3,2,1,1,3,3,1,2,1,4,4,3,1,3,4,1,4,1,2,4,1,2,1,4,1,4,4,4,2,2,4,4,2,2,3,2,3,4,3,4,1,2,4,1,2,4,1,1,2,3,3,3,4,2,3,1,1,1,4,3,3,2,2,1,2,4,1,3,4,3,4,1,2,2,2,2,1,2,3,2,4,3,3,1,2,2,1,4,1,4,2,1,2,4,1,1,4,4,3,2,2,1,1,3,4,3,3,4,2,4,1,1,3,2,2,3,3,2,4,1,3,2,3,1,2,3,3,1,4,3,3,1,1,4,2,1,4,1,4,1,3,2,3,2,4,3,3,4,1,3,2,3,3,2,1,3,3,2,1,4,3,4,3,1,3,1,3,4,3,4,2,2,3,4,2,3,3,2,4,1,3,1,2,3,2,1,3,2,4,4,3,2,4,3,2,2,3,4,2,4,4,3,4,3,2,4,2,1,2,1,3,3,1,1,3,3,2,3,3,4,1,2,1,3,3,2,1,3,1,2,1,1,2,4,2,3,1,1,1,4,4,1,4,2,2,1,4,2,4,2,2,2,1,4,2,3,3,2,4,1,1,1,2,1,1,2,2,2,2,1,3,4,1,3,4,3,2,1,4,3,1,1,2,2,3,3,2,2,1,4,1,1,1,2,4,2,1,2,4,2,3,3,2,1,1,4,1,3,4,1,4,3,2,2,1,4,2,3,2,3,1,1,2,2,3,3,3,2,2,3,1,2,3,2,4,1,1,3,3,2,1,3,3,1,3,1,3,2,3,1,1,3,2,1,1,1,2,4,3,2,4,3,2,4,3,3,2,4,2,4,1,1,3,3,3,3,4,4,3,4,1,1,4,2,1,2,1,4,4,3,3,1,2,2,2,1,2,4,2,1,3,3,4,1,4,1,1,3,2,1,4,3,1,4,1,1,1,4,4,3,4,3,3,3,2,2,3,4,3,1,3,4,3,1,2,4,4,4,3,3,2,1,4,2,1,2,3,1,2,1,1,2,4,2,4,2,1,2,1,3,1,3,4,2,3,2,3,3,3,4,1,4,3,2,1,3,1,3,1,1,4,2,4,1,1,2,3,1,4,4,2,1,3,4,3,2,3,2,4,2,1,3,4,1,3,2,2,3,2,3,1,3,4,4,2,3,1,2,2,1,4,1,1,1,1,3,1,4,1,4,3,2,4,3,1,3,1,4,1,3,4,1,1,1,2,2,3,3,1,4,2,1,4,3,2,1,2,2,1,4,3,2,1,2,2,3,4,2,3,1,1,1,3,2,1,3,4,3,3,4,3,1,2,3,3,1,1,4,3,3,3,2,3,1,3,1,1,1,2,3,1,3,2,3,4,1,2,1,1,4,3,4,1,4,2,1,1,3,2,2,3,3,3,4,3,4,4,2,1,2,1,2,3,4,4,4,2,3,2,1,3,1,4,4,4,4,1,1,1,1,1,4,4,4,2,4,2,1,3,3,2,4,2,1,1,3,4,2,2,1,1,4,2,1,1,2,2,4,2,2,3,4,2,1,1,1,3,1,2,2,2,2,4,1,2,4,2,4,2,3,3,2,1,1,4,4,4,3,1,3,4,4,2,2,2,3,1,4,1,3,1,1,2,2,2,1,4,1,2,2,4,4,2,2,3,3,4,4,3,1,1,3,1,2,1,4,3,1,1,2,2,3,4,4,2,1,2,1,2,2,3,2,1,1,3,1,3,1,3,1,1,4,3,2,1,1,3,2,2,4,4,2,3,3,1,4,4,4,2,3,2,3,4,3,3,4,3,2,1,1,1,2,3,2,3,4,3,1,4,3,4,3,2,3,1,2,2,1,1,1,4,3,2,2,4,3,1,4,3,3,2,2,3,4,2,3,3,2,2,2,2,4,1,2,4,3,1,2,3,4,4,1,1,3,1,3,2,3,2,1,1,1,3,4,4,2,1,1,2,3,2,2,2,2,3,3,3,1,1,2,2,2,4,2,4,1,3,1,2,3,4,3,3,2,4,3,4,3,1,3,2,2,2,4,1,4,3,4,4,2,3,4,4,2,2,2,3,3,2,1,4,2,2,3,1,1,4,2,2,4,1,1,2,2,3,2,1,2,2,4,1,1,1,1,3,4,1,4,3,3,1,2,1,4,1,1,2,3,4,3,2,1,3,1,1,3,4,2,4,3,2,1,1,1,1,1,1,2,3,4,2,4,3,4,3,1,2,2,3,1,3,1,3,3,1,2,1,3,3,2,1,2,4,4,4,4,1,4,2,4,4,3,2,2,2,4,2,2,3,2,4,2,3,2,4,2,2,2,4,3,1,4,4,1,2,1,1,1,2,3,1,1,3,3,3,4,3,4,3,3,3,4,1,3,3,4,1,4,1,3,4,1,4,2,2,3,4,4,3,2,3,2,2,3,4,3,1,2,4,3,3,4,2,1,1,3,1,4,3,1,3,2,1,4,1,1,3,3,2,3,3,1,3,2,4,2,2,1,1,2,1,1,4,4,1,2,1,2,2,2,3,4,1,2,4,1,1,3,4,2,2,4,3,4,2,3,1,4,3,3,2,1,1,4,3,2,2,3,1,4,1,3,1,1,4,1,4,4,3,4,3,2,3,2,1,2,2,2,1,1,1,2,3,4,1,1,3,3,3,1,4,2,3,4,1,2,3,2,1,3,4,4,2,4,4,1,1,4,2,4,1,2,2,3,3,4,3,1,2,1,3,1,2,3,1,1,3,2,4,1,2,3,1,2,2,2,2,1,2,1,3,4,1,3,2,3,2,1,2,1,1,1,4,3,4,2,2,1,1,1,2,2,2,4,4,2,1,4,4,1,3,3,2,4,3,3,3,1,1,1,2,2,3,3,4,1,1,1,2,3,2,2,4,1,2,3,3,1,2,2,3,1,3,1,1,3,2,2,1,3,2,4,2,1,2,3,4,4,2,1,2,2,4,3,4,1,4,3,1,1,2,3,4,1,3,3,1,3,2,1,3,2,3,3,2,2,2,3,3,1,3,1,4,1,1,4,1,1,4,4,2,1,2,4,1,2,4,2,1,4,1,4,1,2,1,2,1,3,2,1,1,1,3,4,1,3,1,2,2,1,2,4,1,4,1,2,3,1,2,2,3,1,3,3,1,3,4"
137,0.9886279079380575,0.5196078431372549,2329.0,"2,2,3,4,1,1,4,1,1,2,4,1,1,4,2,2,3,4,1,1,4,4,4,2,1,1,4,3,1,2,2,2,3,3,3,3,1,2,1,3,2,3,4,4,4,3,1,4,4,3,4,1,3,2,1,1,2,1,1,4,3,1,1,3,4,1,4,2,3,1,1,2,4,4,3,1,3,2,4,2,3,1,1,3,1,3,3,3,4,1,2,1,3,4,4,2,4,4,2,2,4,3,3,3,3,4,3,1,2,1,1,2,2,2,4,1,4,2,3,2,1,3,4,4,4,4,1,2,1,3,1,2,2,2,3,2,1,4,2,1,4,2,1,1,3,3,2,1,2,2,4,1,1,2,2,2,4,1,2,1,3,2,3,2,2,3,1,2,1,1,3,4,2,3,3,1,2,2,2,2,3,3,3,4,2,4,4,3,2,2,2,4,1,2,1,1,2,2,3,2,1,4,3,4,3,4,2,1,3,3,1,2,1,1,3,3,2,2,2,2,1,2,4,4,3,3,1,3,1,4,3,1,3,3,3,1,2,4,1,3,1,1,4,2,1,2,4,2,3,3,1,3,2,1,1,2,1,4,2,2,1,2,1,3,2,3,2,1,4,3,4,4,2,2,2,3,2,4,2,2,1,4,2,3,2,1,1,3,3,1,2,1,4,4,3,1,3,4,1,4,1,2,4,1,2,1,4,1,4,4,4,2,2,4,4,2,2,3,2,3,4,3,4,1,2,4,1,2,4,1,1,2,3,3,3,4,2,3,1,1,1,4,3,3,2,2,1,2,4,1,3,4,3,4,1,2,2,2,2,1,2,3,2,4,3,3,1,2,2,1,4,1,4,2,1,2,4,1,1,4,4,3,2,2,1,1,3,4,3,3,4,2,4,1,1,3,2,2,3,3,2,4,1,3,2,3,1,2,3,3,1,4,3,3,1,1,4,2,1,4,1,4,1,3,2,3,2,4,3,3,4,1,3,2,3,3,2,1,3,3,2,1,4,3,4,3,1,3,1,3,4,3,4,2,2,3,4,2,3,3,2,4,1,3,1,2,3,2,1,3,2,4,4,3,2,4,3,2,2,3,4,2,4,4,3,4,3,2,4,2,1,2,1,3,3,1,1,3,3,2,3,3,4,1,2,1,3,3,2,1,3,1,2,1,1,2,4,2,3,1,1,1,4,4,1,4,2,2,1,4,2,4,2,2,2,1,4,2,3,3,2,4,1,1,1,2,1,1,2,2,2,2,1,3,4,1,3,4,3,2,1,4,3,1,1,2,2,3,3,2,2,1,4,1,1,1,2,4,2,1,2,4,2,3,3,2,1,1,4,1,3,4,1,4,3,2,2,1,4,2,3,2,3,1,1,2,2,3,3,3,2,2,3,1,2,3,2,4,1,1,3,3,2,1,3,3,1,3,1,3,2,3,1,1,3,2,1,1,1,2,4,3,2,4,3,2,4,3,3,2,4,2,4,1,1,3,3,3,3,4,4,3,4,1,1,4,2,1,2,1,4,4,3,3,1,2,2,2,1,2,4,2,1,3,3,4,1,4,1,1,3,2,1,4,3,1,4,1,1,1,4,4,3,4,3,3,3,2,2,3,4,3,1,3,4,3,1,2,4,4,4,3,3,2,1,4,2,1,2,3,1,2,1,1,2,4,2,4,2,1,2,1,3,1,3,4,2,3,2,3,3,3,4,1,4,3,2,1,3,1,3,1,1,4,2,4,1,1,2,3,1,4,4,2,1,3,4,3,2,3,2,4,2,1,3,4,1,3,2,2,3,2,3,1,3,4,4,2,3,1,2,2,1,4,1,1,1,1,3,1,4,1,4,3,2,4,3,1,3,1,4,1,3,4,1,1,1,2,2,3,3,1,4,2,1,4,3,2,1,2,2,1,4,3,2,1,2,2,3,4,2,3,1,1,1,3,2,1,3,4,3,3,4,3,1,2,3,3,1,1,4,3,3,3,2,3,1,3,1,1,1,2,3,1,3,2,3,4,1,2,1,1,4,3,4,1,4,2,1,1,3,2,2,3,3,3,4,3,4,4,2,1,2,1,2,3,4,4,4,2,3,2,1,3,1,4,4,4,4,1,1,1,1,1,4,4,4,2,4,2,1,3,3,2,4,2,1,1,3,4,2,2,1,1,4,2,1,1,2,2,4,2,2,3,4,2,1,1,1,3,1,2,2,2,2,4,1,2,4,2,4,2,3,3,2,1,1,4,4,4,3,1,3,4,4,2,2,2,3,1,4,1,3,1,1,2,2,2,1,4,1,2,2,4,4,2,2,3,3,4,4,3,1,1,3,1,2,1,4,3,1,1,2,2,3,4,4,2,1,2,1,2,2,3,2,1,1,3,1,3,1,3,1,1,4,3,2,1,1,3,2,2,4,4,2,3,3,1,4,4,4,2,3,2,3,4,3,3,4,3,2,1,1,1,2,3,2,3,4,3,1,4,3,4,3,2,3,1,2,2,1,1,1,4,3,2,2,4,3,1,4,3,3,2,2,3,4,2,3,3,2,2,2,2,4,1,2,4,3,1,2,3,4,4,1,1,3,1,3,2,3,2,1,1,1,3,4,4,2,1,1,2,3,2,2,2,2,3,3,3,1,1,2,2,2,4,2,4,1,3,1,2,3,4,3,3,2,4,3,4,3,1,3,2,2,2,4,1,4,3,4,4,2,3,4,4,2,2,2,3,3,2,1,4,2,2,3,1,1,4,2,2,4,1,1,2,2,3,2,1,2,2,4,1,1,1,1,3,4,1,4,3,3,1,2,1,4,1,1,2,3,4,3,2,1,3,1,1,3,4,2,4,3,2,1,1,1,1,1,1,2,3,4,2,4,3,4,3,1,2,2,3,1,3,1,3,3,1,2,1,3,3,2,1,2,4,4,4,4,1,4,2,4,4,3,2,2,2,4,2,2,3,2,4,2,3,2,4,2,2,2,4,3,1,4,4,1,2,1,1,1,2,3,1,1,3,3,3,4,3,4,3,3,3,4,1,3,3,4,1,4,1,3,4,1,4,2,2,3,4,4,3,2,3,2,2,3,4,3,1,2,4,3,3,4,2,1,1,3,1,4,3,1,3,2,1,4,1,1,3,3,2,3,3,1,3,2,4,2,2,1,1,2,1,1,4,4,1,2,1,2,2,2,3,4,1,2,4,1,1,3,4,2,2,4,3,4,2,3,1,4,3,3,2,1,1,4,3,2,2,3,1,4,1,3,1,1,4,1,4,4,3,4,3,2,3,2,1,2,2,2,1,1,1,2,3,4,1,1,3,3,3,1,4,2,3,4,1,2,3,2,1,3,4,4,2,4,4,1,1,4,2,4,1,2,2,3,3,4,3,1,2,1,3,1,2,3,1,1,3,2,4,1,2,3,1,2,2,2,2,1,2,1,3,4,1,3,2,3,2,1,2,1,1,1,4,3,4,2,2,1,1,1,2,2,2,4,4,2,1,4,4,1,3,3,2,4,3,3,3,1,1,1,2,2,3,3,4,1,1,1,2,3,2,2,4,1,2,3,3,1,2,2,3,1,3,1,1,3,2,2,1,3,2,4,2,1,2,3,4,4,2,1,2,2,4,3,4,1,4,3,1,1,2,3,4,1,3,3,1,3,2,1,3,2,3,3,2,2,2,3,3,1,3,1,4,1,1,4,1,1,4,4,2,1,2,4,1,2,4,2,1,4,1,4,1,2,1,2,1,3,2,1,1,1,3,4,1,3,1,2,2,1,2,4,1,4,1,2,3,1,2,2,3,1,3,3,1,3,4"
138,0.9886279079380575,0.5196078431372549,2329.0,"2,2,3,4,1,1,4,1,1,2,4,1,1,4,2,2,3,4,1,1,4,4,4,2,1,1,4,3,1,2,2,2,3,3,3,3,1,2,1,3,2,3,4,4,4,3,1,4,4,3,4,1,3,2,1,1,2,1,1,4,3,1,1,3,4,1,4,2,3,1,1,2,4,4,3,1,3,2,4,2,3,1,1,3,1,3,3,3,4,1,2,1,3,4,4,2,4,4,2,2,4,3,3,3,3,4,3,1,2,1,1,2,2,2,4,1,4,2,3,2,1,3,4,4,4,4,1,2,1,3,1,2,2,2,3,2,1,4,2,1,4,2,1,1,3,3,2,1,2,2,4,1,1,2,2,2,4,1,2,1,3,2,3,2,2,3,1,2,1,1,3,4,2,3,3,1,2,2,2,2,3,3,3,4,2,4,4,3,2,2,2,4,1,2,1,1,2,2,3,2,1,4,3,4,3,4,2,1,3,3,1,2,1,1,3,3,2,2,2,2,1,2,4,4,3,3,1,3,1,4,3,1,3,3,3,1,2,4,1,3,1,1,4,2,1,2,4,2,3,3,1,3,2,1,1,2,1,4,2,2,1,2,1,3,2,3,2,1,4,3,4,4,2,2,2,3,2,4,2,2,1,4,2,3,2,1,1,3,3,1,2,1,4,4,3,1,3,4,1,4,1,2,4,1,2,1,4,1,4,4,4,2,2,4,4,2,2,3,2,3,4,3,4,1,2,4,1,2,4,1,1,2,3,3,3,4,2,3,1,1,1,4,3,3,2,2,1,2,4,1,3,4,3,4,1,2,2,2,2,1,2,3,2,4,3,3,1,2,2,1,4,1,4,2,1,2,4,1,1,4,4,3,2,2,1,1,3,4,3,3,4,2,4,1,1,3,2,2,3,3,2,4,1,3,2,3,1,2,3,3,1,4,3,3,1,1,4,2,1,4,1,4,1,3,2,3,2,4,3,3,4,1,3,2,3,3,2,1,3,3,2,1,4,3,4,3,1,3,1,3,4,3,4,2,2,3,4,2,3,3,2,4,1,3,1,2,3,2,1,3,2,4,4,3,2,4,3,2,2,3,4,2,4,4,3,4,3,2,4,2,1,2,1,3,3,1,1,3,3,2,3,3,4,1,2,1,3,3,2,1,3,1,2,1,1,2,4,2,3,1,1,1,4,4,1,4,2,2,1,4,2,4,2,2,2,1,4,2,3,3,2,4,1,1,1,2,1,1,2,2,2,2,1,3,4,1,3,4,3,2,1,4,3,1,1,2,2,3,3,2,2,1,4,1,1,1,2,4,2,1,2,4,2,3,3,2,1,1,4,1,3,4,1,4,3,2,2,1,4,2,3,2,3,1,1,2,2,3,3,3,2,2,3,1,2,3,2,4,1,1,3,3,2,1,3,3,1,3,1,3,2,3,1,1,3,2,1,1,1,2,4,3,2,4,3,2,4,3,3,2,4,2,4,1,1,3,3,3,3,4,4,3,4,1,1,4,2,1,2,1,4,4,3,3,1,2,2,2,1,2,4,2,1,3,3,4,1,4,1,1,3,2,1,4,3,1,4,1,1,1,4,4,3,4,3,3,3,2,2,3,4,3,1,3,4,3,1,2,4,4,4,3,3,2,1,4,2,1,2,3,1,2,1,1,2,4,2,4,2,1,2,1,3,1,3,4,2,3,2,3,3,3,4,1,4,3,2,1,3,1,3,1,1,4,2,4,1,1,2,3,1,4,4,2,1,3,4,3,2,3,2,4,2,1,3,4,1,3,2,2,3,2,3,1,3,4,4,2,3,1,2,2,1,4,1,1,1,1,3,1,4,1,4,3,2,4,3,1,3,1,4,1,3,4,1,1,1,2,2,3,3,1,4,2,1,4,3,2,1,2,2,1,4,3,2,1,2,2,3,4,2,3,1,1,1,3,2,1,3,4,3,3,4,3,1,2,3,3,1,1,4,3,3,3,2,3,1,3,1,1,1,2,3,1,3,2,3,4,1,2,1,1,4,3,4,1,4,2,1,1,3,2,2,3,3,3,4,3,4,4,2,1,2,1,2,3,4,4,4,2,3,2,1,3,1,4,4,4,4,1,1,1,1,1,4,4,4,2,4,2,1,3,3,2,4,2,1,1,3,4,2,2,1,1,4,2,1,1,2,2,4,2,2,3,4,2,1,1,1,3,1,2,2,2,2,4,1,2,4,2,4,2,3,3,2,1,1,4,4,4,3,1,3,4,4,2,2,2,3,1,4,1,3,1,1,2,2,2,1,4,1,2,2,4,4,2,2,3,3,4,4,3,1,1,3,1,2,1,4,3,1,1,2,2,3,4,4,2,1,2,1,2,2,3,2,1,1,3,1,3,1,3,1,1,4,3,2,1,1,3,2,2,4,4,2,3,3,1,4,4,4,2,3,2,3,4,3,3,4,3,2,1,1,1,2,3,2,3,4,3,1,4,3,4,3,2,3,1,2,2,1,1,1,4,3,2,2,4,3,1,4,3,3,2,2,3,4,2,3,3,2,2,2,2,4,1,2,4,3,1,2,3,4,4,1,1,3,1,3,2,3,2,1,1,1,3,4,4,2,1,1,2,3,2,2,2,2,3,3,3,1,1,2,2,2,4,2,4,1,3,1,2,3,4,3,3,2,4,3,4,3,1,3,2,2,2,4,1,4,3,4,4,2,3,4,4,2,2,2,3,3,2,1,4,2,2,3,1,1,4,2,2,4,1,1,2,2,3,2,1,2,2,4,1,1,1,1,3,4,1,4,3,3,1,2,1,4,1,1,2,3,4,3,2,1,3,1,1,3,4,2,4,3,2,1,1,1,1,1,1,2,3,4,2,4,3,4,3,1,2,2,3,1,3,1,3,3,1,2,1,3,3,2,1,2,4,4,4,4,1,4,2,4,4,3,2,2,2,4,2,2,3,2,4,2,3,2,4,2,2,2,4,3,1,4,4,1,2,1,1,1,2,3,1,1,3,3,3,4,3,4,3,3,3,4,1,3,3,4,1,4,1,3,4,1,4,2,2,3,4,4,3,2,3,2,2,3,4,3,1,2,4,3,3,4,2,1,1,3,1,4,3,1,3,2,1,4,1,1,3,3,2,3,3,1,3,2,4,2,2,1,1,2,1,1,4,4,1,2,1,2,2,2,3,4,1,2,4,1,1,3,4,2,2,4,3,4,2,3,1,4,3,3,2,1,1,4,3,2,2,3,1,4,1,3,1,1,4,1,4,4,3,4,3,2,3,2,1,2,2,2,1,1,1,2,3,4,1,1,3,3,3,1,4,2,3,4,1,2,3,2,1,3,4,4,2,4,4,1,1,4,2,4,1,2,2,3,3,4,3,1,2,1,3,1,2,3,1,1,3,2,4,1,2,3,1,2,2,2,2,1,2,1,3,4,1,3,2,3,2,1,2,1,1,1,4,3,4,2,2,1,1,1,2,2,2,4,4,2,1,4,4,1,3,3,2,4,3,3,3,1,1,1,2,2,3,3,4,1,1,1,2,3,2,2,4,1,2,3,3,1,2,2,3,1,3,1,1,3,2,2,1,3,2,4,2,1,2,3,4,4,2,1,2,2,4,3,4,1,4,3,1,1,2,3,4,1,3,3,1,3,2,1,3,2,3,3,2,2,2,3,3,1,3,1,4,1,1,4,1,1,4,4,2,1,2,4,1,2,4,2,1,4,1,4,1,2,1,2,1,3,2,1,1,1,3,4,1,3,1,2,2,1,2,4,1,4,1,2,3,1,2,2,3,1,3,3,1,3,4"
139,0.9886279079380575,0.5196078431372549,2329.0,"2,2,3,4,1,1,4,1,1,2,4,1,1,4,2,2,3,4,1,1,4,4,4,2,1,1,4,3,1,2,2,2,3,3,3,3,1,2,1,3,2,3,4,4,4,3,1,4,4,3,4,1,3,2,1,1,2,1,1,4,3,1,1,3,4,1,4,2,3,1,1,2,4,4,3,1,3,2,4,2,3,1,1,3,1,3,3,3,4,1,2,1,3,4,4,2,4,4,2,2,4,3,3,3,3,4,3,1,2,1,1,2,2,2,4,1,4,2,3,2,1,3,4,4,4,4,1,2,1,3,1,2,2,2,3,2,1,4,2,1,4,2,1,1,3,3,2,1,2,2,4,1,1,2,2,2,4,1,2,1,3,2,3,2,2,3,1,2,1,1,3,4,2,3,3,1,2,2,2,2,3,3,3,4,2,4,4,3,2,2,2,4,1,2,1,1,2,2,3,2,1,4,3,4,3,4,2,1,3,3,1,2,1,1,3,3,2,2,2,2,1,2,4,4,3,3,1,3,1,4,3,1,3,3,3,1,2,4,1,3,1,1,4,2,1,2,4,2,3,3,1,3,2,1,1,2,1,4,2,2,1,2,1,3,2,3,2,1,4,3,4,4,2,2,2,3,2,4,2,2,1,4,2,3,2,1,1,3,3,1,2,1,4,4,3,1,3,4,1,4,1,2,4,1,2,1,4,1,4,4,4,2,2,4,4,2,2,3,2,3,4,3,4,1,2,4,1,2,4,1,1,2,3,3,3,4,2,3,1,1,1,4,3,3,2,2,1,2,4,1,3,4,3,4,1,2,2,2,2,1,2,3,2,4,3,3,1,2,2,1,4,1,4,2,1,2,4,1,1,4,4,3,2,2,1,1,3,4,3,3,4,2,4,1,1,3,2,2,3,3,2,4,1,3,2,3,1,2,3,3,1,4,3,3,1,1,4,2,1,4,1,4,1,3,2,3,2,4,3,3,4,1,3,2,3,3,2,1,3,3,2,1,4,3,4,3,1,3,1,3,4,3,4,2,2,3,4,2,3,3,2,4,1,3,1,2,3,2,1,3,2,4,4,3,2,4,3,2,2,3,4,2,4,4,3,4,3,2,4,2,1,2,1,3,3,1,1,3,3,2,3,3,4,1,2,1,3,3,2,1,3,1,2,1,1,2,4,2,3,1,1,1,4,4,1,4,2,2,1,4,2,4,2,2,2,1,4,2,3,3,2,4,1,1,1,2,1,1,2,2,2,2,1,3,4,1,3,4,3,2,1,4,3,1,1,2,2,3,3,2,2,1,4,1,1,1,2,4,2,1,2,4,2,3,3,2,1,1,4,1,3,4,1,4,3,2,2,1,4,2,3,2,3,1,1,2,2,3,3,3,2,2,3,1,2,3,2,4,1,1,3,3,2,1,3,3,1,3,1,3,2,3,1,1,3,2,1,1,1,2,4,3,2,4,3,2,4,3,3,2,4,2,4,1,1,3,3,3,3,4,4,3,4,1,1,4,2,1,2,1,4,4,3,3,1,2,2,2,1,2,4,2,1,3,3,4,1,4,1,1,3,2,1,4,3,1,4,1,1,1,4,4,3,4,3,3,3,2,2,3,4,3,1,3,4,3,1,2,4,4,4,3,3,2,1,4,2,1,2,3,1,2,1,1,2,4,2,4,2,1,2,1,3,1,3,4,2,3,2,3,3,3,4,1,4,3,2,1,3,1,3,1,1,4,2,4,1,1,2,3,1,4,4,2,1,3,4,3,2,3,2,4,2,1,3,4,1,3,2,2,3,2,3,1,3,4,4,2,3,1,2,2,1,4,1,1,1,1,3,1,4,1,4,3,2,4,3,1,3,1,4,1,3,4,1,1,1,2,2,3,3,1,4,2,1,4,3,2,1,2,2,1,4,3,2,1,2,2,3,4,2,3,1,1,1,3,2,1,3,4,3,3,4,3,1,2,3,3,1,1,4,3,3,3,2,3,1,3,1,1,1,2,3,1,3,2,3,4,1,2,1,1,4,3,4,1,4,2,1,1,3,2,2,3,3,3,4,3,4,4,2,1,2,1,2,3,4,4,4,2,3,2,1,3,1,4,4,4,4,1,1,1,1,1,4,4,4,2,4,2,1,3,3,2,4,2,1,1,3,4,2,2,1,1,4,2,1,1,2,2,4,2,2,3,4,2,1,1,1,3,1,2,2,2,2,4,1,2,4,2,4,2,3,3,2,1,1,4,4,4,3,1,3,4,4,2,2,2,3,1,4,1,3,1,1,2,2,2,1,4,1,2,2,4,4,2,2,3,3,4,4,3,1,1,3,1,2,1,4,3,1,1,2,2,3,4,4,2,1,2,1,2,2,3,2,1,1,3,1,3,1,3,1,1,4,3,2,1,1,3,2,2,4,4,2,3,3,1,4,4,4,2,3,2,3,4,3,3,4,3,2,1,1,1,2,3,2,3,4,3,1,4,3,4,3,2,3,1,2,2,1,1,1,4,3,2,2,4,3,1,4,3,3,2,2,3,4,2,3,3,2,2,2,2,4,1,2,4,3,1,2,3,4,4,1,1,3,1,3,2,3,2,1,1,1,3,4,4,2,1,1,2,3,2,2,2,2,3,3,3,1,1,2,2,2,4,2,4,1,3,1,2,3,4,3,3,2,4,3,4,3,1,3,2,2,2,4,1,4,3,4,4,2,3,4,4,2,2,2,3,3,2,1,4,2,2,3,1,1,4,2,2,4,1,1,2,2,3,2,1,2,2,4,1,1,1,1,3,4,1,4,3,3,1,2,1,4,1,1,2,3,4,3,2,1,3,1,1,3,4,2,4,3,2,1,1,1,1,1,1,2,3,4,2,4,3,4,3,1,2,2,3,1,3,1,3,3,1,2,1,3,3,2,1,2,4,4,4,4,1,4,2,4,4,3,2,2,2,4,2,2,3,2,4,2,3,2,4,2,2,2,4,3,1,4,4,1,2,1,1,1,2,3,1,1,3,3,3,4,3,4,3,3,3,4,1,3,3,4,1,4,1,3,4,1,4,2,2,3,4,4,3,2,3,2,2,3,4,3,1,2,4,3,3,4,2,1,1,3,1,4,3,1,3,2,1,4,1,1,3,3,2,3,3,1,3,2,4,2,2,1,1,2,1,1,4,4,1,2,1,2,2,2,3,4,1,2,4,1,1,3,4,2,2,4,3,4,2,3,1,4,3,3,2,1,1,4,3,2,2,3,1,4,1,3,1,1,4,1,4,4,3,4,3,2,3,2,1,2,2,2,1,1,1,2,3,4,1,1,3,3,3,1,4,2,3,4,1,2,3,2,1,3,4,4,2,4,4,1,1,4,2,4,1,2,2,3,3,4,3,1,2,1,3,1,2,3,1,1,3,2,4,1,2,3,1,2,2,2,2,1,2,1,3,4,1,3,2,3,2,1,2,1,1,1,4,3,4,2,2,1,1,1,2,2,2,4,4,2,1,4,4,1,3,3,2,4,3,3,3,1,1,1,2,2,3,3,4,1,1,1,2,3,2,2,4,1,2,3,3,1,2,2,3,1,3,1,1,3,2,2,1,3,2,4,2,1,2,3,4,4,2,1,2,2,4,3,4,1,4,3,1,1,2,3,4,1,3,3,1,3,2,1,3,2,3,3,2,2,2,3,3,1,3,1,4,1,1,4,1,1,4,4,2,1,2,4,1,2,4,2,1,4,1,4,1,2,1,2,1,3,2,1,1,1,3,4,1,3,1,2,2,1,2,4,1,4,1,2,3,1,2,2,3,1,3,3,1,3,4"
140,0.9886279079380575,0.5196078431372549,2329.0,"2,2,3,4,1,1,4,1,1,2,4,1,1,4,2,2,3,4,1,1,4,4,4,2,1,1,4,3,1,2,2,2,3,3,3,3,1,2,1,3,2,3,4,4,4,3,1,4,4,3,4,1,3,2,1,1,2,1,1,4,3,1,1,3,4,1,4,2,3,1,1,2,4,4,3,1,3,2,4,2,3,1,1,3,1,3,3,3,4,1,2,1,3,4,4,2,4,4,2,2,4,3,3,3,3,4,3,1,2,1,1,2,2,2,4,1,4,2,3,2,1,3,4,4,4,4,1,2,1,3,1,2,2,2,3,2,1,4,2,1,4,2,1,1,3,3,2,1,2,2,4,1,1,2,2,2,4,1,2,1,3,2,3,2,2,3,1,2,1,1,3,4,2,3,3,1,2,2,2,2,3,3,3,4,2,4,4,3,2,2,2,4,1,2,1,1,2,2,3,2,1,4,3,4,3,4,2,1,3,3,1,2,1,1,3,3,2,2,2,2,1,2,4,4,3,3,1,3,1,4,3,1,3,3,3,1,2,4,1,3,1,1,4,2,1,2,4,2,3,3,1,3,2,1,1,2,1,4,2,2,1,2,1,3,2,3,2,1,4,3,4,4,2,2,2,3,2,4,2,2,1,4,2,3,2,1,1,3,3,1,2,1,4,4,3,1,3,4,1,4,1,2,4,1,2,1,4,1,4,4,4,2,2,4,4,2,2,3,2,3,4,3,4,1,2,4,1,2,4,1,1,2,3,3,3,4,2,3,1,1,1,4,3,3,2,2,1,2,4,1,3,4,3,4,1,2,2,2,2,1,2,3,2,4,3,3,1,2,2,1,4,1,4,2,1,2,4,1,1,4,4,3,2,2,1,1,3,4,3,3,4,2,4,1,1,3,2,2,3,3,2,4,1,3,2,3,1,2,3,3,1,4,3,3,1,1,4,2,1,4,1,4,1,3,2,3,2,4,3,3,4,1,3,2,3,3,2,1,3,3,2,1,4,3,4,3,1,3,1,3,4,3,4,2,2,3,4,2,3,3,2,4,1,3,1,2,3,2,1,3,2,4,4,3,2,4,3,2,2,3,4,2,4,4,3,4,3,2,4,2,1,2,1,3,3,1,1,3,3,2,3,3,4,1,2,1,3,3,2,1,3,1,2,1,1,2,4,2,3,1,1,1,4,4,1,4,2,2,1,4,2,4,2,2,2,1,4,2,3,3,2,4,1,1,1,2,1,1,2,2,2,2,1,3,4,1,3,4,3,2,1,4,3,1,1,2,2,3,3,2,2,1,4,1,1,1,2,4,2,1,2,4,2,3,3,2,1,1,4,1,3,4,1,4,3,2,2,1,4,2,3,2,3,1,1,2,2,3,3,3,2,2,3,1,2,3,2,4,1,1,3,3,2,1,3,3,1,3,1,3,2,3,1,1,3,2,1,1,1,2,4,3,2,4,3,2,4,3,3,2,4,2,4,1,1,3,3,3,3,4,4,3,4,1,1,4,2,1,2,1,4,4,3,3,1,2,2,2,1,2,4,2,1,3,3,4,1,4,1,1,3,2,1,4,3,1,4,1,1,1,4,4,3,4,3,3,3,2,2,3,4,3,1,3,4,3,1,2,4,4,4,3,3,2,1,4,2,1,2,3,1,2,1,1,2,4,2,4,2,1,2,1,3,1,3,4,2,3,2,3,3,3,4,1,4,3,2,1,3,1,3,1,1,4,2,4,1,1,2,3,1,4,4,2,1,3,4,3,2,3,2,4,2,1,3,4,1,3,2,2,3,2,3,1,3,4,4,2,3,1,2,2,1,4,1,1,1,1,3,1,4,1,4,3,2,4,3,1,3,1,4,1,3,4,1,1,1,2,2,3,3,1,4,2,1,4,3,2,1,2,2,1,4,3,2,1,2,2,3,4,2,3,1,1,1,3,2,1,3,4,3,3,4,3,1,2,3,3,1,1,4,3,3,3,2,3,1,3,1,1,1,2,3,1,3,2,3,4,1,2,1,1,4,3,4,1,4,2,1,1,3,2,2,3,3,3,4,3,4,4,2,1,2,1,2,3,4,4,4,2,3,2,1,3,1,4,4,4,4,1,1,1,1,1,4,4,4,2,4,2,1,3,3,2,4,2,1,1,3,4,2,2,1,1,4,2,1,1,2,2,4,2,2,3,4,2,1,1,1,3,1,2,2,2,2,4,1,2,4,2,4,2,3,3,2,1,1,4,4,4,3,1,3,4,4,2,2,2,3,1,4,1,3,1,1,2,2,2,1,4,1,2,2,4,4,2,2,3,3,4,4,3,1,1,3,1,2,1,4,3,1,1,2,2,3,4,4,2,1,2,1,2,2,3,2,1,1,3,1,3,1,3,1,1,4,3,2,1,1,3,2,2,4,4,2,3,3,1,4,4,4,2,3,2,3,4,3,3,4,3,2,1,1,1,2,3,2,3,4,3,1,4,3,4,3,2,3,1,2,2,1,1,1,4,3,2,2,4,3,1,4,3,3,2,2,3,4,2,3,3,2,2,2,2,4,1,2,4,3,1,2,3,4,4,1,1,3,1,3,2,3,2,1,1,1,3,4,4,2,1,1,2,3,2,2,2,2,3,3,3,1,1,2,2,2,4,2,4,1,3,1,2,3,4,3,3,2,4,3,4,3,1,3,2,2,2,4,1,4,3,4,4,2,3,4,4,2,2,2,3,3,2,1,4,2,2,3,1,1,4,2,2,4,1,1,2,2,3,2,1,2,2,4,1,1,1,1,3,4,1,4,3,3,1,2,1,4,1,1,2,3,4,3,2,1,3,1,1,3,4,2,4,3,2,1,1,1,1,1,1,2,3,4,2,4,3,4,3,1,2,2,3,1,3,1,3,3,1,2,1,3,3,2,1,2,4,4,4,4,1,4,2,4,4,3,2,2,2,4,2,2,3,2,4,2,3,2,4,2,2,2,4,3,1,4,4,1,2,1,1,1,2,3,1,1,3,3,3,4,3,4,3,3,3,4,1,3,3,4,1,4,1,3,4,1,4,2,2,3,4,4,3,2,3,2,2,3,4,3,1,2,4,3,3,4,2,1,1,3,1,4,3,1,3,2,1,4,1,1,3,3,2,3,3,1,3,2,4,2,2,1,1,2,1,1,4,4,1,2,1,2,2,2,3,4,1,2,4,1,1,3,4,2,2,4,3,4,2,3,1,4,3,3,2,1,1,4,3,2,2,3,1,4,1,3,1,1,4,1,4,4,3,4,3,2,3,2,1,2,2,2,1,1,1,2,3,4,1,1,3,3,3,1,4,2,3,4,1,2,3,2,1,3,4,4,2,4,4,1,1,4,2,4,1,2,2,3,3,4,3,1,2,1,3,1,2,3,1,1,3,2,4,1,2,3,1,2,2,2,2,1,2,1,3,4,1,3,2,3,2,1,2,1,1,1,4,3,4,2,2,1,1,1,2,2,2,4,4,2,1,4,4,1,3,3,2,4,3,3,3,1,1,1,2,2,3,3,4,1,1,1,2,3,2,2,4,1,2,3,3,1,2,2,3,1,3,1,1,3,2,2,1,3,2,4,2,1,2,3,4,4,2,1,2,2,4,3,4,1,4,3,1,1,2,3,4,1,3,3,1,3,2,1,3,2,3,3,2,2,2,3,3,1,3,1,4,1,1,4,1,1,4,4,2,1,2,4,1,2,4,2,1,4,1,4,1,2,1,2,1,3,2,1,1,1,3,4,1,3,1,2,2,1,2,4,1,4,1,2,3,1,2,2,3,1,3,3,1,3,4"
141,0.9886279079380575,0.5196078431372549,2329.0,"2,2,3,4,1,1,4,1,1,2,4,1,1,4,2,2,3,4,1,1,4,4,4,2,1,1,4,3,1,2,2,2,3,3,3,3,1,2,1,3,2,3,4,4,4,3,1,4,4,3,4,1,3,2,1,1,2,1,1,4,3,1,1,3,4,1,4,2,3,1,1,2,4,4,3,1,3,2,4,2,3,1,1,3,1,3,3,3,4,1,2,1,3,4,4,2,4,4,2,2,4,3,3,3,3,4,3,1,2,1,1,2,2,2,4,1,4,2,3,2,1,3,4,4,4,4,1,2,1,3,1,2,2,2,3,2,1,4,2,1,4,2,1,1,3,3,2,1,2,2,4,1,1,2,2,2,4,1,2,1,3,2,3,2,2,3,1,2,1,1,3,4,2,3,3,1,2,2,2,2,3,3,3,4,2,4,4,3,2,2,2,4,1,2,1,1,2,2,3,2,1,4,3,4,3,4,2,1,3,3,1,2,1,1,3,3,2,2,2,2,1,2,4,4,3,3,1,3,1,4,3,1,3,3,3,1,2,4,1,3,1,1,4,2,1,2,4,2,3,3,1,3,2,1,1,2,1,4,2,2,1,2,1,3,2,3,2,1,4,3,4,4,2,2,2,3,2,4,2,2,1,4,2,3,2,1,1,3,3,1,2,1,4,4,3,1,3,4,1,4,1,2,4,1,2,1,4,1,4,4,4,2,2,4,4,2,2,3,2,3,4,3,4,1,2,4,1,2,4,1,1,2,3,3,3,4,2,3,1,1,1,4,3,3,2,2,1,2,4,1,3,4,3,4,1,2,2,2,2,1,2,3,2,4,3,3,1,2,2,1,4,1,4,2,1,2,4,1,1,4,4,3,2,2,1,1,3,4,3,3,4,2,4,1,1,3,2,2,3,3,2,4,1,3,2,3,1,2,3,3,1,4,3,3,1,1,4,2,1,4,1,4,1,3,2,3,2,4,3,3,4,1,3,2,3,3,2,1,3,3,2,1,4,3,4,3,1,3,1,3,4,3,4,2,2,3,4,2,3,3,2,4,1,3,1,2,3,2,1,3,2,4,4,3,2,4,3,2,2,3,4,2,4,4,3,4,3,2,4,2,1,2,1,3,3,1,1,3,3,2,3,3,4,1,2,1,3,3,2,1,3,1,2,1,1,2,4,2,3,1,1,1,4,4,1,4,2,2,1,4,2,4,2,2,2,1,4,2,3,3,2,4,1,1,1,2,1,1,2,2,2,2,1,3,4,1,3,4,3,2,1,4,3,1,1,2,2,3,3,2,2,1,4,1,1,1,2,4,2,1,2,4,2,3,3,2,1,1,4,1,3,4,1,4,3,2,2,1,4,2,3,2,3,1,1,2,2,3,3,3,2,2,3,1,2,3,2,4,1,1,3,3,2,1,3,3,1,3,1,3,2,3,1,1,3,2,1,1,1,2,4,3,2,4,3,2,4,3,3,2,4,2,4,1,1,3,3,3,3,4,4,3,4,1,1,4,2,1,2,1,4,4,3,3,1,2,2,2,1,2,4,2,1,3,3,4,1,4,1,1,3,2,1,4,3,1,4,1,1,1,4,4,3,4,3,3,3,2,2,3,4,3,1,3,4,3,1,2,4,4,4,3,3,2,1,4,2,1,2,3,1,2,1,1,2,4,2,4,2,1,2,1,3,1,3,4,2,3,2,3,3,3,4,1,4,3,2,1,3,1,3,1,1,4,2,4,1,1,2,3,1,4,4,2,1,3,4,3,2,3,2,4,2,1,3,4,1,3,2,2,3,2,3,1,3,4,4,2,3,1,2,2,1,4,1,1,1,1,3,1,4,1,4,3,2,4,3,1,3,1,4,1,3,4,1,1,1,2,2,3,3,1,4,2,1,4,3,2,1,2,2,1,4,3,2,1,2,2,3,4,2,3,1,1,1,3,2,1,3,4,3,3,4,3,1,2,3,3,1,1,4,3,3,3,2,3,1,3,1,1,1,2,3,1,3,2,3,4,1,2,1,1,4,3,4,1,4,2,1,1,3,2,2,3,3,3,4,3,4,4,2,1,2,1,2,3,4,4,4,2,3,2,1,3,1,4,4,4,4,1,1,1,1,1,4,4,4,2,4,2,1,3,3,2,4,2,1,1,3,4,2,2,1,1,4,2,1,1,2,2,4,2,2,3,4,2,1,1,1,3,1,2,2,2,2,4,1,2,4,2,4,2,3,3,2,1,1,4,4,4,3,1,3,4,4,2,2,2,3,1,4,1,3,1,1,2,2,2,1,4,1,2,2,4,4,2,2,3,3,4,4,3,1,1,3,1,2,1,4,3,1,1,2,2,3,4,4,2,1,2,1,2,2,3,2,1,1,3,1,3,1,3,1,1,4,3,2,1,1,3,2,2,4,4,2,3,3,1,4,4,4,2,3,2,3,4,3,3,4,3,2,1,1,1,2,3,2,3,4,3,1,4,3,4,3,2,3,1,2,2,1,1,1,4,3,2,2,4,3,1,4,3,3,2,2,3,4,2,3,3,2,2,2,2,4,1,2,4,3,1,2,3,4,4,1,1,3,1,3,2,3,2,1,1,1,3,4,4,2,1,1,2,3,2,2,2,2,3,3,3,1,1,2,2,2,4,2,4,1,3,1,2,3,4,3,3,2,4,3,4,3,1,3,2,2,2,4,1,4,3,4,4,2,3,4,4,2,2,2,3,3,2,1,4,2,2,3,1,1,4,2,2,4,1,1,2,2,3,2,1,2,2,4,1,1,1,1,3,4,1,4,3,3,1,2,1,4,1,1,2,3,4,3,2,1,3,1,1,3,4,2,4,3,2,1,1,1,1,1,1,2,3,4,2,4,3,4,3,1,2,2,3,1,3,1,3,3,1,2,1,3,3,2,1,2,4,4,4,4,1,4,2,4,4,3,2,2,2,4,2,2,3,2,4,2,3,2,4,2,2,2,4,3,1,4,4,1,2,1,1,1,2,3,1,1,3,3,3,4,3,4,3,3,3,4,1,3,3,4,1,4,1,3,4,1,4,2,2,3,4,4,3,2,3,2,2,3,4,3,1,2,4,3,3,4,2,1,1,3,1,4,3,1,3,2,1,4,1,1,3,3,2,3,3,1,3,2,4,2,2,1,1,2,1,1,4,4,1,2,1,2,2,2,3,4,1,2,4,1,1,3,4,2,2,4,3,4,2,3,1,4,3,3,2,1,1,4,3,2,2,3,1,4,1,3,1,1,4,1,4,4,3,4,3,2,3,2,1,2,2,2,1,1,1,2,3,4,1,1,3,3,3,1,4,2,3,4,1,2,3,2,1,3,4,4,2,4,4,1,1,4,2,4,1,2,2,3,3,4,3,1,2,1,3,1,2,3,1,1,3,2,4,1,2,3,1,2,2,2,2,1,2,1,3,4,1,3,2,3,2,1,2,1,1,1,4,3,4,2,2,1,1,1,2,2,2,4,4,2,1,4,4,1,3,3,2,4,3,3,3,1,1,1,2,2,3,3,4,1,1,1,2,3,2,2,4,1,2,3,3,1,2,2,3,1,3,1,1,3,2,2,1,3,2,4,2,1,2,3,4,4,2,1,2,2,4,3,4,1,4,3,1,1,2,3,4,1,3,3,1,3,2,1,3,2,3,3,2,2,2,3,3,1,3,1,4,1,1,4,1,1,4,4,2,1,2,4,1,2,4,2,1,4,1,4,1,2,1,2,1,3,2,1,1,1,3,4,1,3,1,2,2,1,2,4,1,4,1,2,3,1,2,2,3,1,3,3,1,3,4"
142,0.9886279079380575,0.5196078431372549,2329.0,"2,2,3,4,1,1,4,1,1,2,4,1,1,4,2,2,3,4,1,1,4,4,4,2,1,1,4,3,1,2,2,2,3,3,3,3,1,2,1,3,2,3,4,4,4,3,1,4,4,3,4,1,3,2,1,1,2,1,1,4,3,1,1,3,4,1,4,2,3,1,1,2,4,4,3,1,3,2,4,2,3,1,1,3,1,3,3,3,4,1,2,1,3,4,4,2,4,4,2,2,4,3,3,3,3,4,3,1,2,1,1,2,2,2,4,1,4,2,3,2,1,3,4,4,4,4,1,2,1,3,1,2,2,2,3,2,1,4,2,1,4,2,1,1,3,3,2,1,2,2,4,1,1,2,2,2,4,1,2,1,3,2,3,2,2,3,1,2,1,1,3,4,2,3,3,1,2,2,2,2,3,3,3,4,2,4,4,3,2,2,2,4,1,2,1,1,2,2,3,2,1,4,3,4,3,4,2,1,3,3,1,2,1,1,3,3,2,2,2,2,1,2,4,4,3,3,1,3,1,4,3,1,3,3,3,1,2,4,1,3,1,1,4,2,1,2,4,2,3,3,1,3,2,1,1,2,1,4,2,2,1,2,1,3,2,3,2,1,4,3,4,4,2,2,2,3,2,4,2,2,1,4,2,3,2,1,1,3,3,1,2,1,4,4,3,1,3,4,1,4,1,2,4,1,2,1,4,1,4,4,4,2,2,4,4,2,2,3,2,3,4,3,4,1,2,4,1,2,4,1,1,2,3,3,3,4,2,3,1,1,1,4,3,3,2,2,1,2,4,1,3,4,3,4,1,2,2,2,2,1,2,3,2,4,3,3,1,2,2,1,4,1,4,2,1,2,4,1,1,4,4,3,2,2,1,1,3,4,3,3,4,2,4,1,1,3,2,2,3,3,2,4,1,3,2,3,1,2,3,3,1,4,3,3,1,1,4,2,1,4,1,4,1,3,2,3,2,4,3,3,4,1,3,2,3,3,2,1,3,3,2,1,4,3,4,3,1,3,1,3,4,3,4,2,2,3,4,2,3,3,2,4,1,3,1,2,3,2,1,3,2,4,4,3,2,4,3,2,2,3,4,2,4,4,3,4,3,2,4,2,1,2,1,3,3,1,1,3,3,2,3,3,4,1,2,1,3,3,2,1,3,1,2,1,1,2,4,2,3,1,1,1,4,4,1,4,2,2,1,4,2,4,2,2,2,1,4,2,3,3,2,4,1,1,1,2,1,1,2,2,2,2,1,3,4,1,3,4,3,2,1,4,3,1,1,2,2,3,3,2,2,1,4,1,1,1,2,4,2,1,2,4,2,3,3,2,1,1,4,1,3,4,1,4,3,2,2,1,4,2,3,2,3,1,1,2,2,3,3,3,2,2,3,1,2,3,2,4,1,1,3,3,2,1,3,3,1,3,1,3,2,3,1,1,3,2,1,1,1,2,4,3,2,4,3,2,4,3,3,2,4,2,4,1,1,3,3,3,3,4,4,3,4,1,1,4,2,1,2,1,4,4,3,3,1,2,2,2,1,2,4,2,1,3,3,4,1,4,1,1,3,2,1,4,3,1,4,1,1,1,4,4,3,4,3,3,3,2,2,3,4,3,1,3,4,3,1,2,4,4,4,3,3,2,1,4,2,1,2,3,1,2,1,1,2,4,2,4,2,1,2,1,3,1,3,4,2,3,2,3,3,3,4,1,4,3,2,1,3,1,3,1,1,4,2,4,1,1,2,3,1,4,4,2,1,3,4,3,2,3,2,4,2,1,3,4,1,3,2,2,3,2,3,1,3,4,4,2,3,1,2,2,1,4,1,1,1,1,3,1,4,1,4,3,2,4,3,1,3,1,4,1,3,4,1,1,1,2,2,3,3,1,4,2,1,4,3,2,1,2,2,1,4,3,2,1,2,2,3,4,2,3,1,1,1,3,2,1,3,4,3,3,4,3,1,2,3,3,1,1,4,3,3,3,2,3,1,3,1,1,1,2,3,1,3,2,3,4,1,2,1,1,4,3,4,1,4,2,1,1,3,2,2,3,3,3,4,3,4,4,2,1,2,1,2,3,4,4,4,2,3,2,1,3,1,4,4,4,4,1,1,1,1,1,4,4,4,2,4,2,1,3,3,2,4,2,1,1,3,4,2,2,1,1,4,2,1,1,2,2,4,2,2,3,4,2,1,1,1,3,1,2,2,2,2,4,1,2,4,2,4,2,3,3,2,1,1,4,4,4,3,1,3,4,4,2,2,2,3,1,4,1,3,1,1,2,2,2,1,4,1,2,2,4,4,2,2,3,3,4,4,3,1,1,3,1,2,1,4,3,1,1,2,2,3,4,4,2,1,2,1,2,2,3,2,1,1,3,1,3,1,3,1,1,4,3,2,1,1,3,2,2,4,4,2,3,3,1,4,4,4,2,3,2,3,4,3,3,4,3,2,1,1,1,2,3,2,3,4,3,1,4,3,4,3,2,3,1,2,2,1,1,1,4,3,2,2,4,3,1,4,3,3,2,2,3,4,2,3,3,2,2,2,2,4,1,2,4,3,1,2,3,4,4,1,1,3,1,3,2,3,2,1,1,1,3,4,4,2,1,1,2,3,2,2,2,2,3,3,3,1,1,2,2,2,4,2,4,1,3,1,2,3,4,3,3,2,4,3,4,3,1,3,2,2,2,4,1,4,3,4,4,2,3,4,4,2,2,2,3,3,2,1,4,2,2,3,1,1,4,2,2,4,1,1,2,2,3,2,1,2,2,4,1,1,1,1,3,4,1,4,3,3,1,2,1,4,1,1,2,3,4,3,2,1,3,1,1,3,4,2,4,3,2,1,1,1,1,1,1,2,3,4,2,4,3,4,3,1,2,2,3,1,3,1,3,3,1,2,1,3,3,2,1,2,4,4,4,4,1,4,2,4,4,3,2,2,2,4,2,2,3,2,4,2,3,2,4,2,2,2,4,3,1,4,4,1,2,1,1,1,2,3,1,1,3,3,3,4,3,4,3,3,3,4,1,3,3,4,1,4,1,3,4,1,4,2,2,3,4,4,3,2,3,2,2,3,4,3,1,2,4,3,3,4,2,1,1,3,1,4,3,1,3,2,1,4,1,1,3,3,2,3,3,1,3,2,4,2,2,1,1,2,1,1,4,4,1,2,1,2,2,2,3,4,1,2,4,1,1,3,4,2,2,4,3,4,2,3,1,4,3,3,2,1,1,4,3,2,2,3,1,4,1,3,1,1,4,1,4,4,3,4,3,2,3,2,1,2,2,2,1,1,1,2,3,4,1,1,3,3,3,1,4,2,3,4,1,2,3,2,1,3,4,4,2,4,4,1,1,4,2,4,1,2,2,3,3,4,3,1,2,1,3,1,2,3,1,1,3,2,4,1,2,3,1,2,2,2,2,1,2,1,3,4,1,3,2,3,2,1,2,1,1,1,4,3,4,2,2,1,1,1,2,2,2,4,4,2,1,4,4,1,3,3,2,4,3,3,3,1,1,1,2,2,3,3,4,1,1,1,2,3,2,2,4,1,2,3,3,1,2,2,3,1,3,1,1,3,2,2,1,3,2,4,2,1,2,3,4,4,2,1,2,2,4,3,4,1,4,3,1,1,2,3,4,1,3,3,1,3,2,1,3,2,3,3,2,2,2,3,3,1,3,1,4,1,1,4,1,1,4,4,2,1,2,4,1,2,4,2,1,4,1,4,1,2,1,2,1,3,2,1,1,1,3,4,1,3,1,2,2,1,2,4,1,4,1,2,3,1,2,2,3,1,3,3,1,3,4"
143,0.9886279079380575,0.5196078431372549,2329.0,"2,2,3,4,1,1,4,1,1,2,4,1,1,4,2,2,3,4,1,1,4,4,4,2,1,1,4,3,1,2,2,2,3,3,3,3,1,2,1,3,2,3,4,4,4,3,1,4,4,3,4,1,3,2,1,1,2,1,1,4,3,1,1,3,4,1,4,2,3,1,1,2,4,4,3,1,3,2,4,2,3,1,1,3,1,3,3,3,4,1,2,1,3,4,4,2,4,4,2,2,4,3,3,3,3,4,3,1,2,1,1,2,2,2,4,1,4,2,3,2,1,3,4,4,4,4,1,2,1,3,1,2,2,2,3,2,1,4,2,1,4,2,1,1,3,3,2,1,2,2,4,1,1,2,2,2,4,1,2,1,3,2,3,2,2,3,1,2,1,1,3,4,2,3,3,1,2,2,2,2,3,3,3,4,2,4,4,3,2,2,2,4,1,2,1,1,2,2,3,2,1,4,3,4,3,4,2,1,3,3,1,2,1,1,3,3,2,2,2,2,1,2,4,4,3,3,1,3,1,4,3,1,3,3,3,1,2,4,1,3,1,1,4,2,1,2,4,2,3,3,1,3,2,1,1,2,1,4,2,2,1,2,1,3,2,3,2,1,4,3,4,4,2,2,2,3,2,4,2,2,1,4,2,3,2,1,1,3,3,1,2,1,4,4,3,1,3,4,1,4,1,2,4,1,2,1,4,1,4,4,4,2,2,4,4,2,2,3,2,3,4,3,4,1,2,4,1,2,4,1,1,2,3,3,3,4,2,3,1,1,1,4,3,3,2,2,1,2,4,1,3,4,3,4,1,2,2,2,2,1,2,3,2,4,3,3,1,2,2,1,4,1,4,2,1,2,4,1,1,4,4,3,2,2,1,1,3,4,3,3,4,2,4,1,1,3,2,2,3,3,2,4,1,3,2,3,1,2,3,3,1,4,3,3,1,1,4,2,1,4,1,4,1,3,2,3,2,4,3,3,4,1,3,2,3,3,2,1,3,3,2,1,4,3,4,3,1,3,1,3,4,3,4,2,2,3,4,2,3,3,2,4,1,3,1,2,3,2,1,3,2,4,4,3,2,4,3,2,2,3,4,2,4,4,3,4,3,2,4,2,1,2,1,3,3,1,1,3,3,2,3,3,4,1,2,1,3,3,2,1,3,1,2,1,1,2,4,2,3,1,1,1,4,4,1,4,2,2,1,4,2,4,2,2,2,1,4,2,3,3,2,4,1,1,1,2,1,1,2,2,2,2,1,3,4,1,3,4,3,2,1,4,3,1,1,2,2,3,3,2,2,1,4,1,1,1,2,4,2,1,2,4,2,3,3,2,1,1,4,1,3,4,1,4,3,2,2,1,4,2,3,2,3,1,1,2,2,3,3,3,2,2,3,1,2,3,2,4,1,1,3,3,2,1,3,3,1,3,1,3,2,3,1,1,3,2,1,1,1,2,4,3,2,4,3,2,4,3,3,2,4,2,4,1,1,3,3,3,3,4,4,3,4,1,1,4,2,1,2,1,4,4,3,3,1,2,2,2,1,2,4,2,1,3,3,4,1,4,1,1,3,2,1,4,3,1,4,1,1,1,4,4,3,4,3,3,3,2,2,3,4,3,1,3,4,3,1,2,4,4,4,3,3,2,1,4,2,1,2,3,1,2,1,1,2,4,2,4,2,1,2,1,3,1,3,4,2,3,2,3,3,3,4,1,4,3,2,1,3,1,3,1,1,4,2,4,1,1,2,3,1,4,4,2,1,3,4,3,2,3,2,4,2,1,3,4,1,3,2,2,3,2,3,1,3,4,4,2,3,1,2,2,1,4,1,1,1,1,3,1,4,1,4,3,2,4,3,1,3,1,4,1,3,4,1,1,1,2,2,3,3,1,4,2,1,4,3,2,1,2,2,1,4,3,2,1,2,2,3,4,2,3,1,1,1,3,2,1,3,4,3,3,4,3,1,2,3,3,1,1,4,3,3,3,2,3,1,3,1,1,1,2,3,1,3,2,3,4,1,2,1,1,4,3,4,1,4,2,1,1,3,2,2,3,3,3,4,3,4,4,2,1,2,1,2,3,4,4,4,2,3,2,1,3,1,4,4,4,4,1,1,1,1,1,4,4,4,2,4,2,1,3,3,2,4,2,1,1,3,4,2,2,1,1,4,2,1,1,2,2,4,2,2,3,4,2,1,1,1,3,1,2,2,2,2,4,1,2,4,2,4,2,3,3,2,1,1,4,4,4,3,1,3,4,4,2,2,2,3,1,4,1,3,1,1,2,2,2,1,4,1,2,2,4,4,2,2,3,3,4,4,3,1,1,3,1,2,1,4,3,1,1,2,2,3,4,4,2,1,2,1,2,2,3,2,1,1,3,1,3,1,3,1,1,4,3,2,1,1,3,2,2,4,4,2,3,3,1,4,4,4,2,3,2,3,4,3,3,4,3,2,1,1,1,2,3,2,3,4,3,1,4,3,4,3,2,3,1,2,2,1,1,1,4,3,2,2,4,3,1,4,3,3,2,2,3,4,2,3,3,2,2,2,2,4,1,2,4,3,1,2,3,4,4,1,1,3,1,3,2,3,2,1,1,1,3,4,4,2,1,1,2,3,2,2,2,2,3,3,3,1,1,2,2,2,4,2,4,1,3,1,2,3,4,3,3,2,4,3,4,3,1,3,2,2,2,4,1,4,3,4,4,2,3,4,4,2,2,2,3,3,2,1,4,2,2,3,1,1,4,2,2,4,1,1,2,2,3,2,1,2,2,4,1,1,1,1,3,4,1,4,3,3,1,2,1,4,1,1,2,3,4,3,2,1,3,1,1,3,4,2,4,3,2,1,1,1,1,1,1,2,3,4,2,4,3,4,3,1,2,2,3,1,3,1,3,3,1,2,1,3,3,2,1,2,4,4,4,4,1,4,2,4,4,3,2,2,2,4,2,2,3,2,4,2,3,2,4,2,2,2,4,3,1,4,4,1,2,1,1,1,2,3,1,1,3,3,3,4,3,4,3,3,3,4,1,3,3,4,1,4,1,3,4,1,4,2,2,3,4,4,3,2,3,2,2,3,4,3,1,2,4,3,3,4,2,1,1,3,1,4,3,1,3,2,1,4,1,1,3,3,2,3,3,1,3,2,4,2,2,1,1,2,1,1,4,4,1,2,1,2,2,2,3,4,1,2,4,1,1,3,4,2,2,4,3,4,2,3,1,4,3,3,2,1,1,4,3,2,2,3,1,4,1,3,1,1,4,1,4,4,3,4,3,2,3,2,1,2,2,2,1,1,1,2,3,4,1,1,3,3,3,1,4,2,3,4,1,2,3,2,1,3,4,4,2,4,4,1,1,4,2,4,1,2,2,3,3,4,3,1,2,1,3,1,2,3,1,1,3,2,4,1,2,3,1,2,2,2,2,1,2,1,3,4,1,3,2,3,2,1,2,1,1,1,4,3,4,2,2,1,1,1,2,2,2,4,4,2,1,4,4,1,3,3,2,4,3,3,3,1,1,1,2,2,3,3,4,1,1,1,2,3,2,2,4,1,2,3,3,1,2,2,3,1,3,1,1,3,2,2,1,3,2,4,2,1,2,3,4,4,2,1,2,2,4,3,4,1,4,3,1,1,2,3,4,1,3,3,1,3,2,1,3,2,3,3,2,2,2,3,3,1,3,1,4,1,1,4,1,1,4,4,2,1,2,4,1,2,4,2,1,4,1,4,1,2,1,2,1,3,2,1,1,1,3,4,1,3,1,2,2,1,2,4,1,4,1,2,3,1,2,2,3,1,3,3,1,3,4"
144,0.9886279079380575,0.5196078431372549,2329.0,"2,2,3,4,1,1,4,1,1,2,4,1,1,4,2,2,3,4,1,1,4,4,4,2,1,1,4,3,1,2,2,2,3,3,3,3,1,2,1,3,2,3,4,4,4,3,1,4,4,3,4,1,3,2,1,1,2,1,1,4,3,1,1,3,4,1,4,2,3,1,1,2,4,4,3,1,3,2,4,2,3,1,1,3,1,3,3,3,4,1,2,1,3,4,4,2,4,4,2,2,4,3,3,3,3,4,3,1,2,1,1,2,2,2,4,1,4,2,3,2,1,3,4,4,4,4,1,2,1,3,1,2,2,2,3,2,1,4,2,1,4,2,1,1,3,3,2,1,2,2,4,1,1,2,2,2,4,1,2,1,3,2,3,2,2,3,1,2,1,1,3,4,2,3,3,1,2,2,2,2,3,3,3,4,2,4,4,3,2,2,2,4,1,2,1,1,2,2,3,2,1,4,3,4,3,4,2,1,3,3,1,2,1,1,3,3,2,2,2,2,1,2,4,4,3,3,1,3,1,4,3,1,3,3,3,1,2,4,1,3,1,1,4,2,1,2,4,2,3,3,1,3,2,1,1,2,1,4,2,2,1,2,1,3,2,3,2,1,4,3,4,4,2,2,2,3,2,4,2,2,1,4,2,3,2,1,1,3,3,1,2,1,4,4,3,1,3,4,1,4,1,2,4,1,2,1,4,1,4,4,4,2,2,4,4,2,2,3,2,3,4,3,4,1,2,4,1,2,4,1,1,2,3,3,3,4,2,3,1,1,1,4,3,3,2,2,1,2,4,1,3,4,3,4,1,2,2,2,2,1,2,3,2,4,3,3,1,2,2,1,4,1,4,2,1,2,4,1,1,4,4,3,2,2,1,1,3,4,3,3,4,2,4,1,1,3,2,2,3,3,2,4,1,3,2,3,1,2,3,3,1,4,3,3,1,1,4,2,1,4,1,4,1,3,2,3,2,4,3,3,4,1,3,2,3,3,2,1,3,3,2,1,4,3,4,3,1,3,1,3,4,3,4,2,2,3,4,2,3,3,2,4,1,3,1,2,3,2,1,3,2,4,4,3,2,4,3,2,2,3,4,2,4,4,3,4,3,2,4,2,1,2,1,3,3,1,1,3,3,2,3,3,4,1,2,1,3,3,2,1,3,1,2,1,1,2,4,2,3,1,1,1,4,4,1,4,2,2,1,4,2,4,2,2,2,1,4,2,3,3,2,4,1,1,1,2,1,1,2,2,2,2,1,3,4,1,3,4,3,2,1,4,3,1,1,2,2,3,3,2,2,1,4,1,1,1,2,4,2,1,2,4,2,3,3,2,1,1,4,1,3,4,1,4,3,2,2,1,4,2,3,2,3,1,1,2,2,3,3,3,2,2,3,1,2,3,2,4,1,1,3,3,2,1,3,3,1,3,1,3,2,3,1,1,3,2,1,1,1,2,4,3,2,4,3,2,4,3,3,2,4,2,4,1,1,3,3,3,3,4,4,3,4,1,1,4,2,1,2,1,4,4,3,3,1,2,2,2,1,2,4,2,1,3,3,4,1,4,1,1,3,2,1,4,3,1,4,1,1,1,4,4,3,4,3,3,3,2,2,3,4,3,1,3,4,3,1,2,4,4,4,3,3,2,1,4,2,1,2,3,1,2,1,1,2,4,2,4,2,1,2,1,3,1,3,4,2,3,2,3,3,3,4,1,4,3,2,1,3,1,3,1,1,4,2,4,1,1,2,3,1,4,4,2,1,3,4,3,2,3,2,4,2,1,3,4,1,3,2,2,3,2,3,1,3,4,4,2,3,1,2,2,1,4,1,1,1,1,3,1,4,1,4,3,2,4,3,1,3,1,4,1,3,4,1,1,1,2,2,3,3,1,4,2,1,4,3,2,1,2,2,1,4,3,2,1,2,2,3,4,2,3,1,1,1,3,2,1,3,4,3,3,4,3,1,2,3,3,1,1,4,3,3,3,2,3,1,3,1,1,1,2,3,1,3,2,3,4,1,2,1,1,4,3,4,1,4,2,1,1,3,2,2,3,3,3,4,3,4,4,2,1,2,1,2,3,4,4,4,2,3,2,1,3,1,4,4,4,4,1,1,1,1,1,4,4,4,2,4,2,1,3,3,2,4,2,1,1,3,4,2,2,1,1,4,2,1,1,2,2,4,2,2,3,4,2,1,1,1,3,1,2,2,2,2,4,1,2,4,2,4,2,3,3,2,1,1,4,4,4,3,1,3,4,4,2,2,2,3,1,4,1,3,1,1,2,2,2,1,4,1,2,2,4,4,2,2,3,3,4,4,3,1,1,3,1,2,1,4,3,1,1,2,2,3,4,4,2,1,2,1,2,2,3,2,1,1,3,1,3,1,3,1,1,4,3,2,1,1,3,2,2,4,4,2,3,3,1,4,4,4,2,3,2,3,4,3,3,4,3,2,1,1,1,2,3,2,3,4,3,1,4,3,4,3,2,3,1,2,2,1,1,1,4,3,2,2,4,3,1,4,3,3,2,2,3,4,2,3,3,2,2,2,2,4,1,2,4,3,1,2,3,4,4,1,1,3,1,3,2,3,2,1,1,1,3,4,4,2,1,1,2,3,2,2,2,2,3,3,3,1,1,2,2,2,4,2,4,1,3,1,2,3,4,3,3,2,4,3,4,3,1,3,2,2,2,4,1,4,3,4,4,2,3,4,4,2,2,2,3,3,2,1,4,2,2,3,1,1,4,2,2,4,1,1,2,2,3,2,1,2,2,4,1,1,1,1,3,4,1,4,3,3,1,2,1,4,1,1,2,3,4,3,2,1,3,1,1,3,4,2,4,3,2,1,1,1,1,1,1,2,3,4,2,4,3,4,3,1,2,2,3,1,3,1,3,3,1,2,1,3,3,2,1,2,4,4,4,4,1,4,2,4,4,3,2,2,2,4,2,2,3,2,4,2,3,2,4,2,2,2,4,3,1,4,4,1,2,1,1,1,2,3,1,1,3,3,3,4,3,4,3,3,3,4,1,3,3,4,1,4,1,3,4,1,4,2,2,3,4,4,3,2,3,2,2,3,4,3,1,2,4,3,3,4,2,1,1,3,1,4,3,1,3,2,1,4,1,1,3,3,2,3,3,1,3,2,4,2,2,1,1,2,1,1,4,4,1,2,1,2,2,2,3,4,1,2,4,1,1,3,4,2,2,4,3,4,2,3,1,4,3,3,2,1,1,4,3,2,2,3,1,4,1,3,1,1,4,1,4,4,3,4,3,2,3,2,1,2,2,2,1,1,1,2,3,4,1,1,3,3,3,1,4,2,3,4,1,2,3,2,1,3,4,4,2,4,4,1,1,4,2,4,1,2,2,3,3,4,3,1,2,1,3,1,2,3,1,1,3,2,4,1,2,3,1,2,2,2,2,1,2,1,3,4,1,3,2,3,2,1,2,1,1,1,4,3,4,2,2,1,1,1,2,2,2,4,4,2,1,4,4,1,3,3,2,4,3,3,3,1,1,1,2,2,3,3,4,1,1,1,2,3,2,2,4,1,2,3,3,1,2,2,3,1,3,1,1,3,2,2,1,3,2,4,2,1,2,3,4,4,2,1,2,2,4,3,4,1,4,3,1,1,2,3,4,1,3,3,1,3,2,1,3,2,3,3,2,2,2,3,3,1,3,1,4,1,1,4,1,1,4,4,2,1,2,4,1,2,4,2,1,4,1,4,1,2,1,2,1,3,2,1,1,1,3,4,1,3,1,2,2,1,2,4,1,4,1,2,3,1,2,2,3,1,3,3,1,3,4"
145,0.9886279079380575,0.5196078431372549,2329.0,"2,2,3,4,1,1,4,1,1,2,4,1,1,4,2,2,3,4,1,1,4,4,4,2,1,1,4,3,1,2,2,2,3,3,3,3,1,2,1,3,2,3,4,4,4,3,1,4,4,3,4,1,3,2,1,1,2,1,1,4,3,1,1,3,4,1,4,2,3,1,1,2,4,4,3,1,3,2,4,2,3,1,1,3,1,3,3,3,4,1,2,1,3,4,4,2,4,4,2,2,4,3,3,3,3,4,3,1,2,1,1,2,2,2,4,1,4,2,3,2,1,3,4,4,4,4,1,2,1,3,1,2,2,2,3,2,1,4,2,1,4,2,1,1,3,3,2,1,2,2,4,1,1,2,2,2,4,1,2,1,3,2,3,2,2,3,1,2,1,1,3,4,2,3,3,1,2,2,2,2,3,3,3,4,2,4,4,3,2,2,2,4,1,2,1,1,2,2,3,2,1,4,3,4,3,4,2,1,3,3,1,2,1,1,3,3,2,2,2,2,1,2,4,4,3,3,1,3,1,4,3,1,3,3,3,1,2,4,1,3,1,1,4,2,1,2,4,2,3,3,1,3,2,1,1,2,1,4,2,2,1,2,1,3,2,3,2,1,4,3,4,4,2,2,2,3,2,4,2,2,1,4,2,3,2,1,1,3,3,1,2,1,4,4,3,1,3,4,1,4,1,2,4,1,2,1,4,1,4,4,4,2,2,4,4,2,2,3,2,3,4,3,4,1,2,4,1,2,4,1,1,2,3,3,3,4,2,3,1,1,1,4,3,3,2,2,1,2,4,1,3,4,3,4,1,2,2,2,2,1,2,3,2,4,3,3,1,2,2,1,4,1,4,2,1,2,4,1,1,4,4,3,2,2,1,1,3,4,3,3,4,2,4,1,1,3,2,2,3,3,2,4,1,3,2,3,1,2,3,3,1,4,3,3,1,1,4,2,1,4,1,4,1,3,2,3,2,4,3,3,4,1,3,2,3,3,2,1,3,3,2,1,4,3,4,3,1,3,1,3,4,3,4,2,2,3,4,2,3,3,2,4,1,3,1,2,3,2,1,3,2,4,4,3,2,4,3,2,2,3,4,2,4,4,3,4,3,2,4,2,1,2,1,3,3,1,1,3,3,2,3,3,4,1,2,1,3,3,2,1,3,1,2,1,1,2,4,2,3,1,1,1,4,4,1,4,2,2,1,4,2,4,2,2,2,1,4,2,3,3,2,4,1,1,1,2,1,1,2,2,2,2,1,3,4,1,3,4,3,2,1,4,3,1,1,2,2,3,3,2,2,1,4,1,1,1,2,4,2,1,2,4,2,3,3,2,1,1,4,1,3,4,1,4,3,2,2,1,4,2,3,2,3,1,1,2,2,3,3,3,2,2,3,1,2,3,2,4,1,1,3,3,2,1,3,3,1,3,1,3,2,3,1,1,3,2,1,1,1,2,4,3,2,4,3,2,4,3,3,2,4,2,4,1,1,3,3,3,3,4,4,3,4,1,1,4,2,1,2,1,4,4,3,3,1,2,2,2,1,2,4,2,1,3,3,4,1,4,1,1,3,2,1,4,3,1,4,1,1,1,4,4,3,4,3,3,3,2,2,3,4,3,1,3,4,3,1,2,4,4,4,3,3,2,1,4,2,1,2,3,1,2,1,1,2,4,2,4,2,1,2,1,3,1,3,4,2,3,2,3,3,3,4,1,4,3,2,1,3,1,3,1,1,4,2,4,1,1,2,3,1,4,4,2,1,3,4,3,2,3,2,4,2,1,3,4,1,3,2,2,3,2,3,1,3,4,4,2,3,1,2,2,1,4,1,1,1,1,3,1,4,1,4,3,2,4,3,1,3,1,4,1,3,4,1,1,1,2,2,3,3,1,4,2,1,4,3,2,1,2,2,1,4,3,2,1,2,2,3,4,2,3,1,1,1,3,2,1,3,4,3,3,4,3,1,2,3,3,1,1,4,3,3,3,2,3,1,3,1,1,1,2,3,1,3,2,3,4,1,2,1,1,4,3,4,1,4,2,1,1,3,2,2,3,3,3,4,3,4,4,2,1,2,1,2,3,4,4,4,2,3,2,1,3,1,4,4,4,4,1,1,1,1,1,4,4,4,2,4,2,1,3,3,2,4,2,1,1,3,4,2,2,1,1,4,2,1,1,2,2,4,2,2,3,4,2,1,1,1,3,1,2,2,2,2,4,1,2,4,2,4,2,3,3,2,1,1,4,4,4,3,1,3,4,4,2,2,2,3,1,4,1,3,1,1,2,2,2,1,4,1,2,2,4,4,2,2,3,3,4,4,3,1,1,3,1,2,1,4,3,1,1,2,2,3,4,4,2,1,2,1,2,2,3,2,1,1,3,1,3,1,3,1,1,4,3,2,1,1,3,2,2,4,4,2,3,3,1,4,4,4,2,3,2,3,4,3,3,4,3,2,1,1,1,2,3,2,3,4,3,1,4,3,4,3,2,3,1,2,2,1,1,1,4,3,2,2,4,3,1,4,3,3,2,2,3,4,2,3,3,2,2,2,2,4,1,2,4,3,1,2,3,4,4,1,1,3,1,3,2,3,2,1,1,1,3,4,4,2,1,1,2,3,2,2,2,2,3,3,3,1,1,2,2,2,4,2,4,1,3,1,2,3,4,3,3,2,4,3,4,3,1,3,2,2,2,4,1,4,3,4,4,2,3,4,4,2,2,2,3,3,2,1,4,2,2,3,1,1,4,2,2,4,1,1,2,2,3,2,1,2,2,4,1,1,1,1,3,4,1,4,3,3,1,2,1,4,1,1,2,3,4,3,2,1,3,1,1,3,4,2,4,3,2,1,1,1,1,1,1,2,3,4,2,4,3,4,3,1,2,2,3,1,3,1,3,3,1,2,1,3,3,2,1,2,4,4,4,4,1,4,2,4,4,3,2,2,2,4,2,2,3,2,4,2,3,2,4,2,2,2,4,3,1,4,4,1,2,1,1,1,2,3,1,1,3,3,3,4,3,4,3,3,3,4,1,3,3,4,1,4,1,3,4,1,4,2,2,3,4,4,3,2,3,2,2,3,4,3,1,2,4,3,3,4,2,1,1,3,1,4,3,1,3,2,1,4,1,1,3,3,2,3,3,1,3,2,4,2,2,1,1,2,1,1,4,4,1,2,1,2,2,2,3,4,1,2,4,1,1,3,4,2,2,4,3,4,2,3,1,4,3,3,2,1,1,4,3,2,2,3,1,4,1,3,1,1,4,1,4,4,3,4,3,2,3,2,1,2,2,2,1,1,1,2,3,4,1,1,3,3,3,1,4,2,3,4,1,2,3,2,1,3,4,4,2,4,4,1,1,4,2,4,1,2,2,3,3,4,3,1,2,1,3,1,2,3,1,1,3,2,4,1,2,3,1,2,2,2,2,1,2,1,3,4,1,3,2,3,2,1,2,1,1,1,4,3,4,2,2,1,1,1,2,2,2,4,4,2,1,4,4,1,3,3,2,4,3,3,3,1,1,1,2,2,3,3,4,1,1,1,2,3,2,2,4,1,2,3,3,1,2,2,3,1,3,1,1,3,2,2,1,3,2,4,2,1,2,3,4,4,2,1,2,2,4,3,4,1,4,3,1,1,2,3,4,1,3,3,1,3,2,1,3,2,3,3,2,2,2,3,3,1,3,1,4,1,1,4,1,1,4,4,2,1,2,4,1,2,4,2,1,4,1,4,1,2,1,2,1,3,2,1,1,1,3,4,1,3,1,2,2,1,2,4,1,4,1,2,3,1,2,2,3,1,3,3,1,3,4"
146,0.9886279079380575,0.5196078431372549,2329.0,"2,2,3,4,1,1,4,1,1,2,4,1,1,4,2,2,3,4,1,1,4,4,4,2,1,1,4,3,1,2,2,2,3,3,3,3,1,2,1,3,2,3,4,4,4,3,1,4,4,3,4,1,3,2,1,1,2,1,1,4,3,1,1,3,4,1,4,2,3,1,1,2,4,4,3,1,3,2,4,2,3,1,1,3,1,3,3,3,4,1,2,1,3,4,4,2,4,4,2,2,4,3,3,3,3,4,3,1,2,1,1,2,2,2,4,1,4,2,3,2,1,3,4,4,4,4,1,2,1,3,1,2,2,2,3,2,1,4,2,1,4,2,1,1,3,3,2,1,2,2,4,1,1,2,2,2,4,1,2,1,3,2,3,2,2,3,1,2,1,1,3,4,2,3,3,1,2,2,2,2,3,3,3,4,2,4,4,3,2,2,2,4,1,2,1,1,2,2,3,2,1,4,3,4,3,4,2,1,3,3,1,2,1,1,3,3,2,2,2,2,1,2,4,4,3,3,1,3,1,4,3,1,3,3,3,1,2,4,1,3,1,1,4,2,1,2,4,2,3,3,1,3,2,1,1,2,1,4,2,2,1,2,1,3,2,3,2,1,4,3,4,4,2,2,2,3,2,4,2,2,1,4,2,3,2,1,1,3,3,1,2,1,4,4,3,1,3,4,1,4,1,2,4,1,2,1,4,1,4,4,4,2,2,4,4,2,2,3,2,3,4,3,4,1,2,4,1,2,4,1,1,2,3,3,3,4,2,3,1,1,1,4,3,3,2,2,1,2,4,1,3,4,3,4,1,2,2,2,2,1,2,3,2,4,3,3,1,2,2,1,4,1,4,2,1,2,4,1,1,4,4,3,2,2,1,1,3,4,3,3,4,2,4,1,1,3,2,2,3,3,2,4,1,3,2,3,1,2,3,3,1,4,3,3,1,1,4,2,1,4,1,4,1,3,2,3,2,4,3,3,4,1,3,2,3,3,2,1,3,3,2,1,4,3,4,3,1,3,1,3,4,3,4,2,2,3,4,2,3,3,2,4,1,3,1,2,3,2,1,3,2,4,4,3,2,4,3,2,2,3,4,2,4,4,3,4,3,2,4,2,1,2,1,3,3,1,1,3,3,2,3,3,4,1,2,1,3,3,2,1,3,1,2,1,1,2,4,2,3,1,1,1,4,4,1,4,2,2,1,4,2,4,2,2,2,1,4,2,3,3,2,4,1,1,1,2,1,1,2,2,2,2,1,3,4,1,3,4,3,2,1,4,3,1,1,2,2,3,3,2,2,1,4,1,1,1,2,4,2,1,2,4,2,3,3,2,1,1,4,1,3,4,1,4,3,2,2,1,4,2,3,2,3,1,1,2,2,3,3,3,2,2,3,1,2,3,2,4,1,1,3,3,2,1,3,3,1,3,1,3,2,3,1,1,3,2,1,1,1,2,4,3,2,4,3,2,4,3,3,2,4,2,4,1,1,3,3,3,3,4,4,3,4,1,1,4,2,1,2,1,4,4,3,3,1,2,2,2,1,2,4,2,1,3,3,4,1,4,1,1,3,2,1,4,3,1,4,1,1,1,4,4,3,4,3,3,3,2,2,3,4,3,1,3,4,3,1,2,4,4,4,3,3,2,1,4,2,1,2,3,1,2,1,1,2,4,2,4,2,1,2,1,3,1,3,4,2,3,2,3,3,3,4,1,4,3,2,1,3,1,3,1,1,4,2,4,1,1,2,3,1,4,4,2,1,3,4,3,2,3,2,4,2,1,3,4,1,3,2,2,3,2,3,1,3,4,4,2,3,1,2,2,1,4,1,1,1,1,3,1,4,1,4,3,2,4,3,1,3,1,4,1,3,4,1,1,1,2,2,3,3,1,4,2,1,4,3,2,1,2,2,1,4,3,2,1,2,2,3,4,2,3,1,1,1,3,2,1,3,4,3,3,4,3,1,2,3,3,1,1,4,3,3,3,2,3,1,3,1,1,1,2,3,1,3,2,3,4,1,2,1,1,4,3,4,1,4,2,1,1,3,2,2,3,3,3,4,3,4,4,2,1,2,1,2,3,4,4,4,2,3,2,1,3,1,4,4,4,4,1,1,1,1,1,4,4,4,2,4,2,1,3,3,2,4,2,1,1,3,4,2,2,1,1,4,2,1,1,2,2,4,2,2,3,4,2,1,1,1,3,1,2,2,2,2,4,1,2,4,2,4,2,3,3,2,1,1,4,4,4,3,1,3,4,4,2,2,2,3,1,4,1,3,1,1,2,2,2,1,4,1,2,2,4,4,2,2,3,3,4,4,3,1,1,3,1,2,1,4,3,1,1,2,2,3,4,4,2,1,2,1,2,2,3,2,1,1,3,1,3,1,3,1,1,4,3,2,1,1,3,2,2,4,4,2,3,3,1,4,4,4,2,3,2,3,4,3,3,4,3,2,1,1,1,2,3,2,3,4,3,1,4,3,4,3,2,3,1,2,2,1,1,1,4,3,2,2,4,3,1,4,3,3,2,2,3,4,2,3,3,2,2,2,2,4,1,2,4,3,1,2,3,4,4,1,1,3,1,3,2,3,2,1,1,1,3,4,4,2,1,1,2,3,2,2,2,2,3,3,3,1,1,2,2,2,4,2,4,1,3,1,2,3,4,3,3,2,4,3,4,3,1,3,2,2,2,4,1,4,3,4,4,2,3,4,4,2,2,2,3,3,2,1,4,2,2,3,1,1,4,2,2,4,1,1,2,2,3,2,1,2,2,4,1,1,1,1,3,4,1,4,3,3,1,2,1,4,1,1,2,3,4,3,2,1,3,1,1,3,4,2,4,3,2,1,1,1,1,1,1,2,3,4,2,4,3,4,3,1,2,2,3,1,3,1,3,3,1,2,1,3,3,2,1,2,4,4,4,4,1,4,2,4,4,3,2,2,2,4,2,2,3,2,4,2,3,2,4,2,2,2,4,3,1,4,4,1,2,1,1,1,2,3,1,1,3,3,3,4,3,4,3,3,3,4,1,3,3,4,1,4,1,3,4,1,4,2,2,3,4,4,3,2,3,2,2,3,4,3,1,2,4,3,3,4,2,1,1,3,1,4,3,1,3,2,1,4,1,1,3,3,2,3,3,1,3,2,4,2,2,1,1,2,1,1,4,4,1,2,1,2,2,2,3,4,1,2,4,1,1,3,4,2,2,4,3,4,2,3,1,4,3,3,2,1,1,4,3,2,2,3,1,4,1,3,1,1,4,1,4,4,3,4,3,2,3,2,1,2,2,2,1,1,1,2,3,4,1,1,3,3,3,1,4,2,3,4,1,2,3,2,1,3,4,4,2,4,4,1,1,4,2,4,1,2,2,3,3,4,3,1,2,1,3,1,2,3,1,1,3,2,4,1,2,3,1,2,2,2,2,1,2,1,3,4,1,3,2,3,2,1,2,1,1,1,4,3,4,2,2,1,1,1,2,2,2,4,4,2,1,4,4,1,3,3,2,4,3,3,3,1,1,1,2,2,3,3,4,1,1,1,2,3,2,2,4,1,2,3,3,1,2,2,3,1,3,1,1,3,2,2,1,3,2,4,2,1,2,3,4,4,2,1,2,2,4,3,4,1,4,3,1,1,2,3,4,1,3,3,1,3,2,1,3,2,3,3,2,2,2,3,3,1,3,1,4,1,1,4,1,1,4,4,2,1,2,4,1,2,4,2,1,4,1,4,1,2,1,2,1,3,2,1,1,1,3,4,1,3,1,2,2,1,2,4,1,4,1,2,3,1,2,2,3,1,3,3,1,3,4"
147,0.9886279079380575,0.5196078431372549,2329.0,"2,2,3,4,1,1,4,1,1,2,4,1,1,4,2,2,3,4,1,1,4,4,4,2,1,1,4,3,1,2,2,2,3,3,3,3,1,2,1,3,2,3,4,4,4,3,1,4,4,3,4,1,3,2,1,1,2,1,1,4,3,1,1,3,4,1,4,2,3,1,1,2,4,4,3,1,3,2,4,2,3,1,1,3,1,3,3,3,4,1,2,1,3,4,4,2,4,4,2,2,4,3,3,3,3,4,3,1,2,1,1,2,2,2,4,1,4,2,3,2,1,3,4,4,4,4,1,2,1,3,1,2,2,2,3,2,1,4,2,1,4,2,1,1,3,3,2,1,2,2,4,1,1,2,2,2,4,1,2,1,3,2,3,2,2,3,1,2,1,1,3,4,2,3,3,1,2,2,2,2,3,3,3,4,2,4,4,3,2,2,2,4,1,2,1,1,2,2,3,2,1,4,3,4,3,4,2,1,3,3,1,2,1,1,3,3,2,2,2,2,1,2,4,4,3,3,1,3,1,4,3,1,3,3,3,1,2,4,1,3,1,1,4,2,1,2,4,2,3,3,1,3,2,1,1,2,1,4,2,2,1,2,1,3,2,3,2,1,4,3,4,4,2,2,2,3,2,4,2,2,1,4,2,3,2,1,1,3,3,1,2,1,4,4,3,1,3,4,1,4,1,2,4,1,2,1,4,1,4,4,4,2,2,4,4,2,2,3,2,3,4,3,4,1,2,4,1,2,4,1,1,2,3,3,3,4,2,3,1,1,1,4,3,3,2,2,1,2,4,1,3,4,3,4,1,2,2,2,2,1,2,3,2,4,3,3,1,2,2,1,4,1,4,2,1,2,4,1,1,4,4,3,2,2,1,1,3,4,3,3,4,2,4,1,1,3,2,2,3,3,2,4,1,3,2,3,1,2,3,3,1,4,3,3,1,1,4,2,1,4,1,4,1,3,2,3,2,4,3,3,4,1,3,2,3,3,2,1,3,3,2,1,4,3,4,3,1,3,1,3,4,3,4,2,2,3,4,2,3,3,2,4,1,3,1,2,3,2,1,3,2,4,4,3,2,4,3,2,2,3,4,2,4,4,3,4,3,2,4,2,1,2,1,3,3,1,1,3,3,2,3,3,4,1,2,1,3,3,2,1,3,1,2,1,1,2,4,2,3,1,1,1,4,4,1,4,2,2,1,4,2,4,2,2,2,1,4,2,3,3,2,4,1,1,1,2,1,1,2,2,2,2,1,3,4,1,3,4,3,2,1,4,3,1,1,2,2,3,3,2,2,1,4,1,1,1,2,4,2,1,2,4,2,3,3,2,1,1,4,1,3,4,1,4,3,2,2,1,4,2,3,2,3,1,1,2,2,3,3,3,2,2,3,1,2,3,2,4,1,1,3,3,2,1,3,3,1,3,1,3,2,3,1,1,3,2,1,1,1,2,4,3,2,4,3,2,4,3,3,2,4,2,4,1,1,3,3,3,3,4,4,3,4,1,1,4,2,1,2,1,4,4,3,3,1,2,2,2,1,2,4,2,1,3,3,4,1,4,1,1,3,2,1,4,3,1,4,1,1,1,4,4,3,4,3,3,3,2,2,3,4,3,1,3,4,3,1,2,4,4,4,3,3,2,1,4,2,1,2,3,1,2,1,1,2,4,2,4,2,1,2,1,3,1,3,4,2,3,2,3,3,3,4,1,4,3,2,1,3,1,3,1,1,4,2,4,1,1,2,3,1,4,4,2,1,3,4,3,2,3,2,4,2,1,3,4,1,3,2,2,3,2,3,1,3,4,4,2,3,1,2,2,1,4,1,1,1,1,3,1,4,1,4,3,2,4,3,1,3,1,4,1,3,4,1,1,1,2,2,3,3,1,4,2,1,4,3,2,1,2,2,1,4,3,2,1,2,2,3,4,2,3,1,1,1,3,2,1,3,4,3,3,4,3,1,2,3,3,1,1,4,3,3,3,2,3,1,3,1,1,1,2,3,1,3,2,3,4,1,2,1,1,4,3,4,1,4,2,1,1,3,2,2,3,3,3,4,3,4,4,2,1,2,1,2,3,4,4,4,2,3,2,1,3,1,4,4,4,4,1,1,1,1,1,4,4,4,2,4,2,1,3,3,2,4,2,1,1,3,4,2,2,1,1,4,2,1,1,2,2,4,2,2,3,4,2,1,1,1,3,1,2,2,2,2,4,1,2,4,2,4,2,3,3,2,1,1,4,4,4,3,1,3,4,4,2,2,2,3,1,4,1,3,1,1,2,2,2,1,4,1,2,2,4,4,2,2,3,3,4,4,3,1,1,3,1,2,1,4,3,1,1,2,2,3,4,4,2,1,2,1,2,2,3,2,1,1,3,1,3,1,3,1,1,4,3,2,1,1,3,2,2,4,4,2,3,3,1,4,4,4,2,3,2,3,4,3,3,4,3,2,1,1,1,2,3,2,3,4,3,1,4,3,4,3,2,3,1,2,2,1,1,1,4,3,2,2,4,3,1,4,3,3,2,2,3,4,2,3,3,2,2,2,2,4,1,2,4,3,1,2,3,4,4,1,1,3,1,3,2,3,2,1,1,1,3,4,4,2,1,1,2,3,2,2,2,2,3,3,3,1,1,2,2,2,4,2,4,1,3,1,2,3,4,3,3,2,4,3,4,3,1,3,2,2,2,4,1,4,3,4,4,2,3,4,4,2,2,2,3,3,2,1,4,2,2,3,1,1,4,2,2,4,1,1,2,2,3,2,1,2,2,4,1,1,1,1,3,4,1,4,3,3,1,2,1,4,1,1,2,3,4,3,2,1,3,1,1,3,4,2,4,3,2,1,1,1,1,1,1,2,3,4,2,4,3,4,3,1,2,2,3,1,3,1,3,3,1,2,1,3,3,2,1,2,4,4,4,4,1,4,2,4,4,3,2,2,2,4,2,2,3,2,4,2,3,2,4,2,2,2,4,3,1,4,4,1,2,1,1,1,2,3,1,1,3,3,3,4,3,4,3,3,3,4,1,3,3,4,1,4,1,3,4,1,4,2,2,3,4,4,3,2,3,2,2,3,4,3,1,2,4,3,3,4,2,1,1,3,1,4,3,1,3,2,1,4,1,1,3,3,2,3,3,1,3,2,4,2,2,1,1,2,1,1,4,4,1,2,1,2,2,2,3,4,1,2,4,1,1,3,4,2,2,4,3,4,2,3,1,4,3,3,2,1,1,4,3,2,2,3,1,4,1,3,1,1,4,1,4,4,3,4,3,2,3,2,1,2,2,2,1,1,1,2,3,4,1,1,3,3,3,1,4,2,3,4,1,2,3,2,1,3,4,4,2,4,4,1,1,4,2,4,1,2,2,3,3,4,3,1,2,1,3,1,2,3,1,1,3,2,4,1,2,3,1,2,2,2,2,1,2,1,3,4,1,3,2,3,2,1,2,1,1,1,4,3,4,2,2,1,1,1,2,2,2,4,4,2,1,4,4,1,3,3,2,4,3,3,3,1,1,1,2,2,3,3,4,1,1,1,2,3,2,2,4,1,2,3,3,1,2,2,3,1,3,1,1,3,2,2,1,3,2,4,2,1,2,3,4,4,2,1,2,2,4,3,4,1,4,3,1,1,2,3,4,1,3,3,1,3,2,1,3,2,3,3,2,2,2,3,3,1,3,1,4,1,1,4,1,1,4,4,2,1,2,4,1,2,4,2,1,4,1,4,1,2,1,2,1,3,2,1,1,1,3,4,1,3,1,2,2,1,2,4,1,4,1,2,3,1,2,2,3,1,3,3,1,3,4"
148,0.9886279079380575,0.5196078431372549,2329.0,"2,2,3,4,1,1,4,1,1,2,4,1,1,4,2,2,3,4,1,1,4,4,4,2,1,1,4,3,1,2,2,2,3,3,3,3,1,2,1,3,2,3,4,4,4,3,1,4,4,3,4,1,3,2,1,1,2,1,1,4,3,1,1,3,4,1,4,2,3,1,1,2,4,4,3,1,3,2,4,2,3,1,1,3,1,3,3,3,4,1,2,1,3,4,4,2,4,4,2,2,4,3,3,3,3,4,3,1,2,1,1,2,2,2,4,1,4,2,3,2,1,3,4,4,4,4,1,2,1,3,1,2,2,2,3,2,1,4,2,1,4,2,1,1,3,3,2,1,2,2,4,1,1,2,2,2,4,1,2,1,3,2,3,2,2,3,1,2,1,1,3,4,2,3,3,1,2,2,2,2,3,3,3,4,2,4,4,3,2,2,2,4,1,2,1,1,2,2,3,2,1,4,3,4,3,4,2,1,3,3,1,2,1,1,3,3,2,2,2,2,1,2,4,4,3,3,1,3,1,4,3,1,3,3,3,1,2,4,1,3,1,1,4,2,1,2,4,2,3,3,1,3,2,1,1,2,1,4,2,2,1,2,1,3,2,3,2,1,4,3,4,4,2,2,2,3,2,4,2,2,1,4,2,3,2,1,1,3,3,1,2,1,4,4,3,1,3,4,1,4,1,2,4,1,2,1,4,1,4,4,4,2,2,4,4,2,2,3,2,3,4,3,4,1,2,4,1,2,4,1,1,2,3,3,3,4,2,3,1,1,1,4,3,3,2,2,1,2,4,1,3,4,3,4,1,2,2,2,2,1,2,3,2,4,3,3,1,2,2,1,4,1,4,2,1,2,4,1,1,4,4,3,2,2,1,1,3,4,3,3,4,2,4,1,1,3,2,2,3,3,2,4,1,3,2,3,1,2,3,3,1,4,3,3,1,1,4,2,1,4,1,4,1,3,2,3,2,4,3,3,4,1,3,2,3,3,2,1,3,3,2,1,4,3,4,3,1,3,1,3,4,3,4,2,2,3,4,2,3,3,2,4,1,3,1,2,3,2,1,3,2,4,4,3,2,4,3,2,2,3,4,2,4,4,3,4,3,2,4,2,1,2,1,3,3,1,1,3,3,2,3,3,4,1,2,1,3,3,2,1,3,1,2,1,1,2,4,2,3,1,1,1,4,4,1,4,2,2,1,4,2,4,2,2,2,1,4,2,3,3,2,4,1,1,1,2,1,1,2,2,2,2,1,3,4,1,3,4,3,2,1,4,3,1,1,2,2,3,3,2,2,1,4,1,1,1,2,4,2,1,2,4,2,3,3,2,1,1,4,1,3,4,1,4,3,2,2,1,4,2,3,2,3,1,1,2,2,3,3,3,2,2,3,1,2,3,2,4,1,1,3,3,2,1,3,3,1,3,1,3,2,3,1,1,3,2,1,1,1,2,4,3,2,4,3,2,4,3,3,2,4,2,4,1,1,3,3,3,3,4,4,3,4,1,1,4,2,1,2,1,4,4,3,3,1,2,2,2,1,2,4,2,1,3,3,4,1,4,1,1,3,2,1,4,3,1,4,1,1,1,4,4,3,4,3,3,3,2,2,3,4,3,1,3,4,3,1,2,4,4,4,3,3,2,1,4,2,1,2,3,1,2,1,1,2,4,2,4,2,1,2,1,3,1,3,4,2,3,2,3,3,3,4,1,4,3,2,1,3,1,3,1,1,4,2,4,1,1,2,3,1,4,4,2,1,3,4,3,2,3,2,4,2,1,3,4,1,3,2,2,3,2,3,1,3,4,4,2,3,1,2,2,1,4,1,1,1,1,3,1,4,1,4,3,2,4,3,1,3,1,4,1,3,4,1,1,1,2,2,3,3,1,4,2,1,4,3,2,1,2,2,1,4,3,2,1,2,2,3,4,2,3,1,1,1,3,2,1,3,4,3,3,4,3,1,2,3,3,1,1,4,3,3,3,2,3,1,3,1,1,1,2,3,1,3,2,3,4,1,2,1,1,4,3,4,1,4,2,1,1,3,2,2,3,3,3,4,3,4,4,2,1,2,1,2,3,4,4,4,2,3,2,1,3,1,4,4,4,4,1,1,1,1,1,4,4,4,2,4,2,1,3,3,2,4,2,1,1,3,4,2,2,1,1,4,2,1,1,2,2,4,2,2,3,4,2,1,1,1,3,1,2,2,2,2,4,1,2,4,2,4,2,3,3,2,1,1,4,4,4,3,1,3,4,4,2,2,2,3,1,4,1,3,1,1,2,2,2,1,4,1,2,2,4,4,2,2,3,3,4,4,3,1,1,3,1,2,1,4,3,1,1,2,2,3,4,4,2,1,2,1,2,2,3,2,1,1,3,1,3,1,3,1,1,4,3,2,1,1,3,2,2,4,4,2,3,3,1,4,4,4,2,3,2,3,4,3,3,4,3,2,1,1,1,2,3,2,3,4,3,1,4,3,4,3,2,3,1,2,2,1,1,1,4,3,2,2,4,3,1,4,3,3,2,2,3,4,2,3,3,2,2,2,2,4,1,2,4,3,1,2,3,4,4,1,1,3,1,3,2,3,2,1,1,1,3,4,4,2,1,1,2,3,2,2,2,2,3,3,3,1,1,2,2,2,4,2,4,1,3,1,2,3,4,3,3,2,4,3,4,3,1,3,2,2,2,4,1,4,3,4,4,2,3,4,4,2,2,2,3,3,2,1,4,2,2,3,1,1,4,2,2,4,1,1,2,2,3,2,1,2,2,4,1,1,1,1,3,4,1,4,3,3,1,2,1,4,1,1,2,3,4,3,2,1,3,1,1,3,4,2,4,3,2,1,1,1,1,1,1,2,3,4,2,4,3,4,3,1,2,2,3,1,3,1,3,3,1,2,1,3,3,2,1,2,4,4,4,4,1,4,2,4,4,3,2,2,2,4,2,2,3,2,4,2,3,2,4,2,2,2,4,3,1,4,4,1,2,1,1,1,2,3,1,1,3,3,3,4,3,4,3,3,3,4,1,3,3,4,1,4,1,3,4,1,4,2,2,3,4,4,3,2,3,2,2,3,4,3,1,2,4,3,3,4,2,1,1,3,1,4,3,1,3,2,1,4,1,1,3,3,2,3,3,1,3,2,4,2,2,1,1,2,1,1,4,4,1,2,1,2,2,2,3,4,1,2,4,1,1,3,4,2,2,4,3,4,2,3,1,4,3,3,2,1,1,4,3,2,2,3,1,4,1,3,1,1,4,1,4,4,3,4,3,2,3,2,1,2,2,2,1,1,1,2,3,4,1,1,3,3,3,1,4,2,3,4,1,2,3,2,1,3,4,4,2,4,4,1,1,4,2,4,1,2,2,3,3,4,3,1,2,1,3,1,2,3,1,1,3,2,4,1,2,3,1,2,2,2,2,1,2,1,3,4,1,3,2,3,2,1,2,1,1,1,4,3,4,2,2,1,1,1,2,2,2,4,4,2,1,4,4,1,3,3,2,4,3,3,3,1,1,1,2,2,3,3,4,1,1,1,2,3,2,2,4,1,2,3,3,1,2,2,3,1,3,1,1,3,2,2,1,3,2,4,2,1,2,3,4,4,2,1,2,2,4,3,4,1,4,3,1,1,2,3,4,1,3,3,1,3,2,1,3,2,3,3,2,2,2,3,3,1,3,1,4,1,1,4,1,1,4,4,2,1,2,4,1,2,4,2,1,4,1,4,1,2,1,2,1,3,2,1,1,1,3,4,1,3,1,2,2,1,2,4,1,4,1,2,3,1,2,2,3,1,3,3,1,3,4"
149,0.9886279079380575,0.5196078431372549,2329.0,"2,2,3,4,1,1,4,1,1,2,4,1,1,4,2,2,3,4,1,1,4,4,4,2,1,1,4,3,1,2,2,2,3,3,3,3,1,2,1,3,2,3,4,4,4,3,1,4,4,3,4,1,3,2,1,1,2,1,1,4,3,1,1,3,4,1,4,2,3,1,1,2,4,4,3,1,3,2,4,2,3,1,1,3,1,3,3,3,4,1,2,1,3,4,4,2,4,4,2,2,4,3,3,3,3,4,3,1,2,1,1,2,2,2,4,1,4,2,3,2,1,3,4,4,4,4,1,2,1,3,1,2,2,2,3,2,1,4,2,1,4,2,1,1,3,3,2,1,2,2,4,1,1,2,2,2,4,1,2,1,3,2,3,2,2,3,1,2,1,1,3,4,2,3,3,1,2,2,2,2,3,3,3,4,2,4,4,3,2,2,2,4,1,2,1,1,2,2,3,2,1,4,3,4,3,4,2,1,3,3,1,2,1,1,3,3,2,2,2,2,1,2,4,4,3,3,1,3,1,4,3,1,3,3,3,1,2,4,1,3,1,1,4,2,1,2,4,2,3,3,1,3,2,1,1,2,1,4,2,2,1,2,1,3,2,3,2,1,4,3,4,4,2,2,2,3,2,4,2,2,1,4,2,3,2,1,1,3,3,1,2,1,4,4,3,1,3,4,1,4,1,2,4,1,2,1,4,1,4,4,4,2,2,4,4,2,2,3,2,3,4,3,4,1,2,4,1,2,4,1,1,2,3,3,3,4,2,3,1,1,1,4,3,3,2,2,1,2,4,1,3,4,3,4,1,2,2,2,2,1,2,3,2,4,3,3,1,2,2,1,4,1,4,2,1,2,4,1,1,4,4,3,2,2,1,1,3,4,3,3,4,2,4,1,1,3,2,2,3,3,2,4,1,3,2,3,1,2,3,3,1,4,3,3,1,1,4,2,1,4,1,4,1,3,2,3,2,4,3,3,4,1,3,2,3,3,2,1,3,3,2,1,4,3,4,3,1,3,1,3,4,3,4,2,2,3,4,2,3,3,2,4,1,3,1,2,3,2,1,3,2,4,4,3,2,4,3,2,2,3,4,2,4,4,3,4,3,2,4,2,1,2,1,3,3,1,1,3,3,2,3,3,4,1,2,1,3,3,2,1,3,1,2,1,1,2,4,2,3,1,1,1,4,4,1,4,2,2,1,4,2,4,2,2,2,1,4,2,3,3,2,4,1,1,1,2,1,1,2,2,2,2,1,3,4,1,3,4,3,2,1,4,3,1,1,2,2,3,3,2,2,1,4,1,1,1,2,4,2,1,2,4,2,3,3,2,1,1,4,1,3,4,1,4,3,2,2,1,4,2,3,2,3,1,1,2,2,3,3,3,2,2,3,1,2,3,2,4,1,1,3,3,2,1,3,3,1,3,1,3,2,3,1,1,3,2,1,1,1,2,4,3,2,4,3,2,4,3,3,2,4,2,4,1,1,3,3,3,3,4,4,3,4,1,1,4,2,1,2,1,4,4,3,3,1,2,2,2,1,2,4,2,1,3,3,4,1,4,1,1,3,2,1,4,3,1,4,1,1,1,4,4,3,4,3,3,3,2,2,3,4,3,1,3,4,3,1,2,4,4,4,3,3,2,1,4,2,1,2,3,1,2,1,1,2,4,2,4,2,1,2,1,3,1,3,4,2,3,2,3,3,3,4,1,4,3,2,1,3,1,3,1,1,4,2,4,1,1,2,3,1,4,4,2,1,3,4,3,2,3,2,4,2,1,3,4,1,3,2,2,3,2,3,1,3,4,4,2,3,1,2,2,1,4,1,1,1,1,3,1,4,1,4,3,2,4,3,1,3,1,4,1,3,4,1,1,1,2,2,3,3,1,4,2,1,4,3,2,1,2,2,1,4,3,2,1,2,2,3,4,2,3,1,1,1,3,2,1,3,4,3,3,4,3,1,2,3,3,1,1,4,3,3,3,2,3,1,3,1,1,1,2,3,1,3,2,3,4,1,2,1,1,4,3,4,1,4,2,1,1,3,2,2,3,3,3,4,3,4,4,2,1,2,1,2,3,4,4,4,2,3,2,1,3,1,4,4,4,4,1,1,1,1,1,4,4,4,2,4,2,1,3,3,2,4,2,1,1,3,4,2,2,1,1,4,2,1,1,2,2,4,2,2,3,4,2,1,1,1,3,1,2,2,2,2,4,1,2,4,2,4,2,3,3,2,1,1,4,4,4,3,1,3,4,4,2,2,2,3,1,4,1,3,1,1,2,2,2,1,4,1,2,2,4,4,2,2,3,3,4,4,3,1,1,3,1,2,1,4,3,1,1,2,2,3,4,4,2,1,2,1,2,2,3,2,1,1,3,1,3,1,3,1,1,4,3,2,1,1,3,2,2,4,4,2,3,3,1,4,4,4,2,3,2,3,4,3,3,4,3,2,1,1,1,2,3,2,3,4,3,1,4,3,4,3,2,3,1,2,2,1,1,1,4,3,2,2,4,3,1,4,3,3,2,2,3,4,2,3,3,2,2,2,2,4,1,2,4,3,1,2,3,4,4,1,1,3,1,3,2,3,2,1,1,1,3,4,4,2,1,1,2,3,2,2,2,2,3,3,3,1,1,2,2,2,4,2,4,1,3,1,2,3,4,3,3,2,4,3,4,3,1,3,2,2,2,4,1,4,3,4,4,2,3,4,4,2,2,2,3,3,2,1,4,2,2,3,1,1,4,2,2,4,1,1,2,2,3,2,1,2,2,4,1,1,1,1,3,4,1,4,3,3,1,2,1,4,1,1,2,3,4,3,2,1,3,1,1,3,4,2,4,3,2,1,1,1,1,1,1,2,3,4,2,4,3,4,3,1,2,2,3,1,3,1,3,3,1,2,1,3,3,2,1,2,4,4,4,4,1,4,2,4,4,3,2,2,2,4,2,2,3,2,4,2,3,2,4,2,2,2,4,3,1,4,4,1,2,1,1,1,2,3,1,1,3,3,3,4,3,4,3,3,3,4,1,3,3,4,1,4,1,3,4,1,4,2,2,3,4,4,3,2,3,2,2,3,4,3,1,2,4,3,3,4,2,1,1,3,1,4,3,1,3,2,1,4,1,1,3,3,2,3,3,1,3,2,4,2,2,1,1,2,1,1,4,4,1,2,1,2,2,2,3,4,1,2,4,1,1,3,4,2,2,4,3,4,2,3,1,4,3,3,2,1,1,4,3,2,2,3,1,4,1,3,1,1,4,1,4,4,3,4,3,2,3,2,1,2,2,2,1,1,1,2,3,4,1,1,3,3,3,1,4,2,3,4,1,2,3,2,1,3,4,4,2,4,4,1,1,4,2,4,1,2,2,3,3,4,3,1,2,1,3,1,2,3,1,1,3,2,4,1,2,3,1,2,2,2,2,1,2,1,3,4,1,3,2,3,2,1,2,1,1,1,4,3,4,2,2,1,1,1,2,2,2,4,4,2,1,4,4,1,3,3,2,4,3,3,3,1,1,1,2,2,3,3,4,1,1,1,2,3,2,2,4,1,2,3,3,1,2,2,3,1,3,1,1,3,2,2,1,3,2,4,2,1,2,3,4,4,2,1,2,2,4,3,4,1,4,3,1,1,2,3,4,1,3,3,1,3,2,1,3,2,3,3,2,2,2,3,3,1,3,1,4,1,1,4,1,1,4,4,2,1,2,4,1,2,4,2,1,4,1,4,1,2,1,2,1,3,2,1,1,1,3,4,1,3,1,2,2,1,2,4,1,4,1,2,3,1,2,2,3,1,3,3,1,3,4"
150,0.9886279079380575,0.5196078431372549,2329.0,"2,2,3,4,1,1,4,1,1,2,4,1,1,4,2,2,3,4,1,1,4,4,4,2,1,1,4,3,1,2,2,2,3,3,3,3,1,2,1,3,2,3,4,4,4,3,1,4,4,3,4,1,3,2,1,1,2,1,1,4,3,1,1,3,4,1,4,2,3,1,1,2,4,4,3,1,3,2,4,2,3,1,1,3,1,3,3,3,4,1,2,1,3,4,4,2,4,4,2,2,4,3,3,3,3,4,3,1,2,1,1,2,2,2,4,1,4,2,3,2,1,3,4,4,4,4,1,2,1,3,1,2,2,2,3,2,1,4,2,1,4,2,1,1,3,3,2,1,2,2,4,1,1,2,2,2,4,1,2,1,3,2,3,2,2,3,1,2,1,1,3,4,2,3,3,1,2,2,2,2,3,3,3,4,2,4,4,3,2,2,2,4,1,2,1,1,2,2,3,2,1,4,3,4,3,4,2,1,3,3,1,2,1,1,3,3,2,2,2,2,1,2,4,4,3,3,1,3,1,4,3,1,3,3,3,1,2,4,1,3,1,1,4,2,1,2,4,2,3,3,1,3,2,1,1,2,1,4,2,2,1,2,1,3,2,3,2,1,4,3,4,4,2,2,2,3,2,4,2,2,1,4,2,3,2,1,1,3,3,1,2,1,4,4,3,1,3,4,1,4,1,2,4,1,2,1,4,1,4,4,4,2,2,4,4,2,2,3,2,3,4,3,4,1,2,4,1,2,4,1,1,2,3,3,3,4,2,3,1,1,1,4,3,3,2,2,1,2,4,1,3,4,3,4,1,2,2,2,2,1,2,3,2,4,3,3,1,2,2,1,4,1,4,2,1,2,4,1,1,4,4,3,2,2,1,1,3,4,3,3,4,2,4,1,1,3,2,2,3,3,2,4,1,3,2,3,1,2,3,3,1,4,3,3,1,1,4,2,1,4,1,4,1,3,2,3,2,4,3,3,4,1,3,2,3,3,2,1,3,3,2,1,4,3,4,3,1,3,1,3,4,3,4,2,2,3,4,2,3,3,2,4,1,3,1,2,3,2,1,3,2,4,4,3,2,4,3,2,2,3,4,2,4,4,3,4,3,2,4,2,1,2,1,3,3,1,1,3,3,2,3,3,4,1,2,1,3,3,2,1,3,1,2,1,1,2,4,2,3,1,1,1,4,4,1,4,2,2,1,4,2,4,2,2,2,1,4,2,3,3,2,4,1,1,1,2,1,1,2,2,2,2,1,3,4,1,3,4,3,2,1,4,3,1,1,2,2,3,3,2,2,1,4,1,1,1,2,4,2,1,2,4,2,3,3,2,1,1,4,1,3,4,1,4,3,2,2,1,4,2,3,2,3,1,1,2,2,3,3,3,2,2,3,1,2,3,2,4,1,1,3,3,2,1,3,3,1,3,1,3,2,3,1,1,3,2,1,1,1,2,4,3,2,4,3,2,4,3,3,2,4,2,4,1,1,3,3,3,3,4,4,3,4,1,1,4,2,1,2,1,4,4,3,3,1,2,2,2,1,2,4,2,1,3,3,4,1,4,1,1,3,2,1,4,3,1,4,1,1,1,4,4,3,4,3,3,3,2,2,3,4,3,1,3,4,3,1,2,4,4,4,3,3,2,1,4,2,1,2,3,1,2,1,1,2,4,2,4,2,1,2,1,3,1,3,4,2,3,2,3,3,3,4,1,4,3,2,1,3,1,3,1,1,4,2,4,1,1,2,3,1,4,4,2,1,3,4,3,2,3,2,4,2,1,3,4,1,3,2,2,3,2,3,1,3,4,4,2,3,1,2,2,1,4,1,1,1,1,3,1,4,1,4,3,2,4,3,1,3,1,4,1,3,4,1,1,1,2,2,3,3,1,4,2,1,4,3,2,1,2,2,1,4,3,2,1,2,2,3,4,2,3,1,1,1,3,2,1,3,4,3,3,4,3,1,2,3,3,1,1,4,3,3,3,2,3,1,3,1,1,1,2,3,1,3,2,3,4,1,2,1,1,4,3,4,1,4,2,1,1,3,2,2,3,3,3,4,3,4,4,2,1,2,1,2,3,4,4,4,2,3,2,1,3,1,4,4,4,4,1,1,1,1,1,4,4,4,2,4,2,1,3,3,2,4,2,1,1,3,4,2,2,1,1,4,2,1,1,2,2,4,2,2,3,4,2,1,1,1,3,1,2,2,2,2,4,1,2,4,2,4,2,3,3,2,1,1,4,4,4,3,1,3,4,4,2,2,2,3,1,4,1,3,1,1,2,2,2,1,4,1,2,2,4,4,2,2,3,3,4,4,3,1,1,3,1,2,1,4,3,1,1,2,2,3,4,4,2,1,2,1,2,2,3,2,1,1,3,1,3,1,3,1,1,4,3,2,1,1,3,2,2,4,4,2,3,3,1,4,4,4,2,3,2,3,4,3,3,4,3,2,1,1,1,2,3,2,3,4,3,1,4,3,4,3,2,3,1,2,2,1,1,1,4,3,2,2,4,3,1,4,3,3,2,2,3,4,2,3,3,2,2,2,2,4,1,2,4,3,1,2,3,4,4,1,1,3,1,3,2,3,2,1,1,1,3,4,4,2,1,1,2,3,2,2,2,2,3,3,3,1,1,2,2,2,4,2,4,1,3,1,2,3,4,3,3,2,4,3,4,3,1,3,2,2,2,4,1,4,3,4,4,2,3,4,4,2,2,2,3,3,2,1,4,2,2,3,1,1,4,2,2,4,1,1,2,2,3,2,1,2,2,4,1,1,1,1,3,4,1,4,3,3,1,2,1,4,1,1,2,3,4,3,2,1,3,1,1,3,4,2,4,3,2,1,1,1,1,1,1,2,3,4,2,4,3,4,3,1,2,2,3,1,3,1,3,3,1,2,1,3,3,2,1,2,4,4,4,4,1,4,2,4,4,3,2,2,2,4,2,2,3,2,4,2,3,2,4,2,2,2,4,3,1,4,4,1,2,1,1,1,2,3,1,1,3,3,3,4,3,4,3,3,3,4,1,3,3,4,1,4,1,3,4,1,4,2,2,3,4,4,3,2,3,2,2,3,4,3,1,2,4,3,3,4,2,1,1,3,1,4,3,1,3,2,1,4,1,1,3,3,2,3,3,1,3,2,4,2,2,1,1,2,1,1,4,4,1,2,1,2,2,2,3,4,1,2,4,1,1,3,4,2,2,4,3,4,2,3,1,4,3,3,2,1,1,4,3,2,2,3,1,4,1,3,1,1,4,1,4,4,3,4,3,2,3,2,1,2,2,2,1,1,1,2,3,4,1,1,3,3,3,1,4,2,3,4,1,2,3,2,1,3,4,4,2,4,4,1,1,4,2,4,1,2,2,3,3,4,3,1,2,1,3,1,2,3,1,1,3,2,4,1,2,3,1,2,2,2,2,1,2,1,3,4,1,3,2,3,2,1,2,1,1,1,4,3,4,2,2,1,1,1,2,2,2,4,4,2,1,4,4,1,3,3,2,4,3,3,3,1,1,1,2,2,3,3,4,1,1,1,2,3,2,2,4,1,2,3,3,1,2,2,3,1,3,1,1,3,2,2,1,3,2,4,2,1,2,3,4,4,2,1,2,2,4,3,4,1,4,3,1,1,2,3,4,1,3,3,1,3,2,1,3,2,3,3,2,2,2,3,3,1,3,1,4,1,1,4,1,1,4,4,2,1,2,4,1,2,4,2,1,4,1,4,1,2,1,2,1,3,2,1,1,1,3,4,1,3,1,2,2,1,2,4,1,4,1,2,3,1,2,2,3,1,3,3,1,3,4"
151,0.9886279079380575,0.5196078431372549,2329.0,"2,2,3,4,1,1,4,1,1,2,4,1,1,4,2,2,3,4,1,1,4,4,4,2,1,1,4,3,1,2,2,2,3,3,3,3,1,2,1,3,2,3,4,4,4,3,1,4,4,3,4,1,3,2,1,1,2,1,1,4,3,1,1,3,4,1,4,2,3,1,1,2,4,4,3,1,3,2,4,2,3,1,1,3,1,3,3,3,4,1,2,1,3,4,4,2,4,4,2,2,4,3,3,3,3,4,3,1,2,1,1,2,2,2,4,1,4,2,3,2,1,3,4,4,4,4,1,2,1,3,1,2,2,2,3,2,1,4,2,1,4,2,1,1,3,3,2,1,2,2,4,1,1,2,2,2,4,1,2,1,3,2,3,2,2,3,1,2,1,1,3,4,2,3,3,1,2,2,2,2,3,3,3,4,2,4,4,3,2,2,2,4,1,2,1,1,2,2,3,2,1,4,3,4,3,4,2,1,3,3,1,2,1,1,3,3,2,2,2,2,1,2,4,4,3,3,1,3,1,4,3,1,3,3,3,1,2,4,1,3,1,1,4,2,1,2,4,2,3,3,1,3,2,1,1,2,1,4,2,2,1,2,1,3,2,3,2,1,4,3,4,4,2,2,2,3,2,4,2,2,1,4,2,3,2,1,1,3,3,1,2,1,4,4,3,1,3,4,1,4,1,2,4,1,2,1,4,1,4,4,4,2,2,4,4,2,2,3,2,3,4,3,4,1,2,4,1,2,4,1,1,2,3,3,3,4,2,3,1,1,1,4,3,3,2,2,1,2,4,1,3,4,3,4,1,2,2,2,2,1,2,3,2,4,3,3,1,2,2,1,4,1,4,2,1,2,4,1,1,4,4,3,2,2,1,1,3,4,3,3,4,2,4,1,1,3,2,2,3,3,2,4,1,3,2,3,1,2,3,3,1,4,3,3,1,1,4,2,1,4,1,4,1,3,2,3,2,4,3,3,4,1,3,2,3,3,2,1,3,3,2,1,4,3,4,3,1,3,1,3,4,3,4,2,2,3,4,2,3,3,2,4,1,3,1,2,3,2,1,3,2,4,4,3,2,4,3,2,2,3,4,2,4,4,3,4,3,2,4,2,1,2,1,3,3,1,1,3,3,2,3,3,4,1,2,1,3,3,2,1,3,1,2,1,1,2,4,2,3,1,1,1,4,4,1,4,2,2,1,4,2,4,2,2,2,1,4,2,3,3,2,4,1,1,1,2,1,1,2,2,2,2,1,3,4,1,3,4,3,2,1,4,3,1,1,2,2,3,3,2,2,1,4,1,1,1,2,4,2,1,2,4,2,3,3,2,1,1,4,1,3,4,1,4,3,2,2,1,4,2,3,2,3,1,1,2,2,3,3,3,2,2,3,1,2,3,2,4,1,1,3,3,2,1,3,3,1,3,1,3,2,3,1,1,3,2,1,1,1,2,4,3,2,4,3,2,4,3,3,2,4,2,4,1,1,3,3,3,3,4,4,3,4,1,1,4,2,1,2,1,4,4,3,3,1,2,2,2,1,2,4,2,1,3,3,4,1,4,1,1,3,2,1,4,3,1,4,1,1,1,4,4,3,4,3,3,3,2,2,3,4,3,1,3,4,3,1,2,4,4,4,3,3,2,1,4,2,1,2,3,1,2,1,1,2,4,2,4,2,1,2,1,3,1,3,4,2,3,2,3,3,3,4,1,4,3,2,1,3,1,3,1,1,4,2,4,1,1,2,3,1,4,4,2,1,3,4,3,2,3,2,4,2,1,3,4,1,3,2,2,3,2,3,1,3,4,4,2,3,1,2,2,1,4,1,1,1,1,3,1,4,1,4,3,2,4,3,1,3,1,4,1,3,4,1,1,1,2,2,3,3,1,4,2,1,4,3,2,1,2,2,1,4,3,2,1,2,2,3,4,2,3,1,1,1,3,2,1,3,4,3,3,4,3,1,2,3,3,1,1,4,3,3,3,2,3,1,3,1,1,1,2,3,1,3,2,3,4,1,2,1,1,4,3,4,1,4,2,1,1,3,2,2,3,3,3,4,3,4,4,2,1,2,1,2,3,4,4,4,2,3,2,1,3,1,4,4,4,4,1,1,1,1,1,4,4,4,2,4,2,1,3,3,2,4,2,1,1,3,4,2,2,1,1,4,2,1,1,2,2,4,2,2,3,4,2,1,1,1,3,1,2,2,2,2,4,1,2,4,2,4,2,3,3,2,1,1,4,4,4,3,1,3,4,4,2,2,2,3,1,4,1,3,1,1,2,2,2,1,4,1,2,2,4,4,2,2,3,3,4,4,3,1,1,3,1,2,1,4,3,1,1,2,2,3,4,4,2,1,2,1,2,2,3,2,1,1,3,1,3,1,3,1,1,4,3,2,1,1,3,2,2,4,4,2,3,3,1,4,4,4,2,3,2,3,4,3,3,4,3,2,1,1,1,2,3,2,3,4,3,1,4,3,4,3,2,3,1,2,2,1,1,1,4,3,2,2,4,3,1,4,3,3,2,2,3,4,2,3,3,2,2,2,2,4,1,2,4,3,1,2,3,4,4,1,1,3,1,3,2,3,2,1,1,1,3,4,4,2,1,1,2,3,2,2,2,2,3,3,3,1,1,2,2,2,4,2,4,1,3,1,2,3,4,3,3,2,4,3,4,3,1,3,2,2,2,4,1,4,3,4,4,2,3,4,4,2,2,2,3,3,2,1,4,2,2,3,1,1,4,2,2,4,1,1,2,2,3,2,1,2,2,4,1,1,1,1,3,4,1,4,3,3,1,2,1,4,1,1,2,3,4,3,2,1,3,1,1,3,4,2,4,3,2,1,1,1,1,1,1,2,3,4,2,4,3,4,3,1,2,2,3,1,3,1,3,3,1,2,1,3,3,2,1,2,4,4,4,4,1,4,2,4,4,3,2,2,2,4,2,2,3,2,4,2,3,2,4,2,2,2,4,3,1,4,4,1,2,1,1,1,2,3,1,1,3,3,3,4,3,4,3,3,3,4,1,3,3,4,1,4,1,3,4,1,4,2,2,3,4,4,3,2,3,2,2,3,4,3,1,2,4,3,3,4,2,1,1,3,1,4,3,1,3,2,1,4,1,1,3,3,2,3,3,1,3,2,4,2,2,1,1,2,1,1,4,4,1,2,1,2,2,2,3,4,1,2,4,1,1,3,4,2,2,4,3,4,2,3,1,4,3,3,2,1,1,4,3,2,2,3,1,4,1,3,1,1,4,1,4,4,3,4,3,2,3,2,1,2,2,2,1,1,1,2,3,4,1,1,3,3,3,1,4,2,3,4,1,2,3,2,1,3,4,4,2,4,4,1,1,4,2,4,1,2,2,3,3,4,3,1,2,1,3,1,2,3,1,1,3,2,4,1,2,3,1,2,2,2,2,1,2,1,3,4,1,3,2,3,2,1,2,1,1,1,4,3,4,2,2,1,1,1,2,2,2,4,4,2,1,4,4,1,3,3,2,4,3,3,3,1,1,1,2,2,3,3,4,1,1,1,2,3,2,2,4,1,2,3,3,1,2,2,3,1,3,1,1,3,2,2,1,3,2,4,2,1,2,3,4,4,2,1,2,2,4,3,4,1,4,3,1,1,2,3,4,1,3,3,1,3,2,1,3,2,3,3,2,2,2,3,3,1,3,1,4,1,1,4,1,1,4,4,2,1,2,4,1,2,4,2,1,4,1,4,1,2,1,2,1,3,2,1,1,1,3,4,1,3,1,2,2,1,2,4,1,4,1,2,3,1,2,2,3,1,3,3,1,3,4"
152,0.9886279079380575,0.5196078431372549,2329.0,"2,2,3,4,1,1,4,1,1,2,4,1,1,4,2,2,3,4,1,1,4,4,4,2,1,1,4,3,1,2,2,2,3,3,3,3,1,2,1,3,2,3,4,4,4,3,1,4,4,3,4,1,3,2,1,1,2,1,1,4,3,1,1,3,4,1,4,2,3,1,1,2,4,4,3,1,3,2,4,2,3,1,1,3,1,3,3,3,4,1,2,1,3,4,4,2,4,4,2,2,4,3,3,3,3,4,3,1,2,1,1,2,2,2,4,1,4,2,3,2,1,3,4,4,4,4,1,2,1,3,1,2,2,2,3,2,1,4,2,1,4,2,1,1,3,3,2,1,2,2,4,1,1,2,2,2,4,1,2,1,3,2,3,2,2,3,1,2,1,1,3,4,2,3,3,1,2,2,2,2,3,3,3,4,2,4,4,3,2,2,2,4,1,2,1,1,2,2,3,2,1,4,3,4,3,4,2,1,3,3,1,2,1,1,3,3,2,2,2,2,1,2,4,4,3,3,1,3,1,4,3,1,3,3,3,1,2,4,1,3,1,1,4,2,1,2,4,2,3,3,1,3,2,1,1,2,1,4,2,2,1,2,1,3,2,3,2,1,4,3,4,4,2,2,2,3,2,4,2,2,1,4,2,3,2,1,1,3,3,1,2,1,4,4,3,1,3,4,1,4,1,2,4,1,2,1,4,1,4,4,4,2,2,4,4,2,2,3,2,3,4,3,4,1,2,4,1,2,4,1,1,2,3,3,3,4,2,3,1,1,1,4,3,3,2,2,1,2,4,1,3,4,3,4,1,2,2,2,2,1,2,3,2,4,3,3,1,2,2,1,4,1,4,2,1,2,4,1,1,4,4,3,2,2,1,1,3,4,3,3,4,2,4,1,1,3,2,2,3,3,2,4,1,3,2,3,1,2,3,3,1,4,3,3,1,1,4,2,1,4,1,4,1,3,2,3,2,4,3,3,4,1,3,2,3,3,2,1,3,3,2,1,4,3,4,3,1,3,1,3,4,3,4,2,2,3,4,2,3,3,2,4,1,3,1,2,3,2,1,3,2,4,4,3,2,4,3,2,2,3,4,2,4,4,3,4,3,2,4,2,1,2,1,3,3,1,1,3,3,2,3,3,4,1,2,1,3,3,2,1,3,1,2,1,1,2,4,2,3,1,1,1,4,4,1,4,2,2,1,4,2,4,2,2,2,1,4,2,3,3,2,4,1,1,1,2,1,1,2,2,2,2,1,3,4,1,3,4,3,2,1,4,3,1,1,2,2,3,3,2,2,1,4,1,1,1,2,4,2,1,2,4,2,3,3,2,1,1,4,1,3,4,1,4,3,2,2,1,4,2,3,2,3,1,1,2,2,3,3,3,2,2,3,1,2,3,2,4,1,1,3,3,2,1,3,3,1,3,1,3,2,3,1,1,3,2,1,1,1,2,4,3,2,4,3,2,4,3,3,2,4,2,4,1,1,3,3,3,3,4,4,3,4,1,1,4,2,1,2,1,4,4,3,3,1,2,2,2,1,2,4,2,1,3,3,4,1,4,1,1,3,2,1,4,3,1,4,1,1,1,4,4,3,4,3,3,3,2,2,3,4,3,1,3,4,3,1,2,4,4,4,3,3,2,1,4,2,1,2,3,1,2,1,1,2,4,2,4,2,1,2,1,3,1,3,4,2,3,2,3,3,3,4,1,4,3,2,1,3,1,3,1,1,4,2,4,1,1,2,3,1,4,4,2,1,3,4,3,2,3,2,4,2,1,3,4,1,3,2,2,3,2,3,1,3,4,4,2,3,1,2,2,1,4,1,1,1,1,3,1,4,1,4,3,2,4,3,1,3,1,4,1,3,4,1,1,1,2,2,3,3,1,4,2,1,4,3,2,1,2,2,1,4,3,2,1,2,2,3,4,2,3,1,1,1,3,2,1,3,4,3,3,4,3,1,2,3,3,1,1,4,3,3,3,2,3,1,3,1,1,1,2,3,1,3,2,3,4,1,2,1,1,4,3,4,1,4,2,1,1,3,2,2,3,3,3,4,3,4,4,2,1,2,1,2,3,4,4,4,2,3,2,1,3,1,4,4,4,4,1,1,1,1,1,4,4,4,2,4,2,1,3,3,2,4,2,1,1,3,4,2,2,1,1,4,2,1,1,2,2,4,2,2,3,4,2,1,1,1,3,1,2,2,2,2,4,1,2,4,2,4,2,3,3,2,1,1,4,4,4,3,1,3,4,4,2,2,2,3,1,4,1,3,1,1,2,2,2,1,4,1,2,2,4,4,2,2,3,3,4,4,3,1,1,3,1,2,1,4,3,1,1,2,2,3,4,4,2,1,2,1,2,2,3,2,1,1,3,1,3,1,3,1,1,4,3,2,1,1,3,2,2,4,4,2,3,3,1,4,4,4,2,3,2,3,4,3,3,4,3,2,1,1,1,2,3,2,3,4,3,1,4,3,4,3,2,3,1,2,2,1,1,1,4,3,2,2,4,3,1,4,3,3,2,2,3,4,2,3,3,2,2,2,2,4,1,2,4,3,1,2,3,4,4,1,1,3,1,3,2,3,2,1,1,1,3,4,4,2,1,1,2,3,2,2,2,2,3,3,3,1,1,2,2,2,4,2,4,1,3,1,2,3,4,3,3,2,4,3,4,3,1,3,2,2,2,4,1,4,3,4,4,2,3,4,4,2,2,2,3,3,2,1,4,2,2,3,1,1,4,2,2,4,1,1,2,2,3,2,1,2,2,4,1,1,1,1,3,4,1,4,3,3,1,2,1,4,1,1,2,3,4,3,2,1,3,1,1,3,4,2,4,3,2,1,1,1,1,1,1,2,3,4,2,4,3,4,3,1,2,2,3,1,3,1,3,3,1,2,1,3,3,2,1,2,4,4,4,4,1,4,2,4,4,3,2,2,2,4,2,2,3,2,4,2,3,2,4,2,2,2,4,3,1,4,4,1,2,1,1,1,2,3,1,1,3,3,3,4,3,4,3,3,3,4,1,3,3,4,1,4,1,3,4,1,4,2,2,3,4,4,3,2,3,2,2,3,4,3,1,2,4,3,3,4,2,1,1,3,1,4,3,1,3,2,1,4,1,1,3,3,2,3,3,1,3,2,4,2,2,1,1,2,1,1,4,4,1,2,1,2,2,2,3,4,1,2,4,1,1,3,4,2,2,4,3,4,2,3,1,4,3,3,2,1,1,4,3,2,2,3,1,4,1,3,1,1,4,1,4,4,3,4,3,2,3,2,1,2,2,2,1,1,1,2,3,4,1,1,3,3,3,1,4,2,3,4,1,2,3,2,1,3,4,4,2,4,4,1,1,4,2,4,1,2,2,3,3,4,3,1,2,1,3,1,2,3,1,1,3,2,4,1,2,3,1,2,2,2,2,1,2,1,3,4,1,3,2,3,2,1,2,1,1,1,4,3,4,2,2,1,1,1,2,2,2,4,4,2,1,4,4,1,3,3,2,4,3,3,3,1,1,1,2,2,3,3,4,1,1,1,2,3,2,2,4,1,2,3,3,1,2,2,3,1,3,1,1,3,2,2,1,3,2,4,2,1,2,3,4,4,2,1,2,2,4,3,4,1,4,3,1,1,2,3,4,1,3,3,1,3,2,1,3,2,3,3,2,2,2,3,3,1,3,1,4,1,1,4,1,1,4,4,2,1,2,4,1,2,4,2,1,4,1,4,1,2,1,2,1,3,2,1,1,1,3,4,1,3,1,2,2,1,2,4,1,4,1,2,3,1,2,2,3,1,3,3,1,3,4"
153,0.9886279079380575,0.5196078431372549,2329.0,"2,2,3,4,1,1,4,1,1,2,4,1,1,4,2,2,3,4,1,1,4,4,4,2,1,1,4,3,1,2,2,2,3,3,3,3,1,2,1,3,2,3,4,4,4,3,1,4,4,3,4,1,3,2,1,1,2,1,1,4,3,1,1,3,4,1,4,2,3,1,1,2,4,4,3,1,3,2,4,2,3,1,1,3,1,3,3,3,4,1,2,1,3,4,4,2,4,4,2,2,4,3,3,3,3,4,3,1,2,1,1,2,2,2,4,1,4,2,3,2,1,3,4,4,4,4,1,2,1,3,1,2,2,2,3,2,1,4,2,1,4,2,1,1,3,3,2,1,2,2,4,1,1,2,2,2,4,1,2,1,3,2,3,2,2,3,1,2,1,1,3,4,2,3,3,1,2,2,2,2,3,3,3,4,2,4,4,3,2,2,2,4,1,2,1,1,2,2,3,2,1,4,3,4,3,4,2,1,3,3,1,2,1,1,3,3,2,2,2,2,1,2,4,4,3,3,1,3,1,4,3,1,3,3,3,1,2,4,1,3,1,1,4,2,1,2,4,2,3,3,1,3,2,1,1,2,1,4,2,2,1,2,1,3,2,3,2,1,4,3,4,4,2,2,2,3,2,4,2,2,1,4,2,3,2,1,1,3,3,1,2,1,4,4,3,1,3,4,1,4,1,2,4,1,2,1,4,1,4,4,4,2,2,4,4,2,2,3,2,3,4,3,4,1,2,4,1,2,4,1,1,2,3,3,3,4,2,3,1,1,1,4,3,3,2,2,1,2,4,1,3,4,3,4,1,2,2,2,2,1,2,3,2,4,3,3,1,2,2,1,4,1,4,2,1,2,4,1,1,4,4,3,2,2,1,1,3,4,3,3,4,2,4,1,1,3,2,2,3,3,2,4,1,3,2,3,1,2,3,3,1,4,3,3,1,1,4,2,1,4,1,4,1,3,2,3,2,4,3,3,4,1,3,2,3,3,2,1,3,3,2,1,4,3,4,3,1,3,1,3,4,3,4,2,2,3,4,2,3,3,2,4,1,3,1,2,3,2,1,3,2,4,4,3,2,4,3,2,2,3,4,2,4,4,3,4,3,2,4,2,1,2,1,3,3,1,1,3,3,2,3,3,4,1,2,1,3,3,2,1,3,1,2,1,1,2,4,2,3,1,1,1,4,4,1,4,2,2,1,4,2,4,2,2,2,1,4,2,3,3,2,4,1,1,1,2,1,1,2,2,2,2,1,3,4,1,3,4,3,2,1,4,3,1,1,2,2,3,3,2,2,1,4,1,1,1,2,4,2,1,2,4,2,3,3,2,1,1,4,1,3,4,1,4,3,2,2,1,4,2,3,2,3,1,1,2,2,3,3,3,2,2,3,1,2,3,2,4,1,1,3,3,2,1,3,3,1,3,1,3,2,3,1,1,3,2,1,1,1,2,4,3,2,4,3,2,4,3,3,2,4,2,4,1,1,3,3,3,3,4,4,3,4,1,1,4,2,1,2,1,4,4,3,3,1,2,2,2,1,2,4,2,1,3,3,4,1,4,1,1,3,2,1,4,3,1,4,1,1,1,4,4,3,4,3,3,3,2,2,3,4,3,1,3,4,3,1,2,4,4,4,3,3,2,1,4,2,1,2,3,1,2,1,1,2,4,2,4,2,1,2,1,3,1,3,4,2,3,2,3,3,3,4,1,4,3,2,1,3,1,3,1,1,4,2,4,1,1,2,3,1,4,4,2,1,3,4,3,2,3,2,4,2,1,3,4,1,3,2,2,3,2,3,1,3,4,4,2,3,1,2,2,1,4,1,1,1,1,3,1,4,1,4,3,2,4,3,1,3,1,4,1,3,4,1,1,1,2,2,3,3,1,4,2,1,4,3,2,1,2,2,1,4,3,2,1,2,2,3,4,2,3,1,1,1,3,2,1,3,4,3,3,4,3,1,2,3,3,1,1,4,3,3,3,2,3,1,3,1,1,1,2,3,1,3,2,3,4,1,2,1,1,4,3,4,1,4,2,1,1,3,2,2,3,3,3,4,3,4,4,2,1,2,1,2,3,4,4,4,2,3,2,1,3,1,4,4,4,4,1,1,1,1,1,4,4,4,2,4,2,1,3,3,2,4,2,1,1,3,4,2,2,1,1,4,2,1,1,2,2,4,2,2,3,4,2,1,1,1,3,1,2,2,2,2,4,1,2,4,2,4,2,3,3,2,1,1,4,4,4,3,1,3,4,4,2,2,2,3,1,4,1,3,1,1,2,2,2,1,4,1,2,2,4,4,2,2,3,3,4,4,3,1,1,3,1,2,1,4,3,1,1,2,2,3,4,4,2,1,2,1,2,2,3,2,1,1,3,1,3,1,3,1,1,4,3,2,1,1,3,2,2,4,4,2,3,3,1,4,4,4,2,3,2,3,4,3,3,4,3,2,1,1,1,2,3,2,3,4,3,1,4,3,4,3,2,3,1,2,2,1,1,1,4,3,2,2,4,3,1,4,3,3,2,2,3,4,2,3,3,2,2,2,2,4,1,2,4,3,1,2,3,4,4,1,1,3,1,3,2,3,2,1,1,1,3,4,4,2,1,1,2,3,2,2,2,2,3,3,3,1,1,2,2,2,4,2,4,1,3,1,2,3,4,3,3,2,4,3,4,3,1,3,2,2,2,4,1,4,3,4,4,2,3,4,4,2,2,2,3,3,2,1,4,2,2,3,1,1,4,2,2,4,1,1,2,2,3,2,1,2,2,4,1,1,1,1,3,4,1,4,3,3,1,2,1,4,1,1,2,3,4,3,2,1,3,1,1,3,4,2,4,3,2,1,1,1,1,1,1,2,3,4,2,4,3,4,3,1,2,2,3,1,3,1,3,3,1,2,1,3,3,2,1,2,4,4,4,4,1,4,2,4,4,3,2,2,2,4,2,2,3,2,4,2,3,2,4,2,2,2,4,3,1,4,4,1,2,1,1,1,2,3,1,1,3,3,3,4,3,4,3,3,3,4,1,3,3,4,1,4,1,3,4,1,4,2,2,3,4,4,3,2,3,2,2,3,4,3,1,2,4,3,3,4,2,1,1,3,1,4,3,1,3,2,1,4,1,1,3,3,2,3,3,1,3,2,4,2,2,1,1,2,1,1,4,4,1,2,1,2,2,2,3,4,1,2,4,1,1,3,4,2,2,4,3,4,2,3,1,4,3,3,2,1,1,4,3,2,2,3,1,4,1,3,1,1,4,1,4,4,3,4,3,2,3,2,1,2,2,2,1,1,1,2,3,4,1,1,3,3,3,1,4,2,3,4,1,2,3,2,1,3,4,4,2,4,4,1,1,4,2,4,1,2,2,3,3,4,3,1,2,1,3,1,2,3,1,1,3,2,4,1,2,3,1,2,2,2,2,1,2,1,3,4,1,3,2,3,2,1,2,1,1,1,4,3,4,2,2,1,1,1,2,2,2,4,4,2,1,4,4,1,3,3,2,4,3,3,3,1,1,1,2,2,3,3,4,1,1,1,2,3,2,2,4,1,2,3,3,1,2,2,3,1,3,1,1,3,2,2,1,3,2,4,2,1,2,3,4,4,2,1,2,2,4,3,4,1,4,3,1,1,2,3,4,1,3,3,1,3,2,1,3,2,3,3,2,2,2,3,3,1,3,1,4,1,1,4,1,1,4,4,2,1,2,4,1,2,4,2,1,4,1,4,1,2,1,2,1,3,2,1,1,1,3,4,1,3,1,2,2,1,2,4,1,4,1,2,3,1,2,2,3,1,3,3,1,3,4"
154,0.9886279079380575,0.5196078431372549,2329.0,"2,2,3,4,1,1,4,1,1,2,4,1,1,4,2,2,3,4,1,1,4,4,4,2,1,1,4,3,1,2,2,2,3,3,3,3,1,2,1,3,2,3,4,4,4,3,1,4,4,3,4,1,3,2,1,1,2,1,1,4,3,1,1,3,4,1,4,2,3,1,1,2,4,4,3,1,3,2,4,2,3,1,1,3,1,3,3,3,4,1,2,1,3,4,4,2,4,4,2,2,4,3,3,3,3,4,3,1,2,1,1,2,2,2,4,1,4,2,3,2,1,3,4,4,4,4,1,2,1,3,1,2,2,2,3,2,1,4,2,1,4,2,1,1,3,3,2,1,2,2,4,1,1,2,2,2,4,1,2,1,3,2,3,2,2,3,1,2,1,1,3,4,2,3,3,1,2,2,2,2,3,3,3,4,2,4,4,3,2,2,2,4,1,2,1,1,2,2,3,2,1,4,3,4,3,4,2,1,3,3,1,2,1,1,3,3,2,2,2,2,1,2,4,4,3,3,1,3,1,4,3,1,3,3,3,1,2,4,1,3,1,1,4,2,1,2,4,2,3,3,1,3,2,1,1,2,1,4,2,2,1,2,1,3,2,3,2,1,4,3,4,4,2,2,2,3,2,4,2,2,1,4,2,3,2,1,1,3,3,1,2,1,4,4,3,1,3,4,1,4,1,2,4,1,2,1,4,1,4,4,4,2,2,4,4,2,2,3,2,3,4,3,4,1,2,4,1,2,4,1,1,2,3,3,3,4,2,3,1,1,1,4,3,3,2,2,1,2,4,1,3,4,3,4,1,2,2,2,2,1,2,3,2,4,3,3,1,2,2,1,4,1,4,2,1,2,4,1,1,4,4,3,2,2,1,1,3,4,3,3,4,2,4,1,1,3,2,2,3,3,2,4,1,3,2,3,1,2,3,3,1,4,3,3,1,1,4,2,1,4,1,4,1,3,2,3,2,4,3,3,4,1,3,2,3,3,2,1,3,3,2,1,4,3,4,3,1,3,1,3,4,3,4,2,2,3,4,2,3,3,2,4,1,3,1,2,3,2,1,3,2,4,4,3,2,4,3,2,2,3,4,2,4,4,3,4,3,2,4,2,1,2,1,3,3,1,1,3,3,2,3,3,4,1,2,1,3,3,2,1,3,1,2,1,1,2,4,2,3,1,1,1,4,4,1,4,2,2,1,4,2,4,2,2,2,1,4,2,3,3,2,4,1,1,1,2,1,1,2,2,2,2,1,3,4,1,3,4,3,2,1,4,3,1,1,2,2,3,3,2,2,1,4,1,1,1,2,4,2,1,2,4,2,3,3,2,1,1,4,1,3,4,1,4,3,2,2,1,4,2,3,2,3,1,1,2,2,3,3,3,2,2,3,1,2,3,2,4,1,1,3,3,2,1,3,3,1,3,1,3,2,3,1,1,3,2,1,1,1,2,4,3,2,4,3,2,4,3,3,2,4,2,4,1,1,3,3,3,3,4,4,3,4,1,1,4,2,1,2,1,4,4,3,3,1,2,2,2,1,2,4,2,1,3,3,4,1,4,1,1,3,2,1,4,3,1,4,1,1,1,4,4,3,4,3,3,3,2,2,3,4,3,1,3,4,3,1,2,4,4,4,3,3,2,1,4,2,1,2,3,1,2,1,1,2,4,2,4,2,1,2,1,3,1,3,4,2,3,2,3,3,3,4,1,4,3,2,1,3,1,3,1,1,4,2,4,1,1,2,3,1,4,4,2,1,3,4,3,2,3,2,4,2,1,3,4,1,3,2,2,3,2,3,1,3,4,4,2,3,1,2,2,1,4,1,1,1,1,3,1,4,1,4,3,2,4,3,1,3,1,4,1,3,4,1,1,1,2,2,3,3,1,4,2,1,4,3,2,1,2,2,1,4,3,2,1,2,2,3,4,2,3,1,1,1,3,2,1,3,4,3,3,4,3,1,2,3,3,1,1,4,3,3,3,2,3,1,3,1,1,1,2,3,1,3,2,3,4,1,2,1,1,4,3,4,1,4,2,1,1,3,2,2,3,3,3,4,3,4,4,2,1,2,1,2,3,4,4,4,2,3,2,1,3,1,4,4,4,4,1,1,1,1,1,4,4,4,2,4,2,1,3,3,2,4,2,1,1,3,4,2,2,1,1,4,2,1,1,2,2,4,2,2,3,4,2,1,1,1,3,1,2,2,2,2,4,1,2,4,2,4,2,3,3,2,1,1,4,4,4,3,1,3,4,4,2,2,2,3,1,4,1,3,1,1,2,2,2,1,4,1,2,2,4,4,2,2,3,3,4,4,3,1,1,3,1,2,1,4,3,1,1,2,2,3,4,4,2,1,2,1,2,2,3,2,1,1,3,1,3,1,3,1,1,4,3,2,1,1,3,2,2,4,4,2,3,3,1,4,4,4,2,3,2,3,4,3,3,4,3,2,1,1,1,2,3,2,3,4,3,1,4,3,4,3,2,3,1,2,2,1,1,1,4,3,2,2,4,3,1,4,3,3,2,2,3,4,2,3,3,2,2,2,2,4,1,2,4,3,1,2,3,4,4,1,1,3,1,3,2,3,2,1,1,1,3,4,4,2,1,1,2,3,2,2,2,2,3,3,3,1,1,2,2,2,4,2,4,1,3,1,2,3,4,3,3,2,4,3,4,3,1,3,2,2,2,4,1,4,3,4,4,2,3,4,4,2,2,2,3,3,2,1,4,2,2,3,1,1,4,2,2,4,1,1,2,2,3,2,1,2,2,4,1,1,1,1,3,4,1,4,3,3,1,2,1,4,1,1,2,3,4,3,2,1,3,1,1,3,4,2,4,3,2,1,1,1,1,1,1,2,3,4,2,4,3,4,3,1,2,2,3,1,3,1,3,3,1,2,1,3,3,2,1,2,4,4,4,4,1,4,2,4,4,3,2,2,2,4,2,2,3,2,4,2,3,2,4,2,2,2,4,3,1,4,4,1,2,1,1,1,2,3,1,1,3,3,3,4,3,4,3,3,3,4,1,3,3,4,1,4,1,3,4,1,4,2,2,3,4,4,3,2,3,2,2,3,4,3,1,2,4,3,3,4,2,1,1,3,1,4,3,1,3,2,1,4,1,1,3,3,2,3,3,1,3,2,4,2,2,1,1,2,1,1,4,4,1,2,1,2,2,2,3,4,1,2,4,1,1,3,4,2,2,4,3,4,2,3,1,4,3,3,2,1,1,4,3,2,2,3,1,4,1,3,1,1,4,1,4,4,3,4,3,2,3,2,1,2,2,2,1,1,1,2,3,4,1,1,3,3,3,1,4,2,3,4,1,2,3,2,1,3,4,4,2,4,4,1,1,4,2,4,1,2,2,3,3,4,3,1,2,1,3,1,2,3,1,1,3,2,4,1,2,3,1,2,2,2,2,1,2,1,3,4,1,3,2,3,2,1,2,1,1,1,4,3,4,2,2,1,1,1,2,2,2,4,4,2,1,4,4,1,3,3,2,4,3,3,3,1,1,1,2,2,3,3,4,1,1,1,2,3,2,2,4,1,2,3,3,1,2,2,3,1,3,1,1,3,2,2,1,3,2,4,2,1,2,3,4,4,2,1,2,2,4,3,4,1,4,3,1,1,2,3,4,1,3,3,1,3,2,1,3,2,3,3,2,2,2,3,3,1,3,1,4,1,1,4,1,1,4,4,2,1,2,4,1,2,4,2,1,4,1,4,1,2,1,2,1,3,2,1,1,1,3,4,1,3,1,2,2,1,2,4,1,4,1,2,3,1,2,2,3,1,3,3,1,3,4"
155,0.9886279079380575,0.5196078431372549,2329.0,"2,2,3,4,1,1,4,1,1,2,4,1,1,4,2,2,3,4,1,1,4,4,4,2,1,1,4,3,1,2,2,2,3,3,3,3,1,2,1,3,2,3,4,4,4,3,1,4,4,3,4,1,3,2,1,1,2,1,1,4,3,1,1,3,4,1,4,2,3,1,1,2,4,4,3,1,3,2,4,2,3,1,1,3,1,3,3,3,4,1,2,1,3,4,4,2,4,4,2,2,4,3,3,3,3,4,3,1,2,1,1,2,2,2,4,1,4,2,3,2,1,3,4,4,4,4,1,2,1,3,1,2,2,2,3,2,1,4,2,1,4,2,1,1,3,3,2,1,2,2,4,1,1,2,2,2,4,1,2,1,3,2,3,2,2,3,1,2,1,1,3,4,2,3,3,1,2,2,2,2,3,3,3,4,2,4,4,3,2,2,2,4,1,2,1,1,2,2,3,2,1,4,3,4,3,4,2,1,3,3,1,2,1,1,3,3,2,2,2,2,1,2,4,4,3,3,1,3,1,4,3,1,3,3,3,1,2,4,1,3,1,1,4,2,1,2,4,2,3,3,1,3,2,1,1,2,1,4,2,2,1,2,1,3,2,3,2,1,4,3,4,4,2,2,2,3,2,4,2,2,1,4,2,3,2,1,1,3,3,1,2,1,4,4,3,1,3,4,1,4,1,2,4,1,2,1,4,1,4,4,4,2,2,4,4,2,2,3,2,3,4,3,4,1,2,4,1,2,4,1,1,2,3,3,3,4,2,3,1,1,1,4,3,3,2,2,1,2,4,1,3,4,3,4,1,2,2,2,2,1,2,3,2,4,3,3,1,2,2,1,4,1,4,2,1,2,4,1,1,4,4,3,2,2,1,1,3,4,3,3,4,2,4,1,1,3,2,2,3,3,2,4,1,3,2,3,1,2,3,3,1,4,3,3,1,1,4,2,1,4,1,4,1,3,2,3,2,4,3,3,4,1,3,2,3,3,2,1,3,3,2,1,4,3,4,3,1,3,1,3,4,3,4,2,2,3,4,2,3,3,2,4,1,3,1,2,3,2,1,3,2,4,4,3,2,4,3,2,2,3,4,2,4,4,3,4,3,2,4,2,1,2,1,3,3,1,1,3,3,2,3,3,4,1,2,1,3,3,2,1,3,1,2,1,1,2,4,2,3,1,1,1,4,4,1,4,2,2,1,4,2,4,2,2,2,1,4,2,3,3,2,4,1,1,1,2,1,1,2,2,2,2,1,3,4,1,3,4,3,2,1,4,3,1,1,2,2,3,3,2,2,1,4,1,1,1,2,4,2,1,2,4,2,3,3,2,1,1,4,1,3,4,1,4,3,2,2,1,4,2,3,2,3,1,1,2,2,3,3,3,2,2,3,1,2,3,2,4,1,1,3,3,2,1,3,3,1,3,1,3,2,3,1,1,3,2,1,1,1,2,4,3,2,4,3,2,4,3,3,2,4,2,4,1,1,3,3,3,3,4,4,3,4,1,1,4,2,1,2,1,4,4,3,3,1,2,2,2,1,2,4,2,1,3,3,4,1,4,1,1,3,2,1,4,3,1,4,1,1,1,4,4,3,4,3,3,3,2,2,3,4,3,1,3,4,3,1,2,4,4,4,3,3,2,1,4,2,1,2,3,1,2,1,1,2,4,2,4,2,1,2,1,3,1,3,4,2,3,2,3,3,3,4,1,4,3,2,1,3,1,3,1,1,4,2,4,1,1,2,3,1,4,4,2,1,3,4,3,2,3,2,4,2,1,3,4,1,3,2,2,3,2,3,1,3,4,4,2,3,1,2,2,1,4,1,1,1,1,3,1,4,1,4,3,2,4,3,1,3,1,4,1,3,4,1,1,1,2,2,3,3,1,4,2,1,4,3,2,1,2,2,1,4,3,2,1,2,2,3,4,2,3,1,1,1,3,2,1,3,4,3,3,4,3,1,2,3,3,1,1,4,3,3,3,2,3,1,3,1,1,1,2,3,1,3,2,3,4,1,2,1,1,4,3,4,1,4,2,1,1,3,2,2,3,3,3,4,3,4,4,2,1,2,1,2,3,4,4,4,2,3,2,1,3,1,4,4,4,4,1,1,1,1,1,4,4,4,2,4,2,1,3,3,2,4,2,1,1,3,4,2,2,1,1,4,2,1,1,2,2,4,2,2,3,4,2,1,1,1,3,1,2,2,2,2,4,1,2,4,2,4,2,3,3,2,1,1,4,4,4,3,1,3,4,4,2,2,2,3,1,4,1,3,1,1,2,2,2,1,4,1,2,2,4,4,2,2,3,3,4,4,3,1,1,3,1,2,1,4,3,1,1,2,2,3,4,4,2,1,2,1,2,2,3,2,1,1,3,1,3,1,3,1,1,4,3,2,1,1,3,2,2,4,4,2,3,3,1,4,4,4,2,3,2,3,4,3,3,4,3,2,1,1,1,2,3,2,3,4,3,1,4,3,4,3,2,3,1,2,2,1,1,1,4,3,2,2,4,3,1,4,3,3,2,2,3,4,2,3,3,2,2,2,2,4,1,2,4,3,1,2,3,4,4,1,1,3,1,3,2,3,2,1,1,1,3,4,4,2,1,1,2,3,2,2,2,2,3,3,3,1,1,2,2,2,4,2,4,1,3,1,2,3,4,3,3,2,4,3,4,3,1,3,2,2,2,4,1,4,3,4,4,2,3,4,4,2,2,2,3,3,2,1,4,2,2,3,1,1,4,2,2,4,1,1,2,2,3,2,1,2,2,4,1,1,1,1,3,4,1,4,3,3,1,2,1,4,1,1,2,3,4,3,2,1,3,1,1,3,4,2,4,3,2,1,1,1,1,1,1,2,3,4,2,4,3,4,3,1,2,2,3,1,3,1,3,3,1,2,1,3,3,2,1,2,4,4,4,4,1,4,2,4,4,3,2,2,2,4,2,2,3,2,4,2,3,2,4,2,2,2,4,3,1,4,4,1,2,1,1,1,2,3,1,1,3,3,3,4,3,4,3,3,3,4,1,3,3,4,1,4,1,3,4,1,4,2,2,3,4,4,3,2,3,2,2,3,4,3,1,2,4,3,3,4,2,1,1,3,1,4,3,1,3,2,1,4,1,1,3,3,2,3,3,1,3,2,4,2,2,1,1,2,1,1,4,4,1,2,1,2,2,2,3,4,1,2,4,1,1,3,4,2,2,4,3,4,2,3,1,4,3,3,2,1,1,4,3,2,2,3,1,4,1,3,1,1,4,1,4,4,3,4,3,2,3,2,1,2,2,2,1,1,1,2,3,4,1,1,3,3,3,1,4,2,3,4,1,2,3,2,1,3,4,4,2,4,4,1,1,4,2,4,1,2,2,3,3,4,3,1,2,1,3,1,2,3,1,1,3,2,4,1,2,3,1,2,2,2,2,1,2,1,3,4,1,3,2,3,2,1,2,1,1,1,4,3,4,2,2,1,1,1,2,2,2,4,4,2,1,4,4,1,3,3,2,4,3,3,3,1,1,1,2,2,3,3,4,1,1,1,2,3,2,2,4,1,2,3,3,1,2,2,3,1,3,1,1,3,2,2,1,3,2,4,2,1,2,3,4,4,2,1,2,2,4,3,4,1,4,3,1,1,2,3,4,1,3,3,1,3,2,1,3,2,3,3,2,2,2,3,3,1,3,1,4,1,1,4,1,1,4,4,2,1,2,4,1,2,4,2,1,4,1,4,1,2,1,2,1,3,2,1,1,1,3,4,1,3,1,2,2,1,2,4,1,4,1,2,3,1,2,2,3,1,3,3,1,3,4"
156,0.9886279079380575,0.5196078431372549,2329.0,"2,2,3,4,1,1,4,1,1,2,4,1,1,4,2,2,3,4,1,1,4,4,4,2,1,1,4,3,1,2,2,2,3,3,3,3,1,2,1,3,2,3,4,4,4,3,1,4,4,3,4,1,3,2,1,1,2,1,1,4,3,1,1,3,4,1,4,2,3,1,1,2,4,4,3,1,3,2,4,2,3,1,1,3,1,3,3,3,4,1,2,1,3,4,4,2,4,4,2,2,4,3,3,3,3,4,3,1,2,1,1,2,2,2,4,1,4,2,3,2,1,3,4,4,4,4,1,2,1,3,1,2,2,2,3,2,1,4,2,1,4,2,1,1,3,3,2,1,2,2,4,1,1,2,2,2,4,1,2,1,3,2,3,2,2,3,1,2,1,1,3,4,2,3,3,1,2,2,2,2,3,3,3,4,2,4,4,3,2,2,2,4,1,2,1,1,2,2,3,2,1,4,3,4,3,4,2,1,3,3,1,2,1,1,3,3,2,2,2,2,1,2,4,4,3,3,1,3,1,4,3,1,3,3,3,1,2,4,1,3,1,1,4,2,1,2,4,2,3,3,1,3,2,1,1,2,1,4,2,2,1,2,1,3,2,3,2,1,4,3,4,4,2,2,2,3,2,4,2,2,1,4,2,3,2,1,1,3,3,1,2,1,4,4,3,1,3,4,1,4,1,2,4,1,2,1,4,1,4,4,4,2,2,4,4,2,2,3,2,3,4,3,4,1,2,4,1,2,4,1,1,2,3,3,3,4,2,3,1,1,1,4,3,3,2,2,1,2,4,1,3,4,3,4,1,2,2,2,2,1,2,3,2,4,3,3,1,2,2,1,4,1,4,2,1,2,4,1,1,4,4,3,2,2,1,1,3,4,3,3,4,2,4,1,1,3,2,2,3,3,2,4,1,3,2,3,1,2,3,3,1,4,3,3,1,1,4,2,1,4,1,4,1,3,2,3,2,4,3,3,4,1,3,2,3,3,2,1,3,3,2,1,4,3,4,3,1,3,1,3,4,3,4,2,2,3,4,2,3,3,2,4,1,3,1,2,3,2,1,3,2,4,4,3,2,4,3,2,2,3,4,2,4,4,3,4,3,2,4,2,1,2,1,3,3,1,1,3,3,2,3,3,4,1,2,1,3,3,2,1,3,1,2,1,1,2,4,2,3,1,1,1,4,4,1,4,2,2,1,4,2,4,2,2,2,1,4,2,3,3,2,4,1,1,1,2,1,1,2,2,2,2,1,3,4,1,3,4,3,2,1,4,3,1,1,2,2,3,3,2,2,1,4,1,1,1,2,4,2,1,2,4,2,3,3,2,1,1,4,1,3,4,1,4,3,2,2,1,4,2,3,2,3,1,1,2,2,3,3,3,2,2,3,1,2,3,2,4,1,1,3,3,2,1,3,3,1,3,1,3,2,3,1,1,3,2,1,1,1,2,4,3,2,4,3,2,4,3,3,2,4,2,4,1,1,3,3,3,3,4,4,3,4,1,1,4,2,1,2,1,4,4,3,3,1,2,2,2,1,2,4,2,1,3,3,4,1,4,1,1,3,2,1,4,3,1,4,1,1,1,4,4,3,4,3,3,3,2,2,3,4,3,1,3,4,3,1,2,4,4,4,3,3,2,1,4,2,1,2,3,1,2,1,1,2,4,2,4,2,1,2,1,3,1,3,4,2,3,2,3,3,3,4,1,4,3,2,1,3,1,3,1,1,4,2,4,1,1,2,3,1,4,4,2,1,3,4,3,2,3,2,4,2,1,3,4,1,3,2,2,3,2,3,1,3,4,4,2,3,1,2,2,1,4,1,1,1,1,3,1,4,1,4,3,2,4,3,1,3,1,4,1,3,4,1,1,1,2,2,3,3,1,4,2,1,4,3,2,1,2,2,1,4,3,2,1,2,2,3,4,2,3,1,1,1,3,2,1,3,4,3,3,4,3,1,2,3,3,1,1,4,3,3,3,2,3,1,3,1,1,1,2,3,1,3,2,3,4,1,2,1,1,4,3,4,1,4,2,1,1,3,2,2,3,3,3,4,3,4,4,2,1,2,1,2,3,4,4,4,2,3,2,1,3,1,4,4,4,4,1,1,1,1,1,4,4,4,2,4,2,1,3,3,2,4,2,1,1,3,4,2,2,1,1,4,2,1,1,2,2,4,2,2,3,4,2,1,1,1,3,1,2,2,2,2,4,1,2,4,2,4,2,3,3,2,1,1,4,4,4,3,1,3,4,4,2,2,2,3,1,4,1,3,1,1,2,2,2,1,4,1,2,2,4,4,2,2,3,3,4,4,3,1,1,3,1,2,1,4,3,1,1,2,2,3,4,4,2,1,2,1,2,2,3,2,1,1,3,1,3,1,3,1,1,4,3,2,1,1,3,2,2,4,4,2,3,3,1,4,4,4,2,3,2,3,4,3,3,4,3,2,1,1,1,2,3,2,3,4,3,1,4,3,4,3,2,3,1,2,2,1,1,1,4,3,2,2,4,3,1,4,3,3,2,2,3,4,2,3,3,2,2,2,2,4,1,2,4,3,1,2,3,4,4,1,1,3,1,3,2,3,2,1,1,1,3,4,4,2,1,1,2,3,2,2,2,2,3,3,3,1,1,2,2,2,4,2,4,1,3,1,2,3,4,3,3,2,4,3,4,3,1,3,2,2,2,4,1,4,3,4,4,2,3,4,4,2,2,2,3,3,2,1,4,2,2,3,1,1,4,2,2,4,1,1,2,2,3,2,1,2,2,4,1,1,1,1,3,4,1,4,3,3,1,2,1,4,1,1,2,3,4,3,2,1,3,1,1,3,4,2,4,3,2,1,1,1,1,1,1,2,3,4,2,4,3,4,3,1,2,2,3,1,3,1,3,3,1,2,1,3,3,2,1,2,4,4,4,4,1,4,2,4,4,3,2,2,2,4,2,2,3,2,4,2,3,2,4,2,2,2,4,3,1,4,4,1,2,1,1,1,2,3,1,1,3,3,3,4,3,4,3,3,3,4,1,3,3,4,1,4,1,3,4,1,4,2,2,3,4,4,3,2,3,2,2,3,4,3,1,2,4,3,3,4,2,1,1,3,1,4,3,1,3,2,1,4,1,1,3,3,2,3,3,1,3,2,4,2,2,1,1,2,1,1,4,4,1,2,1,2,2,2,3,4,1,2,4,1,1,3,4,2,2,4,3,4,2,3,1,4,3,3,2,1,1,4,3,2,2,3,1,4,1,3,1,1,4,1,4,4,3,4,3,2,3,2,1,2,2,2,1,1,1,2,3,4,1,1,3,3,3,1,4,2,3,4,1,2,3,2,1,3,4,4,2,4,4,1,1,4,2,4,1,2,2,3,3,4,3,1,2,1,3,1,2,3,1,1,3,2,4,1,2,3,1,2,2,2,2,1,2,1,3,4,1,3,2,3,2,1,2,1,1,1,4,3,4,2,2,1,1,1,2,2,2,4,4,2,1,4,4,1,3,3,2,4,3,3,3,1,1,1,2,2,3,3,4,1,1,1,2,3,2,2,4,1,2,3,3,1,2,2,3,1,3,1,1,3,2,2,1,3,2,4,2,1,2,3,4,4,2,1,2,2,4,3,4,1,4,3,1,1,2,3,4,1,3,3,1,3,2,1,3,2,3,3,2,2,2,3,3,1,3,1,4,1,1,4,1,1,4,4,2,1,2,4,1,2,4,2,1,4,1,4,1,2,1,2,1,3,2,1,1,1,3,4,1,3,1,2,2,1,2,4,1,4,1,2,3,1,2,2,3,1,3,3,1,3,4"
157,0.9886279079380575,0.5196078431372549,2329.0,"2,2,3,4,1,1,4,1,1,2,4,1,1,4,2,2,3,4,1,1,4,4,4,2,1,1,4,3,1,2,2,2,3,3,3,3,1,2,1,3,2,3,4,4,4,3,1,4,4,3,4,1,3,2,1,1,2,1,1,4,3,1,1,3,4,1,4,2,3,1,1,2,4,4,3,1,3,2,4,2,3,1,1,3,1,3,3,3,4,1,2,1,3,4,4,2,4,4,2,2,4,3,3,3,3,4,3,1,2,1,1,2,2,2,4,1,4,2,3,2,1,3,4,4,4,4,1,2,1,3,1,2,2,2,3,2,1,4,2,1,4,2,1,1,3,3,2,1,2,2,4,1,1,2,2,2,4,1,2,1,3,2,3,2,2,3,1,2,1,1,3,4,2,3,3,1,2,2,2,2,3,3,3,4,2,4,4,3,2,2,2,4,1,2,1,1,2,2,3,2,1,4,3,4,3,4,2,1,3,3,1,2,1,1,3,3,2,2,2,2,1,2,4,4,3,3,1,3,1,4,3,1,3,3,3,1,2,4,1,3,1,1,4,2,1,2,4,2,3,3,1,3,2,1,1,2,1,4,2,2,1,2,1,3,2,3,2,1,4,3,4,4,2,2,2,3,2,4,2,2,1,4,2,3,2,1,1,3,3,1,2,1,4,4,3,1,3,4,1,4,1,2,4,1,2,1,4,1,4,4,4,2,2,4,4,2,2,3,2,3,4,3,4,1,2,4,1,2,4,1,1,2,3,3,3,4,2,3,1,1,1,4,3,3,2,2,1,2,4,1,3,4,3,4,1,2,2,2,2,1,2,3,2,4,3,3,1,2,2,1,4,1,4,2,1,2,4,1,1,4,4,3,2,2,1,1,3,4,3,3,4,2,4,1,1,3,2,2,3,3,2,4,1,3,2,3,1,2,3,3,1,4,3,3,1,1,4,2,1,4,1,4,1,3,2,3,2,4,3,3,4,1,3,2,3,3,2,1,3,3,2,1,4,3,4,3,1,3,1,3,4,3,4,2,2,3,4,2,3,3,2,4,1,3,1,2,3,2,1,3,2,4,4,3,2,4,3,2,2,3,4,2,4,4,3,4,3,2,4,2,1,2,1,3,3,1,1,3,3,2,3,3,4,1,2,1,3,3,2,1,3,1,2,1,1,2,4,2,3,1,1,1,4,4,1,4,2,2,1,4,2,4,2,2,2,1,4,2,3,3,2,4,1,1,1,2,1,1,2,2,2,2,1,3,4,1,3,4,3,2,1,4,3,1,1,2,2,3,3,2,2,1,4,1,1,1,2,4,2,1,2,4,2,3,3,2,1,1,4,1,3,4,1,4,3,2,2,1,4,2,3,2,3,1,1,2,2,3,3,3,2,2,3,1,2,3,2,4,1,1,3,3,2,1,3,3,1,3,1,3,2,3,1,1,3,2,1,1,1,2,4,3,2,4,3,2,4,3,3,2,4,2,4,1,1,3,3,3,3,4,4,3,4,1,1,4,2,1,2,1,4,4,3,3,1,2,2,2,1,2,4,2,1,3,3,4,1,4,1,1,3,2,1,4,3,1,4,1,1,1,4,4,3,4,3,3,3,2,2,3,4,3,1,3,4,3,1,2,4,4,4,3,3,2,1,4,2,1,2,3,1,2,1,1,2,4,2,4,2,1,2,1,3,1,3,4,2,3,2,3,3,3,4,1,4,3,2,1,3,1,3,1,1,4,2,4,1,1,2,3,1,4,4,2,1,3,4,3,2,3,2,4,2,1,3,4,1,3,2,2,3,2,3,1,3,4,4,2,3,1,2,2,1,4,1,1,1,1,3,1,4,1,4,3,2,4,3,1,3,1,4,1,3,4,1,1,1,2,2,3,3,1,4,2,1,4,3,2,1,2,2,1,4,3,2,1,2,2,3,4,2,3,1,1,1,3,2,1,3,4,3,3,4,3,1,2,3,3,1,1,4,3,3,3,2,3,1,3,1,1,1,2,3,1,3,2,3,4,1,2,1,1,4,3,4,1,4,2,1,1,3,2,2,3,3,3,4,3,4,4,2,1,2,1,2,3,4,4,4,2,3,2,1,3,1,4,4,4,4,1,1,1,1,1,4,4,4,2,4,2,1,3,3,2,4,2,1,1,3,4,2,2,1,1,4,2,1,1,2,2,4,2,2,3,4,2,1,1,1,3,1,2,2,2,2,4,1,2,4,2,4,2,3,3,2,1,1,4,4,4,3,1,3,4,4,2,2,2,3,1,4,1,3,1,1,2,2,2,1,4,1,2,2,4,4,2,2,3,3,4,4,3,1,1,3,1,2,1,4,3,1,1,2,2,3,4,4,2,1,2,1,2,2,3,2,1,1,3,1,3,1,3,1,1,4,3,2,1,1,3,2,2,4,4,2,3,3,1,4,4,4,2,3,2,3,4,3,3,4,3,2,1,1,1,2,3,2,3,4,3,1,4,3,4,3,2,3,1,2,2,1,1,1,4,3,2,2,4,3,1,4,3,3,2,2,3,4,2,3,3,2,2,2,2,4,1,2,4,3,1,2,3,4,4,1,1,3,1,3,2,3,2,1,1,1,3,4,4,2,1,1,2,3,2,2,2,2,3,3,3,1,1,2,2,2,4,2,4,1,3,1,2,3,4,3,3,2,4,3,4,3,1,3,2,2,2,4,1,4,3,4,4,2,3,4,4,2,2,2,3,3,2,1,4,2,2,3,1,1,4,2,2,4,1,1,2,2,3,2,1,2,2,4,1,1,1,1,3,4,1,4,3,3,1,2,1,4,1,1,2,3,4,3,2,1,3,1,1,3,4,2,4,3,2,1,1,1,1,1,1,2,3,4,2,4,3,4,3,1,2,2,3,1,3,1,3,3,1,2,1,3,3,2,1,2,4,4,4,4,1,4,2,4,4,3,2,2,2,4,2,2,3,2,4,2,3,2,4,2,2,2,4,3,1,4,4,1,2,1,1,1,2,3,1,1,3,3,3,4,3,4,3,3,3,4,1,3,3,4,1,4,1,3,4,1,4,2,2,3,4,4,3,2,3,2,2,3,4,3,1,2,4,3,3,4,2,1,1,3,1,4,3,1,3,2,1,4,1,1,3,3,2,3,3,1,3,2,4,2,2,1,1,2,1,1,4,4,1,2,1,2,2,2,3,4,1,2,4,1,1,3,4,2,2,4,3,4,2,3,1,4,3,3,2,1,1,4,3,2,2,3,1,4,1,3,1,1,4,1,4,4,3,4,3,2,3,2,1,2,2,2,1,1,1,2,3,4,1,1,3,3,3,1,4,2,3,4,1,2,3,2,1,3,4,4,2,4,4,1,1,4,2,4,1,2,2,3,3,4,3,1,2,1,3,1,2,3,1,1,3,2,4,1,2,3,1,2,2,2,2,1,2,1,3,4,1,3,2,3,2,1,2,1,1,1,4,3,4,2,2,1,1,1,2,2,2,4,4,2,1,4,4,1,3,3,2,4,3,3,3,1,1,1,2,2,3,3,4,1,1,1,2,3,2,2,4,1,2,3,3,1,2,2,3,1,3,1,1,3,2,2,1,3,2,4,2,1,2,3,4,4,2,1,2,2,4,3,4,1,4,3,1,1,2,3,4,1,3,3,1,3,2,1,3,2,3,3,2,2,2,3,3,1,3,1,4,1,1,4,1,1,4,4,2,1,2,4,1,2,4,2,1,4,1,4,1,2,1,2,1,3,2,1,1,1,3,4,1,3,1,2,2,1,2,4,1,4,1,2,3,1,2,2,3,1,3,3,1,3,4"
158,0.9886279079380575,0.5196078431372549,2329.0,"2,2,3,4,1,1,4,1,1,2,4,1,1,4,2,2,3,4,1,1,4,4,4,2,1,1,4,3,1,2,2,2,3,3,3,3,1,2,1,3,2,3,4,4,4,3,1,4,4,3,4,1,3,2,1,1,2,1,1,4,3,1,1,3,4,1,4,2,3,1,1,2,4,4,3,1,3,2,4,2,3,1,1,3,1,3,3,3,4,1,2,1,3,4,4,2,4,4,2,2,4,3,3,3,3,4,3,1,2,1,1,2,2,2,4,1,4,2,3,2,1,3,4,4,4,4,1,2,1,3,1,2,2,2,3,2,1,4,2,1,4,2,1,1,3,3,2,1,2,2,4,1,1,2,2,2,4,1,2,1,3,2,3,2,2,3,1,2,1,1,3,4,2,3,3,1,2,2,2,2,3,3,3,4,2,4,4,3,2,2,2,4,1,2,1,1,2,2,3,2,1,4,3,4,3,4,2,1,3,3,1,2,1,1,3,3,2,2,2,2,1,2,4,4,3,3,1,3,1,4,3,1,3,3,3,1,2,4,1,3,1,1,4,2,1,2,4,2,3,3,1,3,2,1,1,2,1,4,2,2,1,2,1,3,2,3,2,1,4,3,4,4,2,2,2,3,2,4,2,2,1,4,2,3,2,1,1,3,3,1,2,1,4,4,3,1,3,4,1,4,1,2,4,1,2,1,4,1,4,4,4,2,2,4,4,2,2,3,2,3,4,3,4,1,2,4,1,2,4,1,1,2,3,3,3,4,2,3,1,1,1,4,3,3,2,2,1,2,4,1,3,4,3,4,1,2,2,2,2,1,2,3,2,4,3,3,1,2,2,1,4,1,4,2,1,2,4,1,1,4,4,3,2,2,1,1,3,4,3,3,4,2,4,1,1,3,2,2,3,3,2,4,1,3,2,3,1,2,3,3,1,4,3,3,1,1,4,2,1,4,1,4,1,3,2,3,2,4,3,3,4,1,3,2,3,3,2,1,3,3,2,1,4,3,4,3,1,3,1,3,4,3,4,2,2,3,4,2,3,3,2,4,1,3,1,2,3,2,1,3,2,4,4,3,2,4,3,2,2,3,4,2,4,4,3,4,3,2,4,2,1,2,1,3,3,1,1,3,3,2,3,3,4,1,2,1,3,3,2,1,3,1,2,1,1,2,4,2,3,1,1,1,4,4,1,4,2,2,1,4,2,4,2,2,2,1,4,2,3,3,2,4,1,1,1,2,1,1,2,2,2,2,1,3,4,1,3,4,3,2,1,4,3,1,1,2,2,3,3,2,2,1,4,1,1,1,2,4,2,1,2,4,2,3,3,2,1,1,4,1,3,4,1,4,3,2,2,1,4,2,3,2,3,1,1,2,2,3,3,3,2,2,3,1,2,3,2,4,1,1,3,3,2,1,3,3,1,3,1,3,2,3,1,1,3,2,1,1,1,2,4,3,2,4,3,2,4,3,3,2,4,2,4,1,1,3,3,3,3,4,4,3,4,1,1,4,2,1,2,1,4,4,3,3,1,2,2,2,1,2,4,2,1,3,3,4,1,4,1,1,3,2,1,4,3,1,4,1,1,1,4,4,3,4,3,3,3,2,2,3,4,3,1,3,4,3,1,2,4,4,4,3,3,2,1,4,2,1,2,3,1,2,1,1,2,4,2,4,2,1,2,1,3,1,3,4,2,3,2,3,3,3,4,1,4,3,2,1,3,1,3,1,1,4,2,4,1,1,2,3,1,4,4,2,1,3,4,3,2,3,2,4,2,1,3,4,1,3,2,2,3,2,3,1,3,4,4,2,3,1,2,2,1,4,1,1,1,1,3,1,4,1,4,3,2,4,3,1,3,1,4,1,3,4,1,1,1,2,2,3,3,1,4,2,1,4,3,2,1,2,2,1,4,3,2,1,2,2,3,4,2,3,1,1,1,3,2,1,3,4,3,3,4,3,1,2,3,3,1,1,4,3,3,3,2,3,1,3,1,1,1,2,3,1,3,2,3,4,1,2,1,1,4,3,4,1,4,2,1,1,3,2,2,3,3,3,4,3,4,4,2,1,2,1,2,3,4,4,4,2,3,2,1,3,1,4,4,4,4,1,1,1,1,1,4,4,4,2,4,2,1,3,3,2,4,2,1,1,3,4,2,2,1,1,4,2,1,1,2,2,4,2,2,3,4,2,1,1,1,3,1,2,2,2,2,4,1,2,4,2,4,2,3,3,2,1,1,4,4,4,3,1,3,4,4,2,2,2,3,1,4,1,3,1,1,2,2,2,1,4,1,2,2,4,4,2,2,3,3,4,4,3,1,1,3,1,2,1,4,3,1,1,2,2,3,4,4,2,1,2,1,2,2,3,2,1,1,3,1,3,1,3,1,1,4,3,2,1,1,3,2,2,4,4,2,3,3,1,4,4,4,2,3,2,3,4,3,3,4,3,2,1,1,1,2,3,2,3,4,3,1,4,3,4,3,2,3,1,2,2,1,1,1,4,3,2,2,4,3,1,4,3,3,2,2,3,4,2,3,3,2,2,2,2,4,1,2,4,3,1,2,3,4,4,1,1,3,1,3,2,3,2,1,1,1,3,4,4,2,1,1,2,3,2,2,2,2,3,3,3,1,1,2,2,2,4,2,4,1,3,1,2,3,4,3,3,2,4,3,4,3,1,3,2,2,2,4,1,4,3,4,4,2,3,4,4,2,2,2,3,3,2,1,4,2,2,3,1,1,4,2,2,4,1,1,2,2,3,2,1,2,2,4,1,1,1,1,3,4,1,4,3,3,1,2,1,4,1,1,2,3,4,3,2,1,3,1,1,3,4,2,4,3,2,1,1,1,1,1,1,2,3,4,2,4,3,4,3,1,2,2,3,1,3,1,3,3,1,2,1,3,3,2,1,2,4,4,4,4,1,4,2,4,4,3,2,2,2,4,2,2,3,2,4,2,3,2,4,2,2,2,4,3,1,4,4,1,2,1,1,1,2,3,1,1,3,3,3,4,3,4,3,3,3,4,1,3,3,4,1,4,1,3,4,1,4,2,2,3,4,4,3,2,3,2,2,3,4,3,1,2,4,3,3,4,2,1,1,3,1,4,3,1,3,2,1,4,1,1,3,3,2,3,3,1,3,2,4,2,2,1,1,2,1,1,4,4,1,2,1,2,2,2,3,4,1,2,4,1,1,3,4,2,2,4,3,4,2,3,1,4,3,3,2,1,1,4,3,2,2,3,1,4,1,3,1,1,4,1,4,4,3,4,3,2,3,2,1,2,2,2,1,1,1,2,3,4,1,1,3,3,3,1,4,2,3,4,1,2,3,2,1,3,4,4,2,4,4,1,1,4,2,4,1,2,2,3,3,4,3,1,2,1,3,1,2,3,1,1,3,2,4,1,2,3,1,2,2,2,2,1,2,1,3,4,1,3,2,3,2,1,2,1,1,1,4,3,4,2,2,1,1,1,2,2,2,4,4,2,1,4,4,1,3,3,2,4,3,3,3,1,1,1,2,2,3,3,4,1,1,1,2,3,2,2,4,1,2,3,3,1,2,2,3,1,3,1,1,3,2,2,1,3,2,4,2,1,2,3,4,4,2,1,2,2,4,3,4,1,4,3,1,1,2,3,4,1,3,3,1,3,2,1,3,2,3,3,2,2,2,3,3,1,3,1,4,1,1,4,1,1,4,4,2,1,2,4,1,2,4,2,1,4,1,4,1,2,1,2,1,3,2,1,1,1,3,4,1,3,1,2,2,1,2,4,1,4,1,2,3,1,2,2,3,1,3,3,1,3,4"
159,0.9886279079380575,0.5196078431372549,2329.0,"2,2,3,4,1,1,4,1,1,2,4,1,1,4,2,2,3,4,1,1,4,4,4,2,1,1,4,3,1,2,2,2,3,3,3,3,1,2,1,3,2,3,4,4,4,3,1,4,4,3,4,1,3,2,1,1,2,1,1,4,3,1,1,3,4,1,4,2,3,1,1,2,4,4,3,1,3,2,4,2,3,1,1,3,1,3,3,3,4,1,2,1,3,4,4,2,4,4,2,2,4,3,3,3,3,4,3,1,2,1,1,2,2,2,4,1,4,2,3,2,1,3,4,4,4,4,1,2,1,3,1,2,2,2,3,2,1,4,2,1,4,2,1,1,3,3,2,1,2,2,4,1,1,2,2,2,4,1,2,1,3,2,3,2,2,3,1,2,1,1,3,4,2,3,3,1,2,2,2,2,3,3,3,4,2,4,4,3,2,2,2,4,1,2,1,1,2,2,3,2,1,4,3,4,3,4,2,1,3,3,1,2,1,1,3,3,2,2,2,2,1,2,4,4,3,3,1,3,1,4,3,1,3,3,3,1,2,4,1,3,1,1,4,2,1,2,4,2,3,3,1,3,2,1,1,2,1,4,2,2,1,2,1,3,2,3,2,1,4,3,4,4,2,2,2,3,2,4,2,2,1,4,2,3,2,1,1,3,3,1,2,1,4,4,3,1,3,4,1,4,1,2,4,1,2,1,4,1,4,4,4,2,2,4,4,2,2,3,2,3,4,3,4,1,2,4,1,2,4,1,1,2,3,3,3,4,2,3,1,1,1,4,3,3,2,2,1,2,4,1,3,4,3,4,1,2,2,2,2,1,2,3,2,4,3,3,1,2,2,1,4,1,4,2,1,2,4,1,1,4,4,3,2,2,1,1,3,4,3,3,4,2,4,1,1,3,2,2,3,3,2,4,1,3,2,3,1,2,3,3,1,4,3,3,1,1,4,2,1,4,1,4,1,3,2,3,2,4,3,3,4,1,3,2,3,3,2,1,3,3,2,1,4,3,4,3,1,3,1,3,4,3,4,2,2,3,4,2,3,3,2,4,1,3,1,2,3,2,1,3,2,4,4,3,2,4,3,2,2,3,4,2,4,4,3,4,3,2,4,2,1,2,1,3,3,1,1,3,3,2,3,3,4,1,2,1,3,3,2,1,3,1,2,1,1,2,4,2,3,1,1,1,4,4,1,4,2,2,1,4,2,4,2,2,2,1,4,2,3,3,2,4,1,1,1,2,1,1,2,2,2,2,1,3,4,1,3,4,3,2,1,4,3,1,1,2,2,3,3,2,2,1,4,1,1,1,2,4,2,1,2,4,2,3,3,2,1,1,4,1,3,4,1,4,3,2,2,1,4,2,3,2,3,1,1,2,2,3,3,3,2,2,3,1,2,3,2,4,1,1,3,3,2,1,3,3,1,3,1,3,2,3,1,1,3,2,1,1,1,2,4,3,2,4,3,2,4,3,3,2,4,2,4,1,1,3,3,3,3,4,4,3,4,1,1,4,2,1,2,1,4,4,3,3,1,2,2,2,1,2,4,2,1,3,3,4,1,4,1,1,3,2,1,4,3,1,4,1,1,1,4,4,3,4,3,3,3,2,2,3,4,3,1,3,4,3,1,2,4,4,4,3,3,2,1,4,2,1,2,3,1,2,1,1,2,4,2,4,2,1,2,1,3,1,3,4,2,3,2,3,3,3,4,1,4,3,2,1,3,1,3,1,1,4,2,4,1,1,2,3,1,4,4,2,1,3,4,3,2,3,2,4,2,1,3,4,1,3,2,2,3,2,3,1,3,4,4,2,3,1,2,2,1,4,1,1,1,1,3,1,4,1,4,3,2,4,3,1,3,1,4,1,3,4,1,1,1,2,2,3,3,1,4,2,1,4,3,2,1,2,2,1,4,3,2,1,2,2,3,4,2,3,1,1,1,3,2,1,3,4,3,3,4,3,1,2,3,3,1,1,4,3,3,3,2,3,1,3,1,1,1,2,3,1,3,2,3,4,1,2,1,1,4,3,4,1,4,2,1,1,3,2,2,3,3,3,4,3,4,4,2,1,2,1,2,3,4,4,4,2,3,2,1,3,1,4,4,4,4,1,1,1,1,1,4,4,4,2,4,2,1,3,3,2,4,2,1,1,3,4,2,2,1,1,4,2,1,1,2,2,4,2,2,3,4,2,1,1,1,3,1,2,2,2,2,4,1,2,4,2,4,2,3,3,2,1,1,4,4,4,3,1,3,4,4,2,2,2,3,1,4,1,3,1,1,2,2,2,1,4,1,2,2,4,4,2,2,3,3,4,4,3,1,1,3,1,2,1,4,3,1,1,2,2,3,4,4,2,1,2,1,2,2,3,2,1,1,3,1,3,1,3,1,1,4,3,2,1,1,3,2,2,4,4,2,3,3,1,4,4,4,2,3,2,3,4,3,3,4,3,2,1,1,1,2,3,2,3,4,3,1,4,3,4,3,2,3,1,2,2,1,1,1,4,3,2,2,4,3,1,4,3,3,2,2,3,4,2,3,3,2,2,2,2,4,1,2,4,3,1,2,3,4,4,1,1,3,1,3,2,3,2,1,1,1,3,4,4,2,1,1,2,3,2,2,2,2,3,3,3,1,1,2,2,2,4,2,4,1,3,1,2,3,4,3,3,2,4,3,4,3,1,3,2,2,2,4,1,4,3,4,4,2,3,4,4,2,2,2,3,3,2,1,4,2,2,3,1,1,4,2,2,4,1,1,2,2,3,2,1,2,2,4,1,1,1,1,3,4,1,4,3,3,1,2,1,4,1,1,2,3,4,3,2,1,3,1,1,3,4,2,4,3,2,1,1,1,1,1,1,2,3,4,2,4,3,4,3,1,2,2,3,1,3,1,3,3,1,2,1,3,3,2,1,2,4,4,4,4,1,4,2,4,4,3,2,2,2,4,2,2,3,2,4,2,3,2,4,2,2,2,4,3,1,4,4,1,2,1,1,1,2,3,1,1,3,3,3,4,3,4,3,3,3,4,1,3,3,4,1,4,1,3,4,1,4,2,2,3,4,4,3,2,3,2,2,3,4,3,1,2,4,3,3,4,2,1,1,3,1,4,3,1,3,2,1,4,1,1,3,3,2,3,3,1,3,2,4,2,2,1,1,2,1,1,4,4,1,2,1,2,2,2,3,4,1,2,4,1,1,3,4,2,2,4,3,4,2,3,1,4,3,3,2,1,1,4,3,2,2,3,1,4,1,3,1,1,4,1,4,4,3,4,3,2,3,2,1,2,2,2,1,1,1,2,3,4,1,1,3,3,3,1,4,2,3,4,1,2,3,2,1,3,4,4,2,4,4,1,1,4,2,4,1,2,2,3,3,4,3,1,2,1,3,1,2,3,1,1,3,2,4,1,2,3,1,2,2,2,2,1,2,1,3,4,1,3,2,3,2,1,2,1,1,1,4,3,4,2,2,1,1,1,2,2,2,4,4,2,1,4,4,1,3,3,2,4,3,3,3,1,1,1,2,2,3,3,4,1,1,1,2,3,2,2,4,1,2,3,3,1,2,2,3,1,3,1,1,3,2,2,1,3,2,4,2,1,2,3,4,4,2,1,2,2,4,3,4,1,4,3,1,1,2,3,4,1,3,3,1,3,2,1,3,2,3,3,2,2,2,3,3,1,3,1,4,1,1,4,1,1,4,4,2,1,2,4,1,2,4,2,1,4,1,4,1,2,1,2,1,3,2,1,1,1,3,4,1,3,1,2,2,1,2,4,1,4,1,2,3,1,2,2,3,1,3,3,1,3,4"
160,0.9886279079380575,0.5196078431372549,2329.0,"2,2,3,4,1,1,4,1,1,2,4,1,1,4,2,2,3,4,1,1,4,4,4,2,1,1,4,3,1,2,2,2,3,3,3,3,1,2,1,3,2,3,4,4,4,3,1,4,4,3,4,1,3,2,1,1,2,1,1,4,3,1,1,3,4,1,4,2,3,1,1,2,4,4,3,1,3,2,4,2,3,1,1,3,1,3,3,3,4,1,2,1,3,4,4,2,4,4,2,2,4,3,3,3,3,4,3,1,2,1,1,2,2,2,4,1,4,2,3,2,1,3,4,4,4,4,1,2,1,3,1,2,2,2,3,2,1,4,2,1,4,2,1,1,3,3,2,1,2,2,4,1,1,2,2,2,4,1,2,1,3,2,3,2,2,3,1,2,1,1,3,4,2,3,3,1,2,2,2,2,3,3,3,4,2,4,4,3,2,2,2,4,1,2,1,1,2,2,3,2,1,4,3,4,3,4,2,1,3,3,1,2,1,1,3,3,2,2,2,2,1,2,4,4,3,3,1,3,1,4,3,1,3,3,3,1,2,4,1,3,1,1,4,2,1,2,4,2,3,3,1,3,2,1,1,2,1,4,2,2,1,2,1,3,2,3,2,1,4,3,4,4,2,2,2,3,2,4,2,2,1,4,2,3,2,1,1,3,3,1,2,1,4,4,3,1,3,4,1,4,1,2,4,1,2,1,4,1,4,4,4,2,2,4,4,2,2,3,2,3,4,3,4,1,2,4,1,2,4,1,1,2,3,3,3,4,2,3,1,1,1,4,3,3,2,2,1,2,4,1,3,4,3,4,1,2,2,2,2,1,2,3,2,4,3,3,1,2,2,1,4,1,4,2,1,2,4,1,1,4,4,3,2,2,1,1,3,4,3,3,4,2,4,1,1,3,2,2,3,3,2,4,1,3,2,3,1,2,3,3,1,4,3,3,1,1,4,2,1,4,1,4,1,3,2,3,2,4,3,3,4,1,3,2,3,3,2,1,3,3,2,1,4,3,4,3,1,3,1,3,4,3,4,2,2,3,4,2,3,3,2,4,1,3,1,2,3,2,1,3,2,4,4,3,2,4,3,2,2,3,4,2,4,4,3,4,3,2,4,2,1,2,1,3,3,1,1,3,3,2,3,3,4,1,2,1,3,3,2,1,3,1,2,1,1,2,4,2,3,1,1,1,4,4,1,4,2,2,1,4,2,4,2,2,2,1,4,2,3,3,2,4,1,1,1,2,1,1,2,2,2,2,1,3,4,1,3,4,3,2,1,4,3,1,1,2,2,3,3,2,2,1,4,1,1,1,2,4,2,1,2,4,2,3,3,2,1,1,4,1,3,4,1,4,3,2,2,1,4,2,3,2,3,1,1,2,2,3,3,3,2,2,3,1,2,3,2,4,1,1,3,3,2,1,3,3,1,3,1,3,2,3,1,1,3,2,1,1,1,2,4,3,2,4,3,2,4,3,3,2,4,2,4,1,1,3,3,3,3,4,4,3,4,1,1,4,2,1,2,1,4,4,3,3,1,2,2,2,1,2,4,2,1,3,3,4,1,4,1,1,3,2,1,4,3,1,4,1,1,1,4,4,3,4,3,3,3,2,2,3,4,3,1,3,4,3,1,2,4,4,4,3,3,2,1,4,2,1,2,3,1,2,1,1,2,4,2,4,2,1,2,1,3,1,3,4,2,3,2,3,3,3,4,1,4,3,2,1,3,1,3,1,1,4,2,4,1,1,2,3,1,4,4,2,1,3,4,3,2,3,2,4,2,1,3,4,1,3,2,2,3,2,3,1,3,4,4,2,3,1,2,2,1,4,1,1,1,1,3,1,4,1,4,3,2,4,3,1,3,1,4,1,3,4,1,1,1,2,2,3,3,1,4,2,1,4,3,2,1,2,2,1,4,3,2,1,2,2,3,4,2,3,1,1,1,3,2,1,3,4,3,3,4,3,1,2,3,3,1,1,4,3,3,3,2,3,1,3,1,1,1,2,3,1,3,2,3,4,1,2,1,1,4,3,4,1,4,2,1,1,3,2,2,3,3,3,4,3,4,4,2,1,2,1,2,3,4,4,4,2,3,2,1,3,1,4,4,4,4,1,1,1,1,1,4,4,4,2,4,2,1,3,3,2,4,2,1,1,3,4,2,2,1,1,4,2,1,1,2,2,4,2,2,3,4,2,1,1,1,3,1,2,2,2,2,4,1,2,4,2,4,2,3,3,2,1,1,4,4,4,3,1,3,4,4,2,2,2,3,1,4,1,3,1,1,2,2,2,1,4,1,2,2,4,4,2,2,3,3,4,4,3,1,1,3,1,2,1,4,3,1,1,2,2,3,4,4,2,1,2,1,2,2,3,2,1,1,3,1,3,1,3,1,1,4,3,2,1,1,3,2,2,4,4,2,3,3,1,4,4,4,2,3,2,3,4,3,3,4,3,2,1,1,1,2,3,2,3,4,3,1,4,3,4,3,2,3,1,2,2,1,1,1,4,3,2,2,4,3,1,4,3,3,2,2,3,4,2,3,3,2,2,2,2,4,1,2,4,3,1,2,3,4,4,1,1,3,1,3,2,3,2,1,1,1,3,4,4,2,1,1,2,3,2,2,2,2,3,3,3,1,1,2,2,2,4,2,4,1,3,1,2,3,4,3,3,2,4,3,4,3,1,3,2,2,2,4,1,4,3,4,4,2,3,4,4,2,2,2,3,3,2,1,4,2,2,3,1,1,4,2,2,4,1,1,2,2,3,2,1,2,2,4,1,1,1,1,3,4,1,4,3,3,1,2,1,4,1,1,2,3,4,3,2,1,3,1,1,3,4,2,4,3,2,1,1,1,1,1,1,2,3,4,2,4,3,4,3,1,2,2,3,1,3,1,3,3,1,2,1,3,3,2,1,2,4,4,4,4,1,4,2,4,4,3,2,2,2,4,2,2,3,2,4,2,3,2,4,2,2,2,4,3,1,4,4,1,2,1,1,1,2,3,1,1,3,3,3,4,3,4,3,3,3,4,1,3,3,4,1,4,1,3,4,1,4,2,2,3,4,4,3,2,3,2,2,3,4,3,1,2,4,3,3,4,2,1,1,3,1,4,3,1,3,2,1,4,1,1,3,3,2,3,3,1,3,2,4,2,2,1,1,2,1,1,4,4,1,2,1,2,2,2,3,4,1,2,4,1,1,3,4,2,2,4,3,4,2,3,1,4,3,3,2,1,1,4,3,2,2,3,1,4,1,3,1,1,4,1,4,4,3,4,3,2,3,2,1,2,2,2,1,1,1,2,3,4,1,1,3,3,3,1,4,2,3,4,1,2,3,2,1,3,4,4,2,4,4,1,1,4,2,4,1,2,2,3,3,4,3,1,2,1,3,1,2,3,1,1,3,2,4,1,2,3,1,2,2,2,2,1,2,1,3,4,1,3,2,3,2,1,2,1,1,1,4,3,4,2,2,1,1,1,2,2,2,4,4,2,1,4,4,1,3,3,2,4,3,3,3,1,1,1,2,2,3,3,4,1,1,1,2,3,2,2,4,1,2,3,3,1,2,2,3,1,3,1,1,3,2,2,1,3,2,4,2,1,2,3,4,4,2,1,2,2,4,3,4,1,4,3,1,1,2,3,4,1,3,3,1,3,2,1,3,2,3,3,2,2,2,3,3,1,3,1,4,1,1,4,1,1,4,4,2,1,2,4,1,2,4,2,1,4,1,4,1,2,1,2,1,3,2,1,1,1,3,4,1,3,1,2,2,1,2,4,1,4,1,2,3,1,2,2,3,1,3,3,1,3,4"
161,0.9886279079380575,0.5196078431372549,2329.0,"2,2,3,4,1,1,4,1,1,2,4,1,1,4,2,2,3,4,1,1,4,4,4,2,1,1,4,3,1,2,2,2,3,3,3,3,1,2,1,3,2,3,4,4,4,3,1,4,4,3,4,1,3,2,1,1,2,1,1,4,3,1,1,3,4,1,4,2,3,1,1,2,4,4,3,1,3,2,4,2,3,1,1,3,1,3,3,3,4,1,2,1,3,4,4,2,4,4,2,2,4,3,3,3,3,4,3,1,2,1,1,2,2,2,4,1,4,2,3,2,1,3,4,4,4,4,1,2,1,3,1,2,2,2,3,2,1,4,2,1,4,2,1,1,3,3,2,1,2,2,4,1,1,2,2,2,4,1,2,1,3,2,3,2,2,3,1,2,1,1,3,4,2,3,3,1,2,2,2,2,3,3,3,4,2,4,4,3,2,2,2,4,1,2,1,1,2,2,3,2,1,4,3,4,3,4,2,1,3,3,1,2,1,1,3,3,2,2,2,2,1,2,4,4,3,3,1,3,1,4,3,1,3,3,3,1,2,4,1,3,1,1,4,2,1,2,4,2,3,3,1,3,2,1,1,2,1,4,2,2,1,2,1,3,2,3,2,1,4,3,4,4,2,2,2,3,2,4,2,2,1,4,2,3,2,1,1,3,3,1,2,1,4,4,3,1,3,4,1,4,1,2,4,1,2,1,4,1,4,4,4,2,2,4,4,2,2,3,2,3,4,3,4,1,2,4,1,2,4,1,1,2,3,3,3,4,2,3,1,1,1,4,3,3,2,2,1,2,4,1,3,4,3,4,1,2,2,2,2,1,2,3,2,4,3,3,1,2,2,1,4,1,4,2,1,2,4,1,1,4,4,3,2,2,1,1,3,4,3,3,4,2,4,1,1,3,2,2,3,3,2,4,1,3,2,3,1,2,3,3,1,4,3,3,1,1,4,2,1,4,1,4,1,3,2,3,2,4,3,3,4,1,3,2,3,3,2,1,3,3,2,1,4,3,4,3,1,3,1,3,4,3,4,2,2,3,4,2,3,3,2,4,1,3,1,2,3,2,1,3,2,4,4,3,2,4,3,2,2,3,4,2,4,4,3,4,3,2,4,2,1,2,1,3,3,1,1,3,3,2,3,3,4,1,2,1,3,3,2,1,3,1,2,1,1,2,4,2,3,1,1,1,4,4,1,4,2,2,1,4,2,4,2,2,2,1,4,2,3,3,2,4,1,1,1,2,1,1,2,2,2,2,1,3,4,1,3,4,3,2,1,4,3,1,1,2,2,3,3,2,2,1,4,1,1,1,2,4,2,1,2,4,2,3,3,2,1,1,4,1,3,4,1,4,3,2,2,1,4,2,3,2,3,1,1,2,2,3,3,3,2,2,3,1,2,3,2,4,1,1,3,3,2,1,3,3,1,3,1,3,2,3,1,1,3,2,1,1,1,2,4,3,2,4,3,2,4,3,3,2,4,2,4,1,1,3,3,3,3,4,4,3,4,1,1,4,2,1,2,1,4,4,3,3,1,2,2,2,1,2,4,2,1,3,3,4,1,4,1,1,3,2,1,4,3,1,4,1,1,1,4,4,3,4,3,3,3,2,2,3,4,3,1,3,4,3,1,2,4,4,4,3,3,2,1,4,2,1,2,3,1,2,1,1,2,4,2,4,2,1,2,1,3,1,3,4,2,3,2,3,3,3,4,1,4,3,2,1,3,1,3,1,1,4,2,4,1,1,2,3,1,4,4,2,1,3,4,3,2,3,2,4,2,1,3,4,1,3,2,2,3,2,3,1,3,4,4,2,3,1,2,2,1,4,1,1,1,1,3,1,4,1,4,3,2,4,3,1,3,1,4,1,3,4,1,1,1,2,2,3,3,1,4,2,1,4,3,2,1,2,2,1,4,3,2,1,2,2,3,4,2,3,1,1,1,3,2,1,3,4,3,3,4,3,1,2,3,3,1,1,4,3,3,3,2,3,1,3,1,1,1,2,3,1,3,2,3,4,1,2,1,1,4,3,4,1,4,2,1,1,3,2,2,3,3,3,4,3,4,4,2,1,2,1,2,3,4,4,4,2,3,2,1,3,1,4,4,4,4,1,1,1,1,1,4,4,4,2,4,2,1,3,3,2,4,2,1,1,3,4,2,2,1,1,4,2,1,1,2,2,4,2,2,3,4,2,1,1,1,3,1,2,2,2,2,4,1,2,4,2,4,2,3,3,2,1,1,4,4,4,3,1,3,4,4,2,2,2,3,1,4,1,3,1,1,2,2,2,1,4,1,2,2,4,4,2,2,3,3,4,4,3,1,1,3,1,2,1,4,3,1,1,2,2,3,4,4,2,1,2,1,2,2,3,2,1,1,3,1,3,1,3,1,1,4,3,2,1,1,3,2,2,4,4,2,3,3,1,4,4,4,2,3,2,3,4,3,3,4,3,2,1,1,1,2,3,2,3,4,3,1,4,3,4,3,2,3,1,2,2,1,1,1,4,3,2,2,4,3,1,4,3,3,2,2,3,4,2,3,3,2,2,2,2,4,1,2,4,3,1,2,3,4,4,1,1,3,1,3,2,3,2,1,1,1,3,4,4,2,1,1,2,3,2,2,2,2,3,3,3,1,1,2,2,2,4,2,4,1,3,1,2,3,4,3,3,2,4,3,4,3,1,3,2,2,2,4,1,4,3,4,4,2,3,4,4,2,2,2,3,3,2,1,4,2,2,3,1,1,4,2,2,4,1,1,2,2,3,2,1,2,2,4,1,1,1,1,3,4,1,4,3,3,1,2,1,4,1,1,2,3,4,3,2,1,3,1,1,3,4,2,4,3,2,1,1,1,1,1,1,2,3,4,2,4,3,4,3,1,2,2,3,1,3,1,3,3,1,2,1,3,3,2,1,2,4,4,4,4,1,4,2,4,4,3,2,2,2,4,2,2,3,2,4,2,3,2,4,2,2,2,4,3,1,4,4,1,2,1,1,1,2,3,1,1,3,3,3,4,3,4,3,3,3,4,1,3,3,4,1,4,1,3,4,1,4,2,2,3,4,4,3,2,3,2,2,3,4,3,1,2,4,3,3,4,2,1,1,3,1,4,3,1,3,2,1,4,1,1,3,3,2,3,3,1,3,2,4,2,2,1,1,2,1,1,4,4,1,2,1,2,2,2,3,4,1,2,4,1,1,3,4,2,2,4,3,4,2,3,1,4,3,3,2,1,1,4,3,2,2,3,1,4,1,3,1,1,4,1,4,4,3,4,3,2,3,2,1,2,2,2,1,1,1,2,3,4,1,1,3,3,3,1,4,2,3,4,1,2,3,2,1,3,4,4,2,4,4,1,1,4,2,4,1,2,2,3,3,4,3,1,2,1,3,1,2,3,1,1,3,2,4,1,2,3,1,2,2,2,2,1,2,1,3,4,1,3,2,3,2,1,2,1,1,1,4,3,4,2,2,1,1,1,2,2,2,4,4,2,1,4,4,1,3,3,2,4,3,3,3,1,1,1,2,2,3,3,4,1,1,1,2,3,2,2,4,1,2,3,3,1,2,2,3,1,3,1,1,3,2,2,1,3,2,4,2,1,2,3,4,4,2,1,2,2,4,3,4,1,4,3,1,1,2,3,4,1,3,3,1,3,2,1,3,2,3,3,2,2,2,3,3,1,3,1,4,1,1,4,1,1,4,4,2,1,2,4,1,2,4,2,1,4,1,4,1,2,1,2,1,3,2,1,1,1,3,4,1,3,1,2,2,1,2,4,1,4,1,2,3,1,2,2,3,1,3,3,1,3,4"
162,0.9886279079380575,0.5196078431372549,2329.0,"2,2,3,4,1,1,4,1,1,2,4,1,1,4,2,2,3,4,1,1,4,4,4,2,1,1,4,3,1,2,2,2,3,3,3,3,1,2,1,3,2,3,4,4,4,3,1,4,4,3,4,1,3,2,1,1,2,1,1,4,3,1,1,3,4,1,4,2,3,1,1,2,4,4,3,1,3,2,4,2,3,1,1,3,1,3,3,3,4,1,2,1,3,4,4,2,4,4,2,2,4,3,3,3,3,4,3,1,2,1,1,2,2,2,4,1,4,2,3,2,1,3,4,4,4,4,1,2,1,3,1,2,2,2,3,2,1,4,2,1,4,2,1,1,3,3,2,1,2,2,4,1,1,2,2,2,4,1,2,1,3,2,3,2,2,3,1,2,1,1,3,4,2,3,3,1,2,2,2,2,3,3,3,4,2,4,4,3,2,2,2,4,1,2,1,1,2,2,3,2,1,4,3,4,3,4,2,1,3,3,1,2,1,1,3,3,2,2,2,2,1,2,4,4,3,3,1,3,1,4,3,1,3,3,3,1,2,4,1,3,1,1,4,2,1,2,4,2,3,3,1,3,2,1,1,2,1,4,2,2,1,2,1,3,2,3,2,1,4,3,4,4,2,2,2,3,2,4,2,2,1,4,2,3,2,1,1,3,3,1,2,1,4,4,3,1,3,4,1,4,1,2,4,1,2,1,4,1,4,4,4,2,2,4,4,2,2,3,2,3,4,3,4,1,2,4,1,2,4,1,1,2,3,3,3,4,2,3,1,1,1,4,3,3,2,2,1,2,4,1,3,4,3,4,1,2,2,2,2,1,2,3,2,4,3,3,1,2,2,1,4,1,4,2,1,2,4,1,1,4,4,3,2,2,1,1,3,4,3,3,4,2,4,1,1,3,2,2,3,3,2,4,1,3,2,3,1,2,3,3,1,4,3,3,1,1,4,2,1,4,1,4,1,3,2,3,2,4,3,3,4,1,3,2,3,3,2,1,3,3,2,1,4,3,4,3,1,3,1,3,4,3,4,2,2,3,4,2,3,3,2,4,1,3,1,2,3,2,1,3,2,4,4,3,2,4,3,2,2,3,4,2,4,4,3,4,3,2,4,2,1,2,1,3,3,1,1,3,3,2,3,3,4,1,2,1,3,3,2,1,3,1,2,1,1,2,4,2,3,1,1,1,4,4,1,4,2,2,1,4,2,4,2,2,2,1,4,2,3,3,2,4,1,1,1,2,1,1,2,2,2,2,1,3,4,1,3,4,3,2,1,4,3,1,1,2,2,3,3,2,2,1,4,1,1,1,2,4,2,1,2,4,2,3,3,2,1,1,4,1,3,4,1,4,3,2,2,1,4,2,3,2,3,1,1,2,2,3,3,3,2,2,3,1,2,3,2,4,1,1,3,3,2,1,3,3,1,3,1,3,2,3,1,1,3,2,1,1,1,2,4,3,2,4,3,2,4,3,3,2,4,2,4,1,1,3,3,3,3,4,4,3,4,1,1,4,2,1,2,1,4,4,3,3,1,2,2,2,1,2,4,2,1,3,3,4,1,4,1,1,3,2,1,4,3,1,4,1,1,1,4,4,3,4,3,3,3,2,2,3,4,3,1,3,4,3,1,2,4,4,4,3,3,2,1,4,2,1,2,3,1,2,1,1,2,4,2,4,2,1,2,1,3,1,3,4,2,3,2,3,3,3,4,1,4,3,2,1,3,1,3,1,1,4,2,4,1,1,2,3,1,4,4,2,1,3,4,3,2,3,2,4,2,1,3,4,1,3,2,2,3,2,3,1,3,4,4,2,3,1,2,2,1,4,1,1,1,1,3,1,4,1,4,3,2,4,3,1,3,1,4,1,3,4,1,1,1,2,2,3,3,1,4,2,1,4,3,2,1,2,2,1,4,3,2,1,2,2,3,4,2,3,1,1,1,3,2,1,3,4,3,3,4,3,1,2,3,3,1,1,4,3,3,3,2,3,1,3,1,1,1,2,3,1,3,2,3,4,1,2,1,1,4,3,4,1,4,2,1,1,3,2,2,3,3,3,4,3,4,4,2,1,2,1,2,3,4,4,4,2,3,2,1,3,1,4,4,4,4,1,1,1,1,1,4,4,4,2,4,2,1,3,3,2,4,2,1,1,3,4,2,2,1,1,4,2,1,1,2,2,4,2,2,3,4,2,1,1,1,3,1,2,2,2,2,4,1,2,4,2,4,2,3,3,2,1,1,4,4,4,3,1,3,4,4,2,2,2,3,1,4,1,3,1,1,2,2,2,1,4,1,2,2,4,4,2,2,3,3,4,4,3,1,1,3,1,2,1,4,3,1,1,2,2,3,4,4,2,1,2,1,2,2,3,2,1,1,3,1,3,1,3,1,1,4,3,2,1,1,3,2,2,4,4,2,3,3,1,4,4,4,2,3,2,3,4,3,3,4,3,2,1,1,1,2,3,2,3,4,3,1,4,3,4,3,2,3,1,2,2,1,1,1,4,3,2,2,4,3,1,4,3,3,2,2,3,4,2,3,3,2,2,2,2,4,1,2,4,3,1,2,3,4,4,1,1,3,1,3,2,3,2,1,1,1,3,4,4,2,1,1,2,3,2,2,2,2,3,3,3,1,1,2,2,2,4,2,4,1,3,1,2,3,4,3,3,2,4,3,4,3,1,3,2,2,2,4,1,4,3,4,4,2,3,4,4,2,2,2,3,3,2,1,4,2,2,3,1,1,4,2,2,4,1,1,2,2,3,2,1,2,2,4,1,1,1,1,3,4,1,4,3,3,1,2,1,4,1,1,2,3,4,3,2,1,3,1,1,3,4,2,4,3,2,1,1,1,1,1,1,2,3,4,2,4,3,4,3,1,2,2,3,1,3,1,3,3,1,2,1,3,3,2,1,2,4,4,4,4,1,4,2,4,4,3,2,2,2,4,2,2,3,2,4,2,3,2,4,2,2,2,4,3,1,4,4,1,2,1,1,1,2,3,1,1,3,3,3,4,3,4,3,3,3,4,1,3,3,4,1,4,1,3,4,1,4,2,2,3,4,4,3,2,3,2,2,3,4,3,1,2,4,3,3,4,2,1,1,3,1,4,3,1,3,2,1,4,1,1,3,3,2,3,3,1,3,2,4,2,2,1,1,2,1,1,4,4,1,2,1,2,2,2,3,4,1,2,4,1,1,3,4,2,2,4,3,4,2,3,1,4,3,3,2,1,1,4,3,2,2,3,1,4,1,3,1,1,4,1,4,4,3,4,3,2,3,2,1,2,2,2,1,1,1,2,3,4,1,1,3,3,3,1,4,2,3,4,1,2,3,2,1,3,4,4,2,4,4,1,1,4,2,4,1,2,2,3,3,4,3,1,2,1,3,1,2,3,1,1,3,2,4,1,2,3,1,2,2,2,2,1,2,1,3,4,1,3,2,3,2,1,2,1,1,1,4,3,4,2,2,1,1,1,2,2,2,4,4,2,1,4,4,1,3,3,2,4,3,3,3,1,1,1,2,2,3,3,4,1,1,1,2,3,2,2,4,1,2,3,3,1,2,2,3,1,3,1,1,3,2,2,1,3,2,4,2,1,2,3,4,4,2,1,2,2,4,3,4,1,4,3,1,1,2,3,4,1,3,3,1,3,2,1,3,2,3,3,2,2,2,3,3,1,3,1,4,1,1,4,1,1,4,4,2,1,2,4,1,2,4,2,1,4,1,4,1,2,1,2,1,3,2,1,1,1,3,4,1,3,1,2,2,1,2,4,1,4,1,2,3,1,2,2,3,1,3,3,1,3,4"
163,0.9886279079380575,0.5196078431372549,2329.0,"2,2,3,4,1,1,4,1,1,2,4,1,1,4,2,2,3,4,1,1,4,4,4,2,1,1,4,3,1,2,2,2,3,3,3,3,1,2,1,3,2,3,4,4,4,3,1,4,4,3,4,1,3,2,1,1,2,1,1,4,3,1,1,3,4,1,4,2,3,1,1,2,4,4,3,1,3,2,4,2,3,1,1,3,1,3,3,3,4,1,2,1,3,4,4,2,4,4,2,2,4,3,3,3,3,4,3,1,2,1,1,2,2,2,4,1,4,2,3,2,1,3,4,4,4,4,1,2,1,3,1,2,2,2,3,2,1,4,2,1,4,2,1,1,3,3,2,1,2,2,4,1,1,2,2,2,4,1,2,1,3,2,3,2,2,3,1,2,1,1,3,4,2,3,3,1,2,2,2,2,3,3,3,4,2,4,4,3,2,2,2,4,1,2,1,1,2,2,3,2,1,4,3,4,3,4,2,1,3,3,1,2,1,1,3,3,2,2,2,2,1,2,4,4,3,3,1,3,1,4,3,1,3,3,3,1,2,4,1,3,1,1,4,2,1,2,4,2,3,3,1,3,2,1,1,2,1,4,2,2,1,2,1,3,2,3,2,1,4,3,4,4,2,2,2,3,2,4,2,2,1,4,2,3,2,1,1,3,3,1,2,1,4,4,3,1,3,4,1,4,1,2,4,1,2,1,4,1,4,4,4,2,2,4,4,2,2,3,2,3,4,3,4,1,2,4,1,2,4,1,1,2,3,3,3,4,2,3,1,1,1,4,3,3,2,2,1,2,4,1,3,4,3,4,1,2,2,2,2,1,2,3,2,4,3,3,1,2,2,1,4,1,4,2,1,2,4,1,1,4,4,3,2,2,1,1,3,4,3,3,4,2,4,1,1,3,2,2,3,3,2,4,1,3,2,3,1,2,3,3,1,4,3,3,1,1,4,2,1,4,1,4,1,3,2,3,2,4,3,3,4,1,3,2,3,3,2,1,3,3,2,1,4,3,4,3,1,3,1,3,4,3,4,2,2,3,4,2,3,3,2,4,1,3,1,2,3,2,1,3,2,4,4,3,2,4,3,2,2,3,4,2,4,4,3,4,3,2,4,2,1,2,1,3,3,1,1,3,3,2,3,3,4,1,2,1,3,3,2,1,3,1,2,1,1,2,4,2,3,1,1,1,4,4,1,4,2,2,1,4,2,4,2,2,2,1,4,2,3,3,2,4,1,1,1,2,1,1,2,2,2,2,1,3,4,1,3,4,3,2,1,4,3,1,1,2,2,3,3,2,2,1,4,1,1,1,2,4,2,1,2,4,2,3,3,2,1,1,4,1,3,4,1,4,3,2,2,1,4,2,3,2,3,1,1,2,2,3,3,3,2,2,3,1,2,3,2,4,1,1,3,3,2,1,3,3,1,3,1,3,2,3,1,1,3,2,1,1,1,2,4,3,2,4,3,2,4,3,3,2,4,2,4,1,1,3,3,3,3,4,4,3,4,1,1,4,2,1,2,1,4,4,3,3,1,2,2,2,1,2,4,2,1,3,3,4,1,4,1,1,3,2,1,4,3,1,4,1,1,1,4,4,3,4,3,3,3,2,2,3,4,3,1,3,4,3,1,2,4,4,4,3,3,2,1,4,2,1,2,3,1,2,1,1,2,4,2,4,2,1,2,1,3,1,3,4,2,3,2,3,3,3,4,1,4,3,2,1,3,1,3,1,1,4,2,4,1,1,2,3,1,4,4,2,1,3,4,3,2,3,2,4,2,1,3,4,1,3,2,2,3,2,3,1,3,4,4,2,3,1,2,2,1,4,1,1,1,1,3,1,4,1,4,3,2,4,3,1,3,1,4,1,3,4,1,1,1,2,2,3,3,1,4,2,1,4,3,2,1,2,2,1,4,3,2,1,2,2,3,4,2,3,1,1,1,3,2,1,3,4,3,3,4,3,1,2,3,3,1,1,4,3,3,3,2,3,1,3,1,1,1,2,3,1,3,2,3,4,1,2,1,1,4,3,4,1,4,2,1,1,3,2,2,3,3,3,4,3,4,4,2,1,2,1,2,3,4,4,4,2,3,2,1,3,1,4,4,4,4,1,1,1,1,1,4,4,4,2,4,2,1,3,3,2,4,2,1,1,3,4,2,2,1,1,4,2,1,1,2,2,4,2,2,3,4,2,1,1,1,3,1,2,2,2,2,4,1,2,4,2,4,2,3,3,2,1,1,4,4,4,3,1,3,4,4,2,2,2,3,1,4,1,3,1,1,2,2,2,1,4,1,2,2,4,4,2,2,3,3,4,4,3,1,1,3,1,2,1,4,3,1,1,2,2,3,4,4,2,1,2,1,2,2,3,2,1,1,3,1,3,1,3,1,1,4,3,2,1,1,3,2,2,4,4,2,3,3,1,4,4,4,2,3,2,3,4,3,3,4,3,2,1,1,1,2,3,2,3,4,3,1,4,3,4,3,2,3,1,2,2,1,1,1,4,3,2,2,4,3,1,4,3,3,2,2,3,4,2,3,3,2,2,2,2,4,1,2,4,3,1,2,3,4,4,1,1,3,1,3,2,3,2,1,1,1,3,4,4,2,1,1,2,3,2,2,2,2,3,3,3,1,1,2,2,2,4,2,4,1,3,1,2,3,4,3,3,2,4,3,4,3,1,3,2,2,2,4,1,4,3,4,4,2,3,4,4,2,2,2,3,3,2,1,4,2,2,3,1,1,4,2,2,4,1,1,2,2,3,2,1,2,2,4,1,1,1,1,3,4,1,4,3,3,1,2,1,4,1,1,2,3,4,3,2,1,3,1,1,3,4,2,4,3,2,1,1,1,1,1,1,2,3,4,2,4,3,4,3,1,2,2,3,1,3,1,3,3,1,2,1,3,3,2,1,2,4,4,4,4,1,4,2,4,4,3,2,2,2,4,2,2,3,2,4,2,3,2,4,2,2,2,4,3,1,4,4,1,2,1,1,1,2,3,1,1,3,3,3,4,3,4,3,3,3,4,1,3,3,4,1,4,1,3,4,1,4,2,2,3,4,4,3,2,3,2,2,3,4,3,1,2,4,3,3,4,2,1,1,3,1,4,3,1,3,2,1,4,1,1,3,3,2,3,3,1,3,2,4,2,2,1,1,2,1,1,4,4,1,2,1,2,2,2,3,4,1,2,4,1,1,3,4,2,2,4,3,4,2,3,1,4,3,3,2,1,1,4,3,2,2,3,1,4,1,3,1,1,4,1,4,4,3,4,3,2,3,2,1,2,2,2,1,1,1,2,3,4,1,1,3,3,3,1,4,2,3,4,1,2,3,2,1,3,4,4,2,4,4,1,1,4,2,4,1,2,2,3,3,4,3,1,2,1,3,1,2,3,1,1,3,2,4,1,2,3,1,2,2,2,2,1,2,1,3,4,1,3,2,3,2,1,2,1,1,1,4,3,4,2,2,1,1,1,2,2,2,4,4,2,1,4,4,1,3,3,2,4,3,3,3,1,1,1,2,2,3,3,4,1,1,1,2,3,2,2,4,1,2,3,3,1,2,2,3,1,3,1,1,3,2,2,1,3,2,4,2,1,2,3,4,4,2,1,2,2,4,3,4,1,4,3,1,1,2,3,4,1,3,3,1,3,2,1,3,2,3,3,2,2,2,3,3,1,3,1,4,1,1,4,1,1,4,4,2,1,2,4,1,2,4,2,1,4,1,4,1,2,1,2,1,3,2,1,1,1,3,4,1,3,1,2,2,1,2,4,1,4,1,2,3,1,2,2,3,1,3,3,1,3,4"
164,0.9886279079380575,0.5196078431372549,2329.0,"2,2,3,4,1,1,4,1,1,2,4,1,1,4,2,2,3,4,1,1,4,4,4,2,1,1,4,3,1,2,2,2,3,3,3,3,1,2,1,3,2,3,4,4,4,3,1,4,4,3,4,1,3,2,1,1,2,1,1,4,3,1,1,3,4,1,4,2,3,1,1,2,4,4,3,1,3,2,4,2,3,1,1,3,1,3,3,3,4,1,2,1,3,4,4,2,4,4,2,2,4,3,3,3,3,4,3,1,2,1,1,2,2,2,4,1,4,2,3,2,1,3,4,4,4,4,1,2,1,3,1,2,2,2,3,2,1,4,2,1,4,2,1,1,3,3,2,1,2,2,4,1,1,2,2,2,4,1,2,1,3,2,3,2,2,3,1,2,1,1,3,4,2,3,3,1,2,2,2,2,3,3,3,4,2,4,4,3,2,2,2,4,1,2,1,1,2,2,3,2,1,4,3,4,3,4,2,1,3,3,1,2,1,1,3,3,2,2,2,2,1,2,4,4,3,3,1,3,1,4,3,1,3,3,3,1,2,4,1,3,1,1,4,2,1,2,4,2,3,3,1,3,2,1,1,2,1,4,2,2,1,2,1,3,2,3,2,1,4,3,4,4,2,2,2,3,2,4,2,2,1,4,2,3,2,1,1,3,3,1,2,1,4,4,3,1,3,4,1,4,1,2,4,1,2,1,4,1,4,4,4,2,2,4,4,2,2,3,2,3,4,3,4,1,2,4,1,2,4,1,1,2,3,3,3,4,2,3,1,1,1,4,3,3,2,2,1,2,4,1,3,4,3,4,1,2,2,2,2,1,2,3,2,4,3,3,1,2,2,1,4,1,4,2,1,2,4,1,1,4,4,3,2,2,1,1,3,4,3,3,4,2,4,1,1,3,2,2,3,3,2,4,1,3,2,3,1,2,3,3,1,4,3,3,1,1,4,2,1,4,1,4,1,3,2,3,2,4,3,3,4,1,3,2,3,3,2,1,3,3,2,1,4,3,4,3,1,3,1,3,4,3,4,2,2,3,4,2,3,3,2,4,1,3,1,2,3,2,1,3,2,4,4,3,2,4,3,2,2,3,4,2,4,4,3,4,3,2,4,2,1,2,1,3,3,1,1,3,3,2,3,3,4,1,2,1,3,3,2,1,3,1,2,1,1,2,4,2,3,1,1,1,4,4,1,4,2,2,1,4,2,4,2,2,2,1,4,2,3,3,2,4,1,1,1,2,1,1,2,2,2,2,1,3,4,1,3,4,3,2,1,4,3,1,1,2,2,3,3,2,2,1,4,1,1,1,2,4,2,1,2,4,2,3,3,2,1,1,4,1,3,4,1,4,3,2,2,1,4,2,3,2,3,1,1,2,2,3,3,3,2,2,3,1,2,3,2,4,1,1,3,3,2,1,3,3,1,3,1,3,2,3,1,1,3,2,1,1,1,2,4,3,2,4,3,2,4,3,3,2,4,2,4,1,1,3,3,3,3,4,4,3,4,1,1,4,2,1,2,1,4,4,3,3,1,2,2,2,1,2,4,2,1,3,3,4,1,4,1,1,3,2,1,4,3,1,4,1,1,1,4,4,3,4,3,3,3,2,2,3,4,3,1,3,4,3,1,2,4,4,4,3,3,2,1,4,2,1,2,3,1,2,1,1,2,4,2,4,2,1,2,1,3,1,3,4,2,3,2,3,3,3,4,1,4,3,2,1,3,1,3,1,1,4,2,4,1,1,2,3,1,4,4,2,1,3,4,3,2,3,2,4,2,1,3,4,1,3,2,2,3,2,3,1,3,4,4,2,3,1,2,2,1,4,1,1,1,1,3,1,4,1,4,3,2,4,3,1,3,1,4,1,3,4,1,1,1,2,2,3,3,1,4,2,1,4,3,2,1,2,2,1,4,3,2,1,2,2,3,4,2,3,1,1,1,3,2,1,3,4,3,3,4,3,1,2,3,3,1,1,4,3,3,3,2,3,1,3,1,1,1,2,3,1,3,2,3,4,1,2,1,1,4,3,4,1,4,2,1,1,3,2,2,3,3,3,4,3,4,4,2,1,2,1,2,3,4,4,4,2,3,2,1,3,1,4,4,4,4,1,1,1,1,1,4,4,4,2,4,2,1,3,3,2,4,2,1,1,3,4,2,2,1,1,4,2,1,1,2,2,4,2,2,3,4,2,1,1,1,3,1,2,2,2,2,4,1,2,4,2,4,2,3,3,2,1,1,4,4,4,3,1,3,4,4,2,2,2,3,1,4,1,3,1,1,2,2,2,1,4,1,2,2,4,4,2,2,3,3,4,4,3,1,1,3,1,2,1,4,3,1,1,2,2,3,4,4,2,1,2,1,2,2,3,2,1,1,3,1,3,1,3,1,1,4,3,2,1,1,3,2,2,4,4,2,3,3,1,4,4,4,2,3,2,3,4,3,3,4,3,2,1,1,1,2,3,2,3,4,3,1,4,3,4,3,2,3,1,2,2,1,1,1,4,3,2,2,4,3,1,4,3,3,2,2,3,4,2,3,3,2,2,2,2,4,1,2,4,3,1,2,3,4,4,1,1,3,1,3,2,3,2,1,1,1,3,4,4,2,1,1,2,3,2,2,2,2,3,3,3,1,1,2,2,2,4,2,4,1,3,1,2,3,4,3,3,2,4,3,4,3,1,3,2,2,2,4,1,4,3,4,4,2,3,4,4,2,2,2,3,3,2,1,4,2,2,3,1,1,4,2,2,4,1,1,2,2,3,2,1,2,2,4,1,1,1,1,3,4,1,4,3,3,1,2,1,4,1,1,2,3,4,3,2,1,3,1,1,3,4,2,4,3,2,1,1,1,1,1,1,2,3,4,2,4,3,4,3,1,2,2,3,1,3,1,3,3,1,2,1,3,3,2,1,2,4,4,4,4,1,4,2,4,4,3,2,2,2,4,2,2,3,2,4,2,3,2,4,2,2,2,4,3,1,4,4,1,2,1,1,1,2,3,1,1,3,3,3,4,3,4,3,3,3,4,1,3,3,4,1,4,1,3,4,1,4,2,2,3,4,4,3,2,3,2,2,3,4,3,1,2,4,3,3,4,2,1,1,3,1,4,3,1,3,2,1,4,1,1,3,3,2,3,3,1,3,2,4,2,2,1,1,2,1,1,4,4,1,2,1,2,2,2,3,4,1,2,4,1,1,3,4,2,2,4,3,4,2,3,1,4,3,3,2,1,1,4,3,2,2,3,1,4,1,3,1,1,4,1,4,4,3,4,3,2,3,2,1,2,2,2,1,1,1,2,3,4,1,1,3,3,3,1,4,2,3,4,1,2,3,2,1,3,4,4,2,4,4,1,1,4,2,4,1,2,2,3,3,4,3,1,2,1,3,1,2,3,1,1,3,2,4,1,2,3,1,2,2,2,2,1,2,1,3,4,1,3,2,3,2,1,2,1,1,1,4,3,4,2,2,1,1,1,2,2,2,4,4,2,1,4,4,1,3,3,2,4,3,3,3,1,1,1,2,2,3,3,4,1,1,1,2,3,2,2,4,1,2,3,3,1,2,2,3,1,3,1,1,3,2,2,1,3,2,4,2,1,2,3,4,4,2,1,2,2,4,3,4,1,4,3,1,1,2,3,4,1,3,3,1,3,2,1,3,2,3,3,2,2,2,3,3,1,3,1,4,1,1,4,1,1,4,4,2,1,2,4,1,2,4,2,1,4,1,4,1,2,1,2,1,3,2,1,1,1,3,4,1,3,1,2,2,1,2,4,1,4,1,2,3,1,2,2,3,1,3,3,1,3,4"
165,0.9886279079380575,0.5196078431372549,2329.0,"2,2,3,4,1,1,4,1,1,2,4,1,1,4,2,2,3,4,1,1,4,4,4,2,1,1,4,3,1,2,2,2,3,3,3,3,1,2,1,3,2,3,4,4,4,3,1,4,4,3,4,1,3,2,1,1,2,1,1,4,3,1,1,3,4,1,4,2,3,1,1,2,4,4,3,1,3,2,4,2,3,1,1,3,1,3,3,3,4,1,2,1,3,4,4,2,4,4,2,2,4,3,3,3,3,4,3,1,2,1,1,2,2,2,4,1,4,2,3,2,1,3,4,4,4,4,1,2,1,3,1,2,2,2,3,2,1,4,2,1,4,2,1,1,3,3,2,1,2,2,4,1,1,2,2,2,4,1,2,1,3,2,3,2,2,3,1,2,1,1,3,4,2,3,3,1,2,2,2,2,3,3,3,4,2,4,4,3,2,2,2,4,1,2,1,1,2,2,3,2,1,4,3,4,3,4,2,1,3,3,1,2,1,1,3,3,2,2,2,2,1,2,4,4,3,3,1,3,1,4,3,1,3,3,3,1,2,4,1,3,1,1,4,2,1,2,4,2,3,3,1,3,2,1,1,2,1,4,2,2,1,2,1,3,2,3,2,1,4,3,4,4,2,2,2,3,2,4,2,2,1,4,2,3,2,1,1,3,3,1,2,1,4,4,3,1,3,4,1,4,1,2,4,1,2,1,4,1,4,4,4,2,2,4,4,2,2,3,2,3,4,3,4,1,2,4,1,2,4,1,1,2,3,3,3,4,2,3,1,1,1,4,3,3,2,2,1,2,4,1,3,4,3,4,1,2,2,2,2,1,2,3,2,4,3,3,1,2,2,1,4,1,4,2,1,2,4,1,1,4,4,3,2,2,1,1,3,4,3,3,4,2,4,1,1,3,2,2,3,3,2,4,1,3,2,3,1,2,3,3,1,4,3,3,1,1,4,2,1,4,1,4,1,3,2,3,2,4,3,3,4,1,3,2,3,3,2,1,3,3,2,1,4,3,4,3,1,3,1,3,4,3,4,2,2,3,4,2,3,3,2,4,1,3,1,2,3,2,1,3,2,4,4,3,2,4,3,2,2,3,4,2,4,4,3,4,3,2,4,2,1,2,1,3,3,1,1,3,3,2,3,3,4,1,2,1,3,3,2,1,3,1,2,1,1,2,4,2,3,1,1,1,4,4,1,4,2,2,1,4,2,4,2,2,2,1,4,2,3,3,2,4,1,1,1,2,1,1,2,2,2,2,1,3,4,1,3,4,3,2,1,4,3,1,1,2,2,3,3,2,2,1,4,1,1,1,2,4,2,1,2,4,2,3,3,2,1,1,4,1,3,4,1,4,3,2,2,1,4,2,3,2,3,1,1,2,2,3,3,3,2,2,3,1,2,3,2,4,1,1,3,3,2,1,3,3,1,3,1,3,2,3,1,1,3,2,1,1,1,2,4,3,2,4,3,2,4,3,3,2,4,2,4,1,1,3,3,3,3,4,4,3,4,1,1,4,2,1,2,1,4,4,3,3,1,2,2,2,1,2,4,2,1,3,3,4,1,4,1,1,3,2,1,4,3,1,4,1,1,1,4,4,3,4,3,3,3,2,2,3,4,3,1,3,4,3,1,2,4,4,4,3,3,2,1,4,2,1,2,3,1,2,1,1,2,4,2,4,2,1,2,1,3,1,3,4,2,3,2,3,3,3,4,1,4,3,2,1,3,1,3,1,1,4,2,4,1,1,2,3,1,4,4,2,1,3,4,3,2,3,2,4,2,1,3,4,1,3,2,2,3,2,3,1,3,4,4,2,3,1,2,2,1,4,1,1,1,1,3,1,4,1,4,3,2,4,3,1,3,1,4,1,3,4,1,1,1,2,2,3,3,1,4,2,1,4,3,2,1,2,2,1,4,3,2,1,2,2,3,4,2,3,1,1,1,3,2,1,3,4,3,3,4,3,1,2,3,3,1,1,4,3,3,3,2,3,1,3,1,1,1,2,3,1,3,2,3,4,1,2,1,1,4,3,4,1,4,2,1,1,3,2,2,3,3,3,4,3,4,4,2,1,2,1,2,3,4,4,4,2,3,2,1,3,1,4,4,4,4,1,1,1,1,1,4,4,4,2,4,2,1,3,3,2,4,2,1,1,3,4,2,2,1,1,4,2,1,1,2,2,4,2,2,3,4,2,1,1,1,3,1,2,2,2,2,4,1,2,4,2,4,2,3,3,2,1,1,4,4,4,3,1,3,4,4,2,2,2,3,1,4,1,3,1,1,2,2,2,1,4,1,2,2,4,4,2,2,3,3,4,4,3,1,1,3,1,2,1,4,3,1,1,2,2,3,4,4,2,1,2,1,2,2,3,2,1,1,3,1,3,1,3,1,1,4,3,2,1,1,3,2,2,4,4,2,3,3,1,4,4,4,2,3,2,3,4,3,3,4,3,2,1,1,1,2,3,2,3,4,3,1,4,3,4,3,2,3,1,2,2,1,1,1,4,3,2,2,4,3,1,4,3,3,2,2,3,4,2,3,3,2,2,2,2,4,1,2,4,3,1,2,3,4,4,1,1,3,1,3,2,3,2,1,1,1,3,4,4,2,1,1,2,3,2,2,2,2,3,3,3,1,1,2,2,2,4,2,4,1,3,1,2,3,4,3,3,2,4,3,4,3,1,3,2,2,2,4,1,4,3,4,4,2,3,4,4,2,2,2,3,3,2,1,4,2,2,3,1,1,4,2,2,4,1,1,2,2,3,2,1,2,2,4,1,1,1,1,3,4,1,4,3,3,1,2,1,4,1,1,2,3,4,3,2,1,3,1,1,3,4,2,4,3,2,1,1,1,1,1,1,2,3,4,2,4,3,4,3,1,2,2,3,1,3,1,3,3,1,2,1,3,3,2,1,2,4,4,4,4,1,4,2,4,4,3,2,2,2,4,2,2,3,2,4,2,3,2,4,2,2,2,4,3,1,4,4,1,2,1,1,1,2,3,1,1,3,3,3,4,3,4,3,3,3,4,1,3,3,4,1,4,1,3,4,1,4,2,2,3,4,4,3,2,3,2,2,3,4,3,1,2,4,3,3,4,2,1,1,3,1,4,3,1,3,2,1,4,1,1,3,3,2,3,3,1,3,2,4,2,2,1,1,2,1,1,4,4,1,2,1,2,2,2,3,4,1,2,4,1,1,3,4,2,2,4,3,4,2,3,1,4,3,3,2,1,1,4,3,2,2,3,1,4,1,3,1,1,4,1,4,4,3,4,3,2,3,2,1,2,2,2,1,1,1,2,3,4,1,1,3,3,3,1,4,2,3,4,1,2,3,2,1,3,4,4,2,4,4,1,1,4,2,4,1,2,2,3,3,4,3,1,2,1,3,1,2,3,1,1,3,2,4,1,2,3,1,2,2,2,2,1,2,1,3,4,1,3,2,3,2,1,2,1,1,1,4,3,4,2,2,1,1,1,2,2,2,4,4,2,1,4,4,1,3,3,2,4,3,3,3,1,1,1,2,2,3,3,4,1,1,1,2,3,2,2,4,1,2,3,3,1,2,2,3,1,3,1,1,3,2,2,1,3,2,4,2,1,2,3,4,4,2,1,2,2,4,3,4,1,4,3,1,1,2,3,4,1,3,3,1,3,2,1,3,2,3,3,2,2,2,3,3,1,3,1,4,1,1,4,1,1,4,4,2,1,2,4,1,2,4,2,1,4,1,4,1,2,1,2,1,3,2,1,1,1,3,4,1,3,1,2,2,1,2,4,1,4,1,2,3,1,2,2,3,1,3,3,1,3,4"
166,0.9886279079380575,0.5196078431372549,2329.0,"2,2,3,4,1,1,4,1,1,2,4,1,1,4,2,2,3,4,1,1,4,4,4,2,1,1,4,3,1,2,2,2,3,3,3,3,1,2,1,3,2,3,4,4,4,3,1,4,4,3,4,1,3,2,1,1,2,1,1,4,3,1,1,3,4,1,4,2,3,1,1,2,4,4,3,1,3,2,4,2,3,1,1,3,1,3,3,3,4,1,2,1,3,4,4,2,4,4,2,2,4,3,3,3,3,4,3,1,2,1,1,2,2,2,4,1,4,2,3,2,1,3,4,4,4,4,1,2,1,3,1,2,2,2,3,2,1,4,2,1,4,2,1,1,3,3,2,1,2,2,4,1,1,2,2,2,4,1,2,1,3,2,3,2,2,3,1,2,1,1,3,4,2,3,3,1,2,2,2,2,3,3,3,4,2,4,4,3,2,2,2,4,1,2,1,1,2,2,3,2,1,4,3,4,3,4,2,1,3,3,1,2,1,1,3,3,2,2,2,2,1,2,4,4,3,3,1,3,1,4,3,1,3,3,3,1,2,4,1,3,1,1,4,2,1,2,4,2,3,3,1,3,2,1,1,2,1,4,2,2,1,2,1,3,2,3,2,1,4,3,4,4,2,2,2,3,2,4,2,2,1,4,2,3,2,1,1,3,3,1,2,1,4,4,3,1,3,4,1,4,1,2,4,1,2,1,4,1,4,4,4,2,2,4,4,2,2,3,2,3,4,3,4,1,2,4,1,2,4,1,1,2,3,3,3,4,2,3,1,1,1,4,3,3,2,2,1,2,4,1,3,4,3,4,1,2,2,2,2,1,2,3,2,4,3,3,1,2,2,1,4,1,4,2,1,2,4,1,1,4,4,3,2,2,1,1,3,4,3,3,4,2,4,1,1,3,2,2,3,3,2,4,1,3,2,3,1,2,3,3,1,4,3,3,1,1,4,2,1,4,1,4,1,3,2,3,2,4,3,3,4,1,3,2,3,3,2,1,3,3,2,1,4,3,4,3,1,3,1,3,4,3,4,2,2,3,4,2,3,3,2,4,1,3,1,2,3,2,1,3,2,4,4,3,2,4,3,2,2,3,4,2,4,4,3,4,3,2,4,2,1,2,1,3,3,1,1,3,3,2,3,3,4,1,2,1,3,3,2,1,3,1,2,1,1,2,4,2,3,1,1,1,4,4,1,4,2,2,1,4,2,4,2,2,2,1,4,2,3,3,2,4,1,1,1,2,1,1,2,2,2,2,1,3,4,1,3,4,3,2,1,4,3,1,1,2,2,3,3,2,2,1,4,1,1,1,2,4,2,1,2,4,2,3,3,2,1,1,4,1,3,4,1,4,3,2,2,1,4,2,3,2,3,1,1,2,2,3,3,3,2,2,3,1,2,3,2,4,1,1,3,3,2,1,3,3,1,3,1,3,2,3,1,1,3,2,1,1,1,2,4,3,2,4,3,2,4,3,3,2,4,2,4,1,1,3,3,3,3,4,4,3,4,1,1,4,2,1,2,1,4,4,3,3,1,2,2,2,1,2,4,2,1,3,3,4,1,4,1,1,3,2,1,4,3,1,4,1,1,1,4,4,3,4,3,3,3,2,2,3,4,3,1,3,4,3,1,2,4,4,4,3,3,2,1,4,2,1,2,3,1,2,1,1,2,4,2,4,2,1,2,1,3,1,3,4,2,3,2,3,3,3,4,1,4,3,2,1,3,1,3,1,1,4,2,4,1,1,2,3,1,4,4,2,1,3,4,3,2,3,2,4,2,1,3,4,1,3,2,2,3,2,3,1,3,4,4,2,3,1,2,2,1,4,1,1,1,1,3,1,4,1,4,3,2,4,3,1,3,1,4,1,3,4,1,1,1,2,2,3,3,1,4,2,1,4,3,2,1,2,2,1,4,3,2,1,2,2,3,4,2,3,1,1,1,3,2,1,3,4,3,3,4,3,1,2,3,3,1,1,4,3,3,3,2,3,1,3,1,1,1,2,3,1,3,2,3,4,1,2,1,1,4,3,4,1,4,2,1,1,3,2,2,3,3,3,4,3,4,4,2,1,2,1,2,3,4,4,4,2,3,2,1,3,1,4,4,4,4,1,1,1,1,1,4,4,4,2,4,2,1,3,3,2,4,2,1,1,3,4,2,2,1,1,4,2,1,1,2,2,4,2,2,3,4,2,1,1,1,3,1,2,2,2,2,4,1,2,4,2,4,2,3,3,2,1,1,4,4,4,3,1,3,4,4,2,2,2,3,1,4,1,3,1,1,2,2,2,1,4,1,2,2,4,4,2,2,3,3,4,4,3,1,1,3,1,2,1,4,3,1,1,2,2,3,4,4,2,1,2,1,2,2,3,2,1,1,3,1,3,1,3,1,1,4,3,2,1,1,3,2,2,4,4,2,3,3,1,4,4,4,2,3,2,3,4,3,3,4,3,2,1,1,1,2,3,2,3,4,3,1,4,3,4,3,2,3,1,2,2,1,1,1,4,3,2,2,4,3,1,4,3,3,2,2,3,4,2,3,3,2,2,2,2,4,1,2,4,3,1,2,3,4,4,1,1,3,1,3,2,3,2,1,1,1,3,4,4,2,1,1,2,3,2,2,2,2,3,3,3,1,1,2,2,2,4,2,4,1,3,1,2,3,4,3,3,2,4,3,4,3,1,3,2,2,2,4,1,4,3,4,4,2,3,4,4,2,2,2,3,3,2,1,4,2,2,3,1,1,4,2,2,4,1,1,2,2,3,2,1,2,2,4,1,1,1,1,3,4,1,4,3,3,1,2,1,4,1,1,2,3,4,3,2,1,3,1,1,3,4,2,4,3,2,1,1,1,1,1,1,2,3,4,2,4,3,4,3,1,2,2,3,1,3,1,3,3,1,2,1,3,3,2,1,2,4,4,4,4,1,4,2,4,4,3,2,2,2,4,2,2,3,2,4,2,3,2,4,2,2,2,4,3,1,4,4,1,2,1,1,1,2,3,1,1,3,3,3,4,3,4,3,3,3,4,1,3,3,4,1,4,1,3,4,1,4,2,2,3,4,4,3,2,3,2,2,3,4,3,1,2,4,3,3,4,2,1,1,3,1,4,3,1,3,2,1,4,1,1,3,3,2,3,3,1,3,2,4,2,2,1,1,2,1,1,4,4,1,2,1,2,2,2,3,4,1,2,4,1,1,3,4,2,2,4,3,4,2,3,1,4,3,3,2,1,1,4,3,2,2,3,1,4,1,3,1,1,4,1,4,4,3,4,3,2,3,2,1,2,2,2,1,1,1,2,3,4,1,1,3,3,3,1,4,2,3,4,1,2,3,2,1,3,4,4,2,4,4,1,1,4,2,4,1,2,2,3,3,4,3,1,2,1,3,1,2,3,1,1,3,2,4,1,2,3,1,2,2,2,2,1,2,1,3,4,1,3,2,3,2,1,2,1,1,1,4,3,4,2,2,1,1,1,2,2,2,4,4,2,1,4,4,1,3,3,2,4,3,3,3,1,1,1,2,2,3,3,4,1,1,1,2,3,2,2,4,1,2,3,3,1,2,2,3,1,3,1,1,3,2,2,1,3,2,4,2,1,2,3,4,4,2,1,2,2,4,3,4,1,4,3,1,1,2,3,4,1,3,3,1,3,2,1,3,2,3,3,2,2,2,3,3,1,3,1,4,1,1,4,1,1,4,4,2,1,2,4,1,2,4,2,1,4,1,4,1,2,1,2,1,3,2,1,1,1,3,4,1,3,1,2,2,1,2,4,1,4,1,2,3,1,2,2,3,1,3,3,1,3,4"
167,0.9886279079380575,0.5196078431372549,2329.0,"2,2,3,4,1,1,4,1,1,2,4,1,1,4,2,2,3,4,1,1,4,4,4,2,1,1,4,3,1,2,2,2,3,3,3,3,1,2,1,3,2,3,4,4,4,3,1,4,4,3,4,1,3,2,1,1,2,1,1,4,3,1,1,3,4,1,4,2,3,1,1,2,4,4,3,1,3,2,4,2,3,1,1,3,1,3,3,3,4,1,2,1,3,4,4,2,4,4,2,2,4,3,3,3,3,4,3,1,2,1,1,2,2,2,4,1,4,2,3,2,1,3,4,4,4,4,1,2,1,3,1,2,2,2,3,2,1,4,2,1,4,2,1,1,3,3,2,1,2,2,4,1,1,2,2,2,4,1,2,1,3,2,3,2,2,3,1,2,1,1,3,4,2,3,3,1,2,2,2,2,3,3,3,4,2,4,4,3,2,2,2,4,1,2,1,1,2,2,3,2,1,4,3,4,3,4,2,1,3,3,1,2,1,1,3,3,2,2,2,2,1,2,4,4,3,3,1,3,1,4,3,1,3,3,3,1,2,4,1,3,1,1,4,2,1,2,4,2,3,3,1,3,2,1,1,2,1,4,2,2,1,2,1,3,2,3,2,1,4,3,4,4,2,2,2,3,2,4,2,2,1,4,2,3,2,1,1,3,3,1,2,1,4,4,3,1,3,4,1,4,1,2,4,1,2,1,4,1,4,4,4,2,2,4,4,2,2,3,2,3,4,3,4,1,2,4,1,2,4,1,1,2,3,3,3,4,2,3,1,1,1,4,3,3,2,2,1,2,4,1,3,4,3,4,1,2,2,2,2,1,2,3,2,4,3,3,1,2,2,1,4,1,4,2,1,2,4,1,1,4,4,3,2,2,1,1,3,4,3,3,4,2,4,1,1,3,2,2,3,3,2,4,1,3,2,3,1,2,3,3,1,4,3,3,1,1,4,2,1,4,1,4,1,3,2,3,2,4,3,3,4,1,3,2,3,3,2,1,3,3,2,1,4,3,4,3,1,3,1,3,4,3,4,2,2,3,4,2,3,3,2,4,1,3,1,2,3,2,1,3,2,4,4,3,2,4,3,2,2,3,4,2,4,4,3,4,3,2,4,2,1,2,1,3,3,1,1,3,3,2,3,3,4,1,2,1,3,3,2,1,3,1,2,1,1,2,4,2,3,1,1,1,4,4,1,4,2,2,1,4,2,4,2,2,2,1,4,2,3,3,2,4,1,1,1,2,1,1,2,2,2,2,1,3,4,1,3,4,3,2,1,4,3,1,1,2,2,3,3,2,2,1,4,1,1,1,2,4,2,1,2,4,2,3,3,2,1,1,4,1,3,4,1,4,3,2,2,1,4,2,3,2,3,1,1,2,2,3,3,3,2,2,3,1,2,3,2,4,1,1,3,3,2,1,3,3,1,3,1,3,2,3,1,1,3,2,1,1,1,2,4,3,2,4,3,2,4,3,3,2,4,2,4,1,1,3,3,3,3,4,4,3,4,1,1,4,2,1,2,1,4,4,3,3,1,2,2,2,1,2,4,2,1,3,3,4,1,4,1,1,3,2,1,4,3,1,4,1,1,1,4,4,3,4,3,3,3,2,2,3,4,3,1,3,4,3,1,2,4,4,4,3,3,2,1,4,2,1,2,3,1,2,1,1,2,4,2,4,2,1,2,1,3,1,3,4,2,3,2,3,3,3,4,1,4,3,2,1,3,1,3,1,1,4,2,4,1,1,2,3,1,4,4,2,1,3,4,3,2,3,2,4,2,1,3,4,1,3,2,2,3,2,3,1,3,4,4,2,3,1,2,2,1,4,1,1,1,1,3,1,4,1,4,3,2,4,3,1,3,1,4,1,3,4,1,1,1,2,2,3,3,1,4,2,1,4,3,2,1,2,2,1,4,3,2,1,2,2,3,4,2,3,1,1,1,3,2,1,3,4,3,3,4,3,1,2,3,3,1,1,4,3,3,3,2,3,1,3,1,1,1,2,3,1,3,2,3,4,1,2,1,1,4,3,4,1,4,2,1,1,3,2,2,3,3,3,4,3,4,4,2,1,2,1,2,3,4,4,4,2,3,2,1,3,1,4,4,4,4,1,1,1,1,1,4,4,4,2,4,2,1,3,3,2,4,2,1,1,3,4,2,2,1,1,4,2,1,1,2,2,4,2,2,3,4,2,1,1,1,3,1,2,2,2,2,4,1,2,4,2,4,2,3,3,2,1,1,4,4,4,3,1,3,4,4,2,2,2,3,1,4,1,3,1,1,2,2,2,1,4,1,2,2,4,4,2,2,3,3,4,4,3,1,1,3,1,2,1,4,3,1,1,2,2,3,4,4,2,1,2,1,2,2,3,2,1,1,3,1,3,1,3,1,1,4,3,2,1,1,3,2,2,4,4,2,3,3,1,4,4,4,2,3,2,3,4,3,3,4,3,2,1,1,1,2,3,2,3,4,3,1,4,3,4,3,2,3,1,2,2,1,1,1,4,3,2,2,4,3,1,4,3,3,2,2,3,4,2,3,3,2,2,2,2,4,1,2,4,3,1,2,3,4,4,1,1,3,1,3,2,3,2,1,1,1,3,4,4,2,1,1,2,3,2,2,2,2,3,3,3,1,1,2,2,2,4,2,4,1,3,1,2,3,4,3,3,2,4,3,4,3,1,3,2,2,2,4,1,4,3,4,4,2,3,4,4,2,2,2,3,3,2,1,4,2,2,3,1,1,4,2,2,4,1,1,2,2,3,2,1,2,2,4,1,1,1,1,3,4,1,4,3,3,1,2,1,4,1,1,2,3,4,3,2,1,3,1,1,3,4,2,4,3,2,1,1,1,1,1,1,2,3,4,2,4,3,4,3,1,2,2,3,1,3,1,3,3,1,2,1,3,3,2,1,2,4,4,4,4,1,4,2,4,4,3,2,2,2,4,2,2,3,2,4,2,3,2,4,2,2,2,4,3,1,4,4,1,2,1,1,1,2,3,1,1,3,3,3,4,3,4,3,3,3,4,1,3,3,4,1,4,1,3,4,1,4,2,2,3,4,4,3,2,3,2,2,3,4,3,1,2,4,3,3,4,2,1,1,3,1,4,3,1,3,2,1,4,1,1,3,3,2,3,3,1,3,2,4,2,2,1,1,2,1,1,4,4,1,2,1,2,2,2,3,4,1,2,4,1,1,3,4,2,2,4,3,4,2,3,1,4,3,3,2,1,1,4,3,2,2,3,1,4,1,3,1,1,4,1,4,4,3,4,3,2,3,2,1,2,2,2,1,1,1,2,3,4,1,1,3,3,3,1,4,2,3,4,1,2,3,2,1,3,4,4,2,4,4,1,1,4,2,4,1,2,2,3,3,4,3,1,2,1,3,1,2,3,1,1,3,2,4,1,2,3,1,2,2,2,2,1,2,1,3,4,1,3,2,3,2,1,2,1,1,1,4,3,4,2,2,1,1,1,2,2,2,4,4,2,1,4,4,1,3,3,2,4,3,3,3,1,1,1,2,2,3,3,4,1,1,1,2,3,2,2,4,1,2,3,3,1,2,2,3,1,3,1,1,3,2,2,1,3,2,4,2,1,2,3,4,4,2,1,2,2,4,3,4,1,4,3,1,1,2,3,4,1,3,3,1,3,2,1,3,2,3,3,2,2,2,3,3,1,3,1,4,1,1,4,1,1,4,4,2,1,2,4,1,2,4,2,1,4,1,4,1,2,1,2,1,3,2,1,1,1,3,4,1,3,1,2,2,1,2,4,1,4,1,2,3,1,2,2,3,1,3,3,1,3,4"
168,0.9886279079380575,0.5196078431372549,2329.0,"2,2,3,4,1,1,4,1,1,2,4,1,1,4,2,2,3,4,1,1,4,4,4,2,1,1,4,3,1,2,2,2,3,3,3,3,1,2,1,3,2,3,4,4,4,3,1,4,4,3,4,1,3,2,1,1,2,1,1,4,3,1,1,3,4,1,4,2,3,1,1,2,4,4,3,1,3,2,4,2,3,1,1,3,1,3,3,3,4,1,2,1,3,4,4,2,4,4,2,2,4,3,3,3,3,4,3,1,2,1,1,2,2,2,4,1,4,2,3,2,1,3,4,4,4,4,1,2,1,3,1,2,2,2,3,2,1,4,2,1,4,2,1,1,3,3,2,1,2,2,4,1,1,2,2,2,4,1,2,1,3,2,3,2,2,3,1,2,1,1,3,4,2,3,3,1,2,2,2,2,3,3,3,4,2,4,4,3,2,2,2,4,1,2,1,1,2,2,3,2,1,4,3,4,3,4,2,1,3,3,1,2,1,1,3,3,2,2,2,2,1,2,4,4,3,3,1,3,1,4,3,1,3,3,3,1,2,4,1,3,1,1,4,2,1,2,4,2,3,3,1,3,2,1,1,2,1,4,2,2,1,2,1,3,2,3,2,1,4,3,4,4,2,2,2,3,2,4,2,2,1,4,2,3,2,1,1,3,3,1,2,1,4,4,3,1,3,4,1,4,1,2,4,1,2,1,4,1,4,4,4,2,2,4,4,2,2,3,2,3,4,3,4,1,2,4,1,2,4,1,1,2,3,3,3,4,2,3,1,1,1,4,3,3,2,2,1,2,4,1,3,4,3,4,1,2,2,2,2,1,2,3,2,4,3,3,1,2,2,1,4,1,4,2,1,2,4,1,1,4,4,3,2,2,1,1,3,4,3,3,4,2,4,1,1,3,2,2,3,3,2,4,1,3,2,3,1,2,3,3,1,4,3,3,1,1,4,2,1,4,1,4,1,3,2,3,2,4,3,3,4,1,3,2,3,3,2,1,3,3,2,1,4,3,4,3,1,3,1,3,4,3,4,2,2,3,4,2,3,3,2,4,1,3,1,2,3,2,1,3,2,4,4,3,2,4,3,2,2,3,4,2,4,4,3,4,3,2,4,2,1,2,1,3,3,1,1,3,3,2,3,3,4,1,2,1,3,3,2,1,3,1,2,1,1,2,4,2,3,1,1,1,4,4,1,4,2,2,1,4,2,4,2,2,2,1,4,2,3,3,2,4,1,1,1,2,1,1,2,2,2,2,1,3,4,1,3,4,3,2,1,4,3,1,1,2,2,3,3,2,2,1,4,1,1,1,2,4,2,1,2,4,2,3,3,2,1,1,4,1,3,4,1,4,3,2,2,1,4,2,3,2,3,1,1,2,2,3,3,3,2,2,3,1,2,3,2,4,1,1,3,3,2,1,3,3,1,3,1,3,2,3,1,1,3,2,1,1,1,2,4,3,2,4,3,2,4,3,3,2,4,2,4,1,1,3,3,3,3,4,4,3,4,1,1,4,2,1,2,1,4,4,3,3,1,2,2,2,1,2,4,2,1,3,3,4,1,4,1,1,3,2,1,4,3,1,4,1,1,1,4,4,3,4,3,3,3,2,2,3,4,3,1,3,4,3,1,2,4,4,4,3,3,2,1,4,2,1,2,3,1,2,1,1,2,4,2,4,2,1,2,1,3,1,3,4,2,3,2,3,3,3,4,1,4,3,2,1,3,1,3,1,1,4,2,4,1,1,2,3,1,4,4,2,1,3,4,3,2,3,2,4,2,1,3,4,1,3,2,2,3,2,3,1,3,4,4,2,3,1,2,2,1,4,1,1,1,1,3,1,4,1,4,3,2,4,3,1,3,1,4,1,3,4,1,1,1,2,2,3,3,1,4,2,1,4,3,2,1,2,2,1,4,3,2,1,2,2,3,4,2,3,1,1,1,3,2,1,3,4,3,3,4,3,1,2,3,3,1,1,4,3,3,3,2,3,1,3,1,1,1,2,3,1,3,2,3,4,1,2,1,1,4,3,4,1,4,2,1,1,3,2,2,3,3,3,4,3,4,4,2,1,2,1,2,3,4,4,4,2,3,2,1,3,1,4,4,4,4,1,1,1,1,1,4,4,4,2,4,2,1,3,3,2,4,2,1,1,3,4,2,2,1,1,4,2,1,1,2,2,4,2,2,3,4,2,1,1,1,3,1,2,2,2,2,4,1,2,4,2,4,2,3,3,2,1,1,4,4,4,3,1,3,4,4,2,2,2,3,1,4,1,3,1,1,2,2,2,1,4,1,2,2,4,4,2,2,3,3,4,4,3,1,1,3,1,2,1,4,3,1,1,2,2,3,4,4,2,1,2,1,2,2,3,2,1,1,3,1,3,1,3,1,1,4,3,2,1,1,3,2,2,4,4,2,3,3,1,4,4,4,2,3,2,3,4,3,3,4,3,2,1,1,1,2,3,2,3,4,3,1,4,3,4,3,2,3,1,2,2,1,1,1,4,3,2,2,4,3,1,4,3,3,2,2,3,4,2,3,3,2,2,2,2,4,1,2,4,3,1,2,3,4,4,1,1,3,1,3,2,3,2,1,1,1,3,4,4,2,1,1,2,3,2,2,2,2,3,3,3,1,1,2,2,2,4,2,4,1,3,1,2,3,4,3,3,2,4,3,4,3,1,3,2,2,2,4,1,4,3,4,4,2,3,4,4,2,2,2,3,3,2,1,4,2,2,3,1,1,4,2,2,4,1,1,2,2,3,2,1,2,2,4,1,1,1,1,3,4,1,4,3,3,1,2,1,4,1,1,2,3,4,3,2,1,3,1,1,3,4,2,4,3,2,1,1,1,1,1,1,2,3,4,2,4,3,4,3,1,2,2,3,1,3,1,3,3,1,2,1,3,3,2,1,2,4,4,4,4,1,4,2,4,4,3,2,2,2,4,2,2,3,2,4,2,3,2,4,2,2,2,4,3,1,4,4,1,2,1,1,1,2,3,1,1,3,3,3,4,3,4,3,3,3,4,1,3,3,4,1,4,1,3,4,1,4,2,2,3,4,4,3,2,3,2,2,3,4,3,1,2,4,3,3,4,2,1,1,3,1,4,3,1,3,2,1,4,1,1,3,3,2,3,3,1,3,2,4,2,2,1,1,2,1,1,4,4,1,2,1,2,2,2,3,4,1,2,4,1,1,3,4,2,2,4,3,4,2,3,1,4,3,3,2,1,1,4,3,2,2,3,1,4,1,3,1,1,4,1,4,4,3,4,3,2,3,2,1,2,2,2,1,1,1,2,3,4,1,1,3,3,3,1,4,2,3,4,1,2,3,2,1,3,4,4,2,4,4,1,1,4,2,4,1,2,2,3,3,4,3,1,2,1,3,1,2,3,1,1,3,2,4,1,2,3,1,2,2,2,2,1,2,1,3,4,1,3,2,3,2,1,2,1,1,1,4,3,4,2,2,1,1,1,2,2,2,4,4,2,1,4,4,1,3,3,2,4,3,3,3,1,1,1,2,2,3,3,4,1,1,1,2,3,2,2,4,1,2,3,3,1,2,2,3,1,3,1,1,3,2,2,1,3,2,4,2,1,2,3,4,4,2,1,2,2,4,3,4,1,4,3,1,1,2,3,4,1,3,3,1,3,2,1,3,2,3,3,2,2,2,3,3,1,3,1,4,1,1,4,1,1,4,4,2,1,2,4,1,2,4,2,1,4,1,4,1,2,1,2,1,3,2,1,1,1,3,4,1,3,1,2,2,1,2,4,1,4,1,2,3,1,2,2,3,1,3,3,1,3,4"
169,0.9886279079380575,0.5196078431372549,2329.0,"2,2,3,4,1,1,4,1,1,2,4,1,1,4,2,2,3,4,1,1,4,4,4,2,1,1,4,3,1,2,2,2,3,3,3,3,1,2,1,3,2,3,4,4,4,3,1,4,4,3,4,1,3,2,1,1,2,1,1,4,3,1,1,3,4,1,4,2,3,1,1,2,4,4,3,1,3,2,4,2,3,1,1,3,1,3,3,3,4,1,2,1,3,4,4,2,4,4,2,2,4,3,3,3,3,4,3,1,2,1,1,2,2,2,4,1,4,2,3,2,1,3,4,4,4,4,1,2,1,3,1,2,2,2,3,2,1,4,2,1,4,2,1,1,3,3,2,1,2,2,4,1,1,2,2,2,4,1,2,1,3,2,3,2,2,3,1,2,1,1,3,4,2,3,3,1,2,2,2,2,3,3,3,4,2,4,4,3,2,2,2,4,1,2,1,1,2,2,3,2,1,4,3,4,3,4,2,1,3,3,1,2,1,1,3,3,2,2,2,2,1,2,4,4,3,3,1,3,1,4,3,1,3,3,3,1,2,4,1,3,1,1,4,2,1,2,4,2,3,3,1,3,2,1,1,2,1,4,2,2,1,2,1,3,2,3,2,1,4,3,4,4,2,2,2,3,2,4,2,2,1,4,2,3,2,1,1,3,3,1,2,1,4,4,3,1,3,4,1,4,1,2,4,1,2,1,4,1,4,4,4,2,2,4,4,2,2,3,2,3,4,3,4,1,2,4,1,2,4,1,1,2,3,3,3,4,2,3,1,1,1,4,3,3,2,2,1,2,4,1,3,4,3,4,1,2,2,2,2,1,2,3,2,4,3,3,1,2,2,1,4,1,4,2,1,2,4,1,1,4,4,3,2,2,1,1,3,4,3,3,4,2,4,1,1,3,2,2,3,3,2,4,1,3,2,3,1,2,3,3,1,4,3,3,1,1,4,2,1,4,1,4,1,3,2,3,2,4,3,3,4,1,3,2,3,3,2,1,3,3,2,1,4,3,4,3,1,3,1,3,4,3,4,2,2,3,4,2,3,3,2,4,1,3,1,2,3,2,1,3,2,4,4,3,2,4,3,2,2,3,4,2,4,4,3,4,3,2,4,2,1,2,1,3,3,1,1,3,3,2,3,3,4,1,2,1,3,3,2,1,3,1,2,1,1,2,4,2,3,1,1,1,4,4,1,4,2,2,1,4,2,4,2,2,2,1,4,2,3,3,2,4,1,1,1,2,1,1,2,2,2,2,1,3,4,1,3,4,3,2,1,4,3,1,1,2,2,3,3,2,2,1,4,1,1,1,2,4,2,1,2,4,2,3,3,2,1,1,4,1,3,4,1,4,3,2,2,1,4,2,3,2,3,1,1,2,2,3,3,3,2,2,3,1,2,3,2,4,1,1,3,3,2,1,3,3,1,3,1,3,2,3,1,1,3,2,1,1,1,2,4,3,2,4,3,2,4,3,3,2,4,2,4,1,1,3,3,3,3,4,4,3,4,1,1,4,2,1,2,1,4,4,3,3,1,2,2,2,1,2,4,2,1,3,3,4,1,4,1,1,3,2,1,4,3,1,4,1,1,1,4,4,3,4,3,3,3,2,2,3,4,3,1,3,4,3,1,2,4,4,4,3,3,2,1,4,2,1,2,3,1,2,1,1,2,4,2,4,2,1,2,1,3,1,3,4,2,3,2,3,3,3,4,1,4,3,2,1,3,1,3,1,1,4,2,4,1,1,2,3,1,4,4,2,1,3,4,3,2,3,2,4,2,1,3,4,1,3,2,2,3,2,3,1,3,4,4,2,3,1,2,2,1,4,1,1,1,1,3,1,4,1,4,3,2,4,3,1,3,1,4,1,3,4,1,1,1,2,2,3,3,1,4,2,1,4,3,2,1,2,2,1,4,3,2,1,2,2,3,4,2,3,1,1,1,3,2,1,3,4,3,3,4,3,1,2,3,3,1,1,4,3,3,3,2,3,1,3,1,1,1,2,3,1,3,2,3,4,1,2,1,1,4,3,4,1,4,2,1,1,3,2,2,3,3,3,4,3,4,4,2,1,2,1,2,3,4,4,4,2,3,2,1,3,1,4,4,4,4,1,1,1,1,1,4,4,4,2,4,2,1,3,3,2,4,2,1,1,3,4,2,2,1,1,4,2,1,1,2,2,4,2,2,3,4,2,1,1,1,3,1,2,2,2,2,4,1,2,4,2,4,2,3,3,2,1,1,4,4,4,3,1,3,4,4,2,2,2,3,1,4,1,3,1,1,2,2,2,1,4,1,2,2,4,4,2,2,3,3,4,4,3,1,1,3,1,2,1,4,3,1,1,2,2,3,4,4,2,1,2,1,2,2,3,2,1,1,3,1,3,1,3,1,1,4,3,2,1,1,3,2,2,4,4,2,3,3,1,4,4,4,2,3,2,3,4,3,3,4,3,2,1,1,1,2,3,2,3,4,3,1,4,3,4,3,2,3,1,2,2,1,1,1,4,3,2,2,4,3,1,4,3,3,2,2,3,4,2,3,3,2,2,2,2,4,1,2,4,3,1,2,3,4,4,1,1,3,1,3,2,3,2,1,1,1,3,4,4,2,1,1,2,3,2,2,2,2,3,3,3,1,1,2,2,2,4,2,4,1,3,1,2,3,4,3,3,2,4,3,4,3,1,3,2,2,2,4,1,4,3,4,4,2,3,4,4,2,2,2,3,3,2,1,4,2,2,3,1,1,4,2,2,4,1,1,2,2,3,2,1,2,2,4,1,1,1,1,3,4,1,4,3,3,1,2,1,4,1,1,2,3,4,3,2,1,3,1,1,3,4,2,4,3,2,1,1,1,1,1,1,2,3,4,2,4,3,4,3,1,2,2,3,1,3,1,3,3,1,2,1,3,3,2,1,2,4,4,4,4,1,4,2,4,4,3,2,2,2,4,2,2,3,2,4,2,3,2,4,2,2,2,4,3,1,4,4,1,2,1,1,1,2,3,1,1,3,3,3,4,3,4,3,3,3,4,1,3,3,4,1,4,1,3,4,1,4,2,2,3,4,4,3,2,3,2,2,3,4,3,1,2,4,3,3,4,2,1,1,3,1,4,3,1,3,2,1,4,1,1,3,3,2,3,3,1,3,2,4,2,2,1,1,2,1,1,4,4,1,2,1,2,2,2,3,4,1,2,4,1,1,3,4,2,2,4,3,4,2,3,1,4,3,3,2,1,1,4,3,2,2,3,1,4,1,3,1,1,4,1,4,4,3,4,3,2,3,2,1,2,2,2,1,1,1,2,3,4,1,1,3,3,3,1,4,2,3,4,1,2,3,2,1,3,4,4,2,4,4,1,1,4,2,4,1,2,2,3,3,4,3,1,2,1,3,1,2,3,1,1,3,2,4,1,2,3,1,2,2,2,2,1,2,1,3,4,1,3,2,3,2,1,2,1,1,1,4,3,4,2,2,1,1,1,2,2,2,4,4,2,1,4,4,1,3,3,2,4,3,3,3,1,1,1,2,2,3,3,4,1,1,1,2,3,2,2,4,1,2,3,3,1,2,2,3,1,3,1,1,3,2,2,1,3,2,4,2,1,2,3,4,4,2,1,2,2,4,3,4,1,4,3,1,1,2,3,4,1,3,3,1,3,2,1,3,2,3,3,2,2,2,3,3,1,3,1,4,1,1,4,1,1,4,4,2,1,2,4,1,2,4,2,1,4,1,4,1,2,1,2,1,3,2,1,1,1,3,4,1,3,1,2,2,1,2,4,1,4,1,2,3,1,2,2,3,1,3,3,1,3,4"
170,0.9886279079380575,0.5196078431372549,2329.0,"2,2,3,4,1,1,4,1,1,2,4,1,1,4,2,2,3,4,1,1,4,4,4,2,1,1,4,3,1,2,2,2,3,3,3,3,1,2,1,3,2,3,4,4,4,3,1,4,4,3,4,1,3,2,1,1,2,1,1,4,3,1,1,3,4,1,4,2,3,1,1,2,4,4,3,1,3,2,4,2,3,1,1,3,1,3,3,3,4,1,2,1,3,4,4,2,4,4,2,2,4,3,3,3,3,4,3,1,2,1,1,2,2,2,4,1,4,2,3,2,1,3,4,4,4,4,1,2,1,3,1,2,2,2,3,2,1,4,2,1,4,2,1,1,3,3,2,1,2,2,4,1,1,2,2,2,4,1,2,1,3,2,3,2,2,3,1,2,1,1,3,4,2,3,3,1,2,2,2,2,3,3,3,4,2,4,4,3,2,2,2,4,1,2,1,1,2,2,3,2,1,4,3,4,3,4,2,1,3,3,1,2,1,1,3,3,2,2,2,2,1,2,4,4,3,3,1,3,1,4,3,1,3,3,3,1,2,4,1,3,1,1,4,2,1,2,4,2,3,3,1,3,2,1,1,2,1,4,2,2,1,2,1,3,2,3,2,1,4,3,4,4,2,2,2,3,2,4,2,2,1,4,2,3,2,1,1,3,3,1,2,1,4,4,3,1,3,4,1,4,1,2,4,1,2,1,4,1,4,4,4,2,2,4,4,2,2,3,2,3,4,3,4,1,2,4,1,2,4,1,1,2,3,3,3,4,2,3,1,1,1,4,3,3,2,2,1,2,4,1,3,4,3,4,1,2,2,2,2,1,2,3,2,4,3,3,1,2,2,1,4,1,4,2,1,2,4,1,1,4,4,3,2,2,1,1,3,4,3,3,4,2,4,1,1,3,2,2,3,3,2,4,1,3,2,3,1,2,3,3,1,4,3,3,1,1,4,2,1,4,1,4,1,3,2,3,2,4,3,3,4,1,3,2,3,3,2,1,3,3,2,1,4,3,4,3,1,3,1,3,4,3,4,2,2,3,4,2,3,3,2,4,1,3,1,2,3,2,1,3,2,4,4,3,2,4,3,2,2,3,4,2,4,4,3,4,3,2,4,2,1,2,1,3,3,1,1,3,3,2,3,3,4,1,2,1,3,3,2,1,3,1,2,1,1,2,4,2,3,1,1,1,4,4,1,4,2,2,1,4,2,4,2,2,2,1,4,2,3,3,2,4,1,1,1,2,1,1,2,2,2,2,1,3,4,1,3,4,3,2,1,4,3,1,1,2,2,3,3,2,2,1,4,1,1,1,2,4,2,1,2,4,2,3,3,2,1,1,4,1,3,4,1,4,3,2,2,1,4,2,3,2,3,1,1,2,2,3,3,3,2,2,3,1,2,3,2,4,1,1,3,3,2,1,3,3,1,3,1,3,2,3,1,1,3,2,1,1,1,2,4,3,2,4,3,2,4,3,3,2,4,2,4,1,1,3,3,3,3,4,4,3,4,1,1,4,2,1,2,1,4,4,3,3,1,2,2,2,1,2,4,2,1,3,3,4,1,4,1,1,3,2,1,4,3,1,4,1,1,1,4,4,3,4,3,3,3,2,2,3,4,3,1,3,4,3,1,2,4,4,4,3,3,2,1,4,2,1,2,3,1,2,1,1,2,4,2,4,2,1,2,1,3,1,3,4,2,3,2,3,3,3,4,1,4,3,2,1,3,1,3,1,1,4,2,4,1,1,2,3,1,4,4,2,1,3,4,3,2,3,2,4,2,1,3,4,1,3,2,2,3,2,3,1,3,4,4,2,3,1,2,2,1,4,1,1,1,1,3,1,4,1,4,3,2,4,3,1,3,1,4,1,3,4,1,1,1,2,2,3,3,1,4,2,1,4,3,2,1,2,2,1,4,3,2,1,2,2,3,4,2,3,1,1,1,3,2,1,3,4,3,3,4,3,1,2,3,3,1,1,4,3,3,3,2,3,1,3,1,1,1,2,3,1,3,2,3,4,1,2,1,1,4,3,4,1,4,2,1,1,3,2,2,3,3,3,4,3,4,4,2,1,2,1,2,3,4,4,4,2,3,2,1,3,1,4,4,4,4,1,1,1,1,1,4,4,4,2,4,2,1,3,3,2,4,2,1,1,3,4,2,2,1,1,4,2,1,1,2,2,4,2,2,3,4,2,1,1,1,3,1,2,2,2,2,4,1,2,4,2,4,2,3,3,2,1,1,4,4,4,3,1,3,4,4,2,2,2,3,1,4,1,3,1,1,2,2,2,1,4,1,2,2,4,4,2,2,3,3,4,4,3,1,1,3,1,2,1,4,3,1,1,2,2,3,4,4,2,1,2,1,2,2,3,2,1,1,3,1,3,1,3,1,1,4,3,2,1,1,3,2,2,4,4,2,3,3,1,4,4,4,2,3,2,3,4,3,3,4,3,2,1,1,1,2,3,2,3,4,3,1,4,3,4,3,2,3,1,2,2,1,1,1,4,3,2,2,4,3,1,4,3,3,2,2,3,4,2,3,3,2,2,2,2,4,1,2,4,3,1,2,3,4,4,1,1,3,1,3,2,3,2,1,1,1,3,4,4,2,1,1,2,3,2,2,2,2,3,3,3,1,1,2,2,2,4,2,4,1,3,1,2,3,4,3,3,2,4,3,4,3,1,3,2,2,2,4,1,4,3,4,4,2,3,4,4,2,2,2,3,3,2,1,4,2,2,3,1,1,4,2,2,4,1,1,2,2,3,2,1,2,2,4,1,1,1,1,3,4,1,4,3,3,1,2,1,4,1,1,2,3,4,3,2,1,3,1,1,3,4,2,4,3,2,1,1,1,1,1,1,2,3,4,2,4,3,4,3,1,2,2,3,1,3,1,3,3,1,2,1,3,3,2,1,2,4,4,4,4,1,4,2,4,4,3,2,2,2,4,2,2,3,2,4,2,3,2,4,2,2,2,4,3,1,4,4,1,2,1,1,1,2,3,1,1,3,3,3,4,3,4,3,3,3,4,1,3,3,4,1,4,1,3,4,1,4,2,2,3,4,4,3,2,3,2,2,3,4,3,1,2,4,3,3,4,2,1,1,3,1,4,3,1,3,2,1,4,1,1,3,3,2,3,3,1,3,2,4,2,2,1,1,2,1,1,4,4,1,2,1,2,2,2,3,4,1,2,4,1,1,3,4,2,2,4,3,4,2,3,1,4,3,3,2,1,1,4,3,2,2,3,1,4,1,3,1,1,4,1,4,4,3,4,3,2,3,2,1,2,2,2,1,1,1,2,3,4,1,1,3,3,3,1,4,2,3,4,1,2,3,2,1,3,4,4,2,4,4,1,1,4,2,4,1,2,2,3,3,4,3,1,2,1,3,1,2,3,1,1,3,2,4,1,2,3,1,2,2,2,2,1,2,1,3,4,1,3,2,3,2,1,2,1,1,1,4,3,4,2,2,1,1,1,2,2,2,4,4,2,1,4,4,1,3,3,2,4,3,3,3,1,1,1,2,2,3,3,4,1,1,1,2,3,2,2,4,1,2,3,3,1,2,2,3,1,3,1,1,3,2,2,1,3,2,4,2,1,2,3,4,4,2,1,2,2,4,3,4,1,4,3,1,1,2,3,4,1,3,3,1,3,2,1,3,2,3,3,2,2,2,3,3,1,3,1,4,1,1,4,1,1,4,4,2,1,2,4,1,2,4,2,1,4,1,4,1,2,1,2,1,3,2,1,1,1,3,4,1,3,1,2,2,1,2,4,1,4,1,2,3,1,2,2,3,1,3,3,1,3,4"
171,0.9886279079380575,0.5196078431372549,2329.0,"2,2,3,4,1,1,4,1,1,2,4,1,1,4,2,2,3,4,1,1,4,4,4,2,1,1,4,3,1,2,2,2,3,3,3,3,1,2,1,3,2,3,4,4,4,3,1,4,4,3,4,1,3,2,1,1,2,1,1,4,3,1,1,3,4,1,4,2,3,1,1,2,4,4,3,1,3,2,4,2,3,1,1,3,1,3,3,3,4,1,2,1,3,4,4,2,4,4,2,2,4,3,3,3,3,4,3,1,2,1,1,2,2,2,4,1,4,2,3,2,1,3,4,4,4,4,1,2,1,3,1,2,2,2,3,2,1,4,2,1,4,2,1,1,3,3,2,1,2,2,4,1,1,2,2,2,4,1,2,1,3,2,3,2,2,3,1,2,1,1,3,4,2,3,3,1,2,2,2,2,3,3,3,4,2,4,4,3,2,2,2,4,1,2,1,1,2,2,3,2,1,4,3,4,3,4,2,1,3,3,1,2,1,1,3,3,2,2,2,2,1,2,4,4,3,3,1,3,1,4,3,1,3,3,3,1,2,4,1,3,1,1,4,2,1,2,4,2,3,3,1,3,2,1,1,2,1,4,2,2,1,2,1,3,2,3,2,1,4,3,4,4,2,2,2,3,2,4,2,2,1,4,2,3,2,1,1,3,3,1,2,1,4,4,3,1,3,4,1,4,1,2,4,1,2,1,4,1,4,4,4,2,2,4,4,2,2,3,2,3,4,3,4,1,2,4,1,2,4,1,1,2,3,3,3,4,2,3,1,1,1,4,3,3,2,2,1,2,4,1,3,4,3,4,1,2,2,2,2,1,2,3,2,4,3,3,1,2,2,1,4,1,4,2,1,2,4,1,1,4,4,3,2,2,1,1,3,4,3,3,4,2,4,1,1,3,2,2,3,3,2,4,1,3,2,3,1,2,3,3,1,4,3,3,1,1,4,2,1,4,1,4,1,3,2,3,2,4,3,3,4,1,3,2,3,3,2,1,3,3,2,1,4,3,4,3,1,3,1,3,4,3,4,2,2,3,4,2,3,3,2,4,1,3,1,2,3,2,1,3,2,4,4,3,2,4,3,2,2,3,4,2,4,4,3,4,3,2,4,2,1,2,1,3,3,1,1,3,3,2,3,3,4,1,2,1,3,3,2,1,3,1,2,1,1,2,4,2,3,1,1,1,4,4,1,4,2,2,1,4,2,4,2,2,2,1,4,2,3,3,2,4,1,1,1,2,1,1,2,2,2,2,1,3,4,1,3,4,3,2,1,4,3,1,1,2,2,3,3,2,2,1,4,1,1,1,2,4,2,1,2,4,2,3,3,2,1,1,4,1,3,4,1,4,3,2,2,1,4,2,3,2,3,1,1,2,2,3,3,3,2,2,3,1,2,3,2,4,1,1,3,3,2,1,3,3,1,3,1,3,2,3,1,1,3,2,1,1,1,2,4,3,2,4,3,2,4,3,3,2,4,2,4,1,1,3,3,3,3,4,4,3,4,1,1,4,2,1,2,1,4,4,3,3,1,2,2,2,1,2,4,2,1,3,3,4,1,4,1,1,3,2,1,4,3,1,4,1,1,1,4,4,3,4,3,3,3,2,2,3,4,3,1,3,4,3,1,2,4,4,4,3,3,2,1,4,2,1,2,3,1,2,1,1,2,4,2,4,2,1,2,1,3,1,3,4,2,3,2,3,3,3,4,1,4,3,2,1,3,1,3,1,1,4,2,4,1,1,2,3,1,4,4,2,1,3,4,3,2,3,2,4,2,1,3,4,1,3,2,2,3,2,3,1,3,4,4,2,3,1,2,2,1,4,1,1,1,1,3,1,4,1,4,3,2,4,3,1,3,1,4,1,3,4,1,1,1,2,2,3,3,1,4,2,1,4,3,2,1,2,2,1,4,3,2,1,2,2,3,4,2,3,1,1,1,3,2,1,3,4,3,3,4,3,1,2,3,3,1,1,4,3,3,3,2,3,1,3,1,1,1,2,3,1,3,2,3,4,1,2,1,1,4,3,4,1,4,2,1,1,3,2,2,3,3,3,4,3,4,4,2,1,2,1,2,3,4,4,4,2,3,2,1,3,1,4,4,4,4,1,1,1,1,1,4,4,4,2,4,2,1,3,3,2,4,2,1,1,3,4,2,2,1,1,4,2,1,1,2,2,4,2,2,3,4,2,1,1,1,3,1,2,2,2,2,4,1,2,4,2,4,2,3,3,2,1,1,4,4,4,3,1,3,4,4,2,2,2,3,1,4,1,3,1,1,2,2,2,1,4,1,2,2,4,4,2,2,3,3,4,4,3,1,1,3,1,2,1,4,3,1,1,2,2,3,4,4,2,1,2,1,2,2,3,2,1,1,3,1,3,1,3,1,1,4,3,2,1,1,3,2,2,4,4,2,3,3,1,4,4,4,2,3,2,3,4,3,3,4,3,2,1,1,1,2,3,2,3,4,3,1,4,3,4,3,2,3,1,2,2,1,1,1,4,3,2,2,4,3,1,4,3,3,2,2,3,4,2,3,3,2,2,2,2,4,1,2,4,3,1,2,3,4,4,1,1,3,1,3,2,3,2,1,1,1,3,4,4,2,1,1,2,3,2,2,2,2,3,3,3,1,1,2,2,2,4,2,4,1,3,1,2,3,4,3,3,2,4,3,4,3,1,3,2,2,2,4,1,4,3,4,4,2,3,4,4,2,2,2,3,3,2,1,4,2,2,3,1,1,4,2,2,4,1,1,2,2,3,2,1,2,2,4,1,1,1,1,3,4,1,4,3,3,1,2,1,4,1,1,2,3,4,3,2,1,3,1,1,3,4,2,4,3,2,1,1,1,1,1,1,2,3,4,2,4,3,4,3,1,2,2,3,1,3,1,3,3,1,2,1,3,3,2,1,2,4,4,4,4,1,4,2,4,4,3,2,2,2,4,2,2,3,2,4,2,3,2,4,2,2,2,4,3,1,4,4,1,2,1,1,1,2,3,1,1,3,3,3,4,3,4,3,3,3,4,1,3,3,4,1,4,1,3,4,1,4,2,2,3,4,4,3,2,3,2,2,3,4,3,1,2,4,3,3,4,2,1,1,3,1,4,3,1,3,2,1,4,1,1,3,3,2,3,3,1,3,2,4,2,2,1,1,2,1,1,4,4,1,2,1,2,2,2,3,4,1,2,4,1,1,3,4,2,2,4,3,4,2,3,1,4,3,3,2,1,1,4,3,2,2,3,1,4,1,3,1,1,4,1,4,4,3,4,3,2,3,2,1,2,2,2,1,1,1,2,3,4,1,1,3,3,3,1,4,2,3,4,1,2,3,2,1,3,4,4,2,4,4,1,1,4,2,4,1,2,2,3,3,4,3,1,2,1,3,1,2,3,1,1,3,2,4,1,2,3,1,2,2,2,2,1,2,1,3,4,1,3,2,3,2,1,2,1,1,1,4,3,4,2,2,1,1,1,2,2,2,4,4,2,1,4,4,1,3,3,2,4,3,3,3,1,1,1,2,2,3,3,4,1,1,1,2,3,2,2,4,1,2,3,3,1,2,2,3,1,3,1,1,3,2,2,1,3,2,4,2,1,2,3,4,4,2,1,2,2,4,3,4,1,4,3,1,1,2,3,4,1,3,3,1,3,2,1,3,2,3,3,2,2,2,3,3,1,3,1,4,1,1,4,1,1,4,4,2,1,2,4,1,2,4,2,1,4,1,4,1,2,1,2,1,3,2,1,1,1,3,4,1,3,1,2,2,1,2,4,1,4,1,2,3,1,2,2,3,1,3,3,1,3,4"
172,0.9886279079380575,0.5196078431372549,2329.0,"2,2,3,4,1,1,4,1,1,2,4,1,1,4,2,2,3,4,1,1,4,4,4,2,1,1,4,3,1,2,2,2,3,3,3,3,1,2,1,3,2,3,4,4,4,3,1,4,4,3,4,1,3,2,1,1,2,1,1,4,3,1,1,3,4,1,4,2,3,1,1,2,4,4,3,1,3,2,4,2,3,1,1,3,1,3,3,3,4,1,2,1,3,4,4,2,4,4,2,2,4,3,3,3,3,4,3,1,2,1,1,2,2,2,4,1,4,2,3,2,1,3,4,4,4,4,1,2,1,3,1,2,2,2,3,2,1,4,2,1,4,2,1,1,3,3,2,1,2,2,4,1,1,2,2,2,4,1,2,1,3,2,3,2,2,3,1,2,1,1,3,4,2,3,3,1,2,2,2,2,3,3,3,4,2,4,4,3,2,2,2,4,1,2,1,1,2,2,3,2,1,4,3,4,3,4,2,1,3,3,1,2,1,1,3,3,2,2,2,2,1,2,4,4,3,3,1,3,1,4,3,1,3,3,3,1,2,4,1,3,1,1,4,2,1,2,4,2,3,3,1,3,2,1,1,2,1,4,2,2,1,2,1,3,2,3,2,1,4,3,4,4,2,2,2,3,2,4,2,2,1,4,2,3,2,1,1,3,3,1,2,1,4,4,3,1,3,4,1,4,1,2,4,1,2,1,4,1,4,4,4,2,2,4,4,2,2,3,2,3,4,3,4,1,2,4,1,2,4,1,1,2,3,3,3,4,2,3,1,1,1,4,3,3,2,2,1,2,4,1,3,4,3,4,1,2,2,2,2,1,2,3,2,4,3,3,1,2,2,1,4,1,4,2,1,2,4,1,1,4,4,3,2,2,1,1,3,4,3,3,4,2,4,1,1,3,2,2,3,3,2,4,1,3,2,3,1,2,3,3,1,4,3,3,1,1,4,2,1,4,1,4,1,3,2,3,2,4,3,3,4,1,3,2,3,3,2,1,3,3,2,1,4,3,4,3,1,3,1,3,4,3,4,2,2,3,4,2,3,3,2,4,1,3,1,2,3,2,1,3,2,4,4,3,2,4,3,2,2,3,4,2,4,4,3,4,3,2,4,2,1,2,1,3,3,1,1,3,3,2,3,3,4,1,2,1,3,3,2,1,3,1,2,1,1,2,4,2,3,1,1,1,4,4,1,4,2,2,1,4,2,4,2,2,2,1,4,2,3,3,2,4,1,1,1,2,1,1,2,2,2,2,1,3,4,1,3,4,3,2,1,4,3,1,1,2,2,3,3,2,2,1,4,1,1,1,2,4,2,1,2,4,2,3,3,2,1,1,4,1,3,4,1,4,3,2,2,1,4,2,3,2,3,1,1,2,2,3,3,3,2,2,3,1,2,3,2,4,1,1,3,3,2,1,3,3,1,3,1,3,2,3,1,1,3,2,1,1,1,2,4,3,2,4,3,2,4,3,3,2,4,2,4,1,1,3,3,3,3,4,4,3,4,1,1,4,2,1,2,1,4,4,3,3,1,2,2,2,1,2,4,2,1,3,3,4,1,4,1,1,3,2,1,4,3,1,4,1,1,1,4,4,3,4,3,3,3,2,2,3,4,3,1,3,4,3,1,2,4,4,4,3,3,2,1,4,2,1,2,3,1,2,1,1,2,4,2,4,2,1,2,1,3,1,3,4,2,3,2,3,3,3,4,1,4,3,2,1,3,1,3,1,1,4,2,4,1,1,2,3,1,4,4,2,1,3,4,3,2,3,2,4,2,1,3,4,1,3,2,2,3,2,3,1,3,4,4,2,3,1,2,2,1,4,1,1,1,1,3,1,4,1,4,3,2,4,3,1,3,1,4,1,3,4,1,1,1,2,2,3,3,1,4,2,1,4,3,2,1,2,2,1,4,3,2,1,2,2,3,4,2,3,1,1,1,3,2,1,3,4,3,3,4,3,1,2,3,3,1,1,4,3,3,3,2,3,1,3,1,1,1,2,3,1,3,2,3,4,1,2,1,1,4,3,4,1,4,2,1,1,3,2,2,3,3,3,4,3,4,4,2,1,2,1,2,3,4,4,4,2,3,2,1,3,1,4,4,4,4,1,1,1,1,1,4,4,4,2,4,2,1,3,3,2,4,2,1,1,3,4,2,2,1,1,4,2,1,1,2,2,4,2,2,3,4,2,1,1,1,3,1,2,2,2,2,4,1,2,4,2,4,2,3,3,2,1,1,4,4,4,3,1,3,4,4,2,2,2,3,1,4,1,3,1,1,2,2,2,1,4,1,2,2,4,4,2,2,3,3,4,4,3,1,1,3,1,2,1,4,3,1,1,2,2,3,4,4,2,1,2,1,2,2,3,2,1,1,3,1,3,1,3,1,1,4,3,2,1,1,3,2,2,4,4,2,3,3,1,4,4,4,2,3,2,3,4,3,3,4,3,2,1,1,1,2,3,2,3,4,3,1,4,3,4,3,2,3,1,2,2,1,1,1,4,3,2,2,4,3,1,4,3,3,2,2,3,4,2,3,3,2,2,2,2,4,1,2,4,3,1,2,3,4,4,1,1,3,1,3,2,3,2,1,1,1,3,4,4,2,1,1,2,3,2,2,2,2,3,3,3,1,1,2,2,2,4,2,4,1,3,1,2,3,4,3,3,2,4,3,4,3,1,3,2,2,2,4,1,4,3,4,4,2,3,4,4,2,2,2,3,3,2,1,4,2,2,3,1,1,4,2,2,4,1,1,2,2,3,2,1,2,2,4,1,1,1,1,3,4,1,4,3,3,1,2,1,4,1,1,2,3,4,3,2,1,3,1,1,3,4,2,4,3,2,1,1,1,1,1,1,2,3,4,2,4,3,4,3,1,2,2,3,1,3,1,3,3,1,2,1,3,3,2,1,2,4,4,4,4,1,4,2,4,4,3,2,2,2,4,2,2,3,2,4,2,3,2,4,2,2,2,4,3,1,4,4,1,2,1,1,1,2,3,1,1,3,3,3,4,3,4,3,3,3,4,1,3,3,4,1,4,1,3,4,1,4,2,2,3,4,4,3,2,3,2,2,3,4,3,1,2,4,3,3,4,2,1,1,3,1,4,3,1,3,2,1,4,1,1,3,3,2,3,3,1,3,2,4,2,2,1,1,2,1,1,4,4,1,2,1,2,2,2,3,4,1,2,4,1,1,3,4,2,2,4,3,4,2,3,1,4,3,3,2,1,1,4,3,2,2,3,1,4,1,3,1,1,4,1,4,4,3,4,3,2,3,2,1,2,2,2,1,1,1,2,3,4,1,1,3,3,3,1,4,2,3,4,1,2,3,2,1,3,4,4,2,4,4,1,1,4,2,4,1,2,2,3,3,4,3,1,2,1,3,1,2,3,1,1,3,2,4,1,2,3,1,2,2,2,2,1,2,1,3,4,1,3,2,3,2,1,2,1,1,1,4,3,4,2,2,1,1,1,2,2,2,4,4,2,1,4,4,1,3,3,2,4,3,3,3,1,1,1,2,2,3,3,4,1,1,1,2,3,2,2,4,1,2,3,3,1,2,2,3,1,3,1,1,3,2,2,1,3,2,4,2,1,2,3,4,4,2,1,2,2,4,3,4,1,4,3,1,1,2,3,4,1,3,3,1,3,2,1,3,2,3,3,2,2,2,3,3,1,3,1,4,1,1,4,1,1,4,4,2,1,2,4,1,2,4,2,1,4,1,4,1,2,1,2,1,3,2,1,1,1,3,4,1,3,1,2,2,1,2,4,1,4,1,2,3,1,2,2,3,1,3,3,1,3,4"
173,0.9886279079380575,0.5196078431372549,2329.0,"2,2,3,4,1,1,4,1,1,2,4,1,1,4,2,2,3,4,1,1,4,4,4,2,1,1,4,3,1,2,2,2,3,3,3,3,1,2,1,3,2,3,4,4,4,3,1,4,4,3,4,1,3,2,1,1,2,1,1,4,3,1,1,3,4,1,4,2,3,1,1,2,4,4,3,1,3,2,4,2,3,1,1,3,1,3,3,3,4,1,2,1,3,4,4,2,4,4,2,2,4,3,3,3,3,4,3,1,2,1,1,2,2,2,4,1,4,2,3,2,1,3,4,4,4,4,1,2,1,3,1,2,2,2,3,2,1,4,2,1,4,2,1,1,3,3,2,1,2,2,4,1,1,2,2,2,4,1,2,1,3,2,3,2,2,3,1,2,1,1,3,4,2,3,3,1,2,2,2,2,3,3,3,4,2,4,4,3,2,2,2,4,1,2,1,1,2,2,3,2,1,4,3,4,3,4,2,1,3,3,1,2,1,1,3,3,2,2,2,2,1,2,4,4,3,3,1,3,1,4,3,1,3,3,3,1,2,4,1,3,1,1,4,2,1,2,4,2,3,3,1,3,2,1,1,2,1,4,2,2,1,2,1,3,2,3,2,1,4,3,4,4,2,2,2,3,2,4,2,2,1,4,2,3,2,1,1,3,3,1,2,1,4,4,3,1,3,4,1,4,1,2,4,1,2,1,4,1,4,4,4,2,2,4,4,2,2,3,2,3,4,3,4,1,2,4,1,2,4,1,1,2,3,3,3,4,2,3,1,1,1,4,3,3,2,2,1,2,4,1,3,4,3,4,1,2,2,2,2,1,2,3,2,4,3,3,1,2,2,1,4,1,4,2,1,2,4,1,1,4,4,3,2,2,1,1,3,4,3,3,4,2,4,1,1,3,2,2,3,3,2,4,1,3,2,3,1,2,3,3,1,4,3,3,1,1,4,2,1,4,1,4,1,3,2,3,2,4,3,3,4,1,3,2,3,3,2,1,3,3,2,1,4,3,4,3,1,3,1,3,4,3,4,2,2,3,4,2,3,3,2,4,1,3,1,2,3,2,1,3,2,4,4,3,2,4,3,2,2,3,4,2,4,4,3,4,3,2,4,2,1,2,1,3,3,1,1,3,3,2,3,3,4,1,2,1,3,3,2,1,3,1,2,1,1,2,4,2,3,1,1,1,4,4,1,4,2,2,1,4,2,4,2,2,2,1,4,2,3,3,2,4,1,1,1,2,1,1,2,2,2,2,1,3,4,1,3,4,3,2,1,4,3,1,1,2,2,3,3,2,2,1,4,1,1,1,2,4,2,1,2,4,2,3,3,2,1,1,4,1,3,4,1,4,3,2,2,1,4,2,3,2,3,1,1,2,2,3,3,3,2,2,3,1,2,3,2,4,1,1,3,3,2,1,3,3,1,3,1,3,2,3,1,1,3,2,1,1,1,2,4,3,2,4,3,2,4,3,3,2,4,2,4,1,1,3,3,3,3,4,4,3,4,1,1,4,2,1,2,1,4,4,3,3,1,2,2,2,1,2,4,2,1,3,3,4,1,4,1,1,3,2,1,4,3,1,4,1,1,1,4,4,3,4,3,3,3,2,2,3,4,3,1,3,4,3,1,2,4,4,4,3,3,2,1,4,2,1,2,3,1,2,1,1,2,4,2,4,2,1,2,1,3,1,3,4,2,3,2,3,3,3,4,1,4,3,2,1,3,1,3,1,1,4,2,4,1,1,2,3,1,4,4,2,1,3,4,3,2,3,2,4,2,1,3,4,1,3,2,2,3,2,3,1,3,4,4,2,3,1,2,2,1,4,1,1,1,1,3,1,4,1,4,3,2,4,3,1,3,1,4,1,3,4,1,1,1,2,2,3,3,1,4,2,1,4,3,2,1,2,2,1,4,3,2,1,2,2,3,4,2,3,1,1,1,3,2,1,3,4,3,3,4,3,1,2,3,3,1,1,4,3,3,3,2,3,1,3,1,1,1,2,3,1,3,2,3,4,1,2,1,1,4,3,4,1,4,2,1,1,3,2,2,3,3,3,4,3,4,4,2,1,2,1,2,3,4,4,4,2,3,2,1,3,1,4,4,4,4,1,1,1,1,1,4,4,4,2,4,2,1,3,3,2,4,2,1,1,3,4,2,2,1,1,4,2,1,1,2,2,4,2,2,3,4,2,1,1,1,3,1,2,2,2,2,4,1,2,4,2,4,2,3,3,2,1,1,4,4,4,3,1,3,4,4,2,2,2,3,1,4,1,3,1,1,2,2,2,1,4,1,2,2,4,4,2,2,3,3,4,4,3,1,1,3,1,2,1,4,3,1,1,2,2,3,4,4,2,1,2,1,2,2,3,2,1,1,3,1,3,1,3,1,1,4,3,2,1,1,3,2,2,4,4,2,3,3,1,4,4,4,2,3,2,3,4,3,3,4,3,2,1,1,1,2,3,2,3,4,3,1,4,3,4,3,2,3,1,2,2,1,1,1,4,3,2,2,4,3,1,4,3,3,2,2,3,4,2,3,3,2,2,2,2,4,1,2,4,3,1,2,3,4,4,1,1,3,1,3,2,3,2,1,1,1,3,4,4,2,1,1,2,3,2,2,2,2,3,3,3,1,1,2,2,2,4,2,4,1,3,1,2,3,4,3,3,2,4,3,4,3,1,3,2,2,2,4,1,4,3,4,4,2,3,4,4,2,2,2,3,3,2,1,4,2,2,3,1,1,4,2,2,4,1,1,2,2,3,2,1,2,2,4,1,1,1,1,3,4,1,4,3,3,1,2,1,4,1,1,2,3,4,3,2,1,3,1,1,3,4,2,4,3,2,1,1,1,1,1,1,2,3,4,2,4,3,4,3,1,2,2,3,1,3,1,3,3,1,2,1,3,3,2,1,2,4,4,4,4,1,4,2,4,4,3,2,2,2,4,2,2,3,2,4,2,3,2,4,2,2,2,4,3,1,4,4,1,2,1,1,1,2,3,1,1,3,3,3,4,3,4,3,3,3,4,1,3,3,4,1,4,1,3,4,1,4,2,2,3,4,4,3,2,3,2,2,3,4,3,1,2,4,3,3,4,2,1,1,3,1,4,3,1,3,2,1,4,1,1,3,3,2,3,3,1,3,2,4,2,2,1,1,2,1,1,4,4,1,2,1,2,2,2,3,4,1,2,4,1,1,3,4,2,2,4,3,4,2,3,1,4,3,3,2,1,1,4,3,2,2,3,1,4,1,3,1,1,4,1,4,4,3,4,3,2,3,2,1,2,2,2,1,1,1,2,3,4,1,1,3,3,3,1,4,2,3,4,1,2,3,2,1,3,4,4,2,4,4,1,1,4,2,4,1,2,2,3,3,4,3,1,2,1,3,1,2,3,1,1,3,2,4,1,2,3,1,2,2,2,2,1,2,1,3,4,1,3,2,3,2,1,2,1,1,1,4,3,4,2,2,1,1,1,2,2,2,4,4,2,1,4,4,1,3,3,2,4,3,3,3,1,1,1,2,2,3,3,4,1,1,1,2,3,2,2,4,1,2,3,3,1,2,2,3,1,3,1,1,3,2,2,1,3,2,4,2,1,2,3,4,4,2,1,2,2,4,3,4,1,4,3,1,1,2,3,4,1,3,3,1,3,2,1,3,2,3,3,2,2,2,3,3,1,3,1,4,1,1,4,1,1,4,4,2,1,2,4,1,2,4,2,1,4,1,4,1,2,1,2,1,3,2,1,1,1,3,4,1,3,1,2,2,1,2,4,1,4,1,2,3,1,2,2,3,1,3,3,1,3,4"
174,0.9886279079380575,0.5196078431372549,2329.0,"2,2,3,4,1,1,4,1,1,2,4,1,1,4,2,2,3,4,1,1,4,4,4,2,1,1,4,3,1,2,2,2,3,3,3,3,1,2,1,3,2,3,4,4,4,3,1,4,4,3,4,1,3,2,1,1,2,1,1,4,3,1,1,3,4,1,4,2,3,1,1,2,4,4,3,1,3,2,4,2,3,1,1,3,1,3,3,3,4,1,2,1,3,4,4,2,4,4,2,2,4,3,3,3,3,4,3,1,2,1,1,2,2,2,4,1,4,2,3,2,1,3,4,4,4,4,1,2,1,3,1,2,2,2,3,2,1,4,2,1,4,2,1,1,3,3,2,1,2,2,4,1,1,2,2,2,4,1,2,1,3,2,3,2,2,3,1,2,1,1,3,4,2,3,3,1,2,2,2,2,3,3,3,4,2,4,4,3,2,2,2,4,1,2,1,1,2,2,3,2,1,4,3,4,3,4,2,1,3,3,1,2,1,1,3,3,2,2,2,2,1,2,4,4,3,3,1,3,1,4,3,1,3,3,3,1,2,4,1,3,1,1,4,2,1,2,4,2,3,3,1,3,2,1,1,2,1,4,2,2,1,2,1,3,2,3,2,1,4,3,4,4,2,2,2,3,2,4,2,2,1,4,2,3,2,1,1,3,3,1,2,1,4,4,3,1,3,4,1,4,1,2,4,1,2,1,4,1,4,4,4,2,2,4,4,2,2,3,2,3,4,3,4,1,2,4,1,2,4,1,1,2,3,3,3,4,2,3,1,1,1,4,3,3,2,2,1,2,4,1,3,4,3,4,1,2,2,2,2,1,2,3,2,4,3,3,1,2,2,1,4,1,4,2,1,2,4,1,1,4,4,3,2,2,1,1,3,4,3,3,4,2,4,1,1,3,2,2,3,3,2,4,1,3,2,3,1,2,3,3,1,4,3,3,1,1,4,2,1,4,1,4,1,3,2,3,2,4,3,3,4,1,3,2,3,3,2,1,3,3,2,1,4,3,4,3,1,3,1,3,4,3,4,2,2,3,4,2,3,3,2,4,1,3,1,2,3,2,1,3,2,4,4,3,2,4,3,2,2,3,4,2,4,4,3,4,3,2,4,2,1,2,1,3,3,1,1,3,3,2,3,3,4,1,2,1,3,3,2,1,3,1,2,1,1,2,4,2,3,1,1,1,4,4,1,4,2,2,1,4,2,4,2,2,2,1,4,2,3,3,2,4,1,1,1,2,1,1,2,2,2,2,1,3,4,1,3,4,3,2,1,4,3,1,1,2,2,3,3,2,2,1,4,1,1,1,2,4,2,1,2,4,2,3,3,2,1,1,4,1,3,4,1,4,3,2,2,1,4,2,3,2,3,1,1,2,2,3,3,3,2,2,3,1,2,3,2,4,1,1,3,3,2,1,3,3,1,3,1,3,2,3,1,1,3,2,1,1,1,2,4,3,2,4,3,2,4,3,3,2,4,2,4,1,1,3,3,3,3,4,4,3,4,1,1,4,2,1,2,1,4,4,3,3,1,2,2,2,1,2,4,2,1,3,3,4,1,4,1,1,3,2,1,4,3,1,4,1,1,1,4,4,3,4,3,3,3,2,2,3,4,3,1,3,4,3,1,2,4,4,4,3,3,2,1,4,2,1,2,3,1,2,1,1,2,4,2,4,2,1,2,1,3,1,3,4,2,3,2,3,3,3,4,1,4,3,2,1,3,1,3,1,1,4,2,4,1,1,2,3,1,4,4,2,1,3,4,3,2,3,2,4,2,1,3,4,1,3,2,2,3,2,3,1,3,4,4,2,3,1,2,2,1,4,1,1,1,1,3,1,4,1,4,3,2,4,3,1,3,1,4,1,3,4,1,1,1,2,2,3,3,1,4,2,1,4,3,2,1,2,2,1,4,3,2,1,2,2,3,4,2,3,1,1,1,3,2,1,3,4,3,3,4,3,1,2,3,3,1,1,4,3,3,3,2,3,1,3,1,1,1,2,3,1,3,2,3,4,1,2,1,1,4,3,4,1,4,2,1,1,3,2,2,3,3,3,4,3,4,4,2,1,2,1,2,3,4,4,4,2,3,2,1,3,1,4,4,4,4,1,1,1,1,1,4,4,4,2,4,2,1,3,3,2,4,2,1,1,3,4,2,2,1,1,4,2,1,1,2,2,4,2,2,3,4,2,1,1,1,3,1,2,2,2,2,4,1,2,4,2,4,2,3,3,2,1,1,4,4,4,3,1,3,4,4,2,2,2,3,1,4,1,3,1,1,2,2,2,1,4,1,2,2,4,4,2,2,3,3,4,4,3,1,1,3,1,2,1,4,3,1,1,2,2,3,4,4,2,1,2,1,2,2,3,2,1,1,3,1,3,1,3,1,1,4,3,2,1,1,3,2,2,4,4,2,3,3,1,4,4,4,2,3,2,3,4,3,3,4,3,2,1,1,1,2,3,2,3,4,3,1,4,3,4,3,2,3,1,2,2,1,1,1,4,3,2,2,4,3,1,4,3,3,2,2,3,4,2,3,3,2,2,2,2,4,1,2,4,3,1,2,3,4,4,1,1,3,1,3,2,3,2,1,1,1,3,4,4,2,1,1,2,3,2,2,2,2,3,3,3,1,1,2,2,2,4,2,4,1,3,1,2,3,4,3,3,2,4,3,4,3,1,3,2,2,2,4,1,4,3,4,4,2,3,4,4,2,2,2,3,3,2,1,4,2,2,3,1,1,4,2,2,4,1,1,2,2,3,2,1,2,2,4,1,1,1,1,3,4,1,4,3,3,1,2,1,4,1,1,2,3,4,3,2,1,3,1,1,3,4,2,4,3,2,1,1,1,1,1,1,2,3,4,2,4,3,4,3,1,2,2,3,1,3,1,3,3,1,2,1,3,3,2,1,2,4,4,4,4,1,4,2,4,4,3,2,2,2,4,2,2,3,2,4,2,3,2,4,2,2,2,4,3,1,4,4,1,2,1,1,1,2,3,1,1,3,3,3,4,3,4,3,3,3,4,1,3,3,4,1,4,1,3,4,1,4,2,2,3,4,4,3,2,3,2,2,3,4,3,1,2,4,3,3,4,2,1,1,3,1,4,3,1,3,2,1,4,1,1,3,3,2,3,3,1,3,2,4,2,2,1,1,2,1,1,4,4,1,2,1,2,2,2,3,4,1,2,4,1,1,3,4,2,2,4,3,4,2,3,1,4,3,3,2,1,1,4,3,2,2,3,1,4,1,3,1,1,4,1,4,4,3,4,3,2,3,2,1,2,2,2,1,1,1,2,3,4,1,1,3,3,3,1,4,2,3,4,1,2,3,2,1,3,4,4,2,4,4,1,1,4,2,4,1,2,2,3,3,4,3,1,2,1,3,1,2,3,1,1,3,2,4,1,2,3,1,2,2,2,2,1,2,1,3,4,1,3,2,3,2,1,2,1,1,1,4,3,4,2,2,1,1,1,2,2,2,4,4,2,1,4,4,1,3,3,2,4,3,3,3,1,1,1,2,2,3,3,4,1,1,1,2,3,2,2,4,1,2,3,3,1,2,2,3,1,3,1,1,3,2,2,1,3,2,4,2,1,2,3,4,4,2,1,2,2,4,3,4,1,4,3,1,1,2,3,4,1,3,3,1,3,2,1,3,2,3,3,2,2,2,3,3,1,3,1,4,1,1,4,1,1,4,4,2,1,2,4,1,2,4,2,1,4,1,4,1,2,1,2,1,3,2,1,1,1,3,4,1,3,1,2,2,1,2,4,1,4,1,2,3,1,2,2,3,1,3,3,1,3,4"
175,0.9886279079380575,0.5196078431372549,2329.0,"2,2,3,4,1,1,4,1,1,2,4,1,1,4,2,2,3,4,1,1,4,4,4,2,1,1,4,3,1,2,2,2,3,3,3,3,1,2,1,3,2,3,4,4,4,3,1,4,4,3,4,1,3,2,1,1,2,1,1,4,3,1,1,3,4,1,4,2,3,1,1,2,4,4,3,1,3,2,4,2,3,1,1,3,1,3,3,3,4,1,2,1,3,4,4,2,4,4,2,2,4,3,3,3,3,4,3,1,2,1,1,2,2,2,4,1,4,2,3,2,1,3,4,4,4,4,1,2,1,3,1,2,2,2,3,2,1,4,2,1,4,2,1,1,3,3,2,1,2,2,4,1,1,2,2,2,4,1,2,1,3,2,3,2,2,3,1,2,1,1,3,4,2,3,3,1,2,2,2,2,3,3,3,4,2,4,4,3,2,2,2,4,1,2,1,1,2,2,3,2,1,4,3,4,3,4,2,1,3,3,1,2,1,1,3,3,2,2,2,2,1,2,4,4,3,3,1,3,1,4,3,1,3,3,3,1,2,4,1,3,1,1,4,2,1,2,4,2,3,3,1,3,2,1,1,2,1,4,2,2,1,2,1,3,2,3,2,1,4,3,4,4,2,2,2,3,2,4,2,2,1,4,2,3,2,1,1,3,3,1,2,1,4,4,3,1,3,4,1,4,1,2,4,1,2,1,4,1,4,4,4,2,2,4,4,2,2,3,2,3,4,3,4,1,2,4,1,2,4,1,1,2,3,3,3,4,2,3,1,1,1,4,3,3,2,2,1,2,4,1,3,4,3,4,1,2,2,2,2,1,2,3,2,4,3,3,1,2,2,1,4,1,4,2,1,2,4,1,1,4,4,3,2,2,1,1,3,4,3,3,4,2,4,1,1,3,2,2,3,3,2,4,1,3,2,3,1,2,3,3,1,4,3,3,1,1,4,2,1,4,1,4,1,3,2,3,2,4,3,3,4,1,3,2,3,3,2,1,3,3,2,1,4,3,4,3,1,3,1,3,4,3,4,2,2,3,4,2,3,3,2,4,1,3,1,2,3,2,1,3,2,4,4,3,2,4,3,2,2,3,4,2,4,4,3,4,3,2,4,2,1,2,1,3,3,1,1,3,3,2,3,3,4,1,2,1,3,3,2,1,3,1,2,1,1,2,4,2,3,1,1,1,4,4,1,4,2,2,1,4,2,4,2,2,2,1,4,2,3,3,2,4,1,1,1,2,1,1,2,2,2,2,1,3,4,1,3,4,3,2,1,4,3,1,1,2,2,3,3,2,2,1,4,1,1,1,2,4,2,1,2,4,2,3,3,2,1,1,4,1,3,4,1,4,3,2,2,1,4,2,3,2,3,1,1,2,2,3,3,3,2,2,3,1,2,3,2,4,1,1,3,3,2,1,3,3,1,3,1,3,2,3,1,1,3,2,1,1,1,2,4,3,2,4,3,2,4,3,3,2,4,2,4,1,1,3,3,3,3,4,4,3,4,1,1,4,2,1,2,1,4,4,3,3,1,2,2,2,1,2,4,2,1,3,3,4,1,4,1,1,3,2,1,4,3,1,4,1,1,1,4,4,3,4,3,3,3,2,2,3,4,3,1,3,4,3,1,2,4,4,4,3,3,2,1,4,2,1,2,3,1,2,1,1,2,4,2,4,2,1,2,1,3,1,3,4,2,3,2,3,3,3,4,1,4,3,2,1,3,1,3,1,1,4,2,4,1,1,2,3,1,4,4,2,1,3,4,3,2,3,2,4,2,1,3,4,1,3,2,2,3,2,3,1,3,4,4,2,3,1,2,2,1,4,1,1,1,1,3,1,4,1,4,3,2,4,3,1,3,1,4,1,3,4,1,1,1,2,2,3,3,1,4,2,1,4,3,2,1,2,2,1,4,3,2,1,2,2,3,4,2,3,1,1,1,3,2,1,3,4,3,3,4,3,1,2,3,3,1,1,4,3,3,3,2,3,1,3,1,1,1,2,3,1,3,2,3,4,1,2,1,1,4,3,4,1,4,2,1,1,3,2,2,3,3,3,4,3,4,4,2,1,2,1,2,3,4,4,4,2,3,2,1,3,1,4,4,4,4,1,1,1,1,1,4,4,4,2,4,2,1,3,3,2,4,2,1,1,3,4,2,2,1,1,4,2,1,1,2,2,4,2,2,3,4,2,1,1,1,3,1,2,2,2,2,4,1,2,4,2,4,2,3,3,2,1,1,4,4,4,3,1,3,4,4,2,2,2,3,1,4,1,3,1,1,2,2,2,1,4,1,2,2,4,4,2,2,3,3,4,4,3,1,1,3,1,2,1,4,3,1,1,2,2,3,4,4,2,1,2,1,2,2,3,2,1,1,3,1,3,1,3,1,1,4,3,2,1,1,3,2,2,4,4,2,3,3,1,4,4,4,2,3,2,3,4,3,3,4,3,2,1,1,1,2,3,2,3,4,3,1,4,3,4,3,2,3,1,2,2,1,1,1,4,3,2,2,4,3,1,4,3,3,2,2,3,4,2,3,3,2,2,2,2,4,1,2,4,3,1,2,3,4,4,1,1,3,1,3,2,3,2,1,1,1,3,4,4,2,1,1,2,3,2,2,2,2,3,3,3,1,1,2,2,2,4,2,4,1,3,1,2,3,4,3,3,2,4,3,4,3,1,3,2,2,2,4,1,4,3,4,4,2,3,4,4,2,2,2,3,3,2,1,4,2,2,3,1,1,4,2,2,4,1,1,2,2,3,2,1,2,2,4,1,1,1,1,3,4,1,4,3,3,1,2,1,4,1,1,2,3,4,3,2,1,3,1,1,3,4,2,4,3,2,1,1,1,1,1,1,2,3,4,2,4,3,4,3,1,2,2,3,1,3,1,3,3,1,2,1,3,3,2,1,2,4,4,4,4,1,4,2,4,4,3,2,2,2,4,2,2,3,2,4,2,3,2,4,2,2,2,4,3,1,4,4,1,2,1,1,1,2,3,1,1,3,3,3,4,3,4,3,3,3,4,1,3,3,4,1,4,1,3,4,1,4,2,2,3,4,4,3,2,3,2,2,3,4,3,1,2,4,3,3,4,2,1,1,3,1,4,3,1,3,2,1,4,1,1,3,3,2,3,3,1,3,2,4,2,2,1,1,2,1,1,4,4,1,2,1,2,2,2,3,4,1,2,4,1,1,3,4,2,2,4,3,4,2,3,1,4,3,3,2,1,1,4,3,2,2,3,1,4,1,3,1,1,4,1,4,4,3,4,3,2,3,2,1,2,2,2,1,1,1,2,3,4,1,1,3,3,3,1,4,2,3,4,1,2,3,2,1,3,4,4,2,4,4,1,1,4,2,4,1,2,2,3,3,4,3,1,2,1,3,1,2,3,1,1,3,2,4,1,2,3,1,2,2,2,2,1,2,1,3,4,1,3,2,3,2,1,2,1,1,1,4,3,4,2,2,1,1,1,2,2,2,4,4,2,1,4,4,1,3,3,2,4,3,3,3,1,1,1,2,2,3,3,4,1,1,1,2,3,2,2,4,1,2,3,3,1,2,2,3,1,3,1,1,3,2,2,1,3,2,4,2,1,2,3,4,4,2,1,2,2,4,3,4,1,4,3,1,1,2,3,4,1,3,3,1,3,2,1,3,2,3,3,2,2,2,3,3,1,3,1,4,1,1,4,1,1,4,4,2,1,2,4,1,2,4,2,1,4,1,4,1,2,1,2,1,3,2,1,1,1,3,4,1,3,1,2,2,1,2,4,1,4,1,2,3,1,2,2,3,1,3,3,1,3,4"
176,0.9886279079380575,0.5196078431372549,2329.0,"2,2,3,4,1,1,4,1,1,2,4,1,1,4,2,2,3,4,1,1,4,4,4,2,1,1,4,3,1,2,2,2,3,3,3,3,1,2,1,3,2,3,4,4,4,3,1,4,4,3,4,1,3,2,1,1,2,1,1,4,3,1,1,3,4,1,4,2,3,1,1,2,4,4,3,1,3,2,4,2,3,1,1,3,1,3,3,3,4,1,2,1,3,4,4,2,4,4,2,2,4,3,3,3,3,4,3,1,2,1,1,2,2,2,4,1,4,2,3,2,1,3,4,4,4,4,1,2,1,3,1,2,2,2,3,2,1,4,2,1,4,2,1,1,3,3,2,1,2,2,4,1,1,2,2,2,4,1,2,1,3,2,3,2,2,3,1,2,1,1,3,4,2,3,3,1,2,2,2,2,3,3,3,4,2,4,4,3,2,2,2,4,1,2,1,1,2,2,3,2,1,4,3,4,3,4,2,1,3,3,1,2,1,1,3,3,2,2,2,2,1,2,4,4,3,3,1,3,1,4,3,1,3,3,3,1,2,4,1,3,1,1,4,2,1,2,4,2,3,3,1,3,2,1,1,2,1,4,2,2,1,2,1,3,2,3,2,1,4,3,4,4,2,2,2,3,2,4,2,2,1,4,2,3,2,1,1,3,3,1,2,1,4,4,3,1,3,4,1,4,1,2,4,1,2,1,4,1,4,4,4,2,2,4,4,2,2,3,2,3,4,3,4,1,2,4,1,2,4,1,1,2,3,3,3,4,2,3,1,1,1,4,3,3,2,2,1,2,4,1,3,4,3,4,1,2,2,2,2,1,2,3,2,4,3,3,1,2,2,1,4,1,4,2,1,2,4,1,1,4,4,3,2,2,1,1,3,4,3,3,4,2,4,1,1,3,2,2,3,3,2,4,1,3,2,3,1,2,3,3,1,4,3,3,1,1,4,2,1,4,1,4,1,3,2,3,2,4,3,3,4,1,3,2,3,3,2,1,3,3,2,1,4,3,4,3,1,3,1,3,4,3,4,2,2,3,4,2,3,3,2,4,1,3,1,2,3,2,1,3,2,4,4,3,2,4,3,2,2,3,4,2,4,4,3,4,3,2,4,2,1,2,1,3,3,1,1,3,3,2,3,3,4,1,2,1,3,3,2,1,3,1,2,1,1,2,4,2,3,1,1,1,4,4,1,4,2,2,1,4,2,4,2,2,2,1,4,2,3,3,2,4,1,1,1,2,1,1,2,2,2,2,1,3,4,1,3,4,3,2,1,4,3,1,1,2,2,3,3,2,2,1,4,1,1,1,2,4,2,1,2,4,2,3,3,2,1,1,4,1,3,4,1,4,3,2,2,1,4,2,3,2,3,1,1,2,2,3,3,3,2,2,3,1,2,3,2,4,1,1,3,3,2,1,3,3,1,3,1,3,2,3,1,1,3,2,1,1,1,2,4,3,2,4,3,2,4,3,3,2,4,2,4,1,1,3,3,3,3,4,4,3,4,1,1,4,2,1,2,1,4,4,3,3,1,2,2,2,1,2,4,2,1,3,3,4,1,4,1,1,3,2,1,4,3,1,4,1,1,1,4,4,3,4,3,3,3,2,2,3,4,3,1,3,4,3,1,2,4,4,4,3,3,2,1,4,2,1,2,3,1,2,1,1,2,4,2,4,2,1,2,1,3,1,3,4,2,3,2,3,3,3,4,1,4,3,2,1,3,1,3,1,1,4,2,4,1,1,2,3,1,4,4,2,1,3,4,3,2,3,2,4,2,1,3,4,1,3,2,2,3,2,3,1,3,4,4,2,3,1,2,2,1,4,1,1,1,1,3,1,4,1,4,3,2,4,3,1,3,1,4,1,3,4,1,1,1,2,2,3,3,1,4,2,1,4,3,2,1,2,2,1,4,3,2,1,2,2,3,4,2,3,1,1,1,3,2,1,3,4,3,3,4,3,1,2,3,3,1,1,4,3,3,3,2,3,1,3,1,1,1,2,3,1,3,2,3,4,1,2,1,1,4,3,4,1,4,2,1,1,3,2,2,3,3,3,4,3,4,4,2,1,2,1,2,3,4,4,4,2,3,2,1,3,1,4,4,4,4,1,1,1,1,1,4,4,4,2,4,2,1,3,3,2,4,2,1,1,3,4,2,2,1,1,4,2,1,1,2,2,4,2,2,3,4,2,1,1,1,3,1,2,2,2,2,4,1,2,4,2,4,2,3,3,2,1,1,4,4,4,3,1,3,4,4,2,2,2,3,1,4,1,3,1,1,2,2,2,1,4,1,2,2,4,4,2,2,3,3,4,4,3,1,1,3,1,2,1,4,3,1,1,2,2,3,4,4,2,1,2,1,2,2,3,2,1,1,3,1,3,1,3,1,1,4,3,2,1,1,3,2,2,4,4,2,3,3,1,4,4,4,2,3,2,3,4,3,3,4,3,2,1,1,1,2,3,2,3,4,3,1,4,3,4,3,2,3,1,2,2,1,1,1,4,3,2,2,4,3,1,4,3,3,2,2,3,4,2,3,3,2,2,2,2,4,1,2,4,3,1,2,3,4,4,1,1,3,1,3,2,3,2,1,1,1,3,4,4,2,1,1,2,3,2,2,2,2,3,3,3,1,1,2,2,2,4,2,4,1,3,1,2,3,4,3,3,2,4,3,4,3,1,3,2,2,2,4,1,4,3,4,4,2,3,4,4,2,2,2,3,3,2,1,4,2,2,3,1,1,4,2,2,4,1,1,2,2,3,2,1,2,2,4,1,1,1,1,3,4,1,4,3,3,1,2,1,4,1,1,2,3,4,3,2,1,3,1,1,3,4,2,4,3,2,1,1,1,1,1,1,2,3,4,2,4,3,4,3,1,2,2,3,1,3,1,3,3,1,2,1,3,3,2,1,2,4,4,4,4,1,4,2,4,4,3,2,2,2,4,2,2,3,2,4,2,3,2,4,2,2,2,4,3,1,4,4,1,2,1,1,1,2,3,1,1,3,3,3,4,3,4,3,3,3,4,1,3,3,4,1,4,1,3,4,1,4,2,2,3,4,4,3,2,3,2,2,3,4,3,1,2,4,3,3,4,2,1,1,3,1,4,3,1,3,2,1,4,1,1,3,3,2,3,3,1,3,2,4,2,2,1,1,2,1,1,4,4,1,2,1,2,2,2,3,4,1,2,4,1,1,3,4,2,2,4,3,4,2,3,1,4,3,3,2,1,1,4,3,2,2,3,1,4,1,3,1,1,4,1,4,4,3,4,3,2,3,2,1,2,2,2,1,1,1,2,3,4,1,1,3,3,3,1,4,2,3,4,1,2,3,2,1,3,4,4,2,4,4,1,1,4,2,4,1,2,2,3,3,4,3,1,2,1,3,1,2,3,1,1,3,2,4,1,2,3,1,2,2,2,2,1,2,1,3,4,1,3,2,3,2,1,2,1,1,1,4,3,4,2,2,1,1,1,2,2,2,4,4,2,1,4,4,1,3,3,2,4,3,3,3,1,1,1,2,2,3,3,4,1,1,1,2,3,2,2,4,1,2,3,3,1,2,2,3,1,3,1,1,3,2,2,1,3,2,4,2,1,2,3,4,4,2,1,2,2,4,3,4,1,4,3,1,1,2,3,4,1,3,3,1,3,2,1,3,2,3,3,2,2,2,3,3,1,3,1,4,1,1,4,1,1,4,4,2,1,2,4,1,2,4,2,1,4,1,4,1,2,1,2,1,3,2,1,1,1,3,4,1,3,1,2,2,1,2,4,1,4,1,2,3,1,2,2,3,1,3,3,1,3,4"
177,0.9886279079380575,0.5196078431372549,2329.0,"2,2,3,4,1,1,4,1,1,2,4,1,1,4,2,2,3,4,1,1,4,4,4,2,1,1,4,3,1,2,2,2,3,3,3,3,1,2,1,3,2,3,4,4,4,3,1,4,4,3,4,1,3,2,1,1,2,1,1,4,3,1,1,3,4,1,4,2,3,1,1,2,4,4,3,1,3,2,4,2,3,1,1,3,1,3,3,3,4,1,2,1,3,4,4,2,4,4,2,2,4,3,3,3,3,4,3,1,2,1,1,2,2,2,4,1,4,2,3,2,1,3,4,4,4,4,1,2,1,3,1,2,2,2,3,2,1,4,2,1,4,2,1,1,3,3,2,1,2,2,4,1,1,2,2,2,4,1,2,1,3,2,3,2,2,3,1,2,1,1,3,4,2,3,3,1,2,2,2,2,3,3,3,4,2,4,4,3,2,2,2,4,1,2,1,1,2,2,3,2,1,4,3,4,3,4,2,1,3,3,1,2,1,1,3,3,2,2,2,2,1,2,4,4,3,3,1,3,1,4,3,1,3,3,3,1,2,4,1,3,1,1,4,2,1,2,4,2,3,3,1,3,2,1,1,2,1,4,2,2,1,2,1,3,2,3,2,1,4,3,4,4,2,2,2,3,2,4,2,2,1,4,2,3,2,1,1,3,3,1,2,1,4,4,3,1,3,4,1,4,1,2,4,1,2,1,4,1,4,4,4,2,2,4,4,2,2,3,2,3,4,3,4,1,2,4,1,2,4,1,1,2,3,3,3,4,2,3,1,1,1,4,3,3,2,2,1,2,4,1,3,4,3,4,1,2,2,2,2,1,2,3,2,4,3,3,1,2,2,1,4,1,4,2,1,2,4,1,1,4,4,3,2,2,1,1,3,4,3,3,4,2,4,1,1,3,2,2,3,3,2,4,1,3,2,3,1,2,3,3,1,4,3,3,1,1,4,2,1,4,1,4,1,3,2,3,2,4,3,3,4,1,3,2,3,3,2,1,3,3,2,1,4,3,4,3,1,3,1,3,4,3,4,2,2,3,4,2,3,3,2,4,1,3,1,2,3,2,1,3,2,4,4,3,2,4,3,2,2,3,4,2,4,4,3,4,3,2,4,2,1,2,1,3,3,1,1,3,3,2,3,3,4,1,2,1,3,3,2,1,3,1,2,1,1,2,4,2,3,1,1,1,4,4,1,4,2,2,1,4,2,4,2,2,2,1,4,2,3,3,2,4,1,1,1,2,1,1,2,2,2,2,1,3,4,1,3,4,3,2,1,4,3,1,1,2,2,3,3,2,2,1,4,1,1,1,2,4,2,1,2,4,2,3,3,2,1,1,4,1,3,4,1,4,3,2,2,1,4,2,3,2,3,1,1,2,2,3,3,3,2,2,3,1,2,3,2,4,1,1,3,3,2,1,3,3,1,3,1,3,2,3,1,1,3,2,1,1,1,2,4,3,2,4,3,2,4,3,3,2,4,2,4,1,1,3,3,3,3,4,4,3,4,1,1,4,2,1,2,1,4,4,3,3,1,2,2,2,1,2,4,2,1,3,3,4,1,4,1,1,3,2,1,4,3,1,4,1,1,1,4,4,3,4,3,3,3,2,2,3,4,3,1,3,4,3,1,2,4,4,4,3,3,2,1,4,2,1,2,3,1,2,1,1,2,4,2,4,2,1,2,1,3,1,3,4,2,3,2,3,3,3,4,1,4,3,2,1,3,1,3,1,1,4,2,4,1,1,2,3,1,4,4,2,1,3,4,3,2,3,2,4,2,1,3,4,1,3,2,2,3,2,3,1,3,4,4,2,3,1,2,2,1,4,1,1,1,1,3,1,4,1,4,3,2,4,3,1,3,1,4,1,3,4,1,1,1,2,2,3,3,1,4,2,1,4,3,2,1,2,2,1,4,3,2,1,2,2,3,4,2,3,1,1,1,3,2,1,3,4,3,3,4,3,1,2,3,3,1,1,4,3,3,3,2,3,1,3,1,1,1,2,3,1,3,2,3,4,1,2,1,1,4,3,4,1,4,2,1,1,3,2,2,3,3,3,4,3,4,4,2,1,2,1,2,3,4,4,4,2,3,2,1,3,1,4,4,4,4,1,1,1,1,1,4,4,4,2,4,2,1,3,3,2,4,2,1,1,3,4,2,2,1,1,4,2,1,1,2,2,4,2,2,3,4,2,1,1,1,3,1,2,2,2,2,4,1,2,4,2,4,2,3,3,2,1,1,4,4,4,3,1,3,4,4,2,2,2,3,1,4,1,3,1,1,2,2,2,1,4,1,2,2,4,4,2,2,3,3,4,4,3,1,1,3,1,2,1,4,3,1,1,2,2,3,4,4,2,1,2,1,2,2,3,2,1,1,3,1,3,1,3,1,1,4,3,2,1,1,3,2,2,4,4,2,3,3,1,4,4,4,2,3,2,3,4,3,3,4,3,2,1,1,1,2,3,2,3,4,3,1,4,3,4,3,2,3,1,2,2,1,1,1,4,3,2,2,4,3,1,4,3,3,2,2,3,4,2,3,3,2,2,2,2,4,1,2,4,3,1,2,3,4,4,1,1,3,1,3,2,3,2,1,1,1,3,4,4,2,1,1,2,3,2,2,2,2,3,3,3,1,1,2,2,2,4,2,4,1,3,1,2,3,4,3,3,2,4,3,4,3,1,3,2,2,2,4,1,4,3,4,4,2,3,4,4,2,2,2,3,3,2,1,4,2,2,3,1,1,4,2,2,4,1,1,2,2,3,2,1,2,2,4,1,1,1,1,3,4,1,4,3,3,1,2,1,4,1,1,2,3,4,3,2,1,3,1,1,3,4,2,4,3,2,1,1,1,1,1,1,2,3,4,2,4,3,4,3,1,2,2,3,1,3,1,3,3,1,2,1,3,3,2,1,2,4,4,4,4,1,4,2,4,4,3,2,2,2,4,2,2,3,2,4,2,3,2,4,2,2,2,4,3,1,4,4,1,2,1,1,1,2,3,1,1,3,3,3,4,3,4,3,3,3,4,1,3,3,4,1,4,1,3,4,1,4,2,2,3,4,4,3,2,3,2,2,3,4,3,1,2,4,3,3,4,2,1,1,3,1,4,3,1,3,2,1,4,1,1,3,3,2,3,3,1,3,2,4,2,2,1,1,2,1,1,4,4,1,2,1,2,2,2,3,4,1,2,4,1,1,3,4,2,2,4,3,4,2,3,1,4,3,3,2,1,1,4,3,2,2,3,1,4,1,3,1,1,4,1,4,4,3,4,3,2,3,2,1,2,2,2,1,1,1,2,3,4,1,1,3,3,3,1,4,2,3,4,1,2,3,2,1,3,4,4,2,4,4,1,1,4,2,4,1,2,2,3,3,4,3,1,2,1,3,1,2,3,1,1,3,2,4,1,2,3,1,2,2,2,2,1,2,1,3,4,1,3,2,3,2,1,2,1,1,1,4,3,4,2,2,1,1,1,2,2,2,4,4,2,1,4,4,1,3,3,2,4,3,3,3,1,1,1,2,2,3,3,4,1,1,1,2,3,2,2,4,1,2,3,3,1,2,2,3,1,3,1,1,3,2,2,1,3,2,4,2,1,2,3,4,4,2,1,2,2,4,3,4,1,4,3,1,1,2,3,4,1,3,3,1,3,2,1,3,2,3,3,2,2,2,3,3,1,3,1,4,1,1,4,1,1,4,4,2,1,2,4,1,2,4,2,1,4,1,4,1,2,1,2,1,3,2,1,1,1,3,4,1,3,1,2,2,1,2,4,1,4,1,2,3,1,2,2,3,1,3,3,1,3,4"
178,0.9886279079380575,0.5196078431372549,2329.0,"2,2,3,4,1,1,4,1,1,2,4,1,1,4,2,2,3,4,1,1,4,4,4,2,1,1,4,3,1,2,2,2,3,3,3,3,1,2,1,3,2,3,4,4,4,3,1,4,4,3,4,1,3,2,1,1,2,1,1,4,3,1,1,3,4,1,4,2,3,1,1,2,4,4,3,1,3,2,4,2,3,1,1,3,1,3,3,3,4,1,2,1,3,4,4,2,4,4,2,2,4,3,3,3,3,4,3,1,2,1,1,2,2,2,4,1,4,2,3,2,1,3,4,4,4,4,1,2,1,3,1,2,2,2,3,2,1,4,2,1,4,2,1,1,3,3,2,1,2,2,4,1,1,2,2,2,4,1,2,1,3,2,3,2,2,3,1,2,1,1,3,4,2,3,3,1,2,2,2,2,3,3,3,4,2,4,4,3,2,2,2,4,1,2,1,1,2,2,3,2,1,4,3,4,3,4,2,1,3,3,1,2,1,1,3,3,2,2,2,2,1,2,4,4,3,3,1,3,1,4,3,1,3,3,3,1,2,4,1,3,1,1,4,2,1,2,4,2,3,3,1,3,2,1,1,2,1,4,2,2,1,2,1,3,2,3,2,1,4,3,4,4,2,2,2,3,2,4,2,2,1,4,2,3,2,1,1,3,3,1,2,1,4,4,3,1,3,4,1,4,1,2,4,1,2,1,4,1,4,4,4,2,2,4,4,2,2,3,2,3,4,3,4,1,2,4,1,2,4,1,1,2,3,3,3,4,2,3,1,1,1,4,3,3,2,2,1,2,4,1,3,4,3,4,1,2,2,2,2,1,2,3,2,4,3,3,1,2,2,1,4,1,4,2,1,2,4,1,1,4,4,3,2,2,1,1,3,4,3,3,4,2,4,1,1,3,2,2,3,3,2,4,1,3,2,3,1,2,3,3,1,4,3,3,1,1,4,2,1,4,1,4,1,3,2,3,2,4,3,3,4,1,3,2,3,3,2,1,3,3,2,1,4,3,4,3,1,3,1,3,4,3,4,2,2,3,4,2,3,3,2,4,1,3,1,2,3,2,1,3,2,4,4,3,2,4,3,2,2,3,4,2,4,4,3,4,3,2,4,2,1,2,1,3,3,1,1,3,3,2,3,3,4,1,2,1,3,3,2,1,3,1,2,1,1,2,4,2,3,1,1,1,4,4,1,4,2,2,1,4,2,4,2,2,2,1,4,2,3,3,2,4,1,1,1,2,1,1,2,2,2,2,1,3,4,1,3,4,3,2,1,4,3,1,1,2,2,3,3,2,2,1,4,1,1,1,2,4,2,1,2,4,2,3,3,2,1,1,4,1,3,4,1,4,3,2,2,1,4,2,3,2,3,1,1,2,2,3,3,3,2,2,3,1,2,3,2,4,1,1,3,3,2,1,3,3,1,3,1,3,2,3,1,1,3,2,1,1,1,2,4,3,2,4,3,2,4,3,3,2,4,2,4,1,1,3,3,3,3,4,4,3,4,1,1,4,2,1,2,1,4,4,3,3,1,2,2,2,1,2,4,2,1,3,3,4,1,4,1,1,3,2,1,4,3,1,4,1,1,1,4,4,3,4,3,3,3,2,2,3,4,3,1,3,4,3,1,2,4,4,4,3,3,2,1,4,2,1,2,3,1,2,1,1,2,4,2,4,2,1,2,1,3,1,3,4,2,3,2,3,3,3,4,1,4,3,2,1,3,1,3,1,1,4,2,4,1,1,2,3,1,4,4,2,1,3,4,3,2,3,2,4,2,1,3,4,1,3,2,2,3,2,3,1,3,4,4,2,3,1,2,2,1,4,1,1,1,1,3,1,4,1,4,3,2,4,3,1,3,1,4,1,3,4,1,1,1,2,2,3,3,1,4,2,1,4,3,2,1,2,2,1,4,3,2,1,2,2,3,4,2,3,1,1,1,3,2,1,3,4,3,3,4,3,1,2,3,3,1,1,4,3,3,3,2,3,1,3,1,1,1,2,3,1,3,2,3,4,1,2,1,1,4,3,4,1,4,2,1,1,3,2,2,3,3,3,4,3,4,4,2,1,2,1,2,3,4,4,4,2,3,2,1,3,1,4,4,4,4,1,1,1,1,1,4,4,4,2,4,2,1,3,3,2,4,2,1,1,3,4,2,2,1,1,4,2,1,1,2,2,4,2,2,3,4,2,1,1,1,3,1,2,2,2,2,4,1,2,4,2,4,2,3,3,2,1,1,4,4,4,3,1,3,4,4,2,2,2,3,1,4,1,3,1,1,2,2,2,1,4,1,2,2,4,4,2,2,3,3,4,4,3,1,1,3,1,2,1,4,3,1,1,2,2,3,4,4,2,1,2,1,2,2,3,2,1,1,3,1,3,1,3,1,1,4,3,2,1,1,3,2,2,4,4,2,3,3,1,4,4,4,2,3,2,3,4,3,3,4,3,2,1,1,1,2,3,2,3,4,3,1,4,3,4,3,2,3,1,2,2,1,1,1,4,3,2,2,4,3,1,4,3,3,2,2,3,4,2,3,3,2,2,2,2,4,1,2,4,3,1,2,3,4,4,1,1,3,1,3,2,3,2,1,1,1,3,4,4,2,1,1,2,3,2,2,2,2,3,3,3,1,1,2,2,2,4,2,4,1,3,1,2,3,4,3,3,2,4,3,4,3,1,3,2,2,2,4,1,4,3,4,4,2,3,4,4,2,2,2,3,3,2,1,4,2,2,3,1,1,4,2,2,4,1,1,2,2,3,2,1,2,2,4,1,1,1,1,3,4,1,4,3,3,1,2,1,4,1,1,2,3,4,3,2,1,3,1,1,3,4,2,4,3,2,1,1,1,1,1,1,2,3,4,2,4,3,4,3,1,2,2,3,1,3,1,3,3,1,2,1,3,3,2,1,2,4,4,4,4,1,4,2,4,4,3,2,2,2,4,2,2,3,2,4,2,3,2,4,2,2,2,4,3,1,4,4,1,2,1,1,1,2,3,1,1,3,3,3,4,3,4,3,3,3,4,1,3,3,4,1,4,1,3,4,1,4,2,2,3,4,4,3,2,3,2,2,3,4,3,1,2,4,3,3,4,2,1,1,3,1,4,3,1,3,2,1,4,1,1,3,3,2,3,3,1,3,2,4,2,2,1,1,2,1,1,4,4,1,2,1,2,2,2,3,4,1,2,4,1,1,3,4,2,2,4,3,4,2,3,1,4,3,3,2,1,1,4,3,2,2,3,1,4,1,3,1,1,4,1,4,4,3,4,3,2,3,2,1,2,2,2,1,1,1,2,3,4,1,1,3,3,3,1,4,2,3,4,1,2,3,2,1,3,4,4,2,4,4,1,1,4,2,4,1,2,2,3,3,4,3,1,2,1,3,1,2,3,1,1,3,2,4,1,2,3,1,2,2,2,2,1,2,1,3,4,1,3,2,3,2,1,2,1,1,1,4,3,4,2,2,1,1,1,2,2,2,4,4,2,1,4,4,1,3,3,2,4,3,3,3,1,1,1,2,2,3,3,4,1,1,1,2,3,2,2,4,1,2,3,3,1,2,2,3,1,3,1,1,3,2,2,1,3,2,4,2,1,2,3,4,4,2,1,2,2,4,3,4,1,4,3,1,1,2,3,4,1,3,3,1,3,2,1,3,2,3,3,2,2,2,3,3,1,3,1,4,1,1,4,1,1,4,4,2,1,2,4,1,2,4,2,1,4,1,4,1,2,1,2,1,3,2,1,1,1,3,4,1,3,1,2,2,1,2,4,1,4,1,2,3,1,2,2,3,1,3,3,1,3,4"
179,0.9886279079380575,0.5196078431372549,2329.0,"2,2,3,4,1,1,4,1,1,2,4,1,1,4,2,2,3,4,1,1,4,4,4,2,1,1,4,3,1,2,2,2,3,3,3,3,1,2,1,3,2,3,4,4,4,3,1,4,4,3,4,1,3,2,1,1,2,1,1,4,3,1,1,3,4,1,4,2,3,1,1,2,4,4,3,1,3,2,4,2,3,1,1,3,1,3,3,3,4,1,2,1,3,4,4,2,4,4,2,2,4,3,3,3,3,4,3,1,2,1,1,2,2,2,4,1,4,2,3,2,1,3,4,4,4,4,1,2,1,3,1,2,2,2,3,2,1,4,2,1,4,2,1,1,3,3,2,1,2,2,4,1,1,2,2,2,4,1,2,1,3,2,3,2,2,3,1,2,1,1,3,4,2,3,3,1,2,2,2,2,3,3,3,4,2,4,4,3,2,2,2,4,1,2,1,1,2,2,3,2,1,4,3,4,3,4,2,1,3,3,1,2,1,1,3,3,2,2,2,2,1,2,4,4,3,3,1,3,1,4,3,1,3,3,3,1,2,4,1,3,1,1,4,2,1,2,4,2,3,3,1,3,2,1,1,2,1,4,2,2,1,2,1,3,2,3,2,1,4,3,4,4,2,2,2,3,2,4,2,2,1,4,2,3,2,1,1,3,3,1,2,1,4,4,3,1,3,4,1,4,1,2,4,1,2,1,4,1,4,4,4,2,2,4,4,2,2,3,2,3,4,3,4,1,2,4,1,2,4,1,1,2,3,3,3,4,2,3,1,1,1,4,3,3,2,2,1,2,4,1,3,4,3,4,1,2,2,2,2,1,2,3,2,4,3,3,1,2,2,1,4,1,4,2,1,2,4,1,1,4,4,3,2,2,1,1,3,4,3,3,4,2,4,1,1,3,2,2,3,3,2,4,1,3,2,3,1,2,3,3,1,4,3,3,1,1,4,2,1,4,1,4,1,3,2,3,2,4,3,3,4,1,3,2,3,3,2,1,3,3,2,1,4,3,4,3,1,3,1,3,4,3,4,2,2,3,4,2,3,3,2,4,1,3,1,2,3,2,1,3,2,4,4,3,2,4,3,2,2,3,4,2,4,4,3,4,3,2,4,2,1,2,1,3,3,1,1,3,3,2,3,3,4,1,2,1,3,3,2,1,3,1,2,1,1,2,4,2,3,1,1,1,4,4,1,4,2,2,1,4,2,4,2,2,2,1,4,2,3,3,2,4,1,1,1,2,1,1,2,2,2,2,1,3,4,1,3,4,3,2,1,4,3,1,1,2,2,3,3,2,2,1,4,1,1,1,2,4,2,1,2,4,2,3,3,2,1,1,4,1,3,4,1,4,3,2,2,1,4,2,3,2,3,1,1,2,2,3,3,3,2,2,3,1,2,3,2,4,1,1,3,3,2,1,3,3,1,3,1,3,2,3,1,1,3,2,1,1,1,2,4,3,2,4,3,2,4,3,3,2,4,2,4,1,1,3,3,3,3,4,4,3,4,1,1,4,2,1,2,1,4,4,3,3,1,2,2,2,1,2,4,2,1,3,3,4,1,4,1,1,3,2,1,4,3,1,4,1,1,1,4,4,3,4,3,3,3,2,2,3,4,3,1,3,4,3,1,2,4,4,4,3,3,2,1,4,2,1,2,3,1,2,1,1,2,4,2,4,2,1,2,1,3,1,3,4,2,3,2,3,3,3,4,1,4,3,2,1,3,1,3,1,1,4,2,4,1,1,2,3,1,4,4,2,1,3,4,3,2,3,2,4,2,1,3,4,1,3,2,2,3,2,3,1,3,4,4,2,3,1,2,2,1,4,1,1,1,1,3,1,4,1,4,3,2,4,3,1,3,1,4,1,3,4,1,1,1,2,2,3,3,1,4,2,1,4,3,2,1,2,2,1,4,3,2,1,2,2,3,4,2,3,1,1,1,3,2,1,3,4,3,3,4,3,1,2,3,3,1,1,4,3,3,3,2,3,1,3,1,1,1,2,3,1,3,2,3,4,1,2,1,1,4,3,4,1,4,2,1,1,3,2,2,3,3,3,4,3,4,4,2,1,2,1,2,3,4,4,4,2,3,2,1,3,1,4,4,4,4,1,1,1,1,1,4,4,4,2,4,2,1,3,3,2,4,2,1,1,3,4,2,2,1,1,4,2,1,1,2,2,4,2,2,3,4,2,1,1,1,3,1,2,2,2,2,4,1,2,4,2,4,2,3,3,2,1,1,4,4,4,3,1,3,4,4,2,2,2,3,1,4,1,3,1,1,2,2,2,1,4,1,2,2,4,4,2,2,3,3,4,4,3,1,1,3,1,2,1,4,3,1,1,2,2,3,4,4,2,1,2,1,2,2,3,2,1,1,3,1,3,1,3,1,1,4,3,2,1,1,3,2,2,4,4,2,3,3,1,4,4,4,2,3,2,3,4,3,3,4,3,2,1,1,1,2,3,2,3,4,3,1,4,3,4,3,2,3,1,2,2,1,1,1,4,3,2,2,4,3,1,4,3,3,2,2,3,4,2,3,3,2,2,2,2,4,1,2,4,3,1,2,3,4,4,1,1,3,1,3,2,3,2,1,1,1,3,4,4,2,1,1,2,3,2,2,2,2,3,3,3,1,1,2,2,2,4,2,4,1,3,1,2,3,4,3,3,2,4,3,4,3,1,3,2,2,2,4,1,4,3,4,4,2,3,4,4,2,2,2,3,3,2,1,4,2,2,3,1,1,4,2,2,4,1,1,2,2,3,2,1,2,2,4,1,1,1,1,3,4,1,4,3,3,1,2,1,4,1,1,2,3,4,3,2,1,3,1,1,3,4,2,4,3,2,1,1,1,1,1,1,2,3,4,2,4,3,4,3,1,2,2,3,1,3,1,3,3,1,2,1,3,3,2,1,2,4,4,4,4,1,4,2,4,4,3,2,2,2,4,2,2,3,2,4,2,3,2,4,2,2,2,4,3,1,4,4,1,2,1,1,1,2,3,1,1,3,3,3,4,3,4,3,3,3,4,1,3,3,4,1,4,1,3,4,1,4,2,2,3,4,4,3,2,3,2,2,3,4,3,1,2,4,3,3,4,2,1,1,3,1,4,3,1,3,2,1,4,1,1,3,3,2,3,3,1,3,2,4,2,2,1,1,2,1,1,4,4,1,2,1,2,2,2,3,4,1,2,4,1,1,3,4,2,2,4,3,4,2,3,1,4,3,3,2,1,1,4,3,2,2,3,1,4,1,3,1,1,4,1,4,4,3,4,3,2,3,2,1,2,2,2,1,1,1,2,3,4,1,1,3,3,3,1,4,2,3,4,1,2,3,2,1,3,4,4,2,4,4,1,1,4,2,4,1,2,2,3,3,4,3,1,2,1,3,1,2,3,1,1,3,2,4,1,2,3,1,2,2,2,2,1,2,1,3,4,1,3,2,3,2,1,2,1,1,1,4,3,4,2,2,1,1,1,2,2,2,4,4,2,1,4,4,1,3,3,2,4,3,3,3,1,1,1,2,2,3,3,4,1,1,1,2,3,2,2,4,1,2,3,3,1,2,2,3,1,3,1,1,3,2,2,1,3,2,4,2,1,2,3,4,4,2,1,2,2,4,3,4,1,4,3,1,1,2,3,4,1,3,3,1,3,2,1,3,2,3,3,2,2,2,3,3,1,3,1,4,1,1,4,1,1,4,4,2,1,2,4,1,2,4,2,1,4,1,4,1,2,1,2,1,3,2,1,1,1,3,4,1,3,1,2,2,1,2,4,1,4,1,2,3,1,2,2,3,1,3,3,1,3,4"
180,0.9886279079380575,0.5196078431372549,2329.0,"2,2,3,4,1,1,4,1,1,2,4,1,1,4,2,2,3,4,1,1,4,4,4,2,1,1,4,3,1,2,2,2,3,3,3,3,1,2,1,3,2,3,4,4,4,3,1,4,4,3,4,1,3,2,1,1,2,1,1,4,3,1,1,3,4,1,4,2,3,1,1,2,4,4,3,1,3,2,4,2,3,1,1,3,1,3,3,3,4,1,2,1,3,4,4,2,4,4,2,2,4,3,3,3,3,4,3,1,2,1,1,2,2,2,4,1,4,2,3,2,1,3,4,4,4,4,1,2,1,3,1,2,2,2,3,2,1,4,2,1,4,2,1,1,3,3,2,1,2,2,4,1,1,2,2,2,4,1,2,1,3,2,3,2,2,3,1,2,1,1,3,4,2,3,3,1,2,2,2,2,3,3,3,4,2,4,4,3,2,2,2,4,1,2,1,1,2,2,3,2,1,4,3,4,3,4,2,1,3,3,1,2,1,1,3,3,2,2,2,2,1,2,4,4,3,3,1,3,1,4,3,1,3,3,3,1,2,4,1,3,1,1,4,2,1,2,4,2,3,3,1,3,2,1,1,2,1,4,2,2,1,2,1,3,2,3,2,1,4,3,4,4,2,2,2,3,2,4,2,2,1,4,2,3,2,1,1,3,3,1,2,1,4,4,3,1,3,4,1,4,1,2,4,1,2,1,4,1,4,4,4,2,2,4,4,2,2,3,2,3,4,3,4,1,2,4,1,2,4,1,1,2,3,3,3,4,2,3,1,1,1,4,3,3,2,2,1,2,4,1,3,4,3,4,1,2,2,2,2,1,2,3,2,4,3,3,1,2,2,1,4,1,4,2,1,2,4,1,1,4,4,3,2,2,1,1,3,4,3,3,4,2,4,1,1,3,2,2,3,3,2,4,1,3,2,3,1,2,3,3,1,4,3,3,1,1,4,2,1,4,1,4,1,3,2,3,2,4,3,3,4,1,3,2,3,3,2,1,3,3,2,1,4,3,4,3,1,3,1,3,4,3,4,2,2,3,4,2,3,3,2,4,1,3,1,2,3,2,1,3,2,4,4,3,2,4,3,2,2,3,4,2,4,4,3,4,3,2,4,2,1,2,1,3,3,1,1,3,3,2,3,3,4,1,2,1,3,3,2,1,3,1,2,1,1,2,4,2,3,1,1,1,4,4,1,4,2,2,1,4,2,4,2,2,2,1,4,2,3,3,2,4,1,1,1,2,1,1,2,2,2,2,1,3,4,1,3,4,3,2,1,4,3,1,1,2,2,3,3,2,2,1,4,1,1,1,2,4,2,1,2,4,2,3,3,2,1,1,4,1,3,4,1,4,3,2,2,1,4,2,3,2,3,1,1,2,2,3,3,3,2,2,3,1,2,3,2,4,1,1,3,3,2,1,3,3,1,3,1,3,2,3,1,1,3,2,1,1,1,2,4,3,2,4,3,2,4,3,3,2,4,2,4,1,1,3,3,3,3,4,4,3,4,1,1,4,2,1,2,1,4,4,3,3,1,2,2,2,1,2,4,2,1,3,3,4,1,4,1,1,3,2,1,4,3,1,4,1,1,1,4,4,3,4,3,3,3,2,2,3,4,3,1,3,4,3,1,2,4,4,4,3,3,2,1,4,2,1,2,3,1,2,1,1,2,4,2,4,2,1,2,1,3,1,3,4,2,3,2,3,3,3,4,1,4,3,2,1,3,1,3,1,1,4,2,4,1,1,2,3,1,4,4,2,1,3,4,3,2,3,2,4,2,1,3,4,1,3,2,2,3,2,3,1,3,4,4,2,3,1,2,2,1,4,1,1,1,1,3,1,4,1,4,3,2,4,3,1,3,1,4,1,3,4,1,1,1,2,2,3,3,1,4,2,1,4,3,2,1,2,2,1,4,3,2,1,2,2,3,4,2,3,1,1,1,3,2,1,3,4,3,3,4,3,1,2,3,3,1,1,4,3,3,3,2,3,1,3,1,1,1,2,3,1,3,2,3,4,1,2,1,1,4,3,4,1,4,2,1,1,3,2,2,3,3,3,4,3,4,4,2,1,2,1,2,3,4,4,4,2,3,2,1,3,1,4,4,4,4,1,1,1,1,1,4,4,4,2,4,2,1,3,3,2,4,2,1,1,3,4,2,2,1,1,4,2,1,1,2,2,4,2,2,3,4,2,1,1,1,3,1,2,2,2,2,4,1,2,4,2,4,2,3,3,2,1,1,4,4,4,3,1,3,4,4,2,2,2,3,1,4,1,3,1,1,2,2,2,1,4,1,2,2,4,4,2,2,3,3,4,4,3,1,1,3,1,2,1,4,3,1,1,2,2,3,4,4,2,1,2,1,2,2,3,2,1,1,3,1,3,1,3,1,1,4,3,2,1,1,3,2,2,4,4,2,3,3,1,4,4,4,2,3,2,3,4,3,3,4,3,2,1,1,1,2,3,2,3,4,3,1,4,3,4,3,2,3,1,2,2,1,1,1,4,3,2,2,4,3,1,4,3,3,2,2,3,4,2,3,3,2,2,2,2,4,1,2,4,3,1,2,3,4,4,1,1,3,1,3,2,3,2,1,1,1,3,4,4,2,1,1,2,3,2,2,2,2,3,3,3,1,1,2,2,2,4,2,4,1,3,1,2,3,4,3,3,2,4,3,4,3,1,3,2,2,2,4,1,4,3,4,4,2,3,4,4,2,2,2,3,3,2,1,4,2,2,3,1,1,4,2,2,4,1,1,2,2,3,2,1,2,2,4,1,1,1,1,3,4,1,4,3,3,1,2,1,4,1,1,2,3,4,3,2,1,3,1,1,3,4,2,4,3,2,1,1,1,1,1,1,2,3,4,2,4,3,4,3,1,2,2,3,1,3,1,3,3,1,2,1,3,3,2,1,2,4,4,4,4,1,4,2,4,4,3,2,2,2,4,2,2,3,2,4,2,3,2,4,2,2,2,4,3,1,4,4,1,2,1,1,1,2,3,1,1,3,3,3,4,3,4,3,3,3,4,1,3,3,4,1,4,1,3,4,1,4,2,2,3,4,4,3,2,3,2,2,3,4,3,1,2,4,3,3,4,2,1,1,3,1,4,3,1,3,2,1,4,1,1,3,3,2,3,3,1,3,2,4,2,2,1,1,2,1,1,4,4,1,2,1,2,2,2,3,4,1,2,4,1,1,3,4,2,2,4,3,4,2,3,1,4,3,3,2,1,1,4,3,2,2,3,1,4,1,3,1,1,4,1,4,4,3,4,3,2,3,2,1,2,2,2,1,1,1,2,3,4,1,1,3,3,3,1,4,2,3,4,1,2,3,2,1,3,4,4,2,4,4,1,1,4,2,4,1,2,2,3,3,4,3,1,2,1,3,1,2,3,1,1,3,2,4,1,2,3,1,2,2,2,2,1,2,1,3,4,1,3,2,3,2,1,2,1,1,1,4,3,4,2,2,1,1,1,2,2,2,4,4,2,1,4,4,1,3,3,2,4,3,3,3,1,1,1,2,2,3,3,4,1,1,1,2,3,2,2,4,1,2,3,3,1,2,2,3,1,3,1,1,3,2,2,1,3,2,4,2,1,2,3,4,4,2,1,2,2,4,3,4,1,4,3,1,1,2,3,4,1,3,3,1,3,2,1,3,2,3,3,2,2,2,3,3,1,3,1,4,1,1,4,1,1,4,4,2,1,2,4,1,2,4,2,1,4,1,4,1,2,1,2,1,3,2,1,1,1,3,4,1,3,1,2,2,1,2,4,1,4,1,2,3,1,2,2,3,1,3,3,1,3,4"
181,0.9886279079380575,0.5196078431372549,2329.0,"2,2,3,4,1,1,4,1,1,2,4,1,1,4,2,2,3,4,1,1,4,4,4,2,1,1,4,3,1,2,2,2,3,3,3,3,1,2,1,3,2,3,4,4,4,3,1,4,4,3,4,1,3,2,1,1,2,1,1,4,3,1,1,3,4,1,4,2,3,1,1,2,4,4,3,1,3,2,4,2,3,1,1,3,1,3,3,3,4,1,2,1,3,4,4,2,4,4,2,2,4,3,3,3,3,4,3,1,2,1,1,2,2,2,4,1,4,2,3,2,1,3,4,4,4,4,1,2,1,3,1,2,2,2,3,2,1,4,2,1,4,2,1,1,3,3,2,1,2,2,4,1,1,2,2,2,4,1,2,1,3,2,3,2,2,3,1,2,1,1,3,4,2,3,3,1,2,2,2,2,3,3,3,4,2,4,4,3,2,2,2,4,1,2,1,1,2,2,3,2,1,4,3,4,3,4,2,1,3,3,1,2,1,1,3,3,2,2,2,2,1,2,4,4,3,3,1,3,1,4,3,1,3,3,3,1,2,4,1,3,1,1,4,2,1,2,4,2,3,3,1,3,2,1,1,2,1,4,2,2,1,2,1,3,2,3,2,1,4,3,4,4,2,2,2,3,2,4,2,2,1,4,2,3,2,1,1,3,3,1,2,1,4,4,3,1,3,4,1,4,1,2,4,1,2,1,4,1,4,4,4,2,2,4,4,2,2,3,2,3,4,3,4,1,2,4,1,2,4,1,1,2,3,3,3,4,2,3,1,1,1,4,3,3,2,2,1,2,4,1,3,4,3,4,1,2,2,2,2,1,2,3,2,4,3,3,1,2,2,1,4,1,4,2,1,2,4,1,1,4,4,3,2,2,1,1,3,4,3,3,4,2,4,1,1,3,2,2,3,3,2,4,1,3,2,3,1,2,3,3,1,4,3,3,1,1,4,2,1,4,1,4,1,3,2,3,2,4,3,3,4,1,3,2,3,3,2,1,3,3,2,1,4,3,4,3,1,3,1,3,4,3,4,2,2,3,4,2,3,3,2,4,1,3,1,2,3,2,1,3,2,4,4,3,2,4,3,2,2,3,4,2,4,4,3,4,3,2,4,2,1,2,1,3,3,1,1,3,3,2,3,3,4,1,2,1,3,3,2,1,3,1,2,1,1,2,4,2,3,1,1,1,4,4,1,4,2,2,1,4,2,4,2,2,2,1,4,2,3,3,2,4,1,1,1,2,1,1,2,2,2,2,1,3,4,1,3,4,3,2,1,4,3,1,1,2,2,3,3,2,2,1,4,1,1,1,2,4,2,1,2,4,2,3,3,2,1,1,4,1,3,4,1,4,3,2,2,1,4,2,3,2,3,1,1,2,2,3,3,3,2,2,3,1,2,3,2,4,1,1,3,3,2,1,3,3,1,3,1,3,2,3,1,1,3,2,1,1,1,2,4,3,2,4,3,2,4,3,3,2,4,2,4,1,1,3,3,3,3,4,4,3,4,1,1,4,2,1,2,1,4,4,3,3,1,2,2,2,1,2,4,2,1,3,3,4,1,4,1,1,3,2,1,4,3,1,4,1,1,1,4,4,3,4,3,3,3,2,2,3,4,3,1,3,4,3,1,2,4,4,4,3,3,2,1,4,2,1,2,3,1,2,1,1,2,4,2,4,2,1,2,1,3,1,3,4,2,3,2,3,3,3,4,1,4,3,2,1,3,1,3,1,1,4,2,4,1,1,2,3,1,4,4,2,1,3,4,3,2,3,2,4,2,1,3,4,1,3,2,2,3,2,3,1,3,4,4,2,3,1,2,2,1,4,1,1,1,1,3,1,4,1,4,3,2,4,3,1,3,1,4,1,3,4,1,1,1,2,2,3,3,1,4,2,1,4,3,2,1,2,2,1,4,3,2,1,2,2,3,4,2,3,1,1,1,3,2,1,3,4,3,3,4,3,1,2,3,3,1,1,4,3,3,3,2,3,1,3,1,1,1,2,3,1,3,2,3,4,1,2,1,1,4,3,4,1,4,2,1,1,3,2,2,3,3,3,4,3,4,4,2,1,2,1,2,3,4,4,4,2,3,2,1,3,1,4,4,4,4,1,1,1,1,1,4,4,4,2,4,2,1,3,3,2,4,2,1,1,3,4,2,2,1,1,4,2,1,1,2,2,4,2,2,3,4,2,1,1,1,3,1,2,2,2,2,4,1,2,4,2,4,2,3,3,2,1,1,4,4,4,3,1,3,4,4,2,2,2,3,1,4,1,3,1,1,2,2,2,1,4,1,2,2,4,4,2,2,3,3,4,4,3,1,1,3,1,2,1,4,3,1,1,2,2,3,4,4,2,1,2,1,2,2,3,2,1,1,3,1,3,1,3,1,1,4,3,2,1,1,3,2,2,4,4,2,3,3,1,4,4,4,2,3,2,3,4,3,3,4,3,2,1,1,1,2,3,2,3,4,3,1,4,3,4,3,2,3,1,2,2,1,1,1,4,3,2,2,4,3,1,4,3,3,2,2,3,4,2,3,3,2,2,2,2,4,1,2,4,3,1,2,3,4,4,1,1,3,1,3,2,3,2,1,1,1,3,4,4,2,1,1,2,3,2,2,2,2,3,3,3,1,1,2,2,2,4,2,4,1,3,1,2,3,4,3,3,2,4,3,4,3,1,3,2,2,2,4,1,4,3,4,4,2,3,4,4,2,2,2,3,3,2,1,4,2,2,3,1,1,4,2,2,4,1,1,2,2,3,2,1,2,2,4,1,1,1,1,3,4,1,4,3,3,1,2,1,4,1,1,2,3,4,3,2,1,3,1,1,3,4,2,4,3,2,1,1,1,1,1,1,2,3,4,2,4,3,4,3,1,2,2,3,1,3,1,3,3,1,2,1,3,3,2,1,2,4,4,4,4,1,4,2,4,4,3,2,2,2,4,2,2,3,2,4,2,3,2,4,2,2,2,4,3,1,4,4,1,2,1,1,1,2,3,1,1,3,3,3,4,3,4,3,3,3,4,1,3,3,4,1,4,1,3,4,1,4,2,2,3,4,4,3,2,3,2,2,3,4,3,1,2,4,3,3,4,2,1,1,3,1,4,3,1,3,2,1,4,1,1,3,3,2,3,3,1,3,2,4,2,2,1,1,2,1,1,4,4,1,2,1,2,2,2,3,4,1,2,4,1,1,3,4,2,2,4,3,4,2,3,1,4,3,3,2,1,1,4,3,2,2,3,1,4,1,3,1,1,4,1,4,4,3,4,3,2,3,2,1,2,2,2,1,1,1,2,3,4,1,1,3,3,3,1,4,2,3,4,1,2,3,2,1,3,4,4,2,4,4,1,1,4,2,4,1,2,2,3,3,4,3,1,2,1,3,1,2,3,1,1,3,2,4,1,2,3,1,2,2,2,2,1,2,1,3,4,1,3,2,3,2,1,2,1,1,1,4,3,4,2,2,1,1,1,2,2,2,4,4,2,1,4,4,1,3,3,2,4,3,3,3,1,1,1,2,2,3,3,4,1,1,1,2,3,2,2,4,1,2,3,3,1,2,2,3,1,3,1,1,3,2,2,1,3,2,4,2,1,2,3,4,4,2,1,2,2,4,3,4,1,4,3,1,1,2,3,4,1,3,3,1,3,2,1,3,2,3,3,2,2,2,3,3,1,3,1,4,1,1,4,1,1,4,4,2,1,2,4,1,2,4,2,1,4,1,4,1,2,1,2,1,3,2,1,1,1,3,4,1,3,1,2,2,1,2,4,1,4,1,2,3,1,2,2,3,1,3,3,1,3,4"
182,0.9886279079380575,0.5196078431372549,2329.0,"2,2,3,4,1,1,4,1,1,2,4,1,1,4,2,2,3,4,1,1,4,4,4,2,1,1,4,3,1,2,2,2,3,3,3,3,1,2,1,3,2,3,4,4,4,3,1,4,4,3,4,1,3,2,1,1,2,1,1,4,3,1,1,3,4,1,4,2,3,1,1,2,4,4,3,1,3,2,4,2,3,1,1,3,1,3,3,3,4,1,2,1,3,4,4,2,4,4,2,2,4,3,3,3,3,4,3,1,2,1,1,2,2,2,4,1,4,2,3,2,1,3,4,4,4,4,1,2,1,3,1,2,2,2,3,2,1,4,2,1,4,2,1,1,3,3,2,1,2,2,4,1,1,2,2,2,4,1,2,1,3,2,3,2,2,3,1,2,1,1,3,4,2,3,3,1,2,2,2,2,3,3,3,4,2,4,4,3,2,2,2,4,1,2,1,1,2,2,3,2,1,4,3,4,3,4,2,1,3,3,1,2,1,1,3,3,2,2,2,2,1,2,4,4,3,3,1,3,1,4,3,1,3,3,3,1,2,4,1,3,1,1,4,2,1,2,4,2,3,3,1,3,2,1,1,2,1,4,2,2,1,2,1,3,2,3,2,1,4,3,4,4,2,2,2,3,2,4,2,2,1,4,2,3,2,1,1,3,3,1,2,1,4,4,3,1,3,4,1,4,1,2,4,1,2,1,4,1,4,4,4,2,2,4,4,2,2,3,2,3,4,3,4,1,2,4,1,2,4,1,1,2,3,3,3,4,2,3,1,1,1,4,3,3,2,2,1,2,4,1,3,4,3,4,1,2,2,2,2,1,2,3,2,4,3,3,1,2,2,1,4,1,4,2,1,2,4,1,1,4,4,3,2,2,1,1,3,4,3,3,4,2,4,1,1,3,2,2,3,3,2,4,1,3,2,3,1,2,3,3,1,4,3,3,1,1,4,2,1,4,1,4,1,3,2,3,2,4,3,3,4,1,3,2,3,3,2,1,3,3,2,1,4,3,4,3,1,3,1,3,4,3,4,2,2,3,4,2,3,3,2,4,1,3,1,2,3,2,1,3,2,4,4,3,2,4,3,2,2,3,4,2,4,4,3,4,3,2,4,2,1,2,1,3,3,1,1,3,3,2,3,3,4,1,2,1,3,3,2,1,3,1,2,1,1,2,4,2,3,1,1,1,4,4,1,4,2,2,1,4,2,4,2,2,2,1,4,2,3,3,2,4,1,1,1,2,1,1,2,2,2,2,1,3,4,1,3,4,3,2,1,4,3,1,1,2,2,3,3,2,2,1,4,1,1,1,2,4,2,1,2,4,2,3,3,2,1,1,4,1,3,4,1,4,3,2,2,1,4,2,3,2,3,1,1,2,2,3,3,3,2,2,3,1,2,3,2,4,1,1,3,3,2,1,3,3,1,3,1,3,2,3,1,1,3,2,1,1,1,2,4,3,2,4,3,2,4,3,3,2,4,2,4,1,1,3,3,3,3,4,4,3,4,1,1,4,2,1,2,1,4,4,3,3,1,2,2,2,1,2,4,2,1,3,3,4,1,4,1,1,3,2,1,4,3,1,4,1,1,1,4,4,3,4,3,3,3,2,2,3,4,3,1,3,4,3,1,2,4,4,4,3,3,2,1,4,2,1,2,3,1,2,1,1,2,4,2,4,2,1,2,1,3,1,3,4,2,3,2,3,3,3,4,1,4,3,2,1,3,1,3,1,1,4,2,4,1,1,2,3,1,4,4,2,1,3,4,3,2,3,2,4,2,1,3,4,1,3,2,2,3,2,3,1,3,4,4,2,3,1,2,2,1,4,1,1,1,1,3,1,4,1,4,3,2,4,3,1,3,1,4,1,3,4,1,1,1,2,2,3,3,1,4,2,1,4,3,2,1,2,2,1,4,3,2,1,2,2,3,4,2,3,1,1,1,3,2,1,3,4,3,3,4,3,1,2,3,3,1,1,4,3,3,3,2,3,1,3,1,1,1,2,3,1,3,2,3,4,1,2,1,1,4,3,4,1,4,2,1,1,3,2,2,3,3,3,4,3,4,4,2,1,2,1,2,3,4,4,4,2,3,2,1,3,1,4,4,4,4,1,1,1,1,1,4,4,4,2,4,2,1,3,3,2,4,2,1,1,3,4,2,2,1,1,4,2,1,1,2,2,4,2,2,3,4,2,1,1,1,3,1,2,2,2,2,4,1,2,4,2,4,2,3,3,2,1,1,4,4,4,3,1,3,4,4,2,2,2,3,1,4,1,3,1,1,2,2,2,1,4,1,2,2,4,4,2,2,3,3,4,4,3,1,1,3,1,2,1,4,3,1,1,2,2,3,4,4,2,1,2,1,2,2,3,2,1,1,3,1,3,1,3,1,1,4,3,2,1,1,3,2,2,4,4,2,3,3,1,4,4,4,2,3,2,3,4,3,3,4,3,2,1,1,1,2,3,2,3,4,3,1,4,3,4,3,2,3,1,2,2,1,1,1,4,3,2,2,4,3,1,4,3,3,2,2,3,4,2,3,3,2,2,2,2,4,1,2,4,3,1,2,3,4,4,1,1,3,1,3,2,3,2,1,1,1,3,4,4,2,1,1,2,3,2,2,2,2,3,3,3,1,1,2,2,2,4,2,4,1,3,1,2,3,4,3,3,2,4,3,4,3,1,3,2,2,2,4,1,4,3,4,4,2,3,4,4,2,2,2,3,3,2,1,4,2,2,3,1,1,4,2,2,4,1,1,2,2,3,2,1,2,2,4,1,1,1,1,3,4,1,4,3,3,1,2,1,4,1,1,2,3,4,3,2,1,3,1,1,3,4,2,4,3,2,1,1,1,1,1,1,2,3,4,2,4,3,4,3,1,2,2,3,1,3,1,3,3,1,2,1,3,3,2,1,2,4,4,4,4,1,4,2,4,4,3,2,2,2,4,2,2,3,2,4,2,3,2,4,2,2,2,4,3,1,4,4,1,2,1,1,1,2,3,1,1,3,3,3,4,3,4,3,3,3,4,1,3,3,4,1,4,1,3,4,1,4,2,2,3,4,4,3,2,3,2,2,3,4,3,1,2,4,3,3,4,2,1,1,3,1,4,3,1,3,2,1,4,1,1,3,3,2,3,3,1,3,2,4,2,2,1,1,2,1,1,4,4,1,2,1,2,2,2,3,4,1,2,4,1,1,3,4,2,2,4,3,4,2,3,1,4,3,3,2,1,1,4,3,2,2,3,1,4,1,3,1,1,4,1,4,4,3,4,3,2,3,2,1,2,2,2,1,1,1,2,3,4,1,1,3,3,3,1,4,2,3,4,1,2,3,2,1,3,4,4,2,4,4,1,1,4,2,4,1,2,2,3,3,4,3,1,2,1,3,1,2,3,1,1,3,2,4,1,2,3,1,2,2,2,2,1,2,1,3,4,1,3,2,3,2,1,2,1,1,1,4,3,4,2,2,1,1,1,2,2,2,4,4,2,1,4,4,1,3,3,2,4,3,3,3,1,1,1,2,2,3,3,4,1,1,1,2,3,2,2,4,1,2,3,3,1,2,2,3,1,3,1,1,3,2,2,1,3,2,4,2,1,2,3,4,4,2,1,2,2,4,3,4,1,4,3,1,1,2,3,4,1,3,3,1,3,2,1,3,2,3,3,2,2,2,3,3,1,3,1,4,1,1,4,1,1,4,4,2,1,2,4,1,2,4,2,1,4,1,4,1,2,1,2,1,3,2,1,1,1,3,4,1,3,1,2,2,1,2,4,1,4,1,2,3,1,2,2,3,1,3,3,1,3,4"
183,0.9886279079380575,0.5196078431372549,2329.0,"2,2,3,4,1,1,4,1,1,2,4,1,1,4,2,2,3,4,1,1,4,4,4,2,1,1,4,3,1,2,2,2,3,3,3,3,1,2,1,3,2,3,4,4,4,3,1,4,4,3,4,1,3,2,1,1,2,1,1,4,3,1,1,3,4,1,4,2,3,1,1,2,4,4,3,1,3,2,4,2,3,1,1,3,1,3,3,3,4,1,2,1,3,4,4,2,4,4,2,2,4,3,3,3,3,4,3,1,2,1,1,2,2,2,4,1,4,2,3,2,1,3,4,4,4,4,1,2,1,3,1,2,2,2,3,2,1,4,2,1,4,2,1,1,3,3,2,1,2,2,4,1,1,2,2,2,4,1,2,1,3,2,3,2,2,3,1,2,1,1,3,4,2,3,3,1,2,2,2,2,3,3,3,4,2,4,4,3,2,2,2,4,1,2,1,1,2,2,3,2,1,4,3,4,3,4,2,1,3,3,1,2,1,1,3,3,2,2,2,2,1,2,4,4,3,3,1,3,1,4,3,1,3,3,3,1,2,4,1,3,1,1,4,2,1,2,4,2,3,3,1,3,2,1,1,2,1,4,2,2,1,2,1,3,2,3,2,1,4,3,4,4,2,2,2,3,2,4,2,2,1,4,2,3,2,1,1,3,3,1,2,1,4,4,3,1,3,4,1,4,1,2,4,1,2,1,4,1,4,4,4,2,2,4,4,2,2,3,2,3,4,3,4,1,2,4,1,2,4,1,1,2,3,3,3,4,2,3,1,1,1,4,3,3,2,2,1,2,4,1,3,4,3,4,1,2,2,2,2,1,2,3,2,4,3,3,1,2,2,1,4,1,4,2,1,2,4,1,1,4,4,3,2,2,1,1,3,4,3,3,4,2,4,1,1,3,2,2,3,3,2,4,1,3,2,3,1,2,3,3,1,4,3,3,1,1,4,2,1,4,1,4,1,3,2,3,2,4,3,3,4,1,3,2,3,3,2,1,3,3,2,1,4,3,4,3,1,3,1,3,4,3,4,2,2,3,4,2,3,3,2,4,1,3,1,2,3,2,1,3,2,4,4,3,2,4,3,2,2,3,4,2,4,4,3,4,3,2,4,2,1,2,1,3,3,1,1,3,3,2,3,3,4,1,2,1,3,3,2,1,3,1,2,1,1,2,4,2,3,1,1,1,4,4,1,4,2,2,1,4,2,4,2,2,2,1,4,2,3,3,2,4,1,1,1,2,1,1,2,2,2,2,1,3,4,1,3,4,3,2,1,4,3,1,1,2,2,3,3,2,2,1,4,1,1,1,2,4,2,1,2,4,2,3,3,2,1,1,4,1,3,4,1,4,3,2,2,1,4,2,3,2,3,1,1,2,2,3,3,3,2,2,3,1,2,3,2,4,1,1,3,3,2,1,3,3,1,3,1,3,2,3,1,1,3,2,1,1,1,2,4,3,2,4,3,2,4,3,3,2,4,2,4,1,1,3,3,3,3,4,4,3,4,1,1,4,2,1,2,1,4,4,3,3,1,2,2,2,1,2,4,2,1,3,3,4,1,4,1,1,3,2,1,4,3,1,4,1,1,1,4,4,3,4,3,3,3,2,2,3,4,3,1,3,4,3,1,2,4,4,4,3,3,2,1,4,2,1,2,3,1,2,1,1,2,4,2,4,2,1,2,1,3,1,3,4,2,3,2,3,3,3,4,1,4,3,2,1,3,1,3,1,1,4,2,4,1,1,2,3,1,4,4,2,1,3,4,3,2,3,2,4,2,1,3,4,1,3,2,2,3,2,3,1,3,4,4,2,3,1,2,2,1,4,1,1,1,1,3,1,4,1,4,3,2,4,3,1,3,1,4,1,3,4,1,1,1,2,2,3,3,1,4,2,1,4,3,2,1,2,2,1,4,3,2,1,2,2,3,4,2,3,1,1,1,3,2,1,3,4,3,3,4,3,1,2,3,3,1,1,4,3,3,3,2,3,1,3,1,1,1,2,3,1,3,2,3,4,1,2,1,1,4,3,4,1,4,2,1,1,3,2,2,3,3,3,4,3,4,4,2,1,2,1,2,3,4,4,4,2,3,2,1,3,1,4,4,4,4,1,1,1,1,1,4,4,4,2,4,2,1,3,3,2,4,2,1,1,3,4,2,2,1,1,4,2,1,1,2,2,4,2,2,3,4,2,1,1,1,3,1,2,2,2,2,4,1,2,4,2,4,2,3,3,2,1,1,4,4,4,3,1,3,4,4,2,2,2,3,1,4,1,3,1,1,2,2,2,1,4,1,2,2,4,4,2,2,3,3,4,4,3,1,1,3,1,2,1,4,3,1,1,2,2,3,4,4,2,1,2,1,2,2,3,2,1,1,3,1,3,1,3,1,1,4,3,2,1,1,3,2,2,4,4,2,3,3,1,4,4,4,2,3,2,3,4,3,3,4,3,2,1,1,1,2,3,2,3,4,3,1,4,3,4,3,2,3,1,2,2,1,1,1,4,3,2,2,4,3,1,4,3,3,2,2,3,4,2,3,3,2,2,2,2,4,1,2,4,3,1,2,3,4,4,1,1,3,1,3,2,3,2,1,1,1,3,4,4,2,1,1,2,3,2,2,2,2,3,3,3,1,1,2,2,2,4,2,4,1,3,1,2,3,4,3,3,2,4,3,4,3,1,3,2,2,2,4,1,4,3,4,4,2,3,4,4,2,2,2,3,3,2,1,4,2,2,3,1,1,4,2,2,4,1,1,2,2,3,2,1,2,2,4,1,1,1,1,3,4,1,4,3,3,1,2,1,4,1,1,2,3,4,3,2,1,3,1,1,3,4,2,4,3,2,1,1,1,1,1,1,2,3,4,2,4,3,4,3,1,2,2,3,1,3,1,3,3,1,2,1,3,3,2,1,2,4,4,4,4,1,4,2,4,4,3,2,2,2,4,2,2,3,2,4,2,3,2,4,2,2,2,4,3,1,4,4,1,2,1,1,1,2,3,1,1,3,3,3,4,3,4,3,3,3,4,1,3,3,4,1,4,1,3,4,1,4,2,2,3,4,4,3,2,3,2,2,3,4,3,1,2,4,3,3,4,2,1,1,3,1,4,3,1,3,2,1,4,1,1,3,3,2,3,3,1,3,2,4,2,2,1,1,2,1,1,4,4,1,2,1,2,2,2,3,4,1,2,4,1,1,3,4,2,2,4,3,4,2,3,1,4,3,3,2,1,1,4,3,2,2,3,1,4,1,3,1,1,4,1,4,4,3,4,3,2,3,2,1,2,2,2,1,1,1,2,3,4,1,1,3,3,3,1,4,2,3,4,1,2,3,2,1,3,4,4,2,4,4,1,1,4,2,4,1,2,2,3,3,4,3,1,2,1,3,1,2,3,1,1,3,2,4,1,2,3,1,2,2,2,2,1,2,1,3,4,1,3,2,3,2,1,2,1,1,1,4,3,4,2,2,1,1,1,2,2,2,4,4,2,1,4,4,1,3,3,2,4,3,3,3,1,1,1,2,2,3,3,4,1,1,1,2,3,2,2,4,1,2,3,3,1,2,2,3,1,3,1,1,3,2,2,1,3,2,4,2,1,2,3,4,4,2,1,2,2,4,3,4,1,4,3,1,1,2,3,4,1,3,3,1,3,2,1,3,2,3,3,2,2,2,3,3,1,3,1,4,1,1,4,1,1,4,4,2,1,2,4,1,2,4,2,1,4,1,4,1,2,1,2,1,3,2,1,1,1,3,4,1,3,1,2,2,1,2,4,1,4,1,2,3,1,2,2,3,1,3,3,1,3,4"
184,0.9886279079380575,0.5196078431372549,2329.0,"2,2,3,4,1,1,4,1,1,2,4,1,1,4,2,2,3,4,1,1,4,4,4,2,1,1,4,3,1,2,2,2,3,3,3,3,1,2,1,3,2,3,4,4,4,3,1,4,4,3,4,1,3,2,1,1,2,1,1,4,3,1,1,3,4,1,4,2,3,1,1,2,4,4,3,1,3,2,4,2,3,1,1,3,1,3,3,3,4,1,2,1,3,4,4,2,4,4,2,2,4,3,3,3,3,4,3,1,2,1,1,2,2,2,4,1,4,2,3,2,1,3,4,4,4,4,1,2,1,3,1,2,2,2,3,2,1,4,2,1,4,2,1,1,3,3,2,1,2,2,4,1,1,2,2,2,4,1,2,1,3,2,3,2,2,3,1,2,1,1,3,4,2,3,3,1,2,2,2,2,3,3,3,4,2,4,4,3,2,2,2,4,1,2,1,1,2,2,3,2,1,4,3,4,3,4,2,1,3,3,1,2,1,1,3,3,2,2,2,2,1,2,4,4,3,3,1,3,1,4,3,1,3,3,3,1,2,4,1,3,1,1,4,2,1,2,4,2,3,3,1,3,2,1,1,2,1,4,2,2,1,2,1,3,2,3,2,1,4,3,4,4,2,2,2,3,2,4,2,2,1,4,2,3,2,1,1,3,3,1,2,1,4,4,3,1,3,4,1,4,1,2,4,1,2,1,4,1,4,4,4,2,2,4,4,2,2,3,2,3,4,3,4,1,2,4,1,2,4,1,1,2,3,3,3,4,2,3,1,1,1,4,3,3,2,2,1,2,4,1,3,4,3,4,1,2,2,2,2,1,2,3,2,4,3,3,1,2,2,1,4,1,4,2,1,2,4,1,1,4,4,3,2,2,1,1,3,4,3,3,4,2,4,1,1,3,2,2,3,3,2,4,1,3,2,3,1,2,3,3,1,4,3,3,1,1,4,2,1,4,1,4,1,3,2,3,2,4,3,3,4,1,3,2,3,3,2,1,3,3,2,1,4,3,4,3,1,3,1,3,4,3,4,2,2,3,4,2,3,3,2,4,1,3,1,2,3,2,1,3,2,4,4,3,2,4,3,2,2,3,4,2,4,4,3,4,3,2,4,2,1,2,1,3,3,1,1,3,3,2,3,3,4,1,2,1,3,3,2,1,3,1,2,1,1,2,4,2,3,1,1,1,4,4,1,4,2,2,1,4,2,4,2,2,2,1,4,2,3,3,2,4,1,1,1,2,1,1,2,2,2,2,1,3,4,1,3,4,3,2,1,4,3,1,1,2,2,3,3,2,2,1,4,1,1,1,2,4,2,1,2,4,2,3,3,2,1,1,4,1,3,4,1,4,3,2,2,1,4,2,3,2,3,1,1,2,2,3,3,3,2,2,3,1,2,3,2,4,1,1,3,3,2,1,3,3,1,3,1,3,2,3,1,1,3,2,1,1,1,2,4,3,2,4,3,2,4,3,3,2,4,2,4,1,1,3,3,3,3,4,4,3,4,1,1,4,2,1,2,1,4,4,3,3,1,2,2,2,1,2,4,2,1,3,3,4,1,4,1,1,3,2,1,4,3,1,4,1,1,1,4,4,3,4,3,3,3,2,2,3,4,3,1,3,4,3,1,2,4,4,4,3,3,2,1,4,2,1,2,3,1,2,1,1,2,4,2,4,2,1,2,1,3,1,3,4,2,3,2,3,3,3,4,1,4,3,2,1,3,1,3,1,1,4,2,4,1,1,2,3,1,4,4,2,1,3,4,3,2,3,2,4,2,1,3,4,1,3,2,2,3,2,3,1,3,4,4,2,3,1,2,2,1,4,1,1,1,1,3,1,4,1,4,3,2,4,3,1,3,1,4,1,3,4,1,1,1,2,2,3,3,1,4,2,1,4,3,2,1,2,2,1,4,3,2,1,2,2,3,4,2,3,1,1,1,3,2,1,3,4,3,3,4,3,1,2,3,3,1,1,4,3,3,3,2,3,1,3,1,1,1,2,3,1,3,2,3,4,1,2,1,1,4,3,4,1,4,2,1,1,3,2,2,3,3,3,4,3,4,4,2,1,2,1,2,3,4,4,4,2,3,2,1,3,1,4,4,4,4,1,1,1,1,1,4,4,4,2,4,2,1,3,3,2,4,2,1,1,3,4,2,2,1,1,4,2,1,1,2,2,4,2,2,3,4,2,1,1,1,3,1,2,2,2,2,4,1,2,4,2,4,2,3,3,2,1,1,4,4,4,3,1,3,4,4,2,2,2,3,1,4,1,3,1,1,2,2,2,1,4,1,2,2,4,4,2,2,3,3,4,4,3,1,1,3,1,2,1,4,3,1,1,2,2,3,4,4,2,1,2,1,2,2,3,2,1,1,3,1,3,1,3,1,1,4,3,2,1,1,3,2,2,4,4,2,3,3,1,4,4,4,2,3,2,3,4,3,3,4,3,2,1,1,1,2,3,2,3,4,3,1,4,3,4,3,2,3,1,2,2,1,1,1,4,3,2,2,4,3,1,4,3,3,2,2,3,4,2,3,3,2,2,2,2,4,1,2,4,3,1,2,3,4,4,1,1,3,1,3,2,3,2,1,1,1,3,4,4,2,1,1,2,3,2,2,2,2,3,3,3,1,1,2,2,2,4,2,4,1,3,1,2,3,4,3,3,2,4,3,4,3,1,3,2,2,2,4,1,4,3,4,4,2,3,4,4,2,2,2,3,3,2,1,4,2,2,3,1,1,4,2,2,4,1,1,2,2,3,2,1,2,2,4,1,1,1,1,3,4,1,4,3,3,1,2,1,4,1,1,2,3,4,3,2,1,3,1,1,3,4,2,4,3,2,1,1,1,1,1,1,2,3,4,2,4,3,4,3,1,2,2,3,1,3,1,3,3,1,2,1,3,3,2,1,2,4,4,4,4,1,4,2,4,4,3,2,2,2,4,2,2,3,2,4,2,3,2,4,2,2,2,4,3,1,4,4,1,2,1,1,1,2,3,1,1,3,3,3,4,3,4,3,3,3,4,1,3,3,4,1,4,1,3,4,1,4,2,2,3,4,4,3,2,3,2,2,3,4,3,1,2,4,3,3,4,2,1,1,3,1,4,3,1,3,2,1,4,1,1,3,3,2,3,3,1,3,2,4,2,2,1,1,2,1,1,4,4,1,2,1,2,2,2,3,4,1,2,4,1,1,3,4,2,2,4,3,4,2,3,1,4,3,3,2,1,1,4,3,2,2,3,1,4,1,3,1,1,4,1,4,4,3,4,3,2,3,2,1,2,2,2,1,1,1,2,3,4,1,1,3,3,3,1,4,2,3,4,1,2,3,2,1,3,4,4,2,4,4,1,1,4,2,4,1,2,2,3,3,4,3,1,2,1,3,1,2,3,1,1,3,2,4,1,2,3,1,2,2,2,2,1,2,1,3,4,1,3,2,3,2,1,2,1,1,1,4,3,4,2,2,1,1,1,2,2,2,4,4,2,1,4,4,1,3,3,2,4,3,3,3,1,1,1,2,2,3,3,4,1,1,1,2,3,2,2,4,1,2,3,3,1,2,2,3,1,3,1,1,3,2,2,1,3,2,4,2,1,2,3,4,4,2,1,2,2,4,3,4,1,4,3,1,1,2,3,4,1,3,3,1,3,2,1,3,2,3,3,2,2,2,3,3,1,3,1,4,1,1,4,1,1,4,4,2,1,2,4,1,2,4,2,1,4,1,4,1,2,1,2,1,3,2,1,1,1,3,4,1,3,1,2,2,1,2,4,1,4,1,2,3,1,2,2,3,1,3,3,1,3,4"
185,0.988619593680693,0.48039215686274517,2333.0,"2,2,3,4,1,1,4,1,1,2,4,1,1,4,2,2,3,4,1,1,4,4,4,2,1,1,4,3,1,2,2,2,3,3,3,3,1,2,1,3,2,3,4,4,4,3,1,4,4,3,4,1,3,2,1,1,2,1,1,4,3,1,1,3,4,1,4,2,3,1,1,2,4,4,3,1,3,2,4,2,3,1,1,3,1,3,3,3,4,1,2,1,3,4,4,2,4,4,2,2,4,3,3,3,3,4,3,1,2,1,1,2,2,2,4,1,4,2,3,2,1,3,4,4,4,4,1,2,1,3,1,2,2,2,3,2,1,4,2,1,4,2,1,1,3,3,2,1,2,2,4,1,1,2,2,2,4,1,2,1,3,2,3,2,2,3,1,2,1,1,3,4,2,3,3,1,2,2,2,2,3,3,3,4,2,4,4,3,2,2,2,4,1,2,1,1,2,2,3,2,1,4,3,4,3,4,2,1,3,3,1,2,1,1,3,3,2,2,2,2,1,2,4,4,3,3,1,3,1,4,3,1,3,3,3,1,2,4,1,3,1,1,4,2,1,2,4,2,3,3,1,3,2,1,1,2,1,4,2,2,1,2,1,3,2,3,2,1,4,3,4,4,2,2,2,3,2,4,2,2,1,4,2,3,2,1,1,3,3,1,2,1,4,4,3,1,3,4,1,4,1,2,4,1,2,1,4,1,4,4,4,2,2,4,4,2,2,3,2,3,4,3,4,1,2,4,1,2,4,1,1,2,3,3,3,4,2,3,1,1,1,4,3,3,2,2,1,2,4,1,3,4,3,4,1,2,2,2,2,1,2,3,2,4,3,3,1,2,2,1,4,1,4,2,1,2,4,1,1,4,4,3,2,2,1,1,3,4,3,3,4,2,4,1,1,3,2,2,3,3,2,4,1,3,2,3,1,2,3,3,1,4,3,3,1,1,4,2,1,4,1,4,1,3,2,3,2,4,3,3,4,1,3,2,3,3,2,1,3,3,2,1,4,3,4,3,1,3,1,3,4,3,4,2,2,3,4,2,3,3,2,4,1,3,1,2,3,2,1,3,2,4,4,3,2,4,3,2,2,3,4,2,4,4,3,4,3,2,4,2,1,2,1,3,3,1,1,3,3,2,3,3,4,1,2,1,3,3,2,1,3,1,2,1,1,2,4,2,3,1,1,1,4,4,1,4,2,2,1,4,2,4,2,2,2,1,4,2,3,3,2,4,1,1,1,2,1,1,2,2,2,2,1,3,4,1,3,4,3,2,1,4,3,1,1,2,2,3,3,2,2,1,4,1,1,1,2,4,2,1,2,4,2,3,3,2,1,1,4,1,3,4,1,4,3,2,2,1,4,2,3,2,3,1,1,2,2,3,3,3,2,2,3,1,2,3,2,4,1,1,3,3,2,1,3,3,1,3,1,3,2,3,1,1,3,2,1,1,1,2,4,3,2,4,3,2,4,3,3,2,4,2,4,1,1,3,3,3,3,4,4,3,4,1,1,4,2,1,2,1,4,4,3,3,1,2,2,2,1,2,4,2,1,3,3,4,1,4,1,1,3,2,1,4,3,1,4,1,1,1,4,4,3,4,3,3,3,2,2,3,4,3,1,3,4,3,1,2,4,4,4,3,3,2,1,4,2,1,2,3,1,2,1,1,2,4,2,4,2,1,2,1,3,1,3,4,2,3,2,3,3,3,4,1,4,3,2,1,3,1,3,1,1,4,2,4,1,1,2,3,1,4,4,2,1,3,4,3,2,3,2,4,2,1,3,4,1,3,2,2,3,2,3,1,3,4,4,2,3,1,2,2,1,4,1,1,1,1,3,1,4,1,4,3,2,4,3,1,3,1,4,1,3,4,1,1,1,2,2,3,3,1,4,2,1,4,3,2,1,2,2,1,4,3,2,1,2,2,3,4,2,3,1,1,1,3,2,1,3,4,3,3,4,3,1,2,3,3,1,1,4,3,3,3,2,3,1,3,1,1,1,2,3,1,3,2,3,4,1,2,1,1,4,3,4,1,4,2,1,1,3,2,2,3,3,3,4,3,4,4,2,1,2,1,2,3,4,4,4,2,3,2,1,3,1,4,4,4,4,1,1,1,1,1,4,4,4,2,4,2,1,3,3,2,4,2,1,1,3,4,2,2,1,1,4,2,1,1,2,2,4,2,2,3,4,2,1,1,1,3,1,2,2,2,2,4,1,2,4,2,4,2,3,3,2,1,1,4,4,4,3,1,3,4,4,2,2,2,3,1,4,1,3,1,1,2,2,2,1,4,1,2,2,4,4,2,2,3,3,4,4,3,1,1,3,1,2,1,4,3,1,1,2,2,3,4,4,2,1,2,1,2,2,3,2,1,1,3,1,3,1,3,1,1,4,3,2,1,1,3,2,2,4,4,2,3,3,1,4,4,4,2,3,2,3,4,3,3,4,3,2,1,1,1,2,3,2,3,4,3,1,4,3,4,3,2,3,1,2,2,1,1,1,4,3,2,2,4,3,1,4,3,3,2,2,3,4,2,3,3,2,2,2,2,4,1,2,4,3,1,2,3,4,4,1,1,3,1,3,2,3,2,1,1,1,3,4,4,2,1,1,2,3,2,2,2,2,3,3,3,1,1,2,2,2,4,2,4,1,3,1,2,3,4,3,3,2,4,3,4,3,1,3,2,2,2,4,1,4,3,4,4,2,3,4,4,2,2,2,3,3,2,1,4,2,2,3,1,1,4,2,2,4,1,1,2,2,3,2,1,2,2,4,1,1,1,1,3,4,1,4,3,3,1,2,1,4,1,1,2,3,4,3,2,1,3,1,1,3,4,2,4,3,2,1,1,1,1,1,1,2,3,4,2,4,3,4,3,1,2,2,3,1,3,1,3,3,1,2,1,3,3,2,1,2,4,4,4,4,1,4,2,4,4,3,2,2,2,4,2,2,3,2,4,2,3,2,4,2,2,2,4,3,1,4,4,1,2,1,1,1,2,3,1,1,3,3,3,4,3,4,3,3,3,4,1,3,3,4,1,4,1,3,4,1,4,2,2,3,4,4,3,2,3,2,2,3,4,3,1,2,4,3,3,4,2,1,1,3,1,4,3,1,3,2,1,4,1,1,3,3,2,3,3,1,3,2,4,2,2,1,1,2,1,1,4,4,1,2,1,2,2,2,3,4,1,2,4,1,1,3,4,2,2,4,3,4,2,3,1,4,3,3,2,1,1,4,3,2,2,3,1,4,1,3,1,1,4,1,4,4,3,4,3,2,3,2,1,2,2,2,1,1,1,2,3,4,1,1,3,3,3,1,4,2,3,4,1,2,3,2,1,3,4,4,2,4,4,1,1,4,2,4,1,2,2,3,3,4,3,1,2,1,3,1,2,3,1,1,3,2,4,1,2,3,1,2,2,2,2,1,2,1,3,4,1,3,2,3,2,1,2,4,2,4,2,4,2,3,1,1,1,1,2,2,2,4,4,2,1,4,4,1,3,3,2,4,3,3,3,1,1,1,2,2,3,3,4,1,1,1,2,3,2,2,4,1,2,3,3,1,2,2,3,1,3,1,1,3,2,2,1,3,2,4,2,1,2,3,4,4,2,1,2,2,4,3,4,1,4,3,1,1,2,3,4,1,3,3,1,3,2,1,3,2,3,3,2,2,2,3,3,1,3,1,4,1,1,4,1,1,4,4,2,1,2,4,1,2,4,2,1,4,1,4,1,2,1,2,1,3,2,1,1,1,3,4,1,3,1,2,2,1,2,4,1,4,1,2,3,1,2,2,3,1,3,3,1,3,4"
186,0.9882499014639248,0.28431372549019607,5201.0,"4,12,3,3,2,6,6,3,1,9,4,2,6,2,1,4,1,1,4,2,1,8,4,15,11,3,4,3,1,2,2,2,3,3,3,3,1,2,1,3,2,3,4,4,4,3,1,4,4,3,4,1,3,2,1,1,2,1,1,4,3,1,1,3,4,1,4,2,3,1,1,2,4,4,3,1,3,2,4,2,3,1,1,3,1,3,3,3,4,1,2,1,3,4,4,2,4,4,2,2,4,3,3,3,3,4,3,1,2,1,1,2,2,2,4,1,4,2,3,2,1,3,4,4,4,4,1,2,1,3,1,2,2,2,3,2,1,4,2,1,4,2,1,1,3,3,2,1,2,2,4,1,1,2,2,2,4,1,2,1,3,2,3,2,2,3,1,2,1,1,3,4,2,3,3,1,2,2,2,2,3,3,3,4,2,4,4,3,2,2,2,4,1,2,1,1,2,2,3,2,1,4,3,4,3,4,2,1,3,3,1,2,1,1,3,3,2,2,2,2,1,2,4,4,3,3,1,3,1,4,3,1,3,3,3,1,2,4,1,3,1,1,4,2,1,2,4,2,3,3,1,3,2,1,1,2,1,4,2,2,1,2,1,3,2,3,2,1,4,3,4,4,2,2,2,3,2,4,2,2,1,4,2,3,2,1,1,3,3,1,2,1,4,4,3,1,3,4,1,4,1,2,4,1,2,1,4,1,4,4,4,2,2,4,4,2,2,3,2,3,4,3,4,1,2,4,1,2,4,1,1,2,3,3,3,4,2,3,1,1,1,4,3,3,2,2,1,2,4,1,3,4,3,4,1,2,2,2,2,1,2,3,2,4,3,3,1,2,2,1,4,1,4,2,1,2,4,1,1,4,4,3,2,2,1,1,3,4,3,3,4,2,4,1,1,3,2,2,3,3,2,4,1,3,2,3,1,2,3,10,1,4,3,3,12,1,9,2,1,4,1,4,1,3,2,15,2,4,3,3,4,1,3,2,3,3,14,6,13,3,2,1,15,14,4,8,1,3,11,3,15,3,10,2,10,3,4,2,3,3,2,4,1,3,7,2,3,2,1,3,2,4,4,3,13,4,3,2,2,3,4,2,4,4,15,4,3,9,4,2,10,2,1,5,3,1,1,3,3,2,2,6,4,1,2,1,3,6,2,1,3,1,2,1,1,2,4,2,3,1,1,1,4,4,1,14,2,2,1,4,2,4,2,2,2,1,4,2,3,3,10,4,1,1,1,2,1,1,2,2,2,2,1,3,4,1,3,4,3,2,1,4,3,1,1,2,2,3,6,2,2,1,4,1,1,1,4,4,2,1,2,4,2,3,3,2,9,1,4,1,5,4,1,8,13,2,2,1,4,10,9,2,3,1,13,2,8,13,6,3,2,2,3,1,15,3,2,4,1,1,3,3,2,1,15,3,1,3,1,3,2,3,1,1,3,2,1,1,1,2,12,1,2,4,3,2,4,3,3,2,4,2,4,4,1,14,3,3,3,4,4,3,13,1,1,4,2,1,5,1,4,7,2,3,1,2,9,2,1,2,4,2,1,3,3,4,1,3,1,1,3,4,1,4,3,1,4,1,7,1,1,9,3,4,3,3,3,2,5,3,4,3,1,3,10,3,1,7,4,4,4,3,3,2,1,4,2,6,2,3,1,2,1,1,2,4,7,4,2,8,2,1,3,1,3,4,2,3,2,3,9,3,4,1,3,3,2,1,10,1,3,4,1,13,2,4,1,1,2,3,7,4,4,2,8,3,4,3,2,11,2,4,5,1,15,15,1,3,2,2,3,14,3,12,3,4,4,1,3,1,2,9,1,4,1,2,1,1,3,1,4,1,4,3,4,4,4,11,3,3,2,3,11,14,14,12,8,5,11,11,15,10,12,11,1,8,13,15,4,10,9,1,11,1,9,7,13,6,7,11,12,5,11,9,7,3,9,13,10,3,10,8,7,15,5,10,15,10,11,13,14,14,6,1,13,7,4,9,3,6,7,11,9,15,5,3,2,9,4,8,2,1,2,15,10,14,11,7,4,2,4,14,15,3,11,5,13,12,4,15,9,3,9,9,1,9,1,7,6,8,5,5,7,12,13,6,11,6,7,10,15,1,7,11,6,9,12,10,7,9,2,11,12,7,11,6,10,12,12,7,8,8,14,12,13,14,13,10,15,11,2,3,9,9,2,7,3,15,9,10,7,13,15,2,2,4,1,2,4,2,4,2,3,3,2,1,1,4,4,4,3,1,3,4,4,2,2,2,3,1,4,1,3,1,1,2,2,2,1,4,1,2,9,9,13,12,9,11,12,6,1,11,1,1,7,12,15,2,14,8,7,14,4,2,14,10,10,15,4,15,4,6,9,15,11,5,12,14,7,1,10,8,5,1,1,15,8,2,12,11,6,2,5,11,5,5,11,4,9,2,7,12,3,9,8,7,3,12,7,12,7,11,11,6,13,7,15,3,7,3,4,11,10,7,9,15,2,3,5,3,11,8,11,11,10,2,7,5,2,9,7,15,13,8,3,13,7,11,10,6,15,14,2,2,6,3,8,13,3,12,8,10,6,3,8,9,12,3,11,2,5,3,2,1,6,13,12,3,1,6,5,2,4,12,9,1,11,6,10,2,12,9,14,14,7,2,6,9,9,2,9,5,15,8,14,7,12,3,3,4,1,14,9,15,6,3,5,9,6,8,8,9,9,1,9,6,4,2,9,1,2,14,9,8,15,7,5,9,9,1,2,6,6,4,7,13,2,15,2,1,4,2,4,1,4,3,1,3,2,2,1,3,13,1,1,1,4,3,3,2,4,4,4,4,4,2,2,9,1,4,3,4,1,3,5,3,2,4,4,1,4,3,3,3,1,2,4,3,3,4,1,4,8,3,3,4,4,2,4,11,3,2,2,5,4,2,13,2,4,1,4,3,4,4,3,2,2,2,4,2,2,3,2,13,8,3,2,4,2,2,9,4,1,1,4,4,9,3,3,1,1,2,15,2,3,9,1,1,2,2,4,3,10,3,9,1,3,3,4,15,4,1,3,4,1,4,2,2,3,4,4,3,2,3,2,2,3,4,3,1,2,4,3,3,4,2,1,1,3,1,4,3,1,3,2,1,4,1,1,3,3,2,3,3,1,3,2,4,2,2,1,1,2,1,1,4,4,1,2,1,2,2,2,3,4,1,2,4,1,1,3,4,2,2,4,3,4,2,3,1,4,3,3,2,1,1,4,3,2,2,3,1,4,1,3,1,1,4,1,4,4,3,4,3,2,3,2,1,2,2,2,1,1,1,2,3,4,1,1,3,3,3,1,4,2,3,4,1,2,3,2,1,3,4,4,2,4,4,1,1,4,2,4,1,2,2,3,3,4,3,1,2,1,3,1,2,3,1,1,3,2,4,1,2,3,1,2,2,2,2,1,2,1,3,4,1,3,2,3,2,1,2,4,2,4,2,4,2,3,1,4,2,1,2,10,4,14,4,2,1,4,4,1,9,3,2,4,3,3,6,1,5,1,2,14,3,3,4,1,1,1,2,9,2,2,4,1,2,3,3,1,11,2,3,1,3,11,1,3,2,2,1,3,2,7,7,7,2,3,4,2,2,1,2,2,4,3,4,1,4,3,1,8,2,3,4,1,3,10,1,3,2,6,3,15,3,3,2,5,2,3,3,1,3,1,4,1,14,4,1,1,4,4,2,1,2,4,1,6,4,2,1,4,1,4,1,2,1,2,2,3,2,1,1,1,3,4,1,3,1,2,2,1,2,4,12,4,1,5,3,1,3,1,2,1,3,2,14,3,3"
187,0.9882499014639248,0.28431372549019607,5201.0,"4,12,3,3,2,6,6,3,1,9,4,2,6,2,1,4,1,1,4,2,1,8,4,15,11,3,4,3,1,2,2,2,3,3,3,3,1,2,1,3,2,3,4,4,4,3,1,4,4,3,4,1,3,2,1,1,2,1,1,4,3,1,1,3,4,1,4,2,3,1,1,2,4,4,3,1,3,2,4,2,3,1,1,3,1,3,3,3,4,1,2,1,3,4,4,2,4,4,2,2,4,3,3,3,3,4,3,1,2,1,1,2,2,2,4,1,4,2,3,2,1,3,4,4,4,4,1,2,1,3,1,2,2,2,3,2,1,4,2,1,4,2,1,1,3,3,2,1,2,2,4,1,1,2,2,2,4,1,2,1,3,2,3,2,2,3,1,2,1,1,3,4,2,3,3,1,2,2,2,2,3,3,3,4,2,4,4,3,2,2,2,4,1,2,1,1,2,2,3,2,1,4,3,4,3,4,2,1,3,3,1,2,1,1,3,3,2,2,2,2,1,2,4,4,3,3,1,3,1,4,3,1,3,3,3,1,2,4,1,3,1,1,4,2,1,2,4,2,3,3,1,3,2,1,1,2,1,4,2,2,1,2,1,3,2,3,2,1,4,3,4,4,2,2,2,3,2,4,2,2,1,4,2,3,2,1,1,3,3,1,2,1,4,4,3,1,3,4,1,4,1,2,4,1,2,1,4,1,4,4,4,2,2,4,4,2,2,3,2,3,4,3,4,1,2,4,1,2,4,1,1,2,3,3,3,4,2,3,1,1,1,4,3,3,2,2,1,2,4,1,3,4,3,4,1,2,2,2,2,1,2,3,2,4,3,3,1,2,2,1,4,1,4,2,1,2,4,1,1,4,4,3,2,2,1,1,3,4,3,3,4,2,4,1,1,3,2,2,3,3,2,4,1,3,2,3,1,2,3,10,1,4,3,3,12,1,9,2,1,4,1,4,1,3,2,15,2,4,3,3,4,1,3,2,3,3,14,6,13,3,2,1,15,14,4,8,1,3,11,3,15,3,10,2,10,3,4,2,3,3,2,4,1,3,7,2,3,2,1,3,2,4,4,3,13,4,3,2,2,3,4,2,4,4,15,4,3,9,4,2,10,2,1,5,3,1,1,3,3,2,2,6,4,1,2,1,3,6,2,1,3,1,2,1,1,2,4,2,3,1,1,1,4,4,1,14,2,2,1,4,2,4,2,2,2,1,4,2,3,3,10,4,1,1,1,2,1,1,2,2,2,2,1,3,4,1,3,4,3,2,1,4,3,1,1,2,2,3,6,2,2,1,4,1,1,1,4,4,2,1,2,4,2,3,3,2,9,1,4,1,5,4,1,8,13,2,2,1,4,10,9,2,3,1,13,2,8,13,6,3,2,2,3,1,15,3,2,4,1,1,3,3,2,1,15,3,1,3,1,3,2,3,1,1,3,2,1,1,1,2,12,1,2,4,3,2,4,3,3,2,4,2,4,4,1,14,3,3,3,4,4,3,13,1,1,4,2,1,5,1,4,7,2,3,1,2,9,2,1,2,4,2,1,3,3,4,1,3,1,1,3,4,1,4,3,1,4,1,7,1,1,9,3,4,3,3,3,2,5,3,4,3,1,3,10,3,1,7,4,4,4,3,3,2,1,4,2,6,2,3,1,2,1,1,2,4,7,4,2,8,2,1,3,1,3,4,2,3,2,3,9,3,4,1,3,3,2,1,10,1,3,4,1,13,2,4,1,1,2,3,7,4,4,2,8,3,4,3,2,11,2,4,5,1,15,15,1,3,2,2,3,14,3,12,3,4,4,1,3,1,2,9,1,4,1,2,1,1,3,1,4,1,4,3,4,4,4,11,3,3,2,3,11,14,14,12,8,5,11,11,15,10,12,11,1,8,13,15,4,10,9,1,11,1,9,7,13,6,7,11,12,5,11,9,7,3,9,13,10,3,10,8,7,15,5,10,15,10,11,13,14,14,6,1,13,7,4,9,3,6,7,11,9,15,5,3,2,9,4,8,2,1,2,15,10,14,11,7,4,2,4,14,15,3,11,5,13,12,4,15,9,3,9,9,1,9,1,7,6,8,5,5,7,12,13,6,11,6,7,10,15,1,7,11,6,9,12,10,7,9,2,11,12,7,11,6,10,12,12,7,8,8,14,12,13,14,13,10,15,11,2,3,9,9,2,7,3,15,9,10,7,13,15,2,2,4,1,2,4,2,4,2,3,3,2,1,1,4,4,4,3,1,3,4,4,2,2,2,3,1,4,1,3,1,1,2,2,2,1,4,1,2,9,9,13,12,9,11,12,6,1,11,1,1,7,12,15,2,14,8,7,14,4,2,14,10,10,15,4,15,4,6,9,15,11,5,12,14,7,1,10,8,5,1,1,15,8,2,12,11,6,2,5,11,5,5,11,4,9,2,7,12,3,9,8,7,3,12,7,12,7,11,11,6,13,7,15,3,7,3,4,11,10,7,9,15,2,3,5,3,11,8,11,11,10,2,7,5,2,9,7,15,13,8,3,13,7,11,10,6,15,14,2,2,6,3,8,13,3,12,8,10,6,3,8,9,12,3,11,2,5,3,2,1,6,13,12,3,1,6,5,2,4,12,9,1,11,6,10,2,12,9,14,14,7,2,6,9,9,2,9,5,15,8,14,7,12,3,3,4,1,14,9,15,6,3,5,9,6,8,8,9,9,1,9,6,4,2,9,1,2,14,9,8,15,7,5,9,9,1,2,6,6,4,7,13,2,15,2,1,4,2,4,1,4,3,1,3,2,2,1,3,13,1,1,1,4,3,3,2,4,4,4,4,4,2,2,9,1,4,3,4,1,3,5,3,2,4,4,1,4,3,3,3,1,2,4,3,3,4,1,4,8,3,3,4,4,2,4,11,3,2,2,5,4,2,13,2,4,1,4,3,4,4,3,2,2,2,4,2,2,3,2,13,8,3,2,4,2,2,9,4,1,1,4,4,9,3,3,1,1,2,15,2,3,9,1,1,2,2,4,3,10,3,9,1,3,3,4,15,4,1,3,4,1,4,2,2,3,4,4,3,2,3,2,2,3,4,3,1,2,4,3,3,4,2,1,1,3,1,4,3,1,3,2,1,4,1,1,3,3,2,3,3,1,3,2,4,2,2,1,1,2,1,1,4,4,1,2,1,2,2,2,3,4,1,2,4,1,1,3,4,2,2,4,3,4,2,3,1,4,3,3,2,1,1,4,3,2,2,3,1,4,1,3,1,1,4,1,4,4,3,4,3,2,3,2,1,2,2,2,1,1,1,2,3,4,1,1,3,3,3,1,4,2,3,4,1,2,3,2,1,3,4,4,2,4,4,1,1,4,2,4,1,2,2,3,3,4,3,1,2,1,3,1,2,3,1,1,3,2,4,1,2,3,1,2,2,2,2,1,2,1,3,4,1,3,2,3,2,1,2,4,2,4,2,4,2,3,1,4,2,1,2,10,4,14,4,2,1,4,4,1,9,3,2,4,3,3,6,1,5,1,2,14,3,3,4,1,1,1,2,9,2,2,4,1,2,3,3,1,11,2,3,1,3,11,1,3,2,2,1,3,2,7,7,7,2,3,4,2,2,1,2,2,4,3,4,1,4,3,1,8,2,3,4,1,3,10,1,3,2,6,3,15,3,3,2,5,2,3,3,1,3,1,4,1,14,4,1,1,4,4,2,1,2,4,1,6,4,2,1,4,1,4,1,2,1,2,2,3,2,1,1,1,3,4,1,3,1,2,2,1,2,4,12,4,1,5,3,1,3,1,2,1,3,2,14,3,3"
188,0.9882499014639248,0.28431372549019607,5201.0,"4,12,3,3,2,6,6,3,1,9,4,2,6,2,1,4,1,1,4,2,1,8,4,15,11,3,4,3,1,2,2,2,3,3,3,3,1,2,1,3,2,3,4,4,4,3,1,4,4,3,4,1,3,2,1,1,2,1,1,4,3,1,1,3,4,1,4,2,3,1,1,2,4,4,3,1,3,2,4,2,3,1,1,3,1,3,3,3,4,1,2,1,3,4,4,2,4,4,2,2,4,3,3,3,3,4,3,1,2,1,1,2,2,2,4,1,4,2,3,2,1,3,4,4,4,4,1,2,1,3,1,2,2,2,3,2,1,4,2,1,4,2,1,1,3,3,2,1,2,2,4,1,1,2,2,2,4,1,2,1,3,2,3,2,2,3,1,2,1,1,3,4,2,3,3,1,2,2,2,2,3,3,3,4,2,4,4,3,2,2,2,4,1,2,1,1,2,2,3,2,1,4,3,4,3,4,2,1,3,3,1,2,1,1,3,3,2,2,2,2,1,2,4,4,3,3,1,3,1,4,3,1,3,3,3,1,2,4,1,3,1,1,4,2,1,2,4,2,3,3,1,3,2,1,1,2,1,4,2,2,1,2,1,3,2,3,2,1,4,3,4,4,2,2,2,3,2,4,2,2,1,4,2,3,2,1,1,3,3,1,2,1,4,4,3,1,3,4,1,4,1,2,4,1,2,1,4,1,4,4,4,2,2,4,4,2,2,3,2,3,4,3,4,1,2,4,1,2,4,1,1,2,3,3,3,4,2,3,1,1,1,4,3,3,2,2,1,2,4,1,3,4,3,4,1,2,2,2,2,1,2,3,2,4,3,3,1,2,2,1,4,1,4,2,1,2,4,1,1,4,4,3,2,2,1,1,3,4,3,3,4,2,4,1,1,3,2,2,3,3,2,4,1,3,2,3,1,2,3,10,1,4,3,3,12,1,9,2,1,4,1,4,1,3,2,15,2,4,3,3,4,1,3,2,3,3,14,6,13,3,2,1,15,14,4,8,1,3,11,3,15,3,10,2,10,3,4,2,3,3,2,4,1,3,7,2,3,2,1,3,2,4,4,3,13,4,3,2,2,3,4,2,4,4,15,4,3,9,4,2,10,2,1,5,3,1,1,3,3,2,2,6,4,1,2,1,3,6,2,1,3,1,2,1,1,2,4,2,3,1,1,1,4,4,1,14,2,2,1,4,2,4,2,2,2,1,4,2,3,3,10,4,1,1,1,2,1,1,2,2,2,2,1,3,4,1,3,4,3,2,1,4,3,1,1,2,2,3,6,2,2,1,4,1,1,1,4,4,2,1,2,4,2,3,3,2,9,1,4,1,5,4,1,8,13,2,2,1,4,10,9,2,3,1,13,2,8,13,6,3,2,2,3,1,15,3,2,4,1,1,3,3,2,1,15,3,1,3,1,3,2,3,1,1,3,2,1,1,1,2,12,1,2,4,3,2,4,3,3,2,4,2,4,4,1,14,3,3,3,4,4,3,13,1,1,4,2,1,5,1,4,7,2,3,1,2,9,2,1,2,4,2,1,3,3,4,1,3,1,1,3,4,1,4,3,1,4,1,7,1,1,9,3,4,3,3,3,2,5,3,4,3,1,3,10,3,1,7,4,4,4,3,3,2,1,4,2,6,2,3,1,2,1,1,2,4,7,4,2,8,2,1,3,1,3,4,2,3,2,3,9,3,4,1,3,3,2,1,10,1,3,4,1,13,2,4,1,1,2,3,7,4,4,2,8,3,4,3,2,11,2,4,5,1,15,15,1,3,2,2,3,14,3,12,3,4,4,1,3,1,2,9,1,4,1,2,1,1,3,1,4,1,4,3,4,4,4,11,3,3,2,3,11,14,14,12,8,5,11,11,15,10,12,11,1,8,13,15,4,10,9,1,11,1,9,7,13,6,7,11,12,5,11,9,7,3,9,13,10,3,10,8,7,15,5,10,15,10,11,13,14,14,6,1,13,7,4,9,3,6,7,11,9,15,5,3,2,9,4,8,2,1,2,15,10,14,11,7,4,2,4,14,15,3,11,5,13,12,4,15,9,3,9,9,1,9,1,7,6,8,5,5,7,12,13,6,11,6,7,10,15,1,7,11,6,9,12,10,7,9,2,11,12,7,11,6,10,12,12,7,8,8,14,12,13,14,13,10,15,11,2,3,9,9,2,7,3,15,9,10,7,13,15,2,2,4,1,2,4,2,4,2,3,3,2,1,1,4,4,4,3,1,3,4,4,2,2,2,3,1,4,1,3,1,1,2,2,2,1,4,1,2,9,9,13,12,9,11,12,6,1,11,1,1,7,12,15,2,14,8,7,14,4,2,14,10,10,15,4,15,4,6,9,15,11,5,12,14,7,1,10,8,5,1,1,15,8,2,12,11,6,2,5,11,5,5,11,4,9,2,7,12,3,9,8,7,3,12,7,12,7,11,11,6,13,7,15,3,7,3,4,11,10,7,9,15,2,3,5,3,11,8,11,11,10,2,7,5,2,9,7,15,13,8,3,13,7,11,10,6,15,14,2,2,6,3,8,13,3,12,8,10,6,3,8,9,12,3,11,2,5,3,2,1,6,13,12,3,1,6,5,2,4,12,9,1,11,6,10,2,12,9,14,14,7,2,6,9,9,2,9,5,15,8,14,7,12,3,3,4,1,14,9,15,6,3,5,9,6,8,8,9,9,1,9,6,4,2,9,1,2,14,9,8,15,7,5,9,9,1,2,6,6,4,7,13,2,15,2,1,4,2,4,1,4,3,1,3,2,2,1,3,13,1,1,1,4,3,3,2,4,4,4,4,4,2,2,9,1,4,3,4,1,3,5,3,2,4,4,1,4,3,3,3,1,2,4,3,3,4,1,4,8,3,3,4,4,2,4,11,3,2,2,5,4,2,13,2,4,1,4,3,4,4,3,2,2,2,4,2,2,3,2,13,8,3,2,4,2,2,9,4,1,1,4,4,9,3,3,1,1,2,15,2,3,9,1,1,2,2,4,3,10,3,9,1,3,3,4,15,4,1,3,4,1,4,2,2,3,4,4,3,2,3,2,2,3,4,3,1,2,4,3,3,4,2,1,1,3,1,4,3,1,3,2,1,4,1,1,3,3,2,3,3,1,3,2,4,2,2,1,1,2,1,1,4,4,1,2,1,2,2,2,3,4,1,2,4,1,1,3,4,2,2,4,3,4,2,3,1,4,3,3,2,1,1,4,3,2,2,3,1,4,1,3,1,1,4,1,4,4,3,4,3,2,3,2,1,2,2,2,1,1,1,2,3,4,1,1,3,3,3,1,4,2,3,4,1,2,3,2,1,3,4,4,2,4,4,1,1,4,2,4,1,2,2,3,3,4,3,1,2,1,3,1,2,3,1,1,3,2,4,1,2,3,1,2,2,2,2,1,2,1,3,4,1,3,2,3,2,1,2,4,2,4,2,4,2,3,1,4,2,1,2,10,4,14,4,2,1,4,4,1,9,3,2,4,3,3,6,1,5,1,2,14,3,3,4,1,1,1,2,9,2,2,4,1,2,3,3,1,11,2,3,1,3,11,1,3,2,2,1,3,2,7,7,7,2,3,4,2,2,1,2,2,4,3,4,1,4,3,1,8,2,3,4,1,3,10,1,3,2,6,3,15,3,3,2,5,2,3,3,1,3,1,4,1,14,4,1,1,4,4,2,1,2,4,1,6,4,2,1,4,1,4,1,2,1,2,2,3,2,1,1,1,3,4,1,3,1,2,2,1,2,4,12,4,1,5,3,1,3,1,2,1,3,2,14,3,3"
189,0.9882499014639248,0.28431372549019607,5201.0,"4,12,3,3,2,6,6,3,1,9,4,2,6,2,1,4,1,1,4,2,1,8,4,15,11,3,4,3,1,2,2,2,3,3,3,3,1,2,1,3,2,3,4,4,4,3,1,4,4,3,4,1,3,2,1,1,2,1,1,4,3,1,1,3,4,1,4,2,3,1,1,2,4,4,3,1,3,2,4,2,3,1,1,3,1,3,3,3,4,1,2,1,3,4,4,2,4,4,2,2,4,3,3,3,3,4,3,1,2,1,1,2,2,2,4,1,4,2,3,2,1,3,4,4,4,4,1,2,1,3,1,2,2,2,3,2,1,4,2,1,4,2,1,1,3,3,2,1,2,2,4,1,1,2,2,2,4,1,2,1,3,2,3,2,2,3,1,2,1,1,3,4,2,3,3,1,2,2,2,2,3,3,3,4,2,4,4,3,2,2,2,4,1,2,1,1,2,2,3,2,1,4,3,4,3,4,2,1,3,3,1,2,1,1,3,3,2,2,2,2,1,2,4,4,3,3,1,3,1,4,3,1,3,3,3,1,2,4,1,3,1,1,4,2,1,2,4,2,3,3,1,3,2,1,1,2,1,4,2,2,1,2,1,3,2,3,2,1,4,3,4,4,2,2,2,3,2,4,2,2,1,4,2,3,2,1,1,3,3,1,2,1,4,4,3,1,3,4,1,4,1,2,4,1,2,1,4,1,4,4,4,2,2,4,4,2,2,3,2,3,4,3,4,1,2,4,1,2,4,1,1,2,3,3,3,4,2,3,1,1,1,4,3,3,2,2,1,2,4,1,3,4,3,4,1,2,2,2,2,1,2,3,2,4,3,3,1,2,2,1,4,1,4,2,1,2,4,1,1,4,4,3,2,2,1,1,3,4,3,3,4,2,4,1,1,3,2,2,3,3,2,4,1,3,2,3,1,2,3,10,1,4,3,3,12,1,9,2,1,4,1,4,1,3,2,15,2,4,3,3,4,1,3,2,3,3,14,6,13,3,2,1,15,14,4,8,1,3,11,3,15,3,10,2,10,3,4,2,3,3,2,4,1,3,7,2,3,2,1,3,2,4,4,3,13,4,3,2,2,3,4,2,4,4,15,4,3,9,4,2,10,2,1,5,3,1,1,3,3,2,2,6,4,1,2,1,3,6,2,1,3,1,2,1,1,2,4,2,3,1,1,1,4,4,1,14,2,2,1,4,2,4,2,2,2,1,4,2,3,3,10,4,1,1,1,2,1,1,2,2,2,2,1,3,4,1,3,4,3,2,1,4,3,1,1,2,2,3,6,2,2,1,4,1,1,1,4,4,2,1,2,4,2,3,3,2,9,1,4,1,5,4,1,8,13,2,2,1,4,10,9,2,3,1,13,2,8,13,6,3,2,2,3,1,15,3,2,4,1,1,3,3,2,1,15,3,1,3,1,3,2,3,1,1,3,2,1,1,1,2,12,1,2,4,3,2,4,3,3,2,4,2,4,4,1,14,3,3,3,4,4,3,13,1,1,4,2,1,5,1,4,7,2,3,1,2,9,2,1,2,4,2,1,3,3,4,1,3,1,1,3,4,1,4,3,1,4,1,7,1,1,9,3,4,3,3,3,2,5,3,4,3,1,3,10,3,1,7,4,4,4,3,3,2,1,4,2,6,2,3,1,2,1,1,2,4,7,4,2,8,2,1,3,1,3,4,2,3,2,3,9,3,4,1,3,3,2,1,10,1,3,4,1,13,2,4,1,1,2,3,7,4,4,2,8,3,4,3,2,11,2,4,5,1,15,15,1,3,2,2,3,14,3,12,3,4,4,1,3,1,2,9,1,4,1,2,1,1,3,1,4,1,4,3,4,4,4,11,3,3,2,3,11,14,14,12,8,5,11,11,15,10,12,11,1,8,13,15,4,10,9,1,11,1,9,7,13,6,7,11,12,5,11,9,7,3,9,13,10,3,10,8,7,15,5,10,15,10,11,13,14,14,6,1,13,7,4,9,3,6,7,11,9,15,5,3,2,9,4,8,2,1,2,15,10,14,11,7,4,2,4,14,15,3,11,5,13,12,4,15,9,3,9,9,1,9,1,7,6,8,5,5,7,12,13,6,11,6,7,10,15,1,7,11,6,9,12,10,7,9,2,11,12,7,11,6,10,12,12,7,8,8,14,12,13,14,13,10,15,11,2,3,9,9,2,7,3,15,9,10,7,13,15,2,2,4,1,2,4,2,4,2,3,3,2,1,1,4,4,4,3,1,3,4,4,2,2,2,3,1,4,1,3,1,1,2,2,2,1,4,1,2,9,9,13,12,9,11,12,6,1,11,1,1,7,12,15,2,14,8,7,14,4,2,14,10,10,15,4,15,4,6,9,15,11,5,12,14,7,1,10,8,5,1,1,15,8,2,12,11,6,2,5,11,5,5,11,4,9,2,7,12,3,9,8,7,3,12,7,12,7,11,11,6,13,7,15,3,7,3,4,11,10,7,9,15,2,3,5,3,11,8,11,11,10,2,7,5,2,9,7,15,13,8,3,13,7,11,10,6,15,14,2,2,6,3,8,13,3,12,8,10,6,3,8,9,12,3,11,2,5,3,2,1,6,13,12,3,1,6,5,2,4,12,9,1,11,6,10,2,12,9,14,14,7,2,6,9,9,2,9,5,15,8,14,7,12,3,3,4,1,14,9,15,6,3,5,9,6,8,8,9,9,1,9,6,4,2,9,1,2,14,9,8,15,7,5,9,9,1,2,6,6,4,7,13,2,15,2,1,4,2,4,1,4,3,1,3,2,2,1,3,13,1,1,1,4,3,3,2,4,4,4,4,4,2,2,9,1,4,3,4,1,3,5,3,2,4,4,1,4,3,3,3,1,2,4,3,3,4,1,4,8,3,3,4,4,2,4,11,3,2,2,5,4,2,13,2,4,1,4,3,4,4,3,2,2,2,4,2,2,3,2,13,8,3,2,4,2,2,9,4,1,1,4,4,9,3,3,1,1,2,15,2,3,9,1,1,2,2,4,3,10,3,9,1,3,3,4,15,4,1,3,4,1,4,2,2,3,4,4,3,2,3,2,2,3,4,3,1,2,4,3,3,4,2,1,1,3,1,4,3,1,3,2,1,4,1,1,3,3,2,3,3,1,3,2,4,2,2,1,1,2,1,1,4,4,1,2,1,2,2,2,3,4,1,2,4,1,1,3,4,2,2,4,3,4,2,3,1,4,3,3,2,1,1,4,3,2,2,3,1,4,1,3,1,1,4,1,4,4,3,4,3,2,3,2,1,2,2,2,1,1,1,2,3,4,1,1,3,3,3,1,4,2,3,4,1,2,3,2,1,3,4,4,2,4,4,1,1,4,2,4,1,2,2,3,3,4,3,1,2,1,3,1,2,3,1,1,3,2,4,1,2,3,1,2,2,2,2,1,2,1,3,4,1,3,2,3,2,1,2,4,2,4,2,4,2,3,1,4,2,1,2,10,4,14,4,2,1,4,4,1,9,3,2,4,3,3,6,1,5,1,2,14,3,3,4,1,1,1,2,9,2,2,4,1,2,3,3,1,11,2,3,1,3,11,1,3,2,2,1,3,2,7,7,7,2,3,4,2,2,1,2,2,4,3,4,1,4,3,1,8,2,3,4,1,3,10,1,3,2,6,3,15,3,3,2,5,2,3,3,1,3,1,4,1,14,4,1,1,4,4,2,1,2,4,1,6,4,2,1,4,1,4,1,2,1,2,2,3,2,1,1,1,3,4,1,3,1,2,2,1,2,4,12,4,1,5,3,1,3,1,2,1,3,2,14,3,3"
190,0.9882499014639248,0.28431372549019607,5201.0,"4,12,3,3,2,6,6,3,1,9,4,2,6,2,1,4,1,1,4,2,1,8,4,15,11,3,4,3,1,2,2,2,3,3,3,3,1,2,1,3,2,3,4,4,4,3,1,4,4,3,4,1,3,2,1,1,2,1,1,4,3,1,1,3,4,1,4,2,3,1,1,2,4,4,3,1,3,2,4,2,3,1,1,3,1,3,3,3,4,1,2,1,3,4,4,2,4,4,2,2,4,3,3,3,3,4,3,1,2,1,1,2,2,2,4,1,4,2,3,2,1,3,4,4,4,4,1,2,1,3,1,2,2,2,3,2,1,4,2,1,4,2,1,1,3,3,2,1,2,2,4,1,1,2,2,2,4,1,2,1,3,2,3,2,2,3,1,2,1,1,3,4,2,3,3,1,2,2,2,2,3,3,3,4,2,4,4,3,2,2,2,4,1,2,1,1,2,2,3,2,1,4,3,4,3,4,2,1,3,3,1,2,1,1,3,3,2,2,2,2,1,2,4,4,3,3,1,3,1,4,3,1,3,3,3,1,2,4,1,3,1,1,4,2,1,2,4,2,3,3,1,3,2,1,1,2,1,4,2,2,1,2,1,3,2,3,2,1,4,3,4,4,2,2,2,3,2,4,2,2,1,4,2,3,2,1,1,3,3,1,2,1,4,4,3,1,3,4,1,4,1,2,4,1,2,1,4,1,4,4,4,2,2,4,4,2,2,3,2,3,4,3,4,1,2,4,1,2,4,1,1,2,3,3,3,4,2,3,1,1,1,4,3,3,2,2,1,2,4,1,3,4,3,4,1,2,2,2,2,1,2,3,2,4,3,3,1,2,2,1,4,1,4,2,1,2,4,1,1,4,4,3,2,2,1,1,3,4,3,3,4,2,4,1,1,3,2,2,3,3,2,4,1,3,2,3,1,2,3,10,1,4,3,3,12,1,9,2,1,4,1,4,1,3,2,15,2,4,3,3,4,1,3,2,3,3,14,6,13,3,2,1,15,14,4,8,1,3,11,3,15,3,10,2,10,3,4,2,3,3,2,4,1,3,7,2,3,2,1,3,2,4,4,3,13,4,3,2,2,3,4,2,4,4,15,4,3,9,4,2,10,2,1,5,3,1,1,3,3,2,2,6,4,1,2,1,3,6,2,1,3,1,2,1,1,2,4,2,3,1,1,1,4,4,1,14,2,2,1,4,2,4,2,2,2,1,4,2,3,3,10,4,1,1,1,2,1,1,2,2,2,2,1,3,4,1,3,4,3,2,1,4,3,1,1,2,2,3,6,2,2,1,4,1,1,1,4,4,2,1,2,4,2,3,3,2,9,1,4,1,5,4,1,8,13,2,2,1,4,10,9,2,3,1,13,2,8,13,6,3,2,2,3,1,15,3,2,4,1,1,3,3,2,1,15,3,1,3,1,3,2,3,1,1,3,2,1,1,1,2,12,1,2,4,3,2,4,3,3,2,4,2,4,4,1,14,3,3,3,4,4,3,13,1,1,4,2,1,5,1,4,7,2,3,1,2,9,2,1,2,4,2,1,3,3,4,1,3,1,1,3,4,1,4,3,1,4,1,7,1,1,9,3,4,3,3,3,2,5,3,4,3,1,3,10,3,1,7,4,4,4,3,3,2,1,4,2,6,2,3,1,2,1,1,2,4,7,4,2,8,2,1,3,1,3,4,2,3,2,3,9,3,4,1,3,3,2,1,10,1,3,4,1,13,2,4,1,1,2,3,7,4,4,2,8,3,4,3,2,11,2,4,5,1,15,15,1,3,2,2,3,14,3,12,3,4,4,1,3,1,2,9,1,4,1,2,1,1,3,1,4,1,4,3,4,4,4,11,3,3,2,3,11,14,14,12,8,5,11,11,15,10,12,11,1,8,13,15,4,10,9,1,11,1,9,7,13,6,7,11,12,5,11,9,7,3,9,13,10,3,10,8,7,15,5,10,15,10,11,13,14,14,6,1,13,7,4,9,3,6,7,11,9,15,5,3,2,9,4,8,2,1,2,15,10,14,11,7,4,2,4,14,15,3,11,5,13,12,4,15,9,3,9,9,1,9,1,7,6,8,5,5,7,12,13,6,11,6,7,10,15,1,7,11,6,9,12,10,7,9,2,11,12,7,11,6,10,12,12,7,8,8,14,12,13,14,13,10,15,11,2,3,9,9,2,7,3,15,9,10,7,13,15,2,2,4,1,2,4,2,4,2,3,3,2,1,1,4,4,4,3,1,3,4,4,2,2,2,3,1,4,1,3,1,1,2,2,2,1,4,1,2,9,9,13,12,9,11,12,6,1,11,1,1,7,12,15,2,14,8,7,14,4,2,14,10,10,15,4,15,4,6,9,15,11,5,12,14,7,1,10,8,5,1,1,15,8,2,12,11,6,2,5,11,5,5,11,4,9,2,7,12,3,9,8,7,3,12,7,12,7,11,11,6,13,7,15,3,7,3,4,11,10,7,9,15,2,3,5,3,11,8,11,11,10,2,7,5,2,9,7,15,13,8,3,13,7,11,10,6,15,14,2,2,6,3,8,13,3,12,8,10,6,3,8,9,12,3,11,2,5,3,2,1,6,13,12,3,1,6,5,2,4,12,9,1,11,6,10,2,12,9,14,14,7,2,6,9,9,2,9,5,15,8,14,7,12,3,3,4,1,14,9,15,6,3,5,9,6,8,8,9,9,1,9,6,4,2,9,1,2,14,9,8,15,7,5,9,9,1,2,6,6,4,7,13,2,15,2,1,4,2,4,1,4,3,1,3,2,2,1,3,13,1,1,1,4,3,3,2,4,4,4,4,4,2,2,9,1,4,3,4,1,3,5,3,2,4,4,1,4,3,3,3,1,2,4,3,3,4,1,4,8,3,3,4,4,2,4,11,3,2,2,5,4,2,13,2,4,1,4,3,4,4,3,2,2,2,4,2,2,3,2,13,8,3,2,4,2,2,9,4,1,1,4,4,9,3,3,1,1,2,15,2,3,9,1,1,2,2,4,3,10,3,9,1,3,3,4,15,4,1,3,4,1,4,2,2,3,4,4,3,2,3,2,2,3,4,3,1,2,4,3,3,4,2,1,1,3,1,4,3,1,3,2,1,4,1,1,3,3,2,3,3,1,3,2,4,2,2,1,1,2,1,1,4,4,1,2,1,2,2,2,3,4,1,2,4,1,1,3,4,2,2,4,3,4,2,3,1,4,3,3,2,1,1,4,3,2,2,3,1,4,1,3,1,1,4,1,4,4,3,4,3,2,3,2,1,2,2,2,1,1,1,2,3,4,1,1,3,3,3,1,4,2,3,4,1,2,3,2,1,3,4,4,2,4,4,1,1,4,2,4,1,2,2,3,3,4,3,1,2,1,3,1,2,3,1,1,3,2,4,1,2,3,1,2,2,2,2,1,2,1,3,4,1,3,2,3,2,1,2,4,2,4,2,4,2,3,1,4,2,1,2,10,4,14,4,2,1,4,4,1,9,3,2,4,3,3,6,1,5,1,2,14,3,3,4,1,1,1,2,9,2,2,4,1,2,3,3,1,11,2,3,1,3,11,1,3,2,2,1,3,2,7,7,7,2,3,4,2,2,1,2,2,4,3,4,1,4,3,1,8,2,3,4,1,3,10,1,3,2,6,3,15,3,3,2,5,2,3,3,1,3,1,4,1,14,4,1,1,4,4,2,1,2,4,1,6,4,2,1,4,1,4,1,2,1,2,2,3,2,1,1,1,3,4,1,3,1,2,2,1,2,4,12,4,1,5,3,1,3,1,2,1,3,2,14,3,3"
191,0.9882499014639248,0.28431372549019607,5201.0,"4,12,3,3,2,6,6,3,1,9,4,2,6,2,1,4,1,1,4,2,1,8,4,15,11,3,4,3,1,2,2,2,3,3,3,3,1,2,1,3,2,3,4,4,4,3,1,4,4,3,4,1,3,2,1,1,2,1,1,4,3,1,1,3,4,1,4,2,3,1,1,2,4,4,3,1,3,2,4,2,3,1,1,3,1,3,3,3,4,1,2,1,3,4,4,2,4,4,2,2,4,3,3,3,3,4,3,1,2,1,1,2,2,2,4,1,4,2,3,2,1,3,4,4,4,4,1,2,1,3,1,2,2,2,3,2,1,4,2,1,4,2,1,1,3,3,2,1,2,2,4,1,1,2,2,2,4,1,2,1,3,2,3,2,2,3,1,2,1,1,3,4,2,3,3,1,2,2,2,2,3,3,3,4,2,4,4,3,2,2,2,4,1,2,1,1,2,2,3,2,1,4,3,4,3,4,2,1,3,3,1,2,1,1,3,3,2,2,2,2,1,2,4,4,3,3,1,3,1,4,3,1,3,3,3,1,2,4,1,3,1,1,4,2,1,2,4,2,3,3,1,3,2,1,1,2,1,4,2,2,1,2,1,3,2,3,2,1,4,3,4,4,2,2,2,3,2,4,2,2,1,4,2,3,2,1,1,3,3,1,2,1,4,4,3,1,3,4,1,4,1,2,4,1,2,1,4,1,4,4,4,2,2,4,4,2,2,3,2,3,4,3,4,1,2,4,1,2,4,1,1,2,3,3,3,4,2,3,1,1,1,4,3,3,2,2,1,2,4,1,3,4,3,4,1,2,2,2,2,1,2,3,2,4,3,3,1,2,2,1,4,1,4,2,1,2,4,1,1,4,4,3,2,2,1,1,3,4,3,3,4,2,4,1,1,3,2,2,3,3,2,4,1,3,2,3,1,2,3,10,1,4,3,3,12,1,9,2,1,4,1,4,1,3,2,15,2,4,3,3,4,1,3,2,3,3,14,6,13,3,2,1,15,14,4,8,1,3,11,3,15,3,10,2,10,3,4,2,3,3,2,4,1,3,7,2,3,2,1,3,2,4,4,3,13,4,3,2,2,3,4,2,4,4,15,4,3,9,4,2,10,2,1,5,3,1,1,3,3,2,2,6,4,1,2,1,3,6,2,1,3,1,2,1,1,2,4,2,3,1,1,1,4,4,1,14,2,2,1,4,2,4,2,2,2,1,4,2,3,3,10,4,1,1,1,2,1,1,2,2,2,2,1,3,4,1,3,4,3,2,1,4,3,1,1,2,2,3,6,2,2,1,4,1,1,1,4,4,2,1,2,4,2,3,3,2,9,1,4,1,5,4,1,8,13,2,2,1,4,10,9,2,3,1,13,2,8,13,6,3,2,2,3,1,15,3,2,4,1,1,3,3,2,1,15,3,1,3,1,3,2,3,1,1,3,2,1,1,1,2,12,1,2,4,3,2,4,3,3,2,4,2,4,4,1,14,3,3,3,4,4,3,13,1,1,4,2,1,5,1,4,7,2,3,1,2,9,2,1,2,4,2,1,3,3,4,1,3,1,1,3,4,1,4,3,1,4,1,7,1,1,9,3,4,3,3,3,2,5,3,4,3,1,3,10,3,1,7,4,4,4,3,3,2,1,4,2,6,2,3,1,2,1,1,2,4,7,4,2,8,2,1,3,1,3,4,2,3,2,3,9,3,4,1,3,3,2,1,10,1,3,4,1,13,2,4,1,1,2,3,7,4,4,2,8,3,4,3,2,11,2,4,5,1,15,15,1,3,2,2,3,14,3,12,3,4,4,1,3,1,2,9,1,4,1,2,1,1,3,1,4,1,4,3,4,4,4,11,3,3,2,3,11,14,14,12,8,5,11,11,15,10,12,11,1,8,13,15,4,10,9,1,11,1,9,7,13,6,7,11,12,5,11,9,7,3,9,13,10,3,10,8,7,15,5,10,15,10,11,13,14,14,6,1,13,7,4,9,3,6,7,11,9,15,5,3,2,9,4,8,2,1,2,15,10,14,11,7,4,2,4,14,15,3,11,5,13,12,4,15,9,3,9,9,1,9,1,7,6,8,5,5,7,12,13,6,11,6,7,10,15,1,7,11,6,9,12,10,7,9,2,11,12,7,11,6,10,12,12,7,8,8,14,12,13,14,13,10,15,11,2,3,9,9,2,7,3,15,9,10,7,13,15,2,2,4,1,2,4,2,4,2,3,3,2,1,1,4,4,4,3,1,3,4,4,2,2,2,3,1,4,1,3,1,1,2,2,2,1,4,1,2,9,9,13,12,9,11,12,6,1,11,1,1,7,12,15,2,14,8,7,14,4,2,14,10,10,15,4,15,4,6,9,15,11,5,12,14,7,1,10,8,5,1,1,15,8,2,12,11,6,2,5,11,5,5,11,4,9,2,7,12,3,9,8,7,3,12,7,12,7,11,11,6,13,7,15,3,7,3,4,11,10,7,9,15,2,3,5,3,11,8,11,11,10,2,7,5,2,9,7,15,13,8,3,13,7,11,10,6,15,14,2,2,6,3,8,13,3,12,8,10,6,3,8,9,12,3,11,2,5,3,2,1,6,13,12,3,1,6,5,2,4,12,9,1,11,6,10,2,12,9,14,14,7,2,6,9,9,2,9,5,15,8,14,7,12,3,3,4,1,14,9,15,6,3,5,9,6,8,8,9,9,1,9,6,4,2,9,1,2,14,9,8,15,7,5,9,9,1,2,6,6,4,7,13,2,15,2,1,4,2,4,1,4,3,1,3,2,2,1,3,13,1,1,1,4,3,3,2,4,4,4,4,4,2,2,9,1,4,3,4,1,3,5,3,2,4,4,1,4,3,3,3,1,2,4,3,3,4,1,4,8,3,3,4,4,2,4,11,3,2,2,5,4,2,13,2,4,1,4,3,4,4,3,2,2,2,4,2,2,3,2,13,8,3,2,4,2,2,9,4,1,1,4,4,9,3,3,1,1,2,15,2,3,9,1,1,2,2,4,3,10,3,9,1,3,3,4,15,4,1,3,4,1,4,2,2,3,4,4,3,2,3,2,2,3,4,3,1,2,4,3,3,4,2,1,1,3,1,4,3,1,3,2,1,4,1,1,3,3,2,3,3,1,3,2,4,2,2,1,1,2,1,1,4,4,1,2,1,2,2,2,3,4,1,2,4,1,1,3,4,2,2,4,3,4,2,3,1,4,3,3,2,1,1,4,3,2,2,3,1,4,1,3,1,1,4,1,4,4,3,4,3,2,3,2,1,2,2,2,1,1,1,2,3,4,1,1,3,3,3,1,4,2,3,4,1,2,3,2,1,3,4,4,2,4,4,1,1,4,2,4,1,2,2,3,3,4,3,1,2,1,3,1,2,3,1,1,3,2,4,1,2,3,1,2,2,2,2,1,2,1,3,4,1,3,2,3,2,1,2,4,2,4,2,4,2,3,1,4,2,1,2,10,4,14,4,2,1,4,4,1,9,3,2,4,3,3,6,1,5,1,2,14,3,3,4,1,1,1,2,9,2,2,4,1,2,3,3,1,11,2,3,1,3,11,1,3,2,2,1,3,2,7,7,7,2,3,4,2,2,1,2,2,4,3,4,1,4,3,1,8,2,3,4,1,3,10,1,3,2,6,3,15,3,3,2,5,2,3,3,1,3,1,4,1,14,4,1,1,4,4,2,1,2,4,1,6,4,2,1,4,1,4,1,2,1,2,2,3,2,1,1,1,3,4,1,3,1,2,2,1,2,4,12,4,1,5,3,1,3,1,2,1,3,2,14,3,3"
192,0.9882499014639248,0.28431372549019607,5201.0,"4,12,3,3,2,6,6,3,1,9,4,2,6,2,1,4,1,1,4,2,1,8,4,15,11,3,4,3,1,2,2,2,3,3,3,3,1,2,1,3,2,3,4,4,4,3,1,4,4,3,4,1,3,2,1,1,2,1,1,4,3,1,1,3,4,1,4,2,3,1,1,2,4,4,3,1,3,2,4,2,3,1,1,3,1,3,3,3,4,1,2,1,3,4,4,2,4,4,2,2,4,3,3,3,3,4,3,1,2,1,1,2,2,2,4,1,4,2,3,2,1,3,4,4,4,4,1,2,1,3,1,2,2,2,3,2,1,4,2,1,4,2,1,1,3,3,2,1,2,2,4,1,1,2,2,2,4,1,2,1,3,2,3,2,2,3,1,2,1,1,3,4,2,3,3,1,2,2,2,2,3,3,3,4,2,4,4,3,2,2,2,4,1,2,1,1,2,2,3,2,1,4,3,4,3,4,2,1,3,3,1,2,1,1,3,3,2,2,2,2,1,2,4,4,3,3,1,3,1,4,3,1,3,3,3,1,2,4,1,3,1,1,4,2,1,2,4,2,3,3,1,3,2,1,1,2,1,4,2,2,1,2,1,3,2,3,2,1,4,3,4,4,2,2,2,3,2,4,2,2,1,4,2,3,2,1,1,3,3,1,2,1,4,4,3,1,3,4,1,4,1,2,4,1,2,1,4,1,4,4,4,2,2,4,4,2,2,3,2,3,4,3,4,1,2,4,1,2,4,1,1,2,3,3,3,4,2,3,1,1,1,4,3,3,2,2,1,2,4,1,3,4,3,4,1,2,2,2,2,1,2,3,2,4,3,3,1,2,2,1,4,1,4,2,1,2,4,1,1,4,4,3,2,2,1,1,3,4,3,3,4,2,4,1,1,3,2,2,3,3,2,4,1,3,2,3,1,2,3,10,1,4,3,3,12,1,9,2,1,4,1,4,1,3,2,15,2,4,3,3,4,1,3,2,3,3,14,6,13,3,2,1,15,14,4,8,1,3,11,3,15,3,10,2,10,3,4,2,3,3,2,4,1,3,7,2,3,2,1,3,2,4,4,3,13,4,3,2,2,3,4,2,4,4,15,4,3,9,4,2,10,2,1,5,3,1,1,3,3,2,2,6,4,1,2,1,3,6,2,1,3,1,2,1,1,2,4,2,3,1,1,1,4,4,1,14,2,2,1,4,2,4,2,2,2,1,4,2,3,3,10,4,1,1,1,2,1,1,2,2,2,2,1,3,4,1,3,4,3,2,1,4,3,1,1,2,2,3,6,2,2,1,4,1,1,1,4,4,2,1,2,4,2,3,3,2,9,1,4,1,5,4,1,8,13,2,2,1,4,10,9,2,3,1,13,2,8,13,6,3,2,2,3,1,15,3,2,4,1,1,3,3,2,1,15,3,1,3,1,3,2,3,1,1,3,2,1,1,1,2,12,1,2,4,3,2,4,3,3,2,4,2,4,4,1,14,3,3,3,4,4,3,13,1,1,4,2,1,5,1,4,7,2,3,1,2,9,2,1,2,4,2,1,3,3,4,1,3,1,1,3,4,1,4,3,1,4,1,7,1,1,9,3,4,3,3,3,2,5,3,4,3,1,3,10,3,1,7,4,4,4,3,3,2,1,4,2,6,2,3,1,2,1,1,2,4,7,4,2,8,2,1,3,1,3,4,2,3,2,3,9,3,4,1,3,3,2,1,10,1,3,4,1,13,2,4,1,1,2,3,7,4,4,2,8,3,4,3,2,11,2,4,5,1,15,15,1,3,2,2,3,14,3,12,3,4,4,1,3,1,2,9,1,4,1,2,1,1,3,1,4,1,4,3,4,4,4,11,3,3,2,3,11,14,14,12,8,5,11,11,15,10,12,11,1,8,13,15,4,10,9,1,11,1,9,7,13,6,7,11,12,5,11,9,7,3,9,13,10,3,10,8,7,15,5,10,15,10,11,13,14,14,6,1,13,7,4,9,3,6,7,11,9,15,5,3,2,9,4,8,2,1,2,15,10,14,11,7,4,2,4,14,15,3,11,5,13,12,4,15,9,3,9,9,1,9,1,7,6,8,5,5,7,12,13,6,11,6,7,10,15,1,7,11,6,9,12,10,7,9,2,11,12,7,11,6,10,12,12,7,8,8,14,12,13,14,13,10,15,11,2,3,9,9,2,7,3,15,9,10,7,13,15,2,2,4,1,2,4,2,4,2,3,3,2,1,1,4,4,4,3,1,3,4,4,2,2,2,3,1,4,1,3,1,1,2,2,2,1,4,1,2,9,9,13,12,9,11,12,6,1,11,1,1,7,12,15,2,14,8,7,14,4,2,14,10,10,15,4,15,4,6,9,15,11,5,12,14,7,1,10,8,5,1,1,15,8,2,12,11,6,2,5,11,5,5,11,4,9,2,7,12,3,9,8,7,3,12,7,12,7,11,11,6,13,7,15,3,7,3,4,11,10,7,9,15,2,3,5,3,11,8,11,11,10,2,7,5,2,9,7,15,13,8,3,13,7,11,10,6,15,14,2,2,6,3,8,13,3,12,8,10,6,3,8,9,12,3,11,2,5,3,2,1,6,13,12,3,1,6,5,2,4,12,9,1,11,6,10,2,12,9,14,14,7,2,6,9,9,2,9,5,15,8,14,7,12,3,3,4,1,14,9,15,6,3,5,9,6,8,8,9,9,1,9,6,4,2,9,1,2,14,9,8,15,7,5,9,9,1,2,6,6,4,7,13,2,15,2,1,4,2,4,1,4,3,1,3,2,2,1,3,13,1,1,1,4,3,3,2,4,4,4,4,4,2,2,9,1,4,3,4,1,3,5,3,2,4,4,1,4,3,3,3,1,2,4,3,3,4,1,4,8,3,3,4,4,2,4,11,3,2,2,5,4,2,13,2,4,1,4,3,4,4,3,2,2,2,4,2,2,3,2,13,8,3,2,4,2,2,9,4,1,1,4,4,9,3,3,1,1,2,15,2,3,9,1,1,2,2,4,3,10,3,9,1,3,3,4,15,4,1,3,4,1,4,2,2,3,4,4,3,2,3,2,2,3,4,3,1,2,4,3,3,4,2,1,1,3,1,4,3,1,3,2,1,4,1,1,3,3,2,3,3,1,3,2,4,2,2,1,1,2,1,1,4,4,1,2,1,2,2,2,3,4,1,2,4,1,1,3,4,2,2,4,3,4,2,3,1,4,3,3,2,1,1,4,3,2,2,3,1,4,1,3,1,1,4,1,4,4,3,4,3,2,3,2,1,2,2,2,1,1,1,2,3,4,1,1,3,3,3,1,4,2,3,4,1,2,3,2,1,3,4,4,2,4,4,1,1,4,2,4,1,2,2,3,3,4,3,1,2,1,3,1,2,3,1,1,3,2,4,1,2,3,1,2,2,2,2,1,2,1,3,4,1,3,2,3,2,1,2,4,2,4,2,4,2,3,1,4,2,1,2,10,4,14,4,2,1,4,4,1,9,3,2,4,3,3,6,1,5,1,2,14,3,3,4,1,1,1,2,9,2,2,4,1,2,3,3,1,11,2,3,1,3,11,1,3,2,2,1,3,2,7,7,7,2,3,4,2,2,1,2,2,4,3,4,1,4,3,1,8,2,3,4,1,3,10,1,3,2,6,3,15,3,3,2,5,2,3,3,1,3,1,4,1,14,4,1,1,4,4,2,1,2,4,1,6,4,2,1,4,1,4,1,2,1,2,2,3,2,1,1,1,3,4,1,3,1,2,2,1,2,4,12,4,1,5,3,1,3,1,2,1,3,2,14,3,3"
193,0.9882499014639248,0.28431372549019607,5201.0,"4,12,3,3,2,6,6,3,1,9,4,2,6,2,1,4,1,1,4,2,1,8,4,15,11,3,4,3,1,2,2,2,3,3,3,3,1,2,1,3,2,3,4,4,4,3,1,4,4,3,4,1,3,2,1,1,2,1,1,4,3,1,1,3,4,1,4,2,3,1,1,2,4,4,3,1,3,2,4,2,3,1,1,3,1,3,3,3,4,1,2,1,3,4,4,2,4,4,2,2,4,3,3,3,3,4,3,1,2,1,1,2,2,2,4,1,4,2,3,2,1,3,4,4,4,4,1,2,1,3,1,2,2,2,3,2,1,4,2,1,4,2,1,1,3,3,2,1,2,2,4,1,1,2,2,2,4,1,2,1,3,2,3,2,2,3,1,2,1,1,3,4,2,3,3,1,2,2,2,2,3,3,3,4,2,4,4,3,2,2,2,4,1,2,1,1,2,2,3,2,1,4,3,4,3,4,2,1,3,3,1,2,1,1,3,3,2,2,2,2,1,2,4,4,3,3,1,3,1,4,3,1,3,3,3,1,2,4,1,3,1,1,4,2,1,2,4,2,3,3,1,3,2,1,1,2,1,4,2,2,1,2,1,3,2,3,2,1,4,3,4,4,2,2,2,3,2,4,2,2,1,4,2,3,2,1,1,3,3,1,2,1,4,4,3,1,3,4,1,4,1,2,4,1,2,1,4,1,4,4,4,2,2,4,4,2,2,3,2,3,4,3,4,1,2,4,1,2,4,1,1,2,3,3,3,4,2,3,1,1,1,4,3,3,2,2,1,2,4,1,3,4,3,4,1,2,2,2,2,1,2,3,2,4,3,3,1,2,2,1,4,1,4,2,1,2,4,1,1,4,4,3,2,2,1,1,3,4,3,3,4,2,4,1,1,3,2,2,3,3,2,4,1,3,2,3,1,2,3,10,1,4,3,3,12,1,9,2,1,4,1,4,1,3,2,15,2,4,3,3,4,1,3,2,3,3,14,6,13,3,2,1,15,14,4,8,1,3,11,3,15,3,10,2,10,3,4,2,3,3,2,4,1,3,7,2,3,2,1,3,2,4,4,3,13,4,3,2,2,3,4,2,4,4,15,4,3,9,4,2,10,2,1,5,3,1,1,3,3,2,2,6,4,1,2,1,3,6,2,1,3,1,2,1,1,2,4,2,3,1,1,1,4,4,1,14,2,2,1,4,2,4,2,2,2,1,4,2,3,3,10,4,1,1,1,2,1,1,2,2,2,2,1,3,4,1,3,4,3,2,1,4,3,1,1,2,2,3,6,2,2,1,4,1,1,1,4,4,2,1,2,4,2,3,3,2,9,1,4,1,5,4,1,8,13,2,2,1,4,10,9,2,3,1,13,2,8,13,6,3,2,2,3,1,15,3,2,4,1,1,3,3,2,1,15,3,1,3,1,3,2,3,1,1,3,2,1,1,1,2,12,1,2,4,3,2,4,3,3,2,4,2,4,4,1,14,3,3,3,4,4,3,13,1,1,4,2,1,5,1,4,7,2,3,1,2,9,2,1,2,4,2,1,3,3,4,1,3,1,1,3,4,1,4,3,1,4,1,7,1,1,9,3,4,3,3,3,2,5,3,4,3,1,3,10,3,1,7,4,4,4,3,3,2,1,4,2,6,2,3,1,2,1,1,2,4,7,4,2,8,2,1,3,1,3,4,2,3,2,3,9,3,4,1,3,3,2,1,10,1,3,4,1,13,2,4,1,1,2,3,7,4,4,2,8,3,4,3,2,11,2,4,5,1,15,15,1,3,2,2,3,14,3,12,3,4,4,1,3,1,2,9,1,4,1,2,1,1,3,1,4,1,4,3,4,4,4,11,3,3,2,3,11,14,14,12,8,5,11,11,15,10,12,11,1,8,13,15,4,10,9,1,11,1,9,7,13,6,7,11,12,5,11,9,7,3,9,13,10,3,10,8,7,15,5,10,15,10,11,13,14,14,6,1,13,7,4,9,3,6,7,11,9,15,5,3,2,9,4,8,2,1,2,15,10,14,11,7,4,2,4,14,15,3,11,5,13,12,4,15,9,3,9,9,1,9,1,7,6,8,5,5,7,12,13,6,11,6,7,10,15,1,7,11,6,9,12,10,7,9,2,11,12,7,11,6,10,12,12,7,8,8,14,12,13,14,13,10,15,11,2,3,9,9,2,7,3,15,9,10,7,13,15,2,2,4,1,2,4,2,4,2,3,3,2,1,1,4,4,4,3,1,3,4,4,2,2,2,3,1,4,1,3,1,1,2,2,2,1,4,1,2,9,9,13,12,9,11,12,6,1,11,1,1,7,12,15,2,14,8,7,14,4,2,14,10,10,15,4,15,4,6,9,15,11,5,12,14,7,1,10,8,5,1,1,15,8,2,12,11,6,2,5,11,5,5,11,4,9,2,7,12,3,9,8,7,3,12,7,12,7,11,11,6,13,7,15,3,7,3,4,11,10,7,9,15,2,3,5,3,11,8,11,11,10,2,7,5,2,9,7,15,13,8,3,13,7,11,10,6,15,14,2,2,6,3,8,13,3,12,8,10,6,3,8,9,12,3,11,2,5,3,2,1,6,13,12,3,1,6,5,2,4,12,9,1,11,6,10,2,12,9,14,14,7,2,6,9,9,2,9,5,15,8,14,7,12,3,3,4,1,14,9,15,6,3,5,9,6,8,8,9,9,1,9,6,4,2,9,1,2,14,9,8,15,7,5,9,9,1,2,6,6,4,7,13,2,15,2,1,4,2,4,1,4,3,1,3,2,2,1,3,13,1,1,1,4,3,3,2,4,4,4,4,4,2,2,9,1,4,3,4,1,3,5,3,2,4,4,1,4,3,3,3,1,2,4,3,3,4,1,4,8,3,3,4,4,2,4,11,3,2,2,5,4,2,13,2,4,1,4,3,4,4,3,2,2,2,4,2,2,3,2,13,8,3,2,4,2,2,9,4,1,1,4,4,9,3,3,1,1,2,15,2,3,9,1,1,2,2,4,3,10,3,9,1,3,3,4,15,4,1,3,4,1,4,2,2,3,4,4,3,2,3,2,2,3,4,3,1,2,4,3,3,4,2,1,1,3,1,4,3,1,3,2,1,4,1,1,3,3,2,3,3,1,3,2,4,2,2,1,1,2,1,1,4,4,1,2,1,2,2,2,3,4,1,2,4,1,1,3,4,2,2,4,3,4,2,3,1,4,3,3,2,1,1,4,3,2,2,3,1,4,1,3,1,1,4,1,4,4,3,4,3,2,3,2,1,2,2,2,1,1,1,2,3,4,1,1,3,3,3,1,4,2,3,4,1,2,3,2,1,3,4,4,2,4,4,1,1,4,2,4,1,2,2,3,3,4,3,1,2,1,3,1,2,3,1,1,3,2,4,1,2,3,1,2,2,2,2,1,2,1,3,4,1,3,2,3,2,1,2,4,2,4,2,4,2,3,1,4,2,1,2,10,4,14,4,2,1,4,4,1,9,3,2,4,3,3,6,1,5,1,2,14,3,3,4,1,1,1,2,9,2,2,4,1,2,3,3,1,11,2,3,1,3,11,1,3,2,2,1,3,2,7,7,7,2,3,4,2,2,1,2,2,4,3,4,1,4,3,1,8,2,3,4,1,3,10,1,3,2,6,3,15,3,3,2,5,2,3,3,1,3,1,4,1,14,4,1,1,4,4,2,1,2,4,1,6,4,2,1,4,1,4,1,2,1,2,2,3,2,1,1,1,3,4,1,3,1,2,2,1,2,4,12,4,1,5,3,1,3,1,2,1,3,2,14,3,3"
194,0.9882499014639248,0.28431372549019607,5201.0,"4,12,3,3,2,6,6,3,1,9,4,2,6,2,1,4,1,1,4,2,1,8,4,15,11,3,4,3,1,2,2,2,3,3,3,3,1,2,1,3,2,3,4,4,4,3,1,4,4,3,4,1,3,2,1,1,2,1,1,4,3,1,1,3,4,1,4,2,3,1,1,2,4,4,3,1,3,2,4,2,3,1,1,3,1,3,3,3,4,1,2,1,3,4,4,2,4,4,2,2,4,3,3,3,3,4,3,1,2,1,1,2,2,2,4,1,4,2,3,2,1,3,4,4,4,4,1,2,1,3,1,2,2,2,3,2,1,4,2,1,4,2,1,1,3,3,2,1,2,2,4,1,1,2,2,2,4,1,2,1,3,2,3,2,2,3,1,2,1,1,3,4,2,3,3,1,2,2,2,2,3,3,3,4,2,4,4,3,2,2,2,4,1,2,1,1,2,2,3,2,1,4,3,4,3,4,2,1,3,3,1,2,1,1,3,3,2,2,2,2,1,2,4,4,3,3,1,3,1,4,3,1,3,3,3,1,2,4,1,3,1,1,4,2,1,2,4,2,3,3,1,3,2,1,1,2,1,4,2,2,1,2,1,3,2,3,2,1,4,3,4,4,2,2,2,3,2,4,2,2,1,4,2,3,2,1,1,3,3,1,2,1,4,4,3,1,3,4,1,4,1,2,4,1,2,1,4,1,4,4,4,2,2,4,4,2,2,3,2,3,4,3,4,1,2,4,1,2,4,1,1,2,3,3,3,4,2,3,1,1,1,4,3,3,2,2,1,2,4,1,3,4,3,4,1,2,2,2,2,1,2,3,2,4,3,3,1,2,2,1,4,1,4,2,1,2,4,1,1,4,4,3,2,2,1,1,3,4,3,3,4,2,4,1,1,3,2,2,3,3,2,4,1,3,2,3,1,2,3,10,1,4,3,3,12,1,9,2,1,4,1,4,1,3,2,15,2,4,3,3,4,1,3,2,3,3,14,6,13,3,2,1,15,14,4,8,1,3,11,3,15,3,10,2,10,3,4,2,3,3,2,4,1,3,7,2,3,2,1,3,2,4,4,3,13,4,3,2,2,3,4,2,4,4,15,4,3,9,4,2,10,2,1,5,3,1,1,3,3,2,2,6,4,1,2,1,3,6,2,1,3,1,2,1,1,2,4,2,3,1,1,1,4,4,1,14,2,2,1,4,2,4,2,2,2,1,4,2,3,3,10,4,1,1,1,2,1,1,2,2,2,2,1,3,4,1,3,4,3,2,1,4,3,1,1,2,2,3,6,2,2,1,4,1,1,1,4,4,2,1,2,4,2,3,3,2,9,1,4,1,5,4,1,8,13,2,2,1,4,10,9,2,3,1,13,2,8,13,6,3,2,2,3,1,15,3,2,4,1,1,3,3,2,1,15,3,1,3,1,3,2,3,1,1,3,2,1,1,1,2,12,1,2,4,3,2,4,3,3,2,4,2,4,4,1,14,3,3,3,4,4,3,13,1,1,4,2,1,5,1,4,7,2,3,1,2,9,2,1,2,4,2,1,3,3,4,1,3,1,1,3,4,1,4,3,1,4,1,7,1,1,9,3,4,3,3,3,2,5,3,4,3,1,3,10,3,1,7,4,4,4,3,3,2,1,4,2,6,2,3,1,2,1,1,2,4,7,4,2,8,2,1,3,1,3,4,2,3,2,3,9,3,4,1,3,3,2,1,10,1,3,4,1,13,2,4,1,1,2,3,7,4,4,2,8,3,4,3,2,11,2,4,5,1,15,15,1,3,2,2,3,14,3,12,3,4,4,1,3,1,2,9,1,4,1,2,1,1,3,1,4,1,4,3,4,4,4,11,3,3,2,3,11,14,14,12,8,5,11,11,15,10,12,11,1,8,13,15,4,10,9,1,11,1,9,7,13,6,7,11,12,5,11,9,7,3,9,13,10,3,10,8,7,15,5,10,15,10,11,13,14,14,6,1,13,7,4,9,3,6,7,11,9,15,5,3,2,9,4,8,2,1,2,15,10,14,11,7,4,2,4,14,15,3,11,5,13,12,4,15,9,3,9,9,1,9,1,7,6,8,5,5,7,12,13,6,11,6,7,10,15,1,7,11,6,9,12,10,7,9,2,11,12,7,11,6,10,12,12,7,8,8,14,12,13,14,13,10,15,11,2,3,9,9,2,7,3,15,9,10,7,13,15,2,2,4,1,2,4,2,4,2,3,3,2,1,1,4,4,4,3,1,3,4,4,2,2,2,3,1,4,1,3,1,1,2,2,2,1,4,1,2,9,9,13,12,9,11,12,6,1,11,1,1,7,12,15,2,14,8,7,14,4,2,14,10,10,15,4,15,4,6,9,15,11,5,12,14,7,1,10,8,5,1,1,15,8,2,12,11,6,2,5,11,5,5,11,4,9,2,7,12,3,9,8,7,3,12,7,12,7,11,11,6,13,7,15,3,7,3,4,11,10,7,9,15,2,3,5,3,11,8,11,11,10,2,7,5,2,9,7,15,13,8,3,13,7,11,10,6,15,14,2,2,6,3,8,13,3,12,8,10,6,3,8,9,12,3,11,2,5,3,2,1,6,13,12,3,1,6,5,2,4,12,9,1,11,6,10,2,12,9,14,14,7,2,6,9,9,2,9,5,15,8,14,7,12,3,3,4,1,14,9,15,6,3,5,9,6,8,8,9,9,1,9,6,4,2,9,1,2,14,9,8,15,7,5,9,9,1,2,6,6,4,7,13,2,15,2,1,4,2,4,1,4,3,1,3,2,2,1,3,13,1,1,1,4,3,3,2,4,4,4,4,4,2,2,9,1,4,3,4,1,3,5,3,2,4,4,1,4,3,3,3,1,2,4,3,3,4,1,4,8,3,3,4,4,2,4,11,3,2,2,5,4,2,13,2,4,1,4,3,4,4,3,2,2,2,4,2,2,3,2,13,8,3,2,4,2,2,9,4,1,1,4,4,9,3,3,1,1,2,15,2,3,9,1,1,2,2,4,3,10,3,9,1,3,3,4,15,4,1,3,4,1,4,2,2,3,4,4,3,2,3,2,2,3,4,3,1,2,4,3,3,4,2,1,1,3,1,4,3,1,3,2,1,4,1,1,3,3,2,3,3,1,3,2,4,2,2,1,1,2,1,1,4,4,1,2,1,2,2,2,3,4,1,2,4,1,1,3,4,2,2,4,3,4,2,3,1,4,3,3,2,1,1,4,3,2,2,3,1,4,1,3,1,1,4,1,4,4,3,4,3,2,3,2,1,2,2,2,1,1,1,2,3,4,1,1,3,3,3,1,4,2,3,4,1,2,3,2,1,3,4,4,2,4,4,1,1,4,2,4,1,2,2,3,3,4,3,1,2,1,3,1,2,3,1,1,3,2,4,1,2,3,1,2,2,2,2,1,2,1,3,4,1,3,2,3,2,1,2,4,2,4,2,4,2,3,1,4,2,1,2,10,4,14,4,2,1,4,4,1,9,3,2,4,3,3,6,1,5,1,2,14,3,3,4,1,1,1,2,9,2,2,4,1,2,3,3,1,11,2,3,1,3,11,1,3,2,2,1,3,2,7,7,7,2,3,4,2,2,1,2,2,4,3,4,1,4,3,1,8,2,3,4,1,3,10,1,3,2,6,3,15,3,3,2,5,2,3,3,1,3,1,4,1,14,4,1,1,4,4,2,1,2,4,1,6,4,2,1,4,1,4,1,2,1,2,2,3,2,1,1,1,3,4,1,3,1,2,2,1,2,4,12,4,1,5,3,1,3,1,2,1,3,2,14,3,3"
195,0.9882499014639248,0.28431372549019607,5201.0,"4,12,3,3,2,6,6,3,1,9,4,2,6,2,1,4,1,1,4,2,1,8,4,15,11,3,4,3,1,2,2,2,3,3,3,3,1,2,1,3,2,3,4,4,4,3,1,4,4,3,4,1,3,2,1,1,2,1,1,4,3,1,1,3,4,1,4,2,3,1,1,2,4,4,3,1,3,2,4,2,3,1,1,3,1,3,3,3,4,1,2,1,3,4,4,2,4,4,2,2,4,3,3,3,3,4,3,1,2,1,1,2,2,2,4,1,4,2,3,2,1,3,4,4,4,4,1,2,1,3,1,2,2,2,3,2,1,4,2,1,4,2,1,1,3,3,2,1,2,2,4,1,1,2,2,2,4,1,2,1,3,2,3,2,2,3,1,2,1,1,3,4,2,3,3,1,2,2,2,2,3,3,3,4,2,4,4,3,2,2,2,4,1,2,1,1,2,2,3,2,1,4,3,4,3,4,2,1,3,3,1,2,1,1,3,3,2,2,2,2,1,2,4,4,3,3,1,3,1,4,3,1,3,3,3,1,2,4,1,3,1,1,4,2,1,2,4,2,3,3,1,3,2,1,1,2,1,4,2,2,1,2,1,3,2,3,2,1,4,3,4,4,2,2,2,3,2,4,2,2,1,4,2,3,2,1,1,3,3,1,2,1,4,4,3,1,3,4,1,4,1,2,4,1,2,1,4,1,4,4,4,2,2,4,4,2,2,3,2,3,4,3,4,1,2,4,1,2,4,1,1,2,3,3,3,4,2,3,1,1,1,4,3,3,2,2,1,2,4,1,3,4,3,4,1,2,2,2,2,1,2,3,2,4,3,3,1,2,2,1,4,1,4,2,1,2,4,1,1,4,4,3,2,2,1,1,3,4,3,3,4,2,4,1,1,3,2,2,3,3,2,4,1,3,2,3,1,2,3,10,1,4,3,3,12,1,9,2,1,4,1,4,1,3,2,15,2,4,3,3,4,1,3,2,3,3,14,6,13,3,2,1,15,14,4,8,1,3,11,3,15,3,10,2,10,3,4,2,3,3,2,4,1,3,7,2,3,2,1,3,2,4,4,3,13,4,3,2,2,3,4,2,4,4,15,4,3,9,4,2,10,2,1,5,3,1,1,3,3,2,2,6,4,1,2,1,3,6,2,1,3,1,2,1,1,2,4,2,3,1,1,1,4,4,1,14,2,2,1,4,2,4,2,2,2,1,4,2,3,3,10,4,1,1,1,2,1,1,2,2,2,2,1,3,4,1,3,4,3,2,1,4,3,1,1,2,2,3,6,2,2,1,4,1,1,1,4,4,2,1,2,4,2,3,3,2,9,1,4,1,5,4,1,8,13,2,2,1,4,10,9,2,3,1,13,2,8,13,6,3,2,2,3,1,15,3,2,4,1,1,3,3,2,1,15,3,1,3,1,3,2,3,1,1,3,2,1,1,1,2,12,1,2,4,3,2,4,3,3,2,4,2,4,4,1,14,3,3,3,4,4,3,13,1,1,4,2,1,5,1,4,7,2,3,1,2,9,2,1,2,4,2,1,3,3,4,1,3,1,1,3,4,1,4,3,1,4,1,7,1,1,9,3,4,3,3,3,2,5,3,4,3,1,3,10,3,1,7,4,4,4,3,3,2,1,4,2,6,2,3,1,2,1,1,2,4,7,4,2,8,2,1,3,1,3,4,2,3,2,3,9,3,4,1,3,3,2,1,10,1,3,4,1,13,2,4,1,1,2,3,7,4,4,2,8,3,4,3,2,11,2,4,5,1,15,15,1,3,2,2,3,14,3,12,3,4,4,1,3,1,2,9,1,4,1,2,1,1,3,1,4,1,4,3,4,4,4,11,3,3,2,3,11,14,14,12,8,5,11,11,15,10,12,11,1,8,13,15,4,10,9,1,11,1,9,7,13,6,7,11,12,5,11,9,7,3,9,13,10,3,10,8,7,15,5,10,15,10,11,13,14,14,6,1,13,7,4,9,3,6,7,11,9,15,5,3,2,9,4,8,2,1,2,15,10,14,11,7,4,2,4,14,15,3,11,5,13,12,4,15,9,3,9,9,1,9,1,7,6,8,5,5,7,12,13,6,11,6,7,10,15,1,7,11,6,9,12,10,7,9,2,11,12,7,11,6,10,12,12,7,8,8,14,12,13,14,13,10,15,11,2,3,9,9,2,7,3,15,9,10,7,13,15,2,2,4,1,2,4,2,4,2,3,3,2,1,1,4,4,4,3,1,3,4,4,2,2,2,3,1,4,1,3,1,1,2,2,2,1,4,1,2,9,9,13,12,9,11,12,6,1,11,1,1,7,12,15,2,14,8,7,14,4,2,14,10,10,15,4,15,4,6,9,15,11,5,12,14,7,1,10,8,5,1,1,15,8,2,12,11,6,2,5,11,5,5,11,4,9,2,7,12,3,9,8,7,3,12,7,12,7,11,11,6,13,7,15,3,7,3,4,11,10,7,9,15,2,3,5,3,11,8,11,11,10,2,7,5,2,9,7,15,13,8,3,13,7,11,10,6,15,14,2,2,6,3,8,13,3,12,8,10,6,3,8,9,12,3,11,2,5,3,2,1,6,13,12,3,1,6,5,2,4,12,9,1,11,6,10,2,12,9,14,14,7,2,6,9,9,2,9,5,15,8,14,7,12,3,3,4,1,14,9,15,6,3,5,9,6,8,8,9,9,1,9,6,4,2,9,1,2,14,9,8,15,7,5,9,9,1,2,6,6,4,7,13,2,15,2,1,4,2,4,1,4,3,1,3,2,2,1,3,13,1,1,1,4,3,3,2,4,4,4,4,4,2,2,9,1,4,3,4,1,3,5,3,2,4,4,1,4,3,3,3,1,2,4,3,3,4,1,4,8,3,3,4,4,2,4,11,3,2,2,5,4,2,13,2,4,1,4,3,4,4,3,2,2,2,4,2,2,3,2,13,8,3,2,4,2,2,9,4,1,1,4,4,9,3,3,1,1,2,15,2,3,9,1,1,2,2,4,3,10,3,9,1,3,3,4,15,4,1,3,4,1,4,2,2,3,4,4,3,2,3,2,2,3,4,3,1,2,4,3,3,4,2,1,1,3,1,4,3,1,3,2,1,4,1,1,3,3,2,3,3,1,3,2,4,2,2,1,1,2,1,1,4,4,1,2,1,2,2,2,3,4,1,2,4,1,1,3,4,2,2,4,3,4,2,3,1,4,3,3,2,1,1,4,3,2,2,3,1,4,1,3,1,1,4,1,4,4,3,4,3,2,3,2,1,2,2,2,1,1,1,2,3,4,1,1,3,3,3,1,4,2,3,4,1,2,3,2,1,3,4,4,2,4,4,1,1,4,2,4,1,2,2,3,3,4,3,1,2,1,3,1,2,3,1,1,3,2,4,1,2,3,1,2,2,2,2,1,2,1,3,4,1,3,2,3,2,1,2,4,2,4,2,4,2,3,1,4,2,1,2,10,4,14,4,2,1,4,4,1,9,3,2,4,3,3,6,1,5,1,2,14,3,3,4,1,1,1,2,9,2,2,4,1,2,3,3,1,11,2,3,1,3,11,1,3,2,2,1,3,2,7,7,7,2,3,4,2,2,1,2,2,4,3,4,1,4,3,1,8,2,3,4,1,3,10,1,3,2,6,3,15,3,3,2,5,2,3,3,1,3,1,4,1,14,4,1,1,4,4,2,1,2,4,1,6,4,2,1,4,1,4,1,2,1,2,2,3,2,1,1,1,3,4,1,3,1,2,2,1,2,4,12,4,1,5,3,1,3,1,2,1,3,2,14,3,3"
196,0.9882499014639248,0.28431372549019607,5201.0,"4,12,3,3,2,6,6,3,1,9,4,2,6,2,1,4,1,1,4,2,1,8,4,15,11,3,4,3,1,2,2,2,3,3,3,3,1,2,1,3,2,3,4,4,4,3,1,4,4,3,4,1,3,2,1,1,2,1,1,4,3,1,1,3,4,1,4,2,3,1,1,2,4,4,3,1,3,2,4,2,3,1,1,3,1,3,3,3,4,1,2,1,3,4,4,2,4,4,2,2,4,3,3,3,3,4,3,1,2,1,1,2,2,2,4,1,4,2,3,2,1,3,4,4,4,4,1,2,1,3,1,2,2,2,3,2,1,4,2,1,4,2,1,1,3,3,2,1,2,2,4,1,1,2,2,2,4,1,2,1,3,2,3,2,2,3,1,2,1,1,3,4,2,3,3,1,2,2,2,2,3,3,3,4,2,4,4,3,2,2,2,4,1,2,1,1,2,2,3,2,1,4,3,4,3,4,2,1,3,3,1,2,1,1,3,3,2,2,2,2,1,2,4,4,3,3,1,3,1,4,3,1,3,3,3,1,2,4,1,3,1,1,4,2,1,2,4,2,3,3,1,3,2,1,1,2,1,4,2,2,1,2,1,3,2,3,2,1,4,3,4,4,2,2,2,3,2,4,2,2,1,4,2,3,2,1,1,3,3,1,2,1,4,4,3,1,3,4,1,4,1,2,4,1,2,1,4,1,4,4,4,2,2,4,4,2,2,3,2,3,4,3,4,1,2,4,1,2,4,1,1,2,3,3,3,4,2,3,1,1,1,4,3,3,2,2,1,2,4,1,3,4,3,4,1,2,2,2,2,1,2,3,2,4,3,3,1,2,2,1,4,1,4,2,1,2,4,1,1,4,4,3,2,2,1,1,3,4,3,3,4,2,4,1,1,3,2,2,3,3,2,4,1,3,2,3,1,2,3,10,1,4,3,3,12,1,9,2,1,4,1,4,1,3,2,15,2,4,3,3,4,1,3,2,3,3,14,6,13,3,2,1,15,14,4,8,1,3,11,3,15,3,10,2,10,3,4,2,3,3,2,4,1,3,7,2,3,2,1,3,2,4,4,3,13,4,3,2,2,3,4,2,4,4,15,4,3,9,4,2,10,2,1,5,3,1,1,3,3,2,2,6,4,1,2,1,3,6,2,1,3,1,2,1,1,2,4,2,3,1,1,1,4,4,1,14,2,2,1,4,2,4,2,2,2,1,4,2,3,3,10,4,1,1,1,2,1,1,2,2,2,2,1,3,4,1,3,4,3,2,1,4,3,1,1,2,2,3,6,2,2,1,4,1,1,1,4,4,2,1,2,4,2,3,3,2,9,1,4,1,5,4,1,8,13,2,2,1,4,10,9,2,3,1,13,2,8,13,6,3,2,2,3,1,15,3,2,4,1,1,3,3,2,1,15,3,1,3,1,3,2,3,1,1,3,2,1,1,1,2,12,1,2,4,3,2,4,3,3,2,4,2,4,4,1,14,3,3,3,4,4,3,13,1,1,4,2,1,5,1,4,7,2,3,1,2,9,2,1,2,4,2,1,3,3,4,1,3,1,1,3,4,1,4,3,1,4,1,7,1,1,9,3,4,3,3,3,2,5,3,4,3,1,3,10,3,1,7,4,4,4,3,3,2,1,4,2,6,2,3,1,2,1,1,2,4,7,4,2,8,2,1,3,1,3,4,2,3,2,3,9,3,4,1,3,3,2,1,10,1,3,4,1,13,2,4,1,1,2,3,7,4,4,2,8,3,4,3,2,11,2,4,5,1,15,15,1,3,2,2,3,14,3,12,3,4,4,1,3,1,2,9,1,4,1,2,1,1,3,1,4,1,4,3,4,4,4,11,3,3,2,3,11,14,14,12,8,5,11,11,15,10,12,11,1,8,13,15,4,10,9,1,11,1,9,7,13,6,7,11,12,5,11,9,7,3,9,13,10,3,10,8,7,15,5,10,15,10,11,13,14,14,6,1,13,7,4,9,3,6,7,11,9,15,5,3,2,9,4,8,2,1,2,15,10,14,11,7,4,2,4,14,15,3,11,5,13,12,4,15,9,3,9,9,1,9,1,7,6,8,5,5,7,12,13,6,11,6,7,10,15,1,7,11,6,9,12,10,7,9,2,11,12,7,11,6,10,12,12,7,8,8,14,12,13,14,13,10,15,11,2,3,9,9,2,7,3,15,9,10,7,13,15,2,2,4,1,2,4,2,4,2,3,3,2,1,1,4,4,4,3,1,3,4,4,2,2,2,3,1,4,1,3,1,1,2,2,2,1,4,1,2,9,9,13,12,9,11,12,6,1,11,1,1,7,12,15,2,14,8,7,14,4,2,14,10,10,15,4,15,4,6,9,15,11,5,12,14,7,1,10,8,5,1,1,15,8,2,12,11,6,2,5,11,5,5,11,4,9,2,7,12,3,9,8,7,3,12,7,12,7,11,11,6,13,7,15,3,7,3,4,11,10,7,9,15,2,3,5,3,11,8,11,11,10,2,7,5,2,9,7,15,13,8,3,13,7,11,10,6,15,14,2,2,6,3,8,13,3,12,8,10,6,3,8,9,12,3,11,2,5,3,2,1,6,13,12,3,1,6,5,2,4,12,9,1,11,6,10,2,12,9,14,14,7,2,6,9,9,2,9,5,15,8,14,7,12,3,3,4,1,14,9,15,6,3,5,9,6,8,8,9,9,1,9,6,4,2,9,1,2,14,9,8,15,7,5,9,9,1,2,6,6,4,7,13,2,15,2,1,4,2,4,1,4,3,1,3,2,2,1,3,13,1,1,1,4,3,3,2,4,4,4,4,4,2,2,9,1,4,3,4,1,3,5,3,2,4,4,1,4,3,3,3,1,2,4,3,3,4,1,4,8,3,3,4,4,2,4,11,3,2,2,5,4,2,13,2,4,1,4,3,4,4,3,2,2,2,4,2,2,3,2,13,8,3,2,4,2,2,9,4,1,1,4,4,9,3,3,1,1,2,15,2,3,9,1,1,2,2,4,3,10,3,9,1,3,3,4,15,4,1,3,4,1,4,2,2,3,4,4,3,2,3,2,2,3,4,3,1,2,4,3,3,4,2,1,1,3,1,4,3,1,3,2,1,4,1,1,3,3,2,3,3,1,3,2,4,2,2,1,1,2,1,1,4,4,1,2,1,2,2,2,3,4,1,2,4,1,1,3,4,2,2,4,3,4,2,3,1,4,3,3,2,1,1,4,3,2,2,3,1,4,1,3,1,1,4,1,4,4,3,4,3,2,3,2,1,2,2,2,1,1,1,2,3,4,1,1,3,3,3,1,4,2,3,4,1,2,3,2,1,3,4,4,2,4,4,1,1,4,2,4,1,2,2,3,3,4,3,1,2,1,3,1,2,3,1,1,3,2,4,1,2,3,1,2,2,2,2,1,2,1,3,4,1,3,2,3,2,1,2,4,2,4,2,4,2,3,1,4,2,1,2,10,4,14,4,2,1,4,4,1,9,3,2,4,3,3,6,1,5,1,2,14,3,3,4,1,1,1,2,9,2,2,4,1,2,3,3,1,11,2,3,1,3,11,1,3,2,2,1,3,2,7,7,7,2,3,4,2,2,1,2,2,4,3,4,1,4,3,1,8,2,3,4,1,3,10,1,3,2,6,3,15,3,3,2,5,2,3,3,1,3,1,4,1,14,4,1,1,4,4,2,1,2,4,1,6,4,2,1,4,1,4,1,2,1,2,2,3,2,1,1,1,3,4,1,3,1,2,2,1,2,4,12,4,1,5,3,1,3,1,2,1,3,2,14,3,3"
197,0.9882499014639248,0.28431372549019607,5201.0,"4,12,3,3,2,6,6,3,1,9,4,2,6,2,1,4,1,1,4,2,1,8,4,15,11,3,4,3,1,2,2,2,3,3,3,3,1,2,1,3,2,3,4,4,4,3,1,4,4,3,4,1,3,2,1,1,2,1,1,4,3,1,1,3,4,1,4,2,3,1,1,2,4,4,3,1,3,2,4,2,3,1,1,3,1,3,3,3,4,1,2,1,3,4,4,2,4,4,2,2,4,3,3,3,3,4,3,1,2,1,1,2,2,2,4,1,4,2,3,2,1,3,4,4,4,4,1,2,1,3,1,2,2,2,3,2,1,4,2,1,4,2,1,1,3,3,2,1,2,2,4,1,1,2,2,2,4,1,2,1,3,2,3,2,2,3,1,2,1,1,3,4,2,3,3,1,2,2,2,2,3,3,3,4,2,4,4,3,2,2,2,4,1,2,1,1,2,2,3,2,1,4,3,4,3,4,2,1,3,3,1,2,1,1,3,3,2,2,2,2,1,2,4,4,3,3,1,3,1,4,3,1,3,3,3,1,2,4,1,3,1,1,4,2,1,2,4,2,3,3,1,3,2,1,1,2,1,4,2,2,1,2,1,3,2,3,2,1,4,3,4,4,2,2,2,3,2,4,2,2,1,4,2,3,2,1,1,3,3,1,2,1,4,4,3,1,3,4,1,4,1,2,4,1,2,1,4,1,4,4,4,2,2,4,4,2,2,3,2,3,4,3,4,1,2,4,1,2,4,1,1,2,3,3,3,4,2,3,1,1,1,4,3,3,2,2,1,2,4,1,3,4,3,4,1,2,2,2,2,1,2,3,2,4,3,3,1,2,2,1,4,1,4,2,1,2,4,1,1,4,4,3,2,2,1,1,3,4,3,3,4,2,4,1,1,3,2,2,3,3,2,4,1,3,2,3,1,2,3,10,1,4,3,3,12,1,9,2,1,4,1,4,1,3,2,15,2,4,3,3,4,1,3,2,3,3,14,6,13,3,2,1,15,14,4,8,1,3,11,3,15,3,10,2,10,3,4,2,3,3,2,4,1,3,7,2,3,2,1,3,2,4,4,3,13,4,3,2,2,3,4,2,4,4,15,4,3,9,4,2,10,2,1,5,3,1,1,3,3,2,2,6,4,1,2,1,3,6,2,1,3,1,2,1,1,2,4,2,3,1,1,1,4,4,1,14,2,2,1,4,2,4,2,2,2,1,4,2,3,3,10,4,1,1,1,2,1,1,2,2,2,2,1,3,4,1,3,4,3,2,1,4,3,1,1,2,2,3,6,2,2,1,4,1,1,1,4,4,2,1,2,4,2,3,3,2,9,1,4,1,5,4,1,8,13,2,2,1,4,10,9,2,3,1,13,2,8,13,6,3,2,2,3,1,15,3,2,4,1,1,3,3,2,1,15,3,1,3,1,3,2,3,1,1,3,2,1,1,1,2,12,1,2,4,3,2,4,3,3,2,4,2,4,4,1,14,3,3,3,4,4,3,13,1,1,4,2,1,5,1,4,7,2,3,1,2,9,2,1,2,4,2,1,3,3,4,1,3,1,1,3,4,1,4,3,1,4,1,7,1,1,9,3,4,3,3,3,2,5,3,4,3,1,3,10,3,1,7,4,4,4,3,3,2,1,4,2,6,2,3,1,2,1,1,2,4,7,4,2,8,2,1,3,1,3,4,2,3,2,3,9,3,4,1,3,3,2,1,10,1,3,4,1,13,2,4,1,1,2,3,7,4,4,2,8,3,4,3,2,11,2,4,5,1,15,15,1,3,2,2,3,14,3,12,3,4,4,1,3,1,2,9,1,4,1,2,1,1,3,1,4,1,4,3,4,4,4,11,3,3,2,3,11,14,14,12,8,5,11,11,15,10,12,11,1,8,13,15,4,10,9,1,11,1,9,7,13,6,7,11,12,5,11,9,7,3,9,13,10,3,10,8,7,15,5,10,15,10,11,13,14,14,6,1,13,7,4,9,3,6,7,11,9,15,5,3,2,9,4,8,2,1,2,15,10,14,11,7,4,2,4,14,15,3,11,5,13,12,4,15,9,3,9,9,1,9,1,7,6,8,5,5,7,12,13,6,11,6,7,10,15,1,7,11,6,9,12,10,7,9,2,11,12,7,11,6,10,12,12,7,8,8,14,12,13,14,13,10,15,11,2,3,9,9,2,7,3,15,9,10,7,13,15,2,2,4,1,2,4,2,4,2,3,3,2,1,1,4,4,4,3,1,3,4,4,2,2,2,3,1,4,1,3,1,1,2,2,2,1,4,1,2,9,9,13,12,9,11,12,6,1,11,1,1,7,12,15,2,14,8,7,14,4,2,14,10,10,15,4,15,4,6,9,15,11,5,12,14,7,1,10,8,5,1,1,15,8,2,12,11,6,2,5,11,5,5,11,4,9,2,7,12,3,9,8,7,3,12,7,12,7,11,11,6,13,7,15,3,7,3,4,11,10,7,9,15,2,3,5,3,11,8,11,11,10,2,7,5,2,9,7,15,13,8,3,13,7,11,10,6,15,14,2,2,6,3,8,13,3,12,8,10,6,3,8,9,12,3,11,2,5,3,2,1,6,13,12,3,1,6,5,2,4,12,9,1,11,6,10,2,12,9,14,14,7,2,6,9,9,2,9,5,15,8,14,7,12,3,3,4,1,14,9,15,6,3,5,9,6,8,8,9,9,1,9,6,4,2,9,1,2,14,9,8,15,7,5,9,9,1,2,6,6,4,7,13,2,15,2,1,4,2,4,1,4,3,1,3,2,2,1,3,13,1,1,1,4,3,3,2,4,4,4,4,4,2,2,9,1,4,3,4,1,3,5,3,2,4,4,1,4,3,3,3,1,2,4,3,3,4,1,4,8,3,3,4,4,2,4,11,3,2,2,5,4,2,13,2,4,1,4,3,4,4,3,2,2,2,4,2,2,3,2,13,8,3,2,4,2,2,9,4,1,1,4,4,9,3,3,1,1,2,15,2,3,9,1,1,2,2,4,3,10,3,9,1,3,3,4,15,4,1,3,4,1,4,2,2,3,4,4,3,2,3,2,2,3,4,3,1,2,4,3,3,4,2,1,1,3,1,4,3,1,3,2,1,4,1,1,3,3,2,3,3,1,3,2,4,2,2,1,1,2,1,1,4,4,1,2,1,2,2,2,3,4,1,2,4,1,1,3,4,2,2,4,3,4,2,3,1,4,3,3,2,1,1,4,3,2,2,3,1,4,1,3,1,1,4,1,4,4,3,4,3,2,3,2,1,2,2,2,1,1,1,2,3,4,1,1,3,3,3,1,4,2,3,4,1,2,3,2,1,3,4,4,2,4,4,1,1,4,2,4,1,2,2,3,3,4,3,1,2,1,3,1,2,3,1,1,3,2,4,1,2,3,1,2,2,2,2,1,2,1,3,4,1,3,2,3,2,1,2,4,2,4,2,4,2,3,1,4,2,1,2,10,4,14,4,2,1,4,4,1,9,3,2,4,3,3,6,1,5,1,2,14,3,3,4,1,1,1,2,9,2,2,4,1,2,3,3,1,11,2,3,1,3,11,1,3,2,2,1,3,2,7,7,7,2,3,4,2,2,1,2,2,4,3,4,1,4,3,1,8,2,3,4,1,3,10,1,3,2,6,3,15,3,3,2,5,2,3,3,1,3,1,4,1,14,4,1,1,4,4,2,1,2,4,1,6,4,2,1,4,1,4,1,2,1,2,2,3,2,1,1,1,3,4,1,3,1,2,2,1,2,4,12,4,1,5,3,1,3,1,2,1,3,2,14,3,3"
198,0.9882499014639248,0.28431372549019607,5201.0,"4,12,3,3,2,6,6,3,1,9,4,2,6,2,1,4,1,1,4,2,1,8,4,15,11,3,4,3,1,2,2,2,3,3,3,3,1,2,1,3,2,3,4,4,4,3,1,4,4,3,4,1,3,2,1,1,2,1,1,4,3,1,1,3,4,1,4,2,3,1,1,2,4,4,3,1,3,2,4,2,3,1,1,3,1,3,3,3,4,1,2,1,3,4,4,2,4,4,2,2,4,3,3,3,3,4,3,1,2,1,1,2,2,2,4,1,4,2,3,2,1,3,4,4,4,4,1,2,1,3,1,2,2,2,3,2,1,4,2,1,4,2,1,1,3,3,2,1,2,2,4,1,1,2,2,2,4,1,2,1,3,2,3,2,2,3,1,2,1,1,3,4,2,3,3,1,2,2,2,2,3,3,3,4,2,4,4,3,2,2,2,4,1,2,1,1,2,2,3,2,1,4,3,4,3,4,2,1,3,3,1,2,1,1,3,3,2,2,2,2,1,2,4,4,3,3,1,3,1,4,3,1,3,3,3,1,2,4,1,3,1,1,4,2,1,2,4,2,3,3,1,3,2,1,1,2,1,4,2,2,1,2,1,3,2,3,2,1,4,3,4,4,2,2,2,3,2,4,2,2,1,4,2,3,2,1,1,3,3,1,2,1,4,4,3,1,3,4,1,4,1,2,4,1,2,1,4,1,4,4,4,2,2,4,4,2,2,3,2,3,4,3,4,1,2,4,1,2,4,1,1,2,3,3,3,4,2,3,1,1,1,4,3,3,2,2,1,2,4,1,3,4,3,4,1,2,2,2,2,1,2,3,2,4,3,3,1,2,2,1,4,1,4,2,1,2,4,1,1,4,4,3,2,2,1,1,3,4,3,3,4,2,4,1,1,3,2,2,3,3,2,4,1,3,2,3,1,2,3,10,1,4,3,3,12,1,9,2,1,4,1,4,1,3,2,15,2,4,3,3,4,1,3,2,3,3,14,6,13,3,2,1,15,14,4,8,1,3,11,3,15,3,10,2,10,3,4,2,3,3,2,4,1,3,7,2,3,2,1,3,2,4,4,3,13,4,3,2,2,3,4,2,4,4,15,4,3,9,4,2,10,2,1,5,3,1,1,3,3,2,2,6,4,1,2,1,3,6,2,1,3,1,2,1,1,2,4,2,3,1,1,1,4,4,1,14,2,2,1,4,2,4,2,2,2,1,4,2,3,3,10,4,1,1,1,2,1,1,2,2,2,2,1,3,4,1,3,4,3,2,1,4,3,1,1,2,2,3,6,2,2,1,4,1,1,1,4,4,2,1,2,4,2,3,3,2,9,1,4,1,5,4,1,8,13,2,2,1,4,10,9,2,3,1,13,2,8,13,6,3,2,2,3,1,15,3,2,4,1,1,3,3,2,1,15,3,1,3,1,3,2,3,1,1,3,2,1,1,1,2,12,1,2,4,3,2,4,3,3,2,4,2,4,4,1,14,3,3,3,4,4,3,13,1,1,4,2,1,5,1,4,7,2,3,1,2,9,2,1,2,4,2,1,3,3,4,1,3,1,1,3,4,1,4,3,1,4,1,7,1,1,9,3,4,3,3,3,2,5,3,4,3,1,3,10,3,1,7,4,4,4,3,3,2,1,4,2,6,2,3,1,2,1,1,2,4,7,4,2,8,2,1,3,1,3,4,2,3,2,3,9,3,4,1,3,3,2,1,10,1,3,4,1,13,2,4,1,1,2,3,7,4,4,2,8,3,4,3,2,11,2,4,5,1,15,15,1,3,2,2,3,14,3,12,3,4,4,1,3,1,2,9,1,4,1,2,1,1,3,1,4,1,4,3,4,4,4,11,3,3,2,3,11,14,14,12,8,5,11,11,15,10,12,11,1,8,13,15,4,10,9,1,11,1,9,7,13,6,7,11,12,5,11,9,7,3,9,13,10,3,10,8,7,15,5,10,15,10,11,13,14,14,6,1,13,7,4,9,3,6,7,11,9,15,5,3,2,9,4,8,2,1,2,15,10,14,11,7,4,2,4,14,15,3,11,5,13,12,4,15,9,3,9,9,1,9,1,7,6,8,5,5,7,12,13,6,11,6,7,10,15,1,7,11,6,9,12,10,7,9,2,11,12,7,11,6,10,12,12,7,8,8,14,12,13,14,13,10,15,11,2,3,9,9,2,7,3,15,9,10,7,13,15,2,2,4,1,2,4,2,4,2,3,3,2,1,1,4,4,4,3,1,3,4,4,2,2,2,3,1,4,1,3,1,1,2,2,2,1,4,1,2,9,9,13,12,9,11,12,6,1,11,1,1,7,12,15,2,14,8,7,14,4,2,14,10,10,15,4,15,4,6,9,15,11,5,12,14,7,1,10,8,5,1,1,15,8,2,12,11,6,2,5,11,5,5,11,4,9,2,7,12,3,9,8,7,3,12,7,12,7,11,11,6,13,7,15,3,7,3,4,11,10,7,9,15,2,3,5,3,11,8,11,11,10,2,7,5,2,9,7,15,13,8,3,13,7,11,10,6,15,14,2,2,6,3,8,13,3,12,8,10,6,3,8,9,12,3,11,2,5,3,2,1,6,13,12,3,1,6,5,2,4,12,9,1,11,6,10,2,12,9,14,14,7,2,6,9,9,2,9,5,15,8,14,7,12,3,3,4,1,14,9,15,6,3,5,9,6,8,8,9,9,1,9,6,4,2,9,1,2,14,9,8,15,7,5,9,9,1,2,6,6,4,7,13,2,15,2,1,4,2,4,1,4,3,1,3,2,2,1,3,13,1,1,1,4,3,3,2,4,4,4,4,4,2,2,9,1,4,3,4,1,3,5,3,2,4,4,1,4,3,3,3,1,2,4,3,3,4,1,4,8,3,3,4,4,2,4,11,3,2,2,5,4,2,13,2,4,1,4,3,4,4,3,2,2,2,4,2,2,3,2,13,8,3,2,4,2,2,9,4,1,1,4,4,9,3,3,1,1,2,15,2,3,9,1,1,2,2,4,3,10,3,9,1,3,3,4,15,4,1,3,4,1,4,2,2,3,4,4,3,2,3,2,2,3,4,3,1,2,4,3,3,4,2,1,1,3,1,4,3,1,3,2,1,4,1,1,3,3,2,3,3,1,3,2,4,2,2,1,1,2,1,1,4,4,1,2,1,2,2,2,3,4,1,2,4,1,1,3,4,2,2,4,3,4,2,3,1,4,3,3,2,1,1,4,3,2,2,3,1,4,1,3,1,1,4,1,4,4,3,4,3,2,3,2,1,2,2,2,1,1,1,2,3,4,1,1,3,3,3,1,4,2,3,4,1,2,3,2,1,3,4,4,2,4,4,1,1,4,2,4,1,2,2,3,3,4,3,1,2,1,3,1,2,3,1,1,3,2,4,1,2,3,1,2,2,2,2,1,2,1,3,4,1,3,2,3,2,1,2,4,2,4,2,4,2,3,1,4,2,1,2,10,4,14,4,2,1,4,4,1,9,3,2,4,3,3,6,1,5,1,2,14,3,3,4,1,1,1,2,9,2,2,4,1,2,3,3,1,11,2,3,1,3,11,1,3,2,2,1,3,2,7,7,7,2,3,4,2,2,1,2,2,4,3,4,1,4,3,1,8,2,3,4,1,3,10,1,3,2,6,3,15,3,3,2,5,2,3,3,1,3,1,4,1,14,4,1,1,4,4,2,1,2,4,1,6,4,2,1,4,1,4,1,2,1,2,2,3,2,1,1,1,3,4,1,3,1,2,2,1,2,4,12,4,1,5,3,1,3,1,2,1,3,2,14,3,3"
199,0.9882499014639248,0.28431372549019607,5201.0,"4,12,3,3,2,6,6,3,1,9,4,2,6,2,1,4,1,1,4,2,1,8,4,15,11,3,4,3,1,2,2,2,3,3,3,3,1,2,1,3,2,3,4,4,4,3,1,4,4,3,4,1,3,2,1,1,2,1,1,4,3,1,1,3,4,1,4,2,3,1,1,2,4,4,3,1,3,2,4,2,3,1,1,3,1,3,3,3,4,1,2,1,3,4,4,2,4,4,2,2,4,3,3,3,3,4,3,1,2,1,1,2,2,2,4,1,4,2,3,2,1,3,4,4,4,4,1,2,1,3,1,2,2,2,3,2,1,4,2,1,4,2,1,1,3,3,2,1,2,2,4,1,1,2,2,2,4,1,2,1,3,2,3,2,2,3,1,2,1,1,3,4,2,3,3,1,2,2,2,2,3,3,3,4,2,4,4,3,2,2,2,4,1,2,1,1,2,2,3,2,1,4,3,4,3,4,2,1,3,3,1,2,1,1,3,3,2,2,2,2,1,2,4,4,3,3,1,3,1,4,3,1,3,3,3,1,2,4,1,3,1,1,4,2,1,2,4,2,3,3,1,3,2,1,1,2,1,4,2,2,1,2,1,3,2,3,2,1,4,3,4,4,2,2,2,3,2,4,2,2,1,4,2,3,2,1,1,3,3,1,2,1,4,4,3,1,3,4,1,4,1,2,4,1,2,1,4,1,4,4,4,2,2,4,4,2,2,3,2,3,4,3,4,1,2,4,1,2,4,1,1,2,3,3,3,4,2,3,1,1,1,4,3,3,2,2,1,2,4,1,3,4,3,4,1,2,2,2,2,1,2,3,2,4,3,3,1,2,2,1,4,1,4,2,1,2,4,1,1,4,4,3,2,2,1,1,3,4,3,3,4,2,4,1,1,3,2,2,3,3,2,4,1,3,2,3,1,2,3,10,1,4,3,3,12,1,9,2,1,4,1,4,1,3,2,15,2,4,3,3,4,1,3,2,3,3,14,6,13,3,2,1,15,14,4,8,1,3,11,3,15,3,10,2,10,3,4,2,3,3,2,4,1,3,7,2,3,2,1,3,2,4,4,3,13,4,3,2,2,3,4,2,4,4,15,4,3,9,4,2,10,2,1,5,3,1,1,3,3,2,2,6,4,1,2,1,3,6,2,1,3,1,2,1,1,2,4,2,3,1,1,1,4,4,1,14,2,2,1,4,2,4,2,2,2,1,4,2,3,3,10,4,1,1,1,2,1,1,2,2,2,2,1,3,4,1,3,4,3,2,1,4,3,1,1,2,2,3,6,2,2,1,4,1,1,1,4,4,2,1,2,4,2,3,3,2,9,1,4,1,5,4,1,8,13,2,2,1,4,10,9,2,3,1,13,2,8,13,6,3,2,2,3,1,15,3,2,4,1,1,3,3,2,1,15,3,1,3,1,3,2,3,1,1,3,2,1,1,1,2,12,1,2,4,3,2,4,3,3,2,4,2,4,4,1,14,3,3,3,4,4,3,13,1,1,4,2,1,5,1,4,7,2,3,1,2,9,2,1,2,4,2,1,3,3,4,1,3,1,1,3,4,1,4,3,1,4,1,7,1,1,9,3,4,3,3,3,2,5,3,4,3,1,3,10,3,1,7,4,4,4,3,3,2,1,4,2,6,2,3,1,2,1,1,2,4,7,4,2,8,2,1,3,1,3,4,2,3,2,3,9,3,4,1,3,3,2,1,10,1,3,4,1,13,2,4,1,1,2,3,7,4,4,2,8,3,4,3,2,11,2,4,5,1,15,15,1,3,2,2,3,14,3,12,3,4,4,1,3,1,2,9,1,4,1,2,1,1,3,1,4,1,4,3,4,4,4,11,3,3,2,3,11,14,14,12,8,5,11,11,15,10,12,11,1,8,13,15,4,10,9,1,11,1,9,7,13,6,7,11,12,5,11,9,7,3,9,13,10,3,10,8,7,15,5,10,15,10,11,13,14,14,6,1,13,7,4,9,3,6,7,11,9,15,5,3,2,9,4,8,2,1,2,15,10,14,11,7,4,2,4,14,15,3,11,5,13,12,4,15,9,3,9,9,1,9,1,7,6,8,5,5,7,12,13,6,11,6,7,10,15,1,7,11,6,9,12,10,7,9,2,11,12,7,11,6,10,12,12,7,8,8,14,12,13,14,13,10,15,11,2,3,9,9,2,7,3,15,9,10,7,13,15,2,2,4,1,2,4,2,4,2,3,3,2,1,1,4,4,4,3,1,3,4,4,2,2,2,3,1,4,1,3,1,1,2,2,2,1,4,1,2,9,9,13,12,9,11,12,6,1,11,1,1,7,12,15,2,14,8,7,14,4,2,14,10,10,15,4,15,4,6,9,15,11,5,12,14,7,1,10,8,5,1,1,15,8,2,12,11,6,2,5,11,5,5,11,4,9,2,7,12,3,9,8,7,3,12,7,12,7,11,11,6,13,7,15,3,7,3,4,11,10,7,9,15,2,3,5,3,11,8,11,11,10,2,7,5,2,9,7,15,13,8,3,13,7,11,10,6,15,14,2,2,6,3,8,13,3,12,8,10,6,3,8,9,12,3,11,2,5,3,2,1,6,13,12,3,1,6,5,2,4,12,9,1,11,6,10,2,12,9,14,14,7,2,6,9,9,2,9,5,15,8,14,7,12,3,3,4,1,14,9,15,6,3,5,9,6,8,8,9,9,1,9,6,4,2,9,1,2,14,9,8,15,7,5,9,9,1,2,6,6,4,7,13,2,15,2,1,4,2,4,1,4,3,1,3,2,2,1,3,13,1,1,1,4,3,3,2,4,4,4,4,4,2,2,9,1,4,3,4,1,3,5,3,2,4,4,1,4,3,3,3,1,2,4,3,3,4,1,4,8,3,3,4,4,2,4,11,3,2,2,5,4,2,13,2,4,1,4,3,4,4,3,2,2,2,4,2,2,3,2,13,8,3,2,4,2,2,9,4,1,1,4,4,9,3,3,1,1,2,15,2,3,9,1,1,2,2,4,3,10,3,9,1,3,3,4,15,4,1,3,4,1,4,2,2,3,4,4,3,2,3,2,2,3,4,3,1,2,4,3,3,4,2,1,1,3,1,4,3,1,3,2,1,4,1,1,3,3,2,3,3,1,3,2,4,2,2,1,1,2,1,1,4,4,1,2,1,2,2,2,3,4,1,2,4,1,1,3,4,2,2,4,3,4,2,3,1,4,3,3,2,1,1,4,3,2,2,3,1,4,1,3,1,1,4,1,4,4,3,4,3,2,3,2,1,2,2,2,1,1,1,2,3,4,1,1,3,3,3,1,4,2,3,4,1,2,3,2,1,3,4,4,2,4,4,1,1,4,2,4,1,2,2,3,3,4,3,1,2,1,3,1,2,3,1,1,3,2,4,1,2,3,1,2,2,2,2,1,2,1,3,4,1,3,2,3,2,1,2,4,2,4,2,4,2,3,1,4,2,1,2,10,4,14,4,2,1,4,4,1,9,3,2,4,3,3,6,1,5,1,2,14,3,3,4,1,1,1,2,9,2,2,4,1,2,3,3,1,11,2,3,1,3,11,1,3,2,2,1,3,2,7,7,7,2,3,4,2,2,1,2,2,4,3,4,1,4,3,1,8,2,3,4,1,3,10,1,3,2,6,3,15,3,3,2,5,2,3,3,1,3,1,4,1,14,4,1,1,4,4,2,1,2,4,1,6,4,2,1,4,1,4,1,2,1,2,2,3,2,1,1,1,3,4,1,3,1,2,2,1,2,4,12,4,1,5,3,1,3,1,2,1,3,2,14,3,3"
200,0.9882499014639248,0.28431372549019607,5201.0,"4,12,3,3,2,6,6,3,1,9,4,2,6,2,1,4,1,1,4,2,1,8,4,15,11,3,4,3,1,2,2,2,3,3,3,3,1,2,1,3,2,3,4,4,4,3,1,4,4,3,4,1,3,2,1,1,2,1,1,4,3,1,1,3,4,1,4,2,3,1,1,2,4,4,3,1,3,2,4,2,3,1,1,3,1,3,3,3,4,1,2,1,3,4,4,2,4,4,2,2,4,3,3,3,3,4,3,1,2,1,1,2,2,2,4,1,4,2,3,2,1,3,4,4,4,4,1,2,1,3,1,2,2,2,3,2,1,4,2,1,4,2,1,1,3,3,2,1,2,2,4,1,1,2,2,2,4,1,2,1,3,2,3,2,2,3,1,2,1,1,3,4,2,3,3,1,2,2,2,2,3,3,3,4,2,4,4,3,2,2,2,4,1,2,1,1,2,2,3,2,1,4,3,4,3,4,2,1,3,3,1,2,1,1,3,3,2,2,2,2,1,2,4,4,3,3,1,3,1,4,3,1,3,3,3,1,2,4,1,3,1,1,4,2,1,2,4,2,3,3,1,3,2,1,1,2,1,4,2,2,1,2,1,3,2,3,2,1,4,3,4,4,2,2,2,3,2,4,2,2,1,4,2,3,2,1,1,3,3,1,2,1,4,4,3,1,3,4,1,4,1,2,4,1,2,1,4,1,4,4,4,2,2,4,4,2,2,3,2,3,4,3,4,1,2,4,1,2,4,1,1,2,3,3,3,4,2,3,1,1,1,4,3,3,2,2,1,2,4,1,3,4,3,4,1,2,2,2,2,1,2,3,2,4,3,3,1,2,2,1,4,1,4,2,1,2,4,1,1,4,4,3,2,2,1,1,3,4,3,3,4,2,4,1,1,3,2,2,3,3,2,4,1,3,2,3,1,2,3,10,1,4,3,3,12,1,9,2,1,4,1,4,1,3,2,15,2,4,3,3,4,1,3,2,3,3,14,6,13,3,2,1,15,14,4,8,1,3,11,3,15,3,10,2,10,3,4,2,3,3,2,4,1,3,7,2,3,2,1,3,2,4,4,3,13,4,3,2,2,3,4,2,4,4,15,4,3,9,4,2,10,2,1,5,3,1,1,3,3,2,2,6,4,1,2,1,3,6,2,1,3,1,2,1,1,2,4,2,3,1,1,1,4,4,1,14,2,2,1,4,2,4,2,2,2,1,4,2,3,3,10,4,1,1,1,2,1,1,2,2,2,2,1,3,4,1,3,4,3,2,1,4,3,1,1,2,2,3,6,2,2,1,4,1,1,1,4,4,2,1,2,4,2,3,3,2,9,1,4,1,5,4,1,8,13,2,2,1,4,10,9,2,3,1,13,2,8,13,6,3,2,2,3,1,15,3,2,4,1,1,3,3,2,1,15,3,1,3,1,3,2,3,1,1,3,2,1,1,1,2,12,1,2,4,3,2,4,3,3,2,4,2,4,4,1,14,3,3,3,4,4,3,13,1,1,4,2,1,5,1,4,7,2,3,1,2,9,2,1,2,4,2,1,3,3,4,1,3,1,1,3,4,1,4,3,1,4,1,7,1,1,9,3,4,3,3,3,2,5,3,4,3,1,3,10,3,1,7,4,4,4,3,3,2,1,4,2,6,2,3,1,2,1,1,2,4,7,4,2,8,2,1,3,1,3,4,2,3,2,3,9,3,4,1,3,3,2,1,10,1,3,4,1,13,2,4,1,1,2,3,7,4,4,2,8,3,4,3,2,11,2,4,5,1,15,15,1,3,2,2,3,14,3,12,3,4,4,1,3,1,2,9,1,4,1,2,1,1,3,1,4,1,4,3,4,4,4,11,3,3,2,3,11,14,14,12,8,5,11,11,15,10,12,11,1,8,13,15,4,10,9,1,11,1,9,7,13,6,7,11,12,5,11,9,7,3,9,13,10,3,10,8,7,15,5,10,15,10,11,13,14,14,6,1,13,7,4,9,3,6,7,11,9,15,5,3,2,9,4,8,2,1,2,15,10,14,11,7,4,2,4,14,15,3,11,5,13,12,4,15,9,3,9,9,1,9,1,7,6,8,5,5,7,12,13,6,11,6,7,10,15,1,7,11,6,9,12,10,7,9,2,11,12,7,11,6,10,12,12,7,8,8,14,12,13,14,13,10,15,11,2,3,9,9,2,7,3,15,9,10,7,13,15,2,2,4,1,2,4,2,4,2,3,3,2,1,1,4,4,4,3,1,3,4,4,2,2,2,3,1,4,1,3,1,1,2,2,2,1,4,1,2,9,9,13,12,9,11,12,6,1,11,1,1,7,12,15,2,14,8,7,14,4,2,14,10,10,15,4,15,4,6,9,15,11,5,12,14,7,1,10,8,5,1,1,15,8,2,12,11,6,2,5,11,5,5,11,4,9,2,7,12,3,9,8,7,3,12,7,12,7,11,11,6,13,7,15,3,7,3,4,11,10,7,9,15,2,3,5,3,11,8,11,11,10,2,7,5,2,9,7,15,13,8,3,13,7,11,10,6,15,14,2,2,6,3,8,13,3,12,8,10,6,3,8,9,12,3,11,2,5,3,2,1,6,13,12,3,1,6,5,2,4,12,9,1,11,6,10,2,12,9,14,14,7,2,6,9,9,2,9,5,15,8,14,7,12,3,3,4,1,14,9,15,6,3,5,9,6,8,8,9,9,1,9,6,4,2,9,1,2,14,9,8,15,7,5,9,9,1,2,6,6,4,7,13,2,15,2,1,4,2,4,1,4,3,1,3,2,2,1,3,13,1,1,1,4,3,3,2,4,4,4,4,4,2,2,9,1,4,3,4,1,3,5,3,2,4,4,1,4,3,3,3,1,2,4,3,3,4,1,4,8,3,3,4,4,2,4,11,3,2,2,5,4,2,13,2,4,1,4,3,4,4,3,2,2,2,4,2,2,3,2,13,8,3,2,4,2,2,9,4,1,1,4,4,9,3,3,1,1,2,15,2,3,9,1,1,2,2,4,3,10,3,9,1,3,3,4,15,4,1,3,4,1,4,2,2,3,4,4,3,2,3,2,2,3,4,3,1,2,4,3,3,4,2,1,1,3,1,4,3,1,3,2,1,4,1,1,3,3,2,3,3,1,3,2,4,2,2,1,1,2,1,1,4,4,1,2,1,2,2,2,3,4,1,2,4,1,1,3,4,2,2,4,3,4,2,3,1,4,3,3,2,1,1,4,3,2,2,3,1,4,1,3,1,1,4,1,4,4,3,4,3,2,3,2,1,2,2,2,1,1,1,2,3,4,1,1,3,3,3,1,4,2,3,4,1,2,3,2,1,3,4,4,2,4,4,1,1,4,2,4,1,2,2,3,3,4,3,1,2,1,3,1,2,3,1,1,3,2,4,1,2,3,1,2,2,2,2,1,2,1,3,4,1,3,2,3,2,1,2,4,2,4,2,4,2,3,1,4,2,1,2,10,4,14,4,2,1,4,4,1,9,3,2,4,3,3,6,1,5,1,2,14,3,3,4,1,1,1,2,9,2,2,4,1,2,3,3,1,11,2,3,1,3,11,1,3,2,2,1,3,2,7,7,7,2,3,4,2,2,1,2,2,4,3,4,1,4,3,1,8,2,3,4,1,3,10,1,3,2,6,3,15,3,3,2,5,2,3,3,1,3,1,4,1,14,4,1,1,4,4,2,1,2,4,1,6,4,2,1,4,1,4,1,2,1,2,2,3,2,1,1,1,3,4,1,3,1,2,2,1,2,4,12,4,1,5,3,1,3,1,2,1,3,2,14,3,3"
201,0.9882499014639248,0.28431372549019607,5201.0,"4,12,3,3,2,6,6,3,1,9,4,2,6,2,1,4,1,1,4,2,1,8,4,15,11,3,4,3,1,2,2,2,3,3,3,3,1,2,1,3,2,3,4,4,4,3,1,4,4,3,4,1,3,2,1,1,2,1,1,4,3,1,1,3,4,1,4,2,3,1,1,2,4,4,3,1,3,2,4,2,3,1,1,3,1,3,3,3,4,1,2,1,3,4,4,2,4,4,2,2,4,3,3,3,3,4,3,1,2,1,1,2,2,2,4,1,4,2,3,2,1,3,4,4,4,4,1,2,1,3,1,2,2,2,3,2,1,4,2,1,4,2,1,1,3,3,2,1,2,2,4,1,1,2,2,2,4,1,2,1,3,2,3,2,2,3,1,2,1,1,3,4,2,3,3,1,2,2,2,2,3,3,3,4,2,4,4,3,2,2,2,4,1,2,1,1,2,2,3,2,1,4,3,4,3,4,2,1,3,3,1,2,1,1,3,3,2,2,2,2,1,2,4,4,3,3,1,3,1,4,3,1,3,3,3,1,2,4,1,3,1,1,4,2,1,2,4,2,3,3,1,3,2,1,1,2,1,4,2,2,1,2,1,3,2,3,2,1,4,3,4,4,2,2,2,3,2,4,2,2,1,4,2,3,2,1,1,3,3,1,2,1,4,4,3,1,3,4,1,4,1,2,4,1,2,1,4,1,4,4,4,2,2,4,4,2,2,3,2,3,4,3,4,1,2,4,1,2,4,1,1,2,3,3,3,4,2,3,1,1,1,4,3,3,2,2,1,2,4,1,3,4,3,4,1,2,2,2,2,1,2,3,2,4,3,3,1,2,2,1,4,1,4,2,1,2,4,1,1,4,4,3,2,2,1,1,3,4,3,3,4,2,4,1,1,3,2,2,3,3,2,4,1,3,2,3,1,2,3,10,1,4,3,3,12,1,9,2,1,4,1,4,1,3,2,15,2,4,3,3,4,1,3,2,3,3,14,6,13,3,2,1,15,14,4,8,1,3,11,3,15,3,10,2,10,3,4,2,3,3,2,4,1,3,7,2,3,2,1,3,2,4,4,3,13,4,3,2,2,3,4,2,4,4,15,4,3,9,4,2,10,2,1,5,3,1,1,3,3,2,2,6,4,1,2,1,3,6,2,1,3,1,2,1,1,2,4,2,3,1,1,1,4,4,1,14,2,2,1,4,2,4,2,2,2,1,4,2,3,3,10,4,1,1,1,2,1,1,2,2,2,2,1,3,4,1,3,4,3,2,1,4,3,1,1,2,2,3,6,2,2,1,4,1,1,1,4,4,2,1,2,4,2,3,3,2,9,1,4,1,5,4,1,8,13,2,2,1,4,10,9,2,3,1,13,2,8,13,6,3,2,2,3,1,15,3,2,4,1,1,3,3,2,1,15,3,1,3,1,3,2,3,1,1,3,2,1,1,1,2,12,1,2,4,3,2,4,3,3,2,4,2,4,4,1,14,3,3,3,4,4,3,13,1,1,4,2,1,5,1,4,7,2,3,1,2,9,2,1,2,4,2,1,3,3,4,1,3,1,1,3,4,1,4,3,1,4,1,7,1,1,9,3,4,3,3,3,2,5,3,4,3,1,3,10,3,1,7,4,4,4,3,3,2,1,4,2,6,2,3,1,2,1,1,2,4,7,4,2,8,2,1,3,1,3,4,2,3,2,3,9,3,4,1,3,3,2,1,10,1,3,4,1,13,2,4,1,1,2,3,7,4,4,2,8,3,4,3,2,11,2,4,5,1,15,15,1,3,2,2,3,14,3,12,3,4,4,1,3,1,2,9,1,4,1,2,1,1,3,1,4,1,4,3,4,4,4,11,3,3,2,3,11,14,14,12,8,5,11,11,15,10,12,11,1,8,13,15,4,10,9,1,11,1,9,7,13,6,7,11,12,5,11,9,7,3,9,13,10,3,10,8,7,15,5,10,15,10,11,13,14,14,6,1,13,7,4,9,3,6,7,11,9,15,5,3,2,9,4,8,2,1,2,15,10,14,11,7,4,2,4,14,15,3,11,5,13,12,4,15,9,3,9,9,1,9,1,7,6,8,5,5,7,12,13,6,11,6,7,10,15,1,7,11,6,9,12,10,7,9,2,11,12,7,11,6,10,12,12,7,8,8,14,12,13,14,13,10,15,11,2,3,9,9,2,7,3,15,9,10,7,13,15,2,2,4,1,2,4,2,4,2,3,3,2,1,1,4,4,4,3,1,3,4,4,2,2,2,3,1,4,1,3,1,1,2,2,2,1,4,1,2,9,9,13,12,9,11,12,6,1,11,1,1,7,12,15,2,14,8,7,14,4,2,14,10,10,15,4,15,4,6,9,15,11,5,12,14,7,1,10,8,5,1,1,15,8,2,12,11,6,2,5,11,5,5,11,4,9,2,7,12,3,9,8,7,3,12,7,12,7,11,11,6,13,7,15,3,7,3,4,11,10,7,9,15,2,3,5,3,11,8,11,11,10,2,7,5,2,9,7,15,13,8,3,13,7,11,10,6,15,14,2,2,6,3,8,13,3,12,8,10,6,3,8,9,12,3,11,2,5,3,2,1,6,13,12,3,1,6,5,2,4,12,9,1,11,6,10,2,12,9,14,14,7,2,6,9,9,2,9,5,15,8,14,7,12,3,3,4,1,14,9,15,6,3,5,9,6,8,8,9,9,1,9,6,4,2,9,1,2,14,9,8,15,7,5,9,9,1,2,6,6,4,7,13,2,15,2,1,4,2,4,1,4,3,1,3,2,2,1,3,13,1,1,1,4,3,3,2,4,4,4,4,4,2,2,9,1,4,3,4,1,3,5,3,2,4,4,1,4,3,3,3,1,2,4,3,3,4,1,4,8,3,3,4,4,2,4,11,3,2,2,5,4,2,13,2,4,1,4,3,4,4,3,2,2,2,4,2,2,3,2,13,8,3,2,4,2,2,9,4,1,1,4,4,9,3,3,1,1,2,15,2,3,9,1,1,2,2,4,3,10,3,9,1,3,3,4,15,4,1,3,4,1,4,2,2,3,4,4,3,2,3,2,2,3,4,3,1,2,4,3,3,4,2,1,1,3,1,4,3,1,3,2,1,4,1,1,3,3,2,3,3,1,3,2,4,2,2,1,1,2,1,1,4,4,1,2,1,2,2,2,3,4,1,2,4,1,1,3,4,2,2,4,3,4,2,3,1,4,3,3,2,1,1,4,3,2,2,3,1,4,1,3,1,1,4,1,4,4,3,4,3,2,3,2,1,2,2,2,1,1,1,2,3,4,1,1,3,3,3,1,4,2,3,4,1,2,3,2,1,3,4,4,2,4,4,1,1,4,2,4,1,2,2,3,3,4,3,1,2,1,3,1,2,3,1,1,3,2,4,1,2,3,1,2,2,2,2,1,2,1,3,4,1,3,2,3,2,1,2,4,2,4,2,4,2,3,1,4,2,1,2,10,4,14,4,2,1,4,4,1,9,3,2,4,3,3,6,1,5,1,2,14,3,3,4,1,1,1,2,9,2,2,4,1,2,3,3,1,11,2,3,1,3,11,1,3,2,2,1,3,2,7,7,7,2,3,4,2,2,1,2,2,4,3,4,1,4,3,1,8,2,3,4,1,3,10,1,3,2,6,3,15,3,3,2,5,2,3,3,1,3,1,4,1,14,4,1,1,4,4,2,1,2,4,1,6,4,2,1,4,1,4,1,2,1,2,2,3,2,1,1,1,3,4,1,3,1,2,2,1,2,4,12,4,1,5,3,1,3,1,2,1,3,2,14,3,3"
202,0.988619925354178,0.5098039215686274,2332.0,"2,2,3,4,1,1,4,1,1,2,4,1,1,4,2,2,3,4,1,1,4,4,4,2,1,1,4,3,1,2,2,2,3,3,3,3,1,2,1,3,2,3,4,4,4,3,1,4,4,3,4,1,3,2,1,1,2,1,1,4,3,1,1,3,4,1,4,2,3,1,1,2,4,4,3,1,3,2,4,2,3,1,1,3,1,3,3,3,4,1,2,1,3,4,4,2,4,4,2,2,4,3,3,3,3,4,3,1,2,1,1,2,2,2,4,1,4,2,3,2,1,3,4,4,4,4,1,2,1,3,1,2,2,2,3,2,1,4,2,1,4,2,1,1,3,3,2,1,2,2,4,1,1,2,2,2,4,1,2,1,3,2,3,2,2,3,1,2,1,1,3,4,2,3,3,1,2,2,2,2,3,3,3,4,2,4,4,3,2,2,2,4,1,2,1,1,2,2,3,2,1,4,3,4,3,4,2,1,3,3,1,2,1,1,3,3,2,2,2,2,1,2,4,4,3,3,1,3,1,4,3,1,3,3,3,1,2,4,1,3,1,1,4,2,1,2,4,2,3,3,1,3,2,1,1,2,1,4,2,2,1,2,1,3,2,3,2,1,4,3,4,4,2,2,2,3,2,4,2,2,1,4,2,3,2,1,1,3,3,1,2,1,4,4,3,1,3,4,1,4,1,2,4,1,2,1,4,1,4,4,4,2,2,4,4,2,2,3,2,3,4,3,4,1,2,4,1,2,4,1,1,2,3,3,3,4,2,3,1,1,1,4,3,3,2,2,1,2,4,1,3,4,3,4,1,2,2,2,2,1,2,3,2,4,3,3,1,2,2,1,4,1,4,2,1,2,4,1,1,4,4,3,2,2,1,1,3,4,3,3,4,2,4,1,1,3,2,2,3,3,2,4,1,3,2,3,1,2,3,3,1,4,3,3,1,1,4,2,1,4,1,4,1,3,2,3,2,4,3,3,4,1,3,2,3,3,2,1,3,3,2,1,4,3,4,3,1,3,1,3,4,3,4,2,2,3,4,2,3,3,2,4,1,3,1,2,3,2,1,3,2,4,4,3,2,4,3,2,2,3,4,2,4,4,3,4,3,2,4,2,1,2,1,3,3,1,1,3,3,2,3,3,4,1,2,1,3,3,2,1,3,1,2,1,1,2,4,2,3,1,1,1,4,4,1,4,2,2,1,4,2,4,2,2,2,1,4,2,3,3,2,4,1,1,1,2,1,1,2,2,2,2,1,3,4,1,3,4,3,2,1,4,3,1,1,2,2,3,3,2,2,1,4,1,1,1,2,4,2,1,2,4,2,3,3,2,1,1,4,1,3,4,1,4,3,2,2,1,4,2,3,2,3,1,1,2,2,3,3,3,2,2,3,1,2,3,2,4,1,1,3,3,2,1,3,3,1,3,1,3,2,3,1,1,3,2,1,1,1,2,4,3,2,4,3,2,4,3,3,2,4,2,4,1,1,3,3,3,3,4,4,3,4,1,1,4,2,1,2,1,4,4,3,3,1,2,2,2,1,2,4,2,1,3,3,4,1,4,1,1,3,2,1,4,3,1,4,1,1,1,4,4,3,4,3,3,3,2,2,3,4,3,1,3,4,3,1,2,4,4,4,3,3,2,1,4,2,1,2,3,1,2,1,1,2,4,2,4,2,1,2,1,3,1,3,4,2,3,2,3,3,3,4,1,4,3,2,1,3,1,3,1,1,4,2,4,1,1,2,3,1,4,4,2,1,3,4,3,2,3,2,4,2,1,3,4,1,3,2,2,3,2,3,1,3,4,4,2,3,1,2,2,1,4,1,1,1,1,3,1,4,1,4,3,2,4,3,1,3,1,4,1,3,4,1,1,1,2,2,3,3,1,4,2,1,4,3,2,1,2,2,1,4,3,2,1,2,2,3,4,2,3,1,1,1,3,2,1,3,4,3,3,4,3,1,2,3,3,1,1,4,3,3,3,2,3,1,3,1,1,1,2,3,1,3,2,3,4,1,2,1,1,4,3,4,1,4,2,1,1,3,2,2,3,3,3,4,3,4,4,2,1,2,1,2,3,4,4,4,2,3,2,1,3,1,4,4,4,4,1,1,1,1,1,4,4,4,2,4,2,1,3,3,2,4,2,1,1,3,4,2,2,1,1,4,2,1,1,2,2,4,2,2,3,4,2,1,1,1,3,1,2,2,2,2,4,1,2,4,2,4,2,3,3,2,1,1,4,4,4,3,1,3,4,4,2,2,2,3,1,4,1,3,1,1,2,2,2,1,4,1,2,2,4,4,2,2,3,3,4,4,3,1,1,3,1,2,1,4,3,1,1,2,2,3,4,4,2,1,2,1,2,2,3,2,1,1,3,1,3,1,3,1,1,4,3,2,1,1,3,2,2,4,4,2,3,3,1,4,4,4,2,3,2,3,4,3,3,4,3,2,1,1,1,2,3,2,3,4,3,1,4,3,4,3,2,3,1,2,2,1,1,1,4,3,2,2,4,3,1,4,3,3,2,2,3,4,2,3,3,2,2,2,2,4,1,2,4,3,1,2,3,4,4,1,1,3,1,3,2,3,2,1,1,1,3,4,4,2,1,1,2,3,2,2,2,2,3,3,3,1,1,2,2,2,4,2,4,1,3,1,2,3,4,3,3,2,4,3,4,3,1,3,2,2,2,4,1,4,3,4,4,2,3,4,4,2,2,2,3,3,2,1,4,2,2,3,1,1,4,2,2,4,1,1,2,2,3,2,1,2,2,4,1,1,1,1,3,4,1,4,3,3,1,2,1,4,1,1,2,3,4,3,2,1,3,1,1,3,4,2,4,3,2,1,1,1,1,1,1,2,3,4,2,4,3,4,3,1,2,2,3,1,3,1,3,3,1,2,1,3,3,2,1,2,4,4,4,4,1,4,2,4,4,3,2,2,2,4,2,2,3,2,4,2,3,2,4,2,2,2,4,3,1,4,4,1,2,1,1,1,2,3,1,1,3,3,3,4,3,4,3,3,3,4,1,3,3,4,1,4,1,3,4,1,4,2,2,3,4,4,3,2,3,2,2,3,4,3,1,2,4,3,3,4,2,1,1,3,1,4,3,1,3,2,1,4,1,1,3,3,2,3,3,1,3,2,4,2,2,1,1,2,1,1,4,4,1,2,1,2,2,2,3,4,1,2,4,1,1,3,4,2,2,4,3,4,2,3,1,4,3,3,2,1,1,4,3,2,2,3,1,4,1,3,1,1,4,1,4,4,3,4,3,2,3,2,1,2,2,2,1,1,1,2,3,4,1,1,3,3,3,1,4,2,3,4,1,2,3,2,1,3,4,4,2,4,4,1,1,4,2,4,1,2,2,3,3,4,3,1,2,1,3,1,2,3,1,1,3,2,4,1,2,3,1,2,2,2,2,1,2,1,3,4,1,3,2,3,2,1,2,4,1,1,4,3,4,2,2,1,1,1,2,2,2,4,4,2,1,4,4,1,3,3,2,4,3,3,3,1,1,1,2,2,3,3,4,1,1,1,2,3,2,2,4,1,2,3,3,1,2,2,3,1,3,1,1,3,2,2,1,3,2,4,2,1,2,3,4,4,2,1,2,2,4,3,4,1,4,3,1,1,2,3,4,1,3,3,1,3,2,1,3,2,3,3,2,2,2,3,3,1,3,1,4,1,1,4,1,1,4,4,2,1,2,4,1,2,4,2,1,4,1,4,1,2,1,2,1,3,2,1,1,1,3,4,1,3,1,2,2,1,2,4,1,4,1,2,3,1,2,2,3,1,3,3,1,3,4"
203,0.988619925354178,0.5098039215686274,2332.0,"2,2,3,4,1,1,4,1,1,2,4,1,1,4,2,2,3,4,1,1,4,4,4,2,1,1,4,3,1,2,2,2,3,3,3,3,1,2,1,3,2,3,4,4,4,3,1,4,4,3,4,1,3,2,1,1,2,1,1,4,3,1,1,3,4,1,4,2,3,1,1,2,4,4,3,1,3,2,4,2,3,1,1,3,1,3,3,3,4,1,2,1,3,4,4,2,4,4,2,2,4,3,3,3,3,4,3,1,2,1,1,2,2,2,4,1,4,2,3,2,1,3,4,4,4,4,1,2,1,3,1,2,2,2,3,2,1,4,2,1,4,2,1,1,3,3,2,1,2,2,4,1,1,2,2,2,4,1,2,1,3,2,3,2,2,3,1,2,1,1,3,4,2,3,3,1,2,2,2,2,3,3,3,4,2,4,4,3,2,2,2,4,1,2,1,1,2,2,3,2,1,4,3,4,3,4,2,1,3,3,1,2,1,1,3,3,2,2,2,2,1,2,4,4,3,3,1,3,1,4,3,1,3,3,3,1,2,4,1,3,1,1,4,2,1,2,4,2,3,3,1,3,2,1,1,2,1,4,2,2,1,2,1,3,2,3,2,1,4,3,4,4,2,2,2,3,2,4,2,2,1,4,2,3,2,1,1,3,3,1,2,1,4,4,3,1,3,4,1,4,1,2,4,1,2,1,4,1,4,4,4,2,2,4,4,2,2,3,2,3,4,3,4,1,2,4,1,2,4,1,1,2,3,3,3,4,2,3,1,1,1,4,3,3,2,2,1,2,4,1,3,4,3,4,1,2,2,2,2,1,2,3,2,4,3,3,1,2,2,1,4,1,4,2,1,2,4,1,1,4,4,3,2,2,1,1,3,4,3,3,4,2,4,1,1,3,2,2,3,3,2,4,1,3,2,3,1,2,3,3,1,4,3,3,1,1,4,2,1,4,1,4,1,3,2,3,2,4,3,3,4,1,3,2,3,3,2,1,3,3,2,1,4,3,4,3,1,3,1,3,4,3,4,2,2,3,4,2,3,3,2,4,1,3,1,2,3,2,1,3,2,4,4,3,2,4,3,2,2,3,4,2,4,4,3,4,3,2,4,2,1,2,1,3,3,1,1,3,3,2,3,3,4,1,2,1,3,3,2,1,3,1,2,1,1,2,4,2,3,1,1,1,4,4,1,4,2,2,1,4,2,4,2,2,2,1,4,2,3,3,2,4,1,1,1,2,1,1,2,2,2,2,1,3,4,1,3,4,3,2,1,4,3,1,1,2,2,3,3,2,2,1,4,1,1,1,2,4,2,1,2,4,2,3,3,2,1,1,4,1,3,4,1,4,3,2,2,1,4,2,3,2,3,1,1,2,2,3,3,3,2,2,3,1,2,3,2,4,1,1,3,3,2,1,3,3,1,3,1,3,2,3,1,1,3,2,1,1,1,2,4,3,2,4,3,2,4,3,3,2,4,2,4,1,1,3,3,3,3,4,4,3,4,1,1,4,2,1,2,1,4,4,3,3,1,2,2,2,1,2,4,2,1,3,3,4,1,4,1,1,3,2,1,4,3,1,4,1,1,1,4,4,3,4,3,3,3,2,2,3,4,3,1,3,4,3,1,2,4,4,4,3,3,2,1,4,2,1,2,3,1,2,1,1,2,4,2,4,2,1,2,1,3,1,3,4,2,3,2,3,3,3,4,1,4,3,2,1,3,1,3,1,1,4,2,4,1,1,2,3,1,4,4,2,1,3,4,3,2,3,2,4,2,1,3,4,1,3,2,2,3,2,3,1,3,4,4,2,3,1,2,2,1,4,1,1,1,1,3,1,4,1,4,3,2,4,3,1,3,1,4,1,3,4,1,1,1,2,2,3,3,1,4,2,1,4,3,2,1,2,2,1,4,3,2,1,2,2,3,4,2,3,1,1,1,3,2,1,3,4,3,3,4,3,1,2,3,3,1,1,4,3,3,3,2,3,1,3,1,1,1,2,3,1,3,2,3,4,1,2,1,1,4,3,4,1,4,2,1,1,3,2,2,3,3,3,4,3,4,4,2,1,2,1,2,3,4,4,4,2,3,2,1,3,1,4,4,4,4,1,1,1,1,1,4,4,4,2,4,2,1,3,3,2,4,2,1,1,3,4,2,2,1,1,4,2,1,1,2,2,4,2,2,3,4,2,1,1,1,3,1,2,2,2,2,4,1,2,4,2,4,2,3,3,2,1,1,4,4,4,3,1,3,4,4,2,2,2,3,1,4,1,3,1,1,2,2,2,1,4,1,2,2,4,4,2,2,3,3,4,4,3,1,1,3,1,2,1,4,3,1,1,2,2,3,4,4,2,1,2,1,2,2,3,2,1,1,3,1,3,1,3,1,1,4,3,2,1,1,3,2,2,4,4,2,3,3,1,4,4,4,2,3,2,3,4,3,3,4,3,2,1,1,1,2,3,2,3,4,3,1,4,3,4,3,2,3,1,2,2,1,1,1,4,3,2,2,4,3,1,4,3,3,2,2,3,4,2,3,3,2,2,2,2,4,1,2,4,3,1,2,3,4,4,1,1,3,1,3,2,3,2,1,1,1,3,4,4,2,1,1,2,3,2,2,2,2,3,3,3,1,1,2,2,2,4,2,4,1,3,1,2,3,4,3,3,2,4,3,4,3,1,3,2,2,2,4,1,4,3,4,4,2,3,4,4,2,2,2,3,3,2,1,4,2,2,3,1,1,4,2,2,4,1,1,2,2,3,2,1,2,2,4,1,1,1,1,3,4,1,4,3,3,1,2,1,4,1,1,2,3,4,3,2,1,3,1,1,3,4,2,4,3,2,1,1,1,1,1,1,2,3,4,2,4,3,4,3,1,2,2,3,1,3,1,3,3,1,2,1,3,3,2,1,2,4,4,4,4,1,4,2,4,4,3,2,2,2,4,2,2,3,2,4,2,3,2,4,2,2,2,4,3,1,4,4,1,2,1,1,1,2,3,1,1,3,3,3,4,3,4,3,3,3,4,1,3,3,4,1,4,1,3,4,1,4,2,2,3,4,4,3,2,3,2,2,3,4,3,1,2,4,3,3,4,2,1,1,3,1,4,3,1,3,2,1,4,1,1,3,3,2,3,3,1,3,2,4,2,2,1,1,2,1,1,4,4,1,2,1,2,2,2,3,4,1,2,4,1,1,3,4,2,2,4,3,4,2,3,1,4,3,3,2,1,1,4,3,2,2,3,1,4,1,3,1,1,4,1,4,4,3,4,3,2,3,2,1,2,2,2,1,1,1,2,3,4,1,1,3,3,3,1,4,2,3,4,1,2,3,2,1,3,4,4,2,4,4,1,1,4,2,4,1,2,2,3,3,4,3,1,2,1,3,1,2,3,1,1,3,2,4,1,2,3,1,2,2,2,2,1,2,1,3,4,1,3,2,3,2,1,2,4,1,1,4,3,4,2,2,1,1,1,2,2,2,4,4,2,1,4,4,1,3,3,2,4,3,3,3,1,1,1,2,2,3,3,4,1,1,1,2,3,2,2,4,1,2,3,3,1,2,2,3,1,3,1,1,3,2,2,1,3,2,4,2,1,2,3,4,4,2,1,2,2,4,3,4,1,4,3,1,1,2,3,4,1,3,3,1,3,2,1,3,2,3,3,2,2,2,3,3,1,3,1,4,1,1,4,1,1,4,4,2,1,2,4,1,2,4,2,1,4,1,4,1,2,1,2,1,3,2,1,1,1,3,4,1,3,1,2,2,1,2,4,1,4,1,2,3,1,2,2,3,1,3,3,1,3,4"
204,0.988619925354178,0.5098039215686274,2332.0,"2,2,3,4,1,1,4,1,1,2,4,1,1,4,2,2,3,4,1,1,4,4,4,2,1,1,4,3,1,2,2,2,3,3,3,3,1,2,1,3,2,3,4,4,4,3,1,4,4,3,4,1,3,2,1,1,2,1,1,4,3,1,1,3,4,1,4,2,3,1,1,2,4,4,3,1,3,2,4,2,3,1,1,3,1,3,3,3,4,1,2,1,3,4,4,2,4,4,2,2,4,3,3,3,3,4,3,1,2,1,1,2,2,2,4,1,4,2,3,2,1,3,4,4,4,4,1,2,1,3,1,2,2,2,3,2,1,4,2,1,4,2,1,1,3,3,2,1,2,2,4,1,1,2,2,2,4,1,2,1,3,2,3,2,2,3,1,2,1,1,3,4,2,3,3,1,2,2,2,2,3,3,3,4,2,4,4,3,2,2,2,4,1,2,1,1,2,2,3,2,1,4,3,4,3,4,2,1,3,3,1,2,1,1,3,3,2,2,2,2,1,2,4,4,3,3,1,3,1,4,3,1,3,3,3,1,2,4,1,3,1,1,4,2,1,2,4,2,3,3,1,3,2,1,1,2,1,4,2,2,1,2,1,3,2,3,2,1,4,3,4,4,2,2,2,3,2,4,2,2,1,4,2,3,2,1,1,3,3,1,2,1,4,4,3,1,3,4,1,4,1,2,4,1,2,1,4,1,4,4,4,2,2,4,4,2,2,3,2,3,4,3,4,1,2,4,1,2,4,1,1,2,3,3,3,4,2,3,1,1,1,4,3,3,2,2,1,2,4,1,3,4,3,4,1,2,2,2,2,1,2,3,2,4,3,3,1,2,2,1,4,1,4,2,1,2,4,1,1,4,4,3,2,2,1,1,3,4,3,3,4,2,4,1,1,3,2,2,3,3,2,4,1,3,2,3,1,2,3,3,1,4,3,3,1,1,4,2,1,4,1,4,1,3,2,3,2,4,3,3,4,1,3,2,3,3,2,1,3,3,2,1,4,3,4,3,1,3,1,3,4,3,4,2,2,3,4,2,3,3,2,4,1,3,1,2,3,2,1,3,2,4,4,3,2,4,3,2,2,3,4,2,4,4,3,4,3,2,4,2,1,2,1,3,3,1,1,3,3,2,3,3,4,1,2,1,3,3,2,1,3,1,2,1,1,2,4,2,3,1,1,1,4,4,1,4,2,2,1,4,2,4,2,2,2,1,4,2,3,3,2,4,1,1,1,2,1,1,2,2,2,2,1,3,4,1,3,4,3,2,1,4,3,1,1,2,2,3,3,2,2,1,4,1,1,1,2,4,2,1,2,4,2,3,3,2,1,1,4,1,3,4,1,4,3,2,2,1,4,2,3,2,3,1,1,2,2,3,3,3,2,2,3,1,2,3,2,4,1,1,3,3,2,1,3,3,1,3,1,3,2,3,1,1,3,2,1,1,1,2,4,3,2,4,3,2,4,3,3,2,4,2,4,1,1,3,3,3,3,4,4,3,4,1,1,4,2,1,2,1,4,4,3,3,1,2,2,2,1,2,4,2,1,3,3,4,1,4,1,1,3,2,1,4,3,1,4,1,1,1,4,4,3,4,3,3,3,2,2,3,4,3,1,3,4,3,1,2,4,4,4,3,3,2,1,4,2,1,2,3,1,2,1,1,2,4,2,4,2,1,2,1,3,1,3,4,2,3,2,3,3,3,4,1,4,3,2,1,3,1,3,1,1,4,2,4,1,1,2,3,1,4,4,2,1,3,4,3,2,3,2,4,2,1,3,4,1,3,2,2,3,2,3,1,3,4,4,2,3,1,2,2,1,4,1,1,1,1,3,1,4,1,4,3,2,4,3,1,3,1,4,1,3,4,1,1,1,2,2,3,3,1,4,2,1,4,3,2,1,2,2,1,4,3,2,1,2,2,3,4,2,3,1,1,1,3,2,1,3,4,3,3,4,3,1,2,3,3,1,1,4,3,3,3,2,3,1,3,1,1,1,2,3,1,3,2,3,4,1,2,1,1,4,3,4,1,4,2,1,1,3,2,2,3,3,3,4,3,4,4,2,1,2,1,2,3,4,4,4,2,3,2,1,3,1,4,4,4,4,1,1,1,1,1,4,4,4,2,4,2,1,3,3,2,4,2,1,1,3,4,2,2,1,1,4,2,1,1,2,2,4,2,2,3,4,2,1,1,1,3,1,2,2,2,2,4,1,2,4,2,4,2,3,3,2,1,1,4,4,4,3,1,3,4,4,2,2,2,3,1,4,1,3,1,1,2,2,2,1,4,1,2,2,4,4,2,2,3,3,4,4,3,1,1,3,1,2,1,4,3,1,1,2,2,3,4,4,2,1,2,1,2,2,3,2,1,1,3,1,3,1,3,1,1,4,3,2,1,1,3,2,2,4,4,2,3,3,1,4,4,4,2,3,2,3,4,3,3,4,3,2,1,1,1,2,3,2,3,4,3,1,4,3,4,3,2,3,1,2,2,1,1,1,4,3,2,2,4,3,1,4,3,3,2,2,3,4,2,3,3,2,2,2,2,4,1,2,4,3,1,2,3,4,4,1,1,3,1,3,2,3,2,1,1,1,3,4,4,2,1,1,2,3,2,2,2,2,3,3,3,1,1,2,2,2,4,2,4,1,3,1,2,3,4,3,3,2,4,3,4,3,1,3,2,2,2,4,1,4,3,4,4,2,3,4,4,2,2,2,3,3,2,1,4,2,2,3,1,1,4,2,2,4,1,1,2,2,3,2,1,2,2,4,1,1,1,1,3,4,1,4,3,3,1,2,1,4,1,1,2,3,4,3,2,1,3,1,1,3,4,2,4,3,2,1,1,1,1,1,1,2,3,4,2,4,3,4,3,1,2,2,3,1,3,1,3,3,1,2,1,3,3,2,1,2,4,4,4,4,1,4,2,4,4,3,2,2,2,4,2,2,3,2,4,2,3,2,4,2,2,2,4,3,1,4,4,1,2,1,1,1,2,3,1,1,3,3,3,4,3,4,3,3,3,4,1,3,3,4,1,4,1,3,4,1,4,2,2,3,4,4,3,2,3,2,2,3,4,3,1,2,4,3,3,4,2,1,1,3,1,4,3,1,3,2,1,4,1,1,3,3,2,3,3,1,3,2,4,2,2,1,1,2,1,1,4,4,1,2,1,2,2,2,3,4,1,2,4,1,1,3,4,2,2,4,3,4,2,3,1,4,3,3,2,1,1,4,3,2,2,3,1,4,1,3,1,1,4,1,4,4,3,4,3,2,3,2,1,2,2,2,1,1,1,2,3,4,1,1,3,3,3,1,4,2,3,4,1,2,3,2,1,3,4,4,2,4,4,1,1,4,2,4,1,2,2,3,3,4,3,1,2,1,3,1,2,3,1,1,3,2,4,1,2,3,1,2,2,2,2,1,2,1,3,4,1,3,2,3,2,1,2,4,1,1,4,3,4,2,2,1,1,1,2,2,2,4,4,2,1,4,4,1,3,3,2,4,3,3,3,1,1,1,2,2,3,3,4,1,1,1,2,3,2,2,4,1,2,3,3,1,2,2,3,1,3,1,1,3,2,2,1,3,2,4,2,1,2,3,4,4,2,1,2,2,4,3,4,1,4,3,1,1,2,3,4,1,3,3,1,3,2,1,3,2,3,3,2,2,2,3,3,1,3,1,4,1,1,4,1,1,4,4,2,1,2,4,1,2,4,2,1,4,1,4,1,2,1,2,1,3,2,1,1,1,3,4,1,3,1,2,2,1,2,4,1,4,1,2,3,1,2,2,3,1,3,3,1,3,4"
205,0.988619925354178,0.5098039215686274,2332.0,"2,2,3,4,1,1,4,1,1,2,4,1,1,4,2,2,3,4,1,1,4,4,4,2,1,1,4,3,1,2,2,2,3,3,3,3,1,2,1,3,2,3,4,4,4,3,1,4,4,3,4,1,3,2,1,1,2,1,1,4,3,1,1,3,4,1,4,2,3,1,1,2,4,4,3,1,3,2,4,2,3,1,1,3,1,3,3,3,4,1,2,1,3,4,4,2,4,4,2,2,4,3,3,3,3,4,3,1,2,1,1,2,2,2,4,1,4,2,3,2,1,3,4,4,4,4,1,2,1,3,1,2,2,2,3,2,1,4,2,1,4,2,1,1,3,3,2,1,2,2,4,1,1,2,2,2,4,1,2,1,3,2,3,2,2,3,1,2,1,1,3,4,2,3,3,1,2,2,2,2,3,3,3,4,2,4,4,3,2,2,2,4,1,2,1,1,2,2,3,2,1,4,3,4,3,4,2,1,3,3,1,2,1,1,3,3,2,2,2,2,1,2,4,4,3,3,1,3,1,4,3,1,3,3,3,1,2,4,1,3,1,1,4,2,1,2,4,2,3,3,1,3,2,1,1,2,1,4,2,2,1,2,1,3,2,3,2,1,4,3,4,4,2,2,2,3,2,4,2,2,1,4,2,3,2,1,1,3,3,1,2,1,4,4,3,1,3,4,1,4,1,2,4,1,2,1,4,1,4,4,4,2,2,4,4,2,2,3,2,3,4,3,4,1,2,4,1,2,4,1,1,2,3,3,3,4,2,3,1,1,1,4,3,3,2,2,1,2,4,1,3,4,3,4,1,2,2,2,2,1,2,3,2,4,3,3,1,2,2,1,4,1,4,2,1,2,4,1,1,4,4,3,2,2,1,1,3,4,3,3,4,2,4,1,1,3,2,2,3,3,2,4,1,3,2,3,1,2,3,3,1,4,3,3,1,1,4,2,1,4,1,4,1,3,2,3,2,4,3,3,4,1,3,2,3,3,2,1,3,3,2,1,4,3,4,3,1,3,1,3,4,3,4,2,2,3,4,2,3,3,2,4,1,3,1,2,3,2,1,3,2,4,4,3,2,4,3,2,2,3,4,2,4,4,3,4,3,2,4,2,1,2,1,3,3,1,1,3,3,2,3,3,4,1,2,1,3,3,2,1,3,1,2,1,1,2,4,2,3,1,1,1,4,4,1,4,2,2,1,4,2,4,2,2,2,1,4,2,3,3,2,4,1,1,1,2,1,1,2,2,2,2,1,3,4,1,3,4,3,2,1,4,3,1,1,2,2,3,3,2,2,1,4,1,1,1,2,4,2,1,2,4,2,3,3,2,1,1,4,1,3,4,1,4,3,2,2,1,4,2,3,2,3,1,1,2,2,3,3,3,2,2,3,1,2,3,2,4,1,1,3,3,2,1,3,3,1,3,1,3,2,3,1,1,3,2,1,1,1,2,4,3,2,4,3,2,4,3,3,2,4,2,4,1,1,3,3,3,3,4,4,3,4,1,1,4,2,1,2,1,4,4,3,3,1,2,2,2,1,2,4,2,1,3,3,4,1,4,1,1,3,2,1,4,3,1,4,1,1,1,4,4,3,4,3,3,3,2,2,3,4,3,1,3,4,3,1,2,4,4,4,3,3,2,1,4,2,1,2,3,1,2,1,1,2,4,2,4,2,1,2,1,3,1,3,4,2,3,2,3,3,3,4,1,4,3,2,1,3,1,3,1,1,4,2,4,1,1,2,3,1,4,4,2,1,3,4,3,2,3,2,4,2,1,3,4,1,3,2,2,3,2,3,1,3,4,4,2,3,1,2,2,1,4,1,1,1,1,3,1,4,1,4,3,2,4,3,1,3,1,4,1,3,4,1,1,1,2,2,3,3,1,4,2,1,4,3,2,1,2,2,1,4,3,2,1,2,2,3,4,2,3,1,1,1,3,2,1,3,4,3,3,4,3,1,2,3,3,1,1,4,3,3,3,2,3,1,3,1,1,1,2,3,1,3,2,3,4,1,2,1,1,4,3,4,1,4,2,1,1,3,2,2,3,3,3,4,3,4,4,2,1,2,1,2,3,4,4,4,2,3,2,1,3,1,4,4,4,4,1,1,1,1,1,4,4,4,2,4,2,1,3,3,2,4,2,1,1,3,4,2,2,1,1,4,2,1,1,2,2,4,2,2,3,4,2,1,1,1,3,1,2,2,2,2,4,1,2,4,2,4,2,3,3,2,1,1,4,4,4,3,1,3,4,4,2,2,2,3,1,4,1,3,1,1,2,2,2,1,4,1,2,2,4,4,2,2,3,3,4,4,3,1,1,3,1,2,1,4,3,1,1,2,2,3,4,4,2,1,2,1,2,2,3,2,1,1,3,1,3,1,3,1,1,4,3,2,1,1,3,2,2,4,4,2,3,3,1,4,4,4,2,3,2,3,4,3,3,4,3,2,1,1,1,2,3,2,3,4,3,1,4,3,4,3,2,3,1,2,2,1,1,1,4,3,2,2,4,3,1,4,3,3,2,2,3,4,2,3,3,2,2,2,2,4,1,2,4,3,1,2,3,4,4,1,1,3,1,3,2,3,2,1,1,1,3,4,4,2,1,1,2,3,2,2,2,2,3,3,3,1,1,2,2,2,4,2,4,1,3,1,2,3,4,3,3,2,4,3,4,3,1,3,2,2,2,4,1,4,3,4,4,2,3,4,4,2,2,2,3,3,2,1,4,2,2,3,1,1,4,2,2,4,1,1,2,2,3,2,1,2,2,4,1,1,1,1,3,4,1,4,3,3,1,2,1,4,1,1,2,3,4,3,2,1,3,1,1,3,4,2,4,3,2,1,1,1,1,1,1,2,3,4,2,4,3,4,3,1,2,2,3,1,3,1,3,3,1,2,1,3,3,2,1,2,4,4,4,4,1,4,2,4,4,3,2,2,2,4,2,2,3,2,4,2,3,2,4,2,2,2,4,3,1,4,4,1,2,1,1,1,2,3,1,1,3,3,3,4,3,4,3,3,3,4,1,3,3,4,1,4,1,3,4,1,4,2,2,3,4,4,3,2,3,2,2,3,4,3,1,2,4,3,3,4,2,1,1,3,1,4,3,1,3,2,1,4,1,1,3,3,2,3,3,1,3,2,4,2,2,1,1,2,1,1,4,4,1,2,1,2,2,2,3,4,1,2,4,1,1,3,4,2,2,4,3,4,2,3,1,4,3,3,2,1,1,4,3,2,2,3,1,4,1,3,1,1,4,1,4,4,3,4,3,2,3,2,1,2,2,2,1,1,1,2,3,4,1,1,3,3,3,1,4,2,3,4,1,2,3,2,1,3,4,4,2,4,4,1,1,4,2,4,1,2,2,3,3,4,3,1,2,1,3,1,2,3,1,1,3,2,4,1,2,3,1,2,2,2,2,1,2,1,3,4,1,3,2,3,2,1,2,4,1,1,4,3,4,2,2,1,1,1,2,2,2,4,4,2,1,4,4,1,3,3,2,4,3,3,3,1,1,1,2,2,3,3,4,1,1,1,2,3,2,2,4,1,2,3,3,1,2,2,3,1,3,1,1,3,2,2,1,3,2,4,2,1,2,3,4,4,2,1,2,2,4,3,4,1,4,3,1,1,2,3,4,1,3,3,1,3,2,1,3,2,3,3,2,2,2,3,3,1,3,1,4,1,1,4,1,1,4,4,2,1,2,4,1,2,4,2,1,4,1,4,1,2,1,2,1,3,2,1,1,1,3,4,1,3,1,2,2,1,2,4,1,4,1,2,3,1,2,2,3,1,3,3,1,3,4"
206,0.988619925354178,0.5098039215686274,2332.0,"2,2,3,4,1,1,4,1,1,2,4,1,1,4,2,2,3,4,1,1,4,4,4,2,1,1,4,3,1,2,2,2,3,3,3,3,1,2,1,3,2,3,4,4,4,3,1,4,4,3,4,1,3,2,1,1,2,1,1,4,3,1,1,3,4,1,4,2,3,1,1,2,4,4,3,1,3,2,4,2,3,1,1,3,1,3,3,3,4,1,2,1,3,4,4,2,4,4,2,2,4,3,3,3,3,4,3,1,2,1,1,2,2,2,4,1,4,2,3,2,1,3,4,4,4,4,1,2,1,3,1,2,2,2,3,2,1,4,2,1,4,2,1,1,3,3,2,1,2,2,4,1,1,2,2,2,4,1,2,1,3,2,3,2,2,3,1,2,1,1,3,4,2,3,3,1,2,2,2,2,3,3,3,4,2,4,4,3,2,2,2,4,1,2,1,1,2,2,3,2,1,4,3,4,3,4,2,1,3,3,1,2,1,1,3,3,2,2,2,2,1,2,4,4,3,3,1,3,1,4,3,1,3,3,3,1,2,4,1,3,1,1,4,2,1,2,4,2,3,3,1,3,2,1,1,2,1,4,2,2,1,2,1,3,2,3,2,1,4,3,4,4,2,2,2,3,2,4,2,2,1,4,2,3,2,1,1,3,3,1,2,1,4,4,3,1,3,4,1,4,1,2,4,1,2,1,4,1,4,4,4,2,2,4,4,2,2,3,2,3,4,3,4,1,2,4,1,2,4,1,1,2,3,3,3,4,2,3,1,1,1,4,3,3,2,2,1,2,4,1,3,4,3,4,1,2,2,2,2,1,2,3,2,4,3,3,1,2,2,1,4,1,4,2,1,2,4,1,1,4,4,3,2,2,1,1,3,4,3,3,4,2,4,1,1,3,2,2,3,3,2,4,1,3,2,3,1,2,3,3,1,4,3,3,1,1,4,2,1,4,1,4,1,3,2,3,2,4,3,3,4,1,3,2,3,3,2,1,3,3,2,1,4,3,4,3,1,3,1,3,4,3,4,2,2,3,4,2,3,3,2,4,1,3,1,2,3,2,1,3,2,4,4,3,2,4,3,2,2,3,4,2,4,4,3,4,3,2,4,2,1,2,1,3,3,1,1,3,3,2,3,3,4,1,2,1,3,3,2,1,3,1,2,1,1,2,4,2,3,1,1,1,4,4,1,4,2,2,1,4,2,4,2,2,2,1,4,2,3,3,2,4,1,1,1,2,1,1,2,2,2,2,1,3,4,1,3,4,3,2,1,4,3,1,1,2,2,3,3,2,2,1,4,1,1,1,2,4,2,1,2,4,2,3,3,2,1,1,4,1,3,4,1,4,3,2,2,1,4,2,3,2,3,1,1,2,2,3,3,3,2,2,3,1,2,3,2,4,1,1,3,3,2,1,3,3,1,3,1,3,2,3,1,1,3,2,1,1,1,2,4,3,2,4,3,2,4,3,3,2,4,2,4,1,1,3,3,3,3,4,4,3,4,1,1,4,2,1,2,1,4,4,3,3,1,2,2,2,1,2,4,2,1,3,3,4,1,4,1,1,3,2,1,4,3,1,4,1,1,1,4,4,3,4,3,3,3,2,2,3,4,3,1,3,4,3,1,2,4,4,4,3,3,2,1,4,2,1,2,3,1,2,1,1,2,4,2,4,2,1,2,1,3,1,3,4,2,3,2,3,3,3,4,1,4,3,2,1,3,1,3,1,1,4,2,4,1,1,2,3,1,4,4,2,1,3,4,3,2,3,2,4,2,1,3,4,1,3,2,2,3,2,3,1,3,4,4,2,3,1,2,2,1,4,1,1,1,1,3,1,4,1,4,3,2,4,3,1,3,1,4,1,3,4,1,1,1,2,2,3,3,1,4,2,1,4,3,2,1,2,2,1,4,3,2,1,2,2,3,4,2,3,1,1,1,3,2,1,3,4,3,3,4,3,1,2,3,3,1,1,4,3,3,3,2,3,1,3,1,1,1,2,3,1,3,2,3,4,1,2,1,1,4,3,4,1,4,2,1,1,3,2,2,3,3,3,4,3,4,4,2,1,2,1,2,3,4,4,4,2,3,2,1,3,1,4,4,4,4,1,1,1,1,1,4,4,4,2,4,2,1,3,3,2,4,2,1,1,3,4,2,2,1,1,4,2,1,1,2,2,4,2,2,3,4,2,1,1,1,3,1,2,2,2,2,4,1,2,4,2,4,2,3,3,2,1,1,4,4,4,3,1,3,4,4,2,2,2,3,1,4,1,3,1,1,2,2,2,1,4,1,2,2,4,4,2,2,3,3,4,4,3,1,1,3,1,2,1,4,3,1,1,2,2,3,4,4,2,1,2,1,2,2,3,2,1,1,3,1,3,1,3,1,1,4,3,2,1,1,3,2,2,4,4,2,3,3,1,4,4,4,2,3,2,3,4,3,3,4,3,2,1,1,1,2,3,2,3,4,3,1,4,3,4,3,2,3,1,2,2,1,1,1,4,3,2,2,4,3,1,4,3,3,2,2,3,4,2,3,3,2,2,2,2,4,1,2,4,3,1,2,3,4,4,1,1,3,1,3,2,3,2,1,1,1,3,4,4,2,1,1,2,3,2,2,2,2,3,3,3,1,1,2,2,2,4,2,4,1,3,1,2,3,4,3,3,2,4,3,4,3,1,3,2,2,2,4,1,4,3,4,4,2,3,4,4,2,2,2,3,3,2,1,4,2,2,3,1,1,4,2,2,4,1,1,2,2,3,2,1,2,2,4,1,1,1,1,3,4,1,4,3,3,1,2,1,4,1,1,2,3,4,3,2,1,3,1,1,3,4,2,4,3,2,1,1,1,1,1,1,2,3,4,2,4,3,4,3,1,2,2,3,1,3,1,3,3,1,2,1,3,3,2,1,2,4,4,4,4,1,4,2,4,4,3,2,2,2,4,2,2,3,2,4,2,3,2,4,2,2,2,4,3,1,4,4,1,2,1,1,1,2,3,1,1,3,3,3,4,3,4,3,3,3,4,1,3,3,4,1,4,1,3,4,1,4,2,2,3,4,4,3,2,3,2,2,3,4,3,1,2,4,3,3,4,2,1,1,3,1,4,3,1,3,2,1,4,1,1,3,3,2,3,3,1,3,2,4,2,2,1,1,2,1,1,4,4,1,2,1,2,2,2,3,4,1,2,4,1,1,3,4,2,2,4,3,4,2,3,1,4,3,3,2,1,1,4,3,2,2,3,1,4,1,3,1,1,4,1,4,4,3,4,3,2,3,2,1,2,2,2,1,1,1,2,3,4,1,1,3,3,3,1,4,2,3,4,1,2,3,2,1,3,4,4,2,4,4,1,1,4,2,4,1,2,2,3,3,4,3,1,2,1,3,1,2,3,1,1,3,2,4,1,2,3,1,2,2,2,2,1,2,1,3,4,1,3,2,3,2,1,2,4,1,1,4,3,4,2,2,1,1,1,2,2,2,4,4,2,1,4,4,1,3,3,2,4,3,3,3,1,1,1,2,2,3,3,4,1,1,1,2,3,2,2,4,1,2,3,3,1,2,2,3,1,3,1,1,3,2,2,1,3,2,4,2,1,2,3,4,4,2,1,2,2,4,3,4,1,4,3,1,1,2,3,4,1,3,3,1,3,2,1,3,2,3,3,2,2,2,3,3,1,3,1,4,1,1,4,1,1,4,4,2,1,2,4,1,2,4,2,1,4,1,4,1,2,1,2,1,3,2,1,1,1,3,4,1,3,1,2,2,1,2,4,1,4,1,2,3,1,2,2,3,1,3,3,1,3,4"
207,0.9882007919949176,0.2941176470588236,5337.0,"4,12,3,3,2,6,6,3,1,9,4,2,6,2,1,4,1,1,4,2,1,8,4,15,11,3,4,3,1,2,2,2,3,3,3,3,1,2,1,3,2,3,4,4,4,3,1,4,4,3,4,1,3,2,1,1,2,1,1,4,3,1,1,3,4,1,4,2,3,1,1,2,4,4,3,1,3,2,4,2,3,1,1,3,1,3,3,3,4,1,2,1,3,4,4,2,4,4,2,2,4,3,3,3,3,4,3,1,2,1,1,2,2,2,4,1,4,2,3,2,1,3,4,4,4,4,1,2,1,3,1,2,2,2,3,2,1,4,2,1,4,2,1,1,3,3,2,1,2,2,4,1,1,2,2,2,4,1,2,1,3,2,3,2,2,3,1,2,1,1,3,4,2,3,3,1,2,2,2,2,3,3,3,4,2,4,4,3,2,2,2,4,1,2,1,1,2,2,3,2,1,4,3,4,3,4,2,1,3,3,1,2,1,1,3,3,2,2,2,2,1,2,4,4,3,3,1,3,1,4,3,1,3,3,3,1,2,4,1,3,1,1,4,2,1,2,4,2,3,3,1,3,2,1,1,2,1,4,2,2,1,2,1,3,2,3,2,1,4,3,4,4,2,2,2,3,2,4,2,2,1,4,2,3,2,1,1,3,3,1,2,1,4,4,3,1,3,4,1,4,1,2,4,1,2,1,4,1,4,4,4,2,2,4,4,2,2,3,2,3,4,3,4,1,2,4,1,2,4,1,1,2,3,3,3,4,2,3,1,1,1,4,3,3,2,2,1,2,4,1,3,4,3,4,1,2,2,2,2,1,2,3,2,4,3,3,1,2,2,1,4,1,4,2,1,2,4,1,1,4,4,3,2,2,1,1,3,4,3,3,4,2,4,1,1,3,2,2,3,3,2,4,1,3,2,3,1,2,3,10,1,4,3,3,12,1,9,2,1,4,1,4,1,3,2,15,2,4,3,3,4,1,3,2,3,3,14,6,13,3,2,1,15,14,4,8,1,3,11,3,15,3,10,2,10,3,4,2,3,3,2,4,1,3,7,2,3,2,1,3,2,4,4,3,13,4,3,2,2,3,4,2,4,4,15,4,3,9,4,2,10,2,1,5,3,1,1,3,3,2,2,6,4,1,2,1,3,6,2,1,3,1,2,1,1,2,4,2,3,1,1,1,4,4,1,14,2,2,1,4,2,4,2,2,2,1,4,2,3,3,10,4,1,1,1,2,1,1,2,2,2,2,1,3,4,1,3,4,3,2,1,4,3,1,1,2,2,3,6,2,2,1,4,1,1,1,4,4,2,1,2,4,2,3,3,2,9,1,4,1,5,4,1,8,13,2,2,1,4,10,9,2,3,1,13,2,8,13,6,3,2,2,3,1,15,3,2,4,1,1,3,3,2,1,15,3,1,3,1,3,2,3,1,1,3,2,1,1,1,2,12,1,2,4,3,2,4,3,3,2,4,2,4,4,1,14,3,3,3,4,4,3,13,1,1,4,2,1,5,1,4,7,2,3,1,2,9,2,1,2,4,2,1,3,3,4,1,3,1,1,3,4,1,4,3,1,4,1,7,1,1,9,3,4,3,3,3,2,5,3,4,3,1,3,10,3,1,7,4,4,4,3,3,2,1,4,2,6,2,3,1,2,1,1,2,4,7,4,2,8,2,1,3,1,3,4,2,3,2,3,9,3,4,1,3,3,2,1,10,1,3,4,1,13,2,4,1,1,2,3,7,4,4,2,8,3,4,3,2,11,2,4,5,1,15,15,1,3,2,2,3,14,3,12,3,4,4,1,3,1,2,9,1,4,1,2,1,1,3,1,4,1,4,3,4,4,4,11,3,3,2,3,11,14,14,12,8,5,11,11,15,10,12,11,1,8,13,15,4,10,9,1,11,1,9,7,13,6,7,11,12,5,11,9,7,3,9,13,10,3,10,8,7,15,5,10,15,10,11,13,14,14,6,1,13,7,4,9,3,6,7,11,9,15,5,3,2,9,4,8,2,1,2,15,10,14,11,7,4,2,4,14,15,3,11,5,13,12,4,15,9,3,9,9,1,9,1,7,6,8,5,5,7,12,13,6,11,6,7,10,15,1,7,11,6,9,12,10,7,9,2,11,12,7,11,6,10,12,12,7,8,8,14,12,13,14,13,10,15,11,2,3,9,9,2,7,3,15,9,10,7,13,15,2,2,4,1,2,4,2,4,2,3,3,2,1,1,4,4,4,3,1,3,4,4,2,2,2,3,1,4,1,3,1,1,2,2,2,1,4,1,2,9,9,13,12,9,11,12,6,1,11,1,1,7,12,15,2,14,8,7,14,4,2,14,10,10,15,4,15,4,6,9,15,11,5,12,14,7,1,10,8,5,1,1,15,8,2,12,11,6,2,5,11,5,5,11,4,9,2,7,12,3,9,8,7,3,12,7,12,7,11,11,6,13,7,15,3,7,3,4,11,10,7,9,15,2,3,5,3,11,8,11,11,10,2,7,5,2,9,7,15,13,8,3,13,7,11,10,6,15,14,2,2,6,3,8,13,3,12,8,10,6,3,8,9,12,3,11,2,5,3,2,1,6,13,12,3,1,6,5,2,4,12,9,1,11,6,10,2,12,9,14,14,7,2,6,9,9,2,9,5,15,8,14,7,12,3,3,4,1,14,9,15,6,3,5,9,6,8,8,9,9,1,9,6,4,2,9,1,2,14,9,8,15,7,5,9,9,1,2,6,6,4,7,13,2,15,2,1,4,2,4,1,4,3,1,3,2,2,1,3,13,1,1,1,4,3,3,2,4,4,4,4,4,2,2,9,1,4,3,4,1,3,5,3,2,4,4,1,4,3,3,3,1,2,4,3,3,4,1,4,8,3,3,4,4,2,4,11,3,2,2,5,4,2,13,2,4,1,4,3,4,4,3,2,2,2,4,2,2,3,2,13,8,3,2,4,2,2,9,4,1,1,4,4,9,3,3,1,1,2,15,2,3,9,1,1,2,2,4,3,10,3,9,1,3,3,4,15,4,1,3,4,1,4,2,2,3,4,4,6,2,3,2,2,3,4,3,1,2,10,3,3,7,2,1,1,3,1,4,3,1,3,9,1,4,1,1,3,11,2,3,3,1,3,2,4,2,2,1,1,2,1,1,4,12,1,2,1,2,2,2,11,4,1,2,4,1,1,12,4,2,4,4,3,4,2,3,1,4,3,3,15,1,1,4,3,2,2,3,1,4,1,13,1,1,4,1,4,4,3,4,3,7,8,2,1,2,2,2,1,1,1,2,3,4,1,1,3,3,3,1,4,2,3,4,1,3,3,3,11,5,4,4,2,4,4,6,1,8,2,4,1,2,2,3,3,4,2,1,2,1,3,1,2,3,1,1,3,2,4,1,2,3,1,7,9,9,2,6,2,4,3,4,1,3,2,3,2,1,2,4,2,4,2,4,2,3,1,4,2,1,2,10,4,14,4,2,1,4,4,1,9,3,2,4,3,3,6,1,5,1,2,14,3,3,4,1,1,1,2,9,2,2,4,1,2,3,3,1,11,2,3,1,3,11,1,3,2,2,1,3,2,7,7,7,2,3,4,2,2,1,2,2,4,3,4,1,4,3,1,8,2,3,4,1,3,10,1,3,2,6,3,15,3,3,2,5,2,3,3,1,3,1,4,1,14,4,1,1,4,4,2,1,2,4,1,6,4,2,1,4,1,4,1,2,1,2,2,3,2,1,1,1,3,4,1,3,1,2,2,1,2,4,12,4,1,5,3,1,3,1,2,1,3,2,14,3,3"
208,0.9882007919949176,0.2941176470588236,5337.0,"4,12,3,3,2,6,6,3,1,9,4,2,6,2,1,4,1,1,4,2,1,8,4,15,11,3,4,3,1,2,2,2,3,3,3,3,1,2,1,3,2,3,4,4,4,3,1,4,4,3,4,1,3,2,1,1,2,1,1,4,3,1,1,3,4,1,4,2,3,1,1,2,4,4,3,1,3,2,4,2,3,1,1,3,1,3,3,3,4,1,2,1,3,4,4,2,4,4,2,2,4,3,3,3,3,4,3,1,2,1,1,2,2,2,4,1,4,2,3,2,1,3,4,4,4,4,1,2,1,3,1,2,2,2,3,2,1,4,2,1,4,2,1,1,3,3,2,1,2,2,4,1,1,2,2,2,4,1,2,1,3,2,3,2,2,3,1,2,1,1,3,4,2,3,3,1,2,2,2,2,3,3,3,4,2,4,4,3,2,2,2,4,1,2,1,1,2,2,3,2,1,4,3,4,3,4,2,1,3,3,1,2,1,1,3,3,2,2,2,2,1,2,4,4,3,3,1,3,1,4,3,1,3,3,3,1,2,4,1,3,1,1,4,2,1,2,4,2,3,3,1,3,2,1,1,2,1,4,2,2,1,2,1,3,2,3,2,1,4,3,4,4,2,2,2,3,2,4,2,2,1,4,2,3,2,1,1,3,3,1,2,1,4,4,3,1,3,4,1,4,1,2,4,1,2,1,4,1,4,4,4,2,2,4,4,2,2,3,2,3,4,3,4,1,2,4,1,2,4,1,1,2,3,3,3,4,2,3,1,1,1,4,3,3,2,2,1,2,4,1,3,4,3,4,1,2,2,2,2,1,2,3,2,4,3,3,1,2,2,1,4,1,4,2,1,2,4,1,1,4,4,3,2,2,1,1,3,4,3,3,4,2,4,1,1,3,2,2,3,3,2,4,1,3,2,3,1,2,3,10,1,4,3,3,12,1,9,2,1,4,1,4,1,3,2,15,2,4,3,3,4,1,3,2,3,3,14,6,13,3,2,1,15,14,4,8,1,3,11,3,15,3,10,2,10,3,4,2,3,3,2,4,1,3,7,2,3,2,1,3,2,4,4,3,13,4,3,2,2,3,4,2,4,4,15,4,3,9,4,2,10,2,1,5,3,1,1,3,3,2,2,6,4,1,2,1,3,6,2,1,3,1,2,1,1,2,4,2,3,1,1,1,4,4,1,14,2,2,1,4,2,4,2,2,2,1,4,2,3,3,10,4,1,1,1,2,1,1,2,2,2,2,1,3,4,1,3,4,3,2,1,4,3,1,1,2,2,3,6,2,2,1,4,1,1,1,4,4,2,1,2,4,2,3,3,2,9,1,4,1,5,4,1,8,13,2,2,1,4,10,9,2,3,1,13,2,8,13,6,3,2,2,3,1,15,3,2,4,1,1,3,3,2,1,15,3,1,3,1,3,2,3,1,1,3,2,1,1,1,2,12,1,2,4,3,2,4,3,3,2,4,2,4,4,1,14,3,3,3,4,4,3,13,1,1,4,2,1,5,1,4,7,2,3,1,2,9,2,1,2,4,2,1,3,3,4,1,3,1,1,3,4,1,4,3,1,4,1,7,1,1,9,3,4,3,3,3,2,5,3,4,3,1,3,10,3,1,7,4,4,4,3,3,2,1,4,2,6,2,3,1,2,1,1,2,4,7,4,2,8,2,1,3,1,3,4,2,3,2,3,9,3,4,1,3,3,2,1,10,1,3,4,1,13,2,4,1,1,2,3,7,4,4,2,8,3,4,3,2,11,2,4,5,1,15,15,1,3,2,2,3,14,3,12,3,4,4,1,3,1,2,9,1,4,1,2,1,1,3,1,4,1,4,3,4,4,4,11,3,3,2,3,11,14,14,12,8,5,11,11,15,10,12,11,1,8,13,15,4,10,9,1,11,1,9,7,13,6,7,11,12,5,11,9,7,3,9,13,10,3,10,8,7,15,5,10,15,10,11,13,14,14,6,1,13,7,4,9,3,6,7,11,9,15,5,3,2,9,4,8,2,1,2,15,10,14,11,7,4,2,4,14,15,3,11,5,13,12,4,15,9,3,9,9,1,9,1,7,6,8,5,5,7,12,13,6,11,6,7,10,15,1,7,11,6,9,12,10,7,9,2,11,12,7,11,6,10,12,12,7,8,8,14,12,13,14,13,10,15,11,2,3,9,9,2,7,3,15,9,10,7,13,15,2,2,4,1,2,4,2,4,2,3,3,2,1,1,4,4,4,3,1,3,4,4,2,2,2,3,1,4,1,3,1,1,2,2,2,1,4,1,2,9,9,13,12,9,11,12,6,1,11,1,1,7,12,15,2,14,8,7,14,4,2,14,10,10,15,4,15,4,6,9,15,11,5,12,14,7,1,10,8,5,1,1,15,8,2,12,11,6,2,5,11,5,5,11,4,9,2,7,12,3,9,8,7,3,12,7,12,7,11,11,6,13,7,15,3,7,3,4,11,10,7,9,15,2,3,5,3,11,8,11,11,10,2,7,5,2,9,7,15,13,8,3,13,7,11,10,6,15,14,2,2,6,3,8,13,3,12,8,10,6,3,8,9,12,3,11,2,5,3,2,1,6,13,12,3,1,6,5,2,4,12,9,1,11,6,10,2,12,9,14,14,7,2,6,9,9,2,9,5,15,8,14,7,12,3,3,4,1,14,9,15,6,3,5,9,6,8,8,9,9,1,9,6,4,2,9,1,2,14,9,8,15,7,5,9,9,1,2,6,6,4,7,13,2,15,2,1,4,2,4,1,4,3,1,3,2,2,1,3,13,1,1,1,4,3,3,2,4,4,4,4,4,2,2,9,1,4,3,4,1,3,5,3,2,4,4,1,4,3,3,3,1,2,4,3,3,4,1,4,8,3,3,4,4,2,4,11,3,2,2,5,4,2,13,2,4,1,4,3,4,4,3,2,2,2,4,2,2,3,2,13,8,3,2,4,2,2,9,4,1,1,4,4,9,3,3,1,1,2,15,2,3,9,1,1,2,2,4,3,10,3,9,1,3,3,4,15,4,1,3,4,1,4,2,2,3,4,4,6,2,3,2,2,3,4,3,1,2,10,3,3,7,2,1,1,3,1,4,3,1,3,9,1,4,1,1,3,11,2,3,3,1,3,2,4,2,2,1,1,2,1,1,4,12,1,2,1,2,2,2,11,4,1,2,4,1,1,12,4,2,4,4,3,4,2,3,1,4,3,3,15,1,1,4,3,2,2,3,1,4,1,13,1,1,4,1,4,4,3,4,3,7,8,2,1,2,2,2,1,1,1,2,3,4,1,1,3,3,3,1,4,2,3,4,1,3,3,3,11,5,4,4,2,4,4,6,1,8,2,4,1,2,2,3,3,4,2,1,2,1,3,1,2,3,1,1,3,2,4,1,2,3,1,7,9,9,2,6,2,4,3,4,1,3,2,3,2,1,2,4,2,4,2,4,2,3,1,4,2,1,2,10,4,14,4,2,1,4,4,1,9,3,2,4,3,3,6,1,5,1,2,14,3,3,4,1,1,1,2,9,2,2,4,1,2,3,3,1,11,2,3,1,3,11,1,3,2,2,1,3,2,7,7,7,2,3,4,2,2,1,2,2,4,3,4,1,4,3,1,8,2,3,4,1,3,10,1,3,2,6,3,15,3,3,2,5,2,3,3,1,3,1,4,1,14,4,1,1,4,4,2,1,2,4,1,6,4,2,1,4,1,4,1,2,1,2,2,3,2,1,1,1,3,4,1,3,1,2,2,1,2,4,12,4,1,5,3,1,3,1,2,1,3,2,14,3,3"
209,0.988179297455453,0.303921568627451,5838.0,"4,12,3,3,2,6,6,3,1,9,4,2,6,2,1,4,1,1,4,2,1,8,4,15,11,3,1,9,1,2,4,1,14,3,8,4,3,2,3,3,3,7,1,3,1,4,4,3,4,4,1,3,9,3,4,3,3,2,13,15,2,1,1,1,4,2,2,8,8,14,4,2,14,1,11,14,7,1,2,8,1,12,1,3,1,1,3,2,4,13,1,15,4,3,4,12,4,4,2,2,13,3,2,4,1,2,2,3,1,3,3,4,10,3,3,4,2,1,2,3,2,4,1,3,14,3,3,1,1,3,2,4,3,4,3,10,1,4,2,1,4,2,1,1,3,5,2,1,2,2,4,1,1,2,6,15,4,1,2,1,3,2,3,2,2,3,1,2,1,1,3,4,2,3,3,1,2,2,2,7,3,10,3,4,2,4,4,3,2,2,12,3,11,2,9,1,2,4,3,2,1,4,3,8,3,4,2,1,3,3,1,2,1,1,3,3,2,2,2,2,1,2,4,4,3,3,1,3,1,4,3,1,3,3,3,1,2,4,1,3,1,1,4,2,1,2,4,2,3,3,1,3,2,1,1,2,1,4,2,2,1,2,1,3,2,3,2,1,4,3,4,4,2,2,2,3,2,4,2,2,1,4,2,3,2,1,1,3,3,1,2,1,4,4,3,1,3,4,1,4,1,2,4,1,2,1,4,1,4,4,4,2,2,4,4,2,2,3,2,3,4,3,4,1,2,4,1,2,4,1,1,2,3,3,3,4,2,3,1,1,1,4,3,3,2,2,1,2,4,1,3,4,3,4,1,2,2,2,2,1,2,3,2,4,3,3,1,2,2,1,4,1,4,2,1,2,4,1,1,4,4,3,2,2,1,1,3,4,3,3,4,2,4,1,1,3,2,2,3,3,2,4,1,3,2,3,1,2,3,10,1,4,3,3,12,1,9,2,1,4,1,4,1,3,2,15,2,4,3,3,4,1,3,2,3,3,14,6,13,3,2,1,15,14,4,8,1,3,11,3,15,3,10,2,10,3,4,2,3,3,2,4,1,3,7,2,3,2,1,3,2,4,4,3,13,4,3,2,2,3,4,2,4,4,15,4,3,9,4,2,10,2,1,5,3,1,1,3,3,2,2,6,4,1,2,1,3,6,2,1,3,1,2,1,1,2,4,2,3,1,1,1,4,4,1,14,2,2,1,4,2,4,2,2,2,1,4,2,3,3,10,4,1,1,1,2,1,1,2,2,2,2,1,3,4,1,3,4,3,2,1,4,3,1,1,2,2,3,6,2,2,1,4,1,1,1,4,4,2,1,2,4,2,3,3,2,9,1,4,1,5,4,1,8,13,2,2,1,4,10,9,2,3,1,13,2,8,13,6,3,2,2,3,1,15,3,2,4,1,1,3,3,2,1,15,3,1,3,1,3,2,3,1,1,3,2,1,1,1,2,12,1,2,4,3,2,4,3,3,2,4,2,4,4,1,14,3,3,3,4,4,3,13,1,1,4,2,1,5,1,4,7,2,3,1,2,9,2,1,2,4,2,1,3,3,4,1,3,1,1,3,4,1,4,3,1,4,1,7,1,1,9,3,4,3,3,3,2,5,3,4,3,1,3,10,3,1,7,4,4,4,3,3,2,1,4,2,6,2,3,1,2,1,1,2,4,7,4,2,8,2,1,3,1,3,4,2,3,2,3,9,3,4,1,3,3,2,1,10,1,3,4,1,13,2,4,1,1,2,3,7,4,4,2,8,3,4,3,2,11,2,4,5,1,15,15,1,3,2,2,3,14,3,12,3,4,4,1,3,1,2,9,1,4,1,2,1,1,3,1,4,1,4,3,4,4,4,11,3,3,2,3,11,14,14,12,8,5,11,11,15,10,12,11,1,8,13,15,4,10,9,1,11,1,9,7,13,6,7,11,12,5,11,9,7,3,9,13,10,3,10,8,7,15,5,10,15,10,11,13,14,14,6,1,13,7,4,9,3,6,7,11,9,15,5,3,2,9,4,8,2,1,2,15,10,14,11,7,4,2,4,14,15,3,11,5,13,12,4,15,9,3,9,9,1,9,1,7,6,8,5,5,7,12,13,6,11,6,7,10,15,1,7,11,6,9,12,10,7,9,2,11,12,7,11,6,10,12,12,7,8,8,14,12,13,14,13,10,15,11,2,3,9,9,2,7,3,15,9,10,7,13,15,11,14,10,10,14,12,5,8,6,13,9,9,11,7,7,5,1,13,15,10,10,1,2,7,15,2,15,4,9,11,3,11,2,4,4,5,9,15,9,9,9,13,12,9,11,12,6,1,11,1,1,7,12,15,2,14,8,7,14,4,2,14,10,10,15,4,15,4,6,9,15,11,5,12,14,7,1,10,8,5,1,1,15,8,2,12,11,6,2,5,11,5,5,11,4,9,2,7,12,3,9,8,7,3,12,7,12,7,11,11,6,13,7,15,3,7,3,4,11,10,7,9,15,2,3,5,3,11,8,11,11,10,2,7,5,2,9,7,15,13,8,3,13,7,11,10,6,15,14,2,2,6,3,8,13,3,12,8,10,6,3,8,9,12,3,11,2,5,3,2,1,6,13,12,3,1,6,5,2,4,12,9,1,11,6,10,2,12,9,14,14,7,2,6,9,9,2,9,5,15,8,14,7,12,3,3,4,1,14,9,15,6,3,5,9,6,8,8,9,9,1,9,6,4,2,9,1,2,14,9,8,15,7,5,9,9,1,2,6,6,4,7,13,2,15,2,1,4,2,4,1,4,3,1,3,2,2,1,3,13,1,1,1,4,3,3,2,4,4,4,4,4,2,2,9,1,4,3,4,1,3,5,3,2,4,4,1,4,3,3,3,1,2,4,3,3,4,1,4,8,3,3,4,4,2,4,11,3,2,2,5,4,2,13,2,4,1,4,3,4,4,3,2,2,2,4,2,2,3,2,13,8,3,2,4,2,2,9,4,1,1,4,4,9,3,3,1,1,2,15,2,3,9,1,1,2,2,4,3,10,3,9,1,3,3,4,15,4,1,3,4,1,4,2,2,3,4,4,6,2,3,2,2,3,4,3,1,2,10,3,3,7,2,1,1,3,1,4,3,1,3,9,1,4,1,1,3,11,2,3,3,1,3,2,4,2,2,1,1,2,1,1,4,12,1,2,1,2,2,2,11,4,1,2,4,1,1,12,4,2,4,4,3,4,2,3,1,4,3,3,15,1,1,4,3,2,2,3,1,4,1,13,1,1,4,1,4,4,3,4,3,7,8,2,1,2,2,2,1,1,1,2,3,4,1,1,3,3,3,1,4,2,3,4,1,3,3,3,11,5,4,4,2,4,4,6,1,8,2,4,1,2,2,3,3,4,2,1,2,1,3,1,2,3,1,1,3,2,4,1,2,3,1,7,9,9,2,6,2,4,3,4,1,3,2,3,2,1,2,4,2,4,2,4,2,3,1,4,2,1,2,10,4,14,4,2,1,4,4,1,9,3,2,4,3,3,6,1,5,1,2,14,3,3,4,1,1,1,2,9,2,2,4,1,2,3,3,1,11,2,3,1,3,11,1,3,2,2,1,3,2,7,7,7,2,3,4,2,2,1,2,2,4,3,4,1,4,3,1,8,2,3,4,1,3,10,1,3,2,6,3,15,3,3,2,5,2,3,3,1,3,1,4,1,14,4,1,1,4,4,2,1,2,4,1,6,4,2,1,4,1,4,1,2,1,2,2,3,2,1,1,1,3,4,1,3,1,2,2,1,2,4,12,4,1,5,3,1,3,1,2,1,3,2,14,3,3"
210,0.9863414169672424,0.47058823529411764,8776.0,"15,13,12,3,1,8,11,3,9,14,13,1,10,7,11,14,1,7,9,12,3,9,2,15,14,9,2,6,11,13,13,14,1,1,10,11,5,2,6,15,12,14,3,5,9,1,7,6,7,1,12,15,11,13,4,1,11,1,9,1,7,8,1,4,14,9,3,12,1,9,1,1,3,14,12,15,3,14,15,7,6,13,11,4,2,8,10,5,2,11,8,5,2,12,7,9,15,4,3,12,13,11,5,4,5,4,7,6,11,6,8,10,6,11,14,7,4,15,11,14,10,10,3,15,2,7,12,8,8,14,15,14,12,11,2,14,11,14,2,15,15,12,2,6,10,8,14,9,2,7,13,9,7,1,1,6,12,14,5,11,6,2,13,10,2,13,11,15,13,2,8,2,4,2,12,6,5,7,5,12,4,5,3,1,15,11,8,15,15,13,5,7,5,12,3,13,9,3,7,9,6,7,9,10,5,2,11,3,1,8,13,5,5,9,5,11,2,8,15,5,9,1,12,12,9,7,3,12,8,9,5,9,15,3,4,9,11,8,11,3,8,13,7,11,6,1,11,10,1,10,9,11,10,4,4,8,11,5,15,1,11,9,3,6,10,14,15,12,11,2,3,9,6,10,1,12,13,11,6,5,14,11,4,11,4,10,2,6,6,11,14,10,9,1,1,2,15,11,15,4,9,8,13,1,1,7,13,5,14,14,15,5,6,6,5,8,13,8,2,11,14,7,2,11,14,8,9,2,1,9,1,7,9,15,15,5,3,9,14,15,7,2,8,1,1,13,12,11,6,15,11,8,13,9,7,12,6,13,12,13,2,6,11,14,1,10,8,15,5,14,9,8,8,5,14,6,8,11,6,2,6,2,6,2,7,1,1,2,11,5,12,13,15,13,3,7,8,4,12,10,10,12,10,2,10,13,15,13,1,7,7,14,1,12,8,6,11,13,8,1,7,5,13,3,12,12,15,13,2,8,14,11,9,1,7,5,5,4,3,15,7,5,3,4,1,4,15,13,14,5,15,7,5,2,10,12,4,6,11,7,13,14,15,12,13,7,8,11,9,11,3,3,5,1,11,14,2,8,15,12,6,15,11,3,15,7,8,7,4,9,9,8,8,12,2,13,14,11,1,14,10,3,6,14,1,15,4,14,12,7,6,3,2,11,2,7,3,2,14,1,10,10,4,3,15,1,6,12,10,15,6,15,9,14,1,2,4,10,8,10,10,6,4,9,5,14,5,8,10,3,2,3,2,7,9,15,7,3,14,2,5,6,6,4,3,14,3,10,6,5,11,8,12,3,5,7,8,7,2,1,15,13,4,14,15,1,13,10,8,4,4,7,8,4,11,13,8,4,15,8,13,13,9,7,8,1,13,15,3,12,7,13,3,7,2,11,5,15,6,12,15,15,12,14,11,1,14,15,3,9,11,6,3,3,5,12,6,8,7,10,13,8,6,8,6,10,10,8,15,1,7,8,4,14,2,11,7,3,14,1,8,12,10,6,11,14,7,15,7,15,1,3,3,6,12,7,10,12,2,4,4,14,11,6,6,15,7,13,1,12,13,9,3,8,6,12,14,11,6,5,1,7,8,14,12,2,3,8,3,13,12,1,8,12,3,5,8,13,14,3,3,1,10,1,13,3,4,11,3,12,4,8,4,9,1,13,14,13,9,8,10,5,7,7,8,1,14,4,9,12,14,8,5,15,10,13,8,3,8,1,11,5,9,4,12,12,15,15,1,8,6,6,1,10,12,10,2,11,8,1,1,13,6,10,7,2,10,12,2,15,5,4,10,7,10,13,11,10,9,3,3,15,13,12,9,5,9,10,7,15,6,15,7,14,10,7,6,1,4,1,4,14,5,4,1,1,1,4,2,3,5,1,4,13,15,4,3,2,12,2,2,13,14,3,2,1,2,2,4,4,5,3,1,1,1,5,2,1,8,4,3,6,4,3,1,5,3,3,1,1,4,8,3,3,2,3,12,3,1,8,1,2,3,1,3,2,3,4,1,2,1,1,4,3,4,1,4,2,1,1,5,2,2,12,3,3,4,3,4,4,2,1,11,1,2,3,4,4,4,2,3,2,1,1,1,4,4,4,4,1,1,1,1,1,11,4,11,2,4,12,1,3,3,2,15,1,1,1,11,4,2,2,1,1,4,2,1,1,2,2,4,2,2,3,4,6,1,1,1,3,1,2,2,2,2,4,1,2,4,2,10,2,3,10,2,1,10,14,4,4,12,1,3,4,4,2,12,2,3,1,4,1,3,1,1,2,2,2,1,4,8,2,8,4,15,11,2,3,3,6,6,3,1,1,3,1,13,1,4,9,1,1,2,12,3,4,4,3,1,2,9,2,2,3,2,15,1,3,1,3,13,3,1,1,4,3,2,1,1,3,2,2,9,4,6,3,3,1,4,13,4,2,3,2,5,13,3,3,4,3,2,11,1,1,4,3,2,7,4,3,10,5,3,4,15,2,3,1,2,2,1,10,1,4,3,13,2,4,13,1,4,3,3,2,2,3,4,2,3,3,2,2,2,14,4,1,14,4,3,1,2,3,4,4,1,1,3,1,3,2,3,14,1,1,4,3,12,4,2,1,1,2,15,2,2,2,2,3,3,3,1,1,3,2,15,4,2,4,1,3,1,2,3,4,4,3,6,13,3,4,3,6,3,2,2,2,4,1,4,3,4,4,8,3,5,4,6,2,2,3,3,2,1,4,7,2,3,1,9,4,2,2,4,1,8,2,2,3,2,1,2,2,4,1,1,1,1,6,4,1,4,3,3,1,2,1,4,1,1,2,3,4,9,2,1,3,1,1,3,15,2,2,6,2,1,1,1,12,1,1,2,3,5,5,4,3,4,3,1,2,11,3,13,3,1,3,3,1,2,1,3,12,2,14,2,4,14,4,4,5,4,2,4,4,3,2,2,14,4,1,2,3,2,4,2,3,2,4,2,2,2,4,14,2,4,4,1,2,1,1,7,2,3,1,1,3,3,3,4,3,4,3,5,3,4,1,3,3,4,1,4,1,3,4,1,4,14,2,3,4,11,3,2,3,2,2,3,4,11,3,2,4,3,3,4,2,1,1,3,1,4,3,1,3,2,1,4,1,8,11,3,2,3,15,1,12,2,4,12,2,4,1,2,1,1,4,4,10,12,12,2,2,2,3,4,6,2,4,1,1,3,4,2,2,4,3,4,2,3,1,4,3,3,2,9,1,10,11,2,2,3,1,4,1,3,1,1,4,1,4,4,3,4,3,2,3,2,1,2,2,2,1,1,1,2,3,4,1,1,3,3,9,1,4,2,3,4,1,2,3,2,1,14,7,4,2,8,4,10,2,4,3,4,1,2,11,3,3,4,3,9,2,1,3,1,2,14,5,11,3,9,4,1,4,3,15,2,14,5,2,1,2,12,9,9,2,3,2,4,2,7,2,1,12,7,4,10,4,2,8,14,1,1,9,9,4,12,4,13,1,8,4,1,9,2,6,9,3,3,6,1,5,1,2,14,3,9,11,1,1,1,2,9,12,6,6,11,1,10,5,14,9,15,6,11,4,4,3,14,9,15,13,12,13,15,7,7,13,7,5,6,6,6,15,8,15,1,3,9,13,7,5,5,11,3,3,10,9,1,4,7,2,10,7,13,5,9,15,8,5,10,14,11,15,3,11,5,7,10,9,11,6,14,4,4,13,8,11,6,1,7,7,15,1,8,4,9,10,5,3,4,9,13,7,15,4,12,2,10,9,5,12,14,9,2,4,13,1,13,3,2,11,8,11,13,11,9,14,12,4"
