Solution,NDCG_Loss,Classification_Error,Complexity,Genome
1,0.9875909492720556,0.4509803921568627,2338.0,"3,1,1,3,1,3,4,4,4,3,1,1,1,1,1,1,3,2,1,3,3,3,3,1,4,4,3,2,1,2,4,2,3,2,1,3,1,4,4,1,2,2,1,3,1,2,4,4,1,2,4,1,2,1,4,2,3,4,3,4,3,3,1,1,2,1,1,2,1,4,3,3,1,1,2,1,4,3,2,2,2,1,1,1,2,2,3,3,1,1,3,4,3,1,1,1,1,3,1,1,3,4,3,1,1,2,1,4,1,3,1,1,2,1,1,3,4,2,4,4,1,2,3,4,1,3,4,1,4,2,2,1,3,1,4,3,2,3,2,3,3,3,4,4,1,1,2,4,2,1,2,1,4,3,4,2,2,4,4,1,2,2,4,3,2,3,4,4,1,2,3,1,2,1,4,2,1,1,3,1,2,2,3,2,4,2,2,1,1,2,3,1,3,2,2,4,1,2,4,1,2,2,1,1,1,2,2,4,3,1,2,2,1,3,1,3,2,3,4,2,4,1,1,1,3,2,1,1,2,1,4,2,2,2,4,2,4,2,3,1,3,1,4,3,2,1,1,3,4,3,4,4,1,3,3,4,3,2,2,3,3,4,2,2,1,4,1,2,4,3,4,3,3,4,3,1,2,3,1,3,2,1,2,2,1,1,3,4,2,4,2,4,1,1,2,3,3,3,3,4,1,4,4,4,2,1,2,3,1,2,2,4,2,2,3,3,2,2,2,4,4,4,3,1,4,4,2,4,1,3,4,3,4,3,3,4,4,3,1,1,1,1,4,2,3,1,1,2,2,4,3,3,2,2,2,4,3,2,1,3,3,1,1,3,3,2,4,4,2,1,1,1,1,2,3,2,1,2,4,4,1,2,4,3,1,2,1,4,3,4,1,3,2,4,3,1,2,1,1,2,3,3,2,2,1,1,4,2,4,2,4,1,1,3,4,2,4,1,3,4,1,2,3,1,2,4,2,2,2,3,1,1,2,4,4,1,4,2,1,1,4,1,3,2,3,1,4,3,3,3,4,4,1,4,3,1,4,2,4,4,1,1,1,2,2,4,4,1,1,2,2,1,4,2,1,1,1,2,4,2,4,2,1,1,3,1,4,1,3,1,1,2,4,3,2,3,1,3,2,1,2,4,4,4,3,4,3,3,2,1,1,2,4,2,2,1,3,2,2,3,1,4,2,4,4,2,4,2,3,3,3,3,1,3,2,2,2,4,2,1,1,1,1,1,1,3,1,4,1,2,2,4,1,3,3,3,3,1,4,3,1,1,1,1,1,2,1,1,1,2,2,4,4,1,3,1,4,3,3,4,1,4,3,2,1,4,4,4,2,2,1,1,1,4,2,1,2,3,1,2,1,2,2,4,3,1,2,1,2,3,2,2,1,3,2,1,2,1,3,4,3,1,3,1,1,3,4,3,1,4,1,4,3,3,1,4,1,4,1,3,2,1,2,3,2,4,2,1,2,4,3,4,1,4,2,2,4,2,2,1,1,1,3,3,1,4,4,4,1,3,2,4,1,1,2,3,3,1,2,3,2,2,1,2,2,2,4,2,2,1,3,3,2,1,1,2,2,3,3,3,2,3,1,4,4,4,1,4,2,2,4,4,3,1,3,1,3,2,1,4,1,1,3,4,3,4,3,1,3,3,1,1,1,4,1,3,3,1,1,3,1,1,4,1,4,2,4,1,1,3,1,1,1,4,4,2,4,3,4,1,4,1,3,2,2,2,2,1,1,4,1,2,1,3,3,3,2,4,1,4,1,2,3,2,3,4,4,2,2,1,4,3,4,1,2,3,1,2,3,1,2,4,2,2,1,1,1,2,2,4,1,4,3,4,1,3,2,2,3,1,4,2,3,4,4,2,1,1,3,3,1,3,1,2,4,3,2,1,3,2,3,2,1,4,2,1,3,4,4,3,4,3,3,1,3,1,2,2,3,1,2,1,2,3,2,3,3,2,3,1,1,1,4,2,2,4,2,1,4,4,1,2,3,3,2,3,4,3,2,2,2,4,2,3,2,2,2,4,4,4,4,1,1,3,2,4,4,2,2,1,2,1,2,2,4,4,1,2,4,1,4,3,1,3,2,1,3,2,1,2,3,1,2,2,4,3,1,1,2,3,2,2,1,2,1,1,4,1,4,2,1,1,4,4,1,3,3,4,1,2,2,3,3,2,4,1,3,1,4,4,3,4,2,4,3,4,4,3,3,1,2,3,4,1,4,2,4,1,2,4,1,4,2,4,4,1,4,3,2,1,3,3,2,1,3,4,3,2,3,1,3,3,2,3,3,1,2,2,2,2,4,4,4,2,2,4,2,3,1,2,3,3,4,1,2,2,1,3,2,2,1,3,3,3,2,3,1,4,4,1,1,1,3,1,2,4,2,2,3,3,4,3,3,4,1,4,4,1,1,4,1,1,4,1,2,3,3,4,3,2,1,4,3,2,1,1,2,3,4,1,4,1,1,1,3,3,2,4,4,2,3,4,2,1,4,3,4,1,3,3,2,3,2,3,1,1,1,1,1,4,1,3,2,4,3,1,1,3,4,2,2,2,2,1,4,1,4,2,3,3,1,3,1,1,4,2,2,2,2,4,2,2,3,2,2,1,1,2,1,3,3,3,4,3,2,3,3,3,3,1,3,3,1,1,4,2,4,1,1,1,4,3,2,2,3,2,3,4,1,3,3,1,1,2,3,1,2,4,3,4,1,1,3,4,1,3,3,3,1,1,3,2,3,3,3,2,4,1,1,4,3,3,1,3,4,1,2,3,4,1,1,2,3,2,4,1,1,2,2,2,3,1,3,4,3,2,4,4,3,3,2,2,4,2,1,1,4,3,3,1,3,2,1,4,3,4,4,3,3,1,1,4,4,1,4,2,3,3,2,1,1,4,4,1,4,2,3,2,3,3,4,4,3,4,2,1,4,4,4,1,2,3,2,4,1,2,4,4,3,1,3,2,3,2,4,1,1,4,1,3,2,2,2,3,2,1,2,3,1,4,1,3,1,2,3,4,2,3,3,4,4,3,4,4,2,3,1,2,3,3,2,4,1,1,3,3,1,3,1,4,1,1,1,3,4,2,2,1,3,2,2,1,1,3,2,1,4,4,4,1,3,4,4,4,1,1,1,4,1,1,3,1,2,1,1,2,2,1,3,4,2,3,1,1,2,2,3,1,2,2,4,2,3,1,2,4,2,1,1,1,4,1,1,2,2,3,2,1,1,3,1,3,3,1,2,2,2,3,2,3,4,3,1,1,2,1,2,4,3,1,2,4,1,3,4,3,4,4,3,2,3,3,1,3,3,1,2,3,1,2,2,3,2,3,2,2,2,3,2,4,1,1,4,2,1,4,2,3,3,1,1,4,1,2,4,2,1,3,2,4,3,1,2,1,2,3,4,1,3,3,4,4,3,2,3,3,2,1,3,2,1,2,2,2,1,1,3,3,3,3,3,1,4,2,3,2,2,3,2,2,4,2,2,4,2,2,2,2,2,2,1,4,1,1,4,4,2,3,3,1,2,3,4,4,3,2,2,1,4,2,4,1,2,2,3,4,2,1,4,2,4,1,3,3,1,4,1,3,4,4,2,2,2,2,2,1,1,4,4,2,3,3,4,4,4,2,4,2,1,4,3,2,1,1,2,2,1,1,1,2,4,1,1,3,4,2,1,2,4,4,4,3,1,4,2,3,4,4,2,3,2,1,4,2,3,1,4,4,3,2,2,4,1,2,3,4,1,3,1,1,4,1,2,2,1,4,4,1,2,2,4,4,3,3,1,1,4,4,3,1"
2,0.9875909492720556,0.4509803921568627,2338.0,"3,1,1,3,1,3,4,4,4,3,1,1,1,1,1,1,3,2,1,3,3,3,3,1,4,4,3,2,1,2,4,2,3,2,1,3,1,4,4,1,2,2,1,3,1,2,4,4,1,2,4,1,2,1,4,2,3,4,3,4,3,3,1,1,2,1,1,2,1,4,3,3,1,1,2,1,4,3,2,2,2,1,1,1,2,2,3,3,1,1,3,4,3,1,1,1,1,3,1,1,3,4,3,1,1,2,1,4,1,3,1,1,2,1,1,3,4,2,4,4,1,2,3,4,1,3,4,1,4,2,2,1,3,1,4,3,2,3,2,3,3,3,4,4,1,1,2,4,2,1,2,1,4,3,4,2,2,4,4,1,2,2,4,3,2,3,4,4,1,2,3,1,2,1,4,2,1,1,3,1,2,2,3,2,4,2,2,1,1,2,3,1,3,2,2,4,1,2,4,1,2,2,1,1,1,2,2,4,3,1,2,2,1,3,1,3,2,3,4,2,4,1,1,1,3,2,1,1,2,1,4,2,2,2,4,2,4,2,3,1,3,1,4,3,2,1,1,3,4,3,4,4,1,3,3,4,3,2,2,3,3,4,2,2,1,4,1,2,4,3,4,3,3,4,3,1,2,3,1,3,2,1,2,2,1,1,3,4,2,4,2,4,1,1,2,3,3,3,3,4,1,4,4,4,2,1,2,3,1,2,2,4,2,2,3,3,2,2,2,4,4,4,3,1,4,4,2,4,1,3,4,3,4,3,3,4,4,3,1,1,1,1,4,2,3,1,1,2,2,4,3,3,2,2,2,4,3,2,1,3,3,1,1,3,3,2,4,4,2,1,1,1,1,2,3,2,1,2,4,4,1,2,4,3,1,2,1,4,3,4,1,3,2,4,3,1,2,1,1,2,3,3,2,2,1,1,4,2,4,2,4,1,1,3,4,2,4,1,3,4,1,2,3,1,2,4,2,2,2,3,1,1,2,4,4,1,4,2,1,1,4,1,3,2,3,1,4,3,3,3,4,4,1,4,3,1,4,2,4,4,1,1,1,2,2,4,4,1,1,2,2,1,4,2,1,1,1,2,4,2,4,2,1,1,3,1,4,1,3,1,1,2,4,3,2,3,1,3,2,1,2,4,4,4,3,4,3,3,2,1,1,2,4,2,2,1,3,2,2,3,1,4,2,4,4,2,4,2,3,3,3,3,1,3,2,2,2,4,2,1,1,1,1,1,1,3,1,4,1,2,2,4,1,3,3,3,3,1,4,3,1,1,1,1,1,2,1,1,1,2,2,4,4,1,3,1,4,3,3,4,1,4,3,2,1,4,4,4,2,2,1,1,1,4,2,1,2,3,1,2,1,2,2,4,3,1,2,1,2,3,2,2,1,3,2,1,2,1,3,4,3,1,3,1,1,3,4,3,1,4,1,4,3,3,1,4,1,4,1,3,2,1,2,3,2,4,2,1,2,4,3,4,1,4,2,2,4,2,2,1,1,1,3,3,1,4,4,4,1,3,2,4,1,1,2,3,3,1,2,3,2,2,1,2,2,2,4,2,2,1,3,3,2,1,1,2,2,3,3,3,2,3,1,4,4,4,1,4,2,2,4,4,3,1,3,1,3,2,1,4,1,1,3,4,3,4,3,1,3,3,1,1,1,4,1,3,3,1,1,3,1,1,4,1,4,2,4,1,1,3,1,1,1,4,4,2,4,3,4,1,4,1,3,2,2,2,2,1,1,4,1,2,1,3,3,3,2,4,1,4,1,2,3,2,3,4,4,2,2,1,4,3,4,1,2,3,1,2,3,1,2,4,2,2,1,1,1,2,2,4,1,4,3,4,1,3,2,2,3,1,4,2,3,4,4,2,1,1,3,3,1,3,1,2,4,3,2,1,3,2,3,2,1,4,2,1,3,4,4,3,4,3,3,1,3,1,2,2,3,1,2,1,2,3,2,3,3,2,3,1,1,1,4,2,2,4,2,1,4,4,1,2,3,3,2,3,4,3,2,2,2,4,2,3,2,2,2,4,4,4,4,1,1,3,2,4,4,2,2,1,2,1,2,2,4,4,1,2,4,1,4,3,1,3,2,1,3,2,1,2,3,1,2,2,4,3,1,1,2,3,2,2,1,2,1,1,4,1,4,2,1,1,4,4,1,3,3,4,1,2,2,3,3,2,4,1,3,1,4,4,3,4,2,4,3,4,4,3,3,1,2,3,4,1,4,2,4,1,2,4,1,4,2,4,4,1,4,3,2,1,3,3,2,1,3,4,3,2,3,1,3,3,2,3,3,1,2,2,2,2,4,4,4,2,2,4,2,3,1,2,3,3,4,1,2,2,1,3,2,2,1,3,3,3,2,3,1,4,4,1,1,1,3,1,2,4,2,2,3,3,4,3,3,4,1,4,4,1,1,4,1,1,4,1,2,3,3,4,3,2,1,4,3,2,1,1,2,3,4,1,4,1,1,1,3,3,2,4,4,2,3,4,2,1,4,3,4,1,3,3,2,3,2,3,1,1,1,1,1,4,1,3,2,4,3,1,1,3,4,2,2,2,2,1,4,1,4,2,3,3,1,3,1,1,4,2,2,2,2,4,2,2,3,2,2,1,1,2,1,3,3,3,4,3,2,3,3,3,3,1,3,3,1,1,4,2,4,1,1,1,4,3,2,2,3,2,3,4,1,3,3,1,1,2,3,1,2,4,3,4,1,1,3,4,1,3,3,3,1,1,3,2,3,3,3,2,4,1,1,4,3,3,1,3,4,1,2,3,4,1,1,2,3,2,4,1,1,2,2,2,3,1,3,4,3,2,4,4,3,3,2,2,4,2,1,1,4,3,3,1,3,2,1,4,3,4,4,3,3,1,1,4,4,1,4,2,3,3,2,1,1,4,4,1,4,2,3,2,3,3,4,4,3,4,2,1,4,4,4,1,2,3,2,4,1,2,4,4,3,1,3,2,3,2,4,1,1,4,1,3,2,2,2,3,2,1,2,3,1,4,1,3,1,2,3,4,2,3,3,4,4,3,4,4,2,3,1,2,3,3,2,4,1,1,3,3,1,3,1,4,1,1,1,3,4,2,2,1,3,2,2,1,1,3,2,1,4,4,4,1,3,4,4,4,1,1,1,4,1,1,3,1,2,1,1,2,2,1,3,4,2,3,1,1,2,2,3,1,2,2,4,2,3,1,2,4,2,1,1,1,4,1,1,2,2,3,2,1,1,3,1,3,3,1,2,2,2,3,2,3,4,3,1,1,2,1,2,4,3,1,2,4,1,3,4,3,4,4,3,2,3,3,1,3,3,1,2,3,1,2,2,3,2,3,2,2,2,3,2,4,1,1,4,2,1,4,2,3,3,1,1,4,1,2,4,2,1,3,2,4,3,1,2,1,2,3,4,1,3,3,4,4,3,2,3,3,2,1,3,2,1,2,2,2,1,1,3,3,3,3,3,1,4,2,3,2,2,3,2,2,4,2,2,4,2,2,2,2,2,2,1,4,1,1,4,4,2,3,3,1,2,3,4,4,3,2,2,1,4,2,4,1,2,2,3,4,2,1,4,2,4,1,3,3,1,4,1,3,4,4,2,2,2,2,2,1,1,4,4,2,3,3,4,4,4,2,4,2,1,4,3,2,1,1,2,2,1,1,1,2,4,1,1,3,4,2,1,2,4,4,4,3,1,4,2,3,4,4,2,3,2,1,4,2,3,1,4,4,3,2,2,4,1,2,3,4,1,3,1,1,4,1,2,2,1,4,4,1,2,2,4,4,3,3,1,1,4,4,3,1"
3,0.9875909492720556,0.4509803921568627,2338.0,"3,1,1,3,1,3,4,4,4,3,1,1,1,1,1,1,3,2,1,3,3,3,3,1,4,4,3,2,1,2,4,2,3,2,1,3,1,4,4,1,2,2,1,3,1,2,4,4,1,2,4,1,2,1,4,2,3,4,3,4,3,3,1,1,2,1,1,2,1,4,3,3,1,1,2,1,4,3,2,2,2,1,1,1,2,2,3,3,1,1,3,4,3,1,1,1,1,3,1,1,3,4,3,1,1,2,1,4,1,3,1,1,2,1,1,3,4,2,4,4,1,2,3,4,1,3,4,1,4,2,2,1,3,1,4,3,2,3,2,3,3,3,4,4,1,1,2,4,2,1,2,1,4,3,4,2,2,4,4,1,2,2,4,3,2,3,4,4,1,2,3,1,2,1,4,2,1,1,3,1,2,2,3,2,4,2,2,1,1,2,3,1,3,2,2,4,1,2,4,1,2,2,1,1,1,2,2,4,3,1,2,2,1,3,1,3,2,3,4,2,4,1,1,1,3,2,1,1,2,1,4,2,2,2,4,2,4,2,3,1,3,1,4,3,2,1,1,3,4,3,4,4,1,3,3,4,3,2,2,3,3,4,2,2,1,4,1,2,4,3,4,3,3,4,3,1,2,3,1,3,2,1,2,2,1,1,3,4,2,4,2,4,1,1,2,3,3,3,3,4,1,4,4,4,2,1,2,3,1,2,2,4,2,2,3,3,2,2,2,4,4,4,3,1,4,4,2,4,1,3,4,3,4,3,3,4,4,3,1,1,1,1,4,2,3,1,1,2,2,4,3,3,2,2,2,4,3,2,1,3,3,1,1,3,3,2,4,4,2,1,1,1,1,2,3,2,1,2,4,4,1,2,4,3,1,2,1,4,3,4,1,3,2,4,3,1,2,1,1,2,3,3,2,2,1,1,4,2,4,2,4,1,1,3,4,2,4,1,3,4,1,2,3,1,2,4,2,2,2,3,1,1,2,4,4,1,4,2,1,1,4,1,3,2,3,1,4,3,3,3,4,4,1,4,3,1,4,2,4,4,1,1,1,2,2,4,4,1,1,2,2,1,4,2,1,1,1,2,4,2,4,2,1,1,3,1,4,1,3,1,1,2,4,3,2,3,1,3,2,1,2,4,4,4,3,4,3,3,2,1,1,2,4,2,2,1,3,2,2,3,1,4,2,4,4,2,4,2,3,3,3,3,1,3,2,2,2,4,2,1,1,1,1,1,1,3,1,4,1,2,2,4,1,3,3,3,3,1,4,3,1,1,1,1,1,2,1,1,1,2,2,4,4,1,3,1,4,3,3,4,1,4,3,2,1,4,4,4,2,2,1,1,1,4,2,1,2,3,1,2,1,2,2,4,3,1,2,1,2,3,2,2,1,3,2,1,2,1,3,4,3,1,3,1,1,3,4,3,1,4,1,4,3,3,1,4,1,4,1,3,2,1,2,3,2,4,2,1,2,4,3,4,1,4,2,2,4,2,2,1,1,1,3,3,1,4,4,4,1,3,2,4,1,1,2,3,3,1,2,3,2,2,1,2,2,2,4,2,2,1,3,3,2,1,1,2,2,3,3,3,2,3,1,4,4,4,1,4,2,2,4,4,3,1,3,1,3,2,1,4,1,1,3,4,3,4,3,1,3,3,1,1,1,4,1,3,3,1,1,3,1,1,4,1,4,2,4,1,1,3,1,1,1,4,4,2,4,3,4,1,4,1,3,2,2,2,2,1,1,4,1,2,1,3,3,3,2,4,1,4,1,2,3,2,3,4,4,2,2,1,4,3,4,1,2,3,1,2,3,1,2,4,2,2,1,1,1,2,2,4,1,4,3,4,1,3,2,2,3,1,4,2,3,4,4,2,1,1,3,3,1,3,1,2,4,3,2,1,3,2,3,2,1,4,2,1,3,4,4,3,4,3,3,1,3,1,2,2,3,1,2,1,2,3,2,3,3,2,3,1,1,1,4,2,2,4,2,1,4,4,1,2,3,3,2,3,4,3,2,2,2,4,2,3,2,2,2,4,4,4,4,1,1,3,2,4,4,2,2,1,2,1,2,2,4,4,1,2,4,1,4,3,1,3,2,1,3,2,1,2,3,1,2,2,4,3,1,1,2,3,2,2,1,2,1,1,4,1,4,2,1,1,4,4,1,3,3,4,1,2,2,3,3,2,4,1,3,1,4,4,3,4,2,4,3,4,4,3,3,1,2,3,4,1,4,2,4,1,2,4,1,4,2,4,4,1,4,3,2,1,3,3,2,1,3,4,3,2,3,1,3,3,2,3,3,1,2,2,2,2,4,4,4,2,2,4,2,3,1,2,3,3,4,1,2,2,1,3,2,2,1,3,3,3,2,3,1,4,4,1,1,1,3,1,2,4,2,2,3,3,4,3,3,4,1,4,4,1,1,4,1,1,4,1,2,3,3,4,3,2,1,4,3,2,1,1,2,3,4,1,4,1,1,1,3,3,2,4,4,2,3,4,2,1,4,3,4,1,3,3,2,3,2,3,1,1,1,1,1,4,1,3,2,4,3,1,1,3,4,2,2,2,2,1,4,1,4,2,3,3,1,3,1,1,4,2,2,2,2,4,2,2,3,2,2,1,1,2,1,3,3,3,4,3,2,3,3,3,3,1,3,3,1,1,4,2,4,1,1,1,4,3,2,2,3,2,3,4,1,3,3,1,1,2,3,1,2,4,3,4,1,1,3,4,1,3,3,3,1,1,3,2,3,3,3,2,4,1,1,4,3,3,1,3,4,1,2,3,4,1,1,2,3,2,4,1,1,2,2,2,3,1,3,4,3,2,4,4,3,3,2,2,4,2,1,1,4,3,3,1,3,2,1,4,3,4,4,3,3,1,1,4,4,1,4,2,3,3,2,1,1,4,4,1,4,2,3,2,3,3,4,4,3,4,2,1,4,4,4,1,2,3,2,4,1,2,4,4,3,1,3,2,3,2,4,1,1,4,1,3,2,2,2,3,2,1,2,3,1,4,1,3,1,2,3,4,2,3,3,4,4,3,4,4,2,3,1,2,3,3,2,4,1,1,3,3,1,3,1,4,1,1,1,3,4,2,2,1,3,2,2,1,1,3,2,1,4,4,4,1,3,4,4,4,1,1,1,4,1,1,3,1,2,1,1,2,2,1,3,4,2,3,1,1,2,2,3,1,2,2,4,2,3,1,2,4,2,1,1,1,4,1,1,2,2,3,2,1,1,3,1,3,3,1,2,2,2,3,2,3,4,3,1,1,2,1,2,4,3,1,2,4,1,3,4,3,4,4,3,2,3,3,1,3,3,1,2,3,1,2,2,3,2,3,2,2,2,3,2,4,1,1,4,2,1,4,2,3,3,1,1,4,1,2,4,2,1,3,2,4,3,1,2,1,2,3,4,1,3,3,4,4,3,2,3,3,2,1,3,2,1,2,2,2,1,1,3,3,3,3,3,1,4,2,3,2,2,3,2,2,4,2,2,4,2,2,2,2,2,2,1,4,1,1,4,4,2,3,3,1,2,3,4,4,3,2,2,1,4,2,4,1,2,2,3,4,2,1,4,2,4,1,3,3,1,4,1,3,4,4,2,2,2,2,2,1,1,4,4,2,3,3,4,4,4,2,4,2,1,4,3,2,1,1,2,2,1,1,1,2,4,1,1,3,4,2,1,2,4,4,4,3,1,4,2,3,4,4,2,3,2,1,4,2,3,1,4,4,3,2,2,4,1,2,3,4,1,3,1,1,4,1,2,2,1,4,4,1,2,2,4,4,3,3,1,1,4,4,3,1"
4,0.9875909492720556,0.4509803921568627,2338.0,"3,1,1,3,1,3,4,4,4,3,1,1,1,1,1,1,3,2,1,3,3,3,3,1,4,4,3,2,1,2,4,2,3,2,1,3,1,4,4,1,2,2,1,3,1,2,4,4,1,2,4,1,2,1,4,2,3,4,3,4,3,3,1,1,2,1,1,2,1,4,3,3,1,1,2,1,4,3,2,2,2,1,1,1,2,2,3,3,1,1,3,4,3,1,1,1,1,3,1,1,3,4,3,1,1,2,1,4,1,3,1,1,2,1,1,3,4,2,4,4,1,2,3,4,1,3,4,1,4,2,2,1,3,1,4,3,2,3,2,3,3,3,4,4,1,1,2,4,2,1,2,1,4,3,4,2,2,4,4,1,2,2,4,3,2,3,4,4,1,2,3,1,2,1,4,2,1,1,3,1,2,2,3,2,4,2,2,1,1,2,3,1,3,2,2,4,1,2,4,1,2,2,1,1,1,2,2,4,3,1,2,2,1,3,1,3,2,3,4,2,4,1,1,1,3,2,1,1,2,1,4,2,2,2,4,2,4,2,3,1,3,1,4,3,2,1,1,3,4,3,4,4,1,3,3,4,3,2,2,3,3,4,2,2,1,4,1,2,4,3,4,3,3,4,3,1,2,3,1,3,2,1,2,2,1,1,3,4,2,4,2,4,1,1,2,3,3,3,3,4,1,4,4,4,2,1,2,3,1,2,2,4,2,2,3,3,2,2,2,4,4,4,3,1,4,4,2,4,1,3,4,3,4,3,3,4,4,3,1,1,1,1,4,2,3,1,1,2,2,4,3,3,2,2,2,4,3,2,1,3,3,1,1,3,3,2,4,4,2,1,1,1,1,2,3,2,1,2,4,4,1,2,4,3,1,2,1,4,3,4,1,3,2,4,3,1,2,1,1,2,3,3,2,2,1,1,4,2,4,2,4,1,1,3,4,2,4,1,3,4,1,2,3,1,2,4,2,2,2,3,1,1,2,4,4,1,4,2,1,1,4,1,3,2,3,1,4,3,3,3,4,4,1,4,3,1,4,2,4,4,1,1,1,2,2,4,4,1,1,2,2,1,4,2,1,1,1,2,4,2,4,2,1,1,3,1,4,1,3,1,1,2,4,3,2,3,1,3,2,1,2,4,4,4,3,4,3,3,2,1,1,2,4,2,2,1,3,2,2,3,1,4,2,4,4,2,4,2,3,3,3,3,1,3,2,2,2,4,2,1,1,1,1,1,1,3,1,4,1,2,2,4,1,3,3,3,3,1,4,3,1,1,1,1,1,2,1,1,1,2,2,4,4,1,3,1,4,3,3,4,1,4,3,2,1,4,4,4,2,2,1,1,1,4,2,1,2,3,1,2,1,2,2,4,3,1,2,1,2,3,2,2,1,3,2,1,2,1,3,4,3,1,3,1,1,3,4,3,1,4,1,4,3,3,1,4,1,4,1,3,2,1,2,3,2,4,2,1,2,4,3,4,1,4,2,2,4,2,2,1,1,1,3,3,1,4,4,4,1,3,2,4,1,1,2,3,3,1,2,3,2,2,1,2,2,2,4,2,2,1,3,3,2,1,1,2,2,3,3,3,2,3,1,4,4,4,1,4,2,2,4,4,3,1,3,1,3,2,1,4,1,1,3,4,3,4,3,1,3,3,1,1,1,4,1,3,3,1,1,3,1,1,4,1,4,2,4,1,1,3,1,1,1,4,4,2,4,3,4,1,4,1,3,2,2,2,2,1,1,4,1,2,1,3,3,3,2,4,1,4,1,2,3,2,3,4,4,2,2,1,4,3,4,1,2,3,1,2,3,1,2,4,2,2,1,1,1,2,2,4,1,4,3,4,1,3,2,2,3,1,4,2,3,4,4,2,1,1,3,3,1,3,1,2,4,3,2,1,3,2,3,2,1,4,2,1,3,4,4,3,4,3,3,1,3,1,2,2,3,1,2,1,2,3,2,3,3,2,3,1,1,1,4,2,2,4,2,1,4,4,1,2,3,3,2,3,4,3,2,2,2,4,2,3,2,2,2,4,4,4,4,1,1,3,2,4,4,2,2,1,2,1,2,2,4,4,1,2,4,1,4,3,1,3,2,1,3,2,1,2,3,1,2,2,4,3,1,1,2,3,2,2,1,2,1,1,4,1,4,2,1,1,4,4,1,3,3,4,1,2,2,3,3,2,4,1,3,1,4,4,3,4,2,4,3,4,4,3,3,1,2,3,4,1,4,2,4,1,2,4,1,4,2,4,4,1,4,3,2,1,3,3,2,1,3,4,3,2,3,1,3,3,2,3,3,1,2,2,2,2,4,4,4,2,2,4,2,3,1,2,3,3,4,1,2,2,1,3,2,2,1,3,3,3,2,3,1,4,4,1,1,1,3,1,2,4,2,2,3,3,4,3,3,4,1,4,4,1,1,4,1,1,4,1,2,3,3,4,3,2,1,4,3,2,1,1,2,3,4,1,4,1,1,1,3,3,2,4,4,2,3,4,2,1,4,3,4,1,3,3,2,3,2,3,1,1,1,1,1,4,1,3,2,4,3,1,1,3,4,2,2,2,2,1,4,1,4,2,3,3,1,3,1,1,4,2,2,2,2,4,2,2,3,2,2,1,1,2,1,3,3,3,4,3,2,3,3,3,3,1,3,3,1,1,4,2,4,1,1,1,4,3,2,2,3,2,3,4,1,3,3,1,1,2,3,1,2,4,3,4,1,1,3,4,1,3,3,3,1,1,3,2,3,3,3,2,4,1,1,4,3,3,1,3,4,1,2,3,4,1,1,2,3,2,4,1,1,2,2,2,3,1,3,4,3,2,4,4,3,3,2,2,4,2,1,1,4,3,3,1,3,2,1,4,3,4,4,3,3,1,1,4,4,1,4,2,3,3,2,1,1,4,4,1,4,2,3,2,3,3,4,4,3,4,2,1,4,4,4,1,2,3,2,4,1,2,4,4,3,1,3,2,3,2,4,1,1,4,1,3,2,2,2,3,2,1,2,3,1,4,1,3,1,2,3,4,2,3,3,4,4,3,4,4,2,3,1,2,3,3,2,4,1,1,3,3,1,3,1,4,1,1,1,3,4,2,2,1,3,2,2,1,1,3,2,1,4,4,4,1,3,4,4,4,1,1,1,4,1,1,3,1,2,1,1,2,2,1,3,4,2,3,1,1,2,2,3,1,2,2,4,2,3,1,2,4,2,1,1,1,4,1,1,2,2,3,2,1,1,3,1,3,3,1,2,2,2,3,2,3,4,3,1,1,2,1,2,4,3,1,2,4,1,3,4,3,4,4,3,2,3,3,1,3,3,1,2,3,1,2,2,3,2,3,2,2,2,3,2,4,1,1,4,2,1,4,2,3,3,1,1,4,1,2,4,2,1,3,2,4,3,1,2,1,2,3,4,1,3,3,4,4,3,2,3,3,2,1,3,2,1,2,2,2,1,1,3,3,3,3,3,1,4,2,3,2,2,3,2,2,4,2,2,4,2,2,2,2,2,2,1,4,1,1,4,4,2,3,3,1,2,3,4,4,3,2,2,1,4,2,4,1,2,2,3,4,2,1,4,2,4,1,3,3,1,4,1,3,4,4,2,2,2,2,2,1,1,4,4,2,3,3,4,4,4,2,4,2,1,4,3,2,1,1,2,2,1,1,1,2,4,1,1,3,4,2,1,2,4,4,4,3,1,4,2,3,4,4,2,3,2,1,4,2,3,1,4,4,3,2,2,4,1,2,3,4,1,3,1,1,4,1,2,2,1,4,4,1,2,2,4,4,3,3,1,1,4,4,3,1"
5,0.9875909492720556,0.4509803921568627,2338.0,"3,1,1,3,1,3,4,4,4,3,1,1,1,1,1,1,3,2,1,3,3,3,3,1,4,4,3,2,1,2,4,2,3,2,1,3,1,4,4,1,2,2,1,3,1,2,4,4,1,2,4,1,2,1,4,2,3,4,3,4,3,3,1,1,2,1,1,2,1,4,3,3,1,1,2,1,4,3,2,2,2,1,1,1,2,2,3,3,1,1,3,4,3,1,1,1,1,3,1,1,3,4,3,1,1,2,1,4,1,3,1,1,2,1,1,3,4,2,4,4,1,2,3,4,1,3,4,1,4,2,2,1,3,1,4,3,2,3,2,3,3,3,4,4,1,1,2,4,2,1,2,1,4,3,4,2,2,4,4,1,2,2,4,3,2,3,4,4,1,2,3,1,2,1,4,2,1,1,3,1,2,2,3,2,4,2,2,1,1,2,3,1,3,2,2,4,1,2,4,1,2,2,1,1,1,2,2,4,3,1,2,2,1,3,1,3,2,3,4,2,4,1,1,1,3,2,1,1,2,1,4,2,2,2,4,2,4,2,3,1,3,1,4,3,2,1,1,3,4,3,4,4,1,3,3,4,3,2,2,3,3,4,2,2,1,4,1,2,4,3,4,3,3,4,3,1,2,3,1,3,2,1,2,2,1,1,3,4,2,4,2,4,1,1,2,3,3,3,3,4,1,4,4,4,2,1,2,3,1,2,2,4,2,2,3,3,2,2,2,4,4,4,3,1,4,4,2,4,1,3,4,3,4,3,3,4,4,3,1,1,1,1,4,2,3,1,1,2,2,4,3,3,2,2,2,4,3,2,1,3,3,1,1,3,3,2,4,4,2,1,1,1,1,2,3,2,1,2,4,4,1,2,4,3,1,2,1,4,3,4,1,3,2,4,3,1,2,1,1,2,3,3,2,2,1,1,4,2,4,2,4,1,1,3,4,2,4,1,3,4,1,2,3,1,2,4,2,2,2,3,1,1,2,4,4,1,4,2,1,1,4,1,3,2,3,1,4,3,3,3,4,4,1,4,3,1,4,2,4,4,1,1,1,2,2,4,4,1,1,2,2,1,4,2,1,1,1,2,4,2,4,2,1,1,3,1,4,1,3,1,1,2,4,3,2,3,1,3,2,1,2,4,4,4,3,4,3,3,2,1,1,2,4,2,2,1,3,2,2,3,1,4,2,4,4,2,4,2,3,3,3,3,1,3,2,2,2,4,2,1,1,1,1,1,1,3,1,4,1,2,2,4,1,3,3,3,3,1,4,3,1,1,1,1,1,2,1,1,1,2,2,4,4,1,3,1,4,3,3,4,1,4,3,2,1,4,4,4,2,2,1,1,1,4,2,1,2,3,1,2,1,2,2,4,3,1,2,1,2,3,2,2,1,3,2,1,2,1,3,4,3,1,3,1,1,3,4,3,1,4,1,4,3,3,1,4,1,4,1,3,2,1,2,3,2,4,2,1,2,4,3,4,1,4,2,2,4,2,2,1,1,1,3,3,1,4,4,4,1,3,2,4,1,1,2,3,3,1,2,3,2,2,1,2,2,2,4,2,2,1,3,3,2,1,1,2,2,3,3,3,2,3,1,4,4,4,1,4,2,2,4,4,3,1,3,1,3,2,1,4,1,1,3,4,3,4,3,1,3,3,1,1,1,4,1,3,3,1,1,3,1,1,4,1,4,2,4,1,1,3,1,1,1,4,4,2,4,3,4,1,4,1,3,2,2,2,2,1,1,4,1,2,1,3,3,3,2,4,1,4,1,2,3,2,3,4,4,2,2,1,4,3,4,1,2,3,1,2,3,1,2,4,2,2,1,1,1,2,2,4,1,4,3,4,1,3,2,2,3,1,4,2,3,4,4,2,1,1,3,3,1,3,1,2,4,3,2,1,3,2,3,2,1,4,2,1,3,4,4,3,4,3,3,1,3,1,2,2,3,1,2,1,2,3,2,3,3,2,3,1,1,1,4,2,2,4,2,1,4,4,1,2,3,3,2,3,4,3,2,2,2,4,2,3,2,2,2,4,4,4,4,1,1,3,2,4,4,2,2,1,2,1,2,2,4,4,1,2,4,1,4,3,1,3,2,1,3,2,1,2,3,1,2,2,4,3,1,1,2,3,2,2,1,2,1,1,4,1,4,2,1,1,4,4,1,3,3,4,1,2,2,3,3,2,4,1,3,1,4,4,3,4,2,4,3,4,4,3,3,1,2,3,4,1,4,2,4,1,2,4,1,4,2,4,4,1,4,3,2,1,3,3,2,1,3,4,3,2,3,1,3,3,2,3,3,1,2,2,2,2,4,4,4,2,2,4,2,3,1,2,3,3,4,1,2,2,1,3,2,2,1,3,3,3,2,3,1,4,4,1,1,1,3,1,2,4,2,2,3,3,4,3,3,4,1,4,4,1,1,4,1,1,4,1,2,3,3,4,3,2,1,4,3,2,1,1,2,3,4,1,4,1,1,1,3,3,2,4,4,2,3,4,2,1,4,3,4,1,3,3,2,3,2,3,1,1,1,1,1,4,1,3,2,4,3,1,1,3,4,2,2,2,2,1,4,1,4,2,3,3,1,3,1,1,4,2,2,2,2,4,2,2,3,2,2,1,1,2,1,3,3,3,4,3,2,3,3,3,3,1,3,3,1,1,4,2,4,1,1,1,4,3,2,2,3,2,3,4,1,3,3,1,1,2,3,1,2,4,3,4,1,1,3,4,1,3,3,3,1,1,3,2,3,3,3,2,4,1,1,4,3,3,1,3,4,1,2,3,4,1,1,2,3,2,4,1,1,2,2,2,3,1,3,4,3,2,4,4,3,3,2,2,4,2,1,1,4,3,3,1,3,2,1,4,3,4,4,3,3,1,1,4,4,1,4,2,3,3,2,1,1,4,4,1,4,2,3,2,3,3,4,4,3,4,2,1,4,4,4,1,2,3,2,4,1,2,4,4,3,1,3,2,3,2,4,1,1,4,1,3,2,2,2,3,2,1,2,3,1,4,1,3,1,2,3,4,2,3,3,4,4,3,4,4,2,3,1,2,3,3,2,4,1,1,3,3,1,3,1,4,1,1,1,3,4,2,2,1,3,2,2,1,1,3,2,1,4,4,4,1,3,4,4,4,1,1,1,4,1,1,3,1,2,1,1,2,2,1,3,4,2,3,1,1,2,2,3,1,2,2,4,2,3,1,2,4,2,1,1,1,4,1,1,2,2,3,2,1,1,3,1,3,3,1,2,2,2,3,2,3,4,3,1,1,2,1,2,4,3,1,2,4,1,3,4,3,4,4,3,2,3,3,1,3,3,1,2,3,1,2,2,3,2,3,2,2,2,3,2,4,1,1,4,2,1,4,2,3,3,1,1,4,1,2,4,2,1,3,2,4,3,1,2,1,2,3,4,1,3,3,4,4,3,2,3,3,2,1,3,2,1,2,2,2,1,1,3,3,3,3,3,1,4,2,3,2,2,3,2,2,4,2,2,4,2,2,2,2,2,2,1,4,1,1,4,4,2,3,3,1,2,3,4,4,3,2,2,1,4,2,4,1,2,2,3,4,2,1,4,2,4,1,3,3,1,4,1,3,4,4,2,2,2,2,2,1,1,4,4,2,3,3,4,4,4,2,4,2,1,4,3,2,1,1,2,2,1,1,1,2,4,1,1,3,4,2,1,2,4,4,4,3,1,4,2,3,4,4,2,3,2,1,4,2,3,1,4,4,3,2,2,4,1,2,3,4,1,3,1,1,4,1,2,2,1,4,4,1,2,2,4,4,3,3,1,1,4,4,3,1"
6,0.9875909492720556,0.4509803921568627,2338.0,"3,1,1,3,1,3,4,4,4,3,1,1,1,1,1,1,3,2,1,3,3,3,3,1,4,4,3,2,1,2,4,2,3,2,1,3,1,4,4,1,2,2,1,3,1,2,4,4,1,2,4,1,2,1,4,2,3,4,3,4,3,3,1,1,2,1,1,2,1,4,3,3,1,1,2,1,4,3,2,2,2,1,1,1,2,2,3,3,1,1,3,4,3,1,1,1,1,3,1,1,3,4,3,1,1,2,1,4,1,3,1,1,2,1,1,3,4,2,4,4,1,2,3,4,1,3,4,1,4,2,2,1,3,1,4,3,2,3,2,3,3,3,4,4,1,1,2,4,2,1,2,1,4,3,4,2,2,4,4,1,2,2,4,3,2,3,4,4,1,2,3,1,2,1,4,2,1,1,3,1,2,2,3,2,4,2,2,1,1,2,3,1,3,2,2,4,1,2,4,1,2,2,1,1,1,2,2,4,3,1,2,2,1,3,1,3,2,3,4,2,4,1,1,1,3,2,1,1,2,1,4,2,2,2,4,2,4,2,3,1,3,1,4,3,2,1,1,3,4,3,4,4,1,3,3,4,3,2,2,3,3,4,2,2,1,4,1,2,4,3,4,3,3,4,3,1,2,3,1,3,2,1,2,2,1,1,3,4,2,4,2,4,1,1,2,3,3,3,3,4,1,4,4,4,2,1,2,3,1,2,2,4,2,2,3,3,2,2,2,4,4,4,3,1,4,4,2,4,1,3,4,3,4,3,3,4,4,3,1,1,1,1,4,2,3,1,1,2,2,4,3,3,2,2,2,4,3,2,1,3,3,1,1,3,3,2,4,4,2,1,1,1,1,2,3,2,1,2,4,4,1,2,4,3,1,2,1,4,3,4,1,3,2,4,3,1,2,1,1,2,3,3,2,2,1,1,4,2,4,2,4,1,1,3,4,2,4,1,3,4,1,2,3,1,2,4,2,2,2,3,1,1,2,4,4,1,4,2,1,1,4,1,3,2,3,1,4,3,3,3,4,4,1,4,3,1,4,2,4,4,1,1,1,2,2,4,4,1,1,2,2,1,4,2,1,1,1,2,4,2,4,2,1,1,3,1,4,1,3,1,1,2,4,3,2,3,1,3,2,1,2,4,4,4,3,4,3,3,2,1,1,2,4,2,2,1,3,2,2,3,1,4,2,4,4,2,4,2,3,3,3,3,1,3,2,2,2,4,2,1,1,1,1,1,1,3,1,4,1,2,2,4,1,3,3,3,3,1,4,3,1,1,1,1,1,2,1,1,1,2,2,4,4,1,3,1,4,3,3,4,1,4,3,2,1,4,4,4,2,2,1,1,1,4,2,1,2,3,1,2,1,2,2,4,3,1,2,1,2,3,2,2,1,3,2,1,2,1,3,4,3,1,3,1,1,3,4,3,1,4,1,4,3,3,1,4,1,4,1,3,2,1,2,3,2,4,2,1,2,4,3,4,1,4,2,2,4,2,2,1,1,1,3,3,1,4,4,4,1,3,2,4,1,1,2,3,3,1,2,3,2,2,1,2,2,2,4,2,2,1,3,3,2,1,1,2,2,3,3,3,2,3,1,4,4,4,1,4,2,2,4,4,3,1,3,1,3,2,1,4,1,1,3,4,3,4,3,1,3,3,1,1,1,4,1,3,3,1,1,3,1,1,4,1,4,2,4,1,1,3,1,1,1,4,4,2,4,3,4,1,4,1,3,2,2,2,2,1,1,4,1,2,1,3,3,3,2,4,1,4,1,2,3,2,3,4,4,2,2,1,4,3,4,1,2,3,1,2,3,1,2,4,2,2,1,1,1,2,2,4,1,4,3,4,1,3,2,2,3,1,4,2,3,4,4,2,1,1,3,3,1,3,1,2,4,3,2,1,3,2,3,2,1,4,2,1,3,4,4,3,4,3,3,1,3,1,2,2,3,1,2,1,2,3,2,3,3,2,3,1,1,1,4,2,2,4,2,1,4,4,1,2,3,3,2,3,4,3,2,2,2,4,2,3,2,2,2,4,4,4,4,1,1,3,2,4,4,2,2,1,2,1,2,2,4,4,1,2,4,1,4,3,1,3,2,1,3,2,1,2,3,1,2,2,4,3,1,1,2,3,2,2,1,2,1,1,4,1,4,2,1,1,4,4,1,3,3,4,1,2,2,3,3,2,4,1,3,1,4,4,3,4,2,4,3,4,4,3,3,1,2,3,4,1,4,2,4,1,2,4,1,4,2,4,4,1,4,3,2,1,3,3,2,1,3,4,3,2,3,1,3,3,2,3,3,1,2,2,2,2,4,4,4,2,2,4,2,3,1,2,3,3,4,1,2,2,1,3,2,2,1,3,3,3,2,3,1,4,4,1,1,1,3,1,2,4,2,2,3,3,4,3,3,4,1,4,4,1,1,4,1,1,4,1,2,3,3,4,3,2,1,4,3,2,1,1,2,3,4,1,4,1,1,1,3,3,2,4,4,2,3,4,2,1,4,3,4,1,3,3,2,3,2,3,1,1,1,1,1,4,1,3,2,4,3,1,1,3,4,2,2,2,2,1,4,1,4,2,3,3,1,3,1,1,4,2,2,2,2,4,2,2,3,2,2,1,1,2,1,3,3,3,4,3,2,3,3,3,3,1,3,3,1,1,4,2,4,1,1,1,4,3,2,2,3,2,3,4,1,3,3,1,1,2,3,1,2,4,3,4,1,1,3,4,1,3,3,3,1,1,3,2,3,3,3,2,4,1,1,4,3,3,1,3,4,1,2,3,4,1,1,2,3,2,4,1,1,2,2,2,3,1,3,4,3,2,4,4,3,3,2,2,4,2,1,1,4,3,3,1,3,2,1,4,3,4,4,3,3,1,1,4,4,1,4,2,3,3,2,1,1,4,4,1,4,2,3,2,3,3,4,4,3,4,2,1,4,4,4,1,2,3,2,4,1,2,4,4,3,1,3,2,3,2,4,1,1,4,1,3,2,2,2,3,2,1,2,3,1,4,1,3,1,2,3,4,2,3,3,4,4,3,4,4,2,3,1,2,3,3,2,4,1,1,3,3,1,3,1,4,1,1,1,3,4,2,2,1,3,2,2,1,1,3,2,1,4,4,4,1,3,4,4,4,1,1,1,4,1,1,3,1,2,1,1,2,2,1,3,4,2,3,1,1,2,2,3,1,2,2,4,2,3,1,2,4,2,1,1,1,4,1,1,2,2,3,2,1,1,3,1,3,3,1,2,2,2,3,2,3,4,3,1,1,2,1,2,4,3,1,2,4,1,3,4,3,4,4,3,2,3,3,1,3,3,1,2,3,1,2,2,3,2,3,2,2,2,3,2,4,1,1,4,2,1,4,2,3,3,1,1,4,1,2,4,2,1,3,2,4,3,1,2,1,2,3,4,1,3,3,4,4,3,2,3,3,2,1,3,2,1,2,2,2,1,1,3,3,3,3,3,1,4,2,3,2,2,3,2,2,4,2,2,4,2,2,2,2,2,2,1,4,1,1,4,4,2,3,3,1,2,3,4,4,3,2,2,1,4,2,4,1,2,2,3,4,2,1,4,2,4,1,3,3,1,4,1,3,4,4,2,2,2,2,2,1,1,4,4,2,3,3,4,4,4,2,4,2,1,4,3,2,1,1,2,2,1,1,1,2,4,1,1,3,4,2,1,2,4,4,4,3,1,4,2,3,4,4,2,3,2,1,4,2,3,1,4,4,3,2,2,4,1,2,3,4,1,3,1,1,4,1,2,2,1,4,4,1,2,2,4,4,3,3,1,1,4,4,3,1"
7,0.9875909492720556,0.4509803921568627,2338.0,"3,1,1,3,1,3,4,4,4,3,1,1,1,1,1,1,3,2,1,3,3,3,3,1,4,4,3,2,1,2,4,2,3,2,1,3,1,4,4,1,2,2,1,3,1,2,4,4,1,2,4,1,2,1,4,2,3,4,3,4,3,3,1,1,2,1,1,2,1,4,3,3,1,1,2,1,4,3,2,2,2,1,1,1,2,2,3,3,1,1,3,4,3,1,1,1,1,3,1,1,3,4,3,1,1,2,1,4,1,3,1,1,2,1,1,3,4,2,4,4,1,2,3,4,1,3,4,1,4,2,2,1,3,1,4,3,2,3,2,3,3,3,4,4,1,1,2,4,2,1,2,1,4,3,4,2,2,4,4,1,2,2,4,3,2,3,4,4,1,2,3,1,2,1,4,2,1,1,3,1,2,2,3,2,4,2,2,1,1,2,3,1,3,2,2,4,1,2,4,1,2,2,1,1,1,2,2,4,3,1,2,2,1,3,1,3,2,3,4,2,4,1,1,1,3,2,1,1,2,1,4,2,2,2,4,2,4,2,3,1,3,1,4,3,2,1,1,3,4,3,4,4,1,3,3,4,3,2,2,3,3,4,2,2,1,4,1,2,4,3,4,3,3,4,3,1,2,3,1,3,2,1,2,2,1,1,3,4,2,4,2,4,1,1,2,3,3,3,3,4,1,4,4,4,2,1,2,3,1,2,2,4,2,2,3,3,2,2,2,4,4,4,3,1,4,4,2,4,1,3,4,3,4,3,3,4,4,3,1,1,1,1,4,2,3,1,1,2,2,4,3,3,2,2,2,4,3,2,1,3,3,1,1,3,3,2,4,4,2,1,1,1,1,2,3,2,1,2,4,4,1,2,4,3,1,2,1,4,3,4,1,3,2,4,3,1,2,1,1,2,3,3,2,2,1,1,4,2,4,2,4,1,1,3,4,2,4,1,3,4,1,2,3,1,2,4,2,2,2,3,1,1,2,4,4,1,4,2,1,1,4,1,3,2,3,1,4,3,3,3,4,4,1,4,3,1,4,2,4,4,1,1,1,2,2,4,4,1,1,2,2,1,4,2,1,1,1,2,4,2,4,2,1,1,3,1,4,1,3,1,1,2,4,3,2,3,1,3,2,1,2,4,4,4,3,4,3,3,2,1,1,2,4,2,2,1,3,2,2,3,1,4,2,4,4,2,4,2,3,3,3,3,1,3,2,2,2,4,2,1,1,1,1,1,1,3,1,4,1,2,2,4,1,3,3,3,3,1,4,3,1,1,1,1,1,2,1,1,1,2,2,4,4,1,3,1,4,3,3,4,1,4,3,2,1,4,4,4,2,2,1,1,1,4,2,1,2,3,1,2,1,2,2,4,3,1,2,1,2,3,2,2,1,3,2,1,2,1,3,4,3,1,3,1,1,3,4,3,1,4,1,4,3,3,1,4,1,4,1,3,2,1,2,3,2,4,2,1,2,4,3,4,1,4,2,2,4,2,2,1,1,1,3,3,1,4,4,4,1,3,2,4,1,1,2,3,3,1,2,3,2,2,1,2,2,2,4,2,2,1,3,3,2,1,1,2,2,3,3,3,2,3,1,4,4,4,1,4,2,2,4,4,3,1,3,1,3,2,1,4,1,1,3,4,3,4,3,1,3,3,1,1,1,4,1,3,3,1,1,3,1,1,4,1,4,2,4,1,1,3,1,1,1,4,4,2,4,3,4,1,4,1,3,2,2,2,2,1,1,4,1,2,1,3,3,3,2,4,1,4,1,2,3,2,3,4,4,2,2,1,4,3,4,1,2,3,1,2,3,1,2,4,2,2,1,1,1,2,2,4,1,4,3,4,1,3,2,2,3,1,4,2,3,4,4,2,1,1,3,3,1,3,1,2,4,3,2,1,3,2,3,2,1,4,2,1,3,4,4,3,4,3,3,1,3,1,2,2,3,1,2,1,2,3,2,3,3,2,3,1,1,1,4,2,2,4,2,1,4,4,1,2,3,3,2,3,4,3,2,2,2,4,2,3,2,2,2,4,4,4,4,1,1,3,2,4,4,2,2,1,2,1,2,2,4,4,1,2,4,1,4,3,1,3,2,1,3,2,1,2,3,1,2,2,4,3,1,1,2,3,2,2,1,2,1,1,4,1,4,2,1,1,4,4,1,3,3,4,1,2,2,3,3,2,4,1,3,1,4,4,3,4,2,4,3,4,4,3,3,1,2,3,4,1,4,2,4,1,2,4,1,4,2,4,4,1,4,3,2,1,3,3,2,1,3,4,3,2,3,1,3,3,2,3,3,1,2,2,2,2,4,4,4,2,2,4,2,3,1,2,3,3,4,1,2,2,1,3,2,2,1,3,3,3,2,3,1,4,4,1,1,1,3,1,2,4,2,2,3,3,4,3,3,4,1,4,4,1,1,4,1,1,4,1,2,3,3,4,3,2,1,4,3,2,1,1,2,3,4,1,4,1,1,1,3,3,2,4,4,2,3,4,2,1,4,3,4,1,3,3,2,3,2,3,1,1,1,1,1,4,1,3,2,4,3,1,1,3,4,2,2,2,2,1,4,1,4,2,3,3,1,3,1,1,4,2,2,2,2,4,2,2,3,2,2,1,1,2,1,3,3,3,4,3,2,3,3,3,3,1,3,3,1,1,4,2,4,1,1,1,4,3,2,2,3,2,3,4,1,3,3,1,1,2,3,1,2,4,3,4,1,1,3,4,1,3,3,3,1,1,3,2,3,3,3,2,4,1,1,4,3,3,1,3,4,1,2,3,4,1,1,2,3,2,4,1,1,2,2,2,3,1,3,4,3,2,4,4,3,3,2,2,4,2,1,1,4,3,3,1,3,2,1,4,3,4,4,3,3,1,1,4,4,1,4,2,3,3,2,1,1,4,4,1,4,2,3,2,3,3,4,4,3,4,2,1,4,4,4,1,2,3,2,4,1,2,4,4,3,1,3,2,3,2,4,1,1,4,1,3,2,2,2,3,2,1,2,3,1,4,1,3,1,2,3,4,2,3,3,4,4,3,4,4,2,3,1,2,3,3,2,4,1,1,3,3,1,3,1,4,1,1,1,3,4,2,2,1,3,2,2,1,1,3,2,1,4,4,4,1,3,4,4,4,1,1,1,4,1,1,3,1,2,1,1,2,2,1,3,4,2,3,1,1,2,2,3,1,2,2,4,2,3,1,2,4,2,1,1,1,4,1,1,2,2,3,2,1,1,3,1,3,3,1,2,2,2,3,2,3,4,3,1,1,2,1,2,4,3,1,2,4,1,3,4,3,4,4,3,2,3,3,1,3,3,1,2,3,1,2,2,3,2,3,2,2,2,3,2,4,1,1,4,2,1,4,2,3,3,1,1,4,1,2,4,2,1,3,2,4,3,1,2,1,2,3,4,1,3,3,4,4,3,2,3,3,2,1,3,2,1,2,2,2,1,1,3,3,3,3,3,1,4,2,3,2,2,3,2,2,4,2,2,4,2,2,2,2,2,2,1,4,1,1,4,4,2,3,3,1,2,3,4,4,3,2,2,1,4,2,4,1,2,2,3,4,2,1,4,2,4,1,3,3,1,4,1,3,4,4,2,2,2,2,2,1,1,4,4,2,3,3,4,4,4,2,4,2,1,4,3,2,1,1,2,2,1,1,1,2,4,1,1,3,4,2,1,2,4,4,4,3,1,4,2,3,4,4,2,3,2,1,4,2,3,1,4,4,3,2,2,4,1,2,3,4,1,3,1,1,4,1,2,2,1,4,4,1,2,2,4,4,3,3,1,1,4,4,3,1"
8,0.9875909492720556,0.4509803921568627,2338.0,"3,1,1,3,1,3,4,4,4,3,1,1,1,1,1,1,3,2,1,3,3,3,3,1,4,4,3,2,1,2,4,2,3,2,1,3,1,4,4,1,2,2,1,3,1,2,4,4,1,2,4,1,2,1,4,2,3,4,3,4,3,3,1,1,2,1,1,2,1,4,3,3,1,1,2,1,4,3,2,2,2,1,1,1,2,2,3,3,1,1,3,4,3,1,1,1,1,3,1,1,3,4,3,1,1,2,1,4,1,3,1,1,2,1,1,3,4,2,4,4,1,2,3,4,1,3,4,1,4,2,2,1,3,1,4,3,2,3,2,3,3,3,4,4,1,1,2,4,2,1,2,1,4,3,4,2,2,4,4,1,2,2,4,3,2,3,4,4,1,2,3,1,2,1,4,2,1,1,3,1,2,2,3,2,4,2,2,1,1,2,3,1,3,2,2,4,1,2,4,1,2,2,1,1,1,2,2,4,3,1,2,2,1,3,1,3,2,3,4,2,4,1,1,1,3,2,1,1,2,1,4,2,2,2,4,2,4,2,3,1,3,1,4,3,2,1,1,3,4,3,4,4,1,3,3,4,3,2,2,3,3,4,2,2,1,4,1,2,4,3,4,3,3,4,3,1,2,3,1,3,2,1,2,2,1,1,3,4,2,4,2,4,1,1,2,3,3,3,3,4,1,4,4,4,2,1,2,3,1,2,2,4,2,2,3,3,2,2,2,4,4,4,3,1,4,4,2,4,1,3,4,3,4,3,3,4,4,3,1,1,1,1,4,2,3,1,1,2,2,4,3,3,2,2,2,4,3,2,1,3,3,1,1,3,3,2,4,4,2,1,1,1,1,2,3,2,1,2,4,4,1,2,4,3,1,2,1,4,3,4,1,3,2,4,3,1,2,1,1,2,3,3,2,2,1,1,4,2,4,2,4,1,1,3,4,2,4,1,3,4,1,2,3,1,2,4,2,2,2,3,1,1,2,4,4,1,4,2,1,1,4,1,3,2,3,1,4,3,3,3,4,4,1,4,3,1,4,2,4,4,1,1,1,2,2,4,4,1,1,2,2,1,4,2,1,1,1,2,4,2,4,2,1,1,3,1,4,1,3,1,1,2,4,3,2,3,1,3,2,1,2,4,4,4,3,4,3,3,2,1,1,2,4,2,2,1,3,2,2,3,1,4,2,4,4,2,4,2,3,3,3,3,1,3,2,2,2,4,2,1,1,1,1,1,1,3,1,4,1,2,2,4,1,3,3,3,3,1,4,3,1,1,1,1,1,2,1,1,1,2,2,4,4,1,3,1,4,3,3,4,1,4,3,2,1,4,4,4,2,2,1,1,1,4,2,1,2,3,1,2,1,2,2,4,3,1,2,1,2,3,2,2,1,3,2,1,2,1,3,4,3,1,3,1,1,3,4,3,1,4,1,4,3,3,1,4,1,4,1,3,2,1,2,3,2,4,2,1,2,4,3,4,1,4,2,2,4,2,2,1,1,1,3,3,1,4,4,4,1,3,2,4,1,1,2,3,3,1,2,3,2,2,1,2,2,2,4,2,2,1,3,3,2,1,1,2,2,3,3,3,2,3,1,4,4,4,1,4,2,2,4,4,3,1,3,1,3,2,1,4,1,1,3,4,3,4,3,1,3,3,1,1,1,4,1,3,3,1,1,3,1,1,4,1,4,2,4,1,1,3,1,1,1,4,4,2,4,3,4,1,4,1,3,2,2,2,2,1,1,4,1,2,1,3,3,3,2,4,1,4,1,2,3,2,3,4,4,2,2,1,4,3,4,1,2,3,1,2,3,1,2,4,2,2,1,1,1,2,2,4,1,4,3,4,1,3,2,2,3,1,4,2,3,4,4,2,1,1,3,3,1,3,1,2,4,3,2,1,3,2,3,2,1,4,2,1,3,4,4,3,4,3,3,1,3,1,2,2,3,1,2,1,2,3,2,3,3,2,3,1,1,1,4,2,2,4,2,1,4,4,1,2,3,3,2,3,4,3,2,2,2,4,2,3,2,2,2,4,4,4,4,1,1,3,2,4,4,2,2,1,2,1,2,2,4,4,1,2,4,1,4,3,1,3,2,1,3,2,1,2,3,1,2,2,4,3,1,1,2,3,2,2,1,2,1,1,4,1,4,2,1,1,4,4,1,3,3,4,1,2,2,3,3,2,4,1,3,1,4,4,3,4,2,4,3,4,4,3,3,1,2,3,4,1,4,2,4,1,2,4,1,4,2,4,4,1,4,3,2,1,3,3,2,1,3,4,3,2,3,1,3,3,2,3,3,1,2,2,2,2,4,4,4,2,2,4,2,3,1,2,3,3,4,1,2,2,1,3,2,2,1,3,3,3,2,3,1,4,4,1,1,1,3,1,2,4,2,2,3,3,4,3,3,4,1,4,4,1,1,4,1,1,4,1,2,3,3,4,3,2,1,4,3,2,1,1,2,3,4,1,4,1,1,1,3,3,2,4,4,2,3,4,2,1,4,3,4,1,3,3,2,3,2,3,1,1,1,1,1,4,1,3,2,4,3,1,1,3,4,2,2,2,2,1,4,1,4,2,3,3,1,3,1,1,4,2,2,2,2,4,2,2,3,2,2,1,1,2,1,3,3,3,4,3,2,3,3,3,3,1,3,3,1,1,4,2,4,1,1,1,4,3,2,2,3,2,3,4,1,3,3,1,1,2,3,1,2,4,3,4,1,1,3,4,1,3,3,3,1,1,3,2,3,3,3,2,4,1,1,4,3,3,1,3,4,1,2,3,4,1,1,2,3,2,4,1,1,2,2,2,3,1,3,4,3,2,4,4,3,3,2,2,4,2,1,1,4,3,3,1,3,2,1,4,3,4,4,3,3,1,1,4,4,1,4,2,3,3,2,1,1,4,4,1,4,2,3,2,3,3,4,4,3,4,2,1,4,4,4,1,2,3,2,4,1,2,4,4,3,1,3,2,3,2,4,1,1,4,1,3,2,2,2,3,2,1,2,3,1,4,1,3,1,2,3,4,2,3,3,4,4,3,4,4,2,3,1,2,3,3,2,4,1,1,3,3,1,3,1,4,1,1,1,3,4,2,2,1,3,2,2,1,1,3,2,1,4,4,4,1,3,4,4,4,1,1,1,4,1,1,3,1,2,1,1,2,2,1,3,4,2,3,1,1,2,2,3,1,2,2,4,2,3,1,2,4,2,1,1,1,4,1,1,2,2,3,2,1,1,3,1,3,3,1,2,2,2,3,2,3,4,3,1,1,2,1,2,4,3,1,2,4,1,3,4,3,4,4,3,2,3,3,1,3,3,1,2,3,1,2,2,3,2,3,2,2,2,3,2,4,1,1,4,2,1,4,2,3,3,1,1,4,1,2,4,2,1,3,2,4,3,1,2,1,2,3,4,1,3,3,4,4,3,2,3,3,2,1,3,2,1,2,2,2,1,1,3,3,3,3,3,1,4,2,3,2,2,3,2,2,4,2,2,4,2,2,2,2,2,2,1,4,1,1,4,4,2,3,3,1,2,3,4,4,3,2,2,1,4,2,4,1,2,2,3,4,2,1,4,2,4,1,3,3,1,4,1,3,4,4,2,2,2,2,2,1,1,4,4,2,3,3,4,4,4,2,4,2,1,4,3,2,1,1,2,2,1,1,1,2,4,1,1,3,4,2,1,2,4,4,4,3,1,4,2,3,4,4,2,3,2,1,4,2,3,1,4,4,3,2,2,4,1,2,3,4,1,3,1,1,4,1,2,2,1,4,4,1,2,2,4,4,3,3,1,1,4,4,3,1"
9,0.9875909492720556,0.4509803921568627,2338.0,"3,1,1,3,1,3,4,4,4,3,1,1,1,1,1,1,3,2,1,3,3,3,3,1,4,4,3,2,1,2,4,2,3,2,1,3,1,4,4,1,2,2,1,3,1,2,4,4,1,2,4,1,2,1,4,2,3,4,3,4,3,3,1,1,2,1,1,2,1,4,3,3,1,1,2,1,4,3,2,2,2,1,1,1,2,2,3,3,1,1,3,4,3,1,1,1,1,3,1,1,3,4,3,1,1,2,1,4,1,3,1,1,2,1,1,3,4,2,4,4,1,2,3,4,1,3,4,1,4,2,2,1,3,1,4,3,2,3,2,3,3,3,4,4,1,1,2,4,2,1,2,1,4,3,4,2,2,4,4,1,2,2,4,3,2,3,4,4,1,2,3,1,2,1,4,2,1,1,3,1,2,2,3,2,4,2,2,1,1,2,3,1,3,2,2,4,1,2,4,1,2,2,1,1,1,2,2,4,3,1,2,2,1,3,1,3,2,3,4,2,4,1,1,1,3,2,1,1,2,1,4,2,2,2,4,2,4,2,3,1,3,1,4,3,2,1,1,3,4,3,4,4,1,3,3,4,3,2,2,3,3,4,2,2,1,4,1,2,4,3,4,3,3,4,3,1,2,3,1,3,2,1,2,2,1,1,3,4,2,4,2,4,1,1,2,3,3,3,3,4,1,4,4,4,2,1,2,3,1,2,2,4,2,2,3,3,2,2,2,4,4,4,3,1,4,4,2,4,1,3,4,3,4,3,3,4,4,3,1,1,1,1,4,2,3,1,1,2,2,4,3,3,2,2,2,4,3,2,1,3,3,1,1,3,3,2,4,4,2,1,1,1,1,2,3,2,1,2,4,4,1,2,4,3,1,2,1,4,3,4,1,3,2,4,3,1,2,1,1,2,3,3,2,2,1,1,4,2,4,2,4,1,1,3,4,2,4,1,3,4,1,2,3,1,2,4,2,2,2,3,1,1,2,4,4,1,4,2,1,1,4,1,3,2,3,1,4,3,3,3,4,4,1,4,3,1,4,2,4,4,1,1,1,2,2,4,4,1,1,2,2,1,4,2,1,1,1,2,4,2,4,2,1,1,3,1,4,1,3,1,1,2,4,3,2,3,1,3,2,1,2,4,4,4,3,4,3,3,2,1,1,2,4,2,2,1,3,2,2,3,1,4,2,4,4,2,4,2,3,3,3,3,1,3,2,2,2,4,2,1,1,1,1,1,1,3,1,4,1,2,2,4,1,3,3,3,3,1,4,3,1,1,1,1,1,2,1,1,1,2,2,4,4,1,3,1,4,3,3,4,1,4,3,2,1,4,4,4,2,2,1,1,1,4,2,1,2,3,1,2,1,2,2,4,3,1,2,1,2,3,2,2,1,3,2,1,2,1,3,4,3,1,3,1,1,3,4,3,1,4,1,4,3,3,1,4,1,4,1,3,2,1,2,3,2,4,2,1,2,4,3,4,1,4,2,2,4,2,2,1,1,1,3,3,1,4,4,4,1,3,2,4,1,1,2,3,3,1,2,3,2,2,1,2,2,2,4,2,2,1,3,3,2,1,1,2,2,3,3,3,2,3,1,4,4,4,1,4,2,2,4,4,3,1,3,1,3,2,1,4,1,1,3,4,3,4,3,1,3,3,1,1,1,4,1,3,3,1,1,3,1,1,4,1,4,2,4,1,1,3,1,1,1,4,4,2,4,3,4,1,4,1,3,2,2,2,2,1,1,4,1,2,1,3,3,3,2,4,1,4,1,2,3,2,3,4,4,2,2,1,4,3,4,1,2,3,1,2,3,1,2,4,2,2,1,1,1,2,2,4,1,4,3,4,1,3,2,2,3,1,4,2,3,4,4,2,1,1,3,3,1,3,1,2,4,3,2,1,3,2,3,2,1,4,2,1,3,4,4,3,4,3,3,1,3,1,2,2,3,1,2,1,2,3,2,3,3,2,3,1,1,1,4,2,2,4,2,1,4,4,1,2,3,3,2,3,4,3,2,2,2,4,2,3,2,2,2,4,4,4,4,1,1,3,2,4,4,2,2,1,2,1,2,2,4,4,1,2,4,1,4,3,1,3,2,1,3,2,1,2,3,1,2,2,4,3,1,1,2,3,2,2,1,2,1,1,4,1,4,2,1,1,4,4,1,3,3,4,1,2,2,3,3,2,4,1,3,1,4,4,3,4,2,4,3,4,4,3,3,1,2,3,4,1,4,2,4,1,2,4,1,4,2,4,4,1,4,3,2,1,3,3,2,1,3,4,3,2,3,1,3,3,2,3,3,1,2,2,2,2,4,4,4,2,2,4,2,3,1,2,3,3,4,1,2,2,1,3,2,2,1,3,3,3,2,3,1,4,4,1,1,1,3,1,2,4,2,2,3,3,4,3,3,4,1,4,4,1,1,4,1,1,4,1,2,3,3,4,3,2,1,4,3,2,1,1,2,3,4,1,4,1,1,1,3,3,2,4,4,2,3,4,2,1,4,3,4,1,3,3,2,3,2,3,1,1,1,1,1,4,1,3,2,4,3,1,1,3,4,2,2,2,2,1,4,1,4,2,3,3,1,3,1,1,4,2,2,2,2,4,2,2,3,2,2,1,1,2,1,3,3,3,4,3,2,3,3,3,3,1,3,3,1,1,4,2,4,1,1,1,4,3,2,2,3,2,3,4,1,3,3,1,1,2,3,1,2,4,3,4,1,1,3,4,1,3,3,3,1,1,3,2,3,3,3,2,4,1,1,4,3,3,1,3,4,1,2,3,4,1,1,2,3,2,4,1,1,2,2,2,3,1,3,4,3,2,4,4,3,3,2,2,4,2,1,1,4,3,3,1,3,2,1,4,3,4,4,3,3,1,1,4,4,1,4,2,3,3,2,1,1,4,4,1,4,2,3,2,3,3,4,4,3,4,2,1,4,4,4,1,2,3,2,4,1,2,4,4,3,1,3,2,3,2,4,1,1,4,1,3,2,2,2,3,2,1,2,3,1,4,1,3,1,2,3,4,2,3,3,4,4,3,4,4,2,3,1,2,3,3,2,4,1,1,3,3,1,3,1,4,1,1,1,3,4,2,2,1,3,2,2,1,1,3,2,1,4,4,4,1,3,4,4,4,1,1,1,4,1,1,3,1,2,1,1,2,2,1,3,4,2,3,1,1,2,2,3,1,2,2,4,2,3,1,2,4,2,1,1,1,4,1,1,2,2,3,2,1,1,3,1,3,3,1,2,2,2,3,2,3,4,3,1,1,2,1,2,4,3,1,2,4,1,3,4,3,4,4,3,2,3,3,1,3,3,1,2,3,1,2,2,3,2,3,2,2,2,3,2,4,1,1,4,2,1,4,2,3,3,1,1,4,1,2,4,2,1,3,2,4,3,1,2,1,2,3,4,1,3,3,4,4,3,2,3,3,2,1,3,2,1,2,2,2,1,1,3,3,3,3,3,1,4,2,3,2,2,3,2,2,4,2,2,4,2,2,2,2,2,2,1,4,1,1,4,4,2,3,3,1,2,3,4,4,3,2,2,1,4,2,4,1,2,2,3,4,2,1,4,2,4,1,3,3,1,4,1,3,4,4,2,2,2,2,2,1,1,4,4,2,3,3,4,4,4,2,4,2,1,4,3,2,1,1,2,2,1,1,1,2,4,1,1,3,4,2,1,2,4,4,4,3,1,4,2,3,4,4,2,3,2,1,4,2,3,1,4,4,3,2,2,4,1,2,3,4,1,3,1,1,4,1,2,2,1,4,4,1,2,2,4,4,3,3,1,1,4,4,3,1"
10,0.9875909492720556,0.4509803921568627,2338.0,"3,1,1,3,1,3,4,4,4,3,1,1,1,1,1,1,3,2,1,3,3,3,3,1,4,4,3,2,1,2,4,2,3,2,1,3,1,4,4,1,2,2,1,3,1,2,4,4,1,2,4,1,2,1,4,2,3,4,3,4,3,3,1,1,2,1,1,2,1,4,3,3,1,1,2,1,4,3,2,2,2,1,1,1,2,2,3,3,1,1,3,4,3,1,1,1,1,3,1,1,3,4,3,1,1,2,1,4,1,3,1,1,2,1,1,3,4,2,4,4,1,2,3,4,1,3,4,1,4,2,2,1,3,1,4,3,2,3,2,3,3,3,4,4,1,1,2,4,2,1,2,1,4,3,4,2,2,4,4,1,2,2,4,3,2,3,4,4,1,2,3,1,2,1,4,2,1,1,3,1,2,2,3,2,4,2,2,1,1,2,3,1,3,2,2,4,1,2,4,1,2,2,1,1,1,2,2,4,3,1,2,2,1,3,1,3,2,3,4,2,4,1,1,1,3,2,1,1,2,1,4,2,2,2,4,2,4,2,3,1,3,1,4,3,2,1,1,3,4,3,4,4,1,3,3,4,3,2,2,3,3,4,2,2,1,4,1,2,4,3,4,3,3,4,3,1,2,3,1,3,2,1,2,2,1,1,3,4,2,4,2,4,1,1,2,3,3,3,3,4,1,4,4,4,2,1,2,3,1,2,2,4,2,2,3,3,2,2,2,4,4,4,3,1,4,4,2,4,1,3,4,3,4,3,3,4,4,3,1,1,1,1,4,2,3,1,1,2,2,4,3,3,2,2,2,4,3,2,1,3,3,1,1,3,3,2,4,4,2,1,1,1,1,2,3,2,1,2,4,4,1,2,4,3,1,2,1,4,3,4,1,3,2,4,3,1,2,1,1,2,3,3,2,2,1,1,4,2,4,2,4,1,1,3,4,2,4,1,3,4,1,2,3,1,2,4,2,2,2,3,1,1,2,4,4,1,4,2,1,1,4,1,3,2,3,1,4,3,3,3,4,4,1,4,3,1,4,2,4,4,1,1,1,2,2,4,4,1,1,2,2,1,4,2,1,1,1,2,4,2,4,2,1,1,3,1,4,1,3,1,1,2,4,3,2,3,1,3,2,1,2,4,4,4,3,4,3,3,2,1,1,2,4,2,2,1,3,2,2,3,1,4,2,4,4,2,4,2,3,3,3,3,1,3,2,2,2,4,2,1,1,1,1,1,1,3,1,4,1,2,2,4,1,3,3,3,3,1,4,3,1,1,1,1,1,2,1,1,1,2,2,4,4,1,3,1,4,3,3,4,1,4,3,2,1,4,4,4,2,2,1,1,1,4,2,1,2,3,1,2,1,2,2,4,3,1,2,1,2,3,2,2,1,3,2,1,2,1,3,4,3,1,3,1,1,3,4,3,1,4,1,4,3,3,1,4,1,4,1,3,2,1,2,3,2,4,2,1,2,4,3,4,1,4,2,2,4,2,2,1,1,1,3,3,1,4,4,4,1,3,2,4,1,1,2,3,3,1,2,3,2,2,1,2,2,2,4,2,2,1,3,3,2,1,1,2,2,3,3,3,2,3,1,4,4,4,1,4,2,2,4,4,3,1,3,1,3,2,1,4,1,1,3,4,3,4,3,1,3,3,1,1,1,4,1,3,3,1,1,3,1,1,4,1,4,2,4,1,1,3,1,1,1,4,4,2,4,3,4,1,4,1,3,2,2,2,2,1,1,4,1,2,1,3,3,3,2,4,1,4,1,2,3,2,3,4,4,2,2,1,4,3,4,1,2,3,1,2,3,1,2,4,2,2,1,1,1,2,2,4,1,4,3,4,1,3,2,2,3,1,4,2,3,4,4,2,1,1,3,3,1,3,1,2,4,3,2,1,3,2,3,2,1,4,2,1,3,4,4,3,4,3,3,1,3,1,2,2,3,1,2,1,2,3,2,3,3,2,3,1,1,1,4,2,2,4,2,1,4,4,1,2,3,3,2,3,4,3,2,2,2,4,2,3,2,2,2,4,4,4,4,1,1,3,2,4,4,2,2,1,2,1,2,2,4,4,1,2,4,1,4,3,1,3,2,1,3,2,1,2,3,1,2,2,4,3,1,1,2,3,2,2,1,2,1,1,4,1,4,2,1,1,4,4,1,3,3,4,1,2,2,3,3,2,4,1,3,1,4,4,3,4,2,4,3,4,4,3,3,1,2,3,4,1,4,2,4,1,2,4,1,4,2,4,4,1,4,3,2,1,3,3,2,1,3,4,3,2,3,1,3,3,2,3,3,1,2,2,2,2,4,4,4,2,2,4,2,3,1,2,3,3,4,1,2,2,1,3,2,2,1,3,3,3,2,3,1,4,4,1,1,1,3,1,2,4,2,2,3,3,4,3,3,4,1,4,4,1,1,4,1,1,4,1,2,3,3,4,3,2,1,4,3,2,1,1,2,3,4,1,4,1,1,1,3,3,2,4,4,2,3,4,2,1,4,3,4,1,3,3,2,3,2,3,1,1,1,1,1,4,1,3,2,4,3,1,1,3,4,2,2,2,2,1,4,1,4,2,3,3,1,3,1,1,4,2,2,2,2,4,2,2,3,2,2,1,1,2,1,3,3,3,4,3,2,3,3,3,3,1,3,3,1,1,4,2,4,1,1,1,4,3,2,2,3,2,3,4,1,3,3,1,1,2,3,1,2,4,3,4,1,1,3,4,1,3,3,3,1,1,3,2,3,3,3,2,4,1,1,4,3,3,1,3,4,1,2,3,4,1,1,2,3,2,4,1,1,2,2,2,3,1,3,4,3,2,4,4,3,3,2,2,4,2,1,1,4,3,3,1,3,2,1,4,3,4,4,3,3,1,1,4,4,1,4,2,3,3,2,1,1,4,4,1,4,2,3,2,3,3,4,4,3,4,2,1,4,4,4,1,2,3,2,4,1,2,4,4,3,1,3,2,3,2,4,1,1,4,1,3,2,2,2,3,2,1,2,3,1,4,1,3,1,2,3,4,2,3,3,4,4,3,4,4,2,3,1,2,3,3,2,4,1,1,3,3,1,3,1,4,1,1,1,3,4,2,2,1,3,2,2,1,1,3,2,1,4,4,4,1,3,4,4,4,1,1,1,4,1,1,3,1,2,1,1,2,2,1,3,4,2,3,1,1,2,2,3,1,2,2,4,2,3,1,2,4,2,1,1,1,4,1,1,2,2,3,2,1,1,3,1,3,3,1,2,2,2,3,2,3,4,3,1,1,2,1,2,4,3,1,2,4,1,3,4,3,4,4,3,2,3,3,1,3,3,1,2,3,1,2,2,3,2,3,2,2,2,3,2,4,1,1,4,2,1,4,2,3,3,1,1,4,1,2,4,2,1,3,2,4,3,1,2,1,2,3,4,1,3,3,4,4,3,2,3,3,2,1,3,2,1,2,2,2,1,1,3,3,3,3,3,1,4,2,3,2,2,3,2,2,4,2,2,4,2,2,2,2,2,2,1,4,1,1,4,4,2,3,3,1,2,3,4,4,3,2,2,1,4,2,4,1,2,2,3,4,2,1,4,2,4,1,3,3,1,4,1,3,4,4,2,2,2,2,2,1,1,4,4,2,3,3,4,4,4,2,4,2,1,4,3,2,1,1,2,2,1,1,1,2,4,1,1,3,4,2,1,2,4,4,4,3,1,4,2,3,4,4,2,3,2,1,4,2,3,1,4,4,3,2,2,4,1,2,3,4,1,3,1,1,4,1,2,2,1,4,4,1,2,2,4,4,3,3,1,1,4,4,3,1"
11,0.9875909492720556,0.4509803921568627,2338.0,"3,1,1,3,1,3,4,4,4,3,1,1,1,1,1,1,3,2,1,3,3,3,3,1,4,4,3,2,1,2,4,2,3,2,1,3,1,4,4,1,2,2,1,3,1,2,4,4,1,2,4,1,2,1,4,2,3,4,3,4,3,3,1,1,2,1,1,2,1,4,3,3,1,1,2,1,4,3,2,2,2,1,1,1,2,2,3,3,1,1,3,4,3,1,1,1,1,3,1,1,3,4,3,1,1,2,1,4,1,3,1,1,2,1,1,3,4,2,4,4,1,2,3,4,1,3,4,1,4,2,2,1,3,1,4,3,2,3,2,3,3,3,4,4,1,1,2,4,2,1,2,1,4,3,4,2,2,4,4,1,2,2,4,3,2,3,4,4,1,2,3,1,2,1,4,2,1,1,3,1,2,2,3,2,4,2,2,1,1,2,3,1,3,2,2,4,1,2,4,1,2,2,1,1,1,2,2,4,3,1,2,2,1,3,1,3,2,3,4,2,4,1,1,1,3,2,1,1,2,1,4,2,2,2,4,2,4,2,3,1,3,1,4,3,2,1,1,3,4,3,4,4,1,3,3,4,3,2,2,3,3,4,2,2,1,4,1,2,4,3,4,3,3,4,3,1,2,3,1,3,2,1,2,2,1,1,3,4,2,4,2,4,1,1,2,3,3,3,3,4,1,4,4,4,2,1,2,3,1,2,2,4,2,2,3,3,2,2,2,4,4,4,3,1,4,4,2,4,1,3,4,3,4,3,3,4,4,3,1,1,1,1,4,2,3,1,1,2,2,4,3,3,2,2,2,4,3,2,1,3,3,1,1,3,3,2,4,4,2,1,1,1,1,2,3,2,1,2,4,4,1,2,4,3,1,2,1,4,3,4,1,3,2,4,3,1,2,1,1,2,3,3,2,2,1,1,4,2,4,2,4,1,1,3,4,2,4,1,3,4,1,2,3,1,2,4,2,2,2,3,1,1,2,4,4,1,4,2,1,1,4,1,3,2,3,1,4,3,3,3,4,4,1,4,3,1,4,2,4,4,1,1,1,2,2,4,4,1,1,2,2,1,4,2,1,1,1,2,4,2,4,2,1,1,3,1,4,1,3,1,1,2,4,3,2,3,1,3,2,1,2,4,4,4,3,4,3,3,2,1,1,2,4,2,2,1,3,2,2,3,1,4,2,4,4,2,4,2,3,3,3,3,1,3,2,2,2,4,2,1,1,1,1,1,1,3,1,4,1,2,2,4,1,3,3,3,3,1,4,3,1,1,1,1,1,2,1,1,1,2,2,4,4,1,3,1,4,3,3,4,1,4,3,2,1,4,4,4,2,2,1,1,1,4,2,1,2,3,1,2,1,2,2,4,3,1,2,1,2,3,2,2,1,3,2,1,2,1,3,4,3,1,3,1,1,3,4,3,1,4,1,4,3,3,1,4,1,4,1,3,2,1,2,3,2,4,2,1,2,4,3,4,1,4,2,2,4,2,2,1,1,1,3,3,1,4,4,4,1,3,2,4,1,1,2,3,3,1,2,3,2,2,1,2,2,2,4,2,2,1,3,3,2,1,1,2,2,3,3,3,2,3,1,4,4,4,1,4,2,2,4,4,3,1,3,1,3,2,1,4,1,1,3,4,3,4,3,1,3,3,1,1,1,4,1,3,3,1,1,3,1,1,4,1,4,2,4,1,1,3,1,1,1,4,4,2,4,3,4,1,4,1,3,2,2,2,2,1,1,4,1,2,1,3,3,3,2,4,1,4,1,2,3,2,3,4,4,2,2,1,4,3,4,1,2,3,1,2,3,1,2,4,2,2,1,1,1,2,2,4,1,4,3,4,1,3,2,2,3,1,4,2,3,4,4,2,1,1,3,3,1,3,1,2,4,3,2,1,3,2,3,2,1,4,2,1,3,4,4,3,4,3,3,1,3,1,2,2,3,1,2,1,2,3,2,3,3,2,3,1,1,1,4,2,2,4,2,1,4,4,1,2,3,3,2,3,4,3,2,2,2,4,2,3,2,2,2,4,4,4,4,1,1,3,2,4,4,2,2,1,2,1,2,2,4,4,1,2,4,1,4,3,1,3,2,1,3,2,1,2,3,1,2,2,4,3,1,1,2,3,2,2,1,2,1,1,4,1,4,2,1,1,4,4,1,3,3,4,1,2,2,3,3,2,4,1,3,1,4,4,3,4,2,4,3,4,4,3,3,1,2,3,4,1,4,2,4,1,2,4,1,4,2,4,4,1,4,3,2,1,3,3,2,1,3,4,3,2,3,1,3,3,2,3,3,1,2,2,2,2,4,4,4,2,2,4,2,3,1,2,3,3,4,1,2,2,1,3,2,2,1,3,3,3,2,3,1,4,4,1,1,1,3,1,2,4,2,2,3,3,4,3,3,4,1,4,4,1,1,4,1,1,4,1,2,3,3,4,3,2,1,4,3,2,1,1,2,3,4,1,4,1,1,1,3,3,2,4,4,2,3,4,2,1,4,3,4,1,3,3,2,3,2,3,1,1,1,1,1,4,1,3,2,4,3,1,1,3,4,2,2,2,2,1,4,1,4,2,3,3,1,3,1,1,4,2,2,2,2,4,2,2,3,2,2,1,1,2,1,3,3,3,4,3,2,3,3,3,3,1,3,3,1,1,4,2,4,1,1,1,4,3,2,2,3,2,3,4,1,3,3,1,1,2,3,1,2,4,3,4,1,1,3,4,1,3,3,3,1,1,3,2,3,3,3,2,4,1,1,4,3,3,1,3,4,1,2,3,4,1,1,2,3,2,4,1,1,2,2,2,3,1,3,4,3,2,4,4,3,3,2,2,4,2,1,1,4,3,3,1,3,2,1,4,3,4,4,3,3,1,1,4,4,1,4,2,3,3,2,1,1,4,4,1,4,2,3,2,3,3,4,4,3,4,2,1,4,4,4,1,2,3,2,4,1,2,4,4,3,1,3,2,3,2,4,1,1,4,1,3,2,2,2,3,2,1,2,3,1,4,1,3,1,2,3,4,2,3,3,4,4,3,4,4,2,3,1,2,3,3,2,4,1,1,3,3,1,3,1,4,1,1,1,3,4,2,2,1,3,2,2,1,1,3,2,1,4,4,4,1,3,4,4,4,1,1,1,4,1,1,3,1,2,1,1,2,2,1,3,4,2,3,1,1,2,2,3,1,2,2,4,2,3,1,2,4,2,1,1,1,4,1,1,2,2,3,2,1,1,3,1,3,3,1,2,2,2,3,2,3,4,3,1,1,2,1,2,4,3,1,2,4,1,3,4,3,4,4,3,2,3,3,1,3,3,1,2,3,1,2,2,3,2,3,2,2,2,3,2,4,1,1,4,2,1,4,2,3,3,1,1,4,1,2,4,2,1,3,2,4,3,1,2,1,2,3,4,1,3,3,4,4,3,2,3,3,2,1,3,2,1,2,2,2,1,1,3,3,3,3,3,1,4,2,3,2,2,3,2,2,4,2,2,4,2,2,2,2,2,2,1,4,1,1,4,4,2,3,3,1,2,3,4,4,3,2,2,1,4,2,4,1,2,2,3,4,2,1,4,2,4,1,3,3,1,4,1,3,4,4,2,2,2,2,2,1,1,4,4,2,3,3,4,4,4,2,4,2,1,4,3,2,1,1,2,2,1,1,1,2,4,1,1,3,4,2,1,2,4,4,4,3,1,4,2,3,4,4,2,3,2,1,4,2,3,1,4,4,3,2,2,4,1,2,3,4,1,3,1,1,4,1,2,2,1,4,4,1,2,2,4,4,3,3,1,1,4,4,3,1"
12,0.9875909492720556,0.4509803921568627,2338.0,"3,1,1,3,1,3,4,4,4,3,1,1,1,1,1,1,3,2,1,3,3,3,3,1,4,4,3,2,1,2,4,2,3,2,1,3,1,4,4,1,2,2,1,3,1,2,4,4,1,2,4,1,2,1,4,2,3,4,3,4,3,3,1,1,2,1,1,2,1,4,3,3,1,1,2,1,4,3,2,2,2,1,1,1,2,2,3,3,1,1,3,4,3,1,1,1,1,3,1,1,3,4,3,1,1,2,1,4,1,3,1,1,2,1,1,3,4,2,4,4,1,2,3,4,1,3,4,1,4,2,2,1,3,1,4,3,2,3,2,3,3,3,4,4,1,1,2,4,2,1,2,1,4,3,4,2,2,4,4,1,2,2,4,3,2,3,4,4,1,2,3,1,2,1,4,2,1,1,3,1,2,2,3,2,4,2,2,1,1,2,3,1,3,2,2,4,1,2,4,1,2,2,1,1,1,2,2,4,3,1,2,2,1,3,1,3,2,3,4,2,4,1,1,1,3,2,1,1,2,1,4,2,2,2,4,2,4,2,3,1,3,1,4,3,2,1,1,3,4,3,4,4,1,3,3,4,3,2,2,3,3,4,2,2,1,4,1,2,4,3,4,3,3,4,3,1,2,3,1,3,2,1,2,2,1,1,3,4,2,4,2,4,1,1,2,3,3,3,3,4,1,4,4,4,2,1,2,3,1,2,2,4,2,2,3,3,2,2,2,4,4,4,3,1,4,4,2,4,1,3,4,3,4,3,3,4,4,3,1,1,1,1,4,2,3,1,1,2,2,4,3,3,2,2,2,4,3,2,1,3,3,1,1,3,3,2,4,4,2,1,1,1,1,2,3,2,1,2,4,4,1,2,4,3,1,2,1,4,3,4,1,3,2,4,3,1,2,1,1,2,3,3,2,2,1,1,4,2,4,2,4,1,1,3,4,2,4,1,3,4,1,2,3,1,2,4,2,2,2,3,1,1,2,4,4,1,4,2,1,1,4,1,3,2,3,1,4,3,3,3,4,4,1,4,3,1,4,2,4,4,1,1,1,2,2,4,4,1,1,2,2,1,4,2,1,1,1,2,4,2,4,2,1,1,3,1,4,1,3,1,1,2,4,3,2,3,1,3,2,1,2,4,4,4,3,4,3,3,2,1,1,2,4,2,2,1,3,2,2,3,1,4,2,4,4,2,4,2,3,3,3,3,1,3,2,2,2,4,2,1,1,1,1,1,1,3,1,4,1,2,2,4,1,3,3,3,3,1,4,3,1,1,1,1,1,2,1,1,1,2,2,4,4,1,3,1,4,3,3,4,1,4,3,2,1,4,4,4,2,2,1,1,1,4,2,1,2,3,1,2,1,2,2,4,3,1,2,1,2,3,2,2,1,3,2,1,2,1,3,4,3,1,3,1,1,3,4,3,1,4,1,4,3,3,1,4,1,4,1,3,2,1,2,3,2,4,2,1,2,4,3,4,1,4,2,2,4,2,2,1,1,1,3,3,1,4,4,4,1,3,2,4,1,1,2,3,3,1,2,3,2,2,1,2,2,2,4,2,2,1,3,3,2,1,1,2,2,3,3,3,2,3,1,4,4,4,1,4,2,2,4,4,3,1,3,1,3,2,1,4,1,1,3,4,3,4,3,1,3,3,1,1,1,4,1,3,3,1,1,3,1,1,4,1,4,2,4,1,1,3,1,1,1,4,4,2,4,3,4,1,4,1,3,2,2,2,2,1,1,4,1,2,1,3,3,3,2,4,1,4,1,2,3,2,3,4,4,2,2,1,4,3,4,1,2,3,1,2,3,1,2,4,2,2,1,1,1,2,2,4,1,4,3,4,1,3,2,2,3,1,4,2,3,4,4,2,1,1,3,3,1,3,1,2,4,3,2,1,3,2,3,2,1,4,2,1,3,4,4,3,4,3,3,1,3,1,2,2,3,1,2,1,2,3,2,3,3,2,3,1,1,1,4,2,2,4,2,1,4,4,1,2,3,3,2,3,4,3,2,2,2,4,2,3,2,2,2,4,4,4,4,1,1,3,2,4,4,2,2,1,2,1,2,2,4,4,1,2,4,1,4,3,1,3,2,1,3,2,1,2,3,1,2,2,4,3,1,1,2,3,2,2,1,2,1,1,4,1,4,2,1,1,4,4,1,3,3,4,1,2,2,3,3,2,4,1,3,1,4,4,3,4,2,4,3,4,4,3,3,1,2,3,4,1,4,2,4,1,2,4,1,4,2,4,4,1,4,3,2,1,3,3,2,1,3,4,3,2,3,1,3,3,2,3,3,1,2,2,2,2,4,4,4,2,2,4,2,3,1,2,3,3,4,1,2,2,1,3,2,2,1,3,3,3,2,3,1,4,4,1,1,1,3,1,2,4,2,2,3,3,4,3,3,4,1,4,4,1,1,4,1,1,4,1,2,3,3,4,3,2,1,4,3,2,1,1,2,3,4,1,4,1,1,1,3,3,2,4,4,2,3,4,2,1,4,3,4,1,3,3,2,3,2,3,1,1,1,1,1,4,1,3,2,4,3,1,1,3,4,2,2,2,2,1,4,1,4,2,3,3,1,3,1,1,4,2,2,2,2,4,2,2,3,2,2,1,1,2,1,3,3,3,4,3,2,3,3,3,3,1,3,3,1,1,4,2,4,1,1,1,4,3,2,2,3,2,3,4,1,3,3,1,1,2,3,1,2,4,3,4,1,1,3,4,1,3,3,3,1,1,3,2,3,3,3,2,4,1,1,4,3,3,1,3,4,1,2,3,4,1,1,2,3,2,4,1,1,2,2,2,3,1,3,4,3,2,4,4,3,3,2,2,4,2,1,1,4,3,3,1,3,2,1,4,3,4,4,3,3,1,1,4,4,1,4,2,3,3,2,1,1,4,4,1,4,2,3,2,3,3,4,4,3,4,2,1,4,4,4,1,2,3,2,4,1,2,4,4,3,1,3,2,3,2,4,1,1,4,1,3,2,2,2,3,2,1,2,3,1,4,1,3,1,2,3,4,2,3,3,4,4,3,4,4,2,3,1,2,3,3,2,4,1,1,3,3,1,3,1,4,1,1,1,3,4,2,2,1,3,2,2,1,1,3,2,1,4,4,4,1,3,4,4,4,1,1,1,4,1,1,3,1,2,1,1,2,2,1,3,4,2,3,1,1,2,2,3,1,2,2,4,2,3,1,2,4,2,1,1,1,4,1,1,2,2,3,2,1,1,3,1,3,3,1,2,2,2,3,2,3,4,3,1,1,2,1,2,4,3,1,2,4,1,3,4,3,4,4,3,2,3,3,1,3,3,1,2,3,1,2,2,3,2,3,2,2,2,3,2,4,1,1,4,2,1,4,2,3,3,1,1,4,1,2,4,2,1,3,2,4,3,1,2,1,2,3,4,1,3,3,4,4,3,2,3,3,2,1,3,2,1,2,2,2,1,1,3,3,3,3,3,1,4,2,3,2,2,3,2,2,4,2,2,4,2,2,2,2,2,2,1,4,1,1,4,4,2,3,3,1,2,3,4,4,3,2,2,1,4,2,4,1,2,2,3,4,2,1,4,2,4,1,3,3,1,4,1,3,4,4,2,2,2,2,2,1,1,4,4,2,3,3,4,4,4,2,4,2,1,4,3,2,1,1,2,2,1,1,1,2,4,1,1,3,4,2,1,2,4,4,4,3,1,4,2,3,4,4,2,3,2,1,4,2,3,1,4,4,3,2,2,4,1,2,3,4,1,3,1,1,4,1,2,2,1,4,4,1,2,2,4,4,3,3,1,1,4,4,3,1"
13,0.9875909492720556,0.4509803921568627,2338.0,"3,1,1,3,1,3,4,4,4,3,1,1,1,1,1,1,3,2,1,3,3,3,3,1,4,4,3,2,1,2,4,2,3,2,1,3,1,4,4,1,2,2,1,3,1,2,4,4,1,2,4,1,2,1,4,2,3,4,3,4,3,3,1,1,2,1,1,2,1,4,3,3,1,1,2,1,4,3,2,2,2,1,1,1,2,2,3,3,1,1,3,4,3,1,1,1,1,3,1,1,3,4,3,1,1,2,1,4,1,3,1,1,2,1,1,3,4,2,4,4,1,2,3,4,1,3,4,1,4,2,2,1,3,1,4,3,2,3,2,3,3,3,4,4,1,1,2,4,2,1,2,1,4,3,4,2,2,4,4,1,2,2,4,3,2,3,4,4,1,2,3,1,2,1,4,2,1,1,3,1,2,2,3,2,4,2,2,1,1,2,3,1,3,2,2,4,1,2,4,1,2,2,1,1,1,2,2,4,3,1,2,2,1,3,1,3,2,3,4,2,4,1,1,1,3,2,1,1,2,1,4,2,2,2,4,2,4,2,3,1,3,1,4,3,2,1,1,3,4,3,4,4,1,3,3,4,3,2,2,3,3,4,2,2,1,4,1,2,4,3,4,3,3,4,3,1,2,3,1,3,2,1,2,2,1,1,3,4,2,4,2,4,1,1,2,3,3,3,3,4,1,4,4,4,2,1,2,3,1,2,2,4,2,2,3,3,2,2,2,4,4,4,3,1,4,4,2,4,1,3,4,3,4,3,3,4,4,3,1,1,1,1,4,2,3,1,1,2,2,4,3,3,2,2,2,4,3,2,1,3,3,1,1,3,3,2,4,4,2,1,1,1,1,2,3,2,1,2,4,4,1,2,4,3,1,2,1,4,3,4,1,3,2,4,3,1,2,1,1,2,3,3,2,2,1,1,4,2,4,2,4,1,1,3,4,2,4,1,3,4,1,2,3,1,2,4,2,2,2,3,1,1,2,4,4,1,4,2,1,1,4,1,3,2,3,1,4,3,3,3,4,4,1,4,3,1,4,2,4,4,1,1,1,2,2,4,4,1,1,2,2,1,4,2,1,1,1,2,4,2,4,2,1,1,3,1,4,1,3,1,1,2,4,3,2,3,1,3,2,1,2,4,4,4,3,4,3,3,2,1,1,2,4,2,2,1,3,2,2,3,1,4,2,4,4,2,4,2,3,3,3,3,1,3,2,2,2,4,2,1,1,1,1,1,1,3,1,4,1,2,2,4,1,3,3,3,3,1,4,3,1,1,1,1,1,2,1,1,1,2,2,4,4,1,3,1,4,3,3,4,1,4,3,2,1,4,4,4,2,2,1,1,1,4,2,1,2,3,1,2,1,2,2,4,3,1,2,1,2,3,2,2,1,3,2,1,2,1,3,4,3,1,3,1,1,3,4,3,1,4,1,4,3,3,1,4,1,4,1,3,2,1,2,3,2,4,2,1,2,4,3,4,1,4,2,2,4,2,2,1,1,1,3,3,1,4,4,4,1,3,2,4,1,1,2,3,3,1,2,3,2,2,1,2,2,2,4,2,2,1,3,3,2,1,1,2,2,3,3,3,2,3,1,4,4,4,1,4,2,2,4,4,3,1,3,1,3,2,1,4,1,1,3,4,3,4,3,1,3,3,1,1,1,4,1,3,3,1,1,3,1,1,4,1,4,2,4,1,1,3,1,1,1,4,4,2,4,3,4,1,4,1,3,2,2,2,2,1,1,4,1,2,1,3,3,3,2,4,1,4,1,2,3,2,3,4,4,2,2,1,4,3,4,1,2,3,1,2,3,1,2,4,2,2,1,1,1,2,2,4,1,4,3,4,1,3,2,2,3,1,4,2,3,4,4,2,1,1,3,3,1,3,1,2,4,3,2,1,3,2,3,2,1,4,2,1,3,4,4,3,4,3,3,1,3,1,2,2,3,1,2,1,2,3,2,3,3,2,3,1,1,1,4,2,2,4,2,1,4,4,1,2,3,3,2,3,4,3,2,2,2,4,2,3,2,2,2,4,4,4,4,1,1,3,2,4,4,2,2,1,2,1,2,2,4,4,1,2,4,1,4,3,1,3,2,1,3,2,1,2,3,1,2,2,4,3,1,1,2,3,2,2,1,2,1,1,4,1,4,2,1,1,4,4,1,3,3,4,1,2,2,3,3,2,4,1,3,1,4,4,3,4,2,4,3,4,4,3,3,1,2,3,4,1,4,2,4,1,2,4,1,4,2,4,4,1,4,3,2,1,3,3,2,1,3,4,3,2,3,1,3,3,2,3,3,1,2,2,2,2,4,4,4,2,2,4,2,3,1,2,3,3,4,1,2,2,1,3,2,2,1,3,3,3,2,3,1,4,4,1,1,1,3,1,2,4,2,2,3,3,4,3,3,4,1,4,4,1,1,4,1,1,4,1,2,3,3,4,3,2,1,4,3,2,1,1,2,3,4,1,4,1,1,1,3,3,2,4,4,2,3,4,2,1,4,3,4,1,3,3,2,3,2,3,1,1,1,1,1,4,1,3,2,4,3,1,1,3,4,2,2,2,2,1,4,1,4,2,3,3,1,3,1,1,4,2,2,2,2,4,2,2,3,2,2,1,1,2,1,3,3,3,4,3,2,3,3,3,3,1,3,3,1,1,4,2,4,1,1,1,4,3,2,2,3,2,3,4,1,3,3,1,1,2,3,1,2,4,3,4,1,1,3,4,1,3,3,3,1,1,3,2,3,3,3,2,4,1,1,4,3,3,1,3,4,1,2,3,4,1,1,2,3,2,4,1,1,2,2,2,3,1,3,4,3,2,4,4,3,3,2,2,4,2,1,1,4,3,3,1,3,2,1,4,3,4,4,3,3,1,1,4,4,1,4,2,3,3,2,1,1,4,4,1,4,2,3,2,3,3,4,4,3,4,2,1,4,4,4,1,2,3,2,4,1,2,4,4,3,1,3,2,3,2,4,1,1,4,1,3,2,2,2,3,2,1,2,3,1,4,1,3,1,2,3,4,2,3,3,4,4,3,4,4,2,3,1,2,3,3,2,4,1,1,3,3,1,3,1,4,1,1,1,3,4,2,2,1,3,2,2,1,1,3,2,1,4,4,4,1,3,4,4,4,1,1,1,4,1,1,3,1,2,1,1,2,2,1,3,4,2,3,1,1,2,2,3,1,2,2,4,2,3,1,2,4,2,1,1,1,4,1,1,2,2,3,2,1,1,3,1,3,3,1,2,2,2,3,2,3,4,3,1,1,2,1,2,4,3,1,2,4,1,3,4,3,4,4,3,2,3,3,1,3,3,1,2,3,1,2,2,3,2,3,2,2,2,3,2,4,1,1,4,2,1,4,2,3,3,1,1,4,1,2,4,2,1,3,2,4,3,1,2,1,2,3,4,1,3,3,4,4,3,2,3,3,2,1,3,2,1,2,2,2,1,1,3,3,3,3,3,1,4,2,3,2,2,3,2,2,4,2,2,4,2,2,2,2,2,2,1,4,1,1,4,4,2,3,3,1,2,3,4,4,3,2,2,1,4,2,4,1,2,2,3,4,2,1,4,2,4,1,3,3,1,4,1,3,4,4,2,2,2,2,2,1,1,4,4,2,3,3,4,4,4,2,4,2,1,4,3,2,1,1,2,2,1,1,1,2,4,1,1,3,4,2,1,2,4,4,4,3,1,4,2,3,4,4,2,3,2,1,4,2,3,1,4,4,3,2,2,4,1,2,3,4,1,3,1,1,4,1,2,2,1,4,4,1,2,2,4,4,3,3,1,1,4,4,3,1"
14,0.9875909492720556,0.4509803921568627,2338.0,"3,1,1,3,1,3,4,4,4,3,1,1,1,1,1,1,3,2,1,3,3,3,3,1,4,4,3,2,1,2,4,2,3,2,1,3,1,4,4,1,2,2,1,3,1,2,4,4,1,2,4,1,2,1,4,2,3,4,3,4,3,3,1,1,2,1,1,2,1,4,3,3,1,1,2,1,4,3,2,2,2,1,1,1,2,2,3,3,1,1,3,4,3,1,1,1,1,3,1,1,3,4,3,1,1,2,1,4,1,3,1,1,2,1,1,3,4,2,4,4,1,2,3,4,1,3,4,1,4,2,2,1,3,1,4,3,2,3,2,3,3,3,4,4,1,1,2,4,2,1,2,1,4,3,4,2,2,4,4,1,2,2,4,3,2,3,4,4,1,2,3,1,2,1,4,2,1,1,3,1,2,2,3,2,4,2,2,1,1,2,3,1,3,2,2,4,1,2,4,1,2,2,1,1,1,2,2,4,3,1,2,2,1,3,1,3,2,3,4,2,4,1,1,1,3,2,1,1,2,1,4,2,2,2,4,2,4,2,3,1,3,1,4,3,2,1,1,3,4,3,4,4,1,3,3,4,3,2,2,3,3,4,2,2,1,4,1,2,4,3,4,3,3,4,3,1,2,3,1,3,2,1,2,2,1,1,3,4,2,4,2,4,1,1,2,3,3,3,3,4,1,4,4,4,2,1,2,3,1,2,2,4,2,2,3,3,2,2,2,4,4,4,3,1,4,4,2,4,1,3,4,3,4,3,3,4,4,3,1,1,1,1,4,2,3,1,1,2,2,4,3,3,2,2,2,4,3,2,1,3,3,1,1,3,3,2,4,4,2,1,1,1,1,2,3,2,1,2,4,4,1,2,4,3,1,2,1,4,3,4,1,3,2,4,3,1,2,1,1,2,3,3,2,2,1,1,4,2,4,2,4,1,1,3,4,2,4,1,3,4,1,2,3,1,2,4,2,2,2,3,1,1,2,4,4,1,4,2,1,1,4,1,3,2,3,1,4,3,3,3,4,4,1,4,3,1,4,2,4,4,1,1,1,2,2,4,4,1,1,2,2,1,4,2,1,1,1,2,4,2,4,2,1,1,3,1,4,1,3,1,1,2,4,3,2,3,1,3,2,1,2,4,4,4,3,4,3,3,2,1,1,2,4,2,2,1,3,2,2,3,1,4,2,4,4,2,4,2,3,3,3,3,1,3,2,2,2,4,2,1,1,1,1,1,1,3,1,4,1,2,2,4,1,3,3,3,3,1,4,3,1,1,1,1,1,2,1,1,1,2,2,4,4,1,3,1,4,3,3,4,1,4,3,2,1,4,4,4,2,2,1,1,1,4,2,1,2,3,1,2,1,2,2,4,3,1,2,1,2,3,2,2,1,3,2,1,2,1,3,4,3,1,3,1,1,3,4,3,1,4,1,4,3,3,1,4,1,4,1,3,2,1,2,3,2,4,2,1,2,4,3,4,1,4,2,2,4,2,2,1,1,1,3,3,1,4,4,4,1,3,2,4,1,1,2,3,3,1,2,3,2,2,1,2,2,2,4,2,2,1,3,3,2,1,1,2,2,3,3,3,2,3,1,4,4,4,1,4,2,2,4,4,3,1,3,1,3,2,1,4,1,1,3,4,3,4,3,1,3,3,1,1,1,4,1,3,3,1,1,3,1,1,4,1,4,2,4,1,1,3,1,1,1,4,4,2,4,3,4,1,4,1,3,2,2,2,2,1,1,4,1,2,1,3,3,3,2,4,1,4,1,2,3,2,3,4,4,2,2,1,4,3,4,1,2,3,1,2,3,1,2,4,2,2,1,1,1,2,2,4,1,4,3,4,1,3,2,2,3,1,4,2,3,4,4,2,1,1,3,3,1,3,1,2,4,3,2,1,3,2,3,2,1,4,2,1,3,4,4,3,4,3,3,1,3,1,2,2,3,1,2,1,2,3,2,3,3,2,3,1,1,1,4,2,2,4,2,1,4,4,1,2,3,3,2,3,4,3,2,2,2,4,2,3,2,2,2,4,4,4,4,1,1,3,2,4,4,2,2,1,2,1,2,2,4,4,1,2,4,1,4,3,1,3,2,1,3,2,1,2,3,1,2,2,4,3,1,1,2,3,2,2,1,2,1,1,4,1,4,2,1,1,4,4,1,3,3,4,1,2,2,3,3,2,4,1,3,1,4,4,3,4,2,4,3,4,4,3,3,1,2,3,4,1,4,2,4,1,2,4,1,4,2,4,4,1,4,3,2,1,3,3,2,1,3,4,3,2,3,1,3,3,2,3,3,1,2,2,2,2,4,4,4,2,2,4,2,3,1,2,3,3,4,1,2,2,1,3,2,2,1,3,3,3,2,3,1,4,4,1,1,1,3,1,2,4,2,2,3,3,4,3,3,4,1,4,4,1,1,4,1,1,4,1,2,3,3,4,3,2,1,4,3,2,1,1,2,3,4,1,4,1,1,1,3,3,2,4,4,2,3,4,2,1,4,3,4,1,3,3,2,3,2,3,1,1,1,1,1,4,1,3,2,4,3,1,1,3,4,2,2,2,2,1,4,1,4,2,3,3,1,3,1,1,4,2,2,2,2,4,2,2,3,2,2,1,1,2,1,3,3,3,4,3,2,3,3,3,3,1,3,3,1,1,4,2,4,1,1,1,4,3,2,2,3,2,3,4,1,3,3,1,1,2,3,1,2,4,3,4,1,1,3,4,1,3,3,3,1,1,3,2,3,3,3,2,4,1,1,4,3,3,1,3,4,1,2,3,4,1,1,2,3,2,4,1,1,2,2,2,3,1,3,4,3,2,4,4,3,3,2,2,4,2,1,1,4,3,3,1,3,2,1,4,3,4,4,3,3,1,1,4,4,1,4,2,3,3,2,1,1,4,4,1,4,2,3,2,3,3,4,4,3,4,2,1,4,4,4,1,2,3,2,4,1,2,4,4,3,1,3,2,3,2,4,1,1,4,1,3,2,2,2,3,2,1,2,3,1,4,1,3,1,2,3,4,2,3,3,4,4,3,4,4,2,3,1,2,3,3,2,4,1,1,3,3,1,3,1,4,1,1,1,3,4,2,2,1,3,2,2,1,1,3,2,1,4,4,4,1,3,4,4,4,1,1,1,4,1,1,3,1,2,1,1,2,2,1,3,4,2,3,1,1,2,2,3,1,2,2,4,2,3,1,2,4,2,1,1,1,4,1,1,2,2,3,2,1,1,3,1,3,3,1,2,2,2,3,2,3,4,3,1,1,2,1,2,4,3,1,2,4,1,3,4,3,4,4,3,2,3,3,1,3,3,1,2,3,1,2,2,3,2,3,2,2,2,3,2,4,1,1,4,2,1,4,2,3,3,1,1,4,1,2,4,2,1,3,2,4,3,1,2,1,2,3,4,1,3,3,4,4,3,2,3,3,2,1,3,2,1,2,2,2,1,1,3,3,3,3,3,1,4,2,3,2,2,3,2,2,4,2,2,4,2,2,2,2,2,2,1,4,1,1,4,4,2,3,3,1,2,3,4,4,3,2,2,1,4,2,4,1,2,2,3,4,2,1,4,2,4,1,3,3,1,4,1,3,4,4,2,2,2,2,2,1,1,4,4,2,3,3,4,4,4,2,4,2,1,4,3,2,1,1,2,2,1,1,1,2,4,1,1,3,4,2,1,2,4,4,4,3,1,4,2,3,4,4,2,3,2,1,4,2,3,1,4,4,3,2,2,4,1,2,3,4,1,3,1,1,4,1,2,2,1,4,4,1,2,2,4,4,3,3,1,1,4,4,3,1"
15,0.9875909492720556,0.4509803921568627,2338.0,"3,1,1,3,1,3,4,4,4,3,1,1,1,1,1,1,3,2,1,3,3,3,3,1,4,4,3,2,1,2,4,2,3,2,1,3,1,4,4,1,2,2,1,3,1,2,4,4,1,2,4,1,2,1,4,2,3,4,3,4,3,3,1,1,2,1,1,2,1,4,3,3,1,1,2,1,4,3,2,2,2,1,1,1,2,2,3,3,1,1,3,4,3,1,1,1,1,3,1,1,3,4,3,1,1,2,1,4,1,3,1,1,2,1,1,3,4,2,4,4,1,2,3,4,1,3,4,1,4,2,2,1,3,1,4,3,2,3,2,3,3,3,4,4,1,1,2,4,2,1,2,1,4,3,4,2,2,4,4,1,2,2,4,3,2,3,4,4,1,2,3,1,2,1,4,2,1,1,3,1,2,2,3,2,4,2,2,1,1,2,3,1,3,2,2,4,1,2,4,1,2,2,1,1,1,2,2,4,3,1,2,2,1,3,1,3,2,3,4,2,4,1,1,1,3,2,1,1,2,1,4,2,2,2,4,2,4,2,3,1,3,1,4,3,2,1,1,3,4,3,4,4,1,3,3,4,3,2,2,3,3,4,2,2,1,4,1,2,4,3,4,3,3,4,3,1,2,3,1,3,2,1,2,2,1,1,3,4,2,4,2,4,1,1,2,3,3,3,3,4,1,4,4,4,2,1,2,3,1,2,2,4,2,2,3,3,2,2,2,4,4,4,3,1,4,4,2,4,1,3,4,3,4,3,3,4,4,3,1,1,1,1,4,2,3,1,1,2,2,4,3,3,2,2,2,4,3,2,1,3,3,1,1,3,3,2,4,4,2,1,1,1,1,2,3,2,1,2,4,4,1,2,4,3,1,2,1,4,3,4,1,3,2,4,3,1,2,1,1,2,3,3,2,2,1,1,4,2,4,2,4,1,1,3,4,2,4,1,3,4,1,2,3,1,2,4,2,2,2,3,1,1,2,4,4,1,4,2,1,1,4,1,3,2,3,1,4,3,3,3,4,4,1,4,3,1,4,2,4,4,1,1,1,2,2,4,4,1,1,2,2,1,4,2,1,1,1,2,4,2,4,2,1,1,3,1,4,1,3,1,1,2,4,3,2,3,1,3,2,1,2,4,4,4,3,4,3,3,2,1,1,2,4,2,2,1,3,2,2,3,1,4,2,4,4,2,4,2,3,3,3,3,1,3,2,2,2,4,2,1,1,1,1,1,1,3,1,4,1,2,2,4,1,3,3,3,3,1,4,3,1,1,1,1,1,2,1,1,1,2,2,4,4,1,3,1,4,3,3,4,1,4,3,2,1,4,4,4,2,2,1,1,1,4,2,1,2,3,1,2,1,2,2,4,3,1,2,1,2,3,2,2,1,3,2,1,2,1,3,4,3,1,3,1,1,3,4,3,1,4,1,4,3,3,1,4,1,4,1,3,2,1,2,3,2,4,2,1,2,4,3,4,1,4,2,2,4,2,2,1,1,1,3,3,1,4,4,4,1,3,2,4,1,1,2,3,3,1,2,3,2,2,1,2,2,2,4,2,2,1,3,3,2,1,1,2,2,3,3,3,2,3,1,4,4,4,1,4,2,2,4,4,3,1,3,1,3,2,1,4,1,1,3,4,3,4,3,1,3,3,1,1,1,4,1,3,3,1,1,3,1,1,4,1,4,2,4,1,1,3,1,1,1,4,4,2,4,3,4,1,4,1,3,2,2,2,2,1,1,4,1,2,1,3,3,3,2,4,1,4,1,2,3,2,3,4,4,2,2,1,4,3,4,1,2,3,1,2,3,1,2,4,2,2,1,1,1,2,2,4,1,4,3,4,1,3,2,2,3,1,4,2,3,4,4,2,1,1,3,3,1,3,1,2,4,3,2,1,3,2,3,2,1,4,2,1,3,4,4,3,4,3,3,1,3,1,2,2,3,1,2,1,2,3,2,3,3,2,3,1,1,1,4,2,2,4,2,1,4,4,1,2,3,3,2,3,4,3,2,2,2,4,2,3,2,2,2,4,4,4,4,1,1,3,2,4,4,2,2,1,2,1,2,2,4,4,1,2,4,1,4,3,1,3,2,1,3,2,1,2,3,1,2,2,4,3,1,1,2,3,2,2,1,2,1,1,4,1,4,2,1,1,4,4,1,3,3,4,1,2,2,3,3,2,4,1,3,1,4,4,3,4,2,4,3,4,4,3,3,1,2,3,4,1,4,2,4,1,2,4,1,4,2,4,4,1,4,3,2,1,3,3,2,1,3,4,3,2,3,1,3,3,2,3,3,1,2,2,2,2,4,4,4,2,2,4,2,3,1,2,3,3,4,1,2,2,1,3,2,2,1,3,3,3,2,3,1,4,4,1,1,1,3,1,2,4,2,2,3,3,4,3,3,4,1,4,4,1,1,4,1,1,4,1,2,3,3,4,3,2,1,4,3,2,1,1,2,3,4,1,4,1,1,1,3,3,2,4,4,2,3,4,2,1,4,3,4,1,3,3,2,3,2,3,1,1,1,1,1,4,1,3,2,4,3,1,1,3,4,2,2,2,2,1,4,1,4,2,3,3,1,3,1,1,4,2,2,2,2,4,2,2,3,2,2,1,1,2,1,3,3,3,4,3,2,3,3,3,3,1,3,3,1,1,4,2,4,1,1,1,4,3,2,2,3,2,3,4,1,3,3,1,1,2,3,1,2,4,3,4,1,1,3,4,1,3,3,3,1,1,3,2,3,3,3,2,4,1,1,4,3,3,1,3,4,1,2,3,4,1,1,2,3,2,4,1,1,2,2,2,3,1,3,4,3,2,4,4,3,3,2,2,4,2,1,1,4,3,3,1,3,2,1,4,3,4,4,3,3,1,1,4,4,1,4,2,3,3,2,1,1,4,4,1,4,2,3,2,3,3,4,4,3,4,2,1,4,4,4,1,2,3,2,4,1,2,4,4,3,1,3,2,3,2,4,1,1,4,1,3,2,2,2,3,2,1,2,3,1,4,1,3,1,2,3,4,2,3,3,4,4,3,4,4,2,3,1,2,3,3,2,4,1,1,3,3,1,3,1,4,1,1,1,3,4,2,2,1,3,2,2,1,1,3,2,1,4,4,4,1,3,4,4,4,1,1,1,4,1,1,3,1,2,1,1,2,2,1,3,4,2,3,1,1,2,2,3,1,2,2,4,2,3,1,2,4,2,1,1,1,4,1,1,2,2,3,2,1,1,3,1,3,3,1,2,2,2,3,2,3,4,3,1,1,2,1,2,4,3,1,2,4,1,3,4,3,4,4,3,2,3,3,1,3,3,1,2,3,1,2,2,3,2,3,2,2,2,3,2,4,1,1,4,2,1,4,2,3,3,1,1,4,1,2,4,2,1,3,2,4,3,1,2,1,2,3,4,1,3,3,4,4,3,2,3,3,2,1,3,2,1,2,2,2,1,1,3,3,3,3,3,1,4,2,3,2,2,3,2,2,4,2,2,4,2,2,2,2,2,2,1,4,1,1,4,4,2,3,3,1,2,3,4,4,3,2,2,1,4,2,4,1,2,2,3,4,2,1,4,2,4,1,3,3,1,4,1,3,4,4,2,2,2,2,2,1,1,4,4,2,3,3,4,4,4,2,4,2,1,4,3,2,1,1,2,2,1,1,1,2,4,1,1,3,4,2,1,2,4,4,4,3,1,4,2,3,4,4,2,3,2,1,4,2,3,1,4,4,3,2,2,4,1,2,3,4,1,3,1,1,4,1,2,2,1,4,4,1,2,2,4,4,3,3,1,1,4,4,3,1"
16,0.9875909492720556,0.4509803921568627,2338.0,"3,1,1,3,1,3,4,4,4,3,1,1,1,1,1,1,3,2,1,3,3,3,3,1,4,4,3,2,1,2,4,2,3,2,1,3,1,4,4,1,2,2,1,3,1,2,4,4,1,2,4,1,2,1,4,2,3,4,3,4,3,3,1,1,2,1,1,2,1,4,3,3,1,1,2,1,4,3,2,2,2,1,1,1,2,2,3,3,1,1,3,4,3,1,1,1,1,3,1,1,3,4,3,1,1,2,1,4,1,3,1,1,2,1,1,3,4,2,4,4,1,2,3,4,1,3,4,1,4,2,2,1,3,1,4,3,2,3,2,3,3,3,4,4,1,1,2,4,2,1,2,1,4,3,4,2,2,4,4,1,2,2,4,3,2,3,4,4,1,2,3,1,2,1,4,2,1,1,3,1,2,2,3,2,4,2,2,1,1,2,3,1,3,2,2,4,1,2,4,1,2,2,1,1,1,2,2,4,3,1,2,2,1,3,1,3,2,3,4,2,4,1,1,1,3,2,1,1,2,1,4,2,2,2,4,2,4,2,3,1,3,1,4,3,2,1,1,3,4,3,4,4,1,3,3,4,3,2,2,3,3,4,2,2,1,4,1,2,4,3,4,3,3,4,3,1,2,3,1,3,2,1,2,2,1,1,3,4,2,4,2,4,1,1,2,3,3,3,3,4,1,4,4,4,2,1,2,3,1,2,2,4,2,2,3,3,2,2,2,4,4,4,3,1,4,4,2,4,1,3,4,3,4,3,3,4,4,3,1,1,1,1,4,2,3,1,1,2,2,4,3,3,2,2,2,4,3,2,1,3,3,1,1,3,3,2,4,4,2,1,1,1,1,2,3,2,1,2,4,4,1,2,4,3,1,2,1,4,3,4,1,3,2,4,3,1,2,1,1,2,3,3,2,2,1,1,4,2,4,2,4,1,1,3,4,2,4,1,3,4,1,2,3,1,2,4,2,2,2,3,1,1,2,4,4,1,4,2,1,1,4,1,3,2,3,1,4,3,3,3,4,4,1,4,3,1,4,2,4,4,1,1,1,2,2,4,4,1,1,2,2,1,4,2,1,1,1,2,4,2,4,2,1,1,3,1,4,1,3,1,1,2,4,3,2,3,1,3,2,1,2,4,4,4,3,4,3,3,2,1,1,2,4,2,2,1,3,2,2,3,1,4,2,4,4,2,4,2,3,3,3,3,1,3,2,2,2,4,2,1,1,1,1,1,1,3,1,4,1,2,2,4,1,3,3,3,3,1,4,3,1,1,1,1,1,2,1,1,1,2,2,4,4,1,3,1,4,3,3,4,1,4,3,2,1,4,4,4,2,2,1,1,1,4,2,1,2,3,1,2,1,2,2,4,3,1,2,1,2,3,2,2,1,3,2,1,2,1,3,4,3,1,3,1,1,3,4,3,1,4,1,4,3,3,1,4,1,4,1,3,2,1,2,3,2,4,2,1,2,4,3,4,1,4,2,2,4,2,2,1,1,1,3,3,1,4,4,4,1,3,2,4,1,1,2,3,3,1,2,3,2,2,1,2,2,2,4,2,2,1,3,3,2,1,1,2,2,3,3,3,2,3,1,4,4,4,1,4,2,2,4,4,3,1,3,1,3,2,1,4,1,1,3,4,3,4,3,1,3,3,1,1,1,4,1,3,3,1,1,3,1,1,4,1,4,2,4,1,1,3,1,1,1,4,4,2,4,3,4,1,4,1,3,2,2,2,2,1,1,4,1,2,1,3,3,3,2,4,1,4,1,2,3,2,3,4,4,2,2,1,4,3,4,1,2,3,1,2,3,1,2,4,2,2,1,1,1,2,2,4,1,4,3,4,1,3,2,2,3,1,4,2,3,4,4,2,1,1,3,3,1,3,1,2,4,3,2,1,3,2,3,2,1,4,2,1,3,4,4,3,4,3,3,1,3,1,2,2,3,1,2,1,2,3,2,3,3,2,3,1,1,1,4,2,2,4,2,1,4,4,1,2,3,3,2,3,4,3,2,2,2,4,2,3,2,2,2,4,4,4,4,1,1,3,2,4,4,2,2,1,2,1,2,2,4,4,1,2,4,1,4,3,1,3,2,1,3,2,1,2,3,1,2,2,4,3,1,1,2,3,2,2,1,2,1,1,4,1,4,2,1,1,4,4,1,3,3,4,1,2,2,3,3,2,4,1,3,1,4,4,3,4,2,4,3,4,4,3,3,1,2,3,4,1,4,2,4,1,2,4,1,4,2,4,4,1,4,3,2,1,3,3,2,1,3,4,3,2,3,1,3,3,2,3,3,1,2,2,2,2,4,4,4,2,2,4,2,3,1,2,3,3,4,1,2,2,1,3,2,2,1,3,3,3,2,3,1,4,4,1,1,1,3,1,2,4,2,2,3,3,4,3,3,4,1,4,4,1,1,4,1,1,4,1,2,3,3,4,3,2,1,4,3,2,1,1,2,3,4,1,4,1,1,1,3,3,2,4,4,2,3,4,2,1,4,3,4,1,3,3,2,3,2,3,1,1,1,1,1,4,1,3,2,4,3,1,1,3,4,2,2,2,2,1,4,1,4,2,3,3,1,3,1,1,4,2,2,2,2,4,2,2,3,2,2,1,1,2,1,3,3,3,4,3,2,3,3,3,3,1,3,3,1,1,4,2,4,1,1,1,4,3,2,2,3,2,3,4,1,3,3,1,1,2,3,1,2,4,3,4,1,1,3,4,1,3,3,3,1,1,3,2,3,3,3,2,4,1,1,4,3,3,1,3,4,1,2,3,4,1,1,2,3,2,4,1,1,2,2,2,3,1,3,4,3,2,4,4,3,3,2,2,4,2,1,1,4,3,3,1,3,2,1,4,3,4,4,3,3,1,1,4,4,1,4,2,3,3,2,1,1,4,4,1,4,2,3,2,3,3,4,4,3,4,2,1,4,4,4,1,2,3,2,4,1,2,4,4,3,1,3,2,3,2,4,1,1,4,1,3,2,2,2,3,2,1,2,3,1,4,1,3,1,2,3,4,2,3,3,4,4,3,4,4,2,3,1,2,3,3,2,4,1,1,3,3,1,3,1,4,1,1,1,3,4,2,2,1,3,2,2,1,1,3,2,1,4,4,4,1,3,4,4,4,1,1,1,4,1,1,3,1,2,1,1,2,2,1,3,4,2,3,1,1,2,2,3,1,2,2,4,2,3,1,2,4,2,1,1,1,4,1,1,2,2,3,2,1,1,3,1,3,3,1,2,2,2,3,2,3,4,3,1,1,2,1,2,4,3,1,2,4,1,3,4,3,4,4,3,2,3,3,1,3,3,1,2,3,1,2,2,3,2,3,2,2,2,3,2,4,1,1,4,2,1,4,2,3,3,1,1,4,1,2,4,2,1,3,2,4,3,1,2,1,2,3,4,1,3,3,4,4,3,2,3,3,2,1,3,2,1,2,2,2,1,1,3,3,3,3,3,1,4,2,3,2,2,3,2,2,4,2,2,4,2,2,2,2,2,2,1,4,1,1,4,4,2,3,3,1,2,3,4,4,3,2,2,1,4,2,4,1,2,2,3,4,2,1,4,2,4,1,3,3,1,4,1,3,4,4,2,2,2,2,2,1,1,4,4,2,3,3,4,4,4,2,4,2,1,4,3,2,1,1,2,2,1,1,1,2,4,1,1,3,4,2,1,2,4,4,4,3,1,4,2,3,4,4,2,3,2,1,4,2,3,1,4,4,3,2,2,4,1,2,3,4,1,3,1,1,4,1,2,2,1,4,4,1,2,2,4,4,3,3,1,1,4,4,3,1"
17,0.9875909492720556,0.4509803921568627,2338.0,"3,1,1,3,1,3,4,4,4,3,1,1,1,1,1,1,3,2,1,3,3,3,3,1,4,4,3,2,1,2,4,2,3,2,1,3,1,4,4,1,2,2,1,3,1,2,4,4,1,2,4,1,2,1,4,2,3,4,3,4,3,3,1,1,2,1,1,2,1,4,3,3,1,1,2,1,4,3,2,2,2,1,1,1,2,2,3,3,1,1,3,4,3,1,1,1,1,3,1,1,3,4,3,1,1,2,1,4,1,3,1,1,2,1,1,3,4,2,4,4,1,2,3,4,1,3,4,1,4,2,2,1,3,1,4,3,2,3,2,3,3,3,4,4,1,1,2,4,2,1,2,1,4,3,4,2,2,4,4,1,2,2,4,3,2,3,4,4,1,2,3,1,2,1,4,2,1,1,3,1,2,2,3,2,4,2,2,1,1,2,3,1,3,2,2,4,1,2,4,1,2,2,1,1,1,2,2,4,3,1,2,2,1,3,1,3,2,3,4,2,4,1,1,1,3,2,1,1,2,1,4,2,2,2,4,2,4,2,3,1,3,1,4,3,2,1,1,3,4,3,4,4,1,3,3,4,3,2,2,3,3,4,2,2,1,4,1,2,4,3,4,3,3,4,3,1,2,3,1,3,2,1,2,2,1,1,3,4,2,4,2,4,1,1,2,3,3,3,3,4,1,4,4,4,2,1,2,3,1,2,2,4,2,2,3,3,2,2,2,4,4,4,3,1,4,4,2,4,1,3,4,3,4,3,3,4,4,3,1,1,1,1,4,2,3,1,1,2,2,4,3,3,2,2,2,4,3,2,1,3,3,1,1,3,3,2,4,4,2,1,1,1,1,2,3,2,1,2,4,4,1,2,4,3,1,2,1,4,3,4,1,3,2,4,3,1,2,1,1,2,3,3,2,2,1,1,4,2,4,2,4,1,1,3,4,2,4,1,3,4,1,2,3,1,2,4,2,2,2,3,1,1,2,4,4,1,4,2,1,1,4,1,3,2,3,1,4,3,3,3,4,4,1,4,3,1,4,2,4,4,1,1,1,2,2,4,4,1,1,2,2,1,4,2,1,1,1,2,4,2,4,2,1,1,3,1,4,1,3,1,1,2,4,3,2,3,1,3,2,1,2,4,4,4,3,4,3,3,2,1,1,2,4,2,2,1,3,2,2,3,1,4,2,4,4,2,4,2,3,3,3,3,1,3,2,2,2,4,2,1,1,1,1,1,1,3,1,4,1,2,2,4,1,3,3,3,3,1,4,3,1,1,1,1,1,2,1,1,1,2,2,4,4,1,3,1,4,3,3,4,1,4,3,2,1,4,4,4,2,2,1,1,1,4,2,1,2,3,1,2,1,2,2,4,3,1,2,1,2,3,2,2,1,3,2,1,2,1,3,4,3,1,3,1,1,3,4,3,1,4,1,4,3,3,1,4,1,4,1,3,2,1,2,3,2,4,2,1,2,4,3,4,1,4,2,2,4,2,2,1,1,1,3,3,1,4,4,4,1,3,2,4,1,1,2,3,3,1,2,3,2,2,1,2,2,2,4,2,2,1,3,3,2,1,1,2,2,3,3,3,2,3,1,4,4,4,1,4,2,2,4,4,3,1,3,1,3,2,1,4,1,1,3,4,3,4,3,1,3,3,1,1,1,4,1,3,3,1,1,3,1,1,4,1,4,2,4,1,1,3,1,1,1,4,4,2,4,3,4,1,4,1,3,2,2,2,2,1,1,4,1,2,1,3,3,3,2,4,1,4,1,2,3,2,3,4,4,2,2,1,4,3,4,1,2,3,1,2,3,1,2,4,2,2,1,1,1,2,2,4,1,4,3,4,1,3,2,2,3,1,4,2,3,4,4,2,1,1,3,3,1,3,1,2,4,3,2,1,3,2,3,2,1,4,2,1,3,4,4,3,4,3,3,1,3,1,2,2,3,1,2,1,2,3,2,3,3,2,3,1,1,1,4,2,2,4,2,1,4,4,1,2,3,3,2,3,4,3,2,2,2,4,2,3,2,2,2,4,4,4,4,1,1,3,2,4,4,2,2,1,2,1,2,2,4,4,1,2,4,1,4,3,1,3,2,1,3,2,1,2,3,1,2,2,4,3,1,1,2,3,2,2,1,2,1,1,4,1,4,2,1,1,4,4,1,3,3,4,1,2,2,3,3,2,4,1,3,1,4,4,3,4,2,4,3,4,4,3,3,1,2,3,4,1,4,2,4,1,2,4,1,4,2,4,4,1,4,3,2,1,3,3,2,1,3,4,3,2,3,1,3,3,2,3,3,1,2,2,2,2,4,4,4,2,2,4,2,3,1,2,3,3,4,1,2,2,1,3,2,2,1,3,3,3,2,3,1,4,4,1,1,1,3,1,2,4,2,2,3,3,4,3,3,4,1,4,4,1,1,4,1,1,4,1,2,3,3,4,3,2,1,4,3,2,1,1,2,3,4,1,4,1,1,1,3,3,2,4,4,2,3,4,2,1,4,3,4,1,3,3,2,3,2,3,1,1,1,1,1,4,1,3,2,4,3,1,1,3,4,2,2,2,2,1,4,1,4,2,3,3,1,3,1,1,4,2,2,2,2,4,2,2,3,2,2,1,1,2,1,3,3,3,4,3,2,3,3,3,3,1,3,3,1,1,4,2,4,1,1,1,4,3,2,2,3,2,3,4,1,3,3,1,1,2,3,1,2,4,3,4,1,1,3,4,1,3,3,3,1,1,3,2,3,3,3,2,4,1,1,4,3,3,1,3,4,1,2,3,4,1,1,2,3,2,4,1,1,2,2,2,3,1,3,4,3,2,4,4,3,3,2,2,4,2,1,1,4,3,3,1,3,2,1,4,3,4,4,3,3,1,1,4,4,1,4,2,3,3,2,1,1,4,4,1,4,2,3,2,3,3,4,4,3,4,2,1,4,4,4,1,2,3,2,4,1,2,4,4,3,1,3,2,3,2,4,1,1,4,1,3,2,2,2,3,2,1,2,3,1,4,1,3,1,2,3,4,2,3,3,4,4,3,4,4,2,3,1,2,3,3,2,4,1,1,3,3,1,3,1,4,1,1,1,3,4,2,2,1,3,2,2,1,1,3,2,1,4,4,4,1,3,4,4,4,1,1,1,4,1,1,3,1,2,1,1,2,2,1,3,4,2,3,1,1,2,2,3,1,2,2,4,2,3,1,2,4,2,1,1,1,4,1,1,2,2,3,2,1,1,3,1,3,3,1,2,2,2,3,2,3,4,3,1,1,2,1,2,4,3,1,2,4,1,3,4,3,4,4,3,2,3,3,1,3,3,1,2,3,1,2,2,3,2,3,2,2,2,3,2,4,1,1,4,2,1,4,2,3,3,1,1,4,1,2,4,2,1,3,2,4,3,1,2,1,2,3,4,1,3,3,4,4,3,2,3,3,2,1,3,2,1,2,2,2,1,1,3,3,3,3,3,1,4,2,3,2,2,3,2,2,4,2,2,4,2,2,2,2,2,2,1,4,1,1,4,4,2,3,3,1,2,3,4,4,3,2,2,1,4,2,4,1,2,2,3,4,2,1,4,2,4,1,3,3,1,4,1,3,4,4,2,2,2,2,2,1,1,4,4,2,3,3,4,4,4,2,4,2,1,4,3,2,1,1,2,2,1,1,1,2,4,1,1,3,4,2,1,2,4,4,4,3,1,4,2,3,4,4,2,3,2,1,4,2,3,1,4,4,3,2,2,4,1,2,3,4,1,3,1,1,4,1,2,2,1,4,4,1,2,2,4,4,3,3,1,1,4,4,3,1"
18,0.9875909492720556,0.4509803921568627,2338.0,"3,1,1,3,1,3,4,4,4,3,1,1,1,1,1,1,3,2,1,3,3,3,3,1,4,4,3,2,1,2,4,2,3,2,1,3,1,4,4,1,2,2,1,3,1,2,4,4,1,2,4,1,2,1,4,2,3,4,3,4,3,3,1,1,2,1,1,2,1,4,3,3,1,1,2,1,4,3,2,2,2,1,1,1,2,2,3,3,1,1,3,4,3,1,1,1,1,3,1,1,3,4,3,1,1,2,1,4,1,3,1,1,2,1,1,3,4,2,4,4,1,2,3,4,1,3,4,1,4,2,2,1,3,1,4,3,2,3,2,3,3,3,4,4,1,1,2,4,2,1,2,1,4,3,4,2,2,4,4,1,2,2,4,3,2,3,4,4,1,2,3,1,2,1,4,2,1,1,3,1,2,2,3,2,4,2,2,1,1,2,3,1,3,2,2,4,1,2,4,1,2,2,1,1,1,2,2,4,3,1,2,2,1,3,1,3,2,3,4,2,4,1,1,1,3,2,1,1,2,1,4,2,2,2,4,2,4,2,3,1,3,1,4,3,2,1,1,3,4,3,4,4,1,3,3,4,3,2,2,3,3,4,2,2,1,4,1,2,4,3,4,3,3,4,3,1,2,3,1,3,2,1,2,2,1,1,3,4,2,4,2,4,1,1,2,3,3,3,3,4,1,4,4,4,2,1,2,3,1,2,2,4,2,2,3,3,2,2,2,4,4,4,3,1,4,4,2,4,1,3,4,3,4,3,3,4,4,3,1,1,1,1,4,2,3,1,1,2,2,4,3,3,2,2,2,4,3,2,1,3,3,1,1,3,3,2,4,4,2,1,1,1,1,2,3,2,1,2,4,4,1,2,4,3,1,2,1,4,3,4,1,3,2,4,3,1,2,1,1,2,3,3,2,2,1,1,4,2,4,2,4,1,1,3,4,2,4,1,3,4,1,2,3,1,2,4,2,2,2,3,1,1,2,4,4,1,4,2,1,1,4,1,3,2,3,1,4,3,3,3,4,4,1,4,3,1,4,2,4,4,1,1,1,2,2,4,4,1,1,2,2,1,4,2,1,1,1,2,4,2,4,2,1,1,3,1,4,1,3,1,1,2,4,3,2,3,1,3,2,1,2,4,4,4,3,4,3,3,2,1,1,2,4,2,2,1,3,2,2,3,1,4,2,4,4,2,4,2,3,3,3,3,1,3,2,2,2,4,2,1,1,1,1,1,1,3,1,4,1,2,2,4,1,3,3,3,3,1,4,3,1,1,1,1,1,2,1,1,1,2,2,4,4,1,3,1,4,3,3,4,1,4,3,2,1,4,4,4,2,2,1,1,1,4,2,1,2,3,1,2,1,2,2,4,3,1,2,1,2,3,2,2,1,3,2,1,2,1,3,4,3,1,3,1,1,3,4,3,1,4,1,4,3,3,1,4,1,4,1,3,2,1,2,3,2,4,2,1,2,4,3,4,1,4,2,2,4,2,2,1,1,1,3,3,1,4,4,4,1,3,2,4,1,1,2,3,3,1,2,3,2,2,1,2,2,2,4,2,2,1,3,3,2,1,1,2,2,3,3,3,2,3,1,4,4,4,1,4,2,2,4,4,3,1,3,1,3,2,1,4,1,1,3,4,3,4,3,1,3,3,1,1,1,4,1,3,3,1,1,3,1,1,4,1,4,2,4,1,1,3,1,1,1,4,4,2,4,3,4,1,4,1,3,2,2,2,2,1,1,4,1,2,1,3,3,3,2,4,1,4,1,2,3,2,3,4,4,2,2,1,4,3,4,1,2,3,1,2,3,1,2,4,2,2,1,1,1,2,2,4,1,4,3,4,1,3,2,2,3,1,4,2,3,4,4,2,1,1,3,3,1,3,1,2,4,3,2,1,3,2,3,2,1,4,2,1,3,4,4,3,4,3,3,1,3,1,2,2,3,1,2,1,2,3,2,3,3,2,3,1,1,1,4,2,2,4,2,1,4,4,1,2,3,3,2,3,4,3,2,2,2,4,2,3,2,2,2,4,4,4,4,1,1,3,2,4,4,2,2,1,2,1,2,2,4,4,1,2,4,1,4,3,1,3,2,1,3,2,1,2,3,1,2,2,4,3,1,1,2,3,2,2,1,2,1,1,4,1,4,2,1,1,4,4,1,3,3,4,1,2,2,3,3,2,4,1,3,1,4,4,3,4,2,4,3,4,4,3,3,1,2,3,4,1,4,2,4,1,2,4,1,4,2,4,4,1,4,3,2,1,3,3,2,1,3,4,3,2,3,1,3,3,2,3,3,1,2,2,2,2,4,4,4,2,2,4,2,3,1,2,3,3,4,1,2,2,1,3,2,2,1,3,3,3,2,3,1,4,4,1,1,1,3,1,2,4,2,2,3,3,4,3,3,4,1,4,4,1,1,4,1,1,4,1,2,3,3,4,3,2,1,4,3,2,1,1,2,3,4,1,4,1,1,1,3,3,2,4,4,2,3,4,2,1,4,3,4,1,3,3,2,3,2,3,1,1,1,1,1,4,1,3,2,4,3,1,1,3,4,2,2,2,2,1,4,1,4,2,3,3,1,3,1,1,4,2,2,2,2,4,2,2,3,2,2,1,1,2,1,3,3,3,4,3,2,3,3,3,3,1,3,3,1,1,4,2,4,1,1,1,4,3,2,2,3,2,3,4,1,3,3,1,1,2,3,1,2,4,3,4,1,1,3,4,1,3,3,3,1,1,3,2,3,3,3,2,4,1,1,4,3,3,1,3,4,1,2,3,4,1,1,2,3,2,4,1,1,2,2,2,3,1,3,4,3,2,4,4,3,3,2,2,4,2,1,1,4,3,3,1,3,2,1,4,3,4,4,3,3,1,1,4,4,1,4,2,3,3,2,1,1,4,4,1,4,2,3,2,3,3,4,4,3,4,2,1,4,4,4,1,2,3,2,4,1,2,4,4,3,1,3,2,3,2,4,1,1,4,1,3,2,2,2,3,2,1,2,3,1,4,1,3,1,2,3,4,2,3,3,4,4,3,4,4,2,3,1,2,3,3,2,4,1,1,3,3,1,3,1,4,1,1,1,3,4,2,2,1,3,2,2,1,1,3,2,1,4,4,4,1,3,4,4,4,1,1,1,4,1,1,3,1,2,1,1,2,2,1,3,4,2,3,1,1,2,2,3,1,2,2,4,2,3,1,2,4,2,1,1,1,4,1,1,2,2,3,2,1,1,3,1,3,3,1,2,2,2,3,2,3,4,3,1,1,2,1,2,4,3,1,2,4,1,3,4,3,4,4,3,2,3,3,1,3,3,1,2,3,1,2,2,3,2,3,2,2,2,3,2,4,1,1,4,2,1,4,2,3,3,1,1,4,1,2,4,2,1,3,2,4,3,1,2,1,2,3,4,1,3,3,4,4,3,2,3,3,2,1,3,2,1,2,2,2,1,1,3,3,3,3,3,1,4,2,3,2,2,3,2,2,4,2,2,4,2,2,2,2,2,2,1,4,1,1,4,4,2,3,3,1,2,3,4,4,3,2,2,1,4,2,4,1,2,2,3,4,2,1,4,2,4,1,3,3,1,4,1,3,4,4,2,2,2,2,2,1,1,4,4,2,3,3,4,4,4,2,4,2,1,4,3,2,1,1,2,2,1,1,1,2,4,1,1,3,4,2,1,2,4,4,4,3,1,4,2,3,4,4,2,3,2,1,4,2,3,1,4,4,3,2,2,4,1,2,3,4,1,3,1,1,4,1,2,2,1,4,4,1,2,2,4,4,3,3,1,1,4,4,3,1"
19,0.9875909492720556,0.4509803921568627,2338.0,"3,1,1,3,1,3,4,4,4,3,1,1,1,1,1,1,3,2,1,3,3,3,3,1,4,4,3,2,1,2,4,2,3,2,1,3,1,4,4,1,2,2,1,3,1,2,4,4,1,2,4,1,2,1,4,2,3,4,3,4,3,3,1,1,2,1,1,2,1,4,3,3,1,1,2,1,4,3,2,2,2,1,1,1,2,2,3,3,1,1,3,4,3,1,1,1,1,3,1,1,3,4,3,1,1,2,1,4,1,3,1,1,2,1,1,3,4,2,4,4,1,2,3,4,1,3,4,1,4,2,2,1,3,1,4,3,2,3,2,3,3,3,4,4,1,1,2,4,2,1,2,1,4,3,4,2,2,4,4,1,2,2,4,3,2,3,4,4,1,2,3,1,2,1,4,2,1,1,3,1,2,2,3,2,4,2,2,1,1,2,3,1,3,2,2,4,1,2,4,1,2,2,1,1,1,2,2,4,3,1,2,2,1,3,1,3,2,3,4,2,4,1,1,1,3,2,1,1,2,1,4,2,2,2,4,2,4,2,3,1,3,1,4,3,2,1,1,3,4,3,4,4,1,3,3,4,3,2,2,3,3,4,2,2,1,4,1,2,4,3,4,3,3,4,3,1,2,3,1,3,2,1,2,2,1,1,3,4,2,4,2,4,1,1,2,3,3,3,3,4,1,4,4,4,2,1,2,3,1,2,2,4,2,2,3,3,2,2,2,4,4,4,3,1,4,4,2,4,1,3,4,3,4,3,3,4,4,3,1,1,1,1,4,2,3,1,1,2,2,4,3,3,2,2,2,4,3,2,1,3,3,1,1,3,3,2,4,4,2,1,1,1,1,2,3,2,1,2,4,4,1,2,4,3,1,2,1,4,3,4,1,3,2,4,3,1,2,1,1,2,3,3,2,2,1,1,4,2,4,2,4,1,1,3,4,2,4,1,3,4,1,2,3,1,2,4,2,2,2,3,1,1,2,4,4,1,4,2,1,1,4,1,3,2,3,1,4,3,3,3,4,4,1,4,3,1,4,2,4,4,1,1,1,2,2,4,4,1,1,2,2,1,4,2,1,1,1,2,4,2,4,2,1,1,3,1,4,1,3,1,1,2,4,3,2,3,1,3,2,1,2,4,4,4,3,4,3,3,2,1,1,2,4,2,2,1,3,2,2,3,1,4,2,4,4,2,4,2,3,3,3,3,1,3,2,2,2,4,2,1,1,1,1,1,1,3,1,4,1,2,2,4,1,3,3,3,3,1,4,3,1,1,1,1,1,2,1,1,1,2,2,4,4,1,3,1,4,3,3,4,1,4,3,2,1,4,4,4,2,2,1,1,1,4,2,1,2,3,1,2,1,2,2,4,3,1,2,1,2,3,2,2,1,3,2,1,2,1,3,4,3,1,3,1,1,3,4,3,1,4,1,4,3,3,1,4,1,4,1,3,2,1,2,3,2,4,2,1,2,4,3,4,1,4,2,2,4,2,2,1,1,1,3,3,1,4,4,4,1,3,2,4,1,1,2,3,3,1,2,3,2,2,1,2,2,2,4,2,2,1,3,3,2,1,1,2,2,3,3,3,2,3,1,4,4,4,1,4,2,2,4,4,3,1,3,1,3,2,1,4,1,1,3,4,3,4,3,1,3,3,1,1,1,4,1,3,3,1,1,3,1,1,4,1,4,2,4,1,1,3,1,1,1,4,4,2,4,3,4,1,4,1,3,2,2,2,2,1,1,4,1,2,1,3,3,3,2,4,1,4,1,2,3,2,3,4,4,2,2,1,4,3,4,1,2,3,1,2,3,1,2,4,2,2,1,1,1,2,2,4,1,4,3,4,1,3,2,2,3,1,4,2,3,4,4,2,1,1,3,3,1,3,1,2,4,3,2,1,3,2,3,2,1,4,2,1,3,4,4,3,4,3,3,1,3,1,2,2,3,1,2,1,2,3,2,3,3,2,3,1,1,1,4,2,2,4,2,1,4,4,1,2,3,3,2,3,4,3,2,2,2,4,2,3,2,2,2,4,4,4,4,1,1,3,2,4,4,2,2,1,2,1,2,2,4,4,1,2,4,1,4,3,1,3,2,1,3,2,1,2,3,1,2,2,4,3,1,1,2,3,2,2,1,2,1,1,4,1,4,2,1,1,4,4,1,3,3,4,1,2,2,3,3,2,4,1,3,1,4,4,3,4,2,4,3,4,4,3,3,1,2,3,4,1,4,2,4,1,2,4,1,4,2,4,4,1,4,3,2,1,3,3,2,1,3,4,3,2,3,1,3,3,2,3,3,1,2,2,2,2,4,4,4,2,2,4,2,3,1,2,3,3,4,1,2,2,1,3,2,2,1,3,3,3,2,3,1,4,4,1,1,1,3,1,2,4,2,2,3,3,4,3,3,4,1,4,4,1,1,4,1,1,4,1,2,3,3,4,3,2,1,4,3,2,1,1,2,3,4,1,4,1,1,1,3,3,2,4,4,2,3,4,2,1,4,3,4,1,3,3,2,3,2,3,1,1,1,1,1,4,1,3,2,4,3,1,1,3,4,2,2,2,2,1,4,1,4,2,3,3,1,3,1,1,4,2,2,2,2,4,2,2,3,2,2,1,1,2,1,3,3,3,4,3,2,3,3,3,3,1,3,3,1,1,4,2,4,1,1,1,4,3,2,2,3,2,3,4,1,3,3,1,1,2,3,1,2,4,3,4,1,1,3,4,1,3,3,3,1,1,3,2,3,3,3,2,4,1,1,4,3,3,1,3,4,1,2,3,4,1,1,2,3,2,4,1,1,2,2,2,3,1,3,4,3,2,4,4,3,3,2,2,4,2,1,1,4,3,3,1,3,2,1,4,3,4,4,3,3,1,1,4,4,1,4,2,3,3,2,1,1,4,4,1,4,2,3,2,3,3,4,4,3,4,2,1,4,4,4,1,2,3,2,4,1,2,4,4,3,1,3,2,3,2,4,1,1,4,1,3,2,2,2,3,2,1,2,3,1,4,1,3,1,2,3,4,2,3,3,4,4,3,4,4,2,3,1,2,3,3,2,4,1,1,3,3,1,3,1,4,1,1,1,3,4,2,2,1,3,2,2,1,1,3,2,1,4,4,4,1,3,4,4,4,1,1,1,4,1,1,3,1,2,1,1,2,2,1,3,4,2,3,1,1,2,2,3,1,2,2,4,2,3,1,2,4,2,1,1,1,4,1,1,2,2,3,2,1,1,3,1,3,3,1,2,2,2,3,2,3,4,3,1,1,2,1,2,4,3,1,2,4,1,3,4,3,4,4,3,2,3,3,1,3,3,1,2,3,1,2,2,3,2,3,2,2,2,3,2,4,1,1,4,2,1,4,2,3,3,1,1,4,1,2,4,2,1,3,2,4,3,1,2,1,2,3,4,1,3,3,4,4,3,2,3,3,2,1,3,2,1,2,2,2,1,1,3,3,3,3,3,1,4,2,3,2,2,3,2,2,4,2,2,4,2,2,2,2,2,2,1,4,1,1,4,4,2,3,3,1,2,3,4,4,3,2,2,1,4,2,4,1,2,2,3,4,2,1,4,2,4,1,3,3,1,4,1,3,4,4,2,2,2,2,2,1,1,4,4,2,3,3,4,4,4,2,4,2,1,4,3,2,1,1,2,2,1,1,1,2,4,1,1,3,4,2,1,2,4,4,4,3,1,4,2,3,4,4,2,3,2,1,4,2,3,1,4,4,3,2,2,4,1,2,3,4,1,3,1,1,4,1,2,2,1,4,4,1,2,2,4,4,3,3,1,1,4,4,3,1"
20,0.9875909492720556,0.4509803921568627,2338.0,"3,1,1,3,1,3,4,4,4,3,1,1,1,1,1,1,3,2,1,3,3,3,3,1,4,4,3,2,1,2,4,2,3,2,1,3,1,4,4,1,2,2,1,3,1,2,4,4,1,2,4,1,2,1,4,2,3,4,3,4,3,3,1,1,2,1,1,2,1,4,3,3,1,1,2,1,4,3,2,2,2,1,1,1,2,2,3,3,1,1,3,4,3,1,1,1,1,3,1,1,3,4,3,1,1,2,1,4,1,3,1,1,2,1,1,3,4,2,4,4,1,2,3,4,1,3,4,1,4,2,2,1,3,1,4,3,2,3,2,3,3,3,4,4,1,1,2,4,2,1,2,1,4,3,4,2,2,4,4,1,2,2,4,3,2,3,4,4,1,2,3,1,2,1,4,2,1,1,3,1,2,2,3,2,4,2,2,1,1,2,3,1,3,2,2,4,1,2,4,1,2,2,1,1,1,2,2,4,3,1,2,2,1,3,1,3,2,3,4,2,4,1,1,1,3,2,1,1,2,1,4,2,2,2,4,2,4,2,3,1,3,1,4,3,2,1,1,3,4,3,4,4,1,3,3,4,3,2,2,3,3,4,2,2,1,4,1,2,4,3,4,3,3,4,3,1,2,3,1,3,2,1,2,2,1,1,3,4,2,4,2,4,1,1,2,3,3,3,3,4,1,4,4,4,2,1,2,3,1,2,2,4,2,2,3,3,2,2,2,4,4,4,3,1,4,4,2,4,1,3,4,3,4,3,3,4,4,3,1,1,1,1,4,2,3,1,1,2,2,4,3,3,2,2,2,4,3,2,1,3,3,1,1,3,3,2,4,4,2,1,1,1,1,2,3,2,1,2,4,4,1,2,4,3,1,2,1,4,3,4,1,3,2,4,3,1,2,1,1,2,3,3,2,2,1,1,4,2,4,2,4,1,1,3,4,2,4,1,3,4,1,2,3,1,2,4,2,2,2,3,1,1,2,4,4,1,4,2,1,1,4,1,3,2,3,1,4,3,3,3,4,4,1,4,3,1,4,2,4,4,1,1,1,2,2,4,4,1,1,2,2,1,4,2,1,1,1,2,4,2,4,2,1,1,3,1,4,1,3,1,1,2,4,3,2,3,1,3,2,1,2,4,4,4,3,4,3,3,2,1,1,2,4,2,2,1,3,2,2,3,1,4,2,4,4,2,4,2,3,3,3,3,1,3,2,2,2,4,2,1,1,1,1,1,1,3,1,4,1,2,2,4,1,3,3,3,3,1,4,3,1,1,1,1,1,2,1,1,1,2,2,4,4,1,3,1,4,3,3,4,1,4,3,2,1,4,4,4,2,2,1,1,1,4,2,1,2,3,1,2,1,2,2,4,3,1,2,1,2,3,2,2,1,3,2,1,2,1,3,4,3,1,3,1,1,3,4,3,1,4,1,4,3,3,1,4,1,4,1,3,2,1,2,3,2,4,2,1,2,4,3,4,1,4,2,2,4,2,2,1,1,1,3,3,1,4,4,4,1,3,2,4,1,1,2,3,3,1,2,3,2,2,1,2,2,2,4,2,2,1,3,3,2,1,1,2,2,3,3,3,2,3,1,4,4,4,1,4,2,2,4,4,3,1,3,1,3,2,1,4,1,1,3,4,3,4,3,1,3,3,1,1,1,4,1,3,3,1,1,3,1,1,4,1,4,2,4,1,1,3,1,1,1,4,4,2,4,3,4,1,4,1,3,2,2,2,2,1,1,4,1,2,1,3,3,3,2,4,1,4,1,2,3,2,3,4,4,2,2,1,4,3,4,1,2,3,1,2,3,1,2,4,2,2,1,1,1,2,2,4,1,4,3,4,1,3,2,2,3,1,4,2,3,4,4,2,1,1,3,3,1,3,1,2,4,3,2,1,3,2,3,2,1,4,2,1,3,4,4,3,4,3,3,1,3,1,2,2,3,1,2,1,2,3,2,3,3,2,3,1,1,1,4,2,2,4,2,1,4,4,1,2,3,3,2,3,4,3,2,2,2,4,2,3,2,2,2,4,4,4,4,1,1,3,2,4,4,2,2,1,2,1,2,2,4,4,1,2,4,1,4,3,1,3,2,1,3,2,1,2,3,1,2,2,4,3,1,1,2,3,2,2,1,2,1,1,4,1,4,2,1,1,4,4,1,3,3,4,1,2,2,3,3,2,4,1,3,1,4,4,3,4,2,4,3,4,4,3,3,1,2,3,4,1,4,2,4,1,2,4,1,4,2,4,4,1,4,3,2,1,3,3,2,1,3,4,3,2,3,1,3,3,2,3,3,1,2,2,2,2,4,4,4,2,2,4,2,3,1,2,3,3,4,1,2,2,1,3,2,2,1,3,3,3,2,3,1,4,4,1,1,1,3,1,2,4,2,2,3,3,4,3,3,4,1,4,4,1,1,4,1,1,4,1,2,3,3,4,3,2,1,4,3,2,1,1,2,3,4,1,4,1,1,1,3,3,2,4,4,2,3,4,2,1,4,3,4,1,3,3,2,3,2,3,1,1,1,1,1,4,1,3,2,4,3,1,1,3,4,2,2,2,2,1,4,1,4,2,3,3,1,3,1,1,4,2,2,2,2,4,2,2,3,2,2,1,1,2,1,3,3,3,4,3,2,3,3,3,3,1,3,3,1,1,4,2,4,1,1,1,4,3,2,2,3,2,3,4,1,3,3,1,1,2,3,1,2,4,3,4,1,1,3,4,1,3,3,3,1,1,3,2,3,3,3,2,4,1,1,4,3,3,1,3,4,1,2,3,4,1,1,2,3,2,4,1,1,2,2,2,3,1,3,4,3,2,4,4,3,3,2,2,4,2,1,1,4,3,3,1,3,2,1,4,3,4,4,3,3,1,1,4,4,1,4,2,3,3,2,1,1,4,4,1,4,2,3,2,3,3,4,4,3,4,2,1,4,4,4,1,2,3,2,4,1,2,4,4,3,1,3,2,3,2,4,1,1,4,1,3,2,2,2,3,2,1,2,3,1,4,1,3,1,2,3,4,2,3,3,4,4,3,4,4,2,3,1,2,3,3,2,4,1,1,3,3,1,3,1,4,1,1,1,3,4,2,2,1,3,2,2,1,1,3,2,1,4,4,4,1,3,4,4,4,1,1,1,4,1,1,3,1,2,1,1,2,2,1,3,4,2,3,1,1,2,2,3,1,2,2,4,2,3,1,2,4,2,1,1,1,4,1,1,2,2,3,2,1,1,3,1,3,3,1,2,2,2,3,2,3,4,3,1,1,2,1,2,4,3,1,2,4,1,3,4,3,4,4,3,2,3,3,1,3,3,1,2,3,1,2,2,3,2,3,2,2,2,3,2,4,1,1,4,2,1,4,2,3,3,1,1,4,1,2,4,2,1,3,2,4,3,1,2,1,2,3,4,1,3,3,4,4,3,2,3,3,2,1,3,2,1,2,2,2,1,1,3,3,3,3,3,1,4,2,3,2,2,3,2,2,4,2,2,4,2,2,2,2,2,2,1,4,1,1,4,4,2,3,3,1,2,3,4,4,3,2,2,1,4,2,4,1,2,2,3,4,2,1,4,2,4,1,3,3,1,4,1,3,4,4,2,2,2,2,2,1,1,4,4,2,3,3,4,4,4,2,4,2,1,4,3,2,1,1,2,2,1,1,1,2,4,1,1,3,4,2,1,2,4,4,4,3,1,4,2,3,4,4,2,3,2,1,4,2,3,1,4,4,3,2,2,4,1,2,3,4,1,3,1,1,4,1,2,2,1,4,4,1,2,2,4,4,3,3,1,1,4,4,3,1"
21,0.9875909492720556,0.4509803921568627,2338.0,"3,1,1,3,1,3,4,4,4,3,1,1,1,1,1,1,3,2,1,3,3,3,3,1,4,4,3,2,1,2,4,2,3,2,1,3,1,4,4,1,2,2,1,3,1,2,4,4,1,2,4,1,2,1,4,2,3,4,3,4,3,3,1,1,2,1,1,2,1,4,3,3,1,1,2,1,4,3,2,2,2,1,1,1,2,2,3,3,1,1,3,4,3,1,1,1,1,3,1,1,3,4,3,1,1,2,1,4,1,3,1,1,2,1,1,3,4,2,4,4,1,2,3,4,1,3,4,1,4,2,2,1,3,1,4,3,2,3,2,3,3,3,4,4,1,1,2,4,2,1,2,1,4,3,4,2,2,4,4,1,2,2,4,3,2,3,4,4,1,2,3,1,2,1,4,2,1,1,3,1,2,2,3,2,4,2,2,1,1,2,3,1,3,2,2,4,1,2,4,1,2,2,1,1,1,2,2,4,3,1,2,2,1,3,1,3,2,3,4,2,4,1,1,1,3,2,1,1,2,1,4,2,2,2,4,2,4,2,3,1,3,1,4,3,2,1,1,3,4,3,4,4,1,3,3,4,3,2,2,3,3,4,2,2,1,4,1,2,4,3,4,3,3,4,3,1,2,3,1,3,2,1,2,2,1,1,3,4,2,4,2,4,1,1,2,3,3,3,3,4,1,4,4,4,2,1,2,3,1,2,2,4,2,2,3,3,2,2,2,4,4,4,3,1,4,4,2,4,1,3,4,3,4,3,3,4,4,3,1,1,1,1,4,2,3,1,1,2,2,4,3,3,2,2,2,4,3,2,1,3,3,1,1,3,3,2,4,4,2,1,1,1,1,2,3,2,1,2,4,4,1,2,4,3,1,2,1,4,3,4,1,3,2,4,3,1,2,1,1,2,3,3,2,2,1,1,4,2,4,2,4,1,1,3,4,2,4,1,3,4,1,2,3,1,2,4,2,2,2,3,1,1,2,4,4,1,4,2,1,1,4,1,3,2,3,1,4,3,3,3,4,4,1,4,3,1,4,2,4,4,1,1,1,2,2,4,4,1,1,2,2,1,4,2,1,1,1,2,4,2,4,2,1,1,3,1,4,1,3,1,1,2,4,3,2,3,1,3,2,1,2,4,4,4,3,4,3,3,2,1,1,2,4,2,2,1,3,2,2,3,1,4,2,4,4,2,4,2,3,3,3,3,1,3,2,2,2,4,2,1,1,1,1,1,1,3,1,4,1,2,2,4,1,3,3,3,3,1,4,3,1,1,1,1,1,2,1,1,1,2,2,4,4,1,3,1,4,3,3,4,1,4,3,2,1,4,4,4,2,2,1,1,1,4,2,1,2,3,1,2,1,2,2,4,3,1,2,1,2,3,2,2,1,3,2,1,2,1,3,4,3,1,3,1,1,3,4,3,1,4,1,4,3,3,1,4,1,4,1,3,2,1,2,3,2,4,2,1,2,4,3,4,1,4,2,2,4,2,2,1,1,1,3,3,1,4,4,4,1,3,2,4,1,1,2,3,3,1,2,3,2,2,1,2,2,2,4,2,2,1,3,3,2,1,1,2,2,3,3,3,2,3,1,4,4,4,1,4,2,2,4,4,3,1,3,1,3,2,1,4,1,1,3,4,3,4,3,1,3,3,1,1,1,4,1,3,3,1,1,3,1,1,4,1,4,2,4,1,1,3,1,1,1,4,4,2,4,3,4,1,4,1,3,2,2,2,2,1,1,4,1,2,1,3,3,3,2,4,1,4,1,2,3,2,3,4,4,2,2,1,4,3,4,1,2,3,1,2,3,1,2,4,2,2,1,1,1,2,2,4,1,4,3,4,1,3,2,2,3,1,4,2,3,4,4,2,1,1,3,3,1,3,1,2,4,3,2,1,3,2,3,2,1,4,2,1,3,4,4,3,4,3,3,1,3,1,2,2,3,1,2,1,2,3,2,3,3,2,3,1,1,1,4,2,2,4,2,1,4,4,1,2,3,3,2,3,4,3,2,2,2,4,2,3,2,2,2,4,4,4,4,1,1,3,2,4,4,2,2,1,2,1,2,2,4,4,1,2,4,1,4,3,1,3,2,1,3,2,1,2,3,1,2,2,4,3,1,1,2,3,2,2,1,2,1,1,4,1,4,2,1,1,4,4,1,3,3,4,1,2,2,3,3,2,4,1,3,1,4,4,3,4,2,4,3,4,4,3,3,1,2,3,4,1,4,2,4,1,2,4,1,4,2,4,4,1,4,3,2,1,3,3,2,1,3,4,3,2,3,1,3,3,2,3,3,1,2,2,2,2,4,4,4,2,2,4,2,3,1,2,3,3,4,1,2,2,1,3,2,2,1,3,3,3,2,3,1,4,4,1,1,1,3,1,2,4,2,2,3,3,4,3,3,4,1,4,4,1,1,4,1,1,4,1,2,3,3,4,3,2,1,4,3,2,1,1,2,3,4,1,4,1,1,1,3,3,2,4,4,2,3,4,2,1,4,3,4,1,3,3,2,3,2,3,1,1,1,1,1,4,1,3,2,4,3,1,1,3,4,2,2,2,2,1,4,1,4,2,3,3,1,3,1,1,4,2,2,2,2,4,2,2,3,2,2,1,1,2,1,3,3,3,4,3,2,3,3,3,3,1,3,3,1,1,4,2,4,1,1,1,4,3,2,2,3,2,3,4,1,3,3,1,1,2,3,1,2,4,3,4,1,1,3,4,1,3,3,3,1,1,3,2,3,3,3,2,4,1,1,4,3,3,1,3,4,1,2,3,4,1,1,2,3,2,4,1,1,2,2,2,3,1,3,4,3,2,4,4,3,3,2,2,4,2,1,1,4,3,3,1,3,2,1,4,3,4,4,3,3,1,1,4,4,1,4,2,3,3,2,1,1,4,4,1,4,2,3,2,3,3,4,4,3,4,2,1,4,4,4,1,2,3,2,4,1,2,4,4,3,1,3,2,3,2,4,1,1,4,1,3,2,2,2,3,2,1,2,3,1,4,1,3,1,2,3,4,2,3,3,4,4,3,4,4,2,3,1,2,3,3,2,4,1,1,3,3,1,3,1,4,1,1,1,3,4,2,2,1,3,2,2,1,1,3,2,1,4,4,4,1,3,4,4,4,1,1,1,4,1,1,3,1,2,1,1,2,2,1,3,4,2,3,1,1,2,2,3,1,2,2,4,2,3,1,2,4,2,1,1,1,4,1,1,2,2,3,2,1,1,3,1,3,3,1,2,2,2,3,2,3,4,3,1,1,2,1,2,4,3,1,2,4,1,3,4,3,4,4,3,2,3,3,1,3,3,1,2,3,1,2,2,3,2,3,2,2,2,3,2,4,1,1,4,2,1,4,2,3,3,1,1,4,1,2,4,2,1,3,2,4,3,1,2,1,2,3,4,1,3,3,4,4,3,2,3,3,2,1,3,2,1,2,2,2,1,1,3,3,3,3,3,1,4,2,3,2,2,3,2,2,4,2,2,4,2,2,2,2,2,2,1,4,1,1,4,4,2,3,3,1,2,3,4,4,3,2,2,1,4,2,4,1,2,2,3,4,2,1,4,2,4,1,3,3,1,4,1,3,4,4,2,2,2,2,2,1,1,4,4,2,3,3,4,4,4,2,4,2,1,4,3,2,1,1,2,2,1,1,1,2,4,1,1,3,4,2,1,2,4,4,4,3,1,4,2,3,4,4,2,3,2,1,4,2,3,1,4,4,3,2,2,4,1,2,3,4,1,3,1,1,4,1,2,2,1,4,4,1,2,2,4,4,3,3,1,1,4,4,3,1"
22,0.9875909492720556,0.4509803921568627,2338.0,"3,1,1,3,1,3,4,4,4,3,1,1,1,1,1,1,3,2,1,3,3,3,3,1,4,4,3,2,1,2,4,2,3,2,1,3,1,4,4,1,2,2,1,3,1,2,4,4,1,2,4,1,2,1,4,2,3,4,3,4,3,3,1,1,2,1,1,2,1,4,3,3,1,1,2,1,4,3,2,2,2,1,1,1,2,2,3,3,1,1,3,4,3,1,1,1,1,3,1,1,3,4,3,1,1,2,1,4,1,3,1,1,2,1,1,3,4,2,4,4,1,2,3,4,1,3,4,1,4,2,2,1,3,1,4,3,2,3,2,3,3,3,4,4,1,1,2,4,2,1,2,1,4,3,4,2,2,4,4,1,2,2,4,3,2,3,4,4,1,2,3,1,2,1,4,2,1,1,3,1,2,2,3,2,4,2,2,1,1,2,3,1,3,2,2,4,1,2,4,1,2,2,1,1,1,2,2,4,3,1,2,2,1,3,1,3,2,3,4,2,4,1,1,1,3,2,1,1,2,1,4,2,2,2,4,2,4,2,3,1,3,1,4,3,2,1,1,3,4,3,4,4,1,3,3,4,3,2,2,3,3,4,2,2,1,4,1,2,4,3,4,3,3,4,3,1,2,3,1,3,2,1,2,2,1,1,3,4,2,4,2,4,1,1,2,3,3,3,3,4,1,4,4,4,2,1,2,3,1,2,2,4,2,2,3,3,2,2,2,4,4,4,3,1,4,4,2,4,1,3,4,3,4,3,3,4,4,3,1,1,1,1,4,2,3,1,1,2,2,4,3,3,2,2,2,4,3,2,1,3,3,1,1,3,3,2,4,4,2,1,1,1,1,2,3,2,1,2,4,4,1,2,4,3,1,2,1,4,3,4,1,3,2,4,3,1,2,1,1,2,3,3,2,2,1,1,4,2,4,2,4,1,1,3,4,2,4,1,3,4,1,2,3,1,2,4,2,2,2,3,1,1,2,4,4,1,4,2,1,1,4,1,3,2,3,1,4,3,3,3,4,4,1,4,3,1,4,2,4,4,1,1,1,2,2,4,4,1,1,2,2,1,4,2,1,1,1,2,4,2,4,2,1,1,3,1,4,1,3,1,1,2,4,3,2,3,1,3,2,1,2,4,4,4,3,4,3,3,2,1,1,2,4,2,2,1,3,2,2,3,1,4,2,4,4,2,4,2,3,3,3,3,1,3,2,2,2,4,2,1,1,1,1,1,1,3,1,4,1,2,2,4,1,3,3,3,3,1,4,3,1,1,1,1,1,2,1,1,1,2,2,4,4,1,3,1,4,3,3,4,1,4,3,2,1,4,4,4,2,2,1,1,1,4,2,1,2,3,1,2,1,2,2,4,3,1,2,1,2,3,2,2,1,3,2,1,2,1,3,4,3,1,3,1,1,3,4,3,1,4,1,4,3,3,1,4,1,4,1,3,2,1,2,3,2,4,2,1,2,4,3,4,1,4,2,2,4,2,2,1,1,1,3,3,1,4,4,4,1,3,2,4,1,1,2,3,3,1,2,3,2,2,1,2,2,2,4,2,2,1,3,3,2,1,1,2,2,3,3,3,2,3,1,4,4,4,1,4,2,2,4,4,3,1,3,1,3,2,1,4,1,1,3,4,3,4,3,1,3,3,1,1,1,4,1,3,3,1,1,3,1,1,4,1,4,2,4,1,1,3,1,1,1,4,4,2,4,3,4,1,4,1,3,2,2,2,2,1,1,4,1,2,1,3,3,3,2,4,1,4,1,2,3,2,3,4,4,2,2,1,4,3,4,1,2,3,1,2,3,1,2,4,2,2,1,1,1,2,2,4,1,4,3,4,1,3,2,2,3,1,4,2,3,4,4,2,1,1,3,3,1,3,1,2,4,3,2,1,3,2,3,2,1,4,2,1,3,4,4,3,4,3,3,1,3,1,2,2,3,1,2,1,2,3,2,3,3,2,3,1,1,1,4,2,2,4,2,1,4,4,1,2,3,3,2,3,4,3,2,2,2,4,2,3,2,2,2,4,4,4,4,1,1,3,2,4,4,2,2,1,2,1,2,2,4,4,1,2,4,1,4,3,1,3,2,1,3,2,1,2,3,1,2,2,4,3,1,1,2,3,2,2,1,2,1,1,4,1,4,2,1,1,4,4,1,3,3,4,1,2,2,3,3,2,4,1,3,1,4,4,3,4,2,4,3,4,4,3,3,1,2,3,4,1,4,2,4,1,2,4,1,4,2,4,4,1,4,3,2,1,3,3,2,1,3,4,3,2,3,1,3,3,2,3,3,1,2,2,2,2,4,4,4,2,2,4,2,3,1,2,3,3,4,1,2,2,1,3,2,2,1,3,3,3,2,3,1,4,4,1,1,1,3,1,2,4,2,2,3,3,4,3,3,4,1,4,4,1,1,4,1,1,4,1,2,3,3,4,3,2,1,4,3,2,1,1,2,3,4,1,4,1,1,1,3,3,2,4,4,2,3,4,2,1,4,3,4,1,3,3,2,3,2,3,1,1,1,1,1,4,1,3,2,4,3,1,1,3,4,2,2,2,2,1,4,1,4,2,3,3,1,3,1,1,4,2,2,2,2,4,2,2,3,2,2,1,1,2,1,3,3,3,4,3,2,3,3,3,3,1,3,3,1,1,4,2,4,1,1,1,4,3,2,2,3,2,3,4,1,3,3,1,1,2,3,1,2,4,3,4,1,1,3,4,1,3,3,3,1,1,3,2,3,3,3,2,4,1,1,4,3,3,1,3,4,1,2,3,4,1,1,2,3,2,4,1,1,2,2,2,3,1,3,4,3,2,4,4,3,3,2,2,4,2,1,1,4,3,3,1,3,2,1,4,3,4,4,3,3,1,1,4,4,1,4,2,3,3,2,1,1,4,4,1,4,2,3,2,3,3,4,4,3,4,2,1,4,4,4,1,2,3,2,4,1,2,4,4,3,1,3,2,3,2,4,1,1,4,1,3,2,2,2,3,2,1,2,3,1,4,1,3,1,2,3,4,2,3,3,4,4,3,4,4,2,3,1,2,3,3,2,4,1,1,3,3,1,3,1,4,1,1,1,3,4,2,2,1,3,2,2,1,1,3,2,1,4,4,4,1,3,4,4,4,1,1,1,4,1,1,3,1,2,1,1,2,2,1,3,4,2,3,1,1,2,2,3,1,2,2,4,2,3,1,2,4,2,1,1,1,4,1,1,2,2,3,2,1,1,3,1,3,3,1,2,2,2,3,2,3,4,3,1,1,2,1,2,4,3,1,2,4,1,3,4,3,4,4,3,2,3,3,1,3,3,1,2,3,1,2,2,3,2,3,2,2,2,3,2,4,1,1,4,2,1,4,2,3,3,1,1,4,1,2,4,2,1,3,2,4,3,1,2,1,2,3,4,1,3,3,4,4,3,2,3,3,2,1,3,2,1,2,2,2,1,1,3,3,3,3,3,1,4,2,3,2,2,3,2,2,4,2,2,4,2,2,2,2,2,2,1,4,1,1,4,4,2,3,3,1,2,3,4,4,3,2,2,1,4,2,4,1,2,2,3,4,2,1,4,2,4,1,3,3,1,4,1,3,4,4,2,2,2,2,2,1,1,4,4,2,3,3,4,4,4,2,4,2,1,4,3,2,1,1,2,2,1,1,1,2,4,1,1,3,4,2,1,2,4,4,4,3,1,4,2,3,4,4,2,3,2,1,4,2,3,1,4,4,3,2,2,4,1,2,3,4,1,3,1,1,4,1,2,2,1,4,4,1,2,2,4,4,3,3,1,1,4,4,3,1"
23,0.9875909492720556,0.4509803921568627,2338.0,"3,1,1,3,1,3,4,4,4,3,1,1,1,1,1,1,3,2,1,3,3,3,3,1,4,4,3,2,1,2,4,2,3,2,1,3,1,4,4,1,2,2,1,3,1,2,4,4,1,2,4,1,2,1,4,2,3,4,3,4,3,3,1,1,2,1,1,2,1,4,3,3,1,1,2,1,4,3,2,2,2,1,1,1,2,2,3,3,1,1,3,4,3,1,1,1,1,3,1,1,3,4,3,1,1,2,1,4,1,3,1,1,2,1,1,3,4,2,4,4,1,2,3,4,1,3,4,1,4,2,2,1,3,1,4,3,2,3,2,3,3,3,4,4,1,1,2,4,2,1,2,1,4,3,4,2,2,4,4,1,2,2,4,3,2,3,4,4,1,2,3,1,2,1,4,2,1,1,3,1,2,2,3,2,4,2,2,1,1,2,3,1,3,2,2,4,1,2,4,1,2,2,1,1,1,2,2,4,3,1,2,2,1,3,1,3,2,3,4,2,4,1,1,1,3,2,1,1,2,1,4,2,2,2,4,2,4,2,3,1,3,1,4,3,2,1,1,3,4,3,4,4,1,3,3,4,3,2,2,3,3,4,2,2,1,4,1,2,4,3,4,3,3,4,3,1,2,3,1,3,2,1,2,2,1,1,3,4,2,4,2,4,1,1,2,3,3,3,3,4,1,4,4,4,2,1,2,3,1,2,2,4,2,2,3,3,2,2,2,4,4,4,3,1,4,4,2,4,1,3,4,3,4,3,3,4,4,3,1,1,1,1,4,2,3,1,1,2,2,4,3,3,2,2,2,4,3,2,1,3,3,1,1,3,3,2,4,4,2,1,1,1,1,2,3,2,1,2,4,4,1,2,4,3,1,2,1,4,3,4,1,3,2,4,3,1,2,1,1,2,3,3,2,2,1,1,4,2,4,2,4,1,1,3,4,2,4,1,3,4,1,2,3,1,2,4,2,2,2,3,1,1,2,4,4,1,4,2,1,1,4,1,3,2,3,1,4,3,3,3,4,4,1,4,3,1,4,2,4,4,1,1,1,2,2,4,4,1,1,2,2,1,4,2,1,1,1,2,4,2,4,2,1,1,3,1,4,1,3,1,1,2,4,3,2,3,1,3,2,1,2,4,4,4,3,4,3,3,2,1,1,2,4,2,2,1,3,2,2,3,1,4,2,4,4,2,4,2,3,3,3,3,1,3,2,2,2,4,2,1,1,1,1,1,1,3,1,4,1,2,2,4,1,3,3,3,3,1,4,3,1,1,1,1,1,2,1,1,1,2,2,4,4,1,3,1,4,3,3,4,1,4,3,2,1,4,4,4,2,2,1,1,1,4,2,1,2,3,1,2,1,2,2,4,3,1,2,1,2,3,2,2,1,3,2,1,2,1,3,4,3,1,3,1,1,3,4,3,1,4,1,4,3,3,1,4,1,4,1,3,2,1,2,3,2,4,2,1,2,4,3,4,1,4,2,2,4,2,2,1,1,1,3,3,1,4,4,4,1,3,2,4,1,1,2,3,3,1,2,3,2,2,1,2,2,2,4,2,2,1,3,3,2,1,1,2,2,3,3,3,2,3,1,4,4,4,1,4,2,2,4,4,3,1,3,1,3,2,1,4,1,1,3,4,3,4,3,1,3,3,1,1,1,4,1,3,3,1,1,3,1,1,4,1,4,2,4,1,1,3,1,1,1,4,4,2,4,3,4,1,4,1,3,2,2,2,2,1,1,4,1,2,1,3,3,3,2,4,1,4,1,2,3,2,3,4,4,2,2,1,4,3,4,1,2,3,1,2,3,1,2,4,2,2,1,1,1,2,2,4,1,4,3,4,1,3,2,2,3,1,4,2,3,4,4,2,1,1,3,3,1,3,1,2,4,3,2,1,3,2,3,2,1,4,2,1,3,4,4,3,4,3,3,1,3,1,2,2,3,1,2,1,2,3,2,3,3,2,3,1,1,1,4,2,2,4,2,1,4,4,1,2,3,3,2,3,4,3,2,2,2,4,2,3,2,2,2,4,4,4,4,1,1,3,2,4,4,2,2,1,2,1,2,2,4,4,1,2,4,1,4,3,1,3,2,1,3,2,1,2,3,1,2,2,4,3,1,1,2,3,2,2,1,2,1,1,4,1,4,2,1,1,4,4,1,3,3,4,1,2,2,3,3,2,4,1,3,1,4,4,3,4,2,4,3,4,4,3,3,1,2,3,4,1,4,2,4,1,2,4,1,4,2,4,4,1,4,3,2,1,3,3,2,1,3,4,3,2,3,1,3,3,2,3,3,1,2,2,2,2,4,4,4,2,2,4,2,3,1,2,3,3,4,1,2,2,1,3,2,2,1,3,3,3,2,3,1,4,4,1,1,1,3,1,2,4,2,2,3,3,4,3,3,4,1,4,4,1,1,4,1,1,4,1,2,3,3,4,3,2,1,4,3,2,1,1,2,3,4,1,4,1,1,1,3,3,2,4,4,2,3,4,2,1,4,3,4,1,3,3,2,3,2,3,1,1,1,1,1,4,1,3,2,4,3,1,1,3,4,2,2,2,2,1,4,1,4,2,3,3,1,3,1,1,4,2,2,2,2,4,2,2,3,2,2,1,1,2,1,3,3,3,4,3,2,3,3,3,3,1,3,3,1,1,4,2,4,1,1,1,4,3,2,2,3,2,3,4,1,3,3,1,1,2,3,1,2,4,3,4,1,1,3,4,1,3,3,3,1,1,3,2,3,3,3,2,4,1,1,4,3,3,1,3,4,1,2,3,4,1,1,2,3,2,4,1,1,2,2,2,3,1,3,4,3,2,4,4,3,3,2,2,4,2,1,1,4,3,3,1,3,2,1,4,3,4,4,3,3,1,1,4,4,1,4,2,3,3,2,1,1,4,4,1,4,2,3,2,3,3,4,4,3,4,2,1,4,4,4,1,2,3,2,4,1,2,4,4,3,1,3,2,3,2,4,1,1,4,1,3,2,2,2,3,2,1,2,3,1,4,1,3,1,2,3,4,2,3,3,4,4,3,4,4,2,3,1,2,3,3,2,4,1,1,3,3,1,3,1,4,1,1,1,3,4,2,2,1,3,2,2,1,1,3,2,1,4,4,4,1,3,4,4,4,1,1,1,4,1,1,3,1,2,1,1,2,2,1,3,4,2,3,1,1,2,2,3,1,2,2,4,2,3,1,2,4,2,1,1,1,4,1,1,2,2,3,2,1,1,3,1,3,3,1,2,2,2,3,2,3,4,3,1,1,2,1,2,4,3,1,2,4,1,3,4,3,4,4,3,2,3,3,1,3,3,1,2,3,1,2,2,3,2,3,2,2,2,3,2,4,1,1,4,2,1,4,2,3,3,1,1,4,1,2,4,2,1,3,2,4,3,1,2,1,2,3,4,1,3,3,4,4,3,2,3,3,2,1,3,2,1,2,2,2,1,1,3,3,3,3,3,1,4,2,3,2,2,3,2,2,4,2,2,4,2,2,2,2,2,2,1,4,1,1,4,4,2,3,3,1,2,3,4,4,3,2,2,1,4,2,4,1,2,2,3,4,2,1,4,2,4,1,3,3,1,4,1,3,4,4,2,2,2,2,2,1,1,4,4,2,3,3,4,4,4,2,4,2,1,4,3,2,1,1,2,2,1,1,1,2,4,1,1,3,4,2,1,2,4,4,4,3,1,4,2,3,4,4,2,3,2,1,4,2,3,1,4,4,3,2,2,4,1,2,3,4,1,3,1,1,4,1,2,2,1,4,4,1,2,2,4,4,3,3,1,1,4,4,3,1"
24,0.9875909492720556,0.4509803921568627,2338.0,"3,1,1,3,1,3,4,4,4,3,1,1,1,1,1,1,3,2,1,3,3,3,3,1,4,4,3,2,1,2,4,2,3,2,1,3,1,4,4,1,2,2,1,3,1,2,4,4,1,2,4,1,2,1,4,2,3,4,3,4,3,3,1,1,2,1,1,2,1,4,3,3,1,1,2,1,4,3,2,2,2,1,1,1,2,2,3,3,1,1,3,4,3,1,1,1,1,3,1,1,3,4,3,1,1,2,1,4,1,3,1,1,2,1,1,3,4,2,4,4,1,2,3,4,1,3,4,1,4,2,2,1,3,1,4,3,2,3,2,3,3,3,4,4,1,1,2,4,2,1,2,1,4,3,4,2,2,4,4,1,2,2,4,3,2,3,4,4,1,2,3,1,2,1,4,2,1,1,3,1,2,2,3,2,4,2,2,1,1,2,3,1,3,2,2,4,1,2,4,1,2,2,1,1,1,2,2,4,3,1,2,2,1,3,1,3,2,3,4,2,4,1,1,1,3,2,1,1,2,1,4,2,2,2,4,2,4,2,3,1,3,1,4,3,2,1,1,3,4,3,4,4,1,3,3,4,3,2,2,3,3,4,2,2,1,4,1,2,4,3,4,3,3,4,3,1,2,3,1,3,2,1,2,2,1,1,3,4,2,4,2,4,1,1,2,3,3,3,3,4,1,4,4,4,2,1,2,3,1,2,2,4,2,2,3,3,2,2,2,4,4,4,3,1,4,4,2,4,1,3,4,3,4,3,3,4,4,3,1,1,1,1,4,2,3,1,1,2,2,4,3,3,2,2,2,4,3,2,1,3,3,1,1,3,3,2,4,4,2,1,1,1,1,2,3,2,1,2,4,4,1,2,4,3,1,2,1,4,3,4,1,3,2,4,3,1,2,1,1,2,3,3,2,2,1,1,4,2,4,2,4,1,1,3,4,2,4,1,3,4,1,2,3,1,2,4,2,2,2,3,1,1,2,4,4,1,4,2,1,1,4,1,3,2,3,1,4,3,3,3,4,4,1,4,3,1,4,2,4,4,1,1,1,2,2,4,4,1,1,2,2,1,4,2,1,1,1,2,4,2,4,2,1,1,3,1,4,1,3,1,1,2,4,3,2,3,1,3,2,1,2,4,4,4,3,4,3,3,2,1,1,2,4,2,2,1,3,2,2,3,1,4,2,4,4,2,4,2,3,3,3,3,1,3,2,2,2,4,2,1,1,1,1,1,1,3,1,4,1,2,2,4,1,3,3,3,3,1,4,3,1,1,1,1,1,2,1,1,1,2,2,4,4,1,3,1,4,3,3,4,1,4,3,2,1,4,4,4,2,2,1,1,1,4,2,1,2,3,1,2,1,2,2,4,3,1,2,1,2,3,2,2,1,3,2,1,2,1,3,4,3,1,3,1,1,3,4,3,1,4,1,4,3,3,1,4,1,4,1,3,2,1,2,3,2,4,2,1,2,4,3,4,1,4,2,2,4,2,2,1,1,1,3,3,1,4,4,4,1,3,2,4,1,1,2,3,3,1,2,3,2,2,1,2,2,2,4,2,2,1,3,3,2,1,1,2,2,3,3,3,2,3,1,4,4,4,1,4,2,2,4,4,3,1,3,1,3,2,1,4,1,1,3,4,3,4,3,1,3,3,1,1,1,4,1,3,3,1,1,3,1,1,4,1,4,2,4,1,1,3,1,1,1,4,4,2,4,3,4,1,4,1,3,2,2,2,2,1,1,4,1,2,1,3,3,3,2,4,1,4,1,2,3,2,3,4,4,2,2,1,4,3,4,1,2,3,1,2,3,1,2,4,2,2,1,1,1,2,2,4,1,4,3,4,1,3,2,2,3,1,4,2,3,4,4,2,1,1,3,3,1,3,1,2,4,3,2,1,3,2,3,2,1,4,2,1,3,4,4,3,4,3,3,1,3,1,2,2,3,1,2,1,2,3,2,3,3,2,3,1,1,1,4,2,2,4,2,1,4,4,1,2,3,3,2,3,4,3,2,2,2,4,2,3,2,2,2,4,4,4,4,1,1,3,2,4,4,2,2,1,2,1,2,2,4,4,1,2,4,1,4,3,1,3,2,1,3,2,1,2,3,1,2,2,4,3,1,1,2,3,2,2,1,2,1,1,4,1,4,2,1,1,4,4,1,3,3,4,1,2,2,3,3,2,4,1,3,1,4,4,3,4,2,4,3,4,4,3,3,1,2,3,4,1,4,2,4,1,2,4,1,4,2,4,4,1,4,3,2,1,3,3,2,1,3,4,3,2,3,1,3,3,2,3,3,1,2,2,2,2,4,4,4,2,2,4,2,3,1,2,3,3,4,1,2,2,1,3,2,2,1,3,3,3,2,3,1,4,4,1,1,1,3,1,2,4,2,2,3,3,4,3,3,4,1,4,4,1,1,4,1,1,4,1,2,3,3,4,3,2,1,4,3,2,1,1,2,3,4,1,4,1,1,1,3,3,2,4,4,2,3,4,2,1,4,3,4,1,3,3,2,3,2,3,1,1,1,1,1,4,1,3,2,4,3,1,1,3,4,2,2,2,2,1,4,1,4,2,3,3,1,3,1,1,4,2,2,2,2,4,2,2,3,2,2,1,1,2,1,3,3,3,4,3,2,3,3,3,3,1,3,3,1,1,4,2,4,1,1,1,4,3,2,2,3,2,3,4,1,3,3,1,1,2,3,1,2,4,3,4,1,1,3,4,1,3,3,3,1,1,3,2,3,3,3,2,4,1,1,4,3,3,1,3,4,1,2,3,4,1,1,2,3,2,4,1,1,2,2,2,3,1,3,4,3,2,4,4,3,3,2,2,4,2,1,1,4,3,3,1,3,2,1,4,3,4,4,3,3,1,1,4,4,1,4,2,3,3,2,1,1,4,4,1,4,2,3,2,3,3,4,4,3,4,2,1,4,4,4,1,2,3,2,4,1,2,4,4,3,1,3,2,3,2,4,1,1,4,1,3,2,2,2,3,2,1,2,3,1,4,1,3,1,2,3,4,2,3,3,4,4,3,4,4,2,3,1,2,3,3,2,4,1,1,3,3,1,3,1,4,1,1,1,3,4,2,2,1,3,2,2,1,1,3,2,1,4,4,4,1,3,4,4,4,1,1,1,4,1,1,3,1,2,1,1,2,2,1,3,4,2,3,1,1,2,2,3,1,2,2,4,2,3,1,2,4,2,1,1,1,4,1,1,2,2,3,2,1,1,3,1,3,3,1,2,2,2,3,2,3,4,3,1,1,2,1,2,4,3,1,2,4,1,3,4,3,4,4,3,2,3,3,1,3,3,1,2,3,1,2,2,3,2,3,2,2,2,3,2,4,1,1,4,2,1,4,2,3,3,1,1,4,1,2,4,2,1,3,2,4,3,1,2,1,2,3,4,1,3,3,4,4,3,2,3,3,2,1,3,2,1,2,2,2,1,1,3,3,3,3,3,1,4,2,3,2,2,3,2,2,4,2,2,4,2,2,2,2,2,2,1,4,1,1,4,4,2,3,3,1,2,3,4,4,3,2,2,1,4,2,4,1,2,2,3,4,2,1,4,2,4,1,3,3,1,4,1,3,4,4,2,2,2,2,2,1,1,4,4,2,3,3,4,4,4,2,4,2,1,4,3,2,1,1,2,2,1,1,1,2,4,1,1,3,4,2,1,2,4,4,4,3,1,4,2,3,4,4,2,3,2,1,4,2,3,1,4,4,3,2,2,4,1,2,3,4,1,3,1,1,4,1,2,2,1,4,4,1,2,2,4,4,3,3,1,1,4,4,3,1"
25,0.9875909492720556,0.4509803921568627,2338.0,"3,1,1,3,1,3,4,4,4,3,1,1,1,1,1,1,3,2,1,3,3,3,3,1,4,4,3,2,1,2,4,2,3,2,1,3,1,4,4,1,2,2,1,3,1,2,4,4,1,2,4,1,2,1,4,2,3,4,3,4,3,3,1,1,2,1,1,2,1,4,3,3,1,1,2,1,4,3,2,2,2,1,1,1,2,2,3,3,1,1,3,4,3,1,1,1,1,3,1,1,3,4,3,1,1,2,1,4,1,3,1,1,2,1,1,3,4,2,4,4,1,2,3,4,1,3,4,1,4,2,2,1,3,1,4,3,2,3,2,3,3,3,4,4,1,1,2,4,2,1,2,1,4,3,4,2,2,4,4,1,2,2,4,3,2,3,4,4,1,2,3,1,2,1,4,2,1,1,3,1,2,2,3,2,4,2,2,1,1,2,3,1,3,2,2,4,1,2,4,1,2,2,1,1,1,2,2,4,3,1,2,2,1,3,1,3,2,3,4,2,4,1,1,1,3,2,1,1,2,1,4,2,2,2,4,2,4,2,3,1,3,1,4,3,2,1,1,3,4,3,4,4,1,3,3,4,3,2,2,3,3,4,2,2,1,4,1,2,4,3,4,3,3,4,3,1,2,3,1,3,2,1,2,2,1,1,3,4,2,4,2,4,1,1,2,3,3,3,3,4,1,4,4,4,2,1,2,3,1,2,2,4,2,2,3,3,2,2,2,4,4,4,3,1,4,4,2,4,1,3,4,3,4,3,3,4,4,3,1,1,1,1,4,2,3,1,1,2,2,4,3,3,2,2,2,4,3,2,1,3,3,1,1,3,3,2,4,4,2,1,1,1,1,2,3,2,1,2,4,4,1,2,4,3,1,2,1,4,3,4,1,3,2,4,3,1,2,1,1,2,3,3,2,2,1,1,4,2,4,2,4,1,1,3,4,2,4,1,3,4,1,2,3,1,2,4,2,2,2,3,1,1,2,4,4,1,4,2,1,1,4,1,3,2,3,1,4,3,3,3,4,4,1,4,3,1,4,2,4,4,1,1,1,2,2,4,4,1,1,2,2,1,4,2,1,1,1,2,4,2,4,2,1,1,3,1,4,1,3,1,1,2,4,3,2,3,1,3,2,1,2,4,4,4,3,4,3,3,2,1,1,2,4,2,2,1,3,2,2,3,1,4,2,4,4,2,4,2,3,3,3,3,1,3,2,2,2,4,2,1,1,1,1,1,1,3,1,4,1,2,2,4,1,3,3,3,3,1,4,3,1,1,1,1,1,2,1,1,1,2,2,4,4,1,3,1,4,3,3,4,1,4,3,2,1,4,4,4,2,2,1,1,1,4,2,1,2,3,1,2,1,2,2,4,3,1,2,1,2,3,2,2,1,3,2,1,2,1,3,4,3,1,3,1,1,3,4,3,1,4,1,4,3,3,1,4,1,4,1,3,2,1,2,3,2,4,2,1,2,4,3,4,1,4,2,2,4,2,2,1,1,1,3,3,1,4,4,4,1,3,2,4,1,1,2,3,3,1,2,3,2,2,1,2,2,2,4,2,2,1,3,3,2,1,1,2,2,3,3,3,2,3,1,4,4,4,1,4,2,2,4,4,3,1,3,1,3,2,1,4,1,1,3,4,3,4,3,1,3,3,1,1,1,4,1,3,3,1,1,3,1,1,4,1,4,2,4,1,1,3,1,1,1,4,4,2,4,3,4,1,4,1,3,2,2,2,2,1,1,4,1,2,1,3,3,3,2,4,1,4,1,2,3,2,3,4,4,2,2,1,4,3,4,1,2,3,1,2,3,1,2,4,2,2,1,1,1,2,2,4,1,4,3,4,1,3,2,2,3,1,4,2,3,4,4,2,1,1,3,3,1,3,1,2,4,3,2,1,3,2,3,2,1,4,2,1,3,4,4,3,4,3,3,1,3,1,2,2,3,1,2,1,2,3,2,3,3,2,3,1,1,1,4,2,2,4,2,1,4,4,1,2,3,3,2,3,4,3,2,2,2,4,2,3,2,2,2,4,4,4,4,1,1,3,2,4,4,2,2,1,2,1,2,2,4,4,1,2,4,1,4,3,1,3,2,1,3,2,1,2,3,1,2,2,4,3,1,1,2,3,2,2,1,2,1,1,4,1,4,2,1,1,4,4,1,3,3,4,1,2,2,3,3,2,4,1,3,1,4,4,3,4,2,4,3,4,4,3,3,1,2,3,4,1,4,2,4,1,2,4,1,4,2,4,4,1,4,3,2,1,3,3,2,1,3,4,3,2,3,1,3,3,2,3,3,1,2,2,2,2,4,4,4,2,2,4,2,3,1,2,3,3,4,1,2,2,1,3,2,2,1,3,3,3,2,3,1,4,4,1,1,1,3,1,2,4,2,2,3,3,4,3,3,4,1,4,4,1,1,4,1,1,4,1,2,3,3,4,3,2,1,4,3,2,1,1,2,3,4,1,4,1,1,1,3,3,2,4,4,2,3,4,2,1,4,3,4,1,3,3,2,3,2,3,1,1,1,1,1,4,1,3,2,4,3,1,1,3,4,2,2,2,2,1,4,1,4,2,3,3,1,3,1,1,4,2,2,2,2,4,2,2,3,2,2,1,1,2,1,3,3,3,4,3,2,3,3,3,3,1,3,3,1,1,4,2,4,1,1,1,4,3,2,2,3,2,3,4,1,3,3,1,1,2,3,1,2,4,3,4,1,1,3,4,1,3,3,3,1,1,3,2,3,3,3,2,4,1,1,4,3,3,1,3,4,1,2,3,4,1,1,2,3,2,4,1,1,2,2,2,3,1,3,4,3,2,4,4,3,3,2,2,4,2,1,1,4,3,3,1,3,2,1,4,3,4,4,3,3,1,1,4,4,1,4,2,3,3,2,1,1,4,4,1,4,2,3,2,3,3,4,4,3,4,2,1,4,4,4,1,2,3,2,4,1,2,4,4,3,1,3,2,3,2,4,1,1,4,1,3,2,2,2,3,2,1,2,3,1,4,1,3,1,2,3,4,2,3,3,4,4,3,4,4,2,3,1,2,3,3,2,4,1,1,3,3,1,3,1,4,1,1,1,3,4,2,2,1,3,2,2,1,1,3,2,1,4,4,4,1,3,4,4,4,1,1,1,4,1,1,3,1,2,1,1,2,2,1,3,4,2,3,1,1,2,2,3,1,2,2,4,2,3,1,2,4,2,1,1,1,4,1,1,2,2,3,2,1,1,3,1,3,3,1,2,2,2,3,2,3,4,3,1,1,2,1,2,4,3,1,2,4,1,3,4,3,4,4,3,2,3,3,1,3,3,1,2,3,1,2,2,3,2,3,2,2,2,3,2,4,1,1,4,2,1,4,2,3,3,1,1,4,1,2,4,2,1,3,2,4,3,1,2,1,2,3,4,1,3,3,4,4,3,2,3,3,2,1,3,2,1,2,2,2,1,1,3,3,3,3,3,1,4,2,3,2,2,3,2,2,4,2,2,4,2,2,2,2,2,2,1,4,1,1,4,4,2,3,3,1,2,3,4,4,3,2,2,1,4,2,4,1,2,2,3,4,2,1,4,2,4,1,3,3,1,4,1,3,4,4,2,2,2,2,2,1,1,4,4,2,3,3,4,4,4,2,4,2,1,4,3,2,1,1,2,2,1,1,1,2,4,1,1,3,4,2,1,2,4,4,4,3,1,4,2,3,4,4,2,3,2,1,4,2,3,1,4,4,3,2,2,4,1,2,3,4,1,3,1,1,4,1,2,2,1,4,4,1,2,2,4,4,3,3,1,1,4,4,3,1"
26,0.9875909492720556,0.4509803921568627,2338.0,"3,1,1,3,1,3,4,4,4,3,1,1,1,1,1,1,3,2,1,3,3,3,3,1,4,4,3,2,1,2,4,2,3,2,1,3,1,4,4,1,2,2,1,3,1,2,4,4,1,2,4,1,2,1,4,2,3,4,3,4,3,3,1,1,2,1,1,2,1,4,3,3,1,1,2,1,4,3,2,2,2,1,1,1,2,2,3,3,1,1,3,4,3,1,1,1,1,3,1,1,3,4,3,1,1,2,1,4,1,3,1,1,2,1,1,3,4,2,4,4,1,2,3,4,1,3,4,1,4,2,2,1,3,1,4,3,2,3,2,3,3,3,4,4,1,1,2,4,2,1,2,1,4,3,4,2,2,4,4,1,2,2,4,3,2,3,4,4,1,2,3,1,2,1,4,2,1,1,3,1,2,2,3,2,4,2,2,1,1,2,3,1,3,2,2,4,1,2,4,1,2,2,1,1,1,2,2,4,3,1,2,2,1,3,1,3,2,3,4,2,4,1,1,1,3,2,1,1,2,1,4,2,2,2,4,2,4,2,3,1,3,1,4,3,2,1,1,3,4,3,4,4,1,3,3,4,3,2,2,3,3,4,2,2,1,4,1,2,4,3,4,3,3,4,3,1,2,3,1,3,2,1,2,2,1,1,3,4,2,4,2,4,1,1,2,3,3,3,3,4,1,4,4,4,2,1,2,3,1,2,2,4,2,2,3,3,2,2,2,4,4,4,3,1,4,4,2,4,1,3,4,3,4,3,3,4,4,3,1,1,1,1,4,2,3,1,1,2,2,4,3,3,2,2,2,4,3,2,1,3,3,1,1,3,3,2,4,4,2,1,1,1,1,2,3,2,1,2,4,4,1,2,4,3,1,2,1,4,3,4,1,3,2,4,3,1,2,1,1,2,3,3,2,2,1,1,4,2,4,2,4,1,1,3,4,2,4,1,3,4,1,2,3,1,2,4,2,2,2,3,1,1,2,4,4,1,4,2,1,1,4,1,3,2,3,1,4,3,3,3,4,4,1,4,3,1,4,2,4,4,1,1,1,2,2,4,4,1,1,2,2,1,4,2,1,1,1,2,4,2,4,2,1,1,3,1,4,1,3,1,1,2,4,3,2,3,1,3,2,1,2,4,4,4,3,4,3,3,2,1,1,2,4,2,2,1,3,2,2,3,1,4,2,4,4,2,4,2,3,3,3,3,1,3,2,2,2,4,2,1,1,1,1,1,1,3,1,4,1,2,2,4,1,3,3,3,3,1,4,3,1,1,1,1,1,2,1,1,1,2,2,4,4,1,3,1,4,3,3,4,1,4,3,2,1,4,4,4,2,2,1,1,1,4,2,1,2,3,1,2,1,2,2,4,3,1,2,1,2,3,2,2,1,3,2,1,2,1,3,4,3,1,3,1,1,3,4,3,1,4,1,4,3,3,1,4,1,4,1,3,2,1,2,3,2,4,2,1,2,4,3,4,1,4,2,2,4,2,2,1,1,1,3,3,1,4,4,4,1,3,2,4,1,1,2,3,3,1,2,3,2,2,1,2,2,2,4,2,2,1,3,3,2,1,1,2,2,3,3,3,2,3,1,4,4,4,1,4,2,2,4,4,3,1,3,1,3,2,1,4,1,1,3,4,3,4,3,1,3,3,1,1,1,4,1,3,3,1,1,3,1,1,4,1,4,2,4,1,1,3,1,1,1,4,4,2,4,3,4,1,4,1,3,2,2,2,2,1,1,4,1,2,1,3,3,3,2,4,1,4,1,2,3,2,3,4,4,2,2,1,4,3,4,1,2,3,1,2,3,1,2,4,2,2,1,1,1,2,2,4,1,4,3,4,1,3,2,2,3,1,4,2,3,4,4,2,1,1,3,3,1,3,1,2,4,3,2,1,3,2,3,2,1,4,2,1,3,4,4,3,4,3,3,1,3,1,2,2,3,1,2,1,2,3,2,3,3,2,3,1,1,1,4,2,2,4,2,1,4,4,1,2,3,3,2,3,4,3,2,2,2,4,2,3,2,2,2,4,4,4,4,1,1,3,2,4,4,2,2,1,2,1,2,2,4,4,1,2,4,1,4,3,1,3,2,1,3,2,1,2,3,1,2,2,4,3,1,1,2,3,2,2,1,2,1,1,4,1,4,2,1,1,4,4,1,3,3,4,1,2,2,3,3,2,4,1,3,1,4,4,3,4,2,4,3,4,4,3,3,1,2,3,4,1,4,2,4,1,2,4,1,4,2,4,4,1,4,3,2,1,3,3,2,1,3,4,3,2,3,1,3,3,2,3,3,1,2,2,2,2,4,4,4,2,2,4,2,3,1,2,3,3,4,1,2,2,1,3,2,2,1,3,3,3,2,3,1,4,4,1,1,1,3,1,2,4,2,2,3,3,4,3,3,4,1,4,4,1,1,4,1,1,4,1,2,3,3,4,3,2,1,4,3,2,1,1,2,3,4,1,4,1,1,1,3,3,2,4,4,2,3,4,2,1,4,3,4,1,3,3,2,3,2,3,1,1,1,1,1,4,1,3,2,4,3,1,1,3,4,2,2,2,2,1,4,1,4,2,3,3,1,3,1,1,4,2,2,2,2,4,2,2,3,2,2,1,1,2,1,3,3,3,4,3,2,3,3,3,3,1,3,3,1,1,4,2,4,1,1,1,4,3,2,2,3,2,3,4,1,3,3,1,1,2,3,1,2,4,3,4,1,1,3,4,1,3,3,3,1,1,3,2,3,3,3,2,4,1,1,4,3,3,1,3,4,1,2,3,4,1,1,2,3,2,4,1,1,2,2,2,3,1,3,4,3,2,4,4,3,3,2,2,4,2,1,1,4,3,3,1,3,2,1,4,3,4,4,3,3,1,1,4,4,1,4,2,3,3,2,1,1,4,4,1,4,2,3,2,3,3,4,4,3,4,2,1,4,4,4,1,2,3,2,4,1,2,4,4,3,1,3,2,3,2,4,1,1,4,1,3,2,2,2,3,2,1,2,3,1,4,1,3,1,2,3,4,2,3,3,4,4,3,4,4,2,3,1,2,3,3,2,4,1,1,3,3,1,3,1,4,1,1,1,3,4,2,2,1,3,2,2,1,1,3,2,1,4,4,4,1,3,4,4,4,1,1,1,4,1,1,3,1,2,1,1,2,2,1,3,4,2,3,1,1,2,2,3,1,2,2,4,2,3,1,2,4,2,1,1,1,4,1,1,2,2,3,2,1,1,3,1,3,3,1,2,2,2,3,2,3,4,3,1,1,2,1,2,4,3,1,2,4,1,3,4,3,4,4,3,2,3,3,1,3,3,1,2,3,1,2,2,3,2,3,2,2,2,3,2,4,1,1,4,2,1,4,2,3,3,1,1,4,1,2,4,2,1,3,2,4,3,1,2,1,2,3,4,1,3,3,4,4,3,2,3,3,2,1,3,2,1,2,2,2,1,1,3,3,3,3,3,1,4,2,3,2,2,3,2,2,4,2,2,4,2,2,2,2,2,2,1,4,1,1,4,4,2,3,3,1,2,3,4,4,3,2,2,1,4,2,4,1,2,2,3,4,2,1,4,2,4,1,3,3,1,4,1,3,4,4,2,2,2,2,2,1,1,4,4,2,3,3,4,4,4,2,4,2,1,4,3,2,1,1,2,2,1,1,1,2,4,1,1,3,4,2,1,2,4,4,4,3,1,4,2,3,4,4,2,3,2,1,4,2,3,1,4,4,3,2,2,4,1,2,3,4,1,3,1,1,4,1,2,2,1,4,4,1,2,2,4,4,3,3,1,1,4,4,3,1"
27,0.9875909492720556,0.4509803921568627,2338.0,"3,1,1,3,1,3,4,4,4,3,1,1,1,1,1,1,3,2,1,3,3,3,3,1,4,4,3,2,1,2,4,2,3,2,1,3,1,4,4,1,2,2,1,3,1,2,4,4,1,2,4,1,2,1,4,2,3,4,3,4,3,3,1,1,2,1,1,2,1,4,3,3,1,1,2,1,4,3,2,2,2,1,1,1,2,2,3,3,1,1,3,4,3,1,1,1,1,3,1,1,3,4,3,1,1,2,1,4,1,3,1,1,2,1,1,3,4,2,4,4,1,2,3,4,1,3,4,1,4,2,2,1,3,1,4,3,2,3,2,3,3,3,4,4,1,1,2,4,2,1,2,1,4,3,4,2,2,4,4,1,2,2,4,3,2,3,4,4,1,2,3,1,2,1,4,2,1,1,3,1,2,2,3,2,4,2,2,1,1,2,3,1,3,2,2,4,1,2,4,1,2,2,1,1,1,2,2,4,3,1,2,2,1,3,1,3,2,3,4,2,4,1,1,1,3,2,1,1,2,1,4,2,2,2,4,2,4,2,3,1,3,1,4,3,2,1,1,3,4,3,4,4,1,3,3,4,3,2,2,3,3,4,2,2,1,4,1,2,4,3,4,3,3,4,3,1,2,3,1,3,2,1,2,2,1,1,3,4,2,4,2,4,1,1,2,3,3,3,3,4,1,4,4,4,2,1,2,3,1,2,2,4,2,2,3,3,2,2,2,4,4,4,3,1,4,4,2,4,1,3,4,3,4,3,3,4,4,3,1,1,1,1,4,2,3,1,1,2,2,4,3,3,2,2,2,4,3,2,1,3,3,1,1,3,3,2,4,4,2,1,1,1,1,2,3,2,1,2,4,4,1,2,4,3,1,2,1,4,3,4,1,3,2,4,3,1,2,1,1,2,3,3,2,2,1,1,4,2,4,2,4,1,1,3,4,2,4,1,3,4,1,2,3,1,2,4,2,2,2,3,1,1,2,4,4,1,4,2,1,1,4,1,3,2,3,1,4,3,3,3,4,4,1,4,3,1,4,2,4,4,1,1,1,2,2,4,4,1,1,2,2,1,4,2,1,1,1,2,4,2,4,2,1,1,3,1,4,1,3,1,1,2,4,3,2,3,1,3,2,1,2,4,4,4,3,4,3,3,2,1,1,2,4,2,2,1,3,2,2,3,1,4,2,4,4,2,4,2,3,3,3,3,1,3,2,2,2,4,2,1,1,1,1,1,1,3,1,4,1,2,2,4,1,3,3,3,3,1,4,3,1,1,1,1,1,2,1,1,1,2,2,4,4,1,3,1,4,3,3,4,1,4,3,2,1,4,4,4,2,2,1,1,1,4,2,1,2,3,1,2,1,2,2,4,3,1,2,1,2,3,2,2,1,3,2,1,2,1,3,4,3,1,3,1,1,3,4,3,1,4,1,4,3,3,1,4,1,4,1,3,2,1,2,3,2,4,2,1,2,4,3,4,1,4,2,2,4,2,2,1,1,1,3,3,1,4,4,4,1,3,2,4,1,1,2,3,3,1,2,3,2,2,1,2,2,2,4,2,2,1,3,3,2,1,1,2,2,3,3,3,2,3,1,4,4,4,1,4,2,2,4,4,3,1,3,1,3,2,1,4,1,1,3,4,3,4,3,1,3,3,1,1,1,4,1,3,3,1,1,3,1,1,4,1,4,2,4,1,1,3,1,1,1,4,4,2,4,3,4,1,4,1,3,2,2,2,2,1,1,4,1,2,1,3,3,3,2,4,1,4,1,2,3,2,3,4,4,2,2,1,4,3,4,1,2,3,1,2,3,1,2,4,2,2,1,1,1,2,2,4,1,4,3,4,1,3,2,2,3,1,4,2,3,4,4,2,1,1,3,3,1,3,1,2,4,3,2,1,3,2,3,2,1,4,2,1,3,4,4,3,4,3,3,1,3,1,2,2,3,1,2,1,2,3,2,3,3,2,3,1,1,1,4,2,2,4,2,1,4,4,1,2,3,3,2,3,4,3,2,2,2,4,2,3,2,2,2,4,4,4,4,1,1,3,2,4,4,2,2,1,2,1,2,2,4,4,1,2,4,1,4,3,1,3,2,1,3,2,1,2,3,1,2,2,4,3,1,1,2,3,2,2,1,2,1,1,4,1,4,2,1,1,4,4,1,3,3,4,1,2,2,3,3,2,4,1,3,1,4,4,3,4,2,4,3,4,4,3,3,1,2,3,4,1,4,2,4,1,2,4,1,4,2,4,4,1,4,3,2,1,3,3,2,1,3,4,3,2,3,1,3,3,2,3,3,1,2,2,2,2,4,4,4,2,2,4,2,3,1,2,3,3,4,1,2,2,1,3,2,2,1,3,3,3,2,3,1,4,4,1,1,1,3,1,2,4,2,2,3,3,4,3,3,4,1,4,4,1,1,4,1,1,4,1,2,3,3,4,3,2,1,4,3,2,1,1,2,3,4,1,4,1,1,1,3,3,2,4,4,2,3,4,2,1,4,3,4,1,3,3,2,3,2,3,1,1,1,1,1,4,1,3,2,4,3,1,1,3,4,2,2,2,2,1,4,1,4,2,3,3,1,3,1,1,4,2,2,2,2,4,2,2,3,2,2,1,1,2,1,3,3,3,4,3,2,3,3,3,3,1,3,3,1,1,4,2,4,1,1,1,4,3,2,2,3,2,3,4,1,3,3,1,1,2,3,1,2,4,3,4,1,1,3,4,1,3,3,3,1,1,3,2,3,3,3,2,4,1,1,4,3,3,1,3,4,1,2,3,4,1,1,2,3,2,4,1,1,2,2,2,3,1,3,4,3,2,4,4,3,3,2,2,4,2,1,1,4,3,3,1,3,2,1,4,3,4,4,3,3,1,1,4,4,1,4,2,3,3,2,1,1,4,4,1,4,2,3,2,3,3,4,4,3,4,2,1,4,4,4,1,2,3,2,4,1,2,4,4,3,1,3,2,3,2,4,1,1,4,1,3,2,2,2,3,2,1,2,3,1,4,1,3,1,2,3,4,2,3,3,4,4,3,4,4,2,3,1,2,3,3,2,4,1,1,3,3,1,3,1,4,1,1,1,3,4,2,2,1,3,2,2,1,1,3,2,1,4,4,4,1,3,4,4,4,1,1,1,4,1,1,3,1,2,1,1,2,2,1,3,4,2,3,1,1,2,2,3,1,2,2,4,2,3,1,2,4,2,1,1,1,4,1,1,2,2,3,2,1,1,3,1,3,3,1,2,2,2,3,2,3,4,3,1,1,2,1,2,4,3,1,2,4,1,3,4,3,4,4,3,2,3,3,1,3,3,1,2,3,1,2,2,3,2,3,2,2,2,3,2,4,1,1,4,2,1,4,2,3,3,1,1,4,1,2,4,2,1,3,2,4,3,1,2,1,2,3,4,1,3,3,4,4,3,2,3,3,2,1,3,2,1,2,2,2,1,1,3,3,3,3,3,1,4,2,3,2,2,3,2,2,4,2,2,4,2,2,2,2,2,2,1,4,1,1,4,4,2,3,3,1,2,3,4,4,3,2,2,1,4,2,4,1,2,2,3,4,2,1,4,2,4,1,3,3,1,4,1,3,4,4,2,2,2,2,2,1,1,4,4,2,3,3,4,4,4,2,4,2,1,4,3,2,1,1,2,2,1,1,1,2,4,1,1,3,4,2,1,2,4,4,4,3,1,4,2,3,4,4,2,3,2,1,4,2,3,1,4,4,3,2,2,4,1,2,3,4,1,3,1,1,4,1,2,2,1,4,4,1,2,2,4,4,3,3,1,1,4,4,3,1"
28,0.9875909492720556,0.4509803921568627,2338.0,"3,1,1,3,1,3,4,4,4,3,1,1,1,1,1,1,3,2,1,3,3,3,3,1,4,4,3,2,1,2,4,2,3,2,1,3,1,4,4,1,2,2,1,3,1,2,4,4,1,2,4,1,2,1,4,2,3,4,3,4,3,3,1,1,2,1,1,2,1,4,3,3,1,1,2,1,4,3,2,2,2,1,1,1,2,2,3,3,1,1,3,4,3,1,1,1,1,3,1,1,3,4,3,1,1,2,1,4,1,3,1,1,2,1,1,3,4,2,4,4,1,2,3,4,1,3,4,1,4,2,2,1,3,1,4,3,2,3,2,3,3,3,4,4,1,1,2,4,2,1,2,1,4,3,4,2,2,4,4,1,2,2,4,3,2,3,4,4,1,2,3,1,2,1,4,2,1,1,3,1,2,2,3,2,4,2,2,1,1,2,3,1,3,2,2,4,1,2,4,1,2,2,1,1,1,2,2,4,3,1,2,2,1,3,1,3,2,3,4,2,4,1,1,1,3,2,1,1,2,1,4,2,2,2,4,2,4,2,3,1,3,1,4,3,2,1,1,3,4,3,4,4,1,3,3,4,3,2,2,3,3,4,2,2,1,4,1,2,4,3,4,3,3,4,3,1,2,3,1,3,2,1,2,2,1,1,3,4,2,4,2,4,1,1,2,3,3,3,3,4,1,4,4,4,2,1,2,3,1,2,2,4,2,2,3,3,2,2,2,4,4,4,3,1,4,4,2,4,1,3,4,3,4,3,3,4,4,3,1,1,1,1,4,2,3,1,1,2,2,4,3,3,2,2,2,4,3,2,1,3,3,1,1,3,3,2,4,4,2,1,1,1,1,2,3,2,1,2,4,4,1,2,4,3,1,2,1,4,3,4,1,3,2,4,3,1,2,1,1,2,3,3,2,2,1,1,4,2,4,2,4,1,1,3,4,2,4,1,3,4,1,2,3,1,2,4,2,2,2,3,1,1,2,4,4,1,4,2,1,1,4,1,3,2,3,1,4,3,3,3,4,4,1,4,3,1,4,2,4,4,1,1,1,2,2,4,4,1,1,2,2,1,4,2,1,1,1,2,4,2,4,2,1,1,3,1,4,1,3,1,1,2,4,3,2,3,1,3,2,1,2,4,4,4,3,4,3,3,2,1,1,2,4,2,2,1,3,2,2,3,1,4,2,4,4,2,4,2,3,3,3,3,1,3,2,2,2,4,2,1,1,1,1,1,1,3,1,4,1,2,2,4,1,3,3,3,3,1,4,3,1,1,1,1,1,2,1,1,1,2,2,4,4,1,3,1,4,3,3,4,1,4,3,2,1,4,4,4,2,2,1,1,1,4,2,1,2,3,1,2,1,2,2,4,3,1,2,1,2,3,2,2,1,3,2,1,2,1,3,4,3,1,3,1,1,3,4,3,1,4,1,4,3,3,1,4,1,4,1,3,2,1,2,3,2,4,2,1,2,4,3,4,1,4,2,2,4,2,2,1,1,1,3,3,1,4,4,4,1,3,2,4,1,1,2,3,3,1,2,3,2,2,1,2,2,2,4,2,2,1,3,3,2,1,1,2,2,3,3,3,2,3,1,4,4,4,1,4,2,2,4,4,3,1,3,1,3,2,1,4,1,1,3,4,3,4,3,1,3,3,1,1,1,4,1,3,3,1,1,3,1,1,4,1,4,2,4,1,1,3,1,1,1,4,4,2,4,3,4,1,4,1,3,2,2,2,2,1,1,4,1,2,1,3,3,3,2,4,1,4,1,2,3,2,3,4,4,2,2,1,4,3,4,1,2,3,1,2,3,1,2,4,2,2,1,1,1,2,2,4,1,4,3,4,1,3,2,2,3,1,4,2,3,4,4,2,1,1,3,3,1,3,1,2,4,3,2,1,3,2,3,2,1,4,2,1,3,4,4,3,4,3,3,1,3,1,2,2,3,1,2,1,2,3,2,3,3,2,3,1,1,1,4,2,2,4,2,1,4,4,1,2,3,3,2,3,4,3,2,2,2,4,2,3,2,2,2,4,4,4,4,1,1,3,2,4,4,2,2,1,2,1,2,2,4,4,1,2,4,1,4,3,1,3,2,1,3,2,1,2,3,1,2,2,4,3,1,1,2,3,2,2,1,2,1,1,4,1,4,2,1,1,4,4,1,3,3,4,1,2,2,3,3,2,4,1,3,1,4,4,3,4,2,4,3,4,4,3,3,1,2,3,4,1,4,2,4,1,2,4,1,4,2,4,4,1,4,3,2,1,3,3,2,1,3,4,3,2,3,1,3,3,2,3,3,1,2,2,2,2,4,4,4,2,2,4,2,3,1,2,3,3,4,1,2,2,1,3,2,2,1,3,3,3,2,3,1,4,4,1,1,1,3,1,2,4,2,2,3,3,4,3,3,4,1,4,4,1,1,4,1,1,4,1,2,3,3,4,3,2,1,4,3,2,1,1,2,3,4,1,4,1,1,1,3,3,2,4,4,2,3,4,2,1,4,3,4,1,3,3,2,3,2,3,1,1,1,1,1,4,1,3,2,4,3,1,1,3,4,2,2,2,2,1,4,1,4,2,3,3,1,3,1,1,4,2,2,2,2,4,2,2,3,2,2,1,1,2,1,3,3,3,4,3,2,3,3,3,3,1,3,3,1,1,4,2,4,1,1,1,4,3,2,2,3,2,3,4,1,3,3,1,1,2,3,1,2,4,3,4,1,1,3,4,1,3,3,3,1,1,3,2,3,3,3,2,4,1,1,4,3,3,1,3,4,1,2,3,4,1,1,2,3,2,4,1,1,2,2,2,3,1,3,4,3,2,4,4,3,3,2,2,4,2,1,1,4,3,3,1,3,2,1,4,3,4,4,3,3,1,1,4,4,1,4,2,3,3,2,1,1,4,4,1,4,2,3,2,3,3,4,4,3,4,2,1,4,4,4,1,2,3,2,4,1,2,4,4,3,1,3,2,3,2,4,1,1,4,1,3,2,2,2,3,2,1,2,3,1,4,1,3,1,2,3,4,2,3,3,4,4,3,4,4,2,3,1,2,3,3,2,4,1,1,3,3,1,3,1,4,1,1,1,3,4,2,2,1,3,2,2,1,1,3,2,1,4,4,4,1,3,4,4,4,1,1,1,4,1,1,3,1,2,1,1,2,2,1,3,4,2,3,1,1,2,2,3,1,2,2,4,2,3,1,2,4,2,1,1,1,4,1,1,2,2,3,2,1,1,3,1,3,3,1,2,2,2,3,2,3,4,3,1,1,2,1,2,4,3,1,2,4,1,3,4,3,4,4,3,2,3,3,1,3,3,1,2,3,1,2,2,3,2,3,2,2,2,3,2,4,1,1,4,2,1,4,2,3,3,1,1,4,1,2,4,2,1,3,2,4,3,1,2,1,2,3,4,1,3,3,4,4,3,2,3,3,2,1,3,2,1,2,2,2,1,1,3,3,3,3,3,1,4,2,3,2,2,3,2,2,4,2,2,4,2,2,2,2,2,2,1,4,1,1,4,4,2,3,3,1,2,3,4,4,3,2,2,1,4,2,4,1,2,2,3,4,2,1,4,2,4,1,3,3,1,4,1,3,4,4,2,2,2,2,2,1,1,4,4,2,3,3,4,4,4,2,4,2,1,4,3,2,1,1,2,2,1,1,1,2,4,1,1,3,4,2,1,2,4,4,4,3,1,4,2,3,4,4,2,3,2,1,4,2,3,1,4,4,3,2,2,4,1,2,3,4,1,3,1,1,4,1,2,2,1,4,4,1,2,2,4,4,3,3,1,1,4,4,3,1"
29,0.9875909492720556,0.4509803921568627,2338.0,"3,1,1,3,1,3,4,4,4,3,1,1,1,1,1,1,3,2,1,3,3,3,3,1,4,4,3,2,1,2,4,2,3,2,1,3,1,4,4,1,2,2,1,3,1,2,4,4,1,2,4,1,2,1,4,2,3,4,3,4,3,3,1,1,2,1,1,2,1,4,3,3,1,1,2,1,4,3,2,2,2,1,1,1,2,2,3,3,1,1,3,4,3,1,1,1,1,3,1,1,3,4,3,1,1,2,1,4,1,3,1,1,2,1,1,3,4,2,4,4,1,2,3,4,1,3,4,1,4,2,2,1,3,1,4,3,2,3,2,3,3,3,4,4,1,1,2,4,2,1,2,1,4,3,4,2,2,4,4,1,2,2,4,3,2,3,4,4,1,2,3,1,2,1,4,2,1,1,3,1,2,2,3,2,4,2,2,1,1,2,3,1,3,2,2,4,1,2,4,1,2,2,1,1,1,2,2,4,3,1,2,2,1,3,1,3,2,3,4,2,4,1,1,1,3,2,1,1,2,1,4,2,2,2,4,2,4,2,3,1,3,1,4,3,2,1,1,3,4,3,4,4,1,3,3,4,3,2,2,3,3,4,2,2,1,4,1,2,4,3,4,3,3,4,3,1,2,3,1,3,2,1,2,2,1,1,3,4,2,4,2,4,1,1,2,3,3,3,3,4,1,4,4,4,2,1,2,3,1,2,2,4,2,2,3,3,2,2,2,4,4,4,3,1,4,4,2,4,1,3,4,3,4,3,3,4,4,3,1,1,1,1,4,2,3,1,1,2,2,4,3,3,2,2,2,4,3,2,1,3,3,1,1,3,3,2,4,4,2,1,1,1,1,2,3,2,1,2,4,4,1,2,4,3,1,2,1,4,3,4,1,3,2,4,3,1,2,1,1,2,3,3,2,2,1,1,4,2,4,2,4,1,1,3,4,2,4,1,3,4,1,2,3,1,2,4,2,2,2,3,1,1,2,4,4,1,4,2,1,1,4,1,3,2,3,1,4,3,3,3,4,4,1,4,3,1,4,2,4,4,1,1,1,2,2,4,4,1,1,2,2,1,4,2,1,1,1,2,4,2,4,2,1,1,3,1,4,1,3,1,1,2,4,3,2,3,1,3,2,1,2,4,4,4,3,4,3,3,2,1,1,2,4,2,2,1,3,2,2,3,1,4,2,4,4,2,4,2,3,3,3,3,1,3,2,2,2,4,2,1,1,1,1,1,1,3,1,4,1,2,2,4,1,3,3,3,3,1,4,3,1,1,1,1,1,2,1,1,1,2,2,4,4,1,3,1,4,3,3,4,1,4,3,2,1,4,4,4,2,2,1,1,1,4,2,1,2,3,1,2,1,2,2,4,3,1,2,1,2,3,2,2,1,3,2,1,2,1,3,4,3,1,3,1,1,3,4,3,1,4,1,4,3,3,1,4,1,4,1,3,2,1,2,3,2,4,2,1,2,4,3,4,1,4,2,2,4,2,2,1,1,1,3,3,1,4,4,4,1,3,2,4,1,1,2,3,3,1,2,3,2,2,1,2,2,2,4,2,2,1,3,3,2,1,1,2,2,3,3,3,2,3,1,4,4,4,1,4,2,2,4,4,3,1,3,1,3,2,1,4,1,1,3,4,3,4,3,1,3,3,1,1,1,4,1,3,3,1,1,3,1,1,4,1,4,2,4,1,1,3,1,1,1,4,4,2,4,3,4,1,4,1,3,2,2,2,2,1,1,4,1,2,1,3,3,3,2,4,1,4,1,2,3,2,3,4,4,2,2,1,4,3,4,1,2,3,1,2,3,1,2,4,2,2,1,1,1,2,2,4,1,4,3,4,1,3,2,2,3,1,4,2,3,4,4,2,1,1,3,3,1,3,1,2,4,3,2,1,3,2,3,2,1,4,2,1,3,4,4,3,4,3,3,1,3,1,2,2,3,1,2,1,2,3,2,3,3,2,3,1,1,1,4,2,2,4,2,1,4,4,1,2,3,3,2,3,4,3,2,2,2,4,2,3,2,2,2,4,4,4,4,1,1,3,2,4,4,2,2,1,2,1,2,2,4,4,1,2,4,1,4,3,1,3,2,1,3,2,1,2,3,1,2,2,4,3,1,1,2,3,2,2,1,2,1,1,4,1,4,2,1,1,4,4,1,3,3,4,1,2,2,3,3,2,4,1,3,1,4,4,3,4,2,4,3,4,4,3,3,1,2,3,4,1,4,2,4,1,2,4,1,4,2,4,4,1,4,3,2,1,3,3,2,1,3,4,3,2,3,1,3,3,2,3,3,1,2,2,2,2,4,4,4,2,2,4,2,3,1,2,3,3,4,1,2,2,1,3,2,2,1,3,3,3,2,3,1,4,4,1,1,1,3,1,2,4,2,2,3,3,4,3,3,4,1,4,4,1,1,4,1,1,4,1,2,3,3,4,3,2,1,4,3,2,1,1,2,3,4,1,4,1,1,1,3,3,2,4,4,2,3,4,2,1,4,3,4,1,3,3,2,3,2,3,1,1,1,1,1,4,1,3,2,4,3,1,1,3,4,2,2,2,2,1,4,1,4,2,3,3,1,3,1,1,4,2,2,2,2,4,2,2,3,2,2,1,1,2,1,3,3,3,4,3,2,3,3,3,3,1,3,3,1,1,4,2,4,1,1,1,4,3,2,2,3,2,3,4,1,3,3,1,1,2,3,1,2,4,3,4,1,1,3,4,1,3,3,3,1,1,3,2,3,3,3,2,4,1,1,4,3,3,1,3,4,1,2,3,4,1,1,2,3,2,4,1,1,2,2,2,3,1,3,4,3,2,4,4,3,3,2,2,4,2,1,1,4,3,3,1,3,2,1,4,3,4,4,3,3,1,1,4,4,1,4,2,3,3,2,1,1,4,4,1,4,2,3,2,3,3,4,4,3,4,2,1,4,4,4,1,2,3,2,4,1,2,4,4,3,1,3,2,3,2,4,1,1,4,1,3,2,2,2,3,2,1,2,3,1,4,1,3,1,2,3,4,2,3,3,4,4,3,4,4,2,3,1,2,3,3,2,4,1,1,3,3,1,3,1,4,1,1,1,3,4,2,2,1,3,2,2,1,1,3,2,1,4,4,4,1,3,4,4,4,1,1,1,4,1,1,3,1,2,1,1,2,2,1,3,4,2,3,1,1,2,2,3,1,2,2,4,2,3,1,2,4,2,1,1,1,4,1,1,2,2,3,2,1,1,3,1,3,3,1,2,2,2,3,2,3,4,3,1,1,2,1,2,4,3,1,2,4,1,3,4,3,4,4,3,2,3,3,1,3,3,1,2,3,1,2,2,3,2,3,2,2,2,3,2,4,1,1,4,2,1,4,2,3,3,1,1,4,1,2,4,2,1,3,2,4,3,1,2,1,2,3,4,1,3,3,4,4,3,2,3,3,2,1,3,2,1,2,2,2,1,1,3,3,3,3,3,1,4,2,3,2,2,3,2,2,4,2,2,4,2,2,2,2,2,2,1,4,1,1,4,4,2,3,3,1,2,3,4,4,3,2,2,1,4,2,4,1,2,2,3,4,2,1,4,2,4,1,3,3,1,4,1,3,4,4,2,2,2,2,2,1,1,4,4,2,3,3,4,4,4,2,4,2,1,4,3,2,1,1,2,2,1,1,1,2,4,1,1,3,4,2,1,2,4,4,4,3,1,4,2,3,4,4,2,3,2,1,4,2,3,1,4,4,3,2,2,4,1,2,3,4,1,3,1,1,4,1,2,2,1,4,4,1,2,2,4,4,3,3,1,1,4,4,3,1"
30,0.9875909492720556,0.4509803921568627,2338.0,"3,1,1,3,1,3,4,4,4,3,1,1,1,1,1,1,3,2,1,3,3,3,3,1,4,4,3,2,1,2,4,2,3,2,1,3,1,4,4,1,2,2,1,3,1,2,4,4,1,2,4,1,2,1,4,2,3,4,3,4,3,3,1,1,2,1,1,2,1,4,3,3,1,1,2,1,4,3,2,2,2,1,1,1,2,2,3,3,1,1,3,4,3,1,1,1,1,3,1,1,3,4,3,1,1,2,1,4,1,3,1,1,2,1,1,3,4,2,4,4,1,2,3,4,1,3,4,1,4,2,2,1,3,1,4,3,2,3,2,3,3,3,4,4,1,1,2,4,2,1,2,1,4,3,4,2,2,4,4,1,2,2,4,3,2,3,4,4,1,2,3,1,2,1,4,2,1,1,3,1,2,2,3,2,4,2,2,1,1,2,3,1,3,2,2,4,1,2,4,1,2,2,1,1,1,2,2,4,3,1,2,2,1,3,1,3,2,3,4,2,4,1,1,1,3,2,1,1,2,1,4,2,2,2,4,2,4,2,3,1,3,1,4,3,2,1,1,3,4,3,4,4,1,3,3,4,3,2,2,3,3,4,2,2,1,4,1,2,4,3,4,3,3,4,3,1,2,3,1,3,2,1,2,2,1,1,3,4,2,4,2,4,1,1,2,3,3,3,3,4,1,4,4,4,2,1,2,3,1,2,2,4,2,2,3,3,2,2,2,4,4,4,3,1,4,4,2,4,1,3,4,3,4,3,3,4,4,3,1,1,1,1,4,2,3,1,1,2,2,4,3,3,2,2,2,4,3,2,1,3,3,1,1,3,3,2,4,4,2,1,1,1,1,2,3,2,1,2,4,4,1,2,4,3,1,2,1,4,3,4,1,3,2,4,3,1,2,1,1,2,3,3,2,2,1,1,4,2,4,2,4,1,1,3,4,2,4,1,3,4,1,2,3,1,2,4,2,2,2,3,1,1,2,4,4,1,4,2,1,1,4,1,3,2,3,1,4,3,3,3,4,4,1,4,3,1,4,2,4,4,1,1,1,2,2,4,4,1,1,2,2,1,4,2,1,1,1,2,4,2,4,2,1,1,3,1,4,1,3,1,1,2,4,3,2,3,1,3,2,1,2,4,4,4,3,4,3,3,2,1,1,2,4,2,2,1,3,2,2,3,1,4,2,4,4,2,4,2,3,3,3,3,1,3,2,2,2,4,2,1,1,1,1,1,1,3,1,4,1,2,2,4,1,3,3,3,3,1,4,3,1,1,1,1,1,2,1,1,1,2,2,4,4,1,3,1,4,3,3,4,1,4,3,2,1,4,4,4,2,2,1,1,1,4,2,1,2,3,1,2,1,2,2,4,3,1,2,1,2,3,2,2,1,3,2,1,2,1,3,4,3,1,3,1,1,3,4,3,1,4,1,4,3,3,1,4,1,4,1,3,2,1,2,3,2,4,2,1,2,4,3,4,1,4,2,2,4,2,2,1,1,1,3,3,1,4,4,4,1,3,2,4,1,1,2,3,3,1,2,3,2,2,1,2,2,2,4,2,2,1,3,3,2,1,1,2,2,3,3,3,2,3,1,4,4,4,1,4,2,2,4,4,3,1,3,1,3,2,1,4,1,1,3,4,3,4,3,1,3,3,1,1,1,4,1,3,3,1,1,3,1,1,4,1,4,2,4,1,1,3,1,1,1,4,4,2,4,3,4,1,4,1,3,2,2,2,2,1,1,4,1,2,1,3,3,3,2,4,1,4,1,2,3,2,3,4,4,2,2,1,4,3,4,1,2,3,1,2,3,1,2,4,2,2,1,1,1,2,2,4,1,4,3,4,1,3,2,2,3,1,4,2,3,4,4,2,1,1,3,3,1,3,1,2,4,3,2,1,3,2,3,2,1,4,2,1,3,4,4,3,4,3,3,1,3,1,2,2,3,1,2,1,2,3,2,3,3,2,3,1,1,1,4,2,2,4,2,1,4,4,1,2,3,3,2,3,4,3,2,2,2,4,2,3,2,2,2,4,4,4,4,1,1,3,2,4,4,2,2,1,2,1,2,2,4,4,1,2,4,1,4,3,1,3,2,1,3,2,1,2,3,1,2,2,4,3,1,1,2,3,2,2,1,2,1,1,4,1,4,2,1,1,4,4,1,3,3,4,1,2,2,3,3,2,4,1,3,1,4,4,3,4,2,4,3,4,4,3,3,1,2,3,4,1,4,2,4,1,2,4,1,4,2,4,4,1,4,3,2,1,3,3,2,1,3,4,3,2,3,1,3,3,2,3,3,1,2,2,2,2,4,4,4,2,2,4,2,3,1,2,3,3,4,1,2,2,1,3,2,2,1,3,3,3,2,3,1,4,4,1,1,1,3,1,2,4,2,2,3,3,4,3,3,4,1,4,4,1,1,4,1,1,4,1,2,3,3,4,3,2,1,4,3,2,1,1,2,3,4,1,4,1,1,1,3,3,2,4,4,2,3,4,2,1,4,3,4,1,3,3,2,3,2,3,1,1,1,1,1,4,1,3,2,4,3,1,1,3,4,2,2,2,2,1,4,1,4,2,3,3,1,3,1,1,4,2,2,2,2,4,2,2,3,2,2,1,1,2,1,3,3,3,4,3,2,3,3,3,3,1,3,3,1,1,4,2,4,1,1,1,4,3,2,2,3,2,3,4,1,3,3,1,1,2,3,1,2,4,3,4,1,1,3,4,1,3,3,3,1,1,3,2,3,3,3,2,4,1,1,4,3,3,1,3,4,1,2,3,4,1,1,2,3,2,4,1,1,2,2,2,3,1,3,4,3,2,4,4,3,3,2,2,4,2,1,1,4,3,3,1,3,2,1,4,3,4,4,3,3,1,1,4,4,1,4,2,3,3,2,1,1,4,4,1,4,2,3,2,3,3,4,4,3,4,2,1,4,4,4,1,2,3,2,4,1,2,4,4,3,1,3,2,3,2,4,1,1,4,1,3,2,2,2,3,2,1,2,3,1,4,1,3,1,2,3,4,2,3,3,4,4,3,4,4,2,3,1,2,3,3,2,4,1,1,3,3,1,3,1,4,1,1,1,3,4,2,2,1,3,2,2,1,1,3,2,1,4,4,4,1,3,4,4,4,1,1,1,4,1,1,3,1,2,1,1,2,2,1,3,4,2,3,1,1,2,2,3,1,2,2,4,2,3,1,2,4,2,1,1,1,4,1,1,2,2,3,2,1,1,3,1,3,3,1,2,2,2,3,2,3,4,3,1,1,2,1,2,4,3,1,2,4,1,3,4,3,4,4,3,2,3,3,1,3,3,1,2,3,1,2,2,3,2,3,2,2,2,3,2,4,1,1,4,2,1,4,2,3,3,1,1,4,1,2,4,2,1,3,2,4,3,1,2,1,2,3,4,1,3,3,4,4,3,2,3,3,2,1,3,2,1,2,2,2,1,1,3,3,3,3,3,1,4,2,3,2,2,3,2,2,4,2,2,4,2,2,2,2,2,2,1,4,1,1,4,4,2,3,3,1,2,3,4,4,3,2,2,1,4,2,4,1,2,2,3,4,2,1,4,2,4,1,3,3,1,4,1,3,4,4,2,2,2,2,2,1,1,4,4,2,3,3,4,4,4,2,4,2,1,4,3,2,1,1,2,2,1,1,1,2,4,1,1,3,4,2,1,2,4,4,4,3,1,4,2,3,4,4,2,3,2,1,4,2,3,1,4,4,3,2,2,4,1,2,3,4,1,3,1,1,4,1,2,2,1,4,4,1,2,2,4,4,3,3,1,1,4,4,3,1"
31,0.9875909492720556,0.4509803921568627,2338.0,"3,1,1,3,1,3,4,4,4,3,1,1,1,1,1,1,3,2,1,3,3,3,3,1,4,4,3,2,1,2,4,2,3,2,1,3,1,4,4,1,2,2,1,3,1,2,4,4,1,2,4,1,2,1,4,2,3,4,3,4,3,3,1,1,2,1,1,2,1,4,3,3,1,1,2,1,4,3,2,2,2,1,1,1,2,2,3,3,1,1,3,4,3,1,1,1,1,3,1,1,3,4,3,1,1,2,1,4,1,3,1,1,2,1,1,3,4,2,4,4,1,2,3,4,1,3,4,1,4,2,2,1,3,1,4,3,2,3,2,3,3,3,4,4,1,1,2,4,2,1,2,1,4,3,4,2,2,4,4,1,2,2,4,3,2,3,4,4,1,2,3,1,2,1,4,2,1,1,3,1,2,2,3,2,4,2,2,1,1,2,3,1,3,2,2,4,1,2,4,1,2,2,1,1,1,2,2,4,3,1,2,2,1,3,1,3,2,3,4,2,4,1,1,1,3,2,1,1,2,1,4,2,2,2,4,2,4,2,3,1,3,1,4,3,2,1,1,3,4,3,4,4,1,3,3,4,3,2,2,3,3,4,2,2,1,4,1,2,4,3,4,3,3,4,3,1,2,3,1,3,2,1,2,2,1,1,3,4,2,4,2,4,1,1,2,3,3,3,3,4,1,4,4,4,2,1,2,3,1,2,2,4,2,2,3,3,2,2,2,4,4,4,3,1,4,4,2,4,1,3,4,3,4,3,3,4,4,3,1,1,1,1,4,2,3,1,1,2,2,4,3,3,2,2,2,4,3,2,1,3,3,1,1,3,3,2,4,4,2,1,1,1,1,2,3,2,1,2,4,4,1,2,4,3,1,2,1,4,3,4,1,3,2,4,3,1,2,1,1,2,3,3,2,2,1,1,4,2,4,2,4,1,1,3,4,2,4,1,3,4,1,2,3,1,2,4,2,2,2,3,1,1,2,4,4,1,4,2,1,1,4,1,3,2,3,1,4,3,3,3,4,4,1,4,3,1,4,2,4,4,1,1,1,2,2,4,4,1,1,2,2,1,4,2,1,1,1,2,4,2,4,2,1,1,3,1,4,1,3,1,1,2,4,3,2,3,1,3,2,1,2,4,4,4,3,4,3,3,2,1,1,2,4,2,2,1,3,2,2,3,1,4,2,4,4,2,4,2,3,3,3,3,1,3,2,2,2,4,2,1,1,1,1,1,1,3,1,4,1,2,2,4,1,3,3,3,3,1,4,3,1,1,1,1,1,2,1,1,1,2,2,4,4,1,3,1,4,3,3,4,1,4,3,2,1,4,4,4,2,2,1,1,1,4,2,1,2,3,1,2,1,2,2,4,3,1,2,1,2,3,2,2,1,3,2,1,2,1,3,4,3,1,3,1,1,3,4,3,1,4,1,4,3,3,1,4,1,4,1,3,2,1,2,3,2,4,2,1,2,4,3,4,1,4,2,2,4,2,2,1,1,1,3,3,1,4,4,4,1,3,2,4,1,1,2,3,3,1,2,3,2,2,1,2,2,2,4,2,2,1,3,3,2,1,1,2,2,3,3,3,2,3,1,4,4,4,1,4,2,2,4,4,3,1,3,1,3,2,1,4,1,1,3,4,3,4,3,1,3,3,1,1,1,4,1,3,3,1,1,3,1,1,4,1,4,2,4,1,1,3,1,1,1,4,4,2,4,3,4,1,4,1,3,2,2,2,2,1,1,4,1,2,1,3,3,3,2,4,1,4,1,2,3,2,3,4,4,2,2,1,4,3,4,1,2,3,1,2,3,1,2,4,2,2,1,1,1,2,2,4,1,4,3,4,1,3,2,2,3,1,4,2,3,4,4,2,1,1,3,3,1,3,1,2,4,3,2,1,3,2,3,2,1,4,2,1,3,4,4,3,4,3,3,1,3,1,2,2,3,1,2,1,2,3,2,3,3,2,3,1,1,1,4,2,2,4,2,1,4,4,1,2,3,3,2,3,4,3,2,2,2,4,2,3,2,2,2,4,4,4,4,1,1,3,2,4,4,2,2,1,2,1,2,2,4,4,1,2,4,1,4,3,1,3,2,1,3,2,1,2,3,1,2,2,4,3,1,1,2,3,2,2,1,2,1,1,4,1,4,2,1,1,4,4,1,3,3,4,1,2,2,3,3,2,4,1,3,1,4,4,3,4,2,4,3,4,4,3,3,1,2,3,4,1,4,2,4,1,2,4,1,4,2,4,4,1,4,3,2,1,3,3,2,1,3,4,3,2,3,1,3,3,2,3,3,1,2,2,2,2,4,4,4,2,2,4,2,3,1,2,3,3,4,1,2,2,1,3,2,2,1,3,3,3,2,3,1,4,4,1,1,1,3,1,2,4,2,2,3,3,4,3,3,4,1,4,4,1,1,4,1,1,4,1,2,3,3,4,3,2,1,4,3,2,1,1,2,3,4,1,4,1,1,1,3,3,2,4,4,2,3,4,2,1,4,3,4,1,3,3,2,3,2,3,1,1,1,1,1,4,1,3,2,4,3,1,1,3,4,2,2,2,2,1,4,1,4,2,3,3,1,3,1,1,4,2,2,2,2,4,2,2,3,2,2,1,1,2,1,3,3,3,4,3,2,3,3,3,3,1,3,3,1,1,4,2,4,1,1,1,4,3,2,2,3,2,3,4,1,3,3,1,1,2,3,1,2,4,3,4,1,1,3,4,1,3,3,3,1,1,3,2,3,3,3,2,4,1,1,4,3,3,1,3,4,1,2,3,4,1,1,2,3,2,4,1,1,2,2,2,3,1,3,4,3,2,4,4,3,3,2,2,4,2,1,1,4,3,3,1,3,2,1,4,3,4,4,3,3,1,1,4,4,1,4,2,3,3,2,1,1,4,4,1,4,2,3,2,3,3,4,4,3,4,2,1,4,4,4,1,2,3,2,4,1,2,4,4,3,1,3,2,3,2,4,1,1,4,1,3,2,2,2,3,2,1,2,3,1,4,1,3,1,2,3,4,2,3,3,4,4,3,4,4,2,3,1,2,3,3,2,4,1,1,3,3,1,3,1,4,1,1,1,3,4,2,2,1,3,2,2,1,1,3,2,1,4,4,4,1,3,4,4,4,1,1,1,4,1,1,3,1,2,1,1,2,2,1,3,4,2,3,1,1,2,2,3,1,2,2,4,2,3,1,2,4,2,1,1,1,4,1,1,2,2,3,2,1,1,3,1,3,3,1,2,2,2,3,2,3,4,3,1,1,2,1,2,4,3,1,2,4,1,3,4,3,4,4,3,2,3,3,1,3,3,1,2,3,1,2,2,3,2,3,2,2,2,3,2,4,1,1,4,2,1,4,2,3,3,1,1,4,1,2,4,2,1,3,2,4,3,1,2,1,2,3,4,1,3,3,4,4,3,2,3,3,2,1,3,2,1,2,2,2,1,1,3,3,3,3,3,1,4,2,3,2,2,3,2,2,4,2,2,4,2,2,2,2,2,2,1,4,1,1,4,4,2,3,3,1,2,3,4,4,3,2,2,1,4,2,4,1,2,2,3,4,2,1,4,2,4,1,3,3,1,4,1,3,4,4,2,2,2,2,2,1,1,4,4,2,3,3,4,4,4,2,4,2,1,4,3,2,1,1,2,2,1,1,1,2,4,1,1,3,4,2,1,2,4,4,4,3,1,4,2,3,4,4,2,3,2,1,4,2,3,1,4,4,3,2,2,4,1,2,3,4,1,3,1,1,4,1,2,2,1,4,4,1,2,2,4,4,3,3,1,1,4,4,3,1"
32,0.9875909492720556,0.4509803921568627,2338.0,"3,1,1,3,1,3,4,4,4,3,1,1,1,1,1,1,3,2,1,3,3,3,3,1,4,4,3,2,1,2,4,2,3,2,1,3,1,4,4,1,2,2,1,3,1,2,4,4,1,2,4,1,2,1,4,2,3,4,3,4,3,3,1,1,2,1,1,2,1,4,3,3,1,1,2,1,4,3,2,2,2,1,1,1,2,2,3,3,1,1,3,4,3,1,1,1,1,3,1,1,3,4,3,1,1,2,1,4,1,3,1,1,2,1,1,3,4,2,4,4,1,2,3,4,1,3,4,1,4,2,2,1,3,1,4,3,2,3,2,3,3,3,4,4,1,1,2,4,2,1,2,1,4,3,4,2,2,4,4,1,2,2,4,3,2,3,4,4,1,2,3,1,2,1,4,2,1,1,3,1,2,2,3,2,4,2,2,1,1,2,3,1,3,2,2,4,1,2,4,1,2,2,1,1,1,2,2,4,3,1,2,2,1,3,1,3,2,3,4,2,4,1,1,1,3,2,1,1,2,1,4,2,2,2,4,2,4,2,3,1,3,1,4,3,2,1,1,3,4,3,4,4,1,3,3,4,3,2,2,3,3,4,2,2,1,4,1,2,4,3,4,3,3,4,3,1,2,3,1,3,2,1,2,2,1,1,3,4,2,4,2,4,1,1,2,3,3,3,3,4,1,4,4,4,2,1,2,3,1,2,2,4,2,2,3,3,2,2,2,4,4,4,3,1,4,4,2,4,1,3,4,3,4,3,3,4,4,3,1,1,1,1,4,2,3,1,1,2,2,4,3,3,2,2,2,4,3,2,1,3,3,1,1,3,3,2,4,4,2,1,1,1,1,2,3,2,1,2,4,4,1,2,4,3,1,2,1,4,3,4,1,3,2,4,3,1,2,1,1,2,3,3,2,2,1,1,4,2,4,2,4,1,1,3,4,2,4,1,3,4,1,2,3,1,2,4,2,2,2,3,1,1,2,4,4,1,4,2,1,1,4,1,3,2,3,1,4,3,3,3,4,4,1,4,3,1,4,2,4,4,1,1,1,2,2,4,4,1,1,2,2,1,4,2,1,1,1,2,4,2,4,2,1,1,3,1,4,1,3,1,1,2,4,3,2,3,1,3,2,1,2,4,4,4,3,4,3,3,2,1,1,2,4,2,2,1,3,2,2,3,1,4,2,4,4,2,4,2,3,3,3,3,1,3,2,2,2,4,2,1,1,1,1,1,1,3,1,4,1,2,2,4,1,3,3,3,3,1,4,3,1,1,1,1,1,2,1,1,1,2,2,4,4,1,3,1,4,3,3,4,1,4,3,2,1,4,4,4,2,2,1,1,1,4,2,1,2,3,1,2,1,2,2,4,3,1,2,1,2,3,2,2,1,3,2,1,2,1,3,4,3,1,3,1,1,3,4,3,1,4,1,4,3,3,1,4,1,4,1,3,2,1,2,3,2,4,2,1,2,4,3,4,1,4,2,2,4,2,2,1,1,1,3,3,1,4,4,4,1,3,2,4,1,1,2,3,3,1,2,3,2,2,1,2,2,2,4,2,2,1,3,3,2,1,1,2,2,3,3,3,2,3,1,4,4,4,1,4,2,2,4,4,3,1,3,1,3,2,1,4,1,1,3,4,3,4,3,1,3,3,1,1,1,4,1,3,3,1,1,3,1,1,4,1,4,2,4,1,1,3,1,1,1,4,4,2,4,3,4,1,4,1,3,2,2,2,2,1,1,4,1,2,1,3,3,3,2,4,1,4,1,2,3,2,3,4,4,2,2,1,4,3,4,1,2,3,1,2,3,1,2,4,2,2,1,1,1,2,2,4,1,4,3,4,1,3,2,2,3,1,4,2,3,4,4,2,1,1,3,3,1,3,1,2,4,3,2,1,3,2,3,2,1,4,2,1,3,4,4,3,4,3,3,1,3,1,2,2,3,1,2,1,2,3,2,3,3,2,3,1,1,1,4,2,2,4,2,1,4,4,1,2,3,3,2,3,4,3,2,2,2,4,2,3,2,2,2,4,4,4,4,1,1,3,2,4,4,2,2,1,2,1,2,2,4,4,1,2,4,1,4,3,1,3,2,1,3,2,1,2,3,1,2,2,4,3,1,1,2,3,2,2,1,2,1,1,4,1,4,2,1,1,4,4,1,3,3,4,1,2,2,3,3,2,4,1,3,1,4,4,3,4,2,4,3,4,4,3,3,1,2,3,4,1,4,2,4,1,2,4,1,4,2,4,4,1,4,3,2,1,3,3,2,1,3,4,3,2,3,1,3,3,2,3,3,1,2,2,2,2,4,4,4,2,2,4,2,3,1,2,3,3,4,1,2,2,1,3,2,2,1,3,3,3,2,3,1,4,4,1,1,1,3,1,2,4,2,2,3,3,4,3,3,4,1,4,4,1,1,4,1,1,4,1,2,3,3,4,3,2,1,4,3,2,1,1,2,3,4,1,4,1,1,1,3,3,2,4,4,2,3,4,2,1,4,3,4,1,3,3,2,3,2,3,1,1,1,1,1,4,1,3,2,4,3,1,1,3,4,2,2,2,2,1,4,1,4,2,3,3,1,3,1,1,4,2,2,2,2,4,2,2,3,2,2,1,1,2,1,3,3,3,4,3,2,3,3,3,3,1,3,3,1,1,4,2,4,1,1,1,4,3,2,2,3,2,3,4,1,3,3,1,1,2,3,1,2,4,3,4,1,1,3,4,1,3,3,3,1,1,3,2,3,3,3,2,4,1,1,4,3,3,1,3,4,1,2,3,4,1,1,2,3,2,4,1,1,2,2,2,3,1,3,4,3,2,4,4,3,3,2,2,4,2,1,1,4,3,3,1,3,2,1,4,3,4,4,3,3,1,1,4,4,1,4,2,3,3,2,1,1,4,4,1,4,2,3,2,3,3,4,4,3,4,2,1,4,4,4,1,2,3,2,4,1,2,4,4,3,1,3,2,3,2,4,1,1,4,1,3,2,2,2,3,2,1,2,3,1,4,1,3,1,2,3,4,2,3,3,4,4,3,4,4,2,3,1,2,3,3,2,4,1,1,3,3,1,3,1,4,1,1,1,3,4,2,2,1,3,2,2,1,1,3,2,1,4,4,4,1,3,4,4,4,1,1,1,4,1,1,3,1,2,1,1,2,2,1,3,4,2,3,1,1,2,2,3,1,2,2,4,2,3,1,2,4,2,1,1,1,4,1,1,2,2,3,2,1,1,3,1,3,3,1,2,2,2,3,2,3,4,3,1,1,2,1,2,4,3,1,2,4,1,3,4,3,4,4,3,2,3,3,1,3,3,1,2,3,1,2,2,3,2,3,2,2,2,3,2,4,1,1,4,2,1,4,2,3,3,1,1,4,1,2,4,2,1,3,2,4,3,1,2,1,2,3,4,1,3,3,4,4,3,2,3,3,2,1,3,2,1,2,2,2,1,1,3,3,3,3,3,1,4,2,3,2,2,3,2,2,4,2,2,4,2,2,2,2,2,2,1,4,1,1,4,4,2,3,3,1,2,3,4,4,3,2,2,1,4,2,4,1,2,2,3,4,2,1,4,2,4,1,3,3,1,4,1,3,4,4,2,2,2,2,2,1,1,4,4,2,3,3,4,4,4,2,4,2,1,4,3,2,1,1,2,2,1,1,1,2,4,1,1,3,4,2,1,2,4,4,4,3,1,4,2,3,4,4,2,3,2,1,4,2,3,1,4,4,3,2,2,4,1,2,3,4,1,3,1,1,4,1,2,2,1,4,4,1,2,2,4,4,3,3,1,1,4,4,3,1"
33,0.9875909492720556,0.4509803921568627,2338.0,"3,1,1,3,1,3,4,4,4,3,1,1,1,1,1,1,3,2,1,3,3,3,3,1,4,4,3,2,1,2,4,2,3,2,1,3,1,4,4,1,2,2,1,3,1,2,4,4,1,2,4,1,2,1,4,2,3,4,3,4,3,3,1,1,2,1,1,2,1,4,3,3,1,1,2,1,4,3,2,2,2,1,1,1,2,2,3,3,1,1,3,4,3,1,1,1,1,3,1,1,3,4,3,1,1,2,1,4,1,3,1,1,2,1,1,3,4,2,4,4,1,2,3,4,1,3,4,1,4,2,2,1,3,1,4,3,2,3,2,3,3,3,4,4,1,1,2,4,2,1,2,1,4,3,4,2,2,4,4,1,2,2,4,3,2,3,4,4,1,2,3,1,2,1,4,2,1,1,3,1,2,2,3,2,4,2,2,1,1,2,3,1,3,2,2,4,1,2,4,1,2,2,1,1,1,2,2,4,3,1,2,2,1,3,1,3,2,3,4,2,4,1,1,1,3,2,1,1,2,1,4,2,2,2,4,2,4,2,3,1,3,1,4,3,2,1,1,3,4,3,4,4,1,3,3,4,3,2,2,3,3,4,2,2,1,4,1,2,4,3,4,3,3,4,3,1,2,3,1,3,2,1,2,2,1,1,3,4,2,4,2,4,1,1,2,3,3,3,3,4,1,4,4,4,2,1,2,3,1,2,2,4,2,2,3,3,2,2,2,4,4,4,3,1,4,4,2,4,1,3,4,3,4,3,3,4,4,3,1,1,1,1,4,2,3,1,1,2,2,4,3,3,2,2,2,4,3,2,1,3,3,1,1,3,3,2,4,4,2,1,1,1,1,2,3,2,1,2,4,4,1,2,4,3,1,2,1,4,3,4,1,3,2,4,3,1,2,1,1,2,3,3,2,2,1,1,4,2,4,2,4,1,1,3,4,2,4,1,3,4,1,2,3,1,2,4,2,2,2,3,1,1,2,4,4,1,4,2,1,1,4,1,3,2,3,1,4,3,3,3,4,4,1,4,3,1,4,2,4,4,1,1,1,2,2,4,4,1,1,2,2,1,4,2,1,1,1,2,4,2,4,2,1,1,3,1,4,1,3,1,1,2,4,3,2,3,1,3,2,1,2,4,4,4,3,4,3,3,2,1,1,2,4,2,2,1,3,2,2,3,1,4,2,4,4,2,4,2,3,3,3,3,1,3,2,2,2,4,2,1,1,1,1,1,1,3,1,4,1,2,2,4,1,3,3,3,3,1,4,3,1,1,1,1,1,2,1,1,1,2,2,4,4,1,3,1,4,3,3,4,1,4,3,2,1,4,4,4,2,2,1,1,1,4,2,1,2,3,1,2,1,2,2,4,3,1,2,1,2,3,2,2,1,3,2,1,2,1,3,4,3,1,3,1,1,3,4,3,1,4,1,4,3,3,1,4,1,4,1,3,2,1,2,3,2,4,2,1,2,4,3,4,1,4,2,2,4,2,2,1,1,1,3,3,1,4,4,4,1,3,2,4,1,1,2,3,3,1,2,3,2,2,1,2,2,2,4,2,2,1,3,3,2,1,1,2,2,3,3,3,2,3,1,4,4,4,1,4,2,2,4,4,3,1,3,1,3,2,1,4,1,1,3,4,3,4,3,1,3,3,1,1,1,4,1,3,3,1,1,3,1,1,4,1,4,2,4,1,1,3,1,1,1,4,4,2,4,3,4,1,4,1,3,2,2,2,2,1,1,4,1,2,1,3,3,3,2,4,1,4,1,2,3,2,3,4,4,2,2,1,4,3,4,1,2,3,1,2,3,1,2,4,2,2,1,1,1,2,2,4,1,4,3,4,1,3,2,2,3,1,4,2,3,4,4,2,1,1,3,3,1,3,1,2,4,3,2,1,3,2,3,2,1,4,2,1,3,4,4,3,4,3,3,1,3,1,2,2,3,1,2,1,2,3,2,3,3,2,3,1,1,1,4,2,2,4,2,1,4,4,1,2,3,3,2,3,4,3,2,2,2,4,2,3,2,2,2,4,4,4,4,1,1,3,2,4,4,2,2,1,2,1,2,2,4,4,1,2,4,1,4,3,1,3,2,1,3,2,1,2,3,1,2,2,4,3,1,1,2,3,2,2,1,2,1,1,4,1,4,2,1,1,4,4,1,3,3,4,1,2,2,3,3,2,4,1,3,1,4,4,3,4,2,4,3,4,4,3,3,1,2,3,4,1,4,2,4,1,2,4,1,4,2,4,4,1,4,3,2,1,3,3,2,1,3,4,3,2,3,1,3,3,2,3,3,1,2,2,2,2,4,4,4,2,2,4,2,3,1,2,3,3,4,1,2,2,1,3,2,2,1,3,3,3,2,3,1,4,4,1,1,1,3,1,2,4,2,2,3,3,4,3,3,4,1,4,4,1,1,4,1,1,4,1,2,3,3,4,3,2,1,4,3,2,1,1,2,3,4,1,4,1,1,1,3,3,2,4,4,2,3,4,2,1,4,3,4,1,3,3,2,3,2,3,1,1,1,1,1,4,1,3,2,4,3,1,1,3,4,2,2,2,2,1,4,1,4,2,3,3,1,3,1,1,4,2,2,2,2,4,2,2,3,2,2,1,1,2,1,3,3,3,4,3,2,3,3,3,3,1,3,3,1,1,4,2,4,1,1,1,4,3,2,2,3,2,3,4,1,3,3,1,1,2,3,1,2,4,3,4,1,1,3,4,1,3,3,3,1,1,3,2,3,3,3,2,4,1,1,4,3,3,1,3,4,1,2,3,4,1,1,2,3,2,4,1,1,2,2,2,3,1,3,4,3,2,4,4,3,3,2,2,4,2,1,1,4,3,3,1,3,2,1,4,3,4,4,3,3,1,1,4,4,1,4,2,3,3,2,1,1,4,4,1,4,2,3,2,3,3,4,4,3,4,2,1,4,4,4,1,2,3,2,4,1,2,4,4,3,1,3,2,3,2,4,1,1,4,1,3,2,2,2,3,2,1,2,3,1,4,1,3,1,2,3,4,2,3,3,4,4,3,4,4,2,3,1,2,3,3,2,4,1,1,3,3,1,3,1,4,1,1,1,3,4,2,2,1,3,2,2,1,1,3,2,1,4,4,4,1,3,4,4,4,1,1,1,4,1,1,3,1,2,1,1,2,2,1,3,4,2,3,1,1,2,2,3,1,2,2,4,2,3,1,2,4,2,1,1,1,4,1,1,2,2,3,2,1,1,3,1,3,3,1,2,2,2,3,2,3,4,3,1,1,2,1,2,4,3,1,2,4,1,3,4,3,4,4,3,2,3,3,1,3,3,1,2,3,1,2,2,3,2,3,2,2,2,3,2,4,1,1,4,2,1,4,2,3,3,1,1,4,1,2,4,2,1,3,2,4,3,1,2,1,2,3,4,1,3,3,4,4,3,2,3,3,2,1,3,2,1,2,2,2,1,1,3,3,3,3,3,1,4,2,3,2,2,3,2,2,4,2,2,4,2,2,2,2,2,2,1,4,1,1,4,4,2,3,3,1,2,3,4,4,3,2,2,1,4,2,4,1,2,2,3,4,2,1,4,2,4,1,3,3,1,4,1,3,4,4,2,2,2,2,2,1,1,4,4,2,3,3,4,4,4,2,4,2,1,4,3,2,1,1,2,2,1,1,1,2,4,1,1,3,4,2,1,2,4,4,4,3,1,4,2,3,4,4,2,3,2,1,4,2,3,1,4,4,3,2,2,4,1,2,3,4,1,3,1,1,4,1,2,2,1,4,4,1,2,2,4,4,3,3,1,1,4,4,3,1"
34,0.9875909492720556,0.4509803921568627,2338.0,"3,1,1,3,1,3,4,4,4,3,1,1,1,1,1,1,3,2,1,3,3,3,3,1,4,4,3,2,1,2,4,2,3,2,1,3,1,4,4,1,2,2,1,3,1,2,4,4,1,2,4,1,2,1,4,2,3,4,3,4,3,3,1,1,2,1,1,2,1,4,3,3,1,1,2,1,4,3,2,2,2,1,1,1,2,2,3,3,1,1,3,4,3,1,1,1,1,3,1,1,3,4,3,1,1,2,1,4,1,3,1,1,2,1,1,3,4,2,4,4,1,2,3,4,1,3,4,1,4,2,2,1,3,1,4,3,2,3,2,3,3,3,4,4,1,1,2,4,2,1,2,1,4,3,4,2,2,4,4,1,2,2,4,3,2,3,4,4,1,2,3,1,2,1,4,2,1,1,3,1,2,2,3,2,4,2,2,1,1,2,3,1,3,2,2,4,1,2,4,1,2,2,1,1,1,2,2,4,3,1,2,2,1,3,1,3,2,3,4,2,4,1,1,1,3,2,1,1,2,1,4,2,2,2,4,2,4,2,3,1,3,1,4,3,2,1,1,3,4,3,4,4,1,3,3,4,3,2,2,3,3,4,2,2,1,4,1,2,4,3,4,3,3,4,3,1,2,3,1,3,2,1,2,2,1,1,3,4,2,4,2,4,1,1,2,3,3,3,3,4,1,4,4,4,2,1,2,3,1,2,2,4,2,2,3,3,2,2,2,4,4,4,3,1,4,4,2,4,1,3,4,3,4,3,3,4,4,3,1,1,1,1,4,2,3,1,1,2,2,4,3,3,2,2,2,4,3,2,1,3,3,1,1,3,3,2,4,4,2,1,1,1,1,2,3,2,1,2,4,4,1,2,4,3,1,2,1,4,3,4,1,3,2,4,3,1,2,1,1,2,3,3,2,2,1,1,4,2,4,2,4,1,1,3,4,2,4,1,3,4,1,2,3,1,2,4,2,2,2,3,1,1,2,4,4,1,4,2,1,1,4,1,3,2,3,1,4,3,3,3,4,4,1,4,3,1,4,2,4,4,1,1,1,2,2,4,4,1,1,2,2,1,4,2,1,1,1,2,4,2,4,2,1,1,3,1,4,1,3,1,1,2,4,3,2,3,1,3,2,1,2,4,4,4,3,4,3,3,2,1,1,2,4,2,2,1,3,2,2,3,1,4,2,4,4,2,4,2,3,3,3,3,1,3,2,2,2,4,2,1,1,1,1,1,1,3,1,4,1,2,2,4,1,3,3,3,3,1,4,3,1,1,1,1,1,2,1,1,1,2,2,4,4,1,3,1,4,3,3,4,1,4,3,2,1,4,4,4,2,2,1,1,1,4,2,1,2,3,1,2,1,2,2,4,3,1,2,1,2,3,2,2,1,3,2,1,2,1,3,4,3,1,3,1,1,3,4,3,1,4,1,4,3,3,1,4,1,4,1,3,2,1,2,3,2,4,2,1,2,4,3,4,1,4,2,2,4,2,2,1,1,1,3,3,1,4,4,4,1,3,2,4,1,1,2,3,3,1,2,3,2,2,1,2,2,2,4,2,2,1,3,3,2,1,1,2,2,3,3,3,2,3,1,4,4,4,1,4,2,2,4,4,3,1,3,1,3,2,1,4,1,1,3,4,3,4,3,1,3,3,1,1,1,4,1,3,3,1,1,3,1,1,4,1,4,2,4,1,1,3,1,1,1,4,4,2,4,3,4,1,4,1,3,2,2,2,2,1,1,4,1,2,1,3,3,3,2,4,1,4,1,2,3,2,3,4,4,2,2,1,4,3,4,1,2,3,1,2,3,1,2,4,2,2,1,1,1,2,2,4,1,4,3,4,1,3,2,2,3,1,4,2,3,4,4,2,1,1,3,3,1,3,1,2,4,3,2,1,3,2,3,2,1,4,2,1,3,4,4,3,4,3,3,1,3,1,2,2,3,1,2,1,2,3,2,3,3,2,3,1,1,1,4,2,2,4,2,1,4,4,1,2,3,3,2,3,4,3,2,2,2,4,2,3,2,2,2,4,4,4,4,1,1,3,2,4,4,2,2,1,2,1,2,2,4,4,1,2,4,1,4,3,1,3,2,1,3,2,1,2,3,1,2,2,4,3,1,1,2,3,2,2,1,2,1,1,4,1,4,2,1,1,4,4,1,3,3,4,1,2,2,3,3,2,4,1,3,1,4,4,3,4,2,4,3,4,4,3,3,1,2,3,4,1,4,2,4,1,2,4,1,4,2,4,4,1,4,3,2,1,3,3,2,1,3,4,3,2,3,1,3,3,2,3,3,1,2,2,2,2,4,4,4,2,2,4,2,3,1,2,3,3,4,1,2,2,1,3,2,2,1,3,3,3,2,3,1,4,4,1,1,1,3,1,2,4,2,2,3,3,4,3,3,4,1,4,4,1,1,4,1,1,4,1,2,3,3,4,3,2,1,4,3,2,1,1,2,3,4,1,4,1,1,1,3,3,2,4,4,2,3,4,2,1,4,3,4,1,3,3,2,3,2,3,1,1,1,1,1,4,1,3,2,4,3,1,1,3,4,2,2,2,2,1,4,1,4,2,3,3,1,3,1,1,4,2,2,2,2,4,2,2,3,2,2,1,1,2,1,3,3,3,4,3,2,3,3,3,3,1,3,3,1,1,4,2,4,1,1,1,4,3,2,2,3,2,3,4,1,3,3,1,1,2,3,1,2,4,3,4,1,1,3,4,1,3,3,3,1,1,3,2,3,3,3,2,4,1,1,4,3,3,1,3,4,1,2,3,4,1,1,2,3,2,4,1,1,2,2,2,3,1,3,4,3,2,4,4,3,3,2,2,4,2,1,1,4,3,3,1,3,2,1,4,3,4,4,3,3,1,1,4,4,1,4,2,3,3,2,1,1,4,4,1,4,2,3,2,3,3,4,4,3,4,2,1,4,4,4,1,2,3,2,4,1,2,4,4,3,1,3,2,3,2,4,1,1,4,1,3,2,2,2,3,2,1,2,3,1,4,1,3,1,2,3,4,2,3,3,4,4,3,4,4,2,3,1,2,3,3,2,4,1,1,3,3,1,3,1,4,1,1,1,3,4,2,2,1,3,2,2,1,1,3,2,1,4,4,4,1,3,4,4,4,1,1,1,4,1,1,3,1,2,1,1,2,2,1,3,4,2,3,1,1,2,2,3,1,2,2,4,2,3,1,2,4,2,1,1,1,4,1,1,2,2,3,2,1,1,3,1,3,3,1,2,2,2,3,2,3,4,3,1,1,2,1,2,4,3,1,2,4,1,3,4,3,4,4,3,2,3,3,1,3,3,1,2,3,1,2,2,3,2,3,2,2,2,3,2,4,1,1,4,2,1,4,2,3,3,1,1,4,1,2,4,2,1,3,2,4,3,1,2,1,2,3,4,1,3,3,4,4,3,2,3,3,2,1,3,2,1,2,2,2,1,1,3,3,3,3,3,1,4,2,3,2,2,3,2,2,4,2,2,4,2,2,2,2,2,2,1,4,1,1,4,4,2,3,3,1,2,3,4,4,3,2,2,1,4,2,4,1,2,2,3,4,2,1,4,2,4,1,3,3,1,4,1,3,4,4,2,2,2,2,2,1,1,4,4,2,3,3,4,4,4,2,4,2,1,4,3,2,1,1,2,2,1,1,1,2,4,1,1,3,4,2,1,2,4,4,4,3,1,4,2,3,4,4,2,3,2,1,4,2,3,1,4,4,3,2,2,4,1,2,3,4,1,3,1,1,4,1,2,2,1,4,4,1,2,2,4,4,3,3,1,1,4,4,3,1"
35,0.9875909492720556,0.4509803921568627,2338.0,"3,1,1,3,1,3,4,4,4,3,1,1,1,1,1,1,3,2,1,3,3,3,3,1,4,4,3,2,1,2,4,2,3,2,1,3,1,4,4,1,2,2,1,3,1,2,4,4,1,2,4,1,2,1,4,2,3,4,3,4,3,3,1,1,2,1,1,2,1,4,3,3,1,1,2,1,4,3,2,2,2,1,1,1,2,2,3,3,1,1,3,4,3,1,1,1,1,3,1,1,3,4,3,1,1,2,1,4,1,3,1,1,2,1,1,3,4,2,4,4,1,2,3,4,1,3,4,1,4,2,2,1,3,1,4,3,2,3,2,3,3,3,4,4,1,1,2,4,2,1,2,1,4,3,4,2,2,4,4,1,2,2,4,3,2,3,4,4,1,2,3,1,2,1,4,2,1,1,3,1,2,2,3,2,4,2,2,1,1,2,3,1,3,2,2,4,1,2,4,1,2,2,1,1,1,2,2,4,3,1,2,2,1,3,1,3,2,3,4,2,4,1,1,1,3,2,1,1,2,1,4,2,2,2,4,2,4,2,3,1,3,1,4,3,2,1,1,3,4,3,4,4,1,3,3,4,3,2,2,3,3,4,2,2,1,4,1,2,4,3,4,3,3,4,3,1,2,3,1,3,2,1,2,2,1,1,3,4,2,4,2,4,1,1,2,3,3,3,3,4,1,4,4,4,2,1,2,3,1,2,2,4,2,2,3,3,2,2,2,4,4,4,3,1,4,4,2,4,1,3,4,3,4,3,3,4,4,3,1,1,1,1,4,2,3,1,1,2,2,4,3,3,2,2,2,4,3,2,1,3,3,1,1,3,3,2,4,4,2,1,1,1,1,2,3,2,1,2,4,4,1,2,4,3,1,2,1,4,3,4,1,3,2,4,3,1,2,1,1,2,3,3,2,2,1,1,4,2,4,2,4,1,1,3,4,2,4,1,3,4,1,2,3,1,2,4,2,2,2,3,1,1,2,4,4,1,4,2,1,1,4,1,3,2,3,1,4,3,3,3,4,4,1,4,3,1,4,2,4,4,1,1,1,2,2,4,4,1,1,2,2,1,4,2,1,1,1,2,4,2,4,2,1,1,3,1,4,1,3,1,1,2,4,3,2,3,1,3,2,1,2,4,4,4,3,4,3,3,2,1,1,2,4,2,2,1,3,2,2,3,1,4,2,4,4,2,4,2,3,3,3,3,1,3,2,2,2,4,2,1,1,1,1,1,1,3,1,4,1,2,2,4,1,3,3,3,3,1,4,3,1,1,1,1,1,2,1,1,1,2,2,4,4,1,3,1,4,3,3,4,1,4,3,2,1,4,4,4,2,2,1,1,1,4,2,1,2,3,1,2,1,2,2,4,3,1,2,1,2,3,2,2,1,3,2,1,2,1,3,4,3,1,3,1,1,3,4,3,1,4,1,4,3,3,1,4,1,4,1,3,2,1,2,3,2,4,2,1,2,4,3,4,1,4,2,2,4,2,2,1,1,1,3,3,1,4,4,4,1,3,2,4,1,1,2,3,3,1,2,3,2,2,1,2,2,2,4,2,2,1,3,3,2,1,1,2,2,3,3,3,2,3,1,4,4,4,1,4,2,2,4,4,3,1,3,1,3,2,1,4,1,1,3,4,3,4,3,1,3,3,1,1,1,4,1,3,3,1,1,3,1,1,4,1,4,2,4,1,1,3,1,1,1,4,4,2,4,3,4,1,4,1,3,2,2,2,2,1,1,4,1,2,1,3,3,3,2,4,1,4,1,2,3,2,3,4,4,2,2,1,4,3,4,1,2,3,1,2,3,1,2,4,2,2,1,1,1,2,2,4,1,4,3,4,1,3,2,2,3,1,4,2,3,4,4,2,1,1,3,3,1,3,1,2,4,3,2,1,3,2,3,2,1,4,2,1,3,4,4,3,4,3,3,1,3,1,2,2,3,1,2,1,2,3,2,3,3,2,3,1,1,1,4,2,2,4,2,1,4,4,1,2,3,3,2,3,4,3,2,2,2,4,2,3,2,2,2,4,4,4,4,1,1,3,2,4,4,2,2,1,2,1,2,2,4,4,1,2,4,1,4,3,1,3,2,1,3,2,1,2,3,1,2,2,4,3,1,1,2,3,2,2,1,2,1,1,4,1,4,2,1,1,4,4,1,3,3,4,1,2,2,3,3,2,4,1,3,1,4,4,3,4,2,4,3,4,4,3,3,1,2,3,4,1,4,2,4,1,2,4,1,4,2,4,4,1,4,3,2,1,3,3,2,1,3,4,3,2,3,1,3,3,2,3,3,1,2,2,2,2,4,4,4,2,2,4,2,3,1,2,3,3,4,1,2,2,1,3,2,2,1,3,3,3,2,3,1,4,4,1,1,1,3,1,2,4,2,2,3,3,4,3,3,4,1,4,4,1,1,4,1,1,4,1,2,3,3,4,3,2,1,4,3,2,1,1,2,3,4,1,4,1,1,1,3,3,2,4,4,2,3,4,2,1,4,3,4,1,3,3,2,3,2,3,1,1,1,1,1,4,1,3,2,4,3,1,1,3,4,2,2,2,2,1,4,1,4,2,3,3,1,3,1,1,4,2,2,2,2,4,2,2,3,2,2,1,1,2,1,3,3,3,4,3,2,3,3,3,3,1,3,3,1,1,4,2,4,1,1,1,4,3,2,2,3,2,3,4,1,3,3,1,1,2,3,1,2,4,3,4,1,1,3,4,1,3,3,3,1,1,3,2,3,3,3,2,4,1,1,4,3,3,1,3,4,1,2,3,4,1,1,2,3,2,4,1,1,2,2,2,3,1,3,4,3,2,4,4,3,3,2,2,4,2,1,1,4,3,3,1,3,2,1,4,3,4,4,3,3,1,1,4,4,1,4,2,3,3,2,1,1,4,4,1,4,2,3,2,3,3,4,4,3,4,2,1,4,4,4,1,2,3,2,4,1,2,4,4,3,1,3,2,3,2,4,1,1,4,1,3,2,2,2,3,2,1,2,3,1,4,1,3,1,2,3,4,2,3,3,4,4,3,4,4,2,3,1,2,3,3,2,4,1,1,3,3,1,3,1,4,1,1,1,3,4,2,2,1,3,2,2,1,1,3,2,1,4,4,4,1,3,4,4,4,1,1,1,4,1,1,3,1,2,1,1,2,2,1,3,4,2,3,1,1,2,2,3,1,2,2,4,2,3,1,2,4,2,1,1,1,4,1,1,2,2,3,2,1,1,3,1,3,3,1,2,2,2,3,2,3,4,3,1,1,2,1,2,4,3,1,2,4,1,3,4,3,4,4,3,2,3,3,1,3,3,1,2,3,1,2,2,3,2,3,2,2,2,3,2,4,1,1,4,2,1,4,2,3,3,1,1,4,1,2,4,2,1,3,2,4,3,1,2,1,2,3,4,1,3,3,4,4,3,2,3,3,2,1,3,2,1,2,2,2,1,1,3,3,3,3,3,1,4,2,3,2,2,3,2,2,4,2,2,4,2,2,2,2,2,2,1,4,1,1,4,4,2,3,3,1,2,3,4,4,3,2,2,1,4,2,4,1,2,2,3,4,2,1,4,2,4,1,3,3,1,4,1,3,4,4,2,2,2,2,2,1,1,4,4,2,3,3,4,4,4,2,4,2,1,4,3,2,1,1,2,2,1,1,1,2,4,1,1,3,4,2,1,2,4,4,4,3,1,4,2,3,4,4,2,3,2,1,4,2,3,1,4,4,3,2,2,4,1,2,3,4,1,3,1,1,4,1,2,2,1,4,4,1,2,2,4,4,3,3,1,1,4,4,3,1"
36,0.9875909492720556,0.4509803921568627,2338.0,"3,1,1,3,1,3,4,4,4,3,1,1,1,1,1,1,3,2,1,3,3,3,3,1,4,4,3,2,1,2,4,2,3,2,1,3,1,4,4,1,2,2,1,3,1,2,4,4,1,2,4,1,2,1,4,2,3,4,3,4,3,3,1,1,2,1,1,2,1,4,3,3,1,1,2,1,4,3,2,2,2,1,1,1,2,2,3,3,1,1,3,4,3,1,1,1,1,3,1,1,3,4,3,1,1,2,1,4,1,3,1,1,2,1,1,3,4,2,4,4,1,2,3,4,1,3,4,1,4,2,2,1,3,1,4,3,2,3,2,3,3,3,4,4,1,1,2,4,2,1,2,1,4,3,4,2,2,4,4,1,2,2,4,3,2,3,4,4,1,2,3,1,2,1,4,2,1,1,3,1,2,2,3,2,4,2,2,1,1,2,3,1,3,2,2,4,1,2,4,1,2,2,1,1,1,2,2,4,3,1,2,2,1,3,1,3,2,3,4,2,4,1,1,1,3,2,1,1,2,1,4,2,2,2,4,2,4,2,3,1,3,1,4,3,2,1,1,3,4,3,4,4,1,3,3,4,3,2,2,3,3,4,2,2,1,4,1,2,4,3,4,3,3,4,3,1,2,3,1,3,2,1,2,2,1,1,3,4,2,4,2,4,1,1,2,3,3,3,3,4,1,4,4,4,2,1,2,3,1,2,2,4,2,2,3,3,2,2,2,4,4,4,3,1,4,4,2,4,1,3,4,3,4,3,3,4,4,3,1,1,1,1,4,2,3,1,1,2,2,4,3,3,2,2,2,4,3,2,1,3,3,1,1,3,3,2,4,4,2,1,1,1,1,2,3,2,1,2,4,4,1,2,4,3,1,2,1,4,3,4,1,3,2,4,3,1,2,1,1,2,3,3,2,2,1,1,4,2,4,2,4,1,1,3,4,2,4,1,3,4,1,2,3,1,2,4,2,2,2,3,1,1,2,4,4,1,4,2,1,1,4,1,3,2,3,1,4,3,3,3,4,4,1,4,3,1,4,2,4,4,1,1,1,2,2,4,4,1,1,2,2,1,4,2,1,1,1,2,4,2,4,2,1,1,3,1,4,1,3,1,1,2,4,3,2,3,1,3,2,1,2,4,4,4,3,4,3,3,2,1,1,2,4,2,2,1,3,2,2,3,1,4,2,4,4,2,4,2,3,3,3,3,1,3,2,2,2,4,2,1,1,1,1,1,1,3,1,4,1,2,2,4,1,3,3,3,3,1,4,3,1,1,1,1,1,2,1,1,1,2,2,4,4,1,3,1,4,3,3,4,1,4,3,2,1,4,4,4,2,2,1,1,1,4,2,1,2,3,1,2,1,2,2,4,3,1,2,1,2,3,2,2,1,3,2,1,2,1,3,4,3,1,3,1,1,3,4,3,1,4,1,4,3,3,1,4,1,4,1,3,2,1,2,3,2,4,2,1,2,4,3,4,1,4,2,2,4,2,2,1,1,1,3,3,1,4,4,4,1,3,2,4,1,1,2,3,3,1,2,3,2,2,1,2,2,2,4,2,2,1,3,3,2,1,1,2,2,3,3,3,2,3,1,4,4,4,1,4,2,2,4,4,3,1,3,1,3,2,1,4,1,1,3,4,3,4,3,1,3,3,1,1,1,4,1,3,3,1,1,3,1,1,4,1,4,2,4,1,1,3,1,1,1,4,4,2,4,3,4,1,4,1,3,2,2,2,2,1,1,4,1,2,1,3,3,3,2,4,1,4,1,2,3,2,3,4,4,2,2,1,4,3,4,1,2,3,1,2,3,1,2,4,2,2,1,1,1,2,2,4,1,4,3,4,1,3,2,2,3,1,4,2,3,4,4,2,1,1,3,3,1,3,1,2,4,3,2,1,3,2,3,2,1,4,2,1,3,4,4,3,4,3,3,1,3,1,2,2,3,1,2,1,2,3,2,3,3,2,3,1,1,1,4,2,2,4,2,1,4,4,1,2,3,3,2,3,4,3,2,2,2,4,2,3,2,2,2,4,4,4,4,1,1,3,2,4,4,2,2,1,2,1,2,2,4,4,1,2,4,1,4,3,1,3,2,1,3,2,1,2,3,1,2,2,4,3,1,1,2,3,2,2,1,2,1,1,4,1,4,2,1,1,4,4,1,3,3,4,1,2,2,3,3,2,4,1,3,1,4,4,3,4,2,4,3,4,4,3,3,1,2,3,4,1,4,2,4,1,2,4,1,4,2,4,4,1,4,3,2,1,3,3,2,1,3,4,3,2,3,1,3,3,2,3,3,1,2,2,2,2,4,4,4,2,2,4,2,3,1,2,3,3,4,1,2,2,1,3,2,2,1,3,3,3,2,3,1,4,4,1,1,1,3,1,2,4,2,2,3,3,4,3,3,4,1,4,4,1,1,4,1,1,4,1,2,3,3,4,3,2,1,4,3,2,1,1,2,3,4,1,4,1,1,1,3,3,2,4,4,2,3,4,2,1,4,3,4,1,3,3,2,3,2,3,1,1,1,1,1,4,1,3,2,4,3,1,1,3,4,2,2,2,2,1,4,1,4,2,3,3,1,3,1,1,4,2,2,2,2,4,2,2,3,2,2,1,1,2,1,3,3,3,4,3,2,3,3,3,3,1,3,3,1,1,4,2,4,1,1,1,4,3,2,2,3,2,3,4,1,3,3,1,1,2,3,1,2,4,3,4,1,1,3,4,1,3,3,3,1,1,3,2,3,3,3,2,4,1,1,4,3,3,1,3,4,1,2,3,4,1,1,2,3,2,4,1,1,2,2,2,3,1,3,4,3,2,4,4,3,3,2,2,4,2,1,1,4,3,3,1,3,2,1,4,3,4,4,3,3,1,1,4,4,1,4,2,3,3,2,1,1,4,4,1,4,2,3,2,3,3,4,4,3,4,2,1,4,4,4,1,2,3,2,4,1,2,4,4,3,1,3,2,3,2,4,1,1,4,1,3,2,2,2,3,2,1,2,3,1,4,1,3,1,2,3,4,2,3,3,4,4,3,4,4,2,3,1,2,3,3,2,4,1,1,3,3,1,3,1,4,1,1,1,3,4,2,2,1,3,2,2,1,1,3,2,1,4,4,4,1,3,4,4,4,1,1,1,4,1,1,3,1,2,1,1,2,2,1,3,4,2,3,1,1,2,2,3,1,2,2,4,2,3,1,2,4,2,1,1,1,4,1,1,2,2,3,2,1,1,3,1,3,3,1,2,2,2,3,2,3,4,3,1,1,2,1,2,4,3,1,2,4,1,3,4,3,4,4,3,2,3,3,1,3,3,1,2,3,1,2,2,3,2,3,2,2,2,3,2,4,1,1,4,2,1,4,2,3,3,1,1,4,1,2,4,2,1,3,2,4,3,1,2,1,2,3,4,1,3,3,4,4,3,2,3,3,2,1,3,2,1,2,2,2,1,1,3,3,3,3,3,1,4,2,3,2,2,3,2,2,4,2,2,4,2,2,2,2,2,2,1,4,1,1,4,4,2,3,3,1,2,3,4,4,3,2,2,1,4,2,4,1,2,2,3,4,2,1,4,2,4,1,3,3,1,4,1,3,4,4,2,2,2,2,2,1,1,4,4,2,3,3,4,4,4,2,4,2,1,4,3,2,1,1,2,2,1,1,1,2,4,1,1,3,4,2,1,2,4,4,4,3,1,4,2,3,4,4,2,3,2,1,4,2,3,1,4,4,3,2,2,4,1,2,3,4,1,3,1,1,4,1,2,2,1,4,4,1,2,2,4,4,3,3,1,1,4,4,3,1"
37,0.9875909492720556,0.4509803921568627,2338.0,"3,1,1,3,1,3,4,4,4,3,1,1,1,1,1,1,3,2,1,3,3,3,3,1,4,4,3,2,1,2,4,2,3,2,1,3,1,4,4,1,2,2,1,3,1,2,4,4,1,2,4,1,2,1,4,2,3,4,3,4,3,3,1,1,2,1,1,2,1,4,3,3,1,1,2,1,4,3,2,2,2,1,1,1,2,2,3,3,1,1,3,4,3,1,1,1,1,3,1,1,3,4,3,1,1,2,1,4,1,3,1,1,2,1,1,3,4,2,4,4,1,2,3,4,1,3,4,1,4,2,2,1,3,1,4,3,2,3,2,3,3,3,4,4,1,1,2,4,2,1,2,1,4,3,4,2,2,4,4,1,2,2,4,3,2,3,4,4,1,2,3,1,2,1,4,2,1,1,3,1,2,2,3,2,4,2,2,1,1,2,3,1,3,2,2,4,1,2,4,1,2,2,1,1,1,2,2,4,3,1,2,2,1,3,1,3,2,3,4,2,4,1,1,1,3,2,1,1,2,1,4,2,2,2,4,2,4,2,3,1,3,1,4,3,2,1,1,3,4,3,4,4,1,3,3,4,3,2,2,3,3,4,2,2,1,4,1,2,4,3,4,3,3,4,3,1,2,3,1,3,2,1,2,2,1,1,3,4,2,4,2,4,1,1,2,3,3,3,3,4,1,4,4,4,2,1,2,3,1,2,2,4,2,2,3,3,2,2,2,4,4,4,3,1,4,4,2,4,1,3,4,3,4,3,3,4,4,3,1,1,1,1,4,2,3,1,1,2,2,4,3,3,2,2,2,4,3,2,1,3,3,1,1,3,3,2,4,4,2,1,1,1,1,2,3,2,1,2,4,4,1,2,4,3,1,2,1,4,3,4,1,3,2,4,3,1,2,1,1,2,3,3,2,2,1,1,4,2,4,2,4,1,1,3,4,2,4,1,3,4,1,2,3,1,2,4,2,2,2,3,1,1,2,4,4,1,4,2,1,1,4,1,3,2,3,1,4,3,3,3,4,4,1,4,3,1,4,2,4,4,1,1,1,2,2,4,4,1,1,2,2,1,4,2,1,1,1,2,4,2,4,2,1,1,3,1,4,1,3,1,1,2,4,3,2,3,1,3,2,1,2,4,4,4,3,4,3,3,2,1,1,2,4,2,2,1,3,2,2,3,1,4,2,4,4,2,4,2,3,3,3,3,1,3,2,2,2,4,2,1,1,1,1,1,1,3,1,4,1,2,2,4,1,3,3,3,3,1,4,3,1,1,1,1,1,2,1,1,1,2,2,4,4,1,3,1,4,3,3,4,1,4,3,2,1,4,4,4,2,2,1,1,1,4,2,1,2,3,1,2,1,2,2,4,3,1,2,1,2,3,2,2,1,3,2,1,2,1,3,4,3,1,3,1,1,3,4,3,1,4,1,4,3,3,1,4,1,4,1,3,2,1,2,3,2,4,2,1,2,4,3,4,1,4,2,2,4,2,2,1,1,1,3,3,1,4,4,4,1,3,2,4,1,1,2,3,3,1,2,3,2,2,1,2,2,2,4,2,2,1,3,3,2,1,1,2,2,3,3,3,2,3,1,4,4,4,1,4,2,2,4,4,3,1,3,1,3,2,1,4,1,1,3,4,3,4,3,1,3,3,1,1,1,4,1,3,3,1,1,3,1,1,4,1,4,2,4,1,1,3,1,1,1,4,4,2,4,3,4,1,4,1,3,2,2,2,2,1,1,4,1,2,1,3,3,3,2,4,1,4,1,2,3,2,3,4,4,2,2,1,4,3,4,1,2,3,1,2,3,1,2,4,2,2,1,1,1,2,2,4,1,4,3,4,1,3,2,2,3,1,4,2,3,4,4,2,1,1,3,3,1,3,1,2,4,3,2,1,3,2,3,2,1,4,2,1,3,4,4,3,4,3,3,1,3,1,2,2,3,1,2,1,2,3,2,3,3,2,3,1,1,1,4,2,2,4,2,1,4,4,1,2,3,3,2,3,4,3,2,2,2,4,2,3,2,2,2,4,4,4,4,1,1,3,2,4,4,2,2,1,2,1,2,2,4,4,1,2,4,1,4,3,1,3,2,1,3,2,1,2,3,1,2,2,4,3,1,1,2,3,2,2,1,2,1,1,4,1,4,2,1,1,4,4,1,3,3,4,1,2,2,3,3,2,4,1,3,1,4,4,3,4,2,4,3,4,4,3,3,1,2,3,4,1,4,2,4,1,2,4,1,4,2,4,4,1,4,3,2,1,3,3,2,1,3,4,3,2,3,1,3,3,2,3,3,1,2,2,2,2,4,4,4,2,2,4,2,3,1,2,3,3,4,1,2,2,1,3,2,2,1,3,3,3,2,3,1,4,4,1,1,1,3,1,2,4,2,2,3,3,4,3,3,4,1,4,4,1,1,4,1,1,4,1,2,3,3,4,3,2,1,4,3,2,1,1,2,3,4,1,4,1,1,1,3,3,2,4,4,2,3,4,2,1,4,3,4,1,3,3,2,3,2,3,1,1,1,1,1,4,1,3,2,4,3,1,1,3,4,2,2,2,2,1,4,1,4,2,3,3,1,3,1,1,4,2,2,2,2,4,2,2,3,2,2,1,1,2,1,3,3,3,4,3,2,3,3,3,3,1,3,3,1,1,4,2,4,1,1,1,4,3,2,2,3,2,3,4,1,3,3,1,1,2,3,1,2,4,3,4,1,1,3,4,1,3,3,3,1,1,3,2,3,3,3,2,4,1,1,4,3,3,1,3,4,1,2,3,4,1,1,2,3,2,4,1,1,2,2,2,3,1,3,4,3,2,4,4,3,3,2,2,4,2,1,1,4,3,3,1,3,2,1,4,3,4,4,3,3,1,1,4,4,1,4,2,3,3,2,1,1,4,4,1,4,2,3,2,3,3,4,4,3,4,2,1,4,4,4,1,2,3,2,4,1,2,4,4,3,1,3,2,3,2,4,1,1,4,1,3,2,2,2,3,2,1,2,3,1,4,1,3,1,2,3,4,2,3,3,4,4,3,4,4,2,3,1,2,3,3,2,4,1,1,3,3,1,3,1,4,1,1,1,3,4,2,2,1,3,2,2,1,1,3,2,1,4,4,4,1,3,4,4,4,1,1,1,4,1,1,3,1,2,1,1,2,2,1,3,4,2,3,1,1,2,2,3,1,2,2,4,2,3,1,2,4,2,1,1,1,4,1,1,2,2,3,2,1,1,3,1,3,3,1,2,2,2,3,2,3,4,3,1,1,2,1,2,4,3,1,2,4,1,3,4,3,4,4,3,2,3,3,1,3,3,1,2,3,1,2,2,3,2,3,2,2,2,3,2,4,1,1,4,2,1,4,2,3,3,1,1,4,1,2,4,2,1,3,2,4,3,1,2,1,2,3,4,1,3,3,4,4,3,2,3,3,2,1,3,2,1,2,2,2,1,1,3,3,3,3,3,1,4,2,3,2,2,3,2,2,4,2,2,4,2,2,2,2,2,2,1,4,1,1,4,4,2,3,3,1,2,3,4,4,3,2,2,1,4,2,4,1,2,2,3,4,2,1,4,2,4,1,3,3,1,4,1,3,4,4,2,2,2,2,2,1,1,4,4,2,3,3,4,4,4,2,4,2,1,4,3,2,1,1,2,2,1,1,1,2,4,1,1,3,4,2,1,2,4,4,4,3,1,4,2,3,4,4,2,3,2,1,4,2,3,1,4,4,3,2,2,4,1,2,3,4,1,3,1,1,4,1,2,2,1,4,4,1,2,2,4,4,3,3,1,1,4,4,3,1"
38,0.9875909492720556,0.4509803921568627,2338.0,"3,1,1,3,1,3,4,4,4,3,1,1,1,1,1,1,3,2,1,3,3,3,3,1,4,4,3,2,1,2,4,2,3,2,1,3,1,4,4,1,2,2,1,3,1,2,4,4,1,2,4,1,2,1,4,2,3,4,3,4,3,3,1,1,2,1,1,2,1,4,3,3,1,1,2,1,4,3,2,2,2,1,1,1,2,2,3,3,1,1,3,4,3,1,1,1,1,3,1,1,3,4,3,1,1,2,1,4,1,3,1,1,2,1,1,3,4,2,4,4,1,2,3,4,1,3,4,1,4,2,2,1,3,1,4,3,2,3,2,3,3,3,4,4,1,1,2,4,2,1,2,1,4,3,4,2,2,4,4,1,2,2,4,3,2,3,4,4,1,2,3,1,2,1,4,2,1,1,3,1,2,2,3,2,4,2,2,1,1,2,3,1,3,2,2,4,1,2,4,1,2,2,1,1,1,2,2,4,3,1,2,2,1,3,1,3,2,3,4,2,4,1,1,1,3,2,1,1,2,1,4,2,2,2,4,2,4,2,3,1,3,1,4,3,2,1,1,3,4,3,4,4,1,3,3,4,3,2,2,3,3,4,2,2,1,4,1,2,4,3,4,3,3,4,3,1,2,3,1,3,2,1,2,2,1,1,3,4,2,4,2,4,1,1,2,3,3,3,3,4,1,4,4,4,2,1,2,3,1,2,2,4,2,2,3,3,2,2,2,4,4,4,3,1,4,4,2,4,1,3,4,3,4,3,3,4,4,3,1,1,1,1,4,2,3,1,1,2,2,4,3,3,2,2,2,4,3,2,1,3,3,1,1,3,3,2,4,4,2,1,1,1,1,2,3,2,1,2,4,4,1,2,4,3,1,2,1,4,3,4,1,3,2,4,3,1,2,1,1,2,3,3,2,2,1,1,4,2,4,2,4,1,1,3,4,2,4,1,3,4,1,2,3,1,2,4,2,2,2,3,1,1,2,4,4,1,4,2,1,1,4,1,3,2,3,1,4,3,3,3,4,4,1,4,3,1,4,2,4,4,1,1,1,2,2,4,4,1,1,2,2,1,4,2,1,1,1,2,4,2,4,2,1,1,3,1,4,1,3,1,1,2,4,3,2,3,1,3,2,1,2,4,4,4,3,4,3,3,2,1,1,2,4,2,2,1,3,2,2,3,1,4,2,4,4,2,4,2,3,3,3,3,1,3,2,2,2,4,2,1,1,1,1,1,1,3,1,4,1,2,2,4,1,3,3,3,3,1,4,3,1,1,1,1,1,2,1,1,1,2,2,4,4,1,3,1,4,3,3,4,1,4,3,2,1,4,4,4,2,2,1,1,1,4,2,1,2,3,1,2,1,2,2,4,3,1,2,1,2,3,2,2,1,3,2,1,2,1,3,4,3,1,3,1,1,3,4,3,1,4,1,4,3,3,1,4,1,4,1,3,2,1,2,3,2,4,2,1,2,4,3,4,1,4,2,2,4,2,2,1,1,1,3,3,1,4,4,4,1,3,2,4,1,1,2,3,3,1,2,3,2,2,1,2,2,2,4,2,2,1,3,3,2,1,1,2,2,3,3,3,2,3,1,4,4,4,1,4,2,2,4,4,3,1,3,1,3,2,1,4,1,1,3,4,3,4,3,1,3,3,1,1,1,4,1,3,3,1,1,3,1,1,4,1,4,2,4,1,1,3,1,1,1,4,4,2,4,3,4,1,4,1,3,2,2,2,2,1,1,4,1,2,1,3,3,3,2,4,1,4,1,2,3,2,3,4,4,2,2,1,4,3,4,1,2,3,1,2,3,1,2,4,2,2,1,1,1,2,2,4,1,4,3,4,1,3,2,2,3,1,4,2,3,4,4,2,1,1,3,3,1,3,1,2,4,3,2,1,3,2,3,2,1,4,2,1,3,4,4,3,4,3,3,1,3,1,2,2,3,1,2,1,2,3,2,3,3,2,3,1,1,1,4,2,2,4,2,1,4,4,1,2,3,3,2,3,4,3,2,2,2,4,2,3,2,2,2,4,4,4,4,1,1,3,2,4,4,2,2,1,2,1,2,2,4,4,1,2,4,1,4,3,1,3,2,1,3,2,1,2,3,1,2,2,4,3,1,1,2,3,2,2,1,2,1,1,4,1,4,2,1,1,4,4,1,3,3,4,1,2,2,3,3,2,4,1,3,1,4,4,3,4,2,4,3,4,4,3,3,1,2,3,4,1,4,2,4,1,2,4,1,4,2,4,4,1,4,3,2,1,3,3,2,1,3,4,3,2,3,1,3,3,2,3,3,1,2,2,2,2,4,4,4,2,2,4,2,3,1,2,3,3,4,1,2,2,1,3,2,2,1,3,3,3,2,3,1,4,4,1,1,1,3,1,2,4,2,2,3,3,4,3,3,4,1,4,4,1,1,4,1,1,4,1,2,3,3,4,3,2,1,4,3,2,1,1,2,3,4,1,4,1,1,1,3,3,2,4,4,2,3,4,2,1,4,3,4,1,3,3,2,3,2,3,1,1,1,1,1,4,1,3,2,4,3,1,1,3,4,2,2,2,2,1,4,1,4,2,3,3,1,3,1,1,4,2,2,2,2,4,2,2,3,2,2,1,1,2,1,3,3,3,4,3,2,3,3,3,3,1,3,3,1,1,4,2,4,1,1,1,4,3,2,2,3,2,3,4,1,3,3,1,1,2,3,1,2,4,3,4,1,1,3,4,1,3,3,3,1,1,3,2,3,3,3,2,4,1,1,4,3,3,1,3,4,1,2,3,4,1,1,2,3,2,4,1,1,2,2,2,3,1,3,4,3,2,4,4,3,3,2,2,4,2,1,1,4,3,3,1,3,2,1,4,3,4,4,3,3,1,1,4,4,1,4,2,3,3,2,1,1,4,4,1,4,2,3,2,3,3,4,4,3,4,2,1,4,4,4,1,2,3,2,4,1,2,4,4,3,1,3,2,3,2,4,1,1,4,1,3,2,2,2,3,2,1,2,3,1,4,1,3,1,2,3,4,2,3,3,4,4,3,4,4,2,3,1,2,3,3,2,4,1,1,3,3,1,3,1,4,1,1,1,3,4,2,2,1,3,2,2,1,1,3,2,1,4,4,4,1,3,4,4,4,1,1,1,4,1,1,3,1,2,1,1,2,2,1,3,4,2,3,1,1,2,2,3,1,2,2,4,2,3,1,2,4,2,1,1,1,4,1,1,2,2,3,2,1,1,3,1,3,3,1,2,2,2,3,2,3,4,3,1,1,2,1,2,4,3,1,2,4,1,3,4,3,4,4,3,2,3,3,1,3,3,1,2,3,1,2,2,3,2,3,2,2,2,3,2,4,1,1,4,2,1,4,2,3,3,1,1,4,1,2,4,2,1,3,2,4,3,1,2,1,2,3,4,1,3,3,4,4,3,2,3,3,2,1,3,2,1,2,2,2,1,1,3,3,3,3,3,1,4,2,3,2,2,3,2,2,4,2,2,4,2,2,2,2,2,2,1,4,1,1,4,4,2,3,3,1,2,3,4,4,3,2,2,1,4,2,4,1,2,2,3,4,2,1,4,2,4,1,3,3,1,4,1,3,4,4,2,2,2,2,2,1,1,4,4,2,3,3,4,4,4,2,4,2,1,4,3,2,1,1,2,2,1,1,1,2,4,1,1,3,4,2,1,2,4,4,4,3,1,4,2,3,4,4,2,3,2,1,4,2,3,1,4,4,3,2,2,4,1,2,3,4,1,3,1,1,4,1,2,2,1,4,4,1,2,2,4,4,3,3,1,1,4,4,3,1"
39,0.9875909492720556,0.4509803921568627,2338.0,"3,1,1,3,1,3,4,4,4,3,1,1,1,1,1,1,3,2,1,3,3,3,3,1,4,4,3,2,1,2,4,2,3,2,1,3,1,4,4,1,2,2,1,3,1,2,4,4,1,2,4,1,2,1,4,2,3,4,3,4,3,3,1,1,2,1,1,2,1,4,3,3,1,1,2,1,4,3,2,2,2,1,1,1,2,2,3,3,1,1,3,4,3,1,1,1,1,3,1,1,3,4,3,1,1,2,1,4,1,3,1,1,2,1,1,3,4,2,4,4,1,2,3,4,1,3,4,1,4,2,2,1,3,1,4,3,2,3,2,3,3,3,4,4,1,1,2,4,2,1,2,1,4,3,4,2,2,4,4,1,2,2,4,3,2,3,4,4,1,2,3,1,2,1,4,2,1,1,3,1,2,2,3,2,4,2,2,1,1,2,3,1,3,2,2,4,1,2,4,1,2,2,1,1,1,2,2,4,3,1,2,2,1,3,1,3,2,3,4,2,4,1,1,1,3,2,1,1,2,1,4,2,2,2,4,2,4,2,3,1,3,1,4,3,2,1,1,3,4,3,4,4,1,3,3,4,3,2,2,3,3,4,2,2,1,4,1,2,4,3,4,3,3,4,3,1,2,3,1,3,2,1,2,2,1,1,3,4,2,4,2,4,1,1,2,3,3,3,3,4,1,4,4,4,2,1,2,3,1,2,2,4,2,2,3,3,2,2,2,4,4,4,3,1,4,4,2,4,1,3,4,3,4,3,3,4,4,3,1,1,1,1,4,2,3,1,1,2,2,4,3,3,2,2,2,4,3,2,1,3,3,1,1,3,3,2,4,4,2,1,1,1,1,2,3,2,1,2,4,4,1,2,4,3,1,2,1,4,3,4,1,3,2,4,3,1,2,1,1,2,3,3,2,2,1,1,4,2,4,2,4,1,1,3,4,2,4,1,3,4,1,2,3,1,2,4,2,2,2,3,1,1,2,4,4,1,4,2,1,1,4,1,3,2,3,1,4,3,3,3,4,4,1,4,3,1,4,2,4,4,1,1,1,2,2,4,4,1,1,2,2,1,4,2,1,1,1,2,4,2,4,2,1,1,3,1,4,1,3,1,1,2,4,3,2,3,1,3,2,1,2,4,4,4,3,4,3,3,2,1,1,2,4,2,2,1,3,2,2,3,1,4,2,4,4,2,4,2,3,3,3,3,1,3,2,2,2,4,2,1,1,1,1,1,1,3,1,4,1,2,2,4,1,3,3,3,3,1,4,3,1,1,1,1,1,2,1,1,1,2,2,4,4,1,3,1,4,3,3,4,1,4,3,2,1,4,4,4,2,2,1,1,1,4,2,1,2,3,1,2,1,2,2,4,3,1,2,1,2,3,2,2,1,3,2,1,2,1,3,4,3,1,3,1,1,3,4,3,1,4,1,4,3,3,1,4,1,4,1,3,2,1,2,3,2,4,2,1,2,4,3,4,1,4,2,2,4,2,2,1,1,1,3,3,1,4,4,4,1,3,2,4,1,1,2,3,3,1,2,3,2,2,1,2,2,2,4,2,2,1,3,3,2,1,1,2,2,3,3,3,2,3,1,4,4,4,1,4,2,2,4,4,3,1,3,1,3,2,1,4,1,1,3,4,3,4,3,1,3,3,1,1,1,4,1,3,3,1,1,3,1,1,4,1,4,2,4,1,1,3,1,1,1,4,4,2,4,3,4,1,4,1,3,2,2,2,2,1,1,4,1,2,1,3,3,3,2,4,1,4,1,2,3,2,3,4,4,2,2,1,4,3,4,1,2,3,1,2,3,1,2,4,2,2,1,1,1,2,2,4,1,4,3,4,1,3,2,2,3,1,4,2,3,4,4,2,1,1,3,3,1,3,1,2,4,3,2,1,3,2,3,2,1,4,2,1,3,4,4,3,4,3,3,1,3,1,2,2,3,1,2,1,2,3,2,3,3,2,3,1,1,1,4,2,2,4,2,1,4,4,1,2,3,3,2,3,4,3,2,2,2,4,2,3,2,2,2,4,4,4,4,1,1,3,2,4,4,2,2,1,2,1,2,2,4,4,1,2,4,1,4,3,1,3,2,1,3,2,1,2,3,1,2,2,4,3,1,1,2,3,2,2,1,2,1,1,4,1,4,2,1,1,4,4,1,3,3,4,1,2,2,3,3,2,4,1,3,1,4,4,3,4,2,4,3,4,4,3,3,1,2,3,4,1,4,2,4,1,2,4,1,4,2,4,4,1,4,3,2,1,3,3,2,1,3,4,3,2,3,1,3,3,2,3,3,1,2,2,2,2,4,4,4,2,2,4,2,3,1,2,3,3,4,1,2,2,1,3,2,2,1,3,3,3,2,3,1,4,4,1,1,1,3,1,2,4,2,2,3,3,4,3,3,4,1,4,4,1,1,4,1,1,4,1,2,3,3,4,3,2,1,4,3,2,1,1,2,3,4,1,4,1,1,1,3,3,2,4,4,2,3,4,2,1,4,3,4,1,3,3,2,3,2,3,1,1,1,1,1,4,1,3,2,4,3,1,1,3,4,2,2,2,2,1,4,1,4,2,3,3,1,3,1,1,4,2,2,2,2,4,2,2,3,2,2,1,1,2,1,3,3,3,4,3,2,3,3,3,3,1,3,3,1,1,4,2,4,1,1,1,4,3,2,2,3,2,3,4,1,3,3,1,1,2,3,1,2,4,3,4,1,1,3,4,1,3,3,3,1,1,3,2,3,3,3,2,4,1,1,4,3,3,1,3,4,1,2,3,4,1,1,2,3,2,4,1,1,2,2,2,3,1,3,4,3,2,4,4,3,3,2,2,4,2,1,1,4,3,3,1,3,2,1,4,3,4,4,3,3,1,1,4,4,1,4,2,3,3,2,1,1,4,4,1,4,2,3,2,3,3,4,4,3,4,2,1,4,4,4,1,2,3,2,4,1,2,4,4,3,1,3,2,3,2,4,1,1,4,1,3,2,2,2,3,2,1,2,3,1,4,1,3,1,2,3,4,2,3,3,4,4,3,4,4,2,3,1,2,3,3,2,4,1,1,3,3,1,3,1,4,1,1,1,3,4,2,2,1,3,2,2,1,1,3,2,1,4,4,4,1,3,4,4,4,1,1,1,4,1,1,3,1,2,1,1,2,2,1,3,4,2,3,1,1,2,2,3,1,2,2,4,2,3,1,2,4,2,1,1,1,4,1,1,2,2,3,2,1,1,3,1,3,3,1,2,2,2,3,2,3,4,3,1,1,2,1,2,4,3,1,2,4,1,3,4,3,4,4,3,2,3,3,1,3,3,1,2,3,1,2,2,3,2,3,2,2,2,3,2,4,1,1,4,2,1,4,2,3,3,1,1,4,1,2,4,2,1,3,2,4,3,1,2,1,2,3,4,1,3,3,4,4,3,2,3,3,2,1,3,2,1,2,2,2,1,1,3,3,3,3,3,1,4,2,3,2,2,3,2,2,4,2,2,4,2,2,2,2,2,2,1,4,1,1,4,4,2,3,3,1,2,3,4,4,3,2,2,1,4,2,4,1,2,2,3,4,2,1,4,2,4,1,3,3,1,4,1,3,4,4,2,2,2,2,2,1,1,4,4,2,3,3,4,4,4,2,4,2,1,4,3,2,1,1,2,2,1,1,1,2,4,1,1,3,4,2,1,2,4,4,4,3,1,4,2,3,4,4,2,3,2,1,4,2,3,1,4,4,3,2,2,4,1,2,3,4,1,3,1,1,4,1,2,2,1,4,4,1,2,2,4,4,3,3,1,1,4,4,3,1"
40,0.9875909492720556,0.4509803921568627,2338.0,"3,1,1,3,1,3,4,4,4,3,1,1,1,1,1,1,3,2,1,3,3,3,3,1,4,4,3,2,1,2,4,2,3,2,1,3,1,4,4,1,2,2,1,3,1,2,4,4,1,2,4,1,2,1,4,2,3,4,3,4,3,3,1,1,2,1,1,2,1,4,3,3,1,1,2,1,4,3,2,2,2,1,1,1,2,2,3,3,1,1,3,4,3,1,1,1,1,3,1,1,3,4,3,1,1,2,1,4,1,3,1,1,2,1,1,3,4,2,4,4,1,2,3,4,1,3,4,1,4,2,2,1,3,1,4,3,2,3,2,3,3,3,4,4,1,1,2,4,2,1,2,1,4,3,4,2,2,4,4,1,2,2,4,3,2,3,4,4,1,2,3,1,2,1,4,2,1,1,3,1,2,2,3,2,4,2,2,1,1,2,3,1,3,2,2,4,1,2,4,1,2,2,1,1,1,2,2,4,3,1,2,2,1,3,1,3,2,3,4,2,4,1,1,1,3,2,1,1,2,1,4,2,2,2,4,2,4,2,3,1,3,1,4,3,2,1,1,3,4,3,4,4,1,3,3,4,3,2,2,3,3,4,2,2,1,4,1,2,4,3,4,3,3,4,3,1,2,3,1,3,2,1,2,2,1,1,3,4,2,4,2,4,1,1,2,3,3,3,3,4,1,4,4,4,2,1,2,3,1,2,2,4,2,2,3,3,2,2,2,4,4,4,3,1,4,4,2,4,1,3,4,3,4,3,3,4,4,3,1,1,1,1,4,2,3,1,1,2,2,4,3,3,2,2,2,4,3,2,1,3,3,1,1,3,3,2,4,4,2,1,1,1,1,2,3,2,1,2,4,4,1,2,4,3,1,2,1,4,3,4,1,3,2,4,3,1,2,1,1,2,3,3,2,2,1,1,4,2,4,2,4,1,1,3,4,2,4,1,3,4,1,2,3,1,2,4,2,2,2,3,1,1,2,4,4,1,4,2,1,1,4,1,3,2,3,1,4,3,3,3,4,4,1,4,3,1,4,2,4,4,1,1,1,2,2,4,4,1,1,2,2,1,4,2,1,1,1,2,4,2,4,2,1,1,3,1,4,1,3,1,1,2,4,3,2,3,1,3,2,1,2,4,4,4,3,4,3,3,2,1,1,2,4,2,2,1,3,2,2,3,1,4,2,4,4,2,4,2,3,3,3,3,1,3,2,2,2,4,2,1,1,1,1,1,1,3,1,4,1,2,2,4,1,3,3,3,3,1,4,3,1,1,1,1,1,2,1,1,1,2,2,4,4,1,3,1,4,3,3,4,1,4,3,2,1,4,4,4,2,2,1,1,1,4,2,1,2,3,1,2,1,2,2,4,3,1,2,1,2,3,2,2,1,3,2,1,2,1,3,4,3,1,3,1,1,3,4,3,1,4,1,4,3,3,1,4,1,4,1,3,2,1,2,3,2,4,2,1,2,4,3,4,1,4,2,2,4,2,2,1,1,1,3,3,1,4,4,4,1,3,2,4,1,1,2,3,3,1,2,3,2,2,1,2,2,2,4,2,2,1,3,3,2,1,1,2,2,3,3,3,2,3,1,4,4,4,1,4,2,2,4,4,3,1,3,1,3,2,1,4,1,1,3,4,3,4,3,1,3,3,1,1,1,4,1,3,3,1,1,3,1,1,4,1,4,2,4,1,1,3,1,1,1,4,4,2,4,3,4,1,4,1,3,2,2,2,2,1,1,4,1,2,1,3,3,3,2,4,1,4,1,2,3,2,3,4,4,2,2,1,4,3,4,1,2,3,1,2,3,1,2,4,2,2,1,1,1,2,2,4,1,4,3,4,1,3,2,2,3,1,4,2,3,4,4,2,1,1,3,3,1,3,1,2,4,3,2,1,3,2,3,2,1,4,2,1,3,4,4,3,4,3,3,1,3,1,2,2,3,1,2,1,2,3,2,3,3,2,3,1,1,1,4,2,2,4,2,1,4,4,1,2,3,3,2,3,4,3,2,2,2,4,2,3,2,2,2,4,4,4,4,1,1,3,2,4,4,2,2,1,2,1,2,2,4,4,1,2,4,1,4,3,1,3,2,1,3,2,1,2,3,1,2,2,4,3,1,1,2,3,2,2,1,2,1,1,4,1,4,2,1,1,4,4,1,3,3,4,1,2,2,3,3,2,4,1,3,1,4,4,3,4,2,4,3,4,4,3,3,1,2,3,4,1,4,2,4,1,2,4,1,4,2,4,4,1,4,3,2,1,3,3,2,1,3,4,3,2,3,1,3,3,2,3,3,1,2,2,2,2,4,4,4,2,2,4,2,3,1,2,3,3,4,1,2,2,1,3,2,2,1,3,3,3,2,3,1,4,4,1,1,1,3,1,2,4,2,2,3,3,4,3,3,4,1,4,4,1,1,4,1,1,4,1,2,3,3,4,3,2,1,4,3,2,1,1,2,3,4,1,4,1,1,1,3,3,2,4,4,2,3,4,2,1,4,3,4,1,3,3,2,3,2,3,1,1,1,1,1,4,1,3,2,4,3,1,1,3,4,2,2,2,2,1,4,1,4,2,3,3,1,3,1,1,4,2,2,2,2,4,2,2,3,2,2,1,1,2,1,3,3,3,4,3,2,3,3,3,3,1,3,3,1,1,4,2,4,1,1,1,4,3,2,2,3,2,3,4,1,3,3,1,1,2,3,1,2,4,3,4,1,1,3,4,1,3,3,3,1,1,3,2,3,3,3,2,4,1,1,4,3,3,1,3,4,1,2,3,4,1,1,2,3,2,4,1,1,2,2,2,3,1,3,4,3,2,4,4,3,3,2,2,4,2,1,1,4,3,3,1,3,2,1,4,3,4,4,3,3,1,1,4,4,1,4,2,3,3,2,1,1,4,4,1,4,2,3,2,3,3,4,4,3,4,2,1,4,4,4,1,2,3,2,4,1,2,4,4,3,1,3,2,3,2,4,1,1,4,1,3,2,2,2,3,2,1,2,3,1,4,1,3,1,2,3,4,2,3,3,4,4,3,4,4,2,3,1,2,3,3,2,4,1,1,3,3,1,3,1,4,1,1,1,3,4,2,2,1,3,2,2,1,1,3,2,1,4,4,4,1,3,4,4,4,1,1,1,4,1,1,3,1,2,1,1,2,2,1,3,4,2,3,1,1,2,2,3,1,2,2,4,2,3,1,2,4,2,1,1,1,4,1,1,2,2,3,2,1,1,3,1,3,3,1,2,2,2,3,2,3,4,3,1,1,2,1,2,4,3,1,2,4,1,3,4,3,4,4,3,2,3,3,1,3,3,1,2,3,1,2,2,3,2,3,2,2,2,3,2,4,1,1,4,2,1,4,2,3,3,1,1,4,1,2,4,2,1,3,2,4,3,1,2,1,2,3,4,1,3,3,4,4,3,2,3,3,2,1,3,2,1,2,2,2,1,1,3,3,3,3,3,1,4,2,3,2,2,3,2,2,4,2,2,4,2,2,2,2,2,2,1,4,1,1,4,4,2,3,3,1,2,3,4,4,3,2,2,1,4,2,4,1,2,2,3,4,2,1,4,2,4,1,3,3,1,4,1,3,4,4,2,2,2,2,2,1,1,4,4,2,3,3,4,4,4,2,4,2,1,4,3,2,1,1,2,2,1,1,1,2,4,1,1,3,4,2,1,2,4,4,4,3,1,4,2,3,4,4,2,3,2,1,4,2,3,1,4,4,3,2,2,4,1,2,3,4,1,3,1,1,4,1,2,2,1,4,4,1,2,2,4,4,3,3,1,1,4,4,3,1"
41,0.9875909492720556,0.4509803921568627,2338.0,"3,1,1,3,1,3,4,4,4,3,1,1,1,1,1,1,3,2,1,3,3,3,3,1,4,4,3,2,1,2,4,2,3,2,1,3,1,4,4,1,2,2,1,3,1,2,4,4,1,2,4,1,2,1,4,2,3,4,3,4,3,3,1,1,2,1,1,2,1,4,3,3,1,1,2,1,4,3,2,2,2,1,1,1,2,2,3,3,1,1,3,4,3,1,1,1,1,3,1,1,3,4,3,1,1,2,1,4,1,3,1,1,2,1,1,3,4,2,4,4,1,2,3,4,1,3,4,1,4,2,2,1,3,1,4,3,2,3,2,3,3,3,4,4,1,1,2,4,2,1,2,1,4,3,4,2,2,4,4,1,2,2,4,3,2,3,4,4,1,2,3,1,2,1,4,2,1,1,3,1,2,2,3,2,4,2,2,1,1,2,3,1,3,2,2,4,1,2,4,1,2,2,1,1,1,2,2,4,3,1,2,2,1,3,1,3,2,3,4,2,4,1,1,1,3,2,1,1,2,1,4,2,2,2,4,2,4,2,3,1,3,1,4,3,2,1,1,3,4,3,4,4,1,3,3,4,3,2,2,3,3,4,2,2,1,4,1,2,4,3,4,3,3,4,3,1,2,3,1,3,2,1,2,2,1,1,3,4,2,4,2,4,1,1,2,3,3,3,3,4,1,4,4,4,2,1,2,3,1,2,2,4,2,2,3,3,2,2,2,4,4,4,3,1,4,4,2,4,1,3,4,3,4,3,3,4,4,3,1,1,1,1,4,2,3,1,1,2,2,4,3,3,2,2,2,4,3,2,1,3,3,1,1,3,3,2,4,4,2,1,1,1,1,2,3,2,1,2,4,4,1,2,4,3,1,2,1,4,3,4,1,3,2,4,3,1,2,1,1,2,3,3,2,2,1,1,4,2,4,2,4,1,1,3,4,2,4,1,3,4,1,2,3,1,2,4,2,2,2,3,1,1,2,4,4,1,4,2,1,1,4,1,3,2,3,1,4,3,3,3,4,4,1,4,3,1,4,2,4,4,1,1,1,2,2,4,4,1,1,2,2,1,4,2,1,1,1,2,4,2,4,2,1,1,3,1,4,1,3,1,1,2,4,3,2,3,1,3,2,1,2,4,4,4,3,4,3,3,2,1,1,2,4,2,2,1,3,2,2,3,1,4,2,4,4,2,4,2,3,3,3,3,1,3,2,2,2,4,2,1,1,1,1,1,1,3,1,4,1,2,2,4,1,3,3,3,3,1,4,3,1,1,1,1,1,2,1,1,1,2,2,4,4,1,3,1,4,3,3,4,1,4,3,2,1,4,4,4,2,2,1,1,1,4,2,1,2,3,1,2,1,2,2,4,3,1,2,1,2,3,2,2,1,3,2,1,2,1,3,4,3,1,3,1,1,3,4,3,1,4,1,4,3,3,1,4,1,4,1,3,2,1,2,3,2,4,2,1,2,4,3,4,1,4,2,2,4,2,2,1,1,1,3,3,1,4,4,4,1,3,2,4,1,1,2,3,3,1,2,3,2,2,1,2,2,2,4,2,2,1,3,3,2,1,1,2,2,3,3,3,2,3,1,4,4,4,1,4,2,2,4,4,3,1,3,1,3,2,1,4,1,1,3,4,3,4,3,1,3,3,1,1,1,4,1,3,3,1,1,3,1,1,4,1,4,2,4,1,1,3,1,1,1,4,4,2,4,3,4,1,4,1,3,2,2,2,2,1,1,4,1,2,1,3,3,3,2,4,1,4,1,2,3,2,3,4,4,2,2,1,4,3,4,1,2,3,1,2,3,1,2,4,2,2,1,1,1,2,2,4,1,4,3,4,1,3,2,2,3,1,4,2,3,4,4,2,1,1,3,3,1,3,1,2,4,3,2,1,3,2,3,2,1,4,2,1,3,4,4,3,4,3,3,1,3,1,2,2,3,1,2,1,2,3,2,3,3,2,3,1,1,1,4,2,2,4,2,1,4,4,1,2,3,3,2,3,4,3,2,2,2,4,2,3,2,2,2,4,4,4,4,1,1,3,2,4,4,2,2,1,2,1,2,2,4,4,1,2,4,1,4,3,1,3,2,1,3,2,1,2,3,1,2,2,4,3,1,1,2,3,2,2,1,2,1,1,4,1,4,2,1,1,4,4,1,3,3,4,1,2,2,3,3,2,4,1,3,1,4,4,3,4,2,4,3,4,4,3,3,1,2,3,4,1,4,2,4,1,2,4,1,4,2,4,4,1,4,3,2,1,3,3,2,1,3,4,3,2,3,1,3,3,2,3,3,1,2,2,2,2,4,4,4,2,2,4,2,3,1,2,3,3,4,1,2,2,1,3,2,2,1,3,3,3,2,3,1,4,4,1,1,1,3,1,2,4,2,2,3,3,4,3,3,4,1,4,4,1,1,4,1,1,4,1,2,3,3,4,3,2,1,4,3,2,1,1,2,3,4,1,4,1,1,1,3,3,2,4,4,2,3,4,2,1,4,3,4,1,3,3,2,3,2,3,1,1,1,1,1,4,1,3,2,4,3,1,1,3,4,2,2,2,2,1,4,1,4,2,3,3,1,3,1,1,4,2,2,2,2,4,2,2,3,2,2,1,1,2,1,3,3,3,4,3,2,3,3,3,3,1,3,3,1,1,4,2,4,1,1,1,4,3,2,2,3,2,3,4,1,3,3,1,1,2,3,1,2,4,3,4,1,1,3,4,1,3,3,3,1,1,3,2,3,3,3,2,4,1,1,4,3,3,1,3,4,1,2,3,4,1,1,2,3,2,4,1,1,2,2,2,3,1,3,4,3,2,4,4,3,3,2,2,4,2,1,1,4,3,3,1,3,2,1,4,3,4,4,3,3,1,1,4,4,1,4,2,3,3,2,1,1,4,4,1,4,2,3,2,3,3,4,4,3,4,2,1,4,4,4,1,2,3,2,4,1,2,4,4,3,1,3,2,3,2,4,1,1,4,1,3,2,2,2,3,2,1,2,3,1,4,1,3,1,2,3,4,2,3,3,4,4,3,4,4,2,3,1,2,3,3,2,4,1,1,3,3,1,3,1,4,1,1,1,3,4,2,2,1,3,2,2,1,1,3,2,1,4,4,4,1,3,4,4,4,1,1,1,4,1,1,3,1,2,1,1,2,2,1,3,4,2,3,1,1,2,2,3,1,2,2,4,2,3,1,2,4,2,1,1,1,4,1,1,2,2,3,2,1,1,3,1,3,3,1,2,2,2,3,2,3,4,3,1,1,2,1,2,4,3,1,2,4,1,3,4,3,4,4,3,2,3,3,1,3,3,1,2,3,1,2,2,3,2,3,2,2,2,3,2,4,1,1,4,2,1,4,2,3,3,1,1,4,1,2,4,2,1,3,2,4,3,1,2,1,2,3,4,1,3,3,4,4,3,2,3,3,2,1,3,2,1,2,2,2,1,1,3,3,3,3,3,1,4,2,3,2,2,3,2,2,4,2,2,4,2,2,2,2,2,2,1,4,1,1,4,4,2,3,3,1,2,3,4,4,3,2,2,1,4,2,4,1,2,2,3,4,2,1,4,2,4,1,3,3,1,4,1,3,4,4,2,2,2,2,2,1,1,4,4,2,3,3,4,4,4,2,4,2,1,4,3,2,1,1,2,2,1,1,1,2,4,1,1,3,4,2,1,2,4,4,4,3,1,4,2,3,4,4,2,3,2,1,4,2,3,1,4,4,3,2,2,4,1,2,3,4,1,3,1,1,4,1,2,2,1,4,4,1,2,2,4,4,3,3,1,1,4,4,3,1"
42,0.9875909492720556,0.4509803921568627,2338.0,"3,1,1,3,1,3,4,4,4,3,1,1,1,1,1,1,3,2,1,3,3,3,3,1,4,4,3,2,1,2,4,2,3,2,1,3,1,4,4,1,2,2,1,3,1,2,4,4,1,2,4,1,2,1,4,2,3,4,3,4,3,3,1,1,2,1,1,2,1,4,3,3,1,1,2,1,4,3,2,2,2,1,1,1,2,2,3,3,1,1,3,4,3,1,1,1,1,3,1,1,3,4,3,1,1,2,1,4,1,3,1,1,2,1,1,3,4,2,4,4,1,2,3,4,1,3,4,1,4,2,2,1,3,1,4,3,2,3,2,3,3,3,4,4,1,1,2,4,2,1,2,1,4,3,4,2,2,4,4,1,2,2,4,3,2,3,4,4,1,2,3,1,2,1,4,2,1,1,3,1,2,2,3,2,4,2,2,1,1,2,3,1,3,2,2,4,1,2,4,1,2,2,1,1,1,2,2,4,3,1,2,2,1,3,1,3,2,3,4,2,4,1,1,1,3,2,1,1,2,1,4,2,2,2,4,2,4,2,3,1,3,1,4,3,2,1,1,3,4,3,4,4,1,3,3,4,3,2,2,3,3,4,2,2,1,4,1,2,4,3,4,3,3,4,3,1,2,3,1,3,2,1,2,2,1,1,3,4,2,4,2,4,1,1,2,3,3,3,3,4,1,4,4,4,2,1,2,3,1,2,2,4,2,2,3,3,2,2,2,4,4,4,3,1,4,4,2,4,1,3,4,3,4,3,3,4,4,3,1,1,1,1,4,2,3,1,1,2,2,4,3,3,2,2,2,4,3,2,1,3,3,1,1,3,3,2,4,4,2,1,1,1,1,2,3,2,1,2,4,4,1,2,4,3,1,2,1,4,3,4,1,3,2,4,3,1,2,1,1,2,3,3,2,2,1,1,4,2,4,2,4,1,1,3,4,2,4,1,3,4,1,2,3,1,2,4,2,2,2,3,1,1,2,4,4,1,4,2,1,1,4,1,3,2,3,1,4,3,3,3,4,4,1,4,3,1,4,2,4,4,1,1,1,2,2,4,4,1,1,2,2,1,4,2,1,1,1,2,4,2,4,2,1,1,3,1,4,1,3,1,1,2,4,3,2,3,1,3,2,1,2,4,4,4,3,4,3,3,2,1,1,2,4,2,2,1,3,2,2,3,1,4,2,4,4,2,4,2,3,3,3,3,1,3,2,2,2,4,2,1,1,1,1,1,1,3,1,4,1,2,2,4,1,3,3,3,3,1,4,3,1,1,1,1,1,2,1,1,1,2,2,4,4,1,3,1,4,3,3,4,1,4,3,2,1,4,4,4,2,2,1,1,1,4,2,1,2,3,1,2,1,2,2,4,3,1,2,1,2,3,2,2,1,3,2,1,2,1,3,4,3,1,3,1,1,3,4,3,1,4,1,4,3,3,1,4,1,4,1,3,2,1,2,3,2,4,2,1,2,4,3,4,1,4,2,2,4,2,2,1,1,1,3,3,1,4,4,4,1,3,2,4,1,1,2,3,3,1,2,3,2,2,1,2,2,2,4,2,2,1,3,3,2,1,1,2,2,3,3,3,2,3,1,4,4,4,1,4,2,2,4,4,3,1,3,1,3,2,1,4,1,1,3,4,3,4,3,1,3,3,1,1,1,4,1,3,3,1,1,3,1,1,4,1,4,2,4,1,1,3,1,1,1,4,4,2,4,3,4,1,4,1,3,2,2,2,2,1,1,4,1,2,1,3,3,3,2,4,1,4,1,2,3,2,3,4,4,2,2,1,4,3,4,1,2,3,1,2,3,1,2,4,2,2,1,1,1,2,2,4,1,4,3,4,1,3,2,2,3,1,4,2,3,4,4,2,1,1,3,3,1,3,1,2,4,3,2,1,3,2,3,2,1,4,2,1,3,4,4,3,4,3,3,1,3,1,2,2,3,1,2,1,2,3,2,3,3,2,3,1,1,1,4,2,2,4,2,1,4,4,1,2,3,3,2,3,4,3,2,2,2,4,2,3,2,2,2,4,4,4,4,1,1,3,2,4,4,2,2,1,2,1,2,2,4,4,1,2,4,1,4,3,1,3,2,1,3,2,1,2,3,1,2,2,4,3,1,1,2,3,2,2,1,2,1,1,4,1,4,2,1,1,4,4,1,3,3,4,1,2,2,3,3,2,4,1,3,1,4,4,3,4,2,4,3,4,4,3,3,1,2,3,4,1,4,2,4,1,2,4,1,4,2,4,4,1,4,3,2,1,3,3,2,1,3,4,3,2,3,1,3,3,2,3,3,1,2,2,2,2,4,4,4,2,2,4,2,3,1,2,3,3,4,1,2,2,1,3,2,2,1,3,3,3,2,3,1,4,4,1,1,1,3,1,2,4,2,2,3,3,4,3,3,4,1,4,4,1,1,4,1,1,4,1,2,3,3,4,3,2,1,4,3,2,1,1,2,3,4,1,4,1,1,1,3,3,2,4,4,2,3,4,2,1,4,3,4,1,3,3,2,3,2,3,1,1,1,1,1,4,1,3,2,4,3,1,1,3,4,2,2,2,2,1,4,1,4,2,3,3,1,3,1,1,4,2,2,2,2,4,2,2,3,2,2,1,1,2,1,3,3,3,4,3,2,3,3,3,3,1,3,3,1,1,4,2,4,1,1,1,4,3,2,2,3,2,3,4,1,3,3,1,1,2,3,1,2,4,3,4,1,1,3,4,1,3,3,3,1,1,3,2,3,3,3,2,4,1,1,4,3,3,1,3,4,1,2,3,4,1,1,2,3,2,4,1,1,2,2,2,3,1,3,4,3,2,4,4,3,3,2,2,4,2,1,1,4,3,3,1,3,2,1,4,3,4,4,3,3,1,1,4,4,1,4,2,3,3,2,1,1,4,4,1,4,2,3,2,3,3,4,4,3,4,2,1,4,4,4,1,2,3,2,4,1,2,4,4,3,1,3,2,3,2,4,1,1,4,1,3,2,2,2,3,2,1,2,3,1,4,1,3,1,2,3,4,2,3,3,4,4,3,4,4,2,3,1,2,3,3,2,4,1,1,3,3,1,3,1,4,1,1,1,3,4,2,2,1,3,2,2,1,1,3,2,1,4,4,4,1,3,4,4,4,1,1,1,4,1,1,3,1,2,1,1,2,2,1,3,4,2,3,1,1,2,2,3,1,2,2,4,2,3,1,2,4,2,1,1,1,4,1,1,2,2,3,2,1,1,3,1,3,3,1,2,2,2,3,2,3,4,3,1,1,2,1,2,4,3,1,2,4,1,3,4,3,4,4,3,2,3,3,1,3,3,1,2,3,1,2,2,3,2,3,2,2,2,3,2,4,1,1,4,2,1,4,2,3,3,1,1,4,1,2,4,2,1,3,2,4,3,1,2,1,2,3,4,1,3,3,4,4,3,2,3,3,2,1,3,2,1,2,2,2,1,1,3,3,3,3,3,1,4,2,3,2,2,3,2,2,4,2,2,4,2,2,2,2,2,2,1,4,1,1,4,4,2,3,3,1,2,3,4,4,3,2,2,1,4,2,4,1,2,2,3,4,2,1,4,2,4,1,3,3,1,4,1,3,4,4,2,2,2,2,2,1,1,4,4,2,3,3,4,4,4,2,4,2,1,4,3,2,1,1,2,2,1,1,1,2,4,1,1,3,4,2,1,2,4,4,4,3,1,4,2,3,4,4,2,3,2,1,4,2,3,1,4,4,3,2,2,4,1,2,3,4,1,3,1,1,4,1,2,2,1,4,4,1,2,2,4,4,3,3,1,1,4,4,3,1"
43,0.9875909492720556,0.4509803921568627,2338.0,"3,1,1,3,1,3,4,4,4,3,1,1,1,1,1,1,3,2,1,3,3,3,3,1,4,4,3,2,1,2,4,2,3,2,1,3,1,4,4,1,2,2,1,3,1,2,4,4,1,2,4,1,2,1,4,2,3,4,3,4,3,3,1,1,2,1,1,2,1,4,3,3,1,1,2,1,4,3,2,2,2,1,1,1,2,2,3,3,1,1,3,4,3,1,1,1,1,3,1,1,3,4,3,1,1,2,1,4,1,3,1,1,2,1,1,3,4,2,4,4,1,2,3,4,1,3,4,1,4,2,2,1,3,1,4,3,2,3,2,3,3,3,4,4,1,1,2,4,2,1,2,1,4,3,4,2,2,4,4,1,2,2,4,3,2,3,4,4,1,2,3,1,2,1,4,2,1,1,3,1,2,2,3,2,4,2,2,1,1,2,3,1,3,2,2,4,1,2,4,1,2,2,1,1,1,2,2,4,3,1,2,2,1,3,1,3,2,3,4,2,4,1,1,1,3,2,1,1,2,1,4,2,2,2,4,2,4,2,3,1,3,1,4,3,2,1,1,3,4,3,4,4,1,3,3,4,3,2,2,3,3,4,2,2,1,4,1,2,4,3,4,3,3,4,3,1,2,3,1,3,2,1,2,2,1,1,3,4,2,4,2,4,1,1,2,3,3,3,3,4,1,4,4,4,2,1,2,3,1,2,2,4,2,2,3,3,2,2,2,4,4,4,3,1,4,4,2,4,1,3,4,3,4,3,3,4,4,3,1,1,1,1,4,2,3,1,1,2,2,4,3,3,2,2,2,4,3,2,1,3,3,1,1,3,3,2,4,4,2,1,1,1,1,2,3,2,1,2,4,4,1,2,4,3,1,2,1,4,3,4,1,3,2,4,3,1,2,1,1,2,3,3,2,2,1,1,4,2,4,2,4,1,1,3,4,2,4,1,3,4,1,2,3,1,2,4,2,2,2,3,1,1,2,4,4,1,4,2,1,1,4,1,3,2,3,1,4,3,3,3,4,4,1,4,3,1,4,2,4,4,1,1,1,2,2,4,4,1,1,2,2,1,4,2,1,1,1,2,4,2,4,2,1,1,3,1,4,1,3,1,1,2,4,3,2,3,1,3,2,1,2,4,4,4,3,4,3,3,2,1,1,2,4,2,2,1,3,2,2,3,1,4,2,4,4,2,4,2,3,3,3,3,1,3,2,2,2,4,2,1,1,1,1,1,1,3,1,4,1,2,2,4,1,3,3,3,3,1,4,3,1,1,1,1,1,2,1,1,1,2,2,4,4,1,3,1,4,3,3,4,1,4,3,2,1,4,4,4,2,2,1,1,1,4,2,1,2,3,1,2,1,2,2,4,3,1,2,1,2,3,2,2,1,3,2,1,2,1,3,4,3,1,3,1,1,3,4,3,1,4,1,4,3,3,1,4,1,4,1,3,2,1,2,3,2,4,2,1,2,4,3,4,1,4,2,2,4,2,2,1,1,1,3,3,1,4,4,4,1,3,2,4,1,1,2,3,3,1,2,3,2,2,1,2,2,2,4,2,2,1,3,3,2,1,1,2,2,3,3,3,2,3,1,4,4,4,1,4,2,2,4,4,3,1,3,1,3,2,1,4,1,1,3,4,3,4,3,1,3,3,1,1,1,4,1,3,3,1,1,3,1,1,4,1,4,2,4,1,1,3,1,1,1,4,4,2,4,3,4,1,4,1,3,2,2,2,2,1,1,4,1,2,1,3,3,3,2,4,1,4,1,2,3,2,3,4,4,2,2,1,4,3,4,1,2,3,1,2,3,1,2,4,2,2,1,1,1,2,2,4,1,4,3,4,1,3,2,2,3,1,4,2,3,4,4,2,1,1,3,3,1,3,1,2,4,3,2,1,3,2,3,2,1,4,2,1,3,4,4,3,4,3,3,1,3,1,2,2,3,1,2,1,2,3,2,3,3,2,3,1,1,1,4,2,2,4,2,1,4,4,1,2,3,3,2,3,4,3,2,2,2,4,2,3,2,2,2,4,4,4,4,1,1,3,2,4,4,2,2,1,2,1,2,2,4,4,1,2,4,1,4,3,1,3,2,1,3,2,1,2,3,1,2,2,4,3,1,1,2,3,2,2,1,2,1,1,4,1,4,2,1,1,4,4,1,3,3,4,1,2,2,3,3,2,4,1,3,1,4,4,3,4,2,4,3,4,4,3,3,1,2,3,4,1,4,2,4,1,2,4,1,4,2,4,4,1,4,3,2,1,3,3,2,1,3,4,3,2,3,1,3,3,2,3,3,1,2,2,2,2,4,4,4,2,2,4,2,3,1,2,3,3,4,1,2,2,1,3,2,2,1,3,3,3,2,3,1,4,4,1,1,1,3,1,2,4,2,2,3,3,4,3,3,4,1,4,4,1,1,4,1,1,4,1,2,3,3,4,3,2,1,4,3,2,1,1,2,3,4,1,4,1,1,1,3,3,2,4,4,2,3,4,2,1,4,3,4,1,3,3,2,3,2,3,1,1,1,1,1,4,1,3,2,4,3,1,1,3,4,2,2,2,2,1,4,1,4,2,3,3,1,3,1,1,4,2,2,2,2,4,2,2,3,2,2,1,1,2,1,3,3,3,4,3,2,3,3,3,3,1,3,3,1,1,4,2,4,1,1,1,4,3,2,2,3,2,3,4,1,3,3,1,1,2,3,1,2,4,3,4,1,1,3,4,1,3,3,3,1,1,3,2,3,3,3,2,4,1,1,4,3,3,1,3,4,1,2,3,4,1,1,2,3,2,4,1,1,2,2,2,3,1,3,4,3,2,4,4,3,3,2,2,4,2,1,1,4,3,3,1,3,2,1,4,3,4,4,3,3,1,1,4,4,1,4,2,3,3,2,1,1,4,4,1,4,2,3,2,3,3,4,4,3,4,2,1,4,4,4,1,2,3,2,4,1,2,4,4,3,1,3,2,3,2,4,1,1,4,1,3,2,2,2,3,2,1,2,3,1,4,1,3,1,2,3,4,2,3,3,4,4,3,4,4,2,3,1,2,3,3,2,4,1,1,3,3,1,3,1,4,1,1,1,3,4,2,2,1,3,2,2,1,1,3,2,1,4,4,4,1,3,4,4,4,1,1,1,4,1,1,3,1,2,1,1,2,2,1,3,4,2,3,1,1,2,2,3,1,2,2,4,2,3,1,2,4,2,1,1,1,4,1,1,2,2,3,2,1,1,3,1,3,3,1,2,2,2,3,2,3,4,3,1,1,2,1,2,4,3,1,2,4,1,3,4,3,4,4,3,2,3,3,1,3,3,1,2,3,1,2,2,3,2,3,2,2,2,3,2,4,1,1,4,2,1,4,2,3,3,1,1,4,1,2,4,2,1,3,2,4,3,1,2,1,2,3,4,1,3,3,4,4,3,2,3,3,2,1,3,2,1,2,2,2,1,1,3,3,3,3,3,1,4,2,3,2,2,3,2,2,4,2,2,4,2,2,2,2,2,2,1,4,1,1,4,4,2,3,3,1,2,3,4,4,3,2,2,1,4,2,4,1,2,2,3,4,2,1,4,2,4,1,3,3,1,4,1,3,4,4,2,2,2,2,2,1,1,4,4,2,3,3,4,4,4,2,4,2,1,4,3,2,1,1,2,2,1,1,1,2,4,1,1,3,4,2,1,2,4,4,4,3,1,4,2,3,4,4,2,3,2,1,4,2,3,1,4,4,3,2,2,4,1,2,3,4,1,3,1,1,4,1,2,2,1,4,4,1,2,2,4,4,3,3,1,1,4,4,3,1"
44,0.9875909492720556,0.4509803921568627,2338.0,"3,1,1,3,1,3,4,4,4,3,1,1,1,1,1,1,3,2,1,3,3,3,3,1,4,4,3,2,1,2,4,2,3,2,1,3,1,4,4,1,2,2,1,3,1,2,4,4,1,2,4,1,2,1,4,2,3,4,3,4,3,3,1,1,2,1,1,2,1,4,3,3,1,1,2,1,4,3,2,2,2,1,1,1,2,2,3,3,1,1,3,4,3,1,1,1,1,3,1,1,3,4,3,1,1,2,1,4,1,3,1,1,2,1,1,3,4,2,4,4,1,2,3,4,1,3,4,1,4,2,2,1,3,1,4,3,2,3,2,3,3,3,4,4,1,1,2,4,2,1,2,1,4,3,4,2,2,4,4,1,2,2,4,3,2,3,4,4,1,2,3,1,2,1,4,2,1,1,3,1,2,2,3,2,4,2,2,1,1,2,3,1,3,2,2,4,1,2,4,1,2,2,1,1,1,2,2,4,3,1,2,2,1,3,1,3,2,3,4,2,4,1,1,1,3,2,1,1,2,1,4,2,2,2,4,2,4,2,3,1,3,1,4,3,2,1,1,3,4,3,4,4,1,3,3,4,3,2,2,3,3,4,2,2,1,4,1,2,4,3,4,3,3,4,3,1,2,3,1,3,2,1,2,2,1,1,3,4,2,4,2,4,1,1,2,3,3,3,3,4,1,4,4,4,2,1,2,3,1,2,2,4,2,2,3,3,2,2,2,4,4,4,3,1,4,4,2,4,1,3,4,3,4,3,3,4,4,3,1,1,1,1,4,2,3,1,1,2,2,4,3,3,2,2,2,4,3,2,1,3,3,1,1,3,3,2,4,4,2,1,1,1,1,2,3,2,1,2,4,4,1,2,4,3,1,2,1,4,3,4,1,3,2,4,3,1,2,1,1,2,3,3,2,2,1,1,4,2,4,2,4,1,1,3,4,2,4,1,3,4,1,2,3,1,2,4,2,2,2,3,1,1,2,4,4,1,4,2,1,1,4,1,3,2,3,1,4,3,3,3,4,4,1,4,3,1,4,2,4,4,1,1,1,2,2,4,4,1,1,2,2,1,4,2,1,1,1,2,4,2,4,2,1,1,3,1,4,1,3,1,1,2,4,3,2,3,1,3,2,1,2,4,4,4,3,4,3,3,2,1,1,2,4,2,2,1,3,2,2,3,1,4,2,4,4,2,4,2,3,3,3,3,1,3,2,2,2,4,2,1,1,1,1,1,1,3,1,4,1,2,2,4,1,3,3,3,3,1,4,3,1,1,1,1,1,2,1,1,1,2,2,4,4,1,3,1,4,3,3,4,1,4,3,2,1,4,4,4,2,2,1,1,1,4,2,1,2,3,1,2,1,2,2,4,3,1,2,1,2,3,2,2,1,3,2,1,2,1,3,4,3,1,3,1,1,3,4,3,1,4,1,4,3,3,1,4,1,4,1,3,2,1,2,3,2,4,2,1,2,4,3,4,1,4,2,2,4,2,2,1,1,1,3,3,1,4,4,4,1,3,2,4,1,1,2,3,3,1,2,3,2,2,1,2,2,2,4,2,2,1,3,3,2,1,1,2,2,3,3,3,2,3,1,4,4,4,1,4,2,2,4,4,3,1,3,1,3,2,1,4,1,1,3,4,3,4,3,1,3,3,1,1,1,4,1,3,3,1,1,3,1,1,4,1,4,2,4,1,1,3,1,1,1,4,4,2,4,3,4,1,4,1,3,2,2,2,2,1,1,4,1,2,1,3,3,3,2,4,1,4,1,2,3,2,3,4,4,2,2,1,4,3,4,1,2,3,1,2,3,1,2,4,2,2,1,1,1,2,2,4,1,4,3,4,1,3,2,2,3,1,4,2,3,4,4,2,1,1,3,3,1,3,1,2,4,3,2,1,3,2,3,2,1,4,2,1,3,4,4,3,4,3,3,1,3,1,2,2,3,1,2,1,2,3,2,3,3,2,3,1,1,1,4,2,2,4,2,1,4,4,1,2,3,3,2,3,4,3,2,2,2,4,2,3,2,2,2,4,4,4,4,1,1,3,2,4,4,2,2,1,2,1,2,2,4,4,1,2,4,1,4,3,1,3,2,1,3,2,1,2,3,1,2,2,4,3,1,1,2,3,2,2,1,2,1,1,4,1,4,2,1,1,4,4,1,3,3,4,1,2,2,3,3,2,4,1,3,1,4,4,3,4,2,4,3,4,4,3,3,1,2,3,4,1,4,2,4,1,2,4,1,4,2,4,4,1,4,3,2,1,3,3,2,1,3,4,3,2,3,1,3,3,2,3,3,1,2,2,2,2,4,4,4,2,2,4,2,3,1,2,3,3,4,1,2,2,1,3,2,2,1,3,3,3,2,3,1,4,4,1,1,1,3,1,2,4,2,2,3,3,4,3,3,4,1,4,4,1,1,4,1,1,4,1,2,3,3,4,3,2,1,4,3,2,1,1,2,3,4,1,4,1,1,1,3,3,2,4,4,2,3,4,2,1,4,3,4,1,3,3,2,3,2,3,1,1,1,1,1,4,1,3,2,4,3,1,1,3,4,2,2,2,2,1,4,1,4,2,3,3,1,3,1,1,4,2,2,2,2,4,2,2,3,2,2,1,1,2,1,3,3,3,4,3,2,3,3,3,3,1,3,3,1,1,4,2,4,1,1,1,4,3,2,2,3,2,3,4,1,3,3,1,1,2,3,1,2,4,3,4,1,1,3,4,1,3,3,3,1,1,3,2,3,3,3,2,4,1,1,4,3,3,1,3,4,1,2,3,4,1,1,2,3,2,4,1,1,2,2,2,3,1,3,4,3,2,4,4,3,3,2,2,4,2,1,1,4,3,3,1,3,2,1,4,3,4,4,3,3,1,1,4,4,1,4,2,3,3,2,1,1,4,4,1,4,2,3,2,3,3,4,4,3,4,2,1,4,4,4,1,2,3,2,4,1,2,4,4,3,1,3,2,3,2,4,1,1,4,1,3,2,2,2,3,2,1,2,3,1,4,1,3,1,2,3,4,2,3,3,4,4,3,4,4,2,3,1,2,3,3,2,4,1,1,3,3,1,3,1,4,1,1,1,3,4,2,2,1,3,2,2,1,1,3,2,1,4,4,4,1,3,4,4,4,1,1,1,4,1,1,3,1,2,1,1,2,2,1,3,4,2,3,1,1,2,2,3,1,2,2,4,2,3,1,2,4,2,1,1,1,4,1,1,2,2,3,2,1,1,3,1,3,3,1,2,2,2,3,2,3,4,3,1,1,2,1,2,4,3,1,2,4,1,3,4,3,4,4,3,2,3,3,1,3,3,1,2,3,1,2,2,3,2,3,2,2,2,3,2,4,1,1,4,2,1,4,2,3,3,1,1,4,1,2,4,2,1,3,2,4,3,1,2,1,2,3,4,1,3,3,4,4,3,2,3,3,2,1,3,2,1,2,2,2,1,1,3,3,3,3,3,1,4,2,3,2,2,3,2,2,4,2,2,4,2,2,2,2,2,2,1,4,1,1,4,4,2,3,3,1,2,3,4,4,3,2,2,1,4,2,4,1,2,2,3,4,2,1,4,2,4,1,3,3,1,4,1,3,4,4,2,2,2,2,2,1,1,4,4,2,3,3,4,4,4,2,4,2,1,4,3,2,1,1,2,2,1,1,1,2,4,1,1,3,4,2,1,2,4,4,4,3,1,4,2,3,4,4,2,3,2,1,4,2,3,1,4,4,3,2,2,4,1,2,3,4,1,3,1,1,4,1,2,2,1,4,4,1,2,2,4,4,3,3,1,1,4,4,3,1"
45,0.9875909492720556,0.4509803921568627,2338.0,"3,1,1,3,1,3,4,4,4,3,1,1,1,1,1,1,3,2,1,3,3,3,3,1,4,4,3,2,1,2,4,2,3,2,1,3,1,4,4,1,2,2,1,3,1,2,4,4,1,2,4,1,2,1,4,2,3,4,3,4,3,3,1,1,2,1,1,2,1,4,3,3,1,1,2,1,4,3,2,2,2,1,1,1,2,2,3,3,1,1,3,4,3,1,1,1,1,3,1,1,3,4,3,1,1,2,1,4,1,3,1,1,2,1,1,3,4,2,4,4,1,2,3,4,1,3,4,1,4,2,2,1,3,1,4,3,2,3,2,3,3,3,4,4,1,1,2,4,2,1,2,1,4,3,4,2,2,4,4,1,2,2,4,3,2,3,4,4,1,2,3,1,2,1,4,2,1,1,3,1,2,2,3,2,4,2,2,1,1,2,3,1,3,2,2,4,1,2,4,1,2,2,1,1,1,2,2,4,3,1,2,2,1,3,1,3,2,3,4,2,4,1,1,1,3,2,1,1,2,1,4,2,2,2,4,2,4,2,3,1,3,1,4,3,2,1,1,3,4,3,4,4,1,3,3,4,3,2,2,3,3,4,2,2,1,4,1,2,4,3,4,3,3,4,3,1,2,3,1,3,2,1,2,2,1,1,3,4,2,4,2,4,1,1,2,3,3,3,3,4,1,4,4,4,2,1,2,3,1,2,2,4,2,2,3,3,2,2,2,4,4,4,3,1,4,4,2,4,1,3,4,3,4,3,3,4,4,3,1,1,1,1,4,2,3,1,1,2,2,4,3,3,2,2,2,4,3,2,1,3,3,1,1,3,3,2,4,4,2,1,1,1,1,2,3,2,1,2,4,4,1,2,4,3,1,2,1,4,3,4,1,3,2,4,3,1,2,1,1,2,3,3,2,2,1,1,4,2,4,2,4,1,1,3,4,2,4,1,3,4,1,2,3,1,2,4,2,2,2,3,1,1,2,4,4,1,4,2,1,1,4,1,3,2,3,1,4,3,3,3,4,4,1,4,3,1,4,2,4,4,1,1,1,2,2,4,4,1,1,2,2,1,4,2,1,1,1,2,4,2,4,2,1,1,3,1,4,1,3,1,1,2,4,3,2,3,1,3,2,1,2,4,4,4,3,4,3,3,2,1,1,2,4,2,2,1,3,2,2,3,1,4,2,4,4,2,4,2,3,3,3,3,1,3,2,2,2,4,2,1,1,1,1,1,1,3,1,4,1,2,2,4,1,3,3,3,3,1,4,3,1,1,1,1,1,2,1,1,1,2,2,4,4,1,3,1,4,3,3,4,1,4,3,2,1,4,4,4,2,2,1,1,1,4,2,1,2,3,1,2,1,2,2,4,3,1,2,1,2,3,2,2,1,3,2,1,2,1,3,4,3,1,3,1,1,3,4,3,1,4,1,4,3,3,1,4,1,4,1,3,2,1,2,3,2,4,2,1,2,4,3,4,1,4,2,2,4,2,2,1,1,1,3,3,1,4,4,4,1,3,2,4,1,1,2,3,3,1,2,3,2,2,1,2,2,2,4,2,2,1,3,3,2,1,1,2,2,3,3,3,2,3,1,4,4,4,1,4,2,2,4,4,3,1,3,1,3,2,1,4,1,1,3,4,3,4,3,1,3,3,1,1,1,4,1,3,3,1,1,3,1,1,4,1,4,2,4,1,1,3,1,1,1,4,4,2,4,3,4,1,4,1,3,2,2,2,2,1,1,4,1,2,1,3,3,3,2,4,1,4,1,2,3,2,3,4,4,2,2,1,4,3,4,1,2,3,1,2,3,1,2,4,2,2,1,1,1,2,2,4,1,4,3,4,1,3,2,2,3,1,4,2,3,4,4,2,1,1,3,3,1,3,1,2,4,3,2,1,3,2,3,2,1,4,2,1,3,4,4,3,4,3,3,1,3,1,2,2,3,1,2,1,2,3,2,3,3,2,3,1,1,1,4,2,2,4,2,1,4,4,1,2,3,3,2,3,4,3,2,2,2,4,2,3,2,2,2,4,4,4,4,1,1,3,2,4,4,2,2,1,2,1,2,2,4,4,1,2,4,1,4,3,1,3,2,1,3,2,1,2,3,1,2,2,4,3,1,1,2,3,2,2,1,2,1,1,4,1,4,2,1,1,4,4,1,3,3,4,1,2,2,3,3,2,4,1,3,1,4,4,3,4,2,4,3,4,4,3,3,1,2,3,4,1,4,2,4,1,2,4,1,4,2,4,4,1,4,3,2,1,3,3,2,1,3,4,3,2,3,1,3,3,2,3,3,1,2,2,2,2,4,4,4,2,2,4,2,3,1,2,3,3,4,1,2,2,1,3,2,2,1,3,3,3,2,3,1,4,4,1,1,1,3,1,2,4,2,2,3,3,4,3,3,4,1,4,4,1,1,4,1,1,4,1,2,3,3,4,3,2,1,4,3,2,1,1,2,3,4,1,4,1,1,1,3,3,2,4,4,2,3,4,2,1,4,3,4,1,3,3,2,3,2,3,1,1,1,1,1,4,1,3,2,4,3,1,1,3,4,2,2,2,2,1,4,1,4,2,3,3,1,3,1,1,4,2,2,2,2,4,2,2,3,2,2,1,1,2,1,3,3,3,4,3,2,3,3,3,3,1,3,3,1,1,4,2,4,1,1,1,4,3,2,2,3,2,3,4,1,3,3,1,1,2,3,1,2,4,3,4,1,1,3,4,1,3,3,3,1,1,3,2,3,3,3,2,4,1,1,4,3,3,1,3,4,1,2,3,4,1,1,2,3,2,4,1,1,2,2,2,3,1,3,4,3,2,4,4,3,3,2,2,4,2,1,1,4,3,3,1,3,2,1,4,3,4,4,3,3,1,1,4,4,1,4,2,3,3,2,1,1,4,4,1,4,2,3,2,3,3,4,4,3,4,2,1,4,4,4,1,2,3,2,4,1,2,4,4,3,1,3,2,3,2,4,1,1,4,1,3,2,2,2,3,2,1,2,3,1,4,1,3,1,2,3,4,2,3,3,4,4,3,4,4,2,3,1,2,3,3,2,4,1,1,3,3,1,3,1,4,1,1,1,3,4,2,2,1,3,2,2,1,1,3,2,1,4,4,4,1,3,4,4,4,1,1,1,4,1,1,3,1,2,1,1,2,2,1,3,4,2,3,1,1,2,2,3,1,2,2,4,2,3,1,2,4,2,1,1,1,4,1,1,2,2,3,2,1,1,3,1,3,3,1,2,2,2,3,2,3,4,3,1,1,2,1,2,4,3,1,2,4,1,3,4,3,4,4,3,2,3,3,1,3,3,1,2,3,1,2,2,3,2,3,2,2,2,3,2,4,1,1,4,2,1,4,2,3,3,1,1,4,1,2,4,2,1,3,2,4,3,1,2,1,2,3,4,1,3,3,4,4,3,2,3,3,2,1,3,2,1,2,2,2,1,1,3,3,3,3,3,1,4,2,3,2,2,3,2,2,4,2,2,4,2,2,2,2,2,2,1,4,1,1,4,4,2,3,3,1,2,3,4,4,3,2,2,1,4,2,4,1,2,2,3,4,2,1,4,2,4,1,3,3,1,4,1,3,4,4,2,2,2,2,2,1,1,4,4,2,3,3,4,4,4,2,4,2,1,4,3,2,1,1,2,2,1,1,1,2,4,1,1,3,4,2,1,2,4,4,4,3,1,4,2,3,4,4,2,3,2,1,4,2,3,1,4,4,3,2,2,4,1,2,3,4,1,3,1,1,4,1,2,2,1,4,4,1,2,2,4,4,3,3,1,1,4,4,3,1"
46,0.9875909492720556,0.4509803921568627,2338.0,"3,1,1,3,1,3,4,4,4,3,1,1,1,1,1,1,3,2,1,3,3,3,3,1,4,4,3,2,1,2,4,2,3,2,1,3,1,4,4,1,2,2,1,3,1,2,4,4,1,2,4,1,2,1,4,2,3,4,3,4,3,3,1,1,2,1,1,2,1,4,3,3,1,1,2,1,4,3,2,2,2,1,1,1,2,2,3,3,1,1,3,4,3,1,1,1,1,3,1,1,3,4,3,1,1,2,1,4,1,3,1,1,2,1,1,3,4,2,4,4,1,2,3,4,1,3,4,1,4,2,2,1,3,1,4,3,2,3,2,3,3,3,4,4,1,1,2,4,2,1,2,1,4,3,4,2,2,4,4,1,2,2,4,3,2,3,4,4,1,2,3,1,2,1,4,2,1,1,3,1,2,2,3,2,4,2,2,1,1,2,3,1,3,2,2,4,1,2,4,1,2,2,1,1,1,2,2,4,3,1,2,2,1,3,1,3,2,3,4,2,4,1,1,1,3,2,1,1,2,1,4,2,2,2,4,2,4,2,3,1,3,1,4,3,2,1,1,3,4,3,4,4,1,3,3,4,3,2,2,3,3,4,2,2,1,4,1,2,4,3,4,3,3,4,3,1,2,3,1,3,2,1,2,2,1,1,3,4,2,4,2,4,1,1,2,3,3,3,3,4,1,4,4,4,2,1,2,3,1,2,2,4,2,2,3,3,2,2,2,4,4,4,3,1,4,4,2,4,1,3,4,3,4,3,3,4,4,3,1,1,1,1,4,2,3,1,1,2,2,4,3,3,2,2,2,4,3,2,1,3,3,1,1,3,3,2,4,4,2,1,1,1,1,2,3,2,1,2,4,4,1,2,4,3,1,2,1,4,3,4,1,3,2,4,3,1,2,1,1,2,3,3,2,2,1,1,4,2,4,2,4,1,1,3,4,2,4,1,3,4,1,2,3,1,2,4,2,2,2,3,1,1,2,4,4,1,4,2,1,1,4,1,3,2,3,1,4,3,3,3,4,4,1,4,3,1,4,2,4,4,1,1,1,2,2,4,4,1,1,2,2,1,4,2,1,1,1,2,4,2,4,2,1,1,3,1,4,1,3,1,1,2,4,3,2,3,1,3,2,1,2,4,4,4,3,4,3,3,2,1,1,2,4,2,2,1,3,2,2,3,1,4,2,4,4,2,4,2,3,3,3,3,1,3,2,2,2,4,2,1,1,1,1,1,1,3,1,4,1,2,2,4,1,3,3,3,3,1,4,3,1,1,1,1,1,2,1,1,1,2,2,4,4,1,3,1,4,3,3,4,1,4,3,2,1,4,4,4,2,2,1,1,1,4,2,1,2,3,1,2,1,2,2,4,3,1,2,1,2,3,2,2,1,3,2,1,2,1,3,4,3,1,3,1,1,3,4,3,1,4,1,4,3,3,1,4,1,4,1,3,2,1,2,3,2,4,2,1,2,4,3,4,1,4,2,2,4,2,2,1,1,1,3,3,1,4,4,4,1,3,2,4,1,1,2,3,3,1,2,3,2,2,1,2,2,2,4,2,2,1,3,3,2,1,1,2,2,3,3,3,2,3,1,4,4,4,1,4,2,2,4,4,3,1,3,1,3,2,1,4,1,1,3,4,3,4,3,1,3,3,1,1,1,4,1,3,3,1,1,3,1,1,4,1,4,2,4,1,1,3,1,1,1,4,4,2,4,3,4,1,4,1,3,2,2,2,2,1,1,4,1,2,1,3,3,3,2,4,1,4,1,2,3,2,3,4,4,2,2,1,4,3,4,1,2,3,1,2,3,1,2,4,2,2,1,1,1,2,2,4,1,4,3,4,1,3,2,2,3,1,4,2,3,4,4,2,1,1,3,3,1,3,1,2,4,3,2,1,3,2,3,2,1,4,2,1,3,4,4,3,4,3,3,1,3,1,2,2,3,1,2,1,2,3,2,3,3,2,3,1,1,1,4,2,2,4,2,1,4,4,1,2,3,3,2,3,4,3,2,2,2,4,2,3,2,2,2,4,4,4,4,1,1,3,2,4,4,2,2,1,2,1,2,2,4,4,1,2,4,1,4,3,1,3,2,1,3,2,1,2,3,1,2,2,4,3,1,1,2,3,2,2,1,2,1,1,4,1,4,2,1,1,4,4,1,3,3,4,1,2,2,3,3,2,4,1,3,1,4,4,3,4,2,4,3,4,4,3,3,1,2,3,4,1,4,2,4,1,2,4,1,4,2,4,4,1,4,3,2,1,3,3,2,1,3,4,3,2,3,1,3,3,2,3,3,1,2,2,2,2,4,4,4,2,2,4,2,3,1,2,3,3,4,1,2,2,1,3,2,2,1,3,3,3,2,3,1,4,4,1,1,1,3,1,2,4,2,2,3,3,4,3,3,4,1,4,4,1,1,4,1,1,4,1,2,3,3,4,3,2,1,4,3,2,1,1,2,3,4,1,4,1,1,1,3,3,2,4,4,2,3,4,2,1,4,3,4,1,3,3,2,3,2,3,1,1,1,1,1,4,1,3,2,4,3,1,1,3,4,2,2,2,2,1,4,1,4,2,3,3,1,3,1,1,4,2,2,2,2,4,2,2,3,2,2,1,1,2,1,3,3,3,4,3,2,3,3,3,3,1,3,3,1,1,4,2,4,1,1,1,4,3,2,2,3,2,3,4,1,3,3,1,1,2,3,1,2,4,3,4,1,1,3,4,1,3,3,3,1,1,3,2,3,3,3,2,4,1,1,4,3,3,1,3,4,1,2,3,4,1,1,2,3,2,4,1,1,2,2,2,3,1,3,4,3,2,4,4,3,3,2,2,4,2,1,1,4,3,3,1,3,2,1,4,3,4,4,3,3,1,1,4,4,1,4,2,3,3,2,1,1,4,4,1,4,2,3,2,3,3,4,4,3,4,2,1,4,4,4,1,2,3,2,4,1,2,4,4,3,1,3,2,3,2,4,1,1,4,1,3,2,2,2,3,2,1,2,3,1,4,1,3,1,2,3,4,2,3,3,4,4,3,4,4,2,3,1,2,3,3,2,4,1,1,3,3,1,3,1,4,1,1,1,3,4,2,2,1,3,2,2,1,1,3,2,1,4,4,4,1,3,4,4,4,1,1,1,4,1,1,3,1,2,1,1,2,2,1,3,4,2,3,1,1,2,2,3,1,2,2,4,2,3,1,2,4,2,1,1,1,4,1,1,2,2,3,2,1,1,3,1,3,3,1,2,2,2,3,2,3,4,3,1,1,2,1,2,4,3,1,2,4,1,3,4,3,4,4,3,2,3,3,1,3,3,1,2,3,1,2,2,3,2,3,2,2,2,3,2,4,1,1,4,2,1,4,2,3,3,1,1,4,1,2,4,2,1,3,2,4,3,1,2,1,2,3,4,1,3,3,4,4,3,2,3,3,2,1,3,2,1,2,2,2,1,1,3,3,3,3,3,1,4,2,3,2,2,3,2,2,4,2,2,4,2,2,2,2,2,2,1,4,1,1,4,4,2,3,3,1,2,3,4,4,3,2,2,1,4,2,4,1,2,2,3,4,2,1,4,2,4,1,3,3,1,4,1,3,4,4,2,2,2,2,2,1,1,4,4,2,3,3,4,4,4,2,4,2,1,4,3,2,1,1,2,2,1,1,1,2,4,1,1,3,4,2,1,2,4,4,4,3,1,4,2,3,4,4,2,3,2,1,4,2,3,1,4,4,3,2,2,4,1,2,3,4,1,3,1,1,4,1,2,2,1,4,4,1,2,2,4,4,3,3,1,1,4,4,3,1"
47,0.9875909492720556,0.4509803921568627,2338.0,"3,1,1,3,1,3,4,4,4,3,1,1,1,1,1,1,3,2,1,3,3,3,3,1,4,4,3,2,1,2,4,2,3,2,1,3,1,4,4,1,2,2,1,3,1,2,4,4,1,2,4,1,2,1,4,2,3,4,3,4,3,3,1,1,2,1,1,2,1,4,3,3,1,1,2,1,4,3,2,2,2,1,1,1,2,2,3,3,1,1,3,4,3,1,1,1,1,3,1,1,3,4,3,1,1,2,1,4,1,3,1,1,2,1,1,3,4,2,4,4,1,2,3,4,1,3,4,1,4,2,2,1,3,1,4,3,2,3,2,3,3,3,4,4,1,1,2,4,2,1,2,1,4,3,4,2,2,4,4,1,2,2,4,3,2,3,4,4,1,2,3,1,2,1,4,2,1,1,3,1,2,2,3,2,4,2,2,1,1,2,3,1,3,2,2,4,1,2,4,1,2,2,1,1,1,2,2,4,3,1,2,2,1,3,1,3,2,3,4,2,4,1,1,1,3,2,1,1,2,1,4,2,2,2,4,2,4,2,3,1,3,1,4,3,2,1,1,3,4,3,4,4,1,3,3,4,3,2,2,3,3,4,2,2,1,4,1,2,4,3,4,3,3,4,3,1,2,3,1,3,2,1,2,2,1,1,3,4,2,4,2,4,1,1,2,3,3,3,3,4,1,4,4,4,2,1,2,3,1,2,2,4,2,2,3,3,2,2,2,4,4,4,3,1,4,4,2,4,1,3,4,3,4,3,3,4,4,3,1,1,1,1,4,2,3,1,1,2,2,4,3,3,2,2,2,4,3,2,1,3,3,1,1,3,3,2,4,4,2,1,1,1,1,2,3,2,1,2,4,4,1,2,4,3,1,2,1,4,3,4,1,3,2,4,3,1,2,1,1,2,3,3,2,2,1,1,4,2,4,2,4,1,1,3,4,2,4,1,3,4,1,2,3,1,2,4,2,2,2,3,1,1,2,4,4,1,4,2,1,1,4,1,3,2,3,1,4,3,3,3,4,4,1,4,3,1,4,2,4,4,1,1,1,2,2,4,4,1,1,2,2,1,4,2,1,1,1,2,4,2,4,2,1,1,3,1,4,1,3,1,1,2,4,3,2,3,1,3,2,1,2,4,4,4,3,4,3,3,2,1,1,2,4,2,2,1,3,2,2,3,1,4,2,4,4,2,4,2,3,3,3,3,1,3,2,2,2,4,2,1,1,1,1,1,1,3,1,4,1,2,2,4,1,3,3,3,3,1,4,3,1,1,1,1,1,2,1,1,1,2,2,4,4,1,3,1,4,3,3,4,1,4,3,2,1,4,4,4,2,2,1,1,1,4,2,1,2,3,1,2,1,2,2,4,3,1,2,1,2,3,2,2,1,3,2,1,2,1,3,4,3,1,3,1,1,3,4,3,1,4,1,4,3,3,1,4,1,4,1,3,2,1,2,3,2,4,2,1,2,4,3,4,1,4,2,2,4,2,2,1,1,1,3,3,1,4,4,4,1,3,2,4,1,1,2,3,3,1,2,3,2,2,1,2,2,2,4,2,2,1,3,3,2,1,1,2,2,3,3,3,2,3,1,4,4,4,1,4,2,2,4,4,3,1,3,1,3,2,1,4,1,1,3,4,3,4,3,1,3,3,1,1,1,4,1,3,3,1,1,3,1,1,4,1,4,2,4,1,1,3,1,1,1,4,4,2,4,3,4,1,4,1,3,2,2,2,2,1,1,4,1,2,1,3,3,3,2,4,1,4,1,2,3,2,3,4,4,2,2,1,4,3,4,1,2,3,1,2,3,1,2,4,2,2,1,1,1,2,2,4,1,4,3,4,1,3,2,2,3,1,4,2,3,4,4,2,1,1,3,3,1,3,1,2,4,3,2,1,3,2,3,2,1,4,2,1,3,4,4,3,4,3,3,1,3,1,2,2,3,1,2,1,2,3,2,3,3,2,3,1,1,1,4,2,2,4,2,1,4,4,1,2,3,3,2,3,4,3,2,2,2,4,2,3,2,2,2,4,4,4,4,1,1,3,2,4,4,2,2,1,2,1,2,2,4,4,1,2,4,1,4,3,1,3,2,1,3,2,1,2,3,1,2,2,4,3,1,1,2,3,2,2,1,2,1,1,4,1,4,2,1,1,4,4,1,3,3,4,1,2,2,3,3,2,4,1,3,1,4,4,3,4,2,4,3,4,4,3,3,1,2,3,4,1,4,2,4,1,2,4,1,4,2,4,4,1,4,3,2,1,3,3,2,1,3,4,3,2,3,1,3,3,2,3,3,1,2,2,2,2,4,4,4,2,2,4,2,3,1,2,3,3,4,1,2,2,1,3,2,2,1,3,3,3,2,3,1,4,4,1,1,1,3,1,2,4,2,2,3,3,4,3,3,4,1,4,4,1,1,4,1,1,4,1,2,3,3,4,3,2,1,4,3,2,1,1,2,3,4,1,4,1,1,1,3,3,2,4,4,2,3,4,2,1,4,3,4,1,3,3,2,3,2,3,1,1,1,1,1,4,1,3,2,4,3,1,1,3,4,2,2,2,2,1,4,1,4,2,3,3,1,3,1,1,4,2,2,2,2,4,2,2,3,2,2,1,1,2,1,3,3,3,4,3,2,3,3,3,3,1,3,3,1,1,4,2,4,1,1,1,4,3,2,2,3,2,3,4,1,3,3,1,1,2,3,1,2,4,3,4,1,1,3,4,1,3,3,3,1,1,3,2,3,3,3,2,4,1,1,4,3,3,1,3,4,1,2,3,4,1,1,2,3,2,4,1,1,2,2,2,3,1,3,4,3,2,4,4,3,3,2,2,4,2,1,1,4,3,3,1,3,2,1,4,3,4,4,3,3,1,1,4,4,1,4,2,3,3,2,1,1,4,4,1,4,2,3,2,3,3,4,4,3,4,2,1,4,4,4,1,2,3,2,4,1,2,4,4,3,1,3,2,3,2,4,1,1,4,1,3,2,2,2,3,2,1,2,3,1,4,1,3,1,2,3,4,2,3,3,4,4,3,4,4,2,3,1,2,3,3,2,4,1,1,3,3,1,3,1,4,1,1,1,3,4,2,2,1,3,2,2,1,1,3,2,1,4,4,4,1,3,4,4,4,1,1,1,4,1,1,3,1,2,1,1,2,2,1,3,4,2,3,1,1,2,2,3,1,2,2,4,2,3,1,2,4,2,1,1,1,4,1,1,2,2,3,2,1,1,3,1,3,3,1,2,2,2,3,2,3,4,3,1,1,2,1,2,4,3,1,2,4,1,3,4,3,4,4,3,2,3,3,1,3,3,1,2,3,1,2,2,3,2,3,2,2,2,3,2,4,1,1,4,2,1,4,2,3,3,1,1,4,1,2,4,2,1,3,2,4,3,1,2,1,2,3,4,1,3,3,4,4,3,2,3,3,2,1,3,2,1,2,2,2,1,1,3,3,3,3,3,1,4,2,3,2,2,3,2,2,4,2,2,4,2,2,2,2,2,2,1,4,1,1,4,4,2,3,3,1,2,3,4,4,3,2,2,1,4,2,4,1,2,2,3,4,2,1,4,2,4,1,3,3,1,4,1,3,4,4,2,2,2,2,2,1,1,4,4,2,3,3,4,4,4,2,4,2,1,4,3,2,1,1,2,2,1,1,1,2,4,1,1,3,4,2,1,2,4,4,4,3,1,4,2,3,4,4,2,3,2,1,4,2,3,1,4,4,3,2,2,4,1,2,3,4,1,3,1,1,4,1,2,2,1,4,4,1,2,2,4,4,3,3,1,1,4,4,3,1"
48,0.9875909492720556,0.4509803921568627,2338.0,"3,1,1,3,1,3,4,4,4,3,1,1,1,1,1,1,3,2,1,3,3,3,3,1,4,4,3,2,1,2,4,2,3,2,1,3,1,4,4,1,2,2,1,3,1,2,4,4,1,2,4,1,2,1,4,2,3,4,3,4,3,3,1,1,2,1,1,2,1,4,3,3,1,1,2,1,4,3,2,2,2,1,1,1,2,2,3,3,1,1,3,4,3,1,1,1,1,3,1,1,3,4,3,1,1,2,1,4,1,3,1,1,2,1,1,3,4,2,4,4,1,2,3,4,1,3,4,1,4,2,2,1,3,1,4,3,2,3,2,3,3,3,4,4,1,1,2,4,2,1,2,1,4,3,4,2,2,4,4,1,2,2,4,3,2,3,4,4,1,2,3,1,2,1,4,2,1,1,3,1,2,2,3,2,4,2,2,1,1,2,3,1,3,2,2,4,1,2,4,1,2,2,1,1,1,2,2,4,3,1,2,2,1,3,1,3,2,3,4,2,4,1,1,1,3,2,1,1,2,1,4,2,2,2,4,2,4,2,3,1,3,1,4,3,2,1,1,3,4,3,4,4,1,3,3,4,3,2,2,3,3,4,2,2,1,4,1,2,4,3,4,3,3,4,3,1,2,3,1,3,2,1,2,2,1,1,3,4,2,4,2,4,1,1,2,3,3,3,3,4,1,4,4,4,2,1,2,3,1,2,2,4,2,2,3,3,2,2,2,4,4,4,3,1,4,4,2,4,1,3,4,3,4,3,3,4,4,3,1,1,1,1,4,2,3,1,1,2,2,4,3,3,2,2,2,4,3,2,1,3,3,1,1,3,3,2,4,4,2,1,1,1,1,2,3,2,1,2,4,4,1,2,4,3,1,2,1,4,3,4,1,3,2,4,3,1,2,1,1,2,3,3,2,2,1,1,4,2,4,2,4,1,1,3,4,2,4,1,3,4,1,2,3,1,2,4,2,2,2,3,1,1,2,4,4,1,4,2,1,1,4,1,3,2,3,1,4,3,3,3,4,4,1,4,3,1,4,2,4,4,1,1,1,2,2,4,4,1,1,2,2,1,4,2,1,1,1,2,4,2,4,2,1,1,3,1,4,1,3,1,1,2,4,3,2,3,1,3,2,1,2,4,4,4,3,4,3,3,2,1,1,2,4,2,2,1,3,2,2,3,1,4,2,4,4,2,4,2,3,3,3,3,1,3,2,2,2,4,2,1,1,1,1,1,1,3,1,4,1,2,2,4,1,3,3,3,3,1,4,3,1,1,1,1,1,2,1,1,1,2,2,4,4,1,3,1,4,3,3,4,1,4,3,2,1,4,4,4,2,2,1,1,1,4,2,1,2,3,1,2,1,2,2,4,3,1,2,1,2,3,2,2,1,3,2,1,2,1,3,4,3,1,3,1,1,3,4,3,1,4,1,4,3,3,1,4,1,4,1,3,2,1,2,3,2,4,2,1,2,4,3,4,1,4,2,2,4,2,2,1,1,1,3,3,1,4,4,4,1,3,2,4,1,1,2,3,3,1,2,3,2,2,1,2,2,2,4,2,2,1,3,3,2,1,1,2,2,3,3,3,2,3,1,4,4,4,1,4,2,2,4,4,3,1,3,1,3,2,1,4,1,1,3,4,3,4,3,1,3,3,1,1,1,4,1,3,3,1,1,3,1,1,4,1,4,2,4,1,1,3,1,1,1,4,4,2,4,3,4,1,4,1,3,2,2,2,2,1,1,4,1,2,1,3,3,3,2,4,1,4,1,2,3,2,3,4,4,2,2,1,4,3,4,1,2,3,1,2,3,1,2,4,2,2,1,1,1,2,2,4,1,4,3,4,1,3,2,2,3,1,4,2,3,4,4,2,1,1,3,3,1,3,1,2,4,3,2,1,3,2,3,2,1,4,2,1,3,4,4,3,4,3,3,1,3,1,2,2,3,1,2,1,2,3,2,3,3,2,3,1,1,1,4,2,2,4,2,1,4,4,1,2,3,3,2,3,4,3,2,2,2,4,2,3,2,2,2,4,4,4,4,1,1,3,2,4,4,2,2,1,2,1,2,2,4,4,1,2,4,1,4,3,1,3,2,1,3,2,1,2,3,1,2,2,4,3,1,1,2,3,2,2,1,2,1,1,4,1,4,2,1,1,4,4,1,3,3,4,1,2,2,3,3,2,4,1,3,1,4,4,3,4,2,4,3,4,4,3,3,1,2,3,4,1,4,2,4,1,2,4,1,4,2,4,4,1,4,3,2,1,3,3,2,1,3,4,3,2,3,1,3,3,2,3,3,1,2,2,2,2,4,4,4,2,2,4,2,3,1,2,3,3,4,1,2,2,1,3,2,2,1,3,3,3,2,3,1,4,4,1,1,1,3,1,2,4,2,2,3,3,4,3,3,4,1,4,4,1,1,4,1,1,4,1,2,3,3,4,3,2,1,4,3,2,1,1,2,3,4,1,4,1,1,1,3,3,2,4,4,2,3,4,2,1,4,3,4,1,3,3,2,3,2,3,1,1,1,1,1,4,1,3,2,4,3,1,1,3,4,2,2,2,2,1,4,1,4,2,3,3,1,3,1,1,4,2,2,2,2,4,2,2,3,2,2,1,1,2,1,3,3,3,4,3,2,3,3,3,3,1,3,3,1,1,4,2,4,1,1,1,4,3,2,2,3,2,3,4,1,3,3,1,1,2,3,1,2,4,3,4,1,1,3,4,1,3,3,3,1,1,3,2,3,3,3,2,4,1,1,4,3,3,1,3,4,1,2,3,4,1,1,2,3,2,4,1,1,2,2,2,3,1,3,4,3,2,4,4,3,3,2,2,4,2,1,1,4,3,3,1,3,2,1,4,3,4,4,3,3,1,1,4,4,1,4,2,3,3,2,1,1,4,4,1,4,2,3,2,3,3,4,4,3,4,2,1,4,4,4,1,2,3,2,4,1,2,4,4,3,1,3,2,3,2,4,1,1,4,1,3,2,2,2,3,2,1,2,3,1,4,1,3,1,2,3,4,2,3,3,4,4,3,4,4,2,3,1,2,3,3,2,4,1,1,3,3,1,3,1,4,1,1,1,3,4,2,2,1,3,2,2,1,1,3,2,1,4,4,4,1,3,4,4,4,1,1,1,4,1,1,3,1,2,1,1,2,2,1,3,4,2,3,1,1,2,2,3,1,2,2,4,2,3,1,2,4,2,1,1,1,4,1,1,2,2,3,2,1,1,3,1,3,3,1,2,2,2,3,2,3,4,3,1,1,2,1,2,4,3,1,2,4,1,3,4,3,4,4,3,2,3,3,1,3,3,1,2,3,1,2,2,3,2,3,2,2,2,3,2,4,1,1,4,2,1,4,2,3,3,1,1,4,1,2,4,2,1,3,2,4,3,1,2,1,2,3,4,1,3,3,4,4,3,2,3,3,2,1,3,2,1,2,2,2,1,1,3,3,3,3,3,1,4,2,3,2,2,3,2,2,4,2,2,4,2,2,2,2,2,2,1,4,1,1,4,4,2,3,3,1,2,3,4,4,3,2,2,1,4,2,4,1,2,2,3,4,2,1,4,2,4,1,3,3,1,4,1,3,4,4,2,2,2,2,2,1,1,4,4,2,3,3,4,4,4,2,4,2,1,4,3,2,1,1,2,2,1,1,1,2,4,1,1,3,4,2,1,2,4,4,4,3,1,4,2,3,4,4,2,3,2,1,4,2,3,1,4,4,3,2,2,4,1,2,3,4,1,3,1,1,4,1,2,2,1,4,4,1,2,2,4,4,3,3,1,1,4,4,3,1"
49,0.9875909492720556,0.4509803921568627,2338.0,"3,1,1,3,1,3,4,4,4,3,1,1,1,1,1,1,3,2,1,3,3,3,3,1,4,4,3,2,1,2,4,2,3,2,1,3,1,4,4,1,2,2,1,3,1,2,4,4,1,2,4,1,2,1,4,2,3,4,3,4,3,3,1,1,2,1,1,2,1,4,3,3,1,1,2,1,4,3,2,2,2,1,1,1,2,2,3,3,1,1,3,4,3,1,1,1,1,3,1,1,3,4,3,1,1,2,1,4,1,3,1,1,2,1,1,3,4,2,4,4,1,2,3,4,1,3,4,1,4,2,2,1,3,1,4,3,2,3,2,3,3,3,4,4,1,1,2,4,2,1,2,1,4,3,4,2,2,4,4,1,2,2,4,3,2,3,4,4,1,2,3,1,2,1,4,2,1,1,3,1,2,2,3,2,4,2,2,1,1,2,3,1,3,2,2,4,1,2,4,1,2,2,1,1,1,2,2,4,3,1,2,2,1,3,1,3,2,3,4,2,4,1,1,1,3,2,1,1,2,1,4,2,2,2,4,2,4,2,3,1,3,1,4,3,2,1,1,3,4,3,4,4,1,3,3,4,3,2,2,3,3,4,2,2,1,4,1,2,4,3,4,3,3,4,3,1,2,3,1,3,2,1,2,2,1,1,3,4,2,4,2,4,1,1,2,3,3,3,3,4,1,4,4,4,2,1,2,3,1,2,2,4,2,2,3,3,2,2,2,4,4,4,3,1,4,4,2,4,1,3,4,3,4,3,3,4,4,3,1,1,1,1,4,2,3,1,1,2,2,4,3,3,2,2,2,4,3,2,1,3,3,1,1,3,3,2,4,4,2,1,1,1,1,2,3,2,1,2,4,4,1,2,4,3,1,2,1,4,3,4,1,3,2,4,3,1,2,1,1,2,3,3,2,2,1,1,4,2,4,2,4,1,1,3,4,2,4,1,3,4,1,2,3,1,2,4,2,2,2,3,1,1,2,4,4,1,4,2,1,1,4,1,3,2,3,1,4,3,3,3,4,4,1,4,3,1,4,2,4,4,1,1,1,2,2,4,4,1,1,2,2,1,4,2,1,1,1,2,4,2,4,2,1,1,3,1,4,1,3,1,1,2,4,3,2,3,1,3,2,1,2,4,4,4,3,4,3,3,2,1,1,2,4,2,2,1,3,2,2,3,1,4,2,4,4,2,4,2,3,3,3,3,1,3,2,2,2,4,2,1,1,1,1,1,1,3,1,4,1,2,2,4,1,3,3,3,3,1,4,3,1,1,1,1,1,2,1,1,1,2,2,4,4,1,3,1,4,3,3,4,1,4,3,2,1,4,4,4,2,2,1,1,1,4,2,1,2,3,1,2,1,2,2,4,3,1,2,1,2,3,2,2,1,3,2,1,2,1,3,4,3,1,3,1,1,3,4,3,1,4,1,4,3,3,1,4,1,4,1,3,2,1,2,3,2,4,2,1,2,4,3,4,1,4,2,2,4,2,2,1,1,1,3,3,1,4,4,4,1,3,2,4,1,1,2,3,3,1,2,3,2,2,1,2,2,2,4,2,2,1,3,3,2,1,1,2,2,3,3,3,2,3,1,4,4,4,1,4,2,2,4,4,3,1,3,1,3,2,1,4,1,1,3,4,3,4,3,1,3,3,1,1,1,4,1,3,3,1,1,3,1,1,4,1,4,2,4,1,1,3,1,1,1,4,4,2,4,3,4,1,4,1,3,2,2,2,2,1,1,4,1,2,1,3,3,3,2,4,1,4,1,2,3,2,3,4,4,2,2,1,4,3,4,1,2,3,1,2,3,1,2,4,2,2,1,1,1,2,2,4,1,4,3,4,1,3,2,2,3,1,4,2,3,4,4,2,1,1,3,3,1,3,1,2,4,3,2,1,3,2,3,2,1,4,2,1,3,4,4,3,4,3,3,1,3,1,2,2,3,1,2,1,2,3,2,3,3,2,3,1,1,1,4,2,2,4,2,1,4,4,1,2,3,3,2,3,4,3,2,2,2,4,2,3,2,2,2,4,4,4,4,1,1,3,2,4,4,2,2,1,2,1,2,2,4,4,1,2,4,1,4,3,1,3,2,1,3,2,1,2,3,1,2,2,4,3,1,1,2,3,2,2,1,2,1,1,4,1,4,2,1,1,4,4,1,3,3,4,1,2,2,3,3,2,4,1,3,1,4,4,3,4,2,4,3,4,4,3,3,1,2,3,4,1,4,2,4,1,2,4,1,4,2,4,4,1,4,3,2,1,3,3,2,1,3,4,3,2,3,1,3,3,2,3,3,1,2,2,2,2,4,4,4,2,2,4,2,3,1,2,3,3,4,1,2,2,1,3,2,2,1,3,3,3,2,3,1,4,4,1,1,1,3,1,2,4,2,2,3,3,4,3,3,4,1,4,4,1,1,4,1,1,4,1,2,3,3,4,3,2,1,4,3,2,1,1,2,3,4,1,4,1,1,1,3,3,2,4,4,2,3,4,2,1,4,3,4,1,3,3,2,3,2,3,1,1,1,1,1,4,1,3,2,4,3,1,1,3,4,2,2,2,2,1,4,1,4,2,3,3,1,3,1,1,4,2,2,2,2,4,2,2,3,2,2,1,1,2,1,3,3,3,4,3,2,3,3,3,3,1,3,3,1,1,4,2,4,1,1,1,4,3,2,2,3,2,3,4,1,3,3,1,1,2,3,1,2,4,3,4,1,1,3,4,1,3,3,3,1,1,3,2,3,3,3,2,4,1,1,4,3,3,1,3,4,1,2,3,4,1,1,2,3,2,4,1,1,2,2,2,3,1,3,4,3,2,4,4,3,3,2,2,4,2,1,1,4,3,3,1,3,2,1,4,3,4,4,3,3,1,1,4,4,1,4,2,3,3,2,1,1,4,4,1,4,2,3,2,3,3,4,4,3,4,2,1,4,4,4,1,2,3,2,4,1,2,4,4,3,1,3,2,3,2,4,1,1,4,1,3,2,2,2,3,2,1,2,3,1,4,1,3,1,2,3,4,2,3,3,4,4,3,4,4,2,3,1,2,3,3,2,4,1,1,3,3,1,3,1,4,1,1,1,3,4,2,2,1,3,2,2,1,1,3,2,1,4,4,4,1,3,4,4,4,1,1,1,4,1,1,3,1,2,1,1,2,2,1,3,4,2,3,1,1,2,2,3,1,2,2,4,2,3,1,2,4,2,1,1,1,4,1,1,2,2,3,2,1,1,3,1,3,3,1,2,2,2,3,2,3,4,3,1,1,2,1,2,4,3,1,2,4,1,3,4,3,4,4,3,2,3,3,1,3,3,1,2,3,1,2,2,3,2,3,2,2,2,3,2,4,1,1,4,2,1,4,2,3,3,1,1,4,1,2,4,2,1,3,2,4,3,1,2,1,2,3,4,1,3,3,4,4,3,2,3,3,2,1,3,2,1,2,2,2,1,1,3,3,3,3,3,1,4,2,3,2,2,3,2,2,4,2,2,4,2,2,2,2,2,2,1,4,1,1,4,4,2,3,3,1,2,3,4,4,3,2,2,1,4,2,4,1,2,2,3,4,2,1,4,2,4,1,3,3,1,4,1,3,4,4,2,2,2,2,2,1,1,4,4,2,3,3,4,4,4,2,4,2,1,4,3,2,1,1,2,2,1,1,1,2,4,1,1,3,4,2,1,2,4,4,4,3,1,4,2,3,4,4,2,3,2,1,4,2,3,1,4,4,3,2,2,4,1,2,3,4,1,3,1,1,4,1,2,2,1,4,4,1,2,2,4,4,3,3,1,1,4,4,3,1"
50,0.9875909492720556,0.4509803921568627,2338.0,"3,1,1,3,1,3,4,4,4,3,1,1,1,1,1,1,3,2,1,3,3,3,3,1,4,4,3,2,1,2,4,2,3,2,1,3,1,4,4,1,2,2,1,3,1,2,4,4,1,2,4,1,2,1,4,2,3,4,3,4,3,3,1,1,2,1,1,2,1,4,3,3,1,1,2,1,4,3,2,2,2,1,1,1,2,2,3,3,1,1,3,4,3,1,1,1,1,3,1,1,3,4,3,1,1,2,1,4,1,3,1,1,2,1,1,3,4,2,4,4,1,2,3,4,1,3,4,1,4,2,2,1,3,1,4,3,2,3,2,3,3,3,4,4,1,1,2,4,2,1,2,1,4,3,4,2,2,4,4,1,2,2,4,3,2,3,4,4,1,2,3,1,2,1,4,2,1,1,3,1,2,2,3,2,4,2,2,1,1,2,3,1,3,2,2,4,1,2,4,1,2,2,1,1,1,2,2,4,3,1,2,2,1,3,1,3,2,3,4,2,4,1,1,1,3,2,1,1,2,1,4,2,2,2,4,2,4,2,3,1,3,1,4,3,2,1,1,3,4,3,4,4,1,3,3,4,3,2,2,3,3,4,2,2,1,4,1,2,4,3,4,3,3,4,3,1,2,3,1,3,2,1,2,2,1,1,3,4,2,4,2,4,1,1,2,3,3,3,3,4,1,4,4,4,2,1,2,3,1,2,2,4,2,2,3,3,2,2,2,4,4,4,3,1,4,4,2,4,1,3,4,3,4,3,3,4,4,3,1,1,1,1,4,2,3,1,1,2,2,4,3,3,2,2,2,4,3,2,1,3,3,1,1,3,3,2,4,4,2,1,1,1,1,2,3,2,1,2,4,4,1,2,4,3,1,2,1,4,3,4,1,3,2,4,3,1,2,1,1,2,3,3,2,2,1,1,4,2,4,2,4,1,1,3,4,2,4,1,3,4,1,2,3,1,2,4,2,2,2,3,1,1,2,4,4,1,4,2,1,1,4,1,3,2,3,1,4,3,3,3,4,4,1,4,3,1,4,2,4,4,1,1,1,2,2,4,4,1,1,2,2,1,4,2,1,1,1,2,4,2,4,2,1,1,3,1,4,1,3,1,1,2,4,3,2,3,1,3,2,1,2,4,4,4,3,4,3,3,2,1,1,2,4,2,2,1,3,2,2,3,1,4,2,4,4,2,4,2,3,3,3,3,1,3,2,2,2,4,2,1,1,1,1,1,1,3,1,4,1,2,2,4,1,3,3,3,3,1,4,3,1,1,1,1,1,2,1,1,1,2,2,4,4,1,3,1,4,3,3,4,1,4,3,2,1,4,4,4,2,2,1,1,1,4,2,1,2,3,1,2,1,2,2,4,3,1,2,1,2,3,2,2,1,3,2,1,2,1,3,4,3,1,3,1,1,3,4,3,1,4,1,4,3,3,1,4,1,4,1,3,2,1,2,3,2,4,2,1,2,4,3,4,1,4,2,2,4,2,2,1,1,1,3,3,1,4,4,4,1,3,2,4,1,1,2,3,3,1,2,3,2,2,1,2,2,2,4,2,2,1,3,3,2,1,1,2,2,3,3,3,2,3,1,4,4,4,1,4,2,2,4,4,3,1,3,1,3,2,1,4,1,1,3,4,3,4,3,1,3,3,1,1,1,4,1,3,3,1,1,3,1,1,4,1,4,2,4,1,1,3,1,1,1,4,4,2,4,3,4,1,4,1,3,2,2,2,2,1,1,4,1,2,1,3,3,3,2,4,1,4,1,2,3,2,3,4,4,2,2,1,4,3,4,1,2,3,1,2,3,1,2,4,2,2,1,1,1,2,2,4,1,4,3,4,1,3,2,2,3,1,4,2,3,4,4,2,1,1,3,3,1,3,1,2,4,3,2,1,3,2,3,2,1,4,2,1,3,4,4,3,4,3,3,1,3,1,2,2,3,1,2,1,2,3,2,3,3,2,3,1,1,1,4,2,2,4,2,1,4,4,1,2,3,3,2,3,4,3,2,2,2,4,2,3,2,2,2,4,4,4,4,1,1,3,2,4,4,2,2,1,2,1,2,2,4,4,1,2,4,1,4,3,1,3,2,1,3,2,1,2,3,1,2,2,4,3,1,1,2,3,2,2,1,2,1,1,4,1,4,2,1,1,4,4,1,3,3,4,1,2,2,3,3,2,4,1,3,1,4,4,3,4,2,4,3,4,4,3,3,1,2,3,4,1,4,2,4,1,2,4,1,4,2,4,4,1,4,3,2,1,3,3,2,1,3,4,3,2,3,1,3,3,2,3,3,1,2,2,2,2,4,4,4,2,2,4,2,3,1,2,3,3,4,1,2,2,1,3,2,2,1,3,3,3,2,3,1,4,4,1,1,1,3,1,2,4,2,2,3,3,4,3,3,4,1,4,4,1,1,4,1,1,4,1,2,3,3,4,3,2,1,4,3,2,1,1,2,3,4,1,4,1,1,1,3,3,2,4,4,2,3,4,2,1,4,3,4,1,3,3,2,3,2,3,1,1,1,1,1,4,1,3,2,4,3,1,1,3,4,2,2,2,2,1,4,1,4,2,3,3,1,3,1,1,4,2,2,2,2,4,2,2,3,2,2,1,1,2,1,3,3,3,4,3,2,3,3,3,3,1,3,3,1,1,4,2,4,1,1,1,4,3,2,2,3,2,3,4,1,3,3,1,1,2,3,1,2,4,3,4,1,1,3,4,1,3,3,3,1,1,3,2,3,3,3,2,4,1,1,4,3,3,1,3,4,1,2,3,4,1,1,2,3,2,4,1,1,2,2,2,3,1,3,4,3,2,4,4,3,3,2,2,4,2,1,1,4,3,3,1,3,2,1,4,3,4,4,3,3,1,1,4,4,1,4,2,3,3,2,1,1,4,4,1,4,2,3,2,3,3,4,4,3,4,2,1,4,4,4,1,2,3,2,4,1,2,4,4,3,1,3,2,3,2,4,1,1,4,1,3,2,2,2,3,2,1,2,3,1,4,1,3,1,2,3,4,2,3,3,4,4,3,4,4,2,3,1,2,3,3,2,4,1,1,3,3,1,3,1,4,1,1,1,3,4,2,2,1,3,2,2,1,1,3,2,1,4,4,4,1,3,4,4,4,1,1,1,4,1,1,3,1,2,1,1,2,2,1,3,4,2,3,1,1,2,2,3,1,2,2,4,2,3,1,2,4,2,1,1,1,4,1,1,2,2,3,2,1,1,3,1,3,3,1,2,2,2,3,2,3,4,3,1,1,2,1,2,4,3,1,2,4,1,3,4,3,4,4,3,2,3,3,1,3,3,1,2,3,1,2,2,3,2,3,2,2,2,3,2,4,1,1,4,2,1,4,2,3,3,1,1,4,1,2,4,2,1,3,2,4,3,1,2,1,2,3,4,1,3,3,4,4,3,2,3,3,2,1,3,2,1,2,2,2,1,1,3,3,3,3,3,1,4,2,3,2,2,3,2,2,4,2,2,4,2,2,2,2,2,2,1,4,1,1,4,4,2,3,3,1,2,3,4,4,3,2,2,1,4,2,4,1,2,2,3,4,2,1,4,2,4,1,3,3,1,4,1,3,4,4,2,2,2,2,2,1,1,4,4,2,3,3,4,4,4,2,4,2,1,4,3,2,1,1,2,2,1,1,1,2,4,1,1,3,4,2,1,2,4,4,4,3,1,4,2,3,4,4,2,3,2,1,4,2,3,1,4,4,3,2,2,4,1,2,3,4,1,3,1,1,4,1,2,2,1,4,4,1,2,2,4,4,3,3,1,1,4,4,3,1"
51,0.9875909492720556,0.4509803921568627,2338.0,"3,1,1,3,1,3,4,4,4,3,1,1,1,1,1,1,3,2,1,3,3,3,3,1,4,4,3,2,1,2,4,2,3,2,1,3,1,4,4,1,2,2,1,3,1,2,4,4,1,2,4,1,2,1,4,2,3,4,3,4,3,3,1,1,2,1,1,2,1,4,3,3,1,1,2,1,4,3,2,2,2,1,1,1,2,2,3,3,1,1,3,4,3,1,1,1,1,3,1,1,3,4,3,1,1,2,1,4,1,3,1,1,2,1,1,3,4,2,4,4,1,2,3,4,1,3,4,1,4,2,2,1,3,1,4,3,2,3,2,3,3,3,4,4,1,1,2,4,2,1,2,1,4,3,4,2,2,4,4,1,2,2,4,3,2,3,4,4,1,2,3,1,2,1,4,2,1,1,3,1,2,2,3,2,4,2,2,1,1,2,3,1,3,2,2,4,1,2,4,1,2,2,1,1,1,2,2,4,3,1,2,2,1,3,1,3,2,3,4,2,4,1,1,1,3,2,1,1,2,1,4,2,2,2,4,2,4,2,3,1,3,1,4,3,2,1,1,3,4,3,4,4,1,3,3,4,3,2,2,3,3,4,2,2,1,4,1,2,4,3,4,3,3,4,3,1,2,3,1,3,2,1,2,2,1,1,3,4,2,4,2,4,1,1,2,3,3,3,3,4,1,4,4,4,2,1,2,3,1,2,2,4,2,2,3,3,2,2,2,4,4,4,3,1,4,4,2,4,1,3,4,3,4,3,3,4,4,3,1,1,1,1,4,2,3,1,1,2,2,4,3,3,2,2,2,4,3,2,1,3,3,1,1,3,3,2,4,4,2,1,1,1,1,2,3,2,1,2,4,4,1,2,4,3,1,2,1,4,3,4,1,3,2,4,3,1,2,1,1,2,3,3,2,2,1,1,4,2,4,2,4,1,1,3,4,2,4,1,3,4,1,2,3,1,2,4,2,2,2,3,1,1,2,4,4,1,4,2,1,1,4,1,3,2,3,1,4,3,3,3,4,4,1,4,3,1,4,2,4,4,1,1,1,2,2,4,4,1,1,2,2,1,4,2,1,1,1,2,4,2,4,2,1,1,3,1,4,1,3,1,1,2,4,3,2,3,1,3,2,1,2,4,4,4,3,4,3,3,2,1,1,2,4,2,2,1,3,2,2,3,1,4,2,4,4,2,4,2,3,3,3,3,1,3,2,2,2,4,2,1,1,1,1,1,1,3,1,4,1,2,2,4,1,3,3,3,3,1,4,3,1,1,1,1,1,2,1,1,1,2,2,4,4,1,3,1,4,3,3,4,1,4,3,2,1,4,4,4,2,2,1,1,1,4,2,1,2,3,1,2,1,2,2,4,3,1,2,1,2,3,2,2,1,3,2,1,2,1,3,4,3,1,3,1,1,3,4,3,1,4,1,4,3,3,1,4,1,4,1,3,2,1,2,3,2,4,2,1,2,4,3,4,1,4,2,2,4,2,2,1,1,1,3,3,1,4,4,4,1,3,2,4,1,1,2,3,3,1,2,3,2,2,1,2,2,2,4,2,2,1,3,3,2,1,1,2,2,3,3,3,2,3,1,4,4,4,1,4,2,2,4,4,3,1,3,1,3,2,1,4,1,1,3,4,3,4,3,1,3,3,1,1,1,4,1,3,3,1,1,3,1,1,4,1,4,2,4,1,1,3,1,1,1,4,4,2,4,3,4,1,4,1,3,2,2,2,2,1,1,4,1,2,1,3,3,3,2,4,1,4,1,2,3,2,3,4,4,2,2,1,4,3,4,1,2,3,1,2,3,1,2,4,2,2,1,1,1,2,2,4,1,4,3,4,1,3,2,2,3,1,4,2,3,4,4,2,1,1,3,3,1,3,1,2,4,3,2,1,3,2,3,2,1,4,2,1,3,4,4,3,4,3,3,1,3,1,2,2,3,1,2,1,2,3,2,3,3,2,3,1,1,1,4,2,2,4,2,1,4,4,1,2,3,3,2,3,4,3,2,2,2,4,2,3,2,2,2,4,4,4,4,1,1,3,2,4,4,2,2,1,2,1,2,2,4,4,1,2,4,1,4,3,1,3,2,1,3,2,1,2,3,1,2,2,4,3,1,1,2,3,2,2,1,2,1,1,4,1,4,2,1,1,4,4,1,3,3,4,1,2,2,3,3,2,4,1,3,1,4,4,3,4,2,4,3,4,4,3,3,1,2,3,4,1,4,2,4,1,2,4,1,4,2,4,4,1,4,3,2,1,3,3,2,1,3,4,3,2,3,1,3,3,2,3,3,1,2,2,2,2,4,4,4,2,2,4,2,3,1,2,3,3,4,1,2,2,1,3,2,2,1,3,3,3,2,3,1,4,4,1,1,1,3,1,2,4,2,2,3,3,4,3,3,4,1,4,4,1,1,4,1,1,4,1,2,3,3,4,3,2,1,4,3,2,1,1,2,3,4,1,4,1,1,1,3,3,2,4,4,2,3,4,2,1,4,3,4,1,3,3,2,3,2,3,1,1,1,1,1,4,1,3,2,4,3,1,1,3,4,2,2,2,2,1,4,1,4,2,3,3,1,3,1,1,4,2,2,2,2,4,2,2,3,2,2,1,1,2,1,3,3,3,4,3,2,3,3,3,3,1,3,3,1,1,4,2,4,1,1,1,4,3,2,2,3,2,3,4,1,3,3,1,1,2,3,1,2,4,3,4,1,1,3,4,1,3,3,3,1,1,3,2,3,3,3,2,4,1,1,4,3,3,1,3,4,1,2,3,4,1,1,2,3,2,4,1,1,2,2,2,3,1,3,4,3,2,4,4,3,3,2,2,4,2,1,1,4,3,3,1,3,2,1,4,3,4,4,3,3,1,1,4,4,1,4,2,3,3,2,1,1,4,4,1,4,2,3,2,3,3,4,4,3,4,2,1,4,4,4,1,2,3,2,4,1,2,4,4,3,1,3,2,3,2,4,1,1,4,1,3,2,2,2,3,2,1,2,3,1,4,1,3,1,2,3,4,2,3,3,4,4,3,4,4,2,3,1,2,3,3,2,4,1,1,3,3,1,3,1,4,1,1,1,3,4,2,2,1,3,2,2,1,1,3,2,1,4,4,4,1,3,4,4,4,1,1,1,4,1,1,3,1,2,1,1,2,2,1,3,4,2,3,1,1,2,2,3,1,2,2,4,2,3,1,2,4,2,1,1,1,4,1,1,2,2,3,2,1,1,3,1,3,3,1,2,2,2,3,2,3,4,3,1,1,2,1,2,4,3,1,2,4,1,3,4,3,4,4,3,2,3,3,1,3,3,1,2,3,1,2,2,3,2,3,2,2,2,3,2,4,1,1,4,2,1,4,2,3,3,1,1,4,1,2,4,2,1,3,2,4,3,1,2,1,2,3,4,1,3,3,4,4,3,2,3,3,2,1,3,2,1,2,2,2,1,1,3,3,3,3,3,1,4,2,3,2,2,3,2,2,4,2,2,4,2,2,2,2,2,2,1,4,1,1,4,4,2,3,3,1,2,3,4,4,3,2,2,1,4,2,4,1,2,2,3,4,2,1,4,2,4,1,3,3,1,4,1,3,4,4,2,2,2,2,2,1,1,4,4,2,3,3,4,4,4,2,4,2,1,4,3,2,1,1,2,2,1,1,1,2,4,1,1,3,4,2,1,2,4,4,4,3,1,4,2,3,4,4,2,3,2,1,4,2,3,1,4,4,3,2,2,4,1,2,3,4,1,3,1,1,4,1,2,2,1,4,4,1,2,2,4,4,3,3,1,1,4,4,3,1"
52,0.9875909492720556,0.4509803921568627,2338.0,"3,1,1,3,1,3,4,4,4,3,1,1,1,1,1,1,3,2,1,3,3,3,3,1,4,4,3,2,1,2,4,2,3,2,1,3,1,4,4,1,2,2,1,3,1,2,4,4,1,2,4,1,2,1,4,2,3,4,3,4,3,3,1,1,2,1,1,2,1,4,3,3,1,1,2,1,4,3,2,2,2,1,1,1,2,2,3,3,1,1,3,4,3,1,1,1,1,3,1,1,3,4,3,1,1,2,1,4,1,3,1,1,2,1,1,3,4,2,4,4,1,2,3,4,1,3,4,1,4,2,2,1,3,1,4,3,2,3,2,3,3,3,4,4,1,1,2,4,2,1,2,1,4,3,4,2,2,4,4,1,2,2,4,3,2,3,4,4,1,2,3,1,2,1,4,2,1,1,3,1,2,2,3,2,4,2,2,1,1,2,3,1,3,2,2,4,1,2,4,1,2,2,1,1,1,2,2,4,3,1,2,2,1,3,1,3,2,3,4,2,4,1,1,1,3,2,1,1,2,1,4,2,2,2,4,2,4,2,3,1,3,1,4,3,2,1,1,3,4,3,4,4,1,3,3,4,3,2,2,3,3,4,2,2,1,4,1,2,4,3,4,3,3,4,3,1,2,3,1,3,2,1,2,2,1,1,3,4,2,4,2,4,1,1,2,3,3,3,3,4,1,4,4,4,2,1,2,3,1,2,2,4,2,2,3,3,2,2,2,4,4,4,3,1,4,4,2,4,1,3,4,3,4,3,3,4,4,3,1,1,1,1,4,2,3,1,1,2,2,4,3,3,2,2,2,4,3,2,1,3,3,1,1,3,3,2,4,4,2,1,1,1,1,2,3,2,1,2,4,4,1,2,4,3,1,2,1,4,3,4,1,3,2,4,3,1,2,1,1,2,3,3,2,2,1,1,4,2,4,2,4,1,1,3,4,2,4,1,3,4,1,2,3,1,2,4,2,2,2,3,1,1,2,4,4,1,4,2,1,1,4,1,3,2,3,1,4,3,3,3,4,4,1,4,3,1,4,2,4,4,1,1,1,2,2,4,4,1,1,2,2,1,4,2,1,1,1,2,4,2,4,2,1,1,3,1,4,1,3,1,1,2,4,3,2,3,1,3,2,1,2,4,4,4,3,4,3,3,2,1,1,2,4,2,2,1,3,2,2,3,1,4,2,4,4,2,4,2,3,3,3,3,1,3,2,2,2,4,2,1,1,1,1,1,1,3,1,4,1,2,2,4,1,3,3,3,3,1,4,3,1,1,1,1,1,2,1,1,1,2,2,4,4,1,3,1,4,3,3,4,1,4,3,2,1,4,4,4,2,2,1,1,1,4,2,1,2,3,1,2,1,2,2,4,3,1,2,1,2,3,2,2,1,3,2,1,2,1,3,4,3,1,3,1,1,3,4,3,1,4,1,4,3,3,1,4,1,4,1,3,2,1,2,3,2,4,2,1,2,4,3,4,1,4,2,2,4,2,2,1,1,1,3,3,1,4,4,4,1,3,2,4,1,1,2,3,3,1,2,3,2,2,1,2,2,2,4,2,2,1,3,3,2,1,1,2,2,3,3,3,2,3,1,4,4,4,1,4,2,2,4,4,3,1,3,1,3,2,1,4,1,1,3,4,3,4,3,1,3,3,1,1,1,4,1,3,3,1,1,3,1,1,4,1,4,2,4,1,1,3,1,1,1,4,4,2,4,3,4,1,4,1,3,2,2,2,2,1,1,4,1,2,1,3,3,3,2,4,1,4,1,2,3,2,3,4,4,2,2,1,4,3,4,1,2,3,1,2,3,1,2,4,2,2,1,1,1,2,2,4,1,4,3,4,1,3,2,2,3,1,4,2,3,4,4,2,1,1,3,3,1,3,1,2,4,3,2,1,3,2,3,2,1,4,2,1,3,4,4,3,4,3,3,1,3,1,2,2,3,1,2,1,2,3,2,3,3,2,3,1,1,1,4,2,2,4,2,1,4,4,1,2,3,3,2,3,4,3,2,2,2,4,2,3,2,2,2,4,4,4,4,1,1,3,2,4,4,2,2,1,2,1,2,2,4,4,1,2,4,1,4,3,1,3,2,1,3,2,1,2,3,1,2,2,4,3,1,1,2,3,2,2,1,2,1,1,4,1,4,2,1,1,4,4,1,3,3,4,1,2,2,3,3,2,4,1,3,1,4,4,3,4,2,4,3,4,4,3,3,1,2,3,4,1,4,2,4,1,2,4,1,4,2,4,4,1,4,3,2,1,3,3,2,1,3,4,3,2,3,1,3,3,2,3,3,1,2,2,2,2,4,4,4,2,2,4,2,3,1,2,3,3,4,1,2,2,1,3,2,2,1,3,3,3,2,3,1,4,4,1,1,1,3,1,2,4,2,2,3,3,4,3,3,4,1,4,4,1,1,4,1,1,4,1,2,3,3,4,3,2,1,4,3,2,1,1,2,3,4,1,4,1,1,1,3,3,2,4,4,2,3,4,2,1,4,3,4,1,3,3,2,3,2,3,1,1,1,1,1,4,1,3,2,4,3,1,1,3,4,2,2,2,2,1,4,1,4,2,3,3,1,3,1,1,4,2,2,2,2,4,2,2,3,2,2,1,1,2,1,3,3,3,4,3,2,3,3,3,3,1,3,3,1,1,4,2,4,1,1,1,4,3,2,2,3,2,3,4,1,3,3,1,1,2,3,1,2,4,3,4,1,1,3,4,1,3,3,3,1,1,3,2,3,3,3,2,4,1,1,4,3,3,1,3,4,1,2,3,4,1,1,2,3,2,4,1,1,2,2,2,3,1,3,4,3,2,4,4,3,3,2,2,4,2,1,1,4,3,3,1,3,2,1,4,3,4,4,3,3,1,1,4,4,1,4,2,3,3,2,1,1,4,4,1,4,2,3,2,3,3,4,4,3,4,2,1,4,4,4,1,2,3,2,4,1,2,4,4,3,1,3,2,3,2,4,1,1,4,1,3,2,2,2,3,2,1,2,3,1,4,1,3,1,2,3,4,2,3,3,4,4,3,4,4,2,3,1,2,3,3,2,4,1,1,3,3,1,3,1,4,1,1,1,3,4,2,2,1,3,2,2,1,1,3,2,1,4,4,4,1,3,4,4,4,1,1,1,4,1,1,3,1,2,1,1,2,2,1,3,4,2,3,1,1,2,2,3,1,2,2,4,2,3,1,2,4,2,1,1,1,4,1,1,2,2,3,2,1,1,3,1,3,3,1,2,2,2,3,2,3,4,3,1,1,2,1,2,4,3,1,2,4,1,3,4,3,4,4,3,2,3,3,1,3,3,1,2,3,1,2,2,3,2,3,2,2,2,3,2,4,1,1,4,2,1,4,2,3,3,1,1,4,1,2,4,2,1,3,2,4,3,1,2,1,2,3,4,1,3,3,4,4,3,2,3,3,2,1,3,2,1,2,2,2,1,1,3,3,3,3,3,1,4,2,3,2,2,3,2,2,4,2,2,4,2,2,2,2,2,2,1,4,1,1,4,4,2,3,3,1,2,3,4,4,3,2,2,1,4,2,4,1,2,2,3,4,2,1,4,2,4,1,3,3,1,4,1,3,4,4,2,2,2,2,2,1,1,4,4,2,3,3,4,4,4,2,4,2,1,4,3,2,1,1,2,2,1,1,1,2,4,1,1,3,4,2,1,2,4,4,4,3,1,4,2,3,4,4,2,3,2,1,4,2,3,1,4,4,3,2,2,4,1,2,3,4,1,3,1,1,4,1,2,2,1,4,4,1,2,2,4,4,3,3,1,1,4,4,3,1"
53,0.9875909492720556,0.4509803921568627,2338.0,"3,1,1,3,1,3,4,4,4,3,1,1,1,1,1,1,3,2,1,3,3,3,3,1,4,4,3,2,1,2,4,2,3,2,1,3,1,4,4,1,2,2,1,3,1,2,4,4,1,2,4,1,2,1,4,2,3,4,3,4,3,3,1,1,2,1,1,2,1,4,3,3,1,1,2,1,4,3,2,2,2,1,1,1,2,2,3,3,1,1,3,4,3,1,1,1,1,3,1,1,3,4,3,1,1,2,1,4,1,3,1,1,2,1,1,3,4,2,4,4,1,2,3,4,1,3,4,1,4,2,2,1,3,1,4,3,2,3,2,3,3,3,4,4,1,1,2,4,2,1,2,1,4,3,4,2,2,4,4,1,2,2,4,3,2,3,4,4,1,2,3,1,2,1,4,2,1,1,3,1,2,2,3,2,4,2,2,1,1,2,3,1,3,2,2,4,1,2,4,1,2,2,1,1,1,2,2,4,3,1,2,2,1,3,1,3,2,3,4,2,4,1,1,1,3,2,1,1,2,1,4,2,2,2,4,2,4,2,3,1,3,1,4,3,2,1,1,3,4,3,4,4,1,3,3,4,3,2,2,3,3,4,2,2,1,4,1,2,4,3,4,3,3,4,3,1,2,3,1,3,2,1,2,2,1,1,3,4,2,4,2,4,1,1,2,3,3,3,3,4,1,4,4,4,2,1,2,3,1,2,2,4,2,2,3,3,2,2,2,4,4,4,3,1,4,4,2,4,1,3,4,3,4,3,3,4,4,3,1,1,1,1,4,2,3,1,1,2,2,4,3,3,2,2,2,4,3,2,1,3,3,1,1,3,3,2,4,4,2,1,1,1,1,2,3,2,1,2,4,4,1,2,4,3,1,2,1,4,3,4,1,3,2,4,3,1,2,1,1,2,3,3,2,2,1,1,4,2,4,2,4,1,1,3,4,2,4,1,3,4,1,2,3,1,2,4,2,2,2,3,1,1,2,4,4,1,4,2,1,1,4,1,3,2,3,1,4,3,3,3,4,4,1,4,3,1,4,2,4,4,1,1,1,2,2,4,4,1,1,2,2,1,4,2,1,1,1,2,4,2,4,2,1,1,3,1,4,1,3,1,1,2,4,3,2,3,1,3,2,1,2,4,4,4,3,4,3,3,2,1,1,2,4,2,2,1,3,2,2,3,1,4,2,4,4,2,4,2,3,3,3,3,1,3,2,2,2,4,2,1,1,1,1,1,1,3,1,4,1,2,2,4,1,3,3,3,3,1,4,3,1,1,1,1,1,2,1,1,1,2,2,4,4,1,3,1,4,3,3,4,1,4,3,2,1,4,4,4,2,2,1,1,1,4,2,1,2,3,1,2,1,2,2,4,3,1,2,1,2,3,2,2,1,3,2,1,2,1,3,4,3,1,3,1,1,3,4,3,1,4,1,4,3,3,1,4,1,4,1,3,2,1,2,3,2,4,2,1,2,4,3,4,1,4,2,2,4,2,2,1,1,1,3,3,1,4,4,4,1,3,2,4,1,1,2,3,3,1,2,3,2,2,1,2,2,2,4,2,2,1,3,3,2,1,1,2,2,3,3,3,2,3,1,4,4,4,1,4,2,2,4,4,3,1,3,1,3,2,1,4,1,1,3,4,3,4,3,1,3,3,1,1,1,4,1,3,3,1,1,3,1,1,4,1,4,2,4,1,1,3,1,1,1,4,4,2,4,3,4,1,4,1,3,2,2,2,2,1,1,4,1,2,1,3,3,3,2,4,1,4,1,2,3,2,3,4,4,2,2,1,4,3,4,1,2,3,1,2,3,1,2,4,2,2,1,1,1,2,2,4,1,4,3,4,1,3,2,2,3,1,4,2,3,4,4,2,1,1,3,3,1,3,1,2,4,3,2,1,3,2,3,2,1,4,2,1,3,4,4,3,4,3,3,1,3,1,2,2,3,1,2,1,2,3,2,3,3,2,3,1,1,1,4,2,2,4,2,1,4,4,1,2,3,3,2,3,4,3,2,2,2,4,2,3,2,2,2,4,4,4,4,1,1,3,2,4,4,2,2,1,2,1,2,2,4,4,1,2,4,1,4,3,1,3,2,1,3,2,1,2,3,1,2,2,4,3,1,1,2,3,2,2,1,2,1,1,4,1,4,2,1,1,4,4,1,3,3,4,1,2,2,3,3,2,4,1,3,1,4,4,3,4,2,4,3,4,4,3,3,1,2,3,4,1,4,2,4,1,2,4,1,4,2,4,4,1,4,3,2,1,3,3,2,1,3,4,3,2,3,1,3,3,2,3,3,1,2,2,2,2,4,4,4,2,2,4,2,3,1,2,3,3,4,1,2,2,1,3,2,2,1,3,3,3,2,3,1,4,4,1,1,1,3,1,2,4,2,2,3,3,4,3,3,4,1,4,4,1,1,4,1,1,4,1,2,3,3,4,3,2,1,4,3,2,1,1,2,3,4,1,4,1,1,1,3,3,2,4,4,2,3,4,2,1,4,3,4,1,3,3,2,3,2,3,1,1,1,1,1,4,1,3,2,4,3,1,1,3,4,2,2,2,2,1,4,1,4,2,3,3,1,3,1,1,4,2,2,2,2,4,2,2,3,2,2,1,1,2,1,3,3,3,4,3,2,3,3,3,3,1,3,3,1,1,4,2,4,1,1,1,4,3,2,2,3,2,3,4,1,3,3,1,1,2,3,1,2,4,3,4,1,1,3,4,1,3,3,3,1,1,3,2,3,3,3,2,4,1,1,4,3,3,1,3,4,1,2,3,4,1,1,2,3,2,4,1,1,2,2,2,3,1,3,4,3,2,4,4,3,3,2,2,4,2,1,1,4,3,3,1,3,2,1,4,3,4,4,3,3,1,1,4,4,1,4,2,3,3,2,1,1,4,4,1,4,2,3,2,3,3,4,4,3,4,2,1,4,4,4,1,2,3,2,4,1,2,4,4,3,1,3,2,3,2,4,1,1,4,1,3,2,2,2,3,2,1,2,3,1,4,1,3,1,2,3,4,2,3,3,4,4,3,4,4,2,3,1,2,3,3,2,4,1,1,3,3,1,3,1,4,1,1,1,3,4,2,2,1,3,2,2,1,1,3,2,1,4,4,4,1,3,4,4,4,1,1,1,4,1,1,3,1,2,1,1,2,2,1,3,4,2,3,1,1,2,2,3,1,2,2,4,2,3,1,2,4,2,1,1,1,4,1,1,2,2,3,2,1,1,3,1,3,3,1,2,2,2,3,2,3,4,3,1,1,2,1,2,4,3,1,2,4,1,3,4,3,4,4,3,2,3,3,1,3,3,1,2,3,1,2,2,3,2,3,2,2,2,3,2,4,1,1,4,2,1,4,2,3,3,1,1,4,1,2,4,2,1,3,2,4,3,1,2,1,2,3,4,1,3,3,4,4,3,2,3,3,2,1,3,2,1,2,2,2,1,1,3,3,3,3,3,1,4,2,3,2,2,3,2,2,4,2,2,4,2,2,2,2,2,2,1,4,1,1,4,4,2,3,3,1,2,3,4,4,3,2,2,1,4,2,4,1,2,2,3,4,2,1,4,2,4,1,3,3,1,4,1,3,4,4,2,2,2,2,2,1,1,4,4,2,3,3,4,4,4,2,4,2,1,4,3,2,1,1,2,2,1,1,1,2,4,1,1,3,4,2,1,2,4,4,4,3,1,4,2,3,4,4,2,3,2,1,4,2,3,1,4,4,3,2,2,4,1,2,3,4,1,3,1,1,4,1,2,2,1,4,4,1,2,2,4,4,3,3,1,1,4,4,3,1"
54,0.9875909492720556,0.4509803921568627,2338.0,"3,1,1,3,1,3,4,4,4,3,1,1,1,1,1,1,3,2,1,3,3,3,3,1,4,4,3,2,1,2,4,2,3,2,1,3,1,4,4,1,2,2,1,3,1,2,4,4,1,2,4,1,2,1,4,2,3,4,3,4,3,3,1,1,2,1,1,2,1,4,3,3,1,1,2,1,4,3,2,2,2,1,1,1,2,2,3,3,1,1,3,4,3,1,1,1,1,3,1,1,3,4,3,1,1,2,1,4,1,3,1,1,2,1,1,3,4,2,4,4,1,2,3,4,1,3,4,1,4,2,2,1,3,1,4,3,2,3,2,3,3,3,4,4,1,1,2,4,2,1,2,1,4,3,4,2,2,4,4,1,2,2,4,3,2,3,4,4,1,2,3,1,2,1,4,2,1,1,3,1,2,2,3,2,4,2,2,1,1,2,3,1,3,2,2,4,1,2,4,1,2,2,1,1,1,2,2,4,3,1,2,2,1,3,1,3,2,3,4,2,4,1,1,1,3,2,1,1,2,1,4,2,2,2,4,2,4,2,3,1,3,1,4,3,2,1,1,3,4,3,4,4,1,3,3,4,3,2,2,3,3,4,2,2,1,4,1,2,4,3,4,3,3,4,3,1,2,3,1,3,2,1,2,2,1,1,3,4,2,4,2,4,1,1,2,3,3,3,3,4,1,4,4,4,2,1,2,3,1,2,2,4,2,2,3,3,2,2,2,4,4,4,3,1,4,4,2,4,1,3,4,3,4,3,3,4,4,3,1,1,1,1,4,2,3,1,1,2,2,4,3,3,2,2,2,4,3,2,1,3,3,1,1,3,3,2,4,4,2,1,1,1,1,2,3,2,1,2,4,4,1,2,4,3,1,2,1,4,3,4,1,3,2,4,3,1,2,1,1,2,3,3,2,2,1,1,4,2,4,2,4,1,1,3,4,2,4,1,3,4,1,2,3,1,2,4,2,2,2,3,1,1,2,4,4,1,4,2,1,1,4,1,3,2,3,1,4,3,3,3,4,4,1,4,3,1,4,2,4,4,1,1,1,2,2,4,4,1,1,2,2,1,4,2,1,1,1,2,4,2,4,2,1,1,3,1,4,1,3,1,1,2,4,3,2,3,1,3,2,1,2,4,4,4,3,4,3,3,2,1,1,2,4,2,2,1,3,2,2,3,1,4,2,4,4,2,4,2,3,3,3,3,1,3,2,2,2,4,2,1,1,1,1,1,1,3,1,4,1,2,2,4,1,3,3,3,3,1,4,3,1,1,1,1,1,2,1,1,1,2,2,4,4,1,3,1,4,3,3,4,1,4,3,2,1,4,4,4,2,2,1,1,1,4,2,1,2,3,1,2,1,2,2,4,3,1,2,1,2,3,2,2,1,3,2,1,2,1,3,4,3,1,3,1,1,3,4,3,1,4,1,4,3,3,1,4,1,4,1,3,2,1,2,3,2,4,2,1,2,4,3,4,1,4,2,2,4,2,2,1,1,1,3,3,1,4,4,4,1,3,2,4,1,1,2,3,3,1,2,3,2,2,1,2,2,2,4,2,2,1,3,3,2,1,1,2,2,3,3,3,2,3,1,4,4,4,1,4,2,2,4,4,3,1,3,1,3,2,1,4,1,1,3,4,3,4,3,1,3,3,1,1,1,4,1,3,3,1,1,3,1,1,4,1,4,2,4,1,1,3,1,1,1,4,4,2,4,3,4,1,4,1,3,2,2,2,2,1,1,4,1,2,1,3,3,3,2,4,1,4,1,2,3,2,3,4,4,2,2,1,4,3,4,1,2,3,1,2,3,1,2,4,2,2,1,1,1,2,2,4,1,4,3,4,1,3,2,2,3,1,4,2,3,4,4,2,1,1,3,3,1,3,1,2,4,3,2,1,3,2,3,2,1,4,2,1,3,4,4,3,4,3,3,1,3,1,2,2,3,1,2,1,2,3,2,3,3,2,3,1,1,1,4,2,2,4,2,1,4,4,1,2,3,3,2,3,4,3,2,2,2,4,2,3,2,2,2,4,4,4,4,1,1,3,2,4,4,2,2,1,2,1,2,2,4,4,1,2,4,1,4,3,1,3,2,1,3,2,1,2,3,1,2,2,4,3,1,1,2,3,2,2,1,2,1,1,4,1,4,2,1,1,4,4,1,3,3,4,1,2,2,3,3,2,4,1,3,1,4,4,3,4,2,4,3,4,4,3,3,1,2,3,4,1,4,2,4,1,2,4,1,4,2,4,4,1,4,3,2,1,3,3,2,1,3,4,3,2,3,1,3,3,2,3,3,1,2,2,2,2,4,4,4,2,2,4,2,3,1,2,3,3,4,1,2,2,1,3,2,2,1,3,3,3,2,3,1,4,4,1,1,1,3,1,2,4,2,2,3,3,4,3,3,4,1,4,4,1,1,4,1,1,4,1,2,3,3,4,3,2,1,4,3,2,1,1,2,3,4,1,4,1,1,1,3,3,2,4,4,2,3,4,2,1,4,3,4,1,3,3,2,3,2,3,1,1,1,1,1,4,1,3,2,4,3,1,1,3,4,2,2,2,2,1,4,1,4,2,3,3,1,3,1,1,4,2,2,2,2,4,2,2,3,2,2,1,1,2,1,3,3,3,4,3,2,3,3,3,3,1,3,3,1,1,4,2,4,1,1,1,4,3,2,2,3,2,3,4,1,3,3,1,1,2,3,1,2,4,3,4,1,1,3,4,1,3,3,3,1,1,3,2,3,3,3,2,4,1,1,4,3,3,1,3,4,1,2,3,4,1,1,2,3,2,4,1,1,2,2,2,3,1,3,4,3,2,4,4,3,3,2,2,4,2,1,1,4,3,3,1,3,2,1,4,3,4,4,3,3,1,1,4,4,1,4,2,3,3,2,1,1,4,4,1,4,2,3,2,3,3,4,4,3,4,2,1,4,4,4,1,2,3,2,4,1,2,4,4,3,1,3,2,3,2,4,1,1,4,1,3,2,2,2,3,2,1,2,3,1,4,1,3,1,2,3,4,2,3,3,4,4,3,4,4,2,3,1,2,3,3,2,4,1,1,3,3,1,3,1,4,1,1,1,3,4,2,2,1,3,2,2,1,1,3,2,1,4,4,4,1,3,4,4,4,1,1,1,4,1,1,3,1,2,1,1,2,2,1,3,4,2,3,1,1,2,2,3,1,2,2,4,2,3,1,2,4,2,1,1,1,4,1,1,2,2,3,2,1,1,3,1,3,3,1,2,2,2,3,2,3,4,3,1,1,2,1,2,4,3,1,2,4,1,3,4,3,4,4,3,2,3,3,1,3,3,1,2,3,1,2,2,3,2,3,2,2,2,3,2,4,1,1,4,2,1,4,2,3,3,1,1,4,1,2,4,2,1,3,2,4,3,1,2,1,2,3,4,1,3,3,4,4,3,2,3,3,2,1,3,2,1,2,2,2,1,1,3,3,3,3,3,1,4,2,3,2,2,3,2,2,4,2,2,4,2,2,2,2,2,2,1,4,1,1,4,4,2,3,3,1,2,3,4,4,3,2,2,1,4,2,4,1,2,2,3,4,2,1,4,2,4,1,3,3,1,4,1,3,4,4,2,2,2,2,2,1,1,4,4,2,3,3,4,4,4,2,4,2,1,4,3,2,1,1,2,2,1,1,1,2,4,1,1,3,4,2,1,2,4,4,4,3,1,4,2,3,4,4,2,3,2,1,4,2,3,1,4,4,3,2,2,4,1,2,3,4,1,3,1,1,4,1,2,2,1,4,4,1,2,2,4,4,3,3,1,1,4,4,3,1"
55,0.9875909492720556,0.4509803921568627,2338.0,"3,1,1,3,1,3,4,4,4,3,1,1,1,1,1,1,3,2,1,3,3,3,3,1,4,4,3,2,1,2,4,2,3,2,1,3,1,4,4,1,2,2,1,3,1,2,4,4,1,2,4,1,2,1,4,2,3,4,3,4,3,3,1,1,2,1,1,2,1,4,3,3,1,1,2,1,4,3,2,2,2,1,1,1,2,2,3,3,1,1,3,4,3,1,1,1,1,3,1,1,3,4,3,1,1,2,1,4,1,3,1,1,2,1,1,3,4,2,4,4,1,2,3,4,1,3,4,1,4,2,2,1,3,1,4,3,2,3,2,3,3,3,4,4,1,1,2,4,2,1,2,1,4,3,4,2,2,4,4,1,2,2,4,3,2,3,4,4,1,2,3,1,2,1,4,2,1,1,3,1,2,2,3,2,4,2,2,1,1,2,3,1,3,2,2,4,1,2,4,1,2,2,1,1,1,2,2,4,3,1,2,2,1,3,1,3,2,3,4,2,4,1,1,1,3,2,1,1,2,1,4,2,2,2,4,2,4,2,3,1,3,1,4,3,2,1,1,3,4,3,4,4,1,3,3,4,3,2,2,3,3,4,2,2,1,4,1,2,4,3,4,3,3,4,3,1,2,3,1,3,2,1,2,2,1,1,3,4,2,4,2,4,1,1,2,3,3,3,3,4,1,4,4,4,2,1,2,3,1,2,2,4,2,2,3,3,2,2,2,4,4,4,3,1,4,4,2,4,1,3,4,3,4,3,3,4,4,3,1,1,1,1,4,2,3,1,1,2,2,4,3,3,2,2,2,4,3,2,1,3,3,1,1,3,3,2,4,4,2,1,1,1,1,2,3,2,1,2,4,4,1,2,4,3,1,2,1,4,3,4,1,3,2,4,3,1,2,1,1,2,3,3,2,2,1,1,4,2,4,2,4,1,1,3,4,2,4,1,3,4,1,2,3,1,2,4,2,2,2,3,1,1,2,4,4,1,4,2,1,1,4,1,3,2,3,1,4,3,3,3,4,4,1,4,3,1,4,2,4,4,1,1,1,2,2,4,4,1,1,2,2,1,4,2,1,1,1,2,4,2,4,2,1,1,3,1,4,1,3,1,1,2,4,3,2,3,1,3,2,1,2,4,4,4,3,4,3,3,2,1,1,2,4,2,2,1,3,2,2,3,1,4,2,4,4,2,4,2,3,3,3,3,1,3,2,2,2,4,2,1,1,1,1,1,1,3,1,4,1,2,2,4,1,3,3,3,3,1,4,3,1,1,1,1,1,2,1,1,1,2,2,4,4,1,3,1,4,3,3,4,1,4,3,2,1,4,4,4,2,2,1,1,1,4,2,1,2,3,1,2,1,2,2,4,3,1,2,1,2,3,2,2,1,3,2,1,2,1,3,4,3,1,3,1,1,3,4,3,1,4,1,4,3,3,1,4,1,4,1,3,2,1,2,3,2,4,2,1,2,4,3,4,1,4,2,2,4,2,2,1,1,1,3,3,1,4,4,4,1,3,2,4,1,1,2,3,3,1,2,3,2,2,1,2,2,2,4,2,2,1,3,3,2,1,1,2,2,3,3,3,2,3,1,4,4,4,1,4,2,2,4,4,3,1,3,1,3,2,1,4,1,1,3,4,3,4,3,1,3,3,1,1,1,4,1,3,3,1,1,3,1,1,4,1,4,2,4,1,1,3,1,1,1,4,4,2,4,3,4,1,4,1,3,2,2,2,2,1,1,4,1,2,1,3,3,3,2,4,1,4,1,2,3,2,3,4,4,2,2,1,4,3,4,1,2,3,1,2,3,1,2,4,2,2,1,1,1,2,2,4,1,4,3,4,1,3,2,2,3,1,4,2,3,4,4,2,1,1,3,3,1,3,1,2,4,3,2,1,3,2,3,2,1,4,2,1,3,4,4,3,4,3,3,1,3,1,2,2,3,1,2,1,2,3,2,3,3,2,3,1,1,1,4,2,2,4,2,1,4,4,1,2,3,3,2,3,4,3,2,2,2,4,2,3,2,2,2,4,4,4,4,1,1,3,2,4,4,2,2,1,2,1,2,2,4,4,1,2,4,1,4,3,1,3,2,1,3,2,1,2,3,1,2,2,4,3,1,1,2,3,2,2,1,2,1,1,4,1,4,2,1,1,4,4,1,3,3,4,1,2,2,3,3,2,4,1,3,1,4,4,3,4,2,4,3,4,4,3,3,1,2,3,4,1,4,2,4,1,2,4,1,4,2,4,4,1,4,3,2,1,3,3,2,1,3,4,3,2,3,1,3,3,2,3,3,1,2,2,2,2,4,4,4,2,2,4,2,3,1,2,3,3,4,1,2,2,1,3,2,2,1,3,3,3,2,3,1,4,4,1,1,1,3,1,2,4,2,2,3,3,4,3,3,4,1,4,4,1,1,4,1,1,4,1,2,3,3,4,3,2,1,4,3,2,1,1,2,3,4,1,4,1,1,1,3,3,2,4,4,2,3,4,2,1,4,3,4,1,3,3,2,3,2,3,1,1,1,1,1,4,1,3,2,4,3,1,1,3,4,2,2,2,2,1,4,1,4,2,3,3,1,3,1,1,4,2,2,2,2,4,2,2,3,2,2,1,1,2,1,3,3,3,4,3,2,3,3,3,3,1,3,3,1,1,4,2,4,1,1,1,4,3,2,2,3,2,3,4,1,3,3,1,1,2,3,1,2,4,3,4,1,1,3,4,1,3,3,3,1,1,3,2,3,3,3,2,4,1,1,4,3,3,1,3,4,1,2,3,4,1,1,2,3,2,4,1,1,2,2,2,3,1,3,4,3,2,4,4,3,3,2,2,4,2,1,1,4,3,3,1,3,2,1,4,3,4,4,3,3,1,1,4,4,1,4,2,3,3,2,1,1,4,4,1,4,2,3,2,3,3,4,4,3,4,2,1,4,4,4,1,2,3,2,4,1,2,4,4,3,1,3,2,3,2,4,1,1,4,1,3,2,2,2,3,2,1,2,3,1,4,1,3,1,2,3,4,2,3,3,4,4,3,4,4,2,3,1,2,3,3,2,4,1,1,3,3,1,3,1,4,1,1,1,3,4,2,2,1,3,2,2,1,1,3,2,1,4,4,4,1,3,4,4,4,1,1,1,4,1,1,3,1,2,1,1,2,2,1,3,4,2,3,1,1,2,2,3,1,2,2,4,2,3,1,2,4,2,1,1,1,4,1,1,2,2,3,2,1,1,3,1,3,3,1,2,2,2,3,2,3,4,3,1,1,2,1,2,4,3,1,2,4,1,3,4,3,4,4,3,2,3,3,1,3,3,1,2,3,1,2,2,3,2,3,2,2,2,3,2,4,1,1,4,2,1,4,2,3,3,1,1,4,1,2,4,2,1,3,2,4,3,1,2,1,2,3,4,1,3,3,4,4,3,2,3,3,2,1,3,2,1,2,2,2,1,1,3,3,3,3,3,1,4,2,3,2,2,3,2,2,4,2,2,4,2,2,2,2,2,2,1,4,1,1,4,4,2,3,3,1,2,3,4,4,3,2,2,1,4,2,4,1,2,2,3,4,2,1,4,2,4,1,3,3,1,4,1,3,4,4,2,2,2,2,2,1,1,4,4,2,3,3,4,4,4,2,4,2,1,4,3,2,1,1,2,2,1,1,1,2,4,1,1,3,4,2,1,2,4,4,4,3,1,4,2,3,4,4,2,3,2,1,4,2,3,1,4,4,3,2,2,4,1,2,3,4,1,3,1,1,4,1,2,2,1,4,4,1,2,2,4,4,3,3,1,1,4,4,3,1"
56,0.9875909492720556,0.4509803921568627,2338.0,"3,1,1,3,1,3,4,4,4,3,1,1,1,1,1,1,3,2,1,3,3,3,3,1,4,4,3,2,1,2,4,2,3,2,1,3,1,4,4,1,2,2,1,3,1,2,4,4,1,2,4,1,2,1,4,2,3,4,3,4,3,3,1,1,2,1,1,2,1,4,3,3,1,1,2,1,4,3,2,2,2,1,1,1,2,2,3,3,1,1,3,4,3,1,1,1,1,3,1,1,3,4,3,1,1,2,1,4,1,3,1,1,2,1,1,3,4,2,4,4,1,2,3,4,1,3,4,1,4,2,2,1,3,1,4,3,2,3,2,3,3,3,4,4,1,1,2,4,2,1,2,1,4,3,4,2,2,4,4,1,2,2,4,3,2,3,4,4,1,2,3,1,2,1,4,2,1,1,3,1,2,2,3,2,4,2,2,1,1,2,3,1,3,2,2,4,1,2,4,1,2,2,1,1,1,2,2,4,3,1,2,2,1,3,1,3,2,3,4,2,4,1,1,1,3,2,1,1,2,1,4,2,2,2,4,2,4,2,3,1,3,1,4,3,2,1,1,3,4,3,4,4,1,3,3,4,3,2,2,3,3,4,2,2,1,4,1,2,4,3,4,3,3,4,3,1,2,3,1,3,2,1,2,2,1,1,3,4,2,4,2,4,1,1,2,3,3,3,3,4,1,4,4,4,2,1,2,3,1,2,2,4,2,2,3,3,2,2,2,4,4,4,3,1,4,4,2,4,1,3,4,3,4,3,3,4,4,3,1,1,1,1,4,2,3,1,1,2,2,4,3,3,2,2,2,4,3,2,1,3,3,1,1,3,3,2,4,4,2,1,1,1,1,2,3,2,1,2,4,4,1,2,4,3,1,2,1,4,3,4,1,3,2,4,3,1,2,1,1,2,3,3,2,2,1,1,4,2,4,2,4,1,1,3,4,2,4,1,3,4,1,2,3,1,2,4,2,2,2,3,1,1,2,4,4,1,4,2,1,1,4,1,3,2,3,1,4,3,3,3,4,4,1,4,3,1,4,2,4,4,1,1,1,2,2,4,4,1,1,2,2,1,4,2,1,1,1,2,4,2,4,2,1,1,3,1,4,1,3,1,1,2,4,3,2,3,1,3,2,1,2,4,4,4,3,4,3,3,2,1,1,2,4,2,2,1,3,2,2,3,1,4,2,4,4,2,4,2,3,3,3,3,1,3,2,2,2,4,2,1,1,1,1,1,1,3,1,4,1,2,2,4,1,3,3,3,3,1,4,3,1,1,1,1,1,2,1,1,1,2,2,4,4,1,3,1,4,3,3,4,1,4,3,2,1,4,4,4,2,2,1,1,1,4,2,1,2,3,1,2,1,2,2,4,3,1,2,1,2,3,2,2,1,3,2,1,2,1,3,4,3,1,3,1,1,3,4,3,1,4,1,4,3,3,1,4,1,4,1,3,2,1,2,3,2,4,2,1,2,4,3,4,1,4,2,2,4,2,2,1,1,1,3,3,1,4,4,4,1,3,2,4,1,1,2,3,3,1,2,3,2,2,1,2,2,2,4,2,2,1,3,3,2,1,1,2,2,3,3,3,2,3,1,4,4,4,1,4,2,2,4,4,3,1,3,1,3,2,1,4,1,1,3,4,3,4,3,1,3,3,1,1,1,4,1,3,3,1,1,3,1,1,4,1,4,2,4,1,1,3,1,1,1,4,4,2,4,3,4,1,4,1,3,2,2,2,2,1,1,4,1,2,1,3,3,3,2,4,1,4,1,2,3,2,3,4,4,2,2,1,4,3,4,1,2,3,1,2,3,1,2,4,2,2,1,1,1,2,2,4,1,4,3,4,1,3,2,2,3,1,4,2,3,4,4,2,1,1,3,3,1,3,1,2,4,3,2,1,3,2,3,2,1,4,2,1,3,4,4,3,4,3,3,1,3,1,2,2,3,1,2,1,2,3,2,3,3,2,3,1,1,1,4,2,2,4,2,1,4,4,1,2,3,3,2,3,4,3,2,2,2,4,2,3,2,2,2,4,4,4,4,1,1,3,2,4,4,2,2,1,2,1,2,2,4,4,1,2,4,1,4,3,1,3,2,1,3,2,1,2,3,1,2,2,4,3,1,1,2,3,2,2,1,2,1,1,4,1,4,2,1,1,4,4,1,3,3,4,1,2,2,3,3,2,4,1,3,1,4,4,3,4,2,4,3,4,4,3,3,1,2,3,4,1,4,2,4,1,2,4,1,4,2,4,4,1,4,3,2,1,3,3,2,1,3,4,3,2,3,1,3,3,2,3,3,1,2,2,2,2,4,4,4,2,2,4,2,3,1,2,3,3,4,1,2,2,1,3,2,2,1,3,3,3,2,3,1,4,4,1,1,1,3,1,2,4,2,2,3,3,4,3,3,4,1,4,4,1,1,4,1,1,4,1,2,3,3,4,3,2,1,4,3,2,1,1,2,3,4,1,4,1,1,1,3,3,2,4,4,2,3,4,2,1,4,3,4,1,3,3,2,3,2,3,1,1,1,1,1,4,1,3,2,4,3,1,1,3,4,2,2,2,2,1,4,1,4,2,3,3,1,3,1,1,4,2,2,2,2,4,2,2,3,2,2,1,1,2,1,3,3,3,4,3,2,3,3,3,3,1,3,3,1,1,4,2,4,1,1,1,4,3,2,2,3,2,3,4,1,3,3,1,1,2,3,1,2,4,3,4,1,1,3,4,1,3,3,3,1,1,3,2,3,3,3,2,4,1,1,4,3,3,1,3,4,1,2,3,4,1,1,2,3,2,4,1,1,2,2,2,3,1,3,4,3,2,4,4,3,3,2,2,4,2,1,1,4,3,3,1,3,2,1,4,3,4,4,3,3,1,1,4,4,1,4,2,3,3,2,1,1,4,4,1,4,2,3,2,3,3,4,4,3,4,2,1,4,4,4,1,2,3,2,4,1,2,4,4,3,1,3,2,3,2,4,1,1,4,1,3,2,2,2,3,2,1,2,3,1,4,1,3,1,2,3,4,2,3,3,4,4,3,4,4,2,3,1,2,3,3,2,4,1,1,3,3,1,3,1,4,1,1,1,3,4,2,2,1,3,2,2,1,1,3,2,1,4,4,4,1,3,4,4,4,1,1,1,4,1,1,3,1,2,1,1,2,2,1,3,4,2,3,1,1,2,2,3,1,2,2,4,2,3,1,2,4,2,1,1,1,4,1,1,2,2,3,2,1,1,3,1,3,3,1,2,2,2,3,2,3,4,3,1,1,2,1,2,4,3,1,2,4,1,3,4,3,4,4,3,2,3,3,1,3,3,1,2,3,1,2,2,3,2,3,2,2,2,3,2,4,1,1,4,2,1,4,2,3,3,1,1,4,1,2,4,2,1,3,2,4,3,1,2,1,2,3,4,1,3,3,4,4,3,2,3,3,2,1,3,2,1,2,2,2,1,1,3,3,3,3,3,1,4,2,3,2,2,3,2,2,4,2,2,4,2,2,2,2,2,2,1,4,1,1,4,4,2,3,3,1,2,3,4,4,3,2,2,1,4,2,4,1,2,2,3,4,2,1,4,2,4,1,3,3,1,4,1,3,4,4,2,2,2,2,2,1,1,4,4,2,3,3,4,4,4,2,4,2,1,4,3,2,1,1,2,2,1,1,1,2,4,1,1,3,4,2,1,2,4,4,4,3,1,4,2,3,4,4,2,3,2,1,4,2,3,1,4,4,3,2,2,4,1,2,3,4,1,3,1,1,4,1,2,2,1,4,4,1,2,2,4,4,3,3,1,1,4,4,3,1"
57,0.9875909492720556,0.4509803921568627,2338.0,"3,1,1,3,1,3,4,4,4,3,1,1,1,1,1,1,3,2,1,3,3,3,3,1,4,4,3,2,1,2,4,2,3,2,1,3,1,4,4,1,2,2,1,3,1,2,4,4,1,2,4,1,2,1,4,2,3,4,3,4,3,3,1,1,2,1,1,2,1,4,3,3,1,1,2,1,4,3,2,2,2,1,1,1,2,2,3,3,1,1,3,4,3,1,1,1,1,3,1,1,3,4,3,1,1,2,1,4,1,3,1,1,2,1,1,3,4,2,4,4,1,2,3,4,1,3,4,1,4,2,2,1,3,1,4,3,2,3,2,3,3,3,4,4,1,1,2,4,2,1,2,1,4,3,4,2,2,4,4,1,2,2,4,3,2,3,4,4,1,2,3,1,2,1,4,2,1,1,3,1,2,2,3,2,4,2,2,1,1,2,3,1,3,2,2,4,1,2,4,1,2,2,1,1,1,2,2,4,3,1,2,2,1,3,1,3,2,3,4,2,4,1,1,1,3,2,1,1,2,1,4,2,2,2,4,2,4,2,3,1,3,1,4,3,2,1,1,3,4,3,4,4,1,3,3,4,3,2,2,3,3,4,2,2,1,4,1,2,4,3,4,3,3,4,3,1,2,3,1,3,2,1,2,2,1,1,3,4,2,4,2,4,1,1,2,3,3,3,3,4,1,4,4,4,2,1,2,3,1,2,2,4,2,2,3,3,2,2,2,4,4,4,3,1,4,4,2,4,1,3,4,3,4,3,3,4,4,3,1,1,1,1,4,2,3,1,1,2,2,4,3,3,2,2,2,4,3,2,1,3,3,1,1,3,3,2,4,4,2,1,1,1,1,2,3,2,1,2,4,4,1,2,4,3,1,2,1,4,3,4,1,3,2,4,3,1,2,1,1,2,3,3,2,2,1,1,4,2,4,2,4,1,1,3,4,2,4,1,3,4,1,2,3,1,2,4,2,2,2,3,1,1,2,4,4,1,4,2,1,1,4,1,3,2,3,1,4,3,3,3,4,4,1,4,3,1,4,2,4,4,1,1,1,2,2,4,4,1,1,2,2,1,4,2,1,1,1,2,4,2,4,2,1,1,3,1,4,1,3,1,1,2,4,3,2,3,1,3,2,1,2,4,4,4,3,4,3,3,2,1,1,2,4,2,2,1,3,2,2,3,1,4,2,4,4,2,4,2,3,3,3,3,1,3,2,2,2,4,2,1,1,1,1,1,1,3,1,4,1,2,2,4,1,3,3,3,3,1,4,3,1,1,1,1,1,2,1,1,1,2,2,4,4,1,3,1,4,3,3,4,1,4,3,2,1,4,4,4,2,2,1,1,1,4,2,1,2,3,1,2,1,2,2,4,3,1,2,1,2,3,2,2,1,3,2,1,2,1,3,4,3,1,3,1,1,3,4,3,1,4,1,4,3,3,1,4,1,4,1,3,2,1,2,3,2,4,2,1,2,4,3,4,1,4,2,2,4,2,2,1,1,1,3,3,1,4,4,4,1,3,2,4,1,1,2,3,3,1,2,3,2,2,1,2,2,2,4,2,2,1,3,3,2,1,1,2,2,3,3,3,2,3,1,4,4,4,1,4,2,2,4,4,3,1,3,1,3,2,1,4,1,1,3,4,3,4,3,1,3,3,1,1,1,4,1,3,3,1,1,3,1,1,4,1,4,2,4,1,1,3,1,1,1,4,4,2,4,3,4,1,4,1,3,2,2,2,2,1,1,4,1,2,1,3,3,3,2,4,1,4,1,2,3,2,3,4,4,2,2,1,4,3,4,1,2,3,1,2,3,1,2,4,2,2,1,1,1,2,2,4,1,4,3,4,1,3,2,2,3,1,4,2,3,4,4,2,1,1,3,3,1,3,1,2,4,3,2,1,3,2,3,2,1,4,2,1,3,4,4,3,4,3,3,1,3,1,2,2,3,1,2,1,2,3,2,3,3,2,3,1,1,1,4,2,2,4,2,1,4,4,1,2,3,3,2,3,4,3,2,2,2,4,2,3,2,2,2,4,4,4,4,1,1,3,2,4,4,2,2,1,2,1,2,2,4,4,1,2,4,1,4,3,1,3,2,1,3,2,1,2,3,1,2,2,4,3,1,1,2,3,2,2,1,2,1,1,4,1,4,2,1,1,4,4,1,3,3,4,1,2,2,3,3,2,4,1,3,1,4,4,3,4,2,4,3,4,4,3,3,1,2,3,4,1,4,2,4,1,2,4,1,4,2,4,4,1,4,3,2,1,3,3,2,1,3,4,3,2,3,1,3,3,2,3,3,1,2,2,2,2,4,4,4,2,2,4,2,3,1,2,3,3,4,1,2,2,1,3,2,2,1,3,3,3,2,3,1,4,4,1,1,1,3,1,2,4,2,2,3,3,4,3,3,4,1,4,4,1,1,4,1,1,4,1,2,3,3,4,3,2,1,4,3,2,1,1,2,3,4,1,4,1,1,1,3,3,2,4,4,2,3,4,2,1,4,3,4,1,3,3,2,3,2,3,1,1,1,1,1,4,1,3,2,4,3,1,1,3,4,2,2,2,2,1,4,1,4,2,3,3,1,3,1,1,4,2,2,2,2,4,2,2,3,2,2,1,1,2,1,3,3,3,4,3,2,3,3,3,3,1,3,3,1,1,4,2,4,1,1,1,4,3,2,2,3,2,3,4,1,3,3,1,1,2,3,1,2,4,3,4,1,1,3,4,1,3,3,3,1,1,3,2,3,3,3,2,4,1,1,4,3,3,1,3,4,1,2,3,4,1,1,2,3,2,4,1,1,2,2,2,3,1,3,4,3,2,4,4,3,3,2,2,4,2,1,1,4,3,3,1,3,2,1,4,3,4,4,3,3,1,1,4,4,1,4,2,3,3,2,1,1,4,4,1,4,2,3,2,3,3,4,4,3,4,2,1,4,4,4,1,2,3,2,4,1,2,4,4,3,1,3,2,3,2,4,1,1,4,1,3,2,2,2,3,2,1,2,3,1,4,1,3,1,2,3,4,2,3,3,4,4,3,4,4,2,3,1,2,3,3,2,4,1,1,3,3,1,3,1,4,1,1,1,3,4,2,2,1,3,2,2,1,1,3,2,1,4,4,4,1,3,4,4,4,1,1,1,4,1,1,3,1,2,1,1,2,2,1,3,4,2,3,1,1,2,2,3,1,2,2,4,2,3,1,2,4,2,1,1,1,4,1,1,2,2,3,2,1,1,3,1,3,3,1,2,2,2,3,2,3,4,3,1,1,2,1,2,4,3,1,2,4,1,3,4,3,4,4,3,2,3,3,1,3,3,1,2,3,1,2,2,3,2,3,2,2,2,3,2,4,1,1,4,2,1,4,2,3,3,1,1,4,1,2,4,2,1,3,2,4,3,1,2,1,2,3,4,1,3,3,4,4,3,2,3,3,2,1,3,2,1,2,2,2,1,1,3,3,3,3,3,1,4,2,3,2,2,3,2,2,4,2,2,4,2,2,2,2,2,2,1,4,1,1,4,4,2,3,3,1,2,3,4,4,3,2,2,1,4,2,4,1,2,2,3,4,2,1,4,2,4,1,3,3,1,4,1,3,4,4,2,2,2,2,2,1,1,4,4,2,3,3,4,4,4,2,4,2,1,4,3,2,1,1,2,2,1,1,1,2,4,1,1,3,4,2,1,2,4,4,4,3,1,4,2,3,4,4,2,3,2,1,4,2,3,1,4,4,3,2,2,4,1,2,3,4,1,3,1,1,4,1,2,2,1,4,4,1,2,2,4,4,3,3,1,1,4,4,3,1"
58,0.9875909492720556,0.4509803921568627,2338.0,"3,1,1,3,1,3,4,4,4,3,1,1,1,1,1,1,3,2,1,3,3,3,3,1,4,4,3,2,1,2,4,2,3,2,1,3,1,4,4,1,2,2,1,3,1,2,4,4,1,2,4,1,2,1,4,2,3,4,3,4,3,3,1,1,2,1,1,2,1,4,3,3,1,1,2,1,4,3,2,2,2,1,1,1,2,2,3,3,1,1,3,4,3,1,1,1,1,3,1,1,3,4,3,1,1,2,1,4,1,3,1,1,2,1,1,3,4,2,4,4,1,2,3,4,1,3,4,1,4,2,2,1,3,1,4,3,2,3,2,3,3,3,4,4,1,1,2,4,2,1,2,1,4,3,4,2,2,4,4,1,2,2,4,3,2,3,4,4,1,2,3,1,2,1,4,2,1,1,3,1,2,2,3,2,4,2,2,1,1,2,3,1,3,2,2,4,1,2,4,1,2,2,1,1,1,2,2,4,3,1,2,2,1,3,1,3,2,3,4,2,4,1,1,1,3,2,1,1,2,1,4,2,2,2,4,2,4,2,3,1,3,1,4,3,2,1,1,3,4,3,4,4,1,3,3,4,3,2,2,3,3,4,2,2,1,4,1,2,4,3,4,3,3,4,3,1,2,3,1,3,2,1,2,2,1,1,3,4,2,4,2,4,1,1,2,3,3,3,3,4,1,4,4,4,2,1,2,3,1,2,2,4,2,2,3,3,2,2,2,4,4,4,3,1,4,4,2,4,1,3,4,3,4,3,3,4,4,3,1,1,1,1,4,2,3,1,1,2,2,4,3,3,2,2,2,4,3,2,1,3,3,1,1,3,3,2,4,4,2,1,1,1,1,2,3,2,1,2,4,4,1,2,4,3,1,2,1,4,3,4,1,3,2,4,3,1,2,1,1,2,3,3,2,2,1,1,4,2,4,2,4,1,1,3,4,2,4,1,3,4,1,2,3,1,2,4,2,2,2,3,1,1,2,4,4,1,4,2,1,1,4,1,3,2,3,1,4,3,3,3,4,4,1,4,3,1,4,2,4,4,1,1,1,2,2,4,4,1,1,2,2,1,4,2,1,1,1,2,4,2,4,2,1,1,3,1,4,1,3,1,1,2,4,3,2,3,1,3,2,1,2,4,4,4,3,4,3,3,2,1,1,2,4,2,2,1,3,2,2,3,1,4,2,4,4,2,4,2,3,3,3,3,1,3,2,2,2,4,2,1,1,1,1,1,1,3,1,4,1,2,2,4,1,3,3,3,3,1,4,3,1,1,1,1,1,2,1,1,1,2,2,4,4,1,3,1,4,3,3,4,1,4,3,2,1,4,4,4,2,2,1,1,1,4,2,1,2,3,1,2,1,2,2,4,3,1,2,1,2,3,2,2,1,3,2,1,2,1,3,4,3,1,3,1,1,3,4,3,1,4,1,4,3,3,1,4,1,4,1,3,2,1,2,3,2,4,2,1,2,4,3,4,1,4,2,2,4,2,2,1,1,1,3,3,1,4,4,4,1,3,2,4,1,1,2,3,3,1,2,3,2,2,1,2,2,2,4,2,2,1,3,3,2,1,1,2,2,3,3,3,2,3,1,4,4,4,1,4,2,2,4,4,3,1,3,1,3,2,1,4,1,1,3,4,3,4,3,1,3,3,1,1,1,4,1,3,3,1,1,3,1,1,4,1,4,2,4,1,1,3,1,1,1,4,4,2,4,3,4,1,4,1,3,2,2,2,2,1,1,4,1,2,1,3,3,3,2,4,1,4,1,2,3,2,3,4,4,2,2,1,4,3,4,1,2,3,1,2,3,1,2,4,2,2,1,1,1,2,2,4,1,4,3,4,1,3,2,2,3,1,4,2,3,4,4,2,1,1,3,3,1,3,1,2,4,3,2,1,3,2,3,2,1,4,2,1,3,4,4,3,4,3,3,1,3,1,2,2,3,1,2,1,2,3,2,3,3,2,3,1,1,1,4,2,2,4,2,1,4,4,1,2,3,3,2,3,4,3,2,2,2,4,2,3,2,2,2,4,4,4,4,1,1,3,2,4,4,2,2,1,2,1,2,2,4,4,1,2,4,1,4,3,1,3,2,1,3,2,1,2,3,1,2,2,4,3,1,1,2,3,2,2,1,2,1,1,4,1,4,2,1,1,4,4,1,3,3,4,1,2,2,3,3,2,4,1,3,1,4,4,3,4,2,4,3,4,4,3,3,1,2,3,4,1,4,2,4,1,2,4,1,4,2,4,4,1,4,3,2,1,3,3,2,1,3,4,3,2,3,1,3,3,2,3,3,1,2,2,2,2,4,4,4,2,2,4,2,3,1,2,3,3,4,1,2,2,1,3,2,2,1,3,3,3,2,3,1,4,4,1,1,1,3,1,2,4,2,2,3,3,4,3,3,4,1,4,4,1,1,4,1,1,4,1,2,3,3,4,3,2,1,4,3,2,1,1,2,3,4,1,4,1,1,1,3,3,2,4,4,2,3,4,2,1,4,3,4,1,3,3,2,3,2,3,1,1,1,1,1,4,1,3,2,4,3,1,1,3,4,2,2,2,2,1,4,1,4,2,3,3,1,3,1,1,4,2,2,2,2,4,2,2,3,2,2,1,1,2,1,3,3,3,4,3,2,3,3,3,3,1,3,3,1,1,4,2,4,1,1,1,4,3,2,2,3,2,3,4,1,3,3,1,1,2,3,1,2,4,3,4,1,1,3,4,1,3,3,3,1,1,3,2,3,3,3,2,4,1,1,4,3,3,1,3,4,1,2,3,4,1,1,2,3,2,4,1,1,2,2,2,3,1,3,4,3,2,4,4,3,3,2,2,4,2,1,1,4,3,3,1,3,2,1,4,3,4,4,3,3,1,1,4,4,1,4,2,3,3,2,1,1,4,4,1,4,2,3,2,3,3,4,4,3,4,2,1,4,4,4,1,2,3,2,4,1,2,4,4,3,1,3,2,3,2,4,1,1,4,1,3,2,2,2,3,2,1,2,3,1,4,1,3,1,2,3,4,2,3,3,4,4,3,4,4,2,3,1,2,3,3,2,4,1,1,3,3,1,3,1,4,1,1,1,3,4,2,2,1,3,2,2,1,1,3,2,1,4,4,4,1,3,4,4,4,1,1,1,4,1,1,3,1,2,1,1,2,2,1,3,4,2,3,1,1,2,2,3,1,2,2,4,2,3,1,2,4,2,1,1,1,4,1,1,2,2,3,2,1,1,3,1,3,3,1,2,2,2,3,2,3,4,3,1,1,2,1,2,4,3,1,2,4,1,3,4,3,4,4,3,2,3,3,1,3,3,1,2,3,1,2,2,3,2,3,2,2,2,3,2,4,1,1,4,2,1,4,2,3,3,1,1,4,1,2,4,2,1,3,2,4,3,1,2,1,2,3,4,1,3,3,4,4,3,2,3,3,2,1,3,2,1,2,2,2,1,1,3,3,3,3,3,1,4,2,3,2,2,3,2,2,4,2,2,4,2,2,2,2,2,2,1,4,1,1,4,4,2,3,3,1,2,3,4,4,3,2,2,1,4,2,4,1,2,2,3,4,2,1,4,2,4,1,3,3,1,4,1,3,4,4,2,2,2,2,2,1,1,4,4,2,3,3,4,4,4,2,4,2,1,4,3,2,1,1,2,2,1,1,1,2,4,1,1,3,4,2,1,2,4,4,4,3,1,4,2,3,4,4,2,3,2,1,4,2,3,1,4,4,3,2,2,4,1,2,3,4,1,3,1,1,4,1,2,2,1,4,4,1,2,2,4,4,3,3,1,1,4,4,3,1"
59,0.9875909492720556,0.4509803921568627,2338.0,"3,1,1,3,1,3,4,4,4,3,1,1,1,1,1,1,3,2,1,3,3,3,3,1,4,4,3,2,1,2,4,2,3,2,1,3,1,4,4,1,2,2,1,3,1,2,4,4,1,2,4,1,2,1,4,2,3,4,3,4,3,3,1,1,2,1,1,2,1,4,3,3,1,1,2,1,4,3,2,2,2,1,1,1,2,2,3,3,1,1,3,4,3,1,1,1,1,3,1,1,3,4,3,1,1,2,1,4,1,3,1,1,2,1,1,3,4,2,4,4,1,2,3,4,1,3,4,1,4,2,2,1,3,1,4,3,2,3,2,3,3,3,4,4,1,1,2,4,2,1,2,1,4,3,4,2,2,4,4,1,2,2,4,3,2,3,4,4,1,2,3,1,2,1,4,2,1,1,3,1,2,2,3,2,4,2,2,1,1,2,3,1,3,2,2,4,1,2,4,1,2,2,1,1,1,2,2,4,3,1,2,2,1,3,1,3,2,3,4,2,4,1,1,1,3,2,1,1,2,1,4,2,2,2,4,2,4,2,3,1,3,1,4,3,2,1,1,3,4,3,4,4,1,3,3,4,3,2,2,3,3,4,2,2,1,4,1,2,4,3,4,3,3,4,3,1,2,3,1,3,2,1,2,2,1,1,3,4,2,4,2,4,1,1,2,3,3,3,3,4,1,4,4,4,2,1,2,3,1,2,2,4,2,2,3,3,2,2,2,4,4,4,3,1,4,4,2,4,1,3,4,3,4,3,3,4,4,3,1,1,1,1,4,2,3,1,1,2,2,4,3,3,2,2,2,4,3,2,1,3,3,1,1,3,3,2,4,4,2,1,1,1,1,2,3,2,1,2,4,4,1,2,4,3,1,2,1,4,3,4,1,3,2,4,3,1,2,1,1,2,3,3,2,2,1,1,4,2,4,2,4,1,1,3,4,2,4,1,3,4,1,2,3,1,2,4,2,2,2,3,1,1,2,4,4,1,4,2,1,1,4,1,3,2,3,1,4,3,3,3,4,4,1,4,3,1,4,2,4,4,1,1,1,2,2,4,4,1,1,2,2,1,4,2,1,1,1,2,4,2,4,2,1,1,3,1,4,1,3,1,1,2,4,3,2,3,1,3,2,1,2,4,4,4,3,4,3,3,2,1,1,2,4,2,2,1,3,2,2,3,1,4,2,4,4,2,4,2,3,3,3,3,1,3,2,2,2,4,2,1,1,1,1,1,1,3,1,4,1,2,2,4,1,3,3,3,3,1,4,3,1,1,1,1,1,2,1,1,1,2,2,4,4,1,3,1,4,3,3,4,1,4,3,2,1,4,4,4,2,2,1,1,1,4,2,1,2,3,1,2,1,2,2,4,3,1,2,1,2,3,2,2,1,3,2,1,2,1,3,4,3,1,3,1,1,3,4,3,1,4,1,4,3,3,1,4,1,4,1,3,2,1,2,3,2,4,2,1,2,4,3,4,1,4,2,2,4,2,2,1,1,1,3,3,1,4,4,4,1,3,2,4,1,1,2,3,3,1,2,3,2,2,1,2,2,2,4,2,2,1,3,3,2,1,1,2,2,3,3,3,2,3,1,4,4,4,1,4,2,2,4,4,3,1,3,1,3,2,1,4,1,1,3,4,3,4,3,1,3,3,1,1,1,4,1,3,3,1,1,3,1,1,4,1,4,2,4,1,1,3,1,1,1,4,4,2,4,3,4,1,4,1,3,2,2,2,2,1,1,4,1,2,1,3,3,3,2,4,1,4,1,2,3,2,3,4,4,2,2,1,4,3,4,1,2,3,1,2,3,1,2,4,2,2,1,1,1,2,2,4,1,4,3,4,1,3,2,2,3,1,4,2,3,4,4,2,1,1,3,3,1,3,1,2,4,3,2,1,3,2,3,2,1,4,2,1,3,4,4,3,4,3,3,1,3,1,2,2,3,1,2,1,2,3,2,3,3,2,3,1,1,1,4,2,2,4,2,1,4,4,1,2,3,3,2,3,4,3,2,2,2,4,2,3,2,2,2,4,4,4,4,1,1,3,2,4,4,2,2,1,2,1,2,2,4,4,1,2,4,1,4,3,1,3,2,1,3,2,1,2,3,1,2,2,4,3,1,1,2,3,2,2,1,2,1,1,4,1,4,2,1,1,4,4,1,3,3,4,1,2,2,3,3,2,4,1,3,1,4,4,3,4,2,4,3,4,4,3,3,1,2,3,4,1,4,2,4,1,2,4,1,4,2,4,4,1,4,3,2,1,3,3,2,1,3,4,3,2,3,1,3,3,2,3,3,1,2,2,2,2,4,4,4,2,2,4,2,3,1,2,3,3,4,1,2,2,1,3,2,2,1,3,3,3,2,3,1,4,4,1,1,1,3,1,2,4,2,2,3,3,4,3,3,4,1,4,4,1,1,4,1,1,4,1,2,3,3,4,3,2,1,4,3,2,1,1,2,3,4,1,4,1,1,1,3,3,2,4,4,2,3,4,2,1,4,3,4,1,3,3,2,3,2,3,1,1,1,1,1,4,1,3,2,4,3,1,1,3,4,2,2,2,2,1,4,1,4,2,3,3,1,3,1,1,4,2,2,2,2,4,2,2,3,2,2,1,1,2,1,3,3,3,4,3,2,3,3,3,3,1,3,3,1,1,4,2,4,1,1,1,4,3,2,2,3,2,3,4,1,3,3,1,1,2,3,1,2,4,3,4,1,1,3,4,1,3,3,3,1,1,3,2,3,3,3,2,4,1,1,4,3,3,1,3,4,1,2,3,4,1,1,2,3,2,4,1,1,2,2,2,3,1,3,4,3,2,4,4,3,3,2,2,4,2,1,1,4,3,3,1,3,2,1,4,3,4,4,3,3,1,1,4,4,1,4,2,3,3,2,1,1,4,4,1,4,2,3,2,3,3,4,4,3,4,2,1,4,4,4,1,2,3,2,4,1,2,4,4,3,1,3,2,3,2,4,1,1,4,1,3,2,2,2,3,2,1,2,3,1,4,1,3,1,2,3,4,2,3,3,4,4,3,4,4,2,3,1,2,3,3,2,4,1,1,3,3,1,3,1,4,1,1,1,3,4,2,2,1,3,2,2,1,1,3,2,1,4,4,4,1,3,4,4,4,1,1,1,4,1,1,3,1,2,1,1,2,2,1,3,4,2,3,1,1,2,2,3,1,2,2,4,2,3,1,2,4,2,1,1,1,4,1,1,2,2,3,2,1,1,3,1,3,3,1,2,2,2,3,2,3,4,3,1,1,2,1,2,4,3,1,2,4,1,3,4,3,4,4,3,2,3,3,1,3,3,1,2,3,1,2,2,3,2,3,2,2,2,3,2,4,1,1,4,2,1,4,2,3,3,1,1,4,1,2,4,2,1,3,2,4,3,1,2,1,2,3,4,1,3,3,4,4,3,2,3,3,2,1,3,2,1,2,2,2,1,1,3,3,3,3,3,1,4,2,3,2,2,3,2,2,4,2,2,4,2,2,2,2,2,2,1,4,1,1,4,4,2,3,3,1,2,3,4,4,3,2,2,1,4,2,4,1,2,2,3,4,2,1,4,2,4,1,3,3,1,4,1,3,4,4,2,2,2,2,2,1,1,4,4,2,3,3,4,4,4,2,4,2,1,4,3,2,1,1,2,2,1,1,1,2,4,1,1,3,4,2,1,2,4,4,4,3,1,4,2,3,4,4,2,3,2,1,4,2,3,1,4,4,3,2,2,4,1,2,3,4,1,3,1,1,4,1,2,2,1,4,4,1,2,2,4,4,3,3,1,1,4,4,3,1"
60,0.9875909492720556,0.4509803921568627,2338.0,"3,1,1,3,1,3,4,4,4,3,1,1,1,1,1,1,3,2,1,3,3,3,3,1,4,4,3,2,1,2,4,2,3,2,1,3,1,4,4,1,2,2,1,3,1,2,4,4,1,2,4,1,2,1,4,2,3,4,3,4,3,3,1,1,2,1,1,2,1,4,3,3,1,1,2,1,4,3,2,2,2,1,1,1,2,2,3,3,1,1,3,4,3,1,1,1,1,3,1,1,3,4,3,1,1,2,1,4,1,3,1,1,2,1,1,3,4,2,4,4,1,2,3,4,1,3,4,1,4,2,2,1,3,1,4,3,2,3,2,3,3,3,4,4,1,1,2,4,2,1,2,1,4,3,4,2,2,4,4,1,2,2,4,3,2,3,4,4,1,2,3,1,2,1,4,2,1,1,3,1,2,2,3,2,4,2,2,1,1,2,3,1,3,2,2,4,1,2,4,1,2,2,1,1,1,2,2,4,3,1,2,2,1,3,1,3,2,3,4,2,4,1,1,1,3,2,1,1,2,1,4,2,2,2,4,2,4,2,3,1,3,1,4,3,2,1,1,3,4,3,4,4,1,3,3,4,3,2,2,3,3,4,2,2,1,4,1,2,4,3,4,3,3,4,3,1,2,3,1,3,2,1,2,2,1,1,3,4,2,4,2,4,1,1,2,3,3,3,3,4,1,4,4,4,2,1,2,3,1,2,2,4,2,2,3,3,2,2,2,4,4,4,3,1,4,4,2,4,1,3,4,3,4,3,3,4,4,3,1,1,1,1,4,2,3,1,1,2,2,4,3,3,2,2,2,4,3,2,1,3,3,1,1,3,3,2,4,4,2,1,1,1,1,2,3,2,1,2,4,4,1,2,4,3,1,2,1,4,3,4,1,3,2,4,3,1,2,1,1,2,3,3,2,2,1,1,4,2,4,2,4,1,1,3,4,2,4,1,3,4,1,2,3,1,2,4,2,2,2,3,1,1,2,4,4,1,4,2,1,1,4,1,3,2,3,1,4,3,3,3,4,4,1,4,3,1,4,2,4,4,1,1,1,2,2,4,4,1,1,2,2,1,4,2,1,1,1,2,4,2,4,2,1,1,3,1,4,1,3,1,1,2,4,3,2,3,1,3,2,1,2,4,4,4,3,4,3,3,2,1,1,2,4,2,2,1,3,2,2,3,1,4,2,4,4,2,4,2,3,3,3,3,1,3,2,2,2,4,2,1,1,1,1,1,1,3,1,4,1,2,2,4,1,3,3,3,3,1,4,3,1,1,1,1,1,2,1,1,1,2,2,4,4,1,3,1,4,3,3,4,1,4,3,2,1,4,4,4,2,2,1,1,1,4,2,1,2,3,1,2,1,2,2,4,3,1,2,1,2,3,2,2,1,3,2,1,2,1,3,4,3,1,3,1,1,3,4,3,1,4,1,4,3,3,1,4,1,4,1,3,2,1,2,3,2,4,2,1,2,4,3,4,1,4,2,2,4,2,2,1,1,1,3,3,1,4,4,4,1,3,2,4,1,1,2,3,3,1,2,3,2,2,1,2,2,2,4,2,2,1,3,3,2,1,1,2,2,3,3,3,2,3,1,4,4,4,1,4,2,2,4,4,3,1,3,1,3,2,1,4,1,1,3,4,3,4,3,1,3,3,1,1,1,4,1,3,3,1,1,3,1,1,4,1,4,2,4,1,1,3,1,1,1,4,4,2,4,3,4,1,4,1,3,2,2,2,2,1,1,4,1,2,1,3,3,3,2,4,1,4,1,2,3,2,3,4,4,2,2,1,4,3,4,1,2,3,1,2,3,1,2,4,2,2,1,1,1,2,2,4,1,4,3,4,1,3,2,2,3,1,4,2,3,4,4,2,1,1,3,3,1,3,1,2,4,3,2,1,3,2,3,2,1,4,2,1,3,4,4,3,4,3,3,1,3,1,2,2,3,1,2,1,2,3,2,3,3,2,3,1,1,1,4,2,2,4,2,1,4,4,1,2,3,3,2,3,4,3,2,2,2,4,2,3,2,2,2,4,4,4,4,1,1,3,2,4,4,2,2,1,2,1,2,2,4,4,1,2,4,1,4,3,1,3,2,1,3,2,1,2,3,1,2,2,4,3,1,1,2,3,2,2,1,2,1,1,4,1,4,2,1,1,4,4,1,3,3,4,1,2,2,3,3,2,4,1,3,1,4,4,3,4,2,4,3,4,4,3,3,1,2,3,4,1,4,2,4,1,2,4,1,4,2,4,4,1,4,3,2,1,3,3,2,1,3,4,3,2,3,1,3,3,2,3,3,1,2,2,2,2,4,4,4,2,2,4,2,3,1,2,3,3,4,1,2,2,1,3,2,2,1,3,3,3,2,3,1,4,4,1,1,1,3,1,2,4,2,2,3,3,4,3,3,4,1,4,4,1,1,4,1,1,4,1,2,3,3,4,3,2,1,4,3,2,1,1,2,3,4,1,4,1,1,1,3,3,2,4,4,2,3,4,2,1,4,3,4,1,3,3,2,3,2,3,1,1,1,1,1,4,1,3,2,4,3,1,1,3,4,2,2,2,2,1,4,1,4,2,3,3,1,3,1,1,4,2,2,2,2,4,2,2,3,2,2,1,1,2,1,3,3,3,4,3,2,3,3,3,3,1,3,3,1,1,4,2,4,1,1,1,4,3,2,2,3,2,3,4,1,3,3,1,1,2,3,1,2,4,3,4,1,1,3,4,1,3,3,3,1,1,3,2,3,3,3,2,4,1,1,4,3,3,1,3,4,1,2,3,4,1,1,2,3,2,4,1,1,2,2,2,3,1,3,4,3,2,4,4,3,3,2,2,4,2,1,1,4,3,3,1,3,2,1,4,3,4,4,3,3,1,1,4,4,1,4,2,3,3,2,1,1,4,4,1,4,2,3,2,3,3,4,4,3,4,2,1,4,4,4,1,2,3,2,4,1,2,4,4,3,1,3,2,3,2,4,1,1,4,1,3,2,2,2,3,2,1,2,3,1,4,1,3,1,2,3,4,2,3,3,4,4,3,4,4,2,3,1,2,3,3,2,4,1,1,3,3,1,3,1,4,1,1,1,3,4,2,2,1,3,2,2,1,1,3,2,1,4,4,4,1,3,4,4,4,1,1,1,4,1,1,3,1,2,1,1,2,2,1,3,4,2,3,1,1,2,2,3,1,2,2,4,2,3,1,2,4,2,1,1,1,4,1,1,2,2,3,2,1,1,3,1,3,3,1,2,2,2,3,2,3,4,3,1,1,2,1,2,4,3,1,2,4,1,3,4,3,4,4,3,2,3,3,1,3,3,1,2,3,1,2,2,3,2,3,2,2,2,3,2,4,1,1,4,2,1,4,2,3,3,1,1,4,1,2,4,2,1,3,2,4,3,1,2,1,2,3,4,1,3,3,4,4,3,2,3,3,2,1,3,2,1,2,2,2,1,1,3,3,3,3,3,1,4,2,3,2,2,3,2,2,4,2,2,4,2,2,2,2,2,2,1,4,1,1,4,4,2,3,3,1,2,3,4,4,3,2,2,1,4,2,4,1,2,2,3,4,2,1,4,2,4,1,3,3,1,4,1,3,4,4,2,2,2,2,2,1,1,4,4,2,3,3,4,4,4,2,4,2,1,4,3,2,1,1,2,2,1,1,1,2,4,1,1,3,4,2,1,2,4,4,4,3,1,4,2,3,4,4,2,3,2,1,4,2,3,1,4,4,3,2,2,4,1,2,3,4,1,3,1,1,4,1,2,2,1,4,4,1,2,2,4,4,3,3,1,1,4,4,3,1"
61,0.9875909492720556,0.4509803921568627,2338.0,"3,1,1,3,1,3,4,4,4,3,1,1,1,1,1,1,3,2,1,3,3,3,3,1,4,4,3,2,1,2,4,2,3,2,1,3,1,4,4,1,2,2,1,3,1,2,4,4,1,2,4,1,2,1,4,2,3,4,3,4,3,3,1,1,2,1,1,2,1,4,3,3,1,1,2,1,4,3,2,2,2,1,1,1,2,2,3,3,1,1,3,4,3,1,1,1,1,3,1,1,3,4,3,1,1,2,1,4,1,3,1,1,2,1,1,3,4,2,4,4,1,2,3,4,1,3,4,1,4,2,2,1,3,1,4,3,2,3,2,3,3,3,4,4,1,1,2,4,2,1,2,1,4,3,4,2,2,4,4,1,2,2,4,3,2,3,4,4,1,2,3,1,2,1,4,2,1,1,3,1,2,2,3,2,4,2,2,1,1,2,3,1,3,2,2,4,1,2,4,1,2,2,1,1,1,2,2,4,3,1,2,2,1,3,1,3,2,3,4,2,4,1,1,1,3,2,1,1,2,1,4,2,2,2,4,2,4,2,3,1,3,1,4,3,2,1,1,3,4,3,4,4,1,3,3,4,3,2,2,3,3,4,2,2,1,4,1,2,4,3,4,3,3,4,3,1,2,3,1,3,2,1,2,2,1,1,3,4,2,4,2,4,1,1,2,3,3,3,3,4,1,4,4,4,2,1,2,3,1,2,2,4,2,2,3,3,2,2,2,4,4,4,3,1,4,4,2,4,1,3,4,3,4,3,3,4,4,3,1,1,1,1,4,2,3,1,1,2,2,4,3,3,2,2,2,4,3,2,1,3,3,1,1,3,3,2,4,4,2,1,1,1,1,2,3,2,1,2,4,4,1,2,4,3,1,2,1,4,3,4,1,3,2,4,3,1,2,1,1,2,3,3,2,2,1,1,4,2,4,2,4,1,1,3,4,2,4,1,3,4,1,2,3,1,2,4,2,2,2,3,1,1,2,4,4,1,4,2,1,1,4,1,3,2,3,1,4,3,3,3,4,4,1,4,3,1,4,2,4,4,1,1,1,2,2,4,4,1,1,2,2,1,4,2,1,1,1,2,4,2,4,2,1,1,3,1,4,1,3,1,1,2,4,3,2,3,1,3,2,1,2,4,4,4,3,4,3,3,2,1,1,2,4,2,2,1,3,2,2,3,1,4,2,4,4,2,4,2,3,3,3,3,1,3,2,2,2,4,2,1,1,1,1,1,1,3,1,4,1,2,2,4,1,3,3,3,3,1,4,3,1,1,1,1,1,2,1,1,1,2,2,4,4,1,3,1,4,3,3,4,1,4,3,2,1,4,4,4,2,2,1,1,1,4,2,1,2,3,1,2,1,2,2,4,3,1,2,1,2,3,2,2,1,3,2,1,2,1,3,4,3,1,3,1,1,3,4,3,1,4,1,4,3,3,1,4,1,4,1,3,2,1,2,3,2,4,2,1,2,4,3,4,1,4,2,2,4,2,2,1,1,1,3,3,1,4,4,4,1,3,2,4,1,1,2,3,3,1,2,3,2,2,1,2,2,2,4,2,2,1,3,3,2,1,1,2,2,3,3,3,2,3,1,4,4,4,1,4,2,2,4,4,3,1,3,1,3,2,1,4,1,1,3,4,3,4,3,1,3,3,1,1,1,4,1,3,3,1,1,3,1,1,4,1,4,2,4,1,1,3,1,1,1,4,4,2,4,3,4,1,4,1,3,2,2,2,2,1,1,4,1,2,1,3,3,3,2,4,1,4,1,2,3,2,3,4,4,2,2,1,4,3,4,1,2,3,1,2,3,1,2,4,2,2,1,1,1,2,2,4,1,4,3,4,1,3,2,2,3,1,4,2,3,4,4,2,1,1,3,3,1,3,1,2,4,3,2,1,3,2,3,2,1,4,2,1,3,4,4,3,4,3,3,1,3,1,2,2,3,1,2,1,2,3,2,3,3,2,3,1,1,1,4,2,2,4,2,1,4,4,1,2,3,3,2,3,4,3,2,2,2,4,2,3,2,2,2,4,4,4,4,1,1,3,2,4,4,2,2,1,2,1,2,2,4,4,1,2,4,1,4,3,1,3,2,1,3,2,1,2,3,1,2,2,4,3,1,1,2,3,2,2,1,2,1,1,4,1,4,2,1,1,4,4,1,3,3,4,1,2,2,3,3,2,4,1,3,1,4,4,3,4,2,4,3,4,4,3,3,1,2,3,4,1,4,2,4,1,2,4,1,4,2,4,4,1,4,3,2,1,3,3,2,1,3,4,3,2,3,1,3,3,2,3,3,1,2,2,2,2,4,4,4,2,2,4,2,3,1,2,3,3,4,1,2,2,1,3,2,2,1,3,3,3,2,3,1,4,4,1,1,1,3,1,2,4,2,2,3,3,4,3,3,4,1,4,4,1,1,4,1,1,4,1,2,3,3,4,3,2,1,4,3,2,1,1,2,3,4,1,4,1,1,1,3,3,2,4,4,2,3,4,2,1,4,3,4,1,3,3,2,3,2,3,1,1,1,1,1,4,1,3,2,4,3,1,1,3,4,2,2,2,2,1,4,1,4,2,3,3,1,3,1,1,4,2,2,2,2,4,2,2,3,2,2,1,1,2,1,3,3,3,4,3,2,3,3,3,3,1,3,3,1,1,4,2,4,1,1,1,4,3,2,2,3,2,3,4,1,3,3,1,1,2,3,1,2,4,3,4,1,1,3,4,1,3,3,3,1,1,3,2,3,3,3,2,4,1,1,4,3,3,1,3,4,1,2,3,4,1,1,2,3,2,4,1,1,2,2,2,3,1,3,4,3,2,4,4,3,3,2,2,4,2,1,1,4,3,3,1,3,2,1,4,3,4,4,3,3,1,1,4,4,1,4,2,3,3,2,1,1,4,4,1,4,2,3,2,3,3,4,4,3,4,2,1,4,4,4,1,2,3,2,4,1,2,4,4,3,1,3,2,3,2,4,1,1,4,1,3,2,2,2,3,2,1,2,3,1,4,1,3,1,2,3,4,2,3,3,4,4,3,4,4,2,3,1,2,3,3,2,4,1,1,3,3,1,3,1,4,1,1,1,3,4,2,2,1,3,2,2,1,1,3,2,1,4,4,4,1,3,4,4,4,1,1,1,4,1,1,3,1,2,1,1,2,2,1,3,4,2,3,1,1,2,2,3,1,2,2,4,2,3,1,2,4,2,1,1,1,4,1,1,2,2,3,2,1,1,3,1,3,3,1,2,2,2,3,2,3,4,3,1,1,2,1,2,4,3,1,2,4,1,3,4,3,4,4,3,2,3,3,1,3,3,1,2,3,1,2,2,3,2,3,2,2,2,3,2,4,1,1,4,2,1,4,2,3,3,1,1,4,1,2,4,2,1,3,2,4,3,1,2,1,2,3,4,1,3,3,4,4,3,2,3,3,2,1,3,2,1,2,2,2,1,1,3,3,3,3,3,1,4,2,3,2,2,3,2,2,4,2,2,4,2,2,2,2,2,2,1,4,1,1,4,4,2,3,3,1,2,3,4,4,3,2,2,1,4,2,4,1,2,2,3,4,2,1,4,2,4,1,3,3,1,4,1,3,4,4,2,2,2,2,2,1,1,4,4,2,3,3,4,4,4,2,4,2,1,4,3,2,1,1,2,2,1,1,1,2,4,1,1,3,4,2,1,2,4,4,4,3,1,4,2,3,4,4,2,3,2,1,4,2,3,1,4,4,3,2,2,4,1,2,3,4,1,3,1,1,4,1,2,2,1,4,4,1,2,2,4,4,3,3,1,1,4,4,3,1"
62,0.9875909492720556,0.4509803921568627,2338.0,"3,1,1,3,1,3,4,4,4,3,1,1,1,1,1,1,3,2,1,3,3,3,3,1,4,4,3,2,1,2,4,2,3,2,1,3,1,4,4,1,2,2,1,3,1,2,4,4,1,2,4,1,2,1,4,2,3,4,3,4,3,3,1,1,2,1,1,2,1,4,3,3,1,1,2,1,4,3,2,2,2,1,1,1,2,2,3,3,1,1,3,4,3,1,1,1,1,3,1,1,3,4,3,1,1,2,1,4,1,3,1,1,2,1,1,3,4,2,4,4,1,2,3,4,1,3,4,1,4,2,2,1,3,1,4,3,2,3,2,3,3,3,4,4,1,1,2,4,2,1,2,1,4,3,4,2,2,4,4,1,2,2,4,3,2,3,4,4,1,2,3,1,2,1,4,2,1,1,3,1,2,2,3,2,4,2,2,1,1,2,3,1,3,2,2,4,1,2,4,1,2,2,1,1,1,2,2,4,3,1,2,2,1,3,1,3,2,3,4,2,4,1,1,1,3,2,1,1,2,1,4,2,2,2,4,2,4,2,3,1,3,1,4,3,2,1,1,3,4,3,4,4,1,3,3,4,3,2,2,3,3,4,2,2,1,4,1,2,4,3,4,3,3,4,3,1,2,3,1,3,2,1,2,2,1,1,3,4,2,4,2,4,1,1,2,3,3,3,3,4,1,4,4,4,2,1,2,3,1,2,2,4,2,2,3,3,2,2,2,4,4,4,3,1,4,4,2,4,1,3,4,3,4,3,3,4,4,3,1,1,1,1,4,2,3,1,1,2,2,4,3,3,2,2,2,4,3,2,1,3,3,1,1,3,3,2,4,4,2,1,1,1,1,2,3,2,1,2,4,4,1,2,4,3,1,2,1,4,3,4,1,3,2,4,3,1,2,1,1,2,3,3,2,2,1,1,4,2,4,2,4,1,1,3,4,2,4,1,3,4,1,2,3,1,2,4,2,2,2,3,1,1,2,4,4,1,4,2,1,1,4,1,3,2,3,1,4,3,3,3,4,4,1,4,3,1,4,2,4,4,1,1,1,2,2,4,4,1,1,2,2,1,4,2,1,1,1,2,4,2,4,2,1,1,3,1,4,1,3,1,1,2,4,3,2,3,1,3,2,1,2,4,4,4,3,4,3,3,2,1,1,2,4,2,2,1,3,2,2,3,1,4,2,4,4,2,4,2,3,3,3,3,1,3,2,2,2,4,2,1,1,1,1,1,1,3,1,4,1,2,2,4,1,3,3,3,3,1,4,3,1,1,1,1,1,2,1,1,1,2,2,4,4,1,3,1,4,3,3,4,1,4,3,2,1,4,4,4,2,2,1,1,1,4,2,1,2,3,1,2,1,2,2,4,3,1,2,1,2,3,2,2,1,3,2,1,2,1,3,4,3,1,3,1,1,3,4,3,1,4,1,4,3,3,1,4,1,4,1,3,2,1,2,3,2,4,2,1,2,4,3,4,1,4,2,2,4,2,2,1,1,1,3,3,1,4,4,4,1,3,2,4,1,1,2,3,3,1,2,3,2,2,1,2,2,2,4,2,2,1,3,3,2,1,1,2,2,3,3,3,2,3,1,4,4,4,1,4,2,2,4,4,3,1,3,1,3,2,1,4,1,1,3,4,3,4,3,1,3,3,1,1,1,4,1,3,3,1,1,3,1,1,4,1,4,2,4,1,1,3,1,1,1,4,4,2,4,3,4,1,4,1,3,2,2,2,2,1,1,4,1,2,1,3,3,3,2,4,1,4,1,2,3,2,3,4,4,2,2,1,4,3,4,1,2,3,1,2,3,1,2,4,2,2,1,1,1,2,2,4,1,4,3,4,1,3,2,2,3,1,4,2,3,4,4,2,1,1,3,3,1,3,1,2,4,3,2,1,3,2,3,2,1,4,2,1,3,4,4,3,4,3,3,1,3,1,2,2,3,1,2,1,2,3,2,3,3,2,3,1,1,1,4,2,2,4,2,1,4,4,1,2,3,3,2,3,4,3,2,2,2,4,2,3,2,2,2,4,4,4,4,1,1,3,2,4,4,2,2,1,2,1,2,2,4,4,1,2,4,1,4,3,1,3,2,1,3,2,1,2,3,1,2,2,4,3,1,1,2,3,2,2,1,2,1,1,4,1,4,2,1,1,4,4,1,3,3,4,1,2,2,3,3,2,4,1,3,1,4,4,3,4,2,4,3,4,4,3,3,1,2,3,4,1,4,2,4,1,2,4,1,4,2,4,4,1,4,3,2,1,3,3,2,1,3,4,3,2,3,1,3,3,2,3,3,1,2,2,2,2,4,4,4,2,2,4,2,3,1,2,3,3,4,1,2,2,1,3,2,2,1,3,3,3,2,3,1,4,4,1,1,1,3,1,2,4,2,2,3,3,4,3,3,4,1,4,4,1,1,4,1,1,4,1,2,3,3,4,3,2,1,4,3,2,1,1,2,3,4,1,4,1,1,1,3,3,2,4,4,2,3,4,2,1,4,3,4,1,3,3,2,3,2,3,1,1,1,1,1,4,1,3,2,4,3,1,1,3,4,2,2,2,2,1,4,1,4,2,3,3,1,3,1,1,4,2,2,2,2,4,2,2,3,2,2,1,1,2,1,3,3,3,4,3,2,3,3,3,3,1,3,3,1,1,4,2,4,1,1,1,4,3,2,2,3,2,3,4,1,3,3,1,1,2,3,1,2,4,3,4,1,1,3,4,1,3,3,3,1,1,3,2,3,3,3,2,4,1,1,4,3,3,1,3,4,1,2,3,4,1,1,2,3,2,4,1,1,2,2,2,3,1,3,4,3,2,4,4,3,3,2,2,4,2,1,1,4,3,3,1,3,2,1,4,3,4,4,3,3,1,1,4,4,1,4,2,3,3,2,1,1,4,4,1,4,2,3,2,3,3,4,4,3,4,2,1,4,4,4,1,2,3,2,4,1,2,4,4,3,1,3,2,3,2,4,1,1,4,1,3,2,2,2,3,2,1,2,3,1,4,1,3,1,2,3,4,2,3,3,4,4,3,4,4,2,3,1,2,3,3,2,4,1,1,3,3,1,3,1,4,1,1,1,3,4,2,2,1,3,2,2,1,1,3,2,1,4,4,4,1,3,4,4,4,1,1,1,4,1,1,3,1,2,1,1,2,2,1,3,4,2,3,1,1,2,2,3,1,2,2,4,2,3,1,2,4,2,1,1,1,4,1,1,2,2,3,2,1,1,3,1,3,3,1,2,2,2,3,2,3,4,3,1,1,2,1,2,4,3,1,2,4,1,3,4,3,4,4,3,2,3,3,1,3,3,1,2,3,1,2,2,3,2,3,2,2,2,3,2,4,1,1,4,2,1,4,2,3,3,1,1,4,1,2,4,2,1,3,2,4,3,1,2,1,2,3,4,1,3,3,4,4,3,2,3,3,2,1,3,2,1,2,2,2,1,1,3,3,3,3,3,1,4,2,3,2,2,3,2,2,4,2,2,4,2,2,2,2,2,2,1,4,1,1,4,4,2,3,3,1,2,3,4,4,3,2,2,1,4,2,4,1,2,2,3,4,2,1,4,2,4,1,3,3,1,4,1,3,4,4,2,2,2,2,2,1,1,4,4,2,3,3,4,4,4,2,4,2,1,4,3,2,1,1,2,2,1,1,1,2,4,1,1,3,4,2,1,2,4,4,4,3,1,4,2,3,4,4,2,3,2,1,4,2,3,1,4,4,3,2,2,4,1,2,3,4,1,3,1,1,4,1,2,2,1,4,4,1,2,2,4,4,3,3,1,1,4,4,3,1"
63,0.9875909492720556,0.4509803921568627,2338.0,"3,1,1,3,1,3,4,4,4,3,1,1,1,1,1,1,3,2,1,3,3,3,3,1,4,4,3,2,1,2,4,2,3,2,1,3,1,4,4,1,2,2,1,3,1,2,4,4,1,2,4,1,2,1,4,2,3,4,3,4,3,3,1,1,2,1,1,2,1,4,3,3,1,1,2,1,4,3,2,2,2,1,1,1,2,2,3,3,1,1,3,4,3,1,1,1,1,3,1,1,3,4,3,1,1,2,1,4,1,3,1,1,2,1,1,3,4,2,4,4,1,2,3,4,1,3,4,1,4,2,2,1,3,1,4,3,2,3,2,3,3,3,4,4,1,1,2,4,2,1,2,1,4,3,4,2,2,4,4,1,2,2,4,3,2,3,4,4,1,2,3,1,2,1,4,2,1,1,3,1,2,2,3,2,4,2,2,1,1,2,3,1,3,2,2,4,1,2,4,1,2,2,1,1,1,2,2,4,3,1,2,2,1,3,1,3,2,3,4,2,4,1,1,1,3,2,1,1,2,1,4,2,2,2,4,2,4,2,3,1,3,1,4,3,2,1,1,3,4,3,4,4,1,3,3,4,3,2,2,3,3,4,2,2,1,4,1,2,4,3,4,3,3,4,3,1,2,3,1,3,2,1,2,2,1,1,3,4,2,4,2,4,1,1,2,3,3,3,3,4,1,4,4,4,2,1,2,3,1,2,2,4,2,2,3,3,2,2,2,4,4,4,3,1,4,4,2,4,1,3,4,3,4,3,3,4,4,3,1,1,1,1,4,2,3,1,1,2,2,4,3,3,2,2,2,4,3,2,1,3,3,1,1,3,3,2,4,4,2,1,1,1,1,2,3,2,1,2,4,4,1,2,4,3,1,2,1,4,3,4,1,3,2,4,3,1,2,1,1,2,3,3,2,2,1,1,4,2,4,2,4,1,1,3,4,2,4,1,3,4,1,2,3,1,2,4,2,2,2,3,1,1,2,4,4,1,4,2,1,1,4,1,3,2,3,1,4,3,3,3,4,4,1,4,3,1,4,2,4,4,1,1,1,2,2,4,4,1,1,2,2,1,4,2,1,1,1,2,4,2,4,2,1,1,3,1,4,1,3,1,1,2,4,3,2,3,1,3,2,1,2,4,4,4,3,4,3,3,2,1,1,2,4,2,2,1,3,2,2,3,1,4,2,4,4,2,4,2,3,3,3,3,1,3,2,2,2,4,2,1,1,1,1,1,1,3,1,4,1,2,2,4,1,3,3,3,3,1,4,3,1,1,1,1,1,2,1,1,1,2,2,4,4,1,3,1,4,3,3,4,1,4,3,2,1,4,4,4,2,2,1,1,1,4,2,1,2,3,1,2,1,2,2,4,3,1,2,1,2,3,2,2,1,3,2,1,2,1,3,4,3,1,3,1,1,3,4,3,1,4,1,4,3,3,1,4,1,4,1,3,2,1,2,3,2,4,2,1,2,4,3,4,1,4,2,2,4,2,2,1,1,1,3,3,1,4,4,4,1,3,2,4,1,1,2,3,3,1,2,3,2,2,1,2,2,2,4,2,2,1,3,3,2,1,1,2,2,3,3,3,2,3,1,4,4,4,1,4,2,2,4,4,3,1,3,1,3,2,1,4,1,1,3,4,3,4,3,1,3,3,1,1,1,4,1,3,3,1,1,3,1,1,4,1,4,2,4,1,1,3,1,1,1,4,4,2,4,3,4,1,4,1,3,2,2,2,2,1,1,4,1,2,1,3,3,3,2,4,1,4,1,2,3,2,3,4,4,2,2,1,4,3,4,1,2,3,1,2,3,1,2,4,2,2,1,1,1,2,2,4,1,4,3,4,1,3,2,2,3,1,4,2,3,4,4,2,1,1,3,3,1,3,1,2,4,3,2,1,3,2,3,2,1,4,2,1,3,4,4,3,4,3,3,1,3,1,2,2,3,1,2,1,2,3,2,3,3,2,3,1,1,1,4,2,2,4,2,1,4,4,1,2,3,3,2,3,4,3,2,2,2,4,2,3,2,2,2,4,4,4,4,1,1,3,2,4,4,2,2,1,2,1,2,2,4,4,1,2,4,1,4,3,1,3,2,1,3,2,1,2,3,1,2,2,4,3,1,1,2,3,2,2,1,2,1,1,4,1,4,2,1,1,4,4,1,3,3,4,1,2,2,3,3,2,4,1,3,1,4,4,3,4,2,4,3,4,4,3,3,1,2,3,4,1,4,2,4,1,2,4,1,4,2,4,4,1,4,3,2,1,3,3,2,1,3,4,3,2,3,1,3,3,2,3,3,1,2,2,2,2,4,4,4,2,2,4,2,3,1,2,3,3,4,1,2,2,1,3,2,2,1,3,3,3,2,3,1,4,4,1,1,1,3,1,2,4,2,2,3,3,4,3,3,4,1,4,4,1,1,4,1,1,4,1,2,3,3,4,3,2,1,4,3,2,1,1,2,3,4,1,4,1,1,1,3,3,2,4,4,2,3,4,2,1,4,3,4,1,3,3,2,3,2,3,1,1,1,1,1,4,1,3,2,4,3,1,1,3,4,2,2,2,2,1,4,1,4,2,3,3,1,3,1,1,4,2,2,2,2,4,2,2,3,2,2,1,1,2,1,3,3,3,4,3,2,3,3,3,3,1,3,3,1,1,4,2,4,1,1,1,4,3,2,2,3,2,3,4,1,3,3,1,1,2,3,1,2,4,3,4,1,1,3,4,1,3,3,3,1,1,3,2,3,3,3,2,4,1,1,4,3,3,1,3,4,1,2,3,4,1,1,2,3,2,4,1,1,2,2,2,3,1,3,4,3,2,4,4,3,3,2,2,4,2,1,1,4,3,3,1,3,2,1,4,3,4,4,3,3,1,1,4,4,1,4,2,3,3,2,1,1,4,4,1,4,2,3,2,3,3,4,4,3,4,2,1,4,4,4,1,2,3,2,4,1,2,4,4,3,1,3,2,3,2,4,1,1,4,1,3,2,2,2,3,2,1,2,3,1,4,1,3,1,2,3,4,2,3,3,4,4,3,4,4,2,3,1,2,3,3,2,4,1,1,3,3,1,3,1,4,1,1,1,3,4,2,2,1,3,2,2,1,1,3,2,1,4,4,4,1,3,4,4,4,1,1,1,4,1,1,3,1,2,1,1,2,2,1,3,4,2,3,1,1,2,2,3,1,2,2,4,2,3,1,2,4,2,1,1,1,4,1,1,2,2,3,2,1,1,3,1,3,3,1,2,2,2,3,2,3,4,3,1,1,2,1,2,4,3,1,2,4,1,3,4,3,4,4,3,2,3,3,1,3,3,1,2,3,1,2,2,3,2,3,2,2,2,3,2,4,1,1,4,2,1,4,2,3,3,1,1,4,1,2,4,2,1,3,2,4,3,1,2,1,2,3,4,1,3,3,4,4,3,2,3,3,2,1,3,2,1,2,2,2,1,1,3,3,3,3,3,1,4,2,3,2,2,3,2,2,4,2,2,4,2,2,2,2,2,2,1,4,1,1,4,4,2,3,3,1,2,3,4,4,3,2,2,1,4,2,4,1,2,2,3,4,2,1,4,2,4,1,3,3,1,4,1,3,4,4,2,2,2,2,2,1,1,4,4,2,3,3,4,4,4,2,4,2,1,4,3,2,1,1,2,2,1,1,1,2,4,1,1,3,4,2,1,2,4,4,4,3,1,4,2,3,4,4,2,3,2,1,4,2,3,1,4,4,3,2,2,4,1,2,3,4,1,3,1,1,4,1,2,2,1,4,4,1,2,2,4,4,3,3,1,1,4,4,3,1"
64,0.9875909492720556,0.4509803921568627,2338.0,"3,1,1,3,1,3,4,4,4,3,1,1,1,1,1,1,3,2,1,3,3,3,3,1,4,4,3,2,1,2,4,2,3,2,1,3,1,4,4,1,2,2,1,3,1,2,4,4,1,2,4,1,2,1,4,2,3,4,3,4,3,3,1,1,2,1,1,2,1,4,3,3,1,1,2,1,4,3,2,2,2,1,1,1,2,2,3,3,1,1,3,4,3,1,1,1,1,3,1,1,3,4,3,1,1,2,1,4,1,3,1,1,2,1,1,3,4,2,4,4,1,2,3,4,1,3,4,1,4,2,2,1,3,1,4,3,2,3,2,3,3,3,4,4,1,1,2,4,2,1,2,1,4,3,4,2,2,4,4,1,2,2,4,3,2,3,4,4,1,2,3,1,2,1,4,2,1,1,3,1,2,2,3,2,4,2,2,1,1,2,3,1,3,2,2,4,1,2,4,1,2,2,1,1,1,2,2,4,3,1,2,2,1,3,1,3,2,3,4,2,4,1,1,1,3,2,1,1,2,1,4,2,2,2,4,2,4,2,3,1,3,1,4,3,2,1,1,3,4,3,4,4,1,3,3,4,3,2,2,3,3,4,2,2,1,4,1,2,4,3,4,3,3,4,3,1,2,3,1,3,2,1,2,2,1,1,3,4,2,4,2,4,1,1,2,3,3,3,3,4,1,4,4,4,2,1,2,3,1,2,2,4,2,2,3,3,2,2,2,4,4,4,3,1,4,4,2,4,1,3,4,3,4,3,3,4,4,3,1,1,1,1,4,2,3,1,1,2,2,4,3,3,2,2,2,4,3,2,1,3,3,1,1,3,3,2,4,4,2,1,1,1,1,2,3,2,1,2,4,4,1,2,4,3,1,2,1,4,3,4,1,3,2,4,3,1,2,1,1,2,3,3,2,2,1,1,4,2,4,2,4,1,1,3,4,2,4,1,3,4,1,2,3,1,2,4,2,2,2,3,1,1,2,4,4,1,4,2,1,1,4,1,3,2,3,1,4,3,3,3,4,4,1,4,3,1,4,2,4,4,1,1,1,2,2,4,4,1,1,2,2,1,4,2,1,1,1,2,4,2,4,2,1,1,3,1,4,1,3,1,1,2,4,3,2,3,1,3,2,1,2,4,4,4,3,4,3,3,2,1,1,2,4,2,2,1,3,2,2,3,1,4,2,4,4,2,4,2,3,3,3,3,1,3,2,2,2,4,2,1,1,1,1,1,1,3,1,4,1,2,2,4,1,3,3,3,3,1,4,3,1,1,1,1,1,2,1,1,1,2,2,4,4,1,3,1,4,3,3,4,1,4,3,2,1,4,4,4,2,2,1,1,1,4,2,1,2,3,1,2,1,2,2,4,3,1,2,1,2,3,2,2,1,3,2,1,2,1,3,4,3,1,3,1,1,3,4,3,1,4,1,4,3,3,1,4,1,4,1,3,2,1,2,3,2,4,2,1,2,4,3,4,1,4,2,2,4,2,2,1,1,1,3,3,1,4,4,4,1,3,2,4,1,1,2,3,3,1,2,3,2,2,1,2,2,2,4,2,2,1,3,3,2,1,1,2,2,3,3,3,2,3,1,4,4,4,1,4,2,2,4,4,3,1,3,1,3,2,1,4,1,1,3,4,3,4,3,1,3,3,1,1,1,4,1,3,3,1,1,3,1,1,4,1,4,2,4,1,1,3,1,1,1,4,4,2,4,3,4,1,4,1,3,2,2,2,2,1,1,4,1,2,1,3,3,3,2,4,1,4,1,2,3,2,3,4,4,2,2,1,4,3,4,1,2,3,1,2,3,1,2,4,2,2,1,1,1,2,2,4,1,4,3,4,1,3,2,2,3,1,4,2,3,4,4,2,1,1,3,3,1,3,1,2,4,3,2,1,3,2,3,2,1,4,2,1,3,4,4,3,4,3,3,1,3,1,2,2,3,1,2,1,2,3,2,3,3,2,3,1,1,1,4,2,2,4,2,1,4,4,1,2,3,3,2,3,4,3,2,2,2,4,2,3,2,2,2,4,4,4,4,1,1,3,2,4,4,2,2,1,2,1,2,2,4,4,1,2,4,1,4,3,1,3,2,1,3,2,1,2,3,1,2,2,4,3,1,1,2,3,2,2,1,2,1,1,4,1,4,2,1,1,4,4,1,3,3,4,1,2,2,3,3,2,4,1,3,1,4,4,3,4,2,4,3,4,4,3,3,1,2,3,4,1,4,2,4,1,2,4,1,4,2,4,4,1,4,3,2,1,3,3,2,1,3,4,3,2,3,1,3,3,2,3,3,1,2,2,2,2,4,4,4,2,2,4,2,3,1,2,3,3,4,1,2,2,1,3,2,2,1,3,3,3,2,3,1,4,4,1,1,1,3,1,2,4,2,2,3,3,4,3,3,4,1,4,4,1,1,4,1,1,4,1,2,3,3,4,3,2,1,4,3,2,1,1,2,3,4,1,4,1,1,1,3,3,2,4,4,2,3,4,2,1,4,3,4,1,3,3,2,3,2,3,1,1,1,1,1,4,1,3,2,4,3,1,1,3,4,2,2,2,2,1,4,1,4,2,3,3,1,3,1,1,4,2,2,2,2,4,2,2,3,2,2,1,1,2,1,3,3,3,4,3,2,3,3,3,3,1,3,3,1,1,4,2,4,1,1,1,4,3,2,2,3,2,3,4,1,3,3,1,1,2,3,1,2,4,3,4,1,1,3,4,1,3,3,3,1,1,3,2,3,3,3,2,4,1,1,4,3,3,1,3,4,1,2,3,4,1,1,2,3,2,4,1,1,2,2,2,3,1,3,4,3,2,4,4,3,3,2,2,4,2,1,1,4,3,3,1,3,2,1,4,3,4,4,3,3,1,1,4,4,1,4,2,3,3,2,1,1,4,4,1,4,2,3,2,3,3,4,4,3,4,2,1,4,4,4,1,2,3,2,4,1,2,4,4,3,1,3,2,3,2,4,1,1,4,1,3,2,2,2,3,2,1,2,3,1,4,1,3,1,2,3,4,2,3,3,4,4,3,4,4,2,3,1,2,3,3,2,4,1,1,3,3,1,3,1,4,1,1,1,3,4,2,2,1,3,2,2,1,1,3,2,1,4,4,4,1,3,4,4,4,1,1,1,4,1,1,3,1,2,1,1,2,2,1,3,4,2,3,1,1,2,2,3,1,2,2,4,2,3,1,2,4,2,1,1,1,4,1,1,2,2,3,2,1,1,3,1,3,3,1,2,2,2,3,2,3,4,3,1,1,2,1,2,4,3,1,2,4,1,3,4,3,4,4,3,2,3,3,1,3,3,1,2,3,1,2,2,3,2,3,2,2,2,3,2,4,1,1,4,2,1,4,2,3,3,1,1,4,1,2,4,2,1,3,2,4,3,1,2,1,2,3,4,1,3,3,4,4,3,2,3,3,2,1,3,2,1,2,2,2,1,1,3,3,3,3,3,1,4,2,3,2,2,3,2,2,4,2,2,4,2,2,2,2,2,2,1,4,1,1,4,4,2,3,3,1,2,3,4,4,3,2,2,1,4,2,4,1,2,2,3,4,2,1,4,2,4,1,3,3,1,4,1,3,4,4,2,2,2,2,2,1,1,4,4,2,3,3,4,4,4,2,4,2,1,4,3,2,1,1,2,2,1,1,1,2,4,1,1,3,4,2,1,2,4,4,4,3,1,4,2,3,4,4,2,3,2,1,4,2,3,1,4,4,3,2,2,4,1,2,3,4,1,3,1,1,4,1,2,2,1,4,4,1,2,2,4,4,3,3,1,1,4,4,3,1"
65,0.9875909492720556,0.4509803921568627,2338.0,"3,1,1,3,1,3,4,4,4,3,1,1,1,1,1,1,3,2,1,3,3,3,3,1,4,4,3,2,1,2,4,2,3,2,1,3,1,4,4,1,2,2,1,3,1,2,4,4,1,2,4,1,2,1,4,2,3,4,3,4,3,3,1,1,2,1,1,2,1,4,3,3,1,1,2,1,4,3,2,2,2,1,1,1,2,2,3,3,1,1,3,4,3,1,1,1,1,3,1,1,3,4,3,1,1,2,1,4,1,3,1,1,2,1,1,3,4,2,4,4,1,2,3,4,1,3,4,1,4,2,2,1,3,1,4,3,2,3,2,3,3,3,4,4,1,1,2,4,2,1,2,1,4,3,4,2,2,4,4,1,2,2,4,3,2,3,4,4,1,2,3,1,2,1,4,2,1,1,3,1,2,2,3,2,4,2,2,1,1,2,3,1,3,2,2,4,1,2,4,1,2,2,1,1,1,2,2,4,3,1,2,2,1,3,1,3,2,3,4,2,4,1,1,1,3,2,1,1,2,1,4,2,2,2,4,2,4,2,3,1,3,1,4,3,2,1,1,3,4,3,4,4,1,3,3,4,3,2,2,3,3,4,2,2,1,4,1,2,4,3,4,3,3,4,3,1,2,3,1,3,2,1,2,2,1,1,3,4,2,4,2,4,1,1,2,3,3,3,3,4,1,4,4,4,2,1,2,3,1,2,2,4,2,2,3,3,2,2,2,4,4,4,3,1,4,4,2,4,1,3,4,3,4,3,3,4,4,3,1,1,1,1,4,2,3,1,1,2,2,4,3,3,2,2,2,4,3,2,1,3,3,1,1,3,3,2,4,4,2,1,1,1,1,2,3,2,1,2,4,4,1,2,4,3,1,2,1,4,3,4,1,3,2,4,3,1,2,1,1,2,3,3,2,2,1,1,4,2,4,2,4,1,1,3,4,2,4,1,3,4,1,2,3,1,2,4,2,2,2,3,1,1,2,4,4,1,4,2,1,1,4,1,3,2,3,1,4,3,3,3,4,4,1,4,3,1,4,2,4,4,1,1,1,2,2,4,4,1,1,2,2,1,4,2,1,1,1,2,4,2,4,2,1,1,3,1,4,1,3,1,1,2,4,3,2,3,1,3,2,1,2,4,4,4,3,4,3,3,2,1,1,2,4,2,2,1,3,2,2,3,1,4,2,4,4,2,4,2,3,3,3,3,1,3,2,2,2,4,2,1,1,1,1,1,1,3,1,4,1,2,2,4,1,3,3,3,3,1,4,3,1,1,1,1,1,2,1,1,1,2,2,4,4,1,3,1,4,3,3,4,1,4,3,2,1,4,4,4,2,2,1,1,1,4,2,1,2,3,1,2,1,2,2,4,3,1,2,1,2,3,2,2,1,3,2,1,2,1,3,4,3,1,3,1,1,3,4,3,1,4,1,4,3,3,1,4,1,4,1,3,2,1,2,3,2,4,2,1,2,4,3,4,1,4,2,2,4,2,2,1,1,1,3,3,1,4,4,4,1,3,2,4,1,1,2,3,3,1,2,3,2,2,1,2,2,2,4,2,2,1,3,3,2,1,1,2,2,3,3,3,2,3,1,4,4,4,1,4,2,2,4,4,3,1,3,1,3,2,1,4,1,1,3,4,3,4,3,1,3,3,1,1,1,4,1,3,3,1,1,3,1,1,4,1,4,2,4,1,1,3,1,1,1,4,4,2,4,3,4,1,4,1,3,2,2,2,2,1,1,4,1,2,1,3,3,3,2,4,1,4,1,2,3,2,3,4,4,2,2,1,4,3,4,1,2,3,1,2,3,1,2,4,2,2,1,1,1,2,2,4,1,4,3,4,1,3,2,2,3,1,4,2,3,4,4,2,1,1,3,3,1,3,1,2,4,3,2,1,3,2,3,2,1,4,2,1,3,4,4,3,4,3,3,1,3,1,2,2,3,1,2,1,2,3,2,3,3,2,3,1,1,1,4,2,2,4,2,1,4,4,1,2,3,3,2,3,4,3,2,2,2,4,2,3,2,2,2,4,4,4,4,1,1,3,2,4,4,2,2,1,2,1,2,2,4,4,1,2,4,1,4,3,1,3,2,1,3,2,1,2,3,1,2,2,4,3,1,1,2,3,2,2,1,2,1,1,4,1,4,2,1,1,4,4,1,3,3,4,1,2,2,3,3,2,4,1,3,1,4,4,3,4,2,4,3,4,4,3,3,1,2,3,4,1,4,2,4,1,2,4,1,4,2,4,4,1,4,3,2,1,3,3,2,1,3,4,3,2,3,1,3,3,2,3,3,1,2,2,2,2,4,4,4,2,2,4,2,3,1,2,3,3,4,1,2,2,1,3,2,2,1,3,3,3,2,3,1,4,4,1,1,1,3,1,2,4,2,2,3,3,4,3,3,4,1,4,4,1,1,4,1,1,4,1,2,3,3,4,3,2,1,4,3,2,1,1,2,3,4,1,4,1,1,1,3,3,2,4,4,2,3,4,2,1,4,3,4,1,3,3,2,3,2,3,1,1,1,1,1,4,1,3,2,4,3,1,1,3,4,2,2,2,2,1,4,1,4,2,3,3,1,3,1,1,4,2,2,2,2,4,2,2,3,2,2,1,1,2,1,3,3,3,4,3,2,3,3,3,3,1,3,3,1,1,4,2,4,1,1,1,4,3,2,2,3,2,3,4,1,3,3,1,1,2,3,1,2,4,3,4,1,1,3,4,1,3,3,3,1,1,3,2,3,3,3,2,4,1,1,4,3,3,1,3,4,1,2,3,4,1,1,2,3,2,4,1,1,2,2,2,3,1,3,4,3,2,4,4,3,3,2,2,4,2,1,1,4,3,3,1,3,2,1,4,3,4,4,3,3,1,1,4,4,1,4,2,3,3,2,1,1,4,4,1,4,2,3,2,3,3,4,4,3,4,2,1,4,4,4,1,2,3,2,4,1,2,4,4,3,1,3,2,3,2,4,1,1,4,1,3,2,2,2,3,2,1,2,3,1,4,1,3,1,2,3,4,2,3,3,4,4,3,4,4,2,3,1,2,3,3,2,4,1,1,3,3,1,3,1,4,1,1,1,3,4,2,2,1,3,2,2,1,1,3,2,1,4,4,4,1,3,4,4,4,1,1,1,4,1,1,3,1,2,1,1,2,2,1,3,4,2,3,1,1,2,2,3,1,2,2,4,2,3,1,2,4,2,1,1,1,4,1,1,2,2,3,2,1,1,3,1,3,3,1,2,2,2,3,2,3,4,3,1,1,2,1,2,4,3,1,2,4,1,3,4,3,4,4,3,2,3,3,1,3,3,1,2,3,1,2,2,3,2,3,2,2,2,3,2,4,1,1,4,2,1,4,2,3,3,1,1,4,1,2,4,2,1,3,2,4,3,1,2,1,2,3,4,1,3,3,4,4,3,2,3,3,2,1,3,2,1,2,2,2,1,1,3,3,3,3,3,1,4,2,3,2,2,3,2,2,4,2,2,4,2,2,2,2,2,2,1,4,1,1,4,4,2,3,3,1,2,3,4,4,3,2,2,1,4,2,4,1,2,2,3,4,2,1,4,2,4,1,3,3,1,4,1,3,4,4,2,2,2,2,2,1,1,4,4,2,3,3,4,4,4,2,4,2,1,4,3,2,1,1,2,2,1,1,1,2,4,1,1,3,4,2,1,2,4,4,4,3,1,4,2,3,4,4,2,3,2,1,4,2,3,1,4,4,3,2,2,4,1,2,3,4,1,3,1,1,4,1,2,2,1,4,4,1,2,2,4,4,3,3,1,1,4,4,3,1"
66,0.9875909492720556,0.4509803921568627,2338.0,"3,1,1,3,1,3,4,4,4,3,1,1,1,1,1,1,3,2,1,3,3,3,3,1,4,4,3,2,1,2,4,2,3,2,1,3,1,4,4,1,2,2,1,3,1,2,4,4,1,2,4,1,2,1,4,2,3,4,3,4,3,3,1,1,2,1,1,2,1,4,3,3,1,1,2,1,4,3,2,2,2,1,1,1,2,2,3,3,1,1,3,4,3,1,1,1,1,3,1,1,3,4,3,1,1,2,1,4,1,3,1,1,2,1,1,3,4,2,4,4,1,2,3,4,1,3,4,1,4,2,2,1,3,1,4,3,2,3,2,3,3,3,4,4,1,1,2,4,2,1,2,1,4,3,4,2,2,4,4,1,2,2,4,3,2,3,4,4,1,2,3,1,2,1,4,2,1,1,3,1,2,2,3,2,4,2,2,1,1,2,3,1,3,2,2,4,1,2,4,1,2,2,1,1,1,2,2,4,3,1,2,2,1,3,1,3,2,3,4,2,4,1,1,1,3,2,1,1,2,1,4,2,2,2,4,2,4,2,3,1,3,1,4,3,2,1,1,3,4,3,4,4,1,3,3,4,3,2,2,3,3,4,2,2,1,4,1,2,4,3,4,3,3,4,3,1,2,3,1,3,2,1,2,2,1,1,3,4,2,4,2,4,1,1,2,3,3,3,3,4,1,4,4,4,2,1,2,3,1,2,2,4,2,2,3,3,2,2,2,4,4,4,3,1,4,4,2,4,1,3,4,3,4,3,3,4,4,3,1,1,1,1,4,2,3,1,1,2,2,4,3,3,2,2,2,4,3,2,1,3,3,1,1,3,3,2,4,4,2,1,1,1,1,2,3,2,1,2,4,4,1,2,4,3,1,2,1,4,3,4,1,3,2,4,3,1,2,1,1,2,3,3,2,2,1,1,4,2,4,2,4,1,1,3,4,2,4,1,3,4,1,2,3,1,2,4,2,2,2,3,1,1,2,4,4,1,4,2,1,1,4,1,3,2,3,1,4,3,3,3,4,4,1,4,3,1,4,2,4,4,1,1,1,2,2,4,4,1,1,2,2,1,4,2,1,1,1,2,4,2,4,2,1,1,3,1,4,1,3,1,1,2,4,3,2,3,1,3,2,1,2,4,4,4,3,4,3,3,2,1,1,2,4,2,2,1,3,2,2,3,1,4,2,4,4,2,4,2,3,3,3,3,1,3,2,2,2,4,2,1,1,1,1,1,1,3,1,4,1,2,2,4,1,3,3,3,3,1,4,3,1,1,1,1,1,2,1,1,1,2,2,4,4,1,3,1,4,3,3,4,1,4,3,2,1,4,4,4,2,2,1,1,1,4,2,1,2,3,1,2,1,2,2,4,3,1,2,1,2,3,2,2,1,3,2,1,2,1,3,4,3,1,3,1,1,3,4,3,1,4,1,4,3,3,1,4,1,4,1,3,2,1,2,3,2,4,2,1,2,4,3,4,1,4,2,2,4,2,2,1,1,1,3,3,1,4,4,4,1,3,2,4,1,1,2,3,3,1,2,3,2,2,1,2,2,2,4,2,2,1,3,3,2,1,1,2,2,3,3,3,2,3,1,4,4,4,1,4,2,2,4,4,3,1,3,1,3,2,1,4,1,1,3,4,3,4,3,1,3,3,1,1,1,4,1,3,3,1,1,3,1,1,4,1,4,2,4,1,1,3,1,1,1,4,4,2,4,3,4,1,4,1,3,2,2,2,2,1,1,4,1,2,1,3,3,3,2,4,1,4,1,2,3,2,3,4,4,2,2,1,4,3,4,1,2,3,1,2,3,1,2,4,2,2,1,1,1,2,2,4,1,4,3,4,1,3,2,2,3,1,4,2,3,4,4,2,1,1,3,3,1,3,1,2,4,3,2,1,3,2,3,2,1,4,2,1,3,4,4,3,4,3,3,1,3,1,2,2,3,1,2,1,2,3,2,3,3,2,3,1,1,1,4,2,2,4,2,1,4,4,1,2,3,3,2,3,4,3,2,2,2,4,2,3,2,2,2,4,4,4,4,1,1,3,2,4,4,2,2,1,2,1,2,2,4,4,1,2,4,1,4,3,1,3,2,1,3,2,1,2,3,1,2,2,4,3,1,1,2,3,2,2,1,2,1,1,4,1,4,2,1,1,4,4,1,3,3,4,1,2,2,3,3,2,4,1,3,1,4,4,3,4,2,4,3,4,4,3,3,1,2,3,4,1,4,2,4,1,2,4,1,4,2,4,4,1,4,3,2,1,3,3,2,1,3,4,3,2,3,1,3,3,2,3,3,1,2,2,2,2,4,4,4,2,2,4,2,3,1,2,3,3,4,1,2,2,1,3,2,2,1,3,3,3,2,3,1,4,4,1,1,1,3,1,2,4,2,2,3,3,4,3,3,4,1,4,4,1,1,4,1,1,4,1,2,3,3,4,3,2,1,4,3,2,1,1,2,3,4,1,4,1,1,1,3,3,2,4,4,2,3,4,2,1,4,3,4,1,3,3,2,3,2,3,1,1,1,1,1,4,1,3,2,4,3,1,1,3,4,2,2,2,2,1,4,1,4,2,3,3,1,3,1,1,4,2,2,2,2,4,2,2,3,2,2,1,1,2,1,3,3,3,4,3,2,3,3,3,3,1,3,3,1,1,4,2,4,1,1,1,4,3,2,2,3,2,3,4,1,3,3,1,1,2,3,1,2,4,3,4,1,1,3,4,1,3,3,3,1,1,3,2,3,3,3,2,4,1,1,4,3,3,1,3,4,1,2,3,4,1,1,2,3,2,4,1,1,2,2,2,3,1,3,4,3,2,4,4,3,3,2,2,4,2,1,1,4,3,3,1,3,2,1,4,3,4,4,3,3,1,1,4,4,1,4,2,3,3,2,1,1,4,4,1,4,2,3,2,3,3,4,4,3,4,2,1,4,4,4,1,2,3,2,4,1,2,4,4,3,1,3,2,3,2,4,1,1,4,1,3,2,2,2,3,2,1,2,3,1,4,1,3,1,2,3,4,2,3,3,4,4,3,4,4,2,3,1,2,3,3,2,4,1,1,3,3,1,3,1,4,1,1,1,3,4,2,2,1,3,2,2,1,1,3,2,1,4,4,4,1,3,4,4,4,1,1,1,4,1,1,3,1,2,1,1,2,2,1,3,4,2,3,1,1,2,2,3,1,2,2,4,2,3,1,2,4,2,1,1,1,4,1,1,2,2,3,2,1,1,3,1,3,3,1,2,2,2,3,2,3,4,3,1,1,2,1,2,4,3,1,2,4,1,3,4,3,4,4,3,2,3,3,1,3,3,1,2,3,1,2,2,3,2,3,2,2,2,3,2,4,1,1,4,2,1,4,2,3,3,1,1,4,1,2,4,2,1,3,2,4,3,1,2,1,2,3,4,1,3,3,4,4,3,2,3,3,2,1,3,2,1,2,2,2,1,1,3,3,3,3,3,1,4,2,3,2,2,3,2,2,4,2,2,4,2,2,2,2,2,2,1,4,1,1,4,4,2,3,3,1,2,3,4,4,3,2,2,1,4,2,4,1,2,2,3,4,2,1,4,2,4,1,3,3,1,4,1,3,4,4,2,2,2,2,2,1,1,4,4,2,3,3,4,4,4,2,4,2,1,4,3,2,1,1,2,2,1,1,1,2,4,1,1,3,4,2,1,2,4,4,4,3,1,4,2,3,4,4,2,3,2,1,4,2,3,1,4,4,3,2,2,4,1,2,3,4,1,3,1,1,4,1,2,2,1,4,4,1,2,2,4,4,3,3,1,1,4,4,3,1"
67,0.9875909492720556,0.4509803921568627,2338.0,"3,1,1,3,1,3,4,4,4,3,1,1,1,1,1,1,3,2,1,3,3,3,3,1,4,4,3,2,1,2,4,2,3,2,1,3,1,4,4,1,2,2,1,3,1,2,4,4,1,2,4,1,2,1,4,2,3,4,3,4,3,3,1,1,2,1,1,2,1,4,3,3,1,1,2,1,4,3,2,2,2,1,1,1,2,2,3,3,1,1,3,4,3,1,1,1,1,3,1,1,3,4,3,1,1,2,1,4,1,3,1,1,2,1,1,3,4,2,4,4,1,2,3,4,1,3,4,1,4,2,2,1,3,1,4,3,2,3,2,3,3,3,4,4,1,1,2,4,2,1,2,1,4,3,4,2,2,4,4,1,2,2,4,3,2,3,4,4,1,2,3,1,2,1,4,2,1,1,3,1,2,2,3,2,4,2,2,1,1,2,3,1,3,2,2,4,1,2,4,1,2,2,1,1,1,2,2,4,3,1,2,2,1,3,1,3,2,3,4,2,4,1,1,1,3,2,1,1,2,1,4,2,2,2,4,2,4,2,3,1,3,1,4,3,2,1,1,3,4,3,4,4,1,3,3,4,3,2,2,3,3,4,2,2,1,4,1,2,4,3,4,3,3,4,3,1,2,3,1,3,2,1,2,2,1,1,3,4,2,4,2,4,1,1,2,3,3,3,3,4,1,4,4,4,2,1,2,3,1,2,2,4,2,2,3,3,2,2,2,4,4,4,3,1,4,4,2,4,1,3,4,3,4,3,3,4,4,3,1,1,1,1,4,2,3,1,1,2,2,4,3,3,2,2,2,4,3,2,1,3,3,1,1,3,3,2,4,4,2,1,1,1,1,2,3,2,1,2,4,4,1,2,4,3,1,2,1,4,3,4,1,3,2,4,3,1,2,1,1,2,3,3,2,2,1,1,4,2,4,2,4,1,1,3,4,2,4,1,3,4,1,2,3,1,2,4,2,2,2,3,1,1,2,4,4,1,4,2,1,1,4,1,3,2,3,1,4,3,3,3,4,4,1,4,3,1,4,2,4,4,1,1,1,2,2,4,4,1,1,2,2,1,4,2,1,1,1,2,4,2,4,2,1,1,3,1,4,1,3,1,1,2,4,3,2,3,1,3,2,1,2,4,4,4,3,4,3,3,2,1,1,2,4,2,2,1,3,2,2,3,1,4,2,4,4,2,4,2,3,3,3,3,1,3,2,2,2,4,2,1,1,1,1,1,1,3,1,4,1,2,2,4,1,3,3,3,3,1,4,3,1,1,1,1,1,2,1,1,1,2,2,4,4,1,3,1,4,3,3,4,1,4,3,2,1,4,4,4,2,2,1,1,1,4,2,1,2,3,1,2,1,2,2,4,3,1,2,1,2,3,2,2,1,3,2,1,2,1,3,4,3,1,3,1,1,3,4,3,1,4,1,4,3,3,1,4,1,4,1,3,2,1,2,3,2,4,2,1,2,4,3,4,1,4,2,2,4,2,2,1,1,1,3,3,1,4,4,4,1,3,2,4,1,1,2,3,3,1,2,3,2,2,1,2,2,2,4,2,2,1,3,3,2,1,1,2,2,3,3,3,2,3,1,4,4,4,1,4,2,2,4,4,3,1,3,1,3,2,1,4,1,1,3,4,3,4,3,1,3,3,1,1,1,4,1,3,3,1,1,3,1,1,4,1,4,2,4,1,1,3,1,1,1,4,4,2,4,3,4,1,4,1,3,2,2,2,2,1,1,4,1,2,1,3,3,3,2,4,1,4,1,2,3,2,3,4,4,2,2,1,4,3,4,1,2,3,1,2,3,1,2,4,2,2,1,1,1,2,2,4,1,4,3,4,1,3,2,2,3,1,4,2,3,4,4,2,1,1,3,3,1,3,1,2,4,3,2,1,3,2,3,2,1,4,2,1,3,4,4,3,4,3,3,1,3,1,2,2,3,1,2,1,2,3,2,3,3,2,3,1,1,1,4,2,2,4,2,1,4,4,1,2,3,3,2,3,4,3,2,2,2,4,2,3,2,2,2,4,4,4,4,1,1,3,2,4,4,2,2,1,2,1,2,2,4,4,1,2,4,1,4,3,1,3,2,1,3,2,1,2,3,1,2,2,4,3,1,1,2,3,2,2,1,2,1,1,4,1,4,2,1,1,4,4,1,3,3,4,1,2,2,3,3,2,4,1,3,1,4,4,3,4,2,4,3,4,4,3,3,1,2,3,4,1,4,2,4,1,2,4,1,4,2,4,4,1,4,3,2,1,3,3,2,1,3,4,3,2,3,1,3,3,2,3,3,1,2,2,2,2,4,4,4,2,2,4,2,3,1,2,3,3,4,1,2,2,1,3,2,2,1,3,3,3,2,3,1,4,4,1,1,1,3,1,2,4,2,2,3,3,4,3,3,4,1,4,4,1,1,4,1,1,4,1,2,3,3,4,3,2,1,4,3,2,1,1,2,3,4,1,4,1,1,1,3,3,2,4,4,2,3,4,2,1,4,3,4,1,3,3,2,3,2,3,1,1,1,1,1,4,1,3,2,4,3,1,1,3,4,2,2,2,2,1,4,1,4,2,3,3,1,3,1,1,4,2,2,2,2,4,2,2,3,2,2,1,1,2,1,3,3,3,4,3,2,3,3,3,3,1,3,3,1,1,4,2,4,1,1,1,4,3,2,2,3,2,3,4,1,3,3,1,1,2,3,1,2,4,3,4,1,1,3,4,1,3,3,3,1,1,3,2,3,3,3,2,4,1,1,4,3,3,1,3,4,1,2,3,4,1,1,2,3,2,4,1,1,2,2,2,3,1,3,4,3,2,4,4,3,3,2,2,4,2,1,1,4,3,3,1,3,2,1,4,3,4,4,3,3,1,1,4,4,1,4,2,3,3,2,1,1,4,4,1,4,2,3,2,3,3,4,4,3,4,2,1,4,4,4,1,2,3,2,4,1,2,4,4,3,1,3,2,3,2,4,1,1,4,1,3,2,2,2,3,2,1,2,3,1,4,1,3,1,2,3,4,2,3,3,4,4,3,4,4,2,3,1,2,3,3,2,4,1,1,3,3,1,3,1,4,1,1,1,3,4,2,2,1,3,2,2,1,1,3,2,1,4,4,4,1,3,4,4,4,1,1,1,4,1,1,3,1,2,1,1,2,2,1,3,4,2,3,1,1,2,2,3,1,2,2,4,2,3,1,2,4,2,1,1,1,4,1,1,2,2,3,2,1,1,3,1,3,3,1,2,2,2,3,2,3,4,3,1,1,2,1,2,4,3,1,2,4,1,3,4,3,4,4,3,2,3,3,1,3,3,1,2,3,1,2,2,3,2,3,2,2,2,3,2,4,1,1,4,2,1,4,2,3,3,1,1,4,1,2,4,2,1,3,2,4,3,1,2,1,2,3,4,1,3,3,4,4,3,2,3,3,2,1,3,2,1,2,2,2,1,1,3,3,3,3,3,1,4,2,3,2,2,3,2,2,4,2,2,4,2,2,2,2,2,2,1,4,1,1,4,4,2,3,3,1,2,3,4,4,3,2,2,1,4,2,4,1,2,2,3,4,2,1,4,2,4,1,3,3,1,4,1,3,4,4,2,2,2,2,2,1,1,4,4,2,3,3,4,4,4,2,4,2,1,4,3,2,1,1,2,2,1,1,1,2,4,1,1,3,4,2,1,2,4,4,4,3,1,4,2,3,4,4,2,3,2,1,4,2,3,1,4,4,3,2,2,4,1,2,3,4,1,3,1,1,4,1,2,2,1,4,4,1,2,2,4,4,3,3,1,1,4,4,3,1"
68,0.9875909492720556,0.4509803921568627,2338.0,"3,1,1,3,1,3,4,4,4,3,1,1,1,1,1,1,3,2,1,3,3,3,3,1,4,4,3,2,1,2,4,2,3,2,1,3,1,4,4,1,2,2,1,3,1,2,4,4,1,2,4,1,2,1,4,2,3,4,3,4,3,3,1,1,2,1,1,2,1,4,3,3,1,1,2,1,4,3,2,2,2,1,1,1,2,2,3,3,1,1,3,4,3,1,1,1,1,3,1,1,3,4,3,1,1,2,1,4,1,3,1,1,2,1,1,3,4,2,4,4,1,2,3,4,1,3,4,1,4,2,2,1,3,1,4,3,2,3,2,3,3,3,4,4,1,1,2,4,2,1,2,1,4,3,4,2,2,4,4,1,2,2,4,3,2,3,4,4,1,2,3,1,2,1,4,2,1,1,3,1,2,2,3,2,4,2,2,1,1,2,3,1,3,2,2,4,1,2,4,1,2,2,1,1,1,2,2,4,3,1,2,2,1,3,1,3,2,3,4,2,4,1,1,1,3,2,1,1,2,1,4,2,2,2,4,2,4,2,3,1,3,1,4,3,2,1,1,3,4,3,4,4,1,3,3,4,3,2,2,3,3,4,2,2,1,4,1,2,4,3,4,3,3,4,3,1,2,3,1,3,2,1,2,2,1,1,3,4,2,4,2,4,1,1,2,3,3,3,3,4,1,4,4,4,2,1,2,3,1,2,2,4,2,2,3,3,2,2,2,4,4,4,3,1,4,4,2,4,1,3,4,3,4,3,3,4,4,3,1,1,1,1,4,2,3,1,1,2,2,4,3,3,2,2,2,4,3,2,1,3,3,1,1,3,3,2,4,4,2,1,1,1,1,2,3,2,1,2,4,4,1,2,4,3,1,2,1,4,3,4,1,3,2,4,3,1,2,1,1,2,3,3,2,2,1,1,4,2,4,2,4,1,1,3,4,2,4,1,3,4,1,2,3,1,2,4,2,2,2,3,1,1,2,4,4,1,4,2,1,1,4,1,3,2,3,1,4,3,3,3,4,4,1,4,3,1,4,2,4,4,1,1,1,2,2,4,4,1,1,2,2,1,4,2,1,1,1,2,4,2,4,2,1,1,3,1,4,1,3,1,1,2,4,3,2,3,1,3,2,1,2,4,4,4,3,4,3,3,2,1,1,2,4,2,2,1,3,2,2,3,1,4,2,4,4,2,4,2,3,3,3,3,1,3,2,2,2,4,2,1,1,1,1,1,1,3,1,4,1,2,2,4,1,3,3,3,3,1,4,3,1,1,1,1,1,2,1,1,1,2,2,4,4,1,3,1,4,3,3,4,1,4,3,2,1,4,4,4,2,2,1,1,1,4,2,1,2,3,1,2,1,2,2,4,3,1,2,1,2,3,2,2,1,3,2,1,2,1,3,4,3,1,3,1,1,3,4,3,1,4,1,4,3,3,1,4,1,4,1,3,2,1,2,3,2,4,2,1,2,4,3,4,1,4,2,2,4,2,2,1,1,1,3,3,1,4,4,4,1,3,2,4,1,1,2,3,3,1,2,3,2,2,1,2,2,2,4,2,2,1,3,3,2,1,1,2,2,3,3,3,2,3,1,4,4,4,1,4,2,2,4,4,3,1,3,1,3,2,1,4,1,1,3,4,3,4,3,1,3,3,1,1,1,4,1,3,3,1,1,3,1,1,4,1,4,2,4,1,1,3,1,1,1,4,4,2,4,3,4,1,4,1,3,2,2,2,2,1,1,4,1,2,1,3,3,3,2,4,1,4,1,2,3,2,3,4,4,2,2,1,4,3,4,1,2,3,1,2,3,1,2,4,2,2,1,1,1,2,2,4,1,4,3,4,1,3,2,2,3,1,4,2,3,4,4,2,1,1,3,3,1,3,1,2,4,3,2,1,3,2,3,2,1,4,2,1,3,4,4,3,4,3,3,1,3,1,2,2,3,1,2,1,2,3,2,3,3,2,3,1,1,1,4,2,2,4,2,1,4,4,1,2,3,3,2,3,4,3,2,2,2,4,2,3,2,2,2,4,4,4,4,1,1,3,2,4,4,2,2,1,2,1,2,2,4,4,1,2,4,1,4,3,1,3,2,1,3,2,1,2,3,1,2,2,4,3,1,1,2,3,2,2,1,2,1,1,4,1,4,2,1,1,4,4,1,3,3,4,1,2,2,3,3,2,4,1,3,1,4,4,3,4,2,4,3,4,4,3,3,1,2,3,4,1,4,2,4,1,2,4,1,4,2,4,4,1,4,3,2,1,3,3,2,1,3,4,3,2,3,1,3,3,2,3,3,1,2,2,2,2,4,4,4,2,2,4,2,3,1,2,3,3,4,1,2,2,1,3,2,2,1,3,3,3,2,3,1,4,4,1,1,1,3,1,2,4,2,2,3,3,4,3,3,4,1,4,4,1,1,4,1,1,4,1,2,3,3,4,3,2,1,4,3,2,1,1,2,3,4,1,4,1,1,1,3,3,2,4,4,2,3,4,2,1,4,3,4,1,3,3,2,3,2,3,1,1,1,1,1,4,1,3,2,4,3,1,1,3,4,2,2,2,2,1,4,1,4,2,3,3,1,3,1,1,4,2,2,2,2,4,2,2,3,2,2,1,1,2,1,3,3,3,4,3,2,3,3,3,3,1,3,3,1,1,4,2,4,1,1,1,4,3,2,2,3,2,3,4,1,3,3,1,1,2,3,1,2,4,3,4,1,1,3,4,1,3,3,3,1,1,3,2,3,3,3,2,4,1,1,4,3,3,1,3,4,1,2,3,4,1,1,2,3,2,4,1,1,2,2,2,3,1,3,4,3,2,4,4,3,3,2,2,4,2,1,1,4,3,3,1,3,2,1,4,3,4,4,3,3,1,1,4,4,1,4,2,3,3,2,1,1,4,4,1,4,2,3,2,3,3,4,4,3,4,2,1,4,4,4,1,2,3,2,4,1,2,4,4,3,1,3,2,3,2,4,1,1,4,1,3,2,2,2,3,2,1,2,3,1,4,1,3,1,2,3,4,2,3,3,4,4,3,4,4,2,3,1,2,3,3,2,4,1,1,3,3,1,3,1,4,1,1,1,3,4,2,2,1,3,2,2,1,1,3,2,1,4,4,4,1,3,4,4,4,1,1,1,4,1,1,3,1,2,1,1,2,2,1,3,4,2,3,1,1,2,2,3,1,2,2,4,2,3,1,2,4,2,1,1,1,4,1,1,2,2,3,2,1,1,3,1,3,3,1,2,2,2,3,2,3,4,3,1,1,2,1,2,4,3,1,2,4,1,3,4,3,4,4,3,2,3,3,1,3,3,1,2,3,1,2,2,3,2,3,2,2,2,3,2,4,1,1,4,2,1,4,2,3,3,1,1,4,1,2,4,2,1,3,2,4,3,1,2,1,2,3,4,1,3,3,4,4,3,2,3,3,2,1,3,2,1,2,2,2,1,1,3,3,3,3,3,1,4,2,3,2,2,3,2,2,4,2,2,4,2,2,2,2,2,2,1,4,1,1,4,4,2,3,3,1,2,3,4,4,3,2,2,1,4,2,4,1,2,2,3,4,2,1,4,2,4,1,3,3,1,4,1,3,4,4,2,2,2,2,2,1,1,4,4,2,3,3,4,4,4,2,4,2,1,4,3,2,1,1,2,2,1,1,1,2,4,1,1,3,4,2,1,2,4,4,4,3,1,4,2,3,4,4,2,3,2,1,4,2,3,1,4,4,3,2,2,4,1,2,3,4,1,3,1,1,4,1,2,2,1,4,4,1,2,2,4,4,3,3,1,1,4,4,3,1"
69,0.9875909492720556,0.4509803921568627,2338.0,"3,1,1,3,1,3,4,4,4,3,1,1,1,1,1,1,3,2,1,3,3,3,3,1,4,4,3,2,1,2,4,2,3,2,1,3,1,4,4,1,2,2,1,3,1,2,4,4,1,2,4,1,2,1,4,2,3,4,3,4,3,3,1,1,2,1,1,2,1,4,3,3,1,1,2,1,4,3,2,2,2,1,1,1,2,2,3,3,1,1,3,4,3,1,1,1,1,3,1,1,3,4,3,1,1,2,1,4,1,3,1,1,2,1,1,3,4,2,4,4,1,2,3,4,1,3,4,1,4,2,2,1,3,1,4,3,2,3,2,3,3,3,4,4,1,1,2,4,2,1,2,1,4,3,4,2,2,4,4,1,2,2,4,3,2,3,4,4,1,2,3,1,2,1,4,2,1,1,3,1,2,2,3,2,4,2,2,1,1,2,3,1,3,2,2,4,1,2,4,1,2,2,1,1,1,2,2,4,3,1,2,2,1,3,1,3,2,3,4,2,4,1,1,1,3,2,1,1,2,1,4,2,2,2,4,2,4,2,3,1,3,1,4,3,2,1,1,3,4,3,4,4,1,3,3,4,3,2,2,3,3,4,2,2,1,4,1,2,4,3,4,3,3,4,3,1,2,3,1,3,2,1,2,2,1,1,3,4,2,4,2,4,1,1,2,3,3,3,3,4,1,4,4,4,2,1,2,3,1,2,2,4,2,2,3,3,2,2,2,4,4,4,3,1,4,4,2,4,1,3,4,3,4,3,3,4,4,3,1,1,1,1,4,2,3,1,1,2,2,4,3,3,2,2,2,4,3,2,1,3,3,1,1,3,3,2,4,4,2,1,1,1,1,2,3,2,1,2,4,4,1,2,4,3,1,2,1,4,3,4,1,3,2,4,3,1,2,1,1,2,3,3,2,2,1,1,4,2,4,2,4,1,1,3,4,2,4,1,3,4,1,2,3,1,2,4,2,2,2,3,1,1,2,4,4,1,4,2,1,1,4,1,3,2,3,1,4,3,3,3,4,4,1,4,3,1,4,2,4,4,1,1,1,2,2,4,4,1,1,2,2,1,4,2,1,1,1,2,4,2,4,2,1,1,3,1,4,1,3,1,1,2,4,3,2,3,1,3,2,1,2,4,4,4,3,4,3,3,2,1,1,2,4,2,2,1,3,2,2,3,1,4,2,4,4,2,4,2,3,3,3,3,1,3,2,2,2,4,2,1,1,1,1,1,1,3,1,4,1,2,2,4,1,3,3,3,3,1,4,3,1,1,1,1,1,2,1,1,1,2,2,4,4,1,3,1,4,3,3,4,1,4,3,2,1,4,4,4,2,2,1,1,1,4,2,1,2,3,1,2,1,2,2,4,3,1,2,1,2,3,2,2,1,3,2,1,2,1,3,4,3,1,3,1,1,3,4,3,1,4,1,4,3,3,1,4,1,4,1,3,2,1,2,3,2,4,2,1,2,4,3,4,1,4,2,2,4,2,2,1,1,1,3,3,1,4,4,4,1,3,2,4,1,1,2,3,3,1,2,3,2,2,1,2,2,2,4,2,2,1,3,3,2,1,1,2,2,3,3,3,2,3,1,4,4,4,1,4,2,2,4,4,3,1,3,1,3,2,1,4,1,1,3,4,3,4,3,1,3,3,1,1,1,4,1,3,3,1,1,3,1,1,4,1,4,2,4,1,1,3,1,1,1,4,4,2,4,3,4,1,4,1,3,2,2,2,2,1,1,4,1,2,1,3,3,3,2,4,1,4,1,2,3,2,3,4,4,2,2,1,4,3,4,1,2,3,1,2,3,1,2,4,2,2,1,1,1,2,2,4,1,4,3,4,1,3,2,2,3,1,4,2,3,4,4,2,1,1,3,3,1,3,1,2,4,3,2,1,3,2,3,2,1,4,2,1,3,4,4,3,4,3,3,1,3,1,2,2,3,1,2,1,2,3,2,3,3,2,3,1,1,1,4,2,2,4,2,1,4,4,1,2,3,3,2,3,4,3,2,2,2,4,2,3,2,2,2,4,4,4,4,1,1,3,2,4,4,2,2,1,2,1,2,2,4,4,1,2,4,1,4,3,1,3,2,1,3,2,1,2,3,1,2,2,4,3,1,1,2,3,2,2,1,2,1,1,4,1,4,2,1,1,4,4,1,3,3,4,1,2,2,3,3,2,4,1,3,1,4,4,3,4,2,4,3,4,4,3,3,1,2,3,4,1,4,2,4,1,2,4,1,4,2,4,4,1,4,3,2,1,3,3,2,1,3,4,3,2,3,1,3,3,2,3,3,1,2,2,2,2,4,4,4,2,2,4,2,3,1,2,3,3,4,1,2,2,1,3,2,2,1,3,3,3,2,3,1,4,4,1,1,1,3,1,2,4,2,2,3,3,4,3,3,4,1,4,4,1,1,4,1,1,4,1,2,3,3,4,3,2,1,4,3,2,1,1,2,3,4,1,4,1,1,1,3,3,2,4,4,2,3,4,2,1,4,3,4,1,3,3,2,3,2,3,1,1,1,1,1,4,1,3,2,4,3,1,1,3,4,2,2,2,2,1,4,1,4,2,3,3,1,3,1,1,4,2,2,2,2,4,2,2,3,2,2,1,1,2,1,3,3,3,4,3,2,3,3,3,3,1,3,3,1,1,4,2,4,1,1,1,4,3,2,2,3,2,3,4,1,3,3,1,1,2,3,1,2,4,3,4,1,1,3,4,1,3,3,3,1,1,3,2,3,3,3,2,4,1,1,4,3,3,1,3,4,1,2,3,4,1,1,2,3,2,4,1,1,2,2,2,3,1,3,4,3,2,4,4,3,3,2,2,4,2,1,1,4,3,3,1,3,2,1,4,3,4,4,3,3,1,1,4,4,1,4,2,3,3,2,1,1,4,4,1,4,2,3,2,3,3,4,4,3,4,2,1,4,4,4,1,2,3,2,4,1,2,4,4,3,1,3,2,3,2,4,1,1,4,1,3,2,2,2,3,2,1,2,3,1,4,1,3,1,2,3,4,2,3,3,4,4,3,4,4,2,3,1,2,3,3,2,4,1,1,3,3,1,3,1,4,1,1,1,3,4,2,2,1,3,2,2,1,1,3,2,1,4,4,4,1,3,4,4,4,1,1,1,4,1,1,3,1,2,1,1,2,2,1,3,4,2,3,1,1,2,2,3,1,2,2,4,2,3,1,2,4,2,1,1,1,4,1,1,2,2,3,2,1,1,3,1,3,3,1,2,2,2,3,2,3,4,3,1,1,2,1,2,4,3,1,2,4,1,3,4,3,4,4,3,2,3,3,1,3,3,1,2,3,1,2,2,3,2,3,2,2,2,3,2,4,1,1,4,2,1,4,2,3,3,1,1,4,1,2,4,2,1,3,2,4,3,1,2,1,2,3,4,1,3,3,4,4,3,2,3,3,2,1,3,2,1,2,2,2,1,1,3,3,3,3,3,1,4,2,3,2,2,3,2,2,4,2,2,4,2,2,2,2,2,2,1,4,1,1,4,4,2,3,3,1,2,3,4,4,3,2,2,1,4,2,4,1,2,2,3,4,2,1,4,2,4,1,3,3,1,4,1,3,4,4,2,2,2,2,2,1,1,4,4,2,3,3,4,4,4,2,4,2,1,4,3,2,1,1,2,2,1,1,1,2,4,1,1,3,4,2,1,2,4,4,4,3,1,4,2,3,4,4,2,3,2,1,4,2,3,1,4,4,3,2,2,4,1,2,3,4,1,3,1,1,4,1,2,2,1,4,4,1,2,2,4,4,3,3,1,1,4,4,3,1"
70,0.9875909492720556,0.4509803921568627,2338.0,"3,1,1,3,1,3,4,4,4,3,1,1,1,1,1,1,3,2,1,3,3,3,3,1,4,4,3,2,1,2,4,2,3,2,1,3,1,4,4,1,2,2,1,3,1,2,4,4,1,2,4,1,2,1,4,2,3,4,3,4,3,3,1,1,2,1,1,2,1,4,3,3,1,1,2,1,4,3,2,2,2,1,1,1,2,2,3,3,1,1,3,4,3,1,1,1,1,3,1,1,3,4,3,1,1,2,1,4,1,3,1,1,2,1,1,3,4,2,4,4,1,2,3,4,1,3,4,1,4,2,2,1,3,1,4,3,2,3,2,3,3,3,4,4,1,1,2,4,2,1,2,1,4,3,4,2,2,4,4,1,2,2,4,3,2,3,4,4,1,2,3,1,2,1,4,2,1,1,3,1,2,2,3,2,4,2,2,1,1,2,3,1,3,2,2,4,1,2,4,1,2,2,1,1,1,2,2,4,3,1,2,2,1,3,1,3,2,3,4,2,4,1,1,1,3,2,1,1,2,1,4,2,2,2,4,2,4,2,3,1,3,1,4,3,2,1,1,3,4,3,4,4,1,3,3,4,3,2,2,3,3,4,2,2,1,4,1,2,4,3,4,3,3,4,3,1,2,3,1,3,2,1,2,2,1,1,3,4,2,4,2,4,1,1,2,3,3,3,3,4,1,4,4,4,2,1,2,3,1,2,2,4,2,2,3,3,2,2,2,4,4,4,3,1,4,4,2,4,1,3,4,3,4,3,3,4,4,3,1,1,1,1,4,2,3,1,1,2,2,4,3,3,2,2,2,4,3,2,1,3,3,1,1,3,3,2,4,4,2,1,1,1,1,2,3,2,1,2,4,4,1,2,4,3,1,2,1,4,3,4,1,3,2,4,3,1,2,1,1,2,3,3,2,2,1,1,4,2,4,2,4,1,1,3,4,2,4,1,3,4,1,2,3,1,2,4,2,2,2,3,1,1,2,4,4,1,4,2,1,1,4,1,3,2,3,1,4,3,3,3,4,4,1,4,3,1,4,2,4,4,1,1,1,2,2,4,4,1,1,2,2,1,4,2,1,1,1,2,4,2,4,2,1,1,3,1,4,1,3,1,1,2,4,3,2,3,1,3,2,1,2,4,4,4,3,4,3,3,2,1,1,2,4,2,2,1,3,2,2,3,1,4,2,4,4,2,4,2,3,3,3,3,1,3,2,2,2,4,2,1,1,1,1,1,1,3,1,4,1,2,2,4,1,3,3,3,3,1,4,3,1,1,1,1,1,2,1,1,1,2,2,4,4,1,3,1,4,3,3,4,1,4,3,2,1,4,4,4,2,2,1,1,1,4,2,1,2,3,1,2,1,2,2,4,3,1,2,1,2,3,2,2,1,3,2,1,2,1,3,4,3,1,3,1,1,3,4,3,1,4,1,4,3,3,1,4,1,4,1,3,2,1,2,3,2,4,2,1,2,4,3,4,1,4,2,2,4,2,2,1,1,1,3,3,1,4,4,4,1,3,2,4,1,1,2,3,3,1,2,3,2,2,1,2,2,2,4,2,2,1,3,3,2,1,1,2,2,3,3,3,2,3,1,4,4,4,1,4,2,2,4,4,3,1,3,1,3,2,1,4,1,1,3,4,3,4,3,1,3,3,1,1,1,4,1,3,3,1,1,3,1,1,4,1,4,2,4,1,1,3,1,1,1,4,4,2,4,3,4,1,4,1,3,2,2,2,2,1,1,4,1,2,1,3,3,3,2,4,1,4,1,2,3,2,3,4,4,2,2,1,4,3,4,1,2,3,1,2,3,1,2,4,2,2,1,1,1,2,2,4,1,4,3,4,1,3,2,2,3,1,4,2,3,4,4,2,1,1,3,3,1,3,1,2,4,3,2,1,3,2,3,2,1,4,2,1,3,4,4,3,4,3,3,1,3,1,2,2,3,1,2,1,2,3,2,3,3,2,3,1,1,1,4,2,2,4,2,1,4,4,1,2,3,3,2,3,4,3,2,2,2,4,2,3,2,2,2,4,4,4,4,1,1,3,2,4,4,2,2,1,2,1,2,2,4,4,1,2,4,1,4,3,1,3,2,1,3,2,1,2,3,1,2,2,4,3,1,1,2,3,2,2,1,2,1,1,4,1,4,2,1,1,4,4,1,3,3,4,1,2,2,3,3,2,4,1,3,1,4,4,3,4,2,4,3,4,4,3,3,1,2,3,4,1,4,2,4,1,2,4,1,4,2,4,4,1,4,3,2,1,3,3,2,1,3,4,3,2,3,1,3,3,2,3,3,1,2,2,2,2,4,4,4,2,2,4,2,3,1,2,3,3,4,1,2,2,1,3,2,2,1,3,3,3,2,3,1,4,4,1,1,1,3,1,2,4,2,2,3,3,4,3,3,4,1,4,4,1,1,4,1,1,4,1,2,3,3,4,3,2,1,4,3,2,1,1,2,3,4,1,4,1,1,1,3,3,2,4,4,2,3,4,2,1,4,3,4,1,3,3,2,3,2,3,1,1,1,1,1,4,1,3,2,4,3,1,1,3,4,2,2,2,2,1,4,1,4,2,3,3,1,3,1,1,4,2,2,2,2,4,2,2,3,2,2,1,1,2,1,3,3,3,4,3,2,3,3,3,3,1,3,3,1,1,4,2,4,1,1,1,4,3,2,2,3,2,3,4,1,3,3,1,1,2,3,1,2,4,3,4,1,1,3,4,1,3,3,3,1,1,3,2,3,3,3,2,4,1,1,4,3,3,1,3,4,1,2,3,4,1,1,2,3,2,4,1,1,2,2,2,3,1,3,4,3,2,4,4,3,3,2,2,4,2,1,1,4,3,3,1,3,2,1,4,3,4,4,3,3,1,1,4,4,1,4,2,3,3,2,1,1,4,4,1,4,2,3,2,3,3,4,4,3,4,2,1,4,4,4,1,2,3,2,4,1,2,4,4,3,1,3,2,3,2,4,1,1,4,1,3,2,2,2,3,2,1,2,3,1,4,1,3,1,2,3,4,2,3,3,4,4,3,4,4,2,3,1,2,3,3,2,4,1,1,3,3,1,3,1,4,1,1,1,3,4,2,2,1,3,2,2,1,1,3,2,1,4,4,4,1,3,4,4,4,1,1,1,4,1,1,3,1,2,1,1,2,2,1,3,4,2,3,1,1,2,2,3,1,2,2,4,2,3,1,2,4,2,1,1,1,4,1,1,2,2,3,2,1,1,3,1,3,3,1,2,2,2,3,2,3,4,3,1,1,2,1,2,4,3,1,2,4,1,3,4,3,4,4,3,2,3,3,1,3,3,1,2,3,1,2,2,3,2,3,2,2,2,3,2,4,1,1,4,2,1,4,2,3,3,1,1,4,1,2,4,2,1,3,2,4,3,1,2,1,2,3,4,1,3,3,4,4,3,2,3,3,2,1,3,2,1,2,2,2,1,1,3,3,3,3,3,1,4,2,3,2,2,3,2,2,4,2,2,4,2,2,2,2,2,2,1,4,1,1,4,4,2,3,3,1,2,3,4,4,3,2,2,1,4,2,4,1,2,2,3,4,2,1,4,2,4,1,3,3,1,4,1,3,4,4,2,2,2,2,2,1,1,4,4,2,3,3,4,4,4,2,4,2,1,4,3,2,1,1,2,2,1,1,1,2,4,1,1,3,4,2,1,2,4,4,4,3,1,4,2,3,4,4,2,3,2,1,4,2,3,1,4,4,3,2,2,4,1,2,3,4,1,3,1,1,4,1,2,2,1,4,4,1,2,2,4,4,3,3,1,1,4,4,3,1"
71,0.9875909492720556,0.4509803921568627,2338.0,"3,1,1,3,1,3,4,4,4,3,1,1,1,1,1,1,3,2,1,3,3,3,3,1,4,4,3,2,1,2,4,2,3,2,1,3,1,4,4,1,2,2,1,3,1,2,4,4,1,2,4,1,2,1,4,2,3,4,3,4,3,3,1,1,2,1,1,2,1,4,3,3,1,1,2,1,4,3,2,2,2,1,1,1,2,2,3,3,1,1,3,4,3,1,1,1,1,3,1,1,3,4,3,1,1,2,1,4,1,3,1,1,2,1,1,3,4,2,4,4,1,2,3,4,1,3,4,1,4,2,2,1,3,1,4,3,2,3,2,3,3,3,4,4,1,1,2,4,2,1,2,1,4,3,4,2,2,4,4,1,2,2,4,3,2,3,4,4,1,2,3,1,2,1,4,2,1,1,3,1,2,2,3,2,4,2,2,1,1,2,3,1,3,2,2,4,1,2,4,1,2,2,1,1,1,2,2,4,3,1,2,2,1,3,1,3,2,3,4,2,4,1,1,1,3,2,1,1,2,1,4,2,2,2,4,2,4,2,3,1,3,1,4,3,2,1,1,3,4,3,4,4,1,3,3,4,3,2,2,3,3,4,2,2,1,4,1,2,4,3,4,3,3,4,3,1,2,3,1,3,2,1,2,2,1,1,3,4,2,4,2,4,1,1,2,3,3,3,3,4,1,4,4,4,2,1,2,3,1,2,2,4,2,2,3,3,2,2,2,4,4,4,3,1,4,4,2,4,1,3,4,3,4,3,3,4,4,3,1,1,1,1,4,2,3,1,1,2,2,4,3,3,2,2,2,4,3,2,1,3,3,1,1,3,3,2,4,4,2,1,1,1,1,2,3,2,1,2,4,4,1,2,4,3,1,2,1,4,3,4,1,3,2,4,3,1,2,1,1,2,3,3,2,2,1,1,4,2,4,2,4,1,1,3,4,2,4,1,3,4,1,2,3,1,2,4,2,2,2,3,1,1,2,4,4,1,4,2,1,1,4,1,3,2,3,1,4,3,3,3,4,4,1,4,3,1,4,2,4,4,1,1,1,2,2,4,4,1,1,2,2,1,4,2,1,1,1,2,4,2,4,2,1,1,3,1,4,1,3,1,1,2,4,3,2,3,1,3,2,1,2,4,4,4,3,4,3,3,2,1,1,2,4,2,2,1,3,2,2,3,1,4,2,4,4,2,4,2,3,3,3,3,1,3,2,2,2,4,2,1,1,1,1,1,1,3,1,4,1,2,2,4,1,3,3,3,3,1,4,3,1,1,1,1,1,2,1,1,1,2,2,4,4,1,3,1,4,3,3,4,1,4,3,2,1,4,4,4,2,2,1,1,1,4,2,1,2,3,1,2,1,2,2,4,3,1,2,1,2,3,2,2,1,3,2,1,2,1,3,4,3,1,3,1,1,3,4,3,1,4,1,4,3,3,1,4,1,4,1,3,2,1,2,3,2,4,2,1,2,4,3,4,1,4,2,2,4,2,2,1,1,1,3,3,1,4,4,4,1,3,2,4,1,1,2,3,3,1,2,3,2,2,1,2,2,2,4,2,2,1,3,3,2,1,1,2,2,3,3,3,2,3,1,4,4,4,1,4,2,2,4,4,3,1,3,1,3,2,1,4,1,1,3,4,3,4,3,1,3,3,1,1,1,4,1,3,3,1,1,3,1,1,4,1,4,2,4,1,1,3,1,1,1,4,4,2,4,3,4,1,4,1,3,2,2,2,2,1,1,4,1,2,1,3,3,3,2,4,1,4,1,2,3,2,3,4,4,2,2,1,4,3,4,1,2,3,1,2,3,1,2,4,2,2,1,1,1,2,2,4,1,4,3,4,1,3,2,2,3,1,4,2,3,4,4,2,1,1,3,3,1,3,1,2,4,3,2,1,3,2,3,2,1,4,2,1,3,4,4,3,4,3,3,1,3,1,2,2,3,1,2,1,2,3,2,3,3,2,3,1,1,1,4,2,2,4,2,1,4,4,1,2,3,3,2,3,4,3,2,2,2,4,2,3,2,2,2,4,4,4,4,1,1,3,2,4,4,2,2,1,2,1,2,2,4,4,1,2,4,1,4,3,1,3,2,1,3,2,1,2,3,1,2,2,4,3,1,1,2,3,2,2,1,2,1,1,4,1,4,2,1,1,4,4,1,3,3,4,1,2,2,3,3,2,4,1,3,1,4,4,3,4,2,4,3,4,4,3,3,1,2,3,4,1,4,2,4,1,2,4,1,4,2,4,4,1,4,3,2,1,3,3,2,1,3,4,3,2,3,1,3,3,2,3,3,1,2,2,2,2,4,4,4,2,2,4,2,3,1,2,3,3,4,1,2,2,1,3,2,2,1,3,3,3,2,3,1,4,4,1,1,1,3,1,2,4,2,2,3,3,4,3,3,4,1,4,4,1,1,4,1,1,4,1,2,3,3,4,3,2,1,4,3,2,1,1,2,3,4,1,4,1,1,1,3,3,2,4,4,2,3,4,2,1,4,3,4,1,3,3,2,3,2,3,1,1,1,1,1,4,1,3,2,4,3,1,1,3,4,2,2,2,2,1,4,1,4,2,3,3,1,3,1,1,4,2,2,2,2,4,2,2,3,2,2,1,1,2,1,3,3,3,4,3,2,3,3,3,3,1,3,3,1,1,4,2,4,1,1,1,4,3,2,2,3,2,3,4,1,3,3,1,1,2,3,1,2,4,3,4,1,1,3,4,1,3,3,3,1,1,3,2,3,3,3,2,4,1,1,4,3,3,1,3,4,1,2,3,4,1,1,2,3,2,4,1,1,2,2,2,3,1,3,4,3,2,4,4,3,3,2,2,4,2,1,1,4,3,3,1,3,2,1,4,3,4,4,3,3,1,1,4,4,1,4,2,3,3,2,1,1,4,4,1,4,2,3,2,3,3,4,4,3,4,2,1,4,4,4,1,2,3,2,4,1,2,4,4,3,1,3,2,3,2,4,1,1,4,1,3,2,2,2,3,2,1,2,3,1,4,1,3,1,2,3,4,2,3,3,4,4,3,4,4,2,3,1,2,3,3,2,4,1,1,3,3,1,3,1,4,1,1,1,3,4,2,2,1,3,2,2,1,1,3,2,1,4,4,4,1,3,4,4,4,1,1,1,4,1,1,3,1,2,1,1,2,2,1,3,4,2,3,1,1,2,2,3,1,2,2,4,2,3,1,2,4,2,1,1,1,4,1,1,2,2,3,2,1,1,3,1,3,3,1,2,2,2,3,2,3,4,3,1,1,2,1,2,4,3,1,2,4,1,3,4,3,4,4,3,2,3,3,1,3,3,1,2,3,1,2,2,3,2,3,2,2,2,3,2,4,1,1,4,2,1,4,2,3,3,1,1,4,1,2,4,2,1,3,2,4,3,1,2,1,2,3,4,1,3,3,4,4,3,2,3,3,2,1,3,2,1,2,2,2,1,1,3,3,3,3,3,1,4,2,3,2,2,3,2,2,4,2,2,4,2,2,2,2,2,2,1,4,1,1,4,4,2,3,3,1,2,3,4,4,3,2,2,1,4,2,4,1,2,2,3,4,2,1,4,2,4,1,3,3,1,4,1,3,4,4,2,2,2,2,2,1,1,4,4,2,3,3,4,4,4,2,4,2,1,4,3,2,1,1,2,2,1,1,1,2,4,1,1,3,4,2,1,2,4,4,4,3,1,4,2,3,4,4,2,3,2,1,4,2,3,1,4,4,3,2,2,4,1,2,3,4,1,3,1,1,4,1,2,2,1,4,4,1,2,2,4,4,3,3,1,1,4,4,3,1"
72,0.9875909492720556,0.4509803921568627,2338.0,"3,1,1,3,1,3,4,4,4,3,1,1,1,1,1,1,3,2,1,3,3,3,3,1,4,4,3,2,1,2,4,2,3,2,1,3,1,4,4,1,2,2,1,3,1,2,4,4,1,2,4,1,2,1,4,2,3,4,3,4,3,3,1,1,2,1,1,2,1,4,3,3,1,1,2,1,4,3,2,2,2,1,1,1,2,2,3,3,1,1,3,4,3,1,1,1,1,3,1,1,3,4,3,1,1,2,1,4,1,3,1,1,2,1,1,3,4,2,4,4,1,2,3,4,1,3,4,1,4,2,2,1,3,1,4,3,2,3,2,3,3,3,4,4,1,1,2,4,2,1,2,1,4,3,4,2,2,4,4,1,2,2,4,3,2,3,4,4,1,2,3,1,2,1,4,2,1,1,3,1,2,2,3,2,4,2,2,1,1,2,3,1,3,2,2,4,1,2,4,1,2,2,1,1,1,2,2,4,3,1,2,2,1,3,1,3,2,3,4,2,4,1,1,1,3,2,1,1,2,1,4,2,2,2,4,2,4,2,3,1,3,1,4,3,2,1,1,3,4,3,4,4,1,3,3,4,3,2,2,3,3,4,2,2,1,4,1,2,4,3,4,3,3,4,3,1,2,3,1,3,2,1,2,2,1,1,3,4,2,4,2,4,1,1,2,3,3,3,3,4,1,4,4,4,2,1,2,3,1,2,2,4,2,2,3,3,2,2,2,4,4,4,3,1,4,4,2,4,1,3,4,3,4,3,3,4,4,3,1,1,1,1,4,2,3,1,1,2,2,4,3,3,2,2,2,4,3,2,1,3,3,1,1,3,3,2,4,4,2,1,1,1,1,2,3,2,1,2,4,4,1,2,4,3,1,2,1,4,3,4,1,3,2,4,3,1,2,1,1,2,3,3,2,2,1,1,4,2,4,2,4,1,1,3,4,2,4,1,3,4,1,2,3,1,2,4,2,2,2,3,1,1,2,4,4,1,4,2,1,1,4,1,3,2,3,1,4,3,3,3,4,4,1,4,3,1,4,2,4,4,1,1,1,2,2,4,4,1,1,2,2,1,4,2,1,1,1,2,4,2,4,2,1,1,3,1,4,1,3,1,1,2,4,3,2,3,1,3,2,1,2,4,4,4,3,4,3,3,2,1,1,2,4,2,2,1,3,2,2,3,1,4,2,4,4,2,4,2,3,3,3,3,1,3,2,2,2,4,2,1,1,1,1,1,1,3,1,4,1,2,2,4,1,3,3,3,3,1,4,3,1,1,1,1,1,2,1,1,1,2,2,4,4,1,3,1,4,3,3,4,1,4,3,2,1,4,4,4,2,2,1,1,1,4,2,1,2,3,1,2,1,2,2,4,3,1,2,1,2,3,2,2,1,3,2,1,2,1,3,4,3,1,3,1,1,3,4,3,1,4,1,4,3,3,1,4,1,4,1,3,2,1,2,3,2,4,2,1,2,4,3,4,1,4,2,2,4,2,2,1,1,1,3,3,1,4,4,4,1,3,2,4,1,1,2,3,3,1,2,3,2,2,1,2,2,2,4,2,2,1,3,3,2,1,1,2,2,3,3,3,2,3,1,4,4,4,1,4,2,2,4,4,3,1,3,1,3,2,1,4,1,1,3,4,3,4,3,1,3,3,1,1,1,4,1,3,3,1,1,3,1,1,4,1,4,2,4,1,1,3,1,1,1,4,4,2,4,3,4,1,4,1,3,2,2,2,2,1,1,4,1,2,1,3,3,3,2,4,1,4,1,2,3,2,3,4,4,2,2,1,4,3,4,1,2,3,1,2,3,1,2,4,2,2,1,1,1,2,2,4,1,4,3,4,1,3,2,2,3,1,4,2,3,4,4,2,1,1,3,3,1,3,1,2,4,3,2,1,3,2,3,2,1,4,2,1,3,4,4,3,4,3,3,1,3,1,2,2,3,1,2,1,2,3,2,3,3,2,3,1,1,1,4,2,2,4,2,1,4,4,1,2,3,3,2,3,4,3,2,2,2,4,2,3,2,2,2,4,4,4,4,1,1,3,2,4,4,2,2,1,2,1,2,2,4,4,1,2,4,1,4,3,1,3,2,1,3,2,1,2,3,1,2,2,4,3,1,1,2,3,2,2,1,2,1,1,4,1,4,2,1,1,4,4,1,3,3,4,1,2,2,3,3,2,4,1,3,1,4,4,3,4,2,4,3,4,4,3,3,1,2,3,4,1,4,2,4,1,2,4,1,4,2,4,4,1,4,3,2,1,3,3,2,1,3,4,3,2,3,1,3,3,2,3,3,1,2,2,2,2,4,4,4,2,2,4,2,3,1,2,3,3,4,1,2,2,1,3,2,2,1,3,3,3,2,3,1,4,4,1,1,1,3,1,2,4,2,2,3,3,4,3,3,4,1,4,4,1,1,4,1,1,4,1,2,3,3,4,3,2,1,4,3,2,1,1,2,3,4,1,4,1,1,1,3,3,2,4,4,2,3,4,2,1,4,3,4,1,3,3,2,3,2,3,1,1,1,1,1,4,1,3,2,4,3,1,1,3,4,2,2,2,2,1,4,1,4,2,3,3,1,3,1,1,4,2,2,2,2,4,2,2,3,2,2,1,1,2,1,3,3,3,4,3,2,3,3,3,3,1,3,3,1,1,4,2,4,1,1,1,4,3,2,2,3,2,3,4,1,3,3,1,1,2,3,1,2,4,3,4,1,1,3,4,1,3,3,3,1,1,3,2,3,3,3,2,4,1,1,4,3,3,1,3,4,1,2,3,4,1,1,2,3,2,4,1,1,2,2,2,3,1,3,4,3,2,4,4,3,3,2,2,4,2,1,1,4,3,3,1,3,2,1,4,3,4,4,3,3,1,1,4,4,1,4,2,3,3,2,1,1,4,4,1,4,2,3,2,3,3,4,4,3,4,2,1,4,4,4,1,2,3,2,4,1,2,4,4,3,1,3,2,3,2,4,1,1,4,1,3,2,2,2,3,2,1,2,3,1,4,1,3,1,2,3,4,2,3,3,4,4,3,4,4,2,3,1,2,3,3,2,4,1,1,3,3,1,3,1,4,1,1,1,3,4,2,2,1,3,2,2,1,1,3,2,1,4,4,4,1,3,4,4,4,1,1,1,4,1,1,3,1,2,1,1,2,2,1,3,4,2,3,1,1,2,2,3,1,2,2,4,2,3,1,2,4,2,1,1,1,4,1,1,2,2,3,2,1,1,3,1,3,3,1,2,2,2,3,2,3,4,3,1,1,2,1,2,4,3,1,2,4,1,3,4,3,4,4,3,2,3,3,1,3,3,1,2,3,1,2,2,3,2,3,2,2,2,3,2,4,1,1,4,2,1,4,2,3,3,1,1,4,1,2,4,2,1,3,2,4,3,1,2,1,2,3,4,1,3,3,4,4,3,2,3,3,2,1,3,2,1,2,2,2,1,1,3,3,3,3,3,1,4,2,3,2,2,3,2,2,4,2,2,4,2,2,2,2,2,2,1,4,1,1,4,4,2,3,3,1,2,3,4,4,3,2,2,1,4,2,4,1,2,2,3,4,2,1,4,2,4,1,3,3,1,4,1,3,4,4,2,2,2,2,2,1,1,4,4,2,3,3,4,4,4,2,4,2,1,4,3,2,1,1,2,2,1,1,1,2,4,1,1,3,4,2,1,2,4,4,4,3,1,4,2,3,4,4,2,3,2,1,4,2,3,1,4,4,3,2,2,4,1,2,3,4,1,3,1,1,4,1,2,2,1,4,4,1,2,2,4,4,3,3,1,1,4,4,3,1"
73,0.9875909492720556,0.4509803921568627,2338.0,"3,1,1,3,1,3,4,4,4,3,1,1,1,1,1,1,3,2,1,3,3,3,3,1,4,4,3,2,1,2,4,2,3,2,1,3,1,4,4,1,2,2,1,3,1,2,4,4,1,2,4,1,2,1,4,2,3,4,3,4,3,3,1,1,2,1,1,2,1,4,3,3,1,1,2,1,4,3,2,2,2,1,1,1,2,2,3,3,1,1,3,4,3,1,1,1,1,3,1,1,3,4,3,1,1,2,1,4,1,3,1,1,2,1,1,3,4,2,4,4,1,2,3,4,1,3,4,1,4,2,2,1,3,1,4,3,2,3,2,3,3,3,4,4,1,1,2,4,2,1,2,1,4,3,4,2,2,4,4,1,2,2,4,3,2,3,4,4,1,2,3,1,2,1,4,2,1,1,3,1,2,2,3,2,4,2,2,1,1,2,3,1,3,2,2,4,1,2,4,1,2,2,1,1,1,2,2,4,3,1,2,2,1,3,1,3,2,3,4,2,4,1,1,1,3,2,1,1,2,1,4,2,2,2,4,2,4,2,3,1,3,1,4,3,2,1,1,3,4,3,4,4,1,3,3,4,3,2,2,3,3,4,2,2,1,4,1,2,4,3,4,3,3,4,3,1,2,3,1,3,2,1,2,2,1,1,3,4,2,4,2,4,1,1,2,3,3,3,3,4,1,4,4,4,2,1,2,3,1,2,2,4,2,2,3,3,2,2,2,4,4,4,3,1,4,4,2,4,1,3,4,3,4,3,3,4,4,3,1,1,1,1,4,2,3,1,1,2,2,4,3,3,2,2,2,4,3,2,1,3,3,1,1,3,3,2,4,4,2,1,1,1,1,2,3,2,1,2,4,4,1,2,4,3,1,2,1,4,3,4,1,3,2,4,3,1,2,1,1,2,3,3,2,2,1,1,4,2,4,2,4,1,1,3,4,2,4,1,3,4,1,2,3,1,2,4,2,2,2,3,1,1,2,4,4,1,4,2,1,1,4,1,3,2,3,1,4,3,3,3,4,4,1,4,3,1,4,2,4,4,1,1,1,2,2,4,4,1,1,2,2,1,4,2,1,1,1,2,4,2,4,2,1,1,3,1,4,1,3,1,1,2,4,3,2,3,1,3,2,1,2,4,4,4,3,4,3,3,2,1,1,2,4,2,2,1,3,2,2,3,1,4,2,4,4,2,4,2,3,3,3,3,1,3,2,2,2,4,2,1,1,1,1,1,1,3,1,4,1,2,2,4,1,3,3,3,3,1,4,3,1,1,1,1,1,2,1,1,1,2,2,4,4,1,3,1,4,3,3,4,1,4,3,2,1,4,4,4,2,2,1,1,1,4,2,1,2,3,1,2,1,2,2,4,3,1,2,1,2,3,2,2,1,3,2,1,2,1,3,4,3,1,3,1,1,3,4,3,1,4,1,4,3,3,1,4,1,4,1,3,2,1,2,3,2,4,2,1,2,4,3,4,1,4,2,2,4,2,2,1,1,1,3,3,1,4,4,4,1,3,2,4,1,1,2,3,3,1,2,3,2,2,1,2,2,2,4,2,2,1,3,3,2,1,1,2,2,3,3,3,2,3,1,4,4,4,1,4,2,2,4,4,3,1,3,1,3,2,1,4,1,1,3,4,3,4,3,1,3,3,1,1,1,4,1,3,3,1,1,3,1,1,4,1,4,2,4,1,1,3,1,1,1,4,4,2,4,3,4,1,4,1,3,2,2,2,2,1,1,4,1,2,1,3,3,3,2,4,1,4,1,2,3,2,3,4,4,2,2,1,4,3,4,1,2,3,1,2,3,1,2,4,2,2,1,1,1,2,2,4,1,4,3,4,1,3,2,2,3,1,4,2,3,4,4,2,1,1,3,3,1,3,1,2,4,3,2,1,3,2,3,2,1,4,2,1,3,4,4,3,4,3,3,1,3,1,2,2,3,1,2,1,2,3,2,3,3,2,3,1,1,1,4,2,2,4,2,1,4,4,1,2,3,3,2,3,4,3,2,2,2,4,2,3,2,2,2,4,4,4,4,1,1,3,2,4,4,2,2,1,2,1,2,2,4,4,1,2,4,1,4,3,1,3,2,1,3,2,1,2,3,1,2,2,4,3,1,1,2,3,2,2,1,2,1,1,4,1,4,2,1,1,4,4,1,3,3,4,1,2,2,3,3,2,4,1,3,1,4,4,3,4,2,4,3,4,4,3,3,1,2,3,4,1,4,2,4,1,2,4,1,4,2,4,4,1,4,3,2,1,3,3,2,1,3,4,3,2,3,1,3,3,2,3,3,1,2,2,2,2,4,4,4,2,2,4,2,3,1,2,3,3,4,1,2,2,1,3,2,2,1,3,3,3,2,3,1,4,4,1,1,1,3,1,2,4,2,2,3,3,4,3,3,4,1,4,4,1,1,4,1,1,4,1,2,3,3,4,3,2,1,4,3,2,1,1,2,3,4,1,4,1,1,1,3,3,2,4,4,2,3,4,2,1,4,3,4,1,3,3,2,3,2,3,1,1,1,1,1,4,1,3,2,4,3,1,1,3,4,2,2,2,2,1,4,1,4,2,3,3,1,3,1,1,4,2,2,2,2,4,2,2,3,2,2,1,1,2,1,3,3,3,4,3,2,3,3,3,3,1,3,3,1,1,4,2,4,1,1,1,4,3,2,2,3,2,3,4,1,3,3,1,1,2,3,1,2,4,3,4,1,1,3,4,1,3,3,3,1,1,3,2,3,3,3,2,4,1,1,4,3,3,1,3,4,1,2,3,4,1,1,2,3,2,4,1,1,2,2,2,3,1,3,4,3,2,4,4,3,3,2,2,4,2,1,1,4,3,3,1,3,2,1,4,3,4,4,3,3,1,1,4,4,1,4,2,3,3,2,1,1,4,4,1,4,2,3,2,3,3,4,4,3,4,2,1,4,4,4,1,2,3,2,4,1,2,4,4,3,1,3,2,3,2,4,1,1,4,1,3,2,2,2,3,2,1,2,3,1,4,1,3,1,2,3,4,2,3,3,4,4,3,4,4,2,3,1,2,3,3,2,4,1,1,3,3,1,3,1,4,1,1,1,3,4,2,2,1,3,2,2,1,1,3,2,1,4,4,4,1,3,4,4,4,1,1,1,4,1,1,3,1,2,1,1,2,2,1,3,4,2,3,1,1,2,2,3,1,2,2,4,2,3,1,2,4,2,1,1,1,4,1,1,2,2,3,2,1,1,3,1,3,3,1,2,2,2,3,2,3,4,3,1,1,2,1,2,4,3,1,2,4,1,3,4,3,4,4,3,2,3,3,1,3,3,1,2,3,1,2,2,3,2,3,2,2,2,3,2,4,1,1,4,2,1,4,2,3,3,1,1,4,1,2,4,2,1,3,2,4,3,1,2,1,2,3,4,1,3,3,4,4,3,2,3,3,2,1,3,2,1,2,2,2,1,1,3,3,3,3,3,1,4,2,3,2,2,3,2,2,4,2,2,4,2,2,2,2,2,2,1,4,1,1,4,4,2,3,3,1,2,3,4,4,3,2,2,1,4,2,4,1,2,2,3,4,2,1,4,2,4,1,3,3,1,4,1,3,4,4,2,2,2,2,2,1,1,4,4,2,3,3,4,4,4,2,4,2,1,4,3,2,1,1,2,2,1,1,1,2,4,1,1,3,4,2,1,2,4,4,4,3,1,4,2,3,4,4,2,3,2,1,4,2,3,1,4,4,3,2,2,4,1,2,3,4,1,3,1,1,4,1,2,2,1,4,4,1,2,2,4,4,3,3,1,1,4,4,3,1"
74,0.9875909492720556,0.4509803921568627,2338.0,"3,1,1,3,1,3,4,4,4,3,1,1,1,1,1,1,3,2,1,3,3,3,3,1,4,4,3,2,1,2,4,2,3,2,1,3,1,4,4,1,2,2,1,3,1,2,4,4,1,2,4,1,2,1,4,2,3,4,3,4,3,3,1,1,2,1,1,2,1,4,3,3,1,1,2,1,4,3,2,2,2,1,1,1,2,2,3,3,1,1,3,4,3,1,1,1,1,3,1,1,3,4,3,1,1,2,1,4,1,3,1,1,2,1,1,3,4,2,4,4,1,2,3,4,1,3,4,1,4,2,2,1,3,1,4,3,2,3,2,3,3,3,4,4,1,1,2,4,2,1,2,1,4,3,4,2,2,4,4,1,2,2,4,3,2,3,4,4,1,2,3,1,2,1,4,2,1,1,3,1,2,2,3,2,4,2,2,1,1,2,3,1,3,2,2,4,1,2,4,1,2,2,1,1,1,2,2,4,3,1,2,2,1,3,1,3,2,3,4,2,4,1,1,1,3,2,1,1,2,1,4,2,2,2,4,2,4,2,3,1,3,1,4,3,2,1,1,3,4,3,4,4,1,3,3,4,3,2,2,3,3,4,2,2,1,4,1,2,4,3,4,3,3,4,3,1,2,3,1,3,2,1,2,2,1,1,3,4,2,4,2,4,1,1,2,3,3,3,3,4,1,4,4,4,2,1,2,3,1,2,2,4,2,2,3,3,2,2,2,4,4,4,3,1,4,4,2,4,1,3,4,3,4,3,3,4,4,3,1,1,1,1,4,2,3,1,1,2,2,4,3,3,2,2,2,4,3,2,1,3,3,1,1,3,3,2,4,4,2,1,1,1,1,2,3,2,1,2,4,4,1,2,4,3,1,2,1,4,3,4,1,3,2,4,3,1,2,1,1,2,3,3,2,2,1,1,4,2,4,2,4,1,1,3,4,2,4,1,3,4,1,2,3,1,2,4,2,2,2,3,1,1,2,4,4,1,4,2,1,1,4,1,3,2,3,1,4,3,3,3,4,4,1,4,3,1,4,2,4,4,1,1,1,2,2,4,4,1,1,2,2,1,4,2,1,1,1,2,4,2,4,2,1,1,3,1,4,1,3,1,1,2,4,3,2,3,1,3,2,1,2,4,4,4,3,4,3,3,2,1,1,2,4,2,2,1,3,2,2,3,1,4,2,4,4,2,4,2,3,3,3,3,1,3,2,2,2,4,2,1,1,1,1,1,1,3,1,4,1,2,2,4,1,3,3,3,3,1,4,3,1,1,1,1,1,2,1,1,1,2,2,4,4,1,3,1,4,3,3,4,1,4,3,2,1,4,4,4,2,2,1,1,1,4,2,1,2,3,1,2,1,2,2,4,3,1,2,1,2,3,2,2,1,3,2,1,2,1,3,4,3,1,3,1,1,3,4,3,1,4,1,4,3,3,1,4,1,4,1,3,2,1,2,3,2,4,2,1,2,4,3,4,1,4,2,2,4,2,2,1,1,1,3,3,1,4,4,4,1,3,2,4,1,1,2,3,3,1,2,3,2,2,1,2,2,2,4,2,2,1,3,3,2,1,1,2,2,3,3,3,2,3,1,4,4,4,1,4,2,2,4,4,3,1,3,1,3,2,1,4,1,1,3,4,3,4,3,1,3,3,1,1,1,4,1,3,3,1,1,3,1,1,4,1,4,2,4,1,1,3,1,1,1,4,4,2,4,3,4,1,4,1,3,2,2,2,2,1,1,4,1,2,1,3,3,3,2,4,1,4,1,2,3,2,3,4,4,2,2,1,4,3,4,1,2,3,1,2,3,1,2,4,2,2,1,1,1,2,2,4,1,4,3,4,1,3,2,2,3,1,4,2,3,4,4,2,1,1,3,3,1,3,1,2,4,3,2,1,3,2,3,2,1,4,2,1,3,4,4,3,4,3,3,1,3,1,2,2,3,1,2,1,2,3,2,3,3,2,3,1,1,1,4,2,2,4,2,1,4,4,1,2,3,3,2,3,4,3,2,2,2,4,2,3,2,2,2,4,4,4,4,1,1,3,2,4,4,2,2,1,2,1,2,2,4,4,1,2,4,1,4,3,1,3,2,1,3,2,1,2,3,1,2,2,4,3,1,1,2,3,2,2,1,2,1,1,4,1,4,2,1,1,4,4,1,3,3,4,1,2,2,3,3,2,4,1,3,1,4,4,3,4,2,4,3,4,4,3,3,1,2,3,4,1,4,2,4,1,2,4,1,4,2,4,4,1,4,3,2,1,3,3,2,1,3,4,3,2,3,1,3,3,2,3,3,1,2,2,2,2,4,4,4,2,2,4,2,3,1,2,3,3,4,1,2,2,1,3,2,2,1,3,3,3,2,3,1,4,4,1,1,1,3,1,2,4,2,2,3,3,4,3,3,4,1,4,4,1,1,4,1,1,4,1,2,3,3,4,3,2,1,4,3,2,1,1,2,3,4,1,4,1,1,1,3,3,2,4,4,2,3,4,2,1,4,3,4,1,3,3,2,3,2,3,1,1,1,1,1,4,1,3,2,4,3,1,1,3,4,2,2,2,2,1,4,1,4,2,3,3,1,3,1,1,4,2,2,2,2,4,2,2,3,2,2,1,1,2,1,3,3,3,4,3,2,3,3,3,3,1,3,3,1,1,4,2,4,1,1,1,4,3,2,2,3,2,3,4,1,3,3,1,1,2,3,1,2,4,3,4,1,1,3,4,1,3,3,3,1,1,3,2,3,3,3,2,4,1,1,4,3,3,1,3,4,1,2,3,4,1,1,2,3,2,4,1,1,2,2,2,3,1,3,4,3,2,4,4,3,3,2,2,4,2,1,1,4,3,3,1,3,2,1,4,3,4,4,3,3,1,1,4,4,1,4,2,3,3,2,1,1,4,4,1,4,2,3,2,3,3,4,4,3,4,2,1,4,4,4,1,2,3,2,4,1,2,4,4,3,1,3,2,3,2,4,1,1,4,1,3,2,2,2,3,2,1,2,3,1,4,1,3,1,2,3,4,2,3,3,4,4,3,4,4,2,3,1,2,3,3,2,4,1,1,3,3,1,3,1,4,1,1,1,3,4,2,2,1,3,2,2,1,1,3,2,1,4,4,4,1,3,4,4,4,1,1,1,4,1,1,3,1,2,1,1,2,2,1,3,4,2,3,1,1,2,2,3,1,2,2,4,2,3,1,2,4,2,1,1,1,4,1,1,2,2,3,2,1,1,3,1,3,3,1,2,2,2,3,2,3,4,3,1,1,2,1,2,4,3,1,2,4,1,3,4,3,4,4,3,2,3,3,1,3,3,1,2,3,1,2,2,3,2,3,2,2,2,3,2,4,1,1,4,2,1,4,2,3,3,1,1,4,1,2,4,2,1,3,2,4,3,1,2,1,2,3,4,1,3,3,4,4,3,2,3,3,2,1,3,2,1,2,2,2,1,1,3,3,3,3,3,1,4,2,3,2,2,3,2,2,4,2,2,4,2,2,2,2,2,2,1,4,1,1,4,4,2,3,3,1,2,3,4,4,3,2,2,1,4,2,4,1,2,2,3,4,2,1,4,2,4,1,3,3,1,4,1,3,4,4,2,2,2,2,2,1,1,4,4,2,3,3,4,4,4,2,4,2,1,4,3,2,1,1,2,2,1,1,1,2,4,1,1,3,4,2,1,2,4,4,4,3,1,4,2,3,4,4,2,3,2,1,4,2,3,1,4,4,3,2,2,4,1,2,3,4,1,3,1,1,4,1,2,2,1,4,4,1,2,2,4,4,3,3,1,1,4,4,3,1"
75,0.9875909492720556,0.4509803921568627,2338.0,"3,1,1,3,1,3,4,4,4,3,1,1,1,1,1,1,3,2,1,3,3,3,3,1,4,4,3,2,1,2,4,2,3,2,1,3,1,4,4,1,2,2,1,3,1,2,4,4,1,2,4,1,2,1,4,2,3,4,3,4,3,3,1,1,2,1,1,2,1,4,3,3,1,1,2,1,4,3,2,2,2,1,1,1,2,2,3,3,1,1,3,4,3,1,1,1,1,3,1,1,3,4,3,1,1,2,1,4,1,3,1,1,2,1,1,3,4,2,4,4,1,2,3,4,1,3,4,1,4,2,2,1,3,1,4,3,2,3,2,3,3,3,4,4,1,1,2,4,2,1,2,1,4,3,4,2,2,4,4,1,2,2,4,3,2,3,4,4,1,2,3,1,2,1,4,2,1,1,3,1,2,2,3,2,4,2,2,1,1,2,3,1,3,2,2,4,1,2,4,1,2,2,1,1,1,2,2,4,3,1,2,2,1,3,1,3,2,3,4,2,4,1,1,1,3,2,1,1,2,1,4,2,2,2,4,2,4,2,3,1,3,1,4,3,2,1,1,3,4,3,4,4,1,3,3,4,3,2,2,3,3,4,2,2,1,4,1,2,4,3,4,3,3,4,3,1,2,3,1,3,2,1,2,2,1,1,3,4,2,4,2,4,1,1,2,3,3,3,3,4,1,4,4,4,2,1,2,3,1,2,2,4,2,2,3,3,2,2,2,4,4,4,3,1,4,4,2,4,1,3,4,3,4,3,3,4,4,3,1,1,1,1,4,2,3,1,1,2,2,4,3,3,2,2,2,4,3,2,1,3,3,1,1,3,3,2,4,4,2,1,1,1,1,2,3,2,1,2,4,4,1,2,4,3,1,2,1,4,3,4,1,3,2,4,3,1,2,1,1,2,3,3,2,2,1,1,4,2,4,2,4,1,1,3,4,2,4,1,3,4,1,2,3,1,2,4,2,2,2,3,1,1,2,4,4,1,4,2,1,1,4,1,3,2,3,1,4,3,3,3,4,4,1,4,3,1,4,2,4,4,1,1,1,2,2,4,4,1,1,2,2,1,4,2,1,1,1,2,4,2,4,2,1,1,3,1,4,1,3,1,1,2,4,3,2,3,1,3,2,1,2,4,4,4,3,4,3,3,2,1,1,2,4,2,2,1,3,2,2,3,1,4,2,4,4,2,4,2,3,3,3,3,1,3,2,2,2,4,2,1,1,1,1,1,1,3,1,4,1,2,2,4,1,3,3,3,3,1,4,3,1,1,1,1,1,2,1,1,1,2,2,4,4,1,3,1,4,3,3,4,1,4,3,2,1,4,4,4,2,2,1,1,1,4,2,1,2,3,1,2,1,2,2,4,3,1,2,1,2,3,2,2,1,3,2,1,2,1,3,4,3,1,3,1,1,3,4,3,1,4,1,4,3,3,1,4,1,4,1,3,2,1,2,3,2,4,2,1,2,4,3,4,1,4,2,2,4,2,2,1,1,1,3,3,1,4,4,4,1,3,2,4,1,1,2,3,3,1,2,3,2,2,1,2,2,2,4,2,2,1,3,3,2,1,1,2,2,3,3,3,2,3,1,4,4,4,1,4,2,2,4,4,3,1,3,1,3,2,1,4,1,1,3,4,3,4,3,1,3,3,1,1,1,4,1,3,3,1,1,3,1,1,4,1,4,2,4,1,1,3,1,1,1,4,4,2,4,3,4,1,4,1,3,2,2,2,2,1,1,4,1,2,1,3,3,3,2,4,1,4,1,2,3,2,3,4,4,2,2,1,4,3,4,1,2,3,1,2,3,1,2,4,2,2,1,1,1,2,2,4,1,4,3,4,1,3,2,2,3,1,4,2,3,4,4,2,1,1,3,3,1,3,1,2,4,3,2,1,3,2,3,2,1,4,2,1,3,4,4,3,4,3,3,1,3,1,2,2,3,1,2,1,2,3,2,3,3,2,3,1,1,1,4,2,2,4,2,1,4,4,1,2,3,3,2,3,4,3,2,2,2,4,2,3,2,2,2,4,4,4,4,1,1,3,2,4,4,2,2,1,2,1,2,2,4,4,1,2,4,1,4,3,1,3,2,1,3,2,1,2,3,1,2,2,4,3,1,1,2,3,2,2,1,2,1,1,4,1,4,2,1,1,4,4,1,3,3,4,1,2,2,3,3,2,4,1,3,1,4,4,3,4,2,4,3,4,4,3,3,1,2,3,4,1,4,2,4,1,2,4,1,4,2,4,4,1,4,3,2,1,3,3,2,1,3,4,3,2,3,1,3,3,2,3,3,1,2,2,2,2,4,4,4,2,2,4,2,3,1,2,3,3,4,1,2,2,1,3,2,2,1,3,3,3,2,3,1,4,4,1,1,1,3,1,2,4,2,2,3,3,4,3,3,4,1,4,4,1,1,4,1,1,4,1,2,3,3,4,3,2,1,4,3,2,1,1,2,3,4,1,4,1,1,1,3,3,2,4,4,2,3,4,2,1,4,3,4,1,3,3,2,3,2,3,1,1,1,1,1,4,1,3,2,4,3,1,1,3,4,2,2,2,2,1,4,1,4,2,3,3,1,3,1,1,4,2,2,2,2,4,2,2,3,2,2,1,1,2,1,3,3,3,4,3,2,3,3,3,3,1,3,3,1,1,4,2,4,1,1,1,4,3,2,2,3,2,3,4,1,3,3,1,1,2,3,1,2,4,3,4,1,1,3,4,1,3,3,3,1,1,3,2,3,3,3,2,4,1,1,4,3,3,1,3,4,1,2,3,4,1,1,2,3,2,4,1,1,2,2,2,3,1,3,4,3,2,4,4,3,3,2,2,4,2,1,1,4,3,3,1,3,2,1,4,3,4,4,3,3,1,1,4,4,1,4,2,3,3,2,1,1,4,4,1,4,2,3,2,3,3,4,4,3,4,2,1,4,4,4,1,2,3,2,4,1,2,4,4,3,1,3,2,3,2,4,1,1,4,1,3,2,2,2,3,2,1,2,3,1,4,1,3,1,2,3,4,2,3,3,4,4,3,4,4,2,3,1,2,3,3,2,4,1,1,3,3,1,3,1,4,1,1,1,3,4,2,2,1,3,2,2,1,1,3,2,1,4,4,4,1,3,4,4,4,1,1,1,4,1,1,3,1,2,1,1,2,2,1,3,4,2,3,1,1,2,2,3,1,2,2,4,2,3,1,2,4,2,1,1,1,4,1,1,2,2,3,2,1,1,3,1,3,3,1,2,2,2,3,2,3,4,3,1,1,2,1,2,4,3,1,2,4,1,3,4,3,4,4,3,2,3,3,1,3,3,1,2,3,1,2,2,3,2,3,2,2,2,3,2,4,1,1,4,2,1,4,2,3,3,1,1,4,1,2,4,2,1,3,2,4,3,1,2,1,2,3,4,1,3,3,4,4,3,2,3,3,2,1,3,2,1,2,2,2,1,1,3,3,3,3,3,1,4,2,3,2,2,3,2,2,4,2,2,4,2,2,2,2,2,2,1,4,1,1,4,4,2,3,3,1,2,3,4,4,3,2,2,1,4,2,4,1,2,2,3,4,2,1,4,2,4,1,3,3,1,4,1,3,4,4,2,2,2,2,2,1,1,4,4,2,3,3,4,4,4,2,4,2,1,4,3,2,1,1,2,2,1,1,1,2,4,1,1,3,4,2,1,2,4,4,4,3,1,4,2,3,4,4,2,3,2,1,4,2,3,1,4,4,3,2,2,4,1,2,3,4,1,3,1,1,4,1,2,2,1,4,4,1,2,2,4,4,3,3,1,1,4,4,3,1"
76,0.9875909492720556,0.4509803921568627,2338.0,"3,1,1,3,1,3,4,4,4,3,1,1,1,1,1,1,3,2,1,3,3,3,3,1,4,4,3,2,1,2,4,2,3,2,1,3,1,4,4,1,2,2,1,3,1,2,4,4,1,2,4,1,2,1,4,2,3,4,3,4,3,3,1,1,2,1,1,2,1,4,3,3,1,1,2,1,4,3,2,2,2,1,1,1,2,2,3,3,1,1,3,4,3,1,1,1,1,3,1,1,3,4,3,1,1,2,1,4,1,3,1,1,2,1,1,3,4,2,4,4,1,2,3,4,1,3,4,1,4,2,2,1,3,1,4,3,2,3,2,3,3,3,4,4,1,1,2,4,2,1,2,1,4,3,4,2,2,4,4,1,2,2,4,3,2,3,4,4,1,2,3,1,2,1,4,2,1,1,3,1,2,2,3,2,4,2,2,1,1,2,3,1,3,2,2,4,1,2,4,1,2,2,1,1,1,2,2,4,3,1,2,2,1,3,1,3,2,3,4,2,4,1,1,1,3,2,1,1,2,1,4,2,2,2,4,2,4,2,3,1,3,1,4,3,2,1,1,3,4,3,4,4,1,3,3,4,3,2,2,3,3,4,2,2,1,4,1,2,4,3,4,3,3,4,3,1,2,3,1,3,2,1,2,2,1,1,3,4,2,4,2,4,1,1,2,3,3,3,3,4,1,4,4,4,2,1,2,3,1,2,2,4,2,2,3,3,2,2,2,4,4,4,3,1,4,4,2,4,1,3,4,3,4,3,3,4,4,3,1,1,1,1,4,2,3,1,1,2,2,4,3,3,2,2,2,4,3,2,1,3,3,1,1,3,3,2,4,4,2,1,1,1,1,2,3,2,1,2,4,4,1,2,4,3,1,2,1,4,3,4,1,3,2,4,3,1,2,1,1,2,3,3,2,2,1,1,4,2,4,2,4,1,1,3,4,2,4,1,3,4,1,2,3,1,2,4,2,2,2,3,1,1,2,4,4,1,4,2,1,1,4,1,3,2,3,1,4,3,3,3,4,4,1,4,3,1,4,2,4,4,1,1,1,2,2,4,4,1,1,2,2,1,4,2,1,1,1,2,4,2,4,2,1,1,3,1,4,1,3,1,1,2,4,3,2,3,1,3,2,1,2,4,4,4,3,4,3,3,2,1,1,2,4,2,2,1,3,2,2,3,1,4,2,4,4,2,4,2,3,3,3,3,1,3,2,2,2,4,2,1,1,1,1,1,1,3,1,4,1,2,2,4,1,3,3,3,3,1,4,3,1,1,1,1,1,2,1,1,1,2,2,4,4,1,3,1,4,3,3,4,1,4,3,2,1,4,4,4,2,2,1,1,1,4,2,1,2,3,1,2,1,2,2,4,3,1,2,1,2,3,2,2,1,3,2,1,2,1,3,4,3,1,3,1,1,3,4,3,1,4,1,4,3,3,1,4,1,4,1,3,2,1,2,3,2,4,2,1,2,4,3,4,1,4,2,2,4,2,2,1,1,1,3,3,1,4,4,4,1,3,2,4,1,1,2,3,3,1,2,3,2,2,1,2,2,2,4,2,2,1,3,3,2,1,1,2,2,3,3,3,2,3,1,4,4,4,1,4,2,2,4,4,3,1,3,1,3,2,1,4,1,1,3,4,3,4,3,1,3,3,1,1,1,4,1,3,3,1,1,3,1,1,4,1,4,2,4,1,1,3,1,1,1,4,4,2,4,3,4,1,4,1,3,2,2,2,2,1,1,4,1,2,1,3,3,3,2,4,1,4,1,2,3,2,3,4,4,2,2,1,4,3,4,1,2,3,1,2,3,1,2,4,2,2,1,1,1,2,2,4,1,4,3,4,1,3,2,2,3,1,4,2,3,4,4,2,1,1,3,3,1,3,1,2,4,3,2,1,3,2,3,2,1,4,2,1,3,4,4,3,4,3,3,1,3,1,2,2,3,1,2,1,2,3,2,3,3,2,3,1,1,1,4,2,2,4,2,1,4,4,1,2,3,3,2,3,4,3,2,2,2,4,2,3,2,2,2,4,4,4,4,1,1,3,2,4,4,2,2,1,2,1,2,2,4,4,1,2,4,1,4,3,1,3,2,1,3,2,1,2,3,1,2,2,4,3,1,1,2,3,2,2,1,2,1,1,4,1,4,2,1,1,4,4,1,3,3,4,1,2,2,3,3,2,4,1,3,1,4,4,3,4,2,4,3,4,4,3,3,1,2,3,4,1,4,2,4,1,2,4,1,4,2,4,4,1,4,3,2,1,3,3,2,1,3,4,3,2,3,1,3,3,2,3,3,1,2,2,2,2,4,4,4,2,2,4,2,3,1,2,3,3,4,1,2,2,1,3,2,2,1,3,3,3,2,3,1,4,4,1,1,1,3,1,2,4,2,2,3,3,4,3,3,4,1,4,4,1,1,4,1,1,4,1,2,3,3,4,3,2,1,4,3,2,1,1,2,3,4,1,4,1,1,1,3,3,2,4,4,2,3,4,2,1,4,3,4,1,3,3,2,3,2,3,1,1,1,1,1,4,1,3,2,4,3,1,1,3,4,2,2,2,2,1,4,1,4,2,3,3,1,3,1,1,4,2,2,2,2,4,2,2,3,2,2,1,1,2,1,3,3,3,4,3,2,3,3,3,3,1,3,3,1,1,4,2,4,1,1,1,4,3,2,2,3,2,3,4,1,3,3,1,1,2,3,1,2,4,3,4,1,1,3,4,1,3,3,3,1,1,3,2,3,3,3,2,4,1,1,4,3,3,1,3,4,1,2,3,4,1,1,2,3,2,4,1,1,2,2,2,3,1,3,4,3,2,4,4,3,3,2,2,4,2,1,1,4,3,3,1,3,2,1,4,3,4,4,3,3,1,1,4,4,1,4,2,3,3,2,1,1,4,4,1,4,2,3,2,3,3,4,4,3,4,2,1,4,4,4,1,2,3,2,4,1,2,4,4,3,1,3,2,3,2,4,1,1,4,1,3,2,2,2,3,2,1,2,3,1,4,1,3,1,2,3,4,2,3,3,4,4,3,4,4,2,3,1,2,3,3,2,4,1,1,3,3,1,3,1,4,1,1,1,3,4,2,2,1,3,2,2,1,1,3,2,1,4,4,4,1,3,4,4,4,1,1,1,4,1,1,3,1,2,1,1,2,2,1,3,4,2,3,1,1,2,2,3,1,2,2,4,2,3,1,2,4,2,1,1,1,4,1,1,2,2,3,2,1,1,3,1,3,3,1,2,2,2,3,2,3,4,3,1,1,2,1,2,4,3,1,2,4,1,3,4,3,4,4,3,2,3,3,1,3,3,1,2,3,1,2,2,3,2,3,2,2,2,3,2,4,1,1,4,2,1,4,2,3,3,1,1,4,1,2,4,2,1,3,2,4,3,1,2,1,2,3,4,1,3,3,4,4,3,2,3,3,2,1,3,2,1,2,2,2,1,1,3,3,3,3,3,1,4,2,3,2,2,3,2,2,4,2,2,4,2,2,2,2,2,2,1,4,1,1,4,4,2,3,3,1,2,3,4,4,3,2,2,1,4,2,4,1,2,2,3,4,2,1,4,2,4,1,3,3,1,4,1,3,4,4,2,2,2,2,2,1,1,4,4,2,3,3,4,4,4,2,4,2,1,4,3,2,1,1,2,2,1,1,1,2,4,1,1,3,4,2,1,2,4,4,4,3,1,4,2,3,4,4,2,3,2,1,4,2,3,1,4,4,3,2,2,4,1,2,3,4,1,3,1,1,4,1,2,2,1,4,4,1,2,2,4,4,3,3,1,1,4,4,3,1"
77,0.9875909492720556,0.4509803921568627,2338.0,"3,1,1,3,1,3,4,4,4,3,1,1,1,1,1,1,3,2,1,3,3,3,3,1,4,4,3,2,1,2,4,2,3,2,1,3,1,4,4,1,2,2,1,3,1,2,4,4,1,2,4,1,2,1,4,2,3,4,3,4,3,3,1,1,2,1,1,2,1,4,3,3,1,1,2,1,4,3,2,2,2,1,1,1,2,2,3,3,1,1,3,4,3,1,1,1,1,3,1,1,3,4,3,1,1,2,1,4,1,3,1,1,2,1,1,3,4,2,4,4,1,2,3,4,1,3,4,1,4,2,2,1,3,1,4,3,2,3,2,3,3,3,4,4,1,1,2,4,2,1,2,1,4,3,4,2,2,4,4,1,2,2,4,3,2,3,4,4,1,2,3,1,2,1,4,2,1,1,3,1,2,2,3,2,4,2,2,1,1,2,3,1,3,2,2,4,1,2,4,1,2,2,1,1,1,2,2,4,3,1,2,2,1,3,1,3,2,3,4,2,4,1,1,1,3,2,1,1,2,1,4,2,2,2,4,2,4,2,3,1,3,1,4,3,2,1,1,3,4,3,4,4,1,3,3,4,3,2,2,3,3,4,2,2,1,4,1,2,4,3,4,3,3,4,3,1,2,3,1,3,2,1,2,2,1,1,3,4,2,4,2,4,1,1,2,3,3,3,3,4,1,4,4,4,2,1,2,3,1,2,2,4,2,2,3,3,2,2,2,4,4,4,3,1,4,4,2,4,1,3,4,3,4,3,3,4,4,3,1,1,1,1,4,2,3,1,1,2,2,4,3,3,2,2,2,4,3,2,1,3,3,1,1,3,3,2,4,4,2,1,1,1,1,2,3,2,1,2,4,4,1,2,4,3,1,2,1,4,3,4,1,3,2,4,3,1,2,1,1,2,3,3,2,2,1,1,4,2,4,2,4,1,1,3,4,2,4,1,3,4,1,2,3,1,2,4,2,2,2,3,1,1,2,4,4,1,4,2,1,1,4,1,3,2,3,1,4,3,3,3,4,4,1,4,3,1,4,2,4,4,1,1,1,2,2,4,4,1,1,2,2,1,4,2,1,1,1,2,4,2,4,2,1,1,3,1,4,1,3,1,1,2,4,3,2,3,1,3,2,1,2,4,4,4,3,4,3,3,2,1,1,2,4,2,2,1,3,2,2,3,1,4,2,4,4,2,4,2,3,3,3,3,1,3,2,2,2,4,2,1,1,1,1,1,1,3,1,4,1,2,2,4,1,3,3,3,3,1,4,3,1,1,1,1,1,2,1,1,1,2,2,4,4,1,3,1,4,3,3,4,1,4,3,2,1,4,4,4,2,2,1,1,1,4,2,1,2,3,1,2,1,2,2,4,3,1,2,1,2,3,2,2,1,3,2,1,2,1,3,4,3,1,3,1,1,3,4,3,1,4,1,4,3,3,1,4,1,4,1,3,2,1,2,3,2,4,2,1,2,4,3,4,1,4,2,2,4,2,2,1,1,1,3,3,1,4,4,4,1,3,2,4,1,1,2,3,3,1,2,3,2,2,1,2,2,2,4,2,2,1,3,3,2,1,1,2,2,3,3,3,2,3,1,4,4,4,1,4,2,2,4,4,3,1,3,1,3,2,1,4,1,1,3,4,3,4,3,1,3,3,1,1,1,4,1,3,3,1,1,3,1,1,4,1,4,2,4,1,1,3,1,1,1,4,4,2,4,3,4,1,4,1,3,2,2,2,2,1,1,4,1,2,1,3,3,3,2,4,1,4,1,2,3,2,3,4,4,2,2,1,4,3,4,1,2,3,1,2,3,1,2,4,2,2,1,1,1,2,2,4,1,4,3,4,1,3,2,2,3,1,4,2,3,4,4,2,1,1,3,3,1,3,1,2,4,3,2,1,3,2,3,2,1,4,2,1,3,4,4,3,4,3,3,1,3,1,2,2,3,1,2,1,2,3,2,3,3,2,3,1,1,1,4,2,2,4,2,1,4,4,1,2,3,3,2,3,4,3,2,2,2,4,2,3,2,2,2,4,4,4,4,1,1,3,2,4,4,2,2,1,2,1,2,2,4,4,1,2,4,1,4,3,1,3,2,1,3,2,1,2,3,1,2,2,4,3,1,1,2,3,2,2,1,2,1,1,4,1,4,2,1,1,4,4,1,3,3,4,1,2,2,3,3,2,4,1,3,1,4,4,3,4,2,4,3,4,4,3,3,1,2,3,4,1,4,2,4,1,2,4,1,4,2,4,4,1,4,3,2,1,3,3,2,1,3,4,3,2,3,1,3,3,2,3,3,1,2,2,2,2,4,4,4,2,2,4,2,3,1,2,3,3,4,1,2,2,1,3,2,2,1,3,3,3,2,3,1,4,4,1,1,1,3,1,2,4,2,2,3,3,4,3,3,4,1,4,4,1,1,4,1,1,4,1,2,3,3,4,3,2,1,4,3,2,1,1,2,3,4,1,4,1,1,1,3,3,2,4,4,2,3,4,2,1,4,3,4,1,3,3,2,3,2,3,1,1,1,1,1,4,1,3,2,4,3,1,1,3,4,2,2,2,2,1,4,1,4,2,3,3,1,3,1,1,4,2,2,2,2,4,2,2,3,2,2,1,1,2,1,3,3,3,4,3,2,3,3,3,3,1,3,3,1,1,4,2,4,1,1,1,4,3,2,2,3,2,3,4,1,3,3,1,1,2,3,1,2,4,3,4,1,1,3,4,1,3,3,3,1,1,3,2,3,3,3,2,4,1,1,4,3,3,1,3,4,1,2,3,4,1,1,2,3,2,4,1,1,2,2,2,3,1,3,4,3,2,4,4,3,3,2,2,4,2,1,1,4,3,3,1,3,2,1,4,3,4,4,3,3,1,1,4,4,1,4,2,3,3,2,1,1,4,4,1,4,2,3,2,3,3,4,4,3,4,2,1,4,4,4,1,2,3,2,4,1,2,4,4,3,1,3,2,3,2,4,1,1,4,1,3,2,2,2,3,2,1,2,3,1,4,1,3,1,2,3,4,2,3,3,4,4,3,4,4,2,3,1,2,3,3,2,4,1,1,3,3,1,3,1,4,1,1,1,3,4,2,2,1,3,2,2,1,1,3,2,1,4,4,4,1,3,4,4,4,1,1,1,4,1,1,3,1,2,1,1,2,2,1,3,4,2,3,1,1,2,2,3,1,2,2,4,2,3,1,2,4,2,1,1,1,4,1,1,2,2,3,2,1,1,3,1,3,3,1,2,2,2,3,2,3,4,3,1,1,2,1,2,4,3,1,2,4,1,3,4,3,4,4,3,2,3,3,1,3,3,1,2,3,1,2,2,3,2,3,2,2,2,3,2,4,1,1,4,2,1,4,2,3,3,1,1,4,1,2,4,2,1,3,2,4,3,1,2,1,2,3,4,1,3,3,4,4,3,2,3,3,2,1,3,2,1,2,2,2,1,1,3,3,3,3,3,1,4,2,3,2,2,3,2,2,4,2,2,4,2,2,2,2,2,2,1,4,1,1,4,4,2,3,3,1,2,3,4,4,3,2,2,1,4,2,4,1,2,2,3,4,2,1,4,2,4,1,3,3,1,4,1,3,4,4,2,2,2,2,2,1,1,4,4,2,3,3,4,4,4,2,4,2,1,4,3,2,1,1,2,2,1,1,1,2,4,1,1,3,4,2,1,2,4,4,4,3,1,4,2,3,4,4,2,3,2,1,4,2,3,1,4,4,3,2,2,4,1,2,3,4,1,3,1,1,4,1,2,2,1,4,4,1,2,2,4,4,3,3,1,1,4,4,3,1"
78,0.9875909492720556,0.4509803921568627,2338.0,"3,1,1,3,1,3,4,4,4,3,1,1,1,1,1,1,3,2,1,3,3,3,3,1,4,4,3,2,1,2,4,2,3,2,1,3,1,4,4,1,2,2,1,3,1,2,4,4,1,2,4,1,2,1,4,2,3,4,3,4,3,3,1,1,2,1,1,2,1,4,3,3,1,1,2,1,4,3,2,2,2,1,1,1,2,2,3,3,1,1,3,4,3,1,1,1,1,3,1,1,3,4,3,1,1,2,1,4,1,3,1,1,2,1,1,3,4,2,4,4,1,2,3,4,1,3,4,1,4,2,2,1,3,1,4,3,2,3,2,3,3,3,4,4,1,1,2,4,2,1,2,1,4,3,4,2,2,4,4,1,2,2,4,3,2,3,4,4,1,2,3,1,2,1,4,2,1,1,3,1,2,2,3,2,4,2,2,1,1,2,3,1,3,2,2,4,1,2,4,1,2,2,1,1,1,2,2,4,3,1,2,2,1,3,1,3,2,3,4,2,4,1,1,1,3,2,1,1,2,1,4,2,2,2,4,2,4,2,3,1,3,1,4,3,2,1,1,3,4,3,4,4,1,3,3,4,3,2,2,3,3,4,2,2,1,4,1,2,4,3,4,3,3,4,3,1,2,3,1,3,2,1,2,2,1,1,3,4,2,4,2,4,1,1,2,3,3,3,3,4,1,4,4,4,2,1,2,3,1,2,2,4,2,2,3,3,2,2,2,4,4,4,3,1,4,4,2,4,1,3,4,3,4,3,3,4,4,3,1,1,1,1,4,2,3,1,1,2,2,4,3,3,2,2,2,4,3,2,1,3,3,1,1,3,3,2,4,4,2,1,1,1,1,2,3,2,1,2,4,4,1,2,4,3,1,2,1,4,3,4,1,3,2,4,3,1,2,1,1,2,3,3,2,2,1,1,4,2,4,2,4,1,1,3,4,2,4,1,3,4,1,2,3,1,2,4,2,2,2,3,1,1,2,4,4,1,4,2,1,1,4,1,3,2,3,1,4,3,3,3,4,4,1,4,3,1,4,2,4,4,1,1,1,2,2,4,4,1,1,2,2,1,4,2,1,1,1,2,4,2,4,2,1,1,3,1,4,1,3,1,1,2,4,3,2,3,1,3,2,1,2,4,4,4,3,4,3,3,2,1,1,2,4,2,2,1,3,2,2,3,1,4,2,4,4,2,4,2,3,3,3,3,1,3,2,2,2,4,2,1,1,1,1,1,1,3,1,4,1,2,2,4,1,3,3,3,3,1,4,3,1,1,1,1,1,2,1,1,1,2,2,4,4,1,3,1,4,3,3,4,1,4,3,2,1,4,4,4,2,2,1,1,1,4,2,1,2,3,1,2,1,2,2,4,3,1,2,1,2,3,2,2,1,3,2,1,2,1,3,4,3,1,3,1,1,3,4,3,1,4,1,4,3,3,1,4,1,4,1,3,2,1,2,3,2,4,2,1,2,4,3,4,1,4,2,2,4,2,2,1,1,1,3,3,1,4,4,4,1,3,2,4,1,1,2,3,3,1,2,3,2,2,1,2,2,2,4,2,2,1,3,3,2,1,1,2,2,3,3,3,2,3,1,4,4,4,1,4,2,2,4,4,3,1,3,1,3,2,1,4,1,1,3,4,3,4,3,1,3,3,1,1,1,4,1,3,3,1,1,3,1,1,4,1,4,2,4,1,1,3,1,1,1,4,4,2,4,3,4,1,4,1,3,2,2,2,2,1,1,4,1,2,1,3,3,3,2,4,1,4,1,2,3,2,3,4,4,2,2,1,4,3,4,1,2,3,1,2,3,1,2,4,2,2,1,1,1,2,2,4,1,4,3,4,1,3,2,2,3,1,4,2,3,4,4,2,1,1,3,3,1,3,1,2,4,3,2,1,3,2,3,2,1,4,2,1,3,4,4,3,4,3,3,1,3,1,2,2,3,1,2,1,2,3,2,3,3,2,3,1,1,1,4,2,2,4,2,1,4,4,1,2,3,3,2,3,4,3,2,2,2,4,2,3,2,2,2,4,4,4,4,1,1,3,2,4,4,2,2,1,2,1,2,2,4,4,1,2,4,1,4,3,1,3,2,1,3,2,1,2,3,1,2,2,4,3,1,1,2,3,2,2,1,2,1,1,4,1,4,2,1,1,4,4,1,3,3,4,1,2,2,3,3,2,4,1,3,1,4,4,3,4,2,4,3,4,4,3,3,1,2,3,4,1,4,2,4,1,2,4,1,4,2,4,4,1,4,3,2,1,3,3,2,1,3,4,3,2,3,1,3,3,2,3,3,1,2,2,2,2,4,4,4,2,2,4,2,3,1,2,3,3,4,1,2,2,1,3,2,2,1,3,3,3,2,3,1,4,4,1,1,1,3,1,2,4,2,2,3,3,4,3,3,4,1,4,4,1,1,4,1,1,4,1,2,3,3,4,3,2,1,4,3,2,1,1,2,3,4,1,4,1,1,1,3,3,2,4,4,2,3,4,2,1,4,3,4,1,3,3,2,3,2,3,1,1,1,1,1,4,1,3,2,4,3,1,1,3,4,2,2,2,2,1,4,1,4,2,3,3,1,3,1,1,4,2,2,2,2,4,2,2,3,2,2,1,1,2,1,3,3,3,4,3,2,3,3,3,3,1,3,3,1,1,4,2,4,1,1,1,4,3,2,2,3,2,3,4,1,3,3,1,1,2,3,1,2,4,3,4,1,1,3,4,1,3,3,3,1,1,3,2,3,3,3,2,4,1,1,4,3,3,1,3,4,1,2,3,4,1,1,2,3,2,4,1,1,2,2,2,3,1,3,4,3,2,4,4,3,3,2,2,4,2,1,1,4,3,3,1,3,2,1,4,3,4,4,3,3,1,1,4,4,1,4,2,3,3,2,1,1,4,4,1,4,2,3,2,3,3,4,4,3,4,2,1,4,4,4,1,2,3,2,4,1,2,4,4,3,1,3,2,3,2,4,1,1,4,1,3,2,2,2,3,2,1,2,3,1,4,1,3,1,2,3,4,2,3,3,4,4,3,4,4,2,3,1,2,3,3,2,4,1,1,3,3,1,3,1,4,1,1,1,3,4,2,2,1,3,2,2,1,1,3,2,1,4,4,4,1,3,4,4,4,1,1,1,4,1,1,3,1,2,1,1,2,2,1,3,4,2,3,1,1,2,2,3,1,2,2,4,2,3,1,2,4,2,1,1,1,4,1,1,2,2,3,2,1,1,3,1,3,3,1,2,2,2,3,2,3,4,3,1,1,2,1,2,4,3,1,2,4,1,3,4,3,4,4,3,2,3,3,1,3,3,1,2,3,1,2,2,3,2,3,2,2,2,3,2,4,1,1,4,2,1,4,2,3,3,1,1,4,1,2,4,2,1,3,2,4,3,1,2,1,2,3,4,1,3,3,4,4,3,2,3,3,2,1,3,2,1,2,2,2,1,1,3,3,3,3,3,1,4,2,3,2,2,3,2,2,4,2,2,4,2,2,2,2,2,2,1,4,1,1,4,4,2,3,3,1,2,3,4,4,3,2,2,1,4,2,4,1,2,2,3,4,2,1,4,2,4,1,3,3,1,4,1,3,4,4,2,2,2,2,2,1,1,4,4,2,3,3,4,4,4,2,4,2,1,4,3,2,1,1,2,2,1,1,1,2,4,1,1,3,4,2,1,2,4,4,4,3,1,4,2,3,4,4,2,3,2,1,4,2,3,1,4,4,3,2,2,4,1,2,3,4,1,3,1,1,4,1,2,2,1,4,4,1,2,2,4,4,3,3,1,1,4,4,3,1"
79,0.9875909492720556,0.4509803921568627,2338.0,"3,1,1,3,1,3,4,4,4,3,1,1,1,1,1,1,3,2,1,3,3,3,3,1,4,4,3,2,1,2,4,2,3,2,1,3,1,4,4,1,2,2,1,3,1,2,4,4,1,2,4,1,2,1,4,2,3,4,3,4,3,3,1,1,2,1,1,2,1,4,3,3,1,1,2,1,4,3,2,2,2,1,1,1,2,2,3,3,1,1,3,4,3,1,1,1,1,3,1,1,3,4,3,1,1,2,1,4,1,3,1,1,2,1,1,3,4,2,4,4,1,2,3,4,1,3,4,1,4,2,2,1,3,1,4,3,2,3,2,3,3,3,4,4,1,1,2,4,2,1,2,1,4,3,4,2,2,4,4,1,2,2,4,3,2,3,4,4,1,2,3,1,2,1,4,2,1,1,3,1,2,2,3,2,4,2,2,1,1,2,3,1,3,2,2,4,1,2,4,1,2,2,1,1,1,2,2,4,3,1,2,2,1,3,1,3,2,3,4,2,4,1,1,1,3,2,1,1,2,1,4,2,2,2,4,2,4,2,3,1,3,1,4,3,2,1,1,3,4,3,4,4,1,3,3,4,3,2,2,3,3,4,2,2,1,4,1,2,4,3,4,3,3,4,3,1,2,3,1,3,2,1,2,2,1,1,3,4,2,4,2,4,1,1,2,3,3,3,3,4,1,4,4,4,2,1,2,3,1,2,2,4,2,2,3,3,2,2,2,4,4,4,3,1,4,4,2,4,1,3,4,3,4,3,3,4,4,3,1,1,1,1,4,2,3,1,1,2,2,4,3,3,2,2,2,4,3,2,1,3,3,1,1,3,3,2,4,4,2,1,1,1,1,2,3,2,1,2,4,4,1,2,4,3,1,2,1,4,3,4,1,3,2,4,3,1,2,1,1,2,3,3,2,2,1,1,4,2,4,2,4,1,1,3,4,2,4,1,3,4,1,2,3,1,2,4,2,2,2,3,1,1,2,4,4,1,4,2,1,1,4,1,3,2,3,1,4,3,3,3,4,4,1,4,3,1,4,2,4,4,1,1,1,2,2,4,4,1,1,2,2,1,4,2,1,1,1,2,4,2,4,2,1,1,3,1,4,1,3,1,1,2,4,3,2,3,1,3,2,1,2,4,4,4,3,4,3,3,2,1,1,2,4,2,2,1,3,2,2,3,1,4,2,4,4,2,4,2,3,3,3,3,1,3,2,2,2,4,2,1,1,1,1,1,1,3,1,4,1,2,2,4,1,3,3,3,3,1,4,3,1,1,1,1,1,2,1,1,1,2,2,4,4,1,3,1,4,3,3,4,1,4,3,2,1,4,4,4,2,2,1,1,1,4,2,1,2,3,1,2,1,2,2,4,3,1,2,1,2,3,2,2,1,3,2,1,2,1,3,4,3,1,3,1,1,3,4,3,1,4,1,4,3,3,1,4,1,4,1,3,2,1,2,3,2,4,2,1,2,4,3,4,1,4,2,2,4,2,2,1,1,1,3,3,1,4,4,4,1,3,2,4,1,1,2,3,3,1,2,3,2,2,1,2,2,2,4,2,2,1,3,3,2,1,1,2,2,3,3,3,2,3,1,4,4,4,1,4,2,2,4,4,3,1,3,1,3,2,1,4,1,1,3,4,3,4,3,1,3,3,1,1,1,4,1,3,3,1,1,3,1,1,4,1,4,2,4,1,1,3,1,1,1,4,4,2,4,3,4,1,4,1,3,2,2,2,2,1,1,4,1,2,1,3,3,3,2,4,1,4,1,2,3,2,3,4,4,2,2,1,4,3,4,1,2,3,1,2,3,1,2,4,2,2,1,1,1,2,2,4,1,4,3,4,1,3,2,2,3,1,4,2,3,4,4,2,1,1,3,3,1,3,1,2,4,3,2,1,3,2,3,2,1,4,2,1,3,4,4,3,4,3,3,1,3,1,2,2,3,1,2,1,2,3,2,3,3,2,3,1,1,1,4,2,2,4,2,1,4,4,1,2,3,3,2,3,4,3,2,2,2,4,2,3,2,2,2,4,4,4,4,1,1,3,2,4,4,2,2,1,2,1,2,2,4,4,1,2,4,1,4,3,1,3,2,1,3,2,1,2,3,1,2,2,4,3,1,1,2,3,2,2,1,2,1,1,4,1,4,2,1,1,4,4,1,3,3,4,1,2,2,3,3,2,4,1,3,1,4,4,3,4,2,4,3,4,4,3,3,1,2,3,4,1,4,2,4,1,2,4,1,4,2,4,4,1,4,3,2,1,3,3,2,1,3,4,3,2,3,1,3,3,2,3,3,1,2,2,2,2,4,4,4,2,2,4,2,3,1,2,3,3,4,1,2,2,1,3,2,2,1,3,3,3,2,3,1,4,4,1,1,1,3,1,2,4,2,2,3,3,4,3,3,4,1,4,4,1,1,4,1,1,4,1,2,3,3,4,3,2,1,4,3,2,1,1,2,3,4,1,4,1,1,1,3,3,2,4,4,2,3,4,2,1,4,3,4,1,3,3,2,3,2,3,1,1,1,1,1,4,1,3,2,4,3,1,1,3,4,2,2,2,2,1,4,1,4,2,3,3,1,3,1,1,4,2,2,2,2,4,2,2,3,2,2,1,1,2,1,3,3,3,4,3,2,3,3,3,3,1,3,3,1,1,4,2,4,1,1,1,4,3,2,2,3,2,3,4,1,3,3,1,1,2,3,1,2,4,3,4,1,1,3,4,1,3,3,3,1,1,3,2,3,3,3,2,4,1,1,4,3,3,1,3,4,1,2,3,4,1,1,2,3,2,4,1,1,2,2,2,3,1,3,4,3,2,4,4,3,3,2,2,4,2,1,1,4,3,3,1,3,2,1,4,3,4,4,3,3,1,1,4,4,1,4,2,3,3,2,1,1,4,4,1,4,2,3,2,3,3,4,4,3,4,2,1,4,4,4,1,2,3,2,4,1,2,4,4,3,1,3,2,3,2,4,1,1,4,1,3,2,2,2,3,2,1,2,3,1,4,1,3,1,2,3,4,2,3,3,4,4,3,4,4,2,3,1,2,3,3,2,4,1,1,3,3,1,3,1,4,1,1,1,3,4,2,2,1,3,2,2,1,1,3,2,1,4,4,4,1,3,4,4,4,1,1,1,4,1,1,3,1,2,1,1,2,2,1,3,4,2,3,1,1,2,2,3,1,2,2,4,2,3,1,2,4,2,1,1,1,4,1,1,2,2,3,2,1,1,3,1,3,3,1,2,2,2,3,2,3,4,3,1,1,2,1,2,4,3,1,2,4,1,3,4,3,4,4,3,2,3,3,1,3,3,1,2,3,1,2,2,3,2,3,2,2,2,3,2,4,1,1,4,2,1,4,2,3,3,1,1,4,1,2,4,2,1,3,2,4,3,1,2,1,2,3,4,1,3,3,4,4,3,2,3,3,2,1,3,2,1,2,2,2,1,1,3,3,3,3,3,1,4,2,3,2,2,3,2,2,4,2,2,4,2,2,2,2,2,2,1,4,1,1,4,4,2,3,3,1,2,3,4,4,3,2,2,1,4,2,4,1,2,2,3,4,2,1,4,2,4,1,3,3,1,4,1,3,4,4,2,2,2,2,2,1,1,4,4,2,3,3,4,4,4,2,4,2,1,4,3,2,1,1,2,2,1,1,1,2,4,1,1,3,4,2,1,2,4,4,4,3,1,4,2,3,4,4,2,3,2,1,4,2,3,1,4,4,3,2,2,4,1,2,3,4,1,3,1,1,4,1,2,2,1,4,4,1,2,2,4,4,3,3,1,1,4,4,3,1"
80,0.9875909492720556,0.4509803921568627,2338.0,"3,1,1,3,1,3,4,4,4,3,1,1,1,1,1,1,3,2,1,3,3,3,3,1,4,4,3,2,1,2,4,2,3,2,1,3,1,4,4,1,2,2,1,3,1,2,4,4,1,2,4,1,2,1,4,2,3,4,3,4,3,3,1,1,2,1,1,2,1,4,3,3,1,1,2,1,4,3,2,2,2,1,1,1,2,2,3,3,1,1,3,4,3,1,1,1,1,3,1,1,3,4,3,1,1,2,1,4,1,3,1,1,2,1,1,3,4,2,4,4,1,2,3,4,1,3,4,1,4,2,2,1,3,1,4,3,2,3,2,3,3,3,4,4,1,1,2,4,2,1,2,1,4,3,4,2,2,4,4,1,2,2,4,3,2,3,4,4,1,2,3,1,2,1,4,2,1,1,3,1,2,2,3,2,4,2,2,1,1,2,3,1,3,2,2,4,1,2,4,1,2,2,1,1,1,2,2,4,3,1,2,2,1,3,1,3,2,3,4,2,4,1,1,1,3,2,1,1,2,1,4,2,2,2,4,2,4,2,3,1,3,1,4,3,2,1,1,3,4,3,4,4,1,3,3,4,3,2,2,3,3,4,2,2,1,4,1,2,4,3,4,3,3,4,3,1,2,3,1,3,2,1,2,2,1,1,3,4,2,4,2,4,1,1,2,3,3,3,3,4,1,4,4,4,2,1,2,3,1,2,2,4,2,2,3,3,2,2,2,4,4,4,3,1,4,4,2,4,1,3,4,3,4,3,3,4,4,3,1,1,1,1,4,2,3,1,1,2,2,4,3,3,2,2,2,4,3,2,1,3,3,1,1,3,3,2,4,4,2,1,1,1,1,2,3,2,1,2,4,4,1,2,4,3,1,2,1,4,3,4,1,3,2,4,3,1,2,1,1,2,3,3,2,2,1,1,4,2,4,2,4,1,1,3,4,2,4,1,3,4,1,2,3,1,2,4,2,2,2,3,1,1,2,4,4,1,4,2,1,1,4,1,3,2,3,1,4,3,3,3,4,4,1,4,3,1,4,2,4,4,1,1,1,2,2,4,4,1,1,2,2,1,4,2,1,1,1,2,4,2,4,2,1,1,3,1,4,1,3,1,1,2,4,3,2,3,1,3,2,1,2,4,4,4,3,4,3,3,2,1,1,2,4,2,2,1,3,2,2,3,1,4,2,4,4,2,4,2,3,3,3,3,1,3,2,2,2,4,2,1,1,1,1,1,1,3,1,4,1,2,2,4,1,3,3,3,3,1,4,3,1,1,1,1,1,2,1,1,1,2,2,4,4,1,3,1,4,3,3,4,1,4,3,2,1,4,4,4,2,2,1,1,1,4,2,1,2,3,1,2,1,2,2,4,3,1,2,1,2,3,2,2,1,3,2,1,2,1,3,4,3,1,3,1,1,3,4,3,1,4,1,4,3,3,1,4,1,4,1,3,2,1,2,3,2,4,2,1,2,4,3,4,1,4,2,2,4,2,2,1,1,1,3,3,1,4,4,4,1,3,2,4,1,1,2,3,3,1,2,3,2,2,1,2,2,2,4,2,2,1,3,3,2,1,1,2,2,3,3,3,2,3,1,4,4,4,1,4,2,2,4,4,3,1,3,1,3,2,1,4,1,1,3,4,3,4,3,1,3,3,1,1,1,4,1,3,3,1,1,3,1,1,4,1,4,2,4,1,1,3,1,1,1,4,4,2,4,3,4,1,4,1,3,2,2,2,2,1,1,4,1,2,1,3,3,3,2,4,1,4,1,2,3,2,3,4,4,2,2,1,4,3,4,1,2,3,1,2,3,1,2,4,2,2,1,1,1,2,2,4,1,4,3,4,1,3,2,2,3,1,4,2,3,4,4,2,1,1,3,3,1,3,1,2,4,3,2,1,3,2,3,2,1,4,2,1,3,4,4,3,4,3,3,1,3,1,2,2,3,1,2,1,2,3,2,3,3,2,3,1,1,1,4,2,2,4,2,1,4,4,1,2,3,3,2,3,4,3,2,2,2,4,2,3,2,2,2,4,4,4,4,1,1,3,2,4,4,2,2,1,2,1,2,2,4,4,1,2,4,1,4,3,1,3,2,1,3,2,1,2,3,1,2,2,4,3,1,1,2,3,2,2,1,2,1,1,4,1,4,2,1,1,4,4,1,3,3,4,1,2,2,3,3,2,4,1,3,1,4,4,3,4,2,4,3,4,4,3,3,1,2,3,4,1,4,2,4,1,2,4,1,4,2,4,4,1,4,3,2,1,3,3,2,1,3,4,3,2,3,1,3,3,2,3,3,1,2,2,2,2,4,4,4,2,2,4,2,3,1,2,3,3,4,1,2,2,1,3,2,2,1,3,3,3,2,3,1,4,4,1,1,1,3,1,2,4,2,2,3,3,4,3,3,4,1,4,4,1,1,4,1,1,4,1,2,3,3,4,3,2,1,4,3,2,1,1,2,3,4,1,4,1,1,1,3,3,2,4,4,2,3,4,2,1,4,3,4,1,3,3,2,3,2,3,1,1,1,1,1,4,1,3,2,4,3,1,1,3,4,2,2,2,2,1,4,1,4,2,3,3,1,3,1,1,4,2,2,2,2,4,2,2,3,2,2,1,1,2,1,3,3,3,4,3,2,3,3,3,3,1,3,3,1,1,4,2,4,1,1,1,4,3,2,2,3,2,3,4,1,3,3,1,1,2,3,1,2,4,3,4,1,1,3,4,1,3,3,3,1,1,3,2,3,3,3,2,4,1,1,4,3,3,1,3,4,1,2,3,4,1,1,2,3,2,4,1,1,2,2,2,3,1,3,4,3,2,4,4,3,3,2,2,4,2,1,1,4,3,3,1,3,2,1,4,3,4,4,3,3,1,1,4,4,1,4,2,3,3,2,1,1,4,4,1,4,2,3,2,3,3,4,4,3,4,2,1,4,4,4,1,2,3,2,4,1,2,4,4,3,1,3,2,3,2,4,1,1,4,1,3,2,2,2,3,2,1,2,3,1,4,1,3,1,2,3,4,2,3,3,4,4,3,4,4,2,3,1,2,3,3,2,4,1,1,3,3,1,3,1,4,1,1,1,3,4,2,2,1,3,2,2,1,1,3,2,1,4,4,4,1,3,4,4,4,1,1,1,4,1,1,3,1,2,1,1,2,2,1,3,4,2,3,1,1,2,2,3,1,2,2,4,2,3,1,2,4,2,1,1,1,4,1,1,2,2,3,2,1,1,3,1,3,3,1,2,2,2,3,2,3,4,3,1,1,2,1,2,4,3,1,2,4,1,3,4,3,4,4,3,2,3,3,1,3,3,1,2,3,1,2,2,3,2,3,2,2,2,3,2,4,1,1,4,2,1,4,2,3,3,1,1,4,1,2,4,2,1,3,2,4,3,1,2,1,2,3,4,1,3,3,4,4,3,2,3,3,2,1,3,2,1,2,2,2,1,1,3,3,3,3,3,1,4,2,3,2,2,3,2,2,4,2,2,4,2,2,2,2,2,2,1,4,1,1,4,4,2,3,3,1,2,3,4,4,3,2,2,1,4,2,4,1,2,2,3,4,2,1,4,2,4,1,3,3,1,4,1,3,4,4,2,2,2,2,2,1,1,4,4,2,3,3,4,4,4,2,4,2,1,4,3,2,1,1,2,2,1,1,1,2,4,1,1,3,4,2,1,2,4,4,4,3,1,4,2,3,4,4,2,3,2,1,4,2,3,1,4,4,3,2,2,4,1,2,3,4,1,3,1,1,4,1,2,2,1,4,4,1,2,2,4,4,3,3,1,1,4,4,3,1"
81,0.9875909492720556,0.4509803921568627,2338.0,"3,1,1,3,1,3,4,4,4,3,1,1,1,1,1,1,3,2,1,3,3,3,3,1,4,4,3,2,1,2,4,2,3,2,1,3,1,4,4,1,2,2,1,3,1,2,4,4,1,2,4,1,2,1,4,2,3,4,3,4,3,3,1,1,2,1,1,2,1,4,3,3,1,1,2,1,4,3,2,2,2,1,1,1,2,2,3,3,1,1,3,4,3,1,1,1,1,3,1,1,3,4,3,1,1,2,1,4,1,3,1,1,2,1,1,3,4,2,4,4,1,2,3,4,1,3,4,1,4,2,2,1,3,1,4,3,2,3,2,3,3,3,4,4,1,1,2,4,2,1,2,1,4,3,4,2,2,4,4,1,2,2,4,3,2,3,4,4,1,2,3,1,2,1,4,2,1,1,3,1,2,2,3,2,4,2,2,1,1,2,3,1,3,2,2,4,1,2,4,1,2,2,1,1,1,2,2,4,3,1,2,2,1,3,1,3,2,3,4,2,4,1,1,1,3,2,1,1,2,1,4,2,2,2,4,2,4,2,3,1,3,1,4,3,2,1,1,3,4,3,4,4,1,3,3,4,3,2,2,3,3,4,2,2,1,4,1,2,4,3,4,3,3,4,3,1,2,3,1,3,2,1,2,2,1,1,3,4,2,4,2,4,1,1,2,3,3,3,3,4,1,4,4,4,2,1,2,3,1,2,2,4,2,2,3,3,2,2,2,4,4,4,3,1,4,4,2,4,1,3,4,3,4,3,3,4,4,3,1,1,1,1,4,2,3,1,1,2,2,4,3,3,2,2,2,4,3,2,1,3,3,1,1,3,3,2,4,4,2,1,1,1,1,2,3,2,1,2,4,4,1,2,4,3,1,2,1,4,3,4,1,3,2,4,3,1,2,1,1,2,3,3,2,2,1,1,4,2,4,2,4,1,1,3,4,2,4,1,3,4,1,2,3,1,2,4,2,2,2,3,1,1,2,4,4,1,4,2,1,1,4,1,3,2,3,1,4,3,3,3,4,4,1,4,3,1,4,2,4,4,1,1,1,2,2,4,4,1,1,2,2,1,4,2,1,1,1,2,4,2,4,2,1,1,3,1,4,1,3,1,1,2,4,3,2,3,1,3,2,1,2,4,4,4,3,4,3,3,2,1,1,2,4,2,2,1,3,2,2,3,1,4,2,4,4,2,4,2,3,3,3,3,1,3,2,2,2,4,2,1,1,1,1,1,1,3,1,4,1,2,2,4,1,3,3,3,3,1,4,3,1,1,1,1,1,2,1,1,1,2,2,4,4,1,3,1,4,3,3,4,1,4,3,2,1,4,4,4,2,2,1,1,1,4,2,1,2,3,1,2,1,2,2,4,3,1,2,1,2,3,2,2,1,3,2,1,2,1,3,4,3,1,3,1,1,3,4,3,1,4,1,4,3,3,1,4,1,4,1,3,2,1,2,3,2,4,2,1,2,4,3,4,1,4,2,2,4,2,2,1,1,1,3,3,1,4,4,4,1,3,2,4,1,1,2,3,3,1,2,3,2,2,1,2,2,2,4,2,2,1,3,3,2,1,1,2,2,3,3,3,2,3,1,4,4,4,1,4,2,2,4,4,3,1,3,1,3,2,1,4,1,1,3,4,3,4,3,1,3,3,1,1,1,4,1,3,3,1,1,3,1,1,4,1,4,2,4,1,1,3,1,1,1,4,4,2,4,3,4,1,4,1,3,2,2,2,2,1,1,4,1,2,1,3,3,3,2,4,1,4,1,2,3,2,3,4,4,2,2,1,4,3,4,1,2,3,1,2,3,1,2,4,2,2,1,1,1,2,2,4,1,4,3,4,1,3,2,2,3,1,4,2,3,4,4,2,1,1,3,3,1,3,1,2,4,3,2,1,3,2,3,2,1,4,2,1,3,4,4,3,4,3,3,1,3,1,2,2,3,1,2,1,2,3,2,3,3,2,3,1,1,1,4,2,2,4,2,1,4,4,1,2,3,3,2,3,4,3,2,2,2,4,2,3,2,2,2,4,4,4,4,1,1,3,2,4,4,2,2,1,2,1,2,2,4,4,1,2,4,1,4,3,1,3,2,1,3,2,1,2,3,1,2,2,4,3,1,1,2,3,2,2,1,2,1,1,4,1,4,2,1,1,4,4,1,3,3,4,1,2,2,3,3,2,4,1,3,1,4,4,3,4,2,4,3,4,4,3,3,1,2,3,4,1,4,2,4,1,2,4,1,4,2,4,4,1,4,3,2,1,3,3,2,1,3,4,3,2,3,1,3,3,2,3,3,1,2,2,2,2,4,4,4,2,2,4,2,3,1,2,3,3,4,1,2,2,1,3,2,2,1,3,3,3,2,3,1,4,4,1,1,1,3,1,2,4,2,2,3,3,4,3,3,4,1,4,4,1,1,4,1,1,4,1,2,3,3,4,3,2,1,4,3,2,1,1,2,3,4,1,4,1,1,1,3,3,2,4,4,2,3,4,2,1,4,3,4,1,3,3,2,3,2,3,1,1,1,1,1,4,1,3,2,4,3,1,1,3,4,2,2,2,2,1,4,1,4,2,3,3,1,3,1,1,4,2,2,2,2,4,2,2,3,2,2,1,1,2,1,3,3,3,4,3,2,3,3,3,3,1,3,3,1,1,4,2,4,1,1,1,4,3,2,2,3,2,3,4,1,3,3,1,1,2,3,1,2,4,3,4,1,1,3,4,1,3,3,3,1,1,3,2,3,3,3,2,4,1,1,4,3,3,1,3,4,1,2,3,4,1,1,2,3,2,4,1,1,2,2,2,3,1,3,4,3,2,4,4,3,3,2,2,4,2,1,1,4,3,3,1,3,2,1,4,3,4,4,3,3,1,1,4,4,1,4,2,3,3,2,1,1,4,4,1,4,2,3,2,3,3,4,4,3,4,2,1,4,4,4,1,2,3,2,4,1,2,4,4,3,1,3,2,3,2,4,1,1,4,1,3,2,2,2,3,2,1,2,3,1,4,1,3,1,2,3,4,2,3,3,4,4,3,4,4,2,3,1,2,3,3,2,4,1,1,3,3,1,3,1,4,1,1,1,3,4,2,2,1,3,2,2,1,1,3,2,1,4,4,4,1,3,4,4,4,1,1,1,4,1,1,3,1,2,1,1,2,2,1,3,4,2,3,1,1,2,2,3,1,2,2,4,2,3,1,2,4,2,1,1,1,4,1,1,2,2,3,2,1,1,3,1,3,3,1,2,2,2,3,2,3,4,3,1,1,2,1,2,4,3,1,2,4,1,3,4,3,4,4,3,2,3,3,1,3,3,1,2,3,1,2,2,3,2,3,2,2,2,3,2,4,1,1,4,2,1,4,2,3,3,1,1,4,1,2,4,2,1,3,2,4,3,1,2,1,2,3,4,1,3,3,4,4,3,2,3,3,2,1,3,2,1,2,2,2,1,1,3,3,3,3,3,1,4,2,3,2,2,3,2,2,4,2,2,4,2,2,2,2,2,2,1,4,1,1,4,4,2,3,3,1,2,3,4,4,3,2,2,1,4,2,4,1,2,2,3,4,2,1,4,2,4,1,3,3,1,4,1,3,4,4,2,2,2,2,2,1,1,4,4,2,3,3,4,4,4,2,4,2,1,4,3,2,1,1,2,2,1,1,1,2,4,1,1,3,4,2,1,2,4,4,4,3,1,4,2,3,4,4,2,3,2,1,4,2,3,1,4,4,3,2,2,4,1,2,3,4,1,3,1,1,4,1,2,2,1,4,4,1,2,2,4,4,3,3,1,1,4,4,3,1"
82,0.9875909492720556,0.4509803921568627,2338.0,"3,1,1,3,1,3,4,4,4,3,1,1,1,1,1,1,3,2,1,3,3,3,3,1,4,4,3,2,1,2,4,2,3,2,1,3,1,4,4,1,2,2,1,3,1,2,4,4,1,2,4,1,2,1,4,2,3,4,3,4,3,3,1,1,2,1,1,2,1,4,3,3,1,1,2,1,4,3,2,2,2,1,1,1,2,2,3,3,1,1,3,4,3,1,1,1,1,3,1,1,3,4,3,1,1,2,1,4,1,3,1,1,2,1,1,3,4,2,4,4,1,2,3,4,1,3,4,1,4,2,2,1,3,1,4,3,2,3,2,3,3,3,4,4,1,1,2,4,2,1,2,1,4,3,4,2,2,4,4,1,2,2,4,3,2,3,4,4,1,2,3,1,2,1,4,2,1,1,3,1,2,2,3,2,4,2,2,1,1,2,3,1,3,2,2,4,1,2,4,1,2,2,1,1,1,2,2,4,3,1,2,2,1,3,1,3,2,3,4,2,4,1,1,1,3,2,1,1,2,1,4,2,2,2,4,2,4,2,3,1,3,1,4,3,2,1,1,3,4,3,4,4,1,3,3,4,3,2,2,3,3,4,2,2,1,4,1,2,4,3,4,3,3,4,3,1,2,3,1,3,2,1,2,2,1,1,3,4,2,4,2,4,1,1,2,3,3,3,3,4,1,4,4,4,2,1,2,3,1,2,2,4,2,2,3,3,2,2,2,4,4,4,3,1,4,4,2,4,1,3,4,3,4,3,3,4,4,3,1,1,1,1,4,2,3,1,1,2,2,4,3,3,2,2,2,4,3,2,1,3,3,1,1,3,3,2,4,4,2,1,1,1,1,2,3,2,1,2,4,4,1,2,4,3,1,2,1,4,3,4,1,3,2,4,3,1,2,1,1,2,3,3,2,2,1,1,4,2,4,2,4,1,1,3,4,2,4,1,3,4,1,2,3,1,2,4,2,2,2,3,1,1,2,4,4,1,4,2,1,1,4,1,3,2,3,1,4,3,3,3,4,4,1,4,3,1,4,2,4,4,1,1,1,2,2,4,4,1,1,2,2,1,4,2,1,1,1,2,4,2,4,2,1,1,3,1,4,1,3,1,1,2,4,3,2,3,1,3,2,1,2,4,4,4,3,4,3,3,2,1,1,2,4,2,2,1,3,2,2,3,1,4,2,4,4,2,4,2,3,3,3,3,1,3,2,2,2,4,2,1,1,1,1,1,1,3,1,4,1,2,2,4,1,3,3,3,3,1,4,3,1,1,1,1,1,2,1,1,1,2,2,4,4,1,3,1,4,3,3,4,1,4,3,2,1,4,4,4,2,2,1,1,1,4,2,1,2,3,1,2,1,2,2,4,3,1,2,1,2,3,2,2,1,3,2,1,2,1,3,4,3,1,3,1,1,3,4,3,1,4,1,4,3,3,1,4,1,4,1,3,2,1,2,3,2,4,2,1,2,4,3,4,1,4,2,2,4,2,2,1,1,1,3,3,1,4,4,4,1,3,2,4,1,1,2,3,3,1,2,3,2,2,1,2,2,2,4,2,2,1,3,3,2,1,1,2,2,3,3,3,2,3,1,4,4,4,1,4,2,2,4,4,3,1,3,1,3,2,1,4,1,1,3,4,3,4,3,1,3,3,1,1,1,4,1,3,3,1,1,3,1,1,4,1,4,2,4,1,1,3,1,1,1,4,4,2,4,3,4,1,4,1,3,2,2,2,2,1,1,4,1,2,1,3,3,3,2,4,1,4,1,2,3,2,3,4,4,2,2,1,4,3,4,1,2,3,1,2,3,1,2,4,2,2,1,1,1,2,2,4,1,4,3,4,1,3,2,2,3,1,4,2,3,4,4,2,1,1,3,3,1,3,1,2,4,3,2,1,3,2,3,2,1,4,2,1,3,4,4,3,4,3,3,1,3,1,2,2,3,1,2,1,2,3,2,3,3,2,3,1,1,1,4,2,2,4,2,1,4,4,1,2,3,3,2,3,4,3,2,2,2,4,2,3,2,2,2,4,4,4,4,1,1,3,2,4,4,2,2,1,2,1,2,2,4,4,1,2,4,1,4,3,1,3,2,1,3,2,1,2,3,1,2,2,4,3,1,1,2,3,2,2,1,2,1,1,4,1,4,2,1,1,4,4,1,3,3,4,1,2,2,3,3,2,4,1,3,1,4,4,3,4,2,4,3,4,4,3,3,1,2,3,4,1,4,2,4,1,2,4,1,4,2,4,4,1,4,3,2,1,3,3,2,1,3,4,3,2,3,1,3,3,2,3,3,1,2,2,2,2,4,4,4,2,2,4,2,3,1,2,3,3,4,1,2,2,1,3,2,2,1,3,3,3,2,3,1,4,4,1,1,1,3,1,2,4,2,2,3,3,4,3,3,4,1,4,4,1,1,4,1,1,4,1,2,3,3,4,3,2,1,4,3,2,1,1,2,3,4,1,4,1,1,1,3,3,2,4,4,2,3,4,2,1,4,3,4,1,3,3,2,3,2,3,1,1,1,1,1,4,1,3,2,4,3,1,1,3,4,2,2,2,2,1,4,1,4,2,3,3,1,3,1,1,4,2,2,2,2,4,2,2,3,2,2,1,1,2,1,3,3,3,4,3,2,3,3,3,3,1,3,3,1,1,4,2,4,1,1,1,4,3,2,2,3,2,3,4,1,3,3,1,1,2,3,1,2,4,3,4,1,1,3,4,1,3,3,3,1,1,3,2,3,3,3,2,4,1,1,4,3,3,1,3,4,1,2,3,4,1,1,2,3,2,4,1,1,2,2,2,3,1,3,4,3,2,4,4,3,3,2,2,4,2,1,1,4,3,3,1,3,2,1,4,3,4,4,3,3,1,1,4,4,1,4,2,3,3,2,1,1,4,4,1,4,2,3,2,3,3,4,4,3,4,2,1,4,4,4,1,2,3,2,4,1,2,4,4,3,1,3,2,3,2,4,1,1,4,1,3,2,2,2,3,2,1,2,3,1,4,1,3,1,2,3,4,2,3,3,4,4,3,4,4,2,3,1,2,3,3,2,4,1,1,3,3,1,3,1,4,1,1,1,3,4,2,2,1,3,2,2,1,1,3,2,1,4,4,4,1,3,4,4,4,1,1,1,4,1,1,3,1,2,1,1,2,2,1,3,4,2,3,1,1,2,2,3,1,2,2,4,2,3,1,2,4,2,1,1,1,4,1,1,2,2,3,2,1,1,3,1,3,3,1,2,2,2,3,2,3,4,3,1,1,2,1,2,4,3,1,2,4,1,3,4,3,4,4,3,2,3,3,1,3,3,1,2,3,1,2,2,3,2,3,2,2,2,3,2,4,1,1,4,2,1,4,2,3,3,1,1,4,1,2,4,2,1,3,2,4,3,1,2,1,2,3,4,1,3,3,4,4,3,2,3,3,2,1,3,2,1,2,2,2,1,1,3,3,3,3,3,1,4,2,3,2,2,3,2,2,4,2,2,4,2,2,2,2,2,2,1,4,1,1,4,4,2,3,3,1,2,3,4,4,3,2,2,1,4,2,4,1,2,2,3,4,2,1,4,2,4,1,3,3,1,4,1,3,4,4,2,2,2,2,2,1,1,4,4,2,3,3,4,4,4,2,4,2,1,4,3,2,1,1,2,2,1,1,1,2,4,1,1,3,4,2,1,2,4,4,4,3,1,4,2,3,4,4,2,3,2,1,4,2,3,1,4,4,3,2,2,4,1,2,3,4,1,3,1,1,4,1,2,2,1,4,4,1,2,2,4,4,3,3,1,1,4,4,3,1"
83,0.9875909492720556,0.4509803921568627,2338.0,"3,1,1,3,1,3,4,4,4,3,1,1,1,1,1,1,3,2,1,3,3,3,3,1,4,4,3,2,1,2,4,2,3,2,1,3,1,4,4,1,2,2,1,3,1,2,4,4,1,2,4,1,2,1,4,2,3,4,3,4,3,3,1,1,2,1,1,2,1,4,3,3,1,1,2,1,4,3,2,2,2,1,1,1,2,2,3,3,1,1,3,4,3,1,1,1,1,3,1,1,3,4,3,1,1,2,1,4,1,3,1,1,2,1,1,3,4,2,4,4,1,2,3,4,1,3,4,1,4,2,2,1,3,1,4,3,2,3,2,3,3,3,4,4,1,1,2,4,2,1,2,1,4,3,4,2,2,4,4,1,2,2,4,3,2,3,4,4,1,2,3,1,2,1,4,2,1,1,3,1,2,2,3,2,4,2,2,1,1,2,3,1,3,2,2,4,1,2,4,1,2,2,1,1,1,2,2,4,3,1,2,2,1,3,1,3,2,3,4,2,4,1,1,1,3,2,1,1,2,1,4,2,2,2,4,2,4,2,3,1,3,1,4,3,2,1,1,3,4,3,4,4,1,3,3,4,3,2,2,3,3,4,2,2,1,4,1,2,4,3,4,3,3,4,3,1,2,3,1,3,2,1,2,2,1,1,3,4,2,4,2,4,1,1,2,3,3,3,3,4,1,4,4,4,2,1,2,3,1,2,2,4,2,2,3,3,2,2,2,4,4,4,3,1,4,4,2,4,1,3,4,3,4,3,3,4,4,3,1,1,1,1,4,2,3,1,1,2,2,4,3,3,2,2,2,4,3,2,1,3,3,1,1,3,3,2,4,4,2,1,1,1,1,2,3,2,1,2,4,4,1,2,4,3,1,2,1,4,3,4,1,3,2,4,3,1,2,1,1,2,3,3,2,2,1,1,4,2,4,2,4,1,1,3,4,2,4,1,3,4,1,2,3,1,2,4,2,2,2,3,1,1,2,4,4,1,4,2,1,1,4,1,3,2,3,1,4,3,3,3,4,4,1,4,3,1,4,2,4,4,1,1,1,2,2,4,4,1,1,2,2,1,4,2,1,1,1,2,4,2,4,2,1,1,3,1,4,1,3,1,1,2,4,3,2,3,1,3,2,1,2,4,4,4,3,4,3,3,2,1,1,2,4,2,2,1,3,2,2,3,1,4,2,4,4,2,4,2,3,3,3,3,1,3,2,2,2,4,2,1,1,1,1,1,1,3,1,4,1,2,2,4,1,3,3,3,3,1,4,3,1,1,1,1,1,2,1,1,1,2,2,4,4,1,3,1,4,3,3,4,1,4,3,2,1,4,4,4,2,2,1,1,1,4,2,1,2,3,1,2,1,2,2,4,3,1,2,1,2,3,2,2,1,3,2,1,2,1,3,4,3,1,3,1,1,3,4,3,1,4,1,4,3,3,1,4,1,4,1,3,2,1,2,3,2,4,2,1,2,4,3,4,1,4,2,2,4,2,2,1,1,1,3,3,1,4,4,4,1,3,2,4,1,1,2,3,3,1,2,3,2,2,1,2,2,2,4,2,2,1,3,3,2,1,1,2,2,3,3,3,2,3,1,4,4,4,1,4,2,2,4,4,3,1,3,1,3,2,1,4,1,1,3,4,3,4,3,1,3,3,1,1,1,4,1,3,3,1,1,3,1,1,4,1,4,2,4,1,1,3,1,1,1,4,4,2,4,3,4,1,4,1,3,2,2,2,2,1,1,4,1,2,1,3,3,3,2,4,1,4,1,2,3,2,3,4,4,2,2,1,4,3,4,1,2,3,1,2,3,1,2,4,2,2,1,1,1,2,2,4,1,4,3,4,1,3,2,2,3,1,4,2,3,4,4,2,1,1,3,3,1,3,1,2,4,3,2,1,3,2,3,2,1,4,2,1,3,4,4,3,4,3,3,1,3,1,2,2,3,1,2,1,2,3,2,3,3,2,3,1,1,1,4,2,2,4,2,1,4,4,1,2,3,3,2,3,4,3,2,2,2,4,2,3,2,2,2,4,4,4,4,1,1,3,2,4,4,2,2,1,2,1,2,2,4,4,1,2,4,1,4,3,1,3,2,1,3,2,1,2,3,1,2,2,4,3,1,1,2,3,2,2,1,2,1,1,4,1,4,2,1,1,4,4,1,3,3,4,1,2,2,3,3,2,4,1,3,1,4,4,3,4,2,4,3,4,4,3,3,1,2,3,4,1,4,2,4,1,2,4,1,4,2,4,4,1,4,3,2,1,3,3,2,1,3,4,3,2,3,1,3,3,2,3,3,1,2,2,2,2,4,4,4,2,2,4,2,3,1,2,3,3,4,1,2,2,1,3,2,2,1,3,3,3,2,3,1,4,4,1,1,1,3,1,2,4,2,2,3,3,4,3,3,4,1,4,4,1,1,4,1,1,4,1,2,3,3,4,3,2,1,4,3,2,1,1,2,3,4,1,4,1,1,1,3,3,2,4,4,2,3,4,2,1,4,3,4,1,3,3,2,3,2,3,1,1,1,1,1,4,1,3,2,4,3,1,1,3,4,2,2,2,2,1,4,1,4,2,3,3,1,3,1,1,4,2,2,2,2,4,2,2,3,2,2,1,1,2,1,3,3,3,4,3,2,3,3,3,3,1,3,3,1,1,4,2,4,1,1,1,4,3,2,2,3,2,3,4,1,3,3,1,1,2,3,1,2,4,3,4,1,1,3,4,1,3,3,3,1,1,3,2,3,3,3,2,4,1,1,4,3,3,1,3,4,1,2,3,4,1,1,2,3,2,4,1,1,2,2,2,3,1,3,4,3,2,4,4,3,3,2,2,4,2,1,1,4,3,3,1,3,2,1,4,3,4,4,3,3,1,1,4,4,1,4,2,3,3,2,1,1,4,4,1,4,2,3,2,3,3,4,4,3,4,2,1,4,4,4,1,2,3,2,4,1,2,4,4,3,1,3,2,3,2,4,1,1,4,1,3,2,2,2,3,2,1,2,3,1,4,1,3,1,2,3,4,2,3,3,4,4,3,4,4,2,3,1,2,3,3,2,4,1,1,3,3,1,3,1,4,1,1,1,3,4,2,2,1,3,2,2,1,1,3,2,1,4,4,4,1,3,4,4,4,1,1,1,4,1,1,3,1,2,1,1,2,2,1,3,4,2,3,1,1,2,2,3,1,2,2,4,2,3,1,2,4,2,1,1,1,4,1,1,2,2,3,2,1,1,3,1,3,3,1,2,2,2,3,2,3,4,3,1,1,2,1,2,4,3,1,2,4,1,3,4,3,4,4,3,2,3,3,1,3,3,1,2,3,1,2,2,3,2,3,2,2,2,3,2,4,1,1,4,2,1,4,2,3,3,1,1,4,1,2,4,2,1,3,2,4,3,1,2,1,2,3,4,1,3,3,4,4,3,2,3,3,2,1,3,2,1,2,2,2,1,1,3,3,3,3,3,1,4,2,3,2,2,3,2,2,4,2,2,4,2,2,2,2,2,2,1,4,1,1,4,4,2,3,3,1,2,3,4,4,3,2,2,1,4,2,4,1,2,2,3,4,2,1,4,2,4,1,3,3,1,4,1,3,4,4,2,2,2,2,2,1,1,4,4,2,3,3,4,4,4,2,4,2,1,4,3,2,1,1,2,2,1,1,1,2,4,1,1,3,4,2,1,2,4,4,4,3,1,4,2,3,4,4,2,3,2,1,4,2,3,1,4,4,3,2,2,4,1,2,3,4,1,3,1,1,4,1,2,2,1,4,4,1,2,2,4,4,3,3,1,1,4,4,3,1"
84,0.9875909492720556,0.4509803921568627,2338.0,"3,1,1,3,1,3,4,4,4,3,1,1,1,1,1,1,3,2,1,3,3,3,3,1,4,4,3,2,1,2,4,2,3,2,1,3,1,4,4,1,2,2,1,3,1,2,4,4,1,2,4,1,2,1,4,2,3,4,3,4,3,3,1,1,2,1,1,2,1,4,3,3,1,1,2,1,4,3,2,2,2,1,1,1,2,2,3,3,1,1,3,4,3,1,1,1,1,3,1,1,3,4,3,1,1,2,1,4,1,3,1,1,2,1,1,3,4,2,4,4,1,2,3,4,1,3,4,1,4,2,2,1,3,1,4,3,2,3,2,3,3,3,4,4,1,1,2,4,2,1,2,1,4,3,4,2,2,4,4,1,2,2,4,3,2,3,4,4,1,2,3,1,2,1,4,2,1,1,3,1,2,2,3,2,4,2,2,1,1,2,3,1,3,2,2,4,1,2,4,1,2,2,1,1,1,2,2,4,3,1,2,2,1,3,1,3,2,3,4,2,4,1,1,1,3,2,1,1,2,1,4,2,2,2,4,2,4,2,3,1,3,1,4,3,2,1,1,3,4,3,4,4,1,3,3,4,3,2,2,3,3,4,2,2,1,4,1,2,4,3,4,3,3,4,3,1,2,3,1,3,2,1,2,2,1,1,3,4,2,4,2,4,1,1,2,3,3,3,3,4,1,4,4,4,2,1,2,3,1,2,2,4,2,2,3,3,2,2,2,4,4,4,3,1,4,4,2,4,1,3,4,3,4,3,3,4,4,3,1,1,1,1,4,2,3,1,1,2,2,4,3,3,2,2,2,4,3,2,1,3,3,1,1,3,3,2,4,4,2,1,1,1,1,2,3,2,1,2,4,4,1,2,4,3,1,2,1,4,3,4,1,3,2,4,3,1,2,1,1,2,3,3,2,2,1,1,4,2,4,2,4,1,1,3,4,2,4,1,3,4,1,2,3,1,2,4,2,2,2,3,1,1,2,4,4,1,4,2,1,1,4,1,3,2,3,1,4,3,3,3,4,4,1,4,3,1,4,2,4,4,1,1,1,2,2,4,4,1,1,2,2,1,4,2,1,1,1,2,4,2,4,2,1,1,3,1,4,1,3,1,1,2,4,3,2,3,1,3,2,1,2,4,4,4,3,4,3,3,2,1,1,2,4,2,2,1,3,2,2,3,1,4,2,4,4,2,4,2,3,3,3,3,1,3,2,2,2,4,2,1,1,1,1,1,1,3,1,4,1,2,2,4,1,3,3,3,3,1,4,3,1,1,1,1,1,2,1,1,1,2,2,4,4,1,3,1,4,3,3,4,1,4,3,2,1,4,4,4,2,2,1,1,1,4,2,1,2,3,1,2,1,2,2,4,3,1,2,1,2,3,2,2,1,3,2,1,2,1,3,4,3,1,3,1,1,3,4,3,1,4,1,4,3,3,1,4,1,4,1,3,2,1,2,3,2,4,2,1,2,4,3,4,1,4,2,2,4,2,2,1,1,1,3,3,1,4,4,4,1,3,2,4,1,1,2,3,3,1,2,3,2,2,1,2,2,2,4,2,2,1,3,3,2,1,1,2,2,3,3,3,2,3,1,4,4,4,1,4,2,2,4,4,3,1,3,1,3,2,1,4,1,1,3,4,3,4,3,1,3,3,1,1,1,4,1,3,3,1,1,3,1,1,4,1,4,2,4,1,1,3,1,1,1,4,4,2,4,3,4,1,4,1,3,2,2,2,2,1,1,4,1,2,1,3,3,3,2,4,1,4,1,2,3,2,3,4,4,2,2,1,4,3,4,1,2,3,1,2,3,1,2,4,2,2,1,1,1,2,2,4,1,4,3,4,1,3,2,2,3,1,4,2,3,4,4,2,1,1,3,3,1,3,1,2,4,3,2,1,3,2,3,2,1,4,2,1,3,4,4,3,4,3,3,1,3,1,2,2,3,1,2,1,2,3,2,3,3,2,3,1,1,1,4,2,2,4,2,1,4,4,1,2,3,3,2,3,4,3,2,2,2,4,2,3,2,2,2,4,4,4,4,1,1,3,2,4,4,2,2,1,2,1,2,2,4,4,1,2,4,1,4,3,1,3,2,1,3,2,1,2,3,1,2,2,4,3,1,1,2,3,2,2,1,2,1,1,4,1,4,2,1,1,4,4,1,3,3,4,1,2,2,3,3,2,4,1,3,1,4,4,3,4,2,4,3,4,4,3,3,1,2,3,4,1,4,2,4,1,2,4,1,4,2,4,4,1,4,3,2,1,3,3,2,1,3,4,3,2,3,1,3,3,2,3,3,1,2,2,2,2,4,4,4,2,2,4,2,3,1,2,3,3,4,1,2,2,1,3,2,2,1,3,3,3,2,3,1,4,4,1,1,1,3,1,2,4,2,2,3,3,4,3,3,4,1,4,4,1,1,4,1,1,4,1,2,3,3,4,3,2,1,4,3,2,1,1,2,3,4,1,4,1,1,1,3,3,2,4,4,2,3,4,2,1,4,3,4,1,3,3,2,3,2,3,1,1,1,1,1,4,1,3,2,4,3,1,1,3,4,2,2,2,2,1,4,1,4,2,3,3,1,3,1,1,4,2,2,2,2,4,2,2,3,2,2,1,1,2,1,3,3,3,4,3,2,3,3,3,3,1,3,3,1,1,4,2,4,1,1,1,4,3,2,2,3,2,3,4,1,3,3,1,1,2,3,1,2,4,3,4,1,1,3,4,1,3,3,3,1,1,3,2,3,3,3,2,4,1,1,4,3,3,1,3,4,1,2,3,4,1,1,2,3,2,4,1,1,2,2,2,3,1,3,4,3,2,4,4,3,3,2,2,4,2,1,1,4,3,3,1,3,2,1,4,3,4,4,3,3,1,1,4,4,1,4,2,3,3,2,1,1,4,4,1,4,2,3,2,3,3,4,4,3,4,2,1,4,4,4,1,2,3,2,4,1,2,4,4,3,1,3,2,3,2,4,1,1,4,1,3,2,2,2,3,2,1,2,3,1,4,1,3,1,2,3,4,2,3,3,4,4,3,4,4,2,3,1,2,3,3,2,4,1,1,3,3,1,3,1,4,1,1,1,3,4,2,2,1,3,2,2,1,1,3,2,1,4,4,4,1,3,4,4,4,1,1,1,4,1,1,3,1,2,1,1,2,2,1,3,4,2,3,1,1,2,2,3,1,2,2,4,2,3,1,2,4,2,1,1,1,4,1,1,2,2,3,2,1,1,3,1,3,3,1,2,2,2,3,2,3,4,3,1,1,2,1,2,4,3,1,2,4,1,3,4,3,4,4,3,2,3,3,1,3,3,1,2,3,1,2,2,3,2,3,2,2,2,3,2,4,1,1,4,2,1,4,2,3,3,1,1,4,1,2,4,2,1,3,2,4,3,1,2,1,2,3,4,1,3,3,4,4,3,2,3,3,2,1,3,2,1,2,2,2,1,1,3,3,3,3,3,1,4,2,3,2,2,3,2,2,4,2,2,4,2,2,2,2,2,2,1,4,1,1,4,4,2,3,3,1,2,3,4,4,3,2,2,1,4,2,4,1,2,2,3,4,2,1,4,2,4,1,3,3,1,4,1,3,4,4,2,2,2,2,2,1,1,4,4,2,3,3,4,4,4,2,4,2,1,4,3,2,1,1,2,2,1,1,1,2,4,1,1,3,4,2,1,2,4,4,4,3,1,4,2,3,4,4,2,3,2,1,4,2,3,1,4,4,3,2,2,4,1,2,3,4,1,3,1,1,4,1,2,2,1,4,4,1,2,2,4,4,3,3,1,1,4,4,3,1"
85,0.9875909492720556,0.4509803921568627,2338.0,"3,1,1,3,1,3,4,4,4,3,1,1,1,1,1,1,3,2,1,3,3,3,3,1,4,4,3,2,1,2,4,2,3,2,1,3,1,4,4,1,2,2,1,3,1,2,4,4,1,2,4,1,2,1,4,2,3,4,3,4,3,3,1,1,2,1,1,2,1,4,3,3,1,1,2,1,4,3,2,2,2,1,1,1,2,2,3,3,1,1,3,4,3,1,1,1,1,3,1,1,3,4,3,1,1,2,1,4,1,3,1,1,2,1,1,3,4,2,4,4,1,2,3,4,1,3,4,1,4,2,2,1,3,1,4,3,2,3,2,3,3,3,4,4,1,1,2,4,2,1,2,1,4,3,4,2,2,4,4,1,2,2,4,3,2,3,4,4,1,2,3,1,2,1,4,2,1,1,3,1,2,2,3,2,4,2,2,1,1,2,3,1,3,2,2,4,1,2,4,1,2,2,1,1,1,2,2,4,3,1,2,2,1,3,1,3,2,3,4,2,4,1,1,1,3,2,1,1,2,1,4,2,2,2,4,2,4,2,3,1,3,1,4,3,2,1,1,3,4,3,4,4,1,3,3,4,3,2,2,3,3,4,2,2,1,4,1,2,4,3,4,3,3,4,3,1,2,3,1,3,2,1,2,2,1,1,3,4,2,4,2,4,1,1,2,3,3,3,3,4,1,4,4,4,2,1,2,3,1,2,2,4,2,2,3,3,2,2,2,4,4,4,3,1,4,4,2,4,1,3,4,3,4,3,3,4,4,3,1,1,1,1,4,2,3,1,1,2,2,4,3,3,2,2,2,4,3,2,1,3,3,1,1,3,3,2,4,4,2,1,1,1,1,2,3,2,1,2,4,4,1,2,4,3,1,2,1,4,3,4,1,3,2,4,3,1,2,1,1,2,3,3,2,2,1,1,4,2,4,2,4,1,1,3,4,2,4,1,3,4,1,2,3,1,2,4,2,2,2,3,1,1,2,4,4,1,4,2,1,1,4,1,3,2,3,1,4,3,3,3,4,4,1,4,3,1,4,2,4,4,1,1,1,2,2,4,4,1,1,2,2,1,4,2,1,1,1,2,4,2,4,2,1,1,3,1,4,1,3,1,1,2,4,3,2,3,1,3,2,1,2,4,4,4,3,4,3,3,2,1,1,2,4,2,2,1,3,2,2,3,1,4,2,4,4,2,4,2,3,3,3,3,1,3,2,2,2,4,2,1,1,1,1,1,1,3,1,4,1,2,2,4,1,3,3,3,3,1,4,3,1,1,1,1,1,2,1,1,1,2,2,4,4,1,3,1,4,3,3,4,1,4,3,2,1,4,4,4,2,2,1,1,1,4,2,1,2,3,1,2,1,2,2,4,3,1,2,1,2,3,2,2,1,3,2,1,2,1,3,4,3,1,3,1,1,3,4,3,1,4,1,4,3,3,1,4,1,4,1,3,2,1,2,3,2,4,2,1,2,4,3,4,1,4,2,2,4,2,2,1,1,1,3,3,1,4,4,4,1,3,2,4,1,1,2,3,3,1,2,3,2,2,1,2,2,2,4,2,2,1,3,3,2,1,1,2,2,3,3,3,2,3,1,4,4,4,1,4,2,2,4,4,3,1,3,1,3,2,1,4,1,1,3,4,3,4,3,1,3,3,1,1,1,4,1,3,3,1,1,3,1,1,4,1,4,2,4,1,1,3,1,1,1,4,4,2,4,3,4,1,4,1,3,2,2,2,2,1,1,4,1,2,1,3,3,3,2,4,1,4,1,2,3,2,3,4,4,2,2,1,4,3,4,1,2,3,1,2,3,1,2,4,2,2,1,1,1,2,2,4,1,4,3,4,1,3,2,2,3,1,4,2,3,4,4,2,1,1,3,3,1,3,1,2,4,3,2,1,3,2,3,2,1,4,2,1,3,4,4,3,4,3,3,1,3,1,2,2,3,1,2,1,2,3,2,3,3,2,3,1,1,1,4,2,2,4,2,1,4,4,1,2,3,3,2,3,4,3,2,2,2,4,2,3,2,2,2,4,4,4,4,1,1,3,2,4,4,2,2,1,2,1,2,2,4,4,1,2,4,1,4,3,1,3,2,1,3,2,1,2,3,1,2,2,4,3,1,1,2,3,2,2,1,2,1,1,4,1,4,2,1,1,4,4,1,3,3,4,1,2,2,3,3,2,4,1,3,1,4,4,3,4,2,4,3,4,4,3,3,1,2,3,4,1,4,2,4,1,2,4,1,4,2,4,4,1,4,3,2,1,3,3,2,1,3,4,3,2,3,1,3,3,2,3,3,1,2,2,2,2,4,4,4,2,2,4,2,3,1,2,3,3,4,1,2,2,1,3,2,2,1,3,3,3,2,3,1,4,4,1,1,1,3,1,2,4,2,2,3,3,4,3,3,4,1,4,4,1,1,4,1,1,4,1,2,3,3,4,3,2,1,4,3,2,1,1,2,3,4,1,4,1,1,1,3,3,2,4,4,2,3,4,2,1,4,3,4,1,3,3,2,3,2,3,1,1,1,1,1,4,1,3,2,4,3,1,1,3,4,2,2,2,2,1,4,1,4,2,3,3,1,3,1,1,4,2,2,2,2,4,2,2,3,2,2,1,1,2,1,3,3,3,4,3,2,3,3,3,3,1,3,3,1,1,4,2,4,1,1,1,4,3,2,2,3,2,3,4,1,3,3,1,1,2,3,1,2,4,3,4,1,1,3,4,1,3,3,3,1,1,3,2,3,3,3,2,4,1,1,4,3,3,1,3,4,1,2,3,4,1,1,2,3,2,4,1,1,2,2,2,3,1,3,4,3,2,4,4,3,3,2,2,4,2,1,1,4,3,3,1,3,2,1,4,3,4,4,3,3,1,1,4,4,1,4,2,3,3,2,1,1,4,4,1,4,2,3,2,3,3,4,4,3,4,2,1,4,4,4,1,2,3,2,4,1,2,4,4,3,1,3,2,3,2,4,1,1,4,1,3,2,2,2,3,2,1,2,3,1,4,1,3,1,2,3,4,2,3,3,4,4,3,4,4,2,3,1,2,3,3,2,4,1,1,3,3,1,3,1,4,1,1,1,3,4,2,2,1,3,2,2,1,1,3,2,1,4,4,4,1,3,4,4,4,1,1,1,4,1,1,3,1,2,1,1,2,2,1,3,4,2,3,1,1,2,2,3,1,2,2,4,2,3,1,2,4,2,1,1,1,4,1,1,2,2,3,2,1,1,3,1,3,3,1,2,2,2,3,2,3,4,3,1,1,2,1,2,4,3,1,2,4,1,3,4,3,4,4,3,2,3,3,1,3,3,1,2,3,1,2,2,3,2,3,2,2,2,3,2,4,1,1,4,2,1,4,2,3,3,1,1,4,1,2,4,2,1,3,2,4,3,1,2,1,2,3,4,1,3,3,4,4,3,2,3,3,2,1,3,2,1,2,2,2,1,1,3,3,3,3,3,1,4,2,3,2,2,3,2,2,4,2,2,4,2,2,2,2,2,2,1,4,1,1,4,4,2,3,3,1,2,3,4,4,3,2,2,1,4,2,4,1,2,2,3,4,2,1,4,2,4,1,3,3,1,4,1,3,4,4,2,2,2,2,2,1,1,4,4,2,3,3,4,4,4,2,4,2,1,4,3,2,1,1,2,2,1,1,1,2,4,1,1,3,4,2,1,2,4,4,4,3,1,4,2,3,4,4,2,3,2,1,4,2,3,1,4,4,3,2,2,4,1,2,3,4,1,3,1,1,4,1,2,2,1,4,4,1,2,2,4,4,3,3,1,1,4,4,3,1"
86,0.9875909492720556,0.4509803921568627,2338.0,"3,1,1,3,1,3,4,4,4,3,1,1,1,1,1,1,3,2,1,3,3,3,3,1,4,4,3,2,1,2,4,2,3,2,1,3,1,4,4,1,2,2,1,3,1,2,4,4,1,2,4,1,2,1,4,2,3,4,3,4,3,3,1,1,2,1,1,2,1,4,3,3,1,1,2,1,4,3,2,2,2,1,1,1,2,2,3,3,1,1,3,4,3,1,1,1,1,3,1,1,3,4,3,1,1,2,1,4,1,3,1,1,2,1,1,3,4,2,4,4,1,2,3,4,1,3,4,1,4,2,2,1,3,1,4,3,2,3,2,3,3,3,4,4,1,1,2,4,2,1,2,1,4,3,4,2,2,4,4,1,2,2,4,3,2,3,4,4,1,2,3,1,2,1,4,2,1,1,3,1,2,2,3,2,4,2,2,1,1,2,3,1,3,2,2,4,1,2,4,1,2,2,1,1,1,2,2,4,3,1,2,2,1,3,1,3,2,3,4,2,4,1,1,1,3,2,1,1,2,1,4,2,2,2,4,2,4,2,3,1,3,1,4,3,2,1,1,3,4,3,4,4,1,3,3,4,3,2,2,3,3,4,2,2,1,4,1,2,4,3,4,3,3,4,3,1,2,3,1,3,2,1,2,2,1,1,3,4,2,4,2,4,1,1,2,3,3,3,3,4,1,4,4,4,2,1,2,3,1,2,2,4,2,2,3,3,2,2,2,4,4,4,3,1,4,4,2,4,1,3,4,3,4,3,3,4,4,3,1,1,1,1,4,2,3,1,1,2,2,4,3,3,2,2,2,4,3,2,1,3,3,1,1,3,3,2,4,4,2,1,1,1,1,2,3,2,1,2,4,4,1,2,4,3,1,2,1,4,3,4,1,3,2,4,3,1,2,1,1,2,3,3,2,2,1,1,4,2,4,2,4,1,1,3,4,2,4,1,3,4,1,2,3,1,2,4,2,2,2,3,1,1,2,4,4,1,4,2,1,1,4,1,3,2,3,1,4,3,3,3,4,4,1,4,3,1,4,2,4,4,1,1,1,2,2,4,4,1,1,2,2,1,4,2,1,1,1,2,4,2,4,2,1,1,3,1,4,1,3,1,1,2,4,3,2,3,1,3,2,1,2,4,4,4,3,4,3,3,2,1,1,2,4,2,2,1,3,2,2,3,1,4,2,4,4,2,4,2,3,3,3,3,1,3,2,2,2,4,2,1,1,1,1,1,1,3,1,4,1,2,2,4,1,3,3,3,3,1,4,3,1,1,1,1,1,2,1,1,1,2,2,4,4,1,3,1,4,3,3,4,1,4,3,2,1,4,4,4,2,2,1,1,1,4,2,1,2,3,1,2,1,2,2,4,3,1,2,1,2,3,2,2,1,3,2,1,2,1,3,4,3,1,3,1,1,3,4,3,1,4,1,4,3,3,1,4,1,4,1,3,2,1,2,3,2,4,2,1,2,4,3,4,1,4,2,2,4,2,2,1,1,1,3,3,1,4,4,4,1,3,2,4,1,1,2,3,3,1,2,3,2,2,1,2,2,2,4,2,2,1,3,3,2,1,1,2,2,3,3,3,2,3,1,4,4,4,1,4,2,2,4,4,3,1,3,1,3,2,1,4,1,1,3,4,3,4,3,1,3,3,1,1,1,4,1,3,3,1,1,3,1,1,4,1,4,2,4,1,1,3,1,1,1,4,4,2,4,3,4,1,4,1,3,2,2,2,2,1,1,4,1,2,1,3,3,3,2,4,1,4,1,2,3,2,3,4,4,2,2,1,4,3,4,1,2,3,1,2,3,1,2,4,2,2,1,1,1,2,2,4,1,4,3,4,1,3,2,2,3,1,4,2,3,4,4,2,1,1,3,3,1,3,1,2,4,3,2,1,3,2,3,2,1,4,2,1,3,4,4,3,4,3,3,1,3,1,2,2,3,1,2,1,2,3,2,3,3,2,3,1,1,1,4,2,2,4,2,1,4,4,1,2,3,3,2,3,4,3,2,2,2,4,2,3,2,2,2,4,4,4,4,1,1,3,2,4,4,2,2,1,2,1,2,2,4,4,1,2,4,1,4,3,1,3,2,1,3,2,1,2,3,1,2,2,4,3,1,1,2,3,2,2,1,2,1,1,4,1,4,2,1,1,4,4,1,3,3,4,1,2,2,3,3,2,4,1,3,1,4,4,3,4,2,4,3,4,4,3,3,1,2,3,4,1,4,2,4,1,2,4,1,4,2,4,4,1,4,3,2,1,3,3,2,1,3,4,3,2,3,1,3,3,2,3,3,1,2,2,2,2,4,4,4,2,2,4,2,3,1,2,3,3,4,1,2,2,1,3,2,2,1,3,3,3,2,3,1,4,4,1,1,1,3,1,2,4,2,2,3,3,4,3,3,4,1,4,4,1,1,4,1,1,4,1,2,3,3,4,3,2,1,4,3,2,1,1,2,3,4,1,4,1,1,1,3,3,2,4,4,2,3,4,2,1,4,3,4,1,3,3,2,3,2,3,1,1,1,1,1,4,1,3,2,4,3,1,1,3,4,2,2,2,2,1,4,1,4,2,3,3,1,3,1,1,4,2,2,2,2,4,2,2,3,2,2,1,1,2,1,3,3,3,4,3,2,3,3,3,3,1,3,3,1,1,4,2,4,1,1,1,4,3,2,2,3,2,3,4,1,3,3,1,1,2,3,1,2,4,3,4,1,1,3,4,1,3,3,3,1,1,3,2,3,3,3,2,4,1,1,4,3,3,1,3,4,1,2,3,4,1,1,2,3,2,4,1,1,2,2,2,3,1,3,4,3,2,4,4,3,3,2,2,4,2,1,1,4,3,3,1,3,2,1,4,3,4,4,3,3,1,1,4,4,1,4,2,3,3,2,1,1,4,4,1,4,2,3,2,3,3,4,4,3,4,2,1,4,4,4,1,2,3,2,4,1,2,4,4,3,1,3,2,3,2,4,1,1,4,1,3,2,2,2,3,2,1,2,3,1,4,1,3,1,2,3,4,2,3,3,4,4,3,4,4,2,3,1,2,3,3,2,4,1,1,3,3,1,3,1,4,1,1,1,3,4,2,2,1,3,2,2,1,1,3,2,1,4,4,4,1,3,4,4,4,1,1,1,4,1,1,3,1,2,1,1,2,2,1,3,4,2,3,1,1,2,2,3,1,2,2,4,2,3,1,2,4,2,1,1,1,4,1,1,2,2,3,2,1,1,3,1,3,3,1,2,2,2,3,2,3,4,3,1,1,2,1,2,4,3,1,2,4,1,3,4,3,4,4,3,2,3,3,1,3,3,1,2,3,1,2,2,3,2,3,2,2,2,3,2,4,1,1,4,2,1,4,2,3,3,1,1,4,1,2,4,2,1,3,2,4,3,1,2,1,2,3,4,1,3,3,4,4,3,2,3,3,2,1,3,2,1,2,2,2,1,1,3,3,3,3,3,1,4,2,3,2,2,3,2,2,4,2,2,4,2,2,2,2,2,2,1,4,1,1,4,4,2,3,3,1,2,3,4,4,3,2,2,1,4,2,4,1,2,2,3,4,2,1,4,2,4,1,3,3,1,4,1,3,4,4,2,2,2,2,2,1,1,4,4,2,3,3,4,4,4,2,4,2,1,4,3,2,1,1,2,2,1,1,1,2,4,1,1,3,4,2,1,2,4,4,4,3,1,4,2,3,4,4,2,3,2,1,4,2,3,1,4,4,3,2,2,4,1,2,3,4,1,3,1,1,4,1,2,2,1,4,4,1,2,2,4,4,3,3,1,1,4,4,3,1"
87,0.9875909492720556,0.4509803921568627,2338.0,"3,1,1,3,1,3,4,4,4,3,1,1,1,1,1,1,3,2,1,3,3,3,3,1,4,4,3,2,1,2,4,2,3,2,1,3,1,4,4,1,2,2,1,3,1,2,4,4,1,2,4,1,2,1,4,2,3,4,3,4,3,3,1,1,2,1,1,2,1,4,3,3,1,1,2,1,4,3,2,2,2,1,1,1,2,2,3,3,1,1,3,4,3,1,1,1,1,3,1,1,3,4,3,1,1,2,1,4,1,3,1,1,2,1,1,3,4,2,4,4,1,2,3,4,1,3,4,1,4,2,2,1,3,1,4,3,2,3,2,3,3,3,4,4,1,1,2,4,2,1,2,1,4,3,4,2,2,4,4,1,2,2,4,3,2,3,4,4,1,2,3,1,2,1,4,2,1,1,3,1,2,2,3,2,4,2,2,1,1,2,3,1,3,2,2,4,1,2,4,1,2,2,1,1,1,2,2,4,3,1,2,2,1,3,1,3,2,3,4,2,4,1,1,1,3,2,1,1,2,1,4,2,2,2,4,2,4,2,3,1,3,1,4,3,2,1,1,3,4,3,4,4,1,3,3,4,3,2,2,3,3,4,2,2,1,4,1,2,4,3,4,3,3,4,3,1,2,3,1,3,2,1,2,2,1,1,3,4,2,4,2,4,1,1,2,3,3,3,3,4,1,4,4,4,2,1,2,3,1,2,2,4,2,2,3,3,2,2,2,4,4,4,3,1,4,4,2,4,1,3,4,3,4,3,3,4,4,3,1,1,1,1,4,2,3,1,1,2,2,4,3,3,2,2,2,4,3,2,1,3,3,1,1,3,3,2,4,4,2,1,1,1,1,2,3,2,1,2,4,4,1,2,4,3,1,2,1,4,3,4,1,3,2,4,3,1,2,1,1,2,3,3,2,2,1,1,4,2,4,2,4,1,1,3,4,2,4,1,3,4,1,2,3,1,2,4,2,2,2,3,1,1,2,4,4,1,4,2,1,1,4,1,3,2,3,1,4,3,3,3,4,4,1,4,3,1,4,2,4,4,1,1,1,2,2,4,4,1,1,2,2,1,4,2,1,1,1,2,4,2,4,2,1,1,3,1,4,1,3,1,1,2,4,3,2,3,1,3,2,1,2,4,4,4,3,4,3,3,2,1,1,2,4,2,2,1,3,2,2,3,1,4,2,4,4,2,4,2,3,3,3,3,1,3,2,2,2,4,2,1,1,1,1,1,1,3,1,4,1,2,2,4,1,3,3,3,3,1,4,3,1,1,1,1,1,2,1,1,1,2,2,4,4,1,3,1,4,3,3,4,1,4,3,2,1,4,4,4,2,2,1,1,1,4,2,1,2,3,1,2,1,2,2,4,3,1,2,1,2,3,2,2,1,3,2,1,2,1,3,4,3,1,3,1,1,3,4,3,1,4,1,4,3,3,1,4,1,4,1,3,2,1,2,3,2,4,2,1,2,4,3,4,1,4,2,2,4,2,2,1,1,1,3,3,1,4,4,4,1,3,2,4,1,1,2,3,3,1,2,3,2,2,1,2,2,2,4,2,2,1,3,3,2,1,1,2,2,3,3,3,2,3,1,4,4,4,1,4,2,2,4,4,3,1,3,1,3,2,1,4,1,1,3,4,3,4,3,1,3,3,1,1,1,4,1,3,3,1,1,3,1,1,4,1,4,2,4,1,1,3,1,1,1,4,4,2,4,3,4,1,4,1,3,2,2,2,2,1,1,4,1,2,1,3,3,3,2,4,1,4,1,2,3,2,3,4,4,2,2,1,4,3,4,1,2,3,1,2,3,1,2,4,2,2,1,1,1,2,2,4,1,4,3,4,1,3,2,2,3,1,4,2,3,4,4,2,1,1,3,3,1,3,1,2,4,3,2,1,3,2,3,2,1,4,2,1,3,4,4,3,4,3,3,1,3,1,2,2,3,1,2,1,2,3,2,3,3,2,3,1,1,1,4,2,2,4,2,1,4,4,1,2,3,3,2,3,4,3,2,2,2,4,2,3,2,2,2,4,4,4,4,1,1,3,2,4,4,2,2,1,2,1,2,2,4,4,1,2,4,1,4,3,1,3,2,1,3,2,1,2,3,1,2,2,4,3,1,1,2,3,2,2,1,2,1,1,4,1,4,2,1,1,4,4,1,3,3,4,1,2,2,3,3,2,4,1,3,1,4,4,3,4,2,4,3,4,4,3,3,1,2,3,4,1,4,2,4,1,2,4,1,4,2,4,4,1,4,3,2,1,3,3,2,1,3,4,3,2,3,1,3,3,2,3,3,1,2,2,2,2,4,4,4,2,2,4,2,3,1,2,3,3,4,1,2,2,1,3,2,2,1,3,3,3,2,3,1,4,4,1,1,1,3,1,2,4,2,2,3,3,4,3,3,4,1,4,4,1,1,4,1,1,4,1,2,3,3,4,3,2,1,4,3,2,1,1,2,3,4,1,4,1,1,1,3,3,2,4,4,2,3,4,2,1,4,3,4,1,3,3,2,3,2,3,1,1,1,1,1,4,1,3,2,4,3,1,1,3,4,2,2,2,2,1,4,1,4,2,3,3,1,3,1,1,4,2,2,2,2,4,2,2,3,2,2,1,1,2,1,3,3,3,4,3,2,3,3,3,3,1,3,3,1,1,4,2,4,1,1,1,4,3,2,2,3,2,3,4,1,3,3,1,1,2,3,1,2,4,3,4,1,1,3,4,1,3,3,3,1,1,3,2,3,3,3,2,4,1,1,4,3,3,1,3,4,1,2,3,4,1,1,2,3,2,4,1,1,2,2,2,3,1,3,4,3,2,4,4,3,3,2,2,4,2,1,1,4,3,3,1,3,2,1,4,3,4,4,3,3,1,1,4,4,1,4,2,3,3,2,1,1,4,4,1,4,2,3,2,3,3,4,4,3,4,2,1,4,4,4,1,2,3,2,4,1,2,4,4,3,1,3,2,3,2,4,1,1,4,1,3,2,2,2,3,2,1,2,3,1,4,1,3,1,2,3,4,2,3,3,4,4,3,4,4,2,3,1,2,3,3,2,4,1,1,3,3,1,3,1,4,1,1,1,3,4,2,2,1,3,2,2,1,1,3,2,1,4,4,4,1,3,4,4,4,1,1,1,4,1,1,3,1,2,1,1,2,2,1,3,4,2,3,1,1,2,2,3,1,2,2,4,2,3,1,2,4,2,1,1,1,4,1,1,2,2,3,2,1,1,3,1,3,3,1,2,2,2,3,2,3,4,3,1,1,2,1,2,4,3,1,2,4,1,3,4,3,4,4,3,2,3,3,1,3,3,1,2,3,1,2,2,3,2,3,2,2,2,3,2,4,1,1,4,2,1,4,2,3,3,1,1,4,1,2,4,2,1,3,2,4,3,1,2,1,2,3,4,1,3,3,4,4,3,2,3,3,2,1,3,2,1,2,2,2,1,1,3,3,3,3,3,1,4,2,3,2,2,3,2,2,4,2,2,4,2,2,2,2,2,2,1,4,1,1,4,4,2,3,3,1,2,3,4,4,3,2,2,1,4,2,4,1,2,2,3,4,2,1,4,2,4,1,3,3,1,4,1,3,4,4,2,2,2,2,2,1,1,4,4,2,3,3,4,4,4,2,4,2,1,4,3,2,1,1,2,2,1,1,1,2,4,1,1,3,4,2,1,2,4,4,4,3,1,4,2,3,4,4,2,3,2,1,4,2,3,1,4,4,3,2,2,4,1,2,3,4,1,3,1,1,4,1,2,2,1,4,4,1,2,2,4,4,3,3,1,1,4,4,3,1"
88,0.9875909492720556,0.4509803921568627,2338.0,"3,1,1,3,1,3,4,4,4,3,1,1,1,1,1,1,3,2,1,3,3,3,3,1,4,4,3,2,1,2,4,2,3,2,1,3,1,4,4,1,2,2,1,3,1,2,4,4,1,2,4,1,2,1,4,2,3,4,3,4,3,3,1,1,2,1,1,2,1,4,3,3,1,1,2,1,4,3,2,2,2,1,1,1,2,2,3,3,1,1,3,4,3,1,1,1,1,3,1,1,3,4,3,1,1,2,1,4,1,3,1,1,2,1,1,3,4,2,4,4,1,2,3,4,1,3,4,1,4,2,2,1,3,1,4,3,2,3,2,3,3,3,4,4,1,1,2,4,2,1,2,1,4,3,4,2,2,4,4,1,2,2,4,3,2,3,4,4,1,2,3,1,2,1,4,2,1,1,3,1,2,2,3,2,4,2,2,1,1,2,3,1,3,2,2,4,1,2,4,1,2,2,1,1,1,2,2,4,3,1,2,2,1,3,1,3,2,3,4,2,4,1,1,1,3,2,1,1,2,1,4,2,2,2,4,2,4,2,3,1,3,1,4,3,2,1,1,3,4,3,4,4,1,3,3,4,3,2,2,3,3,4,2,2,1,4,1,2,4,3,4,3,3,4,3,1,2,3,1,3,2,1,2,2,1,1,3,4,2,4,2,4,1,1,2,3,3,3,3,4,1,4,4,4,2,1,2,3,1,2,2,4,2,2,3,3,2,2,2,4,4,4,3,1,4,4,2,4,1,3,4,3,4,3,3,4,4,3,1,1,1,1,4,2,3,1,1,2,2,4,3,3,2,2,2,4,3,2,1,3,3,1,1,3,3,2,4,4,2,1,1,1,1,2,3,2,1,2,4,4,1,2,4,3,1,2,1,4,3,4,1,3,2,4,3,1,2,1,1,2,3,3,2,2,1,1,4,2,4,2,4,1,1,3,4,2,4,1,3,4,1,2,3,1,2,4,2,2,2,3,1,1,2,4,4,1,4,2,1,1,4,1,3,2,3,1,4,3,3,3,4,4,1,4,3,1,4,2,4,4,1,1,1,2,2,4,4,1,1,2,2,1,4,2,1,1,1,2,4,2,4,2,1,1,3,1,4,1,3,1,1,2,4,3,2,3,1,3,2,1,2,4,4,4,3,4,3,3,2,1,1,2,4,2,2,1,3,2,2,3,1,4,2,4,4,2,4,2,3,3,3,3,1,3,2,2,2,4,2,1,1,1,1,1,1,3,1,4,1,2,2,4,1,3,3,3,3,1,4,3,1,1,1,1,1,2,1,1,1,2,2,4,4,1,3,1,4,3,3,4,1,4,3,2,1,4,4,4,2,2,1,1,1,4,2,1,2,3,1,2,1,2,2,4,3,1,2,1,2,3,2,2,1,3,2,1,2,1,3,4,3,1,3,1,1,3,4,3,1,4,1,4,3,3,1,4,1,4,1,3,2,1,2,3,2,4,2,1,2,4,3,4,1,4,2,2,4,2,2,1,1,1,3,3,1,4,4,4,1,3,2,4,1,1,2,3,3,1,2,3,2,2,1,2,2,2,4,2,2,1,3,3,2,1,1,2,2,3,3,3,2,3,1,4,4,4,1,4,2,2,4,4,3,1,3,1,3,2,1,4,1,1,3,4,3,4,3,1,3,3,1,1,1,4,1,3,3,1,1,3,1,1,4,1,4,2,4,1,1,3,1,1,1,4,4,2,4,3,4,1,4,1,3,2,2,2,2,1,1,4,1,2,1,3,3,3,2,4,1,4,1,2,3,2,3,4,4,2,2,1,4,3,4,1,2,3,1,2,3,1,2,4,2,2,1,1,1,2,2,4,1,4,3,4,1,3,2,2,3,1,4,2,3,4,4,2,1,1,3,3,1,3,1,2,4,3,2,1,3,2,3,2,1,4,2,1,3,4,4,3,4,3,3,1,3,1,2,2,3,1,2,1,2,3,2,3,3,2,3,1,1,1,4,2,2,4,2,1,4,4,1,2,3,3,2,3,4,3,2,2,2,4,2,3,2,2,2,4,4,4,4,1,1,3,2,4,4,2,2,1,2,1,2,2,4,4,1,2,4,1,4,3,1,3,2,1,3,2,1,2,3,1,2,2,4,3,1,1,2,3,2,2,1,2,1,1,4,1,4,2,1,1,4,4,1,3,3,4,1,2,2,3,3,2,4,1,3,1,4,4,3,4,2,4,3,4,4,3,3,1,2,3,4,1,4,2,4,1,2,4,1,4,2,4,4,1,4,3,2,1,3,3,2,1,3,4,3,2,3,1,3,3,2,3,3,1,2,2,2,2,4,4,4,2,2,4,2,3,1,2,3,3,4,1,2,2,1,3,2,2,1,3,3,3,2,3,1,4,4,1,1,1,3,1,2,4,2,2,3,3,4,3,3,4,1,4,4,1,1,4,1,1,4,1,2,3,3,4,3,2,1,4,3,2,1,1,2,3,4,1,4,1,1,1,3,3,2,4,4,2,3,4,2,1,4,3,4,1,3,3,2,3,2,3,1,1,1,1,1,4,1,3,2,4,3,1,1,3,4,2,2,2,2,1,4,1,4,2,3,3,1,3,1,1,4,2,2,2,2,4,2,2,3,2,2,1,1,2,1,3,3,3,4,3,2,3,3,3,3,1,3,3,1,1,4,2,4,1,1,1,4,3,2,2,3,2,3,4,1,3,3,1,1,2,3,1,2,4,3,4,1,1,3,4,1,3,3,3,1,1,3,2,3,3,3,2,4,1,1,4,3,3,1,3,4,1,2,3,4,1,1,2,3,2,4,1,1,2,2,2,3,1,3,4,3,2,4,4,3,3,2,2,4,2,1,1,4,3,3,1,3,2,1,4,3,4,4,3,3,1,1,4,4,1,4,2,3,3,2,1,1,4,4,1,4,2,3,2,3,3,4,4,3,4,2,1,4,4,4,1,2,3,2,4,1,2,4,4,3,1,3,2,3,2,4,1,1,4,1,3,2,2,2,3,2,1,2,3,1,4,1,3,1,2,3,4,2,3,3,4,4,3,4,4,2,3,1,2,3,3,2,4,1,1,3,3,1,3,1,4,1,1,1,3,4,2,2,1,3,2,2,1,1,3,2,1,4,4,4,1,3,4,4,4,1,1,1,4,1,1,3,1,2,1,1,2,2,1,3,4,2,3,1,1,2,2,3,1,2,2,4,2,3,1,2,4,2,1,1,1,4,1,1,2,2,3,2,1,1,3,1,3,3,1,2,2,2,3,2,3,4,3,1,1,2,1,2,4,3,1,2,4,1,3,4,3,4,4,3,2,3,3,1,3,3,1,2,3,1,2,2,3,2,3,2,2,2,3,2,4,1,1,4,2,1,4,2,3,3,1,1,4,1,2,4,2,1,3,2,4,3,1,2,1,2,3,4,1,3,3,4,4,3,2,3,3,2,1,3,2,1,2,2,2,1,1,3,3,3,3,3,1,4,2,3,2,2,3,2,2,4,2,2,4,2,2,2,2,2,2,1,4,1,1,4,4,2,3,3,1,2,3,4,4,3,2,2,1,4,2,4,1,2,2,3,4,2,1,4,2,4,1,3,3,1,4,1,3,4,4,2,2,2,2,2,1,1,4,4,2,3,3,4,4,4,2,4,2,1,4,3,2,1,1,2,2,1,1,1,2,4,1,1,3,4,2,1,2,4,4,4,3,1,4,2,3,4,4,2,3,2,1,4,2,3,1,4,4,3,2,2,4,1,2,3,4,1,3,1,1,4,1,2,2,1,4,4,1,2,2,4,4,3,3,1,1,4,4,3,1"
89,0.9875909492720556,0.4509803921568627,2338.0,"3,1,1,3,1,3,4,4,4,3,1,1,1,1,1,1,3,2,1,3,3,3,3,1,4,4,3,2,1,2,4,2,3,2,1,3,1,4,4,1,2,2,1,3,1,2,4,4,1,2,4,1,2,1,4,2,3,4,3,4,3,3,1,1,2,1,1,2,1,4,3,3,1,1,2,1,4,3,2,2,2,1,1,1,2,2,3,3,1,1,3,4,3,1,1,1,1,3,1,1,3,4,3,1,1,2,1,4,1,3,1,1,2,1,1,3,4,2,4,4,1,2,3,4,1,3,4,1,4,2,2,1,3,1,4,3,2,3,2,3,3,3,4,4,1,1,2,4,2,1,2,1,4,3,4,2,2,4,4,1,2,2,4,3,2,3,4,4,1,2,3,1,2,1,4,2,1,1,3,1,2,2,3,2,4,2,2,1,1,2,3,1,3,2,2,4,1,2,4,1,2,2,1,1,1,2,2,4,3,1,2,2,1,3,1,3,2,3,4,2,4,1,1,1,3,2,1,1,2,1,4,2,2,2,4,2,4,2,3,1,3,1,4,3,2,1,1,3,4,3,4,4,1,3,3,4,3,2,2,3,3,4,2,2,1,4,1,2,4,3,4,3,3,4,3,1,2,3,1,3,2,1,2,2,1,1,3,4,2,4,2,4,1,1,2,3,3,3,3,4,1,4,4,4,2,1,2,3,1,2,2,4,2,2,3,3,2,2,2,4,4,4,3,1,4,4,2,4,1,3,4,3,4,3,3,4,4,3,1,1,1,1,4,2,3,1,1,2,2,4,3,3,2,2,2,4,3,2,1,3,3,1,1,3,3,2,4,4,2,1,1,1,1,2,3,2,1,2,4,4,1,2,4,3,1,2,1,4,3,4,1,3,2,4,3,1,2,1,1,2,3,3,2,2,1,1,4,2,4,2,4,1,1,3,4,2,4,1,3,4,1,2,3,1,2,4,2,2,2,3,1,1,2,4,4,1,4,2,1,1,4,1,3,2,3,1,4,3,3,3,4,4,1,4,3,1,4,2,4,4,1,1,1,2,2,4,4,1,1,2,2,1,4,2,1,1,1,2,4,2,4,2,1,1,3,1,4,1,3,1,1,2,4,3,2,3,1,3,2,1,2,4,4,4,3,4,3,3,2,1,1,2,4,2,2,1,3,2,2,3,1,4,2,4,4,2,4,2,3,3,3,3,1,3,2,2,2,4,2,1,1,1,1,1,1,3,1,4,1,2,2,4,1,3,3,3,3,1,4,3,1,1,1,1,1,2,1,1,1,2,2,4,4,1,3,1,4,3,3,4,1,4,3,2,1,4,4,4,2,2,1,1,1,4,2,1,2,3,1,2,1,2,2,4,3,1,2,1,2,3,2,2,1,3,2,1,2,1,3,4,3,1,3,1,1,3,4,3,1,4,1,4,3,3,1,4,1,4,1,3,2,1,2,3,2,4,2,1,2,4,3,4,1,4,2,2,4,2,2,1,1,1,3,3,1,4,4,4,1,3,2,4,1,1,2,3,3,1,2,3,2,2,1,2,2,2,4,2,2,1,3,3,2,1,1,2,2,3,3,3,2,3,1,4,4,4,1,4,2,2,4,4,3,1,3,1,3,2,1,4,1,1,3,4,3,4,3,1,3,3,1,1,1,4,1,3,3,1,1,3,1,1,4,1,4,2,4,1,1,3,1,1,1,4,4,2,4,3,4,1,4,1,3,2,2,2,2,1,1,4,1,2,1,3,3,3,2,4,1,4,1,2,3,2,3,4,4,2,2,1,4,3,4,1,2,3,1,2,3,1,2,4,2,2,1,1,1,2,2,4,1,4,3,4,1,3,2,2,3,1,4,2,3,4,4,2,1,1,3,3,1,3,1,2,4,3,2,1,3,2,3,2,1,4,2,1,3,4,4,3,4,3,3,1,3,1,2,2,3,1,2,1,2,3,2,3,3,2,3,1,1,1,4,2,2,4,2,1,4,4,1,2,3,3,2,3,4,3,2,2,2,4,2,3,2,2,2,4,4,4,4,1,1,3,2,4,4,2,2,1,2,1,2,2,4,4,1,2,4,1,4,3,1,3,2,1,3,2,1,2,3,1,2,2,4,3,1,1,2,3,2,2,1,2,1,1,4,1,4,2,1,1,4,4,1,3,3,4,1,2,2,3,3,2,4,1,3,1,4,4,3,4,2,4,3,4,4,3,3,1,2,3,4,1,4,2,4,1,2,4,1,4,2,4,4,1,4,3,2,1,3,3,2,1,3,4,3,2,3,1,3,3,2,3,3,1,2,2,2,2,4,4,4,2,2,4,2,3,1,2,3,3,4,1,2,2,1,3,2,2,1,3,3,3,2,3,1,4,4,1,1,1,3,1,2,4,2,2,3,3,4,3,3,4,1,4,4,1,1,4,1,1,4,1,2,3,3,4,3,2,1,4,3,2,1,1,2,3,4,1,4,1,1,1,3,3,2,4,4,2,3,4,2,1,4,3,4,1,3,3,2,3,2,3,1,1,1,1,1,4,1,3,2,4,3,1,1,3,4,2,2,2,2,1,4,1,4,2,3,3,1,3,1,1,4,2,2,2,2,4,2,2,3,2,2,1,1,2,1,3,3,3,4,3,2,3,3,3,3,1,3,3,1,1,4,2,4,1,1,1,4,3,2,2,3,2,3,4,1,3,3,1,1,2,3,1,2,4,3,4,1,1,3,4,1,3,3,3,1,1,3,2,3,3,3,2,4,1,1,4,3,3,1,3,4,1,2,3,4,1,1,2,3,2,4,1,1,2,2,2,3,1,3,4,3,2,4,4,3,3,2,2,4,2,1,1,4,3,3,1,3,2,1,4,3,4,4,3,3,1,1,4,4,1,4,2,3,3,2,1,1,4,4,1,4,2,3,2,3,3,4,4,3,4,2,1,4,4,4,1,2,3,2,4,1,2,4,4,3,1,3,2,3,2,4,1,1,4,1,3,2,2,2,3,2,1,2,3,1,4,1,3,1,2,3,4,2,3,3,4,4,3,4,4,2,3,1,2,3,3,2,4,1,1,3,3,1,3,1,4,1,1,1,3,4,2,2,1,3,2,2,1,1,3,2,1,4,4,4,1,3,4,4,4,1,1,1,4,1,1,3,1,2,1,1,2,2,1,3,4,2,3,1,1,2,2,3,1,2,2,4,2,3,1,2,4,2,1,1,1,4,1,1,2,2,3,2,1,1,3,1,3,3,1,2,2,2,3,2,3,4,3,1,1,2,1,2,4,3,1,2,4,1,3,4,3,4,4,3,2,3,3,1,3,3,1,2,3,1,2,2,3,2,3,2,2,2,3,2,4,1,1,4,2,1,4,2,3,3,1,1,4,1,2,4,2,1,3,2,4,3,1,2,1,2,3,4,1,3,3,4,4,3,2,3,3,2,1,3,2,1,2,2,2,1,1,3,3,3,3,3,1,4,2,3,2,2,3,2,2,4,2,2,4,2,2,2,2,2,2,1,4,1,1,4,4,2,3,3,1,2,3,4,4,3,2,2,1,4,2,4,1,2,2,3,4,2,1,4,2,4,1,3,3,1,4,1,3,4,4,2,2,2,2,2,1,1,4,4,2,3,3,4,4,4,2,4,2,1,4,3,2,1,1,2,2,1,1,1,2,4,1,1,3,4,2,1,2,4,4,4,3,1,4,2,3,4,4,2,3,2,1,4,2,3,1,4,4,3,2,2,4,1,2,3,4,1,3,1,1,4,1,2,2,1,4,4,1,2,2,4,4,3,3,1,1,4,4,3,1"
90,0.9875909492720556,0.4509803921568627,2338.0,"3,1,1,3,1,3,4,4,4,3,1,1,1,1,1,1,3,2,1,3,3,3,3,1,4,4,3,2,1,2,4,2,3,2,1,3,1,4,4,1,2,2,1,3,1,2,4,4,1,2,4,1,2,1,4,2,3,4,3,4,3,3,1,1,2,1,1,2,1,4,3,3,1,1,2,1,4,3,2,2,2,1,1,1,2,2,3,3,1,1,3,4,3,1,1,1,1,3,1,1,3,4,3,1,1,2,1,4,1,3,1,1,2,1,1,3,4,2,4,4,1,2,3,4,1,3,4,1,4,2,2,1,3,1,4,3,2,3,2,3,3,3,4,4,1,1,2,4,2,1,2,1,4,3,4,2,2,4,4,1,2,2,4,3,2,3,4,4,1,2,3,1,2,1,4,2,1,1,3,1,2,2,3,2,4,2,2,1,1,2,3,1,3,2,2,4,1,2,4,1,2,2,1,1,1,2,2,4,3,1,2,2,1,3,1,3,2,3,4,2,4,1,1,1,3,2,1,1,2,1,4,2,2,2,4,2,4,2,3,1,3,1,4,3,2,1,1,3,4,3,4,4,1,3,3,4,3,2,2,3,3,4,2,2,1,4,1,2,4,3,4,3,3,4,3,1,2,3,1,3,2,1,2,2,1,1,3,4,2,4,2,4,1,1,2,3,3,3,3,4,1,4,4,4,2,1,2,3,1,2,2,4,2,2,3,3,2,2,2,4,4,4,3,1,4,4,2,4,1,3,4,3,4,3,3,4,4,3,1,1,1,1,4,2,3,1,1,2,2,4,3,3,2,2,2,4,3,2,1,3,3,1,1,3,3,2,4,4,2,1,1,1,1,2,3,2,1,2,4,4,1,2,4,3,1,2,1,4,3,4,1,3,2,4,3,1,2,1,1,2,3,3,2,2,1,1,4,2,4,2,4,1,1,3,4,2,4,1,3,4,1,2,3,1,2,4,2,2,2,3,1,1,2,4,4,1,4,2,1,1,4,1,3,2,3,1,4,3,3,3,4,4,1,4,3,1,4,2,4,4,1,1,1,2,2,4,4,1,1,2,2,1,4,2,1,1,1,2,4,2,4,2,1,1,3,1,4,1,3,1,1,2,4,3,2,3,1,3,2,1,2,4,4,4,3,4,3,3,2,1,1,2,4,2,2,1,3,2,2,3,1,4,2,4,4,2,4,2,3,3,3,3,1,3,2,2,2,4,2,1,1,1,1,1,1,3,1,4,1,2,2,4,1,3,3,3,3,1,4,3,1,1,1,1,1,2,1,1,1,2,2,4,4,1,3,1,4,3,3,4,1,4,3,2,1,4,4,4,2,2,1,1,1,4,2,1,2,3,1,2,1,2,2,4,3,1,2,1,2,3,2,2,1,3,2,1,2,1,3,4,3,1,3,1,1,3,4,3,1,4,1,4,3,3,1,4,1,4,1,3,2,1,2,3,2,4,2,1,2,4,3,4,1,4,2,2,4,2,2,1,1,1,3,3,1,4,4,4,1,3,2,4,1,1,2,3,3,1,2,3,2,2,1,2,2,2,4,2,2,1,3,3,2,1,1,2,2,3,3,3,2,3,1,4,4,4,1,4,2,2,4,4,3,1,3,1,3,2,1,4,1,1,3,4,3,4,3,1,3,3,1,1,1,4,1,3,3,1,1,3,1,1,4,1,4,2,4,1,1,3,1,1,1,4,4,2,4,3,4,1,4,1,3,2,2,2,2,1,1,4,1,2,1,3,3,3,2,4,1,4,1,2,3,2,3,4,4,2,2,1,4,3,4,1,2,3,1,2,3,1,2,4,2,2,1,1,1,2,2,4,1,4,3,4,1,3,2,2,3,1,4,2,3,4,4,2,1,1,3,3,1,3,1,2,4,3,2,1,3,2,3,2,1,4,2,1,3,4,4,3,4,3,3,1,3,1,2,2,3,1,2,1,2,3,2,3,3,2,3,1,1,1,4,2,2,4,2,1,4,4,1,2,3,3,2,3,4,3,2,2,2,4,2,3,2,2,2,4,4,4,4,1,1,3,2,4,4,2,2,1,2,1,2,2,4,4,1,2,4,1,4,3,1,3,2,1,3,2,1,2,3,1,2,2,4,3,1,1,2,3,2,2,1,2,1,1,4,1,4,2,1,1,4,4,1,3,3,4,1,2,2,3,3,2,4,1,3,1,4,4,3,4,2,4,3,4,4,3,3,1,2,3,4,1,4,2,4,1,2,4,1,4,2,4,4,1,4,3,2,1,3,3,2,1,3,4,3,2,3,1,3,3,2,3,3,1,2,2,2,2,4,4,4,2,2,4,2,3,1,2,3,3,4,1,2,2,1,3,2,2,1,3,3,3,2,3,1,4,4,1,1,1,3,1,2,4,2,2,3,3,4,3,3,4,1,4,4,1,1,4,1,1,4,1,2,3,3,4,3,2,1,4,3,2,1,1,2,3,4,1,4,1,1,1,3,3,2,4,4,2,3,4,2,1,4,3,4,1,3,3,2,3,2,3,1,1,1,1,1,4,1,3,2,4,3,1,1,3,4,2,2,2,2,1,4,1,4,2,3,3,1,3,1,1,4,2,2,2,2,4,2,2,3,2,2,1,1,2,1,3,3,3,4,3,2,3,3,3,3,1,3,3,1,1,4,2,4,1,1,1,4,3,2,2,3,2,3,4,1,3,3,1,1,2,3,1,2,4,3,4,1,1,3,4,1,3,3,3,1,1,3,2,3,3,3,2,4,1,1,4,3,3,1,3,4,1,2,3,4,1,1,2,3,2,4,1,1,2,2,2,3,1,3,4,3,2,4,4,3,3,2,2,4,2,1,1,4,3,3,1,3,2,1,4,3,4,4,3,3,1,1,4,4,1,4,2,3,3,2,1,1,4,4,1,4,2,3,2,3,3,4,4,3,4,2,1,4,4,4,1,2,3,2,4,1,2,4,4,3,1,3,2,3,2,4,1,1,4,1,3,2,2,2,3,2,1,2,3,1,4,1,3,1,2,3,4,2,3,3,4,4,3,4,4,2,3,1,2,3,3,2,4,1,1,3,3,1,3,1,4,1,1,1,3,4,2,2,1,3,2,2,1,1,3,2,1,4,4,4,1,3,4,4,4,1,1,1,4,1,1,3,1,2,1,1,2,2,1,3,4,2,3,1,1,2,2,3,1,2,2,4,2,3,1,2,4,2,1,1,1,4,1,1,2,2,3,2,1,1,3,1,3,3,1,2,2,2,3,2,3,4,3,1,1,2,1,2,4,3,1,2,4,1,3,4,3,4,4,3,2,3,3,1,3,3,1,2,3,1,2,2,3,2,3,2,2,2,3,2,4,1,1,4,2,1,4,2,3,3,1,1,4,1,2,4,2,1,3,2,4,3,1,2,1,2,3,4,1,3,3,4,4,3,2,3,3,2,1,3,2,1,2,2,2,1,1,3,3,3,3,3,1,4,2,3,2,2,3,2,2,4,2,2,4,2,2,2,2,2,2,1,4,1,1,4,4,2,3,3,1,2,3,4,4,3,2,2,1,4,2,4,1,2,2,3,4,2,1,4,2,4,1,3,3,1,4,1,3,4,4,2,2,2,2,2,1,1,4,4,2,3,3,4,4,4,2,4,2,1,4,3,2,1,1,2,2,1,1,1,2,4,1,1,3,4,2,1,2,4,4,4,3,1,4,2,3,4,4,2,3,2,1,4,2,3,1,4,4,3,2,2,4,1,2,3,4,1,3,1,1,4,1,2,2,1,4,4,1,2,2,4,4,3,3,1,1,4,4,3,1"
91,0.9875909492720556,0.4509803921568627,2338.0,"3,1,1,3,1,3,4,4,4,3,1,1,1,1,1,1,3,2,1,3,3,3,3,1,4,4,3,2,1,2,4,2,3,2,1,3,1,4,4,1,2,2,1,3,1,2,4,4,1,2,4,1,2,1,4,2,3,4,3,4,3,3,1,1,2,1,1,2,1,4,3,3,1,1,2,1,4,3,2,2,2,1,1,1,2,2,3,3,1,1,3,4,3,1,1,1,1,3,1,1,3,4,3,1,1,2,1,4,1,3,1,1,2,1,1,3,4,2,4,4,1,2,3,4,1,3,4,1,4,2,2,1,3,1,4,3,2,3,2,3,3,3,4,4,1,1,2,4,2,1,2,1,4,3,4,2,2,4,4,1,2,2,4,3,2,3,4,4,1,2,3,1,2,1,4,2,1,1,3,1,2,2,3,2,4,2,2,1,1,2,3,1,3,2,2,4,1,2,4,1,2,2,1,1,1,2,2,4,3,1,2,2,1,3,1,3,2,3,4,2,4,1,1,1,3,2,1,1,2,1,4,2,2,2,4,2,4,2,3,1,3,1,4,3,2,1,1,3,4,3,4,4,1,3,3,4,3,2,2,3,3,4,2,2,1,4,1,2,4,3,4,3,3,4,3,1,2,3,1,3,2,1,2,2,1,1,3,4,2,4,2,4,1,1,2,3,3,3,3,4,1,4,4,4,2,1,2,3,1,2,2,4,2,2,3,3,2,2,2,4,4,4,3,1,4,4,2,4,1,3,4,3,4,3,3,4,4,3,1,1,1,1,4,2,3,1,1,2,2,4,3,3,2,2,2,4,3,2,1,3,3,1,1,3,3,2,4,4,2,1,1,1,1,2,3,2,1,2,4,4,1,2,4,3,1,2,1,4,3,4,1,3,2,4,3,1,2,1,1,2,3,3,2,2,1,1,4,2,4,2,4,1,1,3,4,2,4,1,3,4,1,2,3,1,2,4,2,2,2,3,1,1,2,4,4,1,4,2,1,1,4,1,3,2,3,1,4,3,3,3,4,4,1,4,3,1,4,2,4,4,1,1,1,2,2,4,4,1,1,2,2,1,4,2,1,1,1,2,4,2,4,2,1,1,3,1,4,1,3,1,1,2,4,3,2,3,1,3,2,1,2,4,4,4,3,4,3,3,2,1,1,2,4,2,2,1,3,2,2,3,1,4,2,4,4,2,4,2,3,3,3,3,1,3,2,2,2,4,2,1,1,1,1,1,1,3,1,4,1,2,2,4,1,3,3,3,3,1,4,3,1,1,1,1,1,2,1,1,1,2,2,4,4,1,3,1,4,3,3,4,1,4,3,2,1,4,4,4,2,2,1,1,1,4,2,1,2,3,1,2,1,2,2,4,3,1,2,1,2,3,2,2,1,3,2,1,2,1,3,4,3,1,3,1,1,3,4,3,1,4,1,4,3,3,1,4,1,4,1,3,2,1,2,3,2,4,2,1,2,4,3,4,1,4,2,2,4,2,2,1,1,1,3,3,1,4,4,4,1,3,2,4,1,1,2,3,3,1,2,3,2,2,1,2,2,2,4,2,2,1,3,3,2,1,1,2,2,3,3,3,2,3,1,4,4,4,1,4,2,2,4,4,3,1,3,1,3,2,1,4,1,1,3,4,3,4,3,1,3,3,1,1,1,4,1,3,3,1,1,3,1,1,4,1,4,2,4,1,1,3,1,1,1,4,4,2,4,3,4,1,4,1,3,2,2,2,2,1,1,4,1,2,1,3,3,3,2,4,1,4,1,2,3,2,3,4,4,2,2,1,4,3,4,1,2,3,1,2,3,1,2,4,2,2,1,1,1,2,2,4,1,4,3,4,1,3,2,2,3,1,4,2,3,4,4,2,1,1,3,3,1,3,1,2,4,3,2,1,3,2,3,2,1,4,2,1,3,4,4,3,4,3,3,1,3,1,2,2,3,1,2,1,2,3,2,3,3,2,3,1,1,1,4,2,2,4,2,1,4,4,1,2,3,3,2,3,4,3,2,2,2,4,2,3,2,2,2,4,4,4,4,1,1,3,2,4,4,2,2,1,2,1,2,2,4,4,1,2,4,1,4,3,1,3,2,1,3,2,1,2,3,1,2,2,4,3,1,1,2,3,2,2,1,2,1,1,4,1,4,2,1,1,4,4,1,3,3,4,1,2,2,3,3,2,4,1,3,1,4,4,3,4,2,4,3,4,4,3,3,1,2,3,4,1,4,2,4,1,2,4,1,4,2,4,4,1,4,3,2,1,3,3,2,1,3,4,3,2,3,1,3,3,2,3,3,1,2,2,2,2,4,4,4,2,2,4,2,3,1,2,3,3,4,1,2,2,1,3,2,2,1,3,3,3,2,3,1,4,4,1,1,1,3,1,2,4,2,2,3,3,4,3,3,4,1,4,4,1,1,4,1,1,4,1,2,3,3,4,3,2,1,4,3,2,1,1,2,3,4,1,4,1,1,1,3,3,2,4,4,2,3,4,2,1,4,3,4,1,3,3,2,3,2,3,1,1,1,1,1,4,1,3,2,4,3,1,1,3,4,2,2,2,2,1,4,1,4,2,3,3,1,3,1,1,4,2,2,2,2,4,2,2,3,2,2,1,1,2,1,3,3,3,4,3,2,3,3,3,3,1,3,3,1,1,4,2,4,1,1,1,4,3,2,2,3,2,3,4,1,3,3,1,1,2,3,1,2,4,3,4,1,1,3,4,1,3,3,3,1,1,3,2,3,3,3,2,4,1,1,4,3,3,1,3,4,1,2,3,4,1,1,2,3,2,4,1,1,2,2,2,3,1,3,4,3,2,4,4,3,3,2,2,4,2,1,1,4,3,3,1,3,2,1,4,3,4,4,3,3,1,1,4,4,1,4,2,3,3,2,1,1,4,4,1,4,2,3,2,3,3,4,4,3,4,2,1,4,4,4,1,2,3,2,4,1,2,4,4,3,1,3,2,3,2,4,1,1,4,1,3,2,2,2,3,2,1,2,3,1,4,1,3,1,2,3,4,2,3,3,4,4,3,4,4,2,3,1,2,3,3,2,4,1,1,3,3,1,3,1,4,1,1,1,3,4,2,2,1,3,2,2,1,1,3,2,1,4,4,4,1,3,4,4,4,1,1,1,4,1,1,3,1,2,1,1,2,2,1,3,4,2,3,1,1,2,2,3,1,2,2,4,2,3,1,2,4,2,1,1,1,4,1,1,2,2,3,2,1,1,3,1,3,3,1,2,2,2,3,2,3,4,3,1,1,2,1,2,4,3,1,2,4,1,3,4,3,4,4,3,2,3,3,1,3,3,1,2,3,1,2,2,3,2,3,2,2,2,3,2,4,1,1,4,2,1,4,2,3,3,1,1,4,1,2,4,2,1,3,2,4,3,1,2,1,2,3,4,1,3,3,4,4,3,2,3,3,2,1,3,2,1,2,2,2,1,1,3,3,3,3,3,1,4,2,3,2,2,3,2,2,4,2,2,4,2,2,2,2,2,2,1,4,1,1,4,4,2,3,3,1,2,3,4,4,3,2,2,1,4,2,4,1,2,2,3,4,2,1,4,2,4,1,3,3,1,4,1,3,4,4,2,2,2,2,2,1,1,4,4,2,3,3,4,4,4,2,4,2,1,4,3,2,1,1,2,2,1,1,1,2,4,1,1,3,4,2,1,2,4,4,4,3,1,4,2,3,4,4,2,3,2,1,4,2,3,1,4,4,3,2,2,4,1,2,3,4,1,3,1,1,4,1,2,2,1,4,4,1,2,2,4,4,3,3,1,1,4,4,3,1"
92,0.9875909492720556,0.4509803921568627,2338.0,"3,1,1,3,1,3,4,4,4,3,1,1,1,1,1,1,3,2,1,3,3,3,3,1,4,4,3,2,1,2,4,2,3,2,1,3,1,4,4,1,2,2,1,3,1,2,4,4,1,2,4,1,2,1,4,2,3,4,3,4,3,3,1,1,2,1,1,2,1,4,3,3,1,1,2,1,4,3,2,2,2,1,1,1,2,2,3,3,1,1,3,4,3,1,1,1,1,3,1,1,3,4,3,1,1,2,1,4,1,3,1,1,2,1,1,3,4,2,4,4,1,2,3,4,1,3,4,1,4,2,2,1,3,1,4,3,2,3,2,3,3,3,4,4,1,1,2,4,2,1,2,1,4,3,4,2,2,4,4,1,2,2,4,3,2,3,4,4,1,2,3,1,2,1,4,2,1,1,3,1,2,2,3,2,4,2,2,1,1,2,3,1,3,2,2,4,1,2,4,1,2,2,1,1,1,2,2,4,3,1,2,2,1,3,1,3,2,3,4,2,4,1,1,1,3,2,1,1,2,1,4,2,2,2,4,2,4,2,3,1,3,1,4,3,2,1,1,3,4,3,4,4,1,3,3,4,3,2,2,3,3,4,2,2,1,4,1,2,4,3,4,3,3,4,3,1,2,3,1,3,2,1,2,2,1,1,3,4,2,4,2,4,1,1,2,3,3,3,3,4,1,4,4,4,2,1,2,3,1,2,2,4,2,2,3,3,2,2,2,4,4,4,3,1,4,4,2,4,1,3,4,3,4,3,3,4,4,3,1,1,1,1,4,2,3,1,1,2,2,4,3,3,2,2,2,4,3,2,1,3,3,1,1,3,3,2,4,4,2,1,1,1,1,2,3,2,1,2,4,4,1,2,4,3,1,2,1,4,3,4,1,3,2,4,3,1,2,1,1,2,3,3,2,2,1,1,4,2,4,2,4,1,1,3,4,2,4,1,3,4,1,2,3,1,2,4,2,2,2,3,1,1,2,4,4,1,4,2,1,1,4,1,3,2,3,1,4,3,3,3,4,4,1,4,3,1,4,2,4,4,1,1,1,2,2,4,4,1,1,2,2,1,4,2,1,1,1,2,4,2,4,2,1,1,3,1,4,1,3,1,1,2,4,3,2,3,1,3,2,1,2,4,4,4,3,4,3,3,2,1,1,2,4,2,2,1,3,2,2,3,1,4,2,4,4,2,4,2,3,3,3,3,1,3,2,2,2,4,2,1,1,1,1,1,1,3,1,4,1,2,2,4,1,3,3,3,3,1,4,3,1,1,1,1,1,2,1,1,1,2,2,4,4,1,3,1,4,3,3,4,1,4,3,2,1,4,4,4,2,2,1,1,1,4,2,1,2,3,1,2,1,2,2,4,3,1,2,1,2,3,2,2,1,3,2,1,2,1,3,4,3,1,3,1,1,3,4,3,1,4,1,4,3,3,1,4,1,4,1,3,2,1,2,3,2,4,2,1,2,4,3,4,1,4,2,2,4,2,2,1,1,1,3,3,1,4,4,4,1,3,2,4,1,1,2,3,3,1,2,3,2,2,1,2,2,2,4,2,2,1,3,3,2,1,1,2,2,3,3,3,2,3,1,4,4,4,1,4,2,2,4,4,3,1,3,1,3,2,1,4,1,1,3,4,3,4,3,1,3,3,1,1,1,4,1,3,3,1,1,3,1,1,4,1,4,2,4,1,1,3,1,1,1,4,4,2,4,3,4,1,4,1,3,2,2,2,2,1,1,4,1,2,1,3,3,3,2,4,1,4,1,2,3,2,3,4,4,2,2,1,4,3,4,1,2,3,1,2,3,1,2,4,2,2,1,1,1,2,2,4,1,4,3,4,1,3,2,2,3,1,4,2,3,4,4,2,1,1,3,3,1,3,1,2,4,3,2,1,3,2,3,2,1,4,2,1,3,4,4,3,4,3,3,1,3,1,2,2,3,1,2,1,2,3,2,3,3,2,3,1,1,1,4,2,2,4,2,1,4,4,1,2,3,3,2,3,4,3,2,2,2,4,2,3,2,2,2,4,4,4,4,1,1,3,2,4,4,2,2,1,2,1,2,2,4,4,1,2,4,1,4,3,1,3,2,1,3,2,1,2,3,1,2,2,4,3,1,1,2,3,2,2,1,2,1,1,4,1,4,2,1,1,4,4,1,3,3,4,1,2,2,3,3,2,4,1,3,1,4,4,3,4,2,4,3,4,4,3,3,1,2,3,4,1,4,2,4,1,2,4,1,4,2,4,4,1,4,3,2,1,3,3,2,1,3,4,3,2,3,1,3,3,2,3,3,1,2,2,2,2,4,4,4,2,2,4,2,3,1,2,3,3,4,1,2,2,1,3,2,2,1,3,3,3,2,3,1,4,4,1,1,1,3,1,2,4,2,2,3,3,4,3,3,4,1,4,4,1,1,4,1,1,4,1,2,3,3,4,3,2,1,4,3,2,1,1,2,3,4,1,4,1,1,1,3,3,2,4,4,2,3,4,2,1,4,3,4,1,3,3,2,3,2,3,1,1,1,1,1,4,1,3,2,4,3,1,1,3,4,2,2,2,2,1,4,1,4,2,3,3,1,3,1,1,4,2,2,2,2,4,2,2,3,2,2,1,1,2,1,3,3,3,4,3,2,3,3,3,3,1,3,3,1,1,4,2,4,1,1,1,4,3,2,2,3,2,3,4,1,3,3,1,1,2,3,1,2,4,3,4,1,1,3,4,1,3,3,3,1,1,3,2,3,3,3,2,4,1,1,4,3,3,1,3,4,1,2,3,4,1,1,2,3,2,4,1,1,2,2,2,3,1,3,4,3,2,4,4,3,3,2,2,4,2,1,1,4,3,3,1,3,2,1,4,3,4,4,3,3,1,1,4,4,1,4,2,3,3,2,1,1,4,4,1,4,2,3,2,3,3,4,4,3,4,2,1,4,4,4,1,2,3,2,4,1,2,4,4,3,1,3,2,3,2,4,1,1,4,1,3,2,2,2,3,2,1,2,3,1,4,1,3,1,2,3,4,2,3,3,4,4,3,4,4,2,3,1,2,3,3,2,4,1,1,3,3,1,3,1,4,1,1,1,3,4,2,2,1,3,2,2,1,1,3,2,1,4,4,4,1,3,4,4,4,1,1,1,4,1,1,3,1,2,1,1,2,2,1,3,4,2,3,1,1,2,2,3,1,2,2,4,2,3,1,2,4,2,1,1,1,4,1,1,2,2,3,2,1,1,3,1,3,3,1,2,2,2,3,2,3,4,3,1,1,2,1,2,4,3,1,2,4,1,3,4,3,4,4,3,2,3,3,1,3,3,1,2,3,1,2,2,3,2,3,2,2,2,3,2,4,1,1,4,2,1,4,2,3,3,1,1,4,1,2,4,2,1,3,2,4,3,1,2,1,2,3,4,1,3,3,4,4,3,2,3,3,2,1,3,2,1,2,2,2,1,1,3,3,3,3,3,1,4,2,3,2,2,3,2,2,4,2,2,4,2,2,2,2,2,2,1,4,1,1,4,4,2,3,3,1,2,3,4,4,3,2,2,1,4,2,4,1,2,2,3,4,2,1,4,2,4,1,3,3,1,4,1,3,4,4,2,2,2,2,2,1,1,4,4,2,3,3,4,4,4,2,4,2,1,4,3,2,1,1,2,2,1,1,1,2,4,1,1,3,4,2,1,2,4,4,4,3,1,4,2,3,4,4,2,3,2,1,4,2,3,1,4,4,3,2,2,4,1,2,3,4,1,3,1,1,4,1,2,2,1,4,4,1,2,2,4,4,3,3,1,1,4,4,3,1"
93,0.9875909492720556,0.4509803921568627,2338.0,"3,1,1,3,1,3,4,4,4,3,1,1,1,1,1,1,3,2,1,3,3,3,3,1,4,4,3,2,1,2,4,2,3,2,1,3,1,4,4,1,2,2,1,3,1,2,4,4,1,2,4,1,2,1,4,2,3,4,3,4,3,3,1,1,2,1,1,2,1,4,3,3,1,1,2,1,4,3,2,2,2,1,1,1,2,2,3,3,1,1,3,4,3,1,1,1,1,3,1,1,3,4,3,1,1,2,1,4,1,3,1,1,2,1,1,3,4,2,4,4,1,2,3,4,1,3,4,1,4,2,2,1,3,1,4,3,2,3,2,3,3,3,4,4,1,1,2,4,2,1,2,1,4,3,4,2,2,4,4,1,2,2,4,3,2,3,4,4,1,2,3,1,2,1,4,2,1,1,3,1,2,2,3,2,4,2,2,1,1,2,3,1,3,2,2,4,1,2,4,1,2,2,1,1,1,2,2,4,3,1,2,2,1,3,1,3,2,3,4,2,4,1,1,1,3,2,1,1,2,1,4,2,2,2,4,2,4,2,3,1,3,1,4,3,2,1,1,3,4,3,4,4,1,3,3,4,3,2,2,3,3,4,2,2,1,4,1,2,4,3,4,3,3,4,3,1,2,3,1,3,2,1,2,2,1,1,3,4,2,4,2,4,1,1,2,3,3,3,3,4,1,4,4,4,2,1,2,3,1,2,2,4,2,2,3,3,2,2,2,4,4,4,3,1,4,4,2,4,1,3,4,3,4,3,3,4,4,3,1,1,1,1,4,2,3,1,1,2,2,4,3,3,2,2,2,4,3,2,1,3,3,1,1,3,3,2,4,4,2,1,1,1,1,2,3,2,1,2,4,4,1,2,4,3,1,2,1,4,3,4,1,3,2,4,3,1,2,1,1,2,3,3,2,2,1,1,4,2,4,2,4,1,1,3,4,2,4,1,3,4,1,2,3,1,2,4,2,2,2,3,1,1,2,4,4,1,4,2,1,1,4,1,3,2,3,1,4,3,3,3,4,4,1,4,3,1,4,2,4,4,1,1,1,2,2,4,4,1,1,2,2,1,4,2,1,1,1,2,4,2,4,2,1,1,3,1,4,1,3,1,1,2,4,3,2,3,1,3,2,1,2,4,4,4,3,4,3,3,2,1,1,2,4,2,2,1,3,2,2,3,1,4,2,4,4,2,4,2,3,3,3,3,1,3,2,2,2,4,2,1,1,1,1,1,1,3,1,4,1,2,2,4,1,3,3,3,3,1,4,3,1,1,1,1,1,2,1,1,1,2,2,4,4,1,3,1,4,3,3,4,1,4,3,2,1,4,4,4,2,2,1,1,1,4,2,1,2,3,1,2,1,2,2,4,3,1,2,1,2,3,2,2,1,3,2,1,2,1,3,4,3,1,3,1,1,3,4,3,1,4,1,4,3,3,1,4,1,4,1,3,2,1,2,3,2,4,2,1,2,4,3,4,1,4,2,2,4,2,2,1,1,1,3,3,1,4,4,4,1,3,2,4,1,1,2,3,3,1,2,3,2,2,1,2,2,2,4,2,2,1,3,3,2,1,1,2,2,3,3,3,2,3,1,4,4,4,1,4,2,2,4,4,3,1,3,1,3,2,1,4,1,1,3,4,3,4,3,1,3,3,1,1,1,4,1,3,3,1,1,3,1,1,4,1,4,2,4,1,1,3,1,1,1,4,4,2,4,3,4,1,4,1,3,2,2,2,2,1,1,4,1,2,1,3,3,3,2,4,1,4,1,2,3,2,3,4,4,2,2,1,4,3,4,1,2,3,1,2,3,1,2,4,2,2,1,1,1,2,2,4,1,4,3,4,1,3,2,2,3,1,4,2,3,4,4,2,1,1,3,3,1,3,1,2,4,3,2,1,3,2,3,2,1,4,2,1,3,4,4,3,4,3,3,1,3,1,2,2,3,1,2,1,2,3,2,3,3,2,3,1,1,1,4,2,2,4,2,1,4,4,1,2,3,3,2,3,4,3,2,2,2,4,2,3,2,2,2,4,4,4,4,1,1,3,2,4,4,2,2,1,2,1,2,2,4,4,1,2,4,1,4,3,1,3,2,1,3,2,1,2,3,1,2,2,4,3,1,1,2,3,2,2,1,2,1,1,4,1,4,2,1,1,4,4,1,3,3,4,1,2,2,3,3,2,4,1,3,1,4,4,3,4,2,4,3,4,4,3,3,1,2,3,4,1,4,2,4,1,2,4,1,4,2,4,4,1,4,3,2,1,3,3,2,1,3,4,3,2,3,1,3,3,2,3,3,1,2,2,2,2,4,4,4,2,2,4,2,3,1,2,3,3,4,1,2,2,1,3,2,2,1,3,3,3,2,3,1,4,4,1,1,1,3,1,2,4,2,2,3,3,4,3,3,4,1,4,4,1,1,4,1,1,4,1,2,3,3,4,3,2,1,4,3,2,1,1,2,3,4,1,4,1,1,1,3,3,2,4,4,2,3,4,2,1,4,3,4,1,3,3,2,3,2,3,1,1,1,1,1,4,1,3,2,4,3,1,1,3,4,2,2,2,2,1,4,1,4,2,3,3,1,3,1,1,4,2,2,2,2,4,2,2,3,2,2,1,1,2,1,3,3,3,4,3,2,3,3,3,3,1,3,3,1,1,4,2,4,1,1,1,4,3,2,2,3,2,3,4,1,3,3,1,1,2,3,1,2,4,3,4,1,1,3,4,1,3,3,3,1,1,3,2,3,3,3,2,4,1,1,4,3,3,1,3,4,1,2,3,4,1,1,2,3,2,4,1,1,2,2,2,3,1,3,4,3,2,4,4,3,3,2,2,4,2,1,1,4,3,3,1,3,2,1,4,3,4,4,3,3,1,1,4,4,1,4,2,3,3,2,1,1,4,4,1,4,2,3,2,3,3,4,4,3,4,2,1,4,4,4,1,2,3,2,4,1,2,4,4,3,1,3,2,3,2,4,1,1,4,1,3,2,2,2,3,2,1,2,3,1,4,1,3,1,2,3,4,2,3,3,4,4,3,4,4,2,3,1,2,3,3,2,4,1,1,3,3,1,3,1,4,1,1,1,3,4,2,2,1,3,2,2,1,1,3,2,1,4,4,4,1,3,4,4,4,1,1,1,4,1,1,3,1,2,1,1,2,2,1,3,4,2,3,1,1,2,2,3,1,2,2,4,2,3,1,2,4,2,1,1,1,4,1,1,2,2,3,2,1,1,3,1,3,3,1,2,2,2,3,2,3,4,3,1,1,2,1,2,4,3,1,2,4,1,3,4,3,4,4,3,2,3,3,1,3,3,1,2,3,1,2,2,3,2,3,2,2,2,3,2,4,1,1,4,2,1,4,2,3,3,1,1,4,1,2,4,2,1,3,2,4,3,1,2,1,2,3,4,1,3,3,4,4,3,2,3,3,2,1,3,2,1,2,2,2,1,1,3,3,3,3,3,1,4,2,3,2,2,3,2,2,4,2,2,4,2,2,2,2,2,2,1,4,1,1,4,4,2,3,3,1,2,3,4,4,3,2,2,1,4,2,4,1,2,2,3,4,2,1,4,2,4,1,3,3,1,4,1,3,4,4,2,2,2,2,2,1,1,4,4,2,3,3,4,4,4,2,4,2,1,4,3,2,1,1,2,2,1,1,1,2,4,1,1,3,4,2,1,2,4,4,4,3,1,4,2,3,4,4,2,3,2,1,4,2,3,1,4,4,3,2,2,4,1,2,3,4,1,3,1,1,4,1,2,2,1,4,4,1,2,2,4,4,3,3,1,1,4,4,3,1"
94,0.9875909492720556,0.4509803921568627,2338.0,"3,1,1,3,1,3,4,4,4,3,1,1,1,1,1,1,3,2,1,3,3,3,3,1,4,4,3,2,1,2,4,2,3,2,1,3,1,4,4,1,2,2,1,3,1,2,4,4,1,2,4,1,2,1,4,2,3,4,3,4,3,3,1,1,2,1,1,2,1,4,3,3,1,1,2,1,4,3,2,2,2,1,1,1,2,2,3,3,1,1,3,4,3,1,1,1,1,3,1,1,3,4,3,1,1,2,1,4,1,3,1,1,2,1,1,3,4,2,4,4,1,2,3,4,1,3,4,1,4,2,2,1,3,1,4,3,2,3,2,3,3,3,4,4,1,1,2,4,2,1,2,1,4,3,4,2,2,4,4,1,2,2,4,3,2,3,4,4,1,2,3,1,2,1,4,2,1,1,3,1,2,2,3,2,4,2,2,1,1,2,3,1,3,2,2,4,1,2,4,1,2,2,1,1,1,2,2,4,3,1,2,2,1,3,1,3,2,3,4,2,4,1,1,1,3,2,1,1,2,1,4,2,2,2,4,2,4,2,3,1,3,1,4,3,2,1,1,3,4,3,4,4,1,3,3,4,3,2,2,3,3,4,2,2,1,4,1,2,4,3,4,3,3,4,3,1,2,3,1,3,2,1,2,2,1,1,3,4,2,4,2,4,1,1,2,3,3,3,3,4,1,4,4,4,2,1,2,3,1,2,2,4,2,2,3,3,2,2,2,4,4,4,3,1,4,4,2,4,1,3,4,3,4,3,3,4,4,3,1,1,1,1,4,2,3,1,1,2,2,4,3,3,2,2,2,4,3,2,1,3,3,1,1,3,3,2,4,4,2,1,1,1,1,2,3,2,1,2,4,4,1,2,4,3,1,2,1,4,3,4,1,3,2,4,3,1,2,1,1,2,3,3,2,2,1,1,4,2,4,2,4,1,1,3,4,2,4,1,3,4,1,2,3,1,2,4,2,2,2,3,1,1,2,4,4,1,4,2,1,1,4,1,3,2,3,1,4,3,3,3,4,4,1,4,3,1,4,2,4,4,1,1,1,2,2,4,4,1,1,2,2,1,4,2,1,1,1,2,4,2,4,2,1,1,3,1,4,1,3,1,1,2,4,3,2,3,1,3,2,1,2,4,4,4,3,4,3,3,2,1,1,2,4,2,2,1,3,2,2,3,1,4,2,4,4,2,4,2,3,3,3,3,1,3,2,2,2,4,2,1,1,1,1,1,1,3,1,4,1,2,2,4,1,3,3,3,3,1,4,3,1,1,1,1,1,2,1,1,1,2,2,4,4,1,3,1,4,3,3,4,1,4,3,2,1,4,4,4,2,2,1,1,1,4,2,1,2,3,1,2,1,2,2,4,3,1,2,1,2,3,2,2,1,3,2,1,2,1,3,4,3,1,3,1,1,3,4,3,1,4,1,4,3,3,1,4,1,4,1,3,2,1,2,3,2,4,2,1,2,4,3,4,1,4,2,2,4,2,2,1,1,1,3,3,1,4,4,4,1,3,2,4,1,1,2,3,3,1,2,3,2,2,1,2,2,2,4,2,2,1,3,3,2,1,1,2,2,3,3,3,2,3,1,4,4,4,1,4,2,2,4,4,3,1,3,1,3,2,1,4,1,1,3,4,3,4,3,1,3,3,1,1,1,4,1,3,3,1,1,3,1,1,4,1,4,2,4,1,1,3,1,1,1,4,4,2,4,3,4,1,4,1,3,2,2,2,2,1,1,4,1,2,1,3,3,3,2,4,1,4,1,2,3,2,3,4,4,2,2,1,4,3,4,1,2,3,1,2,3,1,2,4,2,2,1,1,1,2,2,4,1,4,3,4,1,3,2,2,3,1,4,2,3,4,4,2,1,1,3,3,1,3,1,2,4,3,2,1,3,2,3,2,1,4,2,1,3,4,4,3,4,3,3,1,3,1,2,2,3,1,2,1,2,3,2,3,3,2,3,1,1,1,4,2,2,4,2,1,4,4,1,2,3,3,2,3,4,3,2,2,2,4,2,3,2,2,2,4,4,4,4,1,1,3,2,4,4,2,2,1,2,1,2,2,4,4,1,2,4,1,4,3,1,3,2,1,3,2,1,2,3,1,2,2,4,3,1,1,2,3,2,2,1,2,1,1,4,1,4,2,1,1,4,4,1,3,3,4,1,2,2,3,3,2,4,1,3,1,4,4,3,4,2,4,3,4,4,3,3,1,2,3,4,1,4,2,4,1,2,4,1,4,2,4,4,1,4,3,2,1,3,3,2,1,3,4,3,2,3,1,3,3,2,3,3,1,2,2,2,2,4,4,4,2,2,4,2,3,1,2,3,3,4,1,2,2,1,3,2,2,1,3,3,3,2,3,1,4,4,1,1,1,3,1,2,4,2,2,3,3,4,3,3,4,1,4,4,1,1,4,1,1,4,1,2,3,3,4,3,2,1,4,3,2,1,1,2,3,4,1,4,1,1,1,3,3,2,4,4,2,3,4,2,1,4,3,4,1,3,3,2,3,2,3,1,1,1,1,1,4,1,3,2,4,3,1,1,3,4,2,2,2,2,1,4,1,4,2,3,3,1,3,1,1,4,2,2,2,2,4,2,2,3,2,2,1,1,2,1,3,3,3,4,3,2,3,3,3,3,1,3,3,1,1,4,2,4,1,1,1,4,3,2,2,3,2,3,4,1,3,3,1,1,2,3,1,2,4,3,4,1,1,3,4,1,3,3,3,1,1,3,2,3,3,3,2,4,1,1,4,3,3,1,3,4,1,2,3,4,1,1,2,3,2,4,1,1,2,2,2,3,1,3,4,3,2,4,4,3,3,2,2,4,2,1,1,4,3,3,1,3,2,1,4,3,4,4,3,3,1,1,4,4,1,4,2,3,3,2,1,1,4,4,1,4,2,3,2,3,3,4,4,3,4,2,1,4,4,4,1,2,3,2,4,1,2,4,4,3,1,3,2,3,2,4,1,1,4,1,3,2,2,2,3,2,1,2,3,1,4,1,3,1,2,3,4,2,3,3,4,4,3,4,4,2,3,1,2,3,3,2,4,1,1,3,3,1,3,1,4,1,1,1,3,4,2,2,1,3,2,2,1,1,3,2,1,4,4,4,1,3,4,4,4,1,1,1,4,1,1,3,1,2,1,1,2,2,1,3,4,2,3,1,1,2,2,3,1,2,2,4,2,3,1,2,4,2,1,1,1,4,1,1,2,2,3,2,1,1,3,1,3,3,1,2,2,2,3,2,3,4,3,1,1,2,1,2,4,3,1,2,4,1,3,4,3,4,4,3,2,3,3,1,3,3,1,2,3,1,2,2,3,2,3,2,2,2,3,2,4,1,1,4,2,1,4,2,3,3,1,1,4,1,2,4,2,1,3,2,4,3,1,2,1,2,3,4,1,3,3,4,4,3,2,3,3,2,1,3,2,1,2,2,2,1,1,3,3,3,3,3,1,4,2,3,2,2,3,2,2,4,2,2,4,2,2,2,2,2,2,1,4,1,1,4,4,2,3,3,1,2,3,4,4,3,2,2,1,4,2,4,1,2,2,3,4,2,1,4,2,4,1,3,3,1,4,1,3,4,4,2,2,2,2,2,1,1,4,4,2,3,3,4,4,4,2,4,2,1,4,3,2,1,1,2,2,1,1,1,2,4,1,1,3,4,2,1,2,4,4,4,3,1,4,2,3,4,4,2,3,2,1,4,2,3,1,4,4,3,2,2,4,1,2,3,4,1,3,1,1,4,1,2,2,1,4,4,1,2,2,4,4,3,3,1,1,4,4,3,1"
95,0.9875909492720556,0.4509803921568627,2338.0,"3,1,1,3,1,3,4,4,4,3,1,1,1,1,1,1,3,2,1,3,3,3,3,1,4,4,3,2,1,2,4,2,3,2,1,3,1,4,4,1,2,2,1,3,1,2,4,4,1,2,4,1,2,1,4,2,3,4,3,4,3,3,1,1,2,1,1,2,1,4,3,3,1,1,2,1,4,3,2,2,2,1,1,1,2,2,3,3,1,1,3,4,3,1,1,1,1,3,1,1,3,4,3,1,1,2,1,4,1,3,1,1,2,1,1,3,4,2,4,4,1,2,3,4,1,3,4,1,4,2,2,1,3,1,4,3,2,3,2,3,3,3,4,4,1,1,2,4,2,1,2,1,4,3,4,2,2,4,4,1,2,2,4,3,2,3,4,4,1,2,3,1,2,1,4,2,1,1,3,1,2,2,3,2,4,2,2,1,1,2,3,1,3,2,2,4,1,2,4,1,2,2,1,1,1,2,2,4,3,1,2,2,1,3,1,3,2,3,4,2,4,1,1,1,3,2,1,1,2,1,4,2,2,2,4,2,4,2,3,1,3,1,4,3,2,1,1,3,4,3,4,4,1,3,3,4,3,2,2,3,3,4,2,2,1,4,1,2,4,3,4,3,3,4,3,1,2,3,1,3,2,1,2,2,1,1,3,4,2,4,2,4,1,1,2,3,3,3,3,4,1,4,4,4,2,1,2,3,1,2,2,4,2,2,3,3,2,2,2,4,4,4,3,1,4,4,2,4,1,3,4,3,4,3,3,4,4,3,1,1,1,1,4,2,3,1,1,2,2,4,3,3,2,2,2,4,3,2,1,3,3,1,1,3,3,2,4,4,2,1,1,1,1,2,3,2,1,2,4,4,1,2,4,3,1,2,1,4,3,4,1,3,2,4,3,1,2,1,1,2,3,3,2,2,1,1,4,2,4,2,4,1,1,3,4,2,4,1,3,4,1,2,3,1,2,4,2,2,2,3,1,1,2,4,4,1,4,2,1,1,4,1,3,2,3,1,4,3,3,3,4,4,1,4,3,1,4,2,4,4,1,1,1,2,2,4,4,1,1,2,2,1,4,2,1,1,1,2,4,2,4,2,1,1,3,1,4,1,3,1,1,2,4,3,2,3,1,3,2,1,2,4,4,4,3,4,3,3,2,1,1,2,4,2,2,1,3,2,2,3,1,4,2,4,4,2,4,2,3,3,3,3,1,3,2,2,2,4,2,1,1,1,1,1,1,3,1,4,1,2,2,4,1,3,3,3,3,1,4,3,1,1,1,1,1,2,1,1,1,2,2,4,4,1,3,1,4,3,3,4,1,4,3,2,1,4,4,4,2,2,1,1,1,4,2,1,2,3,1,2,1,2,2,4,3,1,2,1,2,3,2,2,1,3,2,1,2,1,3,4,3,1,3,1,1,3,4,3,1,4,1,4,3,3,1,4,1,4,1,3,2,1,2,3,2,4,2,1,2,4,3,4,1,4,2,2,4,2,2,1,1,1,3,3,1,4,4,4,1,3,2,4,1,1,2,3,3,1,2,3,2,2,1,2,2,2,4,2,2,1,3,3,2,1,1,2,2,3,3,3,2,3,1,4,4,4,1,4,2,2,4,4,3,1,3,1,3,2,1,4,1,1,3,4,3,4,3,1,3,3,1,1,1,4,1,3,3,1,1,3,1,1,4,1,4,2,4,1,1,3,1,1,1,4,4,2,4,3,4,1,4,1,3,2,2,2,2,1,1,4,1,2,1,3,3,3,2,4,1,4,1,2,3,2,3,4,4,2,2,1,4,3,4,1,2,3,1,2,3,1,2,4,2,2,1,1,1,2,2,4,1,4,3,4,1,3,2,2,3,1,4,2,3,4,4,2,1,1,3,3,1,3,1,2,4,3,2,1,3,2,3,2,1,4,2,1,3,4,4,3,4,3,3,1,3,1,2,2,3,1,2,1,2,3,2,3,3,2,3,1,1,1,4,2,2,4,2,1,4,4,1,2,3,3,2,3,4,3,2,2,2,4,2,3,2,2,2,4,4,4,4,1,1,3,2,4,4,2,2,1,2,1,2,2,4,4,1,2,4,1,4,3,1,3,2,1,3,2,1,2,3,1,2,2,4,3,1,1,2,3,2,2,1,2,1,1,4,1,4,2,1,1,4,4,1,3,3,4,1,2,2,3,3,2,4,1,3,1,4,4,3,4,2,4,3,4,4,3,3,1,2,3,4,1,4,2,4,1,2,4,1,4,2,4,4,1,4,3,2,1,3,3,2,1,3,4,3,2,3,1,3,3,2,3,3,1,2,2,2,2,4,4,4,2,2,4,2,3,1,2,3,3,4,1,2,2,1,3,2,2,1,3,3,3,2,3,1,4,4,1,1,1,3,1,2,4,2,2,3,3,4,3,3,4,1,4,4,1,1,4,1,1,4,1,2,3,3,4,3,2,1,4,3,2,1,1,2,3,4,1,4,1,1,1,3,3,2,4,4,2,3,4,2,1,4,3,4,1,3,3,2,3,2,3,1,1,1,1,1,4,1,3,2,4,3,1,1,3,4,2,2,2,2,1,4,1,4,2,3,3,1,3,1,1,4,2,2,2,2,4,2,2,3,2,2,1,1,2,1,3,3,3,4,3,2,3,3,3,3,1,3,3,1,1,4,2,4,1,1,1,4,3,2,2,3,2,3,4,1,3,3,1,1,2,3,1,2,4,3,4,1,1,3,4,1,3,3,3,1,1,3,2,3,3,3,2,4,1,1,4,3,3,1,3,4,1,2,3,4,1,1,2,3,2,4,1,1,2,2,2,3,1,3,4,3,2,4,4,3,3,2,2,4,2,1,1,4,3,3,1,3,2,1,4,3,4,4,3,3,1,1,4,4,1,4,2,3,3,2,1,1,4,4,1,4,2,3,2,3,3,4,4,3,4,2,1,4,4,4,1,2,3,2,4,1,2,4,4,3,1,3,2,3,2,4,1,1,4,1,3,2,2,2,3,2,1,2,3,1,4,1,3,1,2,3,4,2,3,3,4,4,3,4,4,2,3,1,2,3,3,2,4,1,1,3,3,1,3,1,4,1,1,1,3,4,2,2,1,3,2,2,1,1,3,2,1,4,4,4,1,3,4,4,4,1,1,1,4,1,1,3,1,2,1,1,2,2,1,3,4,2,3,1,1,2,2,3,1,2,2,4,2,3,1,2,4,2,1,1,1,4,1,1,2,2,3,2,1,1,3,1,3,3,1,2,2,2,3,2,3,4,3,1,1,2,1,2,4,3,1,2,4,1,3,4,3,4,4,3,2,3,3,1,3,3,1,2,3,1,2,2,3,2,3,2,2,2,3,2,4,1,1,4,2,1,4,2,3,3,1,1,4,1,2,4,2,1,3,2,4,3,1,2,1,2,3,4,1,3,3,4,4,3,2,3,3,2,1,3,2,1,2,2,2,1,1,3,3,3,3,3,1,4,2,3,2,2,3,2,2,4,2,2,4,2,2,2,2,2,2,1,4,1,1,4,4,2,3,3,1,2,3,4,4,3,2,2,1,4,2,4,1,2,2,3,4,2,1,4,2,4,1,3,3,1,4,1,3,4,4,2,2,2,2,2,1,1,4,4,2,3,3,4,4,4,2,4,2,1,4,3,2,1,1,2,2,1,1,1,2,4,1,1,3,4,2,1,2,4,4,4,3,1,4,2,3,4,4,2,3,2,1,4,2,3,1,4,4,3,2,2,4,1,2,3,4,1,3,1,1,4,1,2,2,1,4,4,1,2,2,4,4,3,3,1,1,4,4,3,1"
96,0.9875909492720556,0.4509803921568627,2338.0,"3,1,1,3,1,3,4,4,4,3,1,1,1,1,1,1,3,2,1,3,3,3,3,1,4,4,3,2,1,2,4,2,3,2,1,3,1,4,4,1,2,2,1,3,1,2,4,4,1,2,4,1,2,1,4,2,3,4,3,4,3,3,1,1,2,1,1,2,1,4,3,3,1,1,2,1,4,3,2,2,2,1,1,1,2,2,3,3,1,1,3,4,3,1,1,1,1,3,1,1,3,4,3,1,1,2,1,4,1,3,1,1,2,1,1,3,4,2,4,4,1,2,3,4,1,3,4,1,4,2,2,1,3,1,4,3,2,3,2,3,3,3,4,4,1,1,2,4,2,1,2,1,4,3,4,2,2,4,4,1,2,2,4,3,2,3,4,4,1,2,3,1,2,1,4,2,1,1,3,1,2,2,3,2,4,2,2,1,1,2,3,1,3,2,2,4,1,2,4,1,2,2,1,1,1,2,2,4,3,1,2,2,1,3,1,3,2,3,4,2,4,1,1,1,3,2,1,1,2,1,4,2,2,2,4,2,4,2,3,1,3,1,4,3,2,1,1,3,4,3,4,4,1,3,3,4,3,2,2,3,3,4,2,2,1,4,1,2,4,3,4,3,3,4,3,1,2,3,1,3,2,1,2,2,1,1,3,4,2,4,2,4,1,1,2,3,3,3,3,4,1,4,4,4,2,1,2,3,1,2,2,4,2,2,3,3,2,2,2,4,4,4,3,1,4,4,2,4,1,3,4,3,4,3,3,4,4,3,1,1,1,1,4,2,3,1,1,2,2,4,3,3,2,2,2,4,3,2,1,3,3,1,1,3,3,2,4,4,2,1,1,1,1,2,3,2,1,2,4,4,1,2,4,3,1,2,1,4,3,4,1,3,2,4,3,1,2,1,1,2,3,3,2,2,1,1,4,2,4,2,4,1,1,3,4,2,4,1,3,4,1,2,3,1,2,4,2,2,2,3,1,1,2,4,4,1,4,2,1,1,4,1,3,2,3,1,4,3,3,3,4,4,1,4,3,1,4,2,4,4,1,1,1,2,2,4,4,1,1,2,2,1,4,2,1,1,1,2,4,2,4,2,1,1,3,1,4,1,3,1,1,2,4,3,2,3,1,3,2,1,2,4,4,4,3,4,3,3,2,1,1,2,4,2,2,1,3,2,2,3,1,4,2,4,4,2,4,2,3,3,3,3,1,3,2,2,2,4,2,1,1,1,1,1,1,3,1,4,1,2,2,4,1,3,3,3,3,1,4,3,1,1,1,1,1,2,1,1,1,2,2,4,4,1,3,1,4,3,3,4,1,4,3,2,1,4,4,4,2,2,1,1,1,4,2,1,2,3,1,2,1,2,2,4,3,1,2,1,2,3,2,2,1,3,2,1,2,1,3,4,3,1,3,1,1,3,4,3,1,4,1,4,3,3,1,4,1,4,1,3,2,1,2,3,2,4,2,1,2,4,3,4,1,4,2,2,4,2,2,1,1,1,3,3,1,4,4,4,1,3,2,4,1,1,2,3,3,1,2,3,2,2,1,2,2,2,4,2,2,1,3,3,2,1,1,2,2,3,3,3,2,3,1,4,4,4,1,4,2,2,4,4,3,1,3,1,3,2,1,4,1,1,3,4,3,4,3,1,3,3,1,1,1,4,1,3,3,1,1,3,1,1,4,1,4,2,4,1,1,3,1,1,1,4,4,2,4,3,4,1,4,1,3,2,2,2,2,1,1,4,1,2,1,3,3,3,2,4,1,4,1,2,3,2,3,4,4,2,2,1,4,3,4,1,2,3,1,2,3,1,2,4,2,2,1,1,1,2,2,4,1,4,3,4,1,3,2,2,3,1,4,2,3,4,4,2,1,1,3,3,1,3,1,2,4,3,2,1,3,2,3,2,1,4,2,1,3,4,4,3,4,3,3,1,3,1,2,2,3,1,2,1,2,3,2,3,3,2,3,1,1,1,4,2,2,4,2,1,4,4,1,2,3,3,2,3,4,3,2,2,2,4,2,3,2,2,2,4,4,4,4,1,1,3,2,4,4,2,2,1,2,1,2,2,4,4,1,2,4,1,4,3,1,3,2,1,3,2,1,2,3,1,2,2,4,3,1,1,2,3,2,2,1,2,1,1,4,1,4,2,1,1,4,4,1,3,3,4,1,2,2,3,3,2,4,1,3,1,4,4,3,4,2,4,3,4,4,3,3,1,2,3,4,1,4,2,4,1,2,4,1,4,2,4,4,1,4,3,2,1,3,3,2,1,3,4,3,2,3,1,3,3,2,3,3,1,2,2,2,2,4,4,4,2,2,4,2,3,1,2,3,3,4,1,2,2,1,3,2,2,1,3,3,3,2,3,1,4,4,1,1,1,3,1,2,4,2,2,3,3,4,3,3,4,1,4,4,1,1,4,1,1,4,1,2,3,3,4,3,2,1,4,3,2,1,1,2,3,4,1,4,1,1,1,3,3,2,4,4,2,3,4,2,1,4,3,4,1,3,3,2,3,2,3,1,1,1,1,1,4,1,3,2,4,3,1,1,3,4,2,2,2,2,1,4,1,4,2,3,3,1,3,1,1,4,2,2,2,2,4,2,2,3,2,2,1,1,2,1,3,3,3,4,3,2,3,3,3,3,1,3,3,1,1,4,2,4,1,1,1,4,3,2,2,3,2,3,4,1,3,3,1,1,2,3,1,2,4,3,4,1,1,3,4,1,3,3,3,1,1,3,2,3,3,3,2,4,1,1,4,3,3,1,3,4,1,2,3,4,1,1,2,3,2,4,1,1,2,2,2,3,1,3,4,3,2,4,4,3,3,2,2,4,2,1,1,4,3,3,1,3,2,1,4,3,4,4,3,3,1,1,4,4,1,4,2,3,3,2,1,1,4,4,1,4,2,3,2,3,3,4,4,3,4,2,1,4,4,4,1,2,3,2,4,1,2,4,4,3,1,3,2,3,2,4,1,1,4,1,3,2,2,2,3,2,1,2,3,1,4,1,3,1,2,3,4,2,3,3,4,4,3,4,4,2,3,1,2,3,3,2,4,1,1,3,3,1,3,1,4,1,1,1,3,4,2,2,1,3,2,2,1,1,3,2,1,4,4,4,1,3,4,4,4,1,1,1,4,1,1,3,1,2,1,1,2,2,1,3,4,2,3,1,1,2,2,3,1,2,2,4,2,3,1,2,4,2,1,1,1,4,1,1,2,2,3,2,1,1,3,1,3,3,1,2,2,2,3,2,3,4,3,1,1,2,1,2,4,3,1,2,4,1,3,4,3,4,4,3,2,3,3,1,3,3,1,2,3,1,2,2,3,2,3,2,2,2,3,2,4,1,1,4,2,1,4,2,3,3,1,1,4,1,2,4,2,1,3,2,4,3,1,2,1,2,3,4,1,3,3,4,4,3,2,3,3,2,1,3,2,1,2,2,2,1,1,3,3,3,3,3,1,4,2,3,2,2,3,2,2,4,2,2,4,2,2,2,2,2,2,1,4,1,1,4,4,2,3,3,1,2,3,4,4,3,2,2,1,4,2,4,1,2,2,3,4,2,1,4,2,4,1,3,3,1,4,1,3,4,4,2,2,2,2,2,1,1,4,4,2,3,3,4,4,4,2,4,2,1,4,3,2,1,1,2,2,1,1,1,2,4,1,1,3,4,2,1,2,4,4,4,3,1,4,2,3,4,4,2,3,2,1,4,2,3,1,4,4,3,2,2,4,1,2,3,4,1,3,1,1,4,1,2,2,1,4,4,1,2,2,4,4,3,3,1,1,4,4,3,1"
97,0.9875909492720556,0.4509803921568627,2338.0,"3,1,1,3,1,3,4,4,4,3,1,1,1,1,1,1,3,2,1,3,3,3,3,1,4,4,3,2,1,2,4,2,3,2,1,3,1,4,4,1,2,2,1,3,1,2,4,4,1,2,4,1,2,1,4,2,3,4,3,4,3,3,1,1,2,1,1,2,1,4,3,3,1,1,2,1,4,3,2,2,2,1,1,1,2,2,3,3,1,1,3,4,3,1,1,1,1,3,1,1,3,4,3,1,1,2,1,4,1,3,1,1,2,1,1,3,4,2,4,4,1,2,3,4,1,3,4,1,4,2,2,1,3,1,4,3,2,3,2,3,3,3,4,4,1,1,2,4,2,1,2,1,4,3,4,2,2,4,4,1,2,2,4,3,2,3,4,4,1,2,3,1,2,1,4,2,1,1,3,1,2,2,3,2,4,2,2,1,1,2,3,1,3,2,2,4,1,2,4,1,2,2,1,1,1,2,2,4,3,1,2,2,1,3,1,3,2,3,4,2,4,1,1,1,3,2,1,1,2,1,4,2,2,2,4,2,4,2,3,1,3,1,4,3,2,1,1,3,4,3,4,4,1,3,3,4,3,2,2,3,3,4,2,2,1,4,1,2,4,3,4,3,3,4,3,1,2,3,1,3,2,1,2,2,1,1,3,4,2,4,2,4,1,1,2,3,3,3,3,4,1,4,4,4,2,1,2,3,1,2,2,4,2,2,3,3,2,2,2,4,4,4,3,1,4,4,2,4,1,3,4,3,4,3,3,4,4,3,1,1,1,1,4,2,3,1,1,2,2,4,3,3,2,2,2,4,3,2,1,3,3,1,1,3,3,2,4,4,2,1,1,1,1,2,3,2,1,2,4,4,1,2,4,3,1,2,1,4,3,4,1,3,2,4,3,1,2,1,1,2,3,3,2,2,1,1,4,2,4,2,4,1,1,3,4,2,4,1,3,4,1,2,3,1,2,4,2,2,2,3,1,1,2,4,4,1,4,2,1,1,4,1,3,2,3,1,4,3,3,3,4,4,1,4,3,1,4,2,4,4,1,1,1,2,2,4,4,1,1,2,2,1,4,2,1,1,1,2,4,2,4,2,1,1,3,1,4,1,3,1,1,2,4,3,2,3,1,3,2,1,2,4,4,4,3,4,3,3,2,1,1,2,4,2,2,1,3,2,2,3,1,4,2,4,4,2,4,2,3,3,3,3,1,3,2,2,2,4,2,1,1,1,1,1,1,3,1,4,1,2,2,4,1,3,3,3,3,1,4,3,1,1,1,1,1,2,1,1,1,2,2,4,4,1,3,1,4,3,3,4,1,4,3,2,1,4,4,4,2,2,1,1,1,4,2,1,2,3,1,2,1,2,2,4,3,1,2,1,2,3,2,2,1,3,2,1,2,1,3,4,3,1,3,1,1,3,4,3,1,4,1,4,3,3,1,4,1,4,1,3,2,1,2,3,2,4,2,1,2,4,3,4,1,4,2,2,4,2,2,1,1,1,3,3,1,4,4,4,1,3,2,4,1,1,2,3,3,1,2,3,2,2,1,2,2,2,4,2,2,1,3,3,2,1,1,2,2,3,3,3,2,3,1,4,4,4,1,4,2,2,4,4,3,1,3,1,3,2,1,4,1,1,3,4,3,4,3,1,3,3,1,1,1,4,1,3,3,1,1,3,1,1,4,1,4,2,4,1,1,3,1,1,1,4,4,2,4,3,4,1,4,1,3,2,2,2,2,1,1,4,1,2,1,3,3,3,2,4,1,4,1,2,3,2,3,4,4,2,2,1,4,3,4,1,2,3,1,2,3,1,2,4,2,2,1,1,1,2,2,4,1,4,3,4,1,3,2,2,3,1,4,2,3,4,4,2,1,1,3,3,1,3,1,2,4,3,2,1,3,2,3,2,1,4,2,1,3,4,4,3,4,3,3,1,3,1,2,2,3,1,2,1,2,3,2,3,3,2,3,1,1,1,4,2,2,4,2,1,4,4,1,2,3,3,2,3,4,3,2,2,2,4,2,3,2,2,2,4,4,4,4,1,1,3,2,4,4,2,2,1,2,1,2,2,4,4,1,2,4,1,4,3,1,3,2,1,3,2,1,2,3,1,2,2,4,3,1,1,2,3,2,2,1,2,1,1,4,1,4,2,1,1,4,4,1,3,3,4,1,2,2,3,3,2,4,1,3,1,4,4,3,4,2,4,3,4,4,3,3,1,2,3,4,1,4,2,4,1,2,4,1,4,2,4,4,1,4,3,2,1,3,3,2,1,3,4,3,2,3,1,3,3,2,3,3,1,2,2,2,2,4,4,4,2,2,4,2,3,1,2,3,3,4,1,2,2,1,3,2,2,1,3,3,3,2,3,1,4,4,1,1,1,3,1,2,4,2,2,3,3,4,3,3,4,1,4,4,1,1,4,1,1,4,1,2,3,3,4,3,2,1,4,3,2,1,1,2,3,4,1,4,1,1,1,3,3,2,4,4,2,3,4,2,1,4,3,4,1,3,3,2,3,2,3,1,1,1,1,1,4,1,3,2,4,3,1,1,3,4,2,2,2,2,1,4,1,4,2,3,3,1,3,1,1,4,2,2,2,2,4,2,2,3,2,2,1,1,2,1,3,3,3,4,3,2,3,3,3,3,1,3,3,1,1,4,2,4,1,1,1,4,3,2,2,3,2,3,4,1,3,3,1,1,2,3,1,2,4,3,4,1,1,3,4,1,3,3,3,1,1,3,2,3,3,3,2,4,1,1,4,3,3,1,3,4,1,2,3,4,1,1,2,3,2,4,1,1,2,2,2,3,1,3,4,3,2,4,4,3,3,2,2,4,2,1,1,4,3,3,1,3,2,1,4,3,4,4,3,3,1,1,4,4,1,4,2,3,3,2,1,1,4,4,1,4,2,3,2,3,3,4,4,3,4,2,1,4,4,4,1,2,3,2,4,1,2,4,4,3,1,3,2,3,2,4,1,1,4,1,3,2,2,2,3,2,1,2,3,1,4,1,3,1,2,3,4,2,3,3,4,4,3,4,4,2,3,1,2,3,3,2,4,1,1,3,3,1,3,1,4,1,1,1,3,4,2,2,1,3,2,2,1,1,3,2,1,4,4,4,1,3,4,4,4,1,1,1,4,1,1,3,1,2,1,1,2,2,1,3,4,2,3,1,1,2,2,3,1,2,2,4,2,3,1,2,4,2,1,1,1,4,1,1,2,2,3,2,1,1,3,1,3,3,1,2,2,2,3,2,3,4,3,1,1,2,1,2,4,3,1,2,4,1,3,4,3,4,4,3,2,3,3,1,3,3,1,2,3,1,2,2,3,2,3,2,2,2,3,2,4,1,1,4,2,1,4,2,3,3,1,1,4,1,2,4,2,1,3,2,4,3,1,2,1,2,3,4,1,3,3,4,4,3,2,3,3,2,1,3,2,1,2,2,2,1,1,3,3,3,3,3,1,4,2,3,2,2,3,2,2,4,2,2,4,2,2,2,2,2,2,1,4,1,1,4,4,2,3,3,1,2,3,4,4,3,2,2,1,4,2,4,1,2,2,3,4,2,1,4,2,4,1,3,3,1,4,1,3,4,4,2,2,2,2,2,1,1,4,4,2,3,3,4,4,4,2,4,2,1,4,3,2,1,1,2,2,1,1,1,2,4,1,1,3,4,2,1,2,4,4,4,3,1,4,2,3,4,4,2,3,2,1,4,2,3,1,4,4,3,2,2,4,1,2,3,4,1,3,1,1,4,1,2,2,1,4,4,1,2,2,4,4,3,3,1,1,4,4,3,1"
98,0.9875909492720556,0.4509803921568627,2338.0,"3,1,1,3,1,3,4,4,4,3,1,1,1,1,1,1,3,2,1,3,3,3,3,1,4,4,3,2,1,2,4,2,3,2,1,3,1,4,4,1,2,2,1,3,1,2,4,4,1,2,4,1,2,1,4,2,3,4,3,4,3,3,1,1,2,1,1,2,1,4,3,3,1,1,2,1,4,3,2,2,2,1,1,1,2,2,3,3,1,1,3,4,3,1,1,1,1,3,1,1,3,4,3,1,1,2,1,4,1,3,1,1,2,1,1,3,4,2,4,4,1,2,3,4,1,3,4,1,4,2,2,1,3,1,4,3,2,3,2,3,3,3,4,4,1,1,2,4,2,1,2,1,4,3,4,2,2,4,4,1,2,2,4,3,2,3,4,4,1,2,3,1,2,1,4,2,1,1,3,1,2,2,3,2,4,2,2,1,1,2,3,1,3,2,2,4,1,2,4,1,2,2,1,1,1,2,2,4,3,1,2,2,1,3,1,3,2,3,4,2,4,1,1,1,3,2,1,1,2,1,4,2,2,2,4,2,4,2,3,1,3,1,4,3,2,1,1,3,4,3,4,4,1,3,3,4,3,2,2,3,3,4,2,2,1,4,1,2,4,3,4,3,3,4,3,1,2,3,1,3,2,1,2,2,1,1,3,4,2,4,2,4,1,1,2,3,3,3,3,4,1,4,4,4,2,1,2,3,1,2,2,4,2,2,3,3,2,2,2,4,4,4,3,1,4,4,2,4,1,3,4,3,4,3,3,4,4,3,1,1,1,1,4,2,3,1,1,2,2,4,3,3,2,2,2,4,3,2,1,3,3,1,1,3,3,2,4,4,2,1,1,1,1,2,3,2,1,2,4,4,1,2,4,3,1,2,1,4,3,4,1,3,2,4,3,1,2,1,1,2,3,3,2,2,1,1,4,2,4,2,4,1,1,3,4,2,4,1,3,4,1,2,3,1,2,4,2,2,2,3,1,1,2,4,4,1,4,2,1,1,4,1,3,2,3,1,4,3,3,3,4,4,1,4,3,1,4,2,4,4,1,1,1,2,2,4,4,1,1,2,2,1,4,2,1,1,1,2,4,2,4,2,1,1,3,1,4,1,3,1,1,2,4,3,2,3,1,3,2,1,2,4,4,4,3,4,3,3,2,1,1,2,4,2,2,1,3,2,2,3,1,4,2,4,4,2,4,2,3,3,3,3,1,3,2,2,2,4,2,1,1,1,1,1,1,3,1,4,1,2,2,4,1,3,3,3,3,1,4,3,1,1,1,1,1,2,1,1,1,2,2,4,4,1,3,1,4,3,3,4,1,4,3,2,1,4,4,4,2,2,1,1,1,4,2,1,2,3,1,2,1,2,2,4,3,1,2,1,2,3,2,2,1,3,2,1,2,1,3,4,3,1,3,1,1,3,4,3,1,4,1,4,3,3,1,4,1,4,1,3,2,1,2,3,2,4,2,1,2,4,3,4,1,4,2,2,4,2,2,1,1,1,3,3,1,4,4,4,1,3,2,4,1,1,2,3,3,1,2,3,2,2,1,2,2,2,4,2,2,1,3,3,2,1,1,2,2,3,3,3,2,3,1,4,4,4,1,4,2,2,4,4,3,1,3,1,3,2,1,4,1,1,3,4,3,4,3,1,3,3,1,1,1,4,1,3,3,1,1,3,1,1,4,1,4,2,4,1,1,3,1,1,1,4,4,2,4,3,4,1,4,1,3,2,2,2,2,1,1,4,1,2,1,3,3,3,2,4,1,4,1,2,3,2,3,4,4,2,2,1,4,3,4,1,2,3,1,2,3,1,2,4,2,2,1,1,1,2,2,4,1,4,3,4,1,3,2,2,3,1,4,2,3,4,4,2,1,1,3,3,1,3,1,2,4,3,2,1,3,2,3,2,1,4,2,1,3,4,4,3,4,3,3,1,3,1,2,2,3,1,2,1,2,3,2,3,3,2,3,1,1,1,4,2,2,4,2,1,4,4,1,2,3,3,2,3,4,3,2,2,2,4,2,3,2,2,2,4,4,4,4,1,1,3,2,4,4,2,2,1,2,1,2,2,4,4,1,2,4,1,4,3,1,3,2,1,3,2,1,2,3,1,2,2,4,3,1,1,2,3,2,2,1,2,1,1,4,1,4,2,1,1,4,4,1,3,3,4,1,2,2,3,3,2,4,1,3,1,4,4,3,4,2,4,3,4,4,3,3,1,2,3,4,1,4,2,4,1,2,4,1,4,2,4,4,1,4,3,2,1,3,3,2,1,3,4,3,2,3,1,3,3,2,3,3,1,2,2,2,2,4,4,4,2,2,4,2,3,1,2,3,3,4,1,2,2,1,3,2,2,1,3,3,3,2,3,1,4,4,1,1,1,3,1,2,4,2,2,3,3,4,3,3,4,1,4,4,1,1,4,1,1,4,1,2,3,3,4,3,2,1,4,3,2,1,1,2,3,4,1,4,1,1,1,3,3,2,4,4,2,3,4,2,1,4,3,4,1,3,3,2,3,2,3,1,1,1,1,1,4,1,3,2,4,3,1,1,3,4,2,2,2,2,1,4,1,4,2,3,3,1,3,1,1,4,2,2,2,2,4,2,2,3,2,2,1,1,2,1,3,3,3,4,3,2,3,3,3,3,1,3,3,1,1,4,2,4,1,1,1,4,3,2,2,3,2,3,4,1,3,3,1,1,2,3,1,2,4,3,4,1,1,3,4,1,3,3,3,1,1,3,2,3,3,3,2,4,1,1,4,3,3,1,3,4,1,2,3,4,1,1,2,3,2,4,1,1,2,2,2,3,1,3,4,3,2,4,4,3,3,2,2,4,2,1,1,4,3,3,1,3,2,1,4,3,4,4,3,3,1,1,4,4,1,4,2,3,3,2,1,1,4,4,1,4,2,3,2,3,3,4,4,3,4,2,1,4,4,4,1,2,3,2,4,1,2,4,4,3,1,3,2,3,2,4,1,1,4,1,3,2,2,2,3,2,1,2,3,1,4,1,3,1,2,3,4,2,3,3,4,4,3,4,4,2,3,1,2,3,3,2,4,1,1,3,3,1,3,1,4,1,1,1,3,4,2,2,1,3,2,2,1,1,3,2,1,4,4,4,1,3,4,4,4,1,1,1,4,1,1,3,1,2,1,1,2,2,1,3,4,2,3,1,1,2,2,3,1,2,2,4,2,3,1,2,4,2,1,1,1,4,1,1,2,2,3,2,1,1,3,1,3,3,1,2,2,2,3,2,3,4,3,1,1,2,1,2,4,3,1,2,4,1,3,4,3,4,4,3,2,3,3,1,3,3,1,2,3,1,2,2,3,2,3,2,2,2,3,2,4,1,1,4,2,1,4,2,3,3,1,1,4,1,2,4,2,1,3,2,4,3,1,2,1,2,3,4,1,3,3,4,4,3,2,3,3,2,1,3,2,1,2,2,2,1,1,3,3,3,3,3,1,4,2,3,2,2,3,2,2,4,2,2,4,2,2,2,2,2,2,1,4,1,1,4,4,2,3,3,1,2,3,4,4,3,2,2,1,4,2,4,1,2,2,3,4,2,1,4,2,4,1,3,3,1,4,1,3,4,4,2,2,2,2,2,1,1,4,4,2,3,3,4,4,4,2,4,2,1,4,3,2,1,1,2,2,1,1,1,2,4,1,1,3,4,2,1,2,4,4,4,3,1,4,2,3,4,4,2,3,2,1,4,2,3,1,4,4,3,2,2,4,1,2,3,4,1,3,1,1,4,1,2,2,1,4,4,1,2,2,4,4,3,3,1,1,4,4,3,1"
99,0.9875909492720556,0.4509803921568627,2338.0,"3,1,1,3,1,3,4,4,4,3,1,1,1,1,1,1,3,2,1,3,3,3,3,1,4,4,3,2,1,2,4,2,3,2,1,3,1,4,4,1,2,2,1,3,1,2,4,4,1,2,4,1,2,1,4,2,3,4,3,4,3,3,1,1,2,1,1,2,1,4,3,3,1,1,2,1,4,3,2,2,2,1,1,1,2,2,3,3,1,1,3,4,3,1,1,1,1,3,1,1,3,4,3,1,1,2,1,4,1,3,1,1,2,1,1,3,4,2,4,4,1,2,3,4,1,3,4,1,4,2,2,1,3,1,4,3,2,3,2,3,3,3,4,4,1,1,2,4,2,1,2,1,4,3,4,2,2,4,4,1,2,2,4,3,2,3,4,4,1,2,3,1,2,1,4,2,1,1,3,1,2,2,3,2,4,2,2,1,1,2,3,1,3,2,2,4,1,2,4,1,2,2,1,1,1,2,2,4,3,1,2,2,1,3,1,3,2,3,4,2,4,1,1,1,3,2,1,1,2,1,4,2,2,2,4,2,4,2,3,1,3,1,4,3,2,1,1,3,4,3,4,4,1,3,3,4,3,2,2,3,3,4,2,2,1,4,1,2,4,3,4,3,3,4,3,1,2,3,1,3,2,1,2,2,1,1,3,4,2,4,2,4,1,1,2,3,3,3,3,4,1,4,4,4,2,1,2,3,1,2,2,4,2,2,3,3,2,2,2,4,4,4,3,1,4,4,2,4,1,3,4,3,4,3,3,4,4,3,1,1,1,1,4,2,3,1,1,2,2,4,3,3,2,2,2,4,3,2,1,3,3,1,1,3,3,2,4,4,2,1,1,1,1,2,3,2,1,2,4,4,1,2,4,3,1,2,1,4,3,4,1,3,2,4,3,1,2,1,1,2,3,3,2,2,1,1,4,2,4,2,4,1,1,3,4,2,4,1,3,4,1,2,3,1,2,4,2,2,2,3,1,1,2,4,4,1,4,2,1,1,4,1,3,2,3,1,4,3,3,3,4,4,1,4,3,1,4,2,4,4,1,1,1,2,2,4,4,1,1,2,2,1,4,2,1,1,1,2,4,2,4,2,1,1,3,1,4,1,3,1,1,2,4,3,2,3,1,3,2,1,2,4,4,4,3,4,3,3,2,1,1,2,4,2,2,1,3,2,2,3,1,4,2,4,4,2,4,2,3,3,3,3,1,3,2,2,2,4,2,1,1,1,1,1,1,3,1,4,1,2,2,4,1,3,3,3,3,1,4,3,1,1,1,1,1,2,1,1,1,2,2,4,4,1,3,1,4,3,3,4,1,4,3,2,1,4,4,4,2,2,1,1,1,4,2,1,2,3,1,2,1,2,2,4,3,1,2,1,2,3,2,2,1,3,2,1,2,1,3,4,3,1,3,1,1,3,4,3,1,4,1,4,3,3,1,4,1,4,1,3,2,1,2,3,2,4,2,1,2,4,3,4,1,4,2,2,4,2,2,1,1,1,3,3,1,4,4,4,1,3,2,4,1,1,2,3,3,1,2,3,2,2,1,2,2,2,4,2,2,1,3,3,2,1,1,2,2,3,3,3,2,3,1,4,4,4,1,4,2,2,4,4,3,1,3,1,3,2,1,4,1,1,3,4,3,4,3,1,3,3,1,1,1,4,1,3,3,1,1,3,1,1,4,1,4,2,4,1,1,3,1,1,1,4,4,2,4,3,4,1,4,1,3,2,2,2,2,1,1,4,1,2,1,3,3,3,2,4,1,4,1,2,3,2,3,4,4,2,2,1,4,3,4,1,2,3,1,2,3,1,2,4,2,2,1,1,1,2,2,4,1,4,3,4,1,3,2,2,3,1,4,2,3,4,4,2,1,1,3,3,1,3,1,2,4,3,2,1,3,2,3,2,1,4,2,1,3,4,4,3,4,3,3,1,3,1,2,2,3,1,2,1,2,3,2,3,3,2,3,1,1,1,4,2,2,4,2,1,4,4,1,2,3,3,2,3,4,3,2,2,2,4,2,3,2,2,2,4,4,4,4,1,1,3,2,4,4,2,2,1,2,1,2,2,4,4,1,2,4,1,4,3,1,3,2,1,3,2,1,2,3,1,2,2,4,3,1,1,2,3,2,2,1,2,1,1,4,1,4,2,1,1,4,4,1,3,3,4,1,2,2,3,3,2,4,1,3,1,4,4,3,4,2,4,3,4,4,3,3,1,2,3,4,1,4,2,4,1,2,4,1,4,2,4,4,1,4,3,2,1,3,3,2,1,3,4,3,2,3,1,3,3,2,3,3,1,2,2,2,2,4,4,4,2,2,4,2,3,1,2,3,3,4,1,2,2,1,3,2,2,1,3,3,3,2,3,1,4,4,1,1,1,3,1,2,4,2,2,3,3,4,3,3,4,1,4,4,1,1,4,1,1,4,1,2,3,3,4,3,2,1,4,3,2,1,1,2,3,4,1,4,1,1,1,3,3,2,4,4,2,3,4,2,1,4,3,4,1,3,3,2,3,2,3,1,1,1,1,1,4,1,3,2,4,3,1,1,3,4,2,2,2,2,1,4,1,4,2,3,3,1,3,1,1,4,2,2,2,2,4,2,2,3,2,2,1,1,2,1,3,3,3,4,3,2,3,3,3,3,1,3,3,1,1,4,2,4,1,1,1,4,3,2,2,3,2,3,4,1,3,3,1,1,2,3,1,2,4,3,4,1,1,3,4,1,3,3,3,1,1,3,2,3,3,3,2,4,1,1,4,3,3,1,3,4,1,2,3,4,1,1,2,3,2,4,1,1,2,2,2,3,1,3,4,3,2,4,4,3,3,2,2,4,2,1,1,4,3,3,1,3,2,1,4,3,4,4,3,3,1,1,4,4,1,4,2,3,3,2,1,1,4,4,1,4,2,3,2,3,3,4,4,3,4,2,1,4,4,4,1,2,3,2,4,1,2,4,4,3,1,3,2,3,2,4,1,1,4,1,3,2,2,2,3,2,1,2,3,1,4,1,3,1,2,3,4,2,3,3,4,4,3,4,4,2,3,1,2,3,3,2,4,1,1,3,3,1,3,1,4,1,1,1,3,4,2,2,1,3,2,2,1,1,3,2,1,4,4,4,1,3,4,4,4,1,1,1,4,1,1,3,1,2,1,1,2,2,1,3,4,2,3,1,1,2,2,3,1,2,2,4,2,3,1,2,4,2,1,1,1,4,1,1,2,2,3,2,1,1,3,1,3,3,1,2,2,2,3,2,3,4,3,1,1,2,1,2,4,3,1,2,4,1,3,4,3,4,4,3,2,3,3,1,3,3,1,2,3,1,2,2,3,2,3,2,2,2,3,2,4,1,1,4,2,1,4,2,3,3,1,1,4,1,2,4,2,1,3,2,4,3,1,2,1,2,3,4,1,3,3,4,4,3,2,3,3,2,1,3,2,1,2,2,2,1,1,3,3,3,3,3,1,4,2,3,2,2,3,2,2,4,2,2,4,2,2,2,2,2,2,1,4,1,1,4,4,2,3,3,1,2,3,4,4,3,2,2,1,4,2,4,1,2,2,3,4,2,1,4,2,4,1,3,3,1,4,1,3,4,4,2,2,2,2,2,1,1,4,4,2,3,3,4,4,4,2,4,2,1,4,3,2,1,1,2,2,1,1,1,2,4,1,1,3,4,2,1,2,4,4,4,3,1,4,2,3,4,4,2,3,2,1,4,2,3,1,4,4,3,2,2,4,1,2,3,4,1,3,1,1,4,1,2,2,1,4,4,1,2,2,4,4,3,3,1,1,4,4,3,1"
100,0.9875909492720556,0.4509803921568627,2338.0,"3,1,1,3,1,3,4,4,4,3,1,1,1,1,1,1,3,2,1,3,3,3,3,1,4,4,3,2,1,2,4,2,3,2,1,3,1,4,4,1,2,2,1,3,1,2,4,4,1,2,4,1,2,1,4,2,3,4,3,4,3,3,1,1,2,1,1,2,1,4,3,3,1,1,2,1,4,3,2,2,2,1,1,1,2,2,3,3,1,1,3,4,3,1,1,1,1,3,1,1,3,4,3,1,1,2,1,4,1,3,1,1,2,1,1,3,4,2,4,4,1,2,3,4,1,3,4,1,4,2,2,1,3,1,4,3,2,3,2,3,3,3,4,4,1,1,2,4,2,1,2,1,4,3,4,2,2,4,4,1,2,2,4,3,2,3,4,4,1,2,3,1,2,1,4,2,1,1,3,1,2,2,3,2,4,2,2,1,1,2,3,1,3,2,2,4,1,2,4,1,2,2,1,1,1,2,2,4,3,1,2,2,1,3,1,3,2,3,4,2,4,1,1,1,3,2,1,1,2,1,4,2,2,2,4,2,4,2,3,1,3,1,4,3,2,1,1,3,4,3,4,4,1,3,3,4,3,2,2,3,3,4,2,2,1,4,1,2,4,3,4,3,3,4,3,1,2,3,1,3,2,1,2,2,1,1,3,4,2,4,2,4,1,1,2,3,3,3,3,4,1,4,4,4,2,1,2,3,1,2,2,4,2,2,3,3,2,2,2,4,4,4,3,1,4,4,2,4,1,3,4,3,4,3,3,4,4,3,1,1,1,1,4,2,3,1,1,2,2,4,3,3,2,2,2,4,3,2,1,3,3,1,1,3,3,2,4,4,2,1,1,1,1,2,3,2,1,2,4,4,1,2,4,3,1,2,1,4,3,4,1,3,2,4,3,1,2,1,1,2,3,3,2,2,1,1,4,2,4,2,4,1,1,3,4,2,4,1,3,4,1,2,3,1,2,4,2,2,2,3,1,1,2,4,4,1,4,2,1,1,4,1,3,2,3,1,4,3,3,3,4,4,1,4,3,1,4,2,4,4,1,1,1,2,2,4,4,1,1,2,2,1,4,2,1,1,1,2,4,2,4,2,1,1,3,1,4,1,3,1,1,2,4,3,2,3,1,3,2,1,2,4,4,4,3,4,3,3,2,1,1,2,4,2,2,1,3,2,2,3,1,4,2,4,4,2,4,2,3,3,3,3,1,3,2,2,2,4,2,1,1,1,1,1,1,3,1,4,1,2,2,4,1,3,3,3,3,1,4,3,1,1,1,1,1,2,1,1,1,2,2,4,4,1,3,1,4,3,3,4,1,4,3,2,1,4,4,4,2,2,1,1,1,4,2,1,2,3,1,2,1,2,2,4,3,1,2,1,2,3,2,2,1,3,2,1,2,1,3,4,3,1,3,1,1,3,4,3,1,4,1,4,3,3,1,4,1,4,1,3,2,1,2,3,2,4,2,1,2,4,3,4,1,4,2,2,4,2,2,1,1,1,3,3,1,4,4,4,1,3,2,4,1,1,2,3,3,1,2,3,2,2,1,2,2,2,4,2,2,1,3,3,2,1,1,2,2,3,3,3,2,3,1,4,4,4,1,4,2,2,4,4,3,1,3,1,3,2,1,4,1,1,3,4,3,4,3,1,3,3,1,1,1,4,1,3,3,1,1,3,1,1,4,1,4,2,4,1,1,3,1,1,1,4,4,2,4,3,4,1,4,1,3,2,2,2,2,1,1,4,1,2,1,3,3,3,2,4,1,4,1,2,3,2,3,4,4,2,2,1,4,3,4,1,2,3,1,2,3,1,2,4,2,2,1,1,1,2,2,4,1,4,3,4,1,3,2,2,3,1,4,2,3,4,4,2,1,1,3,3,1,3,1,2,4,3,2,1,3,2,3,2,1,4,2,1,3,4,4,3,4,3,3,1,3,1,2,2,3,1,2,1,2,3,2,3,3,2,3,1,1,1,4,2,2,4,2,1,4,4,1,2,3,3,2,3,4,3,2,2,2,4,2,3,2,2,2,4,4,4,4,1,1,3,2,4,4,2,2,1,2,1,2,2,4,4,1,2,4,1,4,3,1,3,2,1,3,2,1,2,3,1,2,2,4,3,1,1,2,3,2,2,1,2,1,1,4,1,4,2,1,1,4,4,1,3,3,4,1,2,2,3,3,2,4,1,3,1,4,4,3,4,2,4,3,4,4,3,3,1,2,3,4,1,4,2,4,1,2,4,1,4,2,4,4,1,4,3,2,1,3,3,2,1,3,4,3,2,3,1,3,3,2,3,3,1,2,2,2,2,4,4,4,2,2,4,2,3,1,2,3,3,4,1,2,2,1,3,2,2,1,3,3,3,2,3,1,4,4,1,1,1,3,1,2,4,2,2,3,3,4,3,3,4,1,4,4,1,1,4,1,1,4,1,2,3,3,4,3,2,1,4,3,2,1,1,2,3,4,1,4,1,1,1,3,3,2,4,4,2,3,4,2,1,4,3,4,1,3,3,2,3,2,3,1,1,1,1,1,4,1,3,2,4,3,1,1,3,4,2,2,2,2,1,4,1,4,2,3,3,1,3,1,1,4,2,2,2,2,4,2,2,3,2,2,1,1,2,1,3,3,3,4,3,2,3,3,3,3,1,3,3,1,1,4,2,4,1,1,1,4,3,2,2,3,2,3,4,1,3,3,1,1,2,3,1,2,4,3,4,1,1,3,4,1,3,3,3,1,1,3,2,3,3,3,2,4,1,1,4,3,3,1,3,4,1,2,3,4,1,1,2,3,2,4,1,1,2,2,2,3,1,3,4,3,2,4,4,3,3,2,2,4,2,1,1,4,3,3,1,3,2,1,4,3,4,4,3,3,1,1,4,4,1,4,2,3,3,2,1,1,4,4,1,4,2,3,2,3,3,4,4,3,4,2,1,4,4,4,1,2,3,2,4,1,2,4,4,3,1,3,2,3,2,4,1,1,4,1,3,2,2,2,3,2,1,2,3,1,4,1,3,1,2,3,4,2,3,3,4,4,3,4,4,2,3,1,2,3,3,2,4,1,1,3,3,1,3,1,4,1,1,1,3,4,2,2,1,3,2,2,1,1,3,2,1,4,4,4,1,3,4,4,4,1,1,1,4,1,1,3,1,2,1,1,2,2,1,3,4,2,3,1,1,2,2,3,1,2,2,4,2,3,1,2,4,2,1,1,1,4,1,1,2,2,3,2,1,1,3,1,3,3,1,2,2,2,3,2,3,4,3,1,1,2,1,2,4,3,1,2,4,1,3,4,3,4,4,3,2,3,3,1,3,3,1,2,3,1,2,2,3,2,3,2,2,2,3,2,4,1,1,4,2,1,4,2,3,3,1,1,4,1,2,4,2,1,3,2,4,3,1,2,1,2,3,4,1,3,3,4,4,3,2,3,3,2,1,3,2,1,2,2,2,1,1,3,3,3,3,3,1,4,2,3,2,2,3,2,2,4,2,2,4,2,2,2,2,2,2,1,4,1,1,4,4,2,3,3,1,2,3,4,4,3,2,2,1,4,2,4,1,2,2,3,4,2,1,4,2,4,1,3,3,1,4,1,3,4,4,2,2,2,2,2,1,1,4,4,2,3,3,4,4,4,2,4,2,1,4,3,2,1,1,2,2,1,1,1,2,4,1,1,3,4,2,1,2,4,4,4,3,1,4,2,3,4,4,2,3,2,1,4,2,3,1,4,4,3,2,2,4,1,2,3,4,1,3,1,1,4,1,2,2,1,4,4,1,2,2,4,4,3,3,1,1,4,4,3,1"
101,0.9875909492720556,0.4509803921568627,2338.0,"3,1,1,3,1,3,4,4,4,3,1,1,1,1,1,1,3,2,1,3,3,3,3,1,4,4,3,2,1,2,4,2,3,2,1,3,1,4,4,1,2,2,1,3,1,2,4,4,1,2,4,1,2,1,4,2,3,4,3,4,3,3,1,1,2,1,1,2,1,4,3,3,1,1,2,1,4,3,2,2,2,1,1,1,2,2,3,3,1,1,3,4,3,1,1,1,1,3,1,1,3,4,3,1,1,2,1,4,1,3,1,1,2,1,1,3,4,2,4,4,1,2,3,4,1,3,4,1,4,2,2,1,3,1,4,3,2,3,2,3,3,3,4,4,1,1,2,4,2,1,2,1,4,3,4,2,2,4,4,1,2,2,4,3,2,3,4,4,1,2,3,1,2,1,4,2,1,1,3,1,2,2,3,2,4,2,2,1,1,2,3,1,3,2,2,4,1,2,4,1,2,2,1,1,1,2,2,4,3,1,2,2,1,3,1,3,2,3,4,2,4,1,1,1,3,2,1,1,2,1,4,2,2,2,4,2,4,2,3,1,3,1,4,3,2,1,1,3,4,3,4,4,1,3,3,4,3,2,2,3,3,4,2,2,1,4,1,2,4,3,4,3,3,4,3,1,2,3,1,3,2,1,2,2,1,1,3,4,2,4,2,4,1,1,2,3,3,3,3,4,1,4,4,4,2,1,2,3,1,2,2,4,2,2,3,3,2,2,2,4,4,4,3,1,4,4,2,4,1,3,4,3,4,3,3,4,4,3,1,1,1,1,4,2,3,1,1,2,2,4,3,3,2,2,2,4,3,2,1,3,3,1,1,3,3,2,4,4,2,1,1,1,1,2,3,2,1,2,4,4,1,2,4,3,1,2,1,4,3,4,1,3,2,4,3,1,2,1,1,2,3,3,2,2,1,1,4,2,4,2,4,1,1,3,4,2,4,1,3,4,1,2,3,1,2,4,2,2,2,3,1,1,2,4,4,1,4,2,1,1,4,1,3,2,3,1,4,3,3,3,4,4,1,4,3,1,4,2,4,4,1,1,1,2,2,4,4,1,1,2,2,1,4,2,1,1,1,2,4,2,4,2,1,1,3,1,4,1,3,1,1,2,4,3,2,3,1,3,2,1,2,4,4,4,3,4,3,3,2,1,1,2,4,2,2,1,3,2,2,3,1,4,2,4,4,2,4,2,3,3,3,3,1,3,2,2,2,4,2,1,1,1,1,1,1,3,1,4,1,2,2,4,1,3,3,3,3,1,4,3,1,1,1,1,1,2,1,1,1,2,2,4,4,1,3,1,4,3,3,4,1,4,3,2,1,4,4,4,2,2,1,1,1,4,2,1,2,3,1,2,1,2,2,4,3,1,2,1,2,3,2,2,1,3,2,1,2,1,3,4,3,1,3,1,1,3,4,3,1,4,1,4,3,3,1,4,1,4,1,3,2,1,2,3,2,4,2,1,2,4,3,4,1,4,2,2,4,2,2,1,1,1,3,3,1,4,4,4,1,3,2,4,1,1,2,3,3,1,2,3,2,2,1,2,2,2,4,2,2,1,3,3,2,1,1,2,2,3,3,3,2,3,1,4,4,4,1,4,2,2,4,4,3,1,3,1,3,2,1,4,1,1,3,4,3,4,3,1,3,3,1,1,1,4,1,3,3,1,1,3,1,1,4,1,4,2,4,1,1,3,1,1,1,4,4,2,4,3,4,1,4,1,3,2,2,2,2,1,1,4,1,2,1,3,3,3,2,4,1,4,1,2,3,2,3,4,4,2,2,1,4,3,4,1,2,3,1,2,3,1,2,4,2,2,1,1,1,2,2,4,1,4,3,4,1,3,2,2,3,1,4,2,3,4,4,2,1,1,3,3,1,3,1,2,4,3,2,1,3,2,3,2,1,4,2,1,3,4,4,3,4,3,3,1,3,1,2,2,3,1,2,1,2,3,2,3,3,2,3,1,1,1,4,2,2,4,2,1,4,4,1,2,3,3,2,3,4,3,2,2,2,4,2,3,2,2,2,4,4,4,4,1,1,3,2,4,4,2,2,1,2,1,2,2,4,4,1,2,4,1,4,3,1,3,2,1,3,2,1,2,3,1,2,2,4,3,1,1,2,3,2,2,1,2,1,1,4,1,4,2,1,1,4,4,1,3,3,4,1,2,2,3,3,2,4,1,3,1,4,4,3,4,2,4,3,4,4,3,3,1,2,3,4,1,4,2,4,1,2,4,1,4,2,4,4,1,4,3,2,1,3,3,2,1,3,4,3,2,3,1,3,3,2,3,3,1,2,2,2,2,4,4,4,2,2,4,2,3,1,2,3,3,4,1,2,2,1,3,2,2,1,3,3,3,2,3,1,4,4,1,1,1,3,1,2,4,2,2,3,3,4,3,3,4,1,4,4,1,1,4,1,1,4,1,2,3,3,4,3,2,1,4,3,2,1,1,2,3,4,1,4,1,1,1,3,3,2,4,4,2,3,4,2,1,4,3,4,1,3,3,2,3,2,3,1,1,1,1,1,4,1,3,2,4,3,1,1,3,4,2,2,2,2,1,4,1,4,2,3,3,1,3,1,1,4,2,2,2,2,4,2,2,3,2,2,1,1,2,1,3,3,3,4,3,2,3,3,3,3,1,3,3,1,1,4,2,4,1,1,1,4,3,2,2,3,2,3,4,1,3,3,1,1,2,3,1,2,4,3,4,1,1,3,4,1,3,3,3,1,1,3,2,3,3,3,2,4,1,1,4,3,3,1,3,4,1,2,3,4,1,1,2,3,2,4,1,1,2,2,2,3,1,3,4,3,2,4,4,3,3,2,2,4,2,1,1,4,3,3,1,3,2,1,4,3,4,4,3,3,1,1,4,4,1,4,2,3,3,2,1,1,4,4,1,4,2,3,2,3,3,4,4,3,4,2,1,4,4,4,1,2,3,2,4,1,2,4,4,3,1,3,2,3,2,4,1,1,4,1,3,2,2,2,3,2,1,2,3,1,4,1,3,1,2,3,4,2,3,3,4,4,3,4,4,2,3,1,2,3,3,2,4,1,1,3,3,1,3,1,4,1,1,1,3,4,2,2,1,3,2,2,1,1,3,2,1,4,4,4,1,3,4,4,4,1,1,1,4,1,1,3,1,2,1,1,2,2,1,3,4,2,3,1,1,2,2,3,1,2,2,4,2,3,1,2,4,2,1,1,1,4,1,1,2,2,3,2,1,1,3,1,3,3,1,2,2,2,3,2,3,4,3,1,1,2,1,2,4,3,1,2,4,1,3,4,3,4,4,3,2,3,3,1,3,3,1,2,3,1,2,2,3,2,3,2,2,2,3,2,4,1,1,4,2,1,4,2,3,3,1,1,4,1,2,4,2,1,3,2,4,3,1,2,1,2,3,4,1,3,3,4,4,3,2,3,3,2,1,3,2,1,2,2,2,1,1,3,3,3,3,3,1,4,2,3,2,2,3,2,2,4,2,2,4,2,2,2,2,2,2,1,4,1,1,4,4,2,3,3,1,2,3,4,4,3,2,2,1,4,2,4,1,2,2,3,4,2,1,4,2,4,1,3,3,1,4,1,3,4,4,2,2,2,2,2,1,1,4,4,2,3,3,4,4,4,2,4,2,1,4,3,2,1,1,2,2,1,1,1,2,4,1,1,3,4,2,1,2,4,4,4,3,1,4,2,3,4,4,2,3,2,1,4,2,3,1,4,4,3,2,2,4,1,2,3,4,1,3,1,1,4,1,2,2,1,4,4,1,2,2,4,4,3,3,1,1,4,4,3,1"
102,0.9875909492720556,0.4509803921568627,2338.0,"3,1,1,3,1,3,4,4,4,3,1,1,1,1,1,1,3,2,1,3,3,3,3,1,4,4,3,2,1,2,4,2,3,2,1,3,1,4,4,1,2,2,1,3,1,2,4,4,1,2,4,1,2,1,4,2,3,4,3,4,3,3,1,1,2,1,1,2,1,4,3,3,1,1,2,1,4,3,2,2,2,1,1,1,2,2,3,3,1,1,3,4,3,1,1,1,1,3,1,1,3,4,3,1,1,2,1,4,1,3,1,1,2,1,1,3,4,2,4,4,1,2,3,4,1,3,4,1,4,2,2,1,3,1,4,3,2,3,2,3,3,3,4,4,1,1,2,4,2,1,2,1,4,3,4,2,2,4,4,1,2,2,4,3,2,3,4,4,1,2,3,1,2,1,4,2,1,1,3,1,2,2,3,2,4,2,2,1,1,2,3,1,3,2,2,4,1,2,4,1,2,2,1,1,1,2,2,4,3,1,2,2,1,3,1,3,2,3,4,2,4,1,1,1,3,2,1,1,2,1,4,2,2,2,4,2,4,2,3,1,3,1,4,3,2,1,1,3,4,3,4,4,1,3,3,4,3,2,2,3,3,4,2,2,1,4,1,2,4,3,4,3,3,4,3,1,2,3,1,3,2,1,2,2,1,1,3,4,2,4,2,4,1,1,2,3,3,3,3,4,1,4,4,4,2,1,2,3,1,2,2,4,2,2,3,3,2,2,2,4,4,4,3,1,4,4,2,4,1,3,4,3,4,3,3,4,4,3,1,1,1,1,4,2,3,1,1,2,2,4,3,3,2,2,2,4,3,2,1,3,3,1,1,3,3,2,4,4,2,1,1,1,1,2,3,2,1,2,4,4,1,2,4,3,1,2,1,4,3,4,1,3,2,4,3,1,2,1,1,2,3,3,2,2,1,1,4,2,4,2,4,1,1,3,4,2,4,1,3,4,1,2,3,1,2,4,2,2,2,3,1,1,2,4,4,1,4,2,1,1,4,1,3,2,3,1,4,3,3,3,4,4,1,4,3,1,4,2,4,4,1,1,1,2,2,4,4,1,1,2,2,1,4,2,1,1,1,2,4,2,4,2,1,1,3,1,4,1,3,1,1,2,4,3,2,3,1,3,2,1,2,4,4,4,3,4,3,3,2,1,1,2,4,2,2,1,3,2,2,3,1,4,2,4,4,2,4,2,3,3,3,3,1,3,2,2,2,4,2,1,1,1,1,1,1,3,1,4,1,2,2,4,1,3,3,3,3,1,4,3,1,1,1,1,1,2,1,1,1,2,2,4,4,1,3,1,4,3,3,4,1,4,3,2,1,4,4,4,2,2,1,1,1,4,2,1,2,3,1,2,1,2,2,4,3,1,2,1,2,3,2,2,1,3,2,1,2,1,3,4,3,1,3,1,1,3,4,3,1,4,1,4,3,3,1,4,1,4,1,3,2,1,2,3,2,4,2,1,2,4,3,4,1,4,2,2,4,2,2,1,1,1,3,3,1,4,4,4,1,3,2,4,1,1,2,3,3,1,2,3,2,2,1,2,2,2,4,2,2,1,3,3,2,1,1,2,2,3,3,3,2,3,1,4,4,4,1,4,2,2,4,4,3,1,3,1,3,2,1,4,1,1,3,4,3,4,3,1,3,3,1,1,1,4,1,3,3,1,1,3,1,1,4,1,4,2,4,1,1,3,1,1,1,4,4,2,4,3,4,1,4,1,3,2,2,2,2,1,1,4,1,2,1,3,3,3,2,4,1,4,1,2,3,2,3,4,4,2,2,1,4,3,4,1,2,3,1,2,3,1,2,4,2,2,1,1,1,2,2,4,1,4,3,4,1,3,2,2,3,1,4,2,3,4,4,2,1,1,3,3,1,3,1,2,4,3,2,1,3,2,3,2,1,4,2,1,3,4,4,3,4,3,3,1,3,1,2,2,3,1,2,1,2,3,2,3,3,2,3,1,1,1,4,2,2,4,2,1,4,4,1,2,3,3,2,3,4,3,2,2,2,4,2,3,2,2,2,4,4,4,4,1,1,3,2,4,4,2,2,1,2,1,2,2,4,4,1,2,4,1,4,3,1,3,2,1,3,2,1,2,3,1,2,2,4,3,1,1,2,3,2,2,1,2,1,1,4,1,4,2,1,1,4,4,1,3,3,4,1,2,2,3,3,2,4,1,3,1,4,4,3,4,2,4,3,4,4,3,3,1,2,3,4,1,4,2,4,1,2,4,1,4,2,4,4,1,4,3,2,1,3,3,2,1,3,4,3,2,3,1,3,3,2,3,3,1,2,2,2,2,4,4,4,2,2,4,2,3,1,2,3,3,4,1,2,2,1,3,2,2,1,3,3,3,2,3,1,4,4,1,1,1,3,1,2,4,2,2,3,3,4,3,3,4,1,4,4,1,1,4,1,1,4,1,2,3,3,4,3,2,1,4,3,2,1,1,2,3,4,1,4,1,1,1,3,3,2,4,4,2,3,4,2,1,4,3,4,1,3,3,2,3,2,3,1,1,1,1,1,4,1,3,2,4,3,1,1,3,4,2,2,2,2,1,4,1,4,2,3,3,1,3,1,1,4,2,2,2,2,4,2,2,3,2,2,1,1,2,1,3,3,3,4,3,2,3,3,3,3,1,3,3,1,1,4,2,4,1,1,1,4,3,2,2,3,2,3,4,1,3,3,1,1,2,3,1,2,4,3,4,1,1,3,4,1,3,3,3,1,1,3,2,3,3,3,2,4,1,1,4,3,3,1,3,4,1,2,3,4,1,1,2,3,2,4,1,1,2,2,2,3,1,3,4,3,2,4,4,3,3,2,2,4,2,1,1,4,3,3,1,3,2,1,4,3,4,4,3,3,1,1,4,4,1,4,2,3,3,2,1,1,4,4,1,4,2,3,2,3,3,4,4,3,4,2,1,4,4,4,1,2,3,2,4,1,2,4,4,3,1,3,2,3,2,4,1,1,4,1,3,2,2,2,3,2,1,2,3,1,4,1,3,1,2,3,4,2,3,3,4,4,3,4,4,2,3,1,2,3,3,2,4,1,1,3,3,1,3,1,4,1,1,1,3,4,2,2,1,3,2,2,1,1,3,2,1,4,4,4,1,3,4,4,4,1,1,1,4,1,1,3,1,2,1,1,2,2,1,3,4,2,3,1,1,2,2,3,1,2,2,4,2,3,1,2,4,2,1,1,1,4,1,1,2,2,3,2,1,1,3,1,3,3,1,2,2,2,3,2,3,4,3,1,1,2,1,2,4,3,1,2,4,1,3,4,3,4,4,3,2,3,3,1,3,3,1,2,3,1,2,2,3,2,3,2,2,2,3,2,4,1,1,4,2,1,4,2,3,3,1,1,4,1,2,4,2,1,3,2,4,3,1,2,1,2,3,4,1,3,3,4,4,3,2,3,3,2,1,3,2,1,2,2,2,1,1,3,3,3,3,3,1,4,2,3,2,2,3,2,2,4,2,2,4,2,2,2,2,2,2,1,4,1,1,4,4,2,3,3,1,2,3,4,4,3,2,2,1,4,2,4,1,2,2,3,4,2,1,4,2,4,1,3,3,1,4,1,3,4,4,2,2,2,2,2,1,1,4,4,2,3,3,4,4,4,2,4,2,1,4,3,2,1,1,2,2,1,1,1,2,4,1,1,3,4,2,1,2,4,4,4,3,1,4,2,3,4,4,2,3,2,1,4,2,3,1,4,4,3,2,2,4,1,2,3,4,1,3,1,1,4,1,2,2,1,4,4,1,2,2,4,4,3,3,1,1,4,4,3,1"
103,0.9875909492720556,0.4509803921568627,2338.0,"3,1,1,3,1,3,4,4,4,3,1,1,1,1,1,1,3,2,1,3,3,3,3,1,4,4,3,2,1,2,4,2,3,2,1,3,1,4,4,1,2,2,1,3,1,2,4,4,1,2,4,1,2,1,4,2,3,4,3,4,3,3,1,1,2,1,1,2,1,4,3,3,1,1,2,1,4,3,2,2,2,1,1,1,2,2,3,3,1,1,3,4,3,1,1,1,1,3,1,1,3,4,3,1,1,2,1,4,1,3,1,1,2,1,1,3,4,2,4,4,1,2,3,4,1,3,4,1,4,2,2,1,3,1,4,3,2,3,2,3,3,3,4,4,1,1,2,4,2,1,2,1,4,3,4,2,2,4,4,1,2,2,4,3,2,3,4,4,1,2,3,1,2,1,4,2,1,1,3,1,2,2,3,2,4,2,2,1,1,2,3,1,3,2,2,4,1,2,4,1,2,2,1,1,1,2,2,4,3,1,2,2,1,3,1,3,2,3,4,2,4,1,1,1,3,2,1,1,2,1,4,2,2,2,4,2,4,2,3,1,3,1,4,3,2,1,1,3,4,3,4,4,1,3,3,4,3,2,2,3,3,4,2,2,1,4,1,2,4,3,4,3,3,4,3,1,2,3,1,3,2,1,2,2,1,1,3,4,2,4,2,4,1,1,2,3,3,3,3,4,1,4,4,4,2,1,2,3,1,2,2,4,2,2,3,3,2,2,2,4,4,4,3,1,4,4,2,4,1,3,4,3,4,3,3,4,4,3,1,1,1,1,4,2,3,1,1,2,2,4,3,3,2,2,2,4,3,2,1,3,3,1,1,3,3,2,4,4,2,1,1,1,1,2,3,2,1,2,4,4,1,2,4,3,1,2,1,4,3,4,1,3,2,4,3,1,2,1,1,2,3,3,2,2,1,1,4,2,4,2,4,1,1,3,4,2,4,1,3,4,1,2,3,1,2,4,2,2,2,3,1,1,2,4,4,1,4,2,1,1,4,1,3,2,3,1,4,3,3,3,4,4,1,4,3,1,4,2,4,4,1,1,1,2,2,4,4,1,1,2,2,1,4,2,1,1,1,2,4,2,4,2,1,1,3,1,4,1,3,1,1,2,4,3,2,3,1,3,2,1,2,4,4,4,3,4,3,3,2,1,1,2,4,2,2,1,3,2,2,3,1,4,2,4,4,2,4,2,3,3,3,3,1,3,2,2,2,4,2,1,1,1,1,1,1,3,1,4,1,2,2,4,1,3,3,3,3,1,4,3,1,1,1,1,1,2,1,1,1,2,2,4,4,1,3,1,4,3,3,4,1,4,3,2,1,4,4,4,2,2,1,1,1,4,2,1,2,3,1,2,1,2,2,4,3,1,2,1,2,3,2,2,1,3,2,1,2,1,3,4,3,1,3,1,1,3,4,3,1,4,1,4,3,3,1,4,1,4,1,3,2,1,2,3,2,4,2,1,2,4,3,4,1,4,2,2,4,2,2,1,1,1,3,3,1,4,4,4,1,3,2,4,1,1,2,3,3,1,2,3,2,2,1,2,2,2,4,2,2,1,3,3,2,1,1,2,2,3,3,3,2,3,1,4,4,4,1,4,2,2,4,4,3,1,3,1,3,2,1,4,1,1,3,4,3,4,3,1,3,3,1,1,1,4,1,3,3,1,1,3,1,1,4,1,4,2,4,1,1,3,1,1,1,4,4,2,4,3,4,1,4,1,3,2,2,2,2,1,1,4,1,2,1,3,3,3,2,4,1,4,1,2,3,2,3,4,4,2,2,1,4,3,4,1,2,3,1,2,3,1,2,4,2,2,1,1,1,2,2,4,1,4,3,4,1,3,2,2,3,1,4,2,3,4,4,2,1,1,3,3,1,3,1,2,4,3,2,1,3,2,3,2,1,4,2,1,3,4,4,3,4,3,3,1,3,1,2,2,3,1,2,1,2,3,2,3,3,2,3,1,1,1,4,2,2,4,2,1,4,4,1,2,3,3,2,3,4,3,2,2,2,4,2,3,2,2,2,4,4,4,4,1,1,3,2,4,4,2,2,1,2,1,2,2,4,4,1,2,4,1,4,3,1,3,2,1,3,2,1,2,3,1,2,2,4,3,1,1,2,3,2,2,1,2,1,1,4,1,4,2,1,1,4,4,1,3,3,4,1,2,2,3,3,2,4,1,3,1,4,4,3,4,2,4,3,4,4,3,3,1,2,3,4,1,4,2,4,1,2,4,1,4,2,4,4,1,4,3,2,1,3,3,2,1,3,4,3,2,3,1,3,3,2,3,3,1,2,2,2,2,4,4,4,2,2,4,2,3,1,2,3,3,4,1,2,2,1,3,2,2,1,3,3,3,2,3,1,4,4,1,1,1,3,1,2,4,2,2,3,3,4,3,3,4,1,4,4,1,1,4,1,1,4,1,2,3,3,4,3,2,1,4,3,2,1,1,2,3,4,1,4,1,1,1,3,3,2,4,4,2,3,4,2,1,4,3,4,1,3,3,2,3,2,3,1,1,1,1,1,4,1,3,2,4,3,1,1,3,4,2,2,2,2,1,4,1,4,2,3,3,1,3,1,1,4,2,2,2,2,4,2,2,3,2,2,1,1,2,1,3,3,3,4,3,2,3,3,3,3,1,3,3,1,1,4,2,4,1,1,1,4,3,2,2,3,2,3,4,1,3,3,1,1,2,3,1,2,4,3,4,1,1,3,4,1,3,3,3,1,1,3,2,3,3,3,2,4,1,1,4,3,3,1,3,4,1,2,3,4,1,1,2,3,2,4,1,1,2,2,2,3,1,3,4,3,2,4,4,3,3,2,2,4,2,1,1,4,3,3,1,3,2,1,4,3,4,4,3,3,1,1,4,4,1,4,2,3,3,2,1,1,4,4,1,4,2,3,2,3,3,4,4,3,4,2,1,4,4,4,1,2,3,2,4,1,2,4,4,3,1,3,2,3,2,4,1,1,4,1,3,2,2,2,3,2,1,2,3,1,4,1,3,1,2,3,4,2,3,3,4,4,3,4,4,2,3,1,2,3,3,2,4,1,1,3,3,1,3,1,4,1,1,1,3,4,2,2,1,3,2,2,1,1,3,2,1,4,4,4,1,3,4,4,4,1,1,1,4,1,1,3,1,2,1,1,2,2,1,3,4,2,3,1,1,2,2,3,1,2,2,4,2,3,1,2,4,2,1,1,1,4,1,1,2,2,3,2,1,1,3,1,3,3,1,2,2,2,3,2,3,4,3,1,1,2,1,2,4,3,1,2,4,1,3,4,3,4,4,3,2,3,3,1,3,3,1,2,3,1,2,2,3,2,3,2,2,2,3,2,4,1,1,4,2,1,4,2,3,3,1,1,4,1,2,4,2,1,3,2,4,3,1,2,1,2,3,4,1,3,3,4,4,3,2,3,3,2,1,3,2,1,2,2,2,1,1,3,3,3,3,3,1,4,2,3,2,2,3,2,2,4,2,2,4,2,2,2,2,2,2,1,4,1,1,4,4,2,3,3,1,2,3,4,4,3,2,2,1,4,2,4,1,2,2,3,4,2,1,4,2,4,1,3,3,1,4,1,3,4,4,2,2,2,2,2,1,1,4,4,2,3,3,4,4,4,2,4,2,1,4,3,2,1,1,2,2,1,1,1,2,4,1,1,3,4,2,1,2,4,4,4,3,1,4,2,3,4,4,2,3,2,1,4,2,3,1,4,4,3,2,2,4,1,2,3,4,1,3,1,1,4,1,2,2,1,4,4,1,2,2,4,4,3,3,1,1,4,4,3,1"
104,0.9875909492720556,0.4509803921568627,2338.0,"3,1,1,3,1,3,4,4,4,3,1,1,1,1,1,1,3,2,1,3,3,3,3,1,4,4,3,2,1,2,4,2,3,2,1,3,1,4,4,1,2,2,1,3,1,2,4,4,1,2,4,1,2,1,4,2,3,4,3,4,3,3,1,1,2,1,1,2,1,4,3,3,1,1,2,1,4,3,2,2,2,1,1,1,2,2,3,3,1,1,3,4,3,1,1,1,1,3,1,1,3,4,3,1,1,2,1,4,1,3,1,1,2,1,1,3,4,2,4,4,1,2,3,4,1,3,4,1,4,2,2,1,3,1,4,3,2,3,2,3,3,3,4,4,1,1,2,4,2,1,2,1,4,3,4,2,2,4,4,1,2,2,4,3,2,3,4,4,1,2,3,1,2,1,4,2,1,1,3,1,2,2,3,2,4,2,2,1,1,2,3,1,3,2,2,4,1,2,4,1,2,2,1,1,1,2,2,4,3,1,2,2,1,3,1,3,2,3,4,2,4,1,1,1,3,2,1,1,2,1,4,2,2,2,4,2,4,2,3,1,3,1,4,3,2,1,1,3,4,3,4,4,1,3,3,4,3,2,2,3,3,4,2,2,1,4,1,2,4,3,4,3,3,4,3,1,2,3,1,3,2,1,2,2,1,1,3,4,2,4,2,4,1,1,2,3,3,3,3,4,1,4,4,4,2,1,2,3,1,2,2,4,2,2,3,3,2,2,2,4,4,4,3,1,4,4,2,4,1,3,4,3,4,3,3,4,4,3,1,1,1,1,4,2,3,1,1,2,2,4,3,3,2,2,2,4,3,2,1,3,3,1,1,3,3,2,4,4,2,1,1,1,1,2,3,2,1,2,4,4,1,2,4,3,1,2,1,4,3,4,1,3,2,4,3,1,2,1,1,2,3,3,2,2,1,1,4,2,4,2,4,1,1,3,4,2,4,1,3,4,1,2,3,1,2,4,2,2,2,3,1,1,2,4,4,1,4,2,1,1,4,1,3,2,3,1,4,3,3,3,4,4,1,4,3,1,4,2,4,4,1,1,1,2,2,4,4,1,1,2,2,1,4,2,1,1,1,2,4,2,4,2,1,1,3,1,4,1,3,1,1,2,4,3,2,3,1,3,2,1,2,4,4,4,3,4,3,3,2,1,1,2,4,2,2,1,3,2,2,3,1,4,2,4,4,2,4,2,3,3,3,3,1,3,2,2,2,4,2,1,1,1,1,1,1,3,1,4,1,2,2,4,1,3,3,3,3,1,4,3,1,1,1,1,1,2,1,1,1,2,2,4,4,1,3,1,4,3,3,4,1,4,3,2,1,4,4,4,2,2,1,1,1,4,2,1,2,3,1,2,1,2,2,4,3,1,2,1,2,3,2,2,1,3,2,1,2,1,3,4,3,1,3,1,1,3,4,3,1,4,1,4,3,3,1,4,1,4,1,3,2,1,2,3,2,4,2,1,2,4,3,4,1,4,2,2,4,2,2,1,1,1,3,3,1,4,4,4,1,3,2,4,1,1,2,3,3,1,2,3,2,2,1,2,2,2,4,2,2,1,3,3,2,1,1,2,2,3,3,3,2,3,1,4,4,4,1,4,2,2,4,4,3,1,3,1,3,2,1,4,1,1,3,4,3,4,3,1,3,3,1,1,1,4,1,3,3,1,1,3,1,1,4,1,4,2,4,1,1,3,1,1,1,4,4,2,4,3,4,1,4,1,3,2,2,2,2,1,1,4,1,2,1,3,3,3,2,4,1,4,1,2,3,2,3,4,4,2,2,1,4,3,4,1,2,3,1,2,3,1,2,4,2,2,1,1,1,2,2,4,1,4,3,4,1,3,2,2,3,1,4,2,3,4,4,2,1,1,3,3,1,3,1,2,4,3,2,1,3,2,3,2,1,4,2,1,3,4,4,3,4,3,3,1,3,1,2,2,3,1,2,1,2,3,2,3,3,2,3,1,1,1,4,2,2,4,2,1,4,4,1,2,3,3,2,3,4,3,2,2,2,4,2,3,2,2,2,4,4,4,4,1,1,3,2,4,4,2,2,1,2,1,2,2,4,4,1,2,4,1,4,3,1,3,2,1,3,2,1,2,3,1,2,2,4,3,1,1,2,3,2,2,1,2,1,1,4,1,4,2,1,1,4,4,1,3,3,4,1,2,2,3,3,2,4,1,3,1,4,4,3,4,2,4,3,4,4,3,3,1,2,3,4,1,4,2,4,1,2,4,1,4,2,4,4,1,4,3,2,1,3,3,2,1,3,4,3,2,3,1,3,3,2,3,3,1,2,2,2,2,4,4,4,2,2,4,2,3,1,2,3,3,4,1,2,2,1,3,2,2,1,3,3,3,2,3,1,4,4,1,1,1,3,1,2,4,2,2,3,3,4,3,3,4,1,4,4,1,1,4,1,1,4,1,2,3,3,4,3,2,1,4,3,2,1,1,2,3,4,1,4,1,1,1,3,3,2,4,4,2,3,4,2,1,4,3,4,1,3,3,2,3,2,3,1,1,1,1,1,4,1,3,2,4,3,1,1,3,4,2,2,2,2,1,4,1,4,2,3,3,1,3,1,1,4,2,2,2,2,4,2,2,3,2,2,1,1,2,1,3,3,3,4,3,2,3,3,3,3,1,3,3,1,1,4,2,4,1,1,1,4,3,2,2,3,2,3,4,1,3,3,1,1,2,3,1,2,4,3,4,1,1,3,4,1,3,3,3,1,1,3,2,3,3,3,2,4,1,1,4,3,3,1,3,4,1,2,3,4,1,1,2,3,2,4,1,1,2,2,2,3,1,3,4,3,2,4,4,3,3,2,2,4,2,1,1,4,3,3,1,3,2,1,4,3,4,4,3,3,1,1,4,4,1,4,2,3,3,2,1,1,4,4,1,4,2,3,2,3,3,4,4,3,4,2,1,4,4,4,1,2,3,2,4,1,2,4,4,3,1,3,2,3,2,4,1,1,4,1,3,2,2,2,3,2,1,2,3,1,4,1,3,1,2,3,4,2,3,3,4,4,3,4,4,2,3,1,2,3,3,2,4,1,1,3,3,1,3,1,4,1,1,1,3,4,2,2,1,3,2,2,1,1,3,2,1,4,4,4,1,3,4,4,4,1,1,1,4,1,1,3,1,2,1,1,2,2,1,3,4,2,3,1,1,2,2,3,1,2,2,4,2,3,1,2,4,2,1,1,1,4,1,1,2,2,3,2,1,1,3,1,3,3,1,2,2,2,3,2,3,4,3,1,1,2,1,2,4,3,1,2,4,1,3,4,3,4,4,3,2,3,3,1,3,3,1,2,3,1,2,2,3,2,3,2,2,2,3,2,4,1,1,4,2,1,4,2,3,3,1,1,4,1,2,4,2,1,3,2,4,3,1,2,1,2,3,4,1,3,3,4,4,3,2,3,3,2,1,3,2,1,2,2,2,1,1,3,3,3,3,3,1,4,2,3,2,2,3,2,2,4,2,2,4,2,2,2,2,2,2,1,4,1,1,4,4,2,3,3,1,2,3,4,4,3,2,2,1,4,2,4,1,2,2,3,4,2,1,4,2,4,1,3,3,1,4,1,3,4,4,2,2,2,2,2,1,1,4,4,2,3,3,4,4,4,2,4,2,1,4,3,2,1,1,2,2,1,1,1,2,4,1,1,3,4,2,1,2,4,4,4,3,1,4,2,3,4,4,2,3,2,1,4,2,3,1,4,4,3,2,2,4,1,2,3,4,1,3,1,1,4,1,2,2,1,4,4,1,2,2,4,4,3,3,1,1,4,4,3,1"
105,0.9875909492720556,0.4509803921568627,2338.0,"3,1,1,3,1,3,4,4,4,3,1,1,1,1,1,1,3,2,1,3,3,3,3,1,4,4,3,2,1,2,4,2,3,2,1,3,1,4,4,1,2,2,1,3,1,2,4,4,1,2,4,1,2,1,4,2,3,4,3,4,3,3,1,1,2,1,1,2,1,4,3,3,1,1,2,1,4,3,2,2,2,1,1,1,2,2,3,3,1,1,3,4,3,1,1,1,1,3,1,1,3,4,3,1,1,2,1,4,1,3,1,1,2,1,1,3,4,2,4,4,1,2,3,4,1,3,4,1,4,2,2,1,3,1,4,3,2,3,2,3,3,3,4,4,1,1,2,4,2,1,2,1,4,3,4,2,2,4,4,1,2,2,4,3,2,3,4,4,1,2,3,1,2,1,4,2,1,1,3,1,2,2,3,2,4,2,2,1,1,2,3,1,3,2,2,4,1,2,4,1,2,2,1,1,1,2,2,4,3,1,2,2,1,3,1,3,2,3,4,2,4,1,1,1,3,2,1,1,2,1,4,2,2,2,4,2,4,2,3,1,3,1,4,3,2,1,1,3,4,3,4,4,1,3,3,4,3,2,2,3,3,4,2,2,1,4,1,2,4,3,4,3,3,4,3,1,2,3,1,3,2,1,2,2,1,1,3,4,2,4,2,4,1,1,2,3,3,3,3,4,1,4,4,4,2,1,2,3,1,2,2,4,2,2,3,3,2,2,2,4,4,4,3,1,4,4,2,4,1,3,4,3,4,3,3,4,4,3,1,1,1,1,4,2,3,1,1,2,2,4,3,3,2,2,2,4,3,2,1,3,3,1,1,3,3,2,4,4,2,1,1,1,1,2,3,2,1,2,4,4,1,2,4,3,1,2,1,4,3,4,1,3,2,4,3,1,2,1,1,2,3,3,2,2,1,1,4,2,4,2,4,1,1,3,4,2,4,1,3,4,1,2,3,1,2,4,2,2,2,3,1,1,2,4,4,1,4,2,1,1,4,1,3,2,3,1,4,3,3,3,4,4,1,4,3,1,4,2,4,4,1,1,1,2,2,4,4,1,1,2,2,1,4,2,1,1,1,2,4,2,4,2,1,1,3,1,4,1,3,1,1,2,4,3,2,3,1,3,2,1,2,4,4,4,3,4,3,3,2,1,1,2,4,2,2,1,3,2,2,3,1,4,2,4,4,2,4,2,3,3,3,3,1,3,2,2,2,4,2,1,1,1,1,1,1,3,1,4,1,2,2,4,1,3,3,3,3,1,4,3,1,1,1,1,1,2,1,1,1,2,2,4,4,1,3,1,4,3,3,4,1,4,3,2,1,4,4,4,2,2,1,1,1,4,2,1,2,3,1,2,1,2,2,4,3,1,2,1,2,3,2,2,1,3,2,1,2,1,3,4,3,1,3,1,1,3,4,3,1,4,1,4,3,3,1,4,1,4,1,3,2,1,2,3,2,4,2,1,2,4,3,4,1,4,2,2,4,2,2,1,1,1,3,3,1,4,4,4,1,3,2,4,1,1,2,3,3,1,2,3,2,2,1,2,2,2,4,2,2,1,3,3,2,1,1,2,2,3,3,3,2,3,1,4,4,4,1,4,2,2,4,4,3,1,3,1,3,2,1,4,1,1,3,4,3,4,3,1,3,3,1,1,1,4,1,3,3,1,1,3,1,1,4,1,4,2,4,1,1,3,1,1,1,4,4,2,4,3,4,1,4,1,3,2,2,2,2,1,1,4,1,2,1,3,3,3,2,4,1,4,1,2,3,2,3,4,4,2,2,1,4,3,4,1,2,3,1,2,3,1,2,4,2,2,1,1,1,2,2,4,1,4,3,4,1,3,2,2,3,1,4,2,3,4,4,2,1,1,3,3,1,3,1,2,4,3,2,1,3,2,3,2,1,4,2,1,3,4,4,3,4,3,3,1,3,1,2,2,3,1,2,1,2,3,2,3,3,2,3,1,1,1,4,2,2,4,2,1,4,4,1,2,3,3,2,3,4,3,2,2,2,4,2,3,2,2,2,4,4,4,4,1,1,3,2,4,4,2,2,1,2,1,2,2,4,4,1,2,4,1,4,3,1,3,2,1,3,2,1,2,3,1,2,2,4,3,1,1,2,3,2,2,1,2,1,1,4,1,4,2,1,1,4,4,1,3,3,4,1,2,2,3,3,2,4,1,3,1,4,4,3,4,2,4,3,4,4,3,3,1,2,3,4,1,4,2,4,1,2,4,1,4,2,4,4,1,4,3,2,1,3,3,2,1,3,4,3,2,3,1,3,3,2,3,3,1,2,2,2,2,4,4,4,2,2,4,2,3,1,2,3,3,4,1,2,2,1,3,2,2,1,3,3,3,2,3,1,4,4,1,1,1,3,1,2,4,2,2,3,3,4,3,3,4,1,4,4,1,1,4,1,1,4,1,2,3,3,4,3,2,1,4,3,2,1,1,2,3,4,1,4,1,1,1,3,3,2,4,4,2,3,4,2,1,4,3,4,1,3,3,2,3,2,3,1,1,1,1,1,4,1,3,2,4,3,1,1,3,4,2,2,2,2,1,4,1,4,2,3,3,1,3,1,1,4,2,2,2,2,4,2,2,3,2,2,1,1,2,1,3,3,3,4,3,2,3,3,3,3,1,3,3,1,1,4,2,4,1,1,1,4,3,2,2,3,2,3,4,1,3,3,1,1,2,3,1,2,4,3,4,1,1,3,4,1,3,3,3,1,1,3,2,3,3,3,2,4,1,1,4,3,3,1,3,4,1,2,3,4,1,1,2,3,2,4,1,1,2,2,2,3,1,3,4,3,2,4,4,3,3,2,2,4,2,1,1,4,3,3,1,3,2,1,4,3,4,4,3,3,1,1,4,4,1,4,2,3,3,2,1,1,4,4,1,4,2,3,2,3,3,4,4,3,4,2,1,4,4,4,1,2,3,2,4,1,2,4,4,3,1,3,2,3,2,4,1,1,4,1,3,2,2,2,3,2,1,2,3,1,4,1,3,1,2,3,4,2,3,3,4,4,3,4,4,2,3,1,2,3,3,2,4,1,1,3,3,1,3,1,4,1,1,1,3,4,2,2,1,3,2,2,1,1,3,2,1,4,4,4,1,3,4,4,4,1,1,1,4,1,1,3,1,2,1,1,2,2,1,3,4,2,3,1,1,2,2,3,1,2,2,4,2,3,1,2,4,2,1,1,1,4,1,1,2,2,3,2,1,1,3,1,3,3,1,2,2,2,3,2,3,4,3,1,1,2,1,2,4,3,1,2,4,1,3,4,3,4,4,3,2,3,3,1,3,3,1,2,3,1,2,2,3,2,3,2,2,2,3,2,4,1,1,4,2,1,4,2,3,3,1,1,4,1,2,4,2,1,3,2,4,3,1,2,1,2,3,4,1,3,3,4,4,3,2,3,3,2,1,3,2,1,2,2,2,1,1,3,3,3,3,3,1,4,2,3,2,2,3,2,2,4,2,2,4,2,2,2,2,2,2,1,4,1,1,4,4,2,3,3,1,2,3,4,4,3,2,2,1,4,2,4,1,2,2,3,4,2,1,4,2,4,1,3,3,1,4,1,3,4,4,2,2,2,2,2,1,1,4,4,2,3,3,4,4,4,2,4,2,1,4,3,2,1,1,2,2,1,1,1,2,4,1,1,3,4,2,1,2,4,4,4,3,1,4,2,3,4,4,2,3,2,1,4,2,3,1,4,4,3,2,2,4,1,2,3,4,1,3,1,1,4,1,2,2,1,4,4,1,2,2,4,4,3,3,1,1,4,4,3,1"
106,0.9875909492720556,0.4509803921568627,2338.0,"3,1,1,3,1,3,4,4,4,3,1,1,1,1,1,1,3,2,1,3,3,3,3,1,4,4,3,2,1,2,4,2,3,2,1,3,1,4,4,1,2,2,1,3,1,2,4,4,1,2,4,1,2,1,4,2,3,4,3,4,3,3,1,1,2,1,1,2,1,4,3,3,1,1,2,1,4,3,2,2,2,1,1,1,2,2,3,3,1,1,3,4,3,1,1,1,1,3,1,1,3,4,3,1,1,2,1,4,1,3,1,1,2,1,1,3,4,2,4,4,1,2,3,4,1,3,4,1,4,2,2,1,3,1,4,3,2,3,2,3,3,3,4,4,1,1,2,4,2,1,2,1,4,3,4,2,2,4,4,1,2,2,4,3,2,3,4,4,1,2,3,1,2,1,4,2,1,1,3,1,2,2,3,2,4,2,2,1,1,2,3,1,3,2,2,4,1,2,4,1,2,2,1,1,1,2,2,4,3,1,2,2,1,3,1,3,2,3,4,2,4,1,1,1,3,2,1,1,2,1,4,2,2,2,4,2,4,2,3,1,3,1,4,3,2,1,1,3,4,3,4,4,1,3,3,4,3,2,2,3,3,4,2,2,1,4,1,2,4,3,4,3,3,4,3,1,2,3,1,3,2,1,2,2,1,1,3,4,2,4,2,4,1,1,2,3,3,3,3,4,1,4,4,4,2,1,2,3,1,2,2,4,2,2,3,3,2,2,2,4,4,4,3,1,4,4,2,4,1,3,4,3,4,3,3,4,4,3,1,1,1,1,4,2,3,1,1,2,2,4,3,3,2,2,2,4,3,2,1,3,3,1,1,3,3,2,4,4,2,1,1,1,1,2,3,2,1,2,4,4,1,2,4,3,1,2,1,4,3,4,1,3,2,4,3,1,2,1,1,2,3,3,2,2,1,1,4,2,4,2,4,1,1,3,4,2,4,1,3,4,1,2,3,1,2,4,2,2,2,3,1,1,2,4,4,1,4,2,1,1,4,1,3,2,3,1,4,3,3,3,4,4,1,4,3,1,4,2,4,4,1,1,1,2,2,4,4,1,1,2,2,1,4,2,1,1,1,2,4,2,4,2,1,1,3,1,4,1,3,1,1,2,4,3,2,3,1,3,2,1,2,4,4,4,3,4,3,3,2,1,1,2,4,2,2,1,3,2,2,3,1,4,2,4,4,2,4,2,3,3,3,3,1,3,2,2,2,4,2,1,1,1,1,1,1,3,1,4,1,2,2,4,1,3,3,3,3,1,4,3,1,1,1,1,1,2,1,1,1,2,2,4,4,1,3,1,4,3,3,4,1,4,3,2,1,4,4,4,2,2,1,1,1,4,2,1,2,3,1,2,1,2,2,4,3,1,2,1,2,3,2,2,1,3,2,1,2,1,3,4,3,1,3,1,1,3,4,3,1,4,1,4,3,3,1,4,1,4,1,3,2,1,2,3,2,4,2,1,2,4,3,4,1,4,2,2,4,2,2,1,1,1,3,3,1,4,4,4,1,3,2,4,1,1,2,3,3,1,2,3,2,2,1,2,2,2,4,2,2,1,3,3,2,1,1,2,2,3,3,3,2,3,1,4,4,4,1,4,2,2,4,4,3,1,3,1,3,2,1,4,1,1,3,4,3,4,3,1,3,3,1,1,1,4,1,3,3,1,1,3,1,1,4,1,4,2,4,1,1,3,1,1,1,4,4,2,4,3,4,1,4,1,3,2,2,2,2,1,1,4,1,2,1,3,3,3,2,4,1,4,1,2,3,2,3,4,4,2,2,1,4,3,4,1,2,3,1,2,3,1,2,4,2,2,1,1,1,2,2,4,1,4,3,4,1,3,2,2,3,1,4,2,3,4,4,2,1,1,3,3,1,3,1,2,4,3,2,1,3,2,3,2,1,4,2,1,3,4,4,3,4,3,3,1,3,1,2,2,3,1,2,1,2,3,2,3,3,2,3,1,1,1,4,2,2,4,2,1,4,4,1,2,3,3,2,3,4,3,2,2,2,4,2,3,2,2,2,4,4,4,4,1,1,3,2,4,4,2,2,1,2,1,2,2,4,4,1,2,4,1,4,3,1,3,2,1,3,2,1,2,3,1,2,2,4,3,1,1,2,3,2,2,1,2,1,1,4,1,4,2,1,1,4,4,1,3,3,4,1,2,2,3,3,2,4,1,3,1,4,4,3,4,2,4,3,4,4,3,3,1,2,3,4,1,4,2,4,1,2,4,1,4,2,4,4,1,4,3,2,1,3,3,2,1,3,4,3,2,3,1,3,3,2,3,3,1,2,2,2,2,4,4,4,2,2,4,2,3,1,2,3,3,4,1,2,2,1,3,2,2,1,3,3,3,2,3,1,4,4,1,1,1,3,1,2,4,2,2,3,3,4,3,3,4,1,4,4,1,1,4,1,1,4,1,2,3,3,4,3,2,1,4,3,2,1,1,2,3,4,1,4,1,1,1,3,3,2,4,4,2,3,4,2,1,4,3,4,1,3,3,2,3,2,3,1,1,1,1,1,4,1,3,2,4,3,1,1,3,4,2,2,2,2,1,4,1,4,2,3,3,1,3,1,1,4,2,2,2,2,4,2,2,3,2,2,1,1,2,1,3,3,3,4,3,2,3,3,3,3,1,3,3,1,1,4,2,4,1,1,1,4,3,2,2,3,2,3,4,1,3,3,1,1,2,3,1,2,4,3,4,1,1,3,4,1,3,3,3,1,1,3,2,3,3,3,2,4,1,1,4,3,3,1,3,4,1,2,3,4,1,1,2,3,2,4,1,1,2,2,2,3,1,3,4,3,2,4,4,3,3,2,2,4,2,1,1,4,3,3,1,3,2,1,4,3,4,4,3,3,1,1,4,4,1,4,2,3,3,2,1,1,4,4,1,4,2,3,2,3,3,4,4,3,4,2,1,4,4,4,1,2,3,2,4,1,2,4,4,3,1,3,2,3,2,4,1,1,4,1,3,2,2,2,3,2,1,2,3,1,4,1,3,1,2,3,4,2,3,3,4,4,3,4,4,2,3,1,2,3,3,2,4,1,1,3,3,1,3,1,4,1,1,1,3,4,2,2,1,3,2,2,1,1,3,2,1,4,4,4,1,3,4,4,4,1,1,1,4,1,1,3,1,2,1,1,2,2,1,3,4,2,3,1,1,2,2,3,1,2,2,4,2,3,1,2,4,2,1,1,1,4,1,1,2,2,3,2,1,1,3,1,3,3,1,2,2,2,3,2,3,4,3,1,1,2,1,2,4,3,1,2,4,1,3,4,3,4,4,3,2,3,3,1,3,3,1,2,3,1,2,2,3,2,3,2,2,2,3,2,4,1,1,4,2,1,4,2,3,3,1,1,4,1,2,4,2,1,3,2,4,3,1,2,1,2,3,4,1,3,3,4,4,3,2,3,3,2,1,3,2,1,2,2,2,1,1,3,3,3,3,3,1,4,2,3,2,2,3,2,2,4,2,2,4,2,2,2,2,2,2,1,4,1,1,4,4,2,3,3,1,2,3,4,4,3,2,2,1,4,2,4,1,2,2,3,4,2,1,4,2,4,1,3,3,1,4,1,3,4,4,2,2,2,2,2,1,1,4,4,2,3,3,4,4,4,2,4,2,1,4,3,2,1,1,2,2,1,1,1,2,4,1,1,3,4,2,1,2,4,4,4,3,1,4,2,3,4,4,2,3,2,1,4,2,3,1,4,4,3,2,2,4,1,2,3,4,1,3,1,1,4,1,2,2,1,4,4,1,2,2,4,4,3,3,1,1,4,4,3,1"
107,0.9875909492720556,0.4509803921568627,2338.0,"3,1,1,3,1,3,4,4,4,3,1,1,1,1,1,1,3,2,1,3,3,3,3,1,4,4,3,2,1,2,4,2,3,2,1,3,1,4,4,1,2,2,1,3,1,2,4,4,1,2,4,1,2,1,4,2,3,4,3,4,3,3,1,1,2,1,1,2,1,4,3,3,1,1,2,1,4,3,2,2,2,1,1,1,2,2,3,3,1,1,3,4,3,1,1,1,1,3,1,1,3,4,3,1,1,2,1,4,1,3,1,1,2,1,1,3,4,2,4,4,1,2,3,4,1,3,4,1,4,2,2,1,3,1,4,3,2,3,2,3,3,3,4,4,1,1,2,4,2,1,2,1,4,3,4,2,2,4,4,1,2,2,4,3,2,3,4,4,1,2,3,1,2,1,4,2,1,1,3,1,2,2,3,2,4,2,2,1,1,2,3,1,3,2,2,4,1,2,4,1,2,2,1,1,1,2,2,4,3,1,2,2,1,3,1,3,2,3,4,2,4,1,1,1,3,2,1,1,2,1,4,2,2,2,4,2,4,2,3,1,3,1,4,3,2,1,1,3,4,3,4,4,1,3,3,4,3,2,2,3,3,4,2,2,1,4,1,2,4,3,4,3,3,4,3,1,2,3,1,3,2,1,2,2,1,1,3,4,2,4,2,4,1,1,2,3,3,3,3,4,1,4,4,4,2,1,2,3,1,2,2,4,2,2,3,3,2,2,2,4,4,4,3,1,4,4,2,4,1,3,4,3,4,3,3,4,4,3,1,1,1,1,4,2,3,1,1,2,2,4,3,3,2,2,2,4,3,2,1,3,3,1,1,3,3,2,4,4,2,1,1,1,1,2,3,2,1,2,4,4,1,2,4,3,1,2,1,4,3,4,1,3,2,4,3,1,2,1,1,2,3,3,2,2,1,1,4,2,4,2,4,1,1,3,4,2,4,1,3,4,1,2,3,1,2,4,2,2,2,3,1,1,2,4,4,1,4,2,1,1,4,1,3,2,3,1,4,3,3,3,4,4,1,4,3,1,4,2,4,4,1,1,1,2,2,4,4,1,1,2,2,1,4,2,1,1,1,2,4,2,4,2,1,1,3,1,4,1,3,1,1,2,4,3,2,3,1,3,2,1,2,4,4,4,3,4,3,3,2,1,1,2,4,2,2,1,3,2,2,3,1,4,2,4,4,2,4,2,3,3,3,3,1,3,2,2,2,4,2,1,1,1,1,1,1,3,1,4,1,2,2,4,1,3,3,3,3,1,4,3,1,1,1,1,1,2,1,1,1,2,2,4,4,1,3,1,4,3,3,4,1,4,3,2,1,4,4,4,2,2,1,1,1,4,2,1,2,3,1,2,1,2,2,4,3,1,2,1,2,3,2,2,1,3,2,1,2,1,3,4,3,1,3,1,1,3,4,3,1,4,1,4,3,3,1,4,1,4,1,3,2,1,2,3,2,4,2,1,2,4,3,4,1,4,2,2,4,2,2,1,1,1,3,3,1,4,4,4,1,3,2,4,1,1,2,3,3,1,2,3,2,2,1,2,2,2,4,2,2,1,3,3,2,1,1,2,2,3,3,3,2,3,1,4,4,4,1,4,2,2,4,4,3,1,3,1,3,2,1,4,1,1,3,4,3,4,3,1,3,3,1,1,1,4,1,3,3,1,1,3,1,1,4,1,4,2,4,1,1,3,1,1,1,4,4,2,4,3,4,1,4,1,3,2,2,2,2,1,1,4,1,2,1,3,3,3,2,4,1,4,1,2,3,2,3,4,4,2,2,1,4,3,4,1,2,3,1,2,3,1,2,4,2,2,1,1,1,2,2,4,1,4,3,4,1,3,2,2,3,1,4,2,3,4,4,2,1,1,3,3,1,3,1,2,4,3,2,1,3,2,3,2,1,4,2,1,3,4,4,3,4,3,3,1,3,1,2,2,3,1,2,1,2,3,2,3,3,2,3,1,1,1,4,2,2,4,2,1,4,4,1,2,3,3,2,3,4,3,2,2,2,4,2,3,2,2,2,4,4,4,4,1,1,3,2,4,4,2,2,1,2,1,2,2,4,4,1,2,4,1,4,3,1,3,2,1,3,2,1,2,3,1,2,2,4,3,1,1,2,3,2,2,1,2,1,1,4,1,4,2,1,1,4,4,1,3,3,4,1,2,2,3,3,2,4,1,3,1,4,4,3,4,2,4,3,4,4,3,3,1,2,3,4,1,4,2,4,1,2,4,1,4,2,4,4,1,4,3,2,1,3,3,2,1,3,4,3,2,3,1,3,3,2,3,3,1,2,2,2,2,4,4,4,2,2,4,2,3,1,2,3,3,4,1,2,2,1,3,2,2,1,3,3,3,2,3,1,4,4,1,1,1,3,1,2,4,2,2,3,3,4,3,3,4,1,4,4,1,1,4,1,1,4,1,2,3,3,4,3,2,1,4,3,2,1,1,2,3,4,1,4,1,1,1,3,3,2,4,4,2,3,4,2,1,4,3,4,1,3,3,2,3,2,3,1,1,1,1,1,4,1,3,2,4,3,1,1,3,4,2,2,2,2,1,4,1,4,2,3,3,1,3,1,1,4,2,2,2,2,4,2,2,3,2,2,1,1,2,1,3,3,3,4,3,2,3,3,3,3,1,3,3,1,1,4,2,4,1,1,1,4,3,2,2,3,2,3,4,1,3,3,1,1,2,3,1,2,4,3,4,1,1,3,4,1,3,3,3,1,1,3,2,3,3,3,2,4,1,1,4,3,3,1,3,4,1,2,3,4,1,1,2,3,2,4,1,1,2,2,2,3,1,3,4,3,2,4,4,3,3,2,2,4,2,1,1,4,3,3,1,3,2,1,4,3,4,4,3,3,1,1,4,4,1,4,2,3,3,2,1,1,4,4,1,4,2,3,2,3,3,4,4,3,4,2,1,4,4,4,1,2,3,2,4,1,2,4,4,3,1,3,2,3,2,4,1,1,4,1,3,2,2,2,3,2,1,2,3,1,4,1,3,1,2,3,4,2,3,3,4,4,3,4,4,2,3,1,2,3,3,2,4,1,1,3,3,1,3,1,4,1,1,1,3,4,2,2,1,3,2,2,1,1,3,2,1,4,4,4,1,3,4,4,4,1,1,1,4,1,1,3,1,2,1,1,2,2,1,3,4,2,3,1,1,2,2,3,1,2,2,4,2,3,1,2,4,2,1,1,1,4,1,1,2,2,3,2,1,1,3,1,3,3,1,2,2,2,3,2,3,4,3,1,1,2,1,2,4,3,1,2,4,1,3,4,3,4,4,3,2,3,3,1,3,3,1,2,3,1,2,2,3,2,3,2,2,2,3,2,4,1,1,4,2,1,4,2,3,3,1,1,4,1,2,4,2,1,3,2,4,3,1,2,1,2,3,4,1,3,3,4,4,3,2,3,3,2,1,3,2,1,2,2,2,1,1,3,3,3,3,3,1,4,2,3,2,2,3,2,2,4,2,2,4,2,2,2,2,2,2,1,4,1,1,4,4,2,3,3,1,2,3,4,4,3,2,2,1,4,2,4,1,2,2,3,4,2,1,4,2,4,1,3,3,1,4,1,3,4,4,2,2,2,2,2,1,1,4,4,2,3,3,4,4,4,2,4,2,1,4,3,2,1,1,2,2,1,1,1,2,4,1,1,3,4,2,1,2,4,4,4,3,1,4,2,3,4,4,2,3,2,1,4,2,3,1,4,4,3,2,2,4,1,2,3,4,1,3,1,1,4,1,2,2,1,4,4,1,2,2,4,4,3,3,1,1,4,4,3,1"
108,0.9875909492720556,0.4509803921568627,2338.0,"3,1,1,3,1,3,4,4,4,3,1,1,1,1,1,1,3,2,1,3,3,3,3,1,4,4,3,2,1,2,4,2,3,2,1,3,1,4,4,1,2,2,1,3,1,2,4,4,1,2,4,1,2,1,4,2,3,4,3,4,3,3,1,1,2,1,1,2,1,4,3,3,1,1,2,1,4,3,2,2,2,1,1,1,2,2,3,3,1,1,3,4,3,1,1,1,1,3,1,1,3,4,3,1,1,2,1,4,1,3,1,1,2,1,1,3,4,2,4,4,1,2,3,4,1,3,4,1,4,2,2,1,3,1,4,3,2,3,2,3,3,3,4,4,1,1,2,4,2,1,2,1,4,3,4,2,2,4,4,1,2,2,4,3,2,3,4,4,1,2,3,1,2,1,4,2,1,1,3,1,2,2,3,2,4,2,2,1,1,2,3,1,3,2,2,4,1,2,4,1,2,2,1,1,1,2,2,4,3,1,2,2,1,3,1,3,2,3,4,2,4,1,1,1,3,2,1,1,2,1,4,2,2,2,4,2,4,2,3,1,3,1,4,3,2,1,1,3,4,3,4,4,1,3,3,4,3,2,2,3,3,4,2,2,1,4,1,2,4,3,4,3,3,4,3,1,2,3,1,3,2,1,2,2,1,1,3,4,2,4,2,4,1,1,2,3,3,3,3,4,1,4,4,4,2,1,2,3,1,2,2,4,2,2,3,3,2,2,2,4,4,4,3,1,4,4,2,4,1,3,4,3,4,3,3,4,4,3,1,1,1,1,4,2,3,1,1,2,2,4,3,3,2,2,2,4,3,2,1,3,3,1,1,3,3,2,4,4,2,1,1,1,1,2,3,2,1,2,4,4,1,2,4,3,1,2,1,4,3,4,1,3,2,4,3,1,2,1,1,2,3,3,2,2,1,1,4,2,4,2,4,1,1,3,4,2,4,1,3,4,1,2,3,1,2,4,2,2,2,3,1,1,2,4,4,1,4,2,1,1,4,1,3,2,3,1,4,3,3,3,4,4,1,4,3,1,4,2,4,4,1,1,1,2,2,4,4,1,1,2,2,1,4,2,1,1,1,2,4,2,4,2,1,1,3,1,4,1,3,1,1,2,4,3,2,3,1,3,2,1,2,4,4,4,3,4,3,3,2,1,1,2,4,2,2,1,3,2,2,3,1,4,2,4,4,2,4,2,3,3,3,3,1,3,2,2,2,4,2,1,1,1,1,1,1,3,1,4,1,2,2,4,1,3,3,3,3,1,4,3,1,1,1,1,1,2,1,1,1,2,2,4,4,1,3,1,4,3,3,4,1,4,3,2,1,4,4,4,2,2,1,1,1,4,2,1,2,3,1,2,1,2,2,4,3,1,2,1,2,3,2,2,1,3,2,1,2,1,3,4,3,1,3,1,1,3,4,3,1,4,1,4,3,3,1,4,1,4,1,3,2,1,2,3,2,4,2,1,2,4,3,4,1,4,2,2,4,2,2,1,1,1,3,3,1,4,4,4,1,3,2,4,1,1,2,3,3,1,2,3,2,2,1,2,2,2,4,2,2,1,3,3,2,1,1,2,2,3,3,3,2,3,1,4,4,4,1,4,2,2,4,4,3,1,3,1,3,2,1,4,1,1,3,4,3,4,3,1,3,3,1,1,1,4,1,3,3,1,1,3,1,1,4,1,4,2,4,1,1,3,1,1,1,4,4,2,4,3,4,1,4,1,3,2,2,2,2,1,1,4,1,2,1,3,3,3,2,4,1,4,1,2,3,2,3,4,4,2,2,1,4,3,4,1,2,3,1,2,3,1,2,4,2,2,1,1,1,2,2,4,1,4,3,4,1,3,2,2,3,1,4,2,3,4,4,2,1,1,3,3,1,3,1,2,4,3,2,1,3,2,3,2,1,4,2,1,3,4,4,3,4,3,3,1,3,1,2,2,3,1,2,1,2,3,2,3,3,2,3,1,1,1,4,2,2,4,2,1,4,4,1,2,3,3,2,3,4,3,2,2,2,4,2,3,2,2,2,4,4,4,4,1,1,3,2,4,4,2,2,1,2,1,2,2,4,4,1,2,4,1,4,3,1,3,2,1,3,2,1,2,3,1,2,2,4,3,1,1,2,3,2,2,1,2,1,1,4,1,4,2,1,1,4,4,1,3,3,4,1,2,2,3,3,2,4,1,3,1,4,4,3,4,2,4,3,4,4,3,3,1,2,3,4,1,4,2,4,1,2,4,1,4,2,4,4,1,4,3,2,1,3,3,2,1,3,4,3,2,3,1,3,3,2,3,3,1,2,2,2,2,4,4,4,2,2,4,2,3,1,2,3,3,4,1,2,2,1,3,2,2,1,3,3,3,2,3,1,4,4,1,1,1,3,1,2,4,2,2,3,3,4,3,3,4,1,4,4,1,1,4,1,1,4,1,2,3,3,4,3,2,1,4,3,2,1,1,2,3,4,1,4,1,1,1,3,3,2,4,4,2,3,4,2,1,4,3,4,1,3,3,2,3,2,3,1,1,1,1,1,4,1,3,2,4,3,1,1,3,4,2,2,2,2,1,4,1,4,2,3,3,1,3,1,1,4,2,2,2,2,4,2,2,3,2,2,1,1,2,1,3,3,3,4,3,2,3,3,3,3,1,3,3,1,1,4,2,4,1,1,1,4,3,2,2,3,2,3,4,1,3,3,1,1,2,3,1,2,4,3,4,1,1,3,4,1,3,3,3,1,1,3,2,3,3,3,2,4,1,1,4,3,3,1,3,4,1,2,3,4,1,1,2,3,2,4,1,1,2,2,2,3,1,3,4,3,2,4,4,3,3,2,2,4,2,1,1,4,3,3,1,3,2,1,4,3,4,4,3,3,1,1,4,4,1,4,2,3,3,2,1,1,4,4,1,4,2,3,2,3,3,4,4,3,4,2,1,4,4,4,1,2,3,2,4,1,2,4,4,3,1,3,2,3,2,4,1,1,4,1,3,2,2,2,3,2,1,2,3,1,4,1,3,1,2,3,4,2,3,3,4,4,3,4,4,2,3,1,2,3,3,2,4,1,1,3,3,1,3,1,4,1,1,1,3,4,2,2,1,3,2,2,1,1,3,2,1,4,4,4,1,3,4,4,4,1,1,1,4,1,1,3,1,2,1,1,2,2,1,3,4,2,3,1,1,2,2,3,1,2,2,4,2,3,1,2,4,2,1,1,1,4,1,1,2,2,3,2,1,1,3,1,3,3,1,2,2,2,3,2,3,4,3,1,1,2,1,2,4,3,1,2,4,1,3,4,3,4,4,3,2,3,3,1,3,3,1,2,3,1,2,2,3,2,3,2,2,2,3,2,4,1,1,4,2,1,4,2,3,3,1,1,4,1,2,4,2,1,3,2,4,3,1,2,1,2,3,4,1,3,3,4,4,3,2,3,3,2,1,3,2,1,2,2,2,1,1,3,3,3,3,3,1,4,2,3,2,2,3,2,2,4,2,2,4,2,2,2,2,2,2,1,4,1,1,4,4,2,3,3,1,2,3,4,4,3,2,2,1,4,2,4,1,2,2,3,4,2,1,4,2,4,1,3,3,1,4,1,3,4,4,2,2,2,2,2,1,1,4,4,2,3,3,4,4,4,2,4,2,1,4,3,2,1,1,2,2,1,1,1,2,4,1,1,3,4,2,1,2,4,4,4,3,1,4,2,3,4,4,2,3,2,1,4,2,3,1,4,4,3,2,2,4,1,2,3,4,1,3,1,1,4,1,2,2,1,4,4,1,2,2,4,4,3,3,1,1,4,4,3,1"
109,0.9875909492720556,0.4509803921568627,2338.0,"3,1,1,3,1,3,4,4,4,3,1,1,1,1,1,1,3,2,1,3,3,3,3,1,4,4,3,2,1,2,4,2,3,2,1,3,1,4,4,1,2,2,1,3,1,2,4,4,1,2,4,1,2,1,4,2,3,4,3,4,3,3,1,1,2,1,1,2,1,4,3,3,1,1,2,1,4,3,2,2,2,1,1,1,2,2,3,3,1,1,3,4,3,1,1,1,1,3,1,1,3,4,3,1,1,2,1,4,1,3,1,1,2,1,1,3,4,2,4,4,1,2,3,4,1,3,4,1,4,2,2,1,3,1,4,3,2,3,2,3,3,3,4,4,1,1,2,4,2,1,2,1,4,3,4,2,2,4,4,1,2,2,4,3,2,3,4,4,1,2,3,1,2,1,4,2,1,1,3,1,2,2,3,2,4,2,2,1,1,2,3,1,3,2,2,4,1,2,4,1,2,2,1,1,1,2,2,4,3,1,2,2,1,3,1,3,2,3,4,2,4,1,1,1,3,2,1,1,2,1,4,2,2,2,4,2,4,2,3,1,3,1,4,3,2,1,1,3,4,3,4,4,1,3,3,4,3,2,2,3,3,4,2,2,1,4,1,2,4,3,4,3,3,4,3,1,2,3,1,3,2,1,2,2,1,1,3,4,2,4,2,4,1,1,2,3,3,3,3,4,1,4,4,4,2,1,2,3,1,2,2,4,2,2,3,3,2,2,2,4,4,4,3,1,4,4,2,4,1,3,4,3,4,3,3,4,4,3,1,1,1,1,4,2,3,1,1,2,2,4,3,3,2,2,2,4,3,2,1,3,3,1,1,3,3,2,4,4,2,1,1,1,1,2,3,2,1,2,4,4,1,2,4,3,1,2,1,4,3,4,1,3,2,4,3,1,2,1,1,2,3,3,2,2,1,1,4,2,4,2,4,1,1,3,4,2,4,1,3,4,1,2,3,1,2,4,2,2,2,3,1,1,2,4,4,1,4,2,1,1,4,1,3,2,3,1,4,3,3,3,4,4,1,4,3,1,4,2,4,4,1,1,1,2,2,4,4,1,1,2,2,1,4,2,1,1,1,2,4,2,4,2,1,1,3,1,4,1,3,1,1,2,4,3,2,3,1,3,2,1,2,4,4,4,3,4,3,3,2,1,1,2,4,2,2,1,3,2,2,3,1,4,2,4,4,2,4,2,3,3,3,3,1,3,2,2,2,4,2,1,1,1,1,1,1,3,1,4,1,2,2,4,1,3,3,3,3,1,4,3,1,1,1,1,1,2,1,1,1,2,2,4,4,1,3,1,4,3,3,4,1,4,3,2,1,4,4,4,2,2,1,1,1,4,2,1,2,3,1,2,1,2,2,4,3,1,2,1,2,3,2,2,1,3,2,1,2,1,3,4,3,1,3,1,1,3,4,3,1,4,1,4,3,3,1,4,1,4,1,3,2,1,2,3,2,4,2,1,2,4,3,4,1,4,2,2,4,2,2,1,1,1,3,3,1,4,4,4,1,3,2,4,1,1,2,3,3,1,2,3,2,2,1,2,2,2,4,2,2,1,3,3,2,1,1,2,2,3,3,3,2,3,1,4,4,4,1,4,2,2,4,4,3,1,3,1,3,2,1,4,1,1,3,4,3,4,3,1,3,3,1,1,1,4,1,3,3,1,1,3,1,1,4,1,4,2,4,1,1,3,1,1,1,4,4,2,4,3,4,1,4,1,3,2,2,2,2,1,1,4,1,2,1,3,3,3,2,4,1,4,1,2,3,2,3,4,4,2,2,1,4,3,4,1,2,3,1,2,3,1,2,4,2,2,1,1,1,2,2,4,1,4,3,4,1,3,2,2,3,1,4,2,3,4,4,2,1,1,3,3,1,3,1,2,4,3,2,1,3,2,3,2,1,4,2,1,3,4,4,3,4,3,3,1,3,1,2,2,3,1,2,1,2,3,2,3,3,2,3,1,1,1,4,2,2,4,2,1,4,4,1,2,3,3,2,3,4,3,2,2,2,4,2,3,2,2,2,4,4,4,4,1,1,3,2,4,4,2,2,1,2,1,2,2,4,4,1,2,4,1,4,3,1,3,2,1,3,2,1,2,3,1,2,2,4,3,1,1,2,3,2,2,1,2,1,1,4,1,4,2,1,1,4,4,1,3,3,4,1,2,2,3,3,2,4,1,3,1,4,4,3,4,2,4,3,4,4,3,3,1,2,3,4,1,4,2,4,1,2,4,1,4,2,4,4,1,4,3,2,1,3,3,2,1,3,4,3,2,3,1,3,3,2,3,3,1,2,2,2,2,4,4,4,2,2,4,2,3,1,2,3,3,4,1,2,2,1,3,2,2,1,3,3,3,2,3,1,4,4,1,1,1,3,1,2,4,2,2,3,3,4,3,3,4,1,4,4,1,1,4,1,1,4,1,2,3,3,4,3,2,1,4,3,2,1,1,2,3,4,1,4,1,1,1,3,3,2,4,4,2,3,4,2,1,4,3,4,1,3,3,2,3,2,3,1,1,1,1,1,4,1,3,2,4,3,1,1,3,4,2,2,2,2,1,4,1,4,2,3,3,1,3,1,1,4,2,2,2,2,4,2,2,3,2,2,1,1,2,1,3,3,3,4,3,2,3,3,3,3,1,3,3,1,1,4,2,4,1,1,1,4,3,2,2,3,2,3,4,1,3,3,1,1,2,3,1,2,4,3,4,1,1,3,4,1,3,3,3,1,1,3,2,3,3,3,2,4,1,1,4,3,3,1,3,4,1,2,3,4,1,1,2,3,2,4,1,1,2,2,2,3,1,3,4,3,2,4,4,3,3,2,2,4,2,1,1,4,3,3,1,3,2,1,4,3,4,4,3,3,1,1,4,4,1,4,2,3,3,2,1,1,4,4,1,4,2,3,2,3,3,4,4,3,4,2,1,4,4,4,1,2,3,2,4,1,2,4,4,3,1,3,2,3,2,4,1,1,4,1,3,2,2,2,3,2,1,2,3,1,4,1,3,1,2,3,4,2,3,3,4,4,3,4,4,2,3,1,2,3,3,2,4,1,1,3,3,1,3,1,4,1,1,1,3,4,2,2,1,3,2,2,1,1,3,2,1,4,4,4,1,3,4,4,4,1,1,1,4,1,1,3,1,2,1,1,2,2,1,3,4,2,3,1,1,2,2,3,1,2,2,4,2,3,1,2,4,2,1,1,1,4,1,1,2,2,3,2,1,1,3,1,3,3,1,2,2,2,3,2,3,4,3,1,1,2,1,2,4,3,1,2,4,1,3,4,3,4,4,3,2,3,3,1,3,3,1,2,3,1,2,2,3,2,3,2,2,2,3,2,4,1,1,4,2,1,4,2,3,3,1,1,4,1,2,4,2,1,3,2,4,3,1,2,1,2,3,4,1,3,3,4,4,3,2,3,3,2,1,3,2,1,2,2,2,1,1,3,3,3,3,3,1,4,2,3,2,2,3,2,2,4,2,2,4,2,2,2,2,2,2,1,4,1,1,4,4,2,3,3,1,2,3,4,4,3,2,2,1,4,2,4,1,2,2,3,4,2,1,4,2,4,1,3,3,1,4,1,3,4,4,2,2,2,2,2,1,1,4,4,2,3,3,4,4,4,2,4,2,1,4,3,2,1,1,2,2,1,1,1,2,4,1,1,3,4,2,1,2,4,4,4,3,1,4,2,3,4,4,2,3,2,1,4,2,3,1,4,4,3,2,2,4,1,2,3,4,1,3,1,1,4,1,2,2,1,4,4,1,2,2,4,4,3,3,1,1,4,4,3,1"
110,0.9875909492720556,0.4509803921568627,2338.0,"3,1,1,3,1,3,4,4,4,3,1,1,1,1,1,1,3,2,1,3,3,3,3,1,4,4,3,2,1,2,4,2,3,2,1,3,1,4,4,1,2,2,1,3,1,2,4,4,1,2,4,1,2,1,4,2,3,4,3,4,3,3,1,1,2,1,1,2,1,4,3,3,1,1,2,1,4,3,2,2,2,1,1,1,2,2,3,3,1,1,3,4,3,1,1,1,1,3,1,1,3,4,3,1,1,2,1,4,1,3,1,1,2,1,1,3,4,2,4,4,1,2,3,4,1,3,4,1,4,2,2,1,3,1,4,3,2,3,2,3,3,3,4,4,1,1,2,4,2,1,2,1,4,3,4,2,2,4,4,1,2,2,4,3,2,3,4,4,1,2,3,1,2,1,4,2,1,1,3,1,2,2,3,2,4,2,2,1,1,2,3,1,3,2,2,4,1,2,4,1,2,2,1,1,1,2,2,4,3,1,2,2,1,3,1,3,2,3,4,2,4,1,1,1,3,2,1,1,2,1,4,2,2,2,4,2,4,2,3,1,3,1,4,3,2,1,1,3,4,3,4,4,1,3,3,4,3,2,2,3,3,4,2,2,1,4,1,2,4,3,4,3,3,4,3,1,2,3,1,3,2,1,2,2,1,1,3,4,2,4,2,4,1,1,2,3,3,3,3,4,1,4,4,4,2,1,2,3,1,2,2,4,2,2,3,3,2,2,2,4,4,4,3,1,4,4,2,4,1,3,4,3,4,3,3,4,4,3,1,1,1,1,4,2,3,1,1,2,2,4,3,3,2,2,2,4,3,2,1,3,3,1,1,3,3,2,4,4,2,1,1,1,1,2,3,2,1,2,4,4,1,2,4,3,1,2,1,4,3,4,1,3,2,4,3,1,2,1,1,2,3,3,2,2,1,1,4,2,4,2,4,1,1,3,4,2,4,1,3,4,1,2,3,1,2,4,2,2,2,3,1,1,2,4,4,1,4,2,1,1,4,1,3,2,3,1,4,3,3,3,4,4,1,4,3,1,4,2,4,4,1,1,1,2,2,4,4,1,1,2,2,1,4,2,1,1,1,2,4,2,4,2,1,1,3,1,4,1,3,1,1,2,4,3,2,3,1,3,2,1,2,4,4,4,3,4,3,3,2,1,1,2,4,2,2,1,3,2,2,3,1,4,2,4,4,2,4,2,3,3,3,3,1,3,2,2,2,4,2,1,1,1,1,1,1,3,1,4,1,2,2,4,1,3,3,3,3,1,4,3,1,1,1,1,1,2,1,1,1,2,2,4,4,1,3,1,4,3,3,4,1,4,3,2,1,4,4,4,2,2,1,1,1,4,2,1,2,3,1,2,1,2,2,4,3,1,2,1,2,3,2,2,1,3,2,1,2,1,3,4,3,1,3,1,1,3,4,3,1,4,1,4,3,3,1,4,1,4,1,3,2,1,2,3,2,4,2,1,2,4,3,4,1,4,2,2,4,2,2,1,1,1,3,3,1,4,4,4,1,3,2,4,1,1,2,3,3,1,2,3,2,2,1,2,2,2,4,2,2,1,3,3,2,1,1,2,2,3,3,3,2,3,1,4,4,4,1,4,2,2,4,4,3,1,3,1,3,2,1,4,1,1,3,4,3,4,3,1,3,3,1,1,1,4,1,3,3,1,1,3,1,1,4,1,4,2,4,1,1,3,1,1,1,4,4,2,4,3,4,1,4,1,3,2,2,2,2,1,1,4,1,2,1,3,3,3,2,4,1,4,1,2,3,2,3,4,4,2,2,1,4,3,4,1,2,3,1,2,3,1,2,4,2,2,1,1,1,2,2,4,1,4,3,4,1,3,2,2,3,1,4,2,3,4,4,2,1,1,3,3,1,3,1,2,4,3,2,1,3,2,3,2,1,4,2,1,3,4,4,3,4,3,3,1,3,1,2,2,3,1,2,1,2,3,2,3,3,2,3,1,1,1,4,2,2,4,2,1,4,4,1,2,3,3,2,3,4,3,2,2,2,4,2,3,2,2,2,4,4,4,4,1,1,3,2,4,4,2,2,1,2,1,2,2,4,4,1,2,4,1,4,3,1,3,2,1,3,2,1,2,3,1,2,2,4,3,1,1,2,3,2,2,1,2,1,1,4,1,4,2,1,1,4,4,1,3,3,4,1,2,2,3,3,2,4,1,3,1,4,4,3,4,2,4,3,4,4,3,3,1,2,3,4,1,4,2,4,1,2,4,1,4,2,4,4,1,4,3,2,1,3,3,2,1,3,4,3,2,3,1,3,3,2,3,3,1,2,2,2,2,4,4,4,2,2,4,2,3,1,2,3,3,4,1,2,2,1,3,2,2,1,3,3,3,2,3,1,4,4,1,1,1,3,1,2,4,2,2,3,3,4,3,3,4,1,4,4,1,1,4,1,1,4,1,2,3,3,4,3,2,1,4,3,2,1,1,2,3,4,1,4,1,1,1,3,3,2,4,4,2,3,4,2,1,4,3,4,1,3,3,2,3,2,3,1,1,1,1,1,4,1,3,2,4,3,1,1,3,4,2,2,2,2,1,4,1,4,2,3,3,1,3,1,1,4,2,2,2,2,4,2,2,3,2,2,1,1,2,1,3,3,3,4,3,2,3,3,3,3,1,3,3,1,1,4,2,4,1,1,1,4,3,2,2,3,2,3,4,1,3,3,1,1,2,3,1,2,4,3,4,1,1,3,4,1,3,3,3,1,1,3,2,3,3,3,2,4,1,1,4,3,3,1,3,4,1,2,3,4,1,1,2,3,2,4,1,1,2,2,2,3,1,3,4,3,2,4,4,3,3,2,2,4,2,1,1,4,3,3,1,3,2,1,4,3,4,4,3,3,1,1,4,4,1,4,2,3,3,2,1,1,4,4,1,4,2,3,2,3,3,4,4,3,4,2,1,4,4,4,1,2,3,2,4,1,2,4,4,3,1,3,2,3,2,4,1,1,4,1,3,2,2,2,3,2,1,2,3,1,4,1,3,1,2,3,4,2,3,3,4,4,3,4,4,2,3,1,2,3,3,2,4,1,1,3,3,1,3,1,4,1,1,1,3,4,2,2,1,3,2,2,1,1,3,2,1,4,4,4,1,3,4,4,4,1,1,1,4,1,1,3,1,2,1,1,2,2,1,3,4,2,3,1,1,2,2,3,1,2,2,4,2,3,1,2,4,2,1,1,1,4,1,1,2,2,3,2,1,1,3,1,3,3,1,2,2,2,3,2,3,4,3,1,1,2,1,2,4,3,1,2,4,1,3,4,3,4,4,3,2,3,3,1,3,3,1,2,3,1,2,2,3,2,3,2,2,2,3,2,4,1,1,4,2,1,4,2,3,3,1,1,4,1,2,4,2,1,3,2,4,3,1,2,1,2,3,4,1,3,3,4,4,3,2,3,3,2,1,3,2,1,2,2,2,1,1,3,3,3,3,3,1,4,2,3,2,2,3,2,2,4,2,2,4,2,2,2,2,2,2,1,4,1,1,4,4,2,3,3,1,2,3,4,4,3,2,2,1,4,2,4,1,2,2,3,4,2,1,4,2,4,1,3,3,1,4,1,3,4,4,2,2,2,2,2,1,1,4,4,2,3,3,4,4,4,2,4,2,1,4,3,2,1,1,2,2,1,1,1,2,4,1,1,3,4,2,1,2,4,4,4,3,1,4,2,3,4,4,2,3,2,1,4,2,3,1,4,4,3,2,2,4,1,2,3,4,1,3,1,1,4,1,2,2,1,4,4,1,2,2,4,4,3,3,1,1,4,4,3,1"
111,0.9875909492720556,0.4509803921568627,2338.0,"3,1,1,3,1,3,4,4,4,3,1,1,1,1,1,1,3,2,1,3,3,3,3,1,4,4,3,2,1,2,4,2,3,2,1,3,1,4,4,1,2,2,1,3,1,2,4,4,1,2,4,1,2,1,4,2,3,4,3,4,3,3,1,1,2,1,1,2,1,4,3,3,1,1,2,1,4,3,2,2,2,1,1,1,2,2,3,3,1,1,3,4,3,1,1,1,1,3,1,1,3,4,3,1,1,2,1,4,1,3,1,1,2,1,1,3,4,2,4,4,1,2,3,4,1,3,4,1,4,2,2,1,3,1,4,3,2,3,2,3,3,3,4,4,1,1,2,4,2,1,2,1,4,3,4,2,2,4,4,1,2,2,4,3,2,3,4,4,1,2,3,1,2,1,4,2,1,1,3,1,2,2,3,2,4,2,2,1,1,2,3,1,3,2,2,4,1,2,4,1,2,2,1,1,1,2,2,4,3,1,2,2,1,3,1,3,2,3,4,2,4,1,1,1,3,2,1,1,2,1,4,2,2,2,4,2,4,2,3,1,3,1,4,3,2,1,1,3,4,3,4,4,1,3,3,4,3,2,2,3,3,4,2,2,1,4,1,2,4,3,4,3,3,4,3,1,2,3,1,3,2,1,2,2,1,1,3,4,2,4,2,4,1,1,2,3,3,3,3,4,1,4,4,4,2,1,2,3,1,2,2,4,2,2,3,3,2,2,2,4,4,4,3,1,4,4,2,4,1,3,4,3,4,3,3,4,4,3,1,1,1,1,4,2,3,1,1,2,2,4,3,3,2,2,2,4,3,2,1,3,3,1,1,3,3,2,4,4,2,1,1,1,1,2,3,2,1,2,4,4,1,2,4,3,1,2,1,4,3,4,1,3,2,4,3,1,2,1,1,2,3,3,2,2,1,1,4,2,4,2,4,1,1,3,4,2,4,1,3,4,1,2,3,1,2,4,2,2,2,3,1,1,2,4,4,1,4,2,1,1,4,1,3,2,3,1,4,3,3,3,4,4,1,4,3,1,4,2,4,4,1,1,1,2,2,4,4,1,1,2,2,1,4,2,1,1,1,2,4,2,4,2,1,1,3,1,4,1,3,1,1,2,4,3,2,3,1,3,2,1,2,4,4,4,3,4,3,3,2,1,1,2,4,2,2,1,3,2,2,3,1,4,2,4,4,2,4,2,3,3,3,3,1,3,2,2,2,4,2,1,1,1,1,1,1,3,1,4,1,2,2,4,1,3,3,3,3,1,4,3,1,1,1,1,1,2,1,1,1,2,2,4,4,1,3,1,4,3,3,4,1,4,3,2,1,4,4,4,2,2,1,1,1,4,2,1,2,3,1,2,1,2,2,4,3,1,2,1,2,3,2,2,1,3,2,1,2,1,3,4,3,1,3,1,1,3,4,3,1,4,1,4,3,3,1,4,1,4,1,3,2,1,2,3,2,4,2,1,2,4,3,4,1,4,2,2,4,2,2,1,1,1,3,3,1,4,4,4,1,3,2,4,1,1,2,3,3,1,2,3,2,2,1,2,2,2,4,2,2,1,3,3,2,1,1,2,2,3,3,3,2,3,1,4,4,4,1,4,2,2,4,4,3,1,3,1,3,2,1,4,1,1,3,4,3,4,3,1,3,3,1,1,1,4,1,3,3,1,1,3,1,1,4,1,4,2,4,1,1,3,1,1,1,4,4,2,4,3,4,1,4,1,3,2,2,2,2,1,1,4,1,2,1,3,3,3,2,4,1,4,1,2,3,2,3,4,4,2,2,1,4,3,4,1,2,3,1,2,3,1,2,4,2,2,1,1,1,2,2,4,1,4,3,4,1,3,2,2,3,1,4,2,3,4,4,2,1,1,3,3,1,3,1,2,4,3,2,1,3,2,3,2,1,4,2,1,3,4,4,3,4,3,3,1,3,1,2,2,3,1,2,1,2,3,2,3,3,2,3,1,1,1,4,2,2,4,2,1,4,4,1,2,3,3,2,3,4,3,2,2,2,4,2,3,2,2,2,4,4,4,4,1,1,3,2,4,4,2,2,1,2,1,2,2,4,4,1,2,4,1,4,3,1,3,2,1,3,2,1,2,3,1,2,2,4,3,1,1,2,3,2,2,1,2,1,1,4,1,4,2,1,1,4,4,1,3,3,4,1,2,2,3,3,2,4,1,3,1,4,4,3,4,2,4,3,4,4,3,3,1,2,3,4,1,4,2,4,1,2,4,1,4,2,4,4,1,4,3,2,1,3,3,2,1,3,4,3,2,3,1,3,3,2,3,3,1,2,2,2,2,4,4,4,2,2,4,2,3,1,2,3,3,4,1,2,2,1,3,2,2,1,3,3,3,2,3,1,4,4,1,1,1,3,1,2,4,2,2,3,3,4,3,3,4,1,4,4,1,1,4,1,1,4,1,2,3,3,4,3,2,1,4,3,2,1,1,2,3,4,1,4,1,1,1,3,3,2,4,4,2,3,4,2,1,4,3,4,1,3,3,2,3,2,3,1,1,1,1,1,4,1,3,2,4,3,1,1,3,4,2,2,2,2,1,4,1,4,2,3,3,1,3,1,1,4,2,2,2,2,4,2,2,3,2,2,1,1,2,1,3,3,3,4,3,2,3,3,3,3,1,3,3,1,1,4,2,4,1,1,1,4,3,2,2,3,2,3,4,1,3,3,1,1,2,3,1,2,4,3,4,1,1,3,4,1,3,3,3,1,1,3,2,3,3,3,2,4,1,1,4,3,3,1,3,4,1,2,3,4,1,1,2,3,2,4,1,1,2,2,2,3,1,3,4,3,2,4,4,3,3,2,2,4,2,1,1,4,3,3,1,3,2,1,4,3,4,4,3,3,1,1,4,4,1,4,2,3,3,2,1,1,4,4,1,4,2,3,2,3,3,4,4,3,4,2,1,4,4,4,1,2,3,2,4,1,2,4,4,3,1,3,2,3,2,4,1,1,4,1,3,2,2,2,3,2,1,2,3,1,4,1,3,1,2,3,4,2,3,3,4,4,3,4,4,2,3,1,2,3,3,2,4,1,1,3,3,1,3,1,4,1,1,1,3,4,2,2,1,3,2,2,1,1,3,2,1,4,4,4,1,3,4,4,4,1,1,1,4,1,1,3,1,2,1,1,2,2,1,3,4,2,3,1,1,2,2,3,1,2,2,4,2,3,1,2,4,2,1,1,1,4,1,1,2,2,3,2,1,1,3,1,3,3,1,2,2,2,3,2,3,4,3,1,1,2,1,2,4,3,1,2,4,1,3,4,3,4,4,3,2,3,3,1,3,3,1,2,3,1,2,2,3,2,3,2,2,2,3,2,4,1,1,4,2,1,4,2,3,3,1,1,4,1,2,4,2,1,3,2,4,3,1,2,1,2,3,4,1,3,3,4,4,3,2,3,3,2,1,3,2,1,2,2,2,1,1,3,3,3,3,3,1,4,2,3,2,2,3,2,2,4,2,2,4,2,2,2,2,2,2,1,4,1,1,4,4,2,3,3,1,2,3,4,4,3,2,2,1,4,2,4,1,2,2,3,4,2,1,4,2,4,1,3,3,1,4,1,3,4,4,2,2,2,2,2,1,1,4,4,2,3,3,4,4,4,2,4,2,1,4,3,2,1,1,2,2,1,1,1,2,4,1,1,3,4,2,1,2,4,4,4,3,1,4,2,3,4,4,2,3,2,1,4,2,3,1,4,4,3,2,2,4,1,2,3,4,1,3,1,1,4,1,2,2,1,4,4,1,2,2,4,4,3,3,1,1,4,4,3,1"
112,0.9875909492720556,0.4509803921568627,2338.0,"3,1,1,3,1,3,4,4,4,3,1,1,1,1,1,1,3,2,1,3,3,3,3,1,4,4,3,2,1,2,4,2,3,2,1,3,1,4,4,1,2,2,1,3,1,2,4,4,1,2,4,1,2,1,4,2,3,4,3,4,3,3,1,1,2,1,1,2,1,4,3,3,1,1,2,1,4,3,2,2,2,1,1,1,2,2,3,3,1,1,3,4,3,1,1,1,1,3,1,1,3,4,3,1,1,2,1,4,1,3,1,1,2,1,1,3,4,2,4,4,1,2,3,4,1,3,4,1,4,2,2,1,3,1,4,3,2,3,2,3,3,3,4,4,1,1,2,4,2,1,2,1,4,3,4,2,2,4,4,1,2,2,4,3,2,3,4,4,1,2,3,1,2,1,4,2,1,1,3,1,2,2,3,2,4,2,2,1,1,2,3,1,3,2,2,4,1,2,4,1,2,2,1,1,1,2,2,4,3,1,2,2,1,3,1,3,2,3,4,2,4,1,1,1,3,2,1,1,2,1,4,2,2,2,4,2,4,2,3,1,3,1,4,3,2,1,1,3,4,3,4,4,1,3,3,4,3,2,2,3,3,4,2,2,1,4,1,2,4,3,4,3,3,4,3,1,2,3,1,3,2,1,2,2,1,1,3,4,2,4,2,4,1,1,2,3,3,3,3,4,1,4,4,4,2,1,2,3,1,2,2,4,2,2,3,3,2,2,2,4,4,4,3,1,4,4,2,4,1,3,4,3,4,3,3,4,4,3,1,1,1,1,4,2,3,1,1,2,2,4,3,3,2,2,2,4,3,2,1,3,3,1,1,3,3,2,4,4,2,1,1,1,1,2,3,2,1,2,4,4,1,2,4,3,1,2,1,4,3,4,1,3,2,4,3,1,2,1,1,2,3,3,2,2,1,1,4,2,4,2,4,1,1,3,4,2,4,1,3,4,1,2,3,1,2,4,2,2,2,3,1,1,2,4,4,1,4,2,1,1,4,1,3,2,3,1,4,3,3,3,4,4,1,4,3,1,4,2,4,4,1,1,1,2,2,4,4,1,1,2,2,1,4,2,1,1,1,2,4,2,4,2,1,1,3,1,4,1,3,1,1,2,4,3,2,3,1,3,2,1,2,4,4,4,3,4,3,3,2,1,1,2,4,2,2,1,3,2,2,3,1,4,2,4,4,2,4,2,3,3,3,3,1,3,2,2,2,4,2,1,1,1,1,1,1,3,1,4,1,2,2,4,1,3,3,3,3,1,4,3,1,1,1,1,1,2,1,1,1,2,2,4,4,1,3,1,4,3,3,4,1,4,3,2,1,4,4,4,2,2,1,1,1,4,2,1,2,3,1,2,1,2,2,4,3,1,2,1,2,3,2,2,1,3,2,1,2,1,3,4,3,1,3,1,1,3,4,3,1,4,1,4,3,3,1,4,1,4,1,3,2,1,2,3,2,4,2,1,2,4,3,4,1,4,2,2,4,2,2,1,1,1,3,3,1,4,4,4,1,3,2,4,1,1,2,3,3,1,2,3,2,2,1,2,2,2,4,2,2,1,3,3,2,1,1,2,2,3,3,3,2,3,1,4,4,4,1,4,2,2,4,4,3,1,3,1,3,2,1,4,1,1,3,4,3,4,3,1,3,3,1,1,1,4,1,3,3,1,1,3,1,1,4,1,4,2,4,1,1,3,1,1,1,4,4,2,4,3,4,1,4,1,3,2,2,2,2,1,1,4,1,2,1,3,3,3,2,4,1,4,1,2,3,2,3,4,4,2,2,1,4,3,4,1,2,3,1,2,3,1,2,4,2,2,1,1,1,2,2,4,1,4,3,4,1,3,2,2,3,1,4,2,3,4,4,2,1,1,3,3,1,3,1,2,4,3,2,1,3,2,3,2,1,4,2,1,3,4,4,3,4,3,3,1,3,1,2,2,3,1,2,1,2,3,2,3,3,2,3,1,1,1,4,2,2,4,2,1,4,4,1,2,3,3,2,3,4,3,2,2,2,4,2,3,2,2,2,4,4,4,4,1,1,3,2,4,4,2,2,1,2,1,2,2,4,4,1,2,4,1,4,3,1,3,2,1,3,2,1,2,3,1,2,2,4,3,1,1,2,3,2,2,1,2,1,1,4,1,4,2,1,1,4,4,1,3,3,4,1,2,2,3,3,2,4,1,3,1,4,4,3,4,2,4,3,4,4,3,3,1,2,3,4,1,4,2,4,1,2,4,1,4,2,4,4,1,4,3,2,1,3,3,2,1,3,4,3,2,3,1,3,3,2,3,3,1,2,2,2,2,4,4,4,2,2,4,2,3,1,2,3,3,4,1,2,2,1,3,2,2,1,3,3,3,2,3,1,4,4,1,1,1,3,1,2,4,2,2,3,3,4,3,3,4,1,4,4,1,1,4,1,1,4,1,2,3,3,4,3,2,1,4,3,2,1,1,2,3,4,1,4,1,1,1,3,3,2,4,4,2,3,4,2,1,4,3,4,1,3,3,2,3,2,3,1,1,1,1,1,4,1,3,2,4,3,1,1,3,4,2,2,2,2,1,4,1,4,2,3,3,1,3,1,1,4,2,2,2,2,4,2,2,3,2,2,1,1,2,1,3,3,3,4,3,2,3,3,3,3,1,3,3,1,1,4,2,4,1,1,1,4,3,2,2,3,2,3,4,1,3,3,1,1,2,3,1,2,4,3,4,1,1,3,4,1,3,3,3,1,1,3,2,3,3,3,2,4,1,1,4,3,3,1,3,4,1,2,3,4,1,1,2,3,2,4,1,1,2,2,2,3,1,3,4,3,2,4,4,3,3,2,2,4,2,1,1,4,3,3,1,3,2,1,4,3,4,4,3,3,1,1,4,4,1,4,2,3,3,2,1,1,4,4,1,4,2,3,2,3,3,4,4,3,4,2,1,4,4,4,1,2,3,2,4,1,2,4,4,3,1,3,2,3,2,4,1,1,4,1,3,2,2,2,3,2,1,2,3,1,4,1,3,1,2,3,4,2,3,3,4,4,3,4,4,2,3,1,2,3,3,2,4,1,1,3,3,1,3,1,4,1,1,1,3,4,2,2,1,3,2,2,1,1,3,2,1,4,4,4,1,3,4,4,4,1,1,1,4,1,1,3,1,2,1,1,2,2,1,3,4,2,3,1,1,2,2,3,1,2,2,4,2,3,1,2,4,2,1,1,1,4,1,1,2,2,3,2,1,1,3,1,3,3,1,2,2,2,3,2,3,4,3,1,1,2,1,2,4,3,1,2,4,1,3,4,3,4,4,3,2,3,3,1,3,3,1,2,3,1,2,2,3,2,3,2,2,2,3,2,4,1,1,4,2,1,4,2,3,3,1,1,4,1,2,4,2,1,3,2,4,3,1,2,1,2,3,4,1,3,3,4,4,3,2,3,3,2,1,3,2,1,2,2,2,1,1,3,3,3,3,3,1,4,2,3,2,2,3,2,2,4,2,2,4,2,2,2,2,2,2,1,4,1,1,4,4,2,3,3,1,2,3,4,4,3,2,2,1,4,2,4,1,2,2,3,4,2,1,4,2,4,1,3,3,1,4,1,3,4,4,2,2,2,2,2,1,1,4,4,2,3,3,4,4,4,2,4,2,1,4,3,2,1,1,2,2,1,1,1,2,4,1,1,3,4,2,1,2,4,4,4,3,1,4,2,3,4,4,2,3,2,1,4,2,3,1,4,4,3,2,2,4,1,2,3,4,1,3,1,1,4,1,2,2,1,4,4,1,2,2,4,4,3,3,1,1,4,4,3,1"
113,0.9875909492720556,0.4509803921568627,2338.0,"3,1,1,3,1,3,4,4,4,3,1,1,1,1,1,1,3,2,1,3,3,3,3,1,4,4,3,2,1,2,4,2,3,2,1,3,1,4,4,1,2,2,1,3,1,2,4,4,1,2,4,1,2,1,4,2,3,4,3,4,3,3,1,1,2,1,1,2,1,4,3,3,1,1,2,1,4,3,2,2,2,1,1,1,2,2,3,3,1,1,3,4,3,1,1,1,1,3,1,1,3,4,3,1,1,2,1,4,1,3,1,1,2,1,1,3,4,2,4,4,1,2,3,4,1,3,4,1,4,2,2,1,3,1,4,3,2,3,2,3,3,3,4,4,1,1,2,4,2,1,2,1,4,3,4,2,2,4,4,1,2,2,4,3,2,3,4,4,1,2,3,1,2,1,4,2,1,1,3,1,2,2,3,2,4,2,2,1,1,2,3,1,3,2,2,4,1,2,4,1,2,2,1,1,1,2,2,4,3,1,2,2,1,3,1,3,2,3,4,2,4,1,1,1,3,2,1,1,2,1,4,2,2,2,4,2,4,2,3,1,3,1,4,3,2,1,1,3,4,3,4,4,1,3,3,4,3,2,2,3,3,4,2,2,1,4,1,2,4,3,4,3,3,4,3,1,2,3,1,3,2,1,2,2,1,1,3,4,2,4,2,4,1,1,2,3,3,3,3,4,1,4,4,4,2,1,2,3,1,2,2,4,2,2,3,3,2,2,2,4,4,4,3,1,4,4,2,4,1,3,4,3,4,3,3,4,4,3,1,1,1,1,4,2,3,1,1,2,2,4,3,3,2,2,2,4,3,2,1,3,3,1,1,3,3,2,4,4,2,1,1,1,1,2,3,2,1,2,4,4,1,2,4,3,1,2,1,4,3,4,1,3,2,4,3,1,2,1,1,2,3,3,2,2,1,1,4,2,4,2,4,1,1,3,4,2,4,1,3,4,1,2,3,1,2,4,2,2,2,3,1,1,2,4,4,1,4,2,1,1,4,1,3,2,3,1,4,3,3,3,4,4,1,4,3,1,4,2,4,4,1,1,1,2,2,4,4,1,1,2,2,1,4,2,1,1,1,2,4,2,4,2,1,1,3,1,4,1,3,1,1,2,4,3,2,3,1,3,2,1,2,4,4,4,3,4,3,3,2,1,1,2,4,2,2,1,3,2,2,3,1,4,2,4,4,2,4,2,3,3,3,3,1,3,2,2,2,4,2,1,1,1,1,1,1,3,1,4,1,2,2,4,1,3,3,3,3,1,4,3,1,1,1,1,1,2,1,1,1,2,2,4,4,1,3,1,4,3,3,4,1,4,3,2,1,4,4,4,2,2,1,1,1,4,2,1,2,3,1,2,1,2,2,4,3,1,2,1,2,3,2,2,1,3,2,1,2,1,3,4,3,1,3,1,1,3,4,3,1,4,1,4,3,3,1,4,1,4,1,3,2,1,2,3,2,4,2,1,2,4,3,4,1,4,2,2,4,2,2,1,1,1,3,3,1,4,4,4,1,3,2,4,1,1,2,3,3,1,2,3,2,2,1,2,2,2,4,2,2,1,3,3,2,1,1,2,2,3,3,3,2,3,1,4,4,4,1,4,2,2,4,4,3,1,3,1,3,2,1,4,1,1,3,4,3,4,3,1,3,3,1,1,1,4,1,3,3,1,1,3,1,1,4,1,4,2,4,1,1,3,1,1,1,4,4,2,4,3,4,1,4,1,3,2,2,2,2,1,1,4,1,2,1,3,3,3,2,4,1,4,1,2,3,2,3,4,4,2,2,1,4,3,4,1,2,3,1,2,3,1,2,4,2,2,1,1,1,2,2,4,1,4,3,4,1,3,2,2,3,1,4,2,3,4,4,2,1,1,3,3,1,3,1,2,4,3,2,1,3,2,3,2,1,4,2,1,3,4,4,3,4,3,3,1,3,1,2,2,3,1,2,1,2,3,2,3,3,2,3,1,1,1,4,2,2,4,2,1,4,4,1,2,3,3,2,3,4,3,2,2,2,4,2,3,2,2,2,4,4,4,4,1,1,3,2,4,4,2,2,1,2,1,2,2,4,4,1,2,4,1,4,3,1,3,2,1,3,2,1,2,3,1,2,2,4,3,1,1,2,3,2,2,1,2,1,1,4,1,4,2,1,1,4,4,1,3,3,4,1,2,2,3,3,2,4,1,3,1,4,4,3,4,2,4,3,4,4,3,3,1,2,3,4,1,4,2,4,1,2,4,1,4,2,4,4,1,4,3,2,1,3,3,2,1,3,4,3,2,3,1,3,3,2,3,3,1,2,2,2,2,4,4,4,2,2,4,2,3,1,2,3,3,4,1,2,2,1,3,2,2,1,3,3,3,2,3,1,4,4,1,1,1,3,1,2,4,2,2,3,3,4,3,3,4,1,4,4,1,1,4,1,1,4,1,2,3,3,4,3,2,1,4,3,2,1,1,2,3,4,1,4,1,1,1,3,3,2,4,4,2,3,4,2,1,4,3,4,1,3,3,2,3,2,3,1,1,1,1,1,4,1,3,2,4,3,1,1,3,4,2,2,2,2,1,4,1,4,2,3,3,1,3,1,1,4,2,2,2,2,4,2,2,3,2,2,1,1,2,1,3,3,3,4,3,2,3,3,3,3,1,3,3,1,1,4,2,4,1,1,1,4,3,2,2,3,2,3,4,1,3,3,1,1,2,3,1,2,4,3,4,1,1,3,4,1,3,3,3,1,1,3,2,3,3,3,2,4,1,1,4,3,3,1,3,4,1,2,3,4,1,1,2,3,2,4,1,1,2,2,2,3,1,3,4,3,2,4,4,3,3,2,2,4,2,1,1,4,3,3,1,3,2,1,4,3,4,4,3,3,1,1,4,4,1,4,2,3,3,2,1,1,4,4,1,4,2,3,2,3,3,4,4,3,4,2,1,4,4,4,1,2,3,2,4,1,2,4,4,3,1,3,2,3,2,4,1,1,4,1,3,2,2,2,3,2,1,2,3,1,4,1,3,1,2,3,4,2,3,3,4,4,3,4,4,2,3,1,2,3,3,2,4,1,1,3,3,1,3,1,4,1,1,1,3,4,2,2,1,3,2,2,1,1,3,2,1,4,4,4,1,3,4,4,4,1,1,1,4,1,1,3,1,2,1,1,2,2,1,3,4,2,3,1,1,2,2,3,1,2,2,4,2,3,1,2,4,2,1,1,1,4,1,1,2,2,3,2,1,1,3,1,3,3,1,2,2,2,3,2,3,4,3,1,1,2,1,2,4,3,1,2,4,1,3,4,3,4,4,3,2,3,3,1,3,3,1,2,3,1,2,2,3,2,3,2,2,2,3,2,4,1,1,4,2,1,4,2,3,3,1,1,4,1,2,4,2,1,3,2,4,3,1,2,1,2,3,4,1,3,3,4,4,3,2,3,3,2,1,3,2,1,2,2,2,1,1,3,3,3,3,3,1,4,2,3,2,2,3,2,2,4,2,2,4,2,2,2,2,2,2,1,4,1,1,4,4,2,3,3,1,2,3,4,4,3,2,2,1,4,2,4,1,2,2,3,4,2,1,4,2,4,1,3,3,1,4,1,3,4,4,2,2,2,2,2,1,1,4,4,2,3,3,4,4,4,2,4,2,1,4,3,2,1,1,2,2,1,1,1,2,4,1,1,3,4,2,1,2,4,4,4,3,1,4,2,3,4,4,2,3,2,1,4,2,3,1,4,4,3,2,2,4,1,2,3,4,1,3,1,1,4,1,2,2,1,4,4,1,2,2,4,4,3,3,1,1,4,4,3,1"
114,0.9875909492720556,0.4509803921568627,2338.0,"3,1,1,3,1,3,4,4,4,3,1,1,1,1,1,1,3,2,1,3,3,3,3,1,4,4,3,2,1,2,4,2,3,2,1,3,1,4,4,1,2,2,1,3,1,2,4,4,1,2,4,1,2,1,4,2,3,4,3,4,3,3,1,1,2,1,1,2,1,4,3,3,1,1,2,1,4,3,2,2,2,1,1,1,2,2,3,3,1,1,3,4,3,1,1,1,1,3,1,1,3,4,3,1,1,2,1,4,1,3,1,1,2,1,1,3,4,2,4,4,1,2,3,4,1,3,4,1,4,2,2,1,3,1,4,3,2,3,2,3,3,3,4,4,1,1,2,4,2,1,2,1,4,3,4,2,2,4,4,1,2,2,4,3,2,3,4,4,1,2,3,1,2,1,4,2,1,1,3,1,2,2,3,2,4,2,2,1,1,2,3,1,3,2,2,4,1,2,4,1,2,2,1,1,1,2,2,4,3,1,2,2,1,3,1,3,2,3,4,2,4,1,1,1,3,2,1,1,2,1,4,2,2,2,4,2,4,2,3,1,3,1,4,3,2,1,1,3,4,3,4,4,1,3,3,4,3,2,2,3,3,4,2,2,1,4,1,2,4,3,4,3,3,4,3,1,2,3,1,3,2,1,2,2,1,1,3,4,2,4,2,4,1,1,2,3,3,3,3,4,1,4,4,4,2,1,2,3,1,2,2,4,2,2,3,3,2,2,2,4,4,4,3,1,4,4,2,4,1,3,4,3,4,3,3,4,4,3,1,1,1,1,4,2,3,1,1,2,2,4,3,3,2,2,2,4,3,2,1,3,3,1,1,3,3,2,4,4,2,1,1,1,1,2,3,2,1,2,4,4,1,2,4,3,1,2,1,4,3,4,1,3,2,4,3,1,2,1,1,2,3,3,2,2,1,1,4,2,4,2,4,1,1,3,4,2,4,1,3,4,1,2,3,1,2,4,2,2,2,3,1,1,2,4,4,1,4,2,1,1,4,1,3,2,3,1,4,3,3,3,4,4,1,4,3,1,4,2,4,4,1,1,1,2,2,4,4,1,1,2,2,1,4,2,1,1,1,2,4,2,4,2,1,1,3,1,4,1,3,1,1,2,4,3,2,3,1,3,2,1,2,4,4,4,3,4,3,3,2,1,1,2,4,2,2,1,3,2,2,3,1,4,2,4,4,2,4,2,3,3,3,3,1,3,2,2,2,4,2,1,1,1,1,1,1,3,1,4,1,2,2,4,1,3,3,3,3,1,4,3,1,1,1,1,1,2,1,1,1,2,2,4,4,1,3,1,4,3,3,4,1,4,3,2,1,4,4,4,2,2,1,1,1,4,2,1,2,3,1,2,1,2,2,4,3,1,2,1,2,3,2,2,1,3,2,1,2,1,3,4,3,1,3,1,1,3,4,3,1,4,1,4,3,3,1,4,1,4,1,3,2,1,2,3,2,4,2,1,2,4,3,4,1,4,2,2,4,2,2,1,1,1,3,3,1,4,4,4,1,3,2,4,1,1,2,3,3,1,2,3,2,2,1,2,2,2,4,2,2,1,3,3,2,1,1,2,2,3,3,3,2,3,1,4,4,4,1,4,2,2,4,4,3,1,3,1,3,2,1,4,1,1,3,4,3,4,3,1,3,3,1,1,1,4,1,3,3,1,1,3,1,1,4,1,4,2,4,1,1,3,1,1,1,4,4,2,4,3,4,1,4,1,3,2,2,2,2,1,1,4,1,2,1,3,3,3,2,4,1,4,1,2,3,2,3,4,4,2,2,1,4,3,4,1,2,3,1,2,3,1,2,4,2,2,1,1,1,2,2,4,1,4,3,4,1,3,2,2,3,1,4,2,3,4,4,2,1,1,3,3,1,3,1,2,4,3,2,1,3,2,3,2,1,4,2,1,3,4,4,3,4,3,3,1,3,1,2,2,3,1,2,1,2,3,2,3,3,2,3,1,1,1,4,2,2,4,2,1,4,4,1,2,3,3,2,3,4,3,2,2,2,4,2,3,2,2,2,4,4,4,4,1,1,3,2,4,4,2,2,1,2,1,2,2,4,4,1,2,4,1,4,3,1,3,2,1,3,2,1,2,3,1,2,2,4,3,1,1,2,3,2,2,1,2,1,1,4,1,4,2,1,1,4,4,1,3,3,4,1,2,2,3,3,2,4,1,3,1,4,4,3,4,2,4,3,4,4,3,3,1,2,3,4,1,4,2,4,1,2,4,1,4,2,4,4,1,4,3,2,1,3,3,2,1,3,4,3,2,3,1,3,3,2,3,3,1,2,2,2,2,4,4,4,2,2,4,2,3,1,2,3,3,4,1,2,2,1,3,2,2,1,3,3,3,2,3,1,4,4,1,1,1,3,1,2,4,2,2,3,3,4,3,3,4,1,4,4,1,1,4,1,1,4,1,2,3,3,4,3,2,1,4,3,2,1,1,2,3,4,1,4,1,1,1,3,3,2,4,4,2,3,4,2,1,4,3,4,1,3,3,2,3,2,3,1,1,1,1,1,4,1,3,2,4,3,1,1,3,4,2,2,2,2,1,4,1,4,2,3,3,1,3,1,1,4,2,2,2,2,4,2,2,3,2,2,1,1,2,1,3,3,3,4,3,2,3,3,3,3,1,3,3,1,1,4,2,4,1,1,1,4,3,2,2,3,2,3,4,1,3,3,1,1,2,3,1,2,4,3,4,1,1,3,4,1,3,3,3,1,1,3,2,3,3,3,2,4,1,1,4,3,3,1,3,4,1,2,3,4,1,1,2,3,2,4,1,1,2,2,2,3,1,3,4,3,2,4,4,3,3,2,2,4,2,1,1,4,3,3,1,3,2,1,4,3,4,4,3,3,1,1,4,4,1,4,2,3,3,2,1,1,4,4,1,4,2,3,2,3,3,4,4,3,4,2,1,4,4,4,1,2,3,2,4,1,2,4,4,3,1,3,2,3,2,4,1,1,4,1,3,2,2,2,3,2,1,2,3,1,4,1,3,1,2,3,4,2,3,3,4,4,3,4,4,2,3,1,2,3,3,2,4,1,1,3,3,1,3,1,4,1,1,1,3,4,2,2,1,3,2,2,1,1,3,2,1,4,4,4,1,3,4,4,4,1,1,1,4,1,1,3,1,2,1,1,2,2,1,3,4,2,3,1,1,2,2,3,1,2,2,4,2,3,1,2,4,2,1,1,1,4,1,1,2,2,3,2,1,1,3,1,3,3,1,2,2,2,3,2,3,4,3,1,1,2,1,2,4,3,1,2,4,1,3,4,3,4,4,3,2,3,3,1,3,3,1,2,3,1,2,2,3,2,3,2,2,2,3,2,4,1,1,4,2,1,4,2,3,3,1,1,4,1,2,4,2,1,3,2,4,3,1,2,1,2,3,4,1,3,3,4,4,3,2,3,3,2,1,3,2,1,2,2,2,1,1,3,3,3,3,3,1,4,2,3,2,2,3,2,2,4,2,2,4,2,2,2,2,2,2,1,4,1,1,4,4,2,3,3,1,2,3,4,4,3,2,2,1,4,2,4,1,2,2,3,4,2,1,4,2,4,1,3,3,1,4,1,3,4,4,2,2,2,2,2,1,1,4,4,2,3,3,4,4,4,2,4,2,1,4,3,2,1,1,2,2,1,1,1,2,4,1,1,3,4,2,1,2,4,4,4,3,1,4,2,3,4,4,2,3,2,1,4,2,3,1,4,4,3,2,2,4,1,2,3,4,1,3,1,1,4,1,2,2,1,4,4,1,2,2,4,4,3,3,1,1,4,4,3,1"
115,0.9875909492720556,0.4509803921568627,2338.0,"3,1,1,3,1,3,4,4,4,3,1,1,1,1,1,1,3,2,1,3,3,3,3,1,4,4,3,2,1,2,4,2,3,2,1,3,1,4,4,1,2,2,1,3,1,2,4,4,1,2,4,1,2,1,4,2,3,4,3,4,3,3,1,1,2,1,1,2,1,4,3,3,1,1,2,1,4,3,2,2,2,1,1,1,2,2,3,3,1,1,3,4,3,1,1,1,1,3,1,1,3,4,3,1,1,2,1,4,1,3,1,1,2,1,1,3,4,2,4,4,1,2,3,4,1,3,4,1,4,2,2,1,3,1,4,3,2,3,2,3,3,3,4,4,1,1,2,4,2,1,2,1,4,3,4,2,2,4,4,1,2,2,4,3,2,3,4,4,1,2,3,1,2,1,4,2,1,1,3,1,2,2,3,2,4,2,2,1,1,2,3,1,3,2,2,4,1,2,4,1,2,2,1,1,1,2,2,4,3,1,2,2,1,3,1,3,2,3,4,2,4,1,1,1,3,2,1,1,2,1,4,2,2,2,4,2,4,2,3,1,3,1,4,3,2,1,1,3,4,3,4,4,1,3,3,4,3,2,2,3,3,4,2,2,1,4,1,2,4,3,4,3,3,4,3,1,2,3,1,3,2,1,2,2,1,1,3,4,2,4,2,4,1,1,2,3,3,3,3,4,1,4,4,4,2,1,2,3,1,2,2,4,2,2,3,3,2,2,2,4,4,4,3,1,4,4,2,4,1,3,4,3,4,3,3,4,4,3,1,1,1,1,4,2,3,1,1,2,2,4,3,3,2,2,2,4,3,2,1,3,3,1,1,3,3,2,4,4,2,1,1,1,1,2,3,2,1,2,4,4,1,2,4,3,1,2,1,4,3,4,1,3,2,4,3,1,2,1,1,2,3,3,2,2,1,1,4,2,4,2,4,1,1,3,4,2,4,1,3,4,1,2,3,1,2,4,2,2,2,3,1,1,2,4,4,1,4,2,1,1,4,1,3,2,3,1,4,3,3,3,4,4,1,4,3,1,4,2,4,4,1,1,1,2,2,4,4,1,1,2,2,1,4,2,1,1,1,2,4,2,4,2,1,1,3,1,4,1,3,1,1,2,4,3,2,3,1,3,2,1,2,4,4,4,3,4,3,3,2,1,1,2,4,2,2,1,3,2,2,3,1,4,2,4,4,2,4,2,3,3,3,3,1,3,2,2,2,4,2,1,1,1,1,1,1,3,1,4,1,2,2,4,1,3,3,3,3,1,4,3,1,1,1,1,1,2,1,1,1,2,2,4,4,1,3,1,4,3,3,4,1,4,3,2,1,4,4,4,2,2,1,1,1,4,2,1,2,3,1,2,1,2,2,4,3,1,2,1,2,3,2,2,1,3,2,1,2,1,3,4,3,1,3,1,1,3,4,3,1,4,1,4,3,3,1,4,1,4,1,3,2,1,2,3,2,4,2,1,2,4,3,4,1,4,2,2,4,2,2,1,1,1,3,3,1,4,4,4,1,3,2,4,1,1,2,3,3,1,2,3,2,2,1,2,2,2,4,2,2,1,3,3,2,1,1,2,2,3,3,3,2,3,1,4,4,4,1,4,2,2,4,4,3,1,3,1,3,2,1,4,1,1,3,4,3,4,3,1,3,3,1,1,1,4,1,3,3,1,1,3,1,1,4,1,4,2,4,1,1,3,1,1,1,4,4,2,4,3,4,1,4,1,3,2,2,2,2,1,1,4,1,2,1,3,3,3,2,4,1,4,1,2,3,2,3,4,4,2,2,1,4,3,4,1,2,3,1,2,3,1,2,4,2,2,1,1,1,2,2,4,1,4,3,4,1,3,2,2,3,1,4,2,3,4,4,2,1,1,3,3,1,3,1,2,4,3,2,1,3,2,3,2,1,4,2,1,3,4,4,3,4,3,3,1,3,1,2,2,3,1,2,1,2,3,2,3,3,2,3,1,1,1,4,2,2,4,2,1,4,4,1,2,3,3,2,3,4,3,2,2,2,4,2,3,2,2,2,4,4,4,4,1,1,3,2,4,4,2,2,1,2,1,2,2,4,4,1,2,4,1,4,3,1,3,2,1,3,2,1,2,3,1,2,2,4,3,1,1,2,3,2,2,1,2,1,1,4,1,4,2,1,1,4,4,1,3,3,4,1,2,2,3,3,2,4,1,3,1,4,4,3,4,2,4,3,4,4,3,3,1,2,3,4,1,4,2,4,1,2,4,1,4,2,4,4,1,4,3,2,1,3,3,2,1,3,4,3,2,3,1,3,3,2,3,3,1,2,2,2,2,4,4,4,2,2,4,2,3,1,2,3,3,4,1,2,2,1,3,2,2,1,3,3,3,2,3,1,4,4,1,1,1,3,1,2,4,2,2,3,3,4,3,3,4,1,4,4,1,1,4,1,1,4,1,2,3,3,4,3,2,1,4,3,2,1,1,2,3,4,1,4,1,1,1,3,3,2,4,4,2,3,4,2,1,4,3,4,1,3,3,2,3,2,3,1,1,1,1,1,4,1,3,2,4,3,1,1,3,4,2,2,2,2,1,4,1,4,2,3,3,1,3,1,1,4,2,2,2,2,4,2,2,3,2,2,1,1,2,1,3,3,3,4,3,2,3,3,3,3,1,3,3,1,1,4,2,4,1,1,1,4,3,2,2,3,2,3,4,1,3,3,1,1,2,3,1,2,4,3,4,1,1,3,4,1,3,3,3,1,1,3,2,3,3,3,2,4,1,1,4,3,3,1,3,4,1,2,3,4,1,1,2,3,2,4,1,1,2,2,2,3,1,3,4,3,2,4,4,3,3,2,2,4,2,1,1,4,3,3,1,3,2,1,4,3,4,4,3,3,1,1,4,4,1,4,2,3,3,2,1,1,4,4,1,4,2,3,2,3,3,4,4,3,4,2,1,4,4,4,1,2,3,2,4,1,2,4,4,3,1,3,2,3,2,4,1,1,4,1,3,2,2,2,3,2,1,2,3,1,4,1,3,1,2,3,4,2,3,3,4,4,3,4,4,2,3,1,2,3,3,2,4,1,1,3,3,1,3,1,4,1,1,1,3,4,2,2,1,3,2,2,1,1,3,2,1,4,4,4,1,3,4,4,4,1,1,1,4,1,1,3,1,2,1,1,2,2,1,3,4,2,3,1,1,2,2,3,1,2,2,4,2,3,1,2,4,2,1,1,1,4,1,1,2,2,3,2,1,1,3,1,3,3,1,2,2,2,3,2,3,4,3,1,1,2,1,2,4,3,1,2,4,1,3,4,3,4,4,3,2,3,3,1,3,3,1,2,3,1,2,2,3,2,3,2,2,2,3,2,4,1,1,4,2,1,4,2,3,3,1,1,4,1,2,4,2,1,3,2,4,3,1,2,1,2,3,4,1,3,3,4,4,3,2,3,3,2,1,3,2,1,2,2,2,1,1,3,3,3,3,3,1,4,2,3,2,2,3,2,2,4,2,2,4,2,2,2,2,2,2,1,4,1,1,4,4,2,3,3,1,2,3,4,4,3,2,2,1,4,2,4,1,2,2,3,4,2,1,4,2,4,1,3,3,1,4,1,3,4,4,2,2,2,2,2,1,1,4,4,2,3,3,4,4,4,2,4,2,1,4,3,2,1,1,2,2,1,1,1,2,4,1,1,3,4,2,1,2,4,4,4,3,1,4,2,3,4,4,2,3,2,1,4,2,3,1,4,4,3,2,2,4,1,2,3,4,1,3,1,1,4,1,2,2,1,4,4,1,2,2,4,4,3,3,1,1,4,4,3,1"
116,0.9875909492720556,0.4509803921568627,2338.0,"3,1,1,3,1,3,4,4,4,3,1,1,1,1,1,1,3,2,1,3,3,3,3,1,4,4,3,2,1,2,4,2,3,2,1,3,1,4,4,1,2,2,1,3,1,2,4,4,1,2,4,1,2,1,4,2,3,4,3,4,3,3,1,1,2,1,1,2,1,4,3,3,1,1,2,1,4,3,2,2,2,1,1,1,2,2,3,3,1,1,3,4,3,1,1,1,1,3,1,1,3,4,3,1,1,2,1,4,1,3,1,1,2,1,1,3,4,2,4,4,1,2,3,4,1,3,4,1,4,2,2,1,3,1,4,3,2,3,2,3,3,3,4,4,1,1,2,4,2,1,2,1,4,3,4,2,2,4,4,1,2,2,4,3,2,3,4,4,1,2,3,1,2,1,4,2,1,1,3,1,2,2,3,2,4,2,2,1,1,2,3,1,3,2,2,4,1,2,4,1,2,2,1,1,1,2,2,4,3,1,2,2,1,3,1,3,2,3,4,2,4,1,1,1,3,2,1,1,2,1,4,2,2,2,4,2,4,2,3,1,3,1,4,3,2,1,1,3,4,3,4,4,1,3,3,4,3,2,2,3,3,4,2,2,1,4,1,2,4,3,4,3,3,4,3,1,2,3,1,3,2,1,2,2,1,1,3,4,2,4,2,4,1,1,2,3,3,3,3,4,1,4,4,4,2,1,2,3,1,2,2,4,2,2,3,3,2,2,2,4,4,4,3,1,4,4,2,4,1,3,4,3,4,3,3,4,4,3,1,1,1,1,4,2,3,1,1,2,2,4,3,3,2,2,2,4,3,2,1,3,3,1,1,3,3,2,4,4,2,1,1,1,1,2,3,2,1,2,4,4,1,2,4,3,1,2,1,4,3,4,1,3,2,4,3,1,2,1,1,2,3,3,2,2,1,1,4,2,4,2,4,1,1,3,4,2,4,1,3,4,1,2,3,1,2,4,2,2,2,3,1,1,2,4,4,1,4,2,1,1,4,1,3,2,3,1,4,3,3,3,4,4,1,4,3,1,4,2,4,4,1,1,1,2,2,4,4,1,1,2,2,1,4,2,1,1,1,2,4,2,4,2,1,1,3,1,4,1,3,1,1,2,4,3,2,3,1,3,2,1,2,4,4,4,3,4,3,3,2,1,1,2,4,2,2,1,3,2,2,3,1,4,2,4,4,2,4,2,3,3,3,3,1,3,2,2,2,4,2,1,1,1,1,1,1,3,1,4,1,2,2,4,1,3,3,3,3,1,4,3,1,1,1,1,1,2,1,1,1,2,2,4,4,1,3,1,4,3,3,4,1,4,3,2,1,4,4,4,2,2,1,1,1,4,2,1,2,3,1,2,1,2,2,4,3,1,2,1,2,3,2,2,1,3,2,1,2,1,3,4,3,1,3,1,1,3,4,3,1,4,1,4,3,3,1,4,1,4,1,3,2,1,2,3,2,4,2,1,2,4,3,4,1,4,2,2,4,2,2,1,1,1,3,3,1,4,4,4,1,3,2,4,1,1,2,3,3,1,2,3,2,2,1,2,2,2,4,2,2,1,3,3,2,1,1,2,2,3,3,3,2,3,1,4,4,4,1,4,2,2,4,4,3,1,3,1,3,2,1,4,1,1,3,4,3,4,3,1,3,3,1,1,1,4,1,3,3,1,1,3,1,1,4,1,4,2,4,1,1,3,1,1,1,4,4,2,4,3,4,1,4,1,3,2,2,2,2,1,1,4,1,2,1,3,3,3,2,4,1,4,1,2,3,2,3,4,4,2,2,1,4,3,4,1,2,3,1,2,3,1,2,4,2,2,1,1,1,2,2,4,1,4,3,4,1,3,2,2,3,1,4,2,3,4,4,2,1,1,3,3,1,3,1,2,4,3,2,1,3,2,3,2,1,4,2,1,3,4,4,3,4,3,3,1,3,1,2,2,3,1,2,1,2,3,2,3,3,2,3,1,1,1,4,2,2,4,2,1,4,4,1,2,3,3,2,3,4,3,2,2,2,4,2,3,2,2,2,4,4,4,4,1,1,3,2,4,4,2,2,1,2,1,2,2,4,4,1,2,4,1,4,3,1,3,2,1,3,2,1,2,3,1,2,2,4,3,1,1,2,3,2,2,1,2,1,1,4,1,4,2,1,1,4,4,1,3,3,4,1,2,2,3,3,2,4,1,3,1,4,4,3,4,2,4,3,4,4,3,3,1,2,3,4,1,4,2,4,1,2,4,1,4,2,4,4,1,4,3,2,1,3,3,2,1,3,4,3,2,3,1,3,3,2,3,3,1,2,2,2,2,4,4,4,2,2,4,2,3,1,2,3,3,4,1,2,2,1,3,2,2,1,3,3,3,2,3,1,4,4,1,1,1,3,1,2,4,2,2,3,3,4,3,3,4,1,4,4,1,1,4,1,1,4,1,2,3,3,4,3,2,1,4,3,2,1,1,2,3,4,1,4,1,1,1,3,3,2,4,4,2,3,4,2,1,4,3,4,1,3,3,2,3,2,3,1,1,1,1,1,4,1,3,2,4,3,1,1,3,4,2,2,2,2,1,4,1,4,2,3,3,1,3,1,1,4,2,2,2,2,4,2,2,3,2,2,1,1,2,1,3,3,3,4,3,2,3,3,3,3,1,3,3,1,1,4,2,4,1,1,1,4,3,2,2,3,2,3,4,1,3,3,1,1,2,3,1,2,4,3,4,1,1,3,4,1,3,3,3,1,1,3,2,3,3,3,2,4,1,1,4,3,3,1,3,4,1,2,3,4,1,1,2,3,2,4,1,1,2,2,2,3,1,3,4,3,2,4,4,3,3,2,2,4,2,1,1,4,3,3,1,3,2,1,4,3,4,4,3,3,1,1,4,4,1,4,2,3,3,2,1,1,4,4,1,4,2,3,2,3,3,4,4,3,4,2,1,4,4,4,1,2,3,2,4,1,2,4,4,3,1,3,2,3,2,4,1,1,4,1,3,2,2,2,3,2,1,2,3,1,4,1,3,1,2,3,4,2,3,3,4,4,3,4,4,2,3,1,2,3,3,2,4,1,1,3,3,1,3,1,4,1,1,1,3,4,2,2,1,3,2,2,1,1,3,2,1,4,4,4,1,3,4,4,4,1,1,1,4,1,1,3,1,2,1,1,2,2,1,3,4,2,3,1,1,2,2,3,1,2,2,4,2,3,1,2,4,2,1,1,1,4,1,1,2,2,3,2,1,1,3,1,3,3,1,2,2,2,3,2,3,4,3,1,1,2,1,2,4,3,1,2,4,1,3,4,3,4,4,3,2,3,3,1,3,3,1,2,3,1,2,2,3,2,3,2,2,2,3,2,4,1,1,4,2,1,4,2,3,3,1,1,4,1,2,4,2,1,3,2,4,3,1,2,1,2,3,4,1,3,3,4,4,3,2,3,3,2,1,3,2,1,2,2,2,1,1,3,3,3,3,3,1,4,2,3,2,2,3,2,2,4,2,2,4,2,2,2,2,2,2,1,4,1,1,4,4,2,3,3,1,2,3,4,4,3,2,2,1,4,2,4,1,2,2,3,4,2,1,4,2,4,1,3,3,1,4,1,3,4,4,2,2,2,2,2,1,1,4,4,2,3,3,4,4,4,2,4,2,1,4,3,2,1,1,2,2,1,1,1,2,4,1,1,3,4,2,1,2,4,4,4,3,1,4,2,3,4,4,2,3,2,1,4,2,3,1,4,4,3,2,2,4,1,2,3,4,1,3,1,1,4,1,2,2,1,4,4,1,2,2,4,4,3,3,1,1,4,4,3,1"
117,0.9875909492720556,0.4509803921568627,2338.0,"3,1,1,3,1,3,4,4,4,3,1,1,1,1,1,1,3,2,1,3,3,3,3,1,4,4,3,2,1,2,4,2,3,2,1,3,1,4,4,1,2,2,1,3,1,2,4,4,1,2,4,1,2,1,4,2,3,4,3,4,3,3,1,1,2,1,1,2,1,4,3,3,1,1,2,1,4,3,2,2,2,1,1,1,2,2,3,3,1,1,3,4,3,1,1,1,1,3,1,1,3,4,3,1,1,2,1,4,1,3,1,1,2,1,1,3,4,2,4,4,1,2,3,4,1,3,4,1,4,2,2,1,3,1,4,3,2,3,2,3,3,3,4,4,1,1,2,4,2,1,2,1,4,3,4,2,2,4,4,1,2,2,4,3,2,3,4,4,1,2,3,1,2,1,4,2,1,1,3,1,2,2,3,2,4,2,2,1,1,2,3,1,3,2,2,4,1,2,4,1,2,2,1,1,1,2,2,4,3,1,2,2,1,3,1,3,2,3,4,2,4,1,1,1,3,2,1,1,2,1,4,2,2,2,4,2,4,2,3,1,3,1,4,3,2,1,1,3,4,3,4,4,1,3,3,4,3,2,2,3,3,4,2,2,1,4,1,2,4,3,4,3,3,4,3,1,2,3,1,3,2,1,2,2,1,1,3,4,2,4,2,4,1,1,2,3,3,3,3,4,1,4,4,4,2,1,2,3,1,2,2,4,2,2,3,3,2,2,2,4,4,4,3,1,4,4,2,4,1,3,4,3,4,3,3,4,4,3,1,1,1,1,4,2,3,1,1,2,2,4,3,3,2,2,2,4,3,2,1,3,3,1,1,3,3,2,4,4,2,1,1,1,1,2,3,2,1,2,4,4,1,2,4,3,1,2,1,4,3,4,1,3,2,4,3,1,2,1,1,2,3,3,2,2,1,1,4,2,4,2,4,1,1,3,4,2,4,1,3,4,1,2,3,1,2,4,2,2,2,3,1,1,2,4,4,1,4,2,1,1,4,1,3,2,3,1,4,3,3,3,4,4,1,4,3,1,4,2,4,4,1,1,1,2,2,4,4,1,1,2,2,1,4,2,1,1,1,2,4,2,4,2,1,1,3,1,4,1,3,1,1,2,4,3,2,3,1,3,2,1,2,4,4,4,3,4,3,3,2,1,1,2,4,2,2,1,3,2,2,3,1,4,2,4,4,2,4,2,3,3,3,3,1,3,2,2,2,4,2,1,1,1,1,1,1,3,1,4,1,2,2,4,1,3,3,3,3,1,4,3,1,1,1,1,1,2,1,1,1,2,2,4,4,1,3,1,4,3,3,4,1,4,3,2,1,4,4,4,2,2,1,1,1,4,2,1,2,3,1,2,1,2,2,4,3,1,2,1,2,3,2,2,1,3,2,1,2,1,3,4,3,1,3,1,1,3,4,3,1,4,1,4,3,3,1,4,1,4,1,3,2,1,2,3,2,4,2,1,2,4,3,4,1,4,2,2,4,2,2,1,1,1,3,3,1,4,4,4,1,3,2,4,1,1,2,3,3,1,2,3,2,2,1,2,2,2,4,2,2,1,3,3,2,1,1,2,2,3,3,3,2,3,1,4,4,4,1,4,2,2,4,4,3,1,3,1,3,2,1,4,1,1,3,4,3,4,3,1,3,3,1,1,1,4,1,3,3,1,1,3,1,1,4,1,4,2,4,1,1,3,1,1,1,4,4,2,4,3,4,1,4,1,3,2,2,2,2,1,1,4,1,2,1,3,3,3,2,4,1,4,1,2,3,2,3,4,4,2,2,1,4,3,4,1,2,3,1,2,3,1,2,4,2,2,1,1,1,2,2,4,1,4,3,4,1,3,2,2,3,1,4,2,3,4,4,2,1,1,3,3,1,3,1,2,4,3,2,1,3,2,3,2,1,4,2,1,3,4,4,3,4,3,3,1,3,1,2,2,3,1,2,1,2,3,2,3,3,2,3,1,1,1,4,2,2,4,2,1,4,4,1,2,3,3,2,3,4,3,2,2,2,4,2,3,2,2,2,4,4,4,4,1,1,3,2,4,4,2,2,1,2,1,2,2,4,4,1,2,4,1,4,3,1,3,2,1,3,2,1,2,3,1,2,2,4,3,1,1,2,3,2,2,1,2,1,1,4,1,4,2,1,1,4,4,1,3,3,4,1,2,2,3,3,2,4,1,3,1,4,4,3,4,2,4,3,4,4,3,3,1,2,3,4,1,4,2,4,1,2,4,1,4,2,4,4,1,4,3,2,1,3,3,2,1,3,4,3,2,3,1,3,3,2,3,3,1,2,2,2,2,4,4,4,2,2,4,2,3,1,2,3,3,4,1,2,2,1,3,2,2,1,3,3,3,2,3,1,4,4,1,1,1,3,1,2,4,2,2,3,3,4,3,3,4,1,4,4,1,1,4,1,1,4,1,2,3,3,4,3,2,1,4,3,2,1,1,2,3,4,1,4,1,1,1,3,3,2,4,4,2,3,4,2,1,4,3,4,1,3,3,2,3,2,3,1,1,1,1,1,4,1,3,2,4,3,1,1,3,4,2,2,2,2,1,4,1,4,2,3,3,1,3,1,1,4,2,2,2,2,4,2,2,3,2,2,1,1,2,1,3,3,3,4,3,2,3,3,3,3,1,3,3,1,1,4,2,4,1,1,1,4,3,2,2,3,2,3,4,1,3,3,1,1,2,3,1,2,4,3,4,1,1,3,4,1,3,3,3,1,1,3,2,3,3,3,2,4,1,1,4,3,3,1,3,4,1,2,3,4,1,1,2,3,2,4,1,1,2,2,2,3,1,3,4,3,2,4,4,3,3,2,2,4,2,1,1,4,3,3,1,3,2,1,4,3,4,4,3,3,1,1,4,4,1,4,2,3,3,2,1,1,4,4,1,4,2,3,2,3,3,4,4,3,4,2,1,4,4,4,1,2,3,2,4,1,2,4,4,3,1,3,2,3,2,4,1,1,4,1,3,2,2,2,3,2,1,2,3,1,4,1,3,1,2,3,4,2,3,3,4,4,3,4,4,2,3,1,2,3,3,2,4,1,1,3,3,1,3,1,4,1,1,1,3,4,2,2,1,3,2,2,1,1,3,2,1,4,4,4,1,3,4,4,4,1,1,1,4,1,1,3,1,2,1,1,2,2,1,3,4,2,3,1,1,2,2,3,1,2,2,4,2,3,1,2,4,2,1,1,1,4,1,1,2,2,3,2,1,1,3,1,3,3,1,2,2,2,3,2,3,4,3,1,1,2,1,2,4,3,1,2,4,1,3,4,3,4,4,3,2,3,3,1,3,3,1,2,3,1,2,2,3,2,3,2,2,2,3,2,4,1,1,4,2,1,4,2,3,3,1,1,4,1,2,4,2,1,3,2,4,3,1,2,1,2,3,4,1,3,3,4,4,3,2,3,3,2,1,3,2,1,2,2,2,1,1,3,3,3,3,3,1,4,2,3,2,2,3,2,2,4,2,2,4,2,2,2,2,2,2,1,4,1,1,4,4,2,3,3,1,2,3,4,4,3,2,2,1,4,2,4,1,2,2,3,4,2,1,4,2,4,1,3,3,1,4,1,3,4,4,2,2,2,2,2,1,1,4,4,2,3,3,4,4,4,2,4,2,1,4,3,2,1,1,2,2,1,1,1,2,4,1,1,3,4,2,1,2,4,4,4,3,1,4,2,3,4,4,2,3,2,1,4,2,3,1,4,4,3,2,2,4,1,2,3,4,1,3,1,1,4,1,2,2,1,4,4,1,2,2,4,4,3,3,1,1,4,4,3,1"
118,0.9875909492720556,0.4509803921568627,2338.0,"3,1,1,3,1,3,4,4,4,3,1,1,1,1,1,1,3,2,1,3,3,3,3,1,4,4,3,2,1,2,4,2,3,2,1,3,1,4,4,1,2,2,1,3,1,2,4,4,1,2,4,1,2,1,4,2,3,4,3,4,3,3,1,1,2,1,1,2,1,4,3,3,1,1,2,1,4,3,2,2,2,1,1,1,2,2,3,3,1,1,3,4,3,1,1,1,1,3,1,1,3,4,3,1,1,2,1,4,1,3,1,1,2,1,1,3,4,2,4,4,1,2,3,4,1,3,4,1,4,2,2,1,3,1,4,3,2,3,2,3,3,3,4,4,1,1,2,4,2,1,2,1,4,3,4,2,2,4,4,1,2,2,4,3,2,3,4,4,1,2,3,1,2,1,4,2,1,1,3,1,2,2,3,2,4,2,2,1,1,2,3,1,3,2,2,4,1,2,4,1,2,2,1,1,1,2,2,4,3,1,2,2,1,3,1,3,2,3,4,2,4,1,1,1,3,2,1,1,2,1,4,2,2,2,4,2,4,2,3,1,3,1,4,3,2,1,1,3,4,3,4,4,1,3,3,4,3,2,2,3,3,4,2,2,1,4,1,2,4,3,4,3,3,4,3,1,2,3,1,3,2,1,2,2,1,1,3,4,2,4,2,4,1,1,2,3,3,3,3,4,1,4,4,4,2,1,2,3,1,2,2,4,2,2,3,3,2,2,2,4,4,4,3,1,4,4,2,4,1,3,4,3,4,3,3,4,4,3,1,1,1,1,4,2,3,1,1,2,2,4,3,3,2,2,2,4,3,2,1,3,3,1,1,3,3,2,4,4,2,1,1,1,1,2,3,2,1,2,4,4,1,2,4,3,1,2,1,4,3,4,1,3,2,4,3,1,2,1,1,2,3,3,2,2,1,1,4,2,4,2,4,1,1,3,4,2,4,1,3,4,1,2,3,1,2,4,2,2,2,3,1,1,2,4,4,1,4,2,1,1,4,1,3,2,3,1,4,3,3,3,4,4,1,4,3,1,4,2,4,4,1,1,1,2,2,4,4,1,1,2,2,1,4,2,1,1,1,2,4,2,4,2,1,1,3,1,4,1,3,1,1,2,4,3,2,3,1,3,2,1,2,4,4,4,3,4,3,3,2,1,1,2,4,2,2,1,3,2,2,3,1,4,2,4,4,2,4,2,3,3,3,3,1,3,2,2,2,4,2,1,1,1,1,1,1,3,1,4,1,2,2,4,1,3,3,3,3,1,4,3,1,1,1,1,1,2,1,1,1,2,2,4,4,1,3,1,4,3,3,4,1,4,3,2,1,4,4,4,2,2,1,1,1,4,2,1,2,3,1,2,1,2,2,4,3,1,2,1,2,3,2,2,1,3,2,1,2,1,3,4,3,1,3,1,1,3,4,3,1,4,1,4,3,3,1,4,1,4,1,3,2,1,2,3,2,4,2,1,2,4,3,4,1,4,2,2,4,2,2,1,1,1,3,3,1,4,4,4,1,3,2,4,1,1,2,3,3,1,2,3,2,2,1,2,2,2,4,2,2,1,3,3,2,1,1,2,2,3,3,3,2,3,1,4,4,4,1,4,2,2,4,4,3,1,3,1,3,2,1,4,1,1,3,4,3,4,3,1,3,3,1,1,1,4,1,3,3,1,1,3,1,1,4,1,4,2,4,1,1,3,1,1,1,4,4,2,4,3,4,1,4,1,3,2,2,2,2,1,1,4,1,2,1,3,3,3,2,4,1,4,1,2,3,2,3,4,4,2,2,1,4,3,4,1,2,3,1,2,3,1,2,4,2,2,1,1,1,2,2,4,1,4,3,4,1,3,2,2,3,1,4,2,3,4,4,2,1,1,3,3,1,3,1,2,4,3,2,1,3,2,3,2,1,4,2,1,3,4,4,3,4,3,3,1,3,1,2,2,3,1,2,1,2,3,2,3,3,2,3,1,1,1,4,2,2,4,2,1,4,4,1,2,3,3,2,3,4,3,2,2,2,4,2,3,2,2,2,4,4,4,4,1,1,3,2,4,4,2,2,1,2,1,2,2,4,4,1,2,4,1,4,3,1,3,2,1,3,2,1,2,3,1,2,2,4,3,1,1,2,3,2,2,1,2,1,1,4,1,4,2,1,1,4,4,1,3,3,4,1,2,2,3,3,2,4,1,3,1,4,4,3,4,2,4,3,4,4,3,3,1,2,3,4,1,4,2,4,1,2,4,1,4,2,4,4,1,4,3,2,1,3,3,2,1,3,4,3,2,3,1,3,3,2,3,3,1,2,2,2,2,4,4,4,2,2,4,2,3,1,2,3,3,4,1,2,2,1,3,2,2,1,3,3,3,2,3,1,4,4,1,1,1,3,1,2,4,2,2,3,3,4,3,3,4,1,4,4,1,1,4,1,1,4,1,2,3,3,4,3,2,1,4,3,2,1,1,2,3,4,1,4,1,1,1,3,3,2,4,4,2,3,4,2,1,4,3,4,1,3,3,2,3,2,3,1,1,1,1,1,4,1,3,2,4,3,1,1,3,4,2,2,2,2,1,4,1,4,2,3,3,1,3,1,1,4,2,2,2,2,4,2,2,3,2,2,1,1,2,1,3,3,3,4,3,2,3,3,3,3,1,3,3,1,1,4,2,4,1,1,1,4,3,2,2,3,2,3,4,1,3,3,1,1,2,3,1,2,4,3,4,1,1,3,4,1,3,3,3,1,1,3,2,3,3,3,2,4,1,1,4,3,3,1,3,4,1,2,3,4,1,1,2,3,2,4,1,1,2,2,2,3,1,3,4,3,2,4,4,3,3,2,2,4,2,1,1,4,3,3,1,3,2,1,4,3,4,4,3,3,1,1,4,4,1,4,2,3,3,2,1,1,4,4,1,4,2,3,2,3,3,4,4,3,4,2,1,4,4,4,1,2,3,2,4,1,2,4,4,3,1,3,2,3,2,4,1,1,4,1,3,2,2,2,3,2,1,2,3,1,4,1,3,1,2,3,4,2,3,3,4,4,3,4,4,2,3,1,2,3,3,2,4,1,1,3,3,1,3,1,4,1,1,1,3,4,2,2,1,3,2,2,1,1,3,2,1,4,4,4,1,3,4,4,4,1,1,1,4,1,1,3,1,2,1,1,2,2,1,3,4,2,3,1,1,2,2,3,1,2,2,4,2,3,1,2,4,2,1,1,1,4,1,1,2,2,3,2,1,1,3,1,3,3,1,2,2,2,3,2,3,4,3,1,1,2,1,2,4,3,1,2,4,1,3,4,3,4,4,3,2,3,3,1,3,3,1,2,3,1,2,2,3,2,3,2,2,2,3,2,4,1,1,4,2,1,4,2,3,3,1,1,4,1,2,4,2,1,3,2,4,3,1,2,1,2,3,4,1,3,3,4,4,3,2,3,3,2,1,3,2,1,2,2,2,1,1,3,3,3,3,3,1,4,2,3,2,2,3,2,2,4,2,2,4,2,2,2,2,2,2,1,4,1,1,4,4,2,3,3,1,2,3,4,4,3,2,2,1,4,2,4,1,2,2,3,4,2,1,4,2,4,1,3,3,1,4,1,3,4,4,2,2,2,2,2,1,1,4,4,2,3,3,4,4,4,2,4,2,1,4,3,2,1,1,2,2,1,1,1,2,4,1,1,3,4,2,1,2,4,4,4,3,1,4,2,3,4,4,2,3,2,1,4,2,3,1,4,4,3,2,2,4,1,2,3,4,1,3,1,1,4,1,2,2,1,4,4,1,2,2,4,4,3,3,1,1,4,4,3,1"
119,0.9875909492720556,0.4509803921568627,2338.0,"3,1,1,3,1,3,4,4,4,3,1,1,1,1,1,1,3,2,1,3,3,3,3,1,4,4,3,2,1,2,4,2,3,2,1,3,1,4,4,1,2,2,1,3,1,2,4,4,1,2,4,1,2,1,4,2,3,4,3,4,3,3,1,1,2,1,1,2,1,4,3,3,1,1,2,1,4,3,2,2,2,1,1,1,2,2,3,3,1,1,3,4,3,1,1,1,1,3,1,1,3,4,3,1,1,2,1,4,1,3,1,1,2,1,1,3,4,2,4,4,1,2,3,4,1,3,4,1,4,2,2,1,3,1,4,3,2,3,2,3,3,3,4,4,1,1,2,4,2,1,2,1,4,3,4,2,2,4,4,1,2,2,4,3,2,3,4,4,1,2,3,1,2,1,4,2,1,1,3,1,2,2,3,2,4,2,2,1,1,2,3,1,3,2,2,4,1,2,4,1,2,2,1,1,1,2,2,4,3,1,2,2,1,3,1,3,2,3,4,2,4,1,1,1,3,2,1,1,2,1,4,2,2,2,4,2,4,2,3,1,3,1,4,3,2,1,1,3,4,3,4,4,1,3,3,4,3,2,2,3,3,4,2,2,1,4,1,2,4,3,4,3,3,4,3,1,2,3,1,3,2,1,2,2,1,1,3,4,2,4,2,4,1,1,2,3,3,3,3,4,1,4,4,4,2,1,2,3,1,2,2,4,2,2,3,3,2,2,2,4,4,4,3,1,4,4,2,4,1,3,4,3,4,3,3,4,4,3,1,1,1,1,4,2,3,1,1,2,2,4,3,3,2,2,2,4,3,2,1,3,3,1,1,3,3,2,4,4,2,1,1,1,1,2,3,2,1,2,4,4,1,2,4,3,1,2,1,4,3,4,1,3,2,4,3,1,2,1,1,2,3,3,2,2,1,1,4,2,4,2,4,1,1,3,4,2,4,1,3,4,1,2,3,1,2,4,2,2,2,3,1,1,2,4,4,1,4,2,1,1,4,1,3,2,3,1,4,3,3,3,4,4,1,4,3,1,4,2,4,4,1,1,1,2,2,4,4,1,1,2,2,1,4,2,1,1,1,2,4,2,4,2,1,1,3,1,4,1,3,1,1,2,4,3,2,3,1,3,2,1,2,4,4,4,3,4,3,3,2,1,1,2,4,2,2,1,3,2,2,3,1,4,2,4,4,2,4,2,3,3,3,3,1,3,2,2,2,4,2,1,1,1,1,1,1,3,1,4,1,2,2,4,1,3,3,3,3,1,4,3,1,1,1,1,1,2,1,1,1,2,2,4,4,1,3,1,4,3,3,4,1,4,3,2,1,4,4,4,2,2,1,1,1,4,2,1,2,3,1,2,1,2,2,4,3,1,2,1,2,3,2,2,1,3,2,1,2,1,3,4,3,1,3,1,1,3,4,3,1,4,1,4,3,3,1,4,1,4,1,3,2,1,2,3,2,4,2,1,2,4,3,4,1,4,2,2,4,2,2,1,1,1,3,3,1,4,4,4,1,3,2,4,1,1,2,3,3,1,2,3,2,2,1,2,2,2,4,2,2,1,3,3,2,1,1,2,2,3,3,3,2,3,1,4,4,4,1,4,2,2,4,4,3,1,3,1,3,2,1,4,1,1,3,4,3,4,3,1,3,3,1,1,1,4,1,3,3,1,1,3,1,1,4,1,4,2,4,1,1,3,1,1,1,4,4,2,4,3,4,1,4,1,3,2,2,2,2,1,1,4,1,2,1,3,3,3,2,4,1,4,1,2,3,2,3,4,4,2,2,1,4,3,4,1,2,3,1,2,3,1,2,4,2,2,1,1,1,2,2,4,1,4,3,4,1,3,2,2,3,1,4,2,3,4,4,2,1,1,3,3,1,3,1,2,4,3,2,1,3,2,3,2,1,4,2,1,3,4,4,3,4,3,3,1,3,1,2,2,3,1,2,1,2,3,2,3,3,2,3,1,1,1,4,2,2,4,2,1,4,4,1,2,3,3,2,3,4,3,2,2,2,4,2,3,2,2,2,4,4,4,4,1,1,3,2,4,4,2,2,1,2,1,2,2,4,4,1,2,4,1,4,3,1,3,2,1,3,2,1,2,3,1,2,2,4,3,1,1,2,3,2,2,1,2,1,1,4,1,4,2,1,1,4,4,1,3,3,4,1,2,2,3,3,2,4,1,3,1,4,4,3,4,2,4,3,4,4,3,3,1,2,3,4,1,4,2,4,1,2,4,1,4,2,4,4,1,4,3,2,1,3,3,2,1,3,4,3,2,3,1,3,3,2,3,3,1,2,2,2,2,4,4,4,2,2,4,2,3,1,2,3,3,4,1,2,2,1,3,2,2,1,3,3,3,2,3,1,4,4,1,1,1,3,1,2,4,2,2,3,3,4,3,3,4,1,4,4,1,1,4,1,1,4,1,2,3,3,4,3,2,1,4,3,2,1,1,2,3,4,1,4,1,1,1,3,3,2,4,4,2,3,4,2,1,4,3,4,1,3,3,2,3,2,3,1,1,1,1,1,4,1,3,2,4,3,1,1,3,4,2,2,2,2,1,4,1,4,2,3,3,1,3,1,1,4,2,2,2,2,4,2,2,3,2,2,1,1,2,1,3,3,3,4,3,2,3,3,3,3,1,3,3,1,1,4,2,4,1,1,1,4,3,2,2,3,2,3,4,1,3,3,1,1,2,3,1,2,4,3,4,1,1,3,4,1,3,3,3,1,1,3,2,3,3,3,2,4,1,1,4,3,3,1,3,4,1,2,3,4,1,1,2,3,2,4,1,1,2,2,2,3,1,3,4,3,2,4,4,3,3,2,2,4,2,1,1,4,3,3,1,3,2,1,4,3,4,4,3,3,1,1,4,4,1,4,2,3,3,2,1,1,4,4,1,4,2,3,2,3,3,4,4,3,4,2,1,4,4,4,1,2,3,2,4,1,2,4,4,3,1,3,2,3,2,4,1,1,4,1,3,2,2,2,3,2,1,2,3,1,4,1,3,1,2,3,4,2,3,3,4,4,3,4,4,2,3,1,2,3,3,2,4,1,1,3,3,1,3,1,4,1,1,1,3,4,2,2,1,3,2,2,1,1,3,2,1,4,4,4,1,3,4,4,4,1,1,1,4,1,1,3,1,2,1,1,2,2,1,3,4,2,3,1,1,2,2,3,1,2,2,4,2,3,1,2,4,2,1,1,1,4,1,1,2,2,3,2,1,1,3,1,3,3,1,2,2,2,3,2,3,4,3,1,1,2,1,2,4,3,1,2,4,1,3,4,3,4,4,3,2,3,3,1,3,3,1,2,3,1,2,2,3,2,3,2,2,2,3,2,4,1,1,4,2,1,4,2,3,3,1,1,4,1,2,4,2,1,3,2,4,3,1,2,1,2,3,4,1,3,3,4,4,3,2,3,3,2,1,3,2,1,2,2,2,1,1,3,3,3,3,3,1,4,2,3,2,2,3,2,2,4,2,2,4,2,2,2,2,2,2,1,4,1,1,4,4,2,3,3,1,2,3,4,4,3,2,2,1,4,2,4,1,2,2,3,4,2,1,4,2,4,1,3,3,1,4,1,3,4,4,2,2,2,2,2,1,1,4,4,2,3,3,4,4,4,2,4,2,1,4,3,2,1,1,2,2,1,1,1,2,4,1,1,3,4,2,1,2,4,4,4,3,1,4,2,3,4,4,2,3,2,1,4,2,3,1,4,4,3,2,2,4,1,2,3,4,1,3,1,1,4,1,2,2,1,4,4,1,2,2,4,4,3,3,1,1,4,4,3,1"
120,0.9875909492720556,0.4509803921568627,2338.0,"3,1,1,3,1,3,4,4,4,3,1,1,1,1,1,1,3,2,1,3,3,3,3,1,4,4,3,2,1,2,4,2,3,2,1,3,1,4,4,1,2,2,1,3,1,2,4,4,1,2,4,1,2,1,4,2,3,4,3,4,3,3,1,1,2,1,1,2,1,4,3,3,1,1,2,1,4,3,2,2,2,1,1,1,2,2,3,3,1,1,3,4,3,1,1,1,1,3,1,1,3,4,3,1,1,2,1,4,1,3,1,1,2,1,1,3,4,2,4,4,1,2,3,4,1,3,4,1,4,2,2,1,3,1,4,3,2,3,2,3,3,3,4,4,1,1,2,4,2,1,2,1,4,3,4,2,2,4,4,1,2,2,4,3,2,3,4,4,1,2,3,1,2,1,4,2,1,1,3,1,2,2,3,2,4,2,2,1,1,2,3,1,3,2,2,4,1,2,4,1,2,2,1,1,1,2,2,4,3,1,2,2,1,3,1,3,2,3,4,2,4,1,1,1,3,2,1,1,2,1,4,2,2,2,4,2,4,2,3,1,3,1,4,3,2,1,1,3,4,3,4,4,1,3,3,4,3,2,2,3,3,4,2,2,1,4,1,2,4,3,4,3,3,4,3,1,2,3,1,3,2,1,2,2,1,1,3,4,2,4,2,4,1,1,2,3,3,3,3,4,1,4,4,4,2,1,2,3,1,2,2,4,2,2,3,3,2,2,2,4,4,4,3,1,4,4,2,4,1,3,4,3,4,3,3,4,4,3,1,1,1,1,4,2,3,1,1,2,2,4,3,3,2,2,2,4,3,2,1,3,3,1,1,3,3,2,4,4,2,1,1,1,1,2,3,2,1,2,4,4,1,2,4,3,1,2,1,4,3,4,1,3,2,4,3,1,2,1,1,2,3,3,2,2,1,1,4,2,4,2,4,1,1,3,4,2,4,1,3,4,1,2,3,1,2,4,2,2,2,3,1,1,2,4,4,1,4,2,1,1,4,1,3,2,3,1,4,3,3,3,4,4,1,4,3,1,4,2,4,4,1,1,1,2,2,4,4,1,1,2,2,1,4,2,1,1,1,2,4,2,4,2,1,1,3,1,4,1,3,1,1,2,4,3,2,3,1,3,2,1,2,4,4,4,3,4,3,3,2,1,1,2,4,2,2,1,3,2,2,3,1,4,2,4,4,2,4,2,3,3,3,3,1,3,2,2,2,4,2,1,1,1,1,1,1,3,1,4,1,2,2,4,1,3,3,3,3,1,4,3,1,1,1,1,1,2,1,1,1,2,2,4,4,1,3,1,4,3,3,4,1,4,3,2,1,4,4,4,2,2,1,1,1,4,2,1,2,3,1,2,1,2,2,4,3,1,2,1,2,3,2,2,1,3,2,1,2,1,3,4,3,1,3,1,1,3,4,3,1,4,1,4,3,3,1,4,1,4,1,3,2,1,2,3,2,4,2,1,2,4,3,4,1,4,2,2,4,2,2,1,1,1,3,3,1,4,4,4,1,3,2,4,1,1,2,3,3,1,2,3,2,2,1,2,2,2,4,2,2,1,3,3,2,1,1,2,2,3,3,3,2,3,1,4,4,4,1,4,2,2,4,4,3,1,3,1,3,2,1,4,1,1,3,4,3,4,3,1,3,3,1,1,1,4,1,3,3,1,1,3,1,1,4,1,4,2,4,1,1,3,1,1,1,4,4,2,4,3,4,1,4,1,3,2,2,2,2,1,1,4,1,2,1,3,3,3,2,4,1,4,1,2,3,2,3,4,4,2,2,1,4,3,4,1,2,3,1,2,3,1,2,4,2,2,1,1,1,2,2,4,1,4,3,4,1,3,2,2,3,1,4,2,3,4,4,2,1,1,3,3,1,3,1,2,4,3,2,1,3,2,3,2,1,4,2,1,3,4,4,3,4,3,3,1,3,1,2,2,3,1,2,1,2,3,2,3,3,2,3,1,1,1,4,2,2,4,2,1,4,4,1,2,3,3,2,3,4,3,2,2,2,4,2,3,2,2,2,4,4,4,4,1,1,3,2,4,4,2,2,1,2,1,2,2,4,4,1,2,4,1,4,3,1,3,2,1,3,2,1,2,3,1,2,2,4,3,1,1,2,3,2,2,1,2,1,1,4,1,4,2,1,1,4,4,1,3,3,4,1,2,2,3,3,2,4,1,3,1,4,4,3,4,2,4,3,4,4,3,3,1,2,3,4,1,4,2,4,1,2,4,1,4,2,4,4,1,4,3,2,1,3,3,2,1,3,4,3,2,3,1,3,3,2,3,3,1,2,2,2,2,4,4,4,2,2,4,2,3,1,2,3,3,4,1,2,2,1,3,2,2,1,3,3,3,2,3,1,4,4,1,1,1,3,1,2,4,2,2,3,3,4,3,3,4,1,4,4,1,1,4,1,1,4,1,2,3,3,4,3,2,1,4,3,2,1,1,2,3,4,1,4,1,1,1,3,3,2,4,4,2,3,4,2,1,4,3,4,1,3,3,2,3,2,3,1,1,1,1,1,4,1,3,2,4,3,1,1,3,4,2,2,2,2,1,4,1,4,2,3,3,1,3,1,1,4,2,2,2,2,4,2,2,3,2,2,1,1,2,1,3,3,3,4,3,2,3,3,3,3,1,3,3,1,1,4,2,4,1,1,1,4,3,2,2,3,2,3,4,1,3,3,1,1,2,3,1,2,4,3,4,1,1,3,4,1,3,3,3,1,1,3,2,3,3,3,2,4,1,1,4,3,3,1,3,4,1,2,3,4,1,1,2,3,2,4,1,1,2,2,2,3,1,3,4,3,2,4,4,3,3,2,2,4,2,1,1,4,3,3,1,3,2,1,4,3,4,4,3,3,1,1,4,4,1,4,2,3,3,2,1,1,4,4,1,4,2,3,2,3,3,4,4,3,4,2,1,4,4,4,1,2,3,2,4,1,2,4,4,3,1,3,2,3,2,4,1,1,4,1,3,2,2,2,3,2,1,2,3,1,4,1,3,1,2,3,4,2,3,3,4,4,3,4,4,2,3,1,2,3,3,2,4,1,1,3,3,1,3,1,4,1,1,1,3,4,2,2,1,3,2,2,1,1,3,2,1,4,4,4,1,3,4,4,4,1,1,1,4,1,1,3,1,2,1,1,2,2,1,3,4,2,3,1,1,2,2,3,1,2,2,4,2,3,1,2,4,2,1,1,1,4,1,1,2,2,3,2,1,1,3,1,3,3,1,2,2,2,3,2,3,4,3,1,1,2,1,2,4,3,1,2,4,1,3,4,3,4,4,3,2,3,3,1,3,3,1,2,3,1,2,2,3,2,3,2,2,2,3,2,4,1,1,4,2,1,4,2,3,3,1,1,4,1,2,4,2,1,3,2,4,3,1,2,1,2,3,4,1,3,3,4,4,3,2,3,3,2,1,3,2,1,2,2,2,1,1,3,3,3,3,3,1,4,2,3,2,2,3,2,2,4,2,2,4,2,2,2,2,2,2,1,4,1,1,4,4,2,3,3,1,2,3,4,4,3,2,2,1,4,2,4,1,2,2,3,4,2,1,4,2,4,1,3,3,1,4,1,3,4,4,2,2,2,2,2,1,1,4,4,2,3,3,4,4,4,2,4,2,1,4,3,2,1,1,2,2,1,1,1,2,4,1,1,3,4,2,1,2,4,4,4,3,1,4,2,3,4,4,2,3,2,1,4,2,3,1,4,4,3,2,2,4,1,2,3,4,1,3,1,1,4,1,2,2,1,4,4,1,2,2,4,4,3,3,1,1,4,4,3,1"
121,0.9875909492720556,0.4509803921568627,2338.0,"3,1,1,3,1,3,4,4,4,3,1,1,1,1,1,1,3,2,1,3,3,3,3,1,4,4,3,2,1,2,4,2,3,2,1,3,1,4,4,1,2,2,1,3,1,2,4,4,1,2,4,1,2,1,4,2,3,4,3,4,3,3,1,1,2,1,1,2,1,4,3,3,1,1,2,1,4,3,2,2,2,1,1,1,2,2,3,3,1,1,3,4,3,1,1,1,1,3,1,1,3,4,3,1,1,2,1,4,1,3,1,1,2,1,1,3,4,2,4,4,1,2,3,4,1,3,4,1,4,2,2,1,3,1,4,3,2,3,2,3,3,3,4,4,1,1,2,4,2,1,2,1,4,3,4,2,2,4,4,1,2,2,4,3,2,3,4,4,1,2,3,1,2,1,4,2,1,1,3,1,2,2,3,2,4,2,2,1,1,2,3,1,3,2,2,4,1,2,4,1,2,2,1,1,1,2,2,4,3,1,2,2,1,3,1,3,2,3,4,2,4,1,1,1,3,2,1,1,2,1,4,2,2,2,4,2,4,2,3,1,3,1,4,3,2,1,1,3,4,3,4,4,1,3,3,4,3,2,2,3,3,4,2,2,1,4,1,2,4,3,4,3,3,4,3,1,2,3,1,3,2,1,2,2,1,1,3,4,2,4,2,4,1,1,2,3,3,3,3,4,1,4,4,4,2,1,2,3,1,2,2,4,2,2,3,3,2,2,2,4,4,4,3,1,4,4,2,4,1,3,4,3,4,3,3,4,4,3,1,1,1,1,4,2,3,1,1,2,2,4,3,3,2,2,2,4,3,2,1,3,3,1,1,3,3,2,4,4,2,1,1,1,1,2,3,2,1,2,4,4,1,2,4,3,1,2,1,4,3,4,1,3,2,4,3,1,2,1,1,2,3,3,2,2,1,1,4,2,4,2,4,1,1,3,4,2,4,1,3,4,1,2,3,1,2,4,2,2,2,3,1,1,2,4,4,1,4,2,1,1,4,1,3,2,3,1,4,3,3,3,4,4,1,4,3,1,4,2,4,4,1,1,1,2,2,4,4,1,1,2,2,1,4,2,1,1,1,2,4,2,4,2,1,1,3,1,4,1,3,1,1,2,4,3,2,3,1,3,2,1,2,4,4,4,3,4,3,3,2,1,1,2,4,2,2,1,3,2,2,3,1,4,2,4,4,2,4,2,3,3,3,3,1,3,2,2,2,4,2,1,1,1,1,1,1,3,1,4,1,2,2,4,1,3,3,3,3,1,4,3,1,1,1,1,1,2,1,1,1,2,2,4,4,1,3,1,4,3,3,4,1,4,3,2,1,4,4,4,2,2,1,1,1,4,2,1,2,3,1,2,1,2,2,4,3,1,2,1,2,3,2,2,1,3,2,1,2,1,3,4,3,1,3,1,1,3,4,3,1,4,1,4,3,3,1,4,1,4,1,3,2,1,2,3,2,4,2,1,2,4,3,4,1,4,2,2,4,2,2,1,1,1,3,3,1,4,4,4,1,3,2,4,1,1,2,3,3,1,2,3,2,2,1,2,2,2,4,2,2,1,3,3,2,1,1,2,2,3,3,3,2,3,1,4,4,4,1,4,2,2,4,4,3,1,3,1,3,2,1,4,1,1,3,4,3,4,3,1,3,3,1,1,1,4,1,3,3,1,1,3,1,1,4,1,4,2,4,1,1,3,1,1,1,4,4,2,4,3,4,1,4,1,3,2,2,2,2,1,1,4,1,2,1,3,3,3,2,4,1,4,1,2,3,2,3,4,4,2,2,1,4,3,4,1,2,3,1,2,3,1,2,4,2,2,1,1,1,2,2,4,1,4,3,4,1,3,2,2,3,1,4,2,3,4,4,2,1,1,3,3,1,3,1,2,4,3,2,1,3,2,3,2,1,4,2,1,3,4,4,3,4,3,3,1,3,1,2,2,3,1,2,1,2,3,2,3,3,2,3,1,1,1,4,2,2,4,2,1,4,4,1,2,3,3,2,3,4,3,2,2,2,4,2,3,2,2,2,4,4,4,4,1,1,3,2,4,4,2,2,1,2,1,2,2,4,4,1,2,4,1,4,3,1,3,2,1,3,2,1,2,3,1,2,2,4,3,1,1,2,3,2,2,1,2,1,1,4,1,4,2,1,1,4,4,1,3,3,4,1,2,2,3,3,2,4,1,3,1,4,4,3,4,2,4,3,4,4,3,3,1,2,3,4,1,4,2,4,1,2,4,1,4,2,4,4,1,4,3,2,1,3,3,2,1,3,4,3,2,3,1,3,3,2,3,3,1,2,2,2,2,4,4,4,2,2,4,2,3,1,2,3,3,4,1,2,2,1,3,2,2,1,3,3,3,2,3,1,4,4,1,1,1,3,1,2,4,2,2,3,3,4,3,3,4,1,4,4,1,1,4,1,1,4,1,2,3,3,4,3,2,1,4,3,2,1,1,2,3,4,1,4,1,1,1,3,3,2,4,4,2,3,4,2,1,4,3,4,1,3,3,2,3,2,3,1,1,1,1,1,4,1,3,2,4,3,1,1,3,4,2,2,2,2,1,4,1,4,2,3,3,1,3,1,1,4,2,2,2,2,4,2,2,3,2,2,1,1,2,1,3,3,3,4,3,2,3,3,3,3,1,3,3,1,1,4,2,4,1,1,1,4,3,2,2,3,2,3,4,1,3,3,1,1,2,3,1,2,4,3,4,1,1,3,4,1,3,3,3,1,1,3,2,3,3,3,2,4,1,1,4,3,3,1,3,4,1,2,3,4,1,1,2,3,2,4,1,1,2,2,2,3,1,3,4,3,2,4,4,3,3,2,2,4,2,1,1,4,3,3,1,3,2,1,4,3,4,4,3,3,1,1,4,4,1,4,2,3,3,2,1,1,4,4,1,4,2,3,2,3,3,4,4,3,4,2,1,4,4,4,1,2,3,2,4,1,2,4,4,3,1,3,2,3,2,4,1,1,4,1,3,2,2,2,3,2,1,2,3,1,4,1,3,1,2,3,4,2,3,3,4,4,3,4,4,2,3,1,2,3,3,2,4,1,1,3,3,1,3,1,4,1,1,1,3,4,2,2,1,3,2,2,1,1,3,2,1,4,4,4,1,3,4,4,4,1,1,1,4,1,1,3,1,2,1,1,2,2,1,3,4,2,3,1,1,2,2,3,1,2,2,4,2,3,1,2,4,2,1,1,1,4,1,1,2,2,3,2,1,1,3,1,3,3,1,2,2,2,3,2,3,4,3,1,1,2,1,2,4,3,1,2,4,1,3,4,3,4,4,3,2,3,3,1,3,3,1,2,3,1,2,2,3,2,3,2,2,2,3,2,4,1,1,4,2,1,4,2,3,3,1,1,4,1,2,4,2,1,3,2,4,3,1,2,1,2,3,4,1,3,3,4,4,3,2,3,3,2,1,3,2,1,2,2,2,1,1,3,3,3,3,3,1,4,2,3,2,2,3,2,2,4,2,2,4,2,2,2,2,2,2,1,4,1,1,4,4,2,3,3,1,2,3,4,4,3,2,2,1,4,2,4,1,2,2,3,4,2,1,4,2,4,1,3,3,1,4,1,3,4,4,2,2,2,2,2,1,1,4,4,2,3,3,4,4,4,2,4,2,1,4,3,2,1,1,2,2,1,1,1,2,4,1,1,3,4,2,1,2,4,4,4,3,1,4,2,3,4,4,2,3,2,1,4,2,3,1,4,4,3,2,2,4,1,2,3,4,1,3,1,1,4,1,2,2,1,4,4,1,2,2,4,4,3,3,1,1,4,4,3,1"
122,0.9875909492720556,0.4509803921568627,2338.0,"3,1,1,3,1,3,4,4,4,3,1,1,1,1,1,1,3,2,1,3,3,3,3,1,4,4,3,2,1,2,4,2,3,2,1,3,1,4,4,1,2,2,1,3,1,2,4,4,1,2,4,1,2,1,4,2,3,4,3,4,3,3,1,1,2,1,1,2,1,4,3,3,1,1,2,1,4,3,2,2,2,1,1,1,2,2,3,3,1,1,3,4,3,1,1,1,1,3,1,1,3,4,3,1,1,2,1,4,1,3,1,1,2,1,1,3,4,2,4,4,1,2,3,4,1,3,4,1,4,2,2,1,3,1,4,3,2,3,2,3,3,3,4,4,1,1,2,4,2,1,2,1,4,3,4,2,2,4,4,1,2,2,4,3,2,3,4,4,1,2,3,1,2,1,4,2,1,1,3,1,2,2,3,2,4,2,2,1,1,2,3,1,3,2,2,4,1,2,4,1,2,2,1,1,1,2,2,4,3,1,2,2,1,3,1,3,2,3,4,2,4,1,1,1,3,2,1,1,2,1,4,2,2,2,4,2,4,2,3,1,3,1,4,3,2,1,1,3,4,3,4,4,1,3,3,4,3,2,2,3,3,4,2,2,1,4,1,2,4,3,4,3,3,4,3,1,2,3,1,3,2,1,2,2,1,1,3,4,2,4,2,4,1,1,2,3,3,3,3,4,1,4,4,4,2,1,2,3,1,2,2,4,2,2,3,3,2,2,2,4,4,4,3,1,4,4,2,4,1,3,4,3,4,3,3,4,4,3,1,1,1,1,4,2,3,1,1,2,2,4,3,3,2,2,2,4,3,2,1,3,3,1,1,3,3,2,4,4,2,1,1,1,1,2,3,2,1,2,4,4,1,2,4,3,1,2,1,4,3,4,1,3,2,4,3,1,2,1,1,2,3,3,2,2,1,1,4,2,4,2,4,1,1,3,4,2,4,1,3,4,1,2,3,1,2,4,2,2,2,3,1,1,2,4,4,1,4,2,1,1,4,1,3,2,3,1,4,3,3,3,4,4,1,4,3,1,4,2,4,4,1,1,1,2,2,4,4,1,1,2,2,1,4,2,1,1,1,2,4,2,4,2,1,1,3,1,4,1,3,1,1,2,4,3,2,3,1,3,2,1,2,4,4,4,3,4,3,3,2,1,1,2,4,2,2,1,3,2,2,3,1,4,2,4,4,2,4,2,3,3,3,3,1,3,2,2,2,4,2,1,1,1,1,1,1,3,1,4,1,2,2,4,1,3,3,3,3,1,4,3,1,1,1,1,1,2,1,1,1,2,2,4,4,1,3,1,4,3,3,4,1,4,3,2,1,4,4,4,2,2,1,1,1,4,2,1,2,3,1,2,1,2,2,4,3,1,2,1,2,3,2,2,1,3,2,1,2,1,3,4,3,1,3,1,1,3,4,3,1,4,1,4,3,3,1,4,1,4,1,3,2,1,2,3,2,4,2,1,2,4,3,4,1,4,2,2,4,2,2,1,1,1,3,3,1,4,4,4,1,3,2,4,1,1,2,3,3,1,2,3,2,2,1,2,2,2,4,2,2,1,3,3,2,1,1,2,2,3,3,3,2,3,1,4,4,4,1,4,2,2,4,4,3,1,3,1,3,2,1,4,1,1,3,4,3,4,3,1,3,3,1,1,1,4,1,3,3,1,1,3,1,1,4,1,4,2,4,1,1,3,1,1,1,4,4,2,4,3,4,1,4,1,3,2,2,2,2,1,1,4,1,2,1,3,3,3,2,4,1,4,1,2,3,2,3,4,4,2,2,1,4,3,4,1,2,3,1,2,3,1,2,4,2,2,1,1,1,2,2,4,1,4,3,4,1,3,2,2,3,1,4,2,3,4,4,2,1,1,3,3,1,3,1,2,4,3,2,1,3,2,3,2,1,4,2,1,3,4,4,3,4,3,3,1,3,1,2,2,3,1,2,1,2,3,2,3,3,2,3,1,1,1,4,2,2,4,2,1,4,4,1,2,3,3,2,3,4,3,2,2,2,4,2,3,2,2,2,4,4,4,4,1,1,3,2,4,4,2,2,1,2,1,2,2,4,4,1,2,4,1,4,3,1,3,2,1,3,2,1,2,3,1,2,2,4,3,1,1,2,3,2,2,1,2,1,1,4,1,4,2,1,1,4,4,1,3,3,4,1,2,2,3,3,2,4,1,3,1,4,4,3,4,2,4,3,4,4,3,3,1,2,3,4,1,4,2,4,1,2,4,1,4,2,4,4,1,4,3,2,1,3,3,2,1,3,4,3,2,3,1,3,3,2,3,3,1,2,2,2,2,4,4,4,2,2,4,2,3,1,2,3,3,4,1,2,2,1,3,2,2,1,3,3,3,2,3,1,4,4,1,1,1,3,1,2,4,2,2,3,3,4,3,3,4,1,4,4,1,1,4,1,1,4,1,2,3,3,4,3,2,1,4,3,2,1,1,2,3,4,1,4,1,1,1,3,3,2,4,4,2,3,4,2,1,4,3,4,1,3,3,2,3,2,3,1,1,1,1,1,4,1,3,2,4,3,1,1,3,4,2,2,2,2,1,4,1,4,2,3,3,1,3,1,1,4,2,2,2,2,4,2,2,3,2,2,1,1,2,1,3,3,3,4,3,2,3,3,3,3,1,3,3,1,1,4,2,4,1,1,1,4,3,2,2,3,2,3,4,1,3,3,1,1,2,3,1,2,4,3,4,1,1,3,4,1,3,3,3,1,1,3,2,3,3,3,2,4,1,1,4,3,3,1,3,4,1,2,3,4,1,1,2,3,2,4,1,1,2,2,2,3,1,3,4,3,2,4,4,3,3,2,2,4,2,1,1,4,3,3,1,3,2,1,4,3,4,4,3,3,1,1,4,4,1,4,2,3,3,2,1,1,4,4,1,4,2,3,2,3,3,4,4,3,4,2,1,4,4,4,1,2,3,2,4,1,2,4,4,3,1,3,2,3,2,4,1,1,4,1,3,2,2,2,3,2,1,2,3,1,4,1,3,1,2,3,4,2,3,3,4,4,3,4,4,2,3,1,2,3,3,2,4,1,1,3,3,1,3,1,4,1,1,1,3,4,2,2,1,3,2,2,1,1,3,2,1,4,4,4,1,3,4,4,4,1,1,1,4,1,1,3,1,2,1,1,2,2,1,3,4,2,3,1,1,2,2,3,1,2,2,4,2,3,1,2,4,2,1,1,1,4,1,1,2,2,3,2,1,1,3,1,3,3,1,2,2,2,3,2,3,4,3,1,1,2,1,2,4,3,1,2,4,1,3,4,3,4,4,3,2,3,3,1,3,3,1,2,3,1,2,2,3,2,3,2,2,2,3,2,4,1,1,4,2,1,4,2,3,3,1,1,4,1,2,4,2,1,3,2,4,3,1,2,1,2,3,4,1,3,3,4,4,3,2,3,3,2,1,3,2,1,2,2,2,1,1,3,3,3,3,3,1,4,2,3,2,2,3,2,2,4,2,2,4,2,2,2,2,2,2,1,4,1,1,4,4,2,3,3,1,2,3,4,4,3,2,2,1,4,2,4,1,2,2,3,4,2,1,4,2,4,1,3,3,1,4,1,3,4,4,2,2,2,2,2,1,1,4,4,2,3,3,4,4,4,2,4,2,1,4,3,2,1,1,2,2,1,1,1,2,4,1,1,3,4,2,1,2,4,4,4,3,1,4,2,3,4,4,2,3,2,1,4,2,3,1,4,4,3,2,2,4,1,2,3,4,1,3,1,1,4,1,2,2,1,4,4,1,2,2,4,4,3,3,1,1,4,4,3,1"
123,0.9875909492720556,0.4509803921568627,2338.0,"3,1,1,3,1,3,4,4,4,3,1,1,1,1,1,1,3,2,1,3,3,3,3,1,4,4,3,2,1,2,4,2,3,2,1,3,1,4,4,1,2,2,1,3,1,2,4,4,1,2,4,1,2,1,4,2,3,4,3,4,3,3,1,1,2,1,1,2,1,4,3,3,1,1,2,1,4,3,2,2,2,1,1,1,2,2,3,3,1,1,3,4,3,1,1,1,1,3,1,1,3,4,3,1,1,2,1,4,1,3,1,1,2,1,1,3,4,2,4,4,1,2,3,4,1,3,4,1,4,2,2,1,3,1,4,3,2,3,2,3,3,3,4,4,1,1,2,4,2,1,2,1,4,3,4,2,2,4,4,1,2,2,4,3,2,3,4,4,1,2,3,1,2,1,4,2,1,1,3,1,2,2,3,2,4,2,2,1,1,2,3,1,3,2,2,4,1,2,4,1,2,2,1,1,1,2,2,4,3,1,2,2,1,3,1,3,2,3,4,2,4,1,1,1,3,2,1,1,2,1,4,2,2,2,4,2,4,2,3,1,3,1,4,3,2,1,1,3,4,3,4,4,1,3,3,4,3,2,2,3,3,4,2,2,1,4,1,2,4,3,4,3,3,4,3,1,2,3,1,3,2,1,2,2,1,1,3,4,2,4,2,4,1,1,2,3,3,3,3,4,1,4,4,4,2,1,2,3,1,2,2,4,2,2,3,3,2,2,2,4,4,4,3,1,4,4,2,4,1,3,4,3,4,3,3,4,4,3,1,1,1,1,4,2,3,1,1,2,2,4,3,3,2,2,2,4,3,2,1,3,3,1,1,3,3,2,4,4,2,1,1,1,1,2,3,2,1,2,4,4,1,2,4,3,1,2,1,4,3,4,1,3,2,4,3,1,2,1,1,2,3,3,2,2,1,1,4,2,4,2,4,1,1,3,4,2,4,1,3,4,1,2,3,1,2,4,2,2,2,3,1,1,2,4,4,1,4,2,1,1,4,1,3,2,3,1,4,3,3,3,4,4,1,4,3,1,4,2,4,4,1,1,1,2,2,4,4,1,1,2,2,1,4,2,1,1,1,2,4,2,4,2,1,1,3,1,4,1,3,1,1,2,4,3,2,3,1,3,2,1,2,4,4,4,3,4,3,3,2,1,1,2,4,2,2,1,3,2,2,3,1,4,2,4,4,2,4,2,3,3,3,3,1,3,2,2,2,4,2,1,1,1,1,1,1,3,1,4,1,2,2,4,1,3,3,3,3,1,4,3,1,1,1,1,1,2,1,1,1,2,2,4,4,1,3,1,4,3,3,4,1,4,3,2,1,4,4,4,2,2,1,1,1,4,2,1,2,3,1,2,1,2,2,4,3,1,2,1,2,3,2,2,1,3,2,1,2,1,3,4,3,1,3,1,1,3,4,3,1,4,1,4,3,3,1,4,1,4,1,3,2,1,2,3,2,4,2,1,2,4,3,4,1,4,2,2,4,2,2,1,1,1,3,3,1,4,4,4,1,3,2,4,1,1,2,3,3,1,2,3,2,2,1,2,2,2,4,2,2,1,3,3,2,1,1,2,2,3,3,3,2,3,1,4,4,4,1,4,2,2,4,4,3,1,3,1,3,2,1,4,1,1,3,4,3,4,3,1,3,3,1,1,1,4,1,3,3,1,1,3,1,1,4,1,4,2,4,1,1,3,1,1,1,4,4,2,4,3,4,1,4,1,3,2,2,2,2,1,1,4,1,2,1,3,3,3,2,4,1,4,1,2,3,2,3,4,4,2,2,1,4,3,4,1,2,3,1,2,3,1,2,4,2,2,1,1,1,2,2,4,1,4,3,4,1,3,2,2,3,1,4,2,3,4,4,2,1,1,3,3,1,3,1,2,4,3,2,1,3,2,3,2,1,4,2,1,3,4,4,3,4,3,3,1,3,1,2,2,3,1,2,1,2,3,2,3,3,2,3,1,1,1,4,2,2,4,2,1,4,4,1,2,3,3,2,3,4,3,2,2,2,4,2,3,2,2,2,4,4,4,4,1,1,3,2,4,4,2,2,1,2,1,2,2,4,4,1,2,4,1,4,3,1,3,2,1,3,2,1,2,3,1,2,2,4,3,1,1,2,3,2,2,1,2,1,1,4,1,4,2,1,1,4,4,1,3,3,4,1,2,2,3,3,2,4,1,3,1,4,4,3,4,2,4,3,4,4,3,3,1,2,3,4,1,4,2,4,1,2,4,1,4,2,4,4,1,4,3,2,1,3,3,2,1,3,4,3,2,3,1,3,3,2,3,3,1,2,2,2,2,4,4,4,2,2,4,2,3,1,2,3,3,4,1,2,2,1,3,2,2,1,3,3,3,2,3,1,4,4,1,1,1,3,1,2,4,2,2,3,3,4,3,3,4,1,4,4,1,1,4,1,1,4,1,2,3,3,4,3,2,1,4,3,2,1,1,2,3,4,1,4,1,1,1,3,3,2,4,4,2,3,4,2,1,4,3,4,1,3,3,2,3,2,3,1,1,1,1,1,4,1,3,2,4,3,1,1,3,4,2,2,2,2,1,4,1,4,2,3,3,1,3,1,1,4,2,2,2,2,4,2,2,3,2,2,1,1,2,1,3,3,3,4,3,2,3,3,3,3,1,3,3,1,1,4,2,4,1,1,1,4,3,2,2,3,2,3,4,1,3,3,1,1,2,3,1,2,4,3,4,1,1,3,4,1,3,3,3,1,1,3,2,3,3,3,2,4,1,1,4,3,3,1,3,4,1,2,3,4,1,1,2,3,2,4,1,1,2,2,2,3,1,3,4,3,2,4,4,3,3,2,2,4,2,1,1,4,3,3,1,3,2,1,4,3,4,4,3,3,1,1,4,4,1,4,2,3,3,2,1,1,4,4,1,4,2,3,2,3,3,4,4,3,4,2,1,4,4,4,1,2,3,2,4,1,2,4,4,3,1,3,2,3,2,4,1,1,4,1,3,2,2,2,3,2,1,2,3,1,4,1,3,1,2,3,4,2,3,3,4,4,3,4,4,2,3,1,2,3,3,2,4,1,1,3,3,1,3,1,4,1,1,1,3,4,2,2,1,3,2,2,1,1,3,2,1,4,4,4,1,3,4,4,4,1,1,1,4,1,1,3,1,2,1,1,2,2,1,3,4,2,3,1,1,2,2,3,1,2,2,4,2,3,1,2,4,2,1,1,1,4,1,1,2,2,3,2,1,1,3,1,3,3,1,2,2,2,3,2,3,4,3,1,1,2,1,2,4,3,1,2,4,1,3,4,3,4,4,3,2,3,3,1,3,3,1,2,3,1,2,2,3,2,3,2,2,2,3,2,4,1,1,4,2,1,4,2,3,3,1,1,4,1,2,4,2,1,3,2,4,3,1,2,1,2,3,4,1,3,3,4,4,3,2,3,3,2,1,3,2,1,2,2,2,1,1,3,3,3,3,3,1,4,2,3,2,2,3,2,2,4,2,2,4,2,2,2,2,2,2,1,4,1,1,4,4,2,3,3,1,2,3,4,4,3,2,2,1,4,2,4,1,2,2,3,4,2,1,4,2,4,1,3,3,1,4,1,3,4,4,2,2,2,2,2,1,1,4,4,2,3,3,4,4,4,2,4,2,1,4,3,2,1,1,2,2,1,1,1,2,4,1,1,3,4,2,1,2,4,4,4,3,1,4,2,3,4,4,2,3,2,1,4,2,3,1,4,4,3,2,2,4,1,2,3,4,1,3,1,1,4,1,2,2,1,4,4,1,2,2,4,4,3,3,1,1,4,4,3,1"
124,0.9875909492720556,0.4509803921568627,2338.0,"3,1,1,3,1,3,4,4,4,3,1,1,1,1,1,1,3,2,1,3,3,3,3,1,4,4,3,2,1,2,4,2,3,2,1,3,1,4,4,1,2,2,1,3,1,2,4,4,1,2,4,1,2,1,4,2,3,4,3,4,3,3,1,1,2,1,1,2,1,4,3,3,1,1,2,1,4,3,2,2,2,1,1,1,2,2,3,3,1,1,3,4,3,1,1,1,1,3,1,1,3,4,3,1,1,2,1,4,1,3,1,1,2,1,1,3,4,2,4,4,1,2,3,4,1,3,4,1,4,2,2,1,3,1,4,3,2,3,2,3,3,3,4,4,1,1,2,4,2,1,2,1,4,3,4,2,2,4,4,1,2,2,4,3,2,3,4,4,1,2,3,1,2,1,4,2,1,1,3,1,2,2,3,2,4,2,2,1,1,2,3,1,3,2,2,4,1,2,4,1,2,2,1,1,1,2,2,4,3,1,2,2,1,3,1,3,2,3,4,2,4,1,1,1,3,2,1,1,2,1,4,2,2,2,4,2,4,2,3,1,3,1,4,3,2,1,1,3,4,3,4,4,1,3,3,4,3,2,2,3,3,4,2,2,1,4,1,2,4,3,4,3,3,4,3,1,2,3,1,3,2,1,2,2,1,1,3,4,2,4,2,4,1,1,2,3,3,3,3,4,1,4,4,4,2,1,2,3,1,2,2,4,2,2,3,3,2,2,2,4,4,4,3,1,4,4,2,4,1,3,4,3,4,3,3,4,4,3,1,1,1,1,4,2,3,1,1,2,2,4,3,3,2,2,2,4,3,2,1,3,3,1,1,3,3,2,4,4,2,1,1,1,1,2,3,2,1,2,4,4,1,2,4,3,1,2,1,4,3,4,1,3,2,4,3,1,2,1,1,2,3,3,2,2,1,1,4,2,4,2,4,1,1,3,4,2,4,1,3,4,1,2,3,1,2,4,2,2,2,3,1,1,2,4,4,1,4,2,1,1,4,1,3,2,3,1,4,3,3,3,4,4,1,4,3,1,4,2,4,4,1,1,1,2,2,4,4,1,1,2,2,1,4,2,1,1,1,2,4,2,4,2,1,1,3,1,4,1,3,1,1,2,4,3,2,3,1,3,2,1,2,4,4,4,3,4,3,3,2,1,1,2,4,2,2,1,3,2,2,3,1,4,2,4,4,2,4,2,3,3,3,3,1,3,2,2,2,4,2,1,1,1,1,1,1,3,1,4,1,2,2,4,1,3,3,3,3,1,4,3,1,1,1,1,1,2,1,1,1,2,2,4,4,1,3,1,4,3,3,4,1,4,3,2,1,4,4,4,2,2,1,1,1,4,2,1,2,3,1,2,1,2,2,4,3,1,2,1,2,3,2,2,1,3,2,1,2,1,3,4,3,1,3,1,1,3,4,3,1,4,1,4,3,3,1,4,1,4,1,3,2,1,2,3,2,4,2,1,2,4,3,4,1,4,2,2,4,2,2,1,1,1,3,3,1,4,4,4,1,3,2,4,1,1,2,3,3,1,2,3,2,2,1,2,2,2,4,2,2,1,3,3,2,1,1,2,2,3,3,3,2,3,1,4,4,4,1,4,2,2,4,4,3,1,3,1,3,2,1,4,1,1,3,4,3,4,3,1,3,3,1,1,1,4,1,3,3,1,1,3,1,1,4,1,4,2,4,1,1,3,1,1,1,4,4,2,4,3,4,1,4,1,3,2,2,2,2,1,1,4,1,2,1,3,3,3,2,4,1,4,1,2,3,2,3,4,4,2,2,1,4,3,4,1,2,3,1,2,3,1,2,4,2,2,1,1,1,2,2,4,1,4,3,4,1,3,2,2,3,1,4,2,3,4,4,2,1,1,3,3,1,3,1,2,4,3,2,1,3,2,3,2,1,4,2,1,3,4,4,3,4,3,3,1,3,1,2,2,3,1,2,1,2,3,2,3,3,2,3,1,1,1,4,2,2,4,2,1,4,4,1,2,3,3,2,3,4,3,2,2,2,4,2,3,2,2,2,4,4,4,4,1,1,3,2,4,4,2,2,1,2,1,2,2,4,4,1,2,4,1,4,3,1,3,2,1,3,2,1,2,3,1,2,2,4,3,1,1,2,3,2,2,1,2,1,1,4,1,4,2,1,1,4,4,1,3,3,4,1,2,2,3,3,2,4,1,3,1,4,4,3,4,2,4,3,4,4,3,3,1,2,3,4,1,4,2,4,1,2,4,1,4,2,4,4,1,4,3,2,1,3,3,2,1,3,4,3,2,3,1,3,3,2,3,3,1,2,2,2,2,4,4,4,2,2,4,2,3,1,2,3,3,4,1,2,2,1,3,2,2,1,3,3,3,2,3,1,4,4,1,1,1,3,1,2,4,2,2,3,3,4,3,3,4,1,4,4,1,1,4,1,1,4,1,2,3,3,4,3,2,1,4,3,2,1,1,2,3,4,1,4,1,1,1,3,3,2,4,4,2,3,4,2,1,4,3,4,1,3,3,2,3,2,3,1,1,1,1,1,4,1,3,2,4,3,1,1,3,4,2,2,2,2,1,4,1,4,2,3,3,1,3,1,1,4,2,2,2,2,4,2,2,3,2,2,1,1,2,1,3,3,3,4,3,2,3,3,3,3,1,3,3,1,1,4,2,4,1,1,1,4,3,2,2,3,2,3,4,1,3,3,1,1,2,3,1,2,4,3,4,1,1,3,4,1,3,3,3,1,1,3,2,3,3,3,2,4,1,1,4,3,3,1,3,4,1,2,3,4,1,1,2,3,2,4,1,1,2,2,2,3,1,3,4,3,2,4,4,3,3,2,2,4,2,1,1,4,3,3,1,3,2,1,4,3,4,4,3,3,1,1,4,4,1,4,2,3,3,2,1,1,4,4,1,4,2,3,2,3,3,4,4,3,4,2,1,4,4,4,1,2,3,2,4,1,2,4,4,3,1,3,2,3,2,4,1,1,4,1,3,2,2,2,3,2,1,2,3,1,4,1,3,1,2,3,4,2,3,3,4,4,3,4,4,2,3,1,2,3,3,2,4,1,1,3,3,1,3,1,4,1,1,1,3,4,2,2,1,3,2,2,1,1,3,2,1,4,4,4,1,3,4,4,4,1,1,1,4,1,1,3,1,2,1,1,2,2,1,3,4,2,3,1,1,2,2,3,1,2,2,4,2,3,1,2,4,2,1,1,1,4,1,1,2,2,3,2,1,1,3,1,3,3,1,2,2,2,3,2,3,4,3,1,1,2,1,2,4,3,1,2,4,1,3,4,3,4,4,3,2,3,3,1,3,3,1,2,3,1,2,2,3,2,3,2,2,2,3,2,4,1,1,4,2,1,4,2,3,3,1,1,4,1,2,4,2,1,3,2,4,3,1,2,1,2,3,4,1,3,3,4,4,3,2,3,3,2,1,3,2,1,2,2,2,1,1,3,3,3,3,3,1,4,2,3,2,2,3,2,2,4,2,2,4,2,2,2,2,2,2,1,4,1,1,4,4,2,3,3,1,2,3,4,4,3,2,2,1,4,2,4,1,2,2,3,4,2,1,4,2,4,1,3,3,1,4,1,3,4,4,2,2,2,2,2,1,1,4,4,2,3,3,4,4,4,2,4,2,1,4,3,2,1,1,2,2,1,1,1,2,4,1,1,3,4,2,1,2,4,4,4,3,1,4,2,3,4,4,2,3,2,1,4,2,3,1,4,4,3,2,2,4,1,2,3,4,1,3,1,1,4,1,2,2,1,4,4,1,2,2,4,4,3,3,1,1,4,4,3,1"
125,0.9875909492720556,0.4509803921568627,2338.0,"3,1,1,3,1,3,4,4,4,3,1,1,1,1,1,1,3,2,1,3,3,3,3,1,4,4,3,2,1,2,4,2,3,2,1,3,1,4,4,1,2,2,1,3,1,2,4,4,1,2,4,1,2,1,4,2,3,4,3,4,3,3,1,1,2,1,1,2,1,4,3,3,1,1,2,1,4,3,2,2,2,1,1,1,2,2,3,3,1,1,3,4,3,1,1,1,1,3,1,1,3,4,3,1,1,2,1,4,1,3,1,1,2,1,1,3,4,2,4,4,1,2,3,4,1,3,4,1,4,2,2,1,3,1,4,3,2,3,2,3,3,3,4,4,1,1,2,4,2,1,2,1,4,3,4,2,2,4,4,1,2,2,4,3,2,3,4,4,1,2,3,1,2,1,4,2,1,1,3,1,2,2,3,2,4,2,2,1,1,2,3,1,3,2,2,4,1,2,4,1,2,2,1,1,1,2,2,4,3,1,2,2,1,3,1,3,2,3,4,2,4,1,1,1,3,2,1,1,2,1,4,2,2,2,4,2,4,2,3,1,3,1,4,3,2,1,1,3,4,3,4,4,1,3,3,4,3,2,2,3,3,4,2,2,1,4,1,2,4,3,4,3,3,4,3,1,2,3,1,3,2,1,2,2,1,1,3,4,2,4,2,4,1,1,2,3,3,3,3,4,1,4,4,4,2,1,2,3,1,2,2,4,2,2,3,3,2,2,2,4,4,4,3,1,4,4,2,4,1,3,4,3,4,3,3,4,4,3,1,1,1,1,4,2,3,1,1,2,2,4,3,3,2,2,2,4,3,2,1,3,3,1,1,3,3,2,4,4,2,1,1,1,1,2,3,2,1,2,4,4,1,2,4,3,1,2,1,4,3,4,1,3,2,4,3,1,2,1,1,2,3,3,2,2,1,1,4,2,4,2,4,1,1,3,4,2,4,1,3,4,1,2,3,1,2,4,2,2,2,3,1,1,2,4,4,1,4,2,1,1,4,1,3,2,3,1,4,3,3,3,4,4,1,4,3,1,4,2,4,4,1,1,1,2,2,4,4,1,1,2,2,1,4,2,1,1,1,2,4,2,4,2,1,1,3,1,4,1,3,1,1,2,4,3,2,3,1,3,2,1,2,4,4,4,3,4,3,3,2,1,1,2,4,2,2,1,3,2,2,3,1,4,2,4,4,2,4,2,3,3,3,3,1,3,2,2,2,4,2,1,1,1,1,1,1,3,1,4,1,2,2,4,1,3,3,3,3,1,4,3,1,1,1,1,1,2,1,1,1,2,2,4,4,1,3,1,4,3,3,4,1,4,3,2,1,4,4,4,2,2,1,1,1,4,2,1,2,3,1,2,1,2,2,4,3,1,2,1,2,3,2,2,1,3,2,1,2,1,3,4,3,1,3,1,1,3,4,3,1,4,1,4,3,3,1,4,1,4,1,3,2,1,2,3,2,4,2,1,2,4,3,4,1,4,2,2,4,2,2,1,1,1,3,3,1,4,4,4,1,3,2,4,1,1,2,3,3,1,2,3,2,2,1,2,2,2,4,2,2,1,3,3,2,1,1,2,2,3,3,3,2,3,1,4,4,4,1,4,2,2,4,4,3,1,3,1,3,2,1,4,1,1,3,4,3,4,3,1,3,3,1,1,1,4,1,3,3,1,1,3,1,1,4,1,4,2,4,1,1,3,1,1,1,4,4,2,4,3,4,1,4,1,3,2,2,2,2,1,1,4,1,2,1,3,3,3,2,4,1,4,1,2,3,2,3,4,4,2,2,1,4,3,4,1,2,3,1,2,3,1,2,4,2,2,1,1,1,2,2,4,1,4,3,4,1,3,2,2,3,1,4,2,3,4,4,2,1,1,3,3,1,3,1,2,4,3,2,1,3,2,3,2,1,4,2,1,3,4,4,3,4,3,3,1,3,1,2,2,3,1,2,1,2,3,2,3,3,2,3,1,1,1,4,2,2,4,2,1,4,4,1,2,3,3,2,3,4,3,2,2,2,4,2,3,2,2,2,4,4,4,4,1,1,3,2,4,4,2,2,1,2,1,2,2,4,4,1,2,4,1,4,3,1,3,2,1,3,2,1,2,3,1,2,2,4,3,1,1,2,3,2,2,1,2,1,1,4,1,4,2,1,1,4,4,1,3,3,4,1,2,2,3,3,2,4,1,3,1,4,4,3,4,2,4,3,4,4,3,3,1,2,3,4,1,4,2,4,1,2,4,1,4,2,4,4,1,4,3,2,1,3,3,2,1,3,4,3,2,3,1,3,3,2,3,3,1,2,2,2,2,4,4,4,2,2,4,2,3,1,2,3,3,4,1,2,2,1,3,2,2,1,3,3,3,2,3,1,4,4,1,1,1,3,1,2,4,2,2,3,3,4,3,3,4,1,4,4,1,1,4,1,1,4,1,2,3,3,4,3,2,1,4,3,2,1,1,2,3,4,1,4,1,1,1,3,3,2,4,4,2,3,4,2,1,4,3,4,1,3,3,2,3,2,3,1,1,1,1,1,4,1,3,2,4,3,1,1,3,4,2,2,2,2,1,4,1,4,2,3,3,1,3,1,1,4,2,2,2,2,4,2,2,3,2,2,1,1,2,1,3,3,3,4,3,2,3,3,3,3,1,3,3,1,1,4,2,4,1,1,1,4,3,2,2,3,2,3,4,1,3,3,1,1,2,3,1,2,4,3,4,1,1,3,4,1,3,3,3,1,1,3,2,3,3,3,2,4,1,1,4,3,3,1,3,4,1,2,3,4,1,1,2,3,2,4,1,1,2,2,2,3,1,3,4,3,2,4,4,3,3,2,2,4,2,1,1,4,3,3,1,3,2,1,4,3,4,4,3,3,1,1,4,4,1,4,2,3,3,2,1,1,4,4,1,4,2,3,2,3,3,4,4,3,4,2,1,4,4,4,1,2,3,2,4,1,2,4,4,3,1,3,2,3,2,4,1,1,4,1,3,2,2,2,3,2,1,2,3,1,4,1,3,1,2,3,4,2,3,3,4,4,3,4,4,2,3,1,2,3,3,2,4,1,1,3,3,1,3,1,4,1,1,1,3,4,2,2,1,3,2,2,1,1,3,2,1,4,4,4,1,3,4,4,4,1,1,1,4,1,1,3,1,2,1,1,2,2,1,3,4,2,3,1,1,2,2,3,1,2,2,4,2,3,1,2,4,2,1,1,1,4,1,1,2,2,3,2,1,1,3,1,3,3,1,2,2,2,3,2,3,4,3,1,1,2,1,2,4,3,1,2,4,1,3,4,3,4,4,3,2,3,3,1,3,3,1,2,3,1,2,2,3,2,3,2,2,2,3,2,4,1,1,4,2,1,4,2,3,3,1,1,4,1,2,4,2,1,3,2,4,3,1,2,1,2,3,4,1,3,3,4,4,3,2,3,3,2,1,3,2,1,2,2,2,1,1,3,3,3,3,3,1,4,2,3,2,2,3,2,2,4,2,2,4,2,2,2,2,2,2,1,4,1,1,4,4,2,3,3,1,2,3,4,4,3,2,2,1,4,2,4,1,2,2,3,4,2,1,4,2,4,1,3,3,1,4,1,3,4,4,2,2,2,2,2,1,1,4,4,2,3,3,4,4,4,2,4,2,1,4,3,2,1,1,2,2,1,1,1,2,4,1,1,3,4,2,1,2,4,4,4,3,1,4,2,3,4,4,2,3,2,1,4,2,3,1,4,4,3,2,2,4,1,2,3,4,1,3,1,1,4,1,2,2,1,4,4,1,2,2,4,4,3,3,1,1,4,4,3,1"
126,0.9875909492720556,0.4509803921568627,2338.0,"3,1,1,3,1,3,4,4,4,3,1,1,1,1,1,1,3,2,1,3,3,3,3,1,4,4,3,2,1,2,4,2,3,2,1,3,1,4,4,1,2,2,1,3,1,2,4,4,1,2,4,1,2,1,4,2,3,4,3,4,3,3,1,1,2,1,1,2,1,4,3,3,1,1,2,1,4,3,2,2,2,1,1,1,2,2,3,3,1,1,3,4,3,1,1,1,1,3,1,1,3,4,3,1,1,2,1,4,1,3,1,1,2,1,1,3,4,2,4,4,1,2,3,4,1,3,4,1,4,2,2,1,3,1,4,3,2,3,2,3,3,3,4,4,1,1,2,4,2,1,2,1,4,3,4,2,2,4,4,1,2,2,4,3,2,3,4,4,1,2,3,1,2,1,4,2,1,1,3,1,2,2,3,2,4,2,2,1,1,2,3,1,3,2,2,4,1,2,4,1,2,2,1,1,1,2,2,4,3,1,2,2,1,3,1,3,2,3,4,2,4,1,1,1,3,2,1,1,2,1,4,2,2,2,4,2,4,2,3,1,3,1,4,3,2,1,1,3,4,3,4,4,1,3,3,4,3,2,2,3,3,4,2,2,1,4,1,2,4,3,4,3,3,4,3,1,2,3,1,3,2,1,2,2,1,1,3,4,2,4,2,4,1,1,2,3,3,3,3,4,1,4,4,4,2,1,2,3,1,2,2,4,2,2,3,3,2,2,2,4,4,4,3,1,4,4,2,4,1,3,4,3,4,3,3,4,4,3,1,1,1,1,4,2,3,1,1,2,2,4,3,3,2,2,2,4,3,2,1,3,3,1,1,3,3,2,4,4,2,1,1,1,1,2,3,2,1,2,4,4,1,2,4,3,1,2,1,4,3,4,1,3,2,4,3,1,2,1,1,2,3,3,2,2,1,1,4,2,4,2,4,1,1,3,4,2,4,1,3,4,1,2,3,1,2,4,2,2,2,3,1,1,2,4,4,1,4,2,1,1,4,1,3,2,3,1,4,3,3,3,4,4,1,4,3,1,4,2,4,4,1,1,1,2,2,4,4,1,1,2,2,1,4,2,1,1,1,2,4,2,4,2,1,1,3,1,4,1,3,1,1,2,4,3,2,3,1,3,2,1,2,4,4,4,3,4,3,3,2,1,1,2,4,2,2,1,3,2,2,3,1,4,2,4,4,2,4,2,3,3,3,3,1,3,2,2,2,4,2,1,1,1,1,1,1,3,1,4,1,2,2,4,1,3,3,3,3,1,4,3,1,1,1,1,1,2,1,1,1,2,2,4,4,1,3,1,4,3,3,4,1,4,3,2,1,4,4,4,2,2,1,1,1,4,2,1,2,3,1,2,1,2,2,4,3,1,2,1,2,3,2,2,1,3,2,1,2,1,3,4,3,1,3,1,1,3,4,3,1,4,1,4,3,3,1,4,1,4,1,3,2,1,2,3,2,4,2,1,2,4,3,4,1,4,2,2,4,2,2,1,1,1,3,3,1,4,4,4,1,3,2,4,1,1,2,3,3,1,2,3,2,2,1,2,2,2,4,2,2,1,3,3,2,1,1,2,2,3,3,3,2,3,1,4,4,4,1,4,2,2,4,4,3,1,3,1,3,2,1,4,1,1,3,4,3,4,3,1,3,3,1,1,1,4,1,3,3,1,1,3,1,1,4,1,4,2,4,1,1,3,1,1,1,4,4,2,4,3,4,1,4,1,3,2,2,2,2,1,1,4,1,2,1,3,3,3,2,4,1,4,1,2,3,2,3,4,4,2,2,1,4,3,4,1,2,3,1,2,3,1,2,4,2,2,1,1,1,2,2,4,1,4,3,4,1,3,2,2,3,1,4,2,3,4,4,2,1,1,3,3,1,3,1,2,4,3,2,1,3,2,3,2,1,4,2,1,3,4,4,3,4,3,3,1,3,1,2,2,3,1,2,1,2,3,2,3,3,2,3,1,1,1,4,2,2,4,2,1,4,4,1,2,3,3,2,3,4,3,2,2,2,4,2,3,2,2,2,4,4,4,4,1,1,3,2,4,4,2,2,1,2,1,2,2,4,4,1,2,4,1,4,3,1,3,2,1,3,2,1,2,3,1,2,2,4,3,1,1,2,3,2,2,1,2,1,1,4,1,4,2,1,1,4,4,1,3,3,4,1,2,2,3,3,2,4,1,3,1,4,4,3,4,2,4,3,4,4,3,3,1,2,3,4,1,4,2,4,1,2,4,1,4,2,4,4,1,4,3,2,1,3,3,2,1,3,4,3,2,3,1,3,3,2,3,3,1,2,2,2,2,4,4,4,2,2,4,2,3,1,2,3,3,4,1,2,2,1,3,2,2,1,3,3,3,2,3,1,4,4,1,1,1,3,1,2,4,2,2,3,3,4,3,3,4,1,4,4,1,1,4,1,1,4,1,2,3,3,4,3,2,1,4,3,2,1,1,2,3,4,1,4,1,1,1,3,3,2,4,4,2,3,4,2,1,4,3,4,1,3,3,2,3,2,3,1,1,1,1,1,4,1,3,2,4,3,1,1,3,4,2,2,2,2,1,4,1,4,2,3,3,1,3,1,1,4,2,2,2,2,4,2,2,3,2,2,1,1,2,1,3,3,3,4,3,2,3,3,3,3,1,3,3,1,1,4,2,4,1,1,1,4,3,2,2,3,2,3,4,1,3,3,1,1,2,3,1,2,4,3,4,1,1,3,4,1,3,3,3,1,1,3,2,3,3,3,2,4,1,1,4,3,3,1,3,4,1,2,3,4,1,1,2,3,2,4,1,1,2,2,2,3,1,3,4,3,2,4,4,3,3,2,2,4,2,1,1,4,3,3,1,3,2,1,4,3,4,4,3,3,1,1,4,4,1,4,2,3,3,2,1,1,4,4,1,4,2,3,2,3,3,4,4,3,4,2,1,4,4,4,1,2,3,2,4,1,2,4,4,3,1,3,2,3,2,4,1,1,4,1,3,2,2,2,3,2,1,2,3,1,4,1,3,1,2,3,4,2,3,3,4,4,3,4,4,2,3,1,2,3,3,2,4,1,1,3,3,1,3,1,4,1,1,1,3,4,2,2,1,3,2,2,1,1,3,2,1,4,4,4,1,3,4,4,4,1,1,1,4,1,1,3,1,2,1,1,2,2,1,3,4,2,3,1,1,2,2,3,1,2,2,4,2,3,1,2,4,2,1,1,1,4,1,1,2,2,3,2,1,1,3,1,3,3,1,2,2,2,3,2,3,4,3,1,1,2,1,2,4,3,1,2,4,1,3,4,3,4,4,3,2,3,3,1,3,3,1,2,3,1,2,2,3,2,3,2,2,2,3,2,4,1,1,4,2,1,4,2,3,3,1,1,4,1,2,4,2,1,3,2,4,3,1,2,1,2,3,4,1,3,3,4,4,3,2,3,3,2,1,3,2,1,2,2,2,1,1,3,3,3,3,3,1,4,2,3,2,2,3,2,2,4,2,2,4,2,2,2,2,2,2,1,4,1,1,4,4,2,3,3,1,2,3,4,4,3,2,2,1,4,2,4,1,2,2,3,4,2,1,4,2,4,1,3,3,1,4,1,3,4,4,2,2,2,2,2,1,1,4,4,2,3,3,4,4,4,2,4,2,1,4,3,2,1,1,2,2,1,1,1,2,4,1,1,3,4,2,1,2,4,4,4,3,1,4,2,3,4,4,2,3,2,1,4,2,3,1,4,4,3,2,2,4,1,2,3,4,1,3,1,1,4,1,2,2,1,4,4,1,2,2,4,4,3,3,1,1,4,4,3,1"
127,0.9875909492720556,0.4509803921568627,2338.0,"3,1,1,3,1,3,4,4,4,3,1,1,1,1,1,1,3,2,1,3,3,3,3,1,4,4,3,2,1,2,4,2,3,2,1,3,1,4,4,1,2,2,1,3,1,2,4,4,1,2,4,1,2,1,4,2,3,4,3,4,3,3,1,1,2,1,1,2,1,4,3,3,1,1,2,1,4,3,2,2,2,1,1,1,2,2,3,3,1,1,3,4,3,1,1,1,1,3,1,1,3,4,3,1,1,2,1,4,1,3,1,1,2,1,1,3,4,2,4,4,1,2,3,4,1,3,4,1,4,2,2,1,3,1,4,3,2,3,2,3,3,3,4,4,1,1,2,4,2,1,2,1,4,3,4,2,2,4,4,1,2,2,4,3,2,3,4,4,1,2,3,1,2,1,4,2,1,1,3,1,2,2,3,2,4,2,2,1,1,2,3,1,3,2,2,4,1,2,4,1,2,2,1,1,1,2,2,4,3,1,2,2,1,3,1,3,2,3,4,2,4,1,1,1,3,2,1,1,2,1,4,2,2,2,4,2,4,2,3,1,3,1,4,3,2,1,1,3,4,3,4,4,1,3,3,4,3,2,2,3,3,4,2,2,1,4,1,2,4,3,4,3,3,4,3,1,2,3,1,3,2,1,2,2,1,1,3,4,2,4,2,4,1,1,2,3,3,3,3,4,1,4,4,4,2,1,2,3,1,2,2,4,2,2,3,3,2,2,2,4,4,4,3,1,4,4,2,4,1,3,4,3,4,3,3,4,4,3,1,1,1,1,4,2,3,1,1,2,2,4,3,3,2,2,2,4,3,2,1,3,3,1,1,3,3,2,4,4,2,1,1,1,1,2,3,2,1,2,4,4,1,2,4,3,1,2,1,4,3,4,1,3,2,4,3,1,2,1,1,2,3,3,2,2,1,1,4,2,4,2,4,1,1,3,4,2,4,1,3,4,1,2,3,1,2,4,2,2,2,3,1,1,2,4,4,1,4,2,1,1,4,1,3,2,3,1,4,3,3,3,4,4,1,4,3,1,4,2,4,4,1,1,1,2,2,4,4,1,1,2,2,1,4,2,1,1,1,2,4,2,4,2,1,1,3,1,4,1,3,1,1,2,4,3,2,3,1,3,2,1,2,4,4,4,3,4,3,3,2,1,1,2,4,2,2,1,3,2,2,3,1,4,2,4,4,2,4,2,3,3,3,3,1,3,2,2,2,4,2,1,1,1,1,1,1,3,1,4,1,2,2,4,1,3,3,3,3,1,4,3,1,1,1,1,1,2,1,1,1,2,2,4,4,1,3,1,4,3,3,4,1,4,3,2,1,4,4,4,2,2,1,1,1,4,2,1,2,3,1,2,1,2,2,4,3,1,2,1,2,3,2,2,1,3,2,1,2,1,3,4,3,1,3,1,1,3,4,3,1,4,1,4,3,3,1,4,1,4,1,3,2,1,2,3,2,4,2,1,2,4,3,4,1,4,2,2,4,2,2,1,1,1,3,3,1,4,4,4,1,3,2,4,1,1,2,3,3,1,2,3,2,2,1,2,2,2,4,2,2,1,3,3,2,1,1,2,2,3,3,3,2,3,1,4,4,4,1,4,2,2,4,4,3,1,3,1,3,2,1,4,1,1,3,4,3,4,3,1,3,3,1,1,1,4,1,3,3,1,1,3,1,1,4,1,4,2,4,1,1,3,1,1,1,4,4,2,4,3,4,1,4,1,3,2,2,2,2,1,1,4,1,2,1,3,3,3,2,4,1,4,1,2,3,2,3,4,4,2,2,1,4,3,4,1,2,3,1,2,3,1,2,4,2,2,1,1,1,2,2,4,1,4,3,4,1,3,2,2,3,1,4,2,3,4,4,2,1,1,3,3,1,3,1,2,4,3,2,1,3,2,3,2,1,4,2,1,3,4,4,3,4,3,3,1,3,1,2,2,3,1,2,1,2,3,2,3,3,2,3,1,1,1,4,2,2,4,2,1,4,4,1,2,3,3,2,3,4,3,2,2,2,4,2,3,2,2,2,4,4,4,4,1,1,3,2,4,4,2,2,1,2,1,2,2,4,4,1,2,4,1,4,3,1,3,2,1,3,2,1,2,3,1,2,2,4,3,1,1,2,3,2,2,1,2,1,1,4,1,4,2,1,1,4,4,1,3,3,4,1,2,2,3,3,2,4,1,3,1,4,4,3,4,2,4,3,4,4,3,3,1,2,3,4,1,4,2,4,1,2,4,1,4,2,4,4,1,4,3,2,1,3,3,2,1,3,4,3,2,3,1,3,3,2,3,3,1,2,2,2,2,4,4,4,2,2,4,2,3,1,2,3,3,4,1,2,2,1,3,2,2,1,3,3,3,2,3,1,4,4,1,1,1,3,1,2,4,2,2,3,3,4,3,3,4,1,4,4,1,1,4,1,1,4,1,2,3,3,4,3,2,1,4,3,2,1,1,2,3,4,1,4,1,1,1,3,3,2,4,4,2,3,4,2,1,4,3,4,1,3,3,2,3,2,3,1,1,1,1,1,4,1,3,2,4,3,1,1,3,4,2,2,2,2,1,4,1,4,2,3,3,1,3,1,1,4,2,2,2,2,4,2,2,3,2,2,1,1,2,1,3,3,3,4,3,2,3,3,3,3,1,3,3,1,1,4,2,4,1,1,1,4,3,2,2,3,2,3,4,1,3,3,1,1,2,3,1,2,4,3,4,1,1,3,4,1,3,3,3,1,1,3,2,3,3,3,2,4,1,1,4,3,3,1,3,4,1,2,3,4,1,1,2,3,2,4,1,1,2,2,2,3,1,3,4,3,2,4,4,3,3,2,2,4,2,1,1,4,3,3,1,3,2,1,4,3,4,4,3,3,1,1,4,4,1,4,2,3,3,2,1,1,4,4,1,4,2,3,2,3,3,4,4,3,4,2,1,4,4,4,1,2,3,2,4,1,2,4,4,3,1,3,2,3,2,4,1,1,4,1,3,2,2,2,3,2,1,2,3,1,4,1,3,1,2,3,4,2,3,3,4,4,3,4,4,2,3,1,2,3,3,2,4,1,1,3,3,1,3,1,4,1,1,1,3,4,2,2,1,3,2,2,1,1,3,2,1,4,4,4,1,3,4,4,4,1,1,1,4,1,1,3,1,2,1,1,2,2,1,3,4,2,3,1,1,2,2,3,1,2,2,4,2,3,1,2,4,2,1,1,1,4,1,1,2,2,3,2,1,1,3,1,3,3,1,2,2,2,3,2,3,4,3,1,1,2,1,2,4,3,1,2,4,1,3,4,3,4,4,3,2,3,3,1,3,3,1,2,3,1,2,2,3,2,3,2,2,2,3,2,4,1,1,4,2,1,4,2,3,3,1,1,4,1,2,4,2,1,3,2,4,3,1,2,1,2,3,4,1,3,3,4,4,3,2,3,3,2,1,3,2,1,2,2,2,1,1,3,3,3,3,3,1,4,2,3,2,2,3,2,2,4,2,2,4,2,2,2,2,2,2,1,4,1,1,4,4,2,3,3,1,2,3,4,4,3,2,2,1,4,2,4,1,2,2,3,4,2,1,4,2,4,1,3,3,1,4,1,3,4,4,2,2,2,2,2,1,1,4,4,2,3,3,4,4,4,2,4,2,1,4,3,2,1,1,2,2,1,1,1,2,4,1,1,3,4,2,1,2,4,4,4,3,1,4,2,3,4,4,2,3,2,1,4,2,3,1,4,4,3,2,2,4,1,2,3,4,1,3,1,1,4,1,2,2,1,4,4,1,2,2,4,4,3,3,1,1,4,4,3,1"
128,0.9875909492720556,0.4509803921568627,2338.0,"3,1,1,3,1,3,4,4,4,3,1,1,1,1,1,1,3,2,1,3,3,3,3,1,4,4,3,2,1,2,4,2,3,2,1,3,1,4,4,1,2,2,1,3,1,2,4,4,1,2,4,1,2,1,4,2,3,4,3,4,3,3,1,1,2,1,1,2,1,4,3,3,1,1,2,1,4,3,2,2,2,1,1,1,2,2,3,3,1,1,3,4,3,1,1,1,1,3,1,1,3,4,3,1,1,2,1,4,1,3,1,1,2,1,1,3,4,2,4,4,1,2,3,4,1,3,4,1,4,2,2,1,3,1,4,3,2,3,2,3,3,3,4,4,1,1,2,4,2,1,2,1,4,3,4,2,2,4,4,1,2,2,4,3,2,3,4,4,1,2,3,1,2,1,4,2,1,1,3,1,2,2,3,2,4,2,2,1,1,2,3,1,3,2,2,4,1,2,4,1,2,2,1,1,1,2,2,4,3,1,2,2,1,3,1,3,2,3,4,2,4,1,1,1,3,2,1,1,2,1,4,2,2,2,4,2,4,2,3,1,3,1,4,3,2,1,1,3,4,3,4,4,1,3,3,4,3,2,2,3,3,4,2,2,1,4,1,2,4,3,4,3,3,4,3,1,2,3,1,3,2,1,2,2,1,1,3,4,2,4,2,4,1,1,2,3,3,3,3,4,1,4,4,4,2,1,2,3,1,2,2,4,2,2,3,3,2,2,2,4,4,4,3,1,4,4,2,4,1,3,4,3,4,3,3,4,4,3,1,1,1,1,4,2,3,1,1,2,2,4,3,3,2,2,2,4,3,2,1,3,3,1,1,3,3,2,4,4,2,1,1,1,1,2,3,2,1,2,4,4,1,2,4,3,1,2,1,4,3,4,1,3,2,4,3,1,2,1,1,2,3,3,2,2,1,1,4,2,4,2,4,1,1,3,4,2,4,1,3,4,1,2,3,1,2,4,2,2,2,3,1,1,2,4,4,1,4,2,1,1,4,1,3,2,3,1,4,3,3,3,4,4,1,4,3,1,4,2,4,4,1,1,1,2,2,4,4,1,1,2,2,1,4,2,1,1,1,2,4,2,4,2,1,1,3,1,4,1,3,1,1,2,4,3,2,3,1,3,2,1,2,4,4,4,3,4,3,3,2,1,1,2,4,2,2,1,3,2,2,3,1,4,2,4,4,2,4,2,3,3,3,3,1,3,2,2,2,4,2,1,1,1,1,1,1,3,1,4,1,2,2,4,1,3,3,3,3,1,4,3,1,1,1,1,1,2,1,1,1,2,2,4,4,1,3,1,4,3,3,4,1,4,3,2,1,4,4,4,2,2,1,1,1,4,2,1,2,3,1,2,1,2,2,4,3,1,2,1,2,3,2,2,1,3,2,1,2,1,3,4,3,1,3,1,1,3,4,3,1,4,1,4,3,3,1,4,1,4,1,3,2,1,2,3,2,4,2,1,2,4,3,4,1,4,2,2,4,2,2,1,1,1,3,3,1,4,4,4,1,3,2,4,1,1,2,3,3,1,2,3,2,2,1,2,2,2,4,2,2,1,3,3,2,1,1,2,2,3,3,3,2,3,1,4,4,4,1,4,2,2,4,4,3,1,3,1,3,2,1,4,1,1,3,4,3,4,3,1,3,3,1,1,1,4,1,3,3,1,1,3,1,1,4,1,4,2,4,1,1,3,1,1,1,4,4,2,4,3,4,1,4,1,3,2,2,2,2,1,1,4,1,2,1,3,3,3,2,4,1,4,1,2,3,2,3,4,4,2,2,1,4,3,4,1,2,3,1,2,3,1,2,4,2,2,1,1,1,2,2,4,1,4,3,4,1,3,2,2,3,1,4,2,3,4,4,2,1,1,3,3,1,3,1,2,4,3,2,1,3,2,3,2,1,4,2,1,3,4,4,3,4,3,3,1,3,1,2,2,3,1,2,1,2,3,2,3,3,2,3,1,1,1,4,2,2,4,2,1,4,4,1,2,3,3,2,3,4,3,2,2,2,4,2,3,2,2,2,4,4,4,4,1,1,3,2,4,4,2,2,1,2,1,2,2,4,4,1,2,4,1,4,3,1,3,2,1,3,2,1,2,3,1,2,2,4,3,1,1,2,3,2,2,1,2,1,1,4,1,4,2,1,1,4,4,1,3,3,4,1,2,2,3,3,2,4,1,3,1,4,4,3,4,2,4,3,4,4,3,3,1,2,3,4,1,4,2,4,1,2,4,1,4,2,4,4,1,4,3,2,1,3,3,2,1,3,4,3,2,3,1,3,3,2,3,3,1,2,2,2,2,4,4,4,2,2,4,2,3,1,2,3,3,4,1,2,2,1,3,2,2,1,3,3,3,2,3,1,4,4,1,1,1,3,1,2,4,2,2,3,3,4,3,3,4,1,4,4,1,1,4,1,1,4,1,2,3,3,4,3,2,1,4,3,2,1,1,2,3,4,1,4,1,1,1,3,3,2,4,4,2,3,4,2,1,4,3,4,1,3,3,2,3,2,3,1,1,1,1,1,4,1,3,2,4,3,1,1,3,4,2,2,2,2,1,4,1,4,2,3,3,1,3,1,1,4,2,2,2,2,4,2,2,3,2,2,1,1,2,1,3,3,3,4,3,2,3,3,3,3,1,3,3,1,1,4,2,4,1,1,1,4,3,2,2,3,2,3,4,1,3,3,1,1,2,3,1,2,4,3,4,1,1,3,4,1,3,3,3,1,1,3,2,3,3,3,2,4,1,1,4,3,3,1,3,4,1,2,3,4,1,1,2,3,2,4,1,1,2,2,2,3,1,3,4,3,2,4,4,3,3,2,2,4,2,1,1,4,3,3,1,3,2,1,4,3,4,4,3,3,1,1,4,4,1,4,2,3,3,2,1,1,4,4,1,4,2,3,2,3,3,4,4,3,4,2,1,4,4,4,1,2,3,2,4,1,2,4,4,3,1,3,2,3,2,4,1,1,4,1,3,2,2,2,3,2,1,2,3,1,4,1,3,1,2,3,4,2,3,3,4,4,3,4,4,2,3,1,2,3,3,2,4,1,1,3,3,1,3,1,4,1,1,1,3,4,2,2,1,3,2,2,1,1,3,2,1,4,4,4,1,3,4,4,4,1,1,1,4,1,1,3,1,2,1,1,2,2,1,3,4,2,3,1,1,2,2,3,1,2,2,4,2,3,1,2,4,2,1,1,1,4,1,1,2,2,3,2,1,1,3,1,3,3,1,2,2,2,3,2,3,4,3,1,1,2,1,2,4,3,1,2,4,1,3,4,3,4,4,3,2,3,3,1,3,3,1,2,3,1,2,2,3,2,3,2,2,2,3,2,4,1,1,4,2,1,4,2,3,3,1,1,4,1,2,4,2,1,3,2,4,3,1,2,1,2,3,4,1,3,3,4,4,3,2,3,3,2,1,3,2,1,2,2,2,1,1,3,3,3,3,3,1,4,2,3,2,2,3,2,2,4,2,2,4,2,2,2,2,2,2,1,4,1,1,4,4,2,3,3,1,2,3,4,4,3,2,2,1,4,2,4,1,2,2,3,4,2,1,4,2,4,1,3,3,1,4,1,3,4,4,2,2,2,2,2,1,1,4,4,2,3,3,4,4,4,2,4,2,1,4,3,2,1,1,2,2,1,1,1,2,4,1,1,3,4,2,1,2,4,4,4,3,1,4,2,3,4,4,2,3,2,1,4,2,3,1,4,4,3,2,2,4,1,2,3,4,1,3,1,1,4,1,2,2,1,4,4,1,2,2,4,4,3,3,1,1,4,4,3,1"
129,0.9875909492720556,0.4509803921568627,2338.0,"3,1,1,3,1,3,4,4,4,3,1,1,1,1,1,1,3,2,1,3,3,3,3,1,4,4,3,2,1,2,4,2,3,2,1,3,1,4,4,1,2,2,1,3,1,2,4,4,1,2,4,1,2,1,4,2,3,4,3,4,3,3,1,1,2,1,1,2,1,4,3,3,1,1,2,1,4,3,2,2,2,1,1,1,2,2,3,3,1,1,3,4,3,1,1,1,1,3,1,1,3,4,3,1,1,2,1,4,1,3,1,1,2,1,1,3,4,2,4,4,1,2,3,4,1,3,4,1,4,2,2,1,3,1,4,3,2,3,2,3,3,3,4,4,1,1,2,4,2,1,2,1,4,3,4,2,2,4,4,1,2,2,4,3,2,3,4,4,1,2,3,1,2,1,4,2,1,1,3,1,2,2,3,2,4,2,2,1,1,2,3,1,3,2,2,4,1,2,4,1,2,2,1,1,1,2,2,4,3,1,2,2,1,3,1,3,2,3,4,2,4,1,1,1,3,2,1,1,2,1,4,2,2,2,4,2,4,2,3,1,3,1,4,3,2,1,1,3,4,3,4,4,1,3,3,4,3,2,2,3,3,4,2,2,1,4,1,2,4,3,4,3,3,4,3,1,2,3,1,3,2,1,2,2,1,1,3,4,2,4,2,4,1,1,2,3,3,3,3,4,1,4,4,4,2,1,2,3,1,2,2,4,2,2,3,3,2,2,2,4,4,4,3,1,4,4,2,4,1,3,4,3,4,3,3,4,4,3,1,1,1,1,4,2,3,1,1,2,2,4,3,3,2,2,2,4,3,2,1,3,3,1,1,3,3,2,4,4,2,1,1,1,1,2,3,2,1,2,4,4,1,2,4,3,1,2,1,4,3,4,1,3,2,4,3,1,2,1,1,2,3,3,2,2,1,1,4,2,4,2,4,1,1,3,4,2,4,1,3,4,1,2,3,1,2,4,2,2,2,3,1,1,2,4,4,1,4,2,1,1,4,1,3,2,3,1,4,3,3,3,4,4,1,4,3,1,4,2,4,4,1,1,1,2,2,4,4,1,1,2,2,1,4,2,1,1,1,2,4,2,4,2,1,1,3,1,4,1,3,1,1,2,4,3,2,3,1,3,2,1,2,4,4,4,3,4,3,3,2,1,1,2,4,2,2,1,3,2,2,3,1,4,2,4,4,2,4,2,3,3,3,3,1,3,2,2,2,4,2,1,1,1,1,1,1,3,1,4,1,2,2,4,1,3,3,3,3,1,4,3,1,1,1,1,1,2,1,1,1,2,2,4,4,1,3,1,4,3,3,4,1,4,3,2,1,4,4,4,2,2,1,1,1,4,2,1,2,3,1,2,1,2,2,4,3,1,2,1,2,3,2,2,1,3,2,1,2,1,3,4,3,1,3,1,1,3,4,3,1,4,1,4,3,3,1,4,1,4,1,3,2,1,2,3,2,4,2,1,2,4,3,4,1,4,2,2,4,2,2,1,1,1,3,3,1,4,4,4,1,3,2,4,1,1,2,3,3,1,2,3,2,2,1,2,2,2,4,2,2,1,3,3,2,1,1,2,2,3,3,3,2,3,1,4,4,4,1,4,2,2,4,4,3,1,3,1,3,2,1,4,1,1,3,4,3,4,3,1,3,3,1,1,1,4,1,3,3,1,1,3,1,1,4,1,4,2,4,1,1,3,1,1,1,4,4,2,4,3,4,1,4,1,3,2,2,2,2,1,1,4,1,2,1,3,3,3,2,4,1,4,1,2,3,2,3,4,4,2,2,1,4,3,4,1,2,3,1,2,3,1,2,4,2,2,1,1,1,2,2,4,1,4,3,4,1,3,2,2,3,1,4,2,3,4,4,2,1,1,3,3,1,3,1,2,4,3,2,1,3,2,3,2,1,4,2,1,3,4,4,3,4,3,3,1,3,1,2,2,3,1,2,1,2,3,2,3,3,2,3,1,1,1,4,2,2,4,2,1,4,4,1,2,3,3,2,3,4,3,2,2,2,4,2,3,2,2,2,4,4,4,4,1,1,3,2,4,4,2,2,1,2,1,2,2,4,4,1,2,4,1,4,3,1,3,2,1,3,2,1,2,3,1,2,2,4,3,1,1,2,3,2,2,1,2,1,1,4,1,4,2,1,1,4,4,1,3,3,4,1,2,2,3,3,2,4,1,3,1,4,4,3,4,2,4,3,4,4,3,3,1,2,3,4,1,4,2,4,1,2,4,1,4,2,4,4,1,4,3,2,1,3,3,2,1,3,4,3,2,3,1,3,3,2,3,3,1,2,2,2,2,4,4,4,2,2,4,2,3,1,2,3,3,4,1,2,2,1,3,2,2,1,3,3,3,2,3,1,4,4,1,1,1,3,1,2,4,2,2,3,3,4,3,3,4,1,4,4,1,1,4,1,1,4,1,2,3,3,4,3,2,1,4,3,2,1,1,2,3,4,1,4,1,1,1,3,3,2,4,4,2,3,4,2,1,4,3,4,1,3,3,2,3,2,3,1,1,1,1,1,4,1,3,2,4,3,1,1,3,4,2,2,2,2,1,4,1,4,2,3,3,1,3,1,1,4,2,2,2,2,4,2,2,3,2,2,1,1,2,1,3,3,3,4,3,2,3,3,3,3,1,3,3,1,1,4,2,4,1,1,1,4,3,2,2,3,2,3,4,1,3,3,1,1,2,3,1,2,4,3,4,1,1,3,4,1,3,3,3,1,1,3,2,3,3,3,2,4,1,1,4,3,3,1,3,4,1,2,3,4,1,1,2,3,2,4,1,1,2,2,2,3,1,3,4,3,2,4,4,3,3,2,2,4,2,1,1,4,3,3,1,3,2,1,4,3,4,4,3,3,1,1,4,4,1,4,2,3,3,2,1,1,4,4,1,4,2,3,2,3,3,4,4,3,4,2,1,4,4,4,1,2,3,2,4,1,2,4,4,3,1,3,2,3,2,4,1,1,4,1,3,2,2,2,3,2,1,2,3,1,4,1,3,1,2,3,4,2,3,3,4,4,3,4,4,2,3,1,2,3,3,2,4,1,1,3,3,1,3,1,4,1,1,1,3,4,2,2,1,3,2,2,1,1,3,2,1,4,4,4,1,3,4,4,4,1,1,1,4,1,1,3,1,2,1,1,2,2,1,3,4,2,3,1,1,2,2,3,1,2,2,4,2,3,1,2,4,2,1,1,1,4,1,1,2,2,3,2,1,1,3,1,3,3,1,2,2,2,3,2,3,4,3,1,1,2,1,2,4,3,1,2,4,1,3,4,3,4,4,3,2,3,3,1,3,3,1,2,3,1,2,2,3,2,3,2,2,2,3,2,4,1,1,4,2,1,4,2,3,3,1,1,4,1,2,4,2,1,3,2,4,3,1,2,1,2,3,4,1,3,3,4,4,3,2,3,3,2,1,3,2,1,2,2,2,1,1,3,3,3,3,3,1,4,2,3,2,2,3,2,2,4,2,2,4,2,2,2,2,2,2,1,4,1,1,4,4,2,3,3,1,2,3,4,4,3,2,2,1,4,2,4,1,2,2,3,4,2,1,4,2,4,1,3,3,1,4,1,3,4,4,2,2,2,2,2,1,1,4,4,2,3,3,4,4,4,2,4,2,1,4,3,2,1,1,2,2,1,1,1,2,4,1,1,3,4,2,1,2,4,4,4,3,1,4,2,3,4,4,2,3,2,1,4,2,3,1,4,4,3,2,2,4,1,2,3,4,1,3,1,1,4,1,2,2,1,4,4,1,2,2,4,4,3,3,1,1,4,4,3,1"
130,0.9875909492720556,0.4509803921568627,2338.0,"3,1,1,3,1,3,4,4,4,3,1,1,1,1,1,1,3,2,1,3,3,3,3,1,4,4,3,2,1,2,4,2,3,2,1,3,1,4,4,1,2,2,1,3,1,2,4,4,1,2,4,1,2,1,4,2,3,4,3,4,3,3,1,1,2,1,1,2,1,4,3,3,1,1,2,1,4,3,2,2,2,1,1,1,2,2,3,3,1,1,3,4,3,1,1,1,1,3,1,1,3,4,3,1,1,2,1,4,1,3,1,1,2,1,1,3,4,2,4,4,1,2,3,4,1,3,4,1,4,2,2,1,3,1,4,3,2,3,2,3,3,3,4,4,1,1,2,4,2,1,2,1,4,3,4,2,2,4,4,1,2,2,4,3,2,3,4,4,1,2,3,1,2,1,4,2,1,1,3,1,2,2,3,2,4,2,2,1,1,2,3,1,3,2,2,4,1,2,4,1,2,2,1,1,1,2,2,4,3,1,2,2,1,3,1,3,2,3,4,2,4,1,1,1,3,2,1,1,2,1,4,2,2,2,4,2,4,2,3,1,3,1,4,3,2,1,1,3,4,3,4,4,1,3,3,4,3,2,2,3,3,4,2,2,1,4,1,2,4,3,4,3,3,4,3,1,2,3,1,3,2,1,2,2,1,1,3,4,2,4,2,4,1,1,2,3,3,3,3,4,1,4,4,4,2,1,2,3,1,2,2,4,2,2,3,3,2,2,2,4,4,4,3,1,4,4,2,4,1,3,4,3,4,3,3,4,4,3,1,1,1,1,4,2,3,1,1,2,2,4,3,3,2,2,2,4,3,2,1,3,3,1,1,3,3,2,4,4,2,1,1,1,1,2,3,2,1,2,4,4,1,2,4,3,1,2,1,4,3,4,1,3,2,4,3,1,2,1,1,2,3,3,2,2,1,1,4,2,4,2,4,1,1,3,4,2,4,1,3,4,1,2,3,1,2,4,2,2,2,3,1,1,2,4,4,1,4,2,1,1,4,1,3,2,3,1,4,3,3,3,4,4,1,4,3,1,4,2,4,4,1,1,1,2,2,4,4,1,1,2,2,1,4,2,1,1,1,2,4,2,4,2,1,1,3,1,4,1,3,1,1,2,4,3,2,3,1,3,2,1,2,4,4,4,3,4,3,3,2,1,1,2,4,2,2,1,3,2,2,3,1,4,2,4,4,2,4,2,3,3,3,3,1,3,2,2,2,4,2,1,1,1,1,1,1,3,1,4,1,2,2,4,1,3,3,3,3,1,4,3,1,1,1,1,1,2,1,1,1,2,2,4,4,1,3,1,4,3,3,4,1,4,3,2,1,4,4,4,2,2,1,1,1,4,2,1,2,3,1,2,1,2,2,4,3,1,2,1,2,3,2,2,1,3,2,1,2,1,3,4,3,1,3,1,1,3,4,3,1,4,1,4,3,3,1,4,1,4,1,3,2,1,2,3,2,4,2,1,2,4,3,4,1,4,2,2,4,2,2,1,1,1,3,3,1,4,4,4,1,3,2,4,1,1,2,3,3,1,2,3,2,2,1,2,2,2,4,2,2,1,3,3,2,1,1,2,2,3,3,3,2,3,1,4,4,4,1,4,2,2,4,4,3,1,3,1,3,2,1,4,1,1,3,4,3,4,3,1,3,3,1,1,1,4,1,3,3,1,1,3,1,1,4,1,4,2,4,1,1,3,1,1,1,4,4,2,4,3,4,1,4,1,3,2,2,2,2,1,1,4,1,2,1,3,3,3,2,4,1,4,1,2,3,2,3,4,4,2,2,1,4,3,4,1,2,3,1,2,3,1,2,4,2,2,1,1,1,2,2,4,1,4,3,4,1,3,2,2,3,1,4,2,3,4,4,2,1,1,3,3,1,3,1,2,4,3,2,1,3,2,3,2,1,4,2,1,3,4,4,3,4,3,3,1,3,1,2,2,3,1,2,1,2,3,2,3,3,2,3,1,1,1,4,2,2,4,2,1,4,4,1,2,3,3,2,3,4,3,2,2,2,4,2,3,2,2,2,4,4,4,4,1,1,3,2,4,4,2,2,1,2,1,2,2,4,4,1,2,4,1,4,3,1,3,2,1,3,2,1,2,3,1,2,2,4,3,1,1,2,3,2,2,1,2,1,1,4,1,4,2,1,1,4,4,1,3,3,4,1,2,2,3,3,2,4,1,3,1,4,4,3,4,2,4,3,4,4,3,3,1,2,3,4,1,4,2,4,1,2,4,1,4,2,4,4,1,4,3,2,1,3,3,2,1,3,4,3,2,3,1,3,3,2,3,3,1,2,2,2,2,4,4,4,2,2,4,2,3,1,2,3,3,4,1,2,2,1,3,2,2,1,3,3,3,2,3,1,4,4,1,1,1,3,1,2,4,2,2,3,3,4,3,3,4,1,4,4,1,1,4,1,1,4,1,2,3,3,4,3,2,1,4,3,2,1,1,2,3,4,1,4,1,1,1,3,3,2,4,4,2,3,4,2,1,4,3,4,1,3,3,2,3,2,3,1,1,1,1,1,4,1,3,2,4,3,1,1,3,4,2,2,2,2,1,4,1,4,2,3,3,1,3,1,1,4,2,2,2,2,4,2,2,3,2,2,1,1,2,1,3,3,3,4,3,2,3,3,3,3,1,3,3,1,1,4,2,4,1,1,1,4,3,2,2,3,2,3,4,1,3,3,1,1,2,3,1,2,4,3,4,1,1,3,4,1,3,3,3,1,1,3,2,3,3,3,2,4,1,1,4,3,3,1,3,4,1,2,3,4,1,1,2,3,2,4,1,1,2,2,2,3,1,3,4,3,2,4,4,3,3,2,2,4,2,1,1,4,3,3,1,3,2,1,4,3,4,4,3,3,1,1,4,4,1,4,2,3,3,2,1,1,4,4,1,4,2,3,2,3,3,4,4,3,4,2,1,4,4,4,1,2,3,2,4,1,2,4,4,3,1,3,2,3,2,4,1,1,4,1,3,2,2,2,3,2,1,2,3,1,4,1,3,1,2,3,4,2,3,3,4,4,3,4,4,2,3,1,2,3,3,2,4,1,1,3,3,1,3,1,4,1,1,1,3,4,2,2,1,3,2,2,1,1,3,2,1,4,4,4,1,3,4,4,4,1,1,1,4,1,1,3,1,2,1,1,2,2,1,3,4,2,3,1,1,2,2,3,1,2,2,4,2,3,1,2,4,2,1,1,1,4,1,1,2,2,3,2,1,1,3,1,3,3,1,2,2,2,3,2,3,4,3,1,1,2,1,2,4,3,1,2,4,1,3,4,3,4,4,3,2,3,3,1,3,3,1,2,3,1,2,2,3,2,3,2,2,2,3,2,4,1,1,4,2,1,4,2,3,3,1,1,4,1,2,4,2,1,3,2,4,3,1,2,1,2,3,4,1,3,3,4,4,3,2,3,3,2,1,3,2,1,2,2,2,1,1,3,3,3,3,3,1,4,2,3,2,2,3,2,2,4,2,2,4,2,2,2,2,2,2,1,4,1,1,4,4,2,3,3,1,2,3,4,4,3,2,2,1,4,2,4,1,2,2,3,4,2,1,4,2,4,1,3,3,1,4,1,3,4,4,2,2,2,2,2,1,1,4,4,2,3,3,4,4,4,2,4,2,1,4,3,2,1,1,2,2,1,1,1,2,4,1,1,3,4,2,1,2,4,4,4,3,1,4,2,3,4,4,2,3,2,1,4,2,3,1,4,4,3,2,2,4,1,2,3,4,1,3,1,1,4,1,2,2,1,4,4,1,2,2,4,4,3,3,1,1,4,4,3,1"
131,0.9875909492720556,0.4509803921568627,2338.0,"3,1,1,3,1,3,4,4,4,3,1,1,1,1,1,1,3,2,1,3,3,3,3,1,4,4,3,2,1,2,4,2,3,2,1,3,1,4,4,1,2,2,1,3,1,2,4,4,1,2,4,1,2,1,4,2,3,4,3,4,3,3,1,1,2,1,1,2,1,4,3,3,1,1,2,1,4,3,2,2,2,1,1,1,2,2,3,3,1,1,3,4,3,1,1,1,1,3,1,1,3,4,3,1,1,2,1,4,1,3,1,1,2,1,1,3,4,2,4,4,1,2,3,4,1,3,4,1,4,2,2,1,3,1,4,3,2,3,2,3,3,3,4,4,1,1,2,4,2,1,2,1,4,3,4,2,2,4,4,1,2,2,4,3,2,3,4,4,1,2,3,1,2,1,4,2,1,1,3,1,2,2,3,2,4,2,2,1,1,2,3,1,3,2,2,4,1,2,4,1,2,2,1,1,1,2,2,4,3,1,2,2,1,3,1,3,2,3,4,2,4,1,1,1,3,2,1,1,2,1,4,2,2,2,4,2,4,2,3,1,3,1,4,3,2,1,1,3,4,3,4,4,1,3,3,4,3,2,2,3,3,4,2,2,1,4,1,2,4,3,4,3,3,4,3,1,2,3,1,3,2,1,2,2,1,1,3,4,2,4,2,4,1,1,2,3,3,3,3,4,1,4,4,4,2,1,2,3,1,2,2,4,2,2,3,3,2,2,2,4,4,4,3,1,4,4,2,4,1,3,4,3,4,3,3,4,4,3,1,1,1,1,4,2,3,1,1,2,2,4,3,3,2,2,2,4,3,2,1,3,3,1,1,3,3,2,4,4,2,1,1,1,1,2,3,2,1,2,4,4,1,2,4,3,1,2,1,4,3,4,1,3,2,4,3,1,2,1,1,2,3,3,2,2,1,1,4,2,4,2,4,1,1,3,4,2,4,1,3,4,1,2,3,1,2,4,2,2,2,3,1,1,2,4,4,1,4,2,1,1,4,1,3,2,3,1,4,3,3,3,4,4,1,4,3,1,4,2,4,4,1,1,1,2,2,4,4,1,1,2,2,1,4,2,1,1,1,2,4,2,4,2,1,1,3,1,4,1,3,1,1,2,4,3,2,3,1,3,2,1,2,4,4,4,3,4,3,3,2,1,1,2,4,2,2,1,3,2,2,3,1,4,2,4,4,2,4,2,3,3,3,3,1,3,2,2,2,4,2,1,1,1,1,1,1,3,1,4,1,2,2,4,1,3,3,3,3,1,4,3,1,1,1,1,1,2,1,1,1,2,2,4,4,1,3,1,4,3,3,4,1,4,3,2,1,4,4,4,2,2,1,1,1,4,2,1,2,3,1,2,1,2,2,4,3,1,2,1,2,3,2,2,1,3,2,1,2,1,3,4,3,1,3,1,1,3,4,3,1,4,1,4,3,3,1,4,1,4,1,3,2,1,2,3,2,4,2,1,2,4,3,4,1,4,2,2,4,2,2,1,1,1,3,3,1,4,4,4,1,3,2,4,1,1,2,3,3,1,2,3,2,2,1,2,2,2,4,2,2,1,3,3,2,1,1,2,2,3,3,3,2,3,1,4,4,4,1,4,2,2,4,4,3,1,3,1,3,2,1,4,1,1,3,4,3,4,3,1,3,3,1,1,1,4,1,3,3,1,1,3,1,1,4,1,4,2,4,1,1,3,1,1,1,4,4,2,4,3,4,1,4,1,3,2,2,2,2,1,1,4,1,2,1,3,3,3,2,4,1,4,1,2,3,2,3,4,4,2,2,1,4,3,4,1,2,3,1,2,3,1,2,4,2,2,1,1,1,2,2,4,1,4,3,4,1,3,2,2,3,1,4,2,3,4,4,2,1,1,3,3,1,3,1,2,4,3,2,1,3,2,3,2,1,4,2,1,3,4,4,3,4,3,3,1,3,1,2,2,3,1,2,1,2,3,2,3,3,2,3,1,1,1,4,2,2,4,2,1,4,4,1,2,3,3,2,3,4,3,2,2,2,4,2,3,2,2,2,4,4,4,4,1,1,3,2,4,4,2,2,1,2,1,2,2,4,4,1,2,4,1,4,3,1,3,2,1,3,2,1,2,3,1,2,2,4,3,1,1,2,3,2,2,1,2,1,1,4,1,4,2,1,1,4,4,1,3,3,4,1,2,2,3,3,2,4,1,3,1,4,4,3,4,2,4,3,4,4,3,3,1,2,3,4,1,4,2,4,1,2,4,1,4,2,4,4,1,4,3,2,1,3,3,2,1,3,4,3,2,3,1,3,3,2,3,3,1,2,2,2,2,4,4,4,2,2,4,2,3,1,2,3,3,4,1,2,2,1,3,2,2,1,3,3,3,2,3,1,4,4,1,1,1,3,1,2,4,2,2,3,3,4,3,3,4,1,4,4,1,1,4,1,1,4,1,2,3,3,4,3,2,1,4,3,2,1,1,2,3,4,1,4,1,1,1,3,3,2,4,4,2,3,4,2,1,4,3,4,1,3,3,2,3,2,3,1,1,1,1,1,4,1,3,2,4,3,1,1,3,4,2,2,2,2,1,4,1,4,2,3,3,1,3,1,1,4,2,2,2,2,4,2,2,3,2,2,1,1,2,1,3,3,3,4,3,2,3,3,3,3,1,3,3,1,1,4,2,4,1,1,1,4,3,2,2,3,2,3,4,1,3,3,1,1,2,3,1,2,4,3,4,1,1,3,4,1,3,3,3,1,1,3,2,3,3,3,2,4,1,1,4,3,3,1,3,4,1,2,3,4,1,1,2,3,2,4,1,1,2,2,2,3,1,3,4,3,2,4,4,3,3,2,2,4,2,1,1,4,3,3,1,3,2,1,4,3,4,4,3,3,1,1,4,4,1,4,2,3,3,2,1,1,4,4,1,4,2,3,2,3,3,4,4,3,4,2,1,4,4,4,1,2,3,2,4,1,2,4,4,3,1,3,2,3,2,4,1,1,4,1,3,2,2,2,3,2,1,2,3,1,4,1,3,1,2,3,4,2,3,3,4,4,3,4,4,2,3,1,2,3,3,2,4,1,1,3,3,1,3,1,4,1,1,1,3,4,2,2,1,3,2,2,1,1,3,2,1,4,4,4,1,3,4,4,4,1,1,1,4,1,1,3,1,2,1,1,2,2,1,3,4,2,3,1,1,2,2,3,1,2,2,4,2,3,1,2,4,2,1,1,1,4,1,1,2,2,3,2,1,1,3,1,3,3,1,2,2,2,3,2,3,4,3,1,1,2,1,2,4,3,1,2,4,1,3,4,3,4,4,3,2,3,3,1,3,3,1,2,3,1,2,2,3,2,3,2,2,2,3,2,4,1,1,4,2,1,4,2,3,3,1,1,4,1,2,4,2,1,3,2,4,3,1,2,1,2,3,4,1,3,3,4,4,3,2,3,3,2,1,3,2,1,2,2,2,1,1,3,3,3,3,3,1,4,2,3,2,2,3,2,2,4,2,2,4,2,2,2,2,2,2,1,4,1,1,4,4,2,3,3,1,2,3,4,4,3,2,2,1,4,2,4,1,2,2,3,4,2,1,4,2,4,1,3,3,1,4,1,3,4,4,2,2,2,2,2,1,1,4,4,2,3,3,4,4,4,2,4,2,1,4,3,2,1,1,2,2,1,1,1,2,4,1,1,3,4,2,1,2,4,4,4,3,1,4,2,3,4,4,2,3,2,1,4,2,3,1,4,4,3,2,2,4,1,2,3,4,1,3,1,1,4,1,2,2,1,4,4,1,2,2,4,4,3,3,1,1,4,4,3,1"
132,0.9875909492720556,0.4509803921568627,2338.0,"3,1,1,3,1,3,4,4,4,3,1,1,1,1,1,1,3,2,1,3,3,3,3,1,4,4,3,2,1,2,4,2,3,2,1,3,1,4,4,1,2,2,1,3,1,2,4,4,1,2,4,1,2,1,4,2,3,4,3,4,3,3,1,1,2,1,1,2,1,4,3,3,1,1,2,1,4,3,2,2,2,1,1,1,2,2,3,3,1,1,3,4,3,1,1,1,1,3,1,1,3,4,3,1,1,2,1,4,1,3,1,1,2,1,1,3,4,2,4,4,1,2,3,4,1,3,4,1,4,2,2,1,3,1,4,3,2,3,2,3,3,3,4,4,1,1,2,4,2,1,2,1,4,3,4,2,2,4,4,1,2,2,4,3,2,3,4,4,1,2,3,1,2,1,4,2,1,1,3,1,2,2,3,2,4,2,2,1,1,2,3,1,3,2,2,4,1,2,4,1,2,2,1,1,1,2,2,4,3,1,2,2,1,3,1,3,2,3,4,2,4,1,1,1,3,2,1,1,2,1,4,2,2,2,4,2,4,2,3,1,3,1,4,3,2,1,1,3,4,3,4,4,1,3,3,4,3,2,2,3,3,4,2,2,1,4,1,2,4,3,4,3,3,4,3,1,2,3,1,3,2,1,2,2,1,1,3,4,2,4,2,4,1,1,2,3,3,3,3,4,1,4,4,4,2,1,2,3,1,2,2,4,2,2,3,3,2,2,2,4,4,4,3,1,4,4,2,4,1,3,4,3,4,3,3,4,4,3,1,1,1,1,4,2,3,1,1,2,2,4,3,3,2,2,2,4,3,2,1,3,3,1,1,3,3,2,4,4,2,1,1,1,1,2,3,2,1,2,4,4,1,2,4,3,1,2,1,4,3,4,1,3,2,4,3,1,2,1,1,2,3,3,2,2,1,1,4,2,4,2,4,1,1,3,4,2,4,1,3,4,1,2,3,1,2,4,2,2,2,3,1,1,2,4,4,1,4,2,1,1,4,1,3,2,3,1,4,3,3,3,4,4,1,4,3,1,4,2,4,4,1,1,1,2,2,4,4,1,1,2,2,1,4,2,1,1,1,2,4,2,4,2,1,1,3,1,4,1,3,1,1,2,4,3,2,3,1,3,2,1,2,4,4,4,3,4,3,3,2,1,1,2,4,2,2,1,3,2,2,3,1,4,2,4,4,2,4,2,3,3,3,3,1,3,2,2,2,4,2,1,1,1,1,1,1,3,1,4,1,2,2,4,1,3,3,3,3,1,4,3,1,1,1,1,1,2,1,1,1,2,2,4,4,1,3,1,4,3,3,4,1,4,3,2,1,4,4,4,2,2,1,1,1,4,2,1,2,3,1,2,1,2,2,4,3,1,2,1,2,3,2,2,1,3,2,1,2,1,3,4,3,1,3,1,1,3,4,3,1,4,1,4,3,3,1,4,1,4,1,3,2,1,2,3,2,4,2,1,2,4,3,4,1,4,2,2,4,2,2,1,1,1,3,3,1,4,4,4,1,3,2,4,1,1,2,3,3,1,2,3,2,2,1,2,2,2,4,2,2,1,3,3,2,1,1,2,2,3,3,3,2,3,1,4,4,4,1,4,2,2,4,4,3,1,3,1,3,2,1,4,1,1,3,4,3,4,3,1,3,3,1,1,1,4,1,3,3,1,1,3,1,1,4,1,4,2,4,1,1,3,1,1,1,4,4,2,4,3,4,1,4,1,3,2,2,2,2,1,1,4,1,2,1,3,3,3,2,4,1,4,1,2,3,2,3,4,4,2,2,1,4,3,4,1,2,3,1,2,3,1,2,4,2,2,1,1,1,2,2,4,1,4,3,4,1,3,2,2,3,1,4,2,3,4,4,2,1,1,3,3,1,3,1,2,4,3,2,1,3,2,3,2,1,4,2,1,3,4,4,3,4,3,3,1,3,1,2,2,3,1,2,1,2,3,2,3,3,2,3,1,1,1,4,2,2,4,2,1,4,4,1,2,3,3,2,3,4,3,2,2,2,4,2,3,2,2,2,4,4,4,4,1,1,3,2,4,4,2,2,1,2,1,2,2,4,4,1,2,4,1,4,3,1,3,2,1,3,2,1,2,3,1,2,2,4,3,1,1,2,3,2,2,1,2,1,1,4,1,4,2,1,1,4,4,1,3,3,4,1,2,2,3,3,2,4,1,3,1,4,4,3,4,2,4,3,4,4,3,3,1,2,3,4,1,4,2,4,1,2,4,1,4,2,4,4,1,4,3,2,1,3,3,2,1,3,4,3,2,3,1,3,3,2,3,3,1,2,2,2,2,4,4,4,2,2,4,2,3,1,2,3,3,4,1,2,2,1,3,2,2,1,3,3,3,2,3,1,4,4,1,1,1,3,1,2,4,2,2,3,3,4,3,3,4,1,4,4,1,1,4,1,1,4,1,2,3,3,4,3,2,1,4,3,2,1,1,2,3,4,1,4,1,1,1,3,3,2,4,4,2,3,4,2,1,4,3,4,1,3,3,2,3,2,3,1,1,1,1,1,4,1,3,2,4,3,1,1,3,4,2,2,2,2,1,4,1,4,2,3,3,1,3,1,1,4,2,2,2,2,4,2,2,3,2,2,1,1,2,1,3,3,3,4,3,2,3,3,3,3,1,3,3,1,1,4,2,4,1,1,1,4,3,2,2,3,2,3,4,1,3,3,1,1,2,3,1,2,4,3,4,1,1,3,4,1,3,3,3,1,1,3,2,3,3,3,2,4,1,1,4,3,3,1,3,4,1,2,3,4,1,1,2,3,2,4,1,1,2,2,2,3,1,3,4,3,2,4,4,3,3,2,2,4,2,1,1,4,3,3,1,3,2,1,4,3,4,4,3,3,1,1,4,4,1,4,2,3,3,2,1,1,4,4,1,4,2,3,2,3,3,4,4,3,4,2,1,4,4,4,1,2,3,2,4,1,2,4,4,3,1,3,2,3,2,4,1,1,4,1,3,2,2,2,3,2,1,2,3,1,4,1,3,1,2,3,4,2,3,3,4,4,3,4,4,2,3,1,2,3,3,2,4,1,1,3,3,1,3,1,4,1,1,1,3,4,2,2,1,3,2,2,1,1,3,2,1,4,4,4,1,3,4,4,4,1,1,1,4,1,1,3,1,2,1,1,2,2,1,3,4,2,3,1,1,2,2,3,1,2,2,4,2,3,1,2,4,2,1,1,1,4,1,1,2,2,3,2,1,1,3,1,3,3,1,2,2,2,3,2,3,4,3,1,1,2,1,2,4,3,1,2,4,1,3,4,3,4,4,3,2,3,3,1,3,3,1,2,3,1,2,2,3,2,3,2,2,2,3,2,4,1,1,4,2,1,4,2,3,3,1,1,4,1,2,4,2,1,3,2,4,3,1,2,1,2,3,4,1,3,3,4,4,3,2,3,3,2,1,3,2,1,2,2,2,1,1,3,3,3,3,3,1,4,2,3,2,2,3,2,2,4,2,2,4,2,2,2,2,2,2,1,4,1,1,4,4,2,3,3,1,2,3,4,4,3,2,2,1,4,2,4,1,2,2,3,4,2,1,4,2,4,1,3,3,1,4,1,3,4,4,2,2,2,2,2,1,1,4,4,2,3,3,4,4,4,2,4,2,1,4,3,2,1,1,2,2,1,1,1,2,4,1,1,3,4,2,1,2,4,4,4,3,1,4,2,3,4,4,2,3,2,1,4,2,3,1,4,4,3,2,2,4,1,2,3,4,1,3,1,1,4,1,2,2,1,4,4,1,2,2,4,4,3,3,1,1,4,4,3,1"
133,0.9875909492720556,0.4509803921568627,2338.0,"3,1,1,3,1,3,4,4,4,3,1,1,1,1,1,1,3,2,1,3,3,3,3,1,4,4,3,2,1,2,4,2,3,2,1,3,1,4,4,1,2,2,1,3,1,2,4,4,1,2,4,1,2,1,4,2,3,4,3,4,3,3,1,1,2,1,1,2,1,4,3,3,1,1,2,1,4,3,2,2,2,1,1,1,2,2,3,3,1,1,3,4,3,1,1,1,1,3,1,1,3,4,3,1,1,2,1,4,1,3,1,1,2,1,1,3,4,2,4,4,1,2,3,4,1,3,4,1,4,2,2,1,3,1,4,3,2,3,2,3,3,3,4,4,1,1,2,4,2,1,2,1,4,3,4,2,2,4,4,1,2,2,4,3,2,3,4,4,1,2,3,1,2,1,4,2,1,1,3,1,2,2,3,2,4,2,2,1,1,2,3,1,3,2,2,4,1,2,4,1,2,2,1,1,1,2,2,4,3,1,2,2,1,3,1,3,2,3,4,2,4,1,1,1,3,2,1,1,2,1,4,2,2,2,4,2,4,2,3,1,3,1,4,3,2,1,1,3,4,3,4,4,1,3,3,4,3,2,2,3,3,4,2,2,1,4,1,2,4,3,4,3,3,4,3,1,2,3,1,3,2,1,2,2,1,1,3,4,2,4,2,4,1,1,2,3,3,3,3,4,1,4,4,4,2,1,2,3,1,2,2,4,2,2,3,3,2,2,2,4,4,4,3,1,4,4,2,4,1,3,4,3,4,3,3,4,4,3,1,1,1,1,4,2,3,1,1,2,2,4,3,3,2,2,2,4,3,2,1,3,3,1,1,3,3,2,4,4,2,1,1,1,1,2,3,2,1,2,4,4,1,2,4,3,1,2,1,4,3,4,1,3,2,4,3,1,2,1,1,2,3,3,2,2,1,1,4,2,4,2,4,1,1,3,4,2,4,1,3,4,1,2,3,1,2,4,2,2,2,3,1,1,2,4,4,1,4,2,1,1,4,1,3,2,3,1,4,3,3,3,4,4,1,4,3,1,4,2,4,4,1,1,1,2,2,4,4,1,1,2,2,1,4,2,1,1,1,2,4,2,4,2,1,1,3,1,4,1,3,1,1,2,4,3,2,3,1,3,2,1,2,4,4,4,3,4,3,3,2,1,1,2,4,2,2,1,3,2,2,3,1,4,2,4,4,2,4,2,3,3,3,3,1,3,2,2,2,4,2,1,1,1,1,1,1,3,1,4,1,2,2,4,1,3,3,3,3,1,4,3,1,1,1,1,1,2,1,1,1,2,2,4,4,1,3,1,4,3,3,4,1,4,3,2,1,4,4,4,2,2,1,1,1,4,2,1,2,3,1,2,1,2,2,4,3,1,2,1,2,3,2,2,1,3,2,1,2,1,3,4,3,1,3,1,1,3,4,3,1,4,1,4,3,3,1,4,1,4,1,3,2,1,2,3,2,4,2,1,2,4,3,4,1,4,2,2,4,2,2,1,1,1,3,3,1,4,4,4,1,3,2,4,1,1,2,3,3,1,2,3,2,2,1,2,2,2,4,2,2,1,3,3,2,1,1,2,2,3,3,3,2,3,1,4,4,4,1,4,2,2,4,4,3,1,3,1,3,2,1,4,1,1,3,4,3,4,3,1,3,3,1,1,1,4,1,3,3,1,1,3,1,1,4,1,4,2,4,1,1,3,1,1,1,4,4,2,4,3,4,1,4,1,3,2,2,2,2,1,1,4,1,2,1,3,3,3,2,4,1,4,1,2,3,2,3,4,4,2,2,1,4,3,4,1,2,3,1,2,3,1,2,4,2,2,1,1,1,2,2,4,1,4,3,4,1,3,2,2,3,1,4,2,3,4,4,2,1,1,3,3,1,3,1,2,4,3,2,1,3,2,3,2,1,4,2,1,3,4,4,3,4,3,3,1,3,1,2,2,3,1,2,1,2,3,2,3,3,2,3,1,1,1,4,2,2,4,2,1,4,4,1,2,3,3,2,3,4,3,2,2,2,4,2,3,2,2,2,4,4,4,4,1,1,3,2,4,4,2,2,1,2,1,2,2,4,4,1,2,4,1,4,3,1,3,2,1,3,2,1,2,3,1,2,2,4,3,1,1,2,3,2,2,1,2,1,1,4,1,4,2,1,1,4,4,1,3,3,4,1,2,2,3,3,2,4,1,3,1,4,4,3,4,2,4,3,4,4,3,3,1,2,3,4,1,4,2,4,1,2,4,1,4,2,4,4,1,4,3,2,1,3,3,2,1,3,4,3,2,3,1,3,3,2,3,3,1,2,2,2,2,4,4,4,2,2,4,2,3,1,2,3,3,4,1,2,2,1,3,2,2,1,3,3,3,2,3,1,4,4,1,1,1,3,1,2,4,2,2,3,3,4,3,3,4,1,4,4,1,1,4,1,1,4,1,2,3,3,4,3,2,1,4,3,2,1,1,2,3,4,1,4,1,1,1,3,3,2,4,4,2,3,4,2,1,4,3,4,1,3,3,2,3,2,3,1,1,1,1,1,4,1,3,2,4,3,1,1,3,4,2,2,2,2,1,4,1,4,2,3,3,1,3,1,1,4,2,2,2,2,4,2,2,3,2,2,1,1,2,1,3,3,3,4,3,2,3,3,3,3,1,3,3,1,1,4,2,4,1,1,1,4,3,2,2,3,2,3,4,1,3,3,1,1,2,3,1,2,4,3,4,1,1,3,4,1,3,3,3,1,1,3,2,3,3,3,2,4,1,1,4,3,3,1,3,4,1,2,3,4,1,1,2,3,2,4,1,1,2,2,2,3,1,3,4,3,2,4,4,3,3,2,2,4,2,1,1,4,3,3,1,3,2,1,4,3,4,4,3,3,1,1,4,4,1,4,2,3,3,2,1,1,4,4,1,4,2,3,2,3,3,4,4,3,4,2,1,4,4,4,1,2,3,2,4,1,2,4,4,3,1,3,2,3,2,4,1,1,4,1,3,2,2,2,3,2,1,2,3,1,4,1,3,1,2,3,4,2,3,3,4,4,3,4,4,2,3,1,2,3,3,2,4,1,1,3,3,1,3,1,4,1,1,1,3,4,2,2,1,3,2,2,1,1,3,2,1,4,4,4,1,3,4,4,4,1,1,1,4,1,1,3,1,2,1,1,2,2,1,3,4,2,3,1,1,2,2,3,1,2,2,4,2,3,1,2,4,2,1,1,1,4,1,1,2,2,3,2,1,1,3,1,3,3,1,2,2,2,3,2,3,4,3,1,1,2,1,2,4,3,1,2,4,1,3,4,3,4,4,3,2,3,3,1,3,3,1,2,3,1,2,2,3,2,3,2,2,2,3,2,4,1,1,4,2,1,4,2,3,3,1,1,4,1,2,4,2,1,3,2,4,3,1,2,1,2,3,4,1,3,3,4,4,3,2,3,3,2,1,3,2,1,2,2,2,1,1,3,3,3,3,3,1,4,2,3,2,2,3,2,2,4,2,2,4,2,2,2,2,2,2,1,4,1,1,4,4,2,3,3,1,2,3,4,4,3,2,2,1,4,2,4,1,2,2,3,4,2,1,4,2,4,1,3,3,1,4,1,3,4,4,2,2,2,2,2,1,1,4,4,2,3,3,4,4,4,2,4,2,1,4,3,2,1,1,2,2,1,1,1,2,4,1,1,3,4,2,1,2,4,4,4,3,1,4,2,3,4,4,2,3,2,1,4,2,3,1,4,4,3,2,2,4,1,2,3,4,1,3,1,1,4,1,2,2,1,4,4,1,2,2,4,4,3,3,1,1,4,4,3,1"
134,0.9875909492720556,0.4509803921568627,2338.0,"3,1,1,3,1,3,4,4,4,3,1,1,1,1,1,1,3,2,1,3,3,3,3,1,4,4,3,2,1,2,4,2,3,2,1,3,1,4,4,1,2,2,1,3,1,2,4,4,1,2,4,1,2,1,4,2,3,4,3,4,3,3,1,1,2,1,1,2,1,4,3,3,1,1,2,1,4,3,2,2,2,1,1,1,2,2,3,3,1,1,3,4,3,1,1,1,1,3,1,1,3,4,3,1,1,2,1,4,1,3,1,1,2,1,1,3,4,2,4,4,1,2,3,4,1,3,4,1,4,2,2,1,3,1,4,3,2,3,2,3,3,3,4,4,1,1,2,4,2,1,2,1,4,3,4,2,2,4,4,1,2,2,4,3,2,3,4,4,1,2,3,1,2,1,4,2,1,1,3,1,2,2,3,2,4,2,2,1,1,2,3,1,3,2,2,4,1,2,4,1,2,2,1,1,1,2,2,4,3,1,2,2,1,3,1,3,2,3,4,2,4,1,1,1,3,2,1,1,2,1,4,2,2,2,4,2,4,2,3,1,3,1,4,3,2,1,1,3,4,3,4,4,1,3,3,4,3,2,2,3,3,4,2,2,1,4,1,2,4,3,4,3,3,4,3,1,2,3,1,3,2,1,2,2,1,1,3,4,2,4,2,4,1,1,2,3,3,3,3,4,1,4,4,4,2,1,2,3,1,2,2,4,2,2,3,3,2,2,2,4,4,4,3,1,4,4,2,4,1,3,4,3,4,3,3,4,4,3,1,1,1,1,4,2,3,1,1,2,2,4,3,3,2,2,2,4,3,2,1,3,3,1,1,3,3,2,4,4,2,1,1,1,1,2,3,2,1,2,4,4,1,2,4,3,1,2,1,4,3,4,1,3,2,4,3,1,2,1,1,2,3,3,2,2,1,1,4,2,4,2,4,1,1,3,4,2,4,1,3,4,1,2,3,1,2,4,2,2,2,3,1,1,2,4,4,1,4,2,1,1,4,1,3,2,3,1,4,3,3,3,4,4,1,4,3,1,4,2,4,4,1,1,1,2,2,4,4,1,1,2,2,1,4,2,1,1,1,2,4,2,4,2,1,1,3,1,4,1,3,1,1,2,4,3,2,3,1,3,2,1,2,4,4,4,3,4,3,3,2,1,1,2,4,2,2,1,3,2,2,3,1,4,2,4,4,2,4,2,3,3,3,3,1,3,2,2,2,4,2,1,1,1,1,1,1,3,1,4,1,2,2,4,1,3,3,3,3,1,4,3,1,1,1,1,1,2,1,1,1,2,2,4,4,1,3,1,4,3,3,4,1,4,3,2,1,4,4,4,2,2,1,1,1,4,2,1,2,3,1,2,1,2,2,4,3,1,2,1,2,3,2,2,1,3,2,1,2,1,3,4,3,1,3,1,1,3,4,3,1,4,1,4,3,3,1,4,1,4,1,3,2,1,2,3,2,4,2,1,2,4,3,4,1,4,2,2,4,2,2,1,1,1,3,3,1,4,4,4,1,3,2,4,1,1,2,3,3,1,2,3,2,2,1,2,2,2,4,2,2,1,3,3,2,1,1,2,2,3,3,3,2,3,1,4,4,4,1,4,2,2,4,4,3,1,3,1,3,2,1,4,1,1,3,4,3,4,3,1,3,3,1,1,1,4,1,3,3,1,1,3,1,1,4,1,4,2,4,1,1,3,1,1,1,4,4,2,4,3,4,1,4,1,3,2,2,2,2,1,1,4,1,2,1,3,3,3,2,4,1,4,1,2,3,2,3,4,4,2,2,1,4,3,4,1,2,3,1,2,3,1,2,4,2,2,1,1,1,2,2,4,1,4,3,4,1,3,2,2,3,1,4,2,3,4,4,2,1,1,3,3,1,3,1,2,4,3,2,1,3,2,3,2,1,4,2,1,3,4,4,3,4,3,3,1,3,1,2,2,3,1,2,1,2,3,2,3,3,2,3,1,1,1,4,2,2,4,2,1,4,4,1,2,3,3,2,3,4,3,2,2,2,4,2,3,2,2,2,4,4,4,4,1,1,3,2,4,4,2,2,1,2,1,2,2,4,4,1,2,4,1,4,3,1,3,2,1,3,2,1,2,3,1,2,2,4,3,1,1,2,3,2,2,1,2,1,1,4,1,4,2,1,1,4,4,1,3,3,4,1,2,2,3,3,2,4,1,3,1,4,4,3,4,2,4,3,4,4,3,3,1,2,3,4,1,4,2,4,1,2,4,1,4,2,4,4,1,4,3,2,1,3,3,2,1,3,4,3,2,3,1,3,3,2,3,3,1,2,2,2,2,4,4,4,2,2,4,2,3,1,2,3,3,4,1,2,2,1,3,2,2,1,3,3,3,2,3,1,4,4,1,1,1,3,1,2,4,2,2,3,3,4,3,3,4,1,4,4,1,1,4,1,1,4,1,2,3,3,4,3,2,1,4,3,2,1,1,2,3,4,1,4,1,1,1,3,3,2,4,4,2,3,4,2,1,4,3,4,1,3,3,2,3,2,3,1,1,1,1,1,4,1,3,2,4,3,1,1,3,4,2,2,2,2,1,4,1,4,2,3,3,1,3,1,1,4,2,2,2,2,4,2,2,3,2,2,1,1,2,1,3,3,3,4,3,2,3,3,3,3,1,3,3,1,1,4,2,4,1,1,1,4,3,2,2,3,2,3,4,1,3,3,1,1,2,3,1,2,4,3,4,1,1,3,4,1,3,3,3,1,1,3,2,3,3,3,2,4,1,1,4,3,3,1,3,4,1,2,3,4,1,1,2,3,2,4,1,1,2,2,2,3,1,3,4,3,2,4,4,3,3,2,2,4,2,1,1,4,3,3,1,3,2,1,4,3,4,4,3,3,1,1,4,4,1,4,2,3,3,2,1,1,4,4,1,4,2,3,2,3,3,4,4,3,4,2,1,4,4,4,1,2,3,2,4,1,2,4,4,3,1,3,2,3,2,4,1,1,4,1,3,2,2,2,3,2,1,2,3,1,4,1,3,1,2,3,4,2,3,3,4,4,3,4,4,2,3,1,2,3,3,2,4,1,1,3,3,1,3,1,4,1,1,1,3,4,2,2,1,3,2,2,1,1,3,2,1,4,4,4,1,3,4,4,4,1,1,1,4,1,1,3,1,2,1,1,2,2,1,3,4,2,3,1,1,2,2,3,1,2,2,4,2,3,1,2,4,2,1,1,1,4,1,1,2,2,3,2,1,1,3,1,3,3,1,2,2,2,3,2,3,4,3,1,1,2,1,2,4,3,1,2,4,1,3,4,3,4,4,3,2,3,3,1,3,3,1,2,3,1,2,2,3,2,3,2,2,2,3,2,4,1,1,4,2,1,4,2,3,3,1,1,4,1,2,4,2,1,3,2,4,3,1,2,1,2,3,4,1,3,3,4,4,3,2,3,3,2,1,3,2,1,2,2,2,1,1,3,3,3,3,3,1,4,2,3,2,2,3,2,2,4,2,2,4,2,2,2,2,2,2,1,4,1,1,4,4,2,3,3,1,2,3,4,4,3,2,2,1,4,2,4,1,2,2,3,4,2,1,4,2,4,1,3,3,1,4,1,3,4,4,2,2,2,2,2,1,1,4,4,2,3,3,4,4,4,2,4,2,1,4,3,2,1,1,2,2,1,1,1,2,4,1,1,3,4,2,1,2,4,4,4,3,1,4,2,3,4,4,2,3,2,1,4,2,3,1,4,4,3,2,2,4,1,2,3,4,1,3,1,1,4,1,2,2,1,4,4,1,2,2,4,4,3,3,1,1,4,4,3,1"
135,0.9875909492720556,0.4509803921568627,2338.0,"3,1,1,3,1,3,4,4,4,3,1,1,1,1,1,1,3,2,1,3,3,3,3,1,4,4,3,2,1,2,4,2,3,2,1,3,1,4,4,1,2,2,1,3,1,2,4,4,1,2,4,1,2,1,4,2,3,4,3,4,3,3,1,1,2,1,1,2,1,4,3,3,1,1,2,1,4,3,2,2,2,1,1,1,2,2,3,3,1,1,3,4,3,1,1,1,1,3,1,1,3,4,3,1,1,2,1,4,1,3,1,1,2,1,1,3,4,2,4,4,1,2,3,4,1,3,4,1,4,2,2,1,3,1,4,3,2,3,2,3,3,3,4,4,1,1,2,4,2,1,2,1,4,3,4,2,2,4,4,1,2,2,4,3,2,3,4,4,1,2,3,1,2,1,4,2,1,1,3,1,2,2,3,2,4,2,2,1,1,2,3,1,3,2,2,4,1,2,4,1,2,2,1,1,1,2,2,4,3,1,2,2,1,3,1,3,2,3,4,2,4,1,1,1,3,2,1,1,2,1,4,2,2,2,4,2,4,2,3,1,3,1,4,3,2,1,1,3,4,3,4,4,1,3,3,4,3,2,2,3,3,4,2,2,1,4,1,2,4,3,4,3,3,4,3,1,2,3,1,3,2,1,2,2,1,1,3,4,2,4,2,4,1,1,2,3,3,3,3,4,1,4,4,4,2,1,2,3,1,2,2,4,2,2,3,3,2,2,2,4,4,4,3,1,4,4,2,4,1,3,4,3,4,3,3,4,4,3,1,1,1,1,4,2,3,1,1,2,2,4,3,3,2,2,2,4,3,2,1,3,3,1,1,3,3,2,4,4,2,1,1,1,1,2,3,2,1,2,4,4,1,2,4,3,1,2,1,4,3,4,1,3,2,4,3,1,2,1,1,2,3,3,2,2,1,1,4,2,4,2,4,1,1,3,4,2,4,1,3,4,1,2,3,1,2,4,2,2,2,3,1,1,2,4,4,1,4,2,1,1,4,1,3,2,3,1,4,3,3,3,4,4,1,4,3,1,4,2,4,4,1,1,1,2,2,4,4,1,1,2,2,1,4,2,1,1,1,2,4,2,4,2,1,1,3,1,4,1,3,1,1,2,4,3,2,3,1,3,2,1,2,4,4,4,3,4,3,3,2,1,1,2,4,2,2,1,3,2,2,3,1,4,2,4,4,2,4,2,3,3,3,3,1,3,2,2,2,4,2,1,1,1,1,1,1,3,1,4,1,2,2,4,1,3,3,3,3,1,4,3,1,1,1,1,1,2,1,1,1,2,2,4,4,1,3,1,4,3,3,4,1,4,3,2,1,4,4,4,2,2,1,1,1,4,2,1,2,3,1,2,1,2,2,4,3,1,2,1,2,3,2,2,1,3,2,1,2,1,3,4,3,1,3,1,1,3,4,3,1,4,1,4,3,3,1,4,1,4,1,3,2,1,2,3,2,4,2,1,2,4,3,4,1,4,2,2,4,2,2,1,1,1,3,3,1,4,4,4,1,3,2,4,1,1,2,3,3,1,2,3,2,2,1,2,2,2,4,2,2,1,3,3,2,1,1,2,2,3,3,3,2,3,1,4,4,4,1,4,2,2,4,4,3,1,3,1,3,2,1,4,1,1,3,4,3,4,3,1,3,3,1,1,1,4,1,3,3,1,1,3,1,1,4,1,4,2,4,1,1,3,1,1,1,4,4,2,4,3,4,1,4,1,3,2,2,2,2,1,1,4,1,2,1,3,3,3,2,4,1,4,1,2,3,2,3,4,4,2,2,1,4,3,4,1,2,3,1,2,3,1,2,4,2,2,1,1,1,2,2,4,1,4,3,4,1,3,2,2,3,1,4,2,3,4,4,2,1,1,3,3,1,3,1,2,4,3,2,1,3,2,3,2,1,4,2,1,3,4,4,3,4,3,3,1,3,1,2,2,3,1,2,1,2,3,2,3,3,2,3,1,1,1,4,2,2,4,2,1,4,4,1,2,3,3,2,3,4,3,2,2,2,4,2,3,2,2,2,4,4,4,4,1,1,3,2,4,4,2,2,1,2,1,2,2,4,4,1,2,4,1,4,3,1,3,2,1,3,2,1,2,3,1,2,2,4,3,1,1,2,3,2,2,1,2,1,1,4,1,4,2,1,1,4,4,1,3,3,4,1,2,2,3,3,2,4,1,3,1,4,4,3,4,2,4,3,4,4,3,3,1,2,3,4,1,4,2,4,1,2,4,1,4,2,4,4,1,4,3,2,1,3,3,2,1,3,4,3,2,3,1,3,3,2,3,3,1,2,2,2,2,4,4,4,2,2,4,2,3,1,2,3,3,4,1,2,2,1,3,2,2,1,3,3,3,2,3,1,4,4,1,1,1,3,1,2,4,2,2,3,3,4,3,3,4,1,4,4,1,1,4,1,1,4,1,2,3,3,4,3,2,1,4,3,2,1,1,2,3,4,1,4,1,1,1,3,3,2,4,4,2,3,4,2,1,4,3,4,1,3,3,2,3,2,3,1,1,1,1,1,4,1,3,2,4,3,1,1,3,4,2,2,2,2,1,4,1,4,2,3,3,1,3,1,1,4,2,2,2,2,4,2,2,3,2,2,1,1,2,1,3,3,3,4,3,2,3,3,3,3,1,3,3,1,1,4,2,4,1,1,1,4,3,2,2,3,2,3,4,1,3,3,1,1,2,3,1,2,4,3,4,1,1,3,4,1,3,3,3,1,1,3,2,3,3,3,2,4,1,1,4,3,3,1,3,4,1,2,3,4,1,1,2,3,2,4,1,1,2,2,2,3,1,3,4,3,2,4,4,3,3,2,2,4,2,1,1,4,3,3,1,3,2,1,4,3,4,4,3,3,1,1,4,4,1,4,2,3,3,2,1,1,4,4,1,4,2,3,2,3,3,4,4,3,4,2,1,4,4,4,1,2,3,2,4,1,2,4,4,3,1,3,2,3,2,4,1,1,4,1,3,2,2,2,3,2,1,2,3,1,4,1,3,1,2,3,4,2,3,3,4,4,3,4,4,2,3,1,2,3,3,2,4,1,1,3,3,1,3,1,4,1,1,1,3,4,2,2,1,3,2,2,1,1,3,2,1,4,4,4,1,3,4,4,4,1,1,1,4,1,1,3,1,2,1,1,2,2,1,3,4,2,3,1,1,2,2,3,1,2,2,4,2,3,1,2,4,2,1,1,1,4,1,1,2,2,3,2,1,1,3,1,3,3,1,2,2,2,3,2,3,4,3,1,1,2,1,2,4,3,1,2,4,1,3,4,3,4,4,3,2,3,3,1,3,3,1,2,3,1,2,2,3,2,3,2,2,2,3,2,4,1,1,4,2,1,4,2,3,3,1,1,4,1,2,4,2,1,3,2,4,3,1,2,1,2,3,4,1,3,3,4,4,3,2,3,3,2,1,3,2,1,2,2,2,1,1,3,3,3,3,3,1,4,2,3,2,2,3,2,2,4,2,2,4,2,2,2,2,2,2,1,4,1,1,4,4,2,3,3,1,2,3,4,4,3,2,2,1,4,2,4,1,2,2,3,4,2,1,4,2,4,1,3,3,1,4,1,3,4,4,2,2,2,2,2,1,1,4,4,2,3,3,4,4,4,2,4,2,1,4,3,2,1,1,2,2,1,1,1,2,4,1,1,3,4,2,1,2,4,4,4,3,1,4,2,3,4,4,2,3,2,1,4,2,3,1,4,4,3,2,2,4,1,2,3,4,1,3,1,1,4,1,2,2,1,4,4,1,2,2,4,4,3,3,1,1,4,4,3,1"
136,0.9875909492720556,0.4509803921568627,2338.0,"3,1,1,3,1,3,4,4,4,3,1,1,1,1,1,1,3,2,1,3,3,3,3,1,4,4,3,2,1,2,4,2,3,2,1,3,1,4,4,1,2,2,1,3,1,2,4,4,1,2,4,1,2,1,4,2,3,4,3,4,3,3,1,1,2,1,1,2,1,4,3,3,1,1,2,1,4,3,2,2,2,1,1,1,2,2,3,3,1,1,3,4,3,1,1,1,1,3,1,1,3,4,3,1,1,2,1,4,1,3,1,1,2,1,1,3,4,2,4,4,1,2,3,4,1,3,4,1,4,2,2,1,3,1,4,3,2,3,2,3,3,3,4,4,1,1,2,4,2,1,2,1,4,3,4,2,2,4,4,1,2,2,4,3,2,3,4,4,1,2,3,1,2,1,4,2,1,1,3,1,2,2,3,2,4,2,2,1,1,2,3,1,3,2,2,4,1,2,4,1,2,2,1,1,1,2,2,4,3,1,2,2,1,3,1,3,2,3,4,2,4,1,1,1,3,2,1,1,2,1,4,2,2,2,4,2,4,2,3,1,3,1,4,3,2,1,1,3,4,3,4,4,1,3,3,4,3,2,2,3,3,4,2,2,1,4,1,2,4,3,4,3,3,4,3,1,2,3,1,3,2,1,2,2,1,1,3,4,2,4,2,4,1,1,2,3,3,3,3,4,1,4,4,4,2,1,2,3,1,2,2,4,2,2,3,3,2,2,2,4,4,4,3,1,4,4,2,4,1,3,4,3,4,3,3,4,4,3,1,1,1,1,4,2,3,1,1,2,2,4,3,3,2,2,2,4,3,2,1,3,3,1,1,3,3,2,4,4,2,1,1,1,1,2,3,2,1,2,4,4,1,2,4,3,1,2,1,4,3,4,1,3,2,4,3,1,2,1,1,2,3,3,2,2,1,1,4,2,4,2,4,1,1,3,4,2,4,1,3,4,1,2,3,1,2,4,2,2,2,3,1,1,2,4,4,1,4,2,1,1,4,1,3,2,3,1,4,3,3,3,4,4,1,4,3,1,4,2,4,4,1,1,1,2,2,4,4,1,1,2,2,1,4,2,1,1,1,2,4,2,4,2,1,1,3,1,4,1,3,1,1,2,4,3,2,3,1,3,2,1,2,4,4,4,3,4,3,3,2,1,1,2,4,2,2,1,3,2,2,3,1,4,2,4,4,2,4,2,3,3,3,3,1,3,2,2,2,4,2,1,1,1,1,1,1,3,1,4,1,2,2,4,1,3,3,3,3,1,4,3,1,1,1,1,1,2,1,1,1,2,2,4,4,1,3,1,4,3,3,4,1,4,3,2,1,4,4,4,2,2,1,1,1,4,2,1,2,3,1,2,1,2,2,4,3,1,2,1,2,3,2,2,1,3,2,1,2,1,3,4,3,1,3,1,1,3,4,3,1,4,1,4,3,3,1,4,1,4,1,3,2,1,2,3,2,4,2,1,2,4,3,4,1,4,2,2,4,2,2,1,1,1,3,3,1,4,4,4,1,3,2,4,1,1,2,3,3,1,2,3,2,2,1,2,2,2,4,2,2,1,3,3,2,1,1,2,2,3,3,3,2,3,1,4,4,4,1,4,2,2,4,4,3,1,3,1,3,2,1,4,1,1,3,4,3,4,3,1,3,3,1,1,1,4,1,3,3,1,1,3,1,1,4,1,4,2,4,1,1,3,1,1,1,4,4,2,4,3,4,1,4,1,3,2,2,2,2,1,1,4,1,2,1,3,3,3,2,4,1,4,1,2,3,2,3,4,4,2,2,1,4,3,4,1,2,3,1,2,3,1,2,4,2,2,1,1,1,2,2,4,1,4,3,4,1,3,2,2,3,1,4,2,3,4,4,2,1,1,3,3,1,3,1,2,4,3,2,1,3,2,3,2,1,4,2,1,3,4,4,3,4,3,3,1,3,1,2,2,3,1,2,1,2,3,2,3,3,2,3,1,1,1,4,2,2,4,2,1,4,4,1,2,3,3,2,3,4,3,2,2,2,4,2,3,2,2,2,4,4,4,4,1,1,3,2,4,4,2,2,1,2,1,2,2,4,4,1,2,4,1,4,3,1,3,2,1,3,2,1,2,3,1,2,2,4,3,1,1,2,3,2,2,1,2,1,1,4,1,4,2,1,1,4,4,1,3,3,4,1,2,2,3,3,2,4,1,3,1,4,4,3,4,2,4,3,4,4,3,3,1,2,3,4,1,4,2,4,1,2,4,1,4,2,4,4,1,4,3,2,1,3,3,2,1,3,4,3,2,3,1,3,3,2,3,3,1,2,2,2,2,4,4,4,2,2,4,2,3,1,2,3,3,4,1,2,2,1,3,2,2,1,3,3,3,2,3,1,4,4,1,1,1,3,1,2,4,2,2,3,3,4,3,3,4,1,4,4,1,1,4,1,1,4,1,2,3,3,4,3,2,1,4,3,2,1,1,2,3,4,1,4,1,1,1,3,3,2,4,4,2,3,4,2,1,4,3,4,1,3,3,2,3,2,3,1,1,1,1,1,4,1,3,2,4,3,1,1,3,4,2,2,2,2,1,4,1,4,2,3,3,1,3,1,1,4,2,2,2,2,4,2,2,3,2,2,1,1,2,1,3,3,3,4,3,2,3,3,3,3,1,3,3,1,1,4,2,4,1,1,1,4,3,2,2,3,2,3,4,1,3,3,1,1,2,3,1,2,4,3,4,1,1,3,4,1,3,3,3,1,1,3,2,3,3,3,2,4,1,1,4,3,3,1,3,4,1,2,3,4,1,1,2,3,2,4,1,1,2,2,2,3,1,3,4,3,2,4,4,3,3,2,2,4,2,1,1,4,3,3,1,3,2,1,4,3,4,4,3,3,1,1,4,4,1,4,2,3,3,2,1,1,4,4,1,4,2,3,2,3,3,4,4,3,4,2,1,4,4,4,1,2,3,2,4,1,2,4,4,3,1,3,2,3,2,4,1,1,4,1,3,2,2,2,3,2,1,2,3,1,4,1,3,1,2,3,4,2,3,3,4,4,3,4,4,2,3,1,2,3,3,2,4,1,1,3,3,1,3,1,4,1,1,1,3,4,2,2,1,3,2,2,1,1,3,2,1,4,4,4,1,3,4,4,4,1,1,1,4,1,1,3,1,2,1,1,2,2,1,3,4,2,3,1,1,2,2,3,1,2,2,4,2,3,1,2,4,2,1,1,1,4,1,1,2,2,3,2,1,1,3,1,3,3,1,2,2,2,3,2,3,4,3,1,1,2,1,2,4,3,1,2,4,1,3,4,3,4,4,3,2,3,3,1,3,3,1,2,3,1,2,2,3,2,3,2,2,2,3,2,4,1,1,4,2,1,4,2,3,3,1,1,4,1,2,4,2,1,3,2,4,3,1,2,1,2,3,4,1,3,3,4,4,3,2,3,3,2,1,3,2,1,2,2,2,1,1,3,3,3,3,3,1,4,2,3,2,2,3,2,2,4,2,2,4,2,2,2,2,2,2,1,4,1,1,4,4,2,3,3,1,2,3,4,4,3,2,2,1,4,2,4,1,2,2,3,4,2,1,4,2,4,1,3,3,1,4,1,3,4,4,2,2,2,2,2,1,1,4,4,2,3,3,4,4,4,2,4,2,1,4,3,2,1,1,2,2,1,1,1,2,4,1,1,3,4,2,1,2,4,4,4,3,1,4,2,3,4,4,2,3,2,1,4,2,3,1,4,4,3,2,2,4,1,2,3,4,1,3,1,1,4,1,2,2,1,4,4,1,2,2,4,4,3,3,1,1,4,4,3,1"
137,0.9875909492720556,0.4509803921568627,2338.0,"3,1,1,3,1,3,4,4,4,3,1,1,1,1,1,1,3,2,1,3,3,3,3,1,4,4,3,2,1,2,4,2,3,2,1,3,1,4,4,1,2,2,1,3,1,2,4,4,1,2,4,1,2,1,4,2,3,4,3,4,3,3,1,1,2,1,1,2,1,4,3,3,1,1,2,1,4,3,2,2,2,1,1,1,2,2,3,3,1,1,3,4,3,1,1,1,1,3,1,1,3,4,3,1,1,2,1,4,1,3,1,1,2,1,1,3,4,2,4,4,1,2,3,4,1,3,4,1,4,2,2,1,3,1,4,3,2,3,2,3,3,3,4,4,1,1,2,4,2,1,2,1,4,3,4,2,2,4,4,1,2,2,4,3,2,3,4,4,1,2,3,1,2,1,4,2,1,1,3,1,2,2,3,2,4,2,2,1,1,2,3,1,3,2,2,4,1,2,4,1,2,2,1,1,1,2,2,4,3,1,2,2,1,3,1,3,2,3,4,2,4,1,1,1,3,2,1,1,2,1,4,2,2,2,4,2,4,2,3,1,3,1,4,3,2,1,1,3,4,3,4,4,1,3,3,4,3,2,2,3,3,4,2,2,1,4,1,2,4,3,4,3,3,4,3,1,2,3,1,3,2,1,2,2,1,1,3,4,2,4,2,4,1,1,2,3,3,3,3,4,1,4,4,4,2,1,2,3,1,2,2,4,2,2,3,3,2,2,2,4,4,4,3,1,4,4,2,4,1,3,4,3,4,3,3,4,4,3,1,1,1,1,4,2,3,1,1,2,2,4,3,3,2,2,2,4,3,2,1,3,3,1,1,3,3,2,4,4,2,1,1,1,1,2,3,2,1,2,4,4,1,2,4,3,1,2,1,4,3,4,1,3,2,4,3,1,2,1,1,2,3,3,2,2,1,1,4,2,4,2,4,1,1,3,4,2,4,1,3,4,1,2,3,1,2,4,2,2,2,3,1,1,2,4,4,1,4,2,1,1,4,1,3,2,3,1,4,3,3,3,4,4,1,4,3,1,4,2,4,4,1,1,1,2,2,4,4,1,1,2,2,1,4,2,1,1,1,2,4,2,4,2,1,1,3,1,4,1,3,1,1,2,4,3,2,3,1,3,2,1,2,4,4,4,3,4,3,3,2,1,1,2,4,2,2,1,3,2,2,3,1,4,2,4,4,2,4,2,3,3,3,3,1,3,2,2,2,4,2,1,1,1,1,1,1,3,1,4,1,2,2,4,1,3,3,3,3,1,4,3,1,1,1,1,1,2,1,1,1,2,2,4,4,1,3,1,4,3,3,4,1,4,3,2,1,4,4,4,2,2,1,1,1,4,2,1,2,3,1,2,1,2,2,4,3,1,2,1,2,3,2,2,1,3,2,1,2,1,3,4,3,1,3,1,1,3,4,3,1,4,1,4,3,3,1,4,1,4,1,3,2,1,2,3,2,4,2,1,2,4,3,4,1,4,2,2,4,2,2,1,1,1,3,3,1,4,4,4,1,3,2,4,1,1,2,3,3,1,2,3,2,2,1,2,2,2,4,2,2,1,3,3,2,1,1,2,2,3,3,3,2,3,1,4,4,4,1,4,2,2,4,4,3,1,3,1,3,2,1,4,1,1,3,4,3,4,3,1,3,3,1,1,1,4,1,3,3,1,1,3,1,1,4,1,4,2,4,1,1,3,1,1,1,4,4,2,4,3,4,1,4,1,3,2,2,2,2,1,1,4,1,2,1,3,3,3,2,4,1,4,1,2,3,2,3,4,4,2,2,1,4,3,4,1,2,3,1,2,3,1,2,4,2,2,1,1,1,2,2,4,1,4,3,4,1,3,2,2,3,1,4,2,3,4,4,2,1,1,3,3,1,3,1,2,4,3,2,1,3,2,3,2,1,4,2,1,3,4,4,3,4,3,3,1,3,1,2,2,3,1,2,1,2,3,2,3,3,2,3,1,1,1,4,2,2,4,2,1,4,4,1,2,3,3,2,3,4,3,2,2,2,4,2,3,2,2,2,4,4,4,4,1,1,3,2,4,4,2,2,1,2,1,2,2,4,4,1,2,4,1,4,3,1,3,2,1,3,2,1,2,3,1,2,2,4,3,1,1,2,3,2,2,1,2,1,1,4,1,4,2,1,1,4,4,1,3,3,4,1,2,2,3,3,2,4,1,3,1,4,4,3,4,2,4,3,4,4,3,3,1,2,3,4,1,4,2,4,1,2,4,1,4,2,4,4,1,4,3,2,1,3,3,2,1,3,4,3,2,3,1,3,3,2,3,3,1,2,2,2,2,4,4,4,2,2,4,2,3,1,2,3,3,4,1,2,2,1,3,2,2,1,3,3,3,2,3,1,4,4,1,1,1,3,1,2,4,2,2,3,3,4,3,3,4,1,4,4,1,1,4,1,1,4,1,2,3,3,4,3,2,1,4,3,2,1,1,2,3,4,1,4,1,1,1,3,3,2,4,4,2,3,4,2,1,4,3,4,1,3,3,2,3,2,3,1,1,1,1,1,4,1,3,2,4,3,1,1,3,4,2,2,2,2,1,4,1,4,2,3,3,1,3,1,1,4,2,2,2,2,4,2,2,3,2,2,1,1,2,1,3,3,3,4,3,2,3,3,3,3,1,3,3,1,1,4,2,4,1,1,1,4,3,2,2,3,2,3,4,1,3,3,1,1,2,3,1,2,4,3,4,1,1,3,4,1,3,3,3,1,1,3,2,3,3,3,2,4,1,1,4,3,3,1,3,4,1,2,3,4,1,1,2,3,2,4,1,1,2,2,2,3,1,3,4,3,2,4,4,3,3,2,2,4,2,1,1,4,3,3,1,3,2,1,4,3,4,4,3,3,1,1,4,4,1,4,2,3,3,2,1,1,4,4,1,4,2,3,2,3,3,4,4,3,4,2,1,4,4,4,1,2,3,2,4,1,2,4,4,3,1,3,2,3,2,4,1,1,4,1,3,2,2,2,3,2,1,2,3,1,4,1,3,1,2,3,4,2,3,3,4,4,3,4,4,2,3,1,2,3,3,2,4,1,1,3,3,1,3,1,4,1,1,1,3,4,2,2,1,3,2,2,1,1,3,2,1,4,4,4,1,3,4,4,4,1,1,1,4,1,1,3,1,2,1,1,2,2,1,3,4,2,3,1,1,2,2,3,1,2,2,4,2,3,1,2,4,2,1,1,1,4,1,1,2,2,3,2,1,1,3,1,3,3,1,2,2,2,3,2,3,4,3,1,1,2,1,2,4,3,1,2,4,1,3,4,3,4,4,3,2,3,3,1,3,3,1,2,3,1,2,2,3,2,3,2,2,2,3,2,4,1,1,4,2,1,4,2,3,3,1,1,4,1,2,4,2,1,3,2,4,3,1,2,1,2,3,4,1,3,3,4,4,3,2,3,3,2,1,3,2,1,2,2,2,1,1,3,3,3,3,3,1,4,2,3,2,2,3,2,2,4,2,2,4,2,2,2,2,2,2,1,4,1,1,4,4,2,3,3,1,2,3,4,4,3,2,2,1,4,2,4,1,2,2,3,4,2,1,4,2,4,1,3,3,1,4,1,3,4,4,2,2,2,2,2,1,1,4,4,2,3,3,4,4,4,2,4,2,1,4,3,2,1,1,2,2,1,1,1,2,4,1,1,3,4,2,1,2,4,4,4,3,1,4,2,3,4,4,2,3,2,1,4,2,3,1,4,4,3,2,2,4,1,2,3,4,1,3,1,1,4,1,2,2,1,4,4,1,2,2,4,4,3,3,1,1,4,4,3,1"
138,0.9875909492720556,0.4509803921568627,2338.0,"3,1,1,3,1,3,4,4,4,3,1,1,1,1,1,1,3,2,1,3,3,3,3,1,4,4,3,2,1,2,4,2,3,2,1,3,1,4,4,1,2,2,1,3,1,2,4,4,1,2,4,1,2,1,4,2,3,4,3,4,3,3,1,1,2,1,1,2,1,4,3,3,1,1,2,1,4,3,2,2,2,1,1,1,2,2,3,3,1,1,3,4,3,1,1,1,1,3,1,1,3,4,3,1,1,2,1,4,1,3,1,1,2,1,1,3,4,2,4,4,1,2,3,4,1,3,4,1,4,2,2,1,3,1,4,3,2,3,2,3,3,3,4,4,1,1,2,4,2,1,2,1,4,3,4,2,2,4,4,1,2,2,4,3,2,3,4,4,1,2,3,1,2,1,4,2,1,1,3,1,2,2,3,2,4,2,2,1,1,2,3,1,3,2,2,4,1,2,4,1,2,2,1,1,1,2,2,4,3,1,2,2,1,3,1,3,2,3,4,2,4,1,1,1,3,2,1,1,2,1,4,2,2,2,4,2,4,2,3,1,3,1,4,3,2,1,1,3,4,3,4,4,1,3,3,4,3,2,2,3,3,4,2,2,1,4,1,2,4,3,4,3,3,4,3,1,2,3,1,3,2,1,2,2,1,1,3,4,2,4,2,4,1,1,2,3,3,3,3,4,1,4,4,4,2,1,2,3,1,2,2,4,2,2,3,3,2,2,2,4,4,4,3,1,4,4,2,4,1,3,4,3,4,3,3,4,4,3,1,1,1,1,4,2,3,1,1,2,2,4,3,3,2,2,2,4,3,2,1,3,3,1,1,3,3,2,4,4,2,1,1,1,1,2,3,2,1,2,4,4,1,2,4,3,1,2,1,4,3,4,1,3,2,4,3,1,2,1,1,2,3,3,2,2,1,1,4,2,4,2,4,1,1,3,4,2,4,1,3,4,1,2,3,1,2,4,2,2,2,3,1,1,2,4,4,1,4,2,1,1,4,1,3,2,3,1,4,3,3,3,4,4,1,4,3,1,4,2,4,4,1,1,1,2,2,4,4,1,1,2,2,1,4,2,1,1,1,2,4,2,4,2,1,1,3,1,4,1,3,1,1,2,4,3,2,3,1,3,2,1,2,4,4,4,3,4,3,3,2,1,1,2,4,2,2,1,3,2,2,3,1,4,2,4,4,2,4,2,3,3,3,3,1,3,2,2,2,4,2,1,1,1,1,1,1,3,1,4,1,2,2,4,1,3,3,3,3,1,4,3,1,1,1,1,1,2,1,1,1,2,2,4,4,1,3,1,4,3,3,4,1,4,3,2,1,4,4,4,2,2,1,1,1,4,2,1,2,3,1,2,1,2,2,4,3,1,2,1,2,3,2,2,1,3,2,1,2,1,3,4,3,1,3,1,1,3,4,3,1,4,1,4,3,3,1,4,1,4,1,3,2,1,2,3,2,4,2,1,2,4,3,4,1,4,2,2,4,2,2,1,1,1,3,3,1,4,4,4,1,3,2,4,1,1,2,3,3,1,2,3,2,2,1,2,2,2,4,2,2,1,3,3,2,1,1,2,2,3,3,3,2,3,1,4,4,4,1,4,2,2,4,4,3,1,3,1,3,2,1,4,1,1,3,4,3,4,3,1,3,3,1,1,1,4,1,3,3,1,1,3,1,1,4,1,4,2,4,1,1,3,1,1,1,4,4,2,4,3,4,1,4,1,3,2,2,2,2,1,1,4,1,2,1,3,3,3,2,4,1,4,1,2,3,2,3,4,4,2,2,1,4,3,4,1,2,3,1,2,3,1,2,4,2,2,1,1,1,2,2,4,1,4,3,4,1,3,2,2,3,1,4,2,3,4,4,2,1,1,3,3,1,3,1,2,4,3,2,1,3,2,3,2,1,4,2,1,3,4,4,3,4,3,3,1,3,1,2,2,3,1,2,1,2,3,2,3,3,2,3,1,1,1,4,2,2,4,2,1,4,4,1,2,3,3,2,3,4,3,2,2,2,4,2,3,2,2,2,4,4,4,4,1,1,3,2,4,4,2,2,1,2,1,2,2,4,4,1,2,4,1,4,3,1,3,2,1,3,2,1,2,3,1,2,2,4,3,1,1,2,3,2,2,1,2,1,1,4,1,4,2,1,1,4,4,1,3,3,4,1,2,2,3,3,2,4,1,3,1,4,4,3,4,2,4,3,4,4,3,3,1,2,3,4,1,4,2,4,1,2,4,1,4,2,4,4,1,4,3,2,1,3,3,2,1,3,4,3,2,3,1,3,3,2,3,3,1,2,2,2,2,4,4,4,2,2,4,2,3,1,2,3,3,4,1,2,2,1,3,2,2,1,3,3,3,2,3,1,4,4,1,1,1,3,1,2,4,2,2,3,3,4,3,3,4,1,4,4,1,1,4,1,1,4,1,2,3,3,4,3,2,1,4,3,2,1,1,2,3,4,1,4,1,1,1,3,3,2,4,4,2,3,4,2,1,4,3,4,1,3,3,2,3,2,3,1,1,1,1,1,4,1,3,2,4,3,1,1,3,4,2,2,2,2,1,4,1,4,2,3,3,1,3,1,1,4,2,2,2,2,4,2,2,3,2,2,1,1,2,1,3,3,3,4,3,2,3,3,3,3,1,3,3,1,1,4,2,4,1,1,1,4,3,2,2,3,2,3,4,1,3,3,1,1,2,3,1,2,4,3,4,1,1,3,4,1,3,3,3,1,1,3,2,3,3,3,2,4,1,1,4,3,3,1,3,4,1,2,3,4,1,1,2,3,2,4,1,1,2,2,2,3,1,3,4,3,2,4,4,3,3,2,2,4,2,1,1,4,3,3,1,3,2,1,4,3,4,4,3,3,1,1,4,4,1,4,2,3,3,2,1,1,4,4,1,4,2,3,2,3,3,4,4,3,4,2,1,4,4,4,1,2,3,2,4,1,2,4,4,3,1,3,2,3,2,4,1,1,4,1,3,2,2,2,3,2,1,2,3,1,4,1,3,1,2,3,4,2,3,3,4,4,3,4,4,2,3,1,2,3,3,2,4,1,1,3,3,1,3,1,4,1,1,1,3,4,2,2,1,3,2,2,1,1,3,2,1,4,4,4,1,3,4,4,4,1,1,1,4,1,1,3,1,2,1,1,2,2,1,3,4,2,3,1,1,2,2,3,1,2,2,4,2,3,1,2,4,2,1,1,1,4,1,1,2,2,3,2,1,1,3,1,3,3,1,2,2,2,3,2,3,4,3,1,1,2,1,2,4,3,1,2,4,1,3,4,3,4,4,3,2,3,3,1,3,3,1,2,3,1,2,2,3,2,3,2,2,2,3,2,4,1,1,4,2,1,4,2,3,3,1,1,4,1,2,4,2,1,3,2,4,3,1,2,1,2,3,4,1,3,3,4,4,3,2,3,3,2,1,3,2,1,2,2,2,1,1,3,3,3,3,3,1,4,2,3,2,2,3,2,2,4,2,2,4,2,2,2,2,2,2,1,4,1,1,4,4,2,3,3,1,2,3,4,4,3,2,2,1,4,2,4,1,2,2,3,4,2,1,4,2,4,1,3,3,1,4,1,3,4,4,2,2,2,2,2,1,1,4,4,2,3,3,4,4,4,2,4,2,1,4,3,2,1,1,2,2,1,1,1,2,4,1,1,3,4,2,1,2,4,4,4,3,1,4,2,3,4,4,2,3,2,1,4,2,3,1,4,4,3,2,2,4,1,2,3,4,1,3,1,1,4,1,2,2,1,4,4,1,2,2,4,4,3,3,1,1,4,4,3,1"
139,0.9875909492720556,0.4509803921568627,2338.0,"3,1,1,3,1,3,4,4,4,3,1,1,1,1,1,1,3,2,1,3,3,3,3,1,4,4,3,2,1,2,4,2,3,2,1,3,1,4,4,1,2,2,1,3,1,2,4,4,1,2,4,1,2,1,4,2,3,4,3,4,3,3,1,1,2,1,1,2,1,4,3,3,1,1,2,1,4,3,2,2,2,1,1,1,2,2,3,3,1,1,3,4,3,1,1,1,1,3,1,1,3,4,3,1,1,2,1,4,1,3,1,1,2,1,1,3,4,2,4,4,1,2,3,4,1,3,4,1,4,2,2,1,3,1,4,3,2,3,2,3,3,3,4,4,1,1,2,4,2,1,2,1,4,3,4,2,2,4,4,1,2,2,4,3,2,3,4,4,1,2,3,1,2,1,4,2,1,1,3,1,2,2,3,2,4,2,2,1,1,2,3,1,3,2,2,4,1,2,4,1,2,2,1,1,1,2,2,4,3,1,2,2,1,3,1,3,2,3,4,2,4,1,1,1,3,2,1,1,2,1,4,2,2,2,4,2,4,2,3,1,3,1,4,3,2,1,1,3,4,3,4,4,1,3,3,4,3,2,2,3,3,4,2,2,1,4,1,2,4,3,4,3,3,4,3,1,2,3,1,3,2,1,2,2,1,1,3,4,2,4,2,4,1,1,2,3,3,3,3,4,1,4,4,4,2,1,2,3,1,2,2,4,2,2,3,3,2,2,2,4,4,4,3,1,4,4,2,4,1,3,4,3,4,3,3,4,4,3,1,1,1,1,4,2,3,1,1,2,2,4,3,3,2,2,2,4,3,2,1,3,3,1,1,3,3,2,4,4,2,1,1,1,1,2,3,2,1,2,4,4,1,2,4,3,1,2,1,4,3,4,1,3,2,4,3,1,2,1,1,2,3,3,2,2,1,1,4,2,4,2,4,1,1,3,4,2,4,1,3,4,1,2,3,1,2,4,2,2,2,3,1,1,2,4,4,1,4,2,1,1,4,1,3,2,3,1,4,3,3,3,4,4,1,4,3,1,4,2,4,4,1,1,1,2,2,4,4,1,1,2,2,1,4,2,1,1,1,2,4,2,4,2,1,1,3,1,4,1,3,1,1,2,4,3,2,3,1,3,2,1,2,4,4,4,3,4,3,3,2,1,1,2,4,2,2,1,3,2,2,3,1,4,2,4,4,2,4,2,3,3,3,3,1,3,2,2,2,4,2,1,1,1,1,1,1,3,1,4,1,2,2,4,1,3,3,3,3,1,4,3,1,1,1,1,1,2,1,1,1,2,2,4,4,1,3,1,4,3,3,4,1,4,3,2,1,4,4,4,2,2,1,1,1,4,2,1,2,3,1,2,1,2,2,4,3,1,2,1,2,3,2,2,1,3,2,1,2,1,3,4,3,1,3,1,1,3,4,3,1,4,1,4,3,3,1,4,1,4,1,3,2,1,2,3,2,4,2,1,2,4,3,4,1,4,2,2,4,2,2,1,1,1,3,3,1,4,4,4,1,3,2,4,1,1,2,3,3,1,2,3,2,2,1,2,2,2,4,2,2,1,3,3,2,1,1,2,2,3,3,3,2,3,1,4,4,4,1,4,2,2,4,4,3,1,3,1,3,2,1,4,1,1,3,4,3,4,3,1,3,3,1,1,1,4,1,3,3,1,1,3,1,1,4,1,4,2,4,1,1,3,1,1,1,4,4,2,4,3,4,1,4,1,3,2,2,2,2,1,1,4,1,2,1,3,3,3,2,4,1,4,1,2,3,2,3,4,4,2,2,1,4,3,4,1,2,3,1,2,3,1,2,4,2,2,1,1,1,2,2,4,1,4,3,4,1,3,2,2,3,1,4,2,3,4,4,2,1,1,3,3,1,3,1,2,4,3,2,1,3,2,3,2,1,4,2,1,3,4,4,3,4,3,3,1,3,1,2,2,3,1,2,1,2,3,2,3,3,2,3,1,1,1,4,2,2,4,2,1,4,4,1,2,3,3,2,3,4,3,2,2,2,4,2,3,2,2,2,4,4,4,4,1,1,3,2,4,4,2,2,1,2,1,2,2,4,4,1,2,4,1,4,3,1,3,2,1,3,2,1,2,3,1,2,2,4,3,1,1,2,3,2,2,1,2,1,1,4,1,4,2,1,1,4,4,1,3,3,4,1,2,2,3,3,2,4,1,3,1,4,4,3,4,2,4,3,4,4,3,3,1,2,3,4,1,4,2,4,1,2,4,1,4,2,4,4,1,4,3,2,1,3,3,2,1,3,4,3,2,3,1,3,3,2,3,3,1,2,2,2,2,4,4,4,2,2,4,2,3,1,2,3,3,4,1,2,2,1,3,2,2,1,3,3,3,2,3,1,4,4,1,1,1,3,1,2,4,2,2,3,3,4,3,3,4,1,4,4,1,1,4,1,1,4,1,2,3,3,4,3,2,1,4,3,2,1,1,2,3,4,1,4,1,1,1,3,3,2,4,4,2,3,4,2,1,4,3,4,1,3,3,2,3,2,3,1,1,1,1,1,4,1,3,2,4,3,1,1,3,4,2,2,2,2,1,4,1,4,2,3,3,1,3,1,1,4,2,2,2,2,4,2,2,3,2,2,1,1,2,1,3,3,3,4,3,2,3,3,3,3,1,3,3,1,1,4,2,4,1,1,1,4,3,2,2,3,2,3,4,1,3,3,1,1,2,3,1,2,4,3,4,1,1,3,4,1,3,3,3,1,1,3,2,3,3,3,2,4,1,1,4,3,3,1,3,4,1,2,3,4,1,1,2,3,2,4,1,1,2,2,2,3,1,3,4,3,2,4,4,3,3,2,2,4,2,1,1,4,3,3,1,3,2,1,4,3,4,4,3,3,1,1,4,4,1,4,2,3,3,2,1,1,4,4,1,4,2,3,2,3,3,4,4,3,4,2,1,4,4,4,1,2,3,2,4,1,2,4,4,3,1,3,2,3,2,4,1,1,4,1,3,2,2,2,3,2,1,2,3,1,4,1,3,1,2,3,4,2,3,3,4,4,3,4,4,2,3,1,2,3,3,2,4,1,1,3,3,1,3,1,4,1,1,1,3,4,2,2,1,3,2,2,1,1,3,2,1,4,4,4,1,3,4,4,4,1,1,1,4,1,1,3,1,2,1,1,2,2,1,3,4,2,3,1,1,2,2,3,1,2,2,4,2,3,1,2,4,2,1,1,1,4,1,1,2,2,3,2,1,1,3,1,3,3,1,2,2,2,3,2,3,4,3,1,1,2,1,2,4,3,1,2,4,1,3,4,3,4,4,3,2,3,3,1,3,3,1,2,3,1,2,2,3,2,3,2,2,2,3,2,4,1,1,4,2,1,4,2,3,3,1,1,4,1,2,4,2,1,3,2,4,3,1,2,1,2,3,4,1,3,3,4,4,3,2,3,3,2,1,3,2,1,2,2,2,1,1,3,3,3,3,3,1,4,2,3,2,2,3,2,2,4,2,2,4,2,2,2,2,2,2,1,4,1,1,4,4,2,3,3,1,2,3,4,4,3,2,2,1,4,2,4,1,2,2,3,4,2,1,4,2,4,1,3,3,1,4,1,3,4,4,2,2,2,2,2,1,1,4,4,2,3,3,4,4,4,2,4,2,1,4,3,2,1,1,2,2,1,1,1,2,4,1,1,3,4,2,1,2,4,4,4,3,1,4,2,3,4,4,2,3,2,1,4,2,3,1,4,4,3,2,2,4,1,2,3,4,1,3,1,1,4,1,2,2,1,4,4,1,2,2,4,4,3,3,1,1,4,4,3,1"
140,0.9875909492720556,0.4509803921568627,2338.0,"3,1,1,3,1,3,4,4,4,3,1,1,1,1,1,1,3,2,1,3,3,3,3,1,4,4,3,2,1,2,4,2,3,2,1,3,1,4,4,1,2,2,1,3,1,2,4,4,1,2,4,1,2,1,4,2,3,4,3,4,3,3,1,1,2,1,1,2,1,4,3,3,1,1,2,1,4,3,2,2,2,1,1,1,2,2,3,3,1,1,3,4,3,1,1,1,1,3,1,1,3,4,3,1,1,2,1,4,1,3,1,1,2,1,1,3,4,2,4,4,1,2,3,4,1,3,4,1,4,2,2,1,3,1,4,3,2,3,2,3,3,3,4,4,1,1,2,4,2,1,2,1,4,3,4,2,2,4,4,1,2,2,4,3,2,3,4,4,1,2,3,1,2,1,4,2,1,1,3,1,2,2,3,2,4,2,2,1,1,2,3,1,3,2,2,4,1,2,4,1,2,2,1,1,1,2,2,4,3,1,2,2,1,3,1,3,2,3,4,2,4,1,1,1,3,2,1,1,2,1,4,2,2,2,4,2,4,2,3,1,3,1,4,3,2,1,1,3,4,3,4,4,1,3,3,4,3,2,2,3,3,4,2,2,1,4,1,2,4,3,4,3,3,4,3,1,2,3,1,3,2,1,2,2,1,1,3,4,2,4,2,4,1,1,2,3,3,3,3,4,1,4,4,4,2,1,2,3,1,2,2,4,2,2,3,3,2,2,2,4,4,4,3,1,4,4,2,4,1,3,4,3,4,3,3,4,4,3,1,1,1,1,4,2,3,1,1,2,2,4,3,3,2,2,2,4,3,2,1,3,3,1,1,3,3,2,4,4,2,1,1,1,1,2,3,2,1,2,4,4,1,2,4,3,1,2,1,4,3,4,1,3,2,4,3,1,2,1,1,2,3,3,2,2,1,1,4,2,4,2,4,1,1,3,4,2,4,1,3,4,1,2,3,1,2,4,2,2,2,3,1,1,2,4,4,1,4,2,1,1,4,1,3,2,3,1,4,3,3,3,4,4,1,4,3,1,4,2,4,4,1,1,1,2,2,4,4,1,1,2,2,1,4,2,1,1,1,2,4,2,4,2,1,1,3,1,4,1,3,1,1,2,4,3,2,3,1,3,2,1,2,4,4,4,3,4,3,3,2,1,1,2,4,2,2,1,3,2,2,3,1,4,2,4,4,2,4,2,3,3,3,3,1,3,2,2,2,4,2,1,1,1,1,1,1,3,1,4,1,2,2,4,1,3,3,3,3,1,4,3,1,1,1,1,1,2,1,1,1,2,2,4,4,1,3,1,4,3,3,4,1,4,3,2,1,4,4,4,2,2,1,1,1,4,2,1,2,3,1,2,1,2,2,4,3,1,2,1,2,3,2,2,1,3,2,1,2,1,3,4,3,1,3,1,1,3,4,3,1,4,1,4,3,3,1,4,1,4,1,3,2,1,2,3,2,4,2,1,2,4,3,4,1,4,2,2,4,2,2,1,1,1,3,3,1,4,4,4,1,3,2,4,1,1,2,3,3,1,2,3,2,2,1,2,2,2,4,2,2,1,3,3,2,1,1,2,2,3,3,3,2,3,1,4,4,4,1,4,2,2,4,4,3,1,3,1,3,2,1,4,1,1,3,4,3,4,3,1,3,3,1,1,1,4,1,3,3,1,1,3,1,1,4,1,4,2,4,1,1,3,1,1,1,4,4,2,4,3,4,1,4,1,3,2,2,2,2,1,1,4,1,2,1,3,3,3,2,4,1,4,1,2,3,2,3,4,4,2,2,1,4,3,4,1,2,3,1,2,3,1,2,4,2,2,1,1,1,2,2,4,1,4,3,4,1,3,2,2,3,1,4,2,3,4,4,2,1,1,3,3,1,3,1,2,4,3,2,1,3,2,3,2,1,4,2,1,3,4,4,3,4,3,3,1,3,1,2,2,3,1,2,1,2,3,2,3,3,2,3,1,1,1,4,2,2,4,2,1,4,4,1,2,3,3,2,3,4,3,2,2,2,4,2,3,2,2,2,4,4,4,4,1,1,3,2,4,4,2,2,1,2,1,2,2,4,4,1,2,4,1,4,3,1,3,2,1,3,2,1,2,3,1,2,2,4,3,1,1,2,3,2,2,1,2,1,1,4,1,4,2,1,1,4,4,1,3,3,4,1,2,2,3,3,2,4,1,3,1,4,4,3,4,2,4,3,4,4,3,3,1,2,3,4,1,4,2,4,1,2,4,1,4,2,4,4,1,4,3,2,1,3,3,2,1,3,4,3,2,3,1,3,3,2,3,3,1,2,2,2,2,4,4,4,2,2,4,2,3,1,2,3,3,4,1,2,2,1,3,2,2,1,3,3,3,2,3,1,4,4,1,1,1,3,1,2,4,2,2,3,3,4,3,3,4,1,4,4,1,1,4,1,1,4,1,2,3,3,4,3,2,1,4,3,2,1,1,2,3,4,1,4,1,1,1,3,3,2,4,4,2,3,4,2,1,4,3,4,1,3,3,2,3,2,3,1,1,1,1,1,4,1,3,2,4,3,1,1,3,4,2,2,2,2,1,4,1,4,2,3,3,1,3,1,1,4,2,2,2,2,4,2,2,3,2,2,1,1,2,1,3,3,3,4,3,2,3,3,3,3,1,3,3,1,1,4,2,4,1,1,1,4,3,2,2,3,2,3,4,1,3,3,1,1,2,3,1,2,4,3,4,1,1,3,4,1,3,3,3,1,1,3,2,3,3,3,2,4,1,1,4,3,3,1,3,4,1,2,3,4,1,1,2,3,2,4,1,1,2,2,2,3,1,3,4,3,2,4,4,3,3,2,2,4,2,1,1,4,3,3,1,3,2,1,4,3,4,4,3,3,1,1,4,4,1,4,2,3,3,2,1,1,4,4,1,4,2,3,2,3,3,4,4,3,4,2,1,4,4,4,1,2,3,2,4,1,2,4,4,3,1,3,2,3,2,4,1,1,4,1,3,2,2,2,3,2,1,2,3,1,4,1,3,1,2,3,4,2,3,3,4,4,3,4,4,2,3,1,2,3,3,2,4,1,1,3,3,1,3,1,4,1,1,1,3,4,2,2,1,3,2,2,1,1,3,2,1,4,4,4,1,3,4,4,4,1,1,1,4,1,1,3,1,2,1,1,2,2,1,3,4,2,3,1,1,2,2,3,1,2,2,4,2,3,1,2,4,2,1,1,1,4,1,1,2,2,3,2,1,1,3,1,3,3,1,2,2,2,3,2,3,4,3,1,1,2,1,2,4,3,1,2,4,1,3,4,3,4,4,3,2,3,3,1,3,3,1,2,3,1,2,2,3,2,3,2,2,2,3,2,4,1,1,4,2,1,4,2,3,3,1,1,4,1,2,4,2,1,3,2,4,3,1,2,1,2,3,4,1,3,3,4,4,3,2,3,3,2,1,3,2,1,2,2,2,1,1,3,3,3,3,3,1,4,2,3,2,2,3,2,2,4,2,2,4,2,2,2,2,2,2,1,4,1,1,4,4,2,3,3,1,2,3,4,4,3,2,2,1,4,2,4,1,2,2,3,4,2,1,4,2,4,1,3,3,1,4,1,3,4,4,2,2,2,2,2,1,1,4,4,2,3,3,4,4,4,2,4,2,1,4,3,2,1,1,2,2,1,1,1,2,4,1,1,3,4,2,1,2,4,4,4,3,1,4,2,3,4,4,2,3,2,1,4,2,3,1,4,4,3,2,2,4,1,2,3,4,1,3,1,1,4,1,2,2,1,4,4,1,2,2,4,4,3,3,1,1,4,4,3,1"
141,0.9875909492720556,0.4509803921568627,2338.0,"3,1,1,3,1,3,4,4,4,3,1,1,1,1,1,1,3,2,1,3,3,3,3,1,4,4,3,2,1,2,4,2,3,2,1,3,1,4,4,1,2,2,1,3,1,2,4,4,1,2,4,1,2,1,4,2,3,4,3,4,3,3,1,1,2,1,1,2,1,4,3,3,1,1,2,1,4,3,2,2,2,1,1,1,2,2,3,3,1,1,3,4,3,1,1,1,1,3,1,1,3,4,3,1,1,2,1,4,1,3,1,1,2,1,1,3,4,2,4,4,1,2,3,4,1,3,4,1,4,2,2,1,3,1,4,3,2,3,2,3,3,3,4,4,1,1,2,4,2,1,2,1,4,3,4,2,2,4,4,1,2,2,4,3,2,3,4,4,1,2,3,1,2,1,4,2,1,1,3,1,2,2,3,2,4,2,2,1,1,2,3,1,3,2,2,4,1,2,4,1,2,2,1,1,1,2,2,4,3,1,2,2,1,3,1,3,2,3,4,2,4,1,1,1,3,2,1,1,2,1,4,2,2,2,4,2,4,2,3,1,3,1,4,3,2,1,1,3,4,3,4,4,1,3,3,4,3,2,2,3,3,4,2,2,1,4,1,2,4,3,4,3,3,4,3,1,2,3,1,3,2,1,2,2,1,1,3,4,2,4,2,4,1,1,2,3,3,3,3,4,1,4,4,4,2,1,2,3,1,2,2,4,2,2,3,3,2,2,2,4,4,4,3,1,4,4,2,4,1,3,4,3,4,3,3,4,4,3,1,1,1,1,4,2,3,1,1,2,2,4,3,3,2,2,2,4,3,2,1,3,3,1,1,3,3,2,4,4,2,1,1,1,1,2,3,2,1,2,4,4,1,2,4,3,1,2,1,4,3,4,1,3,2,4,3,1,2,1,1,2,3,3,2,2,1,1,4,2,4,2,4,1,1,3,4,2,4,1,3,4,1,2,3,1,2,4,2,2,2,3,1,1,2,4,4,1,4,2,1,1,4,1,3,2,3,1,4,3,3,3,4,4,1,4,3,1,4,2,4,4,1,1,1,2,2,4,4,1,1,2,2,1,4,2,1,1,1,2,4,2,4,2,1,1,3,1,4,1,3,1,1,2,4,3,2,3,1,3,2,1,2,4,4,4,3,4,3,3,2,1,1,2,4,2,2,1,3,2,2,3,1,4,2,4,4,2,4,2,3,3,3,3,1,3,2,2,2,4,2,1,1,1,1,1,1,3,1,4,1,2,2,4,1,3,3,3,3,1,4,3,1,1,1,1,1,2,1,1,1,2,2,4,4,1,3,1,4,3,3,4,1,4,3,2,1,4,4,4,2,2,1,1,1,4,2,1,2,3,1,2,1,2,2,4,3,1,2,1,2,3,2,2,1,3,2,1,2,1,3,4,3,1,3,1,1,3,4,3,1,4,1,4,3,3,1,4,1,4,1,3,2,1,2,3,2,4,2,1,2,4,3,4,1,4,2,2,4,2,2,1,1,1,3,3,1,4,4,4,1,3,2,4,1,1,2,3,3,1,2,3,2,2,1,2,2,2,4,2,2,1,3,3,2,1,1,2,2,3,3,3,2,3,1,4,4,4,1,4,2,2,4,4,3,1,3,1,3,2,1,4,1,1,3,4,3,4,3,1,3,3,1,1,1,4,1,3,3,1,1,3,1,1,4,1,4,2,4,1,1,3,1,1,1,4,4,2,4,3,4,1,4,1,3,2,2,2,2,1,1,4,1,2,1,3,3,3,2,4,1,4,1,2,3,2,3,4,4,2,2,1,4,3,4,1,2,3,1,2,3,1,2,4,2,2,1,1,1,2,2,4,1,4,3,4,1,3,2,2,3,1,4,2,3,4,4,2,1,1,3,3,1,3,1,2,4,3,2,1,3,2,3,2,1,4,2,1,3,4,4,3,4,3,3,1,3,1,2,2,3,1,2,1,2,3,2,3,3,2,3,1,1,1,4,2,2,4,2,1,4,4,1,2,3,3,2,3,4,3,2,2,2,4,2,3,2,2,2,4,4,4,4,1,1,3,2,4,4,2,2,1,2,1,2,2,4,4,1,2,4,1,4,3,1,3,2,1,3,2,1,2,3,1,2,2,4,3,1,1,2,3,2,2,1,2,1,1,4,1,4,2,1,1,4,4,1,3,3,4,1,2,2,3,3,2,4,1,3,1,4,4,3,4,2,4,3,4,4,3,3,1,2,3,4,1,4,2,4,1,2,4,1,4,2,4,4,1,4,3,2,1,3,3,2,1,3,4,3,2,3,1,3,3,2,3,3,1,2,2,2,2,4,4,4,2,2,4,2,3,1,2,3,3,4,1,2,2,1,3,2,2,1,3,3,3,2,3,1,4,4,1,1,1,3,1,2,4,2,2,3,3,4,3,3,4,1,4,4,1,1,4,1,1,4,1,2,3,3,4,3,2,1,4,3,2,1,1,2,3,4,1,4,1,1,1,3,3,2,4,4,2,3,4,2,1,4,3,4,1,3,3,2,3,2,3,1,1,1,1,1,4,1,3,2,4,3,1,1,3,4,2,2,2,2,1,4,1,4,2,3,3,1,3,1,1,4,2,2,2,2,4,2,2,3,2,2,1,1,2,1,3,3,3,4,3,2,3,3,3,3,1,3,3,1,1,4,2,4,1,1,1,4,3,2,2,3,2,3,4,1,3,3,1,1,2,3,1,2,4,3,4,1,1,3,4,1,3,3,3,1,1,3,2,3,3,3,2,4,1,1,4,3,3,1,3,4,1,2,3,4,1,1,2,3,2,4,1,1,2,2,2,3,1,3,4,3,2,4,4,3,3,2,2,4,2,1,1,4,3,3,1,3,2,1,4,3,4,4,3,3,1,1,4,4,1,4,2,3,3,2,1,1,4,4,1,4,2,3,2,3,3,4,4,3,4,2,1,4,4,4,1,2,3,2,4,1,2,4,4,3,1,3,2,3,2,4,1,1,4,1,3,2,2,2,3,2,1,2,3,1,4,1,3,1,2,3,4,2,3,3,4,4,3,4,4,2,3,1,2,3,3,2,4,1,1,3,3,1,3,1,4,1,1,1,3,4,2,2,1,3,2,2,1,1,3,2,1,4,4,4,1,3,4,4,4,1,1,1,4,1,1,3,1,2,1,1,2,2,1,3,4,2,3,1,1,2,2,3,1,2,2,4,2,3,1,2,4,2,1,1,1,4,1,1,2,2,3,2,1,1,3,1,3,3,1,2,2,2,3,2,3,4,3,1,1,2,1,2,4,3,1,2,4,1,3,4,3,4,4,3,2,3,3,1,3,3,1,2,3,1,2,2,3,2,3,2,2,2,3,2,4,1,1,4,2,1,4,2,3,3,1,1,4,1,2,4,2,1,3,2,4,3,1,2,1,2,3,4,1,3,3,4,4,3,2,3,3,2,1,3,2,1,2,2,2,1,1,3,3,3,3,3,1,4,2,3,2,2,3,2,2,4,2,2,4,2,2,2,2,2,2,1,4,1,1,4,4,2,3,3,1,2,3,4,4,3,2,2,1,4,2,4,1,2,2,3,4,2,1,4,2,4,1,3,3,1,4,1,3,4,4,2,2,2,2,2,1,1,4,4,2,3,3,4,4,4,2,4,2,1,4,3,2,1,1,2,2,1,1,1,2,4,1,1,3,4,2,1,2,4,4,4,3,1,4,2,3,4,4,2,3,2,1,4,2,3,1,4,4,3,2,2,4,1,2,3,4,1,3,1,1,4,1,2,2,1,4,4,1,2,2,4,4,3,3,1,1,4,4,3,1"
142,0.9875909492720556,0.4509803921568627,2338.0,"3,1,1,3,1,3,4,4,4,3,1,1,1,1,1,1,3,2,1,3,3,3,3,1,4,4,3,2,1,2,4,2,3,2,1,3,1,4,4,1,2,2,1,3,1,2,4,4,1,2,4,1,2,1,4,2,3,4,3,4,3,3,1,1,2,1,1,2,1,4,3,3,1,1,2,1,4,3,2,2,2,1,1,1,2,2,3,3,1,1,3,4,3,1,1,1,1,3,1,1,3,4,3,1,1,2,1,4,1,3,1,1,2,1,1,3,4,2,4,4,1,2,3,4,1,3,4,1,4,2,2,1,3,1,4,3,2,3,2,3,3,3,4,4,1,1,2,4,2,1,2,1,4,3,4,2,2,4,4,1,2,2,4,3,2,3,4,4,1,2,3,1,2,1,4,2,1,1,3,1,2,2,3,2,4,2,2,1,1,2,3,1,3,2,2,4,1,2,4,1,2,2,1,1,1,2,2,4,3,1,2,2,1,3,1,3,2,3,4,2,4,1,1,1,3,2,1,1,2,1,4,2,2,2,4,2,4,2,3,1,3,1,4,3,2,1,1,3,4,3,4,4,1,3,3,4,3,2,2,3,3,4,2,2,1,4,1,2,4,3,4,3,3,4,3,1,2,3,1,3,2,1,2,2,1,1,3,4,2,4,2,4,1,1,2,3,3,3,3,4,1,4,4,4,2,1,2,3,1,2,2,4,2,2,3,3,2,2,2,4,4,4,3,1,4,4,2,4,1,3,4,3,4,3,3,4,4,3,1,1,1,1,4,2,3,1,1,2,2,4,3,3,2,2,2,4,3,2,1,3,3,1,1,3,3,2,4,4,2,1,1,1,1,2,3,2,1,2,4,4,1,2,4,3,1,2,1,4,3,4,1,3,2,4,3,1,2,1,1,2,3,3,2,2,1,1,4,2,4,2,4,1,1,3,4,2,4,1,3,4,1,2,3,1,2,4,2,2,2,3,1,1,2,4,4,1,4,2,1,1,4,1,3,2,3,1,4,3,3,3,4,4,1,4,3,1,4,2,4,4,1,1,1,2,2,4,4,1,1,2,2,1,4,2,1,1,1,2,4,2,4,2,1,1,3,1,4,1,3,1,1,2,4,3,2,3,1,3,2,1,2,4,4,4,3,4,3,3,2,1,1,2,4,2,2,1,3,2,2,3,1,4,2,4,4,2,4,2,3,3,3,3,1,3,2,2,2,4,2,1,1,1,1,1,1,3,1,4,1,2,2,4,1,3,3,3,3,1,4,3,1,1,1,1,1,2,1,1,1,2,2,4,4,1,3,1,4,3,3,4,1,4,3,2,1,4,4,4,2,2,1,1,1,4,2,1,2,3,1,2,1,2,2,4,3,1,2,1,2,3,2,2,1,3,2,1,2,1,3,4,3,1,3,1,1,3,4,3,1,4,1,4,3,3,1,4,1,4,1,3,2,1,2,3,2,4,2,1,2,4,3,4,1,4,2,2,4,2,2,1,1,1,3,3,1,4,4,4,1,3,2,4,1,1,2,3,3,1,2,3,2,2,1,2,2,2,4,2,2,1,3,3,2,1,1,2,2,3,3,3,2,3,1,4,4,4,1,4,2,2,4,4,3,1,3,1,3,2,1,4,1,1,3,4,3,4,3,1,3,3,1,1,1,4,1,3,3,1,1,3,1,1,4,1,4,2,4,1,1,3,1,1,1,4,4,2,4,3,4,1,4,1,3,2,2,2,2,1,1,4,1,2,1,3,3,3,2,4,1,4,1,2,3,2,3,4,4,2,2,1,4,3,4,1,2,3,1,2,3,1,2,4,2,2,1,1,1,2,2,4,1,4,3,4,1,3,2,2,3,1,4,2,3,4,4,2,1,1,3,3,1,3,1,2,4,3,2,1,3,2,3,2,1,4,2,1,3,4,4,3,4,3,3,1,3,1,2,2,3,1,2,1,2,3,2,3,3,2,3,1,1,1,4,2,2,4,2,1,4,4,1,2,3,3,2,3,4,3,2,2,2,4,2,3,2,2,2,4,4,4,4,1,1,3,2,4,4,2,2,1,2,1,2,2,4,4,1,2,4,1,4,3,1,3,2,1,3,2,1,2,3,1,2,2,4,3,1,1,2,3,2,2,1,2,1,1,4,1,4,2,1,1,4,4,1,3,3,4,1,2,2,3,3,2,4,1,3,1,4,4,3,4,2,4,3,4,4,3,3,1,2,3,4,1,4,2,4,1,2,4,1,4,2,4,4,1,4,3,2,1,3,3,2,1,3,4,3,2,3,1,3,3,2,3,3,1,2,2,2,2,4,4,4,2,2,4,2,3,1,2,3,3,4,1,2,2,1,3,2,2,1,3,3,3,2,3,1,4,4,1,1,1,3,1,2,4,2,2,3,3,4,3,3,4,1,4,4,1,1,4,1,1,4,1,2,3,3,4,3,2,1,4,3,2,1,1,2,3,4,1,4,1,1,1,3,3,2,4,4,2,3,4,2,1,4,3,4,1,3,3,2,3,2,3,1,1,1,1,1,4,1,3,2,4,3,1,1,3,4,2,2,2,2,1,4,1,4,2,3,3,1,3,1,1,4,2,2,2,2,4,2,2,3,2,2,1,1,2,1,3,3,3,4,3,2,3,3,3,3,1,3,3,1,1,4,2,4,1,1,1,4,3,2,2,3,2,3,4,1,3,3,1,1,2,3,1,2,4,3,4,1,1,3,4,1,3,3,3,1,1,3,2,3,3,3,2,4,1,1,4,3,3,1,3,4,1,2,3,4,1,1,2,3,2,4,1,1,2,2,2,3,1,3,4,3,2,4,4,3,3,2,2,4,2,1,1,4,3,3,1,3,2,1,4,3,4,4,3,3,1,1,4,4,1,4,2,3,3,2,1,1,4,4,1,4,2,3,2,3,3,4,4,3,4,2,1,4,4,4,1,2,3,2,4,1,2,4,4,3,1,3,2,3,2,4,1,1,4,1,3,2,2,2,3,2,1,2,3,1,4,1,3,1,2,3,4,2,3,3,4,4,3,4,4,2,3,1,2,3,3,2,4,1,1,3,3,1,3,1,4,1,1,1,3,4,2,2,1,3,2,2,1,1,3,2,1,4,4,4,1,3,4,4,4,1,1,1,4,1,1,3,1,2,1,1,2,2,1,3,4,2,3,1,1,2,2,3,1,2,2,4,2,3,1,2,4,2,1,1,1,4,1,1,2,2,3,2,1,1,3,1,3,3,1,2,2,2,3,2,3,4,3,1,1,2,1,2,4,3,1,2,4,1,3,4,3,4,4,3,2,3,3,1,3,3,1,2,3,1,2,2,3,2,3,2,2,2,3,2,4,1,1,4,2,1,4,2,3,3,1,1,4,1,2,4,2,1,3,2,4,3,1,2,1,2,3,4,1,3,3,4,4,3,2,3,3,2,1,3,2,1,2,2,2,1,1,3,3,3,3,3,1,4,2,3,2,2,3,2,2,4,2,2,4,2,2,2,2,2,2,1,4,1,1,4,4,2,3,3,1,2,3,4,4,3,2,2,1,4,2,4,1,2,2,3,4,2,1,4,2,4,1,3,3,1,4,1,3,4,4,2,2,2,2,2,1,1,4,4,2,3,3,4,4,4,2,4,2,1,4,3,2,1,1,2,2,1,1,1,2,4,1,1,3,4,2,1,2,4,4,4,3,1,4,2,3,4,4,2,3,2,1,4,2,3,1,4,4,3,2,2,4,1,2,3,4,1,3,1,1,4,1,2,2,1,4,4,1,2,2,4,4,3,3,1,1,4,4,3,1"
143,0.9875909492720556,0.4509803921568627,2338.0,"3,1,1,3,1,3,4,4,4,3,1,1,1,1,1,1,3,2,1,3,3,3,3,1,4,4,3,2,1,2,4,2,3,2,1,3,1,4,4,1,2,2,1,3,1,2,4,4,1,2,4,1,2,1,4,2,3,4,3,4,3,3,1,1,2,1,1,2,1,4,3,3,1,1,2,1,4,3,2,2,2,1,1,1,2,2,3,3,1,1,3,4,3,1,1,1,1,3,1,1,3,4,3,1,1,2,1,4,1,3,1,1,2,1,1,3,4,2,4,4,1,2,3,4,1,3,4,1,4,2,2,1,3,1,4,3,2,3,2,3,3,3,4,4,1,1,2,4,2,1,2,1,4,3,4,2,2,4,4,1,2,2,4,3,2,3,4,4,1,2,3,1,2,1,4,2,1,1,3,1,2,2,3,2,4,2,2,1,1,2,3,1,3,2,2,4,1,2,4,1,2,2,1,1,1,2,2,4,3,1,2,2,1,3,1,3,2,3,4,2,4,1,1,1,3,2,1,1,2,1,4,2,2,2,4,2,4,2,3,1,3,1,4,3,2,1,1,3,4,3,4,4,1,3,3,4,3,2,2,3,3,4,2,2,1,4,1,2,4,3,4,3,3,4,3,1,2,3,1,3,2,1,2,2,1,1,3,4,2,4,2,4,1,1,2,3,3,3,3,4,1,4,4,4,2,1,2,3,1,2,2,4,2,2,3,3,2,2,2,4,4,4,3,1,4,4,2,4,1,3,4,3,4,3,3,4,4,3,1,1,1,1,4,2,3,1,1,2,2,4,3,3,2,2,2,4,3,2,1,3,3,1,1,3,3,2,4,4,2,1,1,1,1,2,3,2,1,2,4,4,1,2,4,3,1,2,1,4,3,4,1,3,2,4,3,1,2,1,1,2,3,3,2,2,1,1,4,2,4,2,4,1,1,3,4,2,4,1,3,4,1,2,3,1,2,4,2,2,2,3,1,1,2,4,4,1,4,2,1,1,4,1,3,2,3,1,4,3,3,3,4,4,1,4,3,1,4,2,4,4,1,1,1,2,2,4,4,1,1,2,2,1,4,2,1,1,1,2,4,2,4,2,1,1,3,1,4,1,3,1,1,2,4,3,2,3,1,3,2,1,2,4,4,4,3,4,3,3,2,1,1,2,4,2,2,1,3,2,2,3,1,4,2,4,4,2,4,2,3,3,3,3,1,3,2,2,2,4,2,1,1,1,1,1,1,3,1,4,1,2,2,4,1,3,3,3,3,1,4,3,1,1,1,1,1,2,1,1,1,2,2,4,4,1,3,1,4,3,3,4,1,4,3,2,1,4,4,4,2,2,1,1,1,4,2,1,2,3,1,2,1,2,2,4,3,1,2,1,2,3,2,2,1,3,2,1,2,1,3,4,3,1,3,1,1,3,4,3,1,4,1,4,3,3,1,4,1,4,1,3,2,1,2,3,2,4,2,1,2,4,3,4,1,4,2,2,4,2,2,1,1,1,3,3,1,4,4,4,1,3,2,4,1,1,2,3,3,1,2,3,2,2,1,2,2,2,4,2,2,1,3,3,2,1,1,2,2,3,3,3,2,3,1,4,4,4,1,4,2,2,4,4,3,1,3,1,3,2,1,4,1,1,3,4,3,4,3,1,3,3,1,1,1,4,1,3,3,1,1,3,1,1,4,1,4,2,4,1,1,3,1,1,1,4,4,2,4,3,4,1,4,1,3,2,2,2,2,1,1,4,1,2,1,3,3,3,2,4,1,4,1,2,3,2,3,4,4,2,2,1,4,3,4,1,2,3,1,2,3,1,2,4,2,2,1,1,1,2,2,4,1,4,3,4,1,3,2,2,3,1,4,2,3,4,4,2,1,1,3,3,1,3,1,2,4,3,2,1,3,2,3,2,1,4,2,1,3,4,4,3,4,3,3,1,3,1,2,2,3,1,2,1,2,3,2,3,3,2,3,1,1,1,4,2,2,4,2,1,4,4,1,2,3,3,2,3,4,3,2,2,2,4,2,3,2,2,2,4,4,4,4,1,1,3,2,4,4,2,2,1,2,1,2,2,4,4,1,2,4,1,4,3,1,3,2,1,3,2,1,2,3,1,2,2,4,3,1,1,2,3,2,2,1,2,1,1,4,1,4,2,1,1,4,4,1,3,3,4,1,2,2,3,3,2,4,1,3,1,4,4,3,4,2,4,3,4,4,3,3,1,2,3,4,1,4,2,4,1,2,4,1,4,2,4,4,1,4,3,2,1,3,3,2,1,3,4,3,2,3,1,3,3,2,3,3,1,2,2,2,2,4,4,4,2,2,4,2,3,1,2,3,3,4,1,2,2,1,3,2,2,1,3,3,3,2,3,1,4,4,1,1,1,3,1,2,4,2,2,3,3,4,3,3,4,1,4,4,1,1,4,1,1,4,1,2,3,3,4,3,2,1,4,3,2,1,1,2,3,4,1,4,1,1,1,3,3,2,4,4,2,3,4,2,1,4,3,4,1,3,3,2,3,2,3,1,1,1,1,1,4,1,3,2,4,3,1,1,3,4,2,2,2,2,1,4,1,4,2,3,3,1,3,1,1,4,2,2,2,2,4,2,2,3,2,2,1,1,2,1,3,3,3,4,3,2,3,3,3,3,1,3,3,1,1,4,2,4,1,1,1,4,3,2,2,3,2,3,4,1,3,3,1,1,2,3,1,2,4,3,4,1,1,3,4,1,3,3,3,1,1,3,2,3,3,3,2,4,1,1,4,3,3,1,3,4,1,2,3,4,1,1,2,3,2,4,1,1,2,2,2,3,1,3,4,3,2,4,4,3,3,2,2,4,2,1,1,4,3,3,1,3,2,1,4,3,4,4,3,3,1,1,4,4,1,4,2,3,3,2,1,1,4,4,1,4,2,3,2,3,3,4,4,3,4,2,1,4,4,4,1,2,3,2,4,1,2,4,4,3,1,3,2,3,2,4,1,1,4,1,3,2,2,2,3,2,1,2,3,1,4,1,3,1,2,3,4,2,3,3,4,4,3,4,4,2,3,1,2,3,3,2,4,1,1,3,3,1,3,1,4,1,1,1,3,4,2,2,1,3,2,2,1,1,3,2,1,4,4,4,1,3,4,4,4,1,1,1,4,1,1,3,1,2,1,1,2,2,1,3,4,2,3,1,1,2,2,3,1,2,2,4,2,3,1,2,4,2,1,1,1,4,1,1,2,2,3,2,1,1,3,1,3,3,1,2,2,2,3,2,3,4,3,1,1,2,1,2,4,3,1,2,4,1,3,4,3,4,4,3,2,3,3,1,3,3,1,2,3,1,2,2,3,2,3,2,2,2,3,2,4,1,1,4,2,1,4,2,3,3,1,1,4,1,2,4,2,1,3,2,4,3,1,2,1,2,3,4,1,3,3,4,4,3,2,3,3,2,1,3,2,1,2,2,2,1,1,3,3,3,3,3,1,4,2,3,2,2,3,2,2,4,2,2,4,2,2,2,2,2,2,1,4,1,1,4,4,2,3,3,1,2,3,4,4,3,2,2,1,4,2,4,1,2,2,3,4,2,1,4,2,4,1,3,3,1,4,1,3,4,4,2,2,2,2,2,1,1,4,4,2,3,3,4,4,4,2,4,2,1,4,3,2,1,1,2,2,1,1,1,2,4,1,1,3,4,2,1,2,4,4,4,3,1,4,2,3,4,4,2,3,2,1,4,2,3,1,4,4,3,2,2,4,1,2,3,4,1,3,1,1,4,1,2,2,1,4,4,1,2,2,4,4,3,3,1,1,4,4,3,1"
144,0.9875909492720556,0.4509803921568627,2338.0,"3,1,1,3,1,3,4,4,4,3,1,1,1,1,1,1,3,2,1,3,3,3,3,1,4,4,3,2,1,2,4,2,3,2,1,3,1,4,4,1,2,2,1,3,1,2,4,4,1,2,4,1,2,1,4,2,3,4,3,4,3,3,1,1,2,1,1,2,1,4,3,3,1,1,2,1,4,3,2,2,2,1,1,1,2,2,3,3,1,1,3,4,3,1,1,1,1,3,1,1,3,4,3,1,1,2,1,4,1,3,1,1,2,1,1,3,4,2,4,4,1,2,3,4,1,3,4,1,4,2,2,1,3,1,4,3,2,3,2,3,3,3,4,4,1,1,2,4,2,1,2,1,4,3,4,2,2,4,4,1,2,2,4,3,2,3,4,4,1,2,3,1,2,1,4,2,1,1,3,1,2,2,3,2,4,2,2,1,1,2,3,1,3,2,2,4,1,2,4,1,2,2,1,1,1,2,2,4,3,1,2,2,1,3,1,3,2,3,4,2,4,1,1,1,3,2,1,1,2,1,4,2,2,2,4,2,4,2,3,1,3,1,4,3,2,1,1,3,4,3,4,4,1,3,3,4,3,2,2,3,3,4,2,2,1,4,1,2,4,3,4,3,3,4,3,1,2,3,1,3,2,1,2,2,1,1,3,4,2,4,2,4,1,1,2,3,3,3,3,4,1,4,4,4,2,1,2,3,1,2,2,4,2,2,3,3,2,2,2,4,4,4,3,1,4,4,2,4,1,3,4,3,4,3,3,4,4,3,1,1,1,1,4,2,3,1,1,2,2,4,3,3,2,2,2,4,3,2,1,3,3,1,1,3,3,2,4,4,2,1,1,1,1,2,3,2,1,2,4,4,1,2,4,3,1,2,1,4,3,4,1,3,2,4,3,1,2,1,1,2,3,3,2,2,1,1,4,2,4,2,4,1,1,3,4,2,4,1,3,4,1,2,3,1,2,4,2,2,2,3,1,1,2,4,4,1,4,2,1,1,4,1,3,2,3,1,4,3,3,3,4,4,1,4,3,1,4,2,4,4,1,1,1,2,2,4,4,1,1,2,2,1,4,2,1,1,1,2,4,2,4,2,1,1,3,1,4,1,3,1,1,2,4,3,2,3,1,3,2,1,2,4,4,4,3,4,3,3,2,1,1,2,4,2,2,1,3,2,2,3,1,4,2,4,4,2,4,2,3,3,3,3,1,3,2,2,2,4,2,1,1,1,1,1,1,3,1,4,1,2,2,4,1,3,3,3,3,1,4,3,1,1,1,1,1,2,1,1,1,2,2,4,4,1,3,1,4,3,3,4,1,4,3,2,1,4,4,4,2,2,1,1,1,4,2,1,2,3,1,2,1,2,2,4,3,1,2,1,2,3,2,2,1,3,2,1,2,1,3,4,3,1,3,1,1,3,4,3,1,4,1,4,3,3,1,4,1,4,1,3,2,1,2,3,2,4,2,1,2,4,3,4,1,4,2,2,4,2,2,1,1,1,3,3,1,4,4,4,1,3,2,4,1,1,2,3,3,1,2,3,2,2,1,2,2,2,4,2,2,1,3,3,2,1,1,2,2,3,3,3,2,3,1,4,4,4,1,4,2,2,4,4,3,1,3,1,3,2,1,4,1,1,3,4,3,4,3,1,3,3,1,1,1,4,1,3,3,1,1,3,1,1,4,1,4,2,4,1,1,3,1,1,1,4,4,2,4,3,4,1,4,1,3,2,2,2,2,1,1,4,1,2,1,3,3,3,2,4,1,4,1,2,3,2,3,4,4,2,2,1,4,3,4,1,2,3,1,2,3,1,2,4,2,2,1,1,1,2,2,4,1,4,3,4,1,3,2,2,3,1,4,2,3,4,4,2,1,1,3,3,1,3,1,2,4,3,2,1,3,2,3,2,1,4,2,1,3,4,4,3,4,3,3,1,3,1,2,2,3,1,2,1,2,3,2,3,3,2,3,1,1,1,4,2,2,4,2,1,4,4,1,2,3,3,2,3,4,3,2,2,2,4,2,3,2,2,2,4,4,4,4,1,1,3,2,4,4,2,2,1,2,1,2,2,4,4,1,2,4,1,4,3,1,3,2,1,3,2,1,2,3,1,2,2,4,3,1,1,2,3,2,2,1,2,1,1,4,1,4,2,1,1,4,4,1,3,3,4,1,2,2,3,3,2,4,1,3,1,4,4,3,4,2,4,3,4,4,3,3,1,2,3,4,1,4,2,4,1,2,4,1,4,2,4,4,1,4,3,2,1,3,3,2,1,3,4,3,2,3,1,3,3,2,3,3,1,2,2,2,2,4,4,4,2,2,4,2,3,1,2,3,3,4,1,2,2,1,3,2,2,1,3,3,3,2,3,1,4,4,1,1,1,3,1,2,4,2,2,3,3,4,3,3,4,1,4,4,1,1,4,1,1,4,1,2,3,3,4,3,2,1,4,3,2,1,1,2,3,4,1,4,1,1,1,3,3,2,4,4,2,3,4,2,1,4,3,4,1,3,3,2,3,2,3,1,1,1,1,1,4,1,3,2,4,3,1,1,3,4,2,2,2,2,1,4,1,4,2,3,3,1,3,1,1,4,2,2,2,2,4,2,2,3,2,2,1,1,2,1,3,3,3,4,3,2,3,3,3,3,1,3,3,1,1,4,2,4,1,1,1,4,3,2,2,3,2,3,4,1,3,3,1,1,2,3,1,2,4,3,4,1,1,3,4,1,3,3,3,1,1,3,2,3,3,3,2,4,1,1,4,3,3,1,3,4,1,2,3,4,1,1,2,3,2,4,1,1,2,2,2,3,1,3,4,3,2,4,4,3,3,2,2,4,2,1,1,4,3,3,1,3,2,1,4,3,4,4,3,3,1,1,4,4,1,4,2,3,3,2,1,1,4,4,1,4,2,3,2,3,3,4,4,3,4,2,1,4,4,4,1,2,3,2,4,1,2,4,4,3,1,3,2,3,2,4,1,1,4,1,3,2,2,2,3,2,1,2,3,1,4,1,3,1,2,3,4,2,3,3,4,4,3,4,4,2,3,1,2,3,3,2,4,1,1,3,3,1,3,1,4,1,1,1,3,4,2,2,1,3,2,2,1,1,3,2,1,4,4,4,1,3,4,4,4,1,1,1,4,1,1,3,1,2,1,1,2,2,1,3,4,2,3,1,1,2,2,3,1,2,2,4,2,3,1,2,4,2,1,1,1,4,1,1,2,2,3,2,1,1,3,1,3,3,1,2,2,2,3,2,3,4,3,1,1,2,1,2,4,3,1,2,4,1,3,4,3,4,4,3,2,3,3,1,3,3,1,2,3,1,2,2,3,2,3,2,2,2,3,2,4,1,1,4,2,1,4,2,3,3,1,1,4,1,2,4,2,1,3,2,4,3,1,2,1,2,3,4,1,3,3,4,4,3,2,3,3,2,1,3,2,1,2,2,2,1,1,3,3,3,3,3,1,4,2,3,2,2,3,2,2,4,2,2,4,2,2,2,2,2,2,1,4,1,1,4,4,2,3,3,1,2,3,4,4,3,2,2,1,4,2,4,1,2,2,3,4,2,1,4,2,4,1,3,3,1,4,1,3,4,4,2,2,2,2,2,1,1,4,4,2,3,3,4,4,4,2,4,2,1,4,3,2,1,1,2,2,1,1,1,2,4,1,1,3,4,2,1,2,4,4,4,3,1,4,2,3,4,4,2,3,2,1,4,2,3,1,4,4,3,2,2,4,1,2,3,4,1,3,1,1,4,1,2,2,1,4,4,1,2,2,4,4,3,3,1,1,4,4,3,1"
145,0.9875909492720556,0.4509803921568627,2338.0,"3,1,1,3,1,3,4,4,4,3,1,1,1,1,1,1,3,2,1,3,3,3,3,1,4,4,3,2,1,2,4,2,3,2,1,3,1,4,4,1,2,2,1,3,1,2,4,4,1,2,4,1,2,1,4,2,3,4,3,4,3,3,1,1,2,1,1,2,1,4,3,3,1,1,2,1,4,3,2,2,2,1,1,1,2,2,3,3,1,1,3,4,3,1,1,1,1,3,1,1,3,4,3,1,1,2,1,4,1,3,1,1,2,1,1,3,4,2,4,4,1,2,3,4,1,3,4,1,4,2,2,1,3,1,4,3,2,3,2,3,3,3,4,4,1,1,2,4,2,1,2,1,4,3,4,2,2,4,4,1,2,2,4,3,2,3,4,4,1,2,3,1,2,1,4,2,1,1,3,1,2,2,3,2,4,2,2,1,1,2,3,1,3,2,2,4,1,2,4,1,2,2,1,1,1,2,2,4,3,1,2,2,1,3,1,3,2,3,4,2,4,1,1,1,3,2,1,1,2,1,4,2,2,2,4,2,4,2,3,1,3,1,4,3,2,1,1,3,4,3,4,4,1,3,3,4,3,2,2,3,3,4,2,2,1,4,1,2,4,3,4,3,3,4,3,1,2,3,1,3,2,1,2,2,1,1,3,4,2,4,2,4,1,1,2,3,3,3,3,4,1,4,4,4,2,1,2,3,1,2,2,4,2,2,3,3,2,2,2,4,4,4,3,1,4,4,2,4,1,3,4,3,4,3,3,4,4,3,1,1,1,1,4,2,3,1,1,2,2,4,3,3,2,2,2,4,3,2,1,3,3,1,1,3,3,2,4,4,2,1,1,1,1,2,3,2,1,2,4,4,1,2,4,3,1,2,1,4,3,4,1,3,2,4,3,1,2,1,1,2,3,3,2,2,1,1,4,2,4,2,4,1,1,3,4,2,4,1,3,4,1,2,3,1,2,4,2,2,2,3,1,1,2,4,4,1,4,2,1,1,4,1,3,2,3,1,4,3,3,3,4,4,1,4,3,1,4,2,4,4,1,1,1,2,2,4,4,1,1,2,2,1,4,2,1,1,1,2,4,2,4,2,1,1,3,1,4,1,3,1,1,2,4,3,2,3,1,3,2,1,2,4,4,4,3,4,3,3,2,1,1,2,4,2,2,1,3,2,2,3,1,4,2,4,4,2,4,2,3,3,3,3,1,3,2,2,2,4,2,1,1,1,1,1,1,3,1,4,1,2,2,4,1,3,3,3,3,1,4,3,1,1,1,1,1,2,1,1,1,2,2,4,4,1,3,1,4,3,3,4,1,4,3,2,1,4,4,4,2,2,1,1,1,4,2,1,2,3,1,2,1,2,2,4,3,1,2,1,2,3,2,2,1,3,2,1,2,1,3,4,3,1,3,1,1,3,4,3,1,4,1,4,3,3,1,4,1,4,1,3,2,1,2,3,2,4,2,1,2,4,3,4,1,4,2,2,4,2,2,1,1,1,3,3,1,4,4,4,1,3,2,4,1,1,2,3,3,1,2,3,2,2,1,2,2,2,4,2,2,1,3,3,2,1,1,2,2,3,3,3,2,3,1,4,4,4,1,4,2,2,4,4,3,1,3,1,3,2,1,4,1,1,3,4,3,4,3,1,3,3,1,1,1,4,1,3,3,1,1,3,1,1,4,1,4,2,4,1,1,3,1,1,1,4,4,2,4,3,4,1,4,1,3,2,2,2,2,1,1,4,1,2,1,3,3,3,2,4,1,4,1,2,3,2,3,4,4,2,2,1,4,3,4,1,2,3,1,2,3,1,2,4,2,2,1,1,1,2,2,4,1,4,3,4,1,3,2,2,3,1,4,2,3,4,4,2,1,1,3,3,1,3,1,2,4,3,2,1,3,2,3,2,1,4,2,1,3,4,4,3,4,3,3,1,3,1,2,2,3,1,2,1,2,3,2,3,3,2,3,1,1,1,4,2,2,4,2,1,4,4,1,2,3,3,2,3,4,3,2,2,2,4,2,3,2,2,2,4,4,4,4,1,1,3,2,4,4,2,2,1,2,1,2,2,4,4,1,2,4,1,4,3,1,3,2,1,3,2,1,2,3,1,2,2,4,3,1,1,2,3,2,2,1,2,1,1,4,1,4,2,1,1,4,4,1,3,3,4,1,2,2,3,3,2,4,1,3,1,4,4,3,4,2,4,3,4,4,3,3,1,2,3,4,1,4,2,4,1,2,4,1,4,2,4,4,1,4,3,2,1,3,3,2,1,3,4,3,2,3,1,3,3,2,3,3,1,2,2,2,2,4,4,4,2,2,4,2,3,1,2,3,3,4,1,2,2,1,3,2,2,1,3,3,3,2,3,1,4,4,1,1,1,3,1,2,4,2,2,3,3,4,3,3,4,1,4,4,1,1,4,1,1,4,1,2,3,3,4,3,2,1,4,3,2,1,1,2,3,4,1,4,1,1,1,3,3,2,4,4,2,3,4,2,1,4,3,4,1,3,3,2,3,2,3,1,1,1,1,1,4,1,3,2,4,3,1,1,3,4,2,2,2,2,1,4,1,4,2,3,3,1,3,1,1,4,2,2,2,2,4,2,2,3,2,2,1,1,2,1,3,3,3,4,3,2,3,3,3,3,1,3,3,1,1,4,2,4,1,1,1,4,3,2,2,3,2,3,4,1,3,3,1,1,2,3,1,2,4,3,4,1,1,3,4,1,3,3,3,1,1,3,2,3,3,3,2,4,1,1,4,3,3,1,3,4,1,2,3,4,1,1,2,3,2,4,1,1,2,2,2,3,1,3,4,3,2,4,4,3,3,2,2,4,2,1,1,4,3,3,1,3,2,1,4,3,4,4,3,3,1,1,4,4,1,4,2,3,3,2,1,1,4,4,1,4,2,3,2,3,3,4,4,3,4,2,1,4,4,4,1,2,3,2,4,1,2,4,4,3,1,3,2,3,2,4,1,1,4,1,3,2,2,2,3,2,1,2,3,1,4,1,3,1,2,3,4,2,3,3,4,4,3,4,4,2,3,1,2,3,3,2,4,1,1,3,3,1,3,1,4,1,1,1,3,4,2,2,1,3,2,2,1,1,3,2,1,4,4,4,1,3,4,4,4,1,1,1,4,1,1,3,1,2,1,1,2,2,1,3,4,2,3,1,1,2,2,3,1,2,2,4,2,3,1,2,4,2,1,1,1,4,1,1,2,2,3,2,1,1,3,1,3,3,1,2,2,2,3,2,3,4,3,1,1,2,1,2,4,3,1,2,4,1,3,4,3,4,4,3,2,3,3,1,3,3,1,2,3,1,2,2,3,2,3,2,2,2,3,2,4,1,1,4,2,1,4,2,3,3,1,1,4,1,2,4,2,1,3,2,4,3,1,2,1,2,3,4,1,3,3,4,4,3,2,3,3,2,1,3,2,1,2,2,2,1,1,3,3,3,3,3,1,4,2,3,2,2,3,2,2,4,2,2,4,2,2,2,2,2,2,1,4,1,1,4,4,2,3,3,1,2,3,4,4,3,2,2,1,4,2,4,1,2,2,3,4,2,1,4,2,4,1,3,3,1,4,1,3,4,4,2,2,2,2,2,1,1,4,4,2,3,3,4,4,4,2,4,2,1,4,3,2,1,1,2,2,1,1,1,2,4,1,1,3,4,2,1,2,4,4,4,3,1,4,2,3,4,4,2,3,2,1,4,2,3,1,4,4,3,2,2,4,1,2,3,4,1,3,1,1,4,1,2,2,1,4,4,1,2,2,4,4,3,3,1,1,4,4,3,1"
146,0.9875909492720556,0.4509803921568627,2338.0,"3,1,1,3,1,3,4,4,4,3,1,1,1,1,1,1,3,2,1,3,3,3,3,1,4,4,3,2,1,2,4,2,3,2,1,3,1,4,4,1,2,2,1,3,1,2,4,4,1,2,4,1,2,1,4,2,3,4,3,4,3,3,1,1,2,1,1,2,1,4,3,3,1,1,2,1,4,3,2,2,2,1,1,1,2,2,3,3,1,1,3,4,3,1,1,1,1,3,1,1,3,4,3,1,1,2,1,4,1,3,1,1,2,1,1,3,4,2,4,4,1,2,3,4,1,3,4,1,4,2,2,1,3,1,4,3,2,3,2,3,3,3,4,4,1,1,2,4,2,1,2,1,4,3,4,2,2,4,4,1,2,2,4,3,2,3,4,4,1,2,3,1,2,1,4,2,1,1,3,1,2,2,3,2,4,2,2,1,1,2,3,1,3,2,2,4,1,2,4,1,2,2,1,1,1,2,2,4,3,1,2,2,1,3,1,3,2,3,4,2,4,1,1,1,3,2,1,1,2,1,4,2,2,2,4,2,4,2,3,1,3,1,4,3,2,1,1,3,4,3,4,4,1,3,3,4,3,2,2,3,3,4,2,2,1,4,1,2,4,3,4,3,3,4,3,1,2,3,1,3,2,1,2,2,1,1,3,4,2,4,2,4,1,1,2,3,3,3,3,4,1,4,4,4,2,1,2,3,1,2,2,4,2,2,3,3,2,2,2,4,4,4,3,1,4,4,2,4,1,3,4,3,4,3,3,4,4,3,1,1,1,1,4,2,3,1,1,2,2,4,3,3,2,2,2,4,3,2,1,3,3,1,1,3,3,2,4,4,2,1,1,1,1,2,3,2,1,2,4,4,1,2,4,3,1,2,1,4,3,4,1,3,2,4,3,1,2,1,1,2,3,3,2,2,1,1,4,2,4,2,4,1,1,3,4,2,4,1,3,4,1,2,3,1,2,4,2,2,2,3,1,1,2,4,4,1,4,2,1,1,4,1,3,2,3,1,4,3,3,3,4,4,1,4,3,1,4,2,4,4,1,1,1,2,2,4,4,1,1,2,2,1,4,2,1,1,1,2,4,2,4,2,1,1,3,1,4,1,3,1,1,2,4,3,2,3,1,3,2,1,2,4,4,4,3,4,3,3,2,1,1,2,4,2,2,1,3,2,2,3,1,4,2,4,4,2,4,2,3,3,3,3,1,3,2,2,2,4,2,1,1,1,1,1,1,3,1,4,1,2,2,4,1,3,3,3,3,1,4,3,1,1,1,1,1,2,1,1,1,2,2,4,4,1,3,1,4,3,3,4,1,4,3,2,1,4,4,4,2,2,1,1,1,4,2,1,2,3,1,2,1,2,2,4,3,1,2,1,2,3,2,2,1,3,2,1,2,1,3,4,3,1,3,1,1,3,4,3,1,4,1,4,3,3,1,4,1,4,1,3,2,1,2,3,2,4,2,1,2,4,3,4,1,4,2,2,4,2,2,1,1,1,3,3,1,4,4,4,1,3,2,4,1,1,2,3,3,1,2,3,2,2,1,2,2,2,4,2,2,1,3,3,2,1,1,2,2,3,3,3,2,3,1,4,4,4,1,4,2,2,4,4,3,1,3,1,3,2,1,4,1,1,3,4,3,4,3,1,3,3,1,1,1,4,1,3,3,1,1,3,1,1,4,1,4,2,4,1,1,3,1,1,1,4,4,2,4,3,4,1,4,1,3,2,2,2,2,1,1,4,1,2,1,3,3,3,2,4,1,4,1,2,3,2,3,4,4,2,2,1,4,3,4,1,2,3,1,2,3,1,2,4,2,2,1,1,1,2,2,4,1,4,3,4,1,3,2,2,3,1,4,2,3,4,4,2,1,1,3,3,1,3,1,2,4,3,2,1,3,2,3,2,1,4,2,1,3,4,4,3,4,3,3,1,3,1,2,2,3,1,2,1,2,3,2,3,3,2,3,1,1,1,4,2,2,4,2,1,4,4,1,2,3,3,2,3,4,3,2,2,2,4,2,3,2,2,2,4,4,4,4,1,1,3,2,4,4,2,2,1,2,1,2,2,4,4,1,2,4,1,4,3,1,3,2,1,3,2,1,2,3,1,2,2,4,3,1,1,2,3,2,2,1,2,1,1,4,1,4,2,1,1,4,4,1,3,3,4,1,2,2,3,3,2,4,1,3,1,4,4,3,4,2,4,3,4,4,3,3,1,2,3,4,1,4,2,4,1,2,4,1,4,2,4,4,1,4,3,2,1,3,3,2,1,3,4,3,2,3,1,3,3,2,3,3,1,2,2,2,2,4,4,4,2,2,4,2,3,1,2,3,3,4,1,2,2,1,3,2,2,1,3,3,3,2,3,1,4,4,1,1,1,3,1,2,4,2,2,3,3,4,3,3,4,1,4,4,1,1,4,1,1,4,1,2,3,3,4,3,2,1,4,3,2,1,1,2,3,4,1,4,1,1,1,3,3,2,4,4,2,3,4,2,1,4,3,4,1,3,3,2,3,2,3,1,1,1,1,1,4,1,3,2,4,3,1,1,3,4,2,2,2,2,1,4,1,4,2,3,3,1,3,1,1,4,2,2,2,2,4,2,2,3,2,2,1,1,2,1,3,3,3,4,3,2,3,3,3,3,1,3,3,1,1,4,2,4,1,1,1,4,3,2,2,3,2,3,4,1,3,3,1,1,2,3,1,2,4,3,4,1,1,3,4,1,3,3,3,1,1,3,2,3,3,3,2,4,1,1,4,3,3,1,3,4,1,2,3,4,1,1,2,3,2,4,1,1,2,2,2,3,1,3,4,3,2,4,4,3,3,2,2,4,2,1,1,4,3,3,1,3,2,1,4,3,4,4,3,3,1,1,4,4,1,4,2,3,3,2,1,1,4,4,1,4,2,3,2,3,3,4,4,3,4,2,1,4,4,4,1,2,3,2,4,1,2,4,4,3,1,3,2,3,2,4,1,1,4,1,3,2,2,2,3,2,1,2,3,1,4,1,3,1,2,3,4,2,3,3,4,4,3,4,4,2,3,1,2,3,3,2,4,1,1,3,3,1,3,1,4,1,1,1,3,4,2,2,1,3,2,2,1,1,3,2,1,4,4,4,1,3,4,4,4,1,1,1,4,1,1,3,1,2,1,1,2,2,1,3,4,2,3,1,1,2,2,3,1,2,2,4,2,3,1,2,4,2,1,1,1,4,1,1,2,2,3,2,1,1,3,1,3,3,1,2,2,2,3,2,3,4,3,1,1,2,1,2,4,3,1,2,4,1,3,4,3,4,4,3,2,3,3,1,3,3,1,2,3,1,2,2,3,2,3,2,2,2,3,2,4,1,1,4,2,1,4,2,3,3,1,1,4,1,2,4,2,1,3,2,4,3,1,2,1,2,3,4,1,3,3,4,4,3,2,3,3,2,1,3,2,1,2,2,2,1,1,3,3,3,3,3,1,4,2,3,2,2,3,2,2,4,2,2,4,2,2,2,2,2,2,1,4,1,1,4,4,2,3,3,1,2,3,4,4,3,2,2,1,4,2,4,1,2,2,3,4,2,1,4,2,4,1,3,3,1,4,1,3,4,4,2,2,2,2,2,1,1,4,4,2,3,3,4,4,4,2,4,2,1,4,3,2,1,1,2,2,1,1,1,2,4,1,1,3,4,2,1,2,4,4,4,3,1,4,2,3,4,4,2,3,2,1,4,2,3,1,4,4,3,2,2,4,1,2,3,4,1,3,1,1,4,1,2,2,1,4,4,1,2,2,4,4,3,3,1,1,4,4,3,1"
147,0.9875909492720556,0.4509803921568627,2338.0,"3,1,1,3,1,3,4,4,4,3,1,1,1,1,1,1,3,2,1,3,3,3,3,1,4,4,3,2,1,2,4,2,3,2,1,3,1,4,4,1,2,2,1,3,1,2,4,4,1,2,4,1,2,1,4,2,3,4,3,4,3,3,1,1,2,1,1,2,1,4,3,3,1,1,2,1,4,3,2,2,2,1,1,1,2,2,3,3,1,1,3,4,3,1,1,1,1,3,1,1,3,4,3,1,1,2,1,4,1,3,1,1,2,1,1,3,4,2,4,4,1,2,3,4,1,3,4,1,4,2,2,1,3,1,4,3,2,3,2,3,3,3,4,4,1,1,2,4,2,1,2,1,4,3,4,2,2,4,4,1,2,2,4,3,2,3,4,4,1,2,3,1,2,1,4,2,1,1,3,1,2,2,3,2,4,2,2,1,1,2,3,1,3,2,2,4,1,2,4,1,2,2,1,1,1,2,2,4,3,1,2,2,1,3,1,3,2,3,4,2,4,1,1,1,3,2,1,1,2,1,4,2,2,2,4,2,4,2,3,1,3,1,4,3,2,1,1,3,4,3,4,4,1,3,3,4,3,2,2,3,3,4,2,2,1,4,1,2,4,3,4,3,3,4,3,1,2,3,1,3,2,1,2,2,1,1,3,4,2,4,2,4,1,1,2,3,3,3,3,4,1,4,4,4,2,1,2,3,1,2,2,4,2,2,3,3,2,2,2,4,4,4,3,1,4,4,2,4,1,3,4,3,4,3,3,4,4,3,1,1,1,1,4,2,3,1,1,2,2,4,3,3,2,2,2,4,3,2,1,3,3,1,1,3,3,2,4,4,2,1,1,1,1,2,3,2,1,2,4,4,1,2,4,3,1,2,1,4,3,4,1,3,2,4,3,1,2,1,1,2,3,3,2,2,1,1,4,2,4,2,4,1,1,3,4,2,4,1,3,4,1,2,3,1,2,4,2,2,2,3,1,1,2,4,4,1,4,2,1,1,4,1,3,2,3,1,4,3,3,3,4,4,1,4,3,1,4,2,4,4,1,1,1,2,2,4,4,1,1,2,2,1,4,2,1,1,1,2,4,2,4,2,1,1,3,1,4,1,3,1,1,2,4,3,2,3,1,3,2,1,2,4,4,4,3,4,3,3,2,1,1,2,4,2,2,1,3,2,2,3,1,4,2,4,4,2,4,2,3,3,3,3,1,3,2,2,2,4,2,1,1,1,1,1,1,3,1,4,1,2,2,4,1,3,3,3,3,1,4,3,1,1,1,1,1,2,1,1,1,2,2,4,4,1,3,1,4,3,3,4,1,4,3,2,1,4,4,4,2,2,1,1,1,4,2,1,2,3,1,2,1,2,2,4,3,1,2,1,2,3,2,2,1,3,2,1,2,1,3,4,3,1,3,1,1,3,4,3,1,4,1,4,3,3,1,4,1,4,1,3,2,1,2,3,2,4,2,1,2,4,3,4,1,4,2,2,4,2,2,1,1,1,3,3,1,4,4,4,1,3,2,4,1,1,2,3,3,1,2,3,2,2,1,2,2,2,4,2,2,1,3,3,2,1,1,2,2,3,3,3,2,3,1,4,4,4,1,4,2,2,4,4,3,1,3,1,3,2,1,4,1,1,3,4,3,4,3,1,3,3,1,1,1,4,1,3,3,1,1,3,1,1,4,1,4,2,4,1,1,3,1,1,1,4,4,2,4,3,4,1,4,1,3,2,2,2,2,1,1,4,1,2,1,3,3,3,2,4,1,4,1,2,3,2,3,4,4,2,2,1,4,3,4,1,2,3,1,2,3,1,2,4,2,2,1,1,1,2,2,4,1,4,3,4,1,3,2,2,3,1,4,2,3,4,4,2,1,1,3,3,1,3,1,2,4,3,2,1,3,2,3,2,1,4,2,1,3,4,4,3,4,3,3,1,3,1,2,2,3,1,2,1,2,3,2,3,3,2,3,1,1,1,4,2,2,4,2,1,4,4,1,2,3,3,2,3,4,3,2,2,2,4,2,3,2,2,2,4,4,4,4,1,1,3,2,4,4,2,2,1,2,1,2,2,4,4,1,2,4,1,4,3,1,3,2,1,3,2,1,2,3,1,2,2,4,3,1,1,2,3,2,2,1,2,1,1,4,1,4,2,1,1,4,4,1,3,3,4,1,2,2,3,3,2,4,1,3,1,4,4,3,4,2,4,3,4,4,3,3,1,2,3,4,1,4,2,4,1,2,4,1,4,2,4,4,1,4,3,2,1,3,3,2,1,3,4,3,2,3,1,3,3,2,3,3,1,2,2,2,2,4,4,4,2,2,4,2,3,1,2,3,3,4,1,2,2,1,3,2,2,1,3,3,3,2,3,1,4,4,1,1,1,3,1,2,4,2,2,3,3,4,3,3,4,1,4,4,1,1,4,1,1,4,1,2,3,3,4,3,2,1,4,3,2,1,1,2,3,4,1,4,1,1,1,3,3,2,4,4,2,3,4,2,1,4,3,4,1,3,3,2,3,2,3,1,1,1,1,1,4,1,3,2,4,3,1,1,3,4,2,2,2,2,1,4,1,4,2,3,3,1,3,1,1,4,2,2,2,2,4,2,2,3,2,2,1,1,2,1,3,3,3,4,3,2,3,3,3,3,1,3,3,1,1,4,2,4,1,1,1,4,3,2,2,3,2,3,4,1,3,3,1,1,2,3,1,2,4,3,4,1,1,3,4,1,3,3,3,1,1,3,2,3,3,3,2,4,1,1,4,3,3,1,3,4,1,2,3,4,1,1,2,3,2,4,1,1,2,2,2,3,1,3,4,3,2,4,4,3,3,2,2,4,2,1,1,4,3,3,1,3,2,1,4,3,4,4,3,3,1,1,4,4,1,4,2,3,3,2,1,1,4,4,1,4,2,3,2,3,3,4,4,3,4,2,1,4,4,4,1,2,3,2,4,1,2,4,4,3,1,3,2,3,2,4,1,1,4,1,3,2,2,2,3,2,1,2,3,1,4,1,3,1,2,3,4,2,3,3,4,4,3,4,4,2,3,1,2,3,3,2,4,1,1,3,3,1,3,1,4,1,1,1,3,4,2,2,1,3,2,2,1,1,3,2,1,4,4,4,1,3,4,4,4,1,1,1,4,1,1,3,1,2,1,1,2,2,1,3,4,2,3,1,1,2,2,3,1,2,2,4,2,3,1,2,4,2,1,1,1,4,1,1,2,2,3,2,1,1,3,1,3,3,1,2,2,2,3,2,3,4,3,1,1,2,1,2,4,3,1,2,4,1,3,4,3,4,4,3,2,3,3,1,3,3,1,2,3,1,2,2,3,2,3,2,2,2,3,2,4,1,1,4,2,1,4,2,3,3,1,1,4,1,2,4,2,1,3,2,4,3,1,2,1,2,3,4,1,3,3,4,4,3,2,3,3,2,1,3,2,1,2,2,2,1,1,3,3,3,3,3,1,4,2,3,2,2,3,2,2,4,2,2,4,2,2,2,2,2,2,1,4,1,1,4,4,2,3,3,1,2,3,4,4,3,2,2,1,4,2,4,1,2,2,3,4,2,1,4,2,4,1,3,3,1,4,1,3,4,4,2,2,2,2,2,1,1,4,4,2,3,3,4,4,4,2,4,2,1,4,3,2,1,1,2,2,1,1,1,2,4,1,1,3,4,2,1,2,4,4,4,3,1,4,2,3,4,4,2,3,2,1,4,2,3,1,4,4,3,2,2,4,1,2,3,4,1,3,1,1,4,1,2,2,1,4,4,1,2,2,4,4,3,3,1,1,4,4,3,1"
148,0.9875909492720556,0.4509803921568627,2338.0,"3,1,1,3,1,3,4,4,4,3,1,1,1,1,1,1,3,2,1,3,3,3,3,1,4,4,3,2,1,2,4,2,3,2,1,3,1,4,4,1,2,2,1,3,1,2,4,4,1,2,4,1,2,1,4,2,3,4,3,4,3,3,1,1,2,1,1,2,1,4,3,3,1,1,2,1,4,3,2,2,2,1,1,1,2,2,3,3,1,1,3,4,3,1,1,1,1,3,1,1,3,4,3,1,1,2,1,4,1,3,1,1,2,1,1,3,4,2,4,4,1,2,3,4,1,3,4,1,4,2,2,1,3,1,4,3,2,3,2,3,3,3,4,4,1,1,2,4,2,1,2,1,4,3,4,2,2,4,4,1,2,2,4,3,2,3,4,4,1,2,3,1,2,1,4,2,1,1,3,1,2,2,3,2,4,2,2,1,1,2,3,1,3,2,2,4,1,2,4,1,2,2,1,1,1,2,2,4,3,1,2,2,1,3,1,3,2,3,4,2,4,1,1,1,3,2,1,1,2,1,4,2,2,2,4,2,4,2,3,1,3,1,4,3,2,1,1,3,4,3,4,4,1,3,3,4,3,2,2,3,3,4,2,2,1,4,1,2,4,3,4,3,3,4,3,1,2,3,1,3,2,1,2,2,1,1,3,4,2,4,2,4,1,1,2,3,3,3,3,4,1,4,4,4,2,1,2,3,1,2,2,4,2,2,3,3,2,2,2,4,4,4,3,1,4,4,2,4,1,3,4,3,4,3,3,4,4,3,1,1,1,1,4,2,3,1,1,2,2,4,3,3,2,2,2,4,3,2,1,3,3,1,1,3,3,2,4,4,2,1,1,1,1,2,3,2,1,2,4,4,1,2,4,3,1,2,1,4,3,4,1,3,2,4,3,1,2,1,1,2,3,3,2,2,1,1,4,2,4,2,4,1,1,3,4,2,4,1,3,4,1,2,3,1,2,4,2,2,2,3,1,1,2,4,4,1,4,2,1,1,4,1,3,2,3,1,4,3,3,3,4,4,1,4,3,1,4,2,4,4,1,1,1,2,2,4,4,1,1,2,2,1,4,2,1,1,1,2,4,2,4,2,1,1,3,1,4,1,3,1,1,2,4,3,2,3,1,3,2,1,2,4,4,4,3,4,3,3,2,1,1,2,4,2,2,1,3,2,2,3,1,4,2,4,4,2,4,2,3,3,3,3,1,3,2,2,2,4,2,1,1,1,1,1,1,3,1,4,1,2,2,4,1,3,3,3,3,1,4,3,1,1,1,1,1,2,1,1,1,2,2,4,4,1,3,1,4,3,3,4,1,4,3,2,1,4,4,4,2,2,1,1,1,4,2,1,2,3,1,2,1,2,2,4,3,1,2,1,2,3,2,2,1,3,2,1,2,1,3,4,3,1,3,1,1,3,4,3,1,4,1,4,3,3,1,4,1,4,1,3,2,1,2,3,2,4,2,1,2,4,3,4,1,4,2,2,4,2,2,1,1,1,3,3,1,4,4,4,1,3,2,4,1,1,2,3,3,1,2,3,2,2,1,2,2,2,4,2,2,1,3,3,2,1,1,2,2,3,3,3,2,3,1,4,4,4,1,4,2,2,4,4,3,1,3,1,3,2,1,4,1,1,3,4,3,4,3,1,3,3,1,1,1,4,1,3,3,1,1,3,1,1,4,1,4,2,4,1,1,3,1,1,1,4,4,2,4,3,4,1,4,1,3,2,2,2,2,1,1,4,1,2,1,3,3,3,2,4,1,4,1,2,3,2,3,4,4,2,2,1,4,3,4,1,2,3,1,2,3,1,2,4,2,2,1,1,1,2,2,4,1,4,3,4,1,3,2,2,3,1,4,2,3,4,4,2,1,1,3,3,1,3,1,2,4,3,2,1,3,2,3,2,1,4,2,1,3,4,4,3,4,3,3,1,3,1,2,2,3,1,2,1,2,3,2,3,3,2,3,1,1,1,4,2,2,4,2,1,4,4,1,2,3,3,2,3,4,3,2,2,2,4,2,3,2,2,2,4,4,4,4,1,1,3,2,4,4,2,2,1,2,1,2,2,4,4,1,2,4,1,4,3,1,3,2,1,3,2,1,2,3,1,2,2,4,3,1,1,2,3,2,2,1,2,1,1,4,1,4,2,1,1,4,4,1,3,3,4,1,2,2,3,3,2,4,1,3,1,4,4,3,4,2,4,3,4,4,3,3,1,2,3,4,1,4,2,4,1,2,4,1,4,2,4,4,1,4,3,2,1,3,3,2,1,3,4,3,2,3,1,3,3,2,3,3,1,2,2,2,2,4,4,4,2,2,4,2,3,1,2,3,3,4,1,2,2,1,3,2,2,1,3,3,3,2,3,1,4,4,1,1,1,3,1,2,4,2,2,3,3,4,3,3,4,1,4,4,1,1,4,1,1,4,1,2,3,3,4,3,2,1,4,3,2,1,1,2,3,4,1,4,1,1,1,3,3,2,4,4,2,3,4,2,1,4,3,4,1,3,3,2,3,2,3,1,1,1,1,1,4,1,3,2,4,3,1,1,3,4,2,2,2,2,1,4,1,4,2,3,3,1,3,1,1,4,2,2,2,2,4,2,2,3,2,2,1,1,2,1,3,3,3,4,3,2,3,3,3,3,1,3,3,1,1,4,2,4,1,1,1,4,3,2,2,3,2,3,4,1,3,3,1,1,2,3,1,2,4,3,4,1,1,3,4,1,3,3,3,1,1,3,2,3,3,3,2,4,1,1,4,3,3,1,3,4,1,2,3,4,1,1,2,3,2,4,1,1,2,2,2,3,1,3,4,3,2,4,4,3,3,2,2,4,2,1,1,4,3,3,1,3,2,1,4,3,4,4,3,3,1,1,4,4,1,4,2,3,3,2,1,1,4,4,1,4,2,3,2,3,3,4,4,3,4,2,1,4,4,4,1,2,3,2,4,1,2,4,4,3,1,3,2,3,2,4,1,1,4,1,3,2,2,2,3,2,1,2,3,1,4,1,3,1,2,3,4,2,3,3,4,4,3,4,4,2,3,1,2,3,3,2,4,1,1,3,3,1,3,1,4,1,1,1,3,4,2,2,1,3,2,2,1,1,3,2,1,4,4,4,1,3,4,4,4,1,1,1,4,1,1,3,1,2,1,1,2,2,1,3,4,2,3,1,1,2,2,3,1,2,2,4,2,3,1,2,4,2,1,1,1,4,1,1,2,2,3,2,1,1,3,1,3,3,1,2,2,2,3,2,3,4,3,1,1,2,1,2,4,3,1,2,4,1,3,4,3,4,4,3,2,3,3,1,3,3,1,2,3,1,2,2,3,2,3,2,2,2,3,2,4,1,1,4,2,1,4,2,3,3,1,1,4,1,2,4,2,1,3,2,4,3,1,2,1,2,3,4,1,3,3,4,4,3,2,3,3,2,1,3,2,1,2,2,2,1,1,3,3,3,3,3,1,4,2,3,2,2,3,2,2,4,2,2,4,2,2,2,2,2,2,1,4,1,1,4,4,2,3,3,1,2,3,4,4,3,2,2,1,4,2,4,1,2,2,3,4,2,1,4,2,4,1,3,3,1,4,1,3,4,4,2,2,2,2,2,1,1,4,4,2,3,3,4,4,4,2,4,2,1,4,3,2,1,1,2,2,1,1,1,2,4,1,1,3,4,2,1,2,4,4,4,3,1,4,2,3,4,4,2,3,2,1,4,2,3,1,4,4,3,2,2,4,1,2,3,4,1,3,1,1,4,1,2,2,1,4,4,1,2,2,4,4,3,3,1,1,4,4,3,1"
149,0.9875909492720556,0.4509803921568627,2338.0,"3,1,1,3,1,3,4,4,4,3,1,1,1,1,1,1,3,2,1,3,3,3,3,1,4,4,3,2,1,2,4,2,3,2,1,3,1,4,4,1,2,2,1,3,1,2,4,4,1,2,4,1,2,1,4,2,3,4,3,4,3,3,1,1,2,1,1,2,1,4,3,3,1,1,2,1,4,3,2,2,2,1,1,1,2,2,3,3,1,1,3,4,3,1,1,1,1,3,1,1,3,4,3,1,1,2,1,4,1,3,1,1,2,1,1,3,4,2,4,4,1,2,3,4,1,3,4,1,4,2,2,1,3,1,4,3,2,3,2,3,3,3,4,4,1,1,2,4,2,1,2,1,4,3,4,2,2,4,4,1,2,2,4,3,2,3,4,4,1,2,3,1,2,1,4,2,1,1,3,1,2,2,3,2,4,2,2,1,1,2,3,1,3,2,2,4,1,2,4,1,2,2,1,1,1,2,2,4,3,1,2,2,1,3,1,3,2,3,4,2,4,1,1,1,3,2,1,1,2,1,4,2,2,2,4,2,4,2,3,1,3,1,4,3,2,1,1,3,4,3,4,4,1,3,3,4,3,2,2,3,3,4,2,2,1,4,1,2,4,3,4,3,3,4,3,1,2,3,1,3,2,1,2,2,1,1,3,4,2,4,2,4,1,1,2,3,3,3,3,4,1,4,4,4,2,1,2,3,1,2,2,4,2,2,3,3,2,2,2,4,4,4,3,1,4,4,2,4,1,3,4,3,4,3,3,4,4,3,1,1,1,1,4,2,3,1,1,2,2,4,3,3,2,2,2,4,3,2,1,3,3,1,1,3,3,2,4,4,2,1,1,1,1,2,3,2,1,2,4,4,1,2,4,3,1,2,1,4,3,4,1,3,2,4,3,1,2,1,1,2,3,3,2,2,1,1,4,2,4,2,4,1,1,3,4,2,4,1,3,4,1,2,3,1,2,4,2,2,2,3,1,1,2,4,4,1,4,2,1,1,4,1,3,2,3,1,4,3,3,3,4,4,1,4,3,1,4,2,4,4,1,1,1,2,2,4,4,1,1,2,2,1,4,2,1,1,1,2,4,2,4,2,1,1,3,1,4,1,3,1,1,2,4,3,2,3,1,3,2,1,2,4,4,4,3,4,3,3,2,1,1,2,4,2,2,1,3,2,2,3,1,4,2,4,4,2,4,2,3,3,3,3,1,3,2,2,2,4,2,1,1,1,1,1,1,3,1,4,1,2,2,4,1,3,3,3,3,1,4,3,1,1,1,1,1,2,1,1,1,2,2,4,4,1,3,1,4,3,3,4,1,4,3,2,1,4,4,4,2,2,1,1,1,4,2,1,2,3,1,2,1,2,2,4,3,1,2,1,2,3,2,2,1,3,2,1,2,1,3,4,3,1,3,1,1,3,4,3,1,4,1,4,3,3,1,4,1,4,1,3,2,1,2,3,2,4,2,1,2,4,3,4,1,4,2,2,4,2,2,1,1,1,3,3,1,4,4,4,1,3,2,4,1,1,2,3,3,1,2,3,2,2,1,2,2,2,4,2,2,1,3,3,2,1,1,2,2,3,3,3,2,3,1,4,4,4,1,4,2,2,4,4,3,1,3,1,3,2,1,4,1,1,3,4,3,4,3,1,3,3,1,1,1,4,1,3,3,1,1,3,1,1,4,1,4,2,4,1,1,3,1,1,1,4,4,2,4,3,4,1,4,1,3,2,2,2,2,1,1,4,1,2,1,3,3,3,2,4,1,4,1,2,3,2,3,4,4,2,2,1,4,3,4,1,2,3,1,2,3,1,2,4,2,2,1,1,1,2,2,4,1,4,3,4,1,3,2,2,3,1,4,2,3,4,4,2,1,1,3,3,1,3,1,2,4,3,2,1,3,2,3,2,1,4,2,1,3,4,4,3,4,3,3,1,3,1,2,2,3,1,2,1,2,3,2,3,3,2,3,1,1,1,4,2,2,4,2,1,4,4,1,2,3,3,2,3,4,3,2,2,2,4,2,3,2,2,2,4,4,4,4,1,1,3,2,4,4,2,2,1,2,1,2,2,4,4,1,2,4,1,4,3,1,3,2,1,3,2,1,2,3,1,2,2,4,3,1,1,2,3,2,2,1,2,1,1,4,1,4,2,1,1,4,4,1,3,3,4,1,2,2,3,3,2,4,1,3,1,4,4,3,4,2,4,3,4,4,3,3,1,2,3,4,1,4,2,4,1,2,4,1,4,2,4,4,1,4,3,2,1,3,3,2,1,3,4,3,2,3,1,3,3,2,3,3,1,2,2,2,2,4,4,4,2,2,4,2,3,1,2,3,3,4,1,2,2,1,3,2,2,1,3,3,3,2,3,1,4,4,1,1,1,3,1,2,4,2,2,3,3,4,3,3,4,1,4,4,1,1,4,1,1,4,1,2,3,3,4,3,2,1,4,3,2,1,1,2,3,4,1,4,1,1,1,3,3,2,4,4,2,3,4,2,1,4,3,4,1,3,3,2,3,2,3,1,1,1,1,1,4,1,3,2,4,3,1,1,3,4,2,2,2,2,1,4,1,4,2,3,3,1,3,1,1,4,2,2,2,2,4,2,2,3,2,2,1,1,2,1,3,3,3,4,3,2,3,3,3,3,1,3,3,1,1,4,2,4,1,1,1,4,3,2,2,3,2,3,4,1,3,3,1,1,2,3,1,2,4,3,4,1,1,3,4,1,3,3,3,1,1,3,2,3,3,3,2,4,1,1,4,3,3,1,3,4,1,2,3,4,1,1,2,3,2,4,1,1,2,2,2,3,1,3,4,3,2,4,4,3,3,2,2,4,2,1,1,4,3,3,1,3,2,1,4,3,4,4,3,3,1,1,4,4,1,4,2,3,3,2,1,1,4,4,1,4,2,3,2,3,3,4,4,3,4,2,1,4,4,4,1,2,3,2,4,1,2,4,4,3,1,3,2,3,2,4,1,1,4,1,3,2,2,2,3,2,1,2,3,1,4,1,3,1,2,3,4,2,3,3,4,4,3,4,4,2,3,1,2,3,3,2,4,1,1,3,3,1,3,1,4,1,1,1,3,4,2,2,1,3,2,2,1,1,3,2,1,4,4,4,1,3,4,4,4,1,1,1,4,1,1,3,1,2,1,1,2,2,1,3,4,2,3,1,1,2,2,3,1,2,2,4,2,3,1,2,4,2,1,1,1,4,1,1,2,2,3,2,1,1,3,1,3,3,1,2,2,2,3,2,3,4,3,1,1,2,1,2,4,3,1,2,4,1,3,4,3,4,4,3,2,3,3,1,3,3,1,2,3,1,2,2,3,2,3,2,2,2,3,2,4,1,1,4,2,1,4,2,3,3,1,1,4,1,2,4,2,1,3,2,4,3,1,2,1,2,3,4,1,3,3,4,4,3,2,3,3,2,1,3,2,1,2,2,2,1,1,3,3,3,3,3,1,4,2,3,2,2,3,2,2,4,2,2,4,2,2,2,2,2,2,1,4,1,1,4,4,2,3,3,1,2,3,4,4,3,2,2,1,4,2,4,1,2,2,3,4,2,1,4,2,4,1,3,3,1,4,1,3,4,4,2,2,2,2,2,1,1,4,4,2,3,3,4,4,4,2,4,2,1,4,3,2,1,1,2,2,1,1,1,2,4,1,1,3,4,2,1,2,4,4,4,3,1,4,2,3,4,4,2,3,2,1,4,2,3,1,4,4,3,2,2,4,1,2,3,4,1,3,1,1,4,1,2,2,1,4,4,1,2,2,4,4,3,3,1,1,4,4,3,1"
150,0.9875909492720556,0.4509803921568627,2338.0,"3,1,1,3,1,3,4,4,4,3,1,1,1,1,1,1,3,2,1,3,3,3,3,1,4,4,3,2,1,2,4,2,3,2,1,3,1,4,4,1,2,2,1,3,1,2,4,4,1,2,4,1,2,1,4,2,3,4,3,4,3,3,1,1,2,1,1,2,1,4,3,3,1,1,2,1,4,3,2,2,2,1,1,1,2,2,3,3,1,1,3,4,3,1,1,1,1,3,1,1,3,4,3,1,1,2,1,4,1,3,1,1,2,1,1,3,4,2,4,4,1,2,3,4,1,3,4,1,4,2,2,1,3,1,4,3,2,3,2,3,3,3,4,4,1,1,2,4,2,1,2,1,4,3,4,2,2,4,4,1,2,2,4,3,2,3,4,4,1,2,3,1,2,1,4,2,1,1,3,1,2,2,3,2,4,2,2,1,1,2,3,1,3,2,2,4,1,2,4,1,2,2,1,1,1,2,2,4,3,1,2,2,1,3,1,3,2,3,4,2,4,1,1,1,3,2,1,1,2,1,4,2,2,2,4,2,4,2,3,1,3,1,4,3,2,1,1,3,4,3,4,4,1,3,3,4,3,2,2,3,3,4,2,2,1,4,1,2,4,3,4,3,3,4,3,1,2,3,1,3,2,1,2,2,1,1,3,4,2,4,2,4,1,1,2,3,3,3,3,4,1,4,4,4,2,1,2,3,1,2,2,4,2,2,3,3,2,2,2,4,4,4,3,1,4,4,2,4,1,3,4,3,4,3,3,4,4,3,1,1,1,1,4,2,3,1,1,2,2,4,3,3,2,2,2,4,3,2,1,3,3,1,1,3,3,2,4,4,2,1,1,1,1,2,3,2,1,2,4,4,1,2,4,3,1,2,1,4,3,4,1,3,2,4,3,1,2,1,1,2,3,3,2,2,1,1,4,2,4,2,4,1,1,3,4,2,4,1,3,4,1,2,3,1,2,4,2,2,2,3,1,1,2,4,4,1,4,2,1,1,4,1,3,2,3,1,4,3,3,3,4,4,1,4,3,1,4,2,4,4,1,1,1,2,2,4,4,1,1,2,2,1,4,2,1,1,1,2,4,2,4,2,1,1,3,1,4,1,3,1,1,2,4,3,2,3,1,3,2,1,2,4,4,4,3,4,3,3,2,1,1,2,4,2,2,1,3,2,2,3,1,4,2,4,4,2,4,2,3,3,3,3,1,3,2,2,2,4,2,1,1,1,1,1,1,3,1,4,1,2,2,4,1,3,3,3,3,1,4,3,1,1,1,1,1,2,1,1,1,2,2,4,4,1,3,1,4,3,3,4,1,4,3,2,1,4,4,4,2,2,1,1,1,4,2,1,2,3,1,2,1,2,2,4,3,1,2,1,2,3,2,2,1,3,2,1,2,1,3,4,3,1,3,1,1,3,4,3,1,4,1,4,3,3,1,4,1,4,1,3,2,1,2,3,2,4,2,1,2,4,3,4,1,4,2,2,4,2,2,1,1,1,3,3,1,4,4,4,1,3,2,4,1,1,2,3,3,1,2,3,2,2,1,2,2,2,4,2,2,1,3,3,2,1,1,2,2,3,3,3,2,3,1,4,4,4,1,4,2,2,4,4,3,1,3,1,3,2,1,4,1,1,3,4,3,4,3,1,3,3,1,1,1,4,1,3,3,1,1,3,1,1,4,1,4,2,4,1,1,3,1,1,1,4,4,2,4,3,4,1,4,1,3,2,2,2,2,1,1,4,1,2,1,3,3,3,2,4,1,4,1,2,3,2,3,4,4,2,2,1,4,3,4,1,2,3,1,2,3,1,2,4,2,2,1,1,1,2,2,4,1,4,3,4,1,3,2,2,3,1,4,2,3,4,4,2,1,1,3,3,1,3,1,2,4,3,2,1,3,2,3,2,1,4,2,1,3,4,4,3,4,3,3,1,3,1,2,2,3,1,2,1,2,3,2,3,3,2,3,1,1,1,4,2,2,4,2,1,4,4,1,2,3,3,2,3,4,3,2,2,2,4,2,3,2,2,2,4,4,4,4,1,1,3,2,4,4,2,2,1,2,1,2,2,4,4,1,2,4,1,4,3,1,3,2,1,3,2,1,2,3,1,2,2,4,3,1,1,2,3,2,2,1,2,1,1,4,1,4,2,1,1,4,4,1,3,3,4,1,2,2,3,3,2,4,1,3,1,4,4,3,4,2,4,3,4,4,3,3,1,2,3,4,1,4,2,4,1,2,4,1,4,2,4,4,1,4,3,2,1,3,3,2,1,3,4,3,2,3,1,3,3,2,3,3,1,2,2,2,2,4,4,4,2,2,4,2,3,1,2,3,3,4,1,2,2,1,3,2,2,1,3,3,3,2,3,1,4,4,1,1,1,3,1,2,4,2,2,3,3,4,3,3,4,1,4,4,1,1,4,1,1,4,1,2,3,3,4,3,2,1,4,3,2,1,1,2,3,4,1,4,1,1,1,3,3,2,4,4,2,3,4,2,1,4,3,4,1,3,3,2,3,2,3,1,1,1,1,1,4,1,3,2,4,3,1,1,3,4,2,2,2,2,1,4,1,4,2,3,3,1,3,1,1,4,2,2,2,2,4,2,2,3,2,2,1,1,2,1,3,3,3,4,3,2,3,3,3,3,1,3,3,1,1,4,2,4,1,1,1,4,3,2,2,3,2,3,4,1,3,3,1,1,2,3,1,2,4,3,4,1,1,3,4,1,3,3,3,1,1,3,2,3,3,3,2,4,1,1,4,3,3,1,3,4,1,2,3,4,1,1,2,3,2,4,1,1,2,2,2,3,1,3,4,3,2,4,4,3,3,2,2,4,2,1,1,4,3,3,1,3,2,1,4,3,4,4,3,3,1,1,4,4,1,4,2,3,3,2,1,1,4,4,1,4,2,3,2,3,3,4,4,3,4,2,1,4,4,4,1,2,3,2,4,1,2,4,4,3,1,3,2,3,2,4,1,1,4,1,3,2,2,2,3,2,1,2,3,1,4,1,3,1,2,3,4,2,3,3,4,4,3,4,4,2,3,1,2,3,3,2,4,1,1,3,3,1,3,1,4,1,1,1,3,4,2,2,1,3,2,2,1,1,3,2,1,4,4,4,1,3,4,4,4,1,1,1,4,1,1,3,1,2,1,1,2,2,1,3,4,2,3,1,1,2,2,3,1,2,2,4,2,3,1,2,4,2,1,1,1,4,1,1,2,2,3,2,1,1,3,1,3,3,1,2,2,2,3,2,3,4,3,1,1,2,1,2,4,3,1,2,4,1,3,4,3,4,4,3,2,3,3,1,3,3,1,2,3,1,2,2,3,2,3,2,2,2,3,2,4,1,1,4,2,1,4,2,3,3,1,1,4,1,2,4,2,1,3,2,4,3,1,2,1,2,3,4,1,3,3,4,4,3,2,3,3,2,1,3,2,1,2,2,2,1,1,3,3,3,3,3,1,4,2,3,2,2,3,2,2,4,2,2,4,2,2,2,2,2,2,1,4,1,1,4,4,2,3,3,1,2,3,4,4,3,2,2,1,4,2,4,1,2,2,3,4,2,1,4,2,4,1,3,3,1,4,1,3,4,4,2,2,2,2,2,1,1,4,4,2,3,3,4,4,4,2,4,2,1,4,3,2,1,1,2,2,1,1,1,2,4,1,1,3,4,2,1,2,4,4,4,3,1,4,2,3,4,4,2,3,2,1,4,2,3,1,4,4,3,2,2,4,1,2,3,4,1,3,1,1,4,1,2,2,1,4,4,1,2,2,4,4,3,3,1,1,4,4,3,1"
151,0.9875909492720556,0.4509803921568627,2338.0,"3,1,1,3,1,3,4,4,4,3,1,1,1,1,1,1,3,2,1,3,3,3,3,1,4,4,3,2,1,2,4,2,3,2,1,3,1,4,4,1,2,2,1,3,1,2,4,4,1,2,4,1,2,1,4,2,3,4,3,4,3,3,1,1,2,1,1,2,1,4,3,3,1,1,2,1,4,3,2,2,2,1,1,1,2,2,3,3,1,1,3,4,3,1,1,1,1,3,1,1,3,4,3,1,1,2,1,4,1,3,1,1,2,1,1,3,4,2,4,4,1,2,3,4,1,3,4,1,4,2,2,1,3,1,4,3,2,3,2,3,3,3,4,4,1,1,2,4,2,1,2,1,4,3,4,2,2,4,4,1,2,2,4,3,2,3,4,4,1,2,3,1,2,1,4,2,1,1,3,1,2,2,3,2,4,2,2,1,1,2,3,1,3,2,2,4,1,2,4,1,2,2,1,1,1,2,2,4,3,1,2,2,1,3,1,3,2,3,4,2,4,1,1,1,3,2,1,1,2,1,4,2,2,2,4,2,4,2,3,1,3,1,4,3,2,1,1,3,4,3,4,4,1,3,3,4,3,2,2,3,3,4,2,2,1,4,1,2,4,3,4,3,3,4,3,1,2,3,1,3,2,1,2,2,1,1,3,4,2,4,2,4,1,1,2,3,3,3,3,4,1,4,4,4,2,1,2,3,1,2,2,4,2,2,3,3,2,2,2,4,4,4,3,1,4,4,2,4,1,3,4,3,4,3,3,4,4,3,1,1,1,1,4,2,3,1,1,2,2,4,3,3,2,2,2,4,3,2,1,3,3,1,1,3,3,2,4,4,2,1,1,1,1,2,3,2,1,2,4,4,1,2,4,3,1,2,1,4,3,4,1,3,2,4,3,1,2,1,1,2,3,3,2,2,1,1,4,2,4,2,4,1,1,3,4,2,4,1,3,4,1,2,3,1,2,4,2,2,2,3,1,1,2,4,4,1,4,2,1,1,4,1,3,2,3,1,4,3,3,3,4,4,1,4,3,1,4,2,4,4,1,1,1,2,2,4,4,1,1,2,2,1,4,2,1,1,1,2,4,2,4,2,1,1,3,1,4,1,3,1,1,2,4,3,2,3,1,3,2,1,2,4,4,4,3,4,3,3,2,1,1,2,4,2,2,1,3,2,2,3,1,4,2,4,4,2,4,2,3,3,3,3,1,3,2,2,2,4,2,1,1,1,1,1,1,3,1,4,1,2,2,4,1,3,3,3,3,1,4,3,1,1,1,1,1,2,1,1,1,2,2,4,4,1,3,1,4,3,3,4,1,4,3,2,1,4,4,4,2,2,1,1,1,4,2,1,2,3,1,2,1,2,2,4,3,1,2,1,2,3,2,2,1,3,2,1,2,1,3,4,3,1,3,1,1,3,4,3,1,4,1,4,3,3,1,4,1,4,1,3,2,1,2,3,2,4,2,1,2,4,3,4,1,4,2,2,4,2,2,1,1,1,3,3,1,4,4,4,1,3,2,4,1,1,2,3,3,1,2,3,2,2,1,2,2,2,4,2,2,1,3,3,2,1,1,2,2,3,3,3,2,3,1,4,4,4,1,4,2,2,4,4,3,1,3,1,3,2,1,4,1,1,3,4,3,4,3,1,3,3,1,1,1,4,1,3,3,1,1,3,1,1,4,1,4,2,4,1,1,3,1,1,1,4,4,2,4,3,4,1,4,1,3,2,2,2,2,1,1,4,1,2,1,3,3,3,2,4,1,4,1,2,3,2,3,4,4,2,2,1,4,3,4,1,2,3,1,2,3,1,2,4,2,2,1,1,1,2,2,4,1,4,3,4,1,3,2,2,3,1,4,2,3,4,4,2,1,1,3,3,1,3,1,2,4,3,2,1,3,2,3,2,1,4,2,1,3,4,4,3,4,3,3,1,3,1,2,2,3,1,2,1,2,3,2,3,3,2,3,1,1,1,4,2,2,4,2,1,4,4,1,2,3,3,2,3,4,3,2,2,2,4,2,3,2,2,2,4,4,4,4,1,1,3,2,4,4,2,2,1,2,1,2,2,4,4,1,2,4,1,4,3,1,3,2,1,3,2,1,2,3,1,2,2,4,3,1,1,2,3,2,2,1,2,1,1,4,1,4,2,1,1,4,4,1,3,3,4,1,2,2,3,3,2,4,1,3,1,4,4,3,4,2,4,3,4,4,3,3,1,2,3,4,1,4,2,4,1,2,4,1,4,2,4,4,1,4,3,2,1,3,3,2,1,3,4,3,2,3,1,3,3,2,3,3,1,2,2,2,2,4,4,4,2,2,4,2,3,1,2,3,3,4,1,2,2,1,3,2,2,1,3,3,3,2,3,1,4,4,1,1,1,3,1,2,4,2,2,3,3,4,3,3,4,1,4,4,1,1,4,1,1,4,1,2,3,3,4,3,2,1,4,3,2,1,1,2,3,4,1,4,1,1,1,3,3,2,4,4,2,3,4,2,1,4,3,4,1,3,3,2,3,2,3,1,1,1,1,1,4,1,3,2,4,3,1,1,3,4,2,2,2,2,1,4,1,4,2,3,3,1,3,1,1,4,2,2,2,2,4,2,2,3,2,2,1,1,2,1,3,3,3,4,3,2,3,3,3,3,1,3,3,1,1,4,2,4,1,1,1,4,3,2,2,3,2,3,4,1,3,3,1,1,2,3,1,2,4,3,4,1,1,3,4,1,3,3,3,1,1,3,2,3,3,3,2,4,1,1,4,3,3,1,3,4,1,2,3,4,1,1,2,3,2,4,1,1,2,2,2,3,1,3,4,3,2,4,4,3,3,2,2,4,2,1,1,4,3,3,1,3,2,1,4,3,4,4,3,3,1,1,4,4,1,4,2,3,3,2,1,1,4,4,1,4,2,3,2,3,3,4,4,3,4,2,1,4,4,4,1,2,3,2,4,1,2,4,4,3,1,3,2,3,2,4,1,1,4,1,3,2,2,2,3,2,1,2,3,1,4,1,3,1,2,3,4,2,3,3,4,4,3,4,4,2,3,1,2,3,3,2,4,1,1,3,3,1,3,1,4,1,1,1,3,4,2,2,1,3,2,2,1,1,3,2,1,4,4,4,1,3,4,4,4,1,1,1,4,1,1,3,1,2,1,1,2,2,1,3,4,2,3,1,1,2,2,3,1,2,2,4,2,3,1,2,4,2,1,1,1,4,1,1,2,2,3,2,1,1,3,1,3,3,1,2,2,2,3,2,3,4,3,1,1,2,1,2,4,3,1,2,4,1,3,4,3,4,4,3,2,3,3,1,3,3,1,2,3,1,2,2,3,2,3,2,2,2,3,2,4,1,1,4,2,1,4,2,3,3,1,1,4,1,2,4,2,1,3,2,4,3,1,2,1,2,3,4,1,3,3,4,4,3,2,3,3,2,1,3,2,1,2,2,2,1,1,3,3,3,3,3,1,4,2,3,2,2,3,2,2,4,2,2,4,2,2,2,2,2,2,1,4,1,1,4,4,2,3,3,1,2,3,4,4,3,2,2,1,4,2,4,1,2,2,3,4,2,1,4,2,4,1,3,3,1,4,1,3,4,4,2,2,2,2,2,1,1,4,4,2,3,3,4,4,4,2,4,2,1,4,3,2,1,1,2,2,1,1,1,2,4,1,1,3,4,2,1,2,4,4,4,3,1,4,2,3,4,4,2,3,2,1,4,2,3,1,4,4,3,2,2,4,1,2,3,4,1,3,1,1,4,1,2,2,1,4,4,1,2,2,4,4,3,3,1,1,4,4,3,1"
152,0.9875909492720556,0.4509803921568627,2338.0,"3,1,1,3,1,3,4,4,4,3,1,1,1,1,1,1,3,2,1,3,3,3,3,1,4,4,3,2,1,2,4,2,3,2,1,3,1,4,4,1,2,2,1,3,1,2,4,4,1,2,4,1,2,1,4,2,3,4,3,4,3,3,1,1,2,1,1,2,1,4,3,3,1,1,2,1,4,3,2,2,2,1,1,1,2,2,3,3,1,1,3,4,3,1,1,1,1,3,1,1,3,4,3,1,1,2,1,4,1,3,1,1,2,1,1,3,4,2,4,4,1,2,3,4,1,3,4,1,4,2,2,1,3,1,4,3,2,3,2,3,3,3,4,4,1,1,2,4,2,1,2,1,4,3,4,2,2,4,4,1,2,2,4,3,2,3,4,4,1,2,3,1,2,1,4,2,1,1,3,1,2,2,3,2,4,2,2,1,1,2,3,1,3,2,2,4,1,2,4,1,2,2,1,1,1,2,2,4,3,1,2,2,1,3,1,3,2,3,4,2,4,1,1,1,3,2,1,1,2,1,4,2,2,2,4,2,4,2,3,1,3,1,4,3,2,1,1,3,4,3,4,4,1,3,3,4,3,2,2,3,3,4,2,2,1,4,1,2,4,3,4,3,3,4,3,1,2,3,1,3,2,1,2,2,1,1,3,4,2,4,2,4,1,1,2,3,3,3,3,4,1,4,4,4,2,1,2,3,1,2,2,4,2,2,3,3,2,2,2,4,4,4,3,1,4,4,2,4,1,3,4,3,4,3,3,4,4,3,1,1,1,1,4,2,3,1,1,2,2,4,3,3,2,2,2,4,3,2,1,3,3,1,1,3,3,2,4,4,2,1,1,1,1,2,3,2,1,2,4,4,1,2,4,3,1,2,1,4,3,4,1,3,2,4,3,1,2,1,1,2,3,3,2,2,1,1,4,2,4,2,4,1,1,3,4,2,4,1,3,4,1,2,3,1,2,4,2,2,2,3,1,1,2,4,4,1,4,2,1,1,4,1,3,2,3,1,4,3,3,3,4,4,1,4,3,1,4,2,4,4,1,1,1,2,2,4,4,1,1,2,2,1,4,2,1,1,1,2,4,2,4,2,1,1,3,1,4,1,3,1,1,2,4,3,2,3,1,3,2,1,2,4,4,4,3,4,3,3,2,1,1,2,4,2,2,1,3,2,2,3,1,4,2,4,4,2,4,2,3,3,3,3,1,3,2,2,2,4,2,1,1,1,1,1,1,3,1,4,1,2,2,4,1,3,3,3,3,1,4,3,1,1,1,1,1,2,1,1,1,2,2,4,4,1,3,1,4,3,3,4,1,4,3,2,1,4,4,4,2,2,1,1,1,4,2,1,2,3,1,2,1,2,2,4,3,1,2,1,2,3,2,2,1,3,2,1,2,1,3,4,3,1,3,1,1,3,4,3,1,4,1,4,3,3,1,4,1,4,1,3,2,1,2,3,2,4,2,1,2,4,3,4,1,4,2,2,4,2,2,1,1,1,3,3,1,4,4,4,1,3,2,4,1,1,2,3,3,1,2,3,2,2,1,2,2,2,4,2,2,1,3,3,2,1,1,2,2,3,3,3,2,3,1,4,4,4,1,4,2,2,4,4,3,1,3,1,3,2,1,4,1,1,3,4,3,4,3,1,3,3,1,1,1,4,1,3,3,1,1,3,1,1,4,1,4,2,4,1,1,3,1,1,1,4,4,2,4,3,4,1,4,1,3,2,2,2,2,1,1,4,1,2,1,3,3,3,2,4,1,4,1,2,3,2,3,4,4,2,2,1,4,3,4,1,2,3,1,2,3,1,2,4,2,2,1,1,1,2,2,4,1,4,3,4,1,3,2,2,3,1,4,2,3,4,4,2,1,1,3,3,1,3,1,2,4,3,2,1,3,2,3,2,1,4,2,1,3,4,4,3,4,3,3,1,3,1,2,2,3,1,2,1,2,3,2,3,3,2,3,1,1,1,4,2,2,4,2,1,4,4,1,2,3,3,2,3,4,3,2,2,2,4,2,3,2,2,2,4,4,4,4,1,1,3,2,4,4,2,2,1,2,1,2,2,4,4,1,2,4,1,4,3,1,3,2,1,3,2,1,2,3,1,2,2,4,3,1,1,2,3,2,2,1,2,1,1,4,1,4,2,1,1,4,4,1,3,3,4,1,2,2,3,3,2,4,1,3,1,4,4,3,4,2,4,3,4,4,3,3,1,2,3,4,1,4,2,4,1,2,4,1,4,2,4,4,1,4,3,2,1,3,3,2,1,3,4,3,2,3,1,3,3,2,3,3,1,2,2,2,2,4,4,4,2,2,4,2,3,1,2,3,3,4,1,2,2,1,3,2,2,1,3,3,3,2,3,1,4,4,1,1,1,3,1,2,4,2,2,3,3,4,3,3,4,1,4,4,1,1,4,1,1,4,1,2,3,3,4,3,2,1,4,3,2,1,1,2,3,4,1,4,1,1,1,3,3,2,4,4,2,3,4,2,1,4,3,4,1,3,3,2,3,2,3,1,1,1,1,1,4,1,3,2,4,3,1,1,3,4,2,2,2,2,1,4,1,4,2,3,3,1,3,1,1,4,2,2,2,2,4,2,2,3,2,2,1,1,2,1,3,3,3,4,3,2,3,3,3,3,1,3,3,1,1,4,2,4,1,1,1,4,3,2,2,3,2,3,4,1,3,3,1,1,2,3,1,2,4,3,4,1,1,3,4,1,3,3,3,1,1,3,2,3,3,3,2,4,1,1,4,3,3,1,3,4,1,2,3,4,1,1,2,3,2,4,1,1,2,2,2,3,1,3,4,3,2,4,4,3,3,2,2,4,2,1,1,4,3,3,1,3,2,1,4,3,4,4,3,3,1,1,4,4,1,4,2,3,3,2,1,1,4,4,1,4,2,3,2,3,3,4,4,3,4,2,1,4,4,4,1,2,3,2,4,1,2,4,4,3,1,3,2,3,2,4,1,1,4,1,3,2,2,2,3,2,1,2,3,1,4,1,3,1,2,3,4,2,3,3,4,4,3,4,4,2,3,1,2,3,3,2,4,1,1,3,3,1,3,1,4,1,1,1,3,4,2,2,1,3,2,2,1,1,3,2,1,4,4,4,1,3,4,4,4,1,1,1,4,1,1,3,1,2,1,1,2,2,1,3,4,2,3,1,1,2,2,3,1,2,2,4,2,3,1,2,4,2,1,1,1,4,1,1,2,2,3,2,1,1,3,1,3,3,1,2,2,2,3,2,3,4,3,1,1,2,1,2,4,3,1,2,4,1,3,4,3,4,4,3,2,3,3,1,3,3,1,2,3,1,2,2,3,2,3,2,2,2,3,2,4,1,1,4,2,1,4,2,3,3,1,1,4,1,2,4,2,1,3,2,4,3,1,2,1,2,3,4,1,3,3,4,4,3,2,3,3,2,1,3,2,1,2,2,2,1,1,3,3,3,3,3,1,4,2,3,2,2,3,2,2,4,2,2,4,2,2,2,2,2,2,1,4,1,1,4,4,2,3,3,1,2,3,4,4,3,2,2,1,4,2,4,1,2,2,3,4,2,1,4,2,4,1,3,3,1,4,1,3,4,4,2,2,2,2,2,1,1,4,4,2,3,3,4,4,4,2,4,2,1,4,3,2,1,1,2,2,1,1,1,2,4,1,1,3,4,2,1,2,4,4,4,3,1,4,2,3,4,4,2,3,2,1,4,2,3,1,4,4,3,2,2,4,1,2,3,4,1,3,1,1,4,1,2,2,1,4,4,1,2,2,4,4,3,3,1,1,4,4,3,1"
153,0.9875909492720556,0.4509803921568627,2338.0,"3,1,1,3,1,3,4,4,4,3,1,1,1,1,1,1,3,2,1,3,3,3,3,1,4,4,3,2,1,2,4,2,3,2,1,3,1,4,4,1,2,2,1,3,1,2,4,4,1,2,4,1,2,1,4,2,3,4,3,4,3,3,1,1,2,1,1,2,1,4,3,3,1,1,2,1,4,3,2,2,2,1,1,1,2,2,3,3,1,1,3,4,3,1,1,1,1,3,1,1,3,4,3,1,1,2,1,4,1,3,1,1,2,1,1,3,4,2,4,4,1,2,3,4,1,3,4,1,4,2,2,1,3,1,4,3,2,3,2,3,3,3,4,4,1,1,2,4,2,1,2,1,4,3,4,2,2,4,4,1,2,2,4,3,2,3,4,4,1,2,3,1,2,1,4,2,1,1,3,1,2,2,3,2,4,2,2,1,1,2,3,1,3,2,2,4,1,2,4,1,2,2,1,1,1,2,2,4,3,1,2,2,1,3,1,3,2,3,4,2,4,1,1,1,3,2,1,1,2,1,4,2,2,2,4,2,4,2,3,1,3,1,4,3,2,1,1,3,4,3,4,4,1,3,3,4,3,2,2,3,3,4,2,2,1,4,1,2,4,3,4,3,3,4,3,1,2,3,1,3,2,1,2,2,1,1,3,4,2,4,2,4,1,1,2,3,3,3,3,4,1,4,4,4,2,1,2,3,1,2,2,4,2,2,3,3,2,2,2,4,4,4,3,1,4,4,2,4,1,3,4,3,4,3,3,4,4,3,1,1,1,1,4,2,3,1,1,2,2,4,3,3,2,2,2,4,3,2,1,3,3,1,1,3,3,2,4,4,2,1,1,1,1,2,3,2,1,2,4,4,1,2,4,3,1,2,1,4,3,4,1,3,2,4,3,1,2,1,1,2,3,3,2,2,1,1,4,2,4,2,4,1,1,3,4,2,4,1,3,4,1,2,3,1,2,4,2,2,2,3,1,1,2,4,4,1,4,2,1,1,4,1,3,2,3,1,4,3,3,3,4,4,1,4,3,1,4,2,4,4,1,1,1,2,2,4,4,1,1,2,2,1,4,2,1,1,1,2,4,2,4,2,1,1,3,1,4,1,3,1,1,2,4,3,2,3,1,3,2,1,2,4,4,4,3,4,3,3,2,1,1,2,4,2,2,1,3,2,2,3,1,4,2,4,4,2,4,2,3,3,3,3,1,3,2,2,2,4,2,1,1,1,1,1,1,3,1,4,1,2,2,4,1,3,3,3,3,1,4,3,1,1,1,1,1,2,1,1,1,2,2,4,4,1,3,1,4,3,3,4,1,4,3,2,1,4,4,4,2,2,1,1,1,4,2,1,2,3,1,2,1,2,2,4,3,1,2,1,2,3,2,2,1,3,2,1,2,1,3,4,3,1,3,1,1,3,4,3,1,4,1,4,3,3,1,4,1,4,1,3,2,1,2,3,2,4,2,1,2,4,3,4,1,4,2,2,4,2,2,1,1,1,3,3,1,4,4,4,1,3,2,4,1,1,2,3,3,1,2,3,2,2,1,2,2,2,4,2,2,1,3,3,2,1,1,2,2,3,3,3,2,3,1,4,4,4,1,4,2,2,4,4,3,1,3,1,3,2,1,4,1,1,3,4,3,4,3,1,3,3,1,1,1,4,1,3,3,1,1,3,1,1,4,1,4,2,4,1,1,3,1,1,1,4,4,2,4,3,4,1,4,1,3,2,2,2,2,1,1,4,1,2,1,3,3,3,2,4,1,4,1,2,3,2,3,4,4,2,2,1,4,3,4,1,2,3,1,2,3,1,2,4,2,2,1,1,1,2,2,4,1,4,3,4,1,3,2,2,3,1,4,2,3,4,4,2,1,1,3,3,1,3,1,2,4,3,2,1,3,2,3,2,1,4,2,1,3,4,4,3,4,3,3,1,3,1,2,2,3,1,2,1,2,3,2,3,3,2,3,1,1,1,4,2,2,4,2,1,4,4,1,2,3,3,2,3,4,3,2,2,2,4,2,3,2,2,2,4,4,4,4,1,1,3,2,4,4,2,2,1,2,1,2,2,4,4,1,2,4,1,4,3,1,3,2,1,3,2,1,2,3,1,2,2,4,3,1,1,2,3,2,2,1,2,1,1,4,1,4,2,1,1,4,4,1,3,3,4,1,2,2,3,3,2,4,1,3,1,4,4,3,4,2,4,3,4,4,3,3,1,2,3,4,1,4,2,4,1,2,4,1,4,2,4,4,1,4,3,2,1,3,3,2,1,3,4,3,2,3,1,3,3,2,3,3,1,2,2,2,2,4,4,4,2,2,4,2,3,1,2,3,3,4,1,2,2,1,3,2,2,1,3,3,3,2,3,1,4,4,1,1,1,3,1,2,4,2,2,3,3,4,3,3,4,1,4,4,1,1,4,1,1,4,1,2,3,3,4,3,2,1,4,3,2,1,1,2,3,4,1,4,1,1,1,3,3,2,4,4,2,3,4,2,1,4,3,4,1,3,3,2,3,2,3,1,1,1,1,1,4,1,3,2,4,3,1,1,3,4,2,2,2,2,1,4,1,4,2,3,3,1,3,1,1,4,2,2,2,2,4,2,2,3,2,2,1,1,2,1,3,3,3,4,3,2,3,3,3,3,1,3,3,1,1,4,2,4,1,1,1,4,3,2,2,3,2,3,4,1,3,3,1,1,2,3,1,2,4,3,4,1,1,3,4,1,3,3,3,1,1,3,2,3,3,3,2,4,1,1,4,3,3,1,3,4,1,2,3,4,1,1,2,3,2,4,1,1,2,2,2,3,1,3,4,3,2,4,4,3,3,2,2,4,2,1,1,4,3,3,1,3,2,1,4,3,4,4,3,3,1,1,4,4,1,4,2,3,3,2,1,1,4,4,1,4,2,3,2,3,3,4,4,3,4,2,1,4,4,4,1,2,3,2,4,1,2,4,4,3,1,3,2,3,2,4,1,1,4,1,3,2,2,2,3,2,1,2,3,1,4,1,3,1,2,3,4,2,3,3,4,4,3,4,4,2,3,1,2,3,3,2,4,1,1,3,3,1,3,1,4,1,1,1,3,4,2,2,1,3,2,2,1,1,3,2,1,4,4,4,1,3,4,4,4,1,1,1,4,1,1,3,1,2,1,1,2,2,1,3,4,2,3,1,1,2,2,3,1,2,2,4,2,3,1,2,4,2,1,1,1,4,1,1,2,2,3,2,1,1,3,1,3,3,1,2,2,2,3,2,3,4,3,1,1,2,1,2,4,3,1,2,4,1,3,4,3,4,4,3,2,3,3,1,3,3,1,2,3,1,2,2,3,2,3,2,2,2,3,2,4,1,1,4,2,1,4,2,3,3,1,1,4,1,2,4,2,1,3,2,4,3,1,2,1,2,3,4,1,3,3,4,4,3,2,3,3,2,1,3,2,1,2,2,2,1,1,3,3,3,3,3,1,4,2,3,2,2,3,2,2,4,2,2,4,2,2,2,2,2,2,1,4,1,1,4,4,2,3,3,1,2,3,4,4,3,2,2,1,4,2,4,1,2,2,3,4,2,1,4,2,4,1,3,3,1,4,1,3,4,4,2,2,2,2,2,1,1,4,4,2,3,3,4,4,4,2,4,2,1,4,3,2,1,1,2,2,1,1,1,2,4,1,1,3,4,2,1,2,4,4,4,3,1,4,2,3,4,4,2,3,2,1,4,2,3,1,4,4,3,2,2,4,1,2,3,4,1,3,1,1,4,1,2,2,1,4,4,1,2,2,4,4,3,3,1,1,4,4,3,1"
154,0.9875909492720556,0.4509803921568627,2338.0,"3,1,1,3,1,3,4,4,4,3,1,1,1,1,1,1,3,2,1,3,3,3,3,1,4,4,3,2,1,2,4,2,3,2,1,3,1,4,4,1,2,2,1,3,1,2,4,4,1,2,4,1,2,1,4,2,3,4,3,4,3,3,1,1,2,1,1,2,1,4,3,3,1,1,2,1,4,3,2,2,2,1,1,1,2,2,3,3,1,1,3,4,3,1,1,1,1,3,1,1,3,4,3,1,1,2,1,4,1,3,1,1,2,1,1,3,4,2,4,4,1,2,3,4,1,3,4,1,4,2,2,1,3,1,4,3,2,3,2,3,3,3,4,4,1,1,2,4,2,1,2,1,4,3,4,2,2,4,4,1,2,2,4,3,2,3,4,4,1,2,3,1,2,1,4,2,1,1,3,1,2,2,3,2,4,2,2,1,1,2,3,1,3,2,2,4,1,2,4,1,2,2,1,1,1,2,2,4,3,1,2,2,1,3,1,3,2,3,4,2,4,1,1,1,3,2,1,1,2,1,4,2,2,2,4,2,4,2,3,1,3,1,4,3,2,1,1,3,4,3,4,4,1,3,3,4,3,2,2,3,3,4,2,2,1,4,1,2,4,3,4,3,3,4,3,1,2,3,1,3,2,1,2,2,1,1,3,4,2,4,2,4,1,1,2,3,3,3,3,4,1,4,4,4,2,1,2,3,1,2,2,4,2,2,3,3,2,2,2,4,4,4,3,1,4,4,2,4,1,3,4,3,4,3,3,4,4,3,1,1,1,1,4,2,3,1,1,2,2,4,3,3,2,2,2,4,3,2,1,3,3,1,1,3,3,2,4,4,2,1,1,1,1,2,3,2,1,2,4,4,1,2,4,3,1,2,1,4,3,4,1,3,2,4,3,1,2,1,1,2,3,3,2,2,1,1,4,2,4,2,4,1,1,3,4,2,4,1,3,4,1,2,3,1,2,4,2,2,2,3,1,1,2,4,4,1,4,2,1,1,4,1,3,2,3,1,4,3,3,3,4,4,1,4,3,1,4,2,4,4,1,1,1,2,2,4,4,1,1,2,2,1,4,2,1,1,1,2,4,2,4,2,1,1,3,1,4,1,3,1,1,2,4,3,2,3,1,3,2,1,2,4,4,4,3,4,3,3,2,1,1,2,4,2,2,1,3,2,2,3,1,4,2,4,4,2,4,2,3,3,3,3,1,3,2,2,2,4,2,1,1,1,1,1,1,3,1,4,1,2,2,4,1,3,3,3,3,1,4,3,1,1,1,1,1,2,1,1,1,2,2,4,4,1,3,1,4,3,3,4,1,4,3,2,1,4,4,4,2,2,1,1,1,4,2,1,2,3,1,2,1,2,2,4,3,1,2,1,2,3,2,2,1,3,2,1,2,1,3,4,3,1,3,1,1,3,4,3,1,4,1,4,3,3,1,4,1,4,1,3,2,1,2,3,2,4,2,1,2,4,3,4,1,4,2,2,4,2,2,1,1,1,3,3,1,4,4,4,1,3,2,4,1,1,2,3,3,1,2,3,2,2,1,2,2,2,4,2,2,1,3,3,2,1,1,2,2,3,3,3,2,3,1,4,4,4,1,4,2,2,4,4,3,1,3,1,3,2,1,4,1,1,3,4,3,4,3,1,3,3,1,1,1,4,1,3,3,1,1,3,1,1,4,1,4,2,4,1,1,3,1,1,1,4,4,2,4,3,4,1,4,1,3,2,2,2,2,1,1,4,1,2,1,3,3,3,2,4,1,4,1,2,3,2,3,4,4,2,2,1,4,3,4,1,2,3,1,2,3,1,2,4,2,2,1,1,1,2,2,4,1,4,3,4,1,3,2,2,3,1,4,2,3,4,4,2,1,1,3,3,1,3,1,2,4,3,2,1,3,2,3,2,1,4,2,1,3,4,4,3,4,3,3,1,3,1,2,2,3,1,2,1,2,3,2,3,3,2,3,1,1,1,4,2,2,4,2,1,4,4,1,2,3,3,2,3,4,3,2,2,2,4,2,3,2,2,2,4,4,4,4,1,1,3,2,4,4,2,2,1,2,1,2,2,4,4,1,2,4,1,4,3,1,3,2,1,3,2,1,2,3,1,2,2,4,3,1,1,2,3,2,2,1,2,1,1,4,1,4,2,1,1,4,4,1,3,3,4,1,2,2,3,3,2,4,1,3,1,4,4,3,4,2,4,3,4,4,3,3,1,2,3,4,1,4,2,4,1,2,4,1,4,2,4,4,1,4,3,2,1,3,3,2,1,3,4,3,2,3,1,3,3,2,3,3,1,2,2,2,2,4,4,4,2,2,4,2,3,1,2,3,3,4,1,2,2,1,3,2,2,1,3,3,3,2,3,1,4,4,1,1,1,3,1,2,4,2,2,3,3,4,3,3,4,1,4,4,1,1,4,1,1,4,1,2,3,3,4,3,2,1,4,3,2,1,1,2,3,4,1,4,1,1,1,3,3,2,4,4,2,3,4,2,1,4,3,4,1,3,3,2,3,2,3,1,1,1,1,1,4,1,3,2,4,3,1,1,3,4,2,2,2,2,1,4,1,4,2,3,3,1,3,1,1,4,2,2,2,2,4,2,2,3,2,2,1,1,2,1,3,3,3,4,3,2,3,3,3,3,1,3,3,1,1,4,2,4,1,1,1,4,3,2,2,3,2,3,4,1,3,3,1,1,2,3,1,2,4,3,4,1,1,3,4,1,3,3,3,1,1,3,2,3,3,3,2,4,1,1,4,3,3,1,3,4,1,2,3,4,1,1,2,3,2,4,1,1,2,2,2,3,1,3,4,3,2,4,4,3,3,2,2,4,2,1,1,4,3,3,1,3,2,1,4,3,4,4,3,3,1,1,4,4,1,4,2,3,3,2,1,1,4,4,1,4,2,3,2,3,3,4,4,3,4,2,1,4,4,4,1,2,3,2,4,1,2,4,4,3,1,3,2,3,2,4,1,1,4,1,3,2,2,2,3,2,1,2,3,1,4,1,3,1,2,3,4,2,3,3,4,4,3,4,4,2,3,1,2,3,3,2,4,1,1,3,3,1,3,1,4,1,1,1,3,4,2,2,1,3,2,2,1,1,3,2,1,4,4,4,1,3,4,4,4,1,1,1,4,1,1,3,1,2,1,1,2,2,1,3,4,2,3,1,1,2,2,3,1,2,2,4,2,3,1,2,4,2,1,1,1,4,1,1,2,2,3,2,1,1,3,1,3,3,1,2,2,2,3,2,3,4,3,1,1,2,1,2,4,3,1,2,4,1,3,4,3,4,4,3,2,3,3,1,3,3,1,2,3,1,2,2,3,2,3,2,2,2,3,2,4,1,1,4,2,1,4,2,3,3,1,1,4,1,2,4,2,1,3,2,4,3,1,2,1,2,3,4,1,3,3,4,4,3,2,3,3,2,1,3,2,1,2,2,2,1,1,3,3,3,3,3,1,4,2,3,2,2,3,2,2,4,2,2,4,2,2,2,2,2,2,1,4,1,1,4,4,2,3,3,1,2,3,4,4,3,2,2,1,4,2,4,1,2,2,3,4,2,1,4,2,4,1,3,3,1,4,1,3,4,4,2,2,2,2,2,1,1,4,4,2,3,3,4,4,4,2,4,2,1,4,3,2,1,1,2,2,1,1,1,2,4,1,1,3,4,2,1,2,4,4,4,3,1,4,2,3,4,4,2,3,2,1,4,2,3,1,4,4,3,2,2,4,1,2,3,4,1,3,1,1,4,1,2,2,1,4,4,1,2,2,4,4,3,3,1,1,4,4,3,1"
155,0.9875909492720556,0.4509803921568627,2338.0,"3,1,1,3,1,3,4,4,4,3,1,1,1,1,1,1,3,2,1,3,3,3,3,1,4,4,3,2,1,2,4,2,3,2,1,3,1,4,4,1,2,2,1,3,1,2,4,4,1,2,4,1,2,1,4,2,3,4,3,4,3,3,1,1,2,1,1,2,1,4,3,3,1,1,2,1,4,3,2,2,2,1,1,1,2,2,3,3,1,1,3,4,3,1,1,1,1,3,1,1,3,4,3,1,1,2,1,4,1,3,1,1,2,1,1,3,4,2,4,4,1,2,3,4,1,3,4,1,4,2,2,1,3,1,4,3,2,3,2,3,3,3,4,4,1,1,2,4,2,1,2,1,4,3,4,2,2,4,4,1,2,2,4,3,2,3,4,4,1,2,3,1,2,1,4,2,1,1,3,1,2,2,3,2,4,2,2,1,1,2,3,1,3,2,2,4,1,2,4,1,2,2,1,1,1,2,2,4,3,1,2,2,1,3,1,3,2,3,4,2,4,1,1,1,3,2,1,1,2,1,4,2,2,2,4,2,4,2,3,1,3,1,4,3,2,1,1,3,4,3,4,4,1,3,3,4,3,2,2,3,3,4,2,2,1,4,1,2,4,3,4,3,3,4,3,1,2,3,1,3,2,1,2,2,1,1,3,4,2,4,2,4,1,1,2,3,3,3,3,4,1,4,4,4,2,1,2,3,1,2,2,4,2,2,3,3,2,2,2,4,4,4,3,1,4,4,2,4,1,3,4,3,4,3,3,4,4,3,1,1,1,1,4,2,3,1,1,2,2,4,3,3,2,2,2,4,3,2,1,3,3,1,1,3,3,2,4,4,2,1,1,1,1,2,3,2,1,2,4,4,1,2,4,3,1,2,1,4,3,4,1,3,2,4,3,1,2,1,1,2,3,3,2,2,1,1,4,2,4,2,4,1,1,3,4,2,4,1,3,4,1,2,3,1,2,4,2,2,2,3,1,1,2,4,4,1,4,2,1,1,4,1,3,2,3,1,4,3,3,3,4,4,1,4,3,1,4,2,4,4,1,1,1,2,2,4,4,1,1,2,2,1,4,2,1,1,1,2,4,2,4,2,1,1,3,1,4,1,3,1,1,2,4,3,2,3,1,3,2,1,2,4,4,4,3,4,3,3,2,1,1,2,4,2,2,1,3,2,2,3,1,4,2,4,4,2,4,2,3,3,3,3,1,3,2,2,2,4,2,1,1,1,1,1,1,3,1,4,1,2,2,4,1,3,3,3,3,1,4,3,1,1,1,1,1,2,1,1,1,2,2,4,4,1,3,1,4,3,3,4,1,4,3,2,1,4,4,4,2,2,1,1,1,4,2,1,2,3,1,2,1,2,2,4,3,1,2,1,2,3,2,2,1,3,2,1,2,1,3,4,3,1,3,1,1,3,4,3,1,4,1,4,3,3,1,4,1,4,1,3,2,1,2,3,2,4,2,1,2,4,3,4,1,4,2,2,4,2,2,1,1,1,3,3,1,4,4,4,1,3,2,4,1,1,2,3,3,1,2,3,2,2,1,2,2,2,4,2,2,1,3,3,2,1,1,2,2,3,3,3,2,3,1,4,4,4,1,4,2,2,4,4,3,1,3,1,3,2,1,4,1,1,3,4,3,4,3,1,3,3,1,1,1,4,1,3,3,1,1,3,1,1,4,1,4,2,4,1,1,3,1,1,1,4,4,2,4,3,4,1,4,1,3,2,2,2,2,1,1,4,1,2,1,3,3,3,2,4,1,4,1,2,3,2,3,4,4,2,2,1,4,3,4,1,2,3,1,2,3,1,2,4,2,2,1,1,1,2,2,4,1,4,3,4,1,3,2,2,3,1,4,2,3,4,4,2,1,1,3,3,1,3,1,2,4,3,2,1,3,2,3,2,1,4,2,1,3,4,4,3,4,3,3,1,3,1,2,2,3,1,2,1,2,3,2,3,3,2,3,1,1,1,4,2,2,4,2,1,4,4,1,2,3,3,2,3,4,3,2,2,2,4,2,3,2,2,2,4,4,4,4,1,1,3,2,4,4,2,2,1,2,1,2,2,4,4,1,2,4,1,4,3,1,3,2,1,3,2,1,2,3,1,2,2,4,3,1,1,2,3,2,2,1,2,1,1,4,1,4,2,1,1,4,4,1,3,3,4,1,2,2,3,3,2,4,1,3,1,4,4,3,4,2,4,3,4,4,3,3,1,2,3,4,1,4,2,4,1,2,4,1,4,2,4,4,1,4,3,2,1,3,3,2,1,3,4,3,2,3,1,3,3,2,3,3,1,2,2,2,2,4,4,4,2,2,4,2,3,1,2,3,3,4,1,2,2,1,3,2,2,1,3,3,3,2,3,1,4,4,1,1,1,3,1,2,4,2,2,3,3,4,3,3,4,1,4,4,1,1,4,1,1,4,1,2,3,3,4,3,2,1,4,3,2,1,1,2,3,4,1,4,1,1,1,3,3,2,4,4,2,3,4,2,1,4,3,4,1,3,3,2,3,2,3,1,1,1,1,1,4,1,3,2,4,3,1,1,3,4,2,2,2,2,1,4,1,4,2,3,3,1,3,1,1,4,2,2,2,2,4,2,2,3,2,2,1,1,2,1,3,3,3,4,3,2,3,3,3,3,1,3,3,1,1,4,2,4,1,1,1,4,3,2,2,3,2,3,4,1,3,3,1,1,2,3,1,2,4,3,4,1,1,3,4,1,3,3,3,1,1,3,2,3,3,3,2,4,1,1,4,3,3,1,3,4,1,2,3,4,1,1,2,3,2,4,1,1,2,2,2,3,1,3,4,3,2,4,4,3,3,2,2,4,2,1,1,4,3,3,1,3,2,1,4,3,4,4,3,3,1,1,4,4,1,4,2,3,3,2,1,1,4,4,1,4,2,3,2,3,3,4,4,3,4,2,1,4,4,4,1,2,3,2,4,1,2,4,4,3,1,3,2,3,2,4,1,1,4,1,3,2,2,2,3,2,1,2,3,1,4,1,3,1,2,3,4,2,3,3,4,4,3,4,4,2,3,1,2,3,3,2,4,1,1,3,3,1,3,1,4,1,1,1,3,4,2,2,1,3,2,2,1,1,3,2,1,4,4,4,1,3,4,4,4,1,1,1,4,1,1,3,1,2,1,1,2,2,1,3,4,2,3,1,1,2,2,3,1,2,2,4,2,3,1,2,4,2,1,1,1,4,1,1,2,2,3,2,1,1,3,1,3,3,1,2,2,2,3,2,3,4,3,1,1,2,1,2,4,3,1,2,4,1,3,4,3,4,4,3,2,3,3,1,3,3,1,2,3,1,2,2,3,2,3,2,2,2,3,2,4,1,1,4,2,1,4,2,3,3,1,1,4,1,2,4,2,1,3,2,4,3,1,2,1,2,3,4,1,3,3,4,4,3,2,3,3,2,1,3,2,1,2,2,2,1,1,3,3,3,3,3,1,4,2,3,2,2,3,2,2,4,2,2,4,2,2,2,2,2,2,1,4,1,1,4,4,2,3,3,1,2,3,4,4,3,2,2,1,4,2,4,1,2,2,3,4,2,1,4,2,4,1,3,3,1,4,1,3,4,4,2,2,2,2,2,1,1,4,4,2,3,3,4,4,4,2,4,2,1,4,3,2,1,1,2,2,1,1,1,2,4,1,1,3,4,2,1,2,4,4,4,3,1,4,2,3,4,4,2,3,2,1,4,2,3,1,4,4,3,2,2,4,1,2,3,4,1,3,1,1,4,1,2,2,1,4,4,1,2,2,4,4,3,3,1,1,4,4,3,1"
156,0.9875909492720556,0.4509803921568627,2338.0,"3,1,1,3,1,3,4,4,4,3,1,1,1,1,1,1,3,2,1,3,3,3,3,1,4,4,3,2,1,2,4,2,3,2,1,3,1,4,4,1,2,2,1,3,1,2,4,4,1,2,4,1,2,1,4,2,3,4,3,4,3,3,1,1,2,1,1,2,1,4,3,3,1,1,2,1,4,3,2,2,2,1,1,1,2,2,3,3,1,1,3,4,3,1,1,1,1,3,1,1,3,4,3,1,1,2,1,4,1,3,1,1,2,1,1,3,4,2,4,4,1,2,3,4,1,3,4,1,4,2,2,1,3,1,4,3,2,3,2,3,3,3,4,4,1,1,2,4,2,1,2,1,4,3,4,2,2,4,4,1,2,2,4,3,2,3,4,4,1,2,3,1,2,1,4,2,1,1,3,1,2,2,3,2,4,2,2,1,1,2,3,1,3,2,2,4,1,2,4,1,2,2,1,1,1,2,2,4,3,1,2,2,1,3,1,3,2,3,4,2,4,1,1,1,3,2,1,1,2,1,4,2,2,2,4,2,4,2,3,1,3,1,4,3,2,1,1,3,4,3,4,4,1,3,3,4,3,2,2,3,3,4,2,2,1,4,1,2,4,3,4,3,3,4,3,1,2,3,1,3,2,1,2,2,1,1,3,4,2,4,2,4,1,1,2,3,3,3,3,4,1,4,4,4,2,1,2,3,1,2,2,4,2,2,3,3,2,2,2,4,4,4,3,1,4,4,2,4,1,3,4,3,4,3,3,4,4,3,1,1,1,1,4,2,3,1,1,2,2,4,3,3,2,2,2,4,3,2,1,3,3,1,1,3,3,2,4,4,2,1,1,1,1,2,3,2,1,2,4,4,1,2,4,3,1,2,1,4,3,4,1,3,2,4,3,1,2,1,1,2,3,3,2,2,1,1,4,2,4,2,4,1,1,3,4,2,4,1,3,4,1,2,3,1,2,4,2,2,2,3,1,1,2,4,4,1,4,2,1,1,4,1,3,2,3,1,4,3,3,3,4,4,1,4,3,1,4,2,4,4,1,1,1,2,2,4,4,1,1,2,2,1,4,2,1,1,1,2,4,2,4,2,1,1,3,1,4,1,3,1,1,2,4,3,2,3,1,3,2,1,2,4,4,4,3,4,3,3,2,1,1,2,4,2,2,1,3,2,2,3,1,4,2,4,4,2,4,2,3,3,3,3,1,3,2,2,2,4,2,1,1,1,1,1,1,3,1,4,1,2,2,4,1,3,3,3,3,1,4,3,1,1,1,1,1,2,1,1,1,2,2,4,4,1,3,1,4,3,3,4,1,4,3,2,1,4,4,4,2,2,1,1,1,4,2,1,2,3,1,2,1,2,2,4,3,1,2,1,2,3,2,2,1,3,2,1,2,1,3,4,3,1,3,1,1,3,4,3,1,4,1,4,3,3,1,4,1,4,1,3,2,1,2,3,2,4,2,1,2,4,3,4,1,4,2,2,4,2,2,1,1,1,3,3,1,4,4,4,1,3,2,4,1,1,2,3,3,1,2,3,2,2,1,2,2,2,4,2,2,1,3,3,2,1,1,2,2,3,3,3,2,3,1,4,4,4,1,4,2,2,4,4,3,1,3,1,3,2,1,4,1,1,3,4,3,4,3,1,3,3,1,1,1,4,1,3,3,1,1,3,1,1,4,1,4,2,4,1,1,3,1,1,1,4,4,2,4,3,4,1,4,1,3,2,2,2,2,1,1,4,1,2,1,3,3,3,2,4,1,4,1,2,3,2,3,4,4,2,2,1,4,3,4,1,2,3,1,2,3,1,2,4,2,2,1,1,1,2,2,4,1,4,3,4,1,3,2,2,3,1,4,2,3,4,4,2,1,1,3,3,1,3,1,2,4,3,2,1,3,2,3,2,1,4,2,1,3,4,4,3,4,3,3,1,3,1,2,2,3,1,2,1,2,3,2,3,3,2,3,1,1,1,4,2,2,4,2,1,4,4,1,2,3,3,2,3,4,3,2,2,2,4,2,3,2,2,2,4,4,4,4,1,1,3,2,4,4,2,2,1,2,1,2,2,4,4,1,2,4,1,4,3,1,3,2,1,3,2,1,2,3,1,2,2,4,3,1,1,2,3,2,2,1,2,1,1,4,1,4,2,1,1,4,4,1,3,3,4,1,2,2,3,3,2,4,1,3,1,4,4,3,4,2,4,3,4,4,3,3,1,2,3,4,1,4,2,4,1,2,4,1,4,2,4,4,1,4,3,2,1,3,3,2,1,3,4,3,2,3,1,3,3,2,3,3,1,2,2,2,2,4,4,4,2,2,4,2,3,1,2,3,3,4,1,2,2,1,3,2,2,1,3,3,3,2,3,1,4,4,1,1,1,3,1,2,4,2,2,3,3,4,3,3,4,1,4,4,1,1,4,1,1,4,1,2,3,3,4,3,2,1,4,3,2,1,1,2,3,4,1,4,1,1,1,3,3,2,4,4,2,3,4,2,1,4,3,4,1,3,3,2,3,2,3,1,1,1,1,1,4,1,3,2,4,3,1,1,3,4,2,2,2,2,1,4,1,4,2,3,3,1,3,1,1,4,2,2,2,2,4,2,2,3,2,2,1,1,2,1,3,3,3,4,3,2,3,3,3,3,1,3,3,1,1,4,2,4,1,1,1,4,3,2,2,3,2,3,4,1,3,3,1,1,2,3,1,2,4,3,4,1,1,3,4,1,3,3,3,1,1,3,2,3,3,3,2,4,1,1,4,3,3,1,3,4,1,2,3,4,1,1,2,3,2,4,1,1,2,2,2,3,1,3,4,3,2,4,4,3,3,2,2,4,2,1,1,4,3,3,1,3,2,1,4,3,4,4,3,3,1,1,4,4,1,4,2,3,3,2,1,1,4,4,1,4,2,3,2,3,3,4,4,3,4,2,1,4,4,4,1,2,3,2,4,1,2,4,4,3,1,3,2,3,2,4,1,1,4,1,3,2,2,2,3,2,1,2,3,1,4,1,3,1,2,3,4,2,3,3,4,4,3,4,4,2,3,1,2,3,3,2,4,1,1,3,3,1,3,1,4,1,1,1,3,4,2,2,1,3,2,2,1,1,3,2,1,4,4,4,1,3,4,4,4,1,1,1,4,1,1,3,1,2,1,1,2,2,1,3,4,2,3,1,1,2,2,3,1,2,2,4,2,3,1,2,4,2,1,1,1,4,1,1,2,2,3,2,1,1,3,1,3,3,1,2,2,2,3,2,3,4,3,1,1,2,1,2,4,3,1,2,4,1,3,4,3,4,4,3,2,3,3,1,3,3,1,2,3,1,2,2,3,2,3,2,2,2,3,2,4,1,1,4,2,1,4,2,3,3,1,1,4,1,2,4,2,1,3,2,4,3,1,2,1,2,3,4,1,3,3,4,4,3,2,3,3,2,1,3,2,1,2,2,2,1,1,3,3,3,3,3,1,4,2,3,2,2,3,2,2,4,2,2,4,2,2,2,2,2,2,1,4,1,1,4,4,2,3,3,1,2,3,4,4,3,2,2,1,4,2,4,1,2,2,3,4,2,1,4,2,4,1,3,3,1,4,1,3,4,4,2,2,2,2,2,1,1,4,4,2,3,3,4,4,4,2,4,2,1,4,3,2,1,1,2,2,1,1,1,2,4,1,1,3,4,2,1,2,4,4,4,3,1,4,2,3,4,4,2,3,2,1,4,2,3,1,4,4,3,2,2,4,1,2,3,4,1,3,1,1,4,1,2,2,1,4,4,1,2,2,4,4,3,3,1,1,4,4,3,1"
157,0.9875909492720556,0.4509803921568627,2338.0,"3,1,1,3,1,3,4,4,4,3,1,1,1,1,1,1,3,2,1,3,3,3,3,1,4,4,3,2,1,2,4,2,3,2,1,3,1,4,4,1,2,2,1,3,1,2,4,4,1,2,4,1,2,1,4,2,3,4,3,4,3,3,1,1,2,1,1,2,1,4,3,3,1,1,2,1,4,3,2,2,2,1,1,1,2,2,3,3,1,1,3,4,3,1,1,1,1,3,1,1,3,4,3,1,1,2,1,4,1,3,1,1,2,1,1,3,4,2,4,4,1,2,3,4,1,3,4,1,4,2,2,1,3,1,4,3,2,3,2,3,3,3,4,4,1,1,2,4,2,1,2,1,4,3,4,2,2,4,4,1,2,2,4,3,2,3,4,4,1,2,3,1,2,1,4,2,1,1,3,1,2,2,3,2,4,2,2,1,1,2,3,1,3,2,2,4,1,2,4,1,2,2,1,1,1,2,2,4,3,1,2,2,1,3,1,3,2,3,4,2,4,1,1,1,3,2,1,1,2,1,4,2,2,2,4,2,4,2,3,1,3,1,4,3,2,1,1,3,4,3,4,4,1,3,3,4,3,2,2,3,3,4,2,2,1,4,1,2,4,3,4,3,3,4,3,1,2,3,1,3,2,1,2,2,1,1,3,4,2,4,2,4,1,1,2,3,3,3,3,4,1,4,4,4,2,1,2,3,1,2,2,4,2,2,3,3,2,2,2,4,4,4,3,1,4,4,2,4,1,3,4,3,4,3,3,4,4,3,1,1,1,1,4,2,3,1,1,2,2,4,3,3,2,2,2,4,3,2,1,3,3,1,1,3,3,2,4,4,2,1,1,1,1,2,3,2,1,2,4,4,1,2,4,3,1,2,1,4,3,4,1,3,2,4,3,1,2,1,1,2,3,3,2,2,1,1,4,2,4,2,4,1,1,3,4,2,4,1,3,4,1,2,3,1,2,4,2,2,2,3,1,1,2,4,4,1,4,2,1,1,4,1,3,2,3,1,4,3,3,3,4,4,1,4,3,1,4,2,4,4,1,1,1,2,2,4,4,1,1,2,2,1,4,2,1,1,1,2,4,2,4,2,1,1,3,1,4,1,3,1,1,2,4,3,2,3,1,3,2,1,2,4,4,4,3,4,3,3,2,1,1,2,4,2,2,1,3,2,2,3,1,4,2,4,4,2,4,2,3,3,3,3,1,3,2,2,2,4,2,1,1,1,1,1,1,3,1,4,1,2,2,4,1,3,3,3,3,1,4,3,1,1,1,1,1,2,1,1,1,2,2,4,4,1,3,1,4,3,3,4,1,4,3,2,1,4,4,4,2,2,1,1,1,4,2,1,2,3,1,2,1,2,2,4,3,1,2,1,2,3,2,2,1,3,2,1,2,1,3,4,3,1,3,1,1,3,4,3,1,4,1,4,3,3,1,4,1,4,1,3,2,1,2,3,2,4,2,1,2,4,3,4,1,4,2,2,4,2,2,1,1,1,3,3,1,4,4,4,1,3,2,4,1,1,2,3,3,1,2,3,2,2,1,2,2,2,4,2,2,1,3,3,2,1,1,2,2,3,3,3,2,3,1,4,4,4,1,4,2,2,4,4,3,1,3,1,3,2,1,4,1,1,3,4,3,4,3,1,3,3,1,1,1,4,1,3,3,1,1,3,1,1,4,1,4,2,4,1,1,3,1,1,1,4,4,2,4,3,4,1,4,1,3,2,2,2,2,1,1,4,1,2,1,3,3,3,2,4,1,4,1,2,3,2,3,4,4,2,2,1,4,3,4,1,2,3,1,2,3,1,2,4,2,2,1,1,1,2,2,4,1,4,3,4,1,3,2,2,3,1,4,2,3,4,4,2,1,1,3,3,1,3,1,2,4,3,2,1,3,2,3,2,1,4,2,1,3,4,4,3,4,3,3,1,3,1,2,2,3,1,2,1,2,3,2,3,3,2,3,1,1,1,4,2,2,4,2,1,4,4,1,2,3,3,2,3,4,3,2,2,2,4,2,3,2,2,2,4,4,4,4,1,1,3,2,4,4,2,2,1,2,1,2,2,4,4,1,2,4,1,4,3,1,3,2,1,3,2,1,2,3,1,2,2,4,3,1,1,2,3,2,2,1,2,1,1,4,1,4,2,1,1,4,4,1,3,3,4,1,2,2,3,3,2,4,1,3,1,4,4,3,4,2,4,3,4,4,3,3,1,2,3,4,1,4,2,4,1,2,4,1,4,2,4,4,1,4,3,2,1,3,3,2,1,3,4,3,2,3,1,3,3,2,3,3,1,2,2,2,2,4,4,4,2,2,4,2,3,1,2,3,3,4,1,2,2,1,3,2,2,1,3,3,3,2,3,1,4,4,1,1,1,3,1,2,4,2,2,3,3,4,3,3,4,1,4,4,1,1,4,1,1,4,1,2,3,3,4,3,2,1,4,3,2,1,1,2,3,4,1,4,1,1,1,3,3,2,4,4,2,3,4,2,1,4,3,4,1,3,3,2,3,2,3,1,1,1,1,1,4,1,3,2,4,3,1,1,3,4,2,2,2,2,1,4,1,4,2,3,3,1,3,1,1,4,2,2,2,2,4,2,2,3,2,2,1,1,2,1,3,3,3,4,3,2,3,3,3,3,1,3,3,1,1,4,2,4,1,1,1,4,3,2,2,3,2,3,4,1,3,3,1,1,2,3,1,2,4,3,4,1,1,3,4,1,3,3,3,1,1,3,2,3,3,3,2,4,1,1,4,3,3,1,3,4,1,2,3,4,1,1,2,3,2,4,1,1,2,2,2,3,1,3,4,3,2,4,4,3,3,2,2,4,2,1,1,4,3,3,1,3,2,1,4,3,4,4,3,3,1,1,4,4,1,4,2,3,3,2,1,1,4,4,1,4,2,3,2,3,3,4,4,3,4,2,1,4,4,4,1,2,3,2,4,1,2,4,4,3,1,3,2,3,2,4,1,1,4,1,3,2,2,2,3,2,1,2,3,1,4,1,3,1,2,3,4,2,3,3,4,4,3,4,4,2,3,1,2,3,3,2,4,1,1,3,3,1,3,1,4,1,1,1,3,4,2,2,1,3,2,2,1,1,3,2,1,4,4,4,1,3,4,4,4,1,1,1,4,1,1,3,1,2,1,1,2,2,1,3,4,2,3,1,1,2,2,3,1,2,2,4,2,3,1,2,4,2,1,1,1,4,1,1,2,2,3,2,1,1,3,1,3,3,1,2,2,2,3,2,3,4,3,1,1,2,1,2,4,3,1,2,4,1,3,4,3,4,4,3,2,3,3,1,3,3,1,2,3,1,2,2,3,2,3,2,2,2,3,2,4,1,1,4,2,1,4,2,3,3,1,1,4,1,2,4,2,1,3,2,4,3,1,2,1,2,3,4,1,3,3,4,4,3,2,3,3,2,1,3,2,1,2,2,2,1,1,3,3,3,3,3,1,4,2,3,2,2,3,2,2,4,2,2,4,2,2,2,2,2,2,1,4,1,1,4,4,2,3,3,1,2,3,4,4,3,2,2,1,4,2,4,1,2,2,3,4,2,1,4,2,4,1,3,3,1,4,1,3,4,4,2,2,2,2,2,1,1,4,4,2,3,3,4,4,4,2,4,2,1,4,3,2,1,1,2,2,1,1,1,2,4,1,1,3,4,2,1,2,4,4,4,3,1,4,2,3,4,4,2,3,2,1,4,2,3,1,4,4,3,2,2,4,1,2,3,4,1,3,1,1,4,1,2,2,1,4,4,1,2,2,4,4,3,3,1,1,4,4,3,1"
158,0.9875909492720556,0.4509803921568627,2338.0,"3,1,1,3,1,3,4,4,4,3,1,1,1,1,1,1,3,2,1,3,3,3,3,1,4,4,3,2,1,2,4,2,3,2,1,3,1,4,4,1,2,2,1,3,1,2,4,4,1,2,4,1,2,1,4,2,3,4,3,4,3,3,1,1,2,1,1,2,1,4,3,3,1,1,2,1,4,3,2,2,2,1,1,1,2,2,3,3,1,1,3,4,3,1,1,1,1,3,1,1,3,4,3,1,1,2,1,4,1,3,1,1,2,1,1,3,4,2,4,4,1,2,3,4,1,3,4,1,4,2,2,1,3,1,4,3,2,3,2,3,3,3,4,4,1,1,2,4,2,1,2,1,4,3,4,2,2,4,4,1,2,2,4,3,2,3,4,4,1,2,3,1,2,1,4,2,1,1,3,1,2,2,3,2,4,2,2,1,1,2,3,1,3,2,2,4,1,2,4,1,2,2,1,1,1,2,2,4,3,1,2,2,1,3,1,3,2,3,4,2,4,1,1,1,3,2,1,1,2,1,4,2,2,2,4,2,4,2,3,1,3,1,4,3,2,1,1,3,4,3,4,4,1,3,3,4,3,2,2,3,3,4,2,2,1,4,1,2,4,3,4,3,3,4,3,1,2,3,1,3,2,1,2,2,1,1,3,4,2,4,2,4,1,1,2,3,3,3,3,4,1,4,4,4,2,1,2,3,1,2,2,4,2,2,3,3,2,2,2,4,4,4,3,1,4,4,2,4,1,3,4,3,4,3,3,4,4,3,1,1,1,1,4,2,3,1,1,2,2,4,3,3,2,2,2,4,3,2,1,3,3,1,1,3,3,2,4,4,2,1,1,1,1,2,3,2,1,2,4,4,1,2,4,3,1,2,1,4,3,4,1,3,2,4,3,1,2,1,1,2,3,3,2,2,1,1,4,2,4,2,4,1,1,3,4,2,4,1,3,4,1,2,3,1,2,4,2,2,2,3,1,1,2,4,4,1,4,2,1,1,4,1,3,2,3,1,4,3,3,3,4,4,1,4,3,1,4,2,4,4,1,1,1,2,2,4,4,1,1,2,2,1,4,2,1,1,1,2,4,2,4,2,1,1,3,1,4,1,3,1,1,2,4,3,2,3,1,3,2,1,2,4,4,4,3,4,3,3,2,1,1,2,4,2,2,1,3,2,2,3,1,4,2,4,4,2,4,2,3,3,3,3,1,3,2,2,2,4,2,1,1,1,1,1,1,3,1,4,1,2,2,4,1,3,3,3,3,1,4,3,1,1,1,1,1,2,1,1,1,2,2,4,4,1,3,1,4,3,3,4,1,4,3,2,1,4,4,4,2,2,1,1,1,4,2,1,2,3,1,2,1,2,2,4,3,1,2,1,2,3,2,2,1,3,2,1,2,1,3,4,3,1,3,1,1,3,4,3,1,4,1,4,3,3,1,4,1,4,1,3,2,1,2,3,2,4,2,1,2,4,3,4,1,4,2,2,4,2,2,1,1,1,3,3,1,4,4,4,1,3,2,4,1,1,2,3,3,1,2,3,2,2,1,2,2,2,4,2,2,1,3,3,2,1,1,2,2,3,3,3,2,3,1,4,4,4,1,4,2,2,4,4,3,1,3,1,3,2,1,4,1,1,3,4,3,4,3,1,3,3,1,1,1,4,1,3,3,1,1,3,1,1,4,1,4,2,4,1,1,3,1,1,1,4,4,2,4,3,4,1,4,1,3,2,2,2,2,1,1,4,1,2,1,3,3,3,2,4,1,4,1,2,3,2,3,4,4,2,2,1,4,3,4,1,2,3,1,2,3,1,2,4,2,2,1,1,1,2,2,4,1,4,3,4,1,3,2,2,3,1,4,2,3,4,4,2,1,1,3,3,1,3,1,2,4,3,2,1,3,2,3,2,1,4,2,1,3,4,4,3,4,3,3,1,3,1,2,2,3,1,2,1,2,3,2,3,3,2,3,1,1,1,4,2,2,4,2,1,4,4,1,2,3,3,2,3,4,3,2,2,2,4,2,3,2,2,2,4,4,4,4,1,1,3,2,4,4,2,2,1,2,1,2,2,4,4,1,2,4,1,4,3,1,3,2,1,3,2,1,2,3,1,2,2,4,3,1,1,2,3,2,2,1,2,1,1,4,1,4,2,1,1,4,4,1,3,3,4,1,2,2,3,3,2,4,1,3,1,4,4,3,4,2,4,3,4,4,3,3,1,2,3,4,1,4,2,4,1,2,4,1,4,2,4,4,1,4,3,2,1,3,3,2,1,3,4,3,2,3,1,3,3,2,3,3,1,2,2,2,2,4,4,4,2,2,4,2,3,1,2,3,3,4,1,2,2,1,3,2,2,1,3,3,3,2,3,1,4,4,1,1,1,3,1,2,4,2,2,3,3,4,3,3,4,1,4,4,1,1,4,1,1,4,1,2,3,3,4,3,2,1,4,3,2,1,1,2,3,4,1,4,1,1,1,3,3,2,4,4,2,3,4,2,1,4,3,4,1,3,3,2,3,2,3,1,1,1,1,1,4,1,3,2,4,3,1,1,3,4,2,2,2,2,1,4,1,4,2,3,3,1,3,1,1,4,2,2,2,2,4,2,2,3,2,2,1,1,2,1,3,3,3,4,3,2,3,3,3,3,1,3,3,1,1,4,2,4,1,1,1,4,3,2,2,3,2,3,4,1,3,3,1,1,2,3,1,2,4,3,4,1,1,3,4,1,3,3,3,1,1,3,2,3,3,3,2,4,1,1,4,3,3,1,3,4,1,2,3,4,1,1,2,3,2,4,1,1,2,2,2,3,1,3,4,3,2,4,4,3,3,2,2,4,2,1,1,4,3,3,1,3,2,1,4,3,4,4,3,3,1,1,4,4,1,4,2,3,3,2,1,1,4,4,1,4,2,3,2,3,3,4,4,3,4,2,1,4,4,4,1,2,3,2,4,1,2,4,4,3,1,3,2,3,2,4,1,1,4,1,3,2,2,2,3,2,1,2,3,1,4,1,3,1,2,3,4,2,3,3,4,4,3,4,4,2,3,1,2,3,3,2,4,1,1,3,3,1,3,1,4,1,1,1,3,4,2,2,1,3,2,2,1,1,3,2,1,4,4,4,1,3,4,4,4,1,1,1,4,1,1,3,1,2,1,1,2,2,1,3,4,2,3,1,1,2,2,3,1,2,2,4,2,3,1,2,4,2,1,1,1,4,1,1,2,2,3,2,1,1,3,1,3,3,1,2,2,2,3,2,3,4,3,1,1,2,1,2,4,3,1,2,4,1,3,4,3,4,4,3,2,3,3,1,3,3,1,2,3,1,2,2,3,2,3,2,2,2,3,2,4,1,1,4,2,1,4,2,3,3,1,1,4,1,2,4,2,1,3,2,4,3,1,2,1,2,3,4,1,3,3,4,4,3,2,3,3,2,1,3,2,1,2,2,2,1,1,3,3,3,3,3,1,4,2,3,2,2,3,2,2,4,2,2,4,2,2,2,2,2,2,1,4,1,1,4,4,2,3,3,1,2,3,4,4,3,2,2,1,4,2,4,1,2,2,3,4,2,1,4,2,4,1,3,3,1,4,1,3,4,4,2,2,2,2,2,1,1,4,4,2,3,3,4,4,4,2,4,2,1,4,3,2,1,1,2,2,1,1,1,2,4,1,1,3,4,2,1,2,4,4,4,3,1,4,2,3,4,4,2,3,2,1,4,2,3,1,4,4,3,2,2,4,1,2,3,4,1,3,1,1,4,1,2,2,1,4,4,1,2,2,4,4,3,3,1,1,4,4,3,1"
159,0.9875909492720556,0.4509803921568627,2338.0,"3,1,1,3,1,3,4,4,4,3,1,1,1,1,1,1,3,2,1,3,3,3,3,1,4,4,3,2,1,2,4,2,3,2,1,3,1,4,4,1,2,2,1,3,1,2,4,4,1,2,4,1,2,1,4,2,3,4,3,4,3,3,1,1,2,1,1,2,1,4,3,3,1,1,2,1,4,3,2,2,2,1,1,1,2,2,3,3,1,1,3,4,3,1,1,1,1,3,1,1,3,4,3,1,1,2,1,4,1,3,1,1,2,1,1,3,4,2,4,4,1,2,3,4,1,3,4,1,4,2,2,1,3,1,4,3,2,3,2,3,3,3,4,4,1,1,2,4,2,1,2,1,4,3,4,2,2,4,4,1,2,2,4,3,2,3,4,4,1,2,3,1,2,1,4,2,1,1,3,1,2,2,3,2,4,2,2,1,1,2,3,1,3,2,2,4,1,2,4,1,2,2,1,1,1,2,2,4,3,1,2,2,1,3,1,3,2,3,4,2,4,1,1,1,3,2,1,1,2,1,4,2,2,2,4,2,4,2,3,1,3,1,4,3,2,1,1,3,4,3,4,4,1,3,3,4,3,2,2,3,3,4,2,2,1,4,1,2,4,3,4,3,3,4,3,1,2,3,1,3,2,1,2,2,1,1,3,4,2,4,2,4,1,1,2,3,3,3,3,4,1,4,4,4,2,1,2,3,1,2,2,4,2,2,3,3,2,2,2,4,4,4,3,1,4,4,2,4,1,3,4,3,4,3,3,4,4,3,1,1,1,1,4,2,3,1,1,2,2,4,3,3,2,2,2,4,3,2,1,3,3,1,1,3,3,2,4,4,2,1,1,1,1,2,3,2,1,2,4,4,1,2,4,3,1,2,1,4,3,4,1,3,2,4,3,1,2,1,1,2,3,3,2,2,1,1,4,2,4,2,4,1,1,3,4,2,4,1,3,4,1,2,3,1,2,4,2,2,2,3,1,1,2,4,4,1,4,2,1,1,4,1,3,2,3,1,4,3,3,3,4,4,1,4,3,1,4,2,4,4,1,1,1,2,2,4,4,1,1,2,2,1,4,2,1,1,1,2,4,2,4,2,1,1,3,1,4,1,3,1,1,2,4,3,2,3,1,3,2,1,2,4,4,4,3,4,3,3,2,1,1,2,4,2,2,1,3,2,2,3,1,4,2,4,4,2,4,2,3,3,3,3,1,3,2,2,2,4,2,1,1,1,1,1,1,3,1,4,1,2,2,4,1,3,3,3,3,1,4,3,1,1,1,1,1,2,1,1,1,2,2,4,4,1,3,1,4,3,3,4,1,4,3,2,1,4,4,4,2,2,1,1,1,4,2,1,2,3,1,2,1,2,2,4,3,1,2,1,2,3,2,2,1,3,2,1,2,1,3,4,3,1,3,1,1,3,4,3,1,4,1,4,3,3,1,4,1,4,1,3,2,1,2,3,2,4,2,1,2,4,3,4,1,4,2,2,4,2,2,1,1,1,3,3,1,4,4,4,1,3,2,4,1,1,2,3,3,1,2,3,2,2,1,2,2,2,4,2,2,1,3,3,2,1,1,2,2,3,3,3,2,3,1,4,4,4,1,4,2,2,4,4,3,1,3,1,3,2,1,4,1,1,3,4,3,4,3,1,3,3,1,1,1,4,1,3,3,1,1,3,1,1,4,1,4,2,4,1,1,3,1,1,1,4,4,2,4,3,4,1,4,1,3,2,2,2,2,1,1,4,1,2,1,3,3,3,2,4,1,4,1,2,3,2,3,4,4,2,2,1,4,3,4,1,2,3,1,2,3,1,2,4,2,2,1,1,1,2,2,4,1,4,3,4,1,3,2,2,3,1,4,2,3,4,4,2,1,1,3,3,1,3,1,2,4,3,2,1,3,2,3,2,1,4,2,1,3,4,4,3,4,3,3,1,3,1,2,2,3,1,2,1,2,3,2,3,3,2,3,1,1,1,4,2,2,4,2,1,4,4,1,2,3,3,2,3,4,3,2,2,2,4,2,3,2,2,2,4,4,4,4,1,1,3,2,4,4,2,2,1,2,1,2,2,4,4,1,2,4,1,4,3,1,3,2,1,3,2,1,2,3,1,2,2,4,3,1,1,2,3,2,2,1,2,1,1,4,1,4,2,1,1,4,4,1,3,3,4,1,2,2,3,3,2,4,1,3,1,4,4,3,4,2,4,3,4,4,3,3,1,2,3,4,1,4,2,4,1,2,4,1,4,2,4,4,1,4,3,2,1,3,3,2,1,3,4,3,2,3,1,3,3,2,3,3,1,2,2,2,2,4,4,4,2,2,4,2,3,1,2,3,3,4,1,2,2,1,3,2,2,1,3,3,3,2,3,1,4,4,1,1,1,3,1,2,4,2,2,3,3,4,3,3,4,1,4,4,1,1,4,1,1,4,1,2,3,3,4,3,2,1,4,3,2,1,1,2,3,4,1,4,1,1,1,3,3,2,4,4,2,3,4,2,1,4,3,4,1,3,3,2,3,2,3,1,1,1,1,1,4,1,3,2,4,3,1,1,3,4,2,2,2,2,1,4,1,4,2,3,3,1,3,1,1,4,2,2,2,2,4,2,2,3,2,2,1,1,2,1,3,3,3,4,3,2,3,3,3,3,1,3,3,1,1,4,2,4,1,1,1,4,3,2,2,3,2,3,4,1,3,3,1,1,2,3,1,2,4,3,4,1,1,3,4,1,3,3,3,1,1,3,2,3,3,3,2,4,1,1,4,3,3,1,3,4,1,2,3,4,1,1,2,3,2,4,1,1,2,2,2,3,1,3,4,3,2,4,4,3,3,2,2,4,2,1,1,4,3,3,1,3,2,1,4,3,4,4,3,3,1,1,4,4,1,4,2,3,3,2,1,1,4,4,1,4,2,3,2,3,3,4,4,3,4,2,1,4,4,4,1,2,3,2,4,1,2,4,4,3,1,3,2,3,2,4,1,1,4,1,3,2,2,2,3,2,1,2,3,1,4,1,3,1,2,3,4,2,3,3,4,4,3,4,4,2,3,1,2,3,3,2,4,1,1,3,3,1,3,1,4,1,1,1,3,4,2,2,1,3,2,2,1,1,3,2,1,4,4,4,1,3,4,4,4,1,1,1,4,1,1,3,1,2,1,1,2,2,1,3,4,2,3,1,1,2,2,3,1,2,2,4,2,3,1,2,4,2,1,1,1,4,1,1,2,2,3,2,1,1,3,1,3,3,1,2,2,2,3,2,3,4,3,1,1,2,1,2,4,3,1,2,4,1,3,4,3,4,4,3,2,3,3,1,3,3,1,2,3,1,2,2,3,2,3,2,2,2,3,2,4,1,1,4,2,1,4,2,3,3,1,1,4,1,2,4,2,1,3,2,4,3,1,2,1,2,3,4,1,3,3,4,4,3,2,3,3,2,1,3,2,1,2,2,2,1,1,3,3,3,3,3,1,4,2,3,2,2,3,2,2,4,2,2,4,2,2,2,2,2,2,1,4,1,1,4,4,2,3,3,1,2,3,4,4,3,2,2,1,4,2,4,1,2,2,3,4,2,1,4,2,4,1,3,3,1,4,1,3,4,4,2,2,2,2,2,1,1,4,4,2,3,3,4,4,4,2,4,2,1,4,3,2,1,1,2,2,1,1,1,2,4,1,1,3,4,2,1,2,4,4,4,3,1,4,2,3,4,4,2,3,2,1,4,2,3,1,4,4,3,2,2,4,1,2,3,4,1,3,1,1,4,1,2,2,1,4,4,1,2,2,4,4,3,3,1,1,4,4,3,1"
160,0.9875909492720556,0.4509803921568627,2338.0,"3,1,1,3,1,3,4,4,4,3,1,1,1,1,1,1,3,2,1,3,3,3,3,1,4,4,3,2,1,2,4,2,3,2,1,3,1,4,4,1,2,2,1,3,1,2,4,4,1,2,4,1,2,1,4,2,3,4,3,4,3,3,1,1,2,1,1,2,1,4,3,3,1,1,2,1,4,3,2,2,2,1,1,1,2,2,3,3,1,1,3,4,3,1,1,1,1,3,1,1,3,4,3,1,1,2,1,4,1,3,1,1,2,1,1,3,4,2,4,4,1,2,3,4,1,3,4,1,4,2,2,1,3,1,4,3,2,3,2,3,3,3,4,4,1,1,2,4,2,1,2,1,4,3,4,2,2,4,4,1,2,2,4,3,2,3,4,4,1,2,3,1,2,1,4,2,1,1,3,1,2,2,3,2,4,2,2,1,1,2,3,1,3,2,2,4,1,2,4,1,2,2,1,1,1,2,2,4,3,1,2,2,1,3,1,3,2,3,4,2,4,1,1,1,3,2,1,1,2,1,4,2,2,2,4,2,4,2,3,1,3,1,4,3,2,1,1,3,4,3,4,4,1,3,3,4,3,2,2,3,3,4,2,2,1,4,1,2,4,3,4,3,3,4,3,1,2,3,1,3,2,1,2,2,1,1,3,4,2,4,2,4,1,1,2,3,3,3,3,4,1,4,4,4,2,1,2,3,1,2,2,4,2,2,3,3,2,2,2,4,4,4,3,1,4,4,2,4,1,3,4,3,4,3,3,4,4,3,1,1,1,1,4,2,3,1,1,2,2,4,3,3,2,2,2,4,3,2,1,3,3,1,1,3,3,2,4,4,2,1,1,1,1,2,3,2,1,2,4,4,1,2,4,3,1,2,1,4,3,4,1,3,2,4,3,1,2,1,1,2,3,3,2,2,1,1,4,2,4,2,4,1,1,3,4,2,4,1,3,4,1,2,3,1,2,4,2,2,2,3,1,1,2,4,4,1,4,2,1,1,4,1,3,2,3,1,4,3,3,3,4,4,1,4,3,1,4,2,4,4,1,1,1,2,2,4,4,1,1,2,2,1,4,2,1,1,1,2,4,2,4,2,1,1,3,1,4,1,3,1,1,2,4,3,2,3,1,3,2,1,2,4,4,4,3,4,3,3,2,1,1,2,4,2,2,1,3,2,2,3,1,4,2,4,4,2,4,2,3,3,3,3,1,3,2,2,2,4,2,1,1,1,1,1,1,3,1,4,1,2,2,4,1,3,3,3,3,1,4,3,1,1,1,1,1,2,1,1,1,2,2,4,4,1,3,1,4,3,3,4,1,4,3,2,1,4,4,4,2,2,1,1,1,4,2,1,2,3,1,2,1,2,2,4,3,1,2,1,2,3,2,2,1,3,2,1,2,1,3,4,3,1,3,1,1,3,4,3,1,4,1,4,3,3,1,4,1,4,1,3,2,1,2,3,2,4,2,1,2,4,3,4,1,4,2,2,4,2,2,1,1,1,3,3,1,4,4,4,1,3,2,4,1,1,2,3,3,1,2,3,2,2,1,2,2,2,4,2,2,1,3,3,2,1,1,2,2,3,3,3,2,3,1,4,4,4,1,4,2,2,4,4,3,1,3,1,3,2,1,4,1,1,3,4,3,4,3,1,3,3,1,1,1,4,1,3,3,1,1,3,1,1,4,1,4,2,4,1,1,3,1,1,1,4,4,2,4,3,4,1,4,1,3,2,2,2,2,1,1,4,1,2,1,3,3,3,2,4,1,4,1,2,3,2,3,4,4,2,2,1,4,3,4,1,2,3,1,2,3,1,2,4,2,2,1,1,1,2,2,4,1,4,3,4,1,3,2,2,3,1,4,2,3,4,4,2,1,1,3,3,1,3,1,2,4,3,2,1,3,2,3,2,1,4,2,1,3,4,4,3,4,3,3,1,3,1,2,2,3,1,2,1,2,3,2,3,3,2,3,1,1,1,4,2,2,4,2,1,4,4,1,2,3,3,2,3,4,3,2,2,2,4,2,3,2,2,2,4,4,4,4,1,1,3,2,4,4,2,2,1,2,1,2,2,4,4,1,2,4,1,4,3,1,3,2,1,3,2,1,2,3,1,2,2,4,3,1,1,2,3,2,2,1,2,1,1,4,1,4,2,1,1,4,4,1,3,3,4,1,2,2,3,3,2,4,1,3,1,4,4,3,4,2,4,3,4,4,3,3,1,2,3,4,1,4,2,4,1,2,4,1,4,2,4,4,1,4,3,2,1,3,3,2,1,3,4,3,2,3,1,3,3,2,3,3,1,2,2,2,2,4,4,4,2,2,4,2,3,1,2,3,3,4,1,2,2,1,3,2,2,1,3,3,3,2,3,1,4,4,1,1,1,3,1,2,4,2,2,3,3,4,3,3,4,1,4,4,1,1,4,1,1,4,1,2,3,3,4,3,2,1,4,3,2,1,1,2,3,4,1,4,1,1,1,3,3,2,4,4,2,3,4,2,1,4,3,4,1,3,3,2,3,2,3,1,1,1,1,1,4,1,3,2,4,3,1,1,3,4,2,2,2,2,1,4,1,4,2,3,3,1,3,1,1,4,2,2,2,2,4,2,2,3,2,2,1,1,2,1,3,3,3,4,3,2,3,3,3,3,1,3,3,1,1,4,2,4,1,1,1,4,3,2,2,3,2,3,4,1,3,3,1,1,2,3,1,2,4,3,4,1,1,3,4,1,3,3,3,1,1,3,2,3,3,3,2,4,1,1,4,3,3,1,3,4,1,2,3,4,1,1,2,3,2,4,1,1,2,2,2,3,1,3,4,3,2,4,4,3,3,2,2,4,2,1,1,4,3,3,1,3,2,1,4,3,4,4,3,3,1,1,4,4,1,4,2,3,3,2,1,1,4,4,1,4,2,3,2,3,3,4,4,3,4,2,1,4,4,4,1,2,3,2,4,1,2,4,4,3,1,3,2,3,2,4,1,1,4,1,3,2,2,2,3,2,1,2,3,1,4,1,3,1,2,3,4,2,3,3,4,4,3,4,4,2,3,1,2,3,3,2,4,1,1,3,3,1,3,1,4,1,1,1,3,4,2,2,1,3,2,2,1,1,3,2,1,4,4,4,1,3,4,4,4,1,1,1,4,1,1,3,1,2,1,1,2,2,1,3,4,2,3,1,1,2,2,3,1,2,2,4,2,3,1,2,4,2,1,1,1,4,1,1,2,2,3,2,1,1,3,1,3,3,1,2,2,2,3,2,3,4,3,1,1,2,1,2,4,3,1,2,4,1,3,4,3,4,4,3,2,3,3,1,3,3,1,2,3,1,2,2,3,2,3,2,2,2,3,2,4,1,1,4,2,1,4,2,3,3,1,1,4,1,2,4,2,1,3,2,4,3,1,2,1,2,3,4,1,3,3,4,4,3,2,3,3,2,1,3,2,1,2,2,2,1,1,3,3,3,3,3,1,4,2,3,2,2,3,2,2,4,2,2,4,2,2,2,2,2,2,1,4,1,1,4,4,2,3,3,1,2,3,4,4,3,2,2,1,4,2,4,1,2,2,3,4,2,1,4,2,4,1,3,3,1,4,1,3,4,4,2,2,2,2,2,1,1,4,4,2,3,3,4,4,4,2,4,2,1,4,3,2,1,1,2,2,1,1,1,2,4,1,1,3,4,2,1,2,4,4,4,3,1,4,2,3,4,4,2,3,2,1,4,2,3,1,4,4,3,2,2,4,1,2,3,4,1,3,1,1,4,1,2,2,1,4,4,1,2,2,4,4,3,3,1,1,4,4,3,1"
161,0.9875909492720556,0.4509803921568627,2338.0,"3,1,1,3,1,3,4,4,4,3,1,1,1,1,1,1,3,2,1,3,3,3,3,1,4,4,3,2,1,2,4,2,3,2,1,3,1,4,4,1,2,2,1,3,1,2,4,4,1,2,4,1,2,1,4,2,3,4,3,4,3,3,1,1,2,1,1,2,1,4,3,3,1,1,2,1,4,3,2,2,2,1,1,1,2,2,3,3,1,1,3,4,3,1,1,1,1,3,1,1,3,4,3,1,1,2,1,4,1,3,1,1,2,1,1,3,4,2,4,4,1,2,3,4,1,3,4,1,4,2,2,1,3,1,4,3,2,3,2,3,3,3,4,4,1,1,2,4,2,1,2,1,4,3,4,2,2,4,4,1,2,2,4,3,2,3,4,4,1,2,3,1,2,1,4,2,1,1,3,1,2,2,3,2,4,2,2,1,1,2,3,1,3,2,2,4,1,2,4,1,2,2,1,1,1,2,2,4,3,1,2,2,1,3,1,3,2,3,4,2,4,1,1,1,3,2,1,1,2,1,4,2,2,2,4,2,4,2,3,1,3,1,4,3,2,1,1,3,4,3,4,4,1,3,3,4,3,2,2,3,3,4,2,2,1,4,1,2,4,3,4,3,3,4,3,1,2,3,1,3,2,1,2,2,1,1,3,4,2,4,2,4,1,1,2,3,3,3,3,4,1,4,4,4,2,1,2,3,1,2,2,4,2,2,3,3,2,2,2,4,4,4,3,1,4,4,2,4,1,3,4,3,4,3,3,4,4,3,1,1,1,1,4,2,3,1,1,2,2,4,3,3,2,2,2,4,3,2,1,3,3,1,1,3,3,2,4,4,2,1,1,1,1,2,3,2,1,2,4,4,1,2,4,3,1,2,1,4,3,4,1,3,2,4,3,1,2,1,1,2,3,3,2,2,1,1,4,2,4,2,4,1,1,3,4,2,4,1,3,4,1,2,3,1,2,4,2,2,2,3,1,1,2,4,4,1,4,2,1,1,4,1,3,2,3,1,4,3,3,3,4,4,1,4,3,1,4,2,4,4,1,1,1,2,2,4,4,1,1,2,2,1,4,2,1,1,1,2,4,2,4,2,1,1,3,1,4,1,3,1,1,2,4,3,2,3,1,3,2,1,2,4,4,4,3,4,3,3,2,1,1,2,4,2,2,1,3,2,2,3,1,4,2,4,4,2,4,2,3,3,3,3,1,3,2,2,2,4,2,1,1,1,1,1,1,3,1,4,1,2,2,4,1,3,3,3,3,1,4,3,1,1,1,1,1,2,1,1,1,2,2,4,4,1,3,1,4,3,3,4,1,4,3,2,1,4,4,4,2,2,1,1,1,4,2,1,2,3,1,2,1,2,2,4,3,1,2,1,2,3,2,2,1,3,2,1,2,1,3,4,3,1,3,1,1,3,4,3,1,4,1,4,3,3,1,4,1,4,1,3,2,1,2,3,2,4,2,1,2,4,3,4,1,4,2,2,4,2,2,1,1,1,3,3,1,4,4,4,1,3,2,4,1,1,2,3,3,1,2,3,2,2,1,2,2,2,4,2,2,1,3,3,2,1,1,2,2,3,3,3,2,3,1,4,4,4,1,4,2,2,4,4,3,1,3,1,3,2,1,4,1,1,3,4,3,4,3,1,3,3,1,1,1,4,1,3,3,1,1,3,1,1,4,1,4,2,4,1,1,3,1,1,1,4,4,2,4,3,4,1,4,1,3,2,2,2,2,1,1,4,1,2,1,3,3,3,2,4,1,4,1,2,3,2,3,4,4,2,2,1,4,3,4,1,2,3,1,2,3,1,2,4,2,2,1,1,1,2,2,4,1,4,3,4,1,3,2,2,3,1,4,2,3,4,4,2,1,1,3,3,1,3,1,2,4,3,2,1,3,2,3,2,1,4,2,1,3,4,4,3,4,3,3,1,3,1,2,2,3,1,2,1,2,3,2,3,3,2,3,1,1,1,4,2,2,4,2,1,4,4,1,2,3,3,2,3,4,3,2,2,2,4,2,3,2,2,2,4,4,4,4,1,1,3,2,4,4,2,2,1,2,1,2,2,4,4,1,2,4,1,4,3,1,3,2,1,3,2,1,2,3,1,2,2,4,3,1,1,2,3,2,2,1,2,1,1,4,1,4,2,1,1,4,4,1,3,3,4,1,2,2,3,3,2,4,1,3,1,4,4,3,4,2,4,3,4,4,3,3,1,2,3,4,1,4,2,4,1,2,4,1,4,2,4,4,1,4,3,2,1,3,3,2,1,3,4,3,2,3,1,3,3,2,3,3,1,2,2,2,2,4,4,4,2,2,4,2,3,1,2,3,3,4,1,2,2,1,3,2,2,1,3,3,3,2,3,1,4,4,1,1,1,3,1,2,4,2,2,3,3,4,3,3,4,1,4,4,1,1,4,1,1,4,1,2,3,3,4,3,2,1,4,3,2,1,1,2,3,4,1,4,1,1,1,3,3,2,4,4,2,3,4,2,1,4,3,4,1,3,3,2,3,2,3,1,1,1,1,1,4,1,3,2,4,3,1,1,3,4,2,2,2,2,1,4,1,4,2,3,3,1,3,1,1,4,2,2,2,2,4,2,2,3,2,2,1,1,2,1,3,3,3,4,3,2,3,3,3,3,1,3,3,1,1,4,2,4,1,1,1,4,3,2,2,3,2,3,4,1,3,3,1,1,2,3,1,2,4,3,4,1,1,3,4,1,3,3,3,1,1,3,2,3,3,3,2,4,1,1,4,3,3,1,3,4,1,2,3,4,1,1,2,3,2,4,1,1,2,2,2,3,1,3,4,3,2,4,4,3,3,2,2,4,2,1,1,4,3,3,1,3,2,1,4,3,4,4,3,3,1,1,4,4,1,4,2,3,3,2,1,1,4,4,1,4,2,3,2,3,3,4,4,3,4,2,1,4,4,4,1,2,3,2,4,1,2,4,4,3,1,3,2,3,2,4,1,1,4,1,3,2,2,2,3,2,1,2,3,1,4,1,3,1,2,3,4,2,3,3,4,4,3,4,4,2,3,1,2,3,3,2,4,1,1,3,3,1,3,1,4,1,1,1,3,4,2,2,1,3,2,2,1,1,3,2,1,4,4,4,1,3,4,4,4,1,1,1,4,1,1,3,1,2,1,1,2,2,1,3,4,2,3,1,1,2,2,3,1,2,2,4,2,3,1,2,4,2,1,1,1,4,1,1,2,2,3,2,1,1,3,1,3,3,1,2,2,2,3,2,3,4,3,1,1,2,1,2,4,3,1,2,4,1,3,4,3,4,4,3,2,3,3,1,3,3,1,2,3,1,2,2,3,2,3,2,2,2,3,2,4,1,1,4,2,1,4,2,3,3,1,1,4,1,2,4,2,1,3,2,4,3,1,2,1,2,3,4,1,3,3,4,4,3,2,3,3,2,1,3,2,1,2,2,2,1,1,3,3,3,3,3,1,4,2,3,2,2,3,2,2,4,2,2,4,2,2,2,2,2,2,1,4,1,1,4,4,2,3,3,1,2,3,4,4,3,2,2,1,4,2,4,1,2,2,3,4,2,1,4,2,4,1,3,3,1,4,1,3,4,4,2,2,2,2,2,1,1,4,4,2,3,3,4,4,4,2,4,2,1,4,3,2,1,1,2,2,1,1,1,2,4,1,1,3,4,2,1,2,4,4,4,3,1,4,2,3,4,4,2,3,2,1,4,2,3,1,4,4,3,2,2,4,1,2,3,4,1,3,1,1,4,1,2,2,1,4,4,1,2,2,4,4,3,3,1,1,4,4,3,1"
162,0.9875909492720556,0.4509803921568627,2338.0,"3,1,1,3,1,3,4,4,4,3,1,1,1,1,1,1,3,2,1,3,3,3,3,1,4,4,3,2,1,2,4,2,3,2,1,3,1,4,4,1,2,2,1,3,1,2,4,4,1,2,4,1,2,1,4,2,3,4,3,4,3,3,1,1,2,1,1,2,1,4,3,3,1,1,2,1,4,3,2,2,2,1,1,1,2,2,3,3,1,1,3,4,3,1,1,1,1,3,1,1,3,4,3,1,1,2,1,4,1,3,1,1,2,1,1,3,4,2,4,4,1,2,3,4,1,3,4,1,4,2,2,1,3,1,4,3,2,3,2,3,3,3,4,4,1,1,2,4,2,1,2,1,4,3,4,2,2,4,4,1,2,2,4,3,2,3,4,4,1,2,3,1,2,1,4,2,1,1,3,1,2,2,3,2,4,2,2,1,1,2,3,1,3,2,2,4,1,2,4,1,2,2,1,1,1,2,2,4,3,1,2,2,1,3,1,3,2,3,4,2,4,1,1,1,3,2,1,1,2,1,4,2,2,2,4,2,4,2,3,1,3,1,4,3,2,1,1,3,4,3,4,4,1,3,3,4,3,2,2,3,3,4,2,2,1,4,1,2,4,3,4,3,3,4,3,1,2,3,1,3,2,1,2,2,1,1,3,4,2,4,2,4,1,1,2,3,3,3,3,4,1,4,4,4,2,1,2,3,1,2,2,4,2,2,3,3,2,2,2,4,4,4,3,1,4,4,2,4,1,3,4,3,4,3,3,4,4,3,1,1,1,1,4,2,3,1,1,2,2,4,3,3,2,2,2,4,3,2,1,3,3,1,1,3,3,2,4,4,2,1,1,1,1,2,3,2,1,2,4,4,1,2,4,3,1,2,1,4,3,4,1,3,2,4,3,1,2,1,1,2,3,3,2,2,1,1,4,2,4,2,4,1,1,3,4,2,4,1,3,4,1,2,3,1,2,4,2,2,2,3,1,1,2,4,4,1,4,2,1,1,4,1,3,2,3,1,4,3,3,3,4,4,1,4,3,1,4,2,4,4,1,1,1,2,2,4,4,1,1,2,2,1,4,2,1,1,1,2,4,2,4,2,1,1,3,1,4,1,3,1,1,2,4,3,2,3,1,3,2,1,2,4,4,4,3,4,3,3,2,1,1,2,4,2,2,1,3,2,2,3,1,4,2,4,4,2,4,2,3,3,3,3,1,3,2,2,2,4,2,1,1,1,1,1,1,3,1,4,1,2,2,4,1,3,3,3,3,1,4,3,1,1,1,1,1,2,1,1,1,2,2,4,4,1,3,1,4,3,3,4,1,4,3,2,1,4,4,4,2,2,1,1,1,4,2,1,2,3,1,2,1,2,2,4,3,1,2,1,2,3,2,2,1,3,2,1,2,1,3,4,3,1,3,1,1,3,4,3,1,4,1,4,3,3,1,4,1,4,1,3,2,1,2,3,2,4,2,1,2,4,3,4,1,4,2,2,4,2,2,1,1,1,3,3,1,4,4,4,1,3,2,4,1,1,2,3,3,1,2,3,2,2,1,2,2,2,4,2,2,1,3,3,2,1,1,2,2,3,3,3,2,3,1,4,4,4,1,4,2,2,4,4,3,1,3,1,3,2,1,4,1,1,3,4,3,4,3,1,3,3,1,1,1,4,1,3,3,1,1,3,1,1,4,1,4,2,4,1,1,3,1,1,1,4,4,2,4,3,4,1,4,1,3,2,2,2,2,1,1,4,1,2,1,3,3,3,2,4,1,4,1,2,3,2,3,4,4,2,2,1,4,3,4,1,2,3,1,2,3,1,2,4,2,2,1,1,1,2,2,4,1,4,3,4,1,3,2,2,3,1,4,2,3,4,4,2,1,1,3,3,1,3,1,2,4,3,2,1,3,2,3,2,1,4,2,1,3,4,4,3,4,3,3,1,3,1,2,2,3,1,2,1,2,3,2,3,3,2,3,1,1,1,4,2,2,4,2,1,4,4,1,2,3,3,2,3,4,3,2,2,2,4,2,3,2,2,2,4,4,4,4,1,1,3,2,4,4,2,2,1,2,1,2,2,4,4,1,2,4,1,4,3,1,3,2,1,3,2,1,2,3,1,2,2,4,3,1,1,2,3,2,2,1,2,1,1,4,1,4,2,1,1,4,4,1,3,3,4,1,2,2,3,3,2,4,1,3,1,4,4,3,4,2,4,3,4,4,3,3,1,2,3,4,1,4,2,4,1,2,4,1,4,2,4,4,1,4,3,2,1,3,3,2,1,3,4,3,2,3,1,3,3,2,3,3,1,2,2,2,2,4,4,4,2,2,4,2,3,1,2,3,3,4,1,2,2,1,3,2,2,1,3,3,3,2,3,1,4,4,1,1,1,3,1,2,4,2,2,3,3,4,3,3,4,1,4,4,1,1,4,1,1,4,1,2,3,3,4,3,2,1,4,3,2,1,1,2,3,4,1,4,1,1,1,3,3,2,4,4,2,3,4,2,1,4,3,4,1,3,3,2,3,2,3,1,1,1,1,1,4,1,3,2,4,3,1,1,3,4,2,2,2,2,1,4,1,4,2,3,3,1,3,1,1,4,2,2,2,2,4,2,2,3,2,2,1,1,2,1,3,3,3,4,3,2,3,3,3,3,1,3,3,1,1,4,2,4,1,1,1,4,3,2,2,3,2,3,4,1,3,3,1,1,2,3,1,2,4,3,4,1,1,3,4,1,3,3,3,1,1,3,2,3,3,3,2,4,1,1,4,3,3,1,3,4,1,2,3,4,1,1,2,3,2,4,1,1,2,2,2,3,1,3,4,3,2,4,4,3,3,2,2,4,2,1,1,4,3,3,1,3,2,1,4,3,4,4,3,3,1,1,4,4,1,4,2,3,3,2,1,1,4,4,1,4,2,3,2,3,3,4,4,3,4,2,1,4,4,4,1,2,3,2,4,1,2,4,4,3,1,3,2,3,2,4,1,1,4,1,3,2,2,2,3,2,1,2,3,1,4,1,3,1,2,3,4,2,3,3,4,4,3,4,4,2,3,1,2,3,3,2,4,1,1,3,3,1,3,1,4,1,1,1,3,4,2,2,1,3,2,2,1,1,3,2,1,4,4,4,1,3,4,4,4,1,1,1,4,1,1,3,1,2,1,1,2,2,1,3,4,2,3,1,1,2,2,3,1,2,2,4,2,3,1,2,4,2,1,1,1,4,1,1,2,2,3,2,1,1,3,1,3,3,1,2,2,2,3,2,3,4,3,1,1,2,1,2,4,3,1,2,4,1,3,4,3,4,4,3,2,3,3,1,3,3,1,2,3,1,2,2,3,2,3,2,2,2,3,2,4,1,1,4,2,1,4,2,3,3,1,1,4,1,2,4,2,1,3,2,4,3,1,2,1,2,3,4,1,3,3,4,4,3,2,3,3,2,1,3,2,1,2,2,2,1,1,3,3,3,3,3,1,4,2,3,2,2,3,2,2,4,2,2,4,2,2,2,2,2,2,1,4,1,1,4,4,2,3,3,1,2,3,4,4,3,2,2,1,4,2,4,1,2,2,3,4,2,1,4,2,4,1,3,3,1,4,1,3,4,4,2,2,2,2,2,1,1,4,4,2,3,3,4,4,4,2,4,2,1,4,3,2,1,1,2,2,1,1,1,2,4,1,1,3,4,2,1,2,4,4,4,3,1,4,2,3,4,4,2,3,2,1,4,2,3,1,4,4,3,2,2,4,1,2,3,4,1,3,1,1,4,1,2,2,1,4,4,1,2,2,4,4,3,3,1,1,4,4,3,1"
163,0.9875909492720556,0.4509803921568627,2338.0,"3,1,1,3,1,3,4,4,4,3,1,1,1,1,1,1,3,2,1,3,3,3,3,1,4,4,3,2,1,2,4,2,3,2,1,3,1,4,4,1,2,2,1,3,1,2,4,4,1,2,4,1,2,1,4,2,3,4,3,4,3,3,1,1,2,1,1,2,1,4,3,3,1,1,2,1,4,3,2,2,2,1,1,1,2,2,3,3,1,1,3,4,3,1,1,1,1,3,1,1,3,4,3,1,1,2,1,4,1,3,1,1,2,1,1,3,4,2,4,4,1,2,3,4,1,3,4,1,4,2,2,1,3,1,4,3,2,3,2,3,3,3,4,4,1,1,2,4,2,1,2,1,4,3,4,2,2,4,4,1,2,2,4,3,2,3,4,4,1,2,3,1,2,1,4,2,1,1,3,1,2,2,3,2,4,2,2,1,1,2,3,1,3,2,2,4,1,2,4,1,2,2,1,1,1,2,2,4,3,1,2,2,1,3,1,3,2,3,4,2,4,1,1,1,3,2,1,1,2,1,4,2,2,2,4,2,4,2,3,1,3,1,4,3,2,1,1,3,4,3,4,4,1,3,3,4,3,2,2,3,3,4,2,2,1,4,1,2,4,3,4,3,3,4,3,1,2,3,1,3,2,1,2,2,1,1,3,4,2,4,2,4,1,1,2,3,3,3,3,4,1,4,4,4,2,1,2,3,1,2,2,4,2,2,3,3,2,2,2,4,4,4,3,1,4,4,2,4,1,3,4,3,4,3,3,4,4,3,1,1,1,1,4,2,3,1,1,2,2,4,3,3,2,2,2,4,3,2,1,3,3,1,1,3,3,2,4,4,2,1,1,1,1,2,3,2,1,2,4,4,1,2,4,3,1,2,1,4,3,4,1,3,2,4,3,1,2,1,1,2,3,3,2,2,1,1,4,2,4,2,4,1,1,3,4,2,4,1,3,4,1,2,3,1,2,4,2,2,2,3,1,1,2,4,4,1,4,2,1,1,4,1,3,2,3,1,4,3,3,3,4,4,1,4,3,1,4,2,4,4,1,1,1,2,2,4,4,1,1,2,2,1,4,2,1,1,1,2,4,2,4,2,1,1,3,1,4,1,3,1,1,2,4,3,2,3,1,3,2,1,2,4,4,4,3,4,3,3,2,1,1,2,4,2,2,1,3,2,2,3,1,4,2,4,4,2,4,2,3,3,3,3,1,3,2,2,2,4,2,1,1,1,1,1,1,3,1,4,1,2,2,4,1,3,3,3,3,1,4,3,1,1,1,1,1,2,1,1,1,2,2,4,4,1,3,1,4,3,3,4,1,4,3,2,1,4,4,4,2,2,1,1,1,4,2,1,2,3,1,2,1,2,2,4,3,1,2,1,2,3,2,2,1,3,2,1,2,1,3,4,3,1,3,1,1,3,4,3,1,4,1,4,3,3,1,4,1,4,1,3,2,1,2,3,2,4,2,1,2,4,3,4,1,4,2,2,4,2,2,1,1,1,3,3,1,4,4,4,1,3,2,4,1,1,2,3,3,1,2,3,2,2,1,2,2,2,4,2,2,1,3,3,2,1,1,2,2,3,3,3,2,3,1,4,4,4,1,4,2,2,4,4,3,1,3,1,3,2,1,4,1,1,3,4,3,4,3,1,3,3,1,1,1,4,1,3,3,1,1,3,1,1,4,1,4,2,4,1,1,3,1,1,1,4,4,2,4,3,4,1,4,1,3,2,2,2,2,1,1,4,1,2,1,3,3,3,2,4,1,4,1,2,3,2,3,4,4,2,2,1,4,3,4,1,2,3,1,2,3,1,2,4,2,2,1,1,1,2,2,4,1,4,3,4,1,3,2,2,3,1,4,2,3,4,4,2,1,1,3,3,1,3,1,2,4,3,2,1,3,2,3,2,1,4,2,1,3,4,4,3,4,3,3,1,3,1,2,2,3,1,2,1,2,3,2,3,3,2,3,1,1,1,4,2,2,4,2,1,4,4,1,2,3,3,2,3,4,3,2,2,2,4,2,3,2,2,2,4,4,4,4,1,1,3,2,4,4,2,2,1,2,1,2,2,4,4,1,2,4,1,4,3,1,3,2,1,3,2,1,2,3,1,2,2,4,3,1,1,2,3,2,2,1,2,1,1,4,1,4,2,1,1,4,4,1,3,3,4,1,2,2,3,3,2,4,1,3,1,4,4,3,4,2,4,3,4,4,3,3,1,2,3,4,1,4,2,4,1,2,4,1,4,2,4,4,1,4,3,2,1,3,3,2,1,3,4,3,2,3,1,3,3,2,3,3,1,2,2,2,2,4,4,4,2,2,4,2,3,1,2,3,3,4,1,2,2,1,3,2,2,1,3,3,3,2,3,1,4,4,1,1,1,3,1,2,4,2,2,3,3,4,3,3,4,1,4,4,1,1,4,1,1,4,1,2,3,3,4,3,2,1,4,3,2,1,1,2,3,4,1,4,1,1,1,3,3,2,4,4,2,3,4,2,1,4,3,4,1,3,3,2,3,2,3,1,1,1,1,1,4,1,3,2,4,3,1,1,3,4,2,2,2,2,1,4,1,4,2,3,3,1,3,1,1,4,2,2,2,2,4,2,2,3,2,2,1,1,2,1,3,3,3,4,3,2,3,3,3,3,1,3,3,1,1,4,2,4,1,1,1,4,3,2,2,3,2,3,4,1,3,3,1,1,2,3,1,2,4,3,4,1,1,3,4,1,3,3,3,1,1,3,2,3,3,3,2,4,1,1,4,3,3,1,3,4,1,2,3,4,1,1,2,3,2,4,1,1,2,2,2,3,1,3,4,3,2,4,4,3,3,2,2,4,2,1,1,4,3,3,1,3,2,1,4,3,4,4,3,3,1,1,4,4,1,4,2,3,3,2,1,1,4,4,1,4,2,3,2,3,3,4,4,3,4,2,1,4,4,4,1,2,3,2,4,1,2,4,4,3,1,3,2,3,2,4,1,1,4,1,3,2,2,2,3,2,1,2,3,1,4,1,3,1,2,3,4,2,3,3,4,4,3,4,4,2,3,1,2,3,3,2,4,1,1,3,3,1,3,1,4,1,1,1,3,4,2,2,1,3,2,2,1,1,3,2,1,4,4,4,1,3,4,4,4,1,1,1,4,1,1,3,1,2,1,1,2,2,1,3,4,2,3,1,1,2,2,3,1,2,2,4,2,3,1,2,4,2,1,1,1,4,1,1,2,2,3,2,1,1,3,1,3,3,1,2,2,2,3,2,3,4,3,1,1,2,1,2,4,3,1,2,4,1,3,4,3,4,4,3,2,3,3,1,3,3,1,2,3,1,2,2,3,2,3,2,2,2,3,2,4,1,1,4,2,1,4,2,3,3,1,1,4,1,2,4,2,1,3,2,4,3,1,2,1,2,3,4,1,3,3,4,4,3,2,3,3,2,1,3,2,1,2,2,2,1,1,3,3,3,3,3,1,4,2,3,2,2,3,2,2,4,2,2,4,2,2,2,2,2,2,1,4,1,1,4,4,2,3,3,1,2,3,4,4,3,2,2,1,4,2,4,1,2,2,3,4,2,1,4,2,4,1,3,3,1,4,1,3,4,4,2,2,2,2,2,1,1,4,4,2,3,3,4,4,4,2,4,2,1,4,3,2,1,1,2,2,1,1,1,2,4,1,1,3,4,2,1,2,4,4,4,3,1,4,2,3,4,4,2,3,2,1,4,2,3,1,4,4,3,2,2,4,1,2,3,4,1,3,1,1,4,1,2,2,1,4,4,1,2,2,4,4,3,3,1,1,4,4,3,1"
164,0.9875909492720556,0.4509803921568627,2338.0,"3,1,1,3,1,3,4,4,4,3,1,1,1,1,1,1,3,2,1,3,3,3,3,1,4,4,3,2,1,2,4,2,3,2,1,3,1,4,4,1,2,2,1,3,1,2,4,4,1,2,4,1,2,1,4,2,3,4,3,4,3,3,1,1,2,1,1,2,1,4,3,3,1,1,2,1,4,3,2,2,2,1,1,1,2,2,3,3,1,1,3,4,3,1,1,1,1,3,1,1,3,4,3,1,1,2,1,4,1,3,1,1,2,1,1,3,4,2,4,4,1,2,3,4,1,3,4,1,4,2,2,1,3,1,4,3,2,3,2,3,3,3,4,4,1,1,2,4,2,1,2,1,4,3,4,2,2,4,4,1,2,2,4,3,2,3,4,4,1,2,3,1,2,1,4,2,1,1,3,1,2,2,3,2,4,2,2,1,1,2,3,1,3,2,2,4,1,2,4,1,2,2,1,1,1,2,2,4,3,1,2,2,1,3,1,3,2,3,4,2,4,1,1,1,3,2,1,1,2,1,4,2,2,2,4,2,4,2,3,1,3,1,4,3,2,1,1,3,4,3,4,4,1,3,3,4,3,2,2,3,3,4,2,2,1,4,1,2,4,3,4,3,3,4,3,1,2,3,1,3,2,1,2,2,1,1,3,4,2,4,2,4,1,1,2,3,3,3,3,4,1,4,4,4,2,1,2,3,1,2,2,4,2,2,3,3,2,2,2,4,4,4,3,1,4,4,2,4,1,3,4,3,4,3,3,4,4,3,1,1,1,1,4,2,3,1,1,2,2,4,3,3,2,2,2,4,3,2,1,3,3,1,1,3,3,2,4,4,2,1,1,1,1,2,3,2,1,2,4,4,1,2,4,3,1,2,1,4,3,4,1,3,2,4,3,1,2,1,1,2,3,3,2,2,1,1,4,2,4,2,4,1,1,3,4,2,4,1,3,4,1,2,3,1,2,4,2,2,2,3,1,1,2,4,4,1,4,2,1,1,4,1,3,2,3,1,4,3,3,3,4,4,1,4,3,1,4,2,4,4,1,1,1,2,2,4,4,1,1,2,2,1,4,2,1,1,1,2,4,2,4,2,1,1,3,1,4,1,3,1,1,2,4,3,2,3,1,3,2,1,2,4,4,4,3,4,3,3,2,1,1,2,4,2,2,1,3,2,2,3,1,4,2,4,4,2,4,2,3,3,3,3,1,3,2,2,2,4,2,1,1,1,1,1,1,3,1,4,1,2,2,4,1,3,3,3,3,1,4,3,1,1,1,1,1,2,1,1,1,2,2,4,4,1,3,1,4,3,3,4,1,4,3,2,1,4,4,4,2,2,1,1,1,4,2,1,2,3,1,2,1,2,2,4,3,1,2,1,2,3,2,2,1,3,2,1,2,1,3,4,3,1,3,1,1,3,4,3,1,4,1,4,3,3,1,4,1,4,1,3,2,1,2,3,2,4,2,1,2,4,3,4,1,4,2,2,4,2,2,1,1,1,3,3,1,4,4,4,1,3,2,4,1,1,2,3,3,1,2,3,2,2,1,2,2,2,4,2,2,1,3,3,2,1,1,2,2,3,3,3,2,3,1,4,4,4,1,4,2,2,4,4,3,1,3,1,3,2,1,4,1,1,3,4,3,4,3,1,3,3,1,1,1,4,1,3,3,1,1,3,1,1,4,1,4,2,4,1,1,3,1,1,1,4,4,2,4,3,4,1,4,1,3,2,2,2,2,1,1,4,1,2,1,3,3,3,2,4,1,4,1,2,3,2,3,4,4,2,2,1,4,3,4,1,2,3,1,2,3,1,2,4,2,2,1,1,1,2,2,4,1,4,3,4,1,3,2,2,3,1,4,2,3,4,4,2,1,1,3,3,1,3,1,2,4,3,2,1,3,2,3,2,1,4,2,1,3,4,4,3,4,3,3,1,3,1,2,2,3,1,2,1,2,3,2,3,3,2,3,1,1,1,4,2,2,4,2,1,4,4,1,2,3,3,2,3,4,3,2,2,2,4,2,3,2,2,2,4,4,4,4,1,1,3,2,4,4,2,2,1,2,1,2,2,4,4,1,2,4,1,4,3,1,3,2,1,3,2,1,2,3,1,2,2,4,3,1,1,2,3,2,2,1,2,1,1,4,1,4,2,1,1,4,4,1,3,3,4,1,2,2,3,3,2,4,1,3,1,4,4,3,4,2,4,3,4,4,3,3,1,2,3,4,1,4,2,4,1,2,4,1,4,2,4,4,1,4,3,2,1,3,3,2,1,3,4,3,2,3,1,3,3,2,3,3,1,2,2,2,2,4,4,4,2,2,4,2,3,1,2,3,3,4,1,2,2,1,3,2,2,1,3,3,3,2,3,1,4,4,1,1,1,3,1,2,4,2,2,3,3,4,3,3,4,1,4,4,1,1,4,1,1,4,1,2,3,3,4,3,2,1,4,3,2,1,1,2,3,4,1,4,1,1,1,3,3,2,4,4,2,3,4,2,1,4,3,4,1,3,3,2,3,2,3,1,1,1,1,1,4,1,3,2,4,3,1,1,3,4,2,2,2,2,1,4,1,4,2,3,3,1,3,1,1,4,2,2,2,2,4,2,2,3,2,2,1,1,2,1,3,3,3,4,3,2,3,3,3,3,1,3,3,1,1,4,2,4,1,1,1,4,3,2,2,3,2,3,4,1,3,3,1,1,2,3,1,2,4,3,4,1,1,3,4,1,3,3,3,1,1,3,2,3,3,3,2,4,1,1,4,3,3,1,3,4,1,2,3,4,1,1,2,3,2,4,1,1,2,2,2,3,1,3,4,3,2,4,4,3,3,2,2,4,2,1,1,4,3,3,1,3,2,1,4,3,4,4,3,3,1,1,4,4,1,4,2,3,3,2,1,1,4,4,1,4,2,3,2,3,3,4,4,3,4,2,1,4,4,4,1,2,3,2,4,1,2,4,4,3,1,3,2,3,2,4,1,1,4,1,3,2,2,2,3,2,1,2,3,1,4,1,3,1,2,3,4,2,3,3,4,4,3,4,4,2,3,1,2,3,3,2,4,1,1,3,3,1,3,1,4,1,1,1,3,4,2,2,1,3,2,2,1,1,3,2,1,4,4,4,1,3,4,4,4,1,1,1,4,1,1,3,1,2,1,1,2,2,1,3,4,2,3,1,1,2,2,3,1,2,2,4,2,3,1,2,4,2,1,1,1,4,1,1,2,2,3,2,1,1,3,1,3,3,1,2,2,2,3,2,3,4,3,1,1,2,1,2,4,3,1,2,4,1,3,4,3,4,4,3,2,3,3,1,3,3,1,2,3,1,2,2,3,2,3,2,2,2,3,2,4,1,1,4,2,1,4,2,3,3,1,1,4,1,2,4,2,1,3,2,4,3,1,2,1,2,3,4,1,3,3,4,4,3,2,3,3,2,1,3,2,1,2,2,2,1,1,3,3,3,3,3,1,4,2,3,2,2,3,2,2,4,2,2,4,2,2,2,2,2,2,1,4,1,1,4,4,2,3,3,1,2,3,4,4,3,2,2,1,4,2,4,1,2,2,3,4,2,1,4,2,4,1,3,3,1,4,1,3,4,4,2,2,2,2,2,1,1,4,4,2,3,3,4,4,4,2,4,2,1,4,3,2,1,1,2,2,1,1,1,2,4,1,1,3,4,2,1,2,4,4,4,3,1,4,2,3,4,4,2,3,2,1,4,2,3,1,4,4,3,2,2,4,1,2,3,4,1,3,1,1,4,1,2,2,1,4,4,1,2,2,4,4,3,3,1,1,4,4,3,1"
165,0.9875909492720556,0.4509803921568627,2338.0,"3,1,1,3,1,3,4,4,4,3,1,1,1,1,1,1,3,2,1,3,3,3,3,1,4,4,3,2,1,2,4,2,3,2,1,3,1,4,4,1,2,2,1,3,1,2,4,4,1,2,4,1,2,1,4,2,3,4,3,4,3,3,1,1,2,1,1,2,1,4,3,3,1,1,2,1,4,3,2,2,2,1,1,1,2,2,3,3,1,1,3,4,3,1,1,1,1,3,1,1,3,4,3,1,1,2,1,4,1,3,1,1,2,1,1,3,4,2,4,4,1,2,3,4,1,3,4,1,4,2,2,1,3,1,4,3,2,3,2,3,3,3,4,4,1,1,2,4,2,1,2,1,4,3,4,2,2,4,4,1,2,2,4,3,2,3,4,4,1,2,3,1,2,1,4,2,1,1,3,1,2,2,3,2,4,2,2,1,1,2,3,1,3,2,2,4,1,2,4,1,2,2,1,1,1,2,2,4,3,1,2,2,1,3,1,3,2,3,4,2,4,1,1,1,3,2,1,1,2,1,4,2,2,2,4,2,4,2,3,1,3,1,4,3,2,1,1,3,4,3,4,4,1,3,3,4,3,2,2,3,3,4,2,2,1,4,1,2,4,3,4,3,3,4,3,1,2,3,1,3,2,1,2,2,1,1,3,4,2,4,2,4,1,1,2,3,3,3,3,4,1,4,4,4,2,1,2,3,1,2,2,4,2,2,3,3,2,2,2,4,4,4,3,1,4,4,2,4,1,3,4,3,4,3,3,4,4,3,1,1,1,1,4,2,3,1,1,2,2,4,3,3,2,2,2,4,3,2,1,3,3,1,1,3,3,2,4,4,2,1,1,1,1,2,3,2,1,2,4,4,1,2,4,3,1,2,1,4,3,4,1,3,2,4,3,1,2,1,1,2,3,3,2,2,1,1,4,2,4,2,4,1,1,3,4,2,4,1,3,4,1,2,3,1,2,4,2,2,2,3,1,1,2,4,4,1,4,2,1,1,4,1,3,2,3,1,4,3,3,3,4,4,1,4,3,1,4,2,4,4,1,1,1,2,2,4,4,1,1,2,2,1,4,2,1,1,1,2,4,2,4,2,1,1,3,1,4,1,3,1,1,2,4,3,2,3,1,3,2,1,2,4,4,4,3,4,3,3,2,1,1,2,4,2,2,1,3,2,2,3,1,4,2,4,4,2,4,2,3,3,3,3,1,3,2,2,2,4,2,1,1,1,1,1,1,3,1,4,1,2,2,4,1,3,3,3,3,1,4,3,1,1,1,1,1,2,1,1,1,2,2,4,4,1,3,1,4,3,3,4,1,4,3,2,1,4,4,4,2,2,1,1,1,4,2,1,2,3,1,2,1,2,2,4,3,1,2,1,2,3,2,2,1,3,2,1,2,1,3,4,3,1,3,1,1,3,4,3,1,4,1,4,3,3,1,4,1,4,1,3,2,1,2,3,2,4,2,1,2,4,3,4,1,4,2,2,4,2,2,1,1,1,3,3,1,4,4,4,1,3,2,4,1,1,2,3,3,1,2,3,2,2,1,2,2,2,4,2,2,1,3,3,2,1,1,2,2,3,3,3,2,3,1,4,4,4,1,4,2,2,4,4,3,1,3,1,3,2,1,4,1,1,3,4,3,4,3,1,3,3,1,1,1,4,1,3,3,1,1,3,1,1,4,1,4,2,4,1,1,3,1,1,1,4,4,2,4,3,4,1,4,1,3,2,2,2,2,1,1,4,1,2,1,3,3,3,2,4,1,4,1,2,3,2,3,4,4,2,2,1,4,3,4,1,2,3,1,2,3,1,2,4,2,2,1,1,1,2,2,4,1,4,3,4,1,3,2,2,3,1,4,2,3,4,4,2,1,1,3,3,1,3,1,2,4,3,2,1,3,2,3,2,1,4,2,1,3,4,4,3,4,3,3,1,3,1,2,2,3,1,2,1,2,3,2,3,3,2,3,1,1,1,4,2,2,4,2,1,4,4,1,2,3,3,2,3,4,3,2,2,2,4,2,3,2,2,2,4,4,4,4,1,1,3,2,4,4,2,2,1,2,1,2,2,4,4,1,2,4,1,4,3,1,3,2,1,3,2,1,2,3,1,2,2,4,3,1,1,2,3,2,2,1,2,1,1,4,1,4,2,1,1,4,4,1,3,3,4,1,2,2,3,3,2,4,1,3,1,4,4,3,4,2,4,3,4,4,3,3,1,2,3,4,1,4,2,4,1,2,4,1,4,2,4,4,1,4,3,2,1,3,3,2,1,3,4,3,2,3,1,3,3,2,3,3,1,2,2,2,2,4,4,4,2,2,4,2,3,1,2,3,3,4,1,2,2,1,3,2,2,1,3,3,3,2,3,1,4,4,1,1,1,3,1,2,4,2,2,3,3,4,3,3,4,1,4,4,1,1,4,1,1,4,1,2,3,3,4,3,2,1,4,3,2,1,1,2,3,4,1,4,1,1,1,3,3,2,4,4,2,3,4,2,1,4,3,4,1,3,3,2,3,2,3,1,1,1,1,1,4,1,3,2,4,3,1,1,3,4,2,2,2,2,1,4,1,4,2,3,3,1,3,1,1,4,2,2,2,2,4,2,2,3,2,2,1,1,2,1,3,3,3,4,3,2,3,3,3,3,1,3,3,1,1,4,2,4,1,1,1,4,3,2,2,3,2,3,4,1,3,3,1,1,2,3,1,2,4,3,4,1,1,3,4,1,3,3,3,1,1,3,2,3,3,3,2,4,1,1,4,3,3,1,3,4,1,2,3,4,1,1,2,3,2,4,1,1,2,2,2,3,1,3,4,3,2,4,4,3,3,2,2,4,2,1,1,4,3,3,1,3,2,1,4,3,4,4,3,3,1,1,4,4,1,4,2,3,3,2,1,1,4,4,1,4,2,3,2,3,3,4,4,3,4,2,1,4,4,4,1,2,3,2,4,1,2,4,4,3,1,3,2,3,2,4,1,1,4,1,3,2,2,2,3,2,1,2,3,1,4,1,3,1,2,3,4,2,3,3,4,4,3,4,4,2,3,1,2,3,3,2,4,1,1,3,3,1,3,1,4,1,1,1,3,4,2,2,1,3,2,2,1,1,3,2,1,4,4,4,1,3,4,4,4,1,1,1,4,1,1,3,1,2,1,1,2,2,1,3,4,2,3,1,1,2,2,3,1,2,2,4,2,3,1,2,4,2,1,1,1,4,1,1,2,2,3,2,1,1,3,1,3,3,1,2,2,2,3,2,3,4,3,1,1,2,1,2,4,3,1,2,4,1,3,4,3,4,4,3,2,3,3,1,3,3,1,2,3,1,2,2,3,2,3,2,2,2,3,2,4,1,1,4,2,1,4,2,3,3,1,1,4,1,2,4,2,1,3,2,4,3,1,2,1,2,3,4,1,3,3,4,4,3,2,3,3,2,1,3,2,1,2,2,2,1,1,3,3,3,3,3,1,4,2,3,2,2,3,2,2,4,2,2,4,2,2,2,2,2,2,1,4,1,1,4,4,2,3,3,1,2,3,4,4,3,2,2,1,4,2,4,1,2,2,3,4,2,1,4,2,4,1,3,3,1,4,1,3,4,4,2,2,2,2,2,1,1,4,4,2,3,3,4,4,4,2,4,2,1,4,3,2,1,1,2,2,1,1,1,2,4,1,1,3,4,2,1,2,4,4,4,3,1,4,2,3,4,4,2,3,2,1,4,2,3,1,4,4,3,2,2,4,1,2,3,4,1,3,1,1,4,1,2,2,1,4,4,1,2,2,4,4,3,3,1,1,4,4,3,1"
166,0.9875909492720556,0.4509803921568627,2338.0,"3,1,1,3,1,3,4,4,4,3,1,1,1,1,1,1,3,2,1,3,3,3,3,1,4,4,3,2,1,2,4,2,3,2,1,3,1,4,4,1,2,2,1,3,1,2,4,4,1,2,4,1,2,1,4,2,3,4,3,4,3,3,1,1,2,1,1,2,1,4,3,3,1,1,2,1,4,3,2,2,2,1,1,1,2,2,3,3,1,1,3,4,3,1,1,1,1,3,1,1,3,4,3,1,1,2,1,4,1,3,1,1,2,1,1,3,4,2,4,4,1,2,3,4,1,3,4,1,4,2,2,1,3,1,4,3,2,3,2,3,3,3,4,4,1,1,2,4,2,1,2,1,4,3,4,2,2,4,4,1,2,2,4,3,2,3,4,4,1,2,3,1,2,1,4,2,1,1,3,1,2,2,3,2,4,2,2,1,1,2,3,1,3,2,2,4,1,2,4,1,2,2,1,1,1,2,2,4,3,1,2,2,1,3,1,3,2,3,4,2,4,1,1,1,3,2,1,1,2,1,4,2,2,2,4,2,4,2,3,1,3,1,4,3,2,1,1,3,4,3,4,4,1,3,3,4,3,2,2,3,3,4,2,2,1,4,1,2,4,3,4,3,3,4,3,1,2,3,1,3,2,1,2,2,1,1,3,4,2,4,2,4,1,1,2,3,3,3,3,4,1,4,4,4,2,1,2,3,1,2,2,4,2,2,3,3,2,2,2,4,4,4,3,1,4,4,2,4,1,3,4,3,4,3,3,4,4,3,1,1,1,1,4,2,3,1,1,2,2,4,3,3,2,2,2,4,3,2,1,3,3,1,1,3,3,2,4,4,2,1,1,1,1,2,3,2,1,2,4,4,1,2,4,3,1,2,1,4,3,4,1,3,2,4,3,1,2,1,1,2,3,3,2,2,1,1,4,2,4,2,4,1,1,3,4,2,4,1,3,4,1,2,3,1,2,4,2,2,2,3,1,1,2,4,4,1,4,2,1,1,4,1,3,2,3,1,4,3,3,3,4,4,1,4,3,1,4,2,4,4,1,1,1,2,2,4,4,1,1,2,2,1,4,2,1,1,1,2,4,2,4,2,1,1,3,1,4,1,3,1,1,2,4,3,2,3,1,3,2,1,2,4,4,4,3,4,3,3,2,1,1,2,4,2,2,1,3,2,2,3,1,4,2,4,4,2,4,2,3,3,3,3,1,3,2,2,2,4,2,1,1,1,1,1,1,3,1,4,1,2,2,4,1,3,3,3,3,1,4,3,1,1,1,1,1,2,1,1,1,2,2,4,4,1,3,1,4,3,3,4,1,4,3,2,1,4,4,4,2,2,1,1,1,4,2,1,2,3,1,2,1,2,2,4,3,1,2,1,2,3,2,2,1,3,2,1,2,1,3,4,3,1,3,1,1,3,4,3,1,4,1,4,3,3,1,4,1,4,1,3,2,1,2,3,2,4,2,1,2,4,3,4,1,4,2,2,4,2,2,1,1,1,3,3,1,4,4,4,1,3,2,4,1,1,2,3,3,1,2,3,2,2,1,2,2,2,4,2,2,1,3,3,2,1,1,2,2,3,3,3,2,3,1,4,4,4,1,4,2,2,4,4,3,1,3,1,3,2,1,4,1,1,3,4,3,4,3,1,3,3,1,1,1,4,1,3,3,1,1,3,1,1,4,1,4,2,4,1,1,3,1,1,1,4,4,2,4,3,4,1,4,1,3,2,2,2,2,1,1,4,1,2,1,3,3,3,2,4,1,4,1,2,3,2,3,4,4,2,2,1,4,3,4,1,2,3,1,2,3,1,2,4,2,2,1,1,1,2,2,4,1,4,3,4,1,3,2,2,3,1,4,2,3,4,4,2,1,1,3,3,1,3,1,2,4,3,2,1,3,2,3,2,1,4,2,1,3,4,4,3,4,3,3,1,3,1,2,2,3,1,2,1,2,3,2,3,3,2,3,1,1,1,4,2,2,4,2,1,4,4,1,2,3,3,2,3,4,3,2,2,2,4,2,3,2,2,2,4,4,4,4,1,1,3,2,4,4,2,2,1,2,1,2,2,4,4,1,2,4,1,4,3,1,3,2,1,3,2,1,2,3,1,2,2,4,3,1,1,2,3,2,2,1,2,1,1,4,1,4,2,1,1,4,4,1,3,3,4,1,2,2,3,3,2,4,1,3,1,4,4,3,4,2,4,3,4,4,3,3,1,2,3,4,1,4,2,4,1,2,4,1,4,2,4,4,1,4,3,2,1,3,3,2,1,3,4,3,2,3,1,3,3,2,3,3,1,2,2,2,2,4,4,4,2,2,4,2,3,1,2,3,3,4,1,2,2,1,3,2,2,1,3,3,3,2,3,1,4,4,1,1,1,3,1,2,4,2,2,3,3,4,3,3,4,1,4,4,1,1,4,1,1,4,1,2,3,3,4,3,2,1,4,3,2,1,1,2,3,4,1,4,1,1,1,3,3,2,4,4,2,3,4,2,1,4,3,4,1,3,3,2,3,2,3,1,1,1,1,1,4,1,3,2,4,3,1,1,3,4,2,2,2,2,1,4,1,4,2,3,3,1,3,1,1,4,2,2,2,2,4,2,2,3,2,2,1,1,2,1,3,3,3,4,3,2,3,3,3,3,1,3,3,1,1,4,2,4,1,1,1,4,3,2,2,3,2,3,4,1,3,3,1,1,2,3,1,2,4,3,4,1,1,3,4,1,3,3,3,1,1,3,2,3,3,3,2,4,1,1,4,3,3,1,3,4,1,2,3,4,1,1,2,3,2,4,1,1,2,2,2,3,1,3,4,3,2,4,4,3,3,2,2,4,2,1,1,4,3,3,1,3,2,1,4,3,4,4,3,3,1,1,4,4,1,4,2,3,3,2,1,1,4,4,1,4,2,3,2,3,3,4,4,3,4,2,1,4,4,4,1,2,3,2,4,1,2,4,4,3,1,3,2,3,2,4,1,1,4,1,3,2,2,2,3,2,1,2,3,1,4,1,3,1,2,3,4,2,3,3,4,4,3,4,4,2,3,1,2,3,3,2,4,1,1,3,3,1,3,1,4,1,1,1,3,4,2,2,1,3,2,2,1,1,3,2,1,4,4,4,1,3,4,4,4,1,1,1,4,1,1,3,1,2,1,1,2,2,1,3,4,2,3,1,1,2,2,3,1,2,2,4,2,3,1,2,4,2,1,1,1,4,1,1,2,2,3,2,1,1,3,1,3,3,1,2,2,2,3,2,3,4,3,1,1,2,1,2,4,3,1,2,4,1,3,4,3,4,4,3,2,3,3,1,3,3,1,2,3,1,2,2,3,2,3,2,2,2,3,2,4,1,1,4,2,1,4,2,3,3,1,1,4,1,2,4,2,1,3,2,4,3,1,2,1,2,3,4,1,3,3,4,4,3,2,3,3,2,1,3,2,1,2,2,2,1,1,3,3,3,3,3,1,4,2,3,2,2,3,2,2,4,2,2,4,2,2,2,2,2,2,1,4,1,1,4,4,2,3,3,1,2,3,4,4,3,2,2,1,4,2,4,1,2,2,3,4,2,1,4,2,4,1,3,3,1,4,1,3,4,4,2,2,2,2,2,1,1,4,4,2,3,3,4,4,4,2,4,2,1,4,3,2,1,1,2,2,1,1,1,2,4,1,1,3,4,2,1,2,4,4,4,3,1,4,2,3,4,4,2,3,2,1,4,2,3,1,4,4,3,2,2,4,1,2,3,4,1,3,1,1,4,1,2,2,1,4,4,1,2,2,4,4,3,3,1,1,4,4,3,1"
167,0.9875909492720556,0.4509803921568627,2338.0,"3,1,1,3,1,3,4,4,4,3,1,1,1,1,1,1,3,2,1,3,3,3,3,1,4,4,3,2,1,2,4,2,3,2,1,3,1,4,4,1,2,2,1,3,1,2,4,4,1,2,4,1,2,1,4,2,3,4,3,4,3,3,1,1,2,1,1,2,1,4,3,3,1,1,2,1,4,3,2,2,2,1,1,1,2,2,3,3,1,1,3,4,3,1,1,1,1,3,1,1,3,4,3,1,1,2,1,4,1,3,1,1,2,1,1,3,4,2,4,4,1,2,3,4,1,3,4,1,4,2,2,1,3,1,4,3,2,3,2,3,3,3,4,4,1,1,2,4,2,1,2,1,4,3,4,2,2,4,4,1,2,2,4,3,2,3,4,4,1,2,3,1,2,1,4,2,1,1,3,1,2,2,3,2,4,2,2,1,1,2,3,1,3,2,2,4,1,2,4,1,2,2,1,1,1,2,2,4,3,1,2,2,1,3,1,3,2,3,4,2,4,1,1,1,3,2,1,1,2,1,4,2,2,2,4,2,4,2,3,1,3,1,4,3,2,1,1,3,4,3,4,4,1,3,3,4,3,2,2,3,3,4,2,2,1,4,1,2,4,3,4,3,3,4,3,1,2,3,1,3,2,1,2,2,1,1,3,4,2,4,2,4,1,1,2,3,3,3,3,4,1,4,4,4,2,1,2,3,1,2,2,4,2,2,3,3,2,2,2,4,4,4,3,1,4,4,2,4,1,3,4,3,4,3,3,4,4,3,1,1,1,1,4,2,3,1,1,2,2,4,3,3,2,2,2,4,3,2,1,3,3,1,1,3,3,2,4,4,2,1,1,1,1,2,3,2,1,2,4,4,1,2,4,3,1,2,1,4,3,4,1,3,2,4,3,1,2,1,1,2,3,3,2,2,1,1,4,2,4,2,4,1,1,3,4,2,4,1,3,4,1,2,3,1,2,4,2,2,2,3,1,1,2,4,4,1,4,2,1,1,4,1,3,2,3,1,4,3,3,3,4,4,1,4,3,1,4,2,4,4,1,1,1,2,2,4,4,1,1,2,2,1,4,2,1,1,1,2,4,2,4,2,1,1,3,1,4,1,3,1,1,2,4,3,2,3,1,3,2,1,2,4,4,4,3,4,3,3,2,1,1,2,4,2,2,1,3,2,2,3,1,4,2,4,4,2,4,2,3,3,3,3,1,3,2,2,2,4,2,1,1,1,1,1,1,3,1,4,1,2,2,4,1,3,3,3,3,1,4,3,1,1,1,1,1,2,1,1,1,2,2,4,4,1,3,1,4,3,3,4,1,4,3,2,1,4,4,4,2,2,1,1,1,4,2,1,2,3,1,2,1,2,2,4,3,1,2,1,2,3,2,2,1,3,2,1,2,1,3,4,3,1,3,1,1,3,4,3,1,4,1,4,3,3,1,4,1,4,1,3,2,1,2,3,2,4,2,1,2,4,3,4,1,4,2,2,4,2,2,1,1,1,3,3,1,4,4,4,1,3,2,4,1,1,2,3,3,1,2,3,2,2,1,2,2,2,4,2,2,1,3,3,2,1,1,2,2,3,3,3,2,3,1,4,4,4,1,4,2,2,4,4,3,1,3,1,3,2,1,4,1,1,3,4,3,4,3,1,3,3,1,1,1,4,1,3,3,1,1,3,1,1,4,1,4,2,4,1,1,3,1,1,1,4,4,2,4,3,4,1,4,1,3,2,2,2,2,1,1,4,1,2,1,3,3,3,2,4,1,4,1,2,3,2,3,4,4,2,2,1,4,3,4,1,2,3,1,2,3,1,2,4,2,2,1,1,1,2,2,4,1,4,3,4,1,3,2,2,3,1,4,2,3,4,4,2,1,1,3,3,1,3,1,2,4,3,2,1,3,2,3,2,1,4,2,1,3,4,4,3,4,3,3,1,3,1,2,2,3,1,2,1,2,3,2,3,3,2,3,1,1,1,4,2,2,4,2,1,4,4,1,2,3,3,2,3,4,3,2,2,2,4,2,3,2,2,2,4,4,4,4,1,1,3,2,4,4,2,2,1,2,1,2,2,4,4,1,2,4,1,4,3,1,3,2,1,3,2,1,2,3,1,2,2,4,3,1,1,2,3,2,2,1,2,1,1,4,1,4,2,1,1,4,4,1,3,3,4,1,2,2,3,3,2,4,1,3,1,4,4,3,4,2,4,3,4,4,3,3,1,2,3,4,1,4,2,4,1,2,4,1,4,2,4,4,1,4,3,2,1,3,3,2,1,3,4,3,2,3,1,3,3,2,3,3,1,2,2,2,2,4,4,4,2,2,4,2,3,1,2,3,3,4,1,2,2,1,3,2,2,1,3,3,3,2,3,1,4,4,1,1,1,3,1,2,4,2,2,3,3,4,3,3,4,1,4,4,1,1,4,1,1,4,1,2,3,3,4,3,2,1,4,3,2,1,1,2,3,4,1,4,1,1,1,3,3,2,4,4,2,3,4,2,1,4,3,4,1,3,3,2,3,2,3,1,1,1,1,1,4,1,3,2,4,3,1,1,3,4,2,2,2,2,1,4,1,4,2,3,3,1,3,1,1,4,2,2,2,2,4,2,2,3,2,2,1,1,2,1,3,3,3,4,3,2,3,3,3,3,1,3,3,1,1,4,2,4,1,1,1,4,3,2,2,3,2,3,4,1,3,3,1,1,2,3,1,2,4,3,4,1,1,3,4,1,3,3,3,1,1,3,2,3,3,3,2,4,1,1,4,3,3,1,3,4,1,2,3,4,1,1,2,3,2,4,1,1,2,2,2,3,1,3,4,3,2,4,4,3,3,2,2,4,2,1,1,4,3,3,1,3,2,1,4,3,4,4,3,3,1,1,4,4,1,4,2,3,3,2,1,1,4,4,1,4,2,3,2,3,3,4,4,3,4,2,1,4,4,4,1,2,3,2,4,1,2,4,4,3,1,3,2,3,2,4,1,1,4,1,3,2,2,2,3,2,1,2,3,1,4,1,3,1,2,3,4,2,3,3,4,4,3,4,4,2,3,1,2,3,3,2,4,1,1,3,3,1,3,1,4,1,1,1,3,4,2,2,1,3,2,2,1,1,3,2,1,4,4,4,1,3,4,4,4,1,1,1,4,1,1,3,1,2,1,1,2,2,1,3,4,2,3,1,1,2,2,3,1,2,2,4,2,3,1,2,4,2,1,1,1,4,1,1,2,2,3,2,1,1,3,1,3,3,1,2,2,2,3,2,3,4,3,1,1,2,1,2,4,3,1,2,4,1,3,4,3,4,4,3,2,3,3,1,3,3,1,2,3,1,2,2,3,2,3,2,2,2,3,2,4,1,1,4,2,1,4,2,3,3,1,1,4,1,2,4,2,1,3,2,4,3,1,2,1,2,3,4,1,3,3,4,4,3,2,3,3,2,1,3,2,1,2,2,2,1,1,3,3,3,3,3,1,4,2,3,2,2,3,2,2,4,2,2,4,2,2,2,2,2,2,1,4,1,1,4,4,2,3,3,1,2,3,4,4,3,2,2,1,4,2,4,1,2,2,3,4,2,1,4,2,4,1,3,3,1,4,1,3,4,4,2,2,2,2,2,1,1,4,4,2,3,3,4,4,4,2,4,2,1,4,3,2,1,1,2,2,1,1,1,2,4,1,1,3,4,2,1,2,4,4,4,3,1,4,2,3,4,4,2,3,2,1,4,2,3,1,4,4,3,2,2,4,1,2,3,4,1,3,1,1,4,1,2,2,1,4,4,1,2,2,4,4,3,3,1,1,4,4,3,1"
168,0.9875909492720556,0.4509803921568627,2338.0,"3,1,1,3,1,3,4,4,4,3,1,1,1,1,1,1,3,2,1,3,3,3,3,1,4,4,3,2,1,2,4,2,3,2,1,3,1,4,4,1,2,2,1,3,1,2,4,4,1,2,4,1,2,1,4,2,3,4,3,4,3,3,1,1,2,1,1,2,1,4,3,3,1,1,2,1,4,3,2,2,2,1,1,1,2,2,3,3,1,1,3,4,3,1,1,1,1,3,1,1,3,4,3,1,1,2,1,4,1,3,1,1,2,1,1,3,4,2,4,4,1,2,3,4,1,3,4,1,4,2,2,1,3,1,4,3,2,3,2,3,3,3,4,4,1,1,2,4,2,1,2,1,4,3,4,2,2,4,4,1,2,2,4,3,2,3,4,4,1,2,3,1,2,1,4,2,1,1,3,1,2,2,3,2,4,2,2,1,1,2,3,1,3,2,2,4,1,2,4,1,2,2,1,1,1,2,2,4,3,1,2,2,1,3,1,3,2,3,4,2,4,1,1,1,3,2,1,1,2,1,4,2,2,2,4,2,4,2,3,1,3,1,4,3,2,1,1,3,4,3,4,4,1,3,3,4,3,2,2,3,3,4,2,2,1,4,1,2,4,3,4,3,3,4,3,1,2,3,1,3,2,1,2,2,1,1,3,4,2,4,2,4,1,1,2,3,3,3,3,4,1,4,4,4,2,1,2,3,1,2,2,4,2,2,3,3,2,2,2,4,4,4,3,1,4,4,2,4,1,3,4,3,4,3,3,4,4,3,1,1,1,1,4,2,3,1,1,2,2,4,3,3,2,2,2,4,3,2,1,3,3,1,1,3,3,2,4,4,2,1,1,1,1,2,3,2,1,2,4,4,1,2,4,3,1,2,1,4,3,4,1,3,2,4,3,1,2,1,1,2,3,3,2,2,1,1,4,2,4,2,4,1,1,3,4,2,4,1,3,4,1,2,3,1,2,4,2,2,2,3,1,1,2,4,4,1,4,2,1,1,4,1,3,2,3,1,4,3,3,3,4,4,1,4,3,1,4,2,4,4,1,1,1,2,2,4,4,1,1,2,2,1,4,2,1,1,1,2,4,2,4,2,1,1,3,1,4,1,3,1,1,2,4,3,2,3,1,3,2,1,2,4,4,4,3,4,3,3,2,1,1,2,4,2,2,1,3,2,2,3,1,4,2,4,4,2,4,2,3,3,3,3,1,3,2,2,2,4,2,1,1,1,1,1,1,3,1,4,1,2,2,4,1,3,3,3,3,1,4,3,1,1,1,1,1,2,1,1,1,2,2,4,4,1,3,1,4,3,3,4,1,4,3,2,1,4,4,4,2,2,1,1,1,4,2,1,2,3,1,2,1,2,2,4,3,1,2,1,2,3,2,2,1,3,2,1,2,1,3,4,3,1,3,1,1,3,4,3,1,4,1,4,3,3,1,4,1,4,1,3,2,1,2,3,2,4,2,1,2,4,3,4,1,4,2,2,4,2,2,1,1,1,3,3,1,4,4,4,1,3,2,4,1,1,2,3,3,1,2,3,2,2,1,2,2,2,4,2,2,1,3,3,2,1,1,2,2,3,3,3,2,3,1,4,4,4,1,4,2,2,4,4,3,1,3,1,3,2,1,4,1,1,3,4,3,4,3,1,3,3,1,1,1,4,1,3,3,1,1,3,1,1,4,1,4,2,4,1,1,3,1,1,1,4,4,2,4,3,4,1,4,1,3,2,2,2,2,1,1,4,1,2,1,3,3,3,2,4,1,4,1,2,3,2,3,4,4,2,2,1,4,3,4,1,2,3,1,2,3,1,2,4,2,2,1,1,1,2,2,4,1,4,3,4,1,3,2,2,3,1,4,2,3,4,4,2,1,1,3,3,1,3,1,2,4,3,2,1,3,2,3,2,1,4,2,1,3,4,4,3,4,3,3,1,3,1,2,2,3,1,2,1,2,3,2,3,3,2,3,1,1,1,4,2,2,4,2,1,4,4,1,2,3,3,2,3,4,3,2,2,2,4,2,3,2,2,2,4,4,4,4,1,1,3,2,4,4,2,2,1,2,1,2,2,4,4,1,2,4,1,4,3,1,3,2,1,3,2,1,2,3,1,2,2,4,3,1,1,2,3,2,2,1,2,1,1,4,1,4,2,1,1,4,4,1,3,3,4,1,2,2,3,3,2,4,1,3,1,4,4,3,4,2,4,3,4,4,3,3,1,2,3,4,1,4,2,4,1,2,4,1,4,2,4,4,1,4,3,2,1,3,3,2,1,3,4,3,2,3,1,3,3,2,3,3,1,2,2,2,2,4,4,4,2,2,4,2,3,1,2,3,3,4,1,2,2,1,3,2,2,1,3,3,3,2,3,1,4,4,1,1,1,3,1,2,4,2,2,3,3,4,3,3,4,1,4,4,1,1,4,1,1,4,1,2,3,3,4,3,2,1,4,3,2,1,1,2,3,4,1,4,1,1,1,3,3,2,4,4,2,3,4,2,1,4,3,4,1,3,3,2,3,2,3,1,1,1,1,1,4,1,3,2,4,3,1,1,3,4,2,2,2,2,1,4,1,4,2,3,3,1,3,1,1,4,2,2,2,2,4,2,2,3,2,2,1,1,2,1,3,3,3,4,3,2,3,3,3,3,1,3,3,1,1,4,2,4,1,1,1,4,3,2,2,3,2,3,4,1,3,3,1,1,2,3,1,2,4,3,4,1,1,3,4,1,3,3,3,1,1,3,2,3,3,3,2,4,1,1,4,3,3,1,3,4,1,2,3,4,1,1,2,3,2,4,1,1,2,2,2,3,1,3,4,3,2,4,4,3,3,2,2,4,2,1,1,4,3,3,1,3,2,1,4,3,4,4,3,3,1,1,4,4,1,4,2,3,3,2,1,1,4,4,1,4,2,3,2,3,3,4,4,3,4,2,1,4,4,4,1,2,3,2,4,1,2,4,4,3,1,3,2,3,2,4,1,1,4,1,3,2,2,2,3,2,1,2,3,1,4,1,3,1,2,3,4,2,3,3,4,4,3,4,4,2,3,1,2,3,3,2,4,1,1,3,3,1,3,1,4,1,1,1,3,4,2,2,1,3,2,2,1,1,3,2,1,4,4,4,1,3,4,4,4,1,1,1,4,1,1,3,1,2,1,1,2,2,1,3,4,2,3,1,1,2,2,3,1,2,2,4,2,3,1,2,4,2,1,1,1,4,1,1,2,2,3,2,1,1,3,1,3,3,1,2,2,2,3,2,3,4,3,1,1,2,1,2,4,3,1,2,4,1,3,4,3,4,4,3,2,3,3,1,3,3,1,2,3,1,2,2,3,2,3,2,2,2,3,2,4,1,1,4,2,1,4,2,3,3,1,1,4,1,2,4,2,1,3,2,4,3,1,2,1,2,3,4,1,3,3,4,4,3,2,3,3,2,1,3,2,1,2,2,2,1,1,3,3,3,3,3,1,4,2,3,2,2,3,2,2,4,2,2,4,2,2,2,2,2,2,1,4,1,1,4,4,2,3,3,1,2,3,4,4,3,2,2,1,4,2,4,1,2,2,3,4,2,1,4,2,4,1,3,3,1,4,1,3,4,4,2,2,2,2,2,1,1,4,4,2,3,3,4,4,4,2,4,2,1,4,3,2,1,1,2,2,1,1,1,2,4,1,1,3,4,2,1,2,4,4,4,3,1,4,2,3,4,4,2,3,2,1,4,2,3,1,4,4,3,2,2,4,1,2,3,4,1,3,1,1,4,1,2,2,1,4,4,1,2,2,4,4,3,3,1,1,4,4,3,1"
169,0.9875909492720556,0.4509803921568627,2338.0,"3,1,1,3,1,3,4,4,4,3,1,1,1,1,1,1,3,2,1,3,3,3,3,1,4,4,3,2,1,2,4,2,3,2,1,3,1,4,4,1,2,2,1,3,1,2,4,4,1,2,4,1,2,1,4,2,3,4,3,4,3,3,1,1,2,1,1,2,1,4,3,3,1,1,2,1,4,3,2,2,2,1,1,1,2,2,3,3,1,1,3,4,3,1,1,1,1,3,1,1,3,4,3,1,1,2,1,4,1,3,1,1,2,1,1,3,4,2,4,4,1,2,3,4,1,3,4,1,4,2,2,1,3,1,4,3,2,3,2,3,3,3,4,4,1,1,2,4,2,1,2,1,4,3,4,2,2,4,4,1,2,2,4,3,2,3,4,4,1,2,3,1,2,1,4,2,1,1,3,1,2,2,3,2,4,2,2,1,1,2,3,1,3,2,2,4,1,2,4,1,2,2,1,1,1,2,2,4,3,1,2,2,1,3,1,3,2,3,4,2,4,1,1,1,3,2,1,1,2,1,4,2,2,2,4,2,4,2,3,1,3,1,4,3,2,1,1,3,4,3,4,4,1,3,3,4,3,2,2,3,3,4,2,2,1,4,1,2,4,3,4,3,3,4,3,1,2,3,1,3,2,1,2,2,1,1,3,4,2,4,2,4,1,1,2,3,3,3,3,4,1,4,4,4,2,1,2,3,1,2,2,4,2,2,3,3,2,2,2,4,4,4,3,1,4,4,2,4,1,3,4,3,4,3,3,4,4,3,1,1,1,1,4,2,3,1,1,2,2,4,3,3,2,2,2,4,3,2,1,3,3,1,1,3,3,2,4,4,2,1,1,1,1,2,3,2,1,2,4,4,1,2,4,3,1,2,1,4,3,4,1,3,2,4,3,1,2,1,1,2,3,3,2,2,1,1,4,2,4,2,4,1,1,3,4,2,4,1,3,4,1,2,3,1,2,4,2,2,2,3,1,1,2,4,4,1,4,2,1,1,4,1,3,2,3,1,4,3,3,3,4,4,1,4,3,1,4,2,4,4,1,1,1,2,2,4,4,1,1,2,2,1,4,2,1,1,1,2,4,2,4,2,1,1,3,1,4,1,3,1,1,2,4,3,2,3,1,3,2,1,2,4,4,4,3,4,3,3,2,1,1,2,4,2,2,1,3,2,2,3,1,4,2,4,4,2,4,2,3,3,3,3,1,3,2,2,2,4,2,1,1,1,1,1,1,3,1,4,1,2,2,4,1,3,3,3,3,1,4,3,1,1,1,1,1,2,1,1,1,2,2,4,4,1,3,1,4,3,3,4,1,4,3,2,1,4,4,4,2,2,1,1,1,4,2,1,2,3,1,2,1,2,2,4,3,1,2,1,2,3,2,2,1,3,2,1,2,1,3,4,3,1,3,1,1,3,4,3,1,4,1,4,3,3,1,4,1,4,1,3,2,1,2,3,2,4,2,1,2,4,3,4,1,4,2,2,4,2,2,1,1,1,3,3,1,4,4,4,1,3,2,4,1,1,2,3,3,1,2,3,2,2,1,2,2,2,4,2,2,1,3,3,2,1,1,2,2,3,3,3,2,3,1,4,4,4,1,4,2,2,4,4,3,1,3,1,3,2,1,4,1,1,3,4,3,4,3,1,3,3,1,1,1,4,1,3,3,1,1,3,1,1,4,1,4,2,4,1,1,3,1,1,1,4,4,2,4,3,4,1,4,1,3,2,2,2,2,1,1,4,1,2,1,3,3,3,2,4,1,4,1,2,3,2,3,4,4,2,2,1,4,3,4,1,2,3,1,2,3,1,2,4,2,2,1,1,1,2,2,4,1,4,3,4,1,3,2,2,3,1,4,2,3,4,4,2,1,1,3,3,1,3,1,2,4,3,2,1,3,2,3,2,1,4,2,1,3,4,4,3,4,3,3,1,3,1,2,2,3,1,2,1,2,3,2,3,3,2,3,1,1,1,4,2,2,4,2,1,4,4,1,2,3,3,2,3,4,3,2,2,2,4,2,3,2,2,2,4,4,4,4,1,1,3,2,4,4,2,2,1,2,1,2,2,4,4,1,2,4,1,4,3,1,3,2,1,3,2,1,2,3,1,2,2,4,3,1,1,2,3,2,2,1,2,1,1,4,1,4,2,1,1,4,4,1,3,3,4,1,2,2,3,3,2,4,1,3,1,4,4,3,4,2,4,3,4,4,3,3,1,2,3,4,1,4,2,4,1,2,4,1,4,2,4,4,1,4,3,2,1,3,3,2,1,3,4,3,2,3,1,3,3,2,3,3,1,2,2,2,2,4,4,4,2,2,4,2,3,1,2,3,3,4,1,2,2,1,3,2,2,1,3,3,3,2,3,1,4,4,1,1,1,3,1,2,4,2,2,3,3,4,3,3,4,1,4,4,1,1,4,1,1,4,1,2,3,3,4,3,2,1,4,3,2,1,1,2,3,4,1,4,1,1,1,3,3,2,4,4,2,3,4,2,1,4,3,4,1,3,3,2,3,2,3,1,1,1,1,1,4,1,3,2,4,3,1,1,3,4,2,2,2,2,1,4,1,4,2,3,3,1,3,1,1,4,2,2,2,2,4,2,2,3,2,2,1,1,2,1,3,3,3,4,3,2,3,3,3,3,1,3,3,1,1,4,2,4,1,1,1,4,3,2,2,3,2,3,4,1,3,3,1,1,2,3,1,2,4,3,4,1,1,3,4,1,3,3,3,1,1,3,2,3,3,3,2,4,1,1,4,3,3,1,3,4,1,2,3,4,1,1,2,3,2,4,1,1,2,2,2,3,1,3,4,3,2,4,4,3,3,2,2,4,2,1,1,4,3,3,1,3,2,1,4,3,4,4,3,3,1,1,4,4,1,4,2,3,3,2,1,1,4,4,1,4,2,3,2,3,3,4,4,3,4,2,1,4,4,4,1,2,3,2,4,1,2,4,4,3,1,3,2,3,2,4,1,1,4,1,3,2,2,2,3,2,1,2,3,1,4,1,3,1,2,3,4,2,3,3,4,4,3,4,4,2,3,1,2,3,3,2,4,1,1,3,3,1,3,1,4,1,1,1,3,4,2,2,1,3,2,2,1,1,3,2,1,4,4,4,1,3,4,4,4,1,1,1,4,1,1,3,1,2,1,1,2,2,1,3,4,2,3,1,1,2,2,3,1,2,2,4,2,3,1,2,4,2,1,1,1,4,1,1,2,2,3,2,1,1,3,1,3,3,1,2,2,2,3,2,3,4,3,1,1,2,1,2,4,3,1,2,4,1,3,4,3,4,4,3,2,3,3,1,3,3,1,2,3,1,2,2,3,2,3,2,2,2,3,2,4,1,1,4,2,1,4,2,3,3,1,1,4,1,2,4,2,1,3,2,4,3,1,2,1,2,3,4,1,3,3,4,4,3,2,3,3,2,1,3,2,1,2,2,2,1,1,3,3,3,3,3,1,4,2,3,2,2,3,2,2,4,2,2,4,2,2,2,2,2,2,1,4,1,1,4,4,2,3,3,1,2,3,4,4,3,2,2,1,4,2,4,1,2,2,3,4,2,1,4,2,4,1,3,3,1,4,1,3,4,4,2,2,2,2,2,1,1,4,4,2,3,3,4,4,4,2,4,2,1,4,3,2,1,1,2,2,1,1,1,2,4,1,1,3,4,2,1,2,4,4,4,3,1,4,2,3,4,4,2,3,2,1,4,2,3,1,4,4,3,2,2,4,1,2,3,4,1,3,1,1,4,1,2,2,1,4,4,1,2,2,4,4,3,3,1,1,4,4,3,1"
170,0.9875909492720556,0.4509803921568627,2338.0,"3,1,1,3,1,3,4,4,4,3,1,1,1,1,1,1,3,2,1,3,3,3,3,1,4,4,3,2,1,2,4,2,3,2,1,3,1,4,4,1,2,2,1,3,1,2,4,4,1,2,4,1,2,1,4,2,3,4,3,4,3,3,1,1,2,1,1,2,1,4,3,3,1,1,2,1,4,3,2,2,2,1,1,1,2,2,3,3,1,1,3,4,3,1,1,1,1,3,1,1,3,4,3,1,1,2,1,4,1,3,1,1,2,1,1,3,4,2,4,4,1,2,3,4,1,3,4,1,4,2,2,1,3,1,4,3,2,3,2,3,3,3,4,4,1,1,2,4,2,1,2,1,4,3,4,2,2,4,4,1,2,2,4,3,2,3,4,4,1,2,3,1,2,1,4,2,1,1,3,1,2,2,3,2,4,2,2,1,1,2,3,1,3,2,2,4,1,2,4,1,2,2,1,1,1,2,2,4,3,1,2,2,1,3,1,3,2,3,4,2,4,1,1,1,3,2,1,1,2,1,4,2,2,2,4,2,4,2,3,1,3,1,4,3,2,1,1,3,4,3,4,4,1,3,3,4,3,2,2,3,3,4,2,2,1,4,1,2,4,3,4,3,3,4,3,1,2,3,1,3,2,1,2,2,1,1,3,4,2,4,2,4,1,1,2,3,3,3,3,4,1,4,4,4,2,1,2,3,1,2,2,4,2,2,3,3,2,2,2,4,4,4,3,1,4,4,2,4,1,3,4,3,4,3,3,4,4,3,1,1,1,1,4,2,3,1,1,2,2,4,3,3,2,2,2,4,3,2,1,3,3,1,1,3,3,2,4,4,2,1,1,1,1,2,3,2,1,2,4,4,1,2,4,3,1,2,1,4,3,4,1,3,2,4,3,1,2,1,1,2,3,3,2,2,1,1,4,2,4,2,4,1,1,3,4,2,4,1,3,4,1,2,3,1,2,4,2,2,2,3,1,1,2,4,4,1,4,2,1,1,4,1,3,2,3,1,4,3,3,3,4,4,1,4,3,1,4,2,4,4,1,1,1,2,2,4,4,1,1,2,2,1,4,2,1,1,1,2,4,2,4,2,1,1,3,1,4,1,3,1,1,2,4,3,2,3,1,3,2,1,2,4,4,4,3,4,3,3,2,1,1,2,4,2,2,1,3,2,2,3,1,4,2,4,4,2,4,2,3,3,3,3,1,3,2,2,2,4,2,1,1,1,1,1,1,3,1,4,1,2,2,4,1,3,3,3,3,1,4,3,1,1,1,1,1,2,1,1,1,2,2,4,4,1,3,1,4,3,3,4,1,4,3,2,1,4,4,4,2,2,1,1,1,4,2,1,2,3,1,2,1,2,2,4,3,1,2,1,2,3,2,2,1,3,2,1,2,1,3,4,3,1,3,1,1,3,4,3,1,4,1,4,3,3,1,4,1,4,1,3,2,1,2,3,2,4,2,1,2,4,3,4,1,4,2,2,4,2,2,1,1,1,3,3,1,4,4,4,1,3,2,4,1,1,2,3,3,1,2,3,2,2,1,2,2,2,4,2,2,1,3,3,2,1,1,2,2,3,3,3,2,3,1,4,4,4,1,4,2,2,4,4,3,1,3,1,3,2,1,4,1,1,3,4,3,4,3,1,3,3,1,1,1,4,1,3,3,1,1,3,1,1,4,1,4,2,4,1,1,3,1,1,1,4,4,2,4,3,4,1,4,1,3,2,2,2,2,1,1,4,1,2,1,3,3,3,2,4,1,4,1,2,3,2,3,4,4,2,2,1,4,3,4,1,2,3,1,2,3,1,2,4,2,2,1,1,1,2,2,4,1,4,3,4,1,3,2,2,3,1,4,2,3,4,4,2,1,1,3,3,1,3,1,2,4,3,2,1,3,2,3,2,1,4,2,1,3,4,4,3,4,3,3,1,3,1,2,2,3,1,2,1,2,3,2,3,3,2,3,1,1,1,4,2,2,4,2,1,4,4,1,2,3,3,2,3,4,3,2,2,2,4,2,3,2,2,2,4,4,4,4,1,1,3,2,4,4,2,2,1,2,1,2,2,4,4,1,2,4,1,4,3,1,3,2,1,3,2,1,2,3,1,2,2,4,3,1,1,2,3,2,2,1,2,1,1,4,1,4,2,1,1,4,4,1,3,3,4,1,2,2,3,3,2,4,1,3,1,4,4,3,4,2,4,3,4,4,3,3,1,2,3,4,1,4,2,4,1,2,4,1,4,2,4,4,1,4,3,2,1,3,3,2,1,3,4,3,2,3,1,3,3,2,3,3,1,2,2,2,2,4,4,4,2,2,4,2,3,1,2,3,3,4,1,2,2,1,3,2,2,1,3,3,3,2,3,1,4,4,1,1,1,3,1,2,4,2,2,3,3,4,3,3,4,1,4,4,1,1,4,1,1,4,1,2,3,3,4,3,2,1,4,3,2,1,1,2,3,4,1,4,1,1,1,3,3,2,4,4,2,3,4,2,1,4,3,4,1,3,3,2,3,2,3,1,1,1,1,1,4,1,3,2,4,3,1,1,3,4,2,2,2,2,1,4,1,4,2,3,3,1,3,1,1,4,2,2,2,2,4,2,2,3,2,2,1,1,2,1,3,3,3,4,3,2,3,3,3,3,1,3,3,1,1,4,2,4,1,1,1,4,3,2,2,3,2,3,4,1,3,3,1,1,2,3,1,2,4,3,4,1,1,3,4,1,3,3,3,1,1,3,2,3,3,3,2,4,1,1,4,3,3,1,3,4,1,2,3,4,1,1,2,3,2,4,1,1,2,2,2,3,1,3,4,3,2,4,4,3,3,2,2,4,2,1,1,4,3,3,1,3,2,1,4,3,4,4,3,3,1,1,4,4,1,4,2,3,3,2,1,1,4,4,1,4,2,3,2,3,3,4,4,3,4,2,1,4,4,4,1,2,3,2,4,1,2,4,4,3,1,3,2,3,2,4,1,1,4,1,3,2,2,2,3,2,1,2,3,1,4,1,3,1,2,3,4,2,3,3,4,4,3,4,4,2,3,1,2,3,3,2,4,1,1,3,3,1,3,1,4,1,1,1,3,4,2,2,1,3,2,2,1,1,3,2,1,4,4,4,1,3,4,4,4,1,1,1,4,1,1,3,1,2,1,1,2,2,1,3,4,2,3,1,1,2,2,3,1,2,2,4,2,3,1,2,4,2,1,1,1,4,1,1,2,2,3,2,1,1,3,1,3,3,1,2,2,2,3,2,3,4,3,1,1,2,1,2,4,3,1,2,4,1,3,4,3,4,4,3,2,3,3,1,3,3,1,2,3,1,2,2,3,2,3,2,2,2,3,2,4,1,1,4,2,1,4,2,3,3,1,1,4,1,2,4,2,1,3,2,4,3,1,2,1,2,3,4,1,3,3,4,4,3,2,3,3,2,1,3,2,1,2,2,2,1,1,3,3,3,3,3,1,4,2,3,2,2,3,2,2,4,2,2,4,2,2,2,2,2,2,1,4,1,1,4,4,2,3,3,1,2,3,4,4,3,2,2,1,4,2,4,1,2,2,3,4,2,1,4,2,4,1,3,3,1,4,1,3,4,4,2,2,2,2,2,1,1,4,4,2,3,3,4,4,4,2,4,2,1,4,3,2,1,1,2,2,1,1,1,2,4,1,1,3,4,2,1,2,4,4,4,3,1,4,2,3,4,4,2,3,2,1,4,2,3,1,4,4,3,2,2,4,1,2,3,4,1,3,1,1,4,1,2,2,1,4,4,1,2,2,4,4,3,3,1,1,4,4,3,1"
171,0.9875909492720556,0.4509803921568627,2338.0,"3,1,1,3,1,3,4,4,4,3,1,1,1,1,1,1,3,2,1,3,3,3,3,1,4,4,3,2,1,2,4,2,3,2,1,3,1,4,4,1,2,2,1,3,1,2,4,4,1,2,4,1,2,1,4,2,3,4,3,4,3,3,1,1,2,1,1,2,1,4,3,3,1,1,2,1,4,3,2,2,2,1,1,1,2,2,3,3,1,1,3,4,3,1,1,1,1,3,1,1,3,4,3,1,1,2,1,4,1,3,1,1,2,1,1,3,4,2,4,4,1,2,3,4,1,3,4,1,4,2,2,1,3,1,4,3,2,3,2,3,3,3,4,4,1,1,2,4,2,1,2,1,4,3,4,2,2,4,4,1,2,2,4,3,2,3,4,4,1,2,3,1,2,1,4,2,1,1,3,1,2,2,3,2,4,2,2,1,1,2,3,1,3,2,2,4,1,2,4,1,2,2,1,1,1,2,2,4,3,1,2,2,1,3,1,3,2,3,4,2,4,1,1,1,3,2,1,1,2,1,4,2,2,2,4,2,4,2,3,1,3,1,4,3,2,1,1,3,4,3,4,4,1,3,3,4,3,2,2,3,3,4,2,2,1,4,1,2,4,3,4,3,3,4,3,1,2,3,1,3,2,1,2,2,1,1,3,4,2,4,2,4,1,1,2,3,3,3,3,4,1,4,4,4,2,1,2,3,1,2,2,4,2,2,3,3,2,2,2,4,4,4,3,1,4,4,2,4,1,3,4,3,4,3,3,4,4,3,1,1,1,1,4,2,3,1,1,2,2,4,3,3,2,2,2,4,3,2,1,3,3,1,1,3,3,2,4,4,2,1,1,1,1,2,3,2,1,2,4,4,1,2,4,3,1,2,1,4,3,4,1,3,2,4,3,1,2,1,1,2,3,3,2,2,1,1,4,2,4,2,4,1,1,3,4,2,4,1,3,4,1,2,3,1,2,4,2,2,2,3,1,1,2,4,4,1,4,2,1,1,4,1,3,2,3,1,4,3,3,3,4,4,1,4,3,1,4,2,4,4,1,1,1,2,2,4,4,1,1,2,2,1,4,2,1,1,1,2,4,2,4,2,1,1,3,1,4,1,3,1,1,2,4,3,2,3,1,3,2,1,2,4,4,4,3,4,3,3,2,1,1,2,4,2,2,1,3,2,2,3,1,4,2,4,4,2,4,2,3,3,3,3,1,3,2,2,2,4,2,1,1,1,1,1,1,3,1,4,1,2,2,4,1,3,3,3,3,1,4,3,1,1,1,1,1,2,1,1,1,2,2,4,4,1,3,1,4,3,3,4,1,4,3,2,1,4,4,4,2,2,1,1,1,4,2,1,2,3,1,2,1,2,2,4,3,1,2,1,2,3,2,2,1,3,2,1,2,1,3,4,3,1,3,1,1,3,4,3,1,4,1,4,3,3,1,4,1,4,1,3,2,1,2,3,2,4,2,1,2,4,3,4,1,4,2,2,4,2,2,1,1,1,3,3,1,4,4,4,1,3,2,4,1,1,2,3,3,1,2,3,2,2,1,2,2,2,4,2,2,1,3,3,2,1,1,2,2,3,3,3,2,3,1,4,4,4,1,4,2,2,4,4,3,1,3,1,3,2,1,4,1,1,3,4,3,4,3,1,3,3,1,1,1,4,1,3,3,1,1,3,1,1,4,1,4,2,4,1,1,3,1,1,1,4,4,2,4,3,4,1,4,1,3,2,2,2,2,1,1,4,1,2,1,3,3,3,2,4,1,4,1,2,3,2,3,4,4,2,2,1,4,3,4,1,2,3,1,2,3,1,2,4,2,2,1,1,1,2,2,4,1,4,3,4,1,3,2,2,3,1,4,2,3,4,4,2,1,1,3,3,1,3,1,2,4,3,2,1,3,2,3,2,1,4,2,1,3,4,4,3,4,3,3,1,3,1,2,2,3,1,2,1,2,3,2,3,3,2,3,1,1,1,4,2,2,4,2,1,4,4,1,2,3,3,2,3,4,3,2,2,2,4,2,3,2,2,2,4,4,4,4,1,1,3,2,4,4,2,2,1,2,1,2,2,4,4,1,2,4,1,4,3,1,3,2,1,3,2,1,2,3,1,2,2,4,3,1,1,2,3,2,2,1,2,1,1,4,1,4,2,1,1,4,4,1,3,3,4,1,2,2,3,3,2,4,1,3,1,4,4,3,4,2,4,3,4,4,3,3,1,2,3,4,1,4,2,4,1,2,4,1,4,2,4,4,1,4,3,2,1,3,3,2,1,3,4,3,2,3,1,3,3,2,3,3,1,2,2,2,2,4,4,4,2,2,4,2,3,1,2,3,3,4,1,2,2,1,3,2,2,1,3,3,3,2,3,1,4,4,1,1,1,3,1,2,4,2,2,3,3,4,3,3,4,1,4,4,1,1,4,1,1,4,1,2,3,3,4,3,2,1,4,3,2,1,1,2,3,4,1,4,1,1,1,3,3,2,4,4,2,3,4,2,1,4,3,4,1,3,3,2,3,2,3,1,1,1,1,1,4,1,3,2,4,3,1,1,3,4,2,2,2,2,1,4,1,4,2,3,3,1,3,1,1,4,2,2,2,2,4,2,2,3,2,2,1,1,2,1,3,3,3,4,3,2,3,3,3,3,1,3,3,1,1,4,2,4,1,1,1,4,3,2,2,3,2,3,4,1,3,3,1,1,2,3,1,2,4,3,4,1,1,3,4,1,3,3,3,1,1,3,2,3,3,3,2,4,1,1,4,3,3,1,3,4,1,2,3,4,1,1,2,3,2,4,1,1,2,2,2,3,1,3,4,3,2,4,4,3,3,2,2,4,2,1,1,4,3,3,1,3,2,1,4,3,4,4,3,3,1,1,4,4,1,4,2,3,3,2,1,1,4,4,1,4,2,3,2,3,3,4,4,3,4,2,1,4,4,4,1,2,3,2,4,1,2,4,4,3,1,3,2,3,2,4,1,1,4,1,3,2,2,2,3,2,1,2,3,1,4,1,3,1,2,3,4,2,3,3,4,4,3,4,4,2,3,1,2,3,3,2,4,1,1,3,3,1,3,1,4,1,1,1,3,4,2,2,1,3,2,2,1,1,3,2,1,4,4,4,1,3,4,4,4,1,1,1,4,1,1,3,1,2,1,1,2,2,1,3,4,2,3,1,1,2,2,3,1,2,2,4,2,3,1,2,4,2,1,1,1,4,1,1,2,2,3,2,1,1,3,1,3,3,1,2,2,2,3,2,3,4,3,1,1,2,1,2,4,3,1,2,4,1,3,4,3,4,4,3,2,3,3,1,3,3,1,2,3,1,2,2,3,2,3,2,2,2,3,2,4,1,1,4,2,1,4,2,3,3,1,1,4,1,2,4,2,1,3,2,4,3,1,2,1,2,3,4,1,3,3,4,4,3,2,3,3,2,1,3,2,1,2,2,2,1,1,3,3,3,3,3,1,4,2,3,2,2,3,2,2,4,2,2,4,2,2,2,2,2,2,1,4,1,1,4,4,2,3,3,1,2,3,4,4,3,2,2,1,4,2,4,1,2,2,3,4,2,1,4,2,4,1,3,3,1,4,1,3,4,4,2,2,2,2,2,1,1,4,4,2,3,3,4,4,4,2,4,2,1,4,3,2,1,1,2,2,1,1,1,2,4,1,1,3,4,2,1,2,4,4,4,3,1,4,2,3,4,4,2,3,2,1,4,2,3,1,4,4,3,2,2,4,1,2,3,4,1,3,1,1,4,1,2,2,1,4,4,1,2,2,4,4,3,3,1,1,4,4,3,1"
172,0.9875909492720556,0.4509803921568627,2338.0,"3,1,1,3,1,3,4,4,4,3,1,1,1,1,1,1,3,2,1,3,3,3,3,1,4,4,3,2,1,2,4,2,3,2,1,3,1,4,4,1,2,2,1,3,1,2,4,4,1,2,4,1,2,1,4,2,3,4,3,4,3,3,1,1,2,1,1,2,1,4,3,3,1,1,2,1,4,3,2,2,2,1,1,1,2,2,3,3,1,1,3,4,3,1,1,1,1,3,1,1,3,4,3,1,1,2,1,4,1,3,1,1,2,1,1,3,4,2,4,4,1,2,3,4,1,3,4,1,4,2,2,1,3,1,4,3,2,3,2,3,3,3,4,4,1,1,2,4,2,1,2,1,4,3,4,2,2,4,4,1,2,2,4,3,2,3,4,4,1,2,3,1,2,1,4,2,1,1,3,1,2,2,3,2,4,2,2,1,1,2,3,1,3,2,2,4,1,2,4,1,2,2,1,1,1,2,2,4,3,1,2,2,1,3,1,3,2,3,4,2,4,1,1,1,3,2,1,1,2,1,4,2,2,2,4,2,4,2,3,1,3,1,4,3,2,1,1,3,4,3,4,4,1,3,3,4,3,2,2,3,3,4,2,2,1,4,1,2,4,3,4,3,3,4,3,1,2,3,1,3,2,1,2,2,1,1,3,4,2,4,2,4,1,1,2,3,3,3,3,4,1,4,4,4,2,1,2,3,1,2,2,4,2,2,3,3,2,2,2,4,4,4,3,1,4,4,2,4,1,3,4,3,4,3,3,4,4,3,1,1,1,1,4,2,3,1,1,2,2,4,3,3,2,2,2,4,3,2,1,3,3,1,1,3,3,2,4,4,2,1,1,1,1,2,3,2,1,2,4,4,1,2,4,3,1,2,1,4,3,4,1,3,2,4,3,1,2,1,1,2,3,3,2,2,1,1,4,2,4,2,4,1,1,3,4,2,4,1,3,4,1,2,3,1,2,4,2,2,2,3,1,1,2,4,4,1,4,2,1,1,4,1,3,2,3,1,4,3,3,3,4,4,1,4,3,1,4,2,4,4,1,1,1,2,2,4,4,1,1,2,2,1,4,2,1,1,1,2,4,2,4,2,1,1,3,1,4,1,3,1,1,2,4,3,2,3,1,3,2,1,2,4,4,4,3,4,3,3,2,1,1,2,4,2,2,1,3,2,2,3,1,4,2,4,4,2,4,2,3,3,3,3,1,3,2,2,2,4,2,1,1,1,1,1,1,3,1,4,1,2,2,4,1,3,3,3,3,1,4,3,1,1,1,1,1,2,1,1,1,2,2,4,4,1,3,1,4,3,3,4,1,4,3,2,1,4,4,4,2,2,1,1,1,4,2,1,2,3,1,2,1,2,2,4,3,1,2,1,2,3,2,2,1,3,2,1,2,1,3,4,3,1,3,1,1,3,4,3,1,4,1,4,3,3,1,4,1,4,1,3,2,1,2,3,2,4,2,1,2,4,3,4,1,4,2,2,4,2,2,1,1,1,3,3,1,4,4,4,1,3,2,4,1,1,2,3,3,1,2,3,2,2,1,2,2,2,4,2,2,1,3,3,2,1,1,2,2,3,3,3,2,3,1,4,4,4,1,4,2,2,4,4,3,1,3,1,3,2,1,4,1,1,3,4,3,4,3,1,3,3,1,1,1,4,1,3,3,1,1,3,1,1,4,1,4,2,4,1,1,3,1,1,1,4,4,2,4,3,4,1,4,1,3,2,2,2,2,1,1,4,1,2,1,3,3,3,2,4,1,4,1,2,3,2,3,4,4,2,2,1,4,3,4,1,2,3,1,2,3,1,2,4,2,2,1,1,1,2,2,4,1,4,3,4,1,3,2,2,3,1,4,2,3,4,4,2,1,1,3,3,1,3,1,2,4,3,2,1,3,2,3,2,1,4,2,1,3,4,4,3,4,3,3,1,3,1,2,2,3,1,2,1,2,3,2,3,3,2,3,1,1,1,4,2,2,4,2,1,4,4,1,2,3,3,2,3,4,3,2,2,2,4,2,3,2,2,2,4,4,4,4,1,1,3,2,4,4,2,2,1,2,1,2,2,4,4,1,2,4,1,4,3,1,3,2,1,3,2,1,2,3,1,2,2,4,3,1,1,2,3,2,2,1,2,1,1,4,1,4,2,1,1,4,4,1,3,3,4,1,2,2,3,3,2,4,1,3,1,4,4,3,4,2,4,3,4,4,3,3,1,2,3,4,1,4,2,4,1,2,4,1,4,2,4,4,1,4,3,2,1,3,3,2,1,3,4,3,2,3,1,3,3,2,3,3,1,2,2,2,2,4,4,4,2,2,4,2,3,1,2,3,3,4,1,2,2,1,3,2,2,1,3,3,3,2,3,1,4,4,1,1,1,3,1,2,4,2,2,3,3,4,3,3,4,1,4,4,1,1,4,1,1,4,1,2,3,3,4,3,2,1,4,3,2,1,1,2,3,4,1,4,1,1,1,3,3,2,4,4,2,3,4,2,1,4,3,4,1,3,3,2,3,2,3,1,1,1,1,1,4,1,3,2,4,3,1,1,3,4,2,2,2,2,1,4,1,4,2,3,3,1,3,1,1,4,2,2,2,2,4,2,2,3,2,2,1,1,2,1,3,3,3,4,3,2,3,3,3,3,1,3,3,1,1,4,2,4,1,1,1,4,3,2,2,3,2,3,4,1,3,3,1,1,2,3,1,2,4,3,4,1,1,3,4,1,3,3,3,1,1,3,2,3,3,3,2,4,1,1,4,3,3,1,3,4,1,2,3,4,1,1,2,3,2,4,1,1,2,2,2,3,1,3,4,3,2,4,4,3,3,2,2,4,2,1,1,4,3,3,1,3,2,1,4,3,4,4,3,3,1,1,4,4,1,4,2,3,3,2,1,1,4,4,1,4,2,3,2,3,3,4,4,3,4,2,1,4,4,4,1,2,3,2,4,1,2,4,4,3,1,3,2,3,2,4,1,1,4,1,3,2,2,2,3,2,1,2,3,1,4,1,3,1,2,3,4,2,3,3,4,4,3,4,4,2,3,1,2,3,3,2,4,1,1,3,3,1,3,1,4,1,1,1,3,4,2,2,1,3,2,2,1,1,3,2,1,4,4,4,1,3,4,4,4,1,1,1,4,1,1,3,1,2,1,1,2,2,1,3,4,2,3,1,1,2,2,3,1,2,2,4,2,3,1,2,4,2,1,1,1,4,1,1,2,2,3,2,1,1,3,1,3,3,1,2,2,2,3,2,3,4,3,1,1,2,1,2,4,3,1,2,4,1,3,4,3,4,4,3,2,3,3,1,3,3,1,2,3,1,2,2,3,2,3,2,2,2,3,2,4,1,1,4,2,1,4,2,3,3,1,1,4,1,2,4,2,1,3,2,4,3,1,2,1,2,3,4,1,3,3,4,4,3,2,3,3,2,1,3,2,1,2,2,2,1,1,3,3,3,3,3,1,4,2,3,2,2,3,2,2,4,2,2,4,2,2,2,2,2,2,1,4,1,1,4,4,2,3,3,1,2,3,4,4,3,2,2,1,4,2,4,1,2,2,3,4,2,1,4,2,4,1,3,3,1,4,1,3,4,4,2,2,2,2,2,1,1,4,4,2,3,3,4,4,4,2,4,2,1,4,3,2,1,1,2,2,1,1,1,2,4,1,1,3,4,2,1,2,4,4,4,3,1,4,2,3,4,4,2,3,2,1,4,2,3,1,4,4,3,2,2,4,1,2,3,4,1,3,1,1,4,1,2,2,1,4,4,1,2,2,4,4,3,3,1,1,4,4,3,1"
173,0.9875909492720556,0.4509803921568627,2338.0,"3,1,1,3,1,3,4,4,4,3,1,1,1,1,1,1,3,2,1,3,3,3,3,1,4,4,3,2,1,2,4,2,3,2,1,3,1,4,4,1,2,2,1,3,1,2,4,4,1,2,4,1,2,1,4,2,3,4,3,4,3,3,1,1,2,1,1,2,1,4,3,3,1,1,2,1,4,3,2,2,2,1,1,1,2,2,3,3,1,1,3,4,3,1,1,1,1,3,1,1,3,4,3,1,1,2,1,4,1,3,1,1,2,1,1,3,4,2,4,4,1,2,3,4,1,3,4,1,4,2,2,1,3,1,4,3,2,3,2,3,3,3,4,4,1,1,2,4,2,1,2,1,4,3,4,2,2,4,4,1,2,2,4,3,2,3,4,4,1,2,3,1,2,1,4,2,1,1,3,1,2,2,3,2,4,2,2,1,1,2,3,1,3,2,2,4,1,2,4,1,2,2,1,1,1,2,2,4,3,1,2,2,1,3,1,3,2,3,4,2,4,1,1,1,3,2,1,1,2,1,4,2,2,2,4,2,4,2,3,1,3,1,4,3,2,1,1,3,4,3,4,4,1,3,3,4,3,2,2,3,3,4,2,2,1,4,1,2,4,3,4,3,3,4,3,1,2,3,1,3,2,1,2,2,1,1,3,4,2,4,2,4,1,1,2,3,3,3,3,4,1,4,4,4,2,1,2,3,1,2,2,4,2,2,3,3,2,2,2,4,4,4,3,1,4,4,2,4,1,3,4,3,4,3,3,4,4,3,1,1,1,1,4,2,3,1,1,2,2,4,3,3,2,2,2,4,3,2,1,3,3,1,1,3,3,2,4,4,2,1,1,1,1,2,3,2,1,2,4,4,1,2,4,3,1,2,1,4,3,4,1,3,2,4,3,1,2,1,1,2,3,3,2,2,1,1,4,2,4,2,4,1,1,3,4,2,4,1,3,4,1,2,3,1,2,4,2,2,2,3,1,1,2,4,4,1,4,2,1,1,4,1,3,2,3,1,4,3,3,3,4,4,1,4,3,1,4,2,4,4,1,1,1,2,2,4,4,1,1,2,2,1,4,2,1,1,1,2,4,2,4,2,1,1,3,1,4,1,3,1,1,2,4,3,2,3,1,3,2,1,2,4,4,4,3,4,3,3,2,1,1,2,4,2,2,1,3,2,2,3,1,4,2,4,4,2,4,2,3,3,3,3,1,3,2,2,2,4,2,1,1,1,1,1,1,3,1,4,1,2,2,4,1,3,3,3,3,1,4,3,1,1,1,1,1,2,1,1,1,2,2,4,4,1,3,1,4,3,3,4,1,4,3,2,1,4,4,4,2,2,1,1,1,4,2,1,2,3,1,2,1,2,2,4,3,1,2,1,2,3,2,2,1,3,2,1,2,1,3,4,3,1,3,1,1,3,4,3,1,4,1,4,3,3,1,4,1,4,1,3,2,1,2,3,2,4,2,1,2,4,3,4,1,4,2,2,4,2,2,1,1,1,3,3,1,4,4,4,1,3,2,4,1,1,2,3,3,1,2,3,2,2,1,2,2,2,4,2,2,1,3,3,2,1,1,2,2,3,3,3,2,3,1,4,4,4,1,4,2,2,4,4,3,1,3,1,3,2,1,4,1,1,3,4,3,4,3,1,3,3,1,1,1,4,1,3,3,1,1,3,1,1,4,1,4,2,4,1,1,3,1,1,1,4,4,2,4,3,4,1,4,1,3,2,2,2,2,1,1,4,1,2,1,3,3,3,2,4,1,4,1,2,3,2,3,4,4,2,2,1,4,3,4,1,2,3,1,2,3,1,2,4,2,2,1,1,1,2,2,4,1,4,3,4,1,3,2,2,3,1,4,2,3,4,4,2,1,1,3,3,1,3,1,2,4,3,2,1,3,2,3,2,1,4,2,1,3,4,4,3,4,3,3,1,3,1,2,2,3,1,2,1,2,3,2,3,3,2,3,1,1,1,4,2,2,4,2,1,4,4,1,2,3,3,2,3,4,3,2,2,2,4,2,3,2,2,2,4,4,4,4,1,1,3,2,4,4,2,2,1,2,1,2,2,4,4,1,2,4,1,4,3,1,3,2,1,3,2,1,2,3,1,2,2,4,3,1,1,2,3,2,2,1,2,1,1,4,1,4,2,1,1,4,4,1,3,3,4,1,2,2,3,3,2,4,1,3,1,4,4,3,4,2,4,3,4,4,3,3,1,2,3,4,1,4,2,4,1,2,4,1,4,2,4,4,1,4,3,2,1,3,3,2,1,3,4,3,2,3,1,3,3,2,3,3,1,2,2,2,2,4,4,4,2,2,4,2,3,1,2,3,3,4,1,2,2,1,3,2,2,1,3,3,3,2,3,1,4,4,1,1,1,3,1,2,4,2,2,3,3,4,3,3,4,1,4,4,1,1,4,1,1,4,1,2,3,3,4,3,2,1,4,3,2,1,1,2,3,4,1,4,1,1,1,3,3,2,4,4,2,3,4,2,1,4,3,4,1,3,3,2,3,2,3,1,1,1,1,1,4,1,3,2,4,3,1,1,3,4,2,2,2,2,1,4,1,4,2,3,3,1,3,1,1,4,2,2,2,2,4,2,2,3,2,2,1,1,2,1,3,3,3,4,3,2,3,3,3,3,1,3,3,1,1,4,2,4,1,1,1,4,3,2,2,3,2,3,4,1,3,3,1,1,2,3,1,2,4,3,4,1,1,3,4,1,3,3,3,1,1,3,2,3,3,3,2,4,1,1,4,3,3,1,3,4,1,2,3,4,1,1,2,3,2,4,1,1,2,2,2,3,1,3,4,3,2,4,4,3,3,2,2,4,2,1,1,4,3,3,1,3,2,1,4,3,4,4,3,3,1,1,4,4,1,4,2,3,3,2,1,1,4,4,1,4,2,3,2,3,3,4,4,3,4,2,1,4,4,4,1,2,3,2,4,1,2,4,4,3,1,3,2,3,2,4,1,1,4,1,3,2,2,2,3,2,1,2,3,1,4,1,3,1,2,3,4,2,3,3,4,4,3,4,4,2,3,1,2,3,3,2,4,1,1,3,3,1,3,1,4,1,1,1,3,4,2,2,1,3,2,2,1,1,3,2,1,4,4,4,1,3,4,4,4,1,1,1,4,1,1,3,1,2,1,1,2,2,1,3,4,2,3,1,1,2,2,3,1,2,2,4,2,3,1,2,4,2,1,1,1,4,1,1,2,2,3,2,1,1,3,1,3,3,1,2,2,2,3,2,3,4,3,1,1,2,1,2,4,3,1,2,4,1,3,4,3,4,4,3,2,3,3,1,3,3,1,2,3,1,2,2,3,2,3,2,2,2,3,2,4,1,1,4,2,1,4,2,3,3,1,1,4,1,2,4,2,1,3,2,4,3,1,2,1,2,3,4,1,3,3,4,4,3,2,3,3,2,1,3,2,1,2,2,2,1,1,3,3,3,3,3,1,4,2,3,2,2,3,2,2,4,2,2,4,2,2,2,2,2,2,1,4,1,1,4,4,2,3,3,1,2,3,4,4,3,2,2,1,4,2,4,1,2,2,3,4,2,1,4,2,4,1,3,3,1,4,1,3,4,4,2,2,2,2,2,1,1,4,4,2,3,3,4,4,4,2,4,2,1,4,3,2,1,1,2,2,1,1,1,2,4,1,1,3,4,2,1,2,4,4,4,3,1,4,2,3,4,4,2,3,2,1,4,2,3,1,4,4,3,2,2,4,1,2,3,4,1,3,1,1,4,1,2,2,1,4,4,1,2,2,4,4,3,3,1,1,4,4,3,1"
174,0.9875909492720556,0.4509803921568627,2338.0,"3,1,1,3,1,3,4,4,4,3,1,1,1,1,1,1,3,2,1,3,3,3,3,1,4,4,3,2,1,2,4,2,3,2,1,3,1,4,4,1,2,2,1,3,1,2,4,4,1,2,4,1,2,1,4,2,3,4,3,4,3,3,1,1,2,1,1,2,1,4,3,3,1,1,2,1,4,3,2,2,2,1,1,1,2,2,3,3,1,1,3,4,3,1,1,1,1,3,1,1,3,4,3,1,1,2,1,4,1,3,1,1,2,1,1,3,4,2,4,4,1,2,3,4,1,3,4,1,4,2,2,1,3,1,4,3,2,3,2,3,3,3,4,4,1,1,2,4,2,1,2,1,4,3,4,2,2,4,4,1,2,2,4,3,2,3,4,4,1,2,3,1,2,1,4,2,1,1,3,1,2,2,3,2,4,2,2,1,1,2,3,1,3,2,2,4,1,2,4,1,2,2,1,1,1,2,2,4,3,1,2,2,1,3,1,3,2,3,4,2,4,1,1,1,3,2,1,1,2,1,4,2,2,2,4,2,4,2,3,1,3,1,4,3,2,1,1,3,4,3,4,4,1,3,3,4,3,2,2,3,3,4,2,2,1,4,1,2,4,3,4,3,3,4,3,1,2,3,1,3,2,1,2,2,1,1,3,4,2,4,2,4,1,1,2,3,3,3,3,4,1,4,4,4,2,1,2,3,1,2,2,4,2,2,3,3,2,2,2,4,4,4,3,1,4,4,2,4,1,3,4,3,4,3,3,4,4,3,1,1,1,1,4,2,3,1,1,2,2,4,3,3,2,2,2,4,3,2,1,3,3,1,1,3,3,2,4,4,2,1,1,1,1,2,3,2,1,2,4,4,1,2,4,3,1,2,1,4,3,4,1,3,2,4,3,1,2,1,1,2,3,3,2,2,1,1,4,2,4,2,4,1,1,3,4,2,4,1,3,4,1,2,3,1,2,4,2,2,2,3,1,1,2,4,4,1,4,2,1,1,4,1,3,2,3,1,4,3,3,3,4,4,1,4,3,1,4,2,4,4,1,1,1,2,2,4,4,1,1,2,2,1,4,2,1,1,1,2,4,2,4,2,1,1,3,1,4,1,3,1,1,2,4,3,2,3,1,3,2,1,2,4,4,4,3,4,3,3,2,1,1,2,4,2,2,1,3,2,2,3,1,4,2,4,4,2,4,2,3,3,3,3,1,3,2,2,2,4,2,1,1,1,1,1,1,3,1,4,1,2,2,4,1,3,3,3,3,1,4,3,1,1,1,1,1,2,1,1,1,2,2,4,4,1,3,1,4,3,3,4,1,4,3,2,1,4,4,4,2,2,1,1,1,4,2,1,2,3,1,2,1,2,2,4,3,1,2,1,2,3,2,2,1,3,2,1,2,1,3,4,3,1,3,1,1,3,4,3,1,4,1,4,3,3,1,4,1,4,1,3,2,1,2,3,2,4,2,1,2,4,3,4,1,4,2,2,4,2,2,1,1,1,3,3,1,4,4,4,1,3,2,4,1,1,2,3,3,1,2,3,2,2,1,2,2,2,4,2,2,1,3,3,2,1,1,2,2,3,3,3,2,3,1,4,4,4,1,4,2,2,4,4,3,1,3,1,3,2,1,4,1,1,3,4,3,4,3,1,3,3,1,1,1,4,1,3,3,1,1,3,1,1,4,1,4,2,4,1,1,3,1,1,1,4,4,2,4,3,4,1,4,1,3,2,2,2,2,1,1,4,1,2,1,3,3,3,2,4,1,4,1,2,3,2,3,4,4,2,2,1,4,3,4,1,2,3,1,2,3,1,2,4,2,2,1,1,1,2,2,4,1,4,3,4,1,3,2,2,3,1,4,2,3,4,4,2,1,1,3,3,1,3,1,2,4,3,2,1,3,2,3,2,1,4,2,1,3,4,4,3,4,3,3,1,3,1,2,2,3,1,2,1,2,3,2,3,3,2,3,1,1,1,4,2,2,4,2,1,4,4,1,2,3,3,2,3,4,3,2,2,2,4,2,3,2,2,2,4,4,4,4,1,1,3,2,4,4,2,2,1,2,1,2,2,4,4,1,2,4,1,4,3,1,3,2,1,3,2,1,2,3,1,2,2,4,3,1,1,2,3,2,2,1,2,1,1,4,1,4,2,1,1,4,4,1,3,3,4,1,2,2,3,3,2,4,1,3,1,4,4,3,4,2,4,3,4,4,3,3,1,2,3,4,1,4,2,4,1,2,4,1,4,2,4,4,1,4,3,2,1,3,3,2,1,3,4,3,2,3,1,3,3,2,3,3,1,2,2,2,2,4,4,4,2,2,4,2,3,1,2,3,3,4,1,2,2,1,3,2,2,1,3,3,3,2,3,1,4,4,1,1,1,3,1,2,4,2,2,3,3,4,3,3,4,1,4,4,1,1,4,1,1,4,1,2,3,3,4,3,2,1,4,3,2,1,1,2,3,4,1,4,1,1,1,3,3,2,4,4,2,3,4,2,1,4,3,4,1,3,3,2,3,2,3,1,1,1,1,1,4,1,3,2,4,3,1,1,3,4,2,2,2,2,1,4,1,4,2,3,3,1,3,1,1,4,2,2,2,2,4,2,2,3,2,2,1,1,2,1,3,3,3,4,3,2,3,3,3,3,1,3,3,1,1,4,2,4,1,1,1,4,3,2,2,3,2,3,4,1,3,3,1,1,2,3,1,2,4,3,4,1,1,3,4,1,3,3,3,1,1,3,2,3,3,3,2,4,1,1,4,3,3,1,3,4,1,2,3,4,1,1,2,3,2,4,1,1,2,2,2,3,1,3,4,3,2,4,4,3,3,2,2,4,2,1,1,4,3,3,1,3,2,1,4,3,4,4,3,3,1,1,4,4,1,4,2,3,3,2,1,1,4,4,1,4,2,3,2,3,3,4,4,3,4,2,1,4,4,4,1,2,3,2,4,1,2,4,4,3,1,3,2,3,2,4,1,1,4,1,3,2,2,2,3,2,1,2,3,1,4,1,3,1,2,3,4,2,3,3,4,4,3,4,4,2,3,1,2,3,3,2,4,1,1,3,3,1,3,1,4,1,1,1,3,4,2,2,1,3,2,2,1,1,3,2,1,4,4,4,1,3,4,4,4,1,1,1,4,1,1,3,1,2,1,1,2,2,1,3,4,2,3,1,1,2,2,3,1,2,2,4,2,3,1,2,4,2,1,1,1,4,1,1,2,2,3,2,1,1,3,1,3,3,1,2,2,2,3,2,3,4,3,1,1,2,1,2,4,3,1,2,4,1,3,4,3,4,4,3,2,3,3,1,3,3,1,2,3,1,2,2,3,2,3,2,2,2,3,2,4,1,1,4,2,1,4,2,3,3,1,1,4,1,2,4,2,1,3,2,4,3,1,2,1,2,3,4,1,3,3,4,4,3,2,3,3,2,1,3,2,1,2,2,2,1,1,3,3,3,3,3,1,4,2,3,2,2,3,2,2,4,2,2,4,2,2,2,2,2,2,1,4,1,1,4,4,2,3,3,1,2,3,4,4,3,2,2,1,4,2,4,1,2,2,3,4,2,1,4,2,4,1,3,3,1,4,1,3,4,4,2,2,2,2,2,1,1,4,4,2,3,3,4,4,4,2,4,2,1,4,3,2,1,1,2,2,1,1,1,2,4,1,1,3,4,2,1,2,4,4,4,3,1,4,2,3,4,4,2,3,2,1,4,2,3,1,4,4,3,2,2,4,1,2,3,4,1,3,1,1,4,1,2,2,1,4,4,1,2,2,4,4,3,3,1,1,4,4,3,1"
175,0.9875909492720556,0.4509803921568627,2338.0,"3,1,1,3,1,3,4,4,4,3,1,1,1,1,1,1,3,2,1,3,3,3,3,1,4,4,3,2,1,2,4,2,3,2,1,3,1,4,4,1,2,2,1,3,1,2,4,4,1,2,4,1,2,1,4,2,3,4,3,4,3,3,1,1,2,1,1,2,1,4,3,3,1,1,2,1,4,3,2,2,2,1,1,1,2,2,3,3,1,1,3,4,3,1,1,1,1,3,1,1,3,4,3,1,1,2,1,4,1,3,1,1,2,1,1,3,4,2,4,4,1,2,3,4,1,3,4,1,4,2,2,1,3,1,4,3,2,3,2,3,3,3,4,4,1,1,2,4,2,1,2,1,4,3,4,2,2,4,4,1,2,2,4,3,2,3,4,4,1,2,3,1,2,1,4,2,1,1,3,1,2,2,3,2,4,2,2,1,1,2,3,1,3,2,2,4,1,2,4,1,2,2,1,1,1,2,2,4,3,1,2,2,1,3,1,3,2,3,4,2,4,1,1,1,3,2,1,1,2,1,4,2,2,2,4,2,4,2,3,1,3,1,4,3,2,1,1,3,4,3,4,4,1,3,3,4,3,2,2,3,3,4,2,2,1,4,1,2,4,3,4,3,3,4,3,1,2,3,1,3,2,1,2,2,1,1,3,4,2,4,2,4,1,1,2,3,3,3,3,4,1,4,4,4,2,1,2,3,1,2,2,4,2,2,3,3,2,2,2,4,4,4,3,1,4,4,2,4,1,3,4,3,4,3,3,4,4,3,1,1,1,1,4,2,3,1,1,2,2,4,3,3,2,2,2,4,3,2,1,3,3,1,1,3,3,2,4,4,2,1,1,1,1,2,3,2,1,2,4,4,1,2,4,3,1,2,1,4,3,4,1,3,2,4,3,1,2,1,1,2,3,3,2,2,1,1,4,2,4,2,4,1,1,3,4,2,4,1,3,4,1,2,3,1,2,4,2,2,2,3,1,1,2,4,4,1,4,2,1,1,4,1,3,2,3,1,4,3,3,3,4,4,1,4,3,1,4,2,4,4,1,1,1,2,2,4,4,1,1,2,2,1,4,2,1,1,1,2,4,2,4,2,1,1,3,1,4,1,3,1,1,2,4,3,2,3,1,3,2,1,2,4,4,4,3,4,3,3,2,1,1,2,4,2,2,1,3,2,2,3,1,4,2,4,4,2,4,2,3,3,3,3,1,3,2,2,2,4,2,1,1,1,1,1,1,3,1,4,1,2,2,4,1,3,3,3,3,1,4,3,1,1,1,1,1,2,1,1,1,2,2,4,4,1,3,1,4,3,3,4,1,4,3,2,1,4,4,4,2,2,1,1,1,4,2,1,2,3,1,2,1,2,2,4,3,1,2,1,2,3,2,2,1,3,2,1,2,1,3,4,3,1,3,1,1,3,4,3,1,4,1,4,3,3,1,4,1,4,1,3,2,1,2,3,2,4,2,1,2,4,3,4,1,4,2,2,4,2,2,1,1,1,3,3,1,4,4,4,1,3,2,4,1,1,2,3,3,1,2,3,2,2,1,2,2,2,4,2,2,1,3,3,2,1,1,2,2,3,3,3,2,3,1,4,4,4,1,4,2,2,4,4,3,1,3,1,3,2,1,4,1,1,3,4,3,4,3,1,3,3,1,1,1,4,1,3,3,1,1,3,1,1,4,1,4,2,4,1,1,3,1,1,1,4,4,2,4,3,4,1,4,1,3,2,2,2,2,1,1,4,1,2,1,3,3,3,2,4,1,4,1,2,3,2,3,4,4,2,2,1,4,3,4,1,2,3,1,2,3,1,2,4,2,2,1,1,1,2,2,4,1,4,3,4,1,3,2,2,3,1,4,2,3,4,4,2,1,1,3,3,1,3,1,2,4,3,2,1,3,2,3,2,1,4,2,1,3,4,4,3,4,3,3,1,3,1,2,2,3,1,2,1,2,3,2,3,3,2,3,1,1,1,4,2,2,4,2,1,4,4,1,2,3,3,2,3,4,3,2,2,2,4,2,3,2,2,2,4,4,4,4,1,1,3,2,4,4,2,2,1,2,1,2,2,4,4,1,2,4,1,4,3,1,3,2,1,3,2,1,2,3,1,2,2,4,3,1,1,2,3,2,2,1,2,1,1,4,1,4,2,1,1,4,4,1,3,3,4,1,2,2,3,3,2,4,1,3,1,4,4,3,4,2,4,3,4,4,3,3,1,2,3,4,1,4,2,4,1,2,4,1,4,2,4,4,1,4,3,2,1,3,3,2,1,3,4,3,2,3,1,3,3,2,3,3,1,2,2,2,2,4,4,4,2,2,4,2,3,1,2,3,3,4,1,2,2,1,3,2,2,1,3,3,3,2,3,1,4,4,1,1,1,3,1,2,4,2,2,3,3,4,3,3,4,1,4,4,1,1,4,1,1,4,1,2,3,3,4,3,2,1,4,3,2,1,1,2,3,4,1,4,1,1,1,3,3,2,4,4,2,3,4,2,1,4,3,4,1,3,3,2,3,2,3,1,1,1,1,1,4,1,3,2,4,3,1,1,3,4,2,2,2,2,1,4,1,4,2,3,3,1,3,1,1,4,2,2,2,2,4,2,2,3,2,2,1,1,2,1,3,3,3,4,3,2,3,3,3,3,1,3,3,1,1,4,2,4,1,1,1,4,3,2,2,3,2,3,4,1,3,3,1,1,2,3,1,2,4,3,4,1,1,3,4,1,3,3,3,1,1,3,2,3,3,3,2,4,1,1,4,3,3,1,3,4,1,2,3,4,1,1,2,3,2,4,1,1,2,2,2,3,1,3,4,3,2,4,4,3,3,2,2,4,2,1,1,4,3,3,1,3,2,1,4,3,4,4,3,3,1,1,4,4,1,4,2,3,3,2,1,1,4,4,1,4,2,3,2,3,3,4,4,3,4,2,1,4,4,4,1,2,3,2,4,1,2,4,4,3,1,3,2,3,2,4,1,1,4,1,3,2,2,2,3,2,1,2,3,1,4,1,3,1,2,3,4,2,3,3,4,4,3,4,4,2,3,1,2,3,3,2,4,1,1,3,3,1,3,1,4,1,1,1,3,4,2,2,1,3,2,2,1,1,3,2,1,4,4,4,1,3,4,4,4,1,1,1,4,1,1,3,1,2,1,1,2,2,1,3,4,2,3,1,1,2,2,3,1,2,2,4,2,3,1,2,4,2,1,1,1,4,1,1,2,2,3,2,1,1,3,1,3,3,1,2,2,2,3,2,3,4,3,1,1,2,1,2,4,3,1,2,4,1,3,4,3,4,4,3,2,3,3,1,3,3,1,2,3,1,2,2,3,2,3,2,2,2,3,2,4,1,1,4,2,1,4,2,3,3,1,1,4,1,2,4,2,1,3,2,4,3,1,2,1,2,3,4,1,3,3,4,4,3,2,3,3,2,1,3,2,1,2,2,2,1,1,3,3,3,3,3,1,4,2,3,2,2,3,2,2,4,2,2,4,2,2,2,2,2,2,1,4,1,1,4,4,2,3,3,1,2,3,4,4,3,2,2,1,4,2,4,1,2,2,3,4,2,1,4,2,4,1,3,3,1,4,1,3,4,4,2,2,2,2,2,1,1,4,4,2,3,3,4,4,4,2,4,2,1,4,3,2,1,1,2,2,1,1,1,2,4,1,1,3,4,2,1,2,4,4,4,3,1,4,2,3,4,4,2,3,2,1,4,2,3,1,4,4,3,2,2,4,1,2,3,4,1,3,1,1,4,1,2,2,1,4,4,1,2,2,4,4,3,3,1,1,4,4,3,1"
176,0.9875909492720556,0.4509803921568627,2338.0,"3,1,1,3,1,3,4,4,4,3,1,1,1,1,1,1,3,2,1,3,3,3,3,1,4,4,3,2,1,2,4,2,3,2,1,3,1,4,4,1,2,2,1,3,1,2,4,4,1,2,4,1,2,1,4,2,3,4,3,4,3,3,1,1,2,1,1,2,1,4,3,3,1,1,2,1,4,3,2,2,2,1,1,1,2,2,3,3,1,1,3,4,3,1,1,1,1,3,1,1,3,4,3,1,1,2,1,4,1,3,1,1,2,1,1,3,4,2,4,4,1,2,3,4,1,3,4,1,4,2,2,1,3,1,4,3,2,3,2,3,3,3,4,4,1,1,2,4,2,1,2,1,4,3,4,2,2,4,4,1,2,2,4,3,2,3,4,4,1,2,3,1,2,1,4,2,1,1,3,1,2,2,3,2,4,2,2,1,1,2,3,1,3,2,2,4,1,2,4,1,2,2,1,1,1,2,2,4,3,1,2,2,1,3,1,3,2,3,4,2,4,1,1,1,3,2,1,1,2,1,4,2,2,2,4,2,4,2,3,1,3,1,4,3,2,1,1,3,4,3,4,4,1,3,3,4,3,2,2,3,3,4,2,2,1,4,1,2,4,3,4,3,3,4,3,1,2,3,1,3,2,1,2,2,1,1,3,4,2,4,2,4,1,1,2,3,3,3,3,4,1,4,4,4,2,1,2,3,1,2,2,4,2,2,3,3,2,2,2,4,4,4,3,1,4,4,2,4,1,3,4,3,4,3,3,4,4,3,1,1,1,1,4,2,3,1,1,2,2,4,3,3,2,2,2,4,3,2,1,3,3,1,1,3,3,2,4,4,2,1,1,1,1,2,3,2,1,2,4,4,1,2,4,3,1,2,1,4,3,4,1,3,2,4,3,1,2,1,1,2,3,3,2,2,1,1,4,2,4,2,4,1,1,3,4,2,4,1,3,4,1,2,3,1,2,4,2,2,2,3,1,1,2,4,4,1,4,2,1,1,4,1,3,2,3,1,4,3,3,3,4,4,1,4,3,1,4,2,4,4,1,1,1,2,2,4,4,1,1,2,2,1,4,2,1,1,1,2,4,2,4,2,1,1,3,1,4,1,3,1,1,2,4,3,2,3,1,3,2,1,2,4,4,4,3,4,3,3,2,1,1,2,4,2,2,1,3,2,2,3,1,4,2,4,4,2,4,2,3,3,3,3,1,3,2,2,2,4,2,1,1,1,1,1,1,3,1,4,1,2,2,4,1,3,3,3,3,1,4,3,1,1,1,1,1,2,1,1,1,2,2,4,4,1,3,1,4,3,3,4,1,4,3,2,1,4,4,4,2,2,1,1,1,4,2,1,2,3,1,2,1,2,2,4,3,1,2,1,2,3,2,2,1,3,2,1,2,1,3,4,3,1,3,1,1,3,4,3,1,4,1,4,3,3,1,4,1,4,1,3,2,1,2,3,2,4,2,1,2,4,3,4,1,4,2,2,4,2,2,1,1,1,3,3,1,4,4,4,1,3,2,4,1,1,2,3,3,1,2,3,2,2,1,2,2,2,4,2,2,1,3,3,2,1,1,2,2,3,3,3,2,3,1,4,4,4,1,4,2,2,4,4,3,1,3,1,3,2,1,4,1,1,3,4,3,4,3,1,3,3,1,1,1,4,1,3,3,1,1,3,1,1,4,1,4,2,4,1,1,3,1,1,1,4,4,2,4,3,4,1,4,1,3,2,2,2,2,1,1,4,1,2,1,3,3,3,2,4,1,4,1,2,3,2,3,4,4,2,2,1,4,3,4,1,2,3,1,2,3,1,2,4,2,2,1,1,1,2,2,4,1,4,3,4,1,3,2,2,3,1,4,2,3,4,4,2,1,1,3,3,1,3,1,2,4,3,2,1,3,2,3,2,1,4,2,1,3,4,4,3,4,3,3,1,3,1,2,2,3,1,2,1,2,3,2,3,3,2,3,1,1,1,4,2,2,4,2,1,4,4,1,2,3,3,2,3,4,3,2,2,2,4,2,3,2,2,2,4,4,4,4,1,1,3,2,4,4,2,2,1,2,1,2,2,4,4,1,2,4,1,4,3,1,3,2,1,3,2,1,2,3,1,2,2,4,3,1,1,2,3,2,2,1,2,1,1,4,1,4,2,1,1,4,4,1,3,3,4,1,2,2,3,3,2,4,1,3,1,4,4,3,4,2,4,3,4,4,3,3,1,2,3,4,1,4,2,4,1,2,4,1,4,2,4,4,1,4,3,2,1,3,3,2,1,3,4,3,2,3,1,3,3,2,3,3,1,2,2,2,2,4,4,4,2,2,4,2,3,1,2,3,3,4,1,2,2,1,3,2,2,1,3,3,3,2,3,1,4,4,1,1,1,3,1,2,4,2,2,3,3,4,3,3,4,1,4,4,1,1,4,1,1,4,1,2,3,3,4,3,2,1,4,3,2,1,1,2,3,4,1,4,1,1,1,3,3,2,4,4,2,3,4,2,1,4,3,4,1,3,3,2,3,2,3,1,1,1,1,1,4,1,3,2,4,3,1,1,3,4,2,2,2,2,1,4,1,4,2,3,3,1,3,1,1,4,2,2,2,2,4,2,2,3,2,2,1,1,2,1,3,3,3,4,3,2,3,3,3,3,1,3,3,1,1,4,2,4,1,1,1,4,3,2,2,3,2,3,4,1,3,3,1,1,2,3,1,2,4,3,4,1,1,3,4,1,3,3,3,1,1,3,2,3,3,3,2,4,1,1,4,3,3,1,3,4,1,2,3,4,1,1,2,3,2,4,1,1,2,2,2,3,1,3,4,3,2,4,4,3,3,2,2,4,2,1,1,4,3,3,1,3,2,1,4,3,4,4,3,3,1,1,4,4,1,4,2,3,3,2,1,1,4,4,1,4,2,3,2,3,3,4,4,3,4,2,1,4,4,4,1,2,3,2,4,1,2,4,4,3,1,3,2,3,2,4,1,1,4,1,3,2,2,2,3,2,1,2,3,1,4,1,3,1,2,3,4,2,3,3,4,4,3,4,4,2,3,1,2,3,3,2,4,1,1,3,3,1,3,1,4,1,1,1,3,4,2,2,1,3,2,2,1,1,3,2,1,4,4,4,1,3,4,4,4,1,1,1,4,1,1,3,1,2,1,1,2,2,1,3,4,2,3,1,1,2,2,3,1,2,2,4,2,3,1,2,4,2,1,1,1,4,1,1,2,2,3,2,1,1,3,1,3,3,1,2,2,2,3,2,3,4,3,1,1,2,1,2,4,3,1,2,4,1,3,4,3,4,4,3,2,3,3,1,3,3,1,2,3,1,2,2,3,2,3,2,2,2,3,2,4,1,1,4,2,1,4,2,3,3,1,1,4,1,2,4,2,1,3,2,4,3,1,2,1,2,3,4,1,3,3,4,4,3,2,3,3,2,1,3,2,1,2,2,2,1,1,3,3,3,3,3,1,4,2,3,2,2,3,2,2,4,2,2,4,2,2,2,2,2,2,1,4,1,1,4,4,2,3,3,1,2,3,4,4,3,2,2,1,4,2,4,1,2,2,3,4,2,1,4,2,4,1,3,3,1,4,1,3,4,4,2,2,2,2,2,1,1,4,4,2,3,3,4,4,4,2,4,2,1,4,3,2,1,1,2,2,1,1,1,2,4,1,1,3,4,2,1,2,4,4,4,3,1,4,2,3,4,4,2,3,2,1,4,2,3,1,4,4,3,2,2,4,1,2,3,4,1,3,1,1,4,1,2,2,1,4,4,1,2,2,4,4,3,3,1,1,4,4,3,1"
177,0.9875909492720556,0.4509803921568627,2338.0,"3,1,1,3,1,3,4,4,4,3,1,1,1,1,1,1,3,2,1,3,3,3,3,1,4,4,3,2,1,2,4,2,3,2,1,3,1,4,4,1,2,2,1,3,1,2,4,4,1,2,4,1,2,1,4,2,3,4,3,4,3,3,1,1,2,1,1,2,1,4,3,3,1,1,2,1,4,3,2,2,2,1,1,1,2,2,3,3,1,1,3,4,3,1,1,1,1,3,1,1,3,4,3,1,1,2,1,4,1,3,1,1,2,1,1,3,4,2,4,4,1,2,3,4,1,3,4,1,4,2,2,1,3,1,4,3,2,3,2,3,3,3,4,4,1,1,2,4,2,1,2,1,4,3,4,2,2,4,4,1,2,2,4,3,2,3,4,4,1,2,3,1,2,1,4,2,1,1,3,1,2,2,3,2,4,2,2,1,1,2,3,1,3,2,2,4,1,2,4,1,2,2,1,1,1,2,2,4,3,1,2,2,1,3,1,3,2,3,4,2,4,1,1,1,3,2,1,1,2,1,4,2,2,2,4,2,4,2,3,1,3,1,4,3,2,1,1,3,4,3,4,4,1,3,3,4,3,2,2,3,3,4,2,2,1,4,1,2,4,3,4,3,3,4,3,1,2,3,1,3,2,1,2,2,1,1,3,4,2,4,2,4,1,1,2,3,3,3,3,4,1,4,4,4,2,1,2,3,1,2,2,4,2,2,3,3,2,2,2,4,4,4,3,1,4,4,2,4,1,3,4,3,4,3,3,4,4,3,1,1,1,1,4,2,3,1,1,2,2,4,3,3,2,2,2,4,3,2,1,3,3,1,1,3,3,2,4,4,2,1,1,1,1,2,3,2,1,2,4,4,1,2,4,3,1,2,1,4,3,4,1,3,2,4,3,1,2,1,1,2,3,3,2,2,1,1,4,2,4,2,4,1,1,3,4,2,4,1,3,4,1,2,3,1,2,4,2,2,2,3,1,1,2,4,4,1,4,2,1,1,4,1,3,2,3,1,4,3,3,3,4,4,1,4,3,1,4,2,4,4,1,1,1,2,2,4,4,1,1,2,2,1,4,2,1,1,1,2,4,2,4,2,1,1,3,1,4,1,3,1,1,2,4,3,2,3,1,3,2,1,2,4,4,4,3,4,3,3,2,1,1,2,4,2,2,1,3,2,2,3,1,4,2,4,4,2,4,2,3,3,3,3,1,3,2,2,2,4,2,1,1,1,1,1,1,3,1,4,1,2,2,4,1,3,3,3,3,1,4,3,1,1,1,1,1,2,1,1,1,2,2,4,4,1,3,1,4,3,3,4,1,4,3,2,1,4,4,4,2,2,1,1,1,4,2,1,2,3,1,2,1,2,2,4,3,1,2,1,2,3,2,2,1,3,2,1,2,1,3,4,3,1,3,1,1,3,4,3,1,4,1,4,3,3,1,4,1,4,1,3,2,1,2,3,2,4,2,1,2,4,3,4,1,4,2,2,4,2,2,1,1,1,3,3,1,4,4,4,1,3,2,4,1,1,2,3,3,1,2,3,2,2,1,2,2,2,4,2,2,1,3,3,2,1,1,2,2,3,3,3,2,3,1,4,4,4,1,4,2,2,4,4,3,1,3,1,3,2,1,4,1,1,3,4,3,4,3,1,3,3,1,1,1,4,1,3,3,1,1,3,1,1,4,1,4,2,4,1,1,3,1,1,1,4,4,2,4,3,4,1,4,1,3,2,2,2,2,1,1,4,1,2,1,3,3,3,2,4,1,4,1,2,3,2,3,4,4,2,2,1,4,3,4,1,2,3,1,2,3,1,2,4,2,2,1,1,1,2,2,4,1,4,3,4,1,3,2,2,3,1,4,2,3,4,4,2,1,1,3,3,1,3,1,2,4,3,2,1,3,2,3,2,1,4,2,1,3,4,4,3,4,3,3,1,3,1,2,2,3,1,2,1,2,3,2,3,3,2,3,1,1,1,4,2,2,4,2,1,4,4,1,2,3,3,2,3,4,3,2,2,2,4,2,3,2,2,2,4,4,4,4,1,1,3,2,4,4,2,2,1,2,1,2,2,4,4,1,2,4,1,4,3,1,3,2,1,3,2,1,2,3,1,2,2,4,3,1,1,2,3,2,2,1,2,1,1,4,1,4,2,1,1,4,4,1,3,3,4,1,2,2,3,3,2,4,1,3,1,4,4,3,4,2,4,3,4,4,3,3,1,2,3,4,1,4,2,4,1,2,4,1,4,2,4,4,1,4,3,2,1,3,3,2,1,3,4,3,2,3,1,3,3,2,3,3,1,2,2,2,2,4,4,4,2,2,4,2,3,1,2,3,3,4,1,2,2,1,3,2,2,1,3,3,3,2,3,1,4,4,1,1,1,3,1,2,4,2,2,3,3,4,3,3,4,1,4,4,1,1,4,1,1,4,1,2,3,3,4,3,2,1,4,3,2,1,1,2,3,4,1,4,1,1,1,3,3,2,4,4,2,3,4,2,1,4,3,4,1,3,3,2,3,2,3,1,1,1,1,1,4,1,3,2,4,3,1,1,3,4,2,2,2,2,1,4,1,4,2,3,3,1,3,1,1,4,2,2,2,2,4,2,2,3,2,2,1,1,2,1,3,3,3,4,3,2,3,3,3,3,1,3,3,1,1,4,2,4,1,1,1,4,3,2,2,3,2,3,4,1,3,3,1,1,2,3,1,2,4,3,4,1,1,3,4,1,3,3,3,1,1,3,2,3,3,3,2,4,1,1,4,3,3,1,3,4,1,2,3,4,1,1,2,3,2,4,1,1,2,2,2,3,1,3,4,3,2,4,4,3,3,2,2,4,2,1,1,4,3,3,1,3,2,1,4,3,4,4,3,3,1,1,4,4,1,4,2,3,3,2,1,1,4,4,1,4,2,3,2,3,3,4,4,3,4,2,1,4,4,4,1,2,3,2,4,1,2,4,4,3,1,3,2,3,2,4,1,1,4,1,3,2,2,2,3,2,1,2,3,1,4,1,3,1,2,3,4,2,3,3,4,4,3,4,4,2,3,1,2,3,3,2,4,1,1,3,3,1,3,1,4,1,1,1,3,4,2,2,1,3,2,2,1,1,3,2,1,4,4,4,1,3,4,4,4,1,1,1,4,1,1,3,1,2,1,1,2,2,1,3,4,2,3,1,1,2,2,3,1,2,2,4,2,3,1,2,4,2,1,1,1,4,1,1,2,2,3,2,1,1,3,1,3,3,1,2,2,2,3,2,3,4,3,1,1,2,1,2,4,3,1,2,4,1,3,4,3,4,4,3,2,3,3,1,3,3,1,2,3,1,2,2,3,2,3,2,2,2,3,2,4,1,1,4,2,1,4,2,3,3,1,1,4,1,2,4,2,1,3,2,4,3,1,2,1,2,3,4,1,3,3,4,4,3,2,3,3,2,1,3,2,1,2,2,2,1,1,3,3,3,3,3,1,4,2,3,2,2,3,2,2,4,2,2,4,2,2,2,2,2,2,1,4,1,1,4,4,2,3,3,1,2,3,4,4,3,2,2,1,4,2,4,1,2,2,3,4,2,1,4,2,4,1,3,3,1,4,1,3,4,4,2,2,2,2,2,1,1,4,4,2,3,3,4,4,4,2,4,2,1,4,3,2,1,1,2,2,1,1,1,2,4,1,1,3,4,2,1,2,4,4,4,3,1,4,2,3,4,4,2,3,2,1,4,2,3,1,4,4,3,2,2,4,1,2,3,4,1,3,1,1,4,1,2,2,1,4,4,1,2,2,4,4,3,3,1,1,4,4,3,1"
178,0.9875909492720556,0.4509803921568627,2338.0,"3,1,1,3,1,3,4,4,4,3,1,1,1,1,1,1,3,2,1,3,3,3,3,1,4,4,3,2,1,2,4,2,3,2,1,3,1,4,4,1,2,2,1,3,1,2,4,4,1,2,4,1,2,1,4,2,3,4,3,4,3,3,1,1,2,1,1,2,1,4,3,3,1,1,2,1,4,3,2,2,2,1,1,1,2,2,3,3,1,1,3,4,3,1,1,1,1,3,1,1,3,4,3,1,1,2,1,4,1,3,1,1,2,1,1,3,4,2,4,4,1,2,3,4,1,3,4,1,4,2,2,1,3,1,4,3,2,3,2,3,3,3,4,4,1,1,2,4,2,1,2,1,4,3,4,2,2,4,4,1,2,2,4,3,2,3,4,4,1,2,3,1,2,1,4,2,1,1,3,1,2,2,3,2,4,2,2,1,1,2,3,1,3,2,2,4,1,2,4,1,2,2,1,1,1,2,2,4,3,1,2,2,1,3,1,3,2,3,4,2,4,1,1,1,3,2,1,1,2,1,4,2,2,2,4,2,4,2,3,1,3,1,4,3,2,1,1,3,4,3,4,4,1,3,3,4,3,2,2,3,3,4,2,2,1,4,1,2,4,3,4,3,3,4,3,1,2,3,1,3,2,1,2,2,1,1,3,4,2,4,2,4,1,1,2,3,3,3,3,4,1,4,4,4,2,1,2,3,1,2,2,4,2,2,3,3,2,2,2,4,4,4,3,1,4,4,2,4,1,3,4,3,4,3,3,4,4,3,1,1,1,1,4,2,3,1,1,2,2,4,3,3,2,2,2,4,3,2,1,3,3,1,1,3,3,2,4,4,2,1,1,1,1,2,3,2,1,2,4,4,1,2,4,3,1,2,1,4,3,4,1,3,2,4,3,1,2,1,1,2,3,3,2,2,1,1,4,2,4,2,4,1,1,3,4,2,4,1,3,4,1,2,3,1,2,4,2,2,2,3,1,1,2,4,4,1,4,2,1,1,4,1,3,2,3,1,4,3,3,3,4,4,1,4,3,1,4,2,4,4,1,1,1,2,2,4,4,1,1,2,2,1,4,2,1,1,1,2,4,2,4,2,1,1,3,1,4,1,3,1,1,2,4,3,2,3,1,3,2,1,2,4,4,4,3,4,3,3,2,1,1,2,4,2,2,1,3,2,2,3,1,4,2,4,4,2,4,2,3,3,3,3,1,3,2,2,2,4,2,1,1,1,1,1,1,3,1,4,1,2,2,4,1,3,3,3,3,1,4,3,1,1,1,1,1,2,1,1,1,2,2,4,4,1,3,1,4,3,3,4,1,4,3,2,1,4,4,4,2,2,1,1,1,4,2,1,2,3,1,2,1,2,2,4,3,1,2,1,2,3,2,2,1,3,2,1,2,1,3,4,3,1,3,1,1,3,4,3,1,4,1,4,3,3,1,4,1,4,1,3,2,1,2,3,2,4,2,1,2,4,3,4,1,4,2,2,4,2,2,1,1,1,3,3,1,4,4,4,1,3,2,4,1,1,2,3,3,1,2,3,2,2,1,2,2,2,4,2,2,1,3,3,2,1,1,2,2,3,3,3,2,3,1,4,4,4,1,4,2,2,4,4,3,1,3,1,3,2,1,4,1,1,3,4,3,4,3,1,3,3,1,1,1,4,1,3,3,1,1,3,1,1,4,1,4,2,4,1,1,3,1,1,1,4,4,2,4,3,4,1,4,1,3,2,2,2,2,1,1,4,1,2,1,3,3,3,2,4,1,4,1,2,3,2,3,4,4,2,2,1,4,3,4,1,2,3,1,2,3,1,2,4,2,2,1,1,1,2,2,4,1,4,3,4,1,3,2,2,3,1,4,2,3,4,4,2,1,1,3,3,1,3,1,2,4,3,2,1,3,2,3,2,1,4,2,1,3,4,4,3,4,3,3,1,3,1,2,2,3,1,2,1,2,3,2,3,3,2,3,1,1,1,4,2,2,4,2,1,4,4,1,2,3,3,2,3,4,3,2,2,2,4,2,3,2,2,2,4,4,4,4,1,1,3,2,4,4,2,2,1,2,1,2,2,4,4,1,2,4,1,4,3,1,3,2,1,3,2,1,2,3,1,2,2,4,3,1,1,2,3,2,2,1,2,1,1,4,1,4,2,1,1,4,4,1,3,3,4,1,2,2,3,3,2,4,1,3,1,4,4,3,4,2,4,3,4,4,3,3,1,2,3,4,1,4,2,4,1,2,4,1,4,2,4,4,1,4,3,2,1,3,3,2,1,3,4,3,2,3,1,3,3,2,3,3,1,2,2,2,2,4,4,4,2,2,4,2,3,1,2,3,3,4,1,2,2,1,3,2,2,1,3,3,3,2,3,1,4,4,1,1,1,3,1,2,4,2,2,3,3,4,3,3,4,1,4,4,1,1,4,1,1,4,1,2,3,3,4,3,2,1,4,3,2,1,1,2,3,4,1,4,1,1,1,3,3,2,4,4,2,3,4,2,1,4,3,4,1,3,3,2,3,2,3,1,1,1,1,1,4,1,3,2,4,3,1,1,3,4,2,2,2,2,1,4,1,4,2,3,3,1,3,1,1,4,2,2,2,2,4,2,2,3,2,2,1,1,2,1,3,3,3,4,3,2,3,3,3,3,1,3,3,1,1,4,2,4,1,1,1,4,3,2,2,3,2,3,4,1,3,3,1,1,2,3,1,2,4,3,4,1,1,3,4,1,3,3,3,1,1,3,2,3,3,3,2,4,1,1,4,3,3,1,3,4,1,2,3,4,1,1,2,3,2,4,1,1,2,2,2,3,1,3,4,3,2,4,4,3,3,2,2,4,2,1,1,4,3,3,1,3,2,1,4,3,4,4,3,3,1,1,4,4,1,4,2,3,3,2,1,1,4,4,1,4,2,3,2,3,3,4,4,3,4,2,1,4,4,4,1,2,3,2,4,1,2,4,4,3,1,3,2,3,2,4,1,1,4,1,3,2,2,2,3,2,1,2,3,1,4,1,3,1,2,3,4,2,3,3,4,4,3,4,4,2,3,1,2,3,3,2,4,1,1,3,3,1,3,1,4,1,1,1,3,4,2,2,1,3,2,2,1,1,3,2,1,4,4,4,1,3,4,4,4,1,1,1,4,1,1,3,1,2,1,1,2,2,1,3,4,2,3,1,1,2,2,3,1,2,2,4,2,3,1,2,4,2,1,1,1,4,1,1,2,2,3,2,1,1,3,1,3,3,1,2,2,2,3,2,3,4,3,1,1,2,1,2,4,3,1,2,4,1,3,4,3,4,4,3,2,3,3,1,3,3,1,2,3,1,2,2,3,2,3,2,2,2,3,2,4,1,1,4,2,1,4,2,3,3,1,1,4,1,2,4,2,1,3,2,4,3,1,2,1,2,3,4,1,3,3,4,4,3,2,3,3,2,1,3,2,1,2,2,2,1,1,3,3,3,3,3,1,4,2,3,2,2,3,2,2,4,2,2,4,2,2,2,2,2,2,1,4,1,1,4,4,2,3,3,1,2,3,4,4,3,2,2,1,4,2,4,1,2,2,3,4,2,1,4,2,4,1,3,3,1,4,1,3,4,4,2,2,2,2,2,1,1,4,4,2,3,3,4,4,4,2,4,2,1,4,3,2,1,1,2,2,1,1,1,2,4,1,1,3,4,2,1,2,4,4,4,3,1,4,2,3,4,4,2,3,2,1,4,2,3,1,4,4,3,2,2,4,1,2,3,4,1,3,1,1,4,1,2,2,1,4,4,1,2,2,4,4,3,3,1,1,4,4,3,1"
179,0.9875909492720556,0.4509803921568627,2338.0,"3,1,1,3,1,3,4,4,4,3,1,1,1,1,1,1,3,2,1,3,3,3,3,1,4,4,3,2,1,2,4,2,3,2,1,3,1,4,4,1,2,2,1,3,1,2,4,4,1,2,4,1,2,1,4,2,3,4,3,4,3,3,1,1,2,1,1,2,1,4,3,3,1,1,2,1,4,3,2,2,2,1,1,1,2,2,3,3,1,1,3,4,3,1,1,1,1,3,1,1,3,4,3,1,1,2,1,4,1,3,1,1,2,1,1,3,4,2,4,4,1,2,3,4,1,3,4,1,4,2,2,1,3,1,4,3,2,3,2,3,3,3,4,4,1,1,2,4,2,1,2,1,4,3,4,2,2,4,4,1,2,2,4,3,2,3,4,4,1,2,3,1,2,1,4,2,1,1,3,1,2,2,3,2,4,2,2,1,1,2,3,1,3,2,2,4,1,2,4,1,2,2,1,1,1,2,2,4,3,1,2,2,1,3,1,3,2,3,4,2,4,1,1,1,3,2,1,1,2,1,4,2,2,2,4,2,4,2,3,1,3,1,4,3,2,1,1,3,4,3,4,4,1,3,3,4,3,2,2,3,3,4,2,2,1,4,1,2,4,3,4,3,3,4,3,1,2,3,1,3,2,1,2,2,1,1,3,4,2,4,2,4,1,1,2,3,3,3,3,4,1,4,4,4,2,1,2,3,1,2,2,4,2,2,3,3,2,2,2,4,4,4,3,1,4,4,2,4,1,3,4,3,4,3,3,4,4,3,1,1,1,1,4,2,3,1,1,2,2,4,3,3,2,2,2,4,3,2,1,3,3,1,1,3,3,2,4,4,2,1,1,1,1,2,3,2,1,2,4,4,1,2,4,3,1,2,1,4,3,4,1,3,2,4,3,1,2,1,1,2,3,3,2,2,1,1,4,2,4,2,4,1,1,3,4,2,4,1,3,4,1,2,3,1,2,4,2,2,2,3,1,1,2,4,4,1,4,2,1,1,4,1,3,2,3,1,4,3,3,3,4,4,1,4,3,1,4,2,4,4,1,1,1,2,2,4,4,1,1,2,2,1,4,2,1,1,1,2,4,2,4,2,1,1,3,1,4,1,3,1,1,2,4,3,2,3,1,3,2,1,2,4,4,4,3,4,3,3,2,1,1,2,4,2,2,1,3,2,2,3,1,4,2,4,4,2,4,2,3,3,3,3,1,3,2,2,2,4,2,1,1,1,1,1,1,3,1,4,1,2,2,4,1,3,3,3,3,1,4,3,1,1,1,1,1,2,1,1,1,2,2,4,4,1,3,1,4,3,3,4,1,4,3,2,1,4,4,4,2,2,1,1,1,4,2,1,2,3,1,2,1,2,2,4,3,1,2,1,2,3,2,2,1,3,2,1,2,1,3,4,3,1,3,1,1,3,4,3,1,4,1,4,3,3,1,4,1,4,1,3,2,1,2,3,2,4,2,1,2,4,3,4,1,4,2,2,4,2,2,1,1,1,3,3,1,4,4,4,1,3,2,4,1,1,2,3,3,1,2,3,2,2,1,2,2,2,4,2,2,1,3,3,2,1,1,2,2,3,3,3,2,3,1,4,4,4,1,4,2,2,4,4,3,1,3,1,3,2,1,4,1,1,3,4,3,4,3,1,3,3,1,1,1,4,1,3,3,1,1,3,1,1,4,1,4,2,4,1,1,3,1,1,1,4,4,2,4,3,4,1,4,1,3,2,2,2,2,1,1,4,1,2,1,3,3,3,2,4,1,4,1,2,3,2,3,4,4,2,2,1,4,3,4,1,2,3,1,2,3,1,2,4,2,2,1,1,1,2,2,4,1,4,3,4,1,3,2,2,3,1,4,2,3,4,4,2,1,1,3,3,1,3,1,2,4,3,2,1,3,2,3,2,1,4,2,1,3,4,4,3,4,3,3,1,3,1,2,2,3,1,2,1,2,3,2,3,3,2,3,1,1,1,4,2,2,4,2,1,4,4,1,2,3,3,2,3,4,3,2,2,2,4,2,3,2,2,2,4,4,4,4,1,1,3,2,4,4,2,2,1,2,1,2,2,4,4,1,2,4,1,4,3,1,3,2,1,3,2,1,2,3,1,2,2,4,3,1,1,2,3,2,2,1,2,1,1,4,1,4,2,1,1,4,4,1,3,3,4,1,2,2,3,3,2,4,1,3,1,4,4,3,4,2,4,3,4,4,3,3,1,2,3,4,1,4,2,4,1,2,4,1,4,2,4,4,1,4,3,2,1,3,3,2,1,3,4,3,2,3,1,3,3,2,3,3,1,2,2,2,2,4,4,4,2,2,4,2,3,1,2,3,3,4,1,2,2,1,3,2,2,1,3,3,3,2,3,1,4,4,1,1,1,3,1,2,4,2,2,3,3,4,3,3,4,1,4,4,1,1,4,1,1,4,1,2,3,3,4,3,2,1,4,3,2,1,1,2,3,4,1,4,1,1,1,3,3,2,4,4,2,3,4,2,1,4,3,4,1,3,3,2,3,2,3,1,1,1,1,1,4,1,3,2,4,3,1,1,3,4,2,2,2,2,1,4,1,4,2,3,3,1,3,1,1,4,2,2,2,2,4,2,2,3,2,2,1,1,2,1,3,3,3,4,3,2,3,3,3,3,1,3,3,1,1,4,2,4,1,1,1,4,3,2,2,3,2,3,4,1,3,3,1,1,2,3,1,2,4,3,4,1,1,3,4,1,3,3,3,1,1,3,2,3,3,3,2,4,1,1,4,3,3,1,3,4,1,2,3,4,1,1,2,3,2,4,1,1,2,2,2,3,1,3,4,3,2,4,4,3,3,2,2,4,2,1,1,4,3,3,1,3,2,1,4,3,4,4,3,3,1,1,4,4,1,4,2,3,3,2,1,1,4,4,1,4,2,3,2,3,3,4,4,3,4,2,1,4,4,4,1,2,3,2,4,1,2,4,4,3,1,3,2,3,2,4,1,1,4,1,3,2,2,2,3,2,1,2,3,1,4,1,3,1,2,3,4,2,3,3,4,4,3,4,4,2,3,1,2,3,3,2,4,1,1,3,3,1,3,1,4,1,1,1,3,4,2,2,1,3,2,2,1,1,3,2,1,4,4,4,1,3,4,4,4,1,1,1,4,1,1,3,1,2,1,1,2,2,1,3,4,2,3,1,1,2,2,3,1,2,2,4,2,3,1,2,4,2,1,1,1,4,1,1,2,2,3,2,1,1,3,1,3,3,1,2,2,2,3,2,3,4,3,1,1,2,1,2,4,3,1,2,4,1,3,4,3,4,4,3,2,3,3,1,3,3,1,2,3,1,2,2,3,2,3,2,2,2,3,2,4,1,1,4,2,1,4,2,3,3,1,1,4,1,2,4,2,1,3,2,4,3,1,2,1,2,3,4,1,3,3,4,4,3,2,3,3,2,1,3,2,1,2,2,2,1,1,3,3,3,3,3,1,4,2,3,2,2,3,2,2,4,2,2,4,2,2,2,2,2,2,1,4,1,1,4,4,2,3,3,1,2,3,4,4,3,2,2,1,4,2,4,1,2,2,3,4,2,1,4,2,4,1,3,3,1,4,1,3,4,4,2,2,2,2,2,1,1,4,4,2,3,3,4,4,4,2,4,2,1,4,3,2,1,1,2,2,1,1,1,2,4,1,1,3,4,2,1,2,4,4,4,3,1,4,2,3,4,4,2,3,2,1,4,2,3,1,4,4,3,2,2,4,1,2,3,4,1,3,1,1,4,1,2,2,1,4,4,1,2,2,4,4,3,3,1,1,4,4,3,1"
180,0.9875909492720556,0.4509803921568627,2338.0,"3,1,1,3,1,3,4,4,4,3,1,1,1,1,1,1,3,2,1,3,3,3,3,1,4,4,3,2,1,2,4,2,3,2,1,3,1,4,4,1,2,2,1,3,1,2,4,4,1,2,4,1,2,1,4,2,3,4,3,4,3,3,1,1,2,1,1,2,1,4,3,3,1,1,2,1,4,3,2,2,2,1,1,1,2,2,3,3,1,1,3,4,3,1,1,1,1,3,1,1,3,4,3,1,1,2,1,4,1,3,1,1,2,1,1,3,4,2,4,4,1,2,3,4,1,3,4,1,4,2,2,1,3,1,4,3,2,3,2,3,3,3,4,4,1,1,2,4,2,1,2,1,4,3,4,2,2,4,4,1,2,2,4,3,2,3,4,4,1,2,3,1,2,1,4,2,1,1,3,1,2,2,3,2,4,2,2,1,1,2,3,1,3,2,2,4,1,2,4,1,2,2,1,1,1,2,2,4,3,1,2,2,1,3,1,3,2,3,4,2,4,1,1,1,3,2,1,1,2,1,4,2,2,2,4,2,4,2,3,1,3,1,4,3,2,1,1,3,4,3,4,4,1,3,3,4,3,2,2,3,3,4,2,2,1,4,1,2,4,3,4,3,3,4,3,1,2,3,1,3,2,1,2,2,1,1,3,4,2,4,2,4,1,1,2,3,3,3,3,4,1,4,4,4,2,1,2,3,1,2,2,4,2,2,3,3,2,2,2,4,4,4,3,1,4,4,2,4,1,3,4,3,4,3,3,4,4,3,1,1,1,1,4,2,3,1,1,2,2,4,3,3,2,2,2,4,3,2,1,3,3,1,1,3,3,2,4,4,2,1,1,1,1,2,3,2,1,2,4,4,1,2,4,3,1,2,1,4,3,4,1,3,2,4,3,1,2,1,1,2,3,3,2,2,1,1,4,2,4,2,4,1,1,3,4,2,4,1,3,4,1,2,3,1,2,4,2,2,2,3,1,1,2,4,4,1,4,2,1,1,4,1,3,2,3,1,4,3,3,3,4,4,1,4,3,1,4,2,4,4,1,1,1,2,2,4,4,1,1,2,2,1,4,2,1,1,1,2,4,2,4,2,1,1,3,1,4,1,3,1,1,2,4,3,2,3,1,3,2,1,2,4,4,4,3,4,3,3,2,1,1,2,4,2,2,1,3,2,2,3,1,4,2,4,4,2,4,2,3,3,3,3,1,3,2,2,2,4,2,1,1,1,1,1,1,3,1,4,1,2,2,4,1,3,3,3,3,1,4,3,1,1,1,1,1,2,1,1,1,2,2,4,4,1,3,1,4,3,3,4,1,4,3,2,1,4,4,4,2,2,1,1,1,4,2,1,2,3,1,2,1,2,2,4,3,1,2,1,2,3,2,2,1,3,2,1,2,1,3,4,3,1,3,1,1,3,4,3,1,4,1,4,3,3,1,4,1,4,1,3,2,1,2,3,2,4,2,1,2,4,3,4,1,4,2,2,4,2,2,1,1,1,3,3,1,4,4,4,1,3,2,4,1,1,2,3,3,1,2,3,2,2,1,2,2,2,4,2,2,1,3,3,2,1,1,2,2,3,3,3,2,3,1,4,4,4,1,4,2,2,4,4,3,1,3,1,3,2,1,4,1,1,3,4,3,4,3,1,3,3,1,1,1,4,1,3,3,1,1,3,1,1,4,1,4,2,4,1,1,3,1,1,1,4,4,2,4,3,4,1,4,1,3,2,2,2,2,1,1,4,1,2,1,3,3,3,2,4,1,4,1,2,3,2,3,4,4,2,2,1,4,3,4,1,2,3,1,2,3,1,2,4,2,2,1,1,1,2,2,4,1,4,3,4,1,3,2,2,3,1,4,2,3,4,4,2,1,1,3,3,1,3,1,2,4,3,2,1,3,2,3,2,1,4,2,1,3,4,4,3,4,3,3,1,3,1,2,2,3,1,2,1,2,3,2,3,3,2,3,1,1,1,4,2,2,4,2,1,4,4,1,2,3,3,2,3,4,3,2,2,2,4,2,3,2,2,2,4,4,4,4,1,1,3,2,4,4,2,2,1,2,1,2,2,4,4,1,2,4,1,4,3,1,3,2,1,3,2,1,2,3,1,2,2,4,3,1,1,2,3,2,2,1,2,1,1,4,1,4,2,1,1,4,4,1,3,3,4,1,2,2,3,3,2,4,1,3,1,4,4,3,4,2,4,3,4,4,3,3,1,2,3,4,1,4,2,4,1,2,4,1,4,2,4,4,1,4,3,2,1,3,3,2,1,3,4,3,2,3,1,3,3,2,3,3,1,2,2,2,2,4,4,4,2,2,4,2,3,1,2,3,3,4,1,2,2,1,3,2,2,1,3,3,3,2,3,1,4,4,1,1,1,3,1,2,4,2,2,3,3,4,3,3,4,1,4,4,1,1,4,1,1,4,1,2,3,3,4,3,2,1,4,3,2,1,1,2,3,4,1,4,1,1,1,3,3,2,4,4,2,3,4,2,1,4,3,4,1,3,3,2,3,2,3,1,1,1,1,1,4,1,3,2,4,3,1,1,3,4,2,2,2,2,1,4,1,4,2,3,3,1,3,1,1,4,2,2,2,2,4,2,2,3,2,2,1,1,2,1,3,3,3,4,3,2,3,3,3,3,1,3,3,1,1,4,2,4,1,1,1,4,3,2,2,3,2,3,4,1,3,3,1,1,2,3,1,2,4,3,4,1,1,3,4,1,3,3,3,1,1,3,2,3,3,3,2,4,1,1,4,3,3,1,3,4,1,2,3,4,1,1,2,3,2,4,1,1,2,2,2,3,1,3,4,3,2,4,4,3,3,2,2,4,2,1,1,4,3,3,1,3,2,1,4,3,4,4,3,3,1,1,4,4,1,4,2,3,3,2,1,1,4,4,1,4,2,3,2,3,3,4,4,3,4,2,1,4,4,4,1,2,3,2,4,1,2,4,4,3,1,3,2,3,2,4,1,1,4,1,3,2,2,2,3,2,1,2,3,1,4,1,3,1,2,3,4,2,3,3,4,4,3,4,4,2,3,1,2,3,3,2,4,1,1,3,3,1,3,1,4,1,1,1,3,4,2,2,1,3,2,2,1,1,3,2,1,4,4,4,1,3,4,4,4,1,1,1,4,1,1,3,1,2,1,1,2,2,1,3,4,2,3,1,1,2,2,3,1,2,2,4,2,3,1,2,4,2,1,1,1,4,1,1,2,2,3,2,1,1,3,1,3,3,1,2,2,2,3,2,3,4,3,1,1,2,1,2,4,3,1,2,4,1,3,4,3,4,4,3,2,3,3,1,3,3,1,2,3,1,2,2,3,2,3,2,2,2,3,2,4,1,1,4,2,1,4,2,3,3,1,1,4,1,2,4,2,1,3,2,4,3,1,2,1,2,3,4,1,3,3,4,4,3,2,3,3,2,1,3,2,1,2,2,2,1,1,3,3,3,3,3,1,4,2,3,2,2,3,2,2,4,2,2,4,2,2,2,2,2,2,1,4,1,1,4,4,2,3,3,1,2,3,4,4,3,2,2,1,4,2,4,1,2,2,3,4,2,1,4,2,4,1,3,3,1,4,1,3,4,4,2,2,2,2,2,1,1,4,4,2,3,3,4,4,4,2,4,2,1,4,3,2,1,1,2,2,1,1,1,2,4,1,1,3,4,2,1,2,4,4,4,3,1,4,2,3,4,4,2,3,2,1,4,2,3,1,4,4,3,2,2,4,1,2,3,4,1,3,1,1,4,1,2,2,1,4,4,1,2,2,4,4,3,3,1,1,4,4,3,1"
181,0.9875909492720556,0.4509803921568627,2338.0,"3,1,1,3,1,3,4,4,4,3,1,1,1,1,1,1,3,2,1,3,3,3,3,1,4,4,3,2,1,2,4,2,3,2,1,3,1,4,4,1,2,2,1,3,1,2,4,4,1,2,4,1,2,1,4,2,3,4,3,4,3,3,1,1,2,1,1,2,1,4,3,3,1,1,2,1,4,3,2,2,2,1,1,1,2,2,3,3,1,1,3,4,3,1,1,1,1,3,1,1,3,4,3,1,1,2,1,4,1,3,1,1,2,1,1,3,4,2,4,4,1,2,3,4,1,3,4,1,4,2,2,1,3,1,4,3,2,3,2,3,3,3,4,4,1,1,2,4,2,1,2,1,4,3,4,2,2,4,4,1,2,2,4,3,2,3,4,4,1,2,3,1,2,1,4,2,1,1,3,1,2,2,3,2,4,2,2,1,1,2,3,1,3,2,2,4,1,2,4,1,2,2,1,1,1,2,2,4,3,1,2,2,1,3,1,3,2,3,4,2,4,1,1,1,3,2,1,1,2,1,4,2,2,2,4,2,4,2,3,1,3,1,4,3,2,1,1,3,4,3,4,4,1,3,3,4,3,2,2,3,3,4,2,2,1,4,1,2,4,3,4,3,3,4,3,1,2,3,1,3,2,1,2,2,1,1,3,4,2,4,2,4,1,1,2,3,3,3,3,4,1,4,4,4,2,1,2,3,1,2,2,4,2,2,3,3,2,2,2,4,4,4,3,1,4,4,2,4,1,3,4,3,4,3,3,4,4,3,1,1,1,1,4,2,3,1,1,2,2,4,3,3,2,2,2,4,3,2,1,3,3,1,1,3,3,2,4,4,2,1,1,1,1,2,3,2,1,2,4,4,1,2,4,3,1,2,1,4,3,4,1,3,2,4,3,1,2,1,1,2,3,3,2,2,1,1,4,2,4,2,4,1,1,3,4,2,4,1,3,4,1,2,3,1,2,4,2,2,2,3,1,1,2,4,4,1,4,2,1,1,4,1,3,2,3,1,4,3,3,3,4,4,1,4,3,1,4,2,4,4,1,1,1,2,2,4,4,1,1,2,2,1,4,2,1,1,1,2,4,2,4,2,1,1,3,1,4,1,3,1,1,2,4,3,2,3,1,3,2,1,2,4,4,4,3,4,3,3,2,1,1,2,4,2,2,1,3,2,2,3,1,4,2,4,4,2,4,2,3,3,3,3,1,3,2,2,2,4,2,1,1,1,1,1,1,3,1,4,1,2,2,4,1,3,3,3,3,1,4,3,1,1,1,1,1,2,1,1,1,2,2,4,4,1,3,1,4,3,3,4,1,4,3,2,1,4,4,4,2,2,1,1,1,4,2,1,2,3,1,2,1,2,2,4,3,1,2,1,2,3,2,2,1,3,2,1,2,1,3,4,3,1,3,1,1,3,4,3,1,4,1,4,3,3,1,4,1,4,1,3,2,1,2,3,2,4,2,1,2,4,3,4,1,4,2,2,4,2,2,1,1,1,3,3,1,4,4,4,1,3,2,4,1,1,2,3,3,1,2,3,2,2,1,2,2,2,4,2,2,1,3,3,2,1,1,2,2,3,3,3,2,3,1,4,4,4,1,4,2,2,4,4,3,1,3,1,3,2,1,4,1,1,3,4,3,4,3,1,3,3,1,1,1,4,1,3,3,1,1,3,1,1,4,1,4,2,4,1,1,3,1,1,1,4,4,2,4,3,4,1,4,1,3,2,2,2,2,1,1,4,1,2,1,3,3,3,2,4,1,4,1,2,3,2,3,4,4,2,2,1,4,3,4,1,2,3,1,2,3,1,2,4,2,2,1,1,1,2,2,4,1,4,3,4,1,3,2,2,3,1,4,2,3,4,4,2,1,1,3,3,1,3,1,2,4,3,2,1,3,2,3,2,1,4,2,1,3,4,4,3,4,3,3,1,3,1,2,2,3,1,2,1,2,3,2,3,3,2,3,1,1,1,4,2,2,4,2,1,4,4,1,2,3,3,2,3,4,3,2,2,2,4,2,3,2,2,2,4,4,4,4,1,1,3,2,4,4,2,2,1,2,1,2,2,4,4,1,2,4,1,4,3,1,3,2,1,3,2,1,2,3,1,2,2,4,3,1,1,2,3,2,2,1,2,1,1,4,1,4,2,1,1,4,4,1,3,3,4,1,2,2,3,3,2,4,1,3,1,4,4,3,4,2,4,3,4,4,3,3,1,2,3,4,1,4,2,4,1,2,4,1,4,2,4,4,1,4,3,2,1,3,3,2,1,3,4,3,2,3,1,3,3,2,3,3,1,2,2,2,2,4,4,4,2,2,4,2,3,1,2,3,3,4,1,2,2,1,3,2,2,1,3,3,3,2,3,1,4,4,1,1,1,3,1,2,4,2,2,3,3,4,3,3,4,1,4,4,1,1,4,1,1,4,1,2,3,3,4,3,2,1,4,3,2,1,1,2,3,4,1,4,1,1,1,3,3,2,4,4,2,3,4,2,1,4,3,4,1,3,3,2,3,2,3,1,1,1,1,1,4,1,3,2,4,3,1,1,3,4,2,2,2,2,1,4,1,4,2,3,3,1,3,1,1,4,2,2,2,2,4,2,2,3,2,2,1,1,2,1,3,3,3,4,3,2,3,3,3,3,1,3,3,1,1,4,2,4,1,1,1,4,3,2,2,3,2,3,4,1,3,3,1,1,2,3,1,2,4,3,4,1,1,3,4,1,3,3,3,1,1,3,2,3,3,3,2,4,1,1,4,3,3,1,3,4,1,2,3,4,1,1,2,3,2,4,1,1,2,2,2,3,1,3,4,3,2,4,4,3,3,2,2,4,2,1,1,4,3,3,1,3,2,1,4,3,4,4,3,3,1,1,4,4,1,4,2,3,3,2,1,1,4,4,1,4,2,3,2,3,3,4,4,3,4,2,1,4,4,4,1,2,3,2,4,1,2,4,4,3,1,3,2,3,2,4,1,1,4,1,3,2,2,2,3,2,1,2,3,1,4,1,3,1,2,3,4,2,3,3,4,4,3,4,4,2,3,1,2,3,3,2,4,1,1,3,3,1,3,1,4,1,1,1,3,4,2,2,1,3,2,2,1,1,3,2,1,4,4,4,1,3,4,4,4,1,1,1,4,1,1,3,1,2,1,1,2,2,1,3,4,2,3,1,1,2,2,3,1,2,2,4,2,3,1,2,4,2,1,1,1,4,1,1,2,2,3,2,1,1,3,1,3,3,1,2,2,2,3,2,3,4,3,1,1,2,1,2,4,3,1,2,4,1,3,4,3,4,4,3,2,3,3,1,3,3,1,2,3,1,2,2,3,2,3,2,2,2,3,2,4,1,1,4,2,1,4,2,3,3,1,1,4,1,2,4,2,1,3,2,4,3,1,2,1,2,3,4,1,3,3,4,4,3,2,3,3,2,1,3,2,1,2,2,2,1,1,3,3,3,3,3,1,4,2,3,2,2,3,2,2,4,2,2,4,2,2,2,2,2,2,1,4,1,1,4,4,2,3,3,1,2,3,4,4,3,2,2,1,4,2,4,1,2,2,3,4,2,1,4,2,4,1,3,3,1,4,1,3,4,4,2,2,2,2,2,1,1,4,4,2,3,3,4,4,4,2,4,2,1,4,3,2,1,1,2,2,1,1,1,2,4,1,1,3,4,2,1,2,4,4,4,3,1,4,2,3,4,4,2,3,2,1,4,2,3,1,4,4,3,2,2,4,1,2,3,4,1,3,1,1,4,1,2,2,1,4,4,1,2,2,4,4,3,3,1,1,4,4,3,1"
182,0.9875909492720556,0.4509803921568627,2338.0,"3,1,1,3,1,3,4,4,4,3,1,1,1,1,1,1,3,2,1,3,3,3,3,1,4,4,3,2,1,2,4,2,3,2,1,3,1,4,4,1,2,2,1,3,1,2,4,4,1,2,4,1,2,1,4,2,3,4,3,4,3,3,1,1,2,1,1,2,1,4,3,3,1,1,2,1,4,3,2,2,2,1,1,1,2,2,3,3,1,1,3,4,3,1,1,1,1,3,1,1,3,4,3,1,1,2,1,4,1,3,1,1,2,1,1,3,4,2,4,4,1,2,3,4,1,3,4,1,4,2,2,1,3,1,4,3,2,3,2,3,3,3,4,4,1,1,2,4,2,1,2,1,4,3,4,2,2,4,4,1,2,2,4,3,2,3,4,4,1,2,3,1,2,1,4,2,1,1,3,1,2,2,3,2,4,2,2,1,1,2,3,1,3,2,2,4,1,2,4,1,2,2,1,1,1,2,2,4,3,1,2,2,1,3,1,3,2,3,4,2,4,1,1,1,3,2,1,1,2,1,4,2,2,2,4,2,4,2,3,1,3,1,4,3,2,1,1,3,4,3,4,4,1,3,3,4,3,2,2,3,3,4,2,2,1,4,1,2,4,3,4,3,3,4,3,1,2,3,1,3,2,1,2,2,1,1,3,4,2,4,2,4,1,1,2,3,3,3,3,4,1,4,4,4,2,1,2,3,1,2,2,4,2,2,3,3,2,2,2,4,4,4,3,1,4,4,2,4,1,3,4,3,4,3,3,4,4,3,1,1,1,1,4,2,3,1,1,2,2,4,3,3,2,2,2,4,3,2,1,3,3,1,1,3,3,2,4,4,2,1,1,1,1,2,3,2,1,2,4,4,1,2,4,3,1,2,1,4,3,4,1,3,2,4,3,1,2,1,1,2,3,3,2,2,1,1,4,2,4,2,4,1,1,3,4,2,4,1,3,4,1,2,3,1,2,4,2,2,2,3,1,1,2,4,4,1,4,2,1,1,4,1,3,2,3,1,4,3,3,3,4,4,1,4,3,1,4,2,4,4,1,1,1,2,2,4,4,1,1,2,2,1,4,2,1,1,1,2,4,2,4,2,1,1,3,1,4,1,3,1,1,2,4,3,2,3,1,3,2,1,2,4,4,4,3,4,3,3,2,1,1,2,4,2,2,1,3,2,2,3,1,4,2,4,4,2,4,2,3,3,3,3,1,3,2,2,2,4,2,1,1,1,1,1,1,3,1,4,1,2,2,4,1,3,3,3,3,1,4,3,1,1,1,1,1,2,1,1,1,2,2,4,4,1,3,1,4,3,3,4,1,4,3,2,1,4,4,4,2,2,1,1,1,4,2,1,2,3,1,2,1,2,2,4,3,1,2,1,2,3,2,2,1,3,2,1,2,1,3,4,3,1,3,1,1,3,4,3,1,4,1,4,3,3,1,4,1,4,1,3,2,1,2,3,2,4,2,1,2,4,3,4,1,4,2,2,4,2,2,1,1,1,3,3,1,4,4,4,1,3,2,4,1,1,2,3,3,1,2,3,2,2,1,2,2,2,4,2,2,1,3,3,2,1,1,2,2,3,3,3,2,3,1,4,4,4,1,4,2,2,4,4,3,1,3,1,3,2,1,4,1,1,3,4,3,4,3,1,3,3,1,1,1,4,1,3,3,1,1,3,1,1,4,1,4,2,4,1,1,3,1,1,1,4,4,2,4,3,4,1,4,1,3,2,2,2,2,1,1,4,1,2,1,3,3,3,2,4,1,4,1,2,3,2,3,4,4,2,2,1,4,3,4,1,2,3,1,2,3,1,2,4,2,2,1,1,1,2,2,4,1,4,3,4,1,3,2,2,3,1,4,2,3,4,4,2,1,1,3,3,1,3,1,2,4,3,2,1,3,2,3,2,1,4,2,1,3,4,4,3,4,3,3,1,3,1,2,2,3,1,2,1,2,3,2,3,3,2,3,1,1,1,4,2,2,4,2,1,4,4,1,2,3,3,2,3,4,3,2,2,2,4,2,3,2,2,2,4,4,4,4,1,1,3,2,4,4,2,2,1,2,1,2,2,4,4,1,2,4,1,4,3,1,3,2,1,3,2,1,2,3,1,2,2,4,3,1,1,2,3,2,2,1,2,1,1,4,1,4,2,1,1,4,4,1,3,3,4,1,2,2,3,3,2,4,1,3,1,4,4,3,4,2,4,3,4,4,3,3,1,2,3,4,1,4,2,4,1,2,4,1,4,2,4,4,1,4,3,2,1,3,3,2,1,3,4,3,2,3,1,3,3,2,3,3,1,2,2,2,2,4,4,4,2,2,4,2,3,1,2,3,3,4,1,2,2,1,3,2,2,1,3,3,3,2,3,1,4,4,1,1,1,3,1,2,4,2,2,3,3,4,3,3,4,1,4,4,1,1,4,1,1,4,1,2,3,3,4,3,2,1,4,3,2,1,1,2,3,4,1,4,1,1,1,3,3,2,4,4,2,3,4,2,1,4,3,4,1,3,3,2,3,2,3,1,1,1,1,1,4,1,3,2,4,3,1,1,3,4,2,2,2,2,1,4,1,4,2,3,3,1,3,1,1,4,2,2,2,2,4,2,2,3,2,2,1,1,2,1,3,3,3,4,3,2,3,3,3,3,1,3,3,1,1,4,2,4,1,1,1,4,3,2,2,3,2,3,4,1,3,3,1,1,2,3,1,2,4,3,4,1,1,3,4,1,3,3,3,1,1,3,2,3,3,3,2,4,1,1,4,3,3,1,3,4,1,2,3,4,1,1,2,3,2,4,1,1,2,2,2,3,1,3,4,3,2,4,4,3,3,2,2,4,2,1,1,4,3,3,1,3,2,1,4,3,4,4,3,3,1,1,4,4,1,4,2,3,3,2,1,1,4,4,1,4,2,3,2,3,3,4,4,3,4,2,1,4,4,4,1,2,3,2,4,1,2,4,4,3,1,3,2,3,2,4,1,1,4,1,3,2,2,2,3,2,1,2,3,1,4,1,3,1,2,3,4,2,3,3,4,4,3,4,4,2,3,1,2,3,3,2,4,1,1,3,3,1,3,1,4,1,1,1,3,4,2,2,1,3,2,2,1,1,3,2,1,4,4,4,1,3,4,4,4,1,1,1,4,1,1,3,1,2,1,1,2,2,1,3,4,2,3,1,1,2,2,3,1,2,2,4,2,3,1,2,4,2,1,1,1,4,1,1,2,2,3,2,1,1,3,1,3,3,1,2,2,2,3,2,3,4,3,1,1,2,1,2,4,3,1,2,4,1,3,4,3,4,4,3,2,3,3,1,3,3,1,2,3,1,2,2,3,2,3,2,2,2,3,2,4,1,1,4,2,1,4,2,3,3,1,1,4,1,2,4,2,1,3,2,4,3,1,2,1,2,3,4,1,3,3,4,4,3,2,3,3,2,1,3,2,1,2,2,2,1,1,3,3,3,3,3,1,4,2,3,2,2,3,2,2,4,2,2,4,2,2,2,2,2,2,1,4,1,1,4,4,2,3,3,1,2,3,4,4,3,2,2,1,4,2,4,1,2,2,3,4,2,1,4,2,4,1,3,3,1,4,1,3,4,4,2,2,2,2,2,1,1,4,4,2,3,3,4,4,4,2,4,2,1,4,3,2,1,1,2,2,1,1,1,2,4,1,1,3,4,2,1,2,4,4,4,3,1,4,2,3,4,4,2,3,2,1,4,2,3,1,4,4,3,2,2,4,1,2,3,4,1,3,1,1,4,1,2,2,1,4,4,1,2,2,4,4,3,3,1,1,4,4,3,1"
183,0.9875909492720556,0.4509803921568627,2338.0,"3,1,1,3,1,3,4,4,4,3,1,1,1,1,1,1,3,2,1,3,3,3,3,1,4,4,3,2,1,2,4,2,3,2,1,3,1,4,4,1,2,2,1,3,1,2,4,4,1,2,4,1,2,1,4,2,3,4,3,4,3,3,1,1,2,1,1,2,1,4,3,3,1,1,2,1,4,3,2,2,2,1,1,1,2,2,3,3,1,1,3,4,3,1,1,1,1,3,1,1,3,4,3,1,1,2,1,4,1,3,1,1,2,1,1,3,4,2,4,4,1,2,3,4,1,3,4,1,4,2,2,1,3,1,4,3,2,3,2,3,3,3,4,4,1,1,2,4,2,1,2,1,4,3,4,2,2,4,4,1,2,2,4,3,2,3,4,4,1,2,3,1,2,1,4,2,1,1,3,1,2,2,3,2,4,2,2,1,1,2,3,1,3,2,2,4,1,2,4,1,2,2,1,1,1,2,2,4,3,1,2,2,1,3,1,3,2,3,4,2,4,1,1,1,3,2,1,1,2,1,4,2,2,2,4,2,4,2,3,1,3,1,4,3,2,1,1,3,4,3,4,4,1,3,3,4,3,2,2,3,3,4,2,2,1,4,1,2,4,3,4,3,3,4,3,1,2,3,1,3,2,1,2,2,1,1,3,4,2,4,2,4,1,1,2,3,3,3,3,4,1,4,4,4,2,1,2,3,1,2,2,4,2,2,3,3,2,2,2,4,4,4,3,1,4,4,2,4,1,3,4,3,4,3,3,4,4,3,1,1,1,1,4,2,3,1,1,2,2,4,3,3,2,2,2,4,3,2,1,3,3,1,1,3,3,2,4,4,2,1,1,1,1,2,3,2,1,2,4,4,1,2,4,3,1,2,1,4,3,4,1,3,2,4,3,1,2,1,1,2,3,3,2,2,1,1,4,2,4,2,4,1,1,3,4,2,4,1,3,4,1,2,3,1,2,4,2,2,2,3,1,1,2,4,4,1,4,2,1,1,4,1,3,2,3,1,4,3,3,3,4,4,1,4,3,1,4,2,4,4,1,1,1,2,2,4,4,1,1,2,2,1,4,2,1,1,1,2,4,2,4,2,1,1,3,1,4,1,3,1,1,2,4,3,2,3,1,3,2,1,2,4,4,4,3,4,3,3,2,1,1,2,4,2,2,1,3,2,2,3,1,4,2,4,4,2,4,2,3,3,3,3,1,3,2,2,2,4,2,1,1,1,1,1,1,3,1,4,1,2,2,4,1,3,3,3,3,1,4,3,1,1,1,1,1,2,1,1,1,2,2,4,4,1,3,1,4,3,3,4,1,4,3,2,1,4,4,4,2,2,1,1,1,4,2,1,2,3,1,2,1,2,2,4,3,1,2,1,2,3,2,2,1,3,2,1,2,1,3,4,3,1,3,1,1,3,4,3,1,4,1,4,3,3,1,4,1,4,1,3,2,1,2,3,2,4,2,1,2,4,3,4,1,4,2,2,4,2,2,1,1,1,3,3,1,4,4,4,1,3,2,4,1,1,2,3,3,1,2,3,2,2,1,2,2,2,4,2,2,1,3,3,2,1,1,2,2,3,3,3,2,3,1,4,4,4,1,4,2,2,4,4,3,1,3,1,3,2,1,4,1,1,3,4,3,4,3,1,3,3,1,1,1,4,1,3,3,1,1,3,1,1,4,1,4,2,4,1,1,3,1,1,1,4,4,2,4,3,4,1,4,1,3,2,2,2,2,1,1,4,1,2,1,3,3,3,2,4,1,4,1,2,3,2,3,4,4,2,2,1,4,3,4,1,2,3,1,2,3,1,2,4,2,2,1,1,1,2,2,4,1,4,3,4,1,3,2,2,3,1,4,2,3,4,4,2,1,1,3,3,1,3,1,2,4,3,2,1,3,2,3,2,1,4,2,1,3,4,4,3,4,3,3,1,3,1,2,2,3,1,2,1,2,3,2,3,3,2,3,1,1,1,4,2,2,4,2,1,4,4,1,2,3,3,2,3,4,3,2,2,2,4,2,3,2,2,2,4,4,4,4,1,1,3,2,4,4,2,2,1,2,1,2,2,4,4,1,2,4,1,4,3,1,3,2,1,3,2,1,2,3,1,2,2,4,3,1,1,2,3,2,2,1,2,1,1,4,1,4,2,1,1,4,4,1,3,3,4,1,2,2,3,3,2,4,1,3,1,4,4,3,4,2,4,3,4,4,3,3,1,2,3,4,1,4,2,4,1,2,4,1,4,2,4,4,1,4,3,2,1,3,3,2,1,3,4,3,2,3,1,3,3,2,3,3,1,2,2,2,2,4,4,4,2,2,4,2,3,1,2,3,3,4,1,2,2,1,3,2,2,1,3,3,3,2,3,1,4,4,1,1,1,3,1,2,4,2,2,3,3,4,3,3,4,1,4,4,1,1,4,1,1,4,1,2,3,3,4,3,2,1,4,3,2,1,1,2,3,4,1,4,1,1,1,3,3,2,4,4,2,3,4,2,1,4,3,4,1,3,3,2,3,2,3,1,1,1,1,1,4,1,3,2,4,3,1,1,3,4,2,2,2,2,1,4,1,4,2,3,3,1,3,1,1,4,2,2,2,2,4,2,2,3,2,2,1,1,2,1,3,3,3,4,3,2,3,3,3,3,1,3,3,1,1,4,2,4,1,1,1,4,3,2,2,3,2,3,4,1,3,3,1,1,2,3,1,2,4,3,4,1,1,3,4,1,3,3,3,1,1,3,2,3,3,3,2,4,1,1,4,3,3,1,3,4,1,2,3,4,1,1,2,3,2,4,1,1,2,2,2,3,1,3,4,3,2,4,4,3,3,2,2,4,2,1,1,4,3,3,1,3,2,1,4,3,4,4,3,3,1,1,4,4,1,4,2,3,3,2,1,1,4,4,1,4,2,3,2,3,3,4,4,3,4,2,1,4,4,4,1,2,3,2,4,1,2,4,4,3,1,3,2,3,2,4,1,1,4,1,3,2,2,2,3,2,1,2,3,1,4,1,3,1,2,3,4,2,3,3,4,4,3,4,4,2,3,1,2,3,3,2,4,1,1,3,3,1,3,1,4,1,1,1,3,4,2,2,1,3,2,2,1,1,3,2,1,4,4,4,1,3,4,4,4,1,1,1,4,1,1,3,1,2,1,1,2,2,1,3,4,2,3,1,1,2,2,3,1,2,2,4,2,3,1,2,4,2,1,1,1,4,1,1,2,2,3,2,1,1,3,1,3,3,1,2,2,2,3,2,3,4,3,1,1,2,1,2,4,3,1,2,4,1,3,4,3,4,4,3,2,3,3,1,3,3,1,2,3,1,2,2,3,2,3,2,2,2,3,2,4,1,1,4,2,1,4,2,3,3,1,1,4,1,2,4,2,1,3,2,4,3,1,2,1,2,3,4,1,3,3,4,4,3,2,3,3,2,1,3,2,1,2,2,2,1,1,3,3,3,3,3,1,4,2,3,2,2,3,2,2,4,2,2,4,2,2,2,2,2,2,1,4,1,1,4,4,2,3,3,1,2,3,4,4,3,2,2,1,4,2,4,1,2,2,3,4,2,1,4,2,4,1,3,3,1,4,1,3,4,4,2,2,2,2,2,1,1,4,4,2,3,3,4,4,4,2,4,2,1,4,3,2,1,1,2,2,1,1,1,2,4,1,1,3,4,2,1,2,4,4,4,3,1,4,2,3,4,4,2,3,2,1,4,2,3,1,4,4,3,2,2,4,1,2,3,4,1,3,1,1,4,1,2,2,1,4,4,1,2,2,4,4,3,3,1,1,4,4,3,1"
184,0.9875909492720556,0.4509803921568627,2338.0,"3,1,1,3,1,3,4,4,4,3,1,1,1,1,1,1,3,2,1,3,3,3,3,1,4,4,3,2,1,2,4,2,3,2,1,3,1,4,4,1,2,2,1,3,1,2,4,4,1,2,4,1,2,1,4,2,3,4,3,4,3,3,1,1,2,1,1,2,1,4,3,3,1,1,2,1,4,3,2,2,2,1,1,1,2,2,3,3,1,1,3,4,3,1,1,1,1,3,1,1,3,4,3,1,1,2,1,4,1,3,1,1,2,1,1,3,4,2,4,4,1,2,3,4,1,3,4,1,4,2,2,1,3,1,4,3,2,3,2,3,3,3,4,4,1,1,2,4,2,1,2,1,4,3,4,2,2,4,4,1,2,2,4,3,2,3,4,4,1,2,3,1,2,1,4,2,1,1,3,1,2,2,3,2,4,2,2,1,1,2,3,1,3,2,2,4,1,2,4,1,2,2,1,1,1,2,2,4,3,1,2,2,1,3,1,3,2,3,4,2,4,1,1,1,3,2,1,1,2,1,4,2,2,2,4,2,4,2,3,1,3,1,4,3,2,1,1,3,4,3,4,4,1,3,3,4,3,2,2,3,3,4,2,2,1,4,1,2,4,3,4,3,3,4,3,1,2,3,1,3,2,1,2,2,1,1,3,4,2,4,2,4,1,1,2,3,3,3,3,4,1,4,4,4,2,1,2,3,1,2,2,4,2,2,3,3,2,2,2,4,4,4,3,1,4,4,2,4,1,3,4,3,4,3,3,4,4,3,1,1,1,1,4,2,3,1,1,2,2,4,3,3,2,2,2,4,3,2,1,3,3,1,1,3,3,2,4,4,2,1,1,1,1,2,3,2,1,2,4,4,1,2,4,3,1,2,1,4,3,4,1,3,2,4,3,1,2,1,1,2,3,3,2,2,1,1,4,2,4,2,4,1,1,3,4,2,4,1,3,4,1,2,3,1,2,4,2,2,2,3,1,1,2,4,4,1,4,2,1,1,4,1,3,2,3,1,4,3,3,3,4,4,1,4,3,1,4,2,4,4,1,1,1,2,2,4,4,1,1,2,2,1,4,2,1,1,1,2,4,2,4,2,1,1,3,1,4,1,3,1,1,2,4,3,2,3,1,3,2,1,2,4,4,4,3,4,3,3,2,1,1,2,4,2,2,1,3,2,2,3,1,4,2,4,4,2,4,2,3,3,3,3,1,3,2,2,2,4,2,1,1,1,1,1,1,3,1,4,1,2,2,4,1,3,3,3,3,1,4,3,1,1,1,1,1,2,1,1,1,2,2,4,4,1,3,1,4,3,3,4,1,4,3,2,1,4,4,4,2,2,1,1,1,4,2,1,2,3,1,2,1,2,2,4,3,1,2,1,2,3,2,2,1,3,2,1,2,1,3,4,3,1,3,1,1,3,4,3,1,4,1,4,3,3,1,4,1,4,1,3,2,1,2,3,2,4,2,1,2,4,3,4,1,4,2,2,4,2,2,1,1,1,3,3,1,4,4,4,1,3,2,4,1,1,2,3,3,1,2,3,2,2,1,2,2,2,4,2,2,1,3,3,2,1,1,2,2,3,3,3,2,3,1,4,4,4,1,4,2,2,4,4,3,1,3,1,3,2,1,4,1,1,3,4,3,4,3,1,3,3,1,1,1,4,1,3,3,1,1,3,1,1,4,1,4,2,4,1,1,3,1,1,1,4,4,2,4,3,4,1,4,1,3,2,2,2,2,1,1,4,1,2,1,3,3,3,2,4,1,4,1,2,3,2,3,4,4,2,2,1,4,3,4,1,2,3,1,2,3,1,2,4,2,2,1,1,1,2,2,4,1,4,3,4,1,3,2,2,3,1,4,2,3,4,4,2,1,1,3,3,1,3,1,2,4,3,2,1,3,2,3,2,1,4,2,1,3,4,4,3,4,3,3,1,3,1,2,2,3,1,2,1,2,3,2,3,3,2,3,1,1,1,4,2,2,4,2,1,4,4,1,2,3,3,2,3,4,3,2,2,2,4,2,3,2,2,2,4,4,4,4,1,1,3,2,4,4,2,2,1,2,1,2,2,4,4,1,2,4,1,4,3,1,3,2,1,3,2,1,2,3,1,2,2,4,3,1,1,2,3,2,2,1,2,1,1,4,1,4,2,1,1,4,4,1,3,3,4,1,2,2,3,3,2,4,1,3,1,4,4,3,4,2,4,3,4,4,3,3,1,2,3,4,1,4,2,4,1,2,4,1,4,2,4,4,1,4,3,2,1,3,3,2,1,3,4,3,2,3,1,3,3,2,3,3,1,2,2,2,2,4,4,4,2,2,4,2,3,1,2,3,3,4,1,2,2,1,3,2,2,1,3,3,3,2,3,1,4,4,1,1,1,3,1,2,4,2,2,3,3,4,3,3,4,1,4,4,1,1,4,1,1,4,1,2,3,3,4,3,2,1,4,3,2,1,1,2,3,4,1,4,1,1,1,3,3,2,4,4,2,3,4,2,1,4,3,4,1,3,3,2,3,2,3,1,1,1,1,1,4,1,3,2,4,3,1,1,3,4,2,2,2,2,1,4,1,4,2,3,3,1,3,1,1,4,2,2,2,2,4,2,2,3,2,2,1,1,2,1,3,3,3,4,3,2,3,3,3,3,1,3,3,1,1,4,2,4,1,1,1,4,3,2,2,3,2,3,4,1,3,3,1,1,2,3,1,2,4,3,4,1,1,3,4,1,3,3,3,1,1,3,2,3,3,3,2,4,1,1,4,3,3,1,3,4,1,2,3,4,1,1,2,3,2,4,1,1,2,2,2,3,1,3,4,3,2,4,4,3,3,2,2,4,2,1,1,4,3,3,1,3,2,1,4,3,4,4,3,3,1,1,4,4,1,4,2,3,3,2,1,1,4,4,1,4,2,3,2,3,3,4,4,3,4,2,1,4,4,4,1,2,3,2,4,1,2,4,4,3,1,3,2,3,2,4,1,1,4,1,3,2,2,2,3,2,1,2,3,1,4,1,3,1,2,3,4,2,3,3,4,4,3,4,4,2,3,1,2,3,3,2,4,1,1,3,3,1,3,1,4,1,1,1,3,4,2,2,1,3,2,2,1,1,3,2,1,4,4,4,1,3,4,4,4,1,1,1,4,1,1,3,1,2,1,1,2,2,1,3,4,2,3,1,1,2,2,3,1,2,2,4,2,3,1,2,4,2,1,1,1,4,1,1,2,2,3,2,1,1,3,1,3,3,1,2,2,2,3,2,3,4,3,1,1,2,1,2,4,3,1,2,4,1,3,4,3,4,4,3,2,3,3,1,3,3,1,2,3,1,2,2,3,2,3,2,2,2,3,2,4,1,1,4,2,1,4,2,3,3,1,1,4,1,2,4,2,1,3,2,4,3,1,2,1,2,3,4,1,3,3,4,4,3,2,3,3,2,1,3,2,1,2,2,2,1,1,3,3,3,3,3,1,4,2,3,2,2,3,2,2,4,2,2,4,2,2,2,2,2,2,1,4,1,1,4,4,2,3,3,1,2,3,4,4,3,2,2,1,4,2,4,1,2,2,3,4,2,1,4,2,4,1,3,3,1,4,1,3,4,4,2,2,2,2,2,1,1,4,4,2,3,3,4,4,4,2,4,2,1,4,3,2,1,1,2,2,1,1,1,2,4,1,1,3,4,2,1,2,4,4,4,3,1,4,2,3,4,4,2,3,2,1,4,2,3,1,4,4,3,2,2,4,1,2,3,4,1,3,1,1,4,1,2,2,1,4,4,1,2,2,4,4,3,3,1,1,4,4,3,1"
185,0.9875909492720556,0.4509803921568627,2338.0,"3,1,1,3,1,3,4,4,4,3,1,1,1,1,1,1,3,2,1,3,3,3,3,1,4,4,3,2,1,2,4,2,3,2,1,3,1,4,4,1,2,2,1,3,1,2,4,4,1,2,4,1,2,1,4,2,3,4,3,4,3,3,1,1,2,1,1,2,1,4,3,3,1,1,2,1,4,3,2,2,2,1,1,1,2,2,3,3,1,1,3,4,3,1,1,1,1,3,1,1,3,4,3,1,1,2,1,4,1,3,1,1,2,1,1,3,4,2,4,4,1,2,3,4,1,3,4,1,4,2,2,1,3,1,4,3,2,3,2,3,3,3,4,4,1,1,2,4,2,1,2,1,4,3,4,2,2,4,4,1,2,2,4,3,2,3,4,4,1,2,3,1,2,1,4,2,1,1,3,1,2,2,3,2,4,2,2,1,1,2,3,1,3,2,2,4,1,2,4,1,2,2,1,1,1,2,2,4,3,1,2,2,1,3,1,3,2,3,4,2,4,1,1,1,3,2,1,1,2,1,4,2,2,2,4,2,4,2,3,1,3,1,4,3,2,1,1,3,4,3,4,4,1,3,3,4,3,2,2,3,3,4,2,2,1,4,1,2,4,3,4,3,3,4,3,1,2,3,1,3,2,1,2,2,1,1,3,4,2,4,2,4,1,1,2,3,3,3,3,4,1,4,4,4,2,1,2,3,1,2,2,4,2,2,3,3,2,2,2,4,4,4,3,1,4,4,2,4,1,3,4,3,4,3,3,4,4,3,1,1,1,1,4,2,3,1,1,2,2,4,3,3,2,2,2,4,3,2,1,3,3,1,1,3,3,2,4,4,2,1,1,1,1,2,3,2,1,2,4,4,1,2,4,3,1,2,1,4,3,4,1,3,2,4,3,1,2,1,1,2,3,3,2,2,1,1,4,2,4,2,4,1,1,3,4,2,4,1,3,4,1,2,3,1,2,4,2,2,2,3,1,1,2,4,4,1,4,2,1,1,4,1,3,2,3,1,4,3,3,3,4,4,1,4,3,1,4,2,4,4,1,1,1,2,2,4,4,1,1,2,2,1,4,2,1,1,1,2,4,2,4,2,1,1,3,1,4,1,3,1,1,2,4,3,2,3,1,3,2,1,2,4,4,4,3,4,3,3,2,1,1,2,4,2,2,1,3,2,2,3,1,4,2,4,4,2,4,2,3,3,3,3,1,3,2,2,2,4,2,1,1,1,1,1,1,3,1,4,1,2,2,4,1,3,3,3,3,1,4,3,1,1,1,1,1,2,1,1,1,2,2,4,4,1,3,1,4,3,3,4,1,4,3,2,1,4,4,4,2,2,1,1,1,4,2,1,2,3,1,2,1,2,2,4,3,1,2,1,2,3,2,2,1,3,2,1,2,1,3,4,3,1,3,1,1,3,4,3,1,4,1,4,3,3,1,4,1,4,1,3,2,1,2,3,2,4,2,1,2,4,3,4,1,4,2,2,4,2,2,1,1,1,3,3,1,4,4,4,1,3,2,4,1,1,2,3,3,1,2,3,2,2,1,2,2,2,4,2,2,1,3,3,2,1,1,2,2,3,3,3,2,3,1,4,4,4,1,4,2,2,4,4,3,1,3,1,3,2,1,4,1,1,3,4,3,4,3,1,3,3,1,1,1,4,1,3,3,1,1,3,1,1,4,1,4,2,4,1,1,3,1,1,1,4,4,2,4,3,4,1,4,1,3,2,2,2,2,1,1,4,1,2,1,3,3,3,2,4,1,4,1,2,3,2,3,4,4,2,2,1,4,3,4,1,2,3,1,2,3,1,2,4,2,2,1,1,1,2,2,4,1,4,3,4,1,3,2,2,3,1,4,2,3,4,4,2,1,1,3,3,1,3,1,2,4,3,2,1,3,2,3,2,1,4,2,1,3,4,4,3,4,3,3,1,3,1,2,2,3,1,2,1,2,3,2,3,3,2,3,1,1,1,4,2,2,4,2,1,4,4,1,2,3,3,2,3,4,3,2,2,2,4,2,3,2,2,2,4,4,4,4,1,1,3,2,4,4,2,2,1,2,1,2,2,4,4,1,2,4,1,4,3,1,3,2,1,3,2,1,2,3,1,2,2,4,3,1,1,2,3,2,2,1,2,1,1,4,1,4,2,1,1,4,4,1,3,3,4,1,2,2,3,3,2,4,1,3,1,4,4,3,4,2,4,3,4,4,3,3,1,2,3,4,1,4,2,4,1,2,4,1,4,2,4,4,1,4,3,2,1,3,3,2,1,3,4,3,2,3,1,3,3,2,3,3,1,2,2,2,2,4,4,4,2,2,4,2,3,1,2,3,3,4,1,2,2,1,3,2,2,1,3,3,3,2,3,1,4,4,1,1,1,3,1,2,4,2,2,3,3,4,3,3,4,1,4,4,1,1,4,1,1,4,1,2,3,3,4,3,2,1,4,3,2,1,1,2,3,4,1,4,1,1,1,3,3,2,4,4,2,3,4,2,1,4,3,4,1,3,3,2,3,2,3,1,1,1,1,1,4,1,3,2,4,3,1,1,3,4,2,2,2,2,1,4,1,4,2,3,3,1,3,1,1,4,2,2,2,2,4,2,2,3,2,2,1,1,2,1,3,3,3,4,3,2,3,3,3,3,1,3,3,1,1,4,2,4,1,1,1,4,3,2,2,3,2,3,4,1,3,3,1,1,2,3,1,2,4,3,4,1,1,3,4,1,3,3,3,1,1,3,2,3,3,3,2,4,1,1,4,3,3,1,3,4,1,2,3,4,1,1,2,3,2,4,1,1,2,2,2,3,1,3,4,3,2,4,4,3,3,2,2,4,2,1,1,4,3,3,1,3,2,1,4,3,4,4,3,3,1,1,4,4,1,4,2,3,3,2,1,1,4,4,1,4,2,3,2,3,3,4,4,3,4,2,1,4,4,4,1,2,3,2,4,1,2,4,4,3,1,3,2,3,2,4,1,1,4,1,3,2,2,2,3,2,1,2,3,1,4,1,3,1,2,3,4,2,3,3,4,4,3,4,4,2,3,1,2,3,3,2,4,1,1,3,3,1,3,1,4,1,1,1,3,4,2,2,1,3,2,2,1,1,3,2,1,4,4,4,1,3,4,4,4,1,1,1,4,1,1,3,1,2,1,1,2,2,1,3,4,2,3,1,1,2,2,3,1,2,2,4,2,3,1,2,4,2,1,1,1,4,1,1,2,2,3,2,1,1,3,1,3,3,1,2,2,2,3,2,3,4,3,1,1,2,1,2,4,3,1,2,4,1,3,4,3,4,4,3,2,3,3,1,3,3,1,2,3,1,2,2,3,2,3,2,2,2,3,2,4,1,1,4,2,1,4,2,3,3,1,1,4,1,2,4,2,1,3,2,4,3,1,2,1,2,3,4,1,3,3,4,4,3,2,3,3,2,1,3,2,1,2,2,2,1,1,3,3,3,3,3,1,4,2,3,2,2,3,2,2,4,2,2,4,2,2,2,2,2,2,1,4,1,1,4,4,2,3,3,1,2,3,4,4,3,2,2,1,4,2,4,1,2,2,3,4,2,1,4,2,4,1,3,3,1,4,1,3,4,4,2,2,2,2,2,1,1,4,4,2,3,3,4,4,4,2,4,2,1,4,3,2,1,1,2,2,1,1,1,2,4,1,1,3,4,2,1,2,4,4,4,3,1,4,2,3,4,4,2,3,2,1,4,2,3,1,4,4,3,2,2,4,1,2,3,4,1,3,1,1,4,1,2,2,1,4,4,1,2,2,4,4,3,3,1,1,4,4,3,1"
186,0.9875909492720556,0.4509803921568627,2338.0,"3,1,1,3,1,3,4,4,4,3,1,1,1,1,1,1,3,2,1,3,3,3,3,1,4,4,3,2,1,2,4,2,3,2,1,3,1,4,4,1,2,2,1,3,1,2,4,4,1,2,4,1,2,1,4,2,3,4,3,4,3,3,1,1,2,1,1,2,1,4,3,3,1,1,2,1,4,3,2,2,2,1,1,1,2,2,3,3,1,1,3,4,3,1,1,1,1,3,1,1,3,4,3,1,1,2,1,4,1,3,1,1,2,1,1,3,4,2,4,4,1,2,3,4,1,3,4,1,4,2,2,1,3,1,4,3,2,3,2,3,3,3,4,4,1,1,2,4,2,1,2,1,4,3,4,2,2,4,4,1,2,2,4,3,2,3,4,4,1,2,3,1,2,1,4,2,1,1,3,1,2,2,3,2,4,2,2,1,1,2,3,1,3,2,2,4,1,2,4,1,2,2,1,1,1,2,2,4,3,1,2,2,1,3,1,3,2,3,4,2,4,1,1,1,3,2,1,1,2,1,4,2,2,2,4,2,4,2,3,1,3,1,4,3,2,1,1,3,4,3,4,4,1,3,3,4,3,2,2,3,3,4,2,2,1,4,1,2,4,3,4,3,3,4,3,1,2,3,1,3,2,1,2,2,1,1,3,4,2,4,2,4,1,1,2,3,3,3,3,4,1,4,4,4,2,1,2,3,1,2,2,4,2,2,3,3,2,2,2,4,4,4,3,1,4,4,2,4,1,3,4,3,4,3,3,4,4,3,1,1,1,1,4,2,3,1,1,2,2,4,3,3,2,2,2,4,3,2,1,3,3,1,1,3,3,2,4,4,2,1,1,1,1,2,3,2,1,2,4,4,1,2,4,3,1,2,1,4,3,4,1,3,2,4,3,1,2,1,1,2,3,3,2,2,1,1,4,2,4,2,4,1,1,3,4,2,4,1,3,4,1,2,3,1,2,4,2,2,2,3,1,1,2,4,4,1,4,2,1,1,4,1,3,2,3,1,4,3,3,3,4,4,1,4,3,1,4,2,4,4,1,1,1,2,2,4,4,1,1,2,2,1,4,2,1,1,1,2,4,2,4,2,1,1,3,1,4,1,3,1,1,2,4,3,2,3,1,3,2,1,2,4,4,4,3,4,3,3,2,1,1,2,4,2,2,1,3,2,2,3,1,4,2,4,4,2,4,2,3,3,3,3,1,3,2,2,2,4,2,1,1,1,1,1,1,3,1,4,1,2,2,4,1,3,3,3,3,1,4,3,1,1,1,1,1,2,1,1,1,2,2,4,4,1,3,1,4,3,3,4,1,4,3,2,1,4,4,4,2,2,1,1,1,4,2,1,2,3,1,2,1,2,2,4,3,1,2,1,2,3,2,2,1,3,2,1,2,1,3,4,3,1,3,1,1,3,4,3,1,4,1,4,3,3,1,4,1,4,1,3,2,1,2,3,2,4,2,1,2,4,3,4,1,4,2,2,4,2,2,1,1,1,3,3,1,4,4,4,1,3,2,4,1,1,2,3,3,1,2,3,2,2,1,2,2,2,4,2,2,1,3,3,2,1,1,2,2,3,3,3,2,3,1,4,4,4,1,4,2,2,4,4,3,1,3,1,3,2,1,4,1,1,3,4,3,4,3,1,3,3,1,1,1,4,1,3,3,1,1,3,1,1,4,1,4,2,4,1,1,3,1,1,1,4,4,2,4,3,4,1,4,1,3,2,2,2,2,1,1,4,1,2,1,3,3,3,2,4,1,4,1,2,3,2,3,4,4,2,2,1,4,3,4,1,2,3,1,2,3,1,2,4,2,2,1,1,1,2,2,4,1,4,3,4,1,3,2,2,3,1,4,2,3,4,4,2,1,1,3,3,1,3,1,2,4,3,2,1,3,2,3,2,1,4,2,1,3,4,4,3,4,3,3,1,3,1,2,2,3,1,2,1,2,3,2,3,3,2,3,1,1,1,4,2,2,4,2,1,4,4,1,2,3,3,2,3,4,3,2,2,2,4,2,3,2,2,2,4,4,4,4,1,1,3,2,4,4,2,2,1,2,1,2,2,4,4,1,2,4,1,4,3,1,3,2,1,3,2,1,2,3,1,2,2,4,3,1,1,2,3,2,2,1,2,1,1,4,1,4,2,1,1,4,4,1,3,3,4,1,2,2,3,3,2,4,1,3,1,4,4,3,4,2,4,3,4,4,3,3,1,2,3,4,1,4,2,4,1,2,4,1,4,2,4,4,1,4,3,2,1,3,3,2,1,3,4,3,2,3,1,3,3,2,3,3,1,2,2,2,2,4,4,4,2,2,4,2,3,1,2,3,3,4,1,2,2,1,3,2,2,1,3,3,3,2,3,1,4,4,1,1,1,3,1,2,4,2,2,3,3,4,3,3,4,1,4,4,1,1,4,1,1,4,1,2,3,3,4,3,2,1,4,3,2,1,1,2,3,4,1,4,1,1,1,3,3,2,4,4,2,3,4,2,1,4,3,4,1,3,3,2,3,2,3,1,1,1,1,1,4,1,3,2,4,3,1,1,3,4,2,2,2,2,1,4,1,4,2,3,3,1,3,1,1,4,2,2,2,2,4,2,2,3,2,2,1,1,2,1,3,3,3,4,3,2,3,3,3,3,1,3,3,1,1,4,2,4,1,1,1,4,3,2,2,3,2,3,4,1,3,3,1,1,2,3,1,2,4,3,4,1,1,3,4,1,3,3,3,1,1,3,2,3,3,3,2,4,1,1,4,3,3,1,3,4,1,2,3,4,1,1,2,3,2,4,1,1,2,2,2,3,1,3,4,3,2,4,4,3,3,2,2,4,2,1,1,4,3,3,1,3,2,1,4,3,4,4,3,3,1,1,4,4,1,4,2,3,3,2,1,1,4,4,1,4,2,3,2,3,3,4,4,3,4,2,1,4,4,4,1,2,3,2,4,1,2,4,4,3,1,3,2,3,2,4,1,1,4,1,3,2,2,2,3,2,1,2,3,1,4,1,3,1,2,3,4,2,3,3,4,4,3,4,4,2,3,1,2,3,3,2,4,1,1,3,3,1,3,1,4,1,1,1,3,4,2,2,1,3,2,2,1,1,3,2,1,4,4,4,1,3,4,4,4,1,1,1,4,1,1,3,1,2,1,1,2,2,1,3,4,2,3,1,1,2,2,3,1,2,2,4,2,3,1,2,4,2,1,1,1,4,1,1,2,2,3,2,1,1,3,1,3,3,1,2,2,2,3,2,3,4,3,1,1,2,1,2,4,3,1,2,4,1,3,4,3,4,4,3,2,3,3,1,3,3,1,2,3,1,2,2,3,2,3,2,2,2,3,2,4,1,1,4,2,1,4,2,3,3,1,1,4,1,2,4,2,1,3,2,4,3,1,2,1,2,3,4,1,3,3,4,4,3,2,3,3,2,1,3,2,1,2,2,2,1,1,3,3,3,3,3,1,4,2,3,2,2,3,2,2,4,2,2,4,2,2,2,2,2,2,1,4,1,1,4,4,2,3,3,1,2,3,4,4,3,2,2,1,4,2,4,1,2,2,3,4,2,1,4,2,4,1,3,3,1,4,1,3,4,4,2,2,2,2,2,1,1,4,4,2,3,3,4,4,4,2,4,2,1,4,3,2,1,1,2,2,1,1,1,2,4,1,1,3,4,2,1,2,4,4,4,3,1,4,2,3,4,4,2,3,2,1,4,2,3,1,4,4,3,2,2,4,1,2,3,4,1,3,1,1,4,1,2,2,1,4,4,1,2,2,4,4,3,3,1,1,4,4,3,1"
187,0.9875909492720556,0.4509803921568627,2338.0,"3,1,1,3,1,3,4,4,4,3,1,1,1,1,1,1,3,2,1,3,3,3,3,1,4,4,3,2,1,2,4,2,3,2,1,3,1,4,4,1,2,2,1,3,1,2,4,4,1,2,4,1,2,1,4,2,3,4,3,4,3,3,1,1,2,1,1,2,1,4,3,3,1,1,2,1,4,3,2,2,2,1,1,1,2,2,3,3,1,1,3,4,3,1,1,1,1,3,1,1,3,4,3,1,1,2,1,4,1,3,1,1,2,1,1,3,4,2,4,4,1,2,3,4,1,3,4,1,4,2,2,1,3,1,4,3,2,3,2,3,3,3,4,4,1,1,2,4,2,1,2,1,4,3,4,2,2,4,4,1,2,2,4,3,2,3,4,4,1,2,3,1,2,1,4,2,1,1,3,1,2,2,3,2,4,2,2,1,1,2,3,1,3,2,2,4,1,2,4,1,2,2,1,1,1,2,2,4,3,1,2,2,1,3,1,3,2,3,4,2,4,1,1,1,3,2,1,1,2,1,4,2,2,2,4,2,4,2,3,1,3,1,4,3,2,1,1,3,4,3,4,4,1,3,3,4,3,2,2,3,3,4,2,2,1,4,1,2,4,3,4,3,3,4,3,1,2,3,1,3,2,1,2,2,1,1,3,4,2,4,2,4,1,1,2,3,3,3,3,4,1,4,4,4,2,1,2,3,1,2,2,4,2,2,3,3,2,2,2,4,4,4,3,1,4,4,2,4,1,3,4,3,4,3,3,4,4,3,1,1,1,1,4,2,3,1,1,2,2,4,3,3,2,2,2,4,3,2,1,3,3,1,1,3,3,2,4,4,2,1,1,1,1,2,3,2,1,2,4,4,1,2,4,3,1,2,1,4,3,4,1,3,2,4,3,1,2,1,1,2,3,3,2,2,1,1,4,2,4,2,4,1,1,3,4,2,4,1,3,4,1,2,3,1,2,4,2,2,2,3,1,1,2,4,4,1,4,2,1,1,4,1,3,2,3,1,4,3,3,3,4,4,1,4,3,1,4,2,4,4,1,1,1,2,2,4,4,1,1,2,2,1,4,2,1,1,1,2,4,2,4,2,1,1,3,1,4,1,3,1,1,2,4,3,2,3,1,3,2,1,2,4,4,4,3,4,3,3,2,1,1,2,4,2,2,1,3,2,2,3,1,4,2,4,4,2,4,2,3,3,3,3,1,3,2,2,2,4,2,1,1,1,1,1,1,3,1,4,1,2,2,4,1,3,3,3,3,1,4,3,1,1,1,1,1,2,1,1,1,2,2,4,4,1,3,1,4,3,3,4,1,4,3,2,1,4,4,4,2,2,1,1,1,4,2,1,2,3,1,2,1,2,2,4,3,1,2,1,2,3,2,2,1,3,2,1,2,1,3,4,3,1,3,1,1,3,4,3,1,4,1,4,3,3,1,4,1,4,1,3,2,1,2,3,2,4,2,1,2,4,3,4,1,4,2,2,4,2,2,1,1,1,3,3,1,4,4,4,1,3,2,4,1,1,2,3,3,1,2,3,2,2,1,2,2,2,4,2,2,1,3,3,2,1,1,2,2,3,3,3,2,3,1,4,4,4,1,4,2,2,4,4,3,1,3,1,3,2,1,4,1,1,3,4,3,4,3,1,3,3,1,1,1,4,1,3,3,1,1,3,1,1,4,1,4,2,4,1,1,3,1,1,1,4,4,2,4,3,4,1,4,1,3,2,2,2,2,1,1,4,1,2,1,3,3,3,2,4,1,4,1,2,3,2,3,4,4,2,2,1,4,3,4,1,2,3,1,2,3,1,2,4,2,2,1,1,1,2,2,4,1,4,3,4,1,3,2,2,3,1,4,2,3,4,4,2,1,1,3,3,1,3,1,2,4,3,2,1,3,2,3,2,1,4,2,1,3,4,4,3,4,3,3,1,3,1,2,2,3,1,2,1,2,3,2,3,3,2,3,1,1,1,4,2,2,4,2,1,4,4,1,2,3,3,2,3,4,3,2,2,2,4,2,3,2,2,2,4,4,4,4,1,1,3,2,4,4,2,2,1,2,1,2,2,4,4,1,2,4,1,4,3,1,3,2,1,3,2,1,2,3,1,2,2,4,3,1,1,2,3,2,2,1,2,1,1,4,1,4,2,1,1,4,4,1,3,3,4,1,2,2,3,3,2,4,1,3,1,4,4,3,4,2,4,3,4,4,3,3,1,2,3,4,1,4,2,4,1,2,4,1,4,2,4,4,1,4,3,2,1,3,3,2,1,3,4,3,2,3,1,3,3,2,3,3,1,2,2,2,2,4,4,4,2,2,4,2,3,1,2,3,3,4,1,2,2,1,3,2,2,1,3,3,3,2,3,1,4,4,1,1,1,3,1,2,4,2,2,3,3,4,3,3,4,1,4,4,1,1,4,1,1,4,1,2,3,3,4,3,2,1,4,3,2,1,1,2,3,4,1,4,1,1,1,3,3,2,4,4,2,3,4,2,1,4,3,4,1,3,3,2,3,2,3,1,1,1,1,1,4,1,3,2,4,3,1,1,3,4,2,2,2,2,1,4,1,4,2,3,3,1,3,1,1,4,2,2,2,2,4,2,2,3,2,2,1,1,2,1,3,3,3,4,3,2,3,3,3,3,1,3,3,1,1,4,2,4,1,1,1,4,3,2,2,3,2,3,4,1,3,3,1,1,2,3,1,2,4,3,4,1,1,3,4,1,3,3,3,1,1,3,2,3,3,3,2,4,1,1,4,3,3,1,3,4,1,2,3,4,1,1,2,3,2,4,1,1,2,2,2,3,1,3,4,3,2,4,4,3,3,2,2,4,2,1,1,4,3,3,1,3,2,1,4,3,4,4,3,3,1,1,4,4,1,4,2,3,3,2,1,1,4,4,1,4,2,3,2,3,3,4,4,3,4,2,1,4,4,4,1,2,3,2,4,1,2,4,4,3,1,3,2,3,2,4,1,1,4,1,3,2,2,2,3,2,1,2,3,1,4,1,3,1,2,3,4,2,3,3,4,4,3,4,4,2,3,1,2,3,3,2,4,1,1,3,3,1,3,1,4,1,1,1,3,4,2,2,1,3,2,2,1,1,3,2,1,4,4,4,1,3,4,4,4,1,1,1,4,1,1,3,1,2,1,1,2,2,1,3,4,2,3,1,1,2,2,3,1,2,2,4,2,3,1,2,4,2,1,1,1,4,1,1,2,2,3,2,1,1,3,1,3,3,1,2,2,2,3,2,3,4,3,1,1,2,1,2,4,3,1,2,4,1,3,4,3,4,4,3,2,3,3,1,3,3,1,2,3,1,2,2,3,2,3,2,2,2,3,2,4,1,1,4,2,1,4,2,3,3,1,1,4,1,2,4,2,1,3,2,4,3,1,2,1,2,3,4,1,3,3,4,4,3,2,3,3,2,1,3,2,1,2,2,2,1,1,3,3,3,3,3,1,4,2,3,2,2,3,2,2,4,2,2,4,2,2,2,2,2,2,1,4,1,1,4,4,2,3,3,1,2,3,4,4,3,2,2,1,4,2,4,1,2,2,3,4,2,1,4,2,4,1,3,3,1,4,1,3,4,4,2,2,2,2,2,1,1,4,4,2,3,3,4,4,4,2,4,2,1,4,3,2,1,1,2,2,1,1,1,2,4,1,1,3,4,2,1,2,4,4,4,3,1,4,2,3,4,4,2,3,2,1,4,2,3,1,4,4,3,2,2,4,1,2,3,4,1,3,1,1,4,1,2,2,1,4,4,1,2,2,4,4,3,3,1,1,4,4,3,1"
188,0.9875909492720556,0.4509803921568627,2338.0,"3,1,1,3,1,3,4,4,4,3,1,1,1,1,1,1,3,2,1,3,3,3,3,1,4,4,3,2,1,2,4,2,3,2,1,3,1,4,4,1,2,2,1,3,1,2,4,4,1,2,4,1,2,1,4,2,3,4,3,4,3,3,1,1,2,1,1,2,1,4,3,3,1,1,2,1,4,3,2,2,2,1,1,1,2,2,3,3,1,1,3,4,3,1,1,1,1,3,1,1,3,4,3,1,1,2,1,4,1,3,1,1,2,1,1,3,4,2,4,4,1,2,3,4,1,3,4,1,4,2,2,1,3,1,4,3,2,3,2,3,3,3,4,4,1,1,2,4,2,1,2,1,4,3,4,2,2,4,4,1,2,2,4,3,2,3,4,4,1,2,3,1,2,1,4,2,1,1,3,1,2,2,3,2,4,2,2,1,1,2,3,1,3,2,2,4,1,2,4,1,2,2,1,1,1,2,2,4,3,1,2,2,1,3,1,3,2,3,4,2,4,1,1,1,3,2,1,1,2,1,4,2,2,2,4,2,4,2,3,1,3,1,4,3,2,1,1,3,4,3,4,4,1,3,3,4,3,2,2,3,3,4,2,2,1,4,1,2,4,3,4,3,3,4,3,1,2,3,1,3,2,1,2,2,1,1,3,4,2,4,2,4,1,1,2,3,3,3,3,4,1,4,4,4,2,1,2,3,1,2,2,4,2,2,3,3,2,2,2,4,4,4,3,1,4,4,2,4,1,3,4,3,4,3,3,4,4,3,1,1,1,1,4,2,3,1,1,2,2,4,3,3,2,2,2,4,3,2,1,3,3,1,1,3,3,2,4,4,2,1,1,1,1,2,3,2,1,2,4,4,1,2,4,3,1,2,1,4,3,4,1,3,2,4,3,1,2,1,1,2,3,3,2,2,1,1,4,2,4,2,4,1,1,3,4,2,4,1,3,4,1,2,3,1,2,4,2,2,2,3,1,1,2,4,4,1,4,2,1,1,4,1,3,2,3,1,4,3,3,3,4,4,1,4,3,1,4,2,4,4,1,1,1,2,2,4,4,1,1,2,2,1,4,2,1,1,1,2,4,2,4,2,1,1,3,1,4,1,3,1,1,2,4,3,2,3,1,3,2,1,2,4,4,4,3,4,3,3,2,1,1,2,4,2,2,1,3,2,2,3,1,4,2,4,4,2,4,2,3,3,3,3,1,3,2,2,2,4,2,1,1,1,1,1,1,3,1,4,1,2,2,4,1,3,3,3,3,1,4,3,1,1,1,1,1,2,1,1,1,2,2,4,4,1,3,1,4,3,3,4,1,4,3,2,1,4,4,4,2,2,1,1,1,4,2,1,2,3,1,2,1,2,2,4,3,1,2,1,2,3,2,2,1,3,2,1,2,1,3,4,3,1,3,1,1,3,4,3,1,4,1,4,3,3,1,4,1,4,1,3,2,1,2,3,2,4,2,1,2,4,3,4,1,4,2,2,4,2,2,1,1,1,3,3,1,4,4,4,1,3,2,4,1,1,2,3,3,1,2,3,2,2,1,2,2,2,4,2,2,1,3,3,2,1,1,2,2,3,3,3,2,3,1,4,4,4,1,4,2,2,4,4,3,1,3,1,3,2,1,4,1,1,3,4,3,4,3,1,3,3,1,1,1,4,1,3,3,1,1,3,1,1,4,1,4,2,4,1,1,3,1,1,1,4,4,2,4,3,4,1,4,1,3,2,2,2,2,1,1,4,1,2,1,3,3,3,2,4,1,4,1,2,3,2,3,4,4,2,2,1,4,3,4,1,2,3,1,2,3,1,2,4,2,2,1,1,1,2,2,4,1,4,3,4,1,3,2,2,3,1,4,2,3,4,4,2,1,1,3,3,1,3,1,2,4,3,2,1,3,2,3,2,1,4,2,1,3,4,4,3,4,3,3,1,3,1,2,2,3,1,2,1,2,3,2,3,3,2,3,1,1,1,4,2,2,4,2,1,4,4,1,2,3,3,2,3,4,3,2,2,2,4,2,3,2,2,2,4,4,4,4,1,1,3,2,4,4,2,2,1,2,1,2,2,4,4,1,2,4,1,4,3,1,3,2,1,3,2,1,2,3,1,2,2,4,3,1,1,2,3,2,2,1,2,1,1,4,1,4,2,1,1,4,4,1,3,3,4,1,2,2,3,3,2,4,1,3,1,4,4,3,4,2,4,3,4,4,3,3,1,2,3,4,1,4,2,4,1,2,4,1,4,2,4,4,1,4,3,2,1,3,3,2,1,3,4,3,2,3,1,3,3,2,3,3,1,2,2,2,2,4,4,4,2,2,4,2,3,1,2,3,3,4,1,2,2,1,3,2,2,1,3,3,3,2,3,1,4,4,1,1,1,3,1,2,4,2,2,3,3,4,3,3,4,1,4,4,1,1,4,1,1,4,1,2,3,3,4,3,2,1,4,3,2,1,1,2,3,4,1,4,1,1,1,3,3,2,4,4,2,3,4,2,1,4,3,4,1,3,3,2,3,2,3,1,1,1,1,1,4,1,3,2,4,3,1,1,3,4,2,2,2,2,1,4,1,4,2,3,3,1,3,1,1,4,2,2,2,2,4,2,2,3,2,2,1,1,2,1,3,3,3,4,3,2,3,3,3,3,1,3,3,1,1,4,2,4,1,1,1,4,3,2,2,3,2,3,4,1,3,3,1,1,2,3,1,2,4,3,4,1,1,3,4,1,3,3,3,1,1,3,2,3,3,3,2,4,1,1,4,3,3,1,3,4,1,2,3,4,1,1,2,3,2,4,1,1,2,2,2,3,1,3,4,3,2,4,4,3,3,2,2,4,2,1,1,4,3,3,1,3,2,1,4,3,4,4,3,3,1,1,4,4,1,4,2,3,3,2,1,1,4,4,1,4,2,3,2,3,3,4,4,3,4,2,1,4,4,4,1,2,3,2,4,1,2,4,4,3,1,3,2,3,2,4,1,1,4,1,3,2,2,2,3,2,1,2,3,1,4,1,3,1,2,3,4,2,3,3,4,4,3,4,4,2,3,1,2,3,3,2,4,1,1,3,3,1,3,1,4,1,1,1,3,4,2,2,1,3,2,2,1,1,3,2,1,4,4,4,1,3,4,4,4,1,1,1,4,1,1,3,1,2,1,1,2,2,1,3,4,2,3,1,1,2,2,3,1,2,2,4,2,3,1,2,4,2,1,1,1,4,1,1,2,2,3,2,1,1,3,1,3,3,1,2,2,2,3,2,3,4,3,1,1,2,1,2,4,3,1,2,4,1,3,4,3,4,4,3,2,3,3,1,3,3,1,2,3,1,2,2,3,2,3,2,2,2,3,2,4,1,1,4,2,1,4,2,3,3,1,1,4,1,2,4,2,1,3,2,4,3,1,2,1,2,3,4,1,3,3,4,4,3,2,3,3,2,1,3,2,1,2,2,2,1,1,3,3,3,3,3,1,4,2,3,2,2,3,2,2,4,2,2,4,2,2,2,2,2,2,1,4,1,1,4,4,2,3,3,1,2,3,4,4,3,2,2,1,4,2,4,1,2,2,3,4,2,1,4,2,4,1,3,3,1,4,1,3,4,4,2,2,2,2,2,1,1,4,4,2,3,3,4,4,4,2,4,2,1,4,3,2,1,1,2,2,1,1,1,2,4,1,1,3,4,2,1,2,4,4,4,3,1,4,2,3,4,4,2,3,2,1,4,2,3,1,4,4,3,2,2,4,1,2,3,4,1,3,1,1,4,1,2,2,1,4,4,1,2,2,4,4,3,3,1,1,4,4,3,1"
189,0.9875909492720556,0.4509803921568627,2338.0,"3,1,1,3,1,3,4,4,4,3,1,1,1,1,1,1,3,2,1,3,3,3,3,1,4,4,3,2,1,2,4,2,3,2,1,3,1,4,4,1,2,2,1,3,1,2,4,4,1,2,4,1,2,1,4,2,3,4,3,4,3,3,1,1,2,1,1,2,1,4,3,3,1,1,2,1,4,3,2,2,2,1,1,1,2,2,3,3,1,1,3,4,3,1,1,1,1,3,1,1,3,4,3,1,1,2,1,4,1,3,1,1,2,1,1,3,4,2,4,4,1,2,3,4,1,3,4,1,4,2,2,1,3,1,4,3,2,3,2,3,3,3,4,4,1,1,2,4,2,1,2,1,4,3,4,2,2,4,4,1,2,2,4,3,2,3,4,4,1,2,3,1,2,1,4,2,1,1,3,1,2,2,3,2,4,2,2,1,1,2,3,1,3,2,2,4,1,2,4,1,2,2,1,1,1,2,2,4,3,1,2,2,1,3,1,3,2,3,4,2,4,1,1,1,3,2,1,1,2,1,4,2,2,2,4,2,4,2,3,1,3,1,4,3,2,1,1,3,4,3,4,4,1,3,3,4,3,2,2,3,3,4,2,2,1,4,1,2,4,3,4,3,3,4,3,1,2,3,1,3,2,1,2,2,1,1,3,4,2,4,2,4,1,1,2,3,3,3,3,4,1,4,4,4,2,1,2,3,1,2,2,4,2,2,3,3,2,2,2,4,4,4,3,1,4,4,2,4,1,3,4,3,4,3,3,4,4,3,1,1,1,1,4,2,3,1,1,2,2,4,3,3,2,2,2,4,3,2,1,3,3,1,1,3,3,2,4,4,2,1,1,1,1,2,3,2,1,2,4,4,1,2,4,3,1,2,1,4,3,4,1,3,2,4,3,1,2,1,1,2,3,3,2,2,1,1,4,2,4,2,4,1,1,3,4,2,4,1,3,4,1,2,3,1,2,4,2,2,2,3,1,1,2,4,4,1,4,2,1,1,4,1,3,2,3,1,4,3,3,3,4,4,1,4,3,1,4,2,4,4,1,1,1,2,2,4,4,1,1,2,2,1,4,2,1,1,1,2,4,2,4,2,1,1,3,1,4,1,3,1,1,2,4,3,2,3,1,3,2,1,2,4,4,4,3,4,3,3,2,1,1,2,4,2,2,1,3,2,2,3,1,4,2,4,4,2,4,2,3,3,3,3,1,3,2,2,2,4,2,1,1,1,1,1,1,3,1,4,1,2,2,4,1,3,3,3,3,1,4,3,1,1,1,1,1,2,1,1,1,2,2,4,4,1,3,1,4,3,3,4,1,4,3,2,1,4,4,4,2,2,1,1,1,4,2,1,2,3,1,2,1,2,2,4,3,1,2,1,2,3,2,2,1,3,2,1,2,1,3,4,3,1,3,1,1,3,4,3,1,4,1,4,3,3,1,4,1,4,1,3,2,1,2,3,2,4,2,1,2,4,3,4,1,4,2,2,4,2,2,1,1,1,3,3,1,4,4,4,1,3,2,4,1,1,2,3,3,1,2,3,2,2,1,2,2,2,4,2,2,1,3,3,2,1,1,2,2,3,3,3,2,3,1,4,4,4,1,4,2,2,4,4,3,1,3,1,3,2,1,4,1,1,3,4,3,4,3,1,3,3,1,1,1,4,1,3,3,1,1,3,1,1,4,1,4,2,4,1,1,3,1,1,1,4,4,2,4,3,4,1,4,1,3,2,2,2,2,1,1,4,1,2,1,3,3,3,2,4,1,4,1,2,3,2,3,4,4,2,2,1,4,3,4,1,2,3,1,2,3,1,2,4,2,2,1,1,1,2,2,4,1,4,3,4,1,3,2,2,3,1,4,2,3,4,4,2,1,1,3,3,1,3,1,2,4,3,2,1,3,2,3,2,1,4,2,1,3,4,4,3,4,3,3,1,3,1,2,2,3,1,2,1,2,3,2,3,3,2,3,1,1,1,4,2,2,4,2,1,4,4,1,2,3,3,2,3,4,3,2,2,2,4,2,3,2,2,2,4,4,4,4,1,1,3,2,4,4,2,2,1,2,1,2,2,4,4,1,2,4,1,4,3,1,3,2,1,3,2,1,2,3,1,2,2,4,3,1,1,2,3,2,2,1,2,1,1,4,1,4,2,1,1,4,4,1,3,3,4,1,2,2,3,3,2,4,1,3,1,4,4,3,4,2,4,3,4,4,3,3,1,2,3,4,1,4,2,4,1,2,4,1,4,2,4,4,1,4,3,2,1,3,3,2,1,3,4,3,2,3,1,3,3,2,3,3,1,2,2,2,2,4,4,4,2,2,4,2,3,1,2,3,3,4,1,2,2,1,3,2,2,1,3,3,3,2,3,1,4,4,1,1,1,3,1,2,4,2,2,3,3,4,3,3,4,1,4,4,1,1,4,1,1,4,1,2,3,3,4,3,2,1,4,3,2,1,1,2,3,4,1,4,1,1,1,3,3,2,4,4,2,3,4,2,1,4,3,4,1,3,3,2,3,2,3,1,1,1,1,1,4,1,3,2,4,3,1,1,3,4,2,2,2,2,1,4,1,4,2,3,3,1,3,1,1,4,2,2,2,2,4,2,2,3,2,2,1,1,2,1,3,3,3,4,3,2,3,3,3,3,1,3,3,1,1,4,2,4,1,1,1,4,3,2,2,3,2,3,4,1,3,3,1,1,2,3,1,2,4,3,4,1,1,3,4,1,3,3,3,1,1,3,2,3,3,3,2,4,1,1,4,3,3,1,3,4,1,2,3,4,1,1,2,3,2,4,1,1,2,2,2,3,1,3,4,3,2,4,4,3,3,2,2,4,2,1,1,4,3,3,1,3,2,1,4,3,4,4,3,3,1,1,4,4,1,4,2,3,3,2,1,1,4,4,1,4,2,3,2,3,3,4,4,3,4,2,1,4,4,4,1,2,3,2,4,1,2,4,4,3,1,3,2,3,2,4,1,1,4,1,3,2,2,2,3,2,1,2,3,1,4,1,3,1,2,3,4,2,3,3,4,4,3,4,4,2,3,1,2,3,3,2,4,1,1,3,3,1,3,1,4,1,1,1,3,4,2,2,1,3,2,2,1,1,3,2,1,4,4,4,1,3,4,4,4,1,1,1,4,1,1,3,1,2,1,1,2,2,1,3,4,2,3,1,1,2,2,3,1,2,2,4,2,3,1,2,4,2,1,1,1,4,1,1,2,2,3,2,1,1,3,1,3,3,1,2,2,2,3,2,3,4,3,1,1,2,1,2,4,3,1,2,4,1,3,4,3,4,4,3,2,3,3,1,3,3,1,2,3,1,2,2,3,2,3,2,2,2,3,2,4,1,1,4,2,1,4,2,3,3,1,1,4,1,2,4,2,1,3,2,4,3,1,2,1,2,3,4,1,3,3,4,4,3,2,3,3,2,1,3,2,1,2,2,2,1,1,3,3,3,3,3,1,4,2,3,2,2,3,2,2,4,2,2,4,2,2,2,2,2,2,1,4,1,1,4,4,2,3,3,1,2,3,4,4,3,2,2,1,4,2,4,1,2,2,3,4,2,1,4,2,4,1,3,3,1,4,1,3,4,4,2,2,2,2,2,1,1,4,4,2,3,3,4,4,4,2,4,2,1,4,3,2,1,1,2,2,1,1,1,2,4,1,1,3,4,2,1,2,4,4,4,3,1,4,2,3,4,4,2,3,2,1,4,2,3,1,4,4,3,2,2,4,1,2,3,4,1,3,1,1,4,1,2,2,1,4,4,1,2,2,4,4,3,3,1,1,4,4,3,1"
190,0.9875909492720556,0.4509803921568627,2338.0,"3,1,1,3,1,3,4,4,4,3,1,1,1,1,1,1,3,2,1,3,3,3,3,1,4,4,3,2,1,2,4,2,3,2,1,3,1,4,4,1,2,2,1,3,1,2,4,4,1,2,4,1,2,1,4,2,3,4,3,4,3,3,1,1,2,1,1,2,1,4,3,3,1,1,2,1,4,3,2,2,2,1,1,1,2,2,3,3,1,1,3,4,3,1,1,1,1,3,1,1,3,4,3,1,1,2,1,4,1,3,1,1,2,1,1,3,4,2,4,4,1,2,3,4,1,3,4,1,4,2,2,1,3,1,4,3,2,3,2,3,3,3,4,4,1,1,2,4,2,1,2,1,4,3,4,2,2,4,4,1,2,2,4,3,2,3,4,4,1,2,3,1,2,1,4,2,1,1,3,1,2,2,3,2,4,2,2,1,1,2,3,1,3,2,2,4,1,2,4,1,2,2,1,1,1,2,2,4,3,1,2,2,1,3,1,3,2,3,4,2,4,1,1,1,3,2,1,1,2,1,4,2,2,2,4,2,4,2,3,1,3,1,4,3,2,1,1,3,4,3,4,4,1,3,3,4,3,2,2,3,3,4,2,2,1,4,1,2,4,3,4,3,3,4,3,1,2,3,1,3,2,1,2,2,1,1,3,4,2,4,2,4,1,1,2,3,3,3,3,4,1,4,4,4,2,1,2,3,1,2,2,4,2,2,3,3,2,2,2,4,4,4,3,1,4,4,2,4,1,3,4,3,4,3,3,4,4,3,1,1,1,1,4,2,3,1,1,2,2,4,3,3,2,2,2,4,3,2,1,3,3,1,1,3,3,2,4,4,2,1,1,1,1,2,3,2,1,2,4,4,1,2,4,3,1,2,1,4,3,4,1,3,2,4,3,1,2,1,1,2,3,3,2,2,1,1,4,2,4,2,4,1,1,3,4,2,4,1,3,4,1,2,3,1,2,4,2,2,2,3,1,1,2,4,4,1,4,2,1,1,4,1,3,2,3,1,4,3,3,3,4,4,1,4,3,1,4,2,4,4,1,1,1,2,2,4,4,1,1,2,2,1,4,2,1,1,1,2,4,2,4,2,1,1,3,1,4,1,3,1,1,2,4,3,2,3,1,3,2,1,2,4,4,4,3,4,3,3,2,1,1,2,4,2,2,1,3,2,2,3,1,4,2,4,4,2,4,2,3,3,3,3,1,3,2,2,2,4,2,1,1,1,1,1,1,3,1,4,1,2,2,4,1,3,3,3,3,1,4,3,1,1,1,1,1,2,1,1,1,2,2,4,4,1,3,1,4,3,3,4,1,4,3,2,1,4,4,4,2,2,1,1,1,4,2,1,2,3,1,2,1,2,2,4,3,1,2,1,2,3,2,2,1,3,2,1,2,1,3,4,3,1,3,1,1,3,4,3,1,4,1,4,3,3,1,4,1,4,1,3,2,1,2,3,2,4,2,1,2,4,3,4,1,4,2,2,4,2,2,1,1,1,3,3,1,4,4,4,1,3,2,4,1,1,2,3,3,1,2,3,2,2,1,2,2,2,4,2,2,1,3,3,2,1,1,2,2,3,3,3,2,3,1,4,4,4,1,4,2,2,4,4,3,1,3,1,3,2,1,4,1,1,3,4,3,4,3,1,3,3,1,1,1,4,1,3,3,1,1,3,1,1,4,1,4,2,4,1,1,3,1,1,1,4,4,2,4,3,4,1,4,1,3,2,2,2,2,1,1,4,1,2,1,3,3,3,2,4,1,4,1,2,3,2,3,4,4,2,2,1,4,3,4,1,2,3,1,2,3,1,2,4,2,2,1,1,1,2,2,4,1,4,3,4,1,3,2,2,3,1,4,2,3,4,4,2,1,1,3,3,1,3,1,2,4,3,2,1,3,2,3,2,1,4,2,1,3,4,4,3,4,3,3,1,3,1,2,2,3,1,2,1,2,3,2,3,3,2,3,1,1,1,4,2,2,4,2,1,4,4,1,2,3,3,2,3,4,3,2,2,2,4,2,3,2,2,2,4,4,4,4,1,1,3,2,4,4,2,2,1,2,1,2,2,4,4,1,2,4,1,4,3,1,3,2,1,3,2,1,2,3,1,2,2,4,3,1,1,2,3,2,2,1,2,1,1,4,1,4,2,1,1,4,4,1,3,3,4,1,2,2,3,3,2,4,1,3,1,4,4,3,4,2,4,3,4,4,3,3,1,2,3,4,1,4,2,4,1,2,4,1,4,2,4,4,1,4,3,2,1,3,3,2,1,3,4,3,2,3,1,3,3,2,3,3,1,2,2,2,2,4,4,4,2,2,4,2,3,1,2,3,3,4,1,2,2,1,3,2,2,1,3,3,3,2,3,1,4,4,1,1,1,3,1,2,4,2,2,3,3,4,3,3,4,1,4,4,1,1,4,1,1,4,1,2,3,3,4,3,2,1,4,3,2,1,1,2,3,4,1,4,1,1,1,3,3,2,4,4,2,3,4,2,1,4,3,4,1,3,3,2,3,2,3,1,1,1,1,1,4,1,3,2,4,3,1,1,3,4,2,2,2,2,1,4,1,4,2,3,3,1,3,1,1,4,2,2,2,2,4,2,2,3,2,2,1,1,2,1,3,3,3,4,3,2,3,3,3,3,1,3,3,1,1,4,2,4,1,1,1,4,3,2,2,3,2,3,4,1,3,3,1,1,2,3,1,2,4,3,4,1,1,3,4,1,3,3,3,1,1,3,2,3,3,3,2,4,1,1,4,3,3,1,3,4,1,2,3,4,1,1,2,3,2,4,1,1,2,2,2,3,1,3,4,3,2,4,4,3,3,2,2,4,2,1,1,4,3,3,1,3,2,1,4,3,4,4,3,3,1,1,4,4,1,4,2,3,3,2,1,1,4,4,1,4,2,3,2,3,3,4,4,3,4,2,1,4,4,4,1,2,3,2,4,1,2,4,4,3,1,3,2,3,2,4,1,1,4,1,3,2,2,2,3,2,1,2,3,1,4,1,3,1,2,3,4,2,3,3,4,4,3,4,4,2,3,1,2,3,3,2,4,1,1,3,3,1,3,1,4,1,1,1,3,4,2,2,1,3,2,2,1,1,3,2,1,4,4,4,1,3,4,4,4,1,1,1,4,1,1,3,1,2,1,1,2,2,1,3,4,2,3,1,1,2,2,3,1,2,2,4,2,3,1,2,4,2,1,1,1,4,1,1,2,2,3,2,1,1,3,1,3,3,1,2,2,2,3,2,3,4,3,1,1,2,1,2,4,3,1,2,4,1,3,4,3,4,4,3,2,3,3,1,3,3,1,2,3,1,2,2,3,2,3,2,2,2,3,2,4,1,1,4,2,1,4,2,3,3,1,1,4,1,2,4,2,1,3,2,4,3,1,2,1,2,3,4,1,3,3,4,4,3,2,3,3,2,1,3,2,1,2,2,2,1,1,3,3,3,3,3,1,4,2,3,2,2,3,2,2,4,2,2,4,2,2,2,2,2,2,1,4,1,1,4,4,2,3,3,1,2,3,4,4,3,2,2,1,4,2,4,1,2,2,3,4,2,1,4,2,4,1,3,3,1,4,1,3,4,4,2,2,2,2,2,1,1,4,4,2,3,3,4,4,4,2,4,2,1,4,3,2,1,1,2,2,1,1,1,2,4,1,1,3,4,2,1,2,4,4,4,3,1,4,2,3,4,4,2,3,2,1,4,2,3,1,4,4,3,2,2,4,1,2,3,4,1,3,1,1,4,1,2,2,1,4,4,1,2,2,4,4,3,3,1,1,4,4,3,1"
191,0.9868249664978729,0.27450980392156854,8318.0,"8,8,9,5,1,7,5,6,4,3,14,11,1,1,1,1,3,3,1,3,3,11,3,13,8,4,1,10,4,3,4,2,9,15,3,9,1,4,11,12,2,7,1,3,3,1,4,4,13,2,11,1,1,2,4,2,3,1,6,7,3,4,1,1,1,5,15,13,1,10,3,14,7,1,13,4,9,3,3,2,7,4,1,1,7,2,9,3,12,1,3,4,3,1,15,1,13,2,1,7,3,1,1,1,5,13,1,8,10,2,2,13,2,1,1,3,4,2,4,6,5,2,13,4,1,13,8,1,4,2,9,1,9,1,7,3,6,13,11,3,3,3,4,4,1,1,2,4,2,1,2,15,4,3,4,2,2,10,6,1,8,12,4,2,2,1,4,9,1,2,3,1,2,1,4,2,1,1,3,1,6,7,3,2,4,4,5,1,11,2,6,1,3,2,4,4,4,2,4,13,3,13,1,1,4,2,2,4,7,3,6,2,1,5,1,10,9,15,4,2,4,1,15,1,2,4,5,14,2,2,6,2,10,12,4,2,4,10,3,1,3,1,6,7,2,1,8,9,4,5,11,4,1,3,8,7,3,7,2,3,3,15,2,2,11,9,15,2,4,9,4,3,14,11,1,1,6,8,7,9,2,8,11,2,1,1,5,6,2,3,2,4,1,1,3,3,3,3,3,4,2,4,4,6,11,1,2,3,1,2,10,4,5,2,3,3,2,10,2,5,4,4,13,1,14,4,2,15,1,3,4,14,4,3,15,4,11,3,1,12,5,1,4,1,3,1,1,13,2,9,8,4,2,12,11,4,3,2,1,3,3,4,12,3,4,2,4,5,9,6,1,1,6,2,3,12,6,4,4,15,14,8,4,3,2,2,1,4,3,8,8,3,4,15,12,1,2,12,1,13,3,14,3,2,4,1,6,2,15,2,4,1,1,15,4,2,4,15,3,4,1,2,3,13,1,4,2,2,2,3,1,1,2,4,4,1,4,10,4,11,4,1,3,2,15,1,4,14,3,7,6,12,1,4,5,1,4,2,4,14,5,1,4,2,2,7,4,1,1,2,7,1,7,2,5,1,15,11,13,2,6,11,1,1,3,8,4,1,3,1,1,2,12,9,2,3,1,3,2,5,2,7,4,3,3,4,9,1,2,6,1,2,4,15,4,5,13,2,2,5,1,4,2,4,1,9,4,2,3,10,8,2,1,3,7,2,2,14,3,1,1,1,1,11,9,3,1,4,1,2,2,4,1,13,3,3,15,1,4,3,1,1,1,1,1,8,1,1,1,2,2,4,4,1,3,13,4,3,3,4,1,4,3,2,1,4,4,5,2,1,1,1,1,4,2,1,3,3,1,2,1,2,2,4,3,1,6,11,2,3,2,5,3,3,2,1,2,1,3,4,3,1,3,1,12,5,4,3,1,4,1,4,3,3,1,11,2,4,1,3,2,4,2,3,2,4,2,12,2,4,9,4,1,4,2,2,4,2,2,1,1,15,3,3,1,4,4,4,1,3,2,4,1,1,2,12,3,10,2,7,2,2,1,2,13,2,4,2,2,1,3,13,2,1,1,2,2,3,3,3,2,3,1,4,4,4,1,4,11,2,4,4,3,1,3,1,3,2,1,4,1,1,3,1,3,5,7,1,7,3,11,1,15,4,1,3,3,1,1,3,1,1,4,1,4,2,1,1,1,15,1,2,1,4,7,14,4,7,14,1,4,1,3,2,2,2,2,6,1,4,4,2,1,3,10,3,2,4,5,8,1,2,3,2,3,4,4,15,2,1,4,3,4,1,2,3,8,2,3,12,2,4,6,2,1,1,12,2,2,1,1,4,3,4,1,3,2,2,3,1,14,11,3,4,10,2,1,1,3,3,1,11,1,2,4,3,2,1,3,2,3,2,14,4,4,5,14,4,4,3,4,3,3,1,3,1,2,2,3,7,15,12,3,11,7,11,14,2,6,3,3,8,11,2,11,2,5,4,5,13,1,8,4,8,14,9,5,10,14,1,14,9,8,10,1,13,1,11,5,8,11,10,11,9,3,15,9,9,11,2,1,5,9,3,1,2,5,5,1,3,10,7,11,8,7,2,13,14,1,15,2,11,10,10,14,5,2,9,7,9,6,5,15,11,15,5,3,8,14,2,7,1,6,7,11,6,2,3,2,2,4,13,8,13,3,1,10,15,1,14,3,2,10,6,8,3,8,14,3,5,13,2,13,2,4,3,6,12,12,9,6,4,3,14,8,9,13,11,8,4,14,15,11,15,3,10,2,1,14,10,12,11,5,13,12,13,1,7,15,12,2,1,7,3,4,7,11,15,2,13,1,8,1,7,15,5,12,1,13,10,1,6,14,15,9,2,14,14,7,8,14,8,7,12,3,8,9,3,14,11,7,9,3,9,3,7,7,8,10,15,1,13,3,12,15,10,13,9,13,5,8,9,5,6,6,3,8,2,11,8,11,14,3,9,15,10,12,1,12,10,12,9,4,10,4,2,8,6,5,2,8,15,4,8,1,8,7,11,10,15,7,13,15,5,10,1,11,9,9,1,15,12,1,15,8,4,5,9,9,3,3,13,12,13,14,15,11,9,5,10,15,1,9,15,1,9,12,12,1,14,2,7,8,9,12,5,12,9,1,2,12,13,8,2,5,9,4,3,10,13,7,8,12,2,9,13,14,6,11,9,6,5,13,10,1,14,14,9,13,15,1,14,15,15,11,10,6,10,14,4,1,13,6,3,8,9,10,6,11,12,1,1,8,4,9,14,11,5,2,10,1,1,7,11,6,5,7,7,14,7,3,7,14,1,9,11,13,13,2,5,11,12,1,12,11,13,9,11,13,11,11,2,15,2,13,4,14,15,12,3,14,8,10,1,10,12,6,13,3,6,9,13,15,4,6,1,10,6,8,2,1,14,15,8,8,9,15,1,4,13,5,1,8,5,13,3,13,13,7,3,10,5,9,3,4,13,7,14,8,8,14,1,3,6,5,6,13,3,11,10,11,3,9,2,3,14,4,6,12,6,8,4,13,4,2,7,13,5,9,6,1,7,15,11,9,2,14,7,4,11,10,7,8,15,6,7,14,9,9,8,2,15,14,5,2,11,1,13,11,14,8,2,13,8,3,3,4,9,7,12,12,13,7,12,8,8,14,8,10,11,2,14,9,5,13,7,3,10,9,8,9,5,2,9,10,12,14,10,10,14,13,7,15,3,14,9,1,1,14,2,4,1,2,6,13,9,6,5,5,14,12,7,13,6,7,8,3,9,11,14,15,13,5,11,13,14,10,6,8,11,4,13,10,2,6,3,1,15,10,4,9,5,14,9,5,6,1,6,8,14,4,9,6,7,1,7,6,7,2,4,10,15,9,14,12,3,7,4,4,13,9,5,2,4,7,8,12,15,6,14,12,8,15,5,3,7,4,7,10,10,6,14,9,11,14,2,6,6,9,1,3,1,7,14,12,2,7,14,4,2,4,15,2,14,2,15,2,2,2,8,15,14,1,12,4,6,2,14,3,1,2,3,11,3,6,7,14,8,4,11,4,5,2,2,15,4,2,5,4,2,6,1,3,7,1,3,4,14,4,3,10,8,4,2,2,4,6,1,9,3,3,3,4,4,9,8,1,7,6,7,3,6,6,1,2,6,10,15,8,3,11,1,12,4,12,2,1,2,4,4,9,8,2,4,14,13,10,4,2,9,2,9,3,14,10,4,6,4,3,11,7,4,2,11,3,7,12,3,1,1,6,1,1,10,10,6,6,1,2,10,4,4,1,9,3,7,10,14,3,1"
192,0.9868249664978729,0.27450980392156854,8318.0,"8,8,9,5,1,7,5,6,4,3,14,11,1,1,1,1,3,3,1,3,3,11,3,13,8,4,1,10,4,3,4,2,9,15,3,9,1,4,11,12,2,7,1,3,3,1,4,4,13,2,11,1,1,2,4,2,3,1,6,7,3,4,1,1,1,5,15,13,1,10,3,14,7,1,13,4,9,3,3,2,7,4,1,1,7,2,9,3,12,1,3,4,3,1,15,1,13,2,1,7,3,1,1,1,5,13,1,8,10,2,2,13,2,1,1,3,4,2,4,6,5,2,13,4,1,13,8,1,4,2,9,1,9,1,7,3,6,13,11,3,3,3,4,4,1,1,2,4,2,1,2,15,4,3,4,2,2,10,6,1,8,12,4,2,2,1,4,9,1,2,3,1,2,1,4,2,1,1,3,1,6,7,3,2,4,4,5,1,11,2,6,1,3,2,4,4,4,2,4,13,3,13,1,1,4,2,2,4,7,3,6,2,1,5,1,10,9,15,4,2,4,1,15,1,2,4,5,14,2,2,6,2,10,12,4,2,4,10,3,1,3,1,6,7,2,1,8,9,4,5,11,4,1,3,8,7,3,7,2,3,3,15,2,2,11,9,15,2,4,9,4,3,14,11,1,1,6,8,7,9,2,8,11,2,1,1,5,6,2,3,2,4,1,1,3,3,3,3,3,4,2,4,4,6,11,1,2,3,1,2,10,4,5,2,3,3,2,10,2,5,4,4,13,1,14,4,2,15,1,3,4,14,4,3,15,4,11,3,1,12,5,1,4,1,3,1,1,13,2,9,8,4,2,12,11,4,3,2,1,3,3,4,12,3,4,2,4,5,9,6,1,1,6,2,3,12,6,4,4,15,14,8,4,3,2,2,1,4,3,8,8,3,4,15,12,1,2,12,1,13,3,14,3,2,4,1,6,2,15,2,4,1,1,15,4,2,4,15,3,4,1,2,3,13,1,4,2,2,2,3,1,1,2,4,4,1,4,10,4,11,4,1,3,2,15,1,4,14,3,7,6,12,1,4,5,1,4,2,4,14,5,1,4,2,2,7,4,1,1,2,7,1,7,2,5,1,15,11,13,2,6,11,1,1,3,8,4,1,3,1,1,2,12,9,2,3,1,3,2,5,2,7,4,3,3,4,9,1,2,6,1,2,4,15,4,5,13,2,2,5,1,4,2,4,1,9,4,2,3,10,8,2,1,3,7,2,2,14,3,1,1,1,1,11,9,3,1,4,1,2,2,4,1,13,3,3,15,1,4,3,1,1,1,1,1,8,1,1,1,2,2,4,4,1,3,13,4,3,3,4,1,4,3,2,1,4,4,5,2,1,1,1,1,4,2,1,3,3,1,2,1,2,2,4,3,1,6,11,2,3,2,5,3,3,2,1,2,1,3,4,3,1,3,1,12,5,4,3,1,4,1,4,3,3,1,11,2,4,1,3,2,4,2,3,2,4,2,12,2,4,9,4,1,4,2,2,4,2,2,1,1,15,3,3,1,4,4,4,1,3,2,4,1,1,2,12,3,10,2,7,2,2,1,2,13,2,4,2,2,1,3,13,2,1,1,2,2,3,3,3,2,3,1,4,4,4,1,4,11,2,4,4,3,1,3,1,3,2,1,4,1,1,3,1,3,5,7,1,7,3,11,1,15,4,1,3,3,1,1,3,1,1,4,1,4,2,1,1,1,15,1,2,1,4,7,14,4,7,14,1,4,1,3,2,2,2,2,6,1,4,4,2,1,3,10,3,2,4,5,8,1,2,3,2,3,4,4,15,2,1,4,3,4,1,2,3,8,2,3,12,2,4,6,2,1,1,12,2,2,1,1,4,3,4,1,3,2,2,3,1,14,11,3,4,10,2,1,1,3,3,1,11,1,2,4,3,2,1,3,2,3,2,14,4,4,5,14,4,4,3,4,3,3,1,3,1,2,2,3,7,15,12,3,11,7,11,14,2,6,3,3,8,11,2,11,2,5,4,5,13,1,8,4,8,14,9,5,10,14,1,14,9,8,10,1,13,1,11,5,8,11,10,11,9,3,15,9,9,11,2,1,5,9,3,1,2,5,5,1,3,10,7,11,8,7,2,13,14,1,15,2,11,10,10,14,5,2,9,7,9,6,5,15,11,15,5,3,8,14,2,7,1,6,7,11,6,2,3,2,2,4,13,8,13,3,1,10,15,1,14,3,2,10,6,8,3,8,14,3,5,13,2,13,2,4,3,6,12,12,9,6,4,3,14,8,9,13,11,8,4,14,15,11,15,3,10,2,1,14,10,12,11,5,13,12,13,1,7,15,12,2,1,7,3,4,7,11,15,2,13,1,8,1,7,15,5,12,1,13,10,1,6,14,15,9,2,14,14,7,8,14,8,7,12,3,8,9,3,14,11,7,9,3,9,3,7,7,8,10,15,1,13,3,12,15,10,13,9,13,5,8,9,5,6,6,3,8,2,11,8,11,14,3,9,15,10,12,1,12,10,12,9,4,10,4,2,8,6,5,2,8,15,4,8,1,8,7,11,10,15,7,13,15,5,10,1,11,9,9,1,15,12,1,15,8,4,5,9,9,3,3,13,12,13,14,15,11,9,5,10,15,1,9,15,1,9,12,12,1,14,2,7,8,9,12,5,12,9,1,2,12,13,8,2,5,9,4,3,10,13,7,8,12,2,9,13,14,6,11,9,6,5,13,10,1,14,14,9,13,15,1,14,15,15,11,10,6,10,14,4,1,13,6,3,8,9,10,6,11,12,1,1,8,4,9,14,11,5,2,10,1,1,7,11,6,5,7,7,14,7,3,7,14,1,9,11,13,13,2,5,11,12,1,12,11,13,9,11,13,11,11,2,15,2,13,4,14,15,12,3,14,8,10,1,10,12,6,13,3,6,9,13,15,4,6,1,10,6,8,2,1,14,15,8,8,9,15,1,4,13,5,1,8,5,13,3,13,13,7,3,10,5,9,3,4,13,7,14,8,8,14,1,3,6,5,6,13,3,11,10,11,3,9,2,3,14,4,6,12,6,8,4,13,4,2,7,13,5,9,6,1,7,15,11,9,2,14,7,4,11,10,7,8,15,6,7,14,9,9,8,2,15,14,5,2,11,1,13,11,14,8,2,13,8,3,3,4,9,7,12,12,13,7,12,8,8,14,8,10,11,2,14,9,5,13,7,3,10,9,8,9,5,2,9,10,12,14,10,10,14,13,7,15,3,14,9,1,1,14,2,4,1,2,6,13,9,6,5,5,14,12,7,13,6,7,8,3,9,11,14,15,13,5,11,13,14,10,6,8,11,4,13,10,2,6,3,1,15,10,4,9,5,14,9,5,6,1,6,8,14,4,9,6,7,1,7,6,7,2,4,10,15,9,14,12,3,7,4,4,13,9,5,2,4,7,8,12,15,6,14,12,8,15,5,3,7,4,7,10,10,6,14,9,11,14,2,6,6,9,1,3,1,7,14,12,2,7,14,4,2,4,15,2,14,2,15,2,2,2,8,15,14,1,12,4,6,2,14,3,1,2,3,11,3,6,7,14,8,4,11,4,5,2,2,15,4,2,5,4,2,6,1,3,7,1,3,4,14,4,3,10,8,4,2,2,4,6,1,9,3,3,3,4,4,9,8,1,7,6,7,3,6,6,1,2,6,10,15,8,3,11,1,12,4,12,2,1,2,4,4,9,8,2,4,14,13,10,4,2,9,2,9,3,14,10,4,6,4,3,11,7,4,2,11,3,7,12,3,1,1,6,1,1,10,10,6,6,1,2,10,4,4,1,9,3,7,10,14,3,1"
193,0.9868249664978729,0.27450980392156854,8318.0,"8,8,9,5,1,7,5,6,4,3,14,11,1,1,1,1,3,3,1,3,3,11,3,13,8,4,1,10,4,3,4,2,9,15,3,9,1,4,11,12,2,7,1,3,3,1,4,4,13,2,11,1,1,2,4,2,3,1,6,7,3,4,1,1,1,5,15,13,1,10,3,14,7,1,13,4,9,3,3,2,7,4,1,1,7,2,9,3,12,1,3,4,3,1,15,1,13,2,1,7,3,1,1,1,5,13,1,8,10,2,2,13,2,1,1,3,4,2,4,6,5,2,13,4,1,13,8,1,4,2,9,1,9,1,7,3,6,13,11,3,3,3,4,4,1,1,2,4,2,1,2,15,4,3,4,2,2,10,6,1,8,12,4,2,2,1,4,9,1,2,3,1,2,1,4,2,1,1,3,1,6,7,3,2,4,4,5,1,11,2,6,1,3,2,4,4,4,2,4,13,3,13,1,1,4,2,2,4,7,3,6,2,1,5,1,10,9,15,4,2,4,1,15,1,2,4,5,14,2,2,6,2,10,12,4,2,4,10,3,1,3,1,6,7,2,1,8,9,4,5,11,4,1,3,8,7,3,7,2,3,3,15,2,2,11,9,15,2,4,9,4,3,14,11,1,1,6,8,7,9,2,8,11,2,1,1,5,6,2,3,2,4,1,1,3,3,3,3,3,4,2,4,4,6,11,1,2,3,1,2,10,4,5,2,3,3,2,10,2,5,4,4,13,1,14,4,2,15,1,3,4,14,4,3,15,4,11,3,1,12,5,1,4,1,3,1,1,13,2,9,8,4,2,12,11,4,3,2,1,3,3,4,12,3,4,2,4,5,9,6,1,1,6,2,3,12,6,4,4,15,14,8,4,3,2,2,1,4,3,8,8,3,4,15,12,1,2,12,1,13,3,14,3,2,4,1,6,2,15,2,4,1,1,15,4,2,4,15,3,4,1,2,3,13,1,4,2,2,2,3,1,1,2,4,4,1,4,10,4,11,4,1,3,2,15,1,4,14,3,7,6,12,1,4,5,1,4,2,4,14,5,1,4,2,2,7,4,1,1,2,7,1,7,2,5,1,15,11,13,2,6,11,1,1,3,8,4,1,3,1,1,2,12,9,2,3,1,3,2,5,2,7,4,3,3,4,9,1,2,6,1,2,4,15,4,5,13,2,2,5,1,4,2,4,1,9,4,2,3,10,8,2,1,3,7,2,2,14,3,1,1,1,1,11,9,3,1,4,1,2,2,4,1,13,3,3,15,1,4,3,1,1,1,1,1,8,1,1,1,2,2,4,4,1,3,13,4,3,3,4,1,4,3,2,1,4,4,5,2,1,1,1,1,4,2,1,3,3,1,2,1,2,2,4,3,1,6,11,2,3,2,5,3,3,2,1,2,1,3,4,3,1,3,1,12,5,4,3,1,4,1,4,3,3,1,11,2,4,1,3,2,4,2,3,2,4,2,12,2,4,9,4,1,4,2,2,4,2,2,1,1,15,3,3,1,4,4,4,1,3,2,4,1,1,2,12,3,10,2,7,2,2,1,2,13,2,4,2,2,1,3,13,2,1,1,2,2,3,3,3,2,3,1,4,4,4,1,4,11,2,4,4,3,1,3,1,3,2,1,4,1,1,3,1,3,5,7,1,7,3,11,1,15,4,1,3,3,1,1,3,1,1,4,1,4,2,1,1,1,15,1,2,1,4,7,14,4,7,14,1,4,1,3,2,2,2,2,6,1,4,4,2,1,3,10,3,2,4,5,8,1,2,3,2,3,4,4,15,2,1,4,3,4,1,2,3,8,2,3,12,2,4,6,2,1,1,12,2,2,1,1,4,3,4,1,3,2,2,3,1,14,11,3,4,10,2,1,1,3,3,1,11,1,2,4,3,2,1,3,2,3,2,14,4,4,5,14,4,4,3,4,3,3,1,3,1,2,2,3,7,15,12,3,11,7,11,14,2,6,3,3,8,11,2,11,2,5,4,5,13,1,8,4,8,14,9,5,10,14,1,14,9,8,10,1,13,1,11,5,8,11,10,11,9,3,15,9,9,11,2,1,5,9,3,1,2,5,5,1,3,10,7,11,8,7,2,13,14,1,15,2,11,10,10,14,5,2,9,7,9,6,5,15,11,15,5,3,8,14,2,7,1,6,7,11,6,2,3,2,2,4,13,8,13,3,1,10,15,1,14,3,2,10,6,8,3,8,14,3,5,13,2,13,2,4,3,6,12,12,9,6,4,3,14,8,9,13,11,8,4,14,15,11,15,3,10,2,1,14,10,12,11,5,13,12,13,1,7,15,12,2,1,7,3,4,7,11,15,2,13,1,8,1,7,15,5,12,1,13,10,1,6,14,15,9,2,14,14,7,8,14,8,7,12,3,8,9,3,14,11,7,9,3,9,3,7,7,8,10,15,1,13,3,12,15,10,13,9,13,5,8,9,5,6,6,3,8,2,11,8,11,14,3,9,15,10,12,1,12,10,12,9,4,10,4,2,8,6,5,2,8,15,4,8,1,8,7,11,10,15,7,13,15,5,10,1,11,9,9,1,15,12,1,15,8,4,5,9,9,3,3,13,12,13,14,15,11,9,5,10,15,1,9,15,1,9,12,12,1,14,2,7,8,9,12,5,12,9,1,2,12,13,8,2,5,9,4,3,10,13,7,8,12,2,9,13,14,6,11,9,6,5,13,10,1,14,14,9,13,15,1,14,15,15,11,10,6,10,14,4,1,13,6,3,8,9,10,6,11,12,1,1,8,4,9,14,11,5,2,10,1,1,7,11,6,5,7,7,14,7,3,7,14,1,9,11,13,13,2,5,11,12,1,12,11,13,9,11,13,11,11,2,15,2,13,4,14,15,12,3,14,8,10,1,10,12,6,13,3,6,9,13,15,4,6,1,10,6,8,2,1,14,15,8,8,9,15,1,4,13,5,1,8,5,13,3,13,13,7,3,10,5,9,3,4,13,7,14,8,8,14,1,3,6,5,6,13,3,11,10,11,3,9,2,3,14,4,6,12,6,8,4,13,4,2,7,13,5,9,6,1,7,15,11,9,2,14,7,4,11,10,7,8,15,6,7,14,9,9,8,2,15,14,5,2,11,1,13,11,14,8,2,13,8,3,3,4,9,7,12,12,13,7,12,8,8,14,8,10,11,2,14,9,5,13,7,3,10,9,8,9,5,2,9,10,12,14,10,10,14,13,7,15,3,14,9,1,1,14,2,4,1,2,6,13,9,6,5,5,14,12,7,13,6,7,8,3,9,11,14,15,13,5,11,13,14,10,6,8,11,4,13,10,2,6,3,1,15,10,4,9,5,14,9,5,6,1,6,8,14,4,9,6,7,1,7,6,7,2,4,10,15,9,14,12,3,7,4,4,13,9,5,2,4,7,8,12,15,6,14,12,8,15,5,3,7,4,7,10,10,6,14,9,11,14,2,6,6,9,1,3,1,7,14,12,2,7,14,4,2,4,15,2,14,2,15,2,2,2,8,15,14,1,12,4,6,2,14,3,1,2,3,11,3,6,7,14,8,4,11,4,5,2,2,15,4,2,5,4,2,6,1,3,7,1,3,4,14,4,3,10,8,4,2,2,4,6,1,9,3,3,3,4,4,9,8,1,7,6,7,3,6,6,1,2,6,10,15,8,3,11,1,12,4,12,2,1,2,4,4,9,8,2,4,14,13,10,4,2,9,2,9,3,14,10,4,6,4,3,11,7,4,2,11,3,7,12,3,1,1,6,1,1,10,10,6,6,1,2,10,4,4,1,9,3,7,10,14,3,1"
194,0.9868249664978729,0.27450980392156854,8318.0,"8,8,9,5,1,7,5,6,4,3,14,11,1,1,1,1,3,3,1,3,3,11,3,13,8,4,1,10,4,3,4,2,9,15,3,9,1,4,11,12,2,7,1,3,3,1,4,4,13,2,11,1,1,2,4,2,3,1,6,7,3,4,1,1,1,5,15,13,1,10,3,14,7,1,13,4,9,3,3,2,7,4,1,1,7,2,9,3,12,1,3,4,3,1,15,1,13,2,1,7,3,1,1,1,5,13,1,8,10,2,2,13,2,1,1,3,4,2,4,6,5,2,13,4,1,13,8,1,4,2,9,1,9,1,7,3,6,13,11,3,3,3,4,4,1,1,2,4,2,1,2,15,4,3,4,2,2,10,6,1,8,12,4,2,2,1,4,9,1,2,3,1,2,1,4,2,1,1,3,1,6,7,3,2,4,4,5,1,11,2,6,1,3,2,4,4,4,2,4,13,3,13,1,1,4,2,2,4,7,3,6,2,1,5,1,10,9,15,4,2,4,1,15,1,2,4,5,14,2,2,6,2,10,12,4,2,4,10,3,1,3,1,6,7,2,1,8,9,4,5,11,4,1,3,8,7,3,7,2,3,3,15,2,2,11,9,15,2,4,9,4,3,14,11,1,1,6,8,7,9,2,8,11,2,1,1,5,6,2,3,2,4,1,1,3,3,3,3,3,4,2,4,4,6,11,1,2,3,1,2,10,4,5,2,3,3,2,10,2,5,4,4,13,1,14,4,2,15,1,3,4,14,4,3,15,4,11,3,1,12,5,1,4,1,3,1,1,13,2,9,8,4,2,12,11,4,3,2,1,3,3,4,12,3,4,2,4,5,9,6,1,1,6,2,3,12,6,4,4,15,14,8,4,3,2,2,1,4,3,8,8,3,4,15,12,1,2,12,1,13,3,14,3,2,4,1,6,2,15,2,4,1,1,15,4,2,4,15,3,4,1,2,3,13,1,4,2,2,2,3,1,1,2,4,4,1,4,10,4,11,4,1,3,2,15,1,4,14,3,7,6,12,1,4,5,1,4,2,4,14,5,1,4,2,2,7,4,1,1,2,7,1,7,2,5,1,15,11,13,2,6,11,1,1,3,8,4,1,3,1,1,2,12,9,2,3,1,3,2,5,2,7,4,3,3,4,9,1,2,6,1,2,4,15,4,5,13,2,2,5,1,4,2,4,1,9,4,2,3,10,8,2,1,3,7,2,2,14,3,1,1,1,1,11,9,3,1,4,1,2,2,4,1,13,3,3,15,1,4,3,1,1,1,1,1,8,1,1,1,2,2,4,4,1,3,13,4,3,3,4,1,4,3,2,1,4,4,5,2,1,1,1,1,4,2,1,3,3,1,2,1,2,2,4,3,1,6,11,2,3,2,5,3,3,2,1,2,1,3,4,3,1,3,1,12,5,4,3,1,4,1,4,3,3,1,11,2,4,1,3,2,4,2,3,2,4,2,12,2,4,9,4,1,4,2,2,4,2,2,1,1,15,3,3,1,4,4,4,1,3,2,4,1,1,2,12,3,10,2,7,2,2,1,2,13,2,4,2,2,1,3,13,2,1,1,2,2,3,3,3,2,3,1,4,4,4,1,4,11,2,4,4,3,1,3,1,3,2,1,4,1,1,3,1,3,5,7,1,7,3,11,1,15,4,1,3,3,1,1,3,1,1,4,1,4,2,1,1,1,15,1,2,1,4,7,14,4,7,14,1,4,1,3,2,2,2,2,6,1,4,4,2,1,3,10,3,2,4,5,8,1,2,3,2,3,4,4,15,2,1,4,3,4,1,2,3,8,2,3,12,2,4,6,2,1,1,12,2,2,1,1,4,3,4,1,3,2,2,3,1,14,11,3,4,10,2,1,1,3,3,1,11,1,2,4,3,2,1,3,2,3,2,14,4,4,5,14,4,4,3,4,3,3,1,3,1,2,2,3,7,15,12,3,11,7,11,14,2,6,3,3,8,11,2,11,2,5,4,5,13,1,8,4,8,14,9,5,10,14,1,14,9,8,10,1,13,1,11,5,8,11,10,11,9,3,15,9,9,11,2,1,5,9,3,1,2,5,5,1,3,10,7,11,8,7,2,13,14,1,15,2,11,10,10,14,5,2,9,7,9,6,5,15,11,15,5,3,8,14,2,7,1,6,7,11,6,2,3,2,2,4,13,8,13,3,1,10,15,1,14,3,2,10,6,8,3,8,14,3,5,13,2,13,2,4,3,6,12,12,9,6,4,3,14,8,9,13,11,8,4,14,15,11,15,3,10,2,1,14,10,12,11,5,13,12,13,1,7,15,12,2,1,7,3,4,7,11,15,2,13,1,8,1,7,15,5,12,1,13,10,1,6,14,15,9,2,14,14,7,8,14,8,7,12,3,8,9,3,14,11,7,9,3,9,3,7,7,8,10,15,1,13,3,12,15,10,13,9,13,5,8,9,5,6,6,3,8,2,11,8,11,14,3,9,15,10,12,1,12,10,12,9,4,10,4,2,8,6,5,2,8,15,4,8,1,8,7,11,10,15,7,13,15,5,10,1,11,9,9,1,15,12,1,15,8,4,5,9,9,3,3,13,12,13,14,15,11,9,5,10,15,1,9,15,1,9,12,12,1,14,2,7,8,9,12,5,12,9,1,2,12,13,8,2,5,9,4,3,10,13,7,8,12,2,9,13,14,6,11,9,6,5,13,10,1,14,14,9,13,15,1,14,15,15,11,10,6,10,14,4,1,13,6,3,8,9,10,6,11,12,1,1,8,4,9,14,11,5,2,10,1,1,7,11,6,5,7,7,14,7,3,7,14,1,9,11,13,13,2,5,11,12,1,12,11,13,9,11,13,11,11,2,15,2,13,4,14,15,12,3,14,8,10,1,10,12,6,13,3,6,9,13,15,4,6,1,10,6,8,2,1,14,15,8,8,9,15,1,4,13,5,1,8,5,13,3,13,13,7,3,10,5,9,3,4,13,7,14,8,8,14,1,3,6,5,6,13,3,11,10,11,3,9,2,3,14,4,6,12,6,8,4,13,4,2,7,13,5,9,6,1,7,15,11,9,2,14,7,4,11,10,7,8,15,6,7,14,9,9,8,2,15,14,5,2,11,1,13,11,14,8,2,13,8,3,3,4,9,7,12,12,13,7,12,8,8,14,8,10,11,2,14,9,5,13,7,3,10,9,8,9,5,2,9,10,12,14,10,10,14,13,7,15,3,14,9,1,1,14,2,4,1,2,6,13,9,6,5,5,14,12,7,13,6,7,8,3,9,11,14,15,13,5,11,13,14,10,6,8,11,4,13,10,2,6,3,1,15,10,4,9,5,14,9,5,6,1,6,8,14,4,9,6,7,1,7,6,7,2,4,10,15,9,14,12,3,7,4,4,13,9,5,2,4,7,8,12,15,6,14,12,8,15,5,3,7,4,7,10,10,6,14,9,11,14,2,6,6,9,1,3,1,7,14,12,2,7,14,4,2,4,15,2,14,2,15,2,2,2,8,15,14,1,12,4,6,2,14,3,1,2,3,11,3,6,7,14,8,4,11,4,5,2,2,15,4,2,5,4,2,6,1,3,7,1,3,4,14,4,3,10,8,4,2,2,4,6,1,9,3,3,3,4,4,9,8,1,7,6,7,3,6,6,1,2,6,10,15,8,3,11,1,12,4,12,2,1,2,4,4,9,8,2,4,14,13,10,4,2,9,2,9,3,14,10,4,6,4,3,11,7,4,2,11,3,7,12,3,1,1,6,1,1,10,10,6,6,1,2,10,4,4,1,9,3,7,10,14,3,1"
195,0.9868249664978729,0.27450980392156854,8318.0,"8,8,9,5,1,7,5,6,4,3,14,11,1,1,1,1,3,3,1,3,3,11,3,13,8,4,1,10,4,3,4,2,9,15,3,9,1,4,11,12,2,7,1,3,3,1,4,4,13,2,11,1,1,2,4,2,3,1,6,7,3,4,1,1,1,5,15,13,1,10,3,14,7,1,13,4,9,3,3,2,7,4,1,1,7,2,9,3,12,1,3,4,3,1,15,1,13,2,1,7,3,1,1,1,5,13,1,8,10,2,2,13,2,1,1,3,4,2,4,6,5,2,13,4,1,13,8,1,4,2,9,1,9,1,7,3,6,13,11,3,3,3,4,4,1,1,2,4,2,1,2,15,4,3,4,2,2,10,6,1,8,12,4,2,2,1,4,9,1,2,3,1,2,1,4,2,1,1,3,1,6,7,3,2,4,4,5,1,11,2,6,1,3,2,4,4,4,2,4,13,3,13,1,1,4,2,2,4,7,3,6,2,1,5,1,10,9,15,4,2,4,1,15,1,2,4,5,14,2,2,6,2,10,12,4,2,4,10,3,1,3,1,6,7,2,1,8,9,4,5,11,4,1,3,8,7,3,7,2,3,3,15,2,2,11,9,15,2,4,9,4,3,14,11,1,1,6,8,7,9,2,8,11,2,1,1,5,6,2,3,2,4,1,1,3,3,3,3,3,4,2,4,4,6,11,1,2,3,1,2,10,4,5,2,3,3,2,10,2,5,4,4,13,1,14,4,2,15,1,3,4,14,4,3,15,4,11,3,1,12,5,1,4,1,3,1,1,13,2,9,8,4,2,12,11,4,3,2,1,3,3,4,12,3,4,2,4,5,9,6,1,1,6,2,3,12,6,4,4,15,14,8,4,3,2,2,1,4,3,8,8,3,4,15,12,1,2,12,1,13,3,14,3,2,4,1,6,2,15,2,4,1,1,15,4,2,4,15,3,4,1,2,3,13,1,4,2,2,2,3,1,1,2,4,4,1,4,10,4,11,4,1,3,2,15,1,4,14,3,7,6,12,1,4,5,1,4,2,4,14,5,1,4,2,2,7,4,1,1,2,7,1,7,2,5,1,15,11,13,2,6,11,1,1,3,8,4,1,3,1,1,2,12,9,2,3,1,3,2,5,2,7,4,3,3,4,9,1,2,6,1,2,4,15,4,5,13,2,2,5,1,4,2,4,1,9,4,2,3,10,8,2,1,3,7,2,2,14,3,1,1,1,1,11,9,3,1,4,1,2,2,4,1,13,3,3,15,1,4,3,1,1,1,1,1,8,1,1,1,2,2,4,4,1,3,13,4,3,3,4,1,4,3,2,1,4,4,5,2,1,1,1,1,4,2,1,3,3,1,2,1,2,2,4,3,1,6,11,2,3,2,5,3,3,2,1,2,1,3,4,3,1,3,1,12,5,4,3,1,4,1,4,3,3,1,11,2,4,1,3,2,4,2,3,2,4,2,12,2,4,9,4,1,4,2,2,4,2,2,1,1,15,3,3,1,4,4,4,1,3,2,4,1,1,2,12,3,10,2,7,2,2,1,2,13,2,4,2,2,1,3,13,2,1,1,2,2,3,3,3,2,3,1,4,4,4,1,4,11,2,4,4,3,1,3,1,3,2,1,4,1,1,3,1,3,5,7,1,7,3,11,1,15,4,1,3,3,1,1,3,1,1,4,1,4,2,1,1,1,15,1,2,1,4,7,14,4,7,14,1,4,1,3,2,2,2,2,6,1,4,4,2,1,3,10,3,2,4,5,8,1,2,3,2,3,4,4,15,2,1,4,3,4,1,2,3,8,2,3,12,2,4,6,2,1,1,12,2,2,1,1,4,3,4,1,3,2,2,3,1,14,11,3,4,10,2,1,1,3,3,1,11,1,2,4,3,2,1,3,2,3,2,14,4,4,5,14,4,4,3,4,3,3,1,3,1,2,2,3,7,15,12,3,11,7,11,14,2,6,3,3,8,11,2,11,2,5,4,5,13,1,8,4,8,14,9,5,10,14,1,14,9,8,10,1,13,1,11,5,8,11,10,11,9,3,15,9,9,11,2,1,5,9,3,1,2,5,5,1,3,10,7,11,8,7,2,13,14,1,15,2,11,10,10,14,5,2,9,7,9,6,5,15,11,15,5,3,8,14,2,7,1,6,7,11,6,2,3,2,2,4,13,8,13,3,1,10,15,1,14,3,2,10,6,8,3,8,14,3,5,13,2,13,2,4,3,6,12,12,9,6,4,3,14,8,9,13,11,8,4,14,15,11,15,3,10,2,1,14,10,12,11,5,13,12,13,1,7,15,12,2,1,7,3,4,7,11,15,2,13,1,8,1,7,15,5,12,1,13,10,1,6,14,15,9,2,14,14,7,8,14,8,7,12,3,8,9,3,14,11,7,9,3,9,3,7,7,8,10,15,1,13,3,12,15,10,13,9,13,5,8,9,5,6,6,3,8,2,11,8,11,14,3,9,15,10,12,1,12,10,12,9,4,10,4,2,8,6,5,2,8,15,4,8,1,8,7,11,10,15,7,13,15,5,10,1,11,9,9,1,15,12,1,15,8,4,5,9,9,3,3,13,12,13,14,15,11,9,5,10,15,1,9,15,1,9,12,12,1,14,2,7,8,9,12,5,12,9,1,2,12,13,8,2,5,9,4,3,10,13,7,8,12,2,9,13,14,6,11,9,6,5,13,10,1,14,14,9,13,15,1,14,15,15,11,10,6,10,14,4,1,13,6,3,8,9,10,6,11,12,1,1,8,4,9,14,11,5,2,10,1,1,7,11,6,5,7,7,14,7,3,7,14,1,9,11,13,13,2,5,11,12,1,12,11,13,9,11,13,11,11,2,15,2,13,4,14,15,12,3,14,8,10,1,10,12,6,13,3,6,9,13,15,4,6,1,10,6,8,2,1,14,15,8,8,9,15,1,4,13,5,1,8,5,13,3,13,13,7,3,10,5,9,3,4,13,7,14,8,8,14,1,3,6,5,6,13,3,11,10,11,3,9,2,3,14,4,6,12,6,8,4,13,4,2,7,13,5,9,6,1,7,15,11,9,2,14,7,4,11,10,7,8,15,6,7,14,9,9,8,2,15,14,5,2,11,1,13,11,14,8,2,13,8,3,3,4,9,7,12,12,13,7,12,8,8,14,8,10,11,2,14,9,5,13,7,3,10,9,8,9,5,2,9,10,12,14,10,10,14,13,7,15,3,14,9,1,1,14,2,4,1,2,6,13,9,6,5,5,14,12,7,13,6,7,8,3,9,11,14,15,13,5,11,13,14,10,6,8,11,4,13,10,2,6,3,1,15,10,4,9,5,14,9,5,6,1,6,8,14,4,9,6,7,1,7,6,7,2,4,10,15,9,14,12,3,7,4,4,13,9,5,2,4,7,8,12,15,6,14,12,8,15,5,3,7,4,7,10,10,6,14,9,11,14,2,6,6,9,1,3,1,7,14,12,2,7,14,4,2,4,15,2,14,2,15,2,2,2,8,15,14,1,12,4,6,2,14,3,1,2,3,11,3,6,7,14,8,4,11,4,5,2,2,15,4,2,5,4,2,6,1,3,7,1,3,4,14,4,3,10,8,4,2,2,4,6,1,9,3,3,3,4,4,9,8,1,7,6,7,3,6,6,1,2,6,10,15,8,3,11,1,12,4,12,2,1,2,4,4,9,8,2,4,14,13,10,4,2,9,2,9,3,14,10,4,6,4,3,11,7,4,2,11,3,7,12,3,1,1,6,1,1,10,10,6,6,1,2,10,4,4,1,9,3,7,10,14,3,1"
196,0.9868249664978729,0.27450980392156854,8318.0,"8,8,9,5,1,7,5,6,4,3,14,11,1,1,1,1,3,3,1,3,3,11,3,13,8,4,1,10,4,3,4,2,9,15,3,9,1,4,11,12,2,7,1,3,3,1,4,4,13,2,11,1,1,2,4,2,3,1,6,7,3,4,1,1,1,5,15,13,1,10,3,14,7,1,13,4,9,3,3,2,7,4,1,1,7,2,9,3,12,1,3,4,3,1,15,1,13,2,1,7,3,1,1,1,5,13,1,8,10,2,2,13,2,1,1,3,4,2,4,6,5,2,13,4,1,13,8,1,4,2,9,1,9,1,7,3,6,13,11,3,3,3,4,4,1,1,2,4,2,1,2,15,4,3,4,2,2,10,6,1,8,12,4,2,2,1,4,9,1,2,3,1,2,1,4,2,1,1,3,1,6,7,3,2,4,4,5,1,11,2,6,1,3,2,4,4,4,2,4,13,3,13,1,1,4,2,2,4,7,3,6,2,1,5,1,10,9,15,4,2,4,1,15,1,2,4,5,14,2,2,6,2,10,12,4,2,4,10,3,1,3,1,6,7,2,1,8,9,4,5,11,4,1,3,8,7,3,7,2,3,3,15,2,2,11,9,15,2,4,9,4,3,14,11,1,1,6,8,7,9,2,8,11,2,1,1,5,6,2,3,2,4,1,1,3,3,3,3,3,4,2,4,4,6,11,1,2,3,1,2,10,4,5,2,3,3,2,10,2,5,4,4,13,1,14,4,2,15,1,3,4,14,4,3,15,4,11,3,1,12,5,1,4,1,3,1,1,13,2,9,8,4,2,12,11,4,3,2,1,3,3,4,12,3,4,2,4,5,9,6,1,1,6,2,3,12,6,4,4,15,14,8,4,3,2,2,1,4,3,8,8,3,4,15,12,1,2,12,1,13,3,14,3,2,4,1,6,2,15,2,4,1,1,15,4,2,4,15,3,4,1,2,3,13,1,4,2,2,2,3,1,1,2,4,4,1,4,10,4,11,4,1,3,2,15,1,4,14,3,7,6,12,1,4,5,1,4,2,4,14,5,1,4,2,2,7,4,1,1,2,7,1,7,2,5,1,15,11,13,2,6,11,1,1,3,8,4,1,3,1,1,2,12,9,2,3,1,3,2,5,2,7,4,3,3,4,9,1,2,6,1,2,4,15,4,5,13,2,2,5,1,4,2,4,1,9,4,2,3,10,8,2,1,3,7,2,2,14,3,1,1,1,1,11,9,3,1,4,1,2,2,4,1,13,3,3,15,1,4,3,1,1,1,1,1,8,1,1,1,2,2,4,4,1,3,13,4,3,3,4,1,4,3,2,1,4,4,5,2,1,1,1,1,4,2,1,3,3,1,2,1,2,2,4,3,1,6,11,2,3,2,5,3,3,2,1,2,1,3,4,3,1,3,1,12,5,4,3,1,4,1,4,3,3,1,11,2,4,1,3,2,4,2,3,2,4,2,12,2,4,9,4,1,4,2,2,4,2,2,1,1,15,3,3,1,4,4,4,1,3,2,4,1,1,2,12,3,10,2,7,2,2,1,2,13,2,4,2,2,1,3,13,2,1,1,2,2,3,3,3,2,3,1,4,4,4,1,4,11,2,4,4,3,1,3,1,3,2,1,4,1,1,3,1,3,5,7,1,7,3,11,1,15,4,1,3,3,1,1,3,1,1,4,1,4,2,1,1,1,15,1,2,1,4,7,14,4,7,14,1,4,1,3,2,2,2,2,6,1,4,4,2,1,3,10,3,2,4,5,8,1,2,3,2,3,4,4,15,2,1,4,3,4,1,2,3,8,2,3,12,2,4,6,2,1,1,12,2,2,1,1,4,3,4,1,3,2,2,3,1,14,11,3,4,10,2,1,1,3,3,1,11,1,2,4,3,2,1,3,2,3,2,14,4,4,5,14,4,4,3,4,3,3,1,3,1,2,2,3,7,15,12,3,11,7,11,14,2,6,3,3,8,11,2,11,2,5,4,5,13,1,8,4,8,14,9,5,10,14,1,14,9,8,10,1,13,1,11,5,8,11,10,11,9,3,15,9,9,11,2,1,5,9,3,1,2,5,5,1,3,10,7,11,8,7,2,13,14,1,15,2,11,10,10,14,5,2,9,7,9,6,5,15,11,15,5,3,8,14,2,7,1,6,7,11,6,2,3,2,2,4,13,8,13,3,1,10,15,1,14,3,2,10,6,8,3,8,14,3,5,13,2,13,2,4,3,6,12,12,9,6,4,3,14,8,9,13,11,8,4,14,15,11,15,3,10,2,1,14,10,12,11,5,13,12,13,1,7,15,12,2,1,7,3,4,7,11,15,2,13,1,8,1,7,15,5,12,1,13,10,1,6,14,15,9,2,14,14,7,8,14,8,7,12,3,8,9,3,14,11,7,9,3,9,3,7,7,8,10,15,1,13,3,12,15,10,13,9,13,5,8,9,5,6,6,3,8,2,11,8,11,14,3,9,15,10,12,1,12,10,12,9,4,10,4,2,8,6,5,2,8,15,4,8,1,8,7,11,10,15,7,13,15,5,10,1,11,9,9,1,15,12,1,15,8,4,5,9,9,3,3,13,12,13,14,15,11,9,5,10,15,1,9,15,1,9,12,12,1,14,2,7,8,9,12,5,12,9,1,2,12,13,8,2,5,9,4,3,10,13,7,8,12,2,9,13,14,6,11,9,6,5,13,10,1,14,14,9,13,15,1,14,15,15,11,10,6,10,14,4,1,13,6,3,8,9,10,6,11,12,1,1,8,4,9,14,11,5,2,10,1,1,7,11,6,5,7,7,14,7,3,7,14,1,9,11,13,13,2,5,11,12,1,12,11,13,9,11,13,11,11,2,15,2,13,4,14,15,12,3,14,8,10,1,10,12,6,13,3,6,9,13,15,4,6,1,10,6,8,2,1,14,15,8,8,9,15,1,4,13,5,1,8,5,13,3,13,13,7,3,10,5,9,3,4,13,7,14,8,8,14,1,3,6,5,6,13,3,11,10,11,3,9,2,3,14,4,6,12,6,8,4,13,4,2,7,13,5,9,6,1,7,15,11,9,2,14,7,4,11,10,7,8,15,6,7,14,9,9,8,2,15,14,5,2,11,1,13,11,14,8,2,13,8,3,3,4,9,7,12,12,13,7,12,8,8,14,8,10,11,2,14,9,5,13,7,3,10,9,8,9,5,2,9,10,12,14,10,10,14,13,7,15,3,14,9,1,1,14,2,4,1,2,6,13,9,6,5,5,14,12,7,13,6,7,8,3,9,11,14,15,13,5,11,13,14,10,6,8,11,4,13,10,2,6,3,1,15,10,4,9,5,14,9,5,6,1,6,8,14,4,9,6,7,1,7,6,7,2,4,10,15,9,14,12,3,7,4,4,13,9,5,2,4,7,8,12,15,6,14,12,8,15,5,3,7,4,7,10,10,6,14,9,11,14,2,6,6,9,1,3,1,7,14,12,2,7,14,4,2,4,15,2,14,2,15,2,2,2,8,15,14,1,12,4,6,2,14,3,1,2,3,11,3,6,7,14,8,4,11,4,5,2,2,15,4,2,5,4,2,6,1,3,7,1,3,4,14,4,3,10,8,4,2,2,4,6,1,9,3,3,3,4,4,9,8,1,7,6,7,3,6,6,1,2,6,10,15,8,3,11,1,12,4,12,2,1,2,4,4,9,8,2,4,14,13,10,4,2,9,2,9,3,14,10,4,6,4,3,11,7,4,2,11,3,7,12,3,1,1,6,1,1,10,10,6,6,1,2,10,4,4,1,9,3,7,10,14,3,1"
197,0.9868249664978729,0.27450980392156854,8318.0,"8,8,9,5,1,7,5,6,4,3,14,11,1,1,1,1,3,3,1,3,3,11,3,13,8,4,1,10,4,3,4,2,9,15,3,9,1,4,11,12,2,7,1,3,3,1,4,4,13,2,11,1,1,2,4,2,3,1,6,7,3,4,1,1,1,5,15,13,1,10,3,14,7,1,13,4,9,3,3,2,7,4,1,1,7,2,9,3,12,1,3,4,3,1,15,1,13,2,1,7,3,1,1,1,5,13,1,8,10,2,2,13,2,1,1,3,4,2,4,6,5,2,13,4,1,13,8,1,4,2,9,1,9,1,7,3,6,13,11,3,3,3,4,4,1,1,2,4,2,1,2,15,4,3,4,2,2,10,6,1,8,12,4,2,2,1,4,9,1,2,3,1,2,1,4,2,1,1,3,1,6,7,3,2,4,4,5,1,11,2,6,1,3,2,4,4,4,2,4,13,3,13,1,1,4,2,2,4,7,3,6,2,1,5,1,10,9,15,4,2,4,1,15,1,2,4,5,14,2,2,6,2,10,12,4,2,4,10,3,1,3,1,6,7,2,1,8,9,4,5,11,4,1,3,8,7,3,7,2,3,3,15,2,2,11,9,15,2,4,9,4,3,14,11,1,1,6,8,7,9,2,8,11,2,1,1,5,6,2,3,2,4,1,1,3,3,3,3,3,4,2,4,4,6,11,1,2,3,1,2,10,4,5,2,3,3,2,10,2,5,4,4,13,1,14,4,2,15,1,3,4,14,4,3,15,4,11,3,1,12,5,1,4,1,3,1,1,13,2,9,8,4,2,12,11,4,3,2,1,3,3,4,12,3,4,2,4,5,9,6,1,1,6,2,3,12,6,4,4,15,14,8,4,3,2,2,1,4,3,8,8,3,4,15,12,1,2,12,1,13,3,14,3,2,4,1,6,2,15,2,4,1,1,15,4,2,4,15,3,4,1,2,3,13,1,4,2,2,2,3,1,1,2,4,4,1,4,10,4,11,4,1,3,2,15,1,4,14,3,7,6,12,1,4,5,1,4,2,4,14,5,1,4,2,2,7,4,1,1,2,7,1,7,2,5,1,15,11,13,2,6,11,1,1,3,8,4,1,3,1,1,2,12,9,2,3,1,3,2,5,2,7,4,3,3,4,9,1,2,6,1,2,4,15,4,5,13,2,2,5,1,4,2,4,1,9,4,2,3,10,8,2,1,3,7,2,2,14,3,1,1,1,1,11,9,3,1,4,1,2,2,4,1,13,3,3,15,1,4,3,1,1,1,1,1,8,1,1,1,2,2,4,4,1,3,13,4,3,3,4,1,4,3,2,1,4,4,5,2,1,1,1,1,4,2,1,3,3,1,2,1,2,2,4,3,1,6,11,2,3,2,5,3,3,2,1,2,1,3,4,3,1,3,1,12,5,4,3,1,4,1,4,3,3,1,11,2,4,1,3,2,4,2,3,2,4,2,12,2,4,9,4,1,4,2,2,4,2,2,1,1,15,3,3,1,4,4,4,1,3,2,4,1,1,2,12,3,10,2,7,2,2,1,2,13,2,4,2,2,1,3,13,2,1,1,2,2,3,3,3,2,3,1,4,4,4,1,4,11,2,4,4,3,1,3,1,3,2,1,4,1,1,3,1,3,5,7,1,7,3,11,1,15,4,1,3,3,1,1,3,1,1,4,1,4,2,1,1,1,15,1,2,1,4,7,14,4,7,14,1,4,1,3,2,2,2,2,6,1,4,4,2,1,3,10,3,2,4,5,8,1,2,3,2,3,4,4,15,2,1,4,3,4,1,2,3,8,2,3,12,2,4,6,2,1,1,12,2,2,1,1,4,3,4,1,3,2,2,3,1,14,11,3,4,10,2,1,1,3,3,1,11,1,2,4,3,2,1,3,2,3,2,14,4,4,5,14,4,4,3,4,3,3,1,3,1,2,2,3,7,15,12,3,11,7,11,14,2,6,3,3,8,11,2,11,2,5,4,5,13,1,8,4,8,14,9,5,10,14,1,14,9,8,10,1,13,1,11,5,8,11,10,11,9,3,15,9,9,11,2,1,5,9,3,1,2,5,5,1,3,10,7,11,8,7,2,13,14,1,15,2,11,10,10,14,5,2,9,7,9,6,5,15,11,15,5,3,8,14,2,7,1,6,7,11,6,2,3,2,2,4,13,8,13,3,1,10,15,1,14,3,2,10,6,8,3,8,14,3,5,13,2,13,2,4,3,6,12,12,9,6,4,3,14,8,9,13,11,8,4,14,15,11,15,3,10,2,1,14,10,12,11,5,13,12,13,1,7,15,12,2,1,7,3,4,7,11,15,2,13,1,8,1,7,15,5,12,1,13,10,1,6,14,15,9,2,14,14,7,8,14,8,7,12,3,8,9,3,14,11,7,9,3,9,3,7,7,8,10,15,1,13,3,12,15,10,13,9,13,5,8,9,5,6,6,3,8,2,11,8,11,14,3,9,15,10,12,1,12,10,12,9,4,10,4,2,8,6,5,2,8,15,4,8,1,8,7,11,10,15,7,13,15,5,10,1,11,9,9,1,15,12,1,15,8,4,5,9,9,3,3,13,12,13,14,15,11,9,5,10,15,1,9,15,1,9,12,12,1,14,2,7,8,9,12,5,12,9,1,2,12,13,8,2,5,9,4,3,10,13,7,8,12,2,9,13,14,6,11,9,6,5,13,10,1,14,14,9,13,15,1,14,15,15,11,10,6,10,14,4,1,13,6,3,8,9,10,6,11,12,1,1,8,4,9,14,11,5,2,10,1,1,7,11,6,5,7,7,14,7,3,7,14,1,9,11,13,13,2,5,11,12,1,12,11,13,9,11,13,11,11,2,15,2,13,4,14,15,12,3,14,8,10,1,10,12,6,13,3,6,9,13,15,4,6,1,10,6,8,2,1,14,15,8,8,9,15,1,4,13,5,1,8,5,13,3,13,13,7,3,10,5,9,3,4,13,7,14,8,8,14,1,3,6,5,6,13,3,11,10,11,3,9,2,3,14,4,6,12,6,8,4,13,4,2,7,13,5,9,6,1,7,15,11,9,2,14,7,4,11,10,7,8,15,6,7,14,9,9,8,2,15,14,5,2,11,1,13,11,14,8,2,13,8,3,3,4,9,7,12,12,13,7,12,8,8,14,8,10,11,2,14,9,5,13,7,3,10,9,8,9,5,2,9,10,12,14,10,10,14,13,7,15,3,14,9,1,1,14,2,4,1,2,6,13,9,6,5,5,14,12,7,13,6,7,8,3,9,11,14,15,13,5,11,13,14,10,6,8,11,4,13,10,2,6,3,1,15,10,4,9,5,14,9,5,6,1,6,8,14,4,9,6,7,1,7,6,7,2,4,10,15,9,14,12,3,7,4,4,13,9,5,2,4,7,8,12,15,6,14,12,8,15,5,3,7,4,7,10,10,6,14,9,11,14,2,6,6,9,1,3,1,7,14,12,2,7,14,4,2,4,15,2,14,2,15,2,2,2,8,15,14,1,12,4,6,2,14,3,1,2,3,11,3,6,7,14,8,4,11,4,5,2,2,15,4,2,5,4,2,6,1,3,7,1,3,4,14,4,3,10,8,4,2,2,4,6,1,9,3,3,3,4,4,9,8,1,7,6,7,3,6,6,1,2,6,10,15,8,3,11,1,12,4,12,2,1,2,4,4,9,8,2,4,14,13,10,4,2,9,2,9,3,14,10,4,6,4,3,11,7,4,2,11,3,7,12,3,1,1,6,1,1,10,10,6,6,1,2,10,4,4,1,9,3,7,10,14,3,1"
198,0.9868249664978729,0.27450980392156854,8318.0,"8,8,9,5,1,7,5,6,4,3,14,11,1,1,1,1,3,3,1,3,3,11,3,13,8,4,1,10,4,3,4,2,9,15,3,9,1,4,11,12,2,7,1,3,3,1,4,4,13,2,11,1,1,2,4,2,3,1,6,7,3,4,1,1,1,5,15,13,1,10,3,14,7,1,13,4,9,3,3,2,7,4,1,1,7,2,9,3,12,1,3,4,3,1,15,1,13,2,1,7,3,1,1,1,5,13,1,8,10,2,2,13,2,1,1,3,4,2,4,6,5,2,13,4,1,13,8,1,4,2,9,1,9,1,7,3,6,13,11,3,3,3,4,4,1,1,2,4,2,1,2,15,4,3,4,2,2,10,6,1,8,12,4,2,2,1,4,9,1,2,3,1,2,1,4,2,1,1,3,1,6,7,3,2,4,4,5,1,11,2,6,1,3,2,4,4,4,2,4,13,3,13,1,1,4,2,2,4,7,3,6,2,1,5,1,10,9,15,4,2,4,1,15,1,2,4,5,14,2,2,6,2,10,12,4,2,4,10,3,1,3,1,6,7,2,1,8,9,4,5,11,4,1,3,8,7,3,7,2,3,3,15,2,2,11,9,15,2,4,9,4,3,14,11,1,1,6,8,7,9,2,8,11,2,1,1,5,6,2,3,2,4,1,1,3,3,3,3,3,4,2,4,4,6,11,1,2,3,1,2,10,4,5,2,3,3,2,10,2,5,4,4,13,1,14,4,2,15,1,3,4,14,4,3,15,4,11,3,1,12,5,1,4,1,3,1,1,13,2,9,8,4,2,12,11,4,3,2,1,3,3,4,12,3,4,2,4,5,9,6,1,1,6,2,3,12,6,4,4,15,14,8,4,3,2,2,1,4,3,8,8,3,4,15,12,1,2,12,1,13,3,14,3,2,4,1,6,2,15,2,4,1,1,15,4,2,4,15,3,4,1,2,3,13,1,4,2,2,2,3,1,1,2,4,4,1,4,10,4,11,4,1,3,2,15,1,4,14,3,7,6,12,1,4,5,1,4,2,4,14,5,1,4,2,2,7,4,1,1,2,7,1,7,2,5,1,15,11,13,2,6,11,1,1,3,8,4,1,3,1,1,2,12,9,2,3,1,3,2,5,2,7,4,3,3,4,9,1,2,6,1,2,4,15,4,5,13,2,2,5,1,4,2,4,1,9,4,2,3,10,8,2,1,3,7,2,2,14,3,1,1,1,1,11,9,3,1,4,1,2,2,4,1,13,3,3,15,1,4,3,1,1,1,1,1,8,1,1,1,2,2,4,4,1,3,13,4,3,3,4,1,4,3,2,1,4,4,5,2,1,1,1,1,4,2,1,3,3,1,2,1,2,2,4,3,1,6,11,2,3,2,5,3,3,2,1,2,1,3,4,3,1,3,1,12,5,4,3,1,4,1,4,3,3,1,11,2,4,1,3,2,4,2,3,2,4,2,12,2,4,9,4,1,4,2,2,4,2,2,1,1,15,3,3,1,4,4,4,1,3,2,4,1,1,2,12,3,10,2,7,2,2,1,2,13,2,4,2,2,1,3,13,2,1,1,2,2,3,3,3,2,3,1,4,4,4,1,4,11,2,4,4,3,1,3,1,3,2,1,4,1,1,3,1,3,5,7,1,7,3,11,1,15,4,1,3,3,1,1,3,1,1,4,1,4,2,1,1,1,15,1,2,1,4,7,14,4,7,14,1,4,1,3,2,2,2,2,6,1,4,4,2,1,3,10,3,2,4,5,8,1,2,3,2,3,4,4,15,2,1,4,3,4,1,2,3,8,2,3,12,2,4,6,2,1,1,12,2,2,1,1,4,3,4,1,3,2,2,3,1,14,11,3,4,10,2,1,1,3,3,1,11,1,2,4,3,2,1,3,2,3,2,14,4,4,5,14,4,4,3,4,3,3,1,3,1,2,2,3,7,15,12,3,11,7,11,14,2,6,3,3,8,11,2,11,2,5,4,5,13,1,8,4,8,14,9,5,10,14,1,14,9,8,10,1,13,1,11,5,8,11,10,11,9,3,15,9,9,11,2,1,5,9,3,1,2,5,5,1,3,10,7,11,8,7,2,13,14,1,15,2,11,10,10,14,5,2,9,7,9,6,5,15,11,15,5,3,8,14,2,7,1,6,7,11,6,2,3,2,2,4,13,8,13,3,1,10,15,1,14,3,2,10,6,8,3,8,14,3,5,13,2,13,2,4,3,6,12,12,9,6,4,3,14,8,9,13,11,8,4,14,15,11,15,3,10,2,1,14,10,12,11,5,13,12,13,1,7,15,12,2,1,7,3,4,7,11,15,2,13,1,8,1,7,15,5,12,1,13,10,1,6,14,15,9,2,14,14,7,8,14,8,7,12,3,8,9,3,14,11,7,9,3,9,3,7,7,8,10,15,1,13,3,12,15,10,13,9,13,5,8,9,5,6,6,3,8,2,11,8,11,14,3,9,15,10,12,1,12,10,12,9,4,10,4,2,8,6,5,2,8,15,4,8,1,8,7,11,10,15,7,13,15,5,10,1,11,9,9,1,15,12,1,15,8,4,5,9,9,3,3,13,12,13,14,15,11,9,5,10,15,1,9,15,1,9,12,12,1,14,2,7,8,9,12,5,12,9,1,2,12,13,8,2,5,9,4,3,10,13,7,8,12,2,9,13,14,6,11,9,6,5,13,10,1,14,14,9,13,15,1,14,15,15,11,10,6,10,14,4,1,13,6,3,8,9,10,6,11,12,1,1,8,4,9,14,11,5,2,10,1,1,7,11,6,5,7,7,14,7,3,7,14,1,9,11,13,13,2,5,11,12,1,12,11,13,9,11,13,11,11,2,15,2,13,4,14,15,12,3,14,8,10,1,10,12,6,13,3,6,9,13,15,4,6,1,10,6,8,2,1,14,15,8,8,9,15,1,4,13,5,1,8,5,13,3,13,13,7,3,10,5,9,3,4,13,7,14,8,8,14,1,3,6,5,6,13,3,11,10,11,3,9,2,3,14,4,6,12,6,8,4,13,4,2,7,13,5,9,6,1,7,15,11,9,2,14,7,4,11,10,7,8,15,6,7,14,9,9,8,2,15,14,5,2,11,1,13,11,14,8,2,13,8,3,3,4,9,7,12,12,13,7,12,8,8,14,8,10,11,2,14,9,5,13,7,3,10,9,8,9,5,2,9,10,12,14,10,10,14,13,7,15,3,14,9,1,1,14,2,4,1,2,6,13,9,6,5,5,14,12,7,13,6,7,8,3,9,11,14,15,13,5,11,13,14,10,6,8,11,4,13,10,2,6,3,1,15,10,4,9,5,14,9,5,6,1,6,8,14,4,9,6,7,1,7,6,7,2,4,10,15,9,14,12,3,7,4,4,13,9,5,2,4,7,8,12,15,6,14,12,8,15,5,3,7,4,7,10,10,6,14,9,11,14,2,6,6,9,1,3,1,7,14,12,2,7,14,4,2,4,15,2,14,2,15,2,2,2,8,15,14,1,12,4,6,2,14,3,1,2,3,11,3,6,7,14,8,4,11,4,5,2,2,15,4,2,5,4,2,6,1,3,7,1,3,4,14,4,3,10,8,4,2,2,4,6,1,9,3,3,3,4,4,9,8,1,7,6,7,3,6,6,1,2,6,10,15,8,3,11,1,12,4,12,2,1,2,4,4,9,8,2,4,14,13,10,4,2,9,2,9,3,14,10,4,6,4,3,11,7,4,2,11,3,7,12,3,1,1,6,1,1,10,10,6,6,1,2,10,4,4,1,9,3,7,10,14,3,1"
199,0.9868249664978729,0.27450980392156854,8318.0,"8,8,9,5,1,7,5,6,4,3,14,11,1,1,1,1,3,3,1,3,3,11,3,13,8,4,1,10,4,3,4,2,9,15,3,9,1,4,11,12,2,7,1,3,3,1,4,4,13,2,11,1,1,2,4,2,3,1,6,7,3,4,1,1,1,5,15,13,1,10,3,14,7,1,13,4,9,3,3,2,7,4,1,1,7,2,9,3,12,1,3,4,3,1,15,1,13,2,1,7,3,1,1,1,5,13,1,8,10,2,2,13,2,1,1,3,4,2,4,6,5,2,13,4,1,13,8,1,4,2,9,1,9,1,7,3,6,13,11,3,3,3,4,4,1,1,2,4,2,1,2,15,4,3,4,2,2,10,6,1,8,12,4,2,2,1,4,9,1,2,3,1,2,1,4,2,1,1,3,1,6,7,3,2,4,4,5,1,11,2,6,1,3,2,4,4,4,2,4,13,3,13,1,1,4,2,2,4,7,3,6,2,1,5,1,10,9,15,4,2,4,1,15,1,2,4,5,14,2,2,6,2,10,12,4,2,4,10,3,1,3,1,6,7,2,1,8,9,4,5,11,4,1,3,8,7,3,7,2,3,3,15,2,2,11,9,15,2,4,9,4,3,14,11,1,1,6,8,7,9,2,8,11,2,1,1,5,6,2,3,2,4,1,1,3,3,3,3,3,4,2,4,4,6,11,1,2,3,1,2,10,4,5,2,3,3,2,10,2,5,4,4,13,1,14,4,2,15,1,3,4,14,4,3,15,4,11,3,1,12,5,1,4,1,3,1,1,13,2,9,8,4,2,12,11,4,3,2,1,3,3,4,12,3,4,2,4,5,9,6,1,1,6,2,3,12,6,4,4,15,14,8,4,3,2,2,1,4,3,8,8,3,4,15,12,1,2,12,1,13,3,14,3,2,4,1,6,2,15,2,4,1,1,15,4,2,4,15,3,4,1,2,3,13,1,4,2,2,2,3,1,1,2,4,4,1,4,10,4,11,4,1,3,2,15,1,4,14,3,7,6,12,1,4,5,1,4,2,4,14,5,1,4,2,2,7,4,1,1,2,7,1,7,2,5,1,15,11,13,2,6,11,1,1,3,8,4,1,3,1,1,2,12,9,2,3,1,3,2,5,2,7,4,3,3,4,9,1,2,6,1,2,4,15,4,5,13,2,2,5,1,4,2,4,1,9,4,2,3,10,8,2,1,3,7,2,2,14,3,1,1,1,1,11,9,3,1,4,1,2,2,4,1,13,3,3,15,1,4,3,1,1,1,1,1,8,1,1,1,2,2,4,4,1,3,13,4,3,3,4,1,4,3,2,1,4,4,5,2,1,1,1,1,4,2,1,3,3,1,2,1,2,2,4,3,1,6,11,2,3,2,5,3,3,2,1,2,1,3,4,3,1,3,1,12,5,4,3,1,4,1,4,3,3,1,11,2,4,1,3,2,4,2,3,2,4,2,12,2,4,9,4,1,4,2,2,4,2,2,1,1,15,3,3,1,4,4,4,1,3,2,4,1,1,2,12,3,10,2,7,2,2,1,2,13,2,4,2,2,1,3,13,2,1,1,2,2,3,3,3,2,3,1,4,4,4,1,4,11,2,4,4,3,1,3,1,3,2,1,4,1,1,3,1,3,5,7,1,7,3,11,1,15,4,1,3,3,1,1,3,1,1,4,1,4,2,1,1,1,15,1,2,1,4,7,14,4,7,14,1,4,1,3,2,2,2,2,6,1,4,4,2,1,3,10,3,2,4,5,8,1,2,3,2,3,4,4,15,2,1,4,3,4,1,2,3,8,2,3,12,2,4,6,2,1,1,12,2,2,1,1,4,3,4,1,3,2,2,3,1,14,11,3,4,10,2,1,1,3,3,1,11,1,2,4,3,2,1,3,2,3,2,14,4,4,5,14,4,4,3,4,3,3,1,3,1,2,2,3,7,15,12,3,11,7,11,14,2,6,3,3,8,11,2,11,2,5,4,5,13,1,8,4,8,14,9,5,10,14,1,14,9,8,10,1,13,1,11,5,8,11,10,11,9,3,15,9,9,11,2,1,5,9,3,1,2,5,5,1,3,10,7,11,8,7,2,13,14,1,15,2,11,10,10,14,5,2,9,7,9,6,5,15,11,15,5,3,8,14,2,7,1,6,7,11,6,2,3,2,2,4,13,8,13,3,1,10,15,1,14,3,2,10,6,8,3,8,14,3,5,13,2,13,2,4,3,6,12,12,9,6,4,3,14,8,9,13,11,8,4,14,15,11,15,3,10,2,1,14,10,12,11,5,13,12,13,1,7,15,12,2,1,7,3,4,7,11,15,2,13,1,8,1,7,15,5,12,1,13,10,1,6,14,15,9,2,14,14,7,8,14,8,7,12,3,8,9,3,14,11,7,9,3,9,3,7,7,8,10,15,1,13,3,12,15,10,13,9,13,5,8,9,5,6,6,3,8,2,11,8,11,14,3,9,15,10,12,1,12,10,12,9,4,10,4,2,8,6,5,2,8,15,4,8,1,8,7,11,10,15,7,13,15,5,10,1,11,9,9,1,15,12,1,15,8,4,5,9,9,3,3,13,12,13,14,15,11,9,5,10,15,1,9,15,1,9,12,12,1,14,2,7,8,9,12,5,12,9,1,2,12,13,8,2,5,9,4,3,10,13,7,8,12,2,9,13,14,6,11,9,6,5,13,10,1,14,14,9,13,15,1,14,15,15,11,10,6,10,14,4,1,13,6,3,8,9,10,6,11,12,1,1,8,4,9,14,11,5,2,10,1,1,7,11,6,5,7,7,14,7,3,7,14,1,9,11,13,13,2,5,11,12,1,12,11,13,9,11,13,11,11,2,15,2,13,4,14,15,12,3,14,8,10,1,10,12,6,13,3,6,9,13,15,4,6,1,10,6,8,2,1,14,15,8,8,9,15,1,4,13,5,1,8,5,13,3,13,13,7,3,10,5,9,3,4,13,7,14,8,8,14,1,3,6,5,6,13,3,11,10,11,3,9,2,3,14,4,6,12,6,8,4,13,4,2,7,13,5,9,6,1,7,15,11,9,2,14,7,4,11,10,7,8,15,6,7,14,9,9,8,2,15,14,5,2,11,1,13,11,14,8,2,13,8,3,3,4,9,7,12,12,13,7,12,8,8,14,8,10,11,2,14,9,5,13,7,3,10,9,8,9,5,2,9,10,12,14,10,10,14,13,7,15,3,14,9,1,1,14,2,4,1,2,6,13,9,6,5,5,14,12,7,13,6,7,8,3,9,11,14,15,13,5,11,13,14,10,6,8,11,4,13,10,2,6,3,1,15,10,4,9,5,14,9,5,6,1,6,8,14,4,9,6,7,1,7,6,7,2,4,10,15,9,14,12,3,7,4,4,13,9,5,2,4,7,8,12,15,6,14,12,8,15,5,3,7,4,7,10,10,6,14,9,11,14,2,6,6,9,1,3,1,7,14,12,2,7,14,4,2,4,15,2,14,2,15,2,2,2,8,15,14,1,12,4,6,2,14,3,1,2,3,11,3,6,7,14,8,4,11,4,5,2,2,15,4,2,5,4,2,6,1,3,7,1,3,4,14,4,3,10,8,4,2,2,4,6,1,9,3,3,3,4,4,9,8,1,7,6,7,3,6,6,1,2,6,10,15,8,3,11,1,12,4,12,2,1,2,4,4,9,8,2,4,14,13,10,4,2,9,2,9,3,14,10,4,6,4,3,11,7,4,2,11,3,7,12,3,1,1,6,1,1,10,10,6,6,1,2,10,4,4,1,9,3,7,10,14,3,1"
200,0.9868249664978729,0.27450980392156854,8318.0,"8,8,9,5,1,7,5,6,4,3,14,11,1,1,1,1,3,3,1,3,3,11,3,13,8,4,1,10,4,3,4,2,9,15,3,9,1,4,11,12,2,7,1,3,3,1,4,4,13,2,11,1,1,2,4,2,3,1,6,7,3,4,1,1,1,5,15,13,1,10,3,14,7,1,13,4,9,3,3,2,7,4,1,1,7,2,9,3,12,1,3,4,3,1,15,1,13,2,1,7,3,1,1,1,5,13,1,8,10,2,2,13,2,1,1,3,4,2,4,6,5,2,13,4,1,13,8,1,4,2,9,1,9,1,7,3,6,13,11,3,3,3,4,4,1,1,2,4,2,1,2,15,4,3,4,2,2,10,6,1,8,12,4,2,2,1,4,9,1,2,3,1,2,1,4,2,1,1,3,1,6,7,3,2,4,4,5,1,11,2,6,1,3,2,4,4,4,2,4,13,3,13,1,1,4,2,2,4,7,3,6,2,1,5,1,10,9,15,4,2,4,1,15,1,2,4,5,14,2,2,6,2,10,12,4,2,4,10,3,1,3,1,6,7,2,1,8,9,4,5,11,4,1,3,8,7,3,7,2,3,3,15,2,2,11,9,15,2,4,9,4,3,14,11,1,1,6,8,7,9,2,8,11,2,1,1,5,6,2,3,2,4,1,1,3,3,3,3,3,4,2,4,4,6,11,1,2,3,1,2,10,4,5,2,3,3,2,10,2,5,4,4,13,1,14,4,2,15,1,3,4,14,4,3,15,4,11,3,1,12,5,1,4,1,3,1,1,13,2,9,8,4,2,12,11,4,3,2,1,3,3,4,12,3,4,2,4,5,9,6,1,1,6,2,3,12,6,4,4,15,14,8,4,3,2,2,1,4,3,8,8,3,4,15,12,1,2,12,1,13,3,14,3,2,4,1,6,2,15,2,4,1,1,15,4,2,4,15,3,4,1,2,3,13,1,4,2,2,2,3,1,1,2,4,4,1,4,10,4,11,4,1,3,2,15,1,4,14,3,7,6,12,1,4,5,1,4,2,4,14,5,1,4,2,2,7,4,1,1,2,7,1,7,2,5,1,15,11,13,2,6,11,1,1,3,8,4,1,3,1,1,2,12,9,2,3,1,3,2,5,2,7,4,3,3,4,9,1,2,6,1,2,4,15,4,5,13,2,2,5,1,4,2,4,1,9,4,2,3,10,8,2,1,3,7,2,2,14,3,1,1,1,1,11,9,3,1,4,1,2,2,4,1,13,3,3,15,1,4,3,1,1,1,1,1,8,1,1,1,2,2,4,4,1,3,13,4,3,3,4,1,4,3,2,1,4,4,5,2,1,1,1,1,4,2,1,3,3,1,2,1,2,2,4,3,1,6,11,2,3,2,5,3,3,2,1,2,1,3,4,3,1,3,1,12,5,4,3,1,4,1,4,3,3,1,11,2,4,1,3,2,4,2,3,2,4,2,12,2,4,9,4,1,4,2,2,4,2,2,1,1,15,3,3,1,4,4,4,1,3,2,4,1,1,2,12,3,10,2,7,2,2,1,2,13,2,4,2,2,1,3,13,2,1,1,2,2,3,3,3,2,3,1,4,4,4,1,4,11,2,4,4,3,1,3,1,3,2,1,4,1,1,3,1,3,5,7,1,7,3,11,1,15,4,1,3,3,1,1,3,1,1,4,1,4,2,1,1,1,15,1,2,1,4,7,14,4,7,14,1,4,1,3,2,2,2,2,6,1,4,4,2,1,3,10,3,2,4,5,8,1,2,3,2,3,4,4,15,2,1,4,3,4,1,2,3,8,2,3,12,2,4,6,2,1,1,12,2,2,1,1,4,3,4,1,3,2,2,3,1,14,11,3,4,10,2,1,1,3,3,1,11,1,2,4,3,2,1,3,2,3,2,14,4,4,5,14,4,4,3,4,3,3,1,3,1,2,2,3,7,15,12,3,11,7,11,14,2,6,3,3,8,11,2,11,2,5,4,5,13,1,8,4,8,14,9,5,10,14,1,14,9,8,10,1,13,1,11,5,8,11,10,11,9,3,15,9,9,11,2,1,5,9,3,1,2,5,5,1,3,10,7,11,8,7,2,13,14,1,15,2,11,10,10,14,5,2,9,7,9,6,5,15,11,15,5,3,8,14,2,7,1,6,7,11,6,2,3,2,2,4,13,8,13,3,1,10,15,1,14,3,2,10,6,8,3,8,14,3,5,13,2,13,2,4,3,6,12,12,9,6,4,3,14,8,9,13,11,8,4,14,15,11,15,3,10,2,1,14,10,12,11,5,13,12,13,1,7,15,12,2,1,7,3,4,7,11,15,2,13,1,8,1,7,15,5,12,1,13,10,1,6,14,15,9,2,14,14,7,8,14,8,7,12,3,8,9,3,14,11,7,9,3,9,3,7,7,8,10,15,1,13,3,12,15,10,13,9,13,5,8,9,5,6,6,3,8,2,11,8,11,14,3,9,15,10,12,1,12,10,12,9,4,10,4,2,8,6,5,2,8,15,4,8,1,8,7,11,10,15,7,13,15,5,10,1,11,9,9,1,15,12,1,15,8,4,5,9,9,3,3,13,12,13,14,15,11,9,5,10,15,1,9,15,1,9,12,12,1,14,2,7,8,9,12,5,12,9,1,2,12,13,8,2,5,9,4,3,10,13,7,8,12,2,9,13,14,6,11,9,6,5,13,10,1,14,14,9,13,15,1,14,15,15,11,10,6,10,14,4,1,13,6,3,8,9,10,6,11,12,1,1,8,4,9,14,11,5,2,10,1,1,7,11,6,5,7,7,14,7,3,7,14,1,9,11,13,13,2,5,11,12,1,12,11,13,9,11,13,11,11,2,15,2,13,4,14,15,12,3,14,8,10,1,10,12,6,13,3,6,9,13,15,4,6,1,10,6,8,2,1,14,15,8,8,9,15,1,4,13,5,1,8,5,13,3,13,13,7,3,10,5,9,3,4,13,7,14,8,8,14,1,3,6,5,6,13,3,11,10,11,3,9,2,3,14,4,6,12,6,8,4,13,4,2,7,13,5,9,6,1,7,15,11,9,2,14,7,4,11,10,7,8,15,6,7,14,9,9,8,2,15,14,5,2,11,1,13,11,14,8,2,13,8,3,3,4,9,7,12,12,13,7,12,8,8,14,8,10,11,2,14,9,5,13,7,3,10,9,8,9,5,2,9,10,12,14,10,10,14,13,7,15,3,14,9,1,1,14,2,4,1,2,6,13,9,6,5,5,14,12,7,13,6,7,8,3,9,11,14,15,13,5,11,13,14,10,6,8,11,4,13,10,2,6,3,1,15,10,4,9,5,14,9,5,6,1,6,8,14,4,9,6,7,1,7,6,7,2,4,10,15,9,14,12,3,7,4,4,13,9,5,2,4,7,8,12,15,6,14,12,8,15,5,3,7,4,7,10,10,6,14,9,11,14,2,6,6,9,1,3,1,7,14,12,2,7,14,4,2,4,15,2,14,2,15,2,2,2,8,15,14,1,12,4,6,2,14,3,1,2,3,11,3,6,7,14,8,4,11,4,5,2,2,15,4,2,5,4,2,6,1,3,7,1,3,4,14,4,3,10,8,4,2,2,4,6,1,9,3,3,3,4,4,9,8,1,7,6,7,3,6,6,1,2,6,10,15,8,3,11,1,12,4,12,2,1,2,4,4,9,8,2,4,14,13,10,4,2,9,2,9,3,14,10,4,6,4,3,11,7,4,2,11,3,7,12,3,1,1,6,1,1,10,10,6,6,1,2,10,4,4,1,9,3,7,10,14,3,1"
201,0.9868249664978729,0.27450980392156854,8318.0,"8,8,9,5,1,7,5,6,4,3,14,11,1,1,1,1,3,3,1,3,3,11,3,13,8,4,1,10,4,3,4,2,9,15,3,9,1,4,11,12,2,7,1,3,3,1,4,4,13,2,11,1,1,2,4,2,3,1,6,7,3,4,1,1,1,5,15,13,1,10,3,14,7,1,13,4,9,3,3,2,7,4,1,1,7,2,9,3,12,1,3,4,3,1,15,1,13,2,1,7,3,1,1,1,5,13,1,8,10,2,2,13,2,1,1,3,4,2,4,6,5,2,13,4,1,13,8,1,4,2,9,1,9,1,7,3,6,13,11,3,3,3,4,4,1,1,2,4,2,1,2,15,4,3,4,2,2,10,6,1,8,12,4,2,2,1,4,9,1,2,3,1,2,1,4,2,1,1,3,1,6,7,3,2,4,4,5,1,11,2,6,1,3,2,4,4,4,2,4,13,3,13,1,1,4,2,2,4,7,3,6,2,1,5,1,10,9,15,4,2,4,1,15,1,2,4,5,14,2,2,6,2,10,12,4,2,4,10,3,1,3,1,6,7,2,1,8,9,4,5,11,4,1,3,8,7,3,7,2,3,3,15,2,2,11,9,15,2,4,9,4,3,14,11,1,1,6,8,7,9,2,8,11,2,1,1,5,6,2,3,2,4,1,1,3,3,3,3,3,4,2,4,4,6,11,1,2,3,1,2,10,4,5,2,3,3,2,10,2,5,4,4,13,1,14,4,2,15,1,3,4,14,4,3,15,4,11,3,1,12,5,1,4,1,3,1,1,13,2,9,8,4,2,12,11,4,3,2,1,3,3,4,12,3,4,2,4,5,9,6,1,1,6,2,3,12,6,4,4,15,14,8,4,3,2,2,1,4,3,8,8,3,4,15,12,1,2,12,1,13,3,14,3,2,4,1,6,2,15,2,4,1,1,15,4,2,4,15,3,4,1,2,3,13,1,4,2,2,2,3,1,1,2,4,4,1,4,10,4,11,4,1,3,2,15,1,4,14,3,7,6,12,1,4,5,1,4,2,4,14,5,1,4,2,2,7,4,1,1,2,7,1,7,2,5,1,15,11,13,2,6,11,1,1,3,8,4,1,3,1,1,2,12,9,2,3,1,3,2,5,2,7,4,3,3,4,9,1,2,6,1,2,4,15,4,5,13,2,2,5,1,4,2,4,1,9,4,2,3,10,8,2,1,3,7,2,2,14,3,1,1,1,1,11,9,3,1,4,1,2,2,4,1,13,3,3,15,1,4,3,1,1,1,1,1,8,1,1,1,2,2,4,4,1,3,13,4,3,3,4,1,4,3,2,1,4,4,5,2,1,1,1,1,4,2,1,3,3,1,2,1,2,2,4,3,1,6,11,2,3,2,5,3,3,2,1,2,1,3,4,3,1,3,1,12,5,4,3,1,4,1,4,3,3,1,11,2,4,1,3,2,4,2,3,2,4,2,12,2,4,9,4,1,4,2,2,4,2,2,1,1,15,3,3,1,4,4,4,1,3,2,4,1,1,2,12,3,10,2,7,2,2,1,2,13,2,4,2,2,1,3,13,2,1,1,2,2,3,3,3,2,3,1,4,4,4,1,4,11,2,4,4,3,1,3,1,3,2,1,4,1,1,3,1,3,5,7,1,7,3,11,1,15,4,1,3,3,1,1,3,1,1,4,1,4,2,1,1,1,15,1,2,1,4,7,14,4,7,14,1,4,1,3,2,2,2,2,6,1,4,4,2,1,3,10,3,2,4,5,8,1,2,3,2,3,4,4,15,2,1,4,3,4,1,2,3,8,2,3,12,2,4,6,2,1,1,12,2,2,1,1,4,3,4,1,3,2,2,3,1,14,11,3,4,10,2,1,1,3,3,1,11,1,2,4,3,2,1,3,2,3,2,14,4,4,5,14,4,4,3,4,3,3,1,3,1,2,2,3,7,15,12,3,11,7,11,14,2,6,3,3,8,11,2,11,2,5,4,5,13,1,8,4,8,14,9,5,10,14,1,14,9,8,10,1,13,1,11,5,8,11,10,11,9,3,15,9,9,11,2,1,5,9,3,1,2,5,5,1,3,10,7,11,8,7,2,13,14,1,15,2,11,10,10,14,5,2,9,7,9,6,5,15,11,15,5,3,8,14,2,7,1,6,7,11,6,2,3,2,2,4,13,8,13,3,1,10,15,1,14,3,2,10,6,8,3,8,14,3,5,13,2,13,2,4,3,6,12,12,9,6,4,3,14,8,9,13,11,8,4,14,15,11,15,3,10,2,1,14,10,12,11,5,13,12,13,1,7,15,12,2,1,7,3,4,7,11,15,2,13,1,8,1,7,15,5,12,1,13,10,1,6,14,15,9,2,14,14,7,8,14,8,7,12,3,8,9,3,14,11,7,9,3,9,3,7,7,8,10,15,1,13,3,12,15,10,13,9,13,5,8,9,5,6,6,3,8,2,11,8,11,14,3,9,15,10,12,1,12,10,12,9,4,10,4,2,8,6,5,2,8,15,4,8,1,8,7,11,10,15,7,13,15,5,10,1,11,9,9,1,15,12,1,15,8,4,5,9,9,3,3,13,12,13,14,15,11,9,5,10,15,1,9,15,1,9,12,12,1,14,2,7,8,9,12,5,12,9,1,2,12,13,8,2,5,9,4,3,10,13,7,8,12,2,9,13,14,6,11,9,6,5,13,10,1,14,14,9,13,15,1,14,15,15,11,10,6,10,14,4,1,13,6,3,8,9,10,6,11,12,1,1,8,4,9,14,11,5,2,10,1,1,7,11,6,5,7,7,14,7,3,7,14,1,9,11,13,13,2,5,11,12,1,12,11,13,9,11,13,11,11,2,15,2,13,4,14,15,12,3,14,8,10,1,10,12,6,13,3,6,9,13,15,4,6,1,10,6,8,2,1,14,15,8,8,9,15,1,4,13,5,1,8,5,13,3,13,13,7,3,10,5,9,3,4,13,7,14,8,8,14,1,3,6,5,6,13,3,11,10,11,3,9,2,3,14,4,6,12,6,8,4,13,4,2,7,13,5,9,6,1,7,15,11,9,2,14,7,4,11,10,7,8,15,6,7,14,9,9,8,2,15,14,5,2,11,1,13,11,14,8,2,13,8,3,3,4,9,7,12,12,13,7,12,8,8,14,8,10,11,2,14,9,5,13,7,3,10,9,8,9,5,2,9,10,12,14,10,10,14,13,7,15,3,14,9,1,1,14,2,4,1,2,6,13,9,6,5,5,14,12,7,13,6,7,8,3,9,11,14,15,13,5,11,13,14,10,6,8,11,4,13,10,2,6,3,1,15,10,4,9,5,14,9,5,6,1,6,8,14,4,9,6,7,1,7,6,7,2,4,10,15,9,14,12,3,7,4,4,13,9,5,2,4,7,8,12,15,6,14,12,8,15,5,3,7,4,7,10,10,6,14,9,11,14,2,6,6,9,1,3,1,7,14,12,2,7,14,4,2,4,15,2,14,2,15,2,2,2,8,15,14,1,12,4,6,2,14,3,1,2,3,11,3,6,7,14,8,4,11,4,5,2,2,15,4,2,5,4,2,6,1,3,7,1,3,4,14,4,3,10,8,4,2,2,4,6,1,9,3,3,3,4,4,9,8,1,7,6,7,3,6,6,1,2,6,10,15,8,3,11,1,12,4,12,2,1,2,4,4,9,8,2,4,14,13,10,4,2,9,2,9,3,14,10,4,6,4,3,11,7,4,2,11,3,7,12,3,1,1,6,1,1,10,10,6,6,1,2,10,4,4,1,9,3,7,10,14,3,1"
202,0.9868249664978729,0.27450980392156854,8318.0,"8,8,9,5,1,7,5,6,4,3,14,11,1,1,1,1,3,3,1,3,3,11,3,13,8,4,1,10,4,3,4,2,9,15,3,9,1,4,11,12,2,7,1,3,3,1,4,4,13,2,11,1,1,2,4,2,3,1,6,7,3,4,1,1,1,5,15,13,1,10,3,14,7,1,13,4,9,3,3,2,7,4,1,1,7,2,9,3,12,1,3,4,3,1,15,1,13,2,1,7,3,1,1,1,5,13,1,8,10,2,2,13,2,1,1,3,4,2,4,6,5,2,13,4,1,13,8,1,4,2,9,1,9,1,7,3,6,13,11,3,3,3,4,4,1,1,2,4,2,1,2,15,4,3,4,2,2,10,6,1,8,12,4,2,2,1,4,9,1,2,3,1,2,1,4,2,1,1,3,1,6,7,3,2,4,4,5,1,11,2,6,1,3,2,4,4,4,2,4,13,3,13,1,1,4,2,2,4,7,3,6,2,1,5,1,10,9,15,4,2,4,1,15,1,2,4,5,14,2,2,6,2,10,12,4,2,4,10,3,1,3,1,6,7,2,1,8,9,4,5,11,4,1,3,8,7,3,7,2,3,3,15,2,2,11,9,15,2,4,9,4,3,14,11,1,1,6,8,7,9,2,8,11,2,1,1,5,6,2,3,2,4,1,1,3,3,3,3,3,4,2,4,4,6,11,1,2,3,1,2,10,4,5,2,3,3,2,10,2,5,4,4,13,1,14,4,2,15,1,3,4,14,4,3,15,4,11,3,1,12,5,1,4,1,3,1,1,13,2,9,8,4,2,12,11,4,3,2,1,3,3,4,12,3,4,2,4,5,9,6,1,1,6,2,3,12,6,4,4,15,14,8,4,3,2,2,1,4,3,8,8,3,4,15,12,1,2,12,1,13,3,14,3,2,4,1,6,2,15,2,4,1,1,15,4,2,4,15,3,4,1,2,3,13,1,4,2,2,2,3,1,1,2,4,4,1,4,10,4,11,4,1,3,2,15,1,4,14,3,7,6,12,1,4,5,1,4,2,4,14,5,1,4,2,2,7,4,1,1,2,7,1,7,2,5,1,15,11,13,2,6,11,1,1,3,8,4,1,3,1,1,2,12,9,2,3,1,3,2,5,2,7,4,3,3,4,9,1,2,6,1,2,4,15,4,5,13,2,2,5,1,4,2,4,1,9,4,2,3,10,8,2,1,3,7,2,2,14,3,1,1,1,1,11,9,3,1,4,1,2,2,4,1,13,3,3,15,1,4,3,1,1,1,1,1,8,1,1,1,2,2,4,4,1,3,13,4,3,3,4,1,4,3,2,1,4,4,5,2,1,1,1,1,4,2,1,3,3,1,2,1,2,2,4,3,1,6,11,2,3,2,5,3,3,2,1,2,1,3,4,3,1,3,1,12,5,4,3,1,4,1,4,3,3,1,11,2,4,1,3,2,4,2,3,2,4,2,12,2,4,9,4,1,4,2,2,4,2,2,1,1,15,3,3,1,4,4,4,1,3,2,4,1,1,2,12,3,10,2,7,2,2,1,2,13,2,4,2,2,1,3,13,2,1,1,2,2,3,3,3,2,3,1,4,4,4,1,4,11,2,4,4,3,1,3,1,3,2,1,4,1,1,3,1,3,5,7,1,7,3,11,1,15,4,1,3,3,1,1,3,1,1,4,1,4,2,1,1,1,15,1,2,1,4,7,14,4,7,14,1,4,1,3,2,2,2,2,6,1,4,4,2,1,3,10,3,2,4,5,8,1,2,3,2,3,4,4,15,2,1,4,3,4,1,2,3,8,2,3,12,2,4,6,2,1,1,12,2,2,1,1,4,3,4,1,3,2,2,3,1,14,11,3,4,10,2,1,1,3,3,1,11,1,2,4,3,2,1,3,2,3,2,14,4,4,5,14,4,4,3,4,3,3,1,3,1,2,2,3,7,15,12,3,11,7,11,14,2,6,3,3,8,11,2,11,2,5,4,5,13,1,8,4,8,14,9,5,10,14,1,14,9,8,10,1,13,1,11,5,8,11,10,11,9,3,15,9,9,11,2,1,5,9,3,1,2,5,5,1,3,10,7,11,8,7,2,13,14,1,15,2,11,10,10,14,5,2,9,7,9,6,5,15,11,15,5,3,8,14,2,7,1,6,7,11,6,2,3,2,2,4,13,8,13,3,1,10,15,1,14,3,2,10,6,8,3,8,14,3,5,13,2,13,2,4,3,6,12,12,9,6,4,3,14,8,9,13,11,8,4,14,15,11,15,3,10,2,1,14,10,12,11,5,13,12,13,1,7,15,12,2,1,7,3,4,7,11,15,2,13,1,8,1,7,15,5,12,1,13,10,1,6,14,15,9,2,14,14,7,8,14,8,7,12,3,8,9,3,14,11,7,9,3,9,3,7,7,8,10,15,1,13,3,12,15,10,13,9,13,5,8,9,5,6,6,3,8,2,11,8,11,14,3,9,15,10,12,1,12,10,12,9,4,10,4,2,8,6,5,2,8,15,4,8,1,8,7,11,10,15,7,13,15,5,10,1,11,9,9,1,15,12,1,15,8,4,5,9,9,3,3,13,12,13,14,15,11,9,5,10,15,1,9,15,1,9,12,12,1,14,2,7,8,9,12,5,12,9,1,2,12,13,8,2,5,9,4,3,10,13,7,8,12,2,9,13,14,6,11,9,6,5,13,10,1,14,14,9,13,15,1,14,15,15,11,10,6,10,14,4,1,13,6,3,8,9,10,6,11,12,1,1,8,4,9,14,11,5,2,10,1,1,7,11,6,5,7,7,14,7,3,7,14,1,9,11,13,13,2,5,11,12,1,12,11,13,9,11,13,11,11,2,15,2,13,4,14,15,12,3,14,8,10,1,10,12,6,13,3,6,9,13,15,4,6,1,10,6,8,2,1,14,15,8,8,9,15,1,4,13,5,1,8,5,13,3,13,13,7,3,10,5,9,3,4,13,7,14,8,8,14,1,3,6,5,6,13,3,11,10,11,3,9,2,3,14,4,6,12,6,8,4,13,4,2,7,13,5,9,6,1,7,15,11,9,2,14,7,4,11,10,7,8,15,6,7,14,9,9,8,2,15,14,5,2,11,1,13,11,14,8,2,13,8,3,3,4,9,7,12,12,13,7,12,8,8,14,8,10,11,2,14,9,5,13,7,3,10,9,8,9,5,2,9,10,12,14,10,10,14,13,7,15,3,14,9,1,1,14,2,4,1,2,6,13,9,6,5,5,14,12,7,13,6,7,8,3,9,11,14,15,13,5,11,13,14,10,6,8,11,4,13,10,2,6,3,1,15,10,4,9,5,14,9,5,6,1,6,8,14,4,9,6,7,1,7,6,7,2,4,10,15,9,14,12,3,7,4,4,13,9,5,2,4,7,8,12,15,6,14,12,8,15,5,3,7,4,7,10,10,6,14,9,11,14,2,6,6,9,1,3,1,7,14,12,2,7,14,4,2,4,15,2,14,2,15,2,2,2,8,15,14,1,12,4,6,2,14,3,1,2,3,11,3,6,7,14,8,4,11,4,5,2,2,15,4,2,5,4,2,6,1,3,7,1,3,4,14,4,3,10,8,4,2,2,4,6,1,9,3,3,3,4,4,9,8,1,7,6,7,3,6,6,1,2,6,10,15,8,3,11,1,12,4,12,2,1,2,4,4,9,8,2,4,14,13,10,4,2,9,2,9,3,14,10,4,6,4,3,11,7,4,2,11,3,7,12,3,1,1,6,1,1,10,10,6,6,1,2,10,4,4,1,9,3,7,10,14,3,1"
203,0.9868249664978729,0.27450980392156854,8318.0,"8,8,9,5,1,7,5,6,4,3,14,11,1,1,1,1,3,3,1,3,3,11,3,13,8,4,1,10,4,3,4,2,9,15,3,9,1,4,11,12,2,7,1,3,3,1,4,4,13,2,11,1,1,2,4,2,3,1,6,7,3,4,1,1,1,5,15,13,1,10,3,14,7,1,13,4,9,3,3,2,7,4,1,1,7,2,9,3,12,1,3,4,3,1,15,1,13,2,1,7,3,1,1,1,5,13,1,8,10,2,2,13,2,1,1,3,4,2,4,6,5,2,13,4,1,13,8,1,4,2,9,1,9,1,7,3,6,13,11,3,3,3,4,4,1,1,2,4,2,1,2,15,4,3,4,2,2,10,6,1,8,12,4,2,2,1,4,9,1,2,3,1,2,1,4,2,1,1,3,1,6,7,3,2,4,4,5,1,11,2,6,1,3,2,4,4,4,2,4,13,3,13,1,1,4,2,2,4,7,3,6,2,1,5,1,10,9,15,4,2,4,1,15,1,2,4,5,14,2,2,6,2,10,12,4,2,4,10,3,1,3,1,6,7,2,1,8,9,4,5,11,4,1,3,8,7,3,7,2,3,3,15,2,2,11,9,15,2,4,9,4,3,14,11,1,1,6,8,7,9,2,8,11,2,1,1,5,6,2,3,2,4,1,1,3,3,3,3,3,4,2,4,4,6,11,1,2,3,1,2,10,4,5,2,3,3,2,10,2,5,4,4,13,1,14,4,2,15,1,3,4,14,4,3,15,4,11,3,1,12,5,1,4,1,3,1,1,13,2,9,8,4,2,12,11,4,3,2,1,3,3,4,12,3,4,2,4,5,9,6,1,1,6,2,3,12,6,4,4,15,14,8,4,3,2,2,1,4,3,8,8,3,4,15,12,1,2,12,1,13,3,14,3,2,4,1,6,2,15,2,4,1,1,15,4,2,4,15,3,4,1,2,3,13,1,4,2,2,2,3,1,1,2,4,4,1,4,10,4,11,4,1,3,2,15,1,4,14,3,7,6,12,1,4,5,1,4,2,4,14,5,1,4,2,2,7,4,1,1,2,7,1,7,2,5,1,15,11,13,2,6,11,1,1,3,8,4,1,3,1,1,2,12,9,2,3,1,3,2,5,2,7,4,3,3,4,9,1,2,6,1,2,4,15,4,5,13,2,2,5,1,4,2,4,1,9,4,2,3,10,8,2,1,3,7,2,2,14,3,1,1,1,1,11,9,3,1,4,1,2,2,4,1,13,3,3,15,1,4,3,1,1,1,1,1,8,1,1,1,2,2,4,4,1,3,13,4,3,3,4,1,4,3,2,1,4,4,5,2,1,1,1,1,4,2,1,3,3,1,2,1,2,2,4,3,1,6,11,2,3,2,5,3,3,2,1,2,1,3,4,3,1,3,1,12,5,4,3,1,4,1,4,3,3,1,11,2,4,1,3,2,4,2,3,2,4,2,12,2,4,9,4,1,4,2,2,4,2,2,1,1,15,3,3,1,4,4,4,1,3,2,4,1,1,2,12,3,10,2,7,2,2,1,2,13,2,4,2,2,1,3,13,2,1,1,2,2,3,3,3,2,3,1,4,4,4,1,4,11,2,4,4,3,1,3,1,3,2,1,4,1,1,3,1,3,5,7,1,7,3,11,1,15,4,1,3,3,1,1,3,1,1,4,1,4,2,1,1,1,15,1,2,1,4,7,14,4,7,14,1,4,1,3,2,2,2,2,6,1,4,4,2,1,3,10,3,2,4,5,8,1,2,3,2,3,4,4,15,2,1,4,3,4,1,2,3,8,2,3,12,2,4,6,2,1,1,12,2,2,1,1,4,3,4,1,3,2,2,3,1,14,11,3,4,10,2,1,1,3,3,1,11,1,2,4,3,2,1,3,2,3,2,14,4,4,5,14,4,4,3,4,3,3,1,3,1,2,2,3,7,15,12,3,11,7,11,14,2,6,3,3,8,11,2,11,2,5,4,5,13,1,8,4,8,14,9,5,10,14,1,14,9,8,10,1,13,1,11,5,8,11,10,11,9,3,15,9,9,11,2,1,5,9,3,1,2,5,5,1,3,10,7,11,8,7,2,13,14,1,15,2,11,10,10,14,5,2,9,7,9,6,5,15,11,15,5,3,8,14,2,7,1,6,7,11,6,2,3,2,2,4,13,8,13,3,1,10,15,1,14,3,2,10,6,8,3,8,14,3,5,13,2,13,2,4,3,6,12,12,9,6,4,3,14,8,9,13,11,8,4,14,15,11,15,3,10,2,1,14,10,12,11,5,13,12,13,1,7,15,12,2,1,7,3,4,7,11,15,2,13,1,8,1,7,15,5,12,1,13,10,1,6,14,15,9,2,14,14,7,8,14,8,7,12,3,8,9,3,14,11,7,9,3,9,3,7,7,8,10,15,1,13,3,12,15,10,13,9,13,5,8,9,5,6,6,3,8,2,11,8,11,14,3,9,15,10,12,1,12,10,12,9,4,10,4,2,8,6,5,2,8,15,4,8,1,8,7,11,10,15,7,13,15,5,10,1,11,9,9,1,15,12,1,15,8,4,5,9,9,3,3,13,12,13,14,15,11,9,5,10,15,1,9,15,1,9,12,12,1,14,2,7,8,9,12,5,12,9,1,2,12,13,8,2,5,9,4,3,10,13,7,8,12,2,9,13,14,6,11,9,6,5,13,10,1,14,14,9,13,15,1,14,15,15,11,10,6,10,14,4,1,13,6,3,8,9,10,6,11,12,1,1,8,4,9,14,11,5,2,10,1,1,7,11,6,5,7,7,14,7,3,7,14,1,9,11,13,13,2,5,11,12,1,12,11,13,9,11,13,11,11,2,15,2,13,4,14,15,12,3,14,8,10,1,10,12,6,13,3,6,9,13,15,4,6,1,10,6,8,2,1,14,15,8,8,9,15,1,4,13,5,1,8,5,13,3,13,13,7,3,10,5,9,3,4,13,7,14,8,8,14,1,3,6,5,6,13,3,11,10,11,3,9,2,3,14,4,6,12,6,8,4,13,4,2,7,13,5,9,6,1,7,15,11,9,2,14,7,4,11,10,7,8,15,6,7,14,9,9,8,2,15,14,5,2,11,1,13,11,14,8,2,13,8,3,3,4,9,7,12,12,13,7,12,8,8,14,8,10,11,2,14,9,5,13,7,3,10,9,8,9,5,2,9,10,12,14,10,10,14,13,7,15,3,14,9,1,1,14,2,4,1,2,6,13,9,6,5,5,14,12,7,13,6,7,8,3,9,11,14,15,13,5,11,13,14,10,6,8,11,4,13,10,2,6,3,1,15,10,4,9,5,14,9,5,6,1,6,8,14,4,9,6,7,1,7,6,7,2,4,10,15,9,14,12,3,7,4,4,13,9,5,2,4,7,8,12,15,6,14,12,8,15,5,3,7,4,7,10,10,6,14,9,11,14,2,6,6,9,1,3,1,7,14,12,2,7,14,4,2,4,15,2,14,2,15,2,2,2,8,15,14,1,12,4,6,2,14,3,1,2,3,11,3,6,7,14,8,4,11,4,5,2,2,15,4,2,5,4,2,6,1,3,7,1,3,4,14,4,3,10,8,4,2,2,4,6,1,9,3,3,3,4,4,9,8,1,7,6,7,3,6,6,1,2,6,10,15,8,3,11,1,12,4,12,2,1,2,4,4,9,8,2,4,14,13,10,4,2,9,2,9,3,14,10,4,6,4,3,11,7,4,2,11,3,7,12,3,1,1,6,1,1,10,10,6,6,1,2,10,4,4,1,9,3,7,10,14,3,1"
204,0.9868249664978729,0.27450980392156854,8318.0,"8,8,9,5,1,7,5,6,4,3,14,11,1,1,1,1,3,3,1,3,3,11,3,13,8,4,1,10,4,3,4,2,9,15,3,9,1,4,11,12,2,7,1,3,3,1,4,4,13,2,11,1,1,2,4,2,3,1,6,7,3,4,1,1,1,5,15,13,1,10,3,14,7,1,13,4,9,3,3,2,7,4,1,1,7,2,9,3,12,1,3,4,3,1,15,1,13,2,1,7,3,1,1,1,5,13,1,8,10,2,2,13,2,1,1,3,4,2,4,6,5,2,13,4,1,13,8,1,4,2,9,1,9,1,7,3,6,13,11,3,3,3,4,4,1,1,2,4,2,1,2,15,4,3,4,2,2,10,6,1,8,12,4,2,2,1,4,9,1,2,3,1,2,1,4,2,1,1,3,1,6,7,3,2,4,4,5,1,11,2,6,1,3,2,4,4,4,2,4,13,3,13,1,1,4,2,2,4,7,3,6,2,1,5,1,10,9,15,4,2,4,1,15,1,2,4,5,14,2,2,6,2,10,12,4,2,4,10,3,1,3,1,6,7,2,1,8,9,4,5,11,4,1,3,8,7,3,7,2,3,3,15,2,2,11,9,15,2,4,9,4,3,14,11,1,1,6,8,7,9,2,8,11,2,1,1,5,6,2,3,2,4,1,1,3,3,3,3,3,4,2,4,4,6,11,1,2,3,1,2,10,4,5,2,3,3,2,10,2,5,4,4,13,1,14,4,2,15,1,3,4,14,4,3,15,4,11,3,1,12,5,1,4,1,3,1,1,13,2,9,8,4,2,12,11,4,3,2,1,3,3,4,12,3,4,2,4,5,9,6,1,1,6,2,3,12,6,4,4,15,14,8,4,3,2,2,1,4,3,8,8,3,4,15,12,1,2,12,1,13,3,14,3,2,4,1,6,2,15,2,4,1,1,15,4,2,4,15,3,4,1,2,3,13,1,4,2,2,2,3,1,1,2,4,4,1,4,10,4,11,4,1,3,2,15,1,4,14,3,7,6,12,1,4,5,1,4,2,4,14,5,1,4,2,2,7,4,1,1,2,7,1,7,2,5,1,15,11,13,2,6,11,1,1,3,8,4,1,3,1,1,2,12,9,2,3,1,3,2,5,2,7,4,3,3,4,9,1,2,6,1,2,4,15,4,5,13,2,2,5,1,4,2,4,1,9,4,2,3,10,8,2,1,3,7,2,2,14,3,1,1,1,1,11,9,3,1,4,1,2,2,4,1,13,3,3,15,1,4,3,1,1,1,1,1,8,1,1,1,2,2,4,4,1,3,13,4,3,3,4,1,4,3,2,1,4,4,5,2,1,1,1,1,4,2,1,3,3,1,2,1,2,2,4,3,1,6,11,2,3,2,5,3,3,2,1,2,1,3,4,3,1,3,1,12,5,4,3,1,4,1,4,3,3,1,11,2,4,1,3,2,4,2,3,2,4,2,12,2,4,9,4,1,4,2,2,4,2,2,1,1,15,3,3,1,4,4,4,1,3,2,4,1,1,2,12,3,10,2,7,2,2,1,2,13,2,4,2,2,1,3,13,2,1,1,2,2,3,3,3,2,3,1,4,4,4,1,4,11,2,4,4,3,1,3,1,3,2,1,4,1,1,3,1,3,5,7,1,7,3,11,1,15,4,1,3,3,1,1,3,1,1,4,1,4,2,1,1,1,15,1,2,1,4,7,14,4,7,14,1,4,1,3,2,2,2,2,6,1,4,4,2,1,3,10,3,2,4,5,8,1,2,3,2,3,4,4,15,2,1,4,3,4,1,2,3,8,2,3,12,2,4,6,2,1,1,12,2,2,1,1,4,3,4,1,3,2,2,3,1,14,11,3,4,10,2,1,1,3,3,1,11,1,2,4,3,2,1,3,2,3,2,14,4,4,5,14,4,4,3,4,3,3,1,3,1,2,2,3,7,15,12,3,11,7,11,14,2,6,3,3,8,11,2,11,2,5,4,5,13,1,8,4,8,14,9,5,10,14,1,14,9,8,10,1,13,1,11,5,8,11,10,11,9,3,15,9,9,11,2,1,5,9,3,1,2,5,5,1,3,10,7,11,8,7,2,13,14,1,15,2,11,10,10,14,5,2,9,7,9,6,5,15,11,15,5,3,8,14,2,7,1,6,7,11,6,2,3,2,2,4,13,8,13,3,1,10,15,1,14,3,2,10,6,8,3,8,14,3,5,13,2,13,2,4,3,6,12,12,9,6,4,3,14,8,9,13,11,8,4,14,15,11,15,3,10,2,1,14,10,12,11,5,13,12,13,1,7,15,12,2,1,7,3,4,7,11,15,2,13,1,8,1,7,15,5,12,1,13,10,1,6,14,15,9,2,14,14,7,8,14,8,7,12,3,8,9,3,14,11,7,9,3,9,3,7,7,8,10,15,1,13,3,12,15,10,13,9,13,5,8,9,5,6,6,3,8,2,11,8,11,14,3,9,15,10,12,1,12,10,12,9,4,10,4,2,8,6,5,2,8,15,4,8,1,8,7,11,10,15,7,13,15,5,10,1,11,9,9,1,15,12,1,15,8,4,5,9,9,3,3,13,12,13,14,15,11,9,5,10,15,1,9,15,1,9,12,12,1,14,2,7,8,9,12,5,12,9,1,2,12,13,8,2,5,9,4,3,10,13,7,8,12,2,9,13,14,6,11,9,6,5,13,10,1,14,14,9,13,15,1,14,15,15,11,10,6,10,14,4,1,13,6,3,8,9,10,6,11,12,1,1,8,4,9,14,11,5,2,10,1,1,7,11,6,5,7,7,14,7,3,7,14,1,9,11,13,13,2,5,11,12,1,12,11,13,9,11,13,11,11,2,15,2,13,4,14,15,12,3,14,8,10,1,10,12,6,13,3,6,9,13,15,4,6,1,10,6,8,2,1,14,15,8,8,9,15,1,4,13,5,1,8,5,13,3,13,13,7,3,10,5,9,3,4,13,7,14,8,8,14,1,3,6,5,6,13,3,11,10,11,3,9,2,3,14,4,6,12,6,8,4,13,4,2,7,13,5,9,6,1,7,15,11,9,2,14,7,4,11,10,7,8,15,6,7,14,9,9,8,2,15,14,5,2,11,1,13,11,14,8,2,13,8,3,3,4,9,7,12,12,13,7,12,8,8,14,8,10,11,2,14,9,5,13,7,3,10,9,8,9,5,2,9,10,12,14,10,10,14,13,7,15,3,14,9,1,1,14,2,4,1,2,6,13,9,6,5,5,14,12,7,13,6,7,8,3,9,11,14,15,13,5,11,13,14,10,6,8,11,4,13,10,2,6,3,1,15,10,4,9,5,14,9,5,6,1,6,8,14,4,9,6,7,1,7,6,7,2,4,10,15,9,14,12,3,7,4,4,13,9,5,2,4,7,8,12,15,6,14,12,8,15,5,3,7,4,7,10,10,6,14,9,11,14,2,6,6,9,1,3,1,7,14,12,2,7,14,4,2,4,15,2,14,2,15,2,2,2,8,15,14,1,12,4,6,2,14,3,1,2,3,11,3,6,7,14,8,4,11,4,5,2,2,15,4,2,5,4,2,6,1,3,7,1,3,4,14,4,3,10,8,4,2,2,4,6,1,9,3,3,3,4,4,9,8,1,7,6,7,3,6,6,1,2,6,10,15,8,3,11,1,12,4,12,2,1,2,4,4,9,8,2,4,14,13,10,4,2,9,2,9,3,14,10,4,6,4,3,11,7,4,2,11,3,7,12,3,1,1,6,1,1,10,10,6,6,1,2,10,4,4,1,9,3,7,10,14,3,1"
205,0.9868249664978729,0.27450980392156854,8318.0,"8,8,9,5,1,7,5,6,4,3,14,11,1,1,1,1,3,3,1,3,3,11,3,13,8,4,1,10,4,3,4,2,9,15,3,9,1,4,11,12,2,7,1,3,3,1,4,4,13,2,11,1,1,2,4,2,3,1,6,7,3,4,1,1,1,5,15,13,1,10,3,14,7,1,13,4,9,3,3,2,7,4,1,1,7,2,9,3,12,1,3,4,3,1,15,1,13,2,1,7,3,1,1,1,5,13,1,8,10,2,2,13,2,1,1,3,4,2,4,6,5,2,13,4,1,13,8,1,4,2,9,1,9,1,7,3,6,13,11,3,3,3,4,4,1,1,2,4,2,1,2,15,4,3,4,2,2,10,6,1,8,12,4,2,2,1,4,9,1,2,3,1,2,1,4,2,1,1,3,1,6,7,3,2,4,4,5,1,11,2,6,1,3,2,4,4,4,2,4,13,3,13,1,1,4,2,2,4,7,3,6,2,1,5,1,10,9,15,4,2,4,1,15,1,2,4,5,14,2,2,6,2,10,12,4,2,4,10,3,1,3,1,6,7,2,1,8,9,4,5,11,4,1,3,8,7,3,7,2,3,3,15,2,2,11,9,15,2,4,9,4,3,14,11,1,1,6,8,7,9,2,8,11,2,1,1,5,6,2,3,2,4,1,1,3,3,3,3,3,4,2,4,4,6,11,1,2,3,1,2,10,4,5,2,3,3,2,10,2,5,4,4,13,1,14,4,2,15,1,3,4,14,4,3,15,4,11,3,1,12,5,1,4,1,3,1,1,13,2,9,8,4,2,12,11,4,3,2,1,3,3,4,12,3,4,2,4,5,9,6,1,1,6,2,3,12,6,4,4,15,14,8,4,3,2,2,1,4,3,8,8,3,4,15,12,1,2,12,1,13,3,14,3,2,4,1,6,2,15,2,4,1,1,15,4,2,4,15,3,4,1,2,3,13,1,4,2,2,2,3,1,1,2,4,4,1,4,10,4,11,4,1,3,2,15,1,4,14,3,7,6,12,1,4,5,1,4,2,4,14,5,1,4,2,2,7,4,1,1,2,7,1,7,2,5,1,15,11,13,2,6,11,1,1,3,8,4,1,3,1,1,2,12,9,2,3,1,3,2,5,2,7,4,3,3,4,9,1,2,6,1,2,4,15,4,5,13,2,2,5,1,4,2,4,1,9,4,2,3,10,8,2,1,3,7,2,2,14,3,1,1,1,1,11,9,3,1,4,1,2,2,4,1,13,3,3,15,1,4,3,1,1,1,1,1,8,1,1,1,2,2,4,4,1,3,13,4,3,3,4,1,4,3,2,1,4,4,5,2,1,1,1,1,4,2,1,3,3,1,2,1,2,2,4,3,1,6,11,2,3,2,5,3,3,2,1,2,1,3,4,3,1,3,1,12,5,4,3,1,4,1,4,3,3,1,11,2,4,1,3,2,4,2,3,2,4,2,12,2,4,9,4,1,4,2,2,4,2,2,1,1,15,3,3,1,4,4,4,1,3,2,4,1,1,2,12,3,10,2,7,2,2,1,2,13,2,4,2,2,1,3,13,2,1,1,2,2,3,3,3,2,3,1,4,4,4,1,4,11,2,4,4,3,1,3,1,3,2,1,4,1,1,3,1,3,5,7,1,7,3,11,1,15,4,1,3,3,1,1,3,1,1,4,1,4,2,1,1,1,15,1,2,1,4,7,14,4,7,14,1,4,1,3,2,2,2,2,6,1,4,4,2,1,3,10,3,2,4,5,8,1,2,3,2,3,4,4,15,2,1,4,3,4,1,2,3,8,2,3,12,2,4,6,2,1,1,12,2,2,1,1,4,3,4,1,3,2,2,3,1,14,11,3,4,10,2,1,1,3,3,1,11,1,2,4,3,2,1,3,2,3,2,14,4,4,5,14,4,4,3,4,3,3,1,3,1,2,2,3,7,15,12,3,11,7,11,14,2,6,3,3,8,11,2,11,2,5,4,5,13,1,8,4,8,14,9,5,10,14,1,14,9,8,10,1,13,1,11,5,8,11,10,11,9,3,15,9,9,11,2,1,5,9,3,1,2,5,5,1,3,10,7,11,8,7,2,13,14,1,15,2,11,10,10,14,5,2,9,7,9,6,5,15,11,15,5,3,8,14,2,7,1,6,7,11,6,2,3,2,2,4,13,8,13,3,1,10,15,1,14,3,2,10,6,8,3,8,14,3,5,13,2,13,2,4,3,6,12,12,9,6,4,3,14,8,9,13,11,8,4,14,15,11,15,3,10,2,1,14,10,12,11,5,13,12,13,1,7,15,12,2,1,7,3,4,7,11,15,2,13,1,8,1,7,15,5,12,1,13,10,1,6,14,15,9,2,14,14,7,8,14,8,7,12,3,8,9,3,14,11,7,9,3,9,3,7,7,8,10,15,1,13,3,12,15,10,13,9,13,5,8,9,5,6,6,3,8,2,11,8,11,14,3,9,15,10,12,1,12,10,12,9,4,10,4,2,8,6,5,2,8,15,4,8,1,8,7,11,10,15,7,13,15,5,10,1,11,9,9,1,15,12,1,15,8,4,5,9,9,3,3,13,12,13,14,15,11,9,5,10,15,1,9,15,1,9,12,12,1,14,2,7,8,9,12,5,12,9,1,2,12,13,8,2,5,9,4,3,10,13,7,8,12,2,9,13,14,6,11,9,6,5,13,10,1,14,14,9,13,15,1,14,15,15,11,10,6,10,14,4,1,13,6,3,8,9,10,6,11,12,1,1,8,4,9,14,11,5,2,10,1,1,7,11,6,5,7,7,14,7,3,7,14,1,9,11,13,13,2,5,11,12,1,12,11,13,9,11,13,11,11,2,15,2,13,4,14,15,12,3,14,8,10,1,10,12,6,13,3,6,9,13,15,4,6,1,10,6,8,2,1,14,15,8,8,9,15,1,4,13,5,1,8,5,13,3,13,13,7,3,10,5,9,3,4,13,7,14,8,8,14,1,3,6,5,6,13,3,11,10,11,3,9,2,3,14,4,6,12,6,8,4,13,4,2,7,13,5,9,6,1,7,15,11,9,2,14,7,4,11,10,7,8,15,6,7,14,9,9,8,2,15,14,5,2,11,1,13,11,14,8,2,13,8,3,3,4,9,7,12,12,13,7,12,8,8,14,8,10,11,2,14,9,5,13,7,3,10,9,8,9,5,2,9,10,12,14,10,10,14,13,7,15,3,14,9,1,1,14,2,4,1,2,6,13,9,6,5,5,14,12,7,13,6,7,8,3,9,11,14,15,13,5,11,13,14,10,6,8,11,4,13,10,2,6,3,1,15,10,4,9,5,14,9,5,6,1,6,8,14,4,9,6,7,1,7,6,7,2,4,10,15,9,14,12,3,7,4,4,13,9,5,2,4,7,8,12,15,6,14,12,8,15,5,3,7,4,7,10,10,6,14,9,11,14,2,6,6,9,1,3,1,7,14,12,2,7,14,4,2,4,15,2,14,2,15,2,2,2,8,15,14,1,12,4,6,2,14,3,1,2,3,11,3,6,7,14,8,4,11,4,5,2,2,15,4,2,5,4,2,6,1,3,7,1,3,4,14,4,3,10,8,4,2,2,4,6,1,9,3,3,3,4,4,9,8,1,7,6,7,3,6,6,1,2,6,10,15,8,3,11,1,12,4,12,2,1,2,4,4,9,8,2,4,14,13,10,4,2,9,2,9,3,14,10,4,6,4,3,11,7,4,2,11,3,7,12,3,1,1,6,1,1,10,10,6,6,1,2,10,4,4,1,9,3,7,10,14,3,1"
206,0.9868249664978729,0.27450980392156854,8318.0,"8,8,9,5,1,7,5,6,4,3,14,11,1,1,1,1,3,3,1,3,3,11,3,13,8,4,1,10,4,3,4,2,9,15,3,9,1,4,11,12,2,7,1,3,3,1,4,4,13,2,11,1,1,2,4,2,3,1,6,7,3,4,1,1,1,5,15,13,1,10,3,14,7,1,13,4,9,3,3,2,7,4,1,1,7,2,9,3,12,1,3,4,3,1,15,1,13,2,1,7,3,1,1,1,5,13,1,8,10,2,2,13,2,1,1,3,4,2,4,6,5,2,13,4,1,13,8,1,4,2,9,1,9,1,7,3,6,13,11,3,3,3,4,4,1,1,2,4,2,1,2,15,4,3,4,2,2,10,6,1,8,12,4,2,2,1,4,9,1,2,3,1,2,1,4,2,1,1,3,1,6,7,3,2,4,4,5,1,11,2,6,1,3,2,4,4,4,2,4,13,3,13,1,1,4,2,2,4,7,3,6,2,1,5,1,10,9,15,4,2,4,1,15,1,2,4,5,14,2,2,6,2,10,12,4,2,4,10,3,1,3,1,6,7,2,1,8,9,4,5,11,4,1,3,8,7,3,7,2,3,3,15,2,2,11,9,15,2,4,9,4,3,14,11,1,1,6,8,7,9,2,8,11,2,1,1,5,6,2,3,2,4,1,1,3,3,3,3,3,4,2,4,4,6,11,1,2,3,1,2,10,4,5,2,3,3,2,10,2,5,4,4,13,1,14,4,2,15,1,3,4,14,4,3,15,4,11,3,1,12,5,1,4,1,3,1,1,13,2,9,8,4,2,12,11,4,3,2,1,3,3,4,12,3,4,2,4,5,9,6,1,1,6,2,3,12,6,4,4,15,14,8,4,3,2,2,1,4,3,8,8,3,4,15,12,1,2,12,1,13,3,14,3,2,4,1,6,2,15,2,4,1,1,15,4,2,4,15,3,4,1,2,3,13,1,4,2,2,2,3,1,1,2,4,4,1,4,10,4,11,4,1,3,2,15,1,4,14,3,7,6,12,1,4,5,1,4,2,4,14,5,1,4,2,2,7,4,1,1,2,7,1,7,2,5,1,15,11,13,2,6,11,1,1,3,8,4,1,3,1,1,2,12,9,2,3,1,3,2,5,2,7,4,3,3,4,9,1,2,6,1,2,4,15,4,5,13,2,2,5,1,4,2,4,1,9,4,2,3,10,8,2,1,3,7,2,2,14,3,1,1,1,1,11,9,3,1,4,1,2,2,4,1,13,3,3,15,1,4,3,1,1,1,1,1,8,1,1,1,2,2,4,4,1,3,13,4,3,3,4,1,4,3,2,1,4,4,5,2,1,1,1,1,4,2,1,3,3,1,2,1,2,2,4,3,1,6,11,2,3,2,5,3,3,2,1,2,1,3,4,3,1,3,1,12,5,4,3,1,4,1,4,3,3,1,11,2,4,1,3,2,4,2,3,2,4,2,12,2,4,9,4,1,4,2,2,4,2,2,1,1,15,3,3,1,4,4,4,1,3,2,4,1,1,2,12,3,10,2,7,2,2,1,2,13,2,4,2,2,1,3,13,2,1,1,2,2,3,3,3,2,3,1,4,4,4,1,4,11,2,4,4,3,1,3,1,3,2,1,4,1,1,3,1,3,5,7,1,7,3,11,1,15,4,1,3,3,1,1,3,1,1,4,1,4,2,1,1,1,15,1,2,1,4,7,14,4,7,14,1,4,1,3,2,2,2,2,6,1,4,4,2,1,3,10,3,2,4,5,8,1,2,3,2,3,4,4,15,2,1,4,3,4,1,2,3,8,2,3,12,2,4,6,2,1,1,12,2,2,1,1,4,3,4,1,3,2,2,3,1,14,11,3,4,10,2,1,1,3,3,1,11,1,2,4,3,2,1,3,2,3,2,14,4,4,5,14,4,4,3,4,3,3,1,3,1,2,2,3,7,15,12,3,11,7,11,14,2,6,3,3,8,11,2,11,2,5,4,5,13,1,8,4,8,14,9,5,10,14,1,14,9,8,10,1,13,1,11,5,8,11,10,11,9,3,15,9,9,11,2,1,5,9,3,1,2,5,5,1,3,10,7,11,8,7,2,13,14,1,15,2,11,10,10,14,5,2,9,7,9,6,5,15,11,15,5,3,8,14,2,7,1,6,7,11,6,2,3,2,2,4,13,8,13,3,1,10,15,1,14,3,2,10,6,8,3,8,14,3,5,13,2,13,2,4,3,6,12,12,9,6,4,3,14,8,9,13,11,8,4,14,15,11,15,3,10,2,1,14,10,12,11,5,13,12,13,1,7,15,12,2,1,7,3,4,7,11,15,2,13,1,8,1,7,15,5,12,1,13,10,1,6,14,15,9,2,14,14,7,8,14,8,7,12,3,8,9,3,14,11,7,9,3,9,3,7,7,8,10,15,1,13,3,12,15,10,13,9,13,5,8,9,5,6,6,3,8,2,11,8,11,14,3,9,15,10,12,1,12,10,12,9,4,10,4,2,8,6,5,2,8,15,4,8,1,8,7,11,10,15,7,13,15,5,10,1,11,9,9,1,15,12,1,15,8,4,5,9,9,3,3,13,12,13,14,15,11,9,5,10,15,1,9,15,1,9,12,12,1,14,2,7,8,9,12,5,12,9,1,2,12,13,8,2,5,9,4,3,10,13,7,8,12,2,9,13,14,6,11,9,6,5,13,10,1,14,14,9,13,15,1,14,15,15,11,10,6,10,14,4,1,13,6,3,8,9,10,6,11,12,1,1,8,4,9,14,11,5,2,10,1,1,7,11,6,5,7,7,14,7,3,7,14,1,9,11,13,13,2,5,11,12,1,12,11,13,9,11,13,11,11,2,15,2,13,4,14,15,12,3,14,8,10,1,10,12,6,13,3,6,9,13,15,4,6,1,10,6,8,2,1,14,15,8,8,9,15,1,4,13,5,1,8,5,13,3,13,13,7,3,10,5,9,3,4,13,7,14,8,8,14,1,3,6,5,6,13,3,11,10,11,3,9,2,3,14,4,6,12,6,8,4,13,4,2,7,13,5,9,6,1,7,15,11,9,2,14,7,4,11,10,7,8,15,6,7,14,9,9,8,2,15,14,5,2,11,1,13,11,14,8,2,13,8,3,3,4,9,7,12,12,13,7,12,8,8,14,8,10,11,2,14,9,5,13,7,3,10,9,8,9,5,2,9,10,12,14,10,10,14,13,7,15,3,14,9,1,1,14,2,4,1,2,6,13,9,6,5,5,14,12,7,13,6,7,8,3,9,11,14,15,13,5,11,13,14,10,6,8,11,4,13,10,2,6,3,1,15,10,4,9,5,14,9,5,6,1,6,8,14,4,9,6,7,1,7,6,7,2,4,10,15,9,14,12,3,7,4,4,13,9,5,2,4,7,8,12,15,6,14,12,8,15,5,3,7,4,7,10,10,6,14,9,11,14,2,6,6,9,1,3,1,7,14,12,2,7,14,4,2,4,15,2,14,2,15,2,2,2,8,15,14,1,12,4,6,2,14,3,1,2,3,11,3,6,7,14,8,4,11,4,5,2,2,15,4,2,5,4,2,6,1,3,7,1,3,4,14,4,3,10,8,4,2,2,4,6,1,9,3,3,3,4,4,9,8,1,7,6,7,3,6,6,1,2,6,10,15,8,3,11,1,12,4,12,2,1,2,4,4,9,8,2,4,14,13,10,4,2,9,2,9,3,14,10,4,6,4,3,11,7,4,2,11,3,7,12,3,1,1,6,1,1,10,10,6,6,1,2,10,4,4,1,9,3,7,10,14,3,1"
207,0.9868249664978729,0.27450980392156854,8318.0,"8,8,9,5,1,7,5,6,4,3,14,11,1,1,1,1,3,3,1,3,3,11,3,13,8,4,1,10,4,3,4,2,9,15,3,9,1,4,11,12,2,7,1,3,3,1,4,4,13,2,11,1,1,2,4,2,3,1,6,7,3,4,1,1,1,5,15,13,1,10,3,14,7,1,13,4,9,3,3,2,7,4,1,1,7,2,9,3,12,1,3,4,3,1,15,1,13,2,1,7,3,1,1,1,5,13,1,8,10,2,2,13,2,1,1,3,4,2,4,6,5,2,13,4,1,13,8,1,4,2,9,1,9,1,7,3,6,13,11,3,3,3,4,4,1,1,2,4,2,1,2,15,4,3,4,2,2,10,6,1,8,12,4,2,2,1,4,9,1,2,3,1,2,1,4,2,1,1,3,1,6,7,3,2,4,4,5,1,11,2,6,1,3,2,4,4,4,2,4,13,3,13,1,1,4,2,2,4,7,3,6,2,1,5,1,10,9,15,4,2,4,1,15,1,2,4,5,14,2,2,6,2,10,12,4,2,4,10,3,1,3,1,6,7,2,1,8,9,4,5,11,4,1,3,8,7,3,7,2,3,3,15,2,2,11,9,15,2,4,9,4,3,14,11,1,1,6,8,7,9,2,8,11,2,1,1,5,6,2,3,2,4,1,1,3,3,3,3,3,4,2,4,4,6,11,1,2,3,1,2,10,4,5,2,3,3,2,10,2,5,4,4,13,1,14,4,2,15,1,3,4,14,4,3,15,4,11,3,1,12,5,1,4,1,3,1,1,13,2,9,8,4,2,12,11,4,3,2,1,3,3,4,12,3,4,2,4,5,9,6,1,1,6,2,3,12,6,4,4,15,14,8,4,3,2,2,1,4,3,8,8,3,4,15,12,1,2,12,1,13,3,14,3,2,4,1,6,2,15,2,4,1,1,15,4,2,4,15,3,4,1,2,3,13,1,4,2,2,2,3,1,1,2,4,4,1,4,10,4,11,4,1,3,2,15,1,4,14,3,7,6,12,1,4,5,1,4,2,4,14,5,1,4,2,2,7,4,1,1,2,7,1,7,2,5,1,15,11,13,2,6,11,1,1,3,8,4,1,3,1,1,2,12,9,2,3,1,3,2,5,2,7,4,3,3,4,9,1,2,6,1,2,4,15,4,5,13,2,2,5,1,4,2,4,1,9,4,2,3,10,8,2,1,3,7,2,2,14,3,1,1,1,1,11,9,3,1,4,1,2,2,4,1,13,3,3,15,1,4,3,1,1,1,1,1,8,1,1,1,2,2,4,4,1,3,13,4,3,3,4,1,4,3,2,1,4,4,5,2,1,1,1,1,4,2,1,3,3,1,2,1,2,2,4,3,1,6,11,2,3,2,5,3,3,2,1,2,1,3,4,3,1,3,1,12,5,4,3,1,4,1,4,3,3,1,11,2,4,1,3,2,4,2,3,2,4,2,12,2,4,9,4,1,4,2,2,4,2,2,1,1,15,3,3,1,4,4,4,1,3,2,4,1,1,2,12,3,10,2,7,2,2,1,2,13,2,4,2,2,1,3,13,2,1,1,2,2,3,3,3,2,3,1,4,4,4,1,4,11,2,4,4,3,1,3,1,3,2,1,4,1,1,3,1,3,5,7,1,7,3,11,1,15,4,1,3,3,1,1,3,1,1,4,1,4,2,1,1,1,15,1,2,1,4,7,14,4,7,14,1,4,1,3,2,2,2,2,6,1,4,4,2,1,3,10,3,2,4,5,8,1,2,3,2,3,4,4,15,2,1,4,3,4,1,2,3,8,2,3,12,2,4,6,2,1,1,12,2,2,1,1,4,3,4,1,3,2,2,3,1,14,11,3,4,10,2,1,1,3,3,1,11,1,2,4,3,2,1,3,2,3,2,14,4,4,5,14,4,4,3,4,3,3,1,3,1,2,2,3,7,15,12,3,11,7,11,14,2,6,3,3,8,11,2,11,2,5,4,5,13,1,8,4,8,14,9,5,10,14,1,14,9,8,10,1,13,1,11,5,8,11,10,11,9,3,15,9,9,11,2,1,5,9,3,1,2,5,5,1,3,10,7,11,8,7,2,13,14,1,15,2,11,10,10,14,5,2,9,7,9,6,5,15,11,15,5,3,8,14,2,7,1,6,7,11,6,2,3,2,2,4,13,8,13,3,1,10,15,1,14,3,2,10,6,8,3,8,14,3,5,13,2,13,2,4,3,6,12,12,9,6,4,3,14,8,9,13,11,8,4,14,15,11,15,3,10,2,1,14,10,12,11,5,13,12,13,1,7,15,12,2,1,7,3,4,7,11,15,2,13,1,8,1,7,15,5,12,1,13,10,1,6,14,15,9,2,14,14,7,8,14,8,7,12,3,8,9,3,14,11,7,9,3,9,3,7,7,8,10,15,1,13,3,12,15,10,13,9,13,5,8,9,5,6,6,3,8,2,11,8,11,14,3,9,15,10,12,1,12,10,12,9,4,10,4,2,8,6,5,2,8,15,4,8,1,8,7,11,10,15,7,13,15,5,10,1,11,9,9,1,15,12,1,15,8,4,5,9,9,3,3,13,12,13,14,15,11,9,5,10,15,1,9,15,1,9,12,12,1,14,2,7,8,9,12,5,12,9,1,2,12,13,8,2,5,9,4,3,10,13,7,8,12,2,9,13,14,6,11,9,6,5,13,10,1,14,14,9,13,15,1,14,15,15,11,10,6,10,14,4,1,13,6,3,8,9,10,6,11,12,1,1,8,4,9,14,11,5,2,10,1,1,7,11,6,5,7,7,14,7,3,7,14,1,9,11,13,13,2,5,11,12,1,12,11,13,9,11,13,11,11,2,15,2,13,4,14,15,12,3,14,8,10,1,10,12,6,13,3,6,9,13,15,4,6,1,10,6,8,2,1,14,15,8,8,9,15,1,4,13,5,1,8,5,13,3,13,13,7,3,10,5,9,3,4,13,7,14,8,8,14,1,3,6,5,6,13,3,11,10,11,3,9,2,3,14,4,6,12,6,8,4,13,4,2,7,13,5,9,6,1,7,15,11,9,2,14,7,4,11,10,7,8,15,6,7,14,9,9,8,2,15,14,5,2,11,1,13,11,14,8,2,13,8,3,3,4,9,7,12,12,13,7,12,8,8,14,8,10,11,2,14,9,5,13,7,3,10,9,8,9,5,2,9,10,12,14,10,10,14,13,7,15,3,14,9,1,1,14,2,4,1,2,6,13,9,6,5,5,14,12,7,13,6,7,8,3,9,11,14,15,13,5,11,13,14,10,6,8,11,4,13,10,2,6,3,1,15,10,4,9,5,14,9,5,6,1,6,8,14,4,9,6,7,1,7,6,7,2,4,10,15,9,14,12,3,7,4,4,13,9,5,2,4,7,8,12,15,6,14,12,8,15,5,3,7,4,7,10,10,6,14,9,11,14,2,6,6,9,1,3,1,7,14,12,2,7,14,4,2,4,15,2,14,2,15,2,2,2,8,15,14,1,12,4,6,2,14,3,1,2,3,11,3,6,7,14,8,4,11,4,5,2,2,15,4,2,5,4,2,6,1,3,7,1,3,4,14,4,3,10,8,4,2,2,4,6,1,9,3,3,3,4,4,9,8,1,7,6,7,3,6,6,1,2,6,10,15,8,3,11,1,12,4,12,2,1,2,4,4,9,8,2,4,14,13,10,4,2,9,2,9,3,14,10,4,6,4,3,11,7,4,2,11,3,7,12,3,1,1,6,1,1,10,10,6,6,1,2,10,4,4,1,9,3,7,10,14,3,1"
208,0.9868249664978729,0.27450980392156854,8318.0,"8,8,9,5,1,7,5,6,4,3,14,11,1,1,1,1,3,3,1,3,3,11,3,13,8,4,1,10,4,3,4,2,9,15,3,9,1,4,11,12,2,7,1,3,3,1,4,4,13,2,11,1,1,2,4,2,3,1,6,7,3,4,1,1,1,5,15,13,1,10,3,14,7,1,13,4,9,3,3,2,7,4,1,1,7,2,9,3,12,1,3,4,3,1,15,1,13,2,1,7,3,1,1,1,5,13,1,8,10,2,2,13,2,1,1,3,4,2,4,6,5,2,13,4,1,13,8,1,4,2,9,1,9,1,7,3,6,13,11,3,3,3,4,4,1,1,2,4,2,1,2,15,4,3,4,2,2,10,6,1,8,12,4,2,2,1,4,9,1,2,3,1,2,1,4,2,1,1,3,1,6,7,3,2,4,4,5,1,11,2,6,1,3,2,4,4,4,2,4,13,3,13,1,1,4,2,2,4,7,3,6,2,1,5,1,10,9,15,4,2,4,1,15,1,2,4,5,14,2,2,6,2,10,12,4,2,4,10,3,1,3,1,6,7,2,1,8,9,4,5,11,4,1,3,8,7,3,7,2,3,3,15,2,2,11,9,15,2,4,9,4,3,14,11,1,1,6,8,7,9,2,8,11,2,1,1,5,6,2,3,2,4,1,1,3,3,3,3,3,4,2,4,4,6,11,1,2,3,1,2,10,4,5,2,3,3,2,10,2,5,4,4,13,1,14,4,2,15,1,3,4,14,4,3,15,4,11,3,1,12,5,1,4,1,3,1,1,13,2,9,8,4,2,12,11,4,3,2,1,3,3,4,12,3,4,2,4,5,9,6,1,1,6,2,3,12,6,4,4,15,14,8,4,3,2,2,1,4,3,8,8,3,4,15,12,1,2,12,1,13,3,14,3,2,4,1,6,2,15,2,4,1,1,15,4,2,4,15,3,4,1,2,3,13,1,4,2,2,2,3,1,1,2,4,4,1,4,10,4,11,4,1,3,2,15,1,4,14,3,7,6,12,1,4,5,1,4,2,4,14,5,1,4,2,2,7,4,1,1,2,7,1,7,2,5,1,15,11,13,2,6,11,1,1,3,8,4,1,3,1,1,2,12,9,2,3,1,3,2,5,2,7,4,3,3,4,9,1,2,6,1,2,4,15,4,5,13,2,2,5,1,4,2,4,1,9,4,2,3,10,8,2,1,3,7,2,2,14,3,1,1,1,1,11,9,3,1,4,1,2,2,4,1,13,3,3,15,1,4,3,1,1,1,1,1,8,1,1,1,2,2,4,4,1,3,13,4,3,3,4,1,4,3,2,1,4,4,5,2,1,1,1,1,4,2,1,3,3,1,2,1,2,2,4,3,1,6,11,2,3,2,5,3,3,2,1,2,1,3,4,3,1,3,1,12,5,4,3,1,4,1,4,3,3,1,11,2,4,1,3,2,4,2,3,2,4,2,12,2,4,9,4,1,4,2,2,4,2,2,1,1,15,3,3,1,4,4,4,1,3,2,4,1,1,2,12,3,10,2,7,2,2,1,2,13,2,4,2,2,1,3,13,2,1,1,2,2,3,3,3,2,3,1,4,4,4,1,4,11,2,4,4,3,1,3,1,3,2,1,4,1,1,3,1,3,5,7,1,7,3,11,1,15,4,1,3,3,1,1,3,1,1,4,1,4,2,1,1,1,15,1,2,1,4,7,14,4,7,14,1,4,1,3,2,2,2,2,6,1,4,4,2,1,3,10,3,2,4,5,8,1,2,3,2,3,4,4,15,2,1,4,3,4,1,2,3,8,2,3,12,2,4,6,2,1,1,12,2,2,1,1,4,3,4,1,3,2,2,3,1,14,11,3,4,10,2,1,1,3,3,1,11,1,2,4,3,2,1,3,2,3,2,14,4,4,5,14,4,4,3,4,3,3,1,3,1,2,2,3,7,15,12,3,11,7,11,14,2,6,3,3,8,11,2,11,2,5,4,5,13,1,8,4,8,14,9,5,10,14,1,14,9,8,10,1,13,1,11,5,8,11,10,11,9,3,15,9,9,11,2,1,5,9,3,1,2,5,5,1,3,10,7,11,8,7,2,13,14,1,15,2,11,10,10,14,5,2,9,7,9,6,5,15,11,15,5,3,8,14,2,7,1,6,7,11,6,2,3,2,2,4,13,8,13,3,1,10,15,1,14,3,2,10,6,8,3,8,14,3,5,13,2,13,2,4,3,6,12,12,9,6,4,3,14,8,9,13,11,8,4,14,15,11,15,3,10,2,1,14,10,12,11,5,13,12,13,1,7,15,12,2,1,7,3,4,7,11,15,2,13,1,8,1,7,15,5,12,1,13,10,1,6,14,15,9,2,14,14,7,8,14,8,7,12,3,8,9,3,14,11,7,9,3,9,3,7,7,8,10,15,1,13,3,12,15,10,13,9,13,5,8,9,5,6,6,3,8,2,11,8,11,14,3,9,15,10,12,1,12,10,12,9,4,10,4,2,8,6,5,2,8,15,4,8,1,8,7,11,10,15,7,13,15,5,10,1,11,9,9,1,15,12,1,15,8,4,5,9,9,3,3,13,12,13,14,15,11,9,5,10,15,1,9,15,1,9,12,12,1,14,2,7,8,9,12,5,12,9,1,2,12,13,8,2,5,9,4,3,10,13,7,8,12,2,9,13,14,6,11,9,6,5,13,10,1,14,14,9,13,15,1,14,15,15,11,10,6,10,14,4,1,13,6,3,8,9,10,6,11,12,1,1,8,4,9,14,11,5,2,10,1,1,7,11,6,5,7,7,14,7,3,7,14,1,9,11,13,13,2,5,11,12,1,12,11,13,9,11,13,11,11,2,15,2,13,4,14,15,12,3,14,8,10,1,10,12,6,13,3,6,9,13,15,4,6,1,10,6,8,2,1,14,15,8,8,9,15,1,4,13,5,1,8,5,13,3,13,13,7,3,10,5,9,3,4,13,7,14,8,8,14,1,3,6,5,6,13,3,11,10,11,3,9,2,3,14,4,6,12,6,8,4,13,4,2,7,13,5,9,6,1,7,15,11,9,2,14,7,4,11,10,7,8,15,6,7,14,9,9,8,2,15,14,5,2,11,1,13,11,14,8,2,13,8,3,3,4,9,7,12,12,13,7,12,8,8,14,8,10,11,2,14,9,5,13,7,3,10,9,8,9,5,2,9,10,12,14,10,10,14,13,7,15,3,14,9,1,1,14,2,4,1,2,6,13,9,6,5,5,14,12,7,13,6,7,8,3,9,11,14,15,13,5,11,13,14,10,6,8,11,4,13,10,2,6,3,1,15,10,4,9,5,14,9,5,6,1,6,8,14,4,9,6,7,1,7,6,7,2,4,10,15,9,14,12,3,7,4,4,13,9,5,2,4,7,8,12,15,6,14,12,8,15,5,3,7,4,7,10,10,6,14,9,11,14,2,6,6,9,1,3,1,7,14,12,2,7,14,4,2,4,15,2,14,2,15,2,2,2,8,15,14,1,12,4,6,2,14,3,1,2,3,11,3,6,7,14,8,4,11,4,5,2,2,15,4,2,5,4,2,6,1,3,7,1,3,4,14,4,3,10,8,4,2,2,4,6,1,9,3,3,3,4,4,9,8,1,7,6,7,3,6,6,1,2,6,10,15,8,3,11,1,12,4,12,2,1,2,4,4,9,8,2,4,14,13,10,4,2,9,2,9,3,14,10,4,6,4,3,11,7,4,2,11,3,7,12,3,1,1,6,1,1,10,10,6,6,1,2,10,4,4,1,9,3,7,10,14,3,1"
209,0.9868249664978729,0.27450980392156854,8318.0,"8,8,9,5,1,7,5,6,4,3,14,11,1,1,1,1,3,3,1,3,3,11,3,13,8,4,1,10,4,3,4,2,9,15,3,9,1,4,11,12,2,7,1,3,3,1,4,4,13,2,11,1,1,2,4,2,3,1,6,7,3,4,1,1,1,5,15,13,1,10,3,14,7,1,13,4,9,3,3,2,7,4,1,1,7,2,9,3,12,1,3,4,3,1,15,1,13,2,1,7,3,1,1,1,5,13,1,8,10,2,2,13,2,1,1,3,4,2,4,6,5,2,13,4,1,13,8,1,4,2,9,1,9,1,7,3,6,13,11,3,3,3,4,4,1,1,2,4,2,1,2,15,4,3,4,2,2,10,6,1,8,12,4,2,2,1,4,9,1,2,3,1,2,1,4,2,1,1,3,1,6,7,3,2,4,4,5,1,11,2,6,1,3,2,4,4,4,2,4,13,3,13,1,1,4,2,2,4,7,3,6,2,1,5,1,10,9,15,4,2,4,1,15,1,2,4,5,14,2,2,6,2,10,12,4,2,4,10,3,1,3,1,6,7,2,1,8,9,4,5,11,4,1,3,8,7,3,7,2,3,3,15,2,2,11,9,15,2,4,9,4,3,14,11,1,1,6,8,7,9,2,8,11,2,1,1,5,6,2,3,2,4,1,1,3,3,3,3,3,4,2,4,4,6,11,1,2,3,1,2,10,4,5,2,3,3,2,10,2,5,4,4,13,1,14,4,2,15,1,3,4,14,4,3,15,4,11,3,1,12,5,1,4,1,3,1,1,13,2,9,8,4,2,12,11,4,3,2,1,3,3,4,12,3,4,2,4,5,9,6,1,1,6,2,3,12,6,4,4,15,14,8,4,3,2,2,1,4,3,8,8,3,4,15,12,1,2,12,1,13,3,14,3,2,4,1,6,2,15,2,4,1,1,15,4,2,4,15,3,4,1,2,3,13,1,4,2,2,2,3,1,1,2,4,4,1,4,10,4,11,4,1,3,2,15,1,4,14,3,7,6,12,1,4,5,1,4,2,4,14,5,1,4,2,2,7,4,1,1,2,7,1,7,2,5,1,15,11,13,2,6,11,1,1,3,8,4,1,3,1,1,2,12,9,2,3,1,3,2,5,2,7,4,3,3,4,9,1,2,6,1,2,4,15,4,5,13,2,2,5,1,4,2,4,1,9,4,2,3,10,8,2,1,3,7,2,2,14,3,1,1,1,1,11,9,3,1,4,1,2,2,4,1,13,3,3,15,1,4,3,1,1,1,1,1,8,1,1,1,2,2,4,4,1,3,13,4,3,3,4,1,4,3,2,1,4,4,5,2,1,1,1,1,4,2,1,3,3,1,2,1,2,2,4,3,1,6,11,2,3,2,5,3,3,2,1,2,1,3,4,3,1,3,1,12,5,4,3,1,4,1,4,3,3,1,11,2,4,1,3,2,4,2,3,2,4,2,12,2,4,9,4,1,4,2,2,4,2,2,1,1,15,3,3,1,4,4,4,1,3,2,4,1,1,2,12,3,10,2,7,2,2,1,2,13,2,4,2,2,1,3,13,2,1,1,2,2,3,3,3,2,3,1,4,4,4,1,4,11,2,4,4,3,1,3,1,3,2,1,4,1,1,3,1,3,5,7,1,7,3,11,1,15,4,1,3,3,1,1,3,1,1,4,1,4,2,1,1,1,15,1,2,1,4,7,14,4,7,14,1,4,1,3,2,2,2,2,6,1,4,4,2,1,3,10,3,2,4,5,8,1,2,3,2,3,4,4,15,2,1,4,3,4,1,2,3,8,2,3,12,2,4,6,2,1,1,12,2,2,1,1,4,3,4,1,3,2,2,3,1,14,11,3,4,10,2,1,1,3,3,1,11,1,2,4,3,2,1,3,2,3,2,14,4,4,5,14,4,4,3,4,3,3,1,3,1,2,2,3,7,15,12,3,11,7,11,14,2,6,3,3,8,11,2,11,2,5,4,5,13,1,8,4,8,14,9,5,10,14,1,14,9,8,10,1,13,1,11,5,8,11,10,11,9,3,15,9,9,11,2,1,5,9,3,1,2,5,5,1,3,10,7,11,8,7,2,13,14,1,15,2,11,10,10,14,5,2,9,7,9,6,5,15,11,15,5,3,8,14,2,7,1,6,7,11,6,2,3,2,2,4,13,8,13,3,1,10,15,1,14,3,2,10,6,8,3,8,14,3,5,13,2,13,2,4,3,6,12,12,9,6,4,3,14,8,9,13,11,8,4,14,15,11,15,3,10,2,1,14,10,12,11,5,13,12,13,1,7,15,12,2,1,7,3,4,7,11,15,2,13,1,8,1,7,15,5,12,1,13,10,1,6,14,15,9,2,14,14,7,8,14,8,7,12,3,8,9,3,14,11,7,9,3,9,3,7,7,8,10,15,1,13,3,12,15,10,13,9,13,5,8,9,5,6,6,3,8,2,11,8,11,14,3,9,15,10,12,1,12,10,12,9,4,10,4,2,8,6,5,2,8,15,4,8,1,8,7,11,10,15,7,13,15,5,10,1,11,9,9,1,15,12,1,15,8,4,5,9,9,3,3,13,12,13,14,15,11,9,5,10,15,1,9,15,1,9,12,12,1,14,2,7,8,9,12,5,12,9,1,2,12,13,8,2,5,9,4,3,10,13,7,8,12,2,9,13,14,6,11,9,6,5,13,10,1,14,14,9,13,15,1,14,15,15,11,10,6,10,14,4,1,13,6,3,8,9,10,6,11,12,1,1,8,4,9,14,11,5,2,10,1,1,7,11,6,5,7,7,14,7,3,7,14,1,9,11,13,13,2,5,11,12,1,12,11,13,9,11,13,11,11,2,15,2,13,4,14,15,12,3,14,8,10,1,10,12,6,13,3,6,9,13,15,4,6,1,10,6,8,2,1,14,15,8,8,9,15,1,4,13,5,1,8,5,13,3,13,13,7,3,10,5,9,3,4,13,7,14,8,8,14,1,3,6,5,6,13,3,11,10,11,3,9,2,3,14,4,6,12,6,8,4,13,4,2,7,13,5,9,6,1,7,15,11,9,2,14,7,4,11,10,7,8,15,6,7,14,9,9,8,2,15,14,5,2,11,1,13,11,14,8,2,13,8,3,3,4,9,7,12,12,13,7,12,8,8,14,8,10,11,2,14,9,5,13,7,3,10,9,8,9,5,2,9,10,12,14,10,10,14,13,7,15,3,14,9,1,1,14,2,4,1,2,6,13,9,6,5,5,14,12,7,13,6,7,8,3,9,11,14,15,13,5,11,13,14,10,6,8,11,4,13,10,2,6,3,1,15,10,4,9,5,14,9,5,6,1,6,8,14,4,9,6,7,1,7,6,7,2,4,10,15,9,14,12,3,7,4,4,13,9,5,2,4,7,8,12,15,6,14,12,8,15,5,3,7,4,7,10,10,6,14,9,11,14,2,6,6,9,1,3,1,7,14,12,2,7,14,4,2,4,15,2,14,2,15,2,2,2,8,15,14,1,12,4,6,2,14,3,1,2,3,11,3,6,7,14,8,4,11,4,5,2,2,15,4,2,5,4,2,6,1,3,7,1,3,4,14,4,3,10,8,4,2,2,4,6,1,9,3,3,3,4,4,9,8,1,7,6,7,3,6,6,1,2,6,10,15,8,3,11,1,12,4,12,2,1,2,4,4,9,8,2,4,14,13,10,4,2,9,2,9,3,14,10,4,6,4,3,11,7,4,2,11,3,7,12,3,1,1,6,1,1,10,10,6,6,1,2,10,4,4,1,9,3,7,10,14,3,1"
210,0.9853285576591126,0.4607843137254901,8636.0,"12,13,5,14,7,8,6,8,12,15,1,15,9,13,2,10,5,11,11,9,5,15,7,5,4,3,8,12,8,9,10,2,6,13,3,4,12,14,2,15,10,12,5,10,9,8,10,6,10,4,7,9,9,13,8,5,12,9,13,3,2,9,3,6,5,9,3,5,1,10,10,15,1,14,15,10,14,2,15,7,15,3,12,6,8,7,12,15,14,12,10,8,2,11,9,6,9,11,15,9,4,6,3,5,1,15,13,15,5,8,14,7,14,3,11,5,9,10,9,10,14,5,7,10,4,1,5,7,3,2,15,12,5,4,1,9,15,5,4,6,10,14,2,3,14,2,10,10,11,1,3,8,7,10,4,11,14,11,9,10,12,14,14,13,1,4,2,12,8,4,12,12,13,11,6,6,5,12,5,5,14,6,14,14,14,9,2,15,10,13,11,8,1,3,7,2,1,2,8,14,15,13,2,12,12,9,15,13,6,5,4,10,2,12,4,8,6,11,7,9,2,12,13,1,6,6,2,4,15,6,15,6,8,9,1,8,4,5,5,2,2,5,12,8,6,1,13,4,9,8,9,11,10,11,7,5,1,5,7,5,1,1,14,10,7,15,15,6,6,8,14,8,11,3,12,2,15,8,3,4,2,3,15,6,14,12,15,2,11,2,9,15,11,11,11,10,1,11,13,3,10,5,5,5,5,9,8,12,13,15,4,4,5,4,15,14,12,2,7,8,5,1,14,5,2,10,6,9,12,6,15,13,8,14,4,11,13,6,1,9,11,14,1,14,1,6,14,8,13,8,5,9,10,7,1,13,9,13,13,9,14,13,13,7,5,3,11,7,7,2,12,12,7,14,7,15,15,9,3,8,9,7,10,15,13,3,6,6,10,13,14,10,15,14,4,6,10,10,7,1,15,10,15,10,9,14,8,7,2,6,11,14,1,1,7,6,14,9,12,1,15,8,6,4,6,13,8,12,8,7,1,8,12,6,13,1,3,14,9,2,8,14,1,3,1,14,3,10,2,2,12,9,6,11,5,14,5,8,14,5,7,2,11,8,7,5,6,4,4,1,8,7,11,7,3,6,1,10,12,10,2,15,15,2,12,1,7,10,12,13,5,10,11,2,14,3,5,10,2,7,2,3,4,11,10,5,14,8,2,5,3,14,10,14,15,10,12,13,6,11,14,10,1,11,4,2,3,8,12,14,8,2,10,1,2,14,11,9,5,7,10,3,5,5,15,10,6,12,3,1,5,13,3,7,4,13,3,14,7,13,8,8,13,3,12,4,11,12,13,13,6,3,10,13,12,11,15,4,13,2,15,9,15,1,2,5,3,5,5,10,7,4,9,6,3,11,4,11,7,14,12,7,5,13,2,2,9,4,8,5,5,4,7,5,4,13,6,9,8,8,9,1,15,1,1,9,7,10,11,5,2,11,12,3,5,4,3,4,10,9,2,14,9,5,1,11,11,2,7,11,14,3,9,11,1,8,7,8,6,11,14,3,10,6,12,5,5,5,2,14,15,12,9,1,8,15,12,14,2,13,10,2,4,15,3,9,4,6,13,8,14,5,3,14,1,9,4,3,13,7,9,4,14,6,8,1,8,4,4,3,13,10,13,4,3,9,1,10,11,14,4,10,9,1,10,15,1,10,2,10,5,9,11,2,3,10,10,9,12,8,4,10,2,15,1,1,13,14,2,11,12,13,1,12,1,5,11,2,6,7,5,12,7,2,11,10,15,11,13,6,12,12,4,4,6,4,10,11,14,12,15,5,9,9,3,15,13,10,9,13,1,14,12,9,13,2,2,13,7,3,12,6,10,10,10,15,2,14,6,12,5,9,15,10,4,1,1,8,8,8,10,3,5,9,15,10,10,12,15,6,2,14,4,11,1,10,7,11,9,10,15,10,8,11,13,11,13,3,1,10,14,13,3,11,12,3,11,3,12,14,12,1,15,12,7,8,7,9,10,3,3,14,11,7,11,2,9,7,1,6,1,6,4,9,8,3,1,10,14,1,9,9,8,3,2,2,2,4,4,4,4,1,1,3,2,4,4,2,2,1,2,1,2,2,4,4,1,2,4,1,4,3,1,3,2,1,3,2,1,2,3,1,2,2,4,3,1,1,2,3,2,2,1,2,1,1,4,1,4,2,1,1,4,4,1,3,3,4,1,2,2,3,3,2,4,1,3,1,4,4,3,4,2,4,3,4,4,3,3,1,2,3,4,1,4,2,4,1,2,4,1,4,2,4,4,1,4,3,2,1,3,3,2,1,3,4,3,2,3,1,3,3,2,3,3,1,2,2,2,2,4,4,4,2,2,4,2,3,1,2,3,3,4,1,2,2,1,3,2,2,1,3,3,3,2,3,1,4,4,1,1,1,3,1,2,4,2,2,3,3,4,3,3,4,1,4,4,1,1,4,1,1,4,1,2,3,3,4,3,2,1,4,3,2,1,1,2,3,4,1,4,1,1,1,3,3,2,4,4,2,3,4,2,1,4,3,4,1,3,3,2,3,2,3,1,1,1,1,1,4,1,3,2,4,3,1,1,3,4,2,2,2,2,1,4,1,4,2,3,3,1,3,1,1,4,2,2,2,2,4,2,2,3,2,2,1,1,2,1,3,3,3,4,3,2,3,3,3,3,1,3,3,1,1,4,2,4,1,1,1,4,3,2,2,3,2,3,4,1,3,3,1,1,2,3,1,2,4,3,4,1,1,3,4,1,3,3,3,1,1,3,2,3,3,3,2,4,1,1,4,3,3,1,3,4,1,2,3,4,1,1,2,3,2,4,1,1,2,2,2,3,1,3,4,3,2,4,4,3,3,2,2,4,2,1,1,4,3,3,1,3,2,1,4,3,4,4,3,3,1,1,4,4,1,4,2,3,3,2,1,1,4,4,1,4,2,3,2,3,3,4,4,3,4,2,1,4,4,4,1,2,3,2,4,1,2,4,4,3,1,3,2,3,2,4,1,1,4,1,3,2,2,2,3,2,1,2,3,1,4,1,3,1,2,3,4,2,3,3,4,4,3,4,4,2,3,1,2,3,3,2,4,1,1,3,3,1,3,1,4,1,1,1,3,4,2,2,1,3,2,2,1,1,3,2,1,4,4,4,1,3,4,4,4,1,1,1,4,1,1,3,1,2,1,1,2,2,1,3,4,2,3,1,1,2,2,3,1,2,2,4,2,3,1,2,4,2,1,1,1,4,1,1,2,2,3,2,1,1,3,1,3,3,1,2,2,2,3,2,3,4,3,1,1,2,1,2,4,3,1,2,4,1,3,4,3,4,4,3,2,10,4,15,2,6,1,1,11,1,1,6,6,2,9,15,15,3,13,6,4,4,9,9,13,6,12,6,4,2,2,13,15,9,1,5,3,12,4,5,7,5,15,2,4,15,8,7,13,6,5,12,8,4,8,1,14,4,1,6,14,6,9,12,11,12,10,11,1,5,8,8,14,7,14,3,1,13,8,4,3,15,2,8,5,4,3,8,1,7,10,14,9,5,12,6,3,13,6,3,1,1,2,9,7,13,4,11,11,5,12,2,7,10,8,15,2,7,9,13,9,8,10,12,7,9,9,4,2,12,9,12,13,12,12,15,14,8,3,11,15,14,11,3,6,7,15,8,8,15,2,4,8,9,2,4,7,11,6,10,11,13,13,14,9,4,14,10,14,9,6,8,12,5,3,5,3,11,2,7,4,5,13,15,8,2,10,7,3,13,6,4,6,2,5,6,9,14,9,8,4,11,14,11,6,13,4,1,15,14,3,6,7,13,14,11,9,10,7,14,3"
