Solution,NDCG_Loss,Classification_Error,Complexity,Genome
1,0.9882627241940299,0.5,2136.0,"4,2,1,1,2,2,3,1,2,1,4,4,4,1,2,2,4,1,1,2,1,2,4,1,3,1,2,2,4,1,1,2,3,3,1,2,4,1,2,4,1,2,2,2,2,2,3,2,1,2,4,4,3,2,1,4,2,2,1,4,4,4,3,1,3,3,3,2,3,2,1,2,2,3,4,2,3,3,3,1,2,1,4,1,2,3,1,2,1,2,1,2,2,2,3,4,1,1,3,1,2,2,3,2,2,4,1,4,2,1,1,1,3,3,1,2,3,4,4,1,3,2,2,3,2,2,3,2,4,1,2,2,1,1,1,2,3,4,2,2,4,3,2,3,4,4,2,1,1,1,1,1,1,3,3,4,2,2,2,1,4,1,1,3,1,3,3,1,1,4,1,2,2,2,1,3,3,1,4,1,3,2,3,2,3,2,1,2,4,1,4,2,3,3,3,3,2,3,1,4,1,4,1,3,4,4,1,3,2,2,2,1,2,1,3,2,2,1,2,1,4,4,3,2,3,1,3,2,4,3,3,2,2,1,1,3,1,3,3,2,2,1,2,3,2,2,3,2,3,3,3,4,1,1,3,1,1,1,4,2,3,4,1,1,2,1,3,2,1,3,4,2,4,1,3,2,4,1,1,4,4,1,1,4,2,2,2,4,2,4,1,1,1,4,1,4,2,1,2,3,2,2,1,2,3,2,4,1,1,1,1,1,1,1,2,3,1,4,2,2,4,2,1,3,2,1,1,3,2,2,3,3,2,3,1,4,1,4,2,1,1,2,3,1,4,2,2,3,3,2,4,2,4,2,3,1,1,2,4,3,4,3,1,2,3,3,4,4,1,3,2,1,2,3,2,3,3,2,1,3,2,4,2,3,3,2,1,1,2,1,1,4,3,3,1,2,3,1,2,2,1,1,2,2,4,1,2,3,4,3,3,2,2,1,1,4,3,2,1,4,3,1,3,3,3,2,1,2,4,3,3,1,1,2,3,1,3,3,2,4,1,2,2,1,3,3,2,1,2,4,2,4,1,3,1,1,1,4,2,1,4,3,3,2,2,1,2,1,4,4,2,2,2,1,1,1,1,4,1,3,1,2,2,3,1,3,4,1,4,1,4,1,1,1,1,2,3,1,1,2,4,2,4,4,2,1,3,1,1,3,3,1,3,1,4,2,4,3,3,1,4,2,4,4,4,2,1,3,1,3,3,3,1,1,2,4,4,1,3,3,2,2,2,3,1,4,1,3,2,1,3,3,4,2,3,3,2,1,2,2,3,4,3,2,1,2,3,1,2,1,4,2,1,4,2,1,4,3,2,1,2,3,1,3,1,2,1,1,1,1,2,1,3,1,1,4,1,3,3,2,2,4,3,4,4,2,4,4,2,1,4,4,4,3,1,2,4,3,3,2,1,3,2,1,4,4,2,2,1,1,3,4,4,2,2,1,4,1,2,3,2,1,3,4,4,3,4,4,1,1,2,3,1,1,1,1,2,2,1,3,1,3,1,4,2,1,1,4,2,4,3,2,1,4,2,3,1,3,2,2,2,1,1,2,2,4,2,2,2,2,2,1,2,3,2,3,1,1,3,4,2,2,2,4,3,3,1,2,2,3,2,3,3,1,2,2,4,4,1,4,4,1,2,4,1,3,3,3,2,3,3,1,1,2,4,3,3,4,2,4,1,2,4,1,4,3,1,1,1,4,4,1,2,2,2,2,2,1,1,1,1,1,1,4,2,2,3,4,4,1,2,3,2,4,1,2,2,3,2,1,1,2,2,1,1,2,3,1,2,1,4,4,1,2,4,2,1,1,2,1,3,3,4,2,2,1,2,4,1,2,2,1,2,1,2,3,1,3,2,3,4,2,1,3,2,3,2,1,2,2,4,4,1,1,4,3,3,2,4,2,4,1,2,3,3,1,3,2,1,3,1,1,2,2,4,2,1,1,1,3,2,4,4,4,1,3,1,4,2,1,3,2,1,1,1,1,4,3,1,1,2,2,3,4,3,2,4,2,1,1,1,1,3,1,1,2,1,1,4,2,4,2,1,3,3,1,2,1,2,1,4,4,2,4,1,4,1,2,2,1,4,1,2,3,2,4,1,2,3,2,1,4,2,2,3,2,3,1,2,1,2,3,2,2,2,3,2,4,1,4,2,3,2,2,2,3,2,4,3,1,1,2,1,1,1,2,1,2,3,2,1,1,1,1,2,1,2,3,2,4,1,1,4,4,3,2,4,3,1,3,2,1,2,3,3,3,3,4,3,1,1,1,3,1,2,1,4,4,3,2,4,3,4,4,1,2,1,2,4,4,3,2,1,3,1,4,3,3,1,3,2,2,2,1,4,1,4,1,4,1,1,4,1,1,3,2,4,2,4,2,3,2,2,3,4,4,3,2,2,4,1,2,1,3,3,1,1,4,1,1,2,3,4,4,3,1,1,2,2,4,1,1,4,2,3,4,3,4,3,2,1,3,2,2,2,1,1,3,2,2,3,2,1,2,3,4,3,1,3,4,2,4,3,4,1,3,1,1,2,4,2,2,4,4,3,1,4,2,3,1,4,1,2,3,3,1,4,2,1,3,2,3,1,1,2,1,1,2,1,3,3,2,4,2,2,2,3,2,3,3,2,2,2,2,4,1,1,1,1,2,1,2,1,4,2,2,2,1,1,1,2,4,1,4,2,2,3,4,1,1,1,4,4,2,2,3,3,3,3,1,2,1,2,4,4,2,2,3,2,1,1,1,1,2,3,1,2,3,4,3,4,1,1,3,1,4,4,3,2,1,4,1,2,2,1,2,1,4,1,3,1,1,4,4,1,4,4,1,1,1,3,1,2,1,1,1,1,2,1,3,2,4,4,1,2,4,2,1,1,4,2,4,4,3,3,2,1,2,3,2,1,1,1,2,3,3,4,2,1,4,2,3,2,2,4,4,1,1,2,3,1,2,3,4,2,1,2,1,2,1,4,2,2,3,3,1,4,2,1,2,3,1,1,4,1,3,3,1,2,4,1,4,1,2,1,1,1,2,2,3,3,1,1,4,2,2,4,2,1,1,2,2,1,2,4,3,2,3,3,4,4,1,4,4,3,2,4,3,1,1,3,2,4,2,2,1,1,4,4,2,1,1,3,3,3,3,1,3,2,2,2,2,1,1,3,2,4,4,1,2,3,1,3,1,1,3,1,4,1,1,2,1,3,1,2,2,4,1,1,4,1,4,4,2,1,1,2,3,1,1,1,1,2,3,4,3,2,3,3,1,2,4,2,3,1,2,2,2,4,3,2,2,2,4,1,1,1,2,4,2,1,4,2,1,1,1,2,1,2,1,2,3,3,3,2,4,3,3,1,1,4,2,3,1,4,4,4,3,2,4,3,2,1,3,4,1,2,2,1,2,3,3,1,4,3,3,2,2,1,1,2,3,3,4,4,2,1,1,3,1,1,3,2,3,4,1,3,1,4,2,4,1,1,1,1,4,1,3,1,1,3,1,4,2,2,1,2,2,4,1,2,4,3,1,3,2,1,2,2,3,3,2,1,2,4,1,4,2,1,1,4,1,1,4,4,2,4,2,4,3,2,2,4,3,2,3,1,2,4,3,4,1,3,1,2,4,4,2,2,2,1,2,2,1,4,2,1,2,1,4,2,1,2,4,1,2,1,2,1,1,4,2,1,2,1,2,4,4,3,4,1,2,1,1,2,2,2,2,2,4,4,3,3,2,4,2,3,4,3,2,2,2,3,2,1,3,2,1,1,1,3,1,3,2,3,1,4,3,4,1,1,3,1,3,2,1,3,1,1,2"
2,0.9882627241940299,0.5,2136.0,"4,2,1,1,2,2,3,1,2,1,4,4,4,1,2,2,4,1,1,2,1,2,4,1,3,1,2,2,4,1,1,2,3,3,1,2,4,1,2,4,1,2,2,2,2,2,3,2,1,2,4,4,3,2,1,4,2,2,1,4,4,4,3,1,3,3,3,2,3,2,1,2,2,3,4,2,3,3,3,1,2,1,4,1,2,3,1,2,1,2,1,2,2,2,3,4,1,1,3,1,2,2,3,2,2,4,1,4,2,1,1,1,3,3,1,2,3,4,4,1,3,2,2,3,2,2,3,2,4,1,2,2,1,1,1,2,3,4,2,2,4,3,2,3,4,4,2,1,1,1,1,1,1,3,3,4,2,2,2,1,4,1,1,3,1,3,3,1,1,4,1,2,2,2,1,3,3,1,4,1,3,2,3,2,3,2,1,2,4,1,4,2,3,3,3,3,2,3,1,4,1,4,1,3,4,4,1,3,2,2,2,1,2,1,3,2,2,1,2,1,4,4,3,2,3,1,3,2,4,3,3,2,2,1,1,3,1,3,3,2,2,1,2,3,2,2,3,2,3,3,3,4,1,1,3,1,1,1,4,2,3,4,1,1,2,1,3,2,1,3,4,2,4,1,3,2,4,1,1,4,4,1,1,4,2,2,2,4,2,4,1,1,1,4,1,4,2,1,2,3,2,2,1,2,3,2,4,1,1,1,1,1,1,1,2,3,1,4,2,2,4,2,1,3,2,1,1,3,2,2,3,3,2,3,1,4,1,4,2,1,1,2,3,1,4,2,2,3,3,2,4,2,4,2,3,1,1,2,4,3,4,3,1,2,3,3,4,4,1,3,2,1,2,3,2,3,3,2,1,3,2,4,2,3,3,2,1,1,2,1,1,4,3,3,1,2,3,1,2,2,1,1,2,2,4,1,2,3,4,3,3,2,2,1,1,4,3,2,1,4,3,1,3,3,3,2,1,2,4,3,3,1,1,2,3,1,3,3,2,4,1,2,2,1,3,3,2,1,2,4,2,4,1,3,1,1,1,4,2,1,4,3,3,2,2,1,2,1,4,4,2,2,2,1,1,1,1,4,1,3,1,2,2,3,1,3,4,1,4,1,4,1,1,1,1,2,3,1,1,2,4,2,4,4,2,1,3,1,1,3,3,1,3,1,4,2,4,3,3,1,4,2,4,4,4,2,1,3,1,3,3,3,1,1,2,4,4,1,3,3,2,2,2,3,1,4,1,3,2,1,3,3,4,2,3,3,2,1,2,2,3,4,3,2,1,2,3,1,2,1,4,2,1,4,2,1,4,3,2,1,2,3,1,3,1,2,1,1,1,1,2,1,3,1,1,4,1,3,3,2,2,4,3,4,4,2,4,4,2,1,4,4,4,3,1,2,4,3,3,2,1,3,2,1,4,4,2,2,1,1,3,4,4,2,2,1,4,1,2,3,2,1,3,4,4,3,4,4,1,1,2,3,1,1,1,1,2,2,1,3,1,3,1,4,2,1,1,4,2,4,3,2,1,4,2,3,1,3,2,2,2,1,1,2,2,4,2,2,2,2,2,1,2,3,2,3,1,1,3,4,2,2,2,4,3,3,1,2,2,3,2,3,3,1,2,2,4,4,1,4,4,1,2,4,1,3,3,3,2,3,3,1,1,2,4,3,3,4,2,4,1,2,4,1,4,3,1,1,1,4,4,1,2,2,2,2,2,1,1,1,1,1,1,4,2,2,3,4,4,1,2,3,2,4,1,2,2,3,2,1,1,2,2,1,1,2,3,1,2,1,4,4,1,2,4,2,1,1,2,1,3,3,4,2,2,1,2,4,1,2,2,1,2,1,2,3,1,3,2,3,4,2,1,3,2,3,2,1,2,2,4,4,1,1,4,3,3,2,4,2,4,1,2,3,3,1,3,2,1,3,1,1,2,2,4,2,1,1,1,3,2,4,4,4,1,3,1,4,2,1,3,2,1,1,1,1,4,3,1,1,2,2,3,4,3,2,4,2,1,1,1,1,3,1,1,2,1,1,4,2,4,2,1,3,3,1,2,1,2,1,4,4,2,4,1,4,1,2,2,1,4,1,2,3,2,4,1,2,3,2,1,4,2,2,3,2,3,1,2,1,2,3,2,2,2,3,2,4,1,4,2,3,2,2,2,3,2,4,3,1,1,2,1,1,1,2,1,2,3,2,1,1,1,1,2,1,2,3,2,4,1,1,4,4,3,2,4,3,1,3,2,1,2,3,3,3,3,4,3,1,1,1,3,1,2,1,4,4,3,2,4,3,4,4,1,2,1,2,4,4,3,2,1,3,1,4,3,3,1,3,2,2,2,1,4,1,4,1,4,1,1,4,1,1,3,2,4,2,4,2,3,2,2,3,4,4,3,2,2,4,1,2,1,3,3,1,1,4,1,1,2,3,4,4,3,1,1,2,2,4,1,1,4,2,3,4,3,4,3,2,1,3,2,2,2,1,1,3,2,2,3,2,1,2,3,4,3,1,3,4,2,4,3,4,1,3,1,1,2,4,2,2,4,4,3,1,4,2,3,1,4,1,2,3,3,1,4,2,1,3,2,3,1,1,2,1,1,2,1,3,3,2,4,2,2,2,3,2,3,3,2,2,2,2,4,1,1,1,1,2,1,2,1,4,2,2,2,1,1,1,2,4,1,4,2,2,3,4,1,1,1,4,4,2,2,3,3,3,3,1,2,1,2,4,4,2,2,3,2,1,1,1,1,2,3,1,2,3,4,3,4,1,1,3,1,4,4,3,2,1,4,1,2,2,1,2,1,4,1,3,1,1,4,4,1,4,4,1,1,1,3,1,2,1,1,1,1,2,1,3,2,4,4,1,2,4,2,1,1,4,2,4,4,3,3,2,1,2,3,2,1,1,1,2,3,3,4,2,1,4,2,3,2,2,4,4,1,1,2,3,1,2,3,4,2,1,2,1,2,1,4,2,2,3,3,1,4,2,1,2,3,1,1,4,1,3,3,1,2,4,1,4,1,2,1,1,1,2,2,3,3,1,1,4,2,2,4,2,1,1,2,2,1,2,4,3,2,3,3,4,4,1,4,4,3,2,4,3,1,1,3,2,4,2,2,1,1,4,4,2,1,1,3,3,3,3,1,3,2,2,2,2,1,1,3,2,4,4,1,2,3,1,3,1,1,3,1,4,1,1,2,1,3,1,2,2,4,1,1,4,1,4,4,2,1,1,2,3,1,1,1,1,2,3,4,3,2,3,3,1,2,4,2,3,1,2,2,2,4,3,2,2,2,4,1,1,1,2,4,2,1,4,2,1,1,1,2,1,2,1,2,3,3,3,2,4,3,3,1,1,4,2,3,1,4,4,4,3,2,4,3,2,1,3,4,1,2,2,1,2,3,3,1,4,3,3,2,2,1,1,2,3,3,4,4,2,1,1,3,1,1,3,2,3,4,1,3,1,4,2,4,1,1,1,1,4,1,3,1,1,3,1,4,2,2,1,2,2,4,1,2,4,3,1,3,2,1,2,2,3,3,2,1,2,4,1,4,2,1,1,4,1,1,4,4,2,4,2,4,3,2,2,4,3,2,3,1,2,4,3,4,1,3,1,2,4,4,2,2,2,1,2,2,1,4,2,1,2,1,4,2,1,2,4,1,2,1,2,1,1,4,2,1,2,1,2,4,4,3,4,1,2,1,1,2,2,2,2,2,4,4,3,3,2,4,2,3,4,3,2,2,2,3,2,1,3,2,1,1,1,3,1,3,2,3,1,4,3,4,1,1,3,1,3,2,1,3,1,1,2"
3,0.9882627241940299,0.5,2136.0,"4,2,1,1,2,2,3,1,2,1,4,4,4,1,2,2,4,1,1,2,1,2,4,1,3,1,2,2,4,1,1,2,3,3,1,2,4,1,2,4,1,2,2,2,2,2,3,2,1,2,4,4,3,2,1,4,2,2,1,4,4,4,3,1,3,3,3,2,3,2,1,2,2,3,4,2,3,3,3,1,2,1,4,1,2,3,1,2,1,2,1,2,2,2,3,4,1,1,3,1,2,2,3,2,2,4,1,4,2,1,1,1,3,3,1,2,3,4,4,1,3,2,2,3,2,2,3,2,4,1,2,2,1,1,1,2,3,4,2,2,4,3,2,3,4,4,2,1,1,1,1,1,1,3,3,4,2,2,2,1,4,1,1,3,1,3,3,1,1,4,1,2,2,2,1,3,3,1,4,1,3,2,3,2,3,2,1,2,4,1,4,2,3,3,3,3,2,3,1,4,1,4,1,3,4,4,1,3,2,2,2,1,2,1,3,2,2,1,2,1,4,4,3,2,3,1,3,2,4,3,3,2,2,1,1,3,1,3,3,2,2,1,2,3,2,2,3,2,3,3,3,4,1,1,3,1,1,1,4,2,3,4,1,1,2,1,3,2,1,3,4,2,4,1,3,2,4,1,1,4,4,1,1,4,2,2,2,4,2,4,1,1,1,4,1,4,2,1,2,3,2,2,1,2,3,2,4,1,1,1,1,1,1,1,2,3,1,4,2,2,4,2,1,3,2,1,1,3,2,2,3,3,2,3,1,4,1,4,2,1,1,2,3,1,4,2,2,3,3,2,4,2,4,2,3,1,1,2,4,3,4,3,1,2,3,3,4,4,1,3,2,1,2,3,2,3,3,2,1,3,2,4,2,3,3,2,1,1,2,1,1,4,3,3,1,2,3,1,2,2,1,1,2,2,4,1,2,3,4,3,3,2,2,1,1,4,3,2,1,4,3,1,3,3,3,2,1,2,4,3,3,1,1,2,3,1,3,3,2,4,1,2,2,1,3,3,2,1,2,4,2,4,1,3,1,1,1,4,2,1,4,3,3,2,2,1,2,1,4,4,2,2,2,1,1,1,1,4,1,3,1,2,2,3,1,3,4,1,4,1,4,1,1,1,1,2,3,1,1,2,4,2,4,4,2,1,3,1,1,3,3,1,3,1,4,2,4,3,3,1,4,2,4,4,4,2,1,3,1,3,3,3,1,1,2,4,4,1,3,3,2,2,2,3,1,4,1,3,2,1,3,3,4,2,3,3,2,1,2,2,3,4,3,2,1,2,3,1,2,1,4,2,1,4,2,1,4,3,2,1,2,3,1,3,1,2,1,1,1,1,2,1,3,1,1,4,1,3,3,2,2,4,3,4,4,2,4,4,2,1,4,4,4,3,1,2,4,3,3,2,1,3,2,1,4,4,2,2,1,1,3,4,4,2,2,1,4,1,2,3,2,1,3,4,4,3,4,4,1,1,2,3,1,1,1,1,2,2,1,3,1,3,1,4,2,1,1,4,2,4,3,2,1,4,2,3,1,3,2,2,2,1,1,2,2,4,2,2,2,2,2,1,2,3,2,3,1,1,3,4,2,2,2,4,3,3,1,2,2,3,2,3,3,1,2,2,4,4,1,4,4,1,2,4,1,3,3,3,2,3,3,1,1,2,4,3,3,4,2,4,1,2,4,1,4,3,1,1,1,4,4,1,2,2,2,2,2,1,1,1,1,1,1,4,2,2,3,4,4,1,2,3,2,4,1,2,2,3,2,1,1,2,2,1,1,2,3,1,2,1,4,4,1,2,4,2,1,1,2,1,3,3,4,2,2,1,2,4,1,2,2,1,2,1,2,3,1,3,2,3,4,2,1,3,2,3,2,1,2,2,4,4,1,1,4,3,3,2,4,2,4,1,2,3,3,1,3,2,1,3,1,1,2,2,4,2,1,1,1,3,2,4,4,4,1,3,1,4,2,1,3,2,1,1,1,1,4,3,1,1,2,2,3,4,3,2,4,2,1,1,1,1,3,1,1,2,1,1,4,2,4,2,1,3,3,1,2,1,2,1,4,4,2,4,1,4,1,2,2,1,4,1,2,3,2,4,1,2,3,2,1,4,2,2,3,2,3,1,2,1,2,3,2,2,2,3,2,4,1,4,2,3,2,2,2,3,2,4,3,1,1,2,1,1,1,2,1,2,3,2,1,1,1,1,2,1,2,3,2,4,1,1,4,4,3,2,4,3,1,3,2,1,2,3,3,3,3,4,3,1,1,1,3,1,2,1,4,4,3,2,4,3,4,4,1,2,1,2,4,4,3,2,1,3,1,4,3,3,1,3,2,2,2,1,4,1,4,1,4,1,1,4,1,1,3,2,4,2,4,2,3,2,2,3,4,4,3,2,2,4,1,2,1,3,3,1,1,4,1,1,2,3,4,4,3,1,1,2,2,4,1,1,4,2,3,4,3,4,3,2,1,3,2,2,2,1,1,3,2,2,3,2,1,2,3,4,3,1,3,4,2,4,3,4,1,3,1,1,2,4,2,2,4,4,3,1,4,2,3,1,4,1,2,3,3,1,4,2,1,3,2,3,1,1,2,1,1,2,1,3,3,2,4,2,2,2,3,2,3,3,2,2,2,2,4,1,1,1,1,2,1,2,1,4,2,2,2,1,1,1,2,4,1,4,2,2,3,4,1,1,1,4,4,2,2,3,3,3,3,1,2,1,2,4,4,2,2,3,2,1,1,1,1,2,3,1,2,3,4,3,4,1,1,3,1,4,4,3,2,1,4,1,2,2,1,2,1,4,1,3,1,1,4,4,1,4,4,1,1,1,3,1,2,1,1,1,1,2,1,3,2,4,4,1,2,4,2,1,1,4,2,4,4,3,3,2,1,2,3,2,1,1,1,2,3,3,4,2,1,4,2,3,2,2,4,4,1,1,2,3,1,2,3,4,2,1,2,1,2,1,4,2,2,3,3,1,4,2,1,2,3,1,1,4,1,3,3,1,2,4,1,4,1,2,1,1,1,2,2,3,3,1,1,4,2,2,4,2,1,1,2,2,1,2,4,3,2,3,3,4,4,1,4,4,3,2,4,3,1,1,3,2,4,2,2,1,1,4,4,2,1,1,3,3,3,3,1,3,2,2,2,2,1,1,3,2,4,4,1,2,3,1,3,1,1,3,1,4,1,1,2,1,3,1,2,2,4,1,1,4,1,4,4,2,1,1,2,3,1,1,1,1,2,3,4,3,2,3,3,1,2,4,2,3,1,2,2,2,4,3,2,2,2,4,1,1,1,2,4,2,1,4,2,1,1,1,2,1,2,1,2,3,3,3,2,4,3,3,1,1,4,2,3,1,4,4,4,3,2,4,3,2,1,3,4,1,2,2,1,2,3,3,1,4,3,3,2,2,1,1,2,3,3,4,4,2,1,1,3,1,1,3,2,3,4,1,3,1,4,2,4,1,1,1,1,4,1,3,1,1,3,1,4,2,2,1,2,2,4,1,2,4,3,1,3,2,1,2,2,3,3,2,1,2,4,1,4,2,1,1,4,1,1,4,4,2,4,2,4,3,2,2,4,3,2,3,1,2,4,3,4,1,3,1,2,4,4,2,2,2,1,2,2,1,4,2,1,2,1,4,2,1,2,4,1,2,1,2,1,1,4,2,1,2,1,2,4,4,3,4,1,2,1,1,2,2,2,2,2,4,4,3,3,2,4,2,3,4,3,2,2,2,3,2,1,3,2,1,1,1,3,1,3,2,3,1,4,3,4,1,1,3,1,3,2,1,3,1,1,2"
4,0.9882627241940299,0.5,2136.0,"4,2,1,1,2,2,3,1,2,1,4,4,4,1,2,2,4,1,1,2,1,2,4,1,3,1,2,2,4,1,1,2,3,3,1,2,4,1,2,4,1,2,2,2,2,2,3,2,1,2,4,4,3,2,1,4,2,2,1,4,4,4,3,1,3,3,3,2,3,2,1,2,2,3,4,2,3,3,3,1,2,1,4,1,2,3,1,2,1,2,1,2,2,2,3,4,1,1,3,1,2,2,3,2,2,4,1,4,2,1,1,1,3,3,1,2,3,4,4,1,3,2,2,3,2,2,3,2,4,1,2,2,1,1,1,2,3,4,2,2,4,3,2,3,4,4,2,1,1,1,1,1,1,3,3,4,2,2,2,1,4,1,1,3,1,3,3,1,1,4,1,2,2,2,1,3,3,1,4,1,3,2,3,2,3,2,1,2,4,1,4,2,3,3,3,3,2,3,1,4,1,4,1,3,4,4,1,3,2,2,2,1,2,1,3,2,2,1,2,1,4,4,3,2,3,1,3,2,4,3,3,2,2,1,1,3,1,3,3,2,2,1,2,3,2,2,3,2,3,3,3,4,1,1,3,1,1,1,4,2,3,4,1,1,2,1,3,2,1,3,4,2,4,1,3,2,4,1,1,4,4,1,1,4,2,2,2,4,2,4,1,1,1,4,1,4,2,1,2,3,2,2,1,2,3,2,4,1,1,1,1,1,1,1,2,3,1,4,2,2,4,2,1,3,2,1,1,3,2,2,3,3,2,3,1,4,1,4,2,1,1,2,3,1,4,2,2,3,3,2,4,2,4,2,3,1,1,2,4,3,4,3,1,2,3,3,4,4,1,3,2,1,2,3,2,3,3,2,1,3,2,4,2,3,3,2,1,1,2,1,1,4,3,3,1,2,3,1,2,2,1,1,2,2,4,1,2,3,4,3,3,2,2,1,1,4,3,2,1,4,3,1,3,3,3,2,1,2,4,3,3,1,1,2,3,1,3,3,2,4,1,2,2,1,3,3,2,1,2,4,2,4,1,3,1,1,1,4,2,1,4,3,3,2,2,1,2,1,4,4,2,2,2,1,1,1,1,4,1,3,1,2,2,3,1,3,4,1,4,1,4,1,1,1,1,2,3,1,1,2,4,2,4,4,2,1,3,1,1,3,3,1,3,1,4,2,4,3,3,1,4,2,4,4,4,2,1,3,1,3,3,3,1,1,2,4,4,1,3,3,2,2,2,3,1,4,1,3,2,1,3,3,4,2,3,3,2,1,2,2,3,4,3,2,1,2,3,1,2,1,4,2,1,4,2,1,4,3,2,1,2,3,1,3,1,2,1,1,1,1,2,1,3,1,1,4,1,3,3,2,2,4,3,4,4,2,4,4,2,1,4,4,4,3,1,2,4,3,3,2,1,3,2,1,4,4,2,2,1,1,3,4,4,2,2,1,4,1,2,3,2,1,3,4,4,3,4,4,1,1,2,3,1,1,1,1,2,2,1,3,1,3,1,4,2,1,1,4,2,4,3,2,1,4,2,3,1,3,2,2,2,1,1,2,2,4,2,2,2,2,2,1,2,3,2,3,1,1,3,4,2,2,2,4,3,3,1,2,2,3,2,3,3,1,2,2,4,4,1,4,4,1,2,4,1,3,3,3,2,3,3,1,1,2,4,3,3,4,2,4,1,2,4,1,4,3,1,1,1,4,4,1,2,2,2,2,2,1,1,1,1,1,1,4,2,2,3,4,4,1,2,3,2,4,1,2,2,3,2,1,1,2,2,1,1,2,3,1,2,1,4,4,1,2,4,2,1,1,2,1,3,3,4,2,2,1,2,4,1,2,2,1,2,1,2,3,1,3,2,3,4,2,1,3,2,3,2,1,2,2,4,4,1,1,4,3,3,2,4,2,4,1,2,3,3,1,3,2,1,3,1,1,2,2,4,2,1,1,1,3,2,4,4,4,1,3,1,4,2,1,3,2,1,1,1,1,4,3,1,1,2,2,3,4,3,2,4,2,1,1,1,1,3,1,1,2,1,1,4,2,4,2,1,3,3,1,2,1,2,1,4,4,2,4,1,4,1,2,2,1,4,1,2,3,2,4,1,2,3,2,1,4,2,2,3,2,3,1,2,1,2,3,2,2,2,3,2,4,1,4,2,3,2,2,2,3,2,4,3,1,1,2,1,1,1,2,1,2,3,2,1,1,1,1,2,1,2,3,2,4,1,1,4,4,3,2,4,3,1,3,2,1,2,3,3,3,3,4,3,1,1,1,3,1,2,1,4,4,3,2,4,3,4,4,1,2,1,2,4,4,3,2,1,3,1,4,3,3,1,3,2,2,2,1,4,1,4,1,4,1,1,4,1,1,3,2,4,2,4,2,3,2,2,3,4,4,3,2,2,4,1,2,1,3,3,1,1,4,1,1,2,3,4,4,3,1,1,2,2,4,1,1,4,2,3,4,3,4,3,2,1,3,2,2,2,1,1,3,2,2,3,2,1,2,3,4,3,1,3,4,2,4,3,4,1,3,1,1,2,4,2,2,4,4,3,1,4,2,3,1,4,1,2,3,3,1,4,2,1,3,2,3,1,1,2,1,1,2,1,3,3,2,4,2,2,2,3,2,3,3,2,2,2,2,4,1,1,1,1,2,1,2,1,4,2,2,2,1,1,1,2,4,1,4,2,2,3,4,1,1,1,4,4,2,2,3,3,3,3,1,2,1,2,4,4,2,2,3,2,1,1,1,1,2,3,1,2,3,4,3,4,1,1,3,1,4,4,3,2,1,4,1,2,2,1,2,1,4,1,3,1,1,4,4,1,4,4,1,1,1,3,1,2,1,1,1,1,2,1,3,2,4,4,1,2,4,2,1,1,4,2,4,4,3,3,2,1,2,3,2,1,1,1,2,3,3,4,2,1,4,2,3,2,2,4,4,1,1,2,3,1,2,3,4,2,1,2,1,2,1,4,2,2,3,3,1,4,2,1,2,3,1,1,4,1,3,3,1,2,4,1,4,1,2,1,1,1,2,2,3,3,1,1,4,2,2,4,2,1,1,2,2,1,2,4,3,2,3,3,4,4,1,4,4,3,2,4,3,1,1,3,2,4,2,2,1,1,4,4,2,1,1,3,3,3,3,1,3,2,2,2,2,1,1,3,2,4,4,1,2,3,1,3,1,1,3,1,4,1,1,2,1,3,1,2,2,4,1,1,4,1,4,4,2,1,1,2,3,1,1,1,1,2,3,4,3,2,3,3,1,2,4,2,3,1,2,2,2,4,3,2,2,2,4,1,1,1,2,4,2,1,4,2,1,1,1,2,1,2,1,2,3,3,3,2,4,3,3,1,1,4,2,3,1,4,4,4,3,2,4,3,2,1,3,4,1,2,2,1,2,3,3,1,4,3,3,2,2,1,1,2,3,3,4,4,2,1,1,3,1,1,3,2,3,4,1,3,1,4,2,4,1,1,1,1,4,1,3,1,1,3,1,4,2,2,1,2,2,4,1,2,4,3,1,3,2,1,2,2,3,3,2,1,2,4,1,4,2,1,1,4,1,1,4,4,2,4,2,4,3,2,2,4,3,2,3,1,2,4,3,4,1,3,1,2,4,4,2,2,2,1,2,2,1,4,2,1,2,1,4,2,1,2,4,1,2,1,2,1,1,4,2,1,2,1,2,4,4,3,4,1,2,1,1,2,2,2,2,2,4,4,3,3,2,4,2,3,4,3,2,2,2,3,2,1,3,2,1,1,1,3,1,3,2,3,1,4,3,4,1,1,3,1,3,2,1,3,1,1,2"
5,0.9882627241940299,0.5,2136.0,"4,2,1,1,2,2,3,1,2,1,4,4,4,1,2,2,4,1,1,2,1,2,4,1,3,1,2,2,4,1,1,2,3,3,1,2,4,1,2,4,1,2,2,2,2,2,3,2,1,2,4,4,3,2,1,4,2,2,1,4,4,4,3,1,3,3,3,2,3,2,1,2,2,3,4,2,3,3,3,1,2,1,4,1,2,3,1,2,1,2,1,2,2,2,3,4,1,1,3,1,2,2,3,2,2,4,1,4,2,1,1,1,3,3,1,2,3,4,4,1,3,2,2,3,2,2,3,2,4,1,2,2,1,1,1,2,3,4,2,2,4,3,2,3,4,4,2,1,1,1,1,1,1,3,3,4,2,2,2,1,4,1,1,3,1,3,3,1,1,4,1,2,2,2,1,3,3,1,4,1,3,2,3,2,3,2,1,2,4,1,4,2,3,3,3,3,2,3,1,4,1,4,1,3,4,4,1,3,2,2,2,1,2,1,3,2,2,1,2,1,4,4,3,2,3,1,3,2,4,3,3,2,2,1,1,3,1,3,3,2,2,1,2,3,2,2,3,2,3,3,3,4,1,1,3,1,1,1,4,2,3,4,1,1,2,1,3,2,1,3,4,2,4,1,3,2,4,1,1,4,4,1,1,4,2,2,2,4,2,4,1,1,1,4,1,4,2,1,2,3,2,2,1,2,3,2,4,1,1,1,1,1,1,1,2,3,1,4,2,2,4,2,1,3,2,1,1,3,2,2,3,3,2,3,1,4,1,4,2,1,1,2,3,1,4,2,2,3,3,2,4,2,4,2,3,1,1,2,4,3,4,3,1,2,3,3,4,4,1,3,2,1,2,3,2,3,3,2,1,3,2,4,2,3,3,2,1,1,2,1,1,4,3,3,1,2,3,1,2,2,1,1,2,2,4,1,2,3,4,3,3,2,2,1,1,4,3,2,1,4,3,1,3,3,3,2,1,2,4,3,3,1,1,2,3,1,3,3,2,4,1,2,2,1,3,3,2,1,2,4,2,4,1,3,1,1,1,4,2,1,4,3,3,2,2,1,2,1,4,4,2,2,2,1,1,1,1,4,1,3,1,2,2,3,1,3,4,1,4,1,4,1,1,1,1,2,3,1,1,2,4,2,4,4,2,1,3,1,1,3,3,1,3,1,4,2,4,3,3,1,4,2,4,4,4,2,1,3,1,3,3,3,1,1,2,4,4,1,3,3,2,2,2,3,1,4,1,3,2,1,3,3,4,2,3,3,2,1,2,2,3,4,3,2,1,2,3,1,2,1,4,2,1,4,2,1,4,3,2,1,2,3,1,3,1,2,1,1,1,1,2,1,3,1,1,4,1,3,3,2,2,4,3,4,4,2,4,4,2,1,4,4,4,3,1,2,4,3,3,2,1,3,2,1,4,4,2,2,1,1,3,4,4,2,2,1,4,1,2,3,2,1,3,4,4,3,4,4,1,1,2,3,1,1,1,1,2,2,1,3,1,3,1,4,2,1,1,4,2,4,3,2,1,4,2,3,1,3,2,2,2,1,1,2,2,4,2,2,2,2,2,1,2,3,2,3,1,1,3,4,2,2,2,4,3,3,1,2,2,3,2,3,3,1,2,2,4,4,1,4,4,1,2,4,1,3,3,3,2,3,3,1,1,2,4,3,3,4,2,4,1,2,4,1,4,3,1,1,1,4,4,1,2,2,2,2,2,1,1,1,1,1,1,4,2,2,3,4,4,1,2,3,2,4,1,2,2,3,2,1,1,2,2,1,1,2,3,1,2,1,4,4,1,2,4,2,1,1,2,1,3,3,4,2,2,1,2,4,1,2,2,1,2,1,2,3,1,3,2,3,4,2,1,3,2,3,2,1,2,2,4,4,1,1,4,3,3,2,4,2,4,1,2,3,3,1,3,2,1,3,1,1,2,2,4,2,1,1,1,3,2,4,4,4,1,3,1,4,2,1,3,2,1,1,1,1,4,3,1,1,2,2,3,4,3,2,4,2,1,1,1,1,3,1,1,2,1,1,4,2,4,2,1,3,3,1,2,1,2,1,4,4,2,4,1,4,1,2,2,1,4,1,2,3,2,4,1,2,3,2,1,4,2,2,3,2,3,1,2,1,2,3,2,2,2,3,2,4,1,4,2,3,2,2,2,3,2,4,3,1,1,2,1,1,1,2,1,2,3,2,1,1,1,1,2,1,2,3,2,4,1,1,4,4,3,2,4,3,1,3,2,1,2,3,3,3,3,4,3,1,1,1,3,1,2,1,4,4,3,2,4,3,4,4,1,2,1,2,4,4,3,2,1,3,1,4,3,3,1,3,2,2,2,1,4,1,4,1,4,1,1,4,1,1,3,2,4,2,4,2,3,2,2,3,4,4,3,2,2,4,1,2,1,3,3,1,1,4,1,1,2,3,4,4,3,1,1,2,2,4,1,1,4,2,3,4,3,4,3,2,1,3,2,2,2,1,1,3,2,2,3,2,1,2,3,4,3,1,3,4,2,4,3,4,1,3,1,1,2,4,2,2,4,4,3,1,4,2,3,1,4,1,2,3,3,1,4,2,1,3,2,3,1,1,2,1,1,2,1,3,3,2,4,2,2,2,3,2,3,3,2,2,2,2,4,1,1,1,1,2,1,2,1,4,2,2,2,1,1,1,2,4,1,4,2,2,3,4,1,1,1,4,4,2,2,3,3,3,3,1,2,1,2,4,4,2,2,3,2,1,1,1,1,2,3,1,2,3,4,3,4,1,1,3,1,4,4,3,2,1,4,1,2,2,1,2,1,4,1,3,1,1,4,4,1,4,4,1,1,1,3,1,2,1,1,1,1,2,1,3,2,4,4,1,2,4,2,1,1,4,2,4,4,3,3,2,1,2,3,2,1,1,1,2,3,3,4,2,1,4,2,3,2,2,4,4,1,1,2,3,1,2,3,4,2,1,2,1,2,1,4,2,2,3,3,1,4,2,1,2,3,1,1,4,1,3,3,1,2,4,1,4,1,2,1,1,1,2,2,3,3,1,1,4,2,2,4,2,1,1,2,2,1,2,4,3,2,3,3,4,4,1,4,4,3,2,4,3,1,1,3,2,4,2,2,1,1,4,4,2,1,1,3,3,3,3,1,3,2,2,2,2,1,1,3,2,4,4,1,2,3,1,3,1,1,3,1,4,1,1,2,1,3,1,2,2,4,1,1,4,1,4,4,2,1,1,2,3,1,1,1,1,2,3,4,3,2,3,3,1,2,4,2,3,1,2,2,2,4,3,2,2,2,4,1,1,1,2,4,2,1,4,2,1,1,1,2,1,2,1,2,3,3,3,2,4,3,3,1,1,4,2,3,1,4,4,4,3,2,4,3,2,1,3,4,1,2,2,1,2,3,3,1,4,3,3,2,2,1,1,2,3,3,4,4,2,1,1,3,1,1,3,2,3,4,1,3,1,4,2,4,1,1,1,1,4,1,3,1,1,3,1,4,2,2,1,2,2,4,1,2,4,3,1,3,2,1,2,2,3,3,2,1,2,4,1,4,2,1,1,4,1,1,4,4,2,4,2,4,3,2,2,4,3,2,3,1,2,4,3,4,1,3,1,2,4,4,2,2,2,1,2,2,1,4,2,1,2,1,4,2,1,2,4,1,2,1,2,1,1,4,2,1,2,1,2,4,4,3,4,1,2,1,1,2,2,2,2,2,4,4,3,3,2,4,2,3,4,3,2,2,2,3,2,1,3,2,1,1,1,3,1,3,2,3,1,4,3,4,1,1,3,1,3,2,1,3,1,1,2"
6,0.9882627241940299,0.5,2136.0,"4,2,1,1,2,2,3,1,2,1,4,4,4,1,2,2,4,1,1,2,1,2,4,1,3,1,2,2,4,1,1,2,3,3,1,2,4,1,2,4,1,2,2,2,2,2,3,2,1,2,4,4,3,2,1,4,2,2,1,4,4,4,3,1,3,3,3,2,3,2,1,2,2,3,4,2,3,3,3,1,2,1,4,1,2,3,1,2,1,2,1,2,2,2,3,4,1,1,3,1,2,2,3,2,2,4,1,4,2,1,1,1,3,3,1,2,3,4,4,1,3,2,2,3,2,2,3,2,4,1,2,2,1,1,1,2,3,4,2,2,4,3,2,3,4,4,2,1,1,1,1,1,1,3,3,4,2,2,2,1,4,1,1,3,1,3,3,1,1,4,1,2,2,2,1,3,3,1,4,1,3,2,3,2,3,2,1,2,4,1,4,2,3,3,3,3,2,3,1,4,1,4,1,3,4,4,1,3,2,2,2,1,2,1,3,2,2,1,2,1,4,4,3,2,3,1,3,2,4,3,3,2,2,1,1,3,1,3,3,2,2,1,2,3,2,2,3,2,3,3,3,4,1,1,3,1,1,1,4,2,3,4,1,1,2,1,3,2,1,3,4,2,4,1,3,2,4,1,1,4,4,1,1,4,2,2,2,4,2,4,1,1,1,4,1,4,2,1,2,3,2,2,1,2,3,2,4,1,1,1,1,1,1,1,2,3,1,4,2,2,4,2,1,3,2,1,1,3,2,2,3,3,2,3,1,4,1,4,2,1,1,2,3,1,4,2,2,3,3,2,4,2,4,2,3,1,1,2,4,3,4,3,1,2,3,3,4,4,1,3,2,1,2,3,2,3,3,2,1,3,2,4,2,3,3,2,1,1,2,1,1,4,3,3,1,2,3,1,2,2,1,1,2,2,4,1,2,3,4,3,3,2,2,1,1,4,3,2,1,4,3,1,3,3,3,2,1,2,4,3,3,1,1,2,3,1,3,3,2,4,1,2,2,1,3,3,2,1,2,4,2,4,1,3,1,1,1,4,2,1,4,3,3,2,2,1,2,1,4,4,2,2,2,1,1,1,1,4,1,3,1,2,2,3,1,3,4,1,4,1,4,1,1,1,1,2,3,1,1,2,4,2,4,4,2,1,3,1,1,3,3,1,3,1,4,2,4,3,3,1,4,2,4,4,4,2,1,3,1,3,3,3,1,1,2,4,4,1,3,3,2,2,2,3,1,4,1,3,2,1,3,3,4,2,3,3,2,1,2,2,3,4,3,2,1,2,3,1,2,1,4,2,1,4,2,1,4,3,2,1,2,3,1,3,1,2,1,1,1,1,2,1,3,1,1,4,1,3,3,2,2,4,3,4,4,2,4,4,2,1,4,4,4,3,1,2,4,3,3,2,1,3,2,1,4,4,2,2,1,1,3,4,4,2,2,1,4,1,2,3,2,1,3,4,4,3,4,4,1,1,2,3,1,1,1,1,2,2,1,3,1,3,1,4,2,1,1,4,2,4,3,2,1,4,2,3,1,3,2,2,2,1,1,2,2,4,2,2,2,2,2,1,2,3,2,3,1,1,3,4,2,2,2,4,3,3,1,2,2,3,2,3,3,1,2,2,4,4,1,4,4,1,2,4,1,3,3,3,2,3,3,1,1,2,4,3,3,4,2,4,1,2,4,1,4,3,1,1,1,4,4,1,2,2,2,2,2,1,1,1,1,1,1,4,2,2,3,4,4,1,2,3,2,4,1,2,2,3,2,1,1,2,2,1,1,2,3,1,2,1,4,4,1,2,4,2,1,1,2,1,3,3,4,2,2,1,2,4,1,2,2,1,2,1,2,3,1,3,2,3,4,2,1,3,2,3,2,1,2,2,4,4,1,1,4,3,3,2,4,2,4,1,2,3,3,1,3,2,1,3,1,1,2,2,4,2,1,1,1,3,2,4,4,4,1,3,1,4,2,1,3,2,1,1,1,1,4,3,1,1,2,2,3,4,3,2,4,2,1,1,1,1,3,1,1,2,1,1,4,2,4,2,1,3,3,1,2,1,2,1,4,4,2,4,1,4,1,2,2,1,4,1,2,3,2,4,1,2,3,2,1,4,2,2,3,2,3,1,2,1,2,3,2,2,2,3,2,4,1,4,2,3,2,2,2,3,2,4,3,1,1,2,1,1,1,2,1,2,3,2,1,1,1,1,2,1,2,3,2,4,1,1,4,4,3,2,4,3,1,3,2,1,2,3,3,3,3,4,3,1,1,1,3,1,2,1,4,4,3,2,4,3,4,4,1,2,1,2,4,4,3,2,1,3,1,4,3,3,1,3,2,2,2,1,4,1,4,1,4,1,1,4,1,1,3,2,4,2,4,2,3,2,2,3,4,4,3,2,2,4,1,2,1,3,3,1,1,4,1,1,2,3,4,4,3,1,1,2,2,4,1,1,4,2,3,4,3,4,3,2,1,3,2,2,2,1,1,3,2,2,3,2,1,2,3,4,3,1,3,4,2,4,3,4,1,3,1,1,2,4,2,2,4,4,3,1,4,2,3,1,4,1,2,3,3,1,4,2,1,3,2,3,1,1,2,1,1,2,1,3,3,2,4,2,2,2,3,2,3,3,2,2,2,2,4,1,1,1,1,2,1,2,1,4,2,2,2,1,1,1,2,4,1,4,2,2,3,4,1,1,1,4,4,2,2,3,3,3,3,1,2,1,2,4,4,2,2,3,2,1,1,1,1,2,3,1,2,3,4,3,4,1,1,3,1,4,4,3,2,1,4,1,2,2,1,2,1,4,1,3,1,1,4,4,1,4,4,1,1,1,3,1,2,1,1,1,1,2,1,3,2,4,4,1,2,4,2,1,1,4,2,4,4,3,3,2,1,2,3,2,1,1,1,2,3,3,4,2,1,4,2,3,2,2,4,4,1,1,2,3,1,2,3,4,2,1,2,1,2,1,4,2,2,3,3,1,4,2,1,2,3,1,1,4,1,3,3,1,2,4,1,4,1,2,1,1,1,2,2,3,3,1,1,4,2,2,4,2,1,1,2,2,1,2,4,3,2,3,3,4,4,1,4,4,3,2,4,3,1,1,3,2,4,2,2,1,1,4,4,2,1,1,3,3,3,3,1,3,2,2,2,2,1,1,3,2,4,4,1,2,3,1,3,1,1,3,1,4,1,1,2,1,3,1,2,2,4,1,1,4,1,4,4,2,1,1,2,3,1,1,1,1,2,3,4,3,2,3,3,1,2,4,2,3,1,2,2,2,4,3,2,2,2,4,1,1,1,2,4,2,1,4,2,1,1,1,2,1,2,1,2,3,3,3,2,4,3,3,1,1,4,2,3,1,4,4,4,3,2,4,3,2,1,3,4,1,2,2,1,2,3,3,1,4,3,3,2,2,1,1,2,3,3,4,4,2,1,1,3,1,1,3,2,3,4,1,3,1,4,2,4,1,1,1,1,4,1,3,1,1,3,1,4,2,2,1,2,2,4,1,2,4,3,1,3,2,1,2,2,3,3,2,1,2,4,1,4,2,1,1,4,1,1,4,4,2,4,2,4,3,2,2,4,3,2,3,1,2,4,3,4,1,3,1,2,4,4,2,2,2,1,2,2,1,4,2,1,2,1,4,2,1,2,4,1,2,1,2,1,1,4,2,1,2,1,2,4,4,3,4,1,2,1,1,2,2,2,2,2,4,4,3,3,2,4,2,3,4,3,2,2,2,3,2,1,3,2,1,1,1,3,1,3,2,3,1,4,3,4,1,1,3,1,3,2,1,3,1,1,2"
7,0.9882627241940299,0.5,2136.0,"4,2,1,1,2,2,3,1,2,1,4,4,4,1,2,2,4,1,1,2,1,2,4,1,3,1,2,2,4,1,1,2,3,3,1,2,4,1,2,4,1,2,2,2,2,2,3,2,1,2,4,4,3,2,1,4,2,2,1,4,4,4,3,1,3,3,3,2,3,2,1,2,2,3,4,2,3,3,3,1,2,1,4,1,2,3,1,2,1,2,1,2,2,2,3,4,1,1,3,1,2,2,3,2,2,4,1,4,2,1,1,1,3,3,1,2,3,4,4,1,3,2,2,3,2,2,3,2,4,1,2,2,1,1,1,2,3,4,2,2,4,3,2,3,4,4,2,1,1,1,1,1,1,3,3,4,2,2,2,1,4,1,1,3,1,3,3,1,1,4,1,2,2,2,1,3,3,1,4,1,3,2,3,2,3,2,1,2,4,1,4,2,3,3,3,3,2,3,1,4,1,4,1,3,4,4,1,3,2,2,2,1,2,1,3,2,2,1,2,1,4,4,3,2,3,1,3,2,4,3,3,2,2,1,1,3,1,3,3,2,2,1,2,3,2,2,3,2,3,3,3,4,1,1,3,1,1,1,4,2,3,4,1,1,2,1,3,2,1,3,4,2,4,1,3,2,4,1,1,4,4,1,1,4,2,2,2,4,2,4,1,1,1,4,1,4,2,1,2,3,2,2,1,2,3,2,4,1,1,1,1,1,1,1,2,3,1,4,2,2,4,2,1,3,2,1,1,3,2,2,3,3,2,3,1,4,1,4,2,1,1,2,3,1,4,2,2,3,3,2,4,2,4,2,3,1,1,2,4,3,4,3,1,2,3,3,4,4,1,3,2,1,2,3,2,3,3,2,1,3,2,4,2,3,3,2,1,1,2,1,1,4,3,3,1,2,3,1,2,2,1,1,2,2,4,1,2,3,4,3,3,2,2,1,1,4,3,2,1,4,3,1,3,3,3,2,1,2,4,3,3,1,1,2,3,1,3,3,2,4,1,2,2,1,3,3,2,1,2,4,2,4,1,3,1,1,1,4,2,1,4,3,3,2,2,1,2,1,4,4,2,2,2,1,1,1,1,4,1,3,1,2,2,3,1,3,4,1,4,1,4,1,1,1,1,2,3,1,1,2,4,2,4,4,2,1,3,1,1,3,3,1,3,1,4,2,4,3,3,1,4,2,4,4,4,2,1,3,1,3,3,3,1,1,2,4,4,1,3,3,2,2,2,3,1,4,1,3,2,1,3,3,4,2,3,3,2,1,2,2,3,4,3,2,1,2,3,1,2,1,4,2,1,4,2,1,4,3,2,1,2,3,1,3,1,2,1,1,1,1,2,1,3,1,1,4,1,3,3,2,2,4,3,4,4,2,4,4,2,1,4,4,4,3,1,2,4,3,3,2,1,3,2,1,4,4,2,2,1,1,3,4,4,2,2,1,4,1,2,3,2,1,3,4,4,3,4,4,1,1,2,3,1,1,1,1,2,2,1,3,1,3,1,4,2,1,1,4,2,4,3,2,1,4,2,3,1,3,2,2,2,1,1,2,2,4,2,2,2,2,2,1,2,3,2,3,1,1,3,4,2,2,2,4,3,3,1,2,2,3,2,3,3,1,2,2,4,4,1,4,4,1,2,4,1,3,3,3,2,3,3,1,1,2,4,3,3,4,2,4,1,2,4,1,4,3,1,1,1,4,4,1,2,2,2,2,2,1,1,1,1,1,1,4,2,2,3,4,4,1,2,3,2,4,1,2,2,3,2,1,1,2,2,1,1,2,3,1,2,1,4,4,1,2,4,2,1,1,2,1,3,3,4,2,2,1,2,4,1,2,2,1,2,1,2,3,1,3,2,3,4,2,1,3,2,3,2,1,2,2,4,4,1,1,4,3,3,2,4,2,4,1,2,3,3,1,3,2,1,3,1,1,2,2,4,2,1,1,1,3,2,4,4,4,1,3,1,4,2,1,3,2,1,1,1,1,4,3,1,1,2,2,3,4,3,2,4,2,1,1,1,1,3,1,1,2,1,1,4,2,4,2,1,3,3,1,2,1,2,1,4,4,2,4,1,4,1,2,2,1,4,1,2,3,2,4,1,2,3,2,1,4,2,2,3,2,3,1,2,1,2,3,2,2,2,3,2,4,1,4,2,3,2,2,2,3,2,4,3,1,1,2,1,1,1,2,1,2,3,2,1,1,1,1,2,1,2,3,2,4,1,1,4,4,3,2,4,3,1,3,2,1,2,3,3,3,3,4,3,1,1,1,3,1,2,1,4,4,3,2,4,3,4,4,1,2,1,2,4,4,3,2,1,3,1,4,3,3,1,3,2,2,2,1,4,1,4,1,4,1,1,4,1,1,3,2,4,2,4,2,3,2,2,3,4,4,3,2,2,4,1,2,1,3,3,1,1,4,1,1,2,3,4,4,3,1,1,2,2,4,1,1,4,2,3,4,3,4,3,2,1,3,2,2,2,1,1,3,2,2,3,2,1,2,3,4,3,1,3,4,2,4,3,4,1,3,1,1,2,4,2,2,4,4,3,1,4,2,3,1,4,1,2,3,3,1,4,2,1,3,2,3,1,1,2,1,1,2,1,3,3,2,4,2,2,2,3,2,3,3,2,2,2,2,4,1,1,1,1,2,1,2,1,4,2,2,2,1,1,1,2,4,1,4,2,2,3,4,1,1,1,4,4,2,2,3,3,3,3,1,2,1,2,4,4,2,2,3,2,1,1,1,1,2,3,1,2,3,4,3,4,1,1,3,1,4,4,3,2,1,4,1,2,2,1,2,1,4,1,3,1,1,4,4,1,4,4,1,1,1,3,1,2,1,1,1,1,2,1,3,2,4,4,1,2,4,2,1,1,4,2,4,4,3,3,2,1,2,3,2,1,1,1,2,3,3,4,2,1,4,2,3,2,2,4,4,1,1,2,3,1,2,3,4,2,1,2,1,2,1,4,2,2,3,3,1,4,2,1,2,3,1,1,4,1,3,3,1,2,4,1,4,1,2,1,1,1,2,2,3,3,1,1,4,2,2,4,2,1,1,2,2,1,2,4,3,2,3,3,4,4,1,4,4,3,2,4,3,1,1,3,2,4,2,2,1,1,4,4,2,1,1,3,3,3,3,1,3,2,2,2,2,1,1,3,2,4,4,1,2,3,1,3,1,1,3,1,4,1,1,2,1,3,1,2,2,4,1,1,4,1,4,4,2,1,1,2,3,1,1,1,1,2,3,4,3,2,3,3,1,2,4,2,3,1,2,2,2,4,3,2,2,2,4,1,1,1,2,4,2,1,4,2,1,1,1,2,1,2,1,2,3,3,3,2,4,3,3,1,1,4,2,3,1,4,4,4,3,2,4,3,2,1,3,4,1,2,2,1,2,3,3,1,4,3,3,2,2,1,1,2,3,3,4,4,2,1,1,3,1,1,3,2,3,4,1,3,1,4,2,4,1,1,1,1,4,1,3,1,1,3,1,4,2,2,1,2,2,4,1,2,4,3,1,3,2,1,2,2,3,3,2,1,2,4,1,4,2,1,1,4,1,1,4,4,2,4,2,4,3,2,2,4,3,2,3,1,2,4,3,4,1,3,1,2,4,4,2,2,2,1,2,2,1,4,2,1,2,1,4,2,1,2,4,1,2,1,2,1,1,4,2,1,2,1,2,4,4,3,4,1,2,1,1,2,2,2,2,2,4,4,3,3,2,4,2,3,4,3,2,2,2,3,2,1,3,2,1,1,1,3,1,3,2,3,1,4,3,4,1,1,3,1,3,2,1,3,1,1,2"
8,0.9882627241940299,0.5,2136.0,"4,2,1,1,2,2,3,1,2,1,4,4,4,1,2,2,4,1,1,2,1,2,4,1,3,1,2,2,4,1,1,2,3,3,1,2,4,1,2,4,1,2,2,2,2,2,3,2,1,2,4,4,3,2,1,4,2,2,1,4,4,4,3,1,3,3,3,2,3,2,1,2,2,3,4,2,3,3,3,1,2,1,4,1,2,3,1,2,1,2,1,2,2,2,3,4,1,1,3,1,2,2,3,2,2,4,1,4,2,1,1,1,3,3,1,2,3,4,4,1,3,2,2,3,2,2,3,2,4,1,2,2,1,1,1,2,3,4,2,2,4,3,2,3,4,4,2,1,1,1,1,1,1,3,3,4,2,2,2,1,4,1,1,3,1,3,3,1,1,4,1,2,2,2,1,3,3,1,4,1,3,2,3,2,3,2,1,2,4,1,4,2,3,3,3,3,2,3,1,4,1,4,1,3,4,4,1,3,2,2,2,1,2,1,3,2,2,1,2,1,4,4,3,2,3,1,3,2,4,3,3,2,2,1,1,3,1,3,3,2,2,1,2,3,2,2,3,2,3,3,3,4,1,1,3,1,1,1,4,2,3,4,1,1,2,1,3,2,1,3,4,2,4,1,3,2,4,1,1,4,4,1,1,4,2,2,2,4,2,4,1,1,1,4,1,4,2,1,2,3,2,2,1,2,3,2,4,1,1,1,1,1,1,1,2,3,1,4,2,2,4,2,1,3,2,1,1,3,2,2,3,3,2,3,1,4,1,4,2,1,1,2,3,1,4,2,2,3,3,2,4,2,4,2,3,1,1,2,4,3,4,3,1,2,3,3,4,4,1,3,2,1,2,3,2,3,3,2,1,3,2,4,2,3,3,2,1,1,2,1,1,4,3,3,1,2,3,1,2,2,1,1,2,2,4,1,2,3,4,3,3,2,2,1,1,4,3,2,1,4,3,1,3,3,3,2,1,2,4,3,3,1,1,2,3,1,3,3,2,4,1,2,2,1,3,3,2,1,2,4,2,4,1,3,1,1,1,4,2,1,4,3,3,2,2,1,2,1,4,4,2,2,2,1,1,1,1,4,1,3,1,2,2,3,1,3,4,1,4,1,4,1,1,1,1,2,3,1,1,2,4,2,4,4,2,1,3,1,1,3,3,1,3,1,4,2,4,3,3,1,4,2,4,4,4,2,1,3,1,3,3,3,1,1,2,4,4,1,3,3,2,2,2,3,1,4,1,3,2,1,3,3,4,2,3,3,2,1,2,2,3,4,3,2,1,2,3,1,2,1,4,2,1,4,2,1,4,3,2,1,2,3,1,3,1,2,1,1,1,1,2,1,3,1,1,4,1,3,3,2,2,4,3,4,4,2,4,4,2,1,4,4,4,3,1,2,4,3,3,2,1,3,2,1,4,4,2,2,1,1,3,4,4,2,2,1,4,1,2,3,2,1,3,4,4,3,4,4,1,1,2,3,1,1,1,1,2,2,1,3,1,3,1,4,2,1,1,4,2,4,3,2,1,4,2,3,1,3,2,2,2,1,1,2,2,4,2,2,2,2,2,1,2,3,2,3,1,1,3,4,2,2,2,4,3,3,1,2,2,3,2,3,3,1,2,2,4,4,1,4,4,1,2,4,1,3,3,3,2,3,3,1,1,2,4,3,3,4,2,4,1,2,4,1,4,3,1,1,1,4,4,1,2,2,2,2,2,1,1,1,1,1,1,4,2,2,3,4,4,1,2,3,2,4,1,2,2,3,2,1,1,2,2,1,1,2,3,1,2,1,4,4,1,2,4,2,1,1,2,1,3,3,4,2,2,1,2,4,1,2,2,1,2,1,2,3,1,3,2,3,4,2,1,3,2,3,2,1,2,2,4,4,1,1,4,3,3,2,4,2,4,1,2,3,3,1,3,2,1,3,1,1,2,2,4,2,1,1,1,3,2,4,4,4,1,3,1,4,2,1,3,2,1,1,1,1,4,3,1,1,2,2,3,4,3,2,4,2,1,1,1,1,3,1,1,2,1,1,4,2,4,2,1,3,3,1,2,1,2,1,4,4,2,4,1,4,1,2,2,1,4,1,2,3,2,4,1,2,3,2,1,4,2,2,3,2,3,1,2,1,2,3,2,2,2,3,2,4,1,4,2,3,2,2,2,3,2,4,3,1,1,2,1,1,1,2,1,2,3,2,1,1,1,1,2,1,2,3,2,4,1,1,4,4,3,2,4,3,1,3,2,1,2,3,3,3,3,4,3,1,1,1,3,1,2,1,4,4,3,2,4,3,4,4,1,2,1,2,4,4,3,2,1,3,1,4,3,3,1,3,2,2,2,1,4,1,4,1,4,1,1,4,1,1,3,2,4,2,4,2,3,2,2,3,4,4,3,2,2,4,1,2,1,3,3,1,1,4,1,1,2,3,4,4,3,1,1,2,2,4,1,1,4,2,3,4,3,4,3,2,1,3,2,2,2,1,1,3,2,2,3,2,1,2,3,4,3,1,3,4,2,4,3,4,1,3,1,1,2,4,2,2,4,4,3,1,4,2,3,1,4,1,2,3,3,1,4,2,1,3,2,3,1,1,2,1,1,2,1,3,3,2,4,2,2,2,3,2,3,3,2,2,2,2,4,1,1,1,1,2,1,2,1,4,2,2,2,1,1,1,2,4,1,4,2,2,3,4,1,1,1,4,4,2,2,3,3,3,3,1,2,1,2,4,4,2,2,3,2,1,1,1,1,2,3,1,2,3,4,3,4,1,1,3,1,4,4,3,2,1,4,1,2,2,1,2,1,4,1,3,1,1,4,4,1,4,4,1,1,1,3,1,2,1,1,1,1,2,1,3,2,4,4,1,2,4,2,1,1,4,2,4,4,3,3,2,1,2,3,2,1,1,1,2,3,3,4,2,1,4,2,3,2,2,4,4,1,1,2,3,1,2,3,4,2,1,2,1,2,1,4,2,2,3,3,1,4,2,1,2,3,1,1,4,1,3,3,1,2,4,1,4,1,2,1,1,1,2,2,3,3,1,1,4,2,2,4,2,1,1,2,2,1,2,4,3,2,3,3,4,4,1,4,4,3,2,4,3,1,1,3,2,4,2,2,1,1,4,4,2,1,1,3,3,3,3,1,3,2,2,2,2,1,1,3,2,4,4,1,2,3,1,3,1,1,3,1,4,1,1,2,1,3,1,2,2,4,1,1,4,1,4,4,2,1,1,2,3,1,1,1,1,2,3,4,3,2,3,3,1,2,4,2,3,1,2,2,2,4,3,2,2,2,4,1,1,1,2,4,2,1,4,2,1,1,1,2,1,2,1,2,3,3,3,2,4,3,3,1,1,4,2,3,1,4,4,4,3,2,4,3,2,1,3,4,1,2,2,1,2,3,3,1,4,3,3,2,2,1,1,2,3,3,4,4,2,1,1,3,1,1,3,2,3,4,1,3,1,4,2,4,1,1,1,1,4,1,3,1,1,3,1,4,2,2,1,2,2,4,1,2,4,3,1,3,2,1,2,2,3,3,2,1,2,4,1,4,2,1,1,4,1,1,4,4,2,4,2,4,3,2,2,4,3,2,3,1,2,4,3,4,1,3,1,2,4,4,2,2,2,1,2,2,1,4,2,1,2,1,4,2,1,2,4,1,2,1,2,1,1,4,2,1,2,1,2,4,4,3,4,1,2,1,1,2,2,2,2,2,4,4,3,3,2,4,2,3,4,3,2,2,2,3,2,1,3,2,1,1,1,3,1,3,2,3,1,4,3,4,1,1,3,1,3,2,1,3,1,1,2"
9,0.9882627241940299,0.5,2136.0,"4,2,1,1,2,2,3,1,2,1,4,4,4,1,2,2,4,1,1,2,1,2,4,1,3,1,2,2,4,1,1,2,3,3,1,2,4,1,2,4,1,2,2,2,2,2,3,2,1,2,4,4,3,2,1,4,2,2,1,4,4,4,3,1,3,3,3,2,3,2,1,2,2,3,4,2,3,3,3,1,2,1,4,1,2,3,1,2,1,2,1,2,2,2,3,4,1,1,3,1,2,2,3,2,2,4,1,4,2,1,1,1,3,3,1,2,3,4,4,1,3,2,2,3,2,2,3,2,4,1,2,2,1,1,1,2,3,4,2,2,4,3,2,3,4,4,2,1,1,1,1,1,1,3,3,4,2,2,2,1,4,1,1,3,1,3,3,1,1,4,1,2,2,2,1,3,3,1,4,1,3,2,3,2,3,2,1,2,4,1,4,2,3,3,3,3,2,3,1,4,1,4,1,3,4,4,1,3,2,2,2,1,2,1,3,2,2,1,2,1,4,4,3,2,3,1,3,2,4,3,3,2,2,1,1,3,1,3,3,2,2,1,2,3,2,2,3,2,3,3,3,4,1,1,3,1,1,1,4,2,3,4,1,1,2,1,3,2,1,3,4,2,4,1,3,2,4,1,1,4,4,1,1,4,2,2,2,4,2,4,1,1,1,4,1,4,2,1,2,3,2,2,1,2,3,2,4,1,1,1,1,1,1,1,2,3,1,4,2,2,4,2,1,3,2,1,1,3,2,2,3,3,2,3,1,4,1,4,2,1,1,2,3,1,4,2,2,3,3,2,4,2,4,2,3,1,1,2,4,3,4,3,1,2,3,3,4,4,1,3,2,1,2,3,2,3,3,2,1,3,2,4,2,3,3,2,1,1,2,1,1,4,3,3,1,2,3,1,2,2,1,1,2,2,4,1,2,3,4,3,3,2,2,1,1,4,3,2,1,4,3,1,3,3,3,2,1,2,4,3,3,1,1,2,3,1,3,3,2,4,1,2,2,1,3,3,2,1,2,4,2,4,1,3,1,1,1,4,2,1,4,3,3,2,2,1,2,1,4,4,2,2,2,1,1,1,1,4,1,3,1,2,2,3,1,3,4,1,4,1,4,1,1,1,1,2,3,1,1,2,4,2,4,4,2,1,3,1,1,3,3,1,3,1,4,2,4,3,3,1,4,2,4,4,4,2,1,3,1,3,3,3,1,1,2,4,4,1,3,3,2,2,2,3,1,4,1,3,2,1,3,3,4,2,3,3,2,1,2,2,3,4,3,2,1,2,3,1,2,1,4,2,1,4,2,1,4,3,2,1,2,3,1,3,1,2,1,1,1,1,2,1,3,1,1,4,1,3,3,2,2,4,3,4,4,2,4,4,2,1,4,4,4,3,1,2,4,3,3,2,1,3,2,1,4,4,2,2,1,1,3,4,4,2,2,1,4,1,2,3,2,1,3,4,4,3,4,4,1,1,2,3,1,1,1,1,2,2,1,3,1,3,1,4,2,1,1,4,2,4,3,2,1,4,2,3,1,3,2,2,2,1,1,2,2,4,2,2,2,2,2,1,2,3,2,3,1,1,3,4,2,2,2,4,3,3,1,2,2,3,2,3,3,1,2,2,4,4,1,4,4,1,2,4,1,3,3,3,2,3,3,1,1,2,4,3,3,4,2,4,1,2,4,1,4,3,1,1,1,4,4,1,2,2,2,2,2,1,1,1,1,1,1,4,2,2,3,4,4,1,2,3,2,4,1,2,2,3,2,1,1,2,2,1,1,2,3,1,2,1,4,4,1,2,4,2,1,1,2,1,3,3,4,2,2,1,2,4,1,2,2,1,2,1,2,3,1,3,2,3,4,2,1,3,2,3,2,1,2,2,4,4,1,1,4,3,3,2,4,2,4,1,2,3,3,1,3,2,1,3,1,1,2,2,4,2,1,1,1,3,2,4,4,4,1,3,1,4,2,1,3,2,1,1,1,1,4,3,1,1,2,2,3,4,3,2,4,2,1,1,1,1,3,1,1,2,1,1,4,2,4,2,1,3,3,1,2,1,2,1,4,4,2,4,1,4,1,2,2,1,4,1,2,3,2,4,1,2,3,2,1,4,2,2,3,2,3,1,2,1,2,3,2,2,2,3,2,4,1,4,2,3,2,2,2,3,2,4,3,1,1,2,1,1,1,2,1,2,3,2,1,1,1,1,2,1,2,3,2,4,1,1,4,4,3,2,4,3,1,3,2,1,2,3,3,3,3,4,3,1,1,1,3,1,2,1,4,4,3,2,4,3,4,4,1,2,1,2,4,4,3,2,1,3,1,4,3,3,1,3,2,2,2,1,4,1,4,1,4,1,1,4,1,1,3,2,4,2,4,2,3,2,2,3,4,4,3,2,2,4,1,2,1,3,3,1,1,4,1,1,2,3,4,4,3,1,1,2,2,4,1,1,4,2,3,4,3,4,3,2,1,3,2,2,2,1,1,3,2,2,3,2,1,2,3,4,3,1,3,4,2,4,3,4,1,3,1,1,2,4,2,2,4,4,3,1,4,2,3,1,4,1,2,3,3,1,4,2,1,3,2,3,1,1,2,1,1,2,1,3,3,2,4,2,2,2,3,2,3,3,2,2,2,2,4,1,1,1,1,2,1,2,1,4,2,2,2,1,1,1,2,4,1,4,2,2,3,4,1,1,1,4,4,2,2,3,3,3,3,1,2,1,2,4,4,2,2,3,2,1,1,1,1,2,3,1,2,3,4,3,4,1,1,3,1,4,4,3,2,1,4,1,2,2,1,2,1,4,1,3,1,1,4,4,1,4,4,1,1,1,3,1,2,1,1,1,1,2,1,3,2,4,4,1,2,4,2,1,1,4,2,4,4,3,3,2,1,2,3,2,1,1,1,2,3,3,4,2,1,4,2,3,2,2,4,4,1,1,2,3,1,2,3,4,2,1,2,1,2,1,4,2,2,3,3,1,4,2,1,2,3,1,1,4,1,3,3,1,2,4,1,4,1,2,1,1,1,2,2,3,3,1,1,4,2,2,4,2,1,1,2,2,1,2,4,3,2,3,3,4,4,1,4,4,3,2,4,3,1,1,3,2,4,2,2,1,1,4,4,2,1,1,3,3,3,3,1,3,2,2,2,2,1,1,3,2,4,4,1,2,3,1,3,1,1,3,1,4,1,1,2,1,3,1,2,2,4,1,1,4,1,4,4,2,1,1,2,3,1,1,1,1,2,3,4,3,2,3,3,1,2,4,2,3,1,2,2,2,4,3,2,2,2,4,1,1,1,2,4,2,1,4,2,1,1,1,2,1,2,1,2,3,3,3,2,4,3,3,1,1,4,2,3,1,4,4,4,3,2,4,3,2,1,3,4,1,2,2,1,2,3,3,1,4,3,3,2,2,1,1,2,3,3,4,4,2,1,1,3,1,1,3,2,3,4,1,3,1,4,2,4,1,1,1,1,4,1,3,1,1,3,1,4,2,2,1,2,2,4,1,2,4,3,1,3,2,1,2,2,3,3,2,1,2,4,1,4,2,1,1,4,1,1,4,4,2,4,2,4,3,2,2,4,3,2,3,1,2,4,3,4,1,3,1,2,4,4,2,2,2,1,2,2,1,4,2,1,2,1,4,2,1,2,4,1,2,1,2,1,1,4,2,1,2,1,2,4,4,3,4,1,2,1,1,2,2,2,2,2,4,4,3,3,2,4,2,3,4,3,2,2,2,3,2,1,3,2,1,1,1,3,1,3,2,3,1,4,3,4,1,1,3,1,3,2,1,3,1,1,2"
10,0.9882627241940299,0.5,2136.0,"4,2,1,1,2,2,3,1,2,1,4,4,4,1,2,2,4,1,1,2,1,2,4,1,3,1,2,2,4,1,1,2,3,3,1,2,4,1,2,4,1,2,2,2,2,2,3,2,1,2,4,4,3,2,1,4,2,2,1,4,4,4,3,1,3,3,3,2,3,2,1,2,2,3,4,2,3,3,3,1,2,1,4,1,2,3,1,2,1,2,1,2,2,2,3,4,1,1,3,1,2,2,3,2,2,4,1,4,2,1,1,1,3,3,1,2,3,4,4,1,3,2,2,3,2,2,3,2,4,1,2,2,1,1,1,2,3,4,2,2,4,3,2,3,4,4,2,1,1,1,1,1,1,3,3,4,2,2,2,1,4,1,1,3,1,3,3,1,1,4,1,2,2,2,1,3,3,1,4,1,3,2,3,2,3,2,1,2,4,1,4,2,3,3,3,3,2,3,1,4,1,4,1,3,4,4,1,3,2,2,2,1,2,1,3,2,2,1,2,1,4,4,3,2,3,1,3,2,4,3,3,2,2,1,1,3,1,3,3,2,2,1,2,3,2,2,3,2,3,3,3,4,1,1,3,1,1,1,4,2,3,4,1,1,2,1,3,2,1,3,4,2,4,1,3,2,4,1,1,4,4,1,1,4,2,2,2,4,2,4,1,1,1,4,1,4,2,1,2,3,2,2,1,2,3,2,4,1,1,1,1,1,1,1,2,3,1,4,2,2,4,2,1,3,2,1,1,3,2,2,3,3,2,3,1,4,1,4,2,1,1,2,3,1,4,2,2,3,3,2,4,2,4,2,3,1,1,2,4,3,4,3,1,2,3,3,4,4,1,3,2,1,2,3,2,3,3,2,1,3,2,4,2,3,3,2,1,1,2,1,1,4,3,3,1,2,3,1,2,2,1,1,2,2,4,1,2,3,4,3,3,2,2,1,1,4,3,2,1,4,3,1,3,3,3,2,1,2,4,3,3,1,1,2,3,1,3,3,2,4,1,2,2,1,3,3,2,1,2,4,2,4,1,3,1,1,1,4,2,1,4,3,3,2,2,1,2,1,4,4,2,2,2,1,1,1,1,4,1,3,1,2,2,3,1,3,4,1,4,1,4,1,1,1,1,2,3,1,1,2,4,2,4,4,2,1,3,1,1,3,3,1,3,1,4,2,4,3,3,1,4,2,4,4,4,2,1,3,1,3,3,3,1,1,2,4,4,1,3,3,2,2,2,3,1,4,1,3,2,1,3,3,4,2,3,3,2,1,2,2,3,4,3,2,1,2,3,1,2,1,4,2,1,4,2,1,4,3,2,1,2,3,1,3,1,2,1,1,1,1,2,1,3,1,1,4,1,3,3,2,2,4,3,4,4,2,4,4,2,1,4,4,4,3,1,2,4,3,3,2,1,3,2,1,4,4,2,2,1,1,3,4,4,2,2,1,4,1,2,3,2,1,3,4,4,3,4,4,1,1,2,3,1,1,1,1,2,2,1,3,1,3,1,4,2,1,1,4,2,4,3,2,1,4,2,3,1,3,2,2,2,1,1,2,2,4,2,2,2,2,2,1,2,3,2,3,1,1,3,4,2,2,2,4,3,3,1,2,2,3,2,3,3,1,2,2,4,4,1,4,4,1,2,4,1,3,3,3,2,3,3,1,1,2,4,3,3,4,2,4,1,2,4,1,4,3,1,1,1,4,4,1,2,2,2,2,2,1,1,1,1,1,1,4,2,2,3,4,4,1,2,3,2,4,1,2,2,3,2,1,1,2,2,1,1,2,3,1,2,1,4,4,1,2,4,2,1,1,2,1,3,3,4,2,2,1,2,4,1,2,2,1,2,1,2,3,1,3,2,3,4,2,1,3,2,3,2,1,2,2,4,4,1,1,4,3,3,2,4,2,4,1,2,3,3,1,3,2,1,3,1,1,2,2,4,2,1,1,1,3,2,4,4,4,1,3,1,4,2,1,3,2,1,1,1,1,4,3,1,1,2,2,3,4,3,2,4,2,1,1,1,1,3,1,1,2,1,1,4,2,4,2,1,3,3,1,2,1,2,1,4,4,2,4,1,4,1,2,2,1,4,1,2,3,2,4,1,2,3,2,1,4,2,2,3,2,3,1,2,1,2,3,2,2,2,3,2,4,1,4,2,3,2,2,2,3,2,4,3,1,1,2,1,1,1,2,1,2,3,2,1,1,1,1,2,1,2,3,2,4,1,1,4,4,3,2,4,3,1,3,2,1,2,3,3,3,3,4,3,1,1,1,3,1,2,1,4,4,3,2,4,3,4,4,1,2,1,2,4,4,3,2,1,3,1,4,3,3,1,3,2,2,2,1,4,1,4,1,4,1,1,4,1,1,3,2,4,2,4,2,3,2,2,3,4,4,3,2,2,4,1,2,1,3,3,1,1,4,1,1,2,3,4,4,3,1,1,2,2,4,1,1,4,2,3,4,3,4,3,2,1,3,2,2,2,1,1,3,2,2,3,2,1,2,3,4,3,1,3,4,2,4,3,4,1,3,1,1,2,4,2,2,4,4,3,1,4,2,3,1,4,1,2,3,3,1,4,2,1,3,2,3,1,1,2,1,1,2,1,3,3,2,4,2,2,2,3,2,3,3,2,2,2,2,4,1,1,1,1,2,1,2,1,4,2,2,2,1,1,1,2,4,1,4,2,2,3,4,1,1,1,4,4,2,2,3,3,3,3,1,2,1,2,4,4,2,2,3,2,1,1,1,1,2,3,1,2,3,4,3,4,1,1,3,1,4,4,3,2,1,4,1,2,2,1,2,1,4,1,3,1,1,4,4,1,4,4,1,1,1,3,1,2,1,1,1,1,2,1,3,2,4,4,1,2,4,2,1,1,4,2,4,4,3,3,2,1,2,3,2,1,1,1,2,3,3,4,2,1,4,2,3,2,2,4,4,1,1,2,3,1,2,3,4,2,1,2,1,2,1,4,2,2,3,3,1,4,2,1,2,3,1,1,4,1,3,3,1,2,4,1,4,1,2,1,1,1,2,2,3,3,1,1,4,2,2,4,2,1,1,2,2,1,2,4,3,2,3,3,4,4,1,4,4,3,2,4,3,1,1,3,2,4,2,2,1,1,4,4,2,1,1,3,3,3,3,1,3,2,2,2,2,1,1,3,2,4,4,1,2,3,1,3,1,1,3,1,4,1,1,2,1,3,1,2,2,4,1,1,4,1,4,4,2,1,1,2,3,1,1,1,1,2,3,4,3,2,3,3,1,2,4,2,3,1,2,2,2,4,3,2,2,2,4,1,1,1,2,4,2,1,4,2,1,1,1,2,1,2,1,2,3,3,3,2,4,3,3,1,1,4,2,3,1,4,4,4,3,2,4,3,2,1,3,4,1,2,2,1,2,3,3,1,4,3,3,2,2,1,1,2,3,3,4,4,2,1,1,3,1,1,3,2,3,4,1,3,1,4,2,4,1,1,1,1,4,1,3,1,1,3,1,4,2,2,1,2,2,4,1,2,4,3,1,3,2,1,2,2,3,3,2,1,2,4,1,4,2,1,1,4,1,1,4,4,2,4,2,4,3,2,2,4,3,2,3,1,2,4,3,4,1,3,1,2,4,4,2,2,2,1,2,2,1,4,2,1,2,1,4,2,1,2,4,1,2,1,2,1,1,4,2,1,2,1,2,4,4,3,4,1,2,1,1,2,2,2,2,2,4,4,3,3,2,4,2,3,4,3,2,2,2,3,2,1,3,2,1,1,1,3,1,3,2,3,1,4,3,4,1,1,3,1,3,2,1,3,1,1,2"
11,0.9882627241940299,0.5,2136.0,"4,2,1,1,2,2,3,1,2,1,4,4,4,1,2,2,4,1,1,2,1,2,4,1,3,1,2,2,4,1,1,2,3,3,1,2,4,1,2,4,1,2,2,2,2,2,3,2,1,2,4,4,3,2,1,4,2,2,1,4,4,4,3,1,3,3,3,2,3,2,1,2,2,3,4,2,3,3,3,1,2,1,4,1,2,3,1,2,1,2,1,2,2,2,3,4,1,1,3,1,2,2,3,2,2,4,1,4,2,1,1,1,3,3,1,2,3,4,4,1,3,2,2,3,2,2,3,2,4,1,2,2,1,1,1,2,3,4,2,2,4,3,2,3,4,4,2,1,1,1,1,1,1,3,3,4,2,2,2,1,4,1,1,3,1,3,3,1,1,4,1,2,2,2,1,3,3,1,4,1,3,2,3,2,3,2,1,2,4,1,4,2,3,3,3,3,2,3,1,4,1,4,1,3,4,4,1,3,2,2,2,1,2,1,3,2,2,1,2,1,4,4,3,2,3,1,3,2,4,3,3,2,2,1,1,3,1,3,3,2,2,1,2,3,2,2,3,2,3,3,3,4,1,1,3,1,1,1,4,2,3,4,1,1,2,1,3,2,1,3,4,2,4,1,3,2,4,1,1,4,4,1,1,4,2,2,2,4,2,4,1,1,1,4,1,4,2,1,2,3,2,2,1,2,3,2,4,1,1,1,1,1,1,1,2,3,1,4,2,2,4,2,1,3,2,1,1,3,2,2,3,3,2,3,1,4,1,4,2,1,1,2,3,1,4,2,2,3,3,2,4,2,4,2,3,1,1,2,4,3,4,3,1,2,3,3,4,4,1,3,2,1,2,3,2,3,3,2,1,3,2,4,2,3,3,2,1,1,2,1,1,4,3,3,1,2,3,1,2,2,1,1,2,2,4,1,2,3,4,3,3,2,2,1,1,4,3,2,1,4,3,1,3,3,3,2,1,2,4,3,3,1,1,2,3,1,3,3,2,4,1,2,2,1,3,3,2,1,2,4,2,4,1,3,1,1,1,4,2,1,4,3,3,2,2,1,2,1,4,4,2,2,2,1,1,1,1,4,1,3,1,2,2,3,1,3,4,1,4,1,4,1,1,1,1,2,3,1,1,2,4,2,4,4,2,1,3,1,1,3,3,1,3,1,4,2,4,3,3,1,4,2,4,4,4,2,1,3,1,3,3,3,1,1,2,4,4,1,3,3,2,2,2,3,1,4,1,3,2,1,3,3,4,2,3,3,2,1,2,2,3,4,3,2,1,2,3,1,2,1,4,2,1,4,2,1,4,3,2,1,2,3,1,3,1,2,1,1,1,1,2,1,3,1,1,4,1,3,3,2,2,4,3,4,4,2,4,4,2,1,4,4,4,3,1,2,4,3,3,2,1,3,2,1,4,4,2,2,1,1,3,4,4,2,2,1,4,1,2,3,2,1,3,4,4,3,4,4,1,1,2,3,1,1,1,1,2,2,1,3,1,3,1,4,2,1,1,4,2,4,3,2,1,4,2,3,1,3,2,2,2,1,1,2,2,4,2,2,2,2,2,1,2,3,2,3,1,1,3,4,2,2,2,4,3,3,1,2,2,3,2,3,3,1,2,2,4,4,1,4,4,1,2,4,1,3,3,3,2,3,3,1,1,2,4,3,3,4,2,4,1,2,4,1,4,3,1,1,1,4,4,1,2,2,2,2,2,1,1,1,1,1,1,4,2,2,3,4,4,1,2,3,2,4,1,2,2,3,2,1,1,2,2,1,1,2,3,1,2,1,4,4,1,2,4,2,1,1,2,1,3,3,4,2,2,1,2,4,1,2,2,1,2,1,2,3,1,3,2,3,4,2,1,3,2,3,2,1,2,2,4,4,1,1,4,3,3,2,4,2,4,1,2,3,3,1,3,2,1,3,1,1,2,2,4,2,1,1,1,3,2,4,4,4,1,3,1,4,2,1,3,2,1,1,1,1,4,3,1,1,2,2,3,4,3,2,4,2,1,1,1,1,3,1,1,2,1,1,4,2,4,2,1,3,3,1,2,1,2,1,4,4,2,4,1,4,1,2,2,1,4,1,2,3,2,4,1,2,3,2,1,4,2,2,3,2,3,1,2,1,2,3,2,2,2,3,2,4,1,4,2,3,2,2,2,3,2,4,3,1,1,2,1,1,1,2,1,2,3,2,1,1,1,1,2,1,2,3,2,4,1,1,4,4,3,2,4,3,1,3,2,1,2,3,3,3,3,4,3,1,1,1,3,1,2,1,4,4,3,2,4,3,4,4,1,2,1,2,4,4,3,2,1,3,1,4,3,3,1,3,2,2,2,1,4,1,4,1,4,1,1,4,1,1,3,2,4,2,4,2,3,2,2,3,4,4,3,2,2,4,1,2,1,3,3,1,1,4,1,1,2,3,4,4,3,1,1,2,2,4,1,1,4,2,3,4,3,4,3,2,1,3,2,2,2,1,1,3,2,2,3,2,1,2,3,4,3,1,3,4,2,4,3,4,1,3,1,1,2,4,2,2,4,4,3,1,4,2,3,1,4,1,2,3,3,1,4,2,1,3,2,3,1,1,2,1,1,2,1,3,3,2,4,2,2,2,3,2,3,3,2,2,2,2,4,1,1,1,1,2,1,2,1,4,2,2,2,1,1,1,2,4,1,4,2,2,3,4,1,1,1,4,4,2,2,3,3,3,3,1,2,1,2,4,4,2,2,3,2,1,1,1,1,2,3,1,2,3,4,3,4,1,1,3,1,4,4,3,2,1,4,1,2,2,1,2,1,4,1,3,1,1,4,4,1,4,4,1,1,1,3,1,2,1,1,1,1,2,1,3,2,4,4,1,2,4,2,1,1,4,2,4,4,3,3,2,1,2,3,2,1,1,1,2,3,3,4,2,1,4,2,3,2,2,4,4,1,1,2,3,1,2,3,4,2,1,2,1,2,1,4,2,2,3,3,1,4,2,1,2,3,1,1,4,1,3,3,1,2,4,1,4,1,2,1,1,1,2,2,3,3,1,1,4,2,2,4,2,1,1,2,2,1,2,4,3,2,3,3,4,4,1,4,4,3,2,4,3,1,1,3,2,4,2,2,1,1,4,4,2,1,1,3,3,3,3,1,3,2,2,2,2,1,1,3,2,4,4,1,2,3,1,3,1,1,3,1,4,1,1,2,1,3,1,2,2,4,1,1,4,1,4,4,2,1,1,2,3,1,1,1,1,2,3,4,3,2,3,3,1,2,4,2,3,1,2,2,2,4,3,2,2,2,4,1,1,1,2,4,2,1,4,2,1,1,1,2,1,2,1,2,3,3,3,2,4,3,3,1,1,4,2,3,1,4,4,4,3,2,4,3,2,1,3,4,1,2,2,1,2,3,3,1,4,3,3,2,2,1,1,2,3,3,4,4,2,1,1,3,1,1,3,2,3,4,1,3,1,4,2,4,1,1,1,1,4,1,3,1,1,3,1,4,2,2,1,2,2,4,1,2,4,3,1,3,2,1,2,2,3,3,2,1,2,4,1,4,2,1,1,4,1,1,4,4,2,4,2,4,3,2,2,4,3,2,3,1,2,4,3,4,1,3,1,2,4,4,2,2,2,1,2,2,1,4,2,1,2,1,4,2,1,2,4,1,2,1,2,1,1,4,2,1,2,1,2,4,4,3,4,1,2,1,1,2,2,2,2,2,4,4,3,3,2,4,2,3,4,3,2,2,2,3,2,1,3,2,1,1,1,3,1,3,2,3,1,4,3,4,1,1,3,1,3,2,1,3,1,1,2"
12,0.9882627241940299,0.5,2136.0,"4,2,1,1,2,2,3,1,2,1,4,4,4,1,2,2,4,1,1,2,1,2,4,1,3,1,2,2,4,1,1,2,3,3,1,2,4,1,2,4,1,2,2,2,2,2,3,2,1,2,4,4,3,2,1,4,2,2,1,4,4,4,3,1,3,3,3,2,3,2,1,2,2,3,4,2,3,3,3,1,2,1,4,1,2,3,1,2,1,2,1,2,2,2,3,4,1,1,3,1,2,2,3,2,2,4,1,4,2,1,1,1,3,3,1,2,3,4,4,1,3,2,2,3,2,2,3,2,4,1,2,2,1,1,1,2,3,4,2,2,4,3,2,3,4,4,2,1,1,1,1,1,1,3,3,4,2,2,2,1,4,1,1,3,1,3,3,1,1,4,1,2,2,2,1,3,3,1,4,1,3,2,3,2,3,2,1,2,4,1,4,2,3,3,3,3,2,3,1,4,1,4,1,3,4,4,1,3,2,2,2,1,2,1,3,2,2,1,2,1,4,4,3,2,3,1,3,2,4,3,3,2,2,1,1,3,1,3,3,2,2,1,2,3,2,2,3,2,3,3,3,4,1,1,3,1,1,1,4,2,3,4,1,1,2,1,3,2,1,3,4,2,4,1,3,2,4,1,1,4,4,1,1,4,2,2,2,4,2,4,1,1,1,4,1,4,2,1,2,3,2,2,1,2,3,2,4,1,1,1,1,1,1,1,2,3,1,4,2,2,4,2,1,3,2,1,1,3,2,2,3,3,2,3,1,4,1,4,2,1,1,2,3,1,4,2,2,3,3,2,4,2,4,2,3,1,1,2,4,3,4,3,1,2,3,3,4,4,1,3,2,1,2,3,2,3,3,2,1,3,2,4,2,3,3,2,1,1,2,1,1,4,3,3,1,2,3,1,2,2,1,1,2,2,4,1,2,3,4,3,3,2,2,1,1,4,3,2,1,4,3,1,3,3,3,2,1,2,4,3,3,1,1,2,3,1,3,3,2,4,1,2,2,1,3,3,2,1,2,4,2,4,1,3,1,1,1,4,2,1,4,3,3,2,2,1,2,1,4,4,2,2,2,1,1,1,1,4,1,3,1,2,2,3,1,3,4,1,4,1,4,1,1,1,1,2,3,1,1,2,4,2,4,4,2,1,3,1,1,3,3,1,3,1,4,2,4,3,3,1,4,2,4,4,4,2,1,3,1,3,3,3,1,1,2,4,4,1,3,3,2,2,2,3,1,4,1,3,2,1,3,3,4,2,3,3,2,1,2,2,3,4,3,2,1,2,3,1,2,1,4,2,1,4,2,1,4,3,2,1,2,3,1,3,1,2,1,1,1,1,2,1,3,1,1,4,1,3,3,2,2,4,3,4,4,2,4,4,2,1,4,4,4,3,1,2,4,3,3,2,1,3,2,1,4,4,2,2,1,1,3,4,4,2,2,1,4,1,2,3,2,1,3,4,4,3,4,4,1,1,2,3,1,1,1,1,2,2,1,3,1,3,1,4,2,1,1,4,2,4,3,2,1,4,2,3,1,3,2,2,2,1,1,2,2,4,2,2,2,2,2,1,2,3,2,3,1,1,3,4,2,2,2,4,3,3,1,2,2,3,2,3,3,1,2,2,4,4,1,4,4,1,2,4,1,3,3,3,2,3,3,1,1,2,4,3,3,4,2,4,1,2,4,1,4,3,1,1,1,4,4,1,2,2,2,2,2,1,1,1,1,1,1,4,2,2,3,4,4,1,2,3,2,4,1,2,2,3,2,1,1,2,2,1,1,2,3,1,2,1,4,4,1,2,4,2,1,1,2,1,3,3,4,2,2,1,2,4,1,2,2,1,2,1,2,3,1,3,2,3,4,2,1,3,2,3,2,1,2,2,4,4,1,1,4,3,3,2,4,2,4,1,2,3,3,1,3,2,1,3,1,1,2,2,4,2,1,1,1,3,2,4,4,4,1,3,1,4,2,1,3,2,1,1,1,1,4,3,1,1,2,2,3,4,3,2,4,2,1,1,1,1,3,1,1,2,1,1,4,2,4,2,1,3,3,1,2,1,2,1,4,4,2,4,1,4,1,2,2,1,4,1,2,3,2,4,1,2,3,2,1,4,2,2,3,2,3,1,2,1,2,3,2,2,2,3,2,4,1,4,2,3,2,2,2,3,2,4,3,1,1,2,1,1,1,2,1,2,3,2,1,1,1,1,2,1,2,3,2,4,1,1,4,4,3,2,4,3,1,3,2,1,2,3,3,3,3,4,3,1,1,1,3,1,2,1,4,4,3,2,4,3,4,4,1,2,1,2,4,4,3,2,1,3,1,4,3,3,1,3,2,2,2,1,4,1,4,1,4,1,1,4,1,1,3,2,4,2,4,2,3,2,2,3,4,4,3,2,2,4,1,2,1,3,3,1,1,4,1,1,2,3,4,4,3,1,1,2,2,4,1,1,4,2,3,4,3,4,3,2,1,3,2,2,2,1,1,3,2,2,3,2,1,2,3,4,3,1,3,4,2,4,3,4,1,3,1,1,2,4,2,2,4,4,3,1,4,2,3,1,4,1,2,3,3,1,4,2,1,3,2,3,1,1,2,1,1,2,1,3,3,2,4,2,2,2,3,2,3,3,2,2,2,2,4,1,1,1,1,2,1,2,1,4,2,2,2,1,1,1,2,4,1,4,2,2,3,4,1,1,1,4,4,2,2,3,3,3,3,1,2,1,2,4,4,2,2,3,2,1,1,1,1,2,3,1,2,3,4,3,4,1,1,3,1,4,4,3,2,1,4,1,2,2,1,2,1,4,1,3,1,1,4,4,1,4,4,1,1,1,3,1,2,1,1,1,1,2,1,3,2,4,4,1,2,4,2,1,1,4,2,4,4,3,3,2,1,2,3,2,1,1,1,2,3,3,4,2,1,4,2,3,2,2,4,4,1,1,2,3,1,2,3,4,2,1,2,1,2,1,4,2,2,3,3,1,4,2,1,2,3,1,1,4,1,3,3,1,2,4,1,4,1,2,1,1,1,2,2,3,3,1,1,4,2,2,4,2,1,1,2,2,1,2,4,3,2,3,3,4,4,1,4,4,3,2,4,3,1,1,3,2,4,2,2,1,1,4,4,2,1,1,3,3,3,3,1,3,2,2,2,2,1,1,3,2,4,4,1,2,3,1,3,1,1,3,1,4,1,1,2,1,3,1,2,2,4,1,1,4,1,4,4,2,1,1,2,3,1,1,1,1,2,3,4,3,2,3,3,1,2,4,2,3,1,2,2,2,4,3,2,2,2,4,1,1,1,2,4,2,1,4,2,1,1,1,2,1,2,1,2,3,3,3,2,4,3,3,1,1,4,2,3,1,4,4,4,3,2,4,3,2,1,3,4,1,2,2,1,2,3,3,1,4,3,3,2,2,1,1,2,3,3,4,4,2,1,1,3,1,1,3,2,3,4,1,3,1,4,2,4,1,1,1,1,4,1,3,1,1,3,1,4,2,2,1,2,2,4,1,2,4,3,1,3,2,1,2,2,3,3,2,1,2,4,1,4,2,1,1,4,1,1,4,4,2,4,2,4,3,2,2,4,3,2,3,1,2,4,3,4,1,3,1,2,4,4,2,2,2,1,2,2,1,4,2,1,2,1,4,2,1,2,4,1,2,1,2,1,1,4,2,1,2,1,2,4,4,3,4,1,2,1,1,2,2,2,2,2,4,4,3,3,2,4,2,3,4,3,2,2,2,3,2,1,3,2,1,1,1,3,1,3,2,3,1,4,3,4,1,1,3,1,3,2,1,3,1,1,2"
13,0.9882627241940299,0.5,2136.0,"4,2,1,1,2,2,3,1,2,1,4,4,4,1,2,2,4,1,1,2,1,2,4,1,3,1,2,2,4,1,1,2,3,3,1,2,4,1,2,4,1,2,2,2,2,2,3,2,1,2,4,4,3,2,1,4,2,2,1,4,4,4,3,1,3,3,3,2,3,2,1,2,2,3,4,2,3,3,3,1,2,1,4,1,2,3,1,2,1,2,1,2,2,2,3,4,1,1,3,1,2,2,3,2,2,4,1,4,2,1,1,1,3,3,1,2,3,4,4,1,3,2,2,3,2,2,3,2,4,1,2,2,1,1,1,2,3,4,2,2,4,3,2,3,4,4,2,1,1,1,1,1,1,3,3,4,2,2,2,1,4,1,1,3,1,3,3,1,1,4,1,2,2,2,1,3,3,1,4,1,3,2,3,2,3,2,1,2,4,1,4,2,3,3,3,3,2,3,1,4,1,4,1,3,4,4,1,3,2,2,2,1,2,1,3,2,2,1,2,1,4,4,3,2,3,1,3,2,4,3,3,2,2,1,1,3,1,3,3,2,2,1,2,3,2,2,3,2,3,3,3,4,1,1,3,1,1,1,4,2,3,4,1,1,2,1,3,2,1,3,4,2,4,1,3,2,4,1,1,4,4,1,1,4,2,2,2,4,2,4,1,1,1,4,1,4,2,1,2,3,2,2,1,2,3,2,4,1,1,1,1,1,1,1,2,3,1,4,2,2,4,2,1,3,2,1,1,3,2,2,3,3,2,3,1,4,1,4,2,1,1,2,3,1,4,2,2,3,3,2,4,2,4,2,3,1,1,2,4,3,4,3,1,2,3,3,4,4,1,3,2,1,2,3,2,3,3,2,1,3,2,4,2,3,3,2,1,1,2,1,1,4,3,3,1,2,3,1,2,2,1,1,2,2,4,1,2,3,4,3,3,2,2,1,1,4,3,2,1,4,3,1,3,3,3,2,1,2,4,3,3,1,1,2,3,1,3,3,2,4,1,2,2,1,3,3,2,1,2,4,2,4,1,3,1,1,1,4,2,1,4,3,3,2,2,1,2,1,4,4,2,2,2,1,1,1,1,4,1,3,1,2,2,3,1,3,4,1,4,1,4,1,1,1,1,2,3,1,1,2,4,2,4,4,2,1,3,1,1,3,3,1,3,1,4,2,4,3,3,1,4,2,4,4,4,2,1,3,1,3,3,3,1,1,2,4,4,1,3,3,2,2,2,3,1,4,1,3,2,1,3,3,4,2,3,3,2,1,2,2,3,4,3,2,1,2,3,1,2,1,4,2,1,4,2,1,4,3,2,1,2,3,1,3,1,2,1,1,1,1,2,1,3,1,1,4,1,3,3,2,2,4,3,4,4,2,4,4,2,1,4,4,4,3,1,2,4,3,3,2,1,3,2,1,4,4,2,2,1,1,3,4,4,2,2,1,4,1,2,3,2,1,3,4,4,3,4,4,1,1,2,3,1,1,1,1,2,2,1,3,1,3,1,4,2,1,1,4,2,4,3,2,1,4,2,3,1,3,2,2,2,1,1,2,2,4,2,2,2,2,2,1,2,3,2,3,1,1,3,4,2,2,2,4,3,3,1,2,2,3,2,3,3,1,2,2,4,4,1,4,4,1,2,4,1,3,3,3,2,3,3,1,1,2,4,3,3,4,2,4,1,2,4,1,4,3,1,1,1,4,4,1,2,2,2,2,2,1,1,1,1,1,1,4,2,2,3,4,4,1,2,3,2,4,1,2,2,3,2,1,1,2,2,1,1,2,3,1,2,1,4,4,1,2,4,2,1,1,2,1,3,3,4,2,2,1,2,4,1,2,2,1,2,1,2,3,1,3,2,3,4,2,1,3,2,3,2,1,2,2,4,4,1,1,4,3,3,2,4,2,4,1,2,3,3,1,3,2,1,3,1,1,2,2,4,2,1,1,1,3,2,4,4,4,1,3,1,4,2,1,3,2,1,1,1,1,4,3,1,1,2,2,3,4,3,2,4,2,1,1,1,1,3,1,1,2,1,1,4,2,4,2,1,3,3,1,2,1,2,1,4,4,2,4,1,4,1,2,2,1,4,1,2,3,2,4,1,2,3,2,1,4,2,2,3,2,3,1,2,1,2,3,2,2,2,3,2,4,1,4,2,3,2,2,2,3,2,4,3,1,1,2,1,1,1,2,1,2,3,2,1,1,1,1,2,1,2,3,2,4,1,1,4,4,3,2,4,3,1,3,2,1,2,3,3,3,3,4,3,1,1,1,3,1,2,1,4,4,3,2,4,3,4,4,1,2,1,2,4,4,3,2,1,3,1,4,3,3,1,3,2,2,2,1,4,1,4,1,4,1,1,4,1,1,3,2,4,2,4,2,3,2,2,3,4,4,3,2,2,4,1,2,1,3,3,1,1,4,1,1,2,3,4,4,3,1,1,2,2,4,1,1,4,2,3,4,3,4,3,2,1,3,2,2,2,1,1,3,2,2,3,2,1,2,3,4,3,1,3,4,2,4,3,4,1,3,1,1,2,4,2,2,4,4,3,1,4,2,3,1,4,1,2,3,3,1,4,2,1,3,2,3,1,1,2,1,1,2,1,3,3,2,4,2,2,2,3,2,3,3,2,2,2,2,4,1,1,1,1,2,1,2,1,4,2,2,2,1,1,1,2,4,1,4,2,2,3,4,1,1,1,4,4,2,2,3,3,3,3,1,2,1,2,4,4,2,2,3,2,1,1,1,1,2,3,1,2,3,4,3,4,1,1,3,1,4,4,3,2,1,4,1,2,2,1,2,1,4,1,3,1,1,4,4,1,4,4,1,1,1,3,1,2,1,1,1,1,2,1,3,2,4,4,1,2,4,2,1,1,4,2,4,4,3,3,2,1,2,3,2,1,1,1,2,3,3,4,2,1,4,2,3,2,2,4,4,1,1,2,3,1,2,3,4,2,1,2,1,2,1,4,2,2,3,3,1,4,2,1,2,3,1,1,4,1,3,3,1,2,4,1,4,1,2,1,1,1,2,2,3,3,1,1,4,2,2,4,2,1,1,2,2,1,2,4,3,2,3,3,4,4,1,4,4,3,2,4,3,1,1,3,2,4,2,2,1,1,4,4,2,1,1,3,3,3,3,1,3,2,2,2,2,1,1,3,2,4,4,1,2,3,1,3,1,1,3,1,4,1,1,2,1,3,1,2,2,4,1,1,4,1,4,4,2,1,1,2,3,1,1,1,1,2,3,4,3,2,3,3,1,2,4,2,3,1,2,2,2,4,3,2,2,2,4,1,1,1,2,4,2,1,4,2,1,1,1,2,1,2,1,2,3,3,3,2,4,3,3,1,1,4,2,3,1,4,4,4,3,2,4,3,2,1,3,4,1,2,2,1,2,3,3,1,4,3,3,2,2,1,1,2,3,3,4,4,2,1,1,3,1,1,3,2,3,4,1,3,1,4,2,4,1,1,1,1,4,1,3,1,1,3,1,4,2,2,1,2,2,4,1,2,4,3,1,3,2,1,2,2,3,3,2,1,2,4,1,4,2,1,1,4,1,1,4,4,2,4,2,4,3,2,2,4,3,2,3,1,2,4,3,4,1,3,1,2,4,4,2,2,2,1,2,2,1,4,2,1,2,1,4,2,1,2,4,1,2,1,2,1,1,4,2,1,2,1,2,4,4,3,4,1,2,1,1,2,2,2,2,2,4,4,3,3,2,4,2,3,4,3,2,2,2,3,2,1,3,2,1,1,1,3,1,3,2,3,1,4,3,4,1,1,3,1,3,2,1,3,1,1,2"
14,0.9882627241940299,0.5,2136.0,"4,2,1,1,2,2,3,1,2,1,4,4,4,1,2,2,4,1,1,2,1,2,4,1,3,1,2,2,4,1,1,2,3,3,1,2,4,1,2,4,1,2,2,2,2,2,3,2,1,2,4,4,3,2,1,4,2,2,1,4,4,4,3,1,3,3,3,2,3,2,1,2,2,3,4,2,3,3,3,1,2,1,4,1,2,3,1,2,1,2,1,2,2,2,3,4,1,1,3,1,2,2,3,2,2,4,1,4,2,1,1,1,3,3,1,2,3,4,4,1,3,2,2,3,2,2,3,2,4,1,2,2,1,1,1,2,3,4,2,2,4,3,2,3,4,4,2,1,1,1,1,1,1,3,3,4,2,2,2,1,4,1,1,3,1,3,3,1,1,4,1,2,2,2,1,3,3,1,4,1,3,2,3,2,3,2,1,2,4,1,4,2,3,3,3,3,2,3,1,4,1,4,1,3,4,4,1,3,2,2,2,1,2,1,3,2,2,1,2,1,4,4,3,2,3,1,3,2,4,3,3,2,2,1,1,3,1,3,3,2,2,1,2,3,2,2,3,2,3,3,3,4,1,1,3,1,1,1,4,2,3,4,1,1,2,1,3,2,1,3,4,2,4,1,3,2,4,1,1,4,4,1,1,4,2,2,2,4,2,4,1,1,1,4,1,4,2,1,2,3,2,2,1,2,3,2,4,1,1,1,1,1,1,1,2,3,1,4,2,2,4,2,1,3,2,1,1,3,2,2,3,3,2,3,1,4,1,4,2,1,1,2,3,1,4,2,2,3,3,2,4,2,4,2,3,1,1,2,4,3,4,3,1,2,3,3,4,4,1,3,2,1,2,3,2,3,3,2,1,3,2,4,2,3,3,2,1,1,2,1,1,4,3,3,1,2,3,1,2,2,1,1,2,2,4,1,2,3,4,3,3,2,2,1,1,4,3,2,1,4,3,1,3,3,3,2,1,2,4,3,3,1,1,2,3,1,3,3,2,4,1,2,2,1,3,3,2,1,2,4,2,4,1,3,1,1,1,4,2,1,4,3,3,2,2,1,2,1,4,4,2,2,2,1,1,1,1,4,1,3,1,2,2,3,1,3,4,1,4,1,4,1,1,1,1,2,3,1,1,2,4,2,4,4,2,1,3,1,1,3,3,1,3,1,4,2,4,3,3,1,4,2,4,4,4,2,1,3,1,3,3,3,1,1,2,4,4,1,3,3,2,2,2,3,1,4,1,3,2,1,3,3,4,2,3,3,2,1,2,2,3,4,3,2,1,2,3,1,2,1,4,2,1,4,2,1,4,3,2,1,2,3,1,3,1,2,1,1,1,1,2,1,3,1,1,4,1,3,3,2,2,4,3,4,4,2,4,4,2,1,4,4,4,3,1,2,4,3,3,2,1,3,2,1,4,4,2,2,1,1,3,4,4,2,2,1,4,1,2,3,2,1,3,4,4,3,4,4,1,1,2,3,1,1,1,1,2,2,1,3,1,3,1,4,2,1,1,4,2,4,3,2,1,4,2,3,1,3,2,2,2,1,1,2,2,4,2,2,2,2,2,1,2,3,2,3,1,1,3,4,2,2,2,4,3,3,1,2,2,3,2,3,3,1,2,2,4,4,1,4,4,1,2,4,1,3,3,3,2,3,3,1,1,2,4,3,3,4,2,4,1,2,4,1,4,3,1,1,1,4,4,1,2,2,2,2,2,1,1,1,1,1,1,4,2,2,3,4,4,1,2,3,2,4,1,2,2,3,2,1,1,2,2,1,1,2,3,1,2,1,4,4,1,2,4,2,1,1,2,1,3,3,4,2,2,1,2,4,1,2,2,1,2,1,2,3,1,3,2,3,4,2,1,3,2,3,2,1,2,2,4,4,1,1,4,3,3,2,4,2,4,1,2,3,3,1,3,2,1,3,1,1,2,2,4,2,1,1,1,3,2,4,4,4,1,3,1,4,2,1,3,2,1,1,1,1,4,3,1,1,2,2,3,4,3,2,4,2,1,1,1,1,3,1,1,2,1,1,4,2,4,2,1,3,3,1,2,1,2,1,4,4,2,4,1,4,1,2,2,1,4,1,2,3,2,4,1,2,3,2,1,4,2,2,3,2,3,1,2,1,2,3,2,2,2,3,2,4,1,4,2,3,2,2,2,3,2,4,3,1,1,2,1,1,1,2,1,2,3,2,1,1,1,1,2,1,2,3,2,4,1,1,4,4,3,2,4,3,1,3,2,1,2,3,3,3,3,4,3,1,1,1,3,1,2,1,4,4,3,2,4,3,4,4,1,2,1,2,4,4,3,2,1,3,1,4,3,3,1,3,2,2,2,1,4,1,4,1,4,1,1,4,1,1,3,2,4,2,4,2,3,2,2,3,4,4,3,2,2,4,1,2,1,3,3,1,1,4,1,1,2,3,4,4,3,1,1,2,2,4,1,1,4,2,3,4,3,4,3,2,1,3,2,2,2,1,1,3,2,2,3,2,1,2,3,4,3,1,3,4,2,4,3,4,1,3,1,1,2,4,2,2,4,4,3,1,4,2,3,1,4,1,2,3,3,1,4,2,1,3,2,3,1,1,2,1,1,2,1,3,3,2,4,2,2,2,3,2,3,3,2,2,2,2,4,1,1,1,1,2,1,2,1,4,2,2,2,1,1,1,2,4,1,4,2,2,3,4,1,1,1,4,4,2,2,3,3,3,3,1,2,1,2,4,4,2,2,3,2,1,1,1,1,2,3,1,2,3,4,3,4,1,1,3,1,4,4,3,2,1,4,1,2,2,1,2,1,4,1,3,1,1,4,4,1,4,4,1,1,1,3,1,2,1,1,1,1,2,1,3,2,4,4,1,2,4,2,1,1,4,2,4,4,3,3,2,1,2,3,2,1,1,1,2,3,3,4,2,1,4,2,3,2,2,4,4,1,1,2,3,1,2,3,4,2,1,2,1,2,1,4,2,2,3,3,1,4,2,1,2,3,1,1,4,1,3,3,1,2,4,1,4,1,2,1,1,1,2,2,3,3,1,1,4,2,2,4,2,1,1,2,2,1,2,4,3,2,3,3,4,4,1,4,4,3,2,4,3,1,1,3,2,4,2,2,1,1,4,4,2,1,1,3,3,3,3,1,3,2,2,2,2,1,1,3,2,4,4,1,2,3,1,3,1,1,3,1,4,1,1,2,1,3,1,2,2,4,1,1,4,1,4,4,2,1,1,2,3,1,1,1,1,2,3,4,3,2,3,3,1,2,4,2,3,1,2,2,2,4,3,2,2,2,4,1,1,1,2,4,2,1,4,2,1,1,1,2,1,2,1,2,3,3,3,2,4,3,3,1,1,4,2,3,1,4,4,4,3,2,4,3,2,1,3,4,1,2,2,1,2,3,3,1,4,3,3,2,2,1,1,2,3,3,4,4,2,1,1,3,1,1,3,2,3,4,1,3,1,4,2,4,1,1,1,1,4,1,3,1,1,3,1,4,2,2,1,2,2,4,1,2,4,3,1,3,2,1,2,2,3,3,2,1,2,4,1,4,2,1,1,4,1,1,4,4,2,4,2,4,3,2,2,4,3,2,3,1,2,4,3,4,1,3,1,2,4,4,2,2,2,1,2,2,1,4,2,1,2,1,4,2,1,2,4,1,2,1,2,1,1,4,2,1,2,1,2,4,4,3,4,1,2,1,1,2,2,2,2,2,4,4,3,3,2,4,2,3,4,3,2,2,2,3,2,1,3,2,1,1,1,3,1,3,2,3,1,4,3,4,1,1,3,1,3,2,1,3,1,1,2"
15,0.9882627241940299,0.5,2136.0,"4,2,1,1,2,2,3,1,2,1,4,4,4,1,2,2,4,1,1,2,1,2,4,1,3,1,2,2,4,1,1,2,3,3,1,2,4,1,2,4,1,2,2,2,2,2,3,2,1,2,4,4,3,2,1,4,2,2,1,4,4,4,3,1,3,3,3,2,3,2,1,2,2,3,4,2,3,3,3,1,2,1,4,1,2,3,1,2,1,2,1,2,2,2,3,4,1,1,3,1,2,2,3,2,2,4,1,4,2,1,1,1,3,3,1,2,3,4,4,1,3,2,2,3,2,2,3,2,4,1,2,2,1,1,1,2,3,4,2,2,4,3,2,3,4,4,2,1,1,1,1,1,1,3,3,4,2,2,2,1,4,1,1,3,1,3,3,1,1,4,1,2,2,2,1,3,3,1,4,1,3,2,3,2,3,2,1,2,4,1,4,2,3,3,3,3,2,3,1,4,1,4,1,3,4,4,1,3,2,2,2,1,2,1,3,2,2,1,2,1,4,4,3,2,3,1,3,2,4,3,3,2,2,1,1,3,1,3,3,2,2,1,2,3,2,2,3,2,3,3,3,4,1,1,3,1,1,1,4,2,3,4,1,1,2,1,3,2,1,3,4,2,4,1,3,2,4,1,1,4,4,1,1,4,2,2,2,4,2,4,1,1,1,4,1,4,2,1,2,3,2,2,1,2,3,2,4,1,1,1,1,1,1,1,2,3,1,4,2,2,4,2,1,3,2,1,1,3,2,2,3,3,2,3,1,4,1,4,2,1,1,2,3,1,4,2,2,3,3,2,4,2,4,2,3,1,1,2,4,3,4,3,1,2,3,3,4,4,1,3,2,1,2,3,2,3,3,2,1,3,2,4,2,3,3,2,1,1,2,1,1,4,3,3,1,2,3,1,2,2,1,1,2,2,4,1,2,3,4,3,3,2,2,1,1,4,3,2,1,4,3,1,3,3,3,2,1,2,4,3,3,1,1,2,3,1,3,3,2,4,1,2,2,1,3,3,2,1,2,4,2,4,1,3,1,1,1,4,2,1,4,3,3,2,2,1,2,1,4,4,2,2,2,1,1,1,1,4,1,3,1,2,2,3,1,3,4,1,4,1,4,1,1,1,1,2,3,1,1,2,4,2,4,4,2,1,3,1,1,3,3,1,3,1,4,2,4,3,3,1,4,2,4,4,4,2,1,3,1,3,3,3,1,1,2,4,4,1,3,3,2,2,2,3,1,4,1,3,2,1,3,3,4,2,3,3,2,1,2,2,3,4,3,2,1,2,3,1,2,1,4,2,1,4,2,1,4,3,2,1,2,3,1,3,1,2,1,1,1,1,2,1,3,1,1,4,1,3,3,2,2,4,3,4,4,2,4,4,2,1,4,4,4,3,1,2,4,3,3,2,1,3,2,1,4,4,2,2,1,1,3,4,4,2,2,1,4,1,2,3,2,1,3,4,4,3,4,4,1,1,2,3,1,1,1,1,2,2,1,3,1,3,1,4,2,1,1,4,2,4,3,2,1,4,2,3,1,3,2,2,2,1,1,2,2,4,2,2,2,2,2,1,2,3,2,3,1,1,3,4,2,2,2,4,3,3,1,2,2,3,2,3,3,1,2,2,4,4,1,4,4,1,2,4,1,3,3,3,2,3,3,1,1,2,4,3,3,4,2,4,1,2,4,1,4,3,1,1,1,4,4,1,2,2,2,2,2,1,1,1,1,1,1,4,2,2,3,4,4,1,2,3,2,4,1,2,2,3,2,1,1,2,2,1,1,2,3,1,2,1,4,4,1,2,4,2,1,1,2,1,3,3,4,2,2,1,2,4,1,2,2,1,2,1,2,3,1,3,2,3,4,2,1,3,2,3,2,1,2,2,4,4,1,1,4,3,3,2,4,2,4,1,2,3,3,1,3,2,1,3,1,1,2,2,4,2,1,1,1,3,2,4,4,4,1,3,1,4,2,1,3,2,1,1,1,1,4,3,1,1,2,2,3,4,3,2,4,2,1,1,1,1,3,1,1,2,1,1,4,2,4,2,1,3,3,1,2,1,2,1,4,4,2,4,1,4,1,2,2,1,4,1,2,3,2,4,1,2,3,2,1,4,2,2,3,2,3,1,2,1,2,3,2,2,2,3,2,4,1,4,2,3,2,2,2,3,2,4,3,1,1,2,1,1,1,2,1,2,3,2,1,1,1,1,2,1,2,3,2,4,1,1,4,4,3,2,4,3,1,3,2,1,2,3,3,3,3,4,3,1,1,1,3,1,2,1,4,4,3,2,4,3,4,4,1,2,1,2,4,4,3,2,1,3,1,4,3,3,1,3,2,2,2,1,4,1,4,1,4,1,1,4,1,1,3,2,4,2,4,2,3,2,2,3,4,4,3,2,2,4,1,2,1,3,3,1,1,4,1,1,2,3,4,4,3,1,1,2,2,4,1,1,4,2,3,4,3,4,3,2,1,3,2,2,2,1,1,3,2,2,3,2,1,2,3,4,3,1,3,4,2,4,3,4,1,3,1,1,2,4,2,2,4,4,3,1,4,2,3,1,4,1,2,3,3,1,4,2,1,3,2,3,1,1,2,1,1,2,1,3,3,2,4,2,2,2,3,2,3,3,2,2,2,2,4,1,1,1,1,2,1,2,1,4,2,2,2,1,1,1,2,4,1,4,2,2,3,4,1,1,1,4,4,2,2,3,3,3,3,1,2,1,2,4,4,2,2,3,2,1,1,1,1,2,3,1,2,3,4,3,4,1,1,3,1,4,4,3,2,1,4,1,2,2,1,2,1,4,1,3,1,1,4,4,1,4,4,1,1,1,3,1,2,1,1,1,1,2,1,3,2,4,4,1,2,4,2,1,1,4,2,4,4,3,3,2,1,2,3,2,1,1,1,2,3,3,4,2,1,4,2,3,2,2,4,4,1,1,2,3,1,2,3,4,2,1,2,1,2,1,4,2,2,3,3,1,4,2,1,2,3,1,1,4,1,3,3,1,2,4,1,4,1,2,1,1,1,2,2,3,3,1,1,4,2,2,4,2,1,1,2,2,1,2,4,3,2,3,3,4,4,1,4,4,3,2,4,3,1,1,3,2,4,2,2,1,1,4,4,2,1,1,3,3,3,3,1,3,2,2,2,2,1,1,3,2,4,4,1,2,3,1,3,1,1,3,1,4,1,1,2,1,3,1,2,2,4,1,1,4,1,4,4,2,1,1,2,3,1,1,1,1,2,3,4,3,2,3,3,1,2,4,2,3,1,2,2,2,4,3,2,2,2,4,1,1,1,2,4,2,1,4,2,1,1,1,2,1,2,1,2,3,3,3,2,4,3,3,1,1,4,2,3,1,4,4,4,3,2,4,3,2,1,3,4,1,2,2,1,2,3,3,1,4,3,3,2,2,1,1,2,3,3,4,4,2,1,1,3,1,1,3,2,3,4,1,3,1,4,2,4,1,1,1,1,4,1,3,1,1,3,1,4,2,2,1,2,2,4,1,2,4,3,1,3,2,1,2,2,3,3,2,1,2,4,1,4,2,1,1,4,1,1,4,4,2,4,2,4,3,2,2,4,3,2,3,1,2,4,3,4,1,3,1,2,4,4,2,2,2,1,2,2,1,4,2,1,2,1,4,2,1,2,4,1,2,1,2,1,1,4,2,1,2,1,2,4,4,3,4,1,2,1,1,2,2,2,2,2,4,4,3,3,2,4,2,3,4,3,2,2,2,3,2,1,3,2,1,1,1,3,1,3,2,3,1,4,3,4,1,1,3,1,3,2,1,3,1,1,2"
16,0.9882627241940299,0.5,2136.0,"4,2,1,1,2,2,3,1,2,1,4,4,4,1,2,2,4,1,1,2,1,2,4,1,3,1,2,2,4,1,1,2,3,3,1,2,4,1,2,4,1,2,2,2,2,2,3,2,1,2,4,4,3,2,1,4,2,2,1,4,4,4,3,1,3,3,3,2,3,2,1,2,2,3,4,2,3,3,3,1,2,1,4,1,2,3,1,2,1,2,1,2,2,2,3,4,1,1,3,1,2,2,3,2,2,4,1,4,2,1,1,1,3,3,1,2,3,4,4,1,3,2,2,3,2,2,3,2,4,1,2,2,1,1,1,2,3,4,2,2,4,3,2,3,4,4,2,1,1,1,1,1,1,3,3,4,2,2,2,1,4,1,1,3,1,3,3,1,1,4,1,2,2,2,1,3,3,1,4,1,3,2,3,2,3,2,1,2,4,1,4,2,3,3,3,3,2,3,1,4,1,4,1,3,4,4,1,3,2,2,2,1,2,1,3,2,2,1,2,1,4,4,3,2,3,1,3,2,4,3,3,2,2,1,1,3,1,3,3,2,2,1,2,3,2,2,3,2,3,3,3,4,1,1,3,1,1,1,4,2,3,4,1,1,2,1,3,2,1,3,4,2,4,1,3,2,4,1,1,4,4,1,1,4,2,2,2,4,2,4,1,1,1,4,1,4,2,1,2,3,2,2,1,2,3,2,4,1,1,1,1,1,1,1,2,3,1,4,2,2,4,2,1,3,2,1,1,3,2,2,3,3,2,3,1,4,1,4,2,1,1,2,3,1,4,2,2,3,3,2,4,2,4,2,3,1,1,2,4,3,4,3,1,2,3,3,4,4,1,3,2,1,2,3,2,3,3,2,1,3,2,4,2,3,3,2,1,1,2,1,1,4,3,3,1,2,3,1,2,2,1,1,2,2,4,1,2,3,4,3,3,2,2,1,1,4,3,2,1,4,3,1,3,3,3,2,1,2,4,3,3,1,1,2,3,1,3,3,2,4,1,2,2,1,3,3,2,1,2,4,2,4,1,3,1,1,1,4,2,1,4,3,3,2,2,1,2,1,4,4,2,2,2,1,1,1,1,4,1,3,1,2,2,3,1,3,4,1,4,1,4,1,1,1,1,2,3,1,1,2,4,2,4,4,2,1,3,1,1,3,3,1,3,1,4,2,4,3,3,1,4,2,4,4,4,2,1,3,1,3,3,3,1,1,2,4,4,1,3,3,2,2,2,3,1,4,1,3,2,1,3,3,4,2,3,3,2,1,2,2,3,4,3,2,1,2,3,1,2,1,4,2,1,4,2,1,4,3,2,1,2,3,1,3,1,2,1,1,1,1,2,1,3,1,1,4,1,3,3,2,2,4,3,4,4,2,4,4,2,1,4,4,4,3,1,2,4,3,3,2,1,3,2,1,4,4,2,2,1,1,3,4,4,2,2,1,4,1,2,3,2,1,3,4,4,3,4,4,1,1,2,3,1,1,1,1,2,2,1,3,1,3,1,4,2,1,1,4,2,4,3,2,1,4,2,3,1,3,2,2,2,1,1,2,2,4,2,2,2,2,2,1,2,3,2,3,1,1,3,4,2,2,2,4,3,3,1,2,2,3,2,3,3,1,2,2,4,4,1,4,4,1,2,4,1,3,3,3,2,3,3,1,1,2,4,3,3,4,2,4,1,2,4,1,4,3,1,1,1,4,4,1,2,2,2,2,2,1,1,1,1,1,1,4,2,2,3,4,4,1,2,3,2,4,1,2,2,3,2,1,1,2,2,1,1,2,3,1,2,1,4,4,1,2,4,2,1,1,2,1,3,3,4,2,2,1,2,4,1,2,2,1,2,1,2,3,1,3,2,3,4,2,1,3,2,3,2,1,2,2,4,4,1,1,4,3,3,2,4,2,4,1,2,3,3,1,3,2,1,3,1,1,2,2,4,2,1,1,1,3,2,4,4,4,1,3,1,4,2,1,3,2,1,1,1,1,4,3,1,1,2,2,3,4,3,2,4,2,1,1,1,1,3,1,1,2,1,1,4,2,4,2,1,3,3,1,2,1,2,1,4,4,2,4,1,4,1,2,2,1,4,1,2,3,2,4,1,2,3,2,1,4,2,2,3,2,3,1,2,1,2,3,2,2,2,3,2,4,1,4,2,3,2,2,2,3,2,4,3,1,1,2,1,1,1,2,1,2,3,2,1,1,1,1,2,1,2,3,2,4,1,1,4,4,3,2,4,3,1,3,2,1,2,3,3,3,3,4,3,1,1,1,3,1,2,1,4,4,3,2,4,3,4,4,1,2,1,2,4,4,3,2,1,3,1,4,3,3,1,3,2,2,2,1,4,1,4,1,4,1,1,4,1,1,3,2,4,2,4,2,3,2,2,3,4,4,3,2,2,4,1,2,1,3,3,1,1,4,1,1,2,3,4,4,3,1,1,2,2,4,1,1,4,2,3,4,3,4,3,2,1,3,2,2,2,1,1,3,2,2,3,2,1,2,3,4,3,1,3,4,2,4,3,4,1,3,1,1,2,4,2,2,4,4,3,1,4,2,3,1,4,1,2,3,3,1,4,2,1,3,2,3,1,1,2,1,1,2,1,3,3,2,4,2,2,2,3,2,3,3,2,2,2,2,4,1,1,1,1,2,1,2,1,4,2,2,2,1,1,1,2,4,1,4,2,2,3,4,1,1,1,4,4,2,2,3,3,3,3,1,2,1,2,4,4,2,2,3,2,1,1,1,1,2,3,1,2,3,4,3,4,1,1,3,1,4,4,3,2,1,4,1,2,2,1,2,1,4,1,3,1,1,4,4,1,4,4,1,1,1,3,1,2,1,1,1,1,2,1,3,2,4,4,1,2,4,2,1,1,4,2,4,4,3,3,2,1,2,3,2,1,1,1,2,3,3,4,2,1,4,2,3,2,2,4,4,1,1,2,3,1,2,3,4,2,1,2,1,2,1,4,2,2,3,3,1,4,2,1,2,3,1,1,4,1,3,3,1,2,4,1,4,1,2,1,1,1,2,2,3,3,1,1,4,2,2,4,2,1,1,2,2,1,2,4,3,2,3,3,4,4,1,4,4,3,2,4,3,1,1,3,2,4,2,2,1,1,4,4,2,1,1,3,3,3,3,1,3,2,2,2,2,1,1,3,2,4,4,1,2,3,1,3,1,1,3,1,4,1,1,2,1,3,1,2,2,4,1,1,4,1,4,4,2,1,1,2,3,1,1,1,1,2,3,4,3,2,3,3,1,2,4,2,3,1,2,2,2,4,3,2,2,2,4,1,1,1,2,4,2,1,4,2,1,1,1,2,1,2,1,2,3,3,3,2,4,3,3,1,1,4,2,3,1,4,4,4,3,2,4,3,2,1,3,4,1,2,2,1,2,3,3,1,4,3,3,2,2,1,1,2,3,3,4,4,2,1,1,3,1,1,3,2,3,4,1,3,1,4,2,4,1,1,1,1,4,1,3,1,1,3,1,4,2,2,1,2,2,4,1,2,4,3,1,3,2,1,2,2,3,3,2,1,2,4,1,4,2,1,1,4,1,1,4,4,2,4,2,4,3,2,2,4,3,2,3,1,2,4,3,4,1,3,1,2,4,4,2,2,2,1,2,2,1,4,2,1,2,1,4,2,1,2,4,1,2,1,2,1,1,4,2,1,2,1,2,4,4,3,4,1,2,1,1,2,2,2,2,2,4,4,3,3,2,4,2,3,4,3,2,2,2,3,2,1,3,2,1,1,1,3,1,3,2,3,1,4,3,4,1,1,3,1,3,2,1,3,1,1,2"
17,0.9882627241940299,0.5,2136.0,"4,2,1,1,2,2,3,1,2,1,4,4,4,1,2,2,4,1,1,2,1,2,4,1,3,1,2,2,4,1,1,2,3,3,1,2,4,1,2,4,1,2,2,2,2,2,3,2,1,2,4,4,3,2,1,4,2,2,1,4,4,4,3,1,3,3,3,2,3,2,1,2,2,3,4,2,3,3,3,1,2,1,4,1,2,3,1,2,1,2,1,2,2,2,3,4,1,1,3,1,2,2,3,2,2,4,1,4,2,1,1,1,3,3,1,2,3,4,4,1,3,2,2,3,2,2,3,2,4,1,2,2,1,1,1,2,3,4,2,2,4,3,2,3,4,4,2,1,1,1,1,1,1,3,3,4,2,2,2,1,4,1,1,3,1,3,3,1,1,4,1,2,2,2,1,3,3,1,4,1,3,2,3,2,3,2,1,2,4,1,4,2,3,3,3,3,2,3,1,4,1,4,1,3,4,4,1,3,2,2,2,1,2,1,3,2,2,1,2,1,4,4,3,2,3,1,3,2,4,3,3,2,2,1,1,3,1,3,3,2,2,1,2,3,2,2,3,2,3,3,3,4,1,1,3,1,1,1,4,2,3,4,1,1,2,1,3,2,1,3,4,2,4,1,3,2,4,1,1,4,4,1,1,4,2,2,2,4,2,4,1,1,1,4,1,4,2,1,2,3,2,2,1,2,3,2,4,1,1,1,1,1,1,1,2,3,1,4,2,2,4,2,1,3,2,1,1,3,2,2,3,3,2,3,1,4,1,4,2,1,1,2,3,1,4,2,2,3,3,2,4,2,4,2,3,1,1,2,4,3,4,3,1,2,3,3,4,4,1,3,2,1,2,3,2,3,3,2,1,3,2,4,2,3,3,2,1,1,2,1,1,4,3,3,1,2,3,1,2,2,1,1,2,2,4,1,2,3,4,3,3,2,2,1,1,4,3,2,1,4,3,1,3,3,3,2,1,2,4,3,3,1,1,2,3,1,3,3,2,4,1,2,2,1,3,3,2,1,2,4,2,4,1,3,1,1,1,4,2,1,4,3,3,2,2,1,2,1,4,4,2,2,2,1,1,1,1,4,1,3,1,2,2,3,1,3,4,1,4,1,4,1,1,1,1,2,3,1,1,2,4,2,4,4,2,1,3,1,1,3,3,1,3,1,4,2,4,3,3,1,4,2,4,4,4,2,1,3,1,3,3,3,1,1,2,4,4,1,3,3,2,2,2,3,1,4,1,3,2,1,3,3,4,2,3,3,2,1,2,2,3,4,3,2,1,2,3,1,2,1,4,2,1,4,2,1,4,3,2,1,2,3,1,3,1,2,1,1,1,1,2,1,3,1,1,4,1,3,3,2,2,4,3,4,4,2,4,4,2,1,4,4,4,3,1,2,4,3,3,2,1,3,2,1,4,4,2,2,1,1,3,4,4,2,2,1,4,1,2,3,2,1,3,4,4,3,4,4,1,1,2,3,1,1,1,1,2,2,1,3,1,3,1,4,2,1,1,4,2,4,3,2,1,4,2,3,1,3,2,2,2,1,1,2,2,4,2,2,2,2,2,1,2,3,2,3,1,1,3,4,2,2,2,4,3,3,1,2,2,3,2,3,3,1,2,2,4,4,1,4,4,1,2,4,1,3,3,3,2,3,3,1,1,2,4,3,3,4,2,4,1,2,4,1,4,3,1,1,1,4,4,1,2,2,2,2,2,1,1,1,1,1,1,4,2,2,3,4,4,1,2,3,2,4,1,2,2,3,2,1,1,2,2,1,1,2,3,1,2,1,4,4,1,2,4,2,1,1,2,1,3,3,4,2,2,1,2,4,1,2,2,1,2,1,2,3,1,3,2,3,4,2,1,3,2,3,2,1,2,2,4,4,1,1,4,3,3,2,4,2,4,1,2,3,3,1,3,2,1,3,1,1,2,2,4,2,1,1,1,3,2,4,4,4,1,3,1,4,2,1,3,2,1,1,1,1,4,3,1,1,2,2,3,4,3,2,4,2,1,1,1,1,3,1,1,2,1,1,4,2,4,2,1,3,3,1,2,1,2,1,4,4,2,4,1,4,1,2,2,1,4,1,2,3,2,4,1,2,3,2,1,4,2,2,3,2,3,1,2,1,2,3,2,2,2,3,2,4,1,4,2,3,2,2,2,3,2,4,3,1,1,2,1,1,1,2,1,2,3,2,1,1,1,1,2,1,2,3,2,4,1,1,4,4,3,2,4,3,1,3,2,1,2,3,3,3,3,4,3,1,1,1,3,1,2,1,4,4,3,2,4,3,4,4,1,2,1,2,4,4,3,2,1,3,1,4,3,3,1,3,2,2,2,1,4,1,4,1,4,1,1,4,1,1,3,2,4,2,4,2,3,2,2,3,4,4,3,2,2,4,1,2,1,3,3,1,1,4,1,1,2,3,4,4,3,1,1,2,2,4,1,1,4,2,3,4,3,4,3,2,1,3,2,2,2,1,1,3,2,2,3,2,1,2,3,4,3,1,3,4,2,4,3,4,1,3,1,1,2,4,2,2,4,4,3,1,4,2,3,1,4,1,2,3,3,1,4,2,1,3,2,3,1,1,2,1,1,2,1,3,3,2,4,2,2,2,3,2,3,3,2,2,2,2,4,1,1,1,1,2,1,2,1,4,2,2,2,1,1,1,2,4,1,4,2,2,3,4,1,1,1,4,4,2,2,3,3,3,3,1,2,1,2,4,4,2,2,3,2,1,1,1,1,2,3,1,2,3,4,3,4,1,1,3,1,4,4,3,2,1,4,1,2,2,1,2,1,4,1,3,1,1,4,4,1,4,4,1,1,1,3,1,2,1,1,1,1,2,1,3,2,4,4,1,2,4,2,1,1,4,2,4,4,3,3,2,1,2,3,2,1,1,1,2,3,3,4,2,1,4,2,3,2,2,4,4,1,1,2,3,1,2,3,4,2,1,2,1,2,1,4,2,2,3,3,1,4,2,1,2,3,1,1,4,1,3,3,1,2,4,1,4,1,2,1,1,1,2,2,3,3,1,1,4,2,2,4,2,1,1,2,2,1,2,4,3,2,3,3,4,4,1,4,4,3,2,4,3,1,1,3,2,4,2,2,1,1,4,4,2,1,1,3,3,3,3,1,3,2,2,2,2,1,1,3,2,4,4,1,2,3,1,3,1,1,3,1,4,1,1,2,1,3,1,2,2,4,1,1,4,1,4,4,2,1,1,2,3,1,1,1,1,2,3,4,3,2,3,3,1,2,4,2,3,1,2,2,2,4,3,2,2,2,4,1,1,1,2,4,2,1,4,2,1,1,1,2,1,2,1,2,3,3,3,2,4,3,3,1,1,4,2,3,1,4,4,4,3,2,4,3,2,1,3,4,1,2,2,1,2,3,3,1,4,3,3,2,2,1,1,2,3,3,4,4,2,1,1,3,1,1,3,2,3,4,1,3,1,4,2,4,1,1,1,1,4,1,3,1,1,3,1,4,2,2,1,2,2,4,1,2,4,3,1,3,2,1,2,2,3,3,2,1,2,4,1,4,2,1,1,4,1,1,4,4,2,4,2,4,3,2,2,4,3,2,3,1,2,4,3,4,1,3,1,2,4,4,2,2,2,1,2,2,1,4,2,1,2,1,4,2,1,2,4,1,2,1,2,1,1,4,2,1,2,1,2,4,4,3,4,1,2,1,1,2,2,2,2,2,4,4,3,3,2,4,2,3,4,3,2,2,2,3,2,1,3,2,1,1,1,3,1,3,2,3,1,4,3,4,1,1,3,1,3,2,1,3,1,1,2"
18,0.9882627241940299,0.5,2136.0,"4,2,1,1,2,2,3,1,2,1,4,4,4,1,2,2,4,1,1,2,1,2,4,1,3,1,2,2,4,1,1,2,3,3,1,2,4,1,2,4,1,2,2,2,2,2,3,2,1,2,4,4,3,2,1,4,2,2,1,4,4,4,3,1,3,3,3,2,3,2,1,2,2,3,4,2,3,3,3,1,2,1,4,1,2,3,1,2,1,2,1,2,2,2,3,4,1,1,3,1,2,2,3,2,2,4,1,4,2,1,1,1,3,3,1,2,3,4,4,1,3,2,2,3,2,2,3,2,4,1,2,2,1,1,1,2,3,4,2,2,4,3,2,3,4,4,2,1,1,1,1,1,1,3,3,4,2,2,2,1,4,1,1,3,1,3,3,1,1,4,1,2,2,2,1,3,3,1,4,1,3,2,3,2,3,2,1,2,4,1,4,2,3,3,3,3,2,3,1,4,1,4,1,3,4,4,1,3,2,2,2,1,2,1,3,2,2,1,2,1,4,4,3,2,3,1,3,2,4,3,3,2,2,1,1,3,1,3,3,2,2,1,2,3,2,2,3,2,3,3,3,4,1,1,3,1,1,1,4,2,3,4,1,1,2,1,3,2,1,3,4,2,4,1,3,2,4,1,1,4,4,1,1,4,2,2,2,4,2,4,1,1,1,4,1,4,2,1,2,3,2,2,1,2,3,2,4,1,1,1,1,1,1,1,2,3,1,4,2,2,4,2,1,3,2,1,1,3,2,2,3,3,2,3,1,4,1,4,2,1,1,2,3,1,4,2,2,3,3,2,4,2,4,2,3,1,1,2,4,3,4,3,1,2,3,3,4,4,1,3,2,1,2,3,2,3,3,2,1,3,2,4,2,3,3,2,1,1,2,1,1,4,3,3,1,2,3,1,2,2,1,1,2,2,4,1,2,3,4,3,3,2,2,1,1,4,3,2,1,4,3,1,3,3,3,2,1,2,4,3,3,1,1,2,3,1,3,3,2,4,1,2,2,1,3,3,2,1,2,4,2,4,1,3,1,1,1,4,2,1,4,3,3,2,2,1,2,1,4,4,2,2,2,1,1,1,1,4,1,3,1,2,2,3,1,3,4,1,4,1,4,1,1,1,1,2,3,1,1,2,4,2,4,4,2,1,3,1,1,3,3,1,3,1,4,2,4,3,3,1,4,2,4,4,4,2,1,3,1,3,3,3,1,1,2,4,4,1,3,3,2,2,2,3,1,4,1,3,2,1,3,3,4,2,3,3,2,1,2,2,3,4,3,2,1,2,3,1,2,1,4,2,1,4,2,1,4,3,2,1,2,3,1,3,1,2,1,1,1,1,2,1,3,1,1,4,1,3,3,2,2,4,3,4,4,2,4,4,2,1,4,4,4,3,1,2,4,3,3,2,1,3,2,1,4,4,2,2,1,1,3,4,4,2,2,1,4,1,2,3,2,1,3,4,4,3,4,4,1,1,2,3,1,1,1,1,2,2,1,3,1,3,1,4,2,1,1,4,2,4,3,2,1,4,2,3,1,3,2,2,2,1,1,2,2,4,2,2,2,2,2,1,2,3,2,3,1,1,3,4,2,2,2,4,3,3,1,2,2,3,2,3,3,1,2,2,4,4,1,4,4,1,2,4,1,3,3,3,2,3,3,1,1,2,4,3,3,4,2,4,1,2,4,1,4,3,1,1,1,4,4,1,2,2,2,2,2,1,1,1,1,1,1,4,2,2,3,4,4,1,2,3,2,4,1,2,2,3,2,1,1,2,2,1,1,2,3,1,2,1,4,4,1,2,4,2,1,1,2,1,3,3,4,2,2,1,2,4,1,2,2,1,2,1,2,3,1,3,2,3,4,2,1,3,2,3,2,1,2,2,4,4,1,1,4,3,3,2,4,2,4,1,2,3,3,1,3,2,1,3,1,1,2,2,4,2,1,1,1,3,2,4,4,4,1,3,1,4,2,1,3,2,1,1,1,1,4,3,1,1,2,2,3,4,3,2,4,2,1,1,1,1,3,1,1,2,1,1,4,2,4,2,1,3,3,1,2,1,2,1,4,4,2,4,1,4,1,2,2,1,4,1,2,3,2,4,1,2,3,2,1,4,2,2,3,2,3,1,2,1,2,3,2,2,2,3,2,4,1,4,2,3,2,2,2,3,2,4,3,1,1,2,1,1,1,2,1,2,3,2,1,1,1,1,2,1,2,3,2,4,1,1,4,4,3,2,4,3,1,3,2,1,2,3,3,3,3,4,3,1,1,1,3,1,2,1,4,4,3,2,4,3,4,4,1,2,1,2,4,4,3,2,1,3,1,4,3,3,1,3,2,2,2,1,4,1,4,1,4,1,1,4,1,1,3,2,4,2,4,2,3,2,2,3,4,4,3,2,2,4,1,2,1,3,3,1,1,4,1,1,2,3,4,4,3,1,1,2,2,4,1,1,4,2,3,4,3,4,3,2,1,3,2,2,2,1,1,3,2,2,3,2,1,2,3,4,3,1,3,4,2,4,3,4,1,3,1,1,2,4,2,2,4,4,3,1,4,2,3,1,4,1,2,3,3,1,4,2,1,3,2,3,1,1,2,1,1,2,1,3,3,2,4,2,2,2,3,2,3,3,2,2,2,2,4,1,1,1,1,2,1,2,1,4,2,2,2,1,1,1,2,4,1,4,2,2,3,4,1,1,1,4,4,2,2,3,3,3,3,1,2,1,2,4,4,2,2,3,2,1,1,1,1,2,3,1,2,3,4,3,4,1,1,3,1,4,4,3,2,1,4,1,2,2,1,2,1,4,1,3,1,1,4,4,1,4,4,1,1,1,3,1,2,1,1,1,1,2,1,3,2,4,4,1,2,4,2,1,1,4,2,4,4,3,3,2,1,2,3,2,1,1,1,2,3,3,4,2,1,4,2,3,2,2,4,4,1,1,2,3,1,2,3,4,2,1,2,1,2,1,4,2,2,3,3,1,4,2,1,2,3,1,1,4,1,3,3,1,2,4,1,4,1,2,1,1,1,2,2,3,3,1,1,4,2,2,4,2,1,1,2,2,1,2,4,3,2,3,3,4,4,1,4,4,3,2,4,3,1,1,3,2,4,2,2,1,1,4,4,2,1,1,3,3,3,3,1,3,2,2,2,2,1,1,3,2,4,4,1,2,3,1,3,1,1,3,1,4,1,1,2,1,3,1,2,2,4,1,1,4,1,4,4,2,1,1,2,3,1,1,1,1,2,3,4,3,2,3,3,1,2,4,2,3,1,2,2,2,4,3,2,2,2,4,1,1,1,2,4,2,1,4,2,1,1,1,2,1,2,1,2,3,3,3,2,4,3,3,1,1,4,2,3,1,4,4,4,3,2,4,3,2,1,3,4,1,2,2,1,2,3,3,1,4,3,3,2,2,1,1,2,3,3,4,4,2,1,1,3,1,1,3,2,3,4,1,3,1,4,2,4,1,1,1,1,4,1,3,1,1,3,1,4,2,2,1,2,2,4,1,2,4,3,1,3,2,1,2,2,3,3,2,1,2,4,1,4,2,1,1,4,1,1,4,4,2,4,2,4,3,2,2,4,3,2,3,1,2,4,3,4,1,3,1,2,4,4,2,2,2,1,2,2,1,4,2,1,2,1,4,2,1,2,4,1,2,1,2,1,1,4,2,1,2,1,2,4,4,3,4,1,2,1,1,2,2,2,2,2,4,4,3,3,2,4,2,3,4,3,2,2,2,3,2,1,3,2,1,1,1,3,1,3,2,3,1,4,3,4,1,1,3,1,3,2,1,3,1,1,2"
19,0.9882627241940299,0.5,2136.0,"4,2,1,1,2,2,3,1,2,1,4,4,4,1,2,2,4,1,1,2,1,2,4,1,3,1,2,2,4,1,1,2,3,3,1,2,4,1,2,4,1,2,2,2,2,2,3,2,1,2,4,4,3,2,1,4,2,2,1,4,4,4,3,1,3,3,3,2,3,2,1,2,2,3,4,2,3,3,3,1,2,1,4,1,2,3,1,2,1,2,1,2,2,2,3,4,1,1,3,1,2,2,3,2,2,4,1,4,2,1,1,1,3,3,1,2,3,4,4,1,3,2,2,3,2,2,3,2,4,1,2,2,1,1,1,2,3,4,2,2,4,3,2,3,4,4,2,1,1,1,1,1,1,3,3,4,2,2,2,1,4,1,1,3,1,3,3,1,1,4,1,2,2,2,1,3,3,1,4,1,3,2,3,2,3,2,1,2,4,1,4,2,3,3,3,3,2,3,1,4,1,4,1,3,4,4,1,3,2,2,2,1,2,1,3,2,2,1,2,1,4,4,3,2,3,1,3,2,4,3,3,2,2,1,1,3,1,3,3,2,2,1,2,3,2,2,3,2,3,3,3,4,1,1,3,1,1,1,4,2,3,4,1,1,2,1,3,2,1,3,4,2,4,1,3,2,4,1,1,4,4,1,1,4,2,2,2,4,2,4,1,1,1,4,1,4,2,1,2,3,2,2,1,2,3,2,4,1,1,1,1,1,1,1,2,3,1,4,2,2,4,2,1,3,2,1,1,3,2,2,3,3,2,3,1,4,1,4,2,1,1,2,3,1,4,2,2,3,3,2,4,2,4,2,3,1,1,2,4,3,4,3,1,2,3,3,4,4,1,3,2,1,2,3,2,3,3,2,1,3,2,4,2,3,3,2,1,1,2,1,1,4,3,3,1,2,3,1,2,2,1,1,2,2,4,1,2,3,4,3,3,2,2,1,1,4,3,2,1,4,3,1,3,3,3,2,1,2,4,3,3,1,1,2,3,1,3,3,2,4,1,2,2,1,3,3,2,1,2,4,2,4,1,3,1,1,1,4,2,1,4,3,3,2,2,1,2,1,4,4,2,2,2,1,1,1,1,4,1,3,1,2,2,3,1,3,4,1,4,1,4,1,1,1,1,2,3,1,1,2,4,2,4,4,2,1,3,1,1,3,3,1,3,1,4,2,4,3,3,1,4,2,4,4,4,2,1,3,1,3,3,3,1,1,2,4,4,1,3,3,2,2,2,3,1,4,1,3,2,1,3,3,4,2,3,3,2,1,2,2,3,4,3,2,1,2,3,1,2,1,4,2,1,4,2,1,4,3,2,1,2,3,1,3,1,2,1,1,1,1,2,1,3,1,1,4,1,3,3,2,2,4,3,4,4,2,4,4,2,1,4,4,4,3,1,2,4,3,3,2,1,3,2,1,4,4,2,2,1,1,3,4,4,2,2,1,4,1,2,3,2,1,3,4,4,3,4,4,1,1,2,3,1,1,1,1,2,2,1,3,1,3,1,4,2,1,1,4,2,4,3,2,1,4,2,3,1,3,2,2,2,1,1,2,2,4,2,2,2,2,2,1,2,3,2,3,1,1,3,4,2,2,2,4,3,3,1,2,2,3,2,3,3,1,2,2,4,4,1,4,4,1,2,4,1,3,3,3,2,3,3,1,1,2,4,3,3,4,2,4,1,2,4,1,4,3,1,1,1,4,4,1,2,2,2,2,2,1,1,1,1,1,1,4,2,2,3,4,4,1,2,3,2,4,1,2,2,3,2,1,1,2,2,1,1,2,3,1,2,1,4,4,1,2,4,2,1,1,2,1,3,3,4,2,2,1,2,4,1,2,2,1,2,1,2,3,1,3,2,3,4,2,1,3,2,3,2,1,2,2,4,4,1,1,4,3,3,2,4,2,4,1,2,3,3,1,3,2,1,3,1,1,2,2,4,2,1,1,1,3,2,4,4,4,1,3,1,4,2,1,3,2,1,1,1,1,4,3,1,1,2,2,3,4,3,2,4,2,1,1,1,1,3,1,1,2,1,1,4,2,4,2,1,3,3,1,2,1,2,1,4,4,2,4,1,4,1,2,2,1,4,1,2,3,2,4,1,2,3,2,1,4,2,2,3,2,3,1,2,1,2,3,2,2,2,3,2,4,1,4,2,3,2,2,2,3,2,4,3,1,1,2,1,1,1,2,1,2,3,2,1,1,1,1,2,1,2,3,2,4,1,1,4,4,3,2,4,3,1,3,2,1,2,3,3,3,3,4,3,1,1,1,3,1,2,1,4,4,3,2,4,3,4,4,1,2,1,2,4,4,3,2,1,3,1,4,3,3,1,3,2,2,2,1,4,1,4,1,4,1,1,4,1,1,3,2,4,2,4,2,3,2,2,3,4,4,3,2,2,4,1,2,1,3,3,1,1,4,1,1,2,3,4,4,3,1,1,2,2,4,1,1,4,2,3,4,3,4,3,2,1,3,2,2,2,1,1,3,2,2,3,2,1,2,3,4,3,1,3,4,2,4,3,4,1,3,1,1,2,4,2,2,4,4,3,1,4,2,3,1,4,1,2,3,3,1,4,2,1,3,2,3,1,1,2,1,1,2,1,3,3,2,4,2,2,2,3,2,3,3,2,2,2,2,4,1,1,1,1,2,1,2,1,4,2,2,2,1,1,1,2,4,1,4,2,2,3,4,1,1,1,4,4,2,2,3,3,3,3,1,2,1,2,4,4,2,2,3,2,1,1,1,1,2,3,1,2,3,4,3,4,1,1,3,1,4,4,3,2,1,4,1,2,2,1,2,1,4,1,3,1,1,4,4,1,4,4,1,1,1,3,1,2,1,1,1,1,2,1,3,2,4,4,1,2,4,2,1,1,4,2,4,4,3,3,2,1,2,3,2,1,1,1,2,3,3,4,2,1,4,2,3,2,2,4,4,1,1,2,3,1,2,3,4,2,1,2,1,2,1,4,2,2,3,3,1,4,2,1,2,3,1,1,4,1,3,3,1,2,4,1,4,1,2,1,1,1,2,2,3,3,1,1,4,2,2,4,2,1,1,2,2,1,2,4,3,2,3,3,4,4,1,4,4,3,2,4,3,1,1,3,2,4,2,2,1,1,4,4,2,1,1,3,3,3,3,1,3,2,2,2,2,1,1,3,2,4,4,1,2,3,1,3,1,1,3,1,4,1,1,2,1,3,1,2,2,4,1,1,4,1,4,4,2,1,1,2,3,1,1,1,1,2,3,4,3,2,3,3,1,2,4,2,3,1,2,2,2,4,3,2,2,2,4,1,1,1,2,4,2,1,4,2,1,1,1,2,1,2,1,2,3,3,3,2,4,3,3,1,1,4,2,3,1,4,4,4,3,2,4,3,2,1,3,4,1,2,2,1,2,3,3,1,4,3,3,2,2,1,1,2,3,3,4,4,2,1,1,3,1,1,3,2,3,4,1,3,1,4,2,4,1,1,1,1,4,1,3,1,1,3,1,4,2,2,1,2,2,4,1,2,4,3,1,3,2,1,2,2,3,3,2,1,2,4,1,4,2,1,1,4,1,1,4,4,2,4,2,4,3,2,2,4,3,2,3,1,2,4,3,4,1,3,1,2,4,4,2,2,2,1,2,2,1,4,2,1,2,1,4,2,1,2,4,1,2,1,2,1,1,4,2,1,2,1,2,4,4,3,4,1,2,1,1,2,2,2,2,2,4,4,3,3,2,4,2,3,4,3,2,2,2,3,2,1,3,2,1,1,1,3,1,3,2,3,1,4,3,4,1,1,3,1,3,2,1,3,1,1,2"
20,0.9882627241940299,0.5,2136.0,"4,2,1,1,2,2,3,1,2,1,4,4,4,1,2,2,4,1,1,2,1,2,4,1,3,1,2,2,4,1,1,2,3,3,1,2,4,1,2,4,1,2,2,2,2,2,3,2,1,2,4,4,3,2,1,4,2,2,1,4,4,4,3,1,3,3,3,2,3,2,1,2,2,3,4,2,3,3,3,1,2,1,4,1,2,3,1,2,1,2,1,2,2,2,3,4,1,1,3,1,2,2,3,2,2,4,1,4,2,1,1,1,3,3,1,2,3,4,4,1,3,2,2,3,2,2,3,2,4,1,2,2,1,1,1,2,3,4,2,2,4,3,2,3,4,4,2,1,1,1,1,1,1,3,3,4,2,2,2,1,4,1,1,3,1,3,3,1,1,4,1,2,2,2,1,3,3,1,4,1,3,2,3,2,3,2,1,2,4,1,4,2,3,3,3,3,2,3,1,4,1,4,1,3,4,4,1,3,2,2,2,1,2,1,3,2,2,1,2,1,4,4,3,2,3,1,3,2,4,3,3,2,2,1,1,3,1,3,3,2,2,1,2,3,2,2,3,2,3,3,3,4,1,1,3,1,1,1,4,2,3,4,1,1,2,1,3,2,1,3,4,2,4,1,3,2,4,1,1,4,4,1,1,4,2,2,2,4,2,4,1,1,1,4,1,4,2,1,2,3,2,2,1,2,3,2,4,1,1,1,1,1,1,1,2,3,1,4,2,2,4,2,1,3,2,1,1,3,2,2,3,3,2,3,1,4,1,4,2,1,1,2,3,1,4,2,2,3,3,2,4,2,4,2,3,1,1,2,4,3,4,3,1,2,3,3,4,4,1,3,2,1,2,3,2,3,3,2,1,3,2,4,2,3,3,2,1,1,2,1,1,4,3,3,1,2,3,1,2,2,1,1,2,2,4,1,2,3,4,3,3,2,2,1,1,4,3,2,1,4,3,1,3,3,3,2,1,2,4,3,3,1,1,2,3,1,3,3,2,4,1,2,2,1,3,3,2,1,2,4,2,4,1,3,1,1,1,4,2,1,4,3,3,2,2,1,2,1,4,4,2,2,2,1,1,1,1,4,1,3,1,2,2,3,1,3,4,1,4,1,4,1,1,1,1,2,3,1,1,2,4,2,4,4,2,1,3,1,1,3,3,1,3,1,4,2,4,3,3,1,4,2,4,4,4,2,1,3,1,3,3,3,1,1,2,4,4,1,3,3,2,2,2,3,1,4,1,3,2,1,3,3,4,2,3,3,2,1,2,2,3,4,3,2,1,2,3,1,2,1,4,2,1,4,2,1,4,3,2,1,2,3,1,3,1,2,1,1,1,1,2,1,3,1,1,4,1,3,3,2,2,4,3,4,4,2,4,4,2,1,4,4,4,3,1,2,4,3,3,2,1,3,2,1,4,4,2,2,1,1,3,4,4,2,2,1,4,1,2,3,2,1,3,4,4,3,4,4,1,1,2,3,1,1,1,1,2,2,1,3,1,3,1,4,2,1,1,4,2,4,3,2,1,4,2,3,1,3,2,2,2,1,1,2,2,4,2,2,2,2,2,1,2,3,2,3,1,1,3,4,2,2,2,4,3,3,1,2,2,3,2,3,3,1,2,2,4,4,1,4,4,1,2,4,1,3,3,3,2,3,3,1,1,2,4,3,3,4,2,4,1,2,4,1,4,3,1,1,1,4,4,1,2,2,2,2,2,1,1,1,1,1,1,4,2,2,3,4,4,1,2,3,2,4,1,2,2,3,2,1,1,2,2,1,1,2,3,1,2,1,4,4,1,2,4,2,1,1,2,1,3,3,4,2,2,1,2,4,1,2,2,1,2,1,2,3,1,3,2,3,4,2,1,3,2,3,2,1,2,2,4,4,1,1,4,3,3,2,4,2,4,1,2,3,3,1,3,2,1,3,1,1,2,2,4,2,1,1,1,3,2,4,4,4,1,3,1,4,2,1,3,2,1,1,1,1,4,3,1,1,2,2,3,4,3,2,4,2,1,1,1,1,3,1,1,2,1,1,4,2,4,2,1,3,3,1,2,1,2,1,4,4,2,4,1,4,1,2,2,1,4,1,2,3,2,4,1,2,3,2,1,4,2,2,3,2,3,1,2,1,2,3,2,2,2,3,2,4,1,4,2,3,2,2,2,3,2,4,3,1,1,2,1,1,1,2,1,2,3,2,1,1,1,1,2,1,2,3,2,4,1,1,4,4,3,2,4,3,1,3,2,1,2,3,3,3,3,4,3,1,1,1,3,1,2,1,4,4,3,2,4,3,4,4,1,2,1,2,4,4,3,2,1,3,1,4,3,3,1,3,2,2,2,1,4,1,4,1,4,1,1,4,1,1,3,2,4,2,4,2,3,2,2,3,4,4,3,2,2,4,1,2,1,3,3,1,1,4,1,1,2,3,4,4,3,1,1,2,2,4,1,1,4,2,3,4,3,4,3,2,1,3,2,2,2,1,1,3,2,2,3,2,1,2,3,4,3,1,3,4,2,4,3,4,1,3,1,1,2,4,2,2,4,4,3,1,4,2,3,1,4,1,2,3,3,1,4,2,1,3,2,3,1,1,2,1,1,2,1,3,3,2,4,2,2,2,3,2,3,3,2,2,2,2,4,1,1,1,1,2,1,2,1,4,2,2,2,1,1,1,2,4,1,4,2,2,3,4,1,1,1,4,4,2,2,3,3,3,3,1,2,1,2,4,4,2,2,3,2,1,1,1,1,2,3,1,2,3,4,3,4,1,1,3,1,4,4,3,2,1,4,1,2,2,1,2,1,4,1,3,1,1,4,4,1,4,4,1,1,1,3,1,2,1,1,1,1,2,1,3,2,4,4,1,2,4,2,1,1,4,2,4,4,3,3,2,1,2,3,2,1,1,1,2,3,3,4,2,1,4,2,3,2,2,4,4,1,1,2,3,1,2,3,4,2,1,2,1,2,1,4,2,2,3,3,1,4,2,1,2,3,1,1,4,1,3,3,1,2,4,1,4,1,2,1,1,1,2,2,3,3,1,1,4,2,2,4,2,1,1,2,2,1,2,4,3,2,3,3,4,4,1,4,4,3,2,4,3,1,1,3,2,4,2,2,1,1,4,4,2,1,1,3,3,3,3,1,3,2,2,2,2,1,1,3,2,4,4,1,2,3,1,3,1,1,3,1,4,1,1,2,1,3,1,2,2,4,1,1,4,1,4,4,2,1,1,2,3,1,1,1,1,2,3,4,3,2,3,3,1,2,4,2,3,1,2,2,2,4,3,2,2,2,4,1,1,1,2,4,2,1,4,2,1,1,1,2,1,2,1,2,3,3,3,2,4,3,3,1,1,4,2,3,1,4,4,4,3,2,4,3,2,1,3,4,1,2,2,1,2,3,3,1,4,3,3,2,2,1,1,2,3,3,4,4,2,1,1,3,1,1,3,2,3,4,1,3,1,4,2,4,1,1,1,1,4,1,3,1,1,3,1,4,2,2,1,2,2,4,1,2,4,3,1,3,2,1,2,2,3,3,2,1,2,4,1,4,2,1,1,4,1,1,4,4,2,4,2,4,3,2,2,4,3,2,3,1,2,4,3,4,1,3,1,2,4,4,2,2,2,1,2,2,1,4,2,1,2,1,4,2,1,2,4,1,2,1,2,1,1,4,2,1,2,1,2,4,4,3,4,1,2,1,1,2,2,2,2,2,4,4,3,3,2,4,2,3,4,3,2,2,2,3,2,1,3,2,1,1,1,3,1,3,2,3,1,4,3,4,1,1,3,1,3,2,1,3,1,1,2"
21,0.9882627241940299,0.5,2136.0,"4,2,1,1,2,2,3,1,2,1,4,4,4,1,2,2,4,1,1,2,1,2,4,1,3,1,2,2,4,1,1,2,3,3,1,2,4,1,2,4,1,2,2,2,2,2,3,2,1,2,4,4,3,2,1,4,2,2,1,4,4,4,3,1,3,3,3,2,3,2,1,2,2,3,4,2,3,3,3,1,2,1,4,1,2,3,1,2,1,2,1,2,2,2,3,4,1,1,3,1,2,2,3,2,2,4,1,4,2,1,1,1,3,3,1,2,3,4,4,1,3,2,2,3,2,2,3,2,4,1,2,2,1,1,1,2,3,4,2,2,4,3,2,3,4,4,2,1,1,1,1,1,1,3,3,4,2,2,2,1,4,1,1,3,1,3,3,1,1,4,1,2,2,2,1,3,3,1,4,1,3,2,3,2,3,2,1,2,4,1,4,2,3,3,3,3,2,3,1,4,1,4,1,3,4,4,1,3,2,2,2,1,2,1,3,2,2,1,2,1,4,4,3,2,3,1,3,2,4,3,3,2,2,1,1,3,1,3,3,2,2,1,2,3,2,2,3,2,3,3,3,4,1,1,3,1,1,1,4,2,3,4,1,1,2,1,3,2,1,3,4,2,4,1,3,2,4,1,1,4,4,1,1,4,2,2,2,4,2,4,1,1,1,4,1,4,2,1,2,3,2,2,1,2,3,2,4,1,1,1,1,1,1,1,2,3,1,4,2,2,4,2,1,3,2,1,1,3,2,2,3,3,2,3,1,4,1,4,2,1,1,2,3,1,4,2,2,3,3,2,4,2,4,2,3,1,1,2,4,3,4,3,1,2,3,3,4,4,1,3,2,1,2,3,2,3,3,2,1,3,2,4,2,3,3,2,1,1,2,1,1,4,3,3,1,2,3,1,2,2,1,1,2,2,4,1,2,3,4,3,3,2,2,1,1,4,3,2,1,4,3,1,3,3,3,2,1,2,4,3,3,1,1,2,3,1,3,3,2,4,1,2,2,1,3,3,2,1,2,4,2,4,1,3,1,1,1,4,2,1,4,3,3,2,2,1,2,1,4,4,2,2,2,1,1,1,1,4,1,3,1,2,2,3,1,3,4,1,4,1,4,1,1,1,1,2,3,1,1,2,4,2,4,4,2,1,3,1,1,3,3,1,3,1,4,2,4,3,3,1,4,2,4,4,4,2,1,3,1,3,3,3,1,1,2,4,4,1,3,3,2,2,2,3,1,4,1,3,2,1,3,3,4,2,3,3,2,1,2,2,3,4,3,2,1,2,3,1,2,1,4,2,1,4,2,1,4,3,2,1,2,3,1,3,1,2,1,1,1,1,2,1,3,1,1,4,1,3,3,2,2,4,3,4,4,2,4,4,2,1,4,4,4,3,1,2,4,3,3,2,1,3,2,1,4,4,2,2,1,1,3,4,4,2,2,1,4,1,2,3,2,1,3,4,4,3,4,4,1,1,2,3,1,1,1,1,2,2,1,3,1,3,1,4,2,1,1,4,2,4,3,2,1,4,2,3,1,3,2,2,2,1,1,2,2,4,2,2,2,2,2,1,2,3,2,3,1,1,3,4,2,2,2,4,3,3,1,2,2,3,2,3,3,1,2,2,4,4,1,4,4,1,2,4,1,3,3,3,2,3,3,1,1,2,4,3,3,4,2,4,1,2,4,1,4,3,1,1,1,4,4,1,2,2,2,2,2,1,1,1,1,1,1,4,2,2,3,4,4,1,2,3,2,4,1,2,2,3,2,1,1,2,2,1,1,2,3,1,2,1,4,4,1,2,4,2,1,1,2,1,3,3,4,2,2,1,2,4,1,2,2,1,2,1,2,3,1,3,2,3,4,2,1,3,2,3,2,1,2,2,4,4,1,1,4,3,3,2,4,2,4,1,2,3,3,1,3,2,1,3,1,1,2,2,4,2,1,1,1,3,2,4,4,4,1,3,1,4,2,1,3,2,1,1,1,1,4,3,1,1,2,2,3,4,3,2,4,2,1,1,1,1,3,1,1,2,1,1,4,2,4,2,1,3,3,1,2,1,2,1,4,4,2,4,1,4,1,2,2,1,4,1,2,3,2,4,1,2,3,2,1,4,2,2,3,2,3,1,2,1,2,3,2,2,2,3,2,4,1,4,2,3,2,2,2,3,2,4,3,1,1,2,1,1,1,2,1,2,3,2,1,1,1,1,2,1,2,3,2,4,1,1,4,4,3,2,4,3,1,3,2,1,2,3,3,3,3,4,3,1,1,1,3,1,2,1,4,4,3,2,4,3,4,4,1,2,1,2,4,4,3,2,1,3,1,4,3,3,1,3,2,2,2,1,4,1,4,1,4,1,1,4,1,1,3,2,4,2,4,2,3,2,2,3,4,4,3,2,2,4,1,2,1,3,3,1,1,4,1,1,2,3,4,4,3,1,1,2,2,4,1,1,4,2,3,4,3,4,3,2,1,3,2,2,2,1,1,3,2,2,3,2,1,2,3,4,3,1,3,4,2,4,3,4,1,3,1,1,2,4,2,2,4,4,3,1,4,2,3,1,4,1,2,3,3,1,4,2,1,3,2,3,1,1,2,1,1,2,1,3,3,2,4,2,2,2,3,2,3,3,2,2,2,2,4,1,1,1,1,2,1,2,1,4,2,2,2,1,1,1,2,4,1,4,2,2,3,4,1,1,1,4,4,2,2,3,3,3,3,1,2,1,2,4,4,2,2,3,2,1,1,1,1,2,3,1,2,3,4,3,4,1,1,3,1,4,4,3,2,1,4,1,2,2,1,2,1,4,1,3,1,1,4,4,1,4,4,1,1,1,3,1,2,1,1,1,1,2,1,3,2,4,4,1,2,4,2,1,1,4,2,4,4,3,3,2,1,2,3,2,1,1,1,2,3,3,4,2,1,4,2,3,2,2,4,4,1,1,2,3,1,2,3,4,2,1,2,1,2,1,4,2,2,3,3,1,4,2,1,2,3,1,1,4,1,3,3,1,2,4,1,4,1,2,1,1,1,2,2,3,3,1,1,4,2,2,4,2,1,1,2,2,1,2,4,3,2,3,3,4,4,1,4,4,3,2,4,3,1,1,3,2,4,2,2,1,1,4,4,2,1,1,3,3,3,3,1,3,2,2,2,2,1,1,3,2,4,4,1,2,3,1,3,1,1,3,1,4,1,1,2,1,3,1,2,2,4,1,1,4,1,4,4,2,1,1,2,3,1,1,1,1,2,3,4,3,2,3,3,1,2,4,2,3,1,2,2,2,4,3,2,2,2,4,1,1,1,2,4,2,1,4,2,1,1,1,2,1,2,1,2,3,3,3,2,4,3,3,1,1,4,2,3,1,4,4,4,3,2,4,3,2,1,3,4,1,2,2,1,2,3,3,1,4,3,3,2,2,1,1,2,3,3,4,4,2,1,1,3,1,1,3,2,3,4,1,3,1,4,2,4,1,1,1,1,4,1,3,1,1,3,1,4,2,2,1,2,2,4,1,2,4,3,1,3,2,1,2,2,3,3,2,1,2,4,1,4,2,1,1,4,1,1,4,4,2,4,2,4,3,2,2,4,3,2,3,1,2,4,3,4,1,3,1,2,4,4,2,2,2,1,2,2,1,4,2,1,2,1,4,2,1,2,4,1,2,1,2,1,1,4,2,1,2,1,2,4,4,3,4,1,2,1,1,2,2,2,2,2,4,4,3,3,2,4,2,3,4,3,2,2,2,3,2,1,3,2,1,1,1,3,1,3,2,3,1,4,3,4,1,1,3,1,3,2,1,3,1,1,2"
22,0.9882627241940299,0.5,2136.0,"4,2,1,1,2,2,3,1,2,1,4,4,4,1,2,2,4,1,1,2,1,2,4,1,3,1,2,2,4,1,1,2,3,3,1,2,4,1,2,4,1,2,2,2,2,2,3,2,1,2,4,4,3,2,1,4,2,2,1,4,4,4,3,1,3,3,3,2,3,2,1,2,2,3,4,2,3,3,3,1,2,1,4,1,2,3,1,2,1,2,1,2,2,2,3,4,1,1,3,1,2,2,3,2,2,4,1,4,2,1,1,1,3,3,1,2,3,4,4,1,3,2,2,3,2,2,3,2,4,1,2,2,1,1,1,2,3,4,2,2,4,3,2,3,4,4,2,1,1,1,1,1,1,3,3,4,2,2,2,1,4,1,1,3,1,3,3,1,1,4,1,2,2,2,1,3,3,1,4,1,3,2,3,2,3,2,1,2,4,1,4,2,3,3,3,3,2,3,1,4,1,4,1,3,4,4,1,3,2,2,2,1,2,1,3,2,2,1,2,1,4,4,3,2,3,1,3,2,4,3,3,2,2,1,1,3,1,3,3,2,2,1,2,3,2,2,3,2,3,3,3,4,1,1,3,1,1,1,4,2,3,4,1,1,2,1,3,2,1,3,4,2,4,1,3,2,4,1,1,4,4,1,1,4,2,2,2,4,2,4,1,1,1,4,1,4,2,1,2,3,2,2,1,2,3,2,4,1,1,1,1,1,1,1,2,3,1,4,2,2,4,2,1,3,2,1,1,3,2,2,3,3,2,3,1,4,1,4,2,1,1,2,3,1,4,2,2,3,3,2,4,2,4,2,3,1,1,2,4,3,4,3,1,2,3,3,4,4,1,3,2,1,2,3,2,3,3,2,1,3,2,4,2,3,3,2,1,1,2,1,1,4,3,3,1,2,3,1,2,2,1,1,2,2,4,1,2,3,4,3,3,2,2,1,1,4,3,2,1,4,3,1,3,3,3,2,1,2,4,3,3,1,1,2,3,1,3,3,2,4,1,2,2,1,3,3,2,1,2,4,2,4,1,3,1,1,1,4,2,1,4,3,3,2,2,1,2,1,4,4,2,2,2,1,1,1,1,4,1,3,1,2,2,3,1,3,4,1,4,1,4,1,1,1,1,2,3,1,1,2,4,2,4,4,2,1,3,1,1,3,3,1,3,1,4,2,4,3,3,1,4,2,4,4,4,2,1,3,1,3,3,3,1,1,2,4,4,1,3,3,2,2,2,3,1,4,1,3,2,1,3,3,4,2,3,3,2,1,2,2,3,4,3,2,1,2,3,1,2,1,4,2,1,4,2,1,4,3,2,1,2,3,1,3,1,2,1,1,1,1,2,1,3,1,1,4,1,3,3,2,2,4,3,4,4,2,4,4,2,1,4,4,4,3,1,2,4,3,3,2,1,3,2,1,4,4,2,2,1,1,3,4,4,2,2,1,4,1,2,3,2,1,3,4,4,3,4,4,1,1,2,3,1,1,1,1,2,2,1,3,1,3,1,4,2,1,1,4,2,4,3,2,1,4,2,3,1,3,2,2,2,1,1,2,2,4,2,2,2,2,2,1,2,3,2,3,1,1,3,4,2,2,2,4,3,3,1,2,2,3,2,3,3,1,2,2,4,4,1,4,4,1,2,4,1,3,3,3,2,3,3,1,1,2,4,3,3,4,2,4,1,2,4,1,4,3,1,1,1,4,4,1,2,2,2,2,2,1,1,1,1,1,1,4,2,2,3,4,4,1,2,3,2,4,1,2,2,3,2,1,1,2,2,1,1,2,3,1,2,1,4,4,1,2,4,2,1,1,2,1,3,3,4,2,2,1,2,4,1,2,2,1,2,1,2,3,1,3,2,3,4,2,1,3,2,3,2,1,2,2,4,4,1,1,4,3,3,2,4,2,4,1,2,3,3,1,3,2,1,3,1,1,2,2,4,2,1,1,1,3,2,4,4,4,1,3,1,4,2,1,3,2,1,1,1,1,4,3,1,1,2,2,3,4,3,2,4,2,1,1,1,1,3,1,1,2,1,1,4,2,4,2,1,3,3,1,2,1,2,1,4,4,2,4,1,4,1,2,2,1,4,1,2,3,2,4,1,2,3,2,1,4,2,2,3,2,3,1,2,1,2,3,2,2,2,3,2,4,1,4,2,3,2,2,2,3,2,4,3,1,1,2,1,1,1,2,1,2,3,2,1,1,1,1,2,1,2,3,2,4,1,1,4,4,3,2,4,3,1,3,2,1,2,3,3,3,3,4,3,1,1,1,3,1,2,1,4,4,3,2,4,3,4,4,1,2,1,2,4,4,3,2,1,3,1,4,3,3,1,3,2,2,2,1,4,1,4,1,4,1,1,4,1,1,3,2,4,2,4,2,3,2,2,3,4,4,3,2,2,4,1,2,1,3,3,1,1,4,1,1,2,3,4,4,3,1,1,2,2,4,1,1,4,2,3,4,3,4,3,2,1,3,2,2,2,1,1,3,2,2,3,2,1,2,3,4,3,1,3,4,2,4,3,4,1,3,1,1,2,4,2,2,4,4,3,1,4,2,3,1,4,1,2,3,3,1,4,2,1,3,2,3,1,1,2,1,1,2,1,3,3,2,4,2,2,2,3,2,3,3,2,2,2,2,4,1,1,1,1,2,1,2,1,4,2,2,2,1,1,1,2,4,1,4,2,2,3,4,1,1,1,4,4,2,2,3,3,3,3,1,2,1,2,4,4,2,2,3,2,1,1,1,1,2,3,1,2,3,4,3,4,1,1,3,1,4,4,3,2,1,4,1,2,2,1,2,1,4,1,3,1,1,4,4,1,4,4,1,1,1,3,1,2,1,1,1,1,2,1,3,2,4,4,1,2,4,2,1,1,4,2,4,4,3,3,2,1,2,3,2,1,1,1,2,3,3,4,2,1,4,2,3,2,2,4,4,1,1,2,3,1,2,3,4,2,1,2,1,2,1,4,2,2,3,3,1,4,2,1,2,3,1,1,4,1,3,3,1,2,4,1,4,1,2,1,1,1,2,2,3,3,1,1,4,2,2,4,2,1,1,2,2,1,2,4,3,2,3,3,4,4,1,4,4,3,2,4,3,1,1,3,2,4,2,2,1,1,4,4,2,1,1,3,3,3,3,1,3,2,2,2,2,1,1,3,2,4,4,1,2,3,1,3,1,1,3,1,4,1,1,2,1,3,1,2,2,4,1,1,4,1,4,4,2,1,1,2,3,1,1,1,1,2,3,4,3,2,3,3,1,2,4,2,3,1,2,2,2,4,3,2,2,2,4,1,1,1,2,4,2,1,4,2,1,1,1,2,1,2,1,2,3,3,3,2,4,3,3,1,1,4,2,3,1,4,4,4,3,2,4,3,2,1,3,4,1,2,2,1,2,3,3,1,4,3,3,2,2,1,1,2,3,3,4,4,2,1,1,3,1,1,3,2,3,4,1,3,1,4,2,4,1,1,1,1,4,1,3,1,1,3,1,4,2,2,1,2,2,4,1,2,4,3,1,3,2,1,2,2,3,3,2,1,2,4,1,4,2,1,1,4,1,1,4,4,2,4,2,4,3,2,2,4,3,2,3,1,2,4,3,4,1,3,1,2,4,4,2,2,2,1,2,2,1,4,2,1,2,1,4,2,1,2,4,1,2,1,2,1,1,4,2,1,2,1,2,4,4,3,4,1,2,1,1,2,2,2,2,2,4,4,3,3,2,4,2,3,4,3,2,2,2,3,2,1,3,2,1,1,1,3,1,3,2,3,1,4,3,4,1,1,3,1,3,2,1,3,1,1,2"
23,0.9882627241940299,0.5,2136.0,"4,2,1,1,2,2,3,1,2,1,4,4,4,1,2,2,4,1,1,2,1,2,4,1,3,1,2,2,4,1,1,2,3,3,1,2,4,1,2,4,1,2,2,2,2,2,3,2,1,2,4,4,3,2,1,4,2,2,1,4,4,4,3,1,3,3,3,2,3,2,1,2,2,3,4,2,3,3,3,1,2,1,4,1,2,3,1,2,1,2,1,2,2,2,3,4,1,1,3,1,2,2,3,2,2,4,1,4,2,1,1,1,3,3,1,2,3,4,4,1,3,2,2,3,2,2,3,2,4,1,2,2,1,1,1,2,3,4,2,2,4,3,2,3,4,4,2,1,1,1,1,1,1,3,3,4,2,2,2,1,4,1,1,3,1,3,3,1,1,4,1,2,2,2,1,3,3,1,4,1,3,2,3,2,3,2,1,2,4,1,4,2,3,3,3,3,2,3,1,4,1,4,1,3,4,4,1,3,2,2,2,1,2,1,3,2,2,1,2,1,4,4,3,2,3,1,3,2,4,3,3,2,2,1,1,3,1,3,3,2,2,1,2,3,2,2,3,2,3,3,3,4,1,1,3,1,1,1,4,2,3,4,1,1,2,1,3,2,1,3,4,2,4,1,3,2,4,1,1,4,4,1,1,4,2,2,2,4,2,4,1,1,1,4,1,4,2,1,2,3,2,2,1,2,3,2,4,1,1,1,1,1,1,1,2,3,1,4,2,2,4,2,1,3,2,1,1,3,2,2,3,3,2,3,1,4,1,4,2,1,1,2,3,1,4,2,2,3,3,2,4,2,4,2,3,1,1,2,4,3,4,3,1,2,3,3,4,4,1,3,2,1,2,3,2,3,3,2,1,3,2,4,2,3,3,2,1,1,2,1,1,4,3,3,1,2,3,1,2,2,1,1,2,2,4,1,2,3,4,3,3,2,2,1,1,4,3,2,1,4,3,1,3,3,3,2,1,2,4,3,3,1,1,2,3,1,3,3,2,4,1,2,2,1,3,3,2,1,2,4,2,4,1,3,1,1,1,4,2,1,4,3,3,2,2,1,2,1,4,4,2,2,2,1,1,1,1,4,1,3,1,2,2,3,1,3,4,1,4,1,4,1,1,1,1,2,3,1,1,2,4,2,4,4,2,1,3,1,1,3,3,1,3,1,4,2,4,3,3,1,4,2,4,4,4,2,1,3,1,3,3,3,1,1,2,4,4,1,3,3,2,2,2,3,1,4,1,3,2,1,3,3,4,2,3,3,2,1,2,2,3,4,3,2,1,2,3,1,2,1,4,2,1,4,2,1,4,3,2,1,2,3,1,3,1,2,1,1,1,1,2,1,3,1,1,4,1,3,3,2,2,4,3,4,4,2,4,4,2,1,4,4,4,3,1,2,4,3,3,2,1,3,2,1,4,4,2,2,1,1,3,4,4,2,2,1,4,1,2,3,2,1,3,4,4,3,4,4,1,1,2,3,1,1,1,1,2,2,1,3,1,3,1,4,2,1,1,4,2,4,3,2,1,4,2,3,1,3,2,2,2,1,1,2,2,4,2,2,2,2,2,1,2,3,2,3,1,1,3,4,2,2,2,4,3,3,1,2,2,3,2,3,3,1,2,2,4,4,1,4,4,1,2,4,1,3,3,3,2,3,3,1,1,2,4,3,3,4,2,4,1,2,4,1,4,3,1,1,1,4,4,1,2,2,2,2,2,1,1,1,1,1,1,4,2,2,3,4,4,1,2,3,2,4,1,2,2,3,2,1,1,2,2,1,1,2,3,1,2,1,4,4,1,2,4,2,1,1,2,1,3,3,4,2,2,1,2,4,1,2,2,1,2,1,2,3,1,3,2,3,4,2,1,3,2,3,2,1,2,2,4,4,1,1,4,3,3,2,4,2,4,1,2,3,3,1,3,2,1,3,1,1,2,2,4,2,1,1,1,3,2,4,4,4,1,3,1,4,2,1,3,2,1,1,1,1,4,3,1,1,2,2,3,4,3,2,4,2,1,1,1,1,3,1,1,2,1,1,4,2,4,2,1,3,3,1,2,1,2,1,4,4,2,4,1,4,1,2,2,1,4,1,2,3,2,4,1,2,3,2,1,4,2,2,3,2,3,1,2,1,2,3,2,2,2,3,2,4,1,4,2,3,2,2,2,3,2,4,3,1,1,2,1,1,1,2,1,2,3,2,1,1,1,1,2,1,2,3,2,4,1,1,4,4,3,2,4,3,1,3,2,1,2,3,3,3,3,4,3,1,1,1,3,1,2,1,4,4,3,2,4,3,4,4,1,2,1,2,4,4,3,2,1,3,1,4,3,3,1,3,2,2,2,1,4,1,4,1,4,1,1,4,1,1,3,2,4,2,4,2,3,2,2,3,4,4,3,2,2,4,1,2,1,3,3,1,1,4,1,1,2,3,4,4,3,1,1,2,2,4,1,1,4,2,3,4,3,4,3,2,1,3,2,2,2,1,1,3,2,2,3,2,1,2,3,4,3,1,3,4,2,4,3,4,1,3,1,1,2,4,2,2,4,4,3,1,4,2,3,1,4,1,2,3,3,1,4,2,1,3,2,3,1,1,2,1,1,2,1,3,3,2,4,2,2,2,3,2,3,3,2,2,2,2,4,1,1,1,1,2,1,2,1,4,2,2,2,1,1,1,2,4,1,4,2,2,3,4,1,1,1,4,4,2,2,3,3,3,3,1,2,1,2,4,4,2,2,3,2,1,1,1,1,2,3,1,2,3,4,3,4,1,1,3,1,4,4,3,2,1,4,1,2,2,1,2,1,4,1,3,1,1,4,4,1,4,4,1,1,1,3,1,2,1,1,1,1,2,1,3,2,4,4,1,2,4,2,1,1,4,2,4,4,3,3,2,1,2,3,2,1,1,1,2,3,3,4,2,1,4,2,3,2,2,4,4,1,1,2,3,1,2,3,4,2,1,2,1,2,1,4,2,2,3,3,1,4,2,1,2,3,1,1,4,1,3,3,1,2,4,1,4,1,2,1,1,1,2,2,3,3,1,1,4,2,2,4,2,1,1,2,2,1,2,4,3,2,3,3,4,4,1,4,4,3,2,4,3,1,1,3,2,4,2,2,1,1,4,4,2,1,1,3,3,3,3,1,3,2,2,2,2,1,1,3,2,4,4,1,2,3,1,3,1,1,3,1,4,1,1,2,1,3,1,2,2,4,1,1,4,1,4,4,2,1,1,2,3,1,1,1,1,2,3,4,3,2,3,3,1,2,4,2,3,1,2,2,2,4,3,2,2,2,4,1,1,1,2,4,2,1,4,2,1,1,1,2,1,2,1,2,3,3,3,2,4,3,3,1,1,4,2,3,1,4,4,4,3,2,4,3,2,1,3,4,1,2,2,1,2,3,3,1,4,3,3,2,2,1,1,2,3,3,4,4,2,1,1,3,1,1,3,2,3,4,1,3,1,4,2,4,1,1,1,1,4,1,3,1,1,3,1,4,2,2,1,2,2,4,1,2,4,3,1,3,2,1,2,2,3,3,2,1,2,4,1,4,2,1,1,4,1,1,4,4,2,4,2,4,3,2,2,4,3,2,3,1,2,4,3,4,1,3,1,2,4,4,2,2,2,1,2,2,1,4,2,1,2,1,4,2,1,2,4,1,2,1,2,1,1,4,2,1,2,1,2,4,4,3,4,1,2,1,1,2,2,2,2,2,4,4,3,3,2,4,2,3,4,3,2,2,2,3,2,1,3,2,1,1,1,3,1,3,2,3,1,4,3,4,1,1,3,1,3,2,1,3,1,1,2"
24,0.9882627241940299,0.5,2136.0,"4,2,1,1,2,2,3,1,2,1,4,4,4,1,2,2,4,1,1,2,1,2,4,1,3,1,2,2,4,1,1,2,3,3,1,2,4,1,2,4,1,2,2,2,2,2,3,2,1,2,4,4,3,2,1,4,2,2,1,4,4,4,3,1,3,3,3,2,3,2,1,2,2,3,4,2,3,3,3,1,2,1,4,1,2,3,1,2,1,2,1,2,2,2,3,4,1,1,3,1,2,2,3,2,2,4,1,4,2,1,1,1,3,3,1,2,3,4,4,1,3,2,2,3,2,2,3,2,4,1,2,2,1,1,1,2,3,4,2,2,4,3,2,3,4,4,2,1,1,1,1,1,1,3,3,4,2,2,2,1,4,1,1,3,1,3,3,1,1,4,1,2,2,2,1,3,3,1,4,1,3,2,3,2,3,2,1,2,4,1,4,2,3,3,3,3,2,3,1,4,1,4,1,3,4,4,1,3,2,2,2,1,2,1,3,2,2,1,2,1,4,4,3,2,3,1,3,2,4,3,3,2,2,1,1,3,1,3,3,2,2,1,2,3,2,2,3,2,3,3,3,4,1,1,3,1,1,1,4,2,3,4,1,1,2,1,3,2,1,3,4,2,4,1,3,2,4,1,1,4,4,1,1,4,2,2,2,4,2,4,1,1,1,4,1,4,2,1,2,3,2,2,1,2,3,2,4,1,1,1,1,1,1,1,2,3,1,4,2,2,4,2,1,3,2,1,1,3,2,2,3,3,2,3,1,4,1,4,2,1,1,2,3,1,4,2,2,3,3,2,4,2,4,2,3,1,1,2,4,3,4,3,1,2,3,3,4,4,1,3,2,1,2,3,2,3,3,2,1,3,2,4,2,3,3,2,1,1,2,1,1,4,3,3,1,2,3,1,2,2,1,1,2,2,4,1,2,3,4,3,3,2,2,1,1,4,3,2,1,4,3,1,3,3,3,2,1,2,4,3,3,1,1,2,3,1,3,3,2,4,1,2,2,1,3,3,2,1,2,4,2,4,1,3,1,1,1,4,2,1,4,3,3,2,2,1,2,1,4,4,2,2,2,1,1,1,1,4,1,3,1,2,2,3,1,3,4,1,4,1,4,1,1,1,1,2,3,1,1,2,4,2,4,4,2,1,3,1,1,3,3,1,3,1,4,2,4,3,3,1,4,2,4,4,4,2,1,3,1,3,3,3,1,1,2,4,4,1,3,3,2,2,2,3,1,4,1,3,2,1,3,3,4,2,3,3,2,1,2,2,3,4,3,2,1,2,3,1,2,1,4,2,1,4,2,1,4,3,2,1,2,3,1,3,1,2,1,1,1,1,2,1,3,1,1,4,1,3,3,2,2,4,3,4,4,2,4,4,2,1,4,4,4,3,1,2,4,3,3,2,1,3,2,1,4,4,2,2,1,1,3,4,4,2,2,1,4,1,2,3,2,1,3,4,4,3,4,4,1,1,2,3,1,1,1,1,2,2,1,3,1,3,1,4,2,1,1,4,2,4,3,2,1,4,2,3,1,3,2,2,2,1,1,2,2,4,2,2,2,2,2,1,2,3,2,3,1,1,3,4,2,2,2,4,3,3,1,2,2,3,2,3,3,1,2,2,4,4,1,4,4,1,2,4,1,3,3,3,2,3,3,1,1,2,4,3,3,4,2,4,1,2,4,1,4,3,1,1,1,4,4,1,2,2,2,2,2,1,1,1,1,1,1,4,2,2,3,4,4,1,2,3,2,4,1,2,2,3,2,1,1,2,2,1,1,2,3,1,2,1,4,4,1,2,4,2,1,1,2,1,3,3,4,2,2,1,2,4,1,2,2,1,2,1,2,3,1,3,2,3,4,2,1,3,2,3,2,1,2,2,4,4,1,1,4,3,3,2,4,2,4,1,2,3,3,1,3,2,1,3,1,1,2,2,4,2,1,1,1,3,2,4,4,4,1,3,1,4,2,1,3,2,1,1,1,1,4,3,1,1,2,2,3,4,3,2,4,2,1,1,1,1,3,1,1,2,1,1,4,2,4,2,1,3,3,1,2,1,2,1,4,4,2,4,1,4,1,2,2,1,4,1,2,3,2,4,1,2,3,2,1,4,2,2,3,2,3,1,2,1,2,3,2,2,2,3,2,4,1,4,2,3,2,2,2,3,2,4,3,1,1,2,1,1,1,2,1,2,3,2,1,1,1,1,2,1,2,3,2,4,1,1,4,4,3,2,4,3,1,3,2,1,2,3,3,3,3,4,3,1,1,1,3,1,2,1,4,4,3,2,4,3,4,4,1,2,1,2,4,4,3,2,1,3,1,4,3,3,1,3,2,2,2,1,4,1,4,1,4,1,1,4,1,1,3,2,4,2,4,2,3,2,2,3,4,4,3,2,2,4,1,2,1,3,3,1,1,4,1,1,2,3,4,4,3,1,1,2,2,4,1,1,4,2,3,4,3,4,3,2,1,3,2,2,2,1,1,3,2,2,3,2,1,2,3,4,3,1,3,4,2,4,3,4,1,3,1,1,2,4,2,2,4,4,3,1,4,2,3,1,4,1,2,3,3,1,4,2,1,3,2,3,1,1,2,1,1,2,1,3,3,2,4,2,2,2,3,2,3,3,2,2,2,2,4,1,1,1,1,2,1,2,1,4,2,2,2,1,1,1,2,4,1,4,2,2,3,4,1,1,1,4,4,2,2,3,3,3,3,1,2,1,2,4,4,2,2,3,2,1,1,1,1,2,3,1,2,3,4,3,4,1,1,3,1,4,4,3,2,1,4,1,2,2,1,2,1,4,1,3,1,1,4,4,1,4,4,1,1,1,3,1,2,1,1,1,1,2,1,3,2,4,4,1,2,4,2,1,1,4,2,4,4,3,3,2,1,2,3,2,1,1,1,2,3,3,4,2,1,4,2,3,2,2,4,4,1,1,2,3,1,2,3,4,2,1,2,1,2,1,4,2,2,3,3,1,4,2,1,2,3,1,1,4,1,3,3,1,2,4,1,4,1,2,1,1,1,2,2,3,3,1,1,4,2,2,4,2,1,1,2,2,1,2,4,3,2,3,3,4,4,1,4,4,3,2,4,3,1,1,3,2,4,2,2,1,1,4,4,2,1,1,3,3,3,3,1,3,2,2,2,2,1,1,3,2,4,4,1,2,3,1,3,1,1,3,1,4,1,1,2,1,3,1,2,2,4,1,1,4,1,4,4,2,1,1,2,3,1,1,1,1,2,3,4,3,2,3,3,1,2,4,2,3,1,2,2,2,4,3,2,2,2,4,1,1,1,2,4,2,1,4,2,1,1,1,2,1,2,1,2,3,3,3,2,4,3,3,1,1,4,2,3,1,4,4,4,3,2,4,3,2,1,3,4,1,2,2,1,2,3,3,1,4,3,3,2,2,1,1,2,3,3,4,4,2,1,1,3,1,1,3,2,3,4,1,3,1,4,2,4,1,1,1,1,4,1,3,1,1,3,1,4,2,2,1,2,2,4,1,2,4,3,1,3,2,1,2,2,3,3,2,1,2,4,1,4,2,1,1,4,1,1,4,4,2,4,2,4,3,2,2,4,3,2,3,1,2,4,3,4,1,3,1,2,4,4,2,2,2,1,2,2,1,4,2,1,2,1,4,2,1,2,4,1,2,1,2,1,1,4,2,1,2,1,2,4,4,3,4,1,2,1,1,2,2,2,2,2,4,4,3,3,2,4,2,3,4,3,2,2,2,3,2,1,3,2,1,1,1,3,1,3,2,3,1,4,3,4,1,1,3,1,3,2,1,3,1,1,2"
25,0.9882627241940299,0.5,2136.0,"4,2,1,1,2,2,3,1,2,1,4,4,4,1,2,2,4,1,1,2,1,2,4,1,3,1,2,2,4,1,1,2,3,3,1,2,4,1,2,4,1,2,2,2,2,2,3,2,1,2,4,4,3,2,1,4,2,2,1,4,4,4,3,1,3,3,3,2,3,2,1,2,2,3,4,2,3,3,3,1,2,1,4,1,2,3,1,2,1,2,1,2,2,2,3,4,1,1,3,1,2,2,3,2,2,4,1,4,2,1,1,1,3,3,1,2,3,4,4,1,3,2,2,3,2,2,3,2,4,1,2,2,1,1,1,2,3,4,2,2,4,3,2,3,4,4,2,1,1,1,1,1,1,3,3,4,2,2,2,1,4,1,1,3,1,3,3,1,1,4,1,2,2,2,1,3,3,1,4,1,3,2,3,2,3,2,1,2,4,1,4,2,3,3,3,3,2,3,1,4,1,4,1,3,4,4,1,3,2,2,2,1,2,1,3,2,2,1,2,1,4,4,3,2,3,1,3,2,4,3,3,2,2,1,1,3,1,3,3,2,2,1,2,3,2,2,3,2,3,3,3,4,1,1,3,1,1,1,4,2,3,4,1,1,2,1,3,2,1,3,4,2,4,1,3,2,4,1,1,4,4,1,1,4,2,2,2,4,2,4,1,1,1,4,1,4,2,1,2,3,2,2,1,2,3,2,4,1,1,1,1,1,1,1,2,3,1,4,2,2,4,2,1,3,2,1,1,3,2,2,3,3,2,3,1,4,1,4,2,1,1,2,3,1,4,2,2,3,3,2,4,2,4,2,3,1,1,2,4,3,4,3,1,2,3,3,4,4,1,3,2,1,2,3,2,3,3,2,1,3,2,4,2,3,3,2,1,1,2,1,1,4,3,3,1,2,3,1,2,2,1,1,2,2,4,1,2,3,4,3,3,2,2,1,1,4,3,2,1,4,3,1,3,3,3,2,1,2,4,3,3,1,1,2,3,1,3,3,2,4,1,2,2,1,3,3,2,1,2,4,2,4,1,3,1,1,1,4,2,1,4,3,3,2,2,1,2,1,4,4,2,2,2,1,1,1,1,4,1,3,1,2,2,3,1,3,4,1,4,1,4,1,1,1,1,2,3,1,1,2,4,2,4,4,2,1,3,1,1,3,3,1,3,1,4,2,4,3,3,1,4,2,4,4,4,2,1,3,1,3,3,3,1,1,2,4,4,1,3,3,2,2,2,3,1,4,1,3,2,1,3,3,4,2,3,3,2,1,2,2,3,4,3,2,1,2,3,1,2,1,4,2,1,4,2,1,4,3,2,1,2,3,1,3,1,2,1,1,1,1,2,1,3,1,1,4,1,3,3,2,2,4,3,4,4,2,4,4,2,1,4,4,4,3,1,2,4,3,3,2,1,3,2,1,4,4,2,2,1,1,3,4,4,2,2,1,4,1,2,3,2,1,3,4,4,3,4,4,1,1,2,3,1,1,1,1,2,2,1,3,1,3,1,4,2,1,1,4,2,4,3,2,1,4,2,3,1,3,2,2,2,1,1,2,2,4,2,2,2,2,2,1,2,3,2,3,1,1,3,4,2,2,2,4,3,3,1,2,2,3,2,3,3,1,2,2,4,4,1,4,4,1,2,4,1,3,3,3,2,3,3,1,1,2,4,3,3,4,2,4,1,2,4,1,4,3,1,1,1,4,4,1,2,2,2,2,2,1,1,1,1,1,1,4,2,2,3,4,4,1,2,3,2,4,1,2,2,3,2,1,1,2,2,1,1,2,3,1,2,1,4,4,1,2,4,2,1,1,2,1,3,3,4,2,2,1,2,4,1,2,2,1,2,1,2,3,1,3,2,3,4,2,1,3,2,3,2,1,2,2,4,4,1,1,4,3,3,2,4,2,4,1,2,3,3,1,3,2,1,3,1,1,2,2,4,2,1,1,1,3,2,4,4,4,1,3,1,4,2,1,3,2,1,1,1,1,4,3,1,1,2,2,3,4,3,2,4,2,1,1,1,1,3,1,1,2,1,1,4,2,4,2,1,3,3,1,2,1,2,1,4,4,2,4,1,4,1,2,2,1,4,1,2,3,2,4,1,2,3,2,1,4,2,2,3,2,3,1,2,1,2,3,2,2,2,3,2,4,1,4,2,3,2,2,2,3,2,4,3,1,1,2,1,1,1,2,1,2,3,2,1,1,1,1,2,1,2,3,2,4,1,1,4,4,3,2,4,3,1,3,2,1,2,3,3,3,3,4,3,1,1,1,3,1,2,1,4,4,3,2,4,3,4,4,1,2,1,2,4,4,3,2,1,3,1,4,3,3,1,3,2,2,2,1,4,1,4,1,4,1,1,4,1,1,3,2,4,2,4,2,3,2,2,3,4,4,3,2,2,4,1,2,1,3,3,1,1,4,1,1,2,3,4,4,3,1,1,2,2,4,1,1,4,2,3,4,3,4,3,2,1,3,2,2,2,1,1,3,2,2,3,2,1,2,3,4,3,1,3,4,2,4,3,4,1,3,1,1,2,4,2,2,4,4,3,1,4,2,3,1,4,1,2,3,3,1,4,2,1,3,2,3,1,1,2,1,1,2,1,3,3,2,4,2,2,2,3,2,3,3,2,2,2,2,4,1,1,1,1,2,1,2,1,4,2,2,2,1,1,1,2,4,1,4,2,2,3,4,1,1,1,4,4,2,2,3,3,3,3,1,2,1,2,4,4,2,2,3,2,1,1,1,1,2,3,1,2,3,4,3,4,1,1,3,1,4,4,3,2,1,4,1,2,2,1,2,1,4,1,3,1,1,4,4,1,4,4,1,1,1,3,1,2,1,1,1,1,2,1,3,2,4,4,1,2,4,2,1,1,4,2,4,4,3,3,2,1,2,3,2,1,1,1,2,3,3,4,2,1,4,2,3,2,2,4,4,1,1,2,3,1,2,3,4,2,1,2,1,2,1,4,2,2,3,3,1,4,2,1,2,3,1,1,4,1,3,3,1,2,4,1,4,1,2,1,1,1,2,2,3,3,1,1,4,2,2,4,2,1,1,2,2,1,2,4,3,2,3,3,4,4,1,4,4,3,2,4,3,1,1,3,2,4,2,2,1,1,4,4,2,1,1,3,3,3,3,1,3,2,2,2,2,1,1,3,2,4,4,1,2,3,1,3,1,1,3,1,4,1,1,2,1,3,1,2,2,4,1,1,4,1,4,4,2,1,1,2,3,1,1,1,1,2,3,4,3,2,3,3,1,2,4,2,3,1,2,2,2,4,3,2,2,2,4,1,1,1,2,4,2,1,4,2,1,1,1,2,1,2,1,2,3,3,3,2,4,3,3,1,1,4,2,3,1,4,4,4,3,2,4,3,2,1,3,4,1,2,2,1,2,3,3,1,4,3,3,2,2,1,1,2,3,3,4,4,2,1,1,3,1,1,3,2,3,4,1,3,1,4,2,4,1,1,1,1,4,1,3,1,1,3,1,4,2,2,1,2,2,4,1,2,4,3,1,3,2,1,2,2,3,3,2,1,2,4,1,4,2,1,1,4,1,1,4,4,2,4,2,4,3,2,2,4,3,2,3,1,2,4,3,4,1,3,1,2,4,4,2,2,2,1,2,2,1,4,2,1,2,1,4,2,1,2,4,1,2,1,2,1,1,4,2,1,2,1,2,4,4,3,4,1,2,1,1,2,2,2,2,2,4,4,3,3,2,4,2,3,4,3,2,2,2,3,2,1,3,2,1,1,1,3,1,3,2,3,1,4,3,4,1,1,3,1,3,2,1,3,1,1,2"
26,0.9882627241940299,0.5,2136.0,"4,2,1,1,2,2,3,1,2,1,4,4,4,1,2,2,4,1,1,2,1,2,4,1,3,1,2,2,4,1,1,2,3,3,1,2,4,1,2,4,1,2,2,2,2,2,3,2,1,2,4,4,3,2,1,4,2,2,1,4,4,4,3,1,3,3,3,2,3,2,1,2,2,3,4,2,3,3,3,1,2,1,4,1,2,3,1,2,1,2,1,2,2,2,3,4,1,1,3,1,2,2,3,2,2,4,1,4,2,1,1,1,3,3,1,2,3,4,4,1,3,2,2,3,2,2,3,2,4,1,2,2,1,1,1,2,3,4,2,2,4,3,2,3,4,4,2,1,1,1,1,1,1,3,3,4,2,2,2,1,4,1,1,3,1,3,3,1,1,4,1,2,2,2,1,3,3,1,4,1,3,2,3,2,3,2,1,2,4,1,4,2,3,3,3,3,2,3,1,4,1,4,1,3,4,4,1,3,2,2,2,1,2,1,3,2,2,1,2,1,4,4,3,2,3,1,3,2,4,3,3,2,2,1,1,3,1,3,3,2,2,1,2,3,2,2,3,2,3,3,3,4,1,1,3,1,1,1,4,2,3,4,1,1,2,1,3,2,1,3,4,2,4,1,3,2,4,1,1,4,4,1,1,4,2,2,2,4,2,4,1,1,1,4,1,4,2,1,2,3,2,2,1,2,3,2,4,1,1,1,1,1,1,1,2,3,1,4,2,2,4,2,1,3,2,1,1,3,2,2,3,3,2,3,1,4,1,4,2,1,1,2,3,1,4,2,2,3,3,2,4,2,4,2,3,1,1,2,4,3,4,3,1,2,3,3,4,4,1,3,2,1,2,3,2,3,3,2,1,3,2,4,2,3,3,2,1,1,2,1,1,4,3,3,1,2,3,1,2,2,1,1,2,2,4,1,2,3,4,3,3,2,2,1,1,4,3,2,1,4,3,1,3,3,3,2,1,2,4,3,3,1,1,2,3,1,3,3,2,4,1,2,2,1,3,3,2,1,2,4,2,4,1,3,1,1,1,4,2,1,4,3,3,2,2,1,2,1,4,4,2,2,2,1,1,1,1,4,1,3,1,2,2,3,1,3,4,1,4,1,4,1,1,1,1,2,3,1,1,2,4,2,4,4,2,1,3,1,1,3,3,1,3,1,4,2,4,3,3,1,4,2,4,4,4,2,1,3,1,3,3,3,1,1,2,4,4,1,3,3,2,2,2,3,1,4,1,3,2,1,3,3,4,2,3,3,2,1,2,2,3,4,3,2,1,2,3,1,2,1,4,2,1,4,2,1,4,3,2,1,2,3,1,3,1,2,1,1,1,1,2,1,3,1,1,4,1,3,3,2,2,4,3,4,4,2,4,4,2,1,4,4,4,3,1,2,4,3,3,2,1,3,2,1,4,4,2,2,1,1,3,4,4,2,2,1,4,1,2,3,2,1,3,4,4,3,4,4,1,1,2,3,1,1,1,1,2,2,1,3,1,3,1,4,2,1,1,4,2,4,3,2,1,4,2,3,1,3,2,2,2,1,1,2,2,4,2,2,2,2,2,1,2,3,2,3,1,1,3,4,2,2,2,4,3,3,1,2,2,3,2,3,3,1,2,2,4,4,1,4,4,1,2,4,1,3,3,3,2,3,3,1,1,2,4,3,3,4,2,4,1,2,4,1,4,3,1,1,1,4,4,1,2,2,2,2,2,1,1,1,1,1,1,4,2,2,3,4,4,1,2,3,2,4,1,2,2,3,2,1,1,2,2,1,1,2,3,1,2,1,4,4,1,2,4,2,1,1,2,1,3,3,4,2,2,1,2,4,1,2,2,1,2,1,2,3,1,3,2,3,4,2,1,3,2,3,2,1,2,2,4,4,1,1,4,3,3,2,4,2,4,1,2,3,3,1,3,2,1,3,1,1,2,2,4,2,1,1,1,3,2,4,4,4,1,3,1,4,2,1,3,2,1,1,1,1,4,3,1,1,2,2,3,4,3,2,4,2,1,1,1,1,3,1,1,2,1,1,4,2,4,2,1,3,3,1,2,1,2,1,4,4,2,4,1,4,1,2,2,1,4,1,2,3,2,4,1,2,3,2,1,4,2,2,3,2,3,1,2,1,2,3,2,2,2,3,2,4,1,4,2,3,2,2,2,3,2,4,3,1,1,2,1,1,1,2,1,2,3,2,1,1,1,1,2,1,2,3,2,4,1,1,4,4,3,2,4,3,1,3,2,1,2,3,3,3,3,4,3,1,1,1,3,1,2,1,4,4,3,2,4,3,4,4,1,2,1,2,4,4,3,2,1,3,1,4,3,3,1,3,2,2,2,1,4,1,4,1,4,1,1,4,1,1,3,2,4,2,4,2,3,2,2,3,4,4,3,2,2,4,1,2,1,3,3,1,1,4,1,1,2,3,4,4,3,1,1,2,2,4,1,1,4,2,3,4,3,4,3,2,1,3,2,2,2,1,1,3,2,2,3,2,1,2,3,4,3,1,3,4,2,4,3,4,1,3,1,1,2,4,2,2,4,4,3,1,4,2,3,1,4,1,2,3,3,1,4,2,1,3,2,3,1,1,2,1,1,2,1,3,3,2,4,2,2,2,3,2,3,3,2,2,2,2,4,1,1,1,1,2,1,2,1,4,2,2,2,1,1,1,2,4,1,4,2,2,3,4,1,1,1,4,4,2,2,3,3,3,3,1,2,1,2,4,4,2,2,3,2,1,1,1,1,2,3,1,2,3,4,3,4,1,1,3,1,4,4,3,2,1,4,1,2,2,1,2,1,4,1,3,1,1,4,4,1,4,4,1,1,1,3,1,2,1,1,1,1,2,1,3,2,4,4,1,2,4,2,1,1,4,2,4,4,3,3,2,1,2,3,2,1,1,1,2,3,3,4,2,1,4,2,3,2,2,4,4,1,1,2,3,1,2,3,4,2,1,2,1,2,1,4,2,2,3,3,1,4,2,1,2,3,1,1,4,1,3,3,1,2,4,1,4,1,2,1,1,1,2,2,3,3,1,1,4,2,2,4,2,1,1,2,2,1,2,4,3,2,3,3,4,4,1,4,4,3,2,4,3,1,1,3,2,4,2,2,1,1,4,4,2,1,1,3,3,3,3,1,3,2,2,2,2,1,1,3,2,4,4,1,2,3,1,3,1,1,3,1,4,1,1,2,1,3,1,2,2,4,1,1,4,1,4,4,2,1,1,2,3,1,1,1,1,2,3,4,3,2,3,3,1,2,4,2,3,1,2,2,2,4,3,2,2,2,4,1,1,1,2,4,2,1,4,2,1,1,1,2,1,2,1,2,3,3,3,2,4,3,3,1,1,4,2,3,1,4,4,4,3,2,4,3,2,1,3,4,1,2,2,1,2,3,3,1,4,3,3,2,2,1,1,2,3,3,4,4,2,1,1,3,1,1,3,2,3,4,1,3,1,4,2,4,1,1,1,1,4,1,3,1,1,3,1,4,2,2,1,2,2,4,1,2,4,3,1,3,2,1,2,2,3,3,2,1,2,4,1,4,2,1,1,4,1,1,4,4,2,4,2,4,3,2,2,4,3,2,3,1,2,4,3,4,1,3,1,2,4,4,2,2,2,1,2,2,1,4,2,1,2,1,4,2,1,2,4,1,2,1,2,1,1,4,2,1,2,1,2,4,4,3,4,1,2,1,1,2,2,2,2,2,4,4,3,3,2,4,2,3,4,3,2,2,2,3,2,1,3,2,1,1,1,3,1,3,2,3,1,4,3,4,1,1,3,1,3,2,1,3,1,1,2"
27,0.9882627241940299,0.5,2136.0,"4,2,1,1,2,2,3,1,2,1,4,4,4,1,2,2,4,1,1,2,1,2,4,1,3,1,2,2,4,1,1,2,3,3,1,2,4,1,2,4,1,2,2,2,2,2,3,2,1,2,4,4,3,2,1,4,2,2,1,4,4,4,3,1,3,3,3,2,3,2,1,2,2,3,4,2,3,3,3,1,2,1,4,1,2,3,1,2,1,2,1,2,2,2,3,4,1,1,3,1,2,2,3,2,2,4,1,4,2,1,1,1,3,3,1,2,3,4,4,1,3,2,2,3,2,2,3,2,4,1,2,2,1,1,1,2,3,4,2,2,4,3,2,3,4,4,2,1,1,1,1,1,1,3,3,4,2,2,2,1,4,1,1,3,1,3,3,1,1,4,1,2,2,2,1,3,3,1,4,1,3,2,3,2,3,2,1,2,4,1,4,2,3,3,3,3,2,3,1,4,1,4,1,3,4,4,1,3,2,2,2,1,2,1,3,2,2,1,2,1,4,4,3,2,3,1,3,2,4,3,3,2,2,1,1,3,1,3,3,2,2,1,2,3,2,2,3,2,3,3,3,4,1,1,3,1,1,1,4,2,3,4,1,1,2,1,3,2,1,3,4,2,4,1,3,2,4,1,1,4,4,1,1,4,2,2,2,4,2,4,1,1,1,4,1,4,2,1,2,3,2,2,1,2,3,2,4,1,1,1,1,1,1,1,2,3,1,4,2,2,4,2,1,3,2,1,1,3,2,2,3,3,2,3,1,4,1,4,2,1,1,2,3,1,4,2,2,3,3,2,4,2,4,2,3,1,1,2,4,3,4,3,1,2,3,3,4,4,1,3,2,1,2,3,2,3,3,2,1,3,2,4,2,3,3,2,1,1,2,1,1,4,3,3,1,2,3,1,2,2,1,1,2,2,4,1,2,3,4,3,3,2,2,1,1,4,3,2,1,4,3,1,3,3,3,2,1,2,4,3,3,1,1,2,3,1,3,3,2,4,1,2,2,1,3,3,2,1,2,4,2,4,1,3,1,1,1,4,2,1,4,3,3,2,2,1,2,1,4,4,2,2,2,1,1,1,1,4,1,3,1,2,2,3,1,3,4,1,4,1,4,1,1,1,1,2,3,1,1,2,4,2,4,4,2,1,3,1,1,3,3,1,3,1,4,2,4,3,3,1,4,2,4,4,4,2,1,3,1,3,3,3,1,1,2,4,4,1,3,3,2,2,2,3,1,4,1,3,2,1,3,3,4,2,3,3,2,1,2,2,3,4,3,2,1,2,3,1,2,1,4,2,1,4,2,1,4,3,2,1,2,3,1,3,1,2,1,1,1,1,2,1,3,1,1,4,1,3,3,2,2,4,3,4,4,2,4,4,2,1,4,4,4,3,1,2,4,3,3,2,1,3,2,1,4,4,2,2,1,1,3,4,4,2,2,1,4,1,2,3,2,1,3,4,4,3,4,4,1,1,2,3,1,1,1,1,2,2,1,3,1,3,1,4,2,1,1,4,2,4,3,2,1,4,2,3,1,3,2,2,2,1,1,2,2,4,2,2,2,2,2,1,2,3,2,3,1,1,3,4,2,2,2,4,3,3,1,2,2,3,2,3,3,1,2,2,4,4,1,4,4,1,2,4,1,3,3,3,2,3,3,1,1,2,4,3,3,4,2,4,1,2,4,1,4,3,1,1,1,4,4,1,2,2,2,2,2,1,1,1,1,1,1,4,2,2,3,4,4,1,2,3,2,4,1,2,2,3,2,1,1,2,2,1,1,2,3,1,2,1,4,4,1,2,4,2,1,1,2,1,3,3,4,2,2,1,2,4,1,2,2,1,2,1,2,3,1,3,2,3,4,2,1,3,2,3,2,1,2,2,4,4,1,1,4,3,3,2,4,2,4,1,2,3,3,1,3,2,1,3,1,1,2,2,4,2,1,1,1,3,2,4,4,4,1,3,1,4,2,1,3,2,1,1,1,1,4,3,1,1,2,2,3,4,3,2,4,2,1,1,1,1,3,1,1,2,1,1,4,2,4,2,1,3,3,1,2,1,2,1,4,4,2,4,1,4,1,2,2,1,4,1,2,3,2,4,1,2,3,2,1,4,2,2,3,2,3,1,2,1,2,3,2,2,2,3,2,4,1,4,2,3,2,2,2,3,2,4,3,1,1,2,1,1,1,2,1,2,3,2,1,1,1,1,2,1,2,3,2,4,1,1,4,4,3,2,4,3,1,3,2,1,2,3,3,3,3,4,3,1,1,1,3,1,2,1,4,4,3,2,4,3,4,4,1,2,1,2,4,4,3,2,1,3,1,4,3,3,1,3,2,2,2,1,4,1,4,1,4,1,1,4,1,1,3,2,4,2,4,2,3,2,2,3,4,4,3,2,2,4,1,2,1,3,3,1,1,4,1,1,2,3,4,4,3,1,1,2,2,4,1,1,4,2,3,4,3,4,3,2,1,3,2,2,2,1,1,3,2,2,3,2,1,2,3,4,3,1,3,4,2,4,3,4,1,3,1,1,2,4,2,2,4,4,3,1,4,2,3,1,4,1,2,3,3,1,4,2,1,3,2,3,1,1,2,1,1,2,1,3,3,2,4,2,2,2,3,2,3,3,2,2,2,2,4,1,1,1,1,2,1,2,1,4,2,2,2,1,1,1,2,4,1,4,2,2,3,4,1,1,1,4,4,2,2,3,3,3,3,1,2,1,2,4,4,2,2,3,2,1,1,1,1,2,3,1,2,3,4,3,4,1,1,3,1,4,4,3,2,1,4,1,2,2,1,2,1,4,1,3,1,1,4,4,1,4,4,1,1,1,3,1,2,1,1,1,1,2,1,3,2,4,4,1,2,4,2,1,1,4,2,4,4,3,3,2,1,2,3,2,1,1,1,2,3,3,4,2,1,4,2,3,2,2,4,4,1,1,2,3,1,2,3,4,2,1,2,1,2,1,4,2,2,3,3,1,4,2,1,2,3,1,1,4,1,3,3,1,2,4,1,4,1,2,1,1,1,2,2,3,3,1,1,4,2,2,4,2,1,1,2,2,1,2,4,3,2,3,3,4,4,1,4,4,3,2,4,3,1,1,3,2,4,2,2,1,1,4,4,2,1,1,3,3,3,3,1,3,2,2,2,2,1,1,3,2,4,4,1,2,3,1,3,1,1,3,1,4,1,1,2,1,3,1,2,2,4,1,1,4,1,4,4,2,1,1,2,3,1,1,1,1,2,3,4,3,2,3,3,1,2,4,2,3,1,2,2,2,4,3,2,2,2,4,1,1,1,2,4,2,1,4,2,1,1,1,2,1,2,1,2,3,3,3,2,4,3,3,1,1,4,2,3,1,4,4,4,3,2,4,3,2,1,3,4,1,2,2,1,2,3,3,1,4,3,3,2,2,1,1,2,3,3,4,4,2,1,1,3,1,1,3,2,3,4,1,3,1,4,2,4,1,1,1,1,4,1,3,1,1,3,1,4,2,2,1,2,2,4,1,2,4,3,1,3,2,1,2,2,3,3,2,1,2,4,1,4,2,1,1,4,1,1,4,4,2,4,2,4,3,2,2,4,3,2,3,1,2,4,3,4,1,3,1,2,4,4,2,2,2,1,2,2,1,4,2,1,2,1,4,2,1,2,4,1,2,1,2,1,1,4,2,1,2,1,2,4,4,3,4,1,2,1,1,2,2,2,2,2,4,4,3,3,2,4,2,3,4,3,2,2,2,3,2,1,3,2,1,1,1,3,1,3,2,3,1,4,3,4,1,1,3,1,3,2,1,3,1,1,2"
28,0.9882627241940299,0.5,2136.0,"4,2,1,1,2,2,3,1,2,1,4,4,4,1,2,2,4,1,1,2,1,2,4,1,3,1,2,2,4,1,1,2,3,3,1,2,4,1,2,4,1,2,2,2,2,2,3,2,1,2,4,4,3,2,1,4,2,2,1,4,4,4,3,1,3,3,3,2,3,2,1,2,2,3,4,2,3,3,3,1,2,1,4,1,2,3,1,2,1,2,1,2,2,2,3,4,1,1,3,1,2,2,3,2,2,4,1,4,2,1,1,1,3,3,1,2,3,4,4,1,3,2,2,3,2,2,3,2,4,1,2,2,1,1,1,2,3,4,2,2,4,3,2,3,4,4,2,1,1,1,1,1,1,3,3,4,2,2,2,1,4,1,1,3,1,3,3,1,1,4,1,2,2,2,1,3,3,1,4,1,3,2,3,2,3,2,1,2,4,1,4,2,3,3,3,3,2,3,1,4,1,4,1,3,4,4,1,3,2,2,2,1,2,1,3,2,2,1,2,1,4,4,3,2,3,1,3,2,4,3,3,2,2,1,1,3,1,3,3,2,2,1,2,3,2,2,3,2,3,3,3,4,1,1,3,1,1,1,4,2,3,4,1,1,2,1,3,2,1,3,4,2,4,1,3,2,4,1,1,4,4,1,1,4,2,2,2,4,2,4,1,1,1,4,1,4,2,1,2,3,2,2,1,2,3,2,4,1,1,1,1,1,1,1,2,3,1,4,2,2,4,2,1,3,2,1,1,3,2,2,3,3,2,3,1,4,1,4,2,1,1,2,3,1,4,2,2,3,3,2,4,2,4,2,3,1,1,2,4,3,4,3,1,2,3,3,4,4,1,3,2,1,2,3,2,3,3,2,1,3,2,4,2,3,3,2,1,1,2,1,1,4,3,3,1,2,3,1,2,2,1,1,2,2,4,1,2,3,4,3,3,2,2,1,1,4,3,2,1,4,3,1,3,3,3,2,1,2,4,3,3,1,1,2,3,1,3,3,2,4,1,2,2,1,3,3,2,1,2,4,2,4,1,3,1,1,1,4,2,1,4,3,3,2,2,1,2,1,4,4,2,2,2,1,1,1,1,4,1,3,1,2,2,3,1,3,4,1,4,1,4,1,1,1,1,2,3,1,1,2,4,2,4,4,2,1,3,1,1,3,3,1,3,1,4,2,4,3,3,1,4,2,4,4,4,2,1,3,1,3,3,3,1,1,2,4,4,1,3,3,2,2,2,3,1,4,1,3,2,1,3,3,4,2,3,3,2,1,2,2,3,4,3,2,1,2,3,1,2,1,4,2,1,4,2,1,4,3,2,1,2,3,1,3,1,2,1,1,1,1,2,1,3,1,1,4,1,3,3,2,2,4,3,4,4,2,4,4,2,1,4,4,4,3,1,2,4,3,3,2,1,3,2,1,4,4,2,2,1,1,3,4,4,2,2,1,4,1,2,3,2,1,3,4,4,3,4,4,1,1,2,3,1,1,1,1,2,2,1,3,1,3,1,4,2,1,1,4,2,4,3,2,1,4,2,3,1,3,2,2,2,1,1,2,2,4,2,2,2,2,2,1,2,3,2,3,1,1,3,4,2,2,2,4,3,3,1,2,2,3,2,3,3,1,2,2,4,4,1,4,4,1,2,4,1,3,3,3,2,3,3,1,1,2,4,3,3,4,2,4,1,2,4,1,4,3,1,1,1,4,4,1,2,2,2,2,2,1,1,1,1,1,1,4,2,2,3,4,4,1,2,3,2,4,1,2,2,3,2,1,1,2,2,1,1,2,3,1,2,1,4,4,1,2,4,2,1,1,2,1,3,3,4,2,2,1,2,4,1,2,2,1,2,1,2,3,1,3,2,3,4,2,1,3,2,3,2,1,2,2,4,4,1,1,4,3,3,2,4,2,4,1,2,3,3,1,3,2,1,3,1,1,2,2,4,2,1,1,1,3,2,4,4,4,1,3,1,4,2,1,3,2,1,1,1,1,4,3,1,1,2,2,3,4,3,2,4,2,1,1,1,1,3,1,1,2,1,1,4,2,4,2,1,3,3,1,2,1,2,1,4,4,2,4,1,4,1,2,2,1,4,1,2,3,2,4,1,2,3,2,1,4,2,2,3,2,3,1,2,1,2,3,2,2,2,3,2,4,1,4,2,3,2,2,2,3,2,4,3,1,1,2,1,1,1,2,1,2,3,2,1,1,1,1,2,1,2,3,2,4,1,1,4,4,3,2,4,3,1,3,2,1,2,3,3,3,3,4,3,1,1,1,3,1,2,1,4,4,3,2,4,3,4,4,1,2,1,2,4,4,3,2,1,3,1,4,3,3,1,3,2,2,2,1,4,1,4,1,4,1,1,4,1,1,3,2,4,2,4,2,3,2,2,3,4,4,3,2,2,4,1,2,1,3,3,1,1,4,1,1,2,3,4,4,3,1,1,2,2,4,1,1,4,2,3,4,3,4,3,2,1,3,2,2,2,1,1,3,2,2,3,2,1,2,3,4,3,1,3,4,2,4,3,4,1,3,1,1,2,4,2,2,4,4,3,1,4,2,3,1,4,1,2,3,3,1,4,2,1,3,2,3,1,1,2,1,1,2,1,3,3,2,4,2,2,2,3,2,3,3,2,2,2,2,4,1,1,1,1,2,1,2,1,4,2,2,2,1,1,1,2,4,1,4,2,2,3,4,1,1,1,4,4,2,2,3,3,3,3,1,2,1,2,4,4,2,2,3,2,1,1,1,1,2,3,1,2,3,4,3,4,1,1,3,1,4,4,3,2,1,4,1,2,2,1,2,1,4,1,3,1,1,4,4,1,4,4,1,1,1,3,1,2,1,1,1,1,2,1,3,2,4,4,1,2,4,2,1,1,4,2,4,4,3,3,2,1,2,3,2,1,1,1,2,3,3,4,2,1,4,2,3,2,2,4,4,1,1,2,3,1,2,3,4,2,1,2,1,2,1,4,2,2,3,3,1,4,2,1,2,3,1,1,4,1,3,3,1,2,4,1,4,1,2,1,1,1,2,2,3,3,1,1,4,2,2,4,2,1,1,2,2,1,2,4,3,2,3,3,4,4,1,4,4,3,2,4,3,1,1,3,2,4,2,2,1,1,4,4,2,1,1,3,3,3,3,1,3,2,2,2,2,1,1,3,2,4,4,1,2,3,1,3,1,1,3,1,4,1,1,2,1,3,1,2,2,4,1,1,4,1,4,4,2,1,1,2,3,1,1,1,1,2,3,4,3,2,3,3,1,2,4,2,3,1,2,2,2,4,3,2,2,2,4,1,1,1,2,4,2,1,4,2,1,1,1,2,1,2,1,2,3,3,3,2,4,3,3,1,1,4,2,3,1,4,4,4,3,2,4,3,2,1,3,4,1,2,2,1,2,3,3,1,4,3,3,2,2,1,1,2,3,3,4,4,2,1,1,3,1,1,3,2,3,4,1,3,1,4,2,4,1,1,1,1,4,1,3,1,1,3,1,4,2,2,1,2,2,4,1,2,4,3,1,3,2,1,2,2,3,3,2,1,2,4,1,4,2,1,1,4,1,1,4,4,2,4,2,4,3,2,2,4,3,2,3,1,2,4,3,4,1,3,1,2,4,4,2,2,2,1,2,2,1,4,2,1,2,1,4,2,1,2,4,1,2,1,2,1,1,4,2,1,2,1,2,4,4,3,4,1,2,1,1,2,2,2,2,2,4,4,3,3,2,4,2,3,4,3,2,2,2,3,2,1,3,2,1,1,1,3,1,3,2,3,1,4,3,4,1,1,3,1,3,2,1,3,1,1,2"
29,0.9882627241940299,0.5,2136.0,"4,2,1,1,2,2,3,1,2,1,4,4,4,1,2,2,4,1,1,2,1,2,4,1,3,1,2,2,4,1,1,2,3,3,1,2,4,1,2,4,1,2,2,2,2,2,3,2,1,2,4,4,3,2,1,4,2,2,1,4,4,4,3,1,3,3,3,2,3,2,1,2,2,3,4,2,3,3,3,1,2,1,4,1,2,3,1,2,1,2,1,2,2,2,3,4,1,1,3,1,2,2,3,2,2,4,1,4,2,1,1,1,3,3,1,2,3,4,4,1,3,2,2,3,2,2,3,2,4,1,2,2,1,1,1,2,3,4,2,2,4,3,2,3,4,4,2,1,1,1,1,1,1,3,3,4,2,2,2,1,4,1,1,3,1,3,3,1,1,4,1,2,2,2,1,3,3,1,4,1,3,2,3,2,3,2,1,2,4,1,4,2,3,3,3,3,2,3,1,4,1,4,1,3,4,4,1,3,2,2,2,1,2,1,3,2,2,1,2,1,4,4,3,2,3,1,3,2,4,3,3,2,2,1,1,3,1,3,3,2,2,1,2,3,2,2,3,2,3,3,3,4,1,1,3,1,1,1,4,2,3,4,1,1,2,1,3,2,1,3,4,2,4,1,3,2,4,1,1,4,4,1,1,4,2,2,2,4,2,4,1,1,1,4,1,4,2,1,2,3,2,2,1,2,3,2,4,1,1,1,1,1,1,1,2,3,1,4,2,2,4,2,1,3,2,1,1,3,2,2,3,3,2,3,1,4,1,4,2,1,1,2,3,1,4,2,2,3,3,2,4,2,4,2,3,1,1,2,4,3,4,3,1,2,3,3,4,4,1,3,2,1,2,3,2,3,3,2,1,3,2,4,2,3,3,2,1,1,2,1,1,4,3,3,1,2,3,1,2,2,1,1,2,2,4,1,2,3,4,3,3,2,2,1,1,4,3,2,1,4,3,1,3,3,3,2,1,2,4,3,3,1,1,2,3,1,3,3,2,4,1,2,2,1,3,3,2,1,2,4,2,4,1,3,1,1,1,4,2,1,4,3,3,2,2,1,2,1,4,4,2,2,2,1,1,1,1,4,1,3,1,2,2,3,1,3,4,1,4,1,4,1,1,1,1,2,3,1,1,2,4,2,4,4,2,1,3,1,1,3,3,1,3,1,4,2,4,3,3,1,4,2,4,4,4,2,1,3,1,3,3,3,1,1,2,4,4,1,3,3,2,2,2,3,1,4,1,3,2,1,3,3,4,2,3,3,2,1,2,2,3,4,3,2,1,2,3,1,2,1,4,2,1,4,2,1,4,3,2,1,2,3,1,3,1,2,1,1,1,1,2,1,3,1,1,4,1,3,3,2,2,4,3,4,4,2,4,4,2,1,4,4,4,3,1,2,4,3,3,2,1,3,2,1,4,4,2,2,1,1,3,4,4,2,2,1,4,1,2,3,2,1,3,4,4,3,4,4,1,1,2,3,1,1,1,1,2,2,1,3,1,3,1,4,2,1,1,4,2,4,3,2,1,4,2,3,1,3,2,2,2,1,1,2,2,4,2,2,2,2,2,1,2,3,2,3,1,1,3,4,2,2,2,4,3,3,1,2,2,3,2,3,3,1,2,2,4,4,1,4,4,1,2,4,1,3,3,3,2,3,3,1,1,2,4,3,3,4,2,4,1,2,4,1,4,3,1,1,1,4,4,1,2,2,2,2,2,1,1,1,1,1,1,4,2,2,3,4,4,1,2,3,2,4,1,2,2,3,2,1,1,2,2,1,1,2,3,1,2,1,4,4,1,2,4,2,1,1,2,1,3,3,4,2,2,1,2,4,1,2,2,1,2,1,2,3,1,3,2,3,4,2,1,3,2,3,2,1,2,2,4,4,1,1,4,3,3,2,4,2,4,1,2,3,3,1,3,2,1,3,1,1,2,2,4,2,1,1,1,3,2,4,4,4,1,3,1,4,2,1,3,2,1,1,1,1,4,3,1,1,2,2,3,4,3,2,4,2,1,1,1,1,3,1,1,2,1,1,4,2,4,2,1,3,3,1,2,1,2,1,4,4,2,4,1,4,1,2,2,1,4,1,2,3,2,4,1,2,3,2,1,4,2,2,3,2,3,1,2,1,2,3,2,2,2,3,2,4,1,4,2,3,2,2,2,3,2,4,3,1,1,2,1,1,1,2,1,2,3,2,1,1,1,1,2,1,2,3,2,4,1,1,4,4,3,2,4,3,1,3,2,1,2,3,3,3,3,4,3,1,1,1,3,1,2,1,4,4,3,2,4,3,4,4,1,2,1,2,4,4,3,2,1,3,1,4,3,3,1,3,2,2,2,1,4,1,4,1,4,1,1,4,1,1,3,2,4,2,4,2,3,2,2,3,4,4,3,2,2,4,1,2,1,3,3,1,1,4,1,1,2,3,4,4,3,1,1,2,2,4,1,1,4,2,3,4,3,4,3,2,1,3,2,2,2,1,1,3,2,2,3,2,1,2,3,4,3,1,3,4,2,4,3,4,1,3,1,1,2,4,2,2,4,4,3,1,4,2,3,1,4,1,2,3,3,1,4,2,1,3,2,3,1,1,2,1,1,2,1,3,3,2,4,2,2,2,3,2,3,3,2,2,2,2,4,1,1,1,1,2,1,2,1,4,2,2,2,1,1,1,2,4,1,4,2,2,3,4,1,1,1,4,4,2,2,3,3,3,3,1,2,1,2,4,4,2,2,3,2,1,1,1,1,2,3,1,2,3,4,3,4,1,1,3,1,4,4,3,2,1,4,1,2,2,1,2,1,4,1,3,1,1,4,4,1,4,4,1,1,1,3,1,2,1,1,1,1,2,1,3,2,4,4,1,2,4,2,1,1,4,2,4,4,3,3,2,1,2,3,2,1,1,1,2,3,3,4,2,1,4,2,3,2,2,4,4,1,1,2,3,1,2,3,4,2,1,2,1,2,1,4,2,2,3,3,1,4,2,1,2,3,1,1,4,1,3,3,1,2,4,1,4,1,2,1,1,1,2,2,3,3,1,1,4,2,2,4,2,1,1,2,2,1,2,4,3,2,3,3,4,4,1,4,4,3,2,4,3,1,1,3,2,4,2,2,1,1,4,4,2,1,1,3,3,3,3,1,3,2,2,2,2,1,1,3,2,4,4,1,2,3,1,3,1,1,3,1,4,1,1,2,1,3,1,2,2,4,1,1,4,1,4,4,2,1,1,2,3,1,1,1,1,2,3,4,3,2,3,3,1,2,4,2,3,1,2,2,2,4,3,2,2,2,4,1,1,1,2,4,2,1,4,2,1,1,1,2,1,2,1,2,3,3,3,2,4,3,3,1,1,4,2,3,1,4,4,4,3,2,4,3,2,1,3,4,1,2,2,1,2,3,3,1,4,3,3,2,2,1,1,2,3,3,4,4,2,1,1,3,1,1,3,2,3,4,1,3,1,4,2,4,1,1,1,1,4,1,3,1,1,3,1,4,2,2,1,2,2,4,1,2,4,3,1,3,2,1,2,2,3,3,2,1,2,4,1,4,2,1,1,4,1,1,4,4,2,4,2,4,3,2,2,4,3,2,3,1,2,4,3,4,1,3,1,2,4,4,2,2,2,1,2,2,1,4,2,1,2,1,4,2,1,2,4,1,2,1,2,1,1,4,2,1,2,1,2,4,4,3,4,1,2,1,1,2,2,2,2,2,4,4,3,3,2,4,2,3,4,3,2,2,2,3,2,1,3,2,1,1,1,3,1,3,2,3,1,4,3,4,1,1,3,1,3,2,1,3,1,1,2"
30,0.9882627241940299,0.5,2136.0,"4,2,1,1,2,2,3,1,2,1,4,4,4,1,2,2,4,1,1,2,1,2,4,1,3,1,2,2,4,1,1,2,3,3,1,2,4,1,2,4,1,2,2,2,2,2,3,2,1,2,4,4,3,2,1,4,2,2,1,4,4,4,3,1,3,3,3,2,3,2,1,2,2,3,4,2,3,3,3,1,2,1,4,1,2,3,1,2,1,2,1,2,2,2,3,4,1,1,3,1,2,2,3,2,2,4,1,4,2,1,1,1,3,3,1,2,3,4,4,1,3,2,2,3,2,2,3,2,4,1,2,2,1,1,1,2,3,4,2,2,4,3,2,3,4,4,2,1,1,1,1,1,1,3,3,4,2,2,2,1,4,1,1,3,1,3,3,1,1,4,1,2,2,2,1,3,3,1,4,1,3,2,3,2,3,2,1,2,4,1,4,2,3,3,3,3,2,3,1,4,1,4,1,3,4,4,1,3,2,2,2,1,2,1,3,2,2,1,2,1,4,4,3,2,3,1,3,2,4,3,3,2,2,1,1,3,1,3,3,2,2,1,2,3,2,2,3,2,3,3,3,4,1,1,3,1,1,1,4,2,3,4,1,1,2,1,3,2,1,3,4,2,4,1,3,2,4,1,1,4,4,1,1,4,2,2,2,4,2,4,1,1,1,4,1,4,2,1,2,3,2,2,1,2,3,2,4,1,1,1,1,1,1,1,2,3,1,4,2,2,4,2,1,3,2,1,1,3,2,2,3,3,2,3,1,4,1,4,2,1,1,2,3,1,4,2,2,3,3,2,4,2,4,2,3,1,1,2,4,3,4,3,1,2,3,3,4,4,1,3,2,1,2,3,2,3,3,2,1,3,2,4,2,3,3,2,1,1,2,1,1,4,3,3,1,2,3,1,2,2,1,1,2,2,4,1,2,3,4,3,3,2,2,1,1,4,3,2,1,4,3,1,3,3,3,2,1,2,4,3,3,1,1,2,3,1,3,3,2,4,1,2,2,1,3,3,2,1,2,4,2,4,1,3,1,1,1,4,2,1,4,3,3,2,2,1,2,1,4,4,2,2,2,1,1,1,1,4,1,3,1,2,2,3,1,3,4,1,4,1,4,1,1,1,1,2,3,1,1,2,4,2,4,4,2,1,3,1,1,3,3,1,3,1,4,2,4,3,3,1,4,2,4,4,4,2,1,3,1,3,3,3,1,1,2,4,4,1,3,3,2,2,2,3,1,4,1,3,2,1,3,3,4,2,3,3,2,1,2,2,3,4,3,2,1,2,3,1,2,1,4,2,1,4,2,1,4,3,2,1,2,3,1,3,1,2,1,1,1,1,2,1,3,1,1,4,1,3,3,2,2,4,3,4,4,2,4,4,2,1,4,4,4,3,1,2,4,3,3,2,1,3,2,1,4,4,2,2,1,1,3,4,4,2,2,1,4,1,2,3,2,1,3,4,4,3,4,4,1,1,2,3,1,1,1,1,2,2,1,3,1,3,1,4,2,1,1,4,2,4,3,2,1,4,2,3,1,3,2,2,2,1,1,2,2,4,2,2,2,2,2,1,2,3,2,3,1,1,3,4,2,2,2,4,3,3,1,2,2,3,2,3,3,1,2,2,4,4,1,4,4,1,2,4,1,3,3,3,2,3,3,1,1,2,4,3,3,4,2,4,1,2,4,1,4,3,1,1,1,4,4,1,2,2,2,2,2,1,1,1,1,1,1,4,2,2,3,4,4,1,2,3,2,4,1,2,2,3,2,1,1,2,2,1,1,2,3,1,2,1,4,4,1,2,4,2,1,1,2,1,3,3,4,2,2,1,2,4,1,2,2,1,2,1,2,3,1,3,2,3,4,2,1,3,2,3,2,1,2,2,4,4,1,1,4,3,3,2,4,2,4,1,2,3,3,1,3,2,1,3,1,1,2,2,4,2,1,1,1,3,2,4,4,4,1,3,1,4,2,1,3,2,1,1,1,1,4,3,1,1,2,2,3,4,3,2,4,2,1,1,1,1,3,1,1,2,1,1,4,2,4,2,1,3,3,1,2,1,2,1,4,4,2,4,1,4,1,2,2,1,4,1,2,3,2,4,1,2,3,2,1,4,2,2,3,2,3,1,2,1,2,3,2,2,2,3,2,4,1,4,2,3,2,2,2,3,2,4,3,1,1,2,1,1,1,2,1,2,3,2,1,1,1,1,2,1,2,3,2,4,1,1,4,4,3,2,4,3,1,3,2,1,2,3,3,3,3,4,3,1,1,1,3,1,2,1,4,4,3,2,4,3,4,4,1,2,1,2,4,4,3,2,1,3,1,4,3,3,1,3,2,2,2,1,4,1,4,1,4,1,1,4,1,1,3,2,4,2,4,2,3,2,2,3,4,4,3,2,2,4,1,2,1,3,3,1,1,4,1,1,2,3,4,4,3,1,1,2,2,4,1,1,4,2,3,4,3,4,3,2,1,3,2,2,2,1,1,3,2,2,3,2,1,2,3,4,3,1,3,4,2,4,3,4,1,3,1,1,2,4,2,2,4,4,3,1,4,2,3,1,4,1,2,3,3,1,4,2,1,3,2,3,1,1,2,1,1,2,1,3,3,2,4,2,2,2,3,2,3,3,2,2,2,2,4,1,1,1,1,2,1,2,1,4,2,2,2,1,1,1,2,4,1,4,2,2,3,4,1,1,1,4,4,2,2,3,3,3,3,1,2,1,2,4,4,2,2,3,2,1,1,1,1,2,3,1,2,3,4,3,4,1,1,3,1,4,4,3,2,1,4,1,2,2,1,2,1,4,1,3,1,1,4,4,1,4,4,1,1,1,3,1,2,1,1,1,1,2,1,3,2,4,4,1,2,4,2,1,1,4,2,4,4,3,3,2,1,2,3,2,1,1,1,2,3,3,4,2,1,4,2,3,2,2,4,4,1,1,2,3,1,2,3,4,2,1,2,1,2,1,4,2,2,3,3,1,4,2,1,2,3,1,1,4,1,3,3,1,2,4,1,4,1,2,1,1,1,2,2,3,3,1,1,4,2,2,4,2,1,1,2,2,1,2,4,3,2,3,3,4,4,1,4,4,3,2,4,3,1,1,3,2,4,2,2,1,1,4,4,2,1,1,3,3,3,3,1,3,2,2,2,2,1,1,3,2,4,4,1,2,3,1,3,1,1,3,1,4,1,1,2,1,3,1,2,2,4,1,1,4,1,4,4,2,1,1,2,3,1,1,1,1,2,3,4,3,2,3,3,1,2,4,2,3,1,2,2,2,4,3,2,2,2,4,1,1,1,2,4,2,1,4,2,1,1,1,2,1,2,1,2,3,3,3,2,4,3,3,1,1,4,2,3,1,4,4,4,3,2,4,3,2,1,3,4,1,2,2,1,2,3,3,1,4,3,3,2,2,1,1,2,3,3,4,4,2,1,1,3,1,1,3,2,3,4,1,3,1,4,2,4,1,1,1,1,4,1,3,1,1,3,1,4,2,2,1,2,2,4,1,2,4,3,1,3,2,1,2,2,3,3,2,1,2,4,1,4,2,1,1,4,1,1,4,4,2,4,2,4,3,2,2,4,3,2,3,1,2,4,3,4,1,3,1,2,4,4,2,2,2,1,2,2,1,4,2,1,2,1,4,2,1,2,4,1,2,1,2,1,1,4,2,1,2,1,2,4,4,3,4,1,2,1,1,2,2,2,2,2,4,4,3,3,2,4,2,3,4,3,2,2,2,3,2,1,3,2,1,1,1,3,1,3,2,3,1,4,3,4,1,1,3,1,3,2,1,3,1,1,2"
31,0.9882627241940299,0.5,2136.0,"4,2,1,1,2,2,3,1,2,1,4,4,4,1,2,2,4,1,1,2,1,2,4,1,3,1,2,2,4,1,1,2,3,3,1,2,4,1,2,4,1,2,2,2,2,2,3,2,1,2,4,4,3,2,1,4,2,2,1,4,4,4,3,1,3,3,3,2,3,2,1,2,2,3,4,2,3,3,3,1,2,1,4,1,2,3,1,2,1,2,1,2,2,2,3,4,1,1,3,1,2,2,3,2,2,4,1,4,2,1,1,1,3,3,1,2,3,4,4,1,3,2,2,3,2,2,3,2,4,1,2,2,1,1,1,2,3,4,2,2,4,3,2,3,4,4,2,1,1,1,1,1,1,3,3,4,2,2,2,1,4,1,1,3,1,3,3,1,1,4,1,2,2,2,1,3,3,1,4,1,3,2,3,2,3,2,1,2,4,1,4,2,3,3,3,3,2,3,1,4,1,4,1,3,4,4,1,3,2,2,2,1,2,1,3,2,2,1,2,1,4,4,3,2,3,1,3,2,4,3,3,2,2,1,1,3,1,3,3,2,2,1,2,3,2,2,3,2,3,3,3,4,1,1,3,1,1,1,4,2,3,4,1,1,2,1,3,2,1,3,4,2,4,1,3,2,4,1,1,4,4,1,1,4,2,2,2,4,2,4,1,1,1,4,1,4,2,1,2,3,2,2,1,2,3,2,4,1,1,1,1,1,1,1,2,3,1,4,2,2,4,2,1,3,2,1,1,3,2,2,3,3,2,3,1,4,1,4,2,1,1,2,3,1,4,2,2,3,3,2,4,2,4,2,3,1,1,2,4,3,4,3,1,2,3,3,4,4,1,3,2,1,2,3,2,3,3,2,1,3,2,4,2,3,3,2,1,1,2,1,1,4,3,3,1,2,3,1,2,2,1,1,2,2,4,1,2,3,4,3,3,2,2,1,1,4,3,2,1,4,3,1,3,3,3,2,1,2,4,3,3,1,1,2,3,1,3,3,2,4,1,2,2,1,3,3,2,1,2,4,2,4,1,3,1,1,1,4,2,1,4,3,3,2,2,1,2,1,4,4,2,2,2,1,1,1,1,4,1,3,1,2,2,3,1,3,4,1,4,1,4,1,1,1,1,2,3,1,1,2,4,2,4,4,2,1,3,1,1,3,3,1,3,1,4,2,4,3,3,1,4,2,4,4,4,2,1,3,1,3,3,3,1,1,2,4,4,1,3,3,2,2,2,3,1,4,1,3,2,1,3,3,4,2,3,3,2,1,2,2,3,4,3,2,1,2,3,1,2,1,4,2,1,4,2,1,4,3,2,1,2,3,1,3,1,2,1,1,1,1,2,1,3,1,1,4,1,3,3,2,2,4,3,4,4,2,4,4,2,1,4,4,4,3,1,2,4,3,3,2,1,3,2,1,4,4,2,2,1,1,3,4,4,2,2,1,4,1,2,3,2,1,3,4,4,3,4,4,1,1,2,3,1,1,1,1,2,2,1,3,1,3,1,4,2,1,1,4,2,4,3,2,1,4,2,3,1,3,2,2,2,1,1,2,2,4,2,2,2,2,2,1,2,3,2,3,1,1,3,4,2,2,2,4,3,3,1,2,2,3,2,3,3,1,2,2,4,4,1,4,4,1,2,4,1,3,3,3,2,3,3,1,1,2,4,3,3,4,2,4,1,2,4,1,4,3,1,1,1,4,4,1,2,2,2,2,2,1,1,1,1,1,1,4,2,2,3,4,4,1,2,3,2,4,1,2,2,3,2,1,1,2,2,1,1,2,3,1,2,1,4,4,1,2,4,2,1,1,2,1,3,3,4,2,2,1,2,4,1,2,2,1,2,1,2,3,1,3,2,3,4,2,1,3,2,3,2,1,2,2,4,4,1,1,4,3,3,2,4,2,4,1,2,3,3,1,3,2,1,3,1,1,2,2,4,2,1,1,1,3,2,4,4,4,1,3,1,4,2,1,3,2,1,1,1,1,4,3,1,1,2,2,3,4,3,2,4,2,1,1,1,1,3,1,1,2,1,1,4,2,4,2,1,3,3,1,2,1,2,1,4,4,2,4,1,4,1,2,2,1,4,1,2,3,2,4,1,2,3,2,1,4,2,2,3,2,3,1,2,1,2,3,2,2,2,3,2,4,1,4,2,3,2,2,2,3,2,4,3,1,1,2,1,1,1,2,1,2,3,2,1,1,1,1,2,1,2,3,2,4,1,1,4,4,3,2,4,3,1,3,2,1,2,3,3,3,3,4,3,1,1,1,3,1,2,1,4,4,3,2,4,3,4,4,1,2,1,2,4,4,3,2,1,3,1,4,3,3,1,3,2,2,2,1,4,1,4,1,4,1,1,4,1,1,3,2,4,2,4,2,3,2,2,3,4,4,3,2,2,4,1,2,1,3,3,1,1,4,1,1,2,3,4,4,3,1,1,2,2,4,1,1,4,2,3,4,3,4,3,2,1,3,2,2,2,1,1,3,2,2,3,2,1,2,3,4,3,1,3,4,2,4,3,4,1,3,1,1,2,4,2,2,4,4,3,1,4,2,3,1,4,1,2,3,3,1,4,2,1,3,2,3,1,1,2,1,1,2,1,3,3,2,4,2,2,2,3,2,3,3,2,2,2,2,4,1,1,1,1,2,1,2,1,4,2,2,2,1,1,1,2,4,1,4,2,2,3,4,1,1,1,4,4,2,2,3,3,3,3,1,2,1,2,4,4,2,2,3,2,1,1,1,1,2,3,1,2,3,4,3,4,1,1,3,1,4,4,3,2,1,4,1,2,2,1,2,1,4,1,3,1,1,4,4,1,4,4,1,1,1,3,1,2,1,1,1,1,2,1,3,2,4,4,1,2,4,2,1,1,4,2,4,4,3,3,2,1,2,3,2,1,1,1,2,3,3,4,2,1,4,2,3,2,2,4,4,1,1,2,3,1,2,3,4,2,1,2,1,2,1,4,2,2,3,3,1,4,2,1,2,3,1,1,4,1,3,3,1,2,4,1,4,1,2,1,1,1,2,2,3,3,1,1,4,2,2,4,2,1,1,2,2,1,2,4,3,2,3,3,4,4,1,4,4,3,2,4,3,1,1,3,2,4,2,2,1,1,4,4,2,1,1,3,3,3,3,1,3,2,2,2,2,1,1,3,2,4,4,1,2,3,1,3,1,1,3,1,4,1,1,2,1,3,1,2,2,4,1,1,4,1,4,4,2,1,1,2,3,1,1,1,1,2,3,4,3,2,3,3,1,2,4,2,3,1,2,2,2,4,3,2,2,2,4,1,1,1,2,4,2,1,4,2,1,1,1,2,1,2,1,2,3,3,3,2,4,3,3,1,1,4,2,3,1,4,4,4,3,2,4,3,2,1,3,4,1,2,2,1,2,3,3,1,4,3,3,2,2,1,1,2,3,3,4,4,2,1,1,3,1,1,3,2,3,4,1,3,1,4,2,4,1,1,1,1,4,1,3,1,1,3,1,4,2,2,1,2,2,4,1,2,4,3,1,3,2,1,2,2,3,3,2,1,2,4,1,4,2,1,1,4,1,1,4,4,2,4,2,4,3,2,2,4,3,2,3,1,2,4,3,4,1,3,1,2,4,4,2,2,2,1,2,2,1,4,2,1,2,1,4,2,1,2,4,1,2,1,2,1,1,4,2,1,2,1,2,4,4,3,4,1,2,1,1,2,2,2,2,2,4,4,3,3,2,4,2,3,4,3,2,2,2,3,2,1,3,2,1,1,1,3,1,3,2,3,1,4,3,4,1,1,3,1,3,2,1,3,1,1,2"
32,0.9882627241940299,0.5,2136.0,"4,2,1,1,2,2,3,1,2,1,4,4,4,1,2,2,4,1,1,2,1,2,4,1,3,1,2,2,4,1,1,2,3,3,1,2,4,1,2,4,1,2,2,2,2,2,3,2,1,2,4,4,3,2,1,4,2,2,1,4,4,4,3,1,3,3,3,2,3,2,1,2,2,3,4,2,3,3,3,1,2,1,4,1,2,3,1,2,1,2,1,2,2,2,3,4,1,1,3,1,2,2,3,2,2,4,1,4,2,1,1,1,3,3,1,2,3,4,4,1,3,2,2,3,2,2,3,2,4,1,2,2,1,1,1,2,3,4,2,2,4,3,2,3,4,4,2,1,1,1,1,1,1,3,3,4,2,2,2,1,4,1,1,3,1,3,3,1,1,4,1,2,2,2,1,3,3,1,4,1,3,2,3,2,3,2,1,2,4,1,4,2,3,3,3,3,2,3,1,4,1,4,1,3,4,4,1,3,2,2,2,1,2,1,3,2,2,1,2,1,4,4,3,2,3,1,3,2,4,3,3,2,2,1,1,3,1,3,3,2,2,1,2,3,2,2,3,2,3,3,3,4,1,1,3,1,1,1,4,2,3,4,1,1,2,1,3,2,1,3,4,2,4,1,3,2,4,1,1,4,4,1,1,4,2,2,2,4,2,4,1,1,1,4,1,4,2,1,2,3,2,2,1,2,3,2,4,1,1,1,1,1,1,1,2,3,1,4,2,2,4,2,1,3,2,1,1,3,2,2,3,3,2,3,1,4,1,4,2,1,1,2,3,1,4,2,2,3,3,2,4,2,4,2,3,1,1,2,4,3,4,3,1,2,3,3,4,4,1,3,2,1,2,3,2,3,3,2,1,3,2,4,2,3,3,2,1,1,2,1,1,4,3,3,1,2,3,1,2,2,1,1,2,2,4,1,2,3,4,3,3,2,2,1,1,4,3,2,1,4,3,1,3,3,3,2,1,2,4,3,3,1,1,2,3,1,3,3,2,4,1,2,2,1,3,3,2,1,2,4,2,4,1,3,1,1,1,4,2,1,4,3,3,2,2,1,2,1,4,4,2,2,2,1,1,1,1,4,1,3,1,2,2,3,1,3,4,1,4,1,4,1,1,1,1,2,3,1,1,2,4,2,4,4,2,1,3,1,1,3,3,1,3,1,4,2,4,3,3,1,4,2,4,4,4,2,1,3,1,3,3,3,1,1,2,4,4,1,3,3,2,2,2,3,1,4,1,3,2,1,3,3,4,2,3,3,2,1,2,2,3,4,3,2,1,2,3,1,2,1,4,2,1,4,2,1,4,3,2,1,2,3,1,3,1,2,1,1,1,1,2,1,3,1,1,4,1,3,3,2,2,4,3,4,4,2,4,4,2,1,4,4,4,3,1,2,4,3,3,2,1,3,2,1,4,4,2,2,1,1,3,4,4,2,2,1,4,1,2,3,2,1,3,4,4,3,4,4,1,1,2,3,1,1,1,1,2,2,1,3,1,3,1,4,2,1,1,4,2,4,3,2,1,4,2,3,1,3,2,2,2,1,1,2,2,4,2,2,2,2,2,1,2,3,2,3,1,1,3,4,2,2,2,4,3,3,1,2,2,3,2,3,3,1,2,2,4,4,1,4,4,1,2,4,1,3,3,3,2,3,3,1,1,2,4,3,3,4,2,4,1,2,4,1,4,3,1,1,1,4,4,1,2,2,2,2,2,1,1,1,1,1,1,4,2,2,3,4,4,1,2,3,2,4,1,2,2,3,2,1,1,2,2,1,1,2,3,1,2,1,4,4,1,2,4,2,1,1,2,1,3,3,4,2,2,1,2,4,1,2,2,1,2,1,2,3,1,3,2,3,4,2,1,3,2,3,2,1,2,2,4,4,1,1,4,3,3,2,4,2,4,1,2,3,3,1,3,2,1,3,1,1,2,2,4,2,1,1,1,3,2,4,4,4,1,3,1,4,2,1,3,2,1,1,1,1,4,3,1,1,2,2,3,4,3,2,4,2,1,1,1,1,3,1,1,2,1,1,4,2,4,2,1,3,3,1,2,1,2,1,4,4,2,4,1,4,1,2,2,1,4,1,2,3,2,4,1,2,3,2,1,4,2,2,3,2,3,1,2,1,2,3,2,2,2,3,2,4,1,4,2,3,2,2,2,3,2,4,3,1,1,2,1,1,1,2,1,2,3,2,1,1,1,1,2,1,2,3,2,4,1,1,4,4,3,2,4,3,1,3,2,1,2,3,3,3,3,4,3,1,1,1,3,1,2,1,4,4,3,2,4,3,4,4,1,2,1,2,4,4,3,2,1,3,1,4,3,3,1,3,2,2,2,1,4,1,4,1,4,1,1,4,1,1,3,2,4,2,4,2,3,2,2,3,4,4,3,2,2,4,1,2,1,3,3,1,1,4,1,1,2,3,4,4,3,1,1,2,2,4,1,1,4,2,3,4,3,4,3,2,1,3,2,2,2,1,1,3,2,2,3,2,1,2,3,4,3,1,3,4,2,4,3,4,1,3,1,1,2,4,2,2,4,4,3,1,4,2,3,1,4,1,2,3,3,1,4,2,1,3,2,3,1,1,2,1,1,2,1,3,3,2,4,2,2,2,3,2,3,3,2,2,2,2,4,1,1,1,1,2,1,2,1,4,2,2,2,1,1,1,2,4,1,4,2,2,3,4,1,1,1,4,4,2,2,3,3,3,3,1,2,1,2,4,4,2,2,3,2,1,1,1,1,2,3,1,2,3,4,3,4,1,1,3,1,4,4,3,2,1,4,1,2,2,1,2,1,4,1,3,1,1,4,4,1,4,4,1,1,1,3,1,2,1,1,1,1,2,1,3,2,4,4,1,2,4,2,1,1,4,2,4,4,3,3,2,1,2,3,2,1,1,1,2,3,3,4,2,1,4,2,3,2,2,4,4,1,1,2,3,1,2,3,4,2,1,2,1,2,1,4,2,2,3,3,1,4,2,1,2,3,1,1,4,1,3,3,1,2,4,1,4,1,2,1,1,1,2,2,3,3,1,1,4,2,2,4,2,1,1,2,2,1,2,4,3,2,3,3,4,4,1,4,4,3,2,4,3,1,1,3,2,4,2,2,1,1,4,4,2,1,1,3,3,3,3,1,3,2,2,2,2,1,1,3,2,4,4,1,2,3,1,3,1,1,3,1,4,1,1,2,1,3,1,2,2,4,1,1,4,1,4,4,2,1,1,2,3,1,1,1,1,2,3,4,3,2,3,3,1,2,4,2,3,1,2,2,2,4,3,2,2,2,4,1,1,1,2,4,2,1,4,2,1,1,1,2,1,2,1,2,3,3,3,2,4,3,3,1,1,4,2,3,1,4,4,4,3,2,4,3,2,1,3,4,1,2,2,1,2,3,3,1,4,3,3,2,2,1,1,2,3,3,4,4,2,1,1,3,1,1,3,2,3,4,1,3,1,4,2,4,1,1,1,1,4,1,3,1,1,3,1,4,2,2,1,2,2,4,1,2,4,3,1,3,2,1,2,2,3,3,2,1,2,4,1,4,2,1,1,4,1,1,4,4,2,4,2,4,3,2,2,4,3,2,3,1,2,4,3,4,1,3,1,2,4,4,2,2,2,1,2,2,1,4,2,1,2,1,4,2,1,2,4,1,2,1,2,1,1,4,2,1,2,1,2,4,4,3,4,1,2,1,1,2,2,2,2,2,4,4,3,3,2,4,2,3,4,3,2,2,2,3,2,1,3,2,1,1,1,3,1,3,2,3,1,4,3,4,1,1,3,1,3,2,1,3,1,1,2"
33,0.9882627241940299,0.5,2136.0,"4,2,1,1,2,2,3,1,2,1,4,4,4,1,2,2,4,1,1,2,1,2,4,1,3,1,2,2,4,1,1,2,3,3,1,2,4,1,2,4,1,2,2,2,2,2,3,2,1,2,4,4,3,2,1,4,2,2,1,4,4,4,3,1,3,3,3,2,3,2,1,2,2,3,4,2,3,3,3,1,2,1,4,1,2,3,1,2,1,2,1,2,2,2,3,4,1,1,3,1,2,2,3,2,2,4,1,4,2,1,1,1,3,3,1,2,3,4,4,1,3,2,2,3,2,2,3,2,4,1,2,2,1,1,1,2,3,4,2,2,4,3,2,3,4,4,2,1,1,1,1,1,1,3,3,4,2,2,2,1,4,1,1,3,1,3,3,1,1,4,1,2,2,2,1,3,3,1,4,1,3,2,3,2,3,2,1,2,4,1,4,2,3,3,3,3,2,3,1,4,1,4,1,3,4,4,1,3,2,2,2,1,2,1,3,2,2,1,2,1,4,4,3,2,3,1,3,2,4,3,3,2,2,1,1,3,1,3,3,2,2,1,2,3,2,2,3,2,3,3,3,4,1,1,3,1,1,1,4,2,3,4,1,1,2,1,3,2,1,3,4,2,4,1,3,2,4,1,1,4,4,1,1,4,2,2,2,4,2,4,1,1,1,4,1,4,2,1,2,3,2,2,1,2,3,2,4,1,1,1,1,1,1,1,2,3,1,4,2,2,4,2,1,3,2,1,1,3,2,2,3,3,2,3,1,4,1,4,2,1,1,2,3,1,4,2,2,3,3,2,4,2,4,2,3,1,1,2,4,3,4,3,1,2,3,3,4,4,1,3,2,1,2,3,2,3,3,2,1,3,2,4,2,3,3,2,1,1,2,1,1,4,3,3,1,2,3,1,2,2,1,1,2,2,4,1,2,3,4,3,3,2,2,1,1,4,3,2,1,4,3,1,3,3,3,2,1,2,4,3,3,1,1,2,3,1,3,3,2,4,1,2,2,1,3,3,2,1,2,4,2,4,1,3,1,1,1,4,2,1,4,3,3,2,2,1,2,1,4,4,2,2,2,1,1,1,1,4,1,3,1,2,2,3,1,3,4,1,4,1,4,1,1,1,1,2,3,1,1,2,4,2,4,4,2,1,3,1,1,3,3,1,3,1,4,2,4,3,3,1,4,2,4,4,4,2,1,3,1,3,3,3,1,1,2,4,4,1,3,3,2,2,2,3,1,4,1,3,2,1,3,3,4,2,3,3,2,1,2,2,3,4,3,2,1,2,3,1,2,1,4,2,1,4,2,1,4,3,2,1,2,3,1,3,1,2,1,1,1,1,2,1,3,1,1,4,1,3,3,2,2,4,3,4,4,2,4,4,2,1,4,4,4,3,1,2,4,3,3,2,1,3,2,1,4,4,2,2,1,1,3,4,4,2,2,1,4,1,2,3,2,1,3,4,4,3,4,4,1,1,2,3,1,1,1,1,2,2,1,3,1,3,1,4,2,1,1,4,2,4,3,2,1,4,2,3,1,3,2,2,2,1,1,2,2,4,2,2,2,2,2,1,2,3,2,3,1,1,3,4,2,2,2,4,3,3,1,2,2,3,2,3,3,1,2,2,4,4,1,4,4,1,2,4,1,3,3,3,2,3,3,1,1,2,4,3,3,4,2,4,1,2,4,1,4,3,1,1,1,4,4,1,2,2,2,2,2,1,1,1,1,1,1,4,2,2,3,4,4,1,2,3,2,4,1,2,2,3,2,1,1,2,2,1,1,2,3,1,2,1,4,4,1,2,4,2,1,1,2,1,3,3,4,2,2,1,2,4,1,2,2,1,2,1,2,3,1,3,2,3,4,2,1,3,2,3,2,1,2,2,4,4,1,1,4,3,3,2,4,2,4,1,2,3,3,1,3,2,1,3,1,1,2,2,4,2,1,1,1,3,2,4,4,4,1,3,1,4,2,1,3,2,1,1,1,1,4,3,1,1,2,2,3,4,3,2,4,2,1,1,1,1,3,1,1,2,1,1,4,2,4,2,1,3,3,1,2,1,2,1,4,4,2,4,1,4,1,2,2,1,4,1,2,3,2,4,1,2,3,2,1,4,2,2,3,2,3,1,2,1,2,3,2,2,2,3,2,4,1,4,2,3,2,2,2,3,2,4,3,1,1,2,1,1,1,2,1,2,3,2,1,1,1,1,2,1,2,3,2,4,1,1,4,4,3,2,4,3,1,3,2,1,2,3,3,3,3,4,3,1,1,1,3,1,2,1,4,4,3,2,4,3,4,4,1,2,1,2,4,4,3,2,1,3,1,4,3,3,1,3,2,2,2,1,4,1,4,1,4,1,1,4,1,1,3,2,4,2,4,2,3,2,2,3,4,4,3,2,2,4,1,2,1,3,3,1,1,4,1,1,2,3,4,4,3,1,1,2,2,4,1,1,4,2,3,4,3,4,3,2,1,3,2,2,2,1,1,3,2,2,3,2,1,2,3,4,3,1,3,4,2,4,3,4,1,3,1,1,2,4,2,2,4,4,3,1,4,2,3,1,4,1,2,3,3,1,4,2,1,3,2,3,1,1,2,1,1,2,1,3,3,2,4,2,2,2,3,2,3,3,2,2,2,2,4,1,1,1,1,2,1,2,1,4,2,2,2,1,1,1,2,4,1,4,2,2,3,4,1,1,1,4,4,2,2,3,3,3,3,1,2,1,2,4,4,2,2,3,2,1,1,1,1,2,3,1,2,3,4,3,4,1,1,3,1,4,4,3,2,1,4,1,2,2,1,2,1,4,1,3,1,1,4,4,1,4,4,1,1,1,3,1,2,1,1,1,1,2,1,3,2,4,4,1,2,4,2,1,1,4,2,4,4,3,3,2,1,2,3,2,1,1,1,2,3,3,4,2,1,4,2,3,2,2,4,4,1,1,2,3,1,2,3,4,2,1,2,1,2,1,4,2,2,3,3,1,4,2,1,2,3,1,1,4,1,3,3,1,2,4,1,4,1,2,1,1,1,2,2,3,3,1,1,4,2,2,4,2,1,1,2,2,1,2,4,3,2,3,3,4,4,1,4,4,3,2,4,3,1,1,3,2,4,2,2,1,1,4,4,2,1,1,3,3,3,3,1,3,2,2,2,2,1,1,3,2,4,4,1,2,3,1,3,1,1,3,1,4,1,1,2,1,3,1,2,2,4,1,1,4,1,4,4,2,1,1,2,3,1,1,1,1,2,3,4,3,2,3,3,1,2,4,2,3,1,2,2,2,4,3,2,2,2,4,1,1,1,2,4,2,1,4,2,1,1,1,2,1,2,1,2,3,3,3,2,4,3,3,1,1,4,2,3,1,4,4,4,3,2,4,3,2,1,3,4,1,2,2,1,2,3,3,1,4,3,3,2,2,1,1,2,3,3,4,4,2,1,1,3,1,1,3,2,3,4,1,3,1,4,2,4,1,1,1,1,4,1,3,1,1,3,1,4,2,2,1,2,2,4,1,2,4,3,1,3,2,1,2,2,3,3,2,1,2,4,1,4,2,1,1,4,1,1,4,4,2,4,2,4,3,2,2,4,3,2,3,1,2,4,3,4,1,3,1,2,4,4,2,2,2,1,2,2,1,4,2,1,2,1,4,2,1,2,4,1,2,1,2,1,1,4,2,1,2,1,2,4,4,3,4,1,2,1,1,2,2,2,2,2,4,4,3,3,2,4,2,3,4,3,2,2,2,3,2,1,3,2,1,1,1,3,1,3,2,3,1,4,3,4,1,1,3,1,3,2,1,3,1,1,2"
34,0.9882627241940299,0.5,2136.0,"4,2,1,1,2,2,3,1,2,1,4,4,4,1,2,2,4,1,1,2,1,2,4,1,3,1,2,2,4,1,1,2,3,3,1,2,4,1,2,4,1,2,2,2,2,2,3,2,1,2,4,4,3,2,1,4,2,2,1,4,4,4,3,1,3,3,3,2,3,2,1,2,2,3,4,2,3,3,3,1,2,1,4,1,2,3,1,2,1,2,1,2,2,2,3,4,1,1,3,1,2,2,3,2,2,4,1,4,2,1,1,1,3,3,1,2,3,4,4,1,3,2,2,3,2,2,3,2,4,1,2,2,1,1,1,2,3,4,2,2,4,3,2,3,4,4,2,1,1,1,1,1,1,3,3,4,2,2,2,1,4,1,1,3,1,3,3,1,1,4,1,2,2,2,1,3,3,1,4,1,3,2,3,2,3,2,1,2,4,1,4,2,3,3,3,3,2,3,1,4,1,4,1,3,4,4,1,3,2,2,2,1,2,1,3,2,2,1,2,1,4,4,3,2,3,1,3,2,4,3,3,2,2,1,1,3,1,3,3,2,2,1,2,3,2,2,3,2,3,3,3,4,1,1,3,1,1,1,4,2,3,4,1,1,2,1,3,2,1,3,4,2,4,1,3,2,4,1,1,4,4,1,1,4,2,2,2,4,2,4,1,1,1,4,1,4,2,1,2,3,2,2,1,2,3,2,4,1,1,1,1,1,1,1,2,3,1,4,2,2,4,2,1,3,2,1,1,3,2,2,3,3,2,3,1,4,1,4,2,1,1,2,3,1,4,2,2,3,3,2,4,2,4,2,3,1,1,2,4,3,4,3,1,2,3,3,4,4,1,3,2,1,2,3,2,3,3,2,1,3,2,4,2,3,3,2,1,1,2,1,1,4,3,3,1,2,3,1,2,2,1,1,2,2,4,1,2,3,4,3,3,2,2,1,1,4,3,2,1,4,3,1,3,3,3,2,1,2,4,3,3,1,1,2,3,1,3,3,2,4,1,2,2,1,3,3,2,1,2,4,2,4,1,3,1,1,1,4,2,1,4,3,3,2,2,1,2,1,4,4,2,2,2,1,1,1,1,4,1,3,1,2,2,3,1,3,4,1,4,1,4,1,1,1,1,2,3,1,1,2,4,2,4,4,2,1,3,1,1,3,3,1,3,1,4,2,4,3,3,1,4,2,4,4,4,2,1,3,1,3,3,3,1,1,2,4,4,1,3,3,2,2,2,3,1,4,1,3,2,1,3,3,4,2,3,3,2,1,2,2,3,4,3,2,1,2,3,1,2,1,4,2,1,4,2,1,4,3,2,1,2,3,1,3,1,2,1,1,1,1,2,1,3,1,1,4,1,3,3,2,2,4,3,4,4,2,4,4,2,1,4,4,4,3,1,2,4,3,3,2,1,3,2,1,4,4,2,2,1,1,3,4,4,2,2,1,4,1,2,3,2,1,3,4,4,3,4,4,1,1,2,3,1,1,1,1,2,2,1,3,1,3,1,4,2,1,1,4,2,4,3,2,1,4,2,3,1,3,2,2,2,1,1,2,2,4,2,2,2,2,2,1,2,3,2,3,1,1,3,4,2,2,2,4,3,3,1,2,2,3,2,3,3,1,2,2,4,4,1,4,4,1,2,4,1,3,3,3,2,3,3,1,1,2,4,3,3,4,2,4,1,2,4,1,4,3,1,1,1,4,4,1,2,2,2,2,2,1,1,1,1,1,1,4,2,2,3,4,4,1,2,3,2,4,1,2,2,3,2,1,1,2,2,1,1,2,3,1,2,1,4,4,1,2,4,2,1,1,2,1,3,3,4,2,2,1,2,4,1,2,2,1,2,1,2,3,1,3,2,3,4,2,1,3,2,3,2,1,2,2,4,4,1,1,4,3,3,2,4,2,4,1,2,3,3,1,3,2,1,3,1,1,2,2,4,2,1,1,1,3,2,4,4,4,1,3,1,4,2,1,3,2,1,1,1,1,4,3,1,1,2,2,3,4,3,2,4,2,1,1,1,1,3,1,1,2,1,1,4,2,4,2,1,3,3,1,2,1,2,1,4,4,2,4,1,4,1,2,2,1,4,1,2,3,2,4,1,2,3,2,1,4,2,2,3,2,3,1,2,1,2,3,2,2,2,3,2,4,1,4,2,3,2,2,2,3,2,4,3,1,1,2,1,1,1,2,1,2,3,2,1,1,1,1,2,1,2,3,2,4,1,1,4,4,3,2,4,3,1,3,2,1,2,3,3,3,3,4,3,1,1,1,3,1,2,1,4,4,3,2,4,3,4,4,1,2,1,2,4,4,3,2,1,3,1,4,3,3,1,3,2,2,2,1,4,1,4,1,4,1,1,4,1,1,3,2,4,2,4,2,3,2,2,3,4,4,3,2,2,4,1,2,1,3,3,1,1,4,1,1,2,3,4,4,3,1,1,2,2,4,1,1,4,2,3,4,3,4,3,2,1,3,2,2,2,1,1,3,2,2,3,2,1,2,3,4,3,1,3,4,2,4,3,4,1,3,1,1,2,4,2,2,4,4,3,1,4,2,3,1,4,1,2,3,3,1,4,2,1,3,2,3,1,1,2,1,1,2,1,3,3,2,4,2,2,2,3,2,3,3,2,2,2,2,4,1,1,1,1,2,1,2,1,4,2,2,2,1,1,1,2,4,1,4,2,2,3,4,1,1,1,4,4,2,2,3,3,3,3,1,2,1,2,4,4,2,2,3,2,1,1,1,1,2,3,1,2,3,4,3,4,1,1,3,1,4,4,3,2,1,4,1,2,2,1,2,1,4,1,3,1,1,4,4,1,4,4,1,1,1,3,1,2,1,1,1,1,2,1,3,2,4,4,1,2,4,2,1,1,4,2,4,4,3,3,2,1,2,3,2,1,1,1,2,3,3,4,2,1,4,2,3,2,2,4,4,1,1,2,3,1,2,3,4,2,1,2,1,2,1,4,2,2,3,3,1,4,2,1,2,3,1,1,4,1,3,3,1,2,4,1,4,1,2,1,1,1,2,2,3,3,1,1,4,2,2,4,2,1,1,2,2,1,2,4,3,2,3,3,4,4,1,4,4,3,2,4,3,1,1,3,2,4,2,2,1,1,4,4,2,1,1,3,3,3,3,1,3,2,2,2,2,1,1,3,2,4,4,1,2,3,1,3,1,1,3,1,4,1,1,2,1,3,1,2,2,4,1,1,4,1,4,4,2,1,1,2,3,1,1,1,1,2,3,4,3,2,3,3,1,2,4,2,3,1,2,2,2,4,3,2,2,2,4,1,1,1,2,4,2,1,4,2,1,1,1,2,1,2,1,2,3,3,3,2,4,3,3,1,1,4,2,3,1,4,4,4,3,2,4,3,2,1,3,4,1,2,2,1,2,3,3,1,4,3,3,2,2,1,1,2,3,3,4,4,2,1,1,3,1,1,3,2,3,4,1,3,1,4,2,4,1,1,1,1,4,1,3,1,1,3,1,4,2,2,1,2,2,4,1,2,4,3,1,3,2,1,2,2,3,3,2,1,2,4,1,4,2,1,1,4,1,1,4,4,2,4,2,4,3,2,2,4,3,2,3,1,2,4,3,4,1,3,1,2,4,4,2,2,2,1,2,2,1,4,2,1,2,1,4,2,1,2,4,1,2,1,2,1,1,4,2,1,2,1,2,4,4,3,4,1,2,1,1,2,2,2,2,2,4,4,3,3,2,4,2,3,4,3,2,2,2,3,2,1,3,2,1,1,1,3,1,3,2,3,1,4,3,4,1,1,3,1,3,2,1,3,1,1,2"
35,0.9882627241940299,0.5,2136.0,"4,2,1,1,2,2,3,1,2,1,4,4,4,1,2,2,4,1,1,2,1,2,4,1,3,1,2,2,4,1,1,2,3,3,1,2,4,1,2,4,1,2,2,2,2,2,3,2,1,2,4,4,3,2,1,4,2,2,1,4,4,4,3,1,3,3,3,2,3,2,1,2,2,3,4,2,3,3,3,1,2,1,4,1,2,3,1,2,1,2,1,2,2,2,3,4,1,1,3,1,2,2,3,2,2,4,1,4,2,1,1,1,3,3,1,2,3,4,4,1,3,2,2,3,2,2,3,2,4,1,2,2,1,1,1,2,3,4,2,2,4,3,2,3,4,4,2,1,1,1,1,1,1,3,3,4,2,2,2,1,4,1,1,3,1,3,3,1,1,4,1,2,2,2,1,3,3,1,4,1,3,2,3,2,3,2,1,2,4,1,4,2,3,3,3,3,2,3,1,4,1,4,1,3,4,4,1,3,2,2,2,1,2,1,3,2,2,1,2,1,4,4,3,2,3,1,3,2,4,3,3,2,2,1,1,3,1,3,3,2,2,1,2,3,2,2,3,2,3,3,3,4,1,1,3,1,1,1,4,2,3,4,1,1,2,1,3,2,1,3,4,2,4,1,3,2,4,1,1,4,4,1,1,4,2,2,2,4,2,4,1,1,1,4,1,4,2,1,2,3,2,2,1,2,3,2,4,1,1,1,1,1,1,1,2,3,1,4,2,2,4,2,1,3,2,1,1,3,2,2,3,3,2,3,1,4,1,4,2,1,1,2,3,1,4,2,2,3,3,2,4,2,4,2,3,1,1,2,4,3,4,3,1,2,3,3,4,4,1,3,2,1,2,3,2,3,3,2,1,3,2,4,2,3,3,2,1,1,2,1,1,4,3,3,1,2,3,1,2,2,1,1,2,2,4,1,2,3,4,3,3,2,2,1,1,4,3,2,1,4,3,1,3,3,3,2,1,2,4,3,3,1,1,2,3,1,3,3,2,4,1,2,2,1,3,3,2,1,2,4,2,4,1,3,1,1,1,4,2,1,4,3,3,2,2,1,2,1,4,4,2,2,2,1,1,1,1,4,1,3,1,2,2,3,1,3,4,1,4,1,4,1,1,1,1,2,3,1,1,2,4,2,4,4,2,1,3,1,1,3,3,1,3,1,4,2,4,3,3,1,4,2,4,4,4,2,1,3,1,3,3,3,1,1,2,4,4,1,3,3,2,2,2,3,1,4,1,3,2,1,3,3,4,2,3,3,2,1,2,2,3,4,3,2,1,2,3,1,2,1,4,2,1,4,2,1,4,3,2,1,2,3,1,3,1,2,1,1,1,1,2,1,3,1,1,4,1,3,3,2,2,4,3,4,4,2,4,4,2,1,4,4,4,3,1,2,4,3,3,2,1,3,2,1,4,4,2,2,1,1,3,4,4,2,2,1,4,1,2,3,2,1,3,4,4,3,4,4,1,1,2,3,1,1,1,1,2,2,1,3,1,3,1,4,2,1,1,4,2,4,3,2,1,4,2,3,1,3,2,2,2,1,1,2,2,4,2,2,2,2,2,1,2,3,2,3,1,1,3,4,2,2,2,4,3,3,1,2,2,3,2,3,3,1,2,2,4,4,1,4,4,1,2,4,1,3,3,3,2,3,3,1,1,2,4,3,3,4,2,4,1,2,4,1,4,3,1,1,1,4,4,1,2,2,2,2,2,1,1,1,1,1,1,4,2,2,3,4,4,1,2,3,2,4,1,2,2,3,2,1,1,2,2,1,1,2,3,1,2,1,4,4,1,2,4,2,1,1,2,1,3,3,4,2,2,1,2,4,1,2,2,1,2,1,2,3,1,3,2,3,4,2,1,3,2,3,2,1,2,2,4,4,1,1,4,3,3,2,4,2,4,1,2,3,3,1,3,2,1,3,1,1,2,2,4,2,1,1,1,3,2,4,4,4,1,3,1,4,2,1,3,2,1,1,1,1,4,3,1,1,2,2,3,4,3,2,4,2,1,1,1,1,3,1,1,2,1,1,4,2,4,2,1,3,3,1,2,1,2,1,4,4,2,4,1,4,1,2,2,1,4,1,2,3,2,4,1,2,3,2,1,4,2,2,3,2,3,1,2,1,2,3,2,2,2,3,2,4,1,4,2,3,2,2,2,3,2,4,3,1,1,2,1,1,1,2,1,2,3,2,1,1,1,1,2,1,2,3,2,4,1,1,4,4,3,2,4,3,1,3,2,1,2,3,3,3,3,4,3,1,1,1,3,1,2,1,4,4,3,2,4,3,4,4,1,2,1,2,4,4,3,2,1,3,1,4,3,3,1,3,2,2,2,1,4,1,4,1,4,1,1,4,1,1,3,2,4,2,4,2,3,2,2,3,4,4,3,2,2,4,1,2,1,3,3,1,1,4,1,1,2,3,4,4,3,1,1,2,2,4,1,1,4,2,3,4,3,4,3,2,1,3,2,2,2,1,1,3,2,2,3,2,1,2,3,4,3,1,3,4,2,4,3,4,1,3,1,1,2,4,2,2,4,4,3,1,4,2,3,1,4,1,2,3,3,1,4,2,1,3,2,3,1,1,2,1,1,2,1,3,3,2,4,2,2,2,3,2,3,3,2,2,2,2,4,1,1,1,1,2,1,2,1,4,2,2,2,1,1,1,2,4,1,4,2,2,3,4,1,1,1,4,4,2,2,3,3,3,3,1,2,1,2,4,4,2,2,3,2,1,1,1,1,2,3,1,2,3,4,3,4,1,1,3,1,4,4,3,2,1,4,1,2,2,1,2,1,4,1,3,1,1,4,4,1,4,4,1,1,1,3,1,2,1,1,1,1,2,1,3,2,4,4,1,2,4,2,1,1,4,2,4,4,3,3,2,1,2,3,2,1,1,1,2,3,3,4,2,1,4,2,3,2,2,4,4,1,1,2,3,1,2,3,4,2,1,2,1,2,1,4,2,2,3,3,1,4,2,1,2,3,1,1,4,1,3,3,1,2,4,1,4,1,2,1,1,1,2,2,3,3,1,1,4,2,2,4,2,1,1,2,2,1,2,4,3,2,3,3,4,4,1,4,4,3,2,4,3,1,1,3,2,4,2,2,1,1,4,4,2,1,1,3,3,3,3,1,3,2,2,2,2,1,1,3,2,4,4,1,2,3,1,3,1,1,3,1,4,1,1,2,1,3,1,2,2,4,1,1,4,1,4,4,2,1,1,2,3,1,1,1,1,2,3,4,3,2,3,3,1,2,4,2,3,1,2,2,2,4,3,2,2,2,4,1,1,1,2,4,2,1,4,2,1,1,1,2,1,2,1,2,3,3,3,2,4,3,3,1,1,4,2,3,1,4,4,4,3,2,4,3,2,1,3,4,1,2,2,1,2,3,3,1,4,3,3,2,2,1,1,2,3,3,4,4,2,1,1,3,1,1,3,2,3,4,1,3,1,4,2,4,1,1,1,1,4,1,3,1,1,3,1,4,2,2,1,2,2,4,1,2,4,3,1,3,2,1,2,2,3,3,2,1,2,4,1,4,2,1,1,4,1,1,4,4,2,4,2,4,3,2,2,4,3,2,3,1,2,4,3,4,1,3,1,2,4,4,2,2,2,1,2,2,1,4,2,1,2,1,4,2,1,2,4,1,2,1,2,1,1,4,2,1,2,1,2,4,4,3,4,1,2,1,1,2,2,2,2,2,4,4,3,3,2,4,2,3,4,3,2,2,2,3,2,1,3,2,1,1,1,3,1,3,2,3,1,4,3,4,1,1,3,1,3,2,1,3,1,1,2"
36,0.9882627241940299,0.5,2136.0,"4,2,1,1,2,2,3,1,2,1,4,4,4,1,2,2,4,1,1,2,1,2,4,1,3,1,2,2,4,1,1,2,3,3,1,2,4,1,2,4,1,2,2,2,2,2,3,2,1,2,4,4,3,2,1,4,2,2,1,4,4,4,3,1,3,3,3,2,3,2,1,2,2,3,4,2,3,3,3,1,2,1,4,1,2,3,1,2,1,2,1,2,2,2,3,4,1,1,3,1,2,2,3,2,2,4,1,4,2,1,1,1,3,3,1,2,3,4,4,1,3,2,2,3,2,2,3,2,4,1,2,2,1,1,1,2,3,4,2,2,4,3,2,3,4,4,2,1,1,1,1,1,1,3,3,4,2,2,2,1,4,1,1,3,1,3,3,1,1,4,1,2,2,2,1,3,3,1,4,1,3,2,3,2,3,2,1,2,4,1,4,2,3,3,3,3,2,3,1,4,1,4,1,3,4,4,1,3,2,2,2,1,2,1,3,2,2,1,2,1,4,4,3,2,3,1,3,2,4,3,3,2,2,1,1,3,1,3,3,2,2,1,2,3,2,2,3,2,3,3,3,4,1,1,3,1,1,1,4,2,3,4,1,1,2,1,3,2,1,3,4,2,4,1,3,2,4,1,1,4,4,1,1,4,2,2,2,4,2,4,1,1,1,4,1,4,2,1,2,3,2,2,1,2,3,2,4,1,1,1,1,1,1,1,2,3,1,4,2,2,4,2,1,3,2,1,1,3,2,2,3,3,2,3,1,4,1,4,2,1,1,2,3,1,4,2,2,3,3,2,4,2,4,2,3,1,1,2,4,3,4,3,1,2,3,3,4,4,1,3,2,1,2,3,2,3,3,2,1,3,2,4,2,3,3,2,1,1,2,1,1,4,3,3,1,2,3,1,2,2,1,1,2,2,4,1,2,3,4,3,3,2,2,1,1,4,3,2,1,4,3,1,3,3,3,2,1,2,4,3,3,1,1,2,3,1,3,3,2,4,1,2,2,1,3,3,2,1,2,4,2,4,1,3,1,1,1,4,2,1,4,3,3,2,2,1,2,1,4,4,2,2,2,1,1,1,1,4,1,3,1,2,2,3,1,3,4,1,4,1,4,1,1,1,1,2,3,1,1,2,4,2,4,4,2,1,3,1,1,3,3,1,3,1,4,2,4,3,3,1,4,2,4,4,4,2,1,3,1,3,3,3,1,1,2,4,4,1,3,3,2,2,2,3,1,4,1,3,2,1,3,3,4,2,3,3,2,1,2,2,3,4,3,2,1,2,3,1,2,1,4,2,1,4,2,1,4,3,2,1,2,3,1,3,1,2,1,1,1,1,2,1,3,1,1,4,1,3,3,2,2,4,3,4,4,2,4,4,2,1,4,4,4,3,1,2,4,3,3,2,1,3,2,1,4,4,2,2,1,1,3,4,4,2,2,1,4,1,2,3,2,1,3,4,4,3,4,4,1,1,2,3,1,1,1,1,2,2,1,3,1,3,1,4,2,1,1,4,2,4,3,2,1,4,2,3,1,3,2,2,2,1,1,2,2,4,2,2,2,2,2,1,2,3,2,3,1,1,3,4,2,2,2,4,3,3,1,2,2,3,2,3,3,1,2,2,4,4,1,4,4,1,2,4,1,3,3,3,2,3,3,1,1,2,4,3,3,4,2,4,1,2,4,1,4,3,1,1,1,4,4,1,2,2,2,2,2,1,1,1,1,1,1,4,2,2,3,4,4,1,2,3,2,4,1,2,2,3,2,1,1,2,2,1,1,2,3,1,2,1,4,4,1,2,4,2,1,1,2,1,3,3,4,2,2,1,2,4,1,2,2,1,2,1,2,3,1,3,2,3,4,2,1,3,2,3,2,1,2,2,4,4,1,1,4,3,3,2,4,2,4,1,2,3,3,1,3,2,1,3,1,1,2,2,4,2,1,1,1,3,2,4,4,4,1,3,1,4,2,1,3,2,1,1,1,1,4,3,1,1,2,2,3,4,3,2,4,2,1,1,1,1,3,1,1,2,1,1,4,2,4,2,1,3,3,1,2,1,2,1,4,4,2,4,1,4,1,2,2,1,4,1,2,3,2,4,1,2,3,2,1,4,2,2,3,2,3,1,2,1,2,3,2,2,2,3,2,4,1,4,2,3,2,2,2,3,2,4,3,1,1,2,1,1,1,2,1,2,3,2,1,1,1,1,2,1,2,3,2,4,1,1,4,4,3,2,4,3,1,3,2,1,2,3,3,3,3,4,3,1,1,1,3,1,2,1,4,4,3,2,4,3,4,4,1,2,1,2,4,4,3,2,1,3,1,4,3,3,1,3,2,2,2,1,4,1,4,1,4,1,1,4,1,1,3,2,4,2,4,2,3,2,2,3,4,4,3,2,2,4,1,2,1,3,3,1,1,4,1,1,2,3,4,4,3,1,1,2,2,4,1,1,4,2,3,4,3,4,3,2,1,3,2,2,2,1,1,3,2,2,3,2,1,2,3,4,3,1,3,4,2,4,3,4,1,3,1,1,2,4,2,2,4,4,3,1,4,2,3,1,4,1,2,3,3,1,4,2,1,3,2,3,1,1,2,1,1,2,1,3,3,2,4,2,2,2,3,2,3,3,2,2,2,2,4,1,1,1,1,2,1,2,1,4,2,2,2,1,1,1,2,4,1,4,2,2,3,4,1,1,1,4,4,2,2,3,3,3,3,1,2,1,2,4,4,2,2,3,2,1,1,1,1,2,3,1,2,3,4,3,4,1,1,3,1,4,4,3,2,1,4,1,2,2,1,2,1,4,1,3,1,1,4,4,1,4,4,1,1,1,3,1,2,1,1,1,1,2,1,3,2,4,4,1,2,4,2,1,1,4,2,4,4,3,3,2,1,2,3,2,1,1,1,2,3,3,4,2,1,4,2,3,2,2,4,4,1,1,2,3,1,2,3,4,2,1,2,1,2,1,4,2,2,3,3,1,4,2,1,2,3,1,1,4,1,3,3,1,2,4,1,4,1,2,1,1,1,2,2,3,3,1,1,4,2,2,4,2,1,1,2,2,1,2,4,3,2,3,3,4,4,1,4,4,3,2,4,3,1,1,3,2,4,2,2,1,1,4,4,2,1,1,3,3,3,3,1,3,2,2,2,2,1,1,3,2,4,4,1,2,3,1,3,1,1,3,1,4,1,1,2,1,3,1,2,2,4,1,1,4,1,4,4,2,1,1,2,3,1,1,1,1,2,3,4,3,2,3,3,1,2,4,2,3,1,2,2,2,4,3,2,2,2,4,1,1,1,2,4,2,1,4,2,1,1,1,2,1,2,1,2,3,3,3,2,4,3,3,1,1,4,2,3,1,4,4,4,3,2,4,3,2,1,3,4,1,2,2,1,2,3,3,1,4,3,3,2,2,1,1,2,3,3,4,4,2,1,1,3,1,1,3,2,3,4,1,3,1,4,2,4,1,1,1,1,4,1,3,1,1,3,1,4,2,2,1,2,2,4,1,2,4,3,1,3,2,1,2,2,3,3,2,1,2,4,1,4,2,1,1,4,1,1,4,4,2,4,2,4,3,2,2,4,3,2,3,1,2,4,3,4,1,3,1,2,4,4,2,2,2,1,2,2,1,4,2,1,2,1,4,2,1,2,4,1,2,1,2,1,1,4,2,1,2,1,2,4,4,3,4,1,2,1,1,2,2,2,2,2,4,4,3,3,2,4,2,3,4,3,2,2,2,3,2,1,3,2,1,1,1,3,1,3,2,3,1,4,3,4,1,1,3,1,3,2,1,3,1,1,2"
37,0.9882627241940299,0.5,2136.0,"4,2,1,1,2,2,3,1,2,1,4,4,4,1,2,2,4,1,1,2,1,2,4,1,3,1,2,2,4,1,1,2,3,3,1,2,4,1,2,4,1,2,2,2,2,2,3,2,1,2,4,4,3,2,1,4,2,2,1,4,4,4,3,1,3,3,3,2,3,2,1,2,2,3,4,2,3,3,3,1,2,1,4,1,2,3,1,2,1,2,1,2,2,2,3,4,1,1,3,1,2,2,3,2,2,4,1,4,2,1,1,1,3,3,1,2,3,4,4,1,3,2,2,3,2,2,3,2,4,1,2,2,1,1,1,2,3,4,2,2,4,3,2,3,4,4,2,1,1,1,1,1,1,3,3,4,2,2,2,1,4,1,1,3,1,3,3,1,1,4,1,2,2,2,1,3,3,1,4,1,3,2,3,2,3,2,1,2,4,1,4,2,3,3,3,3,2,3,1,4,1,4,1,3,4,4,1,3,2,2,2,1,2,1,3,2,2,1,2,1,4,4,3,2,3,1,3,2,4,3,3,2,2,1,1,3,1,3,3,2,2,1,2,3,2,2,3,2,3,3,3,4,1,1,3,1,1,1,4,2,3,4,1,1,2,1,3,2,1,3,4,2,4,1,3,2,4,1,1,4,4,1,1,4,2,2,2,4,2,4,1,1,1,4,1,4,2,1,2,3,2,2,1,2,3,2,4,1,1,1,1,1,1,1,2,3,1,4,2,2,4,2,1,3,2,1,1,3,2,2,3,3,2,3,1,4,1,4,2,1,1,2,3,1,4,2,2,3,3,2,4,2,4,2,3,1,1,2,4,3,4,3,1,2,3,3,4,4,1,3,2,1,2,3,2,3,3,2,1,3,2,4,2,3,3,2,1,1,2,1,1,4,3,3,1,2,3,1,2,2,1,1,2,2,4,1,2,3,4,3,3,2,2,1,1,4,3,2,1,4,3,1,3,3,3,2,1,2,4,3,3,1,1,2,3,1,3,3,2,4,1,2,2,1,3,3,2,1,2,4,2,4,1,3,1,1,1,4,2,1,4,3,3,2,2,1,2,1,4,4,2,2,2,1,1,1,1,4,1,3,1,2,2,3,1,3,4,1,4,1,4,1,1,1,1,2,3,1,1,2,4,2,4,4,2,1,3,1,1,3,3,1,3,1,4,2,4,3,3,1,4,2,4,4,4,2,1,3,1,3,3,3,1,1,2,4,4,1,3,3,2,2,2,3,1,4,1,3,2,1,3,3,4,2,3,3,2,1,2,2,3,4,3,2,1,2,3,1,2,1,4,2,1,4,2,1,4,3,2,1,2,3,1,3,1,2,1,1,1,1,2,1,3,1,1,4,1,3,3,2,2,4,3,4,4,2,4,4,2,1,4,4,4,3,1,2,4,3,3,2,1,3,2,1,4,4,2,2,1,1,3,4,4,2,2,1,4,1,2,3,2,1,3,4,4,3,4,4,1,1,2,3,1,1,1,1,2,2,1,3,1,3,1,4,2,1,1,4,2,4,3,2,1,4,2,3,1,3,2,2,2,1,1,2,2,4,2,2,2,2,2,1,2,3,2,3,1,1,3,4,2,2,2,4,3,3,1,2,2,3,2,3,3,1,2,2,4,4,1,4,4,1,2,4,1,3,3,3,2,3,3,1,1,2,4,3,3,4,2,4,1,2,4,1,4,3,1,1,1,4,4,1,2,2,2,2,2,1,1,1,1,1,1,4,2,2,3,4,4,1,2,3,2,4,1,2,2,3,2,1,1,2,2,1,1,2,3,1,2,1,4,4,1,2,4,2,1,1,2,1,3,3,4,2,2,1,2,4,1,2,2,1,2,1,2,3,1,3,2,3,4,2,1,3,2,3,2,1,2,2,4,4,1,1,4,3,3,2,4,2,4,1,2,3,3,1,3,2,1,3,1,1,2,2,4,2,1,1,1,3,2,4,4,4,1,3,1,4,2,1,3,2,1,1,1,1,4,3,1,1,2,2,3,4,3,2,4,2,1,1,1,1,3,1,1,2,1,1,4,2,4,2,1,3,3,1,2,1,2,1,4,4,2,4,1,4,1,2,2,1,4,1,2,3,2,4,1,2,3,2,1,4,2,2,3,2,3,1,2,1,2,3,2,2,2,3,2,4,1,4,2,3,2,2,2,3,2,4,3,1,1,2,1,1,1,2,1,2,3,2,1,1,1,1,2,1,2,3,2,4,1,1,4,4,3,2,4,3,1,3,2,1,2,3,3,3,3,4,3,1,1,1,3,1,2,1,4,4,3,2,4,3,4,4,1,2,1,2,4,4,3,2,1,3,1,4,3,3,1,3,2,2,2,1,4,1,4,1,4,1,1,4,1,1,3,2,4,2,4,2,3,2,2,3,4,4,3,2,2,4,1,2,1,3,3,1,1,4,1,1,2,3,4,4,3,1,1,2,2,4,1,1,4,2,3,4,3,4,3,2,1,3,2,2,2,1,1,3,2,2,3,2,1,2,3,4,3,1,3,4,2,4,3,4,1,3,1,1,2,4,2,2,4,4,3,1,4,2,3,1,4,1,2,3,3,1,4,2,1,3,2,3,1,1,2,1,1,2,1,3,3,2,4,2,2,2,3,2,3,3,2,2,2,2,4,1,1,1,1,2,1,2,1,4,2,2,2,1,1,1,2,4,1,4,2,2,3,4,1,1,1,4,4,2,2,3,3,3,3,1,2,1,2,4,4,2,2,3,2,1,1,1,1,2,3,1,2,3,4,3,4,1,1,3,1,4,4,3,2,1,4,1,2,2,1,2,1,4,1,3,1,1,4,4,1,4,4,1,1,1,3,1,2,1,1,1,1,2,1,3,2,4,4,1,2,4,2,1,1,4,2,4,4,3,3,2,1,2,3,2,1,1,1,2,3,3,4,2,1,4,2,3,2,2,4,4,1,1,2,3,1,2,3,4,2,1,2,1,2,1,4,2,2,3,3,1,4,2,1,2,3,1,1,4,1,3,3,1,2,4,1,4,1,2,1,1,1,2,2,3,3,1,1,4,2,2,4,2,1,1,2,2,1,2,4,3,2,3,3,4,4,1,4,4,3,2,4,3,1,1,3,2,4,2,2,1,1,4,4,2,1,1,3,3,3,3,1,3,2,2,2,2,1,1,3,2,4,4,1,2,3,1,3,1,1,3,1,4,1,1,2,1,3,1,2,2,4,1,1,4,1,4,4,2,1,1,2,3,1,1,1,1,2,3,4,3,2,3,3,1,2,4,2,3,1,2,2,2,4,3,2,2,2,4,1,1,1,2,4,2,1,4,2,1,1,1,2,1,2,1,2,3,3,3,2,4,3,3,1,1,4,2,3,1,4,4,4,3,2,4,3,2,1,3,4,1,2,2,1,2,3,3,1,4,3,3,2,2,1,1,2,3,3,4,4,2,1,1,3,1,1,3,2,3,4,1,3,1,4,2,4,1,1,1,1,4,1,3,1,1,3,1,4,2,2,1,2,2,4,1,2,4,3,1,3,2,1,2,2,3,3,2,1,2,4,1,4,2,1,1,4,1,1,4,4,2,4,2,4,3,2,2,4,3,2,3,1,2,4,3,4,1,3,1,2,4,4,2,2,2,1,2,2,1,4,2,1,2,1,4,2,1,2,4,1,2,1,2,1,1,4,2,1,2,1,2,4,4,3,4,1,2,1,1,2,2,2,2,2,4,4,3,3,2,4,2,3,4,3,2,2,2,3,2,1,3,2,1,1,1,3,1,3,2,3,1,4,3,4,1,1,3,1,3,2,1,3,1,1,2"
38,0.9882627241940299,0.5,2136.0,"4,2,1,1,2,2,3,1,2,1,4,4,4,1,2,2,4,1,1,2,1,2,4,1,3,1,2,2,4,1,1,2,3,3,1,2,4,1,2,4,1,2,2,2,2,2,3,2,1,2,4,4,3,2,1,4,2,2,1,4,4,4,3,1,3,3,3,2,3,2,1,2,2,3,4,2,3,3,3,1,2,1,4,1,2,3,1,2,1,2,1,2,2,2,3,4,1,1,3,1,2,2,3,2,2,4,1,4,2,1,1,1,3,3,1,2,3,4,4,1,3,2,2,3,2,2,3,2,4,1,2,2,1,1,1,2,3,4,2,2,4,3,2,3,4,4,2,1,1,1,1,1,1,3,3,4,2,2,2,1,4,1,1,3,1,3,3,1,1,4,1,2,2,2,1,3,3,1,4,1,3,2,3,2,3,2,1,2,4,1,4,2,3,3,3,3,2,3,1,4,1,4,1,3,4,4,1,3,2,2,2,1,2,1,3,2,2,1,2,1,4,4,3,2,3,1,3,2,4,3,3,2,2,1,1,3,1,3,3,2,2,1,2,3,2,2,3,2,3,3,3,4,1,1,3,1,1,1,4,2,3,4,1,1,2,1,3,2,1,3,4,2,4,1,3,2,4,1,1,4,4,1,1,4,2,2,2,4,2,4,1,1,1,4,1,4,2,1,2,3,2,2,1,2,3,2,4,1,1,1,1,1,1,1,2,3,1,4,2,2,4,2,1,3,2,1,1,3,2,2,3,3,2,3,1,4,1,4,2,1,1,2,3,1,4,2,2,3,3,2,4,2,4,2,3,1,1,2,4,3,4,3,1,2,3,3,4,4,1,3,2,1,2,3,2,3,3,2,1,3,2,4,2,3,3,2,1,1,2,1,1,4,3,3,1,2,3,1,2,2,1,1,2,2,4,1,2,3,4,3,3,2,2,1,1,4,3,2,1,4,3,1,3,3,3,2,1,2,4,3,3,1,1,2,3,1,3,3,2,4,1,2,2,1,3,3,2,1,2,4,2,4,1,3,1,1,1,4,2,1,4,3,3,2,2,1,2,1,4,4,2,2,2,1,1,1,1,4,1,3,1,2,2,3,1,3,4,1,4,1,4,1,1,1,1,2,3,1,1,2,4,2,4,4,2,1,3,1,1,3,3,1,3,1,4,2,4,3,3,1,4,2,4,4,4,2,1,3,1,3,3,3,1,1,2,4,4,1,3,3,2,2,2,3,1,4,1,3,2,1,3,3,4,2,3,3,2,1,2,2,3,4,3,2,1,2,3,1,2,1,4,2,1,4,2,1,4,3,2,1,2,3,1,3,1,2,1,1,1,1,2,1,3,1,1,4,1,3,3,2,2,4,3,4,4,2,4,4,2,1,4,4,4,3,1,2,4,3,3,2,1,3,2,1,4,4,2,2,1,1,3,4,4,2,2,1,4,1,2,3,2,1,3,4,4,3,4,4,1,1,2,3,1,1,1,1,2,2,1,3,1,3,1,4,2,1,1,4,2,4,3,2,1,4,2,3,1,3,2,2,2,1,1,2,2,4,2,2,2,2,2,1,2,3,2,3,1,1,3,4,2,2,2,4,3,3,1,2,2,3,2,3,3,1,2,2,4,4,1,4,4,1,2,4,1,3,3,3,2,3,3,1,1,2,4,3,3,4,2,4,1,2,4,1,4,3,1,1,1,4,4,1,2,2,2,2,2,1,1,1,1,1,1,4,2,2,3,4,4,1,2,3,2,4,1,2,2,3,2,1,1,2,2,1,1,2,3,1,2,1,4,4,1,2,4,2,1,1,2,1,3,3,4,2,2,1,2,4,1,2,2,1,2,1,2,3,1,3,2,3,4,2,1,3,2,3,2,1,2,2,4,4,1,1,4,3,3,2,4,2,4,1,2,3,3,1,3,2,1,3,1,1,2,2,4,2,1,1,1,3,2,4,4,4,1,3,1,4,2,1,3,2,1,1,1,1,4,3,1,1,2,2,3,4,3,2,4,2,1,1,1,1,3,1,1,2,1,1,4,2,4,2,1,3,3,1,2,1,2,1,4,4,2,4,1,4,1,2,2,1,4,1,2,3,2,4,1,2,3,2,1,4,2,2,3,2,3,1,2,1,2,3,2,2,2,3,2,4,1,4,2,3,2,2,2,3,2,4,3,1,1,2,1,1,1,2,1,2,3,2,1,1,1,1,2,1,2,3,2,4,1,1,4,4,3,2,4,3,1,3,2,1,2,3,3,3,3,4,3,1,1,1,3,1,2,1,4,4,3,2,4,3,4,4,1,2,1,2,4,4,3,2,1,3,1,4,3,3,1,3,2,2,2,1,4,1,4,1,4,1,1,4,1,1,3,2,4,2,4,2,3,2,2,3,4,4,3,2,2,4,1,2,1,3,3,1,1,4,1,1,2,3,4,4,3,1,1,2,2,4,1,1,4,2,3,4,3,4,3,2,1,3,2,2,2,1,1,3,2,2,3,2,1,2,3,4,3,1,3,4,2,4,3,4,1,3,1,1,2,4,2,2,4,4,3,1,4,2,3,1,4,1,2,3,3,1,4,2,1,3,2,3,1,1,2,1,1,2,1,3,3,2,4,2,2,2,3,2,3,3,2,2,2,2,4,1,1,1,1,2,1,2,1,4,2,2,2,1,1,1,2,4,1,4,2,2,3,4,1,1,1,4,4,2,2,3,3,3,3,1,2,1,2,4,4,2,2,3,2,1,1,1,1,2,3,1,2,3,4,3,4,1,1,3,1,4,4,3,2,1,4,1,2,2,1,2,1,4,1,3,1,1,4,4,1,4,4,1,1,1,3,1,2,1,1,1,1,2,1,3,2,4,4,1,2,4,2,1,1,4,2,4,4,3,3,2,1,2,3,2,1,1,1,2,3,3,4,2,1,4,2,3,2,2,4,4,1,1,2,3,1,2,3,4,2,1,2,1,2,1,4,2,2,3,3,1,4,2,1,2,3,1,1,4,1,3,3,1,2,4,1,4,1,2,1,1,1,2,2,3,3,1,1,4,2,2,4,2,1,1,2,2,1,2,4,3,2,3,3,4,4,1,4,4,3,2,4,3,1,1,3,2,4,2,2,1,1,4,4,2,1,1,3,3,3,3,1,3,2,2,2,2,1,1,3,2,4,4,1,2,3,1,3,1,1,3,1,4,1,1,2,1,3,1,2,2,4,1,1,4,1,4,4,2,1,1,2,3,1,1,1,1,2,3,4,3,2,3,3,1,2,4,2,3,1,2,2,2,4,3,2,2,2,4,1,1,1,2,4,2,1,4,2,1,1,1,2,1,2,1,2,3,3,3,2,4,3,3,1,1,4,2,3,1,4,4,4,3,2,4,3,2,1,3,4,1,2,2,1,2,3,3,1,4,3,3,2,2,1,1,2,3,3,4,4,2,1,1,3,1,1,3,2,3,4,1,3,1,4,2,4,1,1,1,1,4,1,3,1,1,3,1,4,2,2,1,2,2,4,1,2,4,3,1,3,2,1,2,2,3,3,2,1,2,4,1,4,2,1,1,4,1,1,4,4,2,4,2,4,3,2,2,4,3,2,3,1,2,4,3,4,1,3,1,2,4,4,2,2,2,1,2,2,1,4,2,1,2,1,4,2,1,2,4,1,2,1,2,1,1,4,2,1,2,1,2,4,4,3,4,1,2,1,1,2,2,2,2,2,4,4,3,3,2,4,2,3,4,3,2,2,2,3,2,1,3,2,1,1,1,3,1,3,2,3,1,4,3,4,1,1,3,1,3,2,1,3,1,1,2"
39,0.9882627241940299,0.5,2136.0,"4,2,1,1,2,2,3,1,2,1,4,4,4,1,2,2,4,1,1,2,1,2,4,1,3,1,2,2,4,1,1,2,3,3,1,2,4,1,2,4,1,2,2,2,2,2,3,2,1,2,4,4,3,2,1,4,2,2,1,4,4,4,3,1,3,3,3,2,3,2,1,2,2,3,4,2,3,3,3,1,2,1,4,1,2,3,1,2,1,2,1,2,2,2,3,4,1,1,3,1,2,2,3,2,2,4,1,4,2,1,1,1,3,3,1,2,3,4,4,1,3,2,2,3,2,2,3,2,4,1,2,2,1,1,1,2,3,4,2,2,4,3,2,3,4,4,2,1,1,1,1,1,1,3,3,4,2,2,2,1,4,1,1,3,1,3,3,1,1,4,1,2,2,2,1,3,3,1,4,1,3,2,3,2,3,2,1,2,4,1,4,2,3,3,3,3,2,3,1,4,1,4,1,3,4,4,1,3,2,2,2,1,2,1,3,2,2,1,2,1,4,4,3,2,3,1,3,2,4,3,3,2,2,1,1,3,1,3,3,2,2,1,2,3,2,2,3,2,3,3,3,4,1,1,3,1,1,1,4,2,3,4,1,1,2,1,3,2,1,3,4,2,4,1,3,2,4,1,1,4,4,1,1,4,2,2,2,4,2,4,1,1,1,4,1,4,2,1,2,3,2,2,1,2,3,2,4,1,1,1,1,1,1,1,2,3,1,4,2,2,4,2,1,3,2,1,1,3,2,2,3,3,2,3,1,4,1,4,2,1,1,2,3,1,4,2,2,3,3,2,4,2,4,2,3,1,1,2,4,3,4,3,1,2,3,3,4,4,1,3,2,1,2,3,2,3,3,2,1,3,2,4,2,3,3,2,1,1,2,1,1,4,3,3,1,2,3,1,2,2,1,1,2,2,4,1,2,3,4,3,3,2,2,1,1,4,3,2,1,4,3,1,3,3,3,2,1,2,4,3,3,1,1,2,3,1,3,3,2,4,1,2,2,1,3,3,2,1,2,4,2,4,1,3,1,1,1,4,2,1,4,3,3,2,2,1,2,1,4,4,2,2,2,1,1,1,1,4,1,3,1,2,2,3,1,3,4,1,4,1,4,1,1,1,1,2,3,1,1,2,4,2,4,4,2,1,3,1,1,3,3,1,3,1,4,2,4,3,3,1,4,2,4,4,4,2,1,3,1,3,3,3,1,1,2,4,4,1,3,3,2,2,2,3,1,4,1,3,2,1,3,3,4,2,3,3,2,1,2,2,3,4,3,2,1,2,3,1,2,1,4,2,1,4,2,1,4,3,2,1,2,3,1,3,1,2,1,1,1,1,2,1,3,1,1,4,1,3,3,2,2,4,3,4,4,2,4,4,2,1,4,4,4,3,1,2,4,3,3,2,1,3,2,1,4,4,2,2,1,1,3,4,4,2,2,1,4,1,2,3,2,1,3,4,4,3,4,4,1,1,2,3,1,1,1,1,2,2,1,3,1,3,1,4,2,1,1,4,2,4,3,2,1,4,2,3,1,3,2,2,2,1,1,2,2,4,2,2,2,2,2,1,2,3,2,3,1,1,3,4,2,2,2,4,3,3,1,2,2,3,2,3,3,1,2,2,4,4,1,4,4,1,2,4,1,3,3,3,2,3,3,1,1,2,4,3,3,4,2,4,1,2,4,1,4,3,1,1,1,4,4,1,2,2,2,2,2,1,1,1,1,1,1,4,2,2,3,4,4,1,2,3,2,4,1,2,2,3,2,1,1,2,2,1,1,2,3,1,2,1,4,4,1,2,4,2,1,1,2,1,3,3,4,2,2,1,2,4,1,2,2,1,2,1,2,3,1,3,2,3,4,2,1,3,2,3,2,1,2,2,4,4,1,1,4,3,3,2,4,2,4,1,2,3,3,1,3,2,1,3,1,1,2,2,4,2,1,1,1,3,2,4,4,4,1,3,1,4,2,1,3,2,1,1,1,1,4,3,1,1,2,2,3,4,3,2,4,2,1,1,1,1,3,1,1,2,1,1,4,2,4,2,1,3,3,1,2,1,2,1,4,4,2,4,1,4,1,2,2,1,4,1,2,3,2,4,1,2,3,2,1,4,2,2,3,2,3,1,2,1,2,3,2,2,2,3,2,4,1,4,2,3,2,2,2,3,2,4,3,1,1,2,1,1,1,2,1,2,3,2,1,1,1,1,2,1,2,3,2,4,1,1,4,4,3,2,4,3,1,3,2,1,2,3,3,3,3,4,3,1,1,1,3,1,2,1,4,4,3,2,4,3,4,4,1,2,1,2,4,4,3,2,1,3,1,4,3,3,1,3,2,2,2,1,4,1,4,1,4,1,1,4,1,1,3,2,4,2,4,2,3,2,2,3,4,4,3,2,2,4,1,2,1,3,3,1,1,4,1,1,2,3,4,4,3,1,1,2,2,4,1,1,4,2,3,4,3,4,3,2,1,3,2,2,2,1,1,3,2,2,3,2,1,2,3,4,3,1,3,4,2,4,3,4,1,3,1,1,2,4,2,2,4,4,3,1,4,2,3,1,4,1,2,3,3,1,4,2,1,3,2,3,1,1,2,1,1,2,1,3,3,2,4,2,2,2,3,2,3,3,2,2,2,2,4,1,1,1,1,2,1,2,1,4,2,2,2,1,1,1,2,4,1,4,2,2,3,4,1,1,1,4,4,2,2,3,3,3,3,1,2,1,2,4,4,2,2,3,2,1,1,1,1,2,3,1,2,3,4,3,4,1,1,3,1,4,4,3,2,1,4,1,2,2,1,2,1,4,1,3,1,1,4,4,1,4,4,1,1,1,3,1,2,1,1,1,1,2,1,3,2,4,4,1,2,4,2,1,1,4,2,4,4,3,3,2,1,2,3,2,1,1,1,2,3,3,4,2,1,4,2,3,2,2,4,4,1,1,2,3,1,2,3,4,2,1,2,1,2,1,4,2,2,3,3,1,4,2,1,2,3,1,1,4,1,3,3,1,2,4,1,4,1,2,1,1,1,2,2,3,3,1,1,4,2,2,4,2,1,1,2,2,1,2,4,3,2,3,3,4,4,1,4,4,3,2,4,3,1,1,3,2,4,2,2,1,1,4,4,2,1,1,3,3,3,3,1,3,2,2,2,2,1,1,3,2,4,4,1,2,3,1,3,1,1,3,1,4,1,1,2,1,3,1,2,2,4,1,1,4,1,4,4,2,1,1,2,3,1,1,1,1,2,3,4,3,2,3,3,1,2,4,2,3,1,2,2,2,4,3,2,2,2,4,1,1,1,2,4,2,1,4,2,1,1,1,2,1,2,1,2,3,3,3,2,4,3,3,1,1,4,2,3,1,4,4,4,3,2,4,3,2,1,3,4,1,2,2,1,2,3,3,1,4,3,3,2,2,1,1,2,3,3,4,4,2,1,1,3,1,1,3,2,3,4,1,3,1,4,2,4,1,1,1,1,4,1,3,1,1,3,1,4,2,2,1,2,2,4,1,2,4,3,1,3,2,1,2,2,3,3,2,1,2,4,1,4,2,1,1,4,1,1,4,4,2,4,2,4,3,2,2,4,3,2,3,1,2,4,3,4,1,3,1,2,4,4,2,2,2,1,2,2,1,4,2,1,2,1,4,2,1,2,4,1,2,1,2,1,1,4,2,1,2,1,2,4,4,3,4,1,2,1,1,2,2,2,2,2,4,4,3,3,2,4,2,3,4,3,2,2,2,3,2,1,3,2,1,1,1,3,1,3,2,3,1,4,3,4,1,1,3,1,3,2,1,3,1,1,2"
40,0.9882627241940299,0.5,2136.0,"4,2,1,1,2,2,3,1,2,1,4,4,4,1,2,2,4,1,1,2,1,2,4,1,3,1,2,2,4,1,1,2,3,3,1,2,4,1,2,4,1,2,2,2,2,2,3,2,1,2,4,4,3,2,1,4,2,2,1,4,4,4,3,1,3,3,3,2,3,2,1,2,2,3,4,2,3,3,3,1,2,1,4,1,2,3,1,2,1,2,1,2,2,2,3,4,1,1,3,1,2,2,3,2,2,4,1,4,2,1,1,1,3,3,1,2,3,4,4,1,3,2,2,3,2,2,3,2,4,1,2,2,1,1,1,2,3,4,2,2,4,3,2,3,4,4,2,1,1,1,1,1,1,3,3,4,2,2,2,1,4,1,1,3,1,3,3,1,1,4,1,2,2,2,1,3,3,1,4,1,3,2,3,2,3,2,1,2,4,1,4,2,3,3,3,3,2,3,1,4,1,4,1,3,4,4,1,3,2,2,2,1,2,1,3,2,2,1,2,1,4,4,3,2,3,1,3,2,4,3,3,2,2,1,1,3,1,3,3,2,2,1,2,3,2,2,3,2,3,3,3,4,1,1,3,1,1,1,4,2,3,4,1,1,2,1,3,2,1,3,4,2,4,1,3,2,4,1,1,4,4,1,1,4,2,2,2,4,2,4,1,1,1,4,1,4,2,1,2,3,2,2,1,2,3,2,4,1,1,1,1,1,1,1,2,3,1,4,2,2,4,2,1,3,2,1,1,3,2,2,3,3,2,3,1,4,1,4,2,1,1,2,3,1,4,2,2,3,3,2,4,2,4,2,3,1,1,2,4,3,4,3,1,2,3,3,4,4,1,3,2,1,2,3,2,3,3,2,1,3,2,4,2,3,3,2,1,1,2,1,1,4,3,3,1,2,3,1,2,2,1,1,2,2,4,1,2,3,4,3,3,2,2,1,1,4,3,2,1,4,3,1,3,3,3,2,1,2,4,3,3,1,1,2,3,1,3,3,2,4,1,2,2,1,3,3,2,1,2,4,2,4,1,3,1,1,1,4,2,1,4,3,3,2,2,1,2,1,4,4,2,2,2,1,1,1,1,4,1,3,1,2,2,3,1,3,4,1,4,1,4,1,1,1,1,2,3,1,1,2,4,2,4,4,2,1,3,1,1,3,3,1,3,1,4,2,4,3,3,1,4,2,4,4,4,2,1,3,1,3,3,3,1,1,2,4,4,1,3,3,2,2,2,3,1,4,1,3,2,1,3,3,4,2,3,3,2,1,2,2,3,4,3,2,1,2,3,1,2,1,4,2,1,4,2,1,4,3,2,1,2,3,1,3,1,2,1,1,1,1,2,1,3,1,1,4,1,3,3,2,2,4,3,4,4,2,4,4,2,1,4,4,4,3,1,2,4,3,3,2,1,3,2,1,4,4,2,2,1,1,3,4,4,2,2,1,4,1,2,3,2,1,3,4,4,3,4,4,1,1,2,3,1,1,1,1,2,2,1,3,1,3,1,4,2,1,1,4,2,4,3,2,1,4,2,3,1,3,2,2,2,1,1,2,2,4,2,2,2,2,2,1,2,3,2,3,1,1,3,4,2,2,2,4,3,3,1,2,2,3,2,3,3,1,2,2,4,4,1,4,4,1,2,4,1,3,3,3,2,3,3,1,1,2,4,3,3,4,2,4,1,2,4,1,4,3,1,1,1,4,4,1,2,2,2,2,2,1,1,1,1,1,1,4,2,2,3,4,4,1,2,3,2,4,1,2,2,3,2,1,1,2,2,1,1,2,3,1,2,1,4,4,1,2,4,2,1,1,2,1,3,3,4,2,2,1,2,4,1,2,2,1,2,1,2,3,1,3,2,3,4,2,1,3,2,3,2,1,2,2,4,4,1,1,4,3,3,2,4,2,4,1,2,3,3,1,3,2,1,3,1,1,2,2,4,2,1,1,1,3,2,4,4,4,1,3,1,4,2,1,3,2,1,1,1,1,4,3,1,1,2,2,3,4,3,2,4,2,1,1,1,1,3,1,1,2,1,1,4,2,4,2,1,3,3,1,2,1,2,1,4,4,2,4,1,4,1,2,2,1,4,1,2,3,2,4,1,2,3,2,1,4,2,2,3,2,3,1,2,1,2,3,2,2,2,3,2,4,1,4,2,3,2,2,2,3,2,4,3,1,1,2,1,1,1,2,1,2,3,2,1,1,1,1,2,1,2,3,2,4,1,1,4,4,3,2,4,3,1,3,2,1,2,3,3,3,3,4,3,1,1,1,3,1,2,1,4,4,3,2,4,3,4,4,1,2,1,2,4,4,3,2,1,3,1,4,3,3,1,3,2,2,2,1,4,1,4,1,4,1,1,4,1,1,3,2,4,2,4,2,3,2,2,3,4,4,3,2,2,4,1,2,1,3,3,1,1,4,1,1,2,3,4,4,3,1,1,2,2,4,1,1,4,2,3,4,3,4,3,2,1,3,2,2,2,1,1,3,2,2,3,2,1,2,3,4,3,1,3,4,2,4,3,4,1,3,1,1,2,4,2,2,4,4,3,1,4,2,3,1,4,1,2,3,3,1,4,2,1,3,2,3,1,1,2,1,1,2,1,3,3,2,4,2,2,2,3,2,3,3,2,2,2,2,4,1,1,1,1,2,1,2,1,4,2,2,2,1,1,1,2,4,1,4,2,2,3,4,1,1,1,4,4,2,2,3,3,3,3,1,2,1,2,4,4,2,2,3,2,1,1,1,1,2,3,1,2,3,4,3,4,1,1,3,1,4,4,3,2,1,4,1,2,2,1,2,1,4,1,3,1,1,4,4,1,4,4,1,1,1,3,1,2,1,1,1,1,2,1,3,2,4,4,1,2,4,2,1,1,4,2,4,4,3,3,2,1,2,3,2,1,1,1,2,3,3,4,2,1,4,2,3,2,2,4,4,1,1,2,3,1,2,3,4,2,1,2,1,2,1,4,2,2,3,3,1,4,2,1,2,3,1,1,4,1,3,3,1,2,4,1,4,1,2,1,1,1,2,2,3,3,1,1,4,2,2,4,2,1,1,2,2,1,2,4,3,2,3,3,4,4,1,4,4,3,2,4,3,1,1,3,2,4,2,2,1,1,4,4,2,1,1,3,3,3,3,1,3,2,2,2,2,1,1,3,2,4,4,1,2,3,1,3,1,1,3,1,4,1,1,2,1,3,1,2,2,4,1,1,4,1,4,4,2,1,1,2,3,1,1,1,1,2,3,4,3,2,3,3,1,2,4,2,3,1,2,2,2,4,3,2,2,2,4,1,1,1,2,4,2,1,4,2,1,1,1,2,1,2,1,2,3,3,3,2,4,3,3,1,1,4,2,3,1,4,4,4,3,2,4,3,2,1,3,4,1,2,2,1,2,3,3,1,4,3,3,2,2,1,1,2,3,3,4,4,2,1,1,3,1,1,3,2,3,4,1,3,1,4,2,4,1,1,1,1,4,1,3,1,1,3,1,4,2,2,1,2,2,4,1,2,4,3,1,3,2,1,2,2,3,3,2,1,2,4,1,4,2,1,1,4,1,1,4,4,2,4,2,4,3,2,2,4,3,2,3,1,2,4,3,4,1,3,1,2,4,4,2,2,2,1,2,2,1,4,2,1,2,1,4,2,1,2,4,1,2,1,2,1,1,4,2,1,2,1,2,4,4,3,4,1,2,1,1,2,2,2,2,2,4,4,3,3,2,4,2,3,4,3,2,2,2,3,2,1,3,2,1,1,1,3,1,3,2,3,1,4,3,4,1,1,3,1,3,2,1,3,1,1,2"
41,0.9882627241940299,0.5,2136.0,"4,2,1,1,2,2,3,1,2,1,4,4,4,1,2,2,4,1,1,2,1,2,4,1,3,1,2,2,4,1,1,2,3,3,1,2,4,1,2,4,1,2,2,2,2,2,3,2,1,2,4,4,3,2,1,4,2,2,1,4,4,4,3,1,3,3,3,2,3,2,1,2,2,3,4,2,3,3,3,1,2,1,4,1,2,3,1,2,1,2,1,2,2,2,3,4,1,1,3,1,2,2,3,2,2,4,1,4,2,1,1,1,3,3,1,2,3,4,4,1,3,2,2,3,2,2,3,2,4,1,2,2,1,1,1,2,3,4,2,2,4,3,2,3,4,4,2,1,1,1,1,1,1,3,3,4,2,2,2,1,4,1,1,3,1,3,3,1,1,4,1,2,2,2,1,3,3,1,4,1,3,2,3,2,3,2,1,2,4,1,4,2,3,3,3,3,2,3,1,4,1,4,1,3,4,4,1,3,2,2,2,1,2,1,3,2,2,1,2,1,4,4,3,2,3,1,3,2,4,3,3,2,2,1,1,3,1,3,3,2,2,1,2,3,2,2,3,2,3,3,3,4,1,1,3,1,1,1,4,2,3,4,1,1,2,1,3,2,1,3,4,2,4,1,3,2,4,1,1,4,4,1,1,4,2,2,2,4,2,4,1,1,1,4,1,4,2,1,2,3,2,2,1,2,3,2,4,1,1,1,1,1,1,1,2,3,1,4,2,2,4,2,1,3,2,1,1,3,2,2,3,3,2,3,1,4,1,4,2,1,1,2,3,1,4,2,2,3,3,2,4,2,4,2,3,1,1,2,4,3,4,3,1,2,3,3,4,4,1,3,2,1,2,3,2,3,3,2,1,3,2,4,2,3,3,2,1,1,2,1,1,4,3,3,1,2,3,1,2,2,1,1,2,2,4,1,2,3,4,3,3,2,2,1,1,4,3,2,1,4,3,1,3,3,3,2,1,2,4,3,3,1,1,2,3,1,3,3,2,4,1,2,2,1,3,3,2,1,2,4,2,4,1,3,1,1,1,4,2,1,4,3,3,2,2,1,2,1,4,4,2,2,2,1,1,1,1,4,1,3,1,2,2,3,1,3,4,1,4,1,4,1,1,1,1,2,3,1,1,2,4,2,4,4,2,1,3,1,1,3,3,1,3,1,4,2,4,3,3,1,4,2,4,4,4,2,1,3,1,3,3,3,1,1,2,4,4,1,3,3,2,2,2,3,1,4,1,3,2,1,3,3,4,2,3,3,2,1,2,2,3,4,3,2,1,2,3,1,2,1,4,2,1,4,2,1,4,3,2,1,2,3,1,3,1,2,1,1,1,1,2,1,3,1,1,4,1,3,3,2,2,4,3,4,4,2,4,4,2,1,4,4,4,3,1,2,4,3,3,2,1,3,2,1,4,4,2,2,1,1,3,4,4,2,2,1,4,1,2,3,2,1,3,4,4,3,4,4,1,1,2,3,1,1,1,1,2,2,1,3,1,3,1,4,2,1,1,4,2,4,3,2,1,4,2,3,1,3,2,2,2,1,1,2,2,4,2,2,2,2,2,1,2,3,2,3,1,1,3,4,2,2,2,4,3,3,1,2,2,3,2,3,3,1,2,2,4,4,1,4,4,1,2,4,1,3,3,3,2,3,3,1,1,2,4,3,3,4,2,4,1,2,4,1,4,3,1,1,1,4,4,1,2,2,2,2,2,1,1,1,1,1,1,4,2,2,3,4,4,1,2,3,2,4,1,2,2,3,2,1,1,2,2,1,1,2,3,1,2,1,4,4,1,2,4,2,1,1,2,1,3,3,4,2,2,1,2,4,1,2,2,1,2,1,2,3,1,3,2,3,4,2,1,3,2,3,2,1,2,2,4,4,1,1,4,3,3,2,4,2,4,1,2,3,3,1,3,2,1,3,1,1,2,2,4,2,1,1,1,3,2,4,4,4,1,3,1,4,2,1,3,2,1,1,1,1,4,3,1,1,2,2,3,4,3,2,4,2,1,1,1,1,3,1,1,2,1,1,4,2,4,2,1,3,3,1,2,1,2,1,4,4,2,4,1,4,1,2,2,1,4,1,2,3,2,4,1,2,3,2,1,4,2,2,3,2,3,1,2,1,2,3,2,2,2,3,2,4,1,4,2,3,2,2,2,3,2,4,3,1,1,2,1,1,1,2,1,2,3,2,1,1,1,1,2,1,2,3,2,4,1,1,4,4,3,2,4,3,1,3,2,1,2,3,3,3,3,4,3,1,1,1,3,1,2,1,4,4,3,2,4,3,4,4,1,2,1,2,4,4,3,2,1,3,1,4,3,3,1,3,2,2,2,1,4,1,4,1,4,1,1,4,1,1,3,2,4,2,4,2,3,2,2,3,4,4,3,2,2,4,1,2,1,3,3,1,1,4,1,1,2,3,4,4,3,1,1,2,2,4,1,1,4,2,3,4,3,4,3,2,1,3,2,2,2,1,1,3,2,2,3,2,1,2,3,4,3,1,3,4,2,4,3,4,1,3,1,1,2,4,2,2,4,4,3,1,4,2,3,1,4,1,2,3,3,1,4,2,1,3,2,3,1,1,2,1,1,2,1,3,3,2,4,2,2,2,3,2,3,3,2,2,2,2,4,1,1,1,1,2,1,2,1,4,2,2,2,1,1,1,2,4,1,4,2,2,3,4,1,1,1,4,4,2,2,3,3,3,3,1,2,1,2,4,4,2,2,3,2,1,1,1,1,2,3,1,2,3,4,3,4,1,1,3,1,4,4,3,2,1,4,1,2,2,1,2,1,4,1,3,1,1,4,4,1,4,4,1,1,1,3,1,2,1,1,1,1,2,1,3,2,4,4,1,2,4,2,1,1,4,2,4,4,3,3,2,1,2,3,2,1,1,1,2,3,3,4,2,1,4,2,3,2,2,4,4,1,1,2,3,1,2,3,4,2,1,2,1,2,1,4,2,2,3,3,1,4,2,1,2,3,1,1,4,1,3,3,1,2,4,1,4,1,2,1,1,1,2,2,3,3,1,1,4,2,2,4,2,1,1,2,2,1,2,4,3,2,3,3,4,4,1,4,4,3,2,4,3,1,1,3,2,4,2,2,1,1,4,4,2,1,1,3,3,3,3,1,3,2,2,2,2,1,1,3,2,4,4,1,2,3,1,3,1,1,3,1,4,1,1,2,1,3,1,2,2,4,1,1,4,1,4,4,2,1,1,2,3,1,1,1,1,2,3,4,3,2,3,3,1,2,4,2,3,1,2,2,2,4,3,2,2,2,4,1,1,1,2,4,2,1,4,2,1,1,1,2,1,2,1,2,3,3,3,2,4,3,3,1,1,4,2,3,1,4,4,4,3,2,4,3,2,1,3,4,1,2,2,1,2,3,3,1,4,3,3,2,2,1,1,2,3,3,4,4,2,1,1,3,1,1,3,2,3,4,1,3,1,4,2,4,1,1,1,1,4,1,3,1,1,3,1,4,2,2,1,2,2,4,1,2,4,3,1,3,2,1,2,2,3,3,2,1,2,4,1,4,2,1,1,4,1,1,4,4,2,4,2,4,3,2,2,4,3,2,3,1,2,4,3,4,1,3,1,2,4,4,2,2,2,1,2,2,1,4,2,1,2,1,4,2,1,2,4,1,2,1,2,1,1,4,2,1,2,1,2,4,4,3,4,1,2,1,1,2,2,2,2,2,4,4,3,3,2,4,2,3,4,3,2,2,2,3,2,1,3,2,1,1,1,3,1,3,2,3,1,4,3,4,1,1,3,1,3,2,1,3,1,1,2"
42,0.9882627241940299,0.5,2136.0,"4,2,1,1,2,2,3,1,2,1,4,4,4,1,2,2,4,1,1,2,1,2,4,1,3,1,2,2,4,1,1,2,3,3,1,2,4,1,2,4,1,2,2,2,2,2,3,2,1,2,4,4,3,2,1,4,2,2,1,4,4,4,3,1,3,3,3,2,3,2,1,2,2,3,4,2,3,3,3,1,2,1,4,1,2,3,1,2,1,2,1,2,2,2,3,4,1,1,3,1,2,2,3,2,2,4,1,4,2,1,1,1,3,3,1,2,3,4,4,1,3,2,2,3,2,2,3,2,4,1,2,2,1,1,1,2,3,4,2,2,4,3,2,3,4,4,2,1,1,1,1,1,1,3,3,4,2,2,2,1,4,1,1,3,1,3,3,1,1,4,1,2,2,2,1,3,3,1,4,1,3,2,3,2,3,2,1,2,4,1,4,2,3,3,3,3,2,3,1,4,1,4,1,3,4,4,1,3,2,2,2,1,2,1,3,2,2,1,2,1,4,4,3,2,3,1,3,2,4,3,3,2,2,1,1,3,1,3,3,2,2,1,2,3,2,2,3,2,3,3,3,4,1,1,3,1,1,1,4,2,3,4,1,1,2,1,3,2,1,3,4,2,4,1,3,2,4,1,1,4,4,1,1,4,2,2,2,4,2,4,1,1,1,4,1,4,2,1,2,3,2,2,1,2,3,2,4,1,1,1,1,1,1,1,2,3,1,4,2,2,4,2,1,3,2,1,1,3,2,2,3,3,2,3,1,4,1,4,2,1,1,2,3,1,4,2,2,3,3,2,4,2,4,2,3,1,1,2,4,3,4,3,1,2,3,3,4,4,1,3,2,1,2,3,2,3,3,2,1,3,2,4,2,3,3,2,1,1,2,1,1,4,3,3,1,2,3,1,2,2,1,1,2,2,4,1,2,3,4,3,3,2,2,1,1,4,3,2,1,4,3,1,3,3,3,2,1,2,4,3,3,1,1,2,3,1,3,3,2,4,1,2,2,1,3,3,2,1,2,4,2,4,1,3,1,1,1,4,2,1,4,3,3,2,2,1,2,1,4,4,2,2,2,1,1,1,1,4,1,3,1,2,2,3,1,3,4,1,4,1,4,1,1,1,1,2,3,1,1,2,4,2,4,4,2,1,3,1,1,3,3,1,3,1,4,2,4,3,3,1,4,2,4,4,4,2,1,3,1,3,3,3,1,1,2,4,4,1,3,3,2,2,2,3,1,4,1,3,2,1,3,3,4,2,3,3,2,1,2,2,3,4,3,2,1,2,3,1,2,1,4,2,1,4,2,1,4,3,2,1,2,3,1,3,1,2,1,1,1,1,2,1,3,1,1,4,1,3,3,2,2,4,3,4,4,2,4,4,2,1,4,4,4,3,1,2,4,3,3,2,1,3,2,1,4,4,2,2,1,1,3,4,4,2,2,1,4,1,2,3,2,1,3,4,4,3,4,4,1,1,2,3,1,1,1,1,2,2,1,3,1,3,1,4,2,1,1,4,2,4,3,2,1,4,2,3,1,3,2,2,2,1,1,2,2,4,2,2,2,2,2,1,2,3,2,3,1,1,3,4,2,2,2,4,3,3,1,2,2,3,2,3,3,1,2,2,4,4,1,4,4,1,2,4,1,3,3,3,2,3,3,1,1,2,4,3,3,4,2,4,1,2,4,1,4,3,1,1,1,4,4,1,2,2,2,2,2,1,1,1,1,1,1,4,2,2,3,4,4,1,2,3,2,4,1,2,2,3,2,1,1,2,2,1,1,2,3,1,2,1,4,4,1,2,4,2,1,1,2,1,3,3,4,2,2,1,2,4,1,2,2,1,2,1,2,3,1,3,2,3,4,2,1,3,2,3,2,1,2,2,4,4,1,1,4,3,3,2,4,2,4,1,2,3,3,1,3,2,1,3,1,1,2,2,4,2,1,1,1,3,2,4,4,4,1,3,1,4,2,1,3,2,1,1,1,1,4,3,1,1,2,2,3,4,3,2,4,2,1,1,1,1,3,1,1,2,1,1,4,2,4,2,1,3,3,1,2,1,2,1,4,4,2,4,1,4,1,2,2,1,4,1,2,3,2,4,1,2,3,2,1,4,2,2,3,2,3,1,2,1,2,3,2,2,2,3,2,4,1,4,2,3,2,2,2,3,2,4,3,1,1,2,1,1,1,2,1,2,3,2,1,1,1,1,2,1,2,3,2,4,1,1,4,4,3,2,4,3,1,3,2,1,2,3,3,3,3,4,3,1,1,1,3,1,2,1,4,4,3,2,4,3,4,4,1,2,1,2,4,4,3,2,1,3,1,4,3,3,1,3,2,2,2,1,4,1,4,1,4,1,1,4,1,1,3,2,4,2,4,2,3,2,2,3,4,4,3,2,2,4,1,2,1,3,3,1,1,4,1,1,2,3,4,4,3,1,1,2,2,4,1,1,4,2,3,4,3,4,3,2,1,3,2,2,2,1,1,3,2,2,3,2,1,2,3,4,3,1,3,4,2,4,3,4,1,3,1,1,2,4,2,2,4,4,3,1,4,2,3,1,4,1,2,3,3,1,4,2,1,3,2,3,1,1,2,1,1,2,1,3,3,2,4,2,2,2,3,2,3,3,2,2,2,2,4,1,1,1,1,2,1,2,1,4,2,2,2,1,1,1,2,4,1,4,2,2,3,4,1,1,1,4,4,2,2,3,3,3,3,1,2,1,2,4,4,2,2,3,2,1,1,1,1,2,3,1,2,3,4,3,4,1,1,3,1,4,4,3,2,1,4,1,2,2,1,2,1,4,1,3,1,1,4,4,1,4,4,1,1,1,3,1,2,1,1,1,1,2,1,3,2,4,4,1,2,4,2,1,1,4,2,4,4,3,3,2,1,2,3,2,1,1,1,2,3,3,4,2,1,4,2,3,2,2,4,4,1,1,2,3,1,2,3,4,2,1,2,1,2,1,4,2,2,3,3,1,4,2,1,2,3,1,1,4,1,3,3,1,2,4,1,4,1,2,1,1,1,2,2,3,3,1,1,4,2,2,4,2,1,1,2,2,1,2,4,3,2,3,3,4,4,1,4,4,3,2,4,3,1,1,3,2,4,2,2,1,1,4,4,2,1,1,3,3,3,3,1,3,2,2,2,2,1,1,3,2,4,4,1,2,3,1,3,1,1,3,1,4,1,1,2,1,3,1,2,2,4,1,1,4,1,4,4,2,1,1,2,3,1,1,1,1,2,3,4,3,2,3,3,1,2,4,2,3,1,2,2,2,4,3,2,2,2,4,1,1,1,2,4,2,1,4,2,1,1,1,2,1,2,1,2,3,3,3,2,4,3,3,1,1,4,2,3,1,4,4,4,3,2,4,3,2,1,3,4,1,2,2,1,2,3,3,1,4,3,3,2,2,1,1,2,3,3,4,4,2,1,1,3,1,1,3,2,3,4,1,3,1,4,2,4,1,1,1,1,4,1,3,1,1,3,1,4,2,2,1,2,2,4,1,2,4,3,1,3,2,1,2,2,3,3,2,1,2,4,1,4,2,1,1,4,1,1,4,4,2,4,2,4,3,2,2,4,3,2,3,1,2,4,3,4,1,3,1,2,4,4,2,2,2,1,2,2,1,4,2,1,2,1,4,2,1,2,4,1,2,1,2,1,1,4,2,1,2,1,2,4,4,3,4,1,2,1,1,2,2,2,2,2,4,4,3,3,2,4,2,3,4,3,2,2,2,3,2,1,3,2,1,1,1,3,1,3,2,3,1,4,3,4,1,1,3,1,3,2,1,3,1,1,2"
43,0.9882627241940299,0.5,2136.0,"4,2,1,1,2,2,3,1,2,1,4,4,4,1,2,2,4,1,1,2,1,2,4,1,3,1,2,2,4,1,1,2,3,3,1,2,4,1,2,4,1,2,2,2,2,2,3,2,1,2,4,4,3,2,1,4,2,2,1,4,4,4,3,1,3,3,3,2,3,2,1,2,2,3,4,2,3,3,3,1,2,1,4,1,2,3,1,2,1,2,1,2,2,2,3,4,1,1,3,1,2,2,3,2,2,4,1,4,2,1,1,1,3,3,1,2,3,4,4,1,3,2,2,3,2,2,3,2,4,1,2,2,1,1,1,2,3,4,2,2,4,3,2,3,4,4,2,1,1,1,1,1,1,3,3,4,2,2,2,1,4,1,1,3,1,3,3,1,1,4,1,2,2,2,1,3,3,1,4,1,3,2,3,2,3,2,1,2,4,1,4,2,3,3,3,3,2,3,1,4,1,4,1,3,4,4,1,3,2,2,2,1,2,1,3,2,2,1,2,1,4,4,3,2,3,1,3,2,4,3,3,2,2,1,1,3,1,3,3,2,2,1,2,3,2,2,3,2,3,3,3,4,1,1,3,1,1,1,4,2,3,4,1,1,2,1,3,2,1,3,4,2,4,1,3,2,4,1,1,4,4,1,1,4,2,2,2,4,2,4,1,1,1,4,1,4,2,1,2,3,2,2,1,2,3,2,4,1,1,1,1,1,1,1,2,3,1,4,2,2,4,2,1,3,2,1,1,3,2,2,3,3,2,3,1,4,1,4,2,1,1,2,3,1,4,2,2,3,3,2,4,2,4,2,3,1,1,2,4,3,4,3,1,2,3,3,4,4,1,3,2,1,2,3,2,3,3,2,1,3,2,4,2,3,3,2,1,1,2,1,1,4,3,3,1,2,3,1,2,2,1,1,2,2,4,1,2,3,4,3,3,2,2,1,1,4,3,2,1,4,3,1,3,3,3,2,1,2,4,3,3,1,1,2,3,1,3,3,2,4,1,2,2,1,3,3,2,1,2,4,2,4,1,3,1,1,1,4,2,1,4,3,3,2,2,1,2,1,4,4,2,2,2,1,1,1,1,4,1,3,1,2,2,3,1,3,4,1,4,1,4,1,1,1,1,2,3,1,1,2,4,2,4,4,2,1,3,1,1,3,3,1,3,1,4,2,4,3,3,1,4,2,4,4,4,2,1,3,1,3,3,3,1,1,2,4,4,1,3,3,2,2,2,3,1,4,1,3,2,1,3,3,4,2,3,3,2,1,2,2,3,4,3,2,1,2,3,1,2,1,4,2,1,4,2,1,4,3,2,1,2,3,1,3,1,2,1,1,1,1,2,1,3,1,1,4,1,3,3,2,2,4,3,4,4,2,4,4,2,1,4,4,4,3,1,2,4,3,3,2,1,3,2,1,4,4,2,2,1,1,3,4,4,2,2,1,4,1,2,3,2,1,3,4,4,3,4,4,1,1,2,3,1,1,1,1,2,2,1,3,1,3,1,4,2,1,1,4,2,4,3,2,1,4,2,3,1,3,2,2,2,1,1,2,2,4,2,2,2,2,2,1,2,3,2,3,1,1,3,4,2,2,2,4,3,3,1,2,2,3,2,3,3,1,2,2,4,4,1,4,4,1,2,4,1,3,3,3,2,3,3,1,1,2,4,3,3,4,2,4,1,2,4,1,4,3,1,1,1,4,4,1,2,2,2,2,2,1,1,1,1,1,1,4,2,2,3,4,4,1,2,3,2,4,1,2,2,3,2,1,1,2,2,1,1,2,3,1,2,1,4,4,1,2,4,2,1,1,2,1,3,3,4,2,2,1,2,4,1,2,2,1,2,1,2,3,1,3,2,3,4,2,1,3,2,3,2,1,2,2,4,4,1,1,4,3,3,2,4,2,4,1,2,3,3,1,3,2,1,3,1,1,2,2,4,2,1,1,1,3,2,4,4,4,1,3,1,4,2,1,3,2,1,1,1,1,4,3,1,1,2,2,3,4,3,2,4,2,1,1,1,1,3,1,1,2,1,1,4,2,4,2,1,3,3,1,2,1,2,1,4,4,2,4,1,4,1,2,2,1,4,1,2,3,2,4,1,2,3,2,1,4,2,2,3,2,3,1,2,1,2,3,2,2,2,3,2,4,1,4,2,3,2,2,2,3,2,4,3,1,1,2,1,1,1,2,1,2,3,2,1,1,1,1,2,1,2,3,2,4,1,1,4,4,3,2,4,3,1,3,2,1,2,3,3,3,3,4,3,1,1,1,3,1,2,1,4,4,3,2,4,3,4,4,1,2,1,2,4,4,3,2,1,3,1,4,3,3,1,3,2,2,2,1,4,1,4,1,4,1,1,4,1,1,3,2,4,2,4,2,3,2,2,3,4,4,3,2,2,4,1,2,1,3,3,1,1,4,1,1,2,3,4,4,3,1,1,2,2,4,1,1,4,2,3,4,3,4,3,2,1,3,2,2,2,1,1,3,2,2,3,2,1,2,3,4,3,1,3,4,2,4,3,4,1,3,1,1,2,4,2,2,4,4,3,1,4,2,3,1,4,1,2,3,3,1,4,2,1,3,2,3,1,1,2,1,1,2,1,3,3,2,4,2,2,2,3,2,3,3,2,2,2,2,4,1,1,1,1,2,1,2,1,4,2,2,2,1,1,1,2,4,1,4,2,2,3,4,1,1,1,4,4,2,2,3,3,3,3,1,2,1,2,4,4,2,2,3,2,1,1,1,1,2,3,1,2,3,4,3,4,1,1,3,1,4,4,3,2,1,4,1,2,2,1,2,1,4,1,3,1,1,4,4,1,4,4,1,1,1,3,1,2,1,1,1,1,2,1,3,2,4,4,1,2,4,2,1,1,4,2,4,4,3,3,2,1,2,3,2,1,1,1,2,3,3,4,2,1,4,2,3,2,2,4,4,1,1,2,3,1,2,3,4,2,1,2,1,2,1,4,2,2,3,3,1,4,2,1,2,3,1,1,4,1,3,3,1,2,4,1,4,1,2,1,1,1,2,2,3,3,1,1,4,2,2,4,2,1,1,2,2,1,2,4,3,2,3,3,4,4,1,4,4,3,2,4,3,1,1,3,2,4,2,2,1,1,4,4,2,1,1,3,3,3,3,1,3,2,2,2,2,1,1,3,2,4,4,1,2,3,1,3,1,1,3,1,4,1,1,2,1,3,1,2,2,4,1,1,4,1,4,4,2,1,1,2,3,1,1,1,1,2,3,4,3,2,3,3,1,2,4,2,3,1,2,2,2,4,3,2,2,2,4,1,1,1,2,4,2,1,4,2,1,1,1,2,1,2,1,2,3,3,3,2,4,3,3,1,1,4,2,3,1,4,4,4,3,2,4,3,2,1,3,4,1,2,2,1,2,3,3,1,4,3,3,2,2,1,1,2,3,3,4,4,2,1,1,3,1,1,3,2,3,4,1,3,1,4,2,4,1,1,1,1,4,1,3,1,1,3,1,4,2,2,1,2,2,4,1,2,4,3,1,3,2,1,2,2,3,3,2,1,2,4,1,4,2,1,1,4,1,1,4,4,2,4,2,4,3,2,2,4,3,2,3,1,2,4,3,4,1,3,1,2,4,4,2,2,2,1,2,2,1,4,2,1,2,1,4,2,1,2,4,1,2,1,2,1,1,4,2,1,2,1,2,4,4,3,4,1,2,1,1,2,2,2,2,2,4,4,3,3,2,4,2,3,4,3,2,2,2,3,2,1,3,2,1,1,1,3,1,3,2,3,1,4,3,4,1,1,3,1,3,2,1,3,1,1,2"
44,0.9882627241940299,0.5,2136.0,"4,2,1,1,2,2,3,1,2,1,4,4,4,1,2,2,4,1,1,2,1,2,4,1,3,1,2,2,4,1,1,2,3,3,1,2,4,1,2,4,1,2,2,2,2,2,3,2,1,2,4,4,3,2,1,4,2,2,1,4,4,4,3,1,3,3,3,2,3,2,1,2,2,3,4,2,3,3,3,1,2,1,4,1,2,3,1,2,1,2,1,2,2,2,3,4,1,1,3,1,2,2,3,2,2,4,1,4,2,1,1,1,3,3,1,2,3,4,4,1,3,2,2,3,2,2,3,2,4,1,2,2,1,1,1,2,3,4,2,2,4,3,2,3,4,4,2,1,1,1,1,1,1,3,3,4,2,2,2,1,4,1,1,3,1,3,3,1,1,4,1,2,2,2,1,3,3,1,4,1,3,2,3,2,3,2,1,2,4,1,4,2,3,3,3,3,2,3,1,4,1,4,1,3,4,4,1,3,2,2,2,1,2,1,3,2,2,1,2,1,4,4,3,2,3,1,3,2,4,3,3,2,2,1,1,3,1,3,3,2,2,1,2,3,2,2,3,2,3,3,3,4,1,1,3,1,1,1,4,2,3,4,1,1,2,1,3,2,1,3,4,2,4,1,3,2,4,1,1,4,4,1,1,4,2,2,2,4,2,4,1,1,1,4,1,4,2,1,2,3,2,2,1,2,3,2,4,1,1,1,1,1,1,1,2,3,1,4,2,2,4,2,1,3,2,1,1,3,2,2,3,3,2,3,1,4,1,4,2,1,1,2,3,1,4,2,2,3,3,2,4,2,4,2,3,1,1,2,4,3,4,3,1,2,3,3,4,4,1,3,2,1,2,3,2,3,3,2,1,3,2,4,2,3,3,2,1,1,2,1,1,4,3,3,1,2,3,1,2,2,1,1,2,2,4,1,2,3,4,3,3,2,2,1,1,4,3,2,1,4,3,1,3,3,3,2,1,2,4,3,3,1,1,2,3,1,3,3,2,4,1,2,2,1,3,3,2,1,2,4,2,4,1,3,1,1,1,4,2,1,4,3,3,2,2,1,2,1,4,4,2,2,2,1,1,1,1,4,1,3,1,2,2,3,1,3,4,1,4,1,4,1,1,1,1,2,3,1,1,2,4,2,4,4,2,1,3,1,1,3,3,1,3,1,4,2,4,3,3,1,4,2,4,4,4,2,1,3,1,3,3,3,1,1,2,4,4,1,3,3,2,2,2,3,1,4,1,3,2,1,3,3,4,2,3,3,2,1,2,2,3,4,3,2,1,2,3,1,2,1,4,2,1,4,2,1,4,3,2,1,2,3,1,3,1,2,1,1,1,1,2,1,3,1,1,4,1,3,3,2,2,4,3,4,4,2,4,4,2,1,4,4,4,3,1,2,4,3,3,2,1,3,2,1,4,4,2,2,1,1,3,4,4,2,2,1,4,1,2,3,2,1,3,4,4,3,4,4,1,1,2,3,1,1,1,1,2,2,1,3,1,3,1,4,2,1,1,4,2,4,3,2,1,4,2,3,1,3,2,2,2,1,1,2,2,4,2,2,2,2,2,1,2,3,2,3,1,1,3,4,2,2,2,4,3,3,1,2,2,3,2,3,3,1,2,2,4,4,1,4,4,1,2,4,1,3,3,3,2,3,3,1,1,2,4,3,3,4,2,4,1,2,4,1,4,3,1,1,1,4,4,1,2,2,2,2,2,1,1,1,1,1,1,4,2,2,3,4,4,1,2,3,2,4,1,2,2,3,2,1,1,2,2,1,1,2,3,1,2,1,4,4,1,2,4,2,1,1,2,1,3,3,4,2,2,1,2,4,1,2,2,1,2,1,2,3,1,3,2,3,4,2,1,3,2,3,2,1,2,2,4,4,1,1,4,3,3,2,4,2,4,1,2,3,3,1,3,2,1,3,1,1,2,2,4,2,1,1,1,3,2,4,4,4,1,3,1,4,2,1,3,2,1,1,1,1,4,3,1,1,2,2,3,4,3,2,4,2,1,1,1,1,3,1,1,2,1,1,4,2,4,2,1,3,3,1,2,1,2,1,4,4,2,4,1,4,1,2,2,1,4,1,2,3,2,4,1,2,3,2,1,4,2,2,3,2,3,1,2,1,2,3,2,2,2,3,2,4,1,4,2,3,2,2,2,3,2,4,3,1,1,2,1,1,1,2,1,2,3,2,1,1,1,1,2,1,2,3,2,4,1,1,4,4,3,2,4,3,1,3,2,1,2,3,3,3,3,4,3,1,1,1,3,1,2,1,4,4,3,2,4,3,4,4,1,2,1,2,4,4,3,2,1,3,1,4,3,3,1,3,2,2,2,1,4,1,4,1,4,1,1,4,1,1,3,2,4,2,4,2,3,2,2,3,4,4,3,2,2,4,1,2,1,3,3,1,1,4,1,1,2,3,4,4,3,1,1,2,2,4,1,1,4,2,3,4,3,4,3,2,1,3,2,2,2,1,1,3,2,2,3,2,1,2,3,4,3,1,3,4,2,4,3,4,1,3,1,1,2,4,2,2,4,4,3,1,4,2,3,1,4,1,2,3,3,1,4,2,1,3,2,3,1,1,2,1,1,2,1,3,3,2,4,2,2,2,3,2,3,3,2,2,2,2,4,1,1,1,1,2,1,2,1,4,2,2,2,1,1,1,2,4,1,4,2,2,3,4,1,1,1,4,4,2,2,3,3,3,3,1,2,1,2,4,4,2,2,3,2,1,1,1,1,2,3,1,2,3,4,3,4,1,1,3,1,4,4,3,2,1,4,1,2,2,1,2,1,4,1,3,1,1,4,4,1,4,4,1,1,1,3,1,2,1,1,1,1,2,1,3,2,4,4,1,2,4,2,1,1,4,2,4,4,3,3,2,1,2,3,2,1,1,1,2,3,3,4,2,1,4,2,3,2,2,4,4,1,1,2,3,1,2,3,4,2,1,2,1,2,1,4,2,2,3,3,1,4,2,1,2,3,1,1,4,1,3,3,1,2,4,1,4,1,2,1,1,1,2,2,3,3,1,1,4,2,2,4,2,1,1,2,2,1,2,4,3,2,3,3,4,4,1,4,4,3,2,4,3,1,1,3,2,4,2,2,1,1,4,4,2,1,1,3,3,3,3,1,3,2,2,2,2,1,1,3,2,4,4,1,2,3,1,3,1,1,3,1,4,1,1,2,1,3,1,2,2,4,1,1,4,1,4,4,2,1,1,2,3,1,1,1,1,2,3,4,3,2,3,3,1,2,4,2,3,1,2,2,2,4,3,2,2,2,4,1,1,1,2,4,2,1,4,2,1,1,1,2,1,2,1,2,3,3,3,2,4,3,3,1,1,4,2,3,1,4,4,4,3,2,4,3,2,1,3,4,1,2,2,1,2,3,3,1,4,3,3,2,2,1,1,2,3,3,4,4,2,1,1,3,1,1,3,2,3,4,1,3,1,4,2,4,1,1,1,1,4,1,3,1,1,3,1,4,2,2,1,2,2,4,1,2,4,3,1,3,2,1,2,2,3,3,2,1,2,4,1,4,2,1,1,4,1,1,4,4,2,4,2,4,3,2,2,4,3,2,3,1,2,4,3,4,1,3,1,2,4,4,2,2,2,1,2,2,1,4,2,1,2,1,4,2,1,2,4,1,2,1,2,1,1,4,2,1,2,1,2,4,4,3,4,1,2,1,1,2,2,2,2,2,4,4,3,3,2,4,2,3,4,3,2,2,2,3,2,1,3,2,1,1,1,3,1,3,2,3,1,4,3,4,1,1,3,1,3,2,1,3,1,1,2"
45,0.9882627241940299,0.5,2136.0,"4,2,1,1,2,2,3,1,2,1,4,4,4,1,2,2,4,1,1,2,1,2,4,1,3,1,2,2,4,1,1,2,3,3,1,2,4,1,2,4,1,2,2,2,2,2,3,2,1,2,4,4,3,2,1,4,2,2,1,4,4,4,3,1,3,3,3,2,3,2,1,2,2,3,4,2,3,3,3,1,2,1,4,1,2,3,1,2,1,2,1,2,2,2,3,4,1,1,3,1,2,2,3,2,2,4,1,4,2,1,1,1,3,3,1,2,3,4,4,1,3,2,2,3,2,2,3,2,4,1,2,2,1,1,1,2,3,4,2,2,4,3,2,3,4,4,2,1,1,1,1,1,1,3,3,4,2,2,2,1,4,1,1,3,1,3,3,1,1,4,1,2,2,2,1,3,3,1,4,1,3,2,3,2,3,2,1,2,4,1,4,2,3,3,3,3,2,3,1,4,1,4,1,3,4,4,1,3,2,2,2,1,2,1,3,2,2,1,2,1,4,4,3,2,3,1,3,2,4,3,3,2,2,1,1,3,1,3,3,2,2,1,2,3,2,2,3,2,3,3,3,4,1,1,3,1,1,1,4,2,3,4,1,1,2,1,3,2,1,3,4,2,4,1,3,2,4,1,1,4,4,1,1,4,2,2,2,4,2,4,1,1,1,4,1,4,2,1,2,3,2,2,1,2,3,2,4,1,1,1,1,1,1,1,2,3,1,4,2,2,4,2,1,3,2,1,1,3,2,2,3,3,2,3,1,4,1,4,2,1,1,2,3,1,4,2,2,3,3,2,4,2,4,2,3,1,1,2,4,3,4,3,1,2,3,3,4,4,1,3,2,1,2,3,2,3,3,2,1,3,2,4,2,3,3,2,1,1,2,1,1,4,3,3,1,2,3,1,2,2,1,1,2,2,4,1,2,3,4,3,3,2,2,1,1,4,3,2,1,4,3,1,3,3,3,2,1,2,4,3,3,1,1,2,3,1,3,3,2,4,1,2,2,1,3,3,2,1,2,4,2,4,1,3,1,1,1,4,2,1,4,3,3,2,2,1,2,1,4,4,2,2,2,1,1,1,1,4,1,3,1,2,2,3,1,3,4,1,4,1,4,1,1,1,1,2,3,1,1,2,4,2,4,4,2,1,3,1,1,3,3,1,3,1,4,2,4,3,3,1,4,2,4,4,4,2,1,3,1,3,3,3,1,1,2,4,4,1,3,3,2,2,2,3,1,4,1,3,2,1,3,3,4,2,3,3,2,1,2,2,3,4,3,2,1,2,3,1,2,1,4,2,1,4,2,1,4,3,2,1,2,3,1,3,1,2,1,1,1,1,2,1,3,1,1,4,1,3,3,2,2,4,3,4,4,2,4,4,2,1,4,4,4,3,1,2,4,3,3,2,1,3,2,1,4,4,2,2,1,1,3,4,4,2,2,1,4,1,2,3,2,1,3,4,4,3,4,4,1,1,2,3,1,1,1,1,2,2,1,3,1,3,1,4,2,1,1,4,2,4,3,2,1,4,2,3,1,3,2,2,2,1,1,2,2,4,2,2,2,2,2,1,2,3,2,3,1,1,3,4,2,2,2,4,3,3,1,2,2,3,2,3,3,1,2,2,4,4,1,4,4,1,2,4,1,3,3,3,2,3,3,1,1,2,4,3,3,4,2,4,1,2,4,1,4,3,1,1,1,4,4,1,2,2,2,2,2,1,1,1,1,1,1,4,2,2,3,4,4,1,2,3,2,4,1,2,2,3,2,1,1,2,2,1,1,2,3,1,2,1,4,4,1,2,4,2,1,1,2,1,3,3,4,2,2,1,2,4,1,2,2,1,2,1,2,3,1,3,2,3,4,2,1,3,2,3,2,1,2,2,4,4,1,1,4,3,3,2,4,2,4,1,2,3,3,1,3,2,1,3,1,1,2,2,4,2,1,1,1,3,2,4,4,4,1,3,1,4,2,1,3,2,1,1,1,1,4,3,1,1,2,2,3,4,3,2,4,2,1,1,1,1,3,1,1,2,1,1,4,2,4,2,1,3,3,1,2,1,2,1,4,4,2,4,1,4,1,2,2,1,4,1,2,3,2,4,1,2,3,2,1,4,2,2,3,2,3,1,2,1,2,3,2,2,2,3,2,4,1,4,2,3,2,2,2,3,2,4,3,1,1,2,1,1,1,2,1,2,3,2,1,1,1,1,2,1,2,3,2,4,1,1,4,4,3,2,4,3,1,3,2,1,2,3,3,3,3,4,3,1,1,1,3,1,2,1,4,4,3,2,4,3,4,4,1,2,1,2,4,4,3,2,1,3,1,4,3,3,1,3,2,2,2,1,4,1,4,1,4,1,1,4,1,1,3,2,4,2,4,2,3,2,2,3,4,4,3,2,2,4,1,2,1,3,3,1,1,4,1,1,2,3,4,4,3,1,1,2,2,4,1,1,4,2,3,4,3,4,3,2,1,3,2,2,2,1,1,3,2,2,3,2,1,2,3,4,3,1,3,4,2,4,3,4,1,3,1,1,2,4,2,2,4,4,3,1,4,2,3,1,4,1,2,3,3,1,4,2,1,3,2,3,1,1,2,1,1,2,1,3,3,2,4,2,2,2,3,2,3,3,2,2,2,2,4,1,1,1,1,2,1,2,1,4,2,2,2,1,1,1,2,4,1,4,2,2,3,4,1,1,1,4,4,2,2,3,3,3,3,1,2,1,2,4,4,2,2,3,2,1,1,1,1,2,3,1,2,3,4,3,4,1,1,3,1,4,4,3,2,1,4,1,2,2,1,2,1,4,1,3,1,1,4,4,1,4,4,1,1,1,3,1,2,1,1,1,1,2,1,3,2,4,4,1,2,4,2,1,1,4,2,4,4,3,3,2,1,2,3,2,1,1,1,2,3,3,4,2,1,4,2,3,2,2,4,4,1,1,2,3,1,2,3,4,2,1,2,1,2,1,4,2,2,3,3,1,4,2,1,2,3,1,1,4,1,3,3,1,2,4,1,4,1,2,1,1,1,2,2,3,3,1,1,4,2,2,4,2,1,1,2,2,1,2,4,3,2,3,3,4,4,1,4,4,3,2,4,3,1,1,3,2,4,2,2,1,1,4,4,2,1,1,3,3,3,3,1,3,2,2,2,2,1,1,3,2,4,4,1,2,3,1,3,1,1,3,1,4,1,1,2,1,3,1,2,2,4,1,1,4,1,4,4,2,1,1,2,3,1,1,1,1,2,3,4,3,2,3,3,1,2,4,2,3,1,2,2,2,4,3,2,2,2,4,1,1,1,2,4,2,1,4,2,1,1,1,2,1,2,1,2,3,3,3,2,4,3,3,1,1,4,2,3,1,4,4,4,3,2,4,3,2,1,3,4,1,2,2,1,2,3,3,1,4,3,3,2,2,1,1,2,3,3,4,4,2,1,1,3,1,1,3,2,3,4,1,3,1,4,2,4,1,1,1,1,4,1,3,1,1,3,1,4,2,2,1,2,2,4,1,2,4,3,1,3,2,1,2,2,3,3,2,1,2,4,1,4,2,1,1,4,1,1,4,4,2,4,2,4,3,2,2,4,3,2,3,1,2,4,3,4,1,3,1,2,4,4,2,2,2,1,2,2,1,4,2,1,2,1,4,2,1,2,4,1,2,1,2,1,1,4,2,1,2,1,2,4,4,3,4,1,2,1,1,2,2,2,2,2,4,4,3,3,2,4,2,3,4,3,2,2,2,3,2,1,3,2,1,1,1,3,1,3,2,3,1,4,3,4,1,1,3,1,3,2,1,3,1,1,2"
46,0.9882627241940299,0.5,2136.0,"4,2,1,1,2,2,3,1,2,1,4,4,4,1,2,2,4,1,1,2,1,2,4,1,3,1,2,2,4,1,1,2,3,3,1,2,4,1,2,4,1,2,2,2,2,2,3,2,1,2,4,4,3,2,1,4,2,2,1,4,4,4,3,1,3,3,3,2,3,2,1,2,2,3,4,2,3,3,3,1,2,1,4,1,2,3,1,2,1,2,1,2,2,2,3,4,1,1,3,1,2,2,3,2,2,4,1,4,2,1,1,1,3,3,1,2,3,4,4,1,3,2,2,3,2,2,3,2,4,1,2,2,1,1,1,2,3,4,2,2,4,3,2,3,4,4,2,1,1,1,1,1,1,3,3,4,2,2,2,1,4,1,1,3,1,3,3,1,1,4,1,2,2,2,1,3,3,1,4,1,3,2,3,2,3,2,1,2,4,1,4,2,3,3,3,3,2,3,1,4,1,4,1,3,4,4,1,3,2,2,2,1,2,1,3,2,2,1,2,1,4,4,3,2,3,1,3,2,4,3,3,2,2,1,1,3,1,3,3,2,2,1,2,3,2,2,3,2,3,3,3,4,1,1,3,1,1,1,4,2,3,4,1,1,2,1,3,2,1,3,4,2,4,1,3,2,4,1,1,4,4,1,1,4,2,2,2,4,2,4,1,1,1,4,1,4,2,1,2,3,2,2,1,2,3,2,4,1,1,1,1,1,1,1,2,3,1,4,2,2,4,2,1,3,2,1,1,3,2,2,3,3,2,3,1,4,1,4,2,1,1,2,3,1,4,2,2,3,3,2,4,2,4,2,3,1,1,2,4,3,4,3,1,2,3,3,4,4,1,3,2,1,2,3,2,3,3,2,1,3,2,4,2,3,3,2,1,1,2,1,1,4,3,3,1,2,3,1,2,2,1,1,2,2,4,1,2,3,4,3,3,2,2,1,1,4,3,2,1,4,3,1,3,3,3,2,1,2,4,3,3,1,1,2,3,1,3,3,2,4,1,2,2,1,3,3,2,1,2,4,2,4,1,3,1,1,1,4,2,1,4,3,3,2,2,1,2,1,4,4,2,2,2,1,1,1,1,4,1,3,1,2,2,3,1,3,4,1,4,1,4,1,1,1,1,2,3,1,1,2,4,2,4,4,2,1,3,1,1,3,3,1,3,1,4,2,4,3,3,1,4,2,4,4,4,2,1,3,1,3,3,3,1,1,2,4,4,1,3,3,2,2,2,3,1,4,1,3,2,1,3,3,4,2,3,3,2,1,2,2,3,4,3,2,1,2,3,1,2,1,4,2,1,4,2,1,4,3,2,1,2,3,1,3,1,2,1,1,1,1,2,1,3,1,1,4,1,3,3,2,2,4,3,4,4,2,4,4,2,1,4,4,4,3,1,2,4,3,3,2,1,3,2,1,4,4,2,2,1,1,3,4,4,2,2,1,4,1,2,3,2,1,3,4,4,3,4,4,1,1,2,3,1,1,1,1,2,2,1,3,1,3,1,4,2,1,1,4,2,4,3,2,1,4,2,3,1,3,2,2,2,1,1,2,2,4,2,2,2,2,2,1,2,3,2,3,1,1,3,4,2,2,2,4,3,3,1,2,2,3,2,3,3,1,2,2,4,4,1,4,4,1,2,4,1,3,3,3,2,3,3,1,1,2,4,3,3,4,2,4,1,2,4,1,4,3,1,1,1,4,4,1,2,2,2,2,2,1,1,1,1,1,1,4,2,2,3,4,4,1,2,3,2,4,1,2,2,3,2,1,1,2,2,1,1,2,3,1,2,1,4,4,1,2,4,2,1,1,2,1,3,3,4,2,2,1,2,4,1,2,2,1,2,1,2,3,1,3,2,3,4,2,1,3,2,3,2,1,2,2,4,4,1,1,4,3,3,2,4,2,4,1,2,3,3,1,3,2,1,3,1,1,2,2,4,2,1,1,1,3,2,4,4,4,1,3,1,4,2,1,3,2,1,1,1,1,4,3,1,1,2,2,3,4,3,2,4,2,1,1,1,1,3,1,1,2,1,1,4,2,4,2,1,3,3,1,2,1,2,1,4,4,2,4,1,4,1,2,2,1,4,1,2,3,2,4,1,2,3,2,1,4,2,2,3,2,3,1,2,1,2,3,2,2,2,3,2,4,1,4,2,3,2,2,2,3,2,4,3,1,1,2,1,1,1,2,1,2,3,2,1,1,1,1,2,1,2,3,2,4,1,1,4,4,3,2,4,3,1,3,2,1,2,3,3,3,3,4,3,1,1,1,3,1,2,1,4,4,3,2,4,3,4,4,1,2,1,2,4,4,3,2,1,3,1,4,3,3,1,3,2,2,2,1,4,1,4,1,4,1,1,4,1,1,3,2,4,2,4,2,3,2,2,3,4,4,3,2,2,4,1,2,1,3,3,1,1,4,1,1,2,3,4,4,3,1,1,2,2,4,1,1,4,2,3,4,3,4,3,2,1,3,2,2,2,1,1,3,2,2,3,2,1,2,3,4,3,1,3,4,2,4,3,4,1,3,1,1,2,4,2,2,4,4,3,1,4,2,3,1,4,1,2,3,3,1,4,2,1,3,2,3,1,1,2,1,1,2,1,3,3,2,4,2,2,2,3,2,3,3,2,2,2,2,4,1,1,1,1,2,1,2,1,4,2,2,2,1,1,1,2,4,1,4,2,2,3,4,1,1,1,4,4,2,2,3,3,3,3,1,2,1,2,4,4,2,2,3,2,1,1,1,1,2,3,1,2,3,4,3,4,1,1,3,1,4,4,3,2,1,4,1,2,2,1,2,1,4,1,3,1,1,4,4,1,4,4,1,1,1,3,1,2,1,1,1,1,2,1,3,2,4,4,1,2,4,2,1,1,4,2,4,4,3,3,2,1,2,3,2,1,1,1,2,3,3,4,2,1,4,2,3,2,2,4,4,1,1,2,3,1,2,3,4,2,1,2,1,2,1,4,2,2,3,3,1,4,2,1,2,3,1,1,4,1,3,3,1,2,4,1,4,1,2,1,1,1,2,2,3,3,1,1,4,2,2,4,2,1,1,2,2,1,2,4,3,2,3,3,4,4,1,4,4,3,2,4,3,1,1,3,2,4,2,2,1,1,4,4,2,1,1,3,3,3,3,1,3,2,2,2,2,1,1,3,2,4,4,1,2,3,1,3,1,1,3,1,4,1,1,2,1,3,1,2,2,4,1,1,4,1,4,4,2,1,1,2,3,1,1,1,1,2,3,4,3,2,3,3,1,2,4,2,3,1,2,2,2,4,3,2,2,2,4,1,1,1,2,4,2,1,4,2,1,1,1,2,1,2,1,2,3,3,3,2,4,3,3,1,1,4,2,3,1,4,4,4,3,2,4,3,2,1,3,4,1,2,2,1,2,3,3,1,4,3,3,2,2,1,1,2,3,3,4,4,2,1,1,3,1,1,3,2,3,4,1,3,1,4,2,4,1,1,1,1,4,1,3,1,1,3,1,4,2,2,1,2,2,4,1,2,4,3,1,3,2,1,2,2,3,3,2,1,2,4,1,4,2,1,1,4,1,1,4,4,2,4,2,4,3,2,2,4,3,2,3,1,2,4,3,4,1,3,1,2,4,4,2,2,2,1,2,2,1,4,2,1,2,1,4,2,1,2,4,1,2,1,2,1,1,4,2,1,2,1,2,4,4,3,4,1,2,1,1,2,2,2,2,2,4,4,3,3,2,4,2,3,4,3,2,2,2,3,2,1,3,2,1,1,1,3,1,3,2,3,1,4,3,4,1,1,3,1,3,2,1,3,1,1,2"
47,0.9882627241940299,0.5,2136.0,"4,2,1,1,2,2,3,1,2,1,4,4,4,1,2,2,4,1,1,2,1,2,4,1,3,1,2,2,4,1,1,2,3,3,1,2,4,1,2,4,1,2,2,2,2,2,3,2,1,2,4,4,3,2,1,4,2,2,1,4,4,4,3,1,3,3,3,2,3,2,1,2,2,3,4,2,3,3,3,1,2,1,4,1,2,3,1,2,1,2,1,2,2,2,3,4,1,1,3,1,2,2,3,2,2,4,1,4,2,1,1,1,3,3,1,2,3,4,4,1,3,2,2,3,2,2,3,2,4,1,2,2,1,1,1,2,3,4,2,2,4,3,2,3,4,4,2,1,1,1,1,1,1,3,3,4,2,2,2,1,4,1,1,3,1,3,3,1,1,4,1,2,2,2,1,3,3,1,4,1,3,2,3,2,3,2,1,2,4,1,4,2,3,3,3,3,2,3,1,4,1,4,1,3,4,4,1,3,2,2,2,1,2,1,3,2,2,1,2,1,4,4,3,2,3,1,3,2,4,3,3,2,2,1,1,3,1,3,3,2,2,1,2,3,2,2,3,2,3,3,3,4,1,1,3,1,1,1,4,2,3,4,1,1,2,1,3,2,1,3,4,2,4,1,3,2,4,1,1,4,4,1,1,4,2,2,2,4,2,4,1,1,1,4,1,4,2,1,2,3,2,2,1,2,3,2,4,1,1,1,1,1,1,1,2,3,1,4,2,2,4,2,1,3,2,1,1,3,2,2,3,3,2,3,1,4,1,4,2,1,1,2,3,1,4,2,2,3,3,2,4,2,4,2,3,1,1,2,4,3,4,3,1,2,3,3,4,4,1,3,2,1,2,3,2,3,3,2,1,3,2,4,2,3,3,2,1,1,2,1,1,4,3,3,1,2,3,1,2,2,1,1,2,2,4,1,2,3,4,3,3,2,2,1,1,4,3,2,1,4,3,1,3,3,3,2,1,2,4,3,3,1,1,2,3,1,3,3,2,4,1,2,2,1,3,3,2,1,2,4,2,4,1,3,1,1,1,4,2,1,4,3,3,2,2,1,2,1,4,4,2,2,2,1,1,1,1,4,1,3,1,2,2,3,1,3,4,1,4,1,4,1,1,1,1,2,3,1,1,2,4,2,4,4,2,1,3,1,1,3,3,1,3,1,4,2,4,3,3,1,4,2,4,4,4,2,1,3,1,3,3,3,1,1,2,4,4,1,3,3,2,2,2,3,1,4,1,3,2,1,3,3,4,2,3,3,2,1,2,2,3,4,3,2,1,2,3,1,2,1,4,2,1,4,2,1,4,3,2,1,2,3,1,3,1,2,1,1,1,1,2,1,3,1,1,4,1,3,3,2,2,4,3,4,4,2,4,4,2,1,4,4,4,3,1,2,4,3,3,2,1,3,2,1,4,4,2,2,1,1,3,4,4,2,2,1,4,1,2,3,2,1,3,4,4,3,4,4,1,1,2,3,1,1,1,1,2,2,1,3,1,3,1,4,2,1,1,4,2,4,3,2,1,4,2,3,1,3,2,2,2,1,1,2,2,4,2,2,2,2,2,1,2,3,2,3,1,1,3,4,2,2,2,4,3,3,1,2,2,3,2,3,3,1,2,2,4,4,1,4,4,1,2,4,1,3,3,3,2,3,3,1,1,2,4,3,3,4,2,4,1,2,4,1,4,3,1,1,1,4,4,1,2,2,2,2,2,1,1,1,1,1,1,4,2,2,3,4,4,1,2,3,2,4,1,2,2,3,2,1,1,2,2,1,1,2,3,1,2,1,4,4,1,2,4,2,1,1,2,1,3,3,4,2,2,1,2,4,1,2,2,1,2,1,2,3,1,3,2,3,4,2,1,3,2,3,2,1,2,2,4,4,1,1,4,3,3,2,4,2,4,1,2,3,3,1,3,2,1,3,1,1,2,2,4,2,1,1,1,3,2,4,4,4,1,3,1,4,2,1,3,2,1,1,1,1,4,3,1,1,2,2,3,4,3,2,4,2,1,1,1,1,3,1,1,2,1,1,4,2,4,2,1,3,3,1,2,1,2,1,4,4,2,4,1,4,1,2,2,1,4,1,2,3,2,4,1,2,3,2,1,4,2,2,3,2,3,1,2,1,2,3,2,2,2,3,2,4,1,4,2,3,2,2,2,3,2,4,3,1,1,2,1,1,1,2,1,2,3,2,1,1,1,1,2,1,2,3,2,4,1,1,4,4,3,2,4,3,1,3,2,1,2,3,3,3,3,4,3,1,1,1,3,1,2,1,4,4,3,2,4,3,4,4,1,2,1,2,4,4,3,2,1,3,1,4,3,3,1,3,2,2,2,1,4,1,4,1,4,1,1,4,1,1,3,2,4,2,4,2,3,2,2,3,4,4,3,2,2,4,1,2,1,3,3,1,1,4,1,1,2,3,4,4,3,1,1,2,2,4,1,1,4,2,3,4,3,4,3,2,1,3,2,2,2,1,1,3,2,2,3,2,1,2,3,4,3,1,3,4,2,4,3,4,1,3,1,1,2,4,2,2,4,4,3,1,4,2,3,1,4,1,2,3,3,1,4,2,1,3,2,3,1,1,2,1,1,2,1,3,3,2,4,2,2,2,3,2,3,3,2,2,2,2,4,1,1,1,1,2,1,2,1,4,2,2,2,1,1,1,2,4,1,4,2,2,3,4,1,1,1,4,4,2,2,3,3,3,3,1,2,1,2,4,4,2,2,3,2,1,1,1,1,2,3,1,2,3,4,3,4,1,1,3,1,4,4,3,2,1,4,1,2,2,1,2,1,4,1,3,1,1,4,4,1,4,4,1,1,1,3,1,2,1,1,1,1,2,1,3,2,4,4,1,2,4,2,1,1,4,2,4,4,3,3,2,1,2,3,2,1,1,1,2,3,3,4,2,1,4,2,3,2,2,4,4,1,1,2,3,1,2,3,4,2,1,2,1,2,1,4,2,2,3,3,1,4,2,1,2,3,1,1,4,1,3,3,1,2,4,1,4,1,2,1,1,1,2,2,3,3,1,1,4,2,2,4,2,1,1,2,2,1,2,4,3,2,3,3,4,4,1,4,4,3,2,4,3,1,1,3,2,4,2,2,1,1,4,4,2,1,1,3,3,3,3,1,3,2,2,2,2,1,1,3,2,4,4,1,2,3,1,3,1,1,3,1,4,1,1,2,1,3,1,2,2,4,1,1,4,1,4,4,2,1,1,2,3,1,1,1,1,2,3,4,3,2,3,3,1,2,4,2,3,1,2,2,2,4,3,2,2,2,4,1,1,1,2,4,2,1,4,2,1,1,1,2,1,2,1,2,3,3,3,2,4,3,3,1,1,4,2,3,1,4,4,4,3,2,4,3,2,1,3,4,1,2,2,1,2,3,3,1,4,3,3,2,2,1,1,2,3,3,4,4,2,1,1,3,1,1,3,2,3,4,1,3,1,4,2,4,1,1,1,1,4,1,3,1,1,3,1,4,2,2,1,2,2,4,1,2,4,3,1,3,2,1,2,2,3,3,2,1,2,4,1,4,2,1,1,4,1,1,4,4,2,4,2,4,3,2,2,4,3,2,3,1,2,4,3,4,1,3,1,2,4,4,2,2,2,1,2,2,1,4,2,1,2,1,4,2,1,2,4,1,2,1,2,1,1,4,2,1,2,1,2,4,4,3,4,1,2,1,1,2,2,2,2,2,4,4,3,3,2,4,2,3,4,3,2,2,2,3,2,1,3,2,1,1,1,3,1,3,2,3,1,4,3,4,1,1,3,1,3,2,1,3,1,1,2"
48,0.9882627241940299,0.5,2136.0,"4,2,1,1,2,2,3,1,2,1,4,4,4,1,2,2,4,1,1,2,1,2,4,1,3,1,2,2,4,1,1,2,3,3,1,2,4,1,2,4,1,2,2,2,2,2,3,2,1,2,4,4,3,2,1,4,2,2,1,4,4,4,3,1,3,3,3,2,3,2,1,2,2,3,4,2,3,3,3,1,2,1,4,1,2,3,1,2,1,2,1,2,2,2,3,4,1,1,3,1,2,2,3,2,2,4,1,4,2,1,1,1,3,3,1,2,3,4,4,1,3,2,2,3,2,2,3,2,4,1,2,2,1,1,1,2,3,4,2,2,4,3,2,3,4,4,2,1,1,1,1,1,1,3,3,4,2,2,2,1,4,1,1,3,1,3,3,1,1,4,1,2,2,2,1,3,3,1,4,1,3,2,3,2,3,2,1,2,4,1,4,2,3,3,3,3,2,3,1,4,1,4,1,3,4,4,1,3,2,2,2,1,2,1,3,2,2,1,2,1,4,4,3,2,3,1,3,2,4,3,3,2,2,1,1,3,1,3,3,2,2,1,2,3,2,2,3,2,3,3,3,4,1,1,3,1,1,1,4,2,3,4,1,1,2,1,3,2,1,3,4,2,4,1,3,2,4,1,1,4,4,1,1,4,2,2,2,4,2,4,1,1,1,4,1,4,2,1,2,3,2,2,1,2,3,2,4,1,1,1,1,1,1,1,2,3,1,4,2,2,4,2,1,3,2,1,1,3,2,2,3,3,2,3,1,4,1,4,2,1,1,2,3,1,4,2,2,3,3,2,4,2,4,2,3,1,1,2,4,3,4,3,1,2,3,3,4,4,1,3,2,1,2,3,2,3,3,2,1,3,2,4,2,3,3,2,1,1,2,1,1,4,3,3,1,2,3,1,2,2,1,1,2,2,4,1,2,3,4,3,3,2,2,1,1,4,3,2,1,4,3,1,3,3,3,2,1,2,4,3,3,1,1,2,3,1,3,3,2,4,1,2,2,1,3,3,2,1,2,4,2,4,1,3,1,1,1,4,2,1,4,3,3,2,2,1,2,1,4,4,2,2,2,1,1,1,1,4,1,3,1,2,2,3,1,3,4,1,4,1,4,1,1,1,1,2,3,1,1,2,4,2,4,4,2,1,3,1,1,3,3,1,3,1,4,2,4,3,3,1,4,2,4,4,4,2,1,3,1,3,3,3,1,1,2,4,4,1,3,3,2,2,2,3,1,4,1,3,2,1,3,3,4,2,3,3,2,1,2,2,3,4,3,2,1,2,3,1,2,1,4,2,1,4,2,1,4,3,2,1,2,3,1,3,1,2,1,1,1,1,2,1,3,1,1,4,1,3,3,2,2,4,3,4,4,2,4,4,2,1,4,4,4,3,1,2,4,3,3,2,1,3,2,1,4,4,2,2,1,1,3,4,4,2,2,1,4,1,2,3,2,1,3,4,4,3,4,4,1,1,2,3,1,1,1,1,2,2,1,3,1,3,1,4,2,1,1,4,2,4,3,2,1,4,2,3,1,3,2,2,2,1,1,2,2,4,2,2,2,2,2,1,2,3,2,3,1,1,3,4,2,2,2,4,3,3,1,2,2,3,2,3,3,1,2,2,4,4,1,4,4,1,2,4,1,3,3,3,2,3,3,1,1,2,4,3,3,4,2,4,1,2,4,1,4,3,1,1,1,4,4,1,2,2,2,2,2,1,1,1,1,1,1,4,2,2,3,4,4,1,2,3,2,4,1,2,2,3,2,1,1,2,2,1,1,2,3,1,2,1,4,4,1,2,4,2,1,1,2,1,3,3,4,2,2,1,2,4,1,2,2,1,2,1,2,3,1,3,2,3,4,2,1,3,2,3,2,1,2,2,4,4,1,1,4,3,3,2,4,2,4,1,2,3,3,1,3,2,1,3,1,1,2,2,4,2,1,1,1,3,2,4,4,4,1,3,1,4,2,1,3,2,1,1,1,1,4,3,1,1,2,2,3,4,3,2,4,2,1,1,1,1,3,1,1,2,1,1,4,2,4,2,1,3,3,1,2,1,2,1,4,4,2,4,1,4,1,2,2,1,4,1,2,3,2,4,1,2,3,2,1,4,2,2,3,2,3,1,2,1,2,3,2,2,2,3,2,4,1,4,2,3,2,2,2,3,2,4,3,1,1,2,1,1,1,2,1,2,3,2,1,1,1,1,2,1,2,3,2,4,1,1,4,4,3,2,4,3,1,3,2,1,2,3,3,3,3,4,3,1,1,1,3,1,2,1,4,4,3,2,4,3,4,4,1,2,1,2,4,4,3,2,1,3,1,4,3,3,1,3,2,2,2,1,4,1,4,1,4,1,1,4,1,1,3,2,4,2,4,2,3,2,2,3,4,4,3,2,2,4,1,2,1,3,3,1,1,4,1,1,2,3,4,4,3,1,1,2,2,4,1,1,4,2,3,4,3,4,3,2,1,3,2,2,2,1,1,3,2,2,3,2,1,2,3,4,3,1,3,4,2,4,3,4,1,3,1,1,2,4,2,2,4,4,3,1,4,2,3,1,4,1,2,3,3,1,4,2,1,3,2,3,1,1,2,1,1,2,1,3,3,2,4,2,2,2,3,2,3,3,2,2,2,2,4,1,1,1,1,2,1,2,1,4,2,2,2,1,1,1,2,4,1,4,2,2,3,4,1,1,1,4,4,2,2,3,3,3,3,1,2,1,2,4,4,2,2,3,2,1,1,1,1,2,3,1,2,3,4,3,4,1,1,3,1,4,4,3,2,1,4,1,2,2,1,2,1,4,1,3,1,1,4,4,1,4,4,1,1,1,3,1,2,1,1,1,1,2,1,3,2,4,4,1,2,4,2,1,1,4,2,4,4,3,3,2,1,2,3,2,1,1,1,2,3,3,4,2,1,4,2,3,2,2,4,4,1,1,2,3,1,2,3,4,2,1,2,1,2,1,4,2,2,3,3,1,4,2,1,2,3,1,1,4,1,3,3,1,2,4,1,4,1,2,1,1,1,2,2,3,3,1,1,4,2,2,4,2,1,1,2,2,1,2,4,3,2,3,3,4,4,1,4,4,3,2,4,3,1,1,3,2,4,2,2,1,1,4,4,2,1,1,3,3,3,3,1,3,2,2,2,2,1,1,3,2,4,4,1,2,3,1,3,1,1,3,1,4,1,1,2,1,3,1,2,2,4,1,1,4,1,4,4,2,1,1,2,3,1,1,1,1,2,3,4,3,2,3,3,1,2,4,2,3,1,2,2,2,4,3,2,2,2,4,1,1,1,2,4,2,1,4,2,1,1,1,2,1,2,1,2,3,3,3,2,4,3,3,1,1,4,2,3,1,4,4,4,3,2,4,3,2,1,3,4,1,2,2,1,2,3,3,1,4,3,3,2,2,1,1,2,3,3,4,4,2,1,1,3,1,1,3,2,3,4,1,3,1,4,2,4,1,1,1,1,4,1,3,1,1,3,1,4,2,2,1,2,2,4,1,2,4,3,1,3,2,1,2,2,3,3,2,1,2,4,1,4,2,1,1,4,1,1,4,4,2,4,2,4,3,2,2,4,3,2,3,1,2,4,3,4,1,3,1,2,4,4,2,2,2,1,2,2,1,4,2,1,2,1,4,2,1,2,4,1,2,1,2,1,1,4,2,1,2,1,2,4,4,3,4,1,2,1,1,2,2,2,2,2,4,4,3,3,2,4,2,3,4,3,2,2,2,3,2,1,3,2,1,1,1,3,1,3,2,3,1,4,3,4,1,1,3,1,3,2,1,3,1,1,2"
49,0.9882627241940299,0.5,2136.0,"4,2,1,1,2,2,3,1,2,1,4,4,4,1,2,2,4,1,1,2,1,2,4,1,3,1,2,2,4,1,1,2,3,3,1,2,4,1,2,4,1,2,2,2,2,2,3,2,1,2,4,4,3,2,1,4,2,2,1,4,4,4,3,1,3,3,3,2,3,2,1,2,2,3,4,2,3,3,3,1,2,1,4,1,2,3,1,2,1,2,1,2,2,2,3,4,1,1,3,1,2,2,3,2,2,4,1,4,2,1,1,1,3,3,1,2,3,4,4,1,3,2,2,3,2,2,3,2,4,1,2,2,1,1,1,2,3,4,2,2,4,3,2,3,4,4,2,1,1,1,1,1,1,3,3,4,2,2,2,1,4,1,1,3,1,3,3,1,1,4,1,2,2,2,1,3,3,1,4,1,3,2,3,2,3,2,1,2,4,1,4,2,3,3,3,3,2,3,1,4,1,4,1,3,4,4,1,3,2,2,2,1,2,1,3,2,2,1,2,1,4,4,3,2,3,1,3,2,4,3,3,2,2,1,1,3,1,3,3,2,2,1,2,3,2,2,3,2,3,3,3,4,1,1,3,1,1,1,4,2,3,4,1,1,2,1,3,2,1,3,4,2,4,1,3,2,4,1,1,4,4,1,1,4,2,2,2,4,2,4,1,1,1,4,1,4,2,1,2,3,2,2,1,2,3,2,4,1,1,1,1,1,1,1,2,3,1,4,2,2,4,2,1,3,2,1,1,3,2,2,3,3,2,3,1,4,1,4,2,1,1,2,3,1,4,2,2,3,3,2,4,2,4,2,3,1,1,2,4,3,4,3,1,2,3,3,4,4,1,3,2,1,2,3,2,3,3,2,1,3,2,4,2,3,3,2,1,1,2,1,1,4,3,3,1,2,3,1,2,2,1,1,2,2,4,1,2,3,4,3,3,2,2,1,1,4,3,2,1,4,3,1,3,3,3,2,1,2,4,3,3,1,1,2,3,1,3,3,2,4,1,2,2,1,3,3,2,1,2,4,2,4,1,3,1,1,1,4,2,1,4,3,3,2,2,1,2,1,4,4,2,2,2,1,1,1,1,4,1,3,1,2,2,3,1,3,4,1,4,1,4,1,1,1,1,2,3,1,1,2,4,2,4,4,2,1,3,1,1,3,3,1,3,1,4,2,4,3,3,1,4,2,4,4,4,2,1,3,1,3,3,3,1,1,2,4,4,1,3,3,2,2,2,3,1,4,1,3,2,1,3,3,4,2,3,3,2,1,2,2,3,4,3,2,1,2,3,1,2,1,4,2,1,4,2,1,4,3,2,1,2,3,1,3,1,2,1,1,1,1,2,1,3,1,1,4,1,3,3,2,2,4,3,4,4,2,4,4,2,1,4,4,4,3,1,2,4,3,3,2,1,3,2,1,4,4,2,2,1,1,3,4,4,2,2,1,4,1,2,3,2,1,3,4,4,3,4,4,1,1,2,3,1,1,1,1,2,2,1,3,1,3,1,4,2,1,1,4,2,4,3,2,1,4,2,3,1,3,2,2,2,1,1,2,2,4,2,2,2,2,2,1,2,3,2,3,1,1,3,4,2,2,2,4,3,3,1,2,2,3,2,3,3,1,2,2,4,4,1,4,4,1,2,4,1,3,3,3,2,3,3,1,1,2,4,3,3,4,2,4,1,2,4,1,4,3,1,1,1,4,4,1,2,2,2,2,2,1,1,1,1,1,1,4,2,2,3,4,4,1,2,3,2,4,1,2,2,3,2,1,1,2,2,1,1,2,3,1,2,1,4,4,1,2,4,2,1,1,2,1,3,3,4,2,2,1,2,4,1,2,2,1,2,1,2,3,1,3,2,3,4,2,1,3,2,3,2,1,2,2,4,4,1,1,4,3,3,2,4,2,4,1,2,3,3,1,3,2,1,3,1,1,2,2,4,2,1,1,1,3,2,4,4,4,1,3,1,4,2,1,3,2,1,1,1,1,4,3,1,1,2,2,3,4,3,2,4,2,1,1,1,1,3,1,1,2,1,1,4,2,4,2,1,3,3,1,2,1,2,1,4,4,2,4,1,4,1,2,2,1,4,1,2,3,2,4,1,2,3,2,1,4,2,2,3,2,3,1,2,1,2,3,2,2,2,3,2,4,1,4,2,3,2,2,2,3,2,4,3,1,1,2,1,1,1,2,1,2,3,2,1,1,1,1,2,1,2,3,2,4,1,1,4,4,3,2,4,3,1,3,2,1,2,3,3,3,3,4,3,1,1,1,3,1,2,1,4,4,3,2,4,3,4,4,1,2,1,2,4,4,3,2,1,3,1,4,3,3,1,3,2,2,2,1,4,1,4,1,4,1,1,4,1,1,3,2,4,2,4,2,3,2,2,3,4,4,3,2,2,4,1,2,1,3,3,1,1,4,1,1,2,3,4,4,3,1,1,2,2,4,1,1,4,2,3,4,3,4,3,2,1,3,2,2,2,1,1,3,2,2,3,2,1,2,3,4,3,1,3,4,2,4,3,4,1,3,1,1,2,4,2,2,4,4,3,1,4,2,3,1,4,1,2,3,3,1,4,2,1,3,2,3,1,1,2,1,1,2,1,3,3,2,4,2,2,2,3,2,3,3,2,2,2,2,4,1,1,1,1,2,1,2,1,4,2,2,2,1,1,1,2,4,1,4,2,2,3,4,1,1,1,4,4,2,2,3,3,3,3,1,2,1,2,4,4,2,2,3,2,1,1,1,1,2,3,1,2,3,4,3,4,1,1,3,1,4,4,3,2,1,4,1,2,2,1,2,1,4,1,3,1,1,4,4,1,4,4,1,1,1,3,1,2,1,1,1,1,2,1,3,2,4,4,1,2,4,2,1,1,4,2,4,4,3,3,2,1,2,3,2,1,1,1,2,3,3,4,2,1,4,2,3,2,2,4,4,1,1,2,3,1,2,3,4,2,1,2,1,2,1,4,2,2,3,3,1,4,2,1,2,3,1,1,4,1,3,3,1,2,4,1,4,1,2,1,1,1,2,2,3,3,1,1,4,2,2,4,2,1,1,2,2,1,2,4,3,2,3,3,4,4,1,4,4,3,2,4,3,1,1,3,2,4,2,2,1,1,4,4,2,1,1,3,3,3,3,1,3,2,2,2,2,1,1,3,2,4,4,1,2,3,1,3,1,1,3,1,4,1,1,2,1,3,1,2,2,4,1,1,4,1,4,4,2,1,1,2,3,1,1,1,1,2,3,4,3,2,3,3,1,2,4,2,3,1,2,2,2,4,3,2,2,2,4,1,1,1,2,4,2,1,4,2,1,1,1,2,1,2,1,2,3,3,3,2,4,3,3,1,1,4,2,3,1,4,4,4,3,2,4,3,2,1,3,4,1,2,2,1,2,3,3,1,4,3,3,2,2,1,1,2,3,3,4,4,2,1,1,3,1,1,3,2,3,4,1,3,1,4,2,4,1,1,1,1,4,1,3,1,1,3,1,4,2,2,1,2,2,4,1,2,4,3,1,3,2,1,2,2,3,3,2,1,2,4,1,4,2,1,1,4,1,1,4,4,2,4,2,4,3,2,2,4,3,2,3,1,2,4,3,4,1,3,1,2,4,4,2,2,2,1,2,2,1,4,2,1,2,1,4,2,1,2,4,1,2,1,2,1,1,4,2,1,2,1,2,4,4,3,4,1,2,1,1,2,2,2,2,2,4,4,3,3,2,4,2,3,4,3,2,2,2,3,2,1,3,2,1,1,1,3,1,3,2,3,1,4,3,4,1,1,3,1,3,2,1,3,1,1,2"
50,0.9882627241940299,0.5,2136.0,"4,2,1,1,2,2,3,1,2,1,4,4,4,1,2,2,4,1,1,2,1,2,4,1,3,1,2,2,4,1,1,2,3,3,1,2,4,1,2,4,1,2,2,2,2,2,3,2,1,2,4,4,3,2,1,4,2,2,1,4,4,4,3,1,3,3,3,2,3,2,1,2,2,3,4,2,3,3,3,1,2,1,4,1,2,3,1,2,1,2,1,2,2,2,3,4,1,1,3,1,2,2,3,2,2,4,1,4,2,1,1,1,3,3,1,2,3,4,4,1,3,2,2,3,2,2,3,2,4,1,2,2,1,1,1,2,3,4,2,2,4,3,2,3,4,4,2,1,1,1,1,1,1,3,3,4,2,2,2,1,4,1,1,3,1,3,3,1,1,4,1,2,2,2,1,3,3,1,4,1,3,2,3,2,3,2,1,2,4,1,4,2,3,3,3,3,2,3,1,4,1,4,1,3,4,4,1,3,2,2,2,1,2,1,3,2,2,1,2,1,4,4,3,2,3,1,3,2,4,3,3,2,2,1,1,3,1,3,3,2,2,1,2,3,2,2,3,2,3,3,3,4,1,1,3,1,1,1,4,2,3,4,1,1,2,1,3,2,1,3,4,2,4,1,3,2,4,1,1,4,4,1,1,4,2,2,2,4,2,4,1,1,1,4,1,4,2,1,2,3,2,2,1,2,3,2,4,1,1,1,1,1,1,1,2,3,1,4,2,2,4,2,1,3,2,1,1,3,2,2,3,3,2,3,1,4,1,4,2,1,1,2,3,1,4,2,2,3,3,2,4,2,4,2,3,1,1,2,4,3,4,3,1,2,3,3,4,4,1,3,2,1,2,3,2,3,3,2,1,3,2,4,2,3,3,2,1,1,2,1,1,4,3,3,1,2,3,1,2,2,1,1,2,2,4,1,2,3,4,3,3,2,2,1,1,4,3,2,1,4,3,1,3,3,3,2,1,2,4,3,3,1,1,2,3,1,3,3,2,4,1,2,2,1,3,3,2,1,2,4,2,4,1,3,1,1,1,4,2,1,4,3,3,2,2,1,2,1,4,4,2,2,2,1,1,1,1,4,1,3,1,2,2,3,1,3,4,1,4,1,4,1,1,1,1,2,3,1,1,2,4,2,4,4,2,1,3,1,1,3,3,1,3,1,4,2,4,3,3,1,4,2,4,4,4,2,1,3,1,3,3,3,1,1,2,4,4,1,3,3,2,2,2,3,1,4,1,3,2,1,3,3,4,2,3,3,2,1,2,2,3,4,3,2,1,2,3,1,2,1,4,2,1,4,2,1,4,3,2,1,2,3,1,3,1,2,1,1,1,1,2,1,3,1,1,4,1,3,3,2,2,4,3,4,4,2,4,4,2,1,4,4,4,3,1,2,4,3,3,2,1,3,2,1,4,4,2,2,1,1,3,4,4,2,2,1,4,1,2,3,2,1,3,4,4,3,4,4,1,1,2,3,1,1,1,1,2,2,1,3,1,3,1,4,2,1,1,4,2,4,3,2,1,4,2,3,1,3,2,2,2,1,1,2,2,4,2,2,2,2,2,1,2,3,2,3,1,1,3,4,2,2,2,4,3,3,1,2,2,3,2,3,3,1,2,2,4,4,1,4,4,1,2,4,1,3,3,3,2,3,3,1,1,2,4,3,3,4,2,4,1,2,4,1,4,3,1,1,1,4,4,1,2,2,2,2,2,1,1,1,1,1,1,4,2,2,3,4,4,1,2,3,2,4,1,2,2,3,2,1,1,2,2,1,1,2,3,1,2,1,4,4,1,2,4,2,1,1,2,1,3,3,4,2,2,1,2,4,1,2,2,1,2,1,2,3,1,3,2,3,4,2,1,3,2,3,2,1,2,2,4,4,1,1,4,3,3,2,4,2,4,1,2,3,3,1,3,2,1,3,1,1,2,2,4,2,1,1,1,3,2,4,4,4,1,3,1,4,2,1,3,2,1,1,1,1,4,3,1,1,2,2,3,4,3,2,4,2,1,1,1,1,3,1,1,2,1,1,4,2,4,2,1,3,3,1,2,1,2,1,4,4,2,4,1,4,1,2,2,1,4,1,2,3,2,4,1,2,3,2,1,4,2,2,3,2,3,1,2,1,2,3,2,2,2,3,2,4,1,4,2,3,2,2,2,3,2,4,3,1,1,2,1,1,1,2,1,2,3,2,1,1,1,1,2,1,2,3,2,4,1,1,4,4,3,2,4,3,1,3,2,1,2,3,3,3,3,4,3,1,1,1,3,1,2,1,4,4,3,2,4,3,4,4,1,2,1,2,4,4,3,2,1,3,1,4,3,3,1,3,2,2,2,1,4,1,4,1,4,1,1,4,1,1,3,2,4,2,4,2,3,2,2,3,4,4,3,2,2,4,1,2,1,3,3,1,1,4,1,1,2,3,4,4,3,1,1,2,2,4,1,1,4,2,3,4,3,4,3,2,1,3,2,2,2,1,1,3,2,2,3,2,1,2,3,4,3,1,3,4,2,4,3,4,1,3,1,1,2,4,2,2,4,4,3,1,4,2,3,1,4,1,2,3,3,1,4,2,1,3,2,3,1,1,2,1,1,2,1,3,3,2,4,2,2,2,3,2,3,3,2,2,2,2,4,1,1,1,1,2,1,2,1,4,2,2,2,1,1,1,2,4,1,4,2,2,3,4,1,1,1,4,4,2,2,3,3,3,3,1,2,1,2,4,4,2,2,3,2,1,1,1,1,2,3,1,2,3,4,3,4,1,1,3,1,4,4,3,2,1,4,1,2,2,1,2,1,4,1,3,1,1,4,4,1,4,4,1,1,1,3,1,2,1,1,1,1,2,1,3,2,4,4,1,2,4,2,1,1,4,2,4,4,3,3,2,1,2,3,2,1,1,1,2,3,3,4,2,1,4,2,3,2,2,4,4,1,1,2,3,1,2,3,4,2,1,2,1,2,1,4,2,2,3,3,1,4,2,1,2,3,1,1,4,1,3,3,1,2,4,1,4,1,2,1,1,1,2,2,3,3,1,1,4,2,2,4,2,1,1,2,2,1,2,4,3,2,3,3,4,4,1,4,4,3,2,4,3,1,1,3,2,4,2,2,1,1,4,4,2,1,1,3,3,3,3,1,3,2,2,2,2,1,1,3,2,4,4,1,2,3,1,3,1,1,3,1,4,1,1,2,1,3,1,2,2,4,1,1,4,1,4,4,2,1,1,2,3,1,1,1,1,2,3,4,3,2,3,3,1,2,4,2,3,1,2,2,2,4,3,2,2,2,4,1,1,1,2,4,2,1,4,2,1,1,1,2,1,2,1,2,3,3,3,2,4,3,3,1,1,4,2,3,1,4,4,4,3,2,4,3,2,1,3,4,1,2,2,1,2,3,3,1,4,3,3,2,2,1,1,2,3,3,4,4,2,1,1,3,1,1,3,2,3,4,1,3,1,4,2,4,1,1,1,1,4,1,3,1,1,3,1,4,2,2,1,2,2,4,1,2,4,3,1,3,2,1,2,2,3,3,2,1,2,4,1,4,2,1,1,4,1,1,4,4,2,4,2,4,3,2,2,4,3,2,3,1,2,4,3,4,1,3,1,2,4,4,2,2,2,1,2,2,1,4,2,1,2,1,4,2,1,2,4,1,2,1,2,1,1,4,2,1,2,1,2,4,4,3,4,1,2,1,1,2,2,2,2,2,4,4,3,3,2,4,2,3,4,3,2,2,2,3,2,1,3,2,1,1,1,3,1,3,2,3,1,4,3,4,1,1,3,1,3,2,1,3,1,1,2"
51,0.9882627241940299,0.5,2136.0,"4,2,1,1,2,2,3,1,2,1,4,4,4,1,2,2,4,1,1,2,1,2,4,1,3,1,2,2,4,1,1,2,3,3,1,2,4,1,2,4,1,2,2,2,2,2,3,2,1,2,4,4,3,2,1,4,2,2,1,4,4,4,3,1,3,3,3,2,3,2,1,2,2,3,4,2,3,3,3,1,2,1,4,1,2,3,1,2,1,2,1,2,2,2,3,4,1,1,3,1,2,2,3,2,2,4,1,4,2,1,1,1,3,3,1,2,3,4,4,1,3,2,2,3,2,2,3,2,4,1,2,2,1,1,1,2,3,4,2,2,4,3,2,3,4,4,2,1,1,1,1,1,1,3,3,4,2,2,2,1,4,1,1,3,1,3,3,1,1,4,1,2,2,2,1,3,3,1,4,1,3,2,3,2,3,2,1,2,4,1,4,2,3,3,3,3,2,3,1,4,1,4,1,3,4,4,1,3,2,2,2,1,2,1,3,2,2,1,2,1,4,4,3,2,3,1,3,2,4,3,3,2,2,1,1,3,1,3,3,2,2,1,2,3,2,2,3,2,3,3,3,4,1,1,3,1,1,1,4,2,3,4,1,1,2,1,3,2,1,3,4,2,4,1,3,2,4,1,1,4,4,1,1,4,2,2,2,4,2,4,1,1,1,4,1,4,2,1,2,3,2,2,1,2,3,2,4,1,1,1,1,1,1,1,2,3,1,4,2,2,4,2,1,3,2,1,1,3,2,2,3,3,2,3,1,4,1,4,2,1,1,2,3,1,4,2,2,3,3,2,4,2,4,2,3,1,1,2,4,3,4,3,1,2,3,3,4,4,1,3,2,1,2,3,2,3,3,2,1,3,2,4,2,3,3,2,1,1,2,1,1,4,3,3,1,2,3,1,2,2,1,1,2,2,4,1,2,3,4,3,3,2,2,1,1,4,3,2,1,4,3,1,3,3,3,2,1,2,4,3,3,1,1,2,3,1,3,3,2,4,1,2,2,1,3,3,2,1,2,4,2,4,1,3,1,1,1,4,2,1,4,3,3,2,2,1,2,1,4,4,2,2,2,1,1,1,1,4,1,3,1,2,2,3,1,3,4,1,4,1,4,1,1,1,1,2,3,1,1,2,4,2,4,4,2,1,3,1,1,3,3,1,3,1,4,2,4,3,3,1,4,2,4,4,4,2,1,3,1,3,3,3,1,1,2,4,4,1,3,3,2,2,2,3,1,4,1,3,2,1,3,3,4,2,3,3,2,1,2,2,3,4,3,2,1,2,3,1,2,1,4,2,1,4,2,1,4,3,2,1,2,3,1,3,1,2,1,1,1,1,2,1,3,1,1,4,1,3,3,2,2,4,3,4,4,2,4,4,2,1,4,4,4,3,1,2,4,3,3,2,1,3,2,1,4,4,2,2,1,1,3,4,4,2,2,1,4,1,2,3,2,1,3,4,4,3,4,4,1,1,2,3,1,1,1,1,2,2,1,3,1,3,1,4,2,1,1,4,2,4,3,2,1,4,2,3,1,3,2,2,2,1,1,2,2,4,2,2,2,2,2,1,2,3,2,3,1,1,3,4,2,2,2,4,3,3,1,2,2,3,2,3,3,1,2,2,4,4,1,4,4,1,2,4,1,3,3,3,2,3,3,1,1,2,4,3,3,4,2,4,1,2,4,1,4,3,1,1,1,4,4,1,2,2,2,2,2,1,1,1,1,1,1,4,2,2,3,4,4,1,2,3,2,4,1,2,2,3,2,1,1,2,2,1,1,2,3,1,2,1,4,4,1,2,4,2,1,1,2,1,3,3,4,2,2,1,2,4,1,2,2,1,2,1,2,3,1,3,2,3,4,2,1,3,2,3,2,1,2,2,4,4,1,1,4,3,3,2,4,2,4,1,2,3,3,1,3,2,1,3,1,1,2,2,4,2,1,1,1,3,2,4,4,4,1,3,1,4,2,1,3,2,1,1,1,1,4,3,1,1,2,2,3,4,3,2,4,2,1,1,1,1,3,1,1,2,1,1,4,2,4,2,1,3,3,1,2,1,2,1,4,4,2,4,1,4,1,2,2,1,4,1,2,3,2,4,1,2,3,2,1,4,2,2,3,2,3,1,2,1,2,3,2,2,2,3,2,4,1,4,2,3,2,2,2,3,2,4,3,1,1,2,1,1,1,2,1,2,3,2,1,1,1,1,2,1,2,3,2,4,1,1,4,4,3,2,4,3,1,3,2,1,2,3,3,3,3,4,3,1,1,1,3,1,2,1,4,4,3,2,4,3,4,4,1,2,1,2,4,4,3,2,1,3,1,4,3,3,1,3,2,2,2,1,4,1,4,1,4,1,1,4,1,1,3,2,4,2,4,2,3,2,2,3,4,4,3,2,2,4,1,2,1,3,3,1,1,4,1,1,2,3,4,4,3,1,1,2,2,4,1,1,4,2,3,4,3,4,3,2,1,3,2,2,2,1,1,3,2,2,3,2,1,2,3,4,3,1,3,4,2,4,3,4,1,3,1,1,2,4,2,2,4,4,3,1,4,2,3,1,4,1,2,3,3,1,4,2,1,3,2,3,1,1,2,1,1,2,1,3,3,2,4,2,2,2,3,2,3,3,2,2,2,2,4,1,1,1,1,2,1,2,1,4,2,2,2,1,1,1,2,4,1,4,2,2,3,4,1,1,1,4,4,2,2,3,3,3,3,1,2,1,2,4,4,2,2,3,2,1,1,1,1,2,3,1,2,3,4,3,4,1,1,3,1,4,4,3,2,1,4,1,2,2,1,2,1,4,1,3,1,1,4,4,1,4,4,1,1,1,3,1,2,1,1,1,1,2,1,3,2,4,4,1,2,4,2,1,1,4,2,4,4,3,3,2,1,2,3,2,1,1,1,2,3,3,4,2,1,4,2,3,2,2,4,4,1,1,2,3,1,2,3,4,2,1,2,1,2,1,4,2,2,3,3,1,4,2,1,2,3,1,1,4,1,3,3,1,2,4,1,4,1,2,1,1,1,2,2,3,3,1,1,4,2,2,4,2,1,1,2,2,1,2,4,3,2,3,3,4,4,1,4,4,3,2,4,3,1,1,3,2,4,2,2,1,1,4,4,2,1,1,3,3,3,3,1,3,2,2,2,2,1,1,3,2,4,4,1,2,3,1,3,1,1,3,1,4,1,1,2,1,3,1,2,2,4,1,1,4,1,4,4,2,1,1,2,3,1,1,1,1,2,3,4,3,2,3,3,1,2,4,2,3,1,2,2,2,4,3,2,2,2,4,1,1,1,2,4,2,1,4,2,1,1,1,2,1,2,1,2,3,3,3,2,4,3,3,1,1,4,2,3,1,4,4,4,3,2,4,3,2,1,3,4,1,2,2,1,2,3,3,1,4,3,3,2,2,1,1,2,3,3,4,4,2,1,1,3,1,1,3,2,3,4,1,3,1,4,2,4,1,1,1,1,4,1,3,1,1,3,1,4,2,2,1,2,2,4,1,2,4,3,1,3,2,1,2,2,3,3,2,1,2,4,1,4,2,1,1,4,1,1,4,4,2,4,2,4,3,2,2,4,3,2,3,1,2,4,3,4,1,3,1,2,4,4,2,2,2,1,2,2,1,4,2,1,2,1,4,2,1,2,4,1,2,1,2,1,1,4,2,1,2,1,2,4,4,3,4,1,2,1,1,2,2,2,2,2,4,4,3,3,2,4,2,3,4,3,2,2,2,3,2,1,3,2,1,1,1,3,1,3,2,3,1,4,3,4,1,1,3,1,3,2,1,3,1,1,2"
52,0.9882627241940299,0.5,2136.0,"4,2,1,1,2,2,3,1,2,1,4,4,4,1,2,2,4,1,1,2,1,2,4,1,3,1,2,2,4,1,1,2,3,3,1,2,4,1,2,4,1,2,2,2,2,2,3,2,1,2,4,4,3,2,1,4,2,2,1,4,4,4,3,1,3,3,3,2,3,2,1,2,2,3,4,2,3,3,3,1,2,1,4,1,2,3,1,2,1,2,1,2,2,2,3,4,1,1,3,1,2,2,3,2,2,4,1,4,2,1,1,1,3,3,1,2,3,4,4,1,3,2,2,3,2,2,3,2,4,1,2,2,1,1,1,2,3,4,2,2,4,3,2,3,4,4,2,1,1,1,1,1,1,3,3,4,2,2,2,1,4,1,1,3,1,3,3,1,1,4,1,2,2,2,1,3,3,1,4,1,3,2,3,2,3,2,1,2,4,1,4,2,3,3,3,3,2,3,1,4,1,4,1,3,4,4,1,3,2,2,2,1,2,1,3,2,2,1,2,1,4,4,3,2,3,1,3,2,4,3,3,2,2,1,1,3,1,3,3,2,2,1,2,3,2,2,3,2,3,3,3,4,1,1,3,1,1,1,4,2,3,4,1,1,2,1,3,2,1,3,4,2,4,1,3,2,4,1,1,4,4,1,1,4,2,2,2,4,2,4,1,1,1,4,1,4,2,1,2,3,2,2,1,2,3,2,4,1,1,1,1,1,1,1,2,3,1,4,2,2,4,2,1,3,2,1,1,3,2,2,3,3,2,3,1,4,1,4,2,1,1,2,3,1,4,2,2,3,3,2,4,2,4,2,3,1,1,2,4,3,4,3,1,2,3,3,4,4,1,3,2,1,2,3,2,3,3,2,1,3,2,4,2,3,3,2,1,1,2,1,1,4,3,3,1,2,3,1,2,2,1,1,2,2,4,1,2,3,4,3,3,2,2,1,1,4,3,2,1,4,3,1,3,3,3,2,1,2,4,3,3,1,1,2,3,1,3,3,2,4,1,2,2,1,3,3,2,1,2,4,2,4,1,3,1,1,1,4,2,1,4,3,3,2,2,1,2,1,4,4,2,2,2,1,1,1,1,4,1,3,1,2,2,3,1,3,4,1,4,1,4,1,1,1,1,2,3,1,1,2,4,2,4,4,2,1,3,1,1,3,3,1,3,1,4,2,4,3,3,1,4,2,4,4,4,2,1,3,1,3,3,3,1,1,2,4,4,1,3,3,2,2,2,3,1,4,1,3,2,1,3,3,4,2,3,3,2,1,2,2,3,4,3,2,1,2,3,1,2,1,4,2,1,4,2,1,4,3,2,1,2,3,1,3,1,2,1,1,1,1,2,1,3,1,1,4,1,3,3,2,2,4,3,4,4,2,4,4,2,1,4,4,4,3,1,2,4,3,3,2,1,3,2,1,4,4,2,2,1,1,3,4,4,2,2,1,4,1,2,3,2,1,3,4,4,3,4,4,1,1,2,3,1,1,1,1,2,2,1,3,1,3,1,4,2,1,1,4,2,4,3,2,1,4,2,3,1,3,2,2,2,1,1,2,2,4,2,2,2,2,2,1,2,3,2,3,1,1,3,4,2,2,2,4,3,3,1,2,2,3,2,3,3,1,2,2,4,4,1,4,4,1,2,4,1,3,3,3,2,3,3,1,1,2,4,3,3,4,2,4,1,2,4,1,4,3,1,1,1,4,4,1,2,2,2,2,2,1,1,1,1,1,1,4,2,2,3,4,4,1,2,3,2,4,1,2,2,3,2,1,1,2,2,1,1,2,3,1,2,1,4,4,1,2,4,2,1,1,2,1,3,3,4,2,2,1,2,4,1,2,2,1,2,1,2,3,1,3,2,3,4,2,1,3,2,3,2,1,2,2,4,4,1,1,4,3,3,2,4,2,4,1,2,3,3,1,3,2,1,3,1,1,2,2,4,2,1,1,1,3,2,4,4,4,1,3,1,4,2,1,3,2,1,1,1,1,4,3,1,1,2,2,3,4,3,2,4,2,1,1,1,1,3,1,1,2,1,1,4,2,4,2,1,3,3,1,2,1,2,1,4,4,2,4,1,4,1,2,2,1,4,1,2,3,2,4,1,2,3,2,1,4,2,2,3,2,3,1,2,1,2,3,2,2,2,3,2,4,1,4,2,3,2,2,2,3,2,4,3,1,1,2,1,1,1,2,1,2,3,2,1,1,1,1,2,1,2,3,2,4,1,1,4,4,3,2,4,3,1,3,2,1,2,3,3,3,3,4,3,1,1,1,3,1,2,1,4,4,3,2,4,3,4,4,1,2,1,2,4,4,3,2,1,3,1,4,3,3,1,3,2,2,2,1,4,1,4,1,4,1,1,4,1,1,3,2,4,2,4,2,3,2,2,3,4,4,3,2,2,4,1,2,1,3,3,1,1,4,1,1,2,3,4,4,3,1,1,2,2,4,1,1,4,2,3,4,3,4,3,2,1,3,2,2,2,1,1,3,2,2,3,2,1,2,3,4,3,1,3,4,2,4,3,4,1,3,1,1,2,4,2,2,4,4,3,1,4,2,3,1,4,1,2,3,3,1,4,2,1,3,2,3,1,1,2,1,1,2,1,3,3,2,4,2,2,2,3,2,3,3,2,2,2,2,4,1,1,1,1,2,1,2,1,4,2,2,2,1,1,1,2,4,1,4,2,2,3,4,1,1,1,4,4,2,2,3,3,3,3,1,2,1,2,4,4,2,2,3,2,1,1,1,1,2,3,1,2,3,4,3,4,1,1,3,1,4,4,3,2,1,4,1,2,2,1,2,1,4,1,3,1,1,4,4,1,4,4,1,1,1,3,1,2,1,1,1,1,2,1,3,2,4,4,1,2,4,2,1,1,4,2,4,4,3,3,2,1,2,3,2,1,1,1,2,3,3,4,2,1,4,2,3,2,2,4,4,1,1,2,3,1,2,3,4,2,1,2,1,2,1,4,2,2,3,3,1,4,2,1,2,3,1,1,4,1,3,3,1,2,4,1,4,1,2,1,1,1,2,2,3,3,1,1,4,2,2,4,2,1,1,2,2,1,2,4,3,2,3,3,4,4,1,4,4,3,2,4,3,1,1,3,2,4,2,2,1,1,4,4,2,1,1,3,3,3,3,1,3,2,2,2,2,1,1,3,2,4,4,1,2,3,1,3,1,1,3,1,4,1,1,2,1,3,1,2,2,4,1,1,4,1,4,4,2,1,1,2,3,1,1,1,1,2,3,4,3,2,3,3,1,2,4,2,3,1,2,2,2,4,3,2,2,2,4,1,1,1,2,4,2,1,4,2,1,1,1,2,1,2,1,2,3,3,3,2,4,3,3,1,1,4,2,3,1,4,4,4,3,2,4,3,2,1,3,4,1,2,2,1,2,3,3,1,4,3,3,2,2,1,1,2,3,3,4,4,2,1,1,3,1,1,3,2,3,4,1,3,1,4,2,4,1,1,1,1,4,1,3,1,1,3,1,4,2,2,1,2,2,4,1,2,4,3,1,3,2,1,2,2,3,3,2,1,2,4,1,4,2,1,1,4,1,1,4,4,2,4,2,4,3,2,2,4,3,2,3,1,2,4,3,4,1,3,1,2,4,4,2,2,2,1,2,2,1,4,2,1,2,1,4,2,1,2,4,1,2,1,2,1,1,4,2,1,2,1,2,4,4,3,4,1,2,1,1,2,2,2,2,2,4,4,3,3,2,4,2,3,4,3,2,2,2,3,2,1,3,2,1,1,1,3,1,3,2,3,1,4,3,4,1,1,3,1,3,2,1,3,1,1,2"
53,0.9882627241940299,0.5,2136.0,"4,2,1,1,2,2,3,1,2,1,4,4,4,1,2,2,4,1,1,2,1,2,4,1,3,1,2,2,4,1,1,2,3,3,1,2,4,1,2,4,1,2,2,2,2,2,3,2,1,2,4,4,3,2,1,4,2,2,1,4,4,4,3,1,3,3,3,2,3,2,1,2,2,3,4,2,3,3,3,1,2,1,4,1,2,3,1,2,1,2,1,2,2,2,3,4,1,1,3,1,2,2,3,2,2,4,1,4,2,1,1,1,3,3,1,2,3,4,4,1,3,2,2,3,2,2,3,2,4,1,2,2,1,1,1,2,3,4,2,2,4,3,2,3,4,4,2,1,1,1,1,1,1,3,3,4,2,2,2,1,4,1,1,3,1,3,3,1,1,4,1,2,2,2,1,3,3,1,4,1,3,2,3,2,3,2,1,2,4,1,4,2,3,3,3,3,2,3,1,4,1,4,1,3,4,4,1,3,2,2,2,1,2,1,3,2,2,1,2,1,4,4,3,2,3,1,3,2,4,3,3,2,2,1,1,3,1,3,3,2,2,1,2,3,2,2,3,2,3,3,3,4,1,1,3,1,1,1,4,2,3,4,1,1,2,1,3,2,1,3,4,2,4,1,3,2,4,1,1,4,4,1,1,4,2,2,2,4,2,4,1,1,1,4,1,4,2,1,2,3,2,2,1,2,3,2,4,1,1,1,1,1,1,1,2,3,1,4,2,2,4,2,1,3,2,1,1,3,2,2,3,3,2,3,1,4,1,4,2,1,1,2,3,1,4,2,2,3,3,2,4,2,4,2,3,1,1,2,4,3,4,3,1,2,3,3,4,4,1,3,2,1,2,3,2,3,3,2,1,3,2,4,2,3,3,2,1,1,2,1,1,4,3,3,1,2,3,1,2,2,1,1,2,2,4,1,2,3,4,3,3,2,2,1,1,4,3,2,1,4,3,1,3,3,3,2,1,2,4,3,3,1,1,2,3,1,3,3,2,4,1,2,2,1,3,3,2,1,2,4,2,4,1,3,1,1,1,4,2,1,4,3,3,2,2,1,2,1,4,4,2,2,2,1,1,1,1,4,1,3,1,2,2,3,1,3,4,1,4,1,4,1,1,1,1,2,3,1,1,2,4,2,4,4,2,1,3,1,1,3,3,1,3,1,4,2,4,3,3,1,4,2,4,4,4,2,1,3,1,3,3,3,1,1,2,4,4,1,3,3,2,2,2,3,1,4,1,3,2,1,3,3,4,2,3,3,2,1,2,2,3,4,3,2,1,2,3,1,2,1,4,2,1,4,2,1,4,3,2,1,2,3,1,3,1,2,1,1,1,1,2,1,3,1,1,4,1,3,3,2,2,4,3,4,4,2,4,4,2,1,4,4,4,3,1,2,4,3,3,2,1,3,2,1,4,4,2,2,1,1,3,4,4,2,2,1,4,1,2,3,2,1,3,4,4,3,4,4,1,1,2,3,1,1,1,1,2,2,1,3,1,3,1,4,2,1,1,4,2,4,3,2,1,4,2,3,1,3,2,2,2,1,1,2,2,4,2,2,2,2,2,1,2,3,2,3,1,1,3,4,2,2,2,4,3,3,1,2,2,3,2,3,3,1,2,2,4,4,1,4,4,1,2,4,1,3,3,3,2,3,3,1,1,2,4,3,3,4,2,4,1,2,4,1,4,3,1,1,1,4,4,1,2,2,2,2,2,1,1,1,1,1,1,4,2,2,3,4,4,1,2,3,2,4,1,2,2,3,2,1,1,2,2,1,1,2,3,1,2,1,4,4,1,2,4,2,1,1,2,1,3,3,4,2,2,1,2,4,1,2,2,1,2,1,2,3,1,3,2,3,4,2,1,3,2,3,2,1,2,2,4,4,1,1,4,3,3,2,4,2,4,1,2,3,3,1,3,2,1,3,1,1,2,2,4,2,1,1,1,3,2,4,4,4,1,3,1,4,2,1,3,2,1,1,1,1,4,3,1,1,2,2,3,4,3,2,4,2,1,1,1,1,3,1,1,2,1,1,4,2,4,2,1,3,3,1,2,1,2,1,4,4,2,4,1,4,1,2,2,1,4,1,2,3,2,4,1,2,3,2,1,4,2,2,3,2,3,1,2,1,2,3,2,2,2,3,2,4,1,4,2,3,2,2,2,3,2,4,3,1,1,2,1,1,1,2,1,2,3,2,1,1,1,1,2,1,2,3,2,4,1,1,4,4,3,2,4,3,1,3,2,1,2,3,3,3,3,4,3,1,1,1,3,1,2,1,4,4,3,2,4,3,4,4,1,2,1,2,4,4,3,2,1,3,1,4,3,3,1,3,2,2,2,1,4,1,4,1,4,1,1,4,1,1,3,2,4,2,4,2,3,2,2,3,4,4,3,2,2,4,1,2,1,3,3,1,1,4,1,1,2,3,4,4,3,1,1,2,2,4,1,1,4,2,3,4,3,4,3,2,1,3,2,2,2,1,1,3,2,2,3,2,1,2,3,4,3,1,3,4,2,4,3,4,1,3,1,1,2,4,2,2,4,4,3,1,4,2,3,1,4,1,2,3,3,1,4,2,1,3,2,3,1,1,2,1,1,2,1,3,3,2,4,2,2,2,3,2,3,3,2,2,2,2,4,1,1,1,1,2,1,2,1,4,2,2,2,1,1,1,2,4,1,4,2,2,3,4,1,1,1,4,4,2,2,3,3,3,3,1,2,1,2,4,4,2,2,3,2,1,1,1,1,2,3,1,2,3,4,3,4,1,1,3,1,4,4,3,2,1,4,1,2,2,1,2,1,4,1,3,1,1,4,4,1,4,4,1,1,1,3,1,2,1,1,1,1,2,1,3,2,4,4,1,2,4,2,1,1,4,2,4,4,3,3,2,1,2,3,2,1,1,1,2,3,3,4,2,1,4,2,3,2,2,4,4,1,1,2,3,1,2,3,4,2,1,2,1,2,1,4,2,2,3,3,1,4,2,1,2,3,1,1,4,1,3,3,1,2,4,1,4,1,2,1,1,1,2,2,3,3,1,1,4,2,2,4,2,1,1,2,2,1,2,4,3,2,3,3,4,4,1,4,4,3,2,4,3,1,1,3,2,4,2,2,1,1,4,4,2,1,1,3,3,3,3,1,3,2,2,2,2,1,1,3,2,4,4,1,2,3,1,3,1,1,3,1,4,1,1,2,1,3,1,2,2,4,1,1,4,1,4,4,2,1,1,2,3,1,1,1,1,2,3,4,3,2,3,3,1,2,4,2,3,1,2,2,2,4,3,2,2,2,4,1,1,1,2,4,2,1,4,2,1,1,1,2,1,2,1,2,3,3,3,2,4,3,3,1,1,4,2,3,1,4,4,4,3,2,4,3,2,1,3,4,1,2,2,1,2,3,3,1,4,3,3,2,2,1,1,2,3,3,4,4,2,1,1,3,1,1,3,2,3,4,1,3,1,4,2,4,1,1,1,1,4,1,3,1,1,3,1,4,2,2,1,2,2,4,1,2,4,3,1,3,2,1,2,2,3,3,2,1,2,4,1,4,2,1,1,4,1,1,4,4,2,4,2,4,3,2,2,4,3,2,3,1,2,4,3,4,1,3,1,2,4,4,2,2,2,1,2,2,1,4,2,1,2,1,4,2,1,2,4,1,2,1,2,1,1,4,2,1,2,1,2,4,4,3,4,1,2,1,1,2,2,2,2,2,4,4,3,3,2,4,2,3,4,3,2,2,2,3,2,1,3,2,1,1,1,3,1,3,2,3,1,4,3,4,1,1,3,1,3,2,1,3,1,1,2"
54,0.9882627241940299,0.5,2136.0,"4,2,1,1,2,2,3,1,2,1,4,4,4,1,2,2,4,1,1,2,1,2,4,1,3,1,2,2,4,1,1,2,3,3,1,2,4,1,2,4,1,2,2,2,2,2,3,2,1,2,4,4,3,2,1,4,2,2,1,4,4,4,3,1,3,3,3,2,3,2,1,2,2,3,4,2,3,3,3,1,2,1,4,1,2,3,1,2,1,2,1,2,2,2,3,4,1,1,3,1,2,2,3,2,2,4,1,4,2,1,1,1,3,3,1,2,3,4,4,1,3,2,2,3,2,2,3,2,4,1,2,2,1,1,1,2,3,4,2,2,4,3,2,3,4,4,2,1,1,1,1,1,1,3,3,4,2,2,2,1,4,1,1,3,1,3,3,1,1,4,1,2,2,2,1,3,3,1,4,1,3,2,3,2,3,2,1,2,4,1,4,2,3,3,3,3,2,3,1,4,1,4,1,3,4,4,1,3,2,2,2,1,2,1,3,2,2,1,2,1,4,4,3,2,3,1,3,2,4,3,3,2,2,1,1,3,1,3,3,2,2,1,2,3,2,2,3,2,3,3,3,4,1,1,3,1,1,1,4,2,3,4,1,1,2,1,3,2,1,3,4,2,4,1,3,2,4,1,1,4,4,1,1,4,2,2,2,4,2,4,1,1,1,4,1,4,2,1,2,3,2,2,1,2,3,2,4,1,1,1,1,1,1,1,2,3,1,4,2,2,4,2,1,3,2,1,1,3,2,2,3,3,2,3,1,4,1,4,2,1,1,2,3,1,4,2,2,3,3,2,4,2,4,2,3,1,1,2,4,3,4,3,1,2,3,3,4,4,1,3,2,1,2,3,2,3,3,2,1,3,2,4,2,3,3,2,1,1,2,1,1,4,3,3,1,2,3,1,2,2,1,1,2,2,4,1,2,3,4,3,3,2,2,1,1,4,3,2,1,4,3,1,3,3,3,2,1,2,4,3,3,1,1,2,3,1,3,3,2,4,1,2,2,1,3,3,2,1,2,4,2,4,1,3,1,1,1,4,2,1,4,3,3,2,2,1,2,1,4,4,2,2,2,1,1,1,1,4,1,3,1,2,2,3,1,3,4,1,4,1,4,1,1,1,1,2,3,1,1,2,4,2,4,4,2,1,3,1,1,3,3,1,3,1,4,2,4,3,3,1,4,2,4,4,4,2,1,3,1,3,3,3,1,1,2,4,4,1,3,3,2,2,2,3,1,4,1,3,2,1,3,3,4,2,3,3,2,1,2,2,3,4,3,2,1,2,3,1,2,1,4,2,1,4,2,1,4,3,2,1,2,3,1,3,1,2,1,1,1,1,2,1,3,1,1,4,1,3,3,2,2,4,3,4,4,2,4,4,2,1,4,4,4,3,1,2,4,3,3,2,1,3,2,1,4,4,2,2,1,1,3,4,4,2,2,1,4,1,2,3,2,1,3,4,4,3,4,4,1,1,2,3,1,1,1,1,2,2,1,3,1,3,1,4,2,1,1,4,2,4,3,2,1,4,2,3,1,3,2,2,2,1,1,2,2,4,2,2,2,2,2,1,2,3,2,3,1,1,3,4,2,2,2,4,3,3,1,2,2,3,2,3,3,1,2,2,4,4,1,4,4,1,2,4,1,3,3,3,2,3,3,1,1,2,4,3,3,4,2,4,1,2,4,1,4,3,1,1,1,4,4,1,2,2,2,2,2,1,1,1,1,1,1,4,2,2,3,4,4,1,2,3,2,4,1,2,2,3,2,1,1,2,2,1,1,2,3,1,2,1,4,4,1,2,4,2,1,1,2,1,3,3,4,2,2,1,2,4,1,2,2,1,2,1,2,3,1,3,2,3,4,2,1,3,2,3,2,1,2,2,4,4,1,1,4,3,3,2,4,2,4,1,2,3,3,1,3,2,1,3,1,1,2,2,4,2,1,1,1,3,2,4,4,4,1,3,1,4,2,1,3,2,1,1,1,1,4,3,1,1,2,2,3,4,3,2,4,2,1,1,1,1,3,1,1,2,1,1,4,2,4,2,1,3,3,1,2,1,2,1,4,4,2,4,1,4,1,2,2,1,4,1,2,3,2,4,1,2,3,2,1,4,2,2,3,2,3,1,2,1,2,3,2,2,2,3,2,4,1,4,2,3,2,2,2,3,2,4,3,1,1,2,1,1,1,2,1,2,3,2,1,1,1,1,2,1,2,3,2,4,1,1,4,4,3,2,4,3,1,3,2,1,2,3,3,3,3,4,3,1,1,1,3,1,2,1,4,4,3,2,4,3,4,4,1,2,1,2,4,4,3,2,1,3,1,4,3,3,1,3,2,2,2,1,4,1,4,1,4,1,1,4,1,1,3,2,4,2,4,2,3,2,2,3,4,4,3,2,2,4,1,2,1,3,3,1,1,4,1,1,2,3,4,4,3,1,1,2,2,4,1,1,4,2,3,4,3,4,3,2,1,3,2,2,2,1,1,3,2,2,3,2,1,2,3,4,3,1,3,4,2,4,3,4,1,3,1,1,2,4,2,2,4,4,3,1,4,2,3,1,4,1,2,3,3,1,4,2,1,3,2,3,1,1,2,1,1,2,1,3,3,2,4,2,2,2,3,2,3,3,2,2,2,2,4,1,1,1,1,2,1,2,1,4,2,2,2,1,1,1,2,4,1,4,2,2,3,4,1,1,1,4,4,2,2,3,3,3,3,1,2,1,2,4,4,2,2,3,2,1,1,1,1,2,3,1,2,3,4,3,4,1,1,3,1,4,4,3,2,1,4,1,2,2,1,2,1,4,1,3,1,1,4,4,1,4,4,1,1,1,3,1,2,1,1,1,1,2,1,3,2,4,4,1,2,4,2,1,1,4,2,4,4,3,3,2,1,2,3,2,1,1,1,2,3,3,4,2,1,4,2,3,2,2,4,4,1,1,2,3,1,2,3,4,2,1,2,1,2,1,4,2,2,3,3,1,4,2,1,2,3,1,1,4,1,3,3,1,2,4,1,4,1,2,1,1,1,2,2,3,3,1,1,4,2,2,4,2,1,1,2,2,1,2,4,3,2,3,3,4,4,1,4,4,3,2,4,3,1,1,3,2,4,2,2,1,1,4,4,2,1,1,3,3,3,3,1,3,2,2,2,2,1,1,3,2,4,4,1,2,3,1,3,1,1,3,1,4,1,1,2,1,3,1,2,2,4,1,1,4,1,4,4,2,1,1,2,3,1,1,1,1,2,3,4,3,2,3,3,1,2,4,2,3,1,2,2,2,4,3,2,2,2,4,1,1,1,2,4,2,1,4,2,1,1,1,2,1,2,1,2,3,3,3,2,4,3,3,1,1,4,2,3,1,4,4,4,3,2,4,3,2,1,3,4,1,2,2,1,2,3,3,1,4,3,3,2,2,1,1,2,3,3,4,4,2,1,1,3,1,1,3,2,3,4,1,3,1,4,2,4,1,1,1,1,4,1,3,1,1,3,1,4,2,2,1,2,2,4,1,2,4,3,1,3,2,1,2,2,3,3,2,1,2,4,1,4,2,1,1,4,1,1,4,4,2,4,2,4,3,2,2,4,3,2,3,1,2,4,3,4,1,3,1,2,4,4,2,2,2,1,2,2,1,4,2,1,2,1,4,2,1,2,4,1,2,1,2,1,1,4,2,1,2,1,2,4,4,3,4,1,2,1,1,2,2,2,2,2,4,4,3,3,2,4,2,3,4,3,2,2,2,3,2,1,3,2,1,1,1,3,1,3,2,3,1,4,3,4,1,1,3,1,3,2,1,3,1,1,2"
55,0.9882627241940299,0.5,2136.0,"4,2,1,1,2,2,3,1,2,1,4,4,4,1,2,2,4,1,1,2,1,2,4,1,3,1,2,2,4,1,1,2,3,3,1,2,4,1,2,4,1,2,2,2,2,2,3,2,1,2,4,4,3,2,1,4,2,2,1,4,4,4,3,1,3,3,3,2,3,2,1,2,2,3,4,2,3,3,3,1,2,1,4,1,2,3,1,2,1,2,1,2,2,2,3,4,1,1,3,1,2,2,3,2,2,4,1,4,2,1,1,1,3,3,1,2,3,4,4,1,3,2,2,3,2,2,3,2,4,1,2,2,1,1,1,2,3,4,2,2,4,3,2,3,4,4,2,1,1,1,1,1,1,3,3,4,2,2,2,1,4,1,1,3,1,3,3,1,1,4,1,2,2,2,1,3,3,1,4,1,3,2,3,2,3,2,1,2,4,1,4,2,3,3,3,3,2,3,1,4,1,4,1,3,4,4,1,3,2,2,2,1,2,1,3,2,2,1,2,1,4,4,3,2,3,1,3,2,4,3,3,2,2,1,1,3,1,3,3,2,2,1,2,3,2,2,3,2,3,3,3,4,1,1,3,1,1,1,4,2,3,4,1,1,2,1,3,2,1,3,4,2,4,1,3,2,4,1,1,4,4,1,1,4,2,2,2,4,2,4,1,1,1,4,1,4,2,1,2,3,2,2,1,2,3,2,4,1,1,1,1,1,1,1,2,3,1,4,2,2,4,2,1,3,2,1,1,3,2,2,3,3,2,3,1,4,1,4,2,1,1,2,3,1,4,2,2,3,3,2,4,2,4,2,3,1,1,2,4,3,4,3,1,2,3,3,4,4,1,3,2,1,2,3,2,3,3,2,1,3,2,4,2,3,3,2,1,1,2,1,1,4,3,3,1,2,3,1,2,2,1,1,2,2,4,1,2,3,4,3,3,2,2,1,1,4,3,2,1,4,3,1,3,3,3,2,1,2,4,3,3,1,1,2,3,1,3,3,2,4,1,2,2,1,3,3,2,1,2,4,2,4,1,3,1,1,1,4,2,1,4,3,3,2,2,1,2,1,4,4,2,2,2,1,1,1,1,4,1,3,1,2,2,3,1,3,4,1,4,1,4,1,1,1,1,2,3,1,1,2,4,2,4,4,2,1,3,1,1,3,3,1,3,1,4,2,4,3,3,1,4,2,4,4,4,2,1,3,1,3,3,3,1,1,2,4,4,1,3,3,2,2,2,3,1,4,1,3,2,1,3,3,4,2,3,3,2,1,2,2,3,4,3,2,1,2,3,1,2,1,4,2,1,4,2,1,4,3,2,1,2,3,1,3,1,2,1,1,1,1,2,1,3,1,1,4,1,3,3,2,2,4,3,4,4,2,4,4,2,1,4,4,4,3,1,2,4,3,3,2,1,3,2,1,4,4,2,2,1,1,3,4,4,2,2,1,4,1,2,3,2,1,3,4,4,3,4,4,1,1,2,3,1,1,1,1,2,2,1,3,1,3,1,4,2,1,1,4,2,4,3,2,1,4,2,3,1,3,2,2,2,1,1,2,2,4,2,2,2,2,2,1,2,3,2,3,1,1,3,4,2,2,2,4,3,3,1,2,2,3,2,3,3,1,2,2,4,4,1,4,4,1,2,4,1,3,3,3,2,3,3,1,1,2,4,3,3,4,2,4,1,2,4,1,4,3,1,1,1,4,4,1,2,2,2,2,2,1,1,1,1,1,1,4,2,2,3,4,4,1,2,3,2,4,1,2,2,3,2,1,1,2,2,1,1,2,3,1,2,1,4,4,1,2,4,2,1,1,2,1,3,3,4,2,2,1,2,4,1,2,2,1,2,1,2,3,1,3,2,3,4,2,1,3,2,3,2,1,2,2,4,4,1,1,4,3,3,2,4,2,4,1,2,3,3,1,3,2,1,3,1,1,2,2,4,2,1,1,1,3,2,4,4,4,1,3,1,4,2,1,3,2,1,1,1,1,4,3,1,1,2,2,3,4,3,2,4,2,1,1,1,1,3,1,1,2,1,1,4,2,4,2,1,3,3,1,2,1,2,1,4,4,2,4,1,4,1,2,2,1,4,1,2,3,2,4,1,2,3,2,1,4,2,2,3,2,3,1,2,1,2,3,2,2,2,3,2,4,1,4,2,3,2,2,2,3,2,4,3,1,1,2,1,1,1,2,1,2,3,2,1,1,1,1,2,1,2,3,2,4,1,1,4,4,3,2,4,3,1,3,2,1,2,3,3,3,3,4,3,1,1,1,3,1,2,1,4,4,3,2,4,3,4,4,1,2,1,2,4,4,3,2,1,3,1,4,3,3,1,3,2,2,2,1,4,1,4,1,4,1,1,4,1,1,3,2,4,2,4,2,3,2,2,3,4,4,3,2,2,4,1,2,1,3,3,1,1,4,1,1,2,3,4,4,3,1,1,2,2,4,1,1,4,2,3,4,3,4,3,2,1,3,2,2,2,1,1,3,2,2,3,2,1,2,3,4,3,1,3,4,2,4,3,4,1,3,1,1,2,4,2,2,4,4,3,1,4,2,3,1,4,1,2,3,3,1,4,2,1,3,2,3,1,1,2,1,1,2,1,3,3,2,4,2,2,2,3,2,3,3,2,2,2,2,4,1,1,1,1,2,1,2,1,4,2,2,2,1,1,1,2,4,1,4,2,2,3,4,1,1,1,4,4,2,2,3,3,3,3,1,2,1,2,4,4,2,2,3,2,1,1,1,1,2,3,1,2,3,4,3,4,1,1,3,1,4,4,3,2,1,4,1,2,2,1,2,1,4,1,3,1,1,4,4,1,4,4,1,1,1,3,1,2,1,1,1,1,2,1,3,2,4,4,1,2,4,2,1,1,4,2,4,4,3,3,2,1,2,3,2,1,1,1,2,3,3,4,2,1,4,2,3,2,2,4,4,1,1,2,3,1,2,3,4,2,1,2,1,2,1,4,2,2,3,3,1,4,2,1,2,3,1,1,4,1,3,3,1,2,4,1,4,1,2,1,1,1,2,2,3,3,1,1,4,2,2,4,2,1,1,2,2,1,2,4,3,2,3,3,4,4,1,4,4,3,2,4,3,1,1,3,2,4,2,2,1,1,4,4,2,1,1,3,3,3,3,1,3,2,2,2,2,1,1,3,2,4,4,1,2,3,1,3,1,1,3,1,4,1,1,2,1,3,1,2,2,4,1,1,4,1,4,4,2,1,1,2,3,1,1,1,1,2,3,4,3,2,3,3,1,2,4,2,3,1,2,2,2,4,3,2,2,2,4,1,1,1,2,4,2,1,4,2,1,1,1,2,1,2,1,2,3,3,3,2,4,3,3,1,1,4,2,3,1,4,4,4,3,2,4,3,2,1,3,4,1,2,2,1,2,3,3,1,4,3,3,2,2,1,1,2,3,3,4,4,2,1,1,3,1,1,3,2,3,4,1,3,1,4,2,4,1,1,1,1,4,1,3,1,1,3,1,4,2,2,1,2,2,4,1,2,4,3,1,3,2,1,2,2,3,3,2,1,2,4,1,4,2,1,1,4,1,1,4,4,2,4,2,4,3,2,2,4,3,2,3,1,2,4,3,4,1,3,1,2,4,4,2,2,2,1,2,2,1,4,2,1,2,1,4,2,1,2,4,1,2,1,2,1,1,4,2,1,2,1,2,4,4,3,4,1,2,1,1,2,2,2,2,2,4,4,3,3,2,4,2,3,4,3,2,2,2,3,2,1,3,2,1,1,1,3,1,3,2,3,1,4,3,4,1,1,3,1,3,2,1,3,1,1,2"
56,0.9882627241940299,0.5,2136.0,"4,2,1,1,2,2,3,1,2,1,4,4,4,1,2,2,4,1,1,2,1,2,4,1,3,1,2,2,4,1,1,2,3,3,1,2,4,1,2,4,1,2,2,2,2,2,3,2,1,2,4,4,3,2,1,4,2,2,1,4,4,4,3,1,3,3,3,2,3,2,1,2,2,3,4,2,3,3,3,1,2,1,4,1,2,3,1,2,1,2,1,2,2,2,3,4,1,1,3,1,2,2,3,2,2,4,1,4,2,1,1,1,3,3,1,2,3,4,4,1,3,2,2,3,2,2,3,2,4,1,2,2,1,1,1,2,3,4,2,2,4,3,2,3,4,4,2,1,1,1,1,1,1,3,3,4,2,2,2,1,4,1,1,3,1,3,3,1,1,4,1,2,2,2,1,3,3,1,4,1,3,2,3,2,3,2,1,2,4,1,4,2,3,3,3,3,2,3,1,4,1,4,1,3,4,4,1,3,2,2,2,1,2,1,3,2,2,1,2,1,4,4,3,2,3,1,3,2,4,3,3,2,2,1,1,3,1,3,3,2,2,1,2,3,2,2,3,2,3,3,3,4,1,1,3,1,1,1,4,2,3,4,1,1,2,1,3,2,1,3,4,2,4,1,3,2,4,1,1,4,4,1,1,4,2,2,2,4,2,4,1,1,1,4,1,4,2,1,2,3,2,2,1,2,3,2,4,1,1,1,1,1,1,1,2,3,1,4,2,2,4,2,1,3,2,1,1,3,2,2,3,3,2,3,1,4,1,4,2,1,1,2,3,1,4,2,2,3,3,2,4,2,4,2,3,1,1,2,4,3,4,3,1,2,3,3,4,4,1,3,2,1,2,3,2,3,3,2,1,3,2,4,2,3,3,2,1,1,2,1,1,4,3,3,1,2,3,1,2,2,1,1,2,2,4,1,2,3,4,3,3,2,2,1,1,4,3,2,1,4,3,1,3,3,3,2,1,2,4,3,3,1,1,2,3,1,3,3,2,4,1,2,2,1,3,3,2,1,2,4,2,4,1,3,1,1,1,4,2,1,4,3,3,2,2,1,2,1,4,4,2,2,2,1,1,1,1,4,1,3,1,2,2,3,1,3,4,1,4,1,4,1,1,1,1,2,3,1,1,2,4,2,4,4,2,1,3,1,1,3,3,1,3,1,4,2,4,3,3,1,4,2,4,4,4,2,1,3,1,3,3,3,1,1,2,4,4,1,3,3,2,2,2,3,1,4,1,3,2,1,3,3,4,2,3,3,2,1,2,2,3,4,3,2,1,2,3,1,2,1,4,2,1,4,2,1,4,3,2,1,2,3,1,3,1,2,1,1,1,1,2,1,3,1,1,4,1,3,3,2,2,4,3,4,4,2,4,4,2,1,4,4,4,3,1,2,4,3,3,2,1,3,2,1,4,4,2,2,1,1,3,4,4,2,2,1,4,1,2,3,2,1,3,4,4,3,4,4,1,1,2,3,1,1,1,1,2,2,1,3,1,3,1,4,2,1,1,4,2,4,3,2,1,4,2,3,1,3,2,2,2,1,1,2,2,4,2,2,2,2,2,1,2,3,2,3,1,1,3,4,2,2,2,4,3,3,1,2,2,3,2,3,3,1,2,2,4,4,1,4,4,1,2,4,1,3,3,3,2,3,3,1,1,2,4,3,3,4,2,4,1,2,4,1,4,3,1,1,1,4,4,1,2,2,2,2,2,1,1,1,1,1,1,4,2,2,3,4,4,1,2,3,2,4,1,2,2,3,2,1,1,2,2,1,1,2,3,1,2,1,4,4,1,2,4,2,1,1,2,1,3,3,4,2,2,1,2,4,1,2,2,1,2,1,2,3,1,3,2,3,4,2,1,3,2,3,2,1,2,2,4,4,1,1,4,3,3,2,4,2,4,1,2,3,3,1,3,2,1,3,1,1,2,2,4,2,1,1,1,3,2,4,4,4,1,3,1,4,2,1,3,2,1,1,1,1,4,3,1,1,2,2,3,4,3,2,4,2,1,1,1,1,3,1,1,2,1,1,4,2,4,2,1,3,3,1,2,1,2,1,4,4,2,4,1,4,1,2,2,1,4,1,2,3,2,4,1,2,3,2,1,4,2,2,3,2,3,1,2,1,2,3,2,2,2,3,2,4,1,4,2,3,2,2,2,3,2,4,3,1,1,2,1,1,1,2,1,2,3,2,1,1,1,1,2,1,2,3,2,4,1,1,4,4,3,2,4,3,1,3,2,1,2,3,3,3,3,4,3,1,1,1,3,1,2,1,4,4,3,2,4,3,4,4,1,2,1,2,4,4,3,2,1,3,1,4,3,3,1,3,2,2,2,1,4,1,4,1,4,1,1,4,1,1,3,2,4,2,4,2,3,2,2,3,4,4,3,2,2,4,1,2,1,3,3,1,1,4,1,1,2,3,4,4,3,1,1,2,2,4,1,1,4,2,3,4,3,4,3,2,1,3,2,2,2,1,1,3,2,2,3,2,1,2,3,4,3,1,3,4,2,4,3,4,1,3,1,1,2,4,2,2,4,4,3,1,4,2,3,1,4,1,2,3,3,1,4,2,1,3,2,3,1,1,2,1,1,2,1,3,3,2,4,2,2,2,3,2,3,3,2,2,2,2,4,1,1,1,1,2,1,2,1,4,2,2,2,1,1,1,2,4,1,4,2,2,3,4,1,1,1,4,4,2,2,3,3,3,3,1,2,1,2,4,4,2,2,3,2,1,1,1,1,2,3,1,2,3,4,3,4,1,1,3,1,4,4,3,2,1,4,1,2,2,1,2,1,4,1,3,1,1,4,4,1,4,4,1,1,1,3,1,2,1,1,1,1,2,1,3,2,4,4,1,2,4,2,1,1,4,2,4,4,3,3,2,1,2,3,2,1,1,1,2,3,3,4,2,1,4,2,3,2,2,4,4,1,1,2,3,1,2,3,4,2,1,2,1,2,1,4,2,2,3,3,1,4,2,1,2,3,1,1,4,1,3,3,1,2,4,1,4,1,2,1,1,1,2,2,3,3,1,1,4,2,2,4,2,1,1,2,2,1,2,4,3,2,3,3,4,4,1,4,4,3,2,4,3,1,1,3,2,4,2,2,1,1,4,4,2,1,1,3,3,3,3,1,3,2,2,2,2,1,1,3,2,4,4,1,2,3,1,3,1,1,3,1,4,1,1,2,1,3,1,2,2,4,1,1,4,1,4,4,2,1,1,2,3,1,1,1,1,2,3,4,3,2,3,3,1,2,4,2,3,1,2,2,2,4,3,2,2,2,4,1,1,1,2,4,2,1,4,2,1,1,1,2,1,2,1,2,3,3,3,2,4,3,3,1,1,4,2,3,1,4,4,4,3,2,4,3,2,1,3,4,1,2,2,1,2,3,3,1,4,3,3,2,2,1,1,2,3,3,4,4,2,1,1,3,1,1,3,2,3,4,1,3,1,4,2,4,1,1,1,1,4,1,3,1,1,3,1,4,2,2,1,2,2,4,1,2,4,3,1,3,2,1,2,2,3,3,2,1,2,4,1,4,2,1,1,4,1,1,4,4,2,4,2,4,3,2,2,4,3,2,3,1,2,4,3,4,1,3,1,2,4,4,2,2,2,1,2,2,1,4,2,1,2,1,4,2,1,2,4,1,2,1,2,1,1,4,2,1,2,1,2,4,4,3,4,1,2,1,1,2,2,2,2,2,4,4,3,3,2,4,2,3,4,3,2,2,2,3,2,1,3,2,1,1,1,3,1,3,2,3,1,4,3,4,1,1,3,1,3,2,1,3,1,1,2"
57,0.9882627241940299,0.5,2136.0,"4,2,1,1,2,2,3,1,2,1,4,4,4,1,2,2,4,1,1,2,1,2,4,1,3,1,2,2,4,1,1,2,3,3,1,2,4,1,2,4,1,2,2,2,2,2,3,2,1,2,4,4,3,2,1,4,2,2,1,4,4,4,3,1,3,3,3,2,3,2,1,2,2,3,4,2,3,3,3,1,2,1,4,1,2,3,1,2,1,2,1,2,2,2,3,4,1,1,3,1,2,2,3,2,2,4,1,4,2,1,1,1,3,3,1,2,3,4,4,1,3,2,2,3,2,2,3,2,4,1,2,2,1,1,1,2,3,4,2,2,4,3,2,3,4,4,2,1,1,1,1,1,1,3,3,4,2,2,2,1,4,1,1,3,1,3,3,1,1,4,1,2,2,2,1,3,3,1,4,1,3,2,3,2,3,2,1,2,4,1,4,2,3,3,3,3,2,3,1,4,1,4,1,3,4,4,1,3,2,2,2,1,2,1,3,2,2,1,2,1,4,4,3,2,3,1,3,2,4,3,3,2,2,1,1,3,1,3,3,2,2,1,2,3,2,2,3,2,3,3,3,4,1,1,3,1,1,1,4,2,3,4,1,1,2,1,3,2,1,3,4,2,4,1,3,2,4,1,1,4,4,1,1,4,2,2,2,4,2,4,1,1,1,4,1,4,2,1,2,3,2,2,1,2,3,2,4,1,1,1,1,1,1,1,2,3,1,4,2,2,4,2,1,3,2,1,1,3,2,2,3,3,2,3,1,4,1,4,2,1,1,2,3,1,4,2,2,3,3,2,4,2,4,2,3,1,1,2,4,3,4,3,1,2,3,3,4,4,1,3,2,1,2,3,2,3,3,2,1,3,2,4,2,3,3,2,1,1,2,1,1,4,3,3,1,2,3,1,2,2,1,1,2,2,4,1,2,3,4,3,3,2,2,1,1,4,3,2,1,4,3,1,3,3,3,2,1,2,4,3,3,1,1,2,3,1,3,3,2,4,1,2,2,1,3,3,2,1,2,4,2,4,1,3,1,1,1,4,2,1,4,3,3,2,2,1,2,1,4,4,2,2,2,1,1,1,1,4,1,3,1,2,2,3,1,3,4,1,4,1,4,1,1,1,1,2,3,1,1,2,4,2,4,4,2,1,3,1,1,3,3,1,3,1,4,2,4,3,3,1,4,2,4,4,4,2,1,3,1,3,3,3,1,1,2,4,4,1,3,3,2,2,2,3,1,4,1,3,2,1,3,3,4,2,3,3,2,1,2,2,3,4,3,2,1,2,3,1,2,1,4,2,1,4,2,1,4,3,2,1,2,3,1,3,1,2,1,1,1,1,2,1,3,1,1,4,1,3,3,2,2,4,3,4,4,2,4,4,2,1,4,4,4,3,1,2,4,3,3,2,1,3,2,1,4,4,2,2,1,1,3,4,4,2,2,1,4,1,2,3,2,1,3,4,4,3,4,4,1,1,2,3,1,1,1,1,2,2,1,3,1,3,1,4,2,1,1,4,2,4,3,2,1,4,2,3,1,3,2,2,2,1,1,2,2,4,2,2,2,2,2,1,2,3,2,3,1,1,3,4,2,2,2,4,3,3,1,2,2,3,2,3,3,1,2,2,4,4,1,4,4,1,2,4,1,3,3,3,2,3,3,1,1,2,4,3,3,4,2,4,1,2,4,1,4,3,1,1,1,4,4,1,2,2,2,2,2,1,1,1,1,1,1,4,2,2,3,4,4,1,2,3,2,4,1,2,2,3,2,1,1,2,2,1,1,2,3,1,2,1,4,4,1,2,4,2,1,1,2,1,3,3,4,2,2,1,2,4,1,2,2,1,2,1,2,3,1,3,2,3,4,2,1,3,2,3,2,1,2,2,4,4,1,1,4,3,3,2,4,2,4,1,2,3,3,1,3,2,1,3,1,1,2,2,4,2,1,1,1,3,2,4,4,4,1,3,1,4,2,1,3,2,1,1,1,1,4,3,1,1,2,2,3,4,3,2,4,2,1,1,1,1,3,1,1,2,1,1,4,2,4,2,1,3,3,1,2,1,2,1,4,4,2,4,1,4,1,2,2,1,4,1,2,3,2,4,1,2,3,2,1,4,2,2,3,2,3,1,2,1,2,3,2,2,2,3,2,4,1,4,2,3,2,2,2,3,2,4,3,1,1,2,1,1,1,2,1,2,3,2,1,1,1,1,2,1,2,3,2,4,1,1,4,4,3,2,4,3,1,3,2,1,2,3,3,3,3,4,3,1,1,1,3,1,2,1,4,4,3,2,4,3,4,4,1,2,1,2,4,4,3,2,1,3,1,4,3,3,1,3,2,2,2,1,4,1,4,1,4,1,1,4,1,1,3,2,4,2,4,2,3,2,2,3,4,4,3,2,2,4,1,2,1,3,3,1,1,4,1,1,2,3,4,4,3,1,1,2,2,4,1,1,4,2,3,4,3,4,3,2,1,3,2,2,2,1,1,3,2,2,3,2,1,2,3,4,3,1,3,4,2,4,3,4,1,3,1,1,2,4,2,2,4,4,3,1,4,2,3,1,4,1,2,3,3,1,4,2,1,3,2,3,1,1,2,1,1,2,1,3,3,2,4,2,2,2,3,2,3,3,2,2,2,2,4,1,1,1,1,2,1,2,1,4,2,2,2,1,1,1,2,4,1,4,2,2,3,4,1,1,1,4,4,2,2,3,3,3,3,1,2,1,2,4,4,2,2,3,2,1,1,1,1,2,3,1,2,3,4,3,4,1,1,3,1,4,4,3,2,1,4,1,2,2,1,2,1,4,1,3,1,1,4,4,1,4,4,1,1,1,3,1,2,1,1,1,1,2,1,3,2,4,4,1,2,4,2,1,1,4,2,4,4,3,3,2,1,2,3,2,1,1,1,2,3,3,4,2,1,4,2,3,2,2,4,4,1,1,2,3,1,2,3,4,2,1,2,1,2,1,4,2,2,3,3,1,4,2,1,2,3,1,1,4,1,3,3,1,2,4,1,4,1,2,1,1,1,2,2,3,3,1,1,4,2,2,4,2,1,1,2,2,1,2,4,3,2,3,3,4,4,1,4,4,3,2,4,3,1,1,3,2,4,2,2,1,1,4,4,2,1,1,3,3,3,3,1,3,2,2,2,2,1,1,3,2,4,4,1,2,3,1,3,1,1,3,1,4,1,1,2,1,3,1,2,2,4,1,1,4,1,4,4,2,1,1,2,3,1,1,1,1,2,3,4,3,2,3,3,1,2,4,2,3,1,2,2,2,4,3,2,2,2,4,1,1,1,2,4,2,1,4,2,1,1,1,2,1,2,1,2,3,3,3,2,4,3,3,1,1,4,2,3,1,4,4,4,3,2,4,3,2,1,3,4,1,2,2,1,2,3,3,1,4,3,3,2,2,1,1,2,3,3,4,4,2,1,1,3,1,1,3,2,3,4,1,3,1,4,2,4,1,1,1,1,4,1,3,1,1,3,1,4,2,2,1,2,2,4,1,2,4,3,1,3,2,1,2,2,3,3,2,1,2,4,1,4,2,1,1,4,1,1,4,4,2,4,2,4,3,2,2,4,3,2,3,1,2,4,3,4,1,3,1,2,4,4,2,2,2,1,2,2,1,4,2,1,2,1,4,2,1,2,4,1,2,1,2,1,1,4,2,1,2,1,2,4,4,3,4,1,2,1,1,2,2,2,2,2,4,4,3,3,2,4,2,3,4,3,2,2,2,3,2,1,3,2,1,1,1,3,1,3,2,3,1,4,3,4,1,1,3,1,3,2,1,3,1,1,2"
58,0.9882627241940299,0.5,2136.0,"4,2,1,1,2,2,3,1,2,1,4,4,4,1,2,2,4,1,1,2,1,2,4,1,3,1,2,2,4,1,1,2,3,3,1,2,4,1,2,4,1,2,2,2,2,2,3,2,1,2,4,4,3,2,1,4,2,2,1,4,4,4,3,1,3,3,3,2,3,2,1,2,2,3,4,2,3,3,3,1,2,1,4,1,2,3,1,2,1,2,1,2,2,2,3,4,1,1,3,1,2,2,3,2,2,4,1,4,2,1,1,1,3,3,1,2,3,4,4,1,3,2,2,3,2,2,3,2,4,1,2,2,1,1,1,2,3,4,2,2,4,3,2,3,4,4,2,1,1,1,1,1,1,3,3,4,2,2,2,1,4,1,1,3,1,3,3,1,1,4,1,2,2,2,1,3,3,1,4,1,3,2,3,2,3,2,1,2,4,1,4,2,3,3,3,3,2,3,1,4,1,4,1,3,4,4,1,3,2,2,2,1,2,1,3,2,2,1,2,1,4,4,3,2,3,1,3,2,4,3,3,2,2,1,1,3,1,3,3,2,2,1,2,3,2,2,3,2,3,3,3,4,1,1,3,1,1,1,4,2,3,4,1,1,2,1,3,2,1,3,4,2,4,1,3,2,4,1,1,4,4,1,1,4,2,2,2,4,2,4,1,1,1,4,1,4,2,1,2,3,2,2,1,2,3,2,4,1,1,1,1,1,1,1,2,3,1,4,2,2,4,2,1,3,2,1,1,3,2,2,3,3,2,3,1,4,1,4,2,1,1,2,3,1,4,2,2,3,3,2,4,2,4,2,3,1,1,2,4,3,4,3,1,2,3,3,4,4,1,3,2,1,2,3,2,3,3,2,1,3,2,4,2,3,3,2,1,1,2,1,1,4,3,3,1,2,3,1,2,2,1,1,2,2,4,1,2,3,4,3,3,2,2,1,1,4,3,2,1,4,3,1,3,3,3,2,1,2,4,3,3,1,1,2,3,1,3,3,2,4,1,2,2,1,3,3,2,1,2,4,2,4,1,3,1,1,1,4,2,1,4,3,3,2,2,1,2,1,4,4,2,2,2,1,1,1,1,4,1,3,1,2,2,3,1,3,4,1,4,1,4,1,1,1,1,2,3,1,1,2,4,2,4,4,2,1,3,1,1,3,3,1,3,1,4,2,4,3,3,1,4,2,4,4,4,2,1,3,1,3,3,3,1,1,2,4,4,1,3,3,2,2,2,3,1,4,1,3,2,1,3,3,4,2,3,3,2,1,2,2,3,4,3,2,1,2,3,1,2,1,4,2,1,4,2,1,4,3,2,1,2,3,1,3,1,2,1,1,1,1,2,1,3,1,1,4,1,3,3,2,2,4,3,4,4,2,4,4,2,1,4,4,4,3,1,2,4,3,3,2,1,3,2,1,4,4,2,2,1,1,3,4,4,2,2,1,4,1,2,3,2,1,3,4,4,3,4,4,1,1,2,3,1,1,1,1,2,2,1,3,1,3,1,4,2,1,1,4,2,4,3,2,1,4,2,3,1,3,2,2,2,1,1,2,2,4,2,2,2,2,2,1,2,3,2,3,1,1,3,4,2,2,2,4,3,3,1,2,2,3,2,3,3,1,2,2,4,4,1,4,4,1,2,4,1,3,3,3,2,3,3,1,1,2,4,3,3,4,2,4,1,2,4,1,4,3,1,1,1,4,4,1,2,2,2,2,2,1,1,1,1,1,1,4,2,2,3,4,4,1,2,3,2,4,1,2,2,3,2,1,1,2,2,1,1,2,3,1,2,1,4,4,1,2,4,2,1,1,2,1,3,3,4,2,2,1,2,4,1,2,2,1,2,1,2,3,1,3,2,3,4,2,1,3,2,3,2,1,2,2,4,4,1,1,4,3,3,2,4,2,4,1,2,3,3,1,3,2,1,3,1,1,2,2,4,2,1,1,1,3,2,4,4,4,1,3,1,4,2,1,3,2,1,1,1,1,4,3,1,1,2,2,3,4,3,2,4,2,1,1,1,1,3,1,1,2,1,1,4,2,4,2,1,3,3,1,2,1,2,1,4,4,2,4,1,4,1,2,2,1,4,1,2,3,2,4,1,2,3,2,1,4,2,2,3,2,3,1,2,1,2,3,2,2,2,3,2,4,1,4,2,3,2,2,2,3,2,4,3,1,1,2,1,1,1,2,1,2,3,2,1,1,1,1,2,1,2,3,2,4,1,1,4,4,3,2,4,3,1,3,2,1,2,3,3,3,3,4,3,1,1,1,3,1,2,1,4,4,3,2,4,3,4,4,1,2,1,2,4,4,3,2,1,3,1,4,3,3,1,3,2,2,2,1,4,1,4,1,4,1,1,4,1,1,3,2,4,2,4,2,3,2,2,3,4,4,3,2,2,4,1,2,1,3,3,1,1,4,1,1,2,3,4,4,3,1,1,2,2,4,1,1,4,2,3,4,3,4,3,2,1,3,2,2,2,1,1,3,2,2,3,2,1,2,3,4,3,1,3,4,2,4,3,4,1,3,1,1,2,4,2,2,4,4,3,1,4,2,3,1,4,1,2,3,3,1,4,2,1,3,2,3,1,1,2,1,1,2,1,3,3,2,4,2,2,2,3,2,3,3,2,2,2,2,4,1,1,1,1,2,1,2,1,4,2,2,2,1,1,1,2,4,1,4,2,2,3,4,1,1,1,4,4,2,2,3,3,3,3,1,2,1,2,4,4,2,2,3,2,1,1,1,1,2,3,1,2,3,4,3,4,1,1,3,1,4,4,3,2,1,4,1,2,2,1,2,1,4,1,3,1,1,4,4,1,4,4,1,1,1,3,1,2,1,1,1,1,2,1,3,2,4,4,1,2,4,2,1,1,4,2,4,4,3,3,2,1,2,3,2,1,1,1,2,3,3,4,2,1,4,2,3,2,2,4,4,1,1,2,3,1,2,3,4,2,1,2,1,2,1,4,2,2,3,3,1,4,2,1,2,3,1,1,4,1,3,3,1,2,4,1,4,1,2,1,1,1,2,2,3,3,1,1,4,2,2,4,2,1,1,2,2,1,2,4,3,2,3,3,4,4,1,4,4,3,2,4,3,1,1,3,2,4,2,2,1,1,4,4,2,1,1,3,3,3,3,1,3,2,2,2,2,1,1,3,2,4,4,1,2,3,1,3,1,1,3,1,4,1,1,2,1,3,1,2,2,4,1,1,4,1,4,4,2,1,1,2,3,1,1,1,1,2,3,4,3,2,3,3,1,2,4,2,3,1,2,2,2,4,3,2,2,2,4,1,1,1,2,4,2,1,4,2,1,1,1,2,1,2,1,2,3,3,3,2,4,3,3,1,1,4,2,3,1,4,4,4,3,2,4,3,2,1,3,4,1,2,2,1,2,3,3,1,4,3,3,2,2,1,1,2,3,3,4,4,2,1,1,3,1,1,3,2,3,4,1,3,1,4,2,4,1,1,1,1,4,1,3,1,1,3,1,4,2,2,1,2,2,4,1,2,4,3,1,3,2,1,2,2,3,3,2,1,2,4,1,4,2,1,1,4,1,1,4,4,2,4,2,4,3,2,2,4,3,2,3,1,2,4,3,4,1,3,1,2,4,4,2,2,2,1,2,2,1,4,2,1,2,1,4,2,1,2,4,1,2,1,2,1,1,4,2,1,2,1,2,4,4,3,4,1,2,1,1,2,2,2,2,2,4,4,3,3,2,4,2,3,4,3,2,2,2,3,2,1,3,2,1,1,1,3,1,3,2,3,1,4,3,4,1,1,3,1,3,2,1,3,1,1,2"
59,0.9882627241940299,0.5,2136.0,"4,2,1,1,2,2,3,1,2,1,4,4,4,1,2,2,4,1,1,2,1,2,4,1,3,1,2,2,4,1,1,2,3,3,1,2,4,1,2,4,1,2,2,2,2,2,3,2,1,2,4,4,3,2,1,4,2,2,1,4,4,4,3,1,3,3,3,2,3,2,1,2,2,3,4,2,3,3,3,1,2,1,4,1,2,3,1,2,1,2,1,2,2,2,3,4,1,1,3,1,2,2,3,2,2,4,1,4,2,1,1,1,3,3,1,2,3,4,4,1,3,2,2,3,2,2,3,2,4,1,2,2,1,1,1,2,3,4,2,2,4,3,2,3,4,4,2,1,1,1,1,1,1,3,3,4,2,2,2,1,4,1,1,3,1,3,3,1,1,4,1,2,2,2,1,3,3,1,4,1,3,2,3,2,3,2,1,2,4,1,4,2,3,3,3,3,2,3,1,4,1,4,1,3,4,4,1,3,2,2,2,1,2,1,3,2,2,1,2,1,4,4,3,2,3,1,3,2,4,3,3,2,2,1,1,3,1,3,3,2,2,1,2,3,2,2,3,2,3,3,3,4,1,1,3,1,1,1,4,2,3,4,1,1,2,1,3,2,1,3,4,2,4,1,3,2,4,1,1,4,4,1,1,4,2,2,2,4,2,4,1,1,1,4,1,4,2,1,2,3,2,2,1,2,3,2,4,1,1,1,1,1,1,1,2,3,1,4,2,2,4,2,1,3,2,1,1,3,2,2,3,3,2,3,1,4,1,4,2,1,1,2,3,1,4,2,2,3,3,2,4,2,4,2,3,1,1,2,4,3,4,3,1,2,3,3,4,4,1,3,2,1,2,3,2,3,3,2,1,3,2,4,2,3,3,2,1,1,2,1,1,4,3,3,1,2,3,1,2,2,1,1,2,2,4,1,2,3,4,3,3,2,2,1,1,4,3,2,1,4,3,1,3,3,3,2,1,2,4,3,3,1,1,2,3,1,3,3,2,4,1,2,2,1,3,3,2,1,2,4,2,4,1,3,1,1,1,4,2,1,4,3,3,2,2,1,2,1,4,4,2,2,2,1,1,1,1,4,1,3,1,2,2,3,1,3,4,1,4,1,4,1,1,1,1,2,3,1,1,2,4,2,4,4,2,1,3,1,1,3,3,1,3,1,4,2,4,3,3,1,4,2,4,4,4,2,1,3,1,3,3,3,1,1,2,4,4,1,3,3,2,2,2,3,1,4,1,3,2,1,3,3,4,2,3,3,2,1,2,2,3,4,3,2,1,2,3,1,2,1,4,2,1,4,2,1,4,3,2,1,2,3,1,3,1,2,1,1,1,1,2,1,3,1,1,4,1,3,3,2,2,4,3,4,4,2,4,4,2,1,4,4,4,3,1,2,4,3,3,2,1,3,2,1,4,4,2,2,1,1,3,4,4,2,2,1,4,1,2,3,2,1,3,4,4,3,4,4,1,1,2,3,1,1,1,1,2,2,1,3,1,3,1,4,2,1,1,4,2,4,3,2,1,4,2,3,1,3,2,2,2,1,1,2,2,4,2,2,2,2,2,1,2,3,2,3,1,1,3,4,2,2,2,4,3,3,1,2,2,3,2,3,3,1,2,2,4,4,1,4,4,1,2,4,1,3,3,3,2,3,3,1,1,2,4,3,3,4,2,4,1,2,4,1,4,3,1,1,1,4,4,1,2,2,2,2,2,1,1,1,1,1,1,4,2,2,3,4,4,1,2,3,2,4,1,2,2,3,2,1,1,2,2,1,1,2,3,1,2,1,4,4,1,2,4,2,1,1,2,1,3,3,4,2,2,1,2,4,1,2,2,1,2,1,2,3,1,3,2,3,4,2,1,3,2,3,2,1,2,2,4,4,1,1,4,3,3,2,4,2,4,1,2,3,3,1,3,2,1,3,1,1,2,2,4,2,1,1,1,3,2,4,4,4,1,3,1,4,2,1,3,2,1,1,1,1,4,3,1,1,2,2,3,4,3,2,4,2,1,1,1,1,3,1,1,2,1,1,4,2,4,2,1,3,3,1,2,1,2,1,4,4,2,4,1,4,1,2,2,1,4,1,2,3,2,4,1,2,3,2,1,4,2,2,3,2,3,1,2,1,2,3,2,2,2,3,2,4,1,4,2,3,2,2,2,3,2,4,3,1,1,2,1,1,1,2,1,2,3,2,1,1,1,1,2,1,2,3,2,4,1,1,4,4,3,2,4,3,1,3,2,1,2,3,3,3,3,4,3,1,1,1,3,1,2,1,4,4,3,2,4,3,4,4,1,2,1,2,4,4,3,2,1,3,1,4,3,3,1,3,2,2,2,1,4,1,4,1,4,1,1,4,1,1,3,2,4,2,4,2,3,2,2,3,4,4,3,2,2,4,1,2,1,3,3,1,1,4,1,1,2,3,4,4,3,1,1,2,2,4,1,1,4,2,3,4,3,4,3,2,1,3,2,2,2,1,1,3,2,2,3,2,1,2,3,4,3,1,3,4,2,4,3,4,1,3,1,1,2,4,2,2,4,4,3,1,4,2,3,1,4,1,2,3,3,1,4,2,1,3,2,3,1,1,2,1,1,2,1,3,3,2,4,2,2,2,3,2,3,3,2,2,2,2,4,1,1,1,1,2,1,2,1,4,2,2,2,1,1,1,2,4,1,4,2,2,3,4,1,1,1,4,4,2,2,3,3,3,3,1,2,1,2,4,4,2,2,3,2,1,1,1,1,2,3,1,2,3,4,3,4,1,1,3,1,4,4,3,2,1,4,1,2,2,1,2,1,4,1,3,1,1,4,4,1,4,4,1,1,1,3,1,2,1,1,1,1,2,1,3,2,4,4,1,2,4,2,1,1,4,2,4,4,3,3,2,1,2,3,2,1,1,1,2,3,3,4,2,1,4,2,3,2,2,4,4,1,1,2,3,1,2,3,4,2,1,2,1,2,1,4,2,2,3,3,1,4,2,1,2,3,1,1,4,1,3,3,1,2,4,1,4,1,2,1,1,1,2,2,3,3,1,1,4,2,2,4,2,1,1,2,2,1,2,4,3,2,3,3,4,4,1,4,4,3,2,4,3,1,1,3,2,4,2,2,1,1,4,4,2,1,1,3,3,3,3,1,3,2,2,2,2,1,1,3,2,4,4,1,2,3,1,3,1,1,3,1,4,1,1,2,1,3,1,2,2,4,1,1,4,1,4,4,2,1,1,2,3,1,1,1,1,2,3,4,3,2,3,3,1,2,4,2,3,1,2,2,2,4,3,2,2,2,4,1,1,1,2,4,2,1,4,2,1,1,1,2,1,2,1,2,3,3,3,2,4,3,3,1,1,4,2,3,1,4,4,4,3,2,4,3,2,1,3,4,1,2,2,1,2,3,3,1,4,3,3,2,2,1,1,2,3,3,4,4,2,1,1,3,1,1,3,2,3,4,1,3,1,4,2,4,1,1,1,1,4,1,3,1,1,3,1,4,2,2,1,2,2,4,1,2,4,3,1,3,2,1,2,2,3,3,2,1,2,4,1,4,2,1,1,4,1,1,4,4,2,4,2,4,3,2,2,4,3,2,3,1,2,4,3,4,1,3,1,2,4,4,2,2,2,1,2,2,1,4,2,1,2,1,4,2,1,2,4,1,2,1,2,1,1,4,2,1,2,1,2,4,4,3,4,1,2,1,1,2,2,2,2,2,4,4,3,3,2,4,2,3,4,3,2,2,2,3,2,1,3,2,1,1,1,3,1,3,2,3,1,4,3,4,1,1,3,1,3,2,1,3,1,1,2"
60,0.9882627241940299,0.5,2136.0,"4,2,1,1,2,2,3,1,2,1,4,4,4,1,2,2,4,1,1,2,1,2,4,1,3,1,2,2,4,1,1,2,3,3,1,2,4,1,2,4,1,2,2,2,2,2,3,2,1,2,4,4,3,2,1,4,2,2,1,4,4,4,3,1,3,3,3,2,3,2,1,2,2,3,4,2,3,3,3,1,2,1,4,1,2,3,1,2,1,2,1,2,2,2,3,4,1,1,3,1,2,2,3,2,2,4,1,4,2,1,1,1,3,3,1,2,3,4,4,1,3,2,2,3,2,2,3,2,4,1,2,2,1,1,1,2,3,4,2,2,4,3,2,3,4,4,2,1,1,1,1,1,1,3,3,4,2,2,2,1,4,1,1,3,1,3,3,1,1,4,1,2,2,2,1,3,3,1,4,1,3,2,3,2,3,2,1,2,4,1,4,2,3,3,3,3,2,3,1,4,1,4,1,3,4,4,1,3,2,2,2,1,2,1,3,2,2,1,2,1,4,4,3,2,3,1,3,2,4,3,3,2,2,1,1,3,1,3,3,2,2,1,2,3,2,2,3,2,3,3,3,4,1,1,3,1,1,1,4,2,3,4,1,1,2,1,3,2,1,3,4,2,4,1,3,2,4,1,1,4,4,1,1,4,2,2,2,4,2,4,1,1,1,4,1,4,2,1,2,3,2,2,1,2,3,2,4,1,1,1,1,1,1,1,2,3,1,4,2,2,4,2,1,3,2,1,1,3,2,2,3,3,2,3,1,4,1,4,2,1,1,2,3,1,4,2,2,3,3,2,4,2,4,2,3,1,1,2,4,3,4,3,1,2,3,3,4,4,1,3,2,1,2,3,2,3,3,2,1,3,2,4,2,3,3,2,1,1,2,1,1,4,3,3,1,2,3,1,2,2,1,1,2,2,4,1,2,3,4,3,3,2,2,1,1,4,3,2,1,4,3,1,3,3,3,2,1,2,4,3,3,1,1,2,3,1,3,3,2,4,1,2,2,1,3,3,2,1,2,4,2,4,1,3,1,1,1,4,2,1,4,3,3,2,2,1,2,1,4,4,2,2,2,1,1,1,1,4,1,3,1,2,2,3,1,3,4,1,4,1,4,1,1,1,1,2,3,1,1,2,4,2,4,4,2,1,3,1,1,3,3,1,3,1,4,2,4,3,3,1,4,2,4,4,4,2,1,3,1,3,3,3,1,1,2,4,4,1,3,3,2,2,2,3,1,4,1,3,2,1,3,3,4,2,3,3,2,1,2,2,3,4,3,2,1,2,3,1,2,1,4,2,1,4,2,1,4,3,2,1,2,3,1,3,1,2,1,1,1,1,2,1,3,1,1,4,1,3,3,2,2,4,3,4,4,2,4,4,2,1,4,4,4,3,1,2,4,3,3,2,1,3,2,1,4,4,2,2,1,1,3,4,4,2,2,1,4,1,2,3,2,1,3,4,4,3,4,4,1,1,2,3,1,1,1,1,2,2,1,3,1,3,1,4,2,1,1,4,2,4,3,2,1,4,2,3,1,3,2,2,2,1,1,2,2,4,2,2,2,2,2,1,2,3,2,3,1,1,3,4,2,2,2,4,3,3,1,2,2,3,2,3,3,1,2,2,4,4,1,4,4,1,2,4,1,3,3,3,2,3,3,1,1,2,4,3,3,4,2,4,1,2,4,1,4,3,1,1,1,4,4,1,2,2,2,2,2,1,1,1,1,1,1,4,2,2,3,4,4,1,2,3,2,4,1,2,2,3,2,1,1,2,2,1,1,2,3,1,2,1,4,4,1,2,4,2,1,1,2,1,3,3,4,2,2,1,2,4,1,2,2,1,2,1,2,3,1,3,2,3,4,2,1,3,2,3,2,1,2,2,4,4,1,1,4,3,3,2,4,2,4,1,2,3,3,1,3,2,1,3,1,1,2,2,4,2,1,1,1,3,2,4,4,4,1,3,1,4,2,1,3,2,1,1,1,1,4,3,1,1,2,2,3,4,3,2,4,2,1,1,1,1,3,1,1,2,1,1,4,2,4,2,1,3,3,1,2,1,2,1,4,4,2,4,1,4,1,2,2,1,4,1,2,3,2,4,1,2,3,2,1,4,2,2,3,2,3,1,2,1,2,3,2,2,2,3,2,4,1,4,2,3,2,2,2,3,2,4,3,1,1,2,1,1,1,2,1,2,3,2,1,1,1,1,2,1,2,3,2,4,1,1,4,4,3,2,4,3,1,3,2,1,2,3,3,3,3,4,3,1,1,1,3,1,2,1,4,4,3,2,4,3,4,4,1,2,1,2,4,4,3,2,1,3,1,4,3,3,1,3,2,2,2,1,4,1,4,1,4,1,1,4,1,1,3,2,4,2,4,2,3,2,2,3,4,4,3,2,2,4,1,2,1,3,3,1,1,4,1,1,2,3,4,4,3,1,1,2,2,4,1,1,4,2,3,4,3,4,3,2,1,3,2,2,2,1,1,3,2,2,3,2,1,2,3,4,3,1,3,4,2,4,3,4,1,3,1,1,2,4,2,2,4,4,3,1,4,2,3,1,4,1,2,3,3,1,4,2,1,3,2,3,1,1,2,1,1,2,1,3,3,2,4,2,2,2,3,2,3,3,2,2,2,2,4,1,1,1,1,2,1,2,1,4,2,2,2,1,1,1,2,4,1,4,2,2,3,4,1,1,1,4,4,2,2,3,3,3,3,1,2,1,2,4,4,2,2,3,2,1,1,1,1,2,3,1,2,3,4,3,4,1,1,3,1,4,4,3,2,1,4,1,2,2,1,2,1,4,1,3,1,1,4,4,1,4,4,1,1,1,3,1,2,1,1,1,1,2,1,3,2,4,4,1,2,4,2,1,1,4,2,4,4,3,3,2,1,2,3,2,1,1,1,2,3,3,4,2,1,4,2,3,2,2,4,4,1,1,2,3,1,2,3,4,2,1,2,1,2,1,4,2,2,3,3,1,4,2,1,2,3,1,1,4,1,3,3,1,2,4,1,4,1,2,1,1,1,2,2,3,3,1,1,4,2,2,4,2,1,1,2,2,1,2,4,3,2,3,3,4,4,1,4,4,3,2,4,3,1,1,3,2,4,2,2,1,1,4,4,2,1,1,3,3,3,3,1,3,2,2,2,2,1,1,3,2,4,4,1,2,3,1,3,1,1,3,1,4,1,1,2,1,3,1,2,2,4,1,1,4,1,4,4,2,1,1,2,3,1,1,1,1,2,3,4,3,2,3,3,1,2,4,2,3,1,2,2,2,4,3,2,2,2,4,1,1,1,2,4,2,1,4,2,1,1,1,2,1,2,1,2,3,3,3,2,4,3,3,1,1,4,2,3,1,4,4,4,3,2,4,3,2,1,3,4,1,2,2,1,2,3,3,1,4,3,3,2,2,1,1,2,3,3,4,4,2,1,1,3,1,1,3,2,3,4,1,3,1,4,2,4,1,1,1,1,4,1,3,1,1,3,1,4,2,2,1,2,2,4,1,2,4,3,1,3,2,1,2,2,3,3,2,1,2,4,1,4,2,1,1,4,1,1,4,4,2,4,2,4,3,2,2,4,3,2,3,1,2,4,3,4,1,3,1,2,4,4,2,2,2,1,2,2,1,4,2,1,2,1,4,2,1,2,4,1,2,1,2,1,1,4,2,1,2,1,2,4,4,3,4,1,2,1,1,2,2,2,2,2,4,4,3,3,2,4,2,3,4,3,2,2,2,3,2,1,3,2,1,1,1,3,1,3,2,3,1,4,3,4,1,1,3,1,3,2,1,3,1,1,2"
61,0.9882627241940299,0.5,2136.0,"4,2,1,1,2,2,3,1,2,1,4,4,4,1,2,2,4,1,1,2,1,2,4,1,3,1,2,2,4,1,1,2,3,3,1,2,4,1,2,4,1,2,2,2,2,2,3,2,1,2,4,4,3,2,1,4,2,2,1,4,4,4,3,1,3,3,3,2,3,2,1,2,2,3,4,2,3,3,3,1,2,1,4,1,2,3,1,2,1,2,1,2,2,2,3,4,1,1,3,1,2,2,3,2,2,4,1,4,2,1,1,1,3,3,1,2,3,4,4,1,3,2,2,3,2,2,3,2,4,1,2,2,1,1,1,2,3,4,2,2,4,3,2,3,4,4,2,1,1,1,1,1,1,3,3,4,2,2,2,1,4,1,1,3,1,3,3,1,1,4,1,2,2,2,1,3,3,1,4,1,3,2,3,2,3,2,1,2,4,1,4,2,3,3,3,3,2,3,1,4,1,4,1,3,4,4,1,3,2,2,2,1,2,1,3,2,2,1,2,1,4,4,3,2,3,1,3,2,4,3,3,2,2,1,1,3,1,3,3,2,2,1,2,3,2,2,3,2,3,3,3,4,1,1,3,1,1,1,4,2,3,4,1,1,2,1,3,2,1,3,4,2,4,1,3,2,4,1,1,4,4,1,1,4,2,2,2,4,2,4,1,1,1,4,1,4,2,1,2,3,2,2,1,2,3,2,4,1,1,1,1,1,1,1,2,3,1,4,2,2,4,2,1,3,2,1,1,3,2,2,3,3,2,3,1,4,1,4,2,1,1,2,3,1,4,2,2,3,3,2,4,2,4,2,3,1,1,2,4,3,4,3,1,2,3,3,4,4,1,3,2,1,2,3,2,3,3,2,1,3,2,4,2,3,3,2,1,1,2,1,1,4,3,3,1,2,3,1,2,2,1,1,2,2,4,1,2,3,4,3,3,2,2,1,1,4,3,2,1,4,3,1,3,3,3,2,1,2,4,3,3,1,1,2,3,1,3,3,2,4,1,2,2,1,3,3,2,1,2,4,2,4,1,3,1,1,1,4,2,1,4,3,3,2,2,1,2,1,4,4,2,2,2,1,1,1,1,4,1,3,1,2,2,3,1,3,4,1,4,1,4,1,1,1,1,2,3,1,1,2,4,2,4,4,2,1,3,1,1,3,3,1,3,1,4,2,4,3,3,1,4,2,4,4,4,2,1,3,1,3,3,3,1,1,2,4,4,1,3,3,2,2,2,3,1,4,1,3,2,1,3,3,4,2,3,3,2,1,2,2,3,4,3,2,1,2,3,1,2,1,4,2,1,4,2,1,4,3,2,1,2,3,1,3,1,2,1,1,1,1,2,1,3,1,1,4,1,3,3,2,2,4,3,4,4,2,4,4,2,1,4,4,4,3,1,2,4,3,3,2,1,3,2,1,4,4,2,2,1,1,3,4,4,2,2,1,4,1,2,3,2,1,3,4,4,3,4,4,1,1,2,3,1,1,1,1,2,2,1,3,1,3,1,4,2,1,1,4,2,4,3,2,1,4,2,3,1,3,2,2,2,1,1,2,2,4,2,2,2,2,2,1,2,3,2,3,1,1,3,4,2,2,2,4,3,3,1,2,2,3,2,3,3,1,2,2,4,4,1,4,4,1,2,4,1,3,3,3,2,3,3,1,1,2,4,3,3,4,2,4,1,2,4,1,4,3,1,1,1,4,4,1,2,2,2,2,2,1,1,1,1,1,1,4,2,2,3,4,4,1,2,3,2,4,1,2,2,3,2,1,1,2,2,1,1,2,3,1,2,1,4,4,1,2,4,2,1,1,2,1,3,3,4,2,2,1,2,4,1,2,2,1,2,1,2,3,1,3,2,3,4,2,1,3,2,3,2,1,2,2,4,4,1,1,4,3,3,2,4,2,4,1,2,3,3,1,3,2,1,3,1,1,2,2,4,2,1,1,1,3,2,4,4,4,1,3,1,4,2,1,3,2,1,1,1,1,4,3,1,1,2,2,3,4,3,2,4,2,1,1,1,1,3,1,1,2,1,1,4,2,4,2,1,3,3,1,2,1,2,1,4,4,2,4,1,4,1,2,2,1,4,1,2,3,2,4,1,2,3,2,1,4,2,2,3,2,3,1,2,1,2,3,2,2,2,3,2,4,1,4,2,3,2,2,2,3,2,4,3,1,1,2,1,1,1,2,1,2,3,2,1,1,1,1,2,1,2,3,2,4,1,1,4,4,3,2,4,3,1,3,2,1,2,3,3,3,3,4,3,1,1,1,3,1,2,1,4,4,3,2,4,3,4,4,1,2,1,2,4,4,3,2,1,3,1,4,3,3,1,3,2,2,2,1,4,1,4,1,4,1,1,4,1,1,3,2,4,2,4,2,3,2,2,3,4,4,3,2,2,4,1,2,1,3,3,1,1,4,1,1,2,3,4,4,3,1,1,2,2,4,1,1,4,2,3,4,3,4,3,2,1,3,2,2,2,1,1,3,2,2,3,2,1,2,3,4,3,1,3,4,2,4,3,4,1,3,1,1,2,4,2,2,4,4,3,1,4,2,3,1,4,1,2,3,3,1,4,2,1,3,2,3,1,1,2,1,1,2,1,3,3,2,4,2,2,2,3,2,3,3,2,2,2,2,4,1,1,1,1,2,1,2,1,4,2,2,2,1,1,1,2,4,1,4,2,2,3,4,1,1,1,4,4,2,2,3,3,3,3,1,2,1,2,4,4,2,2,3,2,1,1,1,1,2,3,1,2,3,4,3,4,1,1,3,1,4,4,3,2,1,4,1,2,2,1,2,1,4,1,3,1,1,4,4,1,4,4,1,1,1,3,1,2,1,1,1,1,2,1,3,2,4,4,1,2,4,2,1,1,4,2,4,4,3,3,2,1,2,3,2,1,1,1,2,3,3,4,2,1,4,2,3,2,2,4,4,1,1,2,3,1,2,3,4,2,1,2,1,2,1,4,2,2,3,3,1,4,2,1,2,3,1,1,4,1,3,3,1,2,4,1,4,1,2,1,1,1,2,2,3,3,1,1,4,2,2,4,2,1,1,2,2,1,2,4,3,2,3,3,4,4,1,4,4,3,2,4,3,1,1,3,2,4,2,2,1,1,4,4,2,1,1,3,3,3,3,1,3,2,2,2,2,1,1,3,2,4,4,1,2,3,1,3,1,1,3,1,4,1,1,2,1,3,1,2,2,4,1,1,4,1,4,4,2,1,1,2,3,1,1,1,1,2,3,4,3,2,3,3,1,2,4,2,3,1,2,2,2,4,3,2,2,2,4,1,1,1,2,4,2,1,4,2,1,1,1,2,1,2,1,2,3,3,3,2,4,3,3,1,1,4,2,3,1,4,4,4,3,2,4,3,2,1,3,4,1,2,2,1,2,3,3,1,4,3,3,2,2,1,1,2,3,3,4,4,2,1,1,3,1,1,3,2,3,4,1,3,1,4,2,4,1,1,1,1,4,1,3,1,1,3,1,4,2,2,1,2,2,4,1,2,4,3,1,3,2,1,2,2,3,3,2,1,2,4,1,4,2,1,1,4,1,1,4,4,2,4,2,4,3,2,2,4,3,2,3,1,2,4,3,4,1,3,1,2,4,4,2,2,2,1,2,2,1,4,2,1,2,1,4,2,1,2,4,1,2,1,2,1,1,4,2,1,2,1,2,4,4,3,4,1,2,1,1,2,2,2,2,2,4,4,3,3,2,4,2,3,4,3,2,2,2,3,2,1,3,2,1,1,1,3,1,3,2,3,1,4,3,4,1,1,3,1,3,2,1,3,1,1,2"
62,0.9882627241940299,0.5,2136.0,"4,2,1,1,2,2,3,1,2,1,4,4,4,1,2,2,4,1,1,2,1,2,4,1,3,1,2,2,4,1,1,2,3,3,1,2,4,1,2,4,1,2,2,2,2,2,3,2,1,2,4,4,3,2,1,4,2,2,1,4,4,4,3,1,3,3,3,2,3,2,1,2,2,3,4,2,3,3,3,1,2,1,4,1,2,3,1,2,1,2,1,2,2,2,3,4,1,1,3,1,2,2,3,2,2,4,1,4,2,1,1,1,3,3,1,2,3,4,4,1,3,2,2,3,2,2,3,2,4,1,2,2,1,1,1,2,3,4,2,2,4,3,2,3,4,4,2,1,1,1,1,1,1,3,3,4,2,2,2,1,4,1,1,3,1,3,3,1,1,4,1,2,2,2,1,3,3,1,4,1,3,2,3,2,3,2,1,2,4,1,4,2,3,3,3,3,2,3,1,4,1,4,1,3,4,4,1,3,2,2,2,1,2,1,3,2,2,1,2,1,4,4,3,2,3,1,3,2,4,3,3,2,2,1,1,3,1,3,3,2,2,1,2,3,2,2,3,2,3,3,3,4,1,1,3,1,1,1,4,2,3,4,1,1,2,1,3,2,1,3,4,2,4,1,3,2,4,1,1,4,4,1,1,4,2,2,2,4,2,4,1,1,1,4,1,4,2,1,2,3,2,2,1,2,3,2,4,1,1,1,1,1,1,1,2,3,1,4,2,2,4,2,1,3,2,1,1,3,2,2,3,3,2,3,1,4,1,4,2,1,1,2,3,1,4,2,2,3,3,2,4,2,4,2,3,1,1,2,4,3,4,3,1,2,3,3,4,4,1,3,2,1,2,3,2,3,3,2,1,3,2,4,2,3,3,2,1,1,2,1,1,4,3,3,1,2,3,1,2,2,1,1,2,2,4,1,2,3,4,3,3,2,2,1,1,4,3,2,1,4,3,1,3,3,3,2,1,2,4,3,3,1,1,2,3,1,3,3,2,4,1,2,2,1,3,3,2,1,2,4,2,4,1,3,1,1,1,4,2,1,4,3,3,2,2,1,2,1,4,4,2,2,2,1,1,1,1,4,1,3,1,2,2,3,1,3,4,1,4,1,4,1,1,1,1,2,3,1,1,2,4,2,4,4,2,1,3,1,1,3,3,1,3,1,4,2,4,3,3,1,4,2,4,4,4,2,1,3,1,3,3,3,1,1,2,4,4,1,3,3,2,2,2,3,1,4,1,3,2,1,3,3,4,2,3,3,2,1,2,2,3,4,3,2,1,2,3,1,2,1,4,2,1,4,2,1,4,3,2,1,2,3,1,3,1,2,1,1,1,1,2,1,3,1,1,4,1,3,3,2,2,4,3,4,4,2,4,4,2,1,4,4,4,3,1,2,4,3,3,2,1,3,2,1,4,4,2,2,1,1,3,4,4,2,2,1,4,1,2,3,2,1,3,4,4,3,4,4,1,1,2,3,1,1,1,1,2,2,1,3,1,3,1,4,2,1,1,4,2,4,3,2,1,4,2,3,1,3,2,2,2,1,1,2,2,4,2,2,2,2,2,1,2,3,2,3,1,1,3,4,2,2,2,4,3,3,1,2,2,3,2,3,3,1,2,2,4,4,1,4,4,1,2,4,1,3,3,3,2,3,3,1,1,2,4,3,3,4,2,4,1,2,4,1,4,3,1,1,1,4,4,1,2,2,2,2,2,1,1,1,1,1,1,4,2,2,3,4,4,1,2,3,2,4,1,2,2,3,2,1,1,2,2,1,1,2,3,1,2,1,4,4,1,2,4,2,1,1,2,1,3,3,4,2,2,1,2,4,1,2,2,1,2,1,2,3,1,3,2,3,4,2,1,3,2,3,2,1,2,2,4,4,1,1,4,3,3,2,4,2,4,1,2,3,3,1,3,2,1,3,1,1,2,2,4,2,1,1,1,3,2,4,4,4,1,3,1,4,2,1,3,2,1,1,1,1,4,3,1,1,2,2,3,4,3,2,4,2,1,1,1,1,3,1,1,2,1,1,4,2,4,2,1,3,3,1,2,1,2,1,4,4,2,4,1,4,1,2,2,1,4,1,2,3,2,4,1,2,3,2,1,4,2,2,3,2,3,1,2,1,2,3,2,2,2,3,2,4,1,4,2,3,2,2,2,3,2,4,3,1,1,2,1,1,1,2,1,2,3,2,1,1,1,1,2,1,2,3,2,4,1,1,4,4,3,2,4,3,1,3,2,1,2,3,3,3,3,4,3,1,1,1,3,1,2,1,4,4,3,2,4,3,4,4,1,2,1,2,4,4,3,2,1,3,1,4,3,3,1,3,2,2,2,1,4,1,4,1,4,1,1,4,1,1,3,2,4,2,4,2,3,2,2,3,4,4,3,2,2,4,1,2,1,3,3,1,1,4,1,1,2,3,4,4,3,1,1,2,2,4,1,1,4,2,3,4,3,4,3,2,1,3,2,2,2,1,1,3,2,2,3,2,1,2,3,4,3,1,3,4,2,4,3,4,1,3,1,1,2,4,2,2,4,4,3,1,4,2,3,1,4,1,2,3,3,1,4,2,1,3,2,3,1,1,2,1,1,2,1,3,3,2,4,2,2,2,3,2,3,3,2,2,2,2,4,1,1,1,1,2,1,2,1,4,2,2,2,1,1,1,2,4,1,4,2,2,3,4,1,1,1,4,4,2,2,3,3,3,3,1,2,1,2,4,4,2,2,3,2,1,1,1,1,2,3,1,2,3,4,3,4,1,1,3,1,4,4,3,2,1,4,1,2,2,1,2,1,4,1,3,1,1,4,4,1,4,4,1,1,1,3,1,2,1,1,1,1,2,1,3,2,4,4,1,2,4,2,1,1,4,2,4,4,3,3,2,1,2,3,2,1,1,1,2,3,3,4,2,1,4,2,3,2,2,4,4,1,1,2,3,1,2,3,4,2,1,2,1,2,1,4,2,2,3,3,1,4,2,1,2,3,1,1,4,1,3,3,1,2,4,1,4,1,2,1,1,1,2,2,3,3,1,1,4,2,2,4,2,1,1,2,2,1,2,4,3,2,3,3,4,4,1,4,4,3,2,4,3,1,1,3,2,4,2,2,1,1,4,4,2,1,1,3,3,3,3,1,3,2,2,2,2,1,1,3,2,4,4,1,2,3,1,3,1,1,3,1,4,1,1,2,1,3,1,2,2,4,1,1,4,1,4,4,2,1,1,2,3,1,1,1,1,2,3,4,3,2,3,3,1,2,4,2,3,1,2,2,2,4,3,2,2,2,4,1,1,1,2,4,2,1,4,2,1,1,1,2,1,2,1,2,3,3,3,2,4,3,3,1,1,4,2,3,1,4,4,4,3,2,4,3,2,1,3,4,1,2,2,1,2,3,3,1,4,3,3,2,2,1,1,2,3,3,4,4,2,1,1,3,1,1,3,2,3,4,1,3,1,4,2,4,1,1,1,1,4,1,3,1,1,3,1,4,2,2,1,2,2,4,1,2,4,3,1,3,2,1,2,2,3,3,2,1,2,4,1,4,2,1,1,4,1,1,4,4,2,4,2,4,3,2,2,4,3,2,3,1,2,4,3,4,1,3,1,2,4,4,2,2,2,1,2,2,1,4,2,1,2,1,4,2,1,2,4,1,2,1,2,1,1,4,2,1,2,1,2,4,4,3,4,1,2,1,1,2,2,2,2,2,4,4,3,3,2,4,2,3,4,3,2,2,2,3,2,1,3,2,1,1,1,3,1,3,2,3,1,4,3,4,1,1,3,1,3,2,1,3,1,1,2"
63,0.9882627241940299,0.5,2136.0,"4,2,1,1,2,2,3,1,2,1,4,4,4,1,2,2,4,1,1,2,1,2,4,1,3,1,2,2,4,1,1,2,3,3,1,2,4,1,2,4,1,2,2,2,2,2,3,2,1,2,4,4,3,2,1,4,2,2,1,4,4,4,3,1,3,3,3,2,3,2,1,2,2,3,4,2,3,3,3,1,2,1,4,1,2,3,1,2,1,2,1,2,2,2,3,4,1,1,3,1,2,2,3,2,2,4,1,4,2,1,1,1,3,3,1,2,3,4,4,1,3,2,2,3,2,2,3,2,4,1,2,2,1,1,1,2,3,4,2,2,4,3,2,3,4,4,2,1,1,1,1,1,1,3,3,4,2,2,2,1,4,1,1,3,1,3,3,1,1,4,1,2,2,2,1,3,3,1,4,1,3,2,3,2,3,2,1,2,4,1,4,2,3,3,3,3,2,3,1,4,1,4,1,3,4,4,1,3,2,2,2,1,2,1,3,2,2,1,2,1,4,4,3,2,3,1,3,2,4,3,3,2,2,1,1,3,1,3,3,2,2,1,2,3,2,2,3,2,3,3,3,4,1,1,3,1,1,1,4,2,3,4,1,1,2,1,3,2,1,3,4,2,4,1,3,2,4,1,1,4,4,1,1,4,2,2,2,4,2,4,1,1,1,4,1,4,2,1,2,3,2,2,1,2,3,2,4,1,1,1,1,1,1,1,2,3,1,4,2,2,4,2,1,3,2,1,1,3,2,2,3,3,2,3,1,4,1,4,2,1,1,2,3,1,4,2,2,3,3,2,4,2,4,2,3,1,1,2,4,3,4,3,1,2,3,3,4,4,1,3,2,1,2,3,2,3,3,2,1,3,2,4,2,3,3,2,1,1,2,1,1,4,3,3,1,2,3,1,2,2,1,1,2,2,4,1,2,3,4,3,3,2,2,1,1,4,3,2,1,4,3,1,3,3,3,2,1,2,4,3,3,1,1,2,3,1,3,3,2,4,1,2,2,1,3,3,2,1,2,4,2,4,1,3,1,1,1,4,2,1,4,3,3,2,2,1,2,1,4,4,2,2,2,1,1,1,1,4,1,3,1,2,2,3,1,3,4,1,4,1,4,1,1,1,1,2,3,1,1,2,4,2,4,4,2,1,3,1,1,3,3,1,3,1,4,2,4,3,3,1,4,2,4,4,4,2,1,3,1,3,3,3,1,1,2,4,4,1,3,3,2,2,2,3,1,4,1,3,2,1,3,3,4,2,3,3,2,1,2,2,3,4,3,2,1,2,3,1,2,1,4,2,1,4,2,1,4,3,2,1,2,3,1,3,1,2,1,1,1,1,2,1,3,1,1,4,1,3,3,2,2,4,3,4,4,2,4,4,2,1,4,4,4,3,1,2,4,3,3,2,1,3,2,1,4,4,2,2,1,1,3,4,4,2,2,1,4,1,2,3,2,1,3,4,4,3,4,4,1,1,2,3,1,1,1,1,2,2,1,3,1,3,1,4,2,1,1,4,2,4,3,2,1,4,2,3,1,3,2,2,2,1,1,2,2,4,2,2,2,2,2,1,2,3,2,3,1,1,3,4,2,2,2,4,3,3,1,2,2,3,2,3,3,1,2,2,4,4,1,4,4,1,2,4,1,3,3,3,2,3,3,1,1,2,4,3,3,4,2,4,1,2,4,1,4,3,1,1,1,4,4,1,2,2,2,2,2,1,1,1,1,1,1,4,2,2,3,4,4,1,2,3,2,4,1,2,2,3,2,1,1,2,2,1,1,2,3,1,2,1,4,4,1,2,4,2,1,1,2,1,3,3,4,2,2,1,2,4,1,2,2,1,2,1,2,3,1,3,2,3,4,2,1,3,2,3,2,1,2,2,4,4,1,1,4,3,3,2,4,2,4,1,2,3,3,1,3,2,1,3,1,1,2,2,4,2,1,1,1,3,2,4,4,4,1,3,1,4,2,1,3,2,1,1,1,1,4,3,1,1,2,2,3,4,3,2,4,2,1,1,1,1,3,1,1,2,1,1,4,2,4,2,1,3,3,1,2,1,2,1,4,4,2,4,1,4,1,2,2,1,4,1,2,3,2,4,1,2,3,2,1,4,2,2,3,2,3,1,2,1,2,3,2,2,2,3,2,4,1,4,2,3,2,2,2,3,2,4,3,1,1,2,1,1,1,2,1,2,3,2,1,1,1,1,2,1,2,3,2,4,1,1,4,4,3,2,4,3,1,3,2,1,2,3,3,3,3,4,3,1,1,1,3,1,2,1,4,4,3,2,4,3,4,4,1,2,1,2,4,4,3,2,1,3,1,4,3,3,1,3,2,2,2,1,4,1,4,1,4,1,1,4,1,1,3,2,4,2,4,2,3,2,2,3,4,4,3,2,2,4,1,2,1,3,3,1,1,4,1,1,2,3,4,4,3,1,1,2,2,4,1,1,4,2,3,4,3,4,3,2,1,3,2,2,2,1,1,3,2,2,3,2,1,2,3,4,3,1,3,4,2,4,3,4,1,3,1,1,2,4,2,2,4,4,3,1,4,2,3,1,4,1,2,3,3,1,4,2,1,3,2,3,1,1,2,1,1,2,1,3,3,2,4,2,2,2,3,2,3,3,2,2,2,2,4,1,1,1,1,2,1,2,1,4,2,2,2,1,1,1,2,4,1,4,2,2,3,4,1,1,1,4,4,2,2,3,3,3,3,1,2,1,2,4,4,2,2,3,2,1,1,1,1,2,3,1,2,3,4,3,4,1,1,3,1,4,4,3,2,1,4,1,2,2,1,2,1,4,1,3,1,1,4,4,1,4,4,1,1,1,3,1,2,1,1,1,1,2,1,3,2,4,4,1,2,4,2,1,1,4,2,4,4,3,3,2,1,2,3,2,1,1,1,2,3,3,4,2,1,4,2,3,2,2,4,4,1,1,2,3,1,2,3,4,2,1,2,1,2,1,4,2,2,3,3,1,4,2,1,2,3,1,1,4,1,3,3,1,2,4,1,4,1,2,1,1,1,2,2,3,3,1,1,4,2,2,4,2,1,1,2,2,1,2,4,3,2,3,3,4,4,1,4,4,3,2,4,3,1,1,3,2,4,2,2,1,1,4,4,2,1,1,3,3,3,3,1,3,2,2,2,2,1,1,3,2,4,4,1,2,3,1,3,1,1,3,1,4,1,1,2,1,3,1,2,2,4,1,1,4,1,4,4,2,1,1,2,3,1,1,1,1,2,3,4,3,2,3,3,1,2,4,2,3,1,2,2,2,4,3,2,2,2,4,1,1,1,2,4,2,1,4,2,1,1,1,2,1,2,1,2,3,3,3,2,4,3,3,1,1,4,2,3,1,4,4,4,3,2,4,3,2,1,3,4,1,2,2,1,2,3,3,1,4,3,3,2,2,1,1,2,3,3,4,4,2,1,1,3,1,1,3,2,3,4,1,3,1,4,2,4,1,1,1,1,4,1,3,1,1,3,1,4,2,2,1,2,2,4,1,2,4,3,1,3,2,1,2,2,3,3,2,1,2,4,1,4,2,1,1,4,1,1,4,4,2,4,2,4,3,2,2,4,3,2,3,1,2,4,3,4,1,3,1,2,4,4,2,2,2,1,2,2,1,4,2,1,2,1,4,2,1,2,4,1,2,1,2,1,1,4,2,1,2,1,2,4,4,3,4,1,2,1,1,2,2,2,2,2,4,4,3,3,2,4,2,3,4,3,2,2,2,3,2,1,3,2,1,1,1,3,1,3,2,3,1,4,3,4,1,1,3,1,3,2,1,3,1,1,2"
64,0.9882627241940299,0.5,2136.0,"4,2,1,1,2,2,3,1,2,1,4,4,4,1,2,2,4,1,1,2,1,2,4,1,3,1,2,2,4,1,1,2,3,3,1,2,4,1,2,4,1,2,2,2,2,2,3,2,1,2,4,4,3,2,1,4,2,2,1,4,4,4,3,1,3,3,3,2,3,2,1,2,2,3,4,2,3,3,3,1,2,1,4,1,2,3,1,2,1,2,1,2,2,2,3,4,1,1,3,1,2,2,3,2,2,4,1,4,2,1,1,1,3,3,1,2,3,4,4,1,3,2,2,3,2,2,3,2,4,1,2,2,1,1,1,2,3,4,2,2,4,3,2,3,4,4,2,1,1,1,1,1,1,3,3,4,2,2,2,1,4,1,1,3,1,3,3,1,1,4,1,2,2,2,1,3,3,1,4,1,3,2,3,2,3,2,1,2,4,1,4,2,3,3,3,3,2,3,1,4,1,4,1,3,4,4,1,3,2,2,2,1,2,1,3,2,2,1,2,1,4,4,3,2,3,1,3,2,4,3,3,2,2,1,1,3,1,3,3,2,2,1,2,3,2,2,3,2,3,3,3,4,1,1,3,1,1,1,4,2,3,4,1,1,2,1,3,2,1,3,4,2,4,1,3,2,4,1,1,4,4,1,1,4,2,2,2,4,2,4,1,1,1,4,1,4,2,1,2,3,2,2,1,2,3,2,4,1,1,1,1,1,1,1,2,3,1,4,2,2,4,2,1,3,2,1,1,3,2,2,3,3,2,3,1,4,1,4,2,1,1,2,3,1,4,2,2,3,3,2,4,2,4,2,3,1,1,2,4,3,4,3,1,2,3,3,4,4,1,3,2,1,2,3,2,3,3,2,1,3,2,4,2,3,3,2,1,1,2,1,1,4,3,3,1,2,3,1,2,2,1,1,2,2,4,1,2,3,4,3,3,2,2,1,1,4,3,2,1,4,3,1,3,3,3,2,1,2,4,3,3,1,1,2,3,1,3,3,2,4,1,2,2,1,3,3,2,1,2,4,2,4,1,3,1,1,1,4,2,1,4,3,3,2,2,1,2,1,4,4,2,2,2,1,1,1,1,4,1,3,1,2,2,3,1,3,4,1,4,1,4,1,1,1,1,2,3,1,1,2,4,2,4,4,2,1,3,1,1,3,3,1,3,1,4,2,4,3,3,1,4,2,4,4,4,2,1,3,1,3,3,3,1,1,2,4,4,1,3,3,2,2,2,3,1,4,1,3,2,1,3,3,4,2,3,3,2,1,2,2,3,4,3,2,1,2,3,1,2,1,4,2,1,4,2,1,4,3,2,1,2,3,1,3,1,2,1,1,1,1,2,1,3,1,1,4,1,3,3,2,2,4,3,4,4,2,4,4,2,1,4,4,4,3,1,2,4,3,3,2,1,3,2,1,4,4,2,2,1,1,3,4,4,2,2,1,4,1,2,3,2,1,3,4,4,3,4,4,1,1,2,3,1,1,1,1,2,2,1,3,1,3,1,4,2,1,1,4,2,4,3,2,1,4,2,3,1,3,2,2,2,1,1,2,2,4,2,2,2,2,2,1,2,3,2,3,1,1,3,4,2,2,2,4,3,3,1,2,2,3,2,3,3,1,2,2,4,4,1,4,4,1,2,4,1,3,3,3,2,3,3,1,1,2,4,3,3,4,2,4,1,2,4,1,4,3,1,1,1,4,4,1,2,2,2,2,2,1,1,1,1,1,1,4,2,2,3,4,4,1,2,3,2,4,1,2,2,3,2,1,1,2,2,1,1,2,3,1,2,1,4,4,1,2,4,2,1,1,2,1,3,3,4,2,2,1,2,4,1,2,2,1,2,1,2,3,1,3,2,3,4,2,1,3,2,3,2,1,2,2,4,4,1,1,4,3,3,2,4,2,4,1,2,3,3,1,3,2,1,3,1,1,2,2,4,2,1,1,1,3,2,4,4,4,1,3,1,4,2,1,3,2,1,1,1,1,4,3,1,1,2,2,3,4,3,2,4,2,1,1,1,1,3,1,1,2,1,1,4,2,4,2,1,3,3,1,2,1,2,1,4,4,2,4,1,4,1,2,2,1,4,1,2,3,2,4,1,2,3,2,1,4,2,2,3,2,3,1,2,1,2,3,2,2,2,3,2,4,1,4,2,3,2,2,2,3,2,4,3,1,1,2,1,1,1,2,1,2,3,2,1,1,1,1,2,1,2,3,2,4,1,1,4,4,3,2,4,3,1,3,2,1,2,3,3,3,3,4,3,1,1,1,3,1,2,1,4,4,3,2,4,3,4,4,1,2,1,2,4,4,3,2,1,3,1,4,3,3,1,3,2,2,2,1,4,1,4,1,4,1,1,4,1,1,3,2,4,2,4,2,3,2,2,3,4,4,3,2,2,4,1,2,1,3,3,1,1,4,1,1,2,3,4,4,3,1,1,2,2,4,1,1,4,2,3,4,3,4,3,2,1,3,2,2,2,1,1,3,2,2,3,2,1,2,3,4,3,1,3,4,2,4,3,4,1,3,1,1,2,4,2,2,4,4,3,1,4,2,3,1,4,1,2,3,3,1,4,2,1,3,2,3,1,1,2,1,1,2,1,3,3,2,4,2,2,2,3,2,3,3,2,2,2,2,4,1,1,1,1,2,1,2,1,4,2,2,2,1,1,1,2,4,1,4,2,2,3,4,1,1,1,4,4,2,2,3,3,3,3,1,2,1,2,4,4,2,2,3,2,1,1,1,1,2,3,1,2,3,4,3,4,1,1,3,1,4,4,3,2,1,4,1,2,2,1,2,1,4,1,3,1,1,4,4,1,4,4,1,1,1,3,1,2,1,1,1,1,2,1,3,2,4,4,1,2,4,2,1,1,4,2,4,4,3,3,2,1,2,3,2,1,1,1,2,3,3,4,2,1,4,2,3,2,2,4,4,1,1,2,3,1,2,3,4,2,1,2,1,2,1,4,2,2,3,3,1,4,2,1,2,3,1,1,4,1,3,3,1,2,4,1,4,1,2,1,1,1,2,2,3,3,1,1,4,2,2,4,2,1,1,2,2,1,2,4,3,2,3,3,4,4,1,4,4,3,2,4,3,1,1,3,2,4,2,2,1,1,4,4,2,1,1,3,3,3,3,1,3,2,2,2,2,1,1,3,2,4,4,1,2,3,1,3,1,1,3,1,4,1,1,2,1,3,1,2,2,4,1,1,4,1,4,4,2,1,1,2,3,1,1,1,1,2,3,4,3,2,3,3,1,2,4,2,3,1,2,2,2,4,3,2,2,2,4,1,1,1,2,4,2,1,4,2,1,1,1,2,1,2,1,2,3,3,3,2,4,3,3,1,1,4,2,3,1,4,4,4,3,2,4,3,2,1,3,4,1,2,2,1,2,3,3,1,4,3,3,2,2,1,1,2,3,3,4,4,2,1,1,3,1,1,3,2,3,4,1,3,1,4,2,4,1,1,1,1,4,1,3,1,1,3,1,4,2,2,1,2,2,4,1,2,4,3,1,3,2,1,2,2,3,3,2,1,2,4,1,4,2,1,1,4,1,1,4,4,2,4,2,4,3,2,2,4,3,2,3,1,2,4,3,4,1,3,1,2,4,4,2,2,2,1,2,2,1,4,2,1,2,1,4,2,1,2,4,1,2,1,2,1,1,4,2,1,2,1,2,4,4,3,4,1,2,1,1,2,2,2,2,2,4,4,3,3,2,4,2,3,4,3,2,2,2,3,2,1,3,2,1,1,1,3,1,3,2,3,1,4,3,4,1,1,3,1,3,2,1,3,1,1,2"
65,0.9882627241940299,0.5,2136.0,"4,2,1,1,2,2,3,1,2,1,4,4,4,1,2,2,4,1,1,2,1,2,4,1,3,1,2,2,4,1,1,2,3,3,1,2,4,1,2,4,1,2,2,2,2,2,3,2,1,2,4,4,3,2,1,4,2,2,1,4,4,4,3,1,3,3,3,2,3,2,1,2,2,3,4,2,3,3,3,1,2,1,4,1,2,3,1,2,1,2,1,2,2,2,3,4,1,1,3,1,2,2,3,2,2,4,1,4,2,1,1,1,3,3,1,2,3,4,4,1,3,2,2,3,2,2,3,2,4,1,2,2,1,1,1,2,3,4,2,2,4,3,2,3,4,4,2,1,1,1,1,1,1,3,3,4,2,2,2,1,4,1,1,3,1,3,3,1,1,4,1,2,2,2,1,3,3,1,4,1,3,2,3,2,3,2,1,2,4,1,4,2,3,3,3,3,2,3,1,4,1,4,1,3,4,4,1,3,2,2,2,1,2,1,3,2,2,1,2,1,4,4,3,2,3,1,3,2,4,3,3,2,2,1,1,3,1,3,3,2,2,1,2,3,2,2,3,2,3,3,3,4,1,1,3,1,1,1,4,2,3,4,1,1,2,1,3,2,1,3,4,2,4,1,3,2,4,1,1,4,4,1,1,4,2,2,2,4,2,4,1,1,1,4,1,4,2,1,2,3,2,2,1,2,3,2,4,1,1,1,1,1,1,1,2,3,1,4,2,2,4,2,1,3,2,1,1,3,2,2,3,3,2,3,1,4,1,4,2,1,1,2,3,1,4,2,2,3,3,2,4,2,4,2,3,1,1,2,4,3,4,3,1,2,3,3,4,4,1,3,2,1,2,3,2,3,3,2,1,3,2,4,2,3,3,2,1,1,2,1,1,4,3,3,1,2,3,1,2,2,1,1,2,2,4,1,2,3,4,3,3,2,2,1,1,4,3,2,1,4,3,1,3,3,3,2,1,2,4,3,3,1,1,2,3,1,3,3,2,4,1,2,2,1,3,3,2,1,2,4,2,4,1,3,1,1,1,4,2,1,4,3,3,2,2,1,2,1,4,4,2,2,2,1,1,1,1,4,1,3,1,2,2,3,1,3,4,1,4,1,4,1,1,1,1,2,3,1,1,2,4,2,4,4,2,1,3,1,1,3,3,1,3,1,4,2,4,3,3,1,4,2,4,4,4,2,1,3,1,3,3,3,1,1,2,4,4,1,3,3,2,2,2,3,1,4,1,3,2,1,3,3,4,2,3,3,2,1,2,2,3,4,3,2,1,2,3,1,2,1,4,2,1,4,2,1,4,3,2,1,2,3,1,3,1,2,1,1,1,1,2,1,3,1,1,4,1,3,3,2,2,4,3,4,4,2,4,4,2,1,4,4,4,3,1,2,4,3,3,2,1,3,2,1,4,4,2,2,1,1,3,4,4,2,2,1,4,1,2,3,2,1,3,4,4,3,4,4,1,1,2,3,1,1,1,1,2,2,1,3,1,3,1,4,2,1,1,4,2,4,3,2,1,4,2,3,1,3,2,2,2,1,1,2,2,4,2,2,2,2,2,1,2,3,2,3,1,1,3,4,2,2,2,4,3,3,1,2,2,3,2,3,3,1,2,2,4,4,1,4,4,1,2,4,1,3,3,3,2,3,3,1,1,2,4,3,3,4,2,4,1,2,4,1,4,3,1,1,1,4,4,1,2,2,2,2,2,1,1,1,1,1,1,4,2,2,3,4,4,1,2,3,2,4,1,2,2,3,2,1,1,2,2,1,1,2,3,1,2,1,4,4,1,2,4,2,1,1,2,1,3,3,4,2,2,1,2,4,1,2,2,1,2,1,2,3,1,3,2,3,4,2,1,3,2,3,2,1,2,2,4,4,1,1,4,3,3,2,4,2,4,1,2,3,3,1,3,2,1,3,1,1,2,2,4,2,1,1,1,3,2,4,4,4,1,3,1,4,2,1,3,2,1,1,1,1,4,3,1,1,2,2,3,4,3,2,4,2,1,1,1,1,3,1,1,2,1,1,4,2,4,2,1,3,3,1,2,1,2,1,4,4,2,4,1,4,1,2,2,1,4,1,2,3,2,4,1,2,3,2,1,4,2,2,3,2,3,1,2,1,2,3,2,2,2,3,2,4,1,4,2,3,2,2,2,3,2,4,3,1,1,2,1,1,1,2,1,2,3,2,1,1,1,1,2,1,2,3,2,4,1,1,4,4,3,2,4,3,1,3,2,1,2,3,3,3,3,4,3,1,1,1,3,1,2,1,4,4,3,2,4,3,4,4,1,2,1,2,4,4,3,2,1,3,1,4,3,3,1,3,2,2,2,1,4,1,4,1,4,1,1,4,1,1,3,2,4,2,4,2,3,2,2,3,4,4,3,2,2,4,1,2,1,3,3,1,1,4,1,1,2,3,4,4,3,1,1,2,2,4,1,1,4,2,3,4,3,4,3,2,1,3,2,2,2,1,1,3,2,2,3,2,1,2,3,4,3,1,3,4,2,4,3,4,1,3,1,1,2,4,2,2,4,4,3,1,4,2,3,1,4,1,2,3,3,1,4,2,1,3,2,3,1,1,2,1,1,2,1,3,3,2,4,2,2,2,3,2,3,3,2,2,2,2,4,1,1,1,1,2,1,2,1,4,2,2,2,1,1,1,2,4,1,4,2,2,3,4,1,1,1,4,4,2,2,3,3,3,3,1,2,1,2,4,4,2,2,3,2,1,1,1,1,2,3,1,2,3,4,3,4,1,1,3,1,4,4,3,2,1,4,1,2,2,1,2,1,4,1,3,1,1,4,4,1,4,4,1,1,1,3,1,2,1,1,1,1,2,1,3,2,4,4,1,2,4,2,1,1,4,2,4,4,3,3,2,1,2,3,2,1,1,1,2,3,3,4,2,1,4,2,3,2,2,4,4,1,1,2,3,1,2,3,4,2,1,2,1,2,1,4,2,2,3,3,1,4,2,1,2,3,1,1,4,1,3,3,1,2,4,1,4,1,2,1,1,1,2,2,3,3,1,1,4,2,2,4,2,1,1,2,2,1,2,4,3,2,3,3,4,4,1,4,4,3,2,4,3,1,1,3,2,4,2,2,1,1,4,4,2,1,1,3,3,3,3,1,3,2,2,2,2,1,1,3,2,4,4,1,2,3,1,3,1,1,3,1,4,1,1,2,1,3,1,2,2,4,1,1,4,1,4,4,2,1,1,2,3,1,1,1,1,2,3,4,3,2,3,3,1,2,4,2,3,1,2,2,2,4,3,2,2,2,4,1,1,1,2,4,2,1,4,2,1,1,1,2,1,2,1,2,3,3,3,2,4,3,3,1,1,4,2,3,1,4,4,4,3,2,4,3,2,1,3,4,1,2,2,1,2,3,3,1,4,3,3,2,2,1,1,2,3,3,4,4,2,1,1,3,1,1,3,2,3,4,1,3,1,4,2,4,1,1,1,1,4,1,3,1,1,3,1,4,2,2,1,2,2,4,1,2,4,3,1,3,2,1,2,2,3,3,2,1,2,4,1,4,2,1,1,4,1,1,4,4,2,4,2,4,3,2,2,4,3,2,3,1,2,4,3,4,1,3,1,2,4,4,2,2,2,1,2,2,1,4,2,1,2,1,4,2,1,2,4,1,2,1,2,1,1,4,2,1,2,1,2,4,4,3,4,1,2,1,1,2,2,2,2,2,4,4,3,3,2,4,2,3,4,3,2,2,2,3,2,1,3,2,1,1,1,3,1,3,2,3,1,4,3,4,1,1,3,1,3,2,1,3,1,1,2"
66,0.9882627241940299,0.5,2136.0,"4,2,1,1,2,2,3,1,2,1,4,4,4,1,2,2,4,1,1,2,1,2,4,1,3,1,2,2,4,1,1,2,3,3,1,2,4,1,2,4,1,2,2,2,2,2,3,2,1,2,4,4,3,2,1,4,2,2,1,4,4,4,3,1,3,3,3,2,3,2,1,2,2,3,4,2,3,3,3,1,2,1,4,1,2,3,1,2,1,2,1,2,2,2,3,4,1,1,3,1,2,2,3,2,2,4,1,4,2,1,1,1,3,3,1,2,3,4,4,1,3,2,2,3,2,2,3,2,4,1,2,2,1,1,1,2,3,4,2,2,4,3,2,3,4,4,2,1,1,1,1,1,1,3,3,4,2,2,2,1,4,1,1,3,1,3,3,1,1,4,1,2,2,2,1,3,3,1,4,1,3,2,3,2,3,2,1,2,4,1,4,2,3,3,3,3,2,3,1,4,1,4,1,3,4,4,1,3,2,2,2,1,2,1,3,2,2,1,2,1,4,4,3,2,3,1,3,2,4,3,3,2,2,1,1,3,1,3,3,2,2,1,2,3,2,2,3,2,3,3,3,4,1,1,3,1,1,1,4,2,3,4,1,1,2,1,3,2,1,3,4,2,4,1,3,2,4,1,1,4,4,1,1,4,2,2,2,4,2,4,1,1,1,4,1,4,2,1,2,3,2,2,1,2,3,2,4,1,1,1,1,1,1,1,2,3,1,4,2,2,4,2,1,3,2,1,1,3,2,2,3,3,2,3,1,4,1,4,2,1,1,2,3,1,4,2,2,3,3,2,4,2,4,2,3,1,1,2,4,3,4,3,1,2,3,3,4,4,1,3,2,1,2,3,2,3,3,2,1,3,2,4,2,3,3,2,1,1,2,1,1,4,3,3,1,2,3,1,2,2,1,1,2,2,4,1,2,3,4,3,3,2,2,1,1,4,3,2,1,4,3,1,3,3,3,2,1,2,4,3,3,1,1,2,3,1,3,3,2,4,1,2,2,1,3,3,2,1,2,4,2,4,1,3,1,1,1,4,2,1,4,3,3,2,2,1,2,1,4,4,2,2,2,1,1,1,1,4,1,3,1,2,2,3,1,3,4,1,4,1,4,1,1,1,1,2,3,1,1,2,4,2,4,4,2,1,3,1,1,3,3,1,3,1,4,2,4,3,3,1,4,2,4,4,4,2,1,3,1,3,3,3,1,1,2,4,4,1,3,3,2,2,2,3,1,4,1,3,2,1,3,3,4,2,3,3,2,1,2,2,3,4,3,2,1,2,3,1,2,1,4,2,1,4,2,1,4,3,2,1,2,3,1,3,1,2,1,1,1,1,2,1,3,1,1,4,1,3,3,2,2,4,3,4,4,2,4,4,2,1,4,4,4,3,1,2,4,3,3,2,1,3,2,1,4,4,2,2,1,1,3,4,4,2,2,1,4,1,2,3,2,1,3,4,4,3,4,4,1,1,2,3,1,1,1,1,2,2,1,3,1,3,1,4,2,1,1,4,2,4,3,2,1,4,2,3,1,3,2,2,2,1,1,2,2,4,2,2,2,2,2,1,2,3,2,3,1,1,3,4,2,2,2,4,3,3,1,2,2,3,2,3,3,1,2,2,4,4,1,4,4,1,2,4,1,3,3,3,2,3,3,1,1,2,4,3,3,4,2,4,1,2,4,1,4,3,1,1,1,4,4,1,2,2,2,2,2,1,1,1,1,1,1,4,2,2,3,4,4,1,2,3,2,4,1,2,2,3,2,1,1,2,2,1,1,2,3,1,2,1,4,4,1,2,4,2,1,1,2,1,3,3,4,2,2,1,2,4,1,2,2,1,2,1,2,3,1,3,2,3,4,2,1,3,2,3,2,1,2,2,4,4,1,1,4,3,3,2,4,2,4,1,2,3,3,1,3,2,1,3,1,1,2,2,4,2,1,1,1,3,2,4,4,4,1,3,1,4,2,1,3,2,1,1,1,1,4,3,1,1,2,2,3,4,3,2,4,2,1,1,1,1,3,1,1,2,1,1,4,2,4,2,1,3,3,1,2,1,2,1,4,4,2,4,1,4,1,2,2,1,4,1,2,3,2,4,1,2,3,2,1,4,2,2,3,2,3,1,2,1,2,3,2,2,2,3,2,4,1,4,2,3,2,2,2,3,2,4,3,1,1,2,1,1,1,2,1,2,3,2,1,1,1,1,2,1,2,3,2,4,1,1,4,4,3,2,4,3,1,3,2,1,2,3,3,3,3,4,3,1,1,1,3,1,2,1,4,4,3,2,4,3,4,4,1,2,1,2,4,4,3,2,1,3,1,4,3,3,1,3,2,2,2,1,4,1,4,1,4,1,1,4,1,1,3,2,4,2,4,2,3,2,2,3,4,4,3,2,2,4,1,2,1,3,3,1,1,4,1,1,2,3,4,4,3,1,1,2,2,4,1,1,4,2,3,4,3,4,3,2,1,3,2,2,2,1,1,3,2,2,3,2,1,2,3,4,3,1,3,4,2,4,3,4,1,3,1,1,2,4,2,2,4,4,3,1,4,2,3,1,4,1,2,3,3,1,4,2,1,3,2,3,1,1,2,1,1,2,1,3,3,2,4,2,2,2,3,2,3,3,2,2,2,2,4,1,1,1,1,2,1,2,1,4,2,2,2,1,1,1,2,4,1,4,2,2,3,4,1,1,1,4,4,2,2,3,3,3,3,1,2,1,2,4,4,2,2,3,2,1,1,1,1,2,3,1,2,3,4,3,4,1,1,3,1,4,4,3,2,1,4,1,2,2,1,2,1,4,1,3,1,1,4,4,1,4,4,1,1,1,3,1,2,1,1,1,1,2,1,3,2,4,4,1,2,4,2,1,1,4,2,4,4,3,3,2,1,2,3,2,1,1,1,2,3,3,4,2,1,4,2,3,2,2,4,4,1,1,2,3,1,2,3,4,2,1,2,1,2,1,4,2,2,3,3,1,4,2,1,2,3,1,1,4,1,3,3,1,2,4,1,4,1,2,1,1,1,2,2,3,3,1,1,4,2,2,4,2,1,1,2,2,1,2,4,3,2,3,3,4,4,1,4,4,3,2,4,3,1,1,3,2,4,2,2,1,1,4,4,2,1,1,3,3,3,3,1,3,2,2,2,2,1,1,3,2,4,4,1,2,3,1,3,1,1,3,1,4,1,1,2,1,3,1,2,2,4,1,1,4,1,4,4,2,1,1,2,3,1,1,1,1,2,3,4,3,2,3,3,1,2,4,2,3,1,2,2,2,4,3,2,2,2,4,1,1,1,2,4,2,1,4,2,1,1,1,2,1,2,1,2,3,3,3,2,4,3,3,1,1,4,2,3,1,4,4,4,3,2,4,3,2,1,3,4,1,2,2,1,2,3,3,1,4,3,3,2,2,1,1,2,3,3,4,4,2,1,1,3,1,1,3,2,3,4,1,3,1,4,2,4,1,1,1,1,4,1,3,1,1,3,1,4,2,2,1,2,2,4,1,2,4,3,1,3,2,1,2,2,3,3,2,1,2,4,1,4,2,1,1,4,1,1,4,4,2,4,2,4,3,2,2,4,3,2,3,1,2,4,3,4,1,3,1,2,4,4,2,2,2,1,2,2,1,4,2,1,2,1,4,2,1,2,4,1,2,1,2,1,1,4,2,1,2,1,2,4,4,3,4,1,2,1,1,2,2,2,2,2,4,4,3,3,2,4,2,3,4,3,2,2,2,3,2,1,3,2,1,1,1,3,1,3,2,3,1,4,3,4,1,1,3,1,3,2,1,3,1,1,2"
67,0.9882627241940299,0.5,2136.0,"4,2,1,1,2,2,3,1,2,1,4,4,4,1,2,2,4,1,1,2,1,2,4,1,3,1,2,2,4,1,1,2,3,3,1,2,4,1,2,4,1,2,2,2,2,2,3,2,1,2,4,4,3,2,1,4,2,2,1,4,4,4,3,1,3,3,3,2,3,2,1,2,2,3,4,2,3,3,3,1,2,1,4,1,2,3,1,2,1,2,1,2,2,2,3,4,1,1,3,1,2,2,3,2,2,4,1,4,2,1,1,1,3,3,1,2,3,4,4,1,3,2,2,3,2,2,3,2,4,1,2,2,1,1,1,2,3,4,2,2,4,3,2,3,4,4,2,1,1,1,1,1,1,3,3,4,2,2,2,1,4,1,1,3,1,3,3,1,1,4,1,2,2,2,1,3,3,1,4,1,3,2,3,2,3,2,1,2,4,1,4,2,3,3,3,3,2,3,1,4,1,4,1,3,4,4,1,3,2,2,2,1,2,1,3,2,2,1,2,1,4,4,3,2,3,1,3,2,4,3,3,2,2,1,1,3,1,3,3,2,2,1,2,3,2,2,3,2,3,3,3,4,1,1,3,1,1,1,4,2,3,4,1,1,2,1,3,2,1,3,4,2,4,1,3,2,4,1,1,4,4,1,1,4,2,2,2,4,2,4,1,1,1,4,1,4,2,1,2,3,2,2,1,2,3,2,4,1,1,1,1,1,1,1,2,3,1,4,2,2,4,2,1,3,2,1,1,3,2,2,3,3,2,3,1,4,1,4,2,1,1,2,3,1,4,2,2,3,3,2,4,2,4,2,3,1,1,2,4,3,4,3,1,2,3,3,4,4,1,3,2,1,2,3,2,3,3,2,1,3,2,4,2,3,3,2,1,1,2,1,1,4,3,3,1,2,3,1,2,2,1,1,2,2,4,1,2,3,4,3,3,2,2,1,1,4,3,2,1,4,3,1,3,3,3,2,1,2,4,3,3,1,1,2,3,1,3,3,2,4,1,2,2,1,3,3,2,1,2,4,2,4,1,3,1,1,1,4,2,1,4,3,3,2,2,1,2,1,4,4,2,2,2,1,1,1,1,4,1,3,1,2,2,3,1,3,4,1,4,1,4,1,1,1,1,2,3,1,1,2,4,2,4,4,2,1,3,1,1,3,3,1,3,1,4,2,4,3,3,1,4,2,4,4,4,2,1,3,1,3,3,3,1,1,2,4,4,1,3,3,2,2,2,3,1,4,1,3,2,1,3,3,4,2,3,3,2,1,2,2,3,4,3,2,1,2,3,1,2,1,4,2,1,4,2,1,4,3,2,1,2,3,1,3,1,2,1,1,1,1,2,1,3,1,1,4,1,3,3,2,2,4,3,4,4,2,4,4,2,1,4,4,4,3,1,2,4,3,3,2,1,3,2,1,4,4,2,2,1,1,3,4,4,2,2,1,4,1,2,3,2,1,3,4,4,3,4,4,1,1,2,3,1,1,1,1,2,2,1,3,1,3,1,4,2,1,1,4,2,4,3,2,1,4,2,3,1,3,2,2,2,1,1,2,2,4,2,2,2,2,2,1,2,3,2,3,1,1,3,4,2,2,2,4,3,3,1,2,2,3,2,3,3,1,2,2,4,4,1,4,4,1,2,4,1,3,3,3,2,3,3,1,1,2,4,3,3,4,2,4,1,2,4,1,4,3,1,1,1,4,4,1,2,2,2,2,2,1,1,1,1,1,1,4,2,2,3,4,4,1,2,3,2,4,1,2,2,3,2,1,1,2,2,1,1,2,3,1,2,1,4,4,1,2,4,2,1,1,2,1,3,3,4,2,2,1,2,4,1,2,2,1,2,1,2,3,1,3,2,3,4,2,1,3,2,3,2,1,2,2,4,4,1,1,4,3,3,2,4,2,4,1,2,3,3,1,3,2,1,3,1,1,2,2,4,2,1,1,1,3,2,4,4,4,1,3,1,4,2,1,3,2,1,1,1,1,4,3,1,1,2,2,3,4,3,2,4,2,1,1,1,1,3,1,1,2,1,1,4,2,4,2,1,3,3,1,2,1,2,1,4,4,2,4,1,4,1,2,2,1,4,1,2,3,2,4,1,2,3,2,1,4,2,2,3,2,3,1,2,1,2,3,2,2,2,3,2,4,1,4,2,3,2,2,2,3,2,4,3,1,1,2,1,1,1,2,1,2,3,2,1,1,1,1,2,1,2,3,2,4,1,1,4,4,3,2,4,3,1,3,2,1,2,3,3,3,3,4,3,1,1,1,3,1,2,1,4,4,3,2,4,3,4,4,1,2,1,2,4,4,3,2,1,3,1,4,3,3,1,3,2,2,2,1,4,1,4,1,4,1,1,4,1,1,3,2,4,2,4,2,3,2,2,3,4,4,3,2,2,4,1,2,1,3,3,1,1,4,1,1,2,3,4,4,3,1,1,2,2,4,1,1,4,2,3,4,3,4,3,2,1,3,2,2,2,1,1,3,2,2,3,2,1,2,3,4,3,1,3,4,2,4,3,4,1,3,1,1,2,4,2,2,4,4,3,1,4,2,3,1,4,1,2,3,3,1,4,2,1,3,2,3,1,1,2,1,1,2,1,3,3,2,4,2,2,2,3,2,3,3,2,2,2,2,4,1,1,1,1,2,1,2,1,4,2,2,2,1,1,1,2,4,1,4,2,2,3,4,1,1,1,4,4,2,2,3,3,3,3,1,2,1,2,4,4,2,2,3,2,1,1,1,1,2,3,1,2,3,4,3,4,1,1,3,1,4,4,3,2,1,4,1,2,2,1,2,1,4,1,3,1,1,4,4,1,4,4,1,1,1,3,1,2,1,1,1,1,2,1,3,2,4,4,1,2,4,2,1,1,4,2,4,4,3,3,2,1,2,3,2,1,1,1,2,3,3,4,2,1,4,2,3,2,2,4,4,1,1,2,3,1,2,3,4,2,1,2,1,2,1,4,2,2,3,3,1,4,2,1,2,3,1,1,4,1,3,3,1,2,4,1,4,1,2,1,1,1,2,2,3,3,1,1,4,2,2,4,2,1,1,2,2,1,2,4,3,2,3,3,4,4,1,4,4,3,2,4,3,1,1,3,2,4,2,2,1,1,4,4,2,1,1,3,3,3,3,1,3,2,2,2,2,1,1,3,2,4,4,1,2,3,1,3,1,1,3,1,4,1,1,2,1,3,1,2,2,4,1,1,4,1,4,4,2,1,1,2,3,1,1,1,1,2,3,4,3,2,3,3,1,2,4,2,3,1,2,2,2,4,3,2,2,2,4,1,1,1,2,4,2,1,4,2,1,1,1,2,1,2,1,2,3,3,3,2,4,3,3,1,1,4,2,3,1,4,4,4,3,2,4,3,2,1,3,4,1,2,2,1,2,3,3,1,4,3,3,2,2,1,1,2,3,3,4,4,2,1,1,3,1,1,3,2,3,4,1,3,1,4,2,4,1,1,1,1,4,1,3,1,1,3,1,4,2,2,1,2,2,4,1,2,4,3,1,3,2,1,2,2,3,3,2,1,2,4,1,4,2,1,1,4,1,1,4,4,2,4,2,4,3,2,2,4,3,2,3,1,2,4,3,4,1,3,1,2,4,4,2,2,2,1,2,2,1,4,2,1,2,1,4,2,1,2,4,1,2,1,2,1,1,4,2,1,2,1,2,4,4,3,4,1,2,1,1,2,2,2,2,2,4,4,3,3,2,4,2,3,4,3,2,2,2,3,2,1,3,2,1,1,1,3,1,3,2,3,1,4,3,4,1,1,3,1,3,2,1,3,1,1,2"
68,0.9882627241940299,0.5,2136.0,"4,2,1,1,2,2,3,1,2,1,4,4,4,1,2,2,4,1,1,2,1,2,4,1,3,1,2,2,4,1,1,2,3,3,1,2,4,1,2,4,1,2,2,2,2,2,3,2,1,2,4,4,3,2,1,4,2,2,1,4,4,4,3,1,3,3,3,2,3,2,1,2,2,3,4,2,3,3,3,1,2,1,4,1,2,3,1,2,1,2,1,2,2,2,3,4,1,1,3,1,2,2,3,2,2,4,1,4,2,1,1,1,3,3,1,2,3,4,4,1,3,2,2,3,2,2,3,2,4,1,2,2,1,1,1,2,3,4,2,2,4,3,2,3,4,4,2,1,1,1,1,1,1,3,3,4,2,2,2,1,4,1,1,3,1,3,3,1,1,4,1,2,2,2,1,3,3,1,4,1,3,2,3,2,3,2,1,2,4,1,4,2,3,3,3,3,2,3,1,4,1,4,1,3,4,4,1,3,2,2,2,1,2,1,3,2,2,1,2,1,4,4,3,2,3,1,3,2,4,3,3,2,2,1,1,3,1,3,3,2,2,1,2,3,2,2,3,2,3,3,3,4,1,1,3,1,1,1,4,2,3,4,1,1,2,1,3,2,1,3,4,2,4,1,3,2,4,1,1,4,4,1,1,4,2,2,2,4,2,4,1,1,1,4,1,4,2,1,2,3,2,2,1,2,3,2,4,1,1,1,1,1,1,1,2,3,1,4,2,2,4,2,1,3,2,1,1,3,2,2,3,3,2,3,1,4,1,4,2,1,1,2,3,1,4,2,2,3,3,2,4,2,4,2,3,1,1,2,4,3,4,3,1,2,3,3,4,4,1,3,2,1,2,3,2,3,3,2,1,3,2,4,2,3,3,2,1,1,2,1,1,4,3,3,1,2,3,1,2,2,1,1,2,2,4,1,2,3,4,3,3,2,2,1,1,4,3,2,1,4,3,1,3,3,3,2,1,2,4,3,3,1,1,2,3,1,3,3,2,4,1,2,2,1,3,3,2,1,2,4,2,4,1,3,1,1,1,4,2,1,4,3,3,2,2,1,2,1,4,4,2,2,2,1,1,1,1,4,1,3,1,2,2,3,1,3,4,1,4,1,4,1,1,1,1,2,3,1,1,2,4,2,4,4,2,1,3,1,1,3,3,1,3,1,4,2,4,3,3,1,4,2,4,4,4,2,1,3,1,3,3,3,1,1,2,4,4,1,3,3,2,2,2,3,1,4,1,3,2,1,3,3,4,2,3,3,2,1,2,2,3,4,3,2,1,2,3,1,2,1,4,2,1,4,2,1,4,3,2,1,2,3,1,3,1,2,1,1,1,1,2,1,3,1,1,4,1,3,3,2,2,4,3,4,4,2,4,4,2,1,4,4,4,3,1,2,4,3,3,2,1,3,2,1,4,4,2,2,1,1,3,4,4,2,2,1,4,1,2,3,2,1,3,4,4,3,4,4,1,1,2,3,1,1,1,1,2,2,1,3,1,3,1,4,2,1,1,4,2,4,3,2,1,4,2,3,1,3,2,2,2,1,1,2,2,4,2,2,2,2,2,1,2,3,2,3,1,1,3,4,2,2,2,4,3,3,1,2,2,3,2,3,3,1,2,2,4,4,1,4,4,1,2,4,1,3,3,3,2,3,3,1,1,2,4,3,3,4,2,4,1,2,4,1,4,3,1,1,1,4,4,1,2,2,2,2,2,1,1,1,1,1,1,4,2,2,3,4,4,1,2,3,2,4,1,2,2,3,2,1,1,2,2,1,1,2,3,1,2,1,4,4,1,2,4,2,1,1,2,1,3,3,4,2,2,1,2,4,1,2,2,1,2,1,2,3,1,3,2,3,4,2,1,3,2,3,2,1,2,2,4,4,1,1,4,3,3,2,4,2,4,1,2,3,3,1,3,2,1,3,1,1,2,2,4,2,1,1,1,3,2,4,4,4,1,3,1,4,2,1,3,2,1,1,1,1,4,3,1,1,2,2,3,4,3,2,4,2,1,1,1,1,3,1,1,2,1,1,4,2,4,2,1,3,3,1,2,1,2,1,4,4,2,4,1,4,1,2,2,1,4,1,2,3,2,4,1,2,3,2,1,4,2,2,3,2,3,1,2,1,2,3,2,2,2,3,2,4,1,4,2,3,2,2,2,3,2,4,3,1,1,2,1,1,1,2,1,2,3,2,1,1,1,1,2,1,2,3,2,4,1,1,4,4,3,2,4,3,1,3,2,1,2,3,3,3,3,4,3,1,1,1,3,1,2,1,4,4,3,2,4,3,4,4,1,2,1,2,4,4,3,2,1,3,1,4,3,3,1,3,2,2,2,1,4,1,4,1,4,1,1,4,1,1,3,2,4,2,4,2,3,2,2,3,4,4,3,2,2,4,1,2,1,3,3,1,1,4,1,1,2,3,4,4,3,1,1,2,2,4,1,1,4,2,3,4,3,4,3,2,1,3,2,2,2,1,1,3,2,2,3,2,1,2,3,4,3,1,3,4,2,4,3,4,1,3,1,1,2,4,2,2,4,4,3,1,4,2,3,1,4,1,2,3,3,1,4,2,1,3,2,3,1,1,2,1,1,2,1,3,3,2,4,2,2,2,3,2,3,3,2,2,2,2,4,1,1,1,1,2,1,2,1,4,2,2,2,1,1,1,2,4,1,4,2,2,3,4,1,1,1,4,4,2,2,3,3,3,3,1,2,1,2,4,4,2,2,3,2,1,1,1,1,2,3,1,2,3,4,3,4,1,1,3,1,4,4,3,2,1,4,1,2,2,1,2,1,4,1,3,1,1,4,4,1,4,4,1,1,1,3,1,2,1,1,1,1,2,1,3,2,4,4,1,2,4,2,1,1,4,2,4,4,3,3,2,1,2,3,2,1,1,1,2,3,3,4,2,1,4,2,3,2,2,4,4,1,1,2,3,1,2,3,4,2,1,2,1,2,1,4,2,2,3,3,1,4,2,1,2,3,1,1,4,1,3,3,1,2,4,1,4,1,2,1,1,1,2,2,3,3,1,1,4,2,2,4,2,1,1,2,2,1,2,4,3,2,3,3,4,4,1,4,4,3,2,4,3,1,1,3,2,4,2,2,1,1,4,4,2,1,1,3,3,3,3,1,3,2,2,2,2,1,1,3,2,4,4,1,2,3,1,3,1,1,3,1,4,1,1,2,1,3,1,2,2,4,1,1,4,1,4,4,2,1,1,2,3,1,1,1,1,2,3,4,3,2,3,3,1,2,4,2,3,1,2,2,2,4,3,2,2,2,4,1,1,1,2,4,2,1,4,2,1,1,1,2,1,2,1,2,3,3,3,2,4,3,3,1,1,4,2,3,1,4,4,4,3,2,4,3,2,1,3,4,1,2,2,1,2,3,3,1,4,3,3,2,2,1,1,2,3,3,4,4,2,1,1,3,1,1,3,2,3,4,1,3,1,4,2,4,1,1,1,1,4,1,3,1,1,3,1,4,2,2,1,2,2,4,1,2,4,3,1,3,2,1,2,2,3,3,2,1,2,4,1,4,2,1,1,4,1,1,4,4,2,4,2,4,3,2,2,4,3,2,3,1,2,4,3,4,1,3,1,2,4,4,2,2,2,1,2,2,1,4,2,1,2,1,4,2,1,2,4,1,2,1,2,1,1,4,2,1,2,1,2,4,4,3,4,1,2,1,1,2,2,2,2,2,4,4,3,3,2,4,2,3,4,3,2,2,2,3,2,1,3,2,1,1,1,3,1,3,2,3,1,4,3,4,1,1,3,1,3,2,1,3,1,1,2"
69,0.9882627241940299,0.5,2136.0,"4,2,1,1,2,2,3,1,2,1,4,4,4,1,2,2,4,1,1,2,1,2,4,1,3,1,2,2,4,1,1,2,3,3,1,2,4,1,2,4,1,2,2,2,2,2,3,2,1,2,4,4,3,2,1,4,2,2,1,4,4,4,3,1,3,3,3,2,3,2,1,2,2,3,4,2,3,3,3,1,2,1,4,1,2,3,1,2,1,2,1,2,2,2,3,4,1,1,3,1,2,2,3,2,2,4,1,4,2,1,1,1,3,3,1,2,3,4,4,1,3,2,2,3,2,2,3,2,4,1,2,2,1,1,1,2,3,4,2,2,4,3,2,3,4,4,2,1,1,1,1,1,1,3,3,4,2,2,2,1,4,1,1,3,1,3,3,1,1,4,1,2,2,2,1,3,3,1,4,1,3,2,3,2,3,2,1,2,4,1,4,2,3,3,3,3,2,3,1,4,1,4,1,3,4,4,1,3,2,2,2,1,2,1,3,2,2,1,2,1,4,4,3,2,3,1,3,2,4,3,3,2,2,1,1,3,1,3,3,2,2,1,2,3,2,2,3,2,3,3,3,4,1,1,3,1,1,1,4,2,3,4,1,1,2,1,3,2,1,3,4,2,4,1,3,2,4,1,1,4,4,1,1,4,2,2,2,4,2,4,1,1,1,4,1,4,2,1,2,3,2,2,1,2,3,2,4,1,1,1,1,1,1,1,2,3,1,4,2,2,4,2,1,3,2,1,1,3,2,2,3,3,2,3,1,4,1,4,2,1,1,2,3,1,4,2,2,3,3,2,4,2,4,2,3,1,1,2,4,3,4,3,1,2,3,3,4,4,1,3,2,1,2,3,2,3,3,2,1,3,2,4,2,3,3,2,1,1,2,1,1,4,3,3,1,2,3,1,2,2,1,1,2,2,4,1,2,3,4,3,3,2,2,1,1,4,3,2,1,4,3,1,3,3,3,2,1,2,4,3,3,1,1,2,3,1,3,3,2,4,1,2,2,1,3,3,2,1,2,4,2,4,1,3,1,1,1,4,2,1,4,3,3,2,2,1,2,1,4,4,2,2,2,1,1,1,1,4,1,3,1,2,2,3,1,3,4,1,4,1,4,1,1,1,1,2,3,1,1,2,4,2,4,4,2,1,3,1,1,3,3,1,3,1,4,2,4,3,3,1,4,2,4,4,4,2,1,3,1,3,3,3,1,1,2,4,4,1,3,3,2,2,2,3,1,4,1,3,2,1,3,3,4,2,3,3,2,1,2,2,3,4,3,2,1,2,3,1,2,1,4,2,1,4,2,1,4,3,2,1,2,3,1,3,1,2,1,1,1,1,2,1,3,1,1,4,1,3,3,2,2,4,3,4,4,2,4,4,2,1,4,4,4,3,1,2,4,3,3,2,1,3,2,1,4,4,2,2,1,1,3,4,4,2,2,1,4,1,2,3,2,1,3,4,4,3,4,4,1,1,2,3,1,1,1,1,2,2,1,3,1,3,1,4,2,1,1,4,2,4,3,2,1,4,2,3,1,3,2,2,2,1,1,2,2,4,2,2,2,2,2,1,2,3,2,3,1,1,3,4,2,2,2,4,3,3,1,2,2,3,2,3,3,1,2,2,4,4,1,4,4,1,2,4,1,3,3,3,2,3,3,1,1,2,4,3,3,4,2,4,1,2,4,1,4,3,1,1,1,4,4,1,2,2,2,2,2,1,1,1,1,1,1,4,2,2,3,4,4,1,2,3,2,4,1,2,2,3,2,1,1,2,2,1,1,2,3,1,2,1,4,4,1,2,4,2,1,1,2,1,3,3,4,2,2,1,2,4,1,2,2,1,2,1,2,3,1,3,2,3,4,2,1,3,2,3,2,1,2,2,4,4,1,1,4,3,3,2,4,2,4,1,2,3,3,1,3,2,1,3,1,1,2,2,4,2,1,1,1,3,2,4,4,4,1,3,1,4,2,1,3,2,1,1,1,1,4,3,1,1,2,2,3,4,3,2,4,2,1,1,1,1,3,1,1,2,1,1,4,2,4,2,1,3,3,1,2,1,2,1,4,4,2,4,1,4,1,2,2,1,4,1,2,3,2,4,1,2,3,2,1,4,2,2,3,2,3,1,2,1,2,3,2,2,2,3,2,4,1,4,2,3,2,2,2,3,2,4,3,1,1,2,1,1,1,2,1,2,3,2,1,1,1,1,2,1,2,3,2,4,1,1,4,4,3,2,4,3,1,3,2,1,2,3,3,3,3,4,3,1,1,1,3,1,2,1,4,4,3,2,4,3,4,4,1,2,1,2,4,4,3,2,1,3,1,4,3,3,1,3,2,2,2,1,4,1,4,1,4,1,1,4,1,1,3,2,4,2,4,2,3,2,2,3,4,4,3,2,2,4,1,2,1,3,3,1,1,4,1,1,2,3,4,4,3,1,1,2,2,4,1,1,4,2,3,4,3,4,3,2,1,3,2,2,2,1,1,3,2,2,3,2,1,2,3,4,3,1,3,4,2,4,3,4,1,3,1,1,2,4,2,2,4,4,3,1,4,2,3,1,4,1,2,3,3,1,4,2,1,3,2,3,1,1,2,1,1,2,1,3,3,2,4,2,2,2,3,2,3,3,2,2,2,2,4,1,1,1,1,2,1,2,1,4,2,2,2,1,1,1,2,4,1,4,2,2,3,4,1,1,1,4,4,2,2,3,3,3,3,1,2,1,2,4,4,2,2,3,2,1,1,1,1,2,3,1,2,3,4,3,4,1,1,3,1,4,4,3,2,1,4,1,2,2,1,2,1,4,1,3,1,1,4,4,1,4,4,1,1,1,3,1,2,1,1,1,1,2,1,3,2,4,4,1,2,4,2,1,1,4,2,4,4,3,3,2,1,2,3,2,1,1,1,2,3,3,4,2,1,4,2,3,2,2,4,4,1,1,2,3,1,2,3,4,2,1,2,1,2,1,4,2,2,3,3,1,4,2,1,2,3,1,1,4,1,3,3,1,2,4,1,4,1,2,1,1,1,2,2,3,3,1,1,4,2,2,4,2,1,1,2,2,1,2,4,3,2,3,3,4,4,1,4,4,3,2,4,3,1,1,3,2,4,2,2,1,1,4,4,2,1,1,3,3,3,3,1,3,2,2,2,2,1,1,3,2,4,4,1,2,3,1,3,1,1,3,1,4,1,1,2,1,3,1,2,2,4,1,1,4,1,4,4,2,1,1,2,3,1,1,1,1,2,3,4,3,2,3,3,1,2,4,2,3,1,2,2,2,4,3,2,2,2,4,1,1,1,2,4,2,1,4,2,1,1,1,2,1,2,1,2,3,3,3,2,4,3,3,1,1,4,2,3,1,4,4,4,3,2,4,3,2,1,3,4,1,2,2,1,2,3,3,1,4,3,3,2,2,1,1,2,3,3,4,4,2,1,1,3,1,1,3,2,3,4,1,3,1,4,2,4,1,1,1,1,4,1,3,1,1,3,1,4,2,2,1,2,2,4,1,2,4,3,1,3,2,1,2,2,3,3,2,1,2,4,1,4,2,1,1,4,1,1,4,4,2,4,2,4,3,2,2,4,3,2,3,1,2,4,3,4,1,3,1,2,4,4,2,2,2,1,2,2,1,4,2,1,2,1,4,2,1,2,4,1,2,1,2,1,1,4,2,1,2,1,2,4,4,3,4,1,2,1,1,2,2,2,2,2,4,4,3,3,2,4,2,3,4,3,2,2,2,3,2,1,3,2,1,1,1,3,1,3,2,3,1,4,3,4,1,1,3,1,3,2,1,3,1,1,2"
70,0.9882627241940299,0.5,2136.0,"4,2,1,1,2,2,3,1,2,1,4,4,4,1,2,2,4,1,1,2,1,2,4,1,3,1,2,2,4,1,1,2,3,3,1,2,4,1,2,4,1,2,2,2,2,2,3,2,1,2,4,4,3,2,1,4,2,2,1,4,4,4,3,1,3,3,3,2,3,2,1,2,2,3,4,2,3,3,3,1,2,1,4,1,2,3,1,2,1,2,1,2,2,2,3,4,1,1,3,1,2,2,3,2,2,4,1,4,2,1,1,1,3,3,1,2,3,4,4,1,3,2,2,3,2,2,3,2,4,1,2,2,1,1,1,2,3,4,2,2,4,3,2,3,4,4,2,1,1,1,1,1,1,3,3,4,2,2,2,1,4,1,1,3,1,3,3,1,1,4,1,2,2,2,1,3,3,1,4,1,3,2,3,2,3,2,1,2,4,1,4,2,3,3,3,3,2,3,1,4,1,4,1,3,4,4,1,3,2,2,2,1,2,1,3,2,2,1,2,1,4,4,3,2,3,1,3,2,4,3,3,2,2,1,1,3,1,3,3,2,2,1,2,3,2,2,3,2,3,3,3,4,1,1,3,1,1,1,4,2,3,4,1,1,2,1,3,2,1,3,4,2,4,1,3,2,4,1,1,4,4,1,1,4,2,2,2,4,2,4,1,1,1,4,1,4,2,1,2,3,2,2,1,2,3,2,4,1,1,1,1,1,1,1,2,3,1,4,2,2,4,2,1,3,2,1,1,3,2,2,3,3,2,3,1,4,1,4,2,1,1,2,3,1,4,2,2,3,3,2,4,2,4,2,3,1,1,2,4,3,4,3,1,2,3,3,4,4,1,3,2,1,2,3,2,3,3,2,1,3,2,4,2,3,3,2,1,1,2,1,1,4,3,3,1,2,3,1,2,2,1,1,2,2,4,1,2,3,4,3,3,2,2,1,1,4,3,2,1,4,3,1,3,3,3,2,1,2,4,3,3,1,1,2,3,1,3,3,2,4,1,2,2,1,3,3,2,1,2,4,2,4,1,3,1,1,1,4,2,1,4,3,3,2,2,1,2,1,4,4,2,2,2,1,1,1,1,4,1,3,1,2,2,3,1,3,4,1,4,1,4,1,1,1,1,2,3,1,1,2,4,2,4,4,2,1,3,1,1,3,3,1,3,1,4,2,4,3,3,1,4,2,4,4,4,2,1,3,1,3,3,3,1,1,2,4,4,1,3,3,2,2,2,3,1,4,1,3,2,1,3,3,4,2,3,3,2,1,2,2,3,4,3,2,1,2,3,1,2,1,4,2,1,4,2,1,4,3,2,1,2,3,1,3,1,2,1,1,1,1,2,1,3,1,1,4,1,3,3,2,2,4,3,4,4,2,4,4,2,1,4,4,4,3,1,2,4,3,3,2,1,3,2,1,4,4,2,2,1,1,3,4,4,2,2,1,4,1,2,3,2,1,3,4,4,3,4,4,1,1,2,3,1,1,1,1,2,2,1,3,1,3,1,4,2,1,1,4,2,4,3,2,1,4,2,3,1,3,2,2,2,1,1,2,2,4,2,2,2,2,2,1,2,3,2,3,1,1,3,4,2,2,2,4,3,3,1,2,2,3,2,3,3,1,2,2,4,4,1,4,4,1,2,4,1,3,3,3,2,3,3,1,1,2,4,3,3,4,2,4,1,2,4,1,4,3,1,1,1,4,4,1,2,2,2,2,2,1,1,1,1,1,1,4,2,2,3,4,4,1,2,3,2,4,1,2,2,3,2,1,1,2,2,1,1,2,3,1,2,1,4,4,1,2,4,2,1,1,2,1,3,3,4,2,2,1,2,4,1,2,2,1,2,1,2,3,1,3,2,3,4,2,1,3,2,3,2,1,2,2,4,4,1,1,4,3,3,2,4,2,4,1,2,3,3,1,3,2,1,3,1,1,2,2,4,2,1,1,1,3,2,4,4,4,1,3,1,4,2,1,3,2,1,1,1,1,4,3,1,1,2,2,3,4,3,2,4,2,1,1,1,1,3,1,1,2,1,1,4,2,4,2,1,3,3,1,2,1,2,1,4,4,2,4,1,4,1,2,2,1,4,1,2,3,2,4,1,2,3,2,1,4,2,2,3,2,3,1,2,1,2,3,2,2,2,3,2,4,1,4,2,3,2,2,2,3,2,4,3,1,1,2,1,1,1,2,1,2,3,2,1,1,1,1,2,1,2,3,2,4,1,1,4,4,3,2,4,3,1,3,2,1,2,3,3,3,3,4,3,1,1,1,3,1,2,1,4,4,3,2,4,3,4,4,1,2,1,2,4,4,3,2,1,3,1,4,3,3,1,3,2,2,2,1,4,1,4,1,4,1,1,4,1,1,3,2,4,2,4,2,3,2,2,3,4,4,3,2,2,4,1,2,1,3,3,1,1,4,1,1,2,3,4,4,3,1,1,2,2,4,1,1,4,2,3,4,3,4,3,2,1,3,2,2,2,1,1,3,2,2,3,2,1,2,3,4,3,1,3,4,2,4,3,4,1,3,1,1,2,4,2,2,4,4,3,1,4,2,3,1,4,1,2,3,3,1,4,2,1,3,2,3,1,1,2,1,1,2,1,3,3,2,4,2,2,2,3,2,3,3,2,2,2,2,4,1,1,1,1,2,1,2,1,4,2,2,2,1,1,1,2,4,1,4,2,2,3,4,1,1,1,4,4,2,2,3,3,3,3,1,2,1,2,4,4,2,2,3,2,1,1,1,1,2,3,1,2,3,4,3,4,1,1,3,1,4,4,3,2,1,4,1,2,2,1,2,1,4,1,3,1,1,4,4,1,4,4,1,1,1,3,1,2,1,1,1,1,2,1,3,2,4,4,1,2,4,2,1,1,4,2,4,4,3,3,2,1,2,3,2,1,1,1,2,3,3,4,2,1,4,2,3,2,2,4,4,1,1,2,3,1,2,3,4,2,1,2,1,2,1,4,2,2,3,3,1,4,2,1,2,3,1,1,4,1,3,3,1,2,4,1,4,1,2,1,1,1,2,2,3,3,1,1,4,2,2,4,2,1,1,2,2,1,2,4,3,2,3,3,4,4,1,4,4,3,2,4,3,1,1,3,2,4,2,2,1,1,4,4,2,1,1,3,3,3,3,1,3,2,2,2,2,1,1,3,2,4,4,1,2,3,1,3,1,1,3,1,4,1,1,2,1,3,1,2,2,4,1,1,4,1,4,4,2,1,1,2,3,1,1,1,1,2,3,4,3,2,3,3,1,2,4,2,3,1,2,2,2,4,3,2,2,2,4,1,1,1,2,4,2,1,4,2,1,1,1,2,1,2,1,2,3,3,3,2,4,3,3,1,1,4,2,3,1,4,4,4,3,2,4,3,2,1,3,4,1,2,2,1,2,3,3,1,4,3,3,2,2,1,1,2,3,3,4,4,2,1,1,3,1,1,3,2,3,4,1,3,1,4,2,4,1,1,1,1,4,1,3,1,1,3,1,4,2,2,1,2,2,4,1,2,4,3,1,3,2,1,2,2,3,3,2,1,2,4,1,4,2,1,1,4,1,1,4,4,2,4,2,4,3,2,2,4,3,2,3,1,2,4,3,4,1,3,1,2,4,4,2,2,2,1,2,2,1,4,2,1,2,1,4,2,1,2,4,1,2,1,2,1,1,4,2,1,2,1,2,4,4,3,4,1,2,1,1,2,2,2,2,2,4,4,3,3,2,4,2,3,4,3,2,2,2,3,2,1,3,2,1,1,1,3,1,3,2,3,1,4,3,4,1,1,3,1,3,2,1,3,1,1,2"
71,0.9882627241940299,0.5,2136.0,"4,2,1,1,2,2,3,1,2,1,4,4,4,1,2,2,4,1,1,2,1,2,4,1,3,1,2,2,4,1,1,2,3,3,1,2,4,1,2,4,1,2,2,2,2,2,3,2,1,2,4,4,3,2,1,4,2,2,1,4,4,4,3,1,3,3,3,2,3,2,1,2,2,3,4,2,3,3,3,1,2,1,4,1,2,3,1,2,1,2,1,2,2,2,3,4,1,1,3,1,2,2,3,2,2,4,1,4,2,1,1,1,3,3,1,2,3,4,4,1,3,2,2,3,2,2,3,2,4,1,2,2,1,1,1,2,3,4,2,2,4,3,2,3,4,4,2,1,1,1,1,1,1,3,3,4,2,2,2,1,4,1,1,3,1,3,3,1,1,4,1,2,2,2,1,3,3,1,4,1,3,2,3,2,3,2,1,2,4,1,4,2,3,3,3,3,2,3,1,4,1,4,1,3,4,4,1,3,2,2,2,1,2,1,3,2,2,1,2,1,4,4,3,2,3,1,3,2,4,3,3,2,2,1,1,3,1,3,3,2,2,1,2,3,2,2,3,2,3,3,3,4,1,1,3,1,1,1,4,2,3,4,1,1,2,1,3,2,1,3,4,2,4,1,3,2,4,1,1,4,4,1,1,4,2,2,2,4,2,4,1,1,1,4,1,4,2,1,2,3,2,2,1,2,3,2,4,1,1,1,1,1,1,1,2,3,1,4,2,2,4,2,1,3,2,1,1,3,2,2,3,3,2,3,1,4,1,4,2,1,1,2,3,1,4,2,2,3,3,2,4,2,4,2,3,1,1,2,4,3,4,3,1,2,3,3,4,4,1,3,2,1,2,3,2,3,3,2,1,3,2,4,2,3,3,2,1,1,2,1,1,4,3,3,1,2,3,1,2,2,1,1,2,2,4,1,2,3,4,3,3,2,2,1,1,4,3,2,1,4,3,1,3,3,3,2,1,2,4,3,3,1,1,2,3,1,3,3,2,4,1,2,2,1,3,3,2,1,2,4,2,4,1,3,1,1,1,4,2,1,4,3,3,2,2,1,2,1,4,4,2,2,2,1,1,1,1,4,1,3,1,2,2,3,1,3,4,1,4,1,4,1,1,1,1,2,3,1,1,2,4,2,4,4,2,1,3,1,1,3,3,1,3,1,4,2,4,3,3,1,4,2,4,4,4,2,1,3,1,3,3,3,1,1,2,4,4,1,3,3,2,2,2,3,1,4,1,3,2,1,3,3,4,2,3,3,2,1,2,2,3,4,3,2,1,2,3,1,2,1,4,2,1,4,2,1,4,3,2,1,2,3,1,3,1,2,1,1,1,1,2,1,3,1,1,4,1,3,3,2,2,4,3,4,4,2,4,4,2,1,4,4,4,3,1,2,4,3,3,2,1,3,2,1,4,4,2,2,1,1,3,4,4,2,2,1,4,1,2,3,2,1,3,4,4,3,4,4,1,1,2,3,1,1,1,1,2,2,1,3,1,3,1,4,2,1,1,4,2,4,3,2,1,4,2,3,1,3,2,2,2,1,1,2,2,4,2,2,2,2,2,1,2,3,2,3,1,1,3,4,2,2,2,4,3,3,1,2,2,3,2,3,3,1,2,2,4,4,1,4,4,1,2,4,1,3,3,3,2,3,3,1,1,2,4,3,3,4,2,4,1,2,4,1,4,3,1,1,1,4,4,1,2,2,2,2,2,1,1,1,1,1,1,4,2,2,3,4,4,1,2,3,2,4,1,2,2,3,2,1,1,2,2,1,1,2,3,1,2,1,4,4,1,2,4,2,1,1,2,1,3,3,4,2,2,1,2,4,1,2,2,1,2,1,2,3,1,3,2,3,4,2,1,3,2,3,2,1,2,2,4,4,1,1,4,3,3,2,4,2,4,1,2,3,3,1,3,2,1,3,1,1,2,2,4,2,1,1,1,3,2,4,4,4,1,3,1,4,2,1,3,2,1,1,1,1,4,3,1,1,2,2,3,4,3,2,4,2,1,1,1,1,3,1,1,2,1,1,4,2,4,2,1,3,3,1,2,1,2,1,4,4,2,4,1,4,1,2,2,1,4,1,2,3,2,4,1,2,3,2,1,4,2,2,3,2,3,1,2,1,2,3,2,2,2,3,2,4,1,4,2,3,2,2,2,3,2,4,3,1,1,2,1,1,1,2,1,2,3,2,1,1,1,1,2,1,2,3,2,4,1,1,4,4,3,2,4,3,1,3,2,1,2,3,3,3,3,4,3,1,1,1,3,1,2,1,4,4,3,2,4,3,4,4,1,2,1,2,4,4,3,2,1,3,1,4,3,3,1,3,2,2,2,1,4,1,4,1,4,1,1,4,1,1,3,2,4,2,4,2,3,2,2,3,4,4,3,2,2,4,1,2,1,3,3,1,1,4,1,1,2,3,4,4,3,1,1,2,2,4,1,1,4,2,3,4,3,4,3,2,1,3,2,2,2,1,1,3,2,2,3,2,1,2,3,4,3,1,3,4,2,4,3,4,1,3,1,1,2,4,2,2,4,4,3,1,4,2,3,1,4,1,2,3,3,1,4,2,1,3,2,3,1,1,2,1,1,2,1,3,3,2,4,2,2,2,3,2,3,3,2,2,2,2,4,1,1,1,1,2,1,2,1,4,2,2,2,1,1,1,2,4,1,4,2,2,3,4,1,1,1,4,4,2,2,3,3,3,3,1,2,1,2,4,4,2,2,3,2,1,1,1,1,2,3,1,2,3,4,3,4,1,1,3,1,4,4,3,2,1,4,1,2,2,1,2,1,4,1,3,1,1,4,4,1,4,4,1,1,1,3,1,2,1,1,1,1,2,1,3,2,4,4,1,2,4,2,1,1,4,2,4,4,3,3,2,1,2,3,2,1,1,1,2,3,3,4,2,1,4,2,3,2,2,4,4,1,1,2,3,1,2,3,4,2,1,2,1,2,1,4,2,2,3,3,1,4,2,1,2,3,1,1,4,1,3,3,1,2,4,1,4,1,2,1,1,1,2,2,3,3,1,1,4,2,2,4,2,1,1,2,2,1,2,4,3,2,3,3,4,4,1,4,4,3,2,4,3,1,1,3,2,4,2,2,1,1,4,4,2,1,1,3,3,3,3,1,3,2,2,2,2,1,1,3,2,4,4,1,2,3,1,3,1,1,3,1,4,1,1,2,1,3,1,2,2,4,1,1,4,1,4,4,2,1,1,2,3,1,1,1,1,2,3,4,3,2,3,3,1,2,4,2,3,1,2,2,2,4,3,2,2,2,4,1,1,1,2,4,2,1,4,2,1,1,1,2,1,2,1,2,3,3,3,2,4,3,3,1,1,4,2,3,1,4,4,4,3,2,4,3,2,1,3,4,1,2,2,1,2,3,3,1,4,3,3,2,2,1,1,2,3,3,4,4,2,1,1,3,1,1,3,2,3,4,1,3,1,4,2,4,1,1,1,1,4,1,3,1,1,3,1,4,2,2,1,2,2,4,1,2,4,3,1,3,2,1,2,2,3,3,2,1,2,4,1,4,2,1,1,4,1,1,4,4,2,4,2,4,3,2,2,4,3,2,3,1,2,4,3,4,1,3,1,2,4,4,2,2,2,1,2,2,1,4,2,1,2,1,4,2,1,2,4,1,2,1,2,1,1,4,2,1,2,1,2,4,4,3,4,1,2,1,1,2,2,2,2,2,4,4,3,3,2,4,2,3,4,3,2,2,2,3,2,1,3,2,1,1,1,3,1,3,2,3,1,4,3,4,1,1,3,1,3,2,1,3,1,1,2"
72,0.9882627241940299,0.5,2136.0,"4,2,1,1,2,2,3,1,2,1,4,4,4,1,2,2,4,1,1,2,1,2,4,1,3,1,2,2,4,1,1,2,3,3,1,2,4,1,2,4,1,2,2,2,2,2,3,2,1,2,4,4,3,2,1,4,2,2,1,4,4,4,3,1,3,3,3,2,3,2,1,2,2,3,4,2,3,3,3,1,2,1,4,1,2,3,1,2,1,2,1,2,2,2,3,4,1,1,3,1,2,2,3,2,2,4,1,4,2,1,1,1,3,3,1,2,3,4,4,1,3,2,2,3,2,2,3,2,4,1,2,2,1,1,1,2,3,4,2,2,4,3,2,3,4,4,2,1,1,1,1,1,1,3,3,4,2,2,2,1,4,1,1,3,1,3,3,1,1,4,1,2,2,2,1,3,3,1,4,1,3,2,3,2,3,2,1,2,4,1,4,2,3,3,3,3,2,3,1,4,1,4,1,3,4,4,1,3,2,2,2,1,2,1,3,2,2,1,2,1,4,4,3,2,3,1,3,2,4,3,3,2,2,1,1,3,1,3,3,2,2,1,2,3,2,2,3,2,3,3,3,4,1,1,3,1,1,1,4,2,3,4,1,1,2,1,3,2,1,3,4,2,4,1,3,2,4,1,1,4,4,1,1,4,2,2,2,4,2,4,1,1,1,4,1,4,2,1,2,3,2,2,1,2,3,2,4,1,1,1,1,1,1,1,2,3,1,4,2,2,4,2,1,3,2,1,1,3,2,2,3,3,2,3,1,4,1,4,2,1,1,2,3,1,4,2,2,3,3,2,4,2,4,2,3,1,1,2,4,3,4,3,1,2,3,3,4,4,1,3,2,1,2,3,2,3,3,2,1,3,2,4,2,3,3,2,1,1,2,1,1,4,3,3,1,2,3,1,2,2,1,1,2,2,4,1,2,3,4,3,3,2,2,1,1,4,3,2,1,4,3,1,3,3,3,2,1,2,4,3,3,1,1,2,3,1,3,3,2,4,1,2,2,1,3,3,2,1,2,4,2,4,1,3,1,1,1,4,2,1,4,3,3,2,2,1,2,1,4,4,2,2,2,1,1,1,1,4,1,3,1,2,2,3,1,3,4,1,4,1,4,1,1,1,1,2,3,1,1,2,4,2,4,4,2,1,3,1,1,3,3,1,3,1,4,2,4,3,3,1,4,2,4,4,4,2,1,3,1,3,3,3,1,1,2,4,4,1,3,3,2,2,2,3,1,4,1,3,2,1,3,3,4,2,3,3,2,1,2,2,3,4,3,2,1,2,3,1,2,1,4,2,1,4,2,1,4,3,2,1,2,3,1,3,1,2,1,1,1,1,2,1,3,1,1,4,1,3,3,2,2,4,3,4,4,2,4,4,2,1,4,4,4,3,1,2,4,3,3,2,1,3,2,1,4,4,2,2,1,1,3,4,4,2,2,1,4,1,2,3,2,1,3,4,4,3,4,4,1,1,2,3,1,1,1,1,2,2,1,3,1,3,1,4,2,1,1,4,2,4,3,2,1,4,2,3,1,3,2,2,2,1,1,2,2,4,2,2,2,2,2,1,2,3,2,3,1,1,3,4,2,2,2,4,3,3,1,2,2,3,2,3,3,1,2,2,4,4,1,4,4,1,2,4,1,3,3,3,2,3,3,1,1,2,4,3,3,4,2,4,1,2,4,1,4,3,1,1,1,4,4,1,2,2,2,2,2,1,1,1,1,1,1,4,2,2,3,4,4,1,2,3,2,4,1,2,2,3,2,1,1,2,2,1,1,2,3,1,2,1,4,4,1,2,4,2,1,1,2,1,3,3,4,2,2,1,2,4,1,2,2,1,2,1,2,3,1,3,2,3,4,2,1,3,2,3,2,1,2,2,4,4,1,1,4,3,3,2,4,2,4,1,2,3,3,1,3,2,1,3,1,1,2,2,4,2,1,1,1,3,2,4,4,4,1,3,1,4,2,1,3,2,1,1,1,1,4,3,1,1,2,2,3,4,3,2,4,2,1,1,1,1,3,1,1,2,1,1,4,2,4,2,1,3,3,1,2,1,2,1,4,4,2,4,1,4,1,2,2,1,4,1,2,3,2,4,1,2,3,2,1,4,2,2,3,2,3,1,2,1,2,3,2,2,2,3,2,4,1,4,2,3,2,2,2,3,2,4,3,1,1,2,1,1,1,2,1,2,3,2,1,1,1,1,2,1,2,3,2,4,1,1,4,4,3,2,4,3,1,3,2,1,2,3,3,3,3,4,3,1,1,1,3,1,2,1,4,4,3,2,4,3,4,4,1,2,1,2,4,4,3,2,1,3,1,4,3,3,1,3,2,2,2,1,4,1,4,1,4,1,1,4,1,1,3,2,4,2,4,2,3,2,2,3,4,4,3,2,2,4,1,2,1,3,3,1,1,4,1,1,2,3,4,4,3,1,1,2,2,4,1,1,4,2,3,4,3,4,3,2,1,3,2,2,2,1,1,3,2,2,3,2,1,2,3,4,3,1,3,4,2,4,3,4,1,3,1,1,2,4,2,2,4,4,3,1,4,2,3,1,4,1,2,3,3,1,4,2,1,3,2,3,1,1,2,1,1,2,1,3,3,2,4,2,2,2,3,2,3,3,2,2,2,2,4,1,1,1,1,2,1,2,1,4,2,2,2,1,1,1,2,4,1,4,2,2,3,4,1,1,1,4,4,2,2,3,3,3,3,1,2,1,2,4,4,2,2,3,2,1,1,1,1,2,3,1,2,3,4,3,4,1,1,3,1,4,4,3,2,1,4,1,2,2,1,2,1,4,1,3,1,1,4,4,1,4,4,1,1,1,3,1,2,1,1,1,1,2,1,3,2,4,4,1,2,4,2,1,1,4,2,4,4,3,3,2,1,2,3,2,1,1,1,2,3,3,4,2,1,4,2,3,2,2,4,4,1,1,2,3,1,2,3,4,2,1,2,1,2,1,4,2,2,3,3,1,4,2,1,2,3,1,1,4,1,3,3,1,2,4,1,4,1,2,1,1,1,2,2,3,3,1,1,4,2,2,4,2,1,1,2,2,1,2,4,3,2,3,3,4,4,1,4,4,3,2,4,3,1,1,3,2,4,2,2,1,1,4,4,2,1,1,3,3,3,3,1,3,2,2,2,2,1,1,3,2,4,4,1,2,3,1,3,1,1,3,1,4,1,1,2,1,3,1,2,2,4,1,1,4,1,4,4,2,1,1,2,3,1,1,1,1,2,3,4,3,2,3,3,1,2,4,2,3,1,2,2,2,4,3,2,2,2,4,1,1,1,2,4,2,1,4,2,1,1,1,2,1,2,1,2,3,3,3,2,4,3,3,1,1,4,2,3,1,4,4,4,3,2,4,3,2,1,3,4,1,2,2,1,2,3,3,1,4,3,3,2,2,1,1,2,3,3,4,4,2,1,1,3,1,1,3,2,3,4,1,3,1,4,2,4,1,1,1,1,4,1,3,1,1,3,1,4,2,2,1,2,2,4,1,2,4,3,1,3,2,1,2,2,3,3,2,1,2,4,1,4,2,1,1,4,1,1,4,4,2,4,2,4,3,2,2,4,3,2,3,1,2,4,3,4,1,3,1,2,4,4,2,2,2,1,2,2,1,4,2,1,2,1,4,2,1,2,4,1,2,1,2,1,1,4,2,1,2,1,2,4,4,3,4,1,2,1,1,2,2,2,2,2,4,4,3,3,2,4,2,3,4,3,2,2,2,3,2,1,3,2,1,1,1,3,1,3,2,3,1,4,3,4,1,1,3,1,3,2,1,3,1,1,2"
73,0.9882627241940299,0.5,2136.0,"4,2,1,1,2,2,3,1,2,1,4,4,4,1,2,2,4,1,1,2,1,2,4,1,3,1,2,2,4,1,1,2,3,3,1,2,4,1,2,4,1,2,2,2,2,2,3,2,1,2,4,4,3,2,1,4,2,2,1,4,4,4,3,1,3,3,3,2,3,2,1,2,2,3,4,2,3,3,3,1,2,1,4,1,2,3,1,2,1,2,1,2,2,2,3,4,1,1,3,1,2,2,3,2,2,4,1,4,2,1,1,1,3,3,1,2,3,4,4,1,3,2,2,3,2,2,3,2,4,1,2,2,1,1,1,2,3,4,2,2,4,3,2,3,4,4,2,1,1,1,1,1,1,3,3,4,2,2,2,1,4,1,1,3,1,3,3,1,1,4,1,2,2,2,1,3,3,1,4,1,3,2,3,2,3,2,1,2,4,1,4,2,3,3,3,3,2,3,1,4,1,4,1,3,4,4,1,3,2,2,2,1,2,1,3,2,2,1,2,1,4,4,3,2,3,1,3,2,4,3,3,2,2,1,1,3,1,3,3,2,2,1,2,3,2,2,3,2,3,3,3,4,1,1,3,1,1,1,4,2,3,4,1,1,2,1,3,2,1,3,4,2,4,1,3,2,4,1,1,4,4,1,1,4,2,2,2,4,2,4,1,1,1,4,1,4,2,1,2,3,2,2,1,2,3,2,4,1,1,1,1,1,1,1,2,3,1,4,2,2,4,2,1,3,2,1,1,3,2,2,3,3,2,3,1,4,1,4,2,1,1,2,3,1,4,2,2,3,3,2,4,2,4,2,3,1,1,2,4,3,4,3,1,2,3,3,4,4,1,3,2,1,2,3,2,3,3,2,1,3,2,4,2,3,3,2,1,1,2,1,1,4,3,3,1,2,3,1,2,2,1,1,2,2,4,1,2,3,4,3,3,2,2,1,1,4,3,2,1,4,3,1,3,3,3,2,1,2,4,3,3,1,1,2,3,1,3,3,2,4,1,2,2,1,3,3,2,1,2,4,2,4,1,3,1,1,1,4,2,1,4,3,3,2,2,1,2,1,4,4,2,2,2,1,1,1,1,4,1,3,1,2,2,3,1,3,4,1,4,1,4,1,1,1,1,2,3,1,1,2,4,2,4,4,2,1,3,1,1,3,3,1,3,1,4,2,4,3,3,1,4,2,4,4,4,2,1,3,1,3,3,3,1,1,2,4,4,1,3,3,2,2,2,3,1,4,1,3,2,1,3,3,4,2,3,3,2,1,2,2,3,4,3,2,1,2,3,1,2,1,4,2,1,4,2,1,4,3,2,1,2,3,1,3,1,2,1,1,1,1,2,1,3,1,1,4,1,3,3,2,2,4,3,4,4,2,4,4,2,1,4,4,4,3,1,2,4,3,3,2,1,3,2,1,4,4,2,2,1,1,3,4,4,2,2,1,4,1,2,3,2,1,3,4,4,3,4,4,1,1,2,3,1,1,1,1,2,2,1,3,1,3,1,4,2,1,1,4,2,4,3,2,1,4,2,3,1,3,2,2,2,1,1,2,2,4,2,2,2,2,2,1,2,3,2,3,1,1,3,4,2,2,2,4,3,3,1,2,2,3,2,3,3,1,2,2,4,4,1,4,4,1,2,4,1,3,3,3,2,3,3,1,1,2,4,3,3,4,2,4,1,2,4,1,4,3,1,1,1,4,4,1,2,2,2,2,2,1,1,1,1,1,1,4,2,2,3,4,4,1,2,3,2,4,1,2,2,3,2,1,1,2,2,1,1,2,3,1,2,1,4,4,1,2,4,2,1,1,2,1,3,3,4,2,2,1,2,4,1,2,2,1,2,1,2,3,1,3,2,3,4,2,1,3,2,3,2,1,2,2,4,4,1,1,4,3,3,2,4,2,4,1,2,3,3,1,3,2,1,3,1,1,2,2,4,2,1,1,1,3,2,4,4,4,1,3,1,4,2,1,3,2,1,1,1,1,4,3,1,1,2,2,3,4,3,2,4,2,1,1,1,1,3,1,1,2,1,1,4,2,4,2,1,3,3,1,2,1,2,1,4,4,2,4,1,4,1,2,2,1,4,1,2,3,2,4,1,2,3,2,1,4,2,2,3,2,3,1,2,1,2,3,2,2,2,3,2,4,1,4,2,3,2,2,2,3,2,4,3,1,1,2,1,1,1,2,1,2,3,2,1,1,1,1,2,1,2,3,2,4,1,1,4,4,3,2,4,3,1,3,2,1,2,3,3,3,3,4,3,1,1,1,3,1,2,1,4,4,3,2,4,3,4,4,1,2,1,2,4,4,3,2,1,3,1,4,3,3,1,3,2,2,2,1,4,1,4,1,4,1,1,4,1,1,3,2,4,2,4,2,3,2,2,3,4,4,3,2,2,4,1,2,1,3,3,1,1,4,1,1,2,3,4,4,3,1,1,2,2,4,1,1,4,2,3,4,3,4,3,2,1,3,2,2,2,1,1,3,2,2,3,2,1,2,3,4,3,1,3,4,2,4,3,4,1,3,1,1,2,4,2,2,4,4,3,1,4,2,3,1,4,1,2,3,3,1,4,2,1,3,2,3,1,1,2,1,1,2,1,3,3,2,4,2,2,2,3,2,3,3,2,2,2,2,4,1,1,1,1,2,1,2,1,4,2,2,2,1,1,1,2,4,1,4,2,2,3,4,1,1,1,4,4,2,2,3,3,3,3,1,2,1,2,4,4,2,2,3,2,1,1,1,1,2,3,1,2,3,4,3,4,1,1,3,1,4,4,3,2,1,4,1,2,2,1,2,1,4,1,3,1,1,4,4,1,4,4,1,1,1,3,1,2,1,1,1,1,2,1,3,2,4,4,1,2,4,2,1,1,4,2,4,4,3,3,2,1,2,3,2,1,1,1,2,3,3,4,2,1,4,2,3,2,2,4,4,1,1,2,3,1,2,3,4,2,1,2,1,2,1,4,2,2,3,3,1,4,2,1,2,3,1,1,4,1,3,3,1,2,4,1,4,1,2,1,1,1,2,2,3,3,1,1,4,2,2,4,2,1,1,2,2,1,2,4,3,2,3,3,4,4,1,4,4,3,2,4,3,1,1,3,2,4,2,2,1,1,4,4,2,1,1,3,3,3,3,1,3,2,2,2,2,1,1,3,2,4,4,1,2,3,1,3,1,1,3,1,4,1,1,2,1,3,1,2,2,4,1,1,4,1,4,4,2,1,1,2,3,1,1,1,1,2,3,4,3,2,3,3,1,2,4,2,3,1,2,2,2,4,3,2,2,2,4,1,1,1,2,4,2,1,4,2,1,1,1,2,1,2,1,2,3,3,3,2,4,3,3,1,1,4,2,3,1,4,4,4,3,2,4,3,2,1,3,4,1,2,2,1,2,3,3,1,4,3,3,2,2,1,1,2,3,3,4,4,2,1,1,3,1,1,3,2,3,4,1,3,1,4,2,4,1,1,1,1,4,1,3,1,1,3,1,4,2,2,1,2,2,4,1,2,4,3,1,3,2,1,2,2,3,3,2,1,2,4,1,4,2,1,1,4,1,1,4,4,2,4,2,4,3,2,2,4,3,2,3,1,2,4,3,4,1,3,1,2,4,4,2,2,2,1,2,2,1,4,2,1,2,1,4,2,1,2,4,1,2,1,2,1,1,4,2,1,2,1,2,4,4,3,4,1,2,1,1,2,2,2,2,2,4,4,3,3,2,4,2,3,4,3,2,2,2,3,2,1,3,2,1,1,1,3,1,3,2,3,1,4,3,4,1,1,3,1,3,2,1,3,1,1,2"
74,0.9882627241940299,0.5,2136.0,"4,2,1,1,2,2,3,1,2,1,4,4,4,1,2,2,4,1,1,2,1,2,4,1,3,1,2,2,4,1,1,2,3,3,1,2,4,1,2,4,1,2,2,2,2,2,3,2,1,2,4,4,3,2,1,4,2,2,1,4,4,4,3,1,3,3,3,2,3,2,1,2,2,3,4,2,3,3,3,1,2,1,4,1,2,3,1,2,1,2,1,2,2,2,3,4,1,1,3,1,2,2,3,2,2,4,1,4,2,1,1,1,3,3,1,2,3,4,4,1,3,2,2,3,2,2,3,2,4,1,2,2,1,1,1,2,3,4,2,2,4,3,2,3,4,4,2,1,1,1,1,1,1,3,3,4,2,2,2,1,4,1,1,3,1,3,3,1,1,4,1,2,2,2,1,3,3,1,4,1,3,2,3,2,3,2,1,2,4,1,4,2,3,3,3,3,2,3,1,4,1,4,1,3,4,4,1,3,2,2,2,1,2,1,3,2,2,1,2,1,4,4,3,2,3,1,3,2,4,3,3,2,2,1,1,3,1,3,3,2,2,1,2,3,2,2,3,2,3,3,3,4,1,1,3,1,1,1,4,2,3,4,1,1,2,1,3,2,1,3,4,2,4,1,3,2,4,1,1,4,4,1,1,4,2,2,2,4,2,4,1,1,1,4,1,4,2,1,2,3,2,2,1,2,3,2,4,1,1,1,1,1,1,1,2,3,1,4,2,2,4,2,1,3,2,1,1,3,2,2,3,3,2,3,1,4,1,4,2,1,1,2,3,1,4,2,2,3,3,2,4,2,4,2,3,1,1,2,4,3,4,3,1,2,3,3,4,4,1,3,2,1,2,3,2,3,3,2,1,3,2,4,2,3,3,2,1,1,2,1,1,4,3,3,1,2,3,1,2,2,1,1,2,2,4,1,2,3,4,3,3,2,2,1,1,4,3,2,1,4,3,1,3,3,3,2,1,2,4,3,3,1,1,2,3,1,3,3,2,4,1,2,2,1,3,3,2,1,2,4,2,4,1,3,1,1,1,4,2,1,4,3,3,2,2,1,2,1,4,4,2,2,2,1,1,1,1,4,1,3,1,2,2,3,1,3,4,1,4,1,4,1,1,1,1,2,3,1,1,2,4,2,4,4,2,1,3,1,1,3,3,1,3,1,4,2,4,3,3,1,4,2,4,4,4,2,1,3,1,3,3,3,1,1,2,4,4,1,3,3,2,2,2,3,1,4,1,3,2,1,3,3,4,2,3,3,2,1,2,2,3,4,3,2,1,2,3,1,2,1,4,2,1,4,2,1,4,3,2,1,2,3,1,3,1,2,1,1,1,1,2,1,3,1,1,4,1,3,3,2,2,4,3,4,4,2,4,4,2,1,4,4,4,3,1,2,4,3,3,2,1,3,2,1,4,4,2,2,1,1,3,4,4,2,2,1,4,1,2,3,2,1,3,4,4,3,4,4,1,1,2,3,1,1,1,1,2,2,1,3,1,3,1,4,2,1,1,4,2,4,3,2,1,4,2,3,1,3,2,2,2,1,1,2,2,4,2,2,2,2,2,1,2,3,2,3,1,1,3,4,2,2,2,4,3,3,1,2,2,3,2,3,3,1,2,2,4,4,1,4,4,1,2,4,1,3,3,3,2,3,3,1,1,2,4,3,3,4,2,4,1,2,4,1,4,3,1,1,1,4,4,1,2,2,2,2,2,1,1,1,1,1,1,4,2,2,3,4,4,1,2,3,2,4,1,2,2,3,2,1,1,2,2,1,1,2,3,1,2,1,4,4,1,2,4,2,1,1,2,1,3,3,4,2,2,1,2,4,1,2,2,1,2,1,2,3,1,3,2,3,4,2,1,3,2,3,2,1,2,2,4,4,1,1,4,3,3,2,4,2,4,1,2,3,3,1,3,2,1,3,1,1,2,2,4,2,1,1,1,3,2,4,4,4,1,3,1,4,2,1,3,2,1,1,1,1,4,3,1,1,2,2,3,4,3,2,4,2,1,1,1,1,3,1,1,2,1,1,4,2,4,2,1,3,3,1,2,1,2,1,4,4,2,4,1,4,1,2,2,1,4,1,2,3,2,4,1,2,3,2,1,4,2,2,3,2,3,1,2,1,2,3,2,2,2,3,2,4,1,4,2,3,2,2,2,3,2,4,3,1,1,2,1,1,1,2,1,2,3,2,1,1,1,1,2,1,2,3,2,4,1,1,4,4,3,2,4,3,1,3,2,1,2,3,3,3,3,4,3,1,1,1,3,1,2,1,4,4,3,2,4,3,4,4,1,2,1,2,4,4,3,2,1,3,1,4,3,3,1,3,2,2,2,1,4,1,4,1,4,1,1,4,1,1,3,2,4,2,4,2,3,2,2,3,4,4,3,2,2,4,1,2,1,3,3,1,1,4,1,1,2,3,4,4,3,1,1,2,2,4,1,1,4,2,3,4,3,4,3,2,1,3,2,2,2,1,1,3,2,2,3,2,1,2,3,4,3,1,3,4,2,4,3,4,1,3,1,1,2,4,2,2,4,4,3,1,4,2,3,1,4,1,2,3,3,1,4,2,1,3,2,3,1,1,2,1,1,2,1,3,3,2,4,2,2,2,3,2,3,3,2,2,2,2,4,1,1,1,1,2,1,2,1,4,2,2,2,1,1,1,2,4,1,4,2,2,3,4,1,1,1,4,4,2,2,3,3,3,3,1,2,1,2,4,4,2,2,3,2,1,1,1,1,2,3,1,2,3,4,3,4,1,1,3,1,4,4,3,2,1,4,1,2,2,1,2,1,4,1,3,1,1,4,4,1,4,4,1,1,1,3,1,2,1,1,1,1,2,1,3,2,4,4,1,2,4,2,1,1,4,2,4,4,3,3,2,1,2,3,2,1,1,1,2,3,3,4,2,1,4,2,3,2,2,4,4,1,1,2,3,1,2,3,4,2,1,2,1,2,1,4,2,2,3,3,1,4,2,1,2,3,1,1,4,1,3,3,1,2,4,1,4,1,2,1,1,1,2,2,3,3,1,1,4,2,2,4,2,1,1,2,2,1,2,4,3,2,3,3,4,4,1,4,4,3,2,4,3,1,1,3,2,4,2,2,1,1,4,4,2,1,1,3,3,3,3,1,3,2,2,2,2,1,1,3,2,4,4,1,2,3,1,3,1,1,3,1,4,1,1,2,1,3,1,2,2,4,1,1,4,1,4,4,2,1,1,2,3,1,1,1,1,2,3,4,3,2,3,3,1,2,4,2,3,1,2,2,2,4,3,2,2,2,4,1,1,1,2,4,2,1,4,2,1,1,1,2,1,2,1,2,3,3,3,2,4,3,3,1,1,4,2,3,1,4,4,4,3,2,4,3,2,1,3,4,1,2,2,1,2,3,3,1,4,3,3,2,2,1,1,2,3,3,4,4,2,1,1,3,1,1,3,2,3,4,1,3,1,4,2,4,1,1,1,1,4,1,3,1,1,3,1,4,2,2,1,2,2,4,1,2,4,3,1,3,2,1,2,2,3,3,2,1,2,4,1,4,2,1,1,4,1,1,4,4,2,4,2,4,3,2,2,4,3,2,3,1,2,4,3,4,1,3,1,2,4,4,2,2,2,1,2,2,1,4,2,1,2,1,4,2,1,2,4,1,2,1,2,1,1,4,2,1,2,1,2,4,4,3,4,1,2,1,1,2,2,2,2,2,4,4,3,3,2,4,2,3,4,3,2,2,2,3,2,1,3,2,1,1,1,3,1,3,2,3,1,4,3,4,1,1,3,1,3,2,1,3,1,1,2"
75,0.9882627241940299,0.5,2136.0,"4,2,1,1,2,2,3,1,2,1,4,4,4,1,2,2,4,1,1,2,1,2,4,1,3,1,2,2,4,1,1,2,3,3,1,2,4,1,2,4,1,2,2,2,2,2,3,2,1,2,4,4,3,2,1,4,2,2,1,4,4,4,3,1,3,3,3,2,3,2,1,2,2,3,4,2,3,3,3,1,2,1,4,1,2,3,1,2,1,2,1,2,2,2,3,4,1,1,3,1,2,2,3,2,2,4,1,4,2,1,1,1,3,3,1,2,3,4,4,1,3,2,2,3,2,2,3,2,4,1,2,2,1,1,1,2,3,4,2,2,4,3,2,3,4,4,2,1,1,1,1,1,1,3,3,4,2,2,2,1,4,1,1,3,1,3,3,1,1,4,1,2,2,2,1,3,3,1,4,1,3,2,3,2,3,2,1,2,4,1,4,2,3,3,3,3,2,3,1,4,1,4,1,3,4,4,1,3,2,2,2,1,2,1,3,2,2,1,2,1,4,4,3,2,3,1,3,2,4,3,3,2,2,1,1,3,1,3,3,2,2,1,2,3,2,2,3,2,3,3,3,4,1,1,3,1,1,1,4,2,3,4,1,1,2,1,3,2,1,3,4,2,4,1,3,2,4,1,1,4,4,1,1,4,2,2,2,4,2,4,1,1,1,4,1,4,2,1,2,3,2,2,1,2,3,2,4,1,1,1,1,1,1,1,2,3,1,4,2,2,4,2,1,3,2,1,1,3,2,2,3,3,2,3,1,4,1,4,2,1,1,2,3,1,4,2,2,3,3,2,4,2,4,2,3,1,1,2,4,3,4,3,1,2,3,3,4,4,1,3,2,1,2,3,2,3,3,2,1,3,2,4,2,3,3,2,1,1,2,1,1,4,3,3,1,2,3,1,2,2,1,1,2,2,4,1,2,3,4,3,3,2,2,1,1,4,3,2,1,4,3,1,3,3,3,2,1,2,4,3,3,1,1,2,3,1,3,3,2,4,1,2,2,1,3,3,2,1,2,4,2,4,1,3,1,1,1,4,2,1,4,3,3,2,2,1,2,1,4,4,2,2,2,1,1,1,1,4,1,3,1,2,2,3,1,3,4,1,4,1,4,1,1,1,1,2,3,1,1,2,4,2,4,4,2,1,3,1,1,3,3,1,3,1,4,2,4,3,3,1,4,2,4,4,4,2,1,3,1,3,3,3,1,1,2,4,4,1,3,3,2,2,2,3,1,4,1,3,2,1,3,3,4,2,3,3,2,1,2,2,3,4,3,2,1,2,3,1,2,1,4,2,1,4,2,1,4,3,2,1,2,3,1,3,1,2,1,1,1,1,2,1,3,1,1,4,1,3,3,2,2,4,3,4,4,2,4,4,2,1,4,4,4,3,1,2,4,3,3,2,1,3,2,1,4,4,2,2,1,1,3,4,4,2,2,1,4,1,2,3,2,1,3,4,4,3,4,4,1,1,2,3,1,1,1,1,2,2,1,3,1,3,1,4,2,1,1,4,2,4,3,2,1,4,2,3,1,3,2,2,2,1,1,2,2,4,2,2,2,2,2,1,2,3,2,3,1,1,3,4,2,2,2,4,3,3,1,2,2,3,2,3,3,1,2,2,4,4,1,4,4,1,2,4,1,3,3,3,2,3,3,1,1,2,4,3,3,4,2,4,1,2,4,1,4,3,1,1,1,4,4,1,2,2,2,2,2,1,1,1,1,1,1,4,2,2,3,4,4,1,2,3,2,4,1,2,2,3,2,1,1,2,2,1,1,2,3,1,2,1,4,4,1,2,4,2,1,1,2,1,3,3,4,2,2,1,2,4,1,2,2,1,2,1,2,3,1,3,2,3,4,2,1,3,2,3,2,1,2,2,4,4,1,1,4,3,3,2,4,2,4,1,2,3,3,1,3,2,1,3,1,1,2,2,4,2,1,1,1,3,2,4,4,4,1,3,1,4,2,1,3,2,1,1,1,1,4,3,1,1,2,2,3,4,3,2,4,2,1,1,1,1,3,1,1,2,1,1,4,2,4,2,1,3,3,1,2,1,2,1,4,4,2,4,1,4,1,2,2,1,4,1,2,3,2,4,1,2,3,2,1,4,2,2,3,2,3,1,2,1,2,3,2,2,2,3,2,4,1,4,2,3,2,2,2,3,2,4,3,1,1,2,1,1,1,2,1,2,3,2,1,1,1,1,2,1,2,3,2,4,1,1,4,4,3,2,4,3,1,3,2,1,2,3,3,3,3,4,3,1,1,1,3,1,2,1,4,4,3,2,4,3,4,4,1,2,1,2,4,4,3,2,1,3,1,4,3,3,1,3,2,2,2,1,4,1,4,1,4,1,1,4,1,1,3,2,4,2,4,2,3,2,2,3,4,4,3,2,2,4,1,2,1,3,3,1,1,4,1,1,2,3,4,4,3,1,1,2,2,4,1,1,4,2,3,4,3,4,3,2,1,3,2,2,2,1,1,3,2,2,3,2,1,2,3,4,3,1,3,4,2,4,3,4,1,3,1,1,2,4,2,2,4,4,3,1,4,2,3,1,4,1,2,3,3,1,4,2,1,3,2,3,1,1,2,1,1,2,1,3,3,2,4,2,2,2,3,2,3,3,2,2,2,2,4,1,1,1,1,2,1,2,1,4,2,2,2,1,1,1,2,4,1,4,2,2,3,4,1,1,1,4,4,2,2,3,3,3,3,1,2,1,2,4,4,2,2,3,2,1,1,1,1,2,3,1,2,3,4,3,4,1,1,3,1,4,4,3,2,1,4,1,2,2,1,2,1,4,1,3,1,1,4,4,1,4,4,1,1,1,3,1,2,1,1,1,1,2,1,3,2,4,4,1,2,4,2,1,1,4,2,4,4,3,3,2,1,2,3,2,1,1,1,2,3,3,4,2,1,4,2,3,2,2,4,4,1,1,2,3,1,2,3,4,2,1,2,1,2,1,4,2,2,3,3,1,4,2,1,2,3,1,1,4,1,3,3,1,2,4,1,4,1,2,1,1,1,2,2,3,3,1,1,4,2,2,4,2,1,1,2,2,1,2,4,3,2,3,3,4,4,1,4,4,3,2,4,3,1,1,3,2,4,2,2,1,1,4,4,2,1,1,3,3,3,3,1,3,2,2,2,2,1,1,3,2,4,4,1,2,3,1,3,1,1,3,1,4,1,1,2,1,3,1,2,2,4,1,1,4,1,4,4,2,1,1,2,3,1,1,1,1,2,3,4,3,2,3,3,1,2,4,2,3,1,2,2,2,4,3,2,2,2,4,1,1,1,2,4,2,1,4,2,1,1,1,2,1,2,1,2,3,3,3,2,4,3,3,1,1,4,2,3,1,4,4,4,3,2,4,3,2,1,3,4,1,2,2,1,2,3,3,1,4,3,3,2,2,1,1,2,3,3,4,4,2,1,1,3,1,1,3,2,3,4,1,3,1,4,2,4,1,1,1,1,4,1,3,1,1,3,1,4,2,2,1,2,2,4,1,2,4,3,1,3,2,1,2,2,3,3,2,1,2,4,1,4,2,1,1,4,1,1,4,4,2,4,2,4,3,2,2,4,3,2,3,1,2,4,3,4,1,3,1,2,4,4,2,2,2,1,2,2,1,4,2,1,2,1,4,2,1,2,4,1,2,1,2,1,1,4,2,1,2,1,2,4,4,3,4,1,2,1,1,2,2,2,2,2,4,4,3,3,2,4,2,3,4,3,2,2,2,3,2,1,3,2,1,1,1,3,1,3,2,3,1,4,3,4,1,1,3,1,3,2,1,3,1,1,2"
76,0.9882627241940299,0.5,2136.0,"4,2,1,1,2,2,3,1,2,1,4,4,4,1,2,2,4,1,1,2,1,2,4,1,3,1,2,2,4,1,1,2,3,3,1,2,4,1,2,4,1,2,2,2,2,2,3,2,1,2,4,4,3,2,1,4,2,2,1,4,4,4,3,1,3,3,3,2,3,2,1,2,2,3,4,2,3,3,3,1,2,1,4,1,2,3,1,2,1,2,1,2,2,2,3,4,1,1,3,1,2,2,3,2,2,4,1,4,2,1,1,1,3,3,1,2,3,4,4,1,3,2,2,3,2,2,3,2,4,1,2,2,1,1,1,2,3,4,2,2,4,3,2,3,4,4,2,1,1,1,1,1,1,3,3,4,2,2,2,1,4,1,1,3,1,3,3,1,1,4,1,2,2,2,1,3,3,1,4,1,3,2,3,2,3,2,1,2,4,1,4,2,3,3,3,3,2,3,1,4,1,4,1,3,4,4,1,3,2,2,2,1,2,1,3,2,2,1,2,1,4,4,3,2,3,1,3,2,4,3,3,2,2,1,1,3,1,3,3,2,2,1,2,3,2,2,3,2,3,3,3,4,1,1,3,1,1,1,4,2,3,4,1,1,2,1,3,2,1,3,4,2,4,1,3,2,4,1,1,4,4,1,1,4,2,2,2,4,2,4,1,1,1,4,1,4,2,1,2,3,2,2,1,2,3,2,4,1,1,1,1,1,1,1,2,3,1,4,2,2,4,2,1,3,2,1,1,3,2,2,3,3,2,3,1,4,1,4,2,1,1,2,3,1,4,2,2,3,3,2,4,2,4,2,3,1,1,2,4,3,4,3,1,2,3,3,4,4,1,3,2,1,2,3,2,3,3,2,1,3,2,4,2,3,3,2,1,1,2,1,1,4,3,3,1,2,3,1,2,2,1,1,2,2,4,1,2,3,4,3,3,2,2,1,1,4,3,2,1,4,3,1,3,3,3,2,1,2,4,3,3,1,1,2,3,1,3,3,2,4,1,2,2,1,3,3,2,1,2,4,2,4,1,3,1,1,1,4,2,1,4,3,3,2,2,1,2,1,4,4,2,2,2,1,1,1,1,4,1,3,1,2,2,3,1,3,4,1,4,1,4,1,1,1,1,2,3,1,1,2,4,2,4,4,2,1,3,1,1,3,3,1,3,1,4,2,4,3,3,1,4,2,4,4,4,2,1,3,1,3,3,3,1,1,2,4,4,1,3,3,2,2,2,3,1,4,1,3,2,1,3,3,4,2,3,3,2,1,2,2,3,4,3,2,1,2,3,1,2,1,4,2,1,4,2,1,4,3,2,1,2,3,1,3,1,2,1,1,1,1,2,1,3,1,1,4,1,3,3,2,2,4,3,4,4,2,4,4,2,1,4,4,4,3,1,2,4,3,3,2,1,3,2,1,4,4,2,2,1,1,3,4,4,2,2,1,4,1,2,3,2,1,3,4,4,3,4,4,1,1,2,3,1,1,1,1,2,2,1,3,1,3,1,4,2,1,1,4,2,4,3,2,1,4,2,3,1,3,2,2,2,1,1,2,2,4,2,2,2,2,2,1,2,3,2,3,1,1,3,4,2,2,2,4,3,3,1,2,2,3,2,3,3,1,2,2,4,4,1,4,4,1,2,4,1,3,3,3,2,3,3,1,1,2,4,3,3,4,2,4,1,2,4,1,4,3,1,1,1,4,4,1,2,2,2,2,2,1,1,1,1,1,1,4,2,2,3,4,4,1,2,3,2,4,1,2,2,3,2,1,1,2,2,1,1,2,3,1,2,1,4,4,1,2,4,2,1,1,2,1,3,3,4,2,2,1,2,4,1,2,2,1,2,1,2,3,1,3,2,3,4,2,1,3,2,3,2,1,2,2,4,4,1,1,4,3,3,2,4,2,4,1,2,3,3,1,3,2,1,3,1,1,2,2,4,2,1,1,1,3,2,4,4,4,1,3,1,4,2,1,3,2,1,1,1,1,4,3,1,1,2,2,3,4,3,2,4,2,1,1,1,1,3,1,1,2,1,1,4,2,4,2,1,3,3,1,2,1,2,1,4,4,2,4,1,4,1,2,2,1,4,1,2,3,2,4,1,2,3,2,1,4,2,2,3,2,3,1,2,1,2,3,2,2,2,3,2,4,1,4,2,3,2,2,2,3,2,4,3,1,1,2,1,1,1,2,1,2,3,2,1,1,1,1,2,1,2,3,2,4,1,1,4,4,3,2,4,3,1,3,2,1,2,3,3,3,3,4,3,1,1,1,3,1,2,1,4,4,3,2,4,3,4,4,1,2,1,2,4,4,3,2,1,3,1,4,3,3,1,3,2,2,2,1,4,1,4,1,4,1,1,4,1,1,3,2,4,2,4,2,3,2,2,3,4,4,3,2,2,4,1,2,1,3,3,1,1,4,1,1,2,3,4,4,3,1,1,2,2,4,1,1,4,2,3,4,3,4,3,2,1,3,2,2,2,1,1,3,2,2,3,2,1,2,3,4,3,1,3,4,2,4,3,4,1,3,1,1,2,4,2,2,4,4,3,1,4,2,3,1,4,1,2,3,3,1,4,2,1,3,2,3,1,1,2,1,1,2,1,3,3,2,4,2,2,2,3,2,3,3,2,2,2,2,4,1,1,1,1,2,1,2,1,4,2,2,2,1,1,1,2,4,1,4,2,2,3,4,1,1,1,4,4,2,2,3,3,3,3,1,2,1,2,4,4,2,2,3,2,1,1,1,1,2,3,1,2,3,4,3,4,1,1,3,1,4,4,3,2,1,4,1,2,2,1,2,1,4,1,3,1,1,4,4,1,4,4,1,1,1,3,1,2,1,1,1,1,2,1,3,2,4,4,1,2,4,2,1,1,4,2,4,4,3,3,2,1,2,3,2,1,1,1,2,3,3,4,2,1,4,2,3,2,2,4,4,1,1,2,3,1,2,3,4,2,1,2,1,2,1,4,2,2,3,3,1,4,2,1,2,3,1,1,4,1,3,3,1,2,4,1,4,1,2,1,1,1,2,2,3,3,1,1,4,2,2,4,2,1,1,2,2,1,2,4,3,2,3,3,4,4,1,4,4,3,2,4,3,1,1,3,2,4,2,2,1,1,4,4,2,1,1,3,3,3,3,1,3,2,2,2,2,1,1,3,2,4,4,1,2,3,1,3,1,1,3,1,4,1,1,2,1,3,1,2,2,4,1,1,4,1,4,4,2,1,1,2,3,1,1,1,1,2,3,4,3,2,3,3,1,2,4,2,3,1,2,2,2,4,3,2,2,2,4,1,1,1,2,4,2,1,4,2,1,1,1,2,1,2,1,2,3,3,3,2,4,3,3,1,1,4,2,3,1,4,4,4,3,2,4,3,2,1,3,4,1,2,2,1,2,3,3,1,4,3,3,2,2,1,1,2,3,3,4,4,2,1,1,3,1,1,3,2,3,4,1,3,1,4,2,4,1,1,1,1,4,1,3,1,1,3,1,4,2,2,1,2,2,4,1,2,4,3,1,3,2,1,2,2,3,3,2,1,2,4,1,4,2,1,1,4,1,1,4,4,2,4,2,4,3,2,2,4,3,2,3,1,2,4,3,4,1,3,1,2,4,4,2,2,2,1,2,2,1,4,2,1,2,1,4,2,1,2,4,1,2,1,2,1,1,4,2,1,2,1,2,4,4,3,4,1,2,1,1,2,2,2,2,2,4,4,3,3,2,4,2,3,4,3,2,2,2,3,2,1,3,2,1,1,1,3,1,3,2,3,1,4,3,4,1,1,3,1,3,2,1,3,1,1,2"
77,0.9882627241940299,0.5,2136.0,"4,2,1,1,2,2,3,1,2,1,4,4,4,1,2,2,4,1,1,2,1,2,4,1,3,1,2,2,4,1,1,2,3,3,1,2,4,1,2,4,1,2,2,2,2,2,3,2,1,2,4,4,3,2,1,4,2,2,1,4,4,4,3,1,3,3,3,2,3,2,1,2,2,3,4,2,3,3,3,1,2,1,4,1,2,3,1,2,1,2,1,2,2,2,3,4,1,1,3,1,2,2,3,2,2,4,1,4,2,1,1,1,3,3,1,2,3,4,4,1,3,2,2,3,2,2,3,2,4,1,2,2,1,1,1,2,3,4,2,2,4,3,2,3,4,4,2,1,1,1,1,1,1,3,3,4,2,2,2,1,4,1,1,3,1,3,3,1,1,4,1,2,2,2,1,3,3,1,4,1,3,2,3,2,3,2,1,2,4,1,4,2,3,3,3,3,2,3,1,4,1,4,1,3,4,4,1,3,2,2,2,1,2,1,3,2,2,1,2,1,4,4,3,2,3,1,3,2,4,3,3,2,2,1,1,3,1,3,3,2,2,1,2,3,2,2,3,2,3,3,3,4,1,1,3,1,1,1,4,2,3,4,1,1,2,1,3,2,1,3,4,2,4,1,3,2,4,1,1,4,4,1,1,4,2,2,2,4,2,4,1,1,1,4,1,4,2,1,2,3,2,2,1,2,3,2,4,1,1,1,1,1,1,1,2,3,1,4,2,2,4,2,1,3,2,1,1,3,2,2,3,3,2,3,1,4,1,4,2,1,1,2,3,1,4,2,2,3,3,2,4,2,4,2,3,1,1,2,4,3,4,3,1,2,3,3,4,4,1,3,2,1,2,3,2,3,3,2,1,3,2,4,2,3,3,2,1,1,2,1,1,4,3,3,1,2,3,1,2,2,1,1,2,2,4,1,2,3,4,3,3,2,2,1,1,4,3,2,1,4,3,1,3,3,3,2,1,2,4,3,3,1,1,2,3,1,3,3,2,4,1,2,2,1,3,3,2,1,2,4,2,4,1,3,1,1,1,4,2,1,4,3,3,2,2,1,2,1,4,4,2,2,2,1,1,1,1,4,1,3,1,2,2,3,1,3,4,1,4,1,4,1,1,1,1,2,3,1,1,2,4,2,4,4,2,1,3,1,1,3,3,1,3,1,4,2,4,3,3,1,4,2,4,4,4,2,1,3,1,3,3,3,1,1,2,4,4,1,3,3,2,2,2,3,1,4,1,3,2,1,3,3,4,2,3,3,2,1,2,2,3,4,3,2,1,2,3,1,2,1,4,2,1,4,2,1,4,3,2,1,2,3,1,3,1,2,1,1,1,1,2,1,3,1,1,4,1,3,3,2,2,4,3,4,4,2,4,4,2,1,4,4,4,3,1,2,4,3,3,2,1,3,2,1,4,4,2,2,1,1,3,4,4,2,2,1,4,1,2,3,2,1,3,4,4,3,4,4,1,1,2,3,1,1,1,1,2,2,1,3,1,3,1,4,2,1,1,4,2,4,3,2,1,4,2,3,1,3,2,2,2,1,1,2,2,4,2,2,2,2,2,1,2,3,2,3,1,1,3,4,2,2,2,4,3,3,1,2,2,3,2,3,3,1,2,2,4,4,1,4,4,1,2,4,1,3,3,3,2,3,3,1,1,2,4,3,3,4,2,4,1,2,4,1,4,3,1,1,1,4,4,1,2,2,2,2,2,1,1,1,1,1,1,4,2,2,3,4,4,1,2,3,2,4,1,2,2,3,2,1,1,2,2,1,1,2,3,1,2,1,4,4,1,2,4,2,1,1,2,1,3,3,4,2,2,1,2,4,1,2,2,1,2,1,2,3,1,3,2,3,4,2,1,3,2,3,2,1,2,2,4,4,1,1,4,3,3,2,4,2,4,1,2,3,3,1,3,2,1,3,1,1,2,2,4,2,1,1,1,3,2,4,4,4,1,3,1,4,2,1,3,2,1,1,1,1,4,3,1,1,2,2,3,4,3,2,4,2,1,1,1,1,3,1,1,2,1,1,4,2,4,2,1,3,3,1,2,1,2,1,4,4,2,4,1,4,1,2,2,1,4,1,2,3,2,4,1,2,3,2,1,4,2,2,3,2,3,1,2,1,2,3,2,2,2,3,2,4,1,4,2,3,2,2,2,3,2,4,3,1,1,2,1,1,1,2,1,2,3,2,1,1,1,1,2,1,2,3,2,4,1,1,4,4,3,2,4,3,1,3,2,1,2,3,3,3,3,4,3,1,1,1,3,1,2,1,4,4,3,2,4,3,4,4,1,2,1,2,4,4,3,2,1,3,1,4,3,3,1,3,2,2,2,1,4,1,4,1,4,1,1,4,1,1,3,2,4,2,4,2,3,2,2,3,4,4,3,2,2,4,1,2,1,3,3,1,1,4,1,1,2,3,4,4,3,1,1,2,2,4,1,1,4,2,3,4,3,4,3,2,1,3,2,2,2,1,1,3,2,2,3,2,1,2,3,4,3,1,3,4,2,4,3,4,1,3,1,1,2,4,2,2,4,4,3,1,4,2,3,1,4,1,2,3,3,1,4,2,1,3,2,3,1,1,2,1,1,2,1,3,3,2,4,2,2,2,3,2,3,3,2,2,2,2,4,1,1,1,1,2,1,2,1,4,2,2,2,1,1,1,2,4,1,4,2,2,3,4,1,1,1,4,4,2,2,3,3,3,3,1,2,1,2,4,4,2,2,3,2,1,1,1,1,2,3,1,2,3,4,3,4,1,1,3,1,4,4,3,2,1,4,1,2,2,1,2,1,4,1,3,1,1,4,4,1,4,4,1,1,1,3,1,2,1,1,1,1,2,1,3,2,4,4,1,2,4,2,1,1,4,2,4,4,3,3,2,1,2,3,2,1,1,1,2,3,3,4,2,1,4,2,3,2,2,4,4,1,1,2,3,1,2,3,4,2,1,2,1,2,1,4,2,2,3,3,1,4,2,1,2,3,1,1,4,1,3,3,1,2,4,1,4,1,2,1,1,1,2,2,3,3,1,1,4,2,2,4,2,1,1,2,2,1,2,4,3,2,3,3,4,4,1,4,4,3,2,4,3,1,1,3,2,4,2,2,1,1,4,4,2,1,1,3,3,3,3,1,3,2,2,2,2,1,1,3,2,4,4,1,2,3,1,3,1,1,3,1,4,1,1,2,1,3,1,2,2,4,1,1,4,1,4,4,2,1,1,2,3,1,1,1,1,2,3,4,3,2,3,3,1,2,4,2,3,1,2,2,2,4,3,2,2,2,4,1,1,1,2,4,2,1,4,2,1,1,1,2,1,2,1,2,3,3,3,2,4,3,3,1,1,4,2,3,1,4,4,4,3,2,4,3,2,1,3,4,1,2,2,1,2,3,3,1,4,3,3,2,2,1,1,2,3,3,4,4,2,1,1,3,1,1,3,2,3,4,1,3,1,4,2,4,1,1,1,1,4,1,3,1,1,3,1,4,2,2,1,2,2,4,1,2,4,3,1,3,2,1,2,2,3,3,2,1,2,4,1,4,2,1,1,4,1,1,4,4,2,4,2,4,3,2,2,4,3,2,3,1,2,4,3,4,1,3,1,2,4,4,2,2,2,1,2,2,1,4,2,1,2,1,4,2,1,2,4,1,2,1,2,1,1,4,2,1,2,1,2,4,4,3,4,1,2,1,1,2,2,2,2,2,4,4,3,3,2,4,2,3,4,3,2,2,2,3,2,1,3,2,1,1,1,3,1,3,2,3,1,4,3,4,1,1,3,1,3,2,1,3,1,1,2"
78,0.9882627241940299,0.5,2136.0,"4,2,1,1,2,2,3,1,2,1,4,4,4,1,2,2,4,1,1,2,1,2,4,1,3,1,2,2,4,1,1,2,3,3,1,2,4,1,2,4,1,2,2,2,2,2,3,2,1,2,4,4,3,2,1,4,2,2,1,4,4,4,3,1,3,3,3,2,3,2,1,2,2,3,4,2,3,3,3,1,2,1,4,1,2,3,1,2,1,2,1,2,2,2,3,4,1,1,3,1,2,2,3,2,2,4,1,4,2,1,1,1,3,3,1,2,3,4,4,1,3,2,2,3,2,2,3,2,4,1,2,2,1,1,1,2,3,4,2,2,4,3,2,3,4,4,2,1,1,1,1,1,1,3,3,4,2,2,2,1,4,1,1,3,1,3,3,1,1,4,1,2,2,2,1,3,3,1,4,1,3,2,3,2,3,2,1,2,4,1,4,2,3,3,3,3,2,3,1,4,1,4,1,3,4,4,1,3,2,2,2,1,2,1,3,2,2,1,2,1,4,4,3,2,3,1,3,2,4,3,3,2,2,1,1,3,1,3,3,2,2,1,2,3,2,2,3,2,3,3,3,4,1,1,3,1,1,1,4,2,3,4,1,1,2,1,3,2,1,3,4,2,4,1,3,2,4,1,1,4,4,1,1,4,2,2,2,4,2,4,1,1,1,4,1,4,2,1,2,3,2,2,1,2,3,2,4,1,1,1,1,1,1,1,2,3,1,4,2,2,4,2,1,3,2,1,1,3,2,2,3,3,2,3,1,4,1,4,2,1,1,2,3,1,4,2,2,3,3,2,4,2,4,2,3,1,1,2,4,3,4,3,1,2,3,3,4,4,1,3,2,1,2,3,2,3,3,2,1,3,2,4,2,3,3,2,1,1,2,1,1,4,3,3,1,2,3,1,2,2,1,1,2,2,4,1,2,3,4,3,3,2,2,1,1,4,3,2,1,4,3,1,3,3,3,2,1,2,4,3,3,1,1,2,3,1,3,3,2,4,1,2,2,1,3,3,2,1,2,4,2,4,1,3,1,1,1,4,2,1,4,3,3,2,2,1,2,1,4,4,2,2,2,1,1,1,1,4,1,3,1,2,2,3,1,3,4,1,4,1,4,1,1,1,1,2,3,1,1,2,4,2,4,4,2,1,3,1,1,3,3,1,3,1,4,2,4,3,3,1,4,2,4,4,4,2,1,3,1,3,3,3,1,1,2,4,4,1,3,3,2,2,2,3,1,4,1,3,2,1,3,3,4,2,3,3,2,1,2,2,3,4,3,2,1,2,3,1,2,1,4,2,1,4,2,1,4,3,2,1,2,3,1,3,1,2,1,1,1,1,2,1,3,1,1,4,1,3,3,2,2,4,3,4,4,2,4,4,2,1,4,4,4,3,1,2,4,3,3,2,1,3,2,1,4,4,2,2,1,1,3,4,4,2,2,1,4,1,2,3,2,1,3,4,4,3,4,4,1,1,2,3,1,1,1,1,2,2,1,3,1,3,1,4,2,1,1,4,2,4,3,2,1,4,2,3,1,3,2,2,2,1,1,2,2,4,2,2,2,2,2,1,2,3,2,3,1,1,3,4,2,2,2,4,3,3,1,2,2,3,2,3,3,1,2,2,4,4,1,4,4,1,2,4,1,3,3,3,2,3,3,1,1,2,4,3,3,4,2,4,1,2,4,1,4,3,1,1,1,4,4,1,2,2,2,2,2,1,1,1,1,1,1,4,2,2,3,4,4,1,2,3,2,4,1,2,2,3,2,1,1,2,2,1,1,2,3,1,2,1,4,4,1,2,4,2,1,1,2,1,3,3,4,2,2,1,2,4,1,2,2,1,2,1,2,3,1,3,2,3,4,2,1,3,2,3,2,1,2,2,4,4,1,1,4,3,3,2,4,2,4,1,2,3,3,1,3,2,1,3,1,1,2,2,4,2,1,1,1,3,2,4,4,4,1,3,1,4,2,1,3,2,1,1,1,1,4,3,1,1,2,2,3,4,3,2,4,2,1,1,1,1,3,1,1,2,1,1,4,2,4,2,1,3,3,1,2,1,2,1,4,4,2,4,1,4,1,2,2,1,4,1,2,3,2,4,1,2,3,2,1,4,2,2,3,2,3,1,2,1,2,3,2,2,2,3,2,4,1,4,2,3,2,2,2,3,2,4,3,1,1,2,1,1,1,2,1,2,3,2,1,1,1,1,2,1,2,3,2,4,1,1,4,4,3,2,4,3,1,3,2,1,2,3,3,3,3,4,3,1,1,1,3,1,2,1,4,4,3,2,4,3,4,4,1,2,1,2,4,4,3,2,1,3,1,4,3,3,1,3,2,2,2,1,4,1,4,1,4,1,1,4,1,1,3,2,4,2,4,2,3,2,2,3,4,4,3,2,2,4,1,2,1,3,3,1,1,4,1,1,2,3,4,4,3,1,1,2,2,4,1,1,4,2,3,4,3,4,3,2,1,3,2,2,2,1,1,3,2,2,3,2,1,2,3,4,3,1,3,4,2,4,3,4,1,3,1,1,2,4,2,2,4,4,3,1,4,2,3,1,4,1,2,3,3,1,4,2,1,3,2,3,1,1,2,1,1,2,1,3,3,2,4,2,2,2,3,2,3,3,2,2,2,2,4,1,1,1,1,2,1,2,1,4,2,2,2,1,1,1,2,4,1,4,2,2,3,4,1,1,1,4,4,2,2,3,3,3,3,1,2,1,2,4,4,2,2,3,2,1,1,1,1,2,3,1,2,3,4,3,4,1,1,3,1,4,4,3,2,1,4,1,2,2,1,2,1,4,1,3,1,1,4,4,1,4,4,1,1,1,3,1,2,1,1,1,1,2,1,3,2,4,4,1,2,4,2,1,1,4,2,4,4,3,3,2,1,2,3,2,1,1,1,2,3,3,4,2,1,4,2,3,2,2,4,4,1,1,2,3,1,2,3,4,2,1,2,1,2,1,4,2,2,3,3,1,4,2,1,2,3,1,1,4,1,3,3,1,2,4,1,4,1,2,1,1,1,2,2,3,3,1,1,4,2,2,4,2,1,1,2,2,1,2,4,3,2,3,3,4,4,1,4,4,3,2,4,3,1,1,3,2,4,2,2,1,1,4,4,2,1,1,3,3,3,3,1,3,2,2,2,2,1,1,3,2,4,4,1,2,3,1,3,1,1,3,1,4,1,1,2,1,3,1,2,2,4,1,1,4,1,4,4,2,1,1,2,3,1,1,1,1,2,3,4,3,2,3,3,1,2,4,2,3,1,2,2,2,4,3,2,2,2,4,1,1,1,2,4,2,1,4,2,1,1,1,2,1,2,1,2,3,3,3,2,4,3,3,1,1,4,2,3,1,4,4,4,3,2,4,3,2,1,3,4,1,2,2,1,2,3,3,1,4,3,3,2,2,1,1,2,3,3,4,4,2,1,1,3,1,1,3,2,3,4,1,3,1,4,2,4,1,1,1,1,4,1,3,1,1,3,1,4,2,2,1,2,2,4,1,2,4,3,1,3,2,1,2,2,3,3,2,1,2,4,1,4,2,1,1,4,1,1,4,4,2,4,2,4,3,2,2,4,3,2,3,1,2,4,3,4,1,3,1,2,4,4,2,2,2,1,2,2,1,4,2,1,2,1,4,2,1,2,4,1,2,1,2,1,1,4,2,1,2,1,2,4,4,3,4,1,2,1,1,2,2,2,2,2,4,4,3,3,2,4,2,3,4,3,2,2,2,3,2,1,3,2,1,1,1,3,1,3,2,3,1,4,3,4,1,1,3,1,3,2,1,3,1,1,2"
79,0.9882627241940299,0.5,2136.0,"4,2,1,1,2,2,3,1,2,1,4,4,4,1,2,2,4,1,1,2,1,2,4,1,3,1,2,2,4,1,1,2,3,3,1,2,4,1,2,4,1,2,2,2,2,2,3,2,1,2,4,4,3,2,1,4,2,2,1,4,4,4,3,1,3,3,3,2,3,2,1,2,2,3,4,2,3,3,3,1,2,1,4,1,2,3,1,2,1,2,1,2,2,2,3,4,1,1,3,1,2,2,3,2,2,4,1,4,2,1,1,1,3,3,1,2,3,4,4,1,3,2,2,3,2,2,3,2,4,1,2,2,1,1,1,2,3,4,2,2,4,3,2,3,4,4,2,1,1,1,1,1,1,3,3,4,2,2,2,1,4,1,1,3,1,3,3,1,1,4,1,2,2,2,1,3,3,1,4,1,3,2,3,2,3,2,1,2,4,1,4,2,3,3,3,3,2,3,1,4,1,4,1,3,4,4,1,3,2,2,2,1,2,1,3,2,2,1,2,1,4,4,3,2,3,1,3,2,4,3,3,2,2,1,1,3,1,3,3,2,2,1,2,3,2,2,3,2,3,3,3,4,1,1,3,1,1,1,4,2,3,4,1,1,2,1,3,2,1,3,4,2,4,1,3,2,4,1,1,4,4,1,1,4,2,2,2,4,2,4,1,1,1,4,1,4,2,1,2,3,2,2,1,2,3,2,4,1,1,1,1,1,1,1,2,3,1,4,2,2,4,2,1,3,2,1,1,3,2,2,3,3,2,3,1,4,1,4,2,1,1,2,3,1,4,2,2,3,3,2,4,2,4,2,3,1,1,2,4,3,4,3,1,2,3,3,4,4,1,3,2,1,2,3,2,3,3,2,1,3,2,4,2,3,3,2,1,1,2,1,1,4,3,3,1,2,3,1,2,2,1,1,2,2,4,1,2,3,4,3,3,2,2,1,1,4,3,2,1,4,3,1,3,3,3,2,1,2,4,3,3,1,1,2,3,1,3,3,2,4,1,2,2,1,3,3,2,1,2,4,2,4,1,3,1,1,1,4,2,1,4,3,3,2,2,1,2,1,4,4,2,2,2,1,1,1,1,4,1,3,1,2,2,3,1,3,4,1,4,1,4,1,1,1,1,2,3,1,1,2,4,2,4,4,2,1,3,1,1,3,3,1,3,1,4,2,4,3,3,1,4,2,4,4,4,2,1,3,1,3,3,3,1,1,2,4,4,1,3,3,2,2,2,3,1,4,1,3,2,1,3,3,4,2,3,3,2,1,2,2,3,4,3,2,1,2,3,1,2,1,4,2,1,4,2,1,4,3,2,1,2,3,1,3,1,2,1,1,1,1,2,1,3,1,1,4,1,3,3,2,2,4,3,4,4,2,4,4,2,1,4,4,4,3,1,2,4,3,3,2,1,3,2,1,4,4,2,2,1,1,3,4,4,2,2,1,4,1,2,3,2,1,3,4,4,3,4,4,1,1,2,3,1,1,1,1,2,2,1,3,1,3,1,4,2,1,1,4,2,4,3,2,1,4,2,3,1,3,2,2,2,1,1,2,2,4,2,2,2,2,2,1,2,3,2,3,1,1,3,4,2,2,2,4,3,3,1,2,2,3,2,3,3,1,2,2,4,4,1,4,4,1,2,4,1,3,3,3,2,3,3,1,1,2,4,3,3,4,2,4,1,2,4,1,4,3,1,1,1,4,4,1,2,2,2,2,2,1,1,1,1,1,1,4,2,2,3,4,4,1,2,3,2,4,1,2,2,3,2,1,1,2,2,1,1,2,3,1,2,1,4,4,1,2,4,2,1,1,2,1,3,3,4,2,2,1,2,4,1,2,2,1,2,1,2,3,1,3,2,3,4,2,1,3,2,3,2,1,2,2,4,4,1,1,4,3,3,2,4,2,4,1,2,3,3,1,3,2,1,3,1,1,2,2,4,2,1,1,1,3,2,4,4,4,1,3,1,4,2,1,3,2,1,1,1,1,4,3,1,1,2,2,3,4,3,2,4,2,1,1,1,1,3,1,1,2,1,1,4,2,4,2,1,3,3,1,2,1,2,1,4,4,2,4,1,4,1,2,2,1,4,1,2,3,2,4,1,2,3,2,1,4,2,2,3,2,3,1,2,1,2,3,2,2,2,3,2,4,1,4,2,3,2,2,2,3,2,4,3,1,1,2,1,1,1,2,1,2,3,2,1,1,1,1,2,1,2,3,2,4,1,1,4,4,3,2,4,3,1,3,2,1,2,3,3,3,3,4,3,1,1,1,3,1,2,1,4,4,3,2,4,3,4,4,1,2,1,2,4,4,3,2,1,3,1,4,3,3,1,3,2,2,2,1,4,1,4,1,4,1,1,4,1,1,3,2,4,2,4,2,3,2,2,3,4,4,3,2,2,4,1,2,1,3,3,1,1,4,1,1,2,3,4,4,3,1,1,2,2,4,1,1,4,2,3,4,3,4,3,2,1,3,2,2,2,1,1,3,2,2,3,2,1,2,3,4,3,1,3,4,2,4,3,4,1,3,1,1,2,4,2,2,4,4,3,1,4,2,3,1,4,1,2,3,3,1,4,2,1,3,2,3,1,1,2,1,1,2,1,3,3,2,4,2,2,2,3,2,3,3,2,2,2,2,4,1,1,1,1,2,1,2,1,4,2,2,2,1,1,1,2,4,1,4,2,2,3,4,1,1,1,4,4,2,2,3,3,3,3,1,2,1,2,4,4,2,2,3,2,1,1,1,1,2,3,1,2,3,4,3,4,1,1,3,1,4,4,3,2,1,4,1,2,2,1,2,1,4,1,3,1,1,4,4,1,4,4,1,1,1,3,1,2,1,1,1,1,2,1,3,2,4,4,1,2,4,2,1,1,4,2,4,4,3,3,2,1,2,3,2,1,1,1,2,3,3,4,2,1,4,2,3,2,2,4,4,1,1,2,3,1,2,3,4,2,1,2,1,2,1,4,2,2,3,3,1,4,2,1,2,3,1,1,4,1,3,3,1,2,4,1,4,1,2,1,1,1,2,2,3,3,1,1,4,2,2,4,2,1,1,2,2,1,2,4,3,2,3,3,4,4,1,4,4,3,2,4,3,1,1,3,2,4,2,2,1,1,4,4,2,1,1,3,3,3,3,1,3,2,2,2,2,1,1,3,2,4,4,1,2,3,1,3,1,1,3,1,4,1,1,2,1,3,1,2,2,4,1,1,4,1,4,4,2,1,1,2,3,1,1,1,1,2,3,4,3,2,3,3,1,2,4,2,3,1,2,2,2,4,3,2,2,2,4,1,1,1,2,4,2,1,4,2,1,1,1,2,1,2,1,2,3,3,3,2,4,3,3,1,1,4,2,3,1,4,4,4,3,2,4,3,2,1,3,4,1,2,2,1,2,3,3,1,4,3,3,2,2,1,1,2,3,3,4,4,2,1,1,3,1,1,3,2,3,4,1,3,1,4,2,4,1,1,1,1,4,1,3,1,1,3,1,4,2,2,1,2,2,4,1,2,4,3,1,3,2,1,2,2,3,3,2,1,2,4,1,4,2,1,1,4,1,1,4,4,2,4,2,4,3,2,2,4,3,2,3,1,2,4,3,4,1,3,1,2,4,4,2,2,2,1,2,2,1,4,2,1,2,1,4,2,1,2,4,1,2,1,2,1,1,4,2,1,2,1,2,4,4,3,4,1,2,1,1,2,2,2,2,2,4,4,3,3,2,4,2,3,4,3,2,2,2,3,2,1,3,2,1,1,1,3,1,3,2,3,1,4,3,4,1,1,3,1,3,2,1,3,1,1,2"
80,0.9882627241940299,0.5,2136.0,"4,2,1,1,2,2,3,1,2,1,4,4,4,1,2,2,4,1,1,2,1,2,4,1,3,1,2,2,4,1,1,2,3,3,1,2,4,1,2,4,1,2,2,2,2,2,3,2,1,2,4,4,3,2,1,4,2,2,1,4,4,4,3,1,3,3,3,2,3,2,1,2,2,3,4,2,3,3,3,1,2,1,4,1,2,3,1,2,1,2,1,2,2,2,3,4,1,1,3,1,2,2,3,2,2,4,1,4,2,1,1,1,3,3,1,2,3,4,4,1,3,2,2,3,2,2,3,2,4,1,2,2,1,1,1,2,3,4,2,2,4,3,2,3,4,4,2,1,1,1,1,1,1,3,3,4,2,2,2,1,4,1,1,3,1,3,3,1,1,4,1,2,2,2,1,3,3,1,4,1,3,2,3,2,3,2,1,2,4,1,4,2,3,3,3,3,2,3,1,4,1,4,1,3,4,4,1,3,2,2,2,1,2,1,3,2,2,1,2,1,4,4,3,2,3,1,3,2,4,3,3,2,2,1,1,3,1,3,3,2,2,1,2,3,2,2,3,2,3,3,3,4,1,1,3,1,1,1,4,2,3,4,1,1,2,1,3,2,1,3,4,2,4,1,3,2,4,1,1,4,4,1,1,4,2,2,2,4,2,4,1,1,1,4,1,4,2,1,2,3,2,2,1,2,3,2,4,1,1,1,1,1,1,1,2,3,1,4,2,2,4,2,1,3,2,1,1,3,2,2,3,3,2,3,1,4,1,4,2,1,1,2,3,1,4,2,2,3,3,2,4,2,4,2,3,1,1,2,4,3,4,3,1,2,3,3,4,4,1,3,2,1,2,3,2,3,3,2,1,3,2,4,2,3,3,2,1,1,2,1,1,4,3,3,1,2,3,1,2,2,1,1,2,2,4,1,2,3,4,3,3,2,2,1,1,4,3,2,1,4,3,1,3,3,3,2,1,2,4,3,3,1,1,2,3,1,3,3,2,4,1,2,2,1,3,3,2,1,2,4,2,4,1,3,1,1,1,4,2,1,4,3,3,2,2,1,2,1,4,4,2,2,2,1,1,1,1,4,1,3,1,2,2,3,1,3,4,1,4,1,4,1,1,1,1,2,3,1,1,2,4,2,4,4,2,1,3,1,1,3,3,1,3,1,4,2,4,3,3,1,4,2,4,4,4,2,1,3,1,3,3,3,1,1,2,4,4,1,3,3,2,2,2,3,1,4,1,3,2,1,3,3,4,2,3,3,2,1,2,2,3,4,3,2,1,2,3,1,2,1,4,2,1,4,2,1,4,3,2,1,2,3,1,3,1,2,1,1,1,1,2,1,3,1,1,4,1,3,3,2,2,4,3,4,4,2,4,4,2,1,4,4,4,3,1,2,4,3,3,2,1,3,2,1,4,4,2,2,1,1,3,4,4,2,2,1,4,1,2,3,2,1,3,4,4,3,4,4,1,1,2,3,1,1,1,1,2,2,1,3,1,3,1,4,2,1,1,4,2,4,3,2,1,4,2,3,1,3,2,2,2,1,1,2,2,4,2,2,2,2,2,1,2,3,2,3,1,1,3,4,2,2,2,4,3,3,1,2,2,3,2,3,3,1,2,2,4,4,1,4,4,1,2,4,1,3,3,3,2,3,3,1,1,2,4,3,3,4,2,4,1,2,4,1,4,3,1,1,1,4,4,1,2,2,2,2,2,1,1,1,1,1,1,4,2,2,3,4,4,1,2,3,2,4,1,2,2,3,2,1,1,2,2,1,1,2,3,1,2,1,4,4,1,2,4,2,1,1,2,1,3,3,4,2,2,1,2,4,1,2,2,1,2,1,2,3,1,3,2,3,4,2,1,3,2,3,2,1,2,2,4,4,1,1,4,3,3,2,4,2,4,1,2,3,3,1,3,2,1,3,1,1,2,2,4,2,1,1,1,3,2,4,4,4,1,3,1,4,2,1,3,2,1,1,1,1,4,3,1,1,2,2,3,4,3,2,4,2,1,1,1,1,3,1,1,2,1,1,4,2,4,2,1,3,3,1,2,1,2,1,4,4,2,4,1,4,1,2,2,1,4,1,2,3,2,4,1,2,3,2,1,4,2,2,3,2,3,1,2,1,2,3,2,2,2,3,2,4,1,4,2,3,2,2,2,3,2,4,3,1,1,2,1,1,1,2,1,2,3,2,1,1,1,1,2,1,2,3,2,4,1,1,4,4,3,2,4,3,1,3,2,1,2,3,3,3,3,4,3,1,1,1,3,1,2,1,4,4,3,2,4,3,4,4,1,2,1,2,4,4,3,2,1,3,1,4,3,3,1,3,2,2,2,1,4,1,4,1,4,1,1,4,1,1,3,2,4,2,4,2,3,2,2,3,4,4,3,2,2,4,1,2,1,3,3,1,1,4,1,1,2,3,4,4,3,1,1,2,2,4,1,1,4,2,3,4,3,4,3,2,1,3,2,2,2,1,1,3,2,2,3,2,1,2,3,4,3,1,3,4,2,4,3,4,1,3,1,1,2,4,2,2,4,4,3,1,4,2,3,1,4,1,2,3,3,1,4,2,1,3,2,3,1,1,2,1,1,2,1,3,3,2,4,2,2,2,3,2,3,3,2,2,2,2,4,1,1,1,1,2,1,2,1,4,2,2,2,1,1,1,2,4,1,4,2,2,3,4,1,1,1,4,4,2,2,3,3,3,3,1,2,1,2,4,4,2,2,3,2,1,1,1,1,2,3,1,2,3,4,3,4,1,1,3,1,4,4,3,2,1,4,1,2,2,1,2,1,4,1,3,1,1,4,4,1,4,4,1,1,1,3,1,2,1,1,1,1,2,1,3,2,4,4,1,2,4,2,1,1,4,2,4,4,3,3,2,1,2,3,2,1,1,1,2,3,3,4,2,1,4,2,3,2,2,4,4,1,1,2,3,1,2,3,4,2,1,2,1,2,1,4,2,2,3,3,1,4,2,1,2,3,1,1,4,1,3,3,1,2,4,1,4,1,2,1,1,1,2,2,3,3,1,1,4,2,2,4,2,1,1,2,2,1,2,4,3,2,3,3,4,4,1,4,4,3,2,4,3,1,1,3,2,4,2,2,1,1,4,4,2,1,1,3,3,3,3,1,3,2,2,2,2,1,1,3,2,4,4,1,2,3,1,3,1,1,3,1,4,1,1,2,1,3,1,2,2,4,1,1,4,1,4,4,2,1,1,2,3,1,1,1,1,2,3,4,3,2,3,3,1,2,4,2,3,1,2,2,2,4,3,2,2,2,4,1,1,1,2,4,2,1,4,2,1,1,1,2,1,2,1,2,3,3,3,2,4,3,3,1,1,4,2,3,1,4,4,4,3,2,4,3,2,1,3,4,1,2,2,1,2,3,3,1,4,3,3,2,2,1,1,2,3,3,4,4,2,1,1,3,1,1,3,2,3,4,1,3,1,4,2,4,1,1,1,1,4,1,3,1,1,3,1,4,2,2,1,2,2,4,1,2,4,3,1,3,2,1,2,2,3,3,2,1,2,4,1,4,2,1,1,4,1,1,4,4,2,4,2,4,3,2,2,4,3,2,3,1,2,4,3,4,1,3,1,2,4,4,2,2,2,1,2,2,1,4,2,1,2,1,4,2,1,2,4,1,2,1,2,1,1,4,2,1,2,1,2,4,4,3,4,1,2,1,1,2,2,2,2,2,4,4,3,3,2,4,2,3,4,3,2,2,2,3,2,1,3,2,1,1,1,3,1,3,2,3,1,4,3,4,1,1,3,1,3,2,1,3,1,1,2"
81,0.9882627241940299,0.5,2136.0,"4,2,1,1,2,2,3,1,2,1,4,4,4,1,2,2,4,1,1,2,1,2,4,1,3,1,2,2,4,1,1,2,3,3,1,2,4,1,2,4,1,2,2,2,2,2,3,2,1,2,4,4,3,2,1,4,2,2,1,4,4,4,3,1,3,3,3,2,3,2,1,2,2,3,4,2,3,3,3,1,2,1,4,1,2,3,1,2,1,2,1,2,2,2,3,4,1,1,3,1,2,2,3,2,2,4,1,4,2,1,1,1,3,3,1,2,3,4,4,1,3,2,2,3,2,2,3,2,4,1,2,2,1,1,1,2,3,4,2,2,4,3,2,3,4,4,2,1,1,1,1,1,1,3,3,4,2,2,2,1,4,1,1,3,1,3,3,1,1,4,1,2,2,2,1,3,3,1,4,1,3,2,3,2,3,2,1,2,4,1,4,2,3,3,3,3,2,3,1,4,1,4,1,3,4,4,1,3,2,2,2,1,2,1,3,2,2,1,2,1,4,4,3,2,3,1,3,2,4,3,3,2,2,1,1,3,1,3,3,2,2,1,2,3,2,2,3,2,3,3,3,4,1,1,3,1,1,1,4,2,3,4,1,1,2,1,3,2,1,3,4,2,4,1,3,2,4,1,1,4,4,1,1,4,2,2,2,4,2,4,1,1,1,4,1,4,2,1,2,3,2,2,1,2,3,2,4,1,1,1,1,1,1,1,2,3,1,4,2,2,4,2,1,3,2,1,1,3,2,2,3,3,2,3,1,4,1,4,2,1,1,2,3,1,4,2,2,3,3,2,4,2,4,2,3,1,1,2,4,3,4,3,1,2,3,3,4,4,1,3,2,1,2,3,2,3,3,2,1,3,2,4,2,3,3,2,1,1,2,1,1,4,3,3,1,2,3,1,2,2,1,1,2,2,4,1,2,3,4,3,3,2,2,1,1,4,3,2,1,4,3,1,3,3,3,2,1,2,4,3,3,1,1,2,3,1,3,3,2,4,1,2,2,1,3,3,2,1,2,4,2,4,1,3,1,1,1,4,2,1,4,3,3,2,2,1,2,1,4,4,2,2,2,1,1,1,1,4,1,3,1,2,2,3,1,3,4,1,4,1,4,1,1,1,1,2,3,1,1,2,4,2,4,4,2,1,3,1,1,3,3,1,3,1,4,2,4,3,3,1,4,2,4,4,4,2,1,3,1,3,3,3,1,1,2,4,4,1,3,3,2,2,2,3,1,4,1,3,2,1,3,3,4,2,3,3,2,1,2,2,3,4,3,2,1,2,3,1,2,1,4,2,1,4,2,1,4,3,2,1,2,3,1,3,1,2,1,1,1,1,2,1,3,1,1,4,1,3,3,2,2,4,3,4,4,2,4,4,2,1,4,4,4,3,1,2,4,3,3,2,1,3,2,1,4,4,2,2,1,1,3,4,4,2,2,1,4,1,2,3,2,1,3,4,4,3,4,4,1,1,2,3,1,1,1,1,2,2,1,3,1,3,1,4,2,1,1,4,2,4,3,2,1,4,2,3,1,3,2,2,2,1,1,2,2,4,2,2,2,2,2,1,2,3,2,3,1,1,3,4,2,2,2,4,3,3,1,2,2,3,2,3,3,1,2,2,4,4,1,4,4,1,2,4,1,3,3,3,2,3,3,1,1,2,4,3,3,4,2,4,1,2,4,1,4,3,1,1,1,4,4,1,2,2,2,2,2,1,1,1,1,1,1,4,2,2,3,4,4,1,2,3,2,4,1,2,2,3,2,1,1,2,2,1,1,2,3,1,2,1,4,4,1,2,4,2,1,1,2,1,3,3,4,2,2,1,2,4,1,2,2,1,2,1,2,3,1,3,2,3,4,2,1,3,2,3,2,1,2,2,4,4,1,1,4,3,3,2,4,2,4,1,2,3,3,1,3,2,1,3,1,1,2,2,4,2,1,1,1,3,2,4,4,4,1,3,1,4,2,1,3,2,1,1,1,1,4,3,1,1,2,2,3,4,3,2,4,2,1,1,1,1,3,1,1,2,1,1,4,2,4,2,1,3,3,1,2,1,2,1,4,4,2,4,1,4,1,2,2,1,4,1,2,3,2,4,1,2,3,2,1,4,2,2,3,2,3,1,2,1,2,3,2,2,2,3,2,4,1,4,2,3,2,2,2,3,2,4,3,1,1,2,1,1,1,2,1,2,3,2,1,1,1,1,2,1,2,3,2,4,1,1,4,4,3,2,4,3,1,3,2,1,2,3,3,3,3,4,3,1,1,1,3,1,2,1,4,4,3,2,4,3,4,4,1,2,1,2,4,4,3,2,1,3,1,4,3,3,1,3,2,2,2,1,4,1,4,1,4,1,1,4,1,1,3,2,4,2,4,2,3,2,2,3,4,4,3,2,2,4,1,2,1,3,3,1,1,4,1,1,2,3,4,4,3,1,1,2,2,4,1,1,4,2,3,4,3,4,3,2,1,3,2,2,2,1,1,3,2,2,3,2,1,2,3,4,3,1,3,4,2,4,3,4,1,3,1,1,2,4,2,2,4,4,3,1,4,2,3,1,4,1,2,3,3,1,4,2,1,3,2,3,1,1,2,1,1,2,1,3,3,2,4,2,2,2,3,2,3,3,2,2,2,2,4,1,1,1,1,2,1,2,1,4,2,2,2,1,1,1,2,4,1,4,2,2,3,4,1,1,1,4,4,2,2,3,3,3,3,1,2,1,2,4,4,2,2,3,2,1,1,1,1,2,3,1,2,3,4,3,4,1,1,3,1,4,4,3,2,1,4,1,2,2,1,2,1,4,1,3,1,1,4,4,1,4,4,1,1,1,3,1,2,1,1,1,1,2,1,3,2,4,4,1,2,4,2,1,1,4,2,4,4,3,3,2,1,2,3,2,1,1,1,2,3,3,4,2,1,4,2,3,2,2,4,4,1,1,2,3,1,2,3,4,2,1,2,1,2,1,4,2,2,3,3,1,4,2,1,2,3,1,1,4,1,3,3,1,2,4,1,4,1,2,1,1,1,2,2,3,3,1,1,4,2,2,4,2,1,1,2,2,1,2,4,3,2,3,3,4,4,1,4,4,3,2,4,3,1,1,3,2,4,2,2,1,1,4,4,2,1,1,3,3,3,3,1,3,2,2,2,2,1,1,3,2,4,4,1,2,3,1,3,1,1,3,1,4,1,1,2,1,3,1,2,2,4,1,1,4,1,4,4,2,1,1,2,3,1,1,1,1,2,3,4,3,2,3,3,1,2,4,2,3,1,2,2,2,4,3,2,2,2,4,1,1,1,2,4,2,1,4,2,1,1,1,2,1,2,1,2,3,3,3,2,4,3,3,1,1,4,2,3,1,4,4,4,3,2,4,3,2,1,3,4,1,2,2,1,2,3,3,1,4,3,3,2,2,1,1,2,3,3,4,4,2,1,1,3,1,1,3,2,3,4,1,3,1,4,2,4,1,1,1,1,4,1,3,1,1,3,1,4,2,2,1,2,2,4,1,2,4,3,1,3,2,1,2,2,3,3,2,1,2,4,1,4,2,1,1,4,1,1,4,4,2,4,2,4,3,2,2,4,3,2,3,1,2,4,3,4,1,3,1,2,4,4,2,2,2,1,2,2,1,4,2,1,2,1,4,2,1,2,4,1,2,1,2,1,1,4,2,1,2,1,2,4,4,3,4,1,2,1,1,2,2,2,2,2,4,4,3,3,2,4,2,3,4,3,2,2,2,3,2,1,3,2,1,1,1,3,1,3,2,3,1,4,3,4,1,1,3,1,3,2,1,3,1,1,2"
82,0.9882627241940299,0.5,2136.0,"4,2,1,1,2,2,3,1,2,1,4,4,4,1,2,2,4,1,1,2,1,2,4,1,3,1,2,2,4,1,1,2,3,3,1,2,4,1,2,4,1,2,2,2,2,2,3,2,1,2,4,4,3,2,1,4,2,2,1,4,4,4,3,1,3,3,3,2,3,2,1,2,2,3,4,2,3,3,3,1,2,1,4,1,2,3,1,2,1,2,1,2,2,2,3,4,1,1,3,1,2,2,3,2,2,4,1,4,2,1,1,1,3,3,1,2,3,4,4,1,3,2,2,3,2,2,3,2,4,1,2,2,1,1,1,2,3,4,2,2,4,3,2,3,4,4,2,1,1,1,1,1,1,3,3,4,2,2,2,1,4,1,1,3,1,3,3,1,1,4,1,2,2,2,1,3,3,1,4,1,3,2,3,2,3,2,1,2,4,1,4,2,3,3,3,3,2,3,1,4,1,4,1,3,4,4,1,3,2,2,2,1,2,1,3,2,2,1,2,1,4,4,3,2,3,1,3,2,4,3,3,2,2,1,1,3,1,3,3,2,2,1,2,3,2,2,3,2,3,3,3,4,1,1,3,1,1,1,4,2,3,4,1,1,2,1,3,2,1,3,4,2,4,1,3,2,4,1,1,4,4,1,1,4,2,2,2,4,2,4,1,1,1,4,1,4,2,1,2,3,2,2,1,2,3,2,4,1,1,1,1,1,1,1,2,3,1,4,2,2,4,2,1,3,2,1,1,3,2,2,3,3,2,3,1,4,1,4,2,1,1,2,3,1,4,2,2,3,3,2,4,2,4,2,3,1,1,2,4,3,4,3,1,2,3,3,4,4,1,3,2,1,2,3,2,3,3,2,1,3,2,4,2,3,3,2,1,1,2,1,1,4,3,3,1,2,3,1,2,2,1,1,2,2,4,1,2,3,4,3,3,2,2,1,1,4,3,2,1,4,3,1,3,3,3,2,1,2,4,3,3,1,1,2,3,1,3,3,2,4,1,2,2,1,3,3,2,1,2,4,2,4,1,3,1,1,1,4,2,1,4,3,3,2,2,1,2,1,4,4,2,2,2,1,1,1,1,4,1,3,1,2,2,3,1,3,4,1,4,1,4,1,1,1,1,2,3,1,1,2,4,2,4,4,2,1,3,1,1,3,3,1,3,1,4,2,4,3,3,1,4,2,4,4,4,2,1,3,1,3,3,3,1,1,2,4,4,1,3,3,2,2,2,3,1,4,1,3,2,1,3,3,4,2,3,3,2,1,2,2,3,4,3,2,1,2,3,1,2,1,4,2,1,4,2,1,4,3,2,1,2,3,1,3,1,2,1,1,1,1,2,1,3,1,1,4,1,3,3,2,2,4,3,4,4,2,4,4,2,1,4,4,4,3,1,2,4,3,3,2,1,3,2,1,4,4,2,2,1,1,3,4,4,2,2,1,4,1,2,3,2,1,3,4,4,3,4,4,1,1,2,3,1,1,1,1,2,2,1,3,1,3,1,4,2,1,1,4,2,4,3,2,1,4,2,3,1,3,2,2,2,1,1,2,2,4,2,2,2,2,2,1,2,3,2,3,1,1,3,4,2,2,2,4,3,3,1,2,2,3,2,3,3,1,2,2,4,4,1,4,4,1,2,4,1,3,3,3,2,3,3,1,1,2,4,3,3,4,2,4,1,2,4,1,4,3,1,1,1,4,4,1,2,2,2,2,2,1,1,1,1,1,1,4,2,2,3,4,4,1,2,3,2,4,1,2,2,3,2,1,1,2,2,1,1,2,3,1,2,1,4,4,1,2,4,2,1,1,2,1,3,3,4,2,2,1,2,4,1,2,2,1,2,1,2,3,1,3,2,3,4,2,1,3,2,3,2,1,2,2,4,4,1,1,4,3,3,2,4,2,4,1,2,3,3,1,3,2,1,3,1,1,2,2,4,2,1,1,1,3,2,4,4,4,1,3,1,4,2,1,3,2,1,1,1,1,4,3,1,1,2,2,3,4,3,2,4,2,1,1,1,1,3,1,1,2,1,1,4,2,4,2,1,3,3,1,2,1,2,1,4,4,2,4,1,4,1,2,2,1,4,1,2,3,2,4,1,2,3,2,1,4,2,2,3,2,3,1,2,1,2,3,2,2,2,3,2,4,1,4,2,3,2,2,2,3,2,4,3,1,1,2,1,1,1,2,1,2,3,2,1,1,1,1,2,1,2,3,2,4,1,1,4,4,3,2,4,3,1,3,2,1,2,3,3,3,3,4,3,1,1,1,3,1,2,1,4,4,3,2,4,3,4,4,1,2,1,2,4,4,3,2,1,3,1,4,3,3,1,3,2,2,2,1,4,1,4,1,4,1,1,4,1,1,3,2,4,2,4,2,3,2,2,3,4,4,3,2,2,4,1,2,1,3,3,1,1,4,1,1,2,3,4,4,3,1,1,2,2,4,1,1,4,2,3,4,3,4,3,2,1,3,2,2,2,1,1,3,2,2,3,2,1,2,3,4,3,1,3,4,2,4,3,4,1,3,1,1,2,4,2,2,4,4,3,1,4,2,3,1,4,1,2,3,3,1,4,2,1,3,2,3,1,1,2,1,1,2,1,3,3,2,4,2,2,2,3,2,3,3,2,2,2,2,4,1,1,1,1,2,1,2,1,4,2,2,2,1,1,1,2,4,1,4,2,2,3,4,1,1,1,4,4,2,2,3,3,3,3,1,2,1,2,4,4,2,2,3,2,1,1,1,1,2,3,1,2,3,4,3,4,1,1,3,1,4,4,3,2,1,4,1,2,2,1,2,1,4,1,3,1,1,4,4,1,4,4,1,1,1,3,1,2,1,1,1,1,2,1,3,2,4,4,1,2,4,2,1,1,4,2,4,4,3,3,2,1,2,3,2,1,1,1,2,3,3,4,2,1,4,2,3,2,2,4,4,1,1,2,3,1,2,3,4,2,1,2,1,2,1,4,2,2,3,3,1,4,2,1,2,3,1,1,4,1,3,3,1,2,4,1,4,1,2,1,1,1,2,2,3,3,1,1,4,2,2,4,2,1,1,2,2,1,2,4,3,2,3,3,4,4,1,4,4,3,2,4,3,1,1,3,2,4,2,2,1,1,4,4,2,1,1,3,3,3,3,1,3,2,2,2,2,1,1,3,2,4,4,1,2,3,1,3,1,1,3,1,4,1,1,2,1,3,1,2,2,4,1,1,4,1,4,4,2,1,1,2,3,1,1,1,1,2,3,4,3,2,3,3,1,2,4,2,3,1,2,2,2,4,3,2,2,2,4,1,1,1,2,4,2,1,4,2,1,1,1,2,1,2,1,2,3,3,3,2,4,3,3,1,1,4,2,3,1,4,4,4,3,2,4,3,2,1,3,4,1,2,2,1,2,3,3,1,4,3,3,2,2,1,1,2,3,3,4,4,2,1,1,3,1,1,3,2,3,4,1,3,1,4,2,4,1,1,1,1,4,1,3,1,1,3,1,4,2,2,1,2,2,4,1,2,4,3,1,3,2,1,2,2,3,3,2,1,2,4,1,4,2,1,1,4,1,1,4,4,2,4,2,4,3,2,2,4,3,2,3,1,2,4,3,4,1,3,1,2,4,4,2,2,2,1,2,2,1,4,2,1,2,1,4,2,1,2,4,1,2,1,2,1,1,4,2,1,2,1,2,4,4,3,4,1,2,1,1,2,2,2,2,2,4,4,3,3,2,4,2,3,4,3,2,2,2,3,2,1,3,2,1,1,1,3,1,3,2,3,1,4,3,4,1,1,3,1,3,2,1,3,1,1,2"
83,0.9882627241940299,0.5,2136.0,"4,2,1,1,2,2,3,1,2,1,4,4,4,1,2,2,4,1,1,2,1,2,4,1,3,1,2,2,4,1,1,2,3,3,1,2,4,1,2,4,1,2,2,2,2,2,3,2,1,2,4,4,3,2,1,4,2,2,1,4,4,4,3,1,3,3,3,2,3,2,1,2,2,3,4,2,3,3,3,1,2,1,4,1,2,3,1,2,1,2,1,2,2,2,3,4,1,1,3,1,2,2,3,2,2,4,1,4,2,1,1,1,3,3,1,2,3,4,4,1,3,2,2,3,2,2,3,2,4,1,2,2,1,1,1,2,3,4,2,2,4,3,2,3,4,4,2,1,1,1,1,1,1,3,3,4,2,2,2,1,4,1,1,3,1,3,3,1,1,4,1,2,2,2,1,3,3,1,4,1,3,2,3,2,3,2,1,2,4,1,4,2,3,3,3,3,2,3,1,4,1,4,1,3,4,4,1,3,2,2,2,1,2,1,3,2,2,1,2,1,4,4,3,2,3,1,3,2,4,3,3,2,2,1,1,3,1,3,3,2,2,1,2,3,2,2,3,2,3,3,3,4,1,1,3,1,1,1,4,2,3,4,1,1,2,1,3,2,1,3,4,2,4,1,3,2,4,1,1,4,4,1,1,4,2,2,2,4,2,4,1,1,1,4,1,4,2,1,2,3,2,2,1,2,3,2,4,1,1,1,1,1,1,1,2,3,1,4,2,2,4,2,1,3,2,1,1,3,2,2,3,3,2,3,1,4,1,4,2,1,1,2,3,1,4,2,2,3,3,2,4,2,4,2,3,1,1,2,4,3,4,3,1,2,3,3,4,4,1,3,2,1,2,3,2,3,3,2,1,3,2,4,2,3,3,2,1,1,2,1,1,4,3,3,1,2,3,1,2,2,1,1,2,2,4,1,2,3,4,3,3,2,2,1,1,4,3,2,1,4,3,1,3,3,3,2,1,2,4,3,3,1,1,2,3,1,3,3,2,4,1,2,2,1,3,3,2,1,2,4,2,4,1,3,1,1,1,4,2,1,4,3,3,2,2,1,2,1,4,4,2,2,2,1,1,1,1,4,1,3,1,2,2,3,1,3,4,1,4,1,4,1,1,1,1,2,3,1,1,2,4,2,4,4,2,1,3,1,1,3,3,1,3,1,4,2,4,3,3,1,4,2,4,4,4,2,1,3,1,3,3,3,1,1,2,4,4,1,3,3,2,2,2,3,1,4,1,3,2,1,3,3,4,2,3,3,2,1,2,2,3,4,3,2,1,2,3,1,2,1,4,2,1,4,2,1,4,3,2,1,2,3,1,3,1,2,1,1,1,1,2,1,3,1,1,4,1,3,3,2,2,4,3,4,4,2,4,4,2,1,4,4,4,3,1,2,4,3,3,2,1,3,2,1,4,4,2,2,1,1,3,4,4,2,2,1,4,1,2,3,2,1,3,4,4,3,4,4,1,1,2,3,1,1,1,1,2,2,1,3,1,3,1,4,2,1,1,4,2,4,3,2,1,4,2,3,1,3,2,2,2,1,1,2,2,4,2,2,2,2,2,1,2,3,2,3,1,1,3,4,2,2,2,4,3,3,1,2,2,3,2,3,3,1,2,2,4,4,1,4,4,1,2,4,1,3,3,3,2,3,3,1,1,2,4,3,3,4,2,4,1,2,4,1,4,3,1,1,1,4,4,1,2,2,2,2,2,1,1,1,1,1,1,4,2,2,3,4,4,1,2,3,2,4,1,2,2,3,2,1,1,2,2,1,1,2,3,1,2,1,4,4,1,2,4,2,1,1,2,1,3,3,4,2,2,1,2,4,1,2,2,1,2,1,2,3,1,3,2,3,4,2,1,3,2,3,2,1,2,2,4,4,1,1,4,3,3,2,4,2,4,1,2,3,3,1,3,2,1,3,1,1,2,2,4,2,1,1,1,3,2,4,4,4,1,3,1,4,2,1,3,2,1,1,1,1,4,3,1,1,2,2,3,4,3,2,4,2,1,1,1,1,3,1,1,2,1,1,4,2,4,2,1,3,3,1,2,1,2,1,4,4,2,4,1,4,1,2,2,1,4,1,2,3,2,4,1,2,3,2,1,4,2,2,3,2,3,1,2,1,2,3,2,2,2,3,2,4,1,4,2,3,2,2,2,3,2,4,3,1,1,2,1,1,1,2,1,2,3,2,1,1,1,1,2,1,2,3,2,4,1,1,4,4,3,2,4,3,1,3,2,1,2,3,3,3,3,4,3,1,1,1,3,1,2,1,4,4,3,2,4,3,4,4,1,2,1,2,4,4,3,2,1,3,1,4,3,3,1,3,2,2,2,1,4,1,4,1,4,1,1,4,1,1,3,2,4,2,4,2,3,2,2,3,4,4,3,2,2,4,1,2,1,3,3,1,1,4,1,1,2,3,4,4,3,1,1,2,2,4,1,1,4,2,3,4,3,4,3,2,1,3,2,2,2,1,1,3,2,2,3,2,1,2,3,4,3,1,3,4,2,4,3,4,1,3,1,1,2,4,2,2,4,4,3,1,4,2,3,1,4,1,2,3,3,1,4,2,1,3,2,3,1,1,2,1,1,2,1,3,3,2,4,2,2,2,3,2,3,3,2,2,2,2,4,1,1,1,1,2,1,2,1,4,2,2,2,1,1,1,2,4,1,4,2,2,3,4,1,1,1,4,4,2,2,3,3,3,3,1,2,1,2,4,4,2,2,3,2,1,1,1,1,2,3,1,2,3,4,3,4,1,1,3,1,4,4,3,2,1,4,1,2,2,1,2,1,4,1,3,1,1,4,4,1,4,4,1,1,1,3,1,2,1,1,1,1,2,1,3,2,4,4,1,2,4,2,1,1,4,2,4,4,3,3,2,1,2,3,2,1,1,1,2,3,3,4,2,1,4,2,3,2,2,4,4,1,1,2,3,1,2,3,4,2,1,2,1,2,1,4,2,2,3,3,1,4,2,1,2,3,1,1,4,1,3,3,1,2,4,1,4,1,2,1,1,1,2,2,3,3,1,1,4,2,2,4,2,1,1,2,2,1,2,4,3,2,3,3,4,4,1,4,4,3,2,4,3,1,1,3,2,4,2,2,1,1,4,4,2,1,1,3,3,3,3,1,3,2,2,2,2,1,1,3,2,4,4,1,2,3,1,3,1,1,3,1,4,1,1,2,1,3,1,2,2,4,1,1,4,1,4,4,2,1,1,2,3,1,1,1,1,2,3,4,3,2,3,3,1,2,4,2,3,1,2,2,2,4,3,2,2,2,4,1,1,1,2,4,2,1,4,2,1,1,1,2,1,2,1,2,3,3,3,2,4,3,3,1,1,4,2,3,1,4,4,4,3,2,4,3,2,1,3,4,1,2,2,1,2,3,3,1,4,3,3,2,2,1,1,2,3,3,4,4,2,1,1,3,1,1,3,2,3,4,1,3,1,4,2,4,1,1,1,1,4,1,3,1,1,3,1,4,2,2,1,2,2,4,1,2,4,3,1,3,2,1,2,2,3,3,2,1,2,4,1,4,2,1,1,4,1,1,4,4,2,4,2,4,3,2,2,4,3,2,3,1,2,4,3,4,1,3,1,2,4,4,2,2,2,1,2,2,1,4,2,1,2,1,4,2,1,2,4,1,2,1,2,1,1,4,2,1,2,1,2,4,4,3,4,1,2,1,1,2,2,2,2,2,4,4,3,3,2,4,2,3,4,3,2,2,2,3,2,1,3,2,1,1,1,3,1,3,2,3,1,4,3,4,1,1,3,1,3,2,1,3,1,1,2"
84,0.9882627241940299,0.5,2136.0,"4,2,1,1,2,2,3,1,2,1,4,4,4,1,2,2,4,1,1,2,1,2,4,1,3,1,2,2,4,1,1,2,3,3,1,2,4,1,2,4,1,2,2,2,2,2,3,2,1,2,4,4,3,2,1,4,2,2,1,4,4,4,3,1,3,3,3,2,3,2,1,2,2,3,4,2,3,3,3,1,2,1,4,1,2,3,1,2,1,2,1,2,2,2,3,4,1,1,3,1,2,2,3,2,2,4,1,4,2,1,1,1,3,3,1,2,3,4,4,1,3,2,2,3,2,2,3,2,4,1,2,2,1,1,1,2,3,4,2,2,4,3,2,3,4,4,2,1,1,1,1,1,1,3,3,4,2,2,2,1,4,1,1,3,1,3,3,1,1,4,1,2,2,2,1,3,3,1,4,1,3,2,3,2,3,2,1,2,4,1,4,2,3,3,3,3,2,3,1,4,1,4,1,3,4,4,1,3,2,2,2,1,2,1,3,2,2,1,2,1,4,4,3,2,3,1,3,2,4,3,3,2,2,1,1,3,1,3,3,2,2,1,2,3,2,2,3,2,3,3,3,4,1,1,3,1,1,1,4,2,3,4,1,1,2,1,3,2,1,3,4,2,4,1,3,2,4,1,1,4,4,1,1,4,2,2,2,4,2,4,1,1,1,4,1,4,2,1,2,3,2,2,1,2,3,2,4,1,1,1,1,1,1,1,2,3,1,4,2,2,4,2,1,3,2,1,1,3,2,2,3,3,2,3,1,4,1,4,2,1,1,2,3,1,4,2,2,3,3,2,4,2,4,2,3,1,1,2,4,3,4,3,1,2,3,3,4,4,1,3,2,1,2,3,2,3,3,2,1,3,2,4,2,3,3,2,1,1,2,1,1,4,3,3,1,2,3,1,2,2,1,1,2,2,4,1,2,3,4,3,3,2,2,1,1,4,3,2,1,4,3,1,3,3,3,2,1,2,4,3,3,1,1,2,3,1,3,3,2,4,1,2,2,1,3,3,2,1,2,4,2,4,1,3,1,1,1,4,2,1,4,3,3,2,2,1,2,1,4,4,2,2,2,1,1,1,1,4,1,3,1,2,2,3,1,3,4,1,4,1,4,1,1,1,1,2,3,1,1,2,4,2,4,4,2,1,3,1,1,3,3,1,3,1,4,2,4,3,3,1,4,2,4,4,4,2,1,3,1,3,3,3,1,1,2,4,4,1,3,3,2,2,2,3,1,4,1,3,2,1,3,3,4,2,3,3,2,1,2,2,3,4,3,2,1,2,3,1,2,1,4,2,1,4,2,1,4,3,2,1,2,3,1,3,1,2,1,1,1,1,2,1,3,1,1,4,1,3,3,2,2,4,3,4,4,2,4,4,2,1,4,4,4,3,1,2,4,3,3,2,1,3,2,1,4,4,2,2,1,1,3,4,4,2,2,1,4,1,2,3,2,1,3,4,4,3,4,4,1,1,2,3,1,1,1,1,2,2,1,3,1,3,1,4,2,1,1,4,2,4,3,2,1,4,2,3,1,3,2,2,2,1,1,2,2,4,2,2,2,2,2,1,2,3,2,3,1,1,3,4,2,2,2,4,3,3,1,2,2,3,2,3,3,1,2,2,4,4,1,4,4,1,2,4,1,3,3,3,2,3,3,1,1,2,4,3,3,4,2,4,1,2,4,1,4,3,1,1,1,4,4,1,2,2,2,2,2,1,1,1,1,1,1,4,2,2,3,4,4,1,2,3,2,4,1,2,2,3,2,1,1,2,2,1,1,2,3,1,2,1,4,4,1,2,4,2,1,1,2,1,3,3,4,2,2,1,2,4,1,2,2,1,2,1,2,3,1,3,2,3,4,2,1,3,2,3,2,1,2,2,4,4,1,1,4,3,3,2,4,2,4,1,2,3,3,1,3,2,1,3,1,1,2,2,4,2,1,1,1,3,2,4,4,4,1,3,1,4,2,1,3,2,1,1,1,1,4,3,1,1,2,2,3,4,3,2,4,2,1,1,1,1,3,1,1,2,1,1,4,2,4,2,1,3,3,1,2,1,2,1,4,4,2,4,1,4,1,2,2,1,4,1,2,3,2,4,1,2,3,2,1,4,2,2,3,2,3,1,2,1,2,3,2,2,2,3,2,4,1,4,2,3,2,2,2,3,2,4,3,1,1,2,1,1,1,2,1,2,3,2,1,1,1,1,2,1,2,3,2,4,1,1,4,4,3,2,4,3,1,3,2,1,2,3,3,3,3,4,3,1,1,1,3,1,2,1,4,4,3,2,4,3,4,4,1,2,1,2,4,4,3,2,1,3,1,4,3,3,1,3,2,2,2,1,4,1,4,1,4,1,1,4,1,1,3,2,4,2,4,2,3,2,2,3,4,4,3,2,2,4,1,2,1,3,3,1,1,4,1,1,2,3,4,4,3,1,1,2,2,4,1,1,4,2,3,4,3,4,3,2,1,3,2,2,2,1,1,3,2,2,3,2,1,2,3,4,3,1,3,4,2,4,3,4,1,3,1,1,2,4,2,2,4,4,3,1,4,2,3,1,4,1,2,3,3,1,4,2,1,3,2,3,1,1,2,1,1,2,1,3,3,2,4,2,2,2,3,2,3,3,2,2,2,2,4,1,1,1,1,2,1,2,1,4,2,2,2,1,1,1,2,4,1,4,2,2,3,4,1,1,1,4,4,2,2,3,3,3,3,1,2,1,2,4,4,2,2,3,2,1,1,1,1,2,3,1,2,3,4,3,4,1,1,3,1,4,4,3,2,1,4,1,2,2,1,2,1,4,1,3,1,1,4,4,1,4,4,1,1,1,3,1,2,1,1,1,1,2,1,3,2,4,4,1,2,4,2,1,1,4,2,4,4,3,3,2,1,2,3,2,1,1,1,2,3,3,4,2,1,4,2,3,2,2,4,4,1,1,2,3,1,2,3,4,2,1,2,1,2,1,4,2,2,3,3,1,4,2,1,2,3,1,1,4,1,3,3,1,2,4,1,4,1,2,1,1,1,2,2,3,3,1,1,4,2,2,4,2,1,1,2,2,1,2,4,3,2,3,3,4,4,1,4,4,3,2,4,3,1,1,3,2,4,2,2,1,1,4,4,2,1,1,3,3,3,3,1,3,2,2,2,2,1,1,3,2,4,4,1,2,3,1,3,1,1,3,1,4,1,1,2,1,3,1,2,2,4,1,1,4,1,4,4,2,1,1,2,3,1,1,1,1,2,3,4,3,2,3,3,1,2,4,2,3,1,2,2,2,4,3,2,2,2,4,1,1,1,2,4,2,1,4,2,1,1,1,2,1,2,1,2,3,3,3,2,4,3,3,1,1,4,2,3,1,4,4,4,3,2,4,3,2,1,3,4,1,2,2,1,2,3,3,1,4,3,3,2,2,1,1,2,3,3,4,4,2,1,1,3,1,1,3,2,3,4,1,3,1,4,2,4,1,1,1,1,4,1,3,1,1,3,1,4,2,2,1,2,2,4,1,2,4,3,1,3,2,1,2,2,3,3,2,1,2,4,1,4,2,1,1,4,1,1,4,4,2,4,2,4,3,2,2,4,3,2,3,1,2,4,3,4,1,3,1,2,4,4,2,2,2,1,2,2,1,4,2,1,2,1,4,2,1,2,4,1,2,1,2,1,1,4,2,1,2,1,2,4,4,3,4,1,2,1,1,2,2,2,2,2,4,4,3,3,2,4,2,3,4,3,2,2,2,3,2,1,3,2,1,1,1,3,1,3,2,3,1,4,3,4,1,1,3,1,3,2,1,3,1,1,2"
85,0.9882627241940299,0.5,2136.0,"4,2,1,1,2,2,3,1,2,1,4,4,4,1,2,2,4,1,1,2,1,2,4,1,3,1,2,2,4,1,1,2,3,3,1,2,4,1,2,4,1,2,2,2,2,2,3,2,1,2,4,4,3,2,1,4,2,2,1,4,4,4,3,1,3,3,3,2,3,2,1,2,2,3,4,2,3,3,3,1,2,1,4,1,2,3,1,2,1,2,1,2,2,2,3,4,1,1,3,1,2,2,3,2,2,4,1,4,2,1,1,1,3,3,1,2,3,4,4,1,3,2,2,3,2,2,3,2,4,1,2,2,1,1,1,2,3,4,2,2,4,3,2,3,4,4,2,1,1,1,1,1,1,3,3,4,2,2,2,1,4,1,1,3,1,3,3,1,1,4,1,2,2,2,1,3,3,1,4,1,3,2,3,2,3,2,1,2,4,1,4,2,3,3,3,3,2,3,1,4,1,4,1,3,4,4,1,3,2,2,2,1,2,1,3,2,2,1,2,1,4,4,3,2,3,1,3,2,4,3,3,2,2,1,1,3,1,3,3,2,2,1,2,3,2,2,3,2,3,3,3,4,1,1,3,1,1,1,4,2,3,4,1,1,2,1,3,2,1,3,4,2,4,1,3,2,4,1,1,4,4,1,1,4,2,2,2,4,2,4,1,1,1,4,1,4,2,1,2,3,2,2,1,2,3,2,4,1,1,1,1,1,1,1,2,3,1,4,2,2,4,2,1,3,2,1,1,3,2,2,3,3,2,3,1,4,1,4,2,1,1,2,3,1,4,2,2,3,3,2,4,2,4,2,3,1,1,2,4,3,4,3,1,2,3,3,4,4,1,3,2,1,2,3,2,3,3,2,1,3,2,4,2,3,3,2,1,1,2,1,1,4,3,3,1,2,3,1,2,2,1,1,2,2,4,1,2,3,4,3,3,2,2,1,1,4,3,2,1,4,3,1,3,3,3,2,1,2,4,3,3,1,1,2,3,1,3,3,2,4,1,2,2,1,3,3,2,1,2,4,2,4,1,3,1,1,1,4,2,1,4,3,3,2,2,1,2,1,4,4,2,2,2,1,1,1,1,4,1,3,1,2,2,3,1,3,4,1,4,1,4,1,1,1,1,2,3,1,1,2,4,2,4,4,2,1,3,1,1,3,3,1,3,1,4,2,4,3,3,1,4,2,4,4,4,2,1,3,1,3,3,3,1,1,2,4,4,1,3,3,2,2,2,3,1,4,1,3,2,1,3,3,4,2,3,3,2,1,2,2,3,4,3,2,1,2,3,1,2,1,4,2,1,4,2,1,4,3,2,1,2,3,1,3,1,2,1,1,1,1,2,1,3,1,1,4,1,3,3,2,2,4,3,4,4,2,4,4,2,1,4,4,4,3,1,2,4,3,3,2,1,3,2,1,4,4,2,2,1,1,3,4,4,2,2,1,4,1,2,3,2,1,3,4,4,3,4,4,1,1,2,3,1,1,1,1,2,2,1,3,1,3,1,4,2,1,1,4,2,4,3,2,1,4,2,3,1,3,2,2,2,1,1,2,2,4,2,2,2,2,2,1,2,3,2,3,1,1,3,4,2,2,2,4,3,3,1,2,2,3,2,3,3,1,2,2,4,4,1,4,4,1,2,4,1,3,3,3,2,3,3,1,1,2,4,3,3,4,2,4,1,2,4,1,4,3,1,1,1,4,4,1,2,2,2,2,2,1,1,1,1,1,1,4,2,2,3,4,4,1,2,3,2,4,1,2,2,3,2,1,1,2,2,1,1,2,3,1,2,1,4,4,1,2,4,2,1,1,2,1,3,3,4,2,2,1,2,4,1,2,2,1,2,1,2,3,1,3,2,3,4,2,1,3,2,3,2,1,2,2,4,4,1,1,4,3,3,2,4,2,4,1,2,3,3,1,3,2,1,3,1,1,2,2,4,2,1,1,1,3,2,4,4,4,1,3,1,4,2,1,3,2,1,1,1,1,4,3,1,1,2,2,3,4,3,2,4,2,1,1,1,1,3,1,1,2,1,1,4,2,4,2,1,3,3,1,2,1,2,1,4,4,2,4,1,4,1,2,2,1,4,1,2,3,2,4,1,2,3,2,1,4,2,2,3,2,3,1,2,1,2,3,2,2,2,3,2,4,1,4,2,3,2,2,2,3,2,4,3,1,1,2,1,1,1,2,1,2,3,2,1,1,1,1,2,1,2,3,2,4,1,1,4,4,3,2,4,3,1,3,2,1,2,3,3,3,3,4,3,1,1,1,3,1,2,1,4,4,3,2,4,3,4,4,1,2,1,2,4,4,3,2,1,3,1,4,3,3,1,3,2,2,2,1,4,1,4,1,4,1,1,4,1,1,3,2,4,2,4,2,3,2,2,3,4,4,3,2,2,4,1,2,1,3,3,1,1,4,1,1,2,3,4,4,3,1,1,2,2,4,1,1,4,2,3,4,3,4,3,2,1,3,2,2,2,1,1,3,2,2,3,2,1,2,3,4,3,1,3,4,2,4,3,4,1,3,1,1,2,4,2,2,4,4,3,1,4,2,3,1,4,1,2,3,3,1,4,2,1,3,2,3,1,1,2,1,1,2,1,3,3,2,4,2,2,2,3,2,3,3,2,2,2,2,4,1,1,1,1,2,1,2,1,4,2,2,2,1,1,1,2,4,1,4,2,2,3,4,1,1,1,4,4,2,2,3,3,3,3,1,2,1,2,4,4,2,2,3,2,1,1,1,1,2,3,1,2,3,4,3,4,1,1,3,1,4,4,3,2,1,4,1,2,2,1,2,1,4,1,3,1,1,4,4,1,4,4,1,1,1,3,1,2,1,1,1,1,2,1,3,2,4,4,1,2,4,2,1,1,4,2,4,4,3,3,2,1,2,3,2,1,1,1,2,3,3,4,2,1,4,2,3,2,2,4,4,1,1,2,3,1,2,3,4,2,1,2,1,2,1,4,2,2,3,3,1,4,2,1,2,3,1,1,4,1,3,3,1,2,4,1,4,1,2,1,1,1,2,2,3,3,1,1,4,2,2,4,2,1,1,2,2,1,2,4,3,2,3,3,4,4,1,4,4,3,2,4,3,1,1,3,2,4,2,2,1,1,4,4,2,1,1,3,3,3,3,1,3,2,2,2,2,1,1,3,2,4,4,1,2,3,1,3,1,1,3,1,4,1,1,2,1,3,1,2,2,4,1,1,4,1,4,4,2,1,1,2,3,1,1,1,1,2,3,4,3,2,3,3,1,2,4,2,3,1,2,2,2,4,3,2,2,2,4,1,1,1,2,4,2,1,4,2,1,1,1,2,1,2,1,2,3,3,3,2,4,3,3,1,1,4,2,3,1,4,4,4,3,2,4,3,2,1,3,4,1,2,2,1,2,3,3,1,4,3,3,2,2,1,1,2,3,3,4,4,2,1,1,3,1,1,3,2,3,4,1,3,1,4,2,4,1,1,1,1,4,1,3,1,1,3,1,4,2,2,1,2,2,4,1,2,4,3,1,3,2,1,2,2,3,3,2,1,2,4,1,4,2,1,1,4,1,1,4,4,2,4,2,4,3,2,2,4,3,2,3,1,2,4,3,4,1,3,1,2,4,4,2,2,2,1,2,2,1,4,2,1,2,1,4,2,1,2,4,1,2,1,2,1,1,4,2,1,2,1,2,4,4,3,4,1,2,1,1,2,2,2,2,2,4,4,3,3,2,4,2,3,4,3,2,2,2,3,2,1,3,2,1,1,1,3,1,3,2,3,1,4,3,4,1,1,3,1,3,2,1,3,1,1,2"
86,0.9882627241940299,0.5,2136.0,"4,2,1,1,2,2,3,1,2,1,4,4,4,1,2,2,4,1,1,2,1,2,4,1,3,1,2,2,4,1,1,2,3,3,1,2,4,1,2,4,1,2,2,2,2,2,3,2,1,2,4,4,3,2,1,4,2,2,1,4,4,4,3,1,3,3,3,2,3,2,1,2,2,3,4,2,3,3,3,1,2,1,4,1,2,3,1,2,1,2,1,2,2,2,3,4,1,1,3,1,2,2,3,2,2,4,1,4,2,1,1,1,3,3,1,2,3,4,4,1,3,2,2,3,2,2,3,2,4,1,2,2,1,1,1,2,3,4,2,2,4,3,2,3,4,4,2,1,1,1,1,1,1,3,3,4,2,2,2,1,4,1,1,3,1,3,3,1,1,4,1,2,2,2,1,3,3,1,4,1,3,2,3,2,3,2,1,2,4,1,4,2,3,3,3,3,2,3,1,4,1,4,1,3,4,4,1,3,2,2,2,1,2,1,3,2,2,1,2,1,4,4,3,2,3,1,3,2,4,3,3,2,2,1,1,3,1,3,3,2,2,1,2,3,2,2,3,2,3,3,3,4,1,1,3,1,1,1,4,2,3,4,1,1,2,1,3,2,1,3,4,2,4,1,3,2,4,1,1,4,4,1,1,4,2,2,2,4,2,4,1,1,1,4,1,4,2,1,2,3,2,2,1,2,3,2,4,1,1,1,1,1,1,1,2,3,1,4,2,2,4,2,1,3,2,1,1,3,2,2,3,3,2,3,1,4,1,4,2,1,1,2,3,1,4,2,2,3,3,2,4,2,4,2,3,1,1,2,4,3,4,3,1,2,3,3,4,4,1,3,2,1,2,3,2,3,3,2,1,3,2,4,2,3,3,2,1,1,2,1,1,4,3,3,1,2,3,1,2,2,1,1,2,2,4,1,2,3,4,3,3,2,2,1,1,4,3,2,1,4,3,1,3,3,3,2,1,2,4,3,3,1,1,2,3,1,3,3,2,4,1,2,2,1,3,3,2,1,2,4,2,4,1,3,1,1,1,4,2,1,4,3,3,2,2,1,2,1,4,4,2,2,2,1,1,1,1,4,1,3,1,2,2,3,1,3,4,1,4,1,4,1,1,1,1,2,3,1,1,2,4,2,4,4,2,1,3,1,1,3,3,1,3,1,4,2,4,3,3,1,4,2,4,4,4,2,1,3,1,3,3,3,1,1,2,4,4,1,3,3,2,2,2,3,1,4,1,3,2,1,3,3,4,2,3,3,2,1,2,2,3,4,3,2,1,2,3,1,2,1,4,2,1,4,2,1,4,3,2,1,2,3,1,3,1,2,1,1,1,1,2,1,3,1,1,4,1,3,3,2,2,4,3,4,4,2,4,4,2,1,4,4,4,3,1,2,4,3,3,2,1,3,2,1,4,4,2,2,1,1,3,4,4,2,2,1,4,1,2,3,2,1,3,4,4,3,4,4,1,1,2,3,1,1,1,1,2,2,1,3,1,3,1,4,2,1,1,4,2,4,3,2,1,4,2,3,1,3,2,2,2,1,1,2,2,4,2,2,2,2,2,1,2,3,2,3,1,1,3,4,2,2,2,4,3,3,1,2,2,3,2,3,3,1,2,2,4,4,1,4,4,1,2,4,1,3,3,3,2,3,3,1,1,2,4,3,3,4,2,4,1,2,4,1,4,3,1,1,1,4,4,1,2,2,2,2,2,1,1,1,1,1,1,4,2,2,3,4,4,1,2,3,2,4,1,2,2,3,2,1,1,2,2,1,1,2,3,1,2,1,4,4,1,2,4,2,1,1,2,1,3,3,4,2,2,1,2,4,1,2,2,1,2,1,2,3,1,3,2,3,4,2,1,3,2,3,2,1,2,2,4,4,1,1,4,3,3,2,4,2,4,1,2,3,3,1,3,2,1,3,1,1,2,2,4,2,1,1,1,3,2,4,4,4,1,3,1,4,2,1,3,2,1,1,1,1,4,3,1,1,2,2,3,4,3,2,4,2,1,1,1,1,3,1,1,2,1,1,4,2,4,2,1,3,3,1,2,1,2,1,4,4,2,4,1,4,1,2,2,1,4,1,2,3,2,4,1,2,3,2,1,4,2,2,3,2,3,1,2,1,2,3,2,2,2,3,2,4,1,4,2,3,2,2,2,3,2,4,3,1,1,2,1,1,1,2,1,2,3,2,1,1,1,1,2,1,2,3,2,4,1,1,4,4,3,2,4,3,1,3,2,1,2,3,3,3,3,4,3,1,1,1,3,1,2,1,4,4,3,2,4,3,4,4,1,2,1,2,4,4,3,2,1,3,1,4,3,3,1,3,2,2,2,1,4,1,4,1,4,1,1,4,1,1,3,2,4,2,4,2,3,2,2,3,4,4,3,2,2,4,1,2,1,3,3,1,1,4,1,1,2,3,4,4,3,1,1,2,2,4,1,1,4,2,3,4,3,4,3,2,1,3,2,2,2,1,1,3,2,2,3,2,1,2,3,4,3,1,3,4,2,4,3,4,1,3,1,1,2,4,2,2,4,4,3,1,4,2,3,1,4,1,2,3,3,1,4,2,1,3,2,3,1,1,2,1,1,2,1,3,3,2,4,2,2,2,3,2,3,3,2,2,2,2,4,1,1,1,1,2,1,2,1,4,2,2,2,1,1,1,2,4,1,4,2,2,3,4,1,1,1,4,4,2,2,3,3,3,3,1,2,1,2,4,4,2,2,3,2,1,1,1,1,2,3,1,2,3,4,3,4,1,1,3,1,4,4,3,2,1,4,1,2,2,1,2,1,4,1,3,1,1,4,4,1,4,4,1,1,1,3,1,2,1,1,1,1,2,1,3,2,4,4,1,2,4,2,1,1,4,2,4,4,3,3,2,1,2,3,2,1,1,1,2,3,3,4,2,1,4,2,3,2,2,4,4,1,1,2,3,1,2,3,4,2,1,2,1,2,1,4,2,2,3,3,1,4,2,1,2,3,1,1,4,1,3,3,1,2,4,1,4,1,2,1,1,1,2,2,3,3,1,1,4,2,2,4,2,1,1,2,2,1,2,4,3,2,3,3,4,4,1,4,4,3,2,4,3,1,1,3,2,4,2,2,1,1,4,4,2,1,1,3,3,3,3,1,3,2,2,2,2,1,1,3,2,4,4,1,2,3,1,3,1,1,3,1,4,1,1,2,1,3,1,2,2,4,1,1,4,1,4,4,2,1,1,2,3,1,1,1,1,2,3,4,3,2,3,3,1,2,4,2,3,1,2,2,2,4,3,2,2,2,4,1,1,1,2,4,2,1,4,2,1,1,1,2,1,2,1,2,3,3,3,2,4,3,3,1,1,4,2,3,1,4,4,4,3,2,4,3,2,1,3,4,1,2,2,1,2,3,3,1,4,3,3,2,2,1,1,2,3,3,4,4,2,1,1,3,1,1,3,2,3,4,1,3,1,4,2,4,1,1,1,1,4,1,3,1,1,3,1,4,2,2,1,2,2,4,1,2,4,3,1,3,2,1,2,2,3,3,2,1,2,4,1,4,2,1,1,4,1,1,4,4,2,4,2,4,3,2,2,4,3,2,3,1,2,4,3,4,1,3,1,2,4,4,2,2,2,1,2,2,1,4,2,1,2,1,4,2,1,2,4,1,2,1,2,1,1,4,2,1,2,1,2,4,4,3,4,1,2,1,1,2,2,2,2,2,4,4,3,3,2,4,2,3,4,3,2,2,2,3,2,1,3,2,1,1,1,3,1,3,2,3,1,4,3,4,1,1,3,1,3,2,1,3,1,1,2"
87,0.9882627241940299,0.5,2136.0,"4,2,1,1,2,2,3,1,2,1,4,4,4,1,2,2,4,1,1,2,1,2,4,1,3,1,2,2,4,1,1,2,3,3,1,2,4,1,2,4,1,2,2,2,2,2,3,2,1,2,4,4,3,2,1,4,2,2,1,4,4,4,3,1,3,3,3,2,3,2,1,2,2,3,4,2,3,3,3,1,2,1,4,1,2,3,1,2,1,2,1,2,2,2,3,4,1,1,3,1,2,2,3,2,2,4,1,4,2,1,1,1,3,3,1,2,3,4,4,1,3,2,2,3,2,2,3,2,4,1,2,2,1,1,1,2,3,4,2,2,4,3,2,3,4,4,2,1,1,1,1,1,1,3,3,4,2,2,2,1,4,1,1,3,1,3,3,1,1,4,1,2,2,2,1,3,3,1,4,1,3,2,3,2,3,2,1,2,4,1,4,2,3,3,3,3,2,3,1,4,1,4,1,3,4,4,1,3,2,2,2,1,2,1,3,2,2,1,2,1,4,4,3,2,3,1,3,2,4,3,3,2,2,1,1,3,1,3,3,2,2,1,2,3,2,2,3,2,3,3,3,4,1,1,3,1,1,1,4,2,3,4,1,1,2,1,3,2,1,3,4,2,4,1,3,2,4,1,1,4,4,1,1,4,2,2,2,4,2,4,1,1,1,4,1,4,2,1,2,3,2,2,1,2,3,2,4,1,1,1,1,1,1,1,2,3,1,4,2,2,4,2,1,3,2,1,1,3,2,2,3,3,2,3,1,4,1,4,2,1,1,2,3,1,4,2,2,3,3,2,4,2,4,2,3,1,1,2,4,3,4,3,1,2,3,3,4,4,1,3,2,1,2,3,2,3,3,2,1,3,2,4,2,3,3,2,1,1,2,1,1,4,3,3,1,2,3,1,2,2,1,1,2,2,4,1,2,3,4,3,3,2,2,1,1,4,3,2,1,4,3,1,3,3,3,2,1,2,4,3,3,1,1,2,3,1,3,3,2,4,1,2,2,1,3,3,2,1,2,4,2,4,1,3,1,1,1,4,2,1,4,3,3,2,2,1,2,1,4,4,2,2,2,1,1,1,1,4,1,3,1,2,2,3,1,3,4,1,4,1,4,1,1,1,1,2,3,1,1,2,4,2,4,4,2,1,3,1,1,3,3,1,3,1,4,2,4,3,3,1,4,2,4,4,4,2,1,3,1,3,3,3,1,1,2,4,4,1,3,3,2,2,2,3,1,4,1,3,2,1,3,3,4,2,3,3,2,1,2,2,3,4,3,2,1,2,3,1,2,1,4,2,1,4,2,1,4,3,2,1,2,3,1,3,1,2,1,1,1,1,2,1,3,1,1,4,1,3,3,2,2,4,3,4,4,2,4,4,2,1,4,4,4,3,1,2,4,3,3,2,1,3,2,1,4,4,2,2,1,1,3,4,4,2,2,1,4,1,2,3,2,1,3,4,4,3,4,4,1,1,2,3,1,1,1,1,2,2,1,3,1,3,1,4,2,1,1,4,2,4,3,2,1,4,2,3,1,3,2,2,2,1,1,2,2,4,2,2,2,2,2,1,2,3,2,3,1,1,3,4,2,2,2,4,3,3,1,2,2,3,2,3,3,1,2,2,4,4,1,4,4,1,2,4,1,3,3,3,2,3,3,1,1,2,4,3,3,4,2,4,1,2,4,1,4,3,1,1,1,4,4,1,2,2,2,2,2,1,1,1,1,1,1,4,2,2,3,4,4,1,2,3,2,4,1,2,2,3,2,1,1,2,2,1,1,2,3,1,2,1,4,4,1,2,4,2,1,1,2,1,3,3,4,2,2,1,2,4,1,2,2,1,2,1,2,3,1,3,2,3,4,2,1,3,2,3,2,1,2,2,4,4,1,1,4,3,3,2,4,2,4,1,2,3,3,1,3,2,1,3,1,1,2,2,4,2,1,1,1,3,2,4,4,4,1,3,1,4,2,1,3,2,1,1,1,1,4,3,1,1,2,2,3,4,3,2,4,2,1,1,1,1,3,1,1,2,1,1,4,2,4,2,1,3,3,1,2,1,2,1,4,4,2,4,1,4,1,2,2,1,4,1,2,3,2,4,1,2,3,2,1,4,2,2,3,2,3,1,2,1,2,3,2,2,2,3,2,4,1,4,2,3,2,2,2,3,2,4,3,1,1,2,1,1,1,2,1,2,3,2,1,1,1,1,2,1,2,3,2,4,1,1,4,4,3,2,4,3,1,3,2,1,2,3,3,3,3,4,3,1,1,1,3,1,2,1,4,4,3,2,4,3,4,4,1,2,1,2,4,4,3,2,1,3,1,4,3,3,1,3,2,2,2,1,4,1,4,1,4,1,1,4,1,1,3,2,4,2,4,2,3,2,2,3,4,4,3,2,2,4,1,2,1,3,3,1,1,4,1,1,2,3,4,4,3,1,1,2,2,4,1,1,4,2,3,4,3,4,3,2,1,3,2,2,2,1,1,3,2,2,3,2,1,2,3,4,3,1,3,4,2,4,3,4,1,3,1,1,2,4,2,2,4,4,3,1,4,2,3,1,4,1,2,3,3,1,4,2,1,3,2,3,1,1,2,1,1,2,1,3,3,2,4,2,2,2,3,2,3,3,2,2,2,2,4,1,1,1,1,2,1,2,1,4,2,2,2,1,1,1,2,4,1,4,2,2,3,4,1,1,1,4,4,2,2,3,3,3,3,1,2,1,2,4,4,2,2,3,2,1,1,1,1,2,3,1,2,3,4,3,4,1,1,3,1,4,4,3,2,1,4,1,2,2,1,2,1,4,1,3,1,1,4,4,1,4,4,1,1,1,3,1,2,1,1,1,1,2,1,3,2,4,4,1,2,4,2,1,1,4,2,4,4,3,3,2,1,2,3,2,1,1,1,2,3,3,4,2,1,4,2,3,2,2,4,4,1,1,2,3,1,2,3,4,2,1,2,1,2,1,4,2,2,3,3,1,4,2,1,2,3,1,1,4,1,3,3,1,2,4,1,4,1,2,1,1,1,2,2,3,3,1,1,4,2,2,4,2,1,1,2,2,1,2,4,3,2,3,3,4,4,1,4,4,3,2,4,3,1,1,3,2,4,2,2,1,1,4,4,2,1,1,3,3,3,3,1,3,2,2,2,2,1,1,3,2,4,4,1,2,3,1,3,1,1,3,1,4,1,1,2,1,3,1,2,2,4,1,1,4,1,4,4,2,1,1,2,3,1,1,1,1,2,3,4,3,2,3,3,1,2,4,2,3,1,2,2,2,4,3,2,2,2,4,1,1,1,2,4,2,1,4,2,1,1,1,2,1,2,1,2,3,3,3,2,4,3,3,1,1,4,2,3,1,4,4,4,3,2,4,3,2,1,3,4,1,2,2,1,2,3,3,1,4,3,3,2,2,1,1,2,3,3,4,4,2,1,1,3,1,1,3,2,3,4,1,3,1,4,2,4,1,1,1,1,4,1,3,1,1,3,1,4,2,2,1,2,2,4,1,2,4,3,1,3,2,1,2,2,3,3,2,1,2,4,1,4,2,1,1,4,1,1,4,4,2,4,2,4,3,2,2,4,3,2,3,1,2,4,3,4,1,3,1,2,4,4,2,2,2,1,2,2,1,4,2,1,2,1,4,2,1,2,4,1,2,1,2,1,1,4,2,1,2,1,2,4,4,3,4,1,2,1,1,2,2,2,2,2,4,4,3,3,2,4,2,3,4,3,2,2,2,3,2,1,3,2,1,1,1,3,1,3,2,3,1,4,3,4,1,1,3,1,3,2,1,3,1,1,2"
88,0.9882627241940299,0.5,2136.0,"4,2,1,1,2,2,3,1,2,1,4,4,4,1,2,2,4,1,1,2,1,2,4,1,3,1,2,2,4,1,1,2,3,3,1,2,4,1,2,4,1,2,2,2,2,2,3,2,1,2,4,4,3,2,1,4,2,2,1,4,4,4,3,1,3,3,3,2,3,2,1,2,2,3,4,2,3,3,3,1,2,1,4,1,2,3,1,2,1,2,1,2,2,2,3,4,1,1,3,1,2,2,3,2,2,4,1,4,2,1,1,1,3,3,1,2,3,4,4,1,3,2,2,3,2,2,3,2,4,1,2,2,1,1,1,2,3,4,2,2,4,3,2,3,4,4,2,1,1,1,1,1,1,3,3,4,2,2,2,1,4,1,1,3,1,3,3,1,1,4,1,2,2,2,1,3,3,1,4,1,3,2,3,2,3,2,1,2,4,1,4,2,3,3,3,3,2,3,1,4,1,4,1,3,4,4,1,3,2,2,2,1,2,1,3,2,2,1,2,1,4,4,3,2,3,1,3,2,4,3,3,2,2,1,1,3,1,3,3,2,2,1,2,3,2,2,3,2,3,3,3,4,1,1,3,1,1,1,4,2,3,4,1,1,2,1,3,2,1,3,4,2,4,1,3,2,4,1,1,4,4,1,1,4,2,2,2,4,2,4,1,1,1,4,1,4,2,1,2,3,2,2,1,2,3,2,4,1,1,1,1,1,1,1,2,3,1,4,2,2,4,2,1,3,2,1,1,3,2,2,3,3,2,3,1,4,1,4,2,1,1,2,3,1,4,2,2,3,3,2,4,2,4,2,3,1,1,2,4,3,4,3,1,2,3,3,4,4,1,3,2,1,2,3,2,3,3,2,1,3,2,4,2,3,3,2,1,1,2,1,1,4,3,3,1,2,3,1,2,2,1,1,2,2,4,1,2,3,4,3,3,2,2,1,1,4,3,2,1,4,3,1,3,3,3,2,1,2,4,3,3,1,1,2,3,1,3,3,2,4,1,2,2,1,3,3,2,1,2,4,2,4,1,3,1,1,1,4,2,1,4,3,3,2,2,1,2,1,4,4,2,2,2,1,1,1,1,4,1,3,1,2,2,3,1,3,4,1,4,1,4,1,1,1,1,2,3,1,1,2,4,2,4,4,2,1,3,1,1,3,3,1,3,1,4,2,4,3,3,1,4,2,4,4,4,2,1,3,1,3,3,3,1,1,2,4,4,1,3,3,2,2,2,3,1,4,1,3,2,1,3,3,4,2,3,3,2,1,2,2,3,4,3,2,1,2,3,1,2,1,4,2,1,4,2,1,4,3,2,1,2,3,1,3,1,2,1,1,1,1,2,1,3,1,1,4,1,3,3,2,2,4,3,4,4,2,4,4,2,1,4,4,4,3,1,2,4,3,3,2,1,3,2,1,4,4,2,2,1,1,3,4,4,2,2,1,4,1,2,3,2,1,3,4,4,3,4,4,1,1,2,3,1,1,1,1,2,2,1,3,1,3,1,4,2,1,1,4,2,4,3,2,1,4,2,3,1,3,2,2,2,1,1,2,2,4,2,2,2,2,2,1,2,3,2,3,1,1,3,4,2,2,2,4,3,3,1,2,2,3,2,3,3,1,2,2,4,4,1,4,4,1,2,4,1,3,3,3,2,3,3,1,1,2,4,3,3,4,2,4,1,2,4,1,4,3,1,1,1,4,4,1,2,2,2,2,2,1,1,1,1,1,1,4,2,2,3,4,4,1,2,3,2,4,1,2,2,3,2,1,1,2,2,1,1,2,3,1,2,1,4,4,1,2,4,2,1,1,2,1,3,3,4,2,2,1,2,4,1,2,2,1,2,1,2,3,1,3,2,3,4,2,1,3,2,3,2,1,2,2,4,4,1,1,4,3,3,2,4,2,4,1,2,3,3,1,3,2,1,3,1,1,2,2,4,2,1,1,1,3,2,4,4,4,1,3,1,4,2,1,3,2,1,1,1,1,4,3,1,1,2,2,3,4,3,2,4,2,1,1,1,1,3,1,1,2,1,1,4,2,4,2,1,3,3,1,2,1,2,1,4,4,2,4,1,4,1,2,2,1,4,1,2,3,2,4,1,2,3,2,1,4,2,2,3,2,3,1,2,1,2,3,2,2,2,3,2,4,1,4,2,3,2,2,2,3,2,4,3,1,1,2,1,1,1,2,1,2,3,2,1,1,1,1,2,1,2,3,2,4,1,1,4,4,3,2,4,3,1,3,2,1,2,3,3,3,3,4,3,1,1,1,3,1,2,1,4,4,3,2,4,3,4,4,1,2,1,2,4,4,3,2,1,3,1,4,3,3,1,3,2,2,2,1,4,1,4,1,4,1,1,4,1,1,3,2,4,2,4,2,3,2,2,3,4,4,3,2,2,4,1,2,1,3,3,1,1,4,1,1,2,3,4,4,3,1,1,2,2,4,1,1,4,2,3,4,3,4,3,2,1,3,2,2,2,1,1,3,2,2,3,2,1,2,3,4,3,1,3,4,2,4,3,4,1,3,1,1,2,4,2,2,4,4,3,1,4,2,3,1,4,1,2,3,3,1,4,2,1,3,2,3,1,1,2,1,1,2,1,3,3,2,4,2,2,2,3,2,3,3,2,2,2,2,4,1,1,1,1,2,1,2,1,4,2,2,2,1,1,1,2,4,1,4,2,2,3,4,1,1,1,4,4,2,2,3,3,3,3,1,2,1,2,4,4,2,2,3,2,1,1,1,1,2,3,1,2,3,4,3,4,1,1,3,1,4,4,3,2,1,4,1,2,2,1,2,1,4,1,3,1,1,4,4,1,4,4,1,1,1,3,1,2,1,1,1,1,2,1,3,2,4,4,1,2,4,2,1,1,4,2,4,4,3,3,2,1,2,3,2,1,1,1,2,3,3,4,2,1,4,2,3,2,2,4,4,1,1,2,3,1,2,3,4,2,1,2,1,2,1,4,2,2,3,3,1,4,2,1,2,3,1,1,4,1,3,3,1,2,4,1,4,1,2,1,1,1,2,2,3,3,1,1,4,2,2,4,2,1,1,2,2,1,2,4,3,2,3,3,4,4,1,4,4,3,2,4,3,1,1,3,2,4,2,2,1,1,4,4,2,1,1,3,3,3,3,1,3,2,2,2,2,1,1,3,2,4,4,1,2,3,1,3,1,1,3,1,4,1,1,2,1,3,1,2,2,4,1,1,4,1,4,4,2,1,1,2,3,1,1,1,1,2,3,4,3,2,3,3,1,2,4,2,3,1,2,2,2,4,3,2,2,2,4,1,1,1,2,4,2,1,4,2,1,1,1,2,1,2,1,2,3,3,3,2,4,3,3,1,1,4,2,3,1,4,4,4,3,2,4,3,2,1,3,4,1,2,2,1,2,3,3,1,4,3,3,2,2,1,1,2,3,3,4,4,2,1,1,3,1,1,3,2,3,4,1,3,1,4,2,4,1,1,1,1,4,1,3,1,1,3,1,4,2,2,1,2,2,4,1,2,4,3,1,3,2,1,2,2,3,3,2,1,2,4,1,4,2,1,1,4,1,1,4,4,2,4,2,4,3,2,2,4,3,2,3,1,2,4,3,4,1,3,1,2,4,4,2,2,2,1,2,2,1,4,2,1,2,1,4,2,1,2,4,1,2,1,2,1,1,4,2,1,2,1,2,4,4,3,4,1,2,1,1,2,2,2,2,2,4,4,3,3,2,4,2,3,4,3,2,2,2,3,2,1,3,2,1,1,1,3,1,3,2,3,1,4,3,4,1,1,3,1,3,2,1,3,1,1,2"
89,0.9882627241940299,0.5,2136.0,"4,2,1,1,2,2,3,1,2,1,4,4,4,1,2,2,4,1,1,2,1,2,4,1,3,1,2,2,4,1,1,2,3,3,1,2,4,1,2,4,1,2,2,2,2,2,3,2,1,2,4,4,3,2,1,4,2,2,1,4,4,4,3,1,3,3,3,2,3,2,1,2,2,3,4,2,3,3,3,1,2,1,4,1,2,3,1,2,1,2,1,2,2,2,3,4,1,1,3,1,2,2,3,2,2,4,1,4,2,1,1,1,3,3,1,2,3,4,4,1,3,2,2,3,2,2,3,2,4,1,2,2,1,1,1,2,3,4,2,2,4,3,2,3,4,4,2,1,1,1,1,1,1,3,3,4,2,2,2,1,4,1,1,3,1,3,3,1,1,4,1,2,2,2,1,3,3,1,4,1,3,2,3,2,3,2,1,2,4,1,4,2,3,3,3,3,2,3,1,4,1,4,1,3,4,4,1,3,2,2,2,1,2,1,3,2,2,1,2,1,4,4,3,2,3,1,3,2,4,3,3,2,2,1,1,3,1,3,3,2,2,1,2,3,2,2,3,2,3,3,3,4,1,1,3,1,1,1,4,2,3,4,1,1,2,1,3,2,1,3,4,2,4,1,3,2,4,1,1,4,4,1,1,4,2,2,2,4,2,4,1,1,1,4,1,4,2,1,2,3,2,2,1,2,3,2,4,1,1,1,1,1,1,1,2,3,1,4,2,2,4,2,1,3,2,1,1,3,2,2,3,3,2,3,1,4,1,4,2,1,1,2,3,1,4,2,2,3,3,2,4,2,4,2,3,1,1,2,4,3,4,3,1,2,3,3,4,4,1,3,2,1,2,3,2,3,3,2,1,3,2,4,2,3,3,2,1,1,2,1,1,4,3,3,1,2,3,1,2,2,1,1,2,2,4,1,2,3,4,3,3,2,2,1,1,4,3,2,1,4,3,1,3,3,3,2,1,2,4,3,3,1,1,2,3,1,3,3,2,4,1,2,2,1,3,3,2,1,2,4,2,4,1,3,1,1,1,4,2,1,4,3,3,2,2,1,2,1,4,4,2,2,2,1,1,1,1,4,1,3,1,2,2,3,1,3,4,1,4,1,4,1,1,1,1,2,3,1,1,2,4,2,4,4,2,1,3,1,1,3,3,1,3,1,4,2,4,3,3,1,4,2,4,4,4,2,1,3,1,3,3,3,1,1,2,4,4,1,3,3,2,2,2,3,1,4,1,3,2,1,3,3,4,2,3,3,2,1,2,2,3,4,3,2,1,2,3,1,2,1,4,2,1,4,2,1,4,3,2,1,2,3,1,3,1,2,1,1,1,1,2,1,3,1,1,4,1,3,3,2,2,4,3,4,4,2,4,4,2,1,4,4,4,3,1,2,4,3,3,2,1,3,2,1,4,4,2,2,1,1,3,4,4,2,2,1,4,1,2,3,2,1,3,4,4,3,4,4,1,1,2,3,1,1,1,1,2,2,1,3,1,3,1,4,2,1,1,4,2,4,3,2,1,4,2,3,1,3,2,2,2,1,1,2,2,4,2,2,2,2,2,1,2,3,2,3,1,1,3,4,2,2,2,4,3,3,1,2,2,3,2,3,3,1,2,2,4,4,1,4,4,1,2,4,1,3,3,3,2,3,3,1,1,2,4,3,3,4,2,4,1,2,4,1,4,3,1,1,1,4,4,1,2,2,2,2,2,1,1,1,1,1,1,4,2,2,3,4,4,1,2,3,2,4,1,2,2,3,2,1,1,2,2,1,1,2,3,1,2,1,4,4,1,2,4,2,1,1,2,1,3,3,4,2,2,1,2,4,1,2,2,1,2,1,2,3,1,3,2,3,4,2,1,3,2,3,2,1,2,2,4,4,1,1,4,3,3,2,4,2,4,1,2,3,3,1,3,2,1,3,1,1,2,2,4,2,1,1,1,3,2,4,4,4,1,3,1,4,2,1,3,2,1,1,1,1,4,3,1,1,2,2,3,4,3,2,4,2,1,1,1,1,3,1,1,2,1,1,4,2,4,2,1,3,3,1,2,1,2,1,4,4,2,4,1,4,1,2,2,1,4,1,2,3,2,4,1,2,3,2,1,4,2,2,3,2,3,1,2,1,2,3,2,2,2,3,2,4,1,4,2,3,2,2,2,3,2,4,3,1,1,2,1,1,1,2,1,2,3,2,1,1,1,1,2,1,2,3,2,4,1,1,4,4,3,2,4,3,1,3,2,1,2,3,3,3,3,4,3,1,1,1,3,1,2,1,4,4,3,2,4,3,4,4,1,2,1,2,4,4,3,2,1,3,1,4,3,3,1,3,2,2,2,1,4,1,4,1,4,1,1,4,1,1,3,2,4,2,4,2,3,2,2,3,4,4,3,2,2,4,1,2,1,3,3,1,1,4,1,1,2,3,4,4,3,1,1,2,2,4,1,1,4,2,3,4,3,4,3,2,1,3,2,2,2,1,1,3,2,2,3,2,1,2,3,4,3,1,3,4,2,4,3,4,1,3,1,1,2,4,2,2,4,4,3,1,4,2,3,1,4,1,2,3,3,1,4,2,1,3,2,3,1,1,2,1,1,2,1,3,3,2,4,2,2,2,3,2,3,3,2,2,2,2,4,1,1,1,1,2,1,2,1,4,2,2,2,1,1,1,2,4,1,4,2,2,3,4,1,1,1,4,4,2,2,3,3,3,3,1,2,1,2,4,4,2,2,3,2,1,1,1,1,2,3,1,2,3,4,3,4,1,1,3,1,4,4,3,2,1,4,1,2,2,1,2,1,4,1,3,1,1,4,4,1,4,4,1,1,1,3,1,2,1,1,1,1,2,1,3,2,4,4,1,2,4,2,1,1,4,2,4,4,3,3,2,1,2,3,2,1,1,1,2,3,3,4,2,1,4,2,3,2,2,4,4,1,1,2,3,1,2,3,4,2,1,2,1,2,1,4,2,2,3,3,1,4,2,1,2,3,1,1,4,1,3,3,1,2,4,1,4,1,2,1,1,1,2,2,3,3,1,1,4,2,2,4,2,1,1,2,2,1,2,4,3,2,3,3,4,4,1,4,4,3,2,4,3,1,1,3,2,4,2,2,1,1,4,4,2,1,1,3,3,3,3,1,3,2,2,2,2,1,1,3,2,4,4,1,2,3,1,3,1,1,3,1,4,1,1,2,1,3,1,2,2,4,1,1,4,1,4,4,2,1,1,2,3,1,1,1,1,2,3,4,3,2,3,3,1,2,4,2,3,1,2,2,2,4,3,2,2,2,4,1,1,1,2,4,2,1,4,2,1,1,1,2,1,2,1,2,3,3,3,2,4,3,3,1,1,4,2,3,1,4,4,4,3,2,4,3,2,1,3,4,1,2,2,1,2,3,3,1,4,3,3,2,2,1,1,2,3,3,4,4,2,1,1,3,1,1,3,2,3,4,1,3,1,4,2,4,1,1,1,1,4,1,3,1,1,3,1,4,2,2,1,2,2,4,1,2,4,3,1,3,2,1,2,2,3,3,2,1,2,4,1,4,2,1,1,4,1,1,4,4,2,4,2,4,3,2,2,4,3,2,3,1,2,4,3,4,1,3,1,2,4,4,2,2,2,1,2,2,1,4,2,1,2,1,4,2,1,2,4,1,2,1,2,1,1,4,2,1,2,1,2,4,4,3,4,1,2,1,1,2,2,2,2,2,4,4,3,3,2,4,2,3,4,3,2,2,2,3,2,1,3,2,1,1,1,3,1,3,2,3,1,4,3,4,1,1,3,1,3,2,1,3,1,1,2"
90,0.9882627241940299,0.5,2136.0,"4,2,1,1,2,2,3,1,2,1,4,4,4,1,2,2,4,1,1,2,1,2,4,1,3,1,2,2,4,1,1,2,3,3,1,2,4,1,2,4,1,2,2,2,2,2,3,2,1,2,4,4,3,2,1,4,2,2,1,4,4,4,3,1,3,3,3,2,3,2,1,2,2,3,4,2,3,3,3,1,2,1,4,1,2,3,1,2,1,2,1,2,2,2,3,4,1,1,3,1,2,2,3,2,2,4,1,4,2,1,1,1,3,3,1,2,3,4,4,1,3,2,2,3,2,2,3,2,4,1,2,2,1,1,1,2,3,4,2,2,4,3,2,3,4,4,2,1,1,1,1,1,1,3,3,4,2,2,2,1,4,1,1,3,1,3,3,1,1,4,1,2,2,2,1,3,3,1,4,1,3,2,3,2,3,2,1,2,4,1,4,2,3,3,3,3,2,3,1,4,1,4,1,3,4,4,1,3,2,2,2,1,2,1,3,2,2,1,2,1,4,4,3,2,3,1,3,2,4,3,3,2,2,1,1,3,1,3,3,2,2,1,2,3,2,2,3,2,3,3,3,4,1,1,3,1,1,1,4,2,3,4,1,1,2,1,3,2,1,3,4,2,4,1,3,2,4,1,1,4,4,1,1,4,2,2,2,4,2,4,1,1,1,4,1,4,2,1,2,3,2,2,1,2,3,2,4,1,1,1,1,1,1,1,2,3,1,4,2,2,4,2,1,3,2,1,1,3,2,2,3,3,2,3,1,4,1,4,2,1,1,2,3,1,4,2,2,3,3,2,4,2,4,2,3,1,1,2,4,3,4,3,1,2,3,3,4,4,1,3,2,1,2,3,2,3,3,2,1,3,2,4,2,3,3,2,1,1,2,1,1,4,3,3,1,2,3,1,2,2,1,1,2,2,4,1,2,3,4,3,3,2,2,1,1,4,3,2,1,4,3,1,3,3,3,2,1,2,4,3,3,1,1,2,3,1,3,3,2,4,1,2,2,1,3,3,2,1,2,4,2,4,1,3,1,1,1,4,2,1,4,3,3,2,2,1,2,1,4,4,2,2,2,1,1,1,1,4,1,3,1,2,2,3,1,3,4,1,4,1,4,1,1,1,1,2,3,1,1,2,4,2,4,4,2,1,3,1,1,3,3,1,3,1,4,2,4,3,3,1,4,2,4,4,4,2,1,3,1,3,3,3,1,1,2,4,4,1,3,3,2,2,2,3,1,4,1,3,2,1,3,3,4,2,3,3,2,1,2,2,3,4,3,2,1,2,3,1,2,1,4,2,1,4,2,1,4,3,2,1,2,3,1,3,1,2,1,1,1,1,2,1,3,1,1,4,1,3,3,2,2,4,3,4,4,2,4,4,2,1,4,4,4,3,1,2,4,3,3,2,1,3,2,1,4,4,2,2,1,1,3,4,4,2,2,1,4,1,2,3,2,1,3,4,4,3,4,4,1,1,2,3,1,1,1,1,2,2,1,3,1,3,1,4,2,1,1,4,2,4,3,2,1,4,2,3,1,3,2,2,2,1,1,2,2,4,2,2,2,2,2,1,2,3,2,3,1,1,3,4,2,2,2,4,3,3,1,2,2,3,2,3,3,1,2,2,4,4,1,4,4,1,2,4,1,3,3,3,2,3,3,1,1,2,4,3,3,4,2,4,1,2,4,1,4,3,1,1,1,4,4,1,2,2,2,2,2,1,1,1,1,1,1,4,2,2,3,4,4,1,2,3,2,4,1,2,2,3,2,1,1,2,2,1,1,2,3,1,2,1,4,4,1,2,4,2,1,1,2,1,3,3,4,2,2,1,2,4,1,2,2,1,2,1,2,3,1,3,2,3,4,2,1,3,2,3,2,1,2,2,4,4,1,1,4,3,3,2,4,2,4,1,2,3,3,1,3,2,1,3,1,1,2,2,4,2,1,1,1,3,2,4,4,4,1,3,1,4,2,1,3,2,1,1,1,1,4,3,1,1,2,2,3,4,3,2,4,2,1,1,1,1,3,1,1,2,1,1,4,2,4,2,1,3,3,1,2,1,2,1,4,4,2,4,1,4,1,2,2,1,4,1,2,3,2,4,1,2,3,2,1,4,2,2,3,2,3,1,2,1,2,3,2,2,2,3,2,4,1,4,2,3,2,2,2,3,2,4,3,1,1,2,1,1,1,2,1,2,3,2,1,1,1,1,2,1,2,3,2,4,1,1,4,4,3,2,4,3,1,3,2,1,2,3,3,3,3,4,3,1,1,1,3,1,2,1,4,4,3,2,4,3,4,4,1,2,1,2,4,4,3,2,1,3,1,4,3,3,1,3,2,2,2,1,4,1,4,1,4,1,1,4,1,1,3,2,4,2,4,2,3,2,2,3,4,4,3,2,2,4,1,2,1,3,3,1,1,4,1,1,2,3,4,4,3,1,1,2,2,4,1,1,4,2,3,4,3,4,3,2,1,3,2,2,2,1,1,3,2,2,3,2,1,2,3,4,3,1,3,4,2,4,3,4,1,3,1,1,2,4,2,2,4,4,3,1,4,2,3,1,4,1,2,3,3,1,4,2,1,3,2,3,1,1,2,1,1,2,1,3,3,2,4,2,2,2,3,2,3,3,2,2,2,2,4,1,1,1,1,2,1,2,1,4,2,2,2,1,1,1,2,4,1,4,2,2,3,4,1,1,1,4,4,2,2,3,3,3,3,1,2,1,2,4,4,2,2,3,2,1,1,1,1,2,3,1,2,3,4,3,4,1,1,3,1,4,4,3,2,1,4,1,2,2,1,2,1,4,1,3,1,1,4,4,1,4,4,1,1,1,3,1,2,1,1,1,1,2,1,3,2,4,4,1,2,4,2,1,1,4,2,4,4,3,3,2,1,2,3,2,1,1,1,2,3,3,4,2,1,4,2,3,2,2,4,4,1,1,2,3,1,2,3,4,2,1,2,1,2,1,4,2,2,3,3,1,4,2,1,2,3,1,1,4,1,3,3,1,2,4,1,4,1,2,1,1,1,2,2,3,3,1,1,4,2,2,4,2,1,1,2,2,1,2,4,3,2,3,3,4,4,1,4,4,3,2,4,3,1,1,3,2,4,2,2,1,1,4,4,2,1,1,3,3,3,3,1,3,2,2,2,2,1,1,3,2,4,4,1,2,3,1,3,1,1,3,1,4,1,1,2,1,3,1,2,2,4,1,1,4,1,4,4,2,1,1,2,3,1,1,1,1,2,3,4,3,2,3,3,1,2,4,2,3,1,2,2,2,4,3,2,2,2,4,1,1,1,2,4,2,1,4,2,1,1,1,2,1,2,1,2,3,3,3,2,4,3,3,1,1,4,2,3,1,4,4,4,3,2,4,3,2,1,3,4,1,2,2,1,2,3,3,1,4,3,3,2,2,1,1,2,3,3,4,4,2,1,1,3,1,1,3,2,3,4,1,3,1,4,2,4,1,1,1,1,4,1,3,1,1,3,1,4,2,2,1,2,2,4,1,2,4,3,1,3,2,1,2,2,3,3,2,1,2,4,1,4,2,1,1,4,1,1,4,4,2,4,2,4,3,2,2,4,3,2,3,1,2,4,3,4,1,3,1,2,4,4,2,2,2,1,2,2,1,4,2,1,2,1,4,2,1,2,4,1,2,1,2,1,1,4,2,1,2,1,2,4,4,3,4,1,2,1,1,2,2,2,2,2,4,4,3,3,2,4,2,3,4,3,2,2,2,3,2,1,3,2,1,1,1,3,1,3,2,3,1,4,3,4,1,1,3,1,3,2,1,3,1,1,2"
91,0.9882627241940299,0.5,2136.0,"4,2,1,1,2,2,3,1,2,1,4,4,4,1,2,2,4,1,1,2,1,2,4,1,3,1,2,2,4,1,1,2,3,3,1,2,4,1,2,4,1,2,2,2,2,2,3,2,1,2,4,4,3,2,1,4,2,2,1,4,4,4,3,1,3,3,3,2,3,2,1,2,2,3,4,2,3,3,3,1,2,1,4,1,2,3,1,2,1,2,1,2,2,2,3,4,1,1,3,1,2,2,3,2,2,4,1,4,2,1,1,1,3,3,1,2,3,4,4,1,3,2,2,3,2,2,3,2,4,1,2,2,1,1,1,2,3,4,2,2,4,3,2,3,4,4,2,1,1,1,1,1,1,3,3,4,2,2,2,1,4,1,1,3,1,3,3,1,1,4,1,2,2,2,1,3,3,1,4,1,3,2,3,2,3,2,1,2,4,1,4,2,3,3,3,3,2,3,1,4,1,4,1,3,4,4,1,3,2,2,2,1,2,1,3,2,2,1,2,1,4,4,3,2,3,1,3,2,4,3,3,2,2,1,1,3,1,3,3,2,2,1,2,3,2,2,3,2,3,3,3,4,1,1,3,1,1,1,4,2,3,4,1,1,2,1,3,2,1,3,4,2,4,1,3,2,4,1,1,4,4,1,1,4,2,2,2,4,2,4,1,1,1,4,1,4,2,1,2,3,2,2,1,2,3,2,4,1,1,1,1,1,1,1,2,3,1,4,2,2,4,2,1,3,2,1,1,3,2,2,3,3,2,3,1,4,1,4,2,1,1,2,3,1,4,2,2,3,3,2,4,2,4,2,3,1,1,2,4,3,4,3,1,2,3,3,4,4,1,3,2,1,2,3,2,3,3,2,1,3,2,4,2,3,3,2,1,1,2,1,1,4,3,3,1,2,3,1,2,2,1,1,2,2,4,1,2,3,4,3,3,2,2,1,1,4,3,2,1,4,3,1,3,3,3,2,1,2,4,3,3,1,1,2,3,1,3,3,2,4,1,2,2,1,3,3,2,1,2,4,2,4,1,3,1,1,1,4,2,1,4,3,3,2,2,1,2,1,4,4,2,2,2,1,1,1,1,4,1,3,1,2,2,3,1,3,4,1,4,1,4,1,1,1,1,2,3,1,1,2,4,2,4,4,2,1,3,1,1,3,3,1,3,1,4,2,4,3,3,1,4,2,4,4,4,2,1,3,1,3,3,3,1,1,2,4,4,1,3,3,2,2,2,3,1,4,1,3,2,1,3,3,4,2,3,3,2,1,2,2,3,4,3,2,1,2,3,1,2,1,4,2,1,4,2,1,4,3,2,1,2,3,1,3,1,2,1,1,1,1,2,1,3,1,1,4,1,3,3,2,2,4,3,4,4,2,4,4,2,1,4,4,4,3,1,2,4,3,3,2,1,3,2,1,4,4,2,2,1,1,3,4,4,2,2,1,4,1,2,3,2,1,3,4,4,3,4,4,1,1,2,3,1,1,1,1,2,2,1,3,1,3,1,4,2,1,1,4,2,4,3,2,1,4,2,3,1,3,2,2,2,1,1,2,2,4,2,2,2,2,2,1,2,3,2,3,1,1,3,4,2,2,2,4,3,3,1,2,2,3,2,3,3,1,2,2,4,4,1,4,4,1,2,4,1,3,3,3,2,3,3,1,1,2,4,3,3,4,2,4,1,2,4,1,4,3,1,1,1,4,4,1,2,2,2,2,2,1,1,1,1,1,1,4,2,2,3,4,4,1,2,3,2,4,1,2,2,3,2,1,1,2,2,1,1,2,3,1,2,1,4,4,1,2,4,2,1,1,2,1,3,3,4,2,2,1,2,4,1,2,2,1,2,1,2,3,1,3,2,3,4,2,1,3,2,3,2,1,2,2,4,4,1,1,4,3,3,2,4,2,4,1,2,3,3,1,3,2,1,3,1,1,2,2,4,2,1,1,1,3,2,4,4,4,1,3,1,4,2,1,3,2,1,1,1,1,4,3,1,1,2,2,3,4,3,2,4,2,1,1,1,1,3,1,1,2,1,1,4,2,4,2,1,3,3,1,2,1,2,1,4,4,2,4,1,4,1,2,2,1,4,1,2,3,2,4,1,2,3,2,1,4,2,2,3,2,3,1,2,1,2,3,2,2,2,3,2,4,1,4,2,3,2,2,2,3,2,4,3,1,1,2,1,1,1,2,1,2,3,2,1,1,1,1,2,1,2,3,2,4,1,1,4,4,3,2,4,3,1,3,2,1,2,3,3,3,3,4,3,1,1,1,3,1,2,1,4,4,3,2,4,3,4,4,1,2,1,2,4,4,3,2,1,3,1,4,3,3,1,3,2,2,2,1,4,1,4,1,4,1,1,4,1,1,3,2,4,2,4,2,3,2,2,3,4,4,3,2,2,4,1,2,1,3,3,1,1,4,1,1,2,3,4,4,3,1,1,2,2,4,1,1,4,2,3,4,3,4,3,2,1,3,2,2,2,1,1,3,2,2,3,2,1,2,3,4,3,1,3,4,2,4,3,4,1,3,1,1,2,4,2,2,4,4,3,1,4,2,3,1,4,1,2,3,3,1,4,2,1,3,2,3,1,1,2,1,1,2,1,3,3,2,4,2,2,2,3,2,3,3,2,2,2,2,4,1,1,1,1,2,1,2,1,4,2,2,2,1,1,1,2,4,1,4,2,2,3,4,1,1,1,4,4,2,2,3,3,3,3,1,2,1,2,4,4,2,2,3,2,1,1,1,1,2,3,1,2,3,4,3,4,1,1,3,1,4,4,3,2,1,4,1,2,2,1,2,1,4,1,3,1,1,4,4,1,4,4,1,1,1,3,1,2,1,1,1,1,2,1,3,2,4,4,1,2,4,2,1,1,4,2,4,4,3,3,2,1,2,3,2,1,1,1,2,3,3,4,2,1,4,2,3,2,2,4,4,1,1,2,3,1,2,3,4,2,1,2,1,2,1,4,2,2,3,3,1,4,2,1,2,3,1,1,4,1,3,3,1,2,4,1,4,1,2,1,1,1,2,2,3,3,1,1,4,2,2,4,2,1,1,2,2,1,2,4,3,2,3,3,4,4,1,4,4,3,2,4,3,1,1,3,2,4,2,2,1,1,4,4,2,1,1,3,3,3,3,1,3,2,2,2,2,1,1,3,2,4,4,1,2,3,1,3,1,1,3,1,4,1,1,2,1,3,1,2,2,4,1,1,4,1,4,4,2,1,1,2,3,1,1,1,1,2,3,4,3,2,3,3,1,2,4,2,3,1,2,2,2,4,3,2,2,2,4,1,1,1,2,4,2,1,4,2,1,1,1,2,1,2,1,2,3,3,3,2,4,3,3,1,1,4,2,3,1,4,4,4,3,2,4,3,2,1,3,4,1,2,2,1,2,3,3,1,4,3,3,2,2,1,1,2,3,3,4,4,2,1,1,3,1,1,3,2,3,4,1,3,1,4,2,4,1,1,1,1,4,1,3,1,1,3,1,4,2,2,1,2,2,4,1,2,4,3,1,3,2,1,2,2,3,3,2,1,2,4,1,4,2,1,1,4,1,1,4,4,2,4,2,4,3,2,2,4,3,2,3,1,2,4,3,4,1,3,1,2,4,4,2,2,2,1,2,2,1,4,2,1,2,1,4,2,1,2,4,1,2,1,2,1,1,4,2,1,2,1,2,4,4,3,4,1,2,1,1,2,2,2,2,2,4,4,3,3,2,4,2,3,4,3,2,2,2,3,2,1,3,2,1,1,1,3,1,3,2,3,1,4,3,4,1,1,3,1,3,2,1,3,1,1,2"
92,0.9882627241940299,0.5,2136.0,"4,2,1,1,2,2,3,1,2,1,4,4,4,1,2,2,4,1,1,2,1,2,4,1,3,1,2,2,4,1,1,2,3,3,1,2,4,1,2,4,1,2,2,2,2,2,3,2,1,2,4,4,3,2,1,4,2,2,1,4,4,4,3,1,3,3,3,2,3,2,1,2,2,3,4,2,3,3,3,1,2,1,4,1,2,3,1,2,1,2,1,2,2,2,3,4,1,1,3,1,2,2,3,2,2,4,1,4,2,1,1,1,3,3,1,2,3,4,4,1,3,2,2,3,2,2,3,2,4,1,2,2,1,1,1,2,3,4,2,2,4,3,2,3,4,4,2,1,1,1,1,1,1,3,3,4,2,2,2,1,4,1,1,3,1,3,3,1,1,4,1,2,2,2,1,3,3,1,4,1,3,2,3,2,3,2,1,2,4,1,4,2,3,3,3,3,2,3,1,4,1,4,1,3,4,4,1,3,2,2,2,1,2,1,3,2,2,1,2,1,4,4,3,2,3,1,3,2,4,3,3,2,2,1,1,3,1,3,3,2,2,1,2,3,2,2,3,2,3,3,3,4,1,1,3,1,1,1,4,2,3,4,1,1,2,1,3,2,1,3,4,2,4,1,3,2,4,1,1,4,4,1,1,4,2,2,2,4,2,4,1,1,1,4,1,4,2,1,2,3,2,2,1,2,3,2,4,1,1,1,1,1,1,1,2,3,1,4,2,2,4,2,1,3,2,1,1,3,2,2,3,3,2,3,1,4,1,4,2,1,1,2,3,1,4,2,2,3,3,2,4,2,4,2,3,1,1,2,4,3,4,3,1,2,3,3,4,4,1,3,2,1,2,3,2,3,3,2,1,3,2,4,2,3,3,2,1,1,2,1,1,4,3,3,1,2,3,1,2,2,1,1,2,2,4,1,2,3,4,3,3,2,2,1,1,4,3,2,1,4,3,1,3,3,3,2,1,2,4,3,3,1,1,2,3,1,3,3,2,4,1,2,2,1,3,3,2,1,2,4,2,4,1,3,1,1,1,4,2,1,4,3,3,2,2,1,2,1,4,4,2,2,2,1,1,1,1,4,1,3,1,2,2,3,1,3,4,1,4,1,4,1,1,1,1,2,3,1,1,2,4,2,4,4,2,1,3,1,1,3,3,1,3,1,4,2,4,3,3,1,4,2,4,4,4,2,1,3,1,3,3,3,1,1,2,4,4,1,3,3,2,2,2,3,1,4,1,3,2,1,3,3,4,2,3,3,2,1,2,2,3,4,3,2,1,2,3,1,2,1,4,2,1,4,2,1,4,3,2,1,2,3,1,3,1,2,1,1,1,1,2,1,3,1,1,4,1,3,3,2,2,4,3,4,4,2,4,4,2,1,4,4,4,3,1,2,4,3,3,2,1,3,2,1,4,4,2,2,1,1,3,4,4,2,2,1,4,1,2,3,2,1,3,4,4,3,4,4,1,1,2,3,1,1,1,1,2,2,1,3,1,3,1,4,2,1,1,4,2,4,3,2,1,4,2,3,1,3,2,2,2,1,1,2,2,4,2,2,2,2,2,1,2,3,2,3,1,1,3,4,2,2,2,4,3,3,1,2,2,3,2,3,3,1,2,2,4,4,1,4,4,1,2,4,1,3,3,3,2,3,3,1,1,2,4,3,3,4,2,4,1,2,4,1,4,3,1,1,1,4,4,1,2,2,2,2,2,1,1,1,1,1,1,4,2,2,3,4,4,1,2,3,2,4,1,2,2,3,2,1,1,2,2,1,1,2,3,1,2,1,4,4,1,2,4,2,1,1,2,1,3,3,4,2,2,1,2,4,1,2,2,1,2,1,2,3,1,3,2,3,4,2,1,3,2,3,2,1,2,2,4,4,1,1,4,3,3,2,4,2,4,1,2,3,3,1,3,2,1,3,1,1,2,2,4,2,1,1,1,3,2,4,4,4,1,3,1,4,2,1,3,2,1,1,1,1,4,3,1,1,2,2,3,4,3,2,4,2,1,1,1,1,3,1,1,2,1,1,4,2,4,2,1,3,3,1,2,1,2,1,4,4,2,4,1,4,1,2,2,1,4,1,2,3,2,4,1,2,3,2,1,4,2,2,3,2,3,1,2,1,2,3,2,2,2,3,2,4,1,4,2,3,2,2,2,3,2,4,3,1,1,2,1,1,1,2,1,2,3,2,1,1,1,1,2,1,2,3,2,4,1,1,4,4,3,2,4,3,1,3,2,1,2,3,3,3,3,4,3,1,1,1,3,1,2,1,4,4,3,2,4,3,4,4,1,2,1,2,4,4,3,2,1,3,1,4,3,3,1,3,2,2,2,1,4,1,4,1,4,1,1,4,1,1,3,2,4,2,4,2,3,2,2,3,4,4,3,2,2,4,1,2,1,3,3,1,1,4,1,1,2,3,4,4,3,1,1,2,2,4,1,1,4,2,3,4,3,4,3,2,1,3,2,2,2,1,1,3,2,2,3,2,1,2,3,4,3,1,3,4,2,4,3,4,1,3,1,1,2,4,2,2,4,4,3,1,4,2,3,1,4,1,2,3,3,1,4,2,1,3,2,3,1,1,2,1,1,2,1,3,3,2,4,2,2,2,3,2,3,3,2,2,2,2,4,1,1,1,1,2,1,2,1,4,2,2,2,1,1,1,2,4,1,4,2,2,3,4,1,1,1,4,4,2,2,3,3,3,3,1,2,1,2,4,4,2,2,3,2,1,1,1,1,2,3,1,2,3,4,3,4,1,1,3,1,4,4,3,2,1,4,1,2,2,1,2,1,4,1,3,1,1,4,4,1,4,4,1,1,1,3,1,2,1,1,1,1,2,1,3,2,4,4,1,2,4,2,1,1,4,2,4,4,3,3,2,1,2,3,2,1,1,1,2,3,3,4,2,1,4,2,3,2,2,4,4,1,1,2,3,1,2,3,4,2,1,2,1,2,1,4,2,2,3,3,1,4,2,1,2,3,1,1,4,1,3,3,1,2,4,1,4,1,2,1,1,1,2,2,3,3,1,1,4,2,2,4,2,1,1,2,2,1,2,4,3,2,3,3,4,4,1,4,4,3,2,4,3,1,1,3,2,4,2,2,1,1,4,4,2,1,1,3,3,3,3,1,3,2,2,2,2,1,1,3,2,4,4,1,2,3,1,3,1,1,3,1,4,1,1,2,1,3,1,2,2,4,1,1,4,1,4,4,2,1,1,2,3,1,1,1,1,2,3,4,3,2,3,3,1,2,4,2,3,1,2,2,2,4,3,2,2,2,4,1,1,1,2,4,2,1,4,2,1,1,1,2,1,2,1,2,3,3,3,2,4,3,3,1,1,4,2,3,1,4,4,4,3,2,4,3,2,1,3,4,1,2,2,1,2,3,3,1,4,3,3,2,2,1,1,2,3,3,4,4,2,1,1,3,1,1,3,2,3,4,1,3,1,4,2,4,1,1,1,1,4,1,3,1,1,3,1,4,2,2,1,2,2,4,1,2,4,3,1,3,2,1,2,2,3,3,2,1,2,4,1,4,2,1,1,4,1,1,4,4,2,4,2,4,3,2,2,4,3,2,3,1,2,4,3,4,1,3,1,2,4,4,2,2,2,1,2,2,1,4,2,1,2,1,4,2,1,2,4,1,2,1,2,1,1,4,2,1,2,1,2,4,4,3,4,1,2,1,1,2,2,2,2,2,4,4,3,3,2,4,2,3,4,3,2,2,2,3,2,1,3,2,1,1,1,3,1,3,2,3,1,4,3,4,1,1,3,1,3,2,1,3,1,1,2"
93,0.9882627241940299,0.5,2136.0,"4,2,1,1,2,2,3,1,2,1,4,4,4,1,2,2,4,1,1,2,1,2,4,1,3,1,2,2,4,1,1,2,3,3,1,2,4,1,2,4,1,2,2,2,2,2,3,2,1,2,4,4,3,2,1,4,2,2,1,4,4,4,3,1,3,3,3,2,3,2,1,2,2,3,4,2,3,3,3,1,2,1,4,1,2,3,1,2,1,2,1,2,2,2,3,4,1,1,3,1,2,2,3,2,2,4,1,4,2,1,1,1,3,3,1,2,3,4,4,1,3,2,2,3,2,2,3,2,4,1,2,2,1,1,1,2,3,4,2,2,4,3,2,3,4,4,2,1,1,1,1,1,1,3,3,4,2,2,2,1,4,1,1,3,1,3,3,1,1,4,1,2,2,2,1,3,3,1,4,1,3,2,3,2,3,2,1,2,4,1,4,2,3,3,3,3,2,3,1,4,1,4,1,3,4,4,1,3,2,2,2,1,2,1,3,2,2,1,2,1,4,4,3,2,3,1,3,2,4,3,3,2,2,1,1,3,1,3,3,2,2,1,2,3,2,2,3,2,3,3,3,4,1,1,3,1,1,1,4,2,3,4,1,1,2,1,3,2,1,3,4,2,4,1,3,2,4,1,1,4,4,1,1,4,2,2,2,4,2,4,1,1,1,4,1,4,2,1,2,3,2,2,1,2,3,2,4,1,1,1,1,1,1,1,2,3,1,4,2,2,4,2,1,3,2,1,1,3,2,2,3,3,2,3,1,4,1,4,2,1,1,2,3,1,4,2,2,3,3,2,4,2,4,2,3,1,1,2,4,3,4,3,1,2,3,3,4,4,1,3,2,1,2,3,2,3,3,2,1,3,2,4,2,3,3,2,1,1,2,1,1,4,3,3,1,2,3,1,2,2,1,1,2,2,4,1,2,3,4,3,3,2,2,1,1,4,3,2,1,4,3,1,3,3,3,2,1,2,4,3,3,1,1,2,3,1,3,3,2,4,1,2,2,1,3,3,2,1,2,4,2,4,1,3,1,1,1,4,2,1,4,3,3,2,2,1,2,1,4,4,2,2,2,1,1,1,1,4,1,3,1,2,2,3,1,3,4,1,4,1,4,1,1,1,1,2,3,1,1,2,4,2,4,4,2,1,3,1,1,3,3,1,3,1,4,2,4,3,3,1,4,2,4,4,4,2,1,3,1,3,3,3,1,1,2,4,4,1,3,3,2,2,2,3,1,4,1,3,2,1,3,3,4,2,3,3,2,1,2,2,3,4,3,2,1,2,3,1,2,1,4,2,1,4,2,1,4,3,2,1,2,3,1,3,1,2,1,1,1,1,2,1,3,1,1,4,1,3,3,2,2,4,3,4,4,2,4,4,2,1,4,4,4,3,1,2,4,3,3,2,1,3,2,1,4,4,2,2,1,1,3,4,4,2,2,1,4,1,2,3,2,1,3,4,4,3,4,4,1,1,2,3,1,1,1,1,2,2,1,3,1,3,1,4,2,1,1,4,2,4,3,2,1,4,2,3,1,3,2,2,2,1,1,2,2,4,2,2,2,2,2,1,2,3,2,3,1,1,3,4,2,2,2,4,3,3,1,2,2,3,2,3,3,1,2,2,4,4,1,4,4,1,2,4,1,3,3,3,2,3,3,1,1,2,4,3,3,4,2,4,1,2,4,1,4,3,1,1,1,4,4,1,2,2,2,2,2,1,1,1,1,1,1,4,2,2,3,4,4,1,2,3,2,4,1,2,2,3,2,1,1,2,2,1,1,2,3,1,2,1,4,4,1,2,4,2,1,1,2,1,3,3,4,2,2,1,2,4,1,2,2,1,2,1,2,3,1,3,2,3,4,2,1,3,2,3,2,1,2,2,4,4,1,1,4,3,3,2,4,2,4,1,2,3,3,1,3,2,1,3,1,1,2,2,4,2,1,1,1,3,2,4,4,4,1,3,1,4,2,1,3,2,1,1,1,1,4,3,1,1,2,2,3,4,3,2,4,2,1,1,1,1,3,1,1,2,1,1,4,2,4,2,1,3,3,1,2,1,2,1,4,4,2,4,1,4,1,2,2,1,4,1,2,3,2,4,1,2,3,2,1,4,2,2,3,2,3,1,2,1,2,3,2,2,2,3,2,4,1,4,2,3,2,2,2,3,2,4,3,1,1,2,1,1,1,2,1,2,3,2,1,1,1,1,2,1,2,3,2,4,1,1,4,4,3,2,4,3,1,3,2,1,2,3,3,3,3,4,3,1,1,1,3,1,2,1,4,4,3,2,4,3,4,4,1,2,1,2,4,4,3,2,1,3,1,4,3,3,1,3,2,2,2,1,4,1,4,1,4,1,1,4,1,1,3,2,4,2,4,2,3,2,2,3,4,4,3,2,2,4,1,2,1,3,3,1,1,4,1,1,2,3,4,4,3,1,1,2,2,4,1,1,4,2,3,4,3,4,3,2,1,3,2,2,2,1,1,3,2,2,3,2,1,2,3,4,3,1,3,4,2,4,3,4,1,3,1,1,2,4,2,2,4,4,3,1,4,2,3,1,4,1,2,3,3,1,4,2,1,3,2,3,1,1,2,1,1,2,1,3,3,2,4,2,2,2,3,2,3,3,2,2,2,2,4,1,1,1,1,2,1,2,1,4,2,2,2,1,1,1,2,4,1,4,2,2,3,4,1,1,1,4,4,2,2,3,3,3,3,1,2,1,2,4,4,2,2,3,2,1,1,1,1,2,3,1,2,3,4,3,4,1,1,3,1,4,4,3,2,1,4,1,2,2,1,2,1,4,1,3,1,1,4,4,1,4,4,1,1,1,3,1,2,1,1,1,1,2,1,3,2,4,4,1,2,4,2,1,1,4,2,4,4,3,3,2,1,2,3,2,1,1,1,2,3,3,4,2,1,4,2,3,2,2,4,4,1,1,2,3,1,2,3,4,2,1,2,1,2,1,4,2,2,3,3,1,4,2,1,2,3,1,1,4,1,3,3,1,2,4,1,4,1,2,1,1,1,2,2,3,3,1,1,4,2,2,4,2,1,1,2,2,1,2,4,3,2,3,3,4,4,1,4,4,3,2,4,3,1,1,3,2,4,2,2,1,1,4,4,2,1,1,3,3,3,3,1,3,2,2,2,2,1,1,3,2,4,4,1,2,3,1,3,1,1,3,1,4,1,1,2,1,3,1,2,2,4,1,1,4,1,4,4,2,1,1,2,3,1,1,1,1,2,3,4,3,2,3,3,1,2,4,2,3,1,2,2,2,4,3,2,2,2,4,1,1,1,2,4,2,1,4,2,1,1,1,2,1,2,1,2,3,3,3,2,4,3,3,1,1,4,2,3,1,4,4,4,3,2,4,3,2,1,3,4,1,2,2,1,2,3,3,1,4,3,3,2,2,1,1,2,3,3,4,4,2,1,1,3,1,1,3,2,3,4,1,3,1,4,2,4,1,1,1,1,4,1,3,1,1,3,1,4,2,2,1,2,2,4,1,2,4,3,1,3,2,1,2,2,3,3,2,1,2,4,1,4,2,1,1,4,1,1,4,4,2,4,2,4,3,2,2,4,3,2,3,1,2,4,3,4,1,3,1,2,4,4,2,2,2,1,2,2,1,4,2,1,2,1,4,2,1,2,4,1,2,1,2,1,1,4,2,1,2,1,2,4,4,3,4,1,2,1,1,2,2,2,2,2,4,4,3,3,2,4,2,3,4,3,2,2,2,3,2,1,3,2,1,1,1,3,1,3,2,3,1,4,3,4,1,1,3,1,3,2,1,3,1,1,2"
94,0.9882627241940299,0.5,2136.0,"4,2,1,1,2,2,3,1,2,1,4,4,4,1,2,2,4,1,1,2,1,2,4,1,3,1,2,2,4,1,1,2,3,3,1,2,4,1,2,4,1,2,2,2,2,2,3,2,1,2,4,4,3,2,1,4,2,2,1,4,4,4,3,1,3,3,3,2,3,2,1,2,2,3,4,2,3,3,3,1,2,1,4,1,2,3,1,2,1,2,1,2,2,2,3,4,1,1,3,1,2,2,3,2,2,4,1,4,2,1,1,1,3,3,1,2,3,4,4,1,3,2,2,3,2,2,3,2,4,1,2,2,1,1,1,2,3,4,2,2,4,3,2,3,4,4,2,1,1,1,1,1,1,3,3,4,2,2,2,1,4,1,1,3,1,3,3,1,1,4,1,2,2,2,1,3,3,1,4,1,3,2,3,2,3,2,1,2,4,1,4,2,3,3,3,3,2,3,1,4,1,4,1,3,4,4,1,3,2,2,2,1,2,1,3,2,2,1,2,1,4,4,3,2,3,1,3,2,4,3,3,2,2,1,1,3,1,3,3,2,2,1,2,3,2,2,3,2,3,3,3,4,1,1,3,1,1,1,4,2,3,4,1,1,2,1,3,2,1,3,4,2,4,1,3,2,4,1,1,4,4,1,1,4,2,2,2,4,2,4,1,1,1,4,1,4,2,1,2,3,2,2,1,2,3,2,4,1,1,1,1,1,1,1,2,3,1,4,2,2,4,2,1,3,2,1,1,3,2,2,3,3,2,3,1,4,1,4,2,1,1,2,3,1,4,2,2,3,3,2,4,2,4,2,3,1,1,2,4,3,4,3,1,2,3,3,4,4,1,3,2,1,2,3,2,3,3,2,1,3,2,4,2,3,3,2,1,1,2,1,1,4,3,3,1,2,3,1,2,2,1,1,2,2,4,1,2,3,4,3,3,2,2,1,1,4,3,2,1,4,3,1,3,3,3,2,1,2,4,3,3,1,1,2,3,1,3,3,2,4,1,2,2,1,3,3,2,1,2,4,2,4,1,3,1,1,1,4,2,1,4,3,3,2,2,1,2,1,4,4,2,2,2,1,1,1,1,4,1,3,1,2,2,3,1,3,4,1,4,1,4,1,1,1,1,2,3,1,1,2,4,2,4,4,2,1,3,1,1,3,3,1,3,1,4,2,4,3,3,1,4,2,4,4,4,2,1,3,1,3,3,3,1,1,2,4,4,1,3,3,2,2,2,3,1,4,1,3,2,1,3,3,4,2,3,3,2,1,2,2,3,4,3,2,1,2,3,1,2,1,4,2,1,4,2,1,4,3,2,1,2,3,1,3,1,2,1,1,1,1,2,1,3,1,1,4,1,3,3,2,2,4,3,4,4,2,4,4,2,1,4,4,4,3,1,2,4,3,3,2,1,3,2,1,4,4,2,2,1,1,3,4,4,2,2,1,4,1,2,3,2,1,3,4,4,3,4,4,1,1,2,3,1,1,1,1,2,2,1,3,1,3,1,4,2,1,1,4,2,4,3,2,1,4,2,3,1,3,2,2,2,1,1,2,2,4,2,2,2,2,2,1,2,3,2,3,1,1,3,4,2,2,2,4,3,3,1,2,2,3,2,3,3,1,2,2,4,4,1,4,4,1,2,4,1,3,3,3,2,3,3,1,1,2,4,3,3,4,2,4,1,2,4,1,4,3,1,1,1,4,4,1,2,2,2,2,2,1,1,1,1,1,1,4,2,2,3,4,4,1,2,3,2,4,1,2,2,3,2,1,1,2,2,1,1,2,3,1,2,1,4,4,1,2,4,2,1,1,2,1,3,3,4,2,2,1,2,4,1,2,2,1,2,1,2,3,1,3,2,3,4,2,1,3,2,3,2,1,2,2,4,4,1,1,4,3,3,2,4,2,4,1,2,3,3,1,3,2,1,3,1,1,2,2,4,2,1,1,1,3,2,4,4,4,1,3,1,4,2,1,3,2,1,1,1,1,4,3,1,1,2,2,3,4,3,2,4,2,1,1,1,1,3,1,1,2,1,1,4,2,4,2,1,3,3,1,2,1,2,1,4,4,2,4,1,4,1,2,2,1,4,1,2,3,2,4,1,2,3,2,1,4,2,2,3,2,3,1,2,1,2,3,2,2,2,3,2,4,1,4,2,3,2,2,2,3,2,4,3,1,1,2,1,1,1,2,1,2,3,2,1,1,1,1,2,1,2,3,2,4,1,1,4,4,3,2,4,3,1,3,2,1,2,3,3,3,3,4,3,1,1,1,3,1,2,1,4,4,3,2,4,3,4,4,1,2,1,2,4,4,3,2,1,3,1,4,3,3,1,3,2,2,2,1,4,1,4,1,4,1,1,4,1,1,3,2,4,2,4,2,3,2,2,3,4,4,3,2,2,4,1,2,1,3,3,1,1,4,1,1,2,3,4,4,3,1,1,2,2,4,1,1,4,2,3,4,3,4,3,2,1,3,2,2,2,1,1,3,2,2,3,2,1,2,3,4,3,1,3,4,2,4,3,4,1,3,1,1,2,4,2,2,4,4,3,1,4,2,3,1,4,1,2,3,3,1,4,2,1,3,2,3,1,1,2,1,1,2,1,3,3,2,4,2,2,2,3,2,3,3,2,2,2,2,4,1,1,1,1,2,1,2,1,4,2,2,2,1,1,1,2,4,1,4,2,2,3,4,1,1,1,4,4,2,2,3,3,3,3,1,2,1,2,4,4,2,2,3,2,1,1,1,1,2,3,1,2,3,4,3,4,1,1,3,1,4,4,3,2,1,4,1,2,2,1,2,1,4,1,3,1,1,4,4,1,4,4,1,1,1,3,1,2,1,1,1,1,2,1,3,2,4,4,1,2,4,2,1,1,4,2,4,4,3,3,2,1,2,3,2,1,1,1,2,3,3,4,2,1,4,2,3,2,2,4,4,1,1,2,3,1,2,3,4,2,1,2,1,2,1,4,2,2,3,3,1,4,2,1,2,3,1,1,4,1,3,3,1,2,4,1,4,1,2,1,1,1,2,2,3,3,1,1,4,2,2,4,2,1,1,2,2,1,2,4,3,2,3,3,4,4,1,4,4,3,2,4,3,1,1,3,2,4,2,2,1,1,4,4,2,1,1,3,3,3,3,1,3,2,2,2,2,1,1,3,2,4,4,1,2,3,1,3,1,1,3,1,4,1,1,2,1,3,1,2,2,4,1,1,4,1,4,4,2,1,1,2,3,1,1,1,1,2,3,4,3,2,3,3,1,2,4,2,3,1,2,2,2,4,3,2,2,2,4,1,1,1,2,4,2,1,4,2,1,1,1,2,1,2,1,2,3,3,3,2,4,3,3,1,1,4,2,3,1,4,4,4,3,2,4,3,2,1,3,4,1,2,2,1,2,3,3,1,4,3,3,2,2,1,1,2,3,3,4,4,2,1,1,3,1,1,3,2,3,4,1,3,1,4,2,4,1,1,1,1,4,1,3,1,1,3,1,4,2,2,1,2,2,4,1,2,4,3,1,3,2,1,2,2,3,3,2,1,2,4,1,4,2,1,1,4,1,1,4,4,2,4,2,4,3,2,2,4,3,2,3,1,2,4,3,4,1,3,1,2,4,4,2,2,2,1,2,2,1,4,2,1,2,1,4,2,1,2,4,1,2,1,2,1,1,4,2,1,2,1,2,4,4,3,4,1,2,1,1,2,2,2,2,2,4,4,3,3,2,4,2,3,4,3,2,2,2,3,2,1,3,2,1,1,1,3,1,3,2,3,1,4,3,4,1,1,3,1,3,2,1,3,1,1,2"
95,0.9882627241940299,0.5,2136.0,"4,2,1,1,2,2,3,1,2,1,4,4,4,1,2,2,4,1,1,2,1,2,4,1,3,1,2,2,4,1,1,2,3,3,1,2,4,1,2,4,1,2,2,2,2,2,3,2,1,2,4,4,3,2,1,4,2,2,1,4,4,4,3,1,3,3,3,2,3,2,1,2,2,3,4,2,3,3,3,1,2,1,4,1,2,3,1,2,1,2,1,2,2,2,3,4,1,1,3,1,2,2,3,2,2,4,1,4,2,1,1,1,3,3,1,2,3,4,4,1,3,2,2,3,2,2,3,2,4,1,2,2,1,1,1,2,3,4,2,2,4,3,2,3,4,4,2,1,1,1,1,1,1,3,3,4,2,2,2,1,4,1,1,3,1,3,3,1,1,4,1,2,2,2,1,3,3,1,4,1,3,2,3,2,3,2,1,2,4,1,4,2,3,3,3,3,2,3,1,4,1,4,1,3,4,4,1,3,2,2,2,1,2,1,3,2,2,1,2,1,4,4,3,2,3,1,3,2,4,3,3,2,2,1,1,3,1,3,3,2,2,1,2,3,2,2,3,2,3,3,3,4,1,1,3,1,1,1,4,2,3,4,1,1,2,1,3,2,1,3,4,2,4,1,3,2,4,1,1,4,4,1,1,4,2,2,2,4,2,4,1,1,1,4,1,4,2,1,2,3,2,2,1,2,3,2,4,1,1,1,1,1,1,1,2,3,1,4,2,2,4,2,1,3,2,1,1,3,2,2,3,3,2,3,1,4,1,4,2,1,1,2,3,1,4,2,2,3,3,2,4,2,4,2,3,1,1,2,4,3,4,3,1,2,3,3,4,4,1,3,2,1,2,3,2,3,3,2,1,3,2,4,2,3,3,2,1,1,2,1,1,4,3,3,1,2,3,1,2,2,1,1,2,2,4,1,2,3,4,3,3,2,2,1,1,4,3,2,1,4,3,1,3,3,3,2,1,2,4,3,3,1,1,2,3,1,3,3,2,4,1,2,2,1,3,3,2,1,2,4,2,4,1,3,1,1,1,4,2,1,4,3,3,2,2,1,2,1,4,4,2,2,2,1,1,1,1,4,1,3,1,2,2,3,1,3,4,1,4,1,4,1,1,1,1,2,3,1,1,2,4,2,4,4,2,1,3,1,1,3,3,1,3,1,4,2,4,3,3,1,4,2,4,4,4,2,1,3,1,3,3,3,1,1,2,4,4,1,3,3,2,2,2,3,1,4,1,3,2,1,3,3,4,2,3,3,2,1,2,2,3,4,3,2,1,2,3,1,2,1,4,2,1,4,2,1,4,3,2,1,2,3,1,3,1,2,1,1,1,1,2,1,3,1,1,4,1,3,3,2,2,4,3,4,4,2,4,4,2,1,4,4,4,3,1,2,4,3,3,2,1,3,2,1,4,4,2,2,1,1,3,4,4,2,2,1,4,1,2,3,2,1,3,4,4,3,4,4,1,1,2,3,1,1,1,1,2,2,1,3,1,3,1,4,2,1,1,4,2,4,3,2,1,4,2,3,1,3,2,2,2,1,1,2,2,4,2,2,2,2,2,1,2,3,2,3,1,1,3,4,2,2,2,4,3,3,1,2,2,3,2,3,3,1,2,2,4,4,1,4,4,1,2,4,1,3,3,3,2,3,3,1,1,2,4,3,3,4,2,4,1,2,4,1,4,3,1,1,1,4,4,1,2,2,2,2,2,1,1,1,1,1,1,4,2,2,3,4,4,1,2,3,2,4,1,2,2,3,2,1,1,2,2,1,1,2,3,1,2,1,4,4,1,2,4,2,1,1,2,1,3,3,4,2,2,1,2,4,1,2,2,1,2,1,2,3,1,3,2,3,4,2,1,3,2,3,2,1,2,2,4,4,1,1,4,3,3,2,4,2,4,1,2,3,3,1,3,2,1,3,1,1,2,2,4,2,1,1,1,3,2,4,4,4,1,3,1,4,2,1,3,2,1,1,1,1,4,3,1,1,2,2,3,4,3,2,4,2,1,1,1,1,3,1,1,2,1,1,4,2,4,2,1,3,3,1,2,1,2,1,4,4,2,4,1,4,1,2,2,1,4,1,2,3,2,4,1,2,3,2,1,4,2,2,3,2,3,1,2,1,2,3,2,2,2,3,2,4,1,4,2,3,2,2,2,3,2,4,3,1,1,2,1,1,1,2,1,2,3,2,1,1,1,1,2,1,2,3,2,4,1,1,4,4,3,2,4,3,1,3,2,1,2,3,3,3,3,4,3,1,1,1,3,1,2,1,4,4,3,2,4,3,4,4,1,2,1,2,4,4,3,2,1,3,1,4,3,3,1,3,2,2,2,1,4,1,4,1,4,1,1,4,1,1,3,2,4,2,4,2,3,2,2,3,4,4,3,2,2,4,1,2,1,3,3,1,1,4,1,1,2,3,4,4,3,1,1,2,2,4,1,1,4,2,3,4,3,4,3,2,1,3,2,2,2,1,1,3,2,2,3,2,1,2,3,4,3,1,3,4,2,4,3,4,1,3,1,1,2,4,2,2,4,4,3,1,4,2,3,1,4,1,2,3,3,1,4,2,1,3,2,3,1,1,2,1,1,2,1,3,3,2,4,2,2,2,3,2,3,3,2,2,2,2,4,1,1,1,1,2,1,2,1,4,2,2,2,1,1,1,2,4,1,4,2,2,3,4,1,1,1,4,4,2,2,3,3,3,3,1,2,1,2,4,4,2,2,3,2,1,1,1,1,2,3,1,2,3,4,3,4,1,1,3,1,4,4,3,2,1,4,1,2,2,1,2,1,4,1,3,1,1,4,4,1,4,4,1,1,1,3,1,2,1,1,1,1,2,1,3,2,4,4,1,2,4,2,1,1,4,2,4,4,3,3,2,1,2,3,2,1,1,1,2,3,3,4,2,1,4,2,3,2,2,4,4,1,1,2,3,1,2,3,4,2,1,2,1,2,1,4,2,2,3,3,1,4,2,1,2,3,1,1,4,1,3,3,1,2,4,1,4,1,2,1,1,1,2,2,3,3,1,1,4,2,2,4,2,1,1,2,2,1,2,4,3,2,3,3,4,4,1,4,4,3,2,4,3,1,1,3,2,4,2,2,1,1,4,4,2,1,1,3,3,3,3,1,3,2,2,2,2,1,1,3,2,4,4,1,2,3,1,3,1,1,3,1,4,1,1,2,1,3,1,2,2,4,1,1,4,1,4,4,2,1,1,2,3,1,1,1,1,2,3,4,3,2,3,3,1,2,4,2,3,1,2,2,2,4,3,2,2,2,4,1,1,1,2,4,2,1,4,2,1,1,1,2,1,2,1,2,3,3,3,2,4,3,3,1,1,4,2,3,1,4,4,4,3,2,4,3,2,1,3,4,1,2,2,1,2,3,3,1,4,3,3,2,2,1,1,2,3,3,4,4,2,1,1,3,1,1,3,2,3,4,1,3,1,4,2,4,1,1,1,1,4,1,3,1,1,3,1,4,2,2,1,2,2,4,1,2,4,3,1,3,2,1,2,2,3,3,2,1,2,4,1,4,2,1,1,4,1,1,4,4,2,4,2,4,3,2,2,4,3,2,3,1,2,4,3,4,1,3,1,2,4,4,2,2,2,1,2,2,1,4,2,1,2,1,4,2,1,2,4,1,2,1,2,1,1,4,2,1,2,1,2,4,4,3,4,1,2,1,1,2,2,2,2,2,4,4,3,3,2,4,2,3,4,3,2,2,2,3,2,1,3,2,1,1,1,3,1,3,2,3,1,4,3,4,1,1,3,1,3,2,1,3,1,1,2"
96,0.9882627241940299,0.5,2136.0,"4,2,1,1,2,2,3,1,2,1,4,4,4,1,2,2,4,1,1,2,1,2,4,1,3,1,2,2,4,1,1,2,3,3,1,2,4,1,2,4,1,2,2,2,2,2,3,2,1,2,4,4,3,2,1,4,2,2,1,4,4,4,3,1,3,3,3,2,3,2,1,2,2,3,4,2,3,3,3,1,2,1,4,1,2,3,1,2,1,2,1,2,2,2,3,4,1,1,3,1,2,2,3,2,2,4,1,4,2,1,1,1,3,3,1,2,3,4,4,1,3,2,2,3,2,2,3,2,4,1,2,2,1,1,1,2,3,4,2,2,4,3,2,3,4,4,2,1,1,1,1,1,1,3,3,4,2,2,2,1,4,1,1,3,1,3,3,1,1,4,1,2,2,2,1,3,3,1,4,1,3,2,3,2,3,2,1,2,4,1,4,2,3,3,3,3,2,3,1,4,1,4,1,3,4,4,1,3,2,2,2,1,2,1,3,2,2,1,2,1,4,4,3,2,3,1,3,2,4,3,3,2,2,1,1,3,1,3,3,2,2,1,2,3,2,2,3,2,3,3,3,4,1,1,3,1,1,1,4,2,3,4,1,1,2,1,3,2,1,3,4,2,4,1,3,2,4,1,1,4,4,1,1,4,2,2,2,4,2,4,1,1,1,4,1,4,2,1,2,3,2,2,1,2,3,2,4,1,1,1,1,1,1,1,2,3,1,4,2,2,4,2,1,3,2,1,1,3,2,2,3,3,2,3,1,4,1,4,2,1,1,2,3,1,4,2,2,3,3,2,4,2,4,2,3,1,1,2,4,3,4,3,1,2,3,3,4,4,1,3,2,1,2,3,2,3,3,2,1,3,2,4,2,3,3,2,1,1,2,1,1,4,3,3,1,2,3,1,2,2,1,1,2,2,4,1,2,3,4,3,3,2,2,1,1,4,3,2,1,4,3,1,3,3,3,2,1,2,4,3,3,1,1,2,3,1,3,3,2,4,1,2,2,1,3,3,2,1,2,4,2,4,1,3,1,1,1,4,2,1,4,3,3,2,2,1,2,1,4,4,2,2,2,1,1,1,1,4,1,3,1,2,2,3,1,3,4,1,4,1,4,1,1,1,1,2,3,1,1,2,4,2,4,4,2,1,3,1,1,3,3,1,3,1,4,2,4,3,3,1,4,2,4,4,4,2,1,3,1,3,3,3,1,1,2,4,4,1,3,3,2,2,2,3,1,4,1,3,2,1,3,3,4,2,3,3,2,1,2,2,3,4,3,2,1,2,3,1,2,1,4,2,1,4,2,1,4,3,2,1,2,3,1,3,1,2,1,1,1,1,2,1,3,1,1,4,1,3,3,2,2,4,3,4,4,2,4,4,2,1,4,4,4,3,1,2,4,3,3,2,1,3,2,1,4,4,2,2,1,1,3,4,4,2,2,1,4,1,2,3,2,1,3,4,4,3,4,4,1,1,2,3,1,1,1,1,2,2,1,3,1,3,1,4,2,1,1,4,2,4,3,2,1,4,2,3,1,3,2,2,2,1,1,2,2,4,2,2,2,2,2,1,2,3,2,3,1,1,3,4,2,2,2,4,3,3,1,2,2,3,2,3,3,1,2,2,4,4,1,4,4,1,2,4,1,3,3,3,2,3,3,1,1,2,4,3,3,4,2,4,1,2,4,1,4,3,1,1,1,4,4,1,2,2,2,2,2,1,1,1,1,1,1,4,2,2,3,4,4,1,2,3,2,4,1,2,2,3,2,1,1,2,2,1,1,2,3,1,2,1,4,4,1,2,4,2,1,1,2,1,3,3,4,2,2,1,2,4,1,2,2,1,2,1,2,3,1,3,2,3,4,2,1,3,2,3,2,1,2,2,4,4,1,1,4,3,3,2,4,2,4,1,2,3,3,1,3,2,1,3,1,1,2,2,4,2,1,1,1,3,2,4,4,4,1,3,1,4,2,1,3,2,1,1,1,1,4,3,1,1,2,2,3,4,3,2,4,2,1,1,1,1,3,1,1,2,1,1,4,2,4,2,1,3,3,1,2,1,2,1,4,4,2,4,1,4,1,2,2,1,4,1,2,3,2,4,1,2,3,2,1,4,2,2,3,2,3,1,2,1,2,3,2,2,2,3,2,4,1,4,2,3,2,2,2,3,2,4,3,1,1,2,1,1,1,2,1,2,3,2,1,1,1,1,2,1,2,3,2,4,1,1,4,4,3,2,4,3,1,3,2,1,2,3,3,3,3,4,3,1,1,1,3,1,2,1,4,4,3,2,4,3,4,4,1,2,1,2,4,4,3,2,1,3,1,4,3,3,1,3,2,2,2,1,4,1,4,1,4,1,1,4,1,1,3,2,4,2,4,2,3,2,2,3,4,4,3,2,2,4,1,2,1,3,3,1,1,4,1,1,2,3,4,4,3,1,1,2,2,4,1,1,4,2,3,4,3,4,3,2,1,3,2,2,2,1,1,3,2,2,3,2,1,2,3,4,3,1,3,4,2,4,3,4,1,3,1,1,2,4,2,2,4,4,3,1,4,2,3,1,4,1,2,3,3,1,4,2,1,3,2,3,1,1,2,1,1,2,1,3,3,2,4,2,2,2,3,2,3,3,2,2,2,2,4,1,1,1,1,2,1,2,1,4,2,2,2,1,1,1,2,4,1,4,2,2,3,4,1,1,1,4,4,2,2,3,3,3,3,1,2,1,2,4,4,2,2,3,2,1,1,1,1,2,3,1,2,3,4,3,4,1,1,3,1,4,4,3,2,1,4,1,2,2,1,2,1,4,1,3,1,1,4,4,1,4,4,1,1,1,3,1,2,1,1,1,1,2,1,3,2,4,4,1,2,4,2,1,1,4,2,4,4,3,3,2,1,2,3,2,1,1,1,2,3,3,4,2,1,4,2,3,2,2,4,4,1,1,2,3,1,2,3,4,2,1,2,1,2,1,4,2,2,3,3,1,4,2,1,2,3,1,1,4,1,3,3,1,2,4,1,4,1,2,1,1,1,2,2,3,3,1,1,4,2,2,4,2,1,1,2,2,1,2,4,3,2,3,3,4,4,1,4,4,3,2,4,3,1,1,3,2,4,2,2,1,1,4,4,2,1,1,3,3,3,3,1,3,2,2,2,2,1,1,3,2,4,4,1,2,3,1,3,1,1,3,1,4,1,1,2,1,3,1,2,2,4,1,1,4,1,4,4,2,1,1,2,3,1,1,1,1,2,3,4,3,2,3,3,1,2,4,2,3,1,2,2,2,4,3,2,2,2,4,1,1,1,2,4,2,1,4,2,1,1,1,2,1,2,1,2,3,3,3,2,4,3,3,1,1,4,2,3,1,4,4,4,3,2,4,3,2,1,3,4,1,2,2,1,2,3,3,1,4,3,3,2,2,1,1,2,3,3,4,4,2,1,1,3,1,1,3,2,3,4,1,3,1,4,2,4,1,1,1,1,4,1,3,1,1,3,1,4,2,2,1,2,2,4,1,2,4,3,1,3,2,1,2,2,3,3,2,1,2,4,1,4,2,1,1,4,1,1,4,4,2,4,2,4,3,2,2,4,3,2,3,1,2,4,3,4,1,3,1,2,4,4,2,2,2,1,2,2,1,4,2,1,2,1,4,2,1,2,4,1,2,1,2,1,1,4,2,1,2,1,2,4,4,3,4,1,2,1,1,2,2,2,2,2,4,4,3,3,2,4,2,3,4,3,2,2,2,3,2,1,3,2,1,1,1,3,1,3,2,3,1,4,3,4,1,1,3,1,3,2,1,3,1,1,2"
97,0.9882627241940299,0.5,2136.0,"4,2,1,1,2,2,3,1,2,1,4,4,4,1,2,2,4,1,1,2,1,2,4,1,3,1,2,2,4,1,1,2,3,3,1,2,4,1,2,4,1,2,2,2,2,2,3,2,1,2,4,4,3,2,1,4,2,2,1,4,4,4,3,1,3,3,3,2,3,2,1,2,2,3,4,2,3,3,3,1,2,1,4,1,2,3,1,2,1,2,1,2,2,2,3,4,1,1,3,1,2,2,3,2,2,4,1,4,2,1,1,1,3,3,1,2,3,4,4,1,3,2,2,3,2,2,3,2,4,1,2,2,1,1,1,2,3,4,2,2,4,3,2,3,4,4,2,1,1,1,1,1,1,3,3,4,2,2,2,1,4,1,1,3,1,3,3,1,1,4,1,2,2,2,1,3,3,1,4,1,3,2,3,2,3,2,1,2,4,1,4,2,3,3,3,3,2,3,1,4,1,4,1,3,4,4,1,3,2,2,2,1,2,1,3,2,2,1,2,1,4,4,3,2,3,1,3,2,4,3,3,2,2,1,1,3,1,3,3,2,2,1,2,3,2,2,3,2,3,3,3,4,1,1,3,1,1,1,4,2,3,4,1,1,2,1,3,2,1,3,4,2,4,1,3,2,4,1,1,4,4,1,1,4,2,2,2,4,2,4,1,1,1,4,1,4,2,1,2,3,2,2,1,2,3,2,4,1,1,1,1,1,1,1,2,3,1,4,2,2,4,2,1,3,2,1,1,3,2,2,3,3,2,3,1,4,1,4,2,1,1,2,3,1,4,2,2,3,3,2,4,2,4,2,3,1,1,2,4,3,4,3,1,2,3,3,4,4,1,3,2,1,2,3,2,3,3,2,1,3,2,4,2,3,3,2,1,1,2,1,1,4,3,3,1,2,3,1,2,2,1,1,2,2,4,1,2,3,4,3,3,2,2,1,1,4,3,2,1,4,3,1,3,3,3,2,1,2,4,3,3,1,1,2,3,1,3,3,2,4,1,2,2,1,3,3,2,1,2,4,2,4,1,3,1,1,1,4,2,1,4,3,3,2,2,1,2,1,4,4,2,2,2,1,1,1,1,4,1,3,1,2,2,3,1,3,4,1,4,1,4,1,1,1,1,2,3,1,1,2,4,2,4,4,2,1,3,1,1,3,3,1,3,1,4,2,4,3,3,1,4,2,4,4,4,2,1,3,1,3,3,3,1,1,2,4,4,1,3,3,2,2,2,3,1,4,1,3,2,1,3,3,4,2,3,3,2,1,2,2,3,4,3,2,1,2,3,1,2,1,4,2,1,4,2,1,4,3,2,1,2,3,1,3,1,2,1,1,1,1,2,1,3,1,1,4,1,3,3,2,2,4,3,4,4,2,4,4,2,1,4,4,4,3,1,2,4,3,3,2,1,3,2,1,4,4,2,2,1,1,3,4,4,2,2,1,4,1,2,3,2,1,3,4,4,3,4,4,1,1,2,3,1,1,1,1,2,2,1,3,1,3,1,4,2,1,1,4,2,4,3,2,1,4,2,3,1,3,2,2,2,1,1,2,2,4,2,2,2,2,2,1,2,3,2,3,1,1,3,4,2,2,2,4,3,3,1,2,2,3,2,3,3,1,2,2,4,4,1,4,4,1,2,4,1,3,3,3,2,3,3,1,1,2,4,3,3,4,2,4,1,2,4,1,4,3,1,1,1,4,4,1,2,2,2,2,2,1,1,1,1,1,1,4,2,2,3,4,4,1,2,3,2,4,1,2,2,3,2,1,1,2,2,1,1,2,3,1,2,1,4,4,1,2,4,2,1,1,2,1,3,3,4,2,2,1,2,4,1,2,2,1,2,1,2,3,1,3,2,3,4,2,1,3,2,3,2,1,2,2,4,4,1,1,4,3,3,2,4,2,4,1,2,3,3,1,3,2,1,3,1,1,2,2,4,2,1,1,1,3,2,4,4,4,1,3,1,4,2,1,3,2,1,1,1,1,4,3,1,1,2,2,3,4,3,2,4,2,1,1,1,1,3,1,1,2,1,1,4,2,4,2,1,3,3,1,2,1,2,1,4,4,2,4,1,4,1,2,2,1,4,1,2,3,2,4,1,2,3,2,1,4,2,2,3,2,3,1,2,1,2,3,2,2,2,3,2,4,1,4,2,3,2,2,2,3,2,4,3,1,1,2,1,1,1,2,1,2,3,2,1,1,1,1,2,1,2,3,2,4,1,1,4,4,3,2,4,3,1,3,2,1,2,3,3,3,3,4,3,1,1,1,3,1,2,1,4,4,3,2,4,3,4,4,1,2,1,2,4,4,3,2,1,3,1,4,3,3,1,3,2,2,2,1,4,1,4,1,4,1,1,4,1,1,3,2,4,2,4,2,3,2,2,3,4,4,3,2,2,4,1,2,1,3,3,1,1,4,1,1,2,3,4,4,3,1,1,2,2,4,1,1,4,2,3,4,3,4,3,2,1,3,2,2,2,1,1,3,2,2,3,2,1,2,3,4,3,1,3,4,2,4,3,4,1,3,1,1,2,4,2,2,4,4,3,1,4,2,3,1,4,1,2,3,3,1,4,2,1,3,2,3,1,1,2,1,1,2,1,3,3,2,4,2,2,2,3,2,3,3,2,2,2,2,4,1,1,1,1,2,1,2,1,4,2,2,2,1,1,1,2,4,1,4,2,2,3,4,1,1,1,4,4,2,2,3,3,3,3,1,2,1,2,4,4,2,2,3,2,1,1,1,1,2,3,1,2,3,4,3,4,1,1,3,1,4,4,3,2,1,4,1,2,2,1,2,1,4,1,3,1,1,4,4,1,4,4,1,1,1,3,1,2,1,1,1,1,2,1,3,2,4,4,1,2,4,2,1,1,4,2,4,4,3,3,2,1,2,3,2,1,1,1,2,3,3,4,2,1,4,2,3,2,2,4,4,1,1,2,3,1,2,3,4,2,1,2,1,2,1,4,2,2,3,3,1,4,2,1,2,3,1,1,4,1,3,3,1,2,4,1,4,1,2,1,1,1,2,2,3,3,1,1,4,2,2,4,2,1,1,2,2,1,2,4,3,2,3,3,4,4,1,4,4,3,2,4,3,1,1,3,2,4,2,2,1,1,4,4,2,1,1,3,3,3,3,1,3,2,2,2,2,1,1,3,2,4,4,1,2,3,1,3,1,1,3,1,4,1,1,2,1,3,1,2,2,4,1,1,4,1,4,4,2,1,1,2,3,1,1,1,1,2,3,4,3,2,3,3,1,2,4,2,3,1,2,2,2,4,3,2,2,2,4,1,1,1,2,4,2,1,4,2,1,1,1,2,1,2,1,2,3,3,3,2,4,3,3,1,1,4,2,3,1,4,4,4,3,2,4,3,2,1,3,4,1,2,2,1,2,3,3,1,4,3,3,2,2,1,1,2,3,3,4,4,2,1,1,3,1,1,3,2,3,4,1,3,1,4,2,4,1,1,1,1,4,1,3,1,1,3,1,4,2,2,1,2,2,4,1,2,4,3,1,3,2,1,2,2,3,3,2,1,2,4,1,4,2,1,1,4,1,1,4,4,2,4,2,4,3,2,2,4,3,2,3,1,2,4,3,4,1,3,1,2,4,4,2,2,2,1,2,2,1,4,2,1,2,1,4,2,1,2,4,1,2,1,2,1,1,4,2,1,2,1,2,4,4,3,4,1,2,1,1,2,2,2,2,2,4,4,3,3,2,4,2,3,4,3,2,2,2,3,2,1,3,2,1,1,1,3,1,3,2,3,1,4,3,4,1,1,3,1,3,2,1,3,1,1,2"
98,0.9882627241940299,0.5,2136.0,"4,2,1,1,2,2,3,1,2,1,4,4,4,1,2,2,4,1,1,2,1,2,4,1,3,1,2,2,4,1,1,2,3,3,1,2,4,1,2,4,1,2,2,2,2,2,3,2,1,2,4,4,3,2,1,4,2,2,1,4,4,4,3,1,3,3,3,2,3,2,1,2,2,3,4,2,3,3,3,1,2,1,4,1,2,3,1,2,1,2,1,2,2,2,3,4,1,1,3,1,2,2,3,2,2,4,1,4,2,1,1,1,3,3,1,2,3,4,4,1,3,2,2,3,2,2,3,2,4,1,2,2,1,1,1,2,3,4,2,2,4,3,2,3,4,4,2,1,1,1,1,1,1,3,3,4,2,2,2,1,4,1,1,3,1,3,3,1,1,4,1,2,2,2,1,3,3,1,4,1,3,2,3,2,3,2,1,2,4,1,4,2,3,3,3,3,2,3,1,4,1,4,1,3,4,4,1,3,2,2,2,1,2,1,3,2,2,1,2,1,4,4,3,2,3,1,3,2,4,3,3,2,2,1,1,3,1,3,3,2,2,1,2,3,2,2,3,2,3,3,3,4,1,1,3,1,1,1,4,2,3,4,1,1,2,1,3,2,1,3,4,2,4,1,3,2,4,1,1,4,4,1,1,4,2,2,2,4,2,4,1,1,1,4,1,4,2,1,2,3,2,2,1,2,3,2,4,1,1,1,1,1,1,1,2,3,1,4,2,2,4,2,1,3,2,1,1,3,2,2,3,3,2,3,1,4,1,4,2,1,1,2,3,1,4,2,2,3,3,2,4,2,4,2,3,1,1,2,4,3,4,3,1,2,3,3,4,4,1,3,2,1,2,3,2,3,3,2,1,3,2,4,2,3,3,2,1,1,2,1,1,4,3,3,1,2,3,1,2,2,1,1,2,2,4,1,2,3,4,3,3,2,2,1,1,4,3,2,1,4,3,1,3,3,3,2,1,2,4,3,3,1,1,2,3,1,3,3,2,4,1,2,2,1,3,3,2,1,2,4,2,4,1,3,1,1,1,4,2,1,4,3,3,2,2,1,2,1,4,4,2,2,2,1,1,1,1,4,1,3,1,2,2,3,1,3,4,1,4,1,4,1,1,1,1,2,3,1,1,2,4,2,4,4,2,1,3,1,1,3,3,1,3,1,4,2,4,3,3,1,4,2,4,4,4,2,1,3,1,3,3,3,1,1,2,4,4,1,3,3,2,2,2,3,1,4,1,3,2,1,3,3,4,2,3,3,2,1,2,2,3,4,3,2,1,2,3,1,2,1,4,2,1,4,2,1,4,3,2,1,2,3,1,3,1,2,1,1,1,1,2,1,3,1,1,4,1,3,3,2,2,4,3,4,4,2,4,4,2,1,4,4,4,3,1,2,4,3,3,2,1,3,2,1,4,4,2,2,1,1,3,4,4,2,2,1,4,1,2,3,2,1,3,4,4,3,4,4,1,1,2,3,1,1,1,1,2,2,1,3,1,3,1,4,2,1,1,4,2,4,3,2,1,4,2,3,1,3,2,2,2,1,1,2,2,4,2,2,2,2,2,1,2,3,2,3,1,1,3,4,2,2,2,4,3,3,1,2,2,3,2,3,3,1,2,2,4,4,1,4,4,1,2,4,1,3,3,3,2,3,3,1,1,2,4,3,3,4,2,4,1,2,4,1,4,3,1,1,1,4,4,1,2,2,2,2,2,1,1,1,1,1,1,4,2,2,3,4,4,1,2,3,2,4,1,2,2,3,2,1,1,2,2,1,1,2,3,1,2,1,4,4,1,2,4,2,1,1,2,1,3,3,4,2,2,1,2,4,1,2,2,1,2,1,2,3,1,3,2,3,4,2,1,3,2,3,2,1,2,2,4,4,1,1,4,3,3,2,4,2,4,1,2,3,3,1,3,2,1,3,1,1,2,2,4,2,1,1,1,3,2,4,4,4,1,3,1,4,2,1,3,2,1,1,1,1,4,3,1,1,2,2,3,4,3,2,4,2,1,1,1,1,3,1,1,2,1,1,4,2,4,2,1,3,3,1,2,1,2,1,4,4,2,4,1,4,1,2,2,1,4,1,2,3,2,4,1,2,3,2,1,4,2,2,3,2,3,1,2,1,2,3,2,2,2,3,2,4,1,4,2,3,2,2,2,3,2,4,3,1,1,2,1,1,1,2,1,2,3,2,1,1,1,1,2,1,2,3,2,4,1,1,4,4,3,2,4,3,1,3,2,1,2,3,3,3,3,4,3,1,1,1,3,1,2,1,4,4,3,2,4,3,4,4,1,2,1,2,4,4,3,2,1,3,1,4,3,3,1,3,2,2,2,1,4,1,4,1,4,1,1,4,1,1,3,2,4,2,4,2,3,2,2,3,4,4,3,2,2,4,1,2,1,3,3,1,1,4,1,1,2,3,4,4,3,1,1,2,2,4,1,1,4,2,3,4,3,4,3,2,1,3,2,2,2,1,1,3,2,2,3,2,1,2,3,4,3,1,3,4,2,4,3,4,1,3,1,1,2,4,2,2,4,4,3,1,4,2,3,1,4,1,2,3,3,1,4,2,1,3,2,3,1,1,2,1,1,2,1,3,3,2,4,2,2,2,3,2,3,3,2,2,2,2,4,1,1,1,1,2,1,2,1,4,2,2,2,1,1,1,2,4,1,4,2,2,3,4,1,1,1,4,4,2,2,3,3,3,3,1,2,1,2,4,4,2,2,3,2,1,1,1,1,2,3,1,2,3,4,3,4,1,1,3,1,4,4,3,2,1,4,1,2,2,1,2,1,4,1,3,1,1,4,4,1,4,4,1,1,1,3,1,2,1,1,1,1,2,1,3,2,4,4,1,2,4,2,1,1,4,2,4,4,3,3,2,1,2,3,2,1,1,1,2,3,3,4,2,1,4,2,3,2,2,4,4,1,1,2,3,1,2,3,4,2,1,2,1,2,1,4,2,2,3,3,1,4,2,1,2,3,1,1,4,1,3,3,1,2,4,1,4,1,2,1,1,1,2,2,3,3,1,1,4,2,2,4,2,1,1,2,2,1,2,4,3,2,3,3,4,4,1,4,4,3,2,4,3,1,1,3,2,4,2,2,1,1,4,4,2,1,1,3,3,3,3,1,3,2,2,2,2,1,1,3,2,4,4,1,2,3,1,3,1,1,3,1,4,1,1,2,1,3,1,2,2,4,1,1,4,1,4,4,2,1,1,2,3,1,1,1,1,2,3,4,3,2,3,3,1,2,4,2,3,1,2,2,2,4,3,2,2,2,4,1,1,1,2,4,2,1,4,2,1,1,1,2,1,2,1,2,3,3,3,2,4,3,3,1,1,4,2,3,1,4,4,4,3,2,4,3,2,1,3,4,1,2,2,1,2,3,3,1,4,3,3,2,2,1,1,2,3,3,4,4,2,1,1,3,1,1,3,2,3,4,1,3,1,4,2,4,1,1,1,1,4,1,3,1,1,3,1,4,2,2,1,2,2,4,1,2,4,3,1,3,2,1,2,2,3,3,2,1,2,4,1,4,2,1,1,4,1,1,4,4,2,4,2,4,3,2,2,4,3,2,3,1,2,4,3,4,1,3,1,2,4,4,2,2,2,1,2,2,1,4,2,1,2,1,4,2,1,2,4,1,2,1,2,1,1,4,2,1,2,1,2,4,4,3,4,1,2,1,1,2,2,2,2,2,4,4,3,3,2,4,2,3,4,3,2,2,2,3,2,1,3,2,1,1,1,3,1,3,2,3,1,4,3,4,1,1,3,1,3,2,1,3,1,1,2"
99,0.9882627241940299,0.5,2136.0,"4,2,1,1,2,2,3,1,2,1,4,4,4,1,2,2,4,1,1,2,1,2,4,1,3,1,2,2,4,1,1,2,3,3,1,2,4,1,2,4,1,2,2,2,2,2,3,2,1,2,4,4,3,2,1,4,2,2,1,4,4,4,3,1,3,3,3,2,3,2,1,2,2,3,4,2,3,3,3,1,2,1,4,1,2,3,1,2,1,2,1,2,2,2,3,4,1,1,3,1,2,2,3,2,2,4,1,4,2,1,1,1,3,3,1,2,3,4,4,1,3,2,2,3,2,2,3,2,4,1,2,2,1,1,1,2,3,4,2,2,4,3,2,3,4,4,2,1,1,1,1,1,1,3,3,4,2,2,2,1,4,1,1,3,1,3,3,1,1,4,1,2,2,2,1,3,3,1,4,1,3,2,3,2,3,2,1,2,4,1,4,2,3,3,3,3,2,3,1,4,1,4,1,3,4,4,1,3,2,2,2,1,2,1,3,2,2,1,2,1,4,4,3,2,3,1,3,2,4,3,3,2,2,1,1,3,1,3,3,2,2,1,2,3,2,2,3,2,3,3,3,4,1,1,3,1,1,1,4,2,3,4,1,1,2,1,3,2,1,3,4,2,4,1,3,2,4,1,1,4,4,1,1,4,2,2,2,4,2,4,1,1,1,4,1,4,2,1,2,3,2,2,1,2,3,2,4,1,1,1,1,1,1,1,2,3,1,4,2,2,4,2,1,3,2,1,1,3,2,2,3,3,2,3,1,4,1,4,2,1,1,2,3,1,4,2,2,3,3,2,4,2,4,2,3,1,1,2,4,3,4,3,1,2,3,3,4,4,1,3,2,1,2,3,2,3,3,2,1,3,2,4,2,3,3,2,1,1,2,1,1,4,3,3,1,2,3,1,2,2,1,1,2,2,4,1,2,3,4,3,3,2,2,1,1,4,3,2,1,4,3,1,3,3,3,2,1,2,4,3,3,1,1,2,3,1,3,3,2,4,1,2,2,1,3,3,2,1,2,4,2,4,1,3,1,1,1,4,2,1,4,3,3,2,2,1,2,1,4,4,2,2,2,1,1,1,1,4,1,3,1,2,2,3,1,3,4,1,4,1,4,1,1,1,1,2,3,1,1,2,4,2,4,4,2,1,3,1,1,3,3,1,3,1,4,2,4,3,3,1,4,2,4,4,4,2,1,3,1,3,3,3,1,1,2,4,4,1,3,3,2,2,2,3,1,4,1,3,2,1,3,3,4,2,3,3,2,1,2,2,3,4,3,2,1,2,3,1,2,1,4,2,1,4,2,1,4,3,2,1,2,3,1,3,1,2,1,1,1,1,2,1,3,1,1,4,1,3,3,2,2,4,3,4,4,2,4,4,2,1,4,4,4,3,1,2,4,3,3,2,1,3,2,1,4,4,2,2,1,1,3,4,4,2,2,1,4,1,2,3,2,1,3,4,4,3,4,4,1,1,2,3,1,1,1,1,2,2,1,3,1,3,1,4,2,1,1,4,2,4,3,2,1,4,2,3,1,3,2,2,2,1,1,2,2,4,2,2,2,2,2,1,2,3,2,3,1,1,3,4,2,2,2,4,3,3,1,2,2,3,2,3,3,1,2,2,4,4,1,4,4,1,2,4,1,3,3,3,2,3,3,1,1,2,4,3,3,4,2,4,1,2,4,1,4,3,1,1,1,4,4,1,2,2,2,2,2,1,1,1,1,1,1,4,2,2,3,4,4,1,2,3,2,4,1,2,2,3,2,1,1,2,2,1,1,2,3,1,2,1,4,4,1,2,4,2,1,1,2,1,3,3,4,2,2,1,2,4,1,2,2,1,2,1,2,3,1,3,2,3,4,2,1,3,2,3,2,1,2,2,4,4,1,1,4,3,3,2,4,2,4,1,2,3,3,1,3,2,1,3,1,1,2,2,4,2,1,1,1,3,2,4,4,4,1,3,1,4,2,1,3,2,1,1,1,1,4,3,1,1,2,2,3,4,3,2,4,2,1,1,1,1,3,1,1,2,1,1,4,2,4,2,1,3,3,1,2,1,2,1,4,4,2,4,1,4,1,2,2,1,4,1,2,3,2,4,1,2,3,2,1,4,2,2,3,2,3,1,2,1,2,3,2,2,2,3,2,4,1,4,2,3,2,2,2,3,2,4,3,1,1,2,1,1,1,2,1,2,3,2,1,1,1,1,2,1,2,3,2,4,1,1,4,4,3,2,4,3,1,3,2,1,2,3,3,3,3,4,3,1,1,1,3,1,2,1,4,4,3,2,4,3,4,4,1,2,1,2,4,4,3,2,1,3,1,4,3,3,1,3,2,2,2,1,4,1,4,1,4,1,1,4,1,1,3,2,4,2,4,2,3,2,2,3,4,4,3,2,2,4,1,2,1,3,3,1,1,4,1,1,2,3,4,4,3,1,1,2,2,4,1,1,4,2,3,4,3,4,3,2,1,3,2,2,2,1,1,3,2,2,3,2,1,2,3,4,3,1,3,4,2,4,3,4,1,3,1,1,2,4,2,2,4,4,3,1,4,2,3,1,4,1,2,3,3,1,4,2,1,3,2,3,1,1,2,1,1,2,1,3,3,2,4,2,2,2,3,2,3,3,2,2,2,2,4,1,1,1,1,2,1,2,1,4,2,2,2,1,1,1,2,4,1,4,2,2,3,4,1,1,1,4,4,2,2,3,3,3,3,1,2,1,2,4,4,2,2,3,2,1,1,1,1,2,3,1,2,3,4,3,4,1,1,3,1,4,4,3,2,1,4,1,2,2,1,2,1,4,1,3,1,1,4,4,1,4,4,1,1,1,3,1,2,1,1,1,1,2,1,3,2,4,4,1,2,4,2,1,1,4,2,4,4,3,3,2,1,2,3,2,1,1,1,2,3,3,4,2,1,4,2,3,2,2,4,4,1,1,2,3,1,2,3,4,2,1,2,1,2,1,4,2,2,3,3,1,4,2,1,2,3,1,1,4,1,3,3,1,2,4,1,4,1,2,1,1,1,2,2,3,3,1,1,4,2,2,4,2,1,1,2,2,1,2,4,3,2,3,3,4,4,1,4,4,3,2,4,3,1,1,3,2,4,2,2,1,1,4,4,2,1,1,3,3,3,3,1,3,2,2,2,2,1,1,3,2,4,4,1,2,3,1,3,1,1,3,1,4,1,1,2,1,3,1,2,2,4,1,1,4,1,4,4,2,1,1,2,3,1,1,1,1,2,3,4,3,2,3,3,1,2,4,2,3,1,2,2,2,4,3,2,2,2,4,1,1,1,2,4,2,1,4,2,1,1,1,2,1,2,1,2,3,3,3,2,4,3,3,1,1,4,2,3,1,4,4,4,3,2,4,3,2,1,3,4,1,2,2,1,2,3,3,1,4,3,3,2,2,1,1,2,3,3,4,4,2,1,1,3,1,1,3,2,3,4,1,3,1,4,2,4,1,1,1,1,4,1,3,1,1,3,1,4,2,2,1,2,2,4,1,2,4,3,1,3,2,1,2,2,3,3,2,1,2,4,1,4,2,1,1,4,1,1,4,4,2,4,2,4,3,2,2,4,3,2,3,1,2,4,3,4,1,3,1,2,4,4,2,2,2,1,2,2,1,4,2,1,2,1,4,2,1,2,4,1,2,1,2,1,1,4,2,1,2,1,2,4,4,3,4,1,2,1,1,2,2,2,2,2,4,4,3,3,2,4,2,3,4,3,2,2,2,3,2,1,3,2,1,1,1,3,1,3,2,3,1,4,3,4,1,1,3,1,3,2,1,3,1,1,2"
100,0.9882627241940299,0.5,2136.0,"4,2,1,1,2,2,3,1,2,1,4,4,4,1,2,2,4,1,1,2,1,2,4,1,3,1,2,2,4,1,1,2,3,3,1,2,4,1,2,4,1,2,2,2,2,2,3,2,1,2,4,4,3,2,1,4,2,2,1,4,4,4,3,1,3,3,3,2,3,2,1,2,2,3,4,2,3,3,3,1,2,1,4,1,2,3,1,2,1,2,1,2,2,2,3,4,1,1,3,1,2,2,3,2,2,4,1,4,2,1,1,1,3,3,1,2,3,4,4,1,3,2,2,3,2,2,3,2,4,1,2,2,1,1,1,2,3,4,2,2,4,3,2,3,4,4,2,1,1,1,1,1,1,3,3,4,2,2,2,1,4,1,1,3,1,3,3,1,1,4,1,2,2,2,1,3,3,1,4,1,3,2,3,2,3,2,1,2,4,1,4,2,3,3,3,3,2,3,1,4,1,4,1,3,4,4,1,3,2,2,2,1,2,1,3,2,2,1,2,1,4,4,3,2,3,1,3,2,4,3,3,2,2,1,1,3,1,3,3,2,2,1,2,3,2,2,3,2,3,3,3,4,1,1,3,1,1,1,4,2,3,4,1,1,2,1,3,2,1,3,4,2,4,1,3,2,4,1,1,4,4,1,1,4,2,2,2,4,2,4,1,1,1,4,1,4,2,1,2,3,2,2,1,2,3,2,4,1,1,1,1,1,1,1,2,3,1,4,2,2,4,2,1,3,2,1,1,3,2,2,3,3,2,3,1,4,1,4,2,1,1,2,3,1,4,2,2,3,3,2,4,2,4,2,3,1,1,2,4,3,4,3,1,2,3,3,4,4,1,3,2,1,2,3,2,3,3,2,1,3,2,4,2,3,3,2,1,1,2,1,1,4,3,3,1,2,3,1,2,2,1,1,2,2,4,1,2,3,4,3,3,2,2,1,1,4,3,2,1,4,3,1,3,3,3,2,1,2,4,3,3,1,1,2,3,1,3,3,2,4,1,2,2,1,3,3,2,1,2,4,2,4,1,3,1,1,1,4,2,1,4,3,3,2,2,1,2,1,4,4,2,2,2,1,1,1,1,4,1,3,1,2,2,3,1,3,4,1,4,1,4,1,1,1,1,2,3,1,1,2,4,2,4,4,2,1,3,1,1,3,3,1,3,1,4,2,4,3,3,1,4,2,4,4,4,2,1,3,1,3,3,3,1,1,2,4,4,1,3,3,2,2,2,3,1,4,1,3,2,1,3,3,4,2,3,3,2,1,2,2,3,4,3,2,1,2,3,1,2,1,4,2,1,4,2,1,4,3,2,1,2,3,1,3,1,2,1,1,1,1,2,1,3,1,1,4,1,3,3,2,2,4,3,4,4,2,4,4,2,1,4,4,4,3,1,2,4,3,3,2,1,3,2,1,4,4,2,2,1,1,3,4,4,2,2,1,4,1,2,3,2,1,3,4,4,3,4,4,1,1,2,3,1,1,1,1,2,2,1,3,1,3,1,4,2,1,1,4,2,4,3,2,1,4,2,3,1,3,2,2,2,1,1,2,2,4,2,2,2,2,2,1,2,3,2,3,1,1,3,4,2,2,2,4,3,3,1,2,2,3,2,3,3,1,2,2,4,4,1,4,4,1,2,4,1,3,3,3,2,3,3,1,1,2,4,3,3,4,2,4,1,2,4,1,4,3,1,1,1,4,4,1,2,2,2,2,2,1,1,1,1,1,1,4,2,2,3,4,4,1,2,3,2,4,1,2,2,3,2,1,1,2,2,1,1,2,3,1,2,1,4,4,1,2,4,2,1,1,2,1,3,3,4,2,2,1,2,4,1,2,2,1,2,1,2,3,1,3,2,3,4,2,1,3,2,3,2,1,2,2,4,4,1,1,4,3,3,2,4,2,4,1,2,3,3,1,3,2,1,3,1,1,2,2,4,2,1,1,1,3,2,4,4,4,1,3,1,4,2,1,3,2,1,1,1,1,4,3,1,1,2,2,3,4,3,2,4,2,1,1,1,1,3,1,1,2,1,1,4,2,4,2,1,3,3,1,2,1,2,1,4,4,2,4,1,4,1,2,2,1,4,1,2,3,2,4,1,2,3,2,1,4,2,2,3,2,3,1,2,1,2,3,2,2,2,3,2,4,1,4,2,3,2,2,2,3,2,4,3,1,1,2,1,1,1,2,1,2,3,2,1,1,1,1,2,1,2,3,2,4,1,1,4,4,3,2,4,3,1,3,2,1,2,3,3,3,3,4,3,1,1,1,3,1,2,1,4,4,3,2,4,3,4,4,1,2,1,2,4,4,3,2,1,3,1,4,3,3,1,3,2,2,2,1,4,1,4,1,4,1,1,4,1,1,3,2,4,2,4,2,3,2,2,3,4,4,3,2,2,4,1,2,1,3,3,1,1,4,1,1,2,3,4,4,3,1,1,2,2,4,1,1,4,2,3,4,3,4,3,2,1,3,2,2,2,1,1,3,2,2,3,2,1,2,3,4,3,1,3,4,2,4,3,4,1,3,1,1,2,4,2,2,4,4,3,1,4,2,3,1,4,1,2,3,3,1,4,2,1,3,2,3,1,1,2,1,1,2,1,3,3,2,4,2,2,2,3,2,3,3,2,2,2,2,4,1,1,1,1,2,1,2,1,4,2,2,2,1,1,1,2,4,1,4,2,2,3,4,1,1,1,4,4,2,2,3,3,3,3,1,2,1,2,4,4,2,2,3,2,1,1,1,1,2,3,1,2,3,4,3,4,1,1,3,1,4,4,3,2,1,4,1,2,2,1,2,1,4,1,3,1,1,4,4,1,4,4,1,1,1,3,1,2,1,1,1,1,2,1,3,2,4,4,1,2,4,2,1,1,4,2,4,4,3,3,2,1,2,3,2,1,1,1,2,3,3,4,2,1,4,2,3,2,2,4,4,1,1,2,3,1,2,3,4,2,1,2,1,2,1,4,2,2,3,3,1,4,2,1,2,3,1,1,4,1,3,3,1,2,4,1,4,1,2,1,1,1,2,2,3,3,1,1,4,2,2,4,2,1,1,2,2,1,2,4,3,2,3,3,4,4,1,4,4,3,2,4,3,1,1,3,2,4,2,2,1,1,4,4,2,1,1,3,3,3,3,1,3,2,2,2,2,1,1,3,2,4,4,1,2,3,1,3,1,1,3,1,4,1,1,2,1,3,1,2,2,4,1,1,4,1,4,4,2,1,1,2,3,1,1,1,1,2,3,4,3,2,3,3,1,2,4,2,3,1,2,2,2,4,3,2,2,2,4,1,1,1,2,4,2,1,4,2,1,1,1,2,1,2,1,2,3,3,3,2,4,3,3,1,1,4,2,3,1,4,4,4,3,2,4,3,2,1,3,4,1,2,2,1,2,3,3,1,4,3,3,2,2,1,1,2,3,3,4,4,2,1,1,3,1,1,3,2,3,4,1,3,1,4,2,4,1,1,1,1,4,1,3,1,1,3,1,4,2,2,1,2,2,4,1,2,4,3,1,3,2,1,2,2,3,3,2,1,2,4,1,4,2,1,1,4,1,1,4,4,2,4,2,4,3,2,2,4,3,2,3,1,2,4,3,4,1,3,1,2,4,4,2,2,2,1,2,2,1,4,2,1,2,1,4,2,1,2,4,1,2,1,2,1,1,4,2,1,2,1,2,4,4,3,4,1,2,1,1,2,2,2,2,2,4,4,3,3,2,4,2,3,4,3,2,2,2,3,2,1,3,2,1,1,1,3,1,3,2,3,1,4,3,4,1,1,3,1,3,2,1,3,1,1,2"
101,0.9882627241940299,0.5,2136.0,"4,2,1,1,2,2,3,1,2,1,4,4,4,1,2,2,4,1,1,2,1,2,4,1,3,1,2,2,4,1,1,2,3,3,1,2,4,1,2,4,1,2,2,2,2,2,3,2,1,2,4,4,3,2,1,4,2,2,1,4,4,4,3,1,3,3,3,2,3,2,1,2,2,3,4,2,3,3,3,1,2,1,4,1,2,3,1,2,1,2,1,2,2,2,3,4,1,1,3,1,2,2,3,2,2,4,1,4,2,1,1,1,3,3,1,2,3,4,4,1,3,2,2,3,2,2,3,2,4,1,2,2,1,1,1,2,3,4,2,2,4,3,2,3,4,4,2,1,1,1,1,1,1,3,3,4,2,2,2,1,4,1,1,3,1,3,3,1,1,4,1,2,2,2,1,3,3,1,4,1,3,2,3,2,3,2,1,2,4,1,4,2,3,3,3,3,2,3,1,4,1,4,1,3,4,4,1,3,2,2,2,1,2,1,3,2,2,1,2,1,4,4,3,2,3,1,3,2,4,3,3,2,2,1,1,3,1,3,3,2,2,1,2,3,2,2,3,2,3,3,3,4,1,1,3,1,1,1,4,2,3,4,1,1,2,1,3,2,1,3,4,2,4,1,3,2,4,1,1,4,4,1,1,4,2,2,2,4,2,4,1,1,1,4,1,4,2,1,2,3,2,2,1,2,3,2,4,1,1,1,1,1,1,1,2,3,1,4,2,2,4,2,1,3,2,1,1,3,2,2,3,3,2,3,1,4,1,4,2,1,1,2,3,1,4,2,2,3,3,2,4,2,4,2,3,1,1,2,4,3,4,3,1,2,3,3,4,4,1,3,2,1,2,3,2,3,3,2,1,3,2,4,2,3,3,2,1,1,2,1,1,4,3,3,1,2,3,1,2,2,1,1,2,2,4,1,2,3,4,3,3,2,2,1,1,4,3,2,1,4,3,1,3,3,3,2,1,2,4,3,3,1,1,2,3,1,3,3,2,4,1,2,2,1,3,3,2,1,2,4,2,4,1,3,1,1,1,4,2,1,4,3,3,2,2,1,2,1,4,4,2,2,2,1,1,1,1,4,1,3,1,2,2,3,1,3,4,1,4,1,4,1,1,1,1,2,3,1,1,2,4,2,4,4,2,1,3,1,1,3,3,1,3,1,4,2,4,3,3,1,4,2,4,4,4,2,1,3,1,3,3,3,1,1,2,4,4,1,3,3,2,2,2,3,1,4,1,3,2,1,3,3,4,2,3,3,2,1,2,2,3,4,3,2,1,2,3,1,2,1,4,2,1,4,2,1,4,3,2,1,2,3,1,3,1,2,1,1,1,1,2,1,3,1,1,4,1,3,3,2,2,4,3,4,4,2,4,4,2,1,4,4,4,3,1,2,4,3,3,2,1,3,2,1,4,4,2,2,1,1,3,4,4,2,2,1,4,1,2,3,2,1,3,4,4,3,4,4,1,1,2,3,1,1,1,1,2,2,1,3,1,3,1,4,2,1,1,4,2,4,3,2,1,4,2,3,1,3,2,2,2,1,1,2,2,4,2,2,2,2,2,1,2,3,2,3,1,1,3,4,2,2,2,4,3,3,1,2,2,3,2,3,3,1,2,2,4,4,1,4,4,1,2,4,1,3,3,3,2,3,3,1,1,2,4,3,3,4,2,4,1,2,4,1,4,3,1,1,1,4,4,1,2,2,2,2,2,1,1,1,1,1,1,4,2,2,3,4,4,1,2,3,2,4,1,2,2,3,2,1,1,2,2,1,1,2,3,1,2,1,4,4,1,2,4,2,1,1,2,1,3,3,4,2,2,1,2,4,1,2,2,1,2,1,2,3,1,3,2,3,4,2,1,3,2,3,2,1,2,2,4,4,1,1,4,3,3,2,4,2,4,1,2,3,3,1,3,2,1,3,1,1,2,2,4,2,1,1,1,3,2,4,4,4,1,3,1,4,2,1,3,2,1,1,1,1,4,3,1,1,2,2,3,4,3,2,4,2,1,1,1,1,3,1,1,2,1,1,4,2,4,2,1,3,3,1,2,1,2,1,4,4,2,4,1,4,1,2,2,1,4,1,2,3,2,4,1,2,3,2,1,4,2,2,3,2,3,1,2,1,2,3,2,2,2,3,2,4,1,4,2,3,2,2,2,3,2,4,3,1,1,2,1,1,1,2,1,2,3,2,1,1,1,1,2,1,2,3,2,4,1,1,4,4,3,2,4,3,1,3,2,1,2,3,3,3,3,4,3,1,1,1,3,1,2,1,4,4,3,2,4,3,4,4,1,2,1,2,4,4,3,2,1,3,1,4,3,3,1,3,2,2,2,1,4,1,4,1,4,1,1,4,1,1,3,2,4,2,4,2,3,2,2,3,4,4,3,2,2,4,1,2,1,3,3,1,1,4,1,1,2,3,4,4,3,1,1,2,2,4,1,1,4,2,3,4,3,4,3,2,1,3,2,2,2,1,1,3,2,2,3,2,1,2,3,4,3,1,3,4,2,4,3,4,1,3,1,1,2,4,2,2,4,4,3,1,4,2,3,1,4,1,2,3,3,1,4,2,1,3,2,3,1,1,2,1,1,2,1,3,3,2,4,2,2,2,3,2,3,3,2,2,2,2,4,1,1,1,1,2,1,2,1,4,2,2,2,1,1,1,2,4,1,4,2,2,3,4,1,1,1,4,4,2,2,3,3,3,3,1,2,1,2,4,4,2,2,3,2,1,1,1,1,2,3,1,2,3,4,3,4,1,1,3,1,4,4,3,2,1,4,1,2,2,1,2,1,4,1,3,1,1,4,4,1,4,4,1,1,1,3,1,2,1,1,1,1,2,1,3,2,4,4,1,2,4,2,1,1,4,2,4,4,3,3,2,1,2,3,2,1,1,1,2,3,3,4,2,1,4,2,3,2,2,4,4,1,1,2,3,1,2,3,4,2,1,2,1,2,1,4,2,2,3,3,1,4,2,1,2,3,1,1,4,1,3,3,1,2,4,1,4,1,2,1,1,1,2,2,3,3,1,1,4,2,2,4,2,1,1,2,2,1,2,4,3,2,3,3,4,4,1,4,4,3,2,4,3,1,1,3,2,4,2,2,1,1,4,4,2,1,1,3,3,3,3,1,3,2,2,2,2,1,1,3,2,4,4,1,2,3,1,3,1,1,3,1,4,1,1,2,1,3,1,2,2,4,1,1,4,1,4,4,2,1,1,2,3,1,1,1,1,2,3,4,3,2,3,3,1,2,4,2,3,1,2,2,2,4,3,2,2,2,4,1,1,1,2,4,2,1,4,2,1,1,1,2,1,2,1,2,3,3,3,2,4,3,3,1,1,4,2,3,1,4,4,4,3,2,4,3,2,1,3,4,1,2,2,1,2,3,3,1,4,3,3,2,2,1,1,2,3,3,4,4,2,1,1,3,1,1,3,2,3,4,1,3,1,4,2,4,1,1,1,1,4,1,3,1,1,3,1,4,2,2,1,2,2,4,1,2,4,3,1,3,2,1,2,2,3,3,2,1,2,4,1,4,2,1,1,4,1,1,4,4,2,4,2,4,3,2,2,4,3,2,3,1,2,4,3,4,1,3,1,2,4,4,2,2,2,1,2,2,1,4,2,1,2,1,4,2,1,2,4,1,2,1,2,1,1,4,2,1,2,1,2,4,4,3,4,1,2,1,1,2,2,2,2,2,4,4,3,3,2,4,2,3,4,3,2,2,2,3,2,1,3,2,1,1,1,3,1,3,2,3,1,4,3,4,1,1,3,1,3,2,1,3,1,1,2"
102,0.9882627241940299,0.5,2136.0,"4,2,1,1,2,2,3,1,2,1,4,4,4,1,2,2,4,1,1,2,1,2,4,1,3,1,2,2,4,1,1,2,3,3,1,2,4,1,2,4,1,2,2,2,2,2,3,2,1,2,4,4,3,2,1,4,2,2,1,4,4,4,3,1,3,3,3,2,3,2,1,2,2,3,4,2,3,3,3,1,2,1,4,1,2,3,1,2,1,2,1,2,2,2,3,4,1,1,3,1,2,2,3,2,2,4,1,4,2,1,1,1,3,3,1,2,3,4,4,1,3,2,2,3,2,2,3,2,4,1,2,2,1,1,1,2,3,4,2,2,4,3,2,3,4,4,2,1,1,1,1,1,1,3,3,4,2,2,2,1,4,1,1,3,1,3,3,1,1,4,1,2,2,2,1,3,3,1,4,1,3,2,3,2,3,2,1,2,4,1,4,2,3,3,3,3,2,3,1,4,1,4,1,3,4,4,1,3,2,2,2,1,2,1,3,2,2,1,2,1,4,4,3,2,3,1,3,2,4,3,3,2,2,1,1,3,1,3,3,2,2,1,2,3,2,2,3,2,3,3,3,4,1,1,3,1,1,1,4,2,3,4,1,1,2,1,3,2,1,3,4,2,4,1,3,2,4,1,1,4,4,1,1,4,2,2,2,4,2,4,1,1,1,4,1,4,2,1,2,3,2,2,1,2,3,2,4,1,1,1,1,1,1,1,2,3,1,4,2,2,4,2,1,3,2,1,1,3,2,2,3,3,2,3,1,4,1,4,2,1,1,2,3,1,4,2,2,3,3,2,4,2,4,2,3,1,1,2,4,3,4,3,1,2,3,3,4,4,1,3,2,1,2,3,2,3,3,2,1,3,2,4,2,3,3,2,1,1,2,1,1,4,3,3,1,2,3,1,2,2,1,1,2,2,4,1,2,3,4,3,3,2,2,1,1,4,3,2,1,4,3,1,3,3,3,2,1,2,4,3,3,1,1,2,3,1,3,3,2,4,1,2,2,1,3,3,2,1,2,4,2,4,1,3,1,1,1,4,2,1,4,3,3,2,2,1,2,1,4,4,2,2,2,1,1,1,1,4,1,3,1,2,2,3,1,3,4,1,4,1,4,1,1,1,1,2,3,1,1,2,4,2,4,4,2,1,3,1,1,3,3,1,3,1,4,2,4,3,3,1,4,2,4,4,4,2,1,3,1,3,3,3,1,1,2,4,4,1,3,3,2,2,2,3,1,4,1,3,2,1,3,3,4,2,3,3,2,1,2,2,3,4,3,2,1,2,3,1,2,1,4,2,1,4,2,1,4,3,2,1,2,3,1,3,1,2,1,1,1,1,2,1,3,1,1,4,1,3,3,2,2,4,3,4,4,2,4,4,2,1,4,4,4,3,1,2,4,3,3,2,1,3,2,1,4,4,2,2,1,1,3,4,4,2,2,1,4,1,2,3,2,1,3,4,4,3,4,4,1,1,2,3,1,1,1,1,2,2,1,3,1,3,1,4,2,1,1,4,2,4,3,2,1,4,2,3,1,3,2,2,2,1,1,2,2,4,2,2,2,2,2,1,2,3,2,3,1,1,3,4,2,2,2,4,3,3,1,2,2,3,2,3,3,1,2,2,4,4,1,4,4,1,2,4,1,3,3,3,2,3,3,1,1,2,4,3,3,4,2,4,1,2,4,1,4,3,1,1,1,4,4,1,2,2,2,2,2,1,1,1,1,1,1,4,2,2,3,4,4,1,2,3,2,4,1,2,2,3,2,1,1,2,2,1,1,2,3,1,2,1,4,4,1,2,4,2,1,1,2,1,3,3,4,2,2,1,2,4,1,2,2,1,2,1,2,3,1,3,2,3,4,2,1,3,2,3,2,1,2,2,4,4,1,1,4,3,3,2,4,2,4,1,2,3,3,1,3,2,1,3,1,1,2,2,4,2,1,1,1,3,2,4,4,4,1,3,1,4,2,1,3,2,1,1,1,1,4,3,1,1,2,2,3,4,3,2,4,2,1,1,1,1,3,1,1,2,1,1,4,2,4,2,1,3,3,1,2,1,2,1,4,4,2,4,1,4,1,2,2,1,4,1,2,3,2,4,1,2,3,2,1,4,2,2,3,2,3,1,2,1,2,3,2,2,2,3,2,4,1,4,2,3,2,2,2,3,2,4,3,1,1,2,1,1,1,2,1,2,3,2,1,1,1,1,2,1,2,3,2,4,1,1,4,4,3,2,4,3,1,3,2,1,2,3,3,3,3,4,3,1,1,1,3,1,2,1,4,4,3,2,4,3,4,4,1,2,1,2,4,4,3,2,1,3,1,4,3,3,1,3,2,2,2,1,4,1,4,1,4,1,1,4,1,1,3,2,4,2,4,2,3,2,2,3,4,4,3,2,2,4,1,2,1,3,3,1,1,4,1,1,2,3,4,4,3,1,1,2,2,4,1,1,4,2,3,4,3,4,3,2,1,3,2,2,2,1,1,3,2,2,3,2,1,2,3,4,3,1,3,4,2,4,3,4,1,3,1,1,2,4,2,2,4,4,3,1,4,2,3,1,4,1,2,3,3,1,4,2,1,3,2,3,1,1,2,1,1,2,1,3,3,2,4,2,2,2,3,2,3,3,2,2,2,2,4,1,1,1,1,2,1,2,1,4,2,2,2,1,1,1,2,4,1,4,2,2,3,4,1,1,1,4,4,2,2,3,3,3,3,1,2,1,2,4,4,2,2,3,2,1,1,1,1,2,3,1,2,3,4,3,4,1,1,3,1,4,4,3,2,1,4,1,2,2,1,2,1,4,1,3,1,1,4,4,1,4,4,1,1,1,3,1,2,1,1,1,1,2,1,3,2,4,4,1,2,4,2,1,1,4,2,4,4,3,3,2,1,2,3,2,1,1,1,2,3,3,4,2,1,4,2,3,2,2,4,4,1,1,2,3,1,2,3,4,2,1,2,1,2,1,4,2,2,3,3,1,4,2,1,2,3,1,1,4,1,3,3,1,2,4,1,4,1,2,1,1,1,2,2,3,3,1,1,4,2,2,4,2,1,1,2,2,1,2,4,3,2,3,3,4,4,1,4,4,3,2,4,3,1,1,3,2,4,2,2,1,1,4,4,2,1,1,3,3,3,3,1,3,2,2,2,2,1,1,3,2,4,4,1,2,3,1,3,1,1,3,1,4,1,1,2,1,3,1,2,2,4,1,1,4,1,4,4,2,1,1,2,3,1,1,1,1,2,3,4,3,2,3,3,1,2,4,2,3,1,2,2,2,4,3,2,2,2,4,1,1,1,2,4,2,1,4,2,1,1,1,2,1,2,1,2,3,3,3,2,4,3,3,1,1,4,2,3,1,4,4,4,3,2,4,3,2,1,3,4,1,2,2,1,2,3,3,1,4,3,3,2,2,1,1,2,3,3,4,4,2,1,1,3,1,1,3,2,3,4,1,3,1,4,2,4,1,1,1,1,4,1,3,1,1,3,1,4,2,2,1,2,2,4,1,2,4,3,1,3,2,1,2,2,3,3,2,1,2,4,1,4,2,1,1,4,1,1,4,4,2,4,2,4,3,2,2,4,3,2,3,1,2,4,3,4,1,3,1,2,4,4,2,2,2,1,2,2,1,4,2,1,2,1,4,2,1,2,4,1,2,1,2,1,1,4,2,1,2,1,2,4,4,3,4,1,2,1,1,2,2,2,2,2,4,4,3,3,2,4,2,3,4,3,2,2,2,3,2,1,3,2,1,1,1,3,1,3,2,3,1,4,3,4,1,1,3,1,3,2,1,3,1,1,2"
103,0.9882627241940299,0.5,2136.0,"4,2,1,1,2,2,3,1,2,1,4,4,4,1,2,2,4,1,1,2,1,2,4,1,3,1,2,2,4,1,1,2,3,3,1,2,4,1,2,4,1,2,2,2,2,2,3,2,1,2,4,4,3,2,1,4,2,2,1,4,4,4,3,1,3,3,3,2,3,2,1,2,2,3,4,2,3,3,3,1,2,1,4,1,2,3,1,2,1,2,1,2,2,2,3,4,1,1,3,1,2,2,3,2,2,4,1,4,2,1,1,1,3,3,1,2,3,4,4,1,3,2,2,3,2,2,3,2,4,1,2,2,1,1,1,2,3,4,2,2,4,3,2,3,4,4,2,1,1,1,1,1,1,3,3,4,2,2,2,1,4,1,1,3,1,3,3,1,1,4,1,2,2,2,1,3,3,1,4,1,3,2,3,2,3,2,1,2,4,1,4,2,3,3,3,3,2,3,1,4,1,4,1,3,4,4,1,3,2,2,2,1,2,1,3,2,2,1,2,1,4,4,3,2,3,1,3,2,4,3,3,2,2,1,1,3,1,3,3,2,2,1,2,3,2,2,3,2,3,3,3,4,1,1,3,1,1,1,4,2,3,4,1,1,2,1,3,2,1,3,4,2,4,1,3,2,4,1,1,4,4,1,1,4,2,2,2,4,2,4,1,1,1,4,1,4,2,1,2,3,2,2,1,2,3,2,4,1,1,1,1,1,1,1,2,3,1,4,2,2,4,2,1,3,2,1,1,3,2,2,3,3,2,3,1,4,1,4,2,1,1,2,3,1,4,2,2,3,3,2,4,2,4,2,3,1,1,2,4,3,4,3,1,2,3,3,4,4,1,3,2,1,2,3,2,3,3,2,1,3,2,4,2,3,3,2,1,1,2,1,1,4,3,3,1,2,3,1,2,2,1,1,2,2,4,1,2,3,4,3,3,2,2,1,1,4,3,2,1,4,3,1,3,3,3,2,1,2,4,3,3,1,1,2,3,1,3,3,2,4,1,2,2,1,3,3,2,1,2,4,2,4,1,3,1,1,1,4,2,1,4,3,3,2,2,1,2,1,4,4,2,2,2,1,1,1,1,4,1,3,1,2,2,3,1,3,4,1,4,1,4,1,1,1,1,2,3,1,1,2,4,2,4,4,2,1,3,1,1,3,3,1,3,1,4,2,4,3,3,1,4,2,4,4,4,2,1,3,1,3,3,3,1,1,2,4,4,1,3,3,2,2,2,3,1,4,1,3,2,1,3,3,4,2,3,3,2,1,2,2,3,4,3,2,1,2,3,1,2,1,4,2,1,4,2,1,4,3,2,1,2,3,1,3,1,2,1,1,1,1,2,1,3,1,1,4,1,3,3,2,2,4,3,4,4,2,4,4,2,1,4,4,4,3,1,2,4,3,3,2,1,3,2,1,4,4,2,2,1,1,3,4,4,2,2,1,4,1,2,3,2,1,3,4,4,3,4,4,1,1,2,3,1,1,1,1,2,2,1,3,1,3,1,4,2,1,1,4,2,4,3,2,1,4,2,3,1,3,2,2,2,1,1,2,2,4,2,2,2,2,2,1,2,3,2,3,1,1,3,4,2,2,2,4,3,3,1,2,2,3,2,3,3,1,2,2,4,4,1,4,4,1,2,4,1,3,3,3,2,3,3,1,1,2,4,3,3,4,2,4,1,2,4,1,4,3,1,1,1,4,4,1,2,2,2,2,2,1,1,1,1,1,1,4,2,2,3,4,4,1,2,3,2,4,1,2,2,3,2,1,1,2,2,1,1,2,3,1,2,1,4,4,1,2,4,2,1,1,2,1,3,3,4,2,2,1,2,4,1,2,2,1,2,1,2,3,1,3,2,3,4,2,1,3,2,3,2,1,2,2,4,4,1,1,4,3,3,2,4,2,4,1,2,3,3,1,3,2,1,3,1,1,2,2,4,2,1,1,1,3,2,4,4,4,1,3,1,4,2,1,3,2,1,1,1,1,4,3,1,1,2,2,3,4,3,2,4,2,1,1,1,1,3,1,1,2,1,1,4,2,4,2,1,3,3,1,2,1,2,1,4,4,2,4,1,4,1,2,2,1,4,1,2,3,2,4,1,2,3,2,1,4,2,2,3,2,3,1,2,1,2,3,2,2,2,3,2,4,1,4,2,3,2,2,2,3,2,4,3,1,1,2,1,1,1,2,1,2,3,2,1,1,1,1,2,1,2,3,2,4,1,1,4,4,3,2,4,3,1,3,2,1,2,3,3,3,3,4,3,1,1,1,3,1,2,1,4,4,3,2,4,3,4,4,1,2,1,2,4,4,3,2,1,3,1,4,3,3,1,3,2,2,2,1,4,1,4,1,4,1,1,4,1,1,3,2,4,2,4,2,3,2,2,3,4,4,3,2,2,4,1,2,1,3,3,1,1,4,1,1,2,3,4,4,3,1,1,2,2,4,1,1,4,2,3,4,3,4,3,2,1,3,2,2,2,1,1,3,2,2,3,2,1,2,3,4,3,1,3,4,2,4,3,4,1,3,1,1,2,4,2,2,4,4,3,1,4,2,3,1,4,1,2,3,3,1,4,2,1,3,2,3,1,1,2,1,1,2,1,3,3,2,4,2,2,2,3,2,3,3,2,2,2,2,4,1,1,1,1,2,1,2,1,4,2,2,2,1,1,1,2,4,1,4,2,2,3,4,1,1,1,4,4,2,2,3,3,3,3,1,2,1,2,4,4,2,2,3,2,1,1,1,1,2,3,1,2,3,4,3,4,1,1,3,1,4,4,3,2,1,4,1,2,2,1,2,1,4,1,3,1,1,4,4,1,4,4,1,1,1,3,1,2,1,1,1,1,2,1,3,2,4,4,1,2,4,2,1,1,4,2,4,4,3,3,2,1,2,3,2,1,1,1,2,3,3,4,2,1,4,2,3,2,2,4,4,1,1,2,3,1,2,3,4,2,1,2,1,2,1,4,2,2,3,3,1,4,2,1,2,3,1,1,4,1,3,3,1,2,4,1,4,1,2,1,1,1,2,2,3,3,1,1,4,2,2,4,2,1,1,2,2,1,2,4,3,2,3,3,4,4,1,4,4,3,2,4,3,1,1,3,2,4,2,2,1,1,4,4,2,1,1,3,3,3,3,1,3,2,2,2,2,1,1,3,2,4,4,1,2,3,1,3,1,1,3,1,4,1,1,2,1,3,1,2,2,4,1,1,4,1,4,4,2,1,1,2,3,1,1,1,1,2,3,4,3,2,3,3,1,2,4,2,3,1,2,2,2,4,3,2,2,2,4,1,1,1,2,4,2,1,4,2,1,1,1,2,1,2,1,2,3,3,3,2,4,3,3,1,1,4,2,3,1,4,4,4,3,2,4,3,2,1,3,4,1,2,2,1,2,3,3,1,4,3,3,2,2,1,1,2,3,3,4,4,2,1,1,3,1,1,3,2,3,4,1,3,1,4,2,4,1,1,1,1,4,1,3,1,1,3,1,4,2,2,1,2,2,4,1,2,4,3,1,3,2,1,2,2,3,3,2,1,2,4,1,4,2,1,1,4,1,1,4,4,2,4,2,4,3,2,2,4,3,2,3,1,2,4,3,4,1,3,1,2,4,4,2,2,2,1,2,2,1,4,2,1,2,1,4,2,1,2,4,1,2,1,2,1,1,4,2,1,2,1,2,4,4,3,4,1,2,1,1,2,2,2,2,2,4,4,3,3,2,4,2,3,4,3,2,2,2,3,2,1,3,2,1,1,1,3,1,3,2,3,1,4,3,4,1,1,3,1,3,2,1,3,1,1,2"
104,0.9882627241940299,0.5,2136.0,"4,2,1,1,2,2,3,1,2,1,4,4,4,1,2,2,4,1,1,2,1,2,4,1,3,1,2,2,4,1,1,2,3,3,1,2,4,1,2,4,1,2,2,2,2,2,3,2,1,2,4,4,3,2,1,4,2,2,1,4,4,4,3,1,3,3,3,2,3,2,1,2,2,3,4,2,3,3,3,1,2,1,4,1,2,3,1,2,1,2,1,2,2,2,3,4,1,1,3,1,2,2,3,2,2,4,1,4,2,1,1,1,3,3,1,2,3,4,4,1,3,2,2,3,2,2,3,2,4,1,2,2,1,1,1,2,3,4,2,2,4,3,2,3,4,4,2,1,1,1,1,1,1,3,3,4,2,2,2,1,4,1,1,3,1,3,3,1,1,4,1,2,2,2,1,3,3,1,4,1,3,2,3,2,3,2,1,2,4,1,4,2,3,3,3,3,2,3,1,4,1,4,1,3,4,4,1,3,2,2,2,1,2,1,3,2,2,1,2,1,4,4,3,2,3,1,3,2,4,3,3,2,2,1,1,3,1,3,3,2,2,1,2,3,2,2,3,2,3,3,3,4,1,1,3,1,1,1,4,2,3,4,1,1,2,1,3,2,1,3,4,2,4,1,3,2,4,1,1,4,4,1,1,4,2,2,2,4,2,4,1,1,1,4,1,4,2,1,2,3,2,2,1,2,3,2,4,1,1,1,1,1,1,1,2,3,1,4,2,2,4,2,1,3,2,1,1,3,2,2,3,3,2,3,1,4,1,4,2,1,1,2,3,1,4,2,2,3,3,2,4,2,4,2,3,1,1,2,4,3,4,3,1,2,3,3,4,4,1,3,2,1,2,3,2,3,3,2,1,3,2,4,2,3,3,2,1,1,2,1,1,4,3,3,1,2,3,1,2,2,1,1,2,2,4,1,2,3,4,3,3,2,2,1,1,4,3,2,1,4,3,1,3,3,3,2,1,2,4,3,3,1,1,2,3,1,3,3,2,4,1,2,2,1,3,3,2,1,2,4,2,4,1,3,1,1,1,4,2,1,4,3,3,2,2,1,2,1,4,4,2,2,2,1,1,1,1,4,1,3,1,2,2,3,1,3,4,1,4,1,4,1,1,1,1,2,3,1,1,2,4,2,4,4,2,1,3,1,1,3,3,1,3,1,4,2,4,3,3,1,4,2,4,4,4,2,1,3,1,3,3,3,1,1,2,4,4,1,3,3,2,2,2,3,1,4,1,3,2,1,3,3,4,2,3,3,2,1,2,2,3,4,3,2,1,2,3,1,2,1,4,2,1,4,2,1,4,3,2,1,2,3,1,3,1,2,1,1,1,1,2,1,3,1,1,4,1,3,3,2,2,4,3,4,4,2,4,4,2,1,4,4,4,3,1,2,4,3,3,2,1,3,2,1,4,4,2,2,1,1,3,4,4,2,2,1,4,1,2,3,2,1,3,4,4,3,4,4,1,1,2,3,1,1,1,1,2,2,1,3,1,3,1,4,2,1,1,4,2,4,3,2,1,4,2,3,1,3,2,2,2,1,1,2,2,4,2,2,2,2,2,1,2,3,2,3,1,1,3,4,2,2,2,4,3,3,1,2,2,3,2,3,3,1,2,2,4,4,1,4,4,1,2,4,1,3,3,3,2,3,3,1,1,2,4,3,3,4,2,4,1,2,4,1,4,3,1,1,1,4,4,1,2,2,2,2,2,1,1,1,1,1,1,4,2,2,3,4,4,1,2,3,2,4,1,2,2,3,2,1,1,2,2,1,1,2,3,1,2,1,4,4,1,2,4,2,1,1,2,1,3,3,4,2,2,1,2,4,1,2,2,1,2,1,2,3,1,3,2,3,4,2,1,3,2,3,2,1,2,2,4,4,1,1,4,3,3,2,4,2,4,1,2,3,3,1,3,2,1,3,1,1,2,2,4,2,1,1,1,3,2,4,4,4,1,3,1,4,2,1,3,2,1,1,1,1,4,3,1,1,2,2,3,4,3,2,4,2,1,1,1,1,3,1,1,2,1,1,4,2,4,2,1,3,3,1,2,1,2,1,4,4,2,4,1,4,1,2,2,1,4,1,2,3,2,4,1,2,3,2,1,4,2,2,3,2,3,1,2,1,2,3,2,2,2,3,2,4,1,4,2,3,2,2,2,3,2,4,3,1,1,2,1,1,1,2,1,2,3,2,1,1,1,1,2,1,2,3,2,4,1,1,4,4,3,2,4,3,1,3,2,1,2,3,3,3,3,4,3,1,1,1,3,1,2,1,4,4,3,2,4,3,4,4,1,2,1,2,4,4,3,2,1,3,1,4,3,3,1,3,2,2,2,1,4,1,4,1,4,1,1,4,1,1,3,2,4,2,4,2,3,2,2,3,4,4,3,2,2,4,1,2,1,3,3,1,1,4,1,1,2,3,4,4,3,1,1,2,2,4,1,1,4,2,3,4,3,4,3,2,1,3,2,2,2,1,1,3,2,2,3,2,1,2,3,4,3,1,3,4,2,4,3,4,1,3,1,1,2,4,2,2,4,4,3,1,4,2,3,1,4,1,2,3,3,1,4,2,1,3,2,3,1,1,2,1,1,2,1,3,3,2,4,2,2,2,3,2,3,3,2,2,2,2,4,1,1,1,1,2,1,2,1,4,2,2,2,1,1,1,2,4,1,4,2,2,3,4,1,1,1,4,4,2,2,3,3,3,3,1,2,1,2,4,4,2,2,3,2,1,1,1,1,2,3,1,2,3,4,3,4,1,1,3,1,4,4,3,2,1,4,1,2,2,1,2,1,4,1,3,1,1,4,4,1,4,4,1,1,1,3,1,2,1,1,1,1,2,1,3,2,4,4,1,2,4,2,1,1,4,2,4,4,3,3,2,1,2,3,2,1,1,1,2,3,3,4,2,1,4,2,3,2,2,4,4,1,1,2,3,1,2,3,4,2,1,2,1,2,1,4,2,2,3,3,1,4,2,1,2,3,1,1,4,1,3,3,1,2,4,1,4,1,2,1,1,1,2,2,3,3,1,1,4,2,2,4,2,1,1,2,2,1,2,4,3,2,3,3,4,4,1,4,4,3,2,4,3,1,1,3,2,4,2,2,1,1,4,4,2,1,1,3,3,3,3,1,3,2,2,2,2,1,1,3,2,4,4,1,2,3,1,3,1,1,3,1,4,1,1,2,1,3,1,2,2,4,1,1,4,1,4,4,2,1,1,2,3,1,1,1,1,2,3,4,3,2,3,3,1,2,4,2,3,1,2,2,2,4,3,2,2,2,4,1,1,1,2,4,2,1,4,2,1,1,1,2,1,2,1,2,3,3,3,2,4,3,3,1,1,4,2,3,1,4,4,4,3,2,4,3,2,1,3,4,1,2,2,1,2,3,3,1,4,3,3,2,2,1,1,2,3,3,4,4,2,1,1,3,1,1,3,2,3,4,1,3,1,4,2,4,1,1,1,1,4,1,3,1,1,3,1,4,2,2,1,2,2,4,1,2,4,3,1,3,2,1,2,2,3,3,2,1,2,4,1,4,2,1,1,4,1,1,4,4,2,4,2,4,3,2,2,4,3,2,3,1,2,4,3,4,1,3,1,2,4,4,2,2,2,1,2,2,1,4,2,1,2,1,4,2,1,2,4,1,2,1,2,1,1,4,2,1,2,1,2,4,4,3,4,1,2,1,1,2,2,2,2,2,4,4,3,3,2,4,2,3,4,3,2,2,2,3,2,1,3,2,1,1,1,3,1,3,2,3,1,4,3,4,1,1,3,1,3,2,1,3,1,1,2"
105,0.9882627241940299,0.5,2136.0,"4,2,1,1,2,2,3,1,2,1,4,4,4,1,2,2,4,1,1,2,1,2,4,1,3,1,2,2,4,1,1,2,3,3,1,2,4,1,2,4,1,2,2,2,2,2,3,2,1,2,4,4,3,2,1,4,2,2,1,4,4,4,3,1,3,3,3,2,3,2,1,2,2,3,4,2,3,3,3,1,2,1,4,1,2,3,1,2,1,2,1,2,2,2,3,4,1,1,3,1,2,2,3,2,2,4,1,4,2,1,1,1,3,3,1,2,3,4,4,1,3,2,2,3,2,2,3,2,4,1,2,2,1,1,1,2,3,4,2,2,4,3,2,3,4,4,2,1,1,1,1,1,1,3,3,4,2,2,2,1,4,1,1,3,1,3,3,1,1,4,1,2,2,2,1,3,3,1,4,1,3,2,3,2,3,2,1,2,4,1,4,2,3,3,3,3,2,3,1,4,1,4,1,3,4,4,1,3,2,2,2,1,2,1,3,2,2,1,2,1,4,4,3,2,3,1,3,2,4,3,3,2,2,1,1,3,1,3,3,2,2,1,2,3,2,2,3,2,3,3,3,4,1,1,3,1,1,1,4,2,3,4,1,1,2,1,3,2,1,3,4,2,4,1,3,2,4,1,1,4,4,1,1,4,2,2,2,4,2,4,1,1,1,4,1,4,2,1,2,3,2,2,1,2,3,2,4,1,1,1,1,1,1,1,2,3,1,4,2,2,4,2,1,3,2,1,1,3,2,2,3,3,2,3,1,4,1,4,2,1,1,2,3,1,4,2,2,3,3,2,4,2,4,2,3,1,1,2,4,3,4,3,1,2,3,3,4,4,1,3,2,1,2,3,2,3,3,2,1,3,2,4,2,3,3,2,1,1,2,1,1,4,3,3,1,2,3,1,2,2,1,1,2,2,4,1,2,3,4,3,3,2,2,1,1,4,3,2,1,4,3,1,3,3,3,2,1,2,4,3,3,1,1,2,3,1,3,3,2,4,1,2,2,1,3,3,2,1,2,4,2,4,1,3,1,1,1,4,2,1,4,3,3,2,2,1,2,1,4,4,2,2,2,1,1,1,1,4,1,3,1,2,2,3,1,3,4,1,4,1,4,1,1,1,1,2,3,1,1,2,4,2,4,4,2,1,3,1,1,3,3,1,3,1,4,2,4,3,3,1,4,2,4,4,4,2,1,3,1,3,3,3,1,1,2,4,4,1,3,3,2,2,2,3,1,4,1,3,2,1,3,3,4,2,3,3,2,1,2,2,3,4,3,2,1,2,3,1,2,1,4,2,1,4,2,1,4,3,2,1,2,3,1,3,1,2,1,1,1,1,2,1,3,1,1,4,1,3,3,2,2,4,3,4,4,2,4,4,2,1,4,4,4,3,1,2,4,3,3,2,1,3,2,1,4,4,2,2,1,1,3,4,4,2,2,1,4,1,2,3,2,1,3,4,4,3,4,4,1,1,2,3,1,1,1,1,2,2,1,3,1,3,1,4,2,1,1,4,2,4,3,2,1,4,2,3,1,3,2,2,2,1,1,2,2,4,2,2,2,2,2,1,2,3,2,3,1,1,3,4,2,2,2,4,3,3,1,2,2,3,2,3,3,1,2,2,4,4,1,4,4,1,2,4,1,3,3,3,2,3,3,1,1,2,4,3,3,4,2,4,1,2,4,1,4,3,1,1,1,4,4,1,2,2,2,2,2,1,1,1,1,1,1,4,2,2,3,4,4,1,2,3,2,4,1,2,2,3,2,1,1,2,2,1,1,2,3,1,2,1,4,4,1,2,4,2,1,1,2,1,3,3,4,2,2,1,2,4,1,2,2,1,2,1,2,3,1,3,2,3,4,2,1,3,2,3,2,1,2,2,4,4,1,1,4,3,3,2,4,2,4,1,2,3,3,1,3,2,1,3,1,1,2,2,4,2,1,1,1,3,2,4,4,4,1,3,1,4,2,1,3,2,1,1,1,1,4,3,1,1,2,2,3,4,3,2,4,2,1,1,1,1,3,1,1,2,1,1,4,2,4,2,1,3,3,1,2,1,2,1,4,4,2,4,1,4,1,2,2,1,4,1,2,3,2,4,1,2,3,2,1,4,2,2,3,2,3,1,2,1,2,3,2,2,2,3,2,4,1,4,2,3,2,2,2,3,2,4,3,1,1,2,1,1,1,2,1,2,3,2,1,1,1,1,2,1,2,3,2,4,1,1,4,4,3,2,4,3,1,3,2,1,2,3,3,3,3,4,3,1,1,1,3,1,2,1,4,4,3,2,4,3,4,4,1,2,1,2,4,4,3,2,1,3,1,4,3,3,1,3,2,2,2,1,4,1,4,1,4,1,1,4,1,1,3,2,4,2,4,2,3,2,2,3,4,4,3,2,2,4,1,2,1,3,3,1,1,4,1,1,2,3,4,4,3,1,1,2,2,4,1,1,4,2,3,4,3,4,3,2,1,3,2,2,2,1,1,3,2,2,3,2,1,2,3,4,3,1,3,4,2,4,3,4,1,3,1,1,2,4,2,2,4,4,3,1,4,2,3,1,4,1,2,3,3,1,4,2,1,3,2,3,1,1,2,1,1,2,1,3,3,2,4,2,2,2,3,2,3,3,2,2,2,2,4,1,1,1,1,2,1,2,1,4,2,2,2,1,1,1,2,4,1,4,2,2,3,4,1,1,1,4,4,2,2,3,3,3,3,1,2,1,2,4,4,2,2,3,2,1,1,1,1,2,3,1,2,3,4,3,4,1,1,3,1,4,4,3,2,1,4,1,2,2,1,2,1,4,1,3,1,1,4,4,1,4,4,1,1,1,3,1,2,1,1,1,1,2,1,3,2,4,4,1,2,4,2,1,1,4,2,4,4,3,3,2,1,2,3,2,1,1,1,2,3,3,4,2,1,4,2,3,2,2,4,4,1,1,2,3,1,2,3,4,2,1,2,1,2,1,4,2,2,3,3,1,4,2,1,2,3,1,1,4,1,3,3,1,2,4,1,4,1,2,1,1,1,2,2,3,3,1,1,4,2,2,4,2,1,1,2,2,1,2,4,3,2,3,3,4,4,1,4,4,3,2,4,3,1,1,3,2,4,2,2,1,1,4,4,2,1,1,3,3,3,3,1,3,2,2,2,2,1,1,3,2,4,4,1,2,3,1,3,1,1,3,1,4,1,1,2,1,3,1,2,2,4,1,1,4,1,4,4,2,1,1,2,3,1,1,1,1,2,3,4,3,2,3,3,1,2,4,2,3,1,2,2,2,4,3,2,2,2,4,1,1,1,2,4,2,1,4,2,1,1,1,2,1,2,1,2,3,3,3,2,4,3,3,1,1,4,2,3,1,4,4,4,3,2,4,3,2,1,3,4,1,2,2,1,2,3,3,1,4,3,3,2,2,1,1,2,3,3,4,4,2,1,1,3,1,1,3,2,3,4,1,3,1,4,2,4,1,1,1,1,4,1,3,1,1,3,1,4,2,2,1,2,2,4,1,2,4,3,1,3,2,1,2,2,3,3,2,1,2,4,1,4,2,1,1,4,1,1,4,4,2,4,2,4,3,2,2,4,3,2,3,1,2,4,3,4,1,3,1,2,4,4,2,2,2,1,2,2,1,4,2,1,2,1,4,2,1,2,4,1,2,1,2,1,1,4,2,1,2,1,2,4,4,3,4,1,2,1,1,2,2,2,2,2,4,4,3,3,2,4,2,3,4,3,2,2,2,3,2,1,3,2,1,1,1,3,1,3,2,3,1,4,3,4,1,1,3,1,3,2,1,3,1,1,2"
106,0.9882627241940299,0.5,2136.0,"4,2,1,1,2,2,3,1,2,1,4,4,4,1,2,2,4,1,1,2,1,2,4,1,3,1,2,2,4,1,1,2,3,3,1,2,4,1,2,4,1,2,2,2,2,2,3,2,1,2,4,4,3,2,1,4,2,2,1,4,4,4,3,1,3,3,3,2,3,2,1,2,2,3,4,2,3,3,3,1,2,1,4,1,2,3,1,2,1,2,1,2,2,2,3,4,1,1,3,1,2,2,3,2,2,4,1,4,2,1,1,1,3,3,1,2,3,4,4,1,3,2,2,3,2,2,3,2,4,1,2,2,1,1,1,2,3,4,2,2,4,3,2,3,4,4,2,1,1,1,1,1,1,3,3,4,2,2,2,1,4,1,1,3,1,3,3,1,1,4,1,2,2,2,1,3,3,1,4,1,3,2,3,2,3,2,1,2,4,1,4,2,3,3,3,3,2,3,1,4,1,4,1,3,4,4,1,3,2,2,2,1,2,1,3,2,2,1,2,1,4,4,3,2,3,1,3,2,4,3,3,2,2,1,1,3,1,3,3,2,2,1,2,3,2,2,3,2,3,3,3,4,1,1,3,1,1,1,4,2,3,4,1,1,2,1,3,2,1,3,4,2,4,1,3,2,4,1,1,4,4,1,1,4,2,2,2,4,2,4,1,1,1,4,1,4,2,1,2,3,2,2,1,2,3,2,4,1,1,1,1,1,1,1,2,3,1,4,2,2,4,2,1,3,2,1,1,3,2,2,3,3,2,3,1,4,1,4,2,1,1,2,3,1,4,2,2,3,3,2,4,2,4,2,3,1,1,2,4,3,4,3,1,2,3,3,4,4,1,3,2,1,2,3,2,3,3,2,1,3,2,4,2,3,3,2,1,1,2,1,1,4,3,3,1,2,3,1,2,2,1,1,2,2,4,1,2,3,4,3,3,2,2,1,1,4,3,2,1,4,3,1,3,3,3,2,1,2,4,3,3,1,1,2,3,1,3,3,2,4,1,2,2,1,3,3,2,1,2,4,2,4,1,3,1,1,1,4,2,1,4,3,3,2,2,1,2,1,4,4,2,2,2,1,1,1,1,4,1,3,1,2,2,3,1,3,4,1,4,1,4,1,1,1,1,2,3,1,1,2,4,2,4,4,2,1,3,1,1,3,3,1,3,1,4,2,4,3,3,1,4,2,4,4,4,2,1,3,1,3,3,3,1,1,2,4,4,1,3,3,2,2,2,3,1,4,1,3,2,1,3,3,4,2,3,3,2,1,2,2,3,4,3,2,1,2,3,1,2,1,4,2,1,4,2,1,4,3,2,1,2,3,1,3,1,2,1,1,1,1,2,1,3,1,1,4,1,3,3,2,2,4,3,4,4,2,4,4,2,1,4,4,4,3,1,2,4,3,3,2,1,3,2,1,4,4,2,2,1,1,3,4,4,2,2,1,4,1,2,3,2,1,3,4,4,3,4,4,1,1,2,3,1,1,1,1,2,2,1,3,1,3,1,4,2,1,1,4,2,4,3,2,1,4,2,3,1,3,2,2,2,1,1,2,2,4,2,2,2,2,2,1,2,3,2,3,1,1,3,4,2,2,2,4,3,3,1,2,2,3,2,3,3,1,2,2,4,4,1,4,4,1,2,4,1,3,3,3,2,3,3,1,1,2,4,3,3,4,2,4,1,2,4,1,4,3,1,1,1,4,4,1,2,2,2,2,2,1,1,1,1,1,1,4,2,2,3,4,4,1,2,3,2,4,1,2,2,3,2,1,1,2,2,1,1,2,3,1,2,1,4,4,1,2,4,2,1,1,2,1,3,3,4,2,2,1,2,4,1,2,2,1,2,1,2,3,1,3,2,3,4,2,1,3,2,3,2,1,2,2,4,4,1,1,4,3,3,2,4,2,4,1,2,3,3,1,3,2,1,3,1,1,2,2,4,2,1,1,1,3,2,4,4,4,1,3,1,4,2,1,3,2,1,1,1,1,4,3,1,1,2,2,3,4,3,2,4,2,1,1,1,1,3,1,1,2,1,1,4,2,4,2,1,3,3,1,2,1,2,1,4,4,2,4,1,4,1,2,2,1,4,1,2,3,2,4,1,2,3,2,1,4,2,2,3,2,3,1,2,1,2,3,2,2,2,3,2,4,1,4,2,3,2,2,2,3,2,4,3,1,1,2,1,1,1,2,1,2,3,2,1,1,1,1,2,1,2,3,2,4,1,1,4,4,3,2,4,3,1,3,2,1,2,3,3,3,3,4,3,1,1,1,3,1,2,1,4,4,3,2,4,3,4,4,1,2,1,2,4,4,3,2,1,3,1,4,3,3,1,3,2,2,2,1,4,1,4,1,4,1,1,4,1,1,3,2,4,2,4,2,3,2,2,3,4,4,3,2,2,4,1,2,1,3,3,1,1,4,1,1,2,3,4,4,3,1,1,2,2,4,1,1,4,2,3,4,3,4,3,2,1,3,2,2,2,1,1,3,2,2,3,2,1,2,3,4,3,1,3,4,2,4,3,4,1,3,1,1,2,4,2,2,4,4,3,1,4,2,3,1,4,1,2,3,3,1,4,2,1,3,2,3,1,1,2,1,1,2,1,3,3,2,4,2,2,2,3,2,3,3,2,2,2,2,4,1,1,1,1,2,1,2,1,4,2,2,2,1,1,1,2,4,1,4,2,2,3,4,1,1,1,4,4,2,2,3,3,3,3,1,2,1,2,4,4,2,2,3,2,1,1,1,1,2,3,1,2,3,4,3,4,1,1,3,1,4,4,3,2,1,4,1,2,2,1,2,1,4,1,3,1,1,4,4,1,4,4,1,1,1,3,1,2,1,1,1,1,2,1,3,2,4,4,1,2,4,2,1,1,4,2,4,4,3,3,2,1,2,3,2,1,1,1,2,3,3,4,2,1,4,2,3,2,2,4,4,1,1,2,3,1,2,3,4,2,1,2,1,2,1,4,2,2,3,3,1,4,2,1,2,3,1,1,4,1,3,3,1,2,4,1,4,1,2,1,1,1,2,2,3,3,1,1,4,2,2,4,2,1,1,2,2,1,2,4,3,2,3,3,4,4,1,4,4,3,2,4,3,1,1,3,2,4,2,2,1,1,4,4,2,1,1,3,3,3,3,1,3,2,2,2,2,1,1,3,2,4,4,1,2,3,1,3,1,1,3,1,4,1,1,2,1,3,1,2,2,4,1,1,4,1,4,4,2,1,1,2,3,1,1,1,1,2,3,4,3,2,3,3,1,2,4,2,3,1,2,2,2,4,3,2,2,2,4,1,1,1,2,4,2,1,4,2,1,1,1,2,1,2,1,2,3,3,3,2,4,3,3,1,1,4,2,3,1,4,4,4,3,2,4,3,2,1,3,4,1,2,2,1,2,3,3,1,4,3,3,2,2,1,1,2,3,3,4,4,2,1,1,3,1,1,3,2,3,4,1,3,1,4,2,4,1,1,1,1,4,1,3,1,1,3,1,4,2,2,1,2,2,4,1,2,4,3,1,3,2,1,2,2,3,3,2,1,2,4,1,4,2,1,1,4,1,1,4,4,2,4,2,4,3,2,2,4,3,2,3,1,2,4,3,4,1,3,1,2,4,4,2,2,2,1,2,2,1,4,2,1,2,1,4,2,1,2,4,1,2,1,2,1,1,4,2,1,2,1,2,4,4,3,4,1,2,1,1,2,2,2,2,2,4,4,3,3,2,4,2,3,4,3,2,2,2,3,2,1,3,2,1,1,1,3,1,3,2,3,1,4,3,4,1,1,3,1,3,2,1,3,1,1,2"
107,0.9882627241940299,0.5,2136.0,"4,2,1,1,2,2,3,1,2,1,4,4,4,1,2,2,4,1,1,2,1,2,4,1,3,1,2,2,4,1,1,2,3,3,1,2,4,1,2,4,1,2,2,2,2,2,3,2,1,2,4,4,3,2,1,4,2,2,1,4,4,4,3,1,3,3,3,2,3,2,1,2,2,3,4,2,3,3,3,1,2,1,4,1,2,3,1,2,1,2,1,2,2,2,3,4,1,1,3,1,2,2,3,2,2,4,1,4,2,1,1,1,3,3,1,2,3,4,4,1,3,2,2,3,2,2,3,2,4,1,2,2,1,1,1,2,3,4,2,2,4,3,2,3,4,4,2,1,1,1,1,1,1,3,3,4,2,2,2,1,4,1,1,3,1,3,3,1,1,4,1,2,2,2,1,3,3,1,4,1,3,2,3,2,3,2,1,2,4,1,4,2,3,3,3,3,2,3,1,4,1,4,1,3,4,4,1,3,2,2,2,1,2,1,3,2,2,1,2,1,4,4,3,2,3,1,3,2,4,3,3,2,2,1,1,3,1,3,3,2,2,1,2,3,2,2,3,2,3,3,3,4,1,1,3,1,1,1,4,2,3,4,1,1,2,1,3,2,1,3,4,2,4,1,3,2,4,1,1,4,4,1,1,4,2,2,2,4,2,4,1,1,1,4,1,4,2,1,2,3,2,2,1,2,3,2,4,1,1,1,1,1,1,1,2,3,1,4,2,2,4,2,1,3,2,1,1,3,2,2,3,3,2,3,1,4,1,4,2,1,1,2,3,1,4,2,2,3,3,2,4,2,4,2,3,1,1,2,4,3,4,3,1,2,3,3,4,4,1,3,2,1,2,3,2,3,3,2,1,3,2,4,2,3,3,2,1,1,2,1,1,4,3,3,1,2,3,1,2,2,1,1,2,2,4,1,2,3,4,3,3,2,2,1,1,4,3,2,1,4,3,1,3,3,3,2,1,2,4,3,3,1,1,2,3,1,3,3,2,4,1,2,2,1,3,3,2,1,2,4,2,4,1,3,1,1,1,4,2,1,4,3,3,2,2,1,2,1,4,4,2,2,2,1,1,1,1,4,1,3,1,2,2,3,1,3,4,1,4,1,4,1,1,1,1,2,3,1,1,2,4,2,4,4,2,1,3,1,1,3,3,1,3,1,4,2,4,3,3,1,4,2,4,4,4,2,1,3,1,3,3,3,1,1,2,4,4,1,3,3,2,2,2,3,1,4,1,3,2,1,3,3,4,2,3,3,2,1,2,2,3,4,3,2,1,2,3,1,2,1,4,2,1,4,2,1,4,3,2,1,2,3,1,3,1,2,1,1,1,1,2,1,3,1,1,4,1,3,3,2,2,4,3,4,4,2,4,4,2,1,4,4,4,3,1,2,4,3,3,2,1,3,2,1,4,4,2,2,1,1,3,4,4,2,2,1,4,1,2,3,2,1,3,4,4,3,4,4,1,1,2,3,1,1,1,1,2,2,1,3,1,3,1,4,2,1,1,4,2,4,3,2,1,4,2,3,1,3,2,2,2,1,1,2,2,4,2,2,2,2,2,1,2,3,2,3,1,1,3,4,2,2,2,4,3,3,1,2,2,3,2,3,3,1,2,2,4,4,1,4,4,1,2,4,1,3,3,3,2,3,3,1,1,2,4,3,3,4,2,4,1,2,4,1,4,3,1,1,1,4,4,1,2,2,2,2,2,1,1,1,1,1,1,4,2,2,3,4,4,1,2,3,2,4,1,2,2,3,2,1,1,2,2,1,1,2,3,1,2,1,4,4,1,2,4,2,1,1,2,1,3,3,4,2,2,1,2,4,1,2,2,1,2,1,2,3,1,3,2,3,4,2,1,3,2,3,2,1,2,2,4,4,1,1,4,3,3,2,4,2,4,1,2,3,3,1,3,2,1,3,1,1,2,2,4,2,1,1,1,3,2,4,4,4,1,3,1,4,2,1,3,2,1,1,1,1,4,3,1,1,2,2,3,4,3,2,4,2,1,1,1,1,3,1,1,2,1,1,4,2,4,2,1,3,3,1,2,1,2,1,4,4,2,4,1,4,1,2,2,1,4,1,2,3,2,4,1,2,3,2,1,4,2,2,3,2,3,1,2,1,2,3,2,2,2,3,2,4,1,4,2,3,2,2,2,3,2,4,3,1,1,2,1,1,1,2,1,2,3,2,1,1,1,1,2,1,2,3,2,4,1,1,4,4,3,2,4,3,1,3,2,1,2,3,3,3,3,4,3,1,1,1,3,1,2,1,4,4,3,2,4,3,4,4,1,2,1,2,4,4,3,2,1,3,1,4,3,3,1,3,2,2,2,1,4,1,4,1,4,1,1,4,1,1,3,2,4,2,4,2,3,2,2,3,4,4,3,2,2,4,1,2,1,3,3,1,1,4,1,1,2,3,4,4,3,1,1,2,2,4,1,1,4,2,3,4,3,4,3,2,1,3,2,2,2,1,1,3,2,2,3,2,1,2,3,4,3,1,3,4,2,4,3,4,1,3,1,1,2,4,2,2,4,4,3,1,4,2,3,1,4,1,2,3,3,1,4,2,1,3,2,3,1,1,2,1,1,2,1,3,3,2,4,2,2,2,3,2,3,3,2,2,2,2,4,1,1,1,1,2,1,2,1,4,2,2,2,1,1,1,2,4,1,4,2,2,3,4,1,1,1,4,4,2,2,3,3,3,3,1,2,1,2,4,4,2,2,3,2,1,1,1,1,2,3,1,2,3,4,3,4,1,1,3,1,4,4,3,2,1,4,1,2,2,1,2,1,4,1,3,1,1,4,4,1,4,4,1,1,1,3,1,2,1,1,1,1,2,1,3,2,4,4,1,2,4,2,1,1,4,2,4,4,3,3,2,1,2,3,2,1,1,1,2,3,3,4,2,1,4,2,3,2,2,4,4,1,1,2,3,1,2,3,4,2,1,2,1,2,1,4,2,2,3,3,1,4,2,1,2,3,1,1,4,1,3,3,1,2,4,1,4,1,2,1,1,1,2,2,3,3,1,1,4,2,2,4,2,1,1,2,2,1,2,4,3,2,3,3,4,4,1,4,4,3,2,4,3,1,1,3,2,4,2,2,1,1,4,4,2,1,1,3,3,3,3,1,3,2,2,2,2,1,1,3,2,4,4,1,2,3,1,3,1,1,3,1,4,1,1,2,1,3,1,2,2,4,1,1,4,1,4,4,2,1,1,2,3,1,1,1,1,2,3,4,3,2,3,3,1,2,4,2,3,1,2,2,2,4,3,2,2,2,4,1,1,1,2,4,2,1,4,2,1,1,1,2,1,2,1,2,3,3,3,2,4,3,3,1,1,4,2,3,1,4,4,4,3,2,4,3,2,1,3,4,1,2,2,1,2,3,3,1,4,3,3,2,2,1,1,2,3,3,4,4,2,1,1,3,1,1,3,2,3,4,1,3,1,4,2,4,1,1,1,1,4,1,3,1,1,3,1,4,2,2,1,2,2,4,1,2,4,3,1,3,2,1,2,2,3,3,2,1,2,4,1,4,2,1,1,4,1,1,4,4,2,4,2,4,3,2,2,4,3,2,3,1,2,4,3,4,1,3,1,2,4,4,2,2,2,1,2,2,1,4,2,1,2,1,4,2,1,2,4,1,2,1,2,1,1,4,2,1,2,1,2,4,4,3,4,1,2,1,1,2,2,2,2,2,4,4,3,3,2,4,2,3,4,3,2,2,2,3,2,1,3,2,1,1,1,3,1,3,2,3,1,4,3,4,1,1,3,1,3,2,1,3,1,1,2"
108,0.9882627241940299,0.5,2136.0,"4,2,1,1,2,2,3,1,2,1,4,4,4,1,2,2,4,1,1,2,1,2,4,1,3,1,2,2,4,1,1,2,3,3,1,2,4,1,2,4,1,2,2,2,2,2,3,2,1,2,4,4,3,2,1,4,2,2,1,4,4,4,3,1,3,3,3,2,3,2,1,2,2,3,4,2,3,3,3,1,2,1,4,1,2,3,1,2,1,2,1,2,2,2,3,4,1,1,3,1,2,2,3,2,2,4,1,4,2,1,1,1,3,3,1,2,3,4,4,1,3,2,2,3,2,2,3,2,4,1,2,2,1,1,1,2,3,4,2,2,4,3,2,3,4,4,2,1,1,1,1,1,1,3,3,4,2,2,2,1,4,1,1,3,1,3,3,1,1,4,1,2,2,2,1,3,3,1,4,1,3,2,3,2,3,2,1,2,4,1,4,2,3,3,3,3,2,3,1,4,1,4,1,3,4,4,1,3,2,2,2,1,2,1,3,2,2,1,2,1,4,4,3,2,3,1,3,2,4,3,3,2,2,1,1,3,1,3,3,2,2,1,2,3,2,2,3,2,3,3,3,4,1,1,3,1,1,1,4,2,3,4,1,1,2,1,3,2,1,3,4,2,4,1,3,2,4,1,1,4,4,1,1,4,2,2,2,4,2,4,1,1,1,4,1,4,2,1,2,3,2,2,1,2,3,2,4,1,1,1,1,1,1,1,2,3,1,4,2,2,4,2,1,3,2,1,1,3,2,2,3,3,2,3,1,4,1,4,2,1,1,2,3,1,4,2,2,3,3,2,4,2,4,2,3,1,1,2,4,3,4,3,1,2,3,3,4,4,1,3,2,1,2,3,2,3,3,2,1,3,2,4,2,3,3,2,1,1,2,1,1,4,3,3,1,2,3,1,2,2,1,1,2,2,4,1,2,3,4,3,3,2,2,1,1,4,3,2,1,4,3,1,3,3,3,2,1,2,4,3,3,1,1,2,3,1,3,3,2,4,1,2,2,1,3,3,2,1,2,4,2,4,1,3,1,1,1,4,2,1,4,3,3,2,2,1,2,1,4,4,2,2,2,1,1,1,1,4,1,3,1,2,2,3,1,3,4,1,4,1,4,1,1,1,1,2,3,1,1,2,4,2,4,4,2,1,3,1,1,3,3,1,3,1,4,2,4,3,3,1,4,2,4,4,4,2,1,3,1,3,3,3,1,1,2,4,4,1,3,3,2,2,2,3,1,4,1,3,2,1,3,3,4,2,3,3,2,1,2,2,3,4,3,2,1,2,3,1,2,1,4,2,1,4,2,1,4,3,2,1,2,3,1,3,1,2,1,1,1,1,2,1,3,1,1,4,1,3,3,2,2,4,3,4,4,2,4,4,2,1,4,4,4,3,1,2,4,3,3,2,1,3,2,1,4,4,2,2,1,1,3,4,4,2,2,1,4,1,2,3,2,1,3,4,4,3,4,4,1,1,2,3,1,1,1,1,2,2,1,3,1,3,1,4,2,1,1,4,2,4,3,2,1,4,2,3,1,3,2,2,2,1,1,2,2,4,2,2,2,2,2,1,2,3,2,3,1,1,3,4,2,2,2,4,3,3,1,2,2,3,2,3,3,1,2,2,4,4,1,4,4,1,2,4,1,3,3,3,2,3,3,1,1,2,4,3,3,4,2,4,1,2,4,1,4,3,1,1,1,4,4,1,2,2,2,2,2,1,1,1,1,1,1,4,2,2,3,4,4,1,2,3,2,4,1,2,2,3,2,1,1,2,2,1,1,2,3,1,2,1,4,4,1,2,4,2,1,1,2,1,3,3,4,2,2,1,2,4,1,2,2,1,2,1,2,3,1,3,2,3,4,2,1,3,2,3,2,1,2,2,4,4,1,1,4,3,3,2,4,2,4,1,2,3,3,1,3,2,1,3,1,1,2,2,4,2,1,1,1,3,2,4,4,4,1,3,1,4,2,1,3,2,1,1,1,1,4,3,1,1,2,2,3,4,3,2,4,2,1,1,1,1,3,1,1,2,1,1,4,2,4,2,1,3,3,1,2,1,2,1,4,4,2,4,1,4,1,2,2,1,4,1,2,3,2,4,1,2,3,2,1,4,2,2,3,2,3,1,2,1,2,3,2,2,2,3,2,4,1,4,2,3,2,2,2,3,2,4,3,1,1,2,1,1,1,2,1,2,3,2,1,1,1,1,2,1,2,3,2,4,1,1,4,4,3,2,4,3,1,3,2,1,2,3,3,3,3,4,3,1,1,1,3,1,2,1,4,4,3,2,4,3,4,4,1,2,1,2,4,4,3,2,1,3,1,4,3,3,1,3,2,2,2,1,4,1,4,1,4,1,1,4,1,1,3,2,4,2,4,2,3,2,2,3,4,4,3,2,2,4,1,2,1,3,3,1,1,4,1,1,2,3,4,4,3,1,1,2,2,4,1,1,4,2,3,4,3,4,3,2,1,3,2,2,2,1,1,3,2,2,3,2,1,2,3,4,3,1,3,4,2,4,3,4,1,3,1,1,2,4,2,2,4,4,3,1,4,2,3,1,4,1,2,3,3,1,4,2,1,3,2,3,1,1,2,1,1,2,1,3,3,2,4,2,2,2,3,2,3,3,2,2,2,2,4,1,1,1,1,2,1,2,1,4,2,2,2,1,1,1,2,4,1,4,2,2,3,4,1,1,1,4,4,2,2,3,3,3,3,1,2,1,2,4,4,2,2,3,2,1,1,1,1,2,3,1,2,3,4,3,4,1,1,3,1,4,4,3,2,1,4,1,2,2,1,2,1,4,1,3,1,1,4,4,1,4,4,1,1,1,3,1,2,1,1,1,1,2,1,3,2,4,4,1,2,4,2,1,1,4,2,4,4,3,3,2,1,2,3,2,1,1,1,2,3,3,4,2,1,4,2,3,2,2,4,4,1,1,2,3,1,2,3,4,2,1,2,1,2,1,4,2,2,3,3,1,4,2,1,2,3,1,1,4,1,3,3,1,2,4,1,4,1,2,1,1,1,2,2,3,3,1,1,4,2,2,4,2,1,1,2,2,1,2,4,3,2,3,3,4,4,1,4,4,3,2,4,3,1,1,3,2,4,2,2,1,1,4,4,2,1,1,3,3,3,3,1,3,2,2,2,2,1,1,3,2,4,4,1,2,3,1,3,1,1,3,1,4,1,1,2,1,3,1,2,2,4,1,1,4,1,4,4,2,1,1,2,3,1,1,1,1,2,3,4,3,2,3,3,1,2,4,2,3,1,2,2,2,4,3,2,2,2,4,1,1,1,2,4,2,1,4,2,1,1,1,2,1,2,1,2,3,3,3,2,4,3,3,1,1,4,2,3,1,4,4,4,3,2,4,3,2,1,3,4,1,2,2,1,2,3,3,1,4,3,3,2,2,1,1,2,3,3,4,4,2,1,1,3,1,1,3,2,3,4,1,3,1,4,2,4,1,1,1,1,4,1,3,1,1,3,1,4,2,2,1,2,2,4,1,2,4,3,1,3,2,1,2,2,3,3,2,1,2,4,1,4,2,1,1,4,1,1,4,4,2,4,2,4,3,2,2,4,3,2,3,1,2,4,3,4,1,3,1,2,4,4,2,2,2,1,2,2,1,4,2,1,2,1,4,2,1,2,4,1,2,1,2,1,1,4,2,1,2,1,2,4,4,3,4,1,2,1,1,2,2,2,2,2,4,4,3,3,2,4,2,3,4,3,2,2,2,3,2,1,3,2,1,1,1,3,1,3,2,3,1,4,3,4,1,1,3,1,3,2,1,3,1,1,2"
109,0.9882627241940299,0.5,2136.0,"4,2,1,1,2,2,3,1,2,1,4,4,4,1,2,2,4,1,1,2,1,2,4,1,3,1,2,2,4,1,1,2,3,3,1,2,4,1,2,4,1,2,2,2,2,2,3,2,1,2,4,4,3,2,1,4,2,2,1,4,4,4,3,1,3,3,3,2,3,2,1,2,2,3,4,2,3,3,3,1,2,1,4,1,2,3,1,2,1,2,1,2,2,2,3,4,1,1,3,1,2,2,3,2,2,4,1,4,2,1,1,1,3,3,1,2,3,4,4,1,3,2,2,3,2,2,3,2,4,1,2,2,1,1,1,2,3,4,2,2,4,3,2,3,4,4,2,1,1,1,1,1,1,3,3,4,2,2,2,1,4,1,1,3,1,3,3,1,1,4,1,2,2,2,1,3,3,1,4,1,3,2,3,2,3,2,1,2,4,1,4,2,3,3,3,3,2,3,1,4,1,4,1,3,4,4,1,3,2,2,2,1,2,1,3,2,2,1,2,1,4,4,3,2,3,1,3,2,4,3,3,2,2,1,1,3,1,3,3,2,2,1,2,3,2,2,3,2,3,3,3,4,1,1,3,1,1,1,4,2,3,4,1,1,2,1,3,2,1,3,4,2,4,1,3,2,4,1,1,4,4,1,1,4,2,2,2,4,2,4,1,1,1,4,1,4,2,1,2,3,2,2,1,2,3,2,4,1,1,1,1,1,1,1,2,3,1,4,2,2,4,2,1,3,2,1,1,3,2,2,3,3,2,3,1,4,1,4,2,1,1,2,3,1,4,2,2,3,3,2,4,2,4,2,3,1,1,2,4,3,4,3,1,2,3,3,4,4,1,3,2,1,2,3,2,3,3,2,1,3,2,4,2,3,3,2,1,1,2,1,1,4,3,3,1,2,3,1,2,2,1,1,2,2,4,1,2,3,4,3,3,2,2,1,1,4,3,2,1,4,3,1,3,3,3,2,1,2,4,3,3,1,1,2,3,1,3,3,2,4,1,2,2,1,3,3,2,1,2,4,2,4,1,3,1,1,1,4,2,1,4,3,3,2,2,1,2,1,4,4,2,2,2,1,1,1,1,4,1,3,1,2,2,3,1,3,4,1,4,1,4,1,1,1,1,2,3,1,1,2,4,2,4,4,2,1,3,1,1,3,3,1,3,1,4,2,4,3,3,1,4,2,4,4,4,2,1,3,1,3,3,3,1,1,2,4,4,1,3,3,2,2,2,3,1,4,1,3,2,1,3,3,4,2,3,3,2,1,2,2,3,4,3,2,1,2,3,1,2,1,4,2,1,4,2,1,4,3,2,1,2,3,1,3,1,2,1,1,1,1,2,1,3,1,1,4,1,3,3,2,2,4,3,4,4,2,4,4,2,1,4,4,4,3,1,2,4,3,3,2,1,3,2,1,4,4,2,2,1,1,3,4,4,2,2,1,4,1,2,3,2,1,3,4,4,3,4,4,1,1,2,3,1,1,1,1,2,2,1,3,1,3,1,4,2,1,1,4,2,4,3,2,1,4,2,3,1,3,2,2,2,1,1,2,2,4,2,2,2,2,2,1,2,3,2,3,1,1,3,4,2,2,2,4,3,3,1,2,2,3,2,3,3,1,2,2,4,4,1,4,4,1,2,4,1,3,3,3,2,3,3,1,1,2,4,3,3,4,2,4,1,2,4,1,4,3,1,1,1,4,4,1,2,2,2,2,2,1,1,1,1,1,1,4,2,2,3,4,4,1,2,3,2,4,1,2,2,3,2,1,1,2,2,1,1,2,3,1,2,1,4,4,1,2,4,2,1,1,2,1,3,3,4,2,2,1,2,4,1,2,2,1,2,1,2,3,1,3,2,3,4,2,1,3,2,3,2,1,2,2,4,4,1,1,4,3,3,2,4,2,4,1,2,3,3,1,3,2,1,3,1,1,2,2,4,2,1,1,1,3,2,4,4,4,1,3,1,4,2,1,3,2,1,1,1,1,4,3,1,1,2,2,3,4,3,2,4,2,1,1,1,1,3,1,1,2,1,1,4,2,4,2,1,3,3,1,2,1,2,1,4,4,2,4,1,4,1,2,2,1,4,1,2,3,2,4,1,2,3,2,1,4,2,2,3,2,3,1,2,1,2,3,2,2,2,3,2,4,1,4,2,3,2,2,2,3,2,4,3,1,1,2,1,1,1,2,1,2,3,2,1,1,1,1,2,1,2,3,2,4,1,1,4,4,3,2,4,3,1,3,2,1,2,3,3,3,3,4,3,1,1,1,3,1,2,1,4,4,3,2,4,3,4,4,1,2,1,2,4,4,3,2,1,3,1,4,3,3,1,3,2,2,2,1,4,1,4,1,4,1,1,4,1,1,3,2,4,2,4,2,3,2,2,3,4,4,3,2,2,4,1,2,1,3,3,1,1,4,1,1,2,3,4,4,3,1,1,2,2,4,1,1,4,2,3,4,3,4,3,2,1,3,2,2,2,1,1,3,2,2,3,2,1,2,3,4,3,1,3,4,2,4,3,4,1,3,1,1,2,4,2,2,4,4,3,1,4,2,3,1,4,1,2,3,3,1,4,2,1,3,2,3,1,1,2,1,1,2,1,3,3,2,4,2,2,2,3,2,3,3,2,2,2,2,4,1,1,1,1,2,1,2,1,4,2,2,2,1,1,1,2,4,1,4,2,2,3,4,1,1,1,4,4,2,2,3,3,3,3,1,2,1,2,4,4,2,2,3,2,1,1,1,1,2,3,1,2,3,4,3,4,1,1,3,1,4,4,3,2,1,4,1,2,2,1,2,1,4,1,3,1,1,4,4,1,4,4,1,1,1,3,1,2,1,1,1,1,2,1,3,2,4,4,1,2,4,2,1,1,4,2,4,4,3,3,2,1,2,3,2,1,1,1,2,3,3,4,2,1,4,2,3,2,2,4,4,1,1,2,3,1,2,3,4,2,1,2,1,2,1,4,2,2,3,3,1,4,2,1,2,3,1,1,4,1,3,3,1,2,4,1,4,1,2,1,1,1,2,2,3,3,1,1,4,2,2,4,2,1,1,2,2,1,2,4,3,2,3,3,4,4,1,4,4,3,2,4,3,1,1,3,2,4,2,2,1,1,4,4,2,1,1,3,3,3,3,1,3,2,2,2,2,1,1,3,2,4,4,1,2,3,1,3,1,1,3,1,4,1,1,2,1,3,1,2,2,4,1,1,4,1,4,4,2,1,1,2,3,1,1,1,1,2,3,4,3,2,3,3,1,2,4,2,3,1,2,2,2,4,3,2,2,2,4,1,1,1,2,4,2,1,4,2,1,1,1,2,1,2,1,2,3,3,3,2,4,3,3,1,1,4,2,3,1,4,4,4,3,2,4,3,2,1,3,4,1,2,2,1,2,3,3,1,4,3,3,2,2,1,1,2,3,3,4,4,2,1,1,3,1,1,3,2,3,4,1,3,1,4,2,4,1,1,1,1,4,1,3,1,1,3,1,4,2,2,1,2,2,4,1,2,4,3,1,3,2,1,2,2,3,3,2,1,2,4,1,4,2,1,1,4,1,1,4,4,2,4,2,4,3,2,2,4,3,2,3,1,2,4,3,4,1,3,1,2,4,4,2,2,2,1,2,2,1,4,2,1,2,1,4,2,1,2,4,1,2,1,2,1,1,4,2,1,2,1,2,4,4,3,4,1,2,1,1,2,2,2,2,2,4,4,3,3,2,4,2,3,4,3,2,2,2,3,2,1,3,2,1,1,1,3,1,3,2,3,1,4,3,4,1,1,3,1,3,2,1,3,1,1,2"
110,0.9882627241940299,0.5,2136.0,"4,2,1,1,2,2,3,1,2,1,4,4,4,1,2,2,4,1,1,2,1,2,4,1,3,1,2,2,4,1,1,2,3,3,1,2,4,1,2,4,1,2,2,2,2,2,3,2,1,2,4,4,3,2,1,4,2,2,1,4,4,4,3,1,3,3,3,2,3,2,1,2,2,3,4,2,3,3,3,1,2,1,4,1,2,3,1,2,1,2,1,2,2,2,3,4,1,1,3,1,2,2,3,2,2,4,1,4,2,1,1,1,3,3,1,2,3,4,4,1,3,2,2,3,2,2,3,2,4,1,2,2,1,1,1,2,3,4,2,2,4,3,2,3,4,4,2,1,1,1,1,1,1,3,3,4,2,2,2,1,4,1,1,3,1,3,3,1,1,4,1,2,2,2,1,3,3,1,4,1,3,2,3,2,3,2,1,2,4,1,4,2,3,3,3,3,2,3,1,4,1,4,1,3,4,4,1,3,2,2,2,1,2,1,3,2,2,1,2,1,4,4,3,2,3,1,3,2,4,3,3,2,2,1,1,3,1,3,3,2,2,1,2,3,2,2,3,2,3,3,3,4,1,1,3,1,1,1,4,2,3,4,1,1,2,1,3,2,1,3,4,2,4,1,3,2,4,1,1,4,4,1,1,4,2,2,2,4,2,4,1,1,1,4,1,4,2,1,2,3,2,2,1,2,3,2,4,1,1,1,1,1,1,1,2,3,1,4,2,2,4,2,1,3,2,1,1,3,2,2,3,3,2,3,1,4,1,4,2,1,1,2,3,1,4,2,2,3,3,2,4,2,4,2,3,1,1,2,4,3,4,3,1,2,3,3,4,4,1,3,2,1,2,3,2,3,3,2,1,3,2,4,2,3,3,2,1,1,2,1,1,4,3,3,1,2,3,1,2,2,1,1,2,2,4,1,2,3,4,3,3,2,2,1,1,4,3,2,1,4,3,1,3,3,3,2,1,2,4,3,3,1,1,2,3,1,3,3,2,4,1,2,2,1,3,3,2,1,2,4,2,4,1,3,1,1,1,4,2,1,4,3,3,2,2,1,2,1,4,4,2,2,2,1,1,1,1,4,1,3,1,2,2,3,1,3,4,1,4,1,4,1,1,1,1,2,3,1,1,2,4,2,4,4,2,1,3,1,1,3,3,1,3,1,4,2,4,3,3,1,4,2,4,4,4,2,1,3,1,3,3,3,1,1,2,4,4,1,3,3,2,2,2,3,1,4,1,3,2,1,3,3,4,2,3,3,2,1,2,2,3,4,3,2,1,2,3,1,2,1,4,2,1,4,2,1,4,3,2,1,2,3,1,3,1,2,1,1,1,1,2,1,3,1,1,4,1,3,3,2,2,4,3,4,4,2,4,4,2,1,4,4,4,3,1,2,4,3,3,2,1,3,2,1,4,4,2,2,1,1,3,4,4,2,2,1,4,1,2,3,2,1,3,4,4,3,4,4,1,1,2,3,1,1,1,1,2,2,1,3,1,3,1,4,2,1,1,4,2,4,3,2,1,4,2,3,1,3,2,2,2,1,1,2,2,4,2,2,2,2,2,1,2,3,2,3,1,1,3,4,2,2,2,4,3,3,1,2,2,3,2,3,3,1,2,2,4,4,1,4,4,1,2,4,1,3,3,3,2,3,3,1,1,2,4,3,3,4,2,4,1,2,4,1,4,3,1,1,1,4,4,1,2,2,2,2,2,1,1,1,1,1,1,4,2,2,3,4,4,1,2,3,2,4,1,2,2,3,2,1,1,2,2,1,1,2,3,1,2,1,4,4,1,2,4,2,1,1,2,1,3,3,4,2,2,1,2,4,1,2,2,1,2,1,2,3,1,3,2,3,4,2,1,3,2,3,2,1,2,2,4,4,1,1,4,3,3,2,4,2,4,1,2,3,3,1,3,2,1,3,1,1,2,2,4,2,1,1,1,3,2,4,4,4,1,3,1,4,2,1,3,2,1,1,1,1,4,3,1,1,2,2,3,4,3,2,4,2,1,1,1,1,3,1,1,2,1,1,4,2,4,2,1,3,3,1,2,1,2,1,4,4,2,4,1,4,1,2,2,1,4,1,2,3,2,4,1,2,3,2,1,4,2,2,3,2,3,1,2,1,2,3,2,2,2,3,2,4,1,4,2,3,2,2,2,3,2,4,3,1,1,2,1,1,1,2,1,2,3,2,1,1,1,1,2,1,2,3,2,4,1,1,4,4,3,2,4,3,1,3,2,1,2,3,3,3,3,4,3,1,1,1,3,1,2,1,4,4,3,2,4,3,4,4,1,2,1,2,4,4,3,2,1,3,1,4,3,3,1,3,2,2,2,1,4,1,4,1,4,1,1,4,1,1,3,2,4,2,4,2,3,2,2,3,4,4,3,2,2,4,1,2,1,3,3,1,1,4,1,1,2,3,4,4,3,1,1,2,2,4,1,1,4,2,3,4,3,4,3,2,1,3,2,2,2,1,1,3,2,2,3,2,1,2,3,4,3,1,3,4,2,4,3,4,1,3,1,1,2,4,2,2,4,4,3,1,4,2,3,1,4,1,2,3,3,1,4,2,1,3,2,3,1,1,2,1,1,2,1,3,3,2,4,2,2,2,3,2,3,3,2,2,2,2,4,1,1,1,1,2,1,2,1,4,2,2,2,1,1,1,2,4,1,4,2,2,3,4,1,1,1,4,4,2,2,3,3,3,3,1,2,1,2,4,4,2,2,3,2,1,1,1,1,2,3,1,2,3,4,3,4,1,1,3,1,4,4,3,2,1,4,1,2,2,1,2,1,4,1,3,1,1,4,4,1,4,4,1,1,1,3,1,2,1,1,1,1,2,1,3,2,4,4,1,2,4,2,1,1,4,2,4,4,3,3,2,1,2,3,2,1,1,1,2,3,3,4,2,1,4,2,3,2,2,4,4,1,1,2,3,1,2,3,4,2,1,2,1,2,1,4,2,2,3,3,1,4,2,1,2,3,1,1,4,1,3,3,1,2,4,1,4,1,2,1,1,1,2,2,3,3,1,1,4,2,2,4,2,1,1,2,2,1,2,4,3,2,3,3,4,4,1,4,4,3,2,4,3,1,1,3,2,4,2,2,1,1,4,4,2,1,1,3,3,3,3,1,3,2,2,2,2,1,1,3,2,4,4,1,2,3,1,3,1,1,3,1,4,1,1,2,1,3,1,2,2,4,1,1,4,1,4,4,2,1,1,2,3,1,1,1,1,2,3,4,3,2,3,3,1,2,4,2,3,1,2,2,2,4,3,2,2,2,4,1,1,1,2,4,2,1,4,2,1,1,1,2,1,2,1,2,3,3,3,2,4,3,3,1,1,4,2,3,1,4,4,4,3,2,4,3,2,1,3,4,1,2,2,1,2,3,3,1,4,3,3,2,2,1,1,2,3,3,4,4,2,1,1,3,1,1,3,2,3,4,1,3,1,4,2,4,1,1,1,1,4,1,3,1,1,3,1,4,2,2,1,2,2,4,1,2,4,3,1,3,2,1,2,2,3,3,2,1,2,4,1,4,2,1,1,4,1,1,4,4,2,4,2,4,3,2,2,4,3,2,3,1,2,4,3,4,1,3,1,2,4,4,2,2,2,1,2,2,1,4,2,1,2,1,4,2,1,2,4,1,2,1,2,1,1,4,2,1,2,1,2,4,4,3,4,1,2,1,1,2,2,2,2,2,4,4,3,3,2,4,2,3,4,3,2,2,2,3,2,1,3,2,1,1,1,3,1,3,2,3,1,4,3,4,1,1,3,1,3,2,1,3,1,1,2"
111,0.9882627241940299,0.5,2136.0,"4,2,1,1,2,2,3,1,2,1,4,4,4,1,2,2,4,1,1,2,1,2,4,1,3,1,2,2,4,1,1,2,3,3,1,2,4,1,2,4,1,2,2,2,2,2,3,2,1,2,4,4,3,2,1,4,2,2,1,4,4,4,3,1,3,3,3,2,3,2,1,2,2,3,4,2,3,3,3,1,2,1,4,1,2,3,1,2,1,2,1,2,2,2,3,4,1,1,3,1,2,2,3,2,2,4,1,4,2,1,1,1,3,3,1,2,3,4,4,1,3,2,2,3,2,2,3,2,4,1,2,2,1,1,1,2,3,4,2,2,4,3,2,3,4,4,2,1,1,1,1,1,1,3,3,4,2,2,2,1,4,1,1,3,1,3,3,1,1,4,1,2,2,2,1,3,3,1,4,1,3,2,3,2,3,2,1,2,4,1,4,2,3,3,3,3,2,3,1,4,1,4,1,3,4,4,1,3,2,2,2,1,2,1,3,2,2,1,2,1,4,4,3,2,3,1,3,2,4,3,3,2,2,1,1,3,1,3,3,2,2,1,2,3,2,2,3,2,3,3,3,4,1,1,3,1,1,1,4,2,3,4,1,1,2,1,3,2,1,3,4,2,4,1,3,2,4,1,1,4,4,1,1,4,2,2,2,4,2,4,1,1,1,4,1,4,2,1,2,3,2,2,1,2,3,2,4,1,1,1,1,1,1,1,2,3,1,4,2,2,4,2,1,3,2,1,1,3,2,2,3,3,2,3,1,4,1,4,2,1,1,2,3,1,4,2,2,3,3,2,4,2,4,2,3,1,1,2,4,3,4,3,1,2,3,3,4,4,1,3,2,1,2,3,2,3,3,2,1,3,2,4,2,3,3,2,1,1,2,1,1,4,3,3,1,2,3,1,2,2,1,1,2,2,4,1,2,3,4,3,3,2,2,1,1,4,3,2,1,4,3,1,3,3,3,2,1,2,4,3,3,1,1,2,3,1,3,3,2,4,1,2,2,1,3,3,2,1,2,4,2,4,1,3,1,1,1,4,2,1,4,3,3,2,2,1,2,1,4,4,2,2,2,1,1,1,1,4,1,3,1,2,2,3,1,3,4,1,4,1,4,1,1,1,1,2,3,1,1,2,4,2,4,4,2,1,3,1,1,3,3,1,3,1,4,2,4,3,3,1,4,2,4,4,4,2,1,3,1,3,3,3,1,1,2,4,4,1,3,3,2,2,2,3,1,4,1,3,2,1,3,3,4,2,3,3,2,1,2,2,3,4,3,2,1,2,3,1,2,1,4,2,1,4,2,1,4,3,2,1,2,3,1,3,1,2,1,1,1,1,2,1,3,1,1,4,1,3,3,2,2,4,3,4,4,2,4,4,2,1,4,4,4,3,1,2,4,3,3,2,1,3,2,1,4,4,2,2,1,1,3,4,4,2,2,1,4,1,2,3,2,1,3,4,4,3,4,4,1,1,2,3,1,1,1,1,2,2,1,3,1,3,1,4,2,1,1,4,2,4,3,2,1,4,2,3,1,3,2,2,2,1,1,2,2,4,2,2,2,2,2,1,2,3,2,3,1,1,3,4,2,2,2,4,3,3,1,2,2,3,2,3,3,1,2,2,4,4,1,4,4,1,2,4,1,3,3,3,2,3,3,1,1,2,4,3,3,4,2,4,1,2,4,1,4,3,1,1,1,4,4,1,2,2,2,2,2,1,1,1,1,1,1,4,2,2,3,4,4,1,2,3,2,4,1,2,2,3,2,1,1,2,2,1,1,2,3,1,2,1,4,4,1,2,4,2,1,1,2,1,3,3,4,2,2,1,2,4,1,2,2,1,2,1,2,3,1,3,2,3,4,2,1,3,2,3,2,1,2,2,4,4,1,1,4,3,3,2,4,2,4,1,2,3,3,1,3,2,1,3,1,1,2,2,4,2,1,1,1,3,2,4,4,4,1,3,1,4,2,1,3,2,1,1,1,1,4,3,1,1,2,2,3,4,3,2,4,2,1,1,1,1,3,1,1,2,1,1,4,2,4,2,1,3,3,1,2,1,2,1,4,4,2,4,1,4,1,2,2,1,4,1,2,3,2,4,1,2,3,2,1,4,2,2,3,2,3,1,2,1,2,3,2,2,2,3,2,4,1,4,2,3,2,2,2,3,2,4,3,1,1,2,1,1,1,2,1,2,3,2,1,1,1,1,2,1,2,3,2,4,1,1,4,4,3,2,4,3,1,3,2,1,2,3,3,3,3,4,3,1,1,1,3,1,2,1,4,4,3,2,4,3,4,4,1,2,1,2,4,4,3,2,1,3,1,4,3,3,1,3,2,2,2,1,4,1,4,1,4,1,1,4,1,1,3,2,4,2,4,2,3,2,2,3,4,4,3,2,2,4,1,2,1,3,3,1,1,4,1,1,2,3,4,4,3,1,1,2,2,4,1,1,4,2,3,4,3,4,3,2,1,3,2,2,2,1,1,3,2,2,3,2,1,2,3,4,3,1,3,4,2,4,3,4,1,3,1,1,2,4,2,2,4,4,3,1,4,2,3,1,4,1,2,3,3,1,4,2,1,3,2,3,1,1,2,1,1,2,1,3,3,2,4,2,2,2,3,2,3,3,2,2,2,2,4,1,1,1,1,2,1,2,1,4,2,2,2,1,1,1,2,4,1,4,2,2,3,4,1,1,1,4,4,2,2,3,3,3,3,1,2,1,2,4,4,2,2,3,2,1,1,1,1,2,3,1,2,3,4,3,4,1,1,3,1,4,4,3,2,1,4,1,2,2,1,2,1,4,1,3,1,1,4,4,1,4,4,1,1,1,3,1,2,1,1,1,1,2,1,3,2,4,4,1,2,4,2,1,1,4,2,4,4,3,3,2,1,2,3,2,1,1,1,2,3,3,4,2,1,4,2,3,2,2,4,4,1,1,2,3,1,2,3,4,2,1,2,1,2,1,4,2,2,3,3,1,4,2,1,2,3,1,1,4,1,3,3,1,2,4,1,4,1,2,1,1,1,2,2,3,3,1,1,4,2,2,4,2,1,1,2,2,1,2,4,3,2,3,3,4,4,1,4,4,3,2,4,3,1,1,3,2,4,2,2,1,1,4,4,2,1,1,3,3,3,3,1,3,2,2,2,2,1,1,3,2,4,4,1,2,3,1,3,1,1,3,1,4,1,1,2,1,3,1,2,2,4,1,1,4,1,4,4,2,1,1,2,3,1,1,1,1,2,3,4,3,2,3,3,1,2,4,2,3,1,2,2,2,4,3,2,2,2,4,1,1,1,2,4,2,1,4,2,1,1,1,2,1,2,1,2,3,3,3,2,4,3,3,1,1,4,2,3,1,4,4,4,3,2,4,3,2,1,3,4,1,2,2,1,2,3,3,1,4,3,3,2,2,1,1,2,3,3,4,4,2,1,1,3,1,1,3,2,3,4,1,3,1,4,2,4,1,1,1,1,4,1,3,1,1,3,1,4,2,2,1,2,2,4,1,2,4,3,1,3,2,1,2,2,3,3,2,1,2,4,1,4,2,1,1,4,1,1,4,4,2,4,2,4,3,2,2,4,3,2,3,1,2,4,3,4,1,3,1,2,4,4,2,2,2,1,2,2,1,4,2,1,2,1,4,2,1,2,4,1,2,1,2,1,1,4,2,1,2,1,2,4,4,3,4,1,2,1,1,2,2,2,2,2,4,4,3,3,2,4,2,3,4,3,2,2,2,3,2,1,3,2,1,1,1,3,1,3,2,3,1,4,3,4,1,1,3,1,3,2,1,3,1,1,2"
112,0.9882627241940299,0.5,2136.0,"4,2,1,1,2,2,3,1,2,1,4,4,4,1,2,2,4,1,1,2,1,2,4,1,3,1,2,2,4,1,1,2,3,3,1,2,4,1,2,4,1,2,2,2,2,2,3,2,1,2,4,4,3,2,1,4,2,2,1,4,4,4,3,1,3,3,3,2,3,2,1,2,2,3,4,2,3,3,3,1,2,1,4,1,2,3,1,2,1,2,1,2,2,2,3,4,1,1,3,1,2,2,3,2,2,4,1,4,2,1,1,1,3,3,1,2,3,4,4,1,3,2,2,3,2,2,3,2,4,1,2,2,1,1,1,2,3,4,2,2,4,3,2,3,4,4,2,1,1,1,1,1,1,3,3,4,2,2,2,1,4,1,1,3,1,3,3,1,1,4,1,2,2,2,1,3,3,1,4,1,3,2,3,2,3,2,1,2,4,1,4,2,3,3,3,3,2,3,1,4,1,4,1,3,4,4,1,3,2,2,2,1,2,1,3,2,2,1,2,1,4,4,3,2,3,1,3,2,4,3,3,2,2,1,1,3,1,3,3,2,2,1,2,3,2,2,3,2,3,3,3,4,1,1,3,1,1,1,4,2,3,4,1,1,2,1,3,2,1,3,4,2,4,1,3,2,4,1,1,4,4,1,1,4,2,2,2,4,2,4,1,1,1,4,1,4,2,1,2,3,2,2,1,2,3,2,4,1,1,1,1,1,1,1,2,3,1,4,2,2,4,2,1,3,2,1,1,3,2,2,3,3,2,3,1,4,1,4,2,1,1,2,3,1,4,2,2,3,3,2,4,2,4,2,3,1,1,2,4,3,4,3,1,2,3,3,4,4,1,3,2,1,2,3,2,3,3,2,1,3,2,4,2,3,3,2,1,1,2,1,1,4,3,3,1,2,3,1,2,2,1,1,2,2,4,1,2,3,4,3,3,2,2,1,1,4,3,2,1,4,3,1,3,3,3,2,1,2,4,3,3,1,1,2,3,1,3,3,2,4,1,2,2,1,3,3,2,1,2,4,2,4,1,3,1,1,1,4,2,1,4,3,3,2,2,1,2,1,4,4,2,2,2,1,1,1,1,4,1,3,1,2,2,3,1,3,4,1,4,1,4,1,1,1,1,2,3,1,1,2,4,2,4,4,2,1,3,1,1,3,3,1,3,1,4,2,4,3,3,1,4,2,4,4,4,2,1,3,1,3,3,3,1,1,2,4,4,1,3,3,2,2,2,3,1,4,1,3,2,1,3,3,4,2,3,3,2,1,2,2,3,4,3,2,1,2,3,1,2,1,4,2,1,4,2,1,4,3,2,1,2,3,1,3,1,2,1,1,1,1,2,1,3,1,1,4,1,3,3,2,2,4,3,4,4,2,4,4,2,1,4,4,4,3,1,2,4,3,3,2,1,3,2,1,4,4,2,2,1,1,3,4,4,2,2,1,4,1,2,3,2,1,3,4,4,3,4,4,1,1,2,3,1,1,1,1,2,2,1,3,1,3,1,4,2,1,1,4,2,4,3,2,1,4,2,3,1,3,2,2,2,1,1,2,2,4,2,2,2,2,2,1,2,3,2,3,1,1,3,4,2,2,2,4,3,3,1,2,2,3,2,3,3,1,2,2,4,4,1,4,4,1,2,4,1,3,3,3,2,3,3,1,1,2,4,3,3,4,2,4,1,2,4,1,4,3,1,1,1,4,4,1,2,2,2,2,2,1,1,1,1,1,1,4,2,2,3,4,4,1,2,3,2,4,1,2,2,3,2,1,1,2,2,1,1,2,3,1,2,1,4,4,1,2,4,2,1,1,2,1,3,3,4,2,2,1,2,4,1,2,2,1,2,1,2,3,1,3,2,3,4,2,1,3,2,3,2,1,2,2,4,4,1,1,4,3,3,2,4,2,4,1,2,3,3,1,3,2,1,3,1,1,2,2,4,2,1,1,1,3,2,4,4,4,1,3,1,4,2,1,3,2,1,1,1,1,4,3,1,1,2,2,3,4,3,2,4,2,1,1,1,1,3,1,1,2,1,1,4,2,4,2,1,3,3,1,2,1,2,1,4,4,2,4,1,4,1,2,2,1,4,1,2,3,2,4,1,2,3,2,1,4,2,2,3,2,3,1,2,1,2,3,2,2,2,3,2,4,1,4,2,3,2,2,2,3,2,4,3,1,1,2,1,1,1,2,1,2,3,2,1,1,1,1,2,1,2,3,2,4,1,1,4,4,3,2,4,3,1,3,2,1,2,3,3,3,3,4,3,1,1,1,3,1,2,1,4,4,3,2,4,3,4,4,1,2,1,2,4,4,3,2,1,3,1,4,3,3,1,3,2,2,2,1,4,1,4,1,4,1,1,4,1,1,3,2,4,2,4,2,3,2,2,3,4,4,3,2,2,4,1,2,1,3,3,1,1,4,1,1,2,3,4,4,3,1,1,2,2,4,1,1,4,2,3,4,3,4,3,2,1,3,2,2,2,1,1,3,2,2,3,2,1,2,3,4,3,1,3,4,2,4,3,4,1,3,1,1,2,4,2,2,4,4,3,1,4,2,3,1,4,1,2,3,3,1,4,2,1,3,2,3,1,1,2,1,1,2,1,3,3,2,4,2,2,2,3,2,3,3,2,2,2,2,4,1,1,1,1,2,1,2,1,4,2,2,2,1,1,1,2,4,1,4,2,2,3,4,1,1,1,4,4,2,2,3,3,3,3,1,2,1,2,4,4,2,2,3,2,1,1,1,1,2,3,1,2,3,4,3,4,1,1,3,1,4,4,3,2,1,4,1,2,2,1,2,1,4,1,3,1,1,4,4,1,4,4,1,1,1,3,1,2,1,1,1,1,2,1,3,2,4,4,1,2,4,2,1,1,4,2,4,4,3,3,2,1,2,3,2,1,1,1,2,3,3,4,2,1,4,2,3,2,2,4,4,1,1,2,3,1,2,3,4,2,1,2,1,2,1,4,2,2,3,3,1,4,2,1,2,3,1,1,4,1,3,3,1,2,4,1,4,1,2,1,1,1,2,2,3,3,1,1,4,2,2,4,2,1,1,2,2,1,2,4,3,2,3,3,4,4,1,4,4,3,2,4,3,1,1,3,2,4,2,2,1,1,4,4,2,1,1,3,3,3,3,1,3,2,2,2,2,1,1,3,2,4,4,1,2,3,1,3,1,1,3,1,4,1,1,2,1,3,1,2,2,4,1,1,4,1,4,4,2,1,1,2,3,1,1,1,1,2,3,4,3,2,3,3,1,2,4,2,3,1,2,2,2,4,3,2,2,2,4,1,1,1,2,4,2,1,4,2,1,1,1,2,1,2,1,2,3,3,3,2,4,3,3,1,1,4,2,3,1,4,4,4,3,2,4,3,2,1,3,4,1,2,2,1,2,3,3,1,4,3,3,2,2,1,1,2,3,3,4,4,2,1,1,3,1,1,3,2,3,4,1,3,1,4,2,4,1,1,1,1,4,1,3,1,1,3,1,4,2,2,1,2,2,4,1,2,4,3,1,3,2,1,2,2,3,3,2,1,2,4,1,4,2,1,1,4,1,1,4,4,2,4,2,4,3,2,2,4,3,2,3,1,2,4,3,4,1,3,1,2,4,4,2,2,2,1,2,2,1,4,2,1,2,1,4,2,1,2,4,1,2,1,2,1,1,4,2,1,2,1,2,4,4,3,4,1,2,1,1,2,2,2,2,2,4,4,3,3,2,4,2,3,4,3,2,2,2,3,2,1,3,2,1,1,1,3,1,3,2,3,1,4,3,4,1,1,3,1,3,2,1,3,1,1,2"
113,0.9882627241940299,0.5,2136.0,"4,2,1,1,2,2,3,1,2,1,4,4,4,1,2,2,4,1,1,2,1,2,4,1,3,1,2,2,4,1,1,2,3,3,1,2,4,1,2,4,1,2,2,2,2,2,3,2,1,2,4,4,3,2,1,4,2,2,1,4,4,4,3,1,3,3,3,2,3,2,1,2,2,3,4,2,3,3,3,1,2,1,4,1,2,3,1,2,1,2,1,2,2,2,3,4,1,1,3,1,2,2,3,2,2,4,1,4,2,1,1,1,3,3,1,2,3,4,4,1,3,2,2,3,2,2,3,2,4,1,2,2,1,1,1,2,3,4,2,2,4,3,2,3,4,4,2,1,1,1,1,1,1,3,3,4,2,2,2,1,4,1,1,3,1,3,3,1,1,4,1,2,2,2,1,3,3,1,4,1,3,2,3,2,3,2,1,2,4,1,4,2,3,3,3,3,2,3,1,4,1,4,1,3,4,4,1,3,2,2,2,1,2,1,3,2,2,1,2,1,4,4,3,2,3,1,3,2,4,3,3,2,2,1,1,3,1,3,3,2,2,1,2,3,2,2,3,2,3,3,3,4,1,1,3,1,1,1,4,2,3,4,1,1,2,1,3,2,1,3,4,2,4,1,3,2,4,1,1,4,4,1,1,4,2,2,2,4,2,4,1,1,1,4,1,4,2,1,2,3,2,2,1,2,3,2,4,1,1,1,1,1,1,1,2,3,1,4,2,2,4,2,1,3,2,1,1,3,2,2,3,3,2,3,1,4,1,4,2,1,1,2,3,1,4,2,2,3,3,2,4,2,4,2,3,1,1,2,4,3,4,3,1,2,3,3,4,4,1,3,2,1,2,3,2,3,3,2,1,3,2,4,2,3,3,2,1,1,2,1,1,4,3,3,1,2,3,1,2,2,1,1,2,2,4,1,2,3,4,3,3,2,2,1,1,4,3,2,1,4,3,1,3,3,3,2,1,2,4,3,3,1,1,2,3,1,3,3,2,4,1,2,2,1,3,3,2,1,2,4,2,4,1,3,1,1,1,4,2,1,4,3,3,2,2,1,2,1,4,4,2,2,2,1,1,1,1,4,1,3,1,2,2,3,1,3,4,1,4,1,4,1,1,1,1,2,3,1,1,2,4,2,4,4,2,1,3,1,1,3,3,1,3,1,4,2,4,3,3,1,4,2,4,4,4,2,1,3,1,3,3,3,1,1,2,4,4,1,3,3,2,2,2,3,1,4,1,3,2,1,3,3,4,2,3,3,2,1,2,2,3,4,3,2,1,2,3,1,2,1,4,2,1,4,2,1,4,3,2,1,2,3,1,3,1,2,1,1,1,1,2,1,3,1,1,4,1,3,3,2,2,4,3,4,4,2,4,4,2,1,4,4,4,3,1,2,4,3,3,2,1,3,2,1,4,4,2,2,1,1,3,4,4,2,2,1,4,1,2,3,2,1,3,4,4,3,4,4,1,1,2,3,1,1,1,1,2,2,1,3,1,3,1,4,2,1,1,4,2,4,3,2,1,4,2,3,1,3,2,2,2,1,1,2,2,4,2,2,2,2,2,1,2,3,2,3,1,1,3,4,2,2,2,4,3,3,1,2,2,3,2,3,3,1,2,2,4,4,1,4,4,1,2,4,1,3,3,3,2,3,3,1,1,2,4,3,3,4,2,4,1,2,4,1,4,3,1,1,1,4,4,1,2,2,2,2,2,1,1,1,1,1,1,4,2,2,3,4,4,1,2,3,2,4,1,2,2,3,2,1,1,2,2,1,1,2,3,1,2,1,4,4,1,2,4,2,1,1,2,1,3,3,4,2,2,1,2,4,1,2,2,1,2,1,2,3,1,3,2,3,4,2,1,3,2,3,2,1,2,2,4,4,1,1,4,3,3,2,4,2,4,1,2,3,3,1,3,2,1,3,1,1,2,2,4,2,1,1,1,3,2,4,4,4,1,3,1,4,2,1,3,2,1,1,1,1,4,3,1,1,2,2,3,4,3,2,4,2,1,1,1,1,3,1,1,2,1,1,4,2,4,2,1,3,3,1,2,1,2,1,4,4,2,4,1,4,1,2,2,1,4,1,2,3,2,4,1,2,3,2,1,4,2,2,3,2,3,1,2,1,2,3,2,2,2,3,2,4,1,4,2,3,2,2,2,3,2,4,3,1,1,2,1,1,1,2,1,2,3,2,1,1,1,1,2,1,2,3,2,4,1,1,4,4,3,2,4,3,1,3,2,1,2,3,3,3,3,4,3,1,1,1,3,1,2,1,4,4,3,2,4,3,4,4,1,2,1,2,4,4,3,2,1,3,1,4,3,3,1,3,2,2,2,1,4,1,4,1,4,1,1,4,1,1,3,2,4,2,4,2,3,2,2,3,4,4,3,2,2,4,1,2,1,3,3,1,1,4,1,1,2,3,4,4,3,1,1,2,2,4,1,1,4,2,3,4,3,4,3,2,1,3,2,2,2,1,1,3,2,2,3,2,1,2,3,4,3,1,3,4,2,4,3,4,1,3,1,1,2,4,2,2,4,4,3,1,4,2,3,1,4,1,2,3,3,1,4,2,1,3,2,3,1,1,2,1,1,2,1,3,3,2,4,2,2,2,3,2,3,3,2,2,2,2,4,1,1,1,1,2,1,2,1,4,2,2,2,1,1,1,2,4,1,4,2,2,3,4,1,1,1,4,4,2,2,3,3,3,3,1,2,1,2,4,4,2,2,3,2,1,1,1,1,2,3,1,2,3,4,3,4,1,1,3,1,4,4,3,2,1,4,1,2,2,1,2,1,4,1,3,1,1,4,4,1,4,4,1,1,1,3,1,2,1,1,1,1,2,1,3,2,4,4,1,2,4,2,1,1,4,2,4,4,3,3,2,1,2,3,2,1,1,1,2,3,3,4,2,1,4,2,3,2,2,4,4,1,1,2,3,1,2,3,4,2,1,2,1,2,1,4,2,2,3,3,1,4,2,1,2,3,1,1,4,1,3,3,1,2,4,1,4,1,2,1,1,1,2,2,3,3,1,1,4,2,2,4,2,1,1,2,2,1,2,4,3,2,3,3,4,4,1,4,4,3,2,4,3,1,1,3,2,4,2,2,1,1,4,4,2,1,1,3,3,3,3,1,3,2,2,2,2,1,1,3,2,4,4,1,2,3,1,3,1,1,3,1,4,1,1,2,1,3,1,2,2,4,1,1,4,1,4,4,2,1,1,2,3,1,1,1,1,2,3,4,3,2,3,3,1,2,4,2,3,1,2,2,2,4,3,2,2,2,4,1,1,1,2,4,2,1,4,2,1,1,1,2,1,2,1,2,3,3,3,2,4,3,3,1,1,4,2,3,1,4,4,4,3,2,4,3,2,1,3,4,1,2,2,1,2,3,3,1,4,3,3,2,2,1,1,2,3,3,4,4,2,1,1,3,1,1,3,2,3,4,1,3,1,4,2,4,1,1,1,1,4,1,3,1,1,3,1,4,2,2,1,2,2,4,1,2,4,3,1,3,2,1,2,2,3,3,2,1,2,4,1,4,2,1,1,4,1,1,4,4,2,4,2,4,3,2,2,4,3,2,3,1,2,4,3,4,1,3,1,2,4,4,2,2,2,1,2,2,1,4,2,1,2,1,4,2,1,2,4,1,2,1,2,1,1,4,2,1,2,1,2,4,4,3,4,1,2,1,1,2,2,2,2,2,4,4,3,3,2,4,2,3,4,3,2,2,2,3,2,1,3,2,1,1,1,3,1,3,2,3,1,4,3,4,1,1,3,1,3,2,1,3,1,1,2"
114,0.9882627241940299,0.5,2136.0,"4,2,1,1,2,2,3,1,2,1,4,4,4,1,2,2,4,1,1,2,1,2,4,1,3,1,2,2,4,1,1,2,3,3,1,2,4,1,2,4,1,2,2,2,2,2,3,2,1,2,4,4,3,2,1,4,2,2,1,4,4,4,3,1,3,3,3,2,3,2,1,2,2,3,4,2,3,3,3,1,2,1,4,1,2,3,1,2,1,2,1,2,2,2,3,4,1,1,3,1,2,2,3,2,2,4,1,4,2,1,1,1,3,3,1,2,3,4,4,1,3,2,2,3,2,2,3,2,4,1,2,2,1,1,1,2,3,4,2,2,4,3,2,3,4,4,2,1,1,1,1,1,1,3,3,4,2,2,2,1,4,1,1,3,1,3,3,1,1,4,1,2,2,2,1,3,3,1,4,1,3,2,3,2,3,2,1,2,4,1,4,2,3,3,3,3,2,3,1,4,1,4,1,3,4,4,1,3,2,2,2,1,2,1,3,2,2,1,2,1,4,4,3,2,3,1,3,2,4,3,3,2,2,1,1,3,1,3,3,2,2,1,2,3,2,2,3,2,3,3,3,4,1,1,3,1,1,1,4,2,3,4,1,1,2,1,3,2,1,3,4,2,4,1,3,2,4,1,1,4,4,1,1,4,2,2,2,4,2,4,1,1,1,4,1,4,2,1,2,3,2,2,1,2,3,2,4,1,1,1,1,1,1,1,2,3,1,4,2,2,4,2,1,3,2,1,1,3,2,2,3,3,2,3,1,4,1,4,2,1,1,2,3,1,4,2,2,3,3,2,4,2,4,2,3,1,1,2,4,3,4,3,1,2,3,3,4,4,1,3,2,1,2,3,2,3,3,2,1,3,2,4,2,3,3,2,1,1,2,1,1,4,3,3,1,2,3,1,2,2,1,1,2,2,4,1,2,3,4,3,3,2,2,1,1,4,3,2,1,4,3,1,3,3,3,2,1,2,4,3,3,1,1,2,3,1,3,3,2,4,1,2,2,1,3,3,2,1,2,4,2,4,1,3,1,1,1,4,2,1,4,3,3,2,2,1,2,1,4,4,2,2,2,1,1,1,1,4,1,3,1,2,2,3,1,3,4,1,4,1,4,1,1,1,1,2,3,1,1,2,4,2,4,4,2,1,3,1,1,3,3,1,3,1,4,2,4,3,3,1,4,2,4,4,4,2,1,3,1,3,3,3,1,1,2,4,4,1,3,3,2,2,2,3,1,4,1,3,2,1,3,3,4,2,3,3,2,1,2,2,3,4,3,2,1,2,3,1,2,1,4,2,1,4,2,1,4,3,2,1,2,3,1,3,1,2,1,1,1,1,2,1,3,1,1,4,1,3,3,2,2,4,3,4,4,2,4,4,2,1,4,4,4,3,1,2,4,3,3,2,1,3,2,1,4,4,2,2,1,1,3,4,4,2,2,1,4,1,2,3,2,1,3,4,4,3,4,4,1,1,2,3,1,1,1,1,2,2,1,3,1,3,1,4,2,1,1,4,2,4,3,2,1,4,2,3,1,3,2,2,2,1,1,2,2,4,2,2,2,2,2,1,2,3,2,3,1,1,3,4,2,2,2,4,3,3,1,2,2,3,2,3,3,1,2,2,4,4,1,4,4,1,2,4,1,3,3,3,2,3,3,1,1,2,4,3,3,4,2,4,1,2,4,1,4,3,1,1,1,4,4,1,2,2,2,2,2,1,1,1,1,1,1,4,2,2,3,4,4,1,2,3,2,4,1,2,2,3,2,1,1,2,2,1,1,2,3,1,2,1,4,4,1,2,4,2,1,1,2,1,3,3,4,2,2,1,2,4,1,2,2,1,2,1,2,3,1,3,2,3,4,2,1,3,2,3,2,1,2,2,4,4,1,1,4,3,3,2,4,2,4,1,2,3,3,1,3,2,1,3,1,1,2,2,4,2,1,1,1,3,2,4,4,4,1,3,1,4,2,1,3,2,1,1,1,1,4,3,1,1,2,2,3,4,3,2,4,2,1,1,1,1,3,1,1,2,1,1,4,2,4,2,1,3,3,1,2,1,2,1,4,4,2,4,1,4,1,2,2,1,4,1,2,3,2,4,1,2,3,2,1,4,2,2,3,2,3,1,2,1,2,3,2,2,2,3,2,4,1,4,2,3,2,2,2,3,2,4,3,1,1,2,1,1,1,2,1,2,3,2,1,1,1,1,2,1,2,3,2,4,1,1,4,4,3,2,4,3,1,3,2,1,2,3,3,3,3,4,3,1,1,1,3,1,2,1,4,4,3,2,4,3,4,4,1,2,1,2,4,4,3,2,1,3,1,4,3,3,1,3,2,2,2,1,4,1,4,1,4,1,1,4,1,1,3,2,4,2,4,2,3,2,2,3,4,4,3,2,2,4,1,2,1,3,3,1,1,4,1,1,2,3,4,4,3,1,1,2,2,4,1,1,4,2,3,4,3,4,3,2,1,3,2,2,2,1,1,3,2,2,3,2,1,2,3,4,3,1,3,4,2,4,3,4,1,3,1,1,2,4,2,2,4,4,3,1,4,2,3,1,4,1,2,3,3,1,4,2,1,3,2,3,1,1,2,1,1,2,1,3,3,2,4,2,2,2,3,2,3,3,2,2,2,2,4,1,1,1,1,2,1,2,1,4,2,2,2,1,1,1,2,4,1,4,2,2,3,4,1,1,1,4,4,2,2,3,3,3,3,1,2,1,2,4,4,2,2,3,2,1,1,1,1,2,3,1,2,3,4,3,4,1,1,3,1,4,4,3,2,1,4,1,2,2,1,2,1,4,1,3,1,1,4,4,1,4,4,1,1,1,3,1,2,1,1,1,1,2,1,3,2,4,4,1,2,4,2,1,1,4,2,4,4,3,3,2,1,2,3,2,1,1,1,2,3,3,4,2,1,4,2,3,2,2,4,4,1,1,2,3,1,2,3,4,2,1,2,1,2,1,4,2,2,3,3,1,4,2,1,2,3,1,1,4,1,3,3,1,2,4,1,4,1,2,1,1,1,2,2,3,3,1,1,4,2,2,4,2,1,1,2,2,1,2,4,3,2,3,3,4,4,1,4,4,3,2,4,3,1,1,3,2,4,2,2,1,1,4,4,2,1,1,3,3,3,3,1,3,2,2,2,2,1,1,3,2,4,4,1,2,3,1,3,1,1,3,1,4,1,1,2,1,3,1,2,2,4,1,1,4,1,4,4,2,1,1,2,3,1,1,1,1,2,3,4,3,2,3,3,1,2,4,2,3,1,2,2,2,4,3,2,2,2,4,1,1,1,2,4,2,1,4,2,1,1,1,2,1,2,1,2,3,3,3,2,4,3,3,1,1,4,2,3,1,4,4,4,3,2,4,3,2,1,3,4,1,2,2,1,2,3,3,1,4,3,3,2,2,1,1,2,3,3,4,4,2,1,1,3,1,1,3,2,3,4,1,3,1,4,2,4,1,1,1,1,4,1,3,1,1,3,1,4,2,2,1,2,2,4,1,2,4,3,1,3,2,1,2,2,3,3,2,1,2,4,1,4,2,1,1,4,1,1,4,4,2,4,2,4,3,2,2,4,3,2,3,1,2,4,3,4,1,3,1,2,4,4,2,2,2,1,2,2,1,4,2,1,2,1,4,2,1,2,4,1,2,1,2,1,1,4,2,1,2,1,2,4,4,3,4,1,2,1,1,2,2,2,2,2,4,4,3,3,2,4,2,3,4,3,2,2,2,3,2,1,3,2,1,1,1,3,1,3,2,3,1,4,3,4,1,1,3,1,3,2,1,3,1,1,2"
115,0.9882627241940299,0.5,2136.0,"4,2,1,1,2,2,3,1,2,1,4,4,4,1,2,2,4,1,1,2,1,2,4,1,3,1,2,2,4,1,1,2,3,3,1,2,4,1,2,4,1,2,2,2,2,2,3,2,1,2,4,4,3,2,1,4,2,2,1,4,4,4,3,1,3,3,3,2,3,2,1,2,2,3,4,2,3,3,3,1,2,1,4,1,2,3,1,2,1,2,1,2,2,2,3,4,1,1,3,1,2,2,3,2,2,4,1,4,2,1,1,1,3,3,1,2,3,4,4,1,3,2,2,3,2,2,3,2,4,1,2,2,1,1,1,2,3,4,2,2,4,3,2,3,4,4,2,1,1,1,1,1,1,3,3,4,2,2,2,1,4,1,1,3,1,3,3,1,1,4,1,2,2,2,1,3,3,1,4,1,3,2,3,2,3,2,1,2,4,1,4,2,3,3,3,3,2,3,1,4,1,4,1,3,4,4,1,3,2,2,2,1,2,1,3,2,2,1,2,1,4,4,3,2,3,1,3,2,4,3,3,2,2,1,1,3,1,3,3,2,2,1,2,3,2,2,3,2,3,3,3,4,1,1,3,1,1,1,4,2,3,4,1,1,2,1,3,2,1,3,4,2,4,1,3,2,4,1,1,4,4,1,1,4,2,2,2,4,2,4,1,1,1,4,1,4,2,1,2,3,2,2,1,2,3,2,4,1,1,1,1,1,1,1,2,3,1,4,2,2,4,2,1,3,2,1,1,3,2,2,3,3,2,3,1,4,1,4,2,1,1,2,3,1,4,2,2,3,3,2,4,2,4,2,3,1,1,2,4,3,4,3,1,2,3,3,4,4,1,3,2,1,2,3,2,3,3,2,1,3,2,4,2,3,3,2,1,1,2,1,1,4,3,3,1,2,3,1,2,2,1,1,2,2,4,1,2,3,4,3,3,2,2,1,1,4,3,2,1,4,3,1,3,3,3,2,1,2,4,3,3,1,1,2,3,1,3,3,2,4,1,2,2,1,3,3,2,1,2,4,2,4,1,3,1,1,1,4,2,1,4,3,3,2,2,1,2,1,4,4,2,2,2,1,1,1,1,4,1,3,1,2,2,3,1,3,4,1,4,1,4,1,1,1,1,2,3,1,1,2,4,2,4,4,2,1,3,1,1,3,3,1,3,1,4,2,4,3,3,1,4,2,4,4,4,2,1,3,1,3,3,3,1,1,2,4,4,1,3,3,2,2,2,3,1,4,1,3,2,1,3,3,4,2,3,3,2,1,2,2,3,4,3,2,1,2,3,1,2,1,4,2,1,4,2,1,4,3,2,1,2,3,1,3,1,2,1,1,1,1,2,1,3,1,1,4,1,3,3,2,2,4,3,4,4,2,4,4,2,1,4,4,4,3,1,2,4,3,3,2,1,3,2,1,4,4,2,2,1,1,3,4,4,2,2,1,4,1,2,3,2,1,3,4,4,3,4,4,1,1,2,3,1,1,1,1,2,2,1,3,1,3,1,4,2,1,1,4,2,4,3,2,1,4,2,3,1,3,2,2,2,1,1,2,2,4,2,2,2,2,2,1,2,3,2,3,1,1,3,4,2,2,2,4,3,3,1,2,2,3,2,3,3,1,2,2,4,4,1,4,4,1,2,4,1,3,3,3,2,3,3,1,1,2,4,3,3,4,2,4,1,2,4,1,4,3,1,1,1,4,4,1,2,2,2,2,2,1,1,1,1,1,1,4,2,2,3,4,4,1,2,3,2,4,1,2,2,3,2,1,1,2,2,1,1,2,3,1,2,1,4,4,1,2,4,2,1,1,2,1,3,3,4,2,2,1,2,4,1,2,2,1,2,1,2,3,1,3,2,3,4,2,1,3,2,3,2,1,2,2,4,4,1,1,4,3,3,2,4,2,4,1,2,3,3,1,3,2,1,3,1,1,2,2,4,2,1,1,1,3,2,4,4,4,1,3,1,4,2,1,3,2,1,1,1,1,4,3,1,1,2,2,3,4,3,2,4,2,1,1,1,1,3,1,1,2,1,1,4,2,4,2,1,3,3,1,2,1,2,1,4,4,2,4,1,4,1,2,2,1,4,1,2,3,2,4,1,2,3,2,1,4,2,2,3,2,3,1,2,1,2,3,2,2,2,3,2,4,1,4,2,3,2,2,2,3,2,4,3,1,1,2,1,1,1,2,1,2,3,2,1,1,1,1,2,1,2,3,2,4,1,1,4,4,3,2,4,3,1,3,2,1,2,3,3,3,3,4,3,1,1,1,3,1,2,1,4,4,3,2,4,3,4,4,1,2,1,2,4,4,3,2,1,3,1,4,3,3,1,3,2,2,2,1,4,1,4,1,4,1,1,4,1,1,3,2,4,2,4,2,3,2,2,3,4,4,3,2,2,4,1,2,1,3,3,1,1,4,1,1,2,3,4,4,3,1,1,2,2,4,1,1,4,2,3,4,3,4,3,2,1,3,2,2,2,1,1,3,2,2,3,2,1,2,3,4,3,1,3,4,2,4,3,4,1,3,1,1,2,4,2,2,4,4,3,1,4,2,3,1,4,1,2,3,3,1,4,2,1,3,2,3,1,1,2,1,1,2,1,3,3,2,4,2,2,2,3,2,3,3,2,2,2,2,4,1,1,1,1,2,1,2,1,4,2,2,2,1,1,1,2,4,1,4,2,2,3,4,1,1,1,4,4,2,2,3,3,3,3,1,2,1,2,4,4,2,2,3,2,1,1,1,1,2,3,1,2,3,4,3,4,1,1,3,1,4,4,3,2,1,4,1,2,2,1,2,1,4,1,3,1,1,4,4,1,4,4,1,1,1,3,1,2,1,1,1,1,2,1,3,2,4,4,1,2,4,2,1,1,4,2,4,4,3,3,2,1,2,3,2,1,1,1,2,3,3,4,2,1,4,2,3,2,2,4,4,1,1,2,3,1,2,3,4,2,1,2,1,2,1,4,2,2,3,3,1,4,2,1,2,3,1,1,4,1,3,3,1,2,4,1,4,1,2,1,1,1,2,2,3,3,1,1,4,2,2,4,2,1,1,2,2,1,2,4,3,2,3,3,4,4,1,4,4,3,2,4,3,1,1,3,2,4,2,2,1,1,4,4,2,1,1,3,3,3,3,1,3,2,2,2,2,1,1,3,2,4,4,1,2,3,1,3,1,1,3,1,4,1,1,2,1,3,1,2,2,4,1,1,4,1,4,4,2,1,1,2,3,1,1,1,1,2,3,4,3,2,3,3,1,2,4,2,3,1,2,2,2,4,3,2,2,2,4,1,1,1,2,4,2,1,4,2,1,1,1,2,1,2,1,2,3,3,3,2,4,3,3,1,1,4,2,3,1,4,4,4,3,2,4,3,2,1,3,4,1,2,2,1,2,3,3,1,4,3,3,2,2,1,1,2,3,3,4,4,2,1,1,3,1,1,3,2,3,4,1,3,1,4,2,4,1,1,1,1,4,1,3,1,1,3,1,4,2,2,1,2,2,4,1,2,4,3,1,3,2,1,2,2,3,3,2,1,2,4,1,4,2,1,1,4,1,1,4,4,2,4,2,4,3,2,2,4,3,2,3,1,2,4,3,4,1,3,1,2,4,4,2,2,2,1,2,2,1,4,2,1,2,1,4,2,1,2,4,1,2,1,2,1,1,4,2,1,2,1,2,4,4,3,4,1,2,1,1,2,2,2,2,2,4,4,3,3,2,4,2,3,4,3,2,2,2,3,2,1,3,2,1,1,1,3,1,3,2,3,1,4,3,4,1,1,3,1,3,2,1,3,1,1,2"
116,0.9882627241940299,0.5,2136.0,"4,2,1,1,2,2,3,1,2,1,4,4,4,1,2,2,4,1,1,2,1,2,4,1,3,1,2,2,4,1,1,2,3,3,1,2,4,1,2,4,1,2,2,2,2,2,3,2,1,2,4,4,3,2,1,4,2,2,1,4,4,4,3,1,3,3,3,2,3,2,1,2,2,3,4,2,3,3,3,1,2,1,4,1,2,3,1,2,1,2,1,2,2,2,3,4,1,1,3,1,2,2,3,2,2,4,1,4,2,1,1,1,3,3,1,2,3,4,4,1,3,2,2,3,2,2,3,2,4,1,2,2,1,1,1,2,3,4,2,2,4,3,2,3,4,4,2,1,1,1,1,1,1,3,3,4,2,2,2,1,4,1,1,3,1,3,3,1,1,4,1,2,2,2,1,3,3,1,4,1,3,2,3,2,3,2,1,2,4,1,4,2,3,3,3,3,2,3,1,4,1,4,1,3,4,4,1,3,2,2,2,1,2,1,3,2,2,1,2,1,4,4,3,2,3,1,3,2,4,3,3,2,2,1,1,3,1,3,3,2,2,1,2,3,2,2,3,2,3,3,3,4,1,1,3,1,1,1,4,2,3,4,1,1,2,1,3,2,1,3,4,2,4,1,3,2,4,1,1,4,4,1,1,4,2,2,2,4,2,4,1,1,1,4,1,4,2,1,2,3,2,2,1,2,3,2,4,1,1,1,1,1,1,1,2,3,1,4,2,2,4,2,1,3,2,1,1,3,2,2,3,3,2,3,1,4,1,4,2,1,1,2,3,1,4,2,2,3,3,2,4,2,4,2,3,1,1,2,4,3,4,3,1,2,3,3,4,4,1,3,2,1,2,3,2,3,3,2,1,3,2,4,2,3,3,2,1,1,2,1,1,4,3,3,1,2,3,1,2,2,1,1,2,2,4,1,2,3,4,3,3,2,2,1,1,4,3,2,1,4,3,1,3,3,3,2,1,2,4,3,3,1,1,2,3,1,3,3,2,4,1,2,2,1,3,3,2,1,2,4,2,4,1,3,1,1,1,4,2,1,4,3,3,2,2,1,2,1,4,4,2,2,2,1,1,1,1,4,1,3,1,2,2,3,1,3,4,1,4,1,4,1,1,1,1,2,3,1,1,2,4,2,4,4,2,1,3,1,1,3,3,1,3,1,4,2,4,3,3,1,4,2,4,4,4,2,1,3,1,3,3,3,1,1,2,4,4,1,3,3,2,2,2,3,1,4,1,3,2,1,3,3,4,2,3,3,2,1,2,2,3,4,3,2,1,2,3,1,2,1,4,2,1,4,2,1,4,3,2,1,2,3,1,3,1,2,1,1,1,1,2,1,3,1,1,4,1,3,3,2,2,4,3,4,4,2,4,4,2,1,4,4,4,3,1,2,4,3,3,2,1,3,2,1,4,4,2,2,1,1,3,4,4,2,2,1,4,1,2,3,2,1,3,4,4,3,4,4,1,1,2,3,1,1,1,1,2,2,1,3,1,3,1,4,2,1,1,4,2,4,3,2,1,4,2,3,1,3,2,2,2,1,1,2,2,4,2,2,2,2,2,1,2,3,2,3,1,1,3,4,2,2,2,4,3,3,1,2,2,3,2,3,3,1,2,2,4,4,1,4,4,1,2,4,1,3,3,3,2,3,3,1,1,2,4,3,3,4,2,4,1,2,4,1,4,3,1,1,1,4,4,1,2,2,2,2,2,1,1,1,1,1,1,4,2,2,3,4,4,1,2,3,2,4,1,2,2,3,2,1,1,2,2,1,1,2,3,1,2,1,4,4,1,2,4,2,1,1,2,1,3,3,4,2,2,1,2,4,1,2,2,1,2,1,2,3,1,3,2,3,4,2,1,3,2,3,2,1,2,2,4,4,1,1,4,3,3,2,4,2,4,1,2,3,3,1,3,2,1,3,1,1,2,2,4,2,1,1,1,3,2,4,4,4,1,3,1,4,2,1,3,2,1,1,1,1,4,3,1,1,2,2,3,4,3,2,4,2,1,1,1,1,3,1,1,2,1,1,4,2,4,2,1,3,3,1,2,1,2,1,4,4,2,4,1,4,1,2,2,1,4,1,2,3,2,4,1,2,3,2,1,4,2,2,3,2,3,1,2,1,2,3,2,2,2,3,2,4,1,4,2,3,2,2,2,3,2,4,3,1,1,2,1,1,1,2,1,2,3,2,1,1,1,1,2,1,2,3,2,4,1,1,4,4,3,2,4,3,1,3,2,1,2,3,3,3,3,4,3,1,1,1,3,1,2,1,4,4,3,2,4,3,4,4,1,2,1,2,4,4,3,2,1,3,1,4,3,3,1,3,2,2,2,1,4,1,4,1,4,1,1,4,1,1,3,2,4,2,4,2,3,2,2,3,4,4,3,2,2,4,1,2,1,3,3,1,1,4,1,1,2,3,4,4,3,1,1,2,2,4,1,1,4,2,3,4,3,4,3,2,1,3,2,2,2,1,1,3,2,2,3,2,1,2,3,4,3,1,3,4,2,4,3,4,1,3,1,1,2,4,2,2,4,4,3,1,4,2,3,1,4,1,2,3,3,1,4,2,1,3,2,3,1,1,2,1,1,2,1,3,3,2,4,2,2,2,3,2,3,3,2,2,2,2,4,1,1,1,1,2,1,2,1,4,2,2,2,1,1,1,2,4,1,4,2,2,3,4,1,1,1,4,4,2,2,3,3,3,3,1,2,1,2,4,4,2,2,3,2,1,1,1,1,2,3,1,2,3,4,3,4,1,1,3,1,4,4,3,2,1,4,1,2,2,1,2,1,4,1,3,1,1,4,4,1,4,4,1,1,1,3,1,2,1,1,1,1,2,1,3,2,4,4,1,2,4,2,1,1,4,2,4,4,3,3,2,1,2,3,2,1,1,1,2,3,3,4,2,1,4,2,3,2,2,4,4,1,1,2,3,1,2,3,4,2,1,2,1,2,1,4,2,2,3,3,1,4,2,1,2,3,1,1,4,1,3,3,1,2,4,1,4,1,2,1,1,1,2,2,3,3,1,1,4,2,2,4,2,1,1,2,2,1,2,4,3,2,3,3,4,4,1,4,4,3,2,4,3,1,1,3,2,4,2,2,1,1,4,4,2,1,1,3,3,3,3,1,3,2,2,2,2,1,1,3,2,4,4,1,2,3,1,3,1,1,3,1,4,1,1,2,1,3,1,2,2,4,1,1,4,1,4,4,2,1,1,2,3,1,1,1,1,2,3,4,3,2,3,3,1,2,4,2,3,1,2,2,2,4,3,2,2,2,4,1,1,1,2,4,2,1,4,2,1,1,1,2,1,2,1,2,3,3,3,2,4,3,3,1,1,4,2,3,1,4,4,4,3,2,4,3,2,1,3,4,1,2,2,1,2,3,3,1,4,3,3,2,2,1,1,2,3,3,4,4,2,1,1,3,1,1,3,2,3,4,1,3,1,4,2,4,1,1,1,1,4,1,3,1,1,3,1,4,2,2,1,2,2,4,1,2,4,3,1,3,2,1,2,2,3,3,2,1,2,4,1,4,2,1,1,4,1,1,4,4,2,4,2,4,3,2,2,4,3,2,3,1,2,4,3,4,1,3,1,2,4,4,2,2,2,1,2,2,1,4,2,1,2,1,4,2,1,2,4,1,2,1,2,1,1,4,2,1,2,1,2,4,4,3,4,1,2,1,1,2,2,2,2,2,4,4,3,3,2,4,2,3,4,3,2,2,2,3,2,1,3,2,1,1,1,3,1,3,2,3,1,4,3,4,1,1,3,1,3,2,1,3,1,1,2"
117,0.9882627241940299,0.5,2136.0,"4,2,1,1,2,2,3,1,2,1,4,4,4,1,2,2,4,1,1,2,1,2,4,1,3,1,2,2,4,1,1,2,3,3,1,2,4,1,2,4,1,2,2,2,2,2,3,2,1,2,4,4,3,2,1,4,2,2,1,4,4,4,3,1,3,3,3,2,3,2,1,2,2,3,4,2,3,3,3,1,2,1,4,1,2,3,1,2,1,2,1,2,2,2,3,4,1,1,3,1,2,2,3,2,2,4,1,4,2,1,1,1,3,3,1,2,3,4,4,1,3,2,2,3,2,2,3,2,4,1,2,2,1,1,1,2,3,4,2,2,4,3,2,3,4,4,2,1,1,1,1,1,1,3,3,4,2,2,2,1,4,1,1,3,1,3,3,1,1,4,1,2,2,2,1,3,3,1,4,1,3,2,3,2,3,2,1,2,4,1,4,2,3,3,3,3,2,3,1,4,1,4,1,3,4,4,1,3,2,2,2,1,2,1,3,2,2,1,2,1,4,4,3,2,3,1,3,2,4,3,3,2,2,1,1,3,1,3,3,2,2,1,2,3,2,2,3,2,3,3,3,4,1,1,3,1,1,1,4,2,3,4,1,1,2,1,3,2,1,3,4,2,4,1,3,2,4,1,1,4,4,1,1,4,2,2,2,4,2,4,1,1,1,4,1,4,2,1,2,3,2,2,1,2,3,2,4,1,1,1,1,1,1,1,2,3,1,4,2,2,4,2,1,3,2,1,1,3,2,2,3,3,2,3,1,4,1,4,2,1,1,2,3,1,4,2,2,3,3,2,4,2,4,2,3,1,1,2,4,3,4,3,1,2,3,3,4,4,1,3,2,1,2,3,2,3,3,2,1,3,2,4,2,3,3,2,1,1,2,1,1,4,3,3,1,2,3,1,2,2,1,1,2,2,4,1,2,3,4,3,3,2,2,1,1,4,3,2,1,4,3,1,3,3,3,2,1,2,4,3,3,1,1,2,3,1,3,3,2,4,1,2,2,1,3,3,2,1,2,4,2,4,1,3,1,1,1,4,2,1,4,3,3,2,2,1,2,1,4,4,2,2,2,1,1,1,1,4,1,3,1,2,2,3,1,3,4,1,4,1,4,1,1,1,1,2,3,1,1,2,4,2,4,4,2,1,3,1,1,3,3,1,3,1,4,2,4,3,3,1,4,2,4,4,4,2,1,3,1,3,3,3,1,1,2,4,4,1,3,3,2,2,2,3,1,4,1,3,2,1,3,3,4,2,3,3,2,1,2,2,3,4,3,2,1,2,3,1,2,1,4,2,1,4,2,1,4,3,2,1,2,3,1,3,1,2,1,1,1,1,2,1,3,1,1,4,1,3,3,2,2,4,3,4,4,2,4,4,2,1,4,4,4,3,1,2,4,3,3,2,1,3,2,1,4,4,2,2,1,1,3,4,4,2,2,1,4,1,2,3,2,1,3,4,4,3,4,4,1,1,2,3,1,1,1,1,2,2,1,3,1,3,1,4,2,1,1,4,2,4,3,2,1,4,2,3,1,3,2,2,2,1,1,2,2,4,2,2,2,2,2,1,2,3,2,3,1,1,3,4,2,2,2,4,3,3,1,2,2,3,2,3,3,1,2,2,4,4,1,4,4,1,2,4,1,3,3,3,2,3,3,1,1,2,4,3,3,4,2,4,1,2,4,1,4,3,1,1,1,4,4,1,2,2,2,2,2,1,1,1,1,1,1,4,2,2,3,4,4,1,2,3,2,4,1,2,2,3,2,1,1,2,2,1,1,2,3,1,2,1,4,4,1,2,4,2,1,1,2,1,3,3,4,2,2,1,2,4,1,2,2,1,2,1,2,3,1,3,2,3,4,2,1,3,2,3,2,1,2,2,4,4,1,1,4,3,3,2,4,2,4,1,2,3,3,1,3,2,1,3,1,1,2,2,4,2,1,1,1,3,2,4,4,4,1,3,1,4,2,1,3,2,1,1,1,1,4,3,1,1,2,2,3,4,3,2,4,2,1,1,1,1,3,1,1,2,1,1,4,2,4,2,1,3,3,1,2,1,2,1,4,4,2,4,1,4,1,2,2,1,4,1,2,3,2,4,1,2,3,2,1,4,2,2,3,2,3,1,2,1,2,3,2,2,2,3,2,4,1,4,2,3,2,2,2,3,2,4,3,1,1,2,1,1,1,2,1,2,3,2,1,1,1,1,2,1,2,3,2,4,1,1,4,4,3,2,4,3,1,3,2,1,2,3,3,3,3,4,3,1,1,1,3,1,2,1,4,4,3,2,4,3,4,4,1,2,1,2,4,4,3,2,1,3,1,4,3,3,1,3,2,2,2,1,4,1,4,1,4,1,1,4,1,1,3,2,4,2,4,2,3,2,2,3,4,4,3,2,2,4,1,2,1,3,3,1,1,4,1,1,2,3,4,4,3,1,1,2,2,4,1,1,4,2,3,4,3,4,3,2,1,3,2,2,2,1,1,3,2,2,3,2,1,2,3,4,3,1,3,4,2,4,3,4,1,3,1,1,2,4,2,2,4,4,3,1,4,2,3,1,4,1,2,3,3,1,4,2,1,3,2,3,1,1,2,1,1,2,1,3,3,2,4,2,2,2,3,2,3,3,2,2,2,2,4,1,1,1,1,2,1,2,1,4,2,2,2,1,1,1,2,4,1,4,2,2,3,4,1,1,1,4,4,2,2,3,3,3,3,1,2,1,2,4,4,2,2,3,2,1,1,1,1,2,3,1,2,3,4,3,4,1,1,3,1,4,4,3,2,1,4,1,2,2,1,2,1,4,1,3,1,1,4,4,1,4,4,1,1,1,3,1,2,1,1,1,1,2,1,3,2,4,4,1,2,4,2,1,1,4,2,4,4,3,3,2,1,2,3,2,1,1,1,2,3,3,4,2,1,4,2,3,2,2,4,4,1,1,2,3,1,2,3,4,2,1,2,1,2,1,4,2,2,3,3,1,4,2,1,2,3,1,1,4,1,3,3,1,2,4,1,4,1,2,1,1,1,2,2,3,3,1,1,4,2,2,4,2,1,1,2,2,1,2,4,3,2,3,3,4,4,1,4,4,3,2,4,3,1,1,3,2,4,2,2,1,1,4,4,2,1,1,3,3,3,3,1,3,2,2,2,2,1,1,3,2,4,4,1,2,3,1,3,1,1,3,1,4,1,1,2,1,3,1,2,2,4,1,1,4,1,4,4,2,1,1,2,3,1,1,1,1,2,3,4,3,2,3,3,1,2,4,2,3,1,2,2,2,4,3,2,2,2,4,1,1,1,2,4,2,1,4,2,1,1,1,2,1,2,1,2,3,3,3,2,4,3,3,1,1,4,2,3,1,4,4,4,3,2,4,3,2,1,3,4,1,2,2,1,2,3,3,1,4,3,3,2,2,1,1,2,3,3,4,4,2,1,1,3,1,1,3,2,3,4,1,3,1,4,2,4,1,1,1,1,4,1,3,1,1,3,1,4,2,2,1,2,2,4,1,2,4,3,1,3,2,1,2,2,3,3,2,1,2,4,1,4,2,1,1,4,1,1,4,4,2,4,2,4,3,2,2,4,3,2,3,1,2,4,3,4,1,3,1,2,4,4,2,2,2,1,2,2,1,4,2,1,2,1,4,2,1,2,4,1,2,1,2,1,1,4,2,1,2,1,2,4,4,3,4,1,2,1,1,2,2,2,2,2,4,4,3,3,2,4,2,3,4,3,2,2,2,3,2,1,3,2,1,1,1,3,1,3,2,3,1,4,3,4,1,1,3,1,3,2,1,3,1,1,2"
118,0.9882627241940299,0.5,2136.0,"4,2,1,1,2,2,3,1,2,1,4,4,4,1,2,2,4,1,1,2,1,2,4,1,3,1,2,2,4,1,1,2,3,3,1,2,4,1,2,4,1,2,2,2,2,2,3,2,1,2,4,4,3,2,1,4,2,2,1,4,4,4,3,1,3,3,3,2,3,2,1,2,2,3,4,2,3,3,3,1,2,1,4,1,2,3,1,2,1,2,1,2,2,2,3,4,1,1,3,1,2,2,3,2,2,4,1,4,2,1,1,1,3,3,1,2,3,4,4,1,3,2,2,3,2,2,3,2,4,1,2,2,1,1,1,2,3,4,2,2,4,3,2,3,4,4,2,1,1,1,1,1,1,3,3,4,2,2,2,1,4,1,1,3,1,3,3,1,1,4,1,2,2,2,1,3,3,1,4,1,3,2,3,2,3,2,1,2,4,1,4,2,3,3,3,3,2,3,1,4,1,4,1,3,4,4,1,3,2,2,2,1,2,1,3,2,2,1,2,1,4,4,3,2,3,1,3,2,4,3,3,2,2,1,1,3,1,3,3,2,2,1,2,3,2,2,3,2,3,3,3,4,1,1,3,1,1,1,4,2,3,4,1,1,2,1,3,2,1,3,4,2,4,1,3,2,4,1,1,4,4,1,1,4,2,2,2,4,2,4,1,1,1,4,1,4,2,1,2,3,2,2,1,2,3,2,4,1,1,1,1,1,1,1,2,3,1,4,2,2,4,2,1,3,2,1,1,3,2,2,3,3,2,3,1,4,1,4,2,1,1,2,3,1,4,2,2,3,3,2,4,2,4,2,3,1,1,2,4,3,4,3,1,2,3,3,4,4,1,3,2,1,2,3,2,3,3,2,1,3,2,4,2,3,3,2,1,1,2,1,1,4,3,3,1,2,3,1,2,2,1,1,2,2,4,1,2,3,4,3,3,2,2,1,1,4,3,2,1,4,3,1,3,3,3,2,1,2,4,3,3,1,1,2,3,1,3,3,2,4,1,2,2,1,3,3,2,1,2,4,2,4,1,3,1,1,1,4,2,1,4,3,3,2,2,1,2,1,4,4,2,2,2,1,1,1,1,4,1,3,1,2,2,3,1,3,4,1,4,1,4,1,1,1,1,2,3,1,1,2,4,2,4,4,2,1,3,1,1,3,3,1,3,1,4,2,4,3,3,1,4,2,4,4,4,2,1,3,1,3,3,3,1,1,2,4,4,1,3,3,2,2,2,3,1,4,1,3,2,1,3,3,4,2,3,3,2,1,2,2,3,4,3,2,1,2,3,1,2,1,4,2,1,4,2,1,4,3,2,1,2,3,1,3,1,2,1,1,1,1,2,1,3,1,1,4,1,3,3,2,2,4,3,4,4,2,4,4,2,1,4,4,4,3,1,2,4,3,3,2,1,3,2,1,4,4,2,2,1,1,3,4,4,2,2,1,4,1,2,3,2,1,3,4,4,3,4,4,1,1,2,3,1,1,1,1,2,2,1,3,1,3,1,4,2,1,1,4,2,4,3,2,1,4,2,3,1,3,2,2,2,1,1,2,2,4,2,2,2,2,2,1,2,3,2,3,1,1,3,4,2,2,2,4,3,3,1,2,2,3,2,3,3,1,2,2,4,4,1,4,4,1,2,4,1,3,3,3,2,3,3,1,1,2,4,3,3,4,2,4,1,2,4,1,4,3,1,1,1,4,4,1,2,2,2,2,2,1,1,1,1,1,1,4,2,2,3,4,4,1,2,3,2,4,1,2,2,3,2,1,1,2,2,1,1,2,3,1,2,1,4,4,1,2,4,2,1,1,2,1,3,3,4,2,2,1,2,4,1,2,2,1,2,1,2,3,1,3,2,3,4,2,1,3,2,3,2,1,2,2,4,4,1,1,4,3,3,2,4,2,4,1,2,3,3,1,3,2,1,3,1,1,2,2,4,2,1,1,1,3,2,4,4,4,1,3,1,4,2,1,3,2,1,1,1,1,4,3,1,1,2,2,3,4,3,2,4,2,1,1,1,1,3,1,1,2,1,1,4,2,4,2,1,3,3,1,2,1,2,1,4,4,2,4,1,4,1,2,2,1,4,1,2,3,2,4,1,2,3,2,1,4,2,2,3,2,3,1,2,1,2,3,2,2,2,3,2,4,1,4,2,3,2,2,2,3,2,4,3,1,1,2,1,1,1,2,1,2,3,2,1,1,1,1,2,1,2,3,2,4,1,1,4,4,3,2,4,3,1,3,2,1,2,3,3,3,3,4,3,1,1,1,3,1,2,1,4,4,3,2,4,3,4,4,1,2,1,2,4,4,3,2,1,3,1,4,3,3,1,3,2,2,2,1,4,1,4,1,4,1,1,4,1,1,3,2,4,2,4,2,3,2,2,3,4,4,3,2,2,4,1,2,1,3,3,1,1,4,1,1,2,3,4,4,3,1,1,2,2,4,1,1,4,2,3,4,3,4,3,2,1,3,2,2,2,1,1,3,2,2,3,2,1,2,3,4,3,1,3,4,2,4,3,4,1,3,1,1,2,4,2,2,4,4,3,1,4,2,3,1,4,1,2,3,3,1,4,2,1,3,2,3,1,1,2,1,1,2,1,3,3,2,4,2,2,2,3,2,3,3,2,2,2,2,4,1,1,1,1,2,1,2,1,4,2,2,2,1,1,1,2,4,1,4,2,2,3,4,1,1,1,4,4,2,2,3,3,3,3,1,2,1,2,4,4,2,2,3,2,1,1,1,1,2,3,1,2,3,4,3,4,1,1,3,1,4,4,3,2,1,4,1,2,2,1,2,1,4,1,3,1,1,4,4,1,4,4,1,1,1,3,1,2,1,1,1,1,2,1,3,2,4,4,1,2,4,2,1,1,4,2,4,4,3,3,2,1,2,3,2,1,1,1,2,3,3,4,2,1,4,2,3,2,2,4,4,1,1,2,3,1,2,3,4,2,1,2,1,2,1,4,2,2,3,3,1,4,2,1,2,3,1,1,4,1,3,3,1,2,4,1,4,1,2,1,1,1,2,2,3,3,1,1,4,2,2,4,2,1,1,2,2,1,2,4,3,2,3,3,4,4,1,4,4,3,2,4,3,1,1,3,2,4,2,2,1,1,4,4,2,1,1,3,3,3,3,1,3,2,2,2,2,1,1,3,2,4,4,1,2,3,1,3,1,1,3,1,4,1,1,2,1,3,1,2,2,4,1,1,4,1,4,4,2,1,1,2,3,1,1,1,1,2,3,4,3,2,3,3,1,2,4,2,3,1,2,2,2,4,3,2,2,2,4,1,1,1,2,4,2,1,4,2,1,1,1,2,1,2,1,2,3,3,3,2,4,3,3,1,1,4,2,3,1,4,4,4,3,2,4,3,2,1,3,4,1,2,2,1,2,3,3,1,4,3,3,2,2,1,1,2,3,3,4,4,2,1,1,3,1,1,3,2,3,4,1,3,1,4,2,4,1,1,1,1,4,1,3,1,1,3,1,4,2,2,1,2,2,4,1,2,4,3,1,3,2,1,2,2,3,3,2,1,2,4,1,4,2,1,1,4,1,1,4,4,2,4,2,4,3,2,2,4,3,2,3,1,2,4,3,4,1,3,1,2,4,4,2,2,2,1,2,2,1,4,2,1,2,1,4,2,1,2,4,1,2,1,2,1,1,4,2,1,2,1,2,4,4,3,4,1,2,1,1,2,2,2,2,2,4,4,3,3,2,4,2,3,4,3,2,2,2,3,2,1,3,2,1,1,1,3,1,3,2,3,1,4,3,4,1,1,3,1,3,2,1,3,1,1,2"
119,0.9882627241940299,0.5,2136.0,"4,2,1,1,2,2,3,1,2,1,4,4,4,1,2,2,4,1,1,2,1,2,4,1,3,1,2,2,4,1,1,2,3,3,1,2,4,1,2,4,1,2,2,2,2,2,3,2,1,2,4,4,3,2,1,4,2,2,1,4,4,4,3,1,3,3,3,2,3,2,1,2,2,3,4,2,3,3,3,1,2,1,4,1,2,3,1,2,1,2,1,2,2,2,3,4,1,1,3,1,2,2,3,2,2,4,1,4,2,1,1,1,3,3,1,2,3,4,4,1,3,2,2,3,2,2,3,2,4,1,2,2,1,1,1,2,3,4,2,2,4,3,2,3,4,4,2,1,1,1,1,1,1,3,3,4,2,2,2,1,4,1,1,3,1,3,3,1,1,4,1,2,2,2,1,3,3,1,4,1,3,2,3,2,3,2,1,2,4,1,4,2,3,3,3,3,2,3,1,4,1,4,1,3,4,4,1,3,2,2,2,1,2,1,3,2,2,1,2,1,4,4,3,2,3,1,3,2,4,3,3,2,2,1,1,3,1,3,3,2,2,1,2,3,2,2,3,2,3,3,3,4,1,1,3,1,1,1,4,2,3,4,1,1,2,1,3,2,1,3,4,2,4,1,3,2,4,1,1,4,4,1,1,4,2,2,2,4,2,4,1,1,1,4,1,4,2,1,2,3,2,2,1,2,3,2,4,1,1,1,1,1,1,1,2,3,1,4,2,2,4,2,1,3,2,1,1,3,2,2,3,3,2,3,1,4,1,4,2,1,1,2,3,1,4,2,2,3,3,2,4,2,4,2,3,1,1,2,4,3,4,3,1,2,3,3,4,4,1,3,2,1,2,3,2,3,3,2,1,3,2,4,2,3,3,2,1,1,2,1,1,4,3,3,1,2,3,1,2,2,1,1,2,2,4,1,2,3,4,3,3,2,2,1,1,4,3,2,1,4,3,1,3,3,3,2,1,2,4,3,3,1,1,2,3,1,3,3,2,4,1,2,2,1,3,3,2,1,2,4,2,4,1,3,1,1,1,4,2,1,4,3,3,2,2,1,2,1,4,4,2,2,2,1,1,1,1,4,1,3,1,2,2,3,1,3,4,1,4,1,4,1,1,1,1,2,3,1,1,2,4,2,4,4,2,1,3,1,1,3,3,1,3,1,4,2,4,3,3,1,4,2,4,4,4,2,1,3,1,3,3,3,1,1,2,4,4,1,3,3,2,2,2,3,1,4,1,3,2,1,3,3,4,2,3,3,2,1,2,2,3,4,3,2,1,2,3,1,2,1,4,2,1,4,2,1,4,3,2,1,2,3,1,3,1,2,1,1,1,1,2,1,3,1,1,4,1,3,3,2,2,4,3,4,4,2,4,4,2,1,4,4,4,3,1,2,4,3,3,2,1,3,2,1,4,4,2,2,1,1,3,4,4,2,2,1,4,1,2,3,2,1,3,4,4,3,4,4,1,1,2,3,1,1,1,1,2,2,1,3,1,3,1,4,2,1,1,4,2,4,3,2,1,4,2,3,1,3,2,2,2,1,1,2,2,4,2,2,2,2,2,1,2,3,2,3,1,1,3,4,2,2,2,4,3,3,1,2,2,3,2,3,3,1,2,2,4,4,1,4,4,1,2,4,1,3,3,3,2,3,3,1,1,2,4,3,3,4,2,4,1,2,4,1,4,3,1,1,1,4,4,1,2,2,2,2,2,1,1,1,1,1,1,4,2,2,3,4,4,1,2,3,2,4,1,2,2,3,2,1,1,2,2,1,1,2,3,1,2,1,4,4,1,2,4,2,1,1,2,1,3,3,4,2,2,1,2,4,1,2,2,1,2,1,2,3,1,3,2,3,4,2,1,3,2,3,2,1,2,2,4,4,1,1,4,3,3,2,4,2,4,1,2,3,3,1,3,2,1,3,1,1,2,2,4,2,1,1,1,3,2,4,4,4,1,3,1,4,2,1,3,2,1,1,1,1,4,3,1,1,2,2,3,4,3,2,4,2,1,1,1,1,3,1,1,2,1,1,4,2,4,2,1,3,3,1,2,1,2,1,4,4,2,4,1,4,1,2,2,1,4,1,2,3,2,4,1,2,3,2,1,4,2,2,3,2,3,1,2,1,2,3,2,2,2,3,2,4,1,4,2,3,2,2,2,3,2,4,3,1,1,2,1,1,1,2,1,2,3,2,1,1,1,1,2,1,2,3,2,4,1,1,4,4,3,2,4,3,1,3,2,1,2,3,3,3,3,4,3,1,1,1,3,1,2,1,4,4,3,2,4,3,4,4,1,2,1,2,4,4,3,2,1,3,1,4,3,3,1,3,2,2,2,1,4,1,4,1,4,1,1,4,1,1,3,2,4,2,4,2,3,2,2,3,4,4,3,2,2,4,1,2,1,3,3,1,1,4,1,1,2,3,4,4,3,1,1,2,2,4,1,1,4,2,3,4,3,4,3,2,1,3,2,2,2,1,1,3,2,2,3,2,1,2,3,4,3,1,3,4,2,4,3,4,1,3,1,1,2,4,2,2,4,4,3,1,4,2,3,1,4,1,2,3,3,1,4,2,1,3,2,3,1,1,2,1,1,2,1,3,3,2,4,2,2,2,3,2,3,3,2,2,2,2,4,1,1,1,1,2,1,2,1,4,2,2,2,1,1,1,2,4,1,4,2,2,3,4,1,1,1,4,4,2,2,3,3,3,3,1,2,1,2,4,4,2,2,3,2,1,1,1,1,2,3,1,2,3,4,3,4,1,1,3,1,4,4,3,2,1,4,1,2,2,1,2,1,4,1,3,1,1,4,4,1,4,4,1,1,1,3,1,2,1,1,1,1,2,1,3,2,4,4,1,2,4,2,1,1,4,2,4,4,3,3,2,1,2,3,2,1,1,1,2,3,3,4,2,1,4,2,3,2,2,4,4,1,1,2,3,1,2,3,4,2,1,2,1,2,1,4,2,2,3,3,1,4,2,1,2,3,1,1,4,1,3,3,1,2,4,1,4,1,2,1,1,1,2,2,3,3,1,1,4,2,2,4,2,1,1,2,2,1,2,4,3,2,3,3,4,4,1,4,4,3,2,4,3,1,1,3,2,4,2,2,1,1,4,4,2,1,1,3,3,3,3,1,3,2,2,2,2,1,1,3,2,4,4,1,2,3,1,3,1,1,3,1,4,1,1,2,1,3,1,2,2,4,1,1,4,1,4,4,2,1,1,2,3,1,1,1,1,2,3,4,3,2,3,3,1,2,4,2,3,1,2,2,2,4,3,2,2,2,4,1,1,1,2,4,2,1,4,2,1,1,1,2,1,2,1,2,3,3,3,2,4,3,3,1,1,4,2,3,1,4,4,4,3,2,4,3,2,1,3,4,1,2,2,1,2,3,3,1,4,3,3,2,2,1,1,2,3,3,4,4,2,1,1,3,1,1,3,2,3,4,1,3,1,4,2,4,1,1,1,1,4,1,3,1,1,3,1,4,2,2,1,2,2,4,1,2,4,3,1,3,2,1,2,2,3,3,2,1,2,4,1,4,2,1,1,4,1,1,4,4,2,4,2,4,3,2,2,4,3,2,3,1,2,4,3,4,1,3,1,2,4,4,2,2,2,1,2,2,1,4,2,1,2,1,4,2,1,2,4,1,2,1,2,1,1,4,2,1,2,1,2,4,4,3,4,1,2,1,1,2,2,2,2,2,4,4,3,3,2,4,2,3,4,3,2,2,2,3,2,1,3,2,1,1,1,3,1,3,2,3,1,4,3,4,1,1,3,1,3,2,1,3,1,1,2"
120,0.9882627241940299,0.5,2136.0,"4,2,1,1,2,2,3,1,2,1,4,4,4,1,2,2,4,1,1,2,1,2,4,1,3,1,2,2,4,1,1,2,3,3,1,2,4,1,2,4,1,2,2,2,2,2,3,2,1,2,4,4,3,2,1,4,2,2,1,4,4,4,3,1,3,3,3,2,3,2,1,2,2,3,4,2,3,3,3,1,2,1,4,1,2,3,1,2,1,2,1,2,2,2,3,4,1,1,3,1,2,2,3,2,2,4,1,4,2,1,1,1,3,3,1,2,3,4,4,1,3,2,2,3,2,2,3,2,4,1,2,2,1,1,1,2,3,4,2,2,4,3,2,3,4,4,2,1,1,1,1,1,1,3,3,4,2,2,2,1,4,1,1,3,1,3,3,1,1,4,1,2,2,2,1,3,3,1,4,1,3,2,3,2,3,2,1,2,4,1,4,2,3,3,3,3,2,3,1,4,1,4,1,3,4,4,1,3,2,2,2,1,2,1,3,2,2,1,2,1,4,4,3,2,3,1,3,2,4,3,3,2,2,1,1,3,1,3,3,2,2,1,2,3,2,2,3,2,3,3,3,4,1,1,3,1,1,1,4,2,3,4,1,1,2,1,3,2,1,3,4,2,4,1,3,2,4,1,1,4,4,1,1,4,2,2,2,4,2,4,1,1,1,4,1,4,2,1,2,3,2,2,1,2,3,2,4,1,1,1,1,1,1,1,2,3,1,4,2,2,4,2,1,3,2,1,1,3,2,2,3,3,2,3,1,4,1,4,2,1,1,2,3,1,4,2,2,3,3,2,4,2,4,2,3,1,1,2,4,3,4,3,1,2,3,3,4,4,1,3,2,1,2,3,2,3,3,2,1,3,2,4,2,3,3,2,1,1,2,1,1,4,3,3,1,2,3,1,2,2,1,1,2,2,4,1,2,3,4,3,3,2,2,1,1,4,3,2,1,4,3,1,3,3,3,2,1,2,4,3,3,1,1,2,3,1,3,3,2,4,1,2,2,1,3,3,2,1,2,4,2,4,1,3,1,1,1,4,2,1,4,3,3,2,2,1,2,1,4,4,2,2,2,1,1,1,1,4,1,3,1,2,2,3,1,3,4,1,4,1,4,1,1,1,1,2,3,1,1,2,4,2,4,4,2,1,3,1,1,3,3,1,3,1,4,2,4,3,3,1,4,2,4,4,4,2,1,3,1,3,3,3,1,1,2,4,4,1,3,3,2,2,2,3,1,4,1,3,2,1,3,3,4,2,3,3,2,1,2,2,3,4,3,2,1,2,3,1,2,1,4,2,1,4,2,1,4,3,2,1,2,3,1,3,1,2,1,1,1,1,2,1,3,1,1,4,1,3,3,2,2,4,3,4,4,2,4,4,2,1,4,4,4,3,1,2,4,3,3,2,1,3,2,1,4,4,2,2,1,1,3,4,4,2,2,1,4,1,2,3,2,1,3,4,4,3,4,4,1,1,2,3,1,1,1,1,2,2,1,3,1,3,1,4,2,1,1,4,2,4,3,2,1,4,2,3,1,3,2,2,2,1,1,2,2,4,2,2,2,2,2,1,2,3,2,3,1,1,3,4,2,2,2,4,3,3,1,2,2,3,2,3,3,1,2,2,4,4,1,4,4,1,2,4,1,3,3,3,2,3,3,1,1,2,4,3,3,4,2,4,1,2,4,1,4,3,1,1,1,4,4,1,2,2,2,2,2,1,1,1,1,1,1,4,2,2,3,4,4,1,2,3,2,4,1,2,2,3,2,1,1,2,2,1,1,2,3,1,2,1,4,4,1,2,4,2,1,1,2,1,3,3,4,2,2,1,2,4,1,2,2,1,2,1,2,3,1,3,2,3,4,2,1,3,2,3,2,1,2,2,4,4,1,1,4,3,3,2,4,2,4,1,2,3,3,1,3,2,1,3,1,1,2,2,4,2,1,1,1,3,2,4,4,4,1,3,1,4,2,1,3,2,1,1,1,1,4,3,1,1,2,2,3,4,3,2,4,2,1,1,1,1,3,1,1,2,1,1,4,2,4,2,1,3,3,1,2,1,2,1,4,4,2,4,1,4,1,2,2,1,4,1,2,3,2,4,1,2,3,2,1,4,2,2,3,2,3,1,2,1,2,3,2,2,2,3,2,4,1,4,2,3,2,2,2,3,2,4,3,1,1,2,1,1,1,2,1,2,3,2,1,1,1,1,2,1,2,3,2,4,1,1,4,4,3,2,4,3,1,3,2,1,2,3,3,3,3,4,3,1,1,1,3,1,2,1,4,4,3,2,4,3,4,4,1,2,1,2,4,4,3,2,1,3,1,4,3,3,1,3,2,2,2,1,4,1,4,1,4,1,1,4,1,1,3,2,4,2,4,2,3,2,2,3,4,4,3,2,2,4,1,2,1,3,3,1,1,4,1,1,2,3,4,4,3,1,1,2,2,4,1,1,4,2,3,4,3,4,3,2,1,3,2,2,2,1,1,3,2,2,3,2,1,2,3,4,3,1,3,4,2,4,3,4,1,3,1,1,2,4,2,2,4,4,3,1,4,2,3,1,4,1,2,3,3,1,4,2,1,3,2,3,1,1,2,1,1,2,1,3,3,2,4,2,2,2,3,2,3,3,2,2,2,2,4,1,1,1,1,2,1,2,1,4,2,2,2,1,1,1,2,4,1,4,2,2,3,4,1,1,1,4,4,2,2,3,3,3,3,1,2,1,2,4,4,2,2,3,2,1,1,1,1,2,3,1,2,3,4,3,4,1,1,3,1,4,4,3,2,1,4,1,2,2,1,2,1,4,1,3,1,1,4,4,1,4,4,1,1,1,3,1,2,1,1,1,1,2,1,3,2,4,4,1,2,4,2,1,1,4,2,4,4,3,3,2,1,2,3,2,1,1,1,2,3,3,4,2,1,4,2,3,2,2,4,4,1,1,2,3,1,2,3,4,2,1,2,1,2,1,4,2,2,3,3,1,4,2,1,2,3,1,1,4,1,3,3,1,2,4,1,4,1,2,1,1,1,2,2,3,3,1,1,4,2,2,4,2,1,1,2,2,1,2,4,3,2,3,3,4,4,1,4,4,3,2,4,3,1,1,3,2,4,2,2,1,1,4,4,2,1,1,3,3,3,3,1,3,2,2,2,2,1,1,3,2,4,4,1,2,3,1,3,1,1,3,1,4,1,1,2,1,3,1,2,2,4,1,1,4,1,4,4,2,1,1,2,3,1,1,1,1,2,3,4,3,2,3,3,1,2,4,2,3,1,2,2,2,4,3,2,2,2,4,1,1,1,2,4,2,1,4,2,1,1,1,2,1,2,1,2,3,3,3,2,4,3,3,1,1,4,2,3,1,4,4,4,3,2,4,3,2,1,3,4,1,2,2,1,2,3,3,1,4,3,3,2,2,1,1,2,3,3,4,4,2,1,1,3,1,1,3,2,3,4,1,3,1,4,2,4,1,1,1,1,4,1,3,1,1,3,1,4,2,2,1,2,2,4,1,2,4,3,1,3,2,1,2,2,3,3,2,1,2,4,1,4,2,1,1,4,1,1,4,4,2,4,2,4,3,2,2,4,3,2,3,1,2,4,3,4,1,3,1,2,4,4,2,2,2,1,2,2,1,4,2,1,2,1,4,2,1,2,4,1,2,1,2,1,1,4,2,1,2,1,2,4,4,3,4,1,2,1,1,2,2,2,2,2,4,4,3,3,2,4,2,3,4,3,2,2,2,3,2,1,3,2,1,1,1,3,1,3,2,3,1,4,3,4,1,1,3,1,3,2,1,3,1,1,2"
121,0.9882627241940299,0.5,2136.0,"4,2,1,1,2,2,3,1,2,1,4,4,4,1,2,2,4,1,1,2,1,2,4,1,3,1,2,2,4,1,1,2,3,3,1,2,4,1,2,4,1,2,2,2,2,2,3,2,1,2,4,4,3,2,1,4,2,2,1,4,4,4,3,1,3,3,3,2,3,2,1,2,2,3,4,2,3,3,3,1,2,1,4,1,2,3,1,2,1,2,1,2,2,2,3,4,1,1,3,1,2,2,3,2,2,4,1,4,2,1,1,1,3,3,1,2,3,4,4,1,3,2,2,3,2,2,3,2,4,1,2,2,1,1,1,2,3,4,2,2,4,3,2,3,4,4,2,1,1,1,1,1,1,3,3,4,2,2,2,1,4,1,1,3,1,3,3,1,1,4,1,2,2,2,1,3,3,1,4,1,3,2,3,2,3,2,1,2,4,1,4,2,3,3,3,3,2,3,1,4,1,4,1,3,4,4,1,3,2,2,2,1,2,1,3,2,2,1,2,1,4,4,3,2,3,1,3,2,4,3,3,2,2,1,1,3,1,3,3,2,2,1,2,3,2,2,3,2,3,3,3,4,1,1,3,1,1,1,4,2,3,4,1,1,2,1,3,2,1,3,4,2,4,1,3,2,4,1,1,4,4,1,1,4,2,2,2,4,2,4,1,1,1,4,1,4,2,1,2,3,2,2,1,2,3,2,4,1,1,1,1,1,1,1,2,3,1,4,2,2,4,2,1,3,2,1,1,3,2,2,3,3,2,3,1,4,1,4,2,1,1,2,3,1,4,2,2,3,3,2,4,2,4,2,3,1,1,2,4,3,4,3,1,2,3,3,4,4,1,3,2,1,2,3,2,3,3,2,1,3,2,4,2,3,3,2,1,1,2,1,1,4,3,3,1,2,3,1,2,2,1,1,2,2,4,1,2,3,4,3,3,2,2,1,1,4,3,2,1,4,3,1,3,3,3,2,1,2,4,3,3,1,1,2,3,1,3,3,2,4,1,2,2,1,3,3,2,1,2,4,2,4,1,3,1,1,1,4,2,1,4,3,3,2,2,1,2,1,4,4,2,2,2,1,1,1,1,4,1,3,1,2,2,3,1,3,4,1,4,1,4,1,1,1,1,2,3,1,1,2,4,2,4,4,2,1,3,1,1,3,3,1,3,1,4,2,4,3,3,1,4,2,4,4,4,2,1,3,1,3,3,3,1,1,2,4,4,1,3,3,2,2,2,3,1,4,1,3,2,1,3,3,4,2,3,3,2,1,2,2,3,4,3,2,1,2,3,1,2,1,4,2,1,4,2,1,4,3,2,1,2,3,1,3,1,2,1,1,1,1,2,1,3,1,1,4,1,3,3,2,2,4,3,4,4,2,4,4,2,1,4,4,4,3,1,2,4,3,3,2,1,3,2,1,4,4,2,2,1,1,3,4,4,2,2,1,4,1,2,3,2,1,3,4,4,3,4,4,1,1,2,3,1,1,1,1,2,2,1,3,1,3,1,4,2,1,1,4,2,4,3,2,1,4,2,3,1,3,2,2,2,1,1,2,2,4,2,2,2,2,2,1,2,3,2,3,1,1,3,4,2,2,2,4,3,3,1,2,2,3,2,3,3,1,2,2,4,4,1,4,4,1,2,4,1,3,3,3,2,3,3,1,1,2,4,3,3,4,2,4,1,2,4,1,4,3,1,1,1,4,4,1,2,2,2,2,2,1,1,1,1,1,1,4,2,2,3,4,4,1,2,3,2,4,1,2,2,3,2,1,1,2,2,1,1,2,3,1,2,1,4,4,1,2,4,2,1,1,2,1,3,3,4,2,2,1,2,4,1,2,2,1,2,1,2,3,1,3,2,3,4,2,1,3,2,3,2,1,2,2,4,4,1,1,4,3,3,2,4,2,4,1,2,3,3,1,3,2,1,3,1,1,2,2,4,2,1,1,1,3,2,4,4,4,1,3,1,4,2,1,3,2,1,1,1,1,4,3,1,1,2,2,3,4,3,2,4,2,1,1,1,1,3,1,1,2,1,1,4,2,4,2,1,3,3,1,2,1,2,1,4,4,2,4,1,4,1,2,2,1,4,1,2,3,2,4,1,2,3,2,1,4,2,2,3,2,3,1,2,1,2,3,2,2,2,3,2,4,1,4,2,3,2,2,2,3,2,4,3,1,1,2,1,1,1,2,1,2,3,2,1,1,1,1,2,1,2,3,2,4,1,1,4,4,3,2,4,3,1,3,2,1,2,3,3,3,3,4,3,1,1,1,3,1,2,1,4,4,3,2,4,3,4,4,1,2,1,2,4,4,3,2,1,3,1,4,3,3,1,3,2,2,2,1,4,1,4,1,4,1,1,4,1,1,3,2,4,2,4,2,3,2,2,3,4,4,3,2,2,4,1,2,1,3,3,1,1,4,1,1,2,3,4,4,3,1,1,2,2,4,1,1,4,2,3,4,3,4,3,2,1,3,2,2,2,1,1,3,2,2,3,2,1,2,3,4,3,1,3,4,2,4,3,4,1,3,1,1,2,4,2,2,4,4,3,1,4,2,3,1,4,1,2,3,3,1,4,2,1,3,2,3,1,1,2,1,1,2,1,3,3,2,4,2,2,2,3,2,3,3,2,2,2,2,4,1,1,1,1,2,1,2,1,4,2,2,2,1,1,1,2,4,1,4,2,2,3,4,1,1,1,4,4,2,2,3,3,3,3,1,2,1,2,4,4,2,2,3,2,1,1,1,1,2,3,1,2,3,4,3,4,1,1,3,1,4,4,3,2,1,4,1,2,2,1,2,1,4,1,3,1,1,4,4,1,4,4,1,1,1,3,1,2,1,1,1,1,2,1,3,2,4,4,1,2,4,2,1,1,4,2,4,4,3,3,2,1,2,3,2,1,1,1,2,3,3,4,2,1,4,2,3,2,2,4,4,1,1,2,3,1,2,3,4,2,1,2,1,2,1,4,2,2,3,3,1,4,2,1,2,3,1,1,4,1,3,3,1,2,4,1,4,1,2,1,1,1,2,2,3,3,1,1,4,2,2,4,2,1,1,2,2,1,2,4,3,2,3,3,4,4,1,4,4,3,2,4,3,1,1,3,2,4,2,2,1,1,4,4,2,1,1,3,3,3,3,1,3,2,2,2,2,1,1,3,2,4,4,1,2,3,1,3,1,1,3,1,4,1,1,2,1,3,1,2,2,4,1,1,4,1,4,4,2,1,1,2,3,1,1,1,1,2,3,4,3,2,3,3,1,2,4,2,3,1,2,2,2,4,3,2,2,2,4,1,1,1,2,4,2,1,4,2,1,1,1,2,1,2,1,2,3,3,3,2,4,3,3,1,1,4,2,3,1,4,4,4,3,2,4,3,2,1,3,4,1,2,2,1,2,3,3,1,4,3,3,2,2,1,1,2,3,3,4,4,2,1,1,3,1,1,3,2,3,4,1,3,1,4,2,4,1,1,1,1,4,1,3,1,1,3,1,4,2,2,1,2,2,4,1,2,4,3,1,3,2,1,2,2,3,3,2,1,2,4,1,4,2,1,1,4,1,1,4,4,2,4,2,4,3,2,2,4,3,2,3,1,2,4,3,4,1,3,1,2,4,4,2,2,2,1,2,2,1,4,2,1,2,1,4,2,1,2,4,1,2,1,2,1,1,4,2,1,2,1,2,4,4,3,4,1,2,1,1,2,2,2,2,2,4,4,3,3,2,4,2,3,4,3,2,2,2,3,2,1,3,2,1,1,1,3,1,3,2,3,1,4,3,4,1,1,3,1,3,2,1,3,1,1,2"
122,0.9882627241940299,0.5,2136.0,"4,2,1,1,2,2,3,1,2,1,4,4,4,1,2,2,4,1,1,2,1,2,4,1,3,1,2,2,4,1,1,2,3,3,1,2,4,1,2,4,1,2,2,2,2,2,3,2,1,2,4,4,3,2,1,4,2,2,1,4,4,4,3,1,3,3,3,2,3,2,1,2,2,3,4,2,3,3,3,1,2,1,4,1,2,3,1,2,1,2,1,2,2,2,3,4,1,1,3,1,2,2,3,2,2,4,1,4,2,1,1,1,3,3,1,2,3,4,4,1,3,2,2,3,2,2,3,2,4,1,2,2,1,1,1,2,3,4,2,2,4,3,2,3,4,4,2,1,1,1,1,1,1,3,3,4,2,2,2,1,4,1,1,3,1,3,3,1,1,4,1,2,2,2,1,3,3,1,4,1,3,2,3,2,3,2,1,2,4,1,4,2,3,3,3,3,2,3,1,4,1,4,1,3,4,4,1,3,2,2,2,1,2,1,3,2,2,1,2,1,4,4,3,2,3,1,3,2,4,3,3,2,2,1,1,3,1,3,3,2,2,1,2,3,2,2,3,2,3,3,3,4,1,1,3,1,1,1,4,2,3,4,1,1,2,1,3,2,1,3,4,2,4,1,3,2,4,1,1,4,4,1,1,4,2,2,2,4,2,4,1,1,1,4,1,4,2,1,2,3,2,2,1,2,3,2,4,1,1,1,1,1,1,1,2,3,1,4,2,2,4,2,1,3,2,1,1,3,2,2,3,3,2,3,1,4,1,4,2,1,1,2,3,1,4,2,2,3,3,2,4,2,4,2,3,1,1,2,4,3,4,3,1,2,3,3,4,4,1,3,2,1,2,3,2,3,3,2,1,3,2,4,2,3,3,2,1,1,2,1,1,4,3,3,1,2,3,1,2,2,1,1,2,2,4,1,2,3,4,3,3,2,2,1,1,4,3,2,1,4,3,1,3,3,3,2,1,2,4,3,3,1,1,2,3,1,3,3,2,4,1,2,2,1,3,3,2,1,2,4,2,4,1,3,1,1,1,4,2,1,4,3,3,2,2,1,2,1,4,4,2,2,2,1,1,1,1,4,1,3,1,2,2,3,1,3,4,1,4,1,4,1,1,1,1,2,3,1,1,2,4,2,4,4,2,1,3,1,1,3,3,1,3,1,4,2,4,3,3,1,4,2,4,4,4,2,1,3,1,3,3,3,1,1,2,4,4,1,3,3,2,2,2,3,1,4,1,3,2,1,3,3,4,2,3,3,2,1,2,2,3,4,3,2,1,2,3,1,2,1,4,2,1,4,2,1,4,3,2,1,2,3,1,3,1,2,1,1,1,1,2,1,3,1,1,4,1,3,3,2,2,4,3,4,4,2,4,4,2,1,4,4,4,3,1,2,4,3,3,2,1,3,2,1,4,4,2,2,1,1,3,4,4,2,2,1,4,1,2,3,2,1,3,4,4,3,4,4,1,1,2,3,1,1,1,1,2,2,1,3,1,3,1,4,2,1,1,4,2,4,3,2,1,4,2,3,1,3,2,2,2,1,1,2,2,4,2,2,2,2,2,1,2,3,2,3,1,1,3,4,2,2,2,4,3,3,1,2,2,3,2,3,3,1,2,2,4,4,1,4,4,1,2,4,1,3,3,3,2,3,3,1,1,2,4,3,3,4,2,4,1,2,4,1,4,3,1,1,1,4,4,1,2,2,2,2,2,1,1,1,1,1,1,4,2,2,3,4,4,1,2,3,2,4,1,2,2,3,2,1,1,2,2,1,1,2,3,1,2,1,4,4,1,2,4,2,1,1,2,1,3,3,4,2,2,1,2,4,1,2,2,1,2,1,2,3,1,3,2,3,4,2,1,3,2,3,2,1,2,2,4,4,1,1,4,3,3,2,4,2,4,1,2,3,3,1,3,2,1,3,1,1,2,2,4,2,1,1,1,3,2,4,4,4,1,3,1,4,2,1,3,2,1,1,1,1,4,3,1,1,2,2,3,4,3,2,4,2,1,1,1,1,3,1,1,2,1,1,4,2,4,2,1,3,3,1,2,1,2,1,4,4,2,4,1,4,1,2,2,1,4,1,2,3,2,4,1,2,3,2,1,4,2,2,3,2,3,1,2,1,2,3,2,2,2,3,2,4,1,4,2,3,2,2,2,3,2,4,3,1,1,2,1,1,1,2,1,2,3,2,1,1,1,1,2,1,2,3,2,4,1,1,4,4,3,2,4,3,1,3,2,1,2,3,3,3,3,4,3,1,1,1,3,1,2,1,4,4,3,2,4,3,4,4,1,2,1,2,4,4,3,2,1,3,1,4,3,3,1,3,2,2,2,1,4,1,4,1,4,1,1,4,1,1,3,2,4,2,4,2,3,2,2,3,4,4,3,2,2,4,1,2,1,3,3,1,1,4,1,1,2,3,4,4,3,1,1,2,2,4,1,1,4,2,3,4,3,4,3,2,1,3,2,2,2,1,1,3,2,2,3,2,1,2,3,4,3,1,3,4,2,4,3,4,1,3,1,1,2,4,2,2,4,4,3,1,4,2,3,1,4,1,2,3,3,1,4,2,1,3,2,3,1,1,2,1,1,2,1,3,3,2,4,2,2,2,3,2,3,3,2,2,2,2,4,1,1,1,1,2,1,2,1,4,2,2,2,1,1,1,2,4,1,4,2,2,3,4,1,1,1,4,4,2,2,3,3,3,3,1,2,1,2,4,4,2,2,3,2,1,1,1,1,2,3,1,2,3,4,3,4,1,1,3,1,4,4,3,2,1,4,1,2,2,1,2,1,4,1,3,1,1,4,4,1,4,4,1,1,1,3,1,2,1,1,1,1,2,1,3,2,4,4,1,2,4,2,1,1,4,2,4,4,3,3,2,1,2,3,2,1,1,1,2,3,3,4,2,1,4,2,3,2,2,4,4,1,1,2,3,1,2,3,4,2,1,2,1,2,1,4,2,2,3,3,1,4,2,1,2,3,1,1,4,1,3,3,1,2,4,1,4,1,2,1,1,1,2,2,3,3,1,1,4,2,2,4,2,1,1,2,2,1,2,4,3,2,3,3,4,4,1,4,4,3,2,4,3,1,1,3,2,4,2,2,1,1,4,4,2,1,1,3,3,3,3,1,3,2,2,2,2,1,1,3,2,4,4,1,2,3,1,3,1,1,3,1,4,1,1,2,1,3,1,2,2,4,1,1,4,1,4,4,2,1,1,2,3,1,1,1,1,2,3,4,3,2,3,3,1,2,4,2,3,1,2,2,2,4,3,2,2,2,4,1,1,1,2,4,2,1,4,2,1,1,1,2,1,2,1,2,3,3,3,2,4,3,3,1,1,4,2,3,1,4,4,4,3,2,4,3,2,1,3,4,1,2,2,1,2,3,3,1,4,3,3,2,2,1,1,2,3,3,4,4,2,1,1,3,1,1,3,2,3,4,1,3,1,4,2,4,1,1,1,1,4,1,3,1,1,3,1,4,2,2,1,2,2,4,1,2,4,3,1,3,2,1,2,2,3,3,2,1,2,4,1,4,2,1,1,4,1,1,4,4,2,4,2,4,3,2,2,4,3,2,3,1,2,4,3,4,1,3,1,2,4,4,2,2,2,1,2,2,1,4,2,1,2,1,4,2,1,2,4,1,2,1,2,1,1,4,2,1,2,1,2,4,4,3,4,1,2,1,1,2,2,2,2,2,4,4,3,3,2,4,2,3,4,3,2,2,2,3,2,1,3,2,1,1,1,3,1,3,2,3,1,4,3,4,1,1,3,1,3,2,1,3,1,1,2"
123,0.9882627241940299,0.5,2136.0,"4,2,1,1,2,2,3,1,2,1,4,4,4,1,2,2,4,1,1,2,1,2,4,1,3,1,2,2,4,1,1,2,3,3,1,2,4,1,2,4,1,2,2,2,2,2,3,2,1,2,4,4,3,2,1,4,2,2,1,4,4,4,3,1,3,3,3,2,3,2,1,2,2,3,4,2,3,3,3,1,2,1,4,1,2,3,1,2,1,2,1,2,2,2,3,4,1,1,3,1,2,2,3,2,2,4,1,4,2,1,1,1,3,3,1,2,3,4,4,1,3,2,2,3,2,2,3,2,4,1,2,2,1,1,1,2,3,4,2,2,4,3,2,3,4,4,2,1,1,1,1,1,1,3,3,4,2,2,2,1,4,1,1,3,1,3,3,1,1,4,1,2,2,2,1,3,3,1,4,1,3,2,3,2,3,2,1,2,4,1,4,2,3,3,3,3,2,3,1,4,1,4,1,3,4,4,1,3,2,2,2,1,2,1,3,2,2,1,2,1,4,4,3,2,3,1,3,2,4,3,3,2,2,1,1,3,1,3,3,2,2,1,2,3,2,2,3,2,3,3,3,4,1,1,3,1,1,1,4,2,3,4,1,1,2,1,3,2,1,3,4,2,4,1,3,2,4,1,1,4,4,1,1,4,2,2,2,4,2,4,1,1,1,4,1,4,2,1,2,3,2,2,1,2,3,2,4,1,1,1,1,1,1,1,2,3,1,4,2,2,4,2,1,3,2,1,1,3,2,2,3,3,2,3,1,4,1,4,2,1,1,2,3,1,4,2,2,3,3,2,4,2,4,2,3,1,1,2,4,3,4,3,1,2,3,3,4,4,1,3,2,1,2,3,2,3,3,2,1,3,2,4,2,3,3,2,1,1,2,1,1,4,3,3,1,2,3,1,2,2,1,1,2,2,4,1,2,3,4,3,3,2,2,1,1,4,3,2,1,4,3,1,3,3,3,2,1,2,4,3,3,1,1,2,3,1,3,3,2,4,1,2,2,1,3,3,2,1,2,4,2,4,1,3,1,1,1,4,2,1,4,3,3,2,2,1,2,1,4,4,2,2,2,1,1,1,1,4,1,3,1,2,2,3,1,3,4,1,4,1,4,1,1,1,1,2,3,1,1,2,4,2,4,4,2,1,3,1,1,3,3,1,3,1,4,2,4,3,3,1,4,2,4,4,4,2,1,3,1,3,3,3,1,1,2,4,4,1,3,3,2,2,2,3,1,4,1,3,2,1,3,3,4,2,3,3,2,1,2,2,3,4,3,2,1,2,3,1,2,1,4,2,1,4,2,1,4,3,2,1,2,3,1,3,1,2,1,1,1,1,2,1,3,1,1,4,1,3,3,2,2,4,3,4,4,2,4,4,2,1,4,4,4,3,1,2,4,3,3,2,1,3,2,1,4,4,2,2,1,1,3,4,4,2,2,1,4,1,2,3,2,1,3,4,4,3,4,4,1,1,2,3,1,1,1,1,2,2,1,3,1,3,1,4,2,1,1,4,2,4,3,2,1,4,2,3,1,3,2,2,2,1,1,2,2,4,2,2,2,2,2,1,2,3,2,3,1,1,3,4,2,2,2,4,3,3,1,2,2,3,2,3,3,1,2,2,4,4,1,4,4,1,2,4,1,3,3,3,2,3,3,1,1,2,4,3,3,4,2,4,1,2,4,1,4,3,1,1,1,4,4,1,2,2,2,2,2,1,1,1,1,1,1,4,2,2,3,4,4,1,2,3,2,4,1,2,2,3,2,1,1,2,2,1,1,2,3,1,2,1,4,4,1,2,4,2,1,1,2,1,3,3,4,2,2,1,2,4,1,2,2,1,2,1,2,3,1,3,2,3,4,2,1,3,2,3,2,1,2,2,4,4,1,1,4,3,3,2,4,2,4,1,2,3,3,1,3,2,1,3,1,1,2,2,4,2,1,1,1,3,2,4,4,4,1,3,1,4,2,1,3,2,1,1,1,1,4,3,1,1,2,2,3,4,3,2,4,2,1,1,1,1,3,1,1,2,1,1,4,2,4,2,1,3,3,1,2,1,2,1,4,4,2,4,1,4,1,2,2,1,4,1,2,3,2,4,1,2,3,2,1,4,2,2,3,2,3,1,2,1,2,3,2,2,2,3,2,4,1,4,2,3,2,2,2,3,2,4,3,1,1,2,1,1,1,2,1,2,3,2,1,1,1,1,2,1,2,3,2,4,1,1,4,4,3,2,4,3,1,3,2,1,2,3,3,3,3,4,3,1,1,1,3,1,2,1,4,4,3,2,4,3,4,4,1,2,1,2,4,4,3,2,1,3,1,4,3,3,1,3,2,2,2,1,4,1,4,1,4,1,1,4,1,1,3,2,4,2,4,2,3,2,2,3,4,4,3,2,2,4,1,2,1,3,3,1,1,4,1,1,2,3,4,4,3,1,1,2,2,4,1,1,4,2,3,4,3,4,3,2,1,3,2,2,2,1,1,3,2,2,3,2,1,2,3,4,3,1,3,4,2,4,3,4,1,3,1,1,2,4,2,2,4,4,3,1,4,2,3,1,4,1,2,3,3,1,4,2,1,3,2,3,1,1,2,1,1,2,1,3,3,2,4,2,2,2,3,2,3,3,2,2,2,2,4,1,1,1,1,2,1,2,1,4,2,2,2,1,1,1,2,4,1,4,2,2,3,4,1,1,1,4,4,2,2,3,3,3,3,1,2,1,2,4,4,2,2,3,2,1,1,1,1,2,3,1,2,3,4,3,4,1,1,3,1,4,4,3,2,1,4,1,2,2,1,2,1,4,1,3,1,1,4,4,1,4,4,1,1,1,3,1,2,1,1,1,1,2,1,3,2,4,4,1,2,4,2,1,1,4,2,4,4,3,3,2,1,2,3,2,1,1,1,2,3,3,4,2,1,4,2,3,2,2,4,4,1,1,2,3,1,2,3,4,2,1,2,1,2,1,4,2,2,3,3,1,4,2,1,2,3,1,1,4,1,3,3,1,2,4,1,4,1,2,1,1,1,2,2,3,3,1,1,4,2,2,4,2,1,1,2,2,1,2,4,3,2,3,3,4,4,1,4,4,3,2,4,3,1,1,3,2,4,2,2,1,1,4,4,2,1,1,3,3,3,3,1,3,2,2,2,2,1,1,3,2,4,4,1,2,3,1,3,1,1,3,1,4,1,1,2,1,3,1,2,2,4,1,1,4,1,4,4,2,1,1,2,3,1,1,1,1,2,3,4,3,2,3,3,1,2,4,2,3,1,2,2,2,4,3,2,2,2,4,1,1,1,2,4,2,1,4,2,1,1,1,2,1,2,1,2,3,3,3,2,4,3,3,1,1,4,2,3,1,4,4,4,3,2,4,3,2,1,3,4,1,2,2,1,2,3,3,1,4,3,3,2,2,1,1,2,3,3,4,4,2,1,1,3,1,1,3,2,3,4,1,3,1,4,2,4,1,1,1,1,4,1,3,1,1,3,1,4,2,2,1,2,2,4,1,2,4,3,1,3,2,1,2,2,3,3,2,1,2,4,1,4,2,1,1,4,1,1,4,4,2,4,2,4,3,2,2,4,3,2,3,1,2,4,3,4,1,3,1,2,4,4,2,2,2,1,2,2,1,4,2,1,2,1,4,2,1,2,4,1,2,1,2,1,1,4,2,1,2,1,2,4,4,3,4,1,2,1,1,2,2,2,2,2,4,4,3,3,2,4,2,3,4,3,2,2,2,3,2,1,3,2,1,1,1,3,1,3,2,3,1,4,3,4,1,1,3,1,3,2,1,3,1,1,2"
124,0.9882627241940299,0.5,2136.0,"4,2,1,1,2,2,3,1,2,1,4,4,4,1,2,2,4,1,1,2,1,2,4,1,3,1,2,2,4,1,1,2,3,3,1,2,4,1,2,4,1,2,2,2,2,2,3,2,1,2,4,4,3,2,1,4,2,2,1,4,4,4,3,1,3,3,3,2,3,2,1,2,2,3,4,2,3,3,3,1,2,1,4,1,2,3,1,2,1,2,1,2,2,2,3,4,1,1,3,1,2,2,3,2,2,4,1,4,2,1,1,1,3,3,1,2,3,4,4,1,3,2,2,3,2,2,3,2,4,1,2,2,1,1,1,2,3,4,2,2,4,3,2,3,4,4,2,1,1,1,1,1,1,3,3,4,2,2,2,1,4,1,1,3,1,3,3,1,1,4,1,2,2,2,1,3,3,1,4,1,3,2,3,2,3,2,1,2,4,1,4,2,3,3,3,3,2,3,1,4,1,4,1,3,4,4,1,3,2,2,2,1,2,1,3,2,2,1,2,1,4,4,3,2,3,1,3,2,4,3,3,2,2,1,1,3,1,3,3,2,2,1,2,3,2,2,3,2,3,3,3,4,1,1,3,1,1,1,4,2,3,4,1,1,2,1,3,2,1,3,4,2,4,1,3,2,4,1,1,4,4,1,1,4,2,2,2,4,2,4,1,1,1,4,1,4,2,1,2,3,2,2,1,2,3,2,4,1,1,1,1,1,1,1,2,3,1,4,2,2,4,2,1,3,2,1,1,3,2,2,3,3,2,3,1,4,1,4,2,1,1,2,3,1,4,2,2,3,3,2,4,2,4,2,3,1,1,2,4,3,4,3,1,2,3,3,4,4,1,3,2,1,2,3,2,3,3,2,1,3,2,4,2,3,3,2,1,1,2,1,1,4,3,3,1,2,3,1,2,2,1,1,2,2,4,1,2,3,4,3,3,2,2,1,1,4,3,2,1,4,3,1,3,3,3,2,1,2,4,3,3,1,1,2,3,1,3,3,2,4,1,2,2,1,3,3,2,1,2,4,2,4,1,3,1,1,1,4,2,1,4,3,3,2,2,1,2,1,4,4,2,2,2,1,1,1,1,4,1,3,1,2,2,3,1,3,4,1,4,1,4,1,1,1,1,2,3,1,1,2,4,2,4,4,2,1,3,1,1,3,3,1,3,1,4,2,4,3,3,1,4,2,4,4,4,2,1,3,1,3,3,3,1,1,2,4,4,1,3,3,2,2,2,3,1,4,1,3,2,1,3,3,4,2,3,3,2,1,2,2,3,4,3,2,1,2,3,1,2,1,4,2,1,4,2,1,4,3,2,1,2,3,1,3,1,2,1,1,1,1,2,1,3,1,1,4,1,3,3,2,2,4,3,4,4,2,4,4,2,1,4,4,4,3,1,2,4,3,3,2,1,3,2,1,4,4,2,2,1,1,3,4,4,2,2,1,4,1,2,3,2,1,3,4,4,3,4,4,1,1,2,3,1,1,1,1,2,2,1,3,1,3,1,4,2,1,1,4,2,4,3,2,1,4,2,3,1,3,2,2,2,1,1,2,2,4,2,2,2,2,2,1,2,3,2,3,1,1,3,4,2,2,2,4,3,3,1,2,2,3,2,3,3,1,2,2,4,4,1,4,4,1,2,4,1,3,3,3,2,3,3,1,1,2,4,3,3,4,2,4,1,2,4,1,4,3,1,1,1,4,4,1,2,2,2,2,2,1,1,1,1,1,1,4,2,2,3,4,4,1,2,3,2,4,1,2,2,3,2,1,1,2,2,1,1,2,3,1,2,1,4,4,1,2,4,2,1,1,2,1,3,3,4,2,2,1,2,4,1,2,2,1,2,1,2,3,1,3,2,3,4,2,1,3,2,3,2,1,2,2,4,4,1,1,4,3,3,2,4,2,4,1,2,3,3,1,3,2,1,3,1,1,2,2,4,2,1,1,1,3,2,4,4,4,1,3,1,4,2,1,3,2,1,1,1,1,4,3,1,1,2,2,3,4,3,2,4,2,1,1,1,1,3,1,1,2,1,1,4,2,4,2,1,3,3,1,2,1,2,1,4,4,2,4,1,4,1,2,2,1,4,1,2,3,2,4,1,2,3,2,1,4,2,2,3,2,3,1,2,1,2,3,2,2,2,3,2,4,1,4,2,3,2,2,2,3,2,4,3,1,1,2,1,1,1,2,1,2,3,2,1,1,1,1,2,1,2,3,2,4,1,1,4,4,3,2,4,3,1,3,2,1,2,3,3,3,3,4,3,1,1,1,3,1,2,1,4,4,3,2,4,3,4,4,1,2,1,2,4,4,3,2,1,3,1,4,3,3,1,3,2,2,2,1,4,1,4,1,4,1,1,4,1,1,3,2,4,2,4,2,3,2,2,3,4,4,3,2,2,4,1,2,1,3,3,1,1,4,1,1,2,3,4,4,3,1,1,2,2,4,1,1,4,2,3,4,3,4,3,2,1,3,2,2,2,1,1,3,2,2,3,2,1,2,3,4,3,1,3,4,2,4,3,4,1,3,1,1,2,4,2,2,4,4,3,1,4,2,3,1,4,1,2,3,3,1,4,2,1,3,2,3,1,1,2,1,1,2,1,3,3,2,4,2,2,2,3,2,3,3,2,2,2,2,4,1,1,1,1,2,1,2,1,4,2,2,2,1,1,1,2,4,1,4,2,2,3,4,1,1,1,4,4,2,2,3,3,3,3,1,2,1,2,4,4,2,2,3,2,1,1,1,1,2,3,1,2,3,4,3,4,1,1,3,1,4,4,3,2,1,4,1,2,2,1,2,1,4,1,3,1,1,4,4,1,4,4,1,1,1,3,1,2,1,1,1,1,2,1,3,2,4,4,1,2,4,2,1,1,4,2,4,4,3,3,2,1,2,3,2,1,1,1,2,3,3,4,2,1,4,2,3,2,2,4,4,1,1,2,3,1,2,3,4,2,1,2,1,2,1,4,2,2,3,3,1,4,2,1,2,3,1,1,4,1,3,3,1,2,4,1,4,1,2,1,1,1,2,2,3,3,1,1,4,2,2,4,2,1,1,2,2,1,2,4,3,2,3,3,4,4,1,4,4,3,2,4,3,1,1,3,2,4,2,2,1,1,4,4,2,1,1,3,3,3,3,1,3,2,2,2,2,1,1,3,2,4,4,1,2,3,1,3,1,1,3,1,4,1,1,2,1,3,1,2,2,4,1,1,4,1,4,4,2,1,1,2,3,1,1,1,1,2,3,4,3,2,3,3,1,2,4,2,3,1,2,2,2,4,3,2,2,2,4,1,1,1,2,4,2,1,4,2,1,1,1,2,1,2,1,2,3,3,3,2,4,3,3,1,1,4,2,3,1,4,4,4,3,2,4,3,2,1,3,4,1,2,2,1,2,3,3,1,4,3,3,2,2,1,1,2,3,3,4,4,2,1,1,3,1,1,3,2,3,4,1,3,1,4,2,4,1,1,1,1,4,1,3,1,1,3,1,4,2,2,1,2,2,4,1,2,4,3,1,3,2,1,2,2,3,3,2,1,2,4,1,4,2,1,1,4,1,1,4,4,2,4,2,4,3,2,2,4,3,2,3,1,2,4,3,4,1,3,1,2,4,4,2,2,2,1,2,2,1,4,2,1,2,1,4,2,1,2,4,1,2,1,2,1,1,4,2,1,2,1,2,4,4,3,4,1,2,1,1,2,2,2,2,2,4,4,3,3,2,4,2,3,4,3,2,2,2,3,2,1,3,2,1,1,1,3,1,3,2,3,1,4,3,4,1,1,3,1,3,2,1,3,1,1,2"
125,0.9882627241940299,0.5,2136.0,"4,2,1,1,2,2,3,1,2,1,4,4,4,1,2,2,4,1,1,2,1,2,4,1,3,1,2,2,4,1,1,2,3,3,1,2,4,1,2,4,1,2,2,2,2,2,3,2,1,2,4,4,3,2,1,4,2,2,1,4,4,4,3,1,3,3,3,2,3,2,1,2,2,3,4,2,3,3,3,1,2,1,4,1,2,3,1,2,1,2,1,2,2,2,3,4,1,1,3,1,2,2,3,2,2,4,1,4,2,1,1,1,3,3,1,2,3,4,4,1,3,2,2,3,2,2,3,2,4,1,2,2,1,1,1,2,3,4,2,2,4,3,2,3,4,4,2,1,1,1,1,1,1,3,3,4,2,2,2,1,4,1,1,3,1,3,3,1,1,4,1,2,2,2,1,3,3,1,4,1,3,2,3,2,3,2,1,2,4,1,4,2,3,3,3,3,2,3,1,4,1,4,1,3,4,4,1,3,2,2,2,1,2,1,3,2,2,1,2,1,4,4,3,2,3,1,3,2,4,3,3,2,2,1,1,3,1,3,3,2,2,1,2,3,2,2,3,2,3,3,3,4,1,1,3,1,1,1,4,2,3,4,1,1,2,1,3,2,1,3,4,2,4,1,3,2,4,1,1,4,4,1,1,4,2,2,2,4,2,4,1,1,1,4,1,4,2,1,2,3,2,2,1,2,3,2,4,1,1,1,1,1,1,1,2,3,1,4,2,2,4,2,1,3,2,1,1,3,2,2,3,3,2,3,1,4,1,4,2,1,1,2,3,1,4,2,2,3,3,2,4,2,4,2,3,1,1,2,4,3,4,3,1,2,3,3,4,4,1,3,2,1,2,3,2,3,3,2,1,3,2,4,2,3,3,2,1,1,2,1,1,4,3,3,1,2,3,1,2,2,1,1,2,2,4,1,2,3,4,3,3,2,2,1,1,4,3,2,1,4,3,1,3,3,3,2,1,2,4,3,3,1,1,2,3,1,3,3,2,4,1,2,2,1,3,3,2,1,2,4,2,4,1,3,1,1,1,4,2,1,4,3,3,2,2,1,2,1,4,4,2,2,2,1,1,1,1,4,1,3,1,2,2,3,1,3,4,1,4,1,4,1,1,1,1,2,3,1,1,2,4,2,4,4,2,1,3,1,1,3,3,1,3,1,4,2,4,3,3,1,4,2,4,4,4,2,1,3,1,3,3,3,1,1,2,4,4,1,3,3,2,2,2,3,1,4,1,3,2,1,3,3,4,2,3,3,2,1,2,2,3,4,3,2,1,2,3,1,2,1,4,2,1,4,2,1,4,3,2,1,2,3,1,3,1,2,1,1,1,1,2,1,3,1,1,4,1,3,3,2,2,4,3,4,4,2,4,4,2,1,4,4,4,3,1,2,4,3,3,2,1,3,2,1,4,4,2,2,1,1,3,4,4,2,2,1,4,1,2,3,2,1,3,4,4,3,4,4,1,1,2,3,1,1,1,1,2,2,1,3,1,3,1,4,2,1,1,4,2,4,3,2,1,4,2,3,1,3,2,2,2,1,1,2,2,4,2,2,2,2,2,1,2,3,2,3,1,1,3,4,2,2,2,4,3,3,1,2,2,3,2,3,3,1,2,2,4,4,1,4,4,1,2,4,1,3,3,3,2,3,3,1,1,2,4,3,3,4,2,4,1,2,4,1,4,3,1,1,1,4,4,1,2,2,2,2,2,1,1,1,1,1,1,4,2,2,3,4,4,1,2,3,2,4,1,2,2,3,2,1,1,2,2,1,1,2,3,1,2,1,4,4,1,2,4,2,1,1,2,1,3,3,4,2,2,1,2,4,1,2,2,1,2,1,2,3,1,3,2,3,4,2,1,3,2,3,2,1,2,2,4,4,1,1,4,3,3,2,4,2,4,1,2,3,3,1,3,2,1,3,1,1,2,2,4,2,1,1,1,3,2,4,4,4,1,3,1,4,2,1,3,2,1,1,1,1,4,3,1,1,2,2,3,4,3,2,4,2,1,1,1,1,3,1,1,2,1,1,4,2,4,2,1,3,3,1,2,1,2,1,4,4,2,4,1,4,1,2,2,1,4,1,2,3,2,4,1,2,3,2,1,4,2,2,3,2,3,1,2,1,2,3,2,2,2,3,2,4,1,4,2,3,2,2,2,3,2,4,3,1,1,2,1,1,1,2,1,2,3,2,1,1,1,1,2,1,2,3,2,4,1,1,4,4,3,2,4,3,1,3,2,1,2,3,3,3,3,4,3,1,1,1,3,1,2,1,4,4,3,2,4,3,4,4,1,2,1,2,4,4,3,2,1,3,1,4,3,3,1,3,2,2,2,1,4,1,4,1,4,1,1,4,1,1,3,2,4,2,4,2,3,2,2,3,4,4,3,2,2,4,1,2,1,3,3,1,1,4,1,1,2,3,4,4,3,1,1,2,2,4,1,1,4,2,3,4,3,4,3,2,1,3,2,2,2,1,1,3,2,2,3,2,1,2,3,4,3,1,3,4,2,4,3,4,1,3,1,1,2,4,2,2,4,4,3,1,4,2,3,1,4,1,2,3,3,1,4,2,1,3,2,3,1,1,2,1,1,2,1,3,3,2,4,2,2,2,3,2,3,3,2,2,2,2,4,1,1,1,1,2,1,2,1,4,2,2,2,1,1,1,2,4,1,4,2,2,3,4,1,1,1,4,4,2,2,3,3,3,3,1,2,1,2,4,4,2,2,3,2,1,1,1,1,2,3,1,2,3,4,3,4,1,1,3,1,4,4,3,2,1,4,1,2,2,1,2,1,4,1,3,1,1,4,4,1,4,4,1,1,1,3,1,2,1,1,1,1,2,1,3,2,4,4,1,2,4,2,1,1,4,2,4,4,3,3,2,1,2,3,2,1,1,1,2,3,3,4,2,1,4,2,3,2,2,4,4,1,1,2,3,1,2,3,4,2,1,2,1,2,1,4,2,2,3,3,1,4,2,1,2,3,1,1,4,1,3,3,1,2,4,1,4,1,2,1,1,1,2,2,3,3,1,1,4,2,2,4,2,1,1,2,2,1,2,4,3,2,3,3,4,4,1,4,4,3,2,4,3,1,1,3,2,4,2,2,1,1,4,4,2,1,1,3,3,3,3,1,3,2,2,2,2,1,1,3,2,4,4,1,2,3,1,3,1,1,3,1,4,1,1,2,1,3,1,2,2,4,1,1,4,1,4,4,2,1,1,2,3,1,1,1,1,2,3,4,3,2,3,3,1,2,4,2,3,1,2,2,2,4,3,2,2,2,4,1,1,1,2,4,2,1,4,2,1,1,1,2,1,2,1,2,3,3,3,2,4,3,3,1,1,4,2,3,1,4,4,4,3,2,4,3,2,1,3,4,1,2,2,1,2,3,3,1,4,3,3,2,2,1,1,2,3,3,4,4,2,1,1,3,1,1,3,2,3,4,1,3,1,4,2,4,1,1,1,1,4,1,3,1,1,3,1,4,2,2,1,2,2,4,1,2,4,3,1,3,2,1,2,2,3,3,2,1,2,4,1,4,2,1,1,4,1,1,4,4,2,4,2,4,3,2,2,4,3,2,3,1,2,4,3,4,1,3,1,2,4,4,2,2,2,1,2,2,1,4,2,1,2,1,4,2,1,2,4,1,2,1,2,1,1,4,2,1,2,1,2,4,4,3,4,1,2,1,1,2,2,2,2,2,4,4,3,3,2,4,2,3,4,3,2,2,2,3,2,1,3,2,1,1,1,3,1,3,2,3,1,4,3,4,1,1,3,1,3,2,1,3,1,1,2"
126,0.9882627241940299,0.5,2136.0,"4,2,1,1,2,2,3,1,2,1,4,4,4,1,2,2,4,1,1,2,1,2,4,1,3,1,2,2,4,1,1,2,3,3,1,2,4,1,2,4,1,2,2,2,2,2,3,2,1,2,4,4,3,2,1,4,2,2,1,4,4,4,3,1,3,3,3,2,3,2,1,2,2,3,4,2,3,3,3,1,2,1,4,1,2,3,1,2,1,2,1,2,2,2,3,4,1,1,3,1,2,2,3,2,2,4,1,4,2,1,1,1,3,3,1,2,3,4,4,1,3,2,2,3,2,2,3,2,4,1,2,2,1,1,1,2,3,4,2,2,4,3,2,3,4,4,2,1,1,1,1,1,1,3,3,4,2,2,2,1,4,1,1,3,1,3,3,1,1,4,1,2,2,2,1,3,3,1,4,1,3,2,3,2,3,2,1,2,4,1,4,2,3,3,3,3,2,3,1,4,1,4,1,3,4,4,1,3,2,2,2,1,2,1,3,2,2,1,2,1,4,4,3,2,3,1,3,2,4,3,3,2,2,1,1,3,1,3,3,2,2,1,2,3,2,2,3,2,3,3,3,4,1,1,3,1,1,1,4,2,3,4,1,1,2,1,3,2,1,3,4,2,4,1,3,2,4,1,1,4,4,1,1,4,2,2,2,4,2,4,1,1,1,4,1,4,2,1,2,3,2,2,1,2,3,2,4,1,1,1,1,1,1,1,2,3,1,4,2,2,4,2,1,3,2,1,1,3,2,2,3,3,2,3,1,4,1,4,2,1,1,2,3,1,4,2,2,3,3,2,4,2,4,2,3,1,1,2,4,3,4,3,1,2,3,3,4,4,1,3,2,1,2,3,2,3,3,2,1,3,2,4,2,3,3,2,1,1,2,1,1,4,3,3,1,2,3,1,2,2,1,1,2,2,4,1,2,3,4,3,3,2,2,1,1,4,3,2,1,4,3,1,3,3,3,2,1,2,4,3,3,1,1,2,3,1,3,3,2,4,1,2,2,1,3,3,2,1,2,4,2,4,1,3,1,1,1,4,2,1,4,3,3,2,2,1,2,1,4,4,2,2,2,1,1,1,1,4,1,3,1,2,2,3,1,3,4,1,4,1,4,1,1,1,1,2,3,1,1,2,4,2,4,4,2,1,3,1,1,3,3,1,3,1,4,2,4,3,3,1,4,2,4,4,4,2,1,3,1,3,3,3,1,1,2,4,4,1,3,3,2,2,2,3,1,4,1,3,2,1,3,3,4,2,3,3,2,1,2,2,3,4,3,2,1,2,3,1,2,1,4,2,1,4,2,1,4,3,2,1,2,3,1,3,1,2,1,1,1,1,2,1,3,1,1,4,1,3,3,2,2,4,3,4,4,2,4,4,2,1,4,4,4,3,1,2,4,3,3,2,1,3,2,1,4,4,2,2,1,1,3,4,4,2,2,1,4,1,2,3,2,1,3,4,4,3,4,4,1,1,2,3,1,1,1,1,2,2,1,3,1,3,1,4,2,1,1,4,2,4,3,2,1,4,2,3,1,3,2,2,2,1,1,2,2,4,2,2,2,2,2,1,2,3,2,3,1,1,3,4,2,2,2,4,3,3,1,2,2,3,2,3,3,1,2,2,4,4,1,4,4,1,2,4,1,3,3,3,2,3,3,1,1,2,4,3,3,4,2,4,1,2,4,1,4,3,1,1,1,4,4,1,2,2,2,2,2,1,1,1,1,1,1,4,2,2,3,4,4,1,2,3,2,4,1,2,2,3,2,1,1,2,2,1,1,2,3,1,2,1,4,4,1,2,4,2,1,1,2,1,3,3,4,2,2,1,2,4,1,2,2,1,2,1,2,3,1,3,2,3,4,2,1,3,2,3,2,1,2,2,4,4,1,1,4,3,3,2,4,2,4,1,2,3,3,1,3,2,1,3,1,1,2,2,4,2,1,1,1,3,2,4,4,4,1,3,1,4,2,1,3,2,1,1,1,1,4,3,1,1,2,2,3,4,3,2,4,2,1,1,1,1,3,1,1,2,1,1,4,2,4,2,1,3,3,1,2,1,2,1,4,4,2,4,1,4,1,2,2,1,4,1,2,3,2,4,1,2,3,2,1,4,2,2,3,2,3,1,2,1,2,3,2,2,2,3,2,4,1,4,2,3,2,2,2,3,2,4,3,1,1,2,1,1,1,2,1,2,3,2,1,1,1,1,2,1,2,3,2,4,1,1,4,4,3,2,4,3,1,3,2,1,2,3,3,3,3,4,3,1,1,1,3,1,2,1,4,4,3,2,4,3,4,4,1,2,1,2,4,4,3,2,1,3,1,4,3,3,1,3,2,2,2,1,4,1,4,1,4,1,1,4,1,1,3,2,4,2,4,2,3,2,2,3,4,4,3,2,2,4,1,2,1,3,3,1,1,4,1,1,2,3,4,4,3,1,1,2,2,4,1,1,4,2,3,4,3,4,3,2,1,3,2,2,2,1,1,3,2,2,3,2,1,2,3,4,3,1,3,4,2,4,3,4,1,3,1,1,2,4,2,2,4,4,3,1,4,2,3,1,4,1,2,3,3,1,4,2,1,3,2,3,1,1,2,1,1,2,1,3,3,2,4,2,2,2,3,2,3,3,2,2,2,2,4,1,1,1,1,2,1,2,1,4,2,2,2,1,1,1,2,4,1,4,2,2,3,4,1,1,1,4,4,2,2,3,3,3,3,1,2,1,2,4,4,2,2,3,2,1,1,1,1,2,3,1,2,3,4,3,4,1,1,3,1,4,4,3,2,1,4,1,2,2,1,2,1,4,1,3,1,1,4,4,1,4,4,1,1,1,3,1,2,1,1,1,1,2,1,3,2,4,4,1,2,4,2,1,1,4,2,4,4,3,3,2,1,2,3,2,1,1,1,2,3,3,4,2,1,4,2,3,2,2,4,4,1,1,2,3,1,2,3,4,2,1,2,1,2,1,4,2,2,3,3,1,4,2,1,2,3,1,1,4,1,3,3,1,2,4,1,4,1,2,1,1,1,2,2,3,3,1,1,4,2,2,4,2,1,1,2,2,1,2,4,3,2,3,3,4,4,1,4,4,3,2,4,3,1,1,3,2,4,2,2,1,1,4,4,2,1,1,3,3,3,3,1,3,2,2,2,2,1,1,3,2,4,4,1,2,3,1,3,1,1,3,1,4,1,1,2,1,3,1,2,2,4,1,1,4,1,4,4,2,1,1,2,3,1,1,1,1,2,3,4,3,2,3,3,1,2,4,2,3,1,2,2,2,4,3,2,2,2,4,1,1,1,2,4,2,1,4,2,1,1,1,2,1,2,1,2,3,3,3,2,4,3,3,1,1,4,2,3,1,4,4,4,3,2,4,3,2,1,3,4,1,2,2,1,2,3,3,1,4,3,3,2,2,1,1,2,3,3,4,4,2,1,1,3,1,1,3,2,3,4,1,3,1,4,2,4,1,1,1,1,4,1,3,1,1,3,1,4,2,2,1,2,2,4,1,2,4,3,1,3,2,1,2,2,3,3,2,1,2,4,1,4,2,1,1,4,1,1,4,4,2,4,2,4,3,2,2,4,3,2,3,1,2,4,3,4,1,3,1,2,4,4,2,2,2,1,2,2,1,4,2,1,2,1,4,2,1,2,4,1,2,1,2,1,1,4,2,1,2,1,2,4,4,3,4,1,2,1,1,2,2,2,2,2,4,4,3,3,2,4,2,3,4,3,2,2,2,3,2,1,3,2,1,1,1,3,1,3,2,3,1,4,3,4,1,1,3,1,3,2,1,3,1,1,2"
127,0.9882627241940299,0.5,2136.0,"4,2,1,1,2,2,3,1,2,1,4,4,4,1,2,2,4,1,1,2,1,2,4,1,3,1,2,2,4,1,1,2,3,3,1,2,4,1,2,4,1,2,2,2,2,2,3,2,1,2,4,4,3,2,1,4,2,2,1,4,4,4,3,1,3,3,3,2,3,2,1,2,2,3,4,2,3,3,3,1,2,1,4,1,2,3,1,2,1,2,1,2,2,2,3,4,1,1,3,1,2,2,3,2,2,4,1,4,2,1,1,1,3,3,1,2,3,4,4,1,3,2,2,3,2,2,3,2,4,1,2,2,1,1,1,2,3,4,2,2,4,3,2,3,4,4,2,1,1,1,1,1,1,3,3,4,2,2,2,1,4,1,1,3,1,3,3,1,1,4,1,2,2,2,1,3,3,1,4,1,3,2,3,2,3,2,1,2,4,1,4,2,3,3,3,3,2,3,1,4,1,4,1,3,4,4,1,3,2,2,2,1,2,1,3,2,2,1,2,1,4,4,3,2,3,1,3,2,4,3,3,2,2,1,1,3,1,3,3,2,2,1,2,3,2,2,3,2,3,3,3,4,1,1,3,1,1,1,4,2,3,4,1,1,2,1,3,2,1,3,4,2,4,1,3,2,4,1,1,4,4,1,1,4,2,2,2,4,2,4,1,1,1,4,1,4,2,1,2,3,2,2,1,2,3,2,4,1,1,1,1,1,1,1,2,3,1,4,2,2,4,2,1,3,2,1,1,3,2,2,3,3,2,3,1,4,1,4,2,1,1,2,3,1,4,2,2,3,3,2,4,2,4,2,3,1,1,2,4,3,4,3,1,2,3,3,4,4,1,3,2,1,2,3,2,3,3,2,1,3,2,4,2,3,3,2,1,1,2,1,1,4,3,3,1,2,3,1,2,2,1,1,2,2,4,1,2,3,4,3,3,2,2,1,1,4,3,2,1,4,3,1,3,3,3,2,1,2,4,3,3,1,1,2,3,1,3,3,2,4,1,2,2,1,3,3,2,1,2,4,2,4,1,3,1,1,1,4,2,1,4,3,3,2,2,1,2,1,4,4,2,2,2,1,1,1,1,4,1,3,1,2,2,3,1,3,4,1,4,1,4,1,1,1,1,2,3,1,1,2,4,2,4,4,2,1,3,1,1,3,3,1,3,1,4,2,4,3,3,1,4,2,4,4,4,2,1,3,1,3,3,3,1,1,2,4,4,1,3,3,2,2,2,3,1,4,1,3,2,1,3,3,4,2,3,3,2,1,2,2,3,4,3,2,1,2,3,1,2,1,4,2,1,4,2,1,4,3,2,1,2,3,1,3,1,2,1,1,1,1,2,1,3,1,1,4,1,3,3,2,2,4,3,4,4,2,4,4,2,1,4,4,4,3,1,2,4,3,3,2,1,3,2,1,4,4,2,2,1,1,3,4,4,2,2,1,4,1,2,3,2,1,3,4,4,3,4,4,1,1,2,3,1,1,1,1,2,2,1,3,1,3,1,4,2,1,1,4,2,4,3,2,1,4,2,3,1,3,2,2,2,1,1,2,2,4,2,2,2,2,2,1,2,3,2,3,1,1,3,4,2,2,2,4,3,3,1,2,2,3,2,3,3,1,2,2,4,4,1,4,4,1,2,4,1,3,3,3,2,3,3,1,1,2,4,3,3,4,2,4,1,2,4,1,4,3,1,1,1,4,4,1,2,2,2,2,2,1,1,1,1,1,1,4,2,2,3,4,4,1,2,3,2,4,1,2,2,3,2,1,1,2,2,1,1,2,3,1,2,1,4,4,1,2,4,2,1,1,2,1,3,3,4,2,2,1,2,4,1,2,2,1,2,1,2,3,1,3,2,3,4,2,1,3,2,3,2,1,2,2,4,4,1,1,4,3,3,2,4,2,4,1,2,3,3,1,3,2,1,3,1,1,2,2,4,2,1,1,1,3,2,4,4,4,1,3,1,4,2,1,3,2,1,1,1,1,4,3,1,1,2,2,3,4,3,2,4,2,1,1,1,1,3,1,1,2,1,1,4,2,4,2,1,3,3,1,2,1,2,1,4,4,2,4,1,4,1,2,2,1,4,1,2,3,2,4,1,2,3,2,1,4,2,2,3,2,3,1,2,1,2,3,2,2,2,3,2,4,1,4,2,3,2,2,2,3,2,4,3,1,1,2,1,1,1,2,1,2,3,2,1,1,1,1,2,1,2,3,2,4,1,1,4,4,3,2,4,3,1,3,2,1,2,3,3,3,3,4,3,1,1,1,3,1,2,1,4,4,3,2,4,3,4,4,1,2,1,2,4,4,3,2,1,3,1,4,3,3,1,3,2,2,2,1,4,1,4,1,4,1,1,4,1,1,3,2,4,2,4,2,3,2,2,3,4,4,3,2,2,4,1,2,1,3,3,1,1,4,1,1,2,3,4,4,3,1,1,2,2,4,1,1,4,2,3,4,3,4,3,2,1,3,2,2,2,1,1,3,2,2,3,2,1,2,3,4,3,1,3,4,2,4,3,4,1,3,1,1,2,4,2,2,4,4,3,1,4,2,3,1,4,1,2,3,3,1,4,2,1,3,2,3,1,1,2,1,1,2,1,3,3,2,4,2,2,2,3,2,3,3,2,2,2,2,4,1,1,1,1,2,1,2,1,4,2,2,2,1,1,1,2,4,1,4,2,2,3,4,1,1,1,4,4,2,2,3,3,3,3,1,2,1,2,4,4,2,2,3,2,1,1,1,1,2,3,1,2,3,4,3,4,1,1,3,1,4,4,3,2,1,4,1,2,2,1,2,1,4,1,3,1,1,4,4,1,4,4,1,1,1,3,1,2,1,1,1,1,2,1,3,2,4,4,1,2,4,2,1,1,4,2,4,4,3,3,2,1,2,3,2,1,1,1,2,3,3,4,2,1,4,2,3,2,2,4,4,1,1,2,3,1,2,3,4,2,1,2,1,2,1,4,2,2,3,3,1,4,2,1,2,3,1,1,4,1,3,3,1,2,4,1,4,1,2,1,1,1,2,2,3,3,1,1,4,2,2,4,2,1,1,2,2,1,2,4,3,2,3,3,4,4,1,4,4,3,2,4,3,1,1,3,2,4,2,2,1,1,4,4,2,1,1,3,3,3,3,1,3,2,2,2,2,1,1,3,2,4,4,1,2,3,1,3,1,1,3,1,4,1,1,2,1,3,1,2,2,4,1,1,4,1,4,4,2,1,1,2,3,1,1,1,1,2,3,4,3,2,3,3,1,2,4,2,3,1,2,2,2,4,3,2,2,2,4,1,1,1,2,4,2,1,4,2,1,1,1,2,1,2,1,2,3,3,3,2,4,3,3,1,1,4,2,3,1,4,4,4,3,2,4,3,2,1,3,4,1,2,2,1,2,3,3,1,4,3,3,2,2,1,1,2,3,3,4,4,2,1,1,3,1,1,3,2,3,4,1,3,1,4,2,4,1,1,1,1,4,1,3,1,1,3,1,4,2,2,1,2,2,4,1,2,4,3,1,3,2,1,2,2,3,3,2,1,2,4,1,4,2,1,1,4,1,1,4,4,2,4,2,4,3,2,2,4,3,2,3,1,2,4,3,4,1,3,1,2,4,4,2,2,2,1,2,2,1,4,2,1,2,1,4,2,1,2,4,1,2,1,2,1,1,4,2,1,2,1,2,4,4,3,4,1,2,1,1,2,2,2,2,2,4,4,3,3,2,4,2,3,4,3,2,2,2,3,2,1,3,2,1,1,1,3,1,3,2,3,1,4,3,4,1,1,3,1,3,2,1,3,1,1,2"
128,0.9882627241940299,0.5,2136.0,"4,2,1,1,2,2,3,1,2,1,4,4,4,1,2,2,4,1,1,2,1,2,4,1,3,1,2,2,4,1,1,2,3,3,1,2,4,1,2,4,1,2,2,2,2,2,3,2,1,2,4,4,3,2,1,4,2,2,1,4,4,4,3,1,3,3,3,2,3,2,1,2,2,3,4,2,3,3,3,1,2,1,4,1,2,3,1,2,1,2,1,2,2,2,3,4,1,1,3,1,2,2,3,2,2,4,1,4,2,1,1,1,3,3,1,2,3,4,4,1,3,2,2,3,2,2,3,2,4,1,2,2,1,1,1,2,3,4,2,2,4,3,2,3,4,4,2,1,1,1,1,1,1,3,3,4,2,2,2,1,4,1,1,3,1,3,3,1,1,4,1,2,2,2,1,3,3,1,4,1,3,2,3,2,3,2,1,2,4,1,4,2,3,3,3,3,2,3,1,4,1,4,1,3,4,4,1,3,2,2,2,1,2,1,3,2,2,1,2,1,4,4,3,2,3,1,3,2,4,3,3,2,2,1,1,3,1,3,3,2,2,1,2,3,2,2,3,2,3,3,3,4,1,1,3,1,1,1,4,2,3,4,1,1,2,1,3,2,1,3,4,2,4,1,3,2,4,1,1,4,4,1,1,4,2,2,2,4,2,4,1,1,1,4,1,4,2,1,2,3,2,2,1,2,3,2,4,1,1,1,1,1,1,1,2,3,1,4,2,2,4,2,1,3,2,1,1,3,2,2,3,3,2,3,1,4,1,4,2,1,1,2,3,1,4,2,2,3,3,2,4,2,4,2,3,1,1,2,4,3,4,3,1,2,3,3,4,4,1,3,2,1,2,3,2,3,3,2,1,3,2,4,2,3,3,2,1,1,2,1,1,4,3,3,1,2,3,1,2,2,1,1,2,2,4,1,2,3,4,3,3,2,2,1,1,4,3,2,1,4,3,1,3,3,3,2,1,2,4,3,3,1,1,2,3,1,3,3,2,4,1,2,2,1,3,3,2,1,2,4,2,4,1,3,1,1,1,4,2,1,4,3,3,2,2,1,2,1,4,4,2,2,2,1,1,1,1,4,1,3,1,2,2,3,1,3,4,1,4,1,4,1,1,1,1,2,3,1,1,2,4,2,4,4,2,1,3,1,1,3,3,1,3,1,4,2,4,3,3,1,4,2,4,4,4,2,1,3,1,3,3,3,1,1,2,4,4,1,3,3,2,2,2,3,1,4,1,3,2,1,3,3,4,2,3,3,2,1,2,2,3,4,3,2,1,2,3,1,2,1,4,2,1,4,2,1,4,3,2,1,2,3,1,3,1,2,1,1,1,1,2,1,3,1,1,4,1,3,3,2,2,4,3,4,4,2,4,4,2,1,4,4,4,3,1,2,4,3,3,2,1,3,2,1,4,4,2,2,1,1,3,4,4,2,2,1,4,1,2,3,2,1,3,4,4,3,4,4,1,1,2,3,1,1,1,1,2,2,1,3,1,3,1,4,2,1,1,4,2,4,3,2,1,4,2,3,1,3,2,2,2,1,1,2,2,4,2,2,2,2,2,1,2,3,2,3,1,1,3,4,2,2,2,4,3,3,1,2,2,3,2,3,3,1,2,2,4,4,1,4,4,1,2,4,1,3,3,3,2,3,3,1,1,2,4,3,3,4,2,4,1,2,4,1,4,3,1,1,1,4,4,1,2,2,2,2,2,1,1,1,1,1,1,4,2,2,3,4,4,1,2,3,2,4,1,2,2,3,2,1,1,2,2,1,1,2,3,1,2,1,4,4,1,2,4,2,1,1,2,1,3,3,4,2,2,1,2,4,1,2,2,1,2,1,2,3,1,3,2,3,4,2,1,3,2,3,2,1,2,2,4,4,1,1,4,3,3,2,4,2,4,1,2,3,3,1,3,2,1,3,1,1,2,2,4,2,1,1,1,3,2,4,4,4,1,3,1,4,2,1,3,2,1,1,1,1,4,3,1,1,2,2,3,4,3,2,4,2,1,1,1,1,3,1,1,2,1,1,4,2,4,2,1,3,3,1,2,1,2,1,4,4,2,4,1,4,1,2,2,1,4,1,2,3,2,4,1,2,3,2,1,4,2,2,3,2,3,1,2,1,2,3,2,2,2,3,2,4,1,4,2,3,2,2,2,3,2,4,3,1,1,2,1,1,1,2,1,2,3,2,1,1,1,1,2,1,2,3,2,4,1,1,4,4,3,2,4,3,1,3,2,1,2,3,3,3,3,4,3,1,1,1,3,1,2,1,4,4,3,2,4,3,4,4,1,2,1,2,4,4,3,2,1,3,1,4,3,3,1,3,2,2,2,1,4,1,4,1,4,1,1,4,1,1,3,2,4,2,4,2,3,2,2,3,4,4,3,2,2,4,1,2,1,3,3,1,1,4,1,1,2,3,4,4,3,1,1,2,2,4,1,1,4,2,3,4,3,4,3,2,1,3,2,2,2,1,1,3,2,2,3,2,1,2,3,4,3,1,3,4,2,4,3,4,1,3,1,1,2,4,2,2,4,4,3,1,4,2,3,1,4,1,2,3,3,1,4,2,1,3,2,3,1,1,2,1,1,2,1,3,3,2,4,2,2,2,3,2,3,3,2,2,2,2,4,1,1,1,1,2,1,2,1,4,2,2,2,1,1,1,2,4,1,4,2,2,3,4,1,1,1,4,4,2,2,3,3,3,3,1,2,1,2,4,4,2,2,3,2,1,1,1,1,2,3,1,2,3,4,3,4,1,1,3,1,4,4,3,2,1,4,1,2,2,1,2,1,4,1,3,1,1,4,4,1,4,4,1,1,1,3,1,2,1,1,1,1,2,1,3,2,4,4,1,2,4,2,1,1,4,2,4,4,3,3,2,1,2,3,2,1,1,1,2,3,3,4,2,1,4,2,3,2,2,4,4,1,1,2,3,1,2,3,4,2,1,2,1,2,1,4,2,2,3,3,1,4,2,1,2,3,1,1,4,1,3,3,1,2,4,1,4,1,2,1,1,1,2,2,3,3,1,1,4,2,2,4,2,1,1,2,2,1,2,4,3,2,3,3,4,4,1,4,4,3,2,4,3,1,1,3,2,4,2,2,1,1,4,4,2,1,1,3,3,3,3,1,3,2,2,2,2,1,1,3,2,4,4,1,2,3,1,3,1,1,3,1,4,1,1,2,1,3,1,2,2,4,1,1,4,1,4,4,2,1,1,2,3,1,1,1,1,2,3,4,3,2,3,3,1,2,4,2,3,1,2,2,2,4,3,2,2,2,4,1,1,1,2,4,2,1,4,2,1,1,1,2,1,2,1,2,3,3,3,2,4,3,3,1,1,4,2,3,1,4,4,4,3,2,4,3,2,1,3,4,1,2,2,1,2,3,3,1,4,3,3,2,2,1,1,2,3,3,4,4,2,1,1,3,1,1,3,2,3,4,1,3,1,4,2,4,1,1,1,1,4,1,3,1,1,3,1,4,2,2,1,2,2,4,1,2,4,3,1,3,2,1,2,2,3,3,2,1,2,4,1,4,2,1,1,4,1,1,4,4,2,4,2,4,3,2,2,4,3,2,3,1,2,4,3,4,1,3,1,2,4,4,2,2,2,1,2,2,1,4,2,1,2,1,4,2,1,2,4,1,2,1,2,1,1,4,2,1,2,1,2,4,4,3,4,1,2,1,1,2,2,2,2,2,4,4,3,3,2,4,2,3,4,3,2,2,2,3,2,1,3,2,1,1,1,3,1,3,2,3,1,4,3,4,1,1,3,1,3,2,1,3,1,1,2"
129,0.9882627241940299,0.5,2136.0,"4,2,1,1,2,2,3,1,2,1,4,4,4,1,2,2,4,1,1,2,1,2,4,1,3,1,2,2,4,1,1,2,3,3,1,2,4,1,2,4,1,2,2,2,2,2,3,2,1,2,4,4,3,2,1,4,2,2,1,4,4,4,3,1,3,3,3,2,3,2,1,2,2,3,4,2,3,3,3,1,2,1,4,1,2,3,1,2,1,2,1,2,2,2,3,4,1,1,3,1,2,2,3,2,2,4,1,4,2,1,1,1,3,3,1,2,3,4,4,1,3,2,2,3,2,2,3,2,4,1,2,2,1,1,1,2,3,4,2,2,4,3,2,3,4,4,2,1,1,1,1,1,1,3,3,4,2,2,2,1,4,1,1,3,1,3,3,1,1,4,1,2,2,2,1,3,3,1,4,1,3,2,3,2,3,2,1,2,4,1,4,2,3,3,3,3,2,3,1,4,1,4,1,3,4,4,1,3,2,2,2,1,2,1,3,2,2,1,2,1,4,4,3,2,3,1,3,2,4,3,3,2,2,1,1,3,1,3,3,2,2,1,2,3,2,2,3,2,3,3,3,4,1,1,3,1,1,1,4,2,3,4,1,1,2,1,3,2,1,3,4,2,4,1,3,2,4,1,1,4,4,1,1,4,2,2,2,4,2,4,1,1,1,4,1,4,2,1,2,3,2,2,1,2,3,2,4,1,1,1,1,1,1,1,2,3,1,4,2,2,4,2,1,3,2,1,1,3,2,2,3,3,2,3,1,4,1,4,2,1,1,2,3,1,4,2,2,3,3,2,4,2,4,2,3,1,1,2,4,3,4,3,1,2,3,3,4,4,1,3,2,1,2,3,2,3,3,2,1,3,2,4,2,3,3,2,1,1,2,1,1,4,3,3,1,2,3,1,2,2,1,1,2,2,4,1,2,3,4,3,3,2,2,1,1,4,3,2,1,4,3,1,3,3,3,2,1,2,4,3,3,1,1,2,3,1,3,3,2,4,1,2,2,1,3,3,2,1,2,4,2,4,1,3,1,1,1,4,2,1,4,3,3,2,2,1,2,1,4,4,2,2,2,1,1,1,1,4,1,3,1,2,2,3,1,3,4,1,4,1,4,1,1,1,1,2,3,1,1,2,4,2,4,4,2,1,3,1,1,3,3,1,3,1,4,2,4,3,3,1,4,2,4,4,4,2,1,3,1,3,3,3,1,1,2,4,4,1,3,3,2,2,2,3,1,4,1,3,2,1,3,3,4,2,3,3,2,1,2,2,3,4,3,2,1,2,3,1,2,1,4,2,1,4,2,1,4,3,2,1,2,3,1,3,1,2,1,1,1,1,2,1,3,1,1,4,1,3,3,2,2,4,3,4,4,2,4,4,2,1,4,4,4,3,1,2,4,3,3,2,1,3,2,1,4,4,2,2,1,1,3,4,4,2,2,1,4,1,2,3,2,1,3,4,4,3,4,4,1,1,2,3,1,1,1,1,2,2,1,3,1,3,1,4,2,1,1,4,2,4,3,2,1,4,2,3,1,3,2,2,2,1,1,2,2,4,2,2,2,2,2,1,2,3,2,3,1,1,3,4,2,2,2,4,3,3,1,2,2,3,2,3,3,1,2,2,4,4,1,4,4,1,2,4,1,3,3,3,2,3,3,1,1,2,4,3,3,4,2,4,1,2,4,1,4,3,1,1,1,4,4,1,2,2,2,2,2,1,1,1,1,1,1,4,2,2,3,4,4,1,2,3,2,4,1,2,2,3,2,1,1,2,2,1,1,2,3,1,2,1,4,4,1,2,4,2,1,1,2,1,3,3,4,2,2,1,2,4,1,2,2,1,2,1,2,3,1,3,2,3,4,2,1,3,2,3,2,1,2,2,4,4,1,1,4,3,3,2,4,2,4,1,2,3,3,1,3,2,1,3,1,1,2,2,4,2,1,1,1,3,2,4,4,4,1,3,1,4,2,1,3,2,1,1,1,1,4,3,1,1,2,2,3,4,3,2,4,2,1,1,1,1,3,1,1,2,1,1,4,2,4,2,1,3,3,1,2,1,2,1,4,4,2,4,1,4,1,2,2,1,4,1,2,3,2,4,1,2,3,2,1,4,2,2,3,2,3,1,2,1,2,3,2,2,2,3,2,4,1,4,2,3,2,2,2,3,2,4,3,1,1,2,1,1,1,2,1,2,3,2,1,1,1,1,2,1,2,3,2,4,1,1,4,4,3,2,4,3,1,3,2,1,2,3,3,3,3,4,3,1,1,1,3,1,2,1,4,4,3,2,4,3,4,4,1,2,1,2,4,4,3,2,1,3,1,4,3,3,1,3,2,2,2,1,4,1,4,1,4,1,1,4,1,1,3,2,4,2,4,2,3,2,2,3,4,4,3,2,2,4,1,2,1,3,3,1,1,4,1,1,2,3,4,4,3,1,1,2,2,4,1,1,4,2,3,4,3,4,3,2,1,3,2,2,2,1,1,3,2,2,3,2,1,2,3,4,3,1,3,4,2,4,3,4,1,3,1,1,2,4,2,2,4,4,3,1,4,2,3,1,4,1,2,3,3,1,4,2,1,3,2,3,1,1,2,1,1,2,1,3,3,2,4,2,2,2,3,2,3,3,2,2,2,2,4,1,1,1,1,2,1,2,1,4,2,2,2,1,1,1,2,4,1,4,2,2,3,4,1,1,1,4,4,2,2,3,3,3,3,1,2,1,2,4,4,2,2,3,2,1,1,1,1,2,3,1,2,3,4,3,4,1,1,3,1,4,4,3,2,1,4,1,2,2,1,2,1,4,1,3,1,1,4,4,1,4,4,1,1,1,3,1,2,1,1,1,1,2,1,3,2,4,4,1,2,4,2,1,1,4,2,4,4,3,3,2,1,2,3,2,1,1,1,2,3,3,4,2,1,4,2,3,2,2,4,4,1,1,2,3,1,2,3,4,2,1,2,1,2,1,4,2,2,3,3,1,4,2,1,2,3,1,1,4,1,3,3,1,2,4,1,4,1,2,1,1,1,2,2,3,3,1,1,4,2,2,4,2,1,1,2,2,1,2,4,3,2,3,3,4,4,1,4,4,3,2,4,3,1,1,3,2,4,2,2,1,1,4,4,2,1,1,3,3,3,3,1,3,2,2,2,2,1,1,3,2,4,4,1,2,3,1,3,1,1,3,1,4,1,1,2,1,3,1,2,2,4,1,1,4,1,4,4,2,1,1,2,3,1,1,1,1,2,3,4,3,2,3,3,1,2,4,2,3,1,2,2,2,4,3,2,2,2,4,1,1,1,2,4,2,1,4,2,1,1,1,2,1,2,1,2,3,3,3,2,4,3,3,1,1,4,2,3,1,4,4,4,3,2,4,3,2,1,3,4,1,2,2,1,2,3,3,1,4,3,3,2,2,1,1,2,3,3,4,4,2,1,1,3,1,1,3,2,3,4,1,3,1,4,2,4,1,1,1,1,4,1,3,1,1,3,1,4,2,2,1,2,2,4,1,2,4,3,1,3,2,1,2,2,3,3,2,1,2,4,1,4,2,1,1,4,1,1,4,4,2,4,2,4,3,2,2,4,3,2,3,1,2,4,3,4,1,3,1,2,4,4,2,2,2,1,2,2,1,4,2,1,2,1,4,2,1,2,4,1,2,1,2,1,1,4,2,1,2,1,2,4,4,3,4,1,2,1,1,2,2,2,2,2,4,4,3,3,2,4,2,3,4,3,2,2,2,3,2,1,3,2,1,1,1,3,1,3,2,3,1,4,3,4,1,1,3,1,3,2,1,3,1,1,2"
130,0.9882627241940299,0.5,2136.0,"4,2,1,1,2,2,3,1,2,1,4,4,4,1,2,2,4,1,1,2,1,2,4,1,3,1,2,2,4,1,1,2,3,3,1,2,4,1,2,4,1,2,2,2,2,2,3,2,1,2,4,4,3,2,1,4,2,2,1,4,4,4,3,1,3,3,3,2,3,2,1,2,2,3,4,2,3,3,3,1,2,1,4,1,2,3,1,2,1,2,1,2,2,2,3,4,1,1,3,1,2,2,3,2,2,4,1,4,2,1,1,1,3,3,1,2,3,4,4,1,3,2,2,3,2,2,3,2,4,1,2,2,1,1,1,2,3,4,2,2,4,3,2,3,4,4,2,1,1,1,1,1,1,3,3,4,2,2,2,1,4,1,1,3,1,3,3,1,1,4,1,2,2,2,1,3,3,1,4,1,3,2,3,2,3,2,1,2,4,1,4,2,3,3,3,3,2,3,1,4,1,4,1,3,4,4,1,3,2,2,2,1,2,1,3,2,2,1,2,1,4,4,3,2,3,1,3,2,4,3,3,2,2,1,1,3,1,3,3,2,2,1,2,3,2,2,3,2,3,3,3,4,1,1,3,1,1,1,4,2,3,4,1,1,2,1,3,2,1,3,4,2,4,1,3,2,4,1,1,4,4,1,1,4,2,2,2,4,2,4,1,1,1,4,1,4,2,1,2,3,2,2,1,2,3,2,4,1,1,1,1,1,1,1,2,3,1,4,2,2,4,2,1,3,2,1,1,3,2,2,3,3,2,3,1,4,1,4,2,1,1,2,3,1,4,2,2,3,3,2,4,2,4,2,3,1,1,2,4,3,4,3,1,2,3,3,4,4,1,3,2,1,2,3,2,3,3,2,1,3,2,4,2,3,3,2,1,1,2,1,1,4,3,3,1,2,3,1,2,2,1,1,2,2,4,1,2,3,4,3,3,2,2,1,1,4,3,2,1,4,3,1,3,3,3,2,1,2,4,3,3,1,1,2,3,1,3,3,2,4,1,2,2,1,3,3,2,1,2,4,2,4,1,3,1,1,1,4,2,1,4,3,3,2,2,1,2,1,4,4,2,2,2,1,1,1,1,4,1,3,1,2,2,3,1,3,4,1,4,1,4,1,1,1,1,2,3,1,1,2,4,2,4,4,2,1,3,1,1,3,3,1,3,1,4,2,4,3,3,1,4,2,4,4,4,2,1,3,1,3,3,3,1,1,2,4,4,1,3,3,2,2,2,3,1,4,1,3,2,1,3,3,4,2,3,3,2,1,2,2,3,4,3,2,1,2,3,1,2,1,4,2,1,4,2,1,4,3,2,1,2,3,1,3,1,2,1,1,1,1,2,1,3,1,1,4,1,3,3,2,2,4,3,4,4,2,4,4,2,1,4,4,4,3,1,2,4,3,3,2,1,3,2,1,4,4,2,2,1,1,3,4,4,2,2,1,4,1,2,3,2,1,3,4,4,3,4,4,1,1,2,3,1,1,1,1,2,2,1,3,1,3,1,4,2,1,1,4,2,4,3,2,1,4,2,3,1,3,2,2,2,1,1,2,2,4,2,2,2,2,2,1,2,3,2,3,1,1,3,4,2,2,2,4,3,3,1,2,2,3,2,3,3,1,2,2,4,4,1,4,4,1,2,4,1,3,3,3,2,3,3,1,1,2,4,3,3,4,2,4,1,2,4,1,4,3,1,1,1,4,4,1,2,2,2,2,2,1,1,1,1,1,1,4,2,2,3,4,4,1,2,3,2,4,1,2,2,3,2,1,1,2,2,1,1,2,3,1,2,1,4,4,1,2,4,2,1,1,2,1,3,3,4,2,2,1,2,4,1,2,2,1,2,1,2,3,1,3,2,3,4,2,1,3,2,3,2,1,2,2,4,4,1,1,4,3,3,2,4,2,4,1,2,3,3,1,3,2,1,3,1,1,2,2,4,2,1,1,1,3,2,4,4,4,1,3,1,4,2,1,3,2,1,1,1,1,4,3,1,1,2,2,3,4,3,2,4,2,1,1,1,1,3,1,1,2,1,1,4,2,4,2,1,3,3,1,2,1,2,1,4,4,2,4,1,4,1,2,2,1,4,1,2,3,2,4,1,2,3,2,1,4,2,2,3,2,3,1,2,1,2,3,2,2,2,3,2,4,1,4,2,3,2,2,2,3,2,4,3,1,1,2,1,1,1,2,1,2,3,2,1,1,1,1,2,1,2,3,2,4,1,1,4,4,3,2,4,3,1,3,2,1,2,3,3,3,3,4,3,1,1,1,3,1,2,1,4,4,3,2,4,3,4,4,1,2,1,2,4,4,3,2,1,3,1,4,3,3,1,3,2,2,2,1,4,1,4,1,4,1,1,4,1,1,3,2,4,2,4,2,3,2,2,3,4,4,3,2,2,4,1,2,1,3,3,1,1,4,1,1,2,3,4,4,3,1,1,2,2,4,1,1,4,2,3,4,3,4,3,2,1,3,2,2,2,1,1,3,2,2,3,2,1,2,3,4,3,1,3,4,2,4,3,4,1,3,1,1,2,4,2,2,4,4,3,1,4,2,3,1,4,1,2,3,3,1,4,2,1,3,2,3,1,1,2,1,1,2,1,3,3,2,4,2,2,2,3,2,3,3,2,2,2,2,4,1,1,1,1,2,1,2,1,4,2,2,2,1,1,1,2,4,1,4,2,2,3,4,1,1,1,4,4,2,2,3,3,3,3,1,2,1,2,4,4,2,2,3,2,1,1,1,1,2,3,1,2,3,4,3,4,1,1,3,1,4,4,3,2,1,4,1,2,2,1,2,1,4,1,3,1,1,4,4,1,4,4,1,1,1,3,1,2,1,1,1,1,2,1,3,2,4,4,1,2,4,2,1,1,4,2,4,4,3,3,2,1,2,3,2,1,1,1,2,3,3,4,2,1,4,2,3,2,2,4,4,1,1,2,3,1,2,3,4,2,1,2,1,2,1,4,2,2,3,3,1,4,2,1,2,3,1,1,4,1,3,3,1,2,4,1,4,1,2,1,1,1,2,2,3,3,1,1,4,2,2,4,2,1,1,2,2,1,2,4,3,2,3,3,4,4,1,4,4,3,2,4,3,1,1,3,2,4,2,2,1,1,4,4,2,1,1,3,3,3,3,1,3,2,2,2,2,1,1,3,2,4,4,1,2,3,1,3,1,1,3,1,4,1,1,2,1,3,1,2,2,4,1,1,4,1,4,4,2,1,1,2,3,1,1,1,1,2,3,4,3,2,3,3,1,2,4,2,3,1,2,2,2,4,3,2,2,2,4,1,1,1,2,4,2,1,4,2,1,1,1,2,1,2,1,2,3,3,3,2,4,3,3,1,1,4,2,3,1,4,4,4,3,2,4,3,2,1,3,4,1,2,2,1,2,3,3,1,4,3,3,2,2,1,1,2,3,3,4,4,2,1,1,3,1,1,3,2,3,4,1,3,1,4,2,4,1,1,1,1,4,1,3,1,1,3,1,4,2,2,1,2,2,4,1,2,4,3,1,3,2,1,2,2,3,3,2,1,2,4,1,4,2,1,1,4,1,1,4,4,2,4,2,4,3,2,2,4,3,2,3,1,2,4,3,4,1,3,1,2,4,4,2,2,2,1,2,2,1,4,2,1,2,1,4,2,1,2,4,1,2,1,2,1,1,4,2,1,2,1,2,4,4,3,4,1,2,1,1,2,2,2,2,2,4,4,3,3,2,4,2,3,4,3,2,2,2,3,2,1,3,2,1,1,1,3,1,3,2,3,1,4,3,4,1,1,3,1,3,2,1,3,1,1,2"
131,0.9882627241940299,0.5,2136.0,"4,2,1,1,2,2,3,1,2,1,4,4,4,1,2,2,4,1,1,2,1,2,4,1,3,1,2,2,4,1,1,2,3,3,1,2,4,1,2,4,1,2,2,2,2,2,3,2,1,2,4,4,3,2,1,4,2,2,1,4,4,4,3,1,3,3,3,2,3,2,1,2,2,3,4,2,3,3,3,1,2,1,4,1,2,3,1,2,1,2,1,2,2,2,3,4,1,1,3,1,2,2,3,2,2,4,1,4,2,1,1,1,3,3,1,2,3,4,4,1,3,2,2,3,2,2,3,2,4,1,2,2,1,1,1,2,3,4,2,2,4,3,2,3,4,4,2,1,1,1,1,1,1,3,3,4,2,2,2,1,4,1,1,3,1,3,3,1,1,4,1,2,2,2,1,3,3,1,4,1,3,2,3,2,3,2,1,2,4,1,4,2,3,3,3,3,2,3,1,4,1,4,1,3,4,4,1,3,2,2,2,1,2,1,3,2,2,1,2,1,4,4,3,2,3,1,3,2,4,3,3,2,2,1,1,3,1,3,3,2,2,1,2,3,2,2,3,2,3,3,3,4,1,1,3,1,1,1,4,2,3,4,1,1,2,1,3,2,1,3,4,2,4,1,3,2,4,1,1,4,4,1,1,4,2,2,2,4,2,4,1,1,1,4,1,4,2,1,2,3,2,2,1,2,3,2,4,1,1,1,1,1,1,1,2,3,1,4,2,2,4,2,1,3,2,1,1,3,2,2,3,3,2,3,1,4,1,4,2,1,1,2,3,1,4,2,2,3,3,2,4,2,4,2,3,1,1,2,4,3,4,3,1,2,3,3,4,4,1,3,2,1,2,3,2,3,3,2,1,3,2,4,2,3,3,2,1,1,2,1,1,4,3,3,1,2,3,1,2,2,1,1,2,2,4,1,2,3,4,3,3,2,2,1,1,4,3,2,1,4,3,1,3,3,3,2,1,2,4,3,3,1,1,2,3,1,3,3,2,4,1,2,2,1,3,3,2,1,2,4,2,4,1,3,1,1,1,4,2,1,4,3,3,2,2,1,2,1,4,4,2,2,2,1,1,1,1,4,1,3,1,2,2,3,1,3,4,1,4,1,4,1,1,1,1,2,3,1,1,2,4,2,4,4,2,1,3,1,1,3,3,1,3,1,4,2,4,3,3,1,4,2,4,4,4,2,1,3,1,3,3,3,1,1,2,4,4,1,3,3,2,2,2,3,1,4,1,3,2,1,3,3,4,2,3,3,2,1,2,2,3,4,3,2,1,2,3,1,2,1,4,2,1,4,2,1,4,3,2,1,2,3,1,3,1,2,1,1,1,1,2,1,3,1,1,4,1,3,3,2,2,4,3,4,4,2,4,4,2,1,4,4,4,3,1,2,4,3,3,2,1,3,2,1,4,4,2,2,1,1,3,4,4,2,2,1,4,1,2,3,2,1,3,4,4,3,4,4,1,1,2,3,1,1,1,1,2,2,1,3,1,3,1,4,2,1,1,4,2,4,3,2,1,4,2,3,1,3,2,2,2,1,1,2,2,4,2,2,2,2,2,1,2,3,2,3,1,1,3,4,2,2,2,4,3,3,1,2,2,3,2,3,3,1,2,2,4,4,1,4,4,1,2,4,1,3,3,3,2,3,3,1,1,2,4,3,3,4,2,4,1,2,4,1,4,3,1,1,1,4,4,1,2,2,2,2,2,1,1,1,1,1,1,4,2,2,3,4,4,1,2,3,2,4,1,2,2,3,2,1,1,2,2,1,1,2,3,1,2,1,4,4,1,2,4,2,1,1,2,1,3,3,4,2,2,1,2,4,1,2,2,1,2,1,2,3,1,3,2,3,4,2,1,3,2,3,2,1,2,2,4,4,1,1,4,3,3,2,4,2,4,1,2,3,3,1,3,2,1,3,1,1,2,2,4,2,1,1,1,3,2,4,4,4,1,3,1,4,2,1,3,2,1,1,1,1,4,3,1,1,2,2,3,4,3,2,4,2,1,1,1,1,3,1,1,2,1,1,4,2,4,2,1,3,3,1,2,1,2,1,4,4,2,4,1,4,1,2,2,1,4,1,2,3,2,4,1,2,3,2,1,4,2,2,3,2,3,1,2,1,2,3,2,2,2,3,2,4,1,4,2,3,2,2,2,3,2,4,3,1,1,2,1,1,1,2,1,2,3,2,1,1,1,1,2,1,2,3,2,4,1,1,4,4,3,2,4,3,1,3,2,1,2,3,3,3,3,4,3,1,1,1,3,1,2,1,4,4,3,2,4,3,4,4,1,2,1,2,4,4,3,2,1,3,1,4,3,3,1,3,2,2,2,1,4,1,4,1,4,1,1,4,1,1,3,2,4,2,4,2,3,2,2,3,4,4,3,2,2,4,1,2,1,3,3,1,1,4,1,1,2,3,4,4,3,1,1,2,2,4,1,1,4,2,3,4,3,4,3,2,1,3,2,2,2,1,1,3,2,2,3,2,1,2,3,4,3,1,3,4,2,4,3,4,1,3,1,1,2,4,2,2,4,4,3,1,4,2,3,1,4,1,2,3,3,1,4,2,1,3,2,3,1,1,2,1,1,2,1,3,3,2,4,2,2,2,3,2,3,3,2,2,2,2,4,1,1,1,1,2,1,2,1,4,2,2,2,1,1,1,2,4,1,4,2,2,3,4,1,1,1,4,4,2,2,3,3,3,3,1,2,1,2,4,4,2,2,3,2,1,1,1,1,2,3,1,2,3,4,3,4,1,1,3,1,4,4,3,2,1,4,1,2,2,1,2,1,4,1,3,1,1,4,4,1,4,4,1,1,1,3,1,2,1,1,1,1,2,1,3,2,4,4,1,2,4,2,1,1,4,2,4,4,3,3,2,1,2,3,2,1,1,1,2,3,3,4,2,1,4,2,3,2,2,4,4,1,1,2,3,1,2,3,4,2,1,2,1,2,1,4,2,2,3,3,1,4,2,1,2,3,1,1,4,1,3,3,1,2,4,1,4,1,2,1,1,1,2,2,3,3,1,1,4,2,2,4,2,1,1,2,2,1,2,4,3,2,3,3,4,4,1,4,4,3,2,4,3,1,1,3,2,4,2,2,1,1,4,4,2,1,1,3,3,3,3,1,3,2,2,2,2,1,1,3,2,4,4,1,2,3,1,3,1,1,3,1,4,1,1,2,1,3,1,2,2,4,1,1,4,1,4,4,2,1,1,2,3,1,1,1,1,2,3,4,3,2,3,3,1,2,4,2,3,1,2,2,2,4,3,2,2,2,4,1,1,1,2,4,2,1,4,2,1,1,1,2,1,2,1,2,3,3,3,2,4,3,3,1,1,4,2,3,1,4,4,4,3,2,4,3,2,1,3,4,1,2,2,1,2,3,3,1,4,3,3,2,2,1,1,2,3,3,4,4,2,1,1,3,1,1,3,2,3,4,1,3,1,4,2,4,1,1,1,1,4,1,3,1,1,3,1,4,2,2,1,2,2,4,1,2,4,3,1,3,2,1,2,2,3,3,2,1,2,4,1,4,2,1,1,4,1,1,4,4,2,4,2,4,3,2,2,4,3,2,3,1,2,4,3,4,1,3,1,2,4,4,2,2,2,1,2,2,1,4,2,1,2,1,4,2,1,2,4,1,2,1,2,1,1,4,2,1,2,1,2,4,4,3,4,1,2,1,1,2,2,2,2,2,4,4,3,3,2,4,2,3,4,3,2,2,2,3,2,1,3,2,1,1,1,3,1,3,2,3,1,4,3,4,1,1,3,1,3,2,1,3,1,1,2"
132,0.9882627241940299,0.5,2136.0,"4,2,1,1,2,2,3,1,2,1,4,4,4,1,2,2,4,1,1,2,1,2,4,1,3,1,2,2,4,1,1,2,3,3,1,2,4,1,2,4,1,2,2,2,2,2,3,2,1,2,4,4,3,2,1,4,2,2,1,4,4,4,3,1,3,3,3,2,3,2,1,2,2,3,4,2,3,3,3,1,2,1,4,1,2,3,1,2,1,2,1,2,2,2,3,4,1,1,3,1,2,2,3,2,2,4,1,4,2,1,1,1,3,3,1,2,3,4,4,1,3,2,2,3,2,2,3,2,4,1,2,2,1,1,1,2,3,4,2,2,4,3,2,3,4,4,2,1,1,1,1,1,1,3,3,4,2,2,2,1,4,1,1,3,1,3,3,1,1,4,1,2,2,2,1,3,3,1,4,1,3,2,3,2,3,2,1,2,4,1,4,2,3,3,3,3,2,3,1,4,1,4,1,3,4,4,1,3,2,2,2,1,2,1,3,2,2,1,2,1,4,4,3,2,3,1,3,2,4,3,3,2,2,1,1,3,1,3,3,2,2,1,2,3,2,2,3,2,3,3,3,4,1,1,3,1,1,1,4,2,3,4,1,1,2,1,3,2,1,3,4,2,4,1,3,2,4,1,1,4,4,1,1,4,2,2,2,4,2,4,1,1,1,4,1,4,2,1,2,3,2,2,1,2,3,2,4,1,1,1,1,1,1,1,2,3,1,4,2,2,4,2,1,3,2,1,1,3,2,2,3,3,2,3,1,4,1,4,2,1,1,2,3,1,4,2,2,3,3,2,4,2,4,2,3,1,1,2,4,3,4,3,1,2,3,3,4,4,1,3,2,1,2,3,2,3,3,2,1,3,2,4,2,3,3,2,1,1,2,1,1,4,3,3,1,2,3,1,2,2,1,1,2,2,4,1,2,3,4,3,3,2,2,1,1,4,3,2,1,4,3,1,3,3,3,2,1,2,4,3,3,1,1,2,3,1,3,3,2,4,1,2,2,1,3,3,2,1,2,4,2,4,1,3,1,1,1,4,2,1,4,3,3,2,2,1,2,1,4,4,2,2,2,1,1,1,1,4,1,3,1,2,2,3,1,3,4,1,4,1,4,1,1,1,1,2,3,1,1,2,4,2,4,4,2,1,3,1,1,3,3,1,3,1,4,2,4,3,3,1,4,2,4,4,4,2,1,3,1,3,3,3,1,1,2,4,4,1,3,3,2,2,2,3,1,4,1,3,2,1,3,3,4,2,3,3,2,1,2,2,3,4,3,2,1,2,3,1,2,1,4,2,1,4,2,1,4,3,2,1,2,3,1,3,1,2,1,1,1,1,2,1,3,1,1,4,1,3,3,2,2,4,3,4,4,2,4,4,2,1,4,4,4,3,1,2,4,3,3,2,1,3,2,1,4,4,2,2,1,1,3,4,4,2,2,1,4,1,2,3,2,1,3,4,4,3,4,4,1,1,2,3,1,1,1,1,2,2,1,3,1,3,1,4,2,1,1,4,2,4,3,2,1,4,2,3,1,3,2,2,2,1,1,2,2,4,2,2,2,2,2,1,2,3,2,3,1,1,3,4,2,2,2,4,3,3,1,2,2,3,2,3,3,1,2,2,4,4,1,4,4,1,2,4,1,3,3,3,2,3,3,1,1,2,4,3,3,4,2,4,1,2,4,1,4,3,1,1,1,4,4,1,2,2,2,2,2,1,1,1,1,1,1,4,2,2,3,4,4,1,2,3,2,4,1,2,2,3,2,1,1,2,2,1,1,2,3,1,2,1,4,4,1,2,4,2,1,1,2,1,3,3,4,2,2,1,2,4,1,2,2,1,2,1,2,3,1,3,2,3,4,2,1,3,2,3,2,1,2,2,4,4,1,1,4,3,3,2,4,2,4,1,2,3,3,1,3,2,1,3,1,1,2,2,4,2,1,1,1,3,2,4,4,4,1,3,1,4,2,1,3,2,1,1,1,1,4,3,1,1,2,2,3,4,3,2,4,2,1,1,1,1,3,1,1,2,1,1,4,2,4,2,1,3,3,1,2,1,2,1,4,4,2,4,1,4,1,2,2,1,4,1,2,3,2,4,1,2,3,2,1,4,2,2,3,2,3,1,2,1,2,3,2,2,2,3,2,4,1,4,2,3,2,2,2,3,2,4,3,1,1,2,1,1,1,2,1,2,3,2,1,1,1,1,2,1,2,3,2,4,1,1,4,4,3,2,4,3,1,3,2,1,2,3,3,3,3,4,3,1,1,1,3,1,2,1,4,4,3,2,4,3,4,4,1,2,1,2,4,4,3,2,1,3,1,4,3,3,1,3,2,2,2,1,4,1,4,1,4,1,1,4,1,1,3,2,4,2,4,2,3,2,2,3,4,4,3,2,2,4,1,2,1,3,3,1,1,4,1,1,2,3,4,4,3,1,1,2,2,4,1,1,4,2,3,4,3,4,3,2,1,3,2,2,2,1,1,3,2,2,3,2,1,2,3,4,3,1,3,4,2,4,3,4,1,3,1,1,2,4,2,2,4,4,3,1,4,2,3,1,4,1,2,3,3,1,4,2,1,3,2,3,1,1,2,1,1,2,1,3,3,2,4,2,2,2,3,2,3,3,2,2,2,2,4,1,1,1,1,2,1,2,1,4,2,2,2,1,1,1,2,4,1,4,2,2,3,4,1,1,1,4,4,2,2,3,3,3,3,1,2,1,2,4,4,2,2,3,2,1,1,1,1,2,3,1,2,3,4,3,4,1,1,3,1,4,4,3,2,1,4,1,2,2,1,2,1,4,1,3,1,1,4,4,1,4,4,1,1,1,3,1,2,1,1,1,1,2,1,3,2,4,4,1,2,4,2,1,1,4,2,4,4,3,3,2,1,2,3,2,1,1,1,2,3,3,4,2,1,4,2,3,2,2,4,4,1,1,2,3,1,2,3,4,2,1,2,1,2,1,4,2,2,3,3,1,4,2,1,2,3,1,1,4,1,3,3,1,2,4,1,4,1,2,1,1,1,2,2,3,3,1,1,4,2,2,4,2,1,1,2,2,1,2,4,3,2,3,3,4,4,1,4,4,3,2,4,3,1,1,3,2,4,2,2,1,1,4,4,2,1,1,3,3,3,3,1,3,2,2,2,2,1,1,3,2,4,4,1,2,3,1,3,1,1,3,1,4,1,1,2,1,3,1,2,2,4,1,1,4,1,4,4,2,1,1,2,3,1,1,1,1,2,3,4,3,2,3,3,1,2,4,2,3,1,2,2,2,4,3,2,2,2,4,1,1,1,2,4,2,1,4,2,1,1,1,2,1,2,1,2,3,3,3,2,4,3,3,1,1,4,2,3,1,4,4,4,3,2,4,3,2,1,3,4,1,2,2,1,2,3,3,1,4,3,3,2,2,1,1,2,3,3,4,4,2,1,1,3,1,1,3,2,3,4,1,3,1,4,2,4,1,1,1,1,4,1,3,1,1,3,1,4,2,2,1,2,2,4,1,2,4,3,1,3,2,1,2,2,3,3,2,1,2,4,1,4,2,1,1,4,1,1,4,4,2,4,2,4,3,2,2,4,3,2,3,1,2,4,3,4,1,3,1,2,4,4,2,2,2,1,2,2,1,4,2,1,2,1,4,2,1,2,4,1,2,1,2,1,1,4,2,1,2,1,2,4,4,3,4,1,2,1,1,2,2,2,2,2,4,4,3,3,2,4,2,3,4,3,2,2,2,3,2,1,3,2,1,1,1,3,1,3,2,3,1,4,3,4,1,1,3,1,3,2,1,3,1,1,2"
133,0.9882627241940299,0.5,2136.0,"4,2,1,1,2,2,3,1,2,1,4,4,4,1,2,2,4,1,1,2,1,2,4,1,3,1,2,2,4,1,1,2,3,3,1,2,4,1,2,4,1,2,2,2,2,2,3,2,1,2,4,4,3,2,1,4,2,2,1,4,4,4,3,1,3,3,3,2,3,2,1,2,2,3,4,2,3,3,3,1,2,1,4,1,2,3,1,2,1,2,1,2,2,2,3,4,1,1,3,1,2,2,3,2,2,4,1,4,2,1,1,1,3,3,1,2,3,4,4,1,3,2,2,3,2,2,3,2,4,1,2,2,1,1,1,2,3,4,2,2,4,3,2,3,4,4,2,1,1,1,1,1,1,3,3,4,2,2,2,1,4,1,1,3,1,3,3,1,1,4,1,2,2,2,1,3,3,1,4,1,3,2,3,2,3,2,1,2,4,1,4,2,3,3,3,3,2,3,1,4,1,4,1,3,4,4,1,3,2,2,2,1,2,1,3,2,2,1,2,1,4,4,3,2,3,1,3,2,4,3,3,2,2,1,1,3,1,3,3,2,2,1,2,3,2,2,3,2,3,3,3,4,1,1,3,1,1,1,4,2,3,4,1,1,2,1,3,2,1,3,4,2,4,1,3,2,4,1,1,4,4,1,1,4,2,2,2,4,2,4,1,1,1,4,1,4,2,1,2,3,2,2,1,2,3,2,4,1,1,1,1,1,1,1,2,3,1,4,2,2,4,2,1,3,2,1,1,3,2,2,3,3,2,3,1,4,1,4,2,1,1,2,3,1,4,2,2,3,3,2,4,2,4,2,3,1,1,2,4,3,4,3,1,2,3,3,4,4,1,3,2,1,2,3,2,3,3,2,1,3,2,4,2,3,3,2,1,1,2,1,1,4,3,3,1,2,3,1,2,2,1,1,2,2,4,1,2,3,4,3,3,2,2,1,1,4,3,2,1,4,3,1,3,3,3,2,1,2,4,3,3,1,1,2,3,1,3,3,2,4,1,2,2,1,3,3,2,1,2,4,2,4,1,3,1,1,1,4,2,1,4,3,3,2,2,1,2,1,4,4,2,2,2,1,1,1,1,4,1,3,1,2,2,3,1,3,4,1,4,1,4,1,1,1,1,2,3,1,1,2,4,2,4,4,2,1,3,1,1,3,3,1,3,1,4,2,4,3,3,1,4,2,4,4,4,2,1,3,1,3,3,3,1,1,2,4,4,1,3,3,2,2,2,3,1,4,1,3,2,1,3,3,4,2,3,3,2,1,2,2,3,4,3,2,1,2,3,1,2,1,4,2,1,4,2,1,4,3,2,1,2,3,1,3,1,2,1,1,1,1,2,1,3,1,1,4,1,3,3,2,2,4,3,4,4,2,4,4,2,1,4,4,4,3,1,2,4,3,3,2,1,3,2,1,4,4,2,2,1,1,3,4,4,2,2,1,4,1,2,3,2,1,3,4,4,3,4,4,1,1,2,3,1,1,1,1,2,2,1,3,1,3,1,4,2,1,1,4,2,4,3,2,1,4,2,3,1,3,2,2,2,1,1,2,2,4,2,2,2,2,2,1,2,3,2,3,1,1,3,4,2,2,2,4,3,3,1,2,2,3,2,3,3,1,2,2,4,4,1,4,4,1,2,4,1,3,3,3,2,3,3,1,1,2,4,3,3,4,2,4,1,2,4,1,4,3,1,1,1,4,4,1,2,2,2,2,2,1,1,1,1,1,1,4,2,2,3,4,4,1,2,3,2,4,1,2,2,3,2,1,1,2,2,1,1,2,3,1,2,1,4,4,1,2,4,2,1,1,2,1,3,3,4,2,2,1,2,4,1,2,2,1,2,1,2,3,1,3,2,3,4,2,1,3,2,3,2,1,2,2,4,4,1,1,4,3,3,2,4,2,4,1,2,3,3,1,3,2,1,3,1,1,2,2,4,2,1,1,1,3,2,4,4,4,1,3,1,4,2,1,3,2,1,1,1,1,4,3,1,1,2,2,3,4,3,2,4,2,1,1,1,1,3,1,1,2,1,1,4,2,4,2,1,3,3,1,2,1,2,1,4,4,2,4,1,4,1,2,2,1,4,1,2,3,2,4,1,2,3,2,1,4,2,2,3,2,3,1,2,1,2,3,2,2,2,3,2,4,1,4,2,3,2,2,2,3,2,4,3,1,1,2,1,1,1,2,1,2,3,2,1,1,1,1,2,1,2,3,2,4,1,1,4,4,3,2,4,3,1,3,2,1,2,3,3,3,3,4,3,1,1,1,3,1,2,1,4,4,3,2,4,3,4,4,1,2,1,2,4,4,3,2,1,3,1,4,3,3,1,3,2,2,2,1,4,1,4,1,4,1,1,4,1,1,3,2,4,2,4,2,3,2,2,3,4,4,3,2,2,4,1,2,1,3,3,1,1,4,1,1,2,3,4,4,3,1,1,2,2,4,1,1,4,2,3,4,3,4,3,2,1,3,2,2,2,1,1,3,2,2,3,2,1,2,3,4,3,1,3,4,2,4,3,4,1,3,1,1,2,4,2,2,4,4,3,1,4,2,3,1,4,1,2,3,3,1,4,2,1,3,2,3,1,1,2,1,1,2,1,3,3,2,4,2,2,2,3,2,3,3,2,2,2,2,4,1,1,1,1,2,1,2,1,4,2,2,2,1,1,1,2,4,1,4,2,2,3,4,1,1,1,4,4,2,2,3,3,3,3,1,2,1,2,4,4,2,2,3,2,1,1,1,1,2,3,1,2,3,4,3,4,1,1,3,1,4,4,3,2,1,4,1,2,2,1,2,1,4,1,3,1,1,4,4,1,4,4,1,1,1,3,1,2,1,1,1,1,2,1,3,2,4,4,1,2,4,2,1,1,4,2,4,4,3,3,2,1,2,3,2,1,1,1,2,3,3,4,2,1,4,2,3,2,2,4,4,1,1,2,3,1,2,3,4,2,1,2,1,2,1,4,2,2,3,3,1,4,2,1,2,3,1,1,4,1,3,3,1,2,4,1,4,1,2,1,1,1,2,2,3,3,1,1,4,2,2,4,2,1,1,2,2,1,2,4,3,2,3,3,4,4,1,4,4,3,2,4,3,1,1,3,2,4,2,2,1,1,4,4,2,1,1,3,3,3,3,1,3,2,2,2,2,1,1,3,2,4,4,1,2,3,1,3,1,1,3,1,4,1,1,2,1,3,1,2,2,4,1,1,4,1,4,4,2,1,1,2,3,1,1,1,1,2,3,4,3,2,3,3,1,2,4,2,3,1,2,2,2,4,3,2,2,2,4,1,1,1,2,4,2,1,4,2,1,1,1,2,1,2,1,2,3,3,3,2,4,3,3,1,1,4,2,3,1,4,4,4,3,2,4,3,2,1,3,4,1,2,2,1,2,3,3,1,4,3,3,2,2,1,1,2,3,3,4,4,2,1,1,3,1,1,3,2,3,4,1,3,1,4,2,4,1,1,1,1,4,1,3,1,1,3,1,4,2,2,1,2,2,4,1,2,4,3,1,3,2,1,2,2,3,3,2,1,2,4,1,4,2,1,1,4,1,1,4,4,2,4,2,4,3,2,2,4,3,2,3,1,2,4,3,4,1,3,1,2,4,4,2,2,2,1,2,2,1,4,2,1,2,1,4,2,1,2,4,1,2,1,2,1,1,4,2,1,2,1,2,4,4,3,4,1,2,1,1,2,2,2,2,2,4,4,3,3,2,4,2,3,4,3,2,2,2,3,2,1,3,2,1,1,1,3,1,3,2,3,1,4,3,4,1,1,3,1,3,2,1,3,1,1,2"
134,0.9882627241940299,0.5,2136.0,"4,2,1,1,2,2,3,1,2,1,4,4,4,1,2,2,4,1,1,2,1,2,4,1,3,1,2,2,4,1,1,2,3,3,1,2,4,1,2,4,1,2,2,2,2,2,3,2,1,2,4,4,3,2,1,4,2,2,1,4,4,4,3,1,3,3,3,2,3,2,1,2,2,3,4,2,3,3,3,1,2,1,4,1,2,3,1,2,1,2,1,2,2,2,3,4,1,1,3,1,2,2,3,2,2,4,1,4,2,1,1,1,3,3,1,2,3,4,4,1,3,2,2,3,2,2,3,2,4,1,2,2,1,1,1,2,3,4,2,2,4,3,2,3,4,4,2,1,1,1,1,1,1,3,3,4,2,2,2,1,4,1,1,3,1,3,3,1,1,4,1,2,2,2,1,3,3,1,4,1,3,2,3,2,3,2,1,2,4,1,4,2,3,3,3,3,2,3,1,4,1,4,1,3,4,4,1,3,2,2,2,1,2,1,3,2,2,1,2,1,4,4,3,2,3,1,3,2,4,3,3,2,2,1,1,3,1,3,3,2,2,1,2,3,2,2,3,2,3,3,3,4,1,1,3,1,1,1,4,2,3,4,1,1,2,1,3,2,1,3,4,2,4,1,3,2,4,1,1,4,4,1,1,4,2,2,2,4,2,4,1,1,1,4,1,4,2,1,2,3,2,2,1,2,3,2,4,1,1,1,1,1,1,1,2,3,1,4,2,2,4,2,1,3,2,1,1,3,2,2,3,3,2,3,1,4,1,4,2,1,1,2,3,1,4,2,2,3,3,2,4,2,4,2,3,1,1,2,4,3,4,3,1,2,3,3,4,4,1,3,2,1,2,3,2,3,3,2,1,3,2,4,2,3,3,2,1,1,2,1,1,4,3,3,1,2,3,1,2,2,1,1,2,2,4,1,2,3,4,3,3,2,2,1,1,4,3,2,1,4,3,1,3,3,3,2,1,2,4,3,3,1,1,2,3,1,3,3,2,4,1,2,2,1,3,3,2,1,2,4,2,4,1,3,1,1,1,4,2,1,4,3,3,2,2,1,2,1,4,4,2,2,2,1,1,1,1,4,1,3,1,2,2,3,1,3,4,1,4,1,4,1,1,1,1,2,3,1,1,2,4,2,4,4,2,1,3,1,1,3,3,1,3,1,4,2,4,3,3,1,4,2,4,4,4,2,1,3,1,3,3,3,1,1,2,4,4,1,3,3,2,2,2,3,1,4,1,3,2,1,3,3,4,2,3,3,2,1,2,2,3,4,3,2,1,2,3,1,2,1,4,2,1,4,2,1,4,3,2,1,2,3,1,3,1,2,1,1,1,1,2,1,3,1,1,4,1,3,3,2,2,4,3,4,4,2,4,4,2,1,4,4,4,3,1,2,4,3,3,2,1,3,2,1,4,4,2,2,1,1,3,4,4,2,2,1,4,1,2,3,2,1,3,4,4,3,4,4,1,1,2,3,1,1,1,1,2,2,1,3,1,3,1,4,2,1,1,4,2,4,3,2,1,4,2,3,1,3,2,2,2,1,1,2,2,4,2,2,2,2,2,1,2,3,2,3,1,1,3,4,2,2,2,4,3,3,1,2,2,3,2,3,3,1,2,2,4,4,1,4,4,1,2,4,1,3,3,3,2,3,3,1,1,2,4,3,3,4,2,4,1,2,4,1,4,3,1,1,1,4,4,1,2,2,2,2,2,1,1,1,1,1,1,4,2,2,3,4,4,1,2,3,2,4,1,2,2,3,2,1,1,2,2,1,1,2,3,1,2,1,4,4,1,2,4,2,1,1,2,1,3,3,4,2,2,1,2,4,1,2,2,1,2,1,2,3,1,3,2,3,4,2,1,3,2,3,2,1,2,2,4,4,1,1,4,3,3,2,4,2,4,1,2,3,3,1,3,2,1,3,1,1,2,2,4,2,1,1,1,3,2,4,4,4,1,3,1,4,2,1,3,2,1,1,1,1,4,3,1,1,2,2,3,4,3,2,4,2,1,1,1,1,3,1,1,2,1,1,4,2,4,2,1,3,3,1,2,1,2,1,4,4,2,4,1,4,1,2,2,1,4,1,2,3,2,4,1,2,3,2,1,4,2,2,3,2,3,1,2,1,2,3,2,2,2,3,2,4,1,4,2,3,2,2,2,3,2,4,3,1,1,2,1,1,1,2,1,2,3,2,1,1,1,1,2,1,2,3,2,4,1,1,4,4,3,2,4,3,1,3,2,1,2,3,3,3,3,4,3,1,1,1,3,1,2,1,4,4,3,2,4,3,4,4,1,2,1,2,4,4,3,2,1,3,1,4,3,3,1,3,2,2,2,1,4,1,4,1,4,1,1,4,1,1,3,2,4,2,4,2,3,2,2,3,4,4,3,2,2,4,1,2,1,3,3,1,1,4,1,1,2,3,4,4,3,1,1,2,2,4,1,1,4,2,3,4,3,4,3,2,1,3,2,2,2,1,1,3,2,2,3,2,1,2,3,4,3,1,3,4,2,4,3,4,1,3,1,1,2,4,2,2,4,4,3,1,4,2,3,1,4,1,2,3,3,1,4,2,1,3,2,3,1,1,2,1,1,2,1,3,3,2,4,2,2,2,3,2,3,3,2,2,2,2,4,1,1,1,1,2,1,2,1,4,2,2,2,1,1,1,2,4,1,4,2,2,3,4,1,1,1,4,4,2,2,3,3,3,3,1,2,1,2,4,4,2,2,3,2,1,1,1,1,2,3,1,2,3,4,3,4,1,1,3,1,4,4,3,2,1,4,1,2,2,1,2,1,4,1,3,1,1,4,4,1,4,4,1,1,1,3,1,2,1,1,1,1,2,1,3,2,4,4,1,2,4,2,1,1,4,2,4,4,3,3,2,1,2,3,2,1,1,1,2,3,3,4,2,1,4,2,3,2,2,4,4,1,1,2,3,1,2,3,4,2,1,2,1,2,1,4,2,2,3,3,1,4,2,1,2,3,1,1,4,1,3,3,1,2,4,1,4,1,2,1,1,1,2,2,3,3,1,1,4,2,2,4,2,1,1,2,2,1,2,4,3,2,3,3,4,4,1,4,4,3,2,4,3,1,1,3,2,4,2,2,1,1,4,4,2,1,1,3,3,3,3,1,3,2,2,2,2,1,1,3,2,4,4,1,2,3,1,3,1,1,3,1,4,1,1,2,1,3,1,2,2,4,1,1,4,1,4,4,2,1,1,2,3,1,1,1,1,2,3,4,3,2,3,3,1,2,4,2,3,1,2,2,2,4,3,2,2,2,4,1,1,1,2,4,2,1,4,2,1,1,1,2,1,2,1,2,3,3,3,2,4,3,3,1,1,4,2,3,1,4,4,4,3,2,4,3,2,1,3,4,1,2,2,1,2,3,3,1,4,3,3,2,2,1,1,2,3,3,4,4,2,1,1,3,1,1,3,2,3,4,1,3,1,4,2,4,1,1,1,1,4,1,3,1,1,3,1,4,2,2,1,2,2,4,1,2,4,3,1,3,2,1,2,2,3,3,2,1,2,4,1,4,2,1,1,4,1,1,4,4,2,4,2,4,3,2,2,4,3,2,3,1,2,4,3,4,1,3,1,2,4,4,2,2,2,1,2,2,1,4,2,1,2,1,4,2,1,2,4,1,2,1,2,1,1,4,2,1,2,1,2,4,4,3,4,1,2,1,1,2,2,2,2,2,4,4,3,3,2,4,2,3,4,3,2,2,2,3,2,1,3,2,1,1,1,3,1,3,2,3,1,4,3,4,1,1,3,1,3,2,1,3,1,1,2"
135,0.9882627241940299,0.5,2136.0,"4,2,1,1,2,2,3,1,2,1,4,4,4,1,2,2,4,1,1,2,1,2,4,1,3,1,2,2,4,1,1,2,3,3,1,2,4,1,2,4,1,2,2,2,2,2,3,2,1,2,4,4,3,2,1,4,2,2,1,4,4,4,3,1,3,3,3,2,3,2,1,2,2,3,4,2,3,3,3,1,2,1,4,1,2,3,1,2,1,2,1,2,2,2,3,4,1,1,3,1,2,2,3,2,2,4,1,4,2,1,1,1,3,3,1,2,3,4,4,1,3,2,2,3,2,2,3,2,4,1,2,2,1,1,1,2,3,4,2,2,4,3,2,3,4,4,2,1,1,1,1,1,1,3,3,4,2,2,2,1,4,1,1,3,1,3,3,1,1,4,1,2,2,2,1,3,3,1,4,1,3,2,3,2,3,2,1,2,4,1,4,2,3,3,3,3,2,3,1,4,1,4,1,3,4,4,1,3,2,2,2,1,2,1,3,2,2,1,2,1,4,4,3,2,3,1,3,2,4,3,3,2,2,1,1,3,1,3,3,2,2,1,2,3,2,2,3,2,3,3,3,4,1,1,3,1,1,1,4,2,3,4,1,1,2,1,3,2,1,3,4,2,4,1,3,2,4,1,1,4,4,1,1,4,2,2,2,4,2,4,1,1,1,4,1,4,2,1,2,3,2,2,1,2,3,2,4,1,1,1,1,1,1,1,2,3,1,4,2,2,4,2,1,3,2,1,1,3,2,2,3,3,2,3,1,4,1,4,2,1,1,2,3,1,4,2,2,3,3,2,4,2,4,2,3,1,1,2,4,3,4,3,1,2,3,3,4,4,1,3,2,1,2,3,2,3,3,2,1,3,2,4,2,3,3,2,1,1,2,1,1,4,3,3,1,2,3,1,2,2,1,1,2,2,4,1,2,3,4,3,3,2,2,1,1,4,3,2,1,4,3,1,3,3,3,2,1,2,4,3,3,1,1,2,3,1,3,3,2,4,1,2,2,1,3,3,2,1,2,4,2,4,1,3,1,1,1,4,2,1,4,3,3,2,2,1,2,1,4,4,2,2,2,1,1,1,1,4,1,3,1,2,2,3,1,3,4,1,4,1,4,1,1,1,1,2,3,1,1,2,4,2,4,4,2,1,3,1,1,3,3,1,3,1,4,2,4,3,3,1,4,2,4,4,4,2,1,3,1,3,3,3,1,1,2,4,4,1,3,3,2,2,2,3,1,4,1,3,2,1,3,3,4,2,3,3,2,1,2,2,3,4,3,2,1,2,3,1,2,1,4,2,1,4,2,1,4,3,2,1,2,3,1,3,1,2,1,1,1,1,2,1,3,1,1,4,1,3,3,2,2,4,3,4,4,2,4,4,2,1,4,4,4,3,1,2,4,3,3,2,1,3,2,1,4,4,2,2,1,1,3,4,4,2,2,1,4,1,2,3,2,1,3,4,4,3,4,4,1,1,2,3,1,1,1,1,2,2,1,3,1,3,1,4,2,1,1,4,2,4,3,2,1,4,2,3,1,3,2,2,2,1,1,2,2,4,2,2,2,2,2,1,2,3,2,3,1,1,3,4,2,2,2,4,3,3,1,2,2,3,2,3,3,1,2,2,4,4,1,4,4,1,2,4,1,3,3,3,2,3,3,1,1,2,4,3,3,4,2,4,1,2,4,1,4,3,1,1,1,4,4,1,2,2,2,2,2,1,1,1,1,1,1,4,2,2,3,4,4,1,2,3,2,4,1,2,2,3,2,1,1,2,2,1,1,2,3,1,2,1,4,4,1,2,4,2,1,1,2,1,3,3,4,2,2,1,2,4,1,2,2,1,2,1,2,3,1,3,2,3,4,2,1,3,2,3,2,1,2,2,4,4,1,1,4,3,3,2,4,2,4,1,2,3,3,1,3,2,1,3,1,1,2,2,4,2,1,1,1,3,2,4,4,4,1,3,1,4,2,1,3,2,1,1,1,1,4,3,1,1,2,2,3,4,3,2,4,2,1,1,1,1,3,1,1,2,1,1,4,2,4,2,1,3,3,1,2,1,2,1,4,4,2,4,1,4,1,2,2,1,4,1,2,3,2,4,1,2,3,2,1,4,2,2,3,2,3,1,2,1,2,3,2,2,2,3,2,4,1,4,2,3,2,2,2,3,2,4,3,1,1,2,1,1,1,2,1,2,3,2,1,1,1,1,2,1,2,3,2,4,1,1,4,4,3,2,4,3,1,3,2,1,2,3,3,3,3,4,3,1,1,1,3,1,2,1,4,4,3,2,4,3,4,4,1,2,1,2,4,4,3,2,1,3,1,4,3,3,1,3,2,2,2,1,4,1,4,1,4,1,1,4,1,1,3,2,4,2,4,2,3,2,2,3,4,4,3,2,2,4,1,2,1,3,3,1,1,4,1,1,2,3,4,4,3,1,1,2,2,4,1,1,4,2,3,4,3,4,3,2,1,3,2,2,2,1,1,3,2,2,3,2,1,2,3,4,3,1,3,4,2,4,3,4,1,3,1,1,2,4,2,2,4,4,3,1,4,2,3,1,4,1,2,3,3,1,4,2,1,3,2,3,1,1,2,1,1,2,1,3,3,2,4,2,2,2,3,2,3,3,2,2,2,2,4,1,1,1,1,2,1,2,1,4,2,2,2,1,1,1,2,4,1,4,2,2,3,4,1,1,1,4,4,2,2,3,3,3,3,1,2,1,2,4,4,2,2,3,2,1,1,1,1,2,3,1,2,3,4,3,4,1,1,3,1,4,4,3,2,1,4,1,2,2,1,2,1,4,1,3,1,1,4,4,1,4,4,1,1,1,3,1,2,1,1,1,1,2,1,3,2,4,4,1,2,4,2,1,1,4,2,4,4,3,3,2,1,2,3,2,1,1,1,2,3,3,4,2,1,4,2,3,2,2,4,4,1,1,2,3,1,2,3,4,2,1,2,1,2,1,4,2,2,3,3,1,4,2,1,2,3,1,1,4,1,3,3,1,2,4,1,4,1,2,1,1,1,2,2,3,3,1,1,4,2,2,4,2,1,1,2,2,1,2,4,3,2,3,3,4,4,1,4,4,3,2,4,3,1,1,3,2,4,2,2,1,1,4,4,2,1,1,3,3,3,3,1,3,2,2,2,2,1,1,3,2,4,4,1,2,3,1,3,1,1,3,1,4,1,1,2,1,3,1,2,2,4,1,1,4,1,4,4,2,1,1,2,3,1,1,1,1,2,3,4,3,2,3,3,1,2,4,2,3,1,2,2,2,4,3,2,2,2,4,1,1,1,2,4,2,1,4,2,1,1,1,2,1,2,1,2,3,3,3,2,4,3,3,1,1,4,2,3,1,4,4,4,3,2,4,3,2,1,3,4,1,2,2,1,2,3,3,1,4,3,3,2,2,1,1,2,3,3,4,4,2,1,1,3,1,1,3,2,3,4,1,3,1,4,2,4,1,1,1,1,4,1,3,1,1,3,1,4,2,2,1,2,2,4,1,2,4,3,1,3,2,1,2,2,3,3,2,1,2,4,1,4,2,1,1,4,1,1,4,4,2,4,2,4,3,2,2,4,3,2,3,1,2,4,3,4,1,3,1,2,4,4,2,2,2,1,2,2,1,4,2,1,2,1,4,2,1,2,4,1,2,1,2,1,1,4,2,1,2,1,2,4,4,3,4,1,2,1,1,2,2,2,2,2,4,4,3,3,2,4,2,3,4,3,2,2,2,3,2,1,3,2,1,1,1,3,1,3,2,3,1,4,3,4,1,1,3,1,3,2,1,3,1,1,2"
136,0.9882627241940299,0.5,2136.0,"4,2,1,1,2,2,3,1,2,1,4,4,4,1,2,2,4,1,1,2,1,2,4,1,3,1,2,2,4,1,1,2,3,3,1,2,4,1,2,4,1,2,2,2,2,2,3,2,1,2,4,4,3,2,1,4,2,2,1,4,4,4,3,1,3,3,3,2,3,2,1,2,2,3,4,2,3,3,3,1,2,1,4,1,2,3,1,2,1,2,1,2,2,2,3,4,1,1,3,1,2,2,3,2,2,4,1,4,2,1,1,1,3,3,1,2,3,4,4,1,3,2,2,3,2,2,3,2,4,1,2,2,1,1,1,2,3,4,2,2,4,3,2,3,4,4,2,1,1,1,1,1,1,3,3,4,2,2,2,1,4,1,1,3,1,3,3,1,1,4,1,2,2,2,1,3,3,1,4,1,3,2,3,2,3,2,1,2,4,1,4,2,3,3,3,3,2,3,1,4,1,4,1,3,4,4,1,3,2,2,2,1,2,1,3,2,2,1,2,1,4,4,3,2,3,1,3,2,4,3,3,2,2,1,1,3,1,3,3,2,2,1,2,3,2,2,3,2,3,3,3,4,1,1,3,1,1,1,4,2,3,4,1,1,2,1,3,2,1,3,4,2,4,1,3,2,4,1,1,4,4,1,1,4,2,2,2,4,2,4,1,1,1,4,1,4,2,1,2,3,2,2,1,2,3,2,4,1,1,1,1,1,1,1,2,3,1,4,2,2,4,2,1,3,2,1,1,3,2,2,3,3,2,3,1,4,1,4,2,1,1,2,3,1,4,2,2,3,3,2,4,2,4,2,3,1,1,2,4,3,4,3,1,2,3,3,4,4,1,3,2,1,2,3,2,3,3,2,1,3,2,4,2,3,3,2,1,1,2,1,1,4,3,3,1,2,3,1,2,2,1,1,2,2,4,1,2,3,4,3,3,2,2,1,1,4,3,2,1,4,3,1,3,3,3,2,1,2,4,3,3,1,1,2,3,1,3,3,2,4,1,2,2,1,3,3,2,1,2,4,2,4,1,3,1,1,1,4,2,1,4,3,3,2,2,1,2,1,4,4,2,2,2,1,1,1,1,4,1,3,1,2,2,3,1,3,4,1,4,1,4,1,1,1,1,2,3,1,1,2,4,2,4,4,2,1,3,1,1,3,3,1,3,1,4,2,4,3,3,1,4,2,4,4,4,2,1,3,1,3,3,3,1,1,2,4,4,1,3,3,2,2,2,3,1,4,1,3,2,1,3,3,4,2,3,3,2,1,2,2,3,4,3,2,1,2,3,1,2,1,4,2,1,4,2,1,4,3,2,1,2,3,1,3,1,2,1,1,1,1,2,1,3,1,1,4,1,3,3,2,2,4,3,4,4,2,4,4,2,1,4,4,4,3,1,2,4,3,3,2,1,3,2,1,4,4,2,2,1,1,3,4,4,2,2,1,4,1,2,3,2,1,3,4,4,3,4,4,1,1,2,3,1,1,1,1,2,2,1,3,1,3,1,4,2,1,1,4,2,4,3,2,1,4,2,3,1,3,2,2,2,1,1,2,2,4,2,2,2,2,2,1,2,3,2,3,1,1,3,4,2,2,2,4,3,3,1,2,2,3,2,3,3,1,2,2,4,4,1,4,4,1,2,4,1,3,3,3,2,3,3,1,1,2,4,3,3,4,2,4,1,2,4,1,4,3,1,1,1,4,4,1,2,2,2,2,2,1,1,1,1,1,1,4,2,2,3,4,4,1,2,3,2,4,1,2,2,3,2,1,1,2,2,1,1,2,3,1,2,1,4,4,1,2,4,2,1,1,2,1,3,3,4,2,2,1,2,4,1,2,2,1,2,1,2,3,1,3,2,3,4,2,1,3,2,3,2,1,2,2,4,4,1,1,4,3,3,2,4,2,4,1,2,3,3,1,3,2,1,3,1,1,2,2,4,2,1,1,1,3,2,4,4,4,1,3,1,4,2,1,3,2,1,1,1,1,4,3,1,1,2,2,3,4,3,2,4,2,1,1,1,1,3,1,1,2,1,1,4,2,4,2,1,3,3,1,2,1,2,1,4,4,2,4,1,4,1,2,2,1,4,1,2,3,2,4,1,2,3,2,1,4,2,2,3,2,3,1,2,1,2,3,2,2,2,3,2,4,1,4,2,3,2,2,2,3,2,4,3,1,1,2,1,1,1,2,1,2,3,2,1,1,1,1,2,1,2,3,2,4,1,1,4,4,3,2,4,3,1,3,2,1,2,3,3,3,3,4,3,1,1,1,3,1,2,1,4,4,3,2,4,3,4,4,1,2,1,2,4,4,3,2,1,3,1,4,3,3,1,3,2,2,2,1,4,1,4,1,4,1,1,4,1,1,3,2,4,2,4,2,3,2,2,3,4,4,3,2,2,4,1,2,1,3,3,1,1,4,1,1,2,3,4,4,3,1,1,2,2,4,1,1,4,2,3,4,3,4,3,2,1,3,2,2,2,1,1,3,2,2,3,2,1,2,3,4,3,1,3,4,2,4,3,4,1,3,1,1,2,4,2,2,4,4,3,1,4,2,3,1,4,1,2,3,3,1,4,2,1,3,2,3,1,1,2,1,1,2,1,3,3,2,4,2,2,2,3,2,3,3,2,2,2,2,4,1,1,1,1,2,1,2,1,4,2,2,2,1,1,1,2,4,1,4,2,2,3,4,1,1,1,4,4,2,2,3,3,3,3,1,2,1,2,4,4,2,2,3,2,1,1,1,1,2,3,1,2,3,4,3,4,1,1,3,1,4,4,3,2,1,4,1,2,2,1,2,1,4,1,3,1,1,4,4,1,4,4,1,1,1,3,1,2,1,1,1,1,2,1,3,2,4,4,1,2,4,2,1,1,4,2,4,4,3,3,2,1,2,3,2,1,1,1,2,3,3,4,2,1,4,2,3,2,2,4,4,1,1,2,3,1,2,3,4,2,1,2,1,2,1,4,2,2,3,3,1,4,2,1,2,3,1,1,4,1,3,3,1,2,4,1,4,1,2,1,1,1,2,2,3,3,1,1,4,2,2,4,2,1,1,2,2,1,2,4,3,2,3,3,4,4,1,4,4,3,2,4,3,1,1,3,2,4,2,2,1,1,4,4,2,1,1,3,3,3,3,1,3,2,2,2,2,1,1,3,2,4,4,1,2,3,1,3,1,1,3,1,4,1,1,2,1,3,1,2,2,4,1,1,4,1,4,4,2,1,1,2,3,1,1,1,1,2,3,4,3,2,3,3,1,2,4,2,3,1,2,2,2,4,3,2,2,2,4,1,1,1,2,4,2,1,4,2,1,1,1,2,1,2,1,2,3,3,3,2,4,3,3,1,1,4,2,3,1,4,4,4,3,2,4,3,2,1,3,4,1,2,2,1,2,3,3,1,4,3,3,2,2,1,1,2,3,3,4,4,2,1,1,3,1,1,3,2,3,4,1,3,1,4,2,4,1,1,1,1,4,1,3,1,1,3,1,4,2,2,1,2,2,4,1,2,4,3,1,3,2,1,2,2,3,3,2,1,2,4,1,4,2,1,1,4,1,1,4,4,2,4,2,4,3,2,2,4,3,2,3,1,2,4,3,4,1,3,1,2,4,4,2,2,2,1,2,2,1,4,2,1,2,1,4,2,1,2,4,1,2,1,2,1,1,4,2,1,2,1,2,4,4,3,4,1,2,1,1,2,2,2,2,2,4,4,3,3,2,4,2,3,4,3,2,2,2,3,2,1,3,2,1,1,1,3,1,3,2,3,1,4,3,4,1,1,3,1,3,2,1,3,1,1,2"
137,0.9882627241940299,0.5,2136.0,"4,2,1,1,2,2,3,1,2,1,4,4,4,1,2,2,4,1,1,2,1,2,4,1,3,1,2,2,4,1,1,2,3,3,1,2,4,1,2,4,1,2,2,2,2,2,3,2,1,2,4,4,3,2,1,4,2,2,1,4,4,4,3,1,3,3,3,2,3,2,1,2,2,3,4,2,3,3,3,1,2,1,4,1,2,3,1,2,1,2,1,2,2,2,3,4,1,1,3,1,2,2,3,2,2,4,1,4,2,1,1,1,3,3,1,2,3,4,4,1,3,2,2,3,2,2,3,2,4,1,2,2,1,1,1,2,3,4,2,2,4,3,2,3,4,4,2,1,1,1,1,1,1,3,3,4,2,2,2,1,4,1,1,3,1,3,3,1,1,4,1,2,2,2,1,3,3,1,4,1,3,2,3,2,3,2,1,2,4,1,4,2,3,3,3,3,2,3,1,4,1,4,1,3,4,4,1,3,2,2,2,1,2,1,3,2,2,1,2,1,4,4,3,2,3,1,3,2,4,3,3,2,2,1,1,3,1,3,3,2,2,1,2,3,2,2,3,2,3,3,3,4,1,1,3,1,1,1,4,2,3,4,1,1,2,1,3,2,1,3,4,2,4,1,3,2,4,1,1,4,4,1,1,4,2,2,2,4,2,4,1,1,1,4,1,4,2,1,2,3,2,2,1,2,3,2,4,1,1,1,1,1,1,1,2,3,1,4,2,2,4,2,1,3,2,1,1,3,2,2,3,3,2,3,1,4,1,4,2,1,1,2,3,1,4,2,2,3,3,2,4,2,4,2,3,1,1,2,4,3,4,3,1,2,3,3,4,4,1,3,2,1,2,3,2,3,3,2,1,3,2,4,2,3,3,2,1,1,2,1,1,4,3,3,1,2,3,1,2,2,1,1,2,2,4,1,2,3,4,3,3,2,2,1,1,4,3,2,1,4,3,1,3,3,3,2,1,2,4,3,3,1,1,2,3,1,3,3,2,4,1,2,2,1,3,3,2,1,2,4,2,4,1,3,1,1,1,4,2,1,4,3,3,2,2,1,2,1,4,4,2,2,2,1,1,1,1,4,1,3,1,2,2,3,1,3,4,1,4,1,4,1,1,1,1,2,3,1,1,2,4,2,4,4,2,1,3,1,1,3,3,1,3,1,4,2,4,3,3,1,4,2,4,4,4,2,1,3,1,3,3,3,1,1,2,4,4,1,3,3,2,2,2,3,1,4,1,3,2,1,3,3,4,2,3,3,2,1,2,2,3,4,3,2,1,2,3,1,2,1,4,2,1,4,2,1,4,3,2,1,2,3,1,3,1,2,1,1,1,1,2,1,3,1,1,4,1,3,3,2,2,4,3,4,4,2,4,4,2,1,4,4,4,3,1,2,4,3,3,2,1,3,2,1,4,4,2,2,1,1,3,4,4,2,2,1,4,1,2,3,2,1,3,4,4,3,4,4,1,1,2,3,1,1,1,1,2,2,1,3,1,3,1,4,2,1,1,4,2,4,3,2,1,4,2,3,1,3,2,2,2,1,1,2,2,4,2,2,2,2,2,1,2,3,2,3,1,1,3,4,2,2,2,4,3,3,1,2,2,3,2,3,3,1,2,2,4,4,1,4,4,1,2,4,1,3,3,3,2,3,3,1,1,2,4,3,3,4,2,4,1,2,4,1,4,3,1,1,1,4,4,1,2,2,2,2,2,1,1,1,1,1,1,4,2,2,3,4,4,1,2,3,2,4,1,2,2,3,2,1,1,2,2,1,1,2,3,1,2,1,4,4,1,2,4,2,1,1,2,1,3,3,4,2,2,1,2,4,1,2,2,1,2,1,2,3,1,3,2,3,4,2,1,3,2,3,2,1,2,2,4,4,1,1,4,3,3,2,4,2,4,1,2,3,3,1,3,2,1,3,1,1,2,2,4,2,1,1,1,3,2,4,4,4,1,3,1,4,2,1,3,2,1,1,1,1,4,3,1,1,2,2,3,4,3,2,4,2,1,1,1,1,3,1,1,2,1,1,4,2,4,2,1,3,3,1,2,1,2,1,4,4,2,4,1,4,1,2,2,1,4,1,2,3,2,4,1,2,3,2,1,4,2,2,3,2,3,1,2,1,2,3,2,2,2,3,2,4,1,4,2,3,2,2,2,3,2,4,3,1,1,2,1,1,1,2,1,2,3,2,1,1,1,1,2,1,2,3,2,4,1,1,4,4,3,2,4,3,1,3,2,1,2,3,3,3,3,4,3,1,1,1,3,1,2,1,4,4,3,2,4,3,4,4,1,2,1,2,4,4,3,2,1,3,1,4,3,3,1,3,2,2,2,1,4,1,4,1,4,1,1,4,1,1,3,2,4,2,4,2,3,2,2,3,4,4,3,2,2,4,1,2,1,3,3,1,1,4,1,1,2,3,4,4,3,1,1,2,2,4,1,1,4,2,3,4,3,4,3,2,1,3,2,2,2,1,1,3,2,2,3,2,1,2,3,4,3,1,3,4,2,4,3,4,1,3,1,1,2,4,2,2,4,4,3,1,4,2,3,1,4,1,2,3,3,1,4,2,1,3,2,3,1,1,2,1,1,2,1,3,3,2,4,2,2,2,3,2,3,3,2,2,2,2,4,1,1,1,1,2,1,2,1,4,2,2,2,1,1,1,2,4,1,4,2,2,3,4,1,1,1,4,4,2,2,3,3,3,3,1,2,1,2,4,4,2,2,3,2,1,1,1,1,2,3,1,2,3,4,3,4,1,1,3,1,4,4,3,2,1,4,1,2,2,1,2,1,4,1,3,1,1,4,4,1,4,4,1,1,1,3,1,2,1,1,1,1,2,1,3,2,4,4,1,2,4,2,1,1,4,2,4,4,3,3,2,1,2,3,2,1,1,1,2,3,3,4,2,1,4,2,3,2,2,4,4,1,1,2,3,1,2,3,4,2,1,2,1,2,1,4,2,2,3,3,1,4,2,1,2,3,1,1,4,1,3,3,1,2,4,1,4,1,2,1,1,1,2,2,3,3,1,1,4,2,2,4,2,1,1,2,2,1,2,4,3,2,3,3,4,4,1,4,4,3,2,4,3,1,1,3,2,4,2,2,1,1,4,4,2,1,1,3,3,3,3,1,3,2,2,2,2,1,1,3,2,4,4,1,2,3,1,3,1,1,3,1,4,1,1,2,1,3,1,2,2,4,1,1,4,1,4,4,2,1,1,2,3,1,1,1,1,2,3,4,3,2,3,3,1,2,4,2,3,1,2,2,2,4,3,2,2,2,4,1,1,1,2,4,2,1,4,2,1,1,1,2,1,2,1,2,3,3,3,2,4,3,3,1,1,4,2,3,1,4,4,4,3,2,4,3,2,1,3,4,1,2,2,1,2,3,3,1,4,3,3,2,2,1,1,2,3,3,4,4,2,1,1,3,1,1,3,2,3,4,1,3,1,4,2,4,1,1,1,1,4,1,3,1,1,3,1,4,2,2,1,2,2,4,1,2,4,3,1,3,2,1,2,2,3,3,2,1,2,4,1,4,2,1,1,4,1,1,4,4,2,4,2,4,3,2,2,4,3,2,3,1,2,4,3,4,1,3,1,2,4,4,2,2,2,1,2,2,1,4,2,1,2,1,4,2,1,2,4,1,2,1,2,1,1,4,2,1,2,1,2,4,4,3,4,1,2,1,1,2,2,2,2,2,4,4,3,3,2,4,2,3,4,3,2,2,2,3,2,1,3,2,1,1,1,3,1,3,2,3,1,4,3,4,1,1,3,1,3,2,1,3,1,1,2"
138,0.9882627241940299,0.5,2136.0,"4,2,1,1,2,2,3,1,2,1,4,4,4,1,2,2,4,1,1,2,1,2,4,1,3,1,2,2,4,1,1,2,3,3,1,2,4,1,2,4,1,2,2,2,2,2,3,2,1,2,4,4,3,2,1,4,2,2,1,4,4,4,3,1,3,3,3,2,3,2,1,2,2,3,4,2,3,3,3,1,2,1,4,1,2,3,1,2,1,2,1,2,2,2,3,4,1,1,3,1,2,2,3,2,2,4,1,4,2,1,1,1,3,3,1,2,3,4,4,1,3,2,2,3,2,2,3,2,4,1,2,2,1,1,1,2,3,4,2,2,4,3,2,3,4,4,2,1,1,1,1,1,1,3,3,4,2,2,2,1,4,1,1,3,1,3,3,1,1,4,1,2,2,2,1,3,3,1,4,1,3,2,3,2,3,2,1,2,4,1,4,2,3,3,3,3,2,3,1,4,1,4,1,3,4,4,1,3,2,2,2,1,2,1,3,2,2,1,2,1,4,4,3,2,3,1,3,2,4,3,3,2,2,1,1,3,1,3,3,2,2,1,2,3,2,2,3,2,3,3,3,4,1,1,3,1,1,1,4,2,3,4,1,1,2,1,3,2,1,3,4,2,4,1,3,2,4,1,1,4,4,1,1,4,2,2,2,4,2,4,1,1,1,4,1,4,2,1,2,3,2,2,1,2,3,2,4,1,1,1,1,1,1,1,2,3,1,4,2,2,4,2,1,3,2,1,1,3,2,2,3,3,2,3,1,4,1,4,2,1,1,2,3,1,4,2,2,3,3,2,4,2,4,2,3,1,1,2,4,3,4,3,1,2,3,3,4,4,1,3,2,1,2,3,2,3,3,2,1,3,2,4,2,3,3,2,1,1,2,1,1,4,3,3,1,2,3,1,2,2,1,1,2,2,4,1,2,3,4,3,3,2,2,1,1,4,3,2,1,4,3,1,3,3,3,2,1,2,4,3,3,1,1,2,3,1,3,3,2,4,1,2,2,1,3,3,2,1,2,4,2,4,1,3,1,1,1,4,2,1,4,3,3,2,2,1,2,1,4,4,2,2,2,1,1,1,1,4,1,3,1,2,2,3,1,3,4,1,4,1,4,1,1,1,1,2,3,1,1,2,4,2,4,4,2,1,3,1,1,3,3,1,3,1,4,2,4,3,3,1,4,2,4,4,4,2,1,3,1,3,3,3,1,1,2,4,4,1,3,3,2,2,2,3,1,4,1,3,2,1,3,3,4,2,3,3,2,1,2,2,3,4,3,2,1,2,3,1,2,1,4,2,1,4,2,1,4,3,2,1,2,3,1,3,1,2,1,1,1,1,2,1,3,1,1,4,1,3,3,2,2,4,3,4,4,2,4,4,2,1,4,4,4,3,1,2,4,3,3,2,1,3,2,1,4,4,2,2,1,1,3,4,4,2,2,1,4,1,2,3,2,1,3,4,4,3,4,4,1,1,2,3,1,1,1,1,2,2,1,3,1,3,1,4,2,1,1,4,2,4,3,2,1,4,2,3,1,3,2,2,2,1,1,2,2,4,2,2,2,2,2,1,2,3,2,3,1,1,3,4,2,2,2,4,3,3,1,2,2,3,2,3,3,1,2,2,4,4,1,4,4,1,2,4,1,3,3,3,2,3,3,1,1,2,4,3,3,4,2,4,1,2,4,1,4,3,1,1,1,4,4,1,2,2,2,2,2,1,1,1,1,1,1,4,2,2,3,4,4,1,2,3,2,4,1,2,2,3,2,1,1,2,2,1,1,2,3,1,2,1,4,4,1,2,4,2,1,1,2,1,3,3,4,2,2,1,2,4,1,2,2,1,2,1,2,3,1,3,2,3,4,2,1,3,2,3,2,1,2,2,4,4,1,1,4,3,3,2,4,2,4,1,2,3,3,1,3,2,1,3,1,1,2,2,4,2,1,1,1,3,2,4,4,4,1,3,1,4,2,1,3,2,1,1,1,1,4,3,1,1,2,2,3,4,3,2,4,2,1,1,1,1,3,1,1,2,1,1,4,2,4,2,1,3,3,1,2,1,2,1,4,4,2,4,1,4,1,2,2,1,4,1,2,3,2,4,1,2,3,2,1,4,2,2,3,2,3,1,2,1,2,3,2,2,2,3,2,4,1,4,2,3,2,2,2,3,2,4,3,1,1,2,1,1,1,2,1,2,3,2,1,1,1,1,2,1,2,3,2,4,1,1,4,4,3,2,4,3,1,3,2,1,2,3,3,3,3,4,3,1,1,1,3,1,2,1,4,4,3,2,4,3,4,4,1,2,1,2,4,4,3,2,1,3,1,4,3,3,1,3,2,2,2,1,4,1,4,1,4,1,1,4,1,1,3,2,4,2,4,2,3,2,2,3,4,4,3,2,2,4,1,2,1,3,3,1,1,4,1,1,2,3,4,4,3,1,1,2,2,4,1,1,4,2,3,4,3,4,3,2,1,3,2,2,2,1,1,3,2,2,3,2,1,2,3,4,3,1,3,4,2,4,3,4,1,3,1,1,2,4,2,2,4,4,3,1,4,2,3,1,4,1,2,3,3,1,4,2,1,3,2,3,1,1,2,1,1,2,1,3,3,2,4,2,2,2,3,2,3,3,2,2,2,2,4,1,1,1,1,2,1,2,1,4,2,2,2,1,1,1,2,4,1,4,2,2,3,4,1,1,1,4,4,2,2,3,3,3,3,1,2,1,2,4,4,2,2,3,2,1,1,1,1,2,3,1,2,3,4,3,4,1,1,3,1,4,4,3,2,1,4,1,2,2,1,2,1,4,1,3,1,1,4,4,1,4,4,1,1,1,3,1,2,1,1,1,1,2,1,3,2,4,4,1,2,4,2,1,1,4,2,4,4,3,3,2,1,2,3,2,1,1,1,2,3,3,4,2,1,4,2,3,2,2,4,4,1,1,2,3,1,2,3,4,2,1,2,1,2,1,4,2,2,3,3,1,4,2,1,2,3,1,1,4,1,3,3,1,2,4,1,4,1,2,1,1,1,2,2,3,3,1,1,4,2,2,4,2,1,1,2,2,1,2,4,3,2,3,3,4,4,1,4,4,3,2,4,3,1,1,3,2,4,2,2,1,1,4,4,2,1,1,3,3,3,3,1,3,2,2,2,2,1,1,3,2,4,4,1,2,3,1,3,1,1,3,1,4,1,1,2,1,3,1,2,2,4,1,1,4,1,4,4,2,1,1,2,3,1,1,1,1,2,3,4,3,2,3,3,1,2,4,2,3,1,2,2,2,4,3,2,2,2,4,1,1,1,2,4,2,1,4,2,1,1,1,2,1,2,1,2,3,3,3,2,4,3,3,1,1,4,2,3,1,4,4,4,3,2,4,3,2,1,3,4,1,2,2,1,2,3,3,1,4,3,3,2,2,1,1,2,3,3,4,4,2,1,1,3,1,1,3,2,3,4,1,3,1,4,2,4,1,1,1,1,4,1,3,1,1,3,1,4,2,2,1,2,2,4,1,2,4,3,1,3,2,1,2,2,3,3,2,1,2,4,1,4,2,1,1,4,1,1,4,4,2,4,2,4,3,2,2,4,3,2,3,1,2,4,3,4,1,3,1,2,4,4,2,2,2,1,2,2,1,4,2,1,2,1,4,2,1,2,4,1,2,1,2,1,1,4,2,1,2,1,2,4,4,3,4,1,2,1,1,2,2,2,2,2,4,4,3,3,2,4,2,3,4,3,2,2,2,3,2,1,3,2,1,1,1,3,1,3,2,3,1,4,3,4,1,1,3,1,3,2,1,3,1,1,2"
139,0.9882627241940299,0.5,2136.0,"4,2,1,1,2,2,3,1,2,1,4,4,4,1,2,2,4,1,1,2,1,2,4,1,3,1,2,2,4,1,1,2,3,3,1,2,4,1,2,4,1,2,2,2,2,2,3,2,1,2,4,4,3,2,1,4,2,2,1,4,4,4,3,1,3,3,3,2,3,2,1,2,2,3,4,2,3,3,3,1,2,1,4,1,2,3,1,2,1,2,1,2,2,2,3,4,1,1,3,1,2,2,3,2,2,4,1,4,2,1,1,1,3,3,1,2,3,4,4,1,3,2,2,3,2,2,3,2,4,1,2,2,1,1,1,2,3,4,2,2,4,3,2,3,4,4,2,1,1,1,1,1,1,3,3,4,2,2,2,1,4,1,1,3,1,3,3,1,1,4,1,2,2,2,1,3,3,1,4,1,3,2,3,2,3,2,1,2,4,1,4,2,3,3,3,3,2,3,1,4,1,4,1,3,4,4,1,3,2,2,2,1,2,1,3,2,2,1,2,1,4,4,3,2,3,1,3,2,4,3,3,2,2,1,1,3,1,3,3,2,2,1,2,3,2,2,3,2,3,3,3,4,1,1,3,1,1,1,4,2,3,4,1,1,2,1,3,2,1,3,4,2,4,1,3,2,4,1,1,4,4,1,1,4,2,2,2,4,2,4,1,1,1,4,1,4,2,1,2,3,2,2,1,2,3,2,4,1,1,1,1,1,1,1,2,3,1,4,2,2,4,2,1,3,2,1,1,3,2,2,3,3,2,3,1,4,1,4,2,1,1,2,3,1,4,2,2,3,3,2,4,2,4,2,3,1,1,2,4,3,4,3,1,2,3,3,4,4,1,3,2,1,2,3,2,3,3,2,1,3,2,4,2,3,3,2,1,1,2,1,1,4,3,3,1,2,3,1,2,2,1,1,2,2,4,1,2,3,4,3,3,2,2,1,1,4,3,2,1,4,3,1,3,3,3,2,1,2,4,3,3,1,1,2,3,1,3,3,2,4,1,2,2,1,3,3,2,1,2,4,2,4,1,3,1,1,1,4,2,1,4,3,3,2,2,1,2,1,4,4,2,2,2,1,1,1,1,4,1,3,1,2,2,3,1,3,4,1,4,1,4,1,1,1,1,2,3,1,1,2,4,2,4,4,2,1,3,1,1,3,3,1,3,1,4,2,4,3,3,1,4,2,4,4,4,2,1,3,1,3,3,3,1,1,2,4,4,1,3,3,2,2,2,3,1,4,1,3,2,1,3,3,4,2,3,3,2,1,2,2,3,4,3,2,1,2,3,1,2,1,4,2,1,4,2,1,4,3,2,1,2,3,1,3,1,2,1,1,1,1,2,1,3,1,1,4,1,3,3,2,2,4,3,4,4,2,4,4,2,1,4,4,4,3,1,2,4,3,3,2,1,3,2,1,4,4,2,2,1,1,3,4,4,2,2,1,4,1,2,3,2,1,3,4,4,3,4,4,1,1,2,3,1,1,1,1,2,2,1,3,1,3,1,4,2,1,1,4,2,4,3,2,1,4,2,3,1,3,2,2,2,1,1,2,2,4,2,2,2,2,2,1,2,3,2,3,1,1,3,4,2,2,2,4,3,3,1,2,2,3,2,3,3,1,2,2,4,4,1,4,4,1,2,4,1,3,3,3,2,3,3,1,1,2,4,3,3,4,2,4,1,2,4,1,4,3,1,1,1,4,4,1,2,2,2,2,2,1,1,1,1,1,1,4,2,2,3,4,4,1,2,3,2,4,1,2,2,3,2,1,1,2,2,1,1,2,3,1,2,1,4,4,1,2,4,2,1,1,2,1,3,3,4,2,2,1,2,4,1,2,2,1,2,1,2,3,1,3,2,3,4,2,1,3,2,3,2,1,2,2,4,4,1,1,4,3,3,2,4,2,4,1,2,3,3,1,3,2,1,3,1,1,2,2,4,2,1,1,1,3,2,4,4,4,1,3,1,4,2,1,3,2,1,1,1,1,4,3,1,1,2,2,3,4,3,2,4,2,1,1,1,1,3,1,1,2,1,1,4,2,4,2,1,3,3,1,2,1,2,1,4,4,2,4,1,4,1,2,2,1,4,1,2,3,2,4,1,2,3,2,1,4,2,2,3,2,3,1,2,1,2,3,2,2,2,3,2,4,1,4,2,3,2,2,2,3,2,4,3,1,1,2,1,1,1,2,1,2,3,2,1,1,1,1,2,1,2,3,2,4,1,1,4,4,3,2,4,3,1,3,2,1,2,3,3,3,3,4,3,1,1,1,3,1,2,1,4,4,3,2,4,3,4,4,1,2,1,2,4,4,3,2,1,3,1,4,3,3,1,3,2,2,2,1,4,1,4,1,4,1,1,4,1,1,3,2,4,2,4,2,3,2,2,3,4,4,3,2,2,4,1,2,1,3,3,1,1,4,1,1,2,3,4,4,3,1,1,2,2,4,1,1,4,2,3,4,3,4,3,2,1,3,2,2,2,1,1,3,2,2,3,2,1,2,3,4,3,1,3,4,2,4,3,4,1,3,1,1,2,4,2,2,4,4,3,1,4,2,3,1,4,1,2,3,3,1,4,2,1,3,2,3,1,1,2,1,1,2,1,3,3,2,4,2,2,2,3,2,3,3,2,2,2,2,4,1,1,1,1,2,1,2,1,4,2,2,2,1,1,1,2,4,1,4,2,2,3,4,1,1,1,4,4,2,2,3,3,3,3,1,2,1,2,4,4,2,2,3,2,1,1,1,1,2,3,1,2,3,4,3,4,1,1,3,1,4,4,3,2,1,4,1,2,2,1,2,1,4,1,3,1,1,4,4,1,4,4,1,1,1,3,1,2,1,1,1,1,2,1,3,2,4,4,1,2,4,2,1,1,4,2,4,4,3,3,2,1,2,3,2,1,1,1,2,3,3,4,2,1,4,2,3,2,2,4,4,1,1,2,3,1,2,3,4,2,1,2,1,2,1,4,2,2,3,3,1,4,2,1,2,3,1,1,4,1,3,3,1,2,4,1,4,1,2,1,1,1,2,2,3,3,1,1,4,2,2,4,2,1,1,2,2,1,2,4,3,2,3,3,4,4,1,4,4,3,2,4,3,1,1,3,2,4,2,2,1,1,4,4,2,1,1,3,3,3,3,1,3,2,2,2,2,1,1,3,2,4,4,1,2,3,1,3,1,1,3,1,4,1,1,2,1,3,1,2,2,4,1,1,4,1,4,4,2,1,1,2,3,1,1,1,1,2,3,4,3,2,3,3,1,2,4,2,3,1,2,2,2,4,3,2,2,2,4,1,1,1,2,4,2,1,4,2,1,1,1,2,1,2,1,2,3,3,3,2,4,3,3,1,1,4,2,3,1,4,4,4,3,2,4,3,2,1,3,4,1,2,2,1,2,3,3,1,4,3,3,2,2,1,1,2,3,3,4,4,2,1,1,3,1,1,3,2,3,4,1,3,1,4,2,4,1,1,1,1,4,1,3,1,1,3,1,4,2,2,1,2,2,4,1,2,4,3,1,3,2,1,2,2,3,3,2,1,2,4,1,4,2,1,1,4,1,1,4,4,2,4,2,4,3,2,2,4,3,2,3,1,2,4,3,4,1,3,1,2,4,4,2,2,2,1,2,2,1,4,2,1,2,1,4,2,1,2,4,1,2,1,2,1,1,4,2,1,2,1,2,4,4,3,4,1,2,1,1,2,2,2,2,2,4,4,3,3,2,4,2,3,4,3,2,2,2,3,2,1,3,2,1,1,1,3,1,3,2,3,1,4,3,4,1,1,3,1,3,2,1,3,1,1,2"
140,0.9882627241940299,0.5,2136.0,"4,2,1,1,2,2,3,1,2,1,4,4,4,1,2,2,4,1,1,2,1,2,4,1,3,1,2,2,4,1,1,2,3,3,1,2,4,1,2,4,1,2,2,2,2,2,3,2,1,2,4,4,3,2,1,4,2,2,1,4,4,4,3,1,3,3,3,2,3,2,1,2,2,3,4,2,3,3,3,1,2,1,4,1,2,3,1,2,1,2,1,2,2,2,3,4,1,1,3,1,2,2,3,2,2,4,1,4,2,1,1,1,3,3,1,2,3,4,4,1,3,2,2,3,2,2,3,2,4,1,2,2,1,1,1,2,3,4,2,2,4,3,2,3,4,4,2,1,1,1,1,1,1,3,3,4,2,2,2,1,4,1,1,3,1,3,3,1,1,4,1,2,2,2,1,3,3,1,4,1,3,2,3,2,3,2,1,2,4,1,4,2,3,3,3,3,2,3,1,4,1,4,1,3,4,4,1,3,2,2,2,1,2,1,3,2,2,1,2,1,4,4,3,2,3,1,3,2,4,3,3,2,2,1,1,3,1,3,3,2,2,1,2,3,2,2,3,2,3,3,3,4,1,1,3,1,1,1,4,2,3,4,1,1,2,1,3,2,1,3,4,2,4,1,3,2,4,1,1,4,4,1,1,4,2,2,2,4,2,4,1,1,1,4,1,4,2,1,2,3,2,2,1,2,3,2,4,1,1,1,1,1,1,1,2,3,1,4,2,2,4,2,1,3,2,1,1,3,2,2,3,3,2,3,1,4,1,4,2,1,1,2,3,1,4,2,2,3,3,2,4,2,4,2,3,1,1,2,4,3,4,3,1,2,3,3,4,4,1,3,2,1,2,3,2,3,3,2,1,3,2,4,2,3,3,2,1,1,2,1,1,4,3,3,1,2,3,1,2,2,1,1,2,2,4,1,2,3,4,3,3,2,2,1,1,4,3,2,1,4,3,1,3,3,3,2,1,2,4,3,3,1,1,2,3,1,3,3,2,4,1,2,2,1,3,3,2,1,2,4,2,4,1,3,1,1,1,4,2,1,4,3,3,2,2,1,2,1,4,4,2,2,2,1,1,1,1,4,1,3,1,2,2,3,1,3,4,1,4,1,4,1,1,1,1,2,3,1,1,2,4,2,4,4,2,1,3,1,1,3,3,1,3,1,4,2,4,3,3,1,4,2,4,4,4,2,1,3,1,3,3,3,1,1,2,4,4,1,3,3,2,2,2,3,1,4,1,3,2,1,3,3,4,2,3,3,2,1,2,2,3,4,3,2,1,2,3,1,2,1,4,2,1,4,2,1,4,3,2,1,2,3,1,3,1,2,1,1,1,1,2,1,3,1,1,4,1,3,3,2,2,4,3,4,4,2,4,4,2,1,4,4,4,3,1,2,4,3,3,2,1,3,2,1,4,4,2,2,1,1,3,4,4,2,2,1,4,1,2,3,2,1,3,4,4,3,4,4,1,1,2,3,1,1,1,1,2,2,1,3,1,3,1,4,2,1,1,4,2,4,3,2,1,4,2,3,1,3,2,2,2,1,1,2,2,4,2,2,2,2,2,1,2,3,2,3,1,1,3,4,2,2,2,4,3,3,1,2,2,3,2,3,3,1,2,2,4,4,1,4,4,1,2,4,1,3,3,3,2,3,3,1,1,2,4,3,3,4,2,4,1,2,4,1,4,3,1,1,1,4,4,1,2,2,2,2,2,1,1,1,1,1,1,4,2,2,3,4,4,1,2,3,2,4,1,2,2,3,2,1,1,2,2,1,1,2,3,1,2,1,4,4,1,2,4,2,1,1,2,1,3,3,4,2,2,1,2,4,1,2,2,1,2,1,2,3,1,3,2,3,4,2,1,3,2,3,2,1,2,2,4,4,1,1,4,3,3,2,4,2,4,1,2,3,3,1,3,2,1,3,1,1,2,2,4,2,1,1,1,3,2,4,4,4,1,3,1,4,2,1,3,2,1,1,1,1,4,3,1,1,2,2,3,4,3,2,4,2,1,1,1,1,3,1,1,2,1,1,4,2,4,2,1,3,3,1,2,1,2,1,4,4,2,4,1,4,1,2,2,1,4,1,2,3,2,4,1,2,3,2,1,4,2,2,3,2,3,1,2,1,2,3,2,2,2,3,2,4,1,4,2,3,2,2,2,3,2,4,3,1,1,2,1,1,1,2,1,2,3,2,1,1,1,1,2,1,2,3,2,4,1,1,4,4,3,2,4,3,1,3,2,1,2,3,3,3,3,4,3,1,1,1,3,1,2,1,4,4,3,2,4,3,4,4,1,2,1,2,4,4,3,2,1,3,1,4,3,3,1,3,2,2,2,1,4,1,4,1,4,1,1,4,1,1,3,2,4,2,4,2,3,2,2,3,4,4,3,2,2,4,1,2,1,3,3,1,1,4,1,1,2,3,4,4,3,1,1,2,2,4,1,1,4,2,3,4,3,4,3,2,1,3,2,2,2,1,1,3,2,2,3,2,1,2,3,4,3,1,3,4,2,4,3,4,1,3,1,1,2,4,2,2,4,4,3,1,4,2,3,1,4,1,2,3,3,1,4,2,1,3,2,3,1,1,2,1,1,2,1,3,3,2,4,2,2,2,3,2,3,3,2,2,2,2,4,1,1,1,1,2,1,2,1,4,2,2,2,1,1,1,2,4,1,4,2,2,3,4,1,1,1,4,4,2,2,3,3,3,3,1,2,1,2,4,4,2,2,3,2,1,1,1,1,2,3,1,2,3,4,3,4,1,1,3,1,4,4,3,2,1,4,1,2,2,1,2,1,4,1,3,1,1,4,4,1,4,4,1,1,1,3,1,2,1,1,1,1,2,1,3,2,4,4,1,2,4,2,1,1,4,2,4,4,3,3,2,1,2,3,2,1,1,1,2,3,3,4,2,1,4,2,3,2,2,4,4,1,1,2,3,1,2,3,4,2,1,2,1,2,1,4,2,2,3,3,1,4,2,1,2,3,1,1,4,1,3,3,1,2,4,1,4,1,2,1,1,1,2,2,3,3,1,1,4,2,2,4,2,1,1,2,2,1,2,4,3,2,3,3,4,4,1,4,4,3,2,4,3,1,1,3,2,4,2,2,1,1,4,4,2,1,1,3,3,3,3,1,3,2,2,2,2,1,1,3,2,4,4,1,2,3,1,3,1,1,3,1,4,1,1,2,1,3,1,2,2,4,1,1,4,1,4,4,2,1,1,2,3,1,1,1,1,2,3,4,3,2,3,3,1,2,4,2,3,1,2,2,2,4,3,2,2,2,4,1,1,1,2,4,2,1,4,2,1,1,1,2,1,2,1,2,3,3,3,2,4,3,3,1,1,4,2,3,1,4,4,4,3,2,4,3,2,1,3,4,1,2,2,1,2,3,3,1,4,3,3,2,2,1,1,2,3,3,4,4,2,1,1,3,1,1,3,2,3,4,1,3,1,4,2,4,1,1,1,1,4,1,3,1,1,3,1,4,2,2,1,2,2,4,1,2,4,3,1,3,2,1,2,2,3,3,2,1,2,4,1,4,2,1,1,4,1,1,4,4,2,4,2,4,3,2,2,4,3,2,3,1,2,4,3,4,1,3,1,2,4,4,2,2,2,1,2,2,1,4,2,1,2,1,4,2,1,2,4,1,2,1,2,1,1,4,2,1,2,1,2,4,4,3,4,1,2,1,1,2,2,2,2,2,4,4,3,3,2,4,2,3,4,3,2,2,2,3,2,1,3,2,1,1,1,3,1,3,2,3,1,4,3,4,1,1,3,1,3,2,1,3,1,1,2"
141,0.9882627241940299,0.5,2136.0,"4,2,1,1,2,2,3,1,2,1,4,4,4,1,2,2,4,1,1,2,1,2,4,1,3,1,2,2,4,1,1,2,3,3,1,2,4,1,2,4,1,2,2,2,2,2,3,2,1,2,4,4,3,2,1,4,2,2,1,4,4,4,3,1,3,3,3,2,3,2,1,2,2,3,4,2,3,3,3,1,2,1,4,1,2,3,1,2,1,2,1,2,2,2,3,4,1,1,3,1,2,2,3,2,2,4,1,4,2,1,1,1,3,3,1,2,3,4,4,1,3,2,2,3,2,2,3,2,4,1,2,2,1,1,1,2,3,4,2,2,4,3,2,3,4,4,2,1,1,1,1,1,1,3,3,4,2,2,2,1,4,1,1,3,1,3,3,1,1,4,1,2,2,2,1,3,3,1,4,1,3,2,3,2,3,2,1,2,4,1,4,2,3,3,3,3,2,3,1,4,1,4,1,3,4,4,1,3,2,2,2,1,2,1,3,2,2,1,2,1,4,4,3,2,3,1,3,2,4,3,3,2,2,1,1,3,1,3,3,2,2,1,2,3,2,2,3,2,3,3,3,4,1,1,3,1,1,1,4,2,3,4,1,1,2,1,3,2,1,3,4,2,4,1,3,2,4,1,1,4,4,1,1,4,2,2,2,4,2,4,1,1,1,4,1,4,2,1,2,3,2,2,1,2,3,2,4,1,1,1,1,1,1,1,2,3,1,4,2,2,4,2,1,3,2,1,1,3,2,2,3,3,2,3,1,4,1,4,2,1,1,2,3,1,4,2,2,3,3,2,4,2,4,2,3,1,1,2,4,3,4,3,1,2,3,3,4,4,1,3,2,1,2,3,2,3,3,2,1,3,2,4,2,3,3,2,1,1,2,1,1,4,3,3,1,2,3,1,2,2,1,1,2,2,4,1,2,3,4,3,3,2,2,1,1,4,3,2,1,4,3,1,3,3,3,2,1,2,4,3,3,1,1,2,3,1,3,3,2,4,1,2,2,1,3,3,2,1,2,4,2,4,1,3,1,1,1,4,2,1,4,3,3,2,2,1,2,1,4,4,2,2,2,1,1,1,1,4,1,3,1,2,2,3,1,3,4,1,4,1,4,1,1,1,1,2,3,1,1,2,4,2,4,4,2,1,3,1,1,3,3,1,3,1,4,2,4,3,3,1,4,2,4,4,4,2,1,3,1,3,3,3,1,1,2,4,4,1,3,3,2,2,2,3,1,4,1,3,2,1,3,3,4,2,3,3,2,1,2,2,3,4,3,2,1,2,3,1,2,1,4,2,1,4,2,1,4,3,2,1,2,3,1,3,1,2,1,1,1,1,2,1,3,1,1,4,1,3,3,2,2,4,3,4,4,2,4,4,2,1,4,4,4,3,1,2,4,3,3,2,1,3,2,1,4,4,2,2,1,1,3,4,4,2,2,1,4,1,2,3,2,1,3,4,4,3,4,4,1,1,2,3,1,1,1,1,2,2,1,3,1,3,1,4,2,1,1,4,2,4,3,2,1,4,2,3,1,3,2,2,2,1,1,2,2,4,2,2,2,2,2,1,2,3,2,3,1,1,3,4,2,2,2,4,3,3,1,2,2,3,2,3,3,1,2,2,4,4,1,4,4,1,2,4,1,3,3,3,2,3,3,1,1,2,4,3,3,4,2,4,1,2,4,1,4,3,1,1,1,4,4,1,2,2,2,2,2,1,1,1,1,1,1,4,2,2,3,4,4,1,2,3,2,4,1,2,2,3,2,1,1,2,2,1,1,2,3,1,2,1,4,4,1,2,4,2,1,1,2,1,3,3,4,2,2,1,2,4,1,2,2,1,2,1,2,3,1,3,2,3,4,2,1,3,2,3,2,1,2,2,4,4,1,1,4,3,3,2,4,2,4,1,2,3,3,1,3,2,1,3,1,1,2,2,4,2,1,1,1,3,2,4,4,4,1,3,1,4,2,1,3,2,1,1,1,1,4,3,1,1,2,2,3,4,3,2,4,2,1,1,1,1,3,1,1,2,1,1,4,2,4,2,1,3,3,1,2,1,2,1,4,4,2,4,1,4,1,2,2,1,4,1,2,3,2,4,1,2,3,2,1,4,2,2,3,2,3,1,2,1,2,3,2,2,2,3,2,4,1,4,2,3,2,2,2,3,2,4,3,1,1,2,1,1,1,2,1,2,3,2,1,1,1,1,2,1,2,3,2,4,1,1,4,4,3,2,4,3,1,3,2,1,2,3,3,3,3,4,3,1,1,1,3,1,2,1,4,4,3,2,4,3,4,4,1,2,1,2,4,4,3,2,1,3,1,4,3,3,1,3,2,2,2,1,4,1,4,1,4,1,1,4,1,1,3,2,4,2,4,2,3,2,2,3,4,4,3,2,2,4,1,2,1,3,3,1,1,4,1,1,2,3,4,4,3,1,1,2,2,4,1,1,4,2,3,4,3,4,3,2,1,3,2,2,2,1,1,3,2,2,3,2,1,2,3,4,3,1,3,4,2,4,3,4,1,3,1,1,2,4,2,2,4,4,3,1,4,2,3,1,4,1,2,3,3,1,4,2,1,3,2,3,1,1,2,1,1,2,1,3,3,2,4,2,2,2,3,2,3,3,2,2,2,2,4,1,1,1,1,2,1,2,1,4,2,2,2,1,1,1,2,4,1,4,2,2,3,4,1,1,1,4,4,2,2,3,3,3,3,1,2,1,2,4,4,2,2,3,2,1,1,1,1,2,3,1,2,3,4,3,4,1,1,3,1,4,4,3,2,1,4,1,2,2,1,2,1,4,1,3,1,1,4,4,1,4,4,1,1,1,3,1,2,1,1,1,1,2,1,3,2,4,4,1,2,4,2,1,1,4,2,4,4,3,3,2,1,2,3,2,1,1,1,2,3,3,4,2,1,4,2,3,2,2,4,4,1,1,2,3,1,2,3,4,2,1,2,1,2,1,4,2,2,3,3,1,4,2,1,2,3,1,1,4,1,3,3,1,2,4,1,4,1,2,1,1,1,2,2,3,3,1,1,4,2,2,4,2,1,1,2,2,1,2,4,3,2,3,3,4,4,1,4,4,3,2,4,3,1,1,3,2,4,2,2,1,1,4,4,2,1,1,3,3,3,3,1,3,2,2,2,2,1,1,3,2,4,4,1,2,3,1,3,1,1,3,1,4,1,1,2,1,3,1,2,2,4,1,1,4,1,4,4,2,1,1,2,3,1,1,1,1,2,3,4,3,2,3,3,1,2,4,2,3,1,2,2,2,4,3,2,2,2,4,1,1,1,2,4,2,1,4,2,1,1,1,2,1,2,1,2,3,3,3,2,4,3,3,1,1,4,2,3,1,4,4,4,3,2,4,3,2,1,3,4,1,2,2,1,2,3,3,1,4,3,3,2,2,1,1,2,3,3,4,4,2,1,1,3,1,1,3,2,3,4,1,3,1,4,2,4,1,1,1,1,4,1,3,1,1,3,1,4,2,2,1,2,2,4,1,2,4,3,1,3,2,1,2,2,3,3,2,1,2,4,1,4,2,1,1,4,1,1,4,4,2,4,2,4,3,2,2,4,3,2,3,1,2,4,3,4,1,3,1,2,4,4,2,2,2,1,2,2,1,4,2,1,2,1,4,2,1,2,4,1,2,1,2,1,1,4,2,1,2,1,2,4,4,3,4,1,2,1,1,2,2,2,2,2,4,4,3,3,2,4,2,3,4,3,2,2,2,3,2,1,3,2,1,1,1,3,1,3,2,3,1,4,3,4,1,1,3,1,3,2,1,3,1,1,2"
142,0.9882627241940299,0.5,2136.0,"4,2,1,1,2,2,3,1,2,1,4,4,4,1,2,2,4,1,1,2,1,2,4,1,3,1,2,2,4,1,1,2,3,3,1,2,4,1,2,4,1,2,2,2,2,2,3,2,1,2,4,4,3,2,1,4,2,2,1,4,4,4,3,1,3,3,3,2,3,2,1,2,2,3,4,2,3,3,3,1,2,1,4,1,2,3,1,2,1,2,1,2,2,2,3,4,1,1,3,1,2,2,3,2,2,4,1,4,2,1,1,1,3,3,1,2,3,4,4,1,3,2,2,3,2,2,3,2,4,1,2,2,1,1,1,2,3,4,2,2,4,3,2,3,4,4,2,1,1,1,1,1,1,3,3,4,2,2,2,1,4,1,1,3,1,3,3,1,1,4,1,2,2,2,1,3,3,1,4,1,3,2,3,2,3,2,1,2,4,1,4,2,3,3,3,3,2,3,1,4,1,4,1,3,4,4,1,3,2,2,2,1,2,1,3,2,2,1,2,1,4,4,3,2,3,1,3,2,4,3,3,2,2,1,1,3,1,3,3,2,2,1,2,3,2,2,3,2,3,3,3,4,1,1,3,1,1,1,4,2,3,4,1,1,2,1,3,2,1,3,4,2,4,1,3,2,4,1,1,4,4,1,1,4,2,2,2,4,2,4,1,1,1,4,1,4,2,1,2,3,2,2,1,2,3,2,4,1,1,1,1,1,1,1,2,3,1,4,2,2,4,2,1,3,2,1,1,3,2,2,3,3,2,3,1,4,1,4,2,1,1,2,3,1,4,2,2,3,3,2,4,2,4,2,3,1,1,2,4,3,4,3,1,2,3,3,4,4,1,3,2,1,2,3,2,3,3,2,1,3,2,4,2,3,3,2,1,1,2,1,1,4,3,3,1,2,3,1,2,2,1,1,2,2,4,1,2,3,4,3,3,2,2,1,1,4,3,2,1,4,3,1,3,3,3,2,1,2,4,3,3,1,1,2,3,1,3,3,2,4,1,2,2,1,3,3,2,1,2,4,2,4,1,3,1,1,1,4,2,1,4,3,3,2,2,1,2,1,4,4,2,2,2,1,1,1,1,4,1,3,1,2,2,3,1,3,4,1,4,1,4,1,1,1,1,2,3,1,1,2,4,2,4,4,2,1,3,1,1,3,3,1,3,1,4,2,4,3,3,1,4,2,4,4,4,2,1,3,1,3,3,3,1,1,2,4,4,1,3,3,2,2,2,3,1,4,1,3,2,1,3,3,4,2,3,3,2,1,2,2,3,4,3,2,1,2,3,1,2,1,4,2,1,4,2,1,4,3,2,1,2,3,1,3,1,2,1,1,1,1,2,1,3,1,1,4,1,3,3,2,2,4,3,4,4,2,4,4,2,1,4,4,4,3,1,2,4,3,3,2,1,3,2,1,4,4,2,2,1,1,3,4,4,2,2,1,4,1,2,3,2,1,3,4,4,3,4,4,1,1,2,3,1,1,1,1,2,2,1,3,1,3,1,4,2,1,1,4,2,4,3,2,1,4,2,3,1,3,2,2,2,1,1,2,2,4,2,2,2,2,2,1,2,3,2,3,1,1,3,4,2,2,2,4,3,3,1,2,2,3,2,3,3,1,2,2,4,4,1,4,4,1,2,4,1,3,3,3,2,3,3,1,1,2,4,3,3,4,2,4,1,2,4,1,4,3,1,1,1,4,4,1,2,2,2,2,2,1,1,1,1,1,1,4,2,2,3,4,4,1,2,3,2,4,1,2,2,3,2,1,1,2,2,1,1,2,3,1,2,1,4,4,1,2,4,2,1,1,2,1,3,3,4,2,2,1,2,4,1,2,2,1,2,1,2,3,1,3,2,3,4,2,1,3,2,3,2,1,2,2,4,4,1,1,4,3,3,2,4,2,4,1,2,3,3,1,3,2,1,3,1,1,2,2,4,2,1,1,1,3,2,4,4,4,1,3,1,4,2,1,3,2,1,1,1,1,4,3,1,1,2,2,3,4,3,2,4,2,1,1,1,1,3,1,1,2,1,1,4,2,4,2,1,3,3,1,2,1,2,1,4,4,2,4,1,4,1,2,2,1,4,1,2,3,2,4,1,2,3,2,1,4,2,2,3,2,3,1,2,1,2,3,2,2,2,3,2,4,1,4,2,3,2,2,2,3,2,4,3,1,1,2,1,1,1,2,1,2,3,2,1,1,1,1,2,1,2,3,2,4,1,1,4,4,3,2,4,3,1,3,2,1,2,3,3,3,3,4,3,1,1,1,3,1,2,1,4,4,3,2,4,3,4,4,1,2,1,2,4,4,3,2,1,3,1,4,3,3,1,3,2,2,2,1,4,1,4,1,4,1,1,4,1,1,3,2,4,2,4,2,3,2,2,3,4,4,3,2,2,4,1,2,1,3,3,1,1,4,1,1,2,3,4,4,3,1,1,2,2,4,1,1,4,2,3,4,3,4,3,2,1,3,2,2,2,1,1,3,2,2,3,2,1,2,3,4,3,1,3,4,2,4,3,4,1,3,1,1,2,4,2,2,4,4,3,1,4,2,3,1,4,1,2,3,3,1,4,2,1,3,2,3,1,1,2,1,1,2,1,3,3,2,4,2,2,2,3,2,3,3,2,2,2,2,4,1,1,1,1,2,1,2,1,4,2,2,2,1,1,1,2,4,1,4,2,2,3,4,1,1,1,4,4,2,2,3,3,3,3,1,2,1,2,4,4,2,2,3,2,1,1,1,1,2,3,1,2,3,4,3,4,1,1,3,1,4,4,3,2,1,4,1,2,2,1,2,1,4,1,3,1,1,4,4,1,4,4,1,1,1,3,1,2,1,1,1,1,2,1,3,2,4,4,1,2,4,2,1,1,4,2,4,4,3,3,2,1,2,3,2,1,1,1,2,3,3,4,2,1,4,2,3,2,2,4,4,1,1,2,3,1,2,3,4,2,1,2,1,2,1,4,2,2,3,3,1,4,2,1,2,3,1,1,4,1,3,3,1,2,4,1,4,1,2,1,1,1,2,2,3,3,1,1,4,2,2,4,2,1,1,2,2,1,2,4,3,2,3,3,4,4,1,4,4,3,2,4,3,1,1,3,2,4,2,2,1,1,4,4,2,1,1,3,3,3,3,1,3,2,2,2,2,1,1,3,2,4,4,1,2,3,1,3,1,1,3,1,4,1,1,2,1,3,1,2,2,4,1,1,4,1,4,4,2,1,1,2,3,1,1,1,1,2,3,4,3,2,3,3,1,2,4,2,3,1,2,2,2,4,3,2,2,2,4,1,1,1,2,4,2,1,4,2,1,1,1,2,1,2,1,2,3,3,3,2,4,3,3,1,1,4,2,3,1,4,4,4,3,2,4,3,2,1,3,4,1,2,2,1,2,3,3,1,4,3,3,2,2,1,1,2,3,3,4,4,2,1,1,3,1,1,3,2,3,4,1,3,1,4,2,4,1,1,1,1,4,1,3,1,1,3,1,4,2,2,1,2,2,4,1,2,4,3,1,3,2,1,2,2,3,3,2,1,2,4,1,4,2,1,1,4,1,1,4,4,2,4,2,4,3,2,2,4,3,2,3,1,2,4,3,4,1,3,1,2,4,4,2,2,2,1,2,2,1,4,2,1,2,1,4,2,1,2,4,1,2,1,2,1,1,4,2,1,2,1,2,4,4,3,4,1,2,1,1,2,2,2,2,2,4,4,3,3,2,4,2,3,4,3,2,2,2,3,2,1,3,2,1,1,1,3,1,3,2,3,1,4,3,4,1,1,3,1,3,2,1,3,1,1,2"
143,0.9882627241940299,0.5,2136.0,"4,2,1,1,2,2,3,1,2,1,4,4,4,1,2,2,4,1,1,2,1,2,4,1,3,1,2,2,4,1,1,2,3,3,1,2,4,1,2,4,1,2,2,2,2,2,3,2,1,2,4,4,3,2,1,4,2,2,1,4,4,4,3,1,3,3,3,2,3,2,1,2,2,3,4,2,3,3,3,1,2,1,4,1,2,3,1,2,1,2,1,2,2,2,3,4,1,1,3,1,2,2,3,2,2,4,1,4,2,1,1,1,3,3,1,2,3,4,4,1,3,2,2,3,2,2,3,2,4,1,2,2,1,1,1,2,3,4,2,2,4,3,2,3,4,4,2,1,1,1,1,1,1,3,3,4,2,2,2,1,4,1,1,3,1,3,3,1,1,4,1,2,2,2,1,3,3,1,4,1,3,2,3,2,3,2,1,2,4,1,4,2,3,3,3,3,2,3,1,4,1,4,1,3,4,4,1,3,2,2,2,1,2,1,3,2,2,1,2,1,4,4,3,2,3,1,3,2,4,3,3,2,2,1,1,3,1,3,3,2,2,1,2,3,2,2,3,2,3,3,3,4,1,1,3,1,1,1,4,2,3,4,1,1,2,1,3,2,1,3,4,2,4,1,3,2,4,1,1,4,4,1,1,4,2,2,2,4,2,4,1,1,1,4,1,4,2,1,2,3,2,2,1,2,3,2,4,1,1,1,1,1,1,1,2,3,1,4,2,2,4,2,1,3,2,1,1,3,2,2,3,3,2,3,1,4,1,4,2,1,1,2,3,1,4,2,2,3,3,2,4,2,4,2,3,1,1,2,4,3,4,3,1,2,3,3,4,4,1,3,2,1,2,3,2,3,3,2,1,3,2,4,2,3,3,2,1,1,2,1,1,4,3,3,1,2,3,1,2,2,1,1,2,2,4,1,2,3,4,3,3,2,2,1,1,4,3,2,1,4,3,1,3,3,3,2,1,2,4,3,3,1,1,2,3,1,3,3,2,4,1,2,2,1,3,3,2,1,2,4,2,4,1,3,1,1,1,4,2,1,4,3,3,2,2,1,2,1,4,4,2,2,2,1,1,1,1,4,1,3,1,2,2,3,1,3,4,1,4,1,4,1,1,1,1,2,3,1,1,2,4,2,4,4,2,1,3,1,1,3,3,1,3,1,4,2,4,3,3,1,4,2,4,4,4,2,1,3,1,3,3,3,1,1,2,4,4,1,3,3,2,2,2,3,1,4,1,3,2,1,3,3,4,2,3,3,2,1,2,2,3,4,3,2,1,2,3,1,2,1,4,2,1,4,2,1,4,3,2,1,2,3,1,3,1,2,1,1,1,1,2,1,3,1,1,4,1,3,3,2,2,4,3,4,4,2,4,4,2,1,4,4,4,3,1,2,4,3,3,2,1,3,2,1,4,4,2,2,1,1,3,4,4,2,2,1,4,1,2,3,2,1,3,4,4,3,4,4,1,1,2,3,1,1,1,1,2,2,1,3,1,3,1,4,2,1,1,4,2,4,3,2,1,4,2,3,1,3,2,2,2,1,1,2,2,4,2,2,2,2,2,1,2,3,2,3,1,1,3,4,2,2,2,4,3,3,1,2,2,3,2,3,3,1,2,2,4,4,1,4,4,1,2,4,1,3,3,3,2,3,3,1,1,2,4,3,3,4,2,4,1,2,4,1,4,3,1,1,1,4,4,1,2,2,2,2,2,1,1,1,1,1,1,4,2,2,3,4,4,1,2,3,2,4,1,2,2,3,2,1,1,2,2,1,1,2,3,1,2,1,4,4,1,2,4,2,1,1,2,1,3,3,4,2,2,1,2,4,1,2,2,1,2,1,2,3,1,3,2,3,4,2,1,3,2,3,2,1,2,2,4,4,1,1,4,3,3,2,4,2,4,1,2,3,3,1,3,2,1,3,1,1,2,2,4,2,1,1,1,3,2,4,4,4,1,3,1,4,2,1,3,2,1,1,1,1,4,3,1,1,2,2,3,4,3,2,4,2,1,1,1,1,3,1,1,2,1,1,4,2,4,2,1,3,3,1,2,1,2,1,4,4,2,4,1,4,1,2,2,1,4,1,2,3,2,4,1,2,3,2,1,4,2,2,3,2,3,1,2,1,2,3,2,2,2,3,2,4,1,4,2,3,2,2,2,3,2,4,3,1,1,2,1,1,1,2,1,2,3,2,1,1,1,1,2,1,2,3,2,4,1,1,4,4,3,2,4,3,1,3,2,1,2,3,3,3,3,4,3,1,1,1,3,1,2,1,4,4,3,2,4,3,4,4,1,2,1,2,4,4,3,2,1,3,1,4,3,3,1,3,2,2,2,1,4,1,4,1,4,1,1,4,1,1,3,2,4,2,4,2,3,2,2,3,4,4,3,2,2,4,1,2,1,3,3,1,1,4,1,1,2,3,4,4,3,1,1,2,2,4,1,1,4,2,3,4,3,4,3,2,1,3,2,2,2,1,1,3,2,2,3,2,1,2,3,4,3,1,3,4,2,4,3,4,1,3,1,1,2,4,2,2,4,4,3,1,4,2,3,1,4,1,2,3,3,1,4,2,1,3,2,3,1,1,2,1,1,2,1,3,3,2,4,2,2,2,3,2,3,3,2,2,2,2,4,1,1,1,1,2,1,2,1,4,2,2,2,1,1,1,2,4,1,4,2,2,3,4,1,1,1,4,4,2,2,3,3,3,3,1,2,1,2,4,4,2,2,3,2,1,1,1,1,2,3,1,2,3,4,3,4,1,1,3,1,4,4,3,2,1,4,1,2,2,1,2,1,4,1,3,1,1,4,4,1,4,4,1,1,1,3,1,2,1,1,1,1,2,1,3,2,4,4,1,2,4,2,1,1,4,2,4,4,3,3,2,1,2,3,2,1,1,1,2,3,3,4,2,1,4,2,3,2,2,4,4,1,1,2,3,1,2,3,4,2,1,2,1,2,1,4,2,2,3,3,1,4,2,1,2,3,1,1,4,1,3,3,1,2,4,1,4,1,2,1,1,1,2,2,3,3,1,1,4,2,2,4,2,1,1,2,2,1,2,4,3,2,3,3,4,4,1,4,4,3,2,4,3,1,1,3,2,4,2,2,1,1,4,4,2,1,1,3,3,3,3,1,3,2,2,2,2,1,1,3,2,4,4,1,2,3,1,3,1,1,3,1,4,1,1,2,1,3,1,2,2,4,1,1,4,1,4,4,2,1,1,2,3,1,1,1,1,2,3,4,3,2,3,3,1,2,4,2,3,1,2,2,2,4,3,2,2,2,4,1,1,1,2,4,2,1,4,2,1,1,1,2,1,2,1,2,3,3,3,2,4,3,3,1,1,4,2,3,1,4,4,4,3,2,4,3,2,1,3,4,1,2,2,1,2,3,3,1,4,3,3,2,2,1,1,2,3,3,4,4,2,1,1,3,1,1,3,2,3,4,1,3,1,4,2,4,1,1,1,1,4,1,3,1,1,3,1,4,2,2,1,2,2,4,1,2,4,3,1,3,2,1,2,2,3,3,2,1,2,4,1,4,2,1,1,4,1,1,4,4,2,4,2,4,3,2,2,4,3,2,3,1,2,4,3,4,1,3,1,2,4,4,2,2,2,1,2,2,1,4,2,1,2,1,4,2,1,2,4,1,2,1,2,1,1,4,2,1,2,1,2,4,4,3,4,1,2,1,1,2,2,2,2,2,4,4,3,3,2,4,2,3,4,3,2,2,2,3,2,1,3,2,1,1,1,3,1,3,2,3,1,4,3,4,1,1,3,1,3,2,1,3,1,1,2"
144,0.9882627241940299,0.5,2136.0,"4,2,1,1,2,2,3,1,2,1,4,4,4,1,2,2,4,1,1,2,1,2,4,1,3,1,2,2,4,1,1,2,3,3,1,2,4,1,2,4,1,2,2,2,2,2,3,2,1,2,4,4,3,2,1,4,2,2,1,4,4,4,3,1,3,3,3,2,3,2,1,2,2,3,4,2,3,3,3,1,2,1,4,1,2,3,1,2,1,2,1,2,2,2,3,4,1,1,3,1,2,2,3,2,2,4,1,4,2,1,1,1,3,3,1,2,3,4,4,1,3,2,2,3,2,2,3,2,4,1,2,2,1,1,1,2,3,4,2,2,4,3,2,3,4,4,2,1,1,1,1,1,1,3,3,4,2,2,2,1,4,1,1,3,1,3,3,1,1,4,1,2,2,2,1,3,3,1,4,1,3,2,3,2,3,2,1,2,4,1,4,2,3,3,3,3,2,3,1,4,1,4,1,3,4,4,1,3,2,2,2,1,2,1,3,2,2,1,2,1,4,4,3,2,3,1,3,2,4,3,3,2,2,1,1,3,1,3,3,2,2,1,2,3,2,2,3,2,3,3,3,4,1,1,3,1,1,1,4,2,3,4,1,1,2,1,3,2,1,3,4,2,4,1,3,2,4,1,1,4,4,1,1,4,2,2,2,4,2,4,1,1,1,4,1,4,2,1,2,3,2,2,1,2,3,2,4,1,1,1,1,1,1,1,2,3,1,4,2,2,4,2,1,3,2,1,1,3,2,2,3,3,2,3,1,4,1,4,2,1,1,2,3,1,4,2,2,3,3,2,4,2,4,2,3,1,1,2,4,3,4,3,1,2,3,3,4,4,1,3,2,1,2,3,2,3,3,2,1,3,2,4,2,3,3,2,1,1,2,1,1,4,3,3,1,2,3,1,2,2,1,1,2,2,4,1,2,3,4,3,3,2,2,1,1,4,3,2,1,4,3,1,3,3,3,2,1,2,4,3,3,1,1,2,3,1,3,3,2,4,1,2,2,1,3,3,2,1,2,4,2,4,1,3,1,1,1,4,2,1,4,3,3,2,2,1,2,1,4,4,2,2,2,1,1,1,1,4,1,3,1,2,2,3,1,3,4,1,4,1,4,1,1,1,1,2,3,1,1,2,4,2,4,4,2,1,3,1,1,3,3,1,3,1,4,2,4,3,3,1,4,2,4,4,4,2,1,3,1,3,3,3,1,1,2,4,4,1,3,3,2,2,2,3,1,4,1,3,2,1,3,3,4,2,3,3,2,1,2,2,3,4,3,2,1,2,3,1,2,1,4,2,1,4,2,1,4,3,2,1,2,3,1,3,1,2,1,1,1,1,2,1,3,1,1,4,1,3,3,2,2,4,3,4,4,2,4,4,2,1,4,4,4,3,1,2,4,3,3,2,1,3,2,1,4,4,2,2,1,1,3,4,4,2,2,1,4,1,2,3,2,1,3,4,4,3,4,4,1,1,2,3,1,1,1,1,2,2,1,3,1,3,1,4,2,1,1,4,2,4,3,2,1,4,2,3,1,3,2,2,2,1,1,2,2,4,2,2,2,2,2,1,2,3,2,3,1,1,3,4,2,2,2,4,3,3,1,2,2,3,2,3,3,1,2,2,4,4,1,4,4,1,2,4,1,3,3,3,2,3,3,1,1,2,4,3,3,4,2,4,1,2,4,1,4,3,1,1,1,4,4,1,2,2,2,2,2,1,1,1,1,1,1,4,2,2,3,4,4,1,2,3,2,4,1,2,2,3,2,1,1,2,2,1,1,2,3,1,2,1,4,4,1,2,4,2,1,1,2,1,3,3,4,2,2,1,2,4,1,2,2,1,2,1,2,3,1,3,2,3,4,2,1,3,2,3,2,1,2,2,4,4,1,1,4,3,3,2,4,2,4,1,2,3,3,1,3,2,1,3,1,1,2,2,4,2,1,1,1,3,2,4,4,4,1,3,1,4,2,1,3,2,1,1,1,1,4,3,1,1,2,2,3,4,3,2,4,2,1,1,1,1,3,1,1,2,1,1,4,2,4,2,1,3,3,1,2,1,2,1,4,4,2,4,1,4,1,2,2,1,4,1,2,3,2,4,1,2,3,2,1,4,2,2,3,2,3,1,2,1,2,3,2,2,2,3,2,4,1,4,2,3,2,2,2,3,2,4,3,1,1,2,1,1,1,2,1,2,3,2,1,1,1,1,2,1,2,3,2,4,1,1,4,4,3,2,4,3,1,3,2,1,2,3,3,3,3,4,3,1,1,1,3,1,2,1,4,4,3,2,4,3,4,4,1,2,1,2,4,4,3,2,1,3,1,4,3,3,1,3,2,2,2,1,4,1,4,1,4,1,1,4,1,1,3,2,4,2,4,2,3,2,2,3,4,4,3,2,2,4,1,2,1,3,3,1,1,4,1,1,2,3,4,4,3,1,1,2,2,4,1,1,4,2,3,4,3,4,3,2,1,3,2,2,2,1,1,3,2,2,3,2,1,2,3,4,3,1,3,4,2,4,3,4,1,3,1,1,2,4,2,2,4,4,3,1,4,2,3,1,4,1,2,3,3,1,4,2,1,3,2,3,1,1,2,1,1,2,1,3,3,2,4,2,2,2,3,2,3,3,2,2,2,2,4,1,1,1,1,2,1,2,1,4,2,2,2,1,1,1,2,4,1,4,2,2,3,4,1,1,1,4,4,2,2,3,3,3,3,1,2,1,2,4,4,2,2,3,2,1,1,1,1,2,3,1,2,3,4,3,4,1,1,3,1,4,4,3,2,1,4,1,2,2,1,2,1,4,1,3,1,1,4,4,1,4,4,1,1,1,3,1,2,1,1,1,1,2,1,3,2,4,4,1,2,4,2,1,1,4,2,4,4,3,3,2,1,2,3,2,1,1,1,2,3,3,4,2,1,4,2,3,2,2,4,4,1,1,2,3,1,2,3,4,2,1,2,1,2,1,4,2,2,3,3,1,4,2,1,2,3,1,1,4,1,3,3,1,2,4,1,4,1,2,1,1,1,2,2,3,3,1,1,4,2,2,4,2,1,1,2,2,1,2,4,3,2,3,3,4,4,1,4,4,3,2,4,3,1,1,3,2,4,2,2,1,1,4,4,2,1,1,3,3,3,3,1,3,2,2,2,2,1,1,3,2,4,4,1,2,3,1,3,1,1,3,1,4,1,1,2,1,3,1,2,2,4,1,1,4,1,4,4,2,1,1,2,3,1,1,1,1,2,3,4,3,2,3,3,1,2,4,2,3,1,2,2,2,4,3,2,2,2,4,1,1,1,2,4,2,1,4,2,1,1,1,2,1,2,1,2,3,3,3,2,4,3,3,1,1,4,2,3,1,4,4,4,3,2,4,3,2,1,3,4,1,2,2,1,2,3,3,1,4,3,3,2,2,1,1,2,3,3,4,4,2,1,1,3,1,1,3,2,3,4,1,3,1,4,2,4,1,1,1,1,4,1,3,1,1,3,1,4,2,2,1,2,2,4,1,2,4,3,1,3,2,1,2,2,3,3,2,1,2,4,1,4,2,1,1,4,1,1,4,4,2,4,2,4,3,2,2,4,3,2,3,1,2,4,3,4,1,3,1,2,4,4,2,2,2,1,2,2,1,4,2,1,2,1,4,2,1,2,4,1,2,1,2,1,1,4,2,1,2,1,2,4,4,3,4,1,2,1,1,2,2,2,2,2,4,4,3,3,2,4,2,3,4,3,2,2,2,3,2,1,3,2,1,1,1,3,1,3,2,3,1,4,3,4,1,1,3,1,3,2,1,3,1,1,2"
145,0.9882627241940299,0.5,2136.0,"4,2,1,1,2,2,3,1,2,1,4,4,4,1,2,2,4,1,1,2,1,2,4,1,3,1,2,2,4,1,1,2,3,3,1,2,4,1,2,4,1,2,2,2,2,2,3,2,1,2,4,4,3,2,1,4,2,2,1,4,4,4,3,1,3,3,3,2,3,2,1,2,2,3,4,2,3,3,3,1,2,1,4,1,2,3,1,2,1,2,1,2,2,2,3,4,1,1,3,1,2,2,3,2,2,4,1,4,2,1,1,1,3,3,1,2,3,4,4,1,3,2,2,3,2,2,3,2,4,1,2,2,1,1,1,2,3,4,2,2,4,3,2,3,4,4,2,1,1,1,1,1,1,3,3,4,2,2,2,1,4,1,1,3,1,3,3,1,1,4,1,2,2,2,1,3,3,1,4,1,3,2,3,2,3,2,1,2,4,1,4,2,3,3,3,3,2,3,1,4,1,4,1,3,4,4,1,3,2,2,2,1,2,1,3,2,2,1,2,1,4,4,3,2,3,1,3,2,4,3,3,2,2,1,1,3,1,3,3,2,2,1,2,3,2,2,3,2,3,3,3,4,1,1,3,1,1,1,4,2,3,4,1,1,2,1,3,2,1,3,4,2,4,1,3,2,4,1,1,4,4,1,1,4,2,2,2,4,2,4,1,1,1,4,1,4,2,1,2,3,2,2,1,2,3,2,4,1,1,1,1,1,1,1,2,3,1,4,2,2,4,2,1,3,2,1,1,3,2,2,3,3,2,3,1,4,1,4,2,1,1,2,3,1,4,2,2,3,3,2,4,2,4,2,3,1,1,2,4,3,4,3,1,2,3,3,4,4,1,3,2,1,2,3,2,3,3,2,1,3,2,4,2,3,3,2,1,1,2,1,1,4,3,3,1,2,3,1,2,2,1,1,2,2,4,1,2,3,4,3,3,2,2,1,1,4,3,2,1,4,3,1,3,3,3,2,1,2,4,3,3,1,1,2,3,1,3,3,2,4,1,2,2,1,3,3,2,1,2,4,2,4,1,3,1,1,1,4,2,1,4,3,3,2,2,1,2,1,4,4,2,2,2,1,1,1,1,4,1,3,1,2,2,3,1,3,4,1,4,1,4,1,1,1,1,2,3,1,1,2,4,2,4,4,2,1,3,1,1,3,3,1,3,1,4,2,4,3,3,1,4,2,4,4,4,2,1,3,1,3,3,3,1,1,2,4,4,1,3,3,2,2,2,3,1,4,1,3,2,1,3,3,4,2,3,3,2,1,2,2,3,4,3,2,1,2,3,1,2,1,4,2,1,4,2,1,4,3,2,1,2,3,1,3,1,2,1,1,1,1,2,1,3,1,1,4,1,3,3,2,2,4,3,4,4,2,4,4,2,1,4,4,4,3,1,2,4,3,3,2,1,3,2,1,4,4,2,2,1,1,3,4,4,2,2,1,4,1,2,3,2,1,3,4,4,3,4,4,1,1,2,3,1,1,1,1,2,2,1,3,1,3,1,4,2,1,1,4,2,4,3,2,1,4,2,3,1,3,2,2,2,1,1,2,2,4,2,2,2,2,2,1,2,3,2,3,1,1,3,4,2,2,2,4,3,3,1,2,2,3,2,3,3,1,2,2,4,4,1,4,4,1,2,4,1,3,3,3,2,3,3,1,1,2,4,3,3,4,2,4,1,2,4,1,4,3,1,1,1,4,4,1,2,2,2,2,2,1,1,1,1,1,1,4,2,2,3,4,4,1,2,3,2,4,1,2,2,3,2,1,1,2,2,1,1,2,3,1,2,1,4,4,1,2,4,2,1,1,2,1,3,3,4,2,2,1,2,4,1,2,2,1,2,1,2,3,1,3,2,3,4,2,1,3,2,3,2,1,2,2,4,4,1,1,4,3,3,2,4,2,4,1,2,3,3,1,3,2,1,3,1,1,2,2,4,2,1,1,1,3,2,4,4,4,1,3,1,4,2,1,3,2,1,1,1,1,4,3,1,1,2,2,3,4,3,2,4,2,1,1,1,1,3,1,1,2,1,1,4,2,4,2,1,3,3,1,2,1,2,1,4,4,2,4,1,4,1,2,2,1,4,1,2,3,2,4,1,2,3,2,1,4,2,2,3,2,3,1,2,1,2,3,2,2,2,3,2,4,1,4,2,3,2,2,2,3,2,4,3,1,1,2,1,1,1,2,1,2,3,2,1,1,1,1,2,1,2,3,2,4,1,1,4,4,3,2,4,3,1,3,2,1,2,3,3,3,3,4,3,1,1,1,3,1,2,1,4,4,3,2,4,3,4,4,1,2,1,2,4,4,3,2,1,3,1,4,3,3,1,3,2,2,2,1,4,1,4,1,4,1,1,4,1,1,3,2,4,2,4,2,3,2,2,3,4,4,3,2,2,4,1,2,1,3,3,1,1,4,1,1,2,3,4,4,3,1,1,2,2,4,1,1,4,2,3,4,3,4,3,2,1,3,2,2,2,1,1,3,2,2,3,2,1,2,3,4,3,1,3,4,2,4,3,4,1,3,1,1,2,4,2,2,4,4,3,1,4,2,3,1,4,1,2,3,3,1,4,2,1,3,2,3,1,1,2,1,1,2,1,3,3,2,4,2,2,2,3,2,3,3,2,2,2,2,4,1,1,1,1,2,1,2,1,4,2,2,2,1,1,1,2,4,1,4,2,2,3,4,1,1,1,4,4,2,2,3,3,3,3,1,2,1,2,4,4,2,2,3,2,1,1,1,1,2,3,1,2,3,4,3,4,1,1,3,1,4,4,3,2,1,4,1,2,2,1,2,1,4,1,3,1,1,4,4,1,4,4,1,1,1,3,1,2,1,1,1,1,2,1,3,2,4,4,1,2,4,2,1,1,4,2,4,4,3,3,2,1,2,3,2,1,1,1,2,3,3,4,2,1,4,2,3,2,2,4,4,1,1,2,3,1,2,3,4,2,1,2,1,2,1,4,2,2,3,3,1,4,2,1,2,3,1,1,4,1,3,3,1,2,4,1,4,1,2,1,1,1,2,2,3,3,1,1,4,2,2,4,2,1,1,2,2,1,2,4,3,2,3,3,4,4,1,4,4,3,2,4,3,1,1,3,2,4,2,2,1,1,4,4,2,1,1,3,3,3,3,1,3,2,2,2,2,1,1,3,2,4,4,1,2,3,1,3,1,1,3,1,4,1,1,2,1,3,1,2,2,4,1,1,4,1,4,4,2,1,1,2,3,1,1,1,1,2,3,4,3,2,3,3,1,2,4,2,3,1,2,2,2,4,3,2,2,2,4,1,1,1,2,4,2,1,4,2,1,1,1,2,1,2,1,2,3,3,3,2,4,3,3,1,1,4,2,3,1,4,4,4,3,2,4,3,2,1,3,4,1,2,2,1,2,3,3,1,4,3,3,2,2,1,1,2,3,3,4,4,2,1,1,3,1,1,3,2,3,4,1,3,1,4,2,4,1,1,1,1,4,1,3,1,1,3,1,4,2,2,1,2,2,4,1,2,4,3,1,3,2,1,2,2,3,3,2,1,2,4,1,4,2,1,1,4,1,1,4,4,2,4,2,4,3,2,2,4,3,2,3,1,2,4,3,4,1,3,1,2,4,4,2,2,2,1,2,2,1,4,2,1,2,1,4,2,1,2,4,1,2,1,2,1,1,4,2,1,2,1,2,4,4,3,4,1,2,1,1,2,2,2,2,2,4,4,3,3,2,4,2,3,4,3,2,2,2,3,2,1,3,2,1,1,1,3,1,3,2,3,1,4,3,4,1,1,3,1,3,2,1,3,1,1,2"
146,0.9882627241940299,0.5,2136.0,"4,2,1,1,2,2,3,1,2,1,4,4,4,1,2,2,4,1,1,2,1,2,4,1,3,1,2,2,4,1,1,2,3,3,1,2,4,1,2,4,1,2,2,2,2,2,3,2,1,2,4,4,3,2,1,4,2,2,1,4,4,4,3,1,3,3,3,2,3,2,1,2,2,3,4,2,3,3,3,1,2,1,4,1,2,3,1,2,1,2,1,2,2,2,3,4,1,1,3,1,2,2,3,2,2,4,1,4,2,1,1,1,3,3,1,2,3,4,4,1,3,2,2,3,2,2,3,2,4,1,2,2,1,1,1,2,3,4,2,2,4,3,2,3,4,4,2,1,1,1,1,1,1,3,3,4,2,2,2,1,4,1,1,3,1,3,3,1,1,4,1,2,2,2,1,3,3,1,4,1,3,2,3,2,3,2,1,2,4,1,4,2,3,3,3,3,2,3,1,4,1,4,1,3,4,4,1,3,2,2,2,1,2,1,3,2,2,1,2,1,4,4,3,2,3,1,3,2,4,3,3,2,2,1,1,3,1,3,3,2,2,1,2,3,2,2,3,2,3,3,3,4,1,1,3,1,1,1,4,2,3,4,1,1,2,1,3,2,1,3,4,2,4,1,3,2,4,1,1,4,4,1,1,4,2,2,2,4,2,4,1,1,1,4,1,4,2,1,2,3,2,2,1,2,3,2,4,1,1,1,1,1,1,1,2,3,1,4,2,2,4,2,1,3,2,1,1,3,2,2,3,3,2,3,1,4,1,4,2,1,1,2,3,1,4,2,2,3,3,2,4,2,4,2,3,1,1,2,4,3,4,3,1,2,3,3,4,4,1,3,2,1,2,3,2,3,3,2,1,3,2,4,2,3,3,2,1,1,2,1,1,4,3,3,1,2,3,1,2,2,1,1,2,2,4,1,2,3,4,3,3,2,2,1,1,4,3,2,1,4,3,1,3,3,3,2,1,2,4,3,3,1,1,2,3,1,3,3,2,4,1,2,2,1,3,3,2,1,2,4,2,4,1,3,1,1,1,4,2,1,4,3,3,2,2,1,2,1,4,4,2,2,2,1,1,1,1,4,1,3,1,2,2,3,1,3,4,1,4,1,4,1,1,1,1,2,3,1,1,2,4,2,4,4,2,1,3,1,1,3,3,1,3,1,4,2,4,3,3,1,4,2,4,4,4,2,1,3,1,3,3,3,1,1,2,4,4,1,3,3,2,2,2,3,1,4,1,3,2,1,3,3,4,2,3,3,2,1,2,2,3,4,3,2,1,2,3,1,2,1,4,2,1,4,2,1,4,3,2,1,2,3,1,3,1,2,1,1,1,1,2,1,3,1,1,4,1,3,3,2,2,4,3,4,4,2,4,4,2,1,4,4,4,3,1,2,4,3,3,2,1,3,2,1,4,4,2,2,1,1,3,4,4,2,2,1,4,1,2,3,2,1,3,4,4,3,4,4,1,1,2,3,1,1,1,1,2,2,1,3,1,3,1,4,2,1,1,4,2,4,3,2,1,4,2,3,1,3,2,2,2,1,1,2,2,4,2,2,2,2,2,1,2,3,2,3,1,1,3,4,2,2,2,4,3,3,1,2,2,3,2,3,3,1,2,2,4,4,1,4,4,1,2,4,1,3,3,3,2,3,3,1,1,2,4,3,3,4,2,4,1,2,4,1,4,3,1,1,1,4,4,1,2,2,2,2,2,1,1,1,1,1,1,4,2,2,3,4,4,1,2,3,2,4,1,2,2,3,2,1,1,2,2,1,1,2,3,1,2,1,4,4,1,2,4,2,1,1,2,1,3,3,4,2,2,1,2,4,1,2,2,1,2,1,2,3,1,3,2,3,4,2,1,3,2,3,2,1,2,2,4,4,1,1,4,3,3,2,4,2,4,1,2,3,3,1,3,2,1,3,1,1,2,2,4,2,1,1,1,3,2,4,4,4,1,3,1,4,2,1,3,2,1,1,1,1,4,3,1,1,2,2,3,4,3,2,4,2,1,1,1,1,3,1,1,2,1,1,4,2,4,2,1,3,3,1,2,1,2,1,4,4,2,4,1,4,1,2,2,1,4,1,2,3,2,4,1,2,3,2,1,4,2,2,3,2,3,1,2,1,2,3,2,2,2,3,2,4,1,4,2,3,2,2,2,3,2,4,3,1,1,2,1,1,1,2,1,2,3,2,1,1,1,1,2,1,2,3,2,4,1,1,4,4,3,2,4,3,1,3,2,1,2,3,3,3,3,4,3,1,1,1,3,1,2,1,4,4,3,2,4,3,4,4,1,2,1,2,4,4,3,2,1,3,1,4,3,3,1,3,2,2,2,1,4,1,4,1,4,1,1,4,1,1,3,2,4,2,4,2,3,2,2,3,4,4,3,2,2,4,1,2,1,3,3,1,1,4,1,1,2,3,4,4,3,1,1,2,2,4,1,1,4,2,3,4,3,4,3,2,1,3,2,2,2,1,1,3,2,2,3,2,1,2,3,4,3,1,3,4,2,4,3,4,1,3,1,1,2,4,2,2,4,4,3,1,4,2,3,1,4,1,2,3,3,1,4,2,1,3,2,3,1,1,2,1,1,2,1,3,3,2,4,2,2,2,3,2,3,3,2,2,2,2,4,1,1,1,1,2,1,2,1,4,2,2,2,1,1,1,2,4,1,4,2,2,3,4,1,1,1,4,4,2,2,3,3,3,3,1,2,1,2,4,4,2,2,3,2,1,1,1,1,2,3,1,2,3,4,3,4,1,1,3,1,4,4,3,2,1,4,1,2,2,1,2,1,4,1,3,1,1,4,4,1,4,4,1,1,1,3,1,2,1,1,1,1,2,1,3,2,4,4,1,2,4,2,1,1,4,2,4,4,3,3,2,1,2,3,2,1,1,1,2,3,3,4,2,1,4,2,3,2,2,4,4,1,1,2,3,1,2,3,4,2,1,2,1,2,1,4,2,2,3,3,1,4,2,1,2,3,1,1,4,1,3,3,1,2,4,1,4,1,2,1,1,1,2,2,3,3,1,1,4,2,2,4,2,1,1,2,2,1,2,4,3,2,3,3,4,4,1,4,4,3,2,4,3,1,1,3,2,4,2,2,1,1,4,4,2,1,1,3,3,3,3,1,3,2,2,2,2,1,1,3,2,4,4,1,2,3,1,3,1,1,3,1,4,1,1,2,1,3,1,2,2,4,1,1,4,1,4,4,2,1,1,2,3,1,1,1,1,2,3,4,3,2,3,3,1,2,4,2,3,1,2,2,2,4,3,2,2,2,4,1,1,1,2,4,2,1,4,2,1,1,1,2,1,2,1,2,3,3,3,2,4,3,3,1,1,4,2,3,1,4,4,4,3,2,4,3,2,1,3,4,1,2,2,1,2,3,3,1,4,3,3,2,2,1,1,2,3,3,4,4,2,1,1,3,1,1,3,2,3,4,1,3,1,4,2,4,1,1,1,1,4,1,3,1,1,3,1,4,2,2,1,2,2,4,1,2,4,3,1,3,2,1,2,2,3,3,2,1,2,4,1,4,2,1,1,4,1,1,4,4,2,4,2,4,3,2,2,4,3,2,3,1,2,4,3,4,1,3,1,2,4,4,2,2,2,1,2,2,1,4,2,1,2,1,4,2,1,2,4,1,2,1,2,1,1,4,2,1,2,1,2,4,4,3,4,1,2,1,1,2,2,2,2,2,4,4,3,3,2,4,2,3,4,3,2,2,2,3,2,1,3,2,1,1,1,3,1,3,2,3,1,4,3,4,1,1,3,1,3,2,1,3,1,1,2"
147,0.9882627241940299,0.5,2136.0,"4,2,1,1,2,2,3,1,2,1,4,4,4,1,2,2,4,1,1,2,1,2,4,1,3,1,2,2,4,1,1,2,3,3,1,2,4,1,2,4,1,2,2,2,2,2,3,2,1,2,4,4,3,2,1,4,2,2,1,4,4,4,3,1,3,3,3,2,3,2,1,2,2,3,4,2,3,3,3,1,2,1,4,1,2,3,1,2,1,2,1,2,2,2,3,4,1,1,3,1,2,2,3,2,2,4,1,4,2,1,1,1,3,3,1,2,3,4,4,1,3,2,2,3,2,2,3,2,4,1,2,2,1,1,1,2,3,4,2,2,4,3,2,3,4,4,2,1,1,1,1,1,1,3,3,4,2,2,2,1,4,1,1,3,1,3,3,1,1,4,1,2,2,2,1,3,3,1,4,1,3,2,3,2,3,2,1,2,4,1,4,2,3,3,3,3,2,3,1,4,1,4,1,3,4,4,1,3,2,2,2,1,2,1,3,2,2,1,2,1,4,4,3,2,3,1,3,2,4,3,3,2,2,1,1,3,1,3,3,2,2,1,2,3,2,2,3,2,3,3,3,4,1,1,3,1,1,1,4,2,3,4,1,1,2,1,3,2,1,3,4,2,4,1,3,2,4,1,1,4,4,1,1,4,2,2,2,4,2,4,1,1,1,4,1,4,2,1,2,3,2,2,1,2,3,2,4,1,1,1,1,1,1,1,2,3,1,4,2,2,4,2,1,3,2,1,1,3,2,2,3,3,2,3,1,4,1,4,2,1,1,2,3,1,4,2,2,3,3,2,4,2,4,2,3,1,1,2,4,3,4,3,1,2,3,3,4,4,1,3,2,1,2,3,2,3,3,2,1,3,2,4,2,3,3,2,1,1,2,1,1,4,3,3,1,2,3,1,2,2,1,1,2,2,4,1,2,3,4,3,3,2,2,1,1,4,3,2,1,4,3,1,3,3,3,2,1,2,4,3,3,1,1,2,3,1,3,3,2,4,1,2,2,1,3,3,2,1,2,4,2,4,1,3,1,1,1,4,2,1,4,3,3,2,2,1,2,1,4,4,2,2,2,1,1,1,1,4,1,3,1,2,2,3,1,3,4,1,4,1,4,1,1,1,1,2,3,1,1,2,4,2,4,4,2,1,3,1,1,3,3,1,3,1,4,2,4,3,3,1,4,2,4,4,4,2,1,3,1,3,3,3,1,1,2,4,4,1,3,3,2,2,2,3,1,4,1,3,2,1,3,3,4,2,3,3,2,1,2,2,3,4,3,2,1,2,3,1,2,1,4,2,1,4,2,1,4,3,2,1,2,3,1,3,1,2,1,1,1,1,2,1,3,1,1,4,1,3,3,2,2,4,3,4,4,2,4,4,2,1,4,4,4,3,1,2,4,3,3,2,1,3,2,1,4,4,2,2,1,1,3,4,4,2,2,1,4,1,2,3,2,1,3,4,4,3,4,4,1,1,2,3,1,1,1,1,2,2,1,3,1,3,1,4,2,1,1,4,2,4,3,2,1,4,2,3,1,3,2,2,2,1,1,2,2,4,2,2,2,2,2,1,2,3,2,3,1,1,3,4,2,2,2,4,3,3,1,2,2,3,2,3,3,1,2,2,4,4,1,4,4,1,2,4,1,3,3,3,2,3,3,1,1,2,4,3,3,4,2,4,1,2,4,1,4,3,1,1,1,4,4,1,2,2,2,2,2,1,1,1,1,1,1,4,2,2,3,4,4,1,2,3,2,4,1,2,2,3,2,1,1,2,2,1,1,2,3,1,2,1,4,4,1,2,4,2,1,1,2,1,3,3,4,2,2,1,2,4,1,2,2,1,2,1,2,3,1,3,2,3,4,2,1,3,2,3,2,1,2,2,4,4,1,1,4,3,3,2,4,2,4,1,2,3,3,1,3,2,1,3,1,1,2,2,4,2,1,1,1,3,2,4,4,4,1,3,1,4,2,1,3,2,1,1,1,1,4,3,1,1,2,2,3,4,3,2,4,2,1,1,1,1,3,1,1,2,1,1,4,2,4,2,1,3,3,1,2,1,2,1,4,4,2,4,1,4,1,2,2,1,4,1,2,3,2,4,1,2,3,2,1,4,2,2,3,2,3,1,2,1,2,3,2,2,2,3,2,4,1,4,2,3,2,2,2,3,2,4,3,1,1,2,1,1,1,2,1,2,3,2,1,1,1,1,2,1,2,3,2,4,1,1,4,4,3,2,4,3,1,3,2,1,2,3,3,3,3,4,3,1,1,1,3,1,2,1,4,4,3,2,4,3,4,4,1,2,1,2,4,4,3,2,1,3,1,4,3,3,1,3,2,2,2,1,4,1,4,1,4,1,1,4,1,1,3,2,4,2,4,2,3,2,2,3,4,4,3,2,2,4,1,2,1,3,3,1,1,4,1,1,2,3,4,4,3,1,1,2,2,4,1,1,4,2,3,4,3,4,3,2,1,3,2,2,2,1,1,3,2,2,3,2,1,2,3,4,3,1,3,4,2,4,3,4,1,3,1,1,2,4,2,2,4,4,3,1,4,2,3,1,4,1,2,3,3,1,4,2,1,3,2,3,1,1,2,1,1,2,1,3,3,2,4,2,2,2,3,2,3,3,2,2,2,2,4,1,1,1,1,2,1,2,1,4,2,2,2,1,1,1,2,4,1,4,2,2,3,4,1,1,1,4,4,2,2,3,3,3,3,1,2,1,2,4,4,2,2,3,2,1,1,1,1,2,3,1,2,3,4,3,4,1,1,3,1,4,4,3,2,1,4,1,2,2,1,2,1,4,1,3,1,1,4,4,1,4,4,1,1,1,3,1,2,1,1,1,1,2,1,3,2,4,4,1,2,4,2,1,1,4,2,4,4,3,3,2,1,2,3,2,1,1,1,2,3,3,4,2,1,4,2,3,2,2,4,4,1,1,2,3,1,2,3,4,2,1,2,1,2,1,4,2,2,3,3,1,4,2,1,2,3,1,1,4,1,3,3,1,2,4,1,4,1,2,1,1,1,2,2,3,3,1,1,4,2,2,4,2,1,1,2,2,1,2,4,3,2,3,3,4,4,1,4,4,3,2,4,3,1,1,3,2,4,2,2,1,1,4,4,2,1,1,3,3,3,3,1,3,2,2,2,2,1,1,3,2,4,4,1,2,3,1,3,1,1,3,1,4,1,1,2,1,3,1,2,2,4,1,1,4,1,4,4,2,1,1,2,3,1,1,1,1,2,3,4,3,2,3,3,1,2,4,2,3,1,2,2,2,4,3,2,2,2,4,1,1,1,2,4,2,1,4,2,1,1,1,2,1,2,1,2,3,3,3,2,4,3,3,1,1,4,2,3,1,4,4,4,3,2,4,3,2,1,3,4,1,2,2,1,2,3,3,1,4,3,3,2,2,1,1,2,3,3,4,4,2,1,1,3,1,1,3,2,3,4,1,3,1,4,2,4,1,1,1,1,4,1,3,1,1,3,1,4,2,2,1,2,2,4,1,2,4,3,1,3,2,1,2,2,3,3,2,1,2,4,1,4,2,1,1,4,1,1,4,4,2,4,2,4,3,2,2,4,3,2,3,1,2,4,3,4,1,3,1,2,4,4,2,2,2,1,2,2,1,4,2,1,2,1,4,2,1,2,4,1,2,1,2,1,1,4,2,1,2,1,2,4,4,3,4,1,2,1,1,2,2,2,2,2,4,4,3,3,2,4,2,3,4,3,2,2,2,3,2,1,3,2,1,1,1,3,1,3,2,3,1,4,3,4,1,1,3,1,3,2,1,3,1,1,2"
148,0.9882627241940299,0.5,2136.0,"4,2,1,1,2,2,3,1,2,1,4,4,4,1,2,2,4,1,1,2,1,2,4,1,3,1,2,2,4,1,1,2,3,3,1,2,4,1,2,4,1,2,2,2,2,2,3,2,1,2,4,4,3,2,1,4,2,2,1,4,4,4,3,1,3,3,3,2,3,2,1,2,2,3,4,2,3,3,3,1,2,1,4,1,2,3,1,2,1,2,1,2,2,2,3,4,1,1,3,1,2,2,3,2,2,4,1,4,2,1,1,1,3,3,1,2,3,4,4,1,3,2,2,3,2,2,3,2,4,1,2,2,1,1,1,2,3,4,2,2,4,3,2,3,4,4,2,1,1,1,1,1,1,3,3,4,2,2,2,1,4,1,1,3,1,3,3,1,1,4,1,2,2,2,1,3,3,1,4,1,3,2,3,2,3,2,1,2,4,1,4,2,3,3,3,3,2,3,1,4,1,4,1,3,4,4,1,3,2,2,2,1,2,1,3,2,2,1,2,1,4,4,3,2,3,1,3,2,4,3,3,2,2,1,1,3,1,3,3,2,2,1,2,3,2,2,3,2,3,3,3,4,1,1,3,1,1,1,4,2,3,4,1,1,2,1,3,2,1,3,4,2,4,1,3,2,4,1,1,4,4,1,1,4,2,2,2,4,2,4,1,1,1,4,1,4,2,1,2,3,2,2,1,2,3,2,4,1,1,1,1,1,1,1,2,3,1,4,2,2,4,2,1,3,2,1,1,3,2,2,3,3,2,3,1,4,1,4,2,1,1,2,3,1,4,2,2,3,3,2,4,2,4,2,3,1,1,2,4,3,4,3,1,2,3,3,4,4,1,3,2,1,2,3,2,3,3,2,1,3,2,4,2,3,3,2,1,1,2,1,1,4,3,3,1,2,3,1,2,2,1,1,2,2,4,1,2,3,4,3,3,2,2,1,1,4,3,2,1,4,3,1,3,3,3,2,1,2,4,3,3,1,1,2,3,1,3,3,2,4,1,2,2,1,3,3,2,1,2,4,2,4,1,3,1,1,1,4,2,1,4,3,3,2,2,1,2,1,4,4,2,2,2,1,1,1,1,4,1,3,1,2,2,3,1,3,4,1,4,1,4,1,1,1,1,2,3,1,1,2,4,2,4,4,2,1,3,1,1,3,3,1,3,1,4,2,4,3,3,1,4,2,4,4,4,2,1,3,1,3,3,3,1,1,2,4,4,1,3,3,2,2,2,3,1,4,1,3,2,1,3,3,4,2,3,3,2,1,2,2,3,4,3,2,1,2,3,1,2,1,4,2,1,4,2,1,4,3,2,1,2,3,1,3,1,2,1,1,1,1,2,1,3,1,1,4,1,3,3,2,2,4,3,4,4,2,4,4,2,1,4,4,4,3,1,2,4,3,3,2,1,3,2,1,4,4,2,2,1,1,3,4,4,2,2,1,4,1,2,3,2,1,3,4,4,3,4,4,1,1,2,3,1,1,1,1,2,2,1,3,1,3,1,4,2,1,1,4,2,4,3,2,1,4,2,3,1,3,2,2,2,1,1,2,2,4,2,2,2,2,2,1,2,3,2,3,1,1,3,4,2,2,2,4,3,3,1,2,2,3,2,3,3,1,2,2,4,4,1,4,4,1,2,4,1,3,3,3,2,3,3,1,1,2,4,3,3,4,2,4,1,2,4,1,4,3,1,1,1,4,4,1,2,2,2,2,2,1,1,1,1,1,1,4,2,2,3,4,4,1,2,3,2,4,1,2,2,3,2,1,1,2,2,1,1,2,3,1,2,1,4,4,1,2,4,2,1,1,2,1,3,3,4,2,2,1,2,4,1,2,2,1,2,1,2,3,1,3,2,3,4,2,1,3,2,3,2,1,2,2,4,4,1,1,4,3,3,2,4,2,4,1,2,3,3,1,3,2,1,3,1,1,2,2,4,2,1,1,1,3,2,4,4,4,1,3,1,4,2,1,3,2,1,1,1,1,4,3,1,1,2,2,3,4,3,2,4,2,1,1,1,1,3,1,1,2,1,1,4,2,4,2,1,3,3,1,2,1,2,1,4,4,2,4,1,4,1,2,2,1,4,1,2,3,2,4,1,2,3,2,1,4,2,2,3,2,3,1,2,1,2,3,2,2,2,3,2,4,1,4,2,3,2,2,2,3,2,4,3,1,1,2,1,1,1,2,1,2,3,2,1,1,1,1,2,1,2,3,2,4,1,1,4,4,3,2,4,3,1,3,2,1,2,3,3,3,3,4,3,1,1,1,3,1,2,1,4,4,3,2,4,3,4,4,1,2,1,2,4,4,3,2,1,3,1,4,3,3,1,3,2,2,2,1,4,1,4,1,4,1,1,4,1,1,3,2,4,2,4,2,3,2,2,3,4,4,3,2,2,4,1,2,1,3,3,1,1,4,1,1,2,3,4,4,3,1,1,2,2,4,1,1,4,2,3,4,3,4,3,2,1,3,2,2,2,1,1,3,2,2,3,2,1,2,3,4,3,1,3,4,2,4,3,4,1,3,1,1,2,4,2,2,4,4,3,1,4,2,3,1,4,1,2,3,3,1,4,2,1,3,2,3,1,1,2,1,1,2,1,3,3,2,4,2,2,2,3,2,3,3,2,2,2,2,4,1,1,1,1,2,1,2,1,4,2,2,2,1,1,1,2,4,1,4,2,2,3,4,1,1,1,4,4,2,2,3,3,3,3,1,2,1,2,4,4,2,2,3,2,1,1,1,1,2,3,1,2,3,4,3,4,1,1,3,1,4,4,3,2,1,4,1,2,2,1,2,1,4,1,3,1,1,4,4,1,4,4,1,1,1,3,1,2,1,1,1,1,2,1,3,2,4,4,1,2,4,2,1,1,4,2,4,4,3,3,2,1,2,3,2,1,1,1,2,3,3,4,2,1,4,2,3,2,2,4,4,1,1,2,3,1,2,3,4,2,1,2,1,2,1,4,2,2,3,3,1,4,2,1,2,3,1,1,4,1,3,3,1,2,4,1,4,1,2,1,1,1,2,2,3,3,1,1,4,2,2,4,2,1,1,2,2,1,2,4,3,2,3,3,4,4,1,4,4,3,2,4,3,1,1,3,2,4,2,2,1,1,4,4,2,1,1,3,3,3,3,1,3,2,2,2,2,1,1,3,2,4,4,1,2,3,1,3,1,1,3,1,4,1,1,2,1,3,1,2,2,4,1,1,4,1,4,4,2,1,1,2,3,1,1,1,1,2,3,4,3,2,3,3,1,2,4,2,3,1,2,2,2,4,3,2,2,2,4,1,1,1,2,4,2,1,4,2,1,1,1,2,1,2,1,2,3,3,3,2,4,3,3,1,1,4,2,3,1,4,4,4,3,2,4,3,2,1,3,4,1,2,2,1,2,3,3,1,4,3,3,2,2,1,1,2,3,3,4,4,2,1,1,3,1,1,3,2,3,4,1,3,1,4,2,4,1,1,1,1,4,1,3,1,1,3,1,4,2,2,1,2,2,4,1,2,4,3,1,3,2,1,2,2,3,3,2,1,2,4,1,4,2,1,1,4,1,1,4,4,2,4,2,4,3,2,2,4,3,2,3,1,2,4,3,4,1,3,1,2,4,4,2,2,2,1,2,2,1,4,2,1,2,1,4,2,1,2,4,1,2,1,2,1,1,4,2,1,2,1,2,4,4,3,4,1,2,1,1,2,2,2,2,2,4,4,3,3,2,4,2,3,4,3,2,2,2,3,2,1,3,2,1,1,1,3,1,3,2,3,1,4,3,4,1,1,3,1,3,2,1,3,1,1,2"
149,0.9882627241940299,0.5,2136.0,"4,2,1,1,2,2,3,1,2,1,4,4,4,1,2,2,4,1,1,2,1,2,4,1,3,1,2,2,4,1,1,2,3,3,1,2,4,1,2,4,1,2,2,2,2,2,3,2,1,2,4,4,3,2,1,4,2,2,1,4,4,4,3,1,3,3,3,2,3,2,1,2,2,3,4,2,3,3,3,1,2,1,4,1,2,3,1,2,1,2,1,2,2,2,3,4,1,1,3,1,2,2,3,2,2,4,1,4,2,1,1,1,3,3,1,2,3,4,4,1,3,2,2,3,2,2,3,2,4,1,2,2,1,1,1,2,3,4,2,2,4,3,2,3,4,4,2,1,1,1,1,1,1,3,3,4,2,2,2,1,4,1,1,3,1,3,3,1,1,4,1,2,2,2,1,3,3,1,4,1,3,2,3,2,3,2,1,2,4,1,4,2,3,3,3,3,2,3,1,4,1,4,1,3,4,4,1,3,2,2,2,1,2,1,3,2,2,1,2,1,4,4,3,2,3,1,3,2,4,3,3,2,2,1,1,3,1,3,3,2,2,1,2,3,2,2,3,2,3,3,3,4,1,1,3,1,1,1,4,2,3,4,1,1,2,1,3,2,1,3,4,2,4,1,3,2,4,1,1,4,4,1,1,4,2,2,2,4,2,4,1,1,1,4,1,4,2,1,2,3,2,2,1,2,3,2,4,1,1,1,1,1,1,1,2,3,1,4,2,2,4,2,1,3,2,1,1,3,2,2,3,3,2,3,1,4,1,4,2,1,1,2,3,1,4,2,2,3,3,2,4,2,4,2,3,1,1,2,4,3,4,3,1,2,3,3,4,4,1,3,2,1,2,3,2,3,3,2,1,3,2,4,2,3,3,2,1,1,2,1,1,4,3,3,1,2,3,1,2,2,1,1,2,2,4,1,2,3,4,3,3,2,2,1,1,4,3,2,1,4,3,1,3,3,3,2,1,2,4,3,3,1,1,2,3,1,3,3,2,4,1,2,2,1,3,3,2,1,2,4,2,4,1,3,1,1,1,4,2,1,4,3,3,2,2,1,2,1,4,4,2,2,2,1,1,1,1,4,1,3,1,2,2,3,1,3,4,1,4,1,4,1,1,1,1,2,3,1,1,2,4,2,4,4,2,1,3,1,1,3,3,1,3,1,4,2,4,3,3,1,4,2,4,4,4,2,1,3,1,3,3,3,1,1,2,4,4,1,3,3,2,2,2,3,1,4,1,3,2,1,3,3,4,2,3,3,2,1,2,2,3,4,3,2,1,2,3,1,2,1,4,2,1,4,2,1,4,3,2,1,2,3,1,3,1,2,1,1,1,1,2,1,3,1,1,4,1,3,3,2,2,4,3,4,4,2,4,4,2,1,4,4,4,3,1,2,4,3,3,2,1,3,2,1,4,4,2,2,1,1,3,4,4,2,2,1,4,1,2,3,2,1,3,4,4,3,4,4,1,1,2,3,1,1,1,1,2,2,1,3,1,3,1,4,2,1,1,4,2,4,3,2,1,4,2,3,1,3,2,2,2,1,1,2,2,4,2,2,2,2,2,1,2,3,2,3,1,1,3,4,2,2,2,4,3,3,1,2,2,3,2,3,3,1,2,2,4,4,1,4,4,1,2,4,1,3,3,3,2,3,3,1,1,2,4,3,3,4,2,4,1,2,4,1,4,3,1,1,1,4,4,1,2,2,2,2,2,1,1,1,1,1,1,4,2,2,3,4,4,1,2,3,2,4,1,2,2,3,2,1,1,2,2,1,1,2,3,1,2,1,4,4,1,2,4,2,1,1,2,1,3,3,4,2,2,1,2,4,1,2,2,1,2,1,2,3,1,3,2,3,4,2,1,3,2,3,2,1,2,2,4,4,1,1,4,3,3,2,4,2,4,1,2,3,3,1,3,2,1,3,1,1,2,2,4,2,1,1,1,3,2,4,4,4,1,3,1,4,2,1,3,2,1,1,1,1,4,3,1,1,2,2,3,4,3,2,4,2,1,1,1,1,3,1,1,2,1,1,4,2,4,2,1,3,3,1,2,1,2,1,4,4,2,4,1,4,1,2,2,1,4,1,2,3,2,4,1,2,3,2,1,4,2,2,3,2,3,1,2,1,2,3,2,2,2,3,2,4,1,4,2,3,2,2,2,3,2,4,3,1,1,2,1,1,1,2,1,2,3,2,1,1,1,1,2,1,2,3,2,4,1,1,4,4,3,2,4,3,1,3,2,1,2,3,3,3,3,4,3,1,1,1,3,1,2,1,4,4,3,2,4,3,4,4,1,2,1,2,4,4,3,2,1,3,1,4,3,3,1,3,2,2,2,1,4,1,4,1,4,1,1,4,1,1,3,2,4,2,4,2,3,2,2,3,4,4,3,2,2,4,1,2,1,3,3,1,1,4,1,1,2,3,4,4,3,1,1,2,2,4,1,1,4,2,3,4,3,4,3,2,1,3,2,2,2,1,1,3,2,2,3,2,1,2,3,4,3,1,3,4,2,4,3,4,1,3,1,1,2,4,2,2,4,4,3,1,4,2,3,1,4,1,2,3,3,1,4,2,1,3,2,3,1,1,2,1,1,2,1,3,3,2,4,2,2,2,3,2,3,3,2,2,2,2,4,1,1,1,1,2,1,2,1,4,2,2,2,1,1,1,2,4,1,4,2,2,3,4,1,1,1,4,4,2,2,3,3,3,3,1,2,1,2,4,4,2,2,3,2,1,1,1,1,2,3,1,2,3,4,3,4,1,1,3,1,4,4,3,2,1,4,1,2,2,1,2,1,4,1,3,1,1,4,4,1,4,4,1,1,1,3,1,2,1,1,1,1,2,1,3,2,4,4,1,2,4,2,1,1,4,2,4,4,3,3,2,1,2,3,2,1,1,1,2,3,3,4,2,1,4,2,3,2,2,4,4,1,1,2,3,1,2,3,4,2,1,2,1,2,1,4,2,2,3,3,1,4,2,1,2,3,1,1,4,1,3,3,1,2,4,1,4,1,2,1,1,1,2,2,3,3,1,1,4,2,2,4,2,1,1,2,2,1,2,4,3,2,3,3,4,4,1,4,4,3,2,4,3,1,1,3,2,4,2,2,1,1,4,4,2,1,1,3,3,3,3,1,3,2,2,2,2,1,1,3,2,4,4,1,2,3,1,3,1,1,3,1,4,1,1,2,1,3,1,2,2,4,1,1,4,1,4,4,2,1,1,2,3,1,1,1,1,2,3,4,3,2,3,3,1,2,4,2,3,1,2,2,2,4,3,2,2,2,4,1,1,1,2,4,2,1,4,2,1,1,1,2,1,2,1,2,3,3,3,2,4,3,3,1,1,4,2,3,1,4,4,4,3,2,4,3,2,1,3,4,1,2,2,1,2,3,3,1,4,3,3,2,2,1,1,2,3,3,4,4,2,1,1,3,1,1,3,2,3,4,1,3,1,4,2,4,1,1,1,1,4,1,3,1,1,3,1,4,2,2,1,2,2,4,1,2,4,3,1,3,2,1,2,2,3,3,2,1,2,4,1,4,2,1,1,4,1,1,4,4,2,4,2,4,3,2,2,4,3,2,3,1,2,4,3,4,1,3,1,2,4,4,2,2,2,1,2,2,1,4,2,1,2,1,4,2,1,2,4,1,2,1,2,1,1,4,2,1,2,1,2,4,4,3,4,1,2,1,1,2,2,2,2,2,4,4,3,3,2,4,2,3,4,3,2,2,2,3,2,1,3,2,1,1,1,3,1,3,2,3,1,4,3,4,1,1,3,1,3,2,1,3,1,1,2"
150,0.9882627241940299,0.5,2136.0,"4,2,1,1,2,2,3,1,2,1,4,4,4,1,2,2,4,1,1,2,1,2,4,1,3,1,2,2,4,1,1,2,3,3,1,2,4,1,2,4,1,2,2,2,2,2,3,2,1,2,4,4,3,2,1,4,2,2,1,4,4,4,3,1,3,3,3,2,3,2,1,2,2,3,4,2,3,3,3,1,2,1,4,1,2,3,1,2,1,2,1,2,2,2,3,4,1,1,3,1,2,2,3,2,2,4,1,4,2,1,1,1,3,3,1,2,3,4,4,1,3,2,2,3,2,2,3,2,4,1,2,2,1,1,1,2,3,4,2,2,4,3,2,3,4,4,2,1,1,1,1,1,1,3,3,4,2,2,2,1,4,1,1,3,1,3,3,1,1,4,1,2,2,2,1,3,3,1,4,1,3,2,3,2,3,2,1,2,4,1,4,2,3,3,3,3,2,3,1,4,1,4,1,3,4,4,1,3,2,2,2,1,2,1,3,2,2,1,2,1,4,4,3,2,3,1,3,2,4,3,3,2,2,1,1,3,1,3,3,2,2,1,2,3,2,2,3,2,3,3,3,4,1,1,3,1,1,1,4,2,3,4,1,1,2,1,3,2,1,3,4,2,4,1,3,2,4,1,1,4,4,1,1,4,2,2,2,4,2,4,1,1,1,4,1,4,2,1,2,3,2,2,1,2,3,2,4,1,1,1,1,1,1,1,2,3,1,4,2,2,4,2,1,3,2,1,1,3,2,2,3,3,2,3,1,4,1,4,2,1,1,2,3,1,4,2,2,3,3,2,4,2,4,2,3,1,1,2,4,3,4,3,1,2,3,3,4,4,1,3,2,1,2,3,2,3,3,2,1,3,2,4,2,3,3,2,1,1,2,1,1,4,3,3,1,2,3,1,2,2,1,1,2,2,4,1,2,3,4,3,3,2,2,1,1,4,3,2,1,4,3,1,3,3,3,2,1,2,4,3,3,1,1,2,3,1,3,3,2,4,1,2,2,1,3,3,2,1,2,4,2,4,1,3,1,1,1,4,2,1,4,3,3,2,2,1,2,1,4,4,2,2,2,1,1,1,1,4,1,3,1,2,2,3,1,3,4,1,4,1,4,1,1,1,1,2,3,1,1,2,4,2,4,4,2,1,3,1,1,3,3,1,3,1,4,2,4,3,3,1,4,2,4,4,4,2,1,3,1,3,3,3,1,1,2,4,4,1,3,3,2,2,2,3,1,4,1,3,2,1,3,3,4,2,3,3,2,1,2,2,3,4,3,2,1,2,3,1,2,1,4,2,1,4,2,1,4,3,2,1,2,3,1,3,1,2,1,1,1,1,2,1,3,1,1,4,1,3,3,2,2,4,3,4,4,2,4,4,2,1,4,4,4,3,1,2,4,3,3,2,1,3,2,1,4,4,2,2,1,1,3,4,4,2,2,1,4,1,2,3,2,1,3,4,4,3,4,4,1,1,2,3,1,1,1,1,2,2,1,3,1,3,1,4,2,1,1,4,2,4,3,2,1,4,2,3,1,3,2,2,2,1,1,2,2,4,2,2,2,2,2,1,2,3,2,3,1,1,3,4,2,2,2,4,3,3,1,2,2,3,2,3,3,1,2,2,4,4,1,4,4,1,2,4,1,3,3,3,2,3,3,1,1,2,4,3,3,4,2,4,1,2,4,1,4,3,1,1,1,4,4,1,2,2,2,2,2,1,1,1,1,1,1,4,2,2,3,4,4,1,2,3,2,4,1,2,2,3,2,1,1,2,2,1,1,2,3,1,2,1,4,4,1,2,4,2,1,1,2,1,3,3,4,2,2,1,2,4,1,2,2,1,2,1,2,3,1,3,2,3,4,2,1,3,2,3,2,1,2,2,4,4,1,1,4,3,3,2,4,2,4,1,2,3,3,1,3,2,1,3,1,1,2,2,4,2,1,1,1,3,2,4,4,4,1,3,1,4,2,1,3,2,1,1,1,1,4,3,1,1,2,2,3,4,3,2,4,2,1,1,1,1,3,1,1,2,1,1,4,2,4,2,1,3,3,1,2,1,2,1,4,4,2,4,1,4,1,2,2,1,4,1,2,3,2,4,1,2,3,2,1,4,2,2,3,2,3,1,2,1,2,3,2,2,2,3,2,4,1,4,2,3,2,2,2,3,2,4,3,1,1,2,1,1,1,2,1,2,3,2,1,1,1,1,2,1,2,3,2,4,1,1,4,4,3,2,4,3,1,3,2,1,2,3,3,3,3,4,3,1,1,1,3,1,2,1,4,4,3,2,4,3,4,4,1,2,1,2,4,4,3,2,1,3,1,4,3,3,1,3,2,2,2,1,4,1,4,1,4,1,1,4,1,1,3,2,4,2,4,2,3,2,2,3,4,4,3,2,2,4,1,2,1,3,3,1,1,4,1,1,2,3,4,4,3,1,1,2,2,4,1,1,4,2,3,4,3,4,3,2,1,3,2,2,2,1,1,3,2,2,3,2,1,2,3,4,3,1,3,4,2,4,3,4,1,3,1,1,2,4,2,2,4,4,3,1,4,2,3,1,4,1,2,3,3,1,4,2,1,3,2,3,1,1,2,1,1,2,1,3,3,2,4,2,2,2,3,2,3,3,2,2,2,2,4,1,1,1,1,2,1,2,1,4,2,2,2,1,1,1,2,4,1,4,2,2,3,4,1,1,1,4,4,2,2,3,3,3,3,1,2,1,2,4,4,2,2,3,2,1,1,1,1,2,3,1,2,3,4,3,4,1,1,3,1,4,4,3,2,1,4,1,2,2,1,2,1,4,1,3,1,1,4,4,1,4,4,1,1,1,3,1,2,1,1,1,1,2,1,3,2,4,4,1,2,4,2,1,1,4,2,4,4,3,3,2,1,2,3,2,1,1,1,2,3,3,4,2,1,4,2,3,2,2,4,4,1,1,2,3,1,2,3,4,2,1,2,1,2,1,4,2,2,3,3,1,4,2,1,2,3,1,1,4,1,3,3,1,2,4,1,4,1,2,1,1,1,2,2,3,3,1,1,4,2,2,4,2,1,1,2,2,1,2,4,3,2,3,3,4,4,1,4,4,3,2,4,3,1,1,3,2,4,2,2,1,1,4,4,2,1,1,3,3,3,3,1,3,2,2,2,2,1,1,3,2,4,4,1,2,3,1,3,1,1,3,1,4,1,1,2,1,3,1,2,2,4,1,1,4,1,4,4,2,1,1,2,3,1,1,1,1,2,3,4,3,2,3,3,1,2,4,2,3,1,2,2,2,4,3,2,2,2,4,1,1,1,2,4,2,1,4,2,1,1,1,2,1,2,1,2,3,3,3,2,4,3,3,1,1,4,2,3,1,4,4,4,3,2,4,3,2,1,3,4,1,2,2,1,2,3,3,1,4,3,3,2,2,1,1,2,3,3,4,4,2,1,1,3,1,1,3,2,3,4,1,3,1,4,2,4,1,1,1,1,4,1,3,1,1,3,1,4,2,2,1,2,2,4,1,2,4,3,1,3,2,1,2,2,3,3,2,1,2,4,1,4,2,1,1,4,1,1,4,4,2,4,2,4,3,2,2,4,3,2,3,1,2,4,3,4,1,3,1,2,4,4,2,2,2,1,2,2,1,4,2,1,2,1,4,2,1,2,4,1,2,1,2,1,1,4,2,1,2,1,2,4,4,3,4,1,2,1,1,2,2,2,2,2,4,4,3,3,2,4,2,3,4,3,2,2,2,3,2,1,3,2,1,1,1,3,1,3,2,3,1,4,3,4,1,1,3,1,3,2,1,3,1,1,2"
151,0.9882627241940299,0.5,2136.0,"4,2,1,1,2,2,3,1,2,1,4,4,4,1,2,2,4,1,1,2,1,2,4,1,3,1,2,2,4,1,1,2,3,3,1,2,4,1,2,4,1,2,2,2,2,2,3,2,1,2,4,4,3,2,1,4,2,2,1,4,4,4,3,1,3,3,3,2,3,2,1,2,2,3,4,2,3,3,3,1,2,1,4,1,2,3,1,2,1,2,1,2,2,2,3,4,1,1,3,1,2,2,3,2,2,4,1,4,2,1,1,1,3,3,1,2,3,4,4,1,3,2,2,3,2,2,3,2,4,1,2,2,1,1,1,2,3,4,2,2,4,3,2,3,4,4,2,1,1,1,1,1,1,3,3,4,2,2,2,1,4,1,1,3,1,3,3,1,1,4,1,2,2,2,1,3,3,1,4,1,3,2,3,2,3,2,1,2,4,1,4,2,3,3,3,3,2,3,1,4,1,4,1,3,4,4,1,3,2,2,2,1,2,1,3,2,2,1,2,1,4,4,3,2,3,1,3,2,4,3,3,2,2,1,1,3,1,3,3,2,2,1,2,3,2,2,3,2,3,3,3,4,1,1,3,1,1,1,4,2,3,4,1,1,2,1,3,2,1,3,4,2,4,1,3,2,4,1,1,4,4,1,1,4,2,2,2,4,2,4,1,1,1,4,1,4,2,1,2,3,2,2,1,2,3,2,4,1,1,1,1,1,1,1,2,3,1,4,2,2,4,2,1,3,2,1,1,3,2,2,3,3,2,3,1,4,1,4,2,1,1,2,3,1,4,2,2,3,3,2,4,2,4,2,3,1,1,2,4,3,4,3,1,2,3,3,4,4,1,3,2,1,2,3,2,3,3,2,1,3,2,4,2,3,3,2,1,1,2,1,1,4,3,3,1,2,3,1,2,2,1,1,2,2,4,1,2,3,4,3,3,2,2,1,1,4,3,2,1,4,3,1,3,3,3,2,1,2,4,3,3,1,1,2,3,1,3,3,2,4,1,2,2,1,3,3,2,1,2,4,2,4,1,3,1,1,1,4,2,1,4,3,3,2,2,1,2,1,4,4,2,2,2,1,1,1,1,4,1,3,1,2,2,3,1,3,4,1,4,1,4,1,1,1,1,2,3,1,1,2,4,2,4,4,2,1,3,1,1,3,3,1,3,1,4,2,4,3,3,1,4,2,4,4,4,2,1,3,1,3,3,3,1,1,2,4,4,1,3,3,2,2,2,3,1,4,1,3,2,1,3,3,4,2,3,3,2,1,2,2,3,4,3,2,1,2,3,1,2,1,4,2,1,4,2,1,4,3,2,1,2,3,1,3,1,2,1,1,1,1,2,1,3,1,1,4,1,3,3,2,2,4,3,4,4,2,4,4,2,1,4,4,4,3,1,2,4,3,3,2,1,3,2,1,4,4,2,2,1,1,3,4,4,2,2,1,4,1,2,3,2,1,3,4,4,3,4,4,1,1,2,3,1,1,1,1,2,2,1,3,1,3,1,4,2,1,1,4,2,4,3,2,1,4,2,3,1,3,2,2,2,1,1,2,2,4,2,2,2,2,2,1,2,3,2,3,1,1,3,4,2,2,2,4,3,3,1,2,2,3,2,3,3,1,2,2,4,4,1,4,4,1,2,4,1,3,3,3,2,3,3,1,1,2,4,3,3,4,2,4,1,2,4,1,4,3,1,1,1,4,4,1,2,2,2,2,2,1,1,1,1,1,1,4,2,2,3,4,4,1,2,3,2,4,1,2,2,3,2,1,1,2,2,1,1,2,3,1,2,1,4,4,1,2,4,2,1,1,2,1,3,3,4,2,2,1,2,4,1,2,2,1,2,1,2,3,1,3,2,3,4,2,1,3,2,3,2,1,2,2,4,4,1,1,4,3,3,2,4,2,4,1,2,3,3,1,3,2,1,3,1,1,2,2,4,2,1,1,1,3,2,4,4,4,1,3,1,4,2,1,3,2,1,1,1,1,4,3,1,1,2,2,3,4,3,2,4,2,1,1,1,1,3,1,1,2,1,1,4,2,4,2,1,3,3,1,2,1,2,1,4,4,2,4,1,4,1,2,2,1,4,1,2,3,2,4,1,2,3,2,1,4,2,2,3,2,3,1,2,1,2,3,2,2,2,3,2,4,1,4,2,3,2,2,2,3,2,4,3,1,1,2,1,1,1,2,1,2,3,2,1,1,1,1,2,1,2,3,2,4,1,1,4,4,3,2,4,3,1,3,2,1,2,3,3,3,3,4,3,1,1,1,3,1,2,1,4,4,3,2,4,3,4,4,1,2,1,2,4,4,3,2,1,3,1,4,3,3,1,3,2,2,2,1,4,1,4,1,4,1,1,4,1,1,3,2,4,2,4,2,3,2,2,3,4,4,3,2,2,4,1,2,1,3,3,1,1,4,1,1,2,3,4,4,3,1,1,2,2,4,1,1,4,2,3,4,3,4,3,2,1,3,2,2,2,1,1,3,2,2,3,2,1,2,3,4,3,1,3,4,2,4,3,4,1,3,1,1,2,4,2,2,4,4,3,1,4,2,3,1,4,1,2,3,3,1,4,2,1,3,2,3,1,1,2,1,1,2,1,3,3,2,4,2,2,2,3,2,3,3,2,2,2,2,4,1,1,1,1,2,1,2,1,4,2,2,2,1,1,1,2,4,1,4,2,2,3,4,1,1,1,4,4,2,2,3,3,3,3,1,2,1,2,4,4,2,2,3,2,1,1,1,1,2,3,1,2,3,4,3,4,1,1,3,1,4,4,3,2,1,4,1,2,2,1,2,1,4,1,3,1,1,4,4,1,4,4,1,1,1,3,1,2,1,1,1,1,2,1,3,2,4,4,1,2,4,2,1,1,4,2,4,4,3,3,2,1,2,3,2,1,1,1,2,3,3,4,2,1,4,2,3,2,2,4,4,1,1,2,3,1,2,3,4,2,1,2,1,2,1,4,2,2,3,3,1,4,2,1,2,3,1,1,4,1,3,3,1,2,4,1,4,1,2,1,1,1,2,2,3,3,1,1,4,2,2,4,2,1,1,2,2,1,2,4,3,2,3,3,4,4,1,4,4,3,2,4,3,1,1,3,2,4,2,2,1,1,4,4,2,1,1,3,3,3,3,1,3,2,2,2,2,1,1,3,2,4,4,1,2,3,1,3,1,1,3,1,4,1,1,2,1,3,1,2,2,4,1,1,4,1,4,4,2,1,1,2,3,1,1,1,1,2,3,4,3,2,3,3,1,2,4,2,3,1,2,2,2,4,3,2,2,2,4,1,1,1,2,4,2,1,4,2,1,1,1,2,1,2,1,2,3,3,3,2,4,3,3,1,1,4,2,3,1,4,4,4,3,2,4,3,2,1,3,4,1,2,2,1,2,3,3,1,4,3,3,2,2,1,1,2,3,3,4,4,2,1,1,3,1,1,3,2,3,4,1,3,1,4,2,4,1,1,1,1,4,1,3,1,1,3,1,4,2,2,1,2,2,4,1,2,4,3,1,3,2,1,2,2,3,3,2,1,2,4,1,4,2,1,1,4,1,1,4,4,2,4,2,4,3,2,2,4,3,2,3,1,2,4,3,4,1,3,1,2,4,4,2,2,2,1,2,2,1,4,2,1,2,1,4,2,1,2,4,1,2,1,2,1,1,4,2,1,2,1,2,4,4,3,4,1,2,1,1,2,2,2,2,2,4,4,3,3,2,4,2,3,4,3,2,2,2,3,2,1,3,2,1,1,1,3,1,3,2,3,1,4,3,4,1,1,3,1,3,2,1,3,1,1,2"
152,0.9882627241940299,0.5,2136.0,"4,2,1,1,2,2,3,1,2,1,4,4,4,1,2,2,4,1,1,2,1,2,4,1,3,1,2,2,4,1,1,2,3,3,1,2,4,1,2,4,1,2,2,2,2,2,3,2,1,2,4,4,3,2,1,4,2,2,1,4,4,4,3,1,3,3,3,2,3,2,1,2,2,3,4,2,3,3,3,1,2,1,4,1,2,3,1,2,1,2,1,2,2,2,3,4,1,1,3,1,2,2,3,2,2,4,1,4,2,1,1,1,3,3,1,2,3,4,4,1,3,2,2,3,2,2,3,2,4,1,2,2,1,1,1,2,3,4,2,2,4,3,2,3,4,4,2,1,1,1,1,1,1,3,3,4,2,2,2,1,4,1,1,3,1,3,3,1,1,4,1,2,2,2,1,3,3,1,4,1,3,2,3,2,3,2,1,2,4,1,4,2,3,3,3,3,2,3,1,4,1,4,1,3,4,4,1,3,2,2,2,1,2,1,3,2,2,1,2,1,4,4,3,2,3,1,3,2,4,3,3,2,2,1,1,3,1,3,3,2,2,1,2,3,2,2,3,2,3,3,3,4,1,1,3,1,1,1,4,2,3,4,1,1,2,1,3,2,1,3,4,2,4,1,3,2,4,1,1,4,4,1,1,4,2,2,2,4,2,4,1,1,1,4,1,4,2,1,2,3,2,2,1,2,3,2,4,1,1,1,1,1,1,1,2,3,1,4,2,2,4,2,1,3,2,1,1,3,2,2,3,3,2,3,1,4,1,4,2,1,1,2,3,1,4,2,2,3,3,2,4,2,4,2,3,1,1,2,4,3,4,3,1,2,3,3,4,4,1,3,2,1,2,3,2,3,3,2,1,3,2,4,2,3,3,2,1,1,2,1,1,4,3,3,1,2,3,1,2,2,1,1,2,2,4,1,2,3,4,3,3,2,2,1,1,4,3,2,1,4,3,1,3,3,3,2,1,2,4,3,3,1,1,2,3,1,3,3,2,4,1,2,2,1,3,3,2,1,2,4,2,4,1,3,1,1,1,4,2,1,4,3,3,2,2,1,2,1,4,4,2,2,2,1,1,1,1,4,1,3,1,2,2,3,1,3,4,1,4,1,4,1,1,1,1,2,3,1,1,2,4,2,4,4,2,1,3,1,1,3,3,1,3,1,4,2,4,3,3,1,4,2,4,4,4,2,1,3,1,3,3,3,1,1,2,4,4,1,3,3,2,2,2,3,1,4,1,3,2,1,3,3,4,2,3,3,2,1,2,2,3,4,3,2,1,2,3,1,2,1,4,2,1,4,2,1,4,3,2,1,2,3,1,3,1,2,1,1,1,1,2,1,3,1,1,4,1,3,3,2,2,4,3,4,4,2,4,4,2,1,4,4,4,3,1,2,4,3,3,2,1,3,2,1,4,4,2,2,1,1,3,4,4,2,2,1,4,1,2,3,2,1,3,4,4,3,4,4,1,1,2,3,1,1,1,1,2,2,1,3,1,3,1,4,2,1,1,4,2,4,3,2,1,4,2,3,1,3,2,2,2,1,1,2,2,4,2,2,2,2,2,1,2,3,2,3,1,1,3,4,2,2,2,4,3,3,1,2,2,3,2,3,3,1,2,2,4,4,1,4,4,1,2,4,1,3,3,3,2,3,3,1,1,2,4,3,3,4,2,4,1,2,4,1,4,3,1,1,1,4,4,1,2,2,2,2,2,1,1,1,1,1,1,4,2,2,3,4,4,1,2,3,2,4,1,2,2,3,2,1,1,2,2,1,1,2,3,1,2,1,4,4,1,2,4,2,1,1,2,1,3,3,4,2,2,1,2,4,1,2,2,1,2,1,2,3,1,3,2,3,4,2,1,3,2,3,2,1,2,2,4,4,1,1,4,3,3,2,4,2,4,1,2,3,3,1,3,2,1,3,1,1,2,2,4,2,1,1,1,3,2,4,4,4,1,3,1,4,2,1,3,2,1,1,1,1,4,3,1,1,2,2,3,4,3,2,4,2,1,1,1,1,3,1,1,2,1,1,4,2,4,2,1,3,3,1,2,1,2,1,4,4,2,4,1,4,1,2,2,1,4,1,2,3,2,4,1,2,3,2,1,4,2,2,3,2,3,1,2,1,2,3,2,2,2,3,2,4,1,4,2,3,2,2,2,3,2,4,3,1,1,2,1,1,1,2,1,2,3,2,1,1,1,1,2,1,2,3,2,4,1,1,4,4,3,2,4,3,1,3,2,1,2,3,3,3,3,4,3,1,1,1,3,1,2,1,4,4,3,2,4,3,4,4,1,2,1,2,4,4,3,2,1,3,1,4,3,3,1,3,2,2,2,1,4,1,4,1,4,1,1,4,1,1,3,2,4,2,4,2,3,2,2,3,4,4,3,2,2,4,1,2,1,3,3,1,1,4,1,1,2,3,4,4,3,1,1,2,2,4,1,1,4,2,3,4,3,4,3,2,1,3,2,2,2,1,1,3,2,2,3,2,1,2,3,4,3,1,3,4,2,4,3,4,1,3,1,1,2,4,2,2,4,4,3,1,4,2,3,1,4,1,2,3,3,1,4,2,1,3,2,3,1,1,2,1,1,2,1,3,3,2,4,2,2,2,3,2,3,3,2,2,2,2,4,1,1,1,1,2,1,2,1,4,2,2,2,1,1,1,2,4,1,4,2,2,3,4,1,1,1,4,4,2,2,3,3,3,3,1,2,1,2,4,4,2,2,3,2,1,1,1,1,2,3,1,2,3,4,3,4,1,1,3,1,4,4,3,2,1,4,1,2,2,1,2,1,4,1,3,1,1,4,4,1,4,4,1,1,1,3,1,2,1,1,1,1,2,1,3,2,4,4,1,2,4,2,1,1,4,2,4,4,3,3,2,1,2,3,2,1,1,1,2,3,3,4,2,1,4,2,3,2,2,4,4,1,1,2,3,1,2,3,4,2,1,2,1,2,1,4,2,2,3,3,1,4,2,1,2,3,1,1,4,1,3,3,1,2,4,1,4,1,2,1,1,1,2,2,3,3,1,1,4,2,2,4,2,1,1,2,2,1,2,4,3,2,3,3,4,4,1,4,4,3,2,4,3,1,1,3,2,4,2,2,1,1,4,4,2,1,1,3,3,3,3,1,3,2,2,2,2,1,1,3,2,4,4,1,2,3,1,3,1,1,3,1,4,1,1,2,1,3,1,2,2,4,1,1,4,1,4,4,2,1,1,2,3,1,1,1,1,2,3,4,3,2,3,3,1,2,4,2,3,1,2,2,2,4,3,2,2,2,4,1,1,1,2,4,2,1,4,2,1,1,1,2,1,2,1,2,3,3,3,2,4,3,3,1,1,4,2,3,1,4,4,4,3,2,4,3,2,1,3,4,1,2,2,1,2,3,3,1,4,3,3,2,2,1,1,2,3,3,4,4,2,1,1,3,1,1,3,2,3,4,1,3,1,4,2,4,1,1,1,1,4,1,3,1,1,3,1,4,2,2,1,2,2,4,1,2,4,3,1,3,2,1,2,2,3,3,2,1,2,4,1,4,2,1,1,4,1,1,4,4,2,4,2,4,3,2,2,4,3,2,3,1,2,4,3,4,1,3,1,2,4,4,2,2,2,1,2,2,1,4,2,1,2,1,4,2,1,2,4,1,2,1,2,1,1,4,2,1,2,1,2,4,4,3,4,1,2,1,1,2,2,2,2,2,4,4,3,3,2,4,2,3,4,3,2,2,2,3,2,1,3,2,1,1,1,3,1,3,2,3,1,4,3,4,1,1,3,1,3,2,1,3,1,1,2"
153,0.9882627241940299,0.5,2136.0,"4,2,1,1,2,2,3,1,2,1,4,4,4,1,2,2,4,1,1,2,1,2,4,1,3,1,2,2,4,1,1,2,3,3,1,2,4,1,2,4,1,2,2,2,2,2,3,2,1,2,4,4,3,2,1,4,2,2,1,4,4,4,3,1,3,3,3,2,3,2,1,2,2,3,4,2,3,3,3,1,2,1,4,1,2,3,1,2,1,2,1,2,2,2,3,4,1,1,3,1,2,2,3,2,2,4,1,4,2,1,1,1,3,3,1,2,3,4,4,1,3,2,2,3,2,2,3,2,4,1,2,2,1,1,1,2,3,4,2,2,4,3,2,3,4,4,2,1,1,1,1,1,1,3,3,4,2,2,2,1,4,1,1,3,1,3,3,1,1,4,1,2,2,2,1,3,3,1,4,1,3,2,3,2,3,2,1,2,4,1,4,2,3,3,3,3,2,3,1,4,1,4,1,3,4,4,1,3,2,2,2,1,2,1,3,2,2,1,2,1,4,4,3,2,3,1,3,2,4,3,3,2,2,1,1,3,1,3,3,2,2,1,2,3,2,2,3,2,3,3,3,4,1,1,3,1,1,1,4,2,3,4,1,1,2,1,3,2,1,3,4,2,4,1,3,2,4,1,1,4,4,1,1,4,2,2,2,4,2,4,1,1,1,4,1,4,2,1,2,3,2,2,1,2,3,2,4,1,1,1,1,1,1,1,2,3,1,4,2,2,4,2,1,3,2,1,1,3,2,2,3,3,2,3,1,4,1,4,2,1,1,2,3,1,4,2,2,3,3,2,4,2,4,2,3,1,1,2,4,3,4,3,1,2,3,3,4,4,1,3,2,1,2,3,2,3,3,2,1,3,2,4,2,3,3,2,1,1,2,1,1,4,3,3,1,2,3,1,2,2,1,1,2,2,4,1,2,3,4,3,3,2,2,1,1,4,3,2,1,4,3,1,3,3,3,2,1,2,4,3,3,1,1,2,3,1,3,3,2,4,1,2,2,1,3,3,2,1,2,4,2,4,1,3,1,1,1,4,2,1,4,3,3,2,2,1,2,1,4,4,2,2,2,1,1,1,1,4,1,3,1,2,2,3,1,3,4,1,4,1,4,1,1,1,1,2,3,1,1,2,4,2,4,4,2,1,3,1,1,3,3,1,3,1,4,2,4,3,3,1,4,2,4,4,4,2,1,3,1,3,3,3,1,1,2,4,4,1,3,3,2,2,2,3,1,4,1,3,2,1,3,3,4,2,3,3,2,1,2,2,3,4,3,2,1,2,3,1,2,1,4,2,1,4,2,1,4,3,2,1,2,3,1,3,1,2,1,1,1,1,2,1,3,1,1,4,1,3,3,2,2,4,3,4,4,2,4,4,2,1,4,4,4,3,1,2,4,3,3,2,1,3,2,1,4,4,2,2,1,1,3,4,4,2,2,1,4,1,2,3,2,1,3,4,4,3,4,4,1,1,2,3,1,1,1,1,2,2,1,3,1,3,1,4,2,1,1,4,2,4,3,2,1,4,2,3,1,3,2,2,2,1,1,2,2,4,2,2,2,2,2,1,2,3,2,3,1,1,3,4,2,2,2,4,3,3,1,2,2,3,2,3,3,1,2,2,4,4,1,4,4,1,2,4,1,3,3,3,2,3,3,1,1,2,4,3,3,4,2,4,1,2,4,1,4,3,1,1,1,4,4,1,2,2,2,2,2,1,1,1,1,1,1,4,2,2,3,4,4,1,2,3,2,4,1,2,2,3,2,1,1,2,2,1,1,2,3,1,2,1,4,4,1,2,4,2,1,1,2,1,3,3,4,2,2,1,2,4,1,2,2,1,2,1,2,3,1,3,2,3,4,2,1,3,2,3,2,1,2,2,4,4,1,1,4,3,3,2,4,2,4,1,2,3,3,1,3,2,1,3,1,1,2,2,4,2,1,1,1,3,2,4,4,4,1,3,1,4,2,1,3,2,1,1,1,1,4,3,1,1,2,2,3,4,3,2,4,2,1,1,1,1,3,1,1,2,1,1,4,2,4,2,1,3,3,1,2,1,2,1,4,4,2,4,1,4,1,2,2,1,4,1,2,3,2,4,1,2,3,2,1,4,2,2,3,2,3,1,2,1,2,3,2,2,2,3,2,4,1,4,2,3,2,2,2,3,2,4,3,1,1,2,1,1,1,2,1,2,3,2,1,1,1,1,2,1,2,3,2,4,1,1,4,4,3,2,4,3,1,3,2,1,2,3,3,3,3,4,3,1,1,1,3,1,2,1,4,4,3,2,4,3,4,4,1,2,1,2,4,4,3,2,1,3,1,4,3,3,1,3,2,2,2,1,4,1,4,1,4,1,1,4,1,1,3,2,4,2,4,2,3,2,2,3,4,4,3,2,2,4,1,2,1,3,3,1,1,4,1,1,2,3,4,4,3,1,1,2,2,4,1,1,4,2,3,4,3,4,3,2,1,3,2,2,2,1,1,3,2,2,3,2,1,2,3,4,3,1,3,4,2,4,3,4,1,3,1,1,2,4,2,2,4,4,3,1,4,2,3,1,4,1,2,3,3,1,4,2,1,3,2,3,1,1,2,1,1,2,1,3,3,2,4,2,2,2,3,2,3,3,2,2,2,2,4,1,1,1,1,2,1,2,1,4,2,2,2,1,1,1,2,4,1,4,2,2,3,4,1,1,1,4,4,2,2,3,3,3,3,1,2,1,2,4,4,2,2,3,2,1,1,1,1,2,3,1,2,3,4,3,4,1,1,3,1,4,4,3,2,1,4,1,2,2,1,2,1,4,1,3,1,1,4,4,1,4,4,1,1,1,3,1,2,1,1,1,1,2,1,3,2,4,4,1,2,4,2,1,1,4,2,4,4,3,3,2,1,2,3,2,1,1,1,2,3,3,4,2,1,4,2,3,2,2,4,4,1,1,2,3,1,2,3,4,2,1,2,1,2,1,4,2,2,3,3,1,4,2,1,2,3,1,1,4,1,3,3,1,2,4,1,4,1,2,1,1,1,2,2,3,3,1,1,4,2,2,4,2,1,1,2,2,1,2,4,3,2,3,3,4,4,1,4,4,3,2,4,3,1,1,3,2,4,2,2,1,1,4,4,2,1,1,3,3,3,3,1,3,2,2,2,2,1,1,3,2,4,4,1,2,3,1,3,1,1,3,1,4,1,1,2,1,3,1,2,2,4,1,1,4,1,4,4,2,1,1,2,3,1,1,1,1,2,3,4,3,2,3,3,1,2,4,2,3,1,2,2,2,4,3,2,2,2,4,1,1,1,2,4,2,1,4,2,1,1,1,2,1,2,1,2,3,3,3,2,4,3,3,1,1,4,2,3,1,4,4,4,3,2,4,3,2,1,3,4,1,2,2,1,2,3,3,1,4,3,3,2,2,1,1,2,3,3,4,4,2,1,1,3,1,1,3,2,3,4,1,3,1,4,2,4,1,1,1,1,4,1,3,1,1,3,1,4,2,2,1,2,2,4,1,2,4,3,1,3,2,1,2,2,3,3,2,1,2,4,1,4,2,1,1,4,1,1,4,4,2,4,2,4,3,2,2,4,3,2,3,1,2,4,3,4,1,3,1,2,4,4,2,2,2,1,2,2,1,4,2,1,2,1,4,2,1,2,4,1,2,1,2,1,1,4,2,1,2,1,2,4,4,3,4,1,2,1,1,2,2,2,2,2,4,4,3,3,2,4,2,3,4,3,2,2,2,3,2,1,3,2,1,1,1,3,1,3,2,3,1,4,3,4,1,1,3,1,3,2,1,3,1,1,2"
154,0.9882627241940299,0.5,2136.0,"4,2,1,1,2,2,3,1,2,1,4,4,4,1,2,2,4,1,1,2,1,2,4,1,3,1,2,2,4,1,1,2,3,3,1,2,4,1,2,4,1,2,2,2,2,2,3,2,1,2,4,4,3,2,1,4,2,2,1,4,4,4,3,1,3,3,3,2,3,2,1,2,2,3,4,2,3,3,3,1,2,1,4,1,2,3,1,2,1,2,1,2,2,2,3,4,1,1,3,1,2,2,3,2,2,4,1,4,2,1,1,1,3,3,1,2,3,4,4,1,3,2,2,3,2,2,3,2,4,1,2,2,1,1,1,2,3,4,2,2,4,3,2,3,4,4,2,1,1,1,1,1,1,3,3,4,2,2,2,1,4,1,1,3,1,3,3,1,1,4,1,2,2,2,1,3,3,1,4,1,3,2,3,2,3,2,1,2,4,1,4,2,3,3,3,3,2,3,1,4,1,4,1,3,4,4,1,3,2,2,2,1,2,1,3,2,2,1,2,1,4,4,3,2,3,1,3,2,4,3,3,2,2,1,1,3,1,3,3,2,2,1,2,3,2,2,3,2,3,3,3,4,1,1,3,1,1,1,4,2,3,4,1,1,2,1,3,2,1,3,4,2,4,1,3,2,4,1,1,4,4,1,1,4,2,2,2,4,2,4,1,1,1,4,1,4,2,1,2,3,2,2,1,2,3,2,4,1,1,1,1,1,1,1,2,3,1,4,2,2,4,2,1,3,2,1,1,3,2,2,3,3,2,3,1,4,1,4,2,1,1,2,3,1,4,2,2,3,3,2,4,2,4,2,3,1,1,2,4,3,4,3,1,2,3,3,4,4,1,3,2,1,2,3,2,3,3,2,1,3,2,4,2,3,3,2,1,1,2,1,1,4,3,3,1,2,3,1,2,2,1,1,2,2,4,1,2,3,4,3,3,2,2,1,1,4,3,2,1,4,3,1,3,3,3,2,1,2,4,3,3,1,1,2,3,1,3,3,2,4,1,2,2,1,3,3,2,1,2,4,2,4,1,3,1,1,1,4,2,1,4,3,3,2,2,1,2,1,4,4,2,2,2,1,1,1,1,4,1,3,1,2,2,3,1,3,4,1,4,1,4,1,1,1,1,2,3,1,1,2,4,2,4,4,2,1,3,1,1,3,3,1,3,1,4,2,4,3,3,1,4,2,4,4,4,2,1,3,1,3,3,3,1,1,2,4,4,1,3,3,2,2,2,3,1,4,1,3,2,1,3,3,4,2,3,3,2,1,2,2,3,4,3,2,1,2,3,1,2,1,4,2,1,4,2,1,4,3,2,1,2,3,1,3,1,2,1,1,1,1,2,1,3,1,1,4,1,3,3,2,2,4,3,4,4,2,4,4,2,1,4,4,4,3,1,2,4,3,3,2,1,3,2,1,4,4,2,2,1,1,3,4,4,2,2,1,4,1,2,3,2,1,3,4,4,3,4,4,1,1,2,3,1,1,1,1,2,2,1,3,1,3,1,4,2,1,1,4,2,4,3,2,1,4,2,3,1,3,2,2,2,1,1,2,2,4,2,2,2,2,2,1,2,3,2,3,1,1,3,4,2,2,2,4,3,3,1,2,2,3,2,3,3,1,2,2,4,4,1,4,4,1,2,4,1,3,3,3,2,3,3,1,1,2,4,3,3,4,2,4,1,2,4,1,4,3,1,1,1,4,4,1,2,2,2,2,2,1,1,1,1,1,1,4,2,2,3,4,4,1,2,3,2,4,1,2,2,3,2,1,1,2,2,1,1,2,3,1,2,1,4,4,1,2,4,2,1,1,2,1,3,3,4,2,2,1,2,4,1,2,2,1,2,1,2,3,1,3,2,3,4,2,1,3,2,3,2,1,2,2,4,4,1,1,4,3,3,2,4,2,4,1,2,3,3,1,3,2,1,3,1,1,2,2,4,2,1,1,1,3,2,4,4,4,1,3,1,4,2,1,3,2,1,1,1,1,4,3,1,1,2,2,3,4,3,2,4,2,1,1,1,1,3,1,1,2,1,1,4,2,4,2,1,3,3,1,2,1,2,1,4,4,2,4,1,4,1,2,2,1,4,1,2,3,2,4,1,2,3,2,1,4,2,2,3,2,3,1,2,1,2,3,2,2,2,3,2,4,1,4,2,3,2,2,2,3,2,4,3,1,1,2,1,1,1,2,1,2,3,2,1,1,1,1,2,1,2,3,2,4,1,1,4,4,3,2,4,3,1,3,2,1,2,3,3,3,3,4,3,1,1,1,3,1,2,1,4,4,3,2,4,3,4,4,1,2,1,2,4,4,3,2,1,3,1,4,3,3,1,3,2,2,2,1,4,1,4,1,4,1,1,4,1,1,3,2,4,2,4,2,3,2,2,3,4,4,3,2,2,4,1,2,1,3,3,1,1,4,1,1,2,3,4,4,3,1,1,2,2,4,1,1,4,2,3,4,3,4,3,2,1,3,2,2,2,1,1,3,2,2,3,2,1,2,3,4,3,1,3,4,2,4,3,4,1,3,1,1,2,4,2,2,4,4,3,1,4,2,3,1,4,1,2,3,3,1,4,2,1,3,2,3,1,1,2,1,1,2,1,3,3,2,4,2,2,2,3,2,3,3,2,2,2,2,4,1,1,1,1,2,1,2,1,4,2,2,2,1,1,1,2,4,1,4,2,2,3,4,1,1,1,4,4,2,2,3,3,3,3,1,2,1,2,4,4,2,2,3,2,1,1,1,1,2,3,1,2,3,4,3,4,1,1,3,1,4,4,3,2,1,4,1,2,2,1,2,1,4,1,3,1,1,4,4,1,4,4,1,1,1,3,1,2,1,1,1,1,2,1,3,2,4,4,1,2,4,2,1,1,4,2,4,4,3,3,2,1,2,3,2,1,1,1,2,3,3,4,2,1,4,2,3,2,2,4,4,1,1,2,3,1,2,3,4,2,1,2,1,2,1,4,2,2,3,3,1,4,2,1,2,3,1,1,4,1,3,3,1,2,4,1,4,1,2,1,1,1,2,2,3,3,1,1,4,2,2,4,2,1,1,2,2,1,2,4,3,2,3,3,4,4,1,4,4,3,2,4,3,1,1,3,2,4,2,2,1,1,4,4,2,1,1,3,3,3,3,1,3,2,2,2,2,1,1,3,2,4,4,1,2,3,1,3,1,1,3,1,4,1,1,2,1,3,1,2,2,4,1,1,4,1,4,4,2,1,1,2,3,1,1,1,1,2,3,4,3,2,3,3,1,2,4,2,3,1,2,2,2,4,3,2,2,2,4,1,1,1,2,4,2,1,4,2,1,1,1,2,1,2,1,2,3,3,3,2,4,3,3,1,1,4,2,3,1,4,4,4,3,2,4,3,2,1,3,4,1,2,2,1,2,3,3,1,4,3,3,2,2,1,1,2,3,3,4,4,2,1,1,3,1,1,3,2,3,4,1,3,1,4,2,4,1,1,1,1,4,1,3,1,1,3,1,4,2,2,1,2,2,4,1,2,4,3,1,3,2,1,2,2,3,3,2,1,2,4,1,4,2,1,1,4,1,1,4,4,2,4,2,4,3,2,2,4,3,2,3,1,2,4,3,4,1,3,1,2,4,4,2,2,2,1,2,2,1,4,2,1,2,1,4,2,1,2,4,1,2,1,2,1,1,4,2,1,2,1,2,4,4,3,4,1,2,1,1,2,2,2,2,2,4,4,3,3,2,4,2,3,4,3,2,2,2,3,2,1,3,2,1,1,1,3,1,3,2,3,1,4,3,4,1,1,3,1,3,2,1,3,1,1,2"
155,0.9882627241940299,0.5,2136.0,"4,2,1,1,2,2,3,1,2,1,4,4,4,1,2,2,4,1,1,2,1,2,4,1,3,1,2,2,4,1,1,2,3,3,1,2,4,1,2,4,1,2,2,2,2,2,3,2,1,2,4,4,3,2,1,4,2,2,1,4,4,4,3,1,3,3,3,2,3,2,1,2,2,3,4,2,3,3,3,1,2,1,4,1,2,3,1,2,1,2,1,2,2,2,3,4,1,1,3,1,2,2,3,2,2,4,1,4,2,1,1,1,3,3,1,2,3,4,4,1,3,2,2,3,2,2,3,2,4,1,2,2,1,1,1,2,3,4,2,2,4,3,2,3,4,4,2,1,1,1,1,1,1,3,3,4,2,2,2,1,4,1,1,3,1,3,3,1,1,4,1,2,2,2,1,3,3,1,4,1,3,2,3,2,3,2,1,2,4,1,4,2,3,3,3,3,2,3,1,4,1,4,1,3,4,4,1,3,2,2,2,1,2,1,3,2,2,1,2,1,4,4,3,2,3,1,3,2,4,3,3,2,2,1,1,3,1,3,3,2,2,1,2,3,2,2,3,2,3,3,3,4,1,1,3,1,1,1,4,2,3,4,1,1,2,1,3,2,1,3,4,2,4,1,3,2,4,1,1,4,4,1,1,4,2,2,2,4,2,4,1,1,1,4,1,4,2,1,2,3,2,2,1,2,3,2,4,1,1,1,1,1,1,1,2,3,1,4,2,2,4,2,1,3,2,1,1,3,2,2,3,3,2,3,1,4,1,4,2,1,1,2,3,1,4,2,2,3,3,2,4,2,4,2,3,1,1,2,4,3,4,3,1,2,3,3,4,4,1,3,2,1,2,3,2,3,3,2,1,3,2,4,2,3,3,2,1,1,2,1,1,4,3,3,1,2,3,1,2,2,1,1,2,2,4,1,2,3,4,3,3,2,2,1,1,4,3,2,1,4,3,1,3,3,3,2,1,2,4,3,3,1,1,2,3,1,3,3,2,4,1,2,2,1,3,3,2,1,2,4,2,4,1,3,1,1,1,4,2,1,4,3,3,2,2,1,2,1,4,4,2,2,2,1,1,1,1,4,1,3,1,2,2,3,1,3,4,1,4,1,4,1,1,1,1,2,3,1,1,2,4,2,4,4,2,1,3,1,1,3,3,1,3,1,4,2,4,3,3,1,4,2,4,4,4,2,1,3,1,3,3,3,1,1,2,4,4,1,3,3,2,2,2,3,1,4,1,3,2,1,3,3,4,2,3,3,2,1,2,2,3,4,3,2,1,2,3,1,2,1,4,2,1,4,2,1,4,3,2,1,2,3,1,3,1,2,1,1,1,1,2,1,3,1,1,4,1,3,3,2,2,4,3,4,4,2,4,4,2,1,4,4,4,3,1,2,4,3,3,2,1,3,2,1,4,4,2,2,1,1,3,4,4,2,2,1,4,1,2,3,2,1,3,4,4,3,4,4,1,1,2,3,1,1,1,1,2,2,1,3,1,3,1,4,2,1,1,4,2,4,3,2,1,4,2,3,1,3,2,2,2,1,1,2,2,4,2,2,2,2,2,1,2,3,2,3,1,1,3,4,2,2,2,4,3,3,1,2,2,3,2,3,3,1,2,2,4,4,1,4,4,1,2,4,1,3,3,3,2,3,3,1,1,2,4,3,3,4,2,4,1,2,4,1,4,3,1,1,1,4,4,1,2,2,2,2,2,1,1,1,1,1,1,4,2,2,3,4,4,1,2,3,2,4,1,2,2,3,2,1,1,2,2,1,1,2,3,1,2,1,4,4,1,2,4,2,1,1,2,1,3,3,4,2,2,1,2,4,1,2,2,1,2,1,2,3,1,3,2,3,4,2,1,3,2,3,2,1,2,2,4,4,1,1,4,3,3,2,4,2,4,1,2,3,3,1,3,2,1,3,1,1,2,2,4,2,1,1,1,3,2,4,4,4,1,3,1,4,2,1,3,2,1,1,1,1,4,3,1,1,2,2,3,4,3,2,4,2,1,1,1,1,3,1,1,2,1,1,4,2,4,2,1,3,3,1,2,1,2,1,4,4,2,4,1,4,1,2,2,1,4,1,2,3,2,4,1,2,3,2,1,4,2,2,3,2,3,1,2,1,2,3,2,2,2,3,2,4,1,4,2,3,2,2,2,3,2,4,3,1,1,2,1,1,1,2,1,2,3,2,1,1,1,1,2,1,2,3,2,4,1,1,4,4,3,2,4,3,1,3,2,1,2,3,3,3,3,4,3,1,1,1,3,1,2,1,4,4,3,2,4,3,4,4,1,2,1,2,4,4,3,2,1,3,1,4,3,3,1,3,2,2,2,1,4,1,4,1,4,1,1,4,1,1,3,2,4,2,4,2,3,2,2,3,4,4,3,2,2,4,1,2,1,3,3,1,1,4,1,1,2,3,4,4,3,1,1,2,2,4,1,1,4,2,3,4,3,4,3,2,1,3,2,2,2,1,1,3,2,2,3,2,1,2,3,4,3,1,3,4,2,4,3,4,1,3,1,1,2,4,2,2,4,4,3,1,4,2,3,1,4,1,2,3,3,1,4,2,1,3,2,3,1,1,2,1,1,2,1,3,3,2,4,2,2,2,3,2,3,3,2,2,2,2,4,1,1,1,1,2,1,2,1,4,2,2,2,1,1,1,2,4,1,4,2,2,3,4,1,1,1,4,4,2,2,3,3,3,3,1,2,1,2,4,4,2,2,3,2,1,1,1,1,2,3,1,2,3,4,3,4,1,1,3,1,4,4,3,2,1,4,1,2,2,1,2,1,4,1,3,1,1,4,4,1,4,4,1,1,1,3,1,2,1,1,1,1,2,1,3,2,4,4,1,2,4,2,1,1,4,2,4,4,3,3,2,1,2,3,2,1,1,1,2,3,3,4,2,1,4,2,3,2,2,4,4,1,1,2,3,1,2,3,4,2,1,2,1,2,1,4,2,2,3,3,1,4,2,1,2,3,1,1,4,1,3,3,1,2,4,1,4,1,2,1,1,1,2,2,3,3,1,1,4,2,2,4,2,1,1,2,2,1,2,4,3,2,3,3,4,4,1,4,4,3,2,4,3,1,1,3,2,4,2,2,1,1,4,4,2,1,1,3,3,3,3,1,3,2,2,2,2,1,1,3,2,4,4,1,2,3,1,3,1,1,3,1,4,1,1,2,1,3,1,2,2,4,1,1,4,1,4,4,2,1,1,2,3,1,1,1,1,2,3,4,3,2,3,3,1,2,4,2,3,1,2,2,2,4,3,2,2,2,4,1,1,1,2,4,2,1,4,2,1,1,1,2,1,2,1,2,3,3,3,2,4,3,3,1,1,4,2,3,1,4,4,4,3,2,4,3,2,1,3,4,1,2,2,1,2,3,3,1,4,3,3,2,2,1,1,2,3,3,4,4,2,1,1,3,1,1,3,2,3,4,1,3,1,4,2,4,1,1,1,1,4,1,3,1,1,3,1,4,2,2,1,2,2,4,1,2,4,3,1,3,2,1,2,2,3,3,2,1,2,4,1,4,2,1,1,4,1,1,4,4,2,4,2,4,3,2,2,4,3,2,3,1,2,4,3,4,1,3,1,2,4,4,2,2,2,1,2,2,1,4,2,1,2,1,4,2,1,2,4,1,2,1,2,1,1,4,2,1,2,1,2,4,4,3,4,1,2,1,1,2,2,2,2,2,4,4,3,3,2,4,2,3,4,3,2,2,2,3,2,1,3,2,1,1,1,3,1,3,2,3,1,4,3,4,1,1,3,1,3,2,1,3,1,1,2"
156,0.9882627241940299,0.5,2136.0,"4,2,1,1,2,2,3,1,2,1,4,4,4,1,2,2,4,1,1,2,1,2,4,1,3,1,2,2,4,1,1,2,3,3,1,2,4,1,2,4,1,2,2,2,2,2,3,2,1,2,4,4,3,2,1,4,2,2,1,4,4,4,3,1,3,3,3,2,3,2,1,2,2,3,4,2,3,3,3,1,2,1,4,1,2,3,1,2,1,2,1,2,2,2,3,4,1,1,3,1,2,2,3,2,2,4,1,4,2,1,1,1,3,3,1,2,3,4,4,1,3,2,2,3,2,2,3,2,4,1,2,2,1,1,1,2,3,4,2,2,4,3,2,3,4,4,2,1,1,1,1,1,1,3,3,4,2,2,2,1,4,1,1,3,1,3,3,1,1,4,1,2,2,2,1,3,3,1,4,1,3,2,3,2,3,2,1,2,4,1,4,2,3,3,3,3,2,3,1,4,1,4,1,3,4,4,1,3,2,2,2,1,2,1,3,2,2,1,2,1,4,4,3,2,3,1,3,2,4,3,3,2,2,1,1,3,1,3,3,2,2,1,2,3,2,2,3,2,3,3,3,4,1,1,3,1,1,1,4,2,3,4,1,1,2,1,3,2,1,3,4,2,4,1,3,2,4,1,1,4,4,1,1,4,2,2,2,4,2,4,1,1,1,4,1,4,2,1,2,3,2,2,1,2,3,2,4,1,1,1,1,1,1,1,2,3,1,4,2,2,4,2,1,3,2,1,1,3,2,2,3,3,2,3,1,4,1,4,2,1,1,2,3,1,4,2,2,3,3,2,4,2,4,2,3,1,1,2,4,3,4,3,1,2,3,3,4,4,1,3,2,1,2,3,2,3,3,2,1,3,2,4,2,3,3,2,1,1,2,1,1,4,3,3,1,2,3,1,2,2,1,1,2,2,4,1,2,3,4,3,3,2,2,1,1,4,3,2,1,4,3,1,3,3,3,2,1,2,4,3,3,1,1,2,3,1,3,3,2,4,1,2,2,1,3,3,2,1,2,4,2,4,1,3,1,1,1,4,2,1,4,3,3,2,2,1,2,1,4,4,2,2,2,1,1,1,1,4,1,3,1,2,2,3,1,3,4,1,4,1,4,1,1,1,1,2,3,1,1,2,4,2,4,4,2,1,3,1,1,3,3,1,3,1,4,2,4,3,3,1,4,2,4,4,4,2,1,3,1,3,3,3,1,1,2,4,4,1,3,3,2,2,2,3,1,4,1,3,2,1,3,3,4,2,3,3,2,1,2,2,3,4,3,2,1,2,3,1,2,1,4,2,1,4,2,1,4,3,2,1,2,3,1,3,1,2,1,1,1,1,2,1,3,1,1,4,1,3,3,2,2,4,3,4,4,2,4,4,2,1,4,4,4,3,1,2,4,3,3,2,1,3,2,1,4,4,2,2,1,1,3,4,4,2,2,1,4,1,2,3,2,1,3,4,4,3,4,4,1,1,2,3,1,1,1,1,2,2,1,3,1,3,1,4,2,1,1,4,2,4,3,2,1,4,2,3,1,3,2,2,2,1,1,2,2,4,2,2,2,2,2,1,2,3,2,3,1,1,3,4,2,2,2,4,3,3,1,2,2,3,2,3,3,1,2,2,4,4,1,4,4,1,2,4,1,3,3,3,2,3,3,1,1,2,4,3,3,4,2,4,1,2,4,1,4,3,1,1,1,4,4,1,2,2,2,2,2,1,1,1,1,1,1,4,2,2,3,4,4,1,2,3,2,4,1,2,2,3,2,1,1,2,2,1,1,2,3,1,2,1,4,4,1,2,4,2,1,1,2,1,3,3,4,2,2,1,2,4,1,2,2,1,2,1,2,3,1,3,2,3,4,2,1,3,2,3,2,1,2,2,4,4,1,1,4,3,3,2,4,2,4,1,2,3,3,1,3,2,1,3,1,1,2,2,4,2,1,1,1,3,2,4,4,4,1,3,1,4,2,1,3,2,1,1,1,1,4,3,1,1,2,2,3,4,3,2,4,2,1,1,1,1,3,1,1,2,1,1,4,2,4,2,1,3,3,1,2,1,2,1,4,4,2,4,1,4,1,2,2,1,4,1,2,3,2,4,1,2,3,2,1,4,2,2,3,2,3,1,2,1,2,3,2,2,2,3,2,4,1,4,2,3,2,2,2,3,2,4,3,1,1,2,1,1,1,2,1,2,3,2,1,1,1,1,2,1,2,3,2,4,1,1,4,4,3,2,4,3,1,3,2,1,2,3,3,3,3,4,3,1,1,1,3,1,2,1,4,4,3,2,4,3,4,4,1,2,1,2,4,4,3,2,1,3,1,4,3,3,1,3,2,2,2,1,4,1,4,1,4,1,1,4,1,1,3,2,4,2,4,2,3,2,2,3,4,4,3,2,2,4,1,2,1,3,3,1,1,4,1,1,2,3,4,4,3,1,1,2,2,4,1,1,4,2,3,4,3,4,3,2,1,3,2,2,2,1,1,3,2,2,3,2,1,2,3,4,3,1,3,4,2,4,3,4,1,3,1,1,2,4,2,2,4,4,3,1,4,2,3,1,4,1,2,3,3,1,4,2,1,3,2,3,1,1,2,1,1,2,1,3,3,2,4,2,2,2,3,2,3,3,2,2,2,2,4,1,1,1,1,2,1,2,1,4,2,2,2,1,1,1,2,4,1,4,2,2,3,4,1,1,1,4,4,2,2,3,3,3,3,1,2,1,2,4,4,2,2,3,2,1,1,1,1,2,3,1,2,3,4,3,4,1,1,3,1,4,4,3,2,1,4,1,2,2,1,2,1,4,1,3,1,1,4,4,1,4,4,1,1,1,3,1,2,1,1,1,1,2,1,3,2,4,4,1,2,4,2,1,1,4,2,4,4,3,3,2,1,2,3,2,1,1,1,2,3,3,4,2,1,4,2,3,2,2,4,4,1,1,2,3,1,2,3,4,2,1,2,1,2,1,4,2,2,3,3,1,4,2,1,2,3,1,1,4,1,3,3,1,2,4,1,4,1,2,1,1,1,2,2,3,3,1,1,4,2,2,4,2,1,1,2,2,1,2,4,3,2,3,3,4,4,1,4,4,3,2,4,3,1,1,3,2,4,2,2,1,1,4,4,2,1,1,3,3,3,3,1,3,2,2,2,2,1,1,3,2,4,4,1,2,3,1,3,1,1,3,1,4,1,1,2,1,3,1,2,2,4,1,1,4,1,4,4,2,1,1,2,3,1,1,1,1,2,3,4,3,2,3,3,1,2,4,2,3,1,2,2,2,4,3,2,2,2,4,1,1,1,2,4,2,1,4,2,1,1,1,2,1,2,1,2,3,3,3,2,4,3,3,1,1,4,2,3,1,4,4,4,3,2,4,3,2,1,3,4,1,2,2,1,2,3,3,1,4,3,3,2,2,1,1,2,3,3,4,4,2,1,1,3,1,1,3,2,3,4,1,3,1,4,2,4,1,1,1,1,4,1,3,1,1,3,1,4,2,2,1,2,2,4,1,2,4,3,1,3,2,1,2,2,3,3,2,1,2,4,1,4,2,1,1,4,1,1,4,4,2,4,2,4,3,2,2,4,3,2,3,1,2,4,3,4,1,3,1,2,4,4,2,2,2,1,2,2,1,4,2,1,2,1,4,2,1,2,4,1,2,1,2,1,1,4,2,1,2,1,2,4,4,3,4,1,2,1,1,2,2,2,2,2,4,4,3,3,2,4,2,3,4,3,2,2,2,3,2,1,3,2,1,1,1,3,1,3,2,3,1,4,3,4,1,1,3,1,3,2,1,3,1,1,2"
157,0.9882627241940299,0.5,2136.0,"4,2,1,1,2,2,3,1,2,1,4,4,4,1,2,2,4,1,1,2,1,2,4,1,3,1,2,2,4,1,1,2,3,3,1,2,4,1,2,4,1,2,2,2,2,2,3,2,1,2,4,4,3,2,1,4,2,2,1,4,4,4,3,1,3,3,3,2,3,2,1,2,2,3,4,2,3,3,3,1,2,1,4,1,2,3,1,2,1,2,1,2,2,2,3,4,1,1,3,1,2,2,3,2,2,4,1,4,2,1,1,1,3,3,1,2,3,4,4,1,3,2,2,3,2,2,3,2,4,1,2,2,1,1,1,2,3,4,2,2,4,3,2,3,4,4,2,1,1,1,1,1,1,3,3,4,2,2,2,1,4,1,1,3,1,3,3,1,1,4,1,2,2,2,1,3,3,1,4,1,3,2,3,2,3,2,1,2,4,1,4,2,3,3,3,3,2,3,1,4,1,4,1,3,4,4,1,3,2,2,2,1,2,1,3,2,2,1,2,1,4,4,3,2,3,1,3,2,4,3,3,2,2,1,1,3,1,3,3,2,2,1,2,3,2,2,3,2,3,3,3,4,1,1,3,1,1,1,4,2,3,4,1,1,2,1,3,2,1,3,4,2,4,1,3,2,4,1,1,4,4,1,1,4,2,2,2,4,2,4,1,1,1,4,1,4,2,1,2,3,2,2,1,2,3,2,4,1,1,1,1,1,1,1,2,3,1,4,2,2,4,2,1,3,2,1,1,3,2,2,3,3,2,3,1,4,1,4,2,1,1,2,3,1,4,2,2,3,3,2,4,2,4,2,3,1,1,2,4,3,4,3,1,2,3,3,4,4,1,3,2,1,2,3,2,3,3,2,1,3,2,4,2,3,3,2,1,1,2,1,1,4,3,3,1,2,3,1,2,2,1,1,2,2,4,1,2,3,4,3,3,2,2,1,1,4,3,2,1,4,3,1,3,3,3,2,1,2,4,3,3,1,1,2,3,1,3,3,2,4,1,2,2,1,3,3,2,1,2,4,2,4,1,3,1,1,1,4,2,1,4,3,3,2,2,1,2,1,4,4,2,2,2,1,1,1,1,4,1,3,1,2,2,3,1,3,4,1,4,1,4,1,1,1,1,2,3,1,1,2,4,2,4,4,2,1,3,1,1,3,3,1,3,1,4,2,4,3,3,1,4,2,4,4,4,2,1,3,1,3,3,3,1,1,2,4,4,1,3,3,2,2,2,3,1,4,1,3,2,1,3,3,4,2,3,3,2,1,2,2,3,4,3,2,1,2,3,1,2,1,4,2,1,4,2,1,4,3,2,1,2,3,1,3,1,2,1,1,1,1,2,1,3,1,1,4,1,3,3,2,2,4,3,4,4,2,4,4,2,1,4,4,4,3,1,2,4,3,3,2,1,3,2,1,4,4,2,2,1,1,3,4,4,2,2,1,4,1,2,3,2,1,3,4,4,3,4,4,1,1,2,3,1,1,1,1,2,2,1,3,1,3,1,4,2,1,1,4,2,4,3,2,1,4,2,3,1,3,2,2,2,1,1,2,2,4,2,2,2,2,2,1,2,3,2,3,1,1,3,4,2,2,2,4,3,3,1,2,2,3,2,3,3,1,2,2,4,4,1,4,4,1,2,4,1,3,3,3,2,3,3,1,1,2,4,3,3,4,2,4,1,2,4,1,4,3,1,1,1,4,4,1,2,2,2,2,2,1,1,1,1,1,1,4,2,2,3,4,4,1,2,3,2,4,1,2,2,3,2,1,1,2,2,1,1,2,3,1,2,1,4,4,1,2,4,2,1,1,2,1,3,3,4,2,2,1,2,4,1,2,2,1,2,1,2,3,1,3,2,3,4,2,1,3,2,3,2,1,2,2,4,4,1,1,4,3,3,2,4,2,4,1,2,3,3,1,3,2,1,3,1,1,2,2,4,2,1,1,1,3,2,4,4,4,1,3,1,4,2,1,3,2,1,1,1,1,4,3,1,1,2,2,3,4,3,2,4,2,1,1,1,1,3,1,1,2,1,1,4,2,4,2,1,3,3,1,2,1,2,1,4,4,2,4,1,4,1,2,2,1,4,1,2,3,2,4,1,2,3,2,1,4,2,2,3,2,3,1,2,1,2,3,2,2,2,3,2,4,1,4,2,3,2,2,2,3,2,4,3,1,1,2,1,1,1,2,1,2,3,2,1,1,1,1,2,1,2,3,2,4,1,1,4,4,3,2,4,3,1,3,2,1,2,3,3,3,3,4,3,1,1,1,3,1,2,1,4,4,3,2,4,3,4,4,1,2,1,2,4,4,3,2,1,3,1,4,3,3,1,3,2,2,2,1,4,1,4,1,4,1,1,4,1,1,3,2,4,2,4,2,3,2,2,3,4,4,3,2,2,4,1,2,1,3,3,1,1,4,1,1,2,3,4,4,3,1,1,2,2,4,1,1,4,2,3,4,3,4,3,2,1,3,2,2,2,1,1,3,2,2,3,2,1,2,3,4,3,1,3,4,2,4,3,4,1,3,1,1,2,4,2,2,4,4,3,1,4,2,3,1,4,1,2,3,3,1,4,2,1,3,2,3,1,1,2,1,1,2,1,3,3,2,4,2,2,2,3,2,3,3,2,2,2,2,4,1,1,1,1,2,1,2,1,4,2,2,2,1,1,1,2,4,1,4,2,2,3,4,1,1,1,4,4,2,2,3,3,3,3,1,2,1,2,4,4,2,2,3,2,1,1,1,1,2,3,1,2,3,4,3,4,1,1,3,1,4,4,3,2,1,4,1,2,2,1,2,1,4,1,3,1,1,4,4,1,4,4,1,1,1,3,1,2,1,1,1,1,2,1,3,2,4,4,1,2,4,2,1,1,4,2,4,4,3,3,2,1,2,3,2,1,1,1,2,3,3,4,2,1,4,2,3,2,2,4,4,1,1,2,3,1,2,3,4,2,1,2,1,2,1,4,2,2,3,3,1,4,2,1,2,3,1,1,4,1,3,3,1,2,4,1,4,1,2,1,1,1,2,2,3,3,1,1,4,2,2,4,2,1,1,2,2,1,2,4,3,2,3,3,4,4,1,4,4,3,2,4,3,1,1,3,2,4,2,2,1,1,4,4,2,1,1,3,3,3,3,1,3,2,2,2,2,1,1,3,2,4,4,1,2,3,1,3,1,1,3,1,4,1,1,2,1,3,1,2,2,4,1,1,4,1,4,4,2,1,1,2,3,1,1,1,1,2,3,4,3,2,3,3,1,2,4,2,3,1,2,2,2,4,3,2,2,2,4,1,1,1,2,4,2,1,4,2,1,1,1,2,1,2,1,2,3,3,3,2,4,3,3,1,1,4,2,3,1,4,4,4,3,2,4,3,2,1,3,4,1,2,2,1,2,3,3,1,4,3,3,2,2,1,1,2,3,3,4,4,2,1,1,3,1,1,3,2,3,4,1,3,1,4,2,4,1,1,1,1,4,1,3,1,1,3,1,4,2,2,1,2,2,4,1,2,4,3,1,3,2,1,2,2,3,3,2,1,2,4,1,4,2,1,1,4,1,1,4,4,2,4,2,4,3,2,2,4,3,2,3,1,2,4,3,4,1,3,1,2,4,4,2,2,2,1,2,2,1,4,2,1,2,1,4,2,1,2,4,1,2,1,2,1,1,4,2,1,2,1,2,4,4,3,4,1,2,1,1,2,2,2,2,2,4,4,3,3,2,4,2,3,4,3,2,2,2,3,2,1,3,2,1,1,1,3,1,3,2,3,1,4,3,4,1,1,3,1,3,2,1,3,1,1,2"
158,0.9882627241940299,0.5,2136.0,"4,2,1,1,2,2,3,1,2,1,4,4,4,1,2,2,4,1,1,2,1,2,4,1,3,1,2,2,4,1,1,2,3,3,1,2,4,1,2,4,1,2,2,2,2,2,3,2,1,2,4,4,3,2,1,4,2,2,1,4,4,4,3,1,3,3,3,2,3,2,1,2,2,3,4,2,3,3,3,1,2,1,4,1,2,3,1,2,1,2,1,2,2,2,3,4,1,1,3,1,2,2,3,2,2,4,1,4,2,1,1,1,3,3,1,2,3,4,4,1,3,2,2,3,2,2,3,2,4,1,2,2,1,1,1,2,3,4,2,2,4,3,2,3,4,4,2,1,1,1,1,1,1,3,3,4,2,2,2,1,4,1,1,3,1,3,3,1,1,4,1,2,2,2,1,3,3,1,4,1,3,2,3,2,3,2,1,2,4,1,4,2,3,3,3,3,2,3,1,4,1,4,1,3,4,4,1,3,2,2,2,1,2,1,3,2,2,1,2,1,4,4,3,2,3,1,3,2,4,3,3,2,2,1,1,3,1,3,3,2,2,1,2,3,2,2,3,2,3,3,3,4,1,1,3,1,1,1,4,2,3,4,1,1,2,1,3,2,1,3,4,2,4,1,3,2,4,1,1,4,4,1,1,4,2,2,2,4,2,4,1,1,1,4,1,4,2,1,2,3,2,2,1,2,3,2,4,1,1,1,1,1,1,1,2,3,1,4,2,2,4,2,1,3,2,1,1,3,2,2,3,3,2,3,1,4,1,4,2,1,1,2,3,1,4,2,2,3,3,2,4,2,4,2,3,1,1,2,4,3,4,3,1,2,3,3,4,4,1,3,2,1,2,3,2,3,3,2,1,3,2,4,2,3,3,2,1,1,2,1,1,4,3,3,1,2,3,1,2,2,1,1,2,2,4,1,2,3,4,3,3,2,2,1,1,4,3,2,1,4,3,1,3,3,3,2,1,2,4,3,3,1,1,2,3,1,3,3,2,4,1,2,2,1,3,3,2,1,2,4,2,4,1,3,1,1,1,4,2,1,4,3,3,2,2,1,2,1,4,4,2,2,2,1,1,1,1,4,1,3,1,2,2,3,1,3,4,1,4,1,4,1,1,1,1,2,3,1,1,2,4,2,4,4,2,1,3,1,1,3,3,1,3,1,4,2,4,3,3,1,4,2,4,4,4,2,1,3,1,3,3,3,1,1,2,4,4,1,3,3,2,2,2,3,1,4,1,3,2,1,3,3,4,2,3,3,2,1,2,2,3,4,3,2,1,2,3,1,2,1,4,2,1,4,2,1,4,3,2,1,2,3,1,3,1,2,1,1,1,1,2,1,3,1,1,4,1,3,3,2,2,4,3,4,4,2,4,4,2,1,4,4,4,3,1,2,4,3,3,2,1,3,2,1,4,4,2,2,1,1,3,4,4,2,2,1,4,1,2,3,2,1,3,4,4,3,4,4,1,1,2,3,1,1,1,1,2,2,1,3,1,3,1,4,2,1,1,4,2,4,3,2,1,4,2,3,1,3,2,2,2,1,1,2,2,4,2,2,2,2,2,1,2,3,2,3,1,1,3,4,2,2,2,4,3,3,1,2,2,3,2,3,3,1,2,2,4,4,1,4,4,1,2,4,1,3,3,3,2,3,3,1,1,2,4,3,3,4,2,4,1,2,4,1,4,3,1,1,1,4,4,1,2,2,2,2,2,1,1,1,1,1,1,4,2,2,3,4,4,1,2,3,2,4,1,2,2,3,2,1,1,2,2,1,1,2,3,1,2,1,4,4,1,2,4,2,1,1,2,1,3,3,4,2,2,1,2,4,1,2,2,1,2,1,2,3,1,3,2,3,4,2,1,3,2,3,2,1,2,2,4,4,1,1,4,3,3,2,4,2,4,1,2,3,3,1,3,2,1,3,1,1,2,2,4,2,1,1,1,3,2,4,4,4,1,3,1,4,2,1,3,2,1,1,1,1,4,3,1,1,2,2,3,4,3,2,4,2,1,1,1,1,3,1,1,2,1,1,4,2,4,2,1,3,3,1,2,1,2,1,4,4,2,4,1,4,1,2,2,1,4,1,2,3,2,4,1,2,3,2,1,4,2,2,3,2,3,1,2,1,2,3,2,2,2,3,2,4,1,4,2,3,2,2,2,3,2,4,3,1,1,2,1,1,1,2,1,2,3,2,1,1,1,1,2,1,2,3,2,4,1,1,4,4,3,2,4,3,1,3,2,1,2,3,3,3,3,4,3,1,1,1,3,1,2,1,4,4,3,2,4,3,4,4,1,2,1,2,4,4,3,2,1,3,1,4,3,3,1,3,2,2,2,1,4,1,4,1,4,1,1,4,1,1,3,2,4,2,4,2,3,2,2,3,4,4,3,2,2,4,1,2,1,3,3,1,1,4,1,1,2,3,4,4,3,1,1,2,2,4,1,1,4,2,3,4,3,4,3,2,1,3,2,2,2,1,1,3,2,2,3,2,1,2,3,4,3,1,3,4,2,4,3,4,1,3,1,1,2,4,2,2,4,4,3,1,4,2,3,1,4,1,2,3,3,1,4,2,1,3,2,3,1,1,2,1,1,2,1,3,3,2,4,2,2,2,3,2,3,3,2,2,2,2,4,1,1,1,1,2,1,2,1,4,2,2,2,1,1,1,2,4,1,4,2,2,3,4,1,1,1,4,4,2,2,3,3,3,3,1,2,1,2,4,4,2,2,3,2,1,1,1,1,2,3,1,2,3,4,3,4,1,1,3,1,4,4,3,2,1,4,1,2,2,1,2,1,4,1,3,1,1,4,4,1,4,4,1,1,1,3,1,2,1,1,1,1,2,1,3,2,4,4,1,2,4,2,1,1,4,2,4,4,3,3,2,1,2,3,2,1,1,1,2,3,3,4,2,1,4,2,3,2,2,4,4,1,1,2,3,1,2,3,4,2,1,2,1,2,1,4,2,2,3,3,1,4,2,1,2,3,1,1,4,1,3,3,1,2,4,1,4,1,2,1,1,1,2,2,3,3,1,1,4,2,2,4,2,1,1,2,2,1,2,4,3,2,3,3,4,4,1,4,4,3,2,4,3,1,1,3,2,4,2,2,1,1,4,4,2,1,1,3,3,3,3,1,3,2,2,2,2,1,1,3,2,4,4,1,2,3,1,3,1,1,3,1,4,1,1,2,1,3,1,2,2,4,1,1,4,1,4,4,2,1,1,2,3,1,1,1,1,2,3,4,3,2,3,3,1,2,4,2,3,1,2,2,2,4,3,2,2,2,4,1,1,1,2,4,2,1,4,2,1,1,1,2,1,2,1,2,3,3,3,2,4,3,3,1,1,4,2,3,1,4,4,4,3,2,4,3,2,1,3,4,1,2,2,1,2,3,3,1,4,3,3,2,2,1,1,2,3,3,4,4,2,1,1,3,1,1,3,2,3,4,1,3,1,4,2,4,1,1,1,1,4,1,3,1,1,3,1,4,2,2,1,2,2,4,1,2,4,3,1,3,2,1,2,2,3,3,2,1,2,4,1,4,2,1,1,4,1,1,4,4,2,4,2,4,3,2,2,4,3,2,3,1,2,4,3,4,1,3,1,2,4,4,2,2,2,1,2,2,1,4,2,1,2,1,4,2,1,2,4,1,2,1,2,1,1,4,2,1,2,1,2,4,4,3,4,1,2,1,1,2,2,2,2,2,4,4,3,3,2,4,2,3,4,3,2,2,2,3,2,1,3,2,1,1,1,3,1,3,2,3,1,4,3,4,1,1,3,1,3,2,1,3,1,1,2"
159,0.9882627241940299,0.5,2136.0,"4,2,1,1,2,2,3,1,2,1,4,4,4,1,2,2,4,1,1,2,1,2,4,1,3,1,2,2,4,1,1,2,3,3,1,2,4,1,2,4,1,2,2,2,2,2,3,2,1,2,4,4,3,2,1,4,2,2,1,4,4,4,3,1,3,3,3,2,3,2,1,2,2,3,4,2,3,3,3,1,2,1,4,1,2,3,1,2,1,2,1,2,2,2,3,4,1,1,3,1,2,2,3,2,2,4,1,4,2,1,1,1,3,3,1,2,3,4,4,1,3,2,2,3,2,2,3,2,4,1,2,2,1,1,1,2,3,4,2,2,4,3,2,3,4,4,2,1,1,1,1,1,1,3,3,4,2,2,2,1,4,1,1,3,1,3,3,1,1,4,1,2,2,2,1,3,3,1,4,1,3,2,3,2,3,2,1,2,4,1,4,2,3,3,3,3,2,3,1,4,1,4,1,3,4,4,1,3,2,2,2,1,2,1,3,2,2,1,2,1,4,4,3,2,3,1,3,2,4,3,3,2,2,1,1,3,1,3,3,2,2,1,2,3,2,2,3,2,3,3,3,4,1,1,3,1,1,1,4,2,3,4,1,1,2,1,3,2,1,3,4,2,4,1,3,2,4,1,1,4,4,1,1,4,2,2,2,4,2,4,1,1,1,4,1,4,2,1,2,3,2,2,1,2,3,2,4,1,1,1,1,1,1,1,2,3,1,4,2,2,4,2,1,3,2,1,1,3,2,2,3,3,2,3,1,4,1,4,2,1,1,2,3,1,4,2,2,3,3,2,4,2,4,2,3,1,1,2,4,3,4,3,1,2,3,3,4,4,1,3,2,1,2,3,2,3,3,2,1,3,2,4,2,3,3,2,1,1,2,1,1,4,3,3,1,2,3,1,2,2,1,1,2,2,4,1,2,3,4,3,3,2,2,1,1,4,3,2,1,4,3,1,3,3,3,2,1,2,4,3,3,1,1,2,3,1,3,3,2,4,1,2,2,1,3,3,2,1,2,4,2,4,1,3,1,1,1,4,2,1,4,3,3,2,2,1,2,1,4,4,2,2,2,1,1,1,1,4,1,3,1,2,2,3,1,3,4,1,4,1,4,1,1,1,1,2,3,1,1,2,4,2,4,4,2,1,3,1,1,3,3,1,3,1,4,2,4,3,3,1,4,2,4,4,4,2,1,3,1,3,3,3,1,1,2,4,4,1,3,3,2,2,2,3,1,4,1,3,2,1,3,3,4,2,3,3,2,1,2,2,3,4,3,2,1,2,3,1,2,1,4,2,1,4,2,1,4,3,2,1,2,3,1,3,1,2,1,1,1,1,2,1,3,1,1,4,1,3,3,2,2,4,3,4,4,2,4,4,2,1,4,4,4,3,1,2,4,3,3,2,1,3,2,1,4,4,2,2,1,1,3,4,4,2,2,1,4,1,2,3,2,1,3,4,4,3,4,4,1,1,2,3,1,1,1,1,2,2,1,3,1,3,1,4,2,1,1,4,2,4,3,2,1,4,2,3,1,3,2,2,2,1,1,2,2,4,2,2,2,2,2,1,2,3,2,3,1,1,3,4,2,2,2,4,3,3,1,2,2,3,2,3,3,1,2,2,4,4,1,4,4,1,2,4,1,3,3,3,2,3,3,1,1,2,4,3,3,4,2,4,1,2,4,1,4,3,1,1,1,4,4,1,2,2,2,2,2,1,1,1,1,1,1,4,2,2,3,4,4,1,2,3,2,4,1,2,2,3,2,1,1,2,2,1,1,2,3,1,2,1,4,4,1,2,4,2,1,1,2,1,3,3,4,2,2,1,2,4,1,2,2,1,2,1,2,3,1,3,2,3,4,2,1,3,2,3,2,1,2,2,4,4,1,1,4,3,3,2,4,2,4,1,2,3,3,1,3,2,1,3,1,1,2,2,4,2,1,1,1,3,2,4,4,4,1,3,1,4,2,1,3,2,1,1,1,1,4,3,1,1,2,2,3,4,3,2,4,2,1,1,1,1,3,1,1,2,1,1,4,2,4,2,1,3,3,1,2,1,2,1,4,4,2,4,1,4,1,2,2,1,4,1,2,3,2,4,1,2,3,2,1,4,2,2,3,2,3,1,2,1,2,3,2,2,2,3,2,4,1,4,2,3,2,2,2,3,2,4,3,1,1,2,1,1,1,2,1,2,3,2,1,1,1,1,2,1,2,3,2,4,1,1,4,4,3,2,4,3,1,3,2,1,2,3,3,3,3,4,3,1,1,1,3,1,2,1,4,4,3,2,4,3,4,4,1,2,1,2,4,4,3,2,1,3,1,4,3,3,1,3,2,2,2,1,4,1,4,1,4,1,1,4,1,1,3,2,4,2,4,2,3,2,2,3,4,4,3,2,2,4,1,2,1,3,3,1,1,4,1,1,2,3,4,4,3,1,1,2,2,4,1,1,4,2,3,4,3,4,3,2,1,3,2,2,2,1,1,3,2,2,3,2,1,2,3,4,3,1,3,4,2,4,3,4,1,3,1,1,2,4,2,2,4,4,3,1,4,2,3,1,4,1,2,3,3,1,4,2,1,3,2,3,1,1,2,1,1,2,1,3,3,2,4,2,2,2,3,2,3,3,2,2,2,2,4,1,1,1,1,2,1,2,1,4,2,2,2,1,1,1,2,4,1,4,2,2,3,4,1,1,1,4,4,2,2,3,3,3,3,1,2,1,2,4,4,2,2,3,2,1,1,1,1,2,3,1,2,3,4,3,4,1,1,3,1,4,4,3,2,1,4,1,2,2,1,2,1,4,1,3,1,1,4,4,1,4,4,1,1,1,3,1,2,1,1,1,1,2,1,3,2,4,4,1,2,4,2,1,1,4,2,4,4,3,3,2,1,2,3,2,1,1,1,2,3,3,4,2,1,4,2,3,2,2,4,4,1,1,2,3,1,2,3,4,2,1,2,1,2,1,4,2,2,3,3,1,4,2,1,2,3,1,1,4,1,3,3,1,2,4,1,4,1,2,1,1,1,2,2,3,3,1,1,4,2,2,4,2,1,1,2,2,1,2,4,3,2,3,3,4,4,1,4,4,3,2,4,3,1,1,3,2,4,2,2,1,1,4,4,2,1,1,3,3,3,3,1,3,2,2,2,2,1,1,3,2,4,4,1,2,3,1,3,1,1,3,1,4,1,1,2,1,3,1,2,2,4,1,1,4,1,4,4,2,1,1,2,3,1,1,1,1,2,3,4,3,2,3,3,1,2,4,2,3,1,2,2,2,4,3,2,2,2,4,1,1,1,2,4,2,1,4,2,1,1,1,2,1,2,1,2,3,3,3,2,4,3,3,1,1,4,2,3,1,4,4,4,3,2,4,3,2,1,3,4,1,2,2,1,2,3,3,1,4,3,3,2,2,1,1,2,3,3,4,4,2,1,1,3,1,1,3,2,3,4,1,3,1,4,2,4,1,1,1,1,4,1,3,1,1,3,1,4,2,2,1,2,2,4,1,2,4,3,1,3,2,1,2,2,3,3,2,1,2,4,1,4,2,1,1,4,1,1,4,4,2,4,2,4,3,2,2,4,3,2,3,1,2,4,3,4,1,3,1,2,4,4,2,2,2,1,2,2,1,4,2,1,2,1,4,2,1,2,4,1,2,1,2,1,1,4,2,1,2,1,2,4,4,3,4,1,2,1,1,2,2,2,2,2,4,4,3,3,2,4,2,3,4,3,2,2,2,3,2,1,3,2,1,1,1,3,1,3,2,3,1,4,3,4,1,1,3,1,3,2,1,3,1,1,2"
160,0.9882627241940299,0.5,2136.0,"4,2,1,1,2,2,3,1,2,1,4,4,4,1,2,2,4,1,1,2,1,2,4,1,3,1,2,2,4,1,1,2,3,3,1,2,4,1,2,4,1,2,2,2,2,2,3,2,1,2,4,4,3,2,1,4,2,2,1,4,4,4,3,1,3,3,3,2,3,2,1,2,2,3,4,2,3,3,3,1,2,1,4,1,2,3,1,2,1,2,1,2,2,2,3,4,1,1,3,1,2,2,3,2,2,4,1,4,2,1,1,1,3,3,1,2,3,4,4,1,3,2,2,3,2,2,3,2,4,1,2,2,1,1,1,2,3,4,2,2,4,3,2,3,4,4,2,1,1,1,1,1,1,3,3,4,2,2,2,1,4,1,1,3,1,3,3,1,1,4,1,2,2,2,1,3,3,1,4,1,3,2,3,2,3,2,1,2,4,1,4,2,3,3,3,3,2,3,1,4,1,4,1,3,4,4,1,3,2,2,2,1,2,1,3,2,2,1,2,1,4,4,3,2,3,1,3,2,4,3,3,2,2,1,1,3,1,3,3,2,2,1,2,3,2,2,3,2,3,3,3,4,1,1,3,1,1,1,4,2,3,4,1,1,2,1,3,2,1,3,4,2,4,1,3,2,4,1,1,4,4,1,1,4,2,2,2,4,2,4,1,1,1,4,1,4,2,1,2,3,2,2,1,2,3,2,4,1,1,1,1,1,1,1,2,3,1,4,2,2,4,2,1,3,2,1,1,3,2,2,3,3,2,3,1,4,1,4,2,1,1,2,3,1,4,2,2,3,3,2,4,2,4,2,3,1,1,2,4,3,4,3,1,2,3,3,4,4,1,3,2,1,2,3,2,3,3,2,1,3,2,4,2,3,3,2,1,1,2,1,1,4,3,3,1,2,3,1,2,2,1,1,2,2,4,1,2,3,4,3,3,2,2,1,1,4,3,2,1,4,3,1,3,3,3,2,1,2,4,3,3,1,1,2,3,1,3,3,2,4,1,2,2,1,3,3,2,1,2,4,2,4,1,3,1,1,1,4,2,1,4,3,3,2,2,1,2,1,4,4,2,2,2,1,1,1,1,4,1,3,1,2,2,3,1,3,4,1,4,1,4,1,1,1,1,2,3,1,1,2,4,2,4,4,2,1,3,1,1,3,3,1,3,1,4,2,4,3,3,1,4,2,4,4,4,2,1,3,1,3,3,3,1,1,2,4,4,1,3,3,2,2,2,3,1,4,1,3,2,1,3,3,4,2,3,3,2,1,2,2,3,4,3,2,1,2,3,1,2,1,4,2,1,4,2,1,4,3,2,1,2,3,1,3,1,2,1,1,1,1,2,1,3,1,1,4,1,3,3,2,2,4,3,4,4,2,4,4,2,1,4,4,4,3,1,2,4,3,3,2,1,3,2,1,4,4,2,2,1,1,3,4,4,2,2,1,4,1,2,3,2,1,3,4,4,3,4,4,1,1,2,3,1,1,1,1,2,2,1,3,1,3,1,4,2,1,1,4,2,4,3,2,1,4,2,3,1,3,2,2,2,1,1,2,2,4,2,2,2,2,2,1,2,3,2,3,1,1,3,4,2,2,2,4,3,3,1,2,2,3,2,3,3,1,2,2,4,4,1,4,4,1,2,4,1,3,3,3,2,3,3,1,1,2,4,3,3,4,2,4,1,2,4,1,4,3,1,1,1,4,4,1,2,2,2,2,2,1,1,1,1,1,1,4,2,2,3,4,4,1,2,3,2,4,1,2,2,3,2,1,1,2,2,1,1,2,3,1,2,1,4,4,1,2,4,2,1,1,2,1,3,3,4,2,2,1,2,4,1,2,2,1,2,1,2,3,1,3,2,3,4,2,1,3,2,3,2,1,2,2,4,4,1,1,4,3,3,2,4,2,4,1,2,3,3,1,3,2,1,3,1,1,2,2,4,2,1,1,1,3,2,4,4,4,1,3,1,4,2,1,3,2,1,1,1,1,4,3,1,1,2,2,3,4,3,2,4,2,1,1,1,1,3,1,1,2,1,1,4,2,4,2,1,3,3,1,2,1,2,1,4,4,2,4,1,4,1,2,2,1,4,1,2,3,2,4,1,2,3,2,1,4,2,2,3,2,3,1,2,1,2,3,2,2,2,3,2,4,1,4,2,3,2,2,2,3,2,4,3,1,1,2,1,1,1,2,1,2,3,2,1,1,1,1,2,1,2,3,2,4,1,1,4,4,3,2,4,3,1,3,2,1,2,3,3,3,3,4,3,1,1,1,3,1,2,1,4,4,3,2,4,3,4,4,1,2,1,2,4,4,3,2,1,3,1,4,3,3,1,3,2,2,2,1,4,1,4,1,4,1,1,4,1,1,3,2,4,2,4,2,3,2,2,3,4,4,3,2,2,4,1,2,1,3,3,1,1,4,1,1,2,3,4,4,3,1,1,2,2,4,1,1,4,2,3,4,3,4,3,2,1,3,2,2,2,1,1,3,2,2,3,2,1,2,3,4,3,1,3,4,2,4,3,4,1,3,1,1,2,4,2,2,4,4,3,1,4,2,3,1,4,1,2,3,3,1,4,2,1,3,2,3,1,1,2,1,1,2,1,3,3,2,4,2,2,2,3,2,3,3,2,2,2,2,4,1,1,1,1,2,1,2,1,4,2,2,2,1,1,1,2,4,1,4,2,2,3,4,1,1,1,4,4,2,2,3,3,3,3,1,2,1,2,4,4,2,2,3,2,1,1,1,1,2,3,1,2,3,4,3,4,1,1,3,1,4,4,3,2,1,4,1,2,2,1,2,1,4,1,3,1,1,4,4,1,4,4,1,1,1,3,1,2,1,1,1,1,2,1,3,2,4,4,1,2,4,2,1,1,4,2,4,4,3,3,2,1,2,3,2,1,1,1,2,3,3,4,2,1,4,2,3,2,2,4,4,1,1,2,3,1,2,3,4,2,1,2,1,2,1,4,2,2,3,3,1,4,2,1,2,3,1,1,4,1,3,3,1,2,4,1,4,1,2,1,1,1,2,2,3,3,1,1,4,2,2,4,2,1,1,2,2,1,2,4,3,2,3,3,4,4,1,4,4,3,2,4,3,1,1,3,2,4,2,2,1,1,4,4,2,1,1,3,3,3,3,1,3,2,2,2,2,1,1,3,2,4,4,1,2,3,1,3,1,1,3,1,4,1,1,2,1,3,1,2,2,4,1,1,4,1,4,4,2,1,1,2,3,1,1,1,1,2,3,4,3,2,3,3,1,2,4,2,3,1,2,2,2,4,3,2,2,2,4,1,1,1,2,4,2,1,4,2,1,1,1,2,1,2,1,2,3,3,3,2,4,3,3,1,1,4,2,3,1,4,4,4,3,2,4,3,2,1,3,4,1,2,2,1,2,3,3,1,4,3,3,2,2,1,1,2,3,3,4,4,2,1,1,3,1,1,3,2,3,4,1,3,1,4,2,4,1,1,1,1,4,1,3,1,1,3,1,4,2,2,1,2,2,4,1,2,4,3,1,3,2,1,2,2,3,3,2,1,2,4,1,4,2,1,1,4,1,1,4,4,2,4,2,4,3,2,2,4,3,2,3,1,2,4,3,4,1,3,1,2,4,4,2,2,2,1,2,2,1,4,2,1,2,1,4,2,1,2,4,1,2,1,2,1,1,4,2,1,2,1,2,4,4,3,4,1,2,1,1,2,2,2,2,2,4,4,3,3,2,4,2,3,4,3,2,2,2,3,2,1,3,2,1,1,1,3,1,3,2,3,1,4,3,4,1,1,3,1,3,2,1,3,1,1,2"
161,0.9882627241940299,0.5,2136.0,"4,2,1,1,2,2,3,1,2,1,4,4,4,1,2,2,4,1,1,2,1,2,4,1,3,1,2,2,4,1,1,2,3,3,1,2,4,1,2,4,1,2,2,2,2,2,3,2,1,2,4,4,3,2,1,4,2,2,1,4,4,4,3,1,3,3,3,2,3,2,1,2,2,3,4,2,3,3,3,1,2,1,4,1,2,3,1,2,1,2,1,2,2,2,3,4,1,1,3,1,2,2,3,2,2,4,1,4,2,1,1,1,3,3,1,2,3,4,4,1,3,2,2,3,2,2,3,2,4,1,2,2,1,1,1,2,3,4,2,2,4,3,2,3,4,4,2,1,1,1,1,1,1,3,3,4,2,2,2,1,4,1,1,3,1,3,3,1,1,4,1,2,2,2,1,3,3,1,4,1,3,2,3,2,3,2,1,2,4,1,4,2,3,3,3,3,2,3,1,4,1,4,1,3,4,4,1,3,2,2,2,1,2,1,3,2,2,1,2,1,4,4,3,2,3,1,3,2,4,3,3,2,2,1,1,3,1,3,3,2,2,1,2,3,2,2,3,2,3,3,3,4,1,1,3,1,1,1,4,2,3,4,1,1,2,1,3,2,1,3,4,2,4,1,3,2,4,1,1,4,4,1,1,4,2,2,2,4,2,4,1,1,1,4,1,4,2,1,2,3,2,2,1,2,3,2,4,1,1,1,1,1,1,1,2,3,1,4,2,2,4,2,1,3,2,1,1,3,2,2,3,3,2,3,1,4,1,4,2,1,1,2,3,1,4,2,2,3,3,2,4,2,4,2,3,1,1,2,4,3,4,3,1,2,3,3,4,4,1,3,2,1,2,3,2,3,3,2,1,3,2,4,2,3,3,2,1,1,2,1,1,4,3,3,1,2,3,1,2,2,1,1,2,2,4,1,2,3,4,3,3,2,2,1,1,4,3,2,1,4,3,1,3,3,3,2,1,2,4,3,3,1,1,2,3,1,3,3,2,4,1,2,2,1,3,3,2,1,2,4,2,4,1,3,1,1,1,4,2,1,4,3,3,2,2,1,2,1,4,4,2,2,2,1,1,1,1,4,1,3,1,2,2,3,1,3,4,1,4,1,4,1,1,1,1,2,3,1,1,2,4,2,4,4,2,1,3,1,1,3,3,1,3,1,4,2,4,3,3,1,4,2,4,4,4,2,1,3,1,3,3,3,1,1,2,4,4,1,3,3,2,2,2,3,1,4,1,3,2,1,3,3,4,2,3,3,2,1,2,2,3,4,3,2,1,2,3,1,2,1,4,2,1,4,2,1,4,3,2,1,2,3,1,3,1,2,1,1,1,1,2,1,3,1,1,4,1,3,3,2,2,4,3,4,4,2,4,4,2,1,4,4,4,3,1,2,4,3,3,2,1,3,2,1,4,4,2,2,1,1,3,4,4,2,2,1,4,1,2,3,2,1,3,4,4,3,4,4,1,1,2,3,1,1,1,1,2,2,1,3,1,3,1,4,2,1,1,4,2,4,3,2,1,4,2,3,1,3,2,2,2,1,1,2,2,4,2,2,2,2,2,1,2,3,2,3,1,1,3,4,2,2,2,4,3,3,1,2,2,3,2,3,3,1,2,2,4,4,1,4,4,1,2,4,1,3,3,3,2,3,3,1,1,2,4,3,3,4,2,4,1,2,4,1,4,3,1,1,1,4,4,1,2,2,2,2,2,1,1,1,1,1,1,4,2,2,3,4,4,1,2,3,2,4,1,2,2,3,2,1,1,2,2,1,1,2,3,1,2,1,4,4,1,2,4,2,1,1,2,1,3,3,4,2,2,1,2,4,1,2,2,1,2,1,2,3,1,3,2,3,4,2,1,3,2,3,2,1,2,2,4,4,1,1,4,3,3,2,4,2,4,1,2,3,3,1,3,2,1,3,1,1,2,2,4,2,1,1,1,3,2,4,4,4,1,3,1,4,2,1,3,2,1,1,1,1,4,3,1,1,2,2,3,4,3,2,4,2,1,1,1,1,3,1,1,2,1,1,4,2,4,2,1,3,3,1,2,1,2,1,4,4,2,4,1,4,1,2,2,1,4,1,2,3,2,4,1,2,3,2,1,4,2,2,3,2,3,1,2,1,2,3,2,2,2,3,2,4,1,4,2,3,2,2,2,3,2,4,3,1,1,2,1,1,1,2,1,2,3,2,1,1,1,1,2,1,2,3,2,4,1,1,4,4,3,2,4,3,1,3,2,1,2,3,3,3,3,4,3,1,1,1,3,1,2,1,4,4,3,2,4,3,4,4,1,2,1,2,4,4,3,2,1,3,1,4,3,3,1,3,2,2,2,1,4,1,4,1,4,1,1,4,1,1,3,2,4,2,4,2,3,2,2,3,4,4,3,2,2,4,1,2,1,3,3,1,1,4,1,1,2,3,4,4,3,1,1,2,2,4,1,1,4,2,3,4,3,4,3,2,1,3,2,2,2,1,1,3,2,2,3,2,1,2,3,4,3,1,3,4,2,4,3,4,1,3,1,1,2,4,2,2,4,4,3,1,4,2,3,1,4,1,2,3,3,1,4,2,1,3,2,3,1,1,2,1,1,2,1,3,3,2,4,2,2,2,3,2,3,3,2,2,2,2,4,1,1,1,1,2,1,2,1,4,2,2,2,1,1,1,2,4,1,4,2,2,3,4,1,1,1,4,4,2,2,3,3,3,3,1,2,1,2,4,4,2,2,3,2,1,1,1,1,2,3,1,2,3,4,3,4,1,1,3,1,4,4,3,2,1,4,1,2,2,1,2,1,4,1,3,1,1,4,4,1,4,4,1,1,1,3,1,2,1,1,1,1,2,1,3,2,4,4,1,2,4,2,1,1,4,2,4,4,3,3,2,1,2,3,2,1,1,1,2,3,3,4,2,1,4,2,3,2,2,4,4,1,1,2,3,1,2,3,4,2,1,2,1,2,1,4,2,2,3,3,1,4,2,1,2,3,1,1,4,1,3,3,1,2,4,1,4,1,2,1,1,1,2,2,3,3,1,1,4,2,2,4,2,1,1,2,2,1,2,4,3,2,3,3,4,4,1,4,4,3,2,4,3,1,1,3,2,4,2,2,1,1,4,4,2,1,1,3,3,3,3,1,3,2,2,2,2,1,1,3,2,4,4,1,2,3,1,3,1,1,3,1,4,1,1,2,1,3,1,2,2,4,1,1,4,1,4,4,2,1,1,2,3,1,1,1,1,2,3,4,3,2,3,3,1,2,4,2,3,1,2,2,2,4,3,2,2,2,4,1,1,1,2,4,2,1,4,2,1,1,1,2,1,2,1,2,3,3,3,2,4,3,3,1,1,4,2,3,1,4,4,4,3,2,4,3,2,1,3,4,1,2,2,1,2,3,3,1,4,3,3,2,2,1,1,2,3,3,4,4,2,1,1,3,1,1,3,2,3,4,1,3,1,4,2,4,1,1,1,1,4,1,3,1,1,3,1,4,2,2,1,2,2,4,1,2,4,3,1,3,2,1,2,2,3,3,2,1,2,4,1,4,2,1,1,4,1,1,4,4,2,4,2,4,3,2,2,4,3,2,3,1,2,4,3,4,1,3,1,2,4,4,2,2,2,1,2,2,1,4,2,1,2,1,4,2,1,2,4,1,2,1,2,1,1,4,2,1,2,1,2,4,4,3,4,1,2,1,1,2,2,2,2,2,4,4,3,3,2,4,2,3,4,3,2,2,2,3,2,1,3,2,1,1,1,3,1,3,2,3,1,4,3,4,1,1,3,1,3,2,1,3,1,1,2"
162,0.9882627241940299,0.5,2136.0,"4,2,1,1,2,2,3,1,2,1,4,4,4,1,2,2,4,1,1,2,1,2,4,1,3,1,2,2,4,1,1,2,3,3,1,2,4,1,2,4,1,2,2,2,2,2,3,2,1,2,4,4,3,2,1,4,2,2,1,4,4,4,3,1,3,3,3,2,3,2,1,2,2,3,4,2,3,3,3,1,2,1,4,1,2,3,1,2,1,2,1,2,2,2,3,4,1,1,3,1,2,2,3,2,2,4,1,4,2,1,1,1,3,3,1,2,3,4,4,1,3,2,2,3,2,2,3,2,4,1,2,2,1,1,1,2,3,4,2,2,4,3,2,3,4,4,2,1,1,1,1,1,1,3,3,4,2,2,2,1,4,1,1,3,1,3,3,1,1,4,1,2,2,2,1,3,3,1,4,1,3,2,3,2,3,2,1,2,4,1,4,2,3,3,3,3,2,3,1,4,1,4,1,3,4,4,1,3,2,2,2,1,2,1,3,2,2,1,2,1,4,4,3,2,3,1,3,2,4,3,3,2,2,1,1,3,1,3,3,2,2,1,2,3,2,2,3,2,3,3,3,4,1,1,3,1,1,1,4,2,3,4,1,1,2,1,3,2,1,3,4,2,4,1,3,2,4,1,1,4,4,1,1,4,2,2,2,4,2,4,1,1,1,4,1,4,2,1,2,3,2,2,1,2,3,2,4,1,1,1,1,1,1,1,2,3,1,4,2,2,4,2,1,3,2,1,1,3,2,2,3,3,2,3,1,4,1,4,2,1,1,2,3,1,4,2,2,3,3,2,4,2,4,2,3,1,1,2,4,3,4,3,1,2,3,3,4,4,1,3,2,1,2,3,2,3,3,2,1,3,2,4,2,3,3,2,1,1,2,1,1,4,3,3,1,2,3,1,2,2,1,1,2,2,4,1,2,3,4,3,3,2,2,1,1,4,3,2,1,4,3,1,3,3,3,2,1,2,4,3,3,1,1,2,3,1,3,3,2,4,1,2,2,1,3,3,2,1,2,4,2,4,1,3,1,1,1,4,2,1,4,3,3,2,2,1,2,1,4,4,2,2,2,1,1,1,1,4,1,3,1,2,2,3,1,3,4,1,4,1,4,1,1,1,1,2,3,1,1,2,4,2,4,4,2,1,3,1,1,3,3,1,3,1,4,2,4,3,3,1,4,2,4,4,4,2,1,3,1,3,3,3,1,1,2,4,4,1,3,3,2,2,2,3,1,4,1,3,2,1,3,3,4,2,3,3,2,1,2,2,3,4,3,2,1,2,3,1,2,1,4,2,1,4,2,1,4,3,2,1,2,3,1,3,1,2,1,1,1,1,2,1,3,1,1,4,1,3,3,2,2,4,3,4,4,2,4,4,2,1,4,4,4,3,1,2,4,3,3,2,1,3,2,1,4,4,2,2,1,1,3,4,4,2,2,1,4,1,2,3,2,1,3,4,4,3,4,4,1,1,2,3,1,1,1,1,2,2,1,3,1,3,1,4,2,1,1,4,2,4,3,2,1,4,2,3,1,3,2,2,2,1,1,2,2,4,2,2,2,2,2,1,2,3,2,3,1,1,3,4,2,2,2,4,3,3,1,2,2,3,2,3,3,1,2,2,4,4,1,4,4,1,2,4,1,3,3,3,2,3,3,1,1,2,4,3,3,4,2,4,1,2,4,1,4,3,1,1,1,4,4,1,2,2,2,2,2,1,1,1,1,1,1,4,2,2,3,4,4,1,2,3,2,4,1,2,2,3,2,1,1,2,2,1,1,2,3,1,2,1,4,4,1,2,4,2,1,1,2,1,3,3,4,2,2,1,2,4,1,2,2,1,2,1,2,3,1,3,2,3,4,2,1,3,2,3,2,1,2,2,4,4,1,1,4,3,3,2,4,2,4,1,2,3,3,1,3,2,1,3,1,1,2,2,4,2,1,1,1,3,2,4,4,4,1,3,1,4,2,1,3,2,1,1,1,1,4,3,1,1,2,2,3,4,3,2,4,2,1,1,1,1,3,1,1,2,1,1,4,2,4,2,1,3,3,1,2,1,2,1,4,4,2,4,1,4,1,2,2,1,4,1,2,3,2,4,1,2,3,2,1,4,2,2,3,2,3,1,2,1,2,3,2,2,2,3,2,4,1,4,2,3,2,2,2,3,2,4,3,1,1,2,1,1,1,2,1,2,3,2,1,1,1,1,2,1,2,3,2,4,1,1,4,4,3,2,4,3,1,3,2,1,2,3,3,3,3,4,3,1,1,1,3,1,2,1,4,4,3,2,4,3,4,4,1,2,1,2,4,4,3,2,1,3,1,4,3,3,1,3,2,2,2,1,4,1,4,1,4,1,1,4,1,1,3,2,4,2,4,2,3,2,2,3,4,4,3,2,2,4,1,2,1,3,3,1,1,4,1,1,2,3,4,4,3,1,1,2,2,4,1,1,4,2,3,4,3,4,3,2,1,3,2,2,2,1,1,3,2,2,3,2,1,2,3,4,3,1,3,4,2,4,3,4,1,3,1,1,2,4,2,2,4,4,3,1,4,2,3,1,4,1,2,3,3,1,4,2,1,3,2,3,1,1,2,1,1,2,1,3,3,2,4,2,2,2,3,2,3,3,2,2,2,2,4,1,1,1,1,2,1,2,1,4,2,2,2,1,1,1,2,4,1,4,2,2,3,4,1,1,1,4,4,2,2,3,3,3,3,1,2,1,2,4,4,2,2,3,2,1,1,1,1,2,3,1,2,3,4,3,4,1,1,3,1,4,4,3,2,1,4,1,2,2,1,2,1,4,1,3,1,1,4,4,1,4,4,1,1,1,3,1,2,1,1,1,1,2,1,3,2,4,4,1,2,4,2,1,1,4,2,4,4,3,3,2,1,2,3,2,1,1,1,2,3,3,4,2,1,4,2,3,2,2,4,4,1,1,2,3,1,2,3,4,2,1,2,1,2,1,4,2,2,3,3,1,4,2,1,2,3,1,1,4,1,3,3,1,2,4,1,4,1,2,1,1,1,2,2,3,3,1,1,4,2,2,4,2,1,1,2,2,1,2,4,3,2,3,3,4,4,1,4,4,3,2,4,3,1,1,3,2,4,2,2,1,1,4,4,2,1,1,3,3,3,3,1,3,2,2,2,2,1,1,3,2,4,4,1,2,3,1,3,1,1,3,1,4,1,1,2,1,3,1,2,2,4,1,1,4,1,4,4,2,1,1,2,3,1,1,1,1,2,3,4,3,2,3,3,1,2,4,2,3,1,2,2,2,4,3,2,2,2,4,1,1,1,2,4,2,1,4,2,1,1,1,2,1,2,1,2,3,3,3,2,4,3,3,1,1,4,2,3,1,4,4,4,3,2,4,3,2,1,3,4,1,2,2,1,2,3,3,1,4,3,3,2,2,1,1,2,3,3,4,4,2,1,1,3,1,1,3,2,3,4,1,3,1,4,2,4,1,1,1,1,4,1,3,1,1,3,1,4,2,2,1,2,2,4,1,2,4,3,1,3,2,1,2,2,3,3,2,1,2,4,1,4,2,1,1,4,1,1,4,4,2,4,2,4,3,2,2,4,3,2,3,1,2,4,3,4,1,3,1,2,4,4,2,2,2,1,2,2,1,4,2,1,2,1,4,2,1,2,4,1,2,1,2,1,1,4,2,1,2,1,2,4,4,3,4,1,2,1,1,2,2,2,2,2,4,4,3,3,2,4,2,3,4,3,2,2,2,3,2,1,3,2,1,1,1,3,1,3,2,3,1,4,3,4,1,1,3,1,3,2,1,3,1,1,2"
163,0.9882627241940299,0.5,2136.0,"4,2,1,1,2,2,3,1,2,1,4,4,4,1,2,2,4,1,1,2,1,2,4,1,3,1,2,2,4,1,1,2,3,3,1,2,4,1,2,4,1,2,2,2,2,2,3,2,1,2,4,4,3,2,1,4,2,2,1,4,4,4,3,1,3,3,3,2,3,2,1,2,2,3,4,2,3,3,3,1,2,1,4,1,2,3,1,2,1,2,1,2,2,2,3,4,1,1,3,1,2,2,3,2,2,4,1,4,2,1,1,1,3,3,1,2,3,4,4,1,3,2,2,3,2,2,3,2,4,1,2,2,1,1,1,2,3,4,2,2,4,3,2,3,4,4,2,1,1,1,1,1,1,3,3,4,2,2,2,1,4,1,1,3,1,3,3,1,1,4,1,2,2,2,1,3,3,1,4,1,3,2,3,2,3,2,1,2,4,1,4,2,3,3,3,3,2,3,1,4,1,4,1,3,4,4,1,3,2,2,2,1,2,1,3,2,2,1,2,1,4,4,3,2,3,1,3,2,4,3,3,2,2,1,1,3,1,3,3,2,2,1,2,3,2,2,3,2,3,3,3,4,1,1,3,1,1,1,4,2,3,4,1,1,2,1,3,2,1,3,4,2,4,1,3,2,4,1,1,4,4,1,1,4,2,2,2,4,2,4,1,1,1,4,1,4,2,1,2,3,2,2,1,2,3,2,4,1,1,1,1,1,1,1,2,3,1,4,2,2,4,2,1,3,2,1,1,3,2,2,3,3,2,3,1,4,1,4,2,1,1,2,3,1,4,2,2,3,3,2,4,2,4,2,3,1,1,2,4,3,4,3,1,2,3,3,4,4,1,3,2,1,2,3,2,3,3,2,1,3,2,4,2,3,3,2,1,1,2,1,1,4,3,3,1,2,3,1,2,2,1,1,2,2,4,1,2,3,4,3,3,2,2,1,1,4,3,2,1,4,3,1,3,3,3,2,1,2,4,3,3,1,1,2,3,1,3,3,2,4,1,2,2,1,3,3,2,1,2,4,2,4,1,3,1,1,1,4,2,1,4,3,3,2,2,1,2,1,4,4,2,2,2,1,1,1,1,4,1,3,1,2,2,3,1,3,4,1,4,1,4,1,1,1,1,2,3,1,1,2,4,2,4,4,2,1,3,1,1,3,3,1,3,1,4,2,4,3,3,1,4,2,4,4,4,2,1,3,1,3,3,3,1,1,2,4,4,1,3,3,2,2,2,3,1,4,1,3,2,1,3,3,4,2,3,3,2,1,2,2,3,4,3,2,1,2,3,1,2,1,4,2,1,4,2,1,4,3,2,1,2,3,1,3,1,2,1,1,1,1,2,1,3,1,1,4,1,3,3,2,2,4,3,4,4,2,4,4,2,1,4,4,4,3,1,2,4,3,3,2,1,3,2,1,4,4,2,2,1,1,3,4,4,2,2,1,4,1,2,3,2,1,3,4,4,3,4,4,1,1,2,3,1,1,1,1,2,2,1,3,1,3,1,4,2,1,1,4,2,4,3,2,1,4,2,3,1,3,2,2,2,1,1,2,2,4,2,2,2,2,2,1,2,3,2,3,1,1,3,4,2,2,2,4,3,3,1,2,2,3,2,3,3,1,2,2,4,4,1,4,4,1,2,4,1,3,3,3,2,3,3,1,1,2,4,3,3,4,2,4,1,2,4,1,4,3,1,1,1,4,4,1,2,2,2,2,2,1,1,1,1,1,1,4,2,2,3,4,4,1,2,3,2,4,1,2,2,3,2,1,1,2,2,1,1,2,3,1,2,1,4,4,1,2,4,2,1,1,2,1,3,3,4,2,2,1,2,4,1,2,2,1,2,1,2,3,1,3,2,3,4,2,1,3,2,3,2,1,2,2,4,4,1,1,4,3,3,2,4,2,4,1,2,3,3,1,3,2,1,3,1,1,2,2,4,2,1,1,1,3,2,4,4,4,1,3,1,4,2,1,3,2,1,1,1,1,4,3,1,1,2,2,3,4,3,2,4,2,1,1,1,1,3,1,1,2,1,1,4,2,4,2,1,3,3,1,2,1,2,1,4,4,2,4,1,4,1,2,2,1,4,1,2,3,2,4,1,2,3,2,1,4,2,2,3,2,3,1,2,1,2,3,2,2,2,3,2,4,1,4,2,3,2,2,2,3,2,4,3,1,1,2,1,1,1,2,1,2,3,2,1,1,1,1,2,1,2,3,2,4,1,1,4,4,3,2,4,3,1,3,2,1,2,3,3,3,3,4,3,1,1,1,3,1,2,1,4,4,3,2,4,3,4,4,1,2,1,2,4,4,3,2,1,3,1,4,3,3,1,3,2,2,2,1,4,1,4,1,4,1,1,4,1,1,3,2,4,2,4,2,3,2,2,3,4,4,3,2,2,4,1,2,1,3,3,1,1,4,1,1,2,3,4,4,3,1,1,2,2,4,1,1,4,2,3,4,3,4,3,2,1,3,2,2,2,1,1,3,2,2,3,2,1,2,3,4,3,1,3,4,2,4,3,4,1,3,1,1,2,4,2,2,4,4,3,1,4,2,3,1,4,1,2,3,3,1,4,2,1,3,2,3,1,1,2,1,1,2,1,3,3,2,4,2,2,2,3,2,3,3,2,2,2,2,4,1,1,1,1,2,1,2,1,4,2,2,2,1,1,1,2,4,1,4,2,2,3,4,1,1,1,4,4,2,2,3,3,3,3,1,2,1,2,4,4,2,2,3,2,1,1,1,1,2,3,1,2,3,4,3,4,1,1,3,1,4,4,3,2,1,4,1,2,2,1,2,1,4,1,3,1,1,4,4,1,4,4,1,1,1,3,1,2,1,1,1,1,2,1,3,2,4,4,1,2,4,2,1,1,4,2,4,4,3,3,2,1,2,3,2,1,1,1,2,3,3,4,2,1,4,2,3,2,2,4,4,1,1,2,3,1,2,3,4,2,1,2,1,2,1,4,2,2,3,3,1,4,2,1,2,3,1,1,4,1,3,3,1,2,4,1,4,1,2,1,1,1,2,2,3,3,1,1,4,2,2,4,2,1,1,2,2,1,2,4,3,2,3,3,4,4,1,4,4,3,2,4,3,1,1,3,2,4,2,2,1,1,4,4,2,1,1,3,3,3,3,1,3,2,2,2,2,1,1,3,2,4,4,1,2,3,1,3,1,1,3,1,4,1,1,2,1,3,1,2,2,4,1,1,4,1,4,4,2,1,1,2,3,1,1,1,1,2,3,4,3,2,3,3,1,2,4,2,3,1,2,2,2,4,3,2,2,2,4,1,1,1,2,4,2,1,4,2,1,1,1,2,1,2,1,2,3,3,3,2,4,3,3,1,1,4,2,3,1,4,4,4,3,2,4,3,2,1,3,4,1,2,2,1,2,3,3,1,4,3,3,2,2,1,1,2,3,3,4,4,2,1,1,3,1,1,3,2,3,4,1,3,1,4,2,4,1,1,1,1,4,1,3,1,1,3,1,4,2,2,1,2,2,4,1,2,4,3,1,3,2,1,2,2,3,3,2,1,2,4,1,4,2,1,1,4,1,1,4,4,2,4,2,4,3,2,2,4,3,2,3,1,2,4,3,4,1,3,1,2,4,4,2,2,2,1,2,2,1,4,2,1,2,1,4,2,1,2,4,1,2,1,2,1,1,4,2,1,2,1,2,4,4,3,4,1,2,1,1,2,2,2,2,2,4,4,3,3,2,4,2,3,4,3,2,2,2,3,2,1,3,2,1,1,1,3,1,3,2,3,1,4,3,4,1,1,3,1,3,2,1,3,1,1,2"
164,0.9882627241940299,0.5,2136.0,"4,2,1,1,2,2,3,1,2,1,4,4,4,1,2,2,4,1,1,2,1,2,4,1,3,1,2,2,4,1,1,2,3,3,1,2,4,1,2,4,1,2,2,2,2,2,3,2,1,2,4,4,3,2,1,4,2,2,1,4,4,4,3,1,3,3,3,2,3,2,1,2,2,3,4,2,3,3,3,1,2,1,4,1,2,3,1,2,1,2,1,2,2,2,3,4,1,1,3,1,2,2,3,2,2,4,1,4,2,1,1,1,3,3,1,2,3,4,4,1,3,2,2,3,2,2,3,2,4,1,2,2,1,1,1,2,3,4,2,2,4,3,2,3,4,4,2,1,1,1,1,1,1,3,3,4,2,2,2,1,4,1,1,3,1,3,3,1,1,4,1,2,2,2,1,3,3,1,4,1,3,2,3,2,3,2,1,2,4,1,4,2,3,3,3,3,2,3,1,4,1,4,1,3,4,4,1,3,2,2,2,1,2,1,3,2,2,1,2,1,4,4,3,2,3,1,3,2,4,3,3,2,2,1,1,3,1,3,3,2,2,1,2,3,2,2,3,2,3,3,3,4,1,1,3,1,1,1,4,2,3,4,1,1,2,1,3,2,1,3,4,2,4,1,3,2,4,1,1,4,4,1,1,4,2,2,2,4,2,4,1,1,1,4,1,4,2,1,2,3,2,2,1,2,3,2,4,1,1,1,1,1,1,1,2,3,1,4,2,2,4,2,1,3,2,1,1,3,2,2,3,3,2,3,1,4,1,4,2,1,1,2,3,1,4,2,2,3,3,2,4,2,4,2,3,1,1,2,4,3,4,3,1,2,3,3,4,4,1,3,2,1,2,3,2,3,3,2,1,3,2,4,2,3,3,2,1,1,2,1,1,4,3,3,1,2,3,1,2,2,1,1,2,2,4,1,2,3,4,3,3,2,2,1,1,4,3,2,1,4,3,1,3,3,3,2,1,2,4,3,3,1,1,2,3,1,3,3,2,4,1,2,2,1,3,3,2,1,2,4,2,4,1,3,1,1,1,4,2,1,4,3,3,2,2,1,2,1,4,4,2,2,2,1,1,1,1,4,1,3,1,2,2,3,1,3,4,1,4,1,4,1,1,1,1,2,3,1,1,2,4,2,4,4,2,1,3,1,1,3,3,1,3,1,4,2,4,3,3,1,4,2,4,4,4,2,1,3,1,3,3,3,1,1,2,4,4,1,3,3,2,2,2,3,1,4,1,3,2,1,3,3,4,2,3,3,2,1,2,2,3,4,3,2,1,2,3,1,2,1,4,2,1,4,2,1,4,3,2,1,2,3,1,3,1,2,1,1,1,1,2,1,3,1,1,4,1,3,3,2,2,4,3,4,4,2,4,4,2,1,4,4,4,3,1,2,4,3,3,2,1,3,2,1,4,4,2,2,1,1,3,4,4,2,2,1,4,1,2,3,2,1,3,4,4,3,4,4,1,1,2,3,1,1,1,1,2,2,1,3,1,3,1,4,2,1,1,4,2,4,3,2,1,4,2,3,1,3,2,2,2,1,1,2,2,4,2,2,2,2,2,1,2,3,2,3,1,1,3,4,2,2,2,4,3,3,1,2,2,3,2,3,3,1,2,2,4,4,1,4,4,1,2,4,1,3,3,3,2,3,3,1,1,2,4,3,3,4,2,4,1,2,4,1,4,3,1,1,1,4,4,1,2,2,2,2,2,1,1,1,1,1,1,4,2,2,3,4,4,1,2,3,2,4,1,2,2,3,2,1,1,2,2,1,1,2,3,1,2,1,4,4,1,2,4,2,1,1,2,1,3,3,4,2,2,1,2,4,1,2,2,1,2,1,2,3,1,3,2,3,4,2,1,3,2,3,2,1,2,2,4,4,1,1,4,3,3,2,4,2,4,1,2,3,3,1,3,2,1,3,1,1,2,2,4,2,1,1,1,3,2,4,4,4,1,3,1,4,2,1,3,2,1,1,1,1,4,3,1,1,2,2,3,4,3,2,4,2,1,1,1,1,3,1,1,2,1,1,4,2,4,2,1,3,3,1,2,1,2,1,4,4,2,4,1,4,1,2,2,1,4,1,2,3,2,4,1,2,3,2,1,4,2,2,3,2,3,1,2,1,2,3,2,2,2,3,2,4,1,4,2,3,2,2,2,3,2,4,3,1,1,2,1,1,1,2,1,2,3,2,1,1,1,1,2,1,2,3,2,4,1,1,4,4,3,2,4,3,1,3,2,1,2,3,3,3,3,4,3,1,1,1,3,1,2,1,4,4,3,2,4,3,4,4,1,2,1,2,4,4,3,2,1,3,1,4,3,3,1,3,2,2,2,1,4,1,4,1,4,1,1,4,1,1,3,2,4,2,4,2,3,2,2,3,4,4,3,2,2,4,1,2,1,3,3,1,1,4,1,1,2,3,4,4,3,1,1,2,2,4,1,1,4,2,3,4,3,4,3,2,1,3,2,2,2,1,1,3,2,2,3,2,1,2,3,4,3,1,3,4,2,4,3,4,1,3,1,1,2,4,2,2,4,4,3,1,4,2,3,1,4,1,2,3,3,1,4,2,1,3,2,3,1,1,2,1,1,2,1,3,3,2,4,2,2,2,3,2,3,3,2,2,2,2,4,1,1,1,1,2,1,2,1,4,2,2,2,1,1,1,2,4,1,4,2,2,3,4,1,1,1,4,4,2,2,3,3,3,3,1,2,1,2,4,4,2,2,3,2,1,1,1,1,2,3,1,2,3,4,3,4,1,1,3,1,4,4,3,2,1,4,1,2,2,1,2,1,4,1,3,1,1,4,4,1,4,4,1,1,1,3,1,2,1,1,1,1,2,1,3,2,4,4,1,2,4,2,1,1,4,2,4,4,3,3,2,1,2,3,2,1,1,1,2,3,3,4,2,1,4,2,3,2,2,4,4,1,1,2,3,1,2,3,4,2,1,2,1,2,1,4,2,2,3,3,1,4,2,1,2,3,1,1,4,1,3,3,1,2,4,1,4,1,2,1,1,1,2,2,3,3,1,1,4,2,2,4,2,1,1,2,2,1,2,4,3,2,3,3,4,4,1,4,4,3,2,4,3,1,1,3,2,4,2,2,1,1,4,4,2,1,1,3,3,3,3,1,3,2,2,2,2,1,1,3,2,4,4,1,2,3,1,3,1,1,3,1,4,1,1,2,1,3,1,2,2,4,1,1,4,1,4,4,2,1,1,2,3,1,1,1,1,2,3,4,3,2,3,3,1,2,4,2,3,1,2,2,2,4,3,2,2,2,4,1,1,1,2,4,2,1,4,2,1,1,1,2,1,2,1,2,3,3,3,2,4,3,3,1,1,4,2,3,1,4,4,4,3,2,4,3,2,1,3,4,1,2,2,1,2,3,3,1,4,3,3,2,2,1,1,2,3,3,4,4,2,1,1,3,1,1,3,2,3,4,1,3,1,4,2,4,1,1,1,1,4,1,3,1,1,3,1,4,2,2,1,2,2,4,1,2,4,3,1,3,2,1,2,2,3,3,2,1,2,4,1,4,2,1,1,4,1,1,4,4,2,4,2,4,3,2,2,4,3,2,3,1,2,4,3,4,1,3,1,2,4,4,2,2,2,1,2,2,1,4,2,1,2,1,4,2,1,2,4,1,2,1,2,1,1,4,2,1,2,1,2,4,4,3,4,1,2,1,1,2,2,2,2,2,4,4,3,3,2,4,2,3,4,3,2,2,2,3,2,1,3,2,1,1,1,3,1,3,2,3,1,4,3,4,1,1,3,1,3,2,1,3,1,1,2"
165,0.9882627241940299,0.5,2136.0,"4,2,1,1,2,2,3,1,2,1,4,4,4,1,2,2,4,1,1,2,1,2,4,1,3,1,2,2,4,1,1,2,3,3,1,2,4,1,2,4,1,2,2,2,2,2,3,2,1,2,4,4,3,2,1,4,2,2,1,4,4,4,3,1,3,3,3,2,3,2,1,2,2,3,4,2,3,3,3,1,2,1,4,1,2,3,1,2,1,2,1,2,2,2,3,4,1,1,3,1,2,2,3,2,2,4,1,4,2,1,1,1,3,3,1,2,3,4,4,1,3,2,2,3,2,2,3,2,4,1,2,2,1,1,1,2,3,4,2,2,4,3,2,3,4,4,2,1,1,1,1,1,1,3,3,4,2,2,2,1,4,1,1,3,1,3,3,1,1,4,1,2,2,2,1,3,3,1,4,1,3,2,3,2,3,2,1,2,4,1,4,2,3,3,3,3,2,3,1,4,1,4,1,3,4,4,1,3,2,2,2,1,2,1,3,2,2,1,2,1,4,4,3,2,3,1,3,2,4,3,3,2,2,1,1,3,1,3,3,2,2,1,2,3,2,2,3,2,3,3,3,4,1,1,3,1,1,1,4,2,3,4,1,1,2,1,3,2,1,3,4,2,4,1,3,2,4,1,1,4,4,1,1,4,2,2,2,4,2,4,1,1,1,4,1,4,2,1,2,3,2,2,1,2,3,2,4,1,1,1,1,1,1,1,2,3,1,4,2,2,4,2,1,3,2,1,1,3,2,2,3,3,2,3,1,4,1,4,2,1,1,2,3,1,4,2,2,3,3,2,4,2,4,2,3,1,1,2,4,3,4,3,1,2,3,3,4,4,1,3,2,1,2,3,2,3,3,2,1,3,2,4,2,3,3,2,1,1,2,1,1,4,3,3,1,2,3,1,2,2,1,1,2,2,4,1,2,3,4,3,3,2,2,1,1,4,3,2,1,4,3,1,3,3,3,2,1,2,4,3,3,1,1,2,3,1,3,3,2,4,1,2,2,1,3,3,2,1,2,4,2,4,1,3,1,1,1,4,2,1,4,3,3,2,2,1,2,1,4,4,2,2,2,1,1,1,1,4,1,3,1,2,2,3,1,3,4,1,4,1,4,1,1,1,1,2,3,1,1,2,4,2,4,4,2,1,3,1,1,3,3,1,3,1,4,2,4,3,3,1,4,2,4,4,4,2,1,3,1,3,3,3,1,1,2,4,4,1,3,3,2,2,2,3,1,4,1,3,2,1,3,3,4,2,3,3,2,1,2,2,3,4,3,2,1,2,3,1,2,1,4,2,1,4,2,1,4,3,2,1,2,3,1,3,1,2,1,1,1,1,2,1,3,1,1,4,1,3,3,2,2,4,3,4,4,2,4,4,2,1,4,4,4,3,1,2,4,3,3,2,1,3,2,1,4,4,2,2,1,1,3,4,4,2,2,1,4,1,2,3,2,1,3,4,4,3,4,4,1,1,2,3,1,1,1,1,2,2,1,3,1,3,1,4,2,1,1,4,2,4,3,2,1,4,2,3,1,3,2,2,2,1,1,2,2,4,2,2,2,2,2,1,2,3,2,3,1,1,3,4,2,2,2,4,3,3,1,2,2,3,2,3,3,1,2,2,4,4,1,4,4,1,2,4,1,3,3,3,2,3,3,1,1,2,4,3,3,4,2,4,1,2,4,1,4,3,1,1,1,4,4,1,2,2,2,2,2,1,1,1,1,1,1,4,2,2,3,4,4,1,2,3,2,4,1,2,2,3,2,1,1,2,2,1,1,2,3,1,2,1,4,4,1,2,4,2,1,1,2,1,3,3,4,2,2,1,2,4,1,2,2,1,2,1,2,3,1,3,2,3,4,2,1,3,2,3,2,1,2,2,4,4,1,1,4,3,3,2,4,2,4,1,2,3,3,1,3,2,1,3,1,1,2,2,4,2,1,1,1,3,2,4,4,4,1,3,1,4,2,1,3,2,1,1,1,1,4,3,1,1,2,2,3,4,3,2,4,2,1,1,1,1,3,1,1,2,1,1,4,2,4,2,1,3,3,1,2,1,2,1,4,4,2,4,1,4,1,2,2,1,4,1,2,3,2,4,1,2,3,2,1,4,2,2,3,2,3,1,2,1,2,3,2,2,2,3,2,4,1,4,2,3,2,2,2,3,2,4,3,1,1,2,1,1,1,2,1,2,3,2,1,1,1,1,2,1,2,3,2,4,1,1,4,4,3,2,4,3,1,3,2,1,2,3,3,3,3,4,3,1,1,1,3,1,2,1,4,4,3,2,4,3,4,4,1,2,1,2,4,4,3,2,1,3,1,4,3,3,1,3,2,2,2,1,4,1,4,1,4,1,1,4,1,1,3,2,4,2,4,2,3,2,2,3,4,4,3,2,2,4,1,2,1,3,3,1,1,4,1,1,2,3,4,4,3,1,1,2,2,4,1,1,4,2,3,4,3,4,3,2,1,3,2,2,2,1,1,3,2,2,3,2,1,2,3,4,3,1,3,4,2,4,3,4,1,3,1,1,2,4,2,2,4,4,3,1,4,2,3,1,4,1,2,3,3,1,4,2,1,3,2,3,1,1,2,1,1,2,1,3,3,2,4,2,2,2,3,2,3,3,2,2,2,2,4,1,1,1,1,2,1,2,1,4,2,2,2,1,1,1,2,4,1,4,2,2,3,4,1,1,1,4,4,2,2,3,3,3,3,1,2,1,2,4,4,2,2,3,2,1,1,1,1,2,3,1,2,3,4,3,4,1,1,3,1,4,4,3,2,1,4,1,2,2,1,2,1,4,1,3,1,1,4,4,1,4,4,1,1,1,3,1,2,1,1,1,1,2,1,3,2,4,4,1,2,4,2,1,1,4,2,4,4,3,3,2,1,2,3,2,1,1,1,2,3,3,4,2,1,4,2,3,2,2,4,4,1,1,2,3,1,2,3,4,2,1,2,1,2,1,4,2,2,3,3,1,4,2,1,2,3,1,1,4,1,3,3,1,2,4,1,4,1,2,1,1,1,2,2,3,3,1,1,4,2,2,4,2,1,1,2,2,1,2,4,3,2,3,3,4,4,1,4,4,3,2,4,3,1,1,3,2,4,2,2,1,1,4,4,2,1,1,3,3,3,3,1,3,2,2,2,2,1,1,3,2,4,4,1,2,3,1,3,1,1,3,1,4,1,1,2,1,3,1,2,2,4,1,1,4,1,4,4,2,1,1,2,3,1,1,1,1,2,3,4,3,2,3,3,1,2,4,2,3,1,2,2,2,4,3,2,2,2,4,1,1,1,2,4,2,1,4,2,1,1,1,2,1,2,1,2,3,3,3,2,4,3,3,1,1,4,2,3,1,4,4,4,3,2,4,3,2,1,3,4,1,2,2,1,2,3,3,1,4,3,3,2,2,1,1,2,3,3,4,4,2,1,1,3,1,1,3,2,3,4,1,3,1,4,2,4,1,1,1,1,4,1,3,1,1,3,1,4,2,2,1,2,2,4,1,2,4,3,1,3,2,1,2,2,3,3,2,1,2,4,1,4,2,1,1,4,1,1,4,4,2,4,2,4,3,2,2,4,3,2,3,1,2,4,3,4,1,3,1,2,4,4,2,2,2,1,2,2,1,4,2,1,2,1,4,2,1,2,4,1,2,1,2,1,1,4,2,1,2,1,2,4,4,3,4,1,2,1,1,2,2,2,2,2,4,4,3,3,2,4,2,3,4,3,2,2,2,3,2,1,3,2,1,1,1,3,1,3,2,3,1,4,3,4,1,1,3,1,3,2,1,3,1,1,2"
166,0.9882627241940299,0.5,2136.0,"4,2,1,1,2,2,3,1,2,1,4,4,4,1,2,2,4,1,1,2,1,2,4,1,3,1,2,2,4,1,1,2,3,3,1,2,4,1,2,4,1,2,2,2,2,2,3,2,1,2,4,4,3,2,1,4,2,2,1,4,4,4,3,1,3,3,3,2,3,2,1,2,2,3,4,2,3,3,3,1,2,1,4,1,2,3,1,2,1,2,1,2,2,2,3,4,1,1,3,1,2,2,3,2,2,4,1,4,2,1,1,1,3,3,1,2,3,4,4,1,3,2,2,3,2,2,3,2,4,1,2,2,1,1,1,2,3,4,2,2,4,3,2,3,4,4,2,1,1,1,1,1,1,3,3,4,2,2,2,1,4,1,1,3,1,3,3,1,1,4,1,2,2,2,1,3,3,1,4,1,3,2,3,2,3,2,1,2,4,1,4,2,3,3,3,3,2,3,1,4,1,4,1,3,4,4,1,3,2,2,2,1,2,1,3,2,2,1,2,1,4,4,3,2,3,1,3,2,4,3,3,2,2,1,1,3,1,3,3,2,2,1,2,3,2,2,3,2,3,3,3,4,1,1,3,1,1,1,4,2,3,4,1,1,2,1,3,2,1,3,4,2,4,1,3,2,4,1,1,4,4,1,1,4,2,2,2,4,2,4,1,1,1,4,1,4,2,1,2,3,2,2,1,2,3,2,4,1,1,1,1,1,1,1,2,3,1,4,2,2,4,2,1,3,2,1,1,3,2,2,3,3,2,3,1,4,1,4,2,1,1,2,3,1,4,2,2,3,3,2,4,2,4,2,3,1,1,2,4,3,4,3,1,2,3,3,4,4,1,3,2,1,2,3,2,3,3,2,1,3,2,4,2,3,3,2,1,1,2,1,1,4,3,3,1,2,3,1,2,2,1,1,2,2,4,1,2,3,4,3,3,2,2,1,1,4,3,2,1,4,3,1,3,3,3,2,1,2,4,3,3,1,1,2,3,1,3,3,2,4,1,2,2,1,3,3,2,1,2,4,2,4,1,3,1,1,1,4,2,1,4,3,3,2,2,1,2,1,4,4,2,2,2,1,1,1,1,4,1,3,1,2,2,3,1,3,4,1,4,1,4,1,1,1,1,2,3,1,1,2,4,2,4,4,2,1,3,1,1,3,3,1,3,1,4,2,4,3,3,1,4,2,4,4,4,2,1,3,1,3,3,3,1,1,2,4,4,1,3,3,2,2,2,3,1,4,1,3,2,1,3,3,4,2,3,3,2,1,2,2,3,4,3,2,1,2,3,1,2,1,4,2,1,4,2,1,4,3,2,1,2,3,1,3,1,2,1,1,1,1,2,1,3,1,1,4,1,3,3,2,2,4,3,4,4,2,4,4,2,1,4,4,4,3,1,2,4,3,3,2,1,3,2,1,4,4,2,2,1,1,3,4,4,2,2,1,4,1,2,3,2,1,3,4,4,3,4,4,1,1,2,3,1,1,1,1,2,2,1,3,1,3,1,4,2,1,1,4,2,4,3,2,1,4,2,3,1,3,2,2,2,1,1,2,2,4,2,2,2,2,2,1,2,3,2,3,1,1,3,4,2,2,2,4,3,3,1,2,2,3,2,3,3,1,2,2,4,4,1,4,4,1,2,4,1,3,3,3,2,3,3,1,1,2,4,3,3,4,2,4,1,2,4,1,4,3,1,1,1,4,4,1,2,2,2,2,2,1,1,1,1,1,1,4,2,2,3,4,4,1,2,3,2,4,1,2,2,3,2,1,1,2,2,1,1,2,3,1,2,1,4,4,1,2,4,2,1,1,2,1,3,3,4,2,2,1,2,4,1,2,2,1,2,1,2,3,1,3,2,3,4,2,1,3,2,3,2,1,2,2,4,4,1,1,4,3,3,2,4,2,4,1,2,3,3,1,3,2,1,3,1,1,2,2,4,2,1,1,1,3,2,4,4,4,1,3,1,4,2,1,3,2,1,1,1,1,4,3,1,1,2,2,3,4,3,2,4,2,1,1,1,1,3,1,1,2,1,1,4,2,4,2,1,3,3,1,2,1,2,1,4,4,2,4,1,4,1,2,2,1,4,1,2,3,2,4,1,2,3,2,1,4,2,2,3,2,3,1,2,1,2,3,2,2,2,3,2,4,1,4,2,3,2,2,2,3,2,4,3,1,1,2,1,1,1,2,1,2,3,2,1,1,1,1,2,1,2,3,2,4,1,1,4,4,3,2,4,3,1,3,2,1,2,3,3,3,3,4,3,1,1,1,3,1,2,1,4,4,3,2,4,3,4,4,1,2,1,2,4,4,3,2,1,3,1,4,3,3,1,3,2,2,2,1,4,1,4,1,4,1,1,4,1,1,3,2,4,2,4,2,3,2,2,3,4,4,3,2,2,4,1,2,1,3,3,1,1,4,1,1,2,3,4,4,3,1,1,2,2,4,1,1,4,2,3,4,3,4,3,2,1,3,2,2,2,1,1,3,2,2,3,2,1,2,3,4,3,1,3,4,2,4,3,4,1,3,1,1,2,4,2,2,4,4,3,1,4,2,3,1,4,1,2,3,3,1,4,2,1,3,2,3,1,1,2,1,1,2,1,3,3,2,4,2,2,2,3,2,3,3,2,2,2,2,4,1,1,1,1,2,1,2,1,4,2,2,2,1,1,1,2,4,1,4,2,2,3,4,1,1,1,4,4,2,2,3,3,3,3,1,2,1,2,4,4,2,2,3,2,1,1,1,1,2,3,1,2,3,4,3,4,1,1,3,1,4,4,3,2,1,4,1,2,2,1,2,1,4,1,3,1,1,4,4,1,4,4,1,1,1,3,1,2,1,1,1,1,2,1,3,2,4,4,1,2,4,2,1,1,4,2,4,4,3,3,2,1,2,3,2,1,1,1,2,3,3,4,2,1,4,2,3,2,2,4,4,1,1,2,3,1,2,3,4,2,1,2,1,2,1,4,2,2,3,3,1,4,2,1,2,3,1,1,4,1,3,3,1,2,4,1,4,1,2,1,1,1,2,2,3,3,1,1,4,2,2,4,2,1,1,2,2,1,2,4,3,2,3,3,4,4,1,4,4,3,2,4,3,1,1,3,2,4,2,2,1,1,4,4,2,1,1,3,3,3,3,1,3,2,2,2,2,1,1,3,2,4,4,1,2,3,1,3,1,1,3,1,4,1,1,2,1,3,1,2,2,4,1,1,4,1,4,4,2,1,1,2,3,1,1,1,1,2,3,4,3,2,3,3,1,2,4,2,3,1,2,2,2,4,3,2,2,2,4,1,1,1,2,4,2,1,4,2,1,1,1,2,1,2,1,2,3,3,3,2,4,3,3,1,1,4,2,3,1,4,4,4,3,2,4,3,2,1,3,4,1,2,2,1,2,3,3,1,4,3,3,2,2,1,1,2,3,3,4,4,2,1,1,3,1,1,3,2,3,4,1,3,1,4,2,4,1,1,1,1,4,1,3,1,1,3,1,4,2,2,1,2,2,4,1,2,4,3,1,3,2,1,2,2,3,3,2,1,2,4,1,4,2,1,1,4,1,1,4,4,2,4,2,4,3,2,2,4,3,2,3,1,2,4,3,4,1,3,1,2,4,4,2,2,2,1,2,2,1,4,2,1,2,1,4,2,1,2,4,1,2,1,2,1,1,4,2,1,2,1,2,4,4,3,4,1,2,1,1,2,2,2,2,2,4,4,3,3,2,4,2,3,4,3,2,2,2,3,2,1,3,2,1,1,1,3,1,3,2,3,1,4,3,4,1,1,3,1,3,2,1,3,1,1,2"
167,0.9882627241940299,0.5,2136.0,"4,2,1,1,2,2,3,1,2,1,4,4,4,1,2,2,4,1,1,2,1,2,4,1,3,1,2,2,4,1,1,2,3,3,1,2,4,1,2,4,1,2,2,2,2,2,3,2,1,2,4,4,3,2,1,4,2,2,1,4,4,4,3,1,3,3,3,2,3,2,1,2,2,3,4,2,3,3,3,1,2,1,4,1,2,3,1,2,1,2,1,2,2,2,3,4,1,1,3,1,2,2,3,2,2,4,1,4,2,1,1,1,3,3,1,2,3,4,4,1,3,2,2,3,2,2,3,2,4,1,2,2,1,1,1,2,3,4,2,2,4,3,2,3,4,4,2,1,1,1,1,1,1,3,3,4,2,2,2,1,4,1,1,3,1,3,3,1,1,4,1,2,2,2,1,3,3,1,4,1,3,2,3,2,3,2,1,2,4,1,4,2,3,3,3,3,2,3,1,4,1,4,1,3,4,4,1,3,2,2,2,1,2,1,3,2,2,1,2,1,4,4,3,2,3,1,3,2,4,3,3,2,2,1,1,3,1,3,3,2,2,1,2,3,2,2,3,2,3,3,3,4,1,1,3,1,1,1,4,2,3,4,1,1,2,1,3,2,1,3,4,2,4,1,3,2,4,1,1,4,4,1,1,4,2,2,2,4,2,4,1,1,1,4,1,4,2,1,2,3,2,2,1,2,3,2,4,1,1,1,1,1,1,1,2,3,1,4,2,2,4,2,1,3,2,1,1,3,2,2,3,3,2,3,1,4,1,4,2,1,1,2,3,1,4,2,2,3,3,2,4,2,4,2,3,1,1,2,4,3,4,3,1,2,3,3,4,4,1,3,2,1,2,3,2,3,3,2,1,3,2,4,2,3,3,2,1,1,2,1,1,4,3,3,1,2,3,1,2,2,1,1,2,2,4,1,2,3,4,3,3,2,2,1,1,4,3,2,1,4,3,1,3,3,3,2,1,2,4,3,3,1,1,2,3,1,3,3,2,4,1,2,2,1,3,3,2,1,2,4,2,4,1,3,1,1,1,4,2,1,4,3,3,2,2,1,2,1,4,4,2,2,2,1,1,1,1,4,1,3,1,2,2,3,1,3,4,1,4,1,4,1,1,1,1,2,3,1,1,2,4,2,4,4,2,1,3,1,1,3,3,1,3,1,4,2,4,3,3,1,4,2,4,4,4,2,1,3,1,3,3,3,1,1,2,4,4,1,3,3,2,2,2,3,1,4,1,3,2,1,3,3,4,2,3,3,2,1,2,2,3,4,3,2,1,2,3,1,2,1,4,2,1,4,2,1,4,3,2,1,2,3,1,3,1,2,1,1,1,1,2,1,3,1,1,4,1,3,3,2,2,4,3,4,4,2,4,4,2,1,4,4,4,3,1,2,4,3,3,2,1,3,2,1,4,4,2,2,1,1,3,4,4,2,2,1,4,1,2,3,2,1,3,4,4,3,4,4,1,1,2,3,1,1,1,1,2,2,1,3,1,3,1,4,2,1,1,4,2,4,3,2,1,4,2,3,1,3,2,2,2,1,1,2,2,4,2,2,2,2,2,1,2,3,2,3,1,1,3,4,2,2,2,4,3,3,1,2,2,3,2,3,3,1,2,2,4,4,1,4,4,1,2,4,1,3,3,3,2,3,3,1,1,2,4,3,3,4,2,4,1,2,4,1,4,3,1,1,1,4,4,1,2,2,2,2,2,1,1,1,1,1,1,4,2,2,3,4,4,1,2,3,2,4,1,2,2,3,2,1,1,2,2,1,1,2,3,1,2,1,4,4,1,2,4,2,1,1,2,1,3,3,4,2,2,1,2,4,1,2,2,1,2,1,2,3,1,3,2,3,4,2,1,3,2,3,2,1,2,2,4,4,1,1,4,3,3,2,4,2,4,1,2,3,3,1,3,2,1,3,1,1,2,2,4,2,1,1,1,3,2,4,4,4,1,3,1,4,2,1,3,2,1,1,1,1,4,3,1,1,2,2,3,4,3,2,4,2,1,1,1,1,3,1,1,2,1,1,4,2,4,2,1,3,3,1,2,1,2,1,4,4,2,4,1,4,1,2,2,1,4,1,2,3,2,4,1,2,3,2,1,4,2,2,3,2,3,1,2,1,2,3,2,2,2,3,2,4,1,4,2,3,2,2,2,3,2,4,3,1,1,2,1,1,1,2,1,2,3,2,1,1,1,1,2,1,2,3,2,4,1,1,4,4,3,2,4,3,1,3,2,1,2,3,3,3,3,4,3,1,1,1,3,1,2,1,4,4,3,2,4,3,4,4,1,2,1,2,4,4,3,2,1,3,1,4,3,3,1,3,2,2,2,1,4,1,4,1,4,1,1,4,1,1,3,2,4,2,4,2,3,2,2,3,4,4,3,2,2,4,1,2,1,3,3,1,1,4,1,1,2,3,4,4,3,1,1,2,2,4,1,1,4,2,3,4,3,4,3,2,1,3,2,2,2,1,1,3,2,2,3,2,1,2,3,4,3,1,3,4,2,4,3,4,1,3,1,1,2,4,2,2,4,4,3,1,4,2,3,1,4,1,2,3,3,1,4,2,1,3,2,3,1,1,2,1,1,2,1,3,3,2,4,2,2,2,3,2,3,3,2,2,2,2,4,1,1,1,1,2,1,2,1,4,2,2,2,1,1,1,2,4,1,4,2,2,3,4,1,1,1,4,4,2,2,3,3,3,3,1,2,1,2,4,4,2,2,3,2,1,1,1,1,2,3,1,2,3,4,3,4,1,1,3,1,4,4,3,2,1,4,1,2,2,1,2,1,4,1,3,1,1,4,4,1,4,4,1,1,1,3,1,2,1,1,1,1,2,1,3,2,4,4,1,2,4,2,1,1,4,2,4,4,3,3,2,1,2,3,2,1,1,1,2,3,3,4,2,1,4,2,3,2,2,4,4,1,1,2,3,1,2,3,4,2,1,2,1,2,1,4,2,2,3,3,1,4,2,1,2,3,1,1,4,1,3,3,1,2,4,1,4,1,2,1,1,1,2,2,3,3,1,1,4,2,2,4,2,1,1,2,2,1,2,4,3,2,3,3,4,4,1,4,4,3,2,4,3,1,1,3,2,4,2,2,1,1,4,4,2,1,1,3,3,3,3,1,3,2,2,2,2,1,1,3,2,4,4,1,2,3,1,3,1,1,3,1,4,1,1,2,1,3,1,2,2,4,1,1,4,1,4,4,2,1,1,2,3,1,1,1,1,2,3,4,3,2,3,3,1,2,4,2,3,1,2,2,2,4,3,2,2,2,4,1,1,1,2,4,2,1,4,2,1,1,1,2,1,2,1,2,3,3,3,2,4,3,3,1,1,4,2,3,1,4,4,4,3,2,4,3,2,1,3,4,1,2,2,1,2,3,3,1,4,3,3,2,2,1,1,2,3,3,4,4,2,1,1,3,1,1,3,2,3,4,1,3,1,4,2,4,1,1,1,1,4,1,3,1,1,3,1,4,2,2,1,2,2,4,1,2,4,3,1,3,2,1,2,2,3,3,2,1,2,4,1,4,2,1,1,4,1,1,4,4,2,4,2,4,3,2,2,4,3,2,3,1,2,4,3,4,1,3,1,2,4,4,2,2,2,1,2,2,1,4,2,1,2,1,4,2,1,2,4,1,2,1,2,1,1,4,2,1,2,1,2,4,4,3,4,1,2,1,1,2,2,2,2,2,4,4,3,3,2,4,2,3,4,3,2,2,2,3,2,1,3,2,1,1,1,3,1,3,2,3,1,4,3,4,1,1,3,1,3,2,1,3,1,1,2"
168,0.9882627241940299,0.5,2136.0,"4,2,1,1,2,2,3,1,2,1,4,4,4,1,2,2,4,1,1,2,1,2,4,1,3,1,2,2,4,1,1,2,3,3,1,2,4,1,2,4,1,2,2,2,2,2,3,2,1,2,4,4,3,2,1,4,2,2,1,4,4,4,3,1,3,3,3,2,3,2,1,2,2,3,4,2,3,3,3,1,2,1,4,1,2,3,1,2,1,2,1,2,2,2,3,4,1,1,3,1,2,2,3,2,2,4,1,4,2,1,1,1,3,3,1,2,3,4,4,1,3,2,2,3,2,2,3,2,4,1,2,2,1,1,1,2,3,4,2,2,4,3,2,3,4,4,2,1,1,1,1,1,1,3,3,4,2,2,2,1,4,1,1,3,1,3,3,1,1,4,1,2,2,2,1,3,3,1,4,1,3,2,3,2,3,2,1,2,4,1,4,2,3,3,3,3,2,3,1,4,1,4,1,3,4,4,1,3,2,2,2,1,2,1,3,2,2,1,2,1,4,4,3,2,3,1,3,2,4,3,3,2,2,1,1,3,1,3,3,2,2,1,2,3,2,2,3,2,3,3,3,4,1,1,3,1,1,1,4,2,3,4,1,1,2,1,3,2,1,3,4,2,4,1,3,2,4,1,1,4,4,1,1,4,2,2,2,4,2,4,1,1,1,4,1,4,2,1,2,3,2,2,1,2,3,2,4,1,1,1,1,1,1,1,2,3,1,4,2,2,4,2,1,3,2,1,1,3,2,2,3,3,2,3,1,4,1,4,2,1,1,2,3,1,4,2,2,3,3,2,4,2,4,2,3,1,1,2,4,3,4,3,1,2,3,3,4,4,1,3,2,1,2,3,2,3,3,2,1,3,2,4,2,3,3,2,1,1,2,1,1,4,3,3,1,2,3,1,2,2,1,1,2,2,4,1,2,3,4,3,3,2,2,1,1,4,3,2,1,4,3,1,3,3,3,2,1,2,4,3,3,1,1,2,3,1,3,3,2,4,1,2,2,1,3,3,2,1,2,4,2,4,1,3,1,1,1,4,2,1,4,3,3,2,2,1,2,1,4,4,2,2,2,1,1,1,1,4,1,3,1,2,2,3,1,3,4,1,4,1,4,1,1,1,1,2,3,1,1,2,4,2,4,4,2,1,3,1,1,3,3,1,3,1,4,2,4,3,3,1,4,2,4,4,4,2,1,3,1,3,3,3,1,1,2,4,4,1,3,3,2,2,2,3,1,4,1,3,2,1,3,3,4,2,3,3,2,1,2,2,3,4,3,2,1,2,3,1,2,1,4,2,1,4,2,1,4,3,2,1,2,3,1,3,1,2,1,1,1,1,2,1,3,1,1,4,1,3,3,2,2,4,3,4,4,2,4,4,2,1,4,4,4,3,1,2,4,3,3,2,1,3,2,1,4,4,2,2,1,1,3,4,4,2,2,1,4,1,2,3,2,1,3,4,4,3,4,4,1,1,2,3,1,1,1,1,2,2,1,3,1,3,1,4,2,1,1,4,2,4,3,2,1,4,2,3,1,3,2,2,2,1,1,2,2,4,2,2,2,2,2,1,2,3,2,3,1,1,3,4,2,2,2,4,3,3,1,2,2,3,2,3,3,1,2,2,4,4,1,4,4,1,2,4,1,3,3,3,2,3,3,1,1,2,4,3,3,4,2,4,1,2,4,1,4,3,1,1,1,4,4,1,2,2,2,2,2,1,1,1,1,1,1,4,2,2,3,4,4,1,2,3,2,4,1,2,2,3,2,1,1,2,2,1,1,2,3,1,2,1,4,4,1,2,4,2,1,1,2,1,3,3,4,2,2,1,2,4,1,2,2,1,2,1,2,3,1,3,2,3,4,2,1,3,2,3,2,1,2,2,4,4,1,1,4,3,3,2,4,2,4,1,2,3,3,1,3,2,1,3,1,1,2,2,4,2,1,1,1,3,2,4,4,4,1,3,1,4,2,1,3,2,1,1,1,1,4,3,1,1,2,2,3,4,3,2,4,2,1,1,1,1,3,1,1,2,1,1,4,2,4,2,1,3,3,1,2,1,2,1,4,4,2,4,1,4,1,2,2,1,4,1,2,3,2,4,1,2,3,2,1,4,2,2,3,2,3,1,2,1,2,3,2,2,2,3,2,4,1,4,2,3,2,2,2,3,2,4,3,1,1,2,1,1,1,2,1,2,3,2,1,1,1,1,2,1,2,3,2,4,1,1,4,4,3,2,4,3,1,3,2,1,2,3,3,3,3,4,3,1,1,1,3,1,2,1,4,4,3,2,4,3,4,4,1,2,1,2,4,4,3,2,1,3,1,4,3,3,1,3,2,2,2,1,4,1,4,1,4,1,1,4,1,1,3,2,4,2,4,2,3,2,2,3,4,4,3,2,2,4,1,2,1,3,3,1,1,4,1,1,2,3,4,4,3,1,1,2,2,4,1,1,4,2,3,4,3,4,3,2,1,3,2,2,2,1,1,3,2,2,3,2,1,2,3,4,3,1,3,4,2,4,3,4,1,3,1,1,2,4,2,2,4,4,3,1,4,2,3,1,4,1,2,3,3,1,4,2,1,3,2,3,1,1,2,1,1,2,1,3,3,2,4,2,2,2,3,2,3,3,2,2,2,2,4,1,1,1,1,2,1,2,1,4,2,2,2,1,1,1,2,4,1,4,2,2,3,4,1,1,1,4,4,2,2,3,3,3,3,1,2,1,2,4,4,2,2,3,2,1,1,1,1,2,3,1,2,3,4,3,4,1,1,3,1,4,4,3,2,1,4,1,2,2,1,2,1,4,1,3,1,1,4,4,1,4,4,1,1,1,3,1,2,1,1,1,1,2,1,3,2,4,4,1,2,4,2,1,1,4,2,4,4,3,3,2,1,2,3,2,1,1,1,2,3,3,4,2,1,4,2,3,2,2,4,4,1,1,2,3,1,2,3,4,2,1,2,1,2,1,4,2,2,3,3,1,4,2,1,2,3,1,1,4,1,3,3,1,2,4,1,4,1,2,1,1,1,2,2,3,3,1,1,4,2,2,4,2,1,1,2,2,1,2,4,3,2,3,3,4,4,1,4,4,3,2,4,3,1,1,3,2,4,2,2,1,1,4,4,2,1,1,3,3,3,3,1,3,2,2,2,2,1,1,3,2,4,4,1,2,3,1,3,1,1,3,1,4,1,1,2,1,3,1,2,2,4,1,1,4,1,4,4,2,1,1,2,3,1,1,1,1,2,3,4,3,2,3,3,1,2,4,2,3,1,2,2,2,4,3,2,2,2,4,1,1,1,2,4,2,1,4,2,1,1,1,2,1,2,1,2,3,3,3,2,4,3,3,1,1,4,2,3,1,4,4,4,3,2,4,3,2,1,3,4,1,2,2,1,2,3,3,1,4,3,3,2,2,1,1,2,3,3,4,4,2,1,1,3,1,1,3,2,3,4,1,3,1,4,2,4,1,1,1,1,4,1,3,1,1,3,1,4,2,2,1,2,2,4,1,2,4,3,1,3,2,1,2,2,3,3,2,1,2,4,1,4,2,1,1,4,1,1,4,4,2,4,2,4,3,2,2,4,3,2,3,1,2,4,3,4,1,3,1,2,4,4,2,2,2,1,2,2,1,4,2,1,2,1,4,2,1,2,4,1,2,1,2,1,1,4,2,1,2,1,2,4,4,3,4,1,2,1,1,2,2,2,2,2,4,4,3,3,2,4,2,3,4,3,2,2,2,3,2,1,3,2,1,1,1,3,1,3,2,3,1,4,3,4,1,1,3,1,3,2,1,3,1,1,2"
169,0.9882627241940299,0.5,2136.0,"4,2,1,1,2,2,3,1,2,1,4,4,4,1,2,2,4,1,1,2,1,2,4,1,3,1,2,2,4,1,1,2,3,3,1,2,4,1,2,4,1,2,2,2,2,2,3,2,1,2,4,4,3,2,1,4,2,2,1,4,4,4,3,1,3,3,3,2,3,2,1,2,2,3,4,2,3,3,3,1,2,1,4,1,2,3,1,2,1,2,1,2,2,2,3,4,1,1,3,1,2,2,3,2,2,4,1,4,2,1,1,1,3,3,1,2,3,4,4,1,3,2,2,3,2,2,3,2,4,1,2,2,1,1,1,2,3,4,2,2,4,3,2,3,4,4,2,1,1,1,1,1,1,3,3,4,2,2,2,1,4,1,1,3,1,3,3,1,1,4,1,2,2,2,1,3,3,1,4,1,3,2,3,2,3,2,1,2,4,1,4,2,3,3,3,3,2,3,1,4,1,4,1,3,4,4,1,3,2,2,2,1,2,1,3,2,2,1,2,1,4,4,3,2,3,1,3,2,4,3,3,2,2,1,1,3,1,3,3,2,2,1,2,3,2,2,3,2,3,3,3,4,1,1,3,1,1,1,4,2,3,4,1,1,2,1,3,2,1,3,4,2,4,1,3,2,4,1,1,4,4,1,1,4,2,2,2,4,2,4,1,1,1,4,1,4,2,1,2,3,2,2,1,2,3,2,4,1,1,1,1,1,1,1,2,3,1,4,2,2,4,2,1,3,2,1,1,3,2,2,3,3,2,3,1,4,1,4,2,1,1,2,3,1,4,2,2,3,3,2,4,2,4,2,3,1,1,2,4,3,4,3,1,2,3,3,4,4,1,3,2,1,2,3,2,3,3,2,1,3,2,4,2,3,3,2,1,1,2,1,1,4,3,3,1,2,3,1,2,2,1,1,2,2,4,1,2,3,4,3,3,2,2,1,1,4,3,2,1,4,3,1,3,3,3,2,1,2,4,3,3,1,1,2,3,1,3,3,2,4,1,2,2,1,3,3,2,1,2,4,2,4,1,3,1,1,1,4,2,1,4,3,3,2,2,1,2,1,4,4,2,2,2,1,1,1,1,4,1,3,1,2,2,3,1,3,4,1,4,1,4,1,1,1,1,2,3,1,1,2,4,2,4,4,2,1,3,1,1,3,3,1,3,1,4,2,4,3,3,1,4,2,4,4,4,2,1,3,1,3,3,3,1,1,2,4,4,1,3,3,2,2,2,3,1,4,1,3,2,1,3,3,4,2,3,3,2,1,2,2,3,4,3,2,1,2,3,1,2,1,4,2,1,4,2,1,4,3,2,1,2,3,1,3,1,2,1,1,1,1,2,1,3,1,1,4,1,3,3,2,2,4,3,4,4,2,4,4,2,1,4,4,4,3,1,2,4,3,3,2,1,3,2,1,4,4,2,2,1,1,3,4,4,2,2,1,4,1,2,3,2,1,3,4,4,3,4,4,1,1,2,3,1,1,1,1,2,2,1,3,1,3,1,4,2,1,1,4,2,4,3,2,1,4,2,3,1,3,2,2,2,1,1,2,2,4,2,2,2,2,2,1,2,3,2,3,1,1,3,4,2,2,2,4,3,3,1,2,2,3,2,3,3,1,2,2,4,4,1,4,4,1,2,4,1,3,3,3,2,3,3,1,1,2,4,3,3,4,2,4,1,2,4,1,4,3,1,1,1,4,4,1,2,2,2,2,2,1,1,1,1,1,1,4,2,2,3,4,4,1,2,3,2,4,1,2,2,3,2,1,1,2,2,1,1,2,3,1,2,1,4,4,1,2,4,2,1,1,2,1,3,3,4,2,2,1,2,4,1,2,2,1,2,1,2,3,1,3,2,3,4,2,1,3,2,3,2,1,2,2,4,4,1,1,4,3,3,2,4,2,4,1,2,3,3,1,3,2,1,3,1,1,2,2,4,2,1,1,1,3,2,4,4,4,1,3,1,4,2,1,3,2,1,1,1,1,4,3,1,1,2,2,3,4,3,2,4,2,1,1,1,1,3,1,1,2,1,1,4,2,4,2,1,3,3,1,2,1,2,1,4,4,2,4,1,4,1,2,2,1,4,1,2,3,2,4,1,2,3,2,1,4,2,2,3,2,3,1,2,1,2,3,2,2,2,3,2,4,1,4,2,3,2,2,2,3,2,4,3,1,1,2,1,1,1,2,1,2,3,2,1,1,1,1,2,1,2,3,2,4,1,1,4,4,3,2,4,3,1,3,2,1,2,3,3,3,3,4,3,1,1,1,3,1,2,1,4,4,3,2,4,3,4,4,1,2,1,2,4,4,3,2,1,3,1,4,3,3,1,3,2,2,2,1,4,1,4,1,4,1,1,4,1,1,3,2,4,2,4,2,3,2,2,3,4,4,3,2,2,4,1,2,1,3,3,1,1,4,1,1,2,3,4,4,3,1,1,2,2,4,1,1,4,2,3,4,3,4,3,2,1,3,2,2,2,1,1,3,2,2,3,2,1,2,3,4,3,1,3,4,2,4,3,4,1,3,1,1,2,4,2,2,4,4,3,1,4,2,3,1,4,1,2,3,3,1,4,2,1,3,2,3,1,1,2,1,1,2,1,3,3,2,4,2,2,2,3,2,3,3,2,2,2,2,4,1,1,1,1,2,1,2,1,4,2,2,2,1,1,1,2,4,1,4,2,2,3,4,1,1,1,4,4,2,2,3,3,3,3,1,2,1,2,4,4,2,2,3,2,1,1,1,1,2,3,1,2,3,4,3,4,1,1,3,1,4,4,3,2,1,4,1,2,2,1,2,1,4,1,3,1,1,4,4,1,4,4,1,1,1,3,1,2,1,1,1,1,2,1,3,2,4,4,1,2,4,2,1,1,4,2,4,4,3,3,2,1,2,3,2,1,1,1,2,3,3,4,2,1,4,2,3,2,2,4,4,1,1,2,3,1,2,3,4,2,1,2,1,2,1,4,2,2,3,3,1,4,2,1,2,3,1,1,4,1,3,3,1,2,4,1,4,1,2,1,1,1,2,2,3,3,1,1,4,2,2,4,2,1,1,2,2,1,2,4,3,2,3,3,4,4,1,4,4,3,2,4,3,1,1,3,2,4,2,2,1,1,4,4,2,1,1,3,3,3,3,1,3,2,2,2,2,1,1,3,2,4,4,1,2,3,1,3,1,1,3,1,4,1,1,2,1,3,1,2,2,4,1,1,4,1,4,4,2,1,1,2,3,1,1,1,1,2,3,4,3,2,3,3,1,2,4,2,3,1,2,2,2,4,3,2,2,2,4,1,1,1,2,4,2,1,4,2,1,1,1,2,1,2,1,2,3,3,3,2,4,3,3,1,1,4,2,3,1,4,4,4,3,2,4,3,2,1,3,4,1,2,2,1,2,3,3,1,4,3,3,2,2,1,1,2,3,3,4,4,2,1,1,3,1,1,3,2,3,4,1,3,1,4,2,4,1,1,1,1,4,1,3,1,1,3,1,4,2,2,1,2,2,4,1,2,4,3,1,3,2,1,2,2,3,3,2,1,2,4,1,4,2,1,1,4,1,1,4,4,2,4,2,4,3,2,2,4,3,2,3,1,2,4,3,4,1,3,1,2,4,4,2,2,2,1,2,2,1,4,2,1,2,1,4,2,1,2,4,1,2,1,2,1,1,4,2,1,2,1,2,4,4,3,4,1,2,1,1,2,2,2,2,2,4,4,3,3,2,4,2,3,4,3,2,2,2,3,2,1,3,2,1,1,1,3,1,3,2,3,1,4,3,4,1,1,3,1,3,2,1,3,1,1,2"
170,0.9882627241940299,0.5,2136.0,"4,2,1,1,2,2,3,1,2,1,4,4,4,1,2,2,4,1,1,2,1,2,4,1,3,1,2,2,4,1,1,2,3,3,1,2,4,1,2,4,1,2,2,2,2,2,3,2,1,2,4,4,3,2,1,4,2,2,1,4,4,4,3,1,3,3,3,2,3,2,1,2,2,3,4,2,3,3,3,1,2,1,4,1,2,3,1,2,1,2,1,2,2,2,3,4,1,1,3,1,2,2,3,2,2,4,1,4,2,1,1,1,3,3,1,2,3,4,4,1,3,2,2,3,2,2,3,2,4,1,2,2,1,1,1,2,3,4,2,2,4,3,2,3,4,4,2,1,1,1,1,1,1,3,3,4,2,2,2,1,4,1,1,3,1,3,3,1,1,4,1,2,2,2,1,3,3,1,4,1,3,2,3,2,3,2,1,2,4,1,4,2,3,3,3,3,2,3,1,4,1,4,1,3,4,4,1,3,2,2,2,1,2,1,3,2,2,1,2,1,4,4,3,2,3,1,3,2,4,3,3,2,2,1,1,3,1,3,3,2,2,1,2,3,2,2,3,2,3,3,3,4,1,1,3,1,1,1,4,2,3,4,1,1,2,1,3,2,1,3,4,2,4,1,3,2,4,1,1,4,4,1,1,4,2,2,2,4,2,4,1,1,1,4,1,4,2,1,2,3,2,2,1,2,3,2,4,1,1,1,1,1,1,1,2,3,1,4,2,2,4,2,1,3,2,1,1,3,2,2,3,3,2,3,1,4,1,4,2,1,1,2,3,1,4,2,2,3,3,2,4,2,4,2,3,1,1,2,4,3,4,3,1,2,3,3,4,4,1,3,2,1,2,3,2,3,3,2,1,3,2,4,2,3,3,2,1,1,2,1,1,4,3,3,1,2,3,1,2,2,1,1,2,2,4,1,2,3,4,3,3,2,2,1,1,4,3,2,1,4,3,1,3,3,3,2,1,2,4,3,3,1,1,2,3,1,3,3,2,4,1,2,2,1,3,3,2,1,2,4,2,4,1,3,1,1,1,4,2,1,4,3,3,2,2,1,2,1,4,4,2,2,2,1,1,1,1,4,1,3,1,2,2,3,1,3,4,1,4,1,4,1,1,1,1,2,3,1,1,2,4,2,4,4,2,1,3,1,1,3,3,1,3,1,4,2,4,3,3,1,4,2,4,4,4,2,1,3,1,3,3,3,1,1,2,4,4,1,3,3,2,2,2,3,1,4,1,3,2,1,3,3,4,2,3,3,2,1,2,2,3,4,3,2,1,2,3,1,2,1,4,2,1,4,2,1,4,3,2,1,2,3,1,3,1,2,1,1,1,1,2,1,3,1,1,4,1,3,3,2,2,4,3,4,4,2,4,4,2,1,4,4,4,3,1,2,4,3,3,2,1,3,2,1,4,4,2,2,1,1,3,4,4,2,2,1,4,1,2,3,2,1,3,4,4,3,4,4,1,1,2,3,1,1,1,1,2,2,1,3,1,3,1,4,2,1,1,4,2,4,3,2,1,4,2,3,1,3,2,2,2,1,1,2,2,4,2,2,2,2,2,1,2,3,2,3,1,1,3,4,2,2,2,4,3,3,1,2,2,3,2,3,3,1,2,2,4,4,1,4,4,1,2,4,1,3,3,3,2,3,3,1,1,2,4,3,3,4,2,4,1,2,4,1,4,3,1,1,1,4,4,1,2,2,2,2,2,1,1,1,1,1,1,4,2,2,3,4,4,1,2,3,2,4,1,2,2,3,2,1,1,2,2,1,1,2,3,1,2,1,4,4,1,2,4,2,1,1,2,1,3,3,4,2,2,1,2,4,1,2,2,1,2,1,2,3,1,3,2,3,4,2,1,3,2,3,2,1,2,2,4,4,1,1,4,3,3,2,4,2,4,1,2,3,3,1,3,2,1,3,1,1,2,2,4,2,1,1,1,3,2,4,4,4,1,3,1,4,2,1,3,2,1,1,1,1,4,3,1,1,2,2,3,4,3,2,4,2,1,1,1,1,3,1,1,2,1,1,4,2,4,2,1,3,3,1,2,1,2,1,4,4,2,4,1,4,1,2,2,1,4,1,2,3,2,4,1,2,3,2,1,4,2,2,3,2,3,1,2,1,2,3,2,2,2,3,2,4,1,4,2,3,2,2,2,3,2,4,3,1,1,2,1,1,1,2,1,2,3,2,1,1,1,1,2,1,2,3,2,4,1,1,4,4,3,2,4,3,1,3,2,1,2,3,3,3,3,4,3,1,1,1,3,1,2,1,4,4,3,2,4,3,4,4,1,2,1,2,4,4,3,2,1,3,1,4,3,3,1,3,2,2,2,1,4,1,4,1,4,1,1,4,1,1,3,2,4,2,4,2,3,2,2,3,4,4,3,2,2,4,1,2,1,3,3,1,1,4,1,1,2,3,4,4,3,1,1,2,2,4,1,1,4,2,3,4,3,4,3,2,1,3,2,2,2,1,1,3,2,2,3,2,1,2,3,4,3,1,3,4,2,4,3,4,1,3,1,1,2,4,2,2,4,4,3,1,4,2,3,1,4,1,2,3,3,1,4,2,1,3,2,3,1,1,2,1,1,2,1,3,3,2,4,2,2,2,3,2,3,3,2,2,2,2,4,1,1,1,1,2,1,2,1,4,2,2,2,1,1,1,2,4,1,4,2,2,3,4,1,1,1,4,4,2,2,3,3,3,3,1,2,1,2,4,4,2,2,3,2,1,1,1,1,2,3,1,2,3,4,3,4,1,1,3,1,4,4,3,2,1,4,1,2,2,1,2,1,4,1,3,1,1,4,4,1,4,4,1,1,1,3,1,2,1,1,1,1,2,1,3,2,4,4,1,2,4,2,1,1,4,2,4,4,3,3,2,1,2,3,2,1,1,1,2,3,3,4,2,1,4,2,3,2,2,4,4,1,1,2,3,1,2,3,4,2,1,2,1,2,1,4,2,2,3,3,1,4,2,1,2,3,1,1,4,1,3,3,1,2,4,1,4,1,2,1,1,1,2,2,3,3,1,1,4,2,2,4,2,1,1,2,2,1,2,4,3,2,3,3,4,4,1,4,4,3,2,4,3,1,1,3,2,4,2,2,1,1,4,4,2,1,1,3,3,3,3,1,3,2,2,2,2,1,1,3,2,4,4,1,2,3,1,3,1,1,3,1,4,1,1,2,1,3,1,2,2,4,1,1,4,1,4,4,2,1,1,2,3,1,1,1,1,2,3,4,3,2,3,3,1,2,4,2,3,1,2,2,2,4,3,2,2,2,4,1,1,1,2,4,2,1,4,2,1,1,1,2,1,2,1,2,3,3,3,2,4,3,3,1,1,4,2,3,1,4,4,4,3,2,4,3,2,1,3,4,1,2,2,1,2,3,3,1,4,3,3,2,2,1,1,2,3,3,4,4,2,1,1,3,1,1,3,2,3,4,1,3,1,4,2,4,1,1,1,1,4,1,3,1,1,3,1,4,2,2,1,2,2,4,1,2,4,3,1,3,2,1,2,2,3,3,2,1,2,4,1,4,2,1,1,4,1,1,4,4,2,4,2,4,3,2,2,4,3,2,3,1,2,4,3,4,1,3,1,2,4,4,2,2,2,1,2,2,1,4,2,1,2,1,4,2,1,2,4,1,2,1,2,1,1,4,2,1,2,1,2,4,4,3,4,1,2,1,1,2,2,2,2,2,4,4,3,3,2,4,2,3,4,3,2,2,2,3,2,1,3,2,1,1,1,3,1,3,2,3,1,4,3,4,1,1,3,1,3,2,1,3,1,1,2"
171,0.9882627241940299,0.5,2136.0,"4,2,1,1,2,2,3,1,2,1,4,4,4,1,2,2,4,1,1,2,1,2,4,1,3,1,2,2,4,1,1,2,3,3,1,2,4,1,2,4,1,2,2,2,2,2,3,2,1,2,4,4,3,2,1,4,2,2,1,4,4,4,3,1,3,3,3,2,3,2,1,2,2,3,4,2,3,3,3,1,2,1,4,1,2,3,1,2,1,2,1,2,2,2,3,4,1,1,3,1,2,2,3,2,2,4,1,4,2,1,1,1,3,3,1,2,3,4,4,1,3,2,2,3,2,2,3,2,4,1,2,2,1,1,1,2,3,4,2,2,4,3,2,3,4,4,2,1,1,1,1,1,1,3,3,4,2,2,2,1,4,1,1,3,1,3,3,1,1,4,1,2,2,2,1,3,3,1,4,1,3,2,3,2,3,2,1,2,4,1,4,2,3,3,3,3,2,3,1,4,1,4,1,3,4,4,1,3,2,2,2,1,2,1,3,2,2,1,2,1,4,4,3,2,3,1,3,2,4,3,3,2,2,1,1,3,1,3,3,2,2,1,2,3,2,2,3,2,3,3,3,4,1,1,3,1,1,1,4,2,3,4,1,1,2,1,3,2,1,3,4,2,4,1,3,2,4,1,1,4,4,1,1,4,2,2,2,4,2,4,1,1,1,4,1,4,2,1,2,3,2,2,1,2,3,2,4,1,1,1,1,1,1,1,2,3,1,4,2,2,4,2,1,3,2,1,1,3,2,2,3,3,2,3,1,4,1,4,2,1,1,2,3,1,4,2,2,3,3,2,4,2,4,2,3,1,1,2,4,3,4,3,1,2,3,3,4,4,1,3,2,1,2,3,2,3,3,2,1,3,2,4,2,3,3,2,1,1,2,1,1,4,3,3,1,2,3,1,2,2,1,1,2,2,4,1,2,3,4,3,3,2,2,1,1,4,3,2,1,4,3,1,3,3,3,2,1,2,4,3,3,1,1,2,3,1,3,3,2,4,1,2,2,1,3,3,2,1,2,4,2,4,1,3,1,1,1,4,2,1,4,3,3,2,2,1,2,1,4,4,2,2,2,1,1,1,1,4,1,3,1,2,2,3,1,3,4,1,4,1,4,1,1,1,1,2,3,1,1,2,4,2,4,4,2,1,3,1,1,3,3,1,3,1,4,2,4,3,3,1,4,2,4,4,4,2,1,3,1,3,3,3,1,1,2,4,4,1,3,3,2,2,2,3,1,4,1,3,2,1,3,3,4,2,3,3,2,1,2,2,3,4,3,2,1,2,3,1,2,1,4,2,1,4,2,1,4,3,2,1,2,3,1,3,1,2,1,1,1,1,2,1,3,1,1,4,1,3,3,2,2,4,3,4,4,2,4,4,2,1,4,4,4,3,1,2,4,3,3,2,1,3,2,1,4,4,2,2,1,1,3,4,4,2,2,1,4,1,2,3,2,1,3,4,4,3,4,4,1,1,2,3,1,1,1,1,2,2,1,3,1,3,1,4,2,1,1,4,2,4,3,2,1,4,2,3,1,3,2,2,2,1,1,2,2,4,2,2,2,2,2,1,2,3,2,3,1,1,3,4,2,2,2,4,3,3,1,2,2,3,2,3,3,1,2,2,4,4,1,4,4,1,2,4,1,3,3,3,2,3,3,1,1,2,4,3,3,4,2,4,1,2,4,1,4,3,1,1,1,4,4,1,2,2,2,2,2,1,1,1,1,1,1,4,2,2,3,4,4,1,2,3,2,4,1,2,2,3,2,1,1,2,2,1,1,2,3,1,2,1,4,4,1,2,4,2,1,1,2,1,3,3,4,2,2,1,2,4,1,2,2,1,2,1,2,3,1,3,2,3,4,2,1,3,2,3,2,1,2,2,4,4,1,1,4,3,3,2,4,2,4,1,2,3,3,1,3,2,1,3,1,1,2,2,4,2,1,1,1,3,2,4,4,4,1,3,1,4,2,1,3,2,1,1,1,1,4,3,1,1,2,2,3,4,3,2,4,2,1,1,1,1,3,1,1,2,1,1,4,2,4,2,1,3,3,1,2,1,2,1,4,4,2,4,1,4,1,2,2,1,4,1,2,3,2,4,1,2,3,2,1,4,2,2,3,2,3,1,2,1,2,3,2,2,2,3,2,4,1,4,2,3,2,2,2,3,2,4,3,1,1,2,1,1,1,2,1,2,3,2,1,1,1,1,2,1,2,3,2,4,1,1,4,4,3,2,4,3,1,3,2,1,2,3,3,3,3,4,3,1,1,1,3,1,2,1,4,4,3,2,4,3,4,4,1,2,1,2,4,4,3,2,1,3,1,4,3,3,1,3,2,2,2,1,4,1,4,1,4,1,1,4,1,1,3,2,4,2,4,2,3,2,2,3,4,4,3,2,2,4,1,2,1,3,3,1,1,4,1,1,2,3,4,4,3,1,1,2,2,4,1,1,4,2,3,4,3,4,3,2,1,3,2,2,2,1,1,3,2,2,3,2,1,2,3,4,3,1,3,4,2,4,3,4,1,3,1,1,2,4,2,2,4,4,3,1,4,2,3,1,4,1,2,3,3,1,4,2,1,3,2,3,1,1,2,1,1,2,1,3,3,2,4,2,2,2,3,2,3,3,2,2,2,2,4,1,1,1,1,2,1,2,1,4,2,2,2,1,1,1,2,4,1,4,2,2,3,4,1,1,1,4,4,2,2,3,3,3,3,1,2,1,2,4,4,2,2,3,2,1,1,1,1,2,3,1,2,3,4,3,4,1,1,3,1,4,4,3,2,1,4,1,2,2,1,2,1,4,1,3,1,1,4,4,1,4,4,1,1,1,3,1,2,1,1,1,1,2,1,3,2,4,4,1,2,4,2,1,1,4,2,4,4,3,3,2,1,2,3,2,1,1,1,2,3,3,4,2,1,4,2,3,2,2,4,4,1,1,2,3,1,2,3,4,2,1,2,1,2,1,4,2,2,3,3,1,4,2,1,2,3,1,1,4,1,3,3,1,2,4,1,4,1,2,1,1,1,2,2,3,3,1,1,4,2,2,4,2,1,1,2,2,1,2,4,3,2,3,3,4,4,1,4,4,3,2,4,3,1,1,3,2,4,2,2,1,1,4,4,2,1,1,3,3,3,3,1,3,2,2,2,2,1,1,3,2,4,4,1,2,3,1,3,1,1,3,1,4,1,1,2,1,3,1,2,2,4,1,1,4,1,4,4,2,1,1,2,3,1,1,1,1,2,3,4,3,2,3,3,1,2,4,2,3,1,2,2,2,4,3,2,2,2,4,1,1,1,2,4,2,1,4,2,1,1,1,2,1,2,1,2,3,3,3,2,4,3,3,1,1,4,2,3,1,4,4,4,3,2,4,3,2,1,3,4,1,2,2,1,2,3,3,1,4,3,3,2,2,1,1,2,3,3,4,4,2,1,1,3,1,1,3,2,3,4,1,3,1,4,2,4,1,1,1,1,4,1,3,1,1,3,1,4,2,2,1,2,2,4,1,2,4,3,1,3,2,1,2,2,3,3,2,1,2,4,1,4,2,1,1,4,1,1,4,4,2,4,2,4,3,2,2,4,3,2,3,1,2,4,3,4,1,3,1,2,4,4,2,2,2,1,2,2,1,4,2,1,2,1,4,2,1,2,4,1,2,1,2,1,1,4,2,1,2,1,2,4,4,3,4,1,2,1,1,2,2,2,2,2,4,4,3,3,2,4,2,3,4,3,2,2,2,3,2,1,3,2,1,1,1,3,1,3,2,3,1,4,3,4,1,1,3,1,3,2,1,3,1,1,2"
172,0.9882627241940299,0.5,2136.0,"4,2,1,1,2,2,3,1,2,1,4,4,4,1,2,2,4,1,1,2,1,2,4,1,3,1,2,2,4,1,1,2,3,3,1,2,4,1,2,4,1,2,2,2,2,2,3,2,1,2,4,4,3,2,1,4,2,2,1,4,4,4,3,1,3,3,3,2,3,2,1,2,2,3,4,2,3,3,3,1,2,1,4,1,2,3,1,2,1,2,1,2,2,2,3,4,1,1,3,1,2,2,3,2,2,4,1,4,2,1,1,1,3,3,1,2,3,4,4,1,3,2,2,3,2,2,3,2,4,1,2,2,1,1,1,2,3,4,2,2,4,3,2,3,4,4,2,1,1,1,1,1,1,3,3,4,2,2,2,1,4,1,1,3,1,3,3,1,1,4,1,2,2,2,1,3,3,1,4,1,3,2,3,2,3,2,1,2,4,1,4,2,3,3,3,3,2,3,1,4,1,4,1,3,4,4,1,3,2,2,2,1,2,1,3,2,2,1,2,1,4,4,3,2,3,1,3,2,4,3,3,2,2,1,1,3,1,3,3,2,2,1,2,3,2,2,3,2,3,3,3,4,1,1,3,1,1,1,4,2,3,4,1,1,2,1,3,2,1,3,4,2,4,1,3,2,4,1,1,4,4,1,1,4,2,2,2,4,2,4,1,1,1,4,1,4,2,1,2,3,2,2,1,2,3,2,4,1,1,1,1,1,1,1,2,3,1,4,2,2,4,2,1,3,2,1,1,3,2,2,3,3,2,3,1,4,1,4,2,1,1,2,3,1,4,2,2,3,3,2,4,2,4,2,3,1,1,2,4,3,4,3,1,2,3,3,4,4,1,3,2,1,2,3,2,3,3,2,1,3,2,4,2,3,3,2,1,1,2,1,1,4,3,3,1,2,3,1,2,2,1,1,2,2,4,1,2,3,4,3,3,2,2,1,1,4,3,2,1,4,3,1,3,3,3,2,1,2,4,3,3,1,1,2,3,1,3,3,2,4,1,2,2,1,3,3,2,1,2,4,2,4,1,3,1,1,1,4,2,1,4,3,3,2,2,1,2,1,4,4,2,2,2,1,1,1,1,4,1,3,1,2,2,3,1,3,4,1,4,1,4,1,1,1,1,2,3,1,1,2,4,2,4,4,2,1,3,1,1,3,3,1,3,1,4,2,4,3,3,1,4,2,4,4,4,2,1,3,1,3,3,3,1,1,2,4,4,1,3,3,2,2,2,3,1,4,1,3,2,1,3,3,4,2,3,3,2,1,2,2,3,4,3,2,1,2,3,1,2,1,4,2,1,4,2,1,4,3,2,1,2,3,1,3,1,2,1,1,1,1,2,1,3,1,1,4,1,3,3,2,2,4,3,4,4,2,4,4,2,1,4,4,4,3,1,2,4,3,3,2,1,3,2,1,4,4,2,2,1,1,3,4,4,2,2,1,4,1,2,3,2,1,3,4,4,3,4,4,1,1,2,3,1,1,1,1,2,2,1,3,1,3,1,4,2,1,1,4,2,4,3,2,1,4,2,3,1,3,2,2,2,1,1,2,2,4,2,2,2,2,2,1,2,3,2,3,1,1,3,4,2,2,2,4,3,3,1,2,2,3,2,3,3,1,2,2,4,4,1,4,4,1,2,4,1,3,3,3,2,3,3,1,1,2,4,3,3,4,2,4,1,2,4,1,4,3,1,1,1,4,4,1,2,2,2,2,2,1,1,1,1,1,1,4,2,2,3,4,4,1,2,3,2,4,1,2,2,3,2,1,1,2,2,1,1,2,3,1,2,1,4,4,1,2,4,2,1,1,2,1,3,3,4,2,2,1,2,4,1,2,2,1,2,1,2,3,1,3,2,3,4,2,1,3,2,3,2,1,2,2,4,4,1,1,4,3,3,2,4,2,4,1,2,3,3,1,3,2,1,3,1,1,2,2,4,2,1,1,1,3,2,4,4,4,1,3,1,4,2,1,3,2,1,1,1,1,4,3,1,1,2,2,3,4,3,2,4,2,1,1,1,1,3,1,1,2,1,1,4,2,4,2,1,3,3,1,2,1,2,1,4,4,2,4,1,4,1,2,2,1,4,1,2,3,2,4,1,2,3,2,1,4,2,2,3,2,3,1,2,1,2,3,2,2,2,3,2,4,1,4,2,3,2,2,2,3,2,4,3,1,1,2,1,1,1,2,1,2,3,2,1,1,1,1,2,1,2,3,2,4,1,1,4,4,3,2,4,3,1,3,2,1,2,3,3,3,3,4,3,1,1,1,3,1,2,1,4,4,3,2,4,3,4,4,1,2,1,2,4,4,3,2,1,3,1,4,3,3,1,3,2,2,2,1,4,1,4,1,4,1,1,4,1,1,3,2,4,2,4,2,3,2,2,3,4,4,3,2,2,4,1,2,1,3,3,1,1,4,1,1,2,3,4,4,3,1,1,2,2,4,1,1,4,2,3,4,3,4,3,2,1,3,2,2,2,1,1,3,2,2,3,2,1,2,3,4,3,1,3,4,2,4,3,4,1,3,1,1,2,4,2,2,4,4,3,1,4,2,3,1,4,1,2,3,3,1,4,2,1,3,2,3,1,1,2,1,1,2,1,3,3,2,4,2,2,2,3,2,3,3,2,2,2,2,4,1,1,1,1,2,1,2,1,4,2,2,2,1,1,1,2,4,1,4,2,2,3,4,1,1,1,4,4,2,2,3,3,3,3,1,2,1,2,4,4,2,2,3,2,1,1,1,1,2,3,1,2,3,4,3,4,1,1,3,1,4,4,3,2,1,4,1,2,2,1,2,1,4,1,3,1,1,4,4,1,4,4,1,1,1,3,1,2,1,1,1,1,2,1,3,2,4,4,1,2,4,2,1,1,4,2,4,4,3,3,2,1,2,3,2,1,1,1,2,3,3,4,2,1,4,2,3,2,2,4,4,1,1,2,3,1,2,3,4,2,1,2,1,2,1,4,2,2,3,3,1,4,2,1,2,3,1,1,4,1,3,3,1,2,4,1,4,1,2,1,1,1,2,2,3,3,1,1,4,2,2,4,2,1,1,2,2,1,2,4,3,2,3,3,4,4,1,4,4,3,2,4,3,1,1,3,2,4,2,2,1,1,4,4,2,1,1,3,3,3,3,1,3,2,2,2,2,1,1,3,2,4,4,1,2,3,1,3,1,1,3,1,4,1,1,2,1,3,1,2,2,4,1,1,4,1,4,4,2,1,1,2,3,1,1,1,1,2,3,4,3,2,3,3,1,2,4,2,3,1,2,2,2,4,3,2,2,2,4,1,1,1,2,4,2,1,4,2,1,1,1,2,1,2,1,2,3,3,3,2,4,3,3,1,1,4,2,3,1,4,4,4,3,2,4,3,2,1,3,4,1,2,2,1,2,3,3,1,4,3,3,2,2,1,1,2,3,3,4,4,2,1,1,3,1,1,3,2,3,4,1,3,1,4,2,4,1,1,1,1,4,1,3,1,1,3,1,4,2,2,1,2,2,4,1,2,4,3,1,3,2,1,2,2,3,3,2,1,2,4,1,4,2,1,1,4,1,1,4,4,2,4,2,4,3,2,2,4,3,2,3,1,2,4,3,4,1,3,1,2,4,4,2,2,2,1,2,2,1,4,2,1,2,1,4,2,1,2,4,1,2,1,2,1,1,4,2,1,2,1,2,4,4,3,4,1,2,1,1,2,2,2,2,2,4,4,3,3,2,4,2,3,4,3,2,2,2,3,2,1,3,2,1,1,1,3,1,3,2,3,1,4,3,4,1,1,3,1,3,2,1,3,1,1,2"
173,0.9882627241940299,0.5,2136.0,"4,2,1,1,2,2,3,1,2,1,4,4,4,1,2,2,4,1,1,2,1,2,4,1,3,1,2,2,4,1,1,2,3,3,1,2,4,1,2,4,1,2,2,2,2,2,3,2,1,2,4,4,3,2,1,4,2,2,1,4,4,4,3,1,3,3,3,2,3,2,1,2,2,3,4,2,3,3,3,1,2,1,4,1,2,3,1,2,1,2,1,2,2,2,3,4,1,1,3,1,2,2,3,2,2,4,1,4,2,1,1,1,3,3,1,2,3,4,4,1,3,2,2,3,2,2,3,2,4,1,2,2,1,1,1,2,3,4,2,2,4,3,2,3,4,4,2,1,1,1,1,1,1,3,3,4,2,2,2,1,4,1,1,3,1,3,3,1,1,4,1,2,2,2,1,3,3,1,4,1,3,2,3,2,3,2,1,2,4,1,4,2,3,3,3,3,2,3,1,4,1,4,1,3,4,4,1,3,2,2,2,1,2,1,3,2,2,1,2,1,4,4,3,2,3,1,3,2,4,3,3,2,2,1,1,3,1,3,3,2,2,1,2,3,2,2,3,2,3,3,3,4,1,1,3,1,1,1,4,2,3,4,1,1,2,1,3,2,1,3,4,2,4,1,3,2,4,1,1,4,4,1,1,4,2,2,2,4,2,4,1,1,1,4,1,4,2,1,2,3,2,2,1,2,3,2,4,1,1,1,1,1,1,1,2,3,1,4,2,2,4,2,1,3,2,1,1,3,2,2,3,3,2,3,1,4,1,4,2,1,1,2,3,1,4,2,2,3,3,2,4,2,4,2,3,1,1,2,4,3,4,3,1,2,3,3,4,4,1,3,2,1,2,3,2,3,3,2,1,3,2,4,2,3,3,2,1,1,2,1,1,4,3,3,1,2,3,1,2,2,1,1,2,2,4,1,2,3,4,3,3,2,2,1,1,4,3,2,1,4,3,1,3,3,3,2,1,2,4,3,3,1,1,2,3,1,3,3,2,4,1,2,2,1,3,3,2,1,2,4,2,4,1,3,1,1,1,4,2,1,4,3,3,2,2,1,2,1,4,4,2,2,2,1,1,1,1,4,1,3,1,2,2,3,1,3,4,1,4,1,4,1,1,1,1,2,3,1,1,2,4,2,4,4,2,1,3,1,1,3,3,1,3,1,4,2,4,3,3,1,4,2,4,4,4,2,1,3,1,3,3,3,1,1,2,4,4,1,3,3,2,2,2,3,1,4,1,3,2,1,3,3,4,2,3,3,2,1,2,2,3,4,3,2,1,2,3,1,2,1,4,2,1,4,2,1,4,3,2,1,2,3,1,3,1,2,1,1,1,1,2,1,3,1,1,4,1,3,3,2,2,4,3,4,4,2,4,4,2,1,4,4,4,3,1,2,4,3,3,2,1,3,2,1,4,4,2,2,1,1,3,4,4,2,2,1,4,1,2,3,2,1,3,4,4,3,4,4,1,1,2,3,1,1,1,1,2,2,1,3,1,3,1,4,2,1,1,4,2,4,3,2,1,4,2,3,1,3,2,2,2,1,1,2,2,4,2,2,2,2,2,1,2,3,2,3,1,1,3,4,2,2,2,4,3,3,1,2,2,3,2,3,3,1,2,2,4,4,1,4,4,1,2,4,1,3,3,3,2,3,3,1,1,2,4,3,3,4,2,4,1,2,4,1,4,3,1,1,1,4,4,1,2,2,2,2,2,1,1,1,1,1,1,4,2,2,3,4,4,1,2,3,2,4,1,2,2,3,2,1,1,2,2,1,1,2,3,1,2,1,4,4,1,2,4,2,1,1,2,1,3,3,4,2,2,1,2,4,1,2,2,1,2,1,2,3,1,3,2,3,4,2,1,3,2,3,2,1,2,2,4,4,1,1,4,3,3,2,4,2,4,1,2,3,3,1,3,2,1,3,1,1,2,2,4,2,1,1,1,3,2,4,4,4,1,3,1,4,2,1,3,2,1,1,1,1,4,3,1,1,2,2,3,4,3,2,4,2,1,1,1,1,3,1,1,2,1,1,4,2,4,2,1,3,3,1,2,1,2,1,4,4,2,4,1,4,1,2,2,1,4,1,2,3,2,4,1,2,3,2,1,4,2,2,3,2,3,1,2,1,2,3,2,2,2,3,2,4,1,4,2,3,2,2,2,3,2,4,3,1,1,2,1,1,1,2,1,2,3,2,1,1,1,1,2,1,2,3,2,4,1,1,4,4,3,2,4,3,1,3,2,1,2,3,3,3,3,4,3,1,1,1,3,1,2,1,4,4,3,2,4,3,4,4,1,2,1,2,4,4,3,2,1,3,1,4,3,3,1,3,2,2,2,1,4,1,4,1,4,1,1,4,1,1,3,2,4,2,4,2,3,2,2,3,4,4,3,2,2,4,1,2,1,3,3,1,1,4,1,1,2,3,4,4,3,1,1,2,2,4,1,1,4,2,3,4,3,4,3,2,1,3,2,2,2,1,1,3,2,2,3,2,1,2,3,4,3,1,3,4,2,4,3,4,1,3,1,1,2,4,2,2,4,4,3,1,4,2,3,1,4,1,2,3,3,1,4,2,1,3,2,3,1,1,2,1,1,2,1,3,3,2,4,2,2,2,3,2,3,3,2,2,2,2,4,1,1,1,1,2,1,2,1,4,2,2,2,1,1,1,2,4,1,4,2,2,3,4,1,1,1,4,4,2,2,3,3,3,3,1,2,1,2,4,4,2,2,3,2,1,1,1,1,2,3,1,2,3,4,3,4,1,1,3,1,4,4,3,2,1,4,1,2,2,1,2,1,4,1,3,1,1,4,4,1,4,4,1,1,1,3,1,2,1,1,1,1,2,1,3,2,4,4,1,2,4,2,1,1,4,2,4,4,3,3,2,1,2,3,2,1,1,1,2,3,3,4,2,1,4,2,3,2,2,4,4,1,1,2,3,1,2,3,4,2,1,2,1,2,1,4,2,2,3,3,1,4,2,1,2,3,1,1,4,1,3,3,1,2,4,1,4,1,2,1,1,1,2,2,3,3,1,1,4,2,2,4,2,1,1,2,2,1,2,4,3,2,3,3,4,4,1,4,4,3,2,4,3,1,1,3,2,4,2,2,1,1,4,4,2,1,1,3,3,3,3,1,3,2,2,2,2,1,1,3,2,4,4,1,2,3,1,3,1,1,3,1,4,1,1,2,1,3,1,2,2,4,1,1,4,1,4,4,2,1,1,2,3,1,1,1,1,2,3,4,3,2,3,3,1,2,4,2,3,1,2,2,2,4,3,2,2,2,4,1,1,1,2,4,2,1,4,2,1,1,1,2,1,2,1,2,3,3,3,2,4,3,3,1,1,4,2,3,1,4,4,4,3,2,4,3,2,1,3,4,1,2,2,1,2,3,3,1,4,3,3,2,2,1,1,2,3,3,4,4,2,1,1,3,1,1,3,2,3,4,1,3,1,4,2,4,1,1,1,1,4,1,3,1,1,3,1,4,2,2,1,2,2,4,1,2,4,3,1,3,2,1,2,2,3,3,2,1,2,4,1,4,2,1,1,4,1,1,4,4,2,4,2,4,3,2,2,4,3,2,3,1,2,4,3,4,1,3,1,2,4,4,2,2,2,1,2,2,1,4,2,1,2,1,4,2,1,2,4,1,2,1,2,1,1,4,2,1,2,1,2,4,4,3,4,1,2,1,1,2,2,2,2,2,4,4,3,3,2,4,2,3,4,3,2,2,2,3,2,1,3,2,1,1,1,3,1,3,2,3,1,4,3,4,1,1,3,1,3,2,1,3,1,1,2"
174,0.9882627241940299,0.5,2136.0,"4,2,1,1,2,2,3,1,2,1,4,4,4,1,2,2,4,1,1,2,1,2,4,1,3,1,2,2,4,1,1,2,3,3,1,2,4,1,2,4,1,2,2,2,2,2,3,2,1,2,4,4,3,2,1,4,2,2,1,4,4,4,3,1,3,3,3,2,3,2,1,2,2,3,4,2,3,3,3,1,2,1,4,1,2,3,1,2,1,2,1,2,2,2,3,4,1,1,3,1,2,2,3,2,2,4,1,4,2,1,1,1,3,3,1,2,3,4,4,1,3,2,2,3,2,2,3,2,4,1,2,2,1,1,1,2,3,4,2,2,4,3,2,3,4,4,2,1,1,1,1,1,1,3,3,4,2,2,2,1,4,1,1,3,1,3,3,1,1,4,1,2,2,2,1,3,3,1,4,1,3,2,3,2,3,2,1,2,4,1,4,2,3,3,3,3,2,3,1,4,1,4,1,3,4,4,1,3,2,2,2,1,2,1,3,2,2,1,2,1,4,4,3,2,3,1,3,2,4,3,3,2,2,1,1,3,1,3,3,2,2,1,2,3,2,2,3,2,3,3,3,4,1,1,3,1,1,1,4,2,3,4,1,1,2,1,3,2,1,3,4,2,4,1,3,2,4,1,1,4,4,1,1,4,2,2,2,4,2,4,1,1,1,4,1,4,2,1,2,3,2,2,1,2,3,2,4,1,1,1,1,1,1,1,2,3,1,4,2,2,4,2,1,3,2,1,1,3,2,2,3,3,2,3,1,4,1,4,2,1,1,2,3,1,4,2,2,3,3,2,4,2,4,2,3,1,1,2,4,3,4,3,1,2,3,3,4,4,1,3,2,1,2,3,2,3,3,2,1,3,2,4,2,3,3,2,1,1,2,1,1,4,3,3,1,2,3,1,2,2,1,1,2,2,4,1,2,3,4,3,3,2,2,1,1,4,3,2,1,4,3,1,3,3,3,2,1,2,4,3,3,1,1,2,3,1,3,3,2,4,1,2,2,1,3,3,2,1,2,4,2,4,1,3,1,1,1,4,2,1,4,3,3,2,2,1,2,1,4,4,2,2,2,1,1,1,1,4,1,3,1,2,2,3,1,3,4,1,4,1,4,1,1,1,1,2,3,1,1,2,4,2,4,4,2,1,3,1,1,3,3,1,3,1,4,2,4,3,3,1,4,2,4,4,4,2,1,3,1,3,3,3,1,1,2,4,4,1,3,3,2,2,2,3,1,4,1,3,2,1,3,3,4,2,3,3,2,1,2,2,3,4,3,2,1,2,3,1,2,1,4,2,1,4,2,1,4,3,2,1,2,3,1,3,1,2,1,1,1,1,2,1,3,1,1,4,1,3,3,2,2,4,3,4,4,2,4,4,2,1,4,4,4,3,1,2,4,3,3,2,1,3,2,1,4,4,2,2,1,1,3,4,4,2,2,1,4,1,2,3,2,1,3,4,4,3,4,4,1,1,2,3,1,1,1,1,2,2,1,3,1,3,1,4,2,1,1,4,2,4,3,2,1,4,2,3,1,3,2,2,2,1,1,2,2,4,2,2,2,2,2,1,2,3,2,3,1,1,3,4,2,2,2,4,3,3,1,2,2,3,2,3,3,1,2,2,4,4,1,4,4,1,2,4,1,3,3,3,2,3,3,1,1,2,4,3,3,4,2,4,1,2,4,1,4,3,1,1,1,4,4,1,2,2,2,2,2,1,1,1,1,1,1,4,2,2,3,4,4,1,2,3,2,4,1,2,2,3,2,1,1,2,2,1,1,2,3,1,2,1,4,4,1,2,4,2,1,1,2,1,3,3,4,2,2,1,2,4,1,2,2,1,2,1,2,3,1,3,2,3,4,2,1,3,2,3,2,1,2,2,4,4,1,1,4,3,3,2,4,2,4,1,2,3,3,1,3,2,1,3,1,1,2,2,4,2,1,1,1,3,2,4,4,4,1,3,1,4,2,1,3,2,1,1,1,1,4,3,1,1,2,2,3,4,3,2,4,2,1,1,1,1,3,1,1,2,1,1,4,2,4,2,1,3,3,1,2,1,2,1,4,4,2,4,1,4,1,2,2,1,4,1,2,3,2,4,1,2,3,2,1,4,2,2,3,2,3,1,2,1,2,3,2,2,2,3,2,4,1,4,2,3,2,2,2,3,2,4,3,1,1,2,1,1,1,2,1,2,3,2,1,1,1,1,2,1,2,3,2,4,1,1,4,4,3,2,4,3,1,3,2,1,2,3,3,3,3,4,3,1,1,1,3,1,2,1,4,4,3,2,4,3,4,4,1,2,1,2,4,4,3,2,1,3,1,4,3,3,1,3,2,2,2,1,4,1,4,1,4,1,1,4,1,1,3,2,4,2,4,2,3,2,2,3,4,4,3,2,2,4,1,2,1,3,3,1,1,4,1,1,2,3,4,4,3,1,1,2,2,4,1,1,4,2,3,4,3,4,3,2,1,3,2,2,2,1,1,3,2,2,3,2,1,2,3,4,3,1,3,4,2,4,3,4,1,3,1,1,2,4,2,2,4,4,3,1,4,2,3,1,4,1,2,3,3,1,4,2,1,3,2,3,1,1,2,1,1,2,1,3,3,2,4,2,2,2,3,2,3,3,2,2,2,2,4,1,1,1,1,2,1,2,1,4,2,2,2,1,1,1,2,4,1,4,2,2,3,4,1,1,1,4,4,2,2,3,3,3,3,1,2,1,2,4,4,2,2,3,2,1,1,1,1,2,3,1,2,3,4,3,4,1,1,3,1,4,4,3,2,1,4,1,2,2,1,2,1,4,1,3,1,1,4,4,1,4,4,1,1,1,3,1,2,1,1,1,1,2,1,3,2,4,4,1,2,4,2,1,1,4,2,4,4,3,3,2,1,2,3,2,1,1,1,2,3,3,4,2,1,4,2,3,2,2,4,4,1,1,2,3,1,2,3,4,2,1,2,1,2,1,4,2,2,3,3,1,4,2,1,2,3,1,1,4,1,3,3,1,2,4,1,4,1,2,1,1,1,2,2,3,3,1,1,4,2,2,4,2,1,1,2,2,1,2,4,3,2,3,3,4,4,1,4,4,3,2,4,3,1,1,3,2,4,2,2,1,1,4,4,2,1,1,3,3,3,3,1,3,2,2,2,2,1,1,3,2,4,4,1,2,3,1,3,1,1,3,1,4,1,1,2,1,3,1,2,2,4,1,1,4,1,4,4,2,1,1,2,3,1,1,1,1,2,3,4,3,2,3,3,1,2,4,2,3,1,2,2,2,4,3,2,2,2,4,1,1,1,2,4,2,1,4,2,1,1,1,2,1,2,1,2,3,3,3,2,4,3,3,1,1,4,2,3,1,4,4,4,3,2,4,3,2,1,3,4,1,2,2,1,2,3,3,1,4,3,3,2,2,1,1,2,3,3,4,4,2,1,1,3,1,1,3,2,3,4,1,3,1,4,2,4,1,1,1,1,4,1,3,1,1,3,1,4,2,2,1,2,2,4,1,2,4,3,1,3,2,1,2,2,3,3,2,1,2,4,1,4,2,1,1,4,1,1,4,4,2,4,2,4,3,2,2,4,3,2,3,1,2,4,3,4,1,3,1,2,4,4,2,2,2,1,2,2,1,4,2,1,2,1,4,2,1,2,4,1,2,1,2,1,1,4,2,1,2,1,2,4,4,3,4,1,2,1,1,2,2,2,2,2,4,4,3,3,2,4,2,3,4,3,2,2,2,3,2,1,3,2,1,1,1,3,1,3,2,3,1,4,3,4,1,1,3,1,3,2,1,3,1,1,2"
175,0.9882627241940299,0.5,2136.0,"4,2,1,1,2,2,3,1,2,1,4,4,4,1,2,2,4,1,1,2,1,2,4,1,3,1,2,2,4,1,1,2,3,3,1,2,4,1,2,4,1,2,2,2,2,2,3,2,1,2,4,4,3,2,1,4,2,2,1,4,4,4,3,1,3,3,3,2,3,2,1,2,2,3,4,2,3,3,3,1,2,1,4,1,2,3,1,2,1,2,1,2,2,2,3,4,1,1,3,1,2,2,3,2,2,4,1,4,2,1,1,1,3,3,1,2,3,4,4,1,3,2,2,3,2,2,3,2,4,1,2,2,1,1,1,2,3,4,2,2,4,3,2,3,4,4,2,1,1,1,1,1,1,3,3,4,2,2,2,1,4,1,1,3,1,3,3,1,1,4,1,2,2,2,1,3,3,1,4,1,3,2,3,2,3,2,1,2,4,1,4,2,3,3,3,3,2,3,1,4,1,4,1,3,4,4,1,3,2,2,2,1,2,1,3,2,2,1,2,1,4,4,3,2,3,1,3,2,4,3,3,2,2,1,1,3,1,3,3,2,2,1,2,3,2,2,3,2,3,3,3,4,1,1,3,1,1,1,4,2,3,4,1,1,2,1,3,2,1,3,4,2,4,1,3,2,4,1,1,4,4,1,1,4,2,2,2,4,2,4,1,1,1,4,1,4,2,1,2,3,2,2,1,2,3,2,4,1,1,1,1,1,1,1,2,3,1,4,2,2,4,2,1,3,2,1,1,3,2,2,3,3,2,3,1,4,1,4,2,1,1,2,3,1,4,2,2,3,3,2,4,2,4,2,3,1,1,2,4,3,4,3,1,2,3,3,4,4,1,3,2,1,2,3,2,3,3,2,1,3,2,4,2,3,3,2,1,1,2,1,1,4,3,3,1,2,3,1,2,2,1,1,2,2,4,1,2,3,4,3,3,2,2,1,1,4,3,2,1,4,3,1,3,3,3,2,1,2,4,3,3,1,1,2,3,1,3,3,2,4,1,2,2,1,3,3,2,1,2,4,2,4,1,3,1,1,1,4,2,1,4,3,3,2,2,1,2,1,4,4,2,2,2,1,1,1,1,4,1,3,1,2,2,3,1,3,4,1,4,1,4,1,1,1,1,2,3,1,1,2,4,2,4,4,2,1,3,1,1,3,3,1,3,1,4,2,4,3,3,1,4,2,4,4,4,2,1,3,1,3,3,3,1,1,2,4,4,1,3,3,2,2,2,3,1,4,1,3,2,1,3,3,4,2,3,3,2,1,2,2,3,4,3,2,1,2,3,1,2,1,4,2,1,4,2,1,4,3,2,1,2,3,1,3,1,2,1,1,1,1,2,1,3,1,1,4,1,3,3,2,2,4,3,4,4,2,4,4,2,1,4,4,4,3,1,2,4,3,3,2,1,3,2,1,4,4,2,2,1,1,3,4,4,2,2,1,4,1,2,3,2,1,3,4,4,3,4,4,1,1,2,3,1,1,1,1,2,2,1,3,1,3,1,4,2,1,1,4,2,4,3,2,1,4,2,3,1,3,2,2,2,1,1,2,2,4,2,2,2,2,2,1,2,3,2,3,1,1,3,4,2,2,2,4,3,3,1,2,2,3,2,3,3,1,2,2,4,4,1,4,4,1,2,4,1,3,3,3,2,3,3,1,1,2,4,3,3,4,2,4,1,2,4,1,4,3,1,1,1,4,4,1,2,2,2,2,2,1,1,1,1,1,1,4,2,2,3,4,4,1,2,3,2,4,1,2,2,3,2,1,1,2,2,1,1,2,3,1,2,1,4,4,1,2,4,2,1,1,2,1,3,3,4,2,2,1,2,4,1,2,2,1,2,1,2,3,1,3,2,3,4,2,1,3,2,3,2,1,2,2,4,4,1,1,4,3,3,2,4,2,4,1,2,3,3,1,3,2,1,3,1,1,2,2,4,2,1,1,1,3,2,4,4,4,1,3,1,4,2,1,3,2,1,1,1,1,4,3,1,1,2,2,3,4,3,2,4,2,1,1,1,1,3,1,1,2,1,1,4,2,4,2,1,3,3,1,2,1,2,1,4,4,2,4,1,4,1,2,2,1,4,1,2,3,2,4,1,2,3,2,1,4,2,2,3,2,3,1,2,1,2,3,2,2,2,3,2,4,1,4,2,3,2,2,2,3,2,4,3,1,1,2,1,1,1,2,1,2,3,2,1,1,1,1,2,1,2,3,2,4,1,1,4,4,3,2,4,3,1,3,2,1,2,3,3,3,3,4,3,1,1,1,3,1,2,1,4,4,3,2,4,3,4,4,1,2,1,2,4,4,3,2,1,3,1,4,3,3,1,3,2,2,2,1,4,1,4,1,4,1,1,4,1,1,3,2,4,2,4,2,3,2,2,3,4,4,3,2,2,4,1,2,1,3,3,1,1,4,1,1,2,3,4,4,3,1,1,2,2,4,1,1,4,2,3,4,3,4,3,2,1,3,2,2,2,1,1,3,2,2,3,2,1,2,3,4,3,1,3,4,2,4,3,4,1,3,1,1,2,4,2,2,4,4,3,1,4,2,3,1,4,1,2,3,3,1,4,2,1,3,2,3,1,1,2,1,1,2,1,3,3,2,4,2,2,2,3,2,3,3,2,2,2,2,4,1,1,1,1,2,1,2,1,4,2,2,2,1,1,1,2,4,1,4,2,2,3,4,1,1,1,4,4,2,2,3,3,3,3,1,2,1,2,4,4,2,2,3,2,1,1,1,1,2,3,1,2,3,4,3,4,1,1,3,1,4,4,3,2,1,4,1,2,2,1,2,1,4,1,3,1,1,4,4,1,4,4,1,1,1,3,1,2,1,1,1,1,2,1,3,2,4,4,1,2,4,2,1,1,4,2,4,4,3,3,2,1,2,3,2,1,1,1,2,3,3,4,2,1,4,2,3,2,2,4,4,1,1,2,3,1,2,3,4,2,1,2,1,2,1,4,2,2,3,3,1,4,2,1,2,3,1,1,4,1,3,3,1,2,4,1,4,1,2,1,1,1,2,2,3,3,1,1,4,2,2,4,2,1,1,2,2,1,2,4,3,2,3,3,4,4,1,4,4,3,2,4,3,1,1,3,2,4,2,2,1,1,4,4,2,1,1,3,3,3,3,1,3,2,2,2,2,1,1,3,2,4,4,1,2,3,1,3,1,1,3,1,4,1,1,2,1,3,1,2,2,4,1,1,4,1,4,4,2,1,1,2,3,1,1,1,1,2,3,4,3,2,3,3,1,2,4,2,3,1,2,2,2,4,3,2,2,2,4,1,1,1,2,4,2,1,4,2,1,1,1,2,1,2,1,2,3,3,3,2,4,3,3,1,1,4,2,3,1,4,4,4,3,2,4,3,2,1,3,4,1,2,2,1,2,3,3,1,4,3,3,2,2,1,1,2,3,3,4,4,2,1,1,3,1,1,3,2,3,4,1,3,1,4,2,4,1,1,1,1,4,1,3,1,1,3,1,4,2,2,1,2,2,4,1,2,4,3,1,3,2,1,2,2,3,3,2,1,2,4,1,4,2,1,1,4,1,1,4,4,2,4,2,4,3,2,2,4,3,2,3,1,2,4,3,4,1,3,1,2,4,4,2,2,2,1,2,2,1,4,2,1,2,1,4,2,1,2,4,1,2,1,2,1,1,4,2,1,2,1,2,4,4,3,4,1,2,1,1,2,2,2,2,2,4,4,3,3,2,4,2,3,4,3,2,2,2,3,2,1,3,2,1,1,1,3,1,3,2,3,1,4,3,4,1,1,3,1,3,2,1,3,1,1,2"
176,0.9882627241940299,0.5,2136.0,"4,2,1,1,2,2,3,1,2,1,4,4,4,1,2,2,4,1,1,2,1,2,4,1,3,1,2,2,4,1,1,2,3,3,1,2,4,1,2,4,1,2,2,2,2,2,3,2,1,2,4,4,3,2,1,4,2,2,1,4,4,4,3,1,3,3,3,2,3,2,1,2,2,3,4,2,3,3,3,1,2,1,4,1,2,3,1,2,1,2,1,2,2,2,3,4,1,1,3,1,2,2,3,2,2,4,1,4,2,1,1,1,3,3,1,2,3,4,4,1,3,2,2,3,2,2,3,2,4,1,2,2,1,1,1,2,3,4,2,2,4,3,2,3,4,4,2,1,1,1,1,1,1,3,3,4,2,2,2,1,4,1,1,3,1,3,3,1,1,4,1,2,2,2,1,3,3,1,4,1,3,2,3,2,3,2,1,2,4,1,4,2,3,3,3,3,2,3,1,4,1,4,1,3,4,4,1,3,2,2,2,1,2,1,3,2,2,1,2,1,4,4,3,2,3,1,3,2,4,3,3,2,2,1,1,3,1,3,3,2,2,1,2,3,2,2,3,2,3,3,3,4,1,1,3,1,1,1,4,2,3,4,1,1,2,1,3,2,1,3,4,2,4,1,3,2,4,1,1,4,4,1,1,4,2,2,2,4,2,4,1,1,1,4,1,4,2,1,2,3,2,2,1,2,3,2,4,1,1,1,1,1,1,1,2,3,1,4,2,2,4,2,1,3,2,1,1,3,2,2,3,3,2,3,1,4,1,4,2,1,1,2,3,1,4,2,2,3,3,2,4,2,4,2,3,1,1,2,4,3,4,3,1,2,3,3,4,4,1,3,2,1,2,3,2,3,3,2,1,3,2,4,2,3,3,2,1,1,2,1,1,4,3,3,1,2,3,1,2,2,1,1,2,2,4,1,2,3,4,3,3,2,2,1,1,4,3,2,1,4,3,1,3,3,3,2,1,2,4,3,3,1,1,2,3,1,3,3,2,4,1,2,2,1,3,3,2,1,2,4,2,4,1,3,1,1,1,4,2,1,4,3,3,2,2,1,2,1,4,4,2,2,2,1,1,1,1,4,1,3,1,2,2,3,1,3,4,1,4,1,4,1,1,1,1,2,3,1,1,2,4,2,4,4,2,1,3,1,1,3,3,1,3,1,4,2,4,3,3,1,4,2,4,4,4,2,1,3,1,3,3,3,1,1,2,4,4,1,3,3,2,2,2,3,1,4,1,3,2,1,3,3,4,2,3,3,2,1,2,2,3,4,3,2,1,2,3,1,2,1,4,2,1,4,2,1,4,3,2,1,2,3,1,3,1,2,1,1,1,1,2,1,3,1,1,4,1,3,3,2,2,4,3,4,4,2,4,4,2,1,4,4,4,3,1,2,4,3,3,2,1,3,2,1,4,4,2,2,1,1,3,4,4,2,2,1,4,1,2,3,2,1,3,4,4,3,4,4,1,1,2,3,1,1,1,1,2,2,1,3,1,3,1,4,2,1,1,4,2,4,3,2,1,4,2,3,1,3,2,2,2,1,1,2,2,4,2,2,2,2,2,1,2,3,2,3,1,1,3,4,2,2,2,4,3,3,1,2,2,3,2,3,3,1,2,2,4,4,1,4,4,1,2,4,1,3,3,3,2,3,3,1,1,2,4,3,3,4,2,4,1,2,4,1,4,3,1,1,1,4,4,1,2,2,2,2,2,1,1,1,1,1,1,4,2,2,3,4,4,1,2,3,2,4,1,2,2,3,2,1,1,2,2,1,1,2,3,1,2,1,4,4,1,2,4,2,1,1,2,1,3,3,4,2,2,1,2,4,1,2,2,1,2,1,2,3,1,3,2,3,4,2,1,3,2,3,2,1,2,2,4,4,1,1,4,3,3,2,4,2,4,1,2,3,3,1,3,2,1,3,1,1,2,2,4,2,1,1,1,3,2,4,4,4,1,3,1,4,2,1,3,2,1,1,1,1,4,3,1,1,2,2,3,4,3,2,4,2,1,1,1,1,3,1,1,2,1,1,4,2,4,2,1,3,3,1,2,1,2,1,4,4,2,4,1,4,1,2,2,1,4,1,2,3,2,4,1,2,3,2,1,4,2,2,3,2,3,1,2,1,2,3,2,2,2,3,2,4,1,4,2,3,2,2,2,3,2,4,3,1,1,2,1,1,1,2,1,2,3,2,1,1,1,1,2,1,2,3,2,4,1,1,4,4,3,2,4,3,1,3,2,1,2,3,3,3,3,4,3,1,1,1,3,1,2,1,4,4,3,2,4,3,4,4,1,2,1,2,4,4,3,2,1,3,1,4,3,3,1,3,2,2,2,1,4,1,4,1,4,1,1,4,1,1,3,2,4,2,4,2,3,2,2,3,4,4,3,2,2,4,1,2,1,3,3,1,1,4,1,1,2,3,4,4,3,1,1,2,2,4,1,1,4,2,3,4,3,4,3,2,1,3,2,2,2,1,1,3,2,2,3,2,1,2,3,4,3,1,3,4,2,4,3,4,1,3,1,1,2,4,2,2,4,4,3,1,4,2,3,1,4,1,2,3,3,1,4,2,1,3,2,3,1,1,2,1,1,2,1,3,3,2,4,2,2,2,3,2,3,3,2,2,2,2,4,1,1,1,1,2,1,2,1,4,2,2,2,1,1,1,2,4,1,4,2,2,3,4,1,1,1,4,4,2,2,3,3,3,3,1,2,1,2,4,4,2,2,3,2,1,1,1,1,2,3,1,2,3,4,3,4,1,1,3,1,4,4,3,2,1,4,1,2,2,1,2,1,4,1,3,1,1,4,4,1,4,4,1,1,1,3,1,2,1,1,1,1,2,1,3,2,4,4,1,2,4,2,1,1,4,2,4,4,3,3,2,1,2,3,2,1,1,1,2,3,3,4,2,1,4,2,3,2,2,4,4,1,1,2,3,1,2,3,4,2,1,2,1,2,1,4,2,2,3,3,1,4,2,1,2,3,1,1,4,1,3,3,1,2,4,1,4,1,2,1,1,1,2,2,3,3,1,1,4,2,2,4,2,1,1,2,2,1,2,4,3,2,3,3,4,4,1,4,4,3,2,4,3,1,1,3,2,4,2,2,1,1,4,4,2,1,1,3,3,3,3,1,3,2,2,2,2,1,1,3,2,4,4,1,2,3,1,3,1,1,3,1,4,1,1,2,1,3,1,2,2,4,1,1,4,1,4,4,2,1,1,2,3,1,1,1,1,2,3,4,3,2,3,3,1,2,4,2,3,1,2,2,2,4,3,2,2,2,4,1,1,1,2,4,2,1,4,2,1,1,1,2,1,2,1,2,3,3,3,2,4,3,3,1,1,4,2,3,1,4,4,4,3,2,4,3,2,1,3,4,1,2,2,1,2,3,3,1,4,3,3,2,2,1,1,2,3,3,4,4,2,1,1,3,1,1,3,2,3,4,1,3,1,4,2,4,1,1,1,1,4,1,3,1,1,3,1,4,2,2,1,2,2,4,1,2,4,3,1,3,2,1,2,2,3,3,2,1,2,4,1,4,2,1,1,4,1,1,4,4,2,4,2,4,3,2,2,4,3,2,3,1,2,4,3,4,1,3,1,2,4,4,2,2,2,1,2,2,1,4,2,1,2,1,4,2,1,2,4,1,2,1,2,1,1,4,2,1,2,1,2,4,4,3,4,1,2,1,1,2,2,2,2,2,4,4,3,3,2,4,2,3,4,3,2,2,2,3,2,1,3,2,1,1,1,3,1,3,2,3,1,4,3,4,1,1,3,1,3,2,1,3,1,1,2"
177,0.9882627241940299,0.5,2136.0,"4,2,1,1,2,2,3,1,2,1,4,4,4,1,2,2,4,1,1,2,1,2,4,1,3,1,2,2,4,1,1,2,3,3,1,2,4,1,2,4,1,2,2,2,2,2,3,2,1,2,4,4,3,2,1,4,2,2,1,4,4,4,3,1,3,3,3,2,3,2,1,2,2,3,4,2,3,3,3,1,2,1,4,1,2,3,1,2,1,2,1,2,2,2,3,4,1,1,3,1,2,2,3,2,2,4,1,4,2,1,1,1,3,3,1,2,3,4,4,1,3,2,2,3,2,2,3,2,4,1,2,2,1,1,1,2,3,4,2,2,4,3,2,3,4,4,2,1,1,1,1,1,1,3,3,4,2,2,2,1,4,1,1,3,1,3,3,1,1,4,1,2,2,2,1,3,3,1,4,1,3,2,3,2,3,2,1,2,4,1,4,2,3,3,3,3,2,3,1,4,1,4,1,3,4,4,1,3,2,2,2,1,2,1,3,2,2,1,2,1,4,4,3,2,3,1,3,2,4,3,3,2,2,1,1,3,1,3,3,2,2,1,2,3,2,2,3,2,3,3,3,4,1,1,3,1,1,1,4,2,3,4,1,1,2,1,3,2,1,3,4,2,4,1,3,2,4,1,1,4,4,1,1,4,2,2,2,4,2,4,1,1,1,4,1,4,2,1,2,3,2,2,1,2,3,2,4,1,1,1,1,1,1,1,2,3,1,4,2,2,4,2,1,3,2,1,1,3,2,2,3,3,2,3,1,4,1,4,2,1,1,2,3,1,4,2,2,3,3,2,4,2,4,2,3,1,1,2,4,3,4,3,1,2,3,3,4,4,1,3,2,1,2,3,2,3,3,2,1,3,2,4,2,3,3,2,1,1,2,1,1,4,3,3,1,2,3,1,2,2,1,1,2,2,4,1,2,3,4,3,3,2,2,1,1,4,3,2,1,4,3,1,3,3,3,2,1,2,4,3,3,1,1,2,3,1,3,3,2,4,1,2,2,1,3,3,2,1,2,4,2,4,1,3,1,1,1,4,2,1,4,3,3,2,2,1,2,1,4,4,2,2,2,1,1,1,1,4,1,3,1,2,2,3,1,3,4,1,4,1,4,1,1,1,1,2,3,1,1,2,4,2,4,4,2,1,3,1,1,3,3,1,3,1,4,2,4,3,3,1,4,2,4,4,4,2,1,3,1,3,3,3,1,1,2,4,4,1,3,3,2,2,2,3,1,4,1,3,2,1,3,3,4,2,3,3,2,1,2,2,3,4,3,2,1,2,3,1,2,1,4,2,1,4,2,1,4,3,2,1,2,3,1,3,1,2,1,1,1,1,2,1,3,1,1,4,1,3,3,2,2,4,3,4,4,2,4,4,2,1,4,4,4,3,1,2,4,3,3,2,1,3,2,1,4,4,2,2,1,1,3,4,4,2,2,1,4,1,2,3,2,1,3,4,4,3,4,4,1,1,2,3,1,1,1,1,2,2,1,3,1,3,1,4,2,1,1,4,2,4,3,2,1,4,2,3,1,3,2,2,2,1,1,2,2,4,2,2,2,2,2,1,2,3,2,3,1,1,3,4,2,2,2,4,3,3,1,2,2,3,2,3,3,1,2,2,4,4,1,4,4,1,2,4,1,3,3,3,2,3,3,1,1,2,4,3,3,4,2,4,1,2,4,1,4,3,1,1,1,4,4,1,2,2,2,2,2,1,1,1,1,1,1,4,2,2,3,4,4,1,2,3,2,4,1,2,2,3,2,1,1,2,2,1,1,2,3,1,2,1,4,4,1,2,4,2,1,1,2,1,3,3,4,2,2,1,2,4,1,2,2,1,2,1,2,3,1,3,2,3,4,2,1,3,2,3,2,1,2,2,4,4,1,1,4,3,3,2,4,2,4,1,2,3,3,1,3,2,1,3,1,1,2,2,4,2,1,1,1,3,2,4,4,4,1,3,1,4,2,1,3,2,1,1,1,1,4,3,1,1,2,2,3,4,3,2,4,2,1,1,1,1,3,1,1,2,1,1,4,2,4,2,1,3,3,1,2,1,2,1,4,4,2,4,1,4,1,2,2,1,4,1,2,3,2,4,1,2,3,2,1,4,2,2,3,2,3,1,2,1,2,3,2,2,2,3,2,4,1,4,2,3,2,2,2,3,2,4,3,1,1,2,1,1,1,2,1,2,3,2,1,1,1,1,2,1,2,3,2,4,1,1,4,4,3,2,4,3,1,3,2,1,2,3,3,3,3,4,3,1,1,1,3,1,2,1,4,4,3,2,4,3,4,4,1,2,1,2,4,4,3,2,1,3,1,4,3,3,1,3,2,2,2,1,4,1,4,1,4,1,1,4,1,1,3,2,4,2,4,2,3,2,2,3,4,4,3,2,2,4,1,2,1,3,3,1,1,4,1,1,2,3,4,4,3,1,1,2,2,4,1,1,4,2,3,4,3,4,3,2,1,3,2,2,2,1,1,3,2,2,3,2,1,2,3,4,3,1,3,4,2,4,3,4,1,3,1,1,2,4,2,2,4,4,3,1,4,2,3,1,4,1,2,3,3,1,4,2,1,3,2,3,1,1,2,1,1,2,1,3,3,2,4,2,2,2,3,2,3,3,2,2,2,2,4,1,1,1,1,2,1,2,1,4,2,2,2,1,1,1,2,4,1,4,2,2,3,4,1,1,1,4,4,2,2,3,3,3,3,1,2,1,2,4,4,2,2,3,2,1,1,1,1,2,3,1,2,3,4,3,4,1,1,3,1,4,4,3,2,1,4,1,2,2,1,2,1,4,1,3,1,1,4,4,1,4,4,1,1,1,3,1,2,1,1,1,1,2,1,3,2,4,4,1,2,4,2,1,1,4,2,4,4,3,3,2,1,2,3,2,1,1,1,2,3,3,4,2,1,4,2,3,2,2,4,4,1,1,2,3,1,2,3,4,2,1,2,1,2,1,4,2,2,3,3,1,4,2,1,2,3,1,1,4,1,3,3,1,2,4,1,4,1,2,1,1,1,2,2,3,3,1,1,4,2,2,4,2,1,1,2,2,1,2,4,3,2,3,3,4,4,1,4,4,3,2,4,3,1,1,3,2,4,2,2,1,1,4,4,2,1,1,3,3,3,3,1,3,2,2,2,2,1,1,3,2,4,4,1,2,3,1,3,1,1,3,1,4,1,1,2,1,3,1,2,2,4,1,1,4,1,4,4,2,1,1,2,3,1,1,1,1,2,3,4,3,2,3,3,1,2,4,2,3,1,2,2,2,4,3,2,2,2,4,1,1,1,2,4,2,1,4,2,1,1,1,2,1,2,1,2,3,3,3,2,4,3,3,1,1,4,2,3,1,4,4,4,3,2,4,3,2,1,3,4,1,2,2,1,2,3,3,1,4,3,3,2,2,1,1,2,3,3,4,4,2,1,1,3,1,1,3,2,3,4,1,3,1,4,2,4,1,1,1,1,4,1,3,1,1,3,1,4,2,2,1,2,2,4,1,2,4,3,1,3,2,1,2,2,3,3,2,1,2,4,1,4,2,1,1,4,1,1,4,4,2,4,2,4,3,2,2,4,3,2,3,1,2,4,3,4,1,3,1,2,4,4,2,2,2,1,2,2,1,4,2,1,2,1,4,2,1,2,4,1,2,1,2,1,1,4,2,1,2,1,2,4,4,3,4,1,2,1,1,2,2,2,2,2,4,4,3,3,2,4,2,3,4,3,2,2,2,3,2,1,3,2,1,1,1,3,1,3,2,3,1,4,3,4,1,1,3,1,3,2,1,3,1,1,2"
178,0.9882627241940299,0.5,2136.0,"4,2,1,1,2,2,3,1,2,1,4,4,4,1,2,2,4,1,1,2,1,2,4,1,3,1,2,2,4,1,1,2,3,3,1,2,4,1,2,4,1,2,2,2,2,2,3,2,1,2,4,4,3,2,1,4,2,2,1,4,4,4,3,1,3,3,3,2,3,2,1,2,2,3,4,2,3,3,3,1,2,1,4,1,2,3,1,2,1,2,1,2,2,2,3,4,1,1,3,1,2,2,3,2,2,4,1,4,2,1,1,1,3,3,1,2,3,4,4,1,3,2,2,3,2,2,3,2,4,1,2,2,1,1,1,2,3,4,2,2,4,3,2,3,4,4,2,1,1,1,1,1,1,3,3,4,2,2,2,1,4,1,1,3,1,3,3,1,1,4,1,2,2,2,1,3,3,1,4,1,3,2,3,2,3,2,1,2,4,1,4,2,3,3,3,3,2,3,1,4,1,4,1,3,4,4,1,3,2,2,2,1,2,1,3,2,2,1,2,1,4,4,3,2,3,1,3,2,4,3,3,2,2,1,1,3,1,3,3,2,2,1,2,3,2,2,3,2,3,3,3,4,1,1,3,1,1,1,4,2,3,4,1,1,2,1,3,2,1,3,4,2,4,1,3,2,4,1,1,4,4,1,1,4,2,2,2,4,2,4,1,1,1,4,1,4,2,1,2,3,2,2,1,2,3,2,4,1,1,1,1,1,1,1,2,3,1,4,2,2,4,2,1,3,2,1,1,3,2,2,3,3,2,3,1,4,1,4,2,1,1,2,3,1,4,2,2,3,3,2,4,2,4,2,3,1,1,2,4,3,4,3,1,2,3,3,4,4,1,3,2,1,2,3,2,3,3,2,1,3,2,4,2,3,3,2,1,1,2,1,1,4,3,3,1,2,3,1,2,2,1,1,2,2,4,1,2,3,4,3,3,2,2,1,1,4,3,2,1,4,3,1,3,3,3,2,1,2,4,3,3,1,1,2,3,1,3,3,2,4,1,2,2,1,3,3,2,1,2,4,2,4,1,3,1,1,1,4,2,1,4,3,3,2,2,1,2,1,4,4,2,2,2,1,1,1,1,4,1,3,1,2,2,3,1,3,4,1,4,1,4,1,1,1,1,2,3,1,1,2,4,2,4,4,2,1,3,1,1,3,3,1,3,1,4,2,4,3,3,1,4,2,4,4,4,2,1,3,1,3,3,3,1,1,2,4,4,1,3,3,2,2,2,3,1,4,1,3,2,1,3,3,4,2,3,3,2,1,2,2,3,4,3,2,1,2,3,1,2,1,4,2,1,4,2,1,4,3,2,1,2,3,1,3,1,2,1,1,1,1,2,1,3,1,1,4,1,3,3,2,2,4,3,4,4,2,4,4,2,1,4,4,4,3,1,2,4,3,3,2,1,3,2,1,4,4,2,2,1,1,3,4,4,2,2,1,4,1,2,3,2,1,3,4,4,3,4,4,1,1,2,3,1,1,1,1,2,2,1,3,1,3,1,4,2,1,1,4,2,4,3,2,1,4,2,3,1,3,2,2,2,1,1,2,2,4,2,2,2,2,2,1,2,3,2,3,1,1,3,4,2,2,2,4,3,3,1,2,2,3,2,3,3,1,2,2,4,4,1,4,4,1,2,4,1,3,3,3,2,3,3,1,1,2,4,3,3,4,2,4,1,2,4,1,4,3,1,1,1,4,4,1,2,2,2,2,2,1,1,1,1,1,1,4,2,2,3,4,4,1,2,3,2,4,1,2,2,3,2,1,1,2,2,1,1,2,3,1,2,1,4,4,1,2,4,2,1,1,2,1,3,3,4,2,2,1,2,4,1,2,2,1,2,1,2,3,1,3,2,3,4,2,1,3,2,3,2,1,2,2,4,4,1,1,4,3,3,2,4,2,4,1,2,3,3,1,3,2,1,3,1,1,2,2,4,2,1,1,1,3,2,4,4,4,1,3,1,4,2,1,3,2,1,1,1,1,4,3,1,1,2,2,3,4,3,2,4,2,1,1,1,1,3,1,1,2,1,1,4,2,4,2,1,3,3,1,2,1,2,1,4,4,2,4,1,4,1,2,2,1,4,1,2,3,2,4,1,2,3,2,1,4,2,2,3,2,3,1,2,1,2,3,2,2,2,3,2,4,1,4,2,3,2,2,2,3,2,4,3,1,1,2,1,1,1,2,1,2,3,2,1,1,1,1,2,1,2,3,2,4,1,1,4,4,3,2,4,3,1,3,2,1,2,3,3,3,3,4,3,1,1,1,3,1,2,1,4,4,3,2,4,3,4,4,1,2,1,2,4,4,3,2,1,3,1,4,3,3,1,3,2,2,2,1,4,1,4,1,4,1,1,4,1,1,3,2,4,2,4,2,3,2,2,3,4,4,3,2,2,4,1,2,1,3,3,1,1,4,1,1,2,3,4,4,3,1,1,2,2,4,1,1,4,2,3,4,3,4,3,2,1,3,2,2,2,1,1,3,2,2,3,2,1,2,3,4,3,1,3,4,2,4,3,4,1,3,1,1,2,4,2,2,4,4,3,1,4,2,3,1,4,1,2,3,3,1,4,2,1,3,2,3,1,1,2,1,1,2,1,3,3,2,4,2,2,2,3,2,3,3,2,2,2,2,4,1,1,1,1,2,1,2,1,4,2,2,2,1,1,1,2,4,1,4,2,2,3,4,1,1,1,4,4,2,2,3,3,3,3,1,2,1,2,4,4,2,2,3,2,1,1,1,1,2,3,1,2,3,4,3,4,1,1,3,1,4,4,3,2,1,4,1,2,2,1,2,1,4,1,3,1,1,4,4,1,4,4,1,1,1,3,1,2,1,1,1,1,2,1,3,2,4,4,1,2,4,2,1,1,4,2,4,4,3,3,2,1,2,3,2,1,1,1,2,3,3,4,2,1,4,2,3,2,2,4,4,1,1,2,3,1,2,3,4,2,1,2,1,2,1,4,2,2,3,3,1,4,2,1,2,3,1,1,4,1,3,3,1,2,4,1,4,1,2,1,1,1,2,2,3,3,1,1,4,2,2,4,2,1,1,2,2,1,2,4,3,2,3,3,4,4,1,4,4,3,2,4,3,1,1,3,2,4,2,2,1,1,4,4,2,1,1,3,3,3,3,1,3,2,2,2,2,1,1,3,2,4,4,1,2,3,1,3,1,1,3,1,4,1,1,2,1,3,1,2,2,4,1,1,4,1,4,4,2,1,1,2,3,1,1,1,1,2,3,4,3,2,3,3,1,2,4,2,3,1,2,2,2,4,3,2,2,2,4,1,1,1,2,4,2,1,4,2,1,1,1,2,1,2,1,2,3,3,3,2,4,3,3,1,1,4,2,3,1,4,4,4,3,2,4,3,2,1,3,4,1,2,2,1,2,3,3,1,4,3,3,2,2,1,1,2,3,3,4,4,2,1,1,3,1,1,3,2,3,4,1,3,1,4,2,4,1,1,1,1,4,1,3,1,1,3,1,4,2,2,1,2,2,4,1,2,4,3,1,3,2,1,2,2,3,3,2,1,2,4,1,4,2,1,1,4,1,1,4,4,2,4,2,4,3,2,2,4,3,2,3,1,2,4,3,4,1,3,1,2,4,4,2,2,2,1,2,2,1,4,2,1,2,1,4,2,1,2,4,1,2,1,2,1,1,4,2,1,2,1,2,4,4,3,4,1,2,1,1,2,2,2,2,2,4,4,3,3,2,4,2,3,4,3,2,2,2,3,2,1,3,2,1,1,1,3,1,3,2,3,1,4,3,4,1,1,3,1,3,2,1,3,1,1,2"
179,0.9882627241940299,0.5,2136.0,"4,2,1,1,2,2,3,1,2,1,4,4,4,1,2,2,4,1,1,2,1,2,4,1,3,1,2,2,4,1,1,2,3,3,1,2,4,1,2,4,1,2,2,2,2,2,3,2,1,2,4,4,3,2,1,4,2,2,1,4,4,4,3,1,3,3,3,2,3,2,1,2,2,3,4,2,3,3,3,1,2,1,4,1,2,3,1,2,1,2,1,2,2,2,3,4,1,1,3,1,2,2,3,2,2,4,1,4,2,1,1,1,3,3,1,2,3,4,4,1,3,2,2,3,2,2,3,2,4,1,2,2,1,1,1,2,3,4,2,2,4,3,2,3,4,4,2,1,1,1,1,1,1,3,3,4,2,2,2,1,4,1,1,3,1,3,3,1,1,4,1,2,2,2,1,3,3,1,4,1,3,2,3,2,3,2,1,2,4,1,4,2,3,3,3,3,2,3,1,4,1,4,1,3,4,4,1,3,2,2,2,1,2,1,3,2,2,1,2,1,4,4,3,2,3,1,3,2,4,3,3,2,2,1,1,3,1,3,3,2,2,1,2,3,2,2,3,2,3,3,3,4,1,1,3,1,1,1,4,2,3,4,1,1,2,1,3,2,1,3,4,2,4,1,3,2,4,1,1,4,4,1,1,4,2,2,2,4,2,4,1,1,1,4,1,4,2,1,2,3,2,2,1,2,3,2,4,1,1,1,1,1,1,1,2,3,1,4,2,2,4,2,1,3,2,1,1,3,2,2,3,3,2,3,1,4,1,4,2,1,1,2,3,1,4,2,2,3,3,2,4,2,4,2,3,1,1,2,4,3,4,3,1,2,3,3,4,4,1,3,2,1,2,3,2,3,3,2,1,3,2,4,2,3,3,2,1,1,2,1,1,4,3,3,1,2,3,1,2,2,1,1,2,2,4,1,2,3,4,3,3,2,2,1,1,4,3,2,1,4,3,1,3,3,3,2,1,2,4,3,3,1,1,2,3,1,3,3,2,4,1,2,2,1,3,3,2,1,2,4,2,4,1,3,1,1,1,4,2,1,4,3,3,2,2,1,2,1,4,4,2,2,2,1,1,1,1,4,1,3,1,2,2,3,1,3,4,1,4,1,4,1,1,1,1,2,3,1,1,2,4,2,4,4,2,1,3,1,1,3,3,1,3,1,4,2,4,3,3,1,4,2,4,4,4,2,1,3,1,3,3,3,1,1,2,4,4,1,3,3,2,2,2,3,1,4,1,3,2,1,3,3,4,2,3,3,2,1,2,2,3,4,3,2,1,2,3,1,2,1,4,2,1,4,2,1,4,3,2,1,2,3,1,3,1,2,1,1,1,1,2,1,3,1,1,4,1,3,3,2,2,4,3,4,4,2,4,4,2,1,4,4,4,3,1,2,4,3,3,2,1,3,2,1,4,4,2,2,1,1,3,4,4,2,2,1,4,1,2,3,2,1,3,4,4,3,4,4,1,1,2,3,1,1,1,1,2,2,1,3,1,3,1,4,2,1,1,4,2,4,3,2,1,4,2,3,1,3,2,2,2,1,1,2,2,4,2,2,2,2,2,1,2,3,2,3,1,1,3,4,2,2,2,4,3,3,1,2,2,3,2,3,3,1,2,2,4,4,1,4,4,1,2,4,1,3,3,3,2,3,3,1,1,2,4,3,3,4,2,4,1,2,4,1,4,3,1,1,1,4,4,1,2,2,2,2,2,1,1,1,1,1,1,4,2,2,3,4,4,1,2,3,2,4,1,2,2,3,2,1,1,2,2,1,1,2,3,1,2,1,4,4,1,2,4,2,1,1,2,1,3,3,4,2,2,1,2,4,1,2,2,1,2,1,2,3,1,3,2,3,4,2,1,3,2,3,2,1,2,2,4,4,1,1,4,3,3,2,4,2,4,1,2,3,3,1,3,2,1,3,1,1,2,2,4,2,1,1,1,3,2,4,4,4,1,3,1,4,2,1,3,2,1,1,1,1,4,3,1,1,2,2,3,4,3,2,4,2,1,1,1,1,3,1,1,2,1,1,4,2,4,2,1,3,3,1,2,1,2,1,4,4,2,4,1,4,1,2,2,1,4,1,2,3,2,4,1,2,3,2,1,4,2,2,3,2,3,1,2,1,2,3,2,2,2,3,2,4,1,4,2,3,2,2,2,3,2,4,3,1,1,2,1,1,1,2,1,2,3,2,1,1,1,1,2,1,2,3,2,4,1,1,4,4,3,2,4,3,1,3,2,1,2,3,3,3,3,4,3,1,1,1,3,1,2,1,4,4,3,2,4,3,4,4,1,2,1,2,4,4,3,2,1,3,1,4,3,3,1,3,2,2,2,1,4,1,4,1,4,1,1,4,1,1,3,2,4,2,4,2,3,2,2,3,4,4,3,2,2,4,1,2,1,3,3,1,1,4,1,1,2,3,4,4,3,1,1,2,2,4,1,1,4,2,3,4,3,4,3,2,1,3,2,2,2,1,1,3,2,2,3,2,1,2,3,4,3,1,3,4,2,4,3,4,1,3,1,1,2,4,2,2,4,4,3,1,4,2,3,1,4,1,2,3,3,1,4,2,1,3,2,3,1,1,2,1,1,2,1,3,3,2,4,2,2,2,3,2,3,3,2,2,2,2,4,1,1,1,1,2,1,2,1,4,2,2,2,1,1,1,2,4,1,4,2,2,3,4,1,1,1,4,4,2,2,3,3,3,3,1,2,1,2,4,4,2,2,3,2,1,1,1,1,2,3,1,2,3,4,3,4,1,1,3,1,4,4,3,2,1,4,1,2,2,1,2,1,4,1,3,1,1,4,4,1,4,4,1,1,1,3,1,2,1,1,1,1,2,1,3,2,4,4,1,2,4,2,1,1,4,2,4,4,3,3,2,1,2,3,2,1,1,1,2,3,3,4,2,1,4,2,3,2,2,4,4,1,1,2,3,1,2,3,4,2,1,2,1,2,1,4,2,2,3,3,1,4,2,1,2,3,1,1,4,1,3,3,1,2,4,1,4,1,2,1,1,1,2,2,3,3,1,1,4,2,2,4,2,1,1,2,2,1,2,4,3,2,3,3,4,4,1,4,4,3,2,4,3,1,1,3,2,4,2,2,1,1,4,4,2,1,1,3,3,3,3,1,3,2,2,2,2,1,1,3,2,4,4,1,2,3,1,3,1,1,3,1,4,1,1,2,1,3,1,2,2,4,1,1,4,1,4,4,2,1,1,2,3,1,1,1,1,2,3,4,3,2,3,3,1,2,4,2,3,1,2,2,2,4,3,2,2,2,4,1,1,1,2,4,2,1,4,2,1,1,1,2,1,2,1,2,3,3,3,2,4,3,3,1,1,4,2,3,1,4,4,4,3,2,4,3,2,1,3,4,1,2,2,1,2,3,3,1,4,3,3,2,2,1,1,2,3,3,4,4,2,1,1,3,1,1,3,2,3,4,1,3,1,4,2,4,1,1,1,1,4,1,3,1,1,3,1,4,2,2,1,2,2,4,1,2,4,3,1,3,2,1,2,2,3,3,2,1,2,4,1,4,2,1,1,4,1,1,4,4,2,4,2,4,3,2,2,4,3,2,3,1,2,4,3,4,1,3,1,2,4,4,2,2,2,1,2,2,1,4,2,1,2,1,4,2,1,2,4,1,2,1,2,1,1,4,2,1,2,1,2,4,4,3,4,1,2,1,1,2,2,2,2,2,4,4,3,3,2,4,2,3,4,3,2,2,2,3,2,1,3,2,1,1,1,3,1,3,2,3,1,4,3,4,1,1,3,1,3,2,1,3,1,1,2"
180,0.9882618639949391,0.4411764705882353,2138.0,"4,2,1,1,2,2,3,1,2,1,4,4,4,1,2,2,4,1,1,2,1,2,4,1,3,1,2,2,4,1,1,2,3,3,1,2,4,1,2,4,1,2,2,2,2,2,3,2,1,2,4,4,3,2,1,4,2,2,1,4,4,4,3,1,3,3,3,2,3,2,1,2,2,3,4,2,3,3,3,1,2,1,4,1,2,3,1,2,1,2,1,2,2,2,3,4,1,1,3,1,2,2,3,2,2,4,1,4,2,1,1,1,3,3,1,2,3,4,4,1,3,2,2,3,2,2,3,2,4,1,2,2,1,1,1,2,3,4,2,2,4,3,2,3,4,4,2,1,1,1,1,1,1,3,3,4,2,2,2,1,4,1,1,3,1,3,3,1,1,4,1,2,2,2,1,3,3,1,4,1,3,2,3,2,3,2,1,2,4,1,4,2,3,3,3,3,2,3,1,4,1,4,1,3,4,4,1,3,2,2,2,1,2,1,3,2,2,1,2,1,4,4,3,2,3,1,3,2,4,3,3,2,2,1,1,3,1,3,3,2,2,1,2,3,2,2,3,2,3,3,3,4,1,1,3,1,1,1,4,2,3,4,1,1,2,1,3,2,1,3,4,2,4,1,3,2,4,1,1,4,4,1,1,4,2,2,2,4,2,4,1,1,1,4,1,4,2,1,2,3,2,2,1,2,3,2,4,1,1,1,1,1,1,1,2,3,1,4,2,2,4,2,1,3,2,1,1,3,2,2,3,3,2,3,1,4,1,4,2,1,1,2,3,1,4,2,2,3,3,2,4,2,4,2,3,1,1,2,4,3,4,3,1,2,3,3,4,4,1,3,2,1,2,3,2,3,3,2,1,3,2,4,2,3,3,2,1,1,2,1,1,4,3,3,1,2,3,1,2,2,1,1,2,2,4,1,2,3,4,3,3,2,2,1,1,4,3,2,1,4,3,1,3,3,3,2,1,2,4,3,3,1,1,2,3,1,3,3,2,4,1,2,2,1,3,3,2,1,2,4,2,4,1,3,1,1,1,4,2,1,4,3,3,2,2,1,2,1,4,4,2,2,2,1,1,1,1,4,1,3,1,2,2,3,1,3,4,1,4,1,4,1,1,1,1,2,3,1,1,2,4,2,4,4,2,1,3,1,1,3,3,1,3,1,4,2,4,3,3,1,4,2,4,4,4,2,1,3,1,3,3,3,1,1,2,4,4,1,3,3,2,2,2,3,1,4,1,3,2,1,3,3,4,2,3,3,2,1,2,2,3,4,3,2,1,2,3,1,2,1,4,2,1,4,2,1,4,3,2,1,2,3,1,3,1,2,1,1,1,1,2,1,3,2,2,4,1,3,3,2,2,4,3,4,4,2,4,4,2,1,4,4,4,3,1,2,4,3,3,2,1,3,2,1,4,4,2,2,1,1,3,4,4,2,2,1,4,1,2,3,2,1,3,4,4,3,4,4,1,1,2,3,1,1,1,1,2,2,1,3,1,3,1,4,2,1,1,4,2,4,3,2,1,4,2,3,1,3,2,2,2,1,1,2,2,4,2,2,2,2,2,1,2,3,2,3,1,1,3,4,2,2,2,4,3,3,1,2,2,3,2,3,3,1,2,2,4,4,1,4,4,1,2,4,1,3,3,3,2,3,3,1,1,2,4,3,3,4,2,4,1,2,4,1,4,3,1,1,1,4,4,1,2,2,2,2,2,1,1,1,1,1,1,4,2,2,3,4,4,1,2,3,2,4,1,2,2,3,2,1,1,2,2,1,1,2,3,1,2,1,4,4,1,2,4,2,1,1,2,1,3,3,4,2,2,1,2,4,1,2,2,1,2,1,2,3,1,3,2,3,4,2,1,3,2,3,2,1,2,2,4,4,1,1,4,3,3,2,4,2,4,1,2,3,3,1,3,2,1,3,1,1,2,2,4,2,1,1,1,3,2,4,4,4,1,3,1,4,2,1,3,2,1,1,1,1,4,3,1,1,2,2,3,4,3,2,4,2,1,1,1,1,3,1,1,2,1,1,4,2,4,2,1,3,3,1,2,1,2,1,4,4,2,4,1,4,1,2,2,1,4,1,2,3,2,4,1,2,3,2,1,4,2,2,3,2,3,1,2,1,2,3,2,2,2,3,2,4,1,4,2,3,2,2,2,3,2,4,3,1,1,2,1,1,1,2,1,2,3,2,1,1,1,1,2,1,2,3,2,4,1,1,4,4,3,2,4,3,1,3,2,1,2,3,3,3,3,4,3,1,1,1,3,1,2,1,4,4,3,2,4,3,4,4,1,2,1,2,4,4,3,2,1,3,1,4,3,3,1,3,2,2,2,1,4,1,4,1,4,1,1,4,1,1,3,2,4,2,4,2,3,2,2,3,4,4,3,2,2,4,1,2,1,3,3,1,1,4,1,1,2,3,4,4,3,1,1,2,2,4,1,1,4,2,3,4,3,4,3,2,1,3,2,2,2,1,1,3,2,2,3,2,1,2,3,4,3,1,3,4,2,4,3,4,1,3,1,1,2,4,2,2,4,4,3,1,4,2,3,1,4,1,2,3,3,1,4,2,1,3,2,3,1,1,2,1,1,2,1,3,3,2,4,2,2,2,3,2,3,3,2,2,2,2,4,1,1,1,1,2,1,2,1,4,2,2,2,1,1,1,2,4,1,4,2,2,3,4,1,1,1,4,4,2,2,3,3,3,3,1,2,1,2,4,4,2,2,3,2,1,1,1,1,2,3,1,2,3,4,3,4,1,1,3,1,4,4,3,2,1,4,1,2,2,1,2,1,4,1,3,1,1,4,4,1,4,4,1,1,1,3,1,2,1,1,1,1,2,1,3,2,4,4,1,2,4,2,1,1,4,2,4,4,3,3,2,1,2,3,2,1,1,1,2,3,3,4,2,1,4,2,3,2,2,4,4,1,1,2,3,1,2,3,4,2,1,2,1,2,1,4,2,2,3,3,1,4,2,1,2,3,1,1,4,1,3,3,1,2,4,1,4,1,2,1,1,1,2,2,3,3,1,1,4,2,2,4,2,1,1,2,2,1,2,4,3,2,3,3,4,4,1,4,4,3,2,4,3,1,1,3,2,4,2,2,1,1,4,4,2,1,1,3,3,3,3,1,3,2,2,2,2,1,1,3,2,4,4,1,2,3,1,3,1,1,3,1,4,1,1,2,1,3,1,2,2,4,1,1,4,1,4,4,2,1,1,2,3,1,1,1,1,2,3,4,3,2,3,3,1,2,4,2,3,1,2,2,2,4,3,2,2,2,4,1,1,1,2,4,2,1,4,2,1,1,1,2,1,2,1,2,3,3,3,2,4,3,3,1,1,4,2,3,1,4,4,4,3,2,4,3,2,1,3,4,1,2,2,1,2,3,3,1,4,3,3,2,2,1,1,2,3,3,4,4,2,1,1,3,1,1,3,2,3,4,1,3,1,4,2,4,1,1,1,1,4,1,3,1,1,3,1,4,2,2,1,2,2,4,1,2,4,3,1,3,2,1,2,2,3,3,2,1,2,4,1,4,2,1,1,4,1,1,4,4,2,4,2,4,3,2,2,4,3,2,3,1,2,4,3,4,1,3,1,2,4,4,2,2,2,1,2,2,1,4,2,1,2,1,4,2,1,2,4,1,2,1,2,1,1,4,2,1,2,1,2,4,4,3,4,1,2,1,1,2,2,2,2,2,4,4,3,3,2,4,2,3,4,3,2,2,2,3,2,1,3,2,1,1,1,3,1,3,2,3,1,4,3,4,1,1,3,1,3,2,1,3,1,1,2"
181,0.9882618639949391,0.4411764705882353,2138.0,"4,2,1,1,2,2,3,1,2,1,4,4,4,1,2,2,4,1,1,2,1,2,4,1,3,1,2,2,4,1,1,2,3,3,1,2,4,1,2,4,1,2,2,2,2,2,3,2,1,2,4,4,3,2,1,4,2,2,1,4,4,4,3,1,3,3,3,2,3,2,1,2,2,3,4,2,3,3,3,1,2,1,4,1,2,3,1,2,1,2,1,2,2,2,3,4,1,1,3,1,2,2,3,2,2,4,1,4,2,1,1,1,3,3,1,2,3,4,4,1,3,2,2,3,2,2,3,2,4,1,2,2,1,1,1,2,3,4,2,2,4,3,2,3,4,4,2,1,1,1,1,1,1,3,3,4,2,2,2,1,4,1,1,3,1,3,3,1,1,4,1,2,2,2,1,3,3,1,4,1,3,2,3,2,3,2,1,2,4,1,4,2,3,3,3,3,2,3,1,4,1,4,1,3,4,4,1,3,2,2,2,1,2,1,3,2,2,1,2,1,4,4,3,2,3,1,3,2,4,3,3,2,2,1,1,3,1,3,3,2,2,1,2,3,2,2,3,2,3,3,3,4,1,1,3,1,1,1,4,2,3,4,1,1,2,1,3,2,1,3,4,2,4,1,3,2,4,1,1,4,4,1,1,4,2,2,2,4,2,4,1,1,1,4,1,4,2,1,2,3,2,2,1,2,3,2,4,1,1,1,1,1,1,1,2,3,1,4,2,2,4,2,1,3,2,1,1,3,2,2,3,3,2,3,1,4,1,4,2,1,1,2,3,1,4,2,2,3,3,2,4,2,4,2,3,1,1,2,4,3,4,3,1,2,3,3,4,4,1,3,2,1,2,3,2,3,3,2,1,3,2,4,2,3,3,2,1,1,2,1,1,4,3,3,1,2,3,1,2,2,1,1,2,2,4,1,2,3,4,3,3,2,2,1,1,4,3,2,1,4,3,1,3,3,3,2,1,2,4,3,3,1,1,2,3,1,3,3,2,4,1,2,2,1,3,3,2,1,2,4,2,4,1,3,1,1,1,4,2,1,4,3,3,2,2,1,2,1,4,4,2,2,2,1,1,1,1,4,1,3,1,2,2,3,1,3,4,1,4,1,4,1,1,1,1,2,3,1,1,2,4,2,4,4,2,1,3,1,1,3,3,1,3,1,4,2,4,3,3,1,4,2,4,4,4,2,1,3,1,3,3,3,1,1,2,4,4,1,3,3,2,2,2,3,1,4,1,3,2,1,3,3,4,2,3,3,2,1,2,2,3,4,3,2,1,2,3,1,2,1,4,2,1,4,2,1,4,3,2,1,2,3,1,3,1,2,1,1,1,1,2,1,3,2,2,4,1,3,3,2,2,4,3,4,4,2,4,4,2,1,4,4,4,3,1,2,4,3,3,2,1,3,2,1,4,4,2,2,1,1,3,4,4,2,2,1,4,1,2,3,2,1,3,4,4,3,4,4,1,1,2,3,1,1,1,1,2,2,1,3,1,3,1,4,2,1,1,4,2,4,3,2,1,4,2,3,1,3,2,2,2,1,1,2,2,4,2,2,2,2,2,1,2,3,2,3,1,1,3,4,2,2,2,4,3,3,1,2,2,3,2,3,3,1,2,2,4,4,1,4,4,1,2,4,1,3,3,3,2,3,3,1,1,2,4,3,3,4,2,4,1,2,4,1,4,3,1,1,1,4,4,1,2,2,2,2,2,1,1,1,1,1,1,4,2,2,3,4,4,1,2,3,2,4,1,2,2,3,2,1,1,2,2,1,1,2,3,1,2,1,4,4,1,2,4,2,1,1,2,1,3,3,4,2,2,1,2,4,1,2,2,1,2,1,2,3,1,3,2,3,4,2,1,3,2,3,2,1,2,2,4,4,1,1,4,3,3,2,4,2,4,1,2,3,3,1,3,2,1,3,1,1,2,2,4,2,1,1,1,3,2,4,4,4,1,3,1,4,2,1,3,2,1,1,1,1,4,3,1,1,2,2,3,4,3,2,4,2,1,1,1,1,3,1,1,2,1,1,4,2,4,2,1,3,3,1,2,1,2,1,4,4,2,4,1,4,1,2,2,1,4,1,2,3,2,4,1,2,3,2,1,4,2,2,3,2,3,1,2,1,2,3,2,2,2,3,2,4,1,4,2,3,2,2,2,3,2,4,3,1,1,2,1,1,1,2,1,2,3,2,1,1,1,1,2,1,2,3,2,4,1,1,4,4,3,2,4,3,1,3,2,1,2,3,3,3,3,4,3,1,1,1,3,1,2,1,4,4,3,2,4,3,4,4,1,2,1,2,4,4,3,2,1,3,1,4,3,3,1,3,2,2,2,1,4,1,4,1,4,1,1,4,1,1,3,2,4,2,4,2,3,2,2,3,4,4,3,2,2,4,1,2,1,3,3,1,1,4,1,1,2,3,4,4,3,1,1,2,2,4,1,1,4,2,3,4,3,4,3,2,1,3,2,2,2,1,1,3,2,2,3,2,1,2,3,4,3,1,3,4,2,4,3,4,1,3,1,1,2,4,2,2,4,4,3,1,4,2,3,1,4,1,2,3,3,1,4,2,1,3,2,3,1,1,2,1,1,2,1,3,3,2,4,2,2,2,3,2,3,3,2,2,2,2,4,1,1,1,1,2,1,2,1,4,2,2,2,1,1,1,2,4,1,4,2,2,3,4,1,1,1,4,4,2,2,3,3,3,3,1,2,1,2,4,4,2,2,3,2,1,1,1,1,2,3,1,2,3,4,3,4,1,1,3,1,4,4,3,2,1,4,1,2,2,1,2,1,4,1,3,1,1,4,4,1,4,4,1,1,1,3,1,2,1,1,1,1,2,1,3,2,4,4,1,2,4,2,1,1,4,2,4,4,3,3,2,1,2,3,2,1,1,1,2,3,3,4,2,1,4,2,3,2,2,4,4,1,1,2,3,1,2,3,4,2,1,2,1,2,1,4,2,2,3,3,1,4,2,1,2,3,1,1,4,1,3,3,1,2,4,1,4,1,2,1,1,1,2,2,3,3,1,1,4,2,2,4,2,1,1,2,2,1,2,4,3,2,3,3,4,4,1,4,4,3,2,4,3,1,1,3,2,4,2,2,1,1,4,4,2,1,1,3,3,3,3,1,3,2,2,2,2,1,1,3,2,4,4,1,2,3,1,3,1,1,3,1,4,1,1,2,1,3,1,2,2,4,1,1,4,1,4,4,2,1,1,2,3,1,1,1,1,2,3,4,3,2,3,3,1,2,4,2,3,1,2,2,2,4,3,2,2,2,4,1,1,1,2,4,2,1,4,2,1,1,1,2,1,2,1,2,3,3,3,2,4,3,3,1,1,4,2,3,1,4,4,4,3,2,4,3,2,1,3,4,1,2,2,1,2,3,3,1,4,3,3,2,2,1,1,2,3,3,4,4,2,1,1,3,1,1,3,2,3,4,1,3,1,4,2,4,1,1,1,1,4,1,3,1,1,3,1,4,2,2,1,2,2,4,1,2,4,3,1,3,2,1,2,2,3,3,2,1,2,4,1,4,2,1,1,4,1,1,4,4,2,4,2,4,3,2,2,4,3,2,3,1,2,4,3,4,1,3,1,2,4,4,2,2,2,1,2,2,1,4,2,1,2,1,4,2,1,2,4,1,2,1,2,1,1,4,2,1,2,1,2,4,4,3,4,1,2,1,1,2,2,2,2,2,4,4,3,3,2,4,2,3,4,3,2,2,2,3,2,1,3,2,1,1,1,3,1,3,2,3,1,4,3,4,1,1,3,1,3,2,1,3,1,1,2"
182,0.9882618639949391,0.4411764705882353,2138.0,"4,2,1,1,2,2,3,1,2,1,4,4,4,1,2,2,4,1,1,2,1,2,4,1,3,1,2,2,4,1,1,2,3,3,1,2,4,1,2,4,1,2,2,2,2,2,3,2,1,2,4,4,3,2,1,4,2,2,1,4,4,4,3,1,3,3,3,2,3,2,1,2,2,3,4,2,3,3,3,1,2,1,4,1,2,3,1,2,1,2,1,2,2,2,3,4,1,1,3,1,2,2,3,2,2,4,1,4,2,1,1,1,3,3,1,2,3,4,4,1,3,2,2,3,2,2,3,2,4,1,2,2,1,1,1,2,3,4,2,2,4,3,2,3,4,4,2,1,1,1,1,1,1,3,3,4,2,2,2,1,4,1,1,3,1,3,3,1,1,4,1,2,2,2,1,3,3,1,4,1,3,2,3,2,3,2,1,2,4,1,4,2,3,3,3,3,2,3,1,4,1,4,1,3,4,4,1,3,2,2,2,1,2,1,3,2,2,1,2,1,4,4,3,2,3,1,3,2,4,3,3,2,2,1,1,3,1,3,3,2,2,1,2,3,2,2,3,2,3,3,3,4,1,1,3,1,1,1,4,2,3,4,1,1,2,1,3,2,1,3,4,2,4,1,3,2,4,1,1,4,4,1,1,4,2,2,2,4,2,4,1,1,1,4,1,4,2,1,2,3,2,2,1,2,3,2,4,1,1,1,1,1,1,1,2,3,1,4,2,2,4,2,1,3,2,1,1,3,2,2,3,3,2,3,1,4,1,4,2,1,1,2,3,1,4,2,2,3,3,2,4,2,4,2,3,1,1,2,4,3,4,3,1,2,3,3,4,4,1,3,2,1,2,3,2,3,3,2,1,3,2,4,2,3,3,2,1,1,2,1,1,4,3,3,1,2,3,1,2,2,1,1,2,2,4,1,2,3,4,3,3,2,2,1,1,4,3,2,1,4,3,1,3,3,3,2,1,2,4,3,3,1,1,2,3,1,3,3,2,4,1,2,2,1,3,3,2,1,2,4,2,4,1,3,1,1,1,4,2,1,4,3,3,2,2,1,2,1,4,4,2,2,2,1,1,1,1,4,1,3,1,2,2,3,1,3,4,1,4,1,4,1,1,1,1,2,3,1,1,2,4,2,4,4,2,1,3,1,1,3,3,1,3,1,4,2,4,3,3,1,4,2,4,4,4,2,1,3,1,3,3,3,1,1,2,4,4,1,3,3,2,2,2,3,1,4,1,3,2,1,3,3,4,2,3,3,2,1,2,2,3,4,3,2,1,2,3,1,2,1,4,2,1,4,2,1,4,3,2,1,2,3,1,3,1,2,1,1,1,1,2,1,3,2,2,4,1,3,3,2,2,4,3,4,4,2,4,4,2,1,4,4,4,3,1,2,4,3,3,2,1,3,2,1,4,4,2,2,1,1,3,4,4,2,2,1,4,1,2,3,2,1,3,4,4,3,4,4,1,1,2,3,1,1,1,1,2,2,1,3,1,3,1,4,2,1,1,4,2,4,3,2,1,4,2,3,1,3,2,2,2,1,1,2,2,4,2,2,2,2,2,1,2,3,2,3,1,1,3,4,2,2,2,4,3,3,1,2,2,3,2,3,3,1,2,2,4,4,1,4,4,1,2,4,1,3,3,3,2,3,3,1,1,2,4,3,3,4,2,4,1,2,4,1,4,3,1,1,1,4,4,1,2,2,2,2,2,1,1,1,1,1,1,4,2,2,3,4,4,1,2,3,2,4,1,2,2,3,2,1,1,2,2,1,1,2,3,1,2,1,4,4,1,2,4,2,1,1,2,1,3,3,4,2,2,1,2,4,1,2,2,1,2,1,2,3,1,3,2,3,4,2,1,3,2,3,2,1,2,2,4,4,1,1,4,3,3,2,4,2,4,1,2,3,3,1,3,2,1,3,1,1,2,2,4,2,1,1,1,3,2,4,4,4,1,3,1,4,2,1,3,2,1,1,1,1,4,3,1,1,2,2,3,4,3,2,4,2,1,1,1,1,3,1,1,2,1,1,4,2,4,2,1,3,3,1,2,1,2,1,4,4,2,4,1,4,1,2,2,1,4,1,2,3,2,4,1,2,3,2,1,4,2,2,3,2,3,1,2,1,2,3,2,2,2,3,2,4,1,4,2,3,2,2,2,3,2,4,3,1,1,2,1,1,1,2,1,2,3,2,1,1,1,1,2,1,2,3,2,4,1,1,4,4,3,2,4,3,1,3,2,1,2,3,3,3,3,4,3,1,1,1,3,1,2,1,4,4,3,2,4,3,4,4,1,2,1,2,4,4,3,2,1,3,1,4,3,3,1,3,2,2,2,1,4,1,4,1,4,1,1,4,1,1,3,2,4,2,4,2,3,2,2,3,4,4,3,2,2,4,1,2,1,3,3,1,1,4,1,1,2,3,4,4,3,1,1,2,2,4,1,1,4,2,3,4,3,4,3,2,1,3,2,2,2,1,1,3,2,2,3,2,1,2,3,4,3,1,3,4,2,4,3,4,1,3,1,1,2,4,2,2,4,4,3,1,4,2,3,1,4,1,2,3,3,1,4,2,1,3,2,3,1,1,2,1,1,2,1,3,3,2,4,2,2,2,3,2,3,3,2,2,2,2,4,1,1,1,1,2,1,2,1,4,2,2,2,1,1,1,2,4,1,4,2,2,3,4,1,1,1,4,4,2,2,3,3,3,3,1,2,1,2,4,4,2,2,3,2,1,1,1,1,2,3,1,2,3,4,3,4,1,1,3,1,4,4,3,2,1,4,1,2,2,1,2,1,4,1,3,1,1,4,4,1,4,4,1,1,1,3,1,2,1,1,1,1,2,1,3,2,4,4,1,2,4,2,1,1,4,2,4,4,3,3,2,1,2,3,2,1,1,1,2,3,3,4,2,1,4,2,3,2,2,4,4,1,1,2,3,1,2,3,4,2,1,2,1,2,1,4,2,2,3,3,1,4,2,1,2,3,1,1,4,1,3,3,1,2,4,1,4,1,2,1,1,1,2,2,3,3,1,1,4,2,2,4,2,1,1,2,2,1,2,4,3,2,3,3,4,4,1,4,4,3,2,4,3,1,1,3,2,4,2,2,1,1,4,4,2,1,1,3,3,3,3,1,3,2,2,2,2,1,1,3,2,4,4,1,2,3,1,3,1,1,3,1,4,1,1,2,1,3,1,2,2,4,1,1,4,1,4,4,2,1,1,2,3,1,1,1,1,2,3,4,3,2,3,3,1,2,4,2,3,1,2,2,2,4,3,2,2,2,4,1,1,1,2,4,2,1,4,2,1,1,1,2,1,2,1,2,3,3,3,2,4,3,3,1,1,4,2,3,1,4,4,4,3,2,4,3,2,1,3,4,1,2,2,1,2,3,3,1,4,3,3,2,2,1,1,2,3,3,4,4,2,1,1,3,1,1,3,2,3,4,1,3,1,4,2,4,1,1,1,1,4,1,3,1,1,3,1,4,2,2,1,2,2,4,1,2,4,3,1,3,2,1,2,2,3,3,2,1,2,4,1,4,2,1,1,4,1,1,4,4,2,4,2,4,3,2,2,4,3,2,3,1,2,4,3,4,1,3,1,2,4,4,2,2,2,1,2,2,1,4,2,1,2,1,4,2,1,2,4,1,2,1,2,1,1,4,2,1,2,1,2,4,4,3,4,1,2,1,1,2,2,2,2,2,4,4,3,3,2,4,2,3,4,3,2,2,2,3,2,1,3,2,1,1,1,3,1,3,2,3,1,4,3,4,1,1,3,1,3,2,1,3,1,1,2"
183,0.9882618639949391,0.4411764705882353,2138.0,"4,2,1,1,2,2,3,1,2,1,4,4,4,1,2,2,4,1,1,2,1,2,4,1,3,1,2,2,4,1,1,2,3,3,1,2,4,1,2,4,1,2,2,2,2,2,3,2,1,2,4,4,3,2,1,4,2,2,1,4,4,4,3,1,3,3,3,2,3,2,1,2,2,3,4,2,3,3,3,1,2,1,4,1,2,3,1,2,1,2,1,2,2,2,3,4,1,1,3,1,2,2,3,2,2,4,1,4,2,1,1,1,3,3,1,2,3,4,4,1,3,2,2,3,2,2,3,2,4,1,2,2,1,1,1,2,3,4,2,2,4,3,2,3,4,4,2,1,1,1,1,1,1,3,3,4,2,2,2,1,4,1,1,3,1,3,3,1,1,4,1,2,2,2,1,3,3,1,4,1,3,2,3,2,3,2,1,2,4,1,4,2,3,3,3,3,2,3,1,4,1,4,1,3,4,4,1,3,2,2,2,1,2,1,3,2,2,1,2,1,4,4,3,2,3,1,3,2,4,3,3,2,2,1,1,3,1,3,3,2,2,1,2,3,2,2,3,2,3,3,3,4,1,1,3,1,1,1,4,2,3,4,1,1,2,1,3,2,1,3,4,2,4,1,3,2,4,1,1,4,4,1,1,4,2,2,2,4,2,4,1,1,1,4,1,4,2,1,2,3,2,2,1,2,3,2,4,1,1,1,1,1,1,1,2,3,1,4,2,2,4,2,1,3,2,1,1,3,2,2,3,3,2,3,1,4,1,4,2,1,1,2,3,1,4,2,2,3,3,2,4,2,4,2,3,1,1,2,4,3,4,3,1,2,3,3,4,4,1,3,2,1,2,3,2,3,3,2,1,3,2,4,2,3,3,2,1,1,2,1,1,4,3,3,1,2,3,1,2,2,1,1,2,2,4,1,2,3,4,3,3,2,2,1,1,4,3,2,1,4,3,1,3,3,3,2,1,2,4,3,3,1,1,2,3,1,3,3,2,4,1,2,2,1,3,3,2,1,2,4,2,4,1,3,1,1,1,4,2,1,4,3,3,2,2,1,2,1,4,4,2,2,2,1,1,1,1,4,1,3,1,2,2,3,1,3,4,1,4,1,4,1,1,1,1,2,3,1,1,2,4,2,4,4,2,1,3,1,1,3,3,1,3,1,4,2,4,3,3,1,4,2,4,4,4,2,1,3,1,3,3,3,1,1,2,4,4,1,3,3,2,2,2,3,1,4,1,3,2,1,3,3,4,2,3,3,2,1,2,2,3,4,3,2,1,2,3,1,2,1,4,2,1,4,2,1,4,3,2,1,2,3,1,3,1,2,1,1,1,1,2,1,3,2,2,4,1,3,3,2,2,4,3,4,4,2,4,4,2,1,4,4,4,3,1,2,4,3,3,2,1,3,2,1,4,4,2,2,1,1,3,4,4,2,2,1,4,1,2,3,2,1,3,4,4,3,4,4,1,1,2,3,1,1,1,1,2,2,1,3,1,3,1,4,2,1,1,4,2,4,3,2,1,4,2,3,1,3,2,2,2,1,1,2,2,4,2,2,2,2,2,1,2,3,2,3,1,1,3,4,2,2,2,4,3,3,1,2,2,3,2,3,3,1,2,2,4,4,1,4,4,1,2,4,1,3,3,3,2,3,3,1,1,2,4,3,3,4,2,4,1,2,4,1,4,3,1,1,1,4,4,1,2,2,2,2,2,1,1,1,1,1,1,4,2,2,3,4,4,1,2,3,2,4,1,2,2,3,2,1,1,2,2,1,1,2,3,1,2,1,4,4,1,2,4,2,1,1,2,1,3,3,4,2,2,1,2,4,1,2,2,1,2,1,2,3,1,3,2,3,4,2,1,3,2,3,2,1,2,2,4,4,1,1,4,3,3,2,4,2,4,1,2,3,3,1,3,2,1,3,1,1,2,2,4,2,1,1,1,3,2,4,4,4,1,3,1,4,2,1,3,2,1,1,1,1,4,3,1,1,2,2,3,4,3,2,4,2,1,1,1,1,3,1,1,2,1,1,4,2,4,2,1,3,3,1,2,1,2,1,4,4,2,4,1,4,1,2,2,1,4,1,2,3,2,4,1,2,3,2,1,4,2,2,3,2,3,1,2,1,2,3,2,2,2,3,2,4,1,4,2,3,2,2,2,3,2,4,3,1,1,2,1,1,1,2,1,2,3,2,1,1,1,1,2,1,2,3,2,4,1,1,4,4,3,2,4,3,1,3,2,1,2,3,3,3,3,4,3,1,1,1,3,1,2,1,4,4,3,2,4,3,4,4,1,2,1,2,4,4,3,2,1,3,1,4,3,3,1,3,2,2,2,1,4,1,4,1,4,1,1,4,1,1,3,2,4,2,4,2,3,2,2,3,4,4,3,2,2,4,1,2,1,3,3,1,1,4,1,1,2,3,4,4,3,1,1,2,2,4,1,1,4,2,3,4,3,4,3,2,1,3,2,2,2,1,1,3,2,2,3,2,1,2,3,4,3,1,3,4,2,4,3,4,1,3,1,1,2,4,2,2,4,4,3,1,4,2,3,1,4,1,2,3,3,1,4,2,1,3,2,3,1,1,2,1,1,2,1,3,3,2,4,2,2,2,3,2,3,3,2,2,2,2,4,1,1,1,1,2,1,2,1,4,2,2,2,1,1,1,2,4,1,4,2,2,3,4,1,1,1,4,4,2,2,3,3,3,3,1,2,1,2,4,4,2,2,3,2,1,1,1,1,2,3,1,2,3,4,3,4,1,1,3,1,4,4,3,2,1,4,1,2,2,1,2,1,4,1,3,1,1,4,4,1,4,4,1,1,1,3,1,2,1,1,1,1,2,1,3,2,4,4,1,2,4,2,1,1,4,2,4,4,3,3,2,1,2,3,2,1,1,1,2,3,3,4,2,1,4,2,3,2,2,4,4,1,1,2,3,1,2,3,4,2,1,2,1,2,1,4,2,2,3,3,1,4,2,1,2,3,1,1,4,1,3,3,1,2,4,1,4,1,2,1,1,1,2,2,3,3,1,1,4,2,2,4,2,1,1,2,2,1,2,4,3,2,3,3,4,4,1,4,4,3,2,4,3,1,1,3,2,4,2,2,1,1,4,4,2,1,1,3,3,3,3,1,3,2,2,2,2,1,1,3,2,4,4,1,2,3,1,3,1,1,3,1,4,1,1,2,1,3,1,2,2,4,1,1,4,1,4,4,2,1,1,2,3,1,1,1,1,2,3,4,3,2,3,3,1,2,4,2,3,1,2,2,2,4,3,2,2,2,4,1,1,1,2,4,2,1,4,2,1,1,1,2,1,2,1,2,3,3,3,2,4,3,3,1,1,4,2,3,1,4,4,4,3,2,4,3,2,1,3,4,1,2,2,1,2,3,3,1,4,3,3,2,2,1,1,2,3,3,4,4,2,1,1,3,1,1,3,2,3,4,1,3,1,4,2,4,1,1,1,1,4,1,3,1,1,3,1,4,2,2,1,2,2,4,1,2,4,3,1,3,2,1,2,2,3,3,2,1,2,4,1,4,2,1,1,4,1,1,4,4,2,4,2,4,3,2,2,4,3,2,3,1,2,4,3,4,1,3,1,2,4,4,2,2,2,1,2,2,1,4,2,1,2,1,4,2,1,2,4,1,2,1,2,1,1,4,2,1,2,1,2,4,4,3,4,1,2,1,1,2,2,2,2,2,4,4,3,3,2,4,2,3,4,3,2,2,2,3,2,1,3,2,1,1,1,3,1,3,2,3,1,4,3,4,1,1,3,1,3,2,1,3,1,1,2"
184,0.9882618639949391,0.4411764705882353,2138.0,"4,2,1,1,2,2,3,1,2,1,4,4,4,1,2,2,4,1,1,2,1,2,4,1,3,1,2,2,4,1,1,2,3,3,1,2,4,1,2,4,1,2,2,2,2,2,3,2,1,2,4,4,3,2,1,4,2,2,1,4,4,4,3,1,3,3,3,2,3,2,1,2,2,3,4,2,3,3,3,1,2,1,4,1,2,3,1,2,1,2,1,2,2,2,3,4,1,1,3,1,2,2,3,2,2,4,1,4,2,1,1,1,3,3,1,2,3,4,4,1,3,2,2,3,2,2,3,2,4,1,2,2,1,1,1,2,3,4,2,2,4,3,2,3,4,4,2,1,1,1,1,1,1,3,3,4,2,2,2,1,4,1,1,3,1,3,3,1,1,4,1,2,2,2,1,3,3,1,4,1,3,2,3,2,3,2,1,2,4,1,4,2,3,3,3,3,2,3,1,4,1,4,1,3,4,4,1,3,2,2,2,1,2,1,3,2,2,1,2,1,4,4,3,2,3,1,3,2,4,3,3,2,2,1,1,3,1,3,3,2,2,1,2,3,2,2,3,2,3,3,3,4,1,1,3,1,1,1,4,2,3,4,1,1,2,1,3,2,1,3,4,2,4,1,3,2,4,1,1,4,4,1,1,4,2,2,2,4,2,4,1,1,1,4,1,4,2,1,2,3,2,2,1,2,3,2,4,1,1,1,1,1,1,1,2,3,1,4,2,2,4,2,1,3,2,1,1,3,2,2,3,3,2,3,1,4,1,4,2,1,1,2,3,1,4,2,2,3,3,2,4,2,4,2,3,1,1,2,4,3,4,3,1,2,3,3,4,4,1,3,2,1,2,3,2,3,3,2,1,3,2,4,2,3,3,2,1,1,2,1,1,4,3,3,1,2,3,1,2,2,1,1,2,2,4,1,2,3,4,3,3,2,2,1,1,4,3,2,1,4,3,1,3,3,3,2,1,2,4,3,3,1,1,2,3,1,3,3,2,4,1,2,2,1,3,3,2,1,2,4,2,4,1,3,1,1,1,4,2,1,4,3,3,2,2,1,2,1,4,4,2,2,2,1,1,1,1,4,1,3,1,2,2,3,1,3,4,1,4,1,4,1,1,1,1,2,3,1,1,2,4,2,4,4,2,1,3,1,1,3,3,1,3,1,4,2,4,3,3,1,4,2,4,4,4,2,1,3,1,3,3,3,1,1,2,4,4,1,3,3,2,2,2,3,1,4,1,3,2,1,3,3,4,2,3,3,2,1,2,2,3,4,3,2,1,2,3,1,2,1,4,2,1,4,2,1,4,3,2,1,2,3,1,3,1,2,1,1,1,1,2,1,3,2,2,4,1,3,3,2,2,4,3,4,4,2,4,4,2,1,4,4,4,3,1,2,4,3,3,2,1,3,2,1,4,4,2,2,1,1,3,4,4,2,2,1,4,1,2,3,2,1,3,4,4,3,4,4,1,1,2,3,1,1,1,1,2,2,1,3,1,3,1,4,2,1,1,4,2,4,3,2,1,4,2,3,1,3,2,2,2,1,1,2,2,4,2,2,2,2,2,1,2,3,2,3,1,1,3,4,2,2,2,4,3,3,1,2,2,3,2,3,3,1,2,2,4,4,1,4,4,1,2,4,1,3,3,3,2,3,3,1,1,2,4,3,3,4,2,4,1,2,4,1,4,3,1,1,1,4,4,1,2,2,2,2,2,1,1,1,1,1,1,4,2,2,3,4,4,1,2,3,2,4,1,2,2,3,2,1,1,2,2,1,1,2,3,1,2,1,4,4,1,2,4,2,1,1,2,1,3,3,4,2,2,1,2,4,1,2,2,1,2,1,2,3,1,3,2,3,4,2,1,3,2,3,2,1,2,2,4,4,1,1,4,3,3,2,4,2,4,1,2,3,3,1,3,2,1,3,1,1,2,2,4,2,1,1,1,3,2,4,4,4,1,3,1,4,2,1,3,2,1,1,1,1,4,3,1,1,2,2,3,4,3,2,4,2,1,1,1,1,3,1,1,2,1,1,4,2,4,2,1,3,3,1,2,1,2,1,4,4,2,4,1,4,1,2,2,1,4,1,2,3,2,4,1,2,3,2,1,4,2,2,3,2,3,1,2,1,2,3,2,2,2,3,2,4,1,4,2,3,2,2,2,3,2,4,3,1,1,2,1,1,1,2,1,2,3,2,1,1,1,1,2,1,2,3,2,4,1,1,4,4,3,2,4,3,1,3,2,1,2,3,3,3,3,4,3,1,1,1,3,1,2,1,4,4,3,2,4,3,4,4,1,2,1,2,4,4,3,2,1,3,1,4,3,3,1,3,2,2,2,1,4,1,4,1,4,1,1,4,1,1,3,2,4,2,4,2,3,2,2,3,4,4,3,2,2,4,1,2,1,3,3,1,1,4,1,1,2,3,4,4,3,1,1,2,2,4,1,1,4,2,3,4,3,4,3,2,1,3,2,2,2,1,1,3,2,2,3,2,1,2,3,4,3,1,3,4,2,4,3,4,1,3,1,1,2,4,2,2,4,4,3,1,4,2,3,1,4,1,2,3,3,1,4,2,1,3,2,3,1,1,2,1,1,2,1,3,3,2,4,2,2,2,3,2,3,3,2,2,2,2,4,1,1,1,1,2,1,2,1,4,2,2,2,1,1,1,2,4,1,4,2,2,3,4,1,1,1,4,4,2,2,3,3,3,3,1,2,1,2,4,4,2,2,3,2,1,1,1,1,2,3,1,2,3,4,3,4,1,1,3,1,4,4,3,2,1,4,1,2,2,1,2,1,4,1,3,1,1,4,4,1,4,4,1,1,1,3,1,2,1,1,1,1,2,1,3,2,4,4,1,2,4,2,1,1,4,2,4,4,3,3,2,1,2,3,2,1,1,1,2,3,3,4,2,1,4,2,3,2,2,4,4,1,1,2,3,1,2,3,4,2,1,2,1,2,1,4,2,2,3,3,1,4,2,1,2,3,1,1,4,1,3,3,1,2,4,1,4,1,2,1,1,1,2,2,3,3,1,1,4,2,2,4,2,1,1,2,2,1,2,4,3,2,3,3,4,4,1,4,4,3,2,4,3,1,1,3,2,4,2,2,1,1,4,4,2,1,1,3,3,3,3,1,3,2,2,2,2,1,1,3,2,4,4,1,2,3,1,3,1,1,3,1,4,1,1,2,1,3,1,2,2,4,1,1,4,1,4,4,2,1,1,2,3,1,1,1,1,2,3,4,3,2,3,3,1,2,4,2,3,1,2,2,2,4,3,2,2,2,4,1,1,1,2,4,2,1,4,2,1,1,1,2,1,2,1,2,3,3,3,2,4,3,3,1,1,4,2,3,1,4,4,4,3,2,4,3,2,1,3,4,1,2,2,1,2,3,3,1,4,3,3,2,2,1,1,2,3,3,4,4,2,1,1,3,1,1,3,2,3,4,1,3,1,4,2,4,1,1,1,1,4,1,3,1,1,3,1,4,2,2,1,2,2,4,1,2,4,3,1,3,2,1,2,2,3,3,2,1,2,4,1,4,2,1,1,4,1,1,4,4,2,4,2,4,3,2,2,4,3,2,3,1,2,4,3,4,1,3,1,2,4,4,2,2,2,1,2,2,1,4,2,1,2,1,4,2,1,2,4,1,2,1,2,1,1,4,2,1,2,1,2,4,4,3,4,1,2,1,1,2,2,2,2,2,4,4,3,3,2,4,2,3,4,3,2,2,2,3,2,1,3,2,1,1,1,3,1,3,2,3,1,4,3,4,1,1,3,1,3,2,1,3,1,1,2"
185,0.9882618639949391,0.4411764705882353,2138.0,"4,2,1,1,2,2,3,1,2,1,4,4,4,1,2,2,4,1,1,2,1,2,4,1,3,1,2,2,4,1,1,2,3,3,1,2,4,1,2,4,1,2,2,2,2,2,3,2,1,2,4,4,3,2,1,4,2,2,1,4,4,4,3,1,3,3,3,2,3,2,1,2,2,3,4,2,3,3,3,1,2,1,4,1,2,3,1,2,1,2,1,2,2,2,3,4,1,1,3,1,2,2,3,2,2,4,1,4,2,1,1,1,3,3,1,2,3,4,4,1,3,2,2,3,2,2,3,2,4,1,2,2,1,1,1,2,3,4,2,2,4,3,2,3,4,4,2,1,1,1,1,1,1,3,3,4,2,2,2,1,4,1,1,3,1,3,3,1,1,4,1,2,2,2,1,3,3,1,4,1,3,2,3,2,3,2,1,2,4,1,4,2,3,3,3,3,2,3,1,4,1,4,1,3,4,4,1,3,2,2,2,1,2,1,3,2,2,1,2,1,4,4,3,2,3,1,3,2,4,3,3,2,2,1,1,3,1,3,3,2,2,1,2,3,2,2,3,2,3,3,3,4,1,1,3,1,1,1,4,2,3,4,1,1,2,1,3,2,1,3,4,2,4,1,3,2,4,1,1,4,4,1,1,4,2,2,2,4,2,4,1,1,1,4,1,4,2,1,2,3,2,2,1,2,3,2,4,1,1,1,1,1,1,1,2,3,1,4,2,2,4,2,1,3,2,1,1,3,2,2,3,3,2,3,1,4,1,4,2,1,1,2,3,1,4,2,2,3,3,2,4,2,4,2,3,1,1,2,4,3,4,3,1,2,3,3,4,4,1,3,2,1,2,3,2,3,3,2,1,3,2,4,2,3,3,2,1,1,2,1,1,4,3,3,1,2,3,1,2,2,1,1,2,2,4,1,2,3,4,3,3,2,2,1,1,4,3,2,1,4,3,1,3,3,3,2,1,2,4,3,3,1,1,2,3,1,3,3,2,4,1,2,2,1,3,3,2,1,2,4,2,4,1,3,1,1,1,4,2,1,4,3,3,2,2,1,2,1,4,4,2,2,2,1,1,1,1,4,1,3,1,2,2,3,1,3,4,1,4,1,4,1,1,1,1,2,3,1,1,2,4,2,4,4,2,1,3,1,1,3,3,1,3,1,4,2,4,3,3,1,4,2,4,4,4,2,1,3,1,3,3,3,1,1,2,4,4,1,3,3,2,2,2,3,1,4,1,3,2,1,3,3,4,2,3,3,2,1,2,2,3,4,3,2,1,2,3,1,2,1,4,2,1,4,2,1,4,3,2,1,2,3,1,3,1,2,1,1,1,1,2,1,3,2,2,4,1,3,3,2,2,4,3,4,4,2,4,4,2,1,4,4,4,3,1,2,4,3,3,2,1,3,2,1,4,4,2,2,1,1,3,4,4,2,2,1,4,1,2,3,2,1,3,4,4,3,4,4,1,1,2,3,1,1,1,1,2,2,1,3,1,3,1,4,2,1,1,4,2,4,3,2,1,4,2,3,1,3,2,2,2,1,1,2,2,4,2,2,2,2,2,1,2,3,2,3,1,1,3,4,2,2,2,4,3,3,1,2,2,3,2,3,3,1,2,2,4,4,1,4,4,1,2,4,1,3,3,3,2,3,3,1,1,2,4,3,3,4,2,4,1,2,4,1,4,3,1,1,1,4,4,1,2,2,2,2,2,1,1,1,1,1,1,4,2,2,3,4,4,1,2,3,2,4,1,2,2,3,2,1,1,2,2,1,1,2,3,1,2,1,4,4,1,2,4,2,1,1,2,1,3,3,4,2,2,1,2,4,1,2,2,1,2,1,2,3,1,3,2,3,4,2,1,3,2,3,2,1,2,2,4,4,1,1,4,3,3,2,4,2,4,1,2,3,3,1,3,2,1,3,1,1,2,2,4,2,1,1,1,3,2,4,4,4,1,3,1,4,2,1,3,2,1,1,1,1,4,3,1,1,2,2,3,4,3,2,4,2,1,1,1,1,3,1,1,2,1,1,4,2,4,2,1,3,3,1,2,1,2,1,4,4,2,4,1,4,1,2,2,1,4,1,2,3,2,4,1,2,3,2,1,4,2,2,3,2,3,1,2,1,2,3,2,2,2,3,2,4,1,4,2,3,2,2,2,3,2,4,3,1,1,2,1,1,1,2,1,2,3,2,1,1,1,1,2,1,2,3,2,4,1,1,4,4,3,2,4,3,1,3,2,1,2,3,3,3,3,4,3,1,1,1,3,1,2,1,4,4,3,2,4,3,4,4,1,2,1,2,4,4,3,2,1,3,1,4,3,3,1,3,2,2,2,1,4,1,4,1,4,1,1,4,1,1,3,2,4,2,4,2,3,2,2,3,4,4,3,2,2,4,1,2,1,3,3,1,1,4,1,1,2,3,4,4,3,1,1,2,2,4,1,1,4,2,3,4,3,4,3,2,1,3,2,2,2,1,1,3,2,2,3,2,1,2,3,4,3,1,3,4,2,4,3,4,1,3,1,1,2,4,2,2,4,4,3,1,4,2,3,1,4,1,2,3,3,1,4,2,1,3,2,3,1,1,2,1,1,2,1,3,3,2,4,2,2,2,3,2,3,3,2,2,2,2,4,1,1,1,1,2,1,2,1,4,2,2,2,1,1,1,2,4,1,4,2,2,3,4,1,1,1,4,4,2,2,3,3,3,3,1,2,1,2,4,4,2,2,3,2,1,1,1,1,2,3,1,2,3,4,3,4,1,1,3,1,4,4,3,2,1,4,1,2,2,1,2,1,4,1,3,1,1,4,4,1,4,4,1,1,1,3,1,2,1,1,1,1,2,1,3,2,4,4,1,2,4,2,1,1,4,2,4,4,3,3,2,1,2,3,2,1,1,1,2,3,3,4,2,1,4,2,3,2,2,4,4,1,1,2,3,1,2,3,4,2,1,2,1,2,1,4,2,2,3,3,1,4,2,1,2,3,1,1,4,1,3,3,1,2,4,1,4,1,2,1,1,1,2,2,3,3,1,1,4,2,2,4,2,1,1,2,2,1,2,4,3,2,3,3,4,4,1,4,4,3,2,4,3,1,1,3,2,4,2,2,1,1,4,4,2,1,1,3,3,3,3,1,3,2,2,2,2,1,1,3,2,4,4,1,2,3,1,3,1,1,3,1,4,1,1,2,1,3,1,2,2,4,1,1,4,1,4,4,2,1,1,2,3,1,1,1,1,2,3,4,3,2,3,3,1,2,4,2,3,1,2,2,2,4,3,2,2,2,4,1,1,1,2,4,2,1,4,2,1,1,1,2,1,2,1,2,3,3,3,2,4,3,3,1,1,4,2,3,1,4,4,4,3,2,4,3,2,1,3,4,1,2,2,1,2,3,3,1,4,3,3,2,2,1,1,2,3,3,4,4,2,1,1,3,1,1,3,2,3,4,1,3,1,4,2,4,1,1,1,1,4,1,3,1,1,3,1,4,2,2,1,2,2,4,1,2,4,3,1,3,2,1,2,2,3,3,2,1,2,4,1,4,2,1,1,4,1,1,4,4,2,4,2,4,3,2,2,4,3,2,3,1,2,4,3,4,1,3,1,2,4,4,2,2,2,1,2,2,1,4,2,1,2,1,4,2,1,2,4,1,2,1,2,1,1,4,2,1,2,1,2,4,4,3,4,1,2,1,1,2,2,2,2,2,4,4,3,3,2,4,2,3,4,3,2,2,2,3,2,1,3,2,1,1,1,3,1,3,2,3,1,4,3,4,1,1,3,1,3,2,1,3,1,1,2"
186,0.9882618639949391,0.4411764705882353,2138.0,"4,2,1,1,2,2,3,1,2,1,4,4,4,1,2,2,4,1,1,2,1,2,4,1,3,1,2,2,4,1,1,2,3,3,1,2,4,1,2,4,1,2,2,2,2,2,3,2,1,2,4,4,3,2,1,4,2,2,1,4,4,4,3,1,3,3,3,2,3,2,1,2,2,3,4,2,3,3,3,1,2,1,4,1,2,3,1,2,1,2,1,2,2,2,3,4,1,1,3,1,2,2,3,2,2,4,1,4,2,1,1,1,3,3,1,2,3,4,4,1,3,2,2,3,2,2,3,2,4,1,2,2,1,1,1,2,3,4,2,2,4,3,2,3,4,4,2,1,1,1,1,1,1,3,3,4,2,2,2,1,4,1,1,3,1,3,3,1,1,4,1,2,2,2,1,3,3,1,4,1,3,2,3,2,3,2,1,2,4,1,4,2,3,3,3,3,2,3,1,4,1,4,1,3,4,4,1,3,2,2,2,1,2,1,3,2,2,1,2,1,4,4,3,2,3,1,3,2,4,3,3,2,2,1,1,3,1,3,3,2,2,1,2,3,2,2,3,2,3,3,3,4,1,1,3,1,1,1,4,2,3,4,1,1,2,1,3,2,1,3,4,2,4,1,3,2,4,1,1,4,4,1,1,4,2,2,2,4,2,4,1,1,1,4,1,4,2,1,2,3,2,2,1,2,3,2,4,1,1,1,1,1,1,1,2,3,1,4,2,2,4,2,1,3,2,1,1,3,2,2,3,3,2,3,1,4,1,4,2,1,1,2,3,1,4,2,2,3,3,2,4,2,4,2,3,1,1,2,4,3,4,3,1,2,3,3,4,4,1,3,2,1,2,3,2,3,3,2,1,3,2,4,2,3,3,2,1,1,2,1,1,4,3,3,1,2,3,1,2,2,1,1,2,2,4,1,2,3,4,3,3,2,2,1,1,4,3,2,1,4,3,1,3,3,3,2,1,2,4,3,3,1,1,2,3,1,3,3,2,4,1,2,2,1,3,3,2,1,2,4,2,4,1,3,1,1,1,4,2,1,4,3,3,2,2,1,2,1,4,4,2,2,2,1,1,1,1,4,1,3,1,2,2,3,1,3,4,1,4,1,4,1,1,1,1,2,3,1,1,2,4,2,4,4,2,1,3,1,1,3,3,1,3,1,4,2,4,3,3,1,4,2,4,4,4,2,1,3,1,3,3,3,1,1,2,4,4,1,3,3,2,2,2,3,1,4,1,3,2,1,3,3,4,2,3,3,2,1,2,2,3,4,3,2,1,2,3,1,2,1,4,2,1,4,2,1,4,3,2,1,2,3,1,3,1,2,1,1,1,1,2,1,3,2,2,4,1,3,3,2,2,4,3,4,4,2,4,4,2,1,4,4,4,3,1,2,4,3,3,2,1,3,2,1,4,4,2,2,1,1,3,4,4,2,2,1,4,1,2,3,2,1,3,4,4,3,4,4,1,1,2,3,1,1,1,1,2,2,1,3,1,3,1,4,2,1,1,4,2,4,3,2,1,4,2,3,1,3,2,2,2,1,1,2,2,4,2,2,2,2,2,1,2,3,2,3,1,1,3,4,2,2,2,4,3,3,1,2,2,3,2,3,3,1,2,2,4,4,1,4,4,1,2,4,1,3,3,3,2,3,3,1,1,2,4,3,3,4,2,4,1,2,4,1,4,3,1,1,1,4,4,1,2,2,2,2,2,1,1,1,1,1,1,4,2,2,3,4,4,1,2,3,2,4,1,2,2,3,2,1,1,2,2,1,1,2,3,1,2,1,4,4,1,2,4,2,1,1,2,1,3,3,4,2,2,1,2,4,1,2,2,1,2,1,2,3,1,3,2,3,4,2,1,3,2,3,2,1,2,2,4,4,1,1,4,3,3,2,4,2,4,1,2,3,3,1,3,2,1,3,1,1,2,2,4,2,1,1,1,3,2,4,4,4,1,3,1,4,2,1,3,2,1,1,1,1,4,3,1,1,2,2,3,4,3,2,4,2,1,1,1,1,3,1,1,2,1,1,4,2,4,2,1,3,3,1,2,1,2,1,4,4,2,4,1,4,1,2,2,1,4,1,2,3,2,4,1,2,3,2,1,4,2,2,3,2,3,1,2,1,2,3,2,2,2,3,2,4,1,4,2,3,2,2,2,3,2,4,3,1,1,2,1,1,1,2,1,2,3,2,1,1,1,1,2,1,2,3,2,4,1,1,4,4,3,2,4,3,1,3,2,1,2,3,3,3,3,4,3,1,1,1,3,1,2,1,4,4,3,2,4,3,4,4,1,2,1,2,4,4,3,2,1,3,1,4,3,3,1,3,2,2,2,1,4,1,4,1,4,1,1,4,1,1,3,2,4,2,4,2,3,2,2,3,4,4,3,2,2,4,1,2,1,3,3,1,1,4,1,1,2,3,4,4,3,1,1,2,2,4,1,1,4,2,3,4,3,4,3,2,1,3,2,2,2,1,1,3,2,2,3,2,1,2,3,4,3,1,3,4,2,4,3,4,1,3,1,1,2,4,2,2,4,4,3,1,4,2,3,1,4,1,2,3,3,1,4,2,1,3,2,3,1,1,2,1,1,2,1,3,3,2,4,2,2,2,3,2,3,3,2,2,2,2,4,1,1,1,1,2,1,2,1,4,2,2,2,1,1,1,2,4,1,4,2,2,3,4,1,1,1,4,4,2,2,3,3,3,3,1,2,1,2,4,4,2,2,3,2,1,1,1,1,2,3,1,2,3,4,3,4,1,1,3,1,4,4,3,2,1,4,1,2,2,1,2,1,4,1,3,1,1,4,4,1,4,4,1,1,1,3,1,2,1,1,1,1,2,1,3,2,4,4,1,2,4,2,1,1,4,2,4,4,3,3,2,1,2,3,2,1,1,1,2,3,3,4,2,1,4,2,3,2,2,4,4,1,1,2,3,1,2,3,4,2,1,2,1,2,1,4,2,2,3,3,1,4,2,1,2,3,1,1,4,1,3,3,1,2,4,1,4,1,2,1,1,1,2,2,3,3,1,1,4,2,2,4,2,1,1,2,2,1,2,4,3,2,3,3,4,4,1,4,4,3,2,4,3,1,1,3,2,4,2,2,1,1,4,4,2,1,1,3,3,3,3,1,3,2,2,2,2,1,1,3,2,4,4,1,2,3,1,3,1,1,3,1,4,1,1,2,1,3,1,2,2,4,1,1,4,1,4,4,2,1,1,2,3,1,1,1,1,2,3,4,3,2,3,3,1,2,4,2,3,1,2,2,2,4,3,2,2,2,4,1,1,1,2,4,2,1,4,2,1,1,1,2,1,2,1,2,3,3,3,2,4,3,3,1,1,4,2,3,1,4,4,4,3,2,4,3,2,1,3,4,1,2,2,1,2,3,3,1,4,3,3,2,2,1,1,2,3,3,4,4,2,1,1,3,1,1,3,2,3,4,1,3,1,4,2,4,1,1,1,1,4,1,3,1,1,3,1,4,2,2,1,2,2,4,1,2,4,3,1,3,2,1,2,2,3,3,2,1,2,4,1,4,2,1,1,4,1,1,4,4,2,4,2,4,3,2,2,4,3,2,3,1,2,4,3,4,1,3,1,2,4,4,2,2,2,1,2,2,1,4,2,1,2,1,4,2,1,2,4,1,2,1,2,1,1,4,2,1,2,1,2,4,4,3,4,1,2,1,1,2,2,2,2,2,4,4,3,3,2,4,2,3,4,3,2,2,2,3,2,1,3,2,1,1,1,3,1,3,2,3,1,4,3,4,1,1,3,1,3,2,1,3,1,1,2"
187,0.9882618639949391,0.4411764705882353,2138.0,"4,2,1,1,2,2,3,1,2,1,4,4,4,1,2,2,4,1,1,2,1,2,4,1,3,1,2,2,4,1,1,2,3,3,1,2,4,1,2,4,1,2,2,2,2,2,3,2,1,2,4,4,3,2,1,4,2,2,1,4,4,4,3,1,3,3,3,2,3,2,1,2,2,3,4,2,3,3,3,1,2,1,4,1,2,3,1,2,1,2,1,2,2,2,3,4,1,1,3,1,2,2,3,2,2,4,1,4,2,1,1,1,3,3,1,2,3,4,4,1,3,2,2,3,2,2,3,2,4,1,2,2,1,1,1,2,3,4,2,2,4,3,2,3,4,4,2,1,1,1,1,1,1,3,3,4,2,2,2,1,4,1,1,3,1,3,3,1,1,4,1,2,2,2,1,3,3,1,4,1,3,2,3,2,3,2,1,2,4,1,4,2,3,3,3,3,2,3,1,4,1,4,1,3,4,4,1,3,2,2,2,1,2,1,3,2,2,1,2,1,4,4,3,2,3,1,3,2,4,3,3,2,2,1,1,3,1,3,3,2,2,1,2,3,2,2,3,2,3,3,3,4,1,1,3,1,1,1,4,2,3,4,1,1,2,1,3,2,1,3,4,2,4,1,3,2,4,1,1,4,4,1,1,4,2,2,2,4,2,4,1,1,1,4,1,4,2,1,2,3,2,2,1,2,3,2,4,1,1,1,1,1,1,1,2,3,1,4,2,2,4,2,1,3,2,1,1,3,2,2,3,3,2,3,1,4,1,4,2,1,1,2,3,1,4,2,2,3,3,2,4,2,4,2,3,1,1,2,4,3,4,3,1,2,3,3,4,4,1,3,2,1,2,3,2,3,3,2,1,3,2,4,2,3,3,2,1,1,2,1,1,4,3,3,1,2,3,1,2,2,1,1,2,2,4,1,2,3,4,3,3,2,2,1,1,4,3,2,1,4,3,1,3,3,3,2,1,2,4,3,3,1,1,2,3,1,3,3,2,4,1,2,2,1,3,3,2,1,2,4,2,4,1,3,1,1,1,4,2,1,4,3,3,2,2,1,2,1,4,4,2,2,2,1,1,1,1,4,1,3,1,2,2,3,1,3,4,1,4,1,4,1,1,1,1,2,3,1,1,2,4,2,4,4,2,1,3,1,1,3,3,1,3,1,4,2,4,3,3,1,4,2,4,4,4,2,1,3,1,3,3,3,1,1,2,4,4,1,3,3,2,2,2,3,1,4,1,3,2,1,3,3,4,2,3,3,2,1,2,2,3,4,3,2,1,2,3,1,2,1,4,2,1,4,2,1,4,3,2,1,2,3,1,3,1,2,1,1,1,1,2,1,3,2,2,4,1,3,3,2,2,4,3,4,4,2,4,4,2,1,4,4,4,3,1,2,4,3,3,2,1,3,2,1,4,4,2,2,1,1,3,4,4,2,2,1,4,1,2,3,2,1,3,4,4,3,4,4,1,1,2,3,1,1,1,1,2,2,1,3,1,3,1,4,2,1,1,4,2,4,3,2,1,4,2,3,1,3,2,2,2,1,1,2,2,4,2,2,2,2,2,1,2,3,2,3,1,1,3,4,2,2,2,4,3,3,1,2,2,3,2,3,3,1,2,2,4,4,1,4,4,1,2,4,1,3,3,3,2,3,3,1,1,2,4,3,3,4,2,4,1,2,4,1,4,3,1,1,1,4,4,1,2,2,2,2,2,1,1,1,1,1,1,4,2,2,3,4,4,1,2,3,2,4,1,2,2,3,2,1,1,2,2,1,1,2,3,1,2,1,4,4,1,2,4,2,1,1,2,1,3,3,4,2,2,1,2,4,1,2,2,1,2,1,2,3,1,3,2,3,4,2,1,3,2,3,2,1,2,2,4,4,1,1,4,3,3,2,4,2,4,1,2,3,3,1,3,2,1,3,1,1,2,2,4,2,1,1,1,3,2,4,4,4,1,3,1,4,2,1,3,2,1,1,1,1,4,3,1,1,2,2,3,4,3,2,4,2,1,1,1,1,3,1,1,2,1,1,4,2,4,2,1,3,3,1,2,1,2,1,4,4,2,4,1,4,1,2,2,1,4,1,2,3,2,4,1,2,3,2,1,4,2,2,3,2,3,1,2,1,2,3,2,2,2,3,2,4,1,4,2,3,2,2,2,3,2,4,3,1,1,2,1,1,1,2,1,2,3,2,1,1,1,1,2,1,2,3,2,4,1,1,4,4,3,2,4,3,1,3,2,1,2,3,3,3,3,4,3,1,1,1,3,1,2,1,4,4,3,2,4,3,4,4,1,2,1,2,4,4,3,2,1,3,1,4,3,3,1,3,2,2,2,1,4,1,4,1,4,1,1,4,1,1,3,2,4,2,4,2,3,2,2,3,4,4,3,2,2,4,1,2,1,3,3,1,1,4,1,1,2,3,4,4,3,1,1,2,2,4,1,1,4,2,3,4,3,4,3,2,1,3,2,2,2,1,1,3,2,2,3,2,1,2,3,4,3,1,3,4,2,4,3,4,1,3,1,1,2,4,2,2,4,4,3,1,4,2,3,1,4,1,2,3,3,1,4,2,1,3,2,3,1,1,2,1,1,2,1,3,3,2,4,2,2,2,3,2,3,3,2,2,2,2,4,1,1,1,1,2,1,2,1,4,2,2,2,1,1,1,2,4,1,4,2,2,3,4,1,1,1,4,4,2,2,3,3,3,3,1,2,1,2,4,4,2,2,3,2,1,1,1,1,2,3,1,2,3,4,3,4,1,1,3,1,4,4,3,2,1,4,1,2,2,1,2,1,4,1,3,1,1,4,4,1,4,4,1,1,1,3,1,2,1,1,1,1,2,1,3,2,4,4,1,2,4,2,1,1,4,2,4,4,3,3,2,1,2,3,2,1,1,1,2,3,3,4,2,1,4,2,3,2,2,4,4,1,1,2,3,1,2,3,4,2,1,2,1,2,1,4,2,2,3,3,1,4,2,1,2,3,1,1,4,1,3,3,1,2,4,1,4,1,2,1,1,1,2,2,3,3,1,1,4,2,2,4,2,1,1,2,2,1,2,4,3,2,3,3,4,4,1,4,4,3,2,4,3,1,1,3,2,4,2,2,1,1,4,4,2,1,1,3,3,3,3,1,3,2,2,2,2,1,1,3,2,4,4,1,2,3,1,3,1,1,3,1,4,1,1,2,1,3,1,2,2,4,1,1,4,1,4,4,2,1,1,2,3,1,1,1,1,2,3,4,3,2,3,3,1,2,4,2,3,1,2,2,2,4,3,2,2,2,4,1,1,1,2,4,2,1,4,2,1,1,1,2,1,2,1,2,3,3,3,2,4,3,3,1,1,4,2,3,1,4,4,4,3,2,4,3,2,1,3,4,1,2,2,1,2,3,3,1,4,3,3,2,2,1,1,2,3,3,4,4,2,1,1,3,1,1,3,2,3,4,1,3,1,4,2,4,1,1,1,1,4,1,3,1,1,3,1,4,2,2,1,2,2,4,1,2,4,3,1,3,2,1,2,2,3,3,2,1,2,4,1,4,2,1,1,4,1,1,4,4,2,4,2,4,3,2,2,4,3,2,3,1,2,4,3,4,1,3,1,2,4,4,2,2,2,1,2,2,1,4,2,1,2,1,4,2,1,2,4,1,2,1,2,1,1,4,2,1,2,1,2,4,4,3,4,1,2,1,1,2,2,2,2,2,4,4,3,3,2,4,2,3,4,3,2,2,2,3,2,1,3,2,1,1,1,3,1,3,2,3,1,4,3,4,1,1,3,1,3,2,1,3,1,1,2"
188,0.9882618639949391,0.4411764705882353,2138.0,"4,2,1,1,2,2,3,1,2,1,4,4,4,1,2,2,4,1,1,2,1,2,4,1,3,1,2,2,4,1,1,2,3,3,1,2,4,1,2,4,1,2,2,2,2,2,3,2,1,2,4,4,3,2,1,4,2,2,1,4,4,4,3,1,3,3,3,2,3,2,1,2,2,3,4,2,3,3,3,1,2,1,4,1,2,3,1,2,1,2,1,2,2,2,3,4,1,1,3,1,2,2,3,2,2,4,1,4,2,1,1,1,3,3,1,2,3,4,4,1,3,2,2,3,2,2,3,2,4,1,2,2,1,1,1,2,3,4,2,2,4,3,2,3,4,4,2,1,1,1,1,1,1,3,3,4,2,2,2,1,4,1,1,3,1,3,3,1,1,4,1,2,2,2,1,3,3,1,4,1,3,2,3,2,3,2,1,2,4,1,4,2,3,3,3,3,2,3,1,4,1,4,1,3,4,4,1,3,2,2,2,1,2,1,3,2,2,1,2,1,4,4,3,2,3,1,3,2,4,3,3,2,2,1,1,3,1,3,3,2,2,1,2,3,2,2,3,2,3,3,3,4,1,1,3,1,1,1,4,2,3,4,1,1,2,1,3,2,1,3,4,2,4,1,3,2,4,1,1,4,4,1,1,4,2,2,2,4,2,4,1,1,1,4,1,4,2,1,2,3,2,2,1,2,3,2,4,1,1,1,1,1,1,1,2,3,1,4,2,2,4,2,1,3,2,1,1,3,2,2,3,3,2,3,1,4,1,4,2,1,1,2,3,1,4,2,2,3,3,2,4,2,4,2,3,1,1,2,4,3,4,3,1,2,3,3,4,4,1,3,2,1,2,3,2,3,3,2,1,3,2,4,2,3,3,2,1,1,2,1,1,4,3,3,1,2,3,1,2,2,1,1,2,2,4,1,2,3,4,3,3,2,2,1,1,4,3,2,1,4,3,1,3,3,3,2,1,2,4,3,3,1,1,2,3,1,3,3,2,4,1,2,2,1,3,3,2,1,2,4,2,4,1,3,1,1,1,4,2,1,4,3,3,2,2,1,2,1,4,4,2,2,2,1,1,1,1,4,1,3,1,2,2,3,1,3,4,1,4,1,4,1,1,1,1,2,3,1,1,2,4,2,4,4,2,1,3,1,1,3,3,1,3,1,4,2,4,3,3,1,4,2,4,4,4,2,1,3,1,3,3,3,1,1,2,4,4,1,3,3,2,2,2,3,1,4,1,3,2,1,3,3,4,2,3,3,2,1,2,2,3,4,3,2,1,2,3,1,2,1,4,2,1,4,2,1,4,3,2,1,2,3,1,3,1,2,1,1,1,1,2,1,3,2,2,4,1,3,3,2,2,4,3,4,4,2,4,4,2,1,4,4,4,3,1,2,4,3,3,2,1,3,2,1,4,4,2,2,1,1,3,4,4,2,2,1,4,1,2,3,2,1,3,4,4,3,4,4,1,1,2,3,1,1,1,1,2,2,1,3,1,3,1,4,2,1,1,4,2,4,3,2,1,4,2,3,1,3,2,2,2,1,1,2,2,4,2,2,2,2,2,1,2,3,2,3,1,1,3,4,2,2,2,4,3,3,1,2,2,3,2,3,3,1,2,2,4,4,1,4,4,1,2,4,1,3,3,3,2,3,3,1,1,2,4,3,3,4,2,4,1,2,4,1,4,3,1,1,1,4,4,1,2,2,2,2,2,1,1,1,1,1,1,4,2,2,3,4,4,1,2,3,2,4,1,2,2,3,2,1,1,2,2,1,1,2,3,1,2,1,4,4,1,2,4,2,1,1,2,1,3,3,4,2,2,1,2,4,1,2,2,1,2,1,2,3,1,3,2,3,4,2,1,3,2,3,2,1,2,2,4,4,1,1,4,3,3,2,4,2,4,1,2,3,3,1,3,2,1,3,1,1,2,2,4,2,1,1,1,3,2,4,4,4,1,3,1,4,2,1,3,2,1,1,1,1,4,3,1,1,2,2,3,4,3,2,4,2,1,1,1,1,3,1,1,2,1,1,4,2,4,2,1,3,3,1,2,1,2,1,4,4,2,4,1,4,1,2,2,1,4,1,2,3,2,4,1,2,3,2,1,4,2,2,3,2,3,1,2,1,2,3,2,2,2,3,2,4,1,4,2,3,2,2,2,3,2,4,3,1,1,2,1,1,1,2,1,2,3,2,1,1,1,1,2,1,2,3,2,4,1,1,4,4,3,2,4,3,1,3,2,1,2,3,3,3,3,4,3,1,1,1,3,1,2,1,4,4,3,2,4,3,4,4,1,2,1,2,4,4,3,2,1,3,1,4,3,3,1,3,2,2,2,1,4,1,4,1,4,1,1,4,1,1,3,2,4,2,4,2,3,2,2,3,4,4,3,2,2,4,1,2,1,3,3,1,1,4,1,1,2,3,4,4,3,1,1,2,2,4,1,1,4,2,3,4,3,4,3,2,1,3,2,2,2,1,1,3,2,2,3,2,1,2,3,4,3,1,3,4,2,4,3,4,1,3,1,1,2,4,2,2,4,4,3,1,4,2,3,1,4,1,2,3,3,1,4,2,1,3,2,3,1,1,2,1,1,2,1,3,3,2,4,2,2,2,3,2,3,3,2,2,2,2,4,1,1,1,1,2,1,2,1,4,2,2,2,1,1,1,2,4,1,4,2,2,3,4,1,1,1,4,4,2,2,3,3,3,3,1,2,1,2,4,4,2,2,3,2,1,1,1,1,2,3,1,2,3,4,3,4,1,1,3,1,4,4,3,2,1,4,1,2,2,1,2,1,4,1,3,1,1,4,4,1,4,4,1,1,1,3,1,2,1,1,1,1,2,1,3,2,4,4,1,2,4,2,1,1,4,2,4,4,3,3,2,1,2,3,2,1,1,1,2,3,3,4,2,1,4,2,3,2,2,4,4,1,1,2,3,1,2,3,4,2,1,2,1,2,1,4,2,2,3,3,1,4,2,1,2,3,1,1,4,1,3,3,1,2,4,1,4,1,2,1,1,1,2,2,3,3,1,1,4,2,2,4,2,1,1,2,2,1,2,4,3,2,3,3,4,4,1,4,4,3,2,4,3,1,1,3,2,4,2,2,1,1,4,4,2,1,1,3,3,3,3,1,3,2,2,2,2,1,1,3,2,4,4,1,2,3,1,3,1,1,3,1,4,1,1,2,1,3,1,2,2,4,1,1,4,1,4,4,2,1,1,2,3,1,1,1,1,2,3,4,3,2,3,3,1,2,4,2,3,1,2,2,2,4,3,2,2,2,4,1,1,1,2,4,2,1,4,2,1,1,1,2,1,2,1,2,3,3,3,2,4,3,3,1,1,4,2,3,1,4,4,4,3,2,4,3,2,1,3,4,1,2,2,1,2,3,3,1,4,3,3,2,2,1,1,2,3,3,4,4,2,1,1,3,1,1,3,2,3,4,1,3,1,4,2,4,1,1,1,1,4,1,3,1,1,3,1,4,2,2,1,2,2,4,1,2,4,3,1,3,2,1,2,2,3,3,2,1,2,4,1,4,2,1,1,4,1,1,4,4,2,4,2,4,3,2,2,4,3,2,3,1,2,4,3,4,1,3,1,2,4,4,2,2,2,1,2,2,1,4,2,1,2,1,4,2,1,2,4,1,2,1,2,1,1,4,2,1,2,1,2,4,4,3,4,1,2,1,1,2,2,2,2,2,4,4,3,3,2,4,2,3,4,3,2,2,2,3,2,1,3,2,1,1,1,3,1,3,2,3,1,4,3,4,1,1,3,1,3,2,1,3,1,1,2"
189,0.9882618639949391,0.4411764705882353,2138.0,"4,2,1,1,2,2,3,1,2,1,4,4,4,1,2,2,4,1,1,2,1,2,4,1,3,1,2,2,4,1,1,2,3,3,1,2,4,1,2,4,1,2,2,2,2,2,3,2,1,2,4,4,3,2,1,4,2,2,1,4,4,4,3,1,3,3,3,2,3,2,1,2,2,3,4,2,3,3,3,1,2,1,4,1,2,3,1,2,1,2,1,2,2,2,3,4,1,1,3,1,2,2,3,2,2,4,1,4,2,1,1,1,3,3,1,2,3,4,4,1,3,2,2,3,2,2,3,2,4,1,2,2,1,1,1,2,3,4,2,2,4,3,2,3,4,4,2,1,1,1,1,1,1,3,3,4,2,2,2,1,4,1,1,3,1,3,3,1,1,4,1,2,2,2,1,3,3,1,4,1,3,2,3,2,3,2,1,2,4,1,4,2,3,3,3,3,2,3,1,4,1,4,1,3,4,4,1,3,2,2,2,1,2,1,3,2,2,1,2,1,4,4,3,2,3,1,3,2,4,3,3,2,2,1,1,3,1,3,3,2,2,1,2,3,2,2,3,2,3,3,3,4,1,1,3,1,1,1,4,2,3,4,1,1,2,1,3,2,1,3,4,2,4,1,3,2,4,1,1,4,4,1,1,4,2,2,2,4,2,4,1,1,1,4,1,4,2,1,2,3,2,2,1,2,3,2,4,1,1,1,1,1,1,1,2,3,1,4,2,2,4,2,1,3,2,1,1,3,2,2,3,3,2,3,1,4,1,4,2,1,1,2,3,1,4,2,2,3,3,2,4,2,4,2,3,1,1,2,4,3,4,3,1,2,3,3,4,4,1,3,2,1,2,3,2,3,3,2,1,3,2,4,2,3,3,2,1,1,2,1,1,4,3,3,1,2,3,1,2,2,1,1,2,2,4,1,2,3,4,3,3,2,2,1,1,4,3,2,1,4,3,1,3,3,3,2,1,2,4,3,3,1,1,2,3,1,3,3,2,4,1,2,2,1,3,3,2,1,2,4,2,4,1,3,1,1,1,4,2,1,4,3,3,2,2,1,2,1,4,4,2,2,2,1,1,1,1,4,1,3,1,2,2,3,1,3,4,1,4,1,4,1,1,1,1,2,3,1,1,2,4,2,4,4,2,1,3,1,1,3,3,1,3,1,4,2,4,3,3,1,4,2,4,4,4,2,1,3,1,3,3,3,1,1,2,4,4,1,3,3,2,2,2,3,1,4,1,3,2,1,3,3,4,2,3,3,2,1,2,2,3,4,3,2,1,2,3,1,2,1,4,2,1,4,2,1,4,3,2,1,2,3,1,3,1,2,1,1,1,1,2,1,3,2,2,4,1,3,3,2,2,4,3,4,4,2,4,4,2,1,4,4,4,3,1,2,4,3,3,2,1,3,2,1,4,4,2,2,1,1,3,4,4,2,2,1,4,1,2,3,2,1,3,4,4,3,4,4,1,1,2,3,1,1,1,1,2,2,1,3,1,3,1,4,2,1,1,4,2,4,3,2,1,4,2,3,1,3,2,2,2,1,1,2,2,4,2,2,2,2,2,1,2,3,2,3,1,1,3,4,2,2,2,4,3,3,1,2,2,3,2,3,3,1,2,2,4,4,1,4,4,1,2,4,1,3,3,3,2,3,3,1,1,2,4,3,3,4,2,4,1,2,4,1,4,3,1,1,1,4,4,1,2,2,2,2,2,1,1,1,1,1,1,4,2,2,3,4,4,1,2,3,2,4,1,2,2,3,2,1,1,2,2,1,1,2,3,1,2,1,4,4,1,2,4,2,1,1,2,1,3,3,4,2,2,1,2,4,1,2,2,1,2,1,2,3,1,3,2,3,4,2,1,3,2,3,2,1,2,2,4,4,1,1,4,3,3,2,4,2,4,1,2,3,3,1,3,2,1,3,1,1,2,2,4,2,1,1,1,3,2,4,4,4,1,3,1,4,2,1,3,2,1,1,1,1,4,3,1,1,2,2,3,4,3,2,4,2,1,1,1,1,3,1,1,2,1,1,4,2,4,2,1,3,3,1,2,1,2,1,4,4,2,4,1,4,1,2,2,1,4,1,2,3,2,4,1,2,3,2,1,4,2,2,3,2,3,1,2,1,2,3,2,2,2,3,2,4,1,4,2,3,2,2,2,3,2,4,3,1,1,2,1,1,1,2,1,2,3,2,1,1,1,1,2,1,2,3,2,4,1,1,4,4,3,2,4,3,1,3,2,1,2,3,3,3,3,4,3,1,1,1,3,1,2,1,4,4,3,2,4,3,4,4,1,2,1,2,4,4,3,2,1,3,1,4,3,3,1,3,2,2,2,1,4,1,4,1,4,1,1,4,1,1,3,2,4,2,4,2,3,2,2,3,4,4,3,2,2,4,1,2,1,3,3,1,1,4,1,1,2,3,4,4,3,1,1,2,2,4,1,1,4,2,3,4,3,4,3,2,1,3,2,2,2,1,1,3,2,2,3,2,1,2,3,4,3,1,3,4,2,4,3,4,1,3,1,1,2,4,2,2,4,4,3,1,4,2,3,1,4,1,2,3,3,1,4,2,1,3,2,3,1,1,2,1,1,2,1,3,3,2,4,2,2,2,3,2,3,3,2,2,2,2,4,1,1,1,1,2,1,2,1,4,2,2,2,1,1,1,2,4,1,4,2,2,3,4,1,1,1,4,4,2,2,3,3,3,3,1,2,1,2,4,4,2,2,3,2,1,1,1,1,2,3,1,2,3,4,3,4,1,1,3,1,4,4,3,2,1,4,1,2,2,1,2,1,4,1,3,1,1,4,4,1,4,4,1,1,1,3,1,2,1,1,1,1,2,1,3,2,4,4,1,2,4,2,1,1,4,2,4,4,3,3,2,1,2,3,2,1,1,1,2,3,3,4,2,1,4,2,3,2,2,4,4,1,1,2,3,1,2,3,4,2,1,2,1,2,1,4,2,2,3,3,1,4,2,1,2,3,1,1,4,1,3,3,1,2,4,1,4,1,2,1,1,1,2,2,3,3,1,1,4,2,2,4,2,1,1,2,2,1,2,4,3,2,3,3,4,4,1,4,4,3,2,4,3,1,1,3,2,4,2,2,1,1,4,4,2,1,1,3,3,3,3,1,3,2,2,2,2,1,1,3,2,4,4,1,2,3,1,3,1,1,3,1,4,1,1,2,1,3,1,2,2,4,1,1,4,1,4,4,2,1,1,2,3,1,1,1,1,2,3,4,3,2,3,3,1,2,4,2,3,1,2,2,2,4,3,2,2,2,4,1,1,1,2,4,2,1,4,2,1,1,1,2,1,2,1,2,3,3,3,2,4,3,3,1,1,4,2,3,1,4,4,4,3,2,4,3,2,1,3,4,1,2,2,1,2,3,3,1,4,3,3,2,2,1,1,2,3,3,4,4,2,1,1,3,1,1,3,2,3,4,1,3,1,4,2,4,1,1,1,1,4,1,3,1,1,3,1,4,2,2,1,2,2,4,1,2,4,3,1,3,2,1,2,2,3,3,2,1,2,4,1,4,2,1,1,4,1,1,4,4,2,4,2,4,3,2,2,4,3,2,3,1,2,4,3,4,1,3,1,2,4,4,2,2,2,1,2,2,1,4,2,1,2,1,4,2,1,2,4,1,2,1,2,1,1,4,2,1,2,1,2,4,4,3,4,1,2,1,1,2,2,2,2,2,4,4,3,3,2,4,2,3,4,3,2,2,2,3,2,1,3,2,1,1,1,3,1,3,2,3,1,4,3,4,1,1,3,1,3,2,1,3,1,1,2"
190,0.9882618639949391,0.4411764705882353,2138.0,"4,2,1,1,2,2,3,1,2,1,4,4,4,1,2,2,4,1,1,2,1,2,4,1,3,1,2,2,4,1,1,2,3,3,1,2,4,1,2,4,1,2,2,2,2,2,3,2,1,2,4,4,3,2,1,4,2,2,1,4,4,4,3,1,3,3,3,2,3,2,1,2,2,3,4,2,3,3,3,1,2,1,4,1,2,3,1,2,1,2,1,2,2,2,3,4,1,1,3,1,2,2,3,2,2,4,1,4,2,1,1,1,3,3,1,2,3,4,4,1,3,2,2,3,2,2,3,2,4,1,2,2,1,1,1,2,3,4,2,2,4,3,2,3,4,4,2,1,1,1,1,1,1,3,3,4,2,2,2,1,4,1,1,3,1,3,3,1,1,4,1,2,2,2,1,3,3,1,4,1,3,2,3,2,3,2,1,2,4,1,4,2,3,3,3,3,2,3,1,4,1,4,1,3,4,4,1,3,2,2,2,1,2,1,3,2,2,1,2,1,4,4,3,2,3,1,3,2,4,3,3,2,2,1,1,3,1,3,3,2,2,1,2,3,2,2,3,2,3,3,3,4,1,1,3,1,1,1,4,2,3,4,1,1,2,1,3,2,1,3,4,2,4,1,3,2,4,1,1,4,4,1,1,4,2,2,2,4,2,4,1,1,1,4,1,4,2,1,2,3,2,2,1,2,3,2,4,1,1,1,1,1,1,1,2,3,1,4,2,2,4,2,1,3,2,1,1,3,2,2,3,3,2,3,1,4,1,4,2,1,1,2,3,1,4,2,2,3,3,2,4,2,4,2,3,1,1,2,4,3,4,3,1,2,3,3,4,4,1,3,2,1,2,3,2,3,3,2,1,3,2,4,2,3,3,2,1,1,2,1,1,4,3,3,1,2,3,1,2,2,1,1,2,2,4,1,2,3,4,3,3,2,2,1,1,4,3,2,1,4,3,1,3,3,3,2,1,2,4,3,3,1,1,2,3,1,3,3,2,4,1,2,2,1,3,3,2,1,2,4,2,4,1,3,1,1,1,4,2,1,4,3,3,2,2,1,2,1,4,4,2,2,2,1,1,1,1,4,1,3,1,2,2,3,1,3,4,1,4,1,4,1,1,1,1,2,3,1,1,2,4,2,4,4,2,1,3,1,1,3,3,1,3,1,4,2,4,3,3,1,4,2,4,4,4,2,1,3,1,3,3,3,1,1,2,4,4,1,3,3,2,2,2,3,1,4,1,3,2,1,3,3,4,2,3,3,2,1,2,2,3,4,3,2,1,2,3,1,2,1,4,2,1,4,2,1,4,3,2,1,2,3,1,3,1,2,1,1,1,1,2,1,3,2,2,4,1,3,3,2,2,4,3,4,4,2,4,4,2,1,4,4,4,3,1,2,4,3,3,2,1,3,2,1,4,4,2,2,1,1,3,4,4,2,2,1,4,1,2,3,2,1,3,4,4,3,4,4,1,1,2,3,1,1,1,1,2,2,1,3,1,3,1,4,2,1,1,4,2,4,3,2,1,4,2,3,1,3,2,2,2,1,1,2,2,4,2,2,2,2,2,1,2,3,2,3,1,1,3,4,2,2,2,4,3,3,1,2,2,3,2,3,3,1,2,2,4,4,1,4,4,1,2,4,1,3,3,3,2,3,3,1,1,2,4,3,3,4,2,4,1,2,4,1,4,3,1,1,1,4,4,1,2,2,2,2,2,1,1,1,1,1,1,4,2,2,3,4,4,1,2,3,2,4,1,2,2,3,2,1,1,2,2,1,1,2,3,1,2,1,4,4,1,2,4,2,1,1,2,1,3,3,4,2,2,1,2,4,1,2,2,1,2,1,2,3,1,3,2,3,4,2,1,3,2,3,2,1,2,2,4,4,1,1,4,3,3,2,4,2,4,1,2,3,3,1,3,2,1,3,1,1,2,2,4,2,1,1,1,3,2,4,4,4,1,3,1,4,2,1,3,2,1,1,1,1,4,3,1,1,2,2,3,4,3,2,4,2,1,1,1,1,3,1,1,2,1,1,4,2,4,2,1,3,3,1,2,1,2,1,4,4,2,4,1,4,1,2,2,1,4,1,2,3,2,4,1,2,3,2,1,4,2,2,3,2,3,1,2,1,2,3,2,2,2,3,2,4,1,4,2,3,2,2,2,3,2,4,3,1,1,2,1,1,1,2,1,2,3,2,1,1,1,1,2,1,2,3,2,4,1,1,4,4,3,2,4,3,1,3,2,1,2,3,3,3,3,4,3,1,1,1,3,1,2,1,4,4,3,2,4,3,4,4,1,2,1,2,4,4,3,2,1,3,1,4,3,3,1,3,2,2,2,1,4,1,4,1,4,1,1,4,1,1,3,2,4,2,4,2,3,2,2,3,4,4,3,2,2,4,1,2,1,3,3,1,1,4,1,1,2,3,4,4,3,1,1,2,2,4,1,1,4,2,3,4,3,4,3,2,1,3,2,2,2,1,1,3,2,2,3,2,1,2,3,4,3,1,3,4,2,4,3,4,1,3,1,1,2,4,2,2,4,4,3,1,4,2,3,1,4,1,2,3,3,1,4,2,1,3,2,3,1,1,2,1,1,2,1,3,3,2,4,2,2,2,3,2,3,3,2,2,2,2,4,1,1,1,1,2,1,2,1,4,2,2,2,1,1,1,2,4,1,4,2,2,3,4,1,1,1,4,4,2,2,3,3,3,3,1,2,1,2,4,4,2,2,3,2,1,1,1,1,2,3,1,2,3,4,3,4,1,1,3,1,4,4,3,2,1,4,1,2,2,1,2,1,4,1,3,1,1,4,4,1,4,4,1,1,1,3,1,2,1,1,1,1,2,1,3,2,4,4,1,2,4,2,1,1,4,2,4,4,3,3,2,1,2,3,2,1,1,1,2,3,3,4,2,1,4,2,3,2,2,4,4,1,1,2,3,1,2,3,4,2,1,2,1,2,1,4,2,2,3,3,1,4,2,1,2,3,1,1,4,1,3,3,1,2,4,1,4,1,2,1,1,1,2,2,3,3,1,1,4,2,2,4,2,1,1,2,2,1,2,4,3,2,3,3,4,4,1,4,4,3,2,4,3,1,1,3,2,4,2,2,1,1,4,4,2,1,1,3,3,3,3,1,3,2,2,2,2,1,1,3,2,4,4,1,2,3,1,3,1,1,3,1,4,1,1,2,1,3,1,2,2,4,1,1,4,1,4,4,2,1,1,2,3,1,1,1,1,2,3,4,3,2,3,3,1,2,4,2,3,1,2,2,2,4,3,2,2,2,4,1,1,1,2,4,2,1,4,2,1,1,1,2,1,2,1,2,3,3,3,2,4,3,3,1,1,4,2,3,1,4,4,4,3,2,4,3,2,1,3,4,1,2,2,1,2,3,3,1,4,3,3,2,2,1,1,2,3,3,4,4,2,1,1,3,1,1,3,2,3,4,1,3,1,4,2,4,1,1,1,1,4,1,3,1,1,3,1,4,2,2,1,2,2,4,1,2,4,3,1,3,2,1,2,2,3,3,2,1,2,4,1,4,2,1,1,4,1,1,4,4,2,4,2,4,3,2,2,4,3,2,3,1,2,4,3,4,1,3,1,2,4,4,2,2,2,1,2,2,1,4,2,1,2,1,4,2,1,2,4,1,2,1,2,1,1,4,2,1,2,1,2,4,4,3,4,1,2,1,1,2,2,2,2,2,4,4,3,3,2,4,2,3,4,3,2,2,2,3,2,1,3,2,1,1,1,3,1,3,2,3,1,4,3,4,1,1,3,1,3,2,1,3,1,1,2"
191,0.9882103016793987,0.2647058823529411,2433.0,"4,2,1,1,2,2,3,1,2,1,4,4,4,1,2,2,4,1,1,2,1,2,4,1,3,1,2,2,4,1,1,2,3,3,1,2,4,1,2,2,2,3,4,3,3,2,2,1,4,4,2,3,3,3,4,2,4,1,4,2,2,3,2,4,3,2,2,4,3,2,1,2,2,3,4,2,3,3,3,1,4,4,3,4,1,2,3,4,1,4,4,1,1,4,3,4,3,2,4,1,2,1,3,2,2,4,1,4,2,1,1,1,3,3,1,2,3,4,4,1,3,2,2,3,2,2,3,2,4,1,2,2,1,1,1,2,3,4,2,2,4,3,2,3,4,4,2,1,1,1,1,1,1,3,3,4,2,2,2,1,4,1,1,3,1,3,3,1,1,4,1,2,2,2,1,3,3,1,4,1,3,3,2,2,3,3,2,4,2,1,3,4,2,4,4,4,2,4,1,1,1,3,3,4,2,3,2,3,4,3,2,2,3,3,1,1,1,4,4,4,4,4,4,4,4,2,2,1,1,1,3,3,3,1,3,3,4,3,4,4,3,1,1,2,1,2,4,1,1,2,4,3,1,2,4,2,3,4,4,2,3,4,1,1,2,1,3,2,1,3,4,2,4,1,3,2,4,1,1,4,4,1,1,4,2,2,2,4,2,4,1,1,1,4,1,4,2,1,2,3,2,2,1,2,3,2,4,1,1,1,1,1,1,1,2,3,1,4,2,2,4,2,1,3,2,1,1,3,2,2,3,3,2,3,1,4,1,3,3,1,4,4,1,1,4,4,3,3,2,3,4,4,3,3,1,2,1,2,4,4,1,4,4,2,3,3,4,4,1,3,2,1,2,3,2,3,3,2,1,4,3,4,3,1,4,3,2,2,3,4,3,4,1,2,4,1,3,1,3,1,3,4,3,1,1,4,3,3,1,2,1,2,1,3,2,3,4,3,3,4,4,2,2,3,4,2,4,2,3,3,3,2,1,3,4,3,1,3,3,1,4,1,3,2,1,4,3,2,3,3,4,2,4,2,1,1,1,4,2,1,1,3,4,3,3,3,3,3,1,1,1,2,1,1,4,2,4,3,3,3,4,3,2,4,3,2,4,3,4,3,4,2,2,4,1,1,1,3,1,4,1,1,2,3,4,2,1,3,1,3,3,1,3,1,4,2,4,3,3,1,4,3,4,3,4,3,4,4,1,3,3,2,2,2,2,2,3,2,2,4,1,1,2,1,3,1,4,4,2,4,1,2,1,4,4,3,3,2,4,1,4,2,3,4,2,3,4,2,1,4,1,3,1,4,2,1,4,3,2,1,2,3,1,3,1,1,2,2,3,2,2,4,4,1,1,4,1,3,3,2,2,4,3,4,4,2,4,4,2,1,4,4,4,3,1,2,4,3,3,2,1,3,2,1,4,4,2,2,1,1,3,4,4,2,2,1,4,1,2,3,2,1,3,4,4,3,4,4,1,1,2,3,1,1,1,1,2,2,1,3,1,3,1,4,2,1,1,4,2,4,3,2,1,4,2,3,1,3,2,2,2,1,1,2,2,4,2,2,2,2,2,1,2,3,2,3,1,1,3,4,2,2,2,4,3,3,1,2,2,3,2,3,3,1,2,2,4,4,1,4,4,1,2,4,1,3,3,3,2,3,3,1,1,2,4,3,3,4,2,4,1,2,4,1,4,3,1,3,1,1,4,4,1,3,1,4,3,1,4,2,1,1,1,4,2,2,4,3,4,1,2,3,2,4,1,2,2,3,2,1,1,2,2,1,1,2,3,1,2,1,4,4,1,2,4,2,1,1,2,1,3,3,4,2,2,1,2,4,1,2,2,1,2,1,2,3,1,3,2,3,4,2,1,3,2,3,2,1,2,2,4,4,1,1,4,3,3,2,4,2,4,1,2,3,3,1,3,2,1,3,1,1,2,2,4,2,1,1,1,3,2,4,4,4,1,3,1,4,2,1,3,2,1,1,1,1,4,3,1,1,2,2,3,4,3,2,4,2,1,1,1,1,3,1,1,2,1,1,4,2,4,2,1,3,3,1,2,1,2,1,4,4,2,4,1,4,1,2,2,1,4,1,2,3,2,4,1,2,2,4,4,2,4,1,2,4,3,2,4,1,2,4,2,4,3,4,4,1,1,2,3,3,3,4,4,4,4,2,3,2,4,4,4,2,4,3,4,4,4,3,1,2,2,3,1,4,1,4,1,2,2,2,4,2,2,3,3,3,1,4,4,2,3,3,3,3,3,4,3,1,1,1,3,1,2,1,4,4,3,2,4,3,4,4,1,2,1,2,4,4,3,2,1,3,1,4,3,3,1,3,2,2,2,1,4,1,4,1,4,1,1,4,1,1,3,2,4,2,4,2,3,2,2,3,4,4,3,2,2,4,1,2,1,3,3,1,1,4,1,1,2,3,4,4,3,4,3,4,3,4,2,2,2,3,1,1,3,4,4,4,1,2,3,1,3,3,3,1,3,3,2,4,2,1,4,2,4,3,3,1,3,1,3,2,3,4,2,1,1,4,2,4,3,4,3,1,4,2,3,1,4,1,2,3,3,2,2,1,4,2,3,2,4,3,2,2,1,4,3,1,3,2,4,2,2,2,3,2,3,3,2,2,2,2,4,1,1,1,1,2,1,2,2,3,4,3,3,3,4,3,3,4,1,1,3,4,1,3,3,3,4,4,4,2,2,3,3,3,3,1,2,1,2,4,4,2,2,3,2,1,1,1,1,2,3,1,2,3,4,3,4,1,4,3,1,3,1,4,4,4,3,2,2,3,4,3,4,1,3,2,2,1,3,1,2,4,2,1,1,1,3,1,2,2,2,3,3,2,1,3,2,4,4,1,2,4,2,1,1,4,2,4,4,3,3,2,1,2,3,2,1,1,1,2,3,3,4,2,1,4,2,3,2,2,4,4,1,1,2,3,1,2,3,4,2,1,2,1,2,1,4,2,2,3,3,1,4,2,1,2,3,1,1,4,1,3,3,1,2,4,1,4,1,2,1,1,1,2,2,3,3,1,1,4,2,2,4,2,1,1,2,2,1,2,4,3,2,3,3,4,4,1,4,4,3,2,4,3,1,1,3,2,4,2,2,1,1,4,4,2,1,1,3,3,3,3,1,3,2,2,2,2,1,1,3,2,4,4,1,2,3,3,2,3,2,4,3,2,4,4,2,1,4,2,3,2,4,4,2,1,4,4,2,2,4,1,2,4,2,2,1,2,3,3,3,4,4,4,1,3,3,1,1,2,3,4,4,2,3,4,3,2,3,1,3,2,3,2,4,3,3,3,2,2,3,1,1,1,2,1,1,3,4,3,2,1,4,3,3,4,4,3,2,4,2,1,3,3,2,4,3,3,1,4,4,2,4,2,4,3,2,3,1,4,3,3,2,2,1,1,2,3,3,4,4,2,1,1,3,1,1,3,2,3,4,1,3,1,4,2,4,1,1,1,3,3,4,2,1,2,3,4,2,2,3,1,1,4,4,2,4,3,2,4,4,1,1,2,3,3,4,1,4,3,3,3,2,4,2,2,1,1,1,3,3,1,4,1,3,4,2,3,1,2,1,2,2,4,2,3,4,4,2,3,4,4,4,2,2,2,1,2,2,1,4,2,1,2,1,4,3,1,4,4,4,4,3,1,3,1,4,4,1,4,2,3,3,1,3,4,1,2,1,1,2,2,2,1,2,4,1,4,2,4,3,4,2,3,4,2,2,2,3,2,1,4,3,2,1,1,3,1,4,4,3,1,4,3,4,1,1,3,1,3,2,1,3,1,1,2"
192,0.9882103016793987,0.2647058823529411,2433.0,"4,2,1,1,2,2,3,1,2,1,4,4,4,1,2,2,4,1,1,2,1,2,4,1,3,1,2,2,4,1,1,2,3,3,1,2,4,1,2,2,2,3,4,3,3,2,2,1,4,4,2,3,3,3,4,2,4,1,4,2,2,3,2,4,3,2,2,4,3,2,1,2,2,3,4,2,3,3,3,1,4,4,3,4,1,2,3,4,1,4,4,1,1,4,3,4,3,2,4,1,2,1,3,2,2,4,1,4,2,1,1,1,3,3,1,2,3,4,4,1,3,2,2,3,2,2,3,2,4,1,2,2,1,1,1,2,3,4,2,2,4,3,2,3,4,4,2,1,1,1,1,1,1,3,3,4,2,2,2,1,4,1,1,3,1,3,3,1,1,4,1,2,2,2,1,3,3,1,4,1,3,3,2,2,3,3,2,4,2,1,3,4,2,4,4,4,2,4,1,1,1,3,3,4,2,3,2,3,4,3,2,2,3,3,1,1,1,4,4,4,4,4,4,4,4,2,2,1,1,1,3,3,3,1,3,3,4,3,4,4,3,1,1,2,1,2,4,1,1,2,4,3,1,2,4,2,3,4,4,2,3,4,1,1,2,1,3,2,1,3,4,2,4,1,3,2,4,1,1,4,4,1,1,4,2,2,2,4,2,4,1,1,1,4,1,4,2,1,2,3,2,2,1,2,3,2,4,1,1,1,1,1,1,1,2,3,1,4,2,2,4,2,1,3,2,1,1,3,2,2,3,3,2,3,1,4,1,3,3,1,4,4,1,1,4,4,3,3,2,3,4,4,3,3,1,2,1,2,4,4,1,4,4,2,3,3,4,4,1,3,2,1,2,3,2,3,3,2,1,4,3,4,3,1,4,3,2,2,3,4,3,4,1,2,4,1,3,1,3,1,3,4,3,1,1,4,3,3,1,2,1,2,1,3,2,3,4,3,3,4,4,2,2,3,4,2,4,2,3,3,3,2,1,3,4,3,1,3,3,1,4,1,3,2,1,4,3,2,3,3,4,2,4,2,1,1,1,4,2,1,1,3,4,3,3,3,3,3,1,1,1,2,1,1,4,2,4,3,3,3,4,3,2,4,3,2,4,3,4,3,4,2,2,4,1,1,1,3,1,4,1,1,2,3,4,2,1,3,1,3,3,1,3,1,4,2,4,3,3,1,4,3,4,3,4,3,4,4,1,3,3,2,2,2,2,2,3,2,2,4,1,1,2,1,3,1,4,4,2,4,1,2,1,4,4,3,3,2,4,1,4,2,3,4,2,3,4,2,1,4,1,3,1,4,2,1,4,3,2,1,2,3,1,3,1,1,2,2,3,2,2,4,4,1,1,4,1,3,3,2,2,4,3,4,4,2,4,4,2,1,4,4,4,3,1,2,4,3,3,2,1,3,2,1,4,4,2,2,1,1,3,4,4,2,2,1,4,1,2,3,2,1,3,4,4,3,4,4,1,1,2,3,1,1,1,1,2,2,1,3,1,3,1,4,2,1,1,4,2,4,3,2,1,4,2,3,1,3,2,2,2,1,1,2,2,4,2,2,2,2,2,1,2,3,2,3,1,1,3,4,2,2,2,4,3,3,1,2,2,3,2,3,3,1,2,2,4,4,1,4,4,1,2,4,1,3,3,3,2,3,3,1,1,2,4,3,3,4,2,4,1,2,4,1,4,3,1,3,1,1,4,4,1,3,1,4,3,1,4,2,1,1,1,4,2,2,4,3,4,1,2,3,2,4,1,2,2,3,2,1,1,2,2,1,1,2,3,1,2,1,4,4,1,2,4,2,1,1,2,1,3,3,4,2,2,1,2,4,1,2,2,1,2,1,2,3,1,3,2,3,4,2,1,3,2,3,2,1,2,2,4,4,1,1,4,3,3,2,4,2,4,1,2,3,3,1,3,2,1,3,1,1,2,2,4,2,1,1,1,3,2,4,4,4,1,3,1,4,2,1,3,2,1,1,1,1,4,3,1,1,2,2,3,4,3,2,4,2,1,1,1,1,3,1,1,2,1,1,4,2,4,2,1,3,3,1,2,1,2,1,4,4,2,4,1,4,1,2,2,1,4,1,2,3,2,4,1,2,2,4,4,2,4,1,2,4,3,2,4,1,2,4,2,4,3,4,4,1,1,2,3,3,3,4,4,4,4,2,3,2,4,4,4,2,4,3,4,4,4,3,1,2,2,3,1,4,1,4,1,2,2,2,4,2,2,3,3,3,1,4,4,2,3,3,3,3,3,4,3,1,1,1,3,1,2,1,4,4,3,2,4,3,4,4,1,2,1,2,4,4,3,2,1,3,1,4,3,3,1,3,2,2,2,1,4,1,4,1,4,1,1,4,1,1,3,2,4,2,4,2,3,2,2,3,4,4,3,2,2,4,1,2,1,3,3,1,1,4,1,1,2,3,4,4,3,4,3,4,3,4,2,2,2,3,1,1,3,4,4,4,1,2,3,1,3,3,3,1,3,3,2,4,2,1,4,2,4,3,3,1,3,1,3,2,3,4,2,1,1,4,2,4,3,4,3,1,4,2,3,1,4,1,2,3,3,2,2,1,4,2,3,2,4,3,2,2,1,4,3,1,3,2,4,2,2,2,3,2,3,3,2,2,2,2,4,1,1,1,1,2,1,2,2,3,4,3,3,3,4,3,3,4,1,1,3,4,1,3,3,3,4,4,4,2,2,3,3,3,3,1,2,1,2,4,4,2,2,3,2,1,1,1,1,2,3,1,2,3,4,3,4,1,4,3,1,3,1,4,4,4,3,2,2,3,4,3,4,1,3,2,2,1,3,1,2,4,2,1,1,1,3,1,2,2,2,3,3,2,1,3,2,4,4,1,2,4,2,1,1,4,2,4,4,3,3,2,1,2,3,2,1,1,1,2,3,3,4,2,1,4,2,3,2,2,4,4,1,1,2,3,1,2,3,4,2,1,2,1,2,1,4,2,2,3,3,1,4,2,1,2,3,1,1,4,1,3,3,1,2,4,1,4,1,2,1,1,1,2,2,3,3,1,1,4,2,2,4,2,1,1,2,2,1,2,4,3,2,3,3,4,4,1,4,4,3,2,4,3,1,1,3,2,4,2,2,1,1,4,4,2,1,1,3,3,3,3,1,3,2,2,2,2,1,1,3,2,4,4,1,2,3,3,2,3,2,4,3,2,4,4,2,1,4,2,3,2,4,4,2,1,4,4,2,2,4,1,2,4,2,2,1,2,3,3,3,4,4,4,1,3,3,1,1,2,3,4,4,2,3,4,3,2,3,1,3,2,3,2,4,3,3,3,2,2,3,1,1,1,2,1,1,3,4,3,2,1,4,3,3,4,4,3,2,4,2,1,3,3,2,4,3,3,1,4,4,2,4,2,4,3,2,3,1,4,3,3,2,2,1,1,2,3,3,4,4,2,1,1,3,1,1,3,2,3,4,1,3,1,4,2,4,1,1,1,3,3,4,2,1,2,3,4,2,2,3,1,1,4,4,2,4,3,2,4,4,1,1,2,3,3,4,1,4,3,3,3,2,4,2,2,1,1,1,3,3,1,4,1,3,4,2,3,1,2,1,2,2,4,2,3,4,4,2,3,4,4,4,2,2,2,1,2,2,1,4,2,1,2,1,4,3,1,4,4,4,4,3,1,3,1,4,4,1,4,2,3,3,1,3,4,1,2,1,1,2,2,2,1,2,4,1,4,2,4,3,4,2,3,4,2,2,2,3,2,1,4,3,2,1,1,3,1,4,4,3,1,4,3,4,1,1,3,1,3,2,1,3,1,1,2"
193,0.9882103016793987,0.2647058823529411,2433.0,"4,2,1,1,2,2,3,1,2,1,4,4,4,1,2,2,4,1,1,2,1,2,4,1,3,1,2,2,4,1,1,2,3,3,1,2,4,1,2,2,2,3,4,3,3,2,2,1,4,4,2,3,3,3,4,2,4,1,4,2,2,3,2,4,3,2,2,4,3,2,1,2,2,3,4,2,3,3,3,1,4,4,3,4,1,2,3,4,1,4,4,1,1,4,3,4,3,2,4,1,2,1,3,2,2,4,1,4,2,1,1,1,3,3,1,2,3,4,4,1,3,2,2,3,2,2,3,2,4,1,2,2,1,1,1,2,3,4,2,2,4,3,2,3,4,4,2,1,1,1,1,1,1,3,3,4,2,2,2,1,4,1,1,3,1,3,3,1,1,4,1,2,2,2,1,3,3,1,4,1,3,3,2,2,3,3,2,4,2,1,3,4,2,4,4,4,2,4,1,1,1,3,3,4,2,3,2,3,4,3,2,2,3,3,1,1,1,4,4,4,4,4,4,4,4,2,2,1,1,1,3,3,3,1,3,3,4,3,4,4,3,1,1,2,1,2,4,1,1,2,4,3,1,2,4,2,3,4,4,2,3,4,1,1,2,1,3,2,1,3,4,2,4,1,3,2,4,1,1,4,4,1,1,4,2,2,2,4,2,4,1,1,1,4,1,4,2,1,2,3,2,2,1,2,3,2,4,1,1,1,1,1,1,1,2,3,1,4,2,2,4,2,1,3,2,1,1,3,2,2,3,3,2,3,1,4,1,3,3,1,4,4,1,1,4,4,3,3,2,3,4,4,3,3,1,2,1,2,4,4,1,4,4,2,3,3,4,4,1,3,2,1,2,3,2,3,3,2,1,4,3,4,3,1,4,3,2,2,3,4,3,4,1,2,4,1,3,1,3,1,3,4,3,1,1,4,3,3,1,2,1,2,1,3,2,3,4,3,3,4,4,2,2,3,4,2,4,2,3,3,3,2,1,3,4,3,1,3,3,1,4,1,3,2,1,4,3,2,3,3,4,2,4,2,1,1,1,4,2,1,1,3,4,3,3,3,3,3,1,1,1,2,1,1,4,2,4,3,3,3,4,3,2,4,3,2,4,3,4,3,4,2,2,4,1,1,1,3,1,4,1,1,2,3,4,2,1,3,1,3,3,1,3,1,4,2,4,3,3,1,4,3,4,3,4,3,4,4,1,3,3,2,2,2,2,2,3,2,2,4,1,1,2,1,3,1,4,4,2,4,1,2,1,4,4,3,3,2,4,1,4,2,3,4,2,3,4,2,1,4,1,3,1,4,2,1,4,3,2,1,2,3,1,3,1,1,2,2,3,2,2,4,4,1,1,4,1,3,3,2,2,4,3,4,4,2,4,4,2,1,4,4,4,3,1,2,4,3,3,2,1,3,2,1,4,4,2,2,1,1,3,4,4,2,2,1,4,1,2,3,2,1,3,4,4,3,4,4,1,1,2,3,1,1,1,1,2,2,1,3,1,3,1,4,2,1,1,4,2,4,3,2,1,4,2,3,1,3,2,2,2,1,1,2,2,4,2,2,2,2,2,1,2,3,2,3,1,1,3,4,2,2,2,4,3,3,1,2,2,3,2,3,3,1,2,2,4,4,1,4,4,1,2,4,1,3,3,3,2,3,3,1,1,2,4,3,3,4,2,4,1,2,4,1,4,3,1,3,1,1,4,4,1,3,1,4,3,1,4,2,1,1,1,4,2,2,4,3,4,1,2,3,2,4,1,2,2,3,2,1,1,2,2,1,1,2,3,1,2,1,4,4,1,2,4,2,1,1,2,1,3,3,4,2,2,1,2,4,1,2,2,1,2,1,2,3,1,3,2,3,4,2,1,3,2,3,2,1,2,2,4,4,1,1,4,3,3,2,4,2,4,1,2,3,3,1,3,2,1,3,1,1,2,2,4,2,1,1,1,3,2,4,4,4,1,3,1,4,2,1,3,2,1,1,1,1,4,3,1,1,2,2,3,4,3,2,4,2,1,1,1,1,3,1,1,2,1,1,4,2,4,2,1,3,3,1,2,1,2,1,4,4,2,4,1,4,1,2,2,1,4,1,2,3,2,4,1,2,2,4,4,2,4,1,2,4,3,2,4,1,2,4,2,4,3,4,4,1,1,2,3,3,3,4,4,4,4,2,3,2,4,4,4,2,4,3,4,4,4,3,1,2,2,3,1,4,1,4,1,2,2,2,4,2,2,3,3,3,1,4,4,2,3,3,3,3,3,4,3,1,1,1,3,1,2,1,4,4,3,2,4,3,4,4,1,2,1,2,4,4,3,2,1,3,1,4,3,3,1,3,2,2,2,1,4,1,4,1,4,1,1,4,1,1,3,2,4,2,4,2,3,2,2,3,4,4,3,2,2,4,1,2,1,3,3,1,1,4,1,1,2,3,4,4,3,4,3,4,3,4,2,2,2,3,1,1,3,4,4,4,1,2,3,1,3,3,3,1,3,3,2,4,2,1,4,2,4,3,3,1,3,1,3,2,3,4,2,1,1,4,2,4,3,4,3,1,4,2,3,1,4,1,2,3,3,2,2,1,4,2,3,2,4,3,2,2,1,4,3,1,3,2,4,2,2,2,3,2,3,3,2,2,2,2,4,1,1,1,1,2,1,2,2,3,4,3,3,3,4,3,3,4,1,1,3,4,1,3,3,3,4,4,4,2,2,3,3,3,3,1,2,1,2,4,4,2,2,3,2,1,1,1,1,2,3,1,2,3,4,3,4,1,4,3,1,3,1,4,4,4,3,2,2,3,4,3,4,1,3,2,2,1,3,1,2,4,2,1,1,1,3,1,2,2,2,3,3,2,1,3,2,4,4,1,2,4,2,1,1,4,2,4,4,3,3,2,1,2,3,2,1,1,1,2,3,3,4,2,1,4,2,3,2,2,4,4,1,1,2,3,1,2,3,4,2,1,2,1,2,1,4,2,2,3,3,1,4,2,1,2,3,1,1,4,1,3,3,1,2,4,1,4,1,2,1,1,1,2,2,3,3,1,1,4,2,2,4,2,1,1,2,2,1,2,4,3,2,3,3,4,4,1,4,4,3,2,4,3,1,1,3,2,4,2,2,1,1,4,4,2,1,1,3,3,3,3,1,3,2,2,2,2,1,1,3,2,4,4,1,2,3,3,2,3,2,4,3,2,4,4,2,1,4,2,3,2,4,4,2,1,4,4,2,2,4,1,2,4,2,2,1,2,3,3,3,4,4,4,1,3,3,1,1,2,3,4,4,2,3,4,3,2,3,1,3,2,3,2,4,3,3,3,2,2,3,1,1,1,2,1,1,3,4,3,2,1,4,3,3,4,4,3,2,4,2,1,3,3,2,4,3,3,1,4,4,2,4,2,4,3,2,3,1,4,3,3,2,2,1,1,2,3,3,4,4,2,1,1,3,1,1,3,2,3,4,1,3,1,4,2,4,1,1,1,3,3,4,2,1,2,3,4,2,2,3,1,1,4,4,2,4,3,2,4,4,1,1,2,3,3,4,1,4,3,3,3,2,4,2,2,1,1,1,3,3,1,4,1,3,4,2,3,1,2,1,2,2,4,2,3,4,4,2,3,4,4,4,2,2,2,1,2,2,1,4,2,1,2,1,4,3,1,4,4,4,4,3,1,3,1,4,4,1,4,2,3,3,1,3,4,1,2,1,1,2,2,2,1,2,4,1,4,2,4,3,4,2,3,4,2,2,2,3,2,1,4,3,2,1,1,3,1,4,4,3,1,4,3,4,1,1,3,1,3,2,1,3,1,1,2"
194,0.9882103016793987,0.2647058823529411,2433.0,"4,2,1,1,2,2,3,1,2,1,4,4,4,1,2,2,4,1,1,2,1,2,4,1,3,1,2,2,4,1,1,2,3,3,1,2,4,1,2,2,2,3,4,3,3,2,2,1,4,4,2,3,3,3,4,2,4,1,4,2,2,3,2,4,3,2,2,4,3,2,1,2,2,3,4,2,3,3,3,1,4,4,3,4,1,2,3,4,1,4,4,1,1,4,3,4,3,2,4,1,2,1,3,2,2,4,1,4,2,1,1,1,3,3,1,2,3,4,4,1,3,2,2,3,2,2,3,2,4,1,2,2,1,1,1,2,3,4,2,2,4,3,2,3,4,4,2,1,1,1,1,1,1,3,3,4,2,2,2,1,4,1,1,3,1,3,3,1,1,4,1,2,2,2,1,3,3,1,4,1,3,3,2,2,3,3,2,4,2,1,3,4,2,4,4,4,2,4,1,1,1,3,3,4,2,3,2,3,4,3,2,2,3,3,1,1,1,4,4,4,4,4,4,4,4,2,2,1,1,1,3,3,3,1,3,3,4,3,4,4,3,1,1,2,1,2,4,1,1,2,4,3,1,2,4,2,3,4,4,2,3,4,1,1,2,1,3,2,1,3,4,2,4,1,3,2,4,1,1,4,4,1,1,4,2,2,2,4,2,4,1,1,1,4,1,4,2,1,2,3,2,2,1,2,3,2,4,1,1,1,1,1,1,1,2,3,1,4,2,2,4,2,1,3,2,1,1,3,2,2,3,3,2,3,1,4,1,3,3,1,4,4,1,1,4,4,3,3,2,3,4,4,3,3,1,2,1,2,4,4,1,4,4,2,3,3,4,4,1,3,2,1,2,3,2,3,3,2,1,4,3,4,3,1,4,3,2,2,3,4,3,4,1,2,4,1,3,1,3,1,3,4,3,1,1,4,3,3,1,2,1,2,1,3,2,3,4,3,3,4,4,2,2,3,4,2,4,2,3,3,3,2,1,3,4,3,1,3,3,1,4,1,3,2,1,4,3,2,3,3,4,2,4,2,1,1,1,4,2,1,1,3,4,3,3,3,3,3,1,1,1,2,1,1,4,2,4,3,3,3,4,3,2,4,3,2,4,3,4,3,4,2,2,4,1,1,1,3,1,4,1,1,2,3,4,2,1,3,1,3,3,1,3,1,4,2,4,3,3,1,4,3,4,3,4,3,4,4,1,3,3,2,2,2,2,2,3,2,2,4,1,1,2,1,3,1,4,4,2,4,1,2,1,4,4,3,3,2,4,1,4,2,3,4,2,3,4,2,1,4,1,3,1,4,2,1,4,3,2,1,2,3,1,3,1,1,2,2,3,2,2,4,4,1,1,4,1,3,3,2,2,4,3,4,4,2,4,4,2,1,4,4,4,3,1,2,4,3,3,2,1,3,2,1,4,4,2,2,1,1,3,4,4,2,2,1,4,1,2,3,2,1,3,4,4,3,4,4,1,1,2,3,1,1,1,1,2,2,1,3,1,3,1,4,2,1,1,4,2,4,3,2,1,4,2,3,1,3,2,2,2,1,1,2,2,4,2,2,2,2,2,1,2,3,2,3,1,1,3,4,2,2,2,4,3,3,1,2,2,3,2,3,3,1,2,2,4,4,1,4,4,1,2,4,1,3,3,3,2,3,3,1,1,2,4,3,3,4,2,4,1,2,4,1,4,3,1,3,1,1,4,4,1,3,1,4,3,1,4,2,1,1,1,4,2,2,4,3,4,1,2,3,2,4,1,2,2,3,2,1,1,2,2,1,1,2,3,1,2,1,4,4,1,2,4,2,1,1,2,1,3,3,4,2,2,1,2,4,1,2,2,1,2,1,2,3,1,3,2,3,4,2,1,3,2,3,2,1,2,2,4,4,1,1,4,3,3,2,4,2,4,1,2,3,3,1,3,2,1,3,1,1,2,2,4,2,1,1,1,3,2,4,4,4,1,3,1,4,2,1,3,2,1,1,1,1,4,3,1,1,2,2,3,4,3,2,4,2,1,1,1,1,3,1,1,2,1,1,4,2,4,2,1,3,3,1,2,1,2,1,4,4,2,4,1,4,1,2,2,1,4,1,2,3,2,4,1,2,2,4,4,2,4,1,2,4,3,2,4,1,2,4,2,4,3,4,4,1,1,2,3,3,3,4,4,4,4,2,3,2,4,4,4,2,4,3,4,4,4,3,1,2,2,3,1,4,1,4,1,2,2,2,4,2,2,3,3,3,1,4,4,2,3,3,3,3,3,4,3,1,1,1,3,1,2,1,4,4,3,2,4,3,4,4,1,2,1,2,4,4,3,2,1,3,1,4,3,3,1,3,2,2,2,1,4,1,4,1,4,1,1,4,1,1,3,2,4,2,4,2,3,2,2,3,4,4,3,2,2,4,1,2,1,3,3,1,1,4,1,1,2,3,4,4,3,4,3,4,3,4,2,2,2,3,1,1,3,4,4,4,1,2,3,1,3,3,3,1,3,3,2,4,2,1,4,2,4,3,3,1,3,1,3,2,3,4,2,1,1,4,2,4,3,4,3,1,4,2,3,1,4,1,2,3,3,2,2,1,4,2,3,2,4,3,2,2,1,4,3,1,3,2,4,2,2,2,3,2,3,3,2,2,2,2,4,1,1,1,1,2,1,2,2,3,4,3,3,3,4,3,3,4,1,1,3,4,1,3,3,3,4,4,4,2,2,3,3,3,3,1,2,1,2,4,4,2,2,3,2,1,1,1,1,2,3,1,2,3,4,3,4,1,4,3,1,3,1,4,4,4,3,2,2,3,4,3,4,1,3,2,2,1,3,1,2,4,2,1,1,1,3,1,2,2,2,3,3,2,1,3,2,4,4,1,2,4,2,1,1,4,2,4,4,3,3,2,1,2,3,2,1,1,1,2,3,3,4,2,1,4,2,3,2,2,4,4,1,1,2,3,1,2,3,4,2,1,2,1,2,1,4,2,2,3,3,1,4,2,1,2,3,1,1,4,1,3,3,1,2,4,1,4,1,2,1,1,1,2,2,3,3,1,1,4,2,2,4,2,1,1,2,2,1,2,4,3,2,3,3,4,4,1,4,4,3,2,4,3,1,1,3,2,4,2,2,1,1,4,4,2,1,1,3,3,3,3,1,3,2,2,2,2,1,1,3,2,4,4,1,2,3,3,2,3,2,4,3,2,4,4,2,1,4,2,3,2,4,4,2,1,4,4,2,2,4,1,2,4,2,2,1,2,3,3,3,4,4,4,1,3,3,1,1,2,3,4,4,2,3,4,3,2,3,1,3,2,3,2,4,3,3,3,2,2,3,1,1,1,2,1,1,3,4,3,2,1,4,3,3,4,4,3,2,4,2,1,3,3,2,4,3,3,1,4,4,2,4,2,4,3,2,3,1,4,3,3,2,2,1,1,2,3,3,4,4,2,1,1,3,1,1,3,2,3,4,1,3,1,4,2,4,1,1,1,3,3,4,2,1,2,3,4,2,2,3,1,1,4,4,2,4,3,2,4,4,1,1,2,3,3,4,1,4,3,3,3,2,4,2,2,1,1,1,3,3,1,4,1,3,4,2,3,1,2,1,2,2,4,2,3,4,4,2,3,4,4,4,2,2,2,1,2,2,1,4,2,1,2,1,4,3,1,4,4,4,4,3,1,3,1,4,4,1,4,2,3,3,1,3,4,1,2,1,1,2,2,2,1,2,4,1,4,2,4,3,4,2,3,4,2,2,2,3,2,1,4,3,2,1,1,3,1,4,4,3,1,4,3,4,1,1,3,1,3,2,1,3,1,1,2"
195,0.9882103016793987,0.2647058823529411,2433.0,"4,2,1,1,2,2,3,1,2,1,4,4,4,1,2,2,4,1,1,2,1,2,4,1,3,1,2,2,4,1,1,2,3,3,1,2,4,1,2,2,2,3,4,3,3,2,2,1,4,4,2,3,3,3,4,2,4,1,4,2,2,3,2,4,3,2,2,4,3,2,1,2,2,3,4,2,3,3,3,1,4,4,3,4,1,2,3,4,1,4,4,1,1,4,3,4,3,2,4,1,2,1,3,2,2,4,1,4,2,1,1,1,3,3,1,2,3,4,4,1,3,2,2,3,2,2,3,2,4,1,2,2,1,1,1,2,3,4,2,2,4,3,2,3,4,4,2,1,1,1,1,1,1,3,3,4,2,2,2,1,4,1,1,3,1,3,3,1,1,4,1,2,2,2,1,3,3,1,4,1,3,3,2,2,3,3,2,4,2,1,3,4,2,4,4,4,2,4,1,1,1,3,3,4,2,3,2,3,4,3,2,2,3,3,1,1,1,4,4,4,4,4,4,4,4,2,2,1,1,1,3,3,3,1,3,3,4,3,4,4,3,1,1,2,1,2,4,1,1,2,4,3,1,2,4,2,3,4,4,2,3,4,1,1,2,1,3,2,1,3,4,2,4,1,3,2,4,1,1,4,4,1,1,4,2,2,2,4,2,4,1,1,1,4,1,4,2,1,2,3,2,2,1,2,3,2,4,1,1,1,1,1,1,1,2,3,1,4,2,2,4,2,1,3,2,1,1,3,2,2,3,3,2,3,1,4,1,3,3,1,4,4,1,1,4,4,3,3,2,3,4,4,3,3,1,2,1,2,4,4,1,4,4,2,3,3,4,4,1,3,2,1,2,3,2,3,3,2,1,4,3,4,3,1,4,3,2,2,3,4,3,4,1,2,4,1,3,1,3,1,3,4,3,1,1,4,3,3,1,2,1,2,1,3,2,3,4,3,3,4,4,2,2,3,4,2,4,2,3,3,3,2,1,3,4,3,1,3,3,1,4,1,3,2,1,4,3,2,3,3,4,2,4,2,1,1,1,4,2,1,1,3,4,3,3,3,3,3,1,1,1,2,1,1,4,2,4,3,3,3,4,3,2,4,3,2,4,3,4,3,4,2,2,4,1,1,1,3,1,4,1,1,2,3,4,2,1,3,1,3,3,1,3,1,4,2,4,3,3,1,4,3,4,3,4,3,4,4,1,3,3,2,2,2,2,2,3,2,2,4,1,1,2,1,3,1,4,4,2,4,1,2,1,4,4,3,3,2,4,1,4,2,3,4,2,3,4,2,1,4,1,3,1,4,2,1,4,3,2,1,2,3,1,3,1,1,2,2,3,2,2,4,4,1,1,4,1,3,3,2,2,4,3,4,4,2,4,4,2,1,4,4,4,3,1,2,4,3,3,2,1,3,2,1,4,4,2,2,1,1,3,4,4,2,2,1,4,1,2,3,2,1,3,4,4,3,4,4,1,1,2,3,1,1,1,1,2,2,1,3,1,3,1,4,2,1,1,4,2,4,3,2,1,4,2,3,1,3,2,2,2,1,1,2,2,4,2,2,2,2,2,1,2,3,2,3,1,1,3,4,2,2,2,4,3,3,1,2,2,3,2,3,3,1,2,2,4,4,1,4,4,1,2,4,1,3,3,3,2,3,3,1,1,2,4,3,3,4,2,4,1,2,4,1,4,3,1,3,1,1,4,4,1,3,1,4,3,1,4,2,1,1,1,4,2,2,4,3,4,1,2,3,2,4,1,2,2,3,2,1,1,2,2,1,1,2,3,1,2,1,4,4,1,2,4,2,1,1,2,1,3,3,4,2,2,1,2,4,1,2,2,1,2,1,2,3,1,3,2,3,4,2,1,3,2,3,2,1,2,2,4,4,1,1,4,3,3,2,4,2,4,1,2,3,3,1,3,2,1,3,1,1,2,2,4,2,1,1,1,3,2,4,4,4,1,3,1,4,2,1,3,2,1,1,1,1,4,3,1,1,2,2,3,4,3,2,4,2,1,1,1,1,3,1,1,2,1,1,4,2,4,2,1,3,3,1,2,1,2,1,4,4,2,4,1,4,1,2,2,1,4,1,2,3,2,4,1,2,2,4,4,2,4,1,2,4,3,2,4,1,2,4,2,4,3,4,4,1,1,2,3,3,3,4,4,4,4,2,3,2,4,4,4,2,4,3,4,4,4,3,1,2,2,3,1,4,1,4,1,2,2,2,4,2,2,3,3,3,1,4,4,2,3,3,3,3,3,4,3,1,1,1,3,1,2,1,4,4,3,2,4,3,4,4,1,2,1,2,4,4,3,2,1,3,1,4,3,3,1,3,2,2,2,1,4,1,4,1,4,1,1,4,1,1,3,2,4,2,4,2,3,2,2,3,4,4,3,2,2,4,1,2,1,3,3,1,1,4,1,1,2,3,4,4,3,4,3,4,3,4,2,2,2,3,1,1,3,4,4,4,1,2,3,1,3,3,3,1,3,3,2,4,2,1,4,2,4,3,3,1,3,1,3,2,3,4,2,1,1,4,2,4,3,4,3,1,4,2,3,1,4,1,2,3,3,2,2,1,4,2,3,2,4,3,2,2,1,4,3,1,3,2,4,2,2,2,3,2,3,3,2,2,2,2,4,1,1,1,1,2,1,2,2,3,4,3,3,3,4,3,3,4,1,1,3,4,1,3,3,3,4,4,4,2,2,3,3,3,3,1,2,1,2,4,4,2,2,3,2,1,1,1,1,2,3,1,2,3,4,3,4,1,4,3,1,3,1,4,4,4,3,2,2,3,4,3,4,1,3,2,2,1,3,1,2,4,2,1,1,1,3,1,2,2,2,3,3,2,1,3,2,4,4,1,2,4,2,1,1,4,2,4,4,3,3,2,1,2,3,2,1,1,1,2,3,3,4,2,1,4,2,3,2,2,4,4,1,1,2,3,1,2,3,4,2,1,2,1,2,1,4,2,2,3,3,1,4,2,1,2,3,1,1,4,1,3,3,1,2,4,1,4,1,2,1,1,1,2,2,3,3,1,1,4,2,2,4,2,1,1,2,2,1,2,4,3,2,3,3,4,4,1,4,4,3,2,4,3,1,1,3,2,4,2,2,1,1,4,4,2,1,1,3,3,3,3,1,3,2,2,2,2,1,1,3,2,4,4,1,2,3,3,2,3,2,4,3,2,4,4,2,1,4,2,3,2,4,4,2,1,4,4,2,2,4,1,2,4,2,2,1,2,3,3,3,4,4,4,1,3,3,1,1,2,3,4,4,2,3,4,3,2,3,1,3,2,3,2,4,3,3,3,2,2,3,1,1,1,2,1,1,3,4,3,2,1,4,3,3,4,4,3,2,4,2,1,3,3,2,4,3,3,1,4,4,2,4,2,4,3,2,3,1,4,3,3,2,2,1,1,2,3,3,4,4,2,1,1,3,1,1,3,2,3,4,1,3,1,4,2,4,1,1,1,3,3,4,2,1,2,3,4,2,2,3,1,1,4,4,2,4,3,2,4,4,1,1,2,3,3,4,1,4,3,3,3,2,4,2,2,1,1,1,3,3,1,4,1,3,4,2,3,1,2,1,2,2,4,2,3,4,4,2,3,4,4,4,2,2,2,1,2,2,1,4,2,1,2,1,4,3,1,4,4,4,4,3,1,3,1,4,4,1,4,2,3,3,1,3,4,1,2,1,1,2,2,2,1,2,4,1,4,2,4,3,4,2,3,4,2,2,2,3,2,1,4,3,2,1,1,3,1,4,4,3,1,4,3,4,1,1,3,1,3,2,1,3,1,1,2"
196,0.9882103016793987,0.2647058823529411,2433.0,"4,2,1,1,2,2,3,1,2,1,4,4,4,1,2,2,4,1,1,2,1,2,4,1,3,1,2,2,4,1,1,2,3,3,1,2,4,1,2,2,2,3,4,3,3,2,2,1,4,4,2,3,3,3,4,2,4,1,4,2,2,3,2,4,3,2,2,4,3,2,1,2,2,3,4,2,3,3,3,1,4,4,3,4,1,2,3,4,1,4,4,1,1,4,3,4,3,2,4,1,2,1,3,2,2,4,1,4,2,1,1,1,3,3,1,2,3,4,4,1,3,2,2,3,2,2,3,2,4,1,2,2,1,1,1,2,3,4,2,2,4,3,2,3,4,4,2,1,1,1,1,1,1,3,3,4,2,2,2,1,4,1,1,3,1,3,3,1,1,4,1,2,2,2,1,3,3,1,4,1,3,3,2,2,3,3,2,4,2,1,3,4,2,4,4,4,2,4,1,1,1,3,3,4,2,3,2,3,4,3,2,2,3,3,1,1,1,4,4,4,4,4,4,4,4,2,2,1,1,1,3,3,3,1,3,3,4,3,4,4,3,1,1,2,1,2,4,1,1,2,4,3,1,2,4,2,3,4,4,2,3,4,1,1,2,1,3,2,1,3,4,2,4,1,3,2,4,1,1,4,4,1,1,4,2,2,2,4,2,4,1,1,1,4,1,4,2,1,2,3,2,2,1,2,3,2,4,1,1,1,1,1,1,1,2,3,1,4,2,2,4,2,1,3,2,1,1,3,2,2,3,3,2,3,1,4,1,3,3,1,4,4,1,1,4,4,3,3,2,3,4,4,3,3,1,2,1,2,4,4,1,4,4,2,3,3,4,4,1,3,2,1,2,3,2,3,3,2,1,4,3,4,3,1,4,3,2,2,3,4,3,4,1,2,4,1,3,1,3,1,3,4,3,1,1,4,3,3,1,2,1,2,1,3,2,3,4,3,3,4,4,2,2,3,4,2,4,2,3,3,3,2,1,3,4,3,1,3,3,1,4,1,3,2,1,4,3,2,3,3,4,2,4,2,1,1,1,4,2,1,1,3,4,3,3,3,3,3,1,1,1,2,1,1,4,2,4,3,3,3,4,3,2,4,3,2,4,3,4,3,4,2,2,4,1,1,1,3,1,4,1,1,2,3,4,2,1,3,1,3,3,1,3,1,4,2,4,3,3,1,4,3,4,3,4,3,4,4,1,3,3,2,2,2,2,2,3,2,2,4,1,1,2,1,3,1,4,4,2,4,1,2,1,4,4,3,3,2,4,1,4,2,3,4,2,3,4,2,1,4,1,3,1,4,2,1,4,3,2,1,2,3,1,3,1,1,2,2,3,2,2,4,4,1,1,4,1,3,3,2,2,4,3,4,4,2,4,4,2,1,4,4,4,3,1,2,4,3,3,2,1,3,2,1,4,4,2,2,1,1,3,4,4,2,2,1,4,1,2,3,2,1,3,4,4,3,4,4,1,1,2,3,1,1,1,1,2,2,1,3,1,3,1,4,2,1,1,4,2,4,3,2,1,4,2,3,1,3,2,2,2,1,1,2,2,4,2,2,2,2,2,1,2,3,2,3,1,1,3,4,2,2,2,4,3,3,1,2,2,3,2,3,3,1,2,2,4,4,1,4,4,1,2,4,1,3,3,3,2,3,3,1,1,2,4,3,3,4,2,4,1,2,4,1,4,3,1,3,1,1,4,4,1,3,1,4,3,1,4,2,1,1,1,4,2,2,4,3,4,1,2,3,2,4,1,2,2,3,2,1,1,2,2,1,1,2,3,1,2,1,4,4,1,2,4,2,1,1,2,1,3,3,4,2,2,1,2,4,1,2,2,1,2,1,2,3,1,3,2,3,4,2,1,3,2,3,2,1,2,2,4,4,1,1,4,3,3,2,4,2,4,1,2,3,3,1,3,2,1,3,1,1,2,2,4,2,1,1,1,3,2,4,4,4,1,3,1,4,2,1,3,2,1,1,1,1,4,3,1,1,2,2,3,4,3,2,4,2,1,1,1,1,3,1,1,2,1,1,4,2,4,2,1,3,3,1,2,1,2,1,4,4,2,4,1,4,1,2,2,1,4,1,2,3,2,4,1,2,2,4,4,2,4,1,2,4,3,2,4,1,2,4,2,4,3,4,4,1,1,2,3,3,3,4,4,4,4,2,3,2,4,4,4,2,4,3,4,4,4,3,1,2,2,3,1,4,1,4,1,2,2,2,4,2,2,3,3,3,1,4,4,2,3,3,3,3,3,4,3,1,1,1,3,1,2,1,4,4,3,2,4,3,4,4,1,2,1,2,4,4,3,2,1,3,1,4,3,3,1,3,2,2,2,1,4,1,4,1,4,1,1,4,1,1,3,2,4,2,4,2,3,2,2,3,4,4,3,2,2,4,1,2,1,3,3,1,1,4,1,1,2,3,4,4,3,4,3,4,3,4,2,2,2,3,1,1,3,4,4,4,1,2,3,1,3,3,3,1,3,3,2,4,2,1,4,2,4,3,3,1,3,1,3,2,3,4,2,1,1,4,2,4,3,4,3,1,4,2,3,1,4,1,2,3,3,2,2,1,4,2,3,2,4,3,2,2,1,4,3,1,3,2,4,2,2,2,3,2,3,3,2,2,2,2,4,1,1,1,1,2,1,2,2,3,4,3,3,3,4,3,3,4,1,1,3,4,1,3,3,3,4,4,4,2,2,3,3,3,3,1,2,1,2,4,4,2,2,3,2,1,1,1,1,2,3,1,2,3,4,3,4,1,4,3,1,3,1,4,4,4,3,2,2,3,4,3,4,1,3,2,2,1,3,1,2,4,2,1,1,1,3,1,2,2,2,3,3,2,1,3,2,4,4,1,2,4,2,1,1,4,2,4,4,3,3,2,1,2,3,2,1,1,1,2,3,3,4,2,1,4,2,3,2,2,4,4,1,1,2,3,1,2,3,4,2,1,2,1,2,1,4,2,2,3,3,1,4,2,1,2,3,1,1,4,1,3,3,1,2,4,1,4,1,2,1,1,1,2,2,3,3,1,1,4,2,2,4,2,1,1,2,2,1,2,4,3,2,3,3,4,4,1,4,4,3,2,4,3,1,1,3,2,4,2,2,1,1,4,4,2,1,1,3,3,3,3,1,3,2,2,2,2,1,1,3,2,4,4,1,2,3,3,2,3,2,4,3,2,4,4,2,1,4,2,3,2,4,4,2,1,4,4,2,2,4,1,2,4,2,2,1,2,3,3,3,4,4,4,1,3,3,1,1,2,3,4,4,2,3,4,3,2,3,1,3,2,3,2,4,3,3,3,2,2,3,1,1,1,2,1,1,3,4,3,2,1,4,3,3,4,4,3,2,4,2,1,3,3,2,4,3,3,1,4,4,2,4,2,4,3,2,3,1,4,3,3,2,2,1,1,2,3,3,4,4,2,1,1,3,1,1,3,2,3,4,1,3,1,4,2,4,1,1,1,3,3,4,2,1,2,3,4,2,2,3,1,1,4,4,2,4,3,2,4,4,1,1,2,3,3,4,1,4,3,3,3,2,4,2,2,1,1,1,3,3,1,4,1,3,4,2,3,1,2,1,2,2,4,2,3,4,4,2,3,4,4,4,2,2,2,1,2,2,1,4,2,1,2,1,4,3,1,4,4,4,4,3,1,3,1,4,4,1,4,2,3,3,1,3,4,1,2,1,1,2,2,2,1,2,4,1,4,2,4,3,4,2,3,4,2,2,2,3,2,1,4,3,2,1,1,3,1,4,4,3,1,4,3,4,1,1,3,1,3,2,1,3,1,1,2"
197,0.9882103016793987,0.2647058823529411,2433.0,"4,2,1,1,2,2,3,1,2,1,4,4,4,1,2,2,4,1,1,2,1,2,4,1,3,1,2,2,4,1,1,2,3,3,1,2,4,1,2,2,2,3,4,3,3,2,2,1,4,4,2,3,3,3,4,2,4,1,4,2,2,3,2,4,3,2,2,4,3,2,1,2,2,3,4,2,3,3,3,1,4,4,3,4,1,2,3,4,1,4,4,1,1,4,3,4,3,2,4,1,2,1,3,2,2,4,1,4,2,1,1,1,3,3,1,2,3,4,4,1,3,2,2,3,2,2,3,2,4,1,2,2,1,1,1,2,3,4,2,2,4,3,2,3,4,4,2,1,1,1,1,1,1,3,3,4,2,2,2,1,4,1,1,3,1,3,3,1,1,4,1,2,2,2,1,3,3,1,4,1,3,3,2,2,3,3,2,4,2,1,3,4,2,4,4,4,2,4,1,1,1,3,3,4,2,3,2,3,4,3,2,2,3,3,1,1,1,4,4,4,4,4,4,4,4,2,2,1,1,1,3,3,3,1,3,3,4,3,4,4,3,1,1,2,1,2,4,1,1,2,4,3,1,2,4,2,3,4,4,2,3,4,1,1,2,1,3,2,1,3,4,2,4,1,3,2,4,1,1,4,4,1,1,4,2,2,2,4,2,4,1,1,1,4,1,4,2,1,2,3,2,2,1,2,3,2,4,1,1,1,1,1,1,1,2,3,1,4,2,2,4,2,1,3,2,1,1,3,2,2,3,3,2,3,1,4,1,3,3,1,4,4,1,1,4,4,3,3,2,3,4,4,3,3,1,2,1,2,4,4,1,4,4,2,3,3,4,4,1,3,2,1,2,3,2,3,3,2,1,4,3,4,3,1,4,3,2,2,3,4,3,4,1,2,4,1,3,1,3,1,3,4,3,1,1,4,3,3,1,2,1,2,1,3,2,3,4,3,3,4,4,2,2,3,4,2,4,2,3,3,3,2,1,3,4,3,1,3,3,1,4,1,3,2,1,4,3,2,3,3,4,2,4,2,1,1,1,4,2,1,1,3,4,3,3,3,3,3,1,1,1,2,1,1,4,2,4,3,3,3,4,3,2,4,3,2,4,3,4,3,4,2,2,4,1,1,1,3,1,4,1,1,2,3,4,2,1,3,1,3,3,1,3,1,4,2,4,3,3,1,4,3,4,3,4,3,4,4,1,3,3,2,2,2,2,2,3,2,2,4,1,1,2,1,3,1,4,4,2,4,1,2,1,4,4,3,3,2,4,1,4,2,3,4,2,3,4,2,1,4,1,3,1,4,2,1,4,3,2,1,2,3,1,3,1,1,2,2,3,2,2,4,4,1,1,4,1,3,3,2,2,4,3,4,4,2,4,4,2,1,4,4,4,3,1,2,4,3,3,2,1,3,2,1,4,4,2,2,1,1,3,4,4,2,2,1,4,1,2,3,2,1,3,4,4,3,4,4,1,1,2,3,1,1,1,1,2,2,1,3,1,3,1,4,2,1,1,4,2,4,3,2,1,4,2,3,1,3,2,2,2,1,1,2,2,4,2,2,2,2,2,1,2,3,2,3,1,1,3,4,2,2,2,4,3,3,1,2,2,3,2,3,3,1,2,2,4,4,1,4,4,1,2,4,1,3,3,3,2,3,3,1,1,2,4,3,3,4,2,4,1,2,4,1,4,3,1,3,1,1,4,4,1,3,1,4,3,1,4,2,1,1,1,4,2,2,4,3,4,1,2,3,2,4,1,2,2,3,2,1,1,2,2,1,1,2,3,1,2,1,4,4,1,2,4,2,1,1,2,1,3,3,4,2,2,1,2,4,1,2,2,1,2,1,2,3,1,3,2,3,4,2,1,3,2,3,2,1,2,2,4,4,1,1,4,3,3,2,4,2,4,1,2,3,3,1,3,2,1,3,1,1,2,2,4,2,1,1,1,3,2,4,4,4,1,3,1,4,2,1,3,2,1,1,1,1,4,3,1,1,2,2,3,4,3,2,4,2,1,1,1,1,3,1,1,2,1,1,4,2,4,2,1,3,3,1,2,1,2,1,4,4,2,4,1,4,1,2,2,1,4,1,2,3,2,4,1,2,2,4,4,2,4,1,2,4,3,2,4,1,2,4,2,4,3,4,4,1,1,2,3,3,3,4,4,4,4,2,3,2,4,4,4,2,4,3,4,4,4,3,1,2,2,3,1,4,1,4,1,2,2,2,4,2,2,3,3,3,1,4,4,2,3,3,3,3,3,4,3,1,1,1,3,1,2,1,4,4,3,2,4,3,4,4,1,2,1,2,4,4,3,2,1,3,1,4,3,3,1,3,2,2,2,1,4,1,4,1,4,1,1,4,1,1,3,2,4,2,4,2,3,2,2,3,4,4,3,2,2,4,1,2,1,3,3,1,1,4,1,1,2,3,4,4,3,4,3,4,3,4,2,2,2,3,1,1,3,4,4,4,1,2,3,1,3,3,3,1,3,3,2,4,2,1,4,2,4,3,3,1,3,1,3,2,3,4,2,1,1,4,2,4,3,4,3,1,4,2,3,1,4,1,2,3,3,2,2,1,4,2,3,2,4,3,2,2,1,4,3,1,3,2,4,2,2,2,3,2,3,3,2,2,2,2,4,1,1,1,1,2,1,2,2,3,4,3,3,3,4,3,3,4,1,1,3,4,1,3,3,3,4,4,4,2,2,3,3,3,3,1,2,1,2,4,4,2,2,3,2,1,1,1,1,2,3,1,2,3,4,3,4,1,4,3,1,3,1,4,4,4,3,2,2,3,4,3,4,1,3,2,2,1,3,1,2,4,2,1,1,1,3,1,2,2,2,3,3,2,1,3,2,4,4,1,2,4,2,1,1,4,2,4,4,3,3,2,1,2,3,2,1,1,1,2,3,3,4,2,1,4,2,3,2,2,4,4,1,1,2,3,1,2,3,4,2,1,2,1,2,1,4,2,2,3,3,1,4,2,1,2,3,1,1,4,1,3,3,1,2,4,1,4,1,2,1,1,1,2,2,3,3,1,1,4,2,2,4,2,1,1,2,2,1,2,4,3,2,3,3,4,4,1,4,4,3,2,4,3,1,1,3,2,4,2,2,1,1,4,4,2,1,1,3,3,3,3,1,3,2,2,2,2,1,1,3,2,4,4,1,2,3,3,2,3,2,4,3,2,4,4,2,1,4,2,3,2,4,4,2,1,4,4,2,2,4,1,2,4,2,2,1,2,3,3,3,4,4,4,1,3,3,1,1,2,3,4,4,2,3,4,3,2,3,1,3,2,3,2,4,3,3,3,2,2,3,1,1,1,2,1,1,3,4,3,2,1,4,3,3,4,4,3,2,4,2,1,3,3,2,4,3,3,1,4,4,2,4,2,4,3,2,3,1,4,3,3,2,2,1,1,2,3,3,4,4,2,1,1,3,1,1,3,2,3,4,1,3,1,4,2,4,1,1,1,3,3,4,2,1,2,3,4,2,2,3,1,1,4,4,2,4,3,2,4,4,1,1,2,3,3,4,1,4,3,3,3,2,4,2,2,1,1,1,3,3,1,4,1,3,4,2,3,1,2,1,2,2,4,2,3,4,4,2,3,4,4,4,2,2,2,1,2,2,1,4,2,1,2,1,4,3,1,4,4,4,4,3,1,3,1,4,4,1,4,2,3,3,1,3,4,1,2,1,1,2,2,2,1,2,4,1,4,2,4,3,4,2,3,4,2,2,2,3,2,1,4,3,2,1,1,3,1,4,4,3,1,4,3,4,1,1,3,1,3,2,1,3,1,1,2"
198,0.9882103016793987,0.2647058823529411,2433.0,"4,2,1,1,2,2,3,1,2,1,4,4,4,1,2,2,4,1,1,2,1,2,4,1,3,1,2,2,4,1,1,2,3,3,1,2,4,1,2,2,2,3,4,3,3,2,2,1,4,4,2,3,3,3,4,2,4,1,4,2,2,3,2,4,3,2,2,4,3,2,1,2,2,3,4,2,3,3,3,1,4,4,3,4,1,2,3,4,1,4,4,1,1,4,3,4,3,2,4,1,2,1,3,2,2,4,1,4,2,1,1,1,3,3,1,2,3,4,4,1,3,2,2,3,2,2,3,2,4,1,2,2,1,1,1,2,3,4,2,2,4,3,2,3,4,4,2,1,1,1,1,1,1,3,3,4,2,2,2,1,4,1,1,3,1,3,3,1,1,4,1,2,2,2,1,3,3,1,4,1,3,3,2,2,3,3,2,4,2,1,3,4,2,4,4,4,2,4,1,1,1,3,3,4,2,3,2,3,4,3,2,2,3,3,1,1,1,4,4,4,4,4,4,4,4,2,2,1,1,1,3,3,3,1,3,3,4,3,4,4,3,1,1,2,1,2,4,1,1,2,4,3,1,2,4,2,3,4,4,2,3,4,1,1,2,1,3,2,1,3,4,2,4,1,3,2,4,1,1,4,4,1,1,4,2,2,2,4,2,4,1,1,1,4,1,4,2,1,2,3,2,2,1,2,3,2,4,1,1,1,1,1,1,1,2,3,1,4,2,2,4,2,1,3,2,1,1,3,2,2,3,3,2,3,1,4,1,3,3,1,4,4,1,1,4,4,3,3,2,3,4,4,3,3,1,2,1,2,4,4,1,4,4,2,3,3,4,4,1,3,2,1,2,3,2,3,3,2,1,4,3,4,3,1,4,3,2,2,3,4,3,4,1,2,4,1,3,1,3,1,3,4,3,1,1,4,3,3,1,2,1,2,1,3,2,3,4,3,3,4,4,2,2,3,4,2,4,2,3,3,3,2,1,3,4,3,1,3,3,1,4,1,3,2,1,4,3,2,3,3,4,2,4,2,1,1,1,4,2,1,1,3,4,3,3,3,3,3,1,1,1,2,1,1,4,2,4,3,3,3,4,3,2,4,3,2,4,3,4,3,4,2,2,4,1,1,1,3,1,4,1,1,2,3,4,2,1,3,1,3,3,1,3,1,4,2,4,3,3,1,4,3,4,3,4,3,4,4,1,3,3,2,2,2,2,2,3,2,2,4,1,1,2,1,3,1,4,4,2,4,1,2,1,4,4,3,3,2,4,1,4,2,3,4,2,3,4,2,1,4,1,3,1,4,2,1,4,3,2,1,2,3,1,3,1,1,2,2,3,2,2,4,4,1,1,4,1,3,3,2,2,4,3,4,4,2,4,4,2,1,4,4,4,3,1,2,4,3,3,2,1,3,2,1,4,4,2,2,1,1,3,4,4,2,2,1,4,1,2,3,2,1,3,4,4,3,4,4,1,1,2,3,1,1,1,1,2,2,1,3,1,3,1,4,2,1,1,4,2,4,3,2,1,4,2,3,1,3,2,2,2,1,1,2,2,4,2,2,2,2,2,1,2,3,2,3,1,1,3,4,2,2,2,4,3,3,1,2,2,3,2,3,3,1,2,2,4,4,1,4,4,1,2,4,1,3,3,3,2,3,3,1,1,2,4,3,3,4,2,4,1,2,4,1,4,3,1,3,1,1,4,4,1,3,1,4,3,1,4,2,1,1,1,4,2,2,4,3,4,1,2,3,2,4,1,2,2,3,2,1,1,2,2,1,1,2,3,1,2,1,4,4,1,2,4,2,1,1,2,1,3,3,4,2,2,1,2,4,1,2,2,1,2,1,2,3,1,3,2,3,4,2,1,3,2,3,2,1,2,2,4,4,1,1,4,3,3,2,4,2,4,1,2,3,3,1,3,2,1,3,1,1,2,2,4,2,1,1,1,3,2,4,4,4,1,3,1,4,2,1,3,2,1,1,1,1,4,3,1,1,2,2,3,4,3,2,4,2,1,1,1,1,3,1,1,2,1,1,4,2,4,2,1,3,3,1,2,1,2,1,4,4,2,4,1,4,1,2,2,1,4,1,2,3,2,4,1,2,2,4,4,2,4,1,2,4,3,2,4,1,2,4,2,4,3,4,4,1,1,2,3,3,3,4,4,4,4,2,3,2,4,4,4,2,4,3,4,4,4,3,1,2,2,3,1,4,1,4,1,2,2,2,4,2,2,3,3,3,1,4,4,2,3,3,3,3,3,4,3,1,1,1,3,1,2,1,4,4,3,2,4,3,4,4,1,2,1,2,4,4,3,2,1,3,1,4,3,3,1,3,2,2,2,1,4,1,4,1,4,1,1,4,1,1,3,2,4,2,4,2,3,2,2,3,4,4,3,2,2,4,1,2,1,3,3,1,1,4,1,1,2,3,4,4,3,4,3,4,3,4,2,2,2,3,1,1,3,4,4,4,1,2,3,1,3,3,3,1,3,3,2,4,2,1,4,2,4,3,3,1,3,1,3,2,3,4,2,1,1,4,2,4,3,4,3,1,4,2,3,1,4,1,2,3,3,2,2,1,4,2,3,2,4,3,2,2,1,4,3,1,3,2,4,2,2,2,3,2,3,3,2,2,2,2,4,1,1,1,1,2,1,2,2,3,4,3,3,3,4,3,3,4,1,1,3,4,1,3,3,3,4,4,4,2,2,3,3,3,3,1,2,1,2,4,4,2,2,3,2,1,1,1,1,2,3,1,2,3,4,3,4,1,4,3,1,3,1,4,4,4,3,2,2,3,4,3,4,1,3,2,2,1,3,1,2,4,2,1,1,1,3,1,2,2,2,3,3,2,1,3,2,4,4,1,2,4,2,1,1,4,2,4,4,3,3,2,1,2,3,2,1,1,1,2,3,3,4,2,1,4,2,3,2,2,4,4,1,1,2,3,1,2,3,4,2,1,2,1,2,1,4,2,2,3,3,1,4,2,1,2,3,1,1,4,1,3,3,1,2,4,1,4,1,2,1,1,1,2,2,3,3,1,1,4,2,2,4,2,1,1,2,2,1,2,4,3,2,3,3,4,4,1,4,4,3,2,4,3,1,1,3,2,4,2,2,1,1,4,4,2,1,1,3,3,3,3,1,3,2,2,2,2,1,1,3,2,4,4,1,2,3,3,2,3,2,4,3,2,4,4,2,1,4,2,3,2,4,4,2,1,4,4,2,2,4,1,2,4,2,2,1,2,3,3,3,4,4,4,1,3,3,1,1,2,3,4,4,2,3,4,3,2,3,1,3,2,3,2,4,3,3,3,2,2,3,1,1,1,2,1,1,3,4,3,2,1,4,3,3,4,4,3,2,4,2,1,3,3,2,4,3,3,1,4,4,2,4,2,4,3,2,3,1,4,3,3,2,2,1,1,2,3,3,4,4,2,1,1,3,1,1,3,2,3,4,1,3,1,4,2,4,1,1,1,3,3,4,2,1,2,3,4,2,2,3,1,1,4,4,2,4,3,2,4,4,1,1,2,3,3,4,1,4,3,3,3,2,4,2,2,1,1,1,3,3,1,4,1,3,4,2,3,1,2,1,2,2,4,2,3,4,4,2,3,4,4,4,2,2,2,1,2,2,1,4,2,1,2,1,4,3,1,4,4,4,4,3,1,3,1,4,4,1,4,2,3,3,1,3,4,1,2,1,1,2,2,2,1,2,4,1,4,2,4,3,4,2,3,4,2,2,2,3,2,1,4,3,2,1,1,3,1,4,4,3,1,4,3,4,1,1,3,1,3,2,1,3,1,1,2"
199,0.9882103016793987,0.2647058823529411,2433.0,"4,2,1,1,2,2,3,1,2,1,4,4,4,1,2,2,4,1,1,2,1,2,4,1,3,1,2,2,4,1,1,2,3,3,1,2,4,1,2,2,2,3,4,3,3,2,2,1,4,4,2,3,3,3,4,2,4,1,4,2,2,3,2,4,3,2,2,4,3,2,1,2,2,3,4,2,3,3,3,1,4,4,3,4,1,2,3,4,1,4,4,1,1,4,3,4,3,2,4,1,2,1,3,2,2,4,1,4,2,1,1,1,3,3,1,2,3,4,4,1,3,2,2,3,2,2,3,2,4,1,2,2,1,1,1,2,3,4,2,2,4,3,2,3,4,4,2,1,1,1,1,1,1,3,3,4,2,2,2,1,4,1,1,3,1,3,3,1,1,4,1,2,2,2,1,3,3,1,4,1,3,3,2,2,3,3,2,4,2,1,3,4,2,4,4,4,2,4,1,1,1,3,3,4,2,3,2,3,4,3,2,2,3,3,1,1,1,4,4,4,4,4,4,4,4,2,2,1,1,1,3,3,3,1,3,3,4,3,4,4,3,1,1,2,1,2,4,1,1,2,4,3,1,2,4,2,3,4,4,2,3,4,1,1,2,1,3,2,1,3,4,2,4,1,3,2,4,1,1,4,4,1,1,4,2,2,2,4,2,4,1,1,1,4,1,4,2,1,2,3,2,2,1,2,3,2,4,1,1,1,1,1,1,1,2,3,1,4,2,2,4,2,1,3,2,1,1,3,2,2,3,3,2,3,1,4,1,3,3,1,4,4,1,1,4,4,3,3,2,3,4,4,3,3,1,2,1,2,4,4,1,4,4,2,3,3,4,4,1,3,2,1,2,3,2,3,3,2,1,4,3,4,3,1,4,3,2,2,3,4,3,4,1,2,4,1,3,1,3,1,3,4,3,1,1,4,3,3,1,2,1,2,1,3,2,3,4,3,3,4,4,2,2,3,4,2,4,2,3,3,3,2,1,3,4,3,1,3,3,1,4,1,3,2,1,4,3,2,3,3,4,2,4,2,1,1,1,4,2,1,1,3,4,3,3,3,3,3,1,1,1,2,1,1,4,2,4,3,3,3,4,3,2,4,3,2,4,3,4,3,4,2,2,4,1,1,1,3,1,4,1,1,2,3,4,2,1,3,1,3,3,1,3,1,4,2,4,3,3,1,4,3,4,3,4,3,4,4,1,3,3,2,2,2,2,2,3,2,2,4,1,1,2,1,3,1,4,4,2,4,1,2,1,4,4,3,3,2,4,1,4,2,3,4,2,3,4,2,1,4,1,3,1,4,2,1,4,3,2,1,2,3,1,3,1,1,2,2,3,2,2,4,4,1,1,4,1,3,3,2,2,4,3,4,4,2,4,4,2,1,4,4,4,3,1,2,4,3,3,2,1,3,2,1,4,4,2,2,1,1,3,4,4,2,2,1,4,1,2,3,2,1,3,4,4,3,4,4,1,1,2,3,1,1,1,1,2,2,1,3,1,3,1,4,2,1,1,4,2,4,3,2,1,4,2,3,1,3,2,2,2,1,1,2,2,4,2,2,2,2,2,1,2,3,2,3,1,1,3,4,2,2,2,4,3,3,1,2,2,3,2,3,3,1,2,2,4,4,1,4,4,1,2,4,1,3,3,3,2,3,3,1,1,2,4,3,3,4,2,4,1,2,4,1,4,3,1,3,1,1,4,4,1,3,1,4,3,1,4,2,1,1,1,4,2,2,4,3,4,1,2,3,2,4,1,2,2,3,2,1,1,2,2,1,1,2,3,1,2,1,4,4,1,2,4,2,1,1,2,1,3,3,4,2,2,1,2,4,1,2,2,1,2,1,2,3,1,3,2,3,4,2,1,3,2,3,2,1,2,2,4,4,1,1,4,3,3,2,4,2,4,1,2,3,3,1,3,2,1,3,1,1,2,2,4,2,1,1,1,3,2,4,4,4,1,3,1,4,2,1,3,2,1,1,1,1,4,3,1,1,2,2,3,4,3,2,4,2,1,1,1,1,3,1,1,2,1,1,4,2,4,2,1,3,3,1,2,1,2,1,4,4,2,4,1,4,1,2,2,1,4,1,2,3,2,4,1,2,2,4,4,2,4,1,2,4,3,2,4,1,2,4,2,4,3,4,4,1,1,2,3,3,3,4,4,4,4,2,3,2,4,4,4,2,4,3,4,4,4,3,1,2,2,3,1,4,1,4,1,2,2,2,4,2,2,3,3,3,1,4,4,2,3,3,3,3,3,4,3,1,1,1,3,1,2,1,4,4,3,2,4,3,4,4,1,2,1,2,4,4,3,2,1,3,1,4,3,3,1,3,2,2,2,1,4,1,4,1,4,1,1,4,1,1,3,2,4,2,4,2,3,2,2,3,4,4,3,2,2,4,1,2,1,3,3,1,1,4,1,1,2,3,4,4,3,4,3,4,3,4,2,2,2,3,1,1,3,4,4,4,1,2,3,1,3,3,3,1,3,3,2,4,2,1,4,2,4,3,3,1,3,1,3,2,3,4,2,1,1,4,2,4,3,4,3,1,4,2,3,1,4,1,2,3,3,2,2,1,4,2,3,2,4,3,2,2,1,4,3,1,3,2,4,2,2,2,3,2,3,3,2,2,2,2,4,1,1,1,1,2,1,2,2,3,4,3,3,3,4,3,3,4,1,1,3,4,1,3,3,3,4,4,4,2,2,3,3,3,3,1,2,1,2,4,4,2,2,3,2,1,1,1,1,2,3,1,2,3,4,3,4,1,4,3,1,3,1,4,4,4,3,2,2,3,4,3,4,1,3,2,2,1,3,1,2,4,2,1,1,1,3,1,2,2,2,3,3,2,1,3,2,4,4,1,2,4,2,1,1,4,2,4,4,3,3,2,1,2,3,2,1,1,1,2,3,3,4,2,1,4,2,3,2,2,4,4,1,1,2,3,1,2,3,4,2,1,2,1,2,1,4,2,2,3,3,1,4,2,1,2,3,1,1,4,1,3,3,1,2,4,1,4,1,2,1,1,1,2,2,3,3,1,1,4,2,2,4,2,1,1,2,2,1,2,4,3,2,3,3,4,4,1,4,4,3,2,4,3,1,1,3,2,4,2,2,1,1,4,4,2,1,1,3,3,3,3,1,3,2,2,2,2,1,1,3,2,4,4,1,2,3,3,2,3,2,4,3,2,4,4,2,1,4,2,3,2,4,4,2,1,4,4,2,2,4,1,2,4,2,2,1,2,3,3,3,4,4,4,1,3,3,1,1,2,3,4,4,2,3,4,3,2,3,1,3,2,3,2,4,3,3,3,2,2,3,1,1,1,2,1,1,3,4,3,2,1,4,3,3,4,4,3,2,4,2,1,3,3,2,4,3,3,1,4,4,2,4,2,4,3,2,3,1,4,3,3,2,2,1,1,2,3,3,4,4,2,1,1,3,1,1,3,2,3,4,1,3,1,4,2,4,1,1,1,3,3,4,2,1,2,3,4,2,2,3,1,1,4,4,2,4,3,2,4,4,1,1,2,3,3,4,1,4,3,3,3,2,4,2,2,1,1,1,3,3,1,4,1,3,4,2,3,1,2,1,2,2,4,2,3,4,4,2,3,4,4,4,2,2,2,1,2,2,1,4,2,1,2,1,4,3,1,4,4,4,4,3,1,3,1,4,4,1,4,2,3,3,1,3,4,1,2,1,1,2,2,2,1,2,4,1,4,2,4,3,4,2,3,4,2,2,2,3,2,1,4,3,2,1,1,3,1,4,4,3,1,4,3,4,1,1,3,1,3,2,1,3,1,1,2"
200,0.9882103016793987,0.2647058823529411,2433.0,"4,2,1,1,2,2,3,1,2,1,4,4,4,1,2,2,4,1,1,2,1,2,4,1,3,1,2,2,4,1,1,2,3,3,1,2,4,1,2,2,2,3,4,3,3,2,2,1,4,4,2,3,3,3,4,2,4,1,4,2,2,3,2,4,3,2,2,4,3,2,1,2,2,3,4,2,3,3,3,1,4,4,3,4,1,2,3,4,1,4,4,1,1,4,3,4,3,2,4,1,2,1,3,2,2,4,1,4,2,1,1,1,3,3,1,2,3,4,4,1,3,2,2,3,2,2,3,2,4,1,2,2,1,1,1,2,3,4,2,2,4,3,2,3,4,4,2,1,1,1,1,1,1,3,3,4,2,2,2,1,4,1,1,3,1,3,3,1,1,4,1,2,2,2,1,3,3,1,4,1,3,3,2,2,3,3,2,4,2,1,3,4,2,4,4,4,2,4,1,1,1,3,3,4,2,3,2,3,4,3,2,2,3,3,1,1,1,4,4,4,4,4,4,4,4,2,2,1,1,1,3,3,3,1,3,3,4,3,4,4,3,1,1,2,1,2,4,1,1,2,4,3,1,2,4,2,3,4,4,2,3,4,1,1,2,1,3,2,1,3,4,2,4,1,3,2,4,1,1,4,4,1,1,4,2,2,2,4,2,4,1,1,1,4,1,4,2,1,2,3,2,2,1,2,3,2,4,1,1,1,1,1,1,1,2,3,1,4,2,2,4,2,1,3,2,1,1,3,2,2,3,3,2,3,1,4,1,3,3,1,4,4,1,1,4,4,3,3,2,3,4,4,3,3,1,2,1,2,4,4,1,4,4,2,3,3,4,4,1,3,2,1,2,3,2,3,3,2,1,4,3,4,3,1,4,3,2,2,3,4,3,4,1,2,4,1,3,1,3,1,3,4,3,1,1,4,3,3,1,2,1,2,1,3,2,3,4,3,3,4,4,2,2,3,4,2,4,2,3,3,3,2,1,3,4,3,1,3,3,1,4,1,3,2,1,4,3,2,3,3,4,2,4,2,1,1,1,4,2,1,1,3,4,3,3,3,3,3,1,1,1,2,1,1,4,2,4,3,3,3,4,3,2,4,3,2,4,3,4,3,4,2,2,4,1,1,1,3,1,4,1,1,2,3,4,2,1,3,1,3,3,1,3,1,4,2,4,3,3,1,4,3,4,3,4,3,4,4,1,3,3,2,2,2,2,2,3,2,2,4,1,1,2,1,3,1,4,4,2,4,1,2,1,4,4,3,3,2,4,1,4,2,3,4,2,3,4,2,1,4,1,3,1,4,2,1,4,3,2,1,2,3,1,3,1,1,2,2,3,2,2,4,4,1,1,4,1,3,3,2,2,4,3,4,4,2,4,4,2,1,4,4,4,3,1,2,4,3,3,2,1,3,2,1,4,4,2,2,1,1,3,4,4,2,2,1,4,1,2,3,2,1,3,4,4,3,4,4,1,1,2,3,1,1,1,1,2,2,1,3,1,3,1,4,2,1,1,4,2,4,3,2,1,4,2,3,1,3,2,2,2,1,1,2,2,4,2,2,2,2,2,1,2,3,2,3,1,1,3,4,2,2,2,4,3,3,1,2,2,3,2,3,3,1,2,2,4,4,1,4,4,1,2,4,1,3,3,3,2,3,3,1,1,2,4,3,3,4,2,4,1,2,4,1,4,3,1,3,1,1,4,4,1,3,1,4,3,1,4,2,1,1,1,4,2,2,4,3,4,1,2,3,2,4,1,2,2,3,2,1,1,2,2,1,1,2,3,1,2,1,4,4,1,2,4,2,1,1,2,1,3,3,4,2,2,1,2,4,1,2,2,1,2,1,2,3,1,3,2,3,4,2,1,3,2,3,2,1,2,2,4,4,1,1,4,3,3,2,4,2,4,1,2,3,3,1,3,2,1,3,1,1,2,2,4,2,1,1,1,3,2,4,4,4,1,3,1,4,2,1,3,2,1,1,1,1,4,3,1,1,2,2,3,4,3,2,4,2,1,1,1,1,3,1,1,2,1,1,4,2,4,2,1,3,3,1,2,1,2,1,4,4,2,4,1,4,1,2,2,1,4,1,2,3,2,4,1,2,2,4,4,2,4,1,2,4,3,2,4,1,2,4,2,4,3,4,4,1,1,2,3,3,3,4,4,4,4,2,3,2,4,4,4,2,4,3,4,4,4,3,1,2,2,3,1,4,1,4,1,2,2,2,4,2,2,3,3,3,1,4,4,2,3,3,3,3,3,4,3,1,1,1,3,1,2,1,4,4,3,2,4,3,4,4,1,2,1,2,4,4,3,2,1,3,1,4,3,3,1,3,2,2,2,1,4,1,4,1,4,1,1,4,1,1,3,2,4,2,4,2,3,2,2,3,4,4,3,2,2,4,1,2,1,3,3,1,1,4,1,1,2,3,4,4,3,4,3,4,3,4,2,2,2,3,1,1,3,4,4,4,1,2,3,1,3,3,3,1,3,3,2,4,2,1,4,2,4,3,3,1,3,1,3,2,3,4,2,1,1,4,2,4,3,4,3,1,4,2,3,1,4,1,2,3,3,2,2,1,4,2,3,2,4,3,2,2,1,4,3,1,3,2,4,2,2,2,3,2,3,3,2,2,2,2,4,1,1,1,1,2,1,2,2,3,4,3,3,3,4,3,3,4,1,1,3,4,1,3,3,3,4,4,4,2,2,3,3,3,3,1,2,1,2,4,4,2,2,3,2,1,1,1,1,2,3,1,2,3,4,3,4,1,4,3,1,3,1,4,4,4,3,2,2,3,4,3,4,1,3,2,2,1,3,1,2,4,2,1,1,1,3,1,2,2,2,3,3,2,1,3,2,4,4,1,2,4,2,1,1,4,2,4,4,3,3,2,1,2,3,2,1,1,1,2,3,3,4,2,1,4,2,3,2,2,4,4,1,1,2,3,1,2,3,4,2,1,2,1,2,1,4,2,2,3,3,1,4,2,1,2,3,1,1,4,1,3,3,1,2,4,1,4,1,2,1,1,1,2,2,3,3,1,1,4,2,2,4,2,1,1,2,2,1,2,4,3,2,3,3,4,4,1,4,4,3,2,4,3,1,1,3,2,4,2,2,1,1,4,4,2,1,1,3,3,3,3,1,3,2,2,2,2,1,1,3,2,4,4,1,2,3,3,2,3,2,4,3,2,4,4,2,1,4,2,3,2,4,4,2,1,4,4,2,2,4,1,2,4,2,2,1,2,3,3,3,4,4,4,1,3,3,1,1,2,3,4,4,2,3,4,3,2,3,1,3,2,3,2,4,3,3,3,2,2,3,1,1,1,2,1,1,3,4,3,2,1,4,3,3,4,4,3,2,4,2,1,3,3,2,4,3,3,1,4,4,2,4,2,4,3,2,3,1,4,3,3,2,2,1,1,2,3,3,4,4,2,1,1,3,1,1,3,2,3,4,1,3,1,4,2,4,1,1,1,3,3,4,2,1,2,3,4,2,2,3,1,1,4,4,2,4,3,2,4,4,1,1,2,3,3,4,1,4,3,3,3,2,4,2,2,1,1,1,3,3,1,4,1,3,4,2,3,1,2,1,2,2,4,2,3,4,4,2,3,4,4,4,2,2,2,1,2,2,1,4,2,1,2,1,4,3,1,4,4,4,4,3,1,3,1,4,4,1,4,2,3,3,1,3,4,1,2,1,1,2,2,2,1,2,4,1,4,2,4,3,4,2,3,4,2,2,2,3,2,1,4,3,2,1,1,3,1,4,4,3,1,4,3,4,1,1,3,1,3,2,1,3,1,1,2"
201,0.9882103016793987,0.2647058823529411,2433.0,"4,2,1,1,2,2,3,1,2,1,4,4,4,1,2,2,4,1,1,2,1,2,4,1,3,1,2,2,4,1,1,2,3,3,1,2,4,1,2,2,2,3,4,3,3,2,2,1,4,4,2,3,3,3,4,2,4,1,4,2,2,3,2,4,3,2,2,4,3,2,1,2,2,3,4,2,3,3,3,1,4,4,3,4,1,2,3,4,1,4,4,1,1,4,3,4,3,2,4,1,2,1,3,2,2,4,1,4,2,1,1,1,3,3,1,2,3,4,4,1,3,2,2,3,2,2,3,2,4,1,2,2,1,1,1,2,3,4,2,2,4,3,2,3,4,4,2,1,1,1,1,1,1,3,3,4,2,2,2,1,4,1,1,3,1,3,3,1,1,4,1,2,2,2,1,3,3,1,4,1,3,3,2,2,3,3,2,4,2,1,3,4,2,4,4,4,2,4,1,1,1,3,3,4,2,3,2,3,4,3,2,2,3,3,1,1,1,4,4,4,4,4,4,4,4,2,2,1,1,1,3,3,3,1,3,3,4,3,4,4,3,1,1,2,1,2,4,1,1,2,4,3,1,2,4,2,3,4,4,2,3,4,1,1,2,1,3,2,1,3,4,2,4,1,3,2,4,1,1,4,4,1,1,4,2,2,2,4,2,4,1,1,1,4,1,4,2,1,2,3,2,2,1,2,3,2,4,1,1,1,1,1,1,1,2,3,1,4,2,2,4,2,1,3,2,1,1,3,2,2,3,3,2,3,1,4,1,3,3,1,4,4,1,1,4,4,3,3,2,3,4,4,3,3,1,2,1,2,4,4,1,4,4,2,3,3,4,4,1,3,2,1,2,3,2,3,3,2,1,4,3,4,3,1,4,3,2,2,3,4,3,4,1,2,4,1,3,1,3,1,3,4,3,1,1,4,3,3,1,2,1,2,1,3,2,3,4,3,3,4,4,2,2,3,4,2,4,2,3,3,3,2,1,3,4,3,1,3,3,1,4,1,3,2,1,4,3,2,3,3,4,2,4,2,1,1,1,4,2,1,1,3,4,3,3,3,3,3,1,1,1,2,1,1,4,2,4,3,3,3,4,3,2,4,3,2,4,3,4,3,4,2,2,4,1,1,1,3,1,4,1,1,2,3,4,2,1,3,1,3,3,1,3,1,4,2,4,3,3,1,4,3,4,3,4,3,4,4,1,3,3,2,2,2,2,2,3,2,2,4,1,1,2,1,3,1,4,4,2,4,1,2,1,4,4,3,3,2,4,1,4,2,3,4,2,3,4,2,1,4,1,3,1,4,2,1,4,3,2,1,2,3,1,3,1,1,2,2,3,2,2,4,4,1,1,4,1,3,3,2,2,4,3,4,4,2,4,4,2,1,4,4,4,3,1,2,4,3,3,2,1,3,2,1,4,4,2,2,1,1,3,4,4,2,2,1,4,1,2,3,2,1,3,4,4,3,4,4,1,1,2,3,1,1,1,1,2,2,1,3,1,3,1,4,2,1,1,4,2,4,3,2,1,4,2,3,1,3,2,2,2,1,1,2,2,4,2,2,2,2,2,1,2,3,2,3,1,1,3,4,2,2,2,4,3,3,1,2,2,3,2,3,3,1,2,2,4,4,1,4,4,1,2,4,1,3,3,3,2,3,3,1,1,2,4,3,3,4,2,4,1,2,4,1,4,3,1,3,1,1,4,4,1,3,1,4,3,1,4,2,1,1,1,4,2,2,4,3,4,1,2,3,2,4,1,2,2,3,2,1,1,2,2,1,1,2,3,1,2,1,4,4,1,2,4,2,1,1,2,1,3,3,4,2,2,1,2,4,1,2,2,1,2,1,2,3,1,3,2,3,4,2,1,3,2,3,2,1,2,2,4,4,1,1,4,3,3,2,4,2,4,1,2,3,3,1,3,2,1,3,1,1,2,2,4,2,1,1,1,3,2,4,4,4,1,3,1,4,2,1,3,2,1,1,1,1,4,3,1,1,2,2,3,4,3,2,4,2,1,1,1,1,3,1,1,2,1,1,4,2,4,2,1,3,3,1,2,1,2,1,4,4,2,4,1,4,1,2,2,1,4,1,2,3,2,4,1,2,2,4,4,2,4,1,2,4,3,2,4,1,2,4,2,4,3,4,4,1,1,2,3,3,3,4,4,4,4,2,3,2,4,4,4,2,4,3,4,4,4,3,1,2,2,3,1,4,1,4,1,2,2,2,4,2,2,3,3,3,1,4,4,2,3,3,3,3,3,4,3,1,1,1,3,1,2,1,4,4,3,2,4,3,4,4,1,2,1,2,4,4,3,2,1,3,1,4,3,3,1,3,2,2,2,1,4,1,4,1,4,1,1,4,1,1,3,2,4,2,4,2,3,2,2,3,4,4,3,2,2,4,1,2,1,3,3,1,1,4,1,1,2,3,4,4,3,4,3,4,3,4,2,2,2,3,1,1,3,4,4,4,1,2,3,1,3,3,3,1,3,3,2,4,2,1,4,2,4,3,3,1,3,1,3,2,3,4,2,1,1,4,2,4,3,4,3,1,4,2,3,1,4,1,2,3,3,2,2,1,4,2,3,2,4,3,2,2,1,4,3,1,3,2,4,2,2,2,3,2,3,3,2,2,2,2,4,1,1,1,1,2,1,2,2,3,4,3,3,3,4,3,3,4,1,1,3,4,1,3,3,3,4,4,4,2,2,3,3,3,3,1,2,1,2,4,4,2,2,3,2,1,1,1,1,2,3,1,2,3,4,3,4,1,4,3,1,3,1,4,4,4,3,2,2,3,4,3,4,1,3,2,2,1,3,1,2,4,2,1,1,1,3,1,2,2,2,3,3,2,1,3,2,4,4,1,2,4,2,1,1,4,2,4,4,3,3,2,1,2,3,2,1,1,1,2,3,3,4,2,1,4,2,3,2,2,4,4,1,1,2,3,1,2,3,4,2,1,2,1,2,1,4,2,2,3,3,1,4,2,1,2,3,1,1,4,1,3,3,1,2,4,1,4,1,2,1,1,1,2,2,3,3,1,1,4,2,2,4,2,1,1,2,2,1,2,4,3,2,3,3,4,4,1,4,4,3,2,4,3,1,1,3,2,4,2,2,1,1,4,4,2,1,1,3,3,3,3,1,3,2,2,2,2,1,1,3,2,4,4,1,2,3,3,2,3,2,4,3,2,4,4,2,1,4,2,3,2,4,4,2,1,4,4,2,2,4,1,2,4,2,2,1,2,3,3,3,4,4,4,1,3,3,1,1,2,3,4,4,2,3,4,3,2,3,1,3,2,3,2,4,3,3,3,2,2,3,1,1,1,2,1,1,3,4,3,2,1,4,3,3,4,4,3,2,4,2,1,3,3,2,4,3,3,1,4,4,2,4,2,4,3,2,3,1,4,3,3,2,2,1,1,2,3,3,4,4,2,1,1,3,1,1,3,2,3,4,1,3,1,4,2,4,1,1,1,3,3,4,2,1,2,3,4,2,2,3,1,1,4,4,2,4,3,2,4,4,1,1,2,3,3,4,1,4,3,3,3,2,4,2,2,1,1,1,3,3,1,4,1,3,4,2,3,1,2,1,2,2,4,2,3,4,4,2,3,4,4,4,2,2,2,1,2,2,1,4,2,1,2,1,4,3,1,4,4,4,4,3,1,3,1,4,4,1,4,2,3,3,1,3,4,1,2,1,1,2,2,2,1,2,4,1,4,2,4,3,4,2,3,4,2,2,2,3,2,1,4,3,2,1,1,3,1,4,4,3,1,4,3,4,1,1,3,1,3,2,1,3,1,1,2"
202,0.9882103016793987,0.2647058823529411,2433.0,"4,2,1,1,2,2,3,1,2,1,4,4,4,1,2,2,4,1,1,2,1,2,4,1,3,1,2,2,4,1,1,2,3,3,1,2,4,1,2,2,2,3,4,3,3,2,2,1,4,4,2,3,3,3,4,2,4,1,4,2,2,3,2,4,3,2,2,4,3,2,1,2,2,3,4,2,3,3,3,1,4,4,3,4,1,2,3,4,1,4,4,1,1,4,3,4,3,2,4,1,2,1,3,2,2,4,1,4,2,1,1,1,3,3,1,2,3,4,4,1,3,2,2,3,2,2,3,2,4,1,2,2,1,1,1,2,3,4,2,2,4,3,2,3,4,4,2,1,1,1,1,1,1,3,3,4,2,2,2,1,4,1,1,3,1,3,3,1,1,4,1,2,2,2,1,3,3,1,4,1,3,3,2,2,3,3,2,4,2,1,3,4,2,4,4,4,2,4,1,1,1,3,3,4,2,3,2,3,4,3,2,2,3,3,1,1,1,4,4,4,4,4,4,4,4,2,2,1,1,1,3,3,3,1,3,3,4,3,4,4,3,1,1,2,1,2,4,1,1,2,4,3,1,2,4,2,3,4,4,2,3,4,1,1,2,1,3,2,1,3,4,2,4,1,3,2,4,1,1,4,4,1,1,4,2,2,2,4,2,4,1,1,1,4,1,4,2,1,2,3,2,2,1,2,3,2,4,1,1,1,1,1,1,1,2,3,1,4,2,2,4,2,1,3,2,1,1,3,2,2,3,3,2,3,1,4,1,3,3,1,4,4,1,1,4,4,3,3,2,3,4,4,3,3,1,2,1,2,4,4,1,4,4,2,3,3,4,4,1,3,2,1,2,3,2,3,3,2,1,4,3,4,3,1,4,3,2,2,3,4,3,4,1,2,4,1,3,1,3,1,3,4,3,1,1,4,3,3,1,2,1,2,1,3,2,3,4,3,3,4,4,2,2,3,4,2,4,2,3,3,3,2,1,3,4,3,1,3,3,1,4,1,3,2,1,4,3,2,3,3,4,2,4,2,1,1,1,4,2,1,1,3,4,3,3,3,3,3,1,1,1,2,1,1,4,2,4,3,3,3,4,3,2,4,3,2,4,3,4,3,4,2,2,4,1,1,1,3,1,4,1,1,2,3,4,2,1,3,1,3,3,1,3,1,4,2,4,3,3,1,4,3,4,3,4,3,4,4,1,3,3,2,2,2,2,2,3,2,2,4,1,1,2,1,3,1,4,4,2,4,1,2,1,4,4,3,3,2,4,1,4,2,3,4,2,3,4,2,1,4,1,3,1,4,2,1,4,3,2,1,2,3,1,3,1,1,2,2,3,2,2,4,4,1,1,4,1,3,3,2,2,4,3,4,4,2,4,4,2,1,4,4,4,3,1,2,4,3,3,2,1,3,2,1,4,4,2,2,1,1,3,4,4,2,2,1,4,1,2,3,2,1,3,4,4,3,4,4,1,1,2,3,1,1,1,1,2,2,1,3,1,3,1,4,2,1,1,4,2,4,3,2,1,4,2,3,1,3,2,2,2,1,1,2,2,4,2,2,2,2,2,1,2,3,2,3,1,1,3,4,2,2,2,4,3,3,1,2,2,3,2,3,3,1,2,2,4,4,1,4,4,1,2,4,1,3,3,3,2,3,3,1,1,2,4,3,3,4,2,4,1,2,4,1,4,3,1,3,1,1,4,4,1,3,1,4,3,1,4,2,1,1,1,4,2,2,4,3,4,1,2,3,2,4,1,2,2,3,2,1,1,2,2,1,1,2,3,1,2,1,4,4,1,2,4,2,1,1,2,1,3,3,4,2,2,1,2,4,1,2,2,1,2,1,2,3,1,3,2,3,4,2,1,3,2,3,2,1,2,2,4,4,1,1,4,3,3,2,4,2,4,1,2,3,3,1,3,2,1,3,1,1,2,2,4,2,1,1,1,3,2,4,4,4,1,3,1,4,2,1,3,2,1,1,1,1,4,3,1,1,2,2,3,4,3,2,4,2,1,1,1,1,3,1,1,2,1,1,4,2,4,2,1,3,3,1,2,1,2,1,4,4,2,4,1,4,1,2,2,1,4,1,2,3,2,4,1,2,2,4,4,2,4,1,2,4,3,2,4,1,2,4,2,4,3,4,4,1,1,2,3,3,3,4,4,4,4,2,3,2,4,4,4,2,4,3,4,4,4,3,1,2,2,3,1,4,1,4,1,2,2,2,4,2,2,3,3,3,1,4,4,2,3,3,3,3,3,4,3,1,1,1,3,1,2,1,4,4,3,2,4,3,4,4,1,2,1,2,4,4,3,2,1,3,1,4,3,3,1,3,2,2,2,1,4,1,4,1,4,1,1,4,1,1,3,2,4,2,4,2,3,2,2,3,4,4,3,2,2,4,1,2,1,3,3,1,1,4,1,1,2,3,4,4,3,4,3,4,3,4,2,2,2,3,1,1,3,4,4,4,1,2,3,1,3,3,3,1,3,3,2,4,2,1,4,2,4,3,3,1,3,1,3,2,3,4,2,1,1,4,2,4,3,4,3,1,4,2,3,1,4,1,2,3,3,2,2,1,4,2,3,2,4,3,2,2,1,4,3,1,3,2,4,2,2,2,3,2,3,3,2,2,2,2,4,1,1,1,1,2,1,2,2,3,4,3,3,3,4,3,3,4,1,1,3,4,1,3,3,3,4,4,4,2,2,3,3,3,3,1,2,1,2,4,4,2,2,3,2,1,1,1,1,2,3,1,2,3,4,3,4,1,4,3,1,3,1,4,4,4,3,2,2,3,4,3,4,1,3,2,2,1,3,1,2,4,2,1,1,1,3,1,2,2,2,3,3,2,1,3,2,4,4,1,2,4,2,1,1,4,2,4,4,3,3,2,1,2,3,2,1,1,1,2,3,3,4,2,1,4,2,3,2,2,4,4,1,1,2,3,1,2,3,4,2,1,2,1,2,1,4,2,2,3,3,1,4,2,1,2,3,1,1,4,1,3,3,1,2,4,1,4,1,2,1,1,1,2,2,3,3,1,1,4,2,2,4,2,1,1,2,2,1,2,4,3,2,3,3,4,4,1,4,4,3,2,4,3,1,1,3,2,4,2,2,1,1,4,4,2,1,1,3,3,3,3,1,3,2,2,2,2,1,1,3,2,4,4,1,2,3,3,2,3,2,4,3,2,4,4,2,1,4,2,3,2,4,4,2,1,4,4,2,2,4,1,2,4,2,2,1,2,3,3,3,4,4,4,1,3,3,1,1,2,3,4,4,2,3,4,3,2,3,1,3,2,3,2,4,3,3,3,2,2,3,1,1,1,2,1,1,3,4,3,2,1,4,3,3,4,4,3,2,4,2,1,3,3,2,4,3,3,1,4,4,2,4,2,4,3,2,3,1,4,3,3,2,2,1,1,2,3,3,4,4,2,1,1,3,1,1,3,2,3,4,1,3,1,4,2,4,1,1,1,3,3,4,2,1,2,3,4,2,2,3,1,1,4,4,2,4,3,2,4,4,1,1,2,3,3,4,1,4,3,3,3,2,4,2,2,1,1,1,3,3,1,4,1,3,4,2,3,1,2,1,2,2,4,2,3,4,4,2,3,4,4,4,2,2,2,1,2,2,1,4,2,1,2,1,4,3,1,4,4,4,4,3,1,3,1,4,4,1,4,2,3,3,1,3,4,1,2,1,1,2,2,2,1,2,4,1,4,2,4,3,4,2,3,4,2,2,2,3,2,1,4,3,2,1,1,3,1,4,4,3,1,4,3,4,1,1,3,1,3,2,1,3,1,1,2"
203,0.9882103016793987,0.2647058823529411,2433.0,"4,2,1,1,2,2,3,1,2,1,4,4,4,1,2,2,4,1,1,2,1,2,4,1,3,1,2,2,4,1,1,2,3,3,1,2,4,1,2,2,2,3,4,3,3,2,2,1,4,4,2,3,3,3,4,2,4,1,4,2,2,3,2,4,3,2,2,4,3,2,1,2,2,3,4,2,3,3,3,1,4,4,3,4,1,2,3,4,1,4,4,1,1,4,3,4,3,2,4,1,2,1,3,2,2,4,1,4,2,1,1,1,3,3,1,2,3,4,4,1,3,2,2,3,2,2,3,2,4,1,2,2,1,1,1,2,3,4,2,2,4,3,2,3,4,4,2,1,1,1,1,1,1,3,3,4,2,2,2,1,4,1,1,3,1,3,3,1,1,4,1,2,2,2,1,3,3,1,4,1,3,3,2,2,3,3,2,4,2,1,3,4,2,4,4,4,2,4,1,1,1,3,3,4,2,3,2,3,4,3,2,2,3,3,1,1,1,4,4,4,4,4,4,4,4,2,2,1,1,1,3,3,3,1,3,3,4,3,4,4,3,1,1,2,1,2,4,1,1,2,4,3,1,2,4,2,3,4,4,2,3,4,1,1,2,1,3,2,1,3,4,2,4,1,3,2,4,1,1,4,4,1,1,4,2,2,2,4,2,4,1,1,1,4,1,4,2,1,2,3,2,2,1,2,3,2,4,1,1,1,1,1,1,1,2,3,1,4,2,2,4,2,1,3,2,1,1,3,2,2,3,3,2,3,1,4,1,3,3,1,4,4,1,1,4,4,3,3,2,3,4,4,3,3,1,2,1,2,4,4,1,4,4,2,3,3,4,4,1,3,2,1,2,3,2,3,3,2,1,4,3,4,3,1,4,3,2,2,3,4,3,4,1,2,4,1,3,1,3,1,3,4,3,1,1,4,3,3,1,2,1,2,1,3,2,3,4,3,3,4,4,2,2,3,4,2,4,2,3,3,3,2,1,3,4,3,1,3,3,1,4,1,3,2,1,4,3,2,3,3,4,2,4,2,1,1,1,4,2,1,1,3,4,3,3,3,3,3,1,1,1,2,1,1,4,2,4,3,3,3,4,3,2,4,3,2,4,3,4,3,4,2,2,4,1,1,1,3,1,4,1,1,2,3,4,2,1,3,1,3,3,1,3,1,4,2,4,3,3,1,4,3,4,3,4,3,4,4,1,3,3,2,2,2,2,2,3,2,2,4,1,1,2,1,3,1,4,4,2,4,1,2,1,4,4,3,3,2,4,1,4,2,3,4,2,3,4,2,1,4,1,3,1,4,2,1,4,3,2,1,2,3,1,3,1,1,2,2,3,2,2,4,4,1,1,4,1,3,3,2,2,4,3,4,4,2,4,4,2,1,4,4,4,3,1,2,4,3,3,2,1,3,2,1,4,4,2,2,1,1,3,4,4,2,2,1,4,1,2,3,2,1,3,4,4,3,4,4,1,1,2,3,1,1,1,1,2,2,1,3,1,3,1,4,2,1,1,4,2,4,3,2,1,4,2,3,1,3,2,2,2,1,1,2,2,4,2,2,2,2,2,1,2,3,2,3,1,1,3,4,2,2,2,4,3,3,1,2,2,3,2,3,3,1,2,2,4,4,1,4,4,1,2,4,1,3,3,3,2,3,3,1,1,2,4,3,3,4,2,4,1,2,4,1,4,3,1,3,1,1,4,4,1,3,1,4,3,1,4,2,1,1,1,4,2,2,4,3,4,1,2,3,2,4,1,2,2,3,2,1,1,2,2,1,1,2,3,1,2,1,4,4,1,2,4,2,1,1,2,1,3,3,4,2,2,1,2,4,1,2,2,1,2,1,2,3,1,3,2,3,4,2,1,3,2,3,2,1,2,2,4,4,1,1,4,3,3,2,4,2,4,1,2,3,3,1,3,2,1,3,1,1,2,2,4,2,1,1,1,3,2,4,4,4,1,3,1,4,2,1,3,2,1,1,1,1,4,3,1,1,2,2,3,4,3,2,4,2,1,1,1,1,3,1,1,2,1,1,4,2,4,2,1,3,3,1,2,1,2,1,4,4,2,4,1,4,1,2,2,1,4,1,2,3,2,4,1,2,2,4,4,2,4,1,2,4,3,2,4,1,2,4,2,4,3,4,4,1,1,2,3,3,3,4,4,4,4,2,3,2,4,4,4,2,4,3,4,4,4,3,1,2,2,3,1,4,1,4,1,2,2,2,4,2,2,3,3,3,1,4,4,2,3,3,3,3,3,4,3,1,1,1,3,1,2,1,4,4,3,2,4,3,4,4,1,2,1,2,4,4,3,2,1,3,1,4,3,3,1,3,2,2,2,1,4,1,4,1,4,1,1,4,1,1,3,2,4,2,4,2,3,2,2,3,4,4,3,2,2,4,1,2,1,3,3,1,1,4,1,1,2,3,4,4,3,4,3,4,3,4,2,2,2,3,1,1,3,4,4,4,1,2,3,1,3,3,3,1,3,3,2,4,2,1,4,2,4,3,3,1,3,1,3,2,3,4,2,1,1,4,2,4,3,4,3,1,4,2,3,1,4,1,2,3,3,2,2,1,4,2,3,2,4,3,2,2,1,4,3,1,3,2,4,2,2,2,3,2,3,3,2,2,2,2,4,1,1,1,1,2,1,2,2,3,4,3,3,3,4,3,3,4,1,1,3,4,1,3,3,3,4,4,4,2,2,3,3,3,3,1,2,1,2,4,4,2,2,3,2,1,1,1,1,2,3,1,2,3,4,3,4,1,4,3,1,3,1,4,4,4,3,2,2,3,4,3,4,1,3,2,2,1,3,1,2,4,2,1,1,1,3,1,2,2,2,3,3,2,1,3,2,4,4,1,2,4,2,1,1,4,2,4,4,3,3,2,1,2,3,2,1,1,1,2,3,3,4,2,1,4,2,3,2,2,4,4,1,1,2,3,1,2,3,4,2,1,2,1,2,1,4,2,2,3,3,1,4,2,1,2,3,1,1,4,1,3,3,1,2,4,1,4,1,2,1,1,1,2,2,3,3,1,1,4,2,2,4,2,1,1,2,2,1,2,4,3,2,3,3,4,4,1,4,4,3,2,4,3,1,1,3,2,4,2,2,1,1,4,4,2,1,1,3,3,3,3,1,3,2,2,2,2,1,1,3,2,4,4,1,2,3,3,2,3,2,4,3,2,4,4,2,1,4,2,3,2,4,4,2,1,4,4,2,2,4,1,2,4,2,2,1,2,3,3,3,4,4,4,1,3,3,1,1,2,3,4,4,2,3,4,3,2,3,1,3,2,3,2,4,3,3,3,2,2,3,1,1,1,2,1,1,3,4,3,2,1,4,3,3,4,4,3,2,4,2,1,3,3,2,4,3,3,1,4,4,2,4,2,4,3,2,3,1,4,3,3,2,2,1,1,2,3,3,4,4,2,1,1,3,1,1,3,2,3,4,1,3,1,4,2,4,1,1,1,3,3,4,2,1,2,3,4,2,2,3,1,1,4,4,2,4,3,2,4,4,1,1,2,3,3,4,1,4,3,3,3,2,4,2,2,1,1,1,3,3,1,4,1,3,4,2,3,1,2,1,2,2,4,2,3,4,4,2,3,4,4,4,2,2,2,1,2,2,1,4,2,1,2,1,4,3,1,4,4,4,4,3,1,3,1,4,4,1,4,2,3,3,1,3,4,1,2,1,1,2,2,2,1,2,4,1,4,2,4,3,4,2,3,4,2,2,2,3,2,1,4,3,2,1,1,3,1,4,4,3,1,4,3,4,1,1,3,1,3,2,1,3,1,1,2"
204,0.9882103016793987,0.2647058823529411,2433.0,"4,2,1,1,2,2,3,1,2,1,4,4,4,1,2,2,4,1,1,2,1,2,4,1,3,1,2,2,4,1,1,2,3,3,1,2,4,1,2,2,2,3,4,3,3,2,2,1,4,4,2,3,3,3,4,2,4,1,4,2,2,3,2,4,3,2,2,4,3,2,1,2,2,3,4,2,3,3,3,1,4,4,3,4,1,2,3,4,1,4,4,1,1,4,3,4,3,2,4,1,2,1,3,2,2,4,1,4,2,1,1,1,3,3,1,2,3,4,4,1,3,2,2,3,2,2,3,2,4,1,2,2,1,1,1,2,3,4,2,2,4,3,2,3,4,4,2,1,1,1,1,1,1,3,3,4,2,2,2,1,4,1,1,3,1,3,3,1,1,4,1,2,2,2,1,3,3,1,4,1,3,3,2,2,3,3,2,4,2,1,3,4,2,4,4,4,2,4,1,1,1,3,3,4,2,3,2,3,4,3,2,2,3,3,1,1,1,4,4,4,4,4,4,4,4,2,2,1,1,1,3,3,3,1,3,3,4,3,4,4,3,1,1,2,1,2,4,1,1,2,4,3,1,2,4,2,3,4,4,2,3,4,1,1,2,1,3,2,1,3,4,2,4,1,3,2,4,1,1,4,4,1,1,4,2,2,2,4,2,4,1,1,1,4,1,4,2,1,2,3,2,2,1,2,3,2,4,1,1,1,1,1,1,1,2,3,1,4,2,2,4,2,1,3,2,1,1,3,2,2,3,3,2,3,1,4,1,3,3,1,4,4,1,1,4,4,3,3,2,3,4,4,3,3,1,2,1,2,4,4,1,4,4,2,3,3,4,4,1,3,2,1,2,3,2,3,3,2,1,4,3,4,3,1,4,3,2,2,3,4,3,4,1,2,4,1,3,1,3,1,3,4,3,1,1,4,3,3,1,2,1,2,1,3,2,3,4,3,3,4,4,2,2,3,4,2,4,2,3,3,3,2,1,3,4,3,1,3,3,1,4,1,3,2,1,4,3,2,3,3,4,2,4,2,1,1,1,4,2,1,1,3,4,3,3,3,3,3,1,1,1,2,1,1,4,2,4,3,3,3,4,3,2,4,3,2,4,3,4,3,4,2,2,4,1,1,1,3,1,4,1,1,2,3,4,2,1,3,1,3,3,1,3,1,4,2,4,3,3,1,4,3,4,3,4,3,4,4,1,3,3,2,2,2,2,2,3,2,2,4,1,1,2,1,3,1,4,4,2,4,1,2,1,4,4,3,3,2,4,1,4,2,3,4,2,3,4,2,1,4,1,3,1,4,2,1,4,3,2,1,2,3,1,3,1,1,2,2,3,2,2,4,4,1,1,4,1,3,3,2,2,4,3,4,4,2,4,4,2,1,4,4,4,3,1,2,4,3,3,2,1,3,2,1,4,4,2,2,1,1,3,4,4,2,2,1,4,1,2,3,2,1,3,4,4,3,4,4,1,1,2,3,1,1,1,1,2,2,1,3,1,3,1,4,2,1,1,4,2,4,3,2,1,4,2,3,1,3,2,2,2,1,1,2,2,4,2,2,2,2,2,1,2,3,2,3,1,1,3,4,2,2,2,4,3,3,1,2,2,3,2,3,3,1,2,2,4,4,1,4,4,1,2,4,1,3,3,3,2,3,3,1,1,2,4,3,3,4,2,4,1,2,4,1,4,3,1,3,1,1,4,4,1,3,1,4,3,1,4,2,1,1,1,4,2,2,4,3,4,1,2,3,2,4,1,2,2,3,2,1,1,2,2,1,1,2,3,1,2,1,4,4,1,2,4,2,1,1,2,1,3,3,4,2,2,1,2,4,1,2,2,1,2,1,2,3,1,3,2,3,4,2,1,3,2,3,2,1,2,2,4,4,1,1,4,3,3,2,4,2,4,1,2,3,3,1,3,2,1,3,1,1,2,2,4,2,1,1,1,3,2,4,4,4,1,3,1,4,2,1,3,2,1,1,1,1,4,3,1,1,2,2,3,4,3,2,4,2,1,1,1,1,3,1,1,2,1,1,4,2,4,2,1,3,3,1,2,1,2,1,4,4,2,4,1,4,1,2,2,1,4,1,2,3,2,4,1,2,2,4,4,2,4,1,2,4,3,2,4,1,2,4,2,4,3,4,4,1,1,2,3,3,3,4,4,4,4,2,3,2,4,4,4,2,4,3,4,4,4,3,1,2,2,3,1,4,1,4,1,2,2,2,4,2,2,3,3,3,1,4,4,2,3,3,3,3,3,4,3,1,1,1,3,1,2,1,4,4,3,2,4,3,4,4,1,2,1,2,4,4,3,2,1,3,1,4,3,3,1,3,2,2,2,1,4,1,4,1,4,1,1,4,1,1,3,2,4,2,4,2,3,2,2,3,4,4,3,2,2,4,1,2,1,3,3,1,1,4,1,1,2,3,4,4,3,4,3,4,3,4,2,2,2,3,1,1,3,4,4,4,1,2,3,1,3,3,3,1,3,3,2,4,2,1,4,2,4,3,3,1,3,1,3,2,3,4,2,1,1,4,2,4,3,4,3,1,4,2,3,1,4,1,2,3,3,2,2,1,4,2,3,2,4,3,2,2,1,4,3,1,3,2,4,2,2,2,3,2,3,3,2,2,2,2,4,1,1,1,1,2,1,2,2,3,4,3,3,3,4,3,3,4,1,1,3,4,1,3,3,3,4,4,4,2,2,3,3,3,3,1,2,1,2,4,4,2,2,3,2,1,1,1,1,2,3,1,2,3,4,3,4,1,4,3,1,3,1,4,4,4,3,2,2,3,4,3,4,1,3,2,2,1,3,1,2,4,2,1,1,1,3,1,2,2,2,3,3,2,1,3,2,4,4,1,2,4,2,1,1,4,2,4,4,3,3,2,1,2,3,2,1,1,1,2,3,3,4,2,1,4,2,3,2,2,4,4,1,1,2,3,1,2,3,4,2,1,2,1,2,1,4,2,2,3,3,1,4,2,1,2,3,1,1,4,1,3,3,1,2,4,1,4,1,2,1,1,1,2,2,3,3,1,1,4,2,2,4,2,1,1,2,2,1,2,4,3,2,3,3,4,4,1,4,4,3,2,4,3,1,1,3,2,4,2,2,1,1,4,4,2,1,1,3,3,3,3,1,3,2,2,2,2,1,1,3,2,4,4,1,2,3,3,2,3,2,4,3,2,4,4,2,1,4,2,3,2,4,4,2,1,4,4,2,2,4,1,2,4,2,2,1,2,3,3,3,4,4,4,1,3,3,1,1,2,3,4,4,2,3,4,3,2,3,1,3,2,3,2,4,3,3,3,2,2,3,1,1,1,2,1,1,3,4,3,2,1,4,3,3,4,4,3,2,4,2,1,3,3,2,4,3,3,1,4,4,2,4,2,4,3,2,3,1,4,3,3,2,2,1,1,2,3,3,4,4,2,1,1,3,1,1,3,2,3,4,1,3,1,4,2,4,1,1,1,3,3,4,2,1,2,3,4,2,2,3,1,1,4,4,2,4,3,2,4,4,1,1,2,3,3,4,1,4,3,3,3,2,4,2,2,1,1,1,3,3,1,4,1,3,4,2,3,1,2,1,2,2,4,2,3,4,4,2,3,4,4,4,2,2,2,1,2,2,1,4,2,1,2,1,4,3,1,4,4,4,4,3,1,3,1,4,4,1,4,2,3,3,1,3,4,1,2,1,1,2,2,2,1,2,4,1,4,2,4,3,4,2,3,4,2,2,2,3,2,1,4,3,2,1,1,3,1,4,4,3,1,4,3,4,1,1,3,1,3,2,1,3,1,1,2"
205,0.9882103016793987,0.2647058823529411,2433.0,"4,2,1,1,2,2,3,1,2,1,4,4,4,1,2,2,4,1,1,2,1,2,4,1,3,1,2,2,4,1,1,2,3,3,1,2,4,1,2,2,2,3,4,3,3,2,2,1,4,4,2,3,3,3,4,2,4,1,4,2,2,3,2,4,3,2,2,4,3,2,1,2,2,3,4,2,3,3,3,1,4,4,3,4,1,2,3,4,1,4,4,1,1,4,3,4,3,2,4,1,2,1,3,2,2,4,1,4,2,1,1,1,3,3,1,2,3,4,4,1,3,2,2,3,2,2,3,2,4,1,2,2,1,1,1,2,3,4,2,2,4,3,2,3,4,4,2,1,1,1,1,1,1,3,3,4,2,2,2,1,4,1,1,3,1,3,3,1,1,4,1,2,2,2,1,3,3,1,4,1,3,3,2,2,3,3,2,4,2,1,3,4,2,4,4,4,2,4,1,1,1,3,3,4,2,3,2,3,4,3,2,2,3,3,1,1,1,4,4,4,4,4,4,4,4,2,2,1,1,1,3,3,3,1,3,3,4,3,4,4,3,1,1,2,1,2,4,1,1,2,4,3,1,2,4,2,3,4,4,2,3,4,1,1,2,1,3,2,1,3,4,2,4,1,3,2,4,1,1,4,4,1,1,4,2,2,2,4,2,4,1,1,1,4,1,4,2,1,2,3,2,2,1,2,3,2,4,1,1,1,1,1,1,1,2,3,1,4,2,2,4,2,1,3,2,1,1,3,2,2,3,3,2,3,1,4,1,3,3,1,4,4,1,1,4,4,3,3,2,3,4,4,3,3,1,2,1,2,4,4,1,4,4,2,3,3,4,4,1,3,2,1,2,3,2,3,3,2,1,4,3,4,3,1,4,3,2,2,3,4,3,4,1,2,4,1,3,1,3,1,3,4,3,1,1,4,3,3,1,2,1,2,1,3,2,3,4,3,3,4,4,2,2,3,4,2,4,2,3,3,3,2,1,3,4,3,1,3,3,1,4,1,3,2,1,4,3,2,3,3,4,2,4,2,1,1,1,4,2,1,1,3,4,3,3,3,3,3,1,1,1,2,1,1,4,2,4,3,3,3,4,3,2,4,3,2,4,3,4,3,4,2,2,4,1,1,1,3,1,4,1,1,2,3,4,2,1,3,1,3,3,1,3,1,4,2,4,3,3,1,4,3,4,3,4,3,4,4,1,3,3,2,2,2,2,2,3,2,2,4,1,1,2,1,3,1,4,4,2,4,1,2,1,4,4,3,3,2,4,1,4,2,3,4,2,3,4,2,1,4,1,3,1,4,2,1,4,3,2,1,2,3,1,3,1,1,2,2,3,2,2,4,4,1,1,4,1,3,3,2,2,4,3,4,4,2,4,4,2,1,4,4,4,3,1,2,4,3,3,2,1,3,2,1,4,4,2,2,1,1,3,4,4,2,2,1,4,1,2,3,2,1,3,4,4,3,4,4,1,1,2,3,1,1,1,1,2,2,1,3,1,3,1,4,2,1,1,4,2,4,3,2,1,4,2,3,1,3,2,2,2,1,1,2,2,4,2,2,2,2,2,1,2,3,2,3,1,1,3,4,2,2,2,4,3,3,1,2,2,3,2,3,3,1,2,2,4,4,1,4,4,1,2,4,1,3,3,3,2,3,3,1,1,2,4,3,3,4,2,4,1,2,4,1,4,3,1,3,1,1,4,4,1,3,1,4,3,1,4,2,1,1,1,4,2,2,4,3,4,1,2,3,2,4,1,2,2,3,2,1,1,2,2,1,1,2,3,1,2,1,4,4,1,2,4,2,1,1,2,1,3,3,4,2,2,1,2,4,1,2,2,1,2,1,2,3,1,3,2,3,4,2,1,3,2,3,2,1,2,2,4,4,1,1,4,3,3,2,4,2,4,1,2,3,3,1,3,2,1,3,1,1,2,2,4,2,1,1,1,3,2,4,4,4,1,3,1,4,2,1,3,2,1,1,1,1,4,3,1,1,2,2,3,4,3,2,4,2,1,1,1,1,3,1,1,2,1,1,4,2,4,2,1,3,3,1,2,1,2,1,4,4,2,4,1,4,1,2,2,1,4,1,2,3,2,4,1,2,2,4,4,2,4,1,2,4,3,2,4,1,2,4,2,4,3,4,4,1,1,2,3,3,3,4,4,4,4,2,3,2,4,4,4,2,4,3,4,4,4,3,1,2,2,3,1,4,1,4,1,2,2,2,4,2,2,3,3,3,1,4,4,2,3,3,3,3,3,4,3,1,1,1,3,1,2,1,4,4,3,2,4,3,4,4,1,2,1,2,4,4,3,2,1,3,1,4,3,3,1,3,2,2,2,1,4,1,4,1,4,1,1,4,1,1,3,2,4,2,4,2,3,2,2,3,4,4,3,2,2,4,1,2,1,3,3,1,1,4,1,1,2,3,4,4,3,4,3,4,3,4,2,2,2,3,1,1,3,4,4,4,1,2,3,1,3,3,3,1,3,3,2,4,2,1,4,2,4,3,3,1,3,1,3,2,3,4,2,1,1,4,2,4,3,4,3,1,4,2,3,1,4,1,2,3,3,2,2,1,4,2,3,2,4,3,2,2,1,4,3,1,3,2,4,2,2,2,3,2,3,3,2,2,2,2,4,1,1,1,1,2,1,2,2,3,4,3,3,3,4,3,3,4,1,1,3,4,1,3,3,3,4,4,4,2,2,3,3,3,3,1,2,1,2,4,4,2,2,3,2,1,1,1,1,2,3,1,2,3,4,3,4,1,4,3,1,3,1,4,4,4,3,2,2,3,4,3,4,1,3,2,2,1,3,1,2,4,2,1,1,1,3,1,2,2,2,3,3,2,1,3,2,4,4,1,2,4,2,1,1,4,2,4,4,3,3,2,1,2,3,2,1,1,1,2,3,3,4,2,1,4,2,3,2,2,4,4,1,1,2,3,1,2,3,4,2,1,2,1,2,1,4,2,2,3,3,1,4,2,1,2,3,1,1,4,1,3,3,1,2,4,1,4,1,2,1,1,1,2,2,3,3,1,1,4,2,2,4,2,1,1,2,2,1,2,4,3,2,3,3,4,4,1,4,4,3,2,4,3,1,1,3,2,4,2,2,1,1,4,4,2,1,1,3,3,3,3,1,3,2,2,2,2,1,1,3,2,4,4,1,2,3,3,2,3,2,4,3,2,4,4,2,1,4,2,3,2,4,4,2,1,4,4,2,2,4,1,2,4,2,2,1,2,3,3,3,4,4,4,1,3,3,1,1,2,3,4,4,2,3,4,3,2,3,1,3,2,3,2,4,3,3,3,2,2,3,1,1,1,2,1,1,3,4,3,2,1,4,3,3,4,4,3,2,4,2,1,3,3,2,4,3,3,1,4,4,2,4,2,4,3,2,3,1,4,3,3,2,2,1,1,2,3,3,4,4,2,1,1,3,1,1,3,2,3,4,1,3,1,4,2,4,1,1,1,3,3,4,2,1,2,3,4,2,2,3,1,1,4,4,2,4,3,2,4,4,1,1,2,3,3,4,1,4,3,3,3,2,4,2,2,1,1,1,3,3,1,4,1,3,4,2,3,1,2,1,2,2,4,2,3,4,4,2,3,4,4,4,2,2,2,1,2,2,1,4,2,1,2,1,4,3,1,4,4,4,4,3,1,3,1,4,4,1,4,2,3,3,1,3,4,1,2,1,1,2,2,2,1,2,4,1,4,2,4,3,4,2,3,4,2,2,2,3,2,1,4,3,2,1,1,3,1,4,4,3,1,4,3,4,1,1,3,1,3,2,1,3,1,1,2"
206,0.9882103016793987,0.2647058823529411,2433.0,"4,2,1,1,2,2,3,1,2,1,4,4,4,1,2,2,4,1,1,2,1,2,4,1,3,1,2,2,4,1,1,2,3,3,1,2,4,1,2,2,2,3,4,3,3,2,2,1,4,4,2,3,3,3,4,2,4,1,4,2,2,3,2,4,3,2,2,4,3,2,1,2,2,3,4,2,3,3,3,1,4,4,3,4,1,2,3,4,1,4,4,1,1,4,3,4,3,2,4,1,2,1,3,2,2,4,1,4,2,1,1,1,3,3,1,2,3,4,4,1,3,2,2,3,2,2,3,2,4,1,2,2,1,1,1,2,3,4,2,2,4,3,2,3,4,4,2,1,1,1,1,1,1,3,3,4,2,2,2,1,4,1,1,3,1,3,3,1,1,4,1,2,2,2,1,3,3,1,4,1,3,3,2,2,3,3,2,4,2,1,3,4,2,4,4,4,2,4,1,1,1,3,3,4,2,3,2,3,4,3,2,2,3,3,1,1,1,4,4,4,4,4,4,4,4,2,2,1,1,1,3,3,3,1,3,3,4,3,4,4,3,1,1,2,1,2,4,1,1,2,4,3,1,2,4,2,3,4,4,2,3,4,1,1,2,1,3,2,1,3,4,2,4,1,3,2,4,1,1,4,4,1,1,4,2,2,2,4,2,4,1,1,1,4,1,4,2,1,2,3,2,2,1,2,3,2,4,1,1,1,1,1,1,1,2,3,1,4,2,2,4,2,1,3,2,1,1,3,2,2,3,3,2,3,1,4,1,3,3,1,4,4,1,1,4,4,3,3,2,3,4,4,3,3,1,2,1,2,4,4,1,4,4,2,3,3,4,4,1,3,2,1,2,3,2,3,3,2,1,4,3,4,3,1,4,3,2,2,3,4,3,4,1,2,4,1,3,1,3,1,3,4,3,1,1,4,3,3,1,2,1,2,1,3,2,3,4,3,3,4,4,2,2,3,4,2,4,2,3,3,3,2,1,3,4,3,1,3,3,1,4,1,3,2,1,4,3,2,3,3,4,2,4,2,1,1,1,4,2,1,1,3,4,3,3,3,3,3,1,1,1,2,1,1,4,2,4,3,3,3,4,3,2,4,3,2,4,3,4,3,4,2,2,4,1,1,1,3,1,4,1,1,2,3,4,2,1,3,1,3,3,1,3,1,4,2,4,3,3,1,4,3,4,3,4,3,4,4,1,3,3,2,2,2,2,2,3,2,2,4,1,1,2,1,3,1,4,4,2,4,1,2,1,4,4,3,3,2,4,1,4,2,3,4,2,3,4,2,1,4,1,3,1,4,2,1,4,3,2,1,2,3,1,3,1,1,2,2,3,2,2,4,4,1,1,4,1,3,3,2,2,4,3,4,4,2,4,4,2,1,4,4,4,3,1,2,4,3,3,2,1,3,2,1,4,4,2,2,1,1,3,4,4,2,2,1,4,1,2,3,2,1,3,4,4,3,4,4,1,1,2,3,1,1,1,1,2,2,1,3,1,3,1,4,2,1,1,4,2,4,3,2,1,4,2,3,1,3,2,2,2,1,1,2,2,4,2,2,2,2,2,1,2,3,2,3,1,1,3,4,2,2,2,4,3,3,1,2,2,3,2,3,3,1,2,2,4,4,1,4,4,1,2,4,1,3,3,3,2,3,3,1,1,2,4,3,3,4,2,4,1,2,4,1,4,3,1,3,1,1,4,4,1,3,1,4,3,1,4,2,1,1,1,4,2,2,4,3,4,1,2,3,2,4,1,2,2,3,2,1,1,2,2,1,1,2,3,1,2,1,4,4,1,2,4,2,1,1,2,1,3,3,4,2,2,1,2,4,1,2,2,1,2,1,2,3,1,3,2,3,4,2,1,3,2,3,2,1,2,2,4,4,1,1,4,3,3,2,4,2,4,1,2,3,3,1,3,2,1,3,1,1,2,2,4,2,1,1,1,3,2,4,4,4,1,3,1,4,2,1,3,2,1,1,1,1,4,3,1,1,2,2,3,4,3,2,4,2,1,1,1,1,3,1,1,2,1,1,4,2,4,2,1,3,3,1,2,1,2,1,4,4,2,4,1,4,1,2,2,1,4,1,2,3,2,4,1,2,2,4,4,2,4,1,2,4,3,2,4,1,2,4,2,4,3,4,4,1,1,2,3,3,3,4,4,4,4,2,3,2,4,4,4,2,4,3,4,4,4,3,1,2,2,3,1,4,1,4,1,2,2,2,4,2,2,3,3,3,1,4,4,2,3,3,3,3,3,4,3,1,1,1,3,1,2,1,4,4,3,2,4,3,4,4,1,2,1,2,4,4,3,2,1,3,1,4,3,3,1,3,2,2,2,1,4,1,4,1,4,1,1,4,1,1,3,2,4,2,4,2,3,2,2,3,4,4,3,2,2,4,1,2,1,3,3,1,1,4,1,1,2,3,4,4,3,4,3,4,3,4,2,2,2,3,1,1,3,4,4,4,1,2,3,1,3,3,3,1,3,3,2,4,2,1,4,2,4,3,3,1,3,1,3,2,3,4,2,1,1,4,2,4,3,4,3,1,4,2,3,1,4,1,2,3,3,2,2,1,4,2,3,2,4,3,2,2,1,4,3,1,3,2,4,2,2,2,3,2,3,3,2,2,2,2,4,1,1,1,1,2,1,2,2,3,4,3,3,3,4,3,3,4,1,1,3,4,1,3,3,3,4,4,4,2,2,3,3,3,3,1,2,1,2,4,4,2,2,3,2,1,1,1,1,2,3,1,2,3,4,3,4,1,4,3,1,3,1,4,4,4,3,2,2,3,4,3,4,1,3,2,2,1,3,1,2,4,2,1,1,1,3,1,2,2,2,3,3,2,1,3,2,4,4,1,2,4,2,1,1,4,2,4,4,3,3,2,1,2,3,2,1,1,1,2,3,3,4,2,1,4,2,3,2,2,4,4,1,1,2,3,1,2,3,4,2,1,2,1,2,1,4,2,2,3,3,1,4,2,1,2,3,1,1,4,1,3,3,1,2,4,1,4,1,2,1,1,1,2,2,3,3,1,1,4,2,2,4,2,1,1,2,2,1,2,4,3,2,3,3,4,4,1,4,4,3,2,4,3,1,1,3,2,4,2,2,1,1,4,4,2,1,1,3,3,3,3,1,3,2,2,2,2,1,1,3,2,4,4,1,2,3,3,2,3,2,4,3,2,4,4,2,1,4,2,3,2,4,4,2,1,4,4,2,2,4,1,2,4,2,2,1,2,3,3,3,4,4,4,1,3,3,1,1,2,3,4,4,2,3,4,3,2,3,1,3,2,3,2,4,3,3,3,2,2,3,1,1,1,2,1,1,3,4,3,2,1,4,3,3,4,4,3,2,4,2,1,3,3,2,4,3,3,1,4,4,2,4,2,4,3,2,3,1,4,3,3,2,2,1,1,2,3,3,4,4,2,1,1,3,1,1,3,2,3,4,1,3,1,4,2,4,1,1,1,3,3,4,2,1,2,3,4,2,2,3,1,1,4,4,2,4,3,2,4,4,1,1,2,3,3,4,1,4,3,3,3,2,4,2,2,1,1,1,3,3,1,4,1,3,4,2,3,1,2,1,2,2,4,2,3,4,4,2,3,4,4,4,2,2,2,1,2,2,1,4,2,1,2,1,4,3,1,4,4,4,4,3,1,3,1,4,4,1,4,2,3,3,1,3,4,1,2,1,1,2,2,2,1,2,4,1,4,2,4,3,4,2,3,4,2,2,2,3,2,1,4,3,2,1,1,3,1,4,4,3,1,4,3,4,1,1,3,1,3,2,1,3,1,1,2"
207,0.9882103016793987,0.2647058823529411,2433.0,"4,2,1,1,2,2,3,1,2,1,4,4,4,1,2,2,4,1,1,2,1,2,4,1,3,1,2,2,4,1,1,2,3,3,1,2,4,1,2,2,2,3,4,3,3,2,2,1,4,4,2,3,3,3,4,2,4,1,4,2,2,3,2,4,3,2,2,4,3,2,1,2,2,3,4,2,3,3,3,1,4,4,3,4,1,2,3,4,1,4,4,1,1,4,3,4,3,2,4,1,2,1,3,2,2,4,1,4,2,1,1,1,3,3,1,2,3,4,4,1,3,2,2,3,2,2,3,2,4,1,2,2,1,1,1,2,3,4,2,2,4,3,2,3,4,4,2,1,1,1,1,1,1,3,3,4,2,2,2,1,4,1,1,3,1,3,3,1,1,4,1,2,2,2,1,3,3,1,4,1,3,3,2,2,3,3,2,4,2,1,3,4,2,4,4,4,2,4,1,1,1,3,3,4,2,3,2,3,4,3,2,2,3,3,1,1,1,4,4,4,4,4,4,4,4,2,2,1,1,1,3,3,3,1,3,3,4,3,4,4,3,1,1,2,1,2,4,1,1,2,4,3,1,2,4,2,3,4,4,2,3,4,1,1,2,1,3,2,1,3,4,2,4,1,3,2,4,1,1,4,4,1,1,4,2,2,2,4,2,4,1,1,1,4,1,4,2,1,2,3,2,2,1,2,3,2,4,1,1,1,1,1,1,1,2,3,1,4,2,2,4,2,1,3,2,1,1,3,2,2,3,3,2,3,1,4,1,3,3,1,4,4,1,1,4,4,3,3,2,3,4,4,3,3,1,2,1,2,4,4,1,4,4,2,3,3,4,4,1,3,2,1,2,3,2,3,3,2,1,4,3,4,3,1,4,3,2,2,3,4,3,4,1,2,4,1,3,1,3,1,3,4,3,1,1,4,3,3,1,2,1,2,1,3,2,3,4,3,3,4,4,2,2,3,4,2,4,2,3,3,3,2,1,3,4,3,1,3,3,1,4,1,3,2,1,4,3,2,3,3,4,2,4,2,1,1,1,4,2,1,1,3,4,3,3,3,3,3,1,1,1,2,1,1,4,2,4,3,3,3,4,3,2,4,3,2,4,3,4,3,4,2,2,4,1,1,1,3,1,4,1,1,2,3,4,2,1,3,1,3,3,1,3,1,4,2,4,3,3,1,4,3,4,3,4,3,4,4,1,3,3,2,2,2,2,2,3,2,2,4,1,1,2,1,3,1,4,4,2,4,1,2,1,4,4,3,3,2,4,1,4,2,3,4,2,3,4,2,1,4,1,3,1,4,2,1,4,3,2,1,2,3,1,3,1,1,2,2,3,2,2,4,4,1,1,4,1,3,3,2,2,4,3,4,4,2,4,4,2,1,4,4,4,3,1,2,4,3,3,2,1,3,2,1,4,4,2,2,1,1,3,4,4,2,2,1,4,1,2,3,2,1,3,4,4,3,4,4,1,1,2,3,1,1,1,1,2,2,1,3,1,3,1,4,2,1,1,4,2,4,3,2,1,4,2,3,1,3,2,2,2,1,1,2,2,4,2,2,2,2,2,1,2,3,2,3,1,1,3,4,2,2,2,4,3,3,1,2,2,3,2,3,3,1,2,2,4,4,1,4,4,1,2,4,1,3,3,3,2,3,3,1,1,2,4,3,3,4,2,4,1,2,4,1,4,3,1,3,1,1,4,4,1,3,1,4,3,1,4,2,1,1,1,4,2,2,4,3,4,1,2,3,2,4,1,2,2,3,2,1,1,2,2,1,1,2,3,1,2,1,4,4,1,2,4,2,1,1,2,1,3,3,4,2,2,1,2,4,1,2,2,1,2,1,2,3,1,3,2,3,4,2,1,3,2,3,2,1,2,2,4,4,1,1,4,3,3,2,4,2,4,1,2,3,3,1,3,2,1,3,1,1,2,2,4,2,1,1,1,3,2,4,4,4,1,3,1,4,2,1,3,2,1,1,1,1,4,3,1,1,2,2,3,4,3,2,4,2,1,1,1,1,3,1,1,2,1,1,4,2,4,2,1,3,3,1,2,1,2,1,4,4,2,4,1,4,1,2,2,1,4,1,2,3,2,4,1,2,2,4,4,2,4,1,2,4,3,2,4,1,2,4,2,4,3,4,4,1,1,2,3,3,3,4,4,4,4,2,3,2,4,4,4,2,4,3,4,4,4,3,1,2,2,3,1,4,1,4,1,2,2,2,4,2,2,3,3,3,1,4,4,2,3,3,3,3,3,4,3,1,1,1,3,1,2,1,4,4,3,2,4,3,4,4,1,2,1,2,4,4,3,2,1,3,1,4,3,3,1,3,2,2,2,1,4,1,4,1,4,1,1,4,1,1,3,2,4,2,4,2,3,2,2,3,4,4,3,2,2,4,1,2,1,3,3,1,1,4,1,1,2,3,4,4,3,4,3,4,3,4,2,2,2,3,1,1,3,4,4,4,1,2,3,1,3,3,3,1,3,3,2,4,2,1,4,2,4,3,3,1,3,1,3,2,3,4,2,1,1,4,2,4,3,4,3,1,4,2,3,1,4,1,2,3,3,2,2,1,4,2,3,2,4,3,2,2,1,4,3,1,3,2,4,2,2,2,3,2,3,3,2,2,2,2,4,1,1,1,1,2,1,2,2,3,4,3,3,3,4,3,3,4,1,1,3,4,1,3,3,3,4,4,4,2,2,3,3,3,3,1,2,1,2,4,4,2,2,3,2,1,1,1,1,2,3,1,2,3,4,3,4,1,4,3,1,3,1,4,4,4,3,2,2,3,4,3,4,1,3,2,2,1,3,1,2,4,2,1,1,1,3,1,2,2,2,3,3,2,1,3,2,4,4,1,2,4,2,1,1,4,2,4,4,3,3,2,1,2,3,2,1,1,1,2,3,3,4,2,1,4,2,3,2,2,4,4,1,1,2,3,1,2,3,4,2,1,2,1,2,1,4,2,2,3,3,1,4,2,1,2,3,1,1,4,1,3,3,1,2,4,1,4,1,2,1,1,1,2,2,3,3,1,1,4,2,2,4,2,1,1,2,2,1,2,4,3,2,3,3,4,4,1,4,4,3,2,4,3,1,1,3,2,4,2,2,1,1,4,4,2,1,1,3,3,3,3,1,3,2,2,2,2,1,1,3,2,4,4,1,2,3,3,2,3,2,4,3,2,4,4,2,1,4,2,3,2,4,4,2,1,4,4,2,2,4,1,2,4,2,2,1,2,3,3,3,4,4,4,1,3,3,1,1,2,3,4,4,2,3,4,3,2,3,1,3,2,3,2,4,3,3,3,2,2,3,1,1,1,2,1,1,3,4,3,2,1,4,3,3,4,4,3,2,4,2,1,3,3,2,4,3,3,1,4,4,2,4,2,4,3,2,3,1,4,3,3,2,2,1,1,2,3,3,4,4,2,1,1,3,1,1,3,2,3,4,1,3,1,4,2,4,1,1,1,3,3,4,2,1,2,3,4,2,2,3,1,1,4,4,2,4,3,2,4,4,1,1,2,3,3,4,1,4,3,3,3,2,4,2,2,1,1,1,3,3,1,4,1,3,4,2,3,1,2,1,2,2,4,2,3,4,4,2,3,4,4,4,2,2,2,1,2,2,1,4,2,1,2,1,4,3,1,4,4,4,4,3,1,3,1,4,4,1,4,2,3,3,1,3,4,1,2,1,1,2,2,2,1,2,4,1,4,2,4,3,4,2,3,4,2,2,2,3,2,1,4,3,2,1,1,3,1,4,4,3,1,4,3,4,1,1,3,1,3,2,1,3,1,1,2"
208,0.9882103016793987,0.2647058823529411,2433.0,"4,2,1,1,2,2,3,1,2,1,4,4,4,1,2,2,4,1,1,2,1,2,4,1,3,1,2,2,4,1,1,2,3,3,1,2,4,1,2,2,2,3,4,3,3,2,2,1,4,4,2,3,3,3,4,2,4,1,4,2,2,3,2,4,3,2,2,4,3,2,1,2,2,3,4,2,3,3,3,1,4,4,3,4,1,2,3,4,1,4,4,1,1,4,3,4,3,2,4,1,2,1,3,2,2,4,1,4,2,1,1,1,3,3,1,2,3,4,4,1,3,2,2,3,2,2,3,2,4,1,2,2,1,1,1,2,3,4,2,2,4,3,2,3,4,4,2,1,1,1,1,1,1,3,3,4,2,2,2,1,4,1,1,3,1,3,3,1,1,4,1,2,2,2,1,3,3,1,4,1,3,3,2,2,3,3,2,4,2,1,3,4,2,4,4,4,2,4,1,1,1,3,3,4,2,3,2,3,4,3,2,2,3,3,1,1,1,4,4,4,4,4,4,4,4,2,2,1,1,1,3,3,3,1,3,3,4,3,4,4,3,1,1,2,1,2,4,1,1,2,4,3,1,2,4,2,3,4,4,2,3,4,1,1,2,1,3,2,1,3,4,2,4,1,3,2,4,1,1,4,4,1,1,4,2,2,2,4,2,4,1,1,1,4,1,4,2,1,2,3,2,2,1,2,3,2,4,1,1,1,1,1,1,1,2,3,1,4,2,2,4,2,1,3,2,1,1,3,2,2,3,3,2,3,1,4,1,3,3,1,4,4,1,1,4,4,3,3,2,3,4,4,3,3,1,2,1,2,4,4,1,4,4,2,3,3,4,4,1,3,2,1,2,3,2,3,3,2,1,4,3,4,3,1,4,3,2,2,3,4,3,4,1,2,4,1,3,1,3,1,3,4,3,1,1,4,3,3,1,2,1,2,1,3,2,3,4,3,3,4,4,2,2,3,4,2,4,2,3,3,3,2,1,3,4,3,1,3,3,1,4,1,3,2,1,4,3,2,3,3,4,2,4,2,1,1,1,4,2,1,1,3,4,3,3,3,3,3,1,1,1,2,1,1,4,2,4,3,3,3,4,3,2,4,3,2,4,3,4,3,4,2,2,4,1,1,1,3,1,4,1,1,2,3,4,2,1,3,1,3,3,1,3,1,4,2,4,3,3,1,4,3,4,3,4,3,4,4,1,3,3,2,2,2,2,2,3,2,2,4,1,1,2,1,3,1,4,4,2,4,1,2,1,4,4,3,3,2,4,1,4,2,3,4,2,3,4,2,1,4,1,3,1,4,2,1,4,3,2,1,2,3,1,3,1,1,2,2,3,2,2,4,4,1,1,4,1,3,3,2,2,4,3,4,4,2,4,4,2,1,4,4,4,3,1,2,4,3,3,2,1,3,2,1,4,4,2,2,1,1,3,4,4,2,2,1,4,1,2,3,2,1,3,4,4,3,4,4,1,1,2,3,1,1,1,1,2,2,1,3,1,3,1,4,2,1,1,4,2,4,3,2,1,4,2,3,1,3,2,2,2,1,1,2,2,4,2,2,2,2,2,1,2,3,2,3,1,1,3,4,2,2,2,4,3,3,1,2,2,3,2,3,3,1,2,2,4,4,1,4,4,1,2,4,1,3,3,3,2,3,3,1,1,2,4,3,3,4,2,4,1,2,4,1,4,3,1,3,1,1,4,4,1,3,1,4,3,1,4,2,1,1,1,4,2,2,4,3,4,1,2,3,2,4,1,2,2,3,2,1,1,2,2,1,1,2,3,1,2,1,4,4,1,2,4,2,1,1,2,1,3,3,4,2,2,1,2,4,1,2,2,1,2,1,2,3,1,3,2,3,4,2,1,3,2,3,2,1,2,2,4,4,1,1,4,3,3,2,4,2,4,1,2,3,3,1,3,2,1,3,1,1,2,2,4,2,1,1,1,3,2,4,4,4,1,3,1,4,2,1,3,2,1,1,1,1,4,3,1,1,2,2,3,4,3,2,4,2,1,1,1,1,3,1,1,2,1,1,4,2,4,2,1,3,3,1,2,1,2,1,4,4,2,4,1,4,1,2,2,1,4,1,2,3,2,4,1,2,2,4,4,2,4,1,2,4,3,2,4,1,2,4,2,4,3,4,4,1,1,2,3,3,3,4,4,4,4,2,3,2,4,4,4,2,4,3,4,4,4,3,1,2,2,3,1,4,1,4,1,2,2,2,4,2,2,3,3,3,1,4,4,2,3,3,3,3,3,4,3,1,1,1,3,1,2,1,4,4,3,2,4,3,4,4,1,2,1,2,4,4,3,2,1,3,1,4,3,3,1,3,2,2,2,1,4,1,4,1,4,1,1,4,1,1,3,2,4,2,4,2,3,2,2,3,4,4,3,2,2,4,1,2,1,3,3,1,1,4,1,1,2,3,4,4,3,4,3,4,3,4,2,2,2,3,1,1,3,4,4,4,1,2,3,1,3,3,3,1,3,3,2,4,2,1,4,2,4,3,3,1,3,1,3,2,3,4,2,1,1,4,2,4,3,4,3,1,4,2,3,1,4,1,2,3,3,2,2,1,4,2,3,2,4,3,2,2,1,4,3,1,3,2,4,2,2,2,3,2,3,3,2,2,2,2,4,1,1,1,1,2,1,2,2,3,4,3,3,3,4,3,3,4,1,1,3,4,1,3,3,3,4,4,4,2,2,3,3,3,3,1,2,1,2,4,4,2,2,3,2,1,1,1,1,2,3,1,2,3,4,3,4,1,4,3,1,3,1,4,4,4,3,2,2,3,4,3,4,1,3,2,2,1,3,1,2,4,2,1,1,1,3,1,2,2,2,3,3,2,1,3,2,4,4,1,2,4,2,1,1,4,2,4,4,3,3,2,1,2,3,2,1,1,1,2,3,3,4,2,1,4,2,3,2,2,4,4,1,1,2,3,1,2,3,4,2,1,2,1,2,1,4,2,2,3,3,1,4,2,1,2,3,1,1,4,1,3,3,1,2,4,1,4,1,2,1,1,1,2,2,3,3,1,1,4,2,2,4,2,1,1,2,2,1,2,4,3,2,3,3,4,4,1,4,4,3,2,4,3,1,1,3,2,4,2,2,1,1,4,4,2,1,1,3,3,3,3,1,3,2,2,2,2,1,1,3,2,4,4,1,2,3,3,2,3,2,4,3,2,4,4,2,1,4,2,3,2,4,4,2,1,4,4,2,2,4,1,2,4,2,2,1,2,3,3,3,4,4,4,1,3,3,1,1,2,3,4,4,2,3,4,3,2,3,1,3,2,3,2,4,3,3,3,2,2,3,1,1,1,2,1,1,3,4,3,2,1,4,3,3,4,4,3,2,4,2,1,3,3,2,4,3,3,1,4,4,2,4,2,4,3,2,3,1,4,3,3,2,2,1,1,2,3,3,4,4,2,1,1,3,1,1,3,2,3,4,1,3,1,4,2,4,1,1,1,3,3,4,2,1,2,3,4,2,2,3,1,1,4,4,2,4,3,2,4,4,1,1,2,3,3,4,1,4,3,3,3,2,4,2,2,1,1,1,3,3,1,4,1,3,4,2,3,1,2,1,2,2,4,2,3,4,4,2,3,4,4,4,2,2,2,1,2,2,1,4,2,1,2,1,4,3,1,4,4,4,4,3,1,3,1,4,4,1,4,2,3,3,1,3,4,1,2,1,1,2,2,2,1,2,4,1,4,2,4,3,4,2,3,4,2,2,2,3,2,1,4,3,2,1,1,3,1,4,4,3,1,4,3,4,1,1,3,1,3,2,1,3,1,1,2"
209,0.9878091869639054,0.2941176470588236,4247.0,"4,2,1,1,2,2,10,1,2,1,4,4,4,1,12,2,4,1,4,2,1,8,4,1,3,1,2,2,14,1,1,4,3,3,10,2,4,1,2,4,1,2,2,2,15,2,3,4,6,9,4,12,3,2,1,4,2,2,1,7,4,4,5,1,3,3,7,2,1,4,10,6,4,4,1,4,4,1,3,4,2,1,4,1,11,3,1,2,15,2,1,7,2,2,3,4,1,1,4,1,2,2,3,2,4,1,2,3,4,3,2,1,8,3,1,3,3,4,10,1,3,9,2,3,8,3,5,8,7,1,2,2,1,1,1,6,3,4,11,2,1,13,2,3,4,4,2,1,1,1,1,1,1,3,3,4,2,2,6,1,4,1,1,3,14,3,3,1,1,4,1,2,2,2,1,2,3,1,4,1,3,2,8,2,3,2,1,14,4,1,4,2,3,3,3,3,2,3,1,4,1,4,1,8,4,4,1,14,2,12,2,1,2,1,3,7,2,1,2,1,4,4,3,2,3,11,3,2,4,3,3,2,2,1,1,3,1,3,3,11,2,1,2,3,2,2,3,2,3,3,3,4,1,14,3,2,1,1,4,2,3,4,1,7,2,4,3,2,1,3,4,2,4,1,3,2,4,1,1,12,4,1,15,4,11,2,2,10,2,4,1,1,1,4,1,4,2,1,2,3,2,2,1,2,3,3,4,1,1,13,1,1,1,1,2,14,1,4,14,2,13,2,5,3,2,10,14,3,2,2,11,3,2,3,1,4,2,4,2,1,1,2,3,1,4,2,2,3,10,2,13,2,4,2,6,1,1,10,4,3,14,2,1,3,3,3,3,4,9,4,13,4,4,3,2,13,4,3,2,3,2,4,2,3,3,2,5,1,1,1,1,4,2,3,1,2,3,1,2,2,1,1,2,2,4,1,2,3,4,3,3,2,2,1,1,4,3,2,1,4,3,1,3,3,3,2,15,2,4,3,3,1,1,2,3,13,11,3,2,7,7,2,2,1,3,3,2,1,2,4,2,4,1,3,4,4,4,10,2,3,1,3,15,2,13,1,2,2,4,2,3,2,1,1,12,1,1,11,1,3,2,2,8,3,1,3,4,9,4,1,12,1,3,1,1,2,3,1,13,2,11,2,4,4,2,1,3,1,1,3,1,4,1,4,3,3,4,1,4,2,8,15,4,4,4,2,1,3,1,3,3,3,1,1,2,4,9,1,11,11,4,15,2,3,10,4,1,3,10,1,3,5,3,2,3,3,2,1,2,2,3,4,3,13,1,2,3,1,5,1,9,2,3,4,2,1,4,3,2,12,2,3,1,3,1,2,1,1,1,1,2,1,3,2,2,4,1,12,12,2,2,4,3,4,4,2,12,4,2,5,4,4,4,8,1,2,4,3,9,2,1,3,2,1,5,4,15,2,12,1,3,4,15,7,2,1,4,1,8,3,2,1,3,4,4,3,4,4,5,1,11,3,8,1,2,1,2,2,1,3,1,3,1,1,2,6,1,15,2,4,15,2,1,4,2,3,1,3,4,2,2,2,1,2,2,2,2,2,2,8,2,1,2,3,2,10,1,1,3,4,7,2,9,4,2,3,1,2,2,3,7,3,3,1,2,9,4,4,4,12,4,1,2,4,1,11,9,3,13,11,3,1,1,2,4,3,3,3,3,3,6,7,4,3,3,2,2,1,1,4,4,1,12,2,2,2,2,1,1,1,1,1,1,4,2,2,3,4,4,6,2,3,2,4,1,2,2,3,2,1,1,2,2,6,1,2,3,1,2,1,3,14,1,2,4,2,1,4,2,1,10,13,4,2,2,1,2,4,5,2,2,1,2,1,2,3,1,3,2,6,4,2,2,3,2,3,2,14,2,2,4,10,1,1,12,3,7,7,4,12,4,7,2,3,3,5,3,2,1,4,1,1,2,2,4,2,1,1,1,3,7,12,9,4,5,3,1,4,2,8,4,14,7,1,13,1,4,3,1,1,2,2,12,4,3,2,4,2,14,1,1,1,3,1,1,2,1,1,4,14,4,2,1,3,3,1,2,1,2,1,4,9,2,3,3,4,3,1,1,1,4,3,3,3,1,3,4,2,3,2,11,4,2,10,3,11,3,1,2,1,1,3,2,14,2,3,2,4,1,4,2,9,2,2,2,3,2,15,4,1,1,2,1,1,1,2,1,2,10,2,1,13,1,1,2,1,11,10,2,4,8,1,4,4,3,4,2,3,12,7,2,1,2,3,3,6,3,9,3,1,13,1,3,1,2,1,4,3,3,2,4,7,4,4,1,2,3,2,4,4,3,2,1,3,1,4,3,3,1,3,2,5,2,1,7,1,9,1,4,1,1,4,1,1,3,2,4,2,4,2,3,2,8,3,4,4,3,2,2,4,1,2,1,3,3,1,1,8,1,1,2,3,4,4,3,1,1,2,2,4,7,1,4,2,13,4,3,4,3,2,1,3,2,2,2,10,1,13,2,12,3,2,1,2,3,4,3,1,3,4,2,4,3,11,1,1,8,1,2,4,2,11,4,7,11,1,8,2,3,1,15,14,2,3,3,1,4,2,6,3,2,3,1,1,2,5,1,2,10,3,3,1,12,2,9,2,3,2,3,3,2,14,2,2,4,11,1,1,1,4,3,2,1,4,2,2,15,1,1,1,3,4,3,1,3,15,13,1,3,12,4,4,11,2,2,3,3,3,3,6,2,1,2,4,4,2,2,3,2,13,11,1,1,2,3,1,2,3,4,3,4,1,2,3,1,3,1,4,4,4,3,2,12,3,4,3,4,1,3,4,2,8,3,1,2,10,2,1,1,1,13,2,5,2,12,3,14,2,1,5,2,4,4,1,2,4,2,1,8,4,2,4,4,3,6,2,1,2,3,2,1,1,1,2,3,3,7,2,1,4,2,3,2,2,4,4,1,1,2,3,7,2,3,4,2,1,2,2,2,1,4,2,11,3,3,1,4,2,1,2,3,1,12,4,1,14,3,1,2,4,1,4,2,2,1,1,1,2,2,3,3,3,1,4,2,1,4,2,1,1,2,9,1,2,4,4,6,3,3,4,4,1,4,15,3,2,4,3,1,1,3,2,4,2,2,1,1,11,4,2,13,1,3,5,3,3,1,3,7,2,2,2,1,8,3,2,4,4,1,2,3,1,3,14,1,3,1,4,1,1,6,1,3,13,2,2,4,1,1,4,1,4,3,2,1,1,2,3,1,1,1,4,2,3,4,3,2,15,3,1,9,14,2,3,1,2,10,10,3,3,7,1,2,11,1,1,1,2,4,2,1,9,2,9,1,1,2,1,2,1,2,3,3,3,2,4,3,3,1,1,8,2,3,1,4,4,4,3,2,4,3,2,1,3,9,1,2,11,1,2,3,3,3,4,2,7,3,2,3,1,1,1,1,14,1,2,1,2,2,3,9,2,4,3,1,2,5,4,1,4,2,4,4,4,1,4,1,2,1,1,3,6,4,2,2,1,2,2,4,1,2,4,3,2,3,9,1,2,11,3,3,2,9,2,4,1,4,2,1,1,4,1,1,4,4,2,14,2,4,3,2,2,4,3,2,3,15,2,4,3,4,1,8,1,2,4,4,10,2,8,1,2,2,1,4,14,1,9,9,6,2,1,11,4,1,2,1,2,1,5,7,2,1,11,1,2,4,4,3,4,1,2,1,1,2,2,2,2,12,4,4,3,3,2,4,2,3,13,3,2,2,2,1,4,1,10,2,1,1,1,8,2,3,2,3,1,4,3,4,1,13,3,1,13,2,1,3,9,1,2"
210,0.9859455047213229,0.5098039215686274,7228.0,"4,2,1,1,2,2,3,1,2,1,4,4,4,1,2,2,4,1,1,2,1,2,4,1,3,1,2,2,4,1,1,2,3,3,1,2,4,1,2,4,1,2,2,2,2,2,3,2,1,2,4,4,3,2,1,4,2,2,1,4,4,4,3,1,3,3,3,2,5,2,4,5,13,13,12,11,8,11,5,14,11,13,13,3,3,7,13,5,5,4,8,7,15,15,13,11,10,9,9,15,9,4,10,9,5,2,5,10,9,15,15,11,10,5,14,4,11,12,13,10,2,2,1,10,10,9,2,15,15,3,8,1,14,4,6,8,15,10,13,12,4,10,7,10,12,10,4,2,11,1,4,4,9,4,4,7,14,6,13,10,15,13,8,2,12,5,7,12,11,15,13,5,6,10,9,1,12,14,12,5,6,2,6,9,5,14,13,1,1,8,9,3,6,1,5,1,13,11,13,9,10,12,6,15,11,4,10,11,5,14,11,11,8,8,13,13,13,7,8,9,8,2,3,6,10,8,4,1,3,5,1,10,1,3,15,7,5,9,4,1,8,9,8,11,11,5,6,13,15,11,15,12,10,10,15,11,12,2,8,11,12,1,13,11,7,3,8,9,9,15,15,6,14,14,3,8,1,13,6,8,2,12,12,15,14,5,4,7,13,2,5,15,5,15,12,2,12,10,5,3,3,13,3,12,9,9,14,9,13,7,12,5,7,4,8,3,3,1,13,5,10,15,12,15,10,8,13,10,6,6,15,4,13,11,6,4,5,15,7,7,11,10,15,12,10,10,6,9,3,1,9,6,2,4,12,10,2,1,15,2,14,13,15,10,12,11,3,12,12,12,7,4,1,3,1,11,8,5,5,11,3,10,8,13,8,4,2,11,10,6,1,12,1,7,13,5,3,9,2,7,7,1,12,10,11,12,14,4,13,1,2,11,12,7,1,1,3,7,12,11,8,9,13,3,11,12,3,10,14,11,5,13,14,4,4,3,12,13,8,6,6,10,4,13,14,9,6,3,15,10,3,12,11,2,3,12,5,15,10,8,8,8,8,13,5,6,9,8,8,1,7,1,13,10,1,10,8,13,11,4,5,10,4,13,3,9,13,15,15,13,6,7,13,2,10,5,4,9,10,6,13,14,6,12,10,3,4,9,2,14,8,1,8,8,3,2,1,11,11,4,2,15,5,14,6,14,12,14,14,12,9,6,13,3,10,7,15,3,12,2,9,4,6,13,11,3,4,11,7,9,12,6,10,4,12,1,14,12,8,2,9,7,6,8,13,2,7,14,1,13,3,13,5,2,6,8,14,5,6,4,11,11,15,2,1,3,2,15,11,3,7,15,11,6,8,7,3,11,9,7,3,14,5,11,5,9,13,2,12,10,10,5,2,2,12,5,2,6,13,13,10,13,15,1,4,7,10,13,2,1,12,10,9,7,14,3,11,8,8,8,8,2,12,12,14,1,9,8,4,14,8,15,8,4,7,8,6,14,8,15,6,8,14,2,12,6,4,6,1,14,11,8,12,6,2,15,15,9,10,4,3,9,8,5,3,12,5,5,12,9,2,3,14,7,5,10,5,4,13,10,6,3,7,15,9,5,4,5,1,3,15,2,2,3,3,14,12,12,5,7,15,14,10,4,11,6,10,3,12,13,10,13,9,12,8,9,1,8,3,15,8,10,12,6,6,2,1,12,11,7,7,14,15,6,12,13,14,6,1,3,15,11,13,15,4,8,5,11,12,14,11,14,9,9,10,2,2,3,2,1,1,2,2,1,1,2,3,1,2,1,4,4,1,2,4,2,1,1,2,1,3,3,4,2,2,1,2,4,1,2,2,1,2,1,2,3,1,3,2,3,4,2,1,3,2,3,2,1,2,2,4,4,1,1,4,3,3,2,4,2,4,1,2,3,3,1,3,2,1,3,1,1,2,2,4,2,1,1,1,3,2,4,4,4,1,3,1,4,2,1,3,2,1,1,1,1,4,3,1,1,2,2,3,4,3,2,4,2,1,1,1,1,3,1,1,2,1,1,4,2,4,2,1,3,3,1,2,1,2,1,4,4,2,4,1,4,1,2,2,1,4,1,2,3,2,4,1,2,3,2,1,4,2,2,3,2,3,1,2,1,2,3,2,2,2,3,2,4,1,4,2,3,2,2,2,3,2,4,3,1,1,2,1,1,1,2,1,2,3,2,1,1,1,1,2,1,2,3,2,4,1,1,4,4,3,2,4,3,1,3,2,1,2,3,3,3,3,4,3,1,1,1,3,1,2,1,4,4,3,2,4,3,4,4,1,2,1,2,4,4,3,2,1,3,1,4,3,3,1,3,2,2,2,1,4,1,4,1,4,1,1,4,1,1,3,2,4,2,4,2,3,2,2,3,4,4,3,2,2,4,1,2,1,3,3,1,1,4,1,1,2,3,4,4,3,1,1,2,2,4,1,1,4,2,3,4,3,4,3,2,1,3,2,2,2,1,1,3,2,2,3,2,1,2,3,4,3,1,3,4,2,4,3,4,1,3,1,1,2,4,2,2,4,4,3,1,4,2,3,1,4,1,2,3,3,1,4,2,1,3,2,3,1,1,2,1,1,2,1,3,3,2,4,2,2,2,3,2,3,3,2,2,2,2,4,1,1,1,1,2,1,2,1,4,2,2,2,1,1,1,2,4,1,4,2,2,3,4,1,1,1,4,4,2,2,3,3,3,3,1,2,1,2,4,4,2,2,3,2,1,1,1,1,2,3,1,2,3,4,3,4,1,1,3,1,4,4,3,2,1,4,1,2,2,1,2,1,4,1,3,1,1,4,4,1,4,4,1,1,1,3,1,2,1,1,1,1,2,1,3,2,4,4,1,2,4,2,1,1,4,2,4,4,3,3,2,1,2,3,2,1,1,1,2,3,3,4,2,1,4,2,3,2,2,4,4,1,1,2,3,1,2,3,4,2,1,2,1,2,1,4,2,2,3,3,1,4,2,1,2,3,1,1,4,1,3,3,1,2,4,1,4,1,2,1,1,1,2,2,3,3,1,1,4,2,2,4,2,1,1,2,2,1,2,4,3,2,3,3,4,4,1,4,4,3,2,4,3,1,1,3,2,4,2,2,1,1,4,4,2,1,1,3,3,3,3,1,3,2,2,2,2,1,1,3,2,4,4,1,2,3,1,3,1,1,3,1,4,1,1,2,1,3,1,2,2,4,1,1,4,1,4,4,2,1,1,2,3,1,1,1,1,2,3,4,3,2,3,3,1,2,4,2,3,1,2,2,2,4,3,2,2,2,4,1,1,1,2,4,2,1,4,2,1,4,1,3,1,2,1,2,1,3,1,2,7,3,6,1,1,6,2,1,12,12,15,4,12,2,4,3,8,1,3,4,10,2,2,4,2,15,3,3,4,2,1,3,2,10,10,1,1,1,2,1,12,2,10,7,9,11,12,5,8,7,3,14,1,2,11,5,3,11,9,9,10,15,9,13,2,3,11,15,5,15,1,5,13,12,5,8,2,8,13,11,1,2,1,10,15,10,15,2,5,10,12,10,7,5,6,4,9,9,1,5,11,14,4,7,15,4,14,11,13,10,15,2,3,6,1,11,4,2,2,13,15,11,10,15,11,15,4,7,12,2,1,12,3,6,10,7,7,7,4,1,4,4,5,3,9,4,11,8,1,15,13,13,8,1,10,1,6,14,1,12,14,14,15,13,15,14,13,11,12,14,13,5,7,14,2,2,2,3,2,1,3,2,1,1,1,3,1,3,2,3,1,4,3,4,1,1,3,1,3,2,1,3,1,1,2"
